,Sample Name,Latitude,Longitude,Sampling Year,PFPrA,PFBA,PFPeA,PFHxA,PFHpA,PFOA,PFNA,PFDA,PFU0A,PFDoDA,PFTrDA,PFTeDA,PFHxDA,PFOcDA,PFPrS,PFEtS,PFBS,PFPeS,PFHxS,PFHpS,PFOS,PFNS,PFDS,PFUdS,PFDoS,PFTrDS,FBSA,FHxSA,FHpSA,FOSA,FDSA,MeFBSA,MeFOSA,EtFOSA,FOSAA,MeFOSAA,EtFOSAA,3:3 Acid,4:3 Acid,5:3 Acid,7:3 Acid,6:2 FTCA,8:2 FTCA,10:2 FTCA,6:2 FTUCA,8:2 FTUCA,10:2 FTUCA,4:2 FTSA,6:2 FTSA,8:2 FTSA,10:2 FTSA,6:6 PFPi,6:8 PFPi,8:8 PFPi,PFHxPA,PFOPA,PFECHS,Gen-X,ADONA,6:2 Cl-PFESA,8:2 Cl-PFESA,PFMPA,PFMBA,"3,6-OPFHpA",PFEESA,PFHxSAm,PFOSAm,PFHxSAmS,PFOSAmS,PFOANO,PFOSNO,PFOAB,PFOSB,5:3 FTB,5:1:2 FTB,6:2 FTAB,Cl-PFOS
1,Rivi?re ? la Tortue ? Delson,45.3922,-73.5381,2018,0,4.72,2.66,2.32,1.38,1.35,0.34,0.086,0,0,0,0,0,0,0.14,0,0.64,0.05,0.26,0,0.97,0,0,0,0,0,0.07,0,0,0.13,0,0,0,0,0,0,0,0,0,0,0,0,0,0,0,0,0,0,0,0,0,0,0,0,0,0,0.1,0,0,0,0,0,0,0,0,0,0,0,0,0,0,0,0,0,0,0,0
2,Rivi?re Batiscan ? Sainte-Genevi?ve-de-Batiscan,46.5288,-72.3335,2018,0,0.52,0.14,0.14,0.28,0.26,0.13,0,0,0,0,0,0,0,0,0,0.05,0,0,0,0.14,0,0,0,0,0,0,0,0,0,0,0,0,0,0,0,0,0,0,0,0,0,0,0,0,0,0,0,0,0,0,0,0,0,0,0,0,0,0,0,0,0,0,0,0,0,0,0,0,0,0,0,0,0,0,0,0
3,Rivi?re Bayonne ? Sainte-Genevi?ve-de-Berthier,46.0945,-73.226,2018,0,1.26,0.94,1.06,1.71,0.81,1.49,0.065,0.18,0,0,0,0,0,0,0,0.32,0.02,0.15,0,0.56,0,0,0,0,0,0.04,0,0,0.07,0,0,0,0,0,0,0,0,0,0,0,0,0,0,0,0,0,0,0,0,0,0,0,0,0,0,0,0,0,0,0,0,0,0,0,0,0,0,0,0,0,0,0,0,0.02,0,0
4,Rivi?re B?cancour ? B?cancour,46.352672,-72.438619,2018,0,1.35,0.82,0.97,0.67,0.97,0.22,0.035,0,0,0,0,0,0,0,0,0.24,0.02,0.09,0,0.33,0,0,0,0,0,0.03,0,0,0.07,0,0,0,0,0,0,0,0,0,0,0,0,0,0,0,0,0,0,0.41,0,0,0,0,0,0,0,0,0,0,0,0,0,0,0,0,0,0,0,0,0,0,0,0,0,0,0,0
5,Rivi?re Boyer ? Saint-Vallier,46.884275,-70.859119,2018,0,2.72,1.85,1.87,1.25,1.62,0.48,0.082,0.08,0,0,0,0,0,0.07,0,0.64,0.09,0.55,0.03,2.18,0,0,0,0,0,0.05,0,0,0,0,0,0,0,0,0,0,0,0,0,0,0,0,0,0,0,0,0,0,0,0,0,0,0,0,0,0.36,0,0,0,0,0,0,0,0,0,0,0,0,0,0,0,0,0,0.02,0,0
6,Rivi?re Ch?teauguay ? Ch?teauguay,45.3814,-73.7562,2018,0,1.25,0.63,0.74,0.52,0.79,0.2,0.075,0,0,0,0,0,0,0,0,0.25,0.02,0.12,0,0.35,0,0,0,0,0,0.04,0,0,0.06,0,0,0,0,0,0,0,0,0,0,0,0,0,0,0,0,0,0,0,0,0,0,0,0,0,0,0,0,0,0,0,0,0,0,0,0,0,0,0,0,0,0,0,0,0,0,0
7,Rivi?re Chaudi?re ? L?vis,46.714483,-71.280997,2018,0,1.93,1.18,1.21,0.89,1.13,0.36,0.096,0,0,0,0,0,0,0,0,0.26,0.02,0.07,0,0.45,0,0,0,0,0,0,0,0,0,0,0,0,0,0,0,0,0,0,0,0,0,0,0,0,0,0,0,0,0,0,0,0,0,0,0,0,0,0,0,0,0,0,0,0,0,0,0,0,0,0,0,0,0,0,0,0
8,Rivi?re Du Loup ? Louiseville,48.39964,-71.0423,2018,0,1.05,0.54,0.66,0.31,0.35,0.32,0.034,0,0,0,0,0,0,0,0,0.1,0,0.03,0,0.22,0,0,0,0,0,0,0,0,0,0,0,0,0,0,0,0,0,0,0,0,0,0,0,0,0,0,0,0,0,0,0,0,0,0,0,0,0,0,0,0,0,0,0,0,0,0,0,0,0,0,0,0,0,0,0,0
9,Rivi?re Des Mille-Iles ? Laval,45.5406,-73.8808,2018,0,1.41,0.72,0.75,0.88,0.49,0.17,0,0,0,0,0,0,0,0,0,0.21,0.03,0.25,0,0.59,0,0,0,0,0,0,0,0,0,0,0,0,0,0,0,0,0,0,0,0,0,0,0,0,0,0,0,0,0,0,0,0,0,0,0,0,0,0,0,0,0,0,0,0,0,0,0,0,0,0,0,0,0,0.14,0,0
10,Rivi?re Des Prairies ? Montr?al,45.5343,-73.7266,2018,0,1.42,0.28,0.31,0.47,0.44,0.16,0.037,0,0,0,0,0,0,0,0,0.11,0.01,0.06,0,0.28,0,0,0,0,0,0,0,0,0.11,0,0,0,0,0,0,0,0,0,0,0,0,0,0,0,0,0,0,0,0,0,0,0,0,0,0,0,0,0,0,0,0,0,0,0,0,0,0,0,0,0,0,0,0,0,0,0
11,Rivi?re Jacques-Cartier ? Donnacona,46.68146,-71.742,2018,0,0.45,0.11,0.13,0.23,0.21,0.11,0,0,0,0,0,0,0,0,0,0.05,0.02,0.07,0,0.24,0,0,0,0,0,0,0,0,0,0,0,0,0,0,0,0,0,0,0,0,0,0,0,0,0,0,0,0,0,0,0,0,0,0,0,0,0,0,0,0,0,0,0,0,0,0,0,0,0,0,0,0,0,0,0,0
12,Rivi?re L'Assomption ? Repentigny,45.7553,-73.46352,2018,4.92,1.78,1.16,1.8,0.8,1.17,0.29,0.112,0.07,0,0,0,0,0,0.05,0,0.71,0.04,0.29,0,0.96,0,0,0,0,0,0,0,0,0.14,0,0,0,0,0,0,0,0,0,0,0,0,0,0,0.18,0,0,0,0,0,0,0,0,0,0,0,0,0,0,0,0,0,0,0,0,0,0,0,0,0,0,0,0,0,0,0,0
13,Rivi?re Mascouche ? Terrebonne,NA,NA,2018,0,3.49,7.24,5.46,6.18,2.14,0.35,0.048,0,0,0,0,0,0,0.41,0,1.04,0.28,2.39,0.06,2.26,0,0,0,0,0,0.09,0.08,0,0,0,0,0,0,0,0,0,0,0,0,0,0,0,0,0,0,0,0,0,0,0,0,0,0,0,0,0.1,0,0,0,0,0,0,0,0,0,0,0.04,0,0,0,0,0,0.3,1.72,0.44,0
14,Rivi?re Maskinong? ? Maskinong?,46.22814,-73.01597,2018,0,0.81,0.22,0.68,0.43,0.4,0.24,0.036,0.06,0,0,0,0,0,0,0,0.08,0,0.03,0,0.18,0,0,0,0,0,0.03,0,0,0.31,0,0,0,0,0,0,0,0,0,0,0,0,0,0,0,0,0,0,0,0,0,0,0,0,0,0,0,0,0,0,0,0,0,0,0,0,0,0,0,0,0,0,0,0,0,0,0
15,Rivi?re Nicolet ? Nicolet,46.2275,-72.62389,2018,0,2.04,2.16,1.99,1.01,1.24,0.17,0.043,0,0,0,0,0,0,0.05,0,0.39,0.04,0.19,0,0.55,0,0,0,0,0,0.05,0,0,0.18,0,0,0,0,0,0,0,0,0,0,0,0,0,0,0,0,0,0,0,0,0,0,0,0,0,0,0,0,0,0,0,0,0,0,0,0,0,0,0,0,0,0,0,0,0,0,0
16,Rivi?re Richelieu ? Sorel-Tracy,46.019605,-73.132377,2018,0,1.67,1.09,1.2,1.1,1.29,0.32,0.062,0,0,0,0,0,0,0.04,0,0.48,0.06,0.54,0.02,0.94,0,0,0,0,0,0.36,0,0,0,0,0,0,0,0,0,0,0,0,0,0,0,0,0,0,0,0,0,0,0,0,0,0,0,0,0,0,0,0,0,0,0,0,0,0,0,0,0,0,0,0,0,0,0,0.1,0,0
17,Rivi?re Saint-Charles ? Qu?bec,46.8199,-71.22,2018,0,1.06,0.95,0.74,0.77,0.46,0.07,0,0,0,0,0,0,0,0,0,0.21,0.02,0.12,0,0.3,0,0,0,0,0,0,0,0,0,0,0,0,0,0,0,0,0,0,0,0,0,0,0,0,0,0,0,0,0,0,0,0,0,0,0,0,0,0,0,0,0,0,0,0,0,0,0,0,0,0,0,0,0,0,0,0
18,Rivi?re Sainte-Anne ? Sainte-Anne-de-la-P?rade,46.571331,-72.206231,2018,0,0.75,0.15,0.16,0.18,0.24,0.1,0.036,0,0,0,0,0,0,0,0,0.04,0,0,0,0.12,0,0,0,0,0,0,0,0,0.07,0,0,0,0,0,0,0,0,0,0,0,0,0,0,0,0,0,0,0,0,0,0,0,0,0,0,0,0,0,0,0,0,0,0,0,0,0,0,0,0,0,0,0,0,0,0,0
19,Rivi?re Saint-Fran?ois ? Pierreville,46.06687,-72.81258,2018,0,1.36,2.06,2.14,1.08,1.75,0.29,0.118,0,0,0,0,0,0,0.05,0,0.97,0.04,0.2,0,0.82,0,0,0,0,0,0.05,0,0,0.1,0,0,0,0,0,0,0,0,0,0,0,0,0,0,0,0,0,0,0,0,0,0,0,0,0,0,0,0,0,0,0,0,0,0,0,0,0,0,0,0,0,0,0,0,0.04,0,0
20,Rivi?re Saint-Jacques ? Brossard,NA,NA,2018,1.59,4.09,7.06,7.16,6.76,1.8,0.33,0.166,0,0,0,0,0,0,0.16,0,0.63,0.06,0.58,0,1.37,0,0,0,0,0,0.21,0,0,0.18,0,0,0,0,0,0,0,0,0,0,0,0,0,0,0,0,0,0,3.78,0,0,0,0,0,0,0,0.14,0,0,0,0,0,0,0,0,0,0,0.17,0,0,0,0,0,0,0.16,54.78,0
21,Rivi?re Saint-Maurice ? Trois-Rivi?res,46.3647,-72.5521,2018,0,3.09,0.16,0.27,0.36,0.41,0.18,0.054,0,0,0,0,0,0,0,0,0.05,0,0.02,0,0.15,0,0,0,0,0,0,0,0,0.07,0,0,0,0,0,0,0,0,0,0,0,0,0,0,0.23,0,0,0,0,0,0,0,0,0,0,0,0,0,0,0,0,0,0,0,0,0,0,0,0,0,0,0,0,0,0,0,0
22,Rivi?re Saint-R?gis ? Sainte-Catherine,45.3993,-73.5639,2018,4.55,10.21,3.03,4.98,1.54,1.73,0.35,0.087,0,0,0,0,0,0,0.05,0,2.01,0.06,0.39,0.02,1.34,0,0.02,0,0,0,0.44,0,0,0.16,0,0,0,0,0,0,0,0,0,0,0,0,0,0,0,0,0,0,0,0,0,0,0,0,0,0,0.18,0,0,0,0,0,0,0,0,0,0,0,0,0,0,0,0,0,0,0,0
23,Rivi?re Yamaska ? Yamaska,46.0052,-72.9121,2018,1.41,4.16,3.56,4.43,1.99,3.8,0.39,0.126,0,0,0,0,0,0,0.35,0,2.16,0.3,1,0.11,3.79,0,0,0,0,0,0.23,0.04,0,3.27,0,0,0,0,0,0,0,0,0,0,0,0,0,0,0,0,0,0,0,0,0,0,0,0,0,0,0.06,0,0,0,0,0,0,0,0,0,0,0,0,0,0,0,0,0,0,0,0
24,Petite Rivi?re Du Ch?ne ? Leclercville,NA,NA,2018,0,1.39,0.61,0.37,0.42,0.5,0.12,0,0,0,0,0,0,0,0,0,0.27,0.01,0.04,0,0.2,0,0,0,0,0,0,0,0,0.09,0,0,0,0,0,0,0,0,0,0,0,0,0,0,0,0,0,0,0,0,0,0,0,0,0,0,0,0,0,0,0,1.38,0,0,0,0,0,0,0,0,0,0,0,0,0,0,0
25,BOU1,45.64867,-73.48136,2018,0.214,2.554,1.363,1.366,0.944,1.925,0.253,0.05,0,0,0,0,0,0,0.08,0,0.592,0.13,0.757,0.042,2.916,0,0,0,0,0,0.098,0,0,0.073,0,0,0,0,0,0,0,0,0,0,0,0,0,0,0,0,0,0,0,0,0,0,0,0,0,0,0.577,0,0,0,0,0,0,0,0,0,0,0,0,0,0,0,0,0,0,0,0
26,BOU2,45.644183,-73.466233,2018,0,2.3,1.24,1.38,0.89,1.8,0.27,0.052,0,0,0,0,0,0,0.07,0,0.51,0.12,0.69,0.04,2.66,0,0.01,0,0,0,0.17,0,0,0,0,0,0,0,0,0,0,0,0,0,0,0,0,0,0,0,0,0,0,0.04,0,0,0,0,0,0,0.54,0,0,0,0,0,0,0,0,0,0,0,0,0,0,0,0,0,0,0,0
27,BOU3,45.64645,-73.4526,2018,0,2.51,1.31,1.48,0.93,2.01,0.28,0.049,0,0,0,0,0,0,0.07,0,0.6,0.12,0.73,0.05,2.12,0,0,0,0,0,0.16,0,0,0.09,0,0,0,0,0,0,0,0,0,0,0,0,0,0,0,0,0,0,0,0,0,0,0,0,0,0,0.52,0,0,0,0,0,0,0,0,0,0,0,0,0,0,0,0,0,0,0,0
28,CHA1,45.436939,-73.787239,2018,0,2.02,1.02,1,0.79,1.24,0.18,0.04,0,0,0,0,0,0,0.06,0,0.43,0.08,0.48,0.03,1.88,0,0,0,0,0,0,0,0,0.05,0,0,0,0,0,0,0,0,0,0,0,0,0,0,0,0,0,0,0,0,0,0,0,0,0,0,0.34,0,0,0,0,0,0,0,0,0,0,0,0,0,0,0,0,0,0,0,0
29,CHA2,45.419406,-73.777672,2018,0,2.18,1.29,1.37,0.91,1.77,0.24,0.043,0,0,0,0,0,0,0.07,0,0.59,0.12,0.67,0.03,2.49,0,0,0,0,0,0.07,0,0,0.06,0,0,0,0,0,0,0,0,0,0,0,0,0,0,0,0,0,0,0,0,0,0,0,0,0,0,0.5,0,0,0,0,0,0,0,0,0,0,0,0,0,0,0,0,0,0,0,0
30,CHA3,45.403089,-73.768933,2018,0,2.24,1.21,1.3,0.87,1.74,0.22,0.062,0,0,0,0,0,0,0.08,0,0.56,0.11,0.67,0.04,2.42,0,0,0,0,0,0.06,0,0,0.17,0,0,0,0,0,0,0,0,0,0,0,0,0,0,0,0,0,0,0,0.04,0,0,0,0,0,0,0.45,0,0,0,0,0,0,0,0,0,0,0,0,0,0,0,0,0,0,0,0
31,CON1,45.845717,-73.310067,2018,0,1.88,1.08,1.04,0.73,1.31,0.24,0.05,0,0,0,0,0,0,0,0,0.41,0.07,0.49,0.02,1.96,0,0,0,0,0,0.09,0,0,0,0,0,0,0,0,0,0,0,0,0,0,0,0,0,0,0,0,0,0,0.07,0,0,0,0,0,0,0.31,0,0,0,0,0,0,0,0,0,0,0,0,0,0,0,0,0,0,0,0
32,CON2,45.8538,-73.27965,2018,0,2.166,1.23,1.341,0.883,1.771,0.267,0.059,0,0,0,0,0,0,0.071,0,0.517,0.113,0.688,0.036,2.586,0,0,0,0,0,0.128,0,0,0.095,0,0,0,0,0,0,0,0,0,0,0,0,0,0,0,0,0,0,0,0,0,0,0,0,0,0,0.505,0,0,0,0,0,0,0,0,0,0,0,0,0,0,0,0,0,0,0,0
33,CON3,45.850167,-73.269167,2018,0,2.35,1.31,1.61,1,2.22,0.34,0.062,0,0,0,0,0,0,0.09,0,0.61,0.13,0.81,0.05,2.97,0,0.01,0,0,0,0.15,0,0,0.07,0,0,0,0,0,0,0,0,0,0,0,0,0,0,0,0,0,0.05,0,0.08,0,0,0,0,0,0,0.6,0,0,0,0,0,0,0,0,0,0,0,0,0,0,0,0,0,0,0,0
34,IRQ1,44.581117,-75.679583,2018,0,2.65,1.35,1.58,0.86,1.72,0.26,0.035,0,0,0,0,0,0,0.07,0,0.67,0.16,0.79,0.05,2.77,0,0.04,0,0,0,0.21,0,0,0.08,0,0,0,0,0,0,0,0,0,0,0,0,0,0,0,0,0,0,0,0,0,0,0,0,0,0,0.62,0,0,0,0,0,0,0,0,0,0,0,0,0,0,0,0,0,0,0,0
35,IRQ1v5,44.736,-75.456472,2018,0,2.52,1.23,1.48,0.98,1.86,0.25,0.047,0,0,0,0,0,0,0.07,0,0.47,0.13,0.72,0.04,2.35,0,0,0,0,0,0.18,0,0,0.17,0,0,0,0,0,0,0,0,0,0,0,0,0,0,0,0,0,0,0,0,0,0,0,0,0,0,0.54,0,0,0,0,0,0,0,0,0,0,0,0,0,0,0,0,0,0,0,0
36,IRQ2,44.81975,-75.315517,2018,0,2.4,1.25,1.47,0.91,1.94,0.26,0.044,0,0,0,0,0,0,0.07,0,0.53,0.14,0.74,0.05,2.79,0,0,0,0,0,0.15,0.03,0,0.11,0,0,0,0,0,0,0,0,0,0,0,0,0,0,0,0,0,0,0,0,0,0,0,0,0,0,0.6,0,0,0,0,0,0,0,0,0,0,0,0,0,0,0,0,0,0.03,0,0
37,LSF2,45.20903,-74.23228,2018,0,2.43,1.33,1.52,1.04,1.98,0.26,0.052,0,0,0,0,0,0,0.08,0,0.48,0.12,0.73,0.04,2.62,0,0,0,0,0,0.24,0.03,0,0.08,0,0,0,0,0,0,0,0,0,0,0,0,0,0,0,0,0,0,0,0,0,0,0,0,0,0,0.57,0,0,0,0,0,0,0,0,0,0,0,0,0,0,0,0,0,0,0,0
38,LSF4,45.041783,-74.575214,2018,0,2.27,1.29,1.46,0.93,2.04,0.3,0.057,0,0,0,0,0,0,0.08,0,0.5,0.13,0.76,0.05,2.51,0,0,0,0,0,0.15,0.04,0,0.07,0,0,0,0,0,0,0,0,0,0,0,0,0,0,0,0,0,0,0,0,0,0,0,0,0,0,0.59,0,0,0,0,0,0,0,0,0,0,0,0,0,0,0,0,0,0.02,0,0
39,LSL1B,NA,NA,2018,0,2.27,1.04,1.11,0.84,1.55,0.21,0.038,0,0,0,0,0,0,0.07,0,0.43,0.1,0.56,0.03,2.18,0,0,0,0,0,0.1,0,0,0,0,0,0,0,0,0,0,0,0,0,0,0,0,0,0,0,0,0,0,0,0,0,0,0,0,0,0.42,0,0,0,0,0,0,0,0,0,0,0,0,0,0,0,0,0,0,0,0
40,LSL3,NA,NA,2018,0,2,1.31,1.52,0.9,1.96,0.26,0.046,0,0,0,0,0,0,0.07,0,0.58,0.14,0.7,0.04,2.36,0,0,0,0,0,0.15,0.03,0,0.07,0,0,0,0,0,0,0,0,0,0,0,0,0,0,0,0,0,0,0,0,0,0,0,0,0,0,0.57,0,0,0,0,0,0,0,0,0,0,0,0,0,0,0,0,0,0,0,0
41,LSPA1,NA,NA,2018,0,2,1.16,1.26,0.89,1.57,0.24,0.046,0,0,0,0,0,0,0.06,0,0.52,0.11,0.68,0.03,2.45,0,0,0,0,0,0.06,0,0,0.05,0,0,0,0,0,0,0,0,0,0,0,0,0,0,0,0,0,0,0,0,0,0,0,0,0,0,0.45,0,0,0,0,0,0,0,0,0,0,0,0,0,0,0,0,0,0,0,0
42,LSPA2,NA,NA,2018,0,2.02,1.2,1.34,0.86,1.62,0.22,0.043,0,0,0,0,0,0,0.07,0,0.55,0.1,0.64,0.04,2.53,0,0,0,0,0,0.09,0,0,0.08,0,0,0,0,0,0,0,0,0,0,0,0,0,0,0,0,0,0,0,0,0,0,0,0,0,0,0.48,0,0,0,0,0,0,0,0,0,0,0,0,0,0,0,0,0,0,0,0
43,LSPA3,46.256587,-72.694571,2018,0,2.21,1.31,1.39,1,1.68,0.25,0.049,0,0,0,0,0,0,0.08,0,0.65,0.08,0.44,0.03,2.1,0,0,0,0,0,0.08,0,0,0.07,0,0,0,0,0,0,0,0,0,0,0,0,0,0,0,0,0,0,0,0,0,0,0,0,0,0,0.24,0,0,0,0,0,0,0,0,0,0,0,0,0,0,0,0,0,0.02,0,0
44,LSPM1,46.22665,-72.854883,2018,0,2,1.25,1.15,0.78,1.59,0.25,0.042,0,0,0,0,0,0,0.07,0,0.49,0.09,0.58,0.03,2.24,0,0,0,0,0,0.06,0,0,0.06,0,0,0,0,0,0,0,0,0,0,0,0,0,0,0,0,0,0,0,0,0,0,0,0,0,0,0.4,0,0,0,0,0,0,0,0,0,0,0,0,0,0,0,0,0,0,0,0
45,LSPM2,46.204067,-72.824783,2018,0,2.307,1.205,1.382,0.871,1.842,0.275,0.046,0,0,0,0,0,0,0.072,0,0.526,0.11,0.703,0.038,2.635,0,0,0,0,0,0.119,0,0,0.065,0,0,0,0,0,0,0.342,0,0,0,0,0,0,0,0,0,0,0,0,0,0,0,0,0,0,0,0.508,0,0,0,0,0,0,0,0,0,0,0,0,0,0,0,0,0,0,0,0
46,LSPM3,46.183033,-72.799467,2018,0,2.32,1.32,1.43,0.92,2.08,0.34,0.065,0,0,0,0,0,0,0.08,0,0.54,0.11,0.76,0.04,2.81,0,0.01,0,0,0,0.16,0.04,0,0.07,0,0,0,0,0,0,0,0,0,0,0,0,0,0,0,0,0,0,0,0,0,0,0,0,0,0,0.54,0,0,0,0,0,0,0,0,0,0,0,0,0,0,0,0,0,0,0,0
47,ONT1,44.1941,-76.577883,2018,0,2.265,1.275,1.495,0.815,1.784,0.186,0,0,0,0,0,0,0,0.08,0,0.488,0.163,0.924,0.055,2.521,0,0,0,0,0,0.19,0,0,0,0,0,0,0,0,0,0,0,0,0,0,0,0,0,0,0,0,0,0,0,0,0,0,0,0,0,0.689,0,0,0,0,0,0,0,0,0,0,0,0,0,0,0,0,0,0,0,0
48,ONT2,44.237683,-76.39835,2018,0,2.53,1.22,1.43,0.84,2.08,0.32,0.073,0,0,0,0,0,0,0.07,0,0.45,0.11,0.65,0.04,2.64,0,0.01,0,0,0,0.11,0.04,0,0.05,0,0,0,0,0,0,0,0,0,0,0,0,0,0,0,0,0,0,0,0,0,0,0,0,0,0,0.54,0,0,0,0,0,0,0,0,0,0,0,0,0,0,0,0,0,0,0,0
49,REP1,45.744983,-73.43195,2018,0,1.67,0.85,0.86,0.69,0.98,0.25,0.055,0,0,0,0,0,0,0,0,0.38,0.05,0.33,0,1.26,0,0,0,0,0,0,0,0,0,0,0,0,0,0,0,0,0,0,0,0,0,0,0,0,0,0,0,0,0,0,0,0,0,0,0,0.17,0,0,0,0,0,0,0,0,0,0,0,0,0,0,0,0,0,0.02,0,0
50,REP1v5,45.8221,-73.359961,2018,0,1.92,0.82,1,0.79,1.43,0.27,0.063,0,0,0,0,0,0,0.05,0,0.39,0.08,0.48,0.02,1.99,0,0,0,0,0,0.07,0,0,0,0,0,0,0,0,0,0,0,0,0,0,0,0,0,0,0,0,0,0,0,0,0,0,0,0,0,0.32,0,0,0,0,0,0,0,0,0,0,0,0,0,0,0,0,0,0,0,0
51,REP4,45.736033,-73.411833,2018,0,2.42,1.27,1.4,0.96,1.96,0.31,0.066,0,0,0,0,0,0,0.08,0,0.6,0.13,0.71,0.05,3.38,0,0,0,0,0,0.1,0,0,0,0,0,0,0,0,0,0,0,0,0,0,0,0,0,0,0,0,0,0,0.05,0,0,0,0,0,0,0.6,0,0,0,0,0,0,0,0,0,0,0,0,0,0,0,0,0,0,0,0
52,SORAM1,46.073983,-73.088683,2018,0,1.82,1.04,1.25,0.89,1.46,0.25,0.055,0,0,0,0,0,0,0.06,0,0.45,0.12,0.56,0.03,2.23,0,0.01,0,0,0,0.1,0,0,0.08,0,0,0,0,0,0,0,0,0,0,0,0,0,0,0,0,0,0,0,0,0,0,0,0,0,0,0.39,0,0,0,0,0,0,0,0,0,0,0,0,0,0,0,0,0,0,0,0
53,SORAM2,46.067283,-73.07645,2018,0,2.03,1.27,1.36,0.81,1.6,0.23,0.046,0,0,0,0,0,0,0.08,0,0.45,0.1,0.63,0.04,2.47,0,0,0,0,0,0.09,0,0,0.17,0,0,0,0,0,0,0,0,0,0,0,0,0,0,0,0,0,0,0,0,0,0,0,0,0,0,0.46,0,0,0,0,0,0,0,0,0,0,0,0,0,0,0,0,0,0,0,0
54,SORAM3,46.06175,-73.0656,2018,0,3.16,1.11,1.45,0.79,2.15,0.34,0.092,0,0,0,0,0,0,0.07,0,0.48,0.11,0.7,0.04,3.11,0,0.02,0,0,0,0.1,0.03,0,0.07,0,0,0,0,0.11,0,0,0,0,0,0,0,0,0,0,0,0,0,0,0,0,0,0,0,0,0,0.46,0,0,0,0,0,0,0,0,0,0,0,0,0,0,0,0,0,0.03,0,0
55,SORAV2,NA,NA,2018,0,2.25,1.27,1.43,0.97,1.9,0.31,0.07,0,0,0,0,0,0,0.08,0,0.55,0.11,0.72,0.04,2.72,0,0,0,0,0,0.09,0,0,0.08,0,0,0,0,0,0,0,0,0,0,0,0,0,0,0,0,0,0,0,0,0,0,0,0,0,0,0.48,0,0,0,0,0,0,0,0,0,0,0,0,0,0,0,0,0,0,0,0
56,SORAV3,NA,NA,2018,0,2.57,1.25,1.39,0.94,1.7,0.23,0.036,0,0,0,0,0,0,0.06,0,0.56,0.1,0.7,0.03,2.4,0,0,0,0,0,0.08,0,0,0.05,0,0,0,0,0,0,0,0,0,0,0,0,0,0,0,0,0,0,0,0,0,0,0,0,0,0,0.47,0,0,0,0,0,0,0,0,0,0,0,0,0,0,0,0,0,0,0,0
57,STA1,46.57575,-72.098125,2018,0,2.162,1.07,1.126,0.823,1.432,0.217,0.053,0,0,0,0,0,0,0.061,0,0.493,0.085,0.554,0.029,2.053,0,0,0,0,0,0.058,0,0,0,0,0,0,0,0,0,0,0,0,0,0,0,0,0,0,0,0,0,0,0,0,0,0,0,0,0,0.368,0,0,0,0,0,0,0,0,0,0,0,0,0,0,0,0,0,0,0,0
58,STA2,46.569129,-72.098872,2018,0,2.27,1.25,1.3,0.91,1.8,0.24,0.04,0,0,0,0,0,0,0.07,0,0.57,0.1,0.72,0.04,2.7,0,0.01,0,0,0,0.07,0,0,0.06,0,0,0,0,0,0,0,0,0,0,0,0,0,0,0,0,0,0,0,0,0,0,0,0,0,0,0.5,0,0,0,0,0,0,0,0,0,0,0,0,0,0,0,0,0,0,0,0
59,STA3,46.562646,-72.10002,2018,0.81,7.49,1.23,1.7,0.92,2.22,0.34,0.115,0,0,0,0,0,0,0.06,0,0.47,0.09,0.63,0.04,2.89,0,0,0,0,0,0.1,0.03,0,0.15,0,0,0,0,0,0,0,0,0,0,0,0,0,0,0.41,0,0,0,0,0.07,0,0,0,0,0,0,0.39,0,0,0,0,0,0,0,0.17,0,0,0,0,0,0,0,0,0.06,0.25,0,0
60,STL1,44.899817,-75.145133,2018,0,2.75,1.36,1.57,1.03,2.08,0.3,0.073,0,0,0,0,0,0,0.08,0,0.51,0.14,0.76,0.05,2.82,0,0,0,0,0,0.19,0,0,0.07,0,0,0,0,0,0,0,0,0,0,0,0,0,0,0,0,0,0,0,0,0,0,0,0,0,0,0.62,0,0,0,0,0,0,0,0,0,0,0,0,0,0,0,0,0,0,0,0
61,STL2,45.005017,-74.76185,2018,0,2.03,1.06,1.2,0.77,1.7,0.26,0.061,0,0,0,0,0,0,0.06,0,0.42,0.11,0.58,0.04,2.55,0,0,0,0,0,0.15,0,0,0.09,0,0,0,0,0,0,0,0,0,0,0,0,0,0,0,0,0,0,0,0,0,0,0,0,0,0,0.47,0,0,0,0,0,0,0,0,0,0,0,0,0,0,0,0,0,0,0,0
62,STM2,46.345992,-72.529377,2018,0,3,1.05,1.43,0.75,1.83,0.31,0.071,0,0,0,0,0,0,0.07,0,0.41,0.1,0.59,0.03,2.38,0,0,0,0,0,0.07,0.03,0,0.08,0,0,0,0,0.09,0,0,0,0,0,0,0,0,0,0.08,0,0,0,0,0,0,0,0,0,0,0,0.4,0,0,0,0,0,0,0,0.13,0,0,0,0,0,0,0,0,0,0,0.11,0
63,STM3,46.340461,-72.520947,2018,0,2.18,1.22,1.38,0.89,1.65,0.22,0.057,0,0,0,0,0,0,0.07,0,0.55,0.11,0.68,0.04,2.61,0,0.01,0,0,0,0.08,0,0,0.06,0,0,0,0,0,0,0,0,0,0,0,0,0,0,0,0,0,0,0,0,0,0,0,0,0,0,0.47,0,0,0,0,0,0,0,0,0,0,0,0,0,0,0,0,0,0,0,0
64,STM4,46.336517,-72.518583,2018,0,2.19,1.32,1.35,0.9,1.75,0.27,0.065,0,0,0,0,0,0,0.07,0,0.49,0.08,0.63,0.03,2.27,0,0.02,0,0,0,0.09,0,0,0,0,0,0,0,0,0,0,0,0,0,0,0,0,0,0,0,0,0,0,0,0,0,0,0,0,0,0.42,0,0,0,0,0,0,0,0,0,0,0,0,0,0,0,0,0,0,0,0
65,TCM1,45.7048,-73.478117,2018,0,0.97,0.44,0.39,0.47,0.5,0.19,0.041,0,0,0,0,0,0,0,0,0.18,0.01,0.07,0,0.41,0,0,0,0,0,0.05,0,0,0,0,0,0,0,0,0,0,0,0,0,0,0,0,0,0,0,0,0,0,0,0,0,0,0,0,0,0,0,0,0,0,0,0,0,0,0,0,0,0,0,0,0,0,0,0,0,0
66,TCM1v5,NA,NA,2018,0,3.39,4.01,2.93,1.09,2.67,0.41,0.106,0,0,0,0,0,0,0.12,0,1.19,0.18,0.95,0.05,2.77,0,0.01,0,0,0,0.03,0,0,0.79,0,0,0,0,0,0,0,0,0,0,0,0,0,0,0,0,0,0,0,0,0,0,0,0,0,0,0.54,0,0,0,0,0,0,0,0,0,0,0,0,0,0,0,0,0,0.02,0,0
67,TCM2,45.712764,-73.444502,2018,0,2.12,1.36,1.36,0.94,1.81,0.32,0.053,0,0,0,0,0,0,0.08,0,0.47,0.11,0.67,0.04,2.4,0,0,0,0,0,0.11,0,0,0.07,0,0,0,0,0,0,0,0,0,0,0,0,0,0,0,0,0,0,0,0,0,0,0,0,0,0,0.48,0,0,0,0,0,0,0,0,0,0,0,0,0,0,0,0,0,0,0,0
68,TCM2v5,NA,NA,2018,0,2.28,1.64,1.73,0.89,2.11,0.32,0.067,0,0,0,0,0,0,0.09,0,2.08,0.12,0.76,0.04,2.82,0,0,0,0,0,0.33,0,0,0.09,0,0,0,0,0,0,0,0,0,0,0,0,0,0,0,0,0,0,0,0,0,0,0,0,0,0,0.52,0,0,0,0,0,0,0,0,0,0,0,0,0,0,0,0,0,0,0,0
69,TCM3,NA,NA,2018,0,2.36,1.35,1.44,0.9,1.72,0.23,0.039,0,0,0,0,0,0,0.08,0,0.48,0.12,0.7,0.04,2.62,0,0.01,0,0,0,0.14,0,0,0.05,0,0,0,0,0,0,0,0,0,0,0,0,0,0,0,0,0,0.07,0,0,0,0,0,0,0,0,0.56,0,0,0,0,0,0,0,0,0,0,0,0,0,0,0,0,0,0,0,0
70,TRA1,45.996917,-73.187017,2018,0,2.28,1.07,1.09,0.86,1.39,0.27,0.072,0,0,0,0,0,0,0.04,0,0.37,0.07,0.51,0.03,1.72,0,0,0,0,0,0.1,0,0,0.08,0,0,0,0.08,0,0,0,0,0,0,0,0,0,0,0,0,0,0,0,0.05,0,0,0,0,0,0,0.31,0,0,0,0,0,0,0,0,0,0,0,0,0,0,0,0,0,0,0,0
71,TRA2,45.996392,-73.183399,2018,0,2.21,1.21,1.24,0.82,1.76,0.26,0.05,0,0,0,0,0,0,0.07,0,0.47,0.11,0.63,0.04,2.59,0,0.01,0,0,0,0.11,0,0,0,0,0,0,0,0,0,0,0,0,0,0,0,0,0,0,0,0,0,0,0,0,0,0,0,0,0,0.45,0,0,0,0,0,0,0,0,0,0,0,0,0,0,0,0,0,0,0,0
72,TRA3,45.995608,-73.17874,2018,0,2.47,1.33,1.48,0.96,1.88,0.24,0.045,0,0,0,0,0,0,0.07,0,0.51,0.11,0.75,0.04,2.41,0,0,0,0,0,0.12,0,0,0.1,0,0,0,0,0,0,0,0,0,0,0,0,0,0,0,0,0,0.07,0,0,0,0,0,0,0,0,0.55,0,0,0,0,0,0,0,0,0,0,0,0,0,0,0,0,0,0,0,0
73,Rivi?re ? la Tortue ? Delson,45.3922,-73.5381,2019,0,5.02,1.87,1.87,1.19,1.29,0.24,0.05,0,0,0,0,0,0,0.07,0,0.53,0.06,0.29,0,0.7,0,0,0,0,0,0,0,0,0,0,0,0,0,0,0,0,0,0,0,0,0,0,0,0,0,0,0,0,0,0,0,0,0,0,0,0,0,0,0,0,0,0,0,0,0.03,0,0,0,0,0,0,0,0,0,0,0
74,Rivi?re Batiscan ? Sainte-Genevi?ve-de-Batiscan,46.5288,-72.3335,2019,0,5,0.19,0.17,0.26,0.22,0.13,0,0,0,0,0,0,0,0,0,0.05,0,0,0,0.15,0,0,0.11,0,0,0,0,0,0,0,0,0,0,0,0,0,0,0,0,0,0,0,0,0,0,0,0,0,0,0,0,0,0,0,0,0,0,0,0,0,0,0,0,0,0,0,0,0,0,0,0,0,0,0,0,0
75,Rivi?re Bayonne ? Sainte-Genevi?ve-de-Berthier,46.0945,-73.226,2019,0,2.5,1.11,1.49,1.09,1.01,0.61,0.12,0.08,0,0,0,0,0,0.05,0,0.43,0.05,0.29,0,1.14,0,0,0.08,0,0,0.08,0,0,0,0,0.14,0,0,0,0,0.17,0,0,0,0,0,0,0,0,0,0,0,0,0,0,0,0,0,0,0,0.06,0,0,0,0,0,0,0,0,0,0,0,0,0,0,0,0,0,0,0,0
76,Rivi?re B?cancour ? B?cancour,46.352672,-72.438619,2019,0,1.8,0.7,0.73,0.48,0.68,0.16,0.04,0,0,0,0,0,0,0,0,0.17,0.01,0.08,0,0.31,0,0,0.09,0,0,0,0,0,0,0,0,0,0,0,0,0,0,0,0,0,0,0,0,0,0,0,0,0,0,0,0,0,0,0,0,0,0,0,0,0,0,0,0,0,0,0,0,0,0,0,0,0,0,0,0,0
77,Rivi?re Boyer ? Saint-Vallier,46.884275,-70.859119,2019,0,2.18,0.48,0.46,0.37,0.51,0.11,0,0,0,0,0,0,0,0,0,0.2,0.01,0.04,0,0.32,0,0,0.09,0,0,0,0,0,0,0,0,0,0,0,0,0,0,0,0,0,0,0,0,0,0,0,0,0,0,0,0,0,0,0,0,0,0,0,0,0,0,0,0,0,0,0,0,0,0,0,0,0,0,0,0,0
78,Rivi?re Ch?teauguay ? Ch?teauguay,45.3814,-73.7562,2019,0,2.74,0.71,0.74,0.62,0.86,0.18,0.04,0,0,0,0,0,0,0.05,0,0.41,0.04,0.15,0,0.5,0,0,0.1,0,0,0,0,0,0,0,0,0,0,0,0,0,0,0,0,0,0,0,0,0,0,0,0,0,0,0,0,0,0,0,0,0,0,0,0,0,0,0,0,0,0,0,0,0,0,0,0,0,0,0,0,0
79,Rivi?re Chaudi?re ? L?vis,46.714483,-71.280997,2019,0,1.94,0.84,1,0.98,0.82,0.26,0.06,0,0,0,0,0,0,0,0,0.17,0.02,0.06,0,0.31,0,0,0.11,0,0,0,0,0,0,0,0,0,0,0,0,0,0,0,0,0,0,0,0,0,0,0,0,0,0,0,0,0,0,0,0,0,0,0,0,0,0,0,0,0,0,0,0,0,0,0,0,0,0,0,0,0
80,Rivi?re Des Mille-Iles ? Laval,45.5406,-73.8808,2019,0,1.78,1.34,1.11,0.98,0.63,0.27,0.06,0,0,0,0,0,0,0,0,0.21,0.05,0.43,0,1.08,0,0,0.1,0,0,0.03,0.09,0,0,0,0,0,0,0,0,0,0,0,0,0,0,0,0,0,0,0,0,0,0,0,0,0,0,0,0,0,0,0,0,0,0,0,0,0,0,0,0,0,0,0,0,0,0.06,0.42,0,0
81,Rivi?re Des Prairies ? Montr?al,45.5343,-73.7266,2019,0,1.84,0.46,0.53,0.53,0.53,0.23,0.05,0,0,0,0,0,0,0,0,0.16,0.01,0.1,0,0.32,0,0,0,0,0,0,0,0,0,0,0,0,0,0,0,0,0,0,0,0,0,0,0,0,0,0,0,0,0,0,0,0,0,0,0,0,0,0,0,0,0,0,0,0,0,0,0,0,0,0,0,0,0,0,0,0
82,Rivi?re Du Ch?ne ? Saint-Eustache,NA,NA,2019,0,9.11,24.39,38.24,9.34,4.13,0.46,0.08,0,0,0,0,0,0,0.76,0,1.87,2.24,17.36,0.52,27.87,0,0,0.1,0,0,0.45,6.42,0.05,0.06,0,0,0,0,0,0,0,0,0,0,0,0,0,0,0,0,0,0,1.14,0,0,0,0,0,0,0,0.3,0,0,0,0,0,0,0,0,0.55,0,0.46,0,0,0,0,0,5.35,24.82,1.03,0
83,Rivi?re Du Loup ? Louiseville,NA,NA,2019,0,1.85,0.4,0.58,0.31,0.32,0.23,0.04,0,0,0,0,0,0,0,0,0.1,0,0.04,0,0.21,0,0,0.1,0,0,0,0,0,0,0,0,0,0,0,0,0,0,0,0,0,0,0,0,0,0,0,0,0,0,0,0,0,0,0,0,0,0,0,0,0,0,0,0,0,0,0,0,0,0,0,0,0,0,0,0,0
84,Rivi?re Du Sud ? Montmagny,46.98517,-70.5491,2019,0,1.03,0.26,0.29,0.24,0.32,0.11,0,0,0,0,0,0,0,0,0,0.09,0,0.03,0,0.28,0,0,0.06,0,0,0,0,0,0,0,0,0,0,0,0,0,0,0,0,0,0,0,0,0,0,0,0,0,0,0,0,0,0,0,0,0,0,0,0,0,0,0,0,0,0,0,0,0,0,0,0,0,0,0,0,0
85,Rivi?re Etchemin ? L?vis,46.76038,-71.22938,2019,0,1.44,1.59,2.23,1.65,0.5,0.17,0.03,0,0,0,0,0,0,0,0,0.13,0.02,0.07,0,0.35,0,0,0.09,0,0,0,0,0,0,0,0,0,0,0,0,0,0,0,0.09,0,0,0,0,0,0,0,0,0,0,0,0,0,0,0,0,0,0,0,0,0,0,0,0,0,0,0,0.08,0,0,0,0,0,0,0.04,0.23,0
86,Riv?re Gananoque ? Gananoque (Ontario),NA,NA,2019,0,2.27,0.82,0.78,0.7,0.93,0.23,0.04,0,0,0,0,0,0,0,0,0.43,0.02,0.12,0,0.44,0,0,0.07,0,0,0,0,0,0,0,0,0,0,0,0,0,0,0,0,0,0,0,0,0,0,0,0,0,0,0,0,0,0,0,0,0,0,0,0,0,0,0,0,0,0,0,0,0,0,0,0,0,0,0,0,0
87,Rivi?re Gentilly ? Gentilly,46.382567,-72.336186,2019,0,1.57,0.25,0.28,0.21,0.26,0.06,0,0,0,0,0,0,0,0,0,0.18,0,0.04,0,0.1,0,0,0.09,0,0,0,0,0,0,0,0,0,0,0,0,0,0,0,0,0,0,0,0,0,0,0,0,0,0,0,0,0,0,0,0,0,0,0,0,0,0,0,0,0,0,0,0,0,0,0,0,0,0,0,0,0
88,Rivi?re Grasse ? Massena (USA),44.959242,-74.830364,2019,0,1.45,0.38,0.44,0.49,0.41,0.21,0.04,0,0,0,0,0,0,0,0,0.17,0,0.04,0,0.26,0,0,0.1,0,0,0,0,0,0,0,0,0,0,0,0,0,0,0,0,0,0,0,0,0,0,0,0,0,0,0,0,0,0,0,0,0,0,0,0,0,0,0,0,0,0,0,0,0,0,0,0,0,0,0,0,0
89,Rivi?re Jacques-Cartier ? Donnacona,NA,NA,2019,0,1.11,0.26,0.24,0.49,0.32,0.17,0.04,0,0,0,0,0,0,0,0,0.06,0.03,0.19,0,0.35,0,0,0.09,0,0,0,0,0,0,0,0,0,0,0,0,0,0,0,0,0,0,0,0,0,0,0,0,0,0,0,0,0,0,0,0,0,0,0,0,0,0,0,0,0,0,0,0,0,0,0,0,0,0,0.09,0,0
90,Rivi?re L'Assomption ? Repentigny,45.7553,-73.46352,2019,0,2.86,0.93,1.67,0.8,1.32,0.2,0.05,0,0,0,0,0,0,0.08,0,1.77,0.04,0.37,0,0.4,0,0,0.09,0,0,0.06,0,0,0,0,0,0,0,0,0,0,0,0,0,0,0,0,0,0,0,0,0,0,0,0,0,0,0,0,0,0,0,0,0,0,0,0,0,0,0,0,0,0,0,0,0,0,0,0,0,0
91,Rivi?re Lancaster ? South Lancaster (Ontario),45.128161,-74.493919,2019,0,2.06,0.73,0.61,0.5,0.62,0.11,0,0,0,0,0,0,0,0.07,0,0.47,0.03,0.15,0,0.39,0,0,0.14,0,0,0,0,0,0,0,0,0,0,0,0,0,0,0,0,0,0,0,0,0,0,0,0,0,0,0,0,0,0,0,0,0,0,0,0,0,0,0,0,0,0,0,0,0,0,0,0,0,0,0,0,0
92,Rivi?re Little Salmon ? Fort Covington (USA),NA,NA,2019,0,1.27,0.59,0.68,0.53,0.65,0.15,0,0,0,0,0,0,0,0,0,0.27,0.02,0.08,0,0.24,0,0,0.09,0,0,0,0,0,0,0,0,0,0,0,0,0,0,0,0,0,0,0,0,0,0,0,0,0,0,0,0,0,0,0,0,0,0,0,0,0,0,0,0,0,0,0,0,0,0,0,0,0,0,0.09,0,0
93,Rivi?re Mascouche ? Terrebonne,NA,NA,2019,0,4.21,4.11,3.89,2.07,2.05,0.38,0.12,0,0,0,0,0,0,0.42,0,0.91,0.35,2.38,0.08,3.96,0,0.02,0.1,0,0,0.09,0.28,0,0.08,0,0,0,0,0,0,0,0,0,0,0,0,0,0,0,0,0,0,0,0,0,0,0,0,0,0,0.08,0,0,0,0,0,0,0,0,0,0,0,0,0,0,0,0,0,1.13,2.48,0
94,Rivi?re Maskinong? ? Maskinong?,46.22814,-73.01597,2019,0,1.07,0.31,0.4,0.33,0.41,0.19,0.05,0,0,0,0,0,0,0,0,0.07,0,0.04,0,0.21,0,0,0.12,0,0,0,0,0,0,0,0,0,0,0,0,0,0,0,0,0,0,0,0,0,0,0,0,0,0,0,0,0,0,0,0,0,0,0,0,0,0,0,0,0,0,0,0,0,0,0,0,0,0,0,0,0
95,Rivi?re Montmorency ? Qu?bec,46.8861,-71.1453,2019,0,0.6,0.1,0.11,0.14,0.14,0.07,0,0,0,0,0,0,0,0,0,0.04,0,0,0,0.09,0,0,0.09,0,0,0,0,0,0,0,0,0,0,0,0,0,0,0,0,0,0,0,0,0,0,0,0,0,0,0,0,0,0,0,0,0,0,0,0,0,0,0,0,0,0,0,0,0,0,0,0,0,0,0,0,0
96,Rivi?re Nicolet ? Nicolet,46.2275,-72.62389,2019,0,1.33,1.11,0.98,0.39,0.63,0.11,0.04,0,0,0,0,0,0,0,0,0.13,0.02,0.06,0,0.22,0,0,0.13,0,0,0,0,0,0,0,0,0,0,0,0,0,0,0,0,0,0,0,0,0,0,0,0,0,0,0,0,0,0,0,0,0,0,0,0,0,0,0,0,0,0,0,0,0,0,0,0,0,0,0,0,0
97,Rivi?re Ogdensburg ? Ogdensburg (USA),44.690139,-75.49375,2019,0,1.63,0.59,0.45,0.73,0.57,0.25,0.05,0,0,0,0,0,0,0,0,0.15,0.01,0.06,0,0.47,0,0,0.12,0,0,0,0,0,0,0,0,0,0,0,0,0,0,0,0,0,0,0,0,0,0,0,0,0,0,0,0,0,0,0,0,0,0,0,0,0,0,0,0,0,0,0,0,0,0,0,0,0,0,0,0,0
98,Rivi?re des Outaouais ? Saint-Placide,45.524,-74.2076,2019,0,1.37,0.45,0.47,0.49,0.41,0.14,0,0,0,0,0,0,0,0,0,0.18,0.02,0.1,0,0.27,0,0,0.12,0,0,0,0,0,0,0,0,0,0,0,0,0,0,0,0,0,0,0,0,0,0,0,0,0,0,0,0,0,0,0,0,0,0,0,0,0,0,0,0,0,0,0,0,0,0,0,0,0,0,0,0,0
99,Rivi?re Raquette ? Akwesasne (USA),44.978531,-74.717089,2019,0,1.26,0.49,0.36,0.51,0.51,0.25,0.06,0,0,0,0,0,0,0,0,0.17,0.01,0.05,0,0.39,0,0,0.11,0,0,0,0,0,0,0,0,0,0,0,0,0,0,0,0,0,0,0,0,0,0,0,0,0,0,0,0,0,0,0,0,0,0,0,0,0,0,0,0,0,0,0,0,0,0,0,0,0,0,0,0,0
100,Rivi?re Richelieu ? Sorel-Tracy,46.019605,-73.132377,2019,0,2.21,1.05,1.02,0.79,1.16,0.25,0.05,0,0,0,0,0,0,0.04,0,0.38,0.06,0.44,0,0.82,0,0,0.09,0,0,0.2,0.03,0,0,0,0,0,0,0,0,0,0,0,0,0,0,0,0,0,0,0,0,0,0,0,0,0,0,0,0,0,0,0,0,0,0,0,0,0,0,0,0,0,0,0,0,0,0,0,0,0
101,Rivi?re Saint-Charles ? Qu?bec,46.8199,-71.22,2019,0,1.84,2.05,1.61,1.22,0.86,0.14,0.06,0,0,0,0,0,0,0,0,0.2,0.05,0.19,0,0.42,0,0,0.12,0,0,0,0,0,0,0,0,0,0,0,0,0,0,0,0,0,0,0,0,0,0,0,0,0,0,0,0,0,0,0,0,0.05,0,0,0,0,0,0,0,0,0,0,0.03,0,0,0,0,0,0,0,0.31,0
102,Rivi?re Sainte-Anne ? Beaupr?,47.048547,-70.883153,2019,0,0.75,0.19,0.21,0.14,0.26,0.08,0,0,0,0,0,0,0,0,0,0.06,0,0.06,0,0.13,0,0,0.09,0,0,0,0,0,0,0,0,0,0,0,0,0,0,0,0,0,0,0,0,0,0,0,0,0,0,0,0,0,0,0,0,0,0,0,0,0,0,0,0,0,0,0,0,0,0,0,0,0,0,0,0,0
103,Rivi?re Sainte-Anne ? Sainte-Anne-de-la-P?rade,46.571331,-72.206231,2019,0,0.86,0.13,0.12,0.21,0.18,0.1,0,0,0,0,0,0,0,0,0,0.04,0,0,0,0.12,0,0,0.12,0,0,0,0,0,0,0,0,0,0,0,0,0,0,0,0,0,0,0,0,0,0,0,0,0,0,0,0,0,0,0,0,0,0,0,0,0,0,0,0,0,0,0,0,0,0,0,0,0,0,0,0,0
104,Rivi?re Saint-Fran?ois ? Pierreville,46.06687,-72.81258,2019,0,2.26,1.61,1.52,1.44,1.57,0.27,0.08,0,0,0,0,0,0,0,0,0.31,0.02,0.11,0,0.59,0,0,0.13,0,0,0,0,0,0,0,0,0,0,0,0,0,0,0,0,0,0,0,0,0,0,0,0,0,0,0,0,0,0,0,0,0,0,0,0,0,0,0,0,0,0,0,0,0,0,0,0,0,0,0,0,0
105,Rivi?re Saint-Jacques ? Brossard,NA,NA,2019,0,3.44,3.31,3.08,1.71,2.23,0.54,0.13,0,0,0,0,0,0,0.04,0,0.55,0.04,0.4,0,0.83,0,0,0,0,0,0.07,0,0,0.06,0,0,0,0,0,0,0,0,0,0,0,0,0,0,0,0,0,0,0,0.12,0,0,0,0,0,0,0.03,0,0,0,0,0,0,0,0,0,0,0.05,0,0,0,0,0,0,0.04,5.88,0
106,Rivi?re Saint-Louis ? Beauharnois,45.314311,-73.879944,2019,0,3.95,1.25,1.29,0.81,0.86,0.11,0,0,0,0,0,0,0,0.06,0,0.56,0.08,0.24,0,0.8,0,0,0.15,0,0,0,0,0,0,0,0,0,0,0,0,0,0,0,0,0,0,0,0,0,0,0,0,0,0,0,0,0,0,0,0,0.09,0,0,0,0,0,0,0,0,0,0,0,0,0,0,0,0,0,0,0,0
107,Rivi?re Saint-Maurice ? Trois-Rivi?res,46.3647,-72.5521,2019,0,0.79,0.21,0.21,0.52,0.28,0.21,0.11,0.09,0,0,0,0,0,0,0,0.06,0,0.02,0,0.25,0,0,0.12,0,0,0,0,0,0,0,0,0,0,0,0,0,0,0,0,0,0,0,0,0,0,0,0,0,0,0,0,0,0,0,0,0,0,0,0,0,0,0,0,0,0,0,0,0,0,0,0,0,0,0,0,0
108,Rivi?re Saint-R?gis ? Sainte-Catherine,45.3993,-73.5639,2019,0,1.01,0.28,0.28,0.41,0.38,0.17,0,0,0,0,0,0,0,0,0,0.14,0.01,0.03,0,0.21,0,0,0.09,0,0,0,0,0,0,0,0,0,0,0,0,0,0,0,0,0,0,0,0,0,0,0,0,0,0,0,0,0,0,0,0,0,0,0,0,0,0,0,0,0,0,0,0,0,0,0,0,0,0,0,0,0
109,Rivi?re Varennes ? Varennes,45.671156,-73.435808,2019,0,4.53,1.95,2.59,1.33,2.14,0.32,0.07,0,0,0,0,0,0,0.05,0,0.99,0.06,0.26,0,0.81,0,0,0,0,0,0.03,0,0,0,0,0,0,0,0,0,0,0,0,0,0,0,0,0,0,0,0,0,0,0,0,0,0,0,0,0,0.03,0,0,0,0,0,0,0,0,0,0,0,0,0,0,0,0,0,0,0,0
110,Rivi?re Yamachiche ? Yamachiche,46.2662,-72.8066,2019,0,2.01,0.25,0.36,0.36,0.32,0.1,0,0,0,0,0,0,0,0,0,0.11,0,0.07,0,0.16,0,0,0.13,0,0,0,0,0,0,0,0,0,0,0,0,0,0,0,0,0,0,0,0,0,0,0,0,0,0,0,0,0,0,0,0,0,0,0,0,0,0,0,0,0,0,0,0,0,0,0,0,0,0,0,0,0
111,Rivi?re Yamaska ? Yamaska,46.0052,-72.9121,2019,0,3,2.37,2.45,1.79,3.03,0.51,0.22,0.07,0,0,0,0,0,0.13,0,0.71,0.13,0.43,0.08,2.6,0,0,0.1,0,0,0.04,0.05,0,0.33,0,0,0,0,0,0,0,0,0,0,0,0,0,0,0,0,0,0,0,0,0,0,0,0,0,0,0.05,0,0,0,0,0,0,0,0,0,0,0,0.07,0,0,0,0,0,0.03,0,0
112,Petite Rivi?re Du Ch?ne ? Leclercville,NA,NA,2019,0,2.33,0.52,0.51,0.42,0.54,0.14,0,0,0,0,0,0,0,0,0,0.19,0.01,0.05,0,0.2,0,0,0.1,0,0,0,0,0,0,0,0,0,0,0,0,0,0,0,0,0,0,0,0,0,0,0,0,0,0,0,0,0,0,0,0,0,0,0,0,0,0,0,0,0,0,0,0,0,0,0,0,0,0,0,0,0
113,BOU1,45.64867,-73.48136,2019,0,2.43,1.45,1.8,0.93,2.02,0.33,0.05,0,0,0,0,0,0,0.08,0,0.51,0.14,0.8,0.04,2.76,0,0,0,0,0,0.1,0.03,0,0.05,0,0,0,0,0,0,0,0,0,0,0,0,0,0,0,0,0,0,0,0,0,0,0,0,0,0,0.53,0,0,0,0,0,0,0,0,0,0,0,0,0,0,0,0,0,0.02,0,0
114,BOU2,45.644183,-73.466233,2019,0,2.45,1.49,1.64,1.04,2.12,0.38,0.06,0,0,0,0,0,0,0.08,0,0.5,0.13,0.77,0.04,2.7,0,0,0,0,0,0.09,0.03,0,0,0,0,0,0,0,0,0,0,0,0,0,0,0,0,0,0,0,0,0,0,0,0,0,0,0,0,0.5,0,0,0,0,0,0,0,0,0,0,0,0,0,0,0,0,0,0.03,0,0
115,BOU4,45.569363,-73.507785,2019,0,2.55,1.39,1.64,0.96,2.13,0.38,0.06,0,0,0,0,0,0,0.07,0,0.52,0.13,0.83,0.05,2.82,0,0,0,0,0,0.09,0.04,0,0,0,0,0,0,0,0,0,0,0,0,0,0,0,0,0,0,0,0,0,0,0,0,0,0,0,0,0.48,0,0,0,0,0,0,0,0,0,0,0,0,0,0,0,0,0,0.02,0,0
116,CON1,45.845717,-73.310067,2019,0,1.91,1.11,1.1,0.82,1.31,0.3,0.06,0,0,0,0,0,0,0.04,0,0.39,0.07,0.46,0,1.66,0,0,0,0,0,0.05,0,0,0.05,0,0,0,0,0,0,0,0,0,0,0,0,0,0,0,0,0,0,0,0,0,0,0,0,0,0,0.23,0,0,0,0,0,0,0,0,0,0,0,0,0,0,0,0,0,0,0,0
117,CON2,45.8538,-73.27965,2019,0,2.45,1.53,1.68,0.98,2.07,0.34,0.07,0,0,0,0,0,0,0.08,0,0.59,0.12,0.73,0.05,2.68,0,0,0,0,0,0.08,0.03,0,0.08,0,0,0,0,0,0,0,0,0,0,0,0,0,0,0,0,0,0,0,0,0,0,0,0,0,0,0.46,0,0,0,0,0,0,0,0,0,0,0,0,0,0,0,0,0,0.02,0,0
118,CON3,45.850167,-73.269167,2019,0,2.57,1.45,1.72,1.04,2.15,0.33,0.05,0,0,0,0,0,0,0.07,0,0.57,0.14,0.83,0.05,2.77,0,0,0,0,0,0.11,0,0,0.07,0,0,0,0,0,0,0,0,0,0,0,0,0,0,0,0,0,0,0,0,0,0,0,0,0,0,0.52,0,0,0,0,0,0,0,0,0,0,0,0,0,0,0,0,0,0,0,0
119,LSL1,NA,NA,2019,0,2.37,1.32,1.65,0.99,2.27,0.38,0.06,0,0,0,0,0,0,0.07,0,0.52,0.13,0.75,0.04,2.57,0,0,0,0,0,0.1,0.04,0,0,0,0,0,0,0,0,0,0,0,0,0,0,0,0,0,0,0,0,0,0,0,0,0,0,0,0,0.46,0,0,0,0,0,0,0,0,0,0,0,0,0,0,0,0,0,0.03,0,0
120,LSL2,NA,NA,2019,0,2.58,1.6,1.71,1.02,2.2,0.41,0.07,0,0,0,0,0,0,0.08,0,0.52,0.13,0.83,0.05,2.95,0,0,0,0,0,0.12,0.04,0,0,0,0,0,0,0,0,0,0,0,0,0,0,0,0,0,0,0,0,0,0,0,0,0,0,0,0,0.51,0,0,0,0,0,0,0,0,0,0,0,0,0,0,0,0,0,0.03,0,0
121,LSL3,NA,NA,2019,0,2.56,1.37,1.63,0.98,2.24,0.42,0.08,0,0,0,0,0,0,0.08,0,0.5,0.14,0.78,0.04,2.89,0,0,0,0,0,0.1,0.05,0,0,0,0,0,0,0,0,0,0,0,0,0,0,0,0,0,0,0,0,0,0,0,0,0,0,0,0,0.51,0,0,0,0,0,0,0,0,0,0,0,0,0,0,0,0,0,0.03,0,0
122,LSPA1,NA,NA,2019,0,2.17,1.22,1.5,0.95,1.84,0.33,0.07,0,0,0,0,0,0,0.07,0,0.51,0.1,0.65,0.03,2.5,0,0,0,0,0,0.07,0.03,0,0.06,0,0,0,0,0,0,0,0,0,0,0,0,0,0,0,0,0,0,0,0,0,0,0,0,0,0,0.36,0,0,0,0,0,0,0,0,0,0,0,0,0,0,0,0,0,0.03,0,0
123,LSPA2,NA,NA,2019,0,2.57,1.33,1.65,1.01,2.14,0.38,0.07,0,0,0,0,0,0,0.08,0,0.51,0.12,0.78,0.04,2.82,0,0,0,0,0,0.1,0.04,0,0,0,0,0,0,0,0,0,0,0,0,0,0,0,0,0,0,0,0,0,0,0,0,0,0,0,0,0.48,0,0,0,0,0,0,0,0,0,0,0,0,0,0,0,0,0,0.03,0,0
124,LSPA3,46.256587,-72.694571,2019,0,2.48,1.41,1.6,0.93,2,0.37,0.08,0,0,0,0,0,0,0.07,0,0.5,0.11,0.74,0.04,2.57,0,0,0,0,0,0.14,0.04,0,0.05,0,0,0,0,0,0,0,0,0,0,0,0,0,0,0,0,0,0,0,0,0,0,0,0,0,0,0.38,0,0,0,0,0,0,0,0,0,0,0,0,0,0,0,0,0,0.03,0,0
125,LSPM1,46.22665,-72.854883,2019,0,2.04,1.18,1.4,1,1.77,0.33,0.06,0,0,0,0,0,0,0.07,0,0.47,0.09,0.62,0.03,2.34,0,0,0,0,0,0.12,0,0,0.07,0,0,0,0,0,0,0,0,0,0,0,0,0,0,0,0,0,0,0,0,0,0,0,0,0,0,0.38,0,0,0,0,0,0,0,0,0,0,0,0,0,0,0,0,0,0.03,0,0
126,LSPM2,46.204067,-72.824783,2019,0,2.46,1.4,1.64,0.89,2.15,0.36,0.07,0,0,0,0,0,0,0.08,0,0.49,0.12,0.81,0.04,2.76,0,0,0,0,0,0.1,0.04,0,0,0,0,0,0,0,0,0,0,0,0,0,0,0,0,0,0,0,0,0,0,0,0,0,0,0,0,0.5,0,0,0,0,0,0,0,0,0,0,0,0,0,0,0,0,0,0,0,0
127,LSPM3,46.183033,-72.799467,2019,0,2.33,1.32,1.54,0.92,2.07,0.37,0.06,0,0,0,0,0,0,0.07,0,0.54,0.11,0.77,0.04,2.68,0,0.01,0,0,0,0.15,0.03,0,0.06,0,0,0,0,0,0,0,0,0,0,0,0,0,0,0,0,0,0,0,0,0,0,0,0,0,0,0.42,0,0,0,0,0,0,0,0,0,0,0,0,0,0,0,0,0,0,0,0
128,ORL1,47.058254,-70.75197,2019,0,3.58,1.21,1.67,0.83,2.21,0.44,0.11,0,0,0,0,0,0,0.06,0,0.45,0.1,0.65,0.04,2.86,0,0,0,0,0,0.07,0.03,0,0.08,0,0,0,0,0,0,0,0,0,0,0,0,0,0,0,0,0,0,0,0,0,0,0,0,0,0,0.33,0,0,0,0,0,0,0,0,0,0,0,0,0,0,0,0,0,0.03,0,0
129,ORL2,47.013333,-70.698767,2019,0,2.35,1.26,1.32,0.91,1.62,0.31,0.05,0,0,0,0,0,0,0.07,0,0.6,0.11,0.67,0.04,2.17,0,0,0,0,0,0.06,0,0,0,0,0,0,0,0,0,0,0,0,0,0,0,0,0,0,0,0,0,0,0,0,0,0,0,0,0,0.35,0,0,0,0,0,0,0,0,0,0,0,0,0,0,0,0,0,0,0,0
130,ORL3,46.98877,-70.661748,2019,0,2.37,1.25,1.4,1.01,1.89,0.34,0.06,0,0,0,0,0,0,0.08,0,0.54,0.11,0.71,0.03,2.39,0,0,0,0,0,0.08,0,0,0,0,0,0,0,0,0,0,0,0,0,0,0,0,0,0,0,0,0,0,0,0,0,0,0,0,0,0.39,0,0,0,0,0,0,0,0,0,0,0,0,0,0,0,0,0,0,0,0
131,REP1,45.744983,-73.43195,2019,0,1.96,0.99,1.13,0.76,1.29,0.28,0.05,0,0,0,0,0,0,0.04,0,0.36,0.07,0.44,0,1.65,0,0,0,0,0,0.04,0,0,0,0,0,0,0,0,0,0,0,0,0,0,0,0,0,0,0,0,0,0,0,0,0,0,0,0,0,0.22,0,0,0,0,0,0,0,0,0,0,0,0,0,0,0,0,0,0,0,0
132,REP2,45.741667,-73.424033,2019,0,2.45,1.62,1.9,1.04,2.27,0.37,0.08,0,0,0,0,0,0,0.09,0,0.6,0.13,0.86,0.05,3.05,0,0,0,0,0,0.1,0.04,0,0.06,0,0,0,0,0,0,0,0,0,0,0,0,0,0,0,0,0,0,0,0,0,0,0,0,0,0,0.54,0,0,0,0,0,0,0,0,0,0,0,0,0,0,0,0,0,0.02,0,0
133,REP3,45.745028,-73.406417,2019,0,2.49,1.4,1.64,0.95,2.22,0.36,0.06,0,0,0,0,0,0,0.08,0,0.51,0.13,0.79,0.04,2.79,0,0,0,0,0,0.1,0.04,0,0.05,0,0,0,0,0,0,0,0,0,0,0,0,0,0,0,0,0,0,0,0,0,0,0,0,0,0,0.51,0,0,0,0,0,0,0,0,0,0,0,0,0,0,0,0,0,0.02,0,0
134,SAD1,46.72085,-71.4773,2019,0,2.34,1.24,1.37,0.99,1.86,0.35,0.07,0,0,0,0,0,0,0.06,0,0.47,0.11,0.67,0.03,2.23,0,0,0,0,0,0.07,0.03,0,0.08,0,0,0,0,0,0,0,0,0,0,0,0,0,0,0,0,0,0,0,0,0,0,0,0,0,0,0.37,0,0,0,0,0,0,0,0,0,0,0,0,0,0,0,0,0,0.02,0,0
135,SAD2,46.71368,-71.471017,2019,0,2.4,1.39,1.52,0.98,1.89,0.33,0.05,0,0,0,0,0,0,0.07,0,0.63,0.1,0.72,0.03,2.34,0,0,0,0,0,0.1,0.03,0,0,0,0,0,0,0,0,0,0,0,0,0,0,0,0,0,0,0,0,0,0,0,0,0,0,0,0,0.41,0,0,0,0,0,0,0,0,0,0,0,0,0,0,0,0,0,0.02,0,0
136,SAD3,46.705459,-71.461456,2019,0,2.47,1.25,1.51,0.96,1.91,0.32,0.05,0,0,0,0,0,0,0.08,0,0.48,0.11,0.69,0.04,2.22,0,0,0,0,0,0.1,0.03,0,0,0,0,0,0,0,0,0,0,0,0,0,0,0,0,0,0,0,0,0,0,0,0,0,0,0,0,0.42,0,0,0,0,0,0,0,0,0,0,0,0,0,0,0,0,0,0.02,0,0
137,SORAM1,46.073983,-73.088683,2019,0,2.09,1.29,1.54,0.9,1.85,0.37,0.08,0,0,0,0,0,0,0.07,0,0.45,0.1,0.64,0.03,2.35,0,0,0,0,0,0.07,0,0,0,0,0,0,0,0,0,0,0,0,0,0,0,0,0,0,0,0,0,0,0,0,0,0,0,0,0,0.36,0,0,0,0,0,0,0,0,0,0,0,0,0,0,0,0,0,0,0,0
138,SORAM2,46.067283,-73.07645,2019,0,2.39,1.33,1.71,1,2.06,0.4,0.09,0,0,0,0,0,0,0.08,0,0.52,0.13,0.73,0.04,2.78,0,0,0,0,0,0.09,0.03,0,0,0,0,0,0,0,0,0,0,0,0,0,0,0,0,0,0,0,0,0,0,0,0,0,0,0,0,0.43,0,0,0,0,0,0,0,0,0,0,0,0,0,0,0,0,0,0,0,0
139,SORAM3,46.06175,-73.0656,2019,0,2.36,1.35,1.66,1.01,2.1,0.37,0.06,0,0,0,0,0,0,0.08,0,0.5,0.12,0.78,0.04,2.59,0,0,0,0,0,0.1,0.04,0,0,0,0,0,0,0,0,0,0,0,0,0,0,0,0,0,0,0,0,0,0,0,0,0,0,0,0,0.46,0,0,0,0,0,0,0,0,0,0,0,0,0,0,0,0,0,0.03,0,0
140,SORAV1,46.172584,-72.964877,2019,0,2.38,1.32,1.46,0.9,1.75,0.35,0.07,0,0,0,0,0,0,0.06,0,0.45,0.09,0.61,0.03,2.28,0,0,0,0,0,0.05,0.03,0,0.06,0,0,0,0,0,0,0,0,0,0,0,0,0,0,0,0,0,0,0,0,0,0,0,0,0,0,0.37,0,0,0,0,0,0,0,0,0,0,0,0,0,0,0,0,0,0.02,0,0
141,SORAV2,NA,NA,2019,0,2.35,1.53,1.69,1.06,2.04,0.37,0.06,0,0,0,0,0,0,0.07,0,0.5,0.12,0.75,0.03,2.58,0,0,0,0,0,0.09,0.03,0,0,0,0,0,0,0,0,0,0,0,0,0,0,0,0,0,0,0,0,0,0,0,0,0,0,0,0,0.42,0,0,0,0,0,0,0,0,0,0,0,0,0,0,0,0,0,0.04,0,0
142,SORAV3,NA,NA,2019,0,2.36,1.33,1.58,1.01,2.11,0.36,0.07,0,0,0,0,0,0,0.09,0,0.52,0.13,0.8,0.04,2.75,0,0,0,0,0,0.13,0.04,0,0,0,0,0,0,0,0,0,0,0,0,0,0,0,0,0,0,0,0,0,0,0,0,0,0,0,0,0.46,0,0,0,0,0,0,0,0,0,0,0,0,0,0,0,0,0,0.03,0,0
143,STA1,46.57575,-72.098125,2019,0,2.02,1.17,1.33,0.87,1.61,0.35,0.06,0,0,0,0,0,0,0.06,0,0.45,0.11,0.62,0.03,2.18,0,0,0,0,0,0.06,0,0,0,0,0,0,0,0,0,0,0,0,0,0,0,0,0,0,0,0,0,0,0,0,0,0,0,0,0,0.34,0,0,0,0,0,0,0,0,0,0,0,0,0,0,0,0,0,0.02,0,0
144,STA2,46.569129,-72.098872,2019,0,2.18,1.23,1.37,0.9,1.88,0.33,0.05,0,0,0,0,0,0,0.07,0,0.45,0.1,0.67,0.03,2.46,0,0,0,0,0,0.08,0.03,0,0.06,0,0,0,0,0,0,0,0,0,0,0,0,0,0,0,0,0,0,0,0,0,0,0,0,0,0,0.44,0,0,0,0,0,0,0,0,0,0,0,0,0,0,0,0,0,0.02,0,0
145,STA3,46.562646,-72.10002,2019,0,2.45,1.49,1.71,1.02,2.14,0.37,0.08,0,0,0,0,0,0,0.07,0,0.54,0.12,0.78,0.04,2.67,0,0,0,0,0,0.12,0.04,0,0.05,0,0,0,0,0,0,0,0,0,0,0,0,0,0,0,0,0,0,0,0,0,0,0,0,0,0,0.45,0,0,0,0,0,0,0,0,0,0,0,0,0,0,0,0,0,0.03,0,0
146,STM1,46.349237,-72.527838,2019,0,0.9,0.16,0.24,0.39,0.29,0.21,0.03,0,0,0,0,0,0,0,0,0.07,0,0.02,0,0.15,0,0,0,0,0,0,0,0,0,0,0,0,0,0,0,0,0,0,0,0,0,0,0,0,0,0,0,0,0,0,0,0,0,0,0,0,0,0,0,0,0,0,0,0,0,0,0,0,0,0,0,0,0,0,0,0
147,STM2,46.345992,-72.529377,2019,0,2.43,1.35,1.55,1.03,1.93,0.33,0.06,0,0,0,0,0,0,0.07,0,0.56,0.1,0.74,0.04,2.45,0,0,0,0,0,0.1,0.03,0,0,0,0,0,0,0,0,0,0,0,0,0,0,0,0,0,0,0,0,0,0,0,0,0,0,0,0,0.42,0,0,0,0,0,0,0,0,0,0,0,0,0,0,0,0,0,0.03,0,0
148,STM3,46.340461,-72.520947,2019,0,2.32,1.36,1.64,1,1.99,0.38,0.08,0,0,0,0,0,0,0.07,0,0.52,0.12,0.73,0.04,2.4,0,0,0,0,0,0.11,0.03,0,0.05,0,0,0,0,0,0,0,0,0,0,0,0,0,0,0,0,0,0,0,0,0,0,0,0,0,0,0.4,0,0,0,0,0,0,0,0,0,0,0,0,0,0,0,0,0,0,0,0
149,TCL1,NA,NA,2019,0,2.53,1.36,1.77,1.03,2.37,0.41,0.08,0,0,0,0,0,0,0.08,0,0.52,0.12,0.81,0.05,3.03,0,0.01,0,0,0,0.11,0.04,0,0.05,0,0,0,0,0,0,0,0,0,0,0,0,0,0,0,0,0,0,0,0,0,0,0,0,0,0,0.55,0,0,0,0,0,0,0,0,0,0,0,0,0,0,0,0,0,0.03,0,0
150,TCM1,45.7048,-73.478117,2019,0,1.12,0.41,0.46,0.5,0.54,0.25,0.04,0,0,0,0,0,0,0,0,0.16,0.01,0.09,0,0.42,0,0,0,0,0,0,0,0,0,0,0,0,0,0,0,0,0,0,0,0,0,0,0,0,0,0,0,0,0,0,0,0,0,0,0,0,0,0,0,0,0,0,0,0,0,0,0,0,0,0,0,0,0,0,0,0
151,TCM2,45.712764,-73.444502,2019,0,2.99,2.7,2.89,1.27,2.48,0.52,0.21,0.06,0,0,0,0,0,0.1,0,0.65,0.14,0.85,0.05,5.24,0,0.11,0,0,0,0.09,0.03,0,0.14,0,0,0,0,0,0,0,0,0,0,0,0,0,0,0,0,0,0,0,0,0,0,0,0,0,0,0.52,0,0,0,0,0,0,0,0,0,0,0,0,0,0,0,0,0,0.08,0,0
152,TCM3,NA,NA,2019,0,2.62,1.35,1.81,1.02,2.32,0.38,0.07,0,0,0,0,0,0,0.07,0,0.56,0.14,0.81,0.04,2.78,0,0,0,0,0,0.09,0.04,0,0,0,0,0,0,0,0,0,0,0,0,0,0,0,0,0,0,0,0,0,0,0,0,0,0,0,0,0.52,0,0,0,0,0,0,0,0,0,0,0,0,0,0,0,0,0,0,0,0
153,TRA1,45.996917,-73.187017,2019,0,1.97,0.97,1.18,0.81,1.36,0.3,0.06,0,0,0,0,0,0,0,0,0.41,0.06,0.46,0.03,1.57,0,0,0,0,0,0.04,0,0,0,0,0,0,0,0,0,0,0,0,0,0,0,0,0,0,0,0,0,0,0,0,0,0,0,0,0,0.23,0,0,0,0,0,0,0,0,0,0,0,0,0,0,0,0,0,0,0,0
154,TRA2,45.996392,-73.183399,2019,0,2.34,1.32,1.58,0.98,1.8,0.37,0.08,0,0,0,0,0,0,0.06,0,0.48,0.09,0.62,0.03,2.35,0,0.01,0,0,0,0.06,0.03,0,0.06,0,0,0,0,0,0,0,0,0,0,0,0,0,0,0,0,0,0,0,0,0,0,0,0,0,0,0.38,0,0,0,0,0,0,0,0,0,0,0,0,0,0,0,0,0,0.02,0,0
155,TRA3,45.995608,-73.17874,2019,0,2.51,1.44,1.65,0.97,2.14,0.37,0.06,0,0,0,0,0,0,0.07,0,0.54,0.14,0.8,0.04,3.06,0,0,0,0,0,0.11,0.04,0,0.06,0,0,0,0,0,0,0,0,0,0,0,0,0,0,0,0,0,0,0,0,0,0,0,0,0,0,0.5,0,0,0,0,0,0,0,0,0,0,0,0,0,0,0,0,0,0,0,0
156,QC1,46.843411,-71.179714,2019,0,2.28,1.34,1.5,0.98,1.79,0.33,0.07,0,0,0,0,0,0,0.07,0,0.51,0.12,0.69,0.03,2.4,0,0,0,0,0,0.08,0,0,0.05,0,0,0,0,0,0,0,0,0,0,0,0,0,0,0,0,0,0,0,0,0,0,0,0,0,0,0.41,0,0,0,0,0,0,0,0,0,0,0,0,0,0,0,0,0,0,0,0
157,QC2,46.83937,-71.166825,2019,0,3.94,1.27,1.6,0.87,2.15,0.4,0.1,0,0,0,0,0,0,0.07,0,0.43,0.11,0.67,0.04,2.89,0,0,0,0,0,0.06,0.03,0,0.09,0,0,0,0,0,0,0,0,0,0,0,0,0,0,0,0,0,0,0,0,0,0,0,0,0,0,0.34,0,0,0,0,0,0,0,0,0,0,0,0,0,0,0,0,0,0,0.07,0
158,QC3,46.833885,-71.152614,2019,0,2.06,1.08,1.26,0.89,1.69,0.3,0.05,0,0,0,0,0,0,0.06,0,0.43,0.1,0.63,0.03,2.08,0,0,0,0,0,0.07,0,0,0.05,0,0,0,0,0,0,0,0,0,0,0,0,0,0,0,0,0,0,0,0,0,0,0,0,0,0,0.36,0,0,0,0,0,0,0,0,0,0,0,0,0,0,0,0,0,0.02,0,0
159,Belle Rivi?re ? Mirabel (BR3),45.649902,-74.093588,2020,0,30.44,104.38,133.37,53.87,18.76,4.86,0,0,0,0,0,0,0,3.81,0,7.77,12.1,111.02,3.72,155.87,0,0,0,0,0,7.13,25.71,0.07,0.1,0,0,0,0,0,0,0,0,0,0,0,0,0,0,0,0,0,0,0,0,0,0,0,0,0,0,3.79,0,0.07,0,0,0,0,0,0,0.31,0,0.35,0,0,0,0,0,17.66,90.23,2.86,0.09
160,"Rivi?re ? la Scie ? L?vis, Point #1",NA,NA,2020,0,1.47,0.33,1.06,0.52,0.87,0.04,0,0,0,0,0,0,0,0,0,0,0.02,0.27,0,0.83,0,0,0,0,0,0,0,0,0.14,0,0,0,0,0,0,0,0,0,0,0,0,0,0,0,0,0,0,0,0,0,0,0,0,0,0,0,0,0,0,0,0,0,0,0,0,0,0,0,0,0,0,0,0,0,0,0
161,"Rivi?re ? la Scie ? L?vis, Point #2",NA,NA,2020,0,0.84,1.35,0.99,0.93,0.93,0.08,0,0,0,0,0,0,0,0,0,0,0.06,0.91,0,1.88,0,0,0,0,0,0,0,0,0,0,0,0,0,0,0,0,0,0,0,0,0,0,0,0,0,0,0,0,0,0,0,0,0,0,0,0,0,0,0,0,0,0,0,0,0,0,0,0,0,0,0,0,0,0.07,0,0
162,Rivi?re ? la Tortue ? Delson,45.3922,-73.5381,2020,0,16.01,62.16,72.4,16.71,1.31,0.25,0.05,0,0,0,0,0,0,0.1,0,0,0,0.12,0,1.02,0,0,0,0,0,0.1,0,0,0.07,0,0,0,0,0,0,0,0,0,0,0,0,0,0,0,0,0,0,0,0,0,0,0,0,0.33,0.68,0,0,0,0,0,0,0,0,0,0,0,0,0,0,0,0,0,0,0,0,0
163,Rivi?re Aulneuse ? Saint-Nicolas,46.7092,-71.3813,2020,0,0,0.58,0.45,0.4,0.21,0,0,0,0,0,0,0,0,0,0,0,0,0,0,0.3,0,0,0,0,0,0,0,0,0.12,0,0,0,0,0,0,0,0,0,0,0,0,0,0,0,0,0,0,0,0,0,0,0,0,0,0,0,0,0,0,0,0,0,0,0,0,0,0,0,0,0,0,0,0,0,0,0
164,Rivi?re Aux Saumons ? Scotstown,45.526,-71.2733,2020,0,0,0,0,0,0,0,0,0,0,0,0,0,0,0,0,0,0,0,0,0,0,0,0,0,0,0,0,0,0,0,0,0,0,0,0,0,0,0,0,0,0,0,0,0,0,0,0,0,0,0,0,0,0,0,0,0,0,0,0,0,0,0,0,0,0,0,0,0,0,0,0,0,0,0,0,0
165,Rivi?re Aux Chiens ? Rosem?re,45.6525,-73.7835,2020,0,3.88,3.3,3.82,1.29,1.9,0.12,0,0,0,0,0,0,0,0.3,0,1.06,0.04,0.39,0,0.91,0,0,0,0,0,0.03,0,0,0.06,0,0,0,0,0,0,0,0,0,0,0,0,0,0,0,0,0,0,0,0,0,0,0,0,0.37,0.49,0.03,0,0.94,0,0,0,0,0,0,0,0,0,0,0,0,0,0,0,0.02,0,0
166,Rivi?re B?cancour ? B?cancour,46.352672,-72.438619,2020,0,0,0.43,0.45,0.21,0.46,0.05,0,0,0,0,0,0,0,0,0,0.15,0,0,0,0.25,0,0,0,0,0,0,0,0,0,0,0,0,0,0,0,0,0,0,0,0,0,0,0,0,0,0,0,0,0,0,0,0,0,0,0,0,0,0,0,0,0,0,0,0,0,0,0,0,0,0,0,0,0,0,0,0
167,Rivi?re Chaudi?re ? L?vis,46.714483,-71.280997,2020,0,1.37,0.51,0.55,0.77,0.74,0.3,0,0,0,0,0,0,0,0,0,0.24,0,0.06,0,0.48,0,0,0,0,0,0,0,0,0,0,0,0,0,0,0,0,0,0,0,0,0,0,0,0,0,0,0,0,0,0,0,0,0,0,0,0,0,0,0,0,0,0,0,0,0,0,0,0,0,0,0,0,0,0,0,0
168,Rivi?re Des Mille Iles ? Laval,45.5406,-73.8808,2020,0,0.2,0.31,0.55,0.52,0.39,0.16,0,0,0,0,0,0,0,0,0,0.18,0,0.16,0,0.6,0,0,0,0,0,0,0,0,0.11,0,0,0,0,0,0,0,0,0,0,0,0,0,0,0,0,0,0,0,0,0,0,0,0,0,0,0,0,0,0,0,0,0,0,0,0,0,0,0,0,0,0,0,0,0,0,0
169,Rivi?re Des Prairies ? Montr?al,45.5343,-73.7266,2020,0,0,0.19,0.31,0.36,0.28,0.15,0,0,0,0,0,0,0,0,0,0.12,0,0.06,0,0.38,0,0,0,0,0,0,0,0,0.07,0,0,0,0,0,0,0,0,0,0,0,0,0,0,0,0,0,0,0,0,0,0,0,0,0,0,0,0,0,0,0,0,0,0,0,0,0,0,0,0,0,0,0,0,0,0,0
170,Rivi?re Des Outaouais ? Saint-Placide,NA,NA,2020,0,0.54,0.31,0.41,0.39,0.25,0.16,0,0,0,0,0,0,0,0,0,0.16,0,0.07,0,0.4,0,0,0,0,0,0,0,0,0,0,0,0,0,0,0,0,0,0,0,0,0,0,0,0,0,0,0,0,0,0,0,0,0,0,0,0,0,0,0,0,0,0,0,0,0,0,0,0,0,0,0,0,0,0,0,0
171,Rivi?re Du Cap Rouge ? Cap-Rouge (Qu?bec),NA,NA,2020,0,2.7,8.45,4.97,2.21,0.57,0.08,0,0,0,0,0,0,0,0,0,0.25,0.02,0.23,0,0.44,0,0,0,0,0,0,0,0,0,0,0,0,0,0,0,0,0,0,0,0,0,0,0,0,0,0,0,0,0,0,0,0,0,0,0.14,0,0,0.08,0,0,0,0,0,0,0,0.54,0,0.88,0,0,0,0,0,0,0,0
172,Rivi?re Du Ch?ne ? Saint-Eustache,NA,NA,2020,0,13.26,39.82,48.47,21.13,6.77,1.86,0,0,0,0,0,0,0,1.44,0,3.2,4.96,41.34,1.44,59.54,0,0,0,0,0,2.67,12.47,0,0,0,0,0,0,0,0,0,0,0,0,0,0,0,0,0,0,0,0,0,0,0,0,0,0,0.07,0.09,1.59,0,0.54,0,0,0,0,0,0,0.09,0,0,0,0,0,0,0,0.15,1.14,0.4,0.03
173,Rivi?re Du Chicot ? Saint-Eustache,NA,NA,2020,0,2.37,2.2,1.82,0.54,0.46,0.06,0,0,0,0,0,0,0,0,0,0.22,0.02,0.4,0,0.48,0,0,0,0,0,0.03,0,0,0.1,0,0,0,0,0,0,0,0,0,0,0,0,0,0,0,0,0,0,0,0,0,0,0,0,0.09,0.07,0.05,0,5.79,0,0,0,0,0,0,0,0,0,0,0,0,0,0,0,0.07,0,0
174,Rivi?re Etchemin ? L?vis,46.76038,-71.22938,2020,2.72,0.8,2.13,1.87,2.46,0.46,0.22,0,0,0,0,0,0,0,0,0,0.17,0,0,0,0.29,0,0,0,0,0,0,0,0,0,0,0,0,0,0,0,0,0,0,0,0,0,0,0,0,0,0,0,0,0,0,0,0,0,0,0,0,0,0,0,0,0,0,0,0,0,0,0,0,0,0,0,0,0.04,0.27,0,0
175,"Rivi?re Mascouche ? Terrebonne, Point #1",NA,NA,2020,0.9,9.46,18.48,23.55,8.08,12.51,0.52,0,0.1,0,0,0,0,0,0.66,0,2.93,1.43,7.17,0.31,6.52,0,0,0,0,0,0.26,0,0,0.09,0,0,0,0,0,0,0,0,0,0,0,0,0,0,0,0,0,0,0,0,0,0,0,0,0,0.86,0.38,0,0,0,0,0,0,0,0,0,0,0,0,0,0,0,0,0,0,0,0
176,"Rivi?re Mascouche ? Terrebonne, Point #2",NA,NA,2020,0,2.92,7.18,5.64,2.6,2.84,0.52,0,0,0,0,0,0,0,0.11,0,1.43,0.2,2.45,0.06,4.41,0,0,0,0,0,0.26,0.03,0,0.18,0,0,0,0,0,0,0,0,0,0,0,0,0,0,0,0,0,0,0,0,0,0,0,0,0.04,0.09,0.06,0,0,0,0,0,0,0,0,0,0,0,0,0,0,0,0,0.19,1.11,0,0
177,Rivi?re Nicolet ? Nicolet,46.2275,-72.62389,2020,0,0.19,0,0.08,0.14,0.25,0.1,0,0,0,0,0,0,0,0,0,0.07,0,0,0,0.25,0,0,0,0,0,0,0,0,0.06,0,0,0,0,0,0,0,0,0,0,0,0,0,0,0,0,0,0,0,0,0,0,0,0,0,0,0,0,0,0,0,0,0,0,0,0,0,0,0,0,0,0,0,0,0,0,0
178,Rivi?re Richelieu ? Sorel-Tracy,46.019605,-73.132377,2020,0,0,1.02,0.94,0.65,0.84,0.13,0,0,0,0,0,0,0,0,0,0.43,0.03,0.31,0,0.67,0,0,0,0,0,0.24,0,0,0,0,0,0,0,0,0,0,0,0,0,0,0,0,0,0,0,0,0,0,0,0,0,0,0,0,0.08,0,0,0,0,0,0,0,0,0,0,0,0,0,0,0,0,0,0,0,0,0
179,Rivi?re Saint-Fran?ois ? Drummo0ville,NA,NA,2020,0,1.26,1.33,1.29,0.88,0.94,0.19,0.06,0,0,0,0,0,0,0,0,0.44,0.03,0,0,0.91,0,0,0,0,0,0,0,0,0.19,0,0,0,0,0,0,0,0,0,0,0,0,0,0,0,0,0,0,0,0,0,0,0,0,0,0,0,0,0,0,0,0,0,0,0,0.05,0,0.07,0,0,0,0,0,0.22,0.77,0,0
180,Rivi?re Saint-Fran?ois ? Pierreville,46.06687,-72.81258,2020,0,1.45,2.47,2.17,1.15,1.48,0.21,0.08,0,0,0,0,0,0,0,0,0.96,0.03,0.06,0,0.83,0,0,0,0,0,0.08,0,0,0.19,0,0,0,0,0,0,0,0,0,0,0,0,0,0,0,0,0,0,0,0,0,0,0,0,0,0,0,0,0,0,0,0,0,0,0,0,0,0,0,0,0,0,0,0.26,0.77,0,0
181,Rivi?re Saint-Fran?ois ? Fleurimont (Sherbrooke),45.4396,-71.9164,2020,0,0,0,0,0,0,0,0,0,0,0,0,0,0,0,0,0,0,0,0,0,0,0,0,0,0,0,0,0,0.15,0,0,0,0,0,0,0,0,0.18,0,0,0,0,0,0,0,0,0,0,0,0,0,0,0,0,0,0,0,0,0,0,0,0,0,0,0,0,0,0,0,0,0,0,0,0,0,0
182,"Rivi?re Saint-Jacques ? Brossard, Point #1",NA,NA,2020,0,6.23,12.77,9.77,6.35,3.19,0.72,0,0,0,0,0,0,0,0.1,0,1.4,0.04,0.76,0,1.9,0,0,0,0,0,0.26,0,0,0,0,0,0,0,0,0,0,0,0,0,0,0,0,0,0,0,0,0,0,0,0,0.05,0,0,0.11,0.18,0.09,0,0,0,0,0,0,0,0,0,0,0,0,0,0,0,0,0,0.1,2.92,0
183,"Rivi?re Saint-Jacques ? Brossard, Point #2",NA,NA,2020,0,5.14,12.44,9.09,6.21,2.95,1.45,0.14,0,0,0,0,0,0,0,0,1.31,0.08,0.83,0.02,2.48,0,0,0,0,0,0.26,0,0,0.12,0,0,0,0,0,0,0,0,0,0,0,0,0,0,0,0,0,0,0,0,0,0.06,0,0,0.33,0.31,0.14,0,0,0,0,0,0,0,0,0,0,0,0,0,0,0,0,0,0.14,0.74,0
184,"Rivi?re Saint-Jacques ? Brossard, Point #3",NA,NA,2020,0,3.84,11.16,10.9,6.37,3.19,1.08,0.1,0,0,0,0,0,0,0,0,1.26,0.05,0.55,0,1.05,0,0,0,0,0,0.18,0,0,0.06,0,0,0,0,0,0,0,0,0,0,0,0,0,0,0,0,0,0,0,0,0,0,0,0,0.36,0.43,0,0,0,0,0,0,0,0,0,0,0,0,0,0,0,0,0,0.04,0.15,1.41,0
185,Rivi?re Saint-R?gis ? Sainte-Catherine,45.3993,-73.5639,2020,0,6.05,5.91,7.12,1.59,1.67,0.34,0,0.12,0,0,0,0,0,0,0,3.38,0.05,0.38,0,2.54,0,0.07,0,0,0,0.68,0,0,0.05,0,0,0,0,0,0,0,0,0,0,0,0,0,0,0,0,0,0,0,0,0,0.23,0,0,0.26,0.31,0.03,0,0.82,0,0,0,0,0,0,0,0.14,0,0.31,0,0,0,0,0,0,0,0
186,Rivi?re Yamachiche ? Yamachiche,46.2662,-72.8066,2020,0,0,0,0.11,0.07,0.16,0,0,0,0,0,0,0,0,0,0,0.07,0,0,0,0.04,0,0,0,0,0,0,0,0,0,0,0,0,0,0,0,0,0,0,0,0,0,0,0,0,0,0,0,0,0,0,0,0,0,0,0,0,0,0,0,0,0,0,0,0,0,0,0,0,0,0,0,0,0,0,0,0
187,Rivi?re Yamaska ? Saint-Hyacinthe,45.6745,-72.9309,2020,0,5.27,3.68,3.92,2.47,3.22,0.35,0.07,0,0,0,0,0,0,0.41,0,1.3,0.15,0.45,0.07,2.86,0,0,0,0,0,0.08,0,0,0.2,0,0,0,0,0,0,0,0,0,0,0,0,0,0,0,0,0,0,0,0,0,0,0,0,0,0.3,0,0,0,0,0,0,0,0,0,0,0,0,0,0,0,0,0,0,0.02,0,0
188,Rivi?re Yamaska ? Yamaska,46.0052,-72.9121,2020,0,0.33,0.55,2.32,1.33,2.12,0.13,0,0,0,0,0,0,0,0.18,0,0.79,0.09,0.31,0.03,1.61,0,0,0,0,0,0.04,0,0,0,0,0,0,0,0,0,0,0,0,0,0,0,0,0,0,0,0,0,0,0,0,0,0,0,0,0,0,0,0,0,0,0,0,0,0,0,0,0,0,0,0,0,0,0,0.09,0,0
189,Foss? Daigneault ? Brossard,45.4262,-73.4552,2020,0,5.79,20.89,12.69,8.32,4.02,1.7,0.22,0,0,0,0,0,0,0,0,0.76,0.04,0.31,0,1.04,0,0,0,0,0,0.06,0,0,0.11,0,0,0,0,0,0,0,0,0,0,0,0,0,0,0,0,0,0,0,0,0,0.06,0,0,0.22,0.09,0.03,0,0,0,0,0,0,0,0,0,0,0,0,0,0,0,0,0.1,0.44,1.09,0
190,Ruisseau Bertra0 ? Montr?al,NA,NA,2020,0,1.67,3.09,1.64,0.71,0.85,0.14,0,0,0,0,0,0,0,0,0,0.43,0,0.12,0,1.13,0,0,0,0,0,0.05,0,0,0.26,0,0,0,0,0,0,0,0,0,0,0,0,0,0,0,0,0,0,0,0,0,0,0,0,0.11,0,0,0,0,0,0,0,0,0,0,0,0,0,0.27,0,0,0,0,0,0.07,0,0
191,Ruisseau du Parc de la Rivi?re Saint-Jacques ? Brossard,NA,NA,2020,0,5.2,11.6,11.02,12.46,6.78,4.46,0.43,0.11,0,0,0,0,0,0,0,1.7,0.06,0.59,0,1.57,0,0,0,0,0,0.11,0,0,0.18,0,0,0,0,0,0,0,0,0,0,0,0,0,0,0,0,0,0,0,0,0,0.09,0,0,0.23,0.45,0,0,0,0,0,0,0,0,0,0,0,0,0,0,0,0,0,0,0.17,0.48,0
192,Ruisseau Henri Giroux ? Mirabel (HG2),45.655743,-74.091661,2020,2.47,122.16,539.44,685.23,127.22,88.11,15.93,0,0.23,0,0,0,0,0,14.44,0.68,28.07,43.15,372.99,17.21,622.28,1.89,0.1,0,0,0,27.53,175.77,1.14,0.85,0,0,0,0,0,0,0,0,0,0,0,0,0,0,0,0,0,0.08,6.76,0.28,0,0,0,0,0,0,4.64,0,1.01,0,0,0,0,0,0.06,5.06,0,2.26,0,0,0,0,0,108.8,569.67,27.49,0.75
193,Ruisseau La Pini?re ? Laval,45.6244,-73.64,2020,0,3.83,5.12,5.35,1.42,1.81,0.25,0,0,0,0,0,0,0,0,0,0.65,0,0.2,0,1.37,0,0,0,0,0,0.06,0,0,0.19,0,0,0,0,0,0,0,0,0,0,0,0,0,0,0,0,0,0,0,0,0,0,0,0,0,0.2,0.08,0,0,0,0,0,0,0,0,0,0,0,0,0,0,0,0,0,0,0,0
194,Petite Rivi?re du Ch?ne ? Leclercville,46.572733,-71.993158,2020,0,0,0,0.07,0.44,0.26,0.11,0,0,0,0,0,0,0,0,0,0,0,0,0,0.09,0,0,0,0,0,0,0,0,0,0,0,0,0,0,0,0,0,0,0,0,0,0,0,0,0,0,0,0,0,0,0,0,0,0,0,0,0,0,0,0,0,0,0,0,0,0,0,0,0,0,0,0,0,0,0,0
195,Gra0 Lac Saint-Fran?ois ? La Source (Saint-Romain),NA,NA,2020,0,0,0.18,0.11,0.52,0.34,0.18,0,0,0,0,0,0,0,0,0,0.1,0,0,0,0.14,0,0,0,0,0,0,0,0,0,0,0,0,0,0,0,0,0,0,0,0,0,0,0,0,0,0,0,0,0,0,0,0,0,0,0,0,0,0,0,0,0,0,0,0,0,0,0,0,0,0,0,0,0,0,0,0
196,Lac Archambault ? Saint-Donat-de-Montcalm,46.3152,-74.2272,2020,0,0,0,0,0.19,0,0.08,0,0,0,0,0,0,0,0,0,0,0,0,0,0,0,0,0,0,0,0,0,0,0,0,0,0,0,0,0,0,0,0,0,0,0,0,0,0,0,0,0,0,0,0,0,0,0,0.08,0.2,0,0,0,0,0,0,0,0,0,0,0,0,0,0,0,0,0,0,0,0,0
197,Lac Aylmer ? Disraeli,45.8979,-71.3574,2020,0,0,0.47,0.14,0.43,0.12,0.05,0,0,0,0,0,0,0,0,0,0,0,0,0,0.26,0,0,0,0,0,0,0,0,0,0,0,0,0,0,0,0,0,0,0,0,0,0,0,0,0,0,0,0,0,0,0,0,0,0,0,0,0,0,0,0,0,0,0,0,0,0,0,0,0,0,0,0,0,0,0,0
198,Lac Brompton ? Saint-Denis-de-Brompton,45.4634,-72.133,2020,0,0.38,0.34,0.21,0.58,0.71,0.2,0.05,0,0,0,0,0,0,0,0,0.09,0,0,0,0.51,0,0,0,0,0,0,0,0,0,0,0,0,0,0,0,0,0,0,0,0,0,0,0,0,0,0,0,0,0,0,0,0,0,0,0,0,0,0,0,0,0,0,0,0,0,0,0,0,0,0,0,0,0,0,0,0
199,Lac de l'Achigan ? Saint-Hippolyte,45.9527,-73.9693,2020,0,0,0,0.13,0.42,0,0.18,0.05,0,0,0,0,0,0,0,0,0.03,0,0,0,0.05,0,0,0,0,0,0.03,0,0,0,0,0,0,0,0,0,0,0,0,0,0,0,0,0,0,0,0,0,0,0,0,0,0,0,0,0,0,0,0,0,0,0,0,0,0,0,0,0,0,0,0,0,0,0,0,0,0
200,Lac Ouareau ? Saint-Donat-de-Montcalm,46.2808,-74.1597,2020,0,0.29,0,0,0.3,0,0.11,0,0,0,0,0,0,0,0,0,0,0,0,0,0,0,0,0,0,0,0,0,0,0,0,0,0,0,0,0,0,0,0,0,0,0,0,0,0,0,0,0,0,0,0,0,0,0,0,0,0,0,0,0,0,0,0,0,0,0.03,0,0.04,0,0,0,0,0,0,0,0,0
201,BOU1,45.64867,-73.48136,2020,0,2.83,1.69,1.64,1.16,2.26,0.38,0,0,0,0,0,0,0,0.09,0,0.64,0.19,1.05,0.05,3.77,0,0,0,0,0,0.09,0,0,0.07,0,0,0,0,0,0,0,0,0,0,0,0,0,0,0,0,0,0,0,0,0,0,0,0,0,0,0.41,0,0,0,0,0,0,0,0,0,0,0,0,0,0,0,0,0,0.02,0,0
202,BOU2,45.644183,-73.466233,2020,0,1.49,1.32,1.13,0.7,1.53,0.22,0,0,0,0,0,0,0,0,0,0.35,0.07,0.71,0.02,1.94,0,0,0,0,0,0.16,0,0,0.06,0,0,0,0,0,0,0,0,0,0,0,0,0,0,0,0,0,0,0,0,0,0,0,0,0,0,0.35,0,0,0,0,0,0,0,0,0,0,0,0,0,0,0,0,0,0.02,0,0
203,BOU3,45.64645,-73.4526,2020,0,1.43,1.3,1.46,0.96,1.65,0.15,0,0,0,0,0,0,0,0.07,0,0.5,0.12,0.87,0.02,2.11,0,0,0,0,0,0.08,0,0,0.06,0,0,0,0,0,0,0,0,0,0,0,0,0,0,0,0,0,0,0,0,0,0,0,0,0,0,0.44,0,0,0,0,0,0,0,0,0,0,0,0,0,0,0,0,0,0.02,0,0
204,BOU4,45.569363,-73.507785,2020,0,1.61,1.46,1.44,1.03,2.04,0.3,0,0,0,0,0,0,0,0.07,0,0.54,0.09,0.93,0.02,2.53,0,0,0,0,0,0.09,0,0,0,0,0,0,0,0,0,0,0,0,0,0,0,0,0,0,0,0,0,0,0,0,0,0,0,0,0,0.45,0,0,0,0,0,0,0,0,0,0,0,0,0,0,0,0,0,0,0,0
205,CAC_1,47.974967,-69.7165,2020,0,0.48,0.37,0.59,0.21,0.33,0.06,0,0,0,0,0,0,0,0,0,0.12,0.03,0.18,0,0.5,0,0,0,0,0,0.08,0,0,0,0,0,0.41,0,0,0,0,0,0,0,0,0,0,0,0,0,0,0,0,0,0,0,0,0,0,0,0.06,0,0,0,0,0,0,0,0,0,0,0,0,0,0,0,0,0,0,0,0
206,CAC_2,47.987831,-69.624706,2020,0,0.51,0.36,0.6,0.29,0.5,0.09,0,0,0,0,0,0,0,0,0,0.11,0.03,0.21,0,0.92,0,0,0,0,0,0.08,0,0,0,0,0,0.23,0,0,0,0,0,0,0,0,0,0,0,0,0,0,0,0,0,0,0,0,0,0,0,0.09,0,0,0,0,0,0,0,0,0,0,0,0,0,0,0,0,0,0,0,0
207,CAC_3,47.928483,-69.54455,2020,0,0.2,0.28,0.54,0.16,0.29,0.05,0,0,0,0,0,0,0,0,0,0.09,0.02,0.12,0,0.4,0,0,0,0,0,0.08,0,0,0,0,0,0.15,0,0,0,0,0,0,0,0,0,0,0,0,0,0,0,0,0,0,0,0,0,0,0,0.04,0,0,0,0,0,0,0,0,0,0,0,0,0,0,0,0,0,0,0,0
208,CON1,45.845717,-73.310067,2020,0,0.39,0.39,0.65,0.45,0.9,0.24,0,0,0,0,0,0,0,0,0,0.33,0,0.4,0,1.32,0,0,0,0,0,0.03,0,0,0,0,0,0,0,0,0,0,0,0,0,0,0,0,0,0,0,0,0,0,0,0,0,0,0,0,0,0.13,0,0,0,0,0,0,0,0,0,0,0,0,0,0,0,0,0,0.02,0,0
209,CON2,45.8538,-73.27965,2020,0,1.91,1.16,1.34,0.87,1.36,0,0,0,0,0,0,0,0,0.07,0,0.5,0.07,0.65,0,2.39,0,0,0,0,0,0.24,0,0,0.06,0,0,0,0,0,0,0,0,0,0,0,0,0,0,0,0,0,0,0,0,0,0,0,0,0,0,0.33,0,0,0,0,0,0,0,0,0,0,0,0,0,0,0,0,0,0,0,0
210,CON3,45.850167,-73.269167,2020,0,1.03,1.35,1.61,0.95,2.11,0.29,0,0,0,0,0,0,0,0,0,0.57,0.99,0.9,0.38,2.29,0,0,0,0,0,0.55,0,0,0,0,0,0,0,0,0,0,0,0,0,0,0,0,0,0,0,0,0,0,0,0,0,0,0,0,0,0.48,0,0,0,0,0,0,0,0,0,0,0,0,0,0,0,0,0,0.19,0,0
211,LSL_1,45.357467,-73.809383,2020,0,0,0.49,0.42,0.29,0.51,0.16,0,0,0,0,0,0,0,0,0,0.13,0,0.1,0,0.58,0,0,0,0,0,0,0,0,0,0,0,0,0,0,0,0,0,0,0,0,0,0,0,0,0,0,0,1.99,0,0,0,0,0,0,0,0,0,0,0,0,0,0,0,0,0,0,0,0,0,0,0,0,0,0,0,0
212,LSL_2,45.396183,-73.838062,2020,0,2.25,1.86,1.83,1.07,2.13,0.31,0.23,0,0,0,0,0,0,0.35,0,0.73,0.57,1.06,0.45,2.9,0,0,0,0,0,0.5,0,0,0.33,0,0,0,0,0,0,0,0,0,0,0,0,0,0,0,0,0,0,0,0,0,0,0,0,0,0,0.47,0,0,0,0,0,0,0,0,0,0,0,0,0,0,0,0,0,0.12,0,0
213,LSL_3,45.379667,-73.809383,2020,0,1.58,1.29,1.55,0.66,1.85,0.35,0,0,0,0,0,0,0,0,0,0.52,0.09,0.9,0.03,2.83,0,0,0,0,0,0.28,0,0,0,0,0,0,0,0,0,0,0,0,0,0,0,0,0,0,0,0,0,0,0,0,0,0,0,0,0,0.45,0,0,0,0,0,0,0,0,0,0,0,0,0,0,0,0,0,0,0,0
214,LSPA_1,46.267261,-72.718877,2020,0,2.28,1.44,1.76,1.13,1.78,0.31,0.07,0,0,0,0,0,0,0.09,0,0.57,0.14,0.85,0.05,2.73,0,0,0,0,0,0.03,0,0,0.08,0,0,0,0,0,0,0,0,0,0,0,0,0,0,0,0,0,0,0,0,0,0,0,0,0,0,0.32,0,0,0,0,0,0,0,0,0,0,0,0,0,0,0,0,0,0.04,0,0
215,LSPA_2,46.263524,-72.708745,2020,0,1.59,0.93,0.97,0.66,1.41,0.31,0,0,0,0,0,0,0,0,0,0.44,0.08,0.67,0.03,2.19,0,0,0,0,0,0.07,0,0,0.05,0,0,0,0,0,0,0,0,0,0,0,0,0,0,0,0,0,0,0,0,0,0,0,0,0,0,0.33,0,0,0,0,0,0,0,0,0,0,0,0,0,0,0,0,0,0.02,0,0
216,LSPA3,46.256587,-72.694571,2020,0,1.63,1.27,1.54,0.94,1.84,0.19,0,0,0,0,0,0,0,0.05,0,0.78,0.11,0.92,0.02,2.3,0,0,0,0,0,0,0,0,0.08,0,0,0,0,0,0,0,0,0,0,0,0,0,0,0,0,0,0,0,0,0,0,0,0,0,0,0.45,0,0,0,0,0,0,0,0,0,0,0,0,0,0,0,0,0,0.03,0,0
217,LSPM_1,NA,NA,2020,0,1.85,1.5,1.06,0.83,1.45,0.27,0,0,0,0,0,0,0,0.32,0,0.47,0.76,0.65,0,2.15,0,0,0,0,0,0.22,0,0,0.26,0,0,0,0,0,0,0,0,0,0,0,0,0,0,0,0,0,0,0,0,0,0,0,0,0,0,0.36,0,0.5,0,0,0,0,0,0,0,0,0,0,0,0,0,0,0,0.41,0,0
218,LSPM2,46.204067,-72.824783,2020,0,0.8,1.39,1.55,1.16,1.83,0.33,0,0,0,0,0,0,0,0.08,0,0.73,0.12,0.93,0.03,2.52,0,0,0,0,0,0.06,0,0,0,0,0,0,0,0,0,0,0,0,0,0,0,0,0,0,0,0,0,0,0,0,0,0,0,0,0,0.55,0,0,0,0,0,0,0,0,0,0,0,0,0,0,0,0,0,0.04,0,0
219,LSPM3,46.183033,-72.799467,2020,0,0.64,1.73,1.31,1.04,1.73,0.23,0,0,0,0,0,0,0,0.06,0,0.72,0.1,0.9,0.02,2.3,0,0,0,0,0,0.04,0,0,0,0,0,0,0,0,0,0,0,0,0,0,0,0,0,0,0,0,0,0,0,0,0,0,0,0,0,0.41,0,0,0,0,0,0,0,0,0,0,0,0,0,0,0,0,0,0,0,0
220,MASS1,47.2516,-70.544167,2020,0,1.35,1.06,0.6,0.8,0,0,0,0,0,0,0,0,0,0,0,0.31,0.07,0.48,0,1.08,0,0,0,0,0,0,0,0,0.05,0,0,0,0,0,0,0,0,0,0,0,0,0,0,0,0,0,0,0,0,0,0,0,0,0,0,0.21,0,0,0,0,0,0,0,0,0,0,0,0,0,0,0,0,0,0.03,0,0
221,MASS2,47.221844,-70.452017,2020,0,0.97,0.94,1.05,0.87,1.2,0.15,0,0,0,0,0,0,0,0,0,0.37,0.08,0.61,0.03,1.7,0,0,0,0,0,0.06,0,0,0.22,0,0,0,0,0,0,0,0,0,0,0,0,0,0,0,0,0,0,0,0,0,0,0,0,0,0,0.3,0,0,0,0,0,0,0,0,0,0,0,0,0,0,0,0,0,0.04,0,0
222,MASS3,47.170421,-70.355877,2020,0,1.53,1.13,1.62,0.95,1.68,0.18,0,0,0,0,0,0,0,0,0,0.41,0.1,0.61,0.02,2.16,0,0,0,0.06,0,0.05,0,0,0.2,0.14,0,0.08,0.12,0,0,0,0,0,0,0,0,0,0,0,0,0,0.19,0,0,0,0.08,0.05,0,0,0.14,0.26,0,0,0,0,0,0,0,0,0,0.18,0,0.36,0,0.08,0,0,0,0.03,0,0
223,ORL1,47.058254,-70.75197,2020,0,1.91,1.59,1.21,0.95,1.3,0.11,0,0,0,0,0,0,0,0,0,0.44,0.09,0.69,0,2.08,0,0,0,0,0,0,0,0,0.27,0,0,0,0,0,0,0,0,0,0,0,0,0,0,0,0,0,0,0,0,0,0,0,0,0,0,0.39,0,0,0,0,0,0,0,0,0,0,0,0,0,0,0,0,0,0.05,0,0
224,ORL2,47.013333,-70.698767,2020,0,1.78,1.42,1.54,0.99,1.92,0.33,0,0,0,0,0,0,0,0,0,0.59,0.11,0.81,0.03,2.53,0,0,0,0,0,0.18,0,0,0.12,0,0,0,0,0,0,0,0,0,0,0,0,0,0,0,0,0,0,0,0,0,0,0,0,0,0,0.33,0,0.1,0,0,0,0,0,0,0,0,0,0,0,0,0,0,0,0.05,0,0
225,ORL3,46.98877,-70.661748,2020,0,1.21,1.28,1.26,0.96,1.82,0.33,0,0,0,0,0,0,0,0.05,0,0.57,0.1,0.76,0,2.05,0,0,0,0,0,0.04,0,0,0.2,0,0,0,0,0,0,0,0,0,0,0,0,0,0,0,0,0,0,0,0,0,0,0,0,0,0,0.4,0,0,0,0,0,0,0,0,0,0,0,0,0,0,0,0,0,0.04,0,0
226,QC1,46.843411,-71.179714,2020,0,1.07,0.91,0.96,0.58,1.26,0.2,0,0,0,0,0,0,0,0,0,0.39,0.07,0.65,0,1.81,0,0,0,0,0,0.07,0,0,0,0,0,0,0,0,0,0,0,0,0,0,0,0,0,0,0,0,0,0,0,0,0,0,0,0,0,0.3,0,0,0,0,0,0,0,0,0,0,0,0,0,0,0,0,0,0,0,0
227,QC2,46.83937,-71.166825,2020,0,0.69,1.37,1.65,0.71,1.21,0.13,0,0,0,0,0,0,0,0,0,0.43,0.08,0.74,0.02,2.13,0,0,0,0,0,0,0,0,0.09,0,0,0,0,0,0,0,0,0,0,0,0,0,0,0,0,0,0,0,0,0,0,0,0,0,0,0.37,0,0,0,0,0,0,0,0,0,0,0,0,0,0,0,0,0,0.04,0,0
228,QC3,46.833885,-71.152614,2020,0,1.19,1.32,1.44,1,0.76,0.27,0,0,0,0,0,0,0,0,0,0.51,0.1,0.72,0.02,2.28,0,0,0,0,0,0.04,0,0,0.38,0,0,0,0,0,0,0,0,0,0,0,0,0,0,0,0,0,0,0,0,0,0,0,0,0,0,0.33,0,0,0,0,0,0,0,0,0,0,0,0,0,0,0,0,0,0.05,0,0
229,REP1,45.744983,-73.43195,2020,0,1.49,0.21,0.8,0.47,0.24,0.19,0,0,0,0,0,0,0,0,0,0.26,0,0.14,0,0.47,0,0,0,0,0,0.03,0,0,0,0,0,0,0,0,0,0,0,0,0,0,0,0,0,0,0,0,0,0,0,0,0,0,0,0,0,0,0,0,0,0,0,0,0,0,0,0,0,0,0,0,0,0,0,0.07,0,0
230,REP2,45.741667,-73.424033,2020,0,1.2,1.47,1.5,0.96,1.59,0.19,0,0,0,0,0,0,0,0.07,0,0.63,0.11,0.95,0.02,1.82,0,0,0,0,0,0.05,0,0,0,0,0,0,0,0,0,0,0,0,0,0,0,0,0,0,0,0,0,0,0,0,0,0,0,0,0,0.47,0,0,0,0,0,0,0,0,0,0,0,0,0,0,0,0,0,0,0,0
231,REP3,45.745028,-73.406417,2020,0,1.48,1.32,1.19,1.03,1.81,0.33,0,0,0,0,0,0,0,0.06,0,0.49,0.11,0.89,0.04,2.76,0,0,0,0,0,0.11,0,0,0.06,0,0,0,0,0,0,0,0,0,0,0,0,0,0,0,0,0,0,0,0,0,0,0,0,0,0,0.49,0,0,0,0,0,0,0,0,0,0,0,0,0,0,0,0,0,0.03,0,0
232,REP4,45.736033,-73.411833,2020,0,2.29,1.5,1.75,1.12,2.09,0.28,0,0,0,0,0,0,0,0,0,0.66,0.14,1,0.03,2.41,0,0,0,0,0,0.1,0,0,0,0,0,0,0,0,0,0,0,0,0,0,0,0,0,0,0,0,0,0.42,0,0,0,0,0,0,0,0.52,0,0.81,0,0,0,0,0,0,0,0,0,0,0,0,0,0,0,0,0,0
233,SAD1,46.72085,-71.4773,2020,0,0.76,1.12,1.11,0.76,1.61,0.35,0,0,0,0,0,0,0,0,0,0.46,0.06,0.67,0.02,2.41,0,0,0,0,0,0.12,0,0,0,0,0,0,0,0,0,0,0,0,0,0,0,0,0,0,0,0,0,0,0,0,0,0,0,0,0,0.34,0,0,0,0,0,0,0,0,0,0,0,0,0,0,0,0,0,0.02,0,0
234,SAD2,46.71368,-71.471017,2020,0,1.17,1.51,1.64,0.8,1.51,0.25,0,0,0,0,0,0,0,0,0,0.45,0.08,0.72,0,2.08,0,0,0,0,0,0.11,0,0,0,0,0,0,0,0,0,0,0,0,0,0,0,0,0,0,0,0,0,0,0,0,0,0,0,0,0,0.32,0,0,0,0,0,0,0,0,0,0,0,0,0,0,0,0,0,0,0,0
235,SAD3,46.705459,-71.461456,2020,0,1.25,1.64,1.44,0.89,1.61,0.13,0,0,0,0,0,0,0,0.04,0,0.59,0.08,0.77,0,1.96,0,0,0,0,0,0.04,0,0,0,0,0,0,0,0,0,0,0,0,0,0,0,0,0,0,0,0,0,0,0,0,0,0,0,0,0,0.4,0,0,0,0,0,0,0,0,0,0,0,0,0,0,0,0,0,0.04,0,0
236,SORAM1,46.073983,-73.088683,2020,0,0.59,0.63,1.03,0.49,1.33,0.23,0,0,0,0,0,0,0,0,0,0.47,0.04,0.64,0.02,1.66,0,0,0,0,0,0,0,0,0,0,0,0,0,0,0,0,0,0,0,0,0,0,0,0,0,0,0,0,0,0,0,0,0,0,0,0.28,0,0,0,0,0,0,0,0,0,0,0,0,0,0,0,0,0,0,0,0
237,SORAM2,46.067283,-73.07645,2020,0,1.55,1.2,1.17,0.86,1.82,0.23,0,0,0,0,0,0,0,0,0,0.45,0.13,0.88,0.04,2.05,0,0,0,0,0,0.2,0,0,0,0,0,0,0,0,0,0,0,0,0,0,0,0,0,0,0,0,0,0,0,0,0,0,0,0,0,0.43,0,0,0,0,0,0,0,0,0,0,0,0,0,0,0,0,0,0.03,0,0
238,SORAM3,46.06175,-73.0656,2020,0,1.3,1.33,1.72,0.94,1.79,0.3,0,0,0,0,0,0,0,0.09,0,0.57,0.11,1,0.04,2.53,0,0,0,0,0,0.07,0,0,0,0,0,0,0,0,0,0,0,0,0,0,0,0,0,0,0,0,0,0,0,0,0,0,0,0,0,0.46,0,0,0,0,0,0,0,0,0,0,0,0,0,0,0,0,0,0.03,0,0
239,SORAV1,46.172584,-72.964877,2020,0,0.77,0.64,0.88,0.52,0.93,0,0,0,0,0,0,0,0,0,0,0.34,0.03,0.47,0,1.36,0,0,0,0,0,0.05,0,0,0,0,0,0,0,0,0,0,0,0,0,0,0,0,0,0,0,0,0,0,0,0,0,0,0,0,0,0.19,0,0,0,0,0,0,0,0,0,0,0,0,0,0,0,0,0,0.02,0,0
240,SORAVE2,NA,NA,2020,0,0.6,1.7,1.61,0.94,1.46,0.2,0,0,0,0,0,0,0,0,0,0.46,0.07,0.71,0,1.76,0,0,0,0,0,0.04,0,0,0.09,0,0,0,0,0,0,0,0,0,0,0,0,0,0,0,0,0,0,0,0,0,0,0,0,0,0,0.33,0,0,0,0,0,0,0,0,0,0,0,0,0,0,0,0,0,0.03,0,0
241,SORAVE3,NA,NA,2020,0,0.54,2.08,1.53,1.13,2.38,0.15,0,0,0,0,0,0,0,0.09,0,0.68,0.12,0.98,0.03,2.54,0,0,0,0,0,0.14,0,0,0.09,0,0,0,0,0,0,0,0,0,0,0,0,0,0,0,0,0,0,0,0,0,0,0,0,0,0,0.53,0,0,0,0,0,0,0,0,0,0,0,0,0,0,0,0,0,0.03,0,0
242,STA1,46.57575,-72.098125,2020,0,0,0.42,0.87,0.68,1.17,0.22,0,0,0,0,0,0,0,0,0,0.32,0.05,0.48,0,1.43,0,0,0,0,0,0.06,0,0,0,0,0,0,0,0,0,0,0,0,0,0,0,0,0,0,0,0,0,0,0,0,0,0,0,0,0,0.21,0,0,0,0,0,0,0,0,0,0,0,0,0,0,0,0,0,0,0,0.03
243,STA2,46.569129,-72.098872,2020,0,1.94,1.38,1.18,0.92,1.63,0.21,0,0,0,0,0,0,0,0.07,0,0.54,0.08,0.73,0,1.97,0,0,0,0,0,0.07,0,0,0,0,0,0,0,0,0,0,0,0,0,0,0,0,0,0,0,0,0,0,0,0,0,0,0,0,0,0.4,0,0,0,0,0,0,0,0,0,0,0,0,0,0,0,0,0,0.05,0,0
244,STA3,46.562646,-72.10002,2020,0,2.43,1.54,1.67,0.98,1.95,0.32,0,0,0,0,0,0,0,0.06,0,0.77,0.12,0.88,0.03,2.33,0,0,0,0,0,0.04,0,0,0,0,0,0,0,0,0,0,0,0,0,0,0,0,0,0,0,0,0,0.43,0,0,0,0,0,0,0,0.45,0,0,0,0,0,0,0,0,0,0,0,0,0,0,0,0,0,0,0,0
245,STAN_1,47.715604,-69.924038,2020,0,1.12,0.7,0.82,0.58,1.02,0.13,0,0,0,0,0,0,0,0,0,0.27,0.06,0.42,0,1.45,0,0,0,0,0,0.13,0,0,0.11,0,0,0.16,0,0,0,0,0,0,0,0,0,0,0,0,0,0,0,0,0,0,0,0,0,0,0,0.14,0,0,0,0,0,0,0,0,0,0,0,0,0,0,0,0,0,0,0,0
246,STAN_2,47.680059,-69.860108,2020,0,1.03,0.73,0.98,0.57,0.74,0.11,0,0,0,0,0,0,0,0,0,0.29,0.06,0.4,0,1.43,0,0,0,0,0,0.11,0,0,0,0,0,0.17,0,0,0,0,0,0,0,0,0,0,0,0,0,0,0,0,0,0,0,0,0,0,0,0.16,0,0,0,0,0,0,0,0,0,0,0,0,0,0,0,0,0,0,0,0
247,STAN_3,47.66745,-69.787083,2020,0,0.86,0.56,0.81,0.53,0.58,0.1,0,0,0,0,0,0,0,0,0,0.27,0.07,0.37,0,1.21,0,0,0,0,0,0.07,0,0,0,0,0,0.37,0,0,0,0,0,0,0,0,0,0,0,0,0,0,0,0,0,0,0,0,0,0,0,0.15,0,0,0,0,0,0,0,0,0,0,0,0,0,0,0,0,0,0,0,0
248,STIR1,47.55815,-70.18045,2020,0,0.39,0.29,0.45,0.23,0.55,0,0,0,0,0,0,0,0,0,0,0.2,0.02,0.28,0,0.96,0,0,0,0,0,0.05,0,0,0,0,0,0,0,0,0,0,0,0,0,0,0,0,0,0,0,0,0,0,0,0,0,0,0,0,0,0.14,0,0,0,0,0,0,0,0,0,0,0,0,0,0,0,0,0,0,0,0
249,STIR2,47.5343,-70.1054,2020,0,0,0.46,0.6,0.22,0.46,0,0,0,0,0,0,0,0,0,0,0.2,0.03,0.31,0,0.77,0,0,0,0,0,0,0,0,0,0,0,0,0,0,0,0,0,0,0,0,0,0,0,0,0,0,0,0,0,0,0,0,0,0,0,0.15,0,0,0,0,0,0,0,0,0,0,0,0,0,0,0,0,0,0,0,0
250,STIR3,47.504083,-70.021517,2020,0,0,0.4,0.37,0.21,0,0,0,0,0,0,0,0,0,0,0,0.16,0.04,0.22,0,0.45,0,0,0,0,0,0,0,0,0,0,0,0,0,0,0,0,0,0,0,0,0,0,0,0,0,0,0,0,0,0,0,0,0,0,0,0.1,0,0,0,0,0,0,0,0,0,0,0,0,0,0,0,0,0,0,0,0
251,STJO_1,47.445917,-70.300367,2020,0,0.73,0.77,1.02,0.56,0.49,0.05,0,0,0,0,0,0,0,0,0,0.26,0.05,0.35,0,1.33,0,0,0,0,0,0.08,0,0,0,0,0,0.11,0,0,0,0,0,0,0,0,0,0,0,0,0,0,0,0,0,0,0,0,0,0,0,0.17,0,0,0,0,0,0,0,0,0,0,0,0,0,0,0,0,0,0.03,0,0
252,STJO2,47.416383,-70.219967,2020,0,0,0.31,0.52,0.34,0,0.05,0,0,0,0,0,0,0,0,0,0.18,0.04,0.29,0,0.97,0,0,0,0,0,0.09,0,0,0.05,0,0,0,0,0,0,0,0,0,0,0,0,0,0,0,0,0,0,0,0,0,0,0,0,0,0,0.14,0,0,0,0,0,0,0,0,0,0,0,0,0,0,0,0,0,0.03,0,0
253,STJO3,47.3906,-70.13095,2020,0,0.73,0.32,1.08,0.31,0.08,0,0,0,0,0,0,0,0,0,0,0.18,0.04,0.22,0,1.38,0,0,0,0,0,0.04,0,0,0.11,0,0,0,0,0,0,0,0,0,0,0,0,0,0,0,0,0,0,0,0,0,0,0,0,0,0,0.17,0,0,0,0,0,0,0,0,0,0,0,0,0,0,0,0,0,0,0,0
254,STM1,46.349237,-72.527838,2020,0,0,0.36,0,0.23,0,0.06,0,0,0,0,0,0,0,0,0,0,0,0,0,0,0,0,0,0,0,0,0,0,0,0,0,0,0,0,0,0,0,0,0,0,0,0,0,0,0,0,0,0,0,0,0,0,0,0,0,0,0,0,0,0,0,0,0,0,0,0,0,0,0,0,0,0,0,0,0,0
255,STM2,46.345992,-72.529377,2020,0,0,1.42,1.57,0.95,1.51,0.1,0,0,0,0,0,0,0,0.08,0,0.59,0.1,0.78,0.02,2.43,0,0,0,0,0,0.03,0,0,0.08,0,0,0,0,0,0,0,0,0,0,0,0,0,0,0,0,0,0,0,0,0,0,0,0,0,0,0.39,0,0,0,0,0,0,0,0,0,0,0,0,0,0,0,0,0,0,0,0
256,STM3,46.340461,-72.520947,2020,0,1.04,1.61,1.5,0.94,1.64,0.06,0,0,0,0,0,0,0,0.07,0,0.69,0.1,0.88,0.03,2.45,0,0,0,0,0,0,0,0,0.09,0,0,0,0,0,0,0,0,0,0,0,0,0,0,0,0,0,0,0,0,0,0,0,0,0,0,0.41,0,0,0,0,0,0,0,0,0,0,0,0,0,0,0,0,0,0.03,0,0
257,STM4,46.336517,-72.518583,2020,0,0.92,1.55,1.59,0.83,1.58,0.07,0,0,0,0,0,0,0,0.06,0,0.67,0.11,0.81,0.03,1.83,0,0,0,0,0,0.07,0,0,0,0,0,0,0,0,0,0,0,0,0,0,0,0,0,0,0,0,0,0,0,0,0,0,0,0,0,0.38,0,0,0,0,0,0,0,0,0,0,0,0,0,0,0,0,0,0.04,0,0
258,TCL_1,45.588744,-73.497937,2020,0,2.43,2.11,2.28,1.34,2.44,0.38,0.04,0,0,0,0,0,0,0.14,0,0.91,0.2,1.19,0.05,3.21,0,0,0,0,0,0.11,0,0,0.06,0,0,0.1,0,0,0,0,0,0,0,0,0,0,0,0,0,0,0,0,0,0,0,0,0,0,0,0.49,0,0,0,0,0,0,0,0,0,0,0,0,0,0,0,0,0,0.04,0,0
259,TCM_1,NA,NA,2020,0,0.24,0.31,0.32,0.18,0.32,0.17,0,0,0,0,0,0,0,0,0,0.09,0,0.08,0,0.47,0,0,0,0,0,0,0,0,0,0,0,0,0,0,0,0,0,0,0,0,0,0,0,0,0,0,0,0,0,0,0,0,0,0,0,0,0,0,0,0,0,0,0,0,0,0,0,0,0,0,0,0,0,0.02,0,0
260,TCM_1-5,45.6665,-73.46425,2020,0,3.51,3.59,4.06,1.52,2.77,0.45,0.09,0,0,0,0,0,0,0.14,0,1,0.14,1.19,0.05,4.19,0,0,0,0,0,0.15,0.03,0,0.16,0,0,0,0,0,0,0,0,0,0,0,0,0,0,0,0,0,0,0,0,0,0,0,0,0,0,0.42,0,0.05,0,0,0,0,0,0,0,0,0,0,0,0,0,0,0,0.05,0,0
261,TCM_2,NA,NA,2020,0,2.52,1.78,2.1,1.44,2.14,0.37,0.04,0,0,0,0,0,0,0.09,0,0.63,0.15,1.15,0.05,3.72,0,0,0,0,0,0.13,0,0,0.07,0,0,0,0,0,0,0,0,0,0,0,0,0,0,0,0,0,0,0,0,0,0,0,0,0,0,0.5,0,0,0,0,0,0,0,0,0,0,0,0,0,0,0,0,0,0.06,0,0
262,TCM_2_5,45.678933,-73.456733,2020,0,1.77,1.44,1.9,0.69,1.6,0.24,0,0,0,0,0,0,0,0.04,0,0.45,0.08,0.71,0.02,2.1,0,0,0,0,0,0.06,0,0,0.06,0,0,0,0,0,0,0,0,0,0,0,0,0,0,0,0,0,0,0.89,0,0,0,0,0,0,0.07,0.36,0,0,0,0,0,0,0,0,0,0,0,0,0,0,0,0,0,0,0,0
263,TCM_3,45.703167,-73.444867,2020,0,2.54,1.75,1.73,1.13,2.05,0.22,0,0,0,0,0,0,0,0.08,0,0.74,0.19,1.13,0.05,2.95,0,0,0,0,0,0.11,0,0,0,0,0,0.08,0,0,0,0,0,0,0,0,0,0,0,0,0,0,0,0,0,0,0,0,0,0,0,0.45,0,0.85,0,0,0,0,0,0,0,0,0,0,0,0,0,0,0,0.06,0,0
264,TRA2,45.996392,-73.183399,2020,0,1.15,1.69,1.31,0.91,2.01,0.17,0,0,0,0,0,0,0,0.05,0,0.49,0.1,0.73,0,2.08,0,0,0,0,0,0.05,0,0,0,0,0,0,0,0,0,0,0,0,0,0,0,0,0,0,0,0,0,0,0,0,0,0,0,0,0,0.41,0,0,0,0,0,0,0,0,0,0,0,0,0,0,0,0,0,0.06,0,0
265,TRA3,45.995608,-73.17874,2020,0,1.82,1.35,1.97,0.81,1.31,0.05,0,0,0,0,0,0,0,0,0,0.64,0.13,1,0.02,2.78,0,0,0,0,0,0,0,0,0,0,0,0,0,0,0,0,0,0,0,0,0,0,0,0,0,0,0,0,0,0,0,0,0,0,0,0.49,0,0,0,0,0,0,0,0,0,0,0,0,0,0,0,0,0,0,0,0
266,Belle Rivi?re ? Mirabel (BR1),45.6799,-74.0613,2021,0,1.86,0.41,0.38,0,0.19,0,0,0,0,0,0,0,0,0.18,0,0,0,0.76,0,0.37,0,0,0,0,0,0,0,0,0,0,0,0,0,0,0,0,0,0,0,0,0,0,0,0,0,0,0,0,0,0,0,0,0,0,0,0,0,0,0,0,0,0,0,0,0,0,0,0,0,0,0,0,0,0,0,0
267,Belle Rivi?re ? Mirabel (BR2),45.658472,-74.085532,2021,0.68,9.03,20.57,24.16,15.05,5.28,0.51,0,0,0,0,0,0,0,2.49,0.17,5.07,5.79,46.16,1.6,39,0,0,0,0,0,2.61,2.95,0,0.1,0,0,0,0,0,0,0,0,0,0,0,0,0,0,0,0,0,0,0,0,0,0,0,0,0,0,6.82,0,0,0,0,0,0,0,0,0,0,0,0,0,0,0,0,0.34,1.91,0,0
268,Belle Rivi?re ? Mirabel (BR3),45.649902,-74.093588,2021,1.11,23.14,88.43,75.93,38.6,12,2.46,0.45,0,0,0,0,0,0,4.46,0.35,7.8,10.42,80.77,3.74,142.98,0,0,0,0,0,14.59,27.81,0,0,0,0,0,0,0,0,0,0,0,0,0,0,0,0,0,0,0,0,0,0,0,0,0,0,0,0,7.82,0,0,0,0,0,0,0,0,0.07,0,0.06,0,0,0,0,0,8,50.64,5.07,0.06
269,Belle Rivi?re ? Mirabel (BR4),45.6315,-74.0918,2021,0,16.22,60.27,43.5,19.36,10.16,1.93,0.51,0,0,0,0,0,0,2.64,0,5.12,5.44,44.21,2.25,79.04,0,0,0,0,0,3.01,9.26,0.1,0.15,0,0,0,0,0,0,0,0,0,0,0,0,0,0,0,0,0,0,0.53,0,0,0,0,0,0,0,15.48,0,0,0,0,0,0,0,0,0,0,0.05,0,0,0,0,0,7.39,40.26,8.36,0.03
270,Canal Lachine ? Montr?al,45.47754,-73.57649,2021,1.09,1.27,0.56,0.69,0.55,0.49,0.16,0.04,0,0,0,0,0,0,0,0,0.2,0,0.1,0,0.92,0,0,0,0,0,0,0,0,0,0,0,0,0,0,0,0,0,0,0,0,0,0,0,0,0,0,0,0,0,0,0,0,0,0,0,0,0,0,0,0,0,0,0,0,0,0,0,0,0,0,0,0,0,0.02,0,0
271,Coul?e Grou ? Montreal,45.6983,-73.5039,2021,0,4.64,3.5,5.61,1,4.92,0.29,0.03,0,0,0,0,0,0,0.27,0,1.44,0.13,0.28,0.05,4.33,0,0,0,0,0,0.03,0,0,0.07,0,0,0,0,0.09,0,0,0,0,0,0,0,0,0,0,0,0,0,0,0,0,0,0,0,0,0,0.06,0,0,0,0,0,0,0,0,0,0,0,0,0,0,0,0,0,0,0,0
272,Cours d'eau du 9e rang ? Alma,48.55203,-71.65548,2021,0,1.48,0.64,1.06,0.37,0.37,0.08,0,0,0,0,0,0,0,0,0,0.28,0,0.14,0,0.6,0,0,0,0,0,0.03,0,0,0.07,0,0,0,0,0,0,0,0,0,0,0,0,0,0,0,0,0,0,0,0,0,0,0,0,0,0,0,0,0,0,0,0,0,0,0,0,0,0,0,0,0,0,0,0,0,0,0
273,Fleuve Saguenay ? La Baie,48.3214,-70.8441,2021,0,0.25,0.26,0.31,0.22,0.17,0.12,0,0,0,0,0,0,0,0,0,0.05,0,0.03,0,0.19,0,0,0,0,0,0,0,0,0,0,0,0,0,0,0,0,0,0,0,0,0,0,0,0,0,0,0,0,0,0,0,0,0,0,0,0,0,0,0,0,0,0,0,0,0,0,0,0,0,0,0,0,0,0,0,0
274,Rivi?re ? la Scie ? Levis,NA,NA,2021,0,1.51,1.64,2.32,1.21,1.1,0.18,0.05,0,0,0,0,0,0,0,0,0.47,0.26,1.78,0.06,3.53,0,0,0,0,0,0.05,0,0,0.26,0,0,0,0,0,0,0,0,0,0,0,0,0,0,0,0,0,0,0,0,0,0,0,0,0,0,0,0,0,0,0,0,0,0,0,0,0,0,0,0,0,0,0,0,0.06,0,0
275,Rivi?re ? la Tortue ? Delson,45.3922,-73.5381,2021,0,5.28,6.42,6.3,2.01,1.56,0.52,0.08,0,0,0,0,0,0,0,0,1.27,0.03,0.21,0,1.18,0,0,0,0,0,0.13,0,0,0.08,0,0,0,0,0,0,0,0,0,0,0,0,0,0,0,0,0,0,0,0,0,0.05,0,0,0.67,0.16,0.06,0,0,0,0,0,0,0,0,0,0,0,0,0,0,0,0,0,0,0,0
276,Rivi?re ? Mars ? la Baie,48.305,-70.9814,2021,0,0.65,0.94,0.72,0.21,0.13,0.09,0,0,0,0,0,0,0,0,0,0.15,0,0,0,0.17,0,0,0,0,0,0.03,0,0,0,0,0,0,0,0,0,0,0,0,0,0,0,0,0,0,0,0,0,0,0,0,0,0,0,0,0,0,0,0,0,0,0,0,0,0,0,0,0,0,0,0,0,0,0,0,0,0
277,Rivi?re Ashuapmushuan ? Saint-F?licien,48.686,-72.48767,2021,0,0.75,0.17,0.47,0.33,0.28,0.26,0.04,0,0,0,0,0,0,0,0,0.14,0,0.02,0,0.19,0,0,0,0,0,0.03,0,0,0,0,0,0,0,0,0,0,0,0,0,0,0,0,0,0,0,0,0,0,0,0,0,0,0,0,0,0,0,0,0,0,0,0,0,0,0,0,0,0,0,0,0,0,0,0,0,0
278,Rivi?re Aux Iroquois ? Saint-Prime,48.6016,-72.3456,2021,0,0,0.28,0.39,0.17,0,0.1,0,0,0,0,0,0,0,0,0,0.09,0,0,0,0.14,0,0,0,0,0,0,0,0,0,0,0,0,0,0,0,0,0,0,0,0,0,0,0,0,0,0,0,0,0,0,0,0,0,0,0,0,0,0,0,0,0,0,0,0,0,0,0,0,0,0,0,0,0,0,0,0
279,Rivi?re Aux Sables ? Jonqui?res,48.413535,-71.2568,2021,0,0.17,0.15,0.37,0.29,0.34,0.2,0,0,0,0,0,0,0,0,0,0.1,0,0,0,0.25,0,0,0,0,0,0.04,0,0,0,0,0,0,0,0,0,0,0,0,0,0,0,0,0,0,0,0,0,0,0,0,0,0,0,0,0,0,0,0,0,0,0,0,0,0,0,0,0,0,0,0,0,0,0,0,0,0
280,Rivi?re Batiscan ? Sainte-Genevi?ve-de-Batiscan,46.5288,-72.3335,2021,0,0.67,0.1,0.35,0.34,0.16,0.19,0.03,0,0,0,0,0,0,0,0,0.08,0,0.02,0,0.31,0,0,0,0,0,0,0,0,0,0,0,0,0,0,0,0,0,0,0,0,0,0,0,0,0,0,0,0,0,0,0,0,0,0,0,0,0,0,0,0,0,0,0,0,0,0,0,0,0,0,0,0,0,0,0,0
281,Rivi?re Bayonne ? Sainte-Genevi?ve-de-Berthier,46.0945,-73.226,2021,0,0.93,0.29,0.55,0.33,0.46,0.08,0,0,0,0,0,0,0,0,0,0.71,0.03,0.2,0,0.49,0,0,0,0,0,0.07,0,0,0.1,0,0,0,0,0,0,0,0,0,0,0,0,0,0,0,0,0,0,0,0,0,0,0,0,0,0,0,0,0,0,0,0,0,0,0,0,0,0,0,0,0,0,0,0,0,0,0
282,Rivi?re Beauport ? Qu?bec,46.8511,-71.1998,2021,0.6,1.65,1.43,1.38,0.53,1.02,0.1,0.04,0,0,0,0,0,0,0,0,0.4,0.04,0.34,0,0.58,0,0,0,0,0,0.05,0,0,0.32,0,0,0,0,0,0,0,0,0,0,0,0,0,0,0,0,0,0,0,0,0,0,0,0,0.73,0.27,0,0,0,0,0,0,0,0,0,0,0,0,0,0,0,0,0,0,0,0,0
283,Rivi?re B?cancour ? Saint-Louis-de-Bla0ford,NA,NA,2021,0,0.62,0.45,0.64,0.43,0.66,0.15,0,0,0,0,0,0,0,0,0,0.4,0.03,0.07,0,0.4,0,0,0,0,0,0.05,0,0,0,0,0,0,0,0,0,0,0,0,0,0,0,0,0,0,0,0,0,0,0,0,0,0,0,0,0,0,0,0,0,0,0,0,0,0,0,0,0,0,0,0,0,0,0,0,0,0
284,Rivi?re Boyer ? Saint-Michel-de-Bellechasse,NA,NA,2021,0,0.48,0.18,0.46,0.27,0,0.1,0,0,0,0,0,0,0,0,0,0.19,0,0.03,0,0.39,0,0,0,0,0,0,0,0,0.13,0,0,0,0,0,0,0,0,0,0,0,0,0,0,0,0,0,0,0,0,0,0,0,0,0,0,0,0,0,0,0,0,0,0,0,0,0,0,0,0,0,0,0,0,0,0,0
285,Rivi?re Ch?teauguay ? Ch?teauguay,45.3814,-73.7562,2021,0,2.11,1.28,1.37,1.09,1.56,0.58,0.17,0,0,0,0,0,0,0,0,0.66,0.04,0.39,0.04,1.06,0,0,0,0,0,0,0,0,0,0,0,0,0,0,0,0,0,0,0,0,0,0,0,0,0,0,0,0,0,0,0,0,0,0.11,0,0,0,0,0,0,0,0,0,0,0,0,0,0,0,0,0,0,0,0,0,0
286,Rivi?re Chaudi?re ? L?vis,46.714483,-71.280997,2021,1.86,2.05,1.71,2.27,1.65,1.15,0.24,0.03,0,0,0,0,0,0,0,0,0.52,0.04,0.13,0,0.51,0,0,0,0,0,0.03,0,0,0.12,0,0,0,0,0,0,0,0,0,0,0,0,0,0,0,0,0,0,0,0,0,0,0,0,0,0,0,0,0,0,0,0,0,0,0,0.03,0.09,0.05,0.17,0,0.13,0,0,0,0,0,0
287,Rivi?re Chicoutimi ? Chicoutimi,48.4109,-71.1061,2021,0,0.2,0.15,0.27,0.28,0.3,0.17,0,0,0,0,0,0,0,0,0,0.09,0,0.04,0,0.22,0,0,0,0,0,0.03,0,0,0,0,0,0,0,0,0,0,0,0,0,0,0,0,0,0,0,0,0,0,0,0,0,0,0,0,0,0,0,0,0,0,0,0,0,0,0,0,0,0,0,0,0,0,0,0,0,0
288,Rivi?re Des Ha ? Boilleau,NA,NA,2021,0,0,0.13,0.33,0.22,0.19,0.1,0,0,0,0,0,0,0,0,0,0,0,0,0,0.18,0,0,0,0,0,0,0,0,0,0,0,0,0,0,0,0,0,0,0,0,0,0,0,0,0,0,0,0,0,0,0,0,0,0,0,0,0,0,0,0,0,0,0,0,0,0,0,0,0,0,0,0,0,0,0,0
289,Rivi?re Des Ha ? la Baie,NA,NA,2021,0,0.57,0.16,0.36,0.2,0.24,0.07,0,0,0,0,0,0,0,0,0,0.09,0,0,0,0.22,0,0,0,0,0,0,0,0,0,0,0,0,0,0,0,0,0,0,0,0,0,0,0,0,0,0,0,0,0,0,0,0,0,0,0,0,0,0,0,0,0,0,0,0,0,0,0,0,0,0,0,0,0,0,0,0
290,"Rivi?re Des Mille Iles, point #1",NA,NA,2021,0.67,0.29,0.3,0.51,0.55,0.5,0.21,0.04,0,0,0,0,0,0,0,0,0.19,0,0.07,0,0.43,0,0,0,0,0,0.03,0,0,0.07,0,0,0,0,0,0,0,0,0,0,0,0,0,0,0,0,0,0,0,0,0,0,0,0,0,0,0,0,0,0,0,0,0,0,0,0,0,0,0,0,0,0,0,0,0,0,0
291,"Rivi?re Des Mille Iles, point #2",NA,NA,2021,0,1.46,0.37,0.56,0.5,0.51,0.2,0,0,0,0,0,0,0,0,0,0.2,0,0.1,0,0.76,0,0,0,0,0,0.03,0,0,0.08,0,0,0,0,0,0,0,0,0,0,0,0,0,0,0,0,0,0,0,0,0,0,0,0,0,0,0,0,0,0,0,0,0,0,0,0,0,0,0,0,0,0,0,0,0,0,0
292,"Rivi?re Des Mille Iles, point #3",NA,NA,2021,0,1.23,0.53,1.25,0.55,0.82,0.19,0.05,0,0,0,0,0,0,0,0,0.47,0,0.13,0,0.77,0,0,0,0,0,0.09,0,0,0.11,0,0,0,0,0,0,0,0,0,0,0,0,0,0,0,0,0,0,0,0,0,0,0,0,0,0,0,0,0,0,0,0,0,0,0,0,0,0,0,0,0,0,0,0,0,0,0
293,"Rivi?re Des Mille Iles, point #4",NA,NA,2021,0,0.71,0.23,0.57,0.57,0.29,0.24,0,0,0,0,0,0,0,0,0,0.23,0,0.12,0,0.58,0,0,0,0,0,0.04,0,0,0,0,0,0,0,0,0,0,0,0,0,0,0,0,0,0,0,0,0,0,0,0,0,0,0,0,0,0,0,0,0,0,0,0,0,0,0,0,0,0,0,0,0,0,0,0,0,0
294,"Rivi?re Des Mille Iles, point #5",NA,NA,2021,0.93,1.46,0.85,0.85,0.74,0.48,0.25,0.03,0,0,0,0,0,0,0,0,0.35,0,0.18,0.02,0.63,0,0,0,0,0,0,0,0,0.2,0,0,0,0.09,0,0,0,0,0,0,0,0,0,0,0,0,0,0,0,0,0,0,0,0,0.15,0.11,0,0,0,0,0,0,0,0,0,0,0,0,0.09,0,0,0,0,0,0.03,0,0
295,Rivi?re Des Outaouais ? Saint-Placide,NA,NA,2021,0,0.44,0.39,0.34,0,0.45,0.17,0,0,0,0,0,0,0,0,0,0.13,0,0.07,0,0.35,0,0,0,0,0,0.04,0,0,0.05,0,0,0,0,0,0,0,0,0,0,0,0,0,0,0,0,0,0,0,0,0,0,0,0,0,0,0,0,0,0,0,0,0,0,0,0,0,0,0,0,0,0,0,0,0.06,0,0
296,Rivi?re Des Prairies ? Montr?al,45.5343,-73.7266,2021,0.78,1.06,0.32,0.51,0.65,0.18,0.26,0.05,0,0,0,0,0,0,0,0,0.18,0,0.09,0,0.43,0,0,0,0,0,0,0,0,0,0,0,0,0,0,0,0,0,0,0,0,0,0,0,0,0,0,0,0,0,0,0,0,0,0,0,0,0,0,0,0,0,0,0,0,0,0,0,0,0,0,0,0,0,0,0,0
297,Rivi?re Des Prairies ? Pierrefo0s (Montr?al),45.4547,-73.9388,2021,0,1.1,0.49,0.45,0.62,0.36,0.2,0.06,0,0,0,0,0,0,0,0,0.23,0,0.07,0,0.53,0,0,0,0,0,0.06,0,0,0,0,0,0,0,0,0,0,0,0,0,0,0,0,0,0,0,0,0,0,0,0,0,0,0,0,0,0,0,0,0,0,0,0,0,0,0,0,0,0,0,0,0,0,0,0,0,0
298,Rivi?re Du Ch?ne ? Mirabel (DC1),NA,NA,2021,0,1.38,0.82,0.63,0.17,0.28,0,0,0,0,0,0,0,0,0.09,0,0.36,0.09,0.88,0,0.81,0,0,0,0,0,0,0,0,0.29,0,0,0,0,0,0,0,0,0,0,0,0,0,0,0,0,0,0,0,0,0,0,0,0,0,0,0,0,0,0,0,0,0,0,0,0,0,0,0,0,0,0,0,0,0,0,0
299,Rivi?re Du Ch?ne ? Mirabel (DC2),NA,NA,2021,0,13.1,42.59,28.76,15.91,6.82,1.75,0.36,0,0,0,0,0,0,1.38,0,3.42,3.54,33.4,0,64.55,0,0,0,0,0,1.79,4.96,0,0,0,0,0,0,0,0,0,0,0,0,0,0,0,0,0,0,0,0,0,0,0,0,0,0,0,0,14.25,0,0,0,0,0,0,0,0,0.04,0,0.02,0,0,0,0,0,7.32,31.76,5.45,0.03
300,Rivi?re Du Ch?ne ? Mirabel (DC3),NA,NA,2021,1.12,15.06,53.42,40.58,26.98,8.61,1.79,0.43,0,0,0,0,0,0,2.49,0.21,4.86,5.68,42.49,2.02,75.67,0,0,0,0,0,1.88,3.88,0,0.18,0,0,0,0,0,0,0,0,0,0,0,0,0,0,0,0,0,0,0,0,0,0,0,0,0,0,8.15,0,0,0,0,0,0,0,0,0,0,0.03,0,0,0,0,0,6.51,32.86,3.85,0
301,Rivi?re Du Ch?ne ? Saint-Eustache (DC4),NA,NA,2021,0.67,9.56,18.83,20.15,15.55,3.91,0.77,0.16,0,0,0,0,0,0,1.47,0,3.12,3.79,24.96,1.14,34.31,0,0,0,0,0,0.99,1.2,0,0.25,0,0,0,0,0,0,0,0,0,0,0,0,0,0,0,0,0,0,0,0,0,0,0,0,0,0,1.63,0,0,0,0,0,0,0,0,0,0,0.03,0,0,0,0,0,1.8,10.22,0.32,0
302,Rivi?re Du Ch?ne ? Saint-Eustache (DC5),NA,NA,2021,0,7.55,14.98,12.93,9.39,2.81,0.8,0.09,0,0,0,0,0,0,0.68,0,2.23,1.89,16,0.51,24.72,0,0,0,0,0,4.93,3.17,0,0.11,0,0,0,0,0,0,0,0,0,0,0,0,0,0,0,0,0,0,0,0,0,0,0,0,0,0,0.74,0,0,0,0,0,0,0,0,0,0,0,0,0,0,0,0,1.01,4.97,0,0
303,Rivi?re Du Ch?ne ? Saint-Eustache (DC6),NA,NA,2021,0.56,7.03,15.7,14.18,5.95,3.48,0.95,0.16,0,0,0,0,0,0,1.03,0,2.3,2.05,15.66,0.73,22.84,0,0,0,0,0,0.73,2.3,0,0.07,0,0,0,0,0,0,0,0,0,0,0,0.38,0,0,0.12,0,0,0,0,0,0,0,0,0,0.1,0.1,0.96,0,0.05,0,0,0,0,0,0,0,0,0,0,0,0,0,0,1.65,9.11,0.06,0
304,Rivi?re Du Gouffre ? Baie-Saint-Paul,NA,NA,2021,0,0,0.13,0.43,0.19,0,0.09,0,0,0,0,0,0,0,0,0,0.06,0,0.02,0,0.16,0,0,0,0,0,0.04,0,0,0.07,0,0,0,0,0,0,0,0,0,0,0,0.33,0,0,0.09,0,0,0,0,0,0,0,0,0,0,0.05,0,0,0,0,0,0,0,0,0,0,0,0,0,0,0,0,0,0,0,0,0
305,Rivi?re Du Loup ? Louiseville,NA,NA,2021,0,0.61,0.49,0.84,0.18,0.31,0.12,0,0,0,0,0,0,0,0,0,0.09,0,0.03,0,0.43,0,0,0,0,0,0,0,0,0,0,0,0,0,0,0,0,0,0,0,0,0,0,0,0,0,0,0,0,0,0,0,0,0,0,0,0,0,0,0,0,0,0,0,0,0,0,0,0,0,0,0,0,0,0,0,0
306,Rivi?re Du Moulin ? Chichoutimi,NA,NA,2021,0,0.19,0,0.3,0.31,0.14,0.12,0,0,0,0,0,0,0,0,0,0.08,0,0.03,0,0.26,0,0,0,0,0,0,0,0,0.16,0,0,0,0,0,0,0,0,0,0,0,0,0,0,0,0,0,0,0,0,0,0,0,0,0,0,0,0,0,0,0,0,0,0,0,0,0,0.03,0,0,0,0,0,0,0,0,0
307,Rivi?re Du Nord ? Lachute,NA,NA,2021,2.12,1.78,2.51,3.1,0.99,1.16,0.23,0.07,0,0,0,0,0,0,0,0,0.58,0.06,0.3,0.02,0.82,0,0,0,0,0,0.16,0,0,0,0,0,0,0,0,0,0,0,0,0,0,0,0,0,0,0,0,0,0,0,0,0,0,0,0,0,0.03,0,0,0,0,0,0,0,0,0,0,0,0,0,0,0,0,0,0.26,0,0
308,Rivi?re Du Nord ? Saint-J?r?me,NA,NA,2021,0.64,0.81,0.77,0.91,0.46,0.66,0.26,0.07,0,0,0,0,0,0,0,0,0.22,0,0.11,0,0.66,0,0,0,0,0,0.05,0,0,0,0,0,0,0,0,0,0,0,0,0,0,0,0,0,0,0,0,0,0,0,0,0,0,0,0,0,0,0,0,0,0,0,0,0,0,0,0,0,0,0,0,0,0,0,0,0,0
309,Rivi?re Du Sud ? Montmagny,46.98517,-70.5491,2021,0,0.82,0.86,0.76,0.36,0.39,0.14,0,0,0,0,0,0,0,0,0,0.18,0,0.04,0,0.41,0,0,0,0,0,0,0,0,0.09,0,0,0,0,0,0,0,0,0,0,0,0,0,0,0,0,0,0,0,0,0,0,0,0,0,0,0,0,0,0,0,0,0,0,0,0,0,0,0,0,0,0,0,0,0,0,0
310,Rivi?re Etchemin ? L?vis,46.76038,-71.22938,2021,1.11,1.54,1.89,2.08,2.26,1.05,0.31,0,0,0,0,0,0,0,0,0,0.41,0.02,0.25,0,0.85,0,0,0,0,0,0.14,0,0,0,0,0,0,0,0,0,0,0,0,0,0,0,0,0,0,0,0,0,0.98,0,0,0,0,0,0,0,0,0,0,0,0,0,0,0,0,0,0,0,0,0,0,0,0,0,0,0,0
311,Rivi?re Jacques Cartier ? Donnacona,46.68146,-71.742,2021,0.81,2.3,0.62,0.72,0.74,0.28,0.21,0.05,0,0,0,0,0,0,0,0,0.2,0,0.14,0,0.51,0,0,0,0,0,0,0,0,0,0,0,0,0,0,0,0,0,0,0,0,0,0,0,0,0,0,0,0,0,0,0,0,0,0,0,0,0,0,0,0,0,0,0,0,0,0,0,0,0,0,0,0,0,0,0,0
312,Rivi?re L'Acadie ? Chambly,45.4527,-73.3097,2021,0,4.88,5.07,6.22,3.24,2.07,0.57,0.11,0,0,0,0,0,0,0,0,0.98,0.03,0.36,0,0.98,0,0,0,0,0,0.07,0,0,0,0,0,0,0,0,0,0,0,0,0,0,0,0,0,0,0,0,0,0,0,0,0,0,0,0.6,0.1,0,0,0,0,0,0,0,0,0,0,0,0,0,0,0,0,0,0.86,3.61,0,0
313,Rivi?re L'Assomption ? Joliette,46.0242,-73.434,2021,0,0.96,0.24,0.59,0.47,0.53,0.18,0.04,0,0,0,0,0,0,0,0,0.21,0.02,0.14,0,0.49,0,0,0,0.05,0,0.04,0,0,0,0,0,0.11,0.15,0.11,0,0,0,0,0,0,0,0,0,0,0,0,0,0,0,0,0.04,0.12,0,0,0.2,0,0,0,0,0,0,0,0,0,0,0.08,0,0,0,0,0,0,0,0,0,0
314,Rivi?re L'Assomption ? Repentigny,45.7553,-73.46352,2021,2.78,0.72,1.93,2.38,1.45,1.4,0.24,0,0,0,0,0,0,0,0,0,1.31,0.05,0.38,0,0.98,0,0,0,0,0,0.14,0,0,0.15,0,0,0,0,0,0,0,0,0,0,0,0,0,0,0,0,0,0,0,0,0,0,0,0,0,0,0,0,0,0,0,0,0,0,0,0,0,0,0,0,0,0,0,0,0,0,0
315,Rivi?re Mascouche ? Terrebonne,NA,NA,2021,0,5.92,13.27,14.22,7.58,4.57,1.54,0.19,0,0,0,0,0,0,0.1,0,2,0.41,3.54,0.12,6.45,0,0,0,0,0,0.46,0.5,0,0.17,0,0,0,0,0,0,0,0,0,0,0,0,0,0,0,0,0,0,0,0,0,0,0,0,0,0.07,0.11,0,0,0,0,0,0,0,0,0,0,0,0,0,0,0,0,1.54,8.64,24.55,0
316,Rivi?re Maskinong? ? Maskinong?,46.22814,-73.01597,2021,0,0.98,0.3,0.27,0.43,0.31,0.16,0,0,0,0,0,0,0,0,0,0.11,0,0.03,0,0.28,0,0,0,0,0,0,0,0,0,0,0,0,0,0,0,0,0,0,0,0,0,0,0,0,0,0,0,0,0,0,0,0,0,0,0,0,0,0,0,0,0,0,0,0,0,0,0,0,0,0,0,0,0,0,0,0
317,Rivi?re Mistassini ? Dolbeau-Mistassini,48.8698,-72.2092,2021,0,0.29,0.13,0.12,0.29,0.11,0.17,0,0,0,0,0,0,0,0,0,0.12,0,0,0,0.16,0,0,0,0,0,0.04,0,0,0,0,0,0,0,0,0,0,0,0,0,0,0,0,0,0,0,0,0,0,0,0,0,0,0,0,0,0,0,0,0,0,0,0,0,0,0,0,0,0,0,0,0,0,0,0,0,0.07
318,Rivi?re Montmorency ? Qu?bec,46.8861,-71.1453,2021,0,0,0,0.16,0.19,0.2,0.08,0,0,0,0,0,0,0,0,0,0.08,0,0,0,0.09,0,0,0,0,0,0,0,0,0,0,0,0,0,0,0,0,0,0,0,0,0,0,0,0,0,0,0,0,0,0,0,0,0,0,0,0,0,0,0,0,0,0,0,0,0,0,0,0,0,0,0,0,0,0,0,0
319,Rivi?re Nicolet ? Nicolet,46.2275,-72.62389,2021,1.09,2.41,3.58,2.66,0.95,1.17,0.21,0.06,0,0,0,0,0,0,0,0,0.52,0.05,0.18,0,0.61,0,0,0,0,0,0.05,0,0,0.17,0,0,0,0,0,0,0,0,0,0,0,0,0,0,0,0,0,0,0,0,0,0,0,0,0,0.09,0,0,0,0,0,0,0,0,0,0,0,0,0,0,0,0,0,0,0,0,0
320,Rivi?re Ouiatchouaniche ? Roberval,48.5264,-72.2224,2021,0.57,0.74,0.19,0.2,0.18,0.1,0.07,0,0,0,0,0,0,0,0,0,0,0,0,0,0.1,0,0,0,0,0,0,0,0,0,0,0,0,0,0,0,0,0,0,0,0,0,0,0,0,0,0,0,0,0,0,0,0,0,0,0,0,0,0,0,0,0,0,0,0,0,0,0,0,0,0,0,0,0,0,0,0
321,Rivi?re Peribonka ? P?ribonka,48.7656,-72.0532,2021,0,0,0.24,0.27,0.39,0.21,0.19,0,0,0,0,0,0,0,0,0,0.03,0,0,0,0.13,0,0,0,0,0,0,0,0,0,0,0,0,0,0,0,0,0,0,0,0,0,0,0,0,0,0,0,0,0,0,0,0,0,0,0,0,0,0,0,0,0,0,0,0,0,0,0,0,0,0,0,0,0,0,0,0
322,Rivi?re Richelieu ? Chambly,45.4459,-73.2626,2021,1.16,1.23,0.94,0.93,0.79,1.14,0.21,0,0,0,0,0,0,0,0,0,0.73,0.08,0.6,0.02,0.95,0,0,0,0,0,0.42,0,0,0,0,0,0,0,0,0,0,0,0,0,0,0,0,0,0,0,0,0,0,0,0,0,0,0,0,0,0,0,0,0,0,0,0,0,0,0,0,0,0,0,0,0,0,0,0,0,0
323,Rivi?re Richelieu ? Iberville (Saint-Jean-sur-Richelieu),45.3059,-73.2438,2021,1.48,1.39,0.99,1.03,0.69,0.97,0.22,0.08,0,0,0,0,0,0,0,0,0.68,0.07,0.61,0.03,1.15,0,0,0,0,0,0.44,0,0,0,0,0,0,0,0,0,0,0,0,0,0,0,0,0,0,0,0,0,0,0,0,0,0,0,0,0,0,0,0,0,0,0,0,0,0,0,0,0,0,0,0,0,0,0,0,0,0
324,Rivi?re Richelieu ? Saint-Blaise-sur-Richelieu,45.1946,-73.2607,2021,0,1.42,0.87,1.02,0.65,1.16,0.15,0,0,0,0,0,0,0,0,0,0.7,0.06,0.5,0,1.17,0,0,0,0,0,0.65,0,0,0,0,0,0,0,0,0,0,0,0,0,0,0,0,0,0,0,0,0,0.96,0,0,0,0,0,0,0,0,0,0,0,0,0,0,0,0,0,0,0,0,0,0,0,0,0,0,0,0
325,Rivi?re Richelieu ? Sorel-Tracy,46.019605,-73.132377,2021,1.03,1.5,1.38,1.2,1.02,1.15,0.29,0.06,0,0,0,0,0,0,0,0,0.75,0.08,0.71,0,1.29,0,0,0,0,0,0.5,0,0,0.23,0,0,0,0,0,0,0,0,0,0,0,0,0,0,0,0,0,0,0,0,0,0,0,0,0,0,0,0,0,0,0,0,0,0,0,0,0,0,0,0,0,0,0,0,0,0,0
326,Rivi?re Saint-Charles ? Qu?bec,46.8199,-71.22,2021,0,2.07,1.52,1.9,1.18,1.56,0.32,0.05,0,0,0,0,0,0,0.05,0,0.68,0.13,0.6,0.03,2.04,0,0,0,0,0,0.31,0,0,0.19,0,0,0,0,0,0,0,0,0,0,0,0,0,0,0,0,0,0,0,0,0,0,0,0,0,0,0.28,0,0,0,0,0,0,0,0,0,0,0,0,0,0,0,0,0,0.04,0,0
327,Rivi?re Saint-Fran?ois ? Fleurimont (Sherbrooke),45.4396,-71.9164,2021,0.58,1.84,1.43,1.63,0.82,1.19,0.22,0.03,0,0,0,0,0,0,0,0,0.32,0.02,0.09,0,0.94,0,0,0,0,0,0.06,0,0,0.09,0,0,0,0,0,0,0,0,0,0,0,0,0,0,0,0,0,0,0,0,0,0,0,0,0,0,0,0,0,0,0,0,0,0,0,0,0,0,0,0,0,0,0,0,0,0,0
328,Rivi?re Saint-Fran?ois ? Pierreville,46.06687,-72.81258,2021,0,1.47,3.29,3.42,1.67,2.5,0.3,0.06,0,0,0,0,0,0,0.08,0,1.32,0,0.2,0,1.26,0,0,0,0,0,0.15,0,0,0.15,0,0,0,0,0,0,0,0,0,0,0,0,0,0,0,0,0,0,0.52,0,0,0,0,0,0,0,0,0,0,0,0,0,0,0,0,0,0,0,0,0,0,0,0,0,0,0,0
329,Rivi?re Saint-Jacques ? Brossard,NA,NA,2021,0,5.19,8.03,8.63,5.64,3.04,1.11,0.23,0.05,0,0,0,0,0,0.06,0,2.18,0.11,1,0.04,2.2,0,0,0,0,0,0.16,0,0,0.08,0,0,0,0,0,0,0,0,0,0,0,0,0,0,0,0,0,0,0,0,0,0.04,0,0,0.31,0.15,0.2,0,0,0,0,0,0,0,0,0,0,0,0,0,0,0,0,0,0.03,0,0
330,Rivi?re Saint-Maurice ? Gra0es Piles,NA,NA,2021,0,0.46,0.23,0.3,0.43,0.36,0.26,0.04,0,0,0,0,0,0,0,0,0.1,0,0.02,0,0.27,0,0,0,0,0,0.09,0,0,0,0,0,0,0,0,0,0,0,0,0,0,0,0,0,0,0,0,0,0,0,0,0,0,0,0,0,0,0,0,0,0,0,0,0,0,0,0,0,0,0,0,0,0,0,0,0,0
331,Rivi?re Saint-Maurice ? Gra0-M?re,NA,NA,2021,0.73,0.4,0.23,0.29,0.36,0.26,0.28,0.03,0,0,0,0,0,0,0,0,0.16,0,0.03,0,0.2,0,0,0,0,0,0.13,0,0,0,0,0,0,0,0,0,0,0,0,0,0,0,0,0,0,0,0,0,0,0,0,0,0,0,0,0,0,0,0,0,0,0,0,0,0,0,0,0,0,0,0,0,0,0,0,0,0
332,Rivi?re Saint-Maurice ? la Tuque,47.4575,-72.7775,2021,0,0.32,0.16,0.28,0.41,0.25,0.2,0,0,0,0,0,0,0,0,0,0.21,0,0,0,0.19,0,0,0,0,0,0.03,0,0,0,0,0,0,0,0,0,0,0,0,0,0,0,0,0,0,0,0,0,0,0,0,0,0,0,0,0,0,0,0,0,0,0,0,0,0,0,0,0,0,0,0,0,0,0,0,0,0.05
333,Rivi?re Saint-Maurice ? Rivi?re-Mattawin (Pont M?kinac),46.9056,-72.9302,2021,0,0.4,0.44,0.36,0.51,0.4,0.26,0.04,0,0,0,0,0,0,0,0,0.12,0,0.02,0,0.22,0,0,0,0,0,0.06,0,0,0,0,0,0,0,0,0,0,0,0,0,0,0,0,0,0,0,0,0,0,0,0,0,0,0,0,0,0,0,0,0,0,0,0,0,0,0,0,0,0,0,0,0,0,0,0,0,0
334,Rivi?re Saint-Maurice ? Shawinigan,46.5346,-72.7537,2021,0.57,1.09,0.39,0.47,0.48,0.37,0.28,0.04,0,0,0,0,0,0,0,0,0.14,0,0.03,0,0.57,0,0,0,0,0,0.03,0,0,0,0,0,0,0,0,0,0,0,0,0,0,0,0,0,0,0,0,0,0,0,0,0,0,0,0,0.05,0,0,0,0,0,0,0,0,0,0,0,0,0,0,0,0,0,0,0,0,0.07
335,Rivi?re Saint-Maurice ? Trois-Rivi?res,46.3647,-72.5521,2021,0.88,0.64,0.36,0.49,0.49,0.41,0.26,0.04,0,0,0,0,0,0,0,0,0.1,0,0.03,0,0.4,0,0,0,0,0,0.03,0,0,0,0,0,0,0,0,0,0,0,0,0,0,0,0,0,0,0,0,0,0,0,0,0,0,0,0,0,0,0,0,0,0,0,0,0,0,0,0,0,0,0,0,0,0,0,0,0,0
336,Rivi?re Yamachiche ? Yamachiche,46.2662,-72.8066,2021,0,0.38,0.61,0.34,0.29,0.28,0.11,0,0,0,0,0,0,0,0,0,0.16,0,0.08,0,0.35,0,0,0,0,0,0,0,0,0,0,0,0,0,0,0,0,0,0,0,0,0,0,0,0,0,0,0,0,0,0,0,0,0,0,0,0,0,0,0,0,0,0,0,0,0,0,0,0,0,0,0,0,0,0,0,0
337,Rivi?re Yamaska ? Yamaska,46.0052,-72.9121,2021,0.85,5.65,6.94,7.87,3.45,6.43,0.72,0.36,0.06,0,0,0,0,0,0,0,2.64,0.29,0.87,0.11,6,0,0,0,0,0,0.12,0,0,0.14,0,0,0,0,0,0,0,0,0,0,0,0,0,0,0,0,0,0,0,0,0,0,0,0,0.41,0.17,0.07,0,0,0,0,0,0,0,0,0,0,0,0.07,0,0,0,0,0.19,1.08,0,0
338,"Ruisseau ""Bauxite"" ? Saint-Jean-Eudes (Jonqui?re)",48.4356,-71.1432,2021,0,1.26,1.22,0.69,1.23,4.2,1.75,0.35,0.09,0,0,0,0,0,0,0,0.12,0.03,0.26,0.21,31.05,0,0.05,0,0,0,0.03,0,0,0,0,0,0,0,0,0,0,0,0,0,0,0,0,0,0,0,0,0,0.39,0,0,0,0,0,0,0,0.06,0,0,0,0,0,0,0,0,0,0,0,0,0,0,0,0,0,0,0,0
339,Ruisseau Bertra0 ? Montreal,NA,NA,2021,0.76,3.62,8.37,6.14,2.79,1.59,0.52,0.25,0,0,0,0,0,0,0,0,5.6,0.06,0.17,0,1.71,0,0,0,0,0,0.93,0,0,0.24,0,0,0,0,0,0,0,0,0,0,0,0,0,0,0,0,0,0,0,0,0,0,0,0,0,0.04,0.09,0,0,0,0,0,0.13,0,0,0,0,0,0,0,0,0,0,0.05,0.09,0.35,0
340,Ruisseau Bouchard ? Dorval,45.456246,-73.7372,2021,4.38,17.46,75.17,47.05,23.22,19.95,8.01,1.18,0.3,0.07,0,0,0,0,0.7,0,3.4,1.8,11.46,0.6,24.14,0,0,0,0,0,0.92,2.49,0,0,0,0,0,0,0,0,0,0,0,0,0,0,0,0,0,0,0,0,0,0,0.1,0,0,0,0,0,49.63,0,0,0,0,0,0,0,0,0.29,0,0.03,0.09,0,0,0,0,9.65,44.16,52.85,0
341,Ruisseau Bouchard ? Dorval,45.456246,-73.7372,2021,2.1,13.19,56.65,32.1,13.28,11.35,4.3,0.21,0,0,0,0,0,0,1.15,0,2.58,1.61,13.24,0.47,25.38,0,0,0,0,0,5.84,9.07,0,0.07,0,0,0,0,0,0,0,0,0,0,0,0,0,0,0,0,0,0,0,0,0,0,0,0,0,0,6.07,0,0,0,0,0,0,0,0,0,0,0.02,0,0,0,0,0,5.97,28.38,11.33,0
342,Ruisseau Henri Giroux ? Mirabel (HG1),45.6824,-74.10486,2021,0,1.47,0.76,0.75,0.4,0.44,0,0,0,0,0,0,0,0,0.17,0,0.44,0.28,0.93,0,0.32,0,0,0,0,0,0,0.1,0,0,0,0,0,0,0,0,0,0,0,0,0,0,0,0,0,0,0,0,0,0,0,0,0,0,0,0,0,0,0,0,0,0,0,0,0,0,0,0,0,0,0,0,0,0,0,0,0
343,Ruisseau Henri Giroux ? Mirabel (HG2),45.655743,-74.091661,2021,2.03,60.17,273.38,208.06,57.41,37.59,5.85,1.71,0,0,0,0,0,0,6.86,0.52,14.14,17.65,159.95,7.2,400.23,0.76,0,0,0,0,12.91,51.41,0.7,0.44,0,0,0,0,0,0,0,0,0,0,0,0,0,0,0,0,0,0,2.25,0.08,0,0,0,0,0,0,2.26,0,0,0,0,0,0,0,0,0.51,0,0.49,0,0,0,0,0,36.16,156.71,46.87,0.23
344,"Unnamed Creek (""Lesage"") - Ruisseau tributaire de la rivi?re Du Cap Rouge (Qu?bec)",NA,NA,2021,2.8,70.22,390.04,132.69,79.45,14.87,2.95,0.23,0,0,0,0,0,0,0.6,0,1.56,1.12,7.93,0.3,6.63,0,0,0,0,0,0.61,0.98,0,0,0,0,0,0,0,0,0,0,0,0,0,0,0,0,0,0,0,0,1.69,0,0,0,0,0,0,0,0.56,0,0,0,0,0,0,0,0,0,0,0.04,0,0,0,0,0,0,0,156.36,0
345,Lac Bouchard au Parc de la Mauricie,46.76242,-72.83924,2021,0,0.37,0.12,0.24,0.41,0.33,0.17,0.03,0,0,0,0,0,0,0,0,0.06,0,0,0,0.2,0,0,0,0,0,0,0,0,0,0,0,0,0,0,0,0,0,0,0,0,0,0,0,0,0,0,0,0,0,0,0,0,0,0,0,0,0,0,0,0,0,0,0,0,0,0,0,0,0,0,0,0,0,0.03,0,0
346,Lac Bouchette ? Lac-Bouchette,48.2612,-72.19065,2021,0,0.21,0,0.37,0.4,0.29,0.22,0,0,0,0,0,0,0,0,0,0.06,0,0,0,0.21,0,0,0,0,0,0.03,0,0,0,0,0,0,0,0,0,0,0,0,0,0,0,0,0,0,0,0,0,0,0,0,0,0,0,0,0,0,0,0,0,0,0,0,0,0,0,0,0,0,0,0,0,0,0,0,0,0
347,Lac Brome ? Fisher's Point,45.2559,-72.49518,2021,0.75,0.98,0.47,0.48,0.51,0.76,0.29,0.09,0,0,0,0,0,0,0,0,0.23,0,0.04,0,1.34,0,0,0,0,0,0.07,0,0,0,0,0,0,0,0,0,0,0,0,0,0,0,0,0,0,0,0,0,0,0,0,0,0,0,0,0,0,0,0,0,0,0,0,0,0,0,0,0,0,0,0,0,0,0,0,0,0
348,Lac des Commissaires au Domaine-du-Roy,48.16085,-72.2372,2021,0,0.55,0,0.24,0.47,0.29,0.23,0,0,0,0,0,0,0,0,0,0.06,0,0,0,0.25,0,0,0,0,0,0,0,0,0,0,0,0,0,0,0,0,0,0,0,0,0,0,0,0,0,0,0,0,0,0,0,0,0,0,0,0,0,0,0,0,0,0,0,0,0,0,0,0,0,0,0,0,0,0,0,0
349,Lac du Fou au Parc de la Mauricie,46.777479,-72.88693,2021,0,1,0,0.32,0.56,0.42,0.28,0.05,0,0,0,0,0,0,0,0,0.07,0,0,0,0.26,0,0,0,0,0,0,0,0,0,0,0,0,0,0,0,0,0,0,0,0,0,0,0,0,0,0,0,0,0,0,0,0,0,0,0,0,0,0,0,0,0,0,0,0,0,0,0,0,0,0,0,0,0,0,0,0
350,Lac ?douard au Parc de la Mauricie,46.765971,-72.91872,2021,0,0.5,0.12,0.45,0.47,0.38,0.55,0.55,0.95,0.1,0.1,0,0,0,0,0,0.04,0,0.02,0,1.08,0,0,0,0,0,0,0,0,0,0,0,0,0,0,0,0,0,0,0,0,0,0,0,0,0,0,0,0,0,0,0,0,0,0,0,0,0,0,0,0,0,0,0,0,0,0,0,0,0,0,0,0,0,0,0,0
351,Lac K?nogami ? Lac-K?nogami,48.3315,-71.36178,2021,0,0.39,0.64,0.81,0.42,0.21,0.19,0,0,0,0,0,0,0,0,0,0.06,0,0.02,0,0.26,0,0,0,0,0,0.03,0,0,0,0,0,0,0,0,0,0,0,0,0,0,0,0,0,0,0,0,0,0,0,0,0,0,0,0,0,0,0,0,0,0,0,0,0,0,0,0,0,0,0,0,0,0,0,0,0,0
352,Lac Magog ? Magog,45.33436,-72.0234,2021,1.1,1.11,1.06,0.98,0.76,1.28,0.28,0.11,0,0,0,0,0,0,0,0,0.42,0.03,0.15,0,1.8,0,0,0,0,0,0.09,0.03,0,0.34,0,0,0,0,0,0,0,0,0,0,0,0,0,0,0,0,0,0,0,0,0,0,0,0,0,0,0,0,0,0,0,0,0,0,0,0,0,0,0,0,0,0,0,0,0,0,0
353,Lac Memphr?magog ? Magog,45.27056,-72.1765,2021,1.21,1.19,0.39,0.66,0.47,0.79,0.13,0,0,0,0,0,0,0,0,0,0.3,0.02,0.06,0,0.59,0,0,0,0,0,0.18,0,0,0,0,0,0,0,0,0,0,0,0,0,0,0,0,0,0,0,0,0,0,0,0,0,0,0,0,0,0,0,0,0,0,0,0,0,0,0,0,0,0,0,0,0,0,0,0,0,0
354,Lac Saint-Jean ? Roberval,48.53305,-72.21819,2021,0,0.61,0.1,0.25,0.37,0.14,0.17,0,0,0,0,0,0,0,0,0,0.03,0,0.02,0,0.13,0,0,0,0,0,0.03,0,0,0,0,0,0,0,0,0,0,0,0,0,0,0,0,0,0,0,0,0,0,0,0,0,0,0,0,0,0,0,0,0,0,0,0,0,0,0,0,0,0,0,0,0,0,0,0,0,0
355,Lac Saint-Jean ? Saint-Henri-du-Taillon,48.6764,-71.874,2021,0,0.49,0,0.35,0.35,0,0.15,0,0,0,0,0,0,0,0,0,0.07,0,0,0,0.14,0,0,0,0,0,0.03,0,0,0,0,0,0,0,0,0,0,0,0,0,0,0,0,0,0,0,0,0,0,0,0,0,0,0,0,0,0,0,0,0,0,0,0,0,0,0,0,0,0,0,0,0,0,0,0,0,0
356,Lac Saint-Jean ? Saint-Prime,48.60047,-72.32515,2021,0,0.24,0.14,0.29,0.28,0.18,0.11,0,0,0,0,0,0,0,0,0,0.07,0,0,0,0.12,0,0,0,0,0,0.03,0,0,0,0,0,0,0,0,0,0,0,0,0,0,0,0,0,0,0,0,0,0,0,0,0,0,0,0,0,0,0,0,0,0,0,0,0,0,0,0,0,0,0,0,0,0,0,0,0,0
357,BOU1,45.64867,-73.48136,2021,0,2.11,1.32,1.36,0.9,2.14,0.23,0,0,0,0,0,0,0,0,0,0.57,0.1,0.73,0.03,2.54,0,0,0,0,0,0.21,0,0,0.07,0,0,0,0,0,0,0,0,0,0,0,0,0,0,0,0,0,0,0,0,0,0,0,0,0,0,0.48,0,0,0,0,0,0,0,0,0,0,0,0,0,0,0,0,0,0.02,0,0
358,BOU2,45.644183,-73.466233,2021,0,1.63,1.3,1.63,1.09,1.69,0.19,0,0,0,0,0,0,0,0,0,0.53,0.09,0.85,0.03,2.16,0,0,0,0,0,0.17,0,0,0,0,0,0,0,0,0,0,0,0,0,0,0,0,0,0,0,0,0,0,0,0,0,0,0,0,0,0.48,0,0,0,0,0,0,0,0,0,0,0,0,0,0,0,0,0,0,0,0
359,BOU3,45.64645,-73.4526,2021,0,2.22,2.95,3.16,1.11,2.01,0.34,0,0,0,0,0,0,0,0.04,0,0.57,0.11,0.76,0.03,2.85,0,0,0,0,0,0.25,0,0,0.05,0,0,0,0,0,0,0,0,0,0,0,0,0,0,0,0,0,0,1.37,0,0,0,0,0,0,0,0.47,0,0,0,0,0,0,0,0,0,0,0,0,0,0,0,0,0,0,0,0
360,BOU4,45.569363,-73.507785,2021,0,1.56,1.43,1.64,0.91,1.86,0,0,0,0,0,0,0,0,0,0,0.56,0.1,0.77,0.03,2.07,0,0,0,0,0,0.23,0.03,0,0,0,0,0,0,0,0,0,0,0,0,0,0,0,0,0,0,0,0,0,0,0,0,0,0,0,0,0.5,0,0,0,0,0,0,0,0,0,0,0,0,0,0,0,0,0,0.05,0,0
361,BR_08,44.600606,-75.660644,2021,0,1.83,1.32,1.54,0.98,1.73,0.13,0,0,0,0,0,0,0,0.07,0,0.65,0.11,0.78,0.02,2.88,0,0,0,0,0,0.52,0,0,0,0,0,0,0,0,0,0,0,0,0,0,0,0,0,0,0,0,0,0,0,0,0,0,0,0,0,0.47,0,0,0,0,0,0,0,0,0,0,0,0,0,0,0,0,0,0.03,0,0
362,BR_09,44.634389,-75.612239,2021,0,2.13,1.78,1.94,1.04,2.36,0.37,0,0,0,0,0,0,0,0.04,0,0.6,0.11,0.81,0.05,3.72,0,0,0,0,0,0.33,0.03,0,0.09,0,0,0,0,0,0,0,0,0,0,0,0,0,0,0,0,0,0,0,0,0,0,0,0,0,0,0.57,0,0,0,0,0,0,0,0,0,0,0,0,0,0,0,0,0,0.03,0,0
363,BR_11,44.790014,-75.371433,2021,0,2.96,1.57,1.97,1.14,2.21,0.22,0,0,0,0,0,0,0,0.07,0,0.71,0.15,0.92,0.05,2.47,0,0,0,0,0,0.2,0,0,0,0,0,0,0,0,0,0,0,0,0,0,0,0,0,0,0,0,0,0,0,0,0,0,0,0,0,0.39,0,0,0,0,0,0,0,0,0,0,0,0,0,0,0,0,0,0,0,0
364,BR_12,44.846253,-75.299594,2021,0,1.71,1.5,1.75,0.93,2.15,0.3,0.06,0,0,0,0,0,0,0.08,0,0.53,0.1,0.75,0.02,2.63,0,0,0,0,0,0.14,0,0,0.08,0,0,0,0,0,0,0,0,0,0,0,0,0,0,0,0,0,0,0,0,0,0,0,0,0,0,0.54,0,0,0,0,0,0,0,0,0,0,0,0,0,0,0,0,0,0,0,0
365,CAC1,NA,NA,2021,0,0,0.27,0,0.31,0.45,0,0,0,0,0,0,0,0,0,0,0.16,0.03,0.19,0,0.65,0,0,0,0,0,0.05,0,0,0,0,0,0,0,0,0,0,0,0,0,0,0,0,0,0,0,0,0,0,0,0,0,0,0,0,0,0.1,0,0,0,0,0,0,0,0,0,0,0,0,0,0,0,0,0,0,0,0
366,CON1,45.845717,-73.310067,2021,0,1.21,1,0.76,0.86,0.95,0.18,0,0,0,0,0,0,0,0,0,0.33,0.04,0.27,0,1.07,0,0,0,0,0,0.03,0,0,0.14,0,0,0,0,0,0,0,0,0,0,0,0,0,0,0,0,0,0,0,0,0,0,0,0,0,0,0.15,0,0,0,0,0,0,0,0,0,0,0,0,0,0,0,0,0,0,0,0
367,CON1_5,45.922597,-73.242328,2021,0,1.75,0.88,1.06,0.94,0.9,0,0,0,0,0,0,0,0,0,0,0.34,0.03,0.35,0,1.35,0,0,0,0,0,0.07,0,0,0,0,0,0,0,0,0,0,0,0,0,0,0,0,0,0,0,0,0,0,0,0,0,0,0,0,0,0.13,0,0,0,0,0,0,0,0,0,0,0,0,0,0,0,0,0,0,0,0
368,CON3,45.850167,-73.269167,2021,0.59,2.12,1.5,1.34,0.86,1.86,0.14,0,0,0,0,0,0,0,0.06,0,0.57,0.1,0.59,0,2.88,0,0,0,0,0,3.11,0,0,0,0,0,0,0,0,0,0,0,0,0,0,0,0,0,0,0,0,0,0,0,0,0,0,0,0,0,0.23,0,0,0,0,0,0,0,0,0,0,0,0,0,0,0,0,0,0,0,0
369,CW19,44.993964,-74.755747,2021,0,2.34,2.12,2.19,1.05,2.25,0.42,0,0,0,0,0,0,0,0.04,0,0.5,0.11,0.78,0.03,4.33,0,0,0,0,0,0.23,0,0,0.07,0,0,0,0,0,0,0,0,0,0,0,0,0,0,0,0,0,0,0.75,0,0,0,0,0,0,0,0.58,0,0,0,0,0,0,0,0,0,0,0,0,0,0,0.08,0,0,0,0,0
370,CW20,45.027006,-74.676644,2021,0,1.48,0.92,1.31,0.8,1.72,0.29,0,0,0,0,0,0,0,0,0,0.41,0.09,0.65,0.03,2.24,0,0,0,0,0,0.19,0.03,0,0.07,0,0,0,0,0,0,0,0,0,0,0,0,0,0,0,0,0,0,0,0,0,0,0,0,0,0,0.4,0,0,0,0,0,0,0,0,0,0,0,0,0,0,0,0,0,0.02,0,0
371,CW21,45.002675,-74.637756,2021,0,2.9,1.78,2.17,1.26,2.2,0.27,0.04,0,0,0,0,0,0,0.09,0,0.63,0.14,0.93,0.04,2.65,0,0,0,0,0,0.21,0.03,0,0,0,0,0.11,0,0,0,0,0,0,0,0,0,0,0,0,0,0,0,0,0,0,0,0,0,0,0,0.46,0,0,0,0,0,0,0,0,0,0,0,0,0,0,0,0,0,0.05,0,0
372,CW23,45.037842,-74.525328,2021,0,0.48,0.35,0.27,0.51,0.33,0.19,0,0,0,0,0,0,0,0,0,0.13,0,0,0,0.31,0,0,0,0,0,0,0,0,0,0,0,0,0,0,0,0,0,0,0,0,0,0,0,0,0,0,0,0,0,0,0,0,0,0,0.04,0,0,0,0,0,0,0,0,0,0,0,0,0,0,0,0,0,0,0,0,0
373,LSF1,45.2263,-74.25158,2021,0,3,1.01,1.65,1.09,2.24,0.38,0,0,0,0,0,0,0,0,0,0.58,0.11,0.85,0.04,2.64,0,0,0,0,0,0.31,0.04,0,0,0,0,0,0,0,0,0,0,0,0,0,0,0,0,0,0,0,0,0,0,0,0,0,0,0,0,0.52,0,0,0,0,0,0,0,0,0,0,0,0,0,0,0,0,0,0.02,0,0
374,LSF2,45.20903,-74.23228,2021,0,1.66,1.32,1.62,1.03,2.35,0.33,0,0,0,0,0,0,0,0,0,0.56,0.11,0.75,0.04,3.19,0,0,0,0,0,0.16,0.04,0,0,0,0,0,0,0,0,0,0,0,0,0,0,0,0,0,0,0,0,0,0,0,0,0,0,0,0.06,0.57,0,0,0,0,0,0,0,0,0,0,0,0,0,0,0,0,0,0,0,0
375,LSF24,45.126186,-74.491636,2021,0,1.69,1.55,1.17,0.89,1.22,0.18,0,0,0,0,0,0,0,0,0,0.63,0.04,0.26,0,1.11,0,0,0,0,0,0.05,0,0,0.07,0,0,0,0,0,0,0,0,0,0,0,0,0,0,0,0,0,0,0,0,0,0,0,0,0,0,0.1,0,0,0,0,0,0,0,0,0,0,0,0,0,0,0,0,0,0,0,0
376,LSF25,45.180981,-74.373731,2021,0,1.37,1.1,1.29,0.98,1.85,0.25,0,0,0,0,0,0,0,0,0,0.55,0.09,0.74,0.02,2.65,0,0,0,0,0,0.23,0,0,0.11,0,0,0,0,0,0,0,0,0,0,0,0,0,0,0,0,0,0,0,0,0,0,0,0,0,0,0.45,0,0,0,0,0,0,0,0,0,0,0,0,0,0,0,0,0,0.02,0,0
377,LSF26,45.183517,-74.216408,2021,0,1.55,1.3,1.4,0.84,2.01,0.34,0,0,0,0,0,0,0,0,0,0.48,0.11,0.73,0.04,2.86,0,0,0,0,0,0.21,0.04,0,0,0,0,0,0,0,0,0,0,0,0,0,0,0,0,0,0,0,0,0,0,0,0,0,0,0,0,0.49,0,0,0,0,0,0,0,0,0,0,0,0,0,0,0,0,0,0.02,0,0
378,LSF3,45.19048,-74.21263,2021,0,2.71,1.54,1.69,1,2.35,0.37,0.04,0,0,0,0,0,0,0.09,0,0.7,0.14,0.89,0.04,2.43,0,0,0,0,0,0.16,0.03,0,0.05,0,0,0.08,0,0,0,0,0,0,0,0,0,0,0,0,0,0,0,0,0,0,0,0,0,0,0,0.42,0,0,0,0,0,0,0,0,0,0,0,0,0,0,0,0,0,0,0,0
379,LSF3.5,45.347333,-73.971519,2021,0,0.5,0.41,0.47,0.59,0.42,0.22,0.03,0,0,0,0,0,0,0,0,0.25,0,0.11,0,0.5,0,0,0,0,0,0,0,0,0,0,0,0,0,0,0,0,0,0,0,0,0,0,0,0,0,0,0,0,0,0,0,0,0,0,0,0,0,0,0,0,0,0,0,0,0,0,0,0,0,0,0,0,0,0,0,0
380,LSL1,NA,NA,2021,0,0.65,0.14,0.48,0.79,0.45,0.17,0,0,0,0,0,0,0,0,0,0.27,0,0.14,0,0.66,0,0,0,0,0,0,0,0,0.07,0,0,0,0,0,0,0,0,0,0,0,0,0,0,0,0,0,0,0,0,0,0,0,0,0,0,0.03,0,0,0,0,0,0,0,0,0,0,0,0,0,0,0,0,0,0,0,0
381,LSL13,44.897636,-75.170031,2021,0,2.31,1.26,1.53,1.04,2.17,0.29,0,0,0,0,0,0,0,0.06,0,0.54,0.11,0.76,0.02,2.64,0,0,0,0,0,0.18,0,0,0.06,0,0,0,0,0,0,0,0,0,0,0,0,0,0,0,0,0,0,0,0,0,0,0,0,0,0,0.56,0,0,0,0,0,0,0,0,0,0,0,0,0,0,0,0,0,0,0,0
382,LSL14,44.990811,-74.947294,2021,0,2.34,1.22,1.53,0.83,2.05,0.35,0.04,0,0,0,0,0,0,0.08,0,0.5,0.09,0.69,0,2.81,0,0,0,0,0,0.19,0.03,0,0,0,0,0,0,0,0,0,0,0,0,0,0,0,0,0,0,0,0,0,0,0,0,0,0,0,0,0.47,0,0,0,0,0,0,0,0,0,0,0,0,0,0,0,0,0,0,0,0
383,LSL15,45.009914,-74.9389,2021,0.79,2.57,1.39,1.42,1.08,1.75,0.22,0,0,0,0,0,0,0,0.08,0,0.53,0.1,0.59,0,2.76,0,0,0,0,0,2.89,0,0,0,0,0,0,0,0,0,0,0,0,0,0,0,0,0,0,0,0,0,0,0,0,0,0,0,0,0,0.37,0,0,0,0,0,0,0,0,0,0,0,0,0,0,0,0,0,0,0,0
384,LSL16,45.013814,-74.890022,2021,0,1.73,1.41,1.48,0.99,2.13,0.39,0,0,0,0,0,0,0,0.05,0,0.55,0.11,0.71,0.04,2.48,0,0,0,0,0,0.16,0.04,0,0.07,0,0,0,0,0,0,0,0,0,0,0,0,0,0,0,0,0,0,1.12,0,0,0,0,0,0,0,0.56,0,0,0,0,0,0,0,0,0,0,0,0,0,0,0,0,0,0,0,0
385,LSL17,45.026069,-74.890078,2021,1.03,2.22,1.53,0,0.89,2.27,0.4,0.05,0,0,0,0,0,0,0.11,0,0.6,0.12,0.74,0.02,3.35,0,0,0,0,0,0.38,0.04,0,0.07,0,0,0,0,0,0,0,0,0,0,0,0,0,0,0,0,0,0,0,0,0,0,0,0,0,0,0.48,0,0,0,0,0,0,0,0,0,0,0,0,0,0,0,0,0,0,0,0
386,LSL18,45.019083,-74.855286,2021,0,2.28,1.53,1.47,1.09,2.21,0.33,0,0,0,0,0,0,0,0.07,0,0.57,0.1,0.81,0.03,3.04,0,0,0,0,0,0.23,0.04,0,0.1,0,0,0,0,0,0,0,0,0,0,0,0,0,0,0,0,0,0,0.98,0,0,0,0,0,0,0,0.53,0,0,0,0,0,0,0,0,0,0,0,0,0,0,0,0,0,0,0,0
387,LSL2,NA,NA,2021,1.11,1.96,1.38,1.53,0.92,1.91,0.22,0,0,0,0,0,0,0,0.1,0,0.58,0.12,0.77,0,3.56,0,0,0,0,0,3.57,0,0,0,0,0,0,0,0,0,0,0,0,0,0,0,0,0,0,0,0,0,0,0,0,0,0,0,0,0,0.4,0,0,0,0,0,0,0,0,0,0,0,0,0,0,0,0,0,0,0,0
388,LSL3,NA,NA,2021,0,1.73,1.24,1.45,0.96,2.07,0.24,0,0,0,0,0,0,0,0.06,0,0.51,0.1,0.67,0.03,2.31,0,0,0,0,0,0.16,0,0,0,0,0,0,0,0,0,0,0,0,0,0,0,0,0,0,0,0,0,0,0,0,0,0,0,0,0,0.45,0,0,0,0,0,0,0,0,0,0,0,0,0,0,0,0,0,0.02,0,0
389,LSPA1,NA,NA,2021,0,1.36,1.14,1.05,0.75,1.1,0.21,0.03,0,0,0,0,0,0,0,0,0.33,0.05,0.43,0,1.7,0,0,0,0,0,0.1,0,0,0.11,0,0,0,0,0,0,0,0,0,0,0,0,0,0,0,0,0,0,0,0,0,0,0,0,0,0,0.23,0,0,0,0,0,0,0,0,0,0,0,0,0,0,0,0,0,0,0,0
390,LSPA2,NA,NA,2021,0,1.66,1.3,1.26,0.71,1.26,0.16,0.03,0,0,0,0,0,0,0.04,0,0.37,0.06,0.46,0,1.71,0,0,0,0,0,0.04,0,0,0.08,0,0,0,0,0,0,0,0,0,0,0,0,0,0,0,0,0,0,0,0,0,0,0,0,0,0,0.24,0,0,0,0,0,0,0,0,0,0,0,0,0,0,0,0,0,0,0,0
391,LSPA3,46.256587,-72.694571,2021,0,1.82,1.34,1.26,0.88,1.54,0.22,0,0,0,0,0,0,0,0.05,0,0.46,0.09,0.61,0.02,2.43,0,0,0,0,0,0.06,0,0,0,0,0,0,0,0,0,0,0,0,0,0,0,0,0,0,0,0,0,0,0,0,0,0,0,0,0,0.32,0,0,0,0,0,0,0,0,0,0,0,0,0,0,0,0,0,0,0,0
392,LSPA4,46.231208,-72.675508,2021,0.63,2.22,1.25,1.53,0.84,1.36,0.06,0,0,0,0,0,0,0,0.1,0,0.51,0.07,0.64,0,1.92,0,0,0,0,0,0.22,0,0,0,0,0,0,0,0,0,0,0,0,0,0,0,0,0,0,0,0,0,0,0,0,0,0,0,0,0,0.38,0,0,0,0,0,0,0,0,0,0,0,0,0,0,0,0,0,0,0,0
393,LSPM1,46.22665,-72.854883,2021,0,2.15,1.64,1.2,0.98,1.31,0.15,0,0,0,0,0,0,0,0,0,0.44,0.06,0.6,0,2.51,0,0,0,0,0,0.65,0,0,0,0,0,0,0,0,0,0,0,0,0,0,0,0,0,0,0,0,0,0,0,0,0,0,0,0,0,0.3,0,0,0,0,0,0,0,0,0,0,0,0,0,0,0,0,0,0,0,0
394,LSPM2,46.204067,-72.824783,2021,0,1.51,1.09,1.25,0.81,1.51,0.19,0,0,0,0,0,0,0,0,0,0.43,0.07,0.53,0.02,1.65,0,0,0,0,0,0.14,0,0,0.11,0,0,0,0,0,0,0,0,0,0,0,0,0,0,0,0,0,0,0,0,0,0,0,0,0,0,0.34,0,0,0,0,0,0,0,0,0,0,0,0,0,0,0,0,0,0,0,0
395,LSPM3,46.183033,-72.799467,2021,0.72,2.11,1.39,1.55,0.97,2.27,0.24,0,0,0,0,0,0,0,0.07,0,0.59,0.11,0.71,0.02,3.18,0,0,0,0,0,0.86,0,0,0,0,0,0,0,0,0,0,0,0,0,0,0,0,0,0,0,0,0,0,0,0,0,0,0,0,0,0.47,0,0,0,0,0,0,0,0,0,0,0,0,0,0,0,0,0,0,0,0
396,MASS1,47.2516,-70.544167,2021,0,1.85,1.22,1.06,0.8,1.09,0.07,0,0,0,0,0,0,0,0.05,0,0.36,0.08,0.43,0,1.71,0,0,0,0,0,0.29,0,0,0,0,0,0,0,0,0,0,0,0,0,0,0,0,0,0,0,0,0,0,0,0,0,0,0,0,0,0.28,0,0,0,0,0,0,0,0,0,0,0,0,0,0,0,0,0,0,0,0
397,ONT1,44.1941,-76.577883,2021,0,2.8,1.87,2.18,1.24,2.58,0.37,0,0,0,0,0,0,0,0.09,0,0.74,0.18,0.96,0.04,2.62,0,0,0,0,0,0.2,0.05,0,0,0,0,0,0,0,0,0,0,0,0,0,0,0,0,0,0,0,0,0,0,0,0,0,0,0,0,0.48,0,0,0,0,0,0,0,0,0,0,0,0,0,0,0,0,0,0,0,0
398,ONT2,44.237683,-76.39835,2021,0,2.64,1.77,1.78,1.25,2.08,0.27,0,0,0,0,0,0,0,0.12,0,0.63,0.14,0.9,0.04,3.12,0,0,0,0,0,0.28,0,0,0,0,0,0,0,0,0,0,0,0,0,0,0,0,0,0,0,0,0,0,0,0,0,0,0,0,0,0.49,0,0,0,0,0,0,0,0,0,0,0,0,0,0,0,0,0,0.03,0,0
399,ORL1,47.058254,-70.75197,2021,0,0.39,0.55,0.66,0.44,0.83,0.09,0,0,0,0,0,0,0,0,0,0.24,0.04,0.41,0,1.14,0,0,0,0,0,0.07,0,0,0.06,0,0,0,0,0,0,0,0,0,0,0,0,0,0,0,0,0,0,0,0,0,0,0,0,0,0,0.21,0,0,0,0,0,0,0,0,0,0,0,0,0,0,0,0,0,0,0,0
400,ORL2,47.013333,-70.698767,2021,0,1.38,1.19,1.29,0.81,1.58,0.27,0,0,0,0,0,0,0,0,0,0.51,0.08,0.68,0.02,2.24,0,0,0,0,0,0.15,0,0,0.1,0,0,0,0,0,0,0,0,0,0,0,0,0,0,0,0,0,0,0,0,0,0,0,0,0,0,0.39,0,0,0,0,0,0,0,0,0,0,0,0,0,0,0,0,0,0,0,0
401,ORL3,46.98877,-70.661748,2021,0,1.76,1.16,1.42,0.89,1.45,0.28,0,0,0,0,0,0,0,0.05,0,0.45,0.09,0.62,0,1.93,0,0,0,0,0,0.24,0,0,0,0,0,0,0,0,0,0,0,0,0,0,0,0,0,0,0,0,0,0,0,0,0,0,0,0,0,0.37,0,0,0,0,0,0,0,0,0,0,0,0,0,0,0,0,0,0.03,0,0
402,QC1,46.843411,-71.179714,2021,0,1.33,1.32,1.2,1.12,1.66,0.3,0,0,0,0,0,0,0,0,0,0.45,0.09,0.67,0.03,2.3,0,0,0,0,0,0.13,0,0,0.1,0,0,0,0,0,0,0,0,0,0,0,0,0,0,0,0,0,0,0,0,0,0,0,0,0,0,0.37,0,0,0,0,0,0,0,0,0,0,0,0,0,0,0,0,0,0,0,0
403,QC2,46.83937,-71.166825,2021,0,2.24,1.1,1.52,1.04,1.77,0.28,0,0,0,0,0,0,0,0.08,0,0.51,0.09,0.72,0,2.94,0,0,0,0,0,2.35,0,0,0,0,0,0,0,0,0,0,0,0,0,0,0,0,0,0,0,0,0,0,0,0,0,0,0,0,0,0.36,0,0,0,0,0,0,0,0,0,0,0,0,0,0,0,0,0,0,0,0
404,QC3,46.833885,-71.152614,2021,0,1.11,1.14,1.53,0.9,1.44,0.2,0,0,0,0,0,0,0,0,0,0.44,0.07,0.62,0.02,1.87,0,0,0,0,0,0.14,0,0,0,0,0,0,0,0,0,0,0,0,0,0,0,0,0,0,0,0,0,0,0,0,0,0,0,0,0,0.35,0,0,0,0,0,0,0,0,0,0,0,0,0,0,0,0,0,0,0,0
405,REP1,45.744983,-73.43195,2021,0.74,1.33,0.77,1.09,0.75,0.69,0.12,0,0,0,0,0,0,0,0,0,0.33,0,0.17,0,0.9,0,0,0,0,0,0,0,0,0,0,0,0,0,0,0,0,0,0,0,0,0,0,0,0,0,0,0,0,0,0,0,0,0,0,0,0.03,0,0,0,0,0,0,0,0,0,0,0,0,0,0,0,0,0,0,0,0
406,REP2,45.741667,-73.424033,2021,0.84,2.23,1.39,1.57,1.01,1.58,0.25,0,0,0,0,0,0,0,0.06,0,0.53,0.1,0.64,0,2.79,0,0,0,0,0,0.5,0,0,0,0,0,0,0,0,0,0,0,0,0,0,0,0,0,0,0,0,0,0,0,0,0,0,0,0,0,0.42,0,0,0,0,0,0,0,0,0,0,0,0,0,0,0,0,0,0.03,0,0
407,REP3,45.745028,-73.406417,2021,0,2.38,1.53,1.46,1.09,1.61,0.12,0,0,0,0,0,0,0,0.08,0,0.6,0.11,0.74,0,2.52,0,0,0,0,0,0.41,0,0,0,0,0,0,0,0,0,0,0,0,0,0,0,0,0,0,0,0,0,0,0,0,0,0,0,0,0,0.45,0,0,0,0,0,0,0,0,0,0,0,0,0,0,0,0,0,0,0,0
408,SAD1,46.72085,-71.4773,2021,0,0,0.82,0.64,0.32,1,0,0,0,0,0,0,0,0,0,0,0.28,0.04,0.4,0,1.2,0,0,0,0,0,0.14,0,0,0,0,0,0,0,0,0,0,0,0,0,0,0,0,0,0,0,0,0,0,0,0,0,0,0,0,0,0.16,0,0,0,0,0,0,0,0,0,0,0,0,0,0,0,0,0,0,0,0
409,SAD2,46.71368,-71.471017,2021,0,1.05,0.79,0.9,0.51,1.1,0.16,0,0,0,0,0,0,0,0,0,0.35,0.04,0.46,0,1.44,0,0,0,0,0,0.08,0,0,0,0,0,0,0,0,0,0,0,0,0,0,0,0,0,0,0,0,0,0,0,0,0,0,0,0,0,0.26,0,0,0,0,0,0,0,0,0,0,0,0,0,0,0,0,0,0,0,0
410,SAD3,46.705459,-71.461456,2021,0,2.23,1.52,1.28,0.92,1.53,0.22,0,0,0,0,0,0,0,0.06,0,0.5,0.09,0.67,0,2.64,0,0,0,0,0,0.19,0,0,0.24,0,0,0,0,0,0,0,0,0,0,0,0,0,0,0,0,0,0,0,0,0,0,0,0,0,0,0.37,0,0,0,0,0,0,0,0,0,0,0,0,0,0,0,0,0,0,0,0
411,SORAM1,46.073983,-73.088683,2021,0,1.53,1.75,2.21,0.87,1.4,0.23,0,0,0,0,0,0,0,0,0,0.38,0.07,0.46,0.02,1.72,0,0,0,0,0,0.07,0,0,0.05,0,0,0,0,0,0,0,0,0,0,0,0,0,0,0,0,0,0,0.62,0,0,0,0,0,0,0,0.24,0,0,0,0,0,0,0,0,0,0,0,0,0,0,0,0,0,0,0,0
412,SORAM2,46.067283,-73.07645,2021,0,2,1.37,1.33,0.97,1.51,0.23,0,0,0,0,0,0,0,0,0,0.53,0.08,0.64,0.03,2.16,0,0,0,0,0,0.12,0,0,0.06,0,0,0,0,0,0,0,0,0,0,0,0,0,0,0,0,0,0,1.61,0,0,0,0,0,0,0,0.4,0,0,0,0,0,0,0,0,0,0,0,0,0,0,0,0,0,0.03,0,0
413,SORAM3,46.06175,-73.0656,2021,0,2.2,1.58,1.6,1.01,1.56,0.25,0,0,0,0,0,0,0,0,0,0.49,0.07,0.62,0.03,2.21,0,0,0,0,0,0.12,0,0,0.05,0,0,0,0,0,0,0,0,0,0,0,0,0,0,0,0,0,0,0,0,0,0,0,0,0,0.07,0.4,0,0,0,0,0,0,0,0,0,0,0,0,0,0,0,0,0,0,0,0
414,SORAV1,46.172584,-72.964877,2021,0,1.18,1.26,1.02,0.8,1.11,0.21,0,0,0,0,0,0,0,0,0,0.38,0.05,0.46,0.02,1.67,0,0,0,0,0,0,0,0,0.14,0,0,0,0,0,0,0,0,0,0,0,0,0,0,0,0,0,0,0,0,0,0,0,0,0,0,0.26,0,0,0,0,0,0,0,0,0,0,0,0,0,0,0,0,0,0,0,0
415,SORAV2,NA,NA,2021,0,2.25,1.28,1.37,0.95,1.49,0.24,0.04,0,0,0,0,0,0,0,0,0.51,0.09,0.55,0,3.07,0,0,0,0,0,0.17,0,0,0.17,0,0,0,0,0,0,0,0,0,0,0,0,0,0,0,0,0,0,0,0,0,0,0,0,0,0,0.38,0,0,0,0,0,0,0,0,0,0,0,0,0,0,0,0,0,0,0,0
416,SORAV3,NA,NA,2021,0,1.16,1.22,1.5,0.91,1.61,0.28,0,0,0,0,0,0,0,0,0,0.5,0.09,0.71,0.03,1.95,0,0,0,0,0,0.18,0,0,0,0,0,0,0,0,0,0,0,0,0,0,0,0,0,0,0,0,0,0,0,0.12,0,0,0,0,0,0.38,0,0,0,0,0,0,0,0,0,0.09,0,0.11,0,0,0,0,0,0.02,0,0.04
417,STA1,46.57575,-72.098125,2021,0,1.25,1.16,0.89,0.88,1.33,0.2,0,0,0,0,0,0,0,0,0,0.43,0.06,0.55,0,2.02,0,0,0,0,0,0.1,0,0,0,0,0,0,0,0,0,0,0,0,0,0,0,0,0,0,0,0,0,0,0,0,0,0,0,0,0,0.28,0,0,0,0,0,0,0,0,0,0,0,0,0,0,0,0,0,0,0,0
418,STA2,46.569129,-72.098872,2021,0,1.89,1.25,1.18,0.83,1.34,0.19,0,0,0,0,0,0,0,0,0,0.53,0.09,0.54,0.02,1.94,0,0,0,0,0,0,0,0,0,0,0,0,0,0,0,0,0,0,0,0,0,0,0,0,0,0,0,0,0,0,0,0,0,0,0,0.32,0,0,0,0,0,0,0,0,0,0,0,0,0,0,0,0,0,0,0,0
419,STA3,46.562646,-72.10002,2021,0,1.75,1.14,1.19,0.82,1.15,0.14,0,0,0,0,0,0,0,0.07,0,0.43,0.07,0.6,0,1.77,0,0,0,0,0,0.45,0,0,0,0,0,0,0,0,0,0,0,0,0,0,0,0,0,0,0,0,0,0,0,0,0,0,0,0,0,0.29,0,0,0,0,0,0,0,0,0,0,0,0,0,0,0,0,0,0,0,0
420,STAN1,NA,NA,2021,0,0.6,0.4,0.54,0.28,0.55,0.06,0,0,0,0,0,0,0,0,0.41,0.18,0.05,0.15,0,0.69,0,0,0,0,0,0.13,0,0,0,0,0,0,0,0,0,0,0,0,0,0,0,0,0,0,0,0,0,0,0,0,0,0,0,0,0,0.08,0,0,0,0,0,0,0,0,0,0,0,0.07,0,0,0,0,0,0,0,0.07
421,STIR1,47.55815,-70.18045,2021,0,0.55,0.39,0.57,0.25,0.32,0,0,0,0,0,0,0,0,0,0,0.14,0.03,0.13,0,0.65,0,0,0,0,0,0.29,0,0,0,0,0,0,0,0,0,0,0,0,0,0,0,0,0,0,0,0,0,0,0,0,0,0,0,0,0,0.05,0,0,0,0,0,0,0,0,0,0,0,0,0,0,0,0,0,0,0,0
422,STJO1,NA,NA,2021,0,0.71,0.21,0.45,0.39,0,0,0,0,0,0,0,0,0,0,0,0.2,0.03,0.31,0,0.98,0,0,0,0,0,0.03,0,0,0.05,0,0,0,0,0,0,0,0,0,0,0,0,0,0,0,0,0,0,0,0,0,0,0,0,0,0,0.12,0,0,0,0,0,0,0,0,0,0,0,0,0,0,0,0,0,0,0,0
423,STL1,44.899817,-75.145133,2021,0,2.13,1.19,1.51,0.99,2.07,0.29,0,0,0,0,0,0,0,0,0,0.49,0.08,0.71,0.02,2.53,0,0,0,0,0,0.26,0,0,0.19,0,0,0,0,0,0,0,0,0,0,0,0,0,0,0,0,0,0,0,0,0,0,0,0,0,0,0.47,0,0,0,0,0,0,0,0,0,0,0,0,0,0,0,0,0,0.03,0,0
424,STL1.5,44.958861,-74.987861,2021,0,1.99,1.46,1.6,1.01,2.09,0.27,0,0,0,0,0,0,0,0.04,0,0.56,0.11,0.75,0.03,2.64,0,0,0,0,0,0.2,0,0,0,0,0,0,0,0,0,0,0,0,0,0,0,0,0,0,0,0,0,0,0,0,0,0,0,0,0,0.48,0,0,0,0,0,0,0,0,0,0,0,0,0,0,0,0,0,0,0,0
425,STL2,45.005017,-74.76185,2021,0,2.31,1.39,1.48,0.83,2.01,0.21,0,0,0,0,0,0,0,0.06,0,0.52,0.11,0.69,0.03,2.64,0,0,0,0,0,0.74,0,0,0,0,0,0,0,0,0,0,0,0,0,0,0,0,0,0,0,0,0,0,0,0,0,0,0,0,0,0.48,0,0,0,0,0,0,0,0,0,0,0,0,0,0,0,0,0,0,0,0
426,STM1,46.349237,-72.527838,2021,0,0.63,0,0.2,0.24,0.14,0.09,0,0,0,0,0,0,0,0,0,0.05,0,0,0,0.12,0,0,0,0,0,0.03,0,0,0,0,0,0,0,0,0,0,0,0,0,0,0,0,0,0,0,0,0,0,0,0,0,0,0,0,0,0,0,0,0,0,0,0,0,0,0,0,0,0,0,0,0,0,0,0,0,0
427,STM2,46.345992,-72.529377,2021,0,0.72,0.81,0.85,0.51,1.15,0.15,0,0,0,0,0,0,0,0,0,0.39,0.06,0.51,0,1.39,0,0,0,0,0,0,0,0,0,0,0,0,0,0,0,0,0,0,0,0,0,0,0,0,0,0,0,0,0,0,0,0,0,0,0,0.29,0,0,0,0,0,0,0,0,0,0,0,0,0,0,0,0,0,0,0,0
428,STM3,46.340461,-72.520947,2021,0.69,2.14,1.2,1.42,0.94,1.39,0.31,0,0,0,0,0,0,0,0.05,0,0.49,0.08,0.65,0,2.43,0,0,0,0,0,0.31,0,0,0,0,0,0,0,0,0,0,0,0,0,0,0,0,0,0,0,0,0,0,0,0,0,0,0,0,0,0.36,0,0,0,0,0,0,0,0,0,0,0,0,0,0,0,0,0,0,0,0
429,STM4,46.336517,-72.518583,2021,0,2.54,1.14,1.59,1.12,2.06,0.32,0,0,0,0,0,0,0,0.1,0,0.6,0.08,0.73,0.02,2.79,0,0,0,0,0,0.12,0,0,0.2,0,0,0,0,0,0,0,0,0,0,0,0,0,0,0,0,0,0,0,0,0,0,0,0,0,0,0.38,0,0,0,0,0,0,0,0,0,0,0,0,0,0,0,0,0,0,0,0
430,TCL1,NA,NA,2021,0,1.68,1.2,1.27,0.74,1.61,0.19,0,0,0,0,0,0,0,0.05,0,0.42,0.07,0.54,0,2.52,0,0,0,0,0,0.25,0,0,0.06,0,0,0,0,0,0,0,0,0,0,0,0,0,0,0,0,0,0,0,0,0,0,0,0,0,0,0.33,0,0,0,0,0,0,0,0,0,0,0,0,0,0,0,0,0,0,0,0
431,TCM1,45.7048,-73.478117,2021,0.96,0.98,0.45,0.52,0.84,0.36,0.13,0,0,0,0,0,0,0,0,0,0.17,0,0.05,0,0.3,0,0,0,0,0,0.07,0,0,0,0,0,0,0,0,0,0,0,0,0,0,0,0,0,0,0,0,0,0,0,0,0,0,0,0,0,0,0,0,0,0,0,0,0,0,0,0,0,0,0,0,0,0,0,0,0,0
432,TCM1_5,NA,NA,2021,0,2.97,2.97,3.21,1.66,2.38,0.38,0,0,0,0,0,0,0,0.07,0,0.99,0.12,0.81,0.03,3.15,0,0,0,0,0,0.15,0,0,0.17,0,0,0,0,0,0,0,0,0,0,0,0,0,0,0,0,0,0,0,0,0,0,0,0,0,0,0.41,0,0,0,0,0,0,0,0,0,0,0,0,0,0,0,0,0,0.07,0,0
433,TCM2,45.712764,-73.444502,2021,0,1.89,1.47,1.46,0.87,1.49,0.23,0,0,0,0,0,0,0,0,0,0.51,0.1,0.62,0.03,1.93,0,0,0,0,0,0.08,0,0,0,0,0,0,0,0,0,0,0,0,0,0,0,0,0,0,0,0,0,0,0,0,0,0,0,0,0,0.38,0,0,0,0,0,0,0,0,0,0,0,0.08,0,0,0,0,0,0,0,0
434,TCM2_5,NA,NA,2021,0,1.77,1.23,1.46,1.02,1.86,0.21,0,0,0,0,0,0,0,0.06,0,0.48,0.09,0.61,0,0,0,0,0,0,0,0.95,0,0,0,0,0,0,0,0,0,0,0,0,0,0,0,0,0,0,0,0,0,0,0,0,0,0,0,0,0,0.37,0,0,0,0,0,0,0,0,0,0,0,0,0,0,0,0,0,0,0,0
435,TCM3,NA,NA,2021,0,1.52,1.24,1.6,0.88,1.89,0.31,0,0,0,0,0,0,0,0,0,0.56,0.08,0.74,0.03,2.61,0,0,0,0,0,0.23,0,0,0.09,0,0,0,0,0,0,0,0,0,0,0,0,0,0,0,0,0,0,0,0,0,0,0,0,0,0,0.44,0,0,0,0,0,0,0,0,0,0,0,0,0,0,0,0,0,0,0,0
436,THI_01,44.213225,-76.545683,2021,0,4.15,4.2,3.3,2.58,3.06,0.3,0,0,0,0,0,0,0,0.05,0,1.09,0.16,0.93,0,2.78,0,0,0,0,0,0.33,0,0,0.07,0,0,0,0,0,0,0,0,0,0,0,0,0,0,0,0,0,0,2.56,0,0,0,0,0,0,0,0.39,0,0,0,0,0,0,0,0,0,0,0,0,0,0,0,0,0,0.02,0,0
437,THI_02,44.240247,-76.418039,2021,0,2.35,1.93,1.77,1.17,2.43,0.45,0.07,0,0,0,0,0,0,0.09,0,0.68,0.18,0.97,0.05,3.01,0,0,0,0,0,0.19,0,0,0.11,0,0,0,0,0,0,0,0,0,0,0,0,0,0,0,0,0,0,0,0,0,0,0,0,0,0,0.43,0,0,0,0,0,0,0,0,0,0,0,0,0,0,0,0,0,0.03,0,0
438,THI_03,44.259283,-76.378431,2021,0,2.59,2.16,2.34,1.19,2.3,0.42,0.03,0,0,0,0,0,0,0.06,0,0.7,0.15,0.92,0.05,2.79,0,0,0,0,0,0.16,0.04,0,0.06,0,0,0,0,0,0,0,0,0,0,0,0,0,0,0,0,0,0,0,0,0,0,0,0,0,0,0.51,0,0,0,0,0,0,0,0,0,0,0,0,0,0,0,0,0,0.02,0,0
439,THI_04,44.303414,-76.196936,2021,0,2.97,2.23,2.46,1.25,2.65,0.44,0.04,0,0,0,0,0,0,0.07,0,0.68,0.16,0.97,0.05,2.56,0,0,0,0,0,0.18,0.06,0,0,0,0,0.09,0,0,0,0,0,0,0,0,0,0,0,0,0,0,0,0,0,0,0,0,0,0,0,0.5,0,0,0,0,0,0,0,0,0,0,0,0,0,0,0,0,0,0.04,0,0
440,THI_05,44.323247,-76.166836,2021,0,0.85,0.91,1.2,0.78,1.51,0.28,0,0,0,0,0,0,0,0,0,0.49,0.09,0.6,0.03,1.9,0,0,0,0,0,0.1,0,0,0,0,0,0,0,0,0,0,0,0,0,0,0,0,0,0,0,0,0,0,0,0.1,0,0,0,0,0,0.36,0,0,0,0,0,0,0,0,0,0,0,0,0,0,0,0,0,0.02,0,0
441,THI_06,44.324406,-76.158958,2021,0,2.28,2.31,3.14,1.2,2.51,0.39,0.07,0,0,0,0,0,0,0.07,0,0.65,0.17,0.98,0.03,3.07,0,0,0,0,0,0.22,0.05,0,0,0,0,0.09,0,0,0,0,0,0,0,0,0,0,0,0,0,0,0,0,0,0,0,0,0,0,0,0.46,0,0,0,0,0,0,0,0,0,0,0,0,0,0,0,0,0,0,0.05,0
442,THI_07,44.483978,-75.826772,2021,0,1.67,1.19,1.39,0.86,1.69,0.29,0,0,0,0,0,0,0,0,0,0.45,0.09,0.63,0.03,1.67,0,0,0,0,0,0.17,0,0,0,0,0,0,0,0,0,0,0,0,0,0,0,0,0,0,0,0,0,0,0,0,0,0,0,0,0,0.4,0,0,0,0,0,0,0,0,0,0,0,0,0,0,0,0,0,0.03,0,0
443,TRA1,45.996917,-73.187017,2021,0,0.77,0.86,1.22,0.65,0.67,0.14,0,0,0,0,0,0,0,0,0,0.25,0.02,0.25,0,0.79,0,0,0,0,0,0.04,0,0,0.12,0,0,0,0,0,0,0,0,0,0,0,0,0,0,0,0,0,0,0,0,0,0,0,0,0,0,0.13,0,0,0,0,0,0,0,0,0,0,0,0,0,0,0,0,0,0,0,0
444,TRA2,45.996392,-73.183399,2021,0,1.29,0.97,1.15,0.73,1.44,0.22,0,0,0,0,0,0,0,0,0,0.46,0.07,0.65,0.03,1.89,0,0,0,0,0,0.13,0,0,0,0,0,0,0,0,0,0,0,0,0,0,0,0,0,0,0,0,0,0,0,0.11,0,0,0,0,0,0.35,0,0,0,0,0,0,0,0,0,0,0,0,0,0,0,0,0,0,0,0
445,TRA3,45.995608,-73.17874,2021,0,2.19,1.09,1.61,0.95,1.83,0.28,0,0,0,0,0,0,0,0,0,0.54,0.1,0.8,0.03,2.61,0,0,0,0,0,0.17,0,0,0,0,0,0,0,0,0,0,0,0,0,0,0,0,0,0,0,0,0,0,0,0,0,0,0,0,0,0.46,0,0,0,0,0,0,0,0,0,0,0,0,0,0,0,0,0,0.04,0,0
446,IRQ_1,NA,NA,2021,0,2.95,1.67,1.78,1.24,2.32,0.37,0.04,0,0,0,0,0,0,0.07,0,0.7,0.16,0.95,0.04,2.93,0,0,0,0,0,0.24,0,0,0,0,0,0,0,0,0,0,0,0,0,0,0,0,0,0,0,0,0,0,0,0,0,0,0,0,0,0.52,0,0,0,0,0,0,0,0,0,0,0,0,0,0,0,0,0,0.03,0,0
447,IRQ2,44.81975,-75.315517,2021,0,1.92,1.5,1.48,1.09,2.23,0.4,0,0,0,0,0,0,0,0.07,0,0.54,0.11,0.75,0.04,3.31,0,0,0,0,0,0.23,0.05,0,0.09,0,0,0,0,0,0,0,0,0,0,0,0,0,0,0,0,0,0,0,0,0,0,0,0,0,0,0.52,0,0,0,0,0,0,0,0,0,0,0,0,0,0,0,0,0,0.02,0,0
