url,name,lat,lon,elev_m,icao,base_type,status
https://www.globalmilitary.net/airbases/12th-uav-base-miroslawiec/,12th Unmanned Aerial Vehicles Base (12 Baza Bezzałogowych Statków Powietrznych),53.3953,16.0828,72,EPMI,air,Active
https://www.globalmilitary.net/airbases/19th-air-base/,19th Air Base (Focșani Air Base),45.6947,27.15,NA,NA,air,Closed
https://www.globalmilitary.net/airbases/22nd-air-base-malbork/,22nd Air Base (22 Baza Lotnicza),54.0269,19.1342,5,EPMB,air,Active
https://www.globalmilitary.net/airbases/23rd-air-base-minsk-mazowiecki/,23rd Air Base (23 Baza Lotnicza),52.1953,21.6558,110,EPMM,air,Active
https://www.globalmilitary.net/airbases/31st-tactical-air-base-krzesiny/,31st Tactical Air Base (31 Baza Lotnictwa Taktycznego),52.3317,16.9664,84,EPKS,air,Active
https://www.globalmilitary.net/airbases/33rd-air-base-powidz/,33rd Air Base (33 Baza Lotnicza),52.3794,17.8539,92,EPPW,air,Active
https://www.globalmilitary.net/airbases/58th-helicopter-air-base/,58th Helicopter Air Base (Turnișor Air Base),45.7856,24.0914,460,LRSB,air,Closed
https://www.globalmilitary.net/airbases/59th-helicopter-air-base/,59th Helicopter Air Base (Tuzla Air Base),43.9819,28.6231,50,LRTZ,air,Active
https://www.globalmilitary.net/airbases/60th-helicopter-air-base/,60th Helicopter Air Base (Tecuci Air Base),45.85,27.4167,NA,NA,air,Closed
https://www.globalmilitary.net/airbases/61st-helicopter-air-base/,61st Helicopter Air Base (Boteni Air Base),44.6606,25.5794,NA,LRTI,air,Closed
https://www.globalmilitary.net/airbases/71st-air-base/,71st Air Base (Câmpia Turzii Air Base),46.5047,23.8858,330,LRCT,air,Active
https://www.globalmilitary.net/airbases/73rd-helicopter-air-base/,73rd Helicopter Air Base (Caransebeș Air Base),45.42,22.2533,263,LRCS,air,Closed
https://www.globalmilitary.net/airbases/86th-air-base/,86th Air Base (Fetești-Borcea Air Base),44.3972,27.0361,55,LRFT,air,Active
https://www.globalmilitary.net/airbases/90th-airlift-base/,90th Airlift Base (Otopeni Air Base),44.5711,26.085,96,LROP,air,Active
https://www.globalmilitary.net/airbases/93rd-air-base/,93rd Air Base (Timișoara-Giarmata Air Base),45.8097,21.3386,106,LRTR,air,Active
https://www.globalmilitary.net/airbases/94th-helicopter-air-base/,94th Helicopter Air Base (Alexeni Air Base),44.5833,26.8167,NA,NA,air,Closed
https://www.globalmilitary.net/airbases/95th-air-base/,95th Air Base (Bacău Air Base),46.5219,26.9103,185,LRBC,air,Active
https://www.globalmilitary.net/airbases/aac-middle-wallop/,Middle Wallop Flying Station (AAC Middle Wallop / Army Aviation Centre),51.1489,-1.57,91,EGVP,air,Active
https://www.globalmilitary.net/airbases/aalborg-air-base/,Aalborg Air Base (Flyvestation Aalborg),57.0928,9.8492,3,EKYT,air,Active
https://www.globalmilitary.net/airbases/abdul-rachman-saleh-air-force-base/,Abdul Rachman Saleh Air Force Base (Bugis Airfield),-7.9283,112.7133,526,WARA,air,Active
https://www.globalmilitary.net/airbases/abdullah-al-mubarak-air-base/,Abdullah Al-Mubarak Air Base (Kuwait International Airport),29.2267,47.98,63,OKKK,air,Active
https://www.globalmilitary.net/airbases/ablitas-military-airfield/,Ablitas Military Airfield,42.011,-1.6239,324,LETU,air,Active
https://www.globalmilitary.net/airbases/abston-air-national-guard-station/,Abston Air National Guard Station,NA,NA,NA,NA,air,Active
https://www.globalmilitary.net/airbases/abu-al-duhur-air-base/,Abu al-Duhur Air Base,35.7328,37.1017,NA,NA,air,Inactive
https://www.globalmilitary.net/airbases/abu-sultan-air-base/,Abu Sultan Air Base (RAF Deversoir),30.4228,32.3353,9,NA,air,Active
https://www.globalmilitary.net/airbases/abu-suweir-air-base/,Abu Suweir Air Base (RAF Abu Sueir),30.5722,32.0958,14,NA,air,Active
https://www.globalmilitary.net/airbases/acapulco-international-airport/,Acapulco International Airport (Aeropuerto Internacional General Juan N. Álvarez),16.756,-99.7516,4,MMAA,air,Active
https://www.globalmilitary.net/airbases/achinsk-airport/,Achinsk Airport,56.2683,90.5767,315,UNKS,air,Active
https://www.globalmilitary.net/airbases/adampur-afs/,Adampur AFS,31.4331,75.7606,236,VIAX,air,Active
https://www.globalmilitary.net/airbases/adisoemarmo-air-force-base/,Adisoemarmo Air Force Base (Panasan Airfield),-7.5161,110.7569,128,WAHQ,air,Active
https://www.globalmilitary.net/airbases/adisutjipto-air-force-base/,Adisutjipto Air Force Base (Maguwo Airfield),-7.7881,110.4317,116,WAHH,air,Active
https://www.globalmilitary.net/airbases/afb-bloemspruit/,AFB Bloemspruit,-29.1,26.3069,1359,FABL,air,Active
https://www.globalmilitary.net/airbases/afb-durban/,AFB Durban,-29.9686,30.9478,10,FADN,air,Active
https://www.globalmilitary.net/airbases/afb-hoedspruit/,AFB Hoedspruit (Eastgate Airport),-24.3547,31.0503,531,FAHS,air,Active
https://www.globalmilitary.net/airbases/afb-langebaanweg/,AFB Langebaanweg,-32.9689,18.1653,33,FALW,air,Active
https://www.globalmilitary.net/airbases/afb-makhado/,AFB Makhado (Air Force Base Louis Trichardt),-23.16,29.6967,935,FALM,air,Active
https://www.globalmilitary.net/airbases/afb-overberg/,AFB Overberg,-34.5547,20.2506,16,FAOB,air,Active
https://www.globalmilitary.net/airbases/afb-swartkop/,AFB Swartkop (Air Force Station Zwartkop),-25.8069,28.1644,1457,FASK,air,Active
https://www.globalmilitary.net/airbases/afb-waterkloof/,AFB Waterkloof (Waterkloof Air Station),-25.83,28.2225,1506,FAWK,air,Active
https://www.globalmilitary.net/airbases/afb-ysterplaat/,AFB Ysterplaat (Air Force Station Brooklyn),-33.9064,18.495,16,FAYP,air,Active
https://www.globalmilitary.net/airbases/afonsos-air-force-base/,Afonsos Air Force Base (Campo dos Afonsos),-22.8756,-43.3844,34,SBAF,air,Active
https://www.globalmilitary.net/airbases/afs-port-elizabeth/,AFS Port Elizabeth,-33.9811,25.6225,67,FAPE,air,Active
https://www.globalmilitary.net/airbases/agoncillo-bhelma-iii/,"Agoncillo Air Base (Logroño-Agoncillo Airport / Acuartelamiento ""Héroes del Revellín"")",42.4606,-2.3206,352,LERJ,air,Active
https://www.globalmilitary.net/airbases/agra-afs/,Agra AFS,27.1618,77.9707,168,VIAG,air,Active
https://www.globalmilitary.net/airbases/agualeguas-national-airport/,Agualeguas National Airport (10th Air Force Station Lieutenant Colonel Praxedis López Ramos),26.334,-99.5424,206,MMAL,air,Active
https://www.globalmilitary.net/airbases/ahmad-al-jaber-air-base/,Ahmad al-Jaber Air Base,28.9349,47.792,123,OKAJ,air,Active
https://www.globalmilitary.net/airbases/ain-oussera-daaq/,Ain Oussera,35.5254,2.8787,650,DAAQ,air,Active
https://www.globalmilitary.net/airbases/air-station-barbers-point/,Air Station Barbers Point,21.3072,-158.0703,9,PHJR,air,Active
https://www.globalmilitary.net/airbases/akeno-air-field/,Akeno Air Field,34.5333,136.6722,6,RJOE,air,Active
https://www.globalmilitary.net/airbases/akhtubinsk/,Akhtubinsk Air Base,48.3086,46.2042,2,URWH,air,Active
https://www.globalmilitary.net/airbases/al-anad-air-base/,Al-Anad Air Base,13.1761,44.7622,274,NA,air,Active
https://www.globalmilitary.net/airbases/al-asad-air-base/,Al Asad Air Base (Qadisiyah Airbase),33.7856,42.4411,188,ORAA,air,Active
https://www.globalmilitary.net/airbases/al-bateen-air-base/,Al Bateen Air Base (Al Bateen Executive Airport),24.4283,54.4581,5,OMAD,air,Active
https://www.globalmilitary.net/airbases/al-dailami-air-base/,Al-Dailami Air Base,15.4761,44.2208,2199,NA,air,Active
https://www.globalmilitary.net/airbases/al-dhafra-air-base/,Al Dhafra Air Base,24.24,54.5483,23,OMAM,air,Active
https://www.globalmilitary.net/airbases/al-dumayr-air-base/,Al-Dumayr Air Base,33.6097,36.7489,NA,NA,air,Active
https://www.globalmilitary.net/airbases/al-jouf-air-base/,Al-Jouf Air Base,NA,NA,NA,OESK,air,Active
https://www.globalmilitary.net/airbases/al-jufra-airbase/,Al Jufra Airbase,29.1981,16.0011,258,NA,air,Active
https://www.globalmilitary.net/airbases/al-khatatbah-air-base/,Al Khatatbah Air Base (قاعدة الخطاطبة الجوية),30.3111,30.8764,11,NA,air,Active
https://www.globalmilitary.net/airbases/al-mansurah-air-base/,Al Mansurah Air Base (قاعدة المنصورة الجوية),30.965,31.4328,4,NA,air,Active
https://www.globalmilitary.net/airbases/al-minhad-air-base/,Al Minhad Air Base,25.0268,55.3663,52,OMDM,air,Active
https://www.globalmilitary.net/airbases/al-safran-air-base/,Al-Safran Air Base (Liwa),23.6519,53.8206,120,OMLW,air,Active
https://www.globalmilitary.net/airbases/al-taqaddum-air-base/,Al Taqaddum Air Base (Tammuz Airbase),33.338,43.597,84,ORAT,air,Active
https://www.globalmilitary.net/airbases/al-udeid-air-base/,Al Udeid Air Base,25.1186,51.318600000000004,40,OTBH,air,Active
https://www.globalmilitary.net/airbases/al-watiya-air-base/,Al-Watiya Air Base (Okba Ibn Nafa Air Base),32.4722,11.9,77,NA,air,Active
https://www.globalmilitary.net/airbases/alat-cannet-des-maures/,Le Luc – Le Cannet (Base école Général Lejay),43.3847,6.3871,81,LFMC,air,Active
https://www.globalmilitary.net/airbases/alat-dax-seyresse/,Dax-Seyresse (Base école Général Navelet),43.6892,-1.0689,32,LFBY,air,Active
https://www.globalmilitary.net/airbases/alat-etain-rouvres/,Étain-Rouvres (Base Lieutenant Étienne Mantoux),49.2167,5.6683,235,LFQE,air,Active
https://www.globalmilitary.net/airbases/alat-montauban/,Montauban (Aérodrome Morin-Védrines),44.0257,1.378,107,LFDB,air,Active
https://www.globalmilitary.net/airbases/alat-pau-pyrenees/,Pau-Pyrénées (Pau-Uzein),43.38,-0.4186,188,LFBP,air,Active
https://www.globalmilitary.net/airbases/alat-phalsbourg-bourscheid/,Phalsbourg-Bourscheid (Quartier La Horie),48.7659,7.1991,316,LFQP,air,Active
https://www.globalmilitary.net/airbases/alat-rennes-saint-jacques/,Rennes-Saint-Jacques,48.0695,-1.7348,38,LFRN,air,Active
https://www.globalmilitary.net/airbases/alat-valence-chabeuil/,Valence-Chabeuil,44.9216,4.9699,160,LFLU,air,Active
https://www.globalmilitary.net/airbases/albacete-air-base/,Albacete Air Base,38.9486,-1.8633,702,LEAB,air,Active
https://www.globalmilitary.net/airbases/alcantarilla-air-base/,Alcantarilla Air Base,37.9542,-1.2318,76,LERI,air,Active
https://www.globalmilitary.net/airbases/aldergrove-flying-station/,Aldergrove Flying Station,54.6494,-6.2253,69,EGAA,air,Active
https://www.globalmilitary.net/airbases/alfonso-bonilla-aragon-international-airport/,Alfonso Bonilla Aragón International Airport (Palmaseca International Airport),3.5417,-76.3819,964,SKCL,air,Active
https://www.globalmilitary.net/airbases/ali-al-salem-air-base/,Ali Al Salem Air Base,29.3467,47.5206,144,OKAS,air,Active
https://www.globalmilitary.net/airbases/almagro-bhela-i/,"Almagro Air Base (Base ""Coronel Sánchez Bilbao"")",38.9533,-3.7414,622,LEAO,air,Active
https://www.globalmilitary.net/airbases/almaza-air-base/,Almaza Air Base (RAF Almaza),30.0944,31.3597,91,HEAZ,air,Active
https://www.globalmilitary.net/airbases/almirante-zar/,Almirante Zar Naval Air Base (Almirante Marcos A. Zar Airport / Trelew Airport (BAAZ)),-43.2105,-65.2703,43,SAVT,air,Active
https://www.globalmilitary.net/airbases/alpnach-air-base/,Alpnach Air Base,46.9386,8.2842,462,LSMA,air,Active
https://www.globalmilitary.net/airbases/altus-air-force-base/,Altus Air Force Base,34.6664,-99.2681,421,KLTS,air,Active
https://www.globalmilitary.net/airbases/amari-air-base/,Ämari Air Base,59.2622,24.2186,20,EEEI,air,Active
https://www.globalmilitary.net/airbases/ambala-afs/,Ambala AFS,30.3708,76.8178,275,VIAM,air,Active
https://www.globalmilitary.net/airbases/amendola-air-base/,Amendola Air Base,41.5414,15.7181,56,LIBA,air,Active
https://www.globalmilitary.net/airbases/amritsar-afs/,Amritsar AFS,31.7078,74.7992,230,VIAR,air,Active
https://www.globalmilitary.net/airbases/andersen-air-force-base/,Andersen Air Force Base (Guam),13.5761,144.9244,188,PGUA,air,Active
https://www.globalmilitary.net/airbases/andoya-air-station/,Andøya Air Station (Andøya Flystasjon),69.2925,16.1442,14,ENAN,air,Active
https://www.globalmilitary.net/airbases/andravida-air-base/,Andravida Air Base (ΑΒ Ανδραβίδας),37.933,21.283,17,LGAD,air,Active
https://www.globalmilitary.net/airbases/annaba-dabb/,Annaba (Les Salines Airport),36.8292,7.8139,5,DABB,air,Active
https://www.globalmilitary.net/airbases/anpolis-air-force-base/,Anápolis Air Force Base,-16.2386,-48.9722,1137,SBAN,air,Active
https://www.globalmilitary.net/airbases/anqing-air-base/,Anqing Air Base (安庆 Anqing Tianzhushan Airport),30.5833,117.05,NA,ZSAQ,air,Active
https://www.globalmilitary.net/airbases/anshan-air-base/,Anshan Air Base (鞍山 Anshan Teng'ao Airport),41.1058,122.8539,NA,ZYAS,air,Active
https://www.globalmilitary.net/airbases/antonio-bautista-air-base/,Antonio Bautista Air Base,9.7442,118.7589,22,RPVP,air,Active
https://www.globalmilitary.net/airbases/araxos-air-base/,Araxos Air Base,38.167,21.417,14,LGRX,air,Active
https://www.globalmilitary.net/airbases/arlanda-air-base/,Arlanda Air Base (Stockholm-Arlanda flygplats),59.6519,17.9186,42,ESSA,air,Active
https://www.globalmilitary.net/airbases/armavir/,Armavir Air Base,44.9692,41.1081,83,URKR,air,Active
https://www.globalmilitary.net/airbases/armilla-air-base/,Armilla Air Base,37.1332,-3.6357,700,LEGA,air,Active
https://www.globalmilitary.net/airbases/arnold-air-force-base/,Arnold Air Force Base,35.3925,-86.0858,325,KAYX,air,Active
https://www.globalmilitary.net/airbases/artsyz-air-base/,Artsyz Air Base,45.976,29.416,10,NA,air,Inactive
https://www.globalmilitary.net/airbases/asahikawa-air-field/,Asahikawa Air Field,43.7944,142.365,115,RJCA,air,Active
https://www.globalmilitary.net/airbases/ashiya-air-field/,Ashiya Air Field,33.8814,130.6517,30,RJFA,air,Active
https://www.globalmilitary.net/airbases/astrakhan/,Astrakhan Air Base (Ashchuluk),46.3939,47.8975,23,XRAP,air,Active
https://www.globalmilitary.net/airbases/atang-sendjaja-air-force-base/,Atang Sendjaja Air Force Base,-6.5389,106.7553,164,WIAJ,air,Active
https://www.globalmilitary.net/airbases/atlangatepec-air-force-station/,Atlangatepec Air Force Station (Tlaxcala National Airport),19.5744,-98.2058,2450,MMTA,air,Active
https://www.globalmilitary.net/airbases/atlantic-city-air-national-guard-base/,Atlantic City Air National Guard Base,39.4454,-74.5812,23,KACY,air,Active
https://www.globalmilitary.net/airbases/aviano-air-base/,Aviano Air Base,46.0314,12.5969,126,LIPA,air,Active
https://www.globalmilitary.net/airbases/awantipur-afs/,Awantipur AFS,33.8764,74.9756,630,VIAW,air,Active
https://www.globalmilitary.net/airbases/az-zaqaziq-air-base/,Az Zaqaziq Air Base (Abu Hamad),30.5942,31.6661,9,NA,air,Active
https://www.globalmilitary.net/airbases/baalbek-ayat-iaat-airfield/,Baalbek Ayat (Iaat) Airfield (Iaat Airfield),34.0483,36.1744,NA,NA,air,Closed
https://www.globalmilitary.net/airbases/baf-base-bashar/,BAF Base Bashar (Tejgaon Airport),23.7786,90.3825,7,VGTJ,air,Active
https://www.globalmilitary.net/airbases/baf-base-bir-uttom-ak-khandker/,BAF Base Bir Uttom A. K. Khandker (BAF Base Kurmitola),23.8369,90.3986,27,NA,air,Active
https://www.globalmilitary.net/airbases/baf-base-coxs-bazar/,BAF Base Cox's Bazar (BAF Base Sheikh Hasina),21.4486,91.9634,12,VGCB,air,Active
https://www.globalmilitary.net/airbases/baf-station-bogura/,BAF Station Bogura,24.8668,89.3165,20,VGBG,air,Active
https://www.globalmilitary.net/airbases/baf-station-shamshernagar/,BAF Station Shamshernagar (BAF Station Moulvibazar),24.3983,91.9169,18,VGSH,air,Active
https://www.globalmilitary.net/airbases/bagay-baranovka/,Bagay-Baranovka Air Base (Sennoy),52.1403,46.9644,38,NA,air,Active
https://www.globalmilitary.net/airbases/bagdogra-afs/,Bagdogra AFS,26.6811,88.3286,126,VEBD,air,Active
https://www.globalmilitary.net/airbases/bailian-air-base/,Bailian Air Base (白蓮 Liuzhou Bailian Airport),24.2078,109.3914,90,ZGZH,air,Active
https://www.globalmilitary.net/airbases/baishiyi-air-base/,Baishiyi Air Base (白市 Chongqing Baishiyi Airport),29.4958,106.3592,NA,NA,air,Active
https://www.globalmilitary.net/airbases/bakshi-ka-talab-afs/,Bakshi Ka Talab AFS,26.987,80.8977,127,VIBL,air,Active
https://www.globalmilitary.net/airbases/baku-kala-air-base/,Baku Kala Air Base,40.4064,50.2,12,NA,air,Active
https://www.globalmilitary.net/airbases/balad-air-base/,Balad Air Base (Martyr Brig.Gen. Ali Falih Al-Jawiya Air Base),34.0935,44.3615,49,ORBD,air,Active
https://www.globalmilitary.net/airbases/balashov/,Balashov Air Base,51.5333,43.3,173,UWSW,air,Active
https://www.globalmilitary.net/airbases/balikesir-air-base/,Balıkesir Air Base,39.6193,27.926,104,LTBF,air,Active
https://www.globalmilitary.net/airbases/bamrauli-afs/,Bamrauli AFS,25.44,81.7339,98,VEAB,air,Active
https://www.globalmilitary.net/airbases/ban-hyeres/,BAN Hyères (Toulon-Hyères Airport),43.0973,6.146,7,LFTH,air,Active
https://www.globalmilitary.net/airbases/ban-landivisiau/,BAN Landivisiau,48.5303,-4.1515,106,LFRJ,air,Active
https://www.globalmilitary.net/airbases/ban-lann-bihoue/,BAN Lann-Bihoué (Lorient-Bretagne Sud Airport),47.7609,-3.4397,49,LFRH,air,Active
https://www.globalmilitary.net/airbases/ban-lanveoc-poulmic/,BAN Lanvéoc-Poulmic,48.2819,-4.4459,87,LFRL,air,Active
https://www.globalmilitary.net/airbases/ban-nimes-garons/,BAN Nîmes-Garons (Nîmes-Arles-Camargue Airport),43.7577,4.4163,94,LFTW,air,Closed
https://www.globalmilitary.net/airbases/banak-air-station/,Banak Air Station (Lakselv Airport),70.0686,24.9734,7,ENNA,air,Active
https://www.globalmilitary.net/airbases/bandar-abbas-international-airport/,Bandar Abbas International Airport,27.2181,56.3778,7,OIKB,air,Active
https://www.globalmilitary.net/airbases/bandirma-air-base/,Bandırma Air Base,40.318,27.9775,52,LTBG,air,Active
https://www.globalmilitary.net/airbases/bangor-air-national-guard-base/,Bangor Air National Guard Base,44.8142,-68.8308,59,KBGR,air,Active
https://www.globalmilitary.net/airbases/banja-luka-air-base/,Banja Luka Air Base (Banja Luka International Airport),44.9361,17.2992,122,LQBK,air,Active
https://www.globalmilitary.net/airbases/baranovichi-air-base/,Baranovichi Air Base,53.0975,26.0472,183,UMMA,air,Active
https://www.globalmilitary.net/airbases/barapani-afs/,Barapani AFS,25.7036,91.9786,887,VEBI,air,Active
https://www.globalmilitary.net/airbases/bardufoss-air-station/,Bardufoss Air Station,69.0558,18.5403,76,ENDU,air,Active
https://www.globalmilitary.net/airbases/bareilly-afs/,Bareilly AFS,28.4222,79.4508,176,VIBY,air,Active
https://www.globalmilitary.net/airbases/barksdale-air-force-base/,Barksdale Air Force Base,32.5019,-93.6628,50,KBAD,air,Active
https://www.globalmilitary.net/airbases/barnes-air-national-guard-base/,Barnes Air National Guard Base,42.1581,-72.7158,82,KBAF,air,Active
https://www.globalmilitary.net/airbases/barrackpore-afs/,Barrackpore AFS,22.7819,88.3592,5,VEBR,air,Active
https://www.globalmilitary.net/airbases/barranquilla-naval-air-base/,Barranquilla Naval Air Base (Ernesto Cortissoz International Airport),10.8896,-74.7808,30,SKBQ,air,Active
https://www.globalmilitary.net/airbases/base-aerienne-101-toulouse/,Base aérienne 101 Toulouse-Francazal (Général Robert Aubinière),43.5492,1.3572,163,NA,air,Active
https://www.globalmilitary.net/airbases/base-aerienne-104-al-dhafra/,Base aérienne 104 Al Dhafra,24.2403,54.5494,23,OMAM,air,Active
https://www.globalmilitary.net/airbases/base-aerienne-105-evreux-fauville/,Base aérienne 105 Évreux-Fauville (Commandant Viot),49.0183,1.2067,141,LFOE,air,Active
https://www.globalmilitary.net/airbases/base-aerienne-106-bordeaux-merignac/,Base aérienne 106 Bordeaux-Mérignac,44.8208,-0.71,51,LFBD,air,Active
https://www.globalmilitary.net/airbases/base-aerienne-107-villacoublay/,Base aérienne 107 Villacoublay (Sous-lieutenant René Dorme),48.7742,2.1917,178,LFPV,air,Active
https://www.globalmilitary.net/airbases/base-aerienne-110-creil/,Base aérienne 110 Creil (Lieutenant-colonel Guy de La Horie),49.2533,2.5192,89,LFPC,air,Inactive
https://www.globalmilitary.net/airbases/base-aerienne-113-saint-dizier-robinson/,Base aérienne 113 Saint-Dizier-Robinson,48.6339,4.9081,140,LFSI,air,Active
https://www.globalmilitary.net/airbases/base-aerienne-115-orange-caritat/,Base aérienne 115 Orange-Caritat (Capitaine de Seynes),44.1483,4.8597,60,LFMO,air,Active
https://www.globalmilitary.net/airbases/base-aerienne-116-luxeuil-saint-sauveur/,Base aérienne 116 Luxeuil-Saint Sauveur (Lieutenant-colonel Papin),47.7881,6.3597,278,LFSX,air,Active
https://www.globalmilitary.net/airbases/base-aerienne-118-mont-de-marsan/,Base aérienne 118 Mont-de-Marsan (Colonel Rozanoff),43.9117,-0.5092,62,LFBM,air,Active
https://www.globalmilitary.net/airbases/base-aerienne-120-cazaux/,Base aérienne 120 Cazaux (Commandant Marzac),44.5353,-1.1314,26,LFBC,air,Active
https://www.globalmilitary.net/airbases/base-aerienne-123-orleans-bricy/,Base aérienne 123 Orléans-Bricy (Commandant Charles Paoli),47.9894,1.7594,96,LFOJ,air,Active
https://www.globalmilitary.net/airbases/base-aerienne-125-istres-le-tube/,Base aérienne 125 Istres-Le Tubé (Sous-Lieutenant-Monier),43.5228,4.9236,49,LFMI,air,Active
https://www.globalmilitary.net/airbases/base-aerienne-126-solenzara/,Base aérienne 126 Solenzara (Capitaine Preziosi),41.9267,9.4053,20,LFKS,air,Active
https://www.globalmilitary.net/airbases/base-aerienne-133-nancy-ochey/,Base aérienne 133 Nancy-Ochey (Henry Jeandet),48.5839,5.955,337,LFSO,air,Active
https://www.globalmilitary.net/airbases/base-aerienne-172-fort-lamy/,Base aérienne 172 Fort-Lamy (Sergent chef Adji Kosseï),12.125,15.0247,NA,NA,air,Closed
https://www.globalmilitary.net/airbases/base-aerienne-181-la-reunion/,Base aérienne 181 Saint-Denis-La Réunion (Lieutenant Roland Garros),-20.89,55.5164,20,NA,air,Active
https://www.globalmilitary.net/airbases/base-aerienne-186-noumea-la-tontouta/,Base aérienne 186 Nouméa-La Tontouta,-22.0158,166.2161,16,NWWW,air,Active
https://www.globalmilitary.net/airbases/base-aerienne-188-djibouti/,Base aérienne 188 Djibouti (Colonel Massart),11.5469,43.1514,14,HDAM,air,Active
https://www.globalmilitary.net/airbases/base-aerienne-204-merignac-beausejour/,Base aérienne 204 Mérignac-Beauséjour,NA,NA,NA,NA,air,Active
https://www.globalmilitary.net/airbases/base-aerienne-273-romorantin-pruniers/,Base aérienne 273 Romorantin-Pruniers (Lieutenant-colonel Mailfert),47.3175,1.6892,NA,LFYR,air,Active
https://www.globalmilitary.net/airbases/base-aerienne-278-amberieu-en-bugey/,Base aérienne 278 Ambérieu-en-Bugey (Colonel Albert Chambonnet),45.9733,5.3422,251,LFXA,air,Active
https://www.globalmilitary.net/airbases/base-aerienne-367-cayenne-rochambeau/,Base aérienne 367 Cayenne-Rochambeau,4.8158,-52.3756,NA,NA,air,Active
https://www.globalmilitary.net/airbases/base-aerienne-701-salon-de-provence/,Base aérienne 701 Salon-de-Provence (Général Pineau),43.6031,5.1081,59,LFMY,air,Active
https://www.globalmilitary.net/airbases/base-aerienne-702-avord/,Base aérienne 702 Avord (Capitaine Georges Madon),47.0572,2.6425,177,LFOA,air,Active
https://www.globalmilitary.net/airbases/base-aerienne-705-tours/,Base aérienne 705 Tours (François et Jean Tulasne),47.4322,0.7233,109,LFOT,air,Active
https://www.globalmilitary.net/airbases/base-aerienne-709-cognac-chateaubernard/,Base aérienne 709 Cognac-Châteaubernard,45.6558,-0.3136,31,LFBG,air,Active
https://www.globalmilitary.net/airbases/base-aerienne-721-rochefort/,Base aérienne 721 Rochefort (Adjudant Pierre Gémot),45.8894,-0.9825,17,LFDN,air,Active
https://www.globalmilitary.net/airbases/base-aerienne-722-saintes-thenac/,Base aérienne 722 Saintes-Thénac,45.7083,-0.6303,35,LFXB,air,Active
https://www.globalmilitary.net/airbases/base-aerienne-749-grenoble-montbonnot/,Base aérienne 749 Grenoble-Montbonnot,45.2208,5.8033,221,NA,air,Active
https://www.globalmilitary.net/airbases/base-aerienne-921-taverny/,Base aérienne 921 Taverny (Frères Mahé),49.0333,2.2167,NA,NA,air,Active
https://www.globalmilitary.net/airbases/base-aerienne-928-brest-loperhet/,Base aérienne 928 Brest-Loperhet,48.3978,-4.3253,NA,NA,air,Active
https://www.globalmilitary.net/airbases/base-aerienne-942-lyon-mont-verdun/,Base aérienne 942 Lyon-Mont Verdun,45.8497,4.7739,630,NA,air,Active
https://www.globalmilitary.net/airbases/base-aerienne-projetee-101-niamey/,Base aérienne projetée 101 Niamey (Diori Hamani International Airport),13.4817,2.1703,223,DRRN,air,Closed
https://www.globalmilitary.net/airbases/base-frei/,Base Presidente Eduardo Frei Montalva,-62.1908,-58.9833,10,SCRM,air,Active
https://www.globalmilitary.net/airbases/base-marambio/,Base Marambio,-64.241,-56.626,200,SAWB,air,Active
https://www.globalmilitary.net/airbases/basilio-fernando-air-base/,Basilio Fernando Air Base (Lipa Air Base),13.9544,121.1244,366,RPUL,air,Active
https://www.globalmilitary.net/airbases/basrah-air-base/,Basrah Air Base (Basra International Airport),30.5491,47.6621,3,ORMM,air,Active
https://www.globalmilitary.net/airbases/bassatine-air-base/,Bassatine Air Base (Second Royal Air Force Base),33.8792,-5.515,576,GMFM,air,Active
https://www.globalmilitary.net/airbases/batajnica-air-base/,Batajnica Air Base (Colonel-pilot Milenko Pavlović Air Base),44.9353,20.2575,86,LYBT,air,Active
https://www.globalmilitary.net/airbases/bathinda-afs/,Bathinda AFS,30.27,74.7556,201,VIBT,air,Active
https://www.globalmilitary.net/airbases/battle-creek-air-national-guard-base/,Battle Creek Air National Guard Base,42.3064,-85.25,290,KBTL,air,Active
https://www.globalmilitary.net/airbases/beale-air-force-base/,Beale Air Force Base,39.1361,-121.4364,34,KBAB,air,Active
https://www.globalmilitary.net/airbases/beauvechain-air-base/,Beauvechain Air Base (Le Culot Airfield),50.7578,4.7669,113,EBBE,air,Active
https://www.globalmilitary.net/airbases/begumpet-afs/,Begumpet AFS,17.4531,78.4675,532,VOHY,air,Active
https://www.globalmilitary.net/airbases/beirut-air-base/,Beirut Air Base,33.8211,35.4883,27,NA,air,Active
https://www.globalmilitary.net/airbases/beja-air-base/,Beja Air Base (Air Base No. 11),38.0789,-7.9325,194,LPBJ,air,Active
https://www.globalmilitary.net/airbases/belaya/,Belaya Air Base (Irkutsk/Srednii),52.915,103.575,458,UIIB,air,Active
https://www.globalmilitary.net/airbases/belbek/,Belbek Air Base,44.6919,33.5744,NA,UKFB,air,Active
https://www.globalmilitary.net/airbases/belgaum-airport/,Belgaum Airport,15.8592,74.6175,758,VOBM,air,Active
https://www.globalmilitary.net/airbases/bellows-air-force-station/,Bellows Air Force Station,21.3691,-157.7111,NA,NA,air,Active
https://www.globalmilitary.net/airbases/belm-air-force-base/,Belém Air Force Base (Base Aérea de Belém),-1.3847,-48.4789,17,SBBE,air,Active
https://www.globalmilitary.net/airbases/ben-guerir-air-base/,Ben Guerir Air Base,32.1306,-7.9108,430,GMMG,air,Active
https://www.globalmilitary.net/airbases/bengbu-air-base/,Bengbu Air Base (蚌埠 Bengbu Airport),32.8478,117.3203,NA,ZSBB,air,Active
https://www.globalmilitary.net/airbases/beni-suef-air-base/,Beni Suef Air Base (قاعدة بني سويف الجوية),29.2119,31.0158,28,HEBS,air,Active
https://www.globalmilitary.net/airbases/benito-salas-airport/,Benito Salas Airport (La Manguita),2.95,-75.2942,452,SKNV,air,Active
https://www.globalmilitary.net/airbases/berbera-airport/,Berbera Airport (Berbera International Airport),10.3892,44.9411,9,HCMI,air,Active
https://www.globalmilitary.net/airbases/berlin-tegel-airport/,Berlin Tegel Airport,52.5597,13.2878,37,EDDT,air,Closed
https://www.globalmilitary.net/airbases/berry-field-air-national-guard-base/,Berry Field Air National Guard Base,36.1267,-86.6819,183,KBNA,air,Active
https://www.globalmilitary.net/airbases/betera-bheleme-ii/,"Bétera Air Base (Base de Bétera / Base ""Jaime I"")",39.6244,-0.4722,127,LEBT,air,Active
https://www.globalmilitary.net/airbases/bezmer-air-base/,Bezmer Air Base,42.4547,26.3522,155,LBIA,air,Active
https://www.globalmilitary.net/airbases/bhuj-afs/,Bhuj AFS,23.2878,69.6703,82,VABJ,air,Active
https://www.globalmilitary.net/airbases/bidar-afs/,Bidar AFS,17.9,77.47,664,VOBR,air,Active
https://www.globalmilitary.net/airbases/biddle-air-national-guard-base/,Biddle Air National Guard Base,40.209,-75.145,NA,KNXX,air,Active
https://www.globalmilitary.net/airbases/biggs-army-airfield/,Biggs Army Airfield,31.849,-106.367,1203,KBIF,air,Active
https://www.globalmilitary.net/airbases/bihta-afs/,Bihta AFS,25.5908,84.8833,59,NA,air,Active
https://www.globalmilitary.net/airbases/bilbays-air-base/,Bilbays Air Base (RAF Bilbeis),30.395,31.6014,27,NA,air,Active
https://www.globalmilitary.net/airbases/bin-ha-air-base/,Biên Hòa Air Base (Biên Hoà Airport),10.9769,106.8183,24,VVBH,air,Active
https://www.globalmilitary.net/airbases/bir-gifgafa-airfield/,Bir Gifgafa Airfield (Rephidim Airbase),30.4072,33.1542,322,NA,air,Active
https://www.globalmilitary.net/airbases/birjand-international-airport/,Birjand International Airport,32.8925,59.2833,1509,OIMB,air,Active
https://www.globalmilitary.net/airbases/bishe-kola-air-base/,Bishe Kola Air Base,36.6553,52.3497,24,OINJ,air,Active
https://www.globalmilitary.net/airbases/biskra-daub/,Biskra (Mohamed Khider Airport),34.8017,5.7417,88,DAUB,air,Active
https://www.globalmilitary.net/airbases/bizerte-sidi-ahmed-air-base/,Bizerte-Sidi Ahmed Air Base (Bizerte Airfield),37.2424,9.787,6,DTTB,air,Active
https://www.globalmilitary.net/airbases/boa-vista-air-force-base/,Boa Vista Air Force Base (ALA7),2.8414,-60.6922,84,SBBV,air,Active
https://www.globalmilitary.net/airbases/boboc-air-base/,Boboc Air Base (Aurel Vlaicu Flight School),45.2586,26.8133,105,LRBO,air,Active
https://www.globalmilitary.net/airbases/bodo-main-air-station/,Bodø Main Air Station,67.2692,14.3653,13,ENBO,air,Active
https://www.globalmilitary.net/airbases/borisoglebsk/,Borisoglebsk Air Base,51.3667,42.1783,115,NA,air,Active
https://www.globalmilitary.net/airbases/borisovsky-khotilovo/,Borisovsky Khotilovo,57.655,34.1,180,XUEH,air,Active
https://www.globalmilitary.net/airbases/bou-sfer-daoe/,Bou Sfer,35.7352,-0.8054,57,DAOE,air,Active
https://www.globalmilitary.net/airbases/boudghene-ben-ali-lotfi-daor/,Boudghene Ben Ali Lotfi,31.6547,-2.2612,811,DAOR,air,Active
https://www.globalmilitary.net/airbases/boufarik-daak/,Boufarik,36.5458,2.8761,102,DAAK,air,Active
https://www.globalmilitary.net/airbases/bradley-air-national-guard-base/,Bradley Air National Guard Base,41.9392,-72.6833,53,KBDL,air,Active
https://www.globalmilitary.net/airbases/braslia-air-force-base/,Brasília Air Force Base (ALA1),-15.8692,-47.9208,1066,SBBR,air,Active
https://www.globalmilitary.net/airbases/bratislava-airport/,Bratislava Airport (M. R. Štefánik Airport),48.17,17.2128,133,LZIB,air,Active
https://www.globalmilitary.net/airbases/bratsk/,Bratsk Air Base,56.37,101.6983,487,UIBB,air,Active
https://www.globalmilitary.net/airbases/brest-airport/,Brest Airport,52.1083,23.8981,143,UMBB,air,Active
https://www.globalmilitary.net/airbases/brigadeiro-velloso-testing-range-air-base/,Brigadeiro Velloso Testing Range Air Base (Cachimbo Airport),-9.3333,-54.9647,537,SBCC,air,Active
https://www.globalmilitary.net/airbases/brigadier-general-camilo-daza-alvarez-air-base/,Brigadier General Camilo Daza Alvarez Air Base,7.9275,-72.5117,334,SKCC,air,Active
https://www.globalmilitary.net/airbases/brody/,Brody Air Base,50.1333,25.1667,240,UKBL,air,Active
https://www.globalmilitary.net/airbases/buchel-air-base/,Büchel Air Base,50.1764,7.0578,478,ETSB,air,Active
https://www.globalmilitary.net/airbases/buckeburg-air-base/,Bückeburg Air Base (Heeresflugplatz Bückeburg),52.2617,9.0819,70,ETHB,air,Active
https://www.globalmilitary.net/airbases/buckley-space-force-base/,Buckley Space Force Base,39.7017,-104.7517,1726,KBKF,air,Active
https://www.globalmilitary.net/airbases/budapest-ferenc-liszt-international-airport/,Budapest Ferenc Liszt International Airport (Ferihegy),47.4394,19.2619,151,LHBP,air,Active
https://www.globalmilitary.net/airbases/budyonnovsk/,Budyonnovsk Air Base,44.8353,44.0078,NA,URMB,air,Active
https://www.globalmilitary.net/airbases/burevestnik/,Burevestnik Air Base (Iturup),44.92,147.6217,24,UHSB,air,Active
https://www.globalmilitary.net/airbases/burgas-airport/,Burgas Airport (Sarafovo),42.5703,27.5153,41,LBBG,air,Active
https://www.globalmilitary.net/airbases/bushehr-airport/,Bushehr Airport (فرودگاه بین المللی بوشهر),28.9448,50.8346,21,OIBB,air,Active
https://www.globalmilitary.net/airbases/cairns-army-airfield/,Cairns Army Airfield,31.2758,-85.7133,92,KOZR,air,Active
https://www.globalmilitary.net/airbases/cairo-west-air-base/,Cairo West Air Base (Landing Ground 224),30.1167,30.9167,168,HECW,air,Active
https://www.globalmilitary.net/airbases/callao/,Callao Air Base (Aeropuerto Internacional Jorge Chávez),-12.0219,-77.1143,34,SPJC,air,Active
https://www.globalmilitary.net/airbases/cam-ranh-airport/,Cam Ranh Airport,11.9981,109.2194,12,VVCR,air,Active
https://www.globalmilitary.net/airbases/cameri-air-base/,Cameri Air Base,45.5296,8.6692,NA,LIMN,air,Active
https://www.globalmilitary.net/airbases/camp-arifjan/,Camp Arifjan,28.878,48.1579,NA,NA,air,Active
https://www.globalmilitary.net/airbases/camp-buehring/,Camp Buehring (Camp Udairi),29.6978,47.4264,131,OKDI,air,Active
https://www.globalmilitary.net/airbases/camp-darby/,Camp Darby,43.633,10.317,NA,NA,air,Active
https://www.globalmilitary.net/airbases/camp-humphreys/,Camp Humphreys,36.9607,127.0336,16,RKSG,air,Active
https://www.globalmilitary.net/airbases/camp-lemonnier/,Camp Lemonnier,11.5436,43.1486,15,HDAM,air,Active
https://www.globalmilitary.net/airbases/camp-rilea/,Camp Rilea,46.1289,-123.9436,22,NA,air,Active
https://www.globalmilitary.net/airbases/camp-speicher/,Camp Speicher (Majid al Tamimi Airbase),34.6775,43.5506,NA,NA,air,Active
https://www.globalmilitary.net/airbases/camp-takayubaru/,Camp Takayubaru (JGSDF Vice-Camp Takayubaru (高遊原分屯地) — co-located within Kumamoto Airport),32.8373,130.855,196,NA,air,Active
https://www.globalmilitary.net/airbases/camp-zama-kastner-army-heliport/,Camp Zama Kastner Army Heliport,35.5138,139.3937,110,RJTR,air,Active
https://www.globalmilitary.net/airbases/campbell-army-airfield/,Campbell Army Airfield,36.6722,-87.4925,175,KHOP,air,Active
https://www.globalmilitary.net/airbases/campeche-naval-air-base/,Campeche Naval Air Base (Ing. Alberto Acuña Ongay International Airport (Campeche International Airport)),19.8167,-90.5003,10,MMCP,air,Active
https://www.globalmilitary.net/airbases/campo-grande-air-force-base/,Campo Grande Air Force Base (ALA5),-20.4694,-54.6703,559,SBCG,air,Active
https://www.globalmilitary.net/airbases/cannon-air-force-base/,Cannon Air Force Base,34.3828,-103.3222,1309,KCVS,air,Active
https://www.globalmilitary.net/airbases/canoas-air-force-base/,Canoas Air Force Base (Gravataí Air Force Base),-29.9456,-51.1436,8,SBCO,air,Active
https://www.globalmilitary.net/airbases/capital-airport-air-national-guard-station/,Capital Airport Air National Guard Station,39.847,-89.668,180,NA,air,Active
https://www.globalmilitary.net/airbases/capodichino-air-base/,Capodichino Air Base (Naples International Airport),40.8844,14.2908,90,LIRN,air,Active
https://www.globalmilitary.net/airbases/captain-ernesto-esguerra-cubides-air-base/,Captain Ernesto Esguerra Cubides Air Base (Tres Esquinas Air Base),0.7458,-75.2339,178,SKTQ,air,Active
https://www.globalmilitary.net/airbases/captain-german-olano-moreno-air-base/,Captain Germán Olano Moreno Air Base (Palanquero),5.4836,-74.6572,173,SKPQ,air,Active
https://www.globalmilitary.net/airbases/captain-luis-f-gomez-nino-air-base/,Captain Luis F. Gómez Niño Air Base (Apiay Air Base),4.0761,-73.5628,374,SKAP,air,Active
https://www.globalmilitary.net/airbases/car-nicobar-afs/,Car Nicobar AFS,9.1525,92.8197,2,VOCX,air,Active
https://www.globalmilitary.net/airbases/carrasco/,Carrasco Air Base (General Cesáreo Berisso Air Force Base),-34.8384,-56.0308,32,SUMU,air,Active
https://www.globalmilitary.net/airbases/casarsa-della-delizia-air-base/,"Casarsa della Delizia Air Base (Aeroporto ""Francesco Baracca"")",45.9534,12.8176,38,LIDK,air,Active
https://www.globalmilitary.net/airbases/casement-aerodrome/,Casement Aerodrome (Baldonnel Aerodrome),53.3017,-6.4511,97,EIME,air,Active
https://www.globalmilitary.net/airbases/caslav-air-base/,Čáslav Air Base (21st Tactical Air Force Base),49.9397,15.3818,232,LKCV,air,Active
https://www.globalmilitary.net/airbases/catania-fontanarossa-maristaeli/,Catania-Fontanarossa Maristaeli (MARISTAELI Catania),37.4668,15.0664,12,LICC,air,Active
https://www.globalmilitary.net/airbases/caucaya-airport/,Caucaya Airport,-0.1819,-74.7708,175,SKLG,air,Active
https://www.globalmilitary.net/airbases/celle-air-base/,Celle Air Base (Heeresflugplatz Celle),52.5911,10.0222,39,ETHC,air,Active
https://www.globalmilitary.net/airbases/cengiz-topel-naval-air-station/,Cengiz Topel Naval Air Station (Topel Airport / Cengiz Topel Havalimanı),40.735,30.0833,55,LTBQ,air,Active
https://www.globalmilitary.net/airbases/central-field/,Central Field,24.7842,141.3225,118,RJAW,air,Active
https://www.globalmilitary.net/airbases/cerklje-ob-krki-air-base/,Cerklje ob Krki Air Base (Letališče Cerklje),45.8997,15.5153,153,LJCE,air,Active
https://www.globalmilitary.net/airbases/cerro-moreno/,Cerro Moreno Air Base (Andrés Sabella Gálvez International Airport),-23.4445,-70.4451,135,SCFA,air,Active
https://www.globalmilitary.net/airbases/cervia-air-base/,Cervia Air Base,44.2242,12.3072,5,LIPC,air,Active
https://www.globalmilitary.net/airbases/cesar-basa-air-base/,Cesar Basa Air Base (Floridablanca Airfield),14.9833,120.4833,11,RPUF,air,Active
https://www.globalmilitary.net/airbases/cfb-bagotville/,CFB Bagotville,48.3306,-70.9964,159,CYBG,air,Active
https://www.globalmilitary.net/airbases/cfb-borden/,CFB Borden (RCAF Station Camp Borden),44.2717,-79.9125,222,CYBN,air,Active
https://www.globalmilitary.net/airbases/cfb-cold-lake/,CFB Cold Lake (Cold Lake/Group Captain R.W. McNair Airport),54.4053,-110.2822,541,CYOD,air,Active
https://www.globalmilitary.net/airbases/cfb-comox/,CFB Comox,49.7108,-124.8867,26,CYQQ,air,Active
https://www.globalmilitary.net/airbases/cfb-gander/,CFB Gander (RCAF Station Gander),48.9369,-54.5681,151,CYQX,air,Active
https://www.globalmilitary.net/airbases/cfb-goose-bay/,CFB Goose Bay (Goose Bay Airport),53.3192,-60.4258,49,CYYR,air,Active
https://www.globalmilitary.net/airbases/cfb-greenwood/,CFB Greenwood (RAF Station Greenwood),44.9842,-64.9175,28,CYZX,air,Active
https://www.globalmilitary.net/airbases/cfb-kingston/,CFB Kingston (Camp Barriefield),44.2417,-76.45,NA,NA,air,Active
https://www.globalmilitary.net/airbases/cfb-moose-jaw/,CFB Moose Jaw (Air Vice Marshal C.M. McEwen Airport),50.3303,-105.5592,577,CYMJ,air,Active
https://www.globalmilitary.net/airbases/cfb-north-bay/,CFB North Bay,46.3578,-79.4165,370,CYYB,air,Active
https://www.globalmilitary.net/airbases/cfb-petawawa/,Petawawa Heliport (Garrison Petawawa (formerly CFB Petawawa)),45.9501,-77.3176,130,CYWA,air,Active
https://www.globalmilitary.net/airbases/cfb-shearwater/,CFB Shearwater (CFB Shearwater),44.6372,-63.5022,44,CYAW,air,Active
https://www.globalmilitary.net/airbases/cfb-trenton/,CFB Trenton (RCAF Station Trenton),44.1192,-77.5283,86,CYTR,air,Active
https://www.globalmilitary.net/airbases/cfb-valcartier/,Valcartier Heliport (2nd Canadian Division Support Base Valcartier (CFB Valcartier); full name 'Valcartier (W/C J.H.L. (Joe) Lecomte) Heliport'),46.9028,-71.5036,168,CYOY,air,Active
https://www.globalmilitary.net/airbases/cfb-winnipeg/,CFB Winnipeg,49.91,-97.24,239,CYWG,air,Active
https://www.globalmilitary.net/airbases/cgae-bhubaneswar/,Coast Guard Air Enclave Bhubaneswar (Biju Patnaik International Airport),20.2444,85.8178,42,VEBS,air,Active
https://www.globalmilitary.net/airbases/cgae-kolkata/,Coast Guard Air Enclave Kolkata (Netaji Subhas Chandra Bose International Airport),22.6547,88.4467,5,VECC,air,Active
https://www.globalmilitary.net/airbases/cgas-chennai/,Coast Guard Air Station Chennai (Chennai International Airport),12.9822,80.1636,16,VOMM,air,Active
https://www.globalmilitary.net/airbases/cgas-daman/,Coast Guard Air Station Daman (Daman Airport),20.4344,72.8433,10,VADN,air,Active
https://www.globalmilitary.net/airbases/cgas-ratnagiri/,Coast Guard Air Station Ratnagiri (Ratnagiri Airport),17.0136,73.3278,93,VARG,air,Active
https://www.globalmilitary.net/airbases/chabua-afs/,Chabua AFS,27.4622,95.1181,112,VECA,air,Active
https://www.globalmilitary.net/airbases/chabunco/,Chabunco Air Base (Presidente Carlos Ibáñez International Airport),-53.0027,-70.8546,43,SCCI,air,Active
https://www.globalmilitary.net/airbases/chagan-air-base/,Chagan Air Base (Dolon Air Base),50.5333,79.1833,215,UASD,air,Closed
https://www.globalmilitary.net/airbases/chakeri-afs/,Chakeri AFS (Kanpur Airport),26.3995,80.4269,126,VECX,air,Active
https://www.globalmilitary.net/airbases/chandigarh-afs/,Chandigarh AFS,30.6747,76.7906,314,VICG,air,Active
https://www.globalmilitary.net/airbases/changi-air-base-east/,Changi Air Base (East),1.3456,104.0097,NA,WSAC,air,Active
https://www.globalmilitary.net/airbases/changi-air-base-west/,Changi Air Base (West) (RAF Changi),1.3763,103.9832,7,WSSS,air,Active
https://www.globalmilitary.net/airbases/changjin-air-force-base/,Changjin Air Force Base,40.3643,127.2641,1081,NA,air,Active
https://www.globalmilitary.net/airbases/changsha-air-base/,Changsha Air Base (长沙 Changsha Datuopu Airport),28.0692,112.9575,46,ZGCS,air,Active
https://www.globalmilitary.net/airbases/channel-islands-air-national-guard-station/,Channel Islands Air National Guard Station,34.1449,-119.1118,NA,NA,air,Active
https://www.globalmilitary.net/airbases/chaoyangchuan-air-base/,Chaoyangchuan Air Base (朝阳川 Yanji Chaoyangchuan),42.8828,129.4508,190,ZYYJ,air,Active
https://www.globalmilitary.net/airbases/charlotte-air-national-guard-base/,Charlotte Air National Guard Base,35.2139,-80.9431,228,KCLT,air,Active
https://www.globalmilitary.net/airbases/chayka-naval-air-base/,Chayka Naval Air Base (Peinerdzhika),43.1867,27.8483,2,NA,air,Active
https://www.globalmilitary.net/airbases/chelyabinsk/,Chelyabinsk Air Base (Shagol),55.26,61.3,253,NA,air,Active
https://www.globalmilitary.net/airbases/chenggu-air-base/,Chenggu Air Base (城固 Hanzhong Chenggu Airport),33.1342,107.2039,NA,ZLHZ,air,Active
https://www.globalmilitary.net/airbases/cheongju-air-base/,Cheongju Air Base,36.7164,127.4992,58,RKTU,air,Active
https://www.globalmilitary.net/airbases/chernigovka/,Chernigovka Air Base,44.3258,132.5456,92,UHII,air,Active
https://www.globalmilitary.net/airbases/chernyakhovsk/,Chernyakhovsk Air Base,54.6017,21.7817,40,XMWH,air,Active
https://www.globalmilitary.net/airbases/cheshnegirovo-air-base/,Cheshnegirovo Air Base (Sadovo),42.1139,24.9914,184,LBPS,air,Closed
https://www.globalmilitary.net/airbases/chiang-mai-international-airport/,Chiang Mai International Airport (Suthep Airport),18.7669,98.9625,316,VTCC,air,Active
https://www.globalmilitary.net/airbases/chiashan-air-force-base/,Chiashan Air Force Base,24.031,121.594,16,NA,air,Active
https://www.globalmilitary.net/airbases/chiayi-air-base/,Chiayi Air Base (Chiayi Airport),23.4619,120.3931,26,RCKU,air,Active
https://www.globalmilitary.net/airbases/chiclayo/,Chiclayo Air Base (Capitán FAP José A. Quiñones González International Airport),-6.7875,-79.8281,29,SPHI,air,Active
https://www.globalmilitary.net/airbases/chievres-air-base/,Chièvres Air Base,50.5758,3.8311,59,EBCV,air,Active
https://www.globalmilitary.net/airbases/chifeng-air-base/,Chifeng Air Base (赤峰 Chifeng Yulong Airport),42.1597,118.8408,615,ZBCF,air,Active
https://www.globalmilitary.net/airbases/chihhang-air-base/,Chihhang Air Base (Taitung Air Force Base),22.793,121.1015,NA,NA,air,Active
https://www.globalmilitary.net/airbases/chihuahua-international-airport/,Chihuahua International Airport (Base Aérea Militar No. 13 Chihuahua),28.7029,-105.9644,1330,MMCU,air,Active
https://www.globalmilitary.net/airbases/chilas-airfield/,Chilas Airfield,35.4269,74.085,1264,OPCL,air,Inactive
https://www.globalmilitary.net/airbases/ching-chuan-kang-air-base/,Ching Chuan Kang Air Base (Kōkan Airport),24.2647,120.6208,203,RCMQ,air,Active
https://www.globalmilitary.net/airbases/chirchik/,Chirchik Air Base,41.5123,69.574700000000007,700,NA,air,Active
https://www.globalmilitary.net/airbases/chita-northwest/,Chita Northwest Air Base (Cheryomushki),52.0667,113.4333,677,UIAI,air,Active
https://www.globalmilitary.net/airbases/chitose-air-base/,Chitose Air Base,42.7944,141.6664,27,RJCJ,air,Active
https://www.globalmilitary.net/airbases/chkalovsky/,Chkalovsky Air Base,55.8783,38.0617,152,UUMU,air,Active
https://www.globalmilitary.net/airbases/chlef-daoi/,Chlef (Warnier Airfield),36.2153,1.3333,153,DAOI,air,Active
https://www.globalmilitary.net/airbases/chu-lai-airport/,Chu Lai Airport (Chu Lai Air Base),15.4061,108.7056,NA,VVCA,air,Active
https://www.globalmilitary.net/airbases/chuhuiv-air-base/,Chuhuiv Air Base,49.84,36.6472,NA,NA,air,Active
https://www.globalmilitary.net/airbases/ciampino-air-base/,Ciampino Air Base (Rome Ciampino Airport),41.7994,12.5972,130,LIRA,air,Active
https://www.globalmilitary.net/airbases/cigli-air-base/,Çiğli Air Base,38.513,27.0101,5,LTBL,air,Active
https://www.globalmilitary.net/airbases/ciudad-pemex-air-force-base/,Ciudad Pemex Air Force Base (BAM-16),17.8028,-92.4181,10,NA,air,Active
https://www.globalmilitary.net/airbases/clark-air-base/,Clark Air Base (Fort Stotsenburg),15.1858,120.5597,148,RPLC,air,Active
https://www.globalmilitary.net/airbases/cn-th-airfield/,Cần Thơ Airfield (Cần Thơ Army Airfield),10.052,105.762,2,NA,air,Closed
https://www.globalmilitary.net/airbases/cochabamba/,Cochabamba Air Base (Jorge Wilstermann International Airport),-17.4211,-66.1771,2548,SLCB,air,Active
https://www.globalmilitary.net/airbases/colmenar-viejo-famet-hq/,"Colmenar Viejo Air Base (Base ""Coronel Maté"" (FAMET Headquarters))",40.6972,-3.7633,995,LECV,air,Active
https://www.globalmilitary.net/airbases/cologne-bonn-airport/,Cologne Bonn Airport,50.8658,7.1428,92,EDDK,air,Active
https://www.globalmilitary.net/airbases/colonel-ernesto-rabina-air-base/,Colonel Ernesto Rabina Air Base (Crow Valley Gunnery Range),15.2578,120.375,NA,RPLQ,air,Active
https://www.globalmilitary.net/airbases/colonel-luis-arturo-rodriguez-meneses-air-base/,Colonel Luis Arturo Rodríguez Meneses Air Base,5.5244,-68.6856,87,SKUA,air,Active
https://www.globalmilitary.net/airbases/columbus-air-force-base/,Columbus Air Force Base,33.6358,-88.4408,66,KCBM,air,Active
https://www.globalmilitary.net/airbases/comandante-espora/,"Comandante Espora Naval Air Base (Comandante Espora Airport (Bahía Blanca Airport, BACE))",-38.725,-62.1693,75,SAZB,air,Active
https://www.globalmilitary.net/airbases/comitan-copalar-air-force-base/,Comitán/Copalar Air Force Base (Comitan National Airport),16.1767,-92.0503,1160,MMCO,air,Active
https://www.globalmilitary.net/airbases/comodoro-rivadavia/,Comodoro Rivadavia Air Base (General Enrique Mosconi International Airport),-45.7853,-67.4655,58,SAVC,air,Active
https://www.globalmilitary.net/airbases/concon-naval-air-base/,"Concón Naval Air Base (Viña del Mar Airport (Torquemada, historically 'El Belloto'))",-32.9496,-71.4786,141,SCVM,air,Active
https://www.globalmilitary.net/airbases/corlu-air-base/,Çorlu Air Base,41.1382,27.9192,175,LTBU,air,Active
https://www.globalmilitary.net/airbases/cotopaxi/,Cotopaxi Air Base (Aeropuerto Internacional Cotopaxi),-0.9065,-78.6158,2806,SELT,air,Active
https://www.globalmilitary.net/airbases/covenas/,Coveñas Airport,9.4008,-75.6917,9,SKCV,air,Active
https://www.globalmilitary.net/airbases/cozumel-international-airport/,Cozumel International Airport (Base Aérea Militar No. 4 General Eduardo Aldasoro Suárez),20.5224,-86.9256,4,MMCZ,air,Active
https://www.globalmilitary.net/airbases/craiova-air-base/,67th Air Base (Craiova Air Base),44.318600000000004,23.8886,191,LRCV,air,Active
https://www.globalmilitary.net/airbases/creech-air-force-base/,Creech Air Force Base,36.5922,-115.6667,955,KINS,air,Active
https://www.globalmilitary.net/airbases/cuatro-vientos-air-base/,Cuatro Vientos Air Base,40.3706,-3.785,692,LECU,air,Active
https://www.globalmilitary.net/airbases/culiacan-international-airport/,Culiacán International Airport (Bachigualato Federal International Airport),24.7645,-107.4742,33,MMCL,air,Active
https://www.globalmilitary.net/airbases/daegu-air-base/,Daegu Air Base (K-2),35.8942,128.6589,35,RKTN,air,Active
https://www.globalmilitary.net/airbases/dafangshen-air-base/,Dafangshen Air Base (大房身 Changchun Dafanshen Airport),43.9067,125.1975,228,ZYCC,air,Active
https://www.globalmilitary.net/airbases/dallar-air-base/,Dallar Air Base,40.8875,45.9569,335,NA,air,Closed
https://www.globalmilitary.net/airbases/danilo-atienza-air-base/,Danilo Atienza Air Base (Sangley Point Air Base),14.4954,120.9114,2,RPLS,air,Active
https://www.globalmilitary.net/airbases/darbhanga-afs/,Darbhanga AFS,26.1947,85.9175,52,VEDH,air,Active
https://www.globalmilitary.net/airbases/darlowo-naval-air-base/,Darłowo Naval Air Base (Darłówek),54.4047,16.3531,3,EPDA,air,Active
https://www.globalmilitary.net/airbases/davis-monthan-air-force-base/,Davis–Monthan Air Force Base,32.1636,-110.8494,824,KDMA,air,Active
https://www.globalmilitary.net/airbases/davison-army-airfield/,Davison Army Airfield,38.715,-77.1811,73,KDAA,air,Active
https://www.globalmilitary.net/airbases/dawson-field/,Dawson Field (Al-Thawra Airport),32.1053,36.1617,NA,NA,air,Closed
https://www.globalmilitary.net/airbases/de-kooy-airfield/,De Kooy Airfield (Den Helder Airport),52.9233,4.7806,1,EHKD,air,Active
https://www.globalmilitary.net/airbases/debrecen-international-airport/,Debrecen International Airport (Debrecen Nemzetközi Repülőtér),47.4889,21.6153,110,LHDC,air,Active
https://www.globalmilitary.net/airbases/decimomannu-air-base/,Decimomannu Air Base,39.3542,8.9725,30,LIED,air,Active
https://www.globalmilitary.net/airbases/deelen-air-base/,Deelen Air Base (Militair Luchtvaart Terrein Deelen),52.0606,5.8728,45,EHDL,air,Inactive
https://www.globalmilitary.net/airbases/deir-ez-zor-airport/,Deir ez-Zor Airport,35.2853,40.1758,213,OSDZ,air,Active
https://www.globalmilitary.net/airbases/del-norte-international-airport/,Del Norte International Airport (Base Aérea Militar No. 14),25.8656,-100.2372,448,MMAN,air,Active
https://www.globalmilitary.net/airbases/des-moines-air-national-guard-base/,Des Moines Air National Guard Base,41.5339,-93.6631,292,KDSM,air,Active
https://www.globalmilitary.net/airbases/detachement-air-190-tahiti-faaa/,Détachement air 190 Tahiti-Faa'a (Sergent Julien Allain),-17.5531,-149.6072,2,NTAA,air,Active
https://www.globalmilitary.net/airbases/deveselu-air-base/,91st Air Base (Deveselu Air Base),44.0756,24.34,NA,LRDS,air,Active
https://www.globalmilitary.net/airbases/diepholz-air-base/,Diepholz Air Base (Advanced Landing Ground (ALG) B-114),52.5853,8.3408,39,ETND,air,Active
https://www.globalmilitary.net/airbases/dio-cape-wrath/,DIO Cape Wrath,58.62,-5,112,NA,air,Active
https://www.globalmilitary.net/airbases/diyarbakir-air-base/,Diyarbakır Air Base,37.894,40.201,686,LTCC,air,Active
https://www.globalmilitary.net/airbases/dobbins-air-reserve-base/,Dobbins Air Reserve Base,33.9153,-84.5164,325,KMGE,air,Active
https://www.globalmilitary.net/airbases/dolinsk-sokol/,Dolinsk-Sokol Air Base,47.2617,142.7683,33,XHSO,air,Active
https://www.globalmilitary.net/airbases/dolna-mitropoliya-air-base/,Dolna Mitropoliya Air Base,43.4517,24.5028,101,LBPL,air,Active
https://www.globalmilitary.net/airbases/domna/,Domna Air Base,51.9167,113.1167,695,UIAD,air,Active
https://www.globalmilitary.net/airbases/don-muang-royal-thai-air-force-base/,Don Muang Royal Thai Air Force Base (Don Mueang International Airport),13.9126,100.6068,3,VTBD,air,Active
https://www.globalmilitary.net/airbases/donna-nook-air-weapons-range/,Donna Nook Air Weapons Range,53.4747,0.1519,NA,NA,air,Active
https://www.globalmilitary.net/airbases/donskoye/,Donskoye Air Base (Bryusterort),54.9367,19.985,50,XMWD,air,Active
https://www.globalmilitary.net/airbases/doshan-tappeh-air-base/,Doshan Tappeh Air Base,35.703,51.4751,1226,OIID,air,Closed
https://www.globalmilitary.net/airbases/dover-air-force-base/,Dover Air Force Base,39.1283,-75.4647,9,KDOV,air,Active
https://www.globalmilitary.net/airbases/dubendorf-air-base/,Dübendorf Air Base (Militärflugplatz Dübendorf),47.3986,8.6483,440,LSMD,air,Active
https://www.globalmilitary.net/airbases/duke-field/,Duke Field,30.6503,-86.5228,59,KEGI,air,Active
https://www.globalmilitary.net/airbases/duluth-air-national-guard-base/,Duluth Air National Guard Base,46.8422,-92.1936,435,KDLH,air,Active
https://www.globalmilitary.net/airbases/dundigal-afs/,Dundigal AFS,17.6272,78.4033,614,VODG,air,Active
https://www.globalmilitary.net/airbases/dyagilevo/,Dyagilevo Air Base (Ryazan),54.6417,39.5717,134,UUBD,air,Active
https://www.globalmilitary.net/airbases/dyess-air-force-base/,Dyess Air Force Base,32.4208,-99.8547,546,KDYS,air,Active
https://www.globalmilitary.net/airbases/dzhankoi/,Dzhankoi Air Base,45.7008,34.4172,NA,UKFY,air,Active
https://www.globalmilitary.net/airbases/dzyomgi/,Dzyomgi Air Base (Komsomolsk na Amure),50.605,137.0817,27,UHKD,air,Active
https://www.globalmilitary.net/airbases/eareckson-air-station/,Eareckson Air Station,52.7122,174.1136,29,PASY,air,Active
https://www.globalmilitary.net/airbases/eastern-air-defense-sector/,Eastern Air Defense Sector,43.2166,-75.4048,154,NA,air,Active
https://www.globalmilitary.net/airbases/ebbing-air-national-guard-base/,Ebbing Air National Guard Base,35.3367,-94.3675,143,KFSM,air,Active
https://www.globalmilitary.net/airbases/edwards-air-force-base/,Edwards Air Force Base,34.9056,-117.8836,704,KEDW,air,Active
https://www.globalmilitary.net/airbases/edwin-andrews-air-base/,Edwin Andrews Air Base (San Roque Air Field),6.9253,122.0608,6,RPMZ,air,Active
https://www.globalmilitary.net/airbases/eglin-air-force-base/,Eglin Air Force Base,30.4894,-86.5422,26,KVPS,air,Active
https://www.globalmilitary.net/airbases/eielson-air-force-base/,Eielson Air Force Base,64.6656,-147.1014,167,PAEI,air,Active
https://www.globalmilitary.net/airbases/ein-shemer-airfield/,Ein Shemer Airfield (RAF Ein Shemer),32.4408,35.0079,29,LLES,air,Active
https://www.globalmilitary.net/airbases/eindhoven-air-base/,Eindhoven Air Base (Vliegveld Welschap),51.45,5.3747,22,EHEH,air,Active
https://www.globalmilitary.net/airbases/el-alto/,El Alto Air Base (John F. Kennedy (JFK) International Airport),-16.5133,-68.1922,4062,SLLP,air,Active
https://www.globalmilitary.net/airbases/el-boulaidablida-daab/,El Boulaida/Blida,36.5039,2.8144,163,DAAB,air,Active
https://www.globalmilitary.net/airbases/el-copero-heliport/,El Copero Air Base (Base El Copero),37.3132,-5.9991,6,LEEC,air,Active
https://www.globalmilitary.net/airbases/el-dorado-international-airport/,El Dorado International Airport (Luis Carlos Galán Sarmiento El Dorado International Airport),4.7016,-74.1469,2548,SKBO,air,Active
https://www.globalmilitary.net/airbases/el-lencero-airport/,El Lencero Airport (Antonio Chedraui Caram Airport),19.475,-96.7975,955,MMJA,air,Active
https://www.globalmilitary.net/airbases/el-libertador/,El Libertador Air Base,10.1833,-67.5572,442,SVBL,air,Active
https://www.globalmilitary.net/airbases/el-minya-air-base/,El Minya Air Base (قاعدة المنيا الجوية),28.095,30.7356,38,NA,air,Active
https://www.globalmilitary.net/airbases/el-palomar/,El Palomar Air Base,-34.6099,-58.6126,18,SADP,air,Active
https://www.globalmilitary.net/airbases/el-plumerillo/,El Plumerillo Air Base (Aeropuerto Internacional Gobernador Francisco Gabrielli),-32.8317,-68.7929,704,SAME,air,Active
https://www.globalmilitary.net/airbases/el-tari-air-force-base/,El Tari Air Force Base (Penfui Airport),-10.1714,123.6711,105,WATT,air,Active
https://www.globalmilitary.net/airbases/el-tepual/,El Tepual Air Base,-41.4389,-73.0939,90,SCTE,air,Active
https://www.globalmilitary.net/airbases/el-trompillo/,El Trompillo Air Base (Captain Horacio Vasquez),-17.8115,-63.1714,413,SLET,air,Active
https://www.globalmilitary.net/airbases/elefsina-air-base/,Elefsina Air Base,38.0681,23.5539,44,LGEL,air,Active
https://www.globalmilitary.net/airbases/elizovo/,Elizovo Air Base,53.1677,158.4536,40,UHPP,air,Active
https://www.globalmilitary.net/airbases/ellington-field-joint-reserve-base/,Ellington Field Joint Reserve Base,29.6072,-95.1589,10,KEFD,air,Active
https://www.globalmilitary.net/airbases/ellsworth-air-force-base/,Ellsworth Air Force Base,44.1464,-103.07470000000001,998,KRCA,air,Active
https://www.globalmilitary.net/airbases/emmen-air-base/,Emmen Air Base,47.0934,8.3053,427,LSME,air,Active
https://www.globalmilitary.net/airbases/engels-2/,Engels-2 Air Base,51.4811,46.2106,37,XWSG,air,Active
https://www.globalmilitary.net/airbases/ensenada-airport/,Ensenada Airport (El Ciprés Military Airfield),31.7953,-116.6025,20,MMES,air,Active
https://www.globalmilitary.net/airbases/erding-air-base/,Erding Air Base,48.3225,11.9486,462,ETSE,air,Active
https://www.globalmilitary.net/airbases/erhac-air-base/,Erhaç Air Base (Malatya Havalimanı),38.4354,38.091,862,LTAT,air,Active
https://www.globalmilitary.net/airbases/erkilet-air-base/,Erkilet Air Base (Kayseri Erkilet Airport),38.77,35.4954,1069,LTAU,air,Active
https://www.globalmilitary.net/airbases/ertaizi-air-base/,Ertaizi Air Base (二台子 Jilin Ertaizi Airport),44.0022,126.3942,180,ZYJL,air,Active
https://www.globalmilitary.net/airbases/eskisehir-air-base/,Eskişehir Air Base,39.7841,30.5821,787,LTBI,air,Active
https://www.globalmilitary.net/airbases/etimesgut-air-base/,Etimesgut Air Base (Etimesgut Hava Üssü),39.9499,32.6886,809,LTAD,air,Active
https://www.globalmilitary.net/airbases/evenes-air-station/,Evenes Air Station,68.4913,16.6781,26,ENEV,air,Active
https://www.globalmilitary.net/airbases/fairchild-air-force-base/,Fairchild Air Force Base,47.615,-117.6556,750,KSKA,air,Active
https://www.globalmilitary.net/airbases/fargo-air-national-guard-base/,Fargo Air National Guard Base,46.9206,-96.8158,274,KFAR,air,Active
https://www.globalmilitary.net/airbases/faridabad-afs/,Faridabad AFS,28.3719,77.2764,NA,NA,air,Active
https://www.globalmilitary.net/airbases/fassberg-air-base/,Faßberg Air Base (Heeresflugplatz Faßberg),52.9053,10.1678,80,ETHS,air,Active
https://www.globalmilitary.net/airbases/fayid-air-base/,Fayid Air Base (RAF Fayid),30.3303,32.2697,21,NA,air,Active
https://www.globalmilitary.net/airbases/fedotovo/,Fedotovo Air Base (Kipelovo),59.1883,39.1233,175,XLWF,air,Active
https://www.globalmilitary.net/airbases/felipe-angeles-international-airport/,Felipe Ángeles International Airport (Santa Lucía Air Force Base),19.7453,-99.0719,2246,MMSM,air,Active
https://www.globalmilitary.net/airbases/fenghuangshan-air-base/,Fenghuangshan Air Base (凤凰山 Chengdu Fenghuangshan Airport),30.7053,103.9503,NA,NA,air,Active
https://www.globalmilitary.net/airbases/fiala-fernbrugg-air-base/,Fiala-Fernbrugg Air Base (Militärflugplatz Aigen im Ennstal),47.5357,14.1414,649,LOXA,air,Active
https://www.globalmilitary.net/airbases/fiery-cross-reef/,Fiery Cross Reef (永暑礁 Yongshu Airport),9.5467,112.8867,NA,NA,air,Active
https://www.globalmilitary.net/airbases/figl-air-base/,Figl Air Base (Fliegerhorst Leopold Figl),48.3211,16.1119,180,LOXT,air,Active
https://www.globalmilitary.net/airbases/florennes-air-base/,Florennes Air Base (Base Jean Offenberg),50.2433,4.6458,283,EBFS,air,Active
https://www.globalmilitary.net/airbases/florianpolis-air-force-base/,Florianópolis Air Force Base (Campeche Aerodrome),-27.6703,-48.5525,5,SBFL,air,Active
https://www.globalmilitary.net/airbases/forbes-field-air-national-guard-base/,Forbes Field Air National Guard Base,38.9508,-95.6636,329,KFOE,air,Active
https://www.globalmilitary.net/airbases/fort-bliss/,Fort Bliss,31.8018,-106.4246,1199,NA,air,Active
https://www.globalmilitary.net/airbases/fort-george-g-meade/,Fort George G. Meade,39.1069,-76.7431,46,NA,air,Active
https://www.globalmilitary.net/airbases/fort-magsaysay-airfield/,Fort Magsaysay Airfield (Fort Ramon Magsaysay),15.4339,121.0872,76,RPLV,air,Active
https://www.globalmilitary.net/airbases/fort-wayne-air-national-guard-base/,Fort Wayne Air National Guard Base,40.9783,-85.195,248,KFWA,air,Active
https://www.globalmilitary.net/airbases/fortaleza-air-force-base/,Fortaleza Air Force Base,-3.7758,-38.5322,25,SBFZ,air,Active
https://www.globalmilitary.net/airbases/fouliang-air-base/,Fouliang Air Base (浮梁县 Jingdezhen Luojia Airport),29.3394,117.1767,34,ZSJD,air,Active
https://www.globalmilitary.net/airbases/francis-e-warren-air-force-base/,Francis E. Warren Air Force Base,41.1331,-104.8669,1878,KFEW,air,Active
https://www.globalmilitary.net/airbases/francis-s-gabreski-air-national-guard-base/,Francis S. Gabreski Air National Guard Base,40.8392,-72.6414,20,KFOK,air,Active
https://www.globalmilitary.net/airbases/francisco-sarabia-international-airport/,Francisco Sarabia International Airport (Estación Aérea Militar N.º 3),25.5681,-103.4106,1124,MMTC,air,Active
https://www.globalmilitary.net/airbases/francisco-sarabia-national-airport/,Francisco Sarabia National Airport (Tuxtla Gutiérrez Air Force Base),16.74,-93.1732,454,MMTG,air,Active
https://www.globalmilitary.net/airbases/fresno-air-national-guard-base/,Fresno Air National Guard Base,36.7767,-119.7189,102,KFAT,air,Active
https://www.globalmilitary.net/airbases/fritzlar-air-base/,Fritzlar Air Base (Heeresflugplatz Fritzlar),51.1167,9.2872,171,ETHF,air,Active
https://www.globalmilitary.net/airbases/frosinone-air-base/,Frosinone Air Base,41.645,13.299,193,NA,air,Active
https://www.globalmilitary.net/airbases/furbara-air-base/,Furbara Air Base,41.9941,12.0135,6,LIAR,air,Active
https://www.globalmilitary.net/airbases/fuzhou-air-base/,Fuzhou Air Base (福州 Fuzhou Yixu Airport),26.0039,119.3128,14,ZSFZ,air,Active
https://www.globalmilitary.net/airbases/galatina-air-base/,Galatina Air Base,40.2392,18.1333,NA,LIBN,air,Active
https://www.globalmilitary.net/airbases/galeo-air-force-base/,Galeão Air Force Base (ALA11),-22.81,-43.2506,9,SBGL,air,Active
https://www.globalmilitary.net/airbases/gamal-abdel-nasser-airbase/,Gamal Abdel Nasser Airbase (RAF Station El Adem),31.8614,23.9068,158,NA,air,Active
https://www.globalmilitary.net/airbases/gando-air-base/,Gando Air Base,27.936,-15.379,4,GCLP,air,Active
https://www.globalmilitary.net/airbases/gangneung-air-base/,Gangneung Air Base,37.7533,128.9436,11,RKNN,air,Active
https://www.globalmilitary.net/airbases/gaoqi-air-base/,Gaoqi Air Base (高崎 Xiamen Gaoqi International Airport),24.5442,118.1278,18,ZSAM,air,Active
https://www.globalmilitary.net/airbases/gardermoen-air-station/,Gardermoen Air Station (Fredericksfeldt),60.1939,11.1004,208,ENGM,air,Active
https://www.globalmilitary.net/airbases/gaziemir-air-base/,Gaziemir Air Base,38.3192,27.1592,132,LTBK,air,Active
https://www.globalmilitary.net/airbases/gdynia-babie-doly/,Gdynia-Babie Doły (Gdynia-Kosakowo Airport / Gdynia-Oksywie),54.5789,18.5192,45,EPOK,air,Active
https://www.globalmilitary.net/airbases/gebel-el-basur-air-base/,Gebel el Basur Air Base (قاعدة جبل الباصور الجوية),30.5347,30.5611,24,NA,air,Active
https://www.globalmilitary.net/airbases/general-mitchell-air-national-guard-base/,General Mitchell Air National Guard Base,42.9429,-87.9144,222,KMKE,air,Active
https://www.globalmilitary.net/airbases/getafe-air-base/,Getafe Air Base,40.2941,-3.7238,620,LEGT,air,Active
https://www.globalmilitary.net/airbases/ghardabiya-airbase/,Ghardabiya Airbase,31.0606,16.6117,82,HLGD,air,Active
https://www.globalmilitary.net/airbases/ghedi-air-base/,Ghedi Air Base,45.4322,10.2678,101,LIPL,air,Active
https://www.globalmilitary.net/airbases/gia-lam-airbase/,Gia Lam Airbase (Sân bay Gia Lâm),21.041,105.886,15,VVGL,air,Active
https://www.globalmilitary.net/airbases/gifu-air-field/,Gifu Air Field,35.3944,136.8694,39,RJNG,air,Active
https://www.globalmilitary.net/airbases/gila-bend-air-force-auxiliary-field/,Gila Bend Air Force Auxiliary Field,32.8875,-112.72,269,KGXF,air,Active
https://www.globalmilitary.net/airbases/gilze-rijen-air-base/,Gilze-Rijen Air Base,51.5674,4.9319,10,EHGR,air,Active
https://www.globalmilitary.net/airbases/gimhae-air-base/,Gimhae Air Base (Pusan West (K-1) Air Base),35.1794,128.9383,3,RKPK,air,Active
https://www.globalmilitary.net/airbases/gioia-del-colle-air-base/,Gioia del Colle Air Base,40.7678,16.9333,361,LIBV,air,Active
https://www.globalmilitary.net/airbases/gjader-air-base/,Gjadër Air Base (Lezhë-Zadrima Air Base),41.8952,19.5985,7,LAGJ,air,Inactive
https://www.globalmilitary.net/airbases/godofredo-juliano-air-base/,Godofredo Juliano Air Base (Lumbia Air Base),8.4156,124.6111,183,RPML,air,Active
https://www.globalmilitary.net/airbases/goldwater-air-national-guard-base/,Goldwater Air National Guard Base,33.425,-112.0126,345,KPHX,air,Active
https://www.globalmilitary.net/airbases/gomel-airport/,Gomel Airport,52.527,31.017,144,UMGG,air,Active
https://www.globalmilitary.net/airbases/gonggar-air-base/,Gonggar Air Base (贡嘎 Lhasa Gonggar Airport),29.2981,90.9122,3570,ZULS,air,Active
https://www.globalmilitary.net/airbases/goodfellow-air-force-base/,Goodfellow Air Force Base,31.4297,-100.3992,NA,NA,air,Active
https://www.globalmilitary.net/airbases/gorakhpur-afs/,Gorakhpur AFS,26.7394,83.4494,79,VEGK,air,Active
https://www.globalmilitary.net/airbases/gormanston-camp/,Gormanston Camp (RAF Station Gormanston),53.6441,-6.235,NA,NA,air,Active
https://www.globalmilitary.net/airbases/gowen-field-air-national-guard-base/,Gowen Field Air National Guard Base,43.5644,-116.2228,875,KBOI,air,Active
https://www.globalmilitary.net/airbases/graf-ignatievo-air-base/,Graf Ignatievo Air Base,42.2903,24.7139,58,LBPG,air,Active
https://www.globalmilitary.net/airbases/grand-forks-air-force-base/,Grand Forks Air Force Base,47.9639,-97.4011,277,KRDR,air,Active
https://www.globalmilitary.net/airbases/grazzanise-air-base/,Grazzanise Air Base,41.0608,14.0819,9,LIRM,air,Active
https://www.globalmilitary.net/airbases/great-falls-air-national-guard-base/,Great Falls Air National Guard Base,47.4828,-111.3706,1122,KGTF,air,Active
https://www.globalmilitary.net/airbases/grissom-air-reserve-base/,Grissom Air Reserve Base,40.6481,-86.1522,247,KGUS,air,Active
https://www.globalmilitary.net/airbases/grodno-airport/,Grodno Airport,53.602,24.054,135,UMMG,air,Active
https://www.globalmilitary.net/airbases/gromovo/,Gromovo Air Base,60.7133,30.1117,70,ULLJ,air,Active
https://www.globalmilitary.net/airbases/grosseto-air-base/,Grosseto Air Base (Grosseto Airport),42.7597,11.0719,5,LIRS,air,Active
https://www.globalmilitary.net/airbases/grottaglie-maristaer/,"Grottaglie Naval Air Station (MARISTAER Grottaglie / Taranto-Grottaglie ""Marcello Arlotta"" Airport)",40.5175,17.4032,66,LIBG,air,Active
https://www.globalmilitary.net/airbases/guadalajara-international-airport/,Guadalajara International Airport (Miguel Hidalgo y Costilla International Airport),20.5217,-103.3111,1529,MMGL,air,Active
https://www.globalmilitary.net/airbases/guantanamo-bay-naval-base/,Guantanamo Bay Naval Base,19.9175,-75.16,17,MUGM,air,Active
https://www.globalmilitary.net/airbases/guarani/,Guaraní Air Base,-25.4545,-54.8427,256,SGES,air,Active
https://www.globalmilitary.net/airbases/guayaquil/,Simón Bolívar Air Base (José Joaquín de Olmedo International Airport),-2.1572,-79.8836,5,SEGU,air,Active
https://www.globalmilitary.net/airbases/guerrero-negro-airport/,Guerrero Negro Airport (Estación Aérea Militar N.º 2 Guerrero Negro),28.0258,-114.0239,18,MMGR,air,Active
https://www.globalmilitary.net/airbases/guidonia-air-base/,Guidonia Air Base,41.9903,12.7408,105,LIRG,air,Active
https://www.globalmilitary.net/airbases/guiren-airport/,Guiren Airport (Nanbao Airport (南保機場)),22.9814,120.2844,NA,RCXY,air,Active
https://www.globalmilitary.net/airbases/gulfport-combat-readiness-training-center/,Gulfport Combat Readiness Training Center,30.4072,-89.07,9,KGPT,air,Active
https://www.globalmilitary.net/airbases/gurugram-afs/,Gurugram AFS,28.4885,77.0403,NA,NA,air,Active
https://www.globalmilitary.net/airbases/gustavo-artunduaga-paredes-airport/,Gustavo Artunduaga Paredes Airport (Capitolio),1.5889,-75.5639,246,SKFL,air,Active
https://www.globalmilitary.net/airbases/gustavo-rojas-pinilla-international-airport/,Gustavo Rojas Pinilla International Airport (Sesquicentenario Airport),12.5833,-81.7111,6,SKSP,air,Active
https://www.globalmilitary.net/airbases/guvercinlik-army-air-base/,Güvercinlik Army Air Base,39.935,32.7408,821,LTAB,air,Active
https://www.globalmilitary.net/airbases/gvardeyskoye/,Gvardeyskoye Air Base (Hvardiiske),45.1161,33.9789,152,UKFG,air,Active
https://www.globalmilitary.net/airbases/gwangju-air-base/,Gwangju Air Base,35.1264,126.8089,15,RKJJ,air,Active
https://www.globalmilitary.net/airbases/h-3-air-base/,H-3 Air Base,32.9264,39.7478,NA,NA,air,Inactive
https://www.globalmilitary.net/airbases/h-4-air-base/,H-4 Air Base,32.5389,38.1958,686,OJRW,air,Active
https://www.globalmilitary.net/airbases/ha-lc-air-base/,Hòa Lạc Air Base,21.038,105.49,NA,VVYL,air,Active
https://www.globalmilitary.net/airbases/habata-air-base/,Habata Air Base (قاعدة هاباتا الجوية),31.1075,25.4519,205,NA,air,Active
https://www.globalmilitary.net/airbases/hachinohe-air-base/,Hachinohe Air Base,40.5519,141.4672,46,RJSH,air,Active
https://www.globalmilitary.net/airbases/hailang-air-base/,Hailang Air Base (海浪 Mudanjiang Hailang International Airport),44.5247,129.5692,269,ZYMD,air,Active
https://www.globalmilitary.net/airbases/hakimpet-afs/,Hakimpet AFS,17.5529,78.5202,616,VOHK,air,Active
https://www.globalmilitary.net/airbases/halim-perdanakusuma-air-force-base/,Halim Perdanakusuma Air Force Base (Tjililitan Airfield),-6.2664,106.8911,25,WIHH,air,Active
https://www.globalmilitary.net/airbases/halwara-afs/,Halwara AFS,30.7486,75.6297,242,VIHX,air,Active
https://www.globalmilitary.net/airbases/hama-air-base/,Hama Air Base,35.1182,36.7112,309,NA,air,Active
https://www.globalmilitary.net/airbases/hamadan-airbase/,Hamadan Airbase (Shahrokhi Airbase),35.2117,48.6533,1711,OIHS,air,Active
https://www.globalmilitary.net/airbases/hamamatsu-air-base/,Hamamatsu Air Base,34.7503,137.7031,46,RJNH,air,Active
https://www.globalmilitary.net/airbases/hamat-air-base/,Hamat Air Base (Wujah Al Hajar Air Base),34.2833,35.7,256,NA,air,Active
https://www.globalmilitary.net/airbases/hami-air-base/,Hami Air Base (哈密 Hami Airport),42.8417,93.6686,824,ZWHM,air,Active
https://www.globalmilitary.net/airbases/hanam-army-heliport/,Ha Nam Heliport (Choi-dong Heliport (G-280)),37.5349,127.1785,40,RKRC,air,Active
https://www.globalmilitary.net/airbases/hancock-field-air-national-guard-base/,Hancock Field Air National Guard Base,43.1114,-76.1236,128,KSYR,air,Active
https://www.globalmilitary.net/airbases/hanscom-air-force-base/,Hanscom Air Force Base,42.47,-71.2892,38,NA,air,Active
https://www.globalmilitary.net/airbases/harar-meda-air-base/,Harar Meda Air Base (Debre Zeit Air Base),8.7163,39.0059,1890,HAHM,air,Active
https://www.globalmilitary.net/airbases/hasimara-afs/,Hasimara AFS,26.6981,89.3689,104,VEHX,air,Active
https://www.globalmilitary.net/airbases/hat-yai-international-airport/,Hat Yai International Airport,6.9294,100.3986,27,VTSS,air,Active
https://www.globalmilitary.net/airbases/hato-international-airport/,Hato International Airport,12.1889,-68.9597,9,TNCC,air,Active
https://www.globalmilitary.net/airbases/hatzerim-airbase/,Hatzerim Airbase,31.2334,34.6626,220,LLHB,air,Active
https://www.globalmilitary.net/airbases/hatzor-airbase/,Hatzor Airbase (RAF Qastina),31.7625,34.7272,45,LLHS,air,Active
https://www.globalmilitary.net/airbases/havryshivka-vinnytsia-airport/,Havryshivka Vinnytsia International Airport (Havryshivka),49.2425,28.6139,299,UKWW,air,Active
https://www.globalmilitary.net/airbases/hermosillo-international-airport/,Hermosillo International Airport (Base Aérea Militar No. 18),29.0958,-111.0478,191,MMHO,air,Active
https://www.globalmilitary.net/airbases/hesa-air-base/,Hesa Air Base (فرودگاه هسا),32.9288,51.5612,1602,OIFE,air,Active
https://www.globalmilitary.net/airbases/hetian-air-base/,Hetian Air Base (和田 Hotan Airport),37.04,79.8617,1424,ZWTN,air,Active
https://www.globalmilitary.net/airbases/hfu-air-field/,Hōfu Air Field,34.0344,131.5464,2,RJOF,air,Active
https://www.globalmilitary.net/airbases/hill-air-force-base/,Hill Air Force Base,41.1239,-111.9728,1460,KHIF,air,Active
https://www.globalmilitary.net/airbases/hindon-afs/,Hindon AFS,28.7078,77.3583,213,VIDX,air,Active
https://www.globalmilitary.net/airbases/hinterstoisser-air-base/,Hinterstoisser Air Base (Fliegerhorst Hinterstoisser),47.2022,14.7422,682,LOXZ,air,Active
https://www.globalmilitary.net/airbases/hmas-albatross/,HMAS Albatross (NAS Nowra),-34.9489,150.5369,122,YSNW,air,Active
https://www.globalmilitary.net/airbases/hmawbi-air-base/,Hmawbi Air Base (RAF Hmawbi),17.1206,96.0681,22,NA,air,Active
https://www.globalmilitary.net/airbases/hohn-air-base/,Hohn Air Base,54.3136,9.5381,12,ETNH,air,Active
https://www.globalmilitary.net/airbases/holbeach-air-weapons-range/,Holbeach Air Weapons Range,52.8548,0.1708,NA,EGYH,air,Active
https://www.globalmilitary.net/airbases/holloman-air-force-base/,Holloman Air Force Base,32.8525,-106.1064,1248,KHMN,air,Active
https://www.globalmilitary.net/airbases/holzdorf-air-base/,Holzdorf Air Base,51.7679,13.1676,81,ETSH,air,Active
https://www.globalmilitary.net/airbases/homestead-air-reserve-base/,Homestead Air Reserve Base,25.4883,-80.3836,2,KHST,air,Active
https://www.globalmilitary.net/airbases/homey-airport/,Homey Airport,37.2333,-115.8083,1370,KXTA,air,Active
https://www.globalmilitary.net/airbases/hood-army-airfield/,Hood Army Airfield,31.1386,-97.7144,282,KHLR,air,Active
https://www.globalmilitary.net/airbases/hsinchu-air-base/,Hsinchu Air Base (Shinchiku Airdrome),24.818,120.9394,26,RCPO,air,Active
https://www.globalmilitary.net/airbases/huairen-air-base/,Huairen Air Base (怀仁 Datong Huairen Airport),39.7175,113.1447,NA,NA,air,Active
https://www.globalmilitary.net/airbases/huangdicun-naval-air-base/,Huangdicun Naval Air Base (Xingcheng (historical/regional name)),40.4998,120.6593,30,NA,air,Active
https://www.globalmilitary.net/airbases/huangguoshu-air-base/,Huangguoshu Air Base (黄果 Anshun Huangguoshu Airport),26.2608,105.8739,1466,ZUAS,air,Active
https://www.globalmilitary.net/airbases/hulman-field-air-national-guard-base/,Hulman Field Air National Guard Base,39.4514,-87.3075,180,KHUF,air,Active
https://www.globalmilitary.net/airbases/hunter-army-airfield/,Hunter Army Airfield,32.01,-81.1456,12,KSVN,air,Active
https://www.globalmilitary.net/airbases/hurlburt-field/,Hurlburt Field,30.4278,-86.6894,12,KHRT,air,Active
https://www.globalmilitary.net/airbases/husein-sastranegara-air-force-base/,Husein Sastranegara Air Force Base (Andir Airfield),-6.9006,107.5764,742,WICC,air,Active
https://www.globalmilitary.net/airbases/husum-air-base/,Husum Air Base (Advanced Landing Ground B-172),54.5153,9.1447,19,EDXJ,air,Active
https://www.globalmilitary.net/airbases/huxian-air-base/,Huxian Air Base (户县 Huxian Airport),34.1531,108.5997,NA,NA,air,Active
https://www.globalmilitary.net/airbases/hwangju-airport/,Hwangju Airport (황주비행장),38.6535,125.7889,8,NA,air,Active
https://www.globalmilitary.net/airbases/hwangsuwon-airport/,Hwangsuwon Airport,40.6818,128.15,1168,NA,air,Active
https://www.globalmilitary.net/airbases/hyesan-airfield/,Hyesan Airfield (혜산비행장),41.3781,128.2051,714,NA,air,Active
https://www.globalmilitary.net/airbases/ianca-air-base/,49th Air Base (Ianca Air Base),44.8458,27.4222,40,LRIC,air,Closed
https://www.globalmilitary.net/airbases/ibaraki-airport/,Ibaraki Airport,36.1817,140.4147,33,RJAH,air,Active
https://www.globalmilitary.net/airbases/icheon-army-airfield/,Icheon Army Airfield (G-510),37.2007,127.4692,78,RKRN,air,Active
https://www.globalmilitary.net/airbases/ilopango-international-airport/,Ilopango International Airport,13.6994,-89.12,615,MSSS,air,Active
https://www.globalmilitary.net/airbases/inchas-air-base/,Inchas Air Base (Inshas Air Base),30.3297,31.45,NA,NA,air,Active
https://www.globalmilitary.net/airbases/incirlik-air-base/,Incirlik Air Base,37.0019,35.4258,71,LTAG,air,Active
https://www.globalmilitary.net/airbases/inowroclaw-latkowo-air-base/,Inowrocław-Latkowo Air Base (56 Baza Lotnicza),52.8289,18.3167,79,EPIR,air,Active
https://www.globalmilitary.net/airbases/ins-baaz/,INS Baaz (Campbell Bay),7.0131,93.9236,5,VOBX,air,Active
https://www.globalmilitary.net/airbases/ins-dega/,INS Dega (Visakhapatnam Airport),17.7235,83.2277,5,VOVZ,air,Active
https://www.globalmilitary.net/airbases/ins-garuda/,"INS Garuda (Willingdon Island, Kochi)",9.9461,76.2719,2,VOCC,air,Active
https://www.globalmilitary.net/airbases/ins-hansa/,INS Hansa (Dabolim (Goa Dabolim Airport)),15.3808,73.8314,56,VOGO,air,Active
https://www.globalmilitary.net/airbases/ins-kohassa/,"INS Kohassa (Shibpur (NAS Shibpur), Diglipur)",13.2363,93.0497,4,VODX,air,Active
https://www.globalmilitary.net/airbases/ins-parundu/,"INS Parundu (Uchipuli, Ramanathapuram)",9.3239,78.9728,5,VORM,air,Active
https://www.globalmilitary.net/airbases/ins-rajali/,INS Rajali (Arakkonam),13.0711,79.6911,87,VOAR,air,Active
https://www.globalmilitary.net/airbases/ins-shikra/,"INS Shikra (INS Kunjali (Colaba naval base, Mumbai))",18.9138,72.8294,NA,NA,air,Active
https://www.globalmilitary.net/airbases/interlaken-air-base/,Interlaken Air Base,46.6767,7.8792,577,LSMI,air,Closed
https://www.globalmilitary.net/airbases/iquitos/,Iquitos Air Base (Lieutenant Bergerie airport),-3.7847,-73.3088,126,SPQT,air,Active
https://www.globalmilitary.net/airbases/irapuato-air-force-station/,Irapuato Air Force Station,20.6556,-101.3753,1734,NA,air,Active
https://www.globalmilitary.net/airbases/iruma-air-base/,Iruma Air Base,35.8419,139.4106,90,RJTJ,air,Active
https://www.globalmilitary.net/airbases/isa-air-base/,Isa Air Base (Shaikh Isa Air Base),25.9184,50.5906,41,OBBS,air,Active
https://www.globalmilitary.net/airbases/isfahan-international-airport/,Isfahan International Airport (Khatami Air Base),32.7508,51.8611,1542,OIFM,air,Active
https://www.globalmilitary.net/airbases/ismailia-air-base/,Ismailia Air Base (RAF Ismailia),30.5983,32.2369,11,NA,air,Active
https://www.globalmilitary.net/airbases/istrana-air-base/,Istrana Air Base,45.685,12.0831,42,LIPS,air,Active
https://www.globalmilitary.net/airbases/iswahjudi-air-force-base/,Iswahjudi Air Force Base (Maospati Air Base),-7.6158,111.4341,110,WARI,air,Active
https://www.globalmilitary.net/airbases/ivano-frankivsk-international-airport/,Ivano-Frankivsk International Airport (Opryshivtsi),48.8842,24.6861,280,UKLI,air,Active
https://www.globalmilitary.net/airbases/ivanovo-severny/,Ivanovo Severny Air Base,57.0583,40.9817,137,UUDI,air,Active
https://www.globalmilitary.net/airbases/ixtepec-airport/,Ixtepec Airport (Base Aérea Militar No. 2),16.4464,-95.0936,31,MMIT,air,Active
https://www.globalmilitary.net/airbases/izmir-air-station/,Izmir Air Station,38.4575,27.1705,NA,NA,air,Active
https://www.globalmilitary.net/airbases/jackson-air-national-guard-base/,Jackson Air National Guard Base,32.3111,-90.0758,105,KJAN,air,Active
https://www.globalmilitary.net/airbases/jacksonville-air-national-guard-base/,Jacksonville Air National Guard Base,30.4942,-81.6878,9,KJAX,air,Active
https://www.globalmilitary.net/airbases/jaisalmer-afs/,Jaisalmer AFS,26.8803,70.855,251,VIJR,air,Active
https://www.globalmilitary.net/airbases/jammu-afs/,Jammu AFS,32.6892,74.8375,314,VIJU,air,Active
https://www.globalmilitary.net/airbases/jamnagar-afs/,Jamnagar AFS,22.4656,70.0125,21,VAJM,air,Active
https://www.globalmilitary.net/airbases/jehonville-air-base/,Jehonville Air Base (Bertrix Air Base),49.8917,5.2239,458,EBBX,air,Active
https://www.globalmilitary.net/airbases/jeonju-air-base/,Jeonju Air Base,35.8167,127.15,29,RKJU,air,Active
https://www.globalmilitary.net/airbases/jever-air-base/,Jever Air Base,53.5339,7.8847,7,ETNJ,air,Active
https://www.globalmilitary.net/airbases/jianqiao-air-base/,Jianqiao Air Base (笕桥 Hangzhou Jianqiao Airport),30.3353,120.2408,5,ZSHC,air,Active
https://www.globalmilitary.net/airbases/jiaxing-air-base/,Jiaxing Air Base (嘉兴 Jiaxing Airport),30.7056,120.6742,5,ZSJX,air,Active
https://www.globalmilitary.net/airbases/jinhae-air-base/,Jinhae Air Base,35.1411,128.6958,2,RKPE,air,Active
https://www.globalmilitary.net/airbases/jining-air-base/,Jining Air Base (济宁 Jining Qufu Airport),35.2928,116.3464,NA,ZSJG,air,Active
https://www.globalmilitary.net/airbases/jinjiang-air-base/,Jinjiang Air Base (晋江 Quanzhou Jinjiang International Airport),24.7972,118.5892,NA,ZSQZ,air,Active
https://www.globalmilitary.net/airbases/jirah-air-base/,Jirah Air Base,36.0975,37.9403,349,NA,air,Active
https://www.globalmilitary.net/airbases/jiyanklis-air-base/,Jiyanklis Air Base (RAF Gianaclis),30.8217,30.1931,10,NA,air,Active
https://www.globalmilitary.net/airbases/jmsdf-minato-base/,JMSDF Ōminato Base,41.2328,141.1322,7,RJSO,air,Active
https://www.globalmilitary.net/airbases/jodhpur-afs/,Jodhpur AFS,26.2572,73.0517,216,VIJO,air,Active
https://www.globalmilitary.net/airbases/joe-foss-field-air-national-guard-station/,Joe Foss Field Air National Guard Station,43.5819,-96.7419,436,KFSD,air,Active
https://www.globalmilitary.net/airbases/joint-base-anacostia-bolling/,Joint Base Anacostia-Bolling,38.8428,-77.0161,5,KBOF,air,Active
https://www.globalmilitary.net/airbases/joint-base-andrews/,Joint Base Andrews,38.8108,-76.8669,85,KADW,air,Active
https://www.globalmilitary.net/airbases/joint-base-charleston/,Joint Base Charleston,32.8986,-80.0406,46,KCHS,air,Active
https://www.globalmilitary.net/airbases/joint-base-elmendorf-richardson/,Joint Base Elmendorf-Richardson,61.2514,-149.8064,65,PAED,air,Active
https://www.globalmilitary.net/airbases/joint-base-langley-eustis/,Joint Base Langley–Eustis,37.0828,-76.3606,2,KLFI,air,Active
https://www.globalmilitary.net/airbases/joint-base-lewis-mcchord/,Joint Base Lewis-McChord,47.1475,-122.4794,98,KTCM,air,Active
https://www.globalmilitary.net/airbases/joint-base-mcguire-dix-lakehurst/,Joint Base McGuire–Dix–Lakehurst,40.0156,-74.5917,43,KWRI,air,Active
https://www.globalmilitary.net/airbases/joint-base-pearl-harbor-hickam/,Joint Base Pearl Harbor–Hickam,21.3492,-157.9439,3,PHNL,air,Active
https://www.globalmilitary.net/airbases/joint-base-san-antonio/,Joint Base San Antonio,29.4489,-98.4489,NA,NA,air,Active
https://www.globalmilitary.net/airbases/joint-reserve-base-new-orleans/,Naval Air Station Joint Reserve Base New Orleans,29.8253,-90.035,1,KNBG,air,Active
https://www.globalmilitary.net/airbases/jorhat-afs/,Jorhat AFS,26.7317,94.1756,95,VEJT,air,Active
https://www.globalmilitary.net/airbases/jose-antonio-paez/,José Antonio Páez Air Base,7.8083,-72.4397,323,SVSA,air,Active
https://www.globalmilitary.net/airbases/jose-maria-cordova-international-airport/,José María Córdova International Airport,6.1672,-75.4267,2142,SKRG,air,Active
https://www.globalmilitary.net/airbases/jungwon-air-base/,Jungwon Air Base,37.03,127.8853,86,RKTI,air,Active
https://www.globalmilitary.net/airbases/jyvskyltikkakoski-air-base/,Jyväskylä–Tikkakoski Air Base,62.4008,25.6728,140,EFJY,air,Active
https://www.globalmilitary.net/airbases/k-1-air-base/,K-1 Air Base (Kaywan),35.5125,44.2842,NA,NA,air,Active
https://www.globalmilitary.net/airbases/kacha/,Kacha Air Base,44.7831,33.5614,45,UKKA,air,Active
https://www.globalmilitary.net/airbases/kadena-air-base/,Kadena Air Base (Kadena Hikōjō),26.3517,127.7694,44,RODN,air,Active
https://www.globalmilitary.net/airbases/kaechon-airfield/,Kaechon Airfield (개천비행장),39.7535,125.9025,10,NA,air,Active
https://www.globalmilitary.net/airbases/kaifeng-air-base/,Kaifeng Air Base (开封 N/A),34.7533,114.3378,NA,NA,air,Active
https://www.globalmilitary.net/airbases/kakaydy-air-base/,Kakaydy Air Base (Kokand),37.6242,67.5175,368,NA,air,Active
https://www.globalmilitary.net/airbases/kaklic-air-base/,Kaklıç Air Base,38.5175,26.9775,4,LTFA,air,Active
https://www.globalmilitary.net/airbases/kalaikunda-afs/,Kalaikunda AFS,22.3394,87.2145,61,VEDX,air,Active
https://www.globalmilitary.net/airbases/kalamata-air-base/,Kalamata Air Base (Captain Vassilis Constantakopoulos),37.0683,22.0256,8,LGKL,air,Active
https://www.globalmilitary.net/airbases/kaliningrad-chkalovsk/,Kaliningrad Chkalovsk Air Base (Chkalovskoye),54.7667,20.3967,50,XMWB,air,Active
https://www.globalmilitary.net/airbases/kalma-airport/,Kalma Airport (K-25),39.1664,127.4842,NA,ZKWS,air,Active
https://www.globalmilitary.net/airbases/kambala-air-base/,Kambala Air Base,46.0256,73.4958,NA,NA,air,Active
https://www.globalmilitary.net/airbases/kamenny-ruchey/,Kamenny Ruchey Air Base (Mongokhto),49.2417,140.1933,201,UHKG,air,Active
https://www.globalmilitary.net/airbases/kamensk-uralsky/,Kamensk-Uralsky Air Base (Traviany),56.4367,61.9867,153,XSSU,air,Active
https://www.globalmilitary.net/airbases/kanatove-air-base/,Kanatove Air Base,48.7233,32.2864,266,NA,air,Active
https://www.globalmilitary.net/airbases/kang-da-ri-airport/,Kang Da Ri Airport (Gangdari bihaengjang),39.0987,127.4156,17,NA,air,Active
https://www.globalmilitary.net/airbases/kangdong-airport/,Kangdong Airport (강동비행장),39.1582,126.0404,23,NA,air,Closed
https://www.globalmilitary.net/airbases/kanoya-air-field/,Kanoya Air Field (Kanoya Air Base),31.3681,130.8381,65,RJFY,air,Active
https://www.globalmilitary.net/airbases/kansk/,Kansk Air Base,56.1233,95.6633,316,XNKG,air,Active
https://www.globalmilitary.net/airbases/kant/,Kant Air Base,42.8531,74.8464,777,UAFW,air,Active
https://www.globalmilitary.net/airbases/kapustin-yar/,Kapustin Yar Air Base,48.6678,45.7317,7,NA,air,Active
https://www.globalmilitary.net/airbases/karshi-khanabad-air-base/,Karshi-Khanabad Air Base (Camp Stronghold Freedom),38.835,65.9125,416,UTSL,air,Active
https://www.globalmilitary.net/airbases/karup-air-base/,Karup Air Base (Flyvestation Karup),56.2975,9.1247,52,EKKA,air,Active
https://www.globalmilitary.net/airbases/kashi-air-base/,Kashi Air Base (喀什 Kashgar Airport),39.5425,76.02,1380,ZWSH,air,Active
https://www.globalmilitary.net/airbases/kasteli-air-base/,Kasteli Air Base (Kasteli Airport),NA,NA,NA,LGTL,air,Active
https://www.globalmilitary.net/airbases/kasumigaura-air-field/,Kasumigaura Air Field,36.0347,140.1928,26,RJAK,air,Active
https://www.globalmilitary.net/airbases/kasuminome-air-field/,Kasuminome Air Field,38.2356,140.9231,7,RJSU,air,Active
https://www.globalmilitary.net/airbases/kaufbeuren-air-base/,Kaufbeuren Air Base (Fliegerhorst Kaufbeuren),47.8747,10.6239,680,EDSK,air,Active
https://www.globalmilitary.net/airbases/kazlu-ruda-air-base/,Kazlų Rūda Air Base (Kazlų Rūdos aerodromas),54.8056,23.5331,74,EYKR,air,Closed
https://www.globalmilitary.net/airbases/kecskemet-air-base/,Kecskemét Air Base,46.9175,19.7492,115,LHKE,air,Active
https://www.globalmilitary.net/airbases/kedainiai-air-base/,Kėdainiai Air Base,55.3117,23.9533,52,EYKD,air,Inactive
https://www.globalmilitary.net/airbases/keesler-air-force-base/,Keesler Air Force Base,30.4114,-88.9236,10,KBIX,air,Active
https://www.globalmilitary.net/airbases/keevil-airfield/,Keevil Airfield,51.3128,-2.1131,57,NA,air,Active
https://www.globalmilitary.net/airbases/keflavik-airport/,Naval Air Station Keflavik,63.985,-22.6056,52,BIKF,air,Inactive
https://www.globalmilitary.net/airbases/kegelman-air-force-auxiliary-field/,Kegelman Air Force Auxiliary Field,36.7381,-98.1261,367,KCKA,air,Active
https://www.globalmilitary.net/airbases/kenitra-air-base/,Kenitra Air Base (NAS Port Lyautey),34.2989,-6.5959,5,GMMY,air,Active
https://www.globalmilitary.net/airbases/kenley-airfield/,Kenley Airfield,51.3036,-0.095,160,EGKN,air,Active
https://www.globalmilitary.net/airbases/kerman-airport/,Kerman Airport (Kerman International Airport),30.2744,56.9511,1750,OIKK,air,Active
https://www.globalmilitary.net/airbases/kermanshah-airport/,Kermanshah Airport (Havanirooz 1st Combat Base),34.3459,47.1581,1311,OICC,air,Active
https://www.globalmilitary.net/airbases/key-field-air-national-guard-base/,Key Field Air National Guard Base,32.3325,-88.7519,91,KMEI,air,Active
https://www.globalmilitary.net/airbases/khabarovsk-tsentralny/,Khabarovsk Tsentralny Air Base (Bolshoy),48.4625,135.1506,59,UHHA,air,Active
https://www.globalmilitary.net/airbases/khamis-mushayt-airbase/,Khamis Mushayt Airbase,NA,NA,NA,NA,air,Active
https://www.globalmilitary.net/airbases/khanskaya/,Khanskaya Air Base (Maykop),44.68,40.0383,183,URKH,air,Active
https://www.globalmilitary.net/airbases/khmeimim-air-base/,Khmeimim Air Base (Latakia Air Base),35.4117,35.945,48,NA,air,Active
https://www.globalmilitary.net/airbases/khok-kathiam-air-force-base/,Khok Kathiam Air Force Base (Lop Buri airport),14.8744,100.6633,30,VTBL,air,Active
https://www.globalmilitary.net/airbases/khon-kaen-airport/,Khon Kaen Airport,16.4666,102.7837,204,VTUK,air,Active
https://www.globalmilitary.net/airbases/khrabrovo/,Khrabrovo Air Base (Powunden Airfield),54.89,20.5925,13,UMKK,air,Active
https://www.globalmilitary.net/airbases/kibrit-air-base/,Kibrit Air Base (RAF Kabrit),30.2458,32.49,475,NA,air,Active
https://www.globalmilitary.net/airbases/king-abdulaziz-air-base/,King Abdulaziz Air Base,26.2626,50.1531,227,OEDR,air,Active
https://www.globalmilitary.net/airbases/king-abdulaziz-naval-base/,King Abdulaziz Naval Base (KANB),26.9416,49.7041,2,OEJL,air,Active
https://www.globalmilitary.net/airbases/king-abdullah-air-base/,King Abdullah Air Base,22.4,39.0833,15,OEJN,air,Active
https://www.globalmilitary.net/airbases/king-abdullah-ii-air-base/,King Abdullah II Air Base,32.0053,36.2239,692,OJKA,air,Active
https://www.globalmilitary.net/airbases/king-fahd-air-base/,King Fahd Air Base,21.4831,40.5442,1477,OETF,air,Active
https://www.globalmilitary.net/airbases/king-faisal-air-academy/,King Faisal Air Academy,NA,NA,NA,NA,air,Active
https://www.globalmilitary.net/airbases/king-faisal-air-base/,King Faisal Air Base,NA,NA,NA,NA,air,Active
https://www.globalmilitary.net/airbases/king-faisal-air-base-jordan/,King Faisal Air Base,30.3432,36.1476,879,OJKF,air,Active
https://www.globalmilitary.net/airbases/king-faisal-naval-base/,King Faisal Naval Base,21.3425,39.1767,2,OEJF,air,Active
https://www.globalmilitary.net/airbases/king-hussein-air-base/,King Hussein Air Base (Mafraq Air Base),32.3564,36.2592,683,OJMF,air,Active
https://www.globalmilitary.net/airbases/king-khalid-air-base/,King Khalid Air Base,18.3069,42.8092,2050,OEKM,air,Active
https://www.globalmilitary.net/airbases/king-salman-air-base/,King Salman Air Base,24.47,46.6594,635,OESN,air,Active
https://www.globalmilitary.net/airbases/king-saud-air-base/,King Saud Air Base,27.9003,45.5186,412,OEKK,air,Active
https://www.globalmilitary.net/airbases/kingsley-field-air-national-guard-base/,Kingsley Field Air National Guard Base,42.1561,-121.7331,1248,KLMT,air,Active
https://www.globalmilitary.net/airbases/kirknewton-airfield/,Kirknewton Airfield,55.8753,-3.3975,201,EGKT,air,Active
https://www.globalmilitary.net/airbases/kirkuk-air-base/,Kirkuk Air Base (Al-Hurriah),35.4694,44.3489,323,ORKK,air,Active
https://www.globalmilitary.net/airbases/kirovske/,Kirovske Air Base (Goncharovka),45.1653,35.1819,53,URFJ,air,Active
https://www.globalmilitary.net/airbases/kirtland-air-force-base/,Kirtland Air Force Base,35.0403,-106.6092,1632,KABQ,air,Active
https://www.globalmilitary.net/airbases/kisarazu-air-field/,Kisarazu Air Field,35.395,139.9131,3,RJTK,air,Active
https://www.globalmilitary.net/airbases/kish-island-airport/,Kish Island Airport (فرودگاه بین المللی جزیره کیش),26.5262,53.9802,31,OIBK,air,Active
https://www.globalmilitary.net/airbases/kleine-brogel-air-base/,Kleine Brogel Air Base,51.1683,5.47,59,EBBL,air,Active
https://www.globalmilitary.net/airbases/klin/,Klin Air Base,56.3667,36.7383,164,UUMN,air,Active
https://www.globalmilitary.net/airbases/klokovo/,Klokovo Air Base,54.2367,37.6067,219,NA,air,Active
https://www.globalmilitary.net/airbases/kluang-airport/,Kluang Airport (Lapangan Terbang Kluang),2.0439,103.3075,43,WMAP,air,Active
https://www.globalmilitary.net/airbases/klyuchi/,Klyuchi Air Base (Kura),56.31,160.805,152,XHPL,air,Active
https://www.globalmilitary.net/airbases/knevichi/,Knevichi Air Base (Vladivostok International Airport),43.3992,132.1514,14,UHWW,air,Active
https://www.globalmilitary.net/airbases/knjaz-danilo-airbase/,Knjaz Danilo Airbase (Vojni aerodrom Knjaz Danilo),42.3594,19.2519,43,LYPG,air,Active
https://www.globalmilitary.net/airbases/koksan-airport/,Koksan Airport (Goksan bihaengjang),38.6897,126.6042,1168,NA,air,Active
https://www.globalmilitary.net/airbases/koksijde-air-base/,Koksijde Air Base,51.0903,2.6528,3,EBFN,air,Active
https://www.globalmilitary.net/airbases/koltsovo/,Koltsovo Air Base,56.7414,60.8036,233,USSS,air,Active
https://www.globalmilitary.net/airbases/komsomolsk-on-amur/,Komsomolsk-on-Amur Air Base (Khurba),50.4083,136.9333,28,UHKK,air,Active
https://www.globalmilitary.net/airbases/konya-air-base/,Konya Air Base,37.979,32.5616,1031,LTAN,air,Active
https://www.globalmilitary.net/airbases/korat-royal-thai-air-force-base/,Korat Royal Thai Air Force Base (Nakhon Ratchasima Royal Thai Air Force Base),14.9394,102.0831,222,VTUN,air,Active
https://www.globalmilitary.net/airbases/korenovsk/,Korenovsk Air Base,45.4461,39.4217,49,URKO,air,Active
https://www.globalmilitary.net/airbases/korla-air-base/,Korla Air Base (库尔勒 Korla Licheng Airport),41.615,86.1417,927,ZWKL,air,Active
https://www.globalmilitary.net/airbases/kosice-international-airport/,Košice International Airport (Medzinárodné letisko Košice),48.6631,21.2411,230,LZKZ,air,Active
https://www.globalmilitary.net/airbases/kotelnikovo/,Kotelnikovo Air Base,47.6347,43.0981,62,URRK,air,Active
https://www.globalmilitary.net/airbases/kotroni-naval-air-base/,Kotroni Naval Air Base (Kotroni Airport),38.1377,23.9515,217,LGKN,air,Active
https://www.globalmilitary.net/airbases/kp-air-base/,Kép Air Base (Không quân Nhân dân Việt Nam),21.3897,106.2525,NA,VVKP,air,Active
https://www.globalmilitary.net/airbases/krichev-air-base/,Krichev Air Base,53.7167,31.7333,174,NA,air,Closed
https://www.globalmilitary.net/airbases/krymsk/,Krymsk Air Base,44.965,38,NA,NA,air,Active
https://www.globalmilitary.net/airbases/kubinka/,Kubinka Air Base,55.6117,36.65,187,UUMB,air,Active
https://www.globalmilitary.net/airbases/kucove-air-base/,Kuçovë Air Base (NATO Air Base Kuçova),40.7719,19.9019,41,LAKV,air,Active
https://www.globalmilitary.net/airbases/kuktong-airport/,Kuktong Airport (Geukdong bihaengjang),41.2497,129.5637,38,NA,air,Active
https://www.globalmilitary.net/airbases/kulbakino-air-base/,Kulbakino Air Base (Kulbakine),47.0519,31.9961,266,UKOR,air,Active
https://www.globalmilitary.net/airbases/kumbhigram-afs/,Kumbhigram AFS,24.9131,92.9786,107,VEKU,air,Active
https://www.globalmilitary.net/airbases/kunsan-air-base/,Kunsan Air Base,35.9036,126.6158,9,RKJK,air,Active
https://www.globalmilitary.net/airbases/kuopio-air-base/,Kuopio Air Base (Rissala),63.0086,27.7944,98,EFKU,air,Active
https://www.globalmilitary.net/airbases/kurdamir-air-base/,Kurdamir Air Base,40.2733,48.1633,11,NA,air,Active
https://www.globalmilitary.net/airbases/kursk-vostochny/,Kursk Vostochny Air Base,51.7517,36.2967,209,UUOK,air,Active
https://www.globalmilitary.net/airbases/kushchyovskaya/,Kushchyovskaya Air Base,46.5364,39.5483,38,URRD,air,Active
https://www.globalmilitary.net/airbases/kutahya-air-base/,Kütahya Air Base,39.4267,30.017,922,LTBN,air,Active
https://www.globalmilitary.net/airbases/kuum-ni-airport/,Kuum Ni Airport (Gueum-ni bihaengjang),38.8669,127.9056,20,NA,air,Active
https://www.globalmilitary.net/airbases/kuweires-military-aviation-institute/,Kuweires Military Aviation Institute,36.1869,37.5831,NA,NA,air,Active
https://www.globalmilitary.net/airbases/kwail-airport/,Kwail Airport (과일비행장),38.4255,125.0192,12,NA,air,Active
https://www.globalmilitary.net/airbases/kwaksan-airport/,Kwaksan Airport (곽산비행장),39.7319,125.1107,19,NA,air,Active
https://www.globalmilitary.net/airbases/kyongsong-chuul-airport/,Kyongsong Chuul Airport (Jungphyong Vegetable Greenhouse Farm and Tree Nursery),41.5604,129.6306,1,NA,air,Closed
https://www.globalmilitary.net/airbases/kyzyl/,Kyzyl Air Base,51.6761,94.4052,NA,UNKY,air,Active
https://www.globalmilitary.net/airbases/la-aurora-international-airport/,La Aurora International Airport,14.5833,-90.5275,1489,MGGT,air,Active
https://www.globalmilitary.net/airbases/la-carlota/,La Carlota Air Base (La Carlota),10.4831,-66.8836,835,SVFM,air,Active
https://www.globalmilitary.net/airbases/la-independencia-rancagua/,La Independencia Airfield (De la Independencia Aerodrome / Rancagua Airport (SCRG)),-34.175,-70.7756,491,SCRG,air,Active
https://www.globalmilitary.net/airbases/la-paz-international-airport/,La Paz International Airport (Manuel Márquez de León International Airport),24.0725,-110.3622,21,MMLP,air,Active
https://www.globalmilitary.net/airbases/la-pesca-naval-air-base/,La Pesca Naval Air Base,23.7831,-97.7597,5,NA,air,Active
https://www.globalmilitary.net/airbases/ladd-army-airfield/,Ladd Army Airfield,64.8375,-147.6144,138,PAFB,air,Active
https://www.globalmilitary.net/airbases/ladjevci-air-base/,Lađevci Air Base (Morava Airport),43.818600000000004,20.5853,209,LYKV,air,Active
https://www.globalmilitary.net/airbases/laghouat-daul/,Laghouat (Moulay Ahmed Medeghri Airport),33.7643,2.9282,765,DAUL,air,Active
https://www.globalmilitary.net/airbases/laguna-del-sauce/,Laguna del Sauce Naval Air Base (Capitán de Corbeta Carlos A. Curbelo International Airport),-34.8551,-55.0943,29,SULS,air,Active
https://www.globalmilitary.net/airbases/laikipia-air-base/,Laikipia Air Base (Nanyuki Air Base),0.0308,37.0253,1865,NA,air,Active
https://www.globalmilitary.net/airbases/lajes-field/,Lajes Field (Air Base No. 4),38.7619,-27.0908,55,LPLA,air,Active
https://www.globalmilitary.net/airbases/lakatamia-air-force-base/,Lakatamia Air Force Base,35.095,33.316,NA,LCRO,air,Active
https://www.globalmilitary.net/airbases/lalmonirhat-airport/,Lalmonirhat Airport,25.8875,89.4331,NA,VGLM,air,Active
https://www.globalmilitary.net/airbases/landsberg-lech-air-base/,Landsberg-Lech Air Base (Fliegerhorst Landsberg/Lech),48.0667,10.9,623,ETSA,air,Closed
https://www.globalmilitary.net/airbases/langtou-air-base/,Langtou Air Base (浪头 Dandong Langtou Airport),40.0256,124.2869,9,ZYDD,air,Active
https://www.globalmilitary.net/airbases/lantian-air-base/,Lantian Air Base (蓝田 Luzhou Lantian Airport),28.8525,105.3925,NA,ZULZ,air,Active
https://www.globalmilitary.net/airbases/lanzarote-air-base/,Lanzarote Air Base,NA,NA,NA,GCRR,air,Active
https://www.globalmilitary.net/airbases/larissa-air-base/,Larissa Air Base (Yeni-şehir i-Fenari),39.6491,22.4655,69,LGLR,air,Active
https://www.globalmilitary.net/airbases/las-palmas/,Las Palmas Air Base,-12.1528,-76.9989,95,SPLP,air,Active
https://www.globalmilitary.net/airbases/lask-air-base/,Łask Air Base,51.5516,19.1791,195,EPLK,air,Active
https://www.globalmilitary.net/airbases/latina-air-base/,Latina Air Base,41.5424,12.909,28,LIRL,air,Active
https://www.globalmilitary.net/airbases/laughlin-air-force-base/,Laughlin Air Force Base,29.3594,-100.7781,329,KDLF,air,Active
https://www.globalmilitary.net/airbases/laupheim-air-base/,Laupheim Air Base,48.2203,9.91,538,ETHL,air,Active
https://www.globalmilitary.net/airbases/lawson-army-airfield/,Lawson Army Airfield,32.3372,-84.9914,71,KLSF,air,Active
https://www.globalmilitary.net/airbases/lechfeld-air-base/,Lechfeld Air Base,48.1861,10.8617,555,ETSL,air,Active
https://www.globalmilitary.net/airbases/leeuwarden-air-base/,Leeuwarden Air Base (Vliegbasis Leeuwarden),53.2286,5.7606,1,EHLW,air,Active
https://www.globalmilitary.net/airbases/leh-afs/,Leh AFS,34.1358,77.5453,3256,VILH,air,Active
https://www.globalmilitary.net/airbases/leon-air-base/,León Air Base,42.5886,-5.6561,916,LELN,air,Active
https://www.globalmilitary.net/airbases/leuchars-station/,Leuchars Station,56.3731,-2.8686,12,EGQL,air,Active
https://www.globalmilitary.net/airbases/levashovo/,Levashovo Air Base,60.0867,30.1933,18,ULLV,air,Active
https://www.globalmilitary.net/airbases/leznica-wielka-air-base/,Leźnica Wielka Air Base (Łęczyca),52.0049,19.1438,123,EPLY,air,Active
https://www.globalmilitary.net/airbases/li-chia-tsun-air-base/,Li Chia Tsun Air Base (李家村 Guilin Qifengling Airport),25.1939,110.3203,174,ZGKL,air,Active
https://www.globalmilitary.net/airbases/liancheng-air-base/,Liancheng Air Base (连城 Longyan Guanzhaishan Airport),25.6764,116.7461,373,ZSLD,air,Active
https://www.globalmilitary.net/airbases/liangping-air-base/,Liangping Air Base (梁平 Liangping Airport),30.6794,107.7861,NA,ZULP,air,Active
https://www.globalmilitary.net/airbases/libby-army-airfield/,Libby Army Airfield,31.5883,-110.3444,1438,KFHU,air,Active
https://www.globalmilitary.net/airbases/licenciado-gustavo-diaz-ordaz-international-airport/,Licenciado Gustavo Díaz Ordaz International Airport (Estación Aérea Militar N.º 5),20.6811,-105.2542,7,MMPR,air,Active
https://www.globalmilitary.net/airbases/lida-air-base/,Lida Air Base,53.8778,25.3731,183,UMDD,air,Active
https://www.globalmilitary.net/airbases/lielvarde-air-base/,Lielvārde Air Base,56.7775,24.8519,61,EVGA,air,Active
https://www.globalmilitary.net/airbases/lieutenant-colonel-luis-f-pinto-parra-air-base/,Lieutenant Colonel Luis F. Pinto Parra Air Base,4.2164,-74.635,313,SKME,air,Active
https://www.globalmilitary.net/airbases/lincoln-air-national-guard-base/,Lincoln Air National Guard Base,40.8511,-96.7592,372,KLNK,air,Active
https://www.globalmilitary.net/airbases/lingshui-air-base/,Lingshui Air Base,18.4963,109.9881,NA,NA,air,Active
https://www.globalmilitary.net/airbases/lintong-air-base/,Lintong Air Base (临潼 Xi'an Xiguan Airport),34.3761,109.1192,NA,ZLSN,air,Active
https://www.globalmilitary.net/airbases/lipetsk/,Lipetsk Air Base,52.635,39.445,194,NA,air,Active
https://www.globalmilitary.net/airbases/lishe-air-base/,Lishe Air Base (栎社 Ningbo Lishe International Airport),29.8264,121.4625,4,ZSNB,air,Active
https://www.globalmilitary.net/airbases/little-rissington-airfield/,Little Rissington Airfield,51.8667,-1.7,223,EGVL,air,Active
https://www.globalmilitary.net/airbases/little-rock-air-force-base/,Little Rock Air Force Base,34.9169,-92.1464,94,KLRF,air,Active
https://www.globalmilitary.net/airbases/ljubljana-joze-pucnik-airport/,Ljubljana Jože Pučnik Airport (Brnik Airport),46.2244,14.4561,388,LJLJ,air,Active
https://www.globalmilitary.net/airbases/locarno-air-base/,Locarno Air Base (Locarno-Magadino Airport),46.1606,8.8781,200,LSMO,air,Active
https://www.globalmilitary.net/airbases/lohegaon-afs/,Lohegaon AFS,18.5822,73.9197,592,VAPO,air,Active
https://www.globalmilitary.net/airbases/loma-bonita-air-force-station/,Loma Bonita Air Force Station,18.1,-95.8833,30,NA,air,Active
https://www.globalmilitary.net/airbases/london-area-control-centre/,London Area Control Centre,50.8868,-1.2861,NA,NA,air,Active
https://www.globalmilitary.net/airbases/longtan-air-base/,Longtan Air Base (Longcheng Camp (龍城營區)),24.8549,121.2375,241,RCDI,air,Active
https://www.globalmilitary.net/airbases/los-alamitos-army-airfield/,Los Alamitos Army Airfield,33.79,-118.0514,11,KSLI,air,Active
https://www.globalmilitary.net/airbases/los-condores/,Los Cóndores Air Base (Diego Aracena International Airport),-20.5352,-70.1813,52,SCDA,air,Active
https://www.globalmilitary.net/airbases/louisville-air-national-guard-base/,Louisville Air National Guard Base,38.1742,-85.7364,153,KSDF,air,Active
https://www.globalmilitary.net/airbases/luhe-ma'an-air-base/,"Luhe-Ma'an Air Base (六合马鞍 Liuhe Air Base, Nanjing Luhe Airport)",32.3778,118.7942,12,NA,air,Active
https://www.globalmilitary.net/airbases/luis-del-valle-garcia/,Luis del Valle García Air Base,10.1075,-64.6892,9,SVBC,air,Active
https://www.globalmilitary.net/airbases/luke-air-force-base/,Luke Air Force Base,33.535,-112.3831,331,KLUF,air,Active
https://www.globalmilitary.net/airbases/lule-air-base/,Luleå Air Base (Kallax Airport),65.5436,22.1219,20,ESPA,air,Active
https://www.globalmilitary.net/airbases/luliang-air-base/,Luliang Air Base (陆良 N/A),24.9881,103.6428,NA,NA,air,Active
https://www.globalmilitary.net/airbases/lumut-naval-base/,Lumut Naval Base (KD Rajawali),4.2333,100.6163,5,WMLH,air,Active
https://www.globalmilitary.net/airbases/luninets-air-base/,Luninets Air Base,52.275,26.775,144,UMNL,air,Active
https://www.globalmilitary.net/airbases/luqiao-air-base/,Luqiao Air Base (路桥 Taizhou Luqiao Airport),28.5622,121.4286,NA,ZSLQ,air,Active
https://www.globalmilitary.net/airbases/lutsk-air-base/,Lutsk Air Base,50.6864,25.3253,195,UKLC,air,Active
https://www.globalmilitary.net/airbases/luxembourg-airport/,Luxembourg Airport (Sandweiler Airport),49.6233,6.2044,376,ELLX,air,Active
https://www.globalmilitary.net/airbases/maaten-al-sarra-air-base/,Maaten al-Sarra Air Base,21.6889,21.8306,525,NA,air,Active
https://www.globalmilitary.net/airbases/macdill-air-force-base/,MacDill Air Force Base,27.8494,-82.5211,4,KMCF,air,Active
https://www.globalmilitary.net/airbases/machulishchy-air-base/,Machulishchy Air Base,53.7736,27.5772,204,UMLI,air,Active
https://www.globalmilitary.net/airbases/mactan-benito-ebuen-air-base/,Mactan–Benito Ebuen Air Base (Opon Airfield),10.3072,123.9789,23,RPVM,air,Active
https://www.globalmilitary.net/airbases/magong-air-base/,Magong Air Base (Magong Airport),23.5687,119.6283,19,RCQC,air,Active
https://www.globalmilitary.net/airbases/magway-air-base/,Magway Air Base (Magway Airport),20.1578,94.9728,91,VYMW,air,Active
https://www.globalmilitary.net/airbases/maharajpur-afs/,Maharajpur AFS,26.2933,78.2278,188,VIGR,air,Active
https://www.globalmilitary.net/airbases/mahuiling-air-base/,Mahuiling Air Base (马回岭 Jiujiang Lushan Airport),29.4769,115.8017,50,ZSJJ,air,Active
https://www.globalmilitary.net/airbases/maison-blanche/,Maison Blanche,36.691,3.2154,25,DAAG,air,Active
https://www.globalmilitary.net/airbases/maizuru-heliport/,Maizuru Heliport,NA,NA,NA,RJBM,air,Active
https://www.globalmilitary.net/airbases/major-justino-marino-cuesto-air-base/,Major Justino Mariño Cuesto Air Base,4.728,-74.2756,2537,SKMA,air,Active
https://www.globalmilitary.net/airbases/makarpura-afs/,Makarpura AFS,22.3294,73.2194,39,VABO,air,Active
https://www.globalmilitary.net/airbases/malacky-air-base/,Malacky Air Base (Nový Dvor),48.4019,17.1183,213,LZMC,air,Active
https://www.globalmilitary.net/airbases/malaga-air-base/,Málaga Air Base,36.675,-4.4992,16,LEMG,air,Active
https://www.globalmilitary.net/airbases/malmen-air-base/,Malmen Air Base (Malmens flygplats),58.3978,15.5228,94,ESCF,air,Active
https://www.globalmilitary.net/airbases/malmstrom-air-force-base/,Malmstrom Air Force Base,47.5047,-111.1872,1058,KGFA,air,Active
https://www.globalmilitary.net/airbases/malta-international-airport/,Malta International Airport (RAF Luqa),35.8575,14.4775,91,LMML,air,Active
https://www.globalmilitary.net/airbases/manachim-airbase/,Manachim Airbase (Mahanayim Airport),32.981,35.5719,281,LLIB,air,Active
https://www.globalmilitary.net/airbases/manaus-air-force-base/,Manaus Air Force Base (Ponta Pelada Airport),-3.1458,-59.985,78,SBMN,air,Active
https://www.globalmilitary.net/airbases/mangshi-air-base/,Mangshi Air Base (芒市 Dehong Mangshi Airport),24.4,98.5333,877,ZPMS,air,Active
https://www.globalmilitary.net/airbases/manpo-airport/,"Manpo Airport (K-32, Oesichon-dong)",41.1402,126.3573,255,NA,air,Active
https://www.globalmilitary.net/airbases/mansfield-lahm-air-national-guard-base/,Mansfield Lahm Air National Guard Base,40.8214,-82.5167,395,KMFD,air,Active
https://www.globalmilitary.net/airbases/manta/,Eloy Alfaro Air Base (Forward Operating Location Manta),-0.9461,-80.6789,14,SEMT,air,Active
https://www.globalmilitary.net/airbases/manuel-rios/,Manuel Ríos Aerospace Base,9.3722,-66.9228,82,SVCZ,air,Active
https://www.globalmilitary.net/airbases/manuhua-air-force-base/,Manuhua Air Force Base (Mokmer Airport),-1.19,136.1075,14,WABB,air,Active
https://www.globalmilitary.net/airbases/mar-del-plata/,Mar del Plata Air Base (Brigadier General Bartolomé de la Colina),-37.9342,-57.5733,22,SAZM,air,Active
https://www.globalmilitary.net/airbases/march-joint-air-reserve-base/,March Joint Air Reserve Base,33.889,-117.26,468,KRIV,air,Active
https://www.globalmilitary.net/airbases/marco-fidel-suarez-air-base/,Marco Fidel Suárez Air Base,3.4589,-76.4964,965,SKGB,air,Active
https://www.globalmilitary.net/airbases/marculesti-air-force-base/,Mărculești Air Force Base (Baza aeriana Mărculești),47.8586,28.2128,101,LUBM,air,Active
https://www.globalmilitary.net/airbases/maribor-edvard-rusjan-airport/,Maribor Edvard Rusjan Airport (Skoke),46.4797,15.6861,267,LJMB,air,Active
https://www.globalmilitary.net/airbases/marinovka/,Marinovka Air Base,48.6358,43.7881,73,NA,air,Active
https://www.globalmilitary.net/airbases/mariscal-sucre/,Mariscal Sucre Air Base,10.2494,-67.6494,437,SVBS,air,Active
https://www.globalmilitary.net/airbases/marrakech-menara-air-base/,Marrakech-Menara Air Base (Marrakesh Menara Airport),31.6069,-8.0364,471,GMMX,air,Active
https://www.globalmilitary.net/airbases/martina-franca-air-base/,Martina Franca Air Base,40.7,17.333,NA,LIBX,air,Active
https://www.globalmilitary.net/airbases/martuba-airbase/,Martuba Airbase,32.5417,22.7444,376,NA,air,Active
https://www.globalmilitary.net/airbases/mashhad-international-airport/,Mashhad International Airport (Shahid Hasheminejad International Airport),36.235,59.6408,995,OIMM,air,Active
https://www.globalmilitary.net/airbases/masjed-soleyman-air-base/,Masjed Soleyman Air Base (Shahid Asiyaee Airport),32.0017,49.2686,368,OIAI,air,Active
https://www.globalmilitary.net/airbases/matacan-air-base/,Matacán Air Base,40.9519,-5.5019,790,LESA,air,Active
https://www.globalmilitary.net/airbases/matecana-international-airport/,Matecaña International Airport,4.8125,-75.7403,1347,SKPE,air,Active
https://www.globalmilitary.net/airbases/matsushima-air-field/,Matsushima Air Field,38.4031,141.21190000000001,2,RJST,air,Active
https://www.globalmilitary.net/airbases/maxwell-air-force-base/,Maxwell Air Force Base,32.3792,-86.3625,52,KMXF,air,Active
https://www.globalmilitary.net/airbases/mcaf-quantico/,MCAF Quantico,38.5036,-77.305,3,KNYG,air,Active
https://www.globalmilitary.net/airbases/mcas-beaufort/,MCAS Beaufort,32.4772,-80.7231,11,KNBC,air,Active
https://www.globalmilitary.net/airbases/mcas-camp-pendleton/,MCAS Camp Pendleton,33.3011,-117.3553,24,KNFG,air,Active
https://www.globalmilitary.net/airbases/mcas-cherry-point/,MCAS Cherry Point,34.9008,-76.8808,9,KNKT,air,Active
https://www.globalmilitary.net/airbases/mcas-futenma/,MCAS Futenma,26.2708,127.7481,76,ROTM,air,Active
https://www.globalmilitary.net/airbases/mcas-iwakuni/,MCAS Iwakuni (Marine Corps Air Station Iwakuni),34.145,132.2442,3,RJOI,air,Active
https://www.globalmilitary.net/airbases/mcas-kaneohe-bay/,MCAS Kaneohe Bay,21.4458,-157.7697,7,PHNG,air,Active
https://www.globalmilitary.net/airbases/mcas-miramar/,MCAS Miramar,32.8678,-117.1417,145,KNKX,air,Active
https://www.globalmilitary.net/airbases/mcas-new-river/,MCAS New River,34.7072,-77.4453,8,KNCA,air,Active
https://www.globalmilitary.net/airbases/mcas-tustin/,Marine Corps Air Station Tustin (MCAS Santa Ana (1966-1979 name)),33.707,-117.825,NA,KNTK,air,Closed
https://www.globalmilitary.net/airbases/mcas-yuma/,MCAS Yuma,32.6567,-114.6061,65,KNYL,air,Active
https://www.globalmilitary.net/airbases/mcconnell-air-force-base/,McConnell Air Force Base,37.6231,-97.2672,417,KIAB,air,Active
https://www.globalmilitary.net/airbases/mcentire-joint-national-guard-base/,McEntire Joint National Guard Base,33.9208,-80.8011,77,KMMT,air,Active
https://www.globalmilitary.net/airbases/mcghee-tyson-air-national-guard-base/,McGhee Tyson Air National Guard Base,35.8108,-83.9939,298,KTYS,air,Active
https://www.globalmilitary.net/airbases/mclaughlin-air-national-guard-base/,McLaughlin Air National Guard Base,38.3758,-81.5931,289,KCRW,air,Active
https://www.globalmilitary.net/airbases/megara-pachi-army-aviation/,Megara Air Base (Αεροδρόμιο Πάχης Μεγάρων / Μονάδα Εξυπηρέτησης Αεροσκαφών Γενικής Αεροπορίας (ΜΕΓΑΠ)),37.9808,23.3653,4,LGMG,air,Active
https://www.globalmilitary.net/airbases/mehrabad-international-airport/,Mehrabad International Airport,35.6892,51.3136,1208,OIII,air,Active
https://www.globalmilitary.net/airbases/meiktila-air-base/,Meiktila Air Base (RAF Meiktila),20.8886,95.8892,NA,VYML,air,Active
https://www.globalmilitary.net/airbases/meiringen-air-base/,Meiringen Air Base (Unterbach Military Airfield),46.7433,8.11,578,LSMM,air,Active
https://www.globalmilitary.net/airbases/meixian-air-base/,Meixian Air Base (梅县 Meizhou Meixian Changgangi International Airport),24.265,116.1,93,ZGMX,air,Active
https://www.globalmilitary.net/airbases/melilla-military-airfield/,Melilla Military Airfield,35.2797,-2.9564,48,GEML,air,Active
https://www.globalmilitary.net/airbases/melitopol-air-base/,Melitopol Air Base,46.88,35.305,266,UKDM,air,Active
https://www.globalmilitary.net/airbases/melsbroek-air-base/,Melsbroek Air Base (B58 Melsbroek),50.9014,4.4844,56,EBMB,air,Active
https://www.globalmilitary.net/airbases/memphis-air-national-guard-base/,Memphis Air National Guard Base,35.0425,-89.9767,104,KMEM,air,Active
https://www.globalmilitary.net/airbases/menagh-air-base/,Menagh Air Base (Serok Apo Air Base),36.5219,37.0411,NA,NA,air,Active
https://www.globalmilitary.net/airbases/mengzi-air-base/,Mengzi Air Base (蒙自 Honghe Mengzi Airport),23.3944,103.3344,NA,NA,air,Active
https://www.globalmilitary.net/airbases/merida-international-airport/,Mérida International Airport (Base Aérea Militar No. 8 Mérida),20.937,-89.658,12,MMMD,air,Active
https://www.globalmilitary.net/airbases/mersa-matruh-air-base/,Mersa Matruh Air Base (Marsa Matruh International Airport),31.325,27.2222,29,HEMM,air,Active
https://www.globalmilitary.net/airbases/merzifon-air-base/,Merzifon Air Base,40.8294,35.52,536,LTAP,air,Active
https://www.globalmilitary.net/airbases/metabaru-air-field/,Metabaru Air Field,33.3253,130.4136,16,RJDM,air,Active
https://www.globalmilitary.net/airbases/mexico-city-international-airport/,Mexico City International Airport (Benito Juárez International Airport),19.4363,-99.0721,2230,MMMX,air,Active
https://www.globalmilitary.net/airbases/mezzeh-air-base/,Mezzeh Air Base,33.4778,36.2233,734,NA,air,Closed
https://www.globalmilitary.net/airbases/michurinsk/,Michurinsk Air Base (Kozlov),52.9183,40.365,164,XUWM,air,Active
https://www.globalmilitary.net/airbases/migalovo/,Migalovo Air Base (Tver),56.825,35.76,143,UUEM,air,Active
https://www.globalmilitary.net/airbases/mihail-kogalniceanu-air-base/,Mihail Kogalniceanu Air Base,44.363,28.487,107,LRCK,air,Active
https://www.globalmilitary.net/airbases/millerovo/,Millerovo Air Base,48.9522,40.3022,147,NA,air,Active
https://www.globalmilitary.net/airbases/minatitlan-international-airport/,Minatitlán International Airport (Minatitlán/Coatzacoalcos International Airport),18.1036,-94.5808,11,MMMT,air,Active
https://www.globalmilitary.net/airbases/minot-air-force-base/,Minot Air Force Base,48.4158,-101.3581,507,KMIB,air,Active
https://www.globalmilitary.net/airbases/minsk-national-airport/,Minsk National Airport (Minsk-2),53.8825,28.0308,204,UMMS,air,Active
https://www.globalmilitary.net/airbases/miranshah-airfield/,Miranshah Airfield (Dardoni Aerodrome),33.0136,70.0653,914,OPMN,air,Active
https://www.globalmilitary.net/airbases/mirim-airport/,Mirim Airport (Pyongyang East Airfield),39.0097,125.8472,9,NA,air,Active
https://www.globalmilitary.net/airbases/mirny/,Mirny Air Base,62.5344,114.0222,352,UERR,air,Active
https://www.globalmilitary.net/airbases/misawa-air-base/,Misawa Air Base (Misawa Hikōjō),40.7053,141.3719,390,RJSM,air,Active
https://www.globalmilitary.net/airbases/missamari-army-aviation-station/,Missamari Army Aviation Station (Missamari Airforce Station (older/OSM designation)),26.8186,92.5896,NA,NA,air,Active
https://www.globalmilitary.net/airbases/mod-aberporth/,MOD Aberporth,52.1147,-4.5594,130,EGFA,air,Active
https://www.globalmilitary.net/airbases/mod-boscombe-down/,MOD Boscombe Down,51.1575,-1.7469,124,EGDM,air,Active
https://www.globalmilitary.net/airbases/mod-hebrides/,MOD Hebrides,57.471,-7.3769,2,NA,air,Active
https://www.globalmilitary.net/airbases/mod-st-athan/,MOD St. Athan,51.4047,-3.4358,50,EGSY,air,Active
https://www.globalmilitary.net/airbases/mod-west-freugh/,MOD West Freugh,54.8475,-4.9478,NA,EGOY,air,Inactive
https://www.globalmilitary.net/airbases/moffett-federal-airfield/,Moffett Federal Airfield,37.415,-122.0483,11,KNUQ,air,Active
https://www.globalmilitary.net/airbases/mogilev-airport/,Mogilev Airport,53.955,30.095,194,UMOO,air,Active
https://www.globalmilitary.net/airbases/mohanbari-afs/,Mohanbari AFS,27.4837,95.0168,110,VEMN,air,Active
https://www.globalmilitary.net/airbases/moi-air-base/,Moi Air Base (RAF Eastleigh),-1.2772,36.8623,1632,HKRE,air,Active
https://www.globalmilitary.net/airbases/mokpo-air-base/,Mokpo Air Base,34.7586,126.38,7,RKJM,air,Active
https://www.globalmilitary.net/airbases/monchegorsk/,Monchegorsk Air Base,67.9867,33.0183,167,ULMG,air,Active
https://www.globalmilitary.net/airbases/monte-real-air-base/,Monte Real Air Base (Air Base No. 5),39.8283,-8.8875,26,LPMR,air,Active
https://www.globalmilitary.net/airbases/montgomery-air-national-guard-base/,Montgomery Air National Guard Base,32.3006,-86.3939,67,KMGM,air,Active
https://www.globalmilitary.net/airbases/montijo-air-base/,Montijo Air Base (Air Base No. 6),38.7039,-9.0358,14,LPMT,air,Active
https://www.globalmilitary.net/airbases/moody-air-force-base/,Moody Air Force Base,30.9686,-83.1931,71,KVAD,air,Active
https://www.globalmilitary.net/airbases/moreno/,Moreno Air Base (Mariano Moreno Airport),-34.5607,-58.7897,29,SADJ,air,Active
https://www.globalmilitary.net/airbases/moron/,Morón Air Base (Aeropuerto de Morón),-34.6763,-58.6428,29,SADM,air,Active
https://www.globalmilitary.net/airbases/moron-air-base/,Morón Air Base,37.1747,-5.6158,87,LEMO,air,Active
https://www.globalmilitary.net/airbases/morozovsk/,Morozovsk Air Base,48.3144,41.7861,116,NA,air,Active
https://www.globalmilitary.net/airbases/moulay-ali-cherif-airport/,Moulay Ali Cherif Airport (Errachidia Airport),31.9475,-4.3983,1045,GMFK,air,Active
https://www.globalmilitary.net/airbases/mountain-home-air-force-base/,Mountain Home Air Force Base,43.0495,-115.8665,913,KMUO,air,Active
https://www.globalmilitary.net/airbases/mountain-shadow-afs/,Mountain Shadow AFS,26.1061,91.5858,49,VEGT,air,Active
https://www.globalmilitary.net/airbases/muharraq-airfield/,Muharraq Airfield (RAF Muharraq),26.2673,50.6376,2,OBBI,air,Active
https://www.globalmilitary.net/airbases/muniz-air-national-guard-base/,Muñiz Air National Guard Base,18.4392,-66.0019,3,TJSJ,air,Active
https://www.globalmilitary.net/airbases/murted-airfield-command/,Mürted Airfield Command (Akıncı Air Base),40.0819,32.5656,843,LTAE,air,Active
https://www.globalmilitary.net/airbases/muthenna-air-base/,Muthenna Air Base (Mohammed Alaa Air Base),33.2625,44.2344,35,ORBW,air,Active
https://www.globalmilitary.net/airbases/muwaffaq-salti-air-base/,Muwaffaq Salti Air Base (MSAB / Al Azraq Air Base),31.8342,36.7872,524,OJMS,air,Active
https://www.globalmilitary.net/airbases/myrhorod-air-base/,Myrhorod Air Base (USAAF Station 561),49.9333,33.6167,83,UKBM,air,Active
https://www.globalmilitary.net/airbases/naf-atsugi/,NAF Atsugi,35.4547,139.45,62,RJTA,air,Active
https://www.globalmilitary.net/airbases/naf-el-centro/,Naval Air Facility El Centro,32.8292,-115.6717,42,KNJK,air,Active
https://www.globalmilitary.net/airbases/nagoya-airfield/,Nagoya Airfield,35.255,136.9244,14,RJNA,air,Active
https://www.globalmilitary.net/airbases/nagpur-afs/,Nagpur AFS,21.0922,79.0472,315,VANP,air,Active
https://www.globalmilitary.net/airbases/naha-air-base/,Naha Air Base,26.1958,127.6458,3,ROAH,air,Active
https://www.globalmilitary.net/airbases/nakhchivan-international-airport/,Nakhchivan International Airport,39.1886,45.4583,873,UBBN,air,Active
https://www.globalmilitary.net/airbases/nakhon-phanom-royal-thai-navy-base/,Nakhon Phanom Royal Thai Navy Base (Nakhon Phanom Royal Thai Air Force Base),17.3836,104.6428,179,VTUW,air,Active
https://www.globalmilitary.net/airbases/nakhon-ratchasima-airport/,Nakhon Ratchasima Airport,14.9494,102.3125,233,VTUQ,air,Active
https://www.globalmilitary.net/airbases/nakhon-sawan-airport/,Nakhon Sawan Airport,15.6728,100.1367,34,VTPN,air,Active
https://www.globalmilitary.net/airbases/nal-bikaner-afs/,Nal-Bikaner AFS,28.0706,73.2069,229,VIBK,air,Active
https://www.globalmilitary.net/airbases/nalchik/,Nalchik Air Base,43.5133,43.6383,445,URMN,air,Active
https://www.globalmilitary.net/airbases/naliya-afs/,Naliya AFS,23.22,68.9,21,VANY,air,Active
https://www.globalmilitary.net/airbases/namest-air-base/,Náměšť Air Base (22nd Helicopter Air Force Base),49.1658,16.1249,474,LKNA,air,Active
https://www.globalmilitary.net/airbases/nampong-air-force-base/,Nampong Air Force Base (Myitkyina West),25.3526,97.2949,140,VYNP,air,Active
https://www.globalmilitary.net/airbases/nanyuan-air-base/,Nanyuan Air Base (南苑 Beijing Nanyuan Airport),39.7808,116.3864,NA,ZBNY,air,Active
https://www.globalmilitary.net/airbases/nas-corpus-christi/,Naval Air Station Corpus Christi,27.6925,-97.2911,3,KNGP,air,Active
https://www.globalmilitary.net/airbases/nas-fallon/,Naval Air Station Fallon,39.425,-118.7028,1199,KNFL,air,Active
https://www.globalmilitary.net/airbases/nas-jacksonville/,Naval Air Station Jacksonville,30.2358,-81.6806,7,KNIP,air,Active
https://www.globalmilitary.net/airbases/nas-key-west/,Naval Air Station Key West,24.5758,-81.6889,2,KNQX,air,Active
https://www.globalmilitary.net/airbases/nas-kingsville/,Naval Air Station Kingsville,27.5044,-97.8081,15,KNQI,air,Active
https://www.globalmilitary.net/airbases/nas-lemoore/,Naval Air Station Lemoore,36.3331,-119.9519,65,KNLC,air,Active
https://www.globalmilitary.net/airbases/nas-meridian/,Naval Air Station Meridian,32.5519,-88.5556,96,KNMM,air,Active
https://www.globalmilitary.net/airbases/nas-north-island/,Naval Air Station North Island,32.6992,-117.2153,8,KNZY,air,Active
https://www.globalmilitary.net/airbases/nas-oceana/,Naval Air Station Oceana,36.8206,-76.0333,7,KNTU,air,Active
https://www.globalmilitary.net/airbases/nas-patuxent-river/,Naval Air Station Patuxent River,38.2861,-76.4117,12,KNHK,air,Active
https://www.globalmilitary.net/airbases/nas-point-mugu/,Naval Base Ventura County - Point Mugu,34.1203,-119.1211,4,KNTD,air,Active
https://www.globalmilitary.net/airbases/nas-whidbey-island/,Naval Air Station Whidbey Island,48.3519,-122.6558,14,KNUW,air,Active
https://www.globalmilitary.net/airbases/nas-whiting-field/,Naval Air Station Whiting Field,30.7242,-87.0219,199,KNSE,air,Active
https://www.globalmilitary.net/airbases/nasosnaya-air-base/,Nasosnaya Air Base,40.5914,49.5572,4,UBBI,air,Active
https://www.globalmilitary.net/airbases/natal-air-force-base/,Natal Air Force Base (Parnamirim Airport),-5.9083,-35.2492,51,SBNT,air,Active
https://www.globalmilitary.net/airbases/nato-air-base-geilenkirchen/,NATO Air Base Geilenkirchen,50.9608,6.0425,89,ETNG,air,Active
https://www.globalmilitary.net/airbases/naval-air-station-joint-reserve-base-fort-worth/,Naval Air Station Joint Reserve Base Fort Worth,32.7692,-97.4417,198,KNFW,air,Active
https://www.globalmilitary.net/airbases/naval-air-station-juanda/,Naval Air Station Juanda (Juanda International Airport),-7.3797,112.7869,3,WARR,air,Active
https://www.globalmilitary.net/airbases/naval-air-station-pensacola/,Naval Air Station Pensacola,30.3525,-87.3178,9,KNPA,air,Active
https://www.globalmilitary.net/airbases/naval-support-facility-diego-garcia/,Naval Support Facility Diego Garcia,-7.3133,72.4111,4,FJDG,air,Active
https://www.globalmilitary.net/airbases/naws-china-lake/,Naval Air Weapons Station China Lake,35.6856,-117.6919,696,KNID,air,Active
https://www.globalmilitary.net/airbases/nea-anchialos-air-base/,Nea Anchialos Air Base,39.267,22.817,25,LGBL,air,Active
https://www.globalmilitary.net/airbases/nellis-air-force-base/,Nellis Air Force Base,36.2492,-114.9961,570,KLSV,air,Active
https://www.globalmilitary.net/airbases/neuburg-air-base/,Neuburg Air Base,48.7117,11.2117,381,ETSN,air,Active
https://www.globalmilitary.net/airbases/nevatim-airbase/,Nevatim Airbase (Air Force Base 28),31.2082,35.0116,424,LLNV,air,Active
https://www.globalmilitary.net/airbases/new-castle-air-national-guard-base/,New Castle Air National Guard Base,39.6853,-75.5992,24,KILG,air,Active
https://www.globalmilitary.net/airbases/ng-hi-airport/,Đồng Hới Airport,17.515,106.5906,18,VVDH,air,Active
https://www.globalmilitary.net/airbases/ngari-gunsa-air-base/,Ngari Gunsa Air Base (阿里昆莎 Ngari Gunsa Airport),32.1042,80.0542,4274,ZUAL,air,Active
https://www.globalmilitary.net/airbases/niagara-falls-air-reserve-station/,Niagara Falls Air Reserve Station,43.1133,-78.9475,180,KIAG,air,Active
https://www.globalmilitary.net/airbases/niederstetten-air-base/,Niederstetten Air Base (Heeresflugplatz Niederstetten),49.4008,9.9181,468,ETHN,air,Active
https://www.globalmilitary.net/airbases/nikolayevka/,Nikolayevka Air Base,43.085,133.1944,61,NA,air,Active
https://www.globalmilitary.net/airbases/nis-air-base/,Niš Air Base (Niš Constantine the Great Airport),43.3372,21.8536,198,LYNI,air,Active
https://www.globalmilitary.net/airbases/nizhyn-air-base/,Nizhyn Air Base,51.0881,31.8781,134,UKRN,air,Active
https://www.globalmilitary.net/airbases/nordholz-naval-airbase/,Nordholz Naval Airbase (Fliegerhorst Nordholz),53.7678,8.66,23,ETMN,air,Active
https://www.globalmilitary.net/airbases/north-auxiliary-airfield/,North Auxiliary Airfield,33.6169,-81.0831,98,KXNO,air,Active
https://www.globalmilitary.net/airbases/norvenich-air-base/,Nörvenich Air Base,50.8317,6.6583,116,ETNN,air,Active
https://www.globalmilitary.net/airbases/nouasseur-air-base/,Nouasseur Air Base (Mohammed V International Airport),33.3667,-7.5833,200,NA,air,Closed
https://www.globalmilitary.net/airbases/novyi-kalyniv/,Novyi Kalyniv Air Base (Kalyniv),49.55,23.335,262,UKLA,air,Active
https://www.globalmilitary.net/airbases/ns-mayport/,Naval Station Mayport,30.3919,-81.4236,5,KNRB,air,Active
https://www.globalmilitary.net/airbases/ns-norfolk-chambers-field/,Naval Station Norfolk - Chambers Field,36.9374,-76.2885,15,KNGU,air,Active
https://www.globalmilitary.net/airbases/nyutabaru-air-base/,Nyutabaru Air Base,32.0836,131.4514,79,RJFN,air,Active
https://www.globalmilitary.net/airbases/oakey-army-aviation-centre/,Oakey Army Aviation Centre (Swartz Barracks),-27.4114,151.7353,407,YBOK,air,Active
https://www.globalmilitary.net/airbases/oaxaca-international-airport/,Oaxaca International Airport (Base Aérea Militar No. 15 San Juan Bautista La Raya),16.9999,-96.7266,1521,MMOX,air,Active
https://www.globalmilitary.net/airbases/offutt-air-force-base/,Offutt Air Force Base,41.1194,-95.9086,319,KOFF,air,Active
https://www.globalmilitary.net/airbases/oghab-44/,Oghab 44 (Eagle 44),28.0564,55.5067,NA,NA,air,Active
https://www.globalmilitary.net/airbases/ojhar-afs/,Ojhar AFS,20.1194,73.9136,608,VAOZ,air,Active
https://www.globalmilitary.net/airbases/okadama-airport/,Okadama Airport (Sapporo Airfield (Camp Okadama)),43.1175,141.3814,8,RJCO,air,Active
https://www.globalmilitary.net/airbases/olenya/,Olenya Air Base (Olenegorsk/Vysokiy),68.1517,33.465,214,XLMO,air,Active
https://www.globalmilitary.net/airbases/omidiyeh-air-base/,Omidiyeh Air Base,30.8353,49.535,26,OIAJ,air,Active
https://www.globalmilitary.net/airbases/omura-air-base/,"Ōmura Air Base (Ōmura Airport (former civil designation, pre-2011))",32.928,129.9342,NA,RJDU,air,Active
https://www.globalmilitary.net/airbases/onchon-air-base/,Onchon Air Base (온천비행장),38.9095,125.2322,7,NA,air,Active
https://www.globalmilitary.net/airbases/orang-airport/,Orang Airport (Hoemun Airfield),41.4292,129.6483,3,ZKHM,air,Active
https://www.globalmilitary.net/airbases/orchila/,Base Aeronaval Capitán de Navío Antonio Díaz (La Orchila Airport),11.8082,-66.1808,2,SVLO,air,Active
https://www.globalmilitary.net/airbases/orenburg-2/,Orenburg-2 Air Base,51.7,55.0167,112,UWOO,air,Active
https://www.globalmilitary.net/airbases/orland-main-air-station/,Ørland Main Air Station (Ørland hovedflystasjon),63.6989,9.6044,9,ENOL,air,Active
https://www.globalmilitary.net/airbases/osan-air-base/,Osan Air Base,37.0906,127.0297,12,RKSO,air,Active
https://www.globalmilitary.net/airbases/osijek-airport/,Osijek Airport (Klisa),45.4628,18.8103,89,LDOS,air,Active
https://www.globalmilitary.net/airbases/osovcy-air-base/,Osovcy Air Base (Bereza),52.5567,24.88,183,UMMO,air,Active
https://www.globalmilitary.net/airbases/ostrov/,Ostrov Air Base (Veretie),57.3,28.4333,67,NA,air,Active
https://www.globalmilitary.net/airbases/ota-air-base/,Ota Air Base (Air Base No 2),39.0923,-8.9676,43,LPOT,air,Closed
https://www.globalmilitary.net/airbases/otis-air-national-guard-base/,Otis Air National Guard Base,41.6586,-70.5214,40,KFMH,air,Active
https://www.globalmilitary.net/airbases/oum-el-bouaghi-dabo/,Oum El Bouaghi,35.8775,7.2572,960,DABO,air,Active
https://www.globalmilitary.net/airbases/ovda-airport/,Ovda Airport,29.9403,34.9358,455,LLOV,air,Active
https://www.globalmilitary.net/airbases/ozerne-air-base/,Ozerne Air Base (Flughafen Hegewald),50.1586,28.7397,83,UKKO,air,Active
https://www.globalmilitary.net/airbases/ozuki-air-field/,Ozuki Air Field,34.0469,131.0522,4,RJOZ,air,Active
https://www.globalmilitary.net/airbases/paf-academy-asghar-khan/,PAF Academy Asghar Khan (Risalpur Air Base),34.0811,71.9725,320,OPRS,air,Active
https://www.globalmilitary.net/airbases/paf-base-bahawalpur/,PAF Base Bahawalpur (Sheikh Rashid Terminal),29.3481,71.7178,119,OPBW,air,Active
https://www.globalmilitary.net/airbases/paf-base-bholari/,PAF Base Bholari,25.2431,68.0364,NA,NA,air,Active
https://www.globalmilitary.net/airbases/paf-base-chandhar/,PAF Base Chandhar,32.0778,73.7903,189,NA,air,Active
https://www.globalmilitary.net/airbases/paf-base-faisal/,PAF Base Faisal (RAF Drigh Road),24.8783,67.1156,8,OPSF,air,Active
https://www.globalmilitary.net/airbases/paf-base-gwadar/,PAF Base Gwadar,25.2322,62.3272,10,OPGD,air,Closed
https://www.globalmilitary.net/airbases/paf-base-islamabad/,PAF Base Islamabad,33.5491,72.8256,537,OPIS,air,Active
https://www.globalmilitary.net/airbases/paf-base-kallar-kahar/,PAF Base Kallar Kahar,32.7833,72.7,NA,NA,air,Active
https://www.globalmilitary.net/airbases/paf-base-karachi/,PAF Base Karachi (Drigh Road Airport),24.9067,67.1608,30,OPKC,air,Active
https://www.globalmilitary.net/airbases/paf-base-kohat/,PAF Base Kohat (Royal Air Force Station Kohat),33.5706,71.4394,503,OPKT,air,Active
https://www.globalmilitary.net/airbases/paf-base-korangi-creek/,PAF Base Korangi Creek,24.7819,67.1361,NA,NA,air,Active
https://www.globalmilitary.net/airbases/paf-base-lahore/,PAF Base Lahore (Allama Iqbal International Airport),31.5214,74.4033,213,OPLA,air,Active
https://www.globalmilitary.net/airbases/paf-base-malir/,PAF Base Malir,NA,NA,NA,NA,air,Active
https://www.globalmilitary.net/airbases/paf-base-masroor/,PAF Base Masroor (Mauripur),24.8936,66.9389,11,OPMR,air,Active
https://www.globalmilitary.net/airbases/paf-base-minhas/,PAF Base Minhas,33.8689,72.4008,312,OPMS,air,Active
https://www.globalmilitary.net/airbases/paf-base-mm-alam/,PAF Base M.M. Alam (PAF Base Mianwali),32.5631,71.5708,210,OPMI,air,Active
https://www.globalmilitary.net/airbases/paf-base-multan/,PAF Base Multan,30.2033,71.4192,123,OPMT,air,Active
https://www.globalmilitary.net/airbases/paf-base-murid/,PAF Base Murid,32.91,72.7739,540,NA,air,Active
https://www.globalmilitary.net/airbases/paf-base-mushaf/,PAF Base Mushaf (PAF Base Sargodha),32.0486,72.6653,187,OPMH,air,Active
https://www.globalmilitary.net/airbases/paf-base-nawabshah/,PAF Base Nawabshah (Benazirabad Airport),26.2194,68.39,29,OPNH,air,Active
https://www.globalmilitary.net/airbases/paf-base-nur-khan/,PAF Base Nur Khan (RAF Chaklala),33.6164,73.0997,508,OPRN,air,Active
https://www.globalmilitary.net/airbases/paf-base-pasni/,PAF Base Pasni,25.29,63.3442,10,OPPI,air,Active
https://www.globalmilitary.net/airbases/paf-base-peshawar/,PAF Base Peshawar (RAF Peshawar),33.9944,71.5289,369,OPPS,air,Active
https://www.globalmilitary.net/airbases/paf-base-qadri/,PAF Base Qadri (PAF Skardu),35.3417,75.5225,2230,OPSD,air,Active
https://www.globalmilitary.net/airbases/paf-base-rafiqui/,PAF Base Rafiqui (PAF Base Shorkot),30.7581,72.2825,150,OPRQ,air,Active
https://www.globalmilitary.net/airbases/paf-base-rahimyar-khan/,PAF Base Rahimyar Khan (Sheikh Zayed International Airport),28.3853,70.2797,83,OPRK,air,Active
https://www.globalmilitary.net/airbases/paf-base-risalewala/,PAF Base Risalewala (Lyallpur Airfield),31.365,72.9947,185,OPFA,air,Active
https://www.globalmilitary.net/airbases/paf-base-sakesar/,PAF Base Sakesar,32.5428,71.9287,NA,NA,air,Active
https://www.globalmilitary.net/airbases/paf-base-samungli/,PAF Base Samungli (RPAF Station Samungli),30.2431,66.9436,1605,OPQT,air,Active
https://www.globalmilitary.net/airbases/paf-base-shahbaz/,PAF Base Shahbaz,28.2844,68.4503,56,OPJA,air,Active
https://www.globalmilitary.net/airbases/paf-base-sukkur/,PAF Base Sukkur (Begum Nusrat Bhutto International Airport),27.7219,68.7917,60,OPSK,air,Active
https://www.globalmilitary.net/airbases/paf-camp-badaber/,PAF Camp Badaber (Peshawar Air Station),33.9579,71.5737,NA,NA,air,Active
https://www.globalmilitary.net/airbases/palam-afs/,Palam AFS,28.5686,77.1122,237,VIDP,air,Active
https://www.globalmilitary.net/airbases/palmachim-airbase/,Palmachim Airbase,31.8978,34.6906,10,LLPL,air,Active
https://www.globalmilitary.net/airbases/palonegro-international-airport/,Palonegro International Airport,7.1264,-73.1847,1200,SKBG,air,Active
https://www.globalmilitary.net/airbases/panagarh-afs/,Panagarh AFS,23.4744,87.4275,73,VEPH,air,Active
https://www.globalmilitary.net/airbases/panevezys-air-base/,Panevėžys Air Base (Pajuostis),55.73,24.46,60,EYPP,air,Inactive
https://www.globalmilitary.net/airbases/panghyon-airport/,Panghyon Airport,39.9275,125.2079,89,NA,air,Active
https://www.globalmilitary.net/airbases/papa-air-base/,Pápa Air Base,47.3639,17.4972,145,LHPA,air,Active
https://www.globalmilitary.net/airbases/parana/,Paraná Air Base (General Justo José de Urquiza Airport),-31.7948,-60.4804,74,SAAP,air,Active
https://www.globalmilitary.net/airbases/pardubice-airport/,Pardubice Airport (Letiště Pardubice),50.0134,15.7386,225,LKPD,air,Active
https://www.globalmilitary.net/airbases/pathankot-afs/,Pathankot AFS,32.2336,75.6344,310,VIPK,air,Active
https://www.globalmilitary.net/airbases/patrick-space-force-base/,Patrick Space Force Base,28.235,-80.61,2,KCOF,air,Active
https://www.globalmilitary.net/airbases/pattimura-air-force-base/,Pattimura Air Force Base (Laha Airport),-3.7103,128.0891,10,WAPP,air,Active
https://www.globalmilitary.net/airbases/paya-lebar-airbase/,Paya Lebar Airbase,1.3603,103.9094,20,WSAP,air,Active
https://www.globalmilitary.net/airbases/payerne-air-base/,Payerne Air Base,46.8432,6.9153,465,LSMP,air,Active
https://www.globalmilitary.net/airbases/pease-air-national-guard-base/,Pease Air National Guard Base,43.0781,-70.8233,30,KPSM,air,Active
https://www.globalmilitary.net/airbases/pembrey-sands-air-weapons-range/,Pembrey Sands Air Weapons Range,51.7144,-4.367,NA,NA,air,Active
https://www.globalmilitary.net/airbases/pengshen-air-base/,Pengshen Air Base,30.2648,103.8512,NA,NA,air,Active
https://www.globalmilitary.net/airbases/peoria-air-national-guard-base/,Peoria Air National Guard Base,40.6588,-89.6979,201,KPIA,air,Active
https://www.globalmilitary.net/airbases/perm/,Perm Air Base (Bolshoye Savino),57.9144,56.0211,121,USPP,air,Active
https://www.globalmilitary.net/airbases/peterson-space-force-base/,Peterson Space Force Base,38.8236,-104.695,1885,KCOS,air,Active
https://www.globalmilitary.net/airbases/petrozavodsk/,Petrozavodsk Air Base (Besovets),61.885,34.1567,46,ULPB,air,Active
https://www.globalmilitary.net/airbases/phalodi-afs/,Phalodi AFS,27.1063,72.2124,238,VIPX,air,Active
https://www.globalmilitary.net/airbases/phan-thiet-airport/,Phan Thiet Airport (Sân bay Phan Thiết),10.9958,108.2253,NA,VVPT,air,Active
https://www.globalmilitary.net/airbases/phitsanulok-airport/,Phitsanulok Airport,16.7731,100.2822,47,VTPP,air,Active
https://www.globalmilitary.net/airbases/piacenza-san-damiano-air-base/,Piacenza-San Damiano Air Base,44.9131,9.7233,139,LIMS,air,Closed
https://www.globalmilitary.net/airbases/pie-de-la-cuesta-air-force-base/,Pie de la Cuesta Air Force Base (Estación Aeronaval de Salina Cruz),16.8417,-99.9483,6,NA,air,Active
https://www.globalmilitary.net/airbases/pingtung-air-base/,Pingtung Air Base,22.7003,120.4821,24,RCSQ,air,Active
https://www.globalmilitary.net/airbases/pisa-air-base/,Pisa Air Base (Pisa International Airport),43.6839,10.3925,2,LIRP,air,Active
https://www.globalmilitary.net/airbases/pisco/,Pisco Air Base (Capitán FAP Renán Elías Olivera Airport),-13.7449,-76.2203,11,SPSO,air,Active
https://www.globalmilitary.net/airbases/pituffik-space-base/,Pituffik Space Base (Thule Air Base),76.5158,-68.6,76,BGTL,air,Active
https://www.globalmilitary.net/airbases/piura/,Piura Air Base (PAF Captain Guillermo Concha Iberico International Airport),-5.2058,-80.6164,36,SPUR,air,Active
https://www.globalmilitary.net/airbases/plovdiv-airport/,Plovdiv Airport (Krumovo Airport),42.0678,24.8647,182,LBPD,air,Active
https://www.globalmilitary.net/airbases/pns-ahsan/,PNS Ahsan (Ormara),25.1833,64.6,NA,NA,air,Active
https://www.globalmilitary.net/airbases/pns-siddique/,PNS Siddique (Turbat International Airport),25.9848,63.0289,122,OPTU,air,Active
https://www.globalmilitary.net/airbases/pohang-air-base/,Pohang Air Base (Pohang Gyeongju Airport (K-3)),35.9878,129.4203,23,RKTH,air,Active
https://www.globalmilitary.net/airbases/pollensa-air-base/,Pollensa Air Base,39.9083,3.1018,NA,LEPO,air,Active
https://www.globalmilitary.net/airbases/pondok-cabe-airport/,Pondok Cabe Airport,-6.337,106.765,67,WIHP,air,Active
https://www.globalmilitary.net/airbases/pope-field/,Pope Field,35.1708,-79.0144,66,KPOB,air,Active
https://www.globalmilitary.net/airbases/porbandar-naval-air-enclave/,Porbandar Naval Air Enclave (Porbandar Airport),21.6486,69.6572,7,VAPR,air,Active
https://www.globalmilitary.net/airbases/port-blair-afs/,Port Blair AFS,11.6411,92.7297,4,VOPB,air,Active
https://www.globalmilitary.net/airbases/portland-air-national-guard-base/,Portland Air National Guard Base,45.5822,-122.5897,9,KPDX,air,Active
https://www.globalmilitary.net/airbases/porto-velho-air-force-base/,Porto Velho Air Force Base (ALA6),-8.7136,-63.9028,90,SBPV,air,Active
https://www.globalmilitary.net/airbases/postavy-air-base/,Postavy Air Base,55.1167,26.8333,144,XMMP,air,Closed
https://www.globalmilitary.net/airbases/prague-kbely-air-base/,Prague-Kbely Air Base,50.1214,14.5436,282,LKKB,air,Active
https://www.globalmilitary.net/airbases/pratica-di-mare-air-base/,Pratica di Mare Air Base,41.6544,12.445,13,LIRE,air,Active
https://www.globalmilitary.net/airbases/prerov-air-base/,Přerov Air Base (Přerov-Bochoř),49.4256,17.4047,206,LKPO,air,Active
https://www.globalmilitary.net/airbases/presov-air-base/,Prešov Air Base (Letecká základňa Prešov),49.0297,21.3156,321,LZPW,air,Active
https://www.globalmilitary.net/airbases/pribylovo/,Pribylovo Air Base (Kluchevoye),60.4592,28.745,40,ULLY,air,Active
https://www.globalmilitary.net/airbases/primorsko-akhtarsk/,Primorsko-Akhtarsk Air Base,46.0572,38.23,6,NA,air,Active
https://www.globalmilitary.net/airbases/prince-hassan-air-base/,Prince Hassan Air Base (H-5),32.1608,37.1497,677,OJPH,air,Active
https://www.globalmilitary.net/airbases/prince-sultan-air-base/,Prince Sultan Air Base (قاعدة الأمير سلطان الجوية),24.0553,47.5636,503,OEPS,air,Active
https://www.globalmilitary.net/airbases/pruszcz-gdanski-air-base/,Pruszcz Gdański Air Base (49 Baza Lotnicza / Flugplatz Praust),54.2481,18.6733,6,EPPR,air,Active
https://www.globalmilitary.net/airbases/pruzhany-air-base/,Pruzhany Air Base,52.5564,24.4569,10,NA,air,Closed
https://www.globalmilitary.net/airbases/pryluky-air-base/,Pryluky Air Base,50.5972,32.3939,137,UKBP,air,Closed
https://www.globalmilitary.net/airbases/pskov/,Pskov Air Base (Kresty),57.785,28.3983,47,ULOO,air,Active
https://www.globalmilitary.net/airbases/pudahuel/,Pudahuel Air Base (Arturo Merino Benítez International Airport),-33.393,-70.7858,474,SCEL,air,Active
https://www.globalmilitary.net/airbases/pudong-air-base/,Pudong Air Base (浦东 Shanghai Pudong International Airport),31.145,121.7933,4,ZSPD,air,Active
https://www.globalmilitary.net/airbases/pugachyov/,Pugachyov Air Base,52.0333,48.8208,36,UWSP,air,Active
https://www.globalmilitary.net/airbases/pukchang-airport/,Pukchang Airport (북창비행장),39.5044,125.9643,66,NA,air,Active
https://www.globalmilitary.net/airbases/pula-airport/,Pula Airport,44.8936,13.9222,84,LDPL,air,Active
https://www.globalmilitary.net/airbases/punta-borinquen-radar-station/,Punta Borinquen Radar Station,18.4851,-67.1488,NA,NA,air,Active
https://www.globalmilitary.net/airbases/punta-indio/,Punta Indio Naval Air Base (Base Aeronaval Punta Indio (BAPI)),-35.3478,-57.2944,16,SAAI,air,Active
https://www.globalmilitary.net/airbases/purnea-afs/,Purnea AFS,25.7597,87.41,125,VEPU,air,Active
https://www.globalmilitary.net/airbases/pushkin-3/,Pushkin-3 Air Base (Pushkin),59.685,30.3383,70,ULLP,air,Active
https://www.globalmilitary.net/airbases/pyongyang-international-airport/,Pyongyang International Airport (Pyongyang Sunan International Airport),39.2239,125.67,34,ZKPY,air,Active
https://www.globalmilitary.net/airbases/qasim-army-aviation-base/,Qasim Army Aviation Base (Dhamial Airbase),33.5603,73.0333,482,OPQS,air,Active
https://www.globalmilitary.net/airbases/qayyarah-airfield-west/,Qayyarah Airfield West (Saddam Airbase),35.7658,43.1217,228,ORQW,air,Active
https://www.globalmilitary.net/airbases/qionglai-air-base/,Qionglai Air Base,30.4903,103.4653,NA,NA,air,Active
https://www.globalmilitary.net/airbases/qiqihar-air-base/,Qiqihar Air Base (齐齐哈 Qiqihar Sanjiazi Airport),47.2397,123.9183,145,ZYQQ,air,Active
https://www.globalmilitary.net/airbases/qizhou-air-base/,Qizhou Air Base (五台山 Xinzhou Witaishan Airport),38.5981,112.9686,NA,ZBXZ,air,Active
https://www.globalmilitary.net/airbases/queen-beatrix-international-airport/,Queen Beatrix International Airport,12.5014,-70.0153,18,TNCA,air,Active
https://www.globalmilitary.net/airbases/quonset-point-air-national-guard-station/,Quonset Point Air National Guard Station,41.5972,-71.4122,5,KOQU,air,Active
https://www.globalmilitary.net/airbases/quwaysina-air-base/,Quwaysina Air Base,30.5794,31.1289,11,NA,air,Active
https://www.globalmilitary.net/airbases/quzhou-air-base/,Quzhou Air Base (衢州 Quzhou Airport),28.9664,118.8994,65,ZSJU,air,Active
https://www.globalmilitary.net/airbases/raaf-base-amberley/,RAAF Base Amberley (Jeebropilly),-27.6406,152.71190000000001,28,YAMB,air,Active
https://www.globalmilitary.net/airbases/raaf-base-curtin/,RAAF Base Curtin (Curtin Airport),-17.5814,123.8283,91,YCIN,air,Active
https://www.globalmilitary.net/airbases/raaf-base-darwin/,RAAF Base Darwin,-12.4147,130.8767,31,YPDN,air,Active
https://www.globalmilitary.net/airbases/raaf-base-east-sale/,RAAF Base East Sale,-38.0989,147.14940000000001,7,YMES,air,Active
https://www.globalmilitary.net/airbases/raaf-base-edinburgh/,RAAF Base Edinburgh,-34.7025,138.6208,20,YPED,air,Active
https://www.globalmilitary.net/airbases/raaf-base-gingin/,RAAF Base Gingin,-31.465,115.8633,75,YGIG,air,Active
https://www.globalmilitary.net/airbases/raaf-base-glenbrook/,RAAF Base Glenbrook,-33.7633,150.6367,195,YGNB,air,Active
https://www.globalmilitary.net/airbases/raaf-base-learmonth/,RAAF Base Learmonth (Potshot),-22.2358,114.0886,6,YPLM,air,Active
https://www.globalmilitary.net/airbases/raaf-base-pearce/,RAAF Base Pearce,-31.6678,116.015,46,YPEA,air,Active
https://www.globalmilitary.net/airbases/raaf-base-richmond/,RAAF Base Richmond,-33.6006,150.7808,20,YSRI,air,Active
https://www.globalmilitary.net/airbases/raaf-base-townsville/,RAAF Base Townsville (RAAF Base Garbutt),-19.2533,146.765,5,YBTL,air,Active
https://www.globalmilitary.net/airbases/raaf-base-wagga/,RAAF Base Wagga (RAAF Base Forest Hill),-35.1653,147.4664,221,YSWG,air,Active
https://www.globalmilitary.net/airbases/raaf-base-williamtown/,RAAF Base Williamtown,-32.795,151.8344,9,YWLM,air,Active
https://www.globalmilitary.net/airbases/raaf-base-woomera/,RAAF Base Woomera,-31.1442,136.8169,167,YPWR,air,Active
https://www.globalmilitary.net/airbases/raaf-scherger/,RAAF Scherger,-12.6233,142.0867,44,YBSG,air,Active
https://www.globalmilitary.net/airbases/raaf-tindal/,RAAF Tindal (Carson's Airfield),-14.5211,132.3778,135,YPTN,air,Active
https://www.globalmilitary.net/airbases/raaf-williams/,RAAF Williams,-37.9317,144.7533,4,YMPC,air,Active
https://www.globalmilitary.net/airbases/rabat-sale-air-base/,Rabat-Salé Air Base,34.0514,-6.7514,84,GMME,air,Active
https://www.globalmilitary.net/airbases/raden-sadjad-air-force-base/,Raden Sadjad Air Force Base (Ranai-Natuna Airport),3.9087,108.3879,2,WIDO,air,Active
https://www.globalmilitary.net/airbases/raf-akrotiri/,RAF Akrotiri,34.5903,32.9878,23,LCRA,air,Active
https://www.globalmilitary.net/airbases/raf-alconbury/,RAF Alconbury,52.3633,-0.2228,50,EGWZ,air,Active
https://www.globalmilitary.net/airbases/raf-ascension-island/,RAF Ascension Island,-7.9694,-14.3939,78,FHAW,air,Active
https://www.globalmilitary.net/airbases/raf-barford-st-john/,RAF Barford St John,52.0036,-1.36,116,NA,air,Active
https://www.globalmilitary.net/airbases/raf-barkston-heath/,RAF Barkston Heath,52.9622,-0.5617,112,EGYE,air,Active
https://www.globalmilitary.net/airbases/raf-barnham/,RAF Barnham,52.39,0.7356,NA,NA,air,Active
https://www.globalmilitary.net/airbases/raf-benson/,RAF Benson,51.6164,-1.0958,62,EGUB,air,Active
https://www.globalmilitary.net/airbases/raf-boulmer/,RAF Boulmer,55.4219,-1.6033,NA,NA,air,Active
https://www.globalmilitary.net/airbases/raf-brize-norton/,RAF Brize Norton,51.75,-1.5836,87,EGVN,air,Active
https://www.globalmilitary.net/airbases/raf-coningsby/,RAF Coningsby,53.0931,-0.1661,7,EGXC,air,Active
https://www.globalmilitary.net/airbases/raf-cosford/,RAF Cosford,52.645,-2.2556,83,EGWC,air,Active
https://www.globalmilitary.net/airbases/raf-cranwell/,RAF Cranwell,53.0303,-0.4833,68,EGYD,air,Active
https://www.globalmilitary.net/airbases/raf-croughton/,RAF Croughton,51.9875,-1.1861,137,NA,air,Active
https://www.globalmilitary.net/airbases/raf-digby/,RAF Digby,53.0908,-0.4342,61,NA,air,Active
https://www.globalmilitary.net/airbases/raf-fairford/,RAF Fairford,51.6822,-1.79,87,EGVA,air,Active
https://www.globalmilitary.net/airbases/raf-feltwell/,RAF Feltwell,52.4794,0.5192,16,NA,air,Active
https://www.globalmilitary.net/airbases/raf-fylingdales/,RAF Fylingdales,54.3589,-0.6697,250,NA,air,Active
https://www.globalmilitary.net/airbases/raf-gambut/,RAF Gambut,31.9511,24.5039,NA,NA,air,Closed
https://www.globalmilitary.net/airbases/raf-gibraltar/,RAF Gibraltar,36.1494,-5.3472,4,LXGB,air,Active
https://www.globalmilitary.net/airbases/raf-habilayn/,RAF Habilayn (RAF Thumier),13.5242,44.8507,NA,NA,air,Closed
https://www.globalmilitary.net/airbases/raf-halton/,RAF Halton,51.7917,-0.7361,113,EGWN,air,Active
https://www.globalmilitary.net/airbases/raf-henlow/,RAF Henlow,52.0156,-0.3033,51,EGWE,air,Active
https://www.globalmilitary.net/airbases/raf-high-wycombe/,RAF High Wycombe,51.6814,-0.8019,NA,NA,air,Active
https://www.globalmilitary.net/airbases/raf-honington/,RAF Honington,52.3425,0.7731,53,EGXH,air,Active
https://www.globalmilitary.net/airbases/raf-khormaksar/,RAF Khormaksar (Aden International Airport),12.8294,45.0292,1,OYAA,air,Closed
https://www.globalmilitary.net/airbases/raf-lakenheath/,RAF Lakenheath,52.4083,0.5567,10,EGUL,air,Active
https://www.globalmilitary.net/airbases/raf-leeming/,RAF Leeming,54.2925,-1.5356,40,EGXE,air,Active
https://www.globalmilitary.net/airbases/raf-lossiemouth/,RAF Lossiemouth,57.7053,-3.3392,13,EGQS,air,Active
https://www.globalmilitary.net/airbases/raf-marham/,RAF Marham,52.6483,0.5506,23,EGYM,air,Active
https://www.globalmilitary.net/airbases/raf-menwith-hill/,RAF Menwith Hill,54.0081,-1.69,NA,NA,air,Active
https://www.globalmilitary.net/airbases/raf-mildenhall/,RAF Mildenhall,52.365,0.4808,10,EGUN,air,Active
https://www.globalmilitary.net/airbases/raf-molesworth/,RAF Molesworth,52.3794,-0.405,77,NA,air,Active
https://www.globalmilitary.net/airbases/raf-mona/,RAF Mona,53.2586,-4.3736,62,EGOQ,air,Active
https://www.globalmilitary.net/airbases/raf-northolt/,RAF Northolt,51.5531,-0.4183,38,EGWU,air,Active
https://www.globalmilitary.net/airbases/raf-odiham/,RAF Odiham,51.2342,-0.9428,123,EGVO,air,Active
https://www.globalmilitary.net/airbases/raf-shawbury/,RAF Shawbury,52.7981,-2.6681,75,EGOS,air,Active
https://www.globalmilitary.net/airbases/raf-spadeadam/,RAF Spadeadam,55.025,-2.6022,NA,EGOM,air,Active
https://www.globalmilitary.net/airbases/raf-st-mawgan/,RAF St Mawgan,50.4347,-5.0131,NA,EGDG,air,Active
https://www.globalmilitary.net/airbases/raf-syerston/,RAF Syerston,53.0233,-0.9117,69,EGXY,air,Active
https://www.globalmilitary.net/airbases/raf-topcliffe/,RAF Topcliffe,54.2056,-1.3822,28,EGXZ,air,Active
https://www.globalmilitary.net/airbases/raf-valley/,RAF Valley,53.2481,-4.5353,11,EGOV,air,Active
https://www.globalmilitary.net/airbases/raf-waddington/,RAF Waddington,53.1725,-0.5308,70,EGXW,air,Active
https://www.globalmilitary.net/airbases/raf-welford/,RAF Welford,51.4683,-1.4036,147,NA,air,Active
https://www.globalmilitary.net/airbases/raf-weston-on-the-green/,RAF Weston-on-the-Green,51.8792,-1.2264,86,NA,air,Active
https://www.globalmilitary.net/airbases/raf-wittering/,RAF Wittering,52.6125,-0.4764,83,EGXT,air,Active
https://www.globalmilitary.net/airbases/raf-woodvale/,RAF Woodvale,53.5817,-3.0556,11,EGOW,air,Active
https://www.globalmilitary.net/airbases/raf-wyton/,RAF Wyton,52.3572,-0.10780000000000001,40,EGUY,air,Active
https://www.globalmilitary.net/airbases/rafael-nunez-international-airport/,Rafael Núñez International Airport,10.4424,-75.513,1,SKCG,air,Active
https://www.globalmilitary.net/airbases/rafael-urdaneta/,Rafael Urdaneta Air Base,10.5582,-71.7279,72,SVMC,air,Active
https://www.globalmilitary.net/airbases/rafo-masirah/,RAFO Masirah (RAF Masirah),20.6753,58.8903,20,OOMA,air,Active
https://www.globalmilitary.net/airbases/rafo-musannah/,RAFO Musannah,23.6414,57.4903,113,OOMN,air,Active
https://www.globalmilitary.net/airbases/rafo-thumrait/,RAFO Thumrait,17.666,54.0246,479,OOTH,air,Active
https://www.globalmilitary.net/airbases/ramat-david-airbase/,Ramat David Airbase (David Heights),32.6667,35.1833,56,LLRD,air,Active
https://www.globalmilitary.net/airbases/ramon-airbase/,Ramon Airbase (Kanaf 25),30.7747,34.6678,648,LLRM,air,Active
https://www.globalmilitary.net/airbases/ramstein-air-base/,Ramstein Air Base,49.4369,7.6,238,ETAR,air,Active
https://www.globalmilitary.net/airbases/ras-banas-air-base/,Ras Banas Air Base (Lepte Akra),23.9047,35.7889,NA,NA,air,Active
https://www.globalmilitary.net/airbases/rasheed-air-base/,Rasheed Air Base (Al Salam Air Base),33.2778,44.4947,34,ORRA,air,Active
https://www.globalmilitary.net/airbases/rayak-air-base/,Rayak Air Base,33.8522,35.9903,900,OLRA,air,Active
https://www.globalmilitary.net/airbases/recife-air-force-base/,Recife Air Force Base,-8.1264,-34.9228,10,SBRF,air,Closed
https://www.globalmilitary.net/airbases/reconquista/,Reconquista Air Base (Daniel Jukic Airport),-29.2103,-59.6894,47,SATR,air,Active
https://www.globalmilitary.net/airbases/reggane-air-base/,Reggane Air Base,26.71,0.2856,291,DAAN,air,Active
https://www.globalmilitary.net/airbases/remada-air-base/,Remada Air Base,32.3056,10.3833,306,DTTD,air,Active
https://www.globalmilitary.net/airbases/reno-air-national-guard-base/,Reno Air National Guard Base,39.4992,-119.7681,1346,KRNO,air,Active
https://www.globalmilitary.net/airbases/retalhuleu-airport/,Retalhuleu Airport,14.5211,-91.6972,199,MGRT,air,Active
https://www.globalmilitary.net/airbases/rheine-bentlage-air-base/,Rheine-Bentlage Air Base (Heeresflugplatz Rheine-Bentlage / Theodor-Blank-Kaserne),52.2922,7.385,39,ETHE,air,Closed
https://www.globalmilitary.net/airbases/rhodes-air-base/,Rhodes Air Base (Rhodes Maritsa Airport),36.3844,28.1178,62,LGRD,air,Active
https://www.globalmilitary.net/airbases/rickenbacker-air-national-guard-base/,Rickenbacker Air National Guard Base,39.8136,-82.9467,226,KLCK,air,Active
https://www.globalmilitary.net/airbases/riffa-air-base/,Riffa Air Base,26.1083,50.5792,35,NA,air,Active
https://www.globalmilitary.net/airbases/rio-gallegos/,Río Gallegos Air Base (Piloto Civil Norberto Fernández International Airport),-51.6089,-69.3126,20,SAWG,air,Active
https://www.globalmilitary.net/airbases/rio-grande-naval-air-base/,"Río Grande Naval Air Base (Base Aeronaval Río Grande ""Pioneros Aeronavales en el Polo Sur"" (BARD); shares runway with Hermes Quijada International Airport)",-53.7778,-67.7542,20,SAWE,air,Active
https://www.globalmilitary.net/airbases/rivolto-air-base/,Rivolto Air Base,45.9817,13.0508,55,LIPI,air,Active
https://www.globalmilitary.net/airbases/riwon-airport/,Riwon Airport,40.36,128.719,26,NA,air,Active
https://www.globalmilitary.net/airbases/rmaf-butterworth/,RMAF Butterworth (RAAF Butterworth),5.4661,100.3911,2,WMKB,air,Active
https://www.globalmilitary.net/airbases/rmaf-gong-kedak/,RMAF Gong Kedak,5.7989,102.4903,6,WMGK,air,Active
https://www.globalmilitary.net/airbases/rmaf-jugra/,RMAF Jugra,2.823,101.453,NA,WMBJ,air,Active
https://www.globalmilitary.net/airbases/rmaf-kuala-lumpur/,RMAF Kuala Lumpur (Sungai Besi Air Base),3.1114,101.7028,34,WMKF,air,Closed
https://www.globalmilitary.net/airbases/rmaf-kuantan/,RMAF Kuantan (RAF Kuantan),3.7697,103.2094,17,WMKD,air,Active
https://www.globalmilitary.net/airbases/rmaf-kuching/,RMAF Kuching,1.4871,110.3419,27,WBGG,air,Active
https://www.globalmilitary.net/airbases/rmaf-labuan/,RMAF Labuan,5.3017,115.2483,31,WBKL,air,Active
https://www.globalmilitary.net/airbases/rmaf-subang/,RMAF Subang,3.1311,101.5481,27,WMSA,air,Active
https://www.globalmilitary.net/airbases/rna-air-base/,Ärna Air Base,59.8972,17.5886,21,ESCM,air,Active
https://www.globalmilitary.net/airbases/rnas-culdrose/,RNAS Culdrose (HMS Seahawk),50.0861,-5.2558,82,EGDR,air,Active
https://www.globalmilitary.net/airbases/rnas-merryfield/,RNAS Merryfield,50.97,-2.94,45,EGDI,air,Active
https://www.globalmilitary.net/airbases/rnas-predannack/,RNAS Predannack (Predannack Airfield),49.9992,-5.2306,90,EGDO,air,Active
https://www.globalmilitary.net/airbases/rnas-yeovilton/,RNAS Yeovilton (HMS Heron),51.0086,-2.6378,23,EGDY,air,Active
https://www.globalmilitary.net/airbases/rnzaf-base-auckland/,RNZAF Base Auckland (Whenuapai),-36.7878,174.6303,30,NZWP,air,Active
https://www.globalmilitary.net/airbases/rnzaf-base-ohakea/,RNZAF Base Ohakea,-40.2061,175.3878,50,NZOH,air,Active
https://www.globalmilitary.net/airbases/rnzaf-base-woodbourne/,RNZAF Base Woodbourne (Woodbourne Airport),-41.5183,173.8703,33,NZWB,air,Active
https://www.globalmilitary.net/airbases/robins-air-force-base/,Robins Air Force Base,32.64,-83.5917,90,KWRB,air,Active
https://www.globalmilitary.net/airbases/roesmin-nurjadin-air-force-base/,Roesmin Nurjadin Air Force Base (Simpang Tiga Airport),0.4594,101.4444,31,WIBB,air,Active
https://www.globalmilitary.net/airbases/roland-r-wright-air-national-guard-base/,Roland R. Wright Air National Guard Base,40.7883,-111.9778,1288,KSLC,air,Active
https://www.globalmilitary.net/airbases/ronneby-air-base/,Ronneby Air Base (Kallinge),56.2667,15.265,58,ESDF,air,Active
https://www.globalmilitary.net/airbases/rosecrans-air-national-guard-base/,Rosecrans Air National Guard Base,39.7719,-94.9094,252,KSTJ,air,Active
https://www.globalmilitary.net/airbases/rostock-laage-airport/,Rostock-Laage Airport,53.9183,12.2783,42,ETNL,air,Active
https://www.globalmilitary.net/airbases/rostov-on-don-north/,Rostov-on-Don North Air Base,47.2742,39.6417,87,NA,air,Active
https://www.globalmilitary.net/airbases/rota-naval-station/,Rota Naval Station (Base Naval de Rota),36.6208,-6.3316,26,LERT,air,Active
https://www.globalmilitary.net/airbases/rovaniemi-air-base/,Rovaniemi Air Base,66.5617,25.8308,196,EFRO,air,Active
https://www.globalmilitary.net/airbases/royal-thai-air-base-nam-phong/,Royal Thai Air Base Nam Phong (The Rose Garden),16.6519,102.9747,227,VTUZ,air,Active
https://www.globalmilitary.net/airbases/rrh-benbecula/,RRH Benbecula,57.6172,-7.4461,NA,NA,air,Active
https://www.globalmilitary.net/airbases/rrh-brizlee-wood/,RRH Brizlee Wood,55.418,-1.768,250,NA,air,Active
https://www.globalmilitary.net/airbases/rrh-buchan/,RRH Buchan,57.4583,-1.8119,NA,NA,air,Active
https://www.globalmilitary.net/airbases/rrh-byron-heights/,RRH Byron Heights,-51.4247,-60.5647,497,NA,air,Active
https://www.globalmilitary.net/airbases/rrh-mount-alice/,RRH Mount Alice,-52.1539,-60.5983,361,NA,air,Active
https://www.globalmilitary.net/airbases/rrh-mount-kent/,RRH Mount Kent,-51.6735,-58.113,458,NA,air,Active
https://www.globalmilitary.net/airbases/rrh-neatishead/,RRH Neatishead,52.7142,1.4708,NA,NA,air,Active
https://www.globalmilitary.net/airbases/rrh-portreath/,RRH Portreath,50.2714,-5.2633,NA,NA,air,Active
https://www.globalmilitary.net/airbases/rrh-saxa-vord/,RRH Saxa Vord,60.8275,-0.8411,285,NA,air,Active
https://www.globalmilitary.net/airbases/rrh-staxton-wold/,RRH Staxton Wold,54.1864,-0.4344,175,NA,air,Active
https://www.globalmilitary.net/airbases/rtishchevo/,Rtishchevo Air Base,52.2958,43.7236,205,UWPR,air,Active
https://www.globalmilitary.net/airbases/rygge-air-station/,"Rygge Air Station (Moss Airport, Rygge)",59.3783,10.7856,53,ENRY,air,Active
https://www.globalmilitary.net/airbases/sa-pran-nak-army-airport/,Sa Pran Nak Army Airport,14.9519,100.6442,29,VTBH,air,Active
https://www.globalmilitary.net/airbases/sacheon-air-base/,Sacheon Air Base (K-4),35.0886,128.0703,8,RKPS,air,Active
https://www.globalmilitary.net/airbases/sakhir-air-base/,Sakhir Air Base (Sakhir International Airport),26.0345,50.5245,15,OBKH,air,Active
https://www.globalmilitary.net/airbases/saky/,Saky Air Base,45.0931,33.595,180,UKFI,air,Active
https://www.globalmilitary.net/airbases/salina-cruz-naval-air-base/,Salina Cruz Naval Air Base (Estación Aeronaval de Salina Cruz (formerly Salina Cruz Airport)),16.2126,-95.2016,23,MMSZ,air,Active
https://www.globalmilitary.net/airbases/salua-afs/,Salua AFS,22.2728,87.2894,NA,NA,air,Active
https://www.globalmilitary.net/airbases/salvador-air-force-base/,Salvador Air Force Base,-12.9086,-38.3225,20,SBSV,air,Active
https://www.globalmilitary.net/airbases/sam-ratulangi-air-force-base/,Sam Ratulangi Air Force Base (Mapanget Airfield),1.5492,124.9264,81,WAMM,air,Active
https://www.globalmilitary.net/airbases/samandira-army-air-base/,Samandıra Army Air Base (Samandıra Kara Hava Üssü),40.9929,29.2165,123,LTBX,air,Active
https://www.globalmilitary.net/airbases/samjiyon-airport/,Samjiyon Airport,41.9072,128.4099,1386,ZKSE,air,Active
https://www.globalmilitary.net/airbases/san-antonio-de-los-banos-airfield/,San Antonio de los Baños Airfield,22.8717,-82.5092,50,MUSA,air,Active
https://www.globalmilitary.net/airbases/san-isidro-air-base/,San Isidro Air Base,18.5039,-69.7617,34,MDSI,air,Active
https://www.globalmilitary.net/airbases/san-javier-air-base/,San Javier Air Base,37.7747,-0.8122,9,LELC,air,Active
https://www.globalmilitary.net/airbases/san-juan-de-marcona/,Marcona Naval Air Base (San Juan de Marcona Airport (SPJN)),-15.3528,-75.1375,44,SPJN,air,Active
https://www.globalmilitary.net/airbases/san-julian-air-base/,San Julián Air Base (Base Aérea San Julián),22.0953,-84.152,30,MUSJ,air,Active
https://www.globalmilitary.net/airbases/santa-bernardina/,Santa Bernardina Air Base (Tte. 2° Mario W. Parallada Air Base),-33.3589,-56.4992,99,SUDU,air,Active
https://www.globalmilitary.net/airbases/santa-cruz-air-force-base/,Santa Cruz Air Force Base (Bartolomeu de Gusmão Airport),-22.9328,-43.7194,3,SBSC,air,Active
https://www.globalmilitary.net/airbases/santa-gertrudis-air-force-base/,Santa Gertrudis Air Force Base (Base Aérea Militar No. 11 Teniente Coronel Juan Pablo Aldasoro Suárez),18.7775,-99.1956,1420,MMSG,air,Active
https://www.globalmilitary.net/airbases/santa-maria-air-force-base/,Santa Maria Air Force Base,-29.7108,-53.6922,88,SBSM,air,Active
https://www.globalmilitary.net/airbases/santahamina/,Santahamina (Sandhamn),60.15,25.05,NA,NA,air,Active
https://www.globalmilitary.net/airbases/santiago-military-airfield/,Santiago Military Airfield,42.9002,-8.4215,369,LEST,air,Active
https://www.globalmilitary.net/airbases/santos-air-force-base/,Santos Air Force Base,-23.9281,-46.2997,4,SBST,air,Active
https://www.globalmilitary.net/airbases/sanya-yaxian-air-base/,Sanya Air Base (Yaxian Airfield),18.2875,109.4637,9,NA,air,Active
https://www.globalmilitary.net/airbases/sao-pedro-da-aldeia/,São Pedro da Aldeia Naval Air Base (BAeNSPA),-22.8129,-42.0926,19,SBES,air,Active
https://www.globalmilitary.net/airbases/sarajevo-air-base/,Sarajevo Air Base (Sarajevo International Airport),43.8247,18.3314,521,LQSA,air,Active
https://www.globalmilitary.net/airbases/saratov-west/,Saratov West Air Base (Sokol),51.5417,45.85,288,XWSS,air,Active
https://www.globalmilitary.net/airbases/sarsawa-afs/,Sarsawa AFS,29.9942,77.4242,272,VISP,air,Active
https://www.globalmilitary.net/airbases/sary-arka-airport/,Sary-Arka Airport,49.6714,73.3364,538,UAKK,air,Active
https://www.globalmilitary.net/airbases/sarzana-luni-maristaeli/,"Sarzana-Luni Air Base (MARISTAELI Luni / Aeroporto ""Bartolomeo Arrigoni"")",44.0874,9.9879,14,LIQW,air,Active
https://www.globalmilitary.net/airbases/savannah-air-national-guard-base/,Savannah Air National Guard Base,32.1275,-81.2022,15,KSAV,air,Active
https://www.globalmilitary.net/airbases/savasleyka/,Savasleyka Air Base (Murom),55.44,42.31,102,NA,air,Active
https://www.globalmilitary.net/airbases/schaffen-air-base/,Schaffen Air Base (Advanced Landing Ground B-64),51.0019,5.0644,30,EBDT,air,Active
https://www.globalmilitary.net/airbases/schleswig-air-base/,Schleswig Air Base,54.4594,9.5164,NA,ETNS,air,Active
https://www.globalmilitary.net/airbases/schriever-space-force-base/,Schriever Space Force Base,38.8033,-104.5256,NA,NA,air,Active
https://www.globalmilitary.net/airbases/scott-air-force-base/,Scott Air Force Base,38.533,-89.867,140,KBLV,air,Active
https://www.globalmilitary.net/airbases/sde-dov-airbase/,Sde Dov Airbase (Dov Hoz Airport),32.1108,34.7794,13,LLSD,air,Closed
https://www.globalmilitary.net/airbases/sdot-micha-airbase/,Sdot Micha Airbase (Sdot HaElah),31.7386,34.9194,NA,NA,air,Active
https://www.globalmilitary.net/airbases/sedes-air-base/,Sedes Air Base (Αεροδρόμιο Σέδες),40.5338,23.0241,27,LGSD,air,Active
https://www.globalmilitary.net/airbases/selfridge-air-national-guard-base/,Selfridge Air National Guard Base,42.6083,-82.8356,176,KMTC,air,Active
https://www.globalmilitary.net/airbases/sembawang-air-base/,Sembawang Air Base (HMS Simbang),1.4253,103.8128,26,WSAG,air,Active
https://www.globalmilitary.net/airbases/semyazino/,Semyazino Air Base (Vladimir),56.1267,40.315,169,NA,air,Active
https://www.globalmilitary.net/airbases/seongmu-air-base/,Seongmu Air Base,36.5681,127.5,79,RKTE,air,Active
https://www.globalmilitary.net/airbases/seosan-air-base/,Seosan Air Base,36.7056,126.4872,12,RKTP,air,Active
https://www.globalmilitary.net/airbases/seoul-air-base/,Seoul Air Base,37.4458,127.1139,28,RKSM,air,Active
https://www.globalmilitary.net/airbases/seshcha/,Seshcha Air Base,53.715,33.3389,210,UUWD,air,Active
https://www.globalmilitary.net/airbases/severomorsk-1/,Severomorsk-1 Air Base,69.0317,33.4183,73,ULMD,air,Active
https://www.globalmilitary.net/airbases/severomorsk-3/,Severomorsk-3 Air Base (Malyavr),68.8667,33.7167,172,ULMV,air,Active
https://www.globalmilitary.net/airbases/seymour-johnson-air-force-base/,Seymour Johnson Air Force Base,35.3411,-77.9667,33,KGSB,air,Active
https://www.globalmilitary.net/airbases/shadi-air-base/,Shadi Air Base (沙堤 Foshan Shadi Airport),23.0833,113.07,NA,ZGFS,air,Active
https://www.globalmilitary.net/airbases/shaibah-air-base/,Shaibah Air Base (Wahda Air Base),30.4261,47.6428,84,NA,air,Inactive
https://www.globalmilitary.net/airbases/shamsi-airfield/,Shamsi Airfield (Bhandari Airstrip),27.85,65.1667,340,NA,air,Active
https://www.globalmilitary.net/airbases/shangqiu-air-base/,Shangqiu Air Base (商丘 Shangqiu Airport),34.4494,115.4594,NA,NA,air,Active
https://www.globalmilitary.net/airbases/shanhaiguan-air-base/,Shanhaiguan Air Base (山海关 Qinhuangdao Shanhaiguan Airport),39.9683,119.7306,NA,ZBSH,air,Active
https://www.globalmilitary.net/airbases/shantou-waisha-air-base/,Shantou Waisha Air Base,23.4269,116.76220000000001,NA,ZGOW,air,Active
https://www.globalmilitary.net/airbases/shaoguan-air-base/,Shaoguan Air Base (韶关 Shaoguan Danxia Airport),24.9786,113.4208,NA,ZGSG,air,Active
https://www.globalmilitary.net/airbases/sharq-el-owainat-airport/,Sharq El Owainat Airport (Shark El Oweinat Airport),22.5833,28.7167,262,HEOW,air,Active
https://www.globalmilitary.net/airbases/shatalovo/,Shatalovo Air Base (Pochinok),54.34,32.4733,153,UUBV,air,Active
https://www.globalmilitary.net/airbases/shaw-air-force-base/,Shaw Air Force Base,33.9731,-80.4728,73,KSSC,air,Active
https://www.globalmilitary.net/airbases/shaykh-mazhar-air-base/,Shaykh Mazhar Air Base (As Suwayrah Air Base),32.9381,44.6328,30,NA,air,Active
https://www.globalmilitary.net/airbases/shaykovka/,Shaykovka Air Base (Anisovo Gorodishche),54.2267,34.3717,203,XUBJ,air,Active
https://www.globalmilitary.net/airbases/shayrat-airbase/,Shayrat Airbase,34.49,36.9089,NA,NA,air,Active
https://www.globalmilitary.net/airbases/shek-kong-air-base/,Shek Kong Air Base (石崗 Shek Kong Airfield),22.4367,114.0803,15,VHSK,air,Active
https://www.globalmilitary.net/airbases/shepherd-field-air-national-guard-base/,Shepherd Field Air National Guard Base,39.4019,-77.9844,172,KMRB,air,Active
https://www.globalmilitary.net/airbases/sheppard-air-force-base/,Sheppard Air Force Base,33.9889,-98.4919,310,KSPS,air,Active
https://www.globalmilitary.net/airbases/shigatse-air-base/,Shigatse Air Base (日喀 Shigatse Peace Airport),29.3522,89.285,3782,ZURK,air,Active
https://www.globalmilitary.net/airbases/shimofusa-air-base/,Shimofusa Air Base,35.7989,140.0122,30,RJTL,air,Active
https://www.globalmilitary.net/airbases/shiraz-international-airport/,Shiraz International Airport (Shiraz Shahid Dastgheib International Airport),29.5392,52.59,1500,OISS,air,Active
https://www.globalmilitary.net/airbases/shizuhama-air-base/,Shizuhama Air Base,34.8128,138.2981,7,RJNY,air,Active
https://www.globalmilitary.net/airbases/shuimen-air-base/,Shuimen Air Base (水門 Xiapu Air Base),26.9419,120.0775,364,NA,air,Active
https://www.globalmilitary.net/airbases/shuofang-air-base/,Shuofang Air Base (硕放 Sunan Shuofang International Airport),31.4972,120.4306,5,ZSWX,air,Active
https://www.globalmilitary.net/airbases/siauliai-air-base/,Šiauliai Air Base,55.8939,23.3947,135,EYSA,air,Active
https://www.globalmilitary.net/airbases/sidi-slimane-air-base/,Sidi Slimane Air Base (Fifth Royal Air Force Base),34.2306,-6.0503,55,GMSL,air,Active
https://www.globalmilitary.net/airbases/siemirowice-naval-air-base/,Siemirowice Naval Air Base (Lotnisko Cewice),54.4161,17.7633,155,EPCE,air,Active
https://www.globalmilitary.net/airbases/sigonella-air-base/,Sigonella Air Base (Naval Air Station Sigonella),37.4017,14.9222,24,LICZ,air,Active
https://www.globalmilitary.net/airbases/silistea-gumesti-air-base/,Siliștea Gumești Air Base (Balaci Air Base),44.1167,25,NA,NA,air,Closed
https://www.globalmilitary.net/airbases/silvio-pettirossi/,Silvio Pettirossi Air Base (President Stroessner International Airport),-25.24,-57.5191,90,SGAS,air,Active
https://www.globalmilitary.net/airbases/simmons-army-airfield/,Simmons Army Airfield,35.1319,-78.9364,74,KFBG,air,Active
https://www.globalmilitary.net/airbases/simon-bolivar-international-airport-colombia/,Simón Bolívar International Airport,11.1194,-74.2306,7,SKSM,air,Active
https://www.globalmilitary.net/airbases/sintra-air-base/,Sintra Air Base (Air Base No. 1),38.8311,-9.3396,134,LPST,air,Active
https://www.globalmilitary.net/airbases/sion-air-base/,Sion Air Base (Flugplatzkommando 14 Sion),46.2196,7.3267,483,LSGS,air,Active
https://www.globalmilitary.net/airbases/sioux-city-air-national-guard-base/,Sioux City Air National Guard Base,42.3983,-96.3719,335,KSUX,air,Active
https://www.globalmilitary.net/airbases/sirsa-afs/,Sirsa AFS,29.5617,75.0058,198,VISX,air,Active
https://www.globalmilitary.net/airbases/sitalchay-military-airbase/,Sitalchay Military Airbase,40.7839,49.4006,NA,NA,air,Inactive
https://www.globalmilitary.net/airbases/skopje-international-airport/,Skopje International Airport (Petrovec Airport),41.9611,21.6269,238,LWSK,air,Active
https://www.globalmilitary.net/airbases/skrydstrup-air-base/,Skrydstrup Air Base (Flyvestation Skrydstrup),55.2211,9.2667,43,EKSP,air,Active
https://www.globalmilitary.net/airbases/skyros-air-base/,Skyros Air Base (Skyros Island National Airport),38.9675,24.4872,13,LGSY,air,Active
https://www.globalmilitary.net/airbases/slaf-ampara/,SLAF Ampara (Gal-Oya Airport),7.3369,81.6303,46,VCCG,air,Active
https://www.globalmilitary.net/airbases/slaf-anuradhapura/,SLAF Anuradhapura,8.3017,80.4286,99,VCCA,air,Active
https://www.globalmilitary.net/airbases/slaf-batticaloa/,SLAF Batticaloa,7.7053,81.6778,3,VCCB,air,Active
https://www.globalmilitary.net/airbases/slaf-china-bay/,SLAF China Bay (Trincomalee Airport),8.5396,81.1819,2,VCCT,air,Active
https://www.globalmilitary.net/airbases/slaf-hingurakgoda/,SLAF Hingurakgoda (RAF Minneriya),8.0497,80.9814,46,VCCH,air,Active
https://www.globalmilitary.net/airbases/slaf-iranamadu/,SLAF Iranamadu (Kilinochchi Airport),9.3054,80.4876,NA,NA,air,Active
https://www.globalmilitary.net/airbases/slaf-katukurunda/,SLAF Katukurunda (HMS Ukussa),6.5519,79.9786,3,VCCN,air,Active
https://www.globalmilitary.net/airbases/slaf-katunayake/,SLAF Katunayake (RAF Negombo),7.1811,79.8836,8,VCBI,air,Active
https://www.globalmilitary.net/airbases/slaf-koggala/,SLAF Koggala (RAF Koggala),5.9939,80.3206,3,VCCK,air,Active
https://www.globalmilitary.net/airbases/slaf-palaly/,SLAF Palaly (Jaffna International Airport),9.7923,80.0701,10,VCCJ,air,Active
https://www.globalmilitary.net/airbases/slaf-ratmalana/,"SLAF Ratmalana (Colombo International Airport, Ratmalana)",6.822,79.8862,5,VCCC,air,Active
https://www.globalmilitary.net/airbases/slaf-vavuniya/,SLAF Vavuniya,8.7412,80.498,91,VCCV,air,Active
https://www.globalmilitary.net/airbases/sliac-air-base/,Sliač Air Base (Letisko Tri Duby),48.6372,19.1342,318,LZSL,air,Active
https://www.globalmilitary.net/airbases/so-paulo-air-force-base/,São Paulo Air Force Base (Cumbica Farm),-23.4356,-46.4731,750,SBGR,air,Active
https://www.globalmilitary.net/airbases/soesterberg-air-base/,Soesterberg Air Base (Camp New Amsterdam),52.1272,5.2764,12,EHSB,air,Closed
https://www.globalmilitary.net/airbases/sokcho-air-base/,Sokcho Air Base,NA,NA,NA,RKND,air,Active
https://www.globalmilitary.net/airbases/sola-air-station/,Sola Air Station,58.8767,5.6378,9,ENZV,air,Active
https://www.globalmilitary.net/airbases/soltsy-2/,Soltsy-2 Air Base (Soltsy),58.1389,30.3292,81,XLLL,air,Active
https://www.globalmilitary.net/airbases/sombor-air-base/,Sombor Air Base,45.7222,19.0582,83,LYSO,air,Active
https://www.globalmilitary.net/airbases/someseni-air-base/,Someșeni Helicopter Air Base,46.7833,23.6333,315,LRCL,air,Closed
https://www.globalmilitary.net/airbases/son-san-juan-air-base/,Son San Juan Air Base,39.5551,2.7412,8,LESJ,air,Active
https://www.globalmilitary.net/airbases/sonchon-airport/,Sonchon Airport (선천비행장),39.9187,124.8407,60,NA,air,Active
https://www.globalmilitary.net/airbases/sondok-airport/,Sondok Airport (K-26),39.7473,127.4746,2,ZKSD,air,Active
https://www.globalmilitary.net/airbases/songshan-air-base/,Songshan Air Base (Taihoku Airfield),25.0694,121.5525,5,RCSS,air,Active
https://www.globalmilitary.net/airbases/soto-cano-air-base/,Soto Cano Air Base,14.3825,-87.6211,628,MHPR,air,Active
https://www.globalmilitary.net/airbases/souda-air-base/,Souda Air Base,35.5317,24.1497,149,LGSA,air,Active
https://www.globalmilitary.net/airbases/spangdahlem-air-base/,Spangdahlem Air Base,49.9758,6.6972,364,ETAD,air,Active
https://www.globalmilitary.net/airbases/split-airport/,Split Airport (Resnik Airport),43.5389,16.2981,24,LDSP,air,Active
https://www.globalmilitary.net/airbases/springfield-air-national-guard-base/,Springfield Air National Guard Base,39.8403,-83.8403,320,KSGH,air,Active
https://www.globalmilitary.net/airbases/srinagar-afs/,Srinagar AFS,33.9871,74.7742,1655,VISR,air,Active
https://www.globalmilitary.net/airbases/starokostiantyniv-air-base/,Starokostiantyniv Air Base,49.4906,27.1003,266,UKLS,air,Active
https://www.globalmilitary.net/airbases/stavanger/,Stavanger,58.8767,5.6375,7,NA,air,Active
https://www.globalmilitary.net/airbases/stefanovikeio-air-base/,Stefanovikeio Air Base (Αεροδρόμιο Στεφανοβικείου),39.4797,22.7669,45,LGSV,air,Active
https://www.globalmilitary.net/airbases/stens-air-base/,Såtenäs Air Base (F 7 Såtenäs),58.4361,12.72,NA,NA,air,Active
https://www.globalmilitary.net/airbases/step/,Step Air Base (Olovyannaya),51.0167,115.4333,NA,XIAS,air,Active
https://www.globalmilitary.net/airbases/stewart-air-national-guard-base/,Stewart Air National Guard Base,41.5027,-74.083,149,KSWF,air,Active
https://www.globalmilitary.net/airbases/stratton-air-national-guard-base/,Stratton Air National Guard Base,42.8525,-73.9289,115,KSCH,air,Active
https://www.globalmilitary.net/airbases/subi-reef-air-base/,Subi Reef Air Base (渚碧礁 Zamora Reef Air Base),10.9133,114.062,NA,NA,air,Active
https://www.globalmilitary.net/airbases/sultan-hasanuddin-air-force-base/,Sultan Hasanuddin Air Force Base (Mandai Airfield),-5.0617,119.5542,14,WAAA,air,Active
https://www.globalmilitary.net/airbases/sultan-iskandar-muda-air-force-base/,Sultan Iskandar Muda Air Force Base (Blangbintang Airport),5.5233,95.4203,20,WITT,air,Active
https://www.globalmilitary.net/airbases/sulur-afs/,Sulur AFS,11.0136,77.1597,381,VOSX,air,Active
https://www.globalmilitary.net/airbases/sumpter-smith-air-national-guard-base/,Sumpter Smith Air National Guard Base,33.5639,-86.7522,198,KBHM,air,Active
https://www.globalmilitary.net/airbases/sunchon-airport/,Sunchon Airport (순천비행장),39.4121,125.8905,42,ZKSC,air,Active
https://www.globalmilitary.net/airbases/sungam-ni-airport/,Sungam Ni Airport (Seungam-ni bihaengjang),41.6743,129.6765,28,NA,air,Active
https://www.globalmilitary.net/airbases/supadio-air-force-base/,Supadio Air Force Base (Sungai Durian Airport),-0.1506,109.4039,3,WIOO,air,Active
https://www.globalmilitary.net/airbases/surat-thani-international-airport/,Surat Thani International Airport (Donnok Airport),9.1325,99.1356,6,VTSB,air,Active
https://www.globalmilitary.net/airbases/suratgarh-afs/,Suratgarh AFS,29.3878,73.9039,169,NA,air,Active
https://www.globalmilitary.net/airbases/suryadarma-air-force-base/,Suryadarma Air Force Base (Kalijati Airfield),-6.5314,107.6592,110,WIHK,air,Active
https://www.globalmilitary.net/airbases/suwon-air-base/,Suwon Air Base,37.2386,127.0069,27,RKSW,air,Active
https://www.globalmilitary.net/airbases/suzhou-air-base/,Suzhou Air Base (苏州 Suzhou Guangfu Airport),31.2631,120.4008,9,ZSSZ,air,Active
https://www.globalmilitary.net/airbases/syzran/,Syzran Air Base,53.2222,48.5456,112,UWWS,air,Active
https://www.globalmilitary.net/airbases/szolnok-air-base/,Szolnok Air Base,47.1228,20.2353,98,LHSN,air,Active
https://www.globalmilitary.net/airbases/tabriz-air-base/,Tabriz Air Base,38.1339,46.235,1359,OITT,air,Active
https://www.globalmilitary.net/airbases/tachikawa-airfield/,Tachikawa Airfield,35.7108,139.4031,95,RJTC,air,Active
https://www.globalmilitary.net/airbases/taechon-airfield/,Taechon Airfield (태천비행장),39.9035,125.4893,36,NA,air,Active
https://www.globalmilitary.net/airbases/taetan-airport/,Taetan Airport (Taetan bihaengjang),38.1301,125.243,75,NA,air,Active
https://www.globalmilitary.net/airbases/tafraoui/,Tafraoui,35.483,-0.517,173,NA,air,Active
https://www.globalmilitary.net/airbases/taftanaz-air-base/,Taftanaz Air Base,35.9722,36.7831,313,NA,air,Active
https://www.globalmilitary.net/airbases/taganrog-central/,Taganrog-Central Air Base (Tsentralnyy),47.2461,38.84,45,URRC,air,Active
https://www.globalmilitary.net/airbases/taihe-air-base/,Taihe Air Base (泰和 Jinggangshan Airport),26.8572,114.7369,86,ZSGS,air,Active
https://www.globalmilitary.net/airbases/tain-air-weapons-range/,Tain Air Weapons Range,57.8111,-3.9733,NA,NA,air,Active
https://www.globalmilitary.net/airbases/tainan-air-base/,Tainan Air Base (Eineisho Airport),22.9504,120.2057,20,RCNN,air,Active
https://www.globalmilitary.net/airbases/takhli-royal-thai-air-force-base/,Takhli Royal Thai Air Force Base,15.2681,100.2922,NA,VTPI,air,Active
https://www.globalmilitary.net/airbases/tal-afar-air-base/,Tal Afar Air Base (FOB Sykes),36.2844,42.4047,300,ORTF,air,Inactive
https://www.globalmilitary.net/airbases/talara/,Talara Air Base (El Pato Air Base),-4.5764,-81.2541,85,SPYL,air,Active
https://www.globalmilitary.net/airbases/talavera-la-real-air-base/,Talavera la Real Air Base,38.8925,-6.82,185,LEBZ,air,Active
https://www.globalmilitary.net/airbases/taldykorgan-airport/,Taldykorgan Airport,45.1225,78.4428,592,UAAT,air,Active
https://www.globalmilitary.net/airbases/tallil-air-base/,Tallil Air Base (Imam Ali Air Base),30.9397,46.0925,6,ORTL,air,Active
https://www.globalmilitary.net/airbases/tamanrassetaguenar-daat/,Tamanrasset/Aguenar (Hadj Bey Akhamok Airport),22.8111,5.4508,1377,DAAT,air,Active
https://www.globalmilitary.net/airbases/tambaram-afs/,Tambaram AFS,12.9069,80.1211,27,VOTX,air,Active
https://www.globalmilitary.net/airbases/tambov/,Tambov Air Base (Vostochniy),52.7028,41.3736,169,NA,air,Active
https://www.globalmilitary.net/airbases/tamim-air-base/,Tamim Air Base (Dukhan Airbase),25.4672,51.0014,NA,NA,air,Active
https://www.globalmilitary.net/airbases/tampere-pirkkala-air-base/,Tampere-Pirkkala Air Base,61.4153,23.5878,119,EFTP,air,Active
https://www.globalmilitary.net/airbases/tampico-international-airport/,Tampico International Airport (Campo de Aviación George Lawrence Rihl),22.2964,-97.8659,24,MMTM,air,Active
https://www.globalmilitary.net/airbases/tan-son-nhut-air-base/,Tan Son Nhut Air Base (Căn cứ không quân Tân Sơn Nhứt),10.8189,106.6519,10,VVTS,air,Active
https://www.globalmilitary.net/airbases/tan-tan-airport/,Tan Tan Airport (Plage Blanche Airport),28.4483,-11.1614,199,GMAT,air,Active
https://www.globalmilitary.net/airbases/tanagra-air-base/,Tanagra Air Base,38.3398,23.565,148,LGTG,air,Active
https://www.globalmilitary.net/airbases/tandil/,Tandil Air Base (Heroes De Malvinas Airport),-37.2374,-59.2279,175,SAZT,air,Active
https://www.globalmilitary.net/airbases/tangshan-air-base/,Tangshan Air Base (唐山 Tangshan Sannühe Airport),39.7178,118.0028,NA,ZBTS,air,Active
https://www.globalmilitary.net/airbases/taoyuan-air-base/,Taoyuan Air Base (Taoyuan Naval Base),25.0563,121.2444,NA,RCGM,air,Closed
https://www.globalmilitary.net/airbases/tapachula-naval-air-base/,Tapachula Naval Air Base (Tapachula International Airport),14.7944,-92.37,30,MMTP,air,Active
https://www.globalmilitary.net/airbases/taszar-air-base/,Taszár Air Base,46.3933,17.9183,156,LHTA,air,Closed
https://www.globalmilitary.net/airbases/tateyama-air-field/,Tateyama Air Field,34.9875,139.8319,3,RJTE,air,Active
https://www.globalmilitary.net/airbases/tatoi-air-base/,Tatoi Air Base (Tatoi Airport),38.1094,23.7842,239,LGTT,air,Active
https://www.globalmilitary.net/airbases/taura/,Taura Air Base,-2.261,-79.6806,17,SETA,air,Active
https://www.globalmilitary.net/airbases/tawang-afs/,Tawang AFS,27.5886,91.8778,2669,VETW,air,Active
https://www.globalmilitary.net/airbases/tel-nof-airbase/,Tel Nof Airbase (RAF Aqir),31.8395,34.8218,59,LLEK,air,Active
https://www.globalmilitary.net/airbases/temp/,Temp Air Base (Northern Shamrock),75.7667,137.58,30,XEBT,air,Active
https://www.globalmilitary.net/airbases/tenerife-north-military-airfield/,Tenerife North Military Airfield,28.488,-16.3459,633,GCXO,air,Active
https://www.globalmilitary.net/airbases/tengah-air-base/,Tengah Air Base (RAF Tengah),1.3872,103.7086,15,WSAT,air,Active
https://www.globalmilitary.net/airbases/teofilo-mendez/,Teófilo Luis Méndez Air Base,7.5667,-72.0119,377,SVSO,air,Active
https://www.globalmilitary.net/airbases/ternhill-airfield/,Ternhill Airfield,52.8711,-2.5336,83,EGOE,air,Active
https://www.globalmilitary.net/airbases/tezpur-afs/,Tezpur AFS,26.7122,92.7872,73,VETZ,air,Active
https://www.globalmilitary.net/airbases/thanh-son-airbase/,Thanh Son Airbase (Thành Sơn Air Base),11.6336,108.9519,32,VVPR,air,Active
https://www.globalmilitary.net/airbases/thanjavur-afs/,Thanjavur AFS,10.7222,79.1014,77,VOTJ,air,Active
https://www.globalmilitary.net/airbases/thiruvananthapuram-afs/,Thiruvananthapuram AFS,8.48,76.92,4,VOTV,air,Active
https://www.globalmilitary.net/airbases/tho-xuan-airport/,Tho Xuan Airport (Thanh Hoá Air Base),19.9017,105.4678,18,VVTX,air,Active
https://www.globalmilitary.net/airbases/tianyang-air-base/,Tianyang Air Base (田阳 Baise Bama Airport),23.7197,106.9608,45,ZBGS,air,Active
https://www.globalmilitary.net/airbases/tijuana-international-airport/,Tijuana International Airport (General Abelardo L. Rodríguez International Airport),32.5411,-116.97,149,MMTJ,air,Active
https://www.globalmilitary.net/airbases/tikhoretsk/,Tikhoretsk Air Base,45.8786,40.1053,79,URKT,air,Active
https://www.globalmilitary.net/airbases/tiksi/,Tiksi Air Base,71.6975,128.9028,8,UEST,air,Active
https://www.globalmilitary.net/airbases/tinker-air-force-base/,Tinker Air Force Base,35.4147,-97.3867,393,KTIK,air,Active
https://www.globalmilitary.net/airbases/tiyas-air-base/,Tiyas Air Base (T-4 Air Base),34.5225,37.6297,NA,NA,air,Active
https://www.globalmilitary.net/airbases/tokachi-airfield/,Tokachi Airfield,42.8903,143.1583,86,RJCT,air,Active
https://www.globalmilitary.net/airbases/toksan-airport/,Toksan Airport (Deoksan bihaengjang),39.9971,127.6123,64,NA,air,Active
https://www.globalmilitary.net/airbases/toledo-air-national-guard-base/,Toledo Air National Guard Base,41.5875,-83.8125,208,KTOL,air,Active
https://www.globalmilitary.net/airbases/tolemaida-air-base/,Tolemaida Air Base (Teniente General Gustavo Rojas Pinilla Army Air Field),4.2447,-74.6497,493,SKTI,air,Active
https://www.globalmilitary.net/airbases/tolmachevo/,Tolmachevo Air Base (Novosibirsk),55.0125,82.6506,111,UNNT,air,Active
https://www.globalmilitary.net/airbases/tongxian-air-base/,Tongxian Air Base (Sanjianfang / Zhangjiawan Airport (三间房/张家湾机场)),39.8111,116.7083,NA,NA,air,Active
https://www.globalmilitary.net/airbases/tonopah-test-range-airport/,Tonopah Test Range Airport,37.7947,-116.7786,1692,KTNX,air,Active
https://www.globalmilitary.net/airbases/torrejon-air-base/,Torrejón Air Base,40.4967,-3.4458,618,LETO,air,Active
https://www.globalmilitary.net/airbases/torzhok/,Torzhok Air Base,57.0436,35.0031,169,UUET,air,Active
https://www.globalmilitary.net/airbases/trapani-air-base/,Trapani Air Base (Trapani–Birgi Airport),37.9114,12.488,8,LICT,air,Active
https://www.globalmilitary.net/airbases/travis-air-force-base/,Travis Air Force Base,38.2628,-121.9275,19,KSUU,air,Active
https://www.globalmilitary.net/airbases/truax-field-air-national-guard-base/,Truax Field Air National Guard Base,43.1397,-89.3375,270,KMSN,air,Active
https://www.globalmilitary.net/airbases/tsuiki-air-field/,Tsuiki Air Field,33.685,131.0403,17,RJFZ,air,Active
https://www.globalmilitary.net/airbases/tulsa-air-national-guard-base/,Tulsa Air National Guard Base,36.1983,-95.8881,206,KTUL,air,Active
https://www.globalmilitary.net/airbases/tulum-international-airport/,Tulum International Airport (Aeropuerto Internacional Felipe Carrillo Puerto),20.1722,-87.6606,20,MMTL,air,Active
https://www.globalmilitary.net/airbases/tulum-naval-air-base/,Tulum Naval Air Base (Base Aeronaval de Tulum / Estación Aeronaval Tulum),20.2273,-87.4382,10,MMTU,air,Active
https://www.globalmilitary.net/airbases/tuy-hoa-airport/,Tuy Hoa Airport (Tuy Hoa Air Base),13.0494,109.3336,6,VVTH,air,Active
https://www.globalmilitary.net/airbases/tuzla-air-base/,Tuzla Air Base (Tuzla International Airport),44.4586,18.7247,233,LQTZ,air,Active
https://www.globalmilitary.net/airbases/tympaki-air-base/,Tympaki Air Base (Tympaki Airport),35.0635,24.7659,2,LGTY,air,Active
https://www.globalmilitary.net/airbases/tyndall-air-force-base/,Tyndall Air Force Base,30.0786,-85.5764,5,KPAM,air,Active
https://www.globalmilitary.net/airbases/u-tapao-royal-thai-navy-airfield/,U-Tapao Royal Thai Navy Airfield,12.6797,101.005,13,VTBU,air,Active
https://www.globalmilitary.net/airbases/ubon-royal-thai-air-force-base/,Ubon Royal Thai Air Force Base,15.2511,104.87,124,VTUU,air,Active
https://www.globalmilitary.net/airbases/udhampur-afs/,Udhampur AFS,32.9019,75.1561,630,VIUM,air,Active
https://www.globalmilitary.net/airbases/udorn-royal-thai-air-force-base/,Udorn Royal Thai Air Force Base (Udon Thani International Airport),17.3863,102.788,176,VTUD,air,Active
https://www.globalmilitary.net/airbases/uglovoye/,Uglovoye Air Base (Tsentralnaya),43.3483,132.0592,29,UHIU,air,Active
https://www.globalmilitary.net/airbases/uiju-airfield/,Uiju Airfield,40.1517,124.4986,10,ZKUJ,air,Active
https://www.globalmilitary.net/airbases/ukrainka/,Ukrainka Air Base (Seryshevo),51.17,128.445,235,UHBU,air,Active
https://www.globalmilitary.net/airbases/united-states-air-force-academy/,United States Air Force Academy,38.9985,-104.8541,2212,NA,air,Active
https://www.globalmilitary.net/airbases/united-states-fleet-activities-sasebo/,United States Fleet Activities Sasebo,33.1628,129.7114,NA,NA,air,Active
https://www.globalmilitary.net/airbases/upavon-airfield/,Upavon Airfield,51.2906,-1.7783,175,EGDJ,air,Inactive
https://www.globalmilitary.net/airbases/uprun/,Uprun Air Base (Troitsk),54.3814,61.3514,238,USCU,air,Active
https://www.globalmilitary.net/airbases/urumiyeh-airport/,Urumiyeh Airport (Shahid Bakeri International Airport),37.6681,45.068600000000004,1324,OITR,air,Active
https://www.globalmilitary.net/airbases/uthman-air-base/,Uthman Air Base (قاعدة عثمان الجوية),29.5556,25.5875,132,NA,air,Active
https://www.globalmilitary.net/airbases/utsunomiya-air-field/,Utsunomiya Air Field,36.5144,139.8708,102,RJTU,air,Active
https://www.globalmilitary.net/airbases/uttarlai-afs/,Uttarlai AFS,25.8128,71.4822,152,VIUT,air,Active
https://www.globalmilitary.net/airbases/utti/,Utti,60.8819,26.9239,NA,NA,air,Active
https://www.globalmilitary.net/airbases/vaerlose-air-base/,Værløse Air Base (Flyvestation Værløse),55.7672,12.3433,18,EKVL,air,Closed
https://www.globalmilitary.net/airbases/vaernes-air-station/,Værnes Air Station,63.4576,10.9239,17,ENVA,air,Active
https://www.globalmilitary.net/airbases/vahdati-air-base/,Vahdati Air Base (Dezful Airport),32.4344,48.3976,142,OIAD,air,Active
https://www.globalmilitary.net/airbases/vance-air-force-base/,Vance Air Force Base,36.3392,-97.9164,398,KEND,air,Active
https://www.globalmilitary.net/airbases/vandenberg-space-force-base/,Vandenberg Space Force Base,34.7513,-120.5202,112,KVBG,air,Active
https://www.globalmilitary.net/airbases/varfolomeyevka/,Varfolomeyevka Air Base,44.2619,133.4092,173,UHIF,air,Active
https://www.globalmilitary.net/airbases/varna-airport/,Varna Airport (Летище Варна),43.2319,27.8253,70,LBWN,air,Active
https://www.globalmilitary.net/airbases/vasylkiv-air-base/,Vasylkiv Air Base,50.2333,30.3,205,UKKW,air,Active
https://www.globalmilitary.net/airbases/veracruz-naval-air-base/,Veracruz Naval Air Base (Veracruz International Airport (Las Bajadas / BASANVER)),19.1458,-96.1872,27,MMVR,air,Active
https://www.globalmilitary.net/airbases/vicente-landaeta-gil/,Vicente Landaeta Gil Air Base,10.075,-69.3586,613,SVBM,air,Active
https://www.globalmilitary.net/airbases/vidsel-air-base/,Vidsel Air Base (Krigsflygfält nr. 42),65.8753,20.15,182,ESPE,air,Active
https://www.globalmilitary.net/airbases/villa-reynolds/,Villa Reynolds Air Base,-33.73,-65.3874,486,SAOR,air,Active
https://www.globalmilitary.net/airbases/villafranca-air-base/,Villafranca Air Base (Verona Villafranca Airport),45.3964,10.8881,73,LIPX,air,Active
https://www.globalmilitary.net/airbases/villamor-air-base/,Villamor Air Base (Nichols Field),14.5086,121.0194,23,RPLL,air,Active
https://www.globalmilitary.net/airbases/villanubla-air-base/,Villanubla Air Base,41.7061,-4.8519,846,LEVD,air,Active
https://www.globalmilitary.net/airbases/viru-viru/,Viru Viru Air Base (Birubiru),-17.6448,-63.1354,373,SLVR,air,Active
https://www.globalmilitary.net/airbases/vitebsk-vostochny-airport/,Vitebsk Vostochny Airport (Vitebsk Southeast Airport),55.1267,30.3517,87,UMII,air,Active
https://www.globalmilitary.net/airbases/vng-tu-airfield/,Vũng Tàu Airfield (Cap St Jacques Airfield),10.3703,107.0933,NA,VVVT,air,Active
https://www.globalmilitary.net/airbases/vogler-air-base/,Vogler Air Base (Fliegerhorst Vogler),48.2333,14.1875,298,LOWL,air,Active
https://www.globalmilitary.net/airbases/volk-field-air-national-guard-base/,Volk Field Air National Guard Base,43.9389,-90.2536,277,KVOK,air,Active
https://www.globalmilitary.net/airbases/volkel-air-base/,Volkel Air Base,51.6572,5.6908,22,EHVK,air,Active
https://www.globalmilitary.net/airbases/voronezh-malshevo/,Voronezh Malshevo Air Base (Baltimore),51.6247,39.1314,153,UUOW,air,Active
https://www.globalmilitary.net/airbases/vozdvizhenka/,Vozdvizhenka Air Base (Ussuriysk),43.9122,131.9178,40,NA,air,Active
https://www.globalmilitary.net/airbases/voznesensk-air-base/,Voznesensk Air Base,47.5656,31.5172,266,UKOW,air,Active
https://www.globalmilitary.net/airbases/vrazhdebna-air-base/,Vrazhdebna Air Base (16th Transport Air Base),42.6953,23.4397,532,LBSF,air,Active
https://www.globalmilitary.net/airbases/vyazma/,Vyazma Air Base,55.1483,34.3833,242,NA,air,Active
https://www.globalmilitary.net/airbases/wadi-abu-rish-air-base/,Wadi Abu Rish Air Base (قاعدة وادي أبو الريش الجوية),28.975,31.6989,329,NA,air,Active
https://www.globalmilitary.net/airbases/wadi-al-jandali-air-base/,Wadi al Jandali Air Base,30.0503,31.8394,244,NA,air,Active
https://www.globalmilitary.net/airbases/wajir-airport/,Wajir Airport,1.73,40.09,231,HKWJ,air,Active
https://www.globalmilitary.net/airbases/wake-island-airfield/,Wake Island Airfield,19.2825,166.6367,7,PWAK,air,Active
https://www.globalmilitary.net/airbases/wangcun-air-base/,Wangcun Air Base (王村 Changzhi Wangcun Airport),36.2489,113.1264,NA,ZBCZ,air,Active
https://www.globalmilitary.net/airbases/warfield-air-national-guard-base/,Warfield Air National Guard Base,39.3256,-76.4139,6,KMTN,air,Active
https://www.globalmilitary.net/airbases/wattisham-flying-station/,Wattisham Flying Station (RAF Wattisham (former)),52.1269,0.9558,86,EGUW,air,Active
https://www.globalmilitary.net/airbases/weifang-air-base/,Weifang Air Base (潍坊 Weifang Nanyuan Airport),36.6469,119.1189,47,ZSWF,air,Active
https://www.globalmilitary.net/airbases/weihai-air-base/,Weihai Air Base (威海 Weihai International Airport),37.1869,122.2289,44,ZSWH,air,Active
https://www.globalmilitary.net/airbases/wensu-air-base/,Wensu Air Base (阿克 Aksu Hongqipo Airport),41.2631,80.2894,1163,ZWAK,air,Active
https://www.globalmilitary.net/airbases/westover-air-reserve-base/,Westover Air Reserve Base,42.1939,-72.5347,73,KCEF,air,Active
https://www.globalmilitary.net/airbases/wheeler-army-airfield/,Wheeler Army Airfield,21.48,-158.04,837,PHHI,air,Active
https://www.globalmilitary.net/airbases/wheeler-sack-army-airfield/,Wheeler-Sack Army Airfield,44.0556,-75.7194,210,KGTB,air,Active
https://www.globalmilitary.net/airbases/wheelus-air-base/,Wheelus Air Base (Mellaha Air Base),32.895,13.2803,11,HLLM,air,Closed
https://www.globalmilitary.net/airbases/whiteman-air-force-base/,Whiteman Air Force Base,38.7303,-93.5486,265,KSZL,air,Active
https://www.globalmilitary.net/airbases/wiener-neustadt-west-airport/,Wiener Neustadt West Airport (Flugplatz Wiener Neustadt West),47.8394,16.2216,287,LOXN,air,Active
https://www.globalmilitary.net/airbases/will-rogers-air-national-guard-base/,Will Rogers Air National Guard Base,35.3931,-97.6008,395,KOKC,air,Active
https://www.globalmilitary.net/airbases/wittmundhafen-air-base/,Wittmundhafen Air Base,53.5478,7.6672,8,ETNT,air,Active
https://www.globalmilitary.net/airbases/woensdrecht-air-base/,Woensdrecht Air Base,51.4489,4.3417,17,EHWO,air,Active
https://www.globalmilitary.net/airbases/wonju-air-base/,Wonju Air Base (Hoengseong Air Base),37.4592,127.9769,101,RKNW,air,Active
https://www.globalmilitary.net/airbases/wright-patterson-air-force-base/,Wright-Patterson Air Force Base,39.8231,-84.0494,251,KFFO,air,Active
https://www.globalmilitary.net/airbases/wuhu-air-base/,Wuhu Air Base (芜湖 Wuhu Wanli Airport),31.3908,118.4094,14,ZSWU,air,Active
https://www.globalmilitary.net/airbases/wunstorf-air-base/,Wunstorf Air Base (Advanced Landing Ground (ALG) B-116),52.4547,9.4289,57,ETNW,air,Active
https://www.globalmilitary.net/airbases/wuxu-air-base/,Wuxu Air Base (吴圩 Nanning Wuxu International Airport),22.6083,108.1756,128,ZGNN,air,Active
https://www.globalmilitary.net/airbases/wuyishan-air-base/,Wuyishan Air Base (武夷山 Wuyishan Airport),27.7008,118.0003,196,ZSWY,air,Active
https://www.globalmilitary.net/airbases/xiangtang-air-base/,Xiangtang Air Base (向塘 Nanchang Xiangtang Airport),28.4208,115.9244,NA,ZSCN,air,Active
https://www.globalmilitary.net/airbases/xijiao-air-base/,Xijiao Air Base (西郊 Beijing Xijiao Airport),39.9586,116.2567,50,ZBBB,air,Active
https://www.globalmilitary.net/airbases/xingning-air-base/,Xingning Air Base (軍用 Xingning Airport),24.1497,115.7572,NA,ZGXN,air,Active
https://www.globalmilitary.net/airbases/xinshe-army-heliport/,Xinshe Army Heliport (新社機場),24.2291,120.8155,459,RCWK,air,Active
https://www.globalmilitary.net/airbases/xinzhou-air-base/,"Xinzhou Air Base (新舟 Zunyi Airport, Zunyi Xinzhou Airport)",27.8111,107.2461,NA,ZUZY,air,Active
https://www.globalmilitary.net/airbases/yancheng-air-base/,Yancheng Air Base (盐城 Yancheng Nanyang International Airport),33.4261,120.2033,3,ZSYN,air,Active
https://www.globalmilitary.net/airbases/yaohu-air-base/,Yaohu Air Base (瑶湖 Nanchang Yaohu Airport),28.7017,116.1072,NA,ZSYH,air,Active
https://www.globalmilitary.net/airbases/yecheon-air-base/,Yecheon Air Base,36.6319,128.355,108,RKTY,air,Active
https://www.globalmilitary.net/airbases/yelahanka-afs/,Yelahanka AFS,13.1358,77.6075,888,VOYK,air,Active
https://www.globalmilitary.net/airbases/yeysk/,Yeysk Air Base,46.6835,38.2145,NA,URKE,air,Active
https://www.globalmilitary.net/airbases/yiwu-air-base/,Yiwu Air Base (义乌 Yiwu Airport),29.3447,120.0322,NA,ZSYW,air,Active
https://www.globalmilitary.net/airbases/yn-bi-air-base/,Yên Bái Air Base,21.733,104.854,NA,VVYB,air,Active
https://www.globalmilitary.net/airbases/yokota-air-base/,Yokota Air Base,35.7486,139.3486,140,RJTY,air,Active
https://www.globalmilitary.net/airbases/yongzhou-lingling-airport/,Yongzhou Lingling Airport,26.3387,111.61,104,ZGLG,air,Active
https://www.globalmilitary.net/airbases/yonpo-airfield/,Yonpo Airfield (K-27 Air Base),39.7906,127.5353,NA,NA,air,Closed
https://www.globalmilitary.net/airbases/youngstown-air-reserve-station/,Youngstown Air Reserve Station,41.2607,-80.6791,363,KYNG,air,Active
https://www.globalmilitary.net/airbases/ypenburg-air-base/,Ypenburg Air Base (Vliegveld Ypenburg),52.04,4.365,NA,EHYB,air,Closed
https://www.globalmilitary.net/airbases/yunnanyi-airport/,"Yunnanyi Airport (祥云 Xiangyun Air Base, Yunnanyi Airport)",25.4436,100.7342,NA,NA,air,Active
https://www.globalmilitary.net/airbases/zadar-airport/,Zadar Airport (Zemunik),44.1083,15.3467,88,LDZD,air,Active
https://www.globalmilitary.net/airbases/zagreb-airport/,Zagreb Airport (Pleso),45.7431,16.0689,108,LDZA,air,Active
https://www.globalmilitary.net/airbases/zahedan-international-airport/,Zahedan International Airport,29.4757,60.9062,1391,OIZH,air,Active
https://www.globalmilitary.net/airbases/zapopan-air-force-base/,Zapopan Air Force Base (Base Aérea Militar N° 5 Piloto Aviador Capitán Emilio Carranza Rodríguez),20.7468,-103.4612,1625,MMZP,air,Active
https://www.globalmilitary.net/airbases/zaragoza-air-base/,Zaragoza Air Base,41.6661,-1.0417,263,LEZG,air,Active
https://www.globalmilitary.net/airbases/zernograd/,Zernograd Air Base,46.8336,40.38,89,URRG,air,Active
https://www.globalmilitary.net/airbases/zhangjiakou-air-base/,Zhangjiakou Air Base (张家口 Zhangjiakou Ningyuan Airport),40.7394,114.9317,NA,ZBZJ,air,Active
https://www.globalmilitary.net/airbases/zhangye-southeast-air-base/,Zhangye Southeast Air Base (张掖 Zhangye Ganzhou Airport),38.8022,100.675,1591,ZLZY,air,Active
https://www.globalmilitary.net/airbases/zuoying-naval-airfield/,Zuoying Naval Airfield (Zuoying Naval Base),22.705,120.281,5,NA,air,Active
https://www.globalmilitary.net/naval_bases/aksaz-naval-base/,Aksaz Naval Base (Aksaz Deniz Üssü),36.8345,28.39,NA,NA,naval,Active
https://www.globalmilitary.net/naval_bases/arsenal-de-la-carraca/,Arsenal de La Carraca (La Carraca),36.4958,-6.1772,NA,NA,naval,Active
https://www.globalmilitary.net/naval_bases/ashdod-naval-base/,Ashdod Naval Base (Southern Arena),31.8211,34.6436,NA,NA,naval,Active
https://www.globalmilitary.net/naval_bases/atlit-naval-base/,Atlit Naval Base,32.7053,34.9339,NA,NA,naval,Active
https://www.globalmilitary.net/naval_bases/augusta-naval-base/,Augusta Naval Base (Arsenale Militare Marittimo di Augusta),37.2298,15.2174,NA,NA,naval,Active
https://www.globalmilitary.net/naval_bases/azov-naval-base/,Azov Naval Base (Азовська військово-морська база),46.7527,36.7775,NA,NA,naval,Inactive
https://www.globalmilitary.net/naval_bases/baltiysk/,Baltiysk Naval Base (Pillau),54.65,19.917,NA,NA,naval,Active
https://www.globalmilitary.net/naval_bases/bandar-abbas-naval-base/,Bandar Abbas Naval Base,27.1417,56.2053,NA,NA,naval,Active
https://www.globalmilitary.net/naval_bases/bandar-anzali-naval-base/,Bandar Anzali Naval Base (Bandar-e Pahlavi),37.4573,49.6116,NA,NA,naval,Active
https://www.globalmilitary.net/naval_bases/bandar-mahshahr-naval-base/,Bandar Mahshahr Naval Base,NA,NA,NA,NA,naval,Active
https://www.globalmilitary.net/naval_bases/bartin-naval-base/,Bartın Naval Base (Bartın Deniz Üssü),41.6825,32.2382,NA,NA,naval,Active
https://www.globalmilitary.net/naval_bases/bdssu-sembawang/,British Defence Singapore Support Unit (HMNB Singapore),1.463,103.8333,NA,NA,naval,Active
https://www.globalmilitary.net/naval_bases/berenice-naval-base/,Berenice Naval Base (Berenice Military Base),23.9561,35.5665,NA,NA,naval,Active
https://www.globalmilitary.net/naval_bases/brest-naval-base/,Brest Naval Base (l'arsenal de Brest),48.3867,-4.4967,NA,NA,naval,Active
https://www.globalmilitary.net/naval_bases/busan-naval-base/,Busan Naval Base (부산 해군기지),35.0967,129.1039,NA,NA,naval,Active
https://www.globalmilitary.net/naval_bases/bushehr-naval-base/,Bushehr Naval Base,28.9091,50.8569,NA,NA,naval,Active
https://www.globalmilitary.net/naval_bases/camp-de-la-paix/,Camp de la Paix (Implantation militaire française aux Émirats arabes unis),24.5215,54.3961,NA,NA,naval,Active
https://www.globalmilitary.net/naval_bases/camp-lemonnier/,Camp Lemonnier,11.5436,43.1486,NA,NA,naval,Active
https://www.globalmilitary.net/naval_bases/cartagena-naval-base/,Cartagena Naval Base (Arsenal de Cartagena),37.6012,-0.9926,NA,NA,naval,Active
https://www.globalmilitary.net/naval_bases/cfb-esquimalt/,CFB Esquimalt (Canadian Forces Base Esquimalt),48.4311,-123.4317,NA,NA,naval,Active
https://www.globalmilitary.net/naval_bases/cfb-halifax/,CFB Halifax (Canadian Forces Base Halifax),44.6566,-63.5791,NA,NA,naval,Active
https://www.globalmilitary.net/naval_bases/chabahar-naval-base/,Chabahar Naval Base (Imam Ali Naval Base),NA,NA,NA,NA,naval,Active
https://www.globalmilitary.net/naval_bases/cherbourg-naval-base/,Cherbourg Naval Base,49.6525,-1.6342,NA,NA,naval,Active
https://www.globalmilitary.net/naval_bases/crete-naval-base/,Crete Naval Base (Souda Bay),35.4963,24.1476,NA,NA,naval,Active
https://www.globalmilitary.net/naval_bases/degrad-des-cannes-naval-base/,Dégrad des Cannes Naval Base,4.8546,-52.2745,NA,NA,naval,Active
https://www.globalmilitary.net/naval_bases/den-helder-naval-base/,Den Helder Naval Base (Nieuwe Haven),52.9499,4.7919,NA,NA,naval,Active
https://www.globalmilitary.net/naval_bases/djibouti-french-naval-base/,Djibouti Naval Base (Naval Base of Héron),11.6214,43.1495,NA,NA,naval,Active
https://www.globalmilitary.net/naval_bases/east-cove-military-port/,East Cove Military Port (East Cove Port),-51.8992,-58.4559,NA,NA,naval,Active
https://www.globalmilitary.net/naval_bases/eckernforde-naval-base/,Eckernförde Naval Base (Kranzfelder-Hafen),54.4727,9.8616,NA,NA,naval,Active
https://www.globalmilitary.net/naval_bases/eilat-naval-base/,Eilat Naval Base,29.545,34.951,NA,NA,naval,Active
https://www.globalmilitary.net/naval_bases/erdek-naval-base/,Erdek Naval Base (Erdek Deniz Üssü),40.3909,27.8038,NA,NA,naval,Active
https://www.globalmilitary.net/naval_bases/ferrol-naval-base/,Ferrol Naval Base (Arsenal de Ferrol),43.4797,-8.2371,NA,NA,naval,Active
https://www.globalmilitary.net/naval_bases/fiery-cross-reef/,Fiery Cross Reef (Yongshu Jiao),9.5492,112.8892,NA,NA,naval,Active
https://www.globalmilitary.net/naval_bases/fleet-activities-chinhae/,Fleet Activities Chinhae (CFAC),NA,NA,NA,NA,naval,Active
https://www.globalmilitary.net/naval_bases/fleet-activities-sasebo/,Fleet Activities Sasebo,33.1628,129.7114,NA,NA,naval,Active
https://www.globalmilitary.net/naval_bases/fleet-activities-yokosuka/,Fleet Activities Yokosuka (Yokosuka Naval Base),35.2932,139.6713,NA,NA,naval,Active
https://www.globalmilitary.net/naval_bases/foca-naval-base/,Foça Naval Base (Foça Deniz Üssü),38.6339,26.7668,NA,NA,naval,Active
https://www.globalmilitary.net/naval_bases/fokino/,Fokino Naval Base (Shkotovo-17),42.967,132.4,NA,NA,naval,Active
https://www.globalmilitary.net/naval_bases/fort-de-france-naval-base/,Fort-de-France Naval Base (Fort Royal),14.5999,-61.0664,NA,NA,naval,Active
https://www.globalmilitary.net/naval_bases/gadzhiyevo/,Gadzhiyevo Naval Base (Yagelnaya Guba),69.2503,33.315,NA,NA,naval,Active
https://www.globalmilitary.net/naval_bases/golcuk-naval-base/,Gölcük Naval Base (Gölcük Deniz Ana Üssü),40.723,29.803,NA,NA,naval,Active
https://www.globalmilitary.net/naval_bases/haifa-naval-base/,Haifa Naval Base,32.8302,34.9934,NA,NA,naval,Active
https://www.globalmilitary.net/naval_bases/hm-naval-base-gibraltar/,"HM Naval Base Gibraltar (HM Dockyard, Gibraltar)",36.1408,-5.3536,NA,NA,naval,Active
https://www.globalmilitary.net/naval_bases/hmas-cairns/,HMAS Cairns,-16.9356,145.7778,NA,NA,naval,Active
https://www.globalmilitary.net/naval_bases/hmas-cerberus/,HMAS Cerberus (Flinders Naval Depot),-38.367,145.187,NA,NA,naval,Active
https://www.globalmilitary.net/naval_bases/hmas-coonawarra/,HMAS Coonawarra (Darwin),-12.4586,130.8217,NA,NA,naval,Active
https://www.globalmilitary.net/naval_bases/hmas-creswell/,HMAS Creswell,-35.1256,150.7078,NA,NA,naval,Active
https://www.globalmilitary.net/naval_bases/hmas-kuttabul/,HMAS Kuttabul (Fleet Base East),-33.8625,151.2267,NA,NA,naval,Active
https://www.globalmilitary.net/naval_bases/hmas-penguin/,HMAS Penguin (Balmoral Naval Depot),-33.8277,151.2585,NA,NA,naval,Active
https://www.globalmilitary.net/naval_bases/hmas-stirling/,HMAS Stirling (Fleet Base West),-32.2417,115.6833,NA,YGAD,naval,Active
https://www.globalmilitary.net/naval_bases/hmas-waterhen/,HMAS Waterhen,-33.8411,151.1944,NA,NA,naval,Active
https://www.globalmilitary.net/naval_bases/hmas-watson/,HMAS Watson (HMAS Radar),-33.837,151.28,NA,NA,naval,Active
https://www.globalmilitary.net/naval_bases/hmnb-clyde/,HMNB Clyde (Faslane),56.0661,-4.8175,NA,NA,naval,Active
https://www.globalmilitary.net/naval_bases/hmnb-devonport/,"HMNB Devonport (HM Dockyard, Devonport)",50.385,-4.185,NA,NA,naval,Active
https://www.globalmilitary.net/naval_bases/hmnb-portsmouth/,"HMNB Portsmouth (HM Dockyard, Portsmouth)",50.8042,-1.1025,NA,NA,naval,Active
https://www.globalmilitary.net/naval_bases/ile-longue/,Île Longue (Enez-Hir),48.3064,-4.5067,NA,NA,naval,Active
https://www.globalmilitary.net/naval_bases/ins-dwarka/,INS Dwarka,22.4322,69.0408,NA,NA,naval,Active
https://www.globalmilitary.net/naval_bases/ins-dweeprakshak/,INS Dweeprakshak,10.5669,72.642,NA,NA,naval,Active
https://www.globalmilitary.net/naval_bases/ins-jarawa/,INS Jarawa,11.6743,92.7356,NA,NA,naval,Active
https://www.globalmilitary.net/naval_bases/ins-jatayu/,INS Jatayu,8.2719,73.0213,NA,NA,naval,Active
https://www.globalmilitary.net/naval_bases/ins-kadamba/,INS Kadamba (Naval Base Karwar),14.7642,74.1284,NA,NA,naval,Active
https://www.globalmilitary.net/naval_bases/ins-kalinga/,INS Kalinga,17.8579,83.4155,NA,NA,naval,Active
https://www.globalmilitary.net/naval_bases/ins-kardip/,INS Kardip,NA,NA,NA,NA,naval,Active
https://www.globalmilitary.net/naval_bases/ins-kattabomman/,INS Kattabomman (Project Skylark),8.387,77.7529,NA,NA,naval,Active
https://www.globalmilitary.net/naval_bases/ins-sardar-patel/,"INS Sardar Patel (Naval Station, Porbandar)",21.6746,69.6058,NA,NA,naval,Active
https://www.globalmilitary.net/naval_bases/ins-vajrabahu/,INS Vajrabahu,18.9262,72.8365,NA,NA,naval,Active
https://www.globalmilitary.net/naval_bases/ins-varsha/,INS Varsha,17.4305,82.8773,NA,NA,naval,NA
https://www.globalmilitary.net/naval_bases/ins-venduruthy/,INS Venduruthy (HMIS Venduruthy),9.9532,76.2785,NA,NA,naval,Active
https://www.globalmilitary.net/naval_bases/ins-virbahu/,INS Virbahu,17.6997,83.2706,NA,NA,naval,Active
https://www.globalmilitary.net/naval_bases/iskenderun-naval-base/,İskenderun Naval Base (İskenderun Deniz Üssü),36.5926,36.1899,NA,NA,naval,Active
https://www.globalmilitary.net/naval_bases/jask-naval-base/,Jask Naval Base (Bandar-e Jask),25.6333,57.7667,NA,NA,naval,Active
https://www.globalmilitary.net/naval_bases/jeb-little-creek-fort-story/,Joint Expeditionary Base Little Creek–Fort Story,36.9187,-76.1911,NA,NA,naval,Active
https://www.globalmilitary.net/naval_bases/jeju-naval-base/,Jeju Naval Base (Jeju Civilian-Military Complex Port),33.228,126.484,NA,NA,naval,Active
https://www.globalmilitary.net/naval_bases/jianggezhuang-naval-base/,Jianggezhuang Naval Base (Submarine Base No.1),36.1108,120.5758,NA,NA,naval,Active
https://www.globalmilitary.net/naval_bases/jinhae-naval-base/,Jinhae Naval Base (Chinhae),35.1333,128.6333,NA,NA,naval,Active
https://www.globalmilitary.net/naval_bases/jinnah-naval-base/,Jinnah Naval Base (Ormara),25.2011,64.6672,NA,NA,naval,Active
https://www.globalmilitary.net/naval_bases/jmsdf-kure-naval-base/,JMSDF Kure Naval Base (呉基地),34.2294,132.5497,NA,NA,naval,Active
https://www.globalmilitary.net/naval_bases/jmsdf-maizuru-naval-base/,JMSDF Maizuru Naval Base (舞鶴基地),35.4746,135.3714,NA,NA,naval,Active
https://www.globalmilitary.net/naval_bases/jmsdf-ominato-naval-base/,JMSDF Ōminato Naval Base (大湊基地),41.2328,141.1322,NA,RJSO,naval,Active
https://www.globalmilitary.net/naval_bases/jmsdf-sasebo-naval-base/,JMSDF Sasebo Naval Base (佐世保地方隊),33.1621,129.7124,NA,NA,naval,Active
https://www.globalmilitary.net/naval_bases/jmsdf-yokosuka-naval-base/,JMSDF Yokosuka Naval Base (横須賀基地),35.2861,139.6539,NA,NA,naval,Active
https://www.globalmilitary.net/naval_bases/joint-base-pearl-harbor-hickam/,Joint Base Pearl Harbor–Hickam,21.3492,-157.9439,NA,NA,naval,Active
https://www.globalmilitary.net/naval_bases/jsdf-base-djibouti/,JSDF Base Djibouti (ジブチ共和国における自衛隊拠点),11.5531,43.1442,NA,NA,naval,Active
https://www.globalmilitary.net/naval_bases/july-3-naval-base/,July 3 Naval Base (Gargoub Naval Base),31.4869,26.5764,NA,NA,naval,Active
https://www.globalmilitary.net/naval_bases/kalmat-naval-base/,Kalmat Naval Base,25.4089,64.0769,NA,NA,naval,NA
https://www.globalmilitary.net/naval_bases/karachi-naval-dockyard/,Karachi Naval Dockyard (PN Dockyard),24.8328,66.9718,NA,NA,naval,Active
https://www.globalmilitary.net/naval_bases/kaspiysk/,Kaspiysk Naval Base (Dvigatelstroy),42.8803,47.6383,NA,NA,naval,Active
https://www.globalmilitary.net/naval_bases/kiel-naval-base/,Kiel Naval Base (Marinestützpunkt Kiel),54.3569,10.1439,NA,NA,naval,Active
https://www.globalmilitary.net/naval_bases/king-abdulaziz-naval-base/,King Abdulaziz Naval Base (Jubail),26.98,49.69,NA,NA,naval,Active
https://www.globalmilitary.net/naval_bases/king-faisal-naval-base/,King Faisal Naval Base (Jeddah),21.3425,39.1767,NA,OEJF,naval,Active
https://www.globalmilitary.net/naval_bases/konarak-naval-base/,Konarak Naval Base,25.3051,60.4366,NA,NA,naval,Active
https://www.globalmilitary.net/naval_bases/kronstadt/,Kronstadt Naval Base (Кронштадт),59.9908,29.7747,NA,NA,naval,Active
https://www.globalmilitary.net/naval_bases/la-spezia-naval-base/,La Spezia Naval Base (Arsenale di La Spezia),44.1,9.8167,NA,NA,naval,Active
https://www.globalmilitary.net/naval_bases/las-palmas-naval-base/,Las Palmas Naval Base (Arsenal de Las Palmas),28.1353,-15.4268,NA,NA,naval,Active
https://www.globalmilitary.net/naval_bases/leningrad-naval-base/,Leningrad Naval Base (Petrograd Naval Base),59.9909,29.7812,NA,NA,naval,Active
https://www.globalmilitary.net/naval_bases/longpo-naval-base/,Longpo Naval Base (East Yulin Naval Base),18.2028,109.6947,NA,NA,naval,Active
https://www.globalmilitary.net/naval_bases/lushun-port/,Lüshun Naval Base (Port Arthur),38.802,121.266,NA,NA,naval,Active
https://www.globalmilitary.net/naval_bases/madeira-island-submarine-base/,Madeira Island Submarine Base (BSIM),-22.9306,-43.8491,NA,NA,naval,Active
https://www.globalmilitary.net/naval_bases/makhachkala/,Makhachkala Naval Base (Port-Petrovsk),42.9825,47.505,NA,NA,naval,Active
https://www.globalmilitary.net/naval_bases/mar-del-plata-naval-base/,Mar del Plata Naval Base,-38.0361,-57.535,NA,NA,naval,Active
https://www.globalmilitary.net/naval_bases/mischief-reef/,Mischief Reef (Meiji Reef),9.9167,115.5333,NA,NA,naval,Active
https://www.globalmilitary.net/naval_bases/mount-carmel-naval-base/,Mount Carmel Naval Base (Betzet),NA,NA,NA,NA,naval,Active
https://www.globalmilitary.net/naval_bases/naval-amphibious-base-coronado/,Naval Amphibious Base Coronado (NAB Coronado),32.6755,-117.1607,NA,NA,naval,Active
https://www.globalmilitary.net/naval_bases/naval-base-coronado/,Naval Base Coronado,32.6992,-117.2153,NA,NA,naval,Active
https://www.globalmilitary.net/naval_bases/naval-base-guam/,Naval Base Guam (The Pacific Supermarket),13.44,144.6525,NA,NA,naval,Active
https://www.globalmilitary.net/naval_bases/naval-base-kitsap/,Naval Base Kitsap,47.7206,-122.7131,NA,NA,naval,Active
https://www.globalmilitary.net/naval_bases/naval-base-point-loma/,Naval Base Point Loma (Fort Rosecrans),32.6769,-117.2447,NA,NA,naval,Active
https://www.globalmilitary.net/naval_bases/naval-base-san-diego/,"Naval Base San Diego (U.S. Destroyer Base, San Diego)",32.6848,-117.13,NA,NA,naval,Active
https://www.globalmilitary.net/naval_bases/naval-base-ventura-county/,Naval Base Ventura County (NBVC),34.1203,-119.1211,NA,NA,naval,Active
https://www.globalmilitary.net/naval_bases/naval-dockyard-mumbai/,Naval Dockyard Mumbai (Bombay Dockyard),18.9286,72.8411,NA,NA,naval,Active
https://www.globalmilitary.net/naval_bases/naval-dockyard-visakhapatnam/,Naval Dockyard Visakhapatnam,17.7,83.266,NA,NA,naval,Active
https://www.globalmilitary.net/naval_bases/naval-station-everett/,Naval Station Everett,47.9926,-122.2183,NA,NA,naval,Active
https://www.globalmilitary.net/naval_bases/naval-station-great-lakes/,Naval Station Great Lakes (Great Lakes Naval Training Station),42.31,-87.85,NA,NA,naval,Active
https://www.globalmilitary.net/naval_bases/naval-station-guantanamo-bay/,Naval Station Guantanamo Bay (Base Naval de la Bahía de Guantánamo),19.9175,-75.16,NA,MUGM,naval,Active
https://www.globalmilitary.net/naval_bases/naval-station-mayport/,Naval Station Mayport (Admiral David L. McDonald Field),30.3919,-81.4236,NA,NA,naval,Active
https://www.globalmilitary.net/naval_bases/naval-station-newport/,Naval Station Newport (Newport Training Station),41.5222,-71.3089,NA,NA,naval,Active
https://www.globalmilitary.net/naval_bases/naval-station-norfolk/,Naval Station Norfolk (Naval Operating Base Norfolk),36.945,-76.3131,NA,NA,naval,Active
https://www.globalmilitary.net/naval_bases/naval-station-rota/,Naval Station Rota (Base Naval de Rota),36.6208,-6.3316,NA,NA,naval,Active
https://www.globalmilitary.net/naval_bases/naval-submarine-base-kings-bay/,Naval Submarine Base Kings Bay,30.7817,-81.535,NA,NA,naval,Active
https://www.globalmilitary.net/naval_bases/naval-submarine-base-new-london/,Naval Submarine Base New London,41.398,-72.087,NA,NA,naval,Active
https://www.globalmilitary.net/naval_bases/ngong-shuen-chau-naval-base/,Ngong Shuen Chau Naval Base (昂船洲海軍基地),22.3222,114.1361,NA,NA,naval,Active
https://www.globalmilitary.net/naval_bases/ningbo-naval-base/,Ningbo Naval Base (East Sea Fleet),NA,NA,NA,NA,naval,Active
https://www.globalmilitary.net/naval_bases/norfolk-naval-shipyard/,Norfolk Naval Shipyard (Gosport Shipyard),36.8153,-76.2972,NA,NA,naval,Active
https://www.globalmilitary.net/naval_bases/novorossiysk/,Novorossiysk Naval Base,44.717,37.783,NA,NA,naval,Active
https://www.globalmilitary.net/naval_bases/nsa-bahrain/,Naval Support Activity Bahrain (HMS Juffair),26.2097,50.6097,NA,NA,naval,Active
https://www.globalmilitary.net/naval_bases/nsa-charleston/,Naval Support Activity Charleston (Naval Weapons Station Charleston),32.9655,-79.9713,NA,NA,naval,Active
https://www.globalmilitary.net/naval_bases/nsa-naples/,Naval Support Activity Naples,40.8824,14.2924,NA,NA,naval,Active
https://www.globalmilitary.net/naval_bases/nsa-panama-city/,Naval Support Activity Panama City (U.S. Navy Mine Countermeasures Station),30.1733,-85.75,NA,NA,naval,Active
https://www.globalmilitary.net/naval_bases/nsf-deveselu/,Naval Support Facility Deveselu (Baza Militară 99 Deveselu),44.0787,24.4134,NA,NA,naval,Active
https://www.globalmilitary.net/naval_bases/nsf-diego-garcia/,Naval Support Facility Diego Garcia,-7.3133,72.4111,NA,NA,naval,Active
https://www.globalmilitary.net/naval_bases/nsf-redzikowo/,Naval Support Facility Redzikowo (Naval Support Facility-Redzikowo),54.4799,17.101,NA,NA,naval,Active
https://www.globalmilitary.net/naval_bases/nws-earle/,Naval Weapons Station Earle (Naval Ammunition Depot Earle),40.2649,-74.1613,NA,NA,naval,Active
https://www.globalmilitary.net/naval_bases/nws-seal-beach/,Naval Weapons Station Seal Beach,33.75,-118.0667,NA,NA,naval,Active
https://www.globalmilitary.net/naval_bases/nws-yorktown/,"Naval Weapons Station Yorktown (Navy Mine Depot, Yorktown)",37.2359,-76.5492,NA,NA,naval,Active
https://www.globalmilitary.net/naval_bases/ochamchire/,Ochamchire Naval Base (Очамчира (пункт базирования)),42.7425,41.4267,NA,NA,naval,NA
https://www.globalmilitary.net/naval_bases/olenya-bay/,Olenya Bay Naval Base (Olenya Guba),69.2142,33.37,NA,NA,naval,Active
https://www.globalmilitary.net/naval_bases/pearl-harbor-naval-shipyard/,Pearl Harbor Naval Shipyard (Navy Yard Pearl Harbor),21.351,-157.957,NA,NA,naval,Active
https://www.globalmilitary.net/naval_bases/pla-support-base-djibouti/,PLA Support Base in Djibouti (中国人民解放军驻吉布提保障基地),11.5875,43.0608,NA,NA,naval,Active
https://www.globalmilitary.net/naval_bases/pns-akram/,PNS Akram (Gwadar),25.1009,62.3729,NA,NA,naval,Active
https://www.globalmilitary.net/naval_bases/pns-himalaya/,PNS Himalaya (HMIS Himalaya),24.8116,66.9512,NA,NA,naval,Active
https://www.globalmilitary.net/naval_bases/pns-qasim/,PNS Qasim,24.79,66.9797,NA,NA,naval,Active
https://www.globalmilitary.net/naval_bases/polyarny/,Polyarny Naval Base (Alexandrovsk),69.2,33.467,NA,NA,naval,Active
https://www.globalmilitary.net/naval_bases/portsmouth-naval-shipyard/,Portsmouth Naval Shipyard (Portsmouth Navy Yard),43.0789,-70.7342,NA,NA,naval,Active
https://www.globalmilitary.net/naval_bases/puerto-belgrano-naval-base/,Puerto Belgrano Naval Base (Base Naval Puerto Belgrano),-38.8869,-62.0978,NA,NA,naval,Active
https://www.globalmilitary.net/naval_bases/puget-sound-naval-shipyard/,Puget Sound Naval Shipyard (Navy Yard Puget Sound),47.5586,-122.6358,NA,NA,naval,Active
https://www.globalmilitary.net/naval_bases/qeshm-naval-base/,Qeshm Naval Base,26.7174,55.9731,NA,NA,naval,Active
https://www.globalmilitary.net/naval_bases/qingdao-naval-base/,Qingdao Naval Base (Qingdao Naval Base),36.0958,120.3132,NA,NA,naval,Active
https://www.globalmilitary.net/naval_bases/ream-naval-base/,Ream Naval Base,10.5072,103.6119,NA,NA,naval,Active
https://www.globalmilitary.net/naval_bases/rio-de-janeiro-navy-arsenal/,Rio de Janeiro Navy Arsenal (Arsenal de Marinha do Rio de Janeiro),-22.8964,-43.1742,NA,NA,naval,Active
https://www.globalmilitary.net/naval_bases/rnad-coulport/,RNAD Coulport,56.05,-4.88,NA,NA,naval,Active
https://www.globalmilitary.net/naval_bases/salamis-naval-base/,Salamis Naval Base (Nafstathmos Salaminas),37.9736,23.5333,NA,NA,naval,Active
https://www.globalmilitary.net/naval_bases/sevastopol/,Sevastopol Naval Base,44.6078,33.53,NA,NA,naval,Active
https://www.globalmilitary.net/naval_bases/severodvinsk/,Severodvinsk Naval Base (Molotovsk),64.567,39.867,NA,NA,naval,Active
https://www.globalmilitary.net/naval_bases/severomorsk/,Severomorsk Naval Base (Vayenga),69.067,33.417,NA,NA,naval,Active
https://www.globalmilitary.net/naval_bases/southern-naval-base-ukraine/,Southern Naval Base (Південна військово-морська база),45.3975,33.1283,NA,NA,naval,Inactive
https://www.globalmilitary.net/naval_bases/subi-reef/,Subi Reef (Zhubi Reef),10.9133,114.062,NA,NA,naval,Active
https://www.globalmilitary.net/naval_bases/surmene-naval-base/,Sürmene Naval Base (Sürmene Deniz Üssü),40.9142,40.1125,NA,NA,naval,Active
https://www.globalmilitary.net/naval_bases/taranto-naval-base/,Taranto Naval Base (Arsenale Militare Marittimo di Taranto),40.4751,17.2471,NA,NA,naval,Active
https://www.globalmilitary.net/naval_bases/tartus/,Tartus Naval Base (720th Material-Technical Support Point),34.915,35.875,NA,NA,naval,Inactive
https://www.globalmilitary.net/naval_bases/toulon-naval-base/,Toulon Naval Base (Arsenal de Toulon),43.1194,5.9164,NA,NA,naval,Active
https://www.globalmilitary.net/naval_bases/ukjlsb-duqm/,UK Joint Logistics Support Base Duqm (UKJLSB),19.6686,57.7061,NA,NA,naval,Active
https://www.globalmilitary.net/naval_bases/uknsf-bahrain/,UK Naval Support Facility Bahrain (HMS Jufair),26.2056,50.6153,NA,NA,naval,Active
https://www.globalmilitary.net/naval_bases/ushuaia-naval-base/,Ushuaia Naval Base (Almirante Berisso),-54.8028,-68.2972,NA,NA,naval,Active
https://www.globalmilitary.net/naval_bases/vidyayevo/,Vidyayevo Naval Base (Uritsa),69.317,32.8,NA,NA,naval,Active
https://www.globalmilitary.net/naval_bases/vilyuchinsk/,Vilyuchinsk Naval Base (Rybachy),52.9306,158.4028,NA,NA,naval,Active
https://www.globalmilitary.net/naval_bases/vladivostok/,Vladivostok Naval Base,43.115,131.8853,NA,NA,naval,Active
https://www.globalmilitary.net/naval_bases/warnemunde-naval-base/,Warnemünde Naval Base (Hohe Düne),54.1764,12.1161,NA,NA,naval,Active
https://www.globalmilitary.net/naval_bases/western-naval-base/,Western Naval Base (Західна військово-морська база),NA,NA,NA,NA,naval,Active
https://www.globalmilitary.net/naval_bases/wilhelmshaven-naval-base/,Wilhelmshaven Naval Base (Heppenser Groden),53.5342,8.155,NA,NA,naval,Active
https://www.globalmilitary.net/naval_bases/yuchi-naval-base/,Yuchi Naval Base (Navy Comprehensive Support Base Qingdao),35.7236,119.9967,NA,NA,naval,Active
https://www.globalmilitary.net/naval_bases/yulin-naval-base/,Yulin Naval Base (榆林海军基地),18.2253,109.5292,NA,NA,naval,Active
https://www.globalmilitary.net/naval_bases/zapadnaya-litsa/,Zapadnaya Litsa Naval Base (Basis Nord),69.4383,32.417,NA,NA,naval,Active
https://www.globalmilitary.net/naval_bases/zhanjiang-naval-base/,Zhanjiang Naval Base (South Sea Fleet),21.2059,110.3946,NA,NA,naval,Active
https://www.globalmilitary.net/naval_bases/zhoushan-naval-base/,Zhoushan Naval Base,30.0106,122.0656,NA,NA,naval,Active
https://www.globalmilitary.net/naval_bases/zuoying-naval-base/,Zuoying Naval Base (海軍左營基地),22.6945,120.271,NA,NA,naval,Active
https://www.globalmilitary.net/rankings/airbases/africa/,Military Airbases by Country (Africa),NA,NA,NA,NA,air,NA
https://www.globalmilitary.net/rankings/airbases/america/,Military Airbases by Country (Americas),NA,NA,NA,NA,air,NA
https://www.globalmilitary.net/rankings/airbases/asia/,Military Airbases by Country (Asia),NA,NA,NA,NA,air,NA
https://www.globalmilitary.net/rankings/airbases/europe/,Military Airbases by Country (Europe),NA,NA,NA,NA,air,NA
https://www.globalmilitary.net/rankings/airbases/oceania/,Military Airbases by Country (Oceania),NA,NA,NA,NA,air,NA
https://www.globalmilitary.net/rankings/naval_bases/africa/,Naval Bases by Country (Africa),NA,NA,NA,NA,naval,NA
https://www.globalmilitary.net/rankings/naval_bases/america/,Naval Bases by Country (Americas),NA,NA,NA,NA,naval,NA
https://www.globalmilitary.net/rankings/naval_bases/asia/,Naval Bases by Country (Asia),NA,NA,NA,NA,naval,NA
https://www.globalmilitary.net/rankings/naval_bases/europe/,Naval Bases by Country (Europe),NA,NA,NA,NA,naval,NA
https://www.globalmilitary.net/rankings/naval_bases/oceania/,Naval Bases by Country (Oceania),NA,NA,NA,NA,naval,NA
