"","MonitoringLocationIdentifier","LatitudeMeasure","LongitudeMeasure","ActivityStartDate","OrganizationIdentifier","11Cl-PF3OUdS","3:3 FTCA","4:2 FTS","6:2 FTS","8:2 FTS","9Cl-PF3ONS","ADONA","HFPO-DA","MeFOSAA","NFDHA","PFDA","PFDoA","PFEESA","PFHpA","PFHpS","PFHxS","PFMBA","PFMPA","PFNA","PFNS","PFOA","PFOSA","PFPeA","PFTrDA","PFUnA","5:3 FTCA","7:3 FTCA","N-EtFOSA","N-MeFOSA","PFHxA","N-EtFOSE","PFBA","PFBS","PFOS"
"1","21FLCEN_WQX-G4CE0144","27.91292","-81.35394","2024-12-18","21FLCEN_WQX",2,8,2,16,2,2,0.4,4,0.8,8,4,3.15,0.8,3.1,0.8,1.1,0.8,0.8,2,0.4,4.6,0.4,6.4,2,2,NA,NA,NA,NA,NA,NA,NA,NA,NA
"2","21FLCEN_WQX-G4CE0144","27.91292","-81.35394","2025-02-18","21FLCEN_WQX",2,8,2,8,2,2,0.4,4,0.8,8,4,3.45,0.8,3.5,0.8,1.3,0.8,0.8,2,0.4,5.4,0.4,7.2,2,2,NA,NA,NA,NA,NA,NA,NA,NA,NA
"3","21FLCEN_WQX-G4CE0144","27.91292","-81.35394","2025-04-17","21FLCEN_WQX",2.1,8.3,2.1,8.3,2.1,2.1,0.42,4.2,0.83,8.3,4.2,3.8,0.83,3.9,0.83,1.2,0.83,0.83,2.1,0.42,6.2,0.42,8.5,2.1,2.1,NA,NA,NA,NA,NA,NA,NA,NA,NA
"4","21FLCEN_WQX-G4CE0144","27.91292","-81.35394","2025-06-18","21FLCEN_WQX",2,7.8,2,7.8,2,2,0.39,3.9,0.78,7.8,3.9,3.4,0.78,3.8,0.78,1.3,0.78,0.78,2,0.39,5.7,0.39,6.6,2,2,NA,NA,NA,NA,NA,NA,NA,NA,NA
"5","21FLCEN_WQX-G4CE0206","27.89404","-81.353739","2024-12-18","21FLCEN_WQX",2,8,2,16,2,2,0.4,4,0.8,8,4,3.1,0.8,3,0.8,1.1,0.8,0.8,2,0.4,4.2,0.4,6,2,2,NA,NA,NA,NA,NA,NA,NA,NA,NA
"6","21FLCEN_WQX-G4CE0206","27.89404","-81.353739","2025-02-18","21FLCEN_WQX",2,8,2,8,2,2,0.4,4,0.8,8,4,3.8,0.8,3.9,0.8,1.3,0.8,0.8,2,0.4,5.1,0.4,7.1,2,2,NA,NA,NA,NA,NA,NA,NA,NA,NA
"7","21FLCEN_WQX-G4CE0206","27.89404","-81.353739","2025-04-17","21FLCEN_WQX",2,8,2,8,2,2,0.4,4,0.8,8,4,3.4,0.8,3.7,0.8,1.1,0.8,0.8,2,0.4,6.1,0.4,7.7,2,2,NA,NA,NA,NA,NA,NA,NA,NA,NA
"8","21FLCEN_WQX-G4CE0206","27.89404","-81.353739","2025-06-18","21FLCEN_WQX",2,8,2,8,2,2,0.4,4,0.8,8,4,3.5,0.8,3.3,0.8,1.2,0.8,0.8,2,0.4,5.7,0.4,6.7,2,2,NA,NA,NA,NA,NA,NA,NA,NA,NA
"9","21FLCEN_WQX-G4CE0248","27.869655987","-81.346961","2025-02-18","21FLCEN_WQX",1.9,7.5,1.9,7.5,1.9,1.9,0.38,3.8,0.75,7.5,3.8,115.95,0.75,180,1.9,33,0.75,0.75,11,0.38,270,0.38,280,1.9,1.9,NA,NA,NA,NA,NA,NA,NA,NA,NA
"10","21FLCEN_WQX-G4CE0248","27.869655987","-81.346961","2025-04-17","21FLCEN_WQX",2,8,2,8,2,2,0.4,4,0.8,8,4,116,0.8,220,1.8,40,0.8,0.8,3.8,0.4,310,0.4,280,2,2,NA,NA,NA,NA,NA,NA,NA,NA,NA
"11","21FLCEN_WQX-G4CE0248","27.869655987","-81.346961","2025-06-18","21FLCEN_WQX",2,7.9,2,7.9,2,2,0.4,4,0.87,7.9,4,116,0.79,200,2,33,0.79,0.79,13,0.4,280,0.4,320,2,2,NA,NA,NA,NA,NA,NA,NA,NA,NA
"12","21FLCEN_WQX-G4CE0258","27.873477317","-81.34875629","2024-12-18","21FLCEN_WQX",1.9,7.5,1.9,15,1.9,1.9,0.38,3.8,0.75,7.5,3.8,4.7,0.75,5.7,0.75,1.6,0.75,0.75,1.9,0.38,7.9,0.38,11,1.9,1.9,NA,NA,NA,NA,NA,NA,NA,NA,NA
"13","21FLCEN_WQX-G4CE0258","27.873477317","-81.34875629","2025-02-18","21FLCEN_WQX",2,8,2,8,2,2,0.4,4,0.8,8,4,4.5,0.8,4.7,0.8,1.6,0.8,0.8,2,0.4,7,0.4,9.6,2,2,NA,NA,NA,NA,NA,NA,NA,NA,NA
"14","21FLCEN_WQX-G4CE0258","27.873477317","-81.34875629","2025-04-17","21FLCEN_WQX",2,8.1,2,8.1,2,2,0.41,4.1,0.81,8.1,4.1,5.3,0.81,6.6,0.81,1.8,0.81,0.81,2,0.41,9.8,0.41,11,2,2,NA,NA,NA,NA,NA,NA,NA,NA,NA
"15","21FLCEN_WQX-G4CE0258","27.873477317","-81.34875629","2025-06-18","21FLCEN_WQX",2,8.2,2,8.2,2,2,0.41,4.1,0.82,8.2,4.1,6.5,0.82,8.2,0.82,2.2,0.82,0.82,2,0.41,13,0.41,15,2,2,NA,NA,NA,NA,NA,NA,NA,NA,NA
"16","21FLCEN_WQX-G4CE0259","27.874352517","-81.34838763","2024-12-18","21FLCEN_WQX",2,8,2,16,2,2,0.4,4,0.8,8,4,4.65,0.8,5.3,0.8,1.8,0.8,0.8,2,0.4,7.6,0.4,10,2,2,NA,NA,NA,NA,NA,NA,NA,NA,NA
"17","21FLCEN_WQX-G4CE0259","27.874352517","-81.34838763","2025-02-18","21FLCEN_WQX",2,8,2,8,2,2,0.4,4,0.8,8,4,3.85,0.8,3.9,0.8,1.4,0.8,0.8,2,0.4,6.7,0.4,8.7,2,2,NA,NA,NA,NA,NA,NA,NA,NA,NA
"18","21FLCEN_WQX-G4CE0259","27.874352517","-81.34838763","2025-04-17","21FLCEN_WQX",2,8,2,8,2,2,0.4,4,0.8,8,4,5.7,0.8,6.3,0.8,1.8,0.8,0.8,2,0.4,10,0.4,12,2,2,NA,NA,NA,NA,NA,NA,NA,NA,NA
"19","21FLCEN_WQX-G4CE0259","27.874352517","-81.34838763","2025-06-18","21FLCEN_WQX",1.9,7.6,1.9,7.6,1.9,1.9,0.38,3.8,0.76,7.6,3.8,3.55,0.76,3.8,0.76,1.1,0.76,0.76,1.9,0.38,5.9,0.38,7.2,1.9,1.9,NA,NA,NA,NA,NA,NA,NA,NA,NA
"20","21FLCEN_WQX-G4CE0260","27.895473987","-81.370102","2024-12-18","21FLCEN_WQX",1.8,7.3,1.8,15,1.8,1.8,0.36,3.6,0.73,7.3,3.6,3,0.73,3.1,0.73,0.88,0.73,0.73,1.8,0.36,4.3,0.36,6.1,1.8,1.8,NA,NA,NA,NA,NA,NA,NA,NA,NA
"21","21FLCEN_WQX-G4CE0260","27.895473987","-81.370102","2025-02-18","21FLCEN_WQX",2,8,2,8,2,2,0.4,4,0.8,8,4,3.2,0.8,3.5,0.8,0.98,0.8,0.8,2,0.4,4.9,0.4,7.1,2,2,NA,NA,NA,NA,NA,NA,NA,NA,NA
"22","21FLCEN_WQX-G4CE0260","27.895473987","-81.370102","2025-04-17","21FLCEN_WQX",2,8,2,8,2,2,0.4,4,0.8,8,4,3.2,0.8,3.5,0.8,0.83,0.8,0.8,2,0.4,5.2,0.4,7.4,2,2,NA,NA,NA,NA,NA,NA,NA,NA,NA
"23","21FLCEN_WQX-G4CE0260","27.895473987","-81.370102","2025-06-18","21FLCEN_WQX",2,7.9,2,7.9,2,2,0.4,4,0.79,7.9,4,2.95,0.79,2.6,0.79,1,0.79,0.79,2,0.4,4.9,0.4,5.5,2,2,NA,NA,NA,NA,NA,NA,NA,NA,NA
"24","21FLCEN_WQX-G4CE0261","27.901977987","-81.372798","2024-12-18","21FLCEN_WQX",1.9,7.5,1.9,15,1.9,1.9,0.38,3.8,0.75,7.5,3.8,2.9,0.75,2.5,0.75,0.87,0.75,0.75,1.9,0.38,3.8,0.38,6,1.9,1.9,NA,NA,NA,NA,NA,NA,NA,NA,NA
"25","21FLCEN_WQX-G4CE0261","27.901977987","-81.372798","2025-02-18","21FLCEN_WQX",2,8,2,8,2,2,0.4,4,0.8,8,4,3.65,0.8,3.8,0.8,1.1,0.8,0.8,2,0.4,5.5,0.4,7.8,2,2,NA,NA,NA,NA,NA,NA,NA,NA,NA
"26","21FLCEN_WQX-G4CE0261","27.901977987","-81.372798","2025-04-17","21FLCEN_WQX",2.1,8.3,2.1,8.3,2.1,2.1,0.42,4.2,0.83,8.3,4.2,3.95,0.83,4.1,0.83,1.2,0.83,0.83,2.1,0.42,6.2,0.42,8.3,2.1,2.1,NA,NA,NA,NA,NA,NA,NA,NA,NA
"27","21FLCEN_WQX-G4CE0261","27.901977987","-81.372798","2025-06-18","21FLCEN_WQX",1.9,7.8,1.9,7.8,1.9,1.9,0.39,3.9,0.78,7.8,3.9,2.75,0.78,2.5,0.78,1.1,0.78,0.78,1.9,0.39,4.5,0.39,5.6,1.9,1.9,NA,NA,NA,NA,NA,NA,NA,NA,NA
"28","21FLCEN_WQX-G4CE0262","27.905589087","-81.3718824","2024-12-18","21FLCEN_WQX",1.8,7.4,1.8,15,1.8,1.8,0.37,3.7,0.74,7.4,3.7,2.6,0.74,2.5,0.74,0.88,0.74,0.74,1.8,0.37,3.4,0.37,5.3,1.8,1.8,NA,NA,NA,NA,NA,NA,NA,NA,NA
"29","21FLCEN_WQX-G4CE0262","27.905589087","-81.3718824","2025-02-18","21FLCEN_WQX",2,8,2,8,2,2,0.4,4,0.8,8,4,2,0.8,2,0.8,0.87,0.8,0.8,2,0.4,2.4,0.4,3.3,2,2,NA,NA,NA,NA,NA,NA,NA,NA,NA
"30","21FLCEN_WQX-G4CE0262","27.905589087","-81.3718824","2025-04-17","21FLCEN_WQX",2,8.2,2,8.2,2,2,0.41,4.1,0.82,8.2,4.1,3.6,0.82,3.9,0.82,0.92,0.82,0.82,2,0.41,5,0.41,7.2,2,2,NA,NA,NA,NA,NA,NA,NA,NA,NA
"31","21FLCEN_WQX-G4CE0262","27.905589087","-81.3718824","2025-06-18","21FLCEN_WQX",2,8.1,2,8.1,2,2,0.4,4,0.81,8.1,4,3,0.81,2.8,0.81,1.1,0.81,0.81,2,0.4,5.2,0.4,5.6,2,2,NA,NA,NA,NA,NA,NA,NA,NA,NA
"32","21NYDECA_WQX-10295","44.33060028","-74.08088221","2023-06-27","21NYDECA_WQX",0,0,0,0,0,0,0,0,0,0,NA,0,0,0.9,0,0,0,0,0,0,1,0,0,0.49,0,0,0,0,0,0,NA,NA,NA,NA
"33","21NYDECA_WQX-1050","42.563225","-77.510048","2022-08-31","21NYDECA_WQX",0,0,0,0,0,0,0,0,0,0,0,0,0,0.399,0,0.183,0,0,0,0,0.429,NA,0.358,0,0,0,0,0,0,NA,NA,NA,NA,NA
"34","21NYDECA_WQX-10552","44.89464","-73.804081","2023-08-08","21NYDECA_WQX",0,0,0,0,0,0,0,0,0,0,0,0,0,0,0,0,0,0,0,0,0.96,0.83,0,0,0,0,0,0,0,0,NA,NA,NA,NA
"35","21NYDECA_WQX-10563","44.87812869","-73.42273853","2023-06-27","21NYDECA_WQX",0,0,0,0,0,0,0,0,0,0,0,0,0,2,0,0,0,0,0.9,0,2.9,0,2.7,0.57,0,0,0,0,0,2,NA,NA,NA,NA
"36","21NYDECA_WQX-1059","42.122616","-76.811108","2022-08-31","21NYDECA_WQX",0,0,0,0,0,0,0,0,0,0,0,0,0,0.284,0,0.604,0,0,0,0,1.01,NA,0.572,0,0,0,0,0,0,0.519,NA,NA,NA,NA
"37","21NYDECA_WQX-10996","44.30805724","-74.38104881","2023-08-10","21NYDECA_WQX",0,0,0,0,0,0,0,0,0,0,0,0,0,1.1,0,0,0,0,0,0,2.1,0,1,0,0,0,0,0,0,0,NA,NA,NA,NA
"38","21NYDECA_WQX-11006","44.52397058","-74.1007924","2023-08-09","21NYDECA_WQX",0,0,0,0,0,0,0,0,0,0,0,0,0,0,0,0,0,0,0,0,0,0,0,0,0,0,0,0,0,0,NA,NA,NA,NA
"39","21NYDECA_WQX-11017","44.345885","-74.148192","2023-08-08","21NYDECA_WQX",0,0,0,0,0,0,0,0,0,0,0,0,0,0.91,0,0,0,0,0,0,0,0,1,0,0,0,0,0,0,0,NA,NA,NA,NA
"40","21NYDECA_WQX-11021","44.47170412","-73.90154443","2023-09-19","21NYDECA_WQX",0,0,0,0,0,0,0,0,0,0,0,0,0,0,0,0,0,0,0,0,0,0,0,NA,0,0,0,0,0,0,NA,NA,NA,NA
"41","21NYDECA_WQX-1143","42.37722","-75.405","2019-10-23","21NYDECA_WQX",NA,NA,NA,0,0,NA,NA,NA,0,NA,0,0,NA,0,0,0,NA,NA,0,NA,0,0,0,0,0,NA,NA,NA,NA,0,NA,NA,NA,NA
"42","21NYDECA_WQX-1143","42.37722","-75.405","2021-04-14","21NYDECA_WQX",NA,NA,NA,0,0,NA,NA,NA,0,NA,0,0,NA,0,0,0,NA,NA,0,NA,0,0,0,0,0,NA,NA,NA,NA,0,NA,NA,NA,NA
"43","21NYDECA_WQX-1143","42.37722","-75.405","2021-08-17","21NYDECA_WQX",NA,NA,NA,0,0,NA,NA,NA,0,NA,0,0,NA,0,0,0,NA,NA,0,NA,0,0,0,0,0,NA,NA,NA,NA,0,NA,NA,NA,NA
"44","21NYDECA_WQX-1170","42.355513","-77.136042","2022-08-31","21NYDECA_WQX",0,0,0,0,0,0,0,0,0,0,0,0,0,0.2,0,0,0,0,0,0,0.289,0.685,0,0,0,0,0,0,0,0.207,NA,NA,NA,NA
"45","21NYDECA_WQX-1172","42.291184","-77.065257","2022-08-30","21NYDECA_WQX",0,0,0,0,0,0,0,0,0,0,0,0,0,0,0,0.172,0,0,0,0,0.179,0.301,0,0,0,0,0,0,0,0,NA,NA,NA,NA
"46","21NYDECA_WQX-11784","43.894192","-75.060537","2022-09-26","21NYDECA_WQX",0,0,0,7.87,0.657,0,0,0,0,0,0,0,0,0.769,0.124,3.71,0,0,0.336,0,NA,0,0.493,0,0,0,0,0,0,0.948,NA,NA,NA,NA
"47","21NYDECA_WQX-11788","43.78552278","-74.84642052","2022-09-27","21NYDECA_WQX",0,0,0,0.928,0,0,0,0,0,0,0.234,0,0,0.372,0.128,0.376,0,0,0.243,0,0.4,0.254,0.324,0,0,0,0,0,0,NA,NA,NA,NA,NA
"48","21NYDECA_WQX-1182","42.16833","-76.81889","2022-09-01","21NYDECA_WQX",0,0,0,0,0,0,0,0,0,0,0,0,0,0.396,0,0.26,0,0,0.158,0,0.56,NA,0.478,0,0,0,0,0,0,NA,NA,NA,NA,NA
"49","21NYDECA_WQX-11931","43.5911293","-75.11883545","2022-09-27","21NYDECA_WQX",0,0,0,0,0,0,0,0,0,0,0.194,0,0,0.69,0,NA,0,0,0.4,0,0.868,0.292,0.558,0,0,0,0,0,0,0.684,NA,NA,NA,NA
"50","21NYDECA_WQX-12086","43.94972","-75.162041","2022-09-26","21NYDECA_WQX",0,0,0,0,0,0,0,0,0,0,0,0,0,0.686,0,0.182,0,0,0.393,0,0.653,0.432,0.62,0,0,0,0,0,0,0.454,NA,NA,NA,NA
"51","21NYDECA_WQX-1209","42.24891","-77.45244","2022-08-31","21NYDECA_WQX",0,0,0,5.2,0.656,0,0,0,0,0,0,0,0,0.317,0,0.544,0,0,0.232,0,0.745,0.271,1.22,0,0,0,0,0,0,0.982,NA,NA,NA,NA
"52","21NYDECA_WQX-1219","42.199","-77.407","2022-08-31","21NYDECA_WQX",0,0,0,0,0,0,0,0,0,0,0,0,0,0,0,0.171,0,0,0,0,0.245,NA,0,0,0,0,0,0,0,NA,NA,NA,NA,NA
"53","21NYDECA_WQX-1225","42.019592","-77.128563","2022-08-30","21NYDECA_WQX",0,0,0,0,0,0,0,0,0,0,0,0,0,0.375,0,0.369,0,0,0.24,0,0.625,0,0.733,0,0,0,0,0,0,0.678,NA,NA,NA,NA
"54","21NYDECA_WQX-1249","42.080158","-77.364734","2022-09-01","21NYDECA_WQX",0,0,0,1.19,0,0,0,0,0,0,0,0,0,0.37,0,0.319,0,0,0.151,0,0.87,0.414,0.518,0,0,0,0,0,0,0.597,NA,NA,NA,NA
"55","21NYDECA_WQX-1282","42.33567","-77.68267","2021-04-12","21NYDECA_WQX",NA,NA,NA,0,0,NA,NA,NA,0,NA,0,0,NA,0,0,0,NA,NA,0,NA,0,0,0,0,0,NA,NA,NA,NA,0,NA,NA,NA,NA
"56","21NYDECA_WQX-1282","42.33567","-77.68267","2021-08-16","21NYDECA_WQX",NA,NA,NA,0,0,NA,NA,NA,0,NA,0,0,NA,0,0,0,NA,NA,0,NA,0,0,0,0,0,NA,NA,NA,NA,0,NA,NA,NA,NA
"57","21NYDECA_WQX-1295","42.00278","-76.63499","2021-04-13","21NYDECA_WQX",NA,NA,NA,0,0,NA,NA,NA,0,NA,0,0,NA,0,0,0,NA,NA,0,NA,0,0,0,0,0,NA,NA,NA,NA,0,NA,NA,NA,NA
"58","21NYDECA_WQX-1295","42.00278","-76.63499","2021-08-16","21NYDECA_WQX",NA,NA,NA,0,0,NA,NA,NA,0,NA,0,0,NA,0,0,0,NA,NA,0,NA,0,0,2.2,0,0,NA,NA,NA,NA,1.7,NA,NA,NA,NA
"59","21NYDECA_WQX-1297","42.16751","-77.10477","2022-08-30","21NYDECA_WQX",0,0,0,10.4,0,0,0,0,0,0,0,0,0,0.722,0,1.11,0,0,0.2,0,1.01,NA,3.03,0,0,0,0,0,0,3.29,NA,NA,NA,NA
"60","21NYDECA_WQX-1303","42.411703","-77.426762","2022-08-31","21NYDECA_WQX",0,0,0,0,0,0,0,0,0,0,0,0,0,0.216,0,0.156,0,0,0,0,0.375,0.432,0,0,0,0,0,0,0,0.276,NA,NA,NA,NA
"61","21NYDECA_WQX-1308","42.49526","-77.50321","2022-08-31","21NYDECA_WQX",0,0,0,0,0,0,0,0,0,0,0,0,0,0.399,0,0.238,0,0,0.3,0,0.58,NA,0.306,0,0,0,0,0,0,NA,NA,NA,NA,NA
"62","21NYDECA_WQX-13590","42.1392649","-76.32957546","2023-08-30","21NYDECA_WQX",0,0,0,0,0,0,0,0,0,0,0,0,0,1.3,0,0,0,0,0,0,1.7,2.6,1.1,0,0,0,0,0,0,NA,NA,NA,NA,NA
"63","21NYDECA_WQX-1363","42.09097","-76.055787","2021-04-14","21NYDECA_WQX",NA,NA,NA,0,0,NA,NA,NA,0,NA,0,0,NA,0,0,0,NA,NA,0,NA,0,0,0,0,0,NA,NA,NA,NA,0,NA,NA,NA,NA
"64","21NYDECA_WQX-1363","42.09097","-76.055787","2021-08-18","21NYDECA_WQX",NA,NA,NA,0,0,NA,NA,NA,0,NA,0,0,NA,0,0,0,NA,NA,0,NA,0,0,0,0,0,NA,NA,NA,NA,0,NA,NA,NA,NA
"65","21NYDECA_WQX-13727","41.438884","-73.808378","2022-09-13","21NYDECA_WQX",0,0,0,0,0,0,0,0,0,0,0.192,0,0,1.13,0,NA,0,0,0.581,0,3.51,0.326,1.42,0,0,0,0,0,0,1.44,NA,NA,NA,NA
"66","21NYDECA_WQX-13742","41.29072","-74.05407","2022-09-13","21NYDECA_WQX",0,0,0,0,0,0,0,0,0,0,0.224,0,0,0.463,0,NA,0,0,0.229,0,1.14,0.226,0.382,0,0,0,0,0,0,0.429,NA,NA,NA,NA
"67","21NYDECA_WQX-1382","42.59861","-76.15861","2021-04-14","21NYDECA_WQX",NA,NA,NA,0,0,NA,NA,NA,0,NA,0,0,NA,0,0,0,NA,NA,0,NA,0,0,0,0,0,NA,NA,NA,NA,0,NA,NA,NA,NA
"68","21NYDECA_WQX-1382","42.59861","-76.15861","2021-08-18","21NYDECA_WQX",NA,NA,NA,0,0,NA,NA,NA,0,NA,0,0,NA,0,0,0,NA,NA,0,NA,0,0,0,0,0,NA,NA,NA,NA,0,NA,NA,NA,NA
"69","21NYDECA_WQX-139","42.86194","-78.86787","2021-04-13","21NYDECA_WQX",NA,NA,NA,0,0,NA,NA,NA,0,NA,0,0,NA,1.6,0,0,NA,NA,0,NA,2.2,0,2.3,0,0,NA,NA,NA,NA,2.1,NA,NA,NA,NA
"70","21NYDECA_WQX-139","42.86194","-78.86787","2021-08-17","21NYDECA_WQX",NA,NA,NA,0,0,NA,NA,NA,0,NA,0,0,NA,0,0,0,NA,NA,0,NA,2,0,3.7,0,0,NA,NA,NA,NA,2.8,NA,NA,NA,NA
"71","21NYDECA_WQX-14932","41.38505351","-73.74853003","2022-09-13","21NYDECA_WQX",0,0,0,0,0,0,0,0,0,0,0.291,0,0,1.79,0,0.844,0,0,0.543,0,4.83,0,2.74,0,0,0,0,0,0,3,NA,NA,NA,NA
"72","21NYDECA_WQX-15148","41.33106023","-73.9936069","2022-09-13","21NYDECA_WQX",0,0,0,0,0,0,0,0,0,0,0,0,0,1.05,0,0.931,0,0,0.369,0,2.16,0.336,0.979,0,0,0,0,0,0,0.961,NA,NA,NA,NA
"73","21NYDECA_WQX-15437","42.72036","-73.43064","2022-08-30","21NYDECA_WQX",0,0,0,0,0,0,0,0,0,0,0,0,0,0.682,0,0.233,0,0,0.379,0,1.54,0,0.492,0,0,0,0,0,0,NA,NA,NA,NA,NA
"74","21NYDECA_WQX-15610","42.697202","-73.739952","2022-08-31","21NYDECA_WQX",0,0,0,0,0,0,0,0,0,0,0.24,0,0,1.99,0,1.92,0,0,0.486,0,4.11,0.171,2.58,0,0,0,0,0,0,3.01,NA,NA,NA,NA
"75","21NYDECA_WQX-15688","41.46559","-73.66397","2022-09-12","21NYDECA_WQX",0,0,0,0,0,0,0,0,0,0,0.221,0,0,1.74,0,0.848,0,0,0.784,0,4.77,NA,2.86,0,0,0,0,0,0,2.9,NA,NA,NA,NA
"76","21NYDECA_WQX-15786","42.63420703","-73.56111065","2022-08-29","21NYDECA_WQX",0,0,0,0,0,0,0,0,0,0,0.344,0,0,2.49,0.136,0.941,0,0,1.15,0,5.66,3.76,3.39,0,0,0,0,0,0,3.62,NA,NA,NA,NA
"77","21NYDECA_WQX-16031","44.37827747","-74.26372611","2023-06-28","21NYDECA_WQX",0,0,0,0,0,0,0,0,0,0,0,0,0,1.5,0,0,0,0,0.9,0,1.6,0,0.74,0,0,0,0,0,0,0.63,NA,NA,NA,NA
"78","21NYDECA_WQX-16035","44.34623877","-74.30017073","2023-06-28","21NYDECA_WQX",0,0,0,0,0,0,0,0.43,0,0,0,0,0,1.6,0,0,0,0,1.1,0,2.2,0,0.88,0,0,0,0,0,0,0.69,NA,NA,NA,NA
"79","21NYDECA_WQX-16216","43.70083","-73.9825","2021-04-13","21NYDECA_WQX",NA,NA,NA,0,0,NA,NA,NA,0,NA,0,0,NA,0,0,0,NA,NA,0,NA,0,0,0,0,0,NA,NA,NA,NA,0,NA,NA,NA,NA
"80","21NYDECA_WQX-16216","43.70083","-73.9825","2021-08-17","21NYDECA_WQX",NA,NA,NA,0,0,NA,NA,NA,0,NA,0,0,NA,0,0,0,NA,NA,0,NA,0,0,0,0,0,NA,NA,NA,NA,0,NA,NA,NA,NA
"81","21NYDECA_WQX-16487","44.42783199","-73.49838188","2023-06-29","21NYDECA_WQX",0,0,0,0,0,0,0,0,0,0,0,0,0,0,0,0,0,0,0,0,0,0,0,0.46,0,0,0,0,0,0,NA,NA,NA,NA
"82","21NYDECA_WQX-16489","44.13986889","-73.7475662","2023-08-10","21NYDECA_WQX",0,0,0,0,0,0,0,0,0,0,0,0,0,0,0,0,0,0,0,0,0,0,0,0,0,0,0,0,0,0,NA,NA,NA,NA
"83","21NYDECA_WQX-16613","44.6176516","-73.60865209","2023-06-28","21NYDECA_WQX",0,0,0,0,0,0,0,0,0,0,0,0,0,1.2,0,0,0,0,0,0,2.4,0,0.76,0.46,0,0,0,0,0,0.64,NA,NA,NA,NA
"84","21NYDECA_WQX-1672","43.05778","-76.16345","2021-04-21","21NYDECA_WQX",NA,NA,NA,0,0,NA,NA,NA,0,NA,0,0,NA,0,0,0,NA,NA,0,NA,0,0,0,0,0,NA,NA,NA,NA,0,NA,NA,NA,NA
"85","21NYDECA_WQX-1672","43.05778","-76.16345","2021-08-16","21NYDECA_WQX",NA,NA,NA,0,0,NA,NA,NA,0,NA,0,0,NA,0,0,0,NA,NA,0,NA,0,0,0,0,0,NA,NA,NA,NA,0,NA,NA,NA,NA
"86","21NYDECA_WQX-1681","43.39806","-76.47166","2021-04-12","21NYDECA_WQX",NA,NA,NA,0,0,NA,NA,NA,0,NA,0,0,NA,0,0,0,NA,NA,0,NA,0,0,0,0,0,NA,NA,NA,NA,0,NA,NA,NA,NA
"87","21NYDECA_WQX-1681","43.39806","-76.47166","2021-08-17","21NYDECA_WQX",NA,NA,NA,0,0,NA,NA,NA,0,NA,0,0,NA,0,0,0,NA,NA,0,NA,0,0,1.7,0,0,NA,NA,NA,NA,0,NA,NA,NA,NA
"88","21NYDECA_WQX-16915","44.07736909","-73.87298023","2023-08-09","21NYDECA_WQX",0,0,0,0,0,0,0,0,0,0,0,0,0,0,0,0,0,0,0,0,0,0,0,0,0,0,0,0,0,0,NA,NA,NA,NA
"89","21NYDECA_WQX-17213","43.34920502","-73.72734833","2023-09-21","21NYDECA_WQX",0,0,0,0,0,0,0,0,0,0,0,0,0,0,0,0,0,0,0,0,0,0,0,0,0,0,0,0,0,0,NA,NA,NA,NA
"90","21NYDECA_WQX-17350","43.51460855","-73.2804545","2023-09-20","21NYDECA_WQX",0,0,0,0,0,0,0,0,0,0,0,0,0,0,0,0,0,0,0,0,0,0,0.7,NA,0,0,0,0,0,NA,NA,NA,NA,NA
"91","21NYDECA_WQX-17370","44.1301713","-73.50966625","2023-09-20","21NYDECA_WQX",0,0,0,0,0,0,0,0,0,0,0,0,0,0,0,0,0,0,0,0,0,0,0,NA,0,0,0,0,0,0,NA,NA,NA,NA
"92","21NYDECA_WQX-17490","43.42376421","-73.25663686","2023-09-19","21NYDECA_WQX",0,0,0,0,0,0,0,0,0,0,0,0,0,1,0,0,0,0,0,0,2.8,0,1.6,0,0,0,0,0,0,0.83,NA,NA,NA,NA
"93","21NYDECA_WQX-1772","42.68037","-76.95395","2021-04-12","21NYDECA_WQX",NA,NA,NA,0,0,NA,NA,NA,0,NA,0,0,NA,0,0,0,NA,NA,0,NA,0,0,2.2,0,0,NA,NA,NA,NA,2,NA,NA,NA,NA
"94","21NYDECA_WQX-1772","42.68037","-76.95395","2021-08-30","21NYDECA_WQX",NA,NA,NA,0,0,NA,NA,NA,0,NA,0,0,NA,0,0,0,NA,NA,0,NA,0,0,0,0,0,NA,NA,NA,NA,0,NA,NA,NA,NA
"95","21NYDECA_WQX-1868","43.67611","-74.70834","2022-09-14","21NYDECA_WQX",0,0,0,0,0,0,0,0,0,0,0,0,0,0.799,0,0.221,0,0,0.413,0,0.685,0.213,NA,0,0,0,0,0,0,NA,NA,NA,NA,NA
"96","21NYDECA_WQX-18683","42.36520012","-73.45195826","2022-08-29","21NYDECA_WQX",0,0,0,0,0,0,0,0,0,0,0,0,0,0.286,0,0,0,0,0,0,0.245,0.143,0.486,0,0,0,0,0,0,NA,NA,NA,NA,NA
"97","21NYDECA_WQX-18825","40.88023798","-72.5590759","2023-06-14","21NYDECA_WQX",0,0,0,0,0,0,0,0.86,0,0,0,0,0,2.5,0,0,0,0,1,0,2.3,0,1.2,0.47,0,0,0,0,0,1.4,NA,NA,NA,NA
"98","21NYDECA_WQX-1887","43.98472","-75.925","2021-04-12","21NYDECA_WQX",NA,NA,NA,0,0,NA,NA,NA,0,NA,0,0,NA,0,0,0,NA,NA,0,NA,0,0,0,0,0,NA,NA,NA,NA,0,NA,NA,NA,NA
"99","21NYDECA_WQX-1887","43.98472","-75.925","2021-08-17","21NYDECA_WQX",NA,NA,NA,0,0,NA,NA,NA,0,NA,0,0,NA,0,0,0,NA,NA,0,NA,0,0,0,0,0,NA,NA,NA,NA,0,NA,NA,NA,NA
"100","21NYDECA_WQX-1888","43.51167","-75.30666","2021-04-12","21NYDECA_WQX",NA,NA,NA,0,0,NA,NA,NA,0,NA,0,0,NA,0,0,0,NA,NA,0,NA,0,0,0,0,0,NA,NA,NA,NA,0,NA,NA,NA,NA
"101","21NYDECA_WQX-1888","43.51167","-75.30666","2021-08-16","21NYDECA_WQX",NA,NA,NA,0,0,NA,NA,NA,0,NA,0,0,NA,0,0,0,NA,NA,0,NA,0,0,0,0,0,NA,NA,NA,NA,0,NA,NA,NA,NA
"102","21NYDECA_WQX-19015","42.74742722","-74.1170123","2022-08-31","21NYDECA_WQX",0,0,0,0,0,0,0,0,0,0,0,0,0,1.29,0,0.367,0,0,0.473,0,1.72,0.396,2.21,0,0,0,0,0,0,1.33,NA,NA,NA,NA
"103","21NYDECA_WQX-1912","43.82389","-75.65334","2022-09-13","21NYDECA_WQX",0,0,0,0,0,0,0,0,0,0,0,0,0,1.41,0,NA,0,0,0.678,0,1.81,0.208,1.17,0,0,0,0,0,0,1.02,NA,NA,NA,NA
"104","21NYDECA_WQX-1918","43.506198","-75.221461","2022-09-15","21NYDECA_WQX",0,0,0,0,0,0,0,0,0,0,0,0,0,0.303,0,0.299,0,0,0.18,0,0.403,0.176,NA,0,0,0,0,0,0,NA,NA,NA,NA,NA
"105","21NYDECA_WQX-1920","43.93028","-75.59111","2022-09-13","21NYDECA_WQX",0,0,0,0,0,0,0,0,0,0,0,0,0,0.721,0,NA,0,0,0.419,0,0.987,0.294,0.587,0,0,0,0,0,0,0.525,NA,NA,NA,NA
"106","21NYDECA_WQX-1922","43.723389","-75.70138","2022-09-13","21NYDECA_WQX",0,0,0,0,0,0,0,0,0,0,0.167,0,0,0.89,0,NA,0,0,0.518,0,0.92,0.207,0.631,0,0,0,0,0,0,0.545,NA,NA,NA,NA
"107","21NYDECA_WQX-1941","43.98944","-75.92416","2022-09-13","21NYDECA_WQX",0,0,0,2.21,0.589,0,0,0,0,0,0,0,0,0.7,0,NA,0,0,0.238,0,1.3,0.404,1.32,0,0,0,0,0,0,1.14,NA,NA,NA,NA
"108","21NYDECA_WQX-1951","43.712444","-74.813651","2022-09-14","21NYDECA_WQX",0,0,0,2.18,0.504,0,0,0,0,0,0,0,0,0.425,0,0.295,0,0,0.213,0,0.446,0,NA,0,0,0,0,0,0,NA,NA,NA,NA,NA
"109","21NYDECA_WQX-1958","43.45528","-75.15278","2022-09-15","21NYDECA_WQX",0,0,0,0,0,0,0,0,0,0,0,0,0,0.469,0,0.27,0,0,0.267,0,0.483,0.259,NA,0,0,0,0,0,0,NA,NA,NA,NA,NA
"110","21NYDECA_WQX-19676","41.22497387","-74.12168288","2022-09-13","21NYDECA_WQX",0,0,0,0,0,0,0,0,0,0,0,0,0,0.668,0,NA,0,0,0.384,0,1.83,0.156,0.46,0,0,0,0,0,0,0.556,NA,NA,NA,NA
"111","21NYDECA_WQX-19686","41.18426127","-73.9951748","2022-09-14","21NYDECA_WQX",0,0,0,0,0,0,0,0,0.179,0,0.259,0,0,2.11,0.16,1.16,0,0,0.817,0,6.57,0.149,2.98,0,0,0,0,0,0,NA,NA,NA,NA,NA
"112","21NYDECA_WQX-1974","43.7903","-75.546073","2022-09-14","21NYDECA_WQX",0,0,0,3.35,0.7,0,0,0,0,0,0,0,0,0.32,0,0.282,0,0,0,0,0.387,0,NA,0,0,0,0,0,0,NA,NA,NA,NA,NA
"113","21NYDECA_WQX-1975","43.52194","-75.34527","2022-09-15","21NYDECA_WQX",0,0,0,0,0,0,0,0,0,0,0,0,0,0.814,0,0.364,0,0,0.26,0,1.41,0.186,1.13,0,0,0,0,0,0,NA,NA,NA,NA,NA
"114","21NYDECA_WQX-1989","43.910741","-75.366559","2022-09-13","21NYDECA_WQX",0,0,0,3.51,0,0,0,0,0,0,0.251,0,0,1.76,0,2.11,0,0,1.09,0,2.79,0.608,2.66,0,0,0,0,0,0,2.38,NA,NA,NA,NA
"115","21NYDECA_WQX-1990","43.80832","-74.851371","2022-09-14","21NYDECA_WQX",0,0,0,0,0,0,0,0,0,0,0,0,0,0.456,0,0.162,0,0,0.278,0,0.423,0,NA,0,0,0,0,0,0,NA,NA,NA,NA,NA
"116","21NYDECA_WQX-20002","40.82375","-73.12","2023-06-14","21NYDECA_WQX",0,0,0,0,0,0,0,0.54,0,0,0,0,0,4.4,0,3,0,0,1,0,11,0,6.2,0.63,0,0,0,0,0,6.6,NA,NA,NA,NA
"117","21NYDECA_WQX-20125","41.23850038","-74.20866553","2022-09-14","21NYDECA_WQX",0,0,0,0.925,0,0,0,0,0,0,0,0,0,8.79,0,1.47,0,0,0.383,0,1.69,0.265,1.07,0,0,0,0,0,0,NA,NA,NA,NA,NA
"118","21NYDECA_WQX-20678","41.32163033","-73.7232969","2022-09-12","21NYDECA_WQX",0,0,0,2.75,0,0,0,0,0,0,0.289,0,0,2.22,0.111,1.53,0,0,0.872,0,5.57,NA,2.95,0,0,0,0,0,0,3.35,NA,NA,NA,NA
"119","21NYDECA_WQX-20714","41.6108603","-73.66290619","2022-08-01","21NYDECA_WQX",0,0,0,0,0,0,0,0,0,0,0,0,0,0.794,0,0.486,0,0,0.208,0,1.77,0.227,2.35,0,0,0,0,0,0,2.66,NA,NA,NA,NA
"120","21NYDECA_WQX-21177","41.40312012","-74.35135967","2022-09-12","21NYDECA_WQX",0,0,0,0,0,0,0,0,0,0,0.286,0,0,3.77,0,0.681,0,0,1.09,0,6.5,NA,4.99,0,0.184,0,0,0,0,4.65,NA,NA,NA,NA
"121","21NYDECA_WQX-21363","42.199458","-74.037409","2022-08-03","21NYDECA_WQX",0,0,0,0,0,0,0,0,0,0,0,0,0,0.692,0,0.171,0,0,0.315,0,0.858,0.87,0.67,0,0,0,0,0,0,0.46,NA,NA,NA,NA
"122","21NYDECA_WQX-21448","41.86617655","-73.64352587","2022-08-02","21NYDECA_WQX",0,0,0,0,0,0,0,0,0,0,0.263,0,0,0.614,0,0.281,0,0,0.367,0,1.48,1.84,0.846,0,0.21,0,0,0,0,0.747,NA,NA,NA,NA
"123","21NYDECA_WQX-21995","41.45687218","-74.20970316","2022-09-12","21NYDECA_WQX",0,0,0,0,0,0,0,0,0,0,0.279,0,0,1.91,0.114,1.28,0,0,0.803,0,4.07,NA,5.7,0,0,0,0,0,0,4.42,NA,NA,NA,NA
"124","21NYDECA_WQX-2202","44.939851","-74.556944","2021-04-13","21NYDECA_WQX",NA,NA,NA,0,0,NA,NA,NA,0,NA,0,0,NA,0,0,0,NA,NA,0,NA,0,0,0,0,0,NA,NA,NA,NA,0,NA,NA,NA,NA
"125","21NYDECA_WQX-2202","44.939851","-74.556944","2021-08-17","21NYDECA_WQX",NA,NA,NA,0,0,NA,NA,NA,0,NA,0,0,NA,0,0,0,NA,NA,0,NA,0,0,0,0,0,NA,NA,NA,NA,0,NA,NA,NA,NA
"126","21NYDECA_WQX-22402","42.53534436","-73.57948004","2022-08-30","21NYDECA_WQX",0,0,0,0,0,0,0,0,0,0,0,0,0,1.19,0,0.257,0,0,0.581,0,1.85,0.657,0.781,0,0,0,0,0,0,1.2,NA,NA,NA,NA
"127","21NYDECA_WQX-22466","41.84765","-74.03964","2022-08-24","21NYDECA_WQX",0,0,0,0,0,0,0,0,0,0,0.264,0,0,1.71,0,0.956,0,0,0.628,0,3.9,0,6.71,0,0,0,0,0,0,5.23,NA,NA,NA,NA
"128","21NYDECA_WQX-22815","42.0620013","-73.79437954","2022-08-03","21NYDECA_WQX",0,0,0,0,0,0,0,0,0,0,0,0,0,0.702,0,0.205,0,0,0.319,0,1.06,0.448,0.943,0,0,0,0,0,0,0.911,NA,NA,NA,NA
"129","21NYDECA_WQX-22989","40.7092669","-73.54991245","2023-09-12","21NYDECA_WQX",0,0,0,0,0,0,0,0,0,0,0.83,0,0,3.5,0,0.87,0,0,1,0,7.4,0,3.2,0,0,0,0,0,0,4,NA,NA,NA,NA
"130","21NYDECA_WQX-2312","44.846933","-75.078952","2021-04-13","21NYDECA_WQX",NA,NA,NA,0,0,NA,NA,NA,0,NA,0,0,NA,0,0,0,NA,NA,0,NA,0,0,0,0,0,NA,NA,NA,NA,0,NA,NA,NA,NA
"131","21NYDECA_WQX-2323","44.58917","-75.32139","2021-04-13","21NYDECA_WQX",NA,NA,NA,0,0,NA,NA,NA,0,NA,0,0,NA,0,0,0,NA,NA,0,NA,0,0,0,0,0,NA,NA,NA,NA,0,NA,NA,NA,NA
"132","21NYDECA_WQX-23567","41.1728","-73.69329","2023-09-05","21NYDECA_WQX",0,0,0,0,0,0,0,0,0,0,0,0,0,1.9,0,0.72,0,0,0,0,3.5,0,3.1,0,0,0,0,0,0,0,NA,NA,NA,NA
"133","21NYDECA_WQX-23578","41.07602727","-73.75509569","2023-06-13","21NYDECA_WQX",0,0,0,0,0,0,0,0.45,0,0,0,0,0,1.7,0,1.1,0,0,0,0,6.2,0,1.7,0,0,0,0,0,0,2.1,NA,NA,NA,NA
"134","21NYDECA_WQX-23595","40.961554","-73.851563","2023-06-13","21NYDECA_WQX",0,0,0,0,0,0,0,0.51,0,0,0,0,0,3.7,0,3.1,0,0,1.4,0,12,0,6.6,0,0,0,0,0,0,5.9,NA,NA,NA,NA
"135","21NYDECA_WQX-23598","41.067122","-72.454276","2023-06-14","21NYDECA_WQX",0,0,0,0,0,0,0,1.1,0,0,0.64,0,0,2.6,0,0,0,0,1.3,0,2.8,0,1.9,0.57,0,0,0,0,0,2,NA,NA,NA,NA
"136","21NYDECA_WQX-23603","41.16671604","-73.60453916","2023-09-06","21NYDECA_WQX",0,0,0,0,0,0,0,0,0,0,0,0,0,1.5,0,0.64,0,0,0,0,5.6,0,1.8,0,0,0,0,0,0,2.5,NA,NA,NA,NA
"137","21NYDECA_WQX-2384","43.937194","-75.50738","2022-09-13","21NYDECA_WQX",0,0,0,0,0,0,0,0,0,0,0.171,0,0,1.56,0,NA,0,0,0.78,0,2.02,0.301,1.72,0,0,0,0,0,0,1.16,NA,NA,NA,NA
"138","21NYDECA_WQX-2387","43.67705","-75.34291","2022-09-14","21NYDECA_WQX",0,0,0,0,0,0,0,0,0,0,0,0,0,0.179,0,0,0,0,0,0,0.165,0.149,0,0,0,0,0,0,0,NA,NA,NA,NA,NA
"139","21NYDECA_WQX-2390","43.4507","-75.014745","2022-09-15","21NYDECA_WQX",0,0,0,0,0,0,0,0,0,0,0,0,0,0.429,0,0.197,0,0,0.284,0,0.479,0,NA,0,0,0,0,0,0,NA,NA,NA,NA,NA
"140","21NYDECA_WQX-23905","42.5439980288","-74.66345137","2023-08-22","21NYDECA_WQX",0,0,0,0,0,0,0,0,0,0,0,0,0,0,0,0,0,0,0,0,0,0,0,0,0,0,0,0,0,0,NA,NA,NA,NA
"141","21NYDECA_WQX-23906","42.663935387","-74.9722142768","2023-08-22","21NYDECA_WQX",0,0,0,0,0,0,0,0,0,0,0,0,0,0,0,0,0,0,0,0,1,0,0,0,0,0,0,0,0,0,NA,NA,NA,NA
"142","21NYDECA_WQX-23907","42.2006889701","-75.5312840088","2023-08-24","21NYDECA_WQX",0,0,0,0,0,0,0,0,0,0,0,0,0,0,0,0,0,0,0,0,0,0,0,0,0,0,0,0,0,0,NA,NA,NA,NA
"143","21NYDECA_WQX-23908","42.720039182","-75.5749001407","2023-08-24","21NYDECA_WQX",0,0,0,0,0,0,0,0,0,0,0,0,0,0,0,0,0,0,0,0,1.1,0,0,0,0,0,0,0,0,0,NA,NA,NA,NA
"144","21NYDECA_WQX-23910","42.6849300199","-75.3195322926","2023-08-24","21NYDECA_WQX",0,0,0,0,0,0,0,0,0,0,0,0,0,0,0,0,0,0,0,0,0,0,0,0,0,0,0,0,0,0,NA,NA,NA,NA
"145","21NYDECA_WQX-23915","42.5665627118","-75.8830556173","2023-08-23","21NYDECA_WQX",0,0,0,0,0,0,0,0,0,0,0,0,0,0,0,0,0,0,0,0,0,0,0,0,0,0,0,0,0,0,NA,NA,NA,NA
"146","21NYDECA_WQX-23919","42.7926272141","-75.5096637981","2023-08-24","21NYDECA_WQX",0,0,0,0,0,0,0,0,0,0,0,0,0,0,0,0,0,0,0,0,1.8,0,0,0,0,0,0,0,0,0,NA,NA,NA,NA
"147","21NYDECA_WQX-23920","42.0867420457","-76.3112886944","2023-08-23","21NYDECA_WQX",0,0,0,0,0,0,0,0,0,0,0,0,0,0,0,0,0,0,0,0,0,0,0,0,0,0,0,0,0,0,NA,NA,NA,NA
"148","21NYDECA_WQX-23921","42.6784127691","-76.1331368921","2023-08-23","21NYDECA_WQX",0,0,0,0,0,0,0,0,0,0,0,0,0,0,0,0,0,0,0,0,3,0,0,0,0,0,0,0,0,0,NA,NA,NA,NA
"149","21NYDECA_WQX-23922","42.0225577527","-75.7313670891","2023-08-23","21NYDECA_WQX",0,0,0,0,0,0,0,0,0,0,0,0,0,0,0,0,0,0,0,0,0,0,0,0,0,0,0,0,0,0,NA,NA,NA,NA
"150","21NYDECA_WQX-23924","42.8263083214","-75.1354801468","2023-08-22","21NYDECA_WQX",0,0,0,0,0,0,0,0,0,0,0,0,0,0,0,0,0,0,0,0,0,0,0,0,0,0,0,0,0,0,NA,NA,NA,NA
"151","21NYDECA_WQX-23926","44.2525537786","-73.4058367767","2023-07-26","21NYDECA_WQX",0,0,0,0,0,0,0,0,0,0,0,0,0,0,0,0,0,0,0,0,0,0,0.92,0,0,0,0,0,0,0,NA,NA,NA,NA
"152","21NYDECA_WQX-23929","44.6206477969","-73.9043557274","2023-07-26","21NYDECA_WQX",0,0,0,0,0,0,0,0,0,0,0,0,0,0,0,0,0,0,0,0,0,0,0,0,0,0,0,0,0,0,NA,NA,NA,NA
"153","21NYDECA_WQX-23931","44.2993606825","-73.59523152","2023-07-25","21NYDECA_WQX",0,0,0,0,0,0,0,0,0,0,0,0,0,0,0,0,0,0,0,0,0,0,0,0,0,0,0,0,0,0,NA,NA,NA,NA
"154","21NYDECA_WQX-23932","44.38048969","-74.1918978269","2023-07-26","21NYDECA_WQX",0,0,0,0,0,0,0,0,0,0,0,0,0,0,0,0,0,0,0,0,0,0,0,0,0,0,0,0,0,0,NA,NA,NA,NA
"155","21NYDECA_WQX-23933","44.9492943673","-73.6720832059","2023-07-25","21NYDECA_WQX",0,0,0,0,0,0,0,0,0,0,0,0,0,1.1,0,0,0,0,0,0,3.1,0,1.1,0,0,0,0,0,0,1.2,NA,NA,NA,NA
"156","21NYDECA_WQX-23934","44.8654337469","-73.7851535329","2023-07-25","21NYDECA_WQX",0,0,0,0,0,0,0,0,0,0,0,0,0,1.4,0,1.5,0,0,0,0,2.1,0,1.6,0,0,0,0,0,0,1.7,NA,NA,NA,NA
"157","21NYDECA_WQX-23937","43.3653483224","-73.291258189","2023-07-27","21NYDECA_WQX",0,0,0,0,0,0,0,0,0,0,0,0,0,0,0,0,0,0,0,0,0.9,0,0,0,0,0,0,0,0,0,NA,NA,NA,NA
"158","21NYDECA_WQX-23940","44.844814272","-73.4706739708","2023-07-25","21NYDECA_WQX",0,0,0,0,0,0,0,0,0,0,0,0,0,3.6,0,2.8,0,0,0,0,11,0,2.5,0,0,0,0,0,0,2.9,NA,NA,NA,NA
"159","21NYDECA_WQX-23949","44.304152573","-73.9214766555","2023-07-26","21NYDECA_WQX",0,0,0,0,0,0,0,0,0,0,0,0,0,0,0,0,0,0,0,0,0,4.1,0.79,0,0,0,0,0,0,0.69,NA,NA,NA,NA
"160","21NYDECA_WQX-23952","43.8108480573","-73.4925048534","2023-07-27","21NYDECA_WQX",0,0,0,0,0,0,0,0,0,0,0,0,0,0,0,0,0,0,0,0,0,0,0,0,0,0,0,0,0,0,NA,NA,NA,NA
"161","21NYDECA_WQX-23998","41.0515639766","-73.7069770125","2023-09-26","21NYDECA_WQX",0,0,0,0,0,0,0,0,0,0,0,0,0,3.6,0,1,0,0,0.97,0,8.8,0,3.8,0,0,0,0,0,0,3.7,NA,NA,NA,NA
"162","21NYDECA_WQX-24002","41.1299565026","-73.7369423909","2023-09-26","21NYDECA_WQX",0,0,0,0,0,0,0,0,0,0,0,0,0,2.3,0,4.6,0,0,0,0,11,0,2.8,0,0,0,0,0,0,3.8,NA,NA,NA,NA
"163","21NYDECA_WQX-24004","41.2122533381","-73.5672581909","2023-09-26","21NYDECA_WQX",0,0,0,0,0,0,0,0,0,0,0,0,0,1.5,0,1.1,0,0,0,0,5.6,0,3.3,0,0,0,0,0,0,3.1,NA,NA,NA,NA
"164","21NYDECA_WQX-24005","41.242230081","-73.528847368","2023-09-26","21NYDECA_WQX",0,0,0,0,0,0,0,0,0,0,0,0,0,1.3,0,0,0,0,0,0,4.3,0,2.6,0,0,0,0,0,0,2.2,NA,NA,NA,NA
"165","21NYDECA_WQX-24051","40.814226","-73.744182","2023-09-27","21NYDECA_WQX",0,0,0,0,0,0,0,0.52,0,0,0,0,0,4.2,0,2.6,0,0,2.5,0,16,0,6.3,0,0,0,0,0,0,4.5,NA,NA,NA,NA
"166","21NYDECA_WQX-2546","44.464375","-73.575255","2021-04-14","21NYDECA_WQX",NA,NA,NA,0,0,NA,NA,NA,0,NA,0,0,NA,0,0,0,NA,NA,0,NA,0,0,0,0,0,NA,NA,NA,NA,0,NA,NA,NA,NA
"167","21NYDECA_WQX-2546","44.464375","-73.575255","2021-08-18","21NYDECA_WQX",NA,NA,NA,0,0,NA,NA,NA,0,NA,0,0,NA,0,0,0,NA,NA,0,NA,0,0,0,0,0,NA,NA,NA,NA,0,NA,NA,NA,NA
"168","21NYDECA_WQX-2559","44.377233","-73.71493","2023-07-26","21NYDECA_WQX",0,0,0,0,0,0,0,0,0,0,0,0,0,0,0,0,0,0,0,0,0,0,0,0,0,0,0,0,0,0,NA,NA,NA,NA
"169","21NYDECA_WQX-2676","44.36389","-73.390881","2021-04-14","21NYDECA_WQX",NA,NA,NA,0,0,NA,NA,NA,0,NA,0,0,NA,0,0,0,NA,NA,0,NA,0,0,0,0,0,NA,NA,NA,NA,0,NA,NA,NA,NA
"170","21NYDECA_WQX-2676","44.36389","-73.390881","2021-08-18","21NYDECA_WQX",NA,NA,NA,0,0,NA,NA,NA,0,NA,0,0,NA,0,0,0,NA,NA,0,NA,0,0,0,0,0,NA,NA,NA,NA,0,NA,NA,NA,NA
"171","21NYDECA_WQX-2679","44.22003","-73.58552","2023-07-26","21NYDECA_WQX",0,0,0,13,0,0,0,0,0,0,0,0,0,0,0,0,0,0,0,0,0,0,0.97,0,0,0,0,0,0,0,NA,NA,NA,NA
"172","21NYDECA_WQX-2732","44.40855","-74.08426","2023-07-26","21NYDECA_WQX",0,0,0,0,0,0,0,0,0,0,0,0,0,2.1,0,2.3,0,0,0,0,2.6,0,2.3,0,0,0,0,0,0,1.8,NA,NA,NA,NA
"173","21NYDECA_WQX-2923","42.95139","-73.39111","2019-10-24","21NYDECA_WQX",NA,NA,NA,0,0,NA,NA,NA,0,NA,0,0,NA,0,0,0,NA,NA,0,NA,13,0,0,0,0,NA,NA,NA,NA,0,NA,NA,NA,NA
"174","21NYDECA_WQX-2923","42.95139","-73.39111","2021-04-13","21NYDECA_WQX",NA,NA,NA,0,0,NA,NA,NA,0,NA,0,0,NA,0,0,0,NA,NA,0,NA,8.6,0,0,0,0,NA,NA,NA,NA,0,NA,NA,NA,NA
"175","21NYDECA_WQX-2923","42.95139","-73.39111","2021-08-18","21NYDECA_WQX",NA,NA,NA,0,0,NA,NA,NA,0,NA,0,0,NA,0,0,0,NA,NA,0,NA,22,0,0,0,0,NA,NA,NA,NA,0,NA,NA,NA,NA
"176","21NYDECA_WQX-2957","44.697538","-73.45085","2021-04-13","21NYDECA_WQX",NA,NA,NA,0,0,NA,NA,NA,0,NA,0,0,NA,0,0,0,NA,NA,0,NA,0,0,0,0,0,NA,NA,NA,NA,0,NA,NA,NA,NA
"177","21NYDECA_WQX-2957","44.697538","-73.45085","2021-08-17","21NYDECA_WQX",NA,NA,NA,0,0,NA,NA,NA,0,NA,0,0,NA,0,0,0,NA,NA,0,NA,0,0,0,0,0,NA,NA,NA,NA,0,NA,NA,NA,NA
"178","21NYDECA_WQX-3191","42.809122","-73.658308","2021-04-26","21NYDECA_WQX",NA,NA,NA,0,0,NA,NA,NA,0,NA,0,0,NA,0,0,0,NA,NA,0,NA,2,0,0,0,0,NA,NA,NA,NA,0,NA,NA,NA,NA
"179","21NYDECA_WQX-3191","42.809122","-73.658308","2021-08-25","21NYDECA_WQX",NA,NA,NA,0,0,NA,NA,NA,0,NA,0,0,NA,0,0,0,NA,NA,0,NA,3.6,0,0,0,0,NA,NA,NA,NA,0,NA,NA,NA,NA
"180","21NYDECA_WQX-3192","43.29655","-73.59049","2021-04-13","21NYDECA_WQX",NA,NA,NA,0,0,NA,NA,NA,0,NA,0,0,NA,0,0,0,NA,NA,0,NA,0,0,0,0,0,NA,NA,NA,NA,0,NA,NA,NA,NA
"181","21NYDECA_WQX-3192","43.29655","-73.59049","2021-08-17","21NYDECA_WQX",NA,NA,NA,0,0,NA,NA,NA,0,NA,0,0,NA,0,0,0,NA,NA,0,NA,0,0,0,0,0,NA,NA,NA,NA,0,NA,NA,NA,NA
"182","21NYDECA_WQX-3194","42.82274","-73.66137","2021-04-26","21NYDECA_WQX",NA,NA,NA,0,0,NA,NA,NA,0,NA,0,0,NA,0,0,0,NA,NA,0,NA,1.9,0,0,0,0,NA,NA,NA,NA,0,NA,NA,NA,NA
"183","21NYDECA_WQX-3194","42.82274","-73.66137","2021-08-25","21NYDECA_WQX",NA,NA,NA,0,0,NA,NA,NA,0,NA,0,0,NA,0,0,0,NA,NA,0,NA,3,0,0,0,0,NA,NA,NA,NA,0,NA,NA,NA,NA
"184","21NYDECA_WQX-3301","42.77833","-73.69667","2021-04-15","21NYDECA_WQX",NA,NA,NA,0,0,NA,NA,NA,0,NA,0,0,NA,0,0,0,NA,NA,0,NA,0,0,0,0,0,NA,NA,NA,NA,1.7,NA,NA,NA,NA
"185","21NYDECA_WQX-3301","42.77833","-73.69667","2021-08-18","21NYDECA_WQX",NA,NA,NA,0,0,NA,NA,NA,0,NA,0,0,NA,0,0,0,NA,NA,0,NA,0,0,2.8,0,0,NA,NA,NA,NA,3,NA,NA,NA,NA
"186","21NYDECA_WQX-3387","42.820624","-73.858617","2021-04-22","21NYDECA_WQX",NA,NA,NA,0,0,NA,NA,NA,0,NA,0,0,NA,0,0,0,NA,NA,0,NA,0,0,0,0,0,NA,NA,NA,NA,0,NA,NA,NA,NA
"187","21NYDECA_WQX-3387","42.820624","-73.858617","2021-08-25","21NYDECA_WQX",NA,NA,NA,0,0,NA,NA,NA,0,NA,0,0,NA,0,0,0,NA,NA,0,NA,0,0,0,0,0,NA,NA,NA,NA,0,NA,NA,NA,NA
"188","21NYDECA_WQX-3388","42.838248","-73.877313","2021-04-22","21NYDECA_WQX",NA,NA,NA,0,0,NA,NA,NA,0,NA,0,0,NA,0,0,0,NA,NA,0,NA,0,0,0,0,0,NA,NA,NA,NA,0,NA,NA,NA,NA
"189","21NYDECA_WQX-3388","42.838248","-73.877313","2021-08-25","21NYDECA_WQX",NA,NA,NA,0,0,NA,NA,NA,0,NA,0,0,NA,0,0,0,NA,NA,0,NA,0,0,0,0,0,NA,NA,NA,NA,0,NA,NA,NA,NA
"190","21NYDECA_WQX-3399","43.03778","-74.84055","2021-04-12","21NYDECA_WQX",NA,NA,NA,0,0,NA,NA,NA,0,NA,0,0,NA,0,0,0,NA,NA,0,NA,0,0,0,0,0,NA,NA,NA,NA,0,NA,NA,NA,NA
"191","21NYDECA_WQX-3399","43.03778","-74.84055","2021-08-16","21NYDECA_WQX",NA,NA,NA,0,0,NA,NA,NA,0,NA,0,0,NA,0,0,0,NA,NA,0,NA,0,0,0,0,0,NA,NA,NA,NA,0,NA,NA,NA,NA
"192","21NYDECA_WQX-3489","42.8","-74.26334","2019-10-21","21NYDECA_WQX",NA,NA,NA,0,0,NA,NA,NA,0,NA,0,0,NA,0,0,0,NA,NA,0,NA,0,0,0,0,0,NA,NA,NA,NA,0,NA,NA,NA,NA
"193","21NYDECA_WQX-3489","42.8","-74.26334","2021-04-15","21NYDECA_WQX",NA,NA,NA,0,0,NA,NA,NA,0,NA,0,0,NA,0,0,0,NA,NA,0,NA,0,0,0,0,0,NA,NA,NA,NA,0,NA,NA,NA,NA
"194","21NYDECA_WQX-3489","42.8","-74.26334","2021-08-19","21NYDECA_WQX",NA,NA,NA,0,0,NA,NA,NA,0,NA,0,0,NA,0,0,0,NA,NA,0,NA,0,0,0,0,0,NA,NA,NA,NA,0,NA,NA,NA,NA
"195","21NYDECA_WQX-3541","41.30103","-73.98634","2022-07-20","21NYDECA_WQX",0,0,0,0,0,0,0,0,0,0,0,0,0,0,0,0,0,0,0,0,0.755,0.182,0,0,0,0,0,0,0,NA,NA,NA,NA,NA
"196","21NYDECA_WQX-3616","41.662908","-73.736386","2022-07-20","21NYDECA_WQX",0,0,0,0,0,0,0,0,0,0,0,0,0,0.149,0,0.368,0,0,0,0,0.668,0.194,0,0,0,0,0,0,0,NA,NA,NA,NA,NA
"197","21NYDECA_WQX-3620","42.180528","-73.940247","2022-07-21","21NYDECA_WQX",0,0,0,0,0,0,0,0,0,0,0,0,0,0.801,0,0.553,0,0,0.3,0,1.31,0.202,1.07,0,0,0,0,0,0,1.08,NA,NA,NA,NA
"198","21NYDECA_WQX-3621","42.31972","-73.74611","2022-07-21","21NYDECA_WQX",0,0,0,0,0,0,0,0,0,0,0.169,0,0,0.641,0,0.516,0,0,0.497,0,1.49,0.26,0.93,0,0,0,0,0,0,1.02,NA,NA,NA,NA
"199","21NYDECA_WQX-3664","42.619495","-73.758796","2019-10-22","21NYDECA_WQX",NA,NA,NA,0,0,NA,NA,NA,0,NA,0,0,NA,0,0,0,NA,NA,0,NA,2.4,0,0,0,0,NA,NA,NA,NA,0,NA,NA,NA,NA
"200","21NYDECA_WQX-3664","42.619495","-73.758796","2021-04-12","21NYDECA_WQX",NA,NA,NA,0,0,NA,NA,NA,0,NA,0,0,NA,0,0,0,NA,NA,0,NA,0,0,0,0,0,NA,NA,NA,NA,0,NA,NA,NA,NA
"201","21NYDECA_WQX-3664","42.619495","-73.758796","2021-08-16","21NYDECA_WQX",NA,NA,NA,0,0,NA,NA,NA,0,NA,0,0,NA,0,0,0,NA,NA,0,NA,2.4,0,0,0,0,NA,NA,NA,NA,0,NA,NA,NA,NA
"202","21NYDECA_WQX-3736","42.41278","-74.03584","2022-07-20","21NYDECA_WQX",0,0,0,0,0,0,0,0,0,0,0,0,0,0.411,0,0.267,0,0,0.306,0,0.847,0.325,0.539,0,0,0,0,0,0,NA,NA,NA,NA,NA
"203","21NYDECA_WQX-375","43.095496","-78.638021","2021-04-14","21NYDECA_WQX",NA,NA,NA,0,0,NA,NA,NA,0,NA,0,0,NA,0,0,0,NA,NA,0,NA,0,0,0,0,0,NA,NA,NA,NA,0,NA,NA,NA,NA
"204","21NYDECA_WQX-375","43.095496","-78.638021","2021-08-26","21NYDECA_WQX",NA,NA,NA,0,0,NA,NA,NA,0,NA,0,0,NA,0,0,0,NA,NA,0,NA,0,0,0,0,0,NA,NA,NA,NA,1.9,NA,NA,NA,NA
"205","21NYDECA_WQX-3793","42.25639","-73.90471","2022-07-21","21NYDECA_WQX",0,0,0,0,0,0,0,0,0,0,0,0,0,0.638,0,0.657,0,0,0.193,0,1.21,0.155,1.15,0,0,0,0,0,0,0.993,NA,NA,NA,NA
"206","21NYDECA_WQX-3818","42.3905","-73.80139","2022-07-20","21NYDECA_WQX",0,0,0,1.74,0,0,0,0,0,0,0.171,0,0,0.886,0,0.385,0,0,0.433,0,1.58,0.175,2.52,0,0,0,0,0,0,2.24,NA,NA,NA,NA
"207","21NYDECA_WQX-3974","41.438813","-74.418355","2022-07-20","21NYDECA_WQX",0,0,0,0,0,0,0,0,0,0,0.236,0,0,2.58,0,1.41,0,0,1.16,0,4.25,0.289,5.05,0,0,0,0,0,0,4.7,NA,NA,NA,NA
"208","21NYDECA_WQX-3998","41.33306","-73.76472","2022-07-20","21NYDECA_WQX",0,0,0,0,0,0,0,0,0,0,0.642,0,0,4.05,0.148,1.86,0,0,1.07,0,9.68,0.249,8.72,0,0,0,0,0,0,8.17,NA,NA,NA,NA
"209","21NYDECA_WQX-4087","41.687831","-74.1657","2021-04-12","21NYDECA_WQX",NA,NA,NA,0,0,NA,NA,NA,0,NA,0,0,NA,0,0,0,NA,NA,0,NA,0,0,1.8,0,0,NA,NA,NA,NA,2.3,NA,NA,NA,NA
"210","21NYDECA_WQX-4087","41.687831","-74.1657","2021-08-17","21NYDECA_WQX",NA,NA,NA,0,0,NA,NA,NA,0,NA,0,0,NA,1.7,0,0,NA,NA,0,NA,3.8,0,9.4,0,0,NA,NA,NA,NA,5.5,NA,NA,NA,NA
"211","21NYDECA_WQX-4117","41.783264","-73.744283","2022-07-21","21NYDECA_WQX",0,0,0,0,0,0,0,0,0,0,0,0,0,0.616,0,0.342,0,0,0.371,0,1.37,1.49,1.77,0,0,0,0,0,0,1.47,NA,NA,NA,NA
"212","21NYDECA_WQX-4155","41.708764","-73.933888","2022-07-21","21NYDECA_WQX",0,0,0,0,0,0,0,0,0,0,0.524,0,0,2.74,0.174,1.73,0,0,1.51,0,9.96,0.633,5.11,0,0.235,0,0,0,0,4.64,NA,NA,NA,NA
"213","21NYDECA_WQX-4259","41.846178","-74.074282","2021-04-12","21NYDECA_WQX",NA,NA,NA,0,0,NA,NA,NA,0,NA,0,0,NA,0,0,0,NA,NA,0,NA,0,0,0,0,0,NA,NA,NA,NA,0,NA,NA,NA,NA
"214","21NYDECA_WQX-4259","41.846178","-74.074282","2021-08-17","21NYDECA_WQX",NA,NA,NA,0,0,NA,NA,NA,0,NA,0,0,NA,0,0,0,NA,NA,0,NA,0,0,0,0,0,NA,NA,NA,NA,0,NA,NA,NA,NA
"215","21NYDECA_WQX-4261","41.796212","-74.21083","2022-07-20","21NYDECA_WQX",0,0,0,0,0,0,0,0,0,0,0,0,0,0.245,0,0.191,0,0,0,0,0.471,0.249,0.311,0,0,0,0,0,0,NA,NA,NA,NA,NA
"216","21NYDECA_WQX-427","42.15716","-78.71793","2021-04-12","21NYDECA_WQX",NA,NA,NA,0,0,NA,NA,NA,0,NA,0,0,NA,0,0,0,NA,NA,0,NA,0,0,0,0,0,NA,NA,NA,NA,0,NA,NA,NA,NA
"217","21NYDECA_WQX-427","42.15716","-78.71793","2021-08-16","21NYDECA_WQX",NA,NA,NA,0,0,NA,NA,NA,0,NA,0,0,NA,0,0,0,NA,NA,0,NA,0,0,0,0,0,NA,NA,NA,NA,0,NA,NA,NA,NA
"218","21NYDECA_WQX-4345","41.242193","-74.025626","2022-07-20","21NYDECA_WQX",0,0,0,0,0,0,0,0,0,0,0,0,0,0.281,0,0,0,0,0.257,0,0.903,0.145,0,0,0,0,0,0,0,NA,NA,NA,NA,NA
"219","21NYDECA_WQX-4370","41.628","-74.331","2022-07-21","21NYDECA_WQX",0,0,0,0,0,0,0,0,0,0,0,0,0,0.295,0,0.19,0,0,0.212,0,0.817,0.148,0.431,0,0,0,0,0,0,NA,NA,NA,NA,NA
"220","21NYDECA_WQX-4447","42.29951519","-75.7466886","2023-08-16","21NYDECA_WQX",0,0,0,0,0,0,0,0,0,0,0,0,0,0.95,0,0,0,0,0,0,0,4.4,1.1,0,0,0,0,0,0,0,NA,NA,NA,NA
"221","21NYDECA_WQX-4548","42.444741","-77.100706","2022-08-02","21NYDECA_WQX",0,0,0,0,0,0,0,0,0,0,0,0,0,0.806,0,0.247,0,0,0.291,0,1.07,1.34,0.71,0,0,0,0,0,0,0.75,NA,NA,NA,NA
"222","21NYDECA_WQX-458","42.11245","-79.20303","2021-04-12","21NYDECA_WQX",NA,NA,NA,0,0,NA,NA,NA,0,NA,0,0,NA,0,0,0,NA,NA,0,NA,0,0,0,0,0,NA,NA,NA,NA,0,NA,NA,NA,NA
"223","21NYDECA_WQX-458","42.11245","-79.20303","2021-08-16","21NYDECA_WQX",NA,NA,NA,0,0,NA,NA,NA,0,NA,0,0,NA,0,0,0,NA,NA,0,NA,2,0,2.3,0,0,NA,NA,NA,NA,1.9,NA,NA,NA,NA
"224","21NYDECA_WQX-4720","42.76981384","-76.0758776","2023-08-31","21NYDECA_WQX",0,0,0,0,0,0,0,0,0,0,0,0,0,0,0,0,0,0,0,0,0,1.3,0,0,0,0,0,0,0,0,NA,NA,NA,NA
"225","21NYDECA_WQX-4744","42.35234","-75.79894","2023-08-16","21NYDECA_WQX",0,0,0,0,0,0,0,0,0,0,0,0,0,0,0,0,0,0,0,0,0,0,0,0,0,0,0,0,0,0,NA,NA,NA,NA
"226","21NYDECA_WQX-4890","42.82350276","-75.71544084","2023-08-30","21NYDECA_WQX",0,0,0,0,0,0,0,0,0,0,0,0,0,0,0,0,0,0,0,0,0,1.7,0,0,0,0,0,0,0,0,NA,NA,NA,NA
"227","21NYDECA_WQX-5050","42.37144","-76.73452","2023-07-19","21NYDECA_WQX",0,0,0,0,0,0,0,0,0,0,0,0,0,0,0,0,0,0,0,0,1.3,0,0,0,0,0,0,0,0,0,NA,NA,NA,NA
"228","21NYDECA_WQX-5296","42.50716","-74.982333","2023-08-15","21NYDECA_WQX",0,0,0,0,0,0,0,0,0,0,0,0,0,0,0,0,0,0,0,0,0,0,0,0,0,0,0,0,0,0,NA,NA,NA,NA
"229","21NYDECA_WQX-5311","42.62427783","-75.36353552","2023-08-31","21NYDECA_WQX",0,0,0,0,0,0,0,0,0,0,0,0,0,0,0,0,0,0,0,0,0,1,0,0,0,0,0,0,0,0,NA,NA,NA,NA
"230","21NYDECA_WQX-5589","42.09853613","-75.73777557","2023-07-18","21NYDECA_WQX",0,0,0,0,0,0,0,0,0,0,0,0,0,0,0,0,0,0,1.6,0,1.6,2.1,0,0,0,0,0,0,0,0.7,NA,NA,NA,NA
"231","21NYDECA_WQX-601","43.485876","-76.456671","2021-04-20","21NYDECA_WQX",NA,NA,NA,4.8,0,NA,NA,NA,0,NA,0,0,NA,2,0,0,NA,NA,0,NA,2.9,0,4,0,0,NA,NA,NA,NA,3.1,NA,NA,NA,NA
"232","21NYDECA_WQX-601","43.485876","-76.456671","2021-08-25","21NYDECA_WQX",NA,NA,NA,13,0,NA,NA,NA,0,NA,0,0,NA,4.6,0,1.9,NA,NA,3.4,NA,7,0,12,0,0,NA,NA,NA,NA,8.4,NA,NA,NA,NA
"233","21NYDECA_WQX-602","43.486561","-76.449","2021-04-20","21NYDECA_WQX",NA,NA,NA,0,0,NA,NA,NA,0,NA,0,0,NA,0,0,0,NA,NA,0,NA,0,0,0,0,0,NA,NA,NA,NA,0,NA,NA,NA,NA
"234","21NYDECA_WQX-602","43.486561","-76.449","2021-08-25","21NYDECA_WQX",NA,NA,NA,0,0,NA,NA,NA,0,NA,0,0,NA,2.3,0,0,NA,NA,3.5,NA,4.1,0,3.3,0,0,NA,NA,NA,NA,2.5,NA,NA,NA,NA
"235","21NYDECA_WQX-634","43.254","-77.742","2021-04-13","21NYDECA_WQX",NA,NA,NA,0,0,NA,NA,NA,0,NA,0,0,NA,0,0,0,NA,NA,0,NA,2.5,0,3.2,0,0,NA,NA,NA,NA,2.8,NA,NA,NA,NA
"236","21NYDECA_WQX-634","43.254","-77.742","2021-08-16","21NYDECA_WQX",NA,NA,NA,0,0,NA,NA,NA,0,NA,0,0,NA,1.8,0,0,NA,NA,0,NA,2.2,0,4.3,0,0,NA,NA,NA,NA,3.6,NA,NA,NA,NA
"237","21NYDECA_WQX-6484","42.68332788","-75.07395877","2023-07-20","21NYDECA_WQX",0,0,0,0,0,0,0,0,0,0,0,0,0,0.76,0,0,0,0,0,0,1.4,1.1,0.92,0,0,0,0,0,0,0.86,NA,NA,NA,NA
"238","21NYDECA_WQX-6614","42.63562301","-74.69408607","2023-08-29","21NYDECA_WQX",0,0,0,0,0,0,0,0,0,0,0,0,0,0,0,0,0,0,0,0,0,0,0,0,0,0,0,0,0,0.64,NA,NA,NA,NA
"239","21NYDECA_WQX-6631","42.78758568","-75.28691269","2023-08-29","21NYDECA_WQX",0,0,0,0,0,0,0,0,0,0,0,0,0,0,0,0,0,0,0,0,1.1,0.95,0,0,0,0,0,0,0,0.72,NA,NA,NA,NA
"240","21NYDECA_WQX-6644","42.844144","-74.920908","2023-08-15","21NYDECA_WQX",0,0,0,0,0,0,0,0,0,0,0,0,0,0,0,0,0,0,0,0,0,0,0,0,0,0,0,0,0,0,NA,NA,NA,NA
"241","21NYDECA_WQX-666","43.53111","-76.03806","2021-04-12","21NYDECA_WQX",NA,NA,NA,0,0,NA,NA,NA,0,NA,0,0,NA,0,0,0,NA,NA,0,NA,0,0,0,0,0,NA,NA,NA,NA,0,NA,NA,NA,NA
"242","21NYDECA_WQX-666","43.53111","-76.03806","2021-08-17","21NYDECA_WQX",NA,NA,NA,0,0,NA,NA,NA,0,NA,0,0,NA,0,0,0,NA,NA,0,NA,0,0,0,0,0,NA,NA,NA,NA,0,NA,NA,NA,NA
"243","21NYDECA_WQX-671","43.561222","-76.118139","2021-04-20","21NYDECA_WQX",NA,NA,NA,0,0,NA,NA,NA,0,NA,0,0,NA,0,0,0,NA,NA,0,NA,0,0,0,0,0,NA,NA,NA,NA,0,NA,NA,NA,NA
"244","21NYDECA_WQX-671","43.561222","-76.118139","2021-08-25","21NYDECA_WQX",NA,NA,NA,0,0,NA,NA,NA,0,NA,0,0,NA,0,0,0,NA,NA,0,NA,0,0,0,0,0,NA,NA,NA,NA,0,NA,NA,NA,NA
"245","21NYDECA_WQX-672","43.55","-76.09444","2021-04-20","21NYDECA_WQX",NA,NA,NA,0,0,NA,NA,NA,0,NA,0,0,NA,0,0,0,NA,NA,0,NA,0,0,0,0,0,NA,NA,NA,NA,0,NA,NA,NA,NA
"246","21NYDECA_WQX-672","43.55","-76.09444","2021-08-25","21NYDECA_WQX",NA,NA,NA,0,0,NA,NA,NA,0,NA,0,0,NA,0,0,0,NA,NA,0,NA,0,0,0,0,0,NA,NA,NA,NA,0,NA,NA,NA,NA
"247","21NYDECA_WQX-6902","41.37194","-74.69695","2021-04-14","21NYDECA_WQX",NA,NA,NA,0,0,NA,NA,NA,0,NA,0,0,NA,0,0,0,NA,NA,0,NA,0,0,0,0,0,NA,NA,NA,NA,0,NA,NA,NA,NA
"248","21NYDECA_WQX-6902","41.37194","-74.69695","2021-08-17","21NYDECA_WQX",NA,NA,NA,0,0,NA,NA,NA,0,NA,0,0,NA,0,0,0,NA,NA,0,NA,0,0,0,0,0,NA,NA,NA,NA,0,NA,NA,NA,NA
"249","21NYDECA_WQX-728","43.27785","-78.71185","2021-04-14","21NYDECA_WQX",NA,NA,NA,0,0,NA,NA,NA,0,NA,0,0,NA,1.8,0,0,NA,NA,0,NA,3.7,0,2.8,0,0,NA,NA,NA,NA,3.2,NA,NA,NA,NA
"250","21NYDECA_WQX-728","43.27785","-78.71185","2021-08-26","21NYDECA_WQX",NA,NA,NA,0,0,NA,NA,NA,0,NA,0,0,NA,2.2,0,0,NA,NA,0,NA,5,0,7.7,0,0,NA,NA,NA,NA,7,NA,NA,NA,NA
"251","21NYDECA_WQX-7476","41.4422","-74.6002","2021-04-14","21NYDECA_WQX",NA,NA,NA,0,0,NA,NA,NA,0,NA,0,0,NA,0,0,0,NA,NA,0,NA,0,0,0,0,0,NA,NA,NA,NA,0,NA,NA,NA,NA
"252","21NYDECA_WQX-7476","41.4422","-74.6002","2021-08-17","21NYDECA_WQX",NA,NA,NA,0,0,NA,NA,NA,0,NA,0,0,NA,0,0,0,NA,NA,0,NA,0,0,0,0,0,NA,NA,NA,NA,0,NA,NA,NA,NA
"253","21NYDECA_WQX-77","43.065745","-78.99999","2021-04-27","21NYDECA_WQX",NA,NA,NA,0,0,NA,NA,NA,0,NA,0,0,NA,0,0,0,NA,NA,0,NA,0,0,0,0,0,NA,NA,NA,NA,0,NA,NA,NA,NA
"254","21NYDECA_WQX-77","43.065745","-78.99999","2021-08-24","21NYDECA_WQX",NA,NA,NA,0,0,NA,NA,NA,0,NA,0,0,NA,0,0,0,NA,NA,0,NA,1.7,0,0,0,0,NA,NA,NA,NA,1.7,NA,NA,NA,NA
"255","21NYDECA_WQX-776","42.73598","-77.84183","2021-04-13","21NYDECA_WQX",NA,NA,NA,0,0,NA,NA,NA,0,NA,0,0,NA,0,0,0,NA,NA,0,NA,0,0,0,0,0,NA,NA,NA,NA,0,NA,NA,NA,NA
"256","21NYDECA_WQX-776","42.73598","-77.84183","2021-08-16","21NYDECA_WQX",NA,NA,NA,0,0,NA,NA,NA,0,NA,0,0,NA,0,0,0,NA,NA,0,NA,0,0,0,0,0,NA,NA,NA,NA,0,NA,NA,NA,NA
"257","21NYDECA_WQX-7774","42.08","-75.40138","2019-10-23","21NYDECA_WQX",NA,NA,NA,0,0,NA,NA,NA,0,NA,0,0,NA,0,0,0,NA,NA,0,NA,0,0,0,0,0,NA,NA,NA,NA,0,NA,NA,NA,NA
"258","21NYDECA_WQX-7774","42.08","-75.40138","2021-04-14","21NYDECA_WQX",NA,NA,NA,0,0,NA,NA,NA,0,NA,0,0,NA,0,0,0,NA,NA,0,NA,0,0,0,0,0,NA,NA,NA,NA,0,NA,NA,NA,NA
"259","21NYDECA_WQX-7774","42.08","-75.40138","2021-08-17","21NYDECA_WQX",NA,NA,NA,0,0,NA,NA,NA,0,NA,0,0,NA,0,0,0,NA,NA,0,NA,0,0,0,0,0,NA,NA,NA,NA,0,NA,NA,NA,NA
"260","21NYDECA_WQX-78","43.064778","-78.988048","2021-04-27","21NYDECA_WQX",NA,NA,NA,0,0,NA,NA,NA,0,NA,0,0,NA,0,0,0,NA,NA,0,NA,0,0,0,0,0,NA,NA,NA,NA,0,NA,NA,NA,NA
"261","21NYDECA_WQX-78","43.064778","-78.988048","2021-08-24","21NYDECA_WQX",NA,NA,NA,0,0,NA,NA,NA,0,NA,0,0,NA,0,0,0,NA,NA,0,NA,1.7,0,1.6,0,0,NA,NA,NA,NA,1.7,NA,NA,NA,NA
"262","21NYDECA_WQX-79","43.228233","-79.051793","2021-04-27","21NYDECA_WQX",NA,NA,NA,0,0,NA,NA,NA,0,NA,0,0,NA,0,0,0,NA,NA,0,NA,0,0,0,0,0,NA,NA,NA,NA,0,NA,NA,NA,NA
"263","21NYDECA_WQX-79","43.228233","-79.051793","2021-08-24","21NYDECA_WQX",NA,NA,NA,0,0,NA,NA,NA,0,NA,0,0,NA,0,0,0,NA,NA,0,NA,1.6,0,0,0,0,NA,NA,NA,NA,1.7,NA,NA,NA,NA
"264","21NYDECA_WQX-823","42.11866","-77.94654","2021-04-13","21NYDECA_WQX",NA,NA,NA,0,0,NA,NA,NA,0,NA,0,0,NA,0,0,0,NA,NA,0,NA,0,0,0,0,0,NA,NA,NA,NA,0,NA,NA,NA,NA
"265","21NYDECA_WQX-823","42.11866","-77.94654","2021-08-17","21NYDECA_WQX",NA,NA,NA,0,0,NA,NA,NA,0,NA,0,0,NA,0,0,2.9,NA,NA,0,NA,0,0,0,0,0,NA,NA,NA,NA,0,NA,NA,NA,NA
"266","21NYDECA_WQX-8352","40.82763","-72.658648","2023-09-27","21NYDECA_WQX",0,0,0,0,0,0,0,0,0,0,0,0,0,1.6,0,4.5,0,0,0,0,3.7,0,3.2,0,0,0,0,0,0,3,NA,NA,NA,NA
"267","21NYDECA_WQX-8359","41.04572","-73.709901","2021-04-21","21NYDECA_WQX",NA,NA,NA,0,0,NA,NA,NA,0,NA,0,0,NA,2.7,0,0,NA,NA,0,NA,8.5,0,3.9,0,0,NA,NA,NA,NA,3.1,NA,NA,NA,NA
"268","21NYDECA_WQX-8359","41.04572","-73.709901","2021-08-24","21NYDECA_WQX",NA,NA,NA,0,0,NA,NA,NA,0,NA,0,0,NA,3.3,0,0,NA,NA,0,NA,8.8,0,5.8,0,0,NA,NA,NA,NA,4.2,NA,NA,NA,NA
"269","21NYDECA_WQX-8363","40.95944","-73.821995","2023-09-26","21NYDECA_WQX",0,0,0,0,0,0,0,0,0,0,0,0,0,2.4,0,2.4,0,0,0,0,5.7,0,5.3,0,0,0,0,0,0,4.5,NA,NA,NA,NA
"270","21NYDECA_WQX-8366","40.88","-73.8686","2019-10-23","21NYDECA_WQX",NA,NA,NA,0,0,NA,NA,NA,0,NA,0,0,NA,3.4,0,3.3,NA,NA,0,NA,9.6,0,6,0,0,NA,NA,NA,NA,6.1,NA,NA,NA,NA
"271","21NYDECA_WQX-8366","40.88","-73.8686","2021-04-13","21NYDECA_WQX",NA,NA,NA,0,0,NA,NA,NA,0,NA,1.8,0,NA,5.2,0,4.7,NA,NA,2.3,NA,11,1.6,8.1,0,0,NA,NA,NA,NA,7.5,NA,NA,NA,NA
"272","21NYDECA_WQX-8366","40.88","-73.8686","2021-08-26","21NYDECA_WQX",NA,NA,NA,0,0,NA,NA,NA,0,NA,0,0,NA,5.1,0,5.1,NA,NA,0,NA,16,0,11,0,0,NA,NA,NA,NA,8.9,NA,NA,NA,NA
"273","21NYDECA_WQX-84","43.214337","-79.053206","2021-04-27","21NYDECA_WQX",NA,NA,NA,0,0,NA,NA,NA,0,NA,0,0,NA,0,0,0,NA,NA,0,NA,0,0,0,0,0,NA,NA,NA,NA,0,NA,NA,NA,NA
"274","21NYDECA_WQX-84","43.214337","-79.053206","2021-08-24","21NYDECA_WQX",NA,NA,NA,0,0,NA,NA,NA,0,NA,0,0,NA,0,0,0,NA,NA,0,NA,0,0,0,0,0,NA,NA,NA,NA,1.6,NA,NA,NA,NA
"275","21NYDECA_WQX-8498","40.83","-72.90694","2019-10-24","21NYDECA_WQX",NA,NA,NA,0,0,NA,NA,NA,0,NA,0,0,NA,0,0,3.5,NA,NA,0,NA,3.1,0,3.7,0,0,NA,NA,NA,NA,3.9,NA,NA,NA,NA
"276","21NYDECA_WQX-8498","40.83","-72.90694","2021-04-12","21NYDECA_WQX",NA,NA,NA,0,0,NA,NA,NA,0,NA,0,0,NA,0,0,3.1,NA,NA,0,NA,2.4,0,2.6,0,0,NA,NA,NA,NA,2.6,NA,NA,NA,NA
"277","21NYDECA_WQX-8498","40.83","-72.90694","2021-08-17","21NYDECA_WQX",NA,NA,NA,0,0,NA,NA,NA,0,NA,0,0,NA,0,0,3.8,NA,NA,0,NA,2.7,0,3.4,0,0,NA,NA,NA,NA,3.4,NA,NA,NA,NA
"278","21NYDECA_WQX-8498","40.83","-72.90694","2023-09-27","21NYDECA_WQX",0,0,0,0,0,0,0,0,0,0,0,0,0,2.2,0,3.2,0,0,0,0,2.3,0,3.3,0,0,0,0,0,0,2.5,NA,NA,NA,NA
"279","21NYDECA_WQX-8500","40.76306","-73.15167","2023-09-27","21NYDECA_WQX",0,0,0,0,0,0,0,0,0,0,0.68,0,0,3.2,0,4.8,0,0,0.87,0,11,0,8.3,0,0,0,0,0,0,8.1,NA,NA,NA,NA
"280","21NYDECA_WQX-8521","41.080496","-73.713759","2021-04-21","21NYDECA_WQX",NA,NA,NA,300,35,NA,NA,NA,0,NA,8.9,0,NA,160,44,820,NA,NA,170,NA,370,4.8,340,0,27,NA,NA,NA,NA,240,NA,NA,NA,NA
"281","21NYDECA_WQX-8521","41.080496","-73.713759","2021-08-24","21NYDECA_WQX",NA,NA,NA,110,18,NA,NA,NA,0,NA,18,0,NA,280,41,1100,NA,NA,140,NA,320,3.8,650,0,40,NA,NA,NA,NA,330,NA,NA,NA,NA
"282","21NYDECA_WQX-8523","41.067479","-73.717583","2021-04-21","21NYDECA_WQX",NA,NA,NA,39,0,NA,NA,NA,0,NA,0,0,NA,17,0,8.3,NA,NA,4.3,NA,16,0,42,0,0,NA,NA,NA,NA,27,NA,NA,NA,NA
"283","21NYDECA_WQX-8523","41.067479","-73.717583","2021-08-24","21NYDECA_WQX",NA,NA,NA,16,0,NA,NA,NA,0,NA,0,0,NA,17,0,12,NA,NA,5.1,NA,17,0,40,0,0,NA,NA,NA,NA,23,NA,NA,NA,NA
"284","21NYDECA_WQX-8660","41.19389","-73.62472","2023-09-26","21NYDECA_WQX",0,0,0,0,0,0,0,0,0,0,0,0,0,1.9,0,1.5,0,0,0,0,4.9,0,2.8,0,0,0,0,0,0,2.9,NA,NA,NA,NA
"285","21NYDECA_WQX-8666","41.2125","-73.55305","2023-09-26","21NYDECA_WQX",0,0,0,0,0,0,0,0,0,0,0,0,0,0,0,0.91,0,0,0,0,2.6,0,1.1,0,0,0,0,0,0,0.91,NA,NA,NA,NA
"286","21NYDECA_WQX-874","42.264939","-77.547768","2022-08-31","21NYDECA_WQX",0,0,0,0,0,0,0,0,0,0,0,0,0,0.189,0,0.209,0,0,0,0,0.435,0.217,0,0,0,0,0,0,0,0.261,NA,NA,NA,NA
"287","21NYDECA_WQX-8797","40.90361","-72.76472","2023-09-27","21NYDECA_WQX",0,0,0,5.3,0,0,0,0,0,0,2.9,0,0,7,0,5.9,0,0,120,0,9.1,1.4,7.3,0,14,0,0,0,0,6,NA,NA,NA,NA
"288","21NYDECA_WQX-8799","40.72747","-73.24427","2023-09-27","21NYDECA_WQX",0,0,0,0,0,0,0,0,0,0,0,0,0,3.8,0,4.8,0,0,2.6,0,13,0,7.5,0,0,0,0,0,0,6.2,NA,NA,NA,NA
"289","21NYDECA_WQX-8820","40.70454","-73.30024","2023-09-27","21NYDECA_WQX",0,0,0,0,0,0,0,0,0,0,0.61,0,0,3.2,0,2.3,0,0,1.3,0,9.7,0,4.8,0,0,0,0,0,0,4.9,NA,NA,NA,NA
"290","21NYDECA_WQX-889","42.10146","-76.68656","2022-09-01","21NYDECA_WQX",0,0,0,0,0,0,0,0,0,0,0,0,0,0,0,NA,0,0,0,0,0.316,NA,0,0,0,0,0,0,0,NA,NA,NA,NA,NA
"291","21NYDECA_WQX-8916","42.623612","-73.571242","2022-07-20","21NYDECA_WQX",0,0,0,0,0,0,0,0,0,0,0.225,0,0,0.977,0.116,1.46,0,0,0.489,0,2.72,0.422,1.33,0,0,0,0,0,0,1.67,NA,NA,NA,NA
"292","21NYDECA_WQX-974","43.22722","-77.61639","2021-04-14","21NYDECA_WQX",NA,NA,NA,0,0,NA,NA,NA,0,NA,0,0,NA,0,0,0,NA,NA,0,NA,0,0,1.6,0,0,NA,NA,NA,NA,1.9,NA,NA,NA,NA
"293","21NYDECA_WQX-974","43.22722","-77.61639","2021-08-17","21NYDECA_WQX",NA,NA,NA,0,0,NA,NA,NA,0,NA,0,0,NA,0,0,0,NA,NA,0,NA,2,0,3.4,0,0,NA,NA,NA,NA,3.5,NA,NA,NA,NA
"294","21NYDECA_WQX-976","43.203609","-77.625736","2021-04-28","21NYDECA_WQX",NA,NA,NA,0,0,NA,NA,NA,0,NA,0,0,NA,0,0,0,NA,NA,0,NA,0,0,0,0,0,NA,NA,NA,NA,3.1,NA,NA,NA,NA
"295","21NYDECA_WQX-976","43.203609","-77.625736","2021-08-25","21NYDECA_WQX",NA,NA,NA,0,0,NA,NA,NA,0,NA,0,0,NA,0,0,0,NA,NA,0,NA,2.1,0,0,0,0,NA,NA,NA,NA,1.7,NA,NA,NA,NA
"296","21NYDECA_WQX-978","43.198389","-77.620746","2021-04-28","21NYDECA_WQX",NA,NA,NA,0,0,NA,NA,NA,0,NA,0,0,NA,0,0,0,NA,NA,0,NA,0,0,0,0,0,NA,NA,NA,NA,0,NA,NA,NA,NA
"297","21NYDECA_WQX-978","43.198389","-77.620746","2021-08-25","21NYDECA_WQX",NA,NA,NA,0,0,NA,NA,NA,0,NA,0,0,NA,0,0,0,NA,NA,0,NA,0,0,0,0,0,NA,NA,NA,NA,0,NA,NA,NA,NA
"298","21NYDECA_WQX-9830","44.29821804","-74.35877265","2023-06-29","21NYDECA_WQX",0,0,0,0,0,0,0,0,0,0,0,0,0,0.86,0,0,0,0,0.76,0,0,0,0.81,0,0,0,0,0,0,0,NA,NA,NA,NA
"299","AZDEQ_SW-SPSPR141.75_112004","31.47057","-110.10894","2025-04-23","AZDEQ_SW",0,0,0,0,0,0,0,0,0,0,0,0,0,0,0,0,0,0,0,0,0,0,0,0,0,NA,NA,0,0,0,0,NA,NA,NA
"300","AZDEQ_SW-SRCHE000.01_112011","33.91355","-110.90587","2025-05-29","AZDEQ_SW",0,0,0,0,0,0,0,0,0,0,0,0,0,0,0,0,0,0,0,0,0,0,0,0,0,NA,NA,0,0,0,0,NA,NA,NA
"301","AZDEQ_SW-UGSFR033.99_111997","33.20795","-109.1521","2025-05-13","AZDEQ_SW",0,0,0,0,0,0,0,0,0,0,0,0,0,0,0,0,0,0,0,0,0,0,0,0,0,NA,NA,0,0,0,0,NA,NA,NA
"302","AZDEQ_SW-VRWBV006.38_112012","34.645914","-111.7533521","2025-05-28","AZDEQ_SW",0,0,0,0,0,0,0,0,0,0,0,0,0,0,0,0,0,0,0,0,0,0,0,0,0,NA,NA,0,0,0,0,NA,NA,NA
"303","CEDEN-200PPCPCL","37.4764","-122.124","2009-12-10","CEDEN",NA,NA,NA,NA,NA,NA,NA,NA,NA,NA,NA,NA,NA,NA,NA,12.6,NA,NA,NA,NA,NA,NA,NA,NA,NA,NA,NA,NA,NA,NA,NA,62.2,7.89,44.3
"304","CEDEN-200PPCPEL","37.5644","-122.25","2009-12-28","CEDEN",NA,NA,NA,NA,NA,NA,NA,NA,NA,NA,NA,NA,NA,NA,NA,2.3,NA,NA,NA,NA,NA,NA,NA,NA,NA,NA,NA,NA,NA,NA,NA,2.59,NA,6.49
"305","CEDEN-200PPCPFC","37.5949","-122.146","2009-12-10","CEDEN",NA,NA,NA,NA,NA,NA,NA,NA,NA,NA,NA,NA,NA,NA,NA,NA,NA,NA,NA,NA,NA,NA,NA,NA,NA,NA,NA,NA,NA,NA,NA,NA,NA,5.7
"306","CEDEN-PajRiv3","36.8922","-121.764","2019-11-06","CEDEN",NA,NA,NA,NA,NA,NA,NA,NA,NA,NA,4.08,NA,NA,3.61,NA,1.21,NA,NA,NA,NA,9.45,NA,NA,NA,NA,NA,NA,NA,NA,7.02,NA,9.52,2.09,5.52
"307","CEDEN-PajRiv3","36.8922","-121.764","2021-04-14","CEDEN",NA,NA,NA,NA,NA,NA,NA,NA,NA,NA,NA,NA,NA,1.14,NA,1.45,NA,NA,NA,NA,3.89,NA,NA,NA,NA,NA,NA,NA,NA,3.45,NA,4.49,3.29,3.05
"308","CEDEN-SalRiv3","36.709","-121.751","2022-03-21","CEDEN",NA,NA,NA,NA,NA,NA,NA,NA,NA,NA,NA,NA,NA,1.07,NA,2.65,NA,NA,NA,NA,1.81,NA,NA,NA,NA,NA,NA,NA,NA,3.27,NA,3.83,1.79,2.41
"309","CWLT_WQX-DCC","39.66699868","-123.5080272","2022-01-11","CWLT_WQX",0,NA,NA,NA,NA,0,0,0,0,NA,0,NA,NA,0,NA,0,NA,NA,0,NA,0,NA,NA,0,NA,NA,NA,NA,NA,0,NA,NA,NA,NA
"310","CWLT_WQX-DR1","39.67188803","-123.5045329","2022-01-11","CWLT_WQX",0,NA,NA,NA,NA,0,0,0,0,NA,0,NA,NA,0,NA,0,NA,NA,0,NA,0,NA,NA,0,NA,NA,NA,NA,NA,0,NA,NA,NA,NA
"311","CWLT_WQX-WCD","39.67187209","-123.5004531","2022-01-11","CWLT_WQX",0,NA,NA,NA,NA,0,0,0,0,NA,0,NA,NA,0,NA,0,NA,NA,0,NA,0,NA,NA,0,NA,NA,NA,NA,NA,0,NA,NA,NA,NA
"312","DRBC-BC","40.189096","-74.7585","2021-04-20","DRBC",0,NA,NA,NA,NA,NA,0,0,0,0,0,NA,0,NA,NA,NA,0,0,NA,NA,2.32,0,NA,NA,NA,NA,NA,NA,NA,NA,NA,0,NA,2.26
"313","DRBC-BF","39.949887","-75.139119","2021-06-01","DRBC",0,NA,NA,NA,NA,NA,0,0,0,0,0,NA,0,1.74,NA,NA,0,0,NA,NA,3.63,0,NA,NA,NA,NA,NA,NA,NA,4.53,NA,NA,1.99,4.06
"314","DRBC-BR","39.988349","-75.068128","2021-05-26","DRBC",0,NA,NA,NA,NA,NA,0,0,0,0,0,NA,0,NA,NA,NA,0,0,NA,NA,2.74,0,NA,NA,NA,NA,NA,NA,NA,4.27,NA,NA,NA,2.82
"315","DRBC-BU","40.082147","-74.879414","2021-05-24","DRBC",0,NA,NA,NA,NA,NA,0,0,0,0,0,NA,0,NA,NA,NA,0,0,NA,NA,2,0,NA,NA,NA,NA,NA,NA,NA,2.4,NA,0,NA,2.51
"316","DRBC-BWC","39.73692","-75.52657","2021-10-06","DRBC",0,NA,NA,NA,NA,NA,0,0,0,0,2.38,NA,0,12.3,NA,2.78,0,0,NA,NA,12.9,0,NA,NA,NA,NA,NA,NA,NA,16.3,NA,19.3,2.5,4.91
"317","DRBC-CC2021","39.84474","-75.35999","2021-05-27","DRBC",0,NA,NA,NA,NA,NA,0,0,0,0,NA,NA,0,3.77,NA,1.95,0,0,NA,NA,6.56,0,NA,NA,NA,NA,NA,NA,NA,7.66,NA,NA,3.22,5.62
"318","DRBC-CH","39.824416","-75.364924","2021-05-20","DRBC",0,NA,NA,NA,NA,NA,0,0,0,0,0,NA,0,1.88,NA,NA,0,0,NA,NA,3.69,0,NA,NA,NA,NA,NA,NA,NA,3.73,NA,NA,1.66,2.93
"319","DRBC-CHR2021","39.73484","-75.55027","2021-10-06","DRBC",0,NA,NA,NA,NA,NA,0,0,0,0,1.8,NA,0,9.99,NA,2.36,0,0,NA,NA,10.1,0,NA,NA,NA,NA,NA,NA,NA,13,NA,14.4,2.66,4.42
"320","DRBC-DC","39.86994","-75.313876","2021-05-27","DRBC",0,NA,NA,NA,NA,NA,0,0,0,0,0,NA,0,1.99,NA,NA,0,0,NA,NA,3.28,0,NA,NA,NA,NA,NA,NA,NA,4.97,NA,NA,2.37,2.97
"321","DRBC-DIN","41.2195","-74.86","2021-10-21","DRBC",0,NA,NA,NA,NA,NA,0,0,0,0,0,NA,0,NA,NA,0,0,0,NA,NA,NA,0,NA,NA,NA,NA,NA,NA,NA,NA,NA,0,0,NA
"322","DRBC-EAS","40.67934","-75.1852","2021-10-21","DRBC",0,NA,NA,NA,NA,NA,0,0,0,0,0,NA,0,NA,NA,NA,0,0,NA,NA,NA,0,NA,NA,NA,NA,NA,NA,NA,2.24,NA,NA,1.76,NA
"323","DRBC-ES","39.854719","-75.329321","2021-05-27","DRBC",0,NA,NA,NA,NA,NA,0,0,0,0,0,NA,0,NA,NA,NA,0,0,NA,NA,3,0,NA,NA,NA,NA,NA,NA,NA,3.3,NA,NA,1.74,3.09
"324","DRBC-FC","39.98591","-75.071532","2021-05-26","DRBC",0,NA,NA,NA,NA,NA,0,0,0,0,0,NA,0,NA,NA,NA,0,0,NA,NA,2.85,0,NA,NA,NA,NA,NA,NA,NA,3.34,NA,NA,2.14,2.78
"325","DRBC-FL","40.129409","-74.818381","2021-05-24","DRBC",0,NA,NA,NA,NA,NA,0,0,0,0,0,NA,0,NA,NA,NA,0,0,NA,NA,2.2,0,NA,NA,NA,NA,NA,NA,NA,NA,NA,0,NA,2.12
"326","DRBC-GLR","40.24218","-74.82188","2021-10-21","DRBC",0,NA,NA,NA,NA,NA,0,0,0,0,0,NA,0,NA,NA,2.3,0,0,NA,NA,2.35,0,NA,NA,NA,NA,NA,NA,NA,2.13,NA,NA,NA,8.17
"327","DRBC-LAC","41.4859","-74.9864","2021-10-21","DRBC",0,NA,NA,NA,NA,NA,0,0,0,0,0,NA,0,NA,NA,0,0,0,NA,NA,NA,0,NA,NA,NA,NA,NA,NA,NA,NA,NA,0,NA,NA
"328","DRBC-LHR","40.688896","-75.20662","2021-10-21","DRBC",0,NA,NA,NA,NA,NA,0,0,0,0,0,NA,0,NA,NA,NA,0,0,NA,NA,1.69,0,NA,NA,NA,NA,NA,NA,NA,2.93,NA,NA,1.76,1.6
"329","DRBC-NC","40.075873","-74.909043","2021-05-24","DRBC",0,NA,NA,NA,NA,NA,0,0,0,0,0,NA,0,NA,NA,NA,0,0,NA,NA,2.92,0,NA,NA,NA,NA,NA,NA,NA,2.79,NA,NA,NA,3.01
"330","DRBC-NHC2021","40.141702","-74.912663","2021-11-08","DRBC",0,NA,NA,NA,NA,NA,0,0,0,0,0,NA,0,3.23,NA,7.72,0,0,NA,NA,8.22,0,NA,NA,NA,NA,NA,NA,NA,7.75,NA,NA,6.35,14.7
"331","DRBC-NV","39.884095","-75.196883","2021-06-01","DRBC",0,NA,NA,NA,NA,NA,0,0,0,0,NA,NA,0,2.1,NA,NA,0,0,NA,NA,3.69,0,NA,NA,NA,NA,NA,NA,NA,5.25,NA,NA,2.42,3.48
"332","DRBC-PB","39.858335","-75.268601","2021-05-27","DRBC",0,NA,NA,NA,NA,NA,0,0,0,0,0,NA,0,NA,NA,NA,0,0,NA,NA,2.77,0,NA,NA,NA,NA,NA,NA,NA,3.47,NA,NA,NA,2.78
"333","DRBC-PPC2021","40.0436","-75.020498","2021-11-08","DRBC",0,NA,NA,NA,NA,NA,0,0,0,0,0,NA,0,3.96,NA,5.27,0,0,NA,NA,8.77,0,NA,NA,NA,NA,NA,NA,NA,7.37,NA,NA,7.06,7.55
"334","DRBC-PPI","39.6126","-75.5931","2021-10-06","DRBC",0,NA,NA,NA,NA,NA,0,0,0,0,NA,NA,0,3.39,NA,NA,0,0,NA,NA,4.82,0,NA,NA,NA,NA,NA,NA,NA,15.1,NA,NA,2,3.03
"335","DRBC-SAN","40.7582","-75.188","2021-10-21","DRBC",0,NA,NA,NA,NA,NA,0,0,0,0,0,NA,0,NA,NA,NA,0,0,NA,NA,NA,0,NA,NA,NA,NA,NA,NA,NA,NA,NA,NA,NA,NA
"336","DRBC-SR","39.91316","-75.2059","2021-06-01","DRBC",0,NA,NA,NA,NA,NA,0,0,0,0,NA,NA,0,2.95,NA,NA,0,0,NA,NA,3.89,0,NA,NA,NA,NA,NA,NA,NA,5.3,NA,NA,3.93,4.02
"337","DRBC-TD","40.032619","-74.989468","2021-05-26","DRBC",0,NA,NA,NA,NA,NA,0,0,0,0,0,NA,0,1.94,NA,2.29,0,0,NA,NA,4.21,0,NA,NA,NA,NA,NA,NA,NA,3.93,NA,NA,1.93,4.37
"338","DRBC-YAR","40.27952","-74.859305","2021-10-21","DRBC",0,NA,NA,NA,NA,NA,0,0,0,0,0,NA,0,NA,NA,NA,0,0,NA,NA,NA,0,NA,NA,NA,NA,NA,NA,NA,NA,NA,0,NA,NA
"339","GLEC-10009","35.15629","-114.57068","2024-03-25","GLEC",0,0,0,0,0,0,0,0,0,0,0,0,0,0,0,0,0,0,0,0,0,0,0,0,0,NA,NA,0,0,0,NA,NA,NA,NA
"340","GLEC-10010","34.90988","-111.72787","2025-04-20","GLEC",0,0,0,0,0,0,0,0,0,0,0,0,0,0,0,0,0,0,0,0,0,0,0,0,0,NA,NA,0,0,0,NA,NA,NA,NA
"341","GLEC-10012","36.80573","-114.03293","2025-04-21","GLEC",0,0,0,0,0,0,0,0,0,0,0,0,0,0.55,0,0.49,0,0,0,0,1.2,0,2.4,0,0,NA,NA,0,0,1.7,NA,NA,NA,NA
"342","GLEC-10014","32.92038","-109.83841","2024-05-03","GLEC",0,0,0,0,0,0,0,0,0,0,0,0,0,0,0,0,0,0,0,0,0,0,0,0,0,NA,NA,0,0,0,NA,NA,NA,NA
"343","GLEC-10020","34.46157","-111.15572","2024-10-15","GLEC",0,0,0,0,0,0,0,0,0,0,0,0,0,0,0,0,0,0,0,0,0,0,0,0,0,NA,NA,0,0,0,NA,NA,NA,NA
"344","GLEC-10054","32.72092","-114.56576","2024-11-06","GLEC",0,0,0,0,0,0,0,0,0,0,0,0,0,0,0,0,0,0,0,0,0,0,0,0,0,NA,NA,0,0,0,NA,NA,NA,NA
"345","GLEC-10055","33.73862","-109.32676","2024-10-13","GLEC",0,0,0,0,0,0,0,0,0,0,0,0,0,0,0,0,0,0,0,0,0,0,0,0,0,NA,NA,0,0,0,NA,NA,NA,NA
"346","GLEC-10060","34.21578","-109.30257","2024-10-13","GLEC",0,0,0,0,0,0,0,0,0,0,0,0,0,0,0,0,0,0,0,0,0,0,0,0,0,NA,NA,0,0,0,NA,NA,NA,NA
"347","GLEC-10061","33.48702","-114.5986","2024-11-07","GLEC",0,0,0,0,0,0,0,0,0,0,0,0,0,0,0,0,0,0,0,0,0,0,0,0,0,NA,NA,0,0,0,NA,NA,NA,NA
"348","GLEC-10064","32.98995","-114.49694","2024-11-06","GLEC",0,0,0,0,0,0,0,0,0,0,0,0,0,0,0,0,0,0,0,0,0,0,0,0,0,NA,NA,0,0,0,NA,NA,NA,NA
"349","GLEC-10065","34.71448","-114.47841","2024-03-26","GLEC",0,0,0,0,0,0,0,0,0,0,0,0,0,0,0,0,0,0,0,0,0,0,0,0,0,NA,NA,0,0,0,NA,NA,NA,NA
"350","GLEC-10073","34.8938","-112.88126","2024-11-09","GLEC",0,0,0,0,0,0,0,0,0,0,0,0,0,0,0,0,0,0,0,0,0,0,0,0,0,NA,NA,0,0,0,NA,NA,NA,NA
"351","GLEC-10107","34.26614","-114.02069","2024-11-08","GLEC",0,0,0,0,0,0,0,0,0,0,0,0,0,0,0,0,0,0,0,0,0,0,0,0,0,NA,NA,0,0,0,NA,NA,NA,NA
"352","GLEC-10108","36.8433","-111.54888","2024-03-25","GLEC",0,0,0,0,0,0,0,0,0,0,0,0,0,0,0,0,0,0,0,0,0,0,0,0,0,NA,NA,0,0,0,NA,NA,NA,NA
"353","GLEC-10114","32.74077","-114.53131","2024-11-06","GLEC",0,0,0,0,0,0,0,0,0,0,0,0,0,0,0,0,0,0,0,0,0,0,0,0,0,NA,NA,0,0,0,NA,NA,NA,NA
"354","GLEC-10121","35.9483","-114.73015","2024-11-09","GLEC",0,0,0,0,0,0,0,0,0,0,0,0,0,0,0,0,0,0,0,0,0,0,0,0,0,NA,NA,0,0,0,NA,NA,NA,NA
"355","GLEC-10124","33.25861","-114.67224","2024-11-07","GLEC",0,0,0,0,0,0,0,0,0,0,0,0,0,0,0,0,0,0,0,0,0,0,0,0,0,NA,NA,0,0,0,NA,NA,NA,NA
"356","GLEC-10129","34.74043","-114.5197","2025-04-21","GLEC",0,0,0,0,0,0,0,0,0,0,0,0,0,0.42,0,0,0,0,0.48,0,1.1,0,1.3,0,0,NA,NA,0,0,0.77,NA,NA,NA,NA
"357","GLEC-10135","33.48711","-114.59878","2025-04-21","GLEC",0,0,0,0,0,0,0,0,0,0,0,0,0,0.47,0,0,0,0,0.56,0,1.1,0,1.5,0,0,NA,NA,0,0,0.89,NA,NA,NA,NA
"358","GLEC-20069","31.61155916","-110.166736","2025-04-16","GLEC",0,0,0,0,0,0,0,0,0,0,0,0,0,0,0,0,0,0,0,0,0,0,0,0,0,NA,NA,0,0,0,NA,NA,NA,NA
"359","GLEC-20083","34.53840644","-111.6845951","2025-04-19","GLEC",0,0,0,0,0,0,0,0,0,0,0,0,0,0,0,0,0,0,0,0,0,0,0,0,0,NA,NA,0,0,0,NA,NA,NA,NA
"360","GLEC-20110","34.35061706","-111.2850795","2025-04-16","GLEC",0,0,0,0,0,0,0,0,0,0,0,0,0,0,0,0,0,0,0,0,0,0,0,0,0,NA,NA,0,0,0,NA,NA,NA,NA
"361","GLEC-20177","32.76890662","-109.1595159","2025-04-17","GLEC",0,0,0,0,0,0,0,0,0,0,0,0,0,0,0,0,0,0,0,0,0,0,0,0,0,NA,NA,0,0,0,NA,NA,NA,NA
"362","GLEC-20195","34.40335875","-111.6174861","2025-04-20","GLEC",0,0,0,0,0,0,0,0,0,0,0,0,0,0,0,0,0,0,0,0,0,0,0,0,0,NA,NA,0,0,0,NA,NA,NA,NA
"363","GLEC-20266","34.24171142","-111.4535114","2025-04-18","GLEC",0,0,0,0,0,0,0,0,0,0,0,0,0,0.9,0,1,0,0,0.73,0,4.7,0,4,0,0,NA,NA,0,0,3.5,NA,NA,NA,NA
"364","GLEC-20279","32.85892104","-110.7287862","2025-04-15","GLEC",0,0,0,0,0,0,0,0,0,0,0,0,0,0,0,0,0,0,0,0,0,0,0,0,0,NA,NA,0,0,0,NA,NA,NA,NA
"365","GLEC-20385","31.55029839","-110.1367885","2025-04-16","GLEC",0,0,0,0,0,0,0,0,0,0,0,0,0,0,0,0,0,0,0,0,0,0,0,0,0,NA,NA,0,0,0,NA,NA,NA,NA
"366","GLEC-20425","34.51827839","-111.7419495","2025-04-19","GLEC",0,0,0,0,0,0,0,0,0,0,0,0,0,0,0,0,0,0,0,0,0,0,0,0,0,NA,NA,0,0,0,NA,NA,NA,NA
"367","GLEC-20465","34.51209936","-111.8223842","2025-04-19","GLEC",0,0,0,0,0,0,0,0,0,0,0,0,0,0,0,0,0,0,0,0,0,0,0,0,0,NA,NA,0,0,0,NA,NA,NA,NA
"368","GLEC-20485","33.80567225","-111.4815466","2025-04-18","GLEC",0,0,0,0,0,0,0,0,0,0,0,0,0,0,0,0.46,0,0,0,0,0,0,0,0,0,NA,NA,0,0,0,NA,NA,NA,NA
"369","GLEC-20531","32.6991302","-109.7879804","2025-04-16","GLEC",0,0,0,0,0,0,0,0,0,0,0,0,0,0,0,0,0,0,0,0,0,0,0,0,0,NA,NA,0,0,0,NA,NA,NA,NA
"370","GLEC-20532","33.2920045","-109.1956398","2025-04-17","GLEC",0,0,0,0,0,0,0,0,0,0,0,0,0,0,0,0,0,0,0,0,0,0,0,0,0,NA,NA,0,0,0,NA,NA,NA,NA
"371","MNPCA-16-0027-00-201","48.049924","-90.064029","2024-05-23","MNPCA",NA,NA,NA,NA,NA,NA,NA,NA,NA,NA,NA,NA,NA,0.401,NA,NA,NA,NA,NA,NA,0.327,NA,1.73,NA,NA,NA,NA,NA,NA,NA,NA,1.43,NA,NA
"372","MNPCA-16-0027-00-201","48.049924","-90.064029","2024-06-17","MNPCA",NA,NA,NA,NA,NA,NA,NA,NA,NA,NA,NA,NA,NA,0.469,NA,NA,NA,NA,NA,NA,0.335,NA,1.65,NA,NA,NA,NA,NA,NA,NA,NA,1.39,NA,NA
"373","MNPCA-16-0027-00-201","48.049924","-90.064029","2024-06-25","MNPCA",NA,NA,NA,NA,NA,NA,NA,NA,NA,NA,NA,NA,NA,0.392,NA,NA,NA,NA,NA,NA,0.293,NA,1.2,NA,NA,NA,NA,NA,NA,NA,NA,1.12,NA,NA
"374","MNPCA-16-0027-00-201","48.049924","-90.064029","2024-07-09","MNPCA",NA,NA,NA,NA,NA,NA,NA,NA,NA,NA,NA,NA,NA,0.348,NA,NA,NA,NA,NA,NA,0.235,NA,1.47,NA,NA,NA,NA,NA,NA,NA,NA,1.15,NA,NA
"375","MNPCA-16-0027-00-201","48.049924","-90.064029","2024-07-25","MNPCA",NA,NA,NA,NA,NA,NA,NA,NA,NA,NA,NA,NA,NA,0.399,NA,NA,NA,NA,NA,NA,0.269,NA,1.2,NA,NA,NA,NA,NA,NA,NA,NA,1.09,NA,NA
"376","MNPCA-16-0027-00-201","48.049924","-90.064029","2024-08-06","MNPCA",NA,NA,NA,NA,NA,NA,NA,NA,NA,NA,NA,NA,NA,0.295,NA,NA,NA,NA,NA,NA,0.216,NA,1.04,NA,NA,NA,NA,NA,NA,NA,NA,0.859,NA,NA
"377","MNPCA-16-0027-00-201","48.049924","-90.064029","2024-08-14","MNPCA",NA,NA,NA,NA,NA,NA,NA,NA,NA,NA,NA,NA,NA,0.41,NA,NA,NA,NA,NA,NA,0.268,NA,1.1,NA,NA,NA,NA,NA,NA,NA,NA,0.782,NA,NA
"378","MNPCA-16-0027-00-201","48.049924","-90.064029","2024-09-05","MNPCA",NA,NA,NA,NA,NA,NA,NA,NA,NA,NA,NA,NA,NA,NA,NA,NA,NA,NA,NA,NA,NA,NA,NA,NA,NA,NA,NA,NA,NA,NA,NA,1.23,NA,NA
"379","MNPCA-16-0147-00-202","48.053315","-90.38301","2024-05-23","MNPCA",NA,NA,NA,NA,NA,NA,NA,NA,NA,NA,NA,NA,NA,0.68,NA,NA,NA,NA,0.321,NA,0.657,NA,1.26,NA,NA,NA,NA,NA,NA,0.303,NA,1.89,NA,NA
"380","MNPCA-16-0147-00-202","48.053315","-90.38301","2024-06-25","MNPCA",NA,NA,NA,NA,NA,NA,NA,NA,NA,NA,NA,NA,NA,0.568,NA,NA,NA,NA,NA,NA,0.506,NA,0.59,NA,NA,NA,NA,NA,NA,NA,NA,1.93,NA,NA
"381","MNPCA-16-0147-00-202","48.053315","-90.38301","2024-07-08","MNPCA",NA,NA,NA,NA,NA,NA,NA,NA,NA,NA,NA,NA,NA,0.598,NA,NA,NA,NA,NA,NA,0.665,NA,1.12,NA,NA,NA,NA,NA,NA,NA,NA,2.13,NA,NA
"382","MNPCA-16-0147-00-202","48.053315","-90.38301","2024-07-24","MNPCA",NA,NA,NA,NA,NA,NA,NA,NA,NA,NA,NA,NA,NA,0.566,NA,NA,NA,NA,NA,NA,0.647,NA,1.19,NA,NA,NA,NA,NA,NA,NA,NA,2.24,NA,NA
"383","MNPCA-16-0147-00-202","48.053315","-90.38301","2024-08-05","MNPCA",NA,NA,NA,NA,NA,NA,NA,NA,NA,NA,NA,NA,NA,0.57,NA,NA,NA,NA,NA,NA,0.414,NA,1.12,NA,NA,NA,NA,NA,NA,NA,NA,1.49,NA,NA
"384","MNPCA-16-0147-00-202","48.053315","-90.38301","2024-09-04","MNPCA",NA,NA,NA,NA,NA,NA,NA,NA,NA,NA,NA,NA,NA,0.556,NA,NA,NA,NA,NA,NA,0.245,NA,NA,NA,NA,NA,NA,NA,NA,NA,NA,1.99,NA,NA
"385","MNPCA-25-0001-00-232","44.487584","-92.290317","2024-07-16","MNPCA",NA,NA,NA,NA,NA,NA,NA,NA,NA,NA,NA,NA,NA,0.686,NA,0.239,NA,NA,NA,NA,1.97,NA,1.03,NA,NA,NA,NA,NA,NA,0.919,NA,11.1,NA,NA
"386","MNPCA-25-0001-00-232","44.487584","-92.290317","2024-08-13","MNPCA",NA,NA,NA,NA,NA,NA,NA,NA,NA,NA,NA,NA,NA,0.619,NA,0.515,NA,NA,NA,NA,2.84,NA,1.51,NA,NA,NA,NA,NA,NA,1.35,NA,13.1,NA,NA
"387","MNPCA-25-0001-00-232","44.487584","-92.290317","2024-09-10","MNPCA",NA,NA,NA,NA,NA,NA,NA,NA,NA,NA,NA,NA,NA,0.785,NA,0.853,NA,NA,NA,NA,3.22,NA,2.18,NA,NA,NA,NA,NA,NA,1.65,NA,15.4,NA,NA
"388","MNPCA-29-0237-00-100","47.39378","-94.971638","2024-05-28","MNPCA",NA,NA,NA,NA,NA,NA,NA,NA,NA,NA,NA,NA,NA,0.362,NA,NA,NA,NA,NA,NA,NA,NA,NA,NA,NA,NA,NA,NA,NA,NA,NA,3.86,NA,NA
"389","MNPCA-29-0237-00-100","47.39378","-94.971638","2024-06-06","MNPCA",NA,NA,NA,NA,NA,NA,NA,NA,NA,NA,NA,NA,NA,0.3825,NA,NA,NA,NA,NA,NA,NA,NA,NA,NA,NA,NA,NA,NA,NA,NA,NA,NA,NA,NA
"390","MNPCA-29-0237-00-100","47.39378","-94.971638","2024-07-01","MNPCA",NA,NA,NA,NA,NA,NA,NA,NA,NA,NA,NA,NA,NA,0.373,NA,NA,NA,NA,NA,NA,NA,NA,NA,NA,NA,NA,NA,NA,NA,NA,NA,1.82,NA,NA
"391","MNPCA-29-0237-00-100","47.39378","-94.971638","2024-09-16","MNPCA",NA,NA,NA,NA,NA,NA,NA,NA,NA,NA,NA,NA,NA,0.422,NA,NA,NA,NA,NA,NA,NA,NA,NA,NA,NA,NA,NA,NA,NA,NA,NA,NA,NA,NA
"392","MNPCA-29-0309-00-101","47.335958","-95.170548","2024-05-28","MNPCA",NA,NA,NA,NA,NA,NA,NA,NA,NA,NA,NA,NA,NA,NA,NA,NA,NA,NA,NA,NA,NA,NA,NA,NA,NA,NA,NA,NA,NA,NA,NA,2.26,NA,NA
"393","MNPCA-29-0309-00-101","47.335958","-95.170548","2024-07-01","MNPCA",NA,NA,NA,NA,NA,NA,NA,NA,NA,NA,NA,NA,NA,NA,NA,NA,NA,NA,NA,NA,NA,NA,NA,NA,NA,NA,NA,NA,NA,NA,NA,0.7765,NA,NA
"394","MNPCA-31-0532-01-205","47.19922","-93.612317","2024-05-29","MNPCA",NA,NA,NA,NA,NA,NA,NA,NA,NA,NA,NA,NA,NA,0.565,NA,NA,NA,NA,NA,NA,0.406,NA,0.299,NA,NA,NA,NA,NA,NA,0.503,NA,4.29,NA,NA
"395","MNPCA-31-0532-01-205","47.19922","-93.612317","2024-06-20","MNPCA",NA,NA,NA,NA,NA,NA,NA,NA,NA,NA,NA,NA,NA,0.499,NA,NA,NA,NA,NA,NA,0.419,NA,NA,NA,NA,NA,NA,NA,NA,0.352,NA,3.04,NA,NA
"396","MNPCA-31-0532-01-205","47.19922","-93.612317","2024-07-02","MNPCA",NA,NA,NA,NA,NA,NA,NA,NA,NA,NA,NA,NA,NA,0.563,NA,NA,NA,NA,NA,NA,0.4,NA,0.395,NA,NA,NA,NA,NA,NA,0.418,NA,3.2,NA,NA
"397","MNPCA-31-0532-01-205","47.19922","-93.612317","2024-08-20","MNPCA",NA,NA,NA,NA,NA,NA,NA,NA,NA,NA,NA,NA,NA,0.2155,NA,NA,NA,NA,NA,NA,0.3055,NA,NA,NA,NA,NA,NA,NA,NA,NA,NA,2.75,NA,NA
"398","MNPCA-31-0532-01-205","47.19922","-93.612317","2024-09-18","MNPCA",NA,NA,NA,NA,NA,NA,NA,NA,NA,NA,NA,NA,NA,0.709,NA,0.222,NA,NA,0.512,NA,0.638,0.189,1.08,NA,NA,NA,NA,NA,NA,0.737,NA,4.07,NA,NA
"399","MNPCA-31-0532-02-208","47.165225","-93.537845","2024-05-29","MNPCA",NA,NA,NA,NA,NA,NA,NA,NA,NA,NA,NA,NA,NA,0.518,NA,NA,NA,NA,NA,NA,0.4475,NA,0.282,NA,NA,NA,NA,NA,NA,0.42,NA,5.03,NA,NA
"400","MNPCA-31-0532-02-208","47.165225","-93.537845","2024-06-18","MNPCA",NA,NA,NA,NA,NA,NA,NA,NA,NA,NA,NA,NA,NA,0.42,NA,NA,NA,NA,NA,NA,0.361,NA,0.296,NA,NA,NA,NA,NA,NA,0.474,NA,4.7,NA,NA
"401","MNPCA-31-0532-02-208","47.165225","-93.537845","2024-06-20","MNPCA",NA,NA,NA,NA,NA,NA,NA,NA,NA,NA,NA,NA,NA,0.417,NA,NA,NA,NA,NA,NA,0.455,NA,NA,NA,NA,NA,NA,NA,NA,0.471,NA,3.01,NA,NA
"402","MNPCA-31-0532-02-208","47.165225","-93.537845","2024-07-02","MNPCA",NA,NA,NA,NA,NA,NA,NA,NA,NA,NA,NA,NA,NA,0.492,NA,NA,NA,NA,NA,NA,0.528,NA,NA,NA,NA,NA,NA,NA,NA,0.458,NA,2.99,NA,NA
"403","MNPCA-31-0532-02-208","47.165225","-93.537845","2024-07-23","MNPCA",NA,NA,NA,NA,NA,NA,NA,NA,NA,NA,NA,NA,NA,0.619,NA,NA,NA,NA,NA,NA,0.49,NA,NA,NA,NA,NA,NA,NA,NA,0.351,NA,2.92,NA,NA
"404","MNPCA-31-0532-02-208","47.165225","-93.537845","2024-08-20","MNPCA",NA,NA,NA,NA,NA,NA,NA,NA,NA,NA,NA,NA,NA,NA,NA,NA,NA,NA,NA,NA,0.447,NA,NA,NA,NA,NA,NA,NA,NA,NA,NA,2.04,NA,NA
"405","MNPCA-31-0532-02-208","47.165225","-93.537845","2024-09-18","MNPCA",NA,NA,NA,NA,NA,NA,NA,NA,NA,NA,NA,NA,NA,0.711,NA,0.205,NA,NA,0.464,NA,0.619,NA,0.964,NA,NA,NA,NA,NA,NA,0.596,NA,3.95,NA,NA
"406","MNPCA-31-0532-02-208","47.165225","-93.537845","2024-10-11","MNPCA",NA,NA,NA,NA,NA,NA,NA,NA,NA,NA,NA,NA,NA,0.725,NA,0.239,NA,NA,0.506,NA,0.692,NA,NA,NA,NA,NA,NA,NA,NA,0.638,NA,3.78,NA,NA
"407","MNPCA-MN0001449-SD001","44.7866","-92.90053","2007-02-01","MNPCA",NA,NA,NA,NA,NA,NA,NA,NA,NA,NA,0,NA,NA,NA,NA,NA,NA,NA,0,NA,NA,0,NA,NA,NA,NA,NA,NA,NA,NA,NA,NA,NA,NA
"408","MNPCA-MN0001449-SD001","44.7866","-92.90053","2007-03-01","MNPCA",NA,NA,NA,NA,NA,NA,NA,NA,NA,NA,0,NA,NA,0,NA,NA,NA,NA,0,NA,NA,0,NA,NA,NA,NA,NA,NA,NA,NA,NA,NA,NA,NA
"409","MNPCA-MN0001449-SD001","44.7866","-92.90053","2007-04-01","MNPCA",NA,NA,NA,NA,NA,NA,NA,NA,NA,NA,0,NA,NA,NA,NA,NA,NA,NA,0,NA,NA,0,NA,NA,NA,NA,NA,NA,NA,NA,NA,NA,NA,NA
"410","MNPCA-MN0001449-SD001","44.7866","-92.90053","2007-05-01","MNPCA",NA,NA,NA,NA,NA,NA,NA,NA,NA,NA,0,NA,NA,NA,NA,NA,NA,NA,0,NA,NA,NA,NA,NA,NA,NA,NA,NA,NA,NA,NA,NA,NA,NA
"411","MNPCA-MN0001449-SD001","44.7866","-92.90053","2007-06-01","MNPCA",NA,NA,NA,NA,NA,NA,NA,NA,NA,NA,0,NA,NA,NA,NA,NA,NA,NA,0,NA,NA,0,NA,0,NA,NA,NA,NA,NA,NA,NA,NA,NA,NA
"412","MNPCA-MN0001449-SD001","44.7866","-92.90053","2007-07-01","MNPCA",NA,NA,NA,NA,NA,NA,NA,NA,NA,NA,0,NA,NA,NA,NA,NA,NA,NA,0,NA,NA,0,NA,0,NA,NA,NA,NA,NA,NA,NA,NA,NA,NA
"413","MNPCA-MN0001449-SD001","44.7866","-92.90053","2007-08-01","MNPCA",NA,NA,NA,NA,NA,NA,NA,NA,NA,NA,0,NA,NA,NA,NA,NA,NA,NA,0,NA,NA,NA,NA,NA,NA,NA,NA,NA,NA,NA,NA,NA,NA,NA
"414","MNPCA-MN0001449-SD001","44.7866","-92.90053","2007-09-01","MNPCA",NA,NA,NA,NA,NA,NA,NA,NA,NA,NA,0,NA,NA,NA,NA,NA,NA,NA,0,NA,NA,0,NA,NA,NA,NA,NA,NA,NA,NA,NA,NA,NA,NA
"415","MNPCA-MN0001449-SD001","44.7866","-92.90053","2007-10-01","MNPCA",NA,NA,NA,NA,NA,NA,NA,NA,NA,NA,0,NA,NA,NA,NA,NA,NA,NA,0,NA,NA,0,NA,NA,NA,NA,NA,NA,NA,NA,NA,NA,NA,NA
"416","MNPCA-MN0001449-SD001","44.7866","-92.90053","2007-11-01","MNPCA",NA,NA,NA,NA,NA,NA,NA,NA,NA,NA,0,NA,NA,NA,NA,NA,NA,NA,0,NA,NA,0,NA,NA,NA,NA,NA,NA,NA,NA,NA,NA,NA,NA
"417","MNPCA-MN0001449-SD001","44.7866","-92.90053","2007-12-01","MNPCA",NA,NA,NA,NA,NA,NA,NA,NA,NA,NA,0,NA,NA,NA,NA,NA,NA,NA,0,NA,NA,0,NA,NA,NA,NA,NA,NA,NA,NA,NA,NA,NA,NA
"418","MNPCA-MN0001449-SD001","44.7866","-92.90053","2008-01-01","MNPCA",NA,NA,NA,NA,NA,NA,NA,NA,NA,NA,0,NA,NA,NA,NA,NA,NA,NA,0,NA,NA,0,NA,NA,NA,NA,NA,NA,NA,NA,NA,NA,NA,NA
"419","MNPCA-MN0001449-SD001","44.7866","-92.90053","2008-02-01","MNPCA",NA,NA,NA,NA,NA,NA,NA,NA,NA,NA,0,NA,NA,NA,NA,NA,NA,NA,0,NA,NA,0,NA,NA,NA,NA,NA,NA,NA,NA,NA,NA,NA,NA
"420","MNPCA-MN0001449-SD001","44.7866","-92.90053","2008-03-01","MNPCA",NA,NA,NA,NA,NA,NA,NA,NA,NA,NA,0,NA,NA,NA,NA,NA,NA,NA,0,NA,NA,NA,NA,NA,NA,NA,NA,NA,NA,NA,NA,NA,NA,NA
"421","MNPCA-MN0001449-SD002","44.78816","-92.90393","2007-02-01","MNPCA",NA,NA,NA,NA,NA,NA,NA,NA,NA,NA,0,NA,NA,NA,NA,NA,NA,NA,0,NA,NA,0,NA,NA,NA,NA,NA,NA,NA,NA,NA,NA,NA,NA
"422","MNPCA-MN0001449-SD002","44.78816","-92.90393","2007-03-01","MNPCA",NA,NA,NA,NA,NA,NA,NA,NA,NA,NA,0,NA,NA,NA,NA,NA,NA,NA,0,NA,NA,0,NA,NA,NA,NA,NA,NA,NA,NA,NA,NA,NA,NA
"423","MNPCA-MN0001449-SD002","44.78816","-92.90393","2007-04-01","MNPCA",NA,NA,NA,NA,NA,NA,NA,NA,NA,NA,0,NA,NA,NA,NA,NA,NA,NA,0,NA,NA,NA,NA,NA,NA,NA,NA,NA,NA,NA,NA,NA,NA,NA
"424","MNPCA-MN0001449-SD002","44.78816","-92.90393","2007-05-01","MNPCA",NA,NA,NA,NA,NA,NA,NA,NA,NA,NA,0,NA,NA,NA,NA,NA,NA,NA,0,NA,NA,NA,NA,NA,NA,NA,NA,NA,NA,NA,NA,NA,NA,NA
"425","MNPCA-MN0001449-SD002","44.78816","-92.90393","2007-06-01","MNPCA",NA,NA,NA,NA,NA,NA,NA,NA,NA,NA,0,NA,NA,NA,NA,NA,NA,NA,0,NA,NA,0,NA,NA,NA,NA,NA,NA,NA,NA,NA,NA,NA,NA
"426","MNPCA-MN0001449-SD002","44.78816","-92.90393","2007-07-01","MNPCA",NA,NA,NA,NA,NA,NA,NA,NA,NA,NA,NA,NA,NA,NA,NA,NA,NA,NA,0,NA,NA,NA,NA,NA,NA,NA,NA,NA,NA,NA,NA,NA,NA,NA
"427","MNPCA-MN0001449-SD002","44.78816","-92.90393","2007-08-01","MNPCA",NA,NA,NA,NA,NA,NA,NA,NA,NA,NA,0,NA,NA,NA,NA,NA,NA,NA,0,NA,NA,0,NA,0,NA,NA,NA,NA,NA,NA,NA,NA,NA,NA
"428","MNPCA-MN0001449-SD002","44.78816","-92.90393","2007-09-01","MNPCA",NA,NA,NA,NA,NA,NA,NA,NA,NA,NA,0,NA,NA,NA,NA,NA,NA,NA,0,NA,NA,0,NA,NA,NA,NA,NA,NA,NA,NA,NA,NA,NA,NA
"429","MNPCA-MN0001449-SD002","44.78816","-92.90393","2007-10-01","MNPCA",NA,NA,NA,NA,NA,NA,NA,NA,NA,NA,0,NA,NA,NA,NA,NA,NA,NA,0,NA,NA,0,NA,NA,NA,NA,NA,NA,NA,NA,NA,NA,NA,NA
"430","MNPCA-MN0001449-SD002","44.78816","-92.90393","2007-11-01","MNPCA",NA,NA,NA,NA,NA,NA,NA,NA,NA,NA,0,NA,NA,NA,NA,NA,NA,NA,0,NA,NA,0,NA,NA,NA,NA,NA,NA,NA,NA,NA,NA,NA,NA
"431","MNPCA-MN0001449-SD002","44.78816","-92.90393","2007-12-01","MNPCA",NA,NA,NA,NA,NA,NA,NA,NA,NA,NA,0,NA,NA,NA,NA,NA,NA,NA,0,NA,NA,0,NA,NA,NA,NA,NA,NA,NA,NA,NA,NA,NA,NA
"432","MNPCA-MN0001449-SD002","44.78816","-92.90393","2008-01-01","MNPCA",NA,NA,NA,NA,NA,NA,NA,NA,NA,NA,0,NA,NA,NA,NA,NA,NA,NA,0,NA,NA,0,NA,NA,NA,NA,NA,NA,NA,NA,NA,NA,NA,NA
"433","MNPCA-MN0001449-SD002","44.78816","-92.90393","2008-02-01","MNPCA",NA,NA,NA,NA,NA,NA,NA,NA,NA,NA,0,NA,NA,NA,NA,NA,NA,NA,0,NA,NA,0,NA,NA,NA,NA,NA,NA,NA,NA,NA,NA,NA,NA
"434","MNPCA-MN0001449-SD002","44.78816","-92.90393","2008-03-01","MNPCA",NA,NA,NA,NA,NA,NA,NA,NA,NA,NA,0,NA,NA,NA,NA,NA,NA,NA,0,NA,NA,NA,NA,NA,NA,NA,NA,NA,NA,NA,NA,NA,NA,NA
"435","MNPCA-PD00027","46.65794","-92.23873","2022-09-26","MNPCA",NA,NA,NA,NA,NA,NA,NA,NA,NA,NA,NA,NA,NA,30.3,NA,499,NA,NA,3.18,NA,79.8,204,103,NA,NA,NA,NA,NA,NA,153,NA,45.9,46.2,2080
"436","MNPCA-PD00028","46.658433","-92.240102","2022-09-26","MNPCA",NA,NA,NA,NA,NA,NA,NA,NA,NA,NA,NA,NA,NA,32.3,NA,470,NA,NA,3.54,NA,73.3,225,87.5,NA,NA,NA,NA,NA,NA,152,NA,45.5,44.1,1960
"437","MNPCA-PD00029","46.658481","-92.240161","2022-09-26","MNPCA",NA,NA,NA,NA,NA,NA,NA,NA,NA,NA,NA,NA,NA,29.4,NA,462,NA,NA,2.05,NA,75.3,199,96.9,NA,NA,NA,NA,NA,NA,154,NA,46.3,46.3,1680
"438","MNPCA-PD00030","46.65738","-92.24003","2022-09-26","MNPCA",NA,NA,NA,NA,NA,NA,NA,NA,NA,NA,5.665,NA,NA,119.15,NA,2025,NA,NA,20.5,NA,414,258.5,365.5,NA,NA,NA,NA,NA,NA,766.5,NA,147.5,148.5,7155
"439","MNPCA-PD00031","46.656595","-92.238608","2022-09-28","MNPCA",NA,NA,NA,NA,NA,NA,NA,NA,NA,NA,NA,NA,NA,87.6,NA,2430,NA,NA,11.6,NA,177,78.6,353,NA,NA,NA,NA,NA,NA,360,NA,119,196,5600
"440","MNPCA-PD00048","44.844547","-93.231477","2024-04-30","MNPCA",NA,NA,NA,NA,NA,NA,NA,0.476,NA,NA,1.23,0.686,NA,2.2,NA,7.39,0.246,0.264,1.53,NA,3.01,NA,3.6,0.542,NA,NA,NA,NA,NA,3.22,NA,10.8,NA,NA
"441","MNPCA-PD00048","44.844547","-93.231477","2024-09-04","MNPCA",NA,NA,NA,NA,NA,NA,NA,1.44,NA,NA,2.14,0.984,NA,5.92,NA,10.5,4.19,3.38,2.93,NA,6.34,NA,8.77,1.09,NA,NA,NA,NA,NA,7.25,NA,27.6,NA,NA
"442","MNPCA-PD00048","44.844547","-93.231477","2024-10-16","MNPCA",NA,NA,NA,NA,NA,NA,NA,1.0045,NA,NA,2.635,1.435,NA,4.165,0.237,7.565,1.245,1.23,3.535,NA,5.06,NA,5.6,1.21,NA,NA,NA,NA,NA,5,NA,14.9,NA,NA
"443","MNPCA-S000-067","43.80923","-91.25816","2024-05-13","MNPCA",NA,NA,NA,NA,NA,NA,NA,NA,NA,NA,NA,NA,NA,0.42,NA,0.286,NA,NA,NA,NA,1.64,NA,0.706,NA,NA,NA,NA,NA,NA,0.675,NA,6.66,NA,NA
"444","MNPCA-S000-067","43.80923","-91.25816","2024-07-16","MNPCA",NA,NA,NA,NA,NA,NA,NA,NA,NA,NA,NA,NA,NA,0.656,NA,0.253,NA,NA,NA,NA,1.66,NA,0.841,NA,NA,NA,NA,NA,NA,0.981,NA,10.2,NA,NA
"445","MNPCA-S000-067","43.80923","-91.25816","2024-07-31","MNPCA",NA,NA,NA,NA,NA,NA,NA,NA,NA,NA,NA,NA,NA,0.52,NA,0.256,NA,NA,NA,NA,1.6,NA,0.88,NA,NA,NA,NA,NA,NA,0.859,NA,9.95,NA,NA
"446","MNPCA-S000-067","43.80923","-91.25816","2024-08-13","MNPCA",NA,NA,NA,NA,NA,NA,NA,NA,NA,NA,NA,NA,NA,0.572,NA,0.468,NA,NA,NA,NA,2.31,NA,1.2,NA,NA,NA,NA,NA,NA,1.2,NA,10.3,NA,NA
"447","MNPCA-S000-067","43.80923","-91.25816","2024-09-10","MNPCA",NA,NA,NA,NA,NA,NA,NA,NA,NA,NA,NA,NA,NA,0.448,NA,0.407,NA,NA,NA,NA,2.71,NA,1.16,NA,NA,NA,NA,NA,NA,1.17,NA,12.6,NA,NA
"448","MNPCA-S000-151","46.074417","-94.334806","2024-07-15","MNPCA",NA,NA,NA,NA,NA,NA,NA,NA,NA,NA,NA,NA,NA,0.78,NA,NA,NA,NA,NA,NA,0.684,NA,0.418,NA,NA,NA,NA,NA,NA,0.566,NA,7.65,NA,NA
"449","MNPCA-S000-151","46.074417","-94.334806","2024-08-14","MNPCA",NA,NA,NA,NA,NA,NA,NA,NA,NA,NA,NA,NA,NA,0.457,NA,NA,NA,NA,NA,NA,0.197,NA,NA,NA,NA,NA,NA,NA,NA,0.478,NA,5.77,NA,NA
"450","MNPCA-S000-151","46.074417","-94.334806","2024-09-09","MNPCA",NA,NA,NA,NA,NA,NA,NA,NA,NA,NA,NA,NA,NA,0.365,NA,NA,NA,NA,NA,NA,0.26,NA,NA,NA,NA,NA,NA,NA,NA,NA,NA,5.56,NA,NA
"451","MNPCA-S000-152","46.54425","-93.955889","2024-05-13","MNPCA",NA,NA,NA,NA,NA,NA,NA,NA,NA,NA,NA,NA,NA,0.562,NA,NA,NA,NA,NA,NA,0.368,NA,NA,NA,NA,NA,NA,NA,NA,0.351,NA,4.12,NA,NA
"452","MNPCA-S000-152","46.54425","-93.955889","2024-07-15","MNPCA",NA,NA,NA,NA,NA,NA,NA,NA,NA,NA,NA,NA,NA,1.08,NA,NA,NA,NA,0.318,NA,0.702,NA,0.719,NA,NA,NA,NA,NA,NA,0.593,NA,8.28,NA,NA
"453","MNPCA-S000-152","46.54425","-93.955889","2024-08-14","MNPCA",NA,NA,NA,NA,NA,NA,NA,NA,NA,NA,NA,NA,NA,0.644,NA,NA,NA,NA,NA,NA,0.27,NA,NA,NA,NA,NA,NA,NA,NA,0.496,NA,6.76,NA,NA
"454","MNPCA-S000-152","46.54425","-93.955889","2024-09-09","MNPCA",NA,NA,NA,NA,NA,NA,NA,NA,NA,NA,NA,NA,NA,0.73,NA,NA,NA,NA,NA,NA,0.341,NA,NA,NA,NA,NA,NA,NA,NA,0.436,NA,6.84,NA,NA
"455","MNPCA-S000-155","47.453","-94.711","2024-05-14","MNPCA",NA,NA,NA,NA,NA,NA,NA,NA,NA,NA,NA,NA,NA,0.423,NA,0.294,NA,NA,NA,NA,0.337,NA,0.391,NA,NA,NA,NA,NA,NA,0.499,NA,4.02,NA,NA
"456","MNPCA-S000-155","47.453","-94.711","2024-07-16","MNPCA",NA,NA,NA,NA,NA,NA,NA,NA,NA,NA,NA,NA,NA,0.397,NA,NA,NA,NA,NA,NA,0.404,NA,NA,NA,NA,NA,NA,NA,NA,NA,NA,2.41,NA,NA
"457","MNPCA-S000-155","47.453","-94.711","2024-08-15","MNPCA",NA,NA,NA,NA,NA,NA,NA,NA,NA,NA,NA,NA,NA,0.209,NA,0.11,NA,NA,NA,NA,NA,NA,NA,NA,NA,NA,NA,NA,NA,NA,NA,2.46,NA,NA
"458","MNPCA-S000-155","47.453","-94.711","2024-09-10","MNPCA",NA,NA,NA,NA,NA,NA,NA,NA,NA,NA,NA,NA,NA,0.191,NA,NA,NA,NA,NA,NA,NA,NA,NA,NA,NA,NA,NA,NA,NA,0.307,NA,2.985,NA,NA
"459","MNPCA-S000-155","47.453","-94.711","2024-09-27","MNPCA",NA,NA,NA,NA,NA,NA,NA,NA,NA,NA,NA,NA,NA,0.171,NA,NA,NA,NA,NA,NA,NA,NA,NA,NA,NA,NA,NA,NA,NA,0.293,NA,3.47,NA,NA
"460","MNPCA-S000-250","47.337528","-91.200111","2024-05-22","MNPCA",NA,NA,NA,NA,NA,NA,NA,NA,NA,NA,NA,NA,NA,0.437,NA,NA,NA,NA,NA,NA,NA,NA,NA,NA,NA,NA,NA,NA,NA,NA,NA,2.86,NA,NA
"461","MNPCA-S000-250","47.337528","-91.200111","2024-06-25","MNPCA",NA,NA,NA,NA,NA,NA,NA,NA,NA,NA,NA,NA,NA,0.616,NA,NA,NA,NA,NA,NA,0.373,NA,NA,NA,NA,NA,NA,NA,NA,NA,NA,4.62,NA,NA
"462","MNPCA-S000-250","47.337528","-91.200111","2024-07-16","MNPCA",NA,NA,NA,NA,NA,NA,NA,NA,NA,NA,NA,NA,NA,0.661,NA,NA,NA,NA,NA,NA,0.522,NA,NA,NA,NA,NA,NA,NA,NA,NA,NA,6.05,NA,NA
"463","MNPCA-S000-250","47.337528","-91.200111","2024-08-20","MNPCA",NA,NA,NA,NA,NA,NA,NA,NA,NA,NA,NA,NA,NA,0.22,NA,NA,NA,NA,NA,NA,0.168,NA,NA,NA,NA,NA,NA,NA,NA,NA,NA,2.79,NA,NA
"464","MNPCA-S000-250","47.337528","-91.200111","2024-09-25","MNPCA",NA,NA,NA,NA,NA,NA,NA,NA,NA,NA,NA,NA,NA,NA,NA,NA,NA,NA,NA,NA,NA,NA,NA,NA,NA,NA,NA,NA,NA,NA,NA,1.73,NA,NA
"465","MNPCA-S000-250","47.337528","-91.200111","2024-10-14","MNPCA",NA,NA,NA,NA,NA,NA,NA,NA,NA,NA,NA,NA,NA,NA,NA,NA,NA,NA,NA,NA,NA,NA,NA,NA,NA,NA,NA,NA,NA,NA,NA,1.81,NA,NA
"466","MNPCA-S000-251","47.81823","-90.0518","2024-05-22","MNPCA",NA,NA,NA,NA,NA,NA,NA,NA,NA,NA,NA,NA,NA,0.523,NA,NA,NA,NA,NA,NA,0.29,NA,NA,NA,NA,NA,NA,NA,NA,NA,NA,1.77,NA,NA
"467","MNPCA-S000-251","47.81823","-90.0518","2024-06-25","MNPCA",NA,NA,NA,NA,NA,NA,NA,NA,NA,NA,NA,NA,NA,0.498,NA,NA,NA,NA,NA,NA,0.224,NA,0.598,NA,NA,NA,NA,NA,NA,NA,NA,1.9,NA,NA
"468","MNPCA-S000-251","47.81823","-90.0518","2024-07-09","MNPCA",NA,NA,NA,NA,NA,NA,NA,NA,NA,NA,NA,NA,NA,0.3,NA,NA,NA,NA,NA,NA,0.219,NA,NA,NA,NA,NA,NA,NA,NA,NA,NA,1.87,NA,NA
"469","MNPCA-S000-251","47.81823","-90.0518","2024-08-06","MNPCA",NA,NA,NA,NA,NA,NA,NA,NA,NA,NA,NA,NA,NA,0.409,NA,NA,NA,NA,NA,NA,0.193,NA,0.347,NA,NA,NA,NA,NA,NA,NA,NA,1.8,NA,NA
"470","MNPCA-S000-251","47.81823","-90.0518","2024-09-05","MNPCA",NA,NA,NA,NA,NA,NA,NA,NA,NA,NA,NA,NA,NA,NA,NA,NA,NA,NA,NA,NA,NA,NA,NA,NA,NA,NA,NA,NA,NA,NA,NA,1.67,NA,NA
"471","MNPCA-S000-253","47.707222","-90.5225","2024-05-22","MNPCA",NA,NA,NA,NA,NA,NA,NA,NA,NA,NA,NA,NA,NA,0.668,NA,NA,NA,NA,NA,NA,0.335,NA,NA,NA,NA,NA,NA,NA,NA,NA,NA,3.41,NA,NA
"472","MNPCA-S000-253","47.707222","-90.5225","2024-06-25","MNPCA",NA,NA,NA,NA,NA,NA,NA,NA,NA,NA,NA,NA,NA,0.448,NA,NA,NA,NA,NA,NA,0.3065,NA,NA,NA,NA,NA,NA,NA,NA,NA,NA,3.035,NA,NA
"473","MNPCA-S000-253","47.707222","-90.5225","2024-07-16","MNPCA",NA,NA,NA,NA,NA,NA,NA,NA,NA,NA,NA,NA,NA,0.579,NA,NA,NA,NA,NA,NA,0.334,NA,NA,NA,NA,NA,NA,NA,NA,NA,NA,3.65,NA,NA
"474","MNPCA-S000-253","47.707222","-90.5225","2024-08-20","MNPCA",NA,NA,NA,NA,NA,NA,NA,NA,NA,NA,NA,NA,NA,NA,NA,NA,NA,NA,NA,NA,NA,NA,NA,NA,NA,NA,NA,NA,NA,NA,NA,2.21,NA,NA
"475","MNPCA-S000-253","47.707222","-90.5225","2024-09-25","MNPCA",NA,NA,NA,NA,NA,NA,NA,NA,NA,NA,NA,NA,NA,0.329,NA,NA,NA,NA,0.453,NA,0.466,NA,NA,NA,NA,NA,4.56,NA,NA,NA,NA,2.32,NA,NA
"476","MNPCA-S000-265","47.639556","-90.847694","2024-05-23","MNPCA",NA,NA,NA,NA,NA,NA,NA,NA,NA,NA,NA,NA,NA,0.383,NA,NA,NA,NA,NA,NA,NA,NA,1.98,NA,NA,NA,NA,NA,NA,NA,NA,2.67,NA,NA
"477","MNPCA-S000-265","47.639556","-90.847694","2024-06-25","MNPCA",NA,NA,NA,NA,NA,NA,NA,NA,NA,NA,NA,NA,NA,0.648,NA,NA,NA,NA,NA,NA,0.303,NA,NA,NA,NA,NA,NA,NA,NA,NA,NA,3.04,NA,NA
"478","MNPCA-S000-265","47.639556","-90.847694","2024-07-08","MNPCA",NA,NA,NA,NA,NA,NA,NA,NA,NA,NA,NA,NA,NA,0.278,NA,NA,NA,NA,NA,NA,0.18,NA,NA,NA,NA,NA,NA,NA,NA,NA,NA,NA,NA,NA
"479","MNPCA-S000-265","47.639556","-90.847694","2024-08-05","MNPCA",NA,NA,NA,NA,NA,NA,NA,NA,NA,NA,NA,NA,NA,0.505,NA,NA,NA,NA,NA,NA,0.294,NA,0.221,NA,NA,NA,NA,NA,NA,NA,NA,2.44,NA,NA
"480","MNPCA-S000-265","47.639556","-90.847694","2024-09-04","MNPCA",NA,NA,NA,NA,NA,NA,NA,NA,NA,NA,NA,NA,NA,NA,NA,NA,NA,NA,NA,NA,NA,NA,NA,NA,NA,NA,NA,NA,NA,NA,NA,2.02,NA,NA
"481","MNPCA-S000-570","46.281389","-94.331389","2024-05-13","MNPCA",NA,NA,NA,NA,NA,NA,NA,NA,NA,NA,NA,NA,NA,0.69,NA,NA,NA,NA,NA,NA,0.453,NA,NA,NA,NA,NA,NA,NA,NA,0.381,NA,4.16,NA,NA
"482","MNPCA-S000-570","46.281389","-94.331389","2024-07-15","MNPCA",NA,NA,NA,NA,NA,NA,NA,NA,NA,NA,NA,NA,NA,0.95,NA,NA,NA,NA,0.339,NA,0.753,NA,0.608,NA,NA,NA,NA,NA,NA,0.556,NA,7.61,NA,NA
"483","MNPCA-S000-570","46.281389","-94.331389","2024-08-14","MNPCA",NA,NA,NA,NA,NA,NA,NA,NA,NA,NA,NA,NA,NA,0.509,NA,NA,NA,NA,NA,NA,0.246,NA,NA,NA,NA,NA,NA,NA,NA,0.546,NA,6.14,NA,NA
"484","MNPCA-S000-570","46.281389","-94.331389","2024-09-09","MNPCA",NA,NA,NA,NA,NA,NA,NA,NA,NA,NA,NA,NA,NA,0.625,NA,NA,NA,NA,NA,NA,0.272,NA,NA,NA,NA,NA,NA,NA,NA,0.535,NA,6.87,NA,NA
"485","MNPCA-S000-864","47.793639","-90.154861","2024-06-26","MNPCA",NA,NA,NA,NA,NA,NA,NA,NA,NA,NA,NA,NA,NA,0.4125,NA,NA,NA,NA,NA,NA,0.254,NA,NA,NA,NA,NA,NA,NA,NA,NA,NA,2.385,NA,NA
"486","MNPCA-S000-864","47.793639","-90.154861","2024-07-09","MNPCA",NA,NA,NA,NA,NA,NA,NA,NA,NA,NA,NA,NA,NA,0.259,NA,NA,NA,NA,NA,NA,NA,NA,NA,NA,NA,NA,NA,NA,NA,NA,NA,1.22,NA,NA
"487","MNPCA-S000-864","47.793639","-90.154861","2024-08-06","MNPCA",NA,NA,NA,NA,NA,NA,NA,NA,NA,NA,NA,NA,NA,0.231,NA,NA,NA,NA,NA,NA,NA,NA,NA,NA,NA,NA,NA,NA,NA,NA,NA,1.14,NA,NA
"488","MNPCA-S000-864","47.793639","-90.154861","2024-09-05","MNPCA",NA,NA,NA,NA,NA,NA,NA,NA,NA,NA,NA,NA,NA,NA,NA,NA,NA,NA,NA,NA,NA,NA,NA,NA,NA,NA,NA,NA,NA,NA,NA,1.06,NA,NA
"489","MNPCA-S000-865","47.784861","-90.182306","2024-06-26","MNPCA",NA,NA,NA,NA,NA,NA,NA,NA,NA,NA,NA,NA,NA,0.603,NA,NA,NA,NA,NA,NA,0.667,NA,NA,NA,NA,NA,NA,NA,NA,0.267,NA,2.8,NA,NA
"490","MNPCA-S000-865","47.784861","-90.182306","2024-07-09","MNPCA",NA,NA,NA,NA,NA,NA,NA,NA,NA,NA,NA,NA,NA,0.3925,NA,NA,NA,NA,NA,NA,0.2205,NA,NA,NA,NA,NA,NA,NA,NA,NA,NA,1.925,NA,NA
"491","MNPCA-S000-865","47.784861","-90.182306","2024-08-06","MNPCA",NA,NA,NA,NA,NA,NA,NA,NA,NA,NA,NA,NA,NA,0.32,NA,NA,NA,NA,NA,NA,0.233,NA,NA,NA,NA,NA,NA,NA,NA,NA,NA,2.05,NA,NA
"492","MNPCA-S000-865","47.784861","-90.182306","2024-09-05","MNPCA",NA,NA,NA,NA,NA,NA,NA,NA,NA,NA,NA,NA,NA,NA,NA,NA,NA,NA,NA,NA,0.193,NA,NA,NA,NA,NA,NA,NA,NA,NA,NA,2.2,NA,NA
"493","MNPCA-S000-909","47.769949","-90.2611","2024-05-22","MNPCA",NA,NA,NA,NA,NA,NA,NA,NA,NA,NA,NA,NA,NA,0.439,NA,NA,NA,NA,NA,NA,0.217,NA,NA,NA,NA,NA,NA,NA,NA,NA,NA,1.63,NA,NA
"494","MNPCA-S000-909","47.769949","-90.2611","2024-06-26","MNPCA",NA,NA,NA,NA,NA,NA,NA,NA,NA,NA,NA,NA,NA,0.721,NA,NA,NA,NA,NA,NA,0.552,NA,0.462,NA,NA,NA,NA,NA,NA,0.415,NA,3.11,NA,NA
"495","MNPCA-S000-909","47.769949","-90.2611","2024-07-09","MNPCA",NA,NA,NA,NA,NA,NA,NA,NA,NA,NA,NA,NA,NA,0.462,NA,NA,NA,NA,NA,NA,0.295,NA,0.285,NA,NA,NA,NA,NA,NA,NA,NA,2.16,NA,NA
"496","MNPCA-S000-909","47.769949","-90.2611","2024-08-06","MNPCA",NA,NA,NA,NA,NA,NA,NA,NA,NA,NA,NA,NA,NA,0.237,NA,NA,NA,NA,NA,NA,0.17,NA,NA,NA,NA,NA,NA,NA,NA,NA,NA,1.55,NA,NA
"497","MNPCA-S000-909","47.769949","-90.2611","2024-09-05","MNPCA",NA,NA,NA,NA,NA,NA,NA,NA,NA,NA,NA,NA,NA,NA,NA,NA,NA,NA,NA,NA,NA,NA,NA,NA,NA,NA,NA,NA,NA,NA,NA,0.843,NA,NA
"498","MNPCA-S001-897","47.451119","-94.906574","2024-05-14","MNPCA",NA,NA,NA,NA,NA,NA,NA,NA,NA,NA,NA,NA,NA,NA,NA,NA,NA,NA,NA,NA,NA,NA,NA,NA,NA,NA,NA,NA,NA,NA,NA,3.63,NA,NA
"499","MNPCA-S001-897","47.451119","-94.906574","2024-07-16","MNPCA",NA,NA,NA,NA,NA,NA,NA,NA,NA,NA,NA,NA,NA,0.65,NA,NA,NA,NA,0.313,NA,0.379,NA,NA,NA,NA,NA,NA,NA,NA,NA,NA,4.88,NA,NA
"500","MNPCA-S001-897","47.451119","-94.906574","2024-08-15","MNPCA",NA,NA,NA,NA,NA,NA,NA,NA,NA,NA,NA,NA,NA,NA,NA,NA,NA,NA,NA,NA,NA,NA,NA,NA,NA,NA,NA,NA,NA,NA,NA,3.41,NA,NA
"501","MNPCA-S001-897","47.451119","-94.906574","2024-09-10","MNPCA",NA,NA,NA,NA,NA,NA,NA,NA,NA,NA,NA,NA,NA,NA,NA,NA,NA,NA,NA,NA,NA,NA,NA,NA,NA,NA,NA,NA,NA,NA,NA,2.95,NA,NA
"502","MNPCA-S002-996","48.71724","-96.49442","2024-06-26","MNPCA",NA,NA,NA,NA,NA,NA,NA,NA,NA,NA,NA,NA,NA,0.839,NA,NA,NA,NA,NA,NA,0.411,NA,0.759,NA,NA,NA,NA,NA,NA,0.613,NA,12.2,NA,NA
"503","MNPCA-S002-996","48.71724","-96.49442","2024-07-29","MNPCA",NA,NA,NA,NA,NA,NA,NA,NA,NA,NA,NA,NA,NA,1.51,NA,NA,NA,NA,0.439,NA,0.802,NA,1.17,NA,NA,NA,NA,NA,NA,1.06,NA,17.6,NA,NA
"504","MNPCA-S002-996","48.71724","-96.49442","2024-08-21","MNPCA",NA,NA,NA,NA,NA,NA,NA,NA,NA,NA,NA,NA,NA,1.34,NA,NA,NA,NA,NA,NA,0.656,NA,1.25,NA,NA,NA,NA,NA,NA,0.727,NA,20.8,NA,NA
"505","MNPCA-S002-996","48.71724","-96.49442","2024-09-30","MNPCA",NA,NA,NA,NA,NA,NA,NA,NA,NA,NA,NA,NA,NA,0.581,NA,0.147,NA,NA,0.44,NA,0.5,NA,1.49,NA,NA,NA,NA,NA,NA,NA,NA,5.9,NA,NA
"506","MNPCA-S003-018","44.9932","-93.2732","2024-05-30","MNPCA",NA,NA,NA,NA,NA,NA,NA,NA,NA,NA,NA,NA,NA,0.554,NA,0.204,NA,NA,NA,NA,0.492,NA,0.711,NA,NA,NA,NA,NA,NA,0.574,NA,7.79,NA,NA
"507","MNPCA-S003-018","44.9932","-93.2732","2024-06-17","MNPCA",NA,NA,NA,NA,NA,NA,NA,NA,NA,NA,NA,NA,NA,0.664,NA,0.208,NA,NA,0.342,NA,0.85,NA,0.877,NA,NA,NA,NA,NA,NA,0.814,NA,8.13,NA,NA
"508","MNPCA-S003-018","44.9932","-93.2732","2024-07-08","MNPCA",NA,NA,NA,NA,NA,NA,NA,NA,NA,NA,NA,NA,NA,0.705,NA,NA,NA,NA,NA,NA,0.781,NA,0.928,NA,NA,NA,NA,NA,NA,0.842,NA,9.53,NA,NA
"509","MNPCA-S003-018","44.9932","-93.2732","2024-08-12","MNPCA",NA,NA,NA,NA,NA,NA,NA,NA,NA,NA,NA,NA,NA,0.566,NA,NA,NA,NA,NA,NA,0.746,NA,0.9025,NA,NA,NA,NA,NA,NA,0.6915,NA,6.975,NA,NA
"510","MNPCA-S003-018","44.9932","-93.2732","2024-09-10","MNPCA",NA,NA,NA,NA,NA,NA,NA,NA,NA,NA,NA,NA,NA,0.468,NA,0.256,NA,NA,NA,NA,0.643,NA,1.01,NA,NA,NA,NA,NA,NA,0.945,NA,9.17,NA,NA
"511","MNPCA-S003-099","48.760035","-96.922333","2024-06-26","MNPCA",NA,NA,NA,NA,NA,NA,NA,NA,NA,NA,NA,NA,NA,0.687,NA,NA,NA,NA,NA,NA,0.286,NA,NA,NA,NA,NA,NA,NA,NA,NA,NA,6.89,NA,NA
"512","MNPCA-S003-099","48.760035","-96.922333","2024-07-29","MNPCA",NA,NA,NA,NA,NA,NA,NA,NA,NA,NA,NA,NA,NA,1.1,NA,NA,NA,NA,NA,NA,0.651,NA,0.972,NA,NA,NA,NA,NA,NA,0.597,NA,12.9,NA,NA
"513","MNPCA-S003-099","48.760035","-96.922333","2024-08-21","MNPCA",NA,NA,NA,NA,NA,NA,NA,NA,NA,NA,NA,NA,NA,0.835,NA,NA,NA,NA,NA,NA,0.4,NA,NA,NA,NA,NA,NA,NA,NA,0.545,NA,14.6,NA,NA
"514","MNPCA-S003-099","48.760035","-96.922333","2024-09-30","MNPCA",NA,NA,NA,NA,NA,NA,NA,NA,NA,NA,NA,NA,NA,1.05,NA,0.155,NA,NA,0.783,NA,1.03,NA,2.2,NA,NA,NA,NA,NA,NA,0.844,NA,9.48,NA,NA
"515","MNPCA-S003-100","48.76562","-96.88681","2024-06-26","MNPCA",NA,NA,NA,NA,NA,NA,NA,NA,NA,NA,NA,NA,NA,1.6,NA,NA,NA,NA,NA,NA,0.722,NA,0.955,NA,NA,NA,NA,NA,NA,0.887,NA,15.5,NA,NA
"516","MNPCA-S003-100","48.76562","-96.88681","2024-07-29","MNPCA",NA,NA,NA,NA,NA,NA,NA,NA,NA,NA,NA,NA,NA,2.2,NA,NA,NA,NA,0.629,NA,1.35,NA,1.88,NA,NA,NA,NA,NA,NA,1.38,NA,21.2,NA,NA
"517","MNPCA-S003-663","46.709444","-93.484444","2024-07-16","MNPCA",NA,NA,NA,NA,NA,NA,NA,NA,NA,NA,NA,NA,NA,1.01,NA,NA,NA,NA,NA,NA,0.623,NA,0.607,NA,NA,NA,NA,NA,NA,NA,NA,6.88,NA,NA
"518","MNPCA-S003-663","46.709444","-93.484444","2024-08-14","MNPCA",NA,NA,NA,NA,NA,NA,NA,NA,NA,NA,NA,NA,NA,0.636,NA,NA,NA,NA,NA,NA,0.192,NA,NA,NA,NA,NA,NA,NA,NA,0.545,NA,5.46,NA,NA
"519","MNPCA-S003-663","46.709444","-93.484444","2024-09-10","MNPCA",NA,NA,NA,NA,NA,NA,NA,NA,NA,NA,NA,NA,NA,0.542,NA,NA,NA,NA,NA,NA,0.406,NA,NA,NA,NA,NA,NA,NA,NA,NA,NA,5.68,NA,NA
"520","MNPCA-S004-283","47.84011","-89.965832","2024-06-25","MNPCA",NA,NA,NA,NA,NA,NA,NA,NA,NA,NA,NA,NA,NA,0.318,NA,NA,NA,NA,NA,NA,NA,NA,NA,NA,NA,NA,NA,NA,NA,NA,NA,2.1,NA,NA
"521","MNPCA-S004-283","47.84011","-89.965832","2024-07-09","MNPCA",NA,NA,NA,NA,NA,NA,NA,NA,NA,NA,NA,NA,NA,0.279,NA,NA,NA,NA,NA,NA,NA,NA,NA,NA,NA,NA,NA,NA,NA,NA,NA,1.56,NA,NA
"522","MNPCA-S004-283","47.84011","-89.965832","2024-08-06","MNPCA",NA,NA,NA,NA,NA,NA,NA,NA,NA,NA,NA,NA,NA,0.415,NA,NA,NA,NA,NA,NA,0.3045,NA,1.505,NA,NA,NA,NA,NA,NA,NA,NA,3.08,NA,NA
"523","MNPCA-S004-283","47.84011","-89.965832","2024-09-05","MNPCA",NA,NA,NA,NA,NA,NA,NA,NA,NA,NA,NA,NA,NA,NA,NA,NA,NA,NA,NA,NA,NA,NA,NA,NA,NA,NA,NA,NA,NA,NA,NA,2.41,NA,NA
"524","MNPCA-S004-308","45.32016","-93.81419","2024-05-29","MNPCA",NA,NA,NA,NA,NA,NA,NA,NA,NA,NA,NA,NA,NA,0.609,NA,NA,NA,NA,NA,NA,0.454,NA,0.529,NA,NA,NA,NA,NA,NA,0.533,NA,6.89,NA,NA
"525","MNPCA-S004-308","45.32016","-93.81419","2024-06-18","MNPCA",NA,NA,NA,NA,NA,NA,NA,NA,NA,NA,NA,NA,NA,0.764,NA,0.1265,NA,NA,0.3015,NA,0.531,NA,0.5965,NA,NA,NA,NA,NA,NA,0.5415,NA,5.78,NA,NA
"526","MNPCA-S004-308","45.32016","-93.81419","2024-07-08","MNPCA",NA,NA,NA,NA,NA,NA,NA,NA,NA,NA,NA,NA,NA,0.956,NA,NA,NA,NA,NA,NA,0.66,NA,0.84,NA,NA,NA,NA,NA,NA,0.676,NA,8.67,NA,NA
"527","MNPCA-S004-308","45.32016","-93.81419","2024-08-12","MNPCA",NA,NA,NA,NA,NA,NA,NA,NA,NA,NA,NA,NA,NA,0.659,NA,NA,NA,NA,NA,NA,0.589,NA,0.731,NA,NA,NA,NA,NA,NA,0.477,NA,5.6,NA,NA
"528","MNPCA-S004-308","45.32016","-93.81419","2024-09-11","MNPCA",NA,NA,NA,NA,NA,NA,NA,NA,NA,NA,NA,NA,NA,0.361,NA,0.112,NA,NA,NA,NA,0.478,NA,NA,NA,NA,NA,NA,NA,NA,0.641,NA,6.73,NA,NA
"529","MNPCA-S004-406","47.6402","-90.7107","2024-05-23","MNPCA",NA,NA,NA,NA,NA,NA,NA,NA,NA,NA,NA,NA,NA,0.505,NA,NA,NA,NA,NA,NA,0.282,NA,NA,NA,NA,NA,NA,NA,NA,NA,NA,2.94,NA,NA
"530","MNPCA-S004-406","47.6402","-90.7107","2024-06-25","MNPCA",NA,NA,NA,NA,NA,NA,NA,NA,NA,NA,NA,NA,NA,0.522,NA,NA,NA,NA,NA,NA,0.288,NA,NA,NA,NA,NA,NA,NA,NA,NA,NA,4.02,NA,NA
"531","MNPCA-S004-406","47.6402","-90.7107","2024-07-16","MNPCA",NA,NA,NA,NA,NA,NA,NA,NA,NA,NA,NA,NA,NA,0.408,NA,NA,NA,NA,NA,NA,NA,NA,NA,NA,NA,NA,NA,NA,NA,NA,NA,2.44,NA,NA
"532","MNPCA-S004-406","47.6402","-90.7107","2024-08-20","MNPCA",NA,NA,NA,NA,NA,NA,NA,NA,NA,NA,NA,NA,NA,NA,NA,NA,NA,NA,NA,NA,NA,NA,NA,NA,NA,NA,NA,NA,NA,NA,NA,1.11,NA,NA
"533","MNPCA-S004-406","47.6402","-90.7107","2024-09-25","MNPCA",NA,NA,NA,NA,NA,NA,NA,NA,NA,NA,NA,NA,NA,0.491,NA,NA,NA,NA,0.493,NA,0.569,NA,NA,NA,NA,NA,NA,NA,NA,NA,NA,2.68,NA,NA
"534","MNPCA-S004-954","47.46407","-91.03071","2024-05-23","MNPCA",NA,NA,NA,NA,NA,NA,NA,NA,NA,NA,NA,NA,NA,NA,NA,NA,NA,NA,NA,NA,NA,NA,NA,NA,NA,NA,NA,NA,NA,NA,NA,1.07,NA,NA
"535","MNPCA-S004-954","47.46407","-91.03071","2024-06-25","MNPCA",NA,NA,NA,NA,NA,NA,NA,NA,NA,NA,NA,NA,NA,NA,NA,NA,NA,NA,NA,NA,NA,NA,NA,NA,NA,NA,NA,NA,NA,NA,NA,1.33,NA,NA
"536","MNPCA-S004-954","47.46407","-91.03071","2024-07-16","MNPCA",NA,NA,NA,NA,NA,NA,NA,NA,NA,NA,NA,NA,NA,NA,NA,NA,NA,NA,NA,NA,NA,NA,NA,NA,NA,NA,NA,NA,NA,NA,NA,2.38,NA,NA
"537","MNPCA-S004-954","47.46407","-91.03071","2024-08-20","MNPCA",NA,NA,NA,NA,NA,NA,NA,NA,NA,NA,NA,NA,NA,NA,NA,NA,NA,NA,NA,NA,NA,NA,NA,NA,NA,NA,NA,NA,NA,NA,NA,0.481,NA,NA
"538","MNPCA-S006-163","45.59723","-94.18272","2024-05-29","MNPCA",NA,NA,NA,NA,NA,NA,NA,NA,NA,NA,NA,NA,NA,0.516,NA,NA,NA,NA,NA,NA,0.475,NA,NA,NA,NA,NA,NA,NA,NA,0.375,NA,4.52,NA,NA
"539","MNPCA-S006-163","45.59723","-94.18272","2024-06-18","MNPCA",NA,NA,NA,NA,NA,NA,NA,NA,NA,NA,NA,NA,NA,0.817,NA,NA,NA,NA,NA,NA,0.604,NA,0.43,NA,NA,NA,NA,NA,NA,0.505,NA,6.17,NA,NA
"540","MNPCA-S006-163","45.59723","-94.18272","2024-07-08","MNPCA",NA,NA,NA,NA,NA,NA,NA,NA,NA,NA,NA,NA,NA,0.955,NA,NA,NA,NA,NA,NA,0.648,NA,0.882,NA,NA,NA,NA,NA,NA,0.568,NA,8.78,NA,NA
"541","MNPCA-S006-163","45.59723","-94.18272","2024-08-12","MNPCA",NA,NA,NA,NA,NA,NA,NA,NA,NA,NA,NA,NA,NA,0.664,NA,NA,NA,NA,NA,NA,0.61,NA,0.715,NA,NA,NA,NA,NA,NA,0.434,NA,6.04,NA,NA
"542","MNPCA-S006-163","45.59723","-94.18272","2024-09-10","MNPCA",NA,NA,NA,NA,NA,NA,NA,NA,NA,NA,NA,NA,NA,0.517,NA,0.11,NA,NA,NA,NA,0.394,NA,0.708,NA,NA,NA,NA,NA,NA,0.49,NA,6.37,NA,NA
"543","MNPCA-S006-735","44.934203","-93.04932","2024-07-22","MNPCA",NA,NA,NA,NA,NA,NA,NA,NA,NA,NA,NA,NA,NA,0.509,NA,NA,NA,NA,NA,NA,0.901,NA,0.573,NA,NA,NA,NA,NA,NA,0.736,NA,6.31,NA,NA
"544","MNPCA-S006-735","44.934203","-93.04932","2024-08-12","MNPCA",NA,NA,NA,NA,NA,NA,NA,NA,NA,NA,NA,NA,NA,0.625,NA,0.247,NA,NA,NA,NA,0.892,NA,0.719,NA,NA,NA,NA,NA,NA,0.664,NA,6.23,NA,NA
"545","MNPCA-S006-735","44.934203","-93.04932","2024-09-09","MNPCA",NA,NA,NA,NA,NA,NA,NA,NA,NA,NA,NA,NA,NA,0.394,NA,0.346,NA,NA,NA,NA,1.15,NA,1.12,NA,NA,NA,NA,NA,NA,1.08,NA,8.51,NA,NA
"546","MNPCA-S006-735","44.934203","-93.04932","2024-09-30","MNPCA",NA,NA,NA,NA,NA,NA,NA,NA,NA,NA,NA,NA,NA,0.908,NA,1.03,NA,NA,0.523,NA,1.51,NA,1.92,NA,NA,NA,NA,NA,NA,1.57,NA,8.1,NA,NA
"547","MNPCA-S006-749","44.765961","-92.873407","2024-07-22","MNPCA",NA,NA,NA,NA,NA,NA,NA,NA,NA,NA,NA,NA,NA,0.593,NA,NA,NA,NA,NA,NA,2.26,NA,0.803,NA,NA,NA,NA,NA,NA,NA,NA,8.42,NA,NA
"548","MNPCA-S006-749","44.765961","-92.873407","2024-08-12","MNPCA",NA,NA,NA,NA,NA,NA,NA,NA,NA,NA,NA,NA,NA,0.498,NA,0.472,NA,NA,NA,NA,3.26,NA,1.27,NA,NA,NA,NA,NA,NA,1.13,NA,9.24,NA,NA
"549","MNPCA-S006-749","44.765961","-92.873407","2024-09-09","MNPCA",NA,NA,NA,NA,NA,NA,NA,NA,NA,NA,NA,NA,NA,0.655,NA,0.755,NA,NA,NA,NA,4.67,NA,1.36,NA,NA,NA,NA,NA,NA,1.62,NA,14.1,NA,NA
"550","MNPCA-S006-749","44.765961","-92.873407","2024-09-30","MNPCA",NA,NA,NA,NA,NA,NA,NA,NA,NA,NA,NA,NA,NA,1.19,0.231,1.64,NA,0.583,0.617,NA,6.15,0.392,3.6,NA,NA,NA,NA,NA,NA,2.95,NA,23.3,NA,NA
"551","MNPCA-S006-754","44.918639","-93.13003","2024-07-22","MNPCA",NA,NA,NA,NA,NA,NA,NA,NA,NA,NA,NA,NA,NA,0.715,NA,0.219,NA,NA,NA,NA,0.976,NA,0.669,NA,NA,NA,NA,NA,NA,0.705,NA,7.29,NA,NA
"552","MNPCA-S006-754","44.918639","-93.13003","2024-08-12","MNPCA",NA,NA,NA,NA,NA,NA,NA,NA,NA,NA,NA,NA,NA,0.606,NA,0.233,NA,NA,NA,NA,0.837,NA,0.764,NA,NA,NA,NA,NA,NA,0.695,NA,6.61,NA,NA
"553","MNPCA-S006-754","44.918639","-93.13003","2024-09-09","MNPCA",NA,NA,NA,NA,NA,NA,NA,NA,NA,NA,NA,NA,NA,0.582,NA,0.331,NA,NA,NA,NA,0.824,NA,0.805,NA,NA,NA,NA,NA,NA,1.09,NA,8.63,NA,NA
"554","MNPCA-S006-754","44.918639","-93.13003","2024-09-30","MNPCA",NA,NA,NA,NA,NA,NA,NA,NA,NA,NA,NA,NA,NA,0.848,0.18,0.914,NA,NA,0.547,NA,1.44,NA,1.5,NA,NA,NA,NA,NA,NA,1.51,NA,7.55,NA,NA
"555","MNPCA-S007-222","43.57581","-91.2334","2024-05-13","MNPCA",NA,NA,NA,NA,NA,NA,NA,NA,NA,NA,NA,NA,NA,0.416,NA,0.363,NA,NA,NA,NA,1.48,NA,0.881,NA,NA,NA,NA,NA,NA,0.789,NA,7.07,NA,NA
"556","MNPCA-S007-222","43.57581","-91.2334","2024-05-22","MNPCA",NA,NA,NA,NA,NA,NA,NA,NA,NA,NA,NA,NA,NA,0.562,NA,0.332,NA,NA,NA,NA,1.6,NA,0.713,NA,NA,NA,NA,NA,NA,0.701,NA,6.97,NA,NA
"557","MNPCA-S007-222","43.57581","-91.2334","2024-07-16","MNPCA",NA,NA,NA,NA,NA,NA,NA,NA,NA,NA,NA,NA,NA,0.629,NA,0.214,NA,NA,NA,NA,1.85,NA,0.763,NA,NA,NA,NA,NA,NA,0.902,NA,9.95,NA,NA
"558","MNPCA-S007-222","43.57581","-91.2334","2024-08-13","MNPCA",NA,NA,NA,NA,NA,NA,NA,NA,NA,NA,NA,NA,NA,0.572,NA,0.401,NA,NA,NA,NA,2.2,NA,1.22,NA,NA,NA,NA,NA,NA,1.16,NA,9.98,NA,NA
"559","MNPCA-S007-222","43.57581","-91.2334","2024-09-10","MNPCA",NA,NA,NA,NA,NA,NA,NA,NA,NA,NA,NA,NA,NA,0.422,NA,0.387,NA,NA,NA,NA,2.48,NA,1.06,NA,NA,NA,NA,NA,NA,0.997,NA,11.7,NA,NA
"560","MNPCA-S007-326","47.929219","-90.307112","2024-05-22","MNPCA",NA,NA,NA,NA,NA,NA,NA,NA,NA,NA,NA,NA,NA,0.58,NA,NA,NA,NA,NA,NA,NA,NA,NA,NA,NA,NA,NA,NA,NA,NA,NA,2.01,NA,NA
"561","MNPCA-S007-326","47.929219","-90.307112","2024-06-25","MNPCA",NA,NA,NA,NA,NA,NA,NA,NA,NA,NA,NA,NA,NA,0.516,NA,NA,NA,NA,NA,NA,0.272,NA,0.613,NA,NA,NA,NA,NA,NA,NA,NA,2.37,NA,NA
"562","MNPCA-S007-326","47.929219","-90.307112","2024-07-08","MNPCA",NA,NA,NA,NA,NA,NA,NA,NA,NA,NA,NA,NA,NA,0.563,NA,NA,NA,NA,NA,NA,0.276,NA,NA,NA,NA,NA,NA,NA,NA,NA,NA,2.23,NA,NA
"563","MNPCA-S007-326","47.929219","-90.307112","2024-08-05","MNPCA",NA,NA,NA,NA,NA,NA,NA,NA,NA,NA,NA,NA,NA,0.414,NA,NA,NA,NA,NA,NA,0.309,NA,0.818,NA,NA,NA,NA,NA,NA,NA,NA,1.79,NA,NA
"564","MNPCA-S007-326","47.929219","-90.307112","2024-09-04","MNPCA",NA,NA,NA,NA,NA,NA,NA,NA,NA,NA,NA,NA,NA,NA,NA,NA,NA,NA,NA,NA,NA,NA,NA,NA,NA,NA,NA,NA,NA,NA,NA,1.4,NA,NA
"565","MNPCA-S007-329","45.25503","-93.535499","2024-05-30","MNPCA",NA,NA,NA,NA,NA,NA,NA,NA,NA,NA,NA,NA,NA,0.474,NA,NA,NA,NA,NA,NA,0.381,NA,0.486,NA,NA,NA,NA,NA,NA,0.539,NA,6.69,NA,NA
"566","MNPCA-S007-329","45.25503","-93.535499","2024-06-17","MNPCA",NA,NA,NA,NA,NA,NA,NA,NA,NA,NA,NA,NA,NA,0.751,NA,0.187,NA,NA,0.346,NA,0.672,NA,0.666,NA,NA,NA,NA,NA,NA,0.758,NA,6.82,NA,NA
"567","MNPCA-S007-329","45.25503","-93.535499","2024-07-08","MNPCA",NA,NA,NA,NA,NA,NA,NA,NA,NA,NA,NA,NA,NA,0.767,NA,NA,NA,NA,0.275,NA,0.66,NA,0.832,NA,NA,NA,NA,NA,NA,0.799,NA,8.82,NA,NA
"568","MNPCA-S007-329","45.25503","-93.535499","2024-08-12","MNPCA",NA,NA,NA,NA,NA,NA,NA,NA,NA,NA,NA,NA,NA,0.659,NA,NA,NA,NA,NA,NA,0.65,NA,0.854,NA,NA,NA,NA,NA,NA,0.581,NA,6,NA,NA
"569","MNPCA-S007-330","45.434703","-94.051301","2024-05-29","MNPCA",NA,NA,NA,NA,NA,NA,NA,NA,NA,NA,NA,NA,NA,0.5205,NA,NA,NA,NA,NA,NA,0.3935,NA,0.4345,NA,NA,NA,NA,NA,NA,0.5595,NA,7.105,NA,NA
"570","MNPCA-S007-330","45.434703","-94.051301","2024-06-18","MNPCA",NA,NA,NA,NA,NA,NA,NA,NA,NA,NA,NA,NA,NA,0.594,NA,0.198,NA,NA,0.291,NA,0.638,NA,0.839,NA,NA,NA,NA,NA,NA,0.674,NA,5.99,NA,NA
"571","MNPCA-S007-330","45.434703","-94.051301","2024-07-08","MNPCA",NA,NA,NA,NA,NA,NA,NA,NA,NA,NA,NA,NA,NA,0.865,NA,NA,NA,NA,NA,NA,0.674,NA,0.702,NA,NA,NA,NA,NA,NA,0.752,NA,8.28,NA,NA
"572","MNPCA-S007-330","45.434703","-94.051301","2024-08-12","MNPCA",NA,NA,NA,NA,NA,NA,NA,NA,NA,NA,NA,NA,NA,0.592,NA,NA,NA,NA,NA,NA,0.668,NA,0.68,NA,NA,NA,NA,NA,NA,0.645,NA,5.83,NA,NA
"573","MNPCA-S007-330","45.434703","-94.051301","2024-09-10","MNPCA",NA,NA,NA,NA,NA,NA,NA,NA,NA,NA,NA,NA,NA,0.522,NA,0.136,NA,NA,NA,NA,0.451,NA,0.586,NA,NA,NA,NA,NA,NA,0.805,NA,6.37,NA,NA
"574","MNPCA-S007-331","45.961727","-94.38348","2024-05-13","MNPCA",NA,NA,NA,NA,NA,NA,NA,NA,NA,NA,NA,NA,NA,0.569,NA,NA,NA,NA,NA,NA,0.404,NA,NA,NA,NA,NA,NA,NA,NA,0.443,NA,4.11,NA,NA
"575","MNPCA-S007-331","45.961727","-94.38348","2024-07-15","MNPCA",NA,NA,NA,NA,NA,NA,NA,NA,NA,NA,NA,NA,NA,1.07,NA,NA,NA,NA,0.314,NA,0.763,NA,0.827,NA,NA,NA,NA,NA,NA,0.58,NA,7.73,NA,NA
"576","MNPCA-S007-331","45.961727","-94.38348","2024-08-14","MNPCA",NA,NA,NA,NA,NA,NA,NA,NA,NA,NA,NA,NA,NA,0.584,NA,NA,NA,NA,NA,NA,0.196,NA,NA,NA,NA,NA,NA,NA,NA,0.541,NA,6.19,NA,NA
"577","MNPCA-S007-331","45.961727","-94.38348","2024-08-27","MNPCA",NA,NA,NA,NA,NA,NA,NA,NA,NA,NA,NA,NA,NA,0.517,NA,NA,NA,NA,NA,NA,0.214,NA,NA,NA,NA,NA,NA,NA,NA,0.451,NA,5.44,NA,NA
"578","MNPCA-S007-331","45.961727","-94.38348","2024-09-09","MNPCA",NA,NA,NA,NA,NA,NA,NA,NA,NA,NA,NA,NA,NA,0.422,NA,0.098,NA,NA,NA,NA,0.267,NA,NA,NA,NA,NA,NA,NA,NA,NA,NA,5.76,NA,NA
"579","MNPCA-S007-332","47.023084","-93.274436","2024-05-14","MNPCA",NA,NA,NA,NA,NA,NA,NA,NA,NA,NA,NA,NA,NA,0.78,NA,NA,NA,NA,NA,NA,0.42,NA,0.713,NA,NA,NA,NA,NA,NA,NA,NA,5.1,NA,NA
"580","MNPCA-S007-332","47.023084","-93.274436","2024-07-16","MNPCA",NA,NA,NA,NA,NA,NA,NA,NA,NA,NA,NA,NA,NA,1.07,NA,NA,NA,NA,NA,NA,0.676,NA,0.573,NA,NA,NA,NA,NA,NA,0.6,NA,6.87,NA,NA
"581","MNPCA-S007-332","47.023084","-93.274436","2024-08-15","MNPCA",NA,NA,NA,NA,NA,NA,NA,NA,NA,NA,NA,NA,NA,0.505,NA,NA,NA,NA,NA,NA,0.192,NA,NA,NA,NA,NA,NA,NA,NA,0.508,NA,5.8,NA,NA
"582","MNPCA-S007-332","47.023084","-93.274436","2024-09-10","MNPCA",NA,NA,NA,NA,NA,NA,NA,NA,NA,NA,NA,NA,NA,0.72,NA,NA,NA,NA,NA,NA,0.285,NA,NA,NA,NA,NA,NA,NA,NA,0.349,NA,6.01,NA,NA
"583","MNPCA-S007-333","47.216222","-93.486839","2024-05-14","MNPCA",NA,NA,NA,NA,NA,NA,NA,NA,NA,NA,NA,NA,NA,0.756,NA,NA,NA,NA,NA,NA,0.325,NA,NA,NA,NA,NA,NA,NA,NA,0.544,NA,7.14,NA,NA
"584","MNPCA-S007-333","47.216222","-93.486839","2024-07-16","MNPCA",NA,NA,NA,NA,NA,NA,NA,NA,NA,NA,NA,NA,NA,0.872,NA,NA,NA,NA,NA,NA,0.577,NA,0.567,NA,NA,NA,NA,NA,NA,0.578,NA,6.32,NA,NA
"585","MNPCA-S007-333","47.216222","-93.486839","2024-08-15","MNPCA",NA,NA,NA,NA,NA,NA,NA,NA,NA,NA,NA,NA,NA,0.565,NA,NA,NA,NA,NA,NA,0.169,NA,NA,NA,NA,NA,NA,NA,NA,0.463,NA,5.165,NA,NA
"586","MNPCA-S007-333","47.216222","-93.486839","2024-09-10","MNPCA",NA,NA,NA,NA,NA,NA,NA,NA,NA,NA,NA,NA,NA,0.734,NA,NA,NA,NA,NA,NA,0.322,NA,NA,NA,NA,NA,NA,NA,NA,0.344,NA,5.76,NA,NA
"587","MNPCA-S007-334","47.250893","-93.592809","2024-05-14","MNPCA",NA,NA,NA,NA,NA,NA,NA,NA,NA,NA,NA,NA,NA,0.691,NA,NA,NA,NA,NA,NA,0.395,NA,NA,NA,NA,NA,NA,NA,NA,0.441,NA,7.33,NA,NA
"588","MNPCA-S007-334","47.250893","-93.592809","2024-07-16","MNPCA",NA,NA,NA,NA,NA,NA,NA,NA,NA,NA,NA,NA,NA,0.9355,NA,NA,NA,NA,NA,NA,0.602,NA,0.551,NA,NA,NA,NA,NA,NA,0.5235,NA,6.36,NA,NA
"589","MNPCA-S007-334","47.250893","-93.592809","2024-08-15","MNPCA",NA,NA,NA,NA,NA,NA,NA,NA,NA,NA,NA,NA,NA,0.621,NA,NA,NA,NA,NA,NA,0.19,NA,NA,NA,NA,NA,NA,NA,NA,0.435,NA,5.66,NA,NA
"590","MNPCA-S007-334","47.250893","-93.592809","2024-09-10","MNPCA",NA,NA,NA,NA,NA,NA,NA,NA,NA,NA,NA,NA,NA,0.469,NA,NA,NA,NA,NA,NA,0.185,NA,NA,NA,NA,NA,NA,NA,NA,0.309,NA,5.28,NA,NA
"591","MNPCA-S007-335","45.305158","-93.685621","2024-05-29","MNPCA",NA,NA,NA,NA,NA,NA,NA,NA,NA,NA,NA,NA,NA,0.515,NA,NA,NA,NA,NA,NA,0.475,NA,0.507,NA,NA,NA,NA,NA,NA,0.448,NA,6.54,NA,NA
"592","MNPCA-S007-335","45.305158","-93.685621","2024-06-18","MNPCA",NA,NA,NA,NA,NA,NA,NA,NA,NA,NA,NA,NA,NA,0.678,NA,0.115,NA,NA,NA,NA,0.454,NA,0.401,NA,NA,NA,NA,NA,NA,0.475,NA,5.22,NA,NA
"593","MNPCA-S007-335","45.305158","-93.685621","2024-07-08","MNPCA",NA,NA,NA,NA,NA,NA,NA,NA,NA,NA,NA,NA,NA,0.8755,NA,NA,NA,NA,NA,NA,0.6255,NA,0.7,NA,NA,NA,NA,NA,NA,0.678,NA,8.75,NA,NA
"594","MNPCA-S007-335","45.305158","-93.685621","2024-08-12","MNPCA",NA,NA,NA,NA,NA,NA,NA,NA,NA,NA,NA,NA,NA,0.656,NA,NA,NA,NA,NA,NA,0.608,NA,0.771,NA,NA,NA,NA,NA,NA,0.596,NA,5.93,NA,NA
"595","MNPCA-S007-335","45.305158","-93.685621","2024-09-11","MNPCA",NA,NA,NA,NA,NA,NA,NA,NA,NA,NA,NA,NA,NA,0.411,NA,0.141,NA,NA,NA,NA,0.514,NA,0.873,NA,NA,NA,NA,NA,NA,0.734,NA,6.62,NA,NA
"596","MNPCA-S007-336","45.517842","-94.140705","2024-05-29","MNPCA",NA,NA,NA,NA,NA,NA,NA,NA,NA,NA,NA,NA,NA,0.528,NA,NA,NA,NA,NA,NA,0.466,NA,NA,NA,NA,NA,NA,NA,NA,0.304,NA,4.42,NA,NA
"597","MNPCA-S007-336","45.517842","-94.140705","2024-06-18","MNPCA",NA,NA,NA,NA,NA,NA,NA,NA,NA,NA,NA,NA,NA,0.615,NA,NA,NA,NA,NA,NA,0.566,NA,0.482,NA,NA,NA,NA,NA,NA,0.624,NA,5.72,NA,NA
"598","MNPCA-S007-336","45.517842","-94.140705","2024-07-08","MNPCA",NA,NA,NA,NA,NA,NA,NA,NA,NA,NA,NA,NA,NA,1,NA,NA,NA,NA,NA,NA,0.683,NA,0.678,NA,NA,NA,NA,NA,NA,0.633,NA,8.56,NA,NA
"599","MNPCA-S007-336","45.517842","-94.140705","2024-08-12","MNPCA",NA,NA,NA,NA,NA,NA,NA,NA,NA,NA,NA,NA,NA,0.5,NA,NA,NA,NA,NA,NA,0.589,NA,0.613,NA,NA,NA,NA,NA,NA,0.458,NA,5.64,NA,NA
"600","MNPCA-S007-336","45.517842","-94.140705","2024-09-10","MNPCA",NA,NA,NA,NA,NA,NA,NA,NA,NA,NA,NA,NA,NA,0.397,NA,NA,NA,NA,NA,NA,0.331,NA,NA,NA,NA,NA,NA,NA,NA,0.577,NA,6.12,NA,NA
"601","MNPCA-S007-337","46.360681","-94.211255","2024-07-15","MNPCA",NA,NA,NA,NA,NA,NA,NA,NA,NA,NA,NA,NA,NA,0.888,NA,NA,NA,NA,0.34,NA,0.648,NA,0.6,NA,NA,NA,NA,NA,NA,NA,NA,7.64,NA,NA
"602","MNPCA-S007-337","46.360681","-94.211255","2024-08-14","MNPCA",NA,NA,NA,NA,NA,NA,NA,NA,NA,NA,NA,NA,NA,0.511,NA,NA,NA,NA,NA,NA,0.235,NA,NA,NA,NA,NA,NA,NA,NA,0.583,NA,6.41,NA,NA
"603","MNPCA-S007-337","46.360681","-94.211255","2024-09-09","MNPCA",NA,NA,NA,NA,NA,NA,NA,NA,NA,NA,NA,NA,NA,0.704,NA,NA,NA,NA,NA,NA,0.482,NA,NA,NA,NA,NA,NA,NA,NA,0.541,NA,7.22,NA,NA
"604","MNPCA-S007-415","47.615772","-90.776651","2024-05-23","MNPCA",NA,NA,NA,NA,NA,NA,NA,NA,NA,NA,NA,NA,NA,NA,NA,NA,NA,NA,NA,NA,NA,NA,NA,NA,NA,NA,NA,NA,NA,NA,NA,1.75,NA,NA
"605","MNPCA-S007-415","47.615772","-90.776651","2024-06-25","MNPCA",NA,NA,NA,NA,NA,NA,NA,NA,NA,NA,NA,NA,NA,NA,NA,NA,NA,NA,NA,NA,NA,NA,NA,NA,NA,NA,NA,NA,NA,NA,NA,2.39,NA,NA
"606","MNPCA-S007-415","47.615772","-90.776651","2024-07-16","MNPCA",NA,NA,NA,NA,NA,NA,NA,NA,NA,NA,NA,NA,NA,0.363,NA,NA,NA,NA,NA,NA,NA,NA,NA,NA,NA,NA,NA,NA,NA,NA,NA,3.14,NA,NA
"607","MNPCA-S007-415","47.615772","-90.776651","2024-09-25","MNPCA",NA,NA,NA,NA,NA,NA,NA,NA,NA,NA,NA,NA,NA,NA,NA,NA,NA,NA,NA,NA,NA,NA,NA,NA,NA,NA,NA,NA,NA,NA,NA,0.422,NA,NA
"608","MNPCA-S007-544","47.4242","-91.2337","2024-05-22","MNPCA",NA,NA,NA,NA,NA,NA,NA,NA,NA,NA,NA,NA,NA,0.331,NA,NA,NA,NA,NA,NA,NA,NA,NA,NA,NA,NA,NA,NA,NA,NA,NA,2.15,NA,NA
"609","MNPCA-S007-544","47.4242","-91.2337","2024-06-24","MNPCA",NA,NA,NA,NA,NA,NA,NA,NA,NA,NA,NA,NA,NA,0.629,NA,NA,NA,NA,NA,NA,0.29,NA,NA,NA,NA,NA,NA,NA,NA,NA,NA,3.09,NA,NA
"610","MNPCA-S007-544","47.4242","-91.2337","2024-07-08","MNPCA",NA,NA,NA,NA,NA,NA,NA,NA,NA,NA,NA,NA,NA,0.272,NA,NA,NA,NA,NA,NA,0.224,NA,NA,NA,NA,NA,NA,NA,NA,NA,NA,2.43,NA,NA
"611","MNPCA-S007-544","47.4242","-91.2337","2024-08-05","MNPCA",NA,NA,NA,NA,NA,NA,NA,NA,NA,NA,NA,NA,NA,0.428,NA,NA,NA,NA,NA,NA,NA,NA,0.824,NA,NA,NA,NA,NA,NA,NA,NA,2.06,NA,NA
"612","MNPCA-S007-544","47.4242","-91.2337","2024-09-04","MNPCA",NA,NA,NA,NA,NA,NA,NA,NA,NA,NA,NA,NA,NA,0.23,NA,NA,NA,NA,NA,NA,NA,NA,2.26,NA,NA,NA,NA,NA,NA,NA,NA,2.92,NA,NA
"613","MNPCA-S007-545","47.4147","-91.246044","2024-05-22","MNPCA",NA,NA,NA,NA,NA,NA,NA,NA,NA,NA,NA,NA,NA,0.479,NA,NA,NA,NA,NA,NA,0.298,NA,NA,NA,NA,NA,NA,NA,NA,NA,NA,2.99,NA,NA
"614","MNPCA-S007-545","47.4147","-91.246044","2024-06-24","MNPCA",NA,NA,NA,NA,NA,NA,NA,NA,NA,NA,NA,NA,NA,0.901,NA,NA,NA,NA,NA,NA,0.496,NA,NA,NA,NA,NA,NA,NA,NA,0.323,NA,6.44,NA,NA
"615","MNPCA-S007-545","47.4147","-91.246044","2024-07-08","MNPCA",NA,NA,NA,NA,NA,NA,NA,NA,NA,NA,NA,NA,NA,0.667,NA,NA,NA,NA,NA,NA,0.46,NA,NA,NA,NA,NA,NA,NA,NA,NA,NA,4.57,NA,NA
"616","MNPCA-S007-545","47.4147","-91.246044","2024-08-05","MNPCA",NA,NA,NA,NA,NA,NA,NA,NA,NA,NA,NA,NA,NA,0.974,NA,NA,NA,NA,NA,NA,0.521,NA,0.345,NA,NA,NA,NA,NA,NA,0.32,NA,7.54,NA,NA
"617","MNPCA-S007-545","47.4147","-91.246044","2024-09-04","MNPCA",NA,NA,NA,NA,NA,NA,NA,NA,NA,NA,NA,NA,NA,NA,NA,NA,NA,NA,NA,NA,NA,NA,NA,NA,NA,NA,NA,NA,NA,NA,NA,4.04,NA,NA
"618","MNPCA-S007-548","47.547018","-90.90199","2024-05-23","MNPCA",NA,NA,NA,NA,NA,NA,NA,NA,NA,NA,NA,NA,NA,0.527,NA,NA,NA,NA,NA,NA,NA,NA,NA,NA,NA,NA,NA,NA,NA,NA,NA,1.59,NA,NA
"619","MNPCA-S007-548","47.547018","-90.90199","2024-06-25","MNPCA",NA,NA,NA,NA,NA,NA,NA,NA,NA,NA,NA,NA,NA,0.739,NA,NA,NA,NA,NA,NA,0.298,NA,NA,NA,NA,NA,NA,NA,NA,NA,NA,4.13,NA,NA
"620","MNPCA-S007-548","47.547018","-90.90199","2024-07-16","MNPCA",NA,NA,NA,NA,NA,NA,NA,NA,NA,NA,NA,NA,NA,0.529,NA,NA,NA,NA,NA,NA,0.244,NA,NA,NA,NA,NA,NA,NA,NA,NA,NA,3.23,NA,NA
"621","MNPCA-S007-548","47.547018","-90.90199","2024-08-20","MNPCA",NA,NA,NA,NA,NA,NA,NA,NA,NA,NA,NA,NA,NA,NA,NA,NA,NA,NA,NA,NA,NA,NA,NA,NA,NA,NA,NA,NA,NA,NA,NA,0.764,NA,NA
"622","MNPCA-S007-548","47.547018","-90.90199","2024-09-25","MNPCA",NA,NA,NA,NA,NA,NA,NA,NA,NA,NA,NA,NA,NA,NA,NA,NA,NA,NA,NA,NA,NA,NA,NA,NA,NA,NA,NA,NA,NA,NA,NA,0.555,NA,NA
"623","MNPCA-S007-595","46.84723","-92.111196","2024-05-14","MNPCA",NA,NA,NA,NA,NA,NA,NA,NA,NA,NA,NA,NA,NA,1.11,0.157,10.6,NA,NA,NA,NA,2.17,NA,1.92,NA,NA,NA,NA,NA,NA,2.81,NA,4.35,NA,NA
"624","MNPCA-S007-783","47.503471","-91.113355","2024-06-24","MNPCA",NA,NA,NA,NA,NA,NA,NA,NA,NA,NA,NA,NA,NA,0.663,NA,NA,NA,NA,NA,NA,0.418,NA,NA,NA,NA,NA,NA,NA,NA,NA,NA,4.69,NA,NA
"625","MNPCA-S007-783","47.503471","-91.113355","2024-07-08","MNPCA",NA,NA,NA,NA,NA,NA,NA,NA,NA,NA,NA,NA,NA,0.535,NA,NA,NA,NA,NA,NA,0.342,NA,NA,NA,NA,NA,NA,NA,NA,NA,NA,3.64,NA,NA
"626","MNPCA-S007-783","47.503471","-91.113355","2024-08-05","MNPCA",NA,NA,NA,NA,NA,NA,NA,NA,NA,NA,NA,NA,NA,0.555,NA,NA,NA,NA,NA,NA,0.305,NA,0.309,NA,NA,NA,NA,NA,NA,NA,NA,3.97,NA,NA
"627","MNPCA-S007-783","47.503471","-91.113355","2024-09-04","MNPCA",NA,NA,NA,NA,NA,NA,NA,NA,NA,NA,NA,NA,NA,NA,NA,NA,NA,NA,NA,NA,NA,NA,NA,NA,NA,NA,NA,NA,NA,NA,NA,2.84,NA,NA
"628","MNPCA-S008-062","44.602348","-92.568169","2024-07-16","MNPCA",NA,NA,NA,NA,NA,NA,NA,NA,NA,NA,NA,NA,NA,0.701,NA,0.236,NA,NA,NA,NA,2.2,NA,1.11,NA,NA,NA,NA,NA,NA,1.08,NA,11.3,NA,NA
"629","MNPCA-S008-062","44.602348","-92.568169","2024-08-13","MNPCA",NA,NA,NA,NA,NA,NA,NA,NA,NA,NA,NA,NA,NA,0.565,NA,0.481,NA,NA,NA,NA,3.18,NA,1.45,NA,NA,NA,NA,NA,NA,1.31,NA,13.5,NA,NA
"630","MNPCA-S008-062","44.602348","-92.568169","2024-09-10","MNPCA",NA,NA,NA,NA,NA,NA,NA,NA,NA,NA,NA,NA,NA,0.851,NA,0.834,NA,NA,NA,NA,3.37,NA,2.29,NA,NA,NA,NA,NA,NA,1.66,NA,16.1,NA,NA
"631","MNPCA-S008-994","44.563188","-92.459991","2024-05-14","MNPCA",NA,NA,NA,NA,NA,NA,NA,NA,NA,NA,NA,NA,NA,0.524,NA,0.402,NA,NA,NA,NA,1.68,NA,0.692,NA,NA,NA,NA,NA,NA,0.661,NA,7.22,NA,NA
"632","MNPCA-S008-994","44.563188","-92.459991","2024-07-16","MNPCA",NA,NA,NA,NA,NA,NA,NA,NA,NA,NA,NA,NA,NA,0.565,NA,0.219,NA,NA,NA,NA,2.11,NA,1.14,NA,NA,NA,NA,NA,NA,0.853,NA,11.7,NA,NA
"633","MNPCA-S008-994","44.563188","-92.459991","2024-08-13","MNPCA",NA,NA,NA,NA,NA,NA,NA,NA,NA,NA,NA,NA,NA,0.567,NA,0.519,NA,NA,NA,NA,3.24,NA,1.4,NA,NA,NA,NA,NA,NA,1.35,NA,13.9,NA,NA
"634","MNPCA-S008-994","44.563188","-92.459991","2024-09-10","MNPCA",NA,NA,NA,NA,NA,NA,NA,NA,NA,NA,NA,NA,NA,0.877,NA,0.867,NA,NA,NA,NA,3.28,NA,2.23,NA,NA,NA,NA,NA,NA,1.89,NA,17,NA,NA
"635","MNPCA-S008-996","44.652178","-92.642098","2024-07-16","MNPCA",NA,NA,NA,NA,NA,NA,NA,NA,NA,NA,NA,NA,NA,0.608,NA,0.226,NA,NA,NA,NA,2.28,NA,1.16,NA,NA,NA,NA,NA,NA,0.842,NA,11.8,NA,NA
"636","MNPCA-S008-996","44.652178","-92.642098","2024-08-13","MNPCA",NA,NA,NA,NA,NA,NA,NA,NA,NA,NA,NA,NA,NA,0.654,NA,0.477,NA,NA,NA,NA,3.17,NA,1.55,NA,NA,NA,NA,NA,NA,1.3,NA,12.8,NA,NA
"637","MNPCA-S008-996","44.652178","-92.642098","2024-09-10","MNPCA",NA,NA,NA,NA,NA,NA,NA,NA,NA,NA,NA,NA,NA,0.877,NA,0.853,NA,NA,NA,NA,3.57,NA,2.24,NA,NA,NA,NA,NA,NA,1.82,NA,15.4,NA,NA
"638","MNPCA-S009-001","44.773681","-92.995679","2024-07-22","MNPCA",NA,NA,NA,NA,NA,NA,NA,NA,NA,NA,NA,NA,NA,0.69,NA,0.412,NA,NA,NA,NA,2.61,NA,0.803,NA,NA,NA,NA,NA,NA,1.09,NA,7.98,NA,NA
"639","MNPCA-S009-001","44.773681","-92.995679","2024-08-12","MNPCA",NA,NA,NA,NA,NA,NA,NA,NA,NA,NA,NA,NA,NA,0.586,NA,0.485,NA,NA,NA,NA,2.73,NA,0.854,NA,NA,NA,NA,NA,NA,1.09,NA,8.29,NA,NA
"640","MNPCA-S009-001","44.773681","-92.995679","2024-09-09","MNPCA",NA,NA,NA,NA,NA,NA,NA,NA,NA,NA,NA,NA,NA,0.619,NA,0.669,NA,NA,NA,NA,2.97,NA,1.3,NA,NA,NA,NA,NA,NA,1.47,NA,11.4,NA,NA
"641","MNPCA-S009-001","44.773681","-92.995679","2024-09-30","MNPCA",NA,NA,NA,NA,NA,NA,NA,NA,NA,NA,NA,NA,NA,0.975,0.202,1.34,NA,NA,0.573,NA,3.08,0.324,2.48,NA,NA,NA,NA,NA,NA,2.27,NA,12.1,NA,NA
"642","MNPCA-S009-117","46.856585","-92.099949","2024-05-14","MNPCA",NA,NA,NA,NA,NA,NA,NA,NA,NA,NA,NA,NA,NA,0.895,NA,0.763,NA,NA,0.363,NA,2.28,NA,1.74,NA,NA,NA,NA,NA,NA,1.22,NA,5.38,NA,NA
"643","MNPCA-S012-288","44.02332","-91.53606","2024-05-14","MNPCA",NA,NA,NA,NA,NA,NA,NA,NA,NA,NA,NA,NA,NA,0.432,NA,0.354,NA,NA,NA,NA,1.58,NA,0.872,NA,NA,NA,NA,NA,NA,0.788,NA,6.75,NA,NA
"644","MNPCA-S012-288","44.02332","-91.53606","2024-07-16","MNPCA",NA,NA,NA,NA,NA,NA,NA,NA,NA,NA,NA,NA,NA,0.665,NA,0.202,NA,NA,NA,NA,1.84,NA,1.004,NA,NA,NA,NA,NA,NA,0.9075,NA,10.3,NA,NA
"645","MNPCA-S012-288","44.02332","-91.53606","2024-08-13","MNPCA",NA,NA,NA,NA,NA,NA,NA,NA,NA,NA,NA,NA,NA,0.605,NA,0.45,NA,NA,NA,NA,2.42,NA,1.53,NA,NA,NA,NA,NA,NA,1.03,NA,11,NA,NA
"646","MNPCA-S012-288","44.02332","-91.53606","2024-09-17","MNPCA",NA,NA,NA,NA,NA,NA,NA,NA,NA,NA,NA,NA,NA,0.781,NA,0.681,NA,NA,NA,NA,2.67,NA,1.78,NA,NA,NA,NA,NA,NA,1.55,NA,12.6,NA,NA
"647","MNPCA-S012-524","46.40732","-94.15672","2024-05-13","MNPCA",NA,NA,NA,NA,NA,NA,NA,NA,NA,NA,NA,NA,NA,0.692,NA,NA,NA,NA,NA,NA,0.408,NA,NA,NA,NA,NA,NA,NA,NA,0.418,NA,4.77,NA,NA
"648","MNPCA-S012-524","46.40732","-94.15672","2024-07-15","MNPCA",NA,NA,NA,NA,NA,NA,NA,NA,NA,NA,NA,NA,NA,1.02,NA,NA,NA,NA,0.361,NA,0.801,NA,0.661,NA,NA,NA,NA,NA,NA,0.606,NA,7.66,NA,NA
"649","MNPCA-S012-524","46.40732","-94.15672","2024-08-14","MNPCA",NA,NA,NA,NA,NA,NA,NA,NA,NA,NA,NA,NA,NA,0.537,NA,NA,NA,NA,NA,NA,0.257,NA,NA,NA,NA,NA,NA,NA,NA,0.46,NA,7.1,NA,NA
"650","MNPCA-S012-524","46.40732","-94.15672","2024-09-09","MNPCA",NA,NA,NA,NA,NA,NA,NA,NA,NA,NA,NA,NA,NA,0.656,NA,NA,NA,NA,NA,NA,0.53,NA,NA,NA,NA,NA,NA,NA,NA,0.324,NA,6.84,NA,NA
"651","MNPCA-S014-093","44.859582","-93.007767","2024-05-15","MNPCA",NA,NA,NA,NA,NA,NA,NA,NA,NA,NA,NA,NA,NA,0.4235,NA,0.3145,NA,NA,NA,NA,1.425,0.281,0.8125,NA,NA,NA,NA,NA,NA,0.6945,NA,6.345,NA,NA
"652","MNPCA-S014-093","44.859582","-93.007767","2024-07-22","MNPCA",NA,NA,NA,NA,NA,NA,NA,NA,NA,NA,NA,NA,NA,0.495,NA,0.54,NA,NA,NA,NA,3.97,NA,0.943,NA,NA,NA,NA,NA,NA,1.2,NA,10.3,NA,NA
"653","MNPCA-S014-093","44.859582","-93.007767","2024-08-12","MNPCA",NA,NA,NA,NA,NA,NA,NA,NA,NA,NA,NA,NA,NA,0.611,NA,0.47,NA,NA,NA,NA,4.37,NA,0.936,NA,NA,NA,NA,NA,NA,1.11,NA,8.54,NA,NA
"654","MNPCA-S014-093","44.859582","-93.007767","2024-09-09","MNPCA",NA,NA,NA,NA,NA,NA,NA,NA,NA,NA,NA,NA,NA,0.593,NA,0.6195,NA,NA,NA,NA,2.9,NA,1.098,NA,NA,NA,NA,NA,NA,1.455,NA,10.955,NA,NA
"655","MNPCA-S014-093","44.859582","-93.007767","2024-09-30","MNPCA",NA,NA,NA,NA,NA,NA,NA,NA,NA,NA,NA,NA,NA,0.962,NA,1.19,NA,NA,0.55,NA,2.28,NA,2.29,NA,NA,NA,NA,NA,NA,2.05,NA,10.5,NA,NA
"656","MNPCA-S015-203","44.882698","-93.01605","2024-07-22","MNPCA",NA,NA,NA,NA,NA,NA,NA,NA,NA,NA,NA,NA,NA,0.646,NA,0.429,NA,NA,NA,NA,3.04,NA,0.856,NA,NA,NA,NA,NA,NA,1.12,NA,8.43,NA,NA
"657","MNPCA-S015-203","44.882698","-93.01605","2024-08-12","MNPCA",NA,NA,NA,NA,NA,NA,NA,NA,NA,NA,NA,NA,NA,0.473,NA,0.334,NA,NA,NA,NA,1.18,NA,0.671,NA,NA,NA,NA,NA,NA,0.801,NA,6.83,NA,NA
"658","MNPCA-S015-203","44.882698","-93.01605","2024-09-09","MNPCA",NA,NA,NA,NA,NA,NA,NA,NA,NA,NA,NA,NA,NA,0.43,NA,0.433,NA,NA,NA,NA,1.42,NA,0.933,NA,NA,NA,NA,NA,NA,1.07,NA,9.41,NA,NA
"659","MNPCA-S015-203","44.882698","-93.01605","2024-09-30","MNPCA",NA,NA,NA,NA,NA,NA,NA,NA,NA,NA,NA,NA,NA,0.874,0.201,1.2,NA,NA,0.535,NA,2.5,NA,2.04,NA,NA,NA,NA,NA,NA,1.99,NA,9.53,NA,NA
"660","MNPCA-S016-659","44.774304","-93.015566","2024-07-22","MNPCA",NA,NA,NA,NA,NA,NA,NA,NA,NA,NA,NA,NA,NA,0.6435,NA,0.271,NA,NA,NA,NA,1.34,NA,0.6865,NA,NA,NA,NA,NA,NA,0.805,NA,7.665,NA,NA
"661","MNPCA-S016-659","44.774304","-93.015566","2024-08-12","MNPCA",NA,NA,NA,NA,NA,NA,NA,NA,NA,NA,NA,NA,NA,0.5275,NA,0.3485,NA,NA,NA,NA,1.555,NA,1.053,NA,NA,NA,NA,NA,NA,0.8615,NA,7.485,NA,NA
"662","MNPCA-S016-659","44.774304","-93.015566","2024-09-09","MNPCA",NA,NA,NA,NA,NA,NA,NA,NA,NA,NA,NA,NA,NA,0.54,NA,0.586,NA,NA,NA,NA,2.16,NA,1.27,NA,NA,NA,NA,NA,NA,1.49,NA,10.9,NA,NA
"663","MNPCA-S016-659","44.774304","-93.015566","2024-09-30","MNPCA",NA,NA,NA,NA,NA,NA,NA,NA,NA,NA,NA,NA,NA,1.1,0.2095,1.345,NA,NA,0.545,NA,3.11,0.292,2.72,NA,NA,NA,NA,NA,NA,2.465,NA,19,NA,NA
"664","MNPCA-S016-662","44.814432","-93.006866","2024-05-15","MNPCA",NA,NA,NA,NA,NA,NA,NA,NA,NA,NA,NA,NA,NA,0.327,NA,0.16,NA,NA,NA,NA,0.572,0.322,0.501,NA,NA,NA,NA,NA,NA,0.432,NA,3.72,NA,NA
"665","MNPCA-S016-662","44.814432","-93.006866","2024-07-22","MNPCA",NA,NA,NA,NA,NA,NA,NA,NA,NA,NA,NA,NA,NA,0.556,NA,0.306,NA,NA,NA,NA,1.44,NA,0.726,NA,NA,NA,NA,NA,NA,0.839,NA,7.8,NA,NA
"666","MNPCA-S016-662","44.814432","-93.006866","2024-08-12","MNPCA",NA,NA,NA,NA,NA,NA,NA,NA,NA,NA,NA,NA,NA,0.497,NA,0.425,NA,NA,NA,NA,5.03,NA,1.04,NA,NA,NA,NA,NA,NA,1.04,NA,9.17,NA,NA
"667","MNPCA-S016-662","44.814432","-93.006866","2024-09-09","MNPCA",NA,NA,NA,NA,NA,NA,NA,NA,NA,NA,NA,NA,NA,0.588,NA,0.498,NA,NA,NA,NA,1.66,NA,0.988,NA,NA,NA,NA,NA,NA,1.35,NA,9.51,NA,NA
"668","MNPCA-S016-662","44.814432","-93.006866","2024-09-30","MNPCA",NA,NA,NA,NA,NA,NA,NA,NA,NA,NA,NA,NA,NA,0.886,NA,1.27,NA,NA,0.542,NA,2.85,NA,2.14,NA,NA,NA,NA,NA,NA,2,NA,11.2,NA,NA
"669","MNPCA-S016-671","44.748188","-92.814781","2024-05-14","MNPCA",NA,NA,NA,NA,NA,NA,NA,NA,NA,NA,NA,NA,NA,0.417,NA,0.46,NA,NA,NA,NA,2.18,NA,1.18,NA,NA,NA,NA,NA,NA,0.863,NA,8.9,NA,NA
"670","MNPCA-S016-671","44.748188","-92.814781","2024-07-10","MNPCA",NA,NA,NA,NA,NA,NA,NA,NA,NA,NA,NA,NA,NA,0.62,NA,0.407,NA,NA,NA,NA,2.05,NA,1.05,NA,NA,NA,NA,NA,NA,0.991,NA,10.1,NA,NA
"671","MNPCA-S016-671","44.748188","-92.814781","2024-08-13","MNPCA",NA,NA,NA,NA,NA,NA,NA,NA,NA,NA,NA,NA,NA,0.61,NA,0.555,NA,NA,NA,NA,3.37,NA,1.43,NA,NA,NA,NA,NA,NA,1.37,NA,11,NA,NA
"672","MNPCA-S016-671","44.748188","-92.814781","2024-08-21","MNPCA",NA,NA,NA,NA,NA,NA,NA,NA,NA,NA,NA,NA,NA,0.584,NA,0.621,NA,NA,NA,NA,3.56,NA,1.5,NA,NA,NA,NA,NA,NA,1.4,NA,11,NA,NA
"673","MNPCA-S016-671","44.748188","-92.814781","2024-09-09","MNPCA",NA,NA,NA,NA,NA,NA,NA,NA,NA,NA,NA,NA,NA,0.677,NA,0.843,NA,NA,NA,NA,5.44,NA,2.1,NA,NA,NA,NA,NA,NA,2.4,NA,19.3,NA,NA
"674","MNPCA-S016-704","46.85166","-92.11111","2024-05-14","MNPCA",NA,NA,NA,NA,NA,NA,NA,NA,NA,NA,NA,NA,NA,0.865,NA,1.16,NA,NA,NA,NA,1.88,NA,1.05,NA,NA,NA,NA,NA,NA,1.34,NA,5,NA,NA
"675","MNPCA-S016-782","46.657839","-92.238361","2022-09-26","MNPCA",NA,NA,NA,NA,NA,NA,NA,NA,NA,NA,7.62,NA,NA,33,NA,495,NA,NA,NA,NA,81,460,111,NA,NA,NA,NA,NA,NA,145,NA,47.6,42.1,4600
"676","MNPCA-S016-783","46.65701","-92.233022","2022-09-26","MNPCA",NA,NA,NA,NA,NA,NA,NA,NA,NA,NA,NA,NA,NA,5.95,NA,71.2,NA,NA,NA,NA,16.8,0.514,13.1,NA,NA,NA,NA,NA,NA,20.4,NA,12.2,7.77,72.7
"677","MNPCA-S016-787","46.653656","-92.227015","2022-09-26","MNPCA",NA,NA,NA,NA,NA,NA,NA,NA,NA,NA,NA,NA,NA,3.42,NA,39.1,NA,NA,NA,NA,7.57,NA,6.46,NA,NA,NA,NA,NA,NA,11.4,NA,8.39,6.37,34.7
"678","MNPCA-S016-788","46.657026","-92.235846","2022-09-26","MNPCA",NA,NA,NA,NA,NA,NA,NA,NA,NA,NA,NA,NA,NA,71.5,NA,1870,NA,NA,11.1,NA,151,126,282,NA,NA,NA,NA,NA,NA,332,NA,94.9,87.2,4530
"679","MNPCA-S016-789","46.657068","-92.235325","2022-09-26","MNPCA",NA,NA,NA,NA,NA,NA,NA,NA,NA,NA,4.19,NA,NA,95.2,NA,2420,NA,NA,13.4,NA,163,76.3,362,NA,NA,NA,NA,NA,NA,345,NA,119,92.5,5490
"680","MNPCA-S016-790","46.656828","-92.232522","2022-09-26","MNPCA",NA,NA,NA,NA,NA,NA,NA,NA,NA,NA,NA,NA,NA,5.74,NA,72.8,NA,NA,NA,NA,16.1,0.475,13.2,NA,NA,NA,NA,NA,NA,21.2,NA,13,8.35,73.3
"681","MNPCA-S016-841","44.0567","-91.6371","2024-05-13","MNPCA",NA,NA,NA,NA,NA,NA,NA,NA,NA,NA,NA,NA,NA,0.408,NA,0.299,NA,NA,NA,NA,1.69,NA,0.793,NA,NA,NA,NA,NA,NA,0.644,NA,6.97,NA,NA
"682","MNPCA-S016-841","44.0567","-91.6371","2024-07-17","MNPCA",NA,NA,NA,NA,NA,NA,NA,NA,NA,NA,NA,NA,NA,0.667,NA,NA,NA,NA,NA,NA,1.8,NA,0.916,NA,NA,NA,NA,NA,NA,0.866,NA,10,NA,NA
"683","MNPCA-S016-841","44.0567","-91.6371","2024-08-13","MNPCA",NA,NA,NA,NA,NA,NA,NA,NA,NA,NA,NA,NA,NA,0.558,NA,0.447,NA,NA,NA,NA,2.37,NA,1.42,NA,NA,NA,NA,NA,NA,1.34,NA,10.8,NA,NA
"684","MNPCA-S016-841","44.0567","-91.6371","2024-09-11","MNPCA",NA,NA,NA,NA,NA,NA,NA,NA,NA,NA,NA,NA,NA,0.8725,NA,0.6825,NA,NA,NA,NA,2.73,NA,1.855,NA,NA,NA,NA,NA,NA,1.39,NA,11.8,NA,NA
"685","MNPCA-S016-884","44.905849","-93.193958","2024-07-22","MNPCA",NA,NA,NA,NA,NA,NA,NA,NA,NA,NA,NA,NA,NA,0.81,NA,0.332,NA,NA,NA,NA,1.02,NA,1.15,NA,NA,NA,NA,NA,NA,1.03,NA,8.45,NA,NA
"686","MNPCA-S016-884","44.905849","-93.193958","2024-08-12","MNPCA",NA,NA,NA,NA,NA,NA,NA,NA,NA,NA,NA,NA,NA,0.596,NA,0.254,NA,NA,NA,NA,0.691,NA,0.791,NA,NA,NA,NA,NA,NA,0.654,NA,6.91,NA,NA
"687","MNPCA-S016-884","44.905849","-93.193958","2024-09-09","MNPCA",NA,NA,NA,NA,NA,NA,NA,NA,NA,NA,NA,NA,NA,0.443,NA,0.292,NA,NA,NA,NA,0.821,NA,0.975,NA,NA,NA,NA,NA,NA,0.974,NA,9.19,NA,NA
"688","MNPCA-S016-884","44.905849","-93.193958","2024-09-26","MNPCA",NA,NA,NA,NA,NA,NA,NA,NA,NA,NA,NA,NA,NA,0.383,NA,0.298,NA,NA,NA,NA,0.861,NA,0.842,NA,NA,NA,NA,NA,NA,0.87,NA,9.16,NA,NA
"689","MNPCA-S016-884","44.905849","-93.193958","2024-09-30","MNPCA",NA,NA,NA,NA,NA,NA,NA,NA,NA,NA,NA,NA,NA,0.854,0.176,0.791,NA,NA,0.508,NA,1.16,NA,1.53,NA,NA,NA,NA,NA,NA,1.27,NA,7.99,NA,NA
"690","MNPCA-S017-278","44.613298","-92.619241","2024-05-14","MNPCA",NA,NA,NA,NA,NA,NA,NA,NA,NA,NA,NA,NA,NA,0.381,NA,0.354,NA,NA,NA,NA,2,NA,0.864,NA,NA,NA,NA,NA,NA,0.736,NA,8.64,NA,NA
"691","MNPCA-S017-278","44.613298","-92.619241","2024-07-16","MNPCA",NA,NA,NA,NA,NA,NA,NA,NA,NA,NA,NA,NA,NA,0.57,NA,0.216,NA,NA,NA,NA,2.21,NA,1.01,NA,NA,NA,NA,NA,NA,0.93,NA,11.2,NA,NA
"692","MNPCA-S017-278","44.613298","-92.619241","2024-08-13","MNPCA",NA,NA,NA,NA,NA,NA,NA,NA,NA,NA,NA,NA,NA,0.652,NA,0.475,NA,NA,NA,NA,3.14,NA,1.58,NA,NA,NA,NA,NA,NA,1.26,NA,12.8,NA,NA
"693","MNPCA-S017-278","44.613298","-92.619241","2024-09-10","MNPCA",NA,NA,NA,NA,NA,NA,NA,NA,NA,NA,NA,NA,NA,0.761,NA,0.845,NA,NA,NA,NA,3.36,NA,2.23,NA,NA,NA,NA,NA,NA,1.85,NA,15.9,NA,NA
"694","MNPCA-S017-279","44.410198","-92.092785","2024-05-13","MNPCA",NA,NA,NA,NA,NA,NA,NA,NA,NA,NA,NA,NA,NA,0.452,NA,0.429,NA,NA,NA,NA,1.86,NA,1.07,NA,NA,NA,NA,NA,NA,0.742,NA,7.85,NA,NA
"695","MNPCA-S017-279","44.410198","-92.092785","2024-07-16","MNPCA",NA,NA,NA,NA,NA,NA,NA,NA,NA,NA,NA,NA,NA,0.528,NA,0.187,NA,NA,NA,NA,1.95,NA,1.03,NA,NA,NA,NA,NA,NA,0.888,NA,11,NA,NA
"696","MNPCA-S017-279","44.410198","-92.092785","2024-08-14","MNPCA",NA,NA,NA,NA,NA,NA,NA,NA,NA,NA,NA,NA,NA,0.665,NA,0.529,NA,NA,NA,NA,2.58,NA,1.57,NA,NA,NA,NA,NA,NA,1.3,NA,12.2,NA,NA
"697","MNPCA-S017-279","44.410198","-92.092785","2024-09-11","MNPCA",NA,NA,NA,NA,NA,NA,NA,NA,NA,NA,NA,NA,NA,0.93,NA,0.83,NA,NA,NA,NA,3.66,NA,2.45,NA,NA,NA,NA,NA,NA,1.78,NA,15.8,NA,NA
"698","MNPCA-S017-280","43.776342","-91.246194","2024-05-13","MNPCA",NA,NA,NA,NA,NA,NA,NA,NA,NA,NA,NA,NA,NA,0.489,NA,0.316,NA,NA,NA,NA,1.6,NA,0.81,NA,NA,NA,NA,NA,NA,0.707,NA,6.14,NA,NA
"699","MNPCA-S017-280","43.776342","-91.246194","2024-07-16","MNPCA",NA,NA,NA,NA,NA,NA,NA,NA,NA,NA,NA,NA,NA,0.678,NA,0.299,NA,NA,NA,NA,1.83,NA,0.941,NA,NA,NA,NA,NA,NA,0.831,NA,9.95,NA,NA
"700","MNPCA-S017-280","43.776342","-91.246194","2024-08-13","MNPCA",NA,NA,NA,NA,NA,NA,NA,NA,NA,NA,NA,NA,NA,0.602,NA,0.47,NA,NA,NA,NA,2.45,NA,1.18,NA,NA,NA,NA,NA,NA,1.09,NA,10.2,NA,NA
"701","MNPCA-S017-280","43.776342","-91.246194","2024-09-10","MNPCA",NA,NA,NA,NA,NA,NA,NA,NA,NA,NA,NA,NA,NA,0.371,NA,0.38,NA,NA,NA,NA,2.53,NA,1.02,NA,NA,NA,NA,NA,NA,1.35,NA,12.2,NA,NA
"702","MNPCA-S017-281","43.500363","-91.21645","2024-05-13","MNPCA",NA,NA,NA,NA,NA,NA,NA,NA,NA,NA,NA,NA,NA,NA,NA,NA,NA,NA,NA,NA,1.58,NA,0.74,NA,NA,NA,NA,NA,NA,0.723,NA,6.16,NA,NA
"703","MNPCA-S017-281","43.500363","-91.21645","2024-07-16","MNPCA",NA,NA,NA,NA,NA,NA,NA,NA,NA,NA,NA,NA,NA,0.595,NA,NA,NA,NA,NA,NA,1.75,NA,0.932,NA,NA,NA,NA,NA,NA,0.927,NA,9.36,NA,NA
"704","MNPCA-S017-281","43.500363","-91.21645","2024-08-13","MNPCA",NA,NA,NA,NA,NA,NA,NA,NA,NA,NA,NA,NA,NA,0.451,NA,0.422,NA,NA,NA,NA,2.34,NA,1.19,NA,NA,NA,NA,NA,NA,1.14,NA,9.95,NA,NA
"705","MNPCA-S017-281","43.500363","-91.21645","2024-09-17","MNPCA",NA,NA,NA,NA,NA,NA,NA,NA,NA,NA,NA,NA,NA,0.766,NA,0.759,NA,NA,NA,NA,2.59,NA,1.79,NA,NA,NA,NA,NA,NA,1.44,NA,11.3,NA,NA
"706","MNPCA-S017-281","43.500363","-91.21645","2024-10-03","MNPCA",NA,NA,NA,NA,NA,NA,NA,NA,NA,NA,NA,NA,NA,0.728,NA,0.692,NA,NA,NA,NA,2.42,NA,1.58,NA,NA,NA,NA,NA,NA,1.56,NA,10.4,NA,NA
"707","MNPCA-S017-313","47.239728","-95.158181","2024-05-28","MNPCA",NA,NA,NA,NA,NA,NA,NA,NA,NA,NA,NA,NA,NA,NA,NA,NA,NA,NA,NA,NA,NA,NA,NA,NA,NA,NA,NA,NA,NA,NA,NA,0.461,NA,NA
"708","MNPCA-S017-313","47.239728","-95.158181","2024-06-05","MNPCA",NA,NA,NA,NA,NA,NA,NA,NA,NA,NA,NA,NA,NA,NA,NA,NA,NA,NA,NA,NA,NA,NA,NA,NA,NA,NA,NA,NA,NA,NA,NA,0.484,NA,NA
"709","MNPCA-S017-313","47.239728","-95.158181","2024-07-01","MNPCA",NA,NA,NA,NA,NA,NA,NA,NA,NA,NA,NA,NA,NA,NA,NA,NA,NA,NA,NA,NA,NA,NA,NA,NA,NA,NA,NA,NA,NA,NA,NA,0.558,NA,NA
"710","MNPCA-S017-315","46.856891","-92.096639","2024-05-14","MNPCA",NA,NA,NA,NA,NA,NA,NA,NA,NA,NA,NA,NA,NA,0.891,NA,0.767,NA,NA,NA,NA,1.89,NA,2.2,NA,NA,NA,NA,NA,NA,1.09,NA,8.48,NA,NA
"711","MNPCA-S017-316","46.855012","-92.103214","2024-05-14","MNPCA",NA,NA,NA,NA,NA,NA,NA,NA,NA,NA,NA,NA,NA,0.692,NA,0.755,NA,NA,NA,NA,1.93,0.155,1.07,NA,NA,NA,NA,NA,NA,1.38,NA,5.12,NA,NA
"712","MNPCA-S017-317","46.838223","-92.092966","2024-05-14","MNPCA",NA,NA,NA,NA,NA,NA,NA,NA,NA,NA,NA,NA,NA,1,NA,9.08,NA,NA,NA,NA,1.98,NA,1.46,NA,NA,NA,NA,NA,NA,2.48,NA,4.23,NA,NA
"713","MNPCA-S017-318","46.852151","-92.112625","2024-05-14","MNPCA",NA,NA,NA,NA,NA,NA,NA,NA,NA,NA,NA,NA,NA,1.49,0.22,16.4,NA,NA,NA,NA,2.9,NA,1.89,NA,NA,NA,NA,NA,NA,3.97,NA,4.42,NA,NA
"714","MNPCA-S017-319","46.841773","-92.100475","2024-05-14","MNPCA",NA,NA,NA,NA,NA,NA,NA,NA,NA,NA,NA,NA,NA,0.936,0.149,10.9,NA,NA,NA,NA,2.37,NA,1.34,NA,NA,NA,NA,NA,NA,2.65,NA,4.51,NA,NA
"715","SOUTHUTE-AR 10-8","37.126944","-107.891944","2024-04-16","SOUTHUTE",0,NA,NA,0,0,0,0,0,NA,NA,NA,NA,NA,NA,NA,NA,NA,NA,NA,NA,NA,0,NA,NA,NA,0,0,26,23.3,NA,NA,NA,NA,NA
"716","SOUTHUTE-AR 10-8","37.126944","-107.891944","2024-10-28","SOUTHUTE",0,NA,NA,NA,0,0.345,0,0,NA,NA,NA,NA,NA,NA,NA,NA,NA,NA,NA,NA,NA,12.6,NA,NA,NA,0,0,35.9,28,NA,NA,NA,NA,NA
"717","SOUTHUTE-AR 10-8","37.126944","-107.891944","2025-04-08","SOUTHUTE",NA,NA,NA,0.38,NA,NA,NA,NA,NA,NA,NA,NA,NA,NA,NA,NA,NA,NA,NA,NA,NA,NA,NA,NA,NA,NA,NA,56.8,20.7,NA,NA,NA,NA,NA
"718","SOUTHUTE-AR 10-8","37.126944","-107.891944","2025-06-16","SOUTHUTE",0,0,NA,0,0,0.34,0,0,NA,NA,NA,NA,NA,NA,NA,NA,NA,NA,NA,NA,NA,0,NA,NA,NA,0,0,37.9,25.7,NA,NA,NA,NA,NA
"719","SOUTHUTE-AR 15-4","37.187051","-107.878685","2023-12-04","SOUTHUTE",0,NA,NA,0,0,0,0,0,NA,NA,NA,NA,NA,NA,NA,NA,NA,NA,NA,NA,NA,0,NA,NA,NA,0,0,22.1,20,NA,NA,NA,NA,NA
"720","SOUTHUTE-AR 15-4","37.187051","-107.878685","2024-04-16","SOUTHUTE",0,NA,NA,0,0,0,0,0,NA,NA,NA,NA,NA,NA,NA,NA,NA,NA,NA,NA,NA,0,NA,NA,NA,0,0,34.25,31.4,NA,NA,NA,NA,NA
"721","SOUTHUTE-AR 15-4","37.187051","-107.878685","2024-10-28","SOUTHUTE",0,NA,NA,NA,0,0.35,0,0,NA,NA,NA,NA,NA,NA,NA,NA,NA,NA,NA,NA,NA,13.95,NA,NA,NA,0,0,34.8,30.6,NA,NA,NA,NA,NA
"722","SOUTHUTE-AR 15-4","37.187051","-107.878685","2025-04-08","SOUTHUTE",NA,NA,NA,0.37,NA,NA,NA,NA,NA,NA,NA,NA,NA,NA,NA,NA,NA,NA,NA,NA,NA,0.44,NA,NA,NA,NA,NA,59,21.5,NA,NA,NA,NA,NA
"723","SOUTHUTE-AR 15-4","37.187051","-107.878685","2025-06-16","SOUTHUTE",0,0,NA,0,0,0.36,0,0,NA,NA,NA,NA,NA,NA,NA,NA,NA,NA,NA,NA,NA,0,NA,NA,NA,0,0,36.95,27.9,NA,NA,NA,NA,NA
"724","SOUTHUTE-AR 2-7","37.03226","-107.8754","2023-12-04","SOUTHUTE",0,NA,NA,0,0,0,0,0,NA,NA,NA,NA,NA,NA,NA,NA,NA,NA,NA,NA,NA,0,NA,NA,NA,0,0,22.8,21.3,NA,NA,NA,NA,NA
"725","SOUTHUTE-AR 2-7","37.03226","-107.8754","2024-04-16","SOUTHUTE",0,NA,NA,0,0,0,0,0,NA,NA,NA,NA,NA,NA,NA,NA,NA,NA,NA,NA,NA,0,NA,NA,NA,0,0,30.3,21.7,NA,NA,NA,NA,NA
"726","SOUTHUTE-AR 2-7","37.03226","-107.8754","2024-10-28","SOUTHUTE",0,NA,NA,NA,0,0.445,0,0,NA,NA,NA,NA,NA,NA,NA,NA,NA,NA,NA,NA,NA,13.5,NA,NA,NA,0,0,36.6,28,NA,NA,NA,NA,NA
"727","SOUTHUTE-AR 2-7","37.03226","-107.8754","2025-04-08","SOUTHUTE",NA,NA,NA,0.37,NA,NA,NA,NA,NA,NA,NA,NA,NA,NA,NA,NA,NA,NA,NA,NA,NA,NA,NA,NA,NA,NA,NA,60.6,23.6,NA,NA,NA,NA,NA
"728","SOUTHUTE-AR 2-7","37.03226","-107.8754","2025-06-16","SOUTHUTE",0,0,NA,0,0,0.375,0,0,NA,NA,NA,NA,NA,NA,NA,NA,NA,NA,NA,NA,NA,0,NA,NA,NA,0,0,38,26.7,NA,NA,NA,NA,NA
"729","SOUTHUTE-FLR 1-2","37.062072","-107.867906","2023-12-04","SOUTHUTE",0,NA,NA,0,0,1.8,0,0,NA,NA,NA,NA,NA,NA,NA,NA,NA,NA,NA,NA,NA,0,NA,NA,NA,0,0,31.65,27.7,NA,NA,NA,NA,NA
"730","SOUTHUTE-FLR 1-2","37.062072","-107.867906","2024-04-16","SOUTHUTE",0,NA,NA,0,0,0.75,0,0,NA,NA,NA,NA,NA,NA,NA,NA,NA,NA,NA,NA,NA,0,NA,NA,NA,0,0,24.3,22.2,NA,NA,NA,NA,NA
"731","SOUTHUTE-FLR 1-2","37.062072","-107.867906","2024-10-28","SOUTHUTE",0,NA,NA,NA,0,1.85,0,0,NA,NA,NA,NA,NA,NA,NA,NA,NA,NA,NA,NA,NA,13.5,NA,NA,NA,0,0,35.6,30,NA,NA,NA,NA,NA
"732","SOUTHUTE-FLR 1-2","37.062072","-107.867906","2025-04-08","SOUTHUTE",NA,NA,NA,0.38,NA,3.4,NA,NA,NA,NA,NA,NA,NA,NA,NA,NA,NA,NA,NA,NA,NA,NA,NA,NA,NA,NA,NA,68.4,25.4,NA,NA,NA,NA,NA
"733","SOUTHUTE-FLR 1-2","37.062072","-107.867906","2025-06-16","SOUTHUTE",0,0,NA,0,0,0.8,0,0,NA,NA,NA,NA,NA,NA,NA,NA,NA,NA,NA,NA,NA,0.41,NA,NA,NA,0,0,31.7,21.9,NA,NA,NA,NA,NA
"734","TEPA29-SW-1F","33.717253","-116.194546","2023-03-14","TEPA29",NA,NA,NA,NA,NA,NA,NA,NA,NA,NA,NA,NA,NA,NA,NA,NA,NA,NA,NA,NA,NA,NA,NA,NA,0,NA,NA,NA,NA,NA,NA,NA,NA,NA
"735","TEPA29-SW-1F","33.717253","-116.194546","2024-06-18","TEPA29",NA,NA,NA,NA,NA,NA,NA,NA,NA,NA,NA,NA,NA,NA,NA,NA,NA,NA,NA,NA,NA,NA,NA,NA,0,NA,NA,NA,NA,NA,NA,NA,NA,NA
"736","USGS-03270000","39.79728106","-84.088548","2018-08-28","USGS-OH",NA,NA,NA,NA,0,NA,NA,NA,NA,NA,0,NA,NA,0,NA,NA,NA,NA,NA,NA,NA,0,NA,NA,NA,NA,NA,NA,NA,0,NA,0,0,NA
"737","USGS-394755084050400","39.79866996","-84.0843812","2018-08-27","USGS-OH",NA,NA,NA,NA,0,NA,NA,NA,NA,NA,0,NA,NA,0,NA,NA,NA,NA,NA,NA,NA,0,NA,NA,NA,NA,NA,NA,NA,0,NA,0,NA,0
"738","USGS-394805084052300","39.8013","-84.0896","2018-08-28","USGS-OH",NA,NA,NA,NA,0,NA,NA,NA,NA,NA,0,NA,NA,0,NA,NA,NA,NA,NA,NA,NA,0,NA,NA,NA,NA,NA,NA,NA,NA,NA,0,0,NA
"739","USGS-394831084050600","39.8086","-84.0851","2018-08-27","USGS-OH",NA,NA,NA,NA,0,NA,NA,NA,NA,NA,0,NA,NA,NA,NA,NA,NA,NA,NA,NA,NA,0,NA,NA,NA,NA,NA,NA,NA,NA,NA,NA,NA,NA
"740","USGS-394832084050700","39.809","-84.0852","2018-08-27","USGS-OH",NA,NA,NA,NA,0,NA,NA,NA,NA,NA,0,NA,NA,0,NA,NA,NA,NA,NA,NA,NA,0,NA,NA,NA,NA,NA,NA,NA,0,NA,0,0,NA
"741","USGS-394919084035700","39.8219","-84.0657","2018-08-27","USGS-OH",NA,NA,NA,NA,NA,NA,NA,NA,NA,NA,0,NA,NA,NA,NA,NA,NA,NA,NA,NA,NA,0,NA,NA,NA,NA,NA,NA,NA,NA,NA,NA,NA,NA
"742","USGS-394919084040500","39.822","-84.068","2018-08-27","USGS-OH",NA,NA,NA,NA,0,NA,NA,NA,NA,NA,0,NA,NA,0,NA,NA,NA,NA,NA,NA,NA,0,NA,NA,NA,NA,NA,NA,NA,0,NA,0,0,NA
"743","UWT_CUW-BuddInle","47.06035","-122.91503","2018-05-09","UWT_CUW",NA,NA,NA,NA,NA,NA,NA,NA,NA,NA,NA,NA,NA,NA,NA,2.11225553622093,NA,NA,NA,NA,NA,NA,NA,NA,NA,NA,NA,NA,NA,NA,NA,NA,NA,NA
"744","UWT_CUW-BuddInle","47.06035","-122.91503","2018-08-22","UWT_CUW",NA,NA,NA,NA,NA,NA,NA,NA,NA,NA,NA,NA,NA,NA,NA,0.945921774304965,NA,NA,NA,NA,NA,NA,NA,NA,NA,NA,NA,NA,NA,NA,NA,NA,NA,NA
"745","UWT_CUW-CommBayT","47.25919","-122.43469","2018-05-09","UWT_CUW",NA,NA,NA,NA,NA,NA,NA,NA,NA,NA,NA,NA,NA,NA,NA,1.15926988410355,NA,NA,NA,NA,NA,NA,NA,NA,NA,NA,NA,NA,NA,NA,NA,NA,NA,NA
"746","UWT_CUW-SalmonBa","47.6663","-122.4018","2018-08-22","UWT_CUW",NA,NA,NA,NA,NA,NA,NA,NA,NA,NA,NA,NA,NA,NA,NA,1.00562205960149,NA,NA,NA,NA,NA,NA,NA,NA,NA,NA,NA,NA,NA,NA,NA,NA,NA,NA
"747","UWT_CUW-SmithCov","47.63237","-122.37868","2018-05-09","UWT_CUW",NA,NA,NA,NA,NA,NA,NA,NA,NA,NA,NA,NA,NA,2.30526355369707,NA,43.1688433724541,NA,NA,NA,NA,5.22075826931691,NA,2.56827049461131,NA,NA,NA,NA,NA,NA,10.9024650541436,NA,NA,NA,NA
"748","UWT_CUW-SmithCov","47.63237","-122.37868","2018-06-18","UWT_CUW",NA,NA,NA,NA,NA,NA,NA,NA,NA,NA,NA,NA,NA,NA,NA,12.6601327474556,NA,NA,NA,NA,1.95785472041225,NA,0.992845743812654,NA,NA,NA,NA,NA,NA,3.83092644830822,NA,NA,NA,NA
"749","UWT_CUW-SmithCov","47.63237","-122.37868","2018-08-22","UWT_CUW",NA,NA,NA,NA,NA,NA,NA,NA,NA,NA,NA,NA,NA,3.76623983564047,NA,42.1057331545175,NA,NA,NA,NA,7.14578771033373,NA,1.97629871548043,NA,NA,NA,NA,NA,NA,13.8247798948262,NA,NA,NA,NA
"750","WYDEQ_WATERSHED-MRC0135","44.51483","-107.52444","2023-07-12","WYDEQ_WATERSHED",NA,NA,NA,NA,NA,0,NA,NA,NA,NA,NA,NA,NA,NA,NA,NA,NA,NA,NA,NA,NA,NA,NA,NA,NA,NA,NA,NA,NA,NA,NA,NA,NA,NA
"751","WYDEQ_WATERSHED-MRC0136","44.69916","-107.48174","2023-07-24","WYDEQ_WATERSHED",NA,NA,NA,NA,NA,0,NA,NA,NA,NA,NA,NA,NA,NA,NA,NA,NA,NA,NA,NA,NA,NA,NA,NA,NA,NA,NA,NA,NA,NA,NA,NA,NA,NA
"752","WYDEQ_WATERSHED-MRC0137","44.11833","-106.94448","2023-08-30","WYDEQ_WATERSHED",NA,NA,NA,NA,NA,0,NA,NA,NA,NA,NA,NA,NA,NA,NA,NA,NA,NA,NA,NA,NA,NA,NA,NA,NA,NA,NA,NA,NA,NA,NA,NA,NA,NA
"753","WYDEQ_WATERSHED-MRW0283","44.8456","-109.494","2023-07-26","WYDEQ_WATERSHED",NA,NA,NA,NA,NA,0,NA,NA,NA,NA,NA,NA,NA,NA,NA,NA,NA,NA,NA,NA,NA,NA,NA,NA,NA,NA,NA,NA,NA,NA,NA,NA,NA,NA
"754","WYDEQ_WATERSHED-MRW0284","44.3196","-110.575","2023-08-09","WYDEQ_WATERSHED",NA,NA,NA,NA,NA,0,NA,NA,NA,NA,NA,NA,NA,NA,NA,NA,NA,NA,NA,NA,NA,NA,NA,NA,NA,NA,NA,NA,NA,NA,NA,NA,NA,NA
"755","WYDEQ_WATERSHED-MRW0286","42.620102","-109.188267","2023-08-08","WYDEQ_WATERSHED",NA,NA,NA,NA,NA,0,NA,NA,NA,NA,NA,NA,NA,NA,NA,NA,NA,NA,NA,NA,NA,NA,NA,NA,NA,NA,NA,NA,NA,NA,NA,NA,NA,NA
"756","WYDEQ_WATERSHED-MRW0287","43.754961","-109.592263","2023-08-15","WYDEQ_WATERSHED",NA,NA,NA,NA,NA,0,NA,NA,NA,NA,NA,NA,NA,NA,NA,NA,NA,NA,NA,NA,NA,NA,NA,NA,NA,NA,NA,NA,NA,NA,NA,NA,NA,NA
"757","WYDEQ_WATERSHED-MRW0288","44.94782","-109.36457","2024-07-23","WYDEQ_WATERSHED",NA,NA,NA,NA,NA,0,NA,NA,NA,NA,NA,NA,NA,NA,NA,NA,NA,NA,NA,NA,NA,NA,NA,NA,NA,NA,NA,NA,NA,NA,NA,NA,NA,NA
"758","WYDEQ_WATERSHED-MRW0289","43.42933","-110.64496","2024-07-30","WYDEQ_WATERSHED",NA,NA,NA,NA,NA,0,NA,NA,NA,NA,NA,NA,NA,NA,NA,NA,NA,NA,NA,NA,NA,NA,NA,NA,NA,NA,NA,NA,NA,NA,NA,NA,NA,NA
"759","WYDEQ_WATERSHED-MRW0290","43.7342","-110.20978","2024-07-31","WYDEQ_WATERSHED",NA,NA,NA,NA,NA,0,NA,NA,NA,NA,NA,NA,NA,NA,NA,NA,NA,NA,NA,NA,NA,NA,NA,NA,NA,NA,NA,NA,NA,NA,NA,NA,NA,NA
"760","WYDEQ_WATERSHED-MRW0291","44.64907","-110.95762","2024-08-06","WYDEQ_WATERSHED",NA,NA,NA,NA,NA,0,NA,NA,NA,NA,NA,NA,NA,NA,NA,NA,NA,NA,NA,NA,NA,NA,NA,NA,NA,NA,NA,NA,NA,NA,NA,NA,NA,NA
"761","WYDEQ_WATERSHED-NGP0282","43.95135","-105.39352","2023-06-13","WYDEQ_WATERSHED",NA,NA,NA,NA,NA,0,NA,NA,NA,NA,NA,NA,NA,NA,NA,NA,NA,NA,NA,NA,NA,NA,NA,NA,NA,NA,NA,NA,NA,NA,NA,NA,NA,NA
"762","WYDEQ_WATERSHED-NGP0283","44.37745","-106.68274","2023-08-28","WYDEQ_WATERSHED",NA,NA,NA,NA,NA,0,NA,NA,NA,NA,NA,NA,NA,NA,NA,NA,NA,NA,NA,NA,NA,NA,NA,NA,NA,NA,NA,NA,NA,NA,NA,NA,NA,NA
"763","WYDEQ_WATERSHED-NGP0285","43.61835","-104.20883","2024-06-03","WYDEQ_WATERSHED",NA,NA,NA,NA,NA,0,NA,NA,NA,NA,NA,NA,NA,NA,NA,NA,NA,NA,NA,NA,NA,NA,NA,NA,NA,NA,NA,NA,NA,NA,NA,NA,NA,NA
"764","WYDEQ_WATERSHED-NGP0285","43.61835","-104.20883","2024-07-15","WYDEQ_WATERSHED",NA,NA,NA,NA,NA,0,NA,NA,NA,NA,NA,NA,NA,NA,NA,NA,NA,NA,NA,NA,NA,NA,NA,NA,NA,NA,NA,NA,NA,NA,NA,NA,NA,NA
"765","WYDEQ_WATERSHED-NGP0286","44.72544","-106.26974","2024-08-07","WYDEQ_WATERSHED",NA,NA,NA,NA,NA,0,NA,NA,NA,NA,NA,NA,NA,NA,NA,NA,NA,NA,NA,NA,NA,NA,NA,NA,NA,NA,NA,NA,NA,NA,NA,NA,NA,NA
"766","WYDEQ_WATERSHED-NGP0287","44.75508","-107.09137","2024-08-05","WYDEQ_WATERSHED",NA,NA,NA,NA,NA,0,NA,NA,NA,NA,NA,NA,NA,NA,NA,NA,NA,NA,NA,NA,NA,NA,NA,NA,NA,NA,NA,NA,NA,NA,NA,NA,NA,NA
"767","WYDEQ_WATERSHED-NGP0288","43.70398","-106.65977","2024-07-17","WYDEQ_WATERSHED",NA,NA,NA,NA,NA,0,NA,NA,NA,NA,NA,NA,NA,NA,NA,NA,NA,NA,NA,NA,NA,NA,NA,NA,NA,NA,NA,NA,NA,NA,NA,NA,NA,NA
"768","WYDEQ_WATERSHED-NGP0289","44.85475","-104.23228","2024-06-04","WYDEQ_WATERSHED",NA,NA,NA,NA,NA,0,NA,NA,NA,NA,NA,NA,NA,NA,NA,NA,NA,NA,NA,NA,NA,NA,NA,NA,NA,NA,NA,NA,NA,NA,NA,NA,NA,NA
"769","WYDEQ_WATERSHED-NGP0290","42.47809","-104.94612","2024-07-21","WYDEQ_WATERSHED",NA,NA,NA,NA,NA,0,NA,NA,NA,NA,NA,NA,NA,NA,NA,NA,NA,NA,NA,NA,NA,NA,NA,NA,NA,NA,NA,NA,NA,NA,NA,NA,NA,NA
"770","WYDEQ_WATERSHED-NGP0291","42.36369","-104.90809","2024-07-21","WYDEQ_WATERSHED",NA,NA,NA,NA,NA,0,NA,NA,NA,NA,NA,NA,NA,NA,NA,NA,NA,NA,NA,NA,NA,NA,NA,NA,NA,NA,NA,NA,NA,NA,NA,NA,NA,NA
"771","WYDEQ_WATERSHED-SR0112","42.005215","-105.320431","2023-08-21","WYDEQ_WATERSHED",NA,NA,NA,NA,NA,0,NA,NA,NA,NA,NA,NA,NA,NA,NA,NA,NA,NA,NA,NA,NA,NA,NA,NA,NA,NA,NA,NA,NA,NA,NA,NA,NA,NA
"772","WYDEQ_WATERSHED-SR0113","42.729","-106.173","2024-07-08","WYDEQ_WATERSHED",NA,NA,NA,NA,NA,0,NA,NA,NA,NA,NA,NA,NA,NA,NA,NA,NA,NA,NA,NA,NA,NA,NA,NA,NA,NA,NA,NA,NA,NA,NA,NA,NA,NA
"773","WYDEQ_WATERSHED-SR0114","41.124377","-106.0144468","2024-07-15","WYDEQ_WATERSHED",NA,NA,NA,NA,NA,0,NA,NA,NA,NA,NA,NA,NA,NA,NA,NA,NA,NA,NA,NA,NA,NA,NA,NA,NA,NA,NA,NA,NA,NA,NA,NA,NA,NA
"774","WYDEQ_WATERSHED-SR0115","42.005618","-105.261563","2024-07-16","WYDEQ_WATERSHED",NA,NA,NA,NA,NA,0,NA,NA,NA,NA,NA,NA,NA,NA,NA,NA,NA,NA,NA,NA,NA,NA,NA,NA,NA,NA,NA,NA,NA,NA,NA,NA,NA,NA
"775","WYDEQ_WATERSHED-SR0116","42.214352","-105.505137","2024-08-14","WYDEQ_WATERSHED",NA,NA,NA,NA,NA,0,NA,NA,NA,NA,NA,NA,NA,NA,NA,NA,NA,NA,NA,NA,NA,NA,NA,NA,NA,NA,NA,NA,NA,NA,NA,NA,NA,NA
"776","WYDEQ_WATERSHED-SR0117","41.1497","-106.4614","2024-09-09","WYDEQ_WATERSHED",NA,NA,NA,NA,NA,0,NA,NA,NA,NA,NA,NA,NA,NA,NA,NA,NA,NA,NA,NA,NA,NA,NA,NA,NA,NA,NA,NA,NA,NA,NA,NA,NA,NA
"777","WYDEQ_WATERSHED-SR0120","41.08274","-107.388575","2024-09-19","WYDEQ_WATERSHED",NA,NA,NA,NA,NA,0,NA,NA,NA,NA,NA,NA,NA,NA,NA,NA,NA,NA,NA,NA,NA,NA,NA,NA,NA,NA,NA,NA,NA,NA,NA,NA,NA,NA
"778","WYDEQ_WATERSHED-WB0571","42.341387","-108.746481","2023-07-05","WYDEQ_WATERSHED",NA,NA,NA,NA,NA,0,NA,NA,NA,NA,NA,NA,NA,NA,NA,NA,NA,NA,NA,NA,NA,NA,NA,NA,NA,NA,NA,NA,NA,NA,NA,NA,NA,NA
"779","WYDEQ_WATERSHED-WB0572","42.389221","-108.675511","2023-08-29","WYDEQ_WATERSHED",NA,NA,NA,NA,NA,0,NA,NA,NA,NA,NA,NA,NA,NA,NA,NA,NA,NA,NA,NA,NA,NA,NA,NA,NA,NA,NA,NA,NA,NA,NA,NA,NA,NA
"780","WYDEQ_WATERSHED-WB0573","42.510979","-110.189433","2023-09-26","WYDEQ_WATERSHED",NA,NA,NA,NA,NA,0,NA,NA,NA,NA,NA,NA,NA,NA,NA,NA,NA,NA,NA,NA,NA,NA,NA,NA,NA,NA,NA,NA,NA,NA,NA,NA,NA,NA
"781","WYDEQ_WATERSHED-WB0574","41.96586","-106.24928","2023-07-12","WYDEQ_WATERSHED",NA,NA,NA,NA,NA,0,NA,NA,NA,NA,NA,NA,NA,NA,NA,NA,NA,NA,NA,NA,NA,NA,NA,NA,NA,NA,NA,NA,NA,NA,NA,NA,NA,NA
"782","WYDEQ_WATERSHED-WB0575","41.60306","-105.703132","2023-07-31","WYDEQ_WATERSHED",NA,NA,NA,NA,NA,0,NA,NA,NA,NA,NA,NA,NA,NA,NA,NA,NA,NA,NA,NA,NA,NA,NA,NA,NA,NA,NA,NA,NA,NA,NA,NA,NA,NA
"783","WYDEQ_WATERSHED-WB0576","41.406607","-106.8208","2023-07-18","WYDEQ_WATERSHED",NA,NA,NA,NA,NA,0,NA,NA,NA,NA,NA,NA,NA,NA,NA,NA,NA,NA,NA,NA,NA,NA,NA,NA,NA,NA,NA,NA,NA,NA,NA,NA,NA,NA
"784","WYDEQ_WATERSHED-WB0582","41.69606","-110.97992","2024-06-17","WYDEQ_WATERSHED",NA,NA,NA,NA,NA,0,NA,NA,NA,NA,NA,NA,NA,NA,NA,NA,NA,NA,NA,NA,NA,NA,NA,NA,NA,NA,NA,NA,NA,NA,NA,NA,NA,NA
"785","WYDEQ_WATERSHED-WB0583","42.42099","-110.36055","2024-06-18","WYDEQ_WATERSHED",NA,NA,NA,NA,NA,0,NA,NA,NA,NA,NA,NA,NA,NA,NA,NA,NA,NA,NA,NA,NA,NA,NA,NA,NA,NA,NA,NA,NA,NA,NA,NA,NA,NA
"786","WYDEQ_WATERSHED-WB0585","42.34264","-109.51511","2024-08-26","WYDEQ_WATERSHED",NA,NA,NA,NA,NA,0,NA,NA,NA,NA,NA,NA,NA,NA,NA,NA,NA,NA,NA,NA,NA,NA,NA,NA,NA,NA,NA,NA,NA,NA,NA,NA,NA,NA
"787","WYDEQ_WATERSHED-WB0586","43.35077","-110.01225","2024-08-27","WYDEQ_WATERSHED",NA,NA,NA,NA,NA,0,NA,NA,NA,NA,NA,NA,NA,NA,NA,NA,NA,NA,NA,NA,NA,NA,NA,NA,NA,NA,NA,NA,NA,NA,NA,NA,NA,NA
"788","WYDEQ_WATERSHED-WB0587","41.48795","-107.17872","2024-07-28","WYDEQ_WATERSHED",NA,NA,NA,NA,NA,0,NA,NA,NA,NA,NA,NA,NA,NA,NA,NA,NA,NA,NA,NA,NA,NA,NA,NA,NA,NA,NA,NA,NA,NA,NA,NA,NA,NA
"789","WYDEQ_WATERSHED-WB0588","43.72966","-108.58603","2024-07-30","WYDEQ_WATERSHED",NA,NA,NA,NA,NA,0,NA,NA,NA,NA,NA,NA,NA,NA,NA,NA,NA,NA,NA,NA,NA,NA,NA,NA,NA,NA,NA,NA,NA,NA,NA,NA,NA,NA
"790","WYDEQ_WATERSHED-WB0589","44.58647","-108.12365","2024-08-01","WYDEQ_WATERSHED",NA,NA,NA,NA,NA,0,NA,NA,NA,NA,NA,NA,NA,NA,NA,NA,NA,NA,NA,NA,NA,NA,NA,NA,NA,NA,NA,NA,NA,NA,NA,NA,NA,NA
"791","WYDEQ_WATERSHED-WHP0078","42.059701","-105.12071","2023-09-19","WYDEQ_WATERSHED",NA,NA,NA,NA,NA,0,NA,NA,NA,NA,NA,NA,NA,NA,NA,NA,NA,NA,NA,NA,NA,NA,NA,NA,NA,NA,NA,NA,NA,NA,NA,NA,NA,NA
"792","WYDEQ_WATERSHED-WHP0080","42.09892","-104.35275","2023-07-24","WYDEQ_WATERSHED",NA,NA,NA,NA,NA,0,NA,NA,NA,NA,NA,NA,NA,NA,NA,NA,NA,NA,NA,NA,NA,NA,NA,NA,NA,NA,NA,NA,NA,NA,NA,NA,NA,NA
"793","WYDEQ_WATERSHED-WHP0081","41.62","-104.59","2024-07-02","WYDEQ_WATERSHED",NA,NA,NA,NA,NA,0,NA,NA,NA,NA,NA,NA,NA,NA,NA,NA,NA,NA,NA,NA,NA,NA,NA,NA,NA,NA,NA,NA,NA,NA,NA,NA,NA,NA
"794","WYDEQ_WATERSHED-WHP077","41.525159","-104.236082","2023-06-20","WYDEQ_WATERSHED",NA,NA,NA,NA,NA,0,NA,NA,NA,NA,NA,NA,NA,NA,NA,NA,NA,NA,NA,NA,NA,NA,NA,NA,NA,NA,NA,NA,NA,NA,NA,NA,NA,NA
