Article (Author et al YYYY),Sample Name,Sample Type,Latitude,Longitude,Sampling Year,Sample Date (MM/DD/YYY),Sample Time,Analysis Method,Streamflow (m3/s),Sampling Depth (m),PFOS,PFOA,FBSA,PFDA,PFNA,PFHxS,PFHxA,PFHpA,PFHpS,GenX,4:2 FTS,6:2 FTS,8:2 FTS,10:2 FTS,3:3 FTCA,5:3 FTCA,7:3 FTCA,PFPA,PFPeA,PFPeS,PFBS,PFBA,PFMOPrA,PFMOAA,PFO2HxA,PFO3OA,PFO4DA,PFESA BP 1,PFESA BP 2,PFDoS,PFUnDA,FOSAA,N-MeFOSE,NMeFOSAA,NMeFOSA,N-EtFOSE,NEtFOSAA,N-EtFOSA,PFDS,PFTeDA,PFHxDA,PFNS,PFTrDA,PFDoA,PFOSA,9-Cl-PF3ONS,11-Cl-PF3OUdS,PFECA-G,ADONA,PFEESA,NFDHA,PFMBA
WQP_USA_2026,21FLCEN_WQX-G4CE0144,Surface Water,27.91292,-81.35394,,12/18/24,,Unnamed_SPE_LCMS_MS,,,2,4.6,0.8,4,2,1.1,,3.1,0.8,4,2,16,2,,8,,,,6.4,0.4,11,6.7,0.8,,,,,,,,2,,,0.8,,,0.8,,0.4,2,,0.4,2,3.15,0.4,2,2,,0.4,0.8,8,0.8
WQP_USA_2026,21FLCEN_WQX-G4CE0144,Surface Water,27.91292,-81.35394,,02/18/25,,Unnamed_SPE_LCMS_MS,,,2,5.4,0.8,4,2,1.3,,3.5,0.8,4,2,8,2,,8,,,,7.2,0.5,9.9,8.4,0.8,,,,,,,,2,,,0.8,,,0.8,,0.4,2,,0.4,2,3.45,0.4,2,2,,0.4,0.8,8,0.8
WQP_USA_2026,21FLCEN_WQX-G4CE0144,Surface Water,27.91292,-81.35394,,04/17/25,,Unnamed_SPE_LCMS_MS,,,2.1,6.2,0.83,4.2,2.1,1.2,,3.9,0.83,4.2,2.1,8.3,2.1,,8.3,,,,8.5,0.42,11,10,0.83,,,,,,,,2.1,,,0.83,,,0.83,,0.42,2.1,,0.42,2.1,3.8,0.42,2.1,2.1,,0.42,0.83,8.3,0.83
WQP_USA_2026,21FLCEN_WQX-G4CE0144,Surface Water,27.91292,-81.35394,,06/18/25,,Unnamed_SPE_LCMS_MS,,,2,5.7,0.78,3.9,2,1.3,,3.8,0.78,3.9,2,7.8,2,,7.8,,,,6.6,0.39,11,9.9,0.78,,,,,,,,2,,,0.78,,,0.78,,0.39,2,,0.39,2,3.4,0.39,2,2,,0.39,0.78,7.8,0.78
WQP_USA_2026,21FLCEN_WQX-G4CE0206,Surface Water,27.89404,-81.353739,,12/18/24,,Unnamed_SPE_LCMS_MS,,,2,4.2,0.8,4,2,1.1,,3,0.8,4,2,16,2,,8,,,,6,0.4,10,7,0.8,,,,,,,,2,,,0.8,,,0.8,,0.4,2,,0.4,2,3.1,0.4,2,2,,0.4,0.8,8,0.8
WQP_USA_2026,21FLCEN_WQX-G4CE0206,Surface Water,27.89404,-81.353739,,02/18/25,,Unnamed_SPE_LCMS_MS,,,2,5.1,0.8,4,2,1.3,,3.9,0.8,4,2,8,2,,8,,,,7.1,0.48,11,8.2,0.8,,,,,,,,2,,,0.8,,,0.8,,0.4,2,,0.4,2,3.8,0.4,2,2,,0.4,0.8,8,0.8
WQP_USA_2026,21FLCEN_WQX-G4CE0206,Surface Water,27.89404,-81.353739,,04/17/25,,Unnamed_SPE_LCMS_MS,,,2,6.1,0.8,4,2,1.1,,3.7,0.8,4,2,8,2,,8,,,,7.7,0.4,11,9.3,0.8,,,,,,,,2,,,0.8,,,0.8,,0.4,2,,0.4,2,3.4,0.4,2,2,,0.4,0.8,8,0.8
WQP_USA_2026,21FLCEN_WQX-G4CE0206,Surface Water,27.89404,-81.353739,,06/18/25,,Unnamed_SPE_LCMS_MS,,,2,5.7,0.8,4,2,1.2,,3.3,0.8,4,2,8,2,,8,,,,6.7,0.4,9.9,8.5,0.8,,,,,,,,2,,,0.8,,,0.8,,0.4,2,,0.4,2,3.5,0.4,2,2,,0.4,0.8,8,0.8
WQP_USA_2026,21FLCEN_WQX-G4CE0248,Surface Water,27.86965599,-81.346961,,02/18/25,,Unnamed_SPE_LCMS_MS,,,30,270,2,3.8,11,33,,180,1.9,3.8,1.9,7.5,1.9,,7.5,,,,280,5.3,510,120,0.75,,,,,,,,1.9,,,0.75,,,0.75,,0.38,1.9,,0.38,1.9,115.95,0.38,1.9,1.9,,0.38,0.75,7.5,0.75
WQP_USA_2026,21FLCEN_WQX-G4CE0248,Surface Water,27.86965599,-81.346961,,04/17/25,,Unnamed_SPE_LCMS_MS,,,17,310,1.6,4,3.8,40,,220,1.8,4,2,8,2,,8,,,,280,5.6,590,130,0.8,,,,,,,,2,,,0.8,,,0.8,,0.4,2,,0.4,2,116,0.4,2,2,,0.4,0.8,8,0.8
WQP_USA_2026,21FLCEN_WQX-G4CE0248,Surface Water,27.86965599,-81.346961,,06/18/25,,Unnamed_SPE_LCMS_MS,,,46,280,3.4,4,13,33,,200,2,4,2,7.9,2,,7.9,,,,320,4.8,520,130,0.79,,,,,,,,2,,,0.87,,,0.79,,0.4,2,,0.4,2,116,0.4,2,2,,0.4,0.79,7.9,0.79
WQP_USA_2026,21FLCEN_WQX-G4CE0258,Surface Water,27.87347732,-81.34875629,,12/18/24,,Unnamed_SPE_LCMS_MS,,,1.9,7.9,0.75,3.8,1.9,1.6,,5.7,0.75,3.8,1.9,15,1.9,,7.5,,,,11,0.38,19,9.2,0.75,,,,,,,,1.9,,,0.75,,,0.75,,0.38,1.9,,0.38,1.9,4.7,0.38,1.9,1.9,,0.38,0.75,7.5,0.75
WQP_USA_2026,21FLCEN_WQX-G4CE0258,Surface Water,27.87347732,-81.34875629,,02/18/25,,Unnamed_SPE_LCMS_MS,,,2,7,0.8,4,2,1.6,,4.7,0.8,4,2,8,2,,8,,,,9.6,0.4,15,8.9,0.8,,,,,,,,2,,,0.8,,,0.8,,0.4,2,,0.4,2,4.5,0.4,2,2,,0.4,0.8,8,0.8
WQP_USA_2026,21FLCEN_WQX-G4CE0258,Surface Water,27.87347732,-81.34875629,,04/17/25,,Unnamed_SPE_LCMS_MS,,,2.6,9.8,0.81,4.1,2,1.8,,6.6,0.81,4.1,2,8.1,2,,8.1,,,,11,0.41,18,11,0.81,,,,,,,,2,,,0.81,,,0.81,,0.41,2,,0.41,2,5.3,0.41,2,2,,0.41,0.81,8.1,0.81
WQP_USA_2026,21FLCEN_WQX-G4CE0258,Surface Water,27.87347732,-81.34875629,,06/18/25,,Unnamed_SPE_LCMS_MS,,,3.7,13,0.82,4.1,2,2.2,,8.2,0.82,4.1,2,8.2,2,,8.2,,,,15,0.41,25,15,0.82,,,,,,,,2,,,0.82,,,0.82,,0.41,2,,0.41,2,6.5,0.41,2,2,,0.41,0.82,8.2,0.82
WQP_USA_2026,21FLCEN_WQX-G4CE0259,Surface Water,27.87435252,-81.34838763,,12/18/24,,Unnamed_SPE_LCMS_MS,,,2,7.6,0.8,4,2,1.8,,5.3,0.8,4,2,16,2,,8,,,,10,0.4,18,9.4,0.8,,,,,,,,2,,,0.8,,,0.8,,0.4,2,,0.4,2,4.65,0.4,2,2,,0.4,0.8,8,0.8
WQP_USA_2026,21FLCEN_WQX-G4CE0259,Surface Water,27.87435252,-81.34838763,,02/18/25,,Unnamed_SPE_LCMS_MS,,,2,6.7,0.8,4,2,1.4,,3.9,0.8,4,2,8,2,,8,,,,8.7,0.44,13,9.1,0.8,,,,,,,,2,,,0.8,,,0.8,,0.4,2,,0.4,2,3.85,0.4,2,2,,0.4,0.8,8,0.8
WQP_USA_2026,21FLCEN_WQX-G4CE0259,Surface Water,27.87435252,-81.34838763,,04/17/25,,Unnamed_SPE_LCMS_MS,,,2,10,0.8,4,2,1.8,,6.3,0.8,4,2,8,2,,8,,,,12,0.48,20,11,0.8,,,,,,,,2,,,0.8,,,0.8,,0.4,2,,0.4,2,5.7,0.4,2,2,,0.4,0.8,8,0.8
WQP_USA_2026,21FLCEN_WQX-G4CE0259,Surface Water,27.87435252,-81.34838763,,06/18/25,,Unnamed_SPE_LCMS_MS,,,2.4,5.9,0.76,3.8,1.9,1.1,,3.8,0.76,3.8,1.9,7.6,1.9,,7.6,,,,7.2,0.38,11,8.3,0.76,,,,,,,,1.9,,,0.76,,,0.76,,0.38,1.9,,0.38,1.9,3.55,0.38,1.9,1.9,,0.38,0.76,7.6,0.76
WQP_USA_2026,21FLCEN_WQX-G4CE0260,Surface Water,27.89547399,-81.370102,,12/18/24,,Unnamed_SPE_LCMS_MS,,,1.8,4.3,0.73,3.6,1.8,0.88,,3.1,0.73,3.6,1.8,15,1.8,,7.3,,,,6.1,0.36,10,7.4,0.73,,,,,,,,1.8,,,0.73,,,0.73,,0.36,1.8,,0.36,1.8,3,0.36,1.8,1.8,,0.36,0.73,7.3,0.73
WQP_USA_2026,21FLCEN_WQX-G4CE0260,Surface Water,27.89547399,-81.370102,,02/18/25,,Unnamed_SPE_LCMS_MS,,,2,4.9,0.8,4,2,0.98,,3.5,0.8,4,2,8,2,,8,,,,7.1,0.45,9.7,7.6,0.8,,,,,,,,2,,,0.8,,,0.8,,0.4,2,,0.4,2,3.2,0.4,2,2,,0.4,0.8,8,0.8
WQP_USA_2026,21FLCEN_WQX-G4CE0260,Surface Water,27.89547399,-81.370102,,04/17/25,,Unnamed_SPE_LCMS_MS,,,2,5.2,0.8,4,2,0.83,,3.5,0.8,4,2,8,2,,8,,,,7.4,0.4,9.5,9,0.8,,,,,,,,2,,,0.8,,,0.8,,0.4,2,,0.4,2,3.2,0.4,2,2,,0.4,0.8,8,0.8
WQP_USA_2026,21FLCEN_WQX-G4CE0260,Surface Water,27.89547399,-81.370102,,06/18/25,,Unnamed_SPE_LCMS_MS,,,2.1,4.9,0.79,4,2,1,,2.6,0.79,4,2,7.9,2,,7.9,,,,5.5,0.4,9,6.9,0.79,,,,,,,,2,,,0.79,,,0.79,,0.4,2,,0.4,2,2.95,0.4,2,2,,0.4,0.79,7.9,0.79
WQP_USA_2026,21FLCEN_WQX-G4CE0261,Surface Water,27.90197799,-81.372798,,12/18/24,,Unnamed_SPE_LCMS_MS,,,1.9,3.8,0.75,3.8,1.9,0.87,,2.5,0.75,3.8,1.9,15,1.9,,7.5,,,,6,0.38,9.3,6.5,0.75,,,,,,,,1.9,,,0.75,,,0.75,,0.38,1.9,,0.38,1.9,2.9,0.38,1.9,1.9,,0.38,0.75,7.5,0.75
WQP_USA_2026,21FLCEN_WQX-G4CE0261,Surface Water,27.90197799,-81.372798,,02/18/25,,Unnamed_SPE_LCMS_MS,,,2,5.5,0.8,4,2,1.1,,3.8,0.8,4,2,8,2,,8,,,,7.8,0.49,11,8.2,0.8,,,,,,,,2,,,0.8,,,0.8,,0.4,2,,0.4,2,3.65,0.4,2,2,,0.4,0.8,8,0.8
WQP_USA_2026,21FLCEN_WQX-G4CE0261,Surface Water,27.90197799,-81.372798,,04/17/25,,Unnamed_SPE_LCMS_MS,,,2.1,6.2,0.83,4.2,2.1,1.2,,4.1,0.83,4.2,2.1,8.3,2.1,,8.3,,,,8.3,0.42,13,10,0.83,,,,,,,,2.1,,,0.83,,,0.83,,0.42,2.1,,0.42,2.1,3.95,0.42,2.1,2.1,,0.42,0.83,8.3,0.83
WQP_USA_2026,21FLCEN_WQX-G4CE0261,Surface Water,27.90197799,-81.372798,,06/18/25,,Unnamed_SPE_LCMS_MS,,,1.9,4.5,0.78,3.9,1.9,1.1,,2.5,0.78,3.9,1.9,7.8,1.9,,7.8,,,,5.6,0.39,7.7,7.2,0.78,,,,,,,,1.9,,,0.78,,,0.78,,0.39,1.9,,0.39,1.9,2.75,0.39,1.9,1.9,,0.39,0.78,7.8,0.78
WQP_USA_2026,21FLCEN_WQX-G4CE0262,Surface Water,27.90558909,-81.3718824,,12/18/24,,Unnamed_SPE_LCMS_MS,,,1.8,3.4,0.74,3.7,1.8,0.88,,2.5,0.74,3.7,1.8,15,1.8,,7.4,,,,5.3,0.37,8.2,6.1,0.74,,,,,,,,1.8,,,0.74,,,0.74,,0.37,1.8,,0.37,1.8,2.6,0.37,1.8,1.8,,0.37,0.74,7.4,0.74
WQP_USA_2026,21FLCEN_WQX-G4CE0262,Surface Water,27.90558909,-81.3718824,,02/18/25,,Unnamed_SPE_LCMS_MS,,,2,2.4,0.8,4,2,0.87,,2,0.8,4,2,8,2,,8,,,,3.3,0.4,2.9,6.1,0.8,,,,,,,,2,,,0.8,,,0.8,,0.4,2,,0.4,2,2,0.4,2,2,,0.4,0.8,8,0.8
WQP_USA_2026,21FLCEN_WQX-G4CE0262,Surface Water,27.90558909,-81.3718824,,04/17/25,,Unnamed_SPE_LCMS_MS,,,2,5,0.82,4.1,2,0.92,,3.9,0.82,4.1,2,8.2,2,,8.2,,,,7.2,0.41,11,9,0.82,,,,,,,,2,,,0.82,,,0.82,,0.41,2,,0.41,2,3.6,0.41,2,2,,0.41,0.82,8.2,0.82
WQP_USA_2026,21FLCEN_WQX-G4CE0262,Surface Water,27.90558909,-81.3718824,,06/18/25,,Unnamed_SPE_LCMS_MS,,,2,5.2,0.81,4,2,1.1,,2.8,0.81,4,2,8.1,2,,8.1,,,,5.6,0.4,9.4,7.9,0.81,,,,,,,,2,,,0.81,,,0.81,,0.4,2,,0.4,2,3,0.4,2,2,,0.4,0.81,8.1,0.81
WQP_USA_2026,21NYDECA_WQX-10295,Surface Water,44.33060028,-74.08088221,,06/27/23,,EPA 1633,,,0,1,,,0,0,0,0.9,0,0,0,0,0,,0,0,0,,0,0,0,,0,,,,,,,0,0,,0,0,0,,0,0,0,0,,0,0.49,0,0,0,0,,0,0,0,0
WQP_USA_2026,21NYDECA_WQX-1050,Surface Water,42.563225,-77.510048,,08/31/22,,EPA 1633,,,0.357,0.429,,0,0,0.183,,0.399,0,0,0,0,0,,0,0,0,,0.358,0,0.275,,0,,,,,,,0,0,,0,0,0,,0,0,0,0,,0,0,0,,0,0,,0,0,0,0
WQP_USA_2026,21NYDECA_WQX-10552,Surface Water,44.89464,-73.804081,,08/08/23,,EPA 1633,,,0,0.96,,0,0,0,0,0,0,0,0,0,0,,0,0,0,,0,0,0,1.2,0,,,,,,,0,0,,0,0,0,,0,0,0,0,,0,0,0,0.83,0,0,,0,0,0,0
WQP_USA_2026,21NYDECA_WQX-10563,Surface Water,44.87812869,-73.42273853,,06/27/23,,EPA 1633,,,0,2.9,,0,0.9,0,2,2,0,0,0,0,0,,0,0,0,,2.7,0,0.82,5.1,0,,,,,,,0,0,,0,0,0,,0,0,0,0,,0,0.57,0,0,0,0,,0,0,0,0
WQP_USA_2026,21NYDECA_WQX-1059,Surface Water,42.122616,-76.811108,,08/31/22,,EPA 1633,,,1.08,1.01,,0,0,0.604,0.519,0.284,0,0,0,0,0,,0,0,0,,0.572,0.167,1.03,,0,,,,,,,0,0,,0,0,0,,0,0,0,0,,0,0,0,,0,0,,0,0,0,0
WQP_USA_2026,21NYDECA_WQX-10996,Surface Water,44.30805724,-74.38104881,,08/10/23,,EPA 1633,,,0,2.1,,0,0,0,0,1.1,0,0,0,0,0,,0,0,0,,1,0,0,2.4,0,,,,,,,0,0,,0,0,0,,0,0,0,0,,0,0,0,0,0,0,,0,0,0,0
WQP_USA_2026,21NYDECA_WQX-11006,Surface Water,44.52397058,-74.1007924,,08/09/23,,EPA 1633,,,0,0,,0,0,0,0,0,0,0,0,0,0,,0,0,0,,0,0,0,0,0,,,,,,,0,0,,0,0,0,,0,0,0,0,,0,0,0,0,0,0,,0,0,0,0
WQP_USA_2026,21NYDECA_WQX-11017,Surface Water,44.345885,-74.148192,,08/08/23,,EPA 1633,,,3.6,0,,0,0,0,0,0.91,0,0,0,0,0,,0,0,0,,1,0,0,2.4,0,,,,,,,0,0,,0,0,0,,0,0,0,0,,0,0,0,0,0,0,,0,0,0,0
WQP_USA_2026,21NYDECA_WQX-11021,Surface Water,44.47170412,-73.90154443,,09/19/23,,EPA 1633,,,0,0,,0,0,0,0,0,0,0,0,0,0,,0,0,0,,0,0,0,0,0,,,,,,,0,0,,0,0,0,,0,0,0,0,,0,,0,0,0,0,,0,0,0,0
WQP_USA_2026,21NYDECA_WQX-1143,Surface Water,42.37722,-75.405,,10/23/19,,EPA 537.1,,,0,0,,0,0,0,0,0,0,,,0,0,,,,,,0,,0,0,,,,,,,,,0,,,0,,,0,,0,0,,,0,0,0,,,,,,,
WQP_USA_2026,21NYDECA_WQX-1143,Surface Water,42.37722,-75.405,,04/14/21,,EPA 537.1,,,0,0,,0,0,0,0,0,0,,,0,0,,,,,,0,,0,0,,,,,,,,,0,,,0,,,0,,0,0,,,0,0,0,,,,,,,
WQP_USA_2026,21NYDECA_WQX-1143,Surface Water,42.37722,-75.405,,08/17/21,,EPA 537.1,,,0,0,,0,0,0,0,0,0,,,0,0,,,,,,0,,0,0,,,,,,,,,0,,,0,,,0,,0,0,,,0,0,0,,,,,,,
WQP_USA_2026,21NYDECA_WQX-1170,Surface Water,42.355513,-77.136042,,08/31/22,,EPA 1633,,,0.347,0.289,,0,0,0,0.207,0.2,0,0,0,0,0,,0,0,0,,0,0,0.218,0.888,0,,,,,,,0,0,,,0,0,,0,0,0,0,,0,0,0,0.685,0,0,,0,0,0,0
WQP_USA_2026,21NYDECA_WQX-1172,Surface Water,42.291184,-77.065257,,08/30/22,,EPA 1633,,,0.356,0.179,,0,0,0.172,0,0,0,0,0,0,0,,0,0,0,,0,0,0.101,0,0,,,,,,,0,0,,0,0,0,,0,0,0,0,,0,0,0,0.301,0,0,,0,0,0,0
WQP_USA_2026,21NYDECA_WQX-11784,Surface Water,43.894192,-75.060537,,09/26/22,,EPA 1633,,,4.79,,,0,0.336,3.71,0.948,0.769,0.124,0,0,7.87,0.657,,0,0,0,,0.493,0.409,0.325,0.996,0,,,,,,,0,0,,0,0,0,,0,0,0,0,,0,0,0,0,0,0,,0,0,0,0
WQP_USA_2026,21NYDECA_WQX-11788,Surface Water,43.78552278,-74.84642052,,09/27/22,,EPA 1633,,,0.756,0.4,,0.234,0.243,0.376,,0.372,0.128,0,0,0.928,0,,0,0,0,,0.324,0,0.109,0.586,0,,,,,,,0,0,,0,0,0,,0,0,0,0.209,,0,0,0,0.254,0,0,,0,0,0,0
WQP_USA_2026,21NYDECA_WQX-1182,Surface Water,42.16833,-76.81889,,09/01/22,,EPA 1633,,,0.479,0.56,,0,0.158,0.26,,0.396,0,0,0,0,0,,0,0,0,,0.478,0,0.362,2.24,0,,,,,,,0,0,,0,0,0,,0,0,0,0,,0,0,0,,0,0,,0,0,0,0
WQP_USA_2026,21NYDECA_WQX-11931,Surface Water,43.5911293,-75.11883545,,09/27/22,,EPA 1633,,,,0.868,,0.194,0.4,,0.684,0.69,0,0,0,0,0,,0,0,0,,0.558,0,0.278,1.26,0,,,,,,,0,0,,0,0,0,,0,0,0,0,,0,0,0,0.292,0,0,,0,0,0,0
WQP_USA_2026,21NYDECA_WQX-12086,Surface Water,43.94972,-75.162041,,09/26/22,,EPA 1633,,,0.602,0.653,,0,0.393,0.182,0.454,0.686,0,0,0,0,0,,0,0,0,,0.62,0,0.144,1.43,0,,,,,,,0,0,,,0,0,,0,0,0,0,,0,0,0,0.432,0,0,,0,0,0,0
WQP_USA_2026,21NYDECA_WQX-1209,Surface Water,42.24891,-77.45244,,08/31/22,,EPA 1633,,,0.924,0.745,,0,0.232,0.544,0.982,0.317,0,0,0,5.2,0.656,,0,0,0,,1.22,0.113,0.917,9.72,0,,,,,,,0,0,,0,0,0,,0,0,0,0,,0,0,0,0.271,0,0,,0,0,0,0
WQP_USA_2026,21NYDECA_WQX-1219,Surface Water,42.199,-77.407,,08/31/22,,EPA 1633,,,0.28,0.245,,0,0,0.171,,0,0,0,0,0,0,,0,0,0,,0,0,0.098,0.895,0,,,,,,,0,0,,0,0,0,,0,0,0,0,,0,0,0,,0,0,,0,0,0,0
WQP_USA_2026,21NYDECA_WQX-1225,Surface Water,42.019592,-77.128563,,08/30/22,,EPA 1633,,,0.83,0.625,,0,0.24,0.369,0.678,0.375,0,0,0,0,0,,0,0,0,,0.733,0,0.476,1.35,0,,,,,,,0,0,,0,0,0,,0,0,0,0,,0,0,0,0,0,0,,0,0,0,0
WQP_USA_2026,21NYDECA_WQX-1249,Surface Water,42.080158,-77.364734,,09/01/22,,EPA 1633,,,0.925,0.87,,0,0.151,0.319,0.597,0.37,0,0,0,1.19,0,,0,0,0,,0.518,0,0.726,1.91,0,,,,,,,0,0,,0,0,0,,0,0,0,0,,0,0,0,0.414,0,0,,0,0,0,0
WQP_USA_2026,21NYDECA_WQX-1282,Surface Water,42.33567,-77.68267,,04/12/21,,EPA 537.1,,,0,0,,0,0,0,0,0,0,,,0,0,,,,,,0,,0,0,,,,,,,,,0,,,0,,,0,,0,0,,,0,0,0,,,,,,,
WQP_USA_2026,21NYDECA_WQX-1282,Surface Water,42.33567,-77.68267,,08/16/21,,EPA 537.1,,,0,0,,0,0,0,0,0,0,,,0,0,,,,,,0,,0,0,,,,,,,,,0,,,0,,,0,,0,0,,,0,0,0,,,,,,,
WQP_USA_2026,21NYDECA_WQX-1295,Surface Water,42.00278,-76.63499,,04/13/21,,EPA 537.1,,,0,0,,0,0,0,0,0,0,,,0,0,,,,,,0,,0,0,,,,,,,,,0,,,0,,,0,,0,0,,,0,0,0,,,,,,,
WQP_USA_2026,21NYDECA_WQX-1295,Surface Water,42.00278,-76.63499,,08/16/21,,EPA 537.1,,,1.8,0,,0,0,0,1.7,0,0,,,0,0,,,,,,2.2,,0,0,,,,,,,,,0,,,0,,,0,,0,0,,,0,0,0,,,,,,,
WQP_USA_2026,21NYDECA_WQX-1297,Surface Water,42.16751,-77.10477,,08/30/22,,EPA 1633,,,1.14,1.01,,0,0.2,1.11,3.29,0.722,0,0,0,10.4,0,,0,0,0,,3.03,0.244,1.66,,0,,,,,,,0,0,,0,0,0,,0,0,0,0,,0,0,0,,0,0,,0,0,0,0
WQP_USA_2026,21NYDECA_WQX-1303,Surface Water,42.411703,-77.426762,,08/31/22,,EPA 1633,,,0.341,0.375,,0,0,0.156,0.276,0.216,0,0,0,0,0,,0,0,0,,0,0,0.237,1.37,0,,,,,,,0,0,,0,0,0,,0,0,0,0,,0,0,0,0.432,0,0,,0,0,0,0
WQP_USA_2026,21NYDECA_WQX-1308,Surface Water,42.49526,-77.50321,,08/31/22,,EPA 1633,,,11.1,0.58,,0,0.3,0.238,,0.399,0,0,0,0,0,,0,0,0,,0.306,0,0.29,,0,,,,,,,0,0,,,0,0,,0,0,0,0,,0,0,0,,0,0,,0,0,0,0
WQP_USA_2026,21NYDECA_WQX-13590,Surface Water,42.1392649,-76.32957546,,08/30/23,,EPA 1633,,,0,1.7,,0,0,0,,1.3,0,0,0,0,0,,0,0,0,,1.1,0,0.55,5.1,0,,,,,,,0,0,,0,0,0,,0,0,0,0,,0,0,0,2.6,0,0,,0,0,0,0
WQP_USA_2026,21NYDECA_WQX-1363,Surface Water,42.09097,-76.055787,,04/14/21,,EPA 537.1,,,0,0,,0,0,0,0,0,0,,,0,0,,,,,,0,,0,0,,,,,,,,,0,,,0,,,0,,0,0,,,0,0,0,,,,,,,
WQP_USA_2026,21NYDECA_WQX-1363,Surface Water,42.09097,-76.055787,,08/18/21,,EPA 537.1,,,0,0,,0,0,0,0,0,0,,,0,0,,,,,,0,,0,0,,,,,,,,,0,,,0,,,0,,0,0,,,0,0,0,,,,,,,
WQP_USA_2026,21NYDECA_WQX-13727,Surface Water,41.438884,-73.808378,,09/13/22,,EPA 1633,,,1.9,3.51,,0.192,0.581,,1.44,1.13,0,0,0,0,0,,0,0,0,,1.42,0,0.917,2.38,0,,,,,,,0,0,,0,0,0,,0,0,0,0,,0,0,0,0.326,0,0,,0,0,0,0
WQP_USA_2026,21NYDECA_WQX-13742,Surface Water,41.29072,-74.05407,,09/13/22,,EPA 1633,,,0.652,1.14,,0.224,0.229,,0.429,0.463,0,0,0,0,0,,0,0,0,,0.382,0,0.324,0.783,0,,,,,,,0,0,,,0,0,,0,0,0.376,0,,0,0,0,0.226,0,0,,0,0,0,0
WQP_USA_2026,21NYDECA_WQX-1382,Surface Water,42.59861,-76.15861,,04/14/21,,EPA 537.1,,,0,0,,0,0,0,0,0,0,,,0,0,,,,,,0,,0,0,,,,,,,,,0,,,0,,,0,,0,0,,,0,0,0,,,,,,,
WQP_USA_2026,21NYDECA_WQX-1382,Surface Water,42.59861,-76.15861,,08/18/21,,EPA 537.1,,,0,0,,0,0,0,0,0,0,,,0,0,,,,,,0,,0,0,,,,,,,,,0,,,0,,,0,,0,0,,,0,0,0,,,,,,,
WQP_USA_2026,21NYDECA_WQX-139,Surface Water,42.86194,-78.86787,,04/13/21,,EPA 537.1,,,2.9,2.2,,0,0,0,2.1,1.6,0,,,0,0,,,,,,2.3,,0,4.1,,,,,,,,,0,,,0,,,0,,0,0,,,0,0,0,,,,,,,
WQP_USA_2026,21NYDECA_WQX-139,Surface Water,42.86194,-78.86787,,08/17/21,,EPA 537.1,,,2.6,2,,0,0,0,2.8,0,0,,,0,0,,,,,,3.7,,0,4.3,,,,,,,,,0,,,0,,,0,,0,0,,,0,0,0,,,,,,,
WQP_USA_2026,21NYDECA_WQX-14932,Surface Water,41.38505351,-73.74853003,,09/13/22,,EPA 1633,,,2.72,4.83,,0.291,0.543,0.844,3,1.79,0,0,0,0,0,,0,0,0,,2.74,0.17,3.05,22.2,0,,,,,,,0,0,,0,0,0,,0,0,0,0,,0,0,0,0,0,0,,0,0,0,0
WQP_USA_2026,21NYDECA_WQX-15148,Surface Water,41.33106023,-73.9936069,,09/13/22,,EPA 1633,,,1.92,2.16,,0,0.369,0.931,0.961,1.05,0,0,0,0,0,,0,0,0,,0.979,0.171,1.21,,0,,,,,,,0,0,,0,0,0,,0,0,0.506,0,,0,0,0,0.336,0,0,,0,0,0,0
WQP_USA_2026,21NYDECA_WQX-15437,Surface Water,42.72036,-73.43064,,08/30/22,,EPA 1633,,,0.625,1.54,,0,0.379,0.233,,0.682,0,0,0,0,0,,0,0,0,,0.492,0,0.265,1.35,0,,,,,,,0,0,,0,0,0,,0,0,0,0,,0,0,0,0,0,0,,0,0,0,0
WQP_USA_2026,21NYDECA_WQX-15610,Surface Water,42.697202,-73.739952,,08/31/22,,EPA 1633,,,3.27,4.11,,0.24,0.486,1.92,3.01,1.99,0,0,0,0,0,,0,0,0,,2.58,0.15,2.41,,0,,,,,,,0,0,,0,0,0,,0,0,0,0,,0,0,0,0.171,0,0,,0,0,0,0
WQP_USA_2026,21NYDECA_WQX-15688,Surface Water,41.46559,-73.66397,,09/12/22,,EPA 1633,,,3.91,4.77,,0.221,0.784,0.848,2.9,1.74,0,0,0,0,0,,0,0,0,,2.86,0.216,13.6,4.71,0,,,,,,,0,0,,0,0,0,,0,0,,0,,0,0,0,,0,0,,0,0,0,0
WQP_USA_2026,21NYDECA_WQX-15786,Surface Water,42.63420703,-73.56111065,,08/29/22,,EPA 1633,,,5.03,5.66,,0.344,1.15,0.941,3.62,2.49,0.136,0,0,0,0,,0,0,0,,3.39,0.189,1.85,9.64,0,,,,,,,0,0,,0,0,0,,0,0,0,0,,0,0,0,3.76,0,0,,0,0,0,0
WQP_USA_2026,21NYDECA_WQX-16031,Surface Water,44.37827747,-74.26372611,,06/28/23,,EPA 1633,,,0,1.6,,0,0.9,0,0.63,1.5,0,0,0,0,0,,0,0,0,,0.74,0,0,,0,,,,,,,0,0,,0,0,0,,0,0,0,0,,0,0,0,0,0,0,,0,0,0,0
WQP_USA_2026,21NYDECA_WQX-16035,Surface Water,44.34623877,-74.30017073,,06/28/23,,EPA 1633,,,0,2.2,,0,1.1,0,0.69,1.6,0,0.43,0,0,0,,0,0,0,,0.88,0,0,,0,,,,,,,0,0,,0,0,0,,0,0,0,0,,0,0,0,0,0,0,,0,0,0,0
WQP_USA_2026,21NYDECA_WQX-16216,Surface Water,43.70083,-73.9825,,04/13/21,,EPA 537.1,,,0,0,,0,0,0,0,0,0,,,0,0,,,,,,0,,0,0,,,,,,,,,0,,,0,,,0,,0,0,,,0,0,0,,,,,,,
WQP_USA_2026,21NYDECA_WQX-16216,Surface Water,43.70083,-73.9825,,08/17/21,,EPA 537.1,,,0,0,,0,0,0,0,0,0,,,0,0,,,,,,0,,0,0,,,,,,,,,0,,,0,,,0,,0,0,,,0,0,0,,,,,,,
WQP_USA_2026,21NYDECA_WQX-16487,Surface Water,44.42783199,-73.49838188,,06/29/23,,EPA 1633,,,0,0,,0,0,0,0,0,0,0,0,0,0,,0,0,0,,0,0,0,,0,,,,,,,0,0,,0,0,0,,0,0,0,0,,0,0.46,0,0,0,0,,0,0,0,0
WQP_USA_2026,21NYDECA_WQX-16489,Surface Water,44.13986889,-73.7475662,,08/10/23,,EPA 1633,,,0,0,,0,0,0,0,0,0,0,0,0,0,,0,0,0,,0,0,0,0,0,,,,,,,0,0,,0,0,0,,0,0,0,0,,0,0,0,0,0,0,,0,0,0,0
WQP_USA_2026,21NYDECA_WQX-16613,Surface Water,44.6176516,-73.60865209,,06/28/23,,EPA 1633,,,0,2.4,,0,0,0,0.64,1.2,0,0,0,0,0,,0,0,0,,0.76,0,0,,0,,,,,,,0,0,,0,0,0,,0,0,0,0,,0,0.46,0,0,0,0,,0,0,0,0
WQP_USA_2026,21NYDECA_WQX-1672,Surface Water,43.05778,-76.16345,,04/21/21,,EPA 537.1,,,0,0,,0,0,0,0,0,0,,,0,0,,,,,,0,,0,0,,,,,,,,,0,,,0,,,0,,0,0,,,0,0,0,,,,,,,
WQP_USA_2026,21NYDECA_WQX-1672,Surface Water,43.05778,-76.16345,,08/16/21,,EPA 537.1,,,0,0,,0,0,0,0,0,0,,,0,0,,,,,,0,,0,0,,,,,,,,,0,,,0,,,0,,0,0,,,0,0,0,,,,,,,
WQP_USA_2026,21NYDECA_WQX-1681,Surface Water,43.39806,-76.47166,,04/12/21,,EPA 537.1,,,3.4,0,,0,0,0,0,0,0,,,0,0,,,,,,0,,0,0,,,,,,,,,0,,,0,,,0,,0,0,,,0,0,0,,,,,,,
WQP_USA_2026,21NYDECA_WQX-1681,Surface Water,43.39806,-76.47166,,08/17/21,,EPA 537.1,,,0,0,,0,0,0,0,0,0,,,0,0,,,,,,1.7,,0,0,,,,,,,,,0,,,0,,,0,,0,0,,,0,0,0,,,,,,,
WQP_USA_2026,21NYDECA_WQX-16915,Surface Water,44.07736909,-73.87298023,,08/09/23,,EPA 1633,,,0,0,,0,0,0,0,0,0,0,0,0,0,,0,0,0,,0,0,0,0,0,,,,,,,0,0,,0,0,0,,0,0,0,0,,0,0,0,0,0,0,,0,0,0,0
WQP_USA_2026,21NYDECA_WQX-17213,Surface Water,43.34920502,-73.72734833,,09/21/23,,EPA 1633,,,0,0,,0,0,0,0,0,0,0,0,0,0,,0,0,0,,0,0,0,1.2,0,,,,,,,0,0,,0,0,0,,0,0,0,0,,0,0,0,0,0,0,,0,0,0,0
WQP_USA_2026,21NYDECA_WQX-17350,Surface Water,43.51460855,-73.2804545,,09/20/23,,EPA 1633,,,0,0,,0,0,0,,0,0,0,0,0,0,,0,0,0,,0.7,0,0,1.5,0,,,,,,,0,0,,0,0,0,,0,0,0,0,,0,,0,0,0,0,,0,0,0,0
WQP_USA_2026,21NYDECA_WQX-17370,Surface Water,44.1301713,-73.50966625,,09/20/23,,EPA 1633,,,0,0,,0,0,0,0,0,0,0,0,0,0,,0,0,0,,0,0,0,0,0,,,,,,,0,0,,0,0,0,,0,0,0,0,,0,,0,0,0,0,,0,0,0,0
WQP_USA_2026,21NYDECA_WQX-17490,Surface Water,43.42376421,-73.25663686,,09/19/23,,EPA 1633,,,0,2.8,,0,0,0,0.83,1,0,0,0,0,0,,0,0,0,,1.6,0,0.6,4,0,,,,,,,0,0,,0,0,0,,0,0,0,0,,0,0,0,0,0,0,,0,0,0,0
WQP_USA_2026,21NYDECA_WQX-1772,Surface Water,42.68037,-76.95395,,04/12/21,,EPA 537.1,,,0,0,,0,0,0,2,0,0,,,0,0,,,,,,2.2,,0,0,,,,,,,,,0,,,0,,,0,,0,0,,,0,0,0,,,,,,,
WQP_USA_2026,21NYDECA_WQX-1772,Surface Water,42.68037,-76.95395,,08/30/21,,EPA 537.1,,,0,0,,0,0,0,0,0,0,,,0,0,,,,,,0,,0,0,,,,,,,,,0,,,0,,,0,,0,0,,,0,0,0,,,,,,,
WQP_USA_2026,21NYDECA_WQX-1868,Surface Water,43.67611,-74.70834,,09/14/22,,EPA 1633,,,1.14,0.685,,0,0.413,0.221,,0.799,0,0,0,0,0,,0,0,0,,,0,0.205,,0,,,,,,,0,0,,0,0,0,,0,0,0,0,,0,0,0,0.213,0,0,,0,0,0,0
WQP_USA_2026,21NYDECA_WQX-18683,Surface Water,42.36520012,-73.45195826,,08/29/22,,EPA 1633,,,0.264,0.245,,0,0,0,,0.286,0,0,0,0,0,,0,0,0,,0.486,0,0,,0,,,,,,,0,0,,0,0,0,,0,0,0,0,,0,0,0,0.143,0,0,,0,0,0,0
WQP_USA_2026,21NYDECA_WQX-18825,Surface Water,40.88023798,-72.5590759,,06/14/23,,EPA 1633,,,0,2.3,,0,1,0,1.4,2.5,0,0.86,0,0,0,,0,0,0,,1.2,0,0,3.5,0,,,,,,,0,0,,0,0,0,,0,0,0,0,,0,0.47,0,0,0,0,,0,0,0,0
WQP_USA_2026,21NYDECA_WQX-1887,Surface Water,43.98472,-75.925,,04/12/21,,EPA 537.1,,,0,0,,0,0,0,0,0,0,,,0,0,,,,,,0,,0,0,,,,,,,,,0,,,0,,,0,,0,0,,,0,0,0,,,,,,,
WQP_USA_2026,21NYDECA_WQX-1887,Surface Water,43.98472,-75.925,,08/17/21,,EPA 537.1,,,0,0,,0,0,0,0,0,0,,,0,0,,,,,,0,,0,0,,,,,,,,,0,,,0,,,0,,0,0,,,0,0,0,,,,,,,
WQP_USA_2026,21NYDECA_WQX-1888,Surface Water,43.51167,-75.30666,,04/12/21,,EPA 537.1,,,0,0,,0,0,0,0,0,0,,,0,0,,,,,,0,,0,0,,,,,,,,,0,,,0,,,0,,0,0,,,0,0,0,,,,,,,
WQP_USA_2026,21NYDECA_WQX-1888,Surface Water,43.51167,-75.30666,,08/16/21,,EPA 537.1,,,0,0,,0,0,0,0,0,0,,,0,0,,,,,,0,,0,0,,,,,,,,,0,,,0,,,0,,0,0,,,0,0,0,,,,,,,
WQP_USA_2026,21NYDECA_WQX-19015,Surface Water,42.74742722,-74.1170123,,08/31/22,,EPA 1633,,,0.97,1.72,,0,0.473,0.367,1.33,1.29,0,0,0,0,0,,0,0,0,,2.21,0,0.672,,0,,,,,,,0,0,,0,0,0,,0,0,0,0,,0,0,0,0.396,0,0,,0,0,0,0
WQP_USA_2026,21NYDECA_WQX-1912,Surface Water,43.82389,-75.65334,,09/13/22,,EPA 1633,,,1.07,1.81,,0,0.678,,1.02,1.41,0,0,0,0,0,,0,0,0,,1.17,0,0.354,,0,,,,,,,0,0,,0,0,0,,0,0,0,0,,0,0,0,0.208,0,0,,0,0,0,0
WQP_USA_2026,21NYDECA_WQX-1918,Surface Water,43.506198,-75.221461,,09/15/22,,EPA 1633,,,0.384,0.403,,0,0.18,0.299,,0.303,0,0,0,0,0,,0,0,0,,,0,0.134,,0,,,,,,,0,0,,0,0,0,,0,0,0,0,,0,0,0,0.176,0,0,,0,0,0,0
WQP_USA_2026,21NYDECA_WQX-1920,Surface Water,43.93028,-75.59111,,09/13/22,,EPA 1633,,,0.66,0.987,,0,0.419,,0.525,0.721,0,0,0,0,0,,0,0,0,,0.587,0,0.307,3.46,0,,,,,,,0,0,,0,0,0,,0,0,0,0,,0,0,0,0.294,0,0,,0,0,0,0
WQP_USA_2026,21NYDECA_WQX-1922,Surface Water,43.723389,-75.70138,,09/13/22,,EPA 1633,,,0.887,0.92,,0.167,0.518,,0.545,0.89,0,0,0,0,0,,0,0,0,,0.631,0,0.23,3.31,0,,,,,,,0,0,,,0,0,,0,0,0,0,,0,0,0,0.207,0,0,,0,0,0,0
WQP_USA_2026,21NYDECA_WQX-1941,Surface Water,43.98944,-75.92416,,09/13/22,,EPA 1633,,,1.67,1.3,,0,0.238,,1.14,0.7,0,0,0,2.21,0.589,,0,0,0,,1.32,0,0.62,4.24,0,,,,,,,0,0,,0,0,0,,0,0,0,0,,0,0,0,0.404,0,0,,0,0,0,0
WQP_USA_2026,21NYDECA_WQX-1951,Surface Water,43.712444,-74.813651,,09/14/22,,EPA 1633,,,0.882,0.446,,0,0.213,0.295,,0.425,0,0,0,2.18,0.504,,0,0,0,,,0,0.123,,0,,,,,,,0,0,,0,0,0,,0,0,0,0,,0,0,0,0,0,0,,0,0,0,0
WQP_USA_2026,21NYDECA_WQX-1958,Surface Water,43.45528,-75.15278,,09/15/22,,EPA 1633,,,0.623,0.483,,0,0.267,0.27,,0.469,0,0,0,0,0,,0,0,0,,,0,0.154,,0,,,,,,,0,0,,0,0,0,,0,0,0,0,,0,0,0,0.259,0,0,,0,0,0,0
WQP_USA_2026,21NYDECA_WQX-19676,Surface Water,41.22497387,-74.12168288,,09/13/22,,EPA 1633,,,0.859,1.83,,0,0.384,,0.556,0.668,0,0,0,0,0,,0,0,0,,0.46,0,0.177,0.938,0,,,,,,,0,0,,,0,0,,0,0,0,0,,0,0,0,0.156,0,0,,0,0,0,0
WQP_USA_2026,21NYDECA_WQX-19686,Surface Water,41.18426127,-73.9951748,,09/14/22,,EPA 1633,,,3.09,6.57,,0.259,0.817,1.16,,2.11,0.16,0,0,0,0,,0,0,0,,2.98,0.178,2.1,,0,,,,,,,0,0,,0,0.179,0,,0,0,0,0,,0,0,0,0.149,0,0,,0,0,0,0
WQP_USA_2026,21NYDECA_WQX-1974,Surface Water,43.7903,-75.546073,,09/14/22,,EPA 1633,,,0.503,0.387,,0,0,0.282,,0.32,0,0,0,3.35,0.7,,0,0,0,,,0,0.231,,0,,,,,,,0,0,,0,0,0,,0,0,0,0,,0,0,0,0,0,0,,0,0,0,0
WQP_USA_2026,21NYDECA_WQX-1975,Surface Water,43.52194,-75.34527,,09/15/22,,EPA 1633,,,0.559,1.41,,0,0.26,0.364,,0.814,0,0,0,0,0,,0,0,0,,1.13,0,0.642,,0,,,,,,,0,0,,0,0,0,,0,0,0,0,,0,0,0,0.186,0,0,,0,0,0,0
WQP_USA_2026,21NYDECA_WQX-1989,Surface Water,43.910741,-75.366559,,09/13/22,,EPA 1633,,,3.89,2.79,,0.251,1.09,2.11,2.38,1.76,0,0,0,3.51,0,,0,0,0,,2.66,0.423,2.38,8.01,0,,,,,,,0,0,,0,0,0,,0,0,0,0,,0,0,0,0.608,0,0,,0,0,0,0
WQP_USA_2026,21NYDECA_WQX-1990,Surface Water,43.80832,-74.851371,,09/14/22,,EPA 1633,,,0.398,0.423,,0,0.278,0.162,,0.456,0,0,0,0,0,,0,0,0,,,0,0.1,,0,,,,,,,0,0,,0,0,0,,0,0,0,0,,0,0,0,0,0,0,,0,0,0,0
WQP_USA_2026,21NYDECA_WQX-20002,Surface Water,40.82375,-73.12,,06/14/23,,EPA 1633,,,6,11,,0,1,3,6.6,4.4,0,0.54,0,0,0,,0,0,0,,6.2,0,3.8,5.2,0,,,,,,,0,0,,0,0,0,,0,0,0,0,,0,0.63,0,0,0,0,,0,0,0,0
WQP_USA_2026,21NYDECA_WQX-20125,Surface Water,41.23850038,-74.20866553,,09/14/22,,EPA 1633,,,3.78,1.69,,0,0.383,1.47,,8.79,0,0,0,0.925,0,,0,0,0,,1.07,0.11,0.494,,0,,,,,,,0,0,,0,0,0,,0,0,0,0,,0,0,0,0.265,0,0,,0,0,0,0
WQP_USA_2026,21NYDECA_WQX-20678,Surface Water,41.32163033,-73.7232969,,09/12/22,,EPA 1633,,,4.45,5.57,,0.289,0.872,1.53,3.35,2.22,0.111,0,0,2.75,0,,0,0,0,,2.95,0.272,18.2,9.77,0,,,,,,,0,0,,0,0,0,,0,0,,0,,0,0,0,,0,0,,0,0,0,0
WQP_USA_2026,21NYDECA_WQX-20714,Surface Water,41.6108603,-73.66290619,,08/01/22,,EPA 1633,,,1.44,1.77,,0,0.208,0.486,2.66,0.794,0,0,0,0,0,,0,0,0,,2.35,0.206,181,16.1,0,,,,,,,0,0,,0,0,0,,0,0,0,0,,0,0,0,0.227,0,0,,0,0,0,0
WQP_USA_2026,21NYDECA_WQX-21177,Surface Water,41.40312012,-74.35135967,,09/12/22,,EPA 1633,,,2.61,6.5,,0.286,1.09,0.681,4.65,3.77,0,0,0,0,0,,0,0,0,,4.99,0.282,2.22,11,0,,,,,,,0,0.184,,0,0,0,,0,0,,0,,0,0,0,,0,0,,0,0,0,0
WQP_USA_2026,21NYDECA_WQX-21363,Surface Water,42.199458,-74.037409,,08/03/22,,EPA 1633,,,0.652,0.858,,0,0.315,0.171,0.46,0.692,0,0,0,0,0,,0,0,0,,0.67,0,0.207,1.11,0,,,,,,,0,0,,0,0,0,,0,0,0,0,,0,0,0,0.87,0,0,,0,0,0,0
WQP_USA_2026,21NYDECA_WQX-21448,Surface Water,41.86617655,-73.64352587,,08/02/22,,EPA 1633,,,1.49,1.48,,0.263,0.367,0.281,0.747,0.614,0,0,0,0,0,,0,0,0,,0.846,0,0.335,1.74,0,,,,,,,0,0.21,,0,0,0,,0,0,0,0,,0,0,0,1.84,0,0,,0,0,0,0
WQP_USA_2026,21NYDECA_WQX-21995,Surface Water,41.45687218,-74.20970316,,09/12/22,,EPA 1633,,,5.62,4.07,,0.279,0.803,1.28,4.42,1.91,0.114,0,0,0,0,,0,0,0,,5.7,0.244,7.92,6.8,0,,,,,,,0,0,,0,0,0,,0,0,,0,,0,0,0,,0,0,,0,0,0,0
WQP_USA_2026,21NYDECA_WQX-2202,Surface Water,44.939851,-74.556944,,04/13/21,,EPA 537.1,,,0,0,,0,0,0,0,0,0,,,0,0,,,,,,0,,0,0,,,,,,,,,0,,,0,,,0,,0,0,,,0,0,0,,,,,,,
WQP_USA_2026,21NYDECA_WQX-2202,Surface Water,44.939851,-74.556944,,08/17/21,,EPA 537.1,,,0,0,,0,0,0,0,0,0,,,0,0,,,,,,0,,0,0,,,,,,,,,0,,,0,,,0,,0,0,,,0,0,0,,,,,,,
WQP_USA_2026,21NYDECA_WQX-22402,Surface Water,42.53534436,-73.57948004,,08/30/22,,EPA 1633,,,1.58,1.85,,0,0.581,0.257,1.2,1.19,0,0,0,0,0,,0,0,0,,0.781,0,0.376,2.88,0,,,,,,,0,0,,0,0,0,,0,0,0,0,,0,0,0,0.657,0,0,,0,0,0,0
WQP_USA_2026,21NYDECA_WQX-22466,Surface Water,41.84765,-74.03964,,08/24/22,,EPA 1633,,,2.57,3.9,,0.264,0.628,0.956,5.23,1.71,0,0,0,0,0,,0,0,0,,6.71,0.157,2.66,,0,,,,,,,0,0,,0,0,0,,0,0,0,0,,0,0,0,0,0,0,,0,0,0,0
WQP_USA_2026,21NYDECA_WQX-22815,Surface Water,42.0620013,-73.79437954,,08/03/22,,EPA 1633,,,0.608,1.06,,0,0.319,0.205,0.911,0.702,0,0,0,0,0,,0,0,0,,0.943,0,0.45,1.35,0,,,,,,,0,0,,0,0,0,,0,0,0,0,,0,0,0,0.448,0,0,,0,0,0,0
WQP_USA_2026,21NYDECA_WQX-22989,Surface Water,40.7092669,-73.54991245,,09/12/23,,EPA 1633,,,5.1,7.4,,0.83,1,0.87,4,3.5,0,0,0,0,0,,0,0,0,,3.2,0,2.1,4.5,0,,,,,,,0,0,,0,0,0,,0,0,0,0,,0,0,0,0,0,0,,0,0,0,0
WQP_USA_2026,21NYDECA_WQX-2312,Surface Water,44.846933,-75.078952,,04/13/21,,EPA 537.1,,,0,0,,0,0,0,0,0,0,,,0,0,,,,,,0,,0,0,,,,,,,,,0,,,0,,,0,,0,0,,,0,0,0,,,,,,,
WQP_USA_2026,21NYDECA_WQX-2323,Surface Water,44.58917,-75.32139,,04/13/21,,EPA 537.1,,,0,0,,0,0,0,0,0,0,,,0,0,,,,,,0,,0,0,,,,,,,,,0,,,0,,,0,,0,0,,,0,0,0,,,,,,,
WQP_USA_2026,21NYDECA_WQX-23567,Surface Water,41.1728,-73.69329,,09/05/23,,EPA 1633,,,2.3,3.5,,0,0,0.72,0,1.9,0,0,0,0,0,,0,0,0,,3.1,0,0,2,0,,,,,,,0,0,,0,0,0,,0,0,0,0,,0,0,0,0,0,0,,0,0,0,0
WQP_USA_2026,21NYDECA_WQX-23578,Surface Water,41.07602727,-73.75509569,,06/13/23,,EPA 1633,,,2.6,6.2,,0,0,1.1,2.1,1.7,0,0.45,0,0,0,,0,0,0,,1.7,0,1.1,2.8,0,,,,,,,0,0,,0,0,0,,0,0,0,0,,0,0,0,0,0,0,,0,0,0,0
WQP_USA_2026,21NYDECA_WQX-23595,Surface Water,40.961554,-73.851563,,06/13/23,,EPA 1633,,,3.8,12,,0,1.4,3.1,5.9,3.7,0,0.51,0,0,0,,0,0,0,,6.6,0,3.9,7.9,0,,,,,,,0,0,,0,0,0,,0,0,0,0,,0,0,0,0,0,0,,0,0,0,0
WQP_USA_2026,21NYDECA_WQX-23598,Surface Water,41.067122,-72.454276,,06/14/23,,EPA 1633,,,1.9,2.8,,0.64,1.3,0,2,2.6,0,1.1,0,0,0,,0,0,0,,1.9,0,1.2,5.2,0,,,,,,,0,0,,0,0,0,,0,0,0,0,,0,0.57,0,0,0,0,,0,0,0,0
WQP_USA_2026,21NYDECA_WQX-23603,Surface Water,41.16671604,-73.60453916,,09/06/23,,EPA 1633,,,2.6,5.6,,0,0,0.64,2.5,1.5,0,0,0,0,0,,0,0,0,,1.8,0,2.5,2.9,0,,,,,,,0,0,,0,0,0,,0,0,0,0,,0,0,0,0,0,0,,0,0,0,0
WQP_USA_2026,21NYDECA_WQX-2384,Surface Water,43.937194,-75.50738,,09/13/22,,EPA 1633,,,1.16,2.02,,0.171,0.78,,1.16,1.56,0,0,0,0,0,,0,0,0,,1.72,0,0.498,6.9,0,,,,,,,0,0,,0,0,0,,0,0,0,0,,0,0,0,0.301,0,0,,0,0,0,0
WQP_USA_2026,21NYDECA_WQX-2387,Surface Water,43.67705,-75.34291,,09/14/22,,EPA 1633,,,0,0.165,,0,0,0,,0.179,0,0,0,0,0,,0,0,0,,0,0,0,0,0,,,,,,,0,0,,0,0,0,,0,0,0,0,,0,0,0,0.149,0,0,,0,0,0,0
WQP_USA_2026,21NYDECA_WQX-2390,Surface Water,43.4507,-75.014745,,09/15/22,,EPA 1633,,,0.617,0.479,,0,0.284,0.197,,0.429,0,0,0,0,0,,0,0,0,,,0,0.111,,0,,,,,,,0,0,,,0,0,,0,0,0,0,,0,0,0,0,0,0,,0,0,0,0
WQP_USA_2026,21NYDECA_WQX-23905,Surface Water,42.54399803,-74.66345137,,08/22/23,,EPA 1633,,,0,0,,0,0,0,0,0,0,0,0,0,0,,0,0,0,,0,0,0,0,0,,,,,,,0,0,,0,0,0,,0,0,0,0,,0,0,0,0,0,0,,0,0,0,0
WQP_USA_2026,21NYDECA_WQX-23906,Surface Water,42.66393539,-74.97221428,,08/22/23,,EPA 1633,,,0,1,,0,0,0,0,0,0,0,0,0,0,,0,0,0,,0,0,0,1.4,0,,,,,,,0,0,,0,0,0,,0,0,0,0,,0,0,0,0,0,0,,0,0,0,0
WQP_USA_2026,21NYDECA_WQX-23907,Surface Water,42.20068897,-75.53128401,,08/24/23,,EPA 1633,,,0,0,,0,0,0,0,0,0,0,0,0,0,,0,0,0,,0,0,0,0,0,,,,,,,0,0,,0,0,0,,0,0,0,0,,0,0,0,0,0,0,,0,0,0,0
WQP_USA_2026,21NYDECA_WQX-23908,Surface Water,42.72003918,-75.57490014,,08/24/23,,EPA 1633,,,0,1.1,,0,0,0,0,0,0,0,0,0,0,,0,0,0,,0,0,0,1.8,0,,,,,,,0,0,,0,0,0,,0,0,0,0,,0,0,0,0,0,0,,0,0,0,0
WQP_USA_2026,21NYDECA_WQX-23910,Surface Water,42.68493002,-75.31953229,,08/24/23,,EPA 1633,,,0,0,,0,0,0,0,0,0,0,0,0,0,,0,0,0,,0,0,0,1.1,0,,,,,,,0,0,,0,0,0,,0,0,0,0,,0,0,0,0,0,0,,0,0,0,0
WQP_USA_2026,21NYDECA_WQX-23915,Surface Water,42.56656271,-75.88305562,,08/23/23,,EPA 1633,,,0,0,,0,0,0,0,0,0,0,0,0,0,,0,0,0,,0,0,0,0,0,,,,,,,0,0,,0,0,0,,0,0,0,0,,0,0,0,0,0,0,,0,0,0,0
WQP_USA_2026,21NYDECA_WQX-23919,Surface Water,42.79262721,-75.5096638,,08/24/23,,EPA 1633,,,0,1.8,,0,0,0,0,0,0,0,0,0,0,,0,0,0,,0,0,0,2.5,0,,,,,,,0,0,,0,0,0,,0,0,0,0,,0,0,0,0,0,0,,0,0,0,0
WQP_USA_2026,21NYDECA_WQX-23920,Surface Water,42.08674205,-76.31128869,,08/23/23,,EPA 1633,,,0,0,,0,0,0,0,0,0,0,0,0,0,,0,0,0,,0,0,0,0,0,,,,,,,0,0,,0,0,0,,0,0,0,0,,0,0,0,0,0,0,,0,0,0,0
WQP_USA_2026,21NYDECA_WQX-23921,Surface Water,42.67841277,-76.13313689,,08/23/23,,EPA 1633,,,2,3,,0,0,0,0,0,0,0,0,0,0,,0,0,0,,0,0,0,2.2,0,,,,,,,0,0,,0,0,0,,0,0,0,0,,0,0,0,0,0,0,,0,0,0,0
WQP_USA_2026,21NYDECA_WQX-23922,Surface Water,42.02255775,-75.73136709,,08/23/23,,EPA 1633,,,0,0,,0,0,0,0,0,0,0,0,0,0,,0,0,0,,0,0,0,0,0,,,,,,,0,0,,0,0,0,,0,0,0,0,,0,0,0,0,0,0,,0,0,0,0
WQP_USA_2026,21NYDECA_WQX-23924,Surface Water,42.82630832,-75.13548015,,08/22/23,,EPA 1633,,,0,0,,0,0,0,0,0,0,0,0,0,0,,0,0,0,,0,0,0,2.1,0,,,,,,,0,0,,0,0,0,,0,0,0,0,,0,0,0,0,0,0,,0,0,0,0
WQP_USA_2026,21NYDECA_WQX-23926,Surface Water,44.25255378,-73.40583678,,07/26/23,,EPA 1633,,,0,0,,0,0,0,0,0,0,0,0,0,0,,0,0,0,,0.92,0,0,0.89,0,,,,,,,0,0,,0,0,0,,0,0,0,0,,0,0,0,0,0,0,,0,0,0,0
WQP_USA_2026,21NYDECA_WQX-23929,Surface Water,44.6206478,-73.90435573,,07/26/23,,EPA 1633,,,0,0,,0,0,0,0,0,0,0,0,0,0,,0,0,0,,0,0,0,1.3,0,,,,,,,0,0,,0,0,0,,0,0,0,0,,0,0,0,0,0,0,,0,0,0,0
WQP_USA_2026,21NYDECA_WQX-23931,Surface Water,44.29936068,-73.59523152,,07/25/23,,EPA 1633,,,0,0,,0,0,0,0,0,0,0,0,0,0,,0,0,0,,0,0,0,1.1,0,,,,,,,0,0,,0,0,0,,0,0,0,0,,0,0,0,0,0,0,,0,0,0,0
WQP_USA_2026,21NYDECA_WQX-23932,Surface Water,44.38048969,-74.19189783,,07/26/23,,EPA 1633,,,0,0,,0,0,0,0,0,0,0,0,0,0,,0,0,0,,0,0,0,1.1,0,,,,,,,0,0,,0,0,0,,0,0,0,0,,0,0,0,0,0,0,,0,0,0,0
WQP_USA_2026,21NYDECA_WQX-23933,Surface Water,44.94929437,-73.67208321,,07/25/23,,EPA 1633,,,1.3,3.1,,0,0,0,1.2,1.1,0,0,0,0,0,,0,0,0,,1.1,0,1,5.3,0,,,,,,,0,0,,0,0,0,,0,0,0,0,,0,0,0,0,0,0,,0,0,0,0
WQP_USA_2026,21NYDECA_WQX-23934,Surface Water,44.86543375,-73.78515353,,07/25/23,,EPA 1633,,,2.8,2.1,,0,0,1.5,1.7,1.4,0,0,0,0,0,,0,0,0,,1.6,0,0.69,4.5,0,,,,,,,0,0,,0,0,0,,0,0,0,0,,0,0,0,0,0,0,,0,0,0,0
WQP_USA_2026,21NYDECA_WQX-23937,Surface Water,43.36534832,-73.29125819,,07/27/23,,EPA 1633,,,0,0.9,,0,0,0,0,0,0,0,0,0,0,,0,0,0,,0,0,0,0.89,0,,,,,,,0,0,,0,0,0,,0,0,0,0,,0,0,0,0,0,0,,0,0,0,0
WQP_USA_2026,21NYDECA_WQX-23940,Surface Water,44.84481427,-73.47067397,,07/25/23,,EPA 1633,,,18,11,,0,0,2.8,2.9,3.6,0,0,0,0,0,,0,0,0,,2.5,0,1.1,7.6,0,,,,,,,0,0,,0,0,0,,0,0,0,0,,0,0,0,0,0,0,,0,0,0,0
WQP_USA_2026,21NYDECA_WQX-23949,Surface Water,44.30415257,-73.92147666,,07/26/23,,EPA 1633,,,0,0,,0,0,0,0.69,0,0,0,0,0,0,,0,0,0,,0.79,0,0,0,0,,,,,,,0,0,,0,0,0,,0,0,0,0,,0,0,0,4.1,0,0,,0,0,0,0
WQP_USA_2026,21NYDECA_WQX-23952,Surface Water,43.81084806,-73.49250485,,07/27/23,,EPA 1633,,,0,0,,0,0,0,0,0,0,0,0,0,0,,0,0,0,,0,0,0,0,0,,,,,,,0,0,,0,0,0,,0,0,0,0,,0,0,0,0,0,0,,0,0,0,0
WQP_USA_2026,21NYDECA_WQX-23998,Surface Water,41.05156398,-73.70697701,,09/26/23,,EPA 1633,,,1.9,8.8,,0,0.97,1,3.7,3.6,0,0,0,0,0,,0,0,0,,3.8,0,5.1,5.4,0,,,,,,,0,0,,0,0,0,,0,0,0,0,,0,0,0,0,0,0,,0,0,0,0
WQP_USA_2026,21NYDECA_WQX-24002,Surface Water,41.1299565,-73.73694239,,09/26/23,,EPA 1633,,,11,11,,0,0,4.6,3.8,2.3,0,0,0,0,0,,0,0,0,,2.8,0,10,4.5,0,,,,,,,0,0,,0,0,0,,0,0,0,0,,0,0,0,0,0,0,,0,0,0,0
WQP_USA_2026,21NYDECA_WQX-24004,Surface Water,41.21225334,-73.56725819,,09/26/23,,EPA 1633,,,2.9,5.6,,0,0,1.1,3.1,1.5,0,0,0,0,0,,0,0,0,,3.3,0,1.8,4.2,0,,,,,,,0,0,,0,0,0,,0,0,0,0,,0,0,0,0,0,0,,0,0,0,0
WQP_USA_2026,21NYDECA_WQX-24005,Surface Water,41.24223008,-73.52884737,,09/26/23,,EPA 1633,,,2,4.3,,0,0,0,2.2,1.3,0,0,0,0,0,,0,0,0,,2.6,0,1.4,3.6,0,,,,,,,0,0,,0,0,0,,0,0,0,0,,0,0,0,0,0,0,,0,0,0,0
WQP_USA_2026,21NYDECA_WQX-24051,Surface Water,40.814226,-73.744182,,09/27/23,,EPA 1633,,,4.3,16,,0,2.5,2.6,4.5,4.2,0,0.52,0,0,0,,0,0,0,,6.3,0,2,6.4,0,,,,,,,0,0,,0,0,0,,0,0,0,0,,0,0,0,0,0,0,,0,0,0,0
WQP_USA_2026,21NYDECA_WQX-2546,Surface Water,44.464375,-73.575255,,04/14/21,,EPA 537.1,,,0,0,,0,0,0,0,0,0,,,0,0,,,,,,0,,0,0,,,,,,,,,0,,,0,,,0,,0,0,,,0,0,0,,,,,,,
WQP_USA_2026,21NYDECA_WQX-2546,Surface Water,44.464375,-73.575255,,08/18/21,,EPA 537.1,,,0,0,,0,0,0,0,0,0,,,0,0,,,,,,0,,0,0,,,,,,,,,0,,,0,,,0,,0,0,,,0,0,0,,,,,,,
WQP_USA_2026,21NYDECA_WQX-2559,Surface Water,44.377233,-73.71493,,07/26/23,,EPA 1633,,,0,0,,0,0,0,0,0,0,0,0,0,0,,0,0,0,,0,0,0,0,0,,,,,,,0,0,,0,0,0,,0,0,0,0,,0,0,0,0,0,0,,0,0,0,0
WQP_USA_2026,21NYDECA_WQX-2676,Surface Water,44.36389,-73.390881,,04/14/21,,EPA 537.1,,,0,0,,0,0,0,0,0,0,,,0,0,,,,,,0,,0,0,,,,,,,,,0,,,0,,,0,,0,0,,,0,0,0,,,,,,,
WQP_USA_2026,21NYDECA_WQX-2676,Surface Water,44.36389,-73.390881,,08/18/21,,EPA 537.1,,,0,0,,0,0,0,0,0,0,,,0,0,,,,,,0,,0,0,,,,,,,,,0,,,0,,,0,,0,0,,,0,0,0,,,,,,,
WQP_USA_2026,21NYDECA_WQX-2679,Surface Water,44.22003,-73.58552,,07/26/23,,EPA 1633,,,0,0,,0,0,0,0,0,0,0,0,13,0,,0,0,0,,0.97,0,0,0,0,,,,,,,0,0,,0,0,0,,0,0,0,0,,0,0,0,0,0,0,,0,0,0,0
WQP_USA_2026,21NYDECA_WQX-2732,Surface Water,44.40855,-74.08426,,07/26/23,,EPA 1633,,,3,2.6,,0,0,2.3,1.8,2.1,0,0,0,0,0,,0,0,0,,2.3,0,1,6.6,0,,,,,,,0,0,,0,0,0,,0,0,0,0,,0,0,0,0,0,0,,0,0,0,0
WQP_USA_2026,21NYDECA_WQX-2923,Surface Water,42.95139,-73.39111,,10/24/19,,EPA 537.1,,,0,13,,0,0,0,0,0,0,,,0,0,,,,,,0,,0,0,,,,,,,,,0,,,0,,,0,,0,0,,,0,0,0,,,,,,,
WQP_USA_2026,21NYDECA_WQX-2923,Surface Water,42.95139,-73.39111,,04/13/21,,EPA 537.1,,,0,8.6,,0,0,0,0,0,0,,,0,0,,,,,,0,,0,0,,,,,,,,,0,,,0,,,0,,0,0,,,0,0,0,,,,,,,
WQP_USA_2026,21NYDECA_WQX-2923,Surface Water,42.95139,-73.39111,,08/18/21,,EPA 537.1,,,2,22,,0,0,0,0,0,0,,,0,0,,,,,,0,,0,0,,,,,,,,,0,,,0,,,0,,0,0,,,0,0,0,,,,,,,
WQP_USA_2026,21NYDECA_WQX-2957,Surface Water,44.697538,-73.45085,,04/13/21,,EPA 537.1,,,0,0,,0,0,0,0,0,0,,,0,0,,,,,,0,,0,0,,,,,,,,,0,,,0,,,0,,0,0,,,0,0,0,,,,,,,
WQP_USA_2026,21NYDECA_WQX-2957,Surface Water,44.697538,-73.45085,,08/17/21,,EPA 537.1,,,0,0,,0,0,0,0,0,0,,,0,0,,,,,,0,,0,0,,,,,,,,,0,,,0,,,0,,0,0,,,0,0,0,,,,,,,
WQP_USA_2026,21NYDECA_WQX-3191,Surface Water,42.809122,-73.658308,,04/26/21,,EPA 537.1,,,0,2,,0,0,0,0,0,0,,,0,0,,,,,,0,,0,0,,,,,,,,,0,,,0,,,0,,0,0,,,0,0,0,,,,,,,
WQP_USA_2026,21NYDECA_WQX-3191,Surface Water,42.809122,-73.658308,,08/25/21,,EPA 537.1,,,0,3.6,,0,0,0,0,0,0,,,0,0,,,,,,0,,0,0,,,,,,,,,0,,,0,,,0,,0,0,,,0,0,0,,,,,,,
WQP_USA_2026,21NYDECA_WQX-3192,Surface Water,43.29655,-73.59049,,04/13/21,,EPA 537.1,,,0,0,,0,0,0,0,0,0,,,0,0,,,,,,0,,0,0,,,,,,,,,0,,,0,,,0,,0,0,,,0,0,0,,,,,,,
WQP_USA_2026,21NYDECA_WQX-3192,Surface Water,43.29655,-73.59049,,08/17/21,,EPA 537.1,,,0,0,,0,0,0,0,0,0,,,0,0,,,,,,0,,0,0,,,,,,,,,0,,,0,,,0,,0,0,,,0,0,0,,,,,,,
WQP_USA_2026,21NYDECA_WQX-3194,Surface Water,42.82274,-73.66137,,04/26/21,,EPA 537.1,,,0,1.9,,0,0,0,0,0,0,,,0,0,,,,,,0,,0,0,,,,,,,,,0,,,0,,,0,,0,0,,,0,0,0,,,,,,,
WQP_USA_2026,21NYDECA_WQX-3194,Surface Water,42.82274,-73.66137,,08/25/21,,EPA 537.1,,,0,3,,0,0,0,0,0,0,,,0,0,,,,,,0,,0,0,,,,,,,,,0,,,0,,,0,,0,0,,,0,0,0,,,,,,,
WQP_USA_2026,21NYDECA_WQX-3301,Surface Water,42.77833,-73.69667,,04/15/21,,EPA 537.1,,,0,0,,0,0,0,1.7,0,0,,,0,0,,,,,,0,,0,0,,,,,,,,,0,,,0,,,0,,0,0,,,0,0,0,,,,,,,
WQP_USA_2026,21NYDECA_WQX-3301,Surface Water,42.77833,-73.69667,,08/18/21,,EPA 537.1,,,3,0,,0,0,0,3,0,0,,,0,0,,,,,,2.8,,0,0,,,,,,,,,0,,,0,,,0,,0,0,,,0,0,0,,,,,,,
WQP_USA_2026,21NYDECA_WQX-3387,Surface Water,42.820624,-73.858617,,04/22/21,,EPA 537.1,,,0,0,,0,0,0,0,0,0,,,0,0,,,,,,0,,0,0,,,,,,,,,0,,,0,,,0,,0,0,,,0,0,0,,,,,,,
WQP_USA_2026,21NYDECA_WQX-3387,Surface Water,42.820624,-73.858617,,08/25/21,,EPA 537.1,,,1.9,0,,0,0,0,0,0,0,,,0,0,,,,,,0,,0,0,,,,,,,,,0,,,0,,,0,,0,0,,,0,0,0,,,,,,,
WQP_USA_2026,21NYDECA_WQX-3388,Surface Water,42.838248,-73.877313,,04/22/21,,EPA 537.1,,,0,0,,0,0,0,0,0,0,,,0,0,,,,,,0,,0,0,,,,,,,,,0,,,0,,,0,,0,0,,,0,0,0,,,,,,,
WQP_USA_2026,21NYDECA_WQX-3388,Surface Water,42.838248,-73.877313,,08/25/21,,EPA 537.1,,,1.7,0,,0,0,0,0,0,0,,,0,0,,,,,,0,,0,0,,,,,,,,,0,,,0,,,0,,0,0,,,0,0,0,,,,,,,
WQP_USA_2026,21NYDECA_WQX-3399,Surface Water,43.03778,-74.84055,,04/12/21,,EPA 537.1,,,1.8,0,,0,0,0,0,0,0,,,0,0,,,,,,0,,0,0,,,,,,,,,0,,,0,,,0,,0,0,,,0,0,0,,,,,,,
WQP_USA_2026,21NYDECA_WQX-3399,Surface Water,43.03778,-74.84055,,08/16/21,,EPA 537.1,,,2,0,,0,0,0,0,0,0,,,0,0,,,,,,0,,0,0,,,,,,,,,0,,,0,,,0,,0,0,,,0,0,0,,,,,,,
WQP_USA_2026,21NYDECA_WQX-3489,Surface Water,42.8,-74.26334,,10/21/19,,EPA 537.1,,,0,0,,0,0,0,0,0,0,,,0,0,,,,,,0,,0,0,,,,,,,,,0,,,0,,,0,,0,0,,,0,0,0,,,,,,,
WQP_USA_2026,21NYDECA_WQX-3489,Surface Water,42.8,-74.26334,,04/15/21,,EPA 537.1,,,0,0,,0,0,0,0,0,0,,,0,0,,,,,,0,,0,0,,,,,,,,,0,,,0,,,0,,0,0,,,0,0,0,,,,,,,
WQP_USA_2026,21NYDECA_WQX-3489,Surface Water,42.8,-74.26334,,08/19/21,,EPA 537.1,,,0,0,,0,0,0,0,0,0,,,0,0,,,,,,0,,0,0,,,,,,,,,0,,,0,,,0,,0,0,,,0,0,0,,,,,,,
WQP_USA_2026,21NYDECA_WQX-3541,Surface Water,41.30103,-73.98634,,07/20/22,,EPA 1633,,,0.462,0.755,,0,0,0,,0,0,0,0,0,0,,0,0,0,,0,0,0.125,0,0,,,,,,,0,0,,0,0,0,,0,0,0,0,,0,0,0,0.182,0,0,,0,0,0,0
WQP_USA_2026,21NYDECA_WQX-3616,Surface Water,41.662908,-73.736386,,07/20/22,,EPA 1633,,,1.33,0.668,,0,0,0.368,,0.149,0,0,0,0,0,,0,0,0,,0,0,5.96,0.635,0,,,,,,,0,0,,0,0,0,,0,0,0,0,,0,0,0,0.194,0,0,,0,0,0,0
WQP_USA_2026,21NYDECA_WQX-3620,Surface Water,42.180528,-73.940247,,07/21/22,,EPA 1633,,,1.28,1.31,,0,0.3,0.553,1.08,0.801,0,0,0,0,0,,0,0,0,,1.07,0,1.11,2.51,0,,,,,,,0,0,,0,0,0,,0,0,0,0,,0,0,0,0.202,0,0,,0,0,0,0
WQP_USA_2026,21NYDECA_WQX-3621,Surface Water,42.31972,-73.74611,,07/21/22,,EPA 1633,,,1.77,1.49,,0.169,0.497,0.516,1.02,0.641,0,0,0,0,0,,0,0,0,,0.93,0,0.818,2.44,0,,,,,,,0,0,,0,0,0,,0,0,0,0,,0,0,0,0.26,0,0,,0,0,0,0
WQP_USA_2026,21NYDECA_WQX-3664,Surface Water,42.619495,-73.758796,,10/22/19,,EPA 537.1,,,1.8,2.4,,0,0,0,0,0,0,,,0,0,,,,,,0,,0,2,,,,,,,,,0,,,0,,,0,,0,0,,,0,0,0,,,,,,,
WQP_USA_2026,21NYDECA_WQX-3664,Surface Water,42.619495,-73.758796,,04/12/21,,EPA 537.1,,,0,0,,0,0,0,0,0,0,,,0,0,,,,,,0,,0,0,,,,,,,,,0,,,0,,,0,,0,0,,,0,0,0,,,,,,,
WQP_USA_2026,21NYDECA_WQX-3664,Surface Water,42.619495,-73.758796,,08/16/21,,EPA 537.1,,,0,2.4,,0,0,0,0,0,0,,,0,0,,,,,,0,,0,0,,,,,,,,,0,,,0,,,0,,0,0,,,0,0,0,,,,,,,
WQP_USA_2026,21NYDECA_WQX-3736,Surface Water,42.41278,-74.03584,,07/20/22,,EPA 1633,,,0.996,0.847,,0,0.306,0.267,,0.411,0,0,0,0,0,,0,0,0,,0.539,0,0.605,2.26,0,,,,,,,0,0,,0,0,0,,0,0,0,0,,0,0,0,0.325,0,0,,0,0,0,0
WQP_USA_2026,21NYDECA_WQX-375,Surface Water,43.095496,-78.638021,,04/14/21,,EPA 537.1,,,0,0,,0,0,0,0,0,0,,,0,0,,,,,,0,,0,0,,,,,,,,,0,,,0,,,0,,0,0,,,0,0,0,,,,,,,
WQP_USA_2026,21NYDECA_WQX-375,Surface Water,43.095496,-78.638021,,08/26/21,,EPA 537.1,,,0,0,,0,0,0,1.9,0,0,,,0,0,,,,,,0,,0,4.1,,,,,,,,,0,,,0,,,0,,0,0,,,0,0,0,,,,,,,
WQP_USA_2026,21NYDECA_WQX-3793,Surface Water,42.25639,-73.90471,,07/21/22,,EPA 1633,,,1.73,1.21,,0,0.193,0.657,0.993,0.638,0,0,0,0,0,,0,0,0,,1.15,0.104,0.732,2.09,0,,,,,,,0,0,,0,0,0,,0,0,0,0,,0,0,0,0.155,0,0,,0,0,0,0
WQP_USA_2026,21NYDECA_WQX-3818,Surface Water,42.3905,-73.80139,,07/20/22,,EPA 1633,,,1.73,1.58,,0.171,0.433,0.385,2.24,0.886,0,0,0,1.74,0,,0,0,0,,2.52,0,0.533,3.27,0,,,,,,,0,0,,0,0,0,,0,0,0,0,,0,0,0,0.175,0,0,,0,0,0,0
WQP_USA_2026,21NYDECA_WQX-3974,Surface Water,41.438813,-74.418355,,07/20/22,,EPA 1633,,,3.96,4.25,,0.236,1.16,1.41,4.7,2.58,0,0,0,0,0,,0,0,0,,5.05,0.181,6.3,9.43,0,,,,,,,0,0,,0,0,0,,0,0,0,0,,0,0,0,0.289,0,0,,0,0,0,0
WQP_USA_2026,21NYDECA_WQX-3998,Surface Water,41.33306,-73.76472,,07/20/22,,EPA 1633,,,7.38,9.68,,0.642,1.07,1.86,8.17,4.05,0.148,0,0,0,0,,0,0,0,,8.72,0.359,5.7,6.58,0,,,,,,,0,0,,0,0,0,,0,0,0,0,,0,0,0,0.249,0,0,,0,0,0,0
WQP_USA_2026,21NYDECA_WQX-4087,Surface Water,41.687831,-74.1657,,04/12/21,,EPA 537.1,,,0,0,,0,0,0,2.3,0,0,,,0,0,,,,,,1.8,,0,0,,,,,,,,,0,,,0,,,0,,0,0,,,0,0,0,,,,,,,
WQP_USA_2026,21NYDECA_WQX-4087,Surface Water,41.687831,-74.1657,,08/17/21,,EPA 537.1,,,2.3,3.8,,0,0,0,5.5,1.7,0,,,0,0,,,,,,9.4,,3.8,4.9,,,,,,,,,0,,,0,,,0,,0,0,,,0,0,0,,,,,,,
WQP_USA_2026,21NYDECA_WQX-4117,Surface Water,41.783264,-73.744283,,07/21/22,,EPA 1633,,,0.907,1.37,,0,0.371,0.342,1.47,0.616,0,0,0,0,0,,0,0,0,,1.77,0,1.48,2.3,0,,,,,,,0,0,,0,0,0,,0,0,0,0,,0,0,0,1.49,0,0,,0,0,0,0
WQP_USA_2026,21NYDECA_WQX-4155,Surface Water,41.708764,-73.933888,,07/21/22,,EPA 1633,,,9.7,9.96,,0.524,1.51,1.73,4.64,2.74,0.174,0,0,0,0,,0,0,0,,5.11,0.249,4.15,5.39,0,,,,,,,0,0.235,,0,0,0,,0,0,0,0,,0,0,0,0.633,0,0,,0,0,0,0
WQP_USA_2026,21NYDECA_WQX-4259,Surface Water,41.846178,-74.074282,,04/12/21,,EPA 537.1,,,0,0,,0,0,0,0,0,0,,,0,0,,,,,,0,,0,0,,,,,,,,,0,,,0,,,0,,0,0,,,0,0,0,,,,,,,
WQP_USA_2026,21NYDECA_WQX-4259,Surface Water,41.846178,-74.074282,,08/17/21,,EPA 537.1,,,0,0,,0,0,0,0,0,0,,,0,0,,,,,,0,,0,0,,,,,,,,,0,,,0,,,0,,0,0,,,0,0,0,,,,,,,
WQP_USA_2026,21NYDECA_WQX-4261,Surface Water,41.796212,-74.21083,,07/20/22,,EPA 1633,,,0.407,0.471,,0,0,0.191,,0.245,0,0,0,0,0,,0,0,0,,0.311,0,0.275,0.975,0,,,,,,,0,0,,0,0,0,,0,0,0,0,,0,0,0,0.249,0,0,,0,0,0,0
WQP_USA_2026,21NYDECA_WQX-427,Surface Water,42.15716,-78.71793,,04/12/21,,EPA 537.1,,,0,0,,0,0,0,0,0,0,,,0,0,,,,,,0,,0,0,,,,,,,,,0,,,0,,,0,,0,0,,,0,0,0,,,,,,,
WQP_USA_2026,21NYDECA_WQX-427,Surface Water,42.15716,-78.71793,,08/16/21,,EPA 537.1,,,0,0,,0,0,0,0,0,0,,,0,0,,,,,,0,,0,0,,,,,,,,,0,,,0,,,0,,0,0,,,0,0,0,,,,,,,
WQP_USA_2026,21NYDECA_WQX-4345,Surface Water,41.242193,-74.025626,,07/20/22,,EPA 1633,,,0.51,0.903,,0,0.257,0,,0.281,0,0,0,0,0,,0,0,0,,0,0,0.133,0,0,,,,,,,0,0,,0,0,0,,0,0,0,0,,0,0,0,0.145,0,0,,0,0,0,0
WQP_USA_2026,21NYDECA_WQX-4370,Surface Water,41.628,-74.331,,07/21/22,,EPA 1633,,,0.503,0.817,,0,0.212,0.19,,0.295,0,0,0,0,0,,0,0,0,,0.431,0,0.235,0.962,0,,,,,,,0,0,,0,0,0,,0,0,0,0,,0,0,0,0.148,0,0,,0,0,0,0
WQP_USA_2026,21NYDECA_WQX-4447,Surface Water,42.29951519,-75.7466886,,08/16/23,,EPA 1633,,,0,0,,0,0,0,0,0.95,0,0,0,0,0,,0,0,0,,1.1,0,0,2,0,,,,,,,0,0,,0,0,0,,0,0,0,0,,0,0,0,4.4,0,0,,0,0,0,0
WQP_USA_2026,21NYDECA_WQX-4548,Surface Water,42.444741,-77.100706,,08/02/22,,EPA 1633,,,0.67,1.07,,0,0.291,0.247,0.75,0.806,0,0,0,0,0,,0,0,0,,0.71,0,0.573,2.82,0,,,,,,,0,0,,0,0,0,,0,0,0,0,,0,0,0,1.34,0,0,,0,0,0,0
WQP_USA_2026,21NYDECA_WQX-458,Surface Water,42.11245,-79.20303,,04/12/21,,EPA 537.1,,,1.7,0,,0,0,0,0,0,0,,,0,0,,,,,,0,,0,0,,,,,,,,,0,,,0,,,0,,0,0,,,0,0,0,,,,,,,
WQP_USA_2026,21NYDECA_WQX-458,Surface Water,42.11245,-79.20303,,08/16/21,,EPA 537.1,,,0,2,,0,0,0,1.9,0,0,,,0,0,,,,,,2.3,,0,0,,,,,,,,,0,,,0,,,0,,0,0,,,0,0,0,,,,,,,
WQP_USA_2026,21NYDECA_WQX-4720,Surface Water,42.76981384,-76.0758776,,08/31/23,,EPA 1633,,,0,0,,0,0,0,0,0,0,0,0,0,0,,0,0,0,,0,0,0,1.6,0,,,,,,,0,0,,0,0,0,,0,0,0,0,,0,0,0,1.3,0,0,,0,0,0,0
WQP_USA_2026,21NYDECA_WQX-4744,Surface Water,42.35234,-75.79894,,08/16/23,,EPA 1633,,,0,0,,0,0,0,0,0,0,0,0,0,0,,0,0,0,,0,0,0,0,0,,,,,,,0,0,,0,0,0,,0,0,0,0,,0,0,0,0,0,0,,0,0,0,0
WQP_USA_2026,21NYDECA_WQX-4890,Surface Water,42.82350276,-75.71544084,,08/30/23,,EPA 1633,,,0,0,,0,0,0,0,0,0,0,0,0,0,,0,0,0,,0,0,0,0,0,,,,,,,0,0,,0,0,0,,0,0,0,0,,0,0,0,1.7,0,0,,0,0,0,0
WQP_USA_2026,21NYDECA_WQX-5050,Surface Water,42.37144,-76.73452,,07/19/23,,EPA 1633,,,0,1.3,,0,0,0,0,0,0,0,0,0,0,,0,0,0,,0,0,0,1.7,0,,,,,,,0,0,,0,0,0,,0,0,0,0,,0,0,0,0,0,0,,0,0,0,0
WQP_USA_2026,21NYDECA_WQX-5296,Surface Water,42.50716,-74.982333,,08/15/23,,EPA 1633,,,0,0,,0,0,0,0,0,0,0,0,0,0,,0,0,0,,0,0,0,1,0,,,,,,,0,0,,0,0,0,,0,0,0,0,,0,0,0,0,0,0,,0,0,0,0
WQP_USA_2026,21NYDECA_WQX-5311,Surface Water,42.62427783,-75.36353552,,08/31/23,,EPA 1633,,,0,0,,0,0,0,0,0,0,0,0,0,0,,0,0,0,,0,0,0,0,0,,,,,,,0,0,,0,0,0,,0,0,0,0,,0,0,0,1,0,0,,0,0,0,0
WQP_USA_2026,21NYDECA_WQX-5589,Surface Water,42.09853613,-75.73777557,,07/18/23,,EPA 1633,,,4.5,1.6,,0,1.6,0,0.7,0,0,0,0,0,0,,0,0,0,,0,0,0,1.4,0,,,,,,,0,0,,0,0,0,,0,0,0,0,,0,0,0,2.1,0,0,,0,0,0,0
WQP_USA_2026,21NYDECA_WQX-601,Surface Water,43.485876,-76.456671,,04/20/21,,EPA 537.1,,,3.2,2.9,,0,0,0,3.1,2,0,,,4.8,0,,,,,,4,,0,0,,,,,,,,,0,,,0,,,0,,0,0,,,0,0,0,,,,,,,
WQP_USA_2026,21NYDECA_WQX-601,Surface Water,43.485876,-76.456671,,08/25/21,,EPA 537.1,,,4.5,7,,0,3.4,1.9,8.4,4.6,0,,,13,0,,,,,,12,,2,11,,,,,,,,,0,,,0,,,0,,0,0,,,0,0,0,,,,,,,
WQP_USA_2026,21NYDECA_WQX-602,Surface Water,43.486561,-76.449,,04/20/21,,EPA 537.1,,,3.7,0,,0,0,0,0,0,0,,,0,0,,,,,,0,,0,0,,,,,,,,,0,,,0,,,0,,0,0,,,0,0,0,,,,,,,
WQP_USA_2026,21NYDECA_WQX-602,Surface Water,43.486561,-76.449,,08/25/21,,EPA 537.1,,,3,4.1,,0,3.5,0,2.5,2.3,0,,,0,0,,,,,,3.3,,2,10,,,,,,,,,0,,,0,,,0,,0,0,,,0,0,0,,,,,,,
WQP_USA_2026,21NYDECA_WQX-634,Surface Water,43.254,-77.742,,04/13/21,,EPA 537.1,,,2.4,2.5,,0,0,0,2.8,0,0,,,0,0,,,,,,3.2,,2.4,11,,,,,,,,,0,,,0,,,0,,0,0,,,0,0,0,,,,,,,
WQP_USA_2026,21NYDECA_WQX-634,Surface Water,43.254,-77.742,,08/16/21,,EPA 537.1,,,1.8,2.2,,0,0,0,3.6,1.8,0,,,0,0,,,,,,4.3,,2.2,7.5,,,,,,,,,0,,,0,,,0,,0,0,,,0,0,0,,,,,,,
WQP_USA_2026,21NYDECA_WQX-6484,Surface Water,42.68332788,-75.07395877,,07/20/23,,EPA 1633,,,0,1.4,,0,0,0,0.86,0.76,0,0,0,0,0,,0,0,0,,0.92,0,0,2.2,0,,,,,,,0,0,,0,0,0,,0,0,0,0,,0,0,0,1.1,0,0,,0,0,0,0
WQP_USA_2026,21NYDECA_WQX-6614,Surface Water,42.63562301,-74.69408607,,08/29/23,,EPA 1633,,,0,0,,0,0,0,0.64,0,0,0,0,0,0,,0,0,0,,0,0,0,0,0,,,,,,,0,0,,0,0,0,,0,0,0,0,,0,0,0,0,0,0,,0,0,0,0
WQP_USA_2026,21NYDECA_WQX-6631,Surface Water,42.78758568,-75.28691269,,08/29/23,,EPA 1633,,,0,1.1,,0,0,0,0.72,0,0,0,0,0,0,,0,0,0,,0,0,0,2.7,0,,,,,,,0,0,,0,0,0,,0,0,0,0,,0,0,0,0.95,0,0,,0,0,0,0
WQP_USA_2026,21NYDECA_WQX-6644,Surface Water,42.844144,-74.920908,,08/15/23,,EPA 1633,,,0,0,,0,0,0,0,0,0,0,0,0,0,,0,0,0,,0,0,0,2.1,0,,,,,,,0,0,,0,0,0,,0,0,0,0,,0,0,0,0,0,0,,0,0,0,0
WQP_USA_2026,21NYDECA_WQX-666,Surface Water,43.53111,-76.03806,,04/12/21,,EPA 537.1,,,0,0,,0,0,0,0,0,0,,,0,0,,,,,,0,,0,0,,,,,,,,,0,,,0,,,0,,0,0,,,0,0,0,,,,,,,
WQP_USA_2026,21NYDECA_WQX-666,Surface Water,43.53111,-76.03806,,08/17/21,,EPA 537.1,,,0,0,,0,0,0,0,0,0,,,0,0,,,,,,0,,0,0,,,,,,,,,0,,,0,,,0,,0,0,,,0,0,0,,,,,,,
WQP_USA_2026,21NYDECA_WQX-671,Surface Water,43.561222,-76.118139,,04/20/21,,EPA 537.1,,,0,0,,0,0,0,0,0,0,,,0,0,,,,,,0,,0,0,,,,,,,,,0,,,0,,,0,,0,0,,,0,0,0,,,,,,,
WQP_USA_2026,21NYDECA_WQX-671,Surface Water,43.561222,-76.118139,,08/25/21,,EPA 537.1,,,0,0,,0,0,0,0,0,0,,,0,0,,,,,,0,,0,0,,,,,,,,,0,,,0,,,0,,0,0,,,0,0,0,,,,,,,
WQP_USA_2026,21NYDECA_WQX-672,Surface Water,43.55,-76.09444,,04/20/21,,EPA 537.1,,,0,0,,0,0,0,0,0,0,,,0,0,,,,,,0,,0,0,,,,,,,,,0,,,0,,,0,,0,0,,,0,0,0,,,,,,,
WQP_USA_2026,21NYDECA_WQX-672,Surface Water,43.55,-76.09444,,08/25/21,,EPA 537.1,,,0,0,,0,0,0,0,0,0,,,0,0,,,,,,0,,0,0,,,,,,,,,0,,,0,,,0,,0,0,,,0,0,0,,,,,,,
WQP_USA_2026,21NYDECA_WQX-6902,Surface Water,41.37194,-74.69695,,04/14/21,,EPA 537.1,,,0,0,,0,0,0,0,0,0,,,0,0,,,,,,0,,0,0,,,,,,,,,0,,,0,,,0,,0,0,,,0,0,0,,,,,,,
WQP_USA_2026,21NYDECA_WQX-6902,Surface Water,41.37194,-74.69695,,08/17/21,,EPA 537.1,,,0,0,,0,0,0,0,0,0,,,0,0,,,,,,0,,0,0,,,,,,,,,0,,,0,,,0,,0,0,,,0,0,0,,,,,,,
WQP_USA_2026,21NYDECA_WQX-728,Surface Water,43.27785,-78.71185,,04/14/21,,EPA 537.1,,,3,3.7,,0,0,0,3.2,1.8,0,,,0,0,,,,,,2.8,,1.8,6.7,,,,,,,,,0,,,0,,,0,,0,0,,,0,0,0,,,,,,,
WQP_USA_2026,21NYDECA_WQX-728,Surface Water,43.27785,-78.71185,,08/26/21,,EPA 537.1,,,2.7,5,,0,0,0,7,2.2,0,,,0,0,,,,,,7.7,,4.5,5.8,,,,,,,,,0,,,0,,,0,,0,0,,,0,0,0,,,,,,,
WQP_USA_2026,21NYDECA_WQX-7476,Surface Water,41.4422,-74.6002,,04/14/21,,EPA 537.1,,,0,0,,0,0,0,0,0,0,,,0,0,,,,,,0,,0,0,,,,,,,,,0,,,0,,,0,,0,0,,,0,0,0,,,,,,,
WQP_USA_2026,21NYDECA_WQX-7476,Surface Water,41.4422,-74.6002,,08/17/21,,EPA 537.1,,,0,0,,0,0,0,0,0,0,,,0,0,,,,,,0,,0,0,,,,,,,,,0,,,0,,,0,,0,0,,,0,0,0,,,,,,,
WQP_USA_2026,21NYDECA_WQX-77,Surface Water,43.065745,-78.99999,,04/27/21,,EPA 537.1,,,0,0,,0,0,0,0,0,0,,,0,0,,,,,,0,,0,0,,,,,,,,,0,,,0,,,0,,0,0,,,0,0,0,,,,,,,
WQP_USA_2026,21NYDECA_WQX-77,Surface Water,43.065745,-78.99999,,08/24/21,,EPA 537.1,,,1.7,1.7,,0,0,0,1.7,0,0,,,0,0,,,,,,0,,0,0,,,,,,,,,0,,,0,,,0,,0,0,,,0,0,0,,,,,,,
WQP_USA_2026,21NYDECA_WQX-776,Surface Water,42.73598,-77.84183,,04/13/21,,EPA 537.1,,,0,0,,0,0,0,0,0,0,,,0,0,,,,,,0,,0,0,,,,,,,,,0,,,0,,,0,,0,0,,,0,0,0,,,,,,,
WQP_USA_2026,21NYDECA_WQX-776,Surface Water,42.73598,-77.84183,,08/16/21,,EPA 537.1,,,0,0,,0,0,0,0,0,0,,,0,0,,,,,,0,,0,0,,,,,,,,,0,,,0,,,0,,0,0,,,0,0,0,,,,,,,
WQP_USA_2026,21NYDECA_WQX-7774,Surface Water,42.08,-75.40138,,10/23/19,,EPA 537.1,,,0,0,,0,0,0,0,0,0,,,0,0,,,,,,0,,0,0,,,,,,,,,0,,,0,,,0,,0,0,,,0,0,0,,,,,,,
WQP_USA_2026,21NYDECA_WQX-7774,Surface Water,42.08,-75.40138,,04/14/21,,EPA 537.1,,,0,0,,0,0,0,0,0,0,,,0,0,,,,,,0,,0,0,,,,,,,,,0,,,0,,,0,,0,0,,,0,0,0,,,,,,,
WQP_USA_2026,21NYDECA_WQX-7774,Surface Water,42.08,-75.40138,,08/17/21,,EPA 537.1,,,0,0,,0,0,0,0,0,0,,,0,0,,,,,,0,,0,0,,,,,,,,,0,,,0,,,0,,0,0,,,0,0,0,,,,,,,
WQP_USA_2026,21NYDECA_WQX-78,Surface Water,43.064778,-78.988048,,04/27/21,,EPA 537.1,,,1.6,0,,0,0,0,0,0,0,,,0,0,,,,,,0,,0,0,,,,,,,,,0,,,0,,,0,,0,0,,,0,0,0,,,,,,,
WQP_USA_2026,21NYDECA_WQX-78,Surface Water,43.064778,-78.988048,,08/24/21,,EPA 537.1,,,1.7,1.7,,0,0,0,1.7,0,0,,,0,0,,,,,,1.6,,0,0,,,,,,,,,0,,,0,,,0,,0,0,,,0,0,0,,,,,,,
WQP_USA_2026,21NYDECA_WQX-79,Surface Water,43.228233,-79.051793,,04/27/21,,EPA 537.1,,,1.7,0,,0,0,0,0,0,0,,,0,0,,,,,,0,,0,0,,,,,,,,,0,,,0,,,0,,0,0,,,0,0,0,,,,,,,
WQP_USA_2026,21NYDECA_WQX-79,Surface Water,43.228233,-79.051793,,08/24/21,,EPA 537.1,,,1.6,1.6,,0,0,0,1.7,0,0,,,0,0,,,,,,0,,0,0,,,,,,,,,0,,,0,,,0,,0,0,,,0,0,0,,,,,,,
WQP_USA_2026,21NYDECA_WQX-823,Surface Water,42.11866,-77.94654,,04/13/21,,EPA 537.1,,,0,0,,0,0,0,0,0,0,,,0,0,,,,,,0,,0,0,,,,,,,,,0,,,0,,,0,,0,0,,,0,0,0,,,,,,,
WQP_USA_2026,21NYDECA_WQX-823,Surface Water,42.11866,-77.94654,,08/17/21,,EPA 537.1,,,2.1,0,,0,0,2.9,0,0,0,,,0,0,,,,,,0,,0,0,,,,,,,,,0,,,0,,,0,,0,0,,,0,0,0,,,,,,,
WQP_USA_2026,21NYDECA_WQX-8352,Surface Water,40.82763,-72.658648,,09/27/23,,EPA 1633,,,2,3.7,,0,0,4.5,3,1.6,0,0,0,0,0,,0,0,0,,3.2,0,1.2,2.1,0,,,,,,,0,0,,0,0,0,,0,0,0,0,,0,0,0,0,0,0,,0,0,0,0
WQP_USA_2026,21NYDECA_WQX-8359,Surface Water,41.04572,-73.709901,,04/21/21,,EPA 537.1,,,2.4,8.5,,0,0,0,3.1,2.7,0,,,0,0,,,,,,3.9,,21,8.4,,,,,,,,,0,,,0,,,0,,0,0,,,0,0,0,,,,,,,
WQP_USA_2026,21NYDECA_WQX-8359,Surface Water,41.04572,-73.709901,,08/24/21,,EPA 537.1,,,2.9,8.8,,0,0,0,4.2,3.3,0,,,0,0,,,,,,5.8,,11,7.8,,,,,,,,,0,,,0,,,0,,0,0,,,0,0,0,,,,,,,
WQP_USA_2026,21NYDECA_WQX-8363,Surface Water,40.95944,-73.821995,,09/26/23,,EPA 1633,,,4.7,5.7,,0,0,2.4,4.5,2.4,0,0,0,0,0,,0,0,0,,5.3,0,4.2,4.5,0,,,,,,,0,0,,0,0,0,,0,0,0,0,,0,0,0,0,0,0,,0,0,0,0
WQP_USA_2026,21NYDECA_WQX-8366,Surface Water,40.88,-73.8686,,10/23/19,,EPA 537.1,,,7.3,9.6,,0,0,3.3,6.1,3.4,0,,,0,0,,,,,,6,,3.5,5,,,,,,,,,0,,,0,,,0,,0,0,,,0,0,0,,,,,,,
WQP_USA_2026,21NYDECA_WQX-8366,Surface Water,40.88,-73.8686,,04/13/21,,EPA 537.1,,,9.7,11,,1.8,2.3,4.7,7.5,5.2,0,,,0,0,,,,,,8.1,,4.9,6,,,,,,,,,0,,,0,,,0,,0,0,,,0,0,1.6,,,,,,,
WQP_USA_2026,21NYDECA_WQX-8366,Surface Water,40.88,-73.8686,,08/26/21,,EPA 537.1,,,12,16,,0,0,5.1,8.9,5.1,0,,,0,0,,,,,,11,,6.7,7.4,,,,,,,,,0,,,0,,,0,,0,0,,,0,0,0,,,,,,,
WQP_USA_2026,21NYDECA_WQX-84,Surface Water,43.214337,-79.053206,,04/27/21,,EPA 537.1,,,2.1,0,,0,0,0,0,0,0,,,0,0,,,,,,0,,0,0,,,,,,,,,0,,,0,,,0,,0,0,,,0,0,0,,,,,,,
WQP_USA_2026,21NYDECA_WQX-84,Surface Water,43.214337,-79.053206,,08/24/21,,EPA 537.1,,,1.6,0,,0,0,0,1.6,0,0,,,0,0,,,,,,0,,0,0,,,,,,,,,0,,,0,,,0,,0,0,,,0,0,0,,,,,,,
WQP_USA_2026,21NYDECA_WQX-8498,Surface Water,40.83,-72.90694,,10/24/19,,EPA 537.1,,,4.4,3.1,,0,0,3.5,3.9,0,0,,,0,0,,,,,,3.7,,0,2,,,,,,,,,0,,,0,,,0,,0,0,,,0,0,0,,,,,,,
WQP_USA_2026,21NYDECA_WQX-8498,Surface Water,40.83,-72.90694,,04/12/21,,EPA 537.1,,,3.8,2.4,,0,0,3.1,2.6,0,0,,,0,0,,,,,,2.6,,0,0,,,,,,,,,0,,,0,,,0,,0,0,,,0,0,0,,,,,,,
WQP_USA_2026,21NYDECA_WQX-8498,Surface Water,40.83,-72.90694,,08/17/21,,EPA 537.1,,,4.1,2.7,,0,0,3.8,3.4,0,0,,,0,0,,,,,,3.4,,0,0,,,,,,,,,0,,,0,,,0,,0,0,,,0,0,0,,,,,,,
WQP_USA_2026,21NYDECA_WQX-8498,Surface Water,40.83,-72.90694,,09/27/23,,EPA 1633,,,3.3,2.3,,0,0,3.2,2.5,2.2,0,0,0,0,0,,0,0,0,,3.3,0,1.6,1.6,0,,,,,,,0,0,,0,0,0,,0,0,0,0,,0,0,0,0,0,0,,0,0,0,0
WQP_USA_2026,21NYDECA_WQX-8500,Surface Water,40.76306,-73.15167,,09/27/23,,EPA 1633,,,11,11,,0.68,0.87,4.8,8.1,3.2,0,0,0,0,0,,0,0,0,,8.3,0,2.2,3.1,0,,,,,,,0,0,,0,0,0,,0,0,0,0,,0,0,0,0,0,0,,0,0,0,0
WQP_USA_2026,21NYDECA_WQX-8521,Surface Water,41.080496,-73.713759,,04/21/21,,EPA 537.1,,,2000,370,,8.9,170,820,240,160,44,,,300,35,,,,,,340,,48,90,,,,,,,,,27,,,0,,,0,,0,0,,,0,0,4.8,,,,,,,
WQP_USA_2026,21NYDECA_WQX-8521,Surface Water,41.080496,-73.713759,,08/24/21,,EPA 537.1,,,1600,320,,18,140,1100,330,280,41,,,110,18,,,,,,650,,120,220,,,,,,,,,40,,,0,,,0,,0,0,,,0,0,3.8,,,,,,,
WQP_USA_2026,21NYDECA_WQX-8523,Surface Water,41.067479,-73.717583,,04/21/21,,EPA 537.1,,,12,16,,0,4.3,8.3,27,17,0,,,39,0,,,,,,42,,2.4,14,,,,,,,,,0,,,0,,,0,,0,0,,,0,0,0,,,,,,,
WQP_USA_2026,21NYDECA_WQX-8523,Surface Water,41.067479,-73.717583,,08/24/21,,EPA 537.1,,,15,17,,0,5.1,12,23,17,0,,,16,0,,,,,,40,,3.3,14,,,,,,,,,0,,,0,,,0,,0,0,,,0,0,0,,,,,,,
WQP_USA_2026,21NYDECA_WQX-8660,Surface Water,41.19389,-73.62472,,09/26/23,,EPA 1633,,,3.3,4.9,,0,0,1.5,2.9,1.9,0,0,0,0,0,,0,0,0,,2.8,0,2.6,4.6,0,,,,,,,0,0,,0,0,0,,0,0,0,0,,0,0,0,0,0,0,,0,0,0,0
WQP_USA_2026,21NYDECA_WQX-8666,Surface Water,41.2125,-73.55305,,09/26/23,,EPA 1633,,,1.9,2.6,,0,0,0.91,0.91,0,0,0,0,0,0,,0,0,0,,1.1,0,0.92,2.2,0,,,,,,,0,0,,0,0,0,,0,0,0,0,,0,0,0,0,0,0,,0,0,0,0
WQP_USA_2026,21NYDECA_WQX-874,Surface Water,42.264939,-77.547768,,08/31/22,,EPA 1633,,,0.393,0.435,,0,0,0.209,0.261,0.189,0,0,0,0,0,,0,0,0,,0,0,0.118,0.796,0,,,,,,,0,0,,0,0,0,,0,0,0,0,,0,0,0,0.217,0,0,,0,0,0,0
WQP_USA_2026,21NYDECA_WQX-8797,Surface Water,40.90361,-72.76472,,09/27/23,,EPA 1633,,,26,9.1,,2.9,120,5.9,6,7,0,0,0,5.3,0,,0,0,0,,7.3,0,0.49,3.8,0,,,,,,,0,14,,0,0,0,,0,0,0,0,,0,0,0,1.4,0,0,,0,0,0,0
WQP_USA_2026,21NYDECA_WQX-8799,Surface Water,40.72747,-73.24427,,09/27/23,,EPA 1633,,,17,13,,0,2.6,4.8,6.2,3.8,0,0,0,0,0,,0,0,0,,7.5,0,4.1,5,0,,,,,,,0,0,,0,0,0,,0,0,0,0,,0,0,0,0,0,0,,0,0,0,0
WQP_USA_2026,21NYDECA_WQX-8820,Surface Water,40.70454,-73.30024,,09/27/23,,EPA 1633,,,14,9.7,,0.61,1.3,2.3,4.9,3.2,0,0,0,0,0,,0,0,0,,4.8,0,3.6,3.9,0,,,,,,,0,0,,0,0,0,,0,0,0,0,,0,0,0,0,0,0,,0,0,0,0
WQP_USA_2026,21NYDECA_WQX-889,Surface Water,42.10146,-76.68656,,09/01/22,,EPA 1633,,,0.625,0.316,,0,0,,,0,0,0,0,0,0,,0,0,0,,0,0,0.201,0,0,,,,,,,0,0,,0,0,0,,0,0,0,0,,0,0,0,,0,0,,0,0,0,0
WQP_USA_2026,21NYDECA_WQX-8916,Surface Water,42.623612,-73.571242,,07/20/22,,EPA 1633,,,5.52,2.72,,0.225,0.489,1.46,1.67,0.977,0.116,0,0,0,0,,0,0,0,,1.33,0.162,1.44,2,0,,,,,,,0,0,,0,0,0,,0,0,0,0,,0,0,0,0.422,0,0,,0,0,0,0
WQP_USA_2026,21NYDECA_WQX-974,Surface Water,43.22722,-77.61639,,04/14/21,,EPA 537.1,,,15,0,,0,0,0,1.9,0,0,,,0,0,,,,,,1.6,,0,0,,,,,,,,,0,,,0,,,0,,0,0,,,0,0,0,,,,,,,
WQP_USA_2026,21NYDECA_WQX-974,Surface Water,43.22722,-77.61639,,08/17/21,,EPA 537.1,,,6.3,2,,0,0,0,3.5,0,0,,,0,0,,,,,,3.4,,0,9.2,,,,,,,,,0,,,0,,,0,,0,0,,,0,0,0,,,,,,,
WQP_USA_2026,21NYDECA_WQX-976,Surface Water,43.203609,-77.625736,,04/28/21,,EPA 537.1,,,12,0,,0,0,0,3.1,0,0,,,0,0,,,,,,0,,0,9.1,,,,,,,,,0,,,0,,,0,,0,0,,,0,0,0,,,,,,,
WQP_USA_2026,21NYDECA_WQX-976,Surface Water,43.203609,-77.625736,,08/25/21,,EPA 537.1,,,8.6,2.1,,0,0,0,1.7,0,0,,,0,0,,,,,,0,,0,0,,,,,,,,,0,,,0,,,0,,0,0,,,0,0,0,,,,,,,
WQP_USA_2026,21NYDECA_WQX-978,Surface Water,43.198389,-77.620746,,04/28/21,,EPA 537.1,,,0,0,,0,0,0,0,0,0,,,0,0,,,,,,0,,0,0,,,,,,,,,0,,,0,,,0,,0,0,,,0,0,0,,,,,,,
WQP_USA_2026,21NYDECA_WQX-978,Surface Water,43.198389,-77.620746,,08/25/21,,EPA 537.1,,,0,0,,0,0,0,0,0,0,,,0,0,,,,,,0,,0,0,,,,,,,,,0,,,0,,,0,,0,0,,,0,0,0,,,,,,,
WQP_USA_2026,21NYDECA_WQX-9830,Surface Water,44.29821804,-74.35877265,,06/29/23,,EPA 1633,,,0,0,,0,0.76,0,0,0.86,0,0,0,0,0,,0,0,0,,0.81,0,0,,0,,,,,,,0,0,,0,0,0,,0,0,0,0,,0,0,0,0,0,0,,0,0,0,0
WQP_USA_2026,AZDEQ_SW-SPSPR141.75_112004,Surface Water,31.47057,-110.10894,,04/23/25,,EPA 1633,,,0,0,,0,0,0,0,0,0,0,0,0,0,,0,,,,0,0,0,,0,,,,,,,0,0,,0,0,0,0,0,0,0,0,,0,0,0,0,0,0,,0,0,0,0
WQP_USA_2026,AZDEQ_SW-SRCHE000.01_112011,Surface Water,33.91355,-110.90587,,05/29/25,,EPA 1633,,,0,0,,0,0,0,0,0,0,0,0,0,0,,0,,,,0,0,0,,0,,,,,,,0,0,,0,0,0,0,0,0,0,0,,0,0,0,0,0,0,,0,0,0,0
WQP_USA_2026,AZDEQ_SW-UGSFR033.99_111997,Surface Water,33.20795,-109.1521,,05/13/25,,EPA 1633,,,0,0,,0,0,0,0,0,0,0,0,0,0,,0,,,,0,0,8.3,,0,,,,,,,0,0,,0,0,0,0,0,0,0,0,,0,0,0,0,0,0,,0,0,0,0
WQP_USA_2026,AZDEQ_SW-VRWBV006.38_112012,Surface Water,34.645914,-111.7533521,,05/28/25,,EPA 1633,,,0,0,,0,0,0,0,0,0,0,0,0,0,,0,,,,0,0,0,,0,,,,,,,0,0,,0,0,0,0,0,0,0,0,,0,0,0,0,0,0,,0,0,0,0
WQP_USA_2026,CEDEN-200PPCPCL,Surface Water,37.4764,-122.124,,12/10/09,,EPA 3225,,,44.3,,,,,12.6,,,,,,,,,,,,,,,7.89,62.2,,,,,,,,,,,,,,,,,,,,,,,,,,,,,,
WQP_USA_2026,CEDEN-200PPCPEL,Surface Water,37.5644,-122.25,,12/28/09,,EPA 3225,,,6.49,,,,,2.3,,,,,,,,,,,,,,,,2.59,,,,,,,,,,,,,,,,,,,,,,,,,,,,,,
WQP_USA_2026,CEDEN-200PPCPFC,Surface Water,37.5949,-122.146,,12/10/09,,EPA 3225,,,5.7,,,,,,,,,,,,,,,,,,,,,,,,,,,,,,,,,,,,,,,,,,,,,,,,,,,
WQP_USA_2026,CEDEN-PajRiv3,Surface Water,36.8922,-121.764,,11/06/19,,EPA 5578,,,5.52,9.45,,4.08,,1.21,7.02,3.61,,,,,,,,,,,,,2.09,9.52,,,,,,,,,,,,,,,0.519,,,,,,,,,,,,,,,
WQP_USA_2026,CEDEN-PajRiv3,Surface Water,36.8922,-121.764,,04/14/21,,EPA 5578,,,3.05,3.89,,,,1.45,3.45,1.14,,,,,,,,,,,,,3.29,4.49,,,,,,,,,,,,,,,,,,,,,,,,,,,,,,
WQP_USA_2026,CEDEN-SalRiv3,Surface Water,36.709,-121.751,,03/21/22,,EPA 5578,,,2.41,1.81,,,,2.65,3.27,1.07,,,,,,,,,,,,,1.79,3.83,,,,,,,,,,,,,,,,,,,,,,,,,,,,,,
WQP_USA_2026,CWLT_WQX-DCC,Surface Water,39.66699868,-123.5080272,,01/11/22,,EPA 537.1,,,0,0,,0,0,0,0,0,,0,,,,,,,,,,,0,,,,,,,,,,,,,0,,,0,,,0,,,0,,,0,0,,0,,,
WQP_USA_2026,CWLT_WQX-DR1,Surface Water,39.67188803,-123.5045329,,01/11/22,,EPA 537.1,,,0,0,,0,0,0,0,0,,0,,,,,,,,,,,0,,,,,,,,,,,,,0,,,0,,,0,,,0,,,0,0,,0,,,
WQP_USA_2026,CWLT_WQX-WCD,Surface Water,39.67187209,-123.5004531,,01/11/22,,EPA 537.1,,,2.02,0,,0,0,0,0,0,,0,,,,,,,,,,,0,,,,,,,,,,,,,0,,,0,,,0,,,0,,,0,0,,0,,,
WQP_USA_2026,DRBC-BC,Surface Water,40.189096,-74.7585,,04/20/21,,Unnamed_SPE_LCMS_MS,,,2.26,2.32,,0,,,,,,0,,,,,,,,,,,,0,0,,,,,,,,,,,0,,,0,,,,,,,,0,,0,,0,0,0,0
WQP_USA_2026,DRBC-BF,Surface Water,39.949887,-75.139119,,06/01/21,,Unnamed_SPE_LCMS_MS,,,4.06,3.63,,0,,,4.53,1.74,,0,,,,,,,,,,,1.99,,0,,,,,,,,,,,0,,,0,,,,,,,,0,,0,,0,0,0,0
WQP_USA_2026,DRBC-BR,Surface Water,39.988349,-75.068128,,05/26/21,,Unnamed_SPE_LCMS_MS,,,2.82,2.74,,0,,,4.27,,,0,,,,,,,,,,,,,0,,,,,,,,,,,0,,,0,,,,,,,,0,,0,,0,0,0,0
WQP_USA_2026,DRBC-BU,Surface Water,40.082147,-74.879414,,05/24/21,,Unnamed_SPE_LCMS_MS,,,2.51,2,,0,,,2.4,,,0,,,,,,,,,,,,0,0,,,,,,,,,,,0,,,0,,,,,,,,0,,0,,0,0,0,0
WQP_USA_2026,DRBC-BWC,Surface Water,39.73692,-75.52657,,10/06/21,,Unnamed_SPE_LCMS_MS,,,4.91,12.9,,2.38,,2.78,16.3,12.3,,0,,,,,,,,,,,2.5,19.3,0,,,,,,,,,,,0,,,0,,,,,,,,0,,0,,0,0,0,0
WQP_USA_2026,DRBC-CC2021,Surface Water,39.84474,-75.35999,,05/27/21,,Unnamed_SPE_LCMS_MS,,,5.62,6.56,,,,1.95,7.66,3.77,,0,,,,,,,,,,,3.22,,0,,,,,,,,,,,0,,,0,,,,,,,,0,,0,,0,0,0,0
WQP_USA_2026,DRBC-CH,Surface Water,39.824416,-75.364924,,05/20/21,,Unnamed_SPE_LCMS_MS,,,2.93,3.69,,0,,,3.73,1.88,,0,,,,,,,,,,,1.66,,0,,,,,,,,,,,0,,,0,,,,,,,,0,,0,,0,0,0,0
WQP_USA_2026,DRBC-CHR2021,Surface Water,39.73484,-75.55027,,10/06/21,,Unnamed_SPE_LCMS_MS,,,4.42,10.1,,1.8,,2.36,13,9.99,,0,,,,,,,,,,,2.66,14.4,0,,,,,,,,,,,0,,,0,,,,,,,,0,,0,,0,0,0,0
WQP_USA_2026,DRBC-DC,Surface Water,39.86994,-75.313876,,05/27/21,,Unnamed_SPE_LCMS_MS,,,2.97,3.28,,0,,,4.97,1.99,,0,,,,,,,,,,,2.37,,0,,,,,,,,,,,0,,,0,,,,,,,,0,,0,,0,0,0,0
WQP_USA_2026,DRBC-DIN,Surface Water,41.2195,-74.86,,10/21/21,,Unnamed_SPE_LCMS_MS,,,,,,0,,0,,,,0,,,,,,,,,,,0,0,0,,,,,,,,,,,0,,,0,,,,,,,,0,,0,,0,0,0,0
WQP_USA_2026,DRBC-EAS,Surface Water,40.67934,-75.1852,,10/21/21,,Unnamed_SPE_LCMS_MS,,,,,,0,,,2.24,,,0,,,,,,,,,,,1.76,,0,,,,,,,,,,,0,,,0,,,,,,,,0,,0,,0,0,0,0
WQP_USA_2026,DRBC-ES,Surface Water,39.854719,-75.329321,,05/27/21,,Unnamed_SPE_LCMS_MS,,,3.09,3,,0,,,3.3,,,0,,,,,,,,,,,1.74,,0,,,,,,,,,,,0,,,0,,,,,,,,0,,0,,0,0,0,0
WQP_USA_2026,DRBC-FC,Surface Water,39.98591,-75.071532,,05/26/21,,Unnamed_SPE_LCMS_MS,,,2.78,2.85,,0,,,3.34,,,0,,,,,,,,,,,2.14,,0,,,,,,,,,,,0,,,0,,,,,,,,0,,0,,0,0,0,0
WQP_USA_2026,DRBC-FL,Surface Water,40.129409,-74.818381,,05/24/21,,Unnamed_SPE_LCMS_MS,,,2.12,2.2,,0,,,,,,0,,,,,,,,,,,,0,0,,,,,,,,,,,0,,,0,,,,,,,,0,,0,,0,0,0,0
WQP_USA_2026,DRBC-GLR,Surface Water,40.24218,-74.82188,,10/21/21,,Unnamed_SPE_LCMS_MS,,,8.17,2.35,,0,,2.3,2.13,,,0,,,,,,,,,,,,,0,,,,,,,,,,,0,,,0,,,,,,,,0,,0,,0,0,0,0
WQP_USA_2026,DRBC-LAC,Surface Water,41.4859,-74.9864,,10/21/21,,Unnamed_SPE_LCMS_MS,,,,,,0,,0,,,,0,,,,,,,,,,,,0,0,,,,,,,,,,,0,,,0,,,,,,,,0,,0,,0,0,0,0
WQP_USA_2026,DRBC-LHR,Surface Water,40.688896,-75.20662,,10/21/21,,Unnamed_SPE_LCMS_MS,,,1.6,1.69,,0,,,2.93,,,0,,,,,,,,,,,1.76,,0,,,,,,,,,,,0,,,0,,,,,,,,0,,0,,0,0,0,0
WQP_USA_2026,DRBC-NC,Surface Water,40.075873,-74.909043,,05/24/21,,Unnamed_SPE_LCMS_MS,,,3.01,2.92,,0,,,2.79,,,0,,,,,,,,,,,,,0,,,,,,,,,,,0,,,0,,,,,,,,0,,0,,0,0,0,0
WQP_USA_2026,DRBC-NHC2021,Surface Water,40.141702,-74.912663,,11/08/21,,Unnamed_SPE_LCMS_MS,,,14.7,8.22,,0,,7.72,7.75,3.23,,0,,,,,,,,,,,6.35,,0,,,,,,,,,,,0,,,0,,,,,,,,0,,0,,0,0,0,0
WQP_USA_2026,DRBC-NV,Surface Water,39.884095,-75.196883,,06/01/21,,Unnamed_SPE_LCMS_MS,,,3.48,3.69,,,,,5.25,2.1,,0,,,,,,,,,,,2.42,,0,,,,,,,,,,,0,,,0,,,,,,,,0,,0,,0,0,0,0
WQP_USA_2026,DRBC-PB,Surface Water,39.858335,-75.268601,,05/27/21,,Unnamed_SPE_LCMS_MS,,,2.78,2.77,,0,,,3.47,,,0,,,,,,,,,,,,,0,,,,,,,,,,,0,,,0,,,,,,,,0,,0,,0,0,0,0
WQP_USA_2026,DRBC-PPC2021,Surface Water,40.0436,-75.020498,,11/08/21,,Unnamed_SPE_LCMS_MS,,,7.55,8.77,,0,,5.27,7.37,3.96,,0,,,,,,,,,,,7.06,,0,,,,,,,,,,,0,,,0,,,,,,,,0,,0,,0,0,0,0
WQP_USA_2026,DRBC-PPI,Surface Water,39.6126,-75.5931,,10/06/21,,Unnamed_SPE_LCMS_MS,,,3.03,4.82,,,,,15.1,3.39,,0,,,,,,,,,,,2,,0,,,,,,,,,,,0,,,0,,,,,,,,0,,0,,0,0,0,0
WQP_USA_2026,DRBC-SAN,Surface Water,40.7582,-75.188,,10/21/21,,Unnamed_SPE_LCMS_MS,,,,,,0,,,,,,0,,,,,,,,,,,,,0,,,,,,,,,,,0,,,0,,,,,,,,0,,0,,0,0,0,0
WQP_USA_2026,DRBC-SR,Surface Water,39.91316,-75.2059,,06/01/21,,Unnamed_SPE_LCMS_MS,,,4.02,3.89,,,,,5.3,2.95,,0,,,,,,,,,,,3.93,,0,,,,,,,,,,,0,,,0,,,,,,,,0,,0,,0,0,0,0
WQP_USA_2026,DRBC-TD,Surface Water,40.032619,-74.989468,,05/26/21,,Unnamed_SPE_LCMS_MS,,,4.37,4.21,,0,,2.29,3.93,1.94,,0,,,,,,,,,,,1.93,,0,,,,,,,,,,,0,,,0,,,,,,,,0,,0,,0,0,0,0
WQP_USA_2026,DRBC-YAR,Surface Water,40.27952,-74.859305,,10/21/21,,Unnamed_SPE_LCMS_MS,,,,,,0,,,,,,0,,,,,,,,,,,,0,0,,,,,,,,,,,0,,,0,,,,,,,,0,,0,,0,0,0,0
WQP_USA_2026,GLEC-10009,Surface Water,35.15629,-114.57068,,03/25/24,,EPA 1633,,,0,0,,0,0,0,0,0,0,0,0,0,0,,0,,,,0,0,0,0,0,,,,,,,0,0,,0,0,0,,0,0,0,0,,0,0,0,0,0,0,,0,0,0,0
WQP_USA_2026,GLEC-10010,Surface Water,34.90988,-111.72787,,04/20/25,,EPA 1633,,,0,0,,0,0,0,0,0,0,0,0,0,0,,0,,,,0,0,0,0,0,,,,,,,0,0,,0,0,0,,0,0,0,0,,0,0,0,0,0,0,,0,0,0,0
WQP_USA_2026,GLEC-10012,Surface Water,36.80573,-114.03293,,04/21/25,,EPA 1633,,,0.56,1.2,,0,0,0.49,1.7,0.55,0,0,0,0,0,,0,,,,2.4,0,1.4,2.1,0,,,,,,,0,0,,0,0,0,,0,0,0,0,,0,0,0,0,0,0,,0,0,0,0
WQP_USA_2026,GLEC-10014,Surface Water,32.92038,-109.83841,,05/03/24,,EPA 1633,,,0,0,,0,0,0,0,0,0,0,0,0,0,,0,,,,0,0,22,0,0,,,,,,,0,0,,0,0,0,,0,0,0,0,,0,0,0,0,0,0,,0,0,0,0
WQP_USA_2026,GLEC-10020,Surface Water,34.46157,-111.15572,,10/15/24,,EPA 1633,,,0,0,,0,0,0,0,0,0,0,0,0,0,,0,,,,0,0,0,0,0,,,,,,,0,0,,0,0,0,,0,0,0,0,,0,0,0,0,0,0,,0,0,0,0
WQP_USA_2026,GLEC-10054,Surface Water,32.72092,-114.56576,,11/06/24,,EPA 1633,,,0,0,,0,0,0,0,0,0,0,0,0,0,,0,,,,0,0,0,0,0,,,,,,,0,0,,0,0,0,,0,0,0,0,,0,0,0,0,0,0,,0,0,0,0
WQP_USA_2026,GLEC-10055,Surface Water,33.73862,-109.32676,,10/13/24,,EPA 1633,,,0,0,,0,0,0,0,0,0,0,0,0,0,,0,,,,0,0,2.4,0,0,,,,,,,0,0,,0,0,0,,0,0,0,0,,0,0,0,0,0,0,,0,0,0,0
WQP_USA_2026,GLEC-10060,Surface Water,34.21578,-109.30257,,10/13/24,,EPA 1633,,,0,0,,0,0,0,0,0,0,0,0,0,0,,0,,,,0,0,4.6,0,0,,,,,,,0,0,,0,0,0,,0,0,0,0,,0,0,0,0,0,0,,0,0,0,0
WQP_USA_2026,GLEC-10061,Surface Water,33.48702,-114.5986,,11/07/24,,EPA 1633,,,0,0,,0,0,0,0,0,0,0,0,0,0,,0,,,,0,0,0,0,0,,,,,,,0,0,,0,0,0,,0,0,0,0,,0,0,0,0,0,0,,0,0,0,0
WQP_USA_2026,GLEC-10064,Surface Water,32.98995,-114.49694,,11/06/24,,EPA 1633,,,0,0,,0,0,0,0,0,0,0,0,0,0,,0,,,,0,0,0,0,0,,,,,,,0,0,,0,0,0,,0,0,0,0,,0,0,0,0,0,0,,0,0,0,0
WQP_USA_2026,GLEC-10065,Surface Water,34.71448,-114.47841,,03/26/24,,EPA 1633,,,0,0,,0,0,0,0,0,0,0,0,0,0,,0,,,,0,0,0,0,0,,,,,,,0,0,,0,0,0,,0,0,0,0,,0,0,0,0,0,0,,0,0,0,0
WQP_USA_2026,GLEC-10073,Surface Water,34.8938,-112.88126,,11/09/24,,EPA 1633,,,0,0,,0,0,0,0,0,0,0,0,0,0,,0,,,,0,0,0,0,0,,,,,,,0,0,,0,0,0,,0,0,0,0,,0,0,0,0,0,0,,0,0,0,0
WQP_USA_2026,GLEC-10107,Surface Water,34.26614,-114.02069,,11/08/24,,EPA 1633,,,0,0,,0,0,0,0,0,0,0,0,0,0,,0,,,,0,0,5.1,0,0,,,,,,,0,0,,0,0,0,,0,0,0,0,,0,0,0,0,0,0,,0,0,0,0
WQP_USA_2026,GLEC-10108,Surface Water,36.8433,-111.54888,,03/25/24,,EPA 1633,,,0,0,,0,0,0,0,0,0,0,0,0,0,,0,,,,0,0,0,0,0,,,,,,,0,0,,0,0,0,,0,0,0,0,,0,0,0,0,0,0,,0,0,0,0
WQP_USA_2026,GLEC-10114,Surface Water,32.74077,-114.53131,,11/06/24,,EPA 1633,,,0,0,,0,0,0,0,0,0,0,0,0,0,,0,,,,0,0,0,0,0,,,,,,,0,0,,0,0,0,,0,0,0,0,,0,0,0,0,0,0,,0,0,0,0
WQP_USA_2026,GLEC-10121,Surface Water,35.9483,-114.73015,,11/09/24,,EPA 1633,,,0,0,,0,0,0,0,0,0,0,0,0,0,,0,,,,0,0,0,0,0,,,,,,,0,0,,0,0,0,,0,0,0,0,,0,0,0,0,0,0,,0,0,0,0
WQP_USA_2026,GLEC-10124,Surface Water,33.25861,-114.67224,,11/07/24,,EPA 1633,,,0,0,,0,0,0,0,0,0,0,0,0,0,,0,,,,0,0,0,0,0,,,,,,,0,0,,0,0,0,,0,0,0,0,,0,0,0,0,0,0,,0,0,0,0
WQP_USA_2026,GLEC-10129,Surface Water,34.74043,-114.5197,,04/21/25,,EPA 1633,,,0.57,1.1,,0,0.48,0,0.77,0.42,0,0,0,0,0,,0,,,,1.3,0,0,2.3,0,,,,,,,0,0,,0,0,0,,0,0,0,0,,0,0,0,0,0,0,,0,0,0,0
WQP_USA_2026,GLEC-10135,Surface Water,33.48711,-114.59878,,04/21/25,,EPA 1633,,,0.71,1.1,,0,0.56,0,0.89,0.47,0,0,0,0,0,,0,,,,1.5,0,0.56,2.4,0,,,,,,,0,0,,0,0,0,,0,0,0,0,,0,0,0,0,0,0,,0,0,0,0
WQP_USA_2026,GLEC-20069,Surface Water,31.61155916,-110.166736,,04/16/25,,EPA 1633,,,0,0,,0,0,0,0,0,0,0,0,0,0,,0,,,,0,0,0,0,0,,,,,,,0,0,,0,0,0,,0,0,0,0,,0,0,0,0,0,0,,0,0,0,0
WQP_USA_2026,GLEC-20083,Surface Water,34.53840644,-111.6845951,,04/19/25,,EPA 1633,,,0,0,,0,0,0,0,0,0,0,0,0,0,,0,,,,0,0,0,0,0,,,,,,,0,0,,0,0,0,,0,0,0,0,,0,0,0,0,0,0,,0,0,0,0
WQP_USA_2026,GLEC-20110,Surface Water,34.35061706,-111.2850795,,04/16/25,,EPA 1633,,,0,0,,0,0,0,0,0,0,0,0,0,0,,0,,,,0,0,0,0,0,,,,,,,0,0,,0,0,0,,0,0,0,0,,0,0,0,0,0,0,,0,0,0,0
WQP_USA_2026,GLEC-20177,Surface Water,32.76890662,-109.1595159,,04/17/25,,EPA 1633,,,0,0,,0,0,0,0,0,0,0,0,0,0,,0,,,,0,0,8.3,0,0,,,,,,,0,0,,0,0,0,,0,0,0,0,,0,0,0,0,0,0,,0,0,0,0
WQP_USA_2026,GLEC-20195,Surface Water,34.40335875,-111.6174861,,04/20/25,,EPA 1633,,,0,0,,0,0,0,0,0,0,0,0,0,0,,0,,,,0,0,0,0,0,,,,,,,0,0,,0,0,0,,0,0,0,0,,0,0,0,0,0,0,,0,0,0,0
WQP_USA_2026,GLEC-20266,Surface Water,34.24171142,-111.4535114,,04/18/25,,EPA 1633,,,1.6,4.7,,0,0.73,1,3.5,0.9,0,0,0,0,0,,0,,,,4,0,1.9,2.3,0,,,,,,,0,0,,0,0,0,,0,0,0,0,,0,0,0,0,0,0,,0,0,0,0
WQP_USA_2026,GLEC-20279,Surface Water,32.85892104,-110.7287862,,04/15/25,,EPA 1633,,,0,0,,0,0,0,0,0,0,0,0,0,0,,0,,,,0,0,2.3,0,0,,,,,,,0,0,,0,0,0,,0,0,0,0,,0,0,0,0,0,0,,0,0,0,0
WQP_USA_2026,GLEC-20385,Surface Water,31.55029839,-110.1367885,,04/16/25,,EPA 1633,,,0.39,0,,0,0,0,0,0,0,0,0,0,0,,0,,,,0,0,0.67,0,0,,,,,,,0,0,,0,0,0,,0,0,0,0,,0,0,0,0,0,0,,0,0,0,0
WQP_USA_2026,GLEC-20425,Surface Water,34.51827839,-111.7419495,,04/19/25,,EPA 1633,,,0,0,,0,0,0,0,0,0,0,0,0,0,,0,,,,0,0,0,0,0,,,,,,,0,0,,0,0,0,,0,0,0,0,,0,0,0,0,0,0,,0,0,0,0
WQP_USA_2026,GLEC-20465,Surface Water,34.51209936,-111.8223842,,04/19/25,,EPA 1633,,,0,0,,0,0,0,0,0,0,0,0,0,0,,0,,,,0,0,0,0,0,,,,,,,0,0,,0,0,0,,0,0,0,0,,0,0,0,0,0,0,,0,0,0,0
WQP_USA_2026,GLEC-20485,Surface Water,33.80567225,-111.4815466,,04/18/25,,EPA 1633,,,0,0,,0,0,0.46,0,0,0,0,0,0,0,,0,,,,0,0,2,0,0,,,,,,,0,0,,0,0,0,,0,0,0,0,,0,0,0,0,0,0,,0,0,0,0
WQP_USA_2026,GLEC-20531,Surface Water,32.6991302,-109.7879804,,04/16/25,,EPA 1633,,,0,0,,0,0,0,0,0,0,0,0,0,0,,0,,,,0,0,0.99,0,0,,,,,,,0,0,,0,0,0,,0,0,0,0,,0,0,0,0,0,0,,0,0,0,0
WQP_USA_2026,GLEC-20532,Surface Water,33.2920045,-109.1956398,,04/17/25,,EPA 1633,,,0,0,,0,0,0,0,0,0,0,0,0,0,,0,,,,0,0,18,0,0,,,,,,,0,0,,0,0,0,,0,0,0,0,,0,0,0,0,0,0,,0,0,0,0
WQP_USA_2026,MNPCA-16-0027-00-201,Surface Water,48.049924,-90.064029,,05/23/24,,EPA 1633,,,,0.327,,,,,,0.401,,,,,,,,,,,1.73,,0.156,1.43,,,,,,,,,,,,,,,,,,,,,,,,,,,,,,
WQP_USA_2026,MNPCA-16-0027-00-201,Surface Water,48.049924,-90.064029,,06/17/24,,EPA 1633,,,,0.335,,,,,,0.469,,,,,,,,,,,1.65,,,1.39,,,,,,,,,,,,,,,,,,,,,,,,,,,,,,
WQP_USA_2026,MNPCA-16-0027-00-201,Surface Water,48.049924,-90.064029,,06/25/24,,EPA 1633,,,,0.293,,,,,,0.392,,,,,,,,,,,1.2,,,1.12,,,,,,,,,,,,,,,,,,,,,,,,,,,,,,
WQP_USA_2026,MNPCA-16-0027-00-201,Surface Water,48.049924,-90.064029,,07/09/24,,EPA 1633,,,,0.235,,,,,,0.348,,,,,,,,,,,1.47,,,1.15,,,,,,,,,,,,,,,,,,,,,,,,,,,,,,
WQP_USA_2026,MNPCA-16-0027-00-201,Surface Water,48.049924,-90.064029,,07/25/24,,EPA 1633,,,,0.269,,,,,,0.399,,,,,,,,,,,1.2,,,1.09,,,,,,,,,,,,,,,,,,,,,,,,,,,,,,
WQP_USA_2026,MNPCA-16-0027-00-201,Surface Water,48.049924,-90.064029,,08/06/24,,EPA 1633,,,,0.216,,,,,,0.295,,,,,,,,,,,1.04,,,0.859,,,,,,,,,,,,,,,,,,,,,,,,,,,,,,
WQP_USA_2026,MNPCA-16-0027-00-201,Surface Water,48.049924,-90.064029,,08/14/24,,EPA 1633,,,,0.268,,,,,,0.41,,,,,,,,,,,1.1,,,0.782,,,,,,,,,,,,,,,,,,,,,,,,,,,,,,
WQP_USA_2026,MNPCA-16-0027-00-201,Surface Water,48.049924,-90.064029,,09/05/24,,EPA 1633,,,,,,,,,,,,,,,,,,,,,,,,1.23,,,,,,,,,,,,,,,,,,,,,,,,,,,,,,
WQP_USA_2026,MNPCA-16-0147-00-202,Surface Water,48.053315,-90.38301,,05/23/24,,EPA 1633,,,,0.657,,,0.321,,0.303,0.68,,,,,,,,,,,1.26,,0.181,1.89,,,,,,,,,,,,,,,,,,,,,,,,,,,,,,
WQP_USA_2026,MNPCA-16-0147-00-202,Surface Water,48.053315,-90.38301,,06/25/24,,EPA 1633,,,,0.506,,,,,,0.568,,,,,,,,,,,0.59,,,1.93,,,,,,,,,,,,,,,,,,,,,,,,,,,,,,
WQP_USA_2026,MNPCA-16-0147-00-202,Surface Water,48.053315,-90.38301,,07/08/24,,EPA 1633,,,,0.665,,,,,,0.598,,,,,,,,,,,1.12,,,2.13,,,,,,,,,,,,,,,,,,,,,,,,,,,,,,
WQP_USA_2026,MNPCA-16-0147-00-202,Surface Water,48.053315,-90.38301,,07/24/24,,EPA 1633,,,,0.647,,,,,,0.566,,,,,,,,,,,1.19,,,2.24,,,,,,,,,,,,,,,,,,,,,,,,,,,,,,
WQP_USA_2026,MNPCA-16-0147-00-202,Surface Water,48.053315,-90.38301,,08/05/24,,EPA 1633,,,,0.414,,,,,,0.57,,,,,,,,,,,1.12,,,1.49,,,,,,,,,,,,,,,,,,,,,,,,,,,,,,
WQP_USA_2026,MNPCA-16-0147-00-202,Surface Water,48.053315,-90.38301,,09/04/24,,EPA 1633,,,,0.245,,,,,,0.556,,,,,,,,,,,,,,1.99,,,,,,,,,,,,,,,,,,,,,,,,,,,,,,
WQP_USA_2026,MNPCA-25-0001-00-232,Surface Water,44.487584,-92.290317,,07/16/24,,EPA 1633,,,1.34,1.97,,,,0.239,0.919,0.686,,,,,,,,,,,1.03,,0.726,11.1,,,,,,,,,,,,,,,,,,,,,,,,,,,,,,
WQP_USA_2026,MNPCA-25-0001-00-232,Surface Water,44.487584,-92.290317,,08/13/24,,EPA 1633,,,1.72,2.84,,,,0.515,1.35,0.619,,,,,,,,,,,1.51,,1.2,13.1,,,,,,,,,,,,,,,,,,,,,,,,,,,,,,
WQP_USA_2026,MNPCA-25-0001-00-232,Surface Water,44.487584,-92.290317,,09/10/24,,EPA 1633,,,2.16,3.22,,,,0.853,1.65,0.785,,,,,,,,,,,2.18,,2.89,15.4,,,,,,,,,,,,,,,,,,,,,,,,,,,,,,
WQP_USA_2026,MNPCA-29-0237-00-100,Surface Water,47.39378,-94.971638,,05/28/24,,EPA 1633,,,,,,,,,,0.362,,,,,,,,,,,,,,3.86,,,,,,,,,,,,,,,,,,,,,,,,,,,,,,
WQP_USA_2026,MNPCA-29-0237-00-100,Surface Water,47.39378,-94.971638,,06/06/24,,EPA 1633,,,,,,,,,,0.3825,,,,,,,,,,,,,,,,,,,,,,,,,,,,,,,,,,,,,,,,,,,,
WQP_USA_2026,MNPCA-29-0237-00-100,Surface Water,47.39378,-94.971638,,07/01/24,,EPA 1633,,,,,,,,,,0.373,,,,,,,,,,,,,,1.82,,,,,,,,,,,,,,,,,,,,,,,,,,,,,,
WQP_USA_2026,MNPCA-29-0237-00-100,Surface Water,47.39378,-94.971638,,09/16/24,,EPA 1633,,,,,,,,,,0.422,,,,,,,,,,,,,,,,,,,,,,,,,,,,,,,,,,,,,,,,,,,,
WQP_USA_2026,MNPCA-29-0309-00-101,Surface Water,47.335958,-95.170548,,05/28/24,,EPA 1633,,,,,,,,,,,,,,,,,,,,,,,,2.26,,,,,,,,,,,,,,,,,,,,,,,,,,,,,,
WQP_USA_2026,MNPCA-29-0309-00-101,Surface Water,47.335958,-95.170548,,07/01/24,,EPA 1633,,,,,,,,,,,,,,,,,,,,,,,,0.7765,,,,,,,,,,,,,,,,,,,,,,,,,,,,,,
WQP_USA_2026,MNPCA-31-0532-01-205,Surface Water,47.19922,-93.612317,,05/29/24,,EPA 1633,,,,0.406,,,,,0.503,0.565,,,,,,,,,,,0.299,,0.305,4.29,,,,,,,,,,,,,,,,,,,,,,,,,,,,,,
WQP_USA_2026,MNPCA-31-0532-01-205,Surface Water,47.19922,-93.612317,,06/20/24,,EPA 1633,,,,0.419,,,,,0.352,0.499,,,,,,,,,,,,,0.273,3.04,,,,,,,,,,,,,,,,,,,,,,,,,,,,,,
WQP_USA_2026,MNPCA-31-0532-01-205,Surface Water,47.19922,-93.612317,,07/02/24,,EPA 1633,,,,0.4,,,,,0.418,0.563,,,,,,,,,,,0.395,,0.283,3.2,,,,,,,,,,,,,,,,,,,,,,,,,,,,,,
WQP_USA_2026,MNPCA-31-0532-01-205,Surface Water,47.19922,-93.612317,,08/20/24,,EPA 1633,,,,0.3055,,,,,,0.2155,,,,,,,,,,,,,,2.75,,,,,,,,,,,,,,,,,,,,,,,,,,,,,,
WQP_USA_2026,MNPCA-31-0532-01-205,Surface Water,47.19922,-93.612317,,09/18/24,,EPA 1633,,,,0.638,,,0.512,0.222,0.737,0.709,,,,,,,,,,,1.08,,0.444,4.07,,,,,,,,,,,,,,,,,,,,,,,0.189,,,,,,,
WQP_USA_2026,MNPCA-31-0532-02-208,Surface Water,47.165225,-93.537845,,05/29/24,,EPA 1633,,,,0.4475,,,,,0.42,0.518,,,,,,,,,,,0.282,,0.289,5.03,,,,,,,,,,,,,,,,,,,,,,,,,,,,,,
WQP_USA_2026,MNPCA-31-0532-02-208,Surface Water,47.165225,-93.537845,,06/18/24,,EPA 1633,,,,0.361,,,,,0.474,0.42,,,,,,,,,,,0.296,,0.281,4.7,,,,,,,,,,,,,,,,,,,,,,,,,,,,,,
WQP_USA_2026,MNPCA-31-0532-02-208,Surface Water,47.165225,-93.537845,,06/20/24,,EPA 1633,,,,0.455,,,,,0.471,0.417,,,,,,,,,,,,,0.287,3.01,,,,,,,,,,,,,,,,,,,,,,,,,,,,,,
WQP_USA_2026,MNPCA-31-0532-02-208,Surface Water,47.165225,-93.537845,,07/02/24,,EPA 1633,,,,0.528,,,,,0.458,0.492,,,,,,,,,,,,,0.298,2.99,,,,,,,,,,,,,,,,,,,,,,,,,,,,,,
WQP_USA_2026,MNPCA-31-0532-02-208,Surface Water,47.165225,-93.537845,,07/23/24,,EPA 1633,,,,0.49,,,,,0.351,0.619,,,,,,,,,,,,,0.309,2.92,,,,,,,,,,,,,,,,,,,,,,,,,,,,,,
WQP_USA_2026,MNPCA-31-0532-02-208,Surface Water,47.165225,-93.537845,,08/20/24,,EPA 1633,,,,0.447,,,,,,,,,,,,,,,,,,,,2.04,,,,,,,,,,,,,,,,,,,,,,,,,,,,,,
WQP_USA_2026,MNPCA-31-0532-02-208,Surface Water,47.165225,-93.537845,,09/18/24,,EPA 1633,,,,0.619,,,0.464,0.205,0.596,0.711,,,,,,,,,,,0.964,,0.462,3.95,,,,,,,,,,,,,,,,,,,,,,,,,,,,,,
WQP_USA_2026,MNPCA-31-0532-02-208,Surface Water,47.165225,-93.537845,,10/11/24,,EPA 1633,,,,0.692,,,0.506,0.239,0.638,0.725,,,,,,,,,,,,,0.473,3.78,,,,,,,,,,,,,,,,,,,,,,,,,,,,,,
WQP_USA_2026,MNPCA-MN0001449-SD001,Surface Water,44.7866,-92.90053,,02/01/07,,Unnamed_SPE_LCMS_MS,,,,,,0,0,,,,,,,,,,,,,,,,,,,,,,,,,,,,,,,,,,,,,,,,0,,,,,,,
WQP_USA_2026,MNPCA-MN0001449-SD001,Surface Water,44.7866,-92.90053,,03/01/07,,Unnamed_SPE_LCMS_MS,,,,,,0,0,,,0,,,,,,,,,,,,,,,,,,,,,,,,,,,,,,,,,,,,,0,,,,,,,
WQP_USA_2026,MNPCA-MN0001449-SD001,Surface Water,44.7866,-92.90053,,04/01/07,,Unnamed_SPE_LCMS_MS,,,,,,0,0,,,,,,,,,,,,,,,,,,,,,,,,,,,,,,,,,,,,,,,,0,,,,,,,
WQP_USA_2026,MNPCA-MN0001449-SD001,Surface Water,44.7866,-92.90053,,05/01/07,,Unnamed_SPE_LCMS_MS,,,,,,0,0,,,,,,,,,,,,,,,,,,,,,,,,,,,,,,,,,,,,,,,,,,,,,,,
WQP_USA_2026,MNPCA-MN0001449-SD001,Surface Water,44.7866,-92.90053,,06/01/07,,Unnamed_SPE_LCMS_MS,,,,,,0,0,,,,,,,,,,,,,,,,,,,,,,,,,,,,,,,,,,,,,,0,,0,,,,,,,
WQP_USA_2026,MNPCA-MN0001449-SD001,Surface Water,44.7866,-92.90053,,07/01/07,,Unnamed_SPE_LCMS_MS,,,,,,0,0,,,,,,,,,,,,,,,,,,,,,,,,,,,,,,,,,,,,,,0,,0,,,,,,,
WQP_USA_2026,MNPCA-MN0001449-SD001,Surface Water,44.7866,-92.90053,,08/01/07,,Unnamed_SPE_LCMS_MS,,,,,,0,0,,,,,,,,,,,,,,,,,,,,,,,,,,,,,,,,,,,,,,,,,,,,,,,
WQP_USA_2026,MNPCA-MN0001449-SD001,Surface Water,44.7866,-92.90053,,09/01/07,,Unnamed_SPE_LCMS_MS,,,,,,0,0,,,,,,,,,,,,,,,,,,,,,,,,,,,,,,,,,,,,,,,,0,,,,,,,
WQP_USA_2026,MNPCA-MN0001449-SD001,Surface Water,44.7866,-92.90053,,10/01/07,,Unnamed_SPE_LCMS_MS,,,,,,0,0,,,,,,,,,,,,,,,,,,,,,,,,,,,,,,,,,,,,,,,,0,,,,,,,
WQP_USA_2026,MNPCA-MN0001449-SD001,Surface Water,44.7866,-92.90053,,11/01/07,,Unnamed_SPE_LCMS_MS,,,,,,0,0,,,,,,,,,,,,,,,,,,,,,,,,,,,,,,,,,,,,,,,,0,,,,,,,
WQP_USA_2026,MNPCA-MN0001449-SD001,Surface Water,44.7866,-92.90053,,12/01/07,,Unnamed_SPE_LCMS_MS,,,,,,0,0,,,,,,,,,,,,,,,,,,,,,,,,,,,,,,,,,,,,,,,,0,,,,,,,
WQP_USA_2026,MNPCA-MN0001449-SD001,Surface Water,44.7866,-92.90053,,01/01/08,,Unnamed_SPE_LCMS_MS,,,,,,0,0,,,,,,,,,,,,,,,,,,,,,,,,,,,,,,,,,,,,,,,,0,,,,,,,
WQP_USA_2026,MNPCA-MN0001449-SD001,Surface Water,44.7866,-92.90053,,02/01/08,,Unnamed_SPE_LCMS_MS,,,,,,0,0,,,,,,,,,,,,,,,,,,,,,,,,,,,,,,,,,,,,,,,,0,,,,,,,
WQP_USA_2026,MNPCA-MN0001449-SD001,Surface Water,44.7866,-92.90053,,03/01/08,,Unnamed_SPE_LCMS_MS,,,,,,0,0,,,,,,,,,,,,,,,,,,,,,,,,,,,,,,,,,,,,,,,,,,,,,,,
WQP_USA_2026,MNPCA-MN0001449-SD002,Surface Water,44.78816,-92.90393,,02/01/07,,Unnamed_SPE_LCMS_MS,,,,,,0,0,,,,,,,,,,,,,,,,,,,,,,,,,,,,,,,,,,,,,,,,0,,,,,,,
WQP_USA_2026,MNPCA-MN0001449-SD002,Surface Water,44.78816,-92.90393,,03/01/07,,Unnamed_SPE_LCMS_MS,,,,,,0,0,,,,,,,,,,,,,,,,,,,,,,,,,,,,,,,,,,,,,,,,0,,,,,,,
WQP_USA_2026,MNPCA-MN0001449-SD002,Surface Water,44.78816,-92.90393,,04/01/07,,Unnamed_SPE_LCMS_MS,,,,,,0,0,,,,,,,,,,,,,,,,,,,,,,,,,,,,,,,,,,,,,,,,,,,,,,,
WQP_USA_2026,MNPCA-MN0001449-SD002,Surface Water,44.78816,-92.90393,,05/01/07,,Unnamed_SPE_LCMS_MS,,,,,,0,0,,,,,,,,,,,,,,,,,,,,,,,,,,,,,,,,,,,,,,,,,,,,,,,
WQP_USA_2026,MNPCA-MN0001449-SD002,Surface Water,44.78816,-92.90393,,06/01/07,,Unnamed_SPE_LCMS_MS,,,,,,0,0,,,,,,,,,,,,,,,,,,,,,,,,,,,,,,,,,,,,,,,,0,,,,,,,
WQP_USA_2026,MNPCA-MN0001449-SD002,Surface Water,44.78816,-92.90393,,07/01/07,,Unnamed_SPE_LCMS_MS,,,,,,,0,,,,,,,,,,,,,,,,,,,,,,,,,,,,,,,,,,,,,,,,,,,,,,,
WQP_USA_2026,MNPCA-MN0001449-SD002,Surface Water,44.78816,-92.90393,,08/01/07,,Unnamed_SPE_LCMS_MS,,,,,,0,0,,,,,,,,,,,,,,,,,,,,,,,,,,,,,,,,,,,,,,0,,0,,,,,,,
WQP_USA_2026,MNPCA-MN0001449-SD002,Surface Water,44.78816,-92.90393,,09/01/07,,Unnamed_SPE_LCMS_MS,,,,,,0,0,,,,,,,,,,,,,,,,,,,,,,,,,,,,,,,,,,,,,,,,0,,,,,,,
WQP_USA_2026,MNPCA-MN0001449-SD002,Surface Water,44.78816,-92.90393,,10/01/07,,Unnamed_SPE_LCMS_MS,,,,,,0,0,,,,,,,,,,,,,,,,,,,,,,,,,,,,,,,,,,,,,,,,0,,,,,,,
WQP_USA_2026,MNPCA-MN0001449-SD002,Surface Water,44.78816,-92.90393,,11/01/07,,Unnamed_SPE_LCMS_MS,,,,,,0,0,,,,,,,,,,,,,,,,,,,,,,,,,,,,,,,,,,,,,,,,0,,,,,,,
WQP_USA_2026,MNPCA-MN0001449-SD002,Surface Water,44.78816,-92.90393,,12/01/07,,Unnamed_SPE_LCMS_MS,,,,,,0,0,,,,,,,,,,,,,,,,,,,,,,,,,,,,,,,,,,,,,,,,0,,,,,,,
WQP_USA_2026,MNPCA-MN0001449-SD002,Surface Water,44.78816,-92.90393,,01/01/08,,Unnamed_SPE_LCMS_MS,,,,,,0,0,,,,,,,,,,,,,,,,,,,,,,,,,,,,,,,,,,,,,,,,0,,,,,,,
WQP_USA_2026,MNPCA-MN0001449-SD002,Surface Water,44.78816,-92.90393,,02/01/08,,Unnamed_SPE_LCMS_MS,,,,,,0,0,,,,,,,,,,,,,,,,,,,,,,,,,,,,,,,,,,,,,,,,0,,,,,,,
WQP_USA_2026,MNPCA-MN0001449-SD002,Surface Water,44.78816,-92.90393,,03/01/08,,Unnamed_SPE_LCMS_MS,,,,,,0,0,,,,,,,,,,,,,,,,,,,,,,,,,,,,,,,,,,,,,,,,,,,,,,,
WQP_USA_2026,MNPCA-PD00027,Surface Water,46.65794,-92.23873,,09/26/22,,Unnamed_SPE_LCMS_MS,,,2080,79.8,,,3.18,499,153,30.3,,,,,,,,,,,103,,46.2,45.9,,,,,,,,,,,,,,,,,,,,,,,204,,,,,,,
WQP_USA_2026,MNPCA-PD00028,Surface Water,46.658433,-92.240102,,09/26/22,,Unnamed_SPE_LCMS_MS,,,1960,73.3,,,3.54,470,152,32.3,,,,,,,,,,,87.5,,44.1,45.5,,,,,,,,,,,,,,,,,,,,,,,225,,,,,,,
WQP_USA_2026,MNPCA-PD00029,Surface Water,46.658481,-92.240161,,09/26/22,,Unnamed_SPE_LCMS_MS,,,1680,75.3,,,2.05,462,154,29.4,,,,,,,,,,,96.9,,46.3,46.3,,,,,,,,,,,,,,,,,,,,,,,199,,,,,,,
WQP_USA_2026,MNPCA-PD00030,Surface Water,46.65738,-92.24003,,09/26/22,,Unnamed_SPE_LCMS_MS,,,7155,414,,5.665,20.5,2025,766.5,119.15,,,,,,,,,,,365.5,,148.5,147.5,,,,,,,,,,,,,,,12.95,,,,,,,,258.5,,,,,,,
WQP_USA_2026,MNPCA-PD00031,Surface Water,46.656595,-92.238608,,09/28/22,,Unnamed_SPE_LCMS_MS,,,5600,177,,,11.6,2430,360,87.6,,,,,,,,,,,353,,196,119,,,,,,,,,,,,,,,,,5.79,,,,,,78.6,,,,,,,
WQP_USA_2026,MNPCA-PD00048,Surface Water,44.844547,-93.231477,,04/30/24,,EPA 1633,,,4.44,3.01,,1.23,1.53,7.39,3.22,2.2,,0.476,,,,,,,,,3.6,0.501,0.693,10.8,0.264,,,,,,,,,,,,,,,,,,,,0.542,0.686,,,,,,,,0.246
WQP_USA_2026,MNPCA-PD00048,Surface Water,44.844547,-93.231477,,09/04/24,,EPA 1633,,,8.48,6.34,,2.14,2.93,10.5,7.25,5.92,,1.44,,,,,,,,,8.77,0.451,0.736,27.6,3.38,,,,,,,,,,,,,,,,,0.258,,,1.09,0.984,,,,,,,,4.19
WQP_USA_2026,MNPCA-PD00048,Surface Water,44.844547,-93.231477,,10/16/24,,EPA 1633,,,4.155,5.06,,2.635,3.535,7.565,5,4.165,0.237,1.0045,,,,,,,,,5.6,0.566,0.9915,14.9,1.23,,,,,,,,,,,,,,,,,0.621,,,1.21,1.435,,,,,,,,1.245
WQP_USA_2026,MNPCA-S000-067,Surface Water,43.80923,-91.25816,,05/13/24,,EPA 1633,,,0.924,1.64,,,,0.286,0.675,0.42,,,,,,,,,,,0.706,,1.11,6.66,,,,,,,,,,,,,,,,,,,,,,,,,,,,,,
WQP_USA_2026,MNPCA-S000-067,Surface Water,43.80923,-91.25816,,07/16/24,,EPA 1633,,,1.2,1.66,,,,0.253,0.981,0.656,,,,,,,,,,,0.841,,0.731,10.2,,,,,,,,,,,,,,,,,,,,,,,,,,,,,,
WQP_USA_2026,MNPCA-S000-067,Surface Water,43.80923,-91.25816,,07/31/24,,EPA 1633,,,1.14,1.6,,,,0.256,0.859,0.52,,,,,,,,,,,0.88,,0.721,9.95,,,,,,,,,,,,,,,,,,,,,,,,,,,,,,
WQP_USA_2026,MNPCA-S000-067,Surface Water,43.80923,-91.25816,,08/13/24,,EPA 1633,,,1.19,2.31,,,,0.468,1.2,0.572,,,,,,,,,,,1.2,,1.1,10.3,,,,,,,,,,,,,,,,,,,,,,,,,,,,,,
WQP_USA_2026,MNPCA-S000-067,Surface Water,43.80923,-91.25816,,09/10/24,,EPA 1633,,,1.61,2.71,,,,0.407,1.17,0.448,,,,,,,,,,,1.16,,3.31,12.6,,,,,,,,,,,,,,,,,,,,,,,,,,,,,,
WQP_USA_2026,MNPCA-S000-151,Surface Water,46.074417,-94.334806,,07/15/24,,EPA 1633,,,,0.684,,,,,0.566,0.78,,,,,,,,,,,0.418,,0.485,7.65,,,,,,,,,,,,,,,,,,,,,,,,,,,,,,
WQP_USA_2026,MNPCA-S000-151,Surface Water,46.074417,-94.334806,,08/14/24,,EPA 1633,,,,0.197,,,,,0.478,0.457,,,,,,,,,,,,,0.251,5.77,,,,,,,,,,,,,,,,,,,,,,,,,,,,,,
WQP_USA_2026,MNPCA-S000-151,Surface Water,46.074417,-94.334806,,09/09/24,,EPA 1633,,,,0.26,,,,,,0.365,,,,,,,,,,,,,,5.56,,,,,,,,,,,,,,,,,,,,,,,,,,,,,,
WQP_USA_2026,MNPCA-S000-152,Surface Water,46.54425,-93.955889,,05/13/24,,EPA 1633,,,,0.368,,,,,0.351,0.562,,,,,,,,,,,,,0.425,4.12,,,,,,,,,,,,,,,,,,,,,,,,,,,,,,
WQP_USA_2026,MNPCA-S000-152,Surface Water,46.54425,-93.955889,,07/15/24,,EPA 1633,,,,0.702,,,0.318,,0.593,1.08,,,,,,,,,,,0.719,,0.467,8.28,,,,,,,,,,,,,,,,,,,,,,,,,,,,,,
WQP_USA_2026,MNPCA-S000-152,Surface Water,46.54425,-93.955889,,08/14/24,,EPA 1633,,,,0.27,,,,,0.496,0.644,,,,,,,,,,,,,0.207,6.76,,,,,,,,,,,,,,,,,,,,,,,,,,,,,,
WQP_USA_2026,MNPCA-S000-152,Surface Water,46.54425,-93.955889,,09/09/24,,EPA 1633,,,,0.341,,,,,0.436,0.73,,,,,,,,,,,,,,6.84,,,,,,,,,,,,,,,,,,,,,,,,,,,,,,
WQP_USA_2026,MNPCA-S000-155,Surface Water,47.453,-94.711,,05/14/24,,EPA 1633,,,,0.337,,,,0.294,0.499,0.423,,,,,,,,,,,0.391,,0.404,4.02,,,,,,,,,,,,,,,,,,,,,,,,,,,,,,
WQP_USA_2026,MNPCA-S000-155,Surface Water,47.453,-94.711,,07/16/24,,EPA 1633,,,,0.404,,,,,,0.397,,,,,,,,,,,,,0.339,2.41,,,,,,,,,,,,,,,,,,,,,,,,,,,,,,
WQP_USA_2026,MNPCA-S000-155,Surface Water,47.453,-94.711,,08/15/24,,EPA 1633,,,,,,,,0.11,,0.209,,,,,,,,,,,,,,2.46,,,,,,,,,,,,,,,,,,,,,,,,,,,,,,
WQP_USA_2026,MNPCA-S000-155,Surface Water,47.453,-94.711,,09/10/24,,EPA 1633,,,,,,,,,0.307,0.191,,,,,,,,,,,,,,2.985,,,,,,,,,,,,,,,,,,,,,,,,,,,,,,
WQP_USA_2026,MNPCA-S000-155,Surface Water,47.453,-94.711,,09/27/24,,EPA 1633,,,,,,,,,0.293,0.171,,,,,,,,,,,,,,3.47,,,,,,,,,,,,,,,,,,,,,,,,,,,,,,
WQP_USA_2026,MNPCA-S000-250,Surface Water,47.337528,-91.200111,,05/22/24,,EPA 1633,,,,,,,,,,0.437,,,,,,,,,,,,,0.264,2.86,,,,,,,,,,,,,,,,,,,,,,,,,,,,,,
WQP_USA_2026,MNPCA-S000-250,Surface Water,47.337528,-91.200111,,06/25/24,,EPA 1633,,,,0.373,,,,,,0.616,,,,,,,,,,,,,,4.62,,,,,,,,,,,,,,,,,,,,,,,,,,,,,,
WQP_USA_2026,MNPCA-S000-250,Surface Water,47.337528,-91.200111,,07/16/24,,EPA 1633,,,,0.522,,,,,,0.661,,,,,,,,,,,,,0.231,6.05,,,,,,,,,,,,,,,,,,,,,,,,,,,,,,
WQP_USA_2026,MNPCA-S000-250,Surface Water,47.337528,-91.200111,,08/20/24,,EPA 1633,,,,0.168,,,,,,0.22,,,,,,,,,,,,,,2.79,,,,,,,,,,,,,,,,,,,,,,,,,,,,,,
WQP_USA_2026,MNPCA-S000-250,Surface Water,47.337528,-91.200111,,09/25/24,,EPA 1633,,,,,,,,,,,,,,,,,,,,,,,,1.73,,,,,,,,,,,,,,,,,,,,,,,,,,,,,,
WQP_USA_2026,MNPCA-S000-250,Surface Water,47.337528,-91.200111,,10/14/24,,EPA 1633,,,,,,,,,,,,,,,,,,,,,,,,1.81,,,,,,,,,,,,,,,,,,,,,,,,,,,,,,
WQP_USA_2026,MNPCA-S000-251,Surface Water,47.81823,-90.0518,,05/22/24,,EPA 1633,,,,0.29,,,,,,0.523,,,,,,,,,,,,,,1.77,,,,,,,,,,,,,,,,,,,,,,,,,,,,,,
WQP_USA_2026,MNPCA-S000-251,Surface Water,47.81823,-90.0518,,06/25/24,,EPA 1633,,,,0.224,,,,,,0.498,,,,,,,,,,,0.598,,,1.9,,,,,,,,,,,,,,,,,,,,,,,,,,,,,,
WQP_USA_2026,MNPCA-S000-251,Surface Water,47.81823,-90.0518,,07/09/24,,EPA 1633,,,,0.219,,,,,,0.3,,,,,,,,,,,,,,1.87,,,,,,,,,,,,,,,,,,,,,,,,,,,,,,
WQP_USA_2026,MNPCA-S000-251,Surface Water,47.81823,-90.0518,,08/06/24,,EPA 1633,,,,0.193,,,,,,0.409,,,,,,,,,,,0.347,,,1.8,,,,,,,,,,,,,,,,,,,,,,,,,,,,,,
WQP_USA_2026,MNPCA-S000-251,Surface Water,47.81823,-90.0518,,09/05/24,,EPA 1633,,,,,,,,,,,,,,,,,,,,,,,,1.67,,,,,,,,,,,,,,,,,,,,,,,,,,,,,,
WQP_USA_2026,MNPCA-S000-253,Surface Water,47.707222,-90.5225,,05/22/24,,EPA 1633,,,,0.335,,,,,,0.668,,,,,,,,,,,,,0.322,3.41,,,,,,,,,,,,,,,,,,,,,,,,,,,,,,
WQP_USA_2026,MNPCA-S000-253,Surface Water,47.707222,-90.5225,,06/25/24,,EPA 1633,,,,0.3065,,,,,,0.448,,,,,,,,,,,,,,3.035,,,,,,,,,,,,,,,,,,,,,,,,,,,,,,
WQP_USA_2026,MNPCA-S000-253,Surface Water,47.707222,-90.5225,,07/16/24,,EPA 1633,,,,0.334,,,,,,0.579,,,,,,,,,,,,,0.19,3.65,,,,,,,,,,,,,,,,,,,,,,,,,,,,,,
WQP_USA_2026,MNPCA-S000-253,Surface Water,47.707222,-90.5225,,08/20/24,,EPA 1633,,,,,,,,,,,,,,,,,,,,,,,,2.21,,,,,,,,,,,,,,,,,,,,,,,,,,,,,,
WQP_USA_2026,MNPCA-S000-253,Surface Water,47.707222,-90.5225,,09/25/24,,EPA 1633,,,,0.466,,,0.453,,,0.329,,,,,,,,,4.56,,,,0.254,2.32,,,,,,,,,,,,,,,,,,,,,,,,,,,,,,
WQP_USA_2026,MNPCA-S000-265,Surface Water,47.639556,-90.847694,,05/23/24,,EPA 1633,,,,,,,,,,0.383,,,,,,,,,,,1.98,,0.281,2.67,,,,,,,,,,,,,,,,,,,,,,,,,,,,,,
WQP_USA_2026,MNPCA-S000-265,Surface Water,47.639556,-90.847694,,06/25/24,,EPA 1633,,,,0.303,,,,,,0.648,,,,,,,,,,,,,0.209,3.04,,,,,,,,,,,,,,,,,,,,,,,,,,,,,,
WQP_USA_2026,MNPCA-S000-265,Surface Water,47.639556,-90.847694,,07/08/24,,EPA 1633,,,,0.18,,,,,,0.278,,,,,,,,,,,,,,,,,,,,,,,,,,,,,,,,,,,,,,,,,,,,
WQP_USA_2026,MNPCA-S000-265,Surface Water,47.639556,-90.847694,,08/05/24,,EPA 1633,,,,0.294,,,,,,0.505,,,,,,,,,,,0.221,,0.142,2.44,,,,,,,,,,,,,,,,,,,,,,,,,,,,,,
WQP_USA_2026,MNPCA-S000-265,Surface Water,47.639556,-90.847694,,09/04/24,,EPA 1633,,,,,,,,,,,,,,,,,,,,,,,,2.02,,,,,,,,,,,,,,,,,,,,,,,,,,,,,,
WQP_USA_2026,MNPCA-S000-570,Surface Water,46.281389,-94.331389,,05/13/24,,EPA 1633,,,,0.453,,,,,0.381,0.69,,,,,,,,,,,,,0.454,4.16,,,,,,,,,,,,,,,,,,,,,,,,,,,,,,
WQP_USA_2026,MNPCA-S000-570,Surface Water,46.281389,-94.331389,,07/15/24,,EPA 1633,,,,0.753,,,0.339,,0.556,0.95,,,,,,,,,,,0.608,,0.456,7.61,,,,,,,,,,,,,,,,,,,,,,,,,,,,,,
WQP_USA_2026,MNPCA-S000-570,Surface Water,46.281389,-94.331389,,08/14/24,,EPA 1633,,,,0.246,,,,,0.546,0.509,,,,,,,,,,,,,0.157,6.14,,,,,,,,,,,,,,,,,,,,,,,,,,,,,,
WQP_USA_2026,MNPCA-S000-570,Surface Water,46.281389,-94.331389,,09/09/24,,EPA 1633,,,,0.272,,,,,0.535,0.625,,,,,,,,,,,,,,6.87,,,,,,,,,,,,,,,,,,,,,,,,,,,,,,
WQP_USA_2026,MNPCA-S000-864,Surface Water,47.793639,-90.154861,,06/26/24,,EPA 1633,,,,0.254,,,,,,0.4125,,,,,,,,,,,,,0.1755,2.385,,,,,,,,,,,,,,,,,,,,,,,,,,,,,,
WQP_USA_2026,MNPCA-S000-864,Surface Water,47.793639,-90.154861,,07/09/24,,EPA 1633,,,,,,,,,,0.259,,,,,,,,,,,,,,1.22,,,,,,,,,,,,,,,,,,,,,,,,,,,,,,
WQP_USA_2026,MNPCA-S000-864,Surface Water,47.793639,-90.154861,,08/06/24,,EPA 1633,,,,,,,,,,0.231,,,,,,,,,,,,,,1.14,,,,,,,,,,,,,,,,,,,,,,,,,,,,,,
WQP_USA_2026,MNPCA-S000-864,Surface Water,47.793639,-90.154861,,09/05/24,,EPA 1633,,,,,,,,,,,,,,,,,,,,,,,,1.06,,,,,,,,,,,,,,,,,,,,,,,,,,,,,,
WQP_USA_2026,MNPCA-S000-865,Surface Water,47.784861,-90.182306,,06/26/24,,EPA 1633,,,0.385,0.667,,,,,0.267,0.603,,,,,,,,,,,,,0.192,2.8,,,,,,,,,,,,,,,,,,,,,,,,,,,,,,
WQP_USA_2026,MNPCA-S000-865,Surface Water,47.784861,-90.182306,,07/09/24,,EPA 1633,,,,0.2205,,,,,,0.3925,,,,,,,,,,,,,,1.925,,,,,,,,,,,,,,,,,,,,,,,,,,,,,,
WQP_USA_2026,MNPCA-S000-865,Surface Water,47.784861,-90.182306,,08/06/24,,EPA 1633,,,,0.233,,,,,,0.32,,,,,,,,,,,,,,2.05,,,,,,,,,,,,,,,,,,,,,,,,,,,,,,
WQP_USA_2026,MNPCA-S000-865,Surface Water,47.784861,-90.182306,,09/05/24,,EPA 1633,,,,0.193,,,,,,,,,,,,,,,,,,,,2.2,,,,,,,,,,,,,,,,,,,,,,,,,,,,,,
WQP_USA_2026,MNPCA-S000-909,Surface Water,47.769949,-90.2611,,05/22/24,,EPA 1633,,,,0.217,,,,,,0.439,,,,,,,,,,,,,0.275,1.63,,,,,,,,,,,,,,,,,,,,,,,,,,,,,,
WQP_USA_2026,MNPCA-S000-909,Surface Water,47.769949,-90.2611,,06/26/24,,EPA 1633,,,0.373,0.552,,,,,0.415,0.721,,,,,,,,,,,0.462,,0.247,3.11,,,,,,,,,,,,,,,,,,,,,,,,,,,,,,
WQP_USA_2026,MNPCA-S000-909,Surface Water,47.769949,-90.2611,,07/09/24,,EPA 1633,,,,0.295,,,,,,0.462,,,,,,,,,,,0.285,,0.22,2.16,,,,,,,,,,,,,,,,,,,,,,,,,,,,,,
WQP_USA_2026,MNPCA-S000-909,Surface Water,47.769949,-90.2611,,08/06/24,,EPA 1633,,,,0.17,,,,,,0.237,,,,,,,,,,,,,,1.55,,,,,,,,,,,,,,,,,,,,,,,,,,,,,,
WQP_USA_2026,MNPCA-S000-909,Surface Water,47.769949,-90.2611,,09/05/24,,EPA 1633,,,,,,,,,,,,,,,,,,,,,,,,0.843,,,,,,,,,,,,,,,,,,,,,,,,,,,,,,
WQP_USA_2026,MNPCA-S001-897,Surface Water,47.451119,-94.906574,,05/14/24,,EPA 1633,,,,,,,,,,,,,,,,,,,,,,,0.214,3.63,,,,,,,,,,,,,,,,,,,,,,,,,,,,,,
WQP_USA_2026,MNPCA-S001-897,Surface Water,47.451119,-94.906574,,07/16/24,,EPA 1633,,,,0.379,,,0.313,,,0.65,,,,,,,,,,,,,0.243,4.88,,,,,,,,,,,,,,,,,,,,,,,,,,,,,,
WQP_USA_2026,MNPCA-S001-897,Surface Water,47.451119,-94.906574,,08/15/24,,EPA 1633,,,,,,,,,,,,,,,,,,,,,,,,3.41,,,,,,,,,,,,,,,,,,,,,,,,,,,,,,
WQP_USA_2026,MNPCA-S001-897,Surface Water,47.451119,-94.906574,,09/10/24,,EPA 1633,,,,,,,,,,,,,,,,,,,,,,,,2.95,,,,,,,,,,,,,,,,,,,,,,,,,,,,,,
WQP_USA_2026,MNPCA-S002-996,Surface Water,48.71724,-96.49442,,06/26/24,,EPA 1633,,,,0.411,,,,,0.613,0.839,,,,,,,,,,,0.759,,0.621,12.2,,,,,,,,,,,,,,,,,,,,,,,,,,,,,,
WQP_USA_2026,MNPCA-S002-996,Surface Water,48.71724,-96.49442,,07/29/24,,EPA 1633,,,,0.802,,,0.439,,1.06,1.51,,,,,,,,,,,1.17,,0.596,17.6,,,,,,,,,,,,,,,,,,,,,,,,,,,,,,
WQP_USA_2026,MNPCA-S002-996,Surface Water,48.71724,-96.49442,,08/21/24,,EPA 1633,,,,0.656,,,,,0.727,1.34,,,,,,,,,,,1.25,,0.571,20.8,,,,,,,,,,,,,,,,,,,,,,,,,,,,,,
WQP_USA_2026,MNPCA-S002-996,Surface Water,48.71724,-96.49442,,09/30/24,,EPA 1633,,,,0.5,,,0.44,0.147,,0.581,,,,,,,,,,,1.49,,0.557,5.9,,,,,,,,,,,,,,,,,,,,,,,,,,,,,,
WQP_USA_2026,MNPCA-S003-018,Surface Water,44.9932,-93.2732,,05/30/24,,EPA 1633,,,,0.492,,,,0.204,0.574,0.554,,,,,,,,,,,0.711,,0.791,7.79,,,,,,,,,,,,,,,,,,,,,,,,,,,,,,
WQP_USA_2026,MNPCA-S003-018,Surface Water,44.9932,-93.2732,,06/17/24,,EPA 1633,,,0.44,0.85,,,0.342,0.208,0.814,0.664,,,,,,,,,,,0.877,,0.713,8.13,,,,,,,,,,,,,,,,,,,,,,,,,,,,,,
WQP_USA_2026,MNPCA-S003-018,Surface Water,44.9932,-93.2732,,07/08/24,,EPA 1633,,,,0.781,,,,,0.842,0.705,,,,,,,,,,,0.928,,0.677,9.53,,,,,,,,,,,,,,,,,,,,,,,,,,,,,,
WQP_USA_2026,MNPCA-S003-018,Surface Water,44.9932,-93.2732,,08/12/24,,EPA 1633,,,0.249,0.746,,,,,0.6915,0.566,,,,,,,,,,,0.9025,,0.682,6.975,,,,,,,,,,,,,,,,,,,,,,,,,,,,,,
WQP_USA_2026,MNPCA-S003-018,Surface Water,44.9932,-93.2732,,09/10/24,,EPA 1633,,,0.459,0.643,,,,0.256,0.945,0.468,,,,,,,,,,,1.01,,0.873,9.17,,,,,,,,,,,,,,,,,,,,,,,,,,,,,,
WQP_USA_2026,MNPCA-S003-099,Surface Water,48.760035,-96.922333,,06/26/24,,EPA 1633,,,,0.286,,,,,,0.687,,,,,,,,,,,,,0.415,6.89,,,,,,,,,,,,,,,,,,,,,,,,,,,,,,
WQP_USA_2026,MNPCA-S003-099,Surface Water,48.760035,-96.922333,,07/29/24,,EPA 1633,,,,0.651,,,,,0.597,1.1,,,,,,,,,,,0.972,,0.478,12.9,,,,,,,,,,,,,,,,,,,,,,,,,,,,,,
WQP_USA_2026,MNPCA-S003-099,Surface Water,48.760035,-96.922333,,08/21/24,,EPA 1633,,,,0.4,,,,,0.545,0.835,,,,,,,,,,,,,0.256,14.6,,,,,,,,,,,,,,,,,,,,,,,,,,,,,,
WQP_USA_2026,MNPCA-S003-099,Surface Water,48.760035,-96.922333,,09/30/24,,EPA 1633,,,,1.03,,,0.783,0.155,0.844,1.05,,,,,,,,,,,2.2,,0.551,9.48,,,,,,,,,,,,,,,,,,,,,,,,,,,,,,
WQP_USA_2026,MNPCA-S003-100,Surface Water,48.76562,-96.88681,,06/26/24,,EPA 1633,,,,0.722,,,,,0.887,1.6,,,,,,,,,,,0.955,,0.539,15.5,,,,,,,,,,,,,,,,,,,,,,,,,,,,,,
WQP_USA_2026,MNPCA-S003-100,Surface Water,48.76562,-96.88681,,07/29/24,,EPA 1633,,,,1.35,,,0.629,,1.38,2.2,,,,,,,,,,,1.88,,0.549,21.2,,,,,,,,,,,,,,,,,,,,,,,,,,,,,,
WQP_USA_2026,MNPCA-S003-663,Surface Water,46.709444,-93.484444,,07/16/24,,EPA 1633,,,,0.623,,,,,,1.01,,,,,,,,,,,0.607,,0.385,6.88,,,,,,,,,,,,,,,,,,,,,,,,,,,,,,
WQP_USA_2026,MNPCA-S003-663,Surface Water,46.709444,-93.484444,,08/14/24,,EPA 1633,,,,0.192,,,,,0.545,0.636,,,,,,,,,,,,,0.144,5.46,,,,,,,,,,,,,,,,,,,,,,,,,,,,,,
WQP_USA_2026,MNPCA-S003-663,Surface Water,46.709444,-93.484444,,09/10/24,,EPA 1633,,,,0.406,,,,,,0.542,,,,,,,,,,,,,,5.68,,,,,,,,,,,,,,,,,,,,,,,,,,,,,,
WQP_USA_2026,MNPCA-S004-283,Surface Water,47.84011,-89.965832,,06/25/24,,EPA 1633,,,,,,,,,,0.318,,,,,,,,,,,,,0.2,2.1,,,,,,,,,,,,,,,,,,,,,,,,,,,,,,
WQP_USA_2026,MNPCA-S004-283,Surface Water,47.84011,-89.965832,,07/09/24,,EPA 1633,,,,,,,,,,0.279,,,,,,,,,,,,,,1.56,,,,,,,,,,,,,,,,,,,,,,,,,,,,,,
WQP_USA_2026,MNPCA-S004-283,Surface Water,47.84011,-89.965832,,08/06/24,,EPA 1633,,,,0.3045,,,,,,0.415,,,,,,,,,,,1.505,,0.166,3.08,,,,,,,,,,,,,,,,,,,,,,,,,,,,,,
WQP_USA_2026,MNPCA-S004-283,Surface Water,47.84011,-89.965832,,09/05/24,,EPA 1633,,,,,,,,,,,,,,,,,,,,,,,,2.41,,,,,,,,,,,,,,,,,,,,,,,,,,,,,,
WQP_USA_2026,MNPCA-S004-308,Surface Water,45.32016,-93.81419,,05/29/24,,EPA 1633,,,,0.454,,,,,0.533,0.609,,,,,,,,,,,0.529,,0.602,6.89,,,,,,,,,,,,,,,,,,,,,,,,,,,,,,
WQP_USA_2026,MNPCA-S004-308,Surface Water,45.32016,-93.81419,,06/18/24,,EPA 1633,,,0.3195,0.531,,,0.3015,0.1265,0.5415,0.764,,,,,,,,,,,0.5965,,0.514,5.78,,,,,,,,,,,,,,,,,,,,,,,,,,,,,,
WQP_USA_2026,MNPCA-S004-308,Surface Water,45.32016,-93.81419,,07/08/24,,EPA 1633,,,,0.66,,,,,0.676,0.956,,,,,,,,,,,0.84,,0.56,8.67,,,,,,,,,,,,,,,,,,,,,,,,,,,,,,
WQP_USA_2026,MNPCA-S004-308,Surface Water,45.32016,-93.81419,,08/12/24,,EPA 1633,,,,0.589,,,,,0.477,0.659,,,,,,,,,,,0.731,,0.5,5.6,,,,,,,,,,,,,,,,,,,,,,,,,,,,,,
WQP_USA_2026,MNPCA-S004-308,Surface Water,45.32016,-93.81419,,09/11/24,,EPA 1633,,,,0.478,,,,0.112,0.641,0.361,,,,,,,,,,,,,0.525,6.73,,,,,,,,,,,,,,,,,,,,,,,,,,,,,,
WQP_USA_2026,MNPCA-S004-406,Surface Water,47.6402,-90.7107,,05/23/24,,EPA 1633,,,,0.282,,,,,,0.505,,,,,,,,,,,,,0.309,2.94,,,,,,,,,,,,,,,,,,,,,,,,,,,,,,
WQP_USA_2026,MNPCA-S004-406,Surface Water,47.6402,-90.7107,,06/25/24,,EPA 1633,,,,0.288,,,,,,0.522,,,,,,,,,,,,,0.225,4.02,,,,,,,,,,,,,,,,,,,,,,,,,,,,,,
WQP_USA_2026,MNPCA-S004-406,Surface Water,47.6402,-90.7107,,07/16/24,,EPA 1633,,,,,,,,,,0.408,,,,,,,,,,,,,,2.44,,,,,,,,,,,,,,,,,,,,,,,,,,,,,,
WQP_USA_2026,MNPCA-S004-406,Surface Water,47.6402,-90.7107,,08/20/24,,EPA 1633,,,,,,,,,,,,,,,,,,,,,,,,1.11,,,,,,,,,,,,,,,,,,,,,,,,,,,,,,
WQP_USA_2026,MNPCA-S004-406,Surface Water,47.6402,-90.7107,,09/25/24,,EPA 1633,,,,0.569,,,0.493,,,0.491,,,,,,,,,,,,,0.331,2.68,,,,,,,,,,,,,,,,,,,,,,,,,,,,,,
WQP_USA_2026,MNPCA-S004-954,Surface Water,47.46407,-91.03071,,05/23/24,,EPA 1633,,,,,,,,,,,,,,,,,,,,,,,,1.07,,,,,,,,,,,,,,,,,,,,,,,,,,,,,,
WQP_USA_2026,MNPCA-S004-954,Surface Water,47.46407,-91.03071,,06/25/24,,EPA 1633,,,,,,,,,,,,,,,,,,,,,,,,1.33,,,,,,,,,,,,,,,,,,,,,,,,,,,,,,
WQP_USA_2026,MNPCA-S004-954,Surface Water,47.46407,-91.03071,,07/16/24,,EPA 1633,,,,,,,,,,,,,,,,,,,,,,,,2.38,,,,,,,,,,,,,,,,,,,,,,,,,,,,,,
WQP_USA_2026,MNPCA-S004-954,Surface Water,47.46407,-91.03071,,08/20/24,,EPA 1633,,,,,,,,,,,,,,,,,,,,,,,,0.481,,,,,,,,,,,,,,,,,,,,,,,,,,,,,,
WQP_USA_2026,MNPCA-S006-163,Surface Water,45.59723,-94.18272,,05/29/24,,EPA 1633,,,,0.475,,,,,0.375,0.516,,,,,,,,,,,,,0.46,4.52,,,,,,,,,,,,,,,,,,,,,,,,,,,,,,
WQP_USA_2026,MNPCA-S006-163,Surface Water,45.59723,-94.18272,,06/18/24,,EPA 1633,,,0.227,0.604,,,,,0.505,0.817,,,,,,,,,,,0.43,,0.399,6.17,,,,,,,,,,,,,,,,,,,,,,,,,,,,,,
WQP_USA_2026,MNPCA-S006-163,Surface Water,45.59723,-94.18272,,07/08/24,,EPA 1633,,,,0.648,,,,,0.568,0.955,,,,,,,,,,,0.882,,0.48,8.78,,,,,,,,,,,,,,,,,,,,,,,,,,,,,,
WQP_USA_2026,MNPCA-S006-163,Surface Water,45.59723,-94.18272,,08/12/24,,EPA 1633,,,,0.61,,,,,0.434,0.664,,,,,,,,,,,0.715,,0.335,6.04,,,,,,,,,,,,,,,,,,,,,,,,,,,,,,
WQP_USA_2026,MNPCA-S006-163,Surface Water,45.59723,-94.18272,,09/10/24,,EPA 1633,,,0.218,0.394,,,,0.11,0.49,0.517,,,,,,,,,,,0.708,,0.2545,6.37,,,,,,,,,,,,,,,,,,,,,,,,,,,,,,
WQP_USA_2026,MNPCA-S006-735,Surface Water,44.934203,-93.04932,,07/22/24,,EPA 1633,,,0.499,0.901,,,,,0.736,0.509,,,,,,,,,,,0.573,,0.65,6.31,,,,,,,,,,,,,,,,,,,,,,,,,,,,,,
WQP_USA_2026,MNPCA-S006-735,Surface Water,44.934203,-93.04932,,08/12/24,,EPA 1633,,,0.464,0.892,,,,0.247,0.664,0.625,,,,,,,,,,,0.719,,0.678,6.23,,,,,,,,,,,,,,,,,,,,,,,,,,,,,,
WQP_USA_2026,MNPCA-S006-735,Surface Water,44.934203,-93.04932,,09/09/24,,EPA 1633,,,0.797,1.15,,,,0.346,1.08,0.394,,,,,,,,,,,1.12,,0.93,8.51,,,,,,,,,,,,,,,,,,,,,,,,,,,,,,
WQP_USA_2026,MNPCA-S006-735,Surface Water,44.934203,-93.04932,,09/30/24,,EPA 1633,,,1.17,1.51,,,0.523,1.03,1.57,0.908,,,,,,,,,,,1.92,0.263,1.32,8.1,,,,,,,,,,,,,,,,,,,,,,,,,,,,,,
WQP_USA_2026,MNPCA-S006-749,Surface Water,44.765961,-92.873407,,07/22/24,,EPA 1633,,,,2.26,,,,,,0.593,,,,,,,,,,,0.803,,0.637,8.42,,,,,,,,,,,,,,,,,,,,,,,,,,,,,,
WQP_USA_2026,MNPCA-S006-749,Surface Water,44.765961,-92.873407,,08/12/24,,EPA 1633,,,1.03,3.26,,,,0.472,1.13,0.498,,,,,,,,,,,1.27,,0.901,9.24,,,,,,,,,,,,,,,,,,,,,,,,,,,,,,
WQP_USA_2026,MNPCA-S006-749,Surface Water,44.765961,-92.873407,,09/09/24,,EPA 1633,,,2.71,4.67,,,,0.755,1.62,0.655,,,,,,,,,,,1.36,,1.37,14.1,,,,,,,,,,,,,,,,,,,,,,,,,,,,,,
WQP_USA_2026,MNPCA-S006-749,Surface Water,44.765961,-92.873407,,09/30/24,,EPA 1633,,,4.2,6.15,,,0.617,1.64,2.95,1.19,0.231,,,,,,,,,,3.6,0.401,2.31,23.3,0.583,,,,,,,,,,,,,,,,,,,,,,0.392,,,,,,,
WQP_USA_2026,MNPCA-S006-754,Surface Water,44.918639,-93.13003,,07/22/24,,EPA 1633,,,0.527,0.976,,,,0.219,0.705,0.715,,,,,,,,,,,0.669,,0.691,7.29,,,,,,,,,,,,,,,,,,,,,,,,,,,,,,
WQP_USA_2026,MNPCA-S006-754,Surface Water,44.918639,-93.13003,,08/12/24,,EPA 1633,,,0.356,0.837,,,,0.233,0.695,0.606,,,,,,,,,,,0.764,,0.682,6.61,,,,,,,,,,,,,,,,,,,,,,,,,,,,,,
WQP_USA_2026,MNPCA-S006-754,Surface Water,44.918639,-93.13003,,09/09/24,,EPA 1633,,,0.536,0.824,,,,0.331,1.09,0.582,,,,,,,,,,,0.805,,0.912,8.63,,,,,,,,,,,,,,,,,,,,,,,,,,,,,,
WQP_USA_2026,MNPCA-S006-754,Surface Water,44.918639,-93.13003,,09/30/24,,EPA 1633,,,1.02,1.44,,,0.547,0.914,1.51,0.848,0.18,,,,,,,,,,1.5,0.234,1.37,7.55,,,,,,,,,,,,,,,,,,,,,,,,,,,,,,
WQP_USA_2026,MNPCA-S007-222,Surface Water,43.57581,-91.2334,,05/13/24,,EPA 1633,,,0.97,1.48,,,,0.363,0.789,0.416,,,,,,,,,,,0.881,,1.23,7.07,,,,,,,,,,,,,,,,,,,,,,,,,,,,,,
WQP_USA_2026,MNPCA-S007-222,Surface Water,43.57581,-91.2334,,05/22/24,,EPA 1633,,,0.953,1.6,,,,0.332,0.701,0.562,,,,,,,,,,,0.713,,1.41,6.97,,,,,,,,,,,,,,,,,,,,,,,,,,,,,,
WQP_USA_2026,MNPCA-S007-222,Surface Water,43.57581,-91.2334,,07/16/24,,EPA 1633,,,1.27,1.85,,,,0.214,0.902,0.629,,,,,,,,,,,0.763,,0.74,9.95,,,,,,,,,,,,,,,,,,,,,,,,,,,,,,
WQP_USA_2026,MNPCA-S007-222,Surface Water,43.57581,-91.2334,,08/13/24,,EPA 1633,,,1.11,2.2,,,,0.401,1.16,0.572,,,,,,,,,,,1.22,,1.05,9.98,,,,,,,,,,,,,,,,,,,,,,,,,,,,,,
WQP_USA_2026,MNPCA-S007-222,Surface Water,43.57581,-91.2334,,09/10/24,,EPA 1633,,,1.45,2.48,,,,0.387,0.997,0.422,,,,,,,,,,,1.06,,3.85,11.7,,,,,,,,,,,,,,,,,,,,,,,,,,,,,,
WQP_USA_2026,MNPCA-S007-326,Surface Water,47.929219,-90.307112,,05/22/24,,EPA 1633,,,,,,,,,,0.58,,,,,,,,,,,,,0.259,2.01,,,,,,,,,,,,,,,,,,,,,,,,,,,,,,
WQP_USA_2026,MNPCA-S007-326,Surface Water,47.929219,-90.307112,,06/25/24,,EPA 1633,,,,0.272,,,,,,0.516,,,,,,,,,,,0.613,,,2.37,,,,,,,,,,,,,,,,,,,,,,,,,,,,,,
WQP_USA_2026,MNPCA-S007-326,Surface Water,47.929219,-90.307112,,07/08/24,,EPA 1633,,,,0.276,,,,,,0.563,,,,,,,,,,,,,,2.23,,,,,,,,,,,,,,,,,,,,,,,,,,,,,,
WQP_USA_2026,MNPCA-S007-326,Surface Water,47.929219,-90.307112,,08/05/24,,EPA 1633,,,,0.309,,,,,,0.414,,,,,,,,,,,0.818,,,1.79,,,,,,,,,,,,,,,,,,,,,,,,,,,,,,
WQP_USA_2026,MNPCA-S007-326,Surface Water,47.929219,-90.307112,,09/04/24,,EPA 1633,,,,,,,,,,,,,,,,,,,,,,,,1.4,,,,,,,,,,,,,,,,,,,,,,,,,,,,,,
WQP_USA_2026,MNPCA-S007-329,Surface Water,45.25503,-93.535499,,05/30/24,,EPA 1633,,,,0.381,,,,,0.539,0.474,,,,,,,,,,,0.486,,0.706,6.69,,,,,,,,,,,,,,,,,,,,,,,,,,,,,,
WQP_USA_2026,MNPCA-S007-329,Surface Water,45.25503,-93.535499,,06/17/24,,EPA 1633,,,0.418,0.672,,,0.346,0.187,0.758,0.751,,,,,,,,,,,0.666,,0.768,6.82,,,,,,,,,,,,,,,,,,,,,,,,,,,,,,
WQP_USA_2026,MNPCA-S007-329,Surface Water,45.25503,-93.535499,,07/08/24,,EPA 1633,,,,0.66,,,0.275,,0.799,0.767,,,,,,,,,,,0.832,,0.691,8.82,,,,,,,,,,,,,,,,,,,,,,,,,,,,,,
WQP_USA_2026,MNPCA-S007-329,Surface Water,45.25503,-93.535499,,08/12/24,,EPA 1633,,,,0.65,,,,,0.581,0.659,,,,,,,,,,,0.854,,0.617,6,,,,,,,,,,,,,,,,,,,,,,,,,,,,,,
WQP_USA_2026,MNPCA-S007-330,Surface Water,45.434703,-94.051301,,05/29/24,,EPA 1633,,,,0.3935,,,,,0.5595,0.5205,,,,,,,,,,,0.4345,,0.596,7.105,,,,,,,,,,,,,,,,,,,,,,,,,,,,,,
WQP_USA_2026,MNPCA-S007-330,Surface Water,45.434703,-94.051301,,06/18/24,,EPA 1633,,,0.325,0.638,,,0.291,0.198,0.674,0.594,,,,,,,,,,,0.839,,0.571,5.99,,,,,,,,,,,,,,,,,,,,,,,,,,,,,,
WQP_USA_2026,MNPCA-S007-330,Surface Water,45.434703,-94.051301,,07/08/24,,EPA 1633,,,,0.674,,,,,0.752,0.865,,,,,,,,,,,0.702,,0.601,8.28,,,,,,,,,,,,,,,,,,,,,,,,,,,,,,
WQP_USA_2026,MNPCA-S007-330,Surface Water,45.434703,-94.051301,,08/12/24,,EPA 1633,,,,0.668,,,,,0.645,0.592,,,,,,,,,,,0.68,,0.563,5.83,,,,,,,,,,,,,,,,,,,,,,,,,,,,,,
WQP_USA_2026,MNPCA-S007-330,Surface Water,45.434703,-94.051301,,09/10/24,,EPA 1633,,,0.235,0.451,,,,0.136,0.805,0.522,,,,,,,,,,,0.586,,0.55,6.37,,,,,,,,,,,,,,,,,,,,,,,,,,,,,,
WQP_USA_2026,MNPCA-S007-331,Surface Water,45.961727,-94.38348,,05/13/24,,EPA 1633,,,,0.404,,,,,0.443,0.569,,,,,,,,,,,,,0.336,4.11,,,,,,,,,,,,,,,,,,,,,,,,,,,,,,
WQP_USA_2026,MNPCA-S007-331,Surface Water,45.961727,-94.38348,,07/15/24,,EPA 1633,,,,0.763,,,0.314,,0.58,1.07,,,,,,,,,,,0.827,,0.488,7.73,,,,,,,,,,,,,,,,,,,,,,,,,,,,,,
WQP_USA_2026,MNPCA-S007-331,Surface Water,45.961727,-94.38348,,08/14/24,,EPA 1633,,,,0.196,,,,,0.541,0.584,,,,,,,,,,,,,0.201,6.19,,,,,,,,,,,,,,,,,,,,,,,,,,,,,,
WQP_USA_2026,MNPCA-S007-331,Surface Water,45.961727,-94.38348,,08/27/24,,EPA 1633,,,,0.214,,,,,0.451,0.517,,,,,,,,,,,,,0.191,5.44,,,,,,,,,,,,,,,,,,,,,,,,,,,,,,
WQP_USA_2026,MNPCA-S007-331,Surface Water,45.961727,-94.38348,,09/09/24,,EPA 1633,,,,0.267,,,,0.098,,0.422,,,,,,,,,,,,,0.185,5.76,,,,,,,,,,,,,,,,,,,,,,,,,,,,,,
WQP_USA_2026,MNPCA-S007-332,Surface Water,47.023084,-93.274436,,05/14/24,,EPA 1633,,,,0.42,,,,,,0.78,,,,,,,,,,,0.713,,0.382,5.1,,,,,,,,,,,,,,,,,,,,,,,,,,,,,,
WQP_USA_2026,MNPCA-S007-332,Surface Water,47.023084,-93.274436,,07/16/24,,EPA 1633,,,,0.676,,,,,0.6,1.07,,,,,,,,,,,0.573,,0.393,6.87,,,,,,,,,,,,,,,,,,,,,,,,,,,,,,
WQP_USA_2026,MNPCA-S007-332,Surface Water,47.023084,-93.274436,,08/15/24,,EPA 1633,,,,0.192,,,,,0.508,0.505,,,,,,,,,,,,,,5.8,,,,,,,,,,,,,,,,,,,,,,,,,,,,,,
WQP_USA_2026,MNPCA-S007-332,Surface Water,47.023084,-93.274436,,09/10/24,,EPA 1633,,,,0.285,,,,,0.349,0.72,,,,,,,,,,,,,,6.01,,,,,,,,,,,,,,,,,,,,,,,,,,,,,,
WQP_USA_2026,MNPCA-S007-333,Surface Water,47.216222,-93.486839,,05/14/24,,EPA 1633,,,,0.325,,,,,0.544,0.756,,,,,,,,,,,,,0.37,7.14,,,,,,,,,,,,,,,,,,,,,,,,,,,,,,
WQP_USA_2026,MNPCA-S007-333,Surface Water,47.216222,-93.486839,,07/16/24,,EPA 1633,,,,0.577,,,,,0.578,0.872,,,,,,,,,,,0.567,,0.327,6.32,,,,,,,,,,,,,,,,,,,,,,,,,,,,,,
WQP_USA_2026,MNPCA-S007-333,Surface Water,47.216222,-93.486839,,08/15/24,,EPA 1633,,,,0.169,,,,,0.463,0.565,,,,,,,,,,,,,,5.165,,,,,,,,,,,,,,,,,,,,,,,,,,,,,,
WQP_USA_2026,MNPCA-S007-333,Surface Water,47.216222,-93.486839,,09/10/24,,EPA 1633,,,,0.322,,,,,0.344,0.734,,,,,,,,,,,,,,5.76,,,,,,,,,,,,,,,,,,,,,,,,,,,,,,
WQP_USA_2026,MNPCA-S007-334,Surface Water,47.250893,-93.592809,,05/14/24,,EPA 1633,,,,0.395,,,,,0.441,0.691,,,,,,,,,,,,,0.403,7.33,,,,,,,,,,,,,,,,,,,,,,,,,,,,,,
WQP_USA_2026,MNPCA-S007-334,Surface Water,47.250893,-93.592809,,07/16/24,,EPA 1633,,,,0.602,,,,,0.5235,0.9355,,,,,,,,,,,0.551,,0.328,6.36,,,,,,,,,,,,,,,,,,,,,,,,,,,,,,
WQP_USA_2026,MNPCA-S007-334,Surface Water,47.250893,-93.592809,,08/15/24,,EPA 1633,,,,0.19,,,,,0.435,0.621,,,,,,,,,,,,,,5.66,,,,,,,,,,,,,,,,,,,,,,,,,,,,,,
WQP_USA_2026,MNPCA-S007-334,Surface Water,47.250893,-93.592809,,09/10/24,,EPA 1633,,,,0.185,,,,,0.309,0.469,,,,,,,,,,,,,,5.28,,,,,,,,,,,,,,,,,,,,,,,,,,,,,,
WQP_USA_2026,MNPCA-S007-335,Surface Water,45.305158,-93.685621,,05/29/24,,EPA 1633,,,,0.475,,,,,0.448,0.515,,,,,,,,,,,0.507,,0.568,6.54,,,,,,,,,,,,,,,,,,,,,,,,,,,,,,
WQP_USA_2026,MNPCA-S007-335,Surface Water,45.305158,-93.685621,,06/18/24,,EPA 1633,,,0.224,0.454,,,,0.115,0.475,0.678,,,,,,,,,,,0.401,,0.481,5.22,,,,,,,,,,,,,,,,,,,,,,,,,,,,,,
WQP_USA_2026,MNPCA-S007-335,Surface Water,45.305158,-93.685621,,07/08/24,,EPA 1633,,,,0.6255,,,,,0.678,0.8755,,,,,,,,,,,0.7,,0.5715,8.75,,,,,,,,,,,,,,,,,,,,,,,,,,,,,,
WQP_USA_2026,MNPCA-S007-335,Surface Water,45.305158,-93.685621,,08/12/24,,EPA 1633,,,,0.608,,,,,0.596,0.656,,,,,,,,,,,0.771,,0.647,5.93,,,,,,,,,,,,,,,,,,,,,,,,,,,,,,
WQP_USA_2026,MNPCA-S007-335,Surface Water,45.305158,-93.685621,,09/11/24,,EPA 1633,,,,0.514,,,,0.141,0.734,0.411,,,,,,,,,,,0.873,,0.726,6.62,,,,,,,,,,,,,,,,,,,,,,,,,,,,,,
WQP_USA_2026,MNPCA-S007-336,Surface Water,45.517842,-94.140705,,05/29/24,,EPA 1633,,,,0.466,,,,,0.304,0.528,,,,,,,,,,,,,0.408,4.42,,,,,,,,,,,,,,,,,,,,,,,,,,,,,,
WQP_USA_2026,MNPCA-S007-336,Surface Water,45.517842,-94.140705,,06/18/24,,EPA 1633,,,0.261,0.566,,,,,0.624,0.615,,,,,,,,,,,0.482,,0.407,5.72,,,,,,,,,,,,,,,,,,,,,,,,,,,,,,
WQP_USA_2026,MNPCA-S007-336,Surface Water,45.517842,-94.140705,,07/08/24,,EPA 1633,,,,0.683,,,,,0.633,1,,,,,,,,,,,0.678,,0.548,8.56,,,,,,,,,,,,,,,,,,,,,,,,,,,,,,
WQP_USA_2026,MNPCA-S007-336,Surface Water,45.517842,-94.140705,,08/12/24,,EPA 1633,,,,0.589,,,,,0.458,0.5,,,,,,,,,,,0.613,,0.424,5.64,,,,,,,,,,,,,,,,,,,,,,,,,,,,,,
WQP_USA_2026,MNPCA-S007-336,Surface Water,45.517842,-94.140705,,09/10/24,,EPA 1633,,,,0.331,,,,,0.577,0.397,,,,,,,,,,,,,0.226,6.12,,,,,,,,,,,,,,,,,,,,,,,,,,,,,,
WQP_USA_2026,MNPCA-S007-337,Surface Water,46.360681,-94.211255,,07/15/24,,EPA 1633,,,,0.648,,,0.34,,,0.888,,,,,,,,,,,0.6,,0.459,7.64,,,,,,,,,,,,,,,,,,,,,,,,,,,,,,
WQP_USA_2026,MNPCA-S007-337,Surface Water,46.360681,-94.211255,,08/14/24,,EPA 1633,,,,0.235,,,,,0.583,0.511,,,,,,,,,,,,,0.175,6.41,,,,,,,,,,,,,,,,,,,,,,,,,,,,,,
WQP_USA_2026,MNPCA-S007-337,Surface Water,46.360681,-94.211255,,09/09/24,,EPA 1633,,,,0.482,,,,,0.541,0.704,,,,,,,,,,,,,,7.22,,,,,,,,,,,,,,,,,,,,,,,,,,,,,,
WQP_USA_2026,MNPCA-S007-415,Surface Water,47.615772,-90.776651,,05/23/24,,EPA 1633,,,,,,,,,,,,,,,,,,,,,,,0.208,1.75,,,,,,,,,,,,,,,,,,,,,,,,,,,,,,
WQP_USA_2026,MNPCA-S007-415,Surface Water,47.615772,-90.776651,,06/25/24,,EPA 1633,,,,,,,,,,,,,,,,,,,,,,,,2.39,,,,,,,,,,,,,,,,,,,,,,,,,,,,,,
WQP_USA_2026,MNPCA-S007-415,Surface Water,47.615772,-90.776651,,07/16/24,,EPA 1633,,,,,,,,,,0.363,,,,,,,,,,,,,,3.14,,,,,,,,,,,,,,,,,,,,,,,,,,,,,,
WQP_USA_2026,MNPCA-S007-415,Surface Water,47.615772,-90.776651,,09/25/24,,EPA 1633,,,,,,,,,,,,,,,,,,,,,,,,0.422,,,,,,,,,,,,,,,,,,,,,,,,,,,,,,
WQP_USA_2026,MNPCA-S007-544,Surface Water,47.4242,-91.2337,,05/22/24,,EPA 1633,,,,,,,,,,0.331,,,,,,,,,,,,,,2.15,,,,,,,,,,,,,,,,,,,,,,,,,,,,,,
WQP_USA_2026,MNPCA-S007-544,Surface Water,47.4242,-91.2337,,06/24/24,,EPA 1633,,,,0.29,,,,,,0.629,,,,,,,,,,,,,0.221,3.09,,,,,,,,,,,,,,,,,,,,,,,,,,,,,,
WQP_USA_2026,MNPCA-S007-544,Surface Water,47.4242,-91.2337,,07/08/24,,EPA 1633,,,,0.224,,,,,,0.272,,,,,,,,,,,,,,2.43,,,,,,,,,,,,,,,,,,,,,,,,,,,,,,
WQP_USA_2026,MNPCA-S007-544,Surface Water,47.4242,-91.2337,,08/05/24,,EPA 1633,,,,,,,,,,0.428,,,,,,,,,,,0.824,,,2.06,,,,,,,,,,,,,,,,,,,,,,,,,,,,,,
WQP_USA_2026,MNPCA-S007-544,Surface Water,47.4242,-91.2337,,09/04/24,,EPA 1633,,,,,,,,,,0.23,,,,,,,,,,,2.26,,,2.92,,,,,,,,,,,,,,,,,,,,,,,,,,,,,,
WQP_USA_2026,MNPCA-S007-545,Surface Water,47.4147,-91.246044,,05/22/24,,EPA 1633,,,,0.298,,,,,,0.479,,,,,,,,,,,,,0.311,2.99,,,,,,,,,,,,,,,,,,,,,,,,,,,,,,
WQP_USA_2026,MNPCA-S007-545,Surface Water,47.4147,-91.246044,,06/24/24,,EPA 1633,,,,0.496,,,,,0.323,0.901,,,,,,,,,,,,,0.282,6.44,,,,,,,,,,,,,,,,,,,,,,,,,,,,,,
WQP_USA_2026,MNPCA-S007-545,Surface Water,47.4147,-91.246044,,07/08/24,,EPA 1633,,,,0.46,,,,,,0.667,,,,,,,,,,,,,0.249,4.57,,,,,,,,,,,,,,,,,,,,,,,,,,,,,,
WQP_USA_2026,MNPCA-S007-545,Surface Water,47.4147,-91.246044,,08/05/24,,EPA 1633,,,,0.521,,,,,0.32,0.974,,,,,,,,,,,0.345,,0.242,7.54,,,,,,,,,,,,,,,,,,,,,,,,,,,,,,
WQP_USA_2026,MNPCA-S007-545,Surface Water,47.4147,-91.246044,,09/04/24,,EPA 1633,,,,,,,,,,,,,,,,,,,,,,,,4.04,,,,,,,,,,,,,,,,,,,,,,,,,,,,,,
WQP_USA_2026,MNPCA-S007-548,Surface Water,47.547018,-90.90199,,05/23/24,,EPA 1633,,,,,,,,,,0.527,,,,,,,,,,,,,0.262,1.59,,,,,,,,,,,,,,,,,,,,,,,,,,,,,,
WQP_USA_2026,MNPCA-S007-548,Surface Water,47.547018,-90.90199,,06/25/24,,EPA 1633,,,,0.298,,,,,,0.739,,,,,,,,,,,,,,4.13,,,,,,,,,,,,,,,,,,,,,,,,,,,,,,
WQP_USA_2026,MNPCA-S007-548,Surface Water,47.547018,-90.90199,,07/16/24,,EPA 1633,,,,0.244,,,,,,0.529,,,,,,,,,,,,,,3.23,,,,,,,,,,,,,,,,,,,,,,,,,,,,,,
WQP_USA_2026,MNPCA-S007-548,Surface Water,47.547018,-90.90199,,08/20/24,,EPA 1633,,,,,,,,,,,,,,,,,,,,,,,,0.764,,,,,,,,,,,,,,,,,,,,,,,,,,,,,,
WQP_USA_2026,MNPCA-S007-548,Surface Water,47.547018,-90.90199,,09/25/24,,EPA 1633,,,,,,,,,,,,,,,,,,,,,,,,0.555,,,,,,,,,,,,,,,,,,,,,,,,,,,,,,
WQP_USA_2026,MNPCA-S007-595,Surface Water,46.84723,-92.111196,,05/14/24,,EPA 1633,,,4.21,2.17,,,,10.6,2.81,1.11,0.157,,,,,,,,,,1.92,2.45,4.48,4.35,,,,,,,,,,,,,,,,,,,,,,,,,,,,,,
WQP_USA_2026,MNPCA-S007-783,Surface Water,47.503471,-91.113355,,06/24/24,,EPA 1633,,,,0.418,,,,,,0.663,,,,,,,,,,,,,0.287,4.69,,,,,,,,,,,,,,,,,,,,,,,,,,,,,,
WQP_USA_2026,MNPCA-S007-783,Surface Water,47.503471,-91.113355,,07/08/24,,EPA 1633,,,,0.342,,,,,,0.535,,,,,,,,,,,,,0.242,3.64,,,,,,,,,,,,,,,,,,,,,,,,,,,,,,
WQP_USA_2026,MNPCA-S007-783,Surface Water,47.503471,-91.113355,,08/05/24,,EPA 1633,,,,0.305,,,,,,0.555,,,,,,,,,,,0.309,,,3.97,,,,,,,,,,,,,,,,,,,,,,,,,,,,,,
WQP_USA_2026,MNPCA-S007-783,Surface Water,47.503471,-91.113355,,09/04/24,,EPA 1633,,,,,,,,,,,,,,,,,,,,,,,,2.84,,,,,,,,,,,,,,,,,,,,,,,,,,,,,,
WQP_USA_2026,MNPCA-S008-062,Surface Water,44.602348,-92.568169,,07/16/24,,EPA 1633,,,1.32,2.2,,,,0.236,1.08,0.701,,,,,,,,,,,1.11,,0.715,11.3,,,,,,,,,,,,,,,,,,,,,,,,,,,,,,
WQP_USA_2026,MNPCA-S008-062,Surface Water,44.602348,-92.568169,,08/13/24,,EPA 1633,,,1.7,3.18,,,,0.481,1.31,0.565,,,,,,,,,,,1.45,,1.43,13.5,,,,,,,,,,,,,,,,,,,,,,,,,,,,,,
WQP_USA_2026,MNPCA-S008-062,Surface Water,44.602348,-92.568169,,09/10/24,,EPA 1633,,,2.17,3.37,,,,0.834,1.66,0.851,,,,,,,,,,,2.29,,2.41,16.1,,,,,,,,,,,,,,,,,,,,,,,,,,,,,,
WQP_USA_2026,MNPCA-S008-994,Surface Water,44.563188,-92.459991,,05/14/24,,EPA 1633,,,1.04,1.68,,,,0.402,0.661,0.524,,,,,,,,,,,0.692,,1.24,7.22,,,,,,,,,,,,,,,,,,,,,,,,,,,,,,
WQP_USA_2026,MNPCA-S008-994,Surface Water,44.563188,-92.459991,,07/16/24,,EPA 1633,,,1.33,2.11,,,,0.219,0.853,0.565,,,,,,,,,,,1.14,,0.881,11.7,,,,,,,,,,,,,,,,,,,,,,,,,,,,,,
WQP_USA_2026,MNPCA-S008-994,Surface Water,44.563188,-92.459991,,08/13/24,,EPA 1633,,,1.43,3.24,,,,0.519,1.35,0.567,,,,,,,,,,,1.4,,1.33,13.9,,,,,,,,,,,,,,,,,,,,,,,,,,,,,,
WQP_USA_2026,MNPCA-S008-994,Surface Water,44.563188,-92.459991,,09/10/24,,EPA 1633,,,2.07,3.28,,,,0.867,1.89,0.877,,,,,,,,,,,2.23,,1.86,17,,,,,,,,,,,,,,,,,,,,,,,,,,,,,,
WQP_USA_2026,MNPCA-S008-996,Surface Water,44.652178,-92.642098,,07/16/24,,EPA 1633,,,1.37,2.28,,,,0.226,0.842,0.608,,,,,,,,,,,1.16,,0.724,11.8,,,,,,,,,,,,,,,,,,,,,,,,,,,,,,
WQP_USA_2026,MNPCA-S008-996,Surface Water,44.652178,-92.642098,,08/13/24,,EPA 1633,,,1.62,3.17,,,,0.477,1.3,0.654,,,,,,,,,,,1.55,,0.97,12.8,,,,,,,,,,,,,,,,,,,,,,,,,,,,,,
WQP_USA_2026,MNPCA-S008-996,Surface Water,44.652178,-92.642098,,09/10/24,,EPA 1633,,,2.2,3.57,,,,0.853,1.82,0.877,,,,,,,,,,,2.24,,1.14,15.4,,,,,,,,,,,,,,,,,,,,,,,,,,,,,,
WQP_USA_2026,MNPCA-S009-001,Surface Water,44.773681,-92.995679,,07/22/24,,EPA 1633,,,1.16,2.61,,,,0.412,1.09,0.69,,,,,,,,,,,0.803,,0.687,7.98,,,,,,,,,,,,,,,,,,,,,,,,,,,,,,
WQP_USA_2026,MNPCA-S009-001,Surface Water,44.773681,-92.995679,,08/12/24,,EPA 1633,,,1.01,2.73,,,,0.485,1.09,0.586,,,,,,,,,,,0.854,,0.816,8.29,,,,,,,,,,,,,,,,,,,,,,,,,,,,,,
WQP_USA_2026,MNPCA-S009-001,Surface Water,44.773681,-92.995679,,09/09/24,,EPA 1633,,,1.56,2.97,,,,0.669,1.47,0.619,,,,,,,,,,,1.3,,1.18,11.4,,,,,,,,,,,,,,,,,,,,,,,,,,,,,,
WQP_USA_2026,MNPCA-S009-001,Surface Water,44.773681,-92.995679,,09/30/24,,EPA 1633,,,2.32,3.08,,,0.573,1.34,2.27,0.975,0.202,,,,,,,,,,2.48,0.323,1.83,12.1,,,,,,,,,,,,,,,,,,,,,,,0.324,,,,,,,
WQP_USA_2026,MNPCA-S009-117,Surface Water,46.856585,-92.099949,,05/14/24,,EPA 1633,,,2.9,2.28,,,0.363,0.763,1.22,0.895,,,,,,,,,,,1.74,,1.71,5.38,,,,,,,,,,,,,,,,,,,,,,,,,,,,,,
WQP_USA_2026,MNPCA-S012-288,Surface Water,44.02332,-91.53606,,05/14/24,,EPA 1633,,,0.939,1.58,,,,0.354,0.788,0.432,,,,,,,,,,,0.872,,1.18,6.75,,,,,,,,,,,,,,,,,,,,,,,,,,,,,,
WQP_USA_2026,MNPCA-S012-288,Surface Water,44.02332,-91.53606,,07/16/24,,EPA 1633,,,1.27,1.84,,,,0.202,0.9075,0.665,,,,,,,,,,,1.004,,0.758,10.3,,,,,,,,,,,,,,,,,,,,,,,,,,,,,,
WQP_USA_2026,MNPCA-S012-288,Surface Water,44.02332,-91.53606,,08/13/24,,EPA 1633,,,1.36,2.42,,,,0.45,1.03,0.605,,,,,,,,,,,1.53,,1.26,11,,,,,,,,,,,,,,,,,,,,,,,,,,,,,,
WQP_USA_2026,MNPCA-S012-288,Surface Water,44.02332,-91.53606,,09/17/24,,EPA 1633,,,1.62,2.67,,,,0.681,1.55,0.781,,,,,,,,,,,1.78,,2.07,12.6,,,,,,,,,,,,,,,,,,,,,,,,,,,,,,
WQP_USA_2026,MNPCA-S012-524,Surface Water,46.40732,-94.15672,,05/13/24,,EPA 1633,,,,0.408,,,,,0.418,0.692,,,,,,,,,,,,,0.327,4.77,,,,,,,,,,,,,,,,,,,,,,,,,,,,,,
WQP_USA_2026,MNPCA-S012-524,Surface Water,46.40732,-94.15672,,07/15/24,,EPA 1633,,,,0.801,,,0.361,,0.606,1.02,,,,,,,,,,,0.661,,0.426,7.66,,,,,,,,,,,,,,,,,,,,,,,,,,,,,,
WQP_USA_2026,MNPCA-S012-524,Surface Water,46.40732,-94.15672,,08/14/24,,EPA 1633,,,,0.257,,,,,0.46,0.537,,,,,,,,,,,,,0.192,7.1,,,,,,,,,,,,,,,,,,,,,,,,,,,,,,
WQP_USA_2026,MNPCA-S012-524,Surface Water,46.40732,-94.15672,,09/09/24,,EPA 1633,,,,0.53,,,,,0.324,0.656,,,,,,,,,,,,,,6.84,,,,,,,,,,,,,,,,,,,,,,,,,,,,,,
WQP_USA_2026,MNPCA-S014-093,Surface Water,44.859582,-93.007767,,05/15/24,,EPA 1633,,,0.919,1.425,,,,0.3145,0.6945,0.4235,,,,,,,,,,,0.8125,,0.658,6.345,,,,,,,,,,,,,,,,,,,,,,,0.281,,,,,,,
WQP_USA_2026,MNPCA-S014-093,Surface Water,44.859582,-93.007767,,07/22/24,,EPA 1633,,,1.66,3.97,,,,0.54,1.2,0.495,,,,,,,,,,,0.943,,0.814,10.3,,,,,,,,,,,,,,,,,,,,,,,,,,,,,,
WQP_USA_2026,MNPCA-S014-093,Surface Water,44.859582,-93.007767,,08/12/24,,EPA 1633,,,1.11,4.37,,,,0.47,1.11,0.611,,,,,,,,,,,0.936,,0.746,8.54,,,,,,,,,,,,,,,,,,,,,,,,,,,,,,
WQP_USA_2026,MNPCA-S014-093,Surface Water,44.859582,-93.007767,,09/09/24,,EPA 1633,,,1.535,2.9,,,,0.6195,1.455,0.593,,,,,,,,,,,1.098,,1.025,10.955,,,,,,,,,,,,,,,,,,,,,,,,,,,,,,
WQP_USA_2026,MNPCA-S014-093,Surface Water,44.859582,-93.007767,,09/30/24,,EPA 1633,,,1.85,2.28,,,0.55,1.19,2.05,0.962,,,,,,,,,,,2.29,0.268,1.69,10.5,,,,,,,,,,,,,,,,,,,,,,,,,,,,,,
WQP_USA_2026,MNPCA-S015-203,Surface Water,44.882698,-93.01605,,07/22/24,,EPA 1633,,,1.54,3.04,,,,0.429,1.12,0.646,,,,,,,,,,,0.856,,0.715,8.43,,,,,,,,,,,,,,,,,,,,,,,,,,,,,,
WQP_USA_2026,MNPCA-S015-203,Surface Water,44.882698,-93.01605,,08/12/24,,EPA 1633,,,0.654,1.18,,,,0.334,0.801,0.473,,,,,,,,,,,0.671,,0.733,6.83,,,,,,,,,,,,,,,,,,,,,,,,,,,,,,
WQP_USA_2026,MNPCA-S015-203,Surface Water,44.882698,-93.01605,,09/09/24,,EPA 1633,,,1.21,1.42,,,,0.433,1.07,0.43,,,,,,,,,,,0.933,,0.955,9.41,,,,,,,,,,,,,,,,,,,,,,,,,,,,,,
WQP_USA_2026,MNPCA-S015-203,Surface Water,44.882698,-93.01605,,09/30/24,,EPA 1633,,,1.75,2.5,,,0.535,1.2,1.99,0.874,0.201,,,,,,,,,,2.04,0.281,1.56,9.53,,,,,,,,,,,,,,,,,,,,,,,,,,,,,,
WQP_USA_2026,MNPCA-S016-659,Surface Water,44.774304,-93.015566,,07/22/24,,EPA 1633,,,0.8185,1.34,,,,0.271,0.805,0.6435,,,,,,,,,,,0.6865,,0.6835,7.665,,,,,,,,,,,,,,,,,,,,,,,,,,,,,,
WQP_USA_2026,MNPCA-S016-659,Surface Water,44.774304,-93.015566,,08/12/24,,EPA 1633,,,0.608,1.555,,,,0.3485,0.8615,0.5275,,,,,,,,,,,1.053,,0.7495,7.485,,,,,,,,,,,,,,,,,,,,,,,,,,,,,,
WQP_USA_2026,MNPCA-S016-659,Surface Water,44.774304,-93.015566,,09/09/24,,EPA 1633,,,1.35,2.16,,,,0.586,1.49,0.54,,,,,,,,,,,1.27,,1.06,10.9,,,,,,,,,,,,,,,,,,,,,,,,,,,,,,
WQP_USA_2026,MNPCA-S016-659,Surface Water,44.774304,-93.015566,,09/30/24,,EPA 1633,,,2.09,3.11,,,0.545,1.345,2.465,1.1,0.2095,,,,,,,,,,2.72,0.289,1.65,19,,,,,,,,,,,,,,,,,,,,,,,0.292,,,,,,,
WQP_USA_2026,MNPCA-S016-662,Surface Water,44.814432,-93.006866,,05/15/24,,EPA 1633,,,0.573,0.572,,,,0.16,0.432,0.327,,,,,,,,,,,0.501,,0.524,3.72,,,,,,,,,,,,,,,,,,,,,,,0.322,,,,,,,
WQP_USA_2026,MNPCA-S016-662,Surface Water,44.814432,-93.006866,,07/22/24,,EPA 1633,,,0.738,1.44,,,,0.306,0.839,0.556,,,,,,,,,,,0.726,,0.69,7.8,,,,,,,,,,,,,,,,,,,,,,,,,,,,,,
WQP_USA_2026,MNPCA-S016-662,Surface Water,44.814432,-93.006866,,08/12/24,,EPA 1633,,,1.2,5.03,,,,0.425,1.04,0.497,,,,,,,,,,,1.04,,0.726,9.17,,,,,,,,,,,,,,,,,,,,,,,,,,,,,,
WQP_USA_2026,MNPCA-S016-662,Surface Water,44.814432,-93.006866,,09/09/24,,EPA 1633,,,1.09,1.66,,,,0.498,1.35,0.588,,,,,,,,,,,0.988,,1.05,9.51,,,,,,,,,,,,,,,,,,,,,,,,,,,,,,
WQP_USA_2026,MNPCA-S016-662,Surface Water,44.814432,-93.006866,,09/30/24,,EPA 1633,,,1.91,2.85,,,0.542,1.27,2,0.886,,,,,,,,,,,2.14,0.257,1.72,11.2,,,,,,,,,,,,,,,,,,,,,,,,,,,,,,
WQP_USA_2026,MNPCA-S016-671,Surface Water,44.748188,-92.814781,,05/14/24,,EPA 1633,,,1.4,2.18,,,,0.46,0.863,0.417,,,,,,,,,,,1.18,,0.802,8.9,,,,,,,,,,,,,,,,,,,,,,,,,,,,,,
WQP_USA_2026,MNPCA-S016-671,Surface Water,44.748188,-92.814781,,07/10/24,,EPA 1633,,,1.39,2.05,,,,0.407,0.991,0.62,,,,,,,,,,,1.05,,0.757,10.1,,,,,,,,,,,,,,,,,,,,,,,,,,,,,,
WQP_USA_2026,MNPCA-S016-671,Surface Water,44.748188,-92.814781,,08/13/24,,EPA 1633,,,1.73,3.37,,,,0.555,1.37,0.61,,,,,,,,,,,1.43,,0.977,11,,,,,,,,,,,,,,,,,,,,,,,,,,,,,,
WQP_USA_2026,MNPCA-S016-671,Surface Water,44.748188,-92.814781,,08/21/24,,EPA 1633,,,1.68,3.56,,,,0.621,1.4,0.584,,,,,,,,,,,1.5,,0.966,11,,,,,,,,,,,,,,,,,,,,,,,,,,,,,,
WQP_USA_2026,MNPCA-S016-671,Surface Water,44.748188,-92.814781,,09/09/24,,EPA 1633,,,3.18,5.44,,,,0.843,2.4,0.677,,,,,,,,,,,2.1,,1.54,19.3,,,,,,,,,,,,,,,,,,,,,,,,,,,,,,
WQP_USA_2026,MNPCA-S016-704,Surface Water,46.85166,-92.11111,,05/14/24,,EPA 1633,,,2.79,1.88,,,,1.16,1.34,0.865,,,,,,,,,,,1.05,0.254,1.34,5,,,,,,,,,,,,,,,,,,,,,,,,,,,,,,
WQP_USA_2026,MNPCA-S016-782,Surface Water,46.657839,-92.238361,,09/26/22,,Unnamed_SPE_LCMS_MS,,,4600,81,,7.62,,495,145,33,,,,,,,,,,,111,,42.1,47.6,,,,,,,,,,,,,,,5.4,,7.68,,,,,,460,,,,,,,
WQP_USA_2026,MNPCA-S016-783,Surface Water,46.65701,-92.233022,,09/26/22,,Unnamed_SPE_LCMS_MS,,,72.7,16.8,,,,71.2,20.4,5.95,,,,,,,,,,,13.1,,7.77,12.2,,,,,,,,,,,,,,,,,,,,,,,0.514,,,,,,,
WQP_USA_2026,MNPCA-S016-787,Surface Water,46.653656,-92.227015,,09/26/22,,Unnamed_SPE_LCMS_MS,,,34.7,7.57,,,,39.1,11.4,3.42,,,,,,,,,,,6.46,,6.37,8.39,,,,,,,,,,,,,,,,,,,,,,,,,,,,,,
WQP_USA_2026,MNPCA-S016-788,Surface Water,46.657026,-92.235846,,09/26/22,,Unnamed_SPE_LCMS_MS,,,4530,151,,,11.1,1870,332,71.5,,,,,,,,,,,282,,87.2,94.9,,,,,,,,,,,,,,,,,,,,,,,126,,,,,,,
WQP_USA_2026,MNPCA-S016-789,Surface Water,46.657068,-92.235325,,09/26/22,,Unnamed_SPE_LCMS_MS,,,5490,163,,4.19,13.4,2420,345,95.2,,,,,,,,,,,362,,92.5,119,,,,,,,,,,,,,,,,,4.71,,,,,,76.3,,,,,,,
WQP_USA_2026,MNPCA-S016-790,Surface Water,46.656828,-92.232522,,09/26/22,,Unnamed_SPE_LCMS_MS,,,73.3,16.1,,,,72.8,21.2,5.74,,,,,,,,,,,13.2,,8.35,13,,,,,,,,,,,,,,,,,,,,,,,0.475,,,,,,,
WQP_USA_2026,MNPCA-S016-841,Surface Water,44.0567,-91.6371,,05/13/24,,EPA 1633,,,0.956,1.69,,,,0.299,0.644,0.408,,,,,,,,,,,0.793,,1.07,6.97,,,,,,,,,,,,,,,,,,,,,,,,,,,,,,
WQP_USA_2026,MNPCA-S016-841,Surface Water,44.0567,-91.6371,,07/17/24,,EPA 1633,,,1.08,1.8,,,,,0.866,0.667,,,,,,,,,,,0.916,,0.802,10,,,,,,,,,,,,,,,,,,,,,,,,,,,,,,
WQP_USA_2026,MNPCA-S016-841,Surface Water,44.0567,-91.6371,,08/13/24,,EPA 1633,,,1.27,2.37,,,,0.447,1.34,0.558,,,,,,,,,,,1.42,,1.26,10.8,,,,,,,,,,,,,,,,,,,,,,,,,,,,,,
WQP_USA_2026,MNPCA-S016-841,Surface Water,44.0567,-91.6371,,09/11/24,,EPA 1633,,,1.63,2.73,,,,0.6825,1.39,0.8725,,,,,,,,,,,1.855,,2.48,11.8,,,,,,,,,,,,,,,,,,,,,,,,,,,,,,
WQP_USA_2026,MNPCA-S016-884,Surface Water,44.905849,-93.193958,,07/22/24,,EPA 1633,,,0.505,1.02,,,,0.332,1.03,0.81,,,,,,,,,,,1.15,,0.89,8.45,,,,,,,,,,,,,,,,,,,,,,,,,,,,,,
WQP_USA_2026,MNPCA-S016-884,Surface Water,44.905849,-93.193958,,08/12/24,,EPA 1633,,,,0.691,,,,0.254,0.654,0.596,,,,,,,,,,,0.791,,0.676,6.91,,,,,,,,,,,,,,,,,,,,,,,,,,,,,,
WQP_USA_2026,MNPCA-S016-884,Surface Water,44.905849,-93.193958,,09/09/24,,EPA 1633,,,0.511,0.821,,,,0.292,0.974,0.443,,,,,,,,,,,0.975,,0.859,9.19,,,,,,,,,,,,,,,,,,,,,,,,,,,,,,
WQP_USA_2026,MNPCA-S016-884,Surface Water,44.905849,-93.193958,,09/26/24,,EPA 1633,,,0.545,0.861,,,,0.298,0.87,0.383,,,,,,,,,,,0.842,,0.837,9.16,,,,,,,,,,,,,,,,,,,,,,,,,,,,,,
WQP_USA_2026,MNPCA-S016-884,Surface Water,44.905849,-93.193958,,09/30/24,,EPA 1633,,,0.951,1.16,,,0.508,0.791,1.27,0.854,0.176,,,,,,,,,,1.53,0.228,1.32,7.99,,,,,,,,,,,,,,,,,,,,,,,,,,,,,,
WQP_USA_2026,MNPCA-S017-278,Surface Water,44.613298,-92.619241,,05/14/24,,EPA 1633,,,1.16,2,,,,0.354,0.736,0.381,,,,,,,,,,,0.864,,0.656,8.64,,,,,,,,,,,,,,,,,,,,,,,,,,,,,,
WQP_USA_2026,MNPCA-S017-278,Surface Water,44.613298,-92.619241,,07/16/24,,EPA 1633,,,1.24,2.21,,,,0.216,0.93,0.57,,,,,,,,,,,1.01,,0.65,11.2,,,,,,,,,,,,,,,,,,,,,,,,,,,,,,
WQP_USA_2026,MNPCA-S017-278,Surface Water,44.613298,-92.619241,,08/13/24,,EPA 1633,,,1.43,3.14,,,,0.475,1.26,0.652,,,,,,,,,,,1.58,,0.905,12.8,,,,,,,,,,,,,,,,,,,,,,,,,,,,,,
WQP_USA_2026,MNPCA-S017-278,Surface Water,44.613298,-92.619241,,09/10/24,,EPA 1633,,,2,3.36,,,,0.845,1.85,0.761,,,,,,,,,,,2.23,,1.2,15.9,,,,,,,,,,,,,,,,,,,,,,,,,,,,,,
WQP_USA_2026,MNPCA-S017-279,Surface Water,44.410198,-92.092785,,05/13/24,,EPA 1633,,,1.13,1.86,,,,0.429,0.742,0.452,,,,,,,,,,,1.07,,1.22,7.85,,,,,,,,,,,,,,,,,,,,,,,,,,,,,,
WQP_USA_2026,MNPCA-S017-279,Surface Water,44.410198,-92.092785,,07/16/24,,EPA 1633,,,1.3,1.95,,,,0.187,0.888,0.528,,,,,,,,,,,1.03,,0.73,11,,,,,,,,,,,,,,,,,,,,,,,,,,,,,,
WQP_USA_2026,MNPCA-S017-279,Surface Water,44.410198,-92.092785,,08/14/24,,EPA 1633,,,1.43,2.58,,,,0.529,1.3,0.665,,,,,,,,,,,1.57,,1.51,12.2,,,,,,,,,,,,,,,,,,,,,,,,,,,,,,
WQP_USA_2026,MNPCA-S017-279,Surface Water,44.410198,-92.092785,,09/11/24,,EPA 1633,,,2.14,3.66,,,,0.83,1.78,0.93,,,,,,,,,,,2.45,,2.34,15.8,,,,,,,,,,,,,,,,,,,,,,,,,,,,,,
WQP_USA_2026,MNPCA-S017-280,Surface Water,43.776342,-91.246194,,05/13/24,,EPA 1633,,,0.934,1.6,,,,0.316,0.707,0.489,,,,,,,,,,,0.81,,1.08,6.14,,,,,,,,,,,,,,,,,,,,,,,,,,,,,,
WQP_USA_2026,MNPCA-S017-280,Surface Water,43.776342,-91.246194,,07/16/24,,EPA 1633,,,1.17,1.83,,,,0.299,0.831,0.678,,,,,,,,,,,0.941,,0.738,9.95,,,,,,,,,,,,,,,,,,,,,,,,,,,,,,
WQP_USA_2026,MNPCA-S017-280,Surface Water,43.776342,-91.246194,,08/13/24,,EPA 1633,,,1.2,2.45,,,,0.47,1.09,0.602,,,,,,,,,,,1.18,,1.08,10.2,,,,,,,,,,,,,,,,,,,,,,,,,,,,,,
WQP_USA_2026,MNPCA-S017-280,Surface Water,43.776342,-91.246194,,09/10/24,,EPA 1633,,,1.68,2.53,,,,0.38,1.35,0.371,,,,,,,,,,,1.02,,3.11,12.2,,,,,,,,,,,,,,,,,,,,,,,,,,,,,,
WQP_USA_2026,MNPCA-S017-281,Surface Water,43.500363,-91.21645,,05/13/24,,EPA 1633,,,,1.58,,,,,0.723,,,,,,,,,,,,0.74,,1.27,6.16,,,,,,,,,,,,,,,,,,,,,,,,,,,,,,
WQP_USA_2026,MNPCA-S017-281,Surface Water,43.500363,-91.21645,,07/16/24,,EPA 1633,,,1.13,1.75,,,,,0.927,0.595,,,,,,,,,,,0.932,,0.635,9.36,,,,,,,,,,,,,,,,,,,,,,,,,,,,,,
WQP_USA_2026,MNPCA-S017-281,Surface Water,43.500363,-91.21645,,08/13/24,,EPA 1633,,,1.03,2.34,,,,0.422,1.14,0.451,,,,,,,,,,,1.19,,1.07,9.95,,,,,,,,,,,,,,,,,,,,,,,,,,,,,,
WQP_USA_2026,MNPCA-S017-281,Surface Water,43.500363,-91.21645,,09/17/24,,EPA 1633,,,1.73,2.59,,,,0.759,1.44,0.766,,,,,,,,,,,1.79,,2.08,11.3,,,,,,,,,,,,,,,,,,,,,,,,,,,,,,
WQP_USA_2026,MNPCA-S017-281,Surface Water,43.500363,-91.21645,,10/03/24,,EPA 1633,,,1.5,2.42,,,,0.692,1.56,0.728,,,,,,,,,,,1.58,,1.96,10.4,,,,,,,,,,,,,,,,,,,,,,,,,,,,,,
WQP_USA_2026,MNPCA-S017-313,Surface Water,47.239728,-95.158181,,05/28/24,,EPA 1633,,,,,,,,,,,,,,,,,,,,,,,,0.461,,,,,,,,,,,,,,,,,,,,,,,,,,,,,,
WQP_USA_2026,MNPCA-S017-313,Surface Water,47.239728,-95.158181,,06/05/24,,EPA 1633,,,,,,,,,,,,,,,,,,,,,,,,0.484,,,,,,,,,,,,,,,,,,,,,,,,,,,,,,
WQP_USA_2026,MNPCA-S017-313,Surface Water,47.239728,-95.158181,,07/01/24,,EPA 1633,,,,,,,,,,,,,,,,,,,,,,,,0.558,,,,,,,,,,,,,,,,,,,,,,,,,,,,,,
WQP_USA_2026,MNPCA-S017-315,Surface Water,46.856891,-92.096639,,05/14/24,,EPA 1633,,,2.79,1.89,,,,0.767,1.09,0.891,,,,,,,,,,,2.2,,1.92,8.48,,,,,,,,,,,,,,,,,,,,,,,,,,,,,,
WQP_USA_2026,MNPCA-S017-316,Surface Water,46.855012,-92.103214,,05/14/24,,EPA 1633,,,3.21,1.93,,,,0.755,1.38,0.692,,,,,,,,,,,1.07,,1.37,5.12,,,,,,,,,,,,,,,,,,,,,,,0.155,,,,,,,
WQP_USA_2026,MNPCA-S017-317,Surface Water,46.838223,-92.092966,,05/14/24,,EPA 1633,,,3.49,1.98,,,,9.08,2.48,1,,,,,,,,,,,1.46,2.1,4.17,4.23,,,,,,,,,,,,,,,,,,,,,,,,,,,,,,
WQP_USA_2026,MNPCA-S017-318,Surface Water,46.852151,-92.112625,,05/14/24,,EPA 1633,,,5.37,2.9,,,,16.4,3.97,1.49,0.22,,,,,,,,,,1.89,3.8,6.6,4.42,,,,,,,,,,,,,,,,,,,,,,,,,,,,,,
WQP_USA_2026,MNPCA-S017-319,Surface Water,46.841773,-92.100475,,05/14/24,,EPA 1633,,,4.28,2.37,,,,10.9,2.65,0.936,0.149,,,,,,,,,,1.34,2.5,4.57,4.51,,,,,,,,,,,,,,,,,,,,,,,,,,,,,,
WQP_USA_2026,SOUTHUTE-AR 10-8,Surface Water,37.126944,-107.891944,,04/16/24,,EPA 1633,,,,,,,,,,,,0,,0,0,,,0,0,,,,,,,,,,,,,,,,28.25,,23.3,,0,26,,,,,,,0,0,0,,0,,,
WQP_USA_2026,SOUTHUTE-AR 10-8,Surface Water,37.126944,-107.891944,,10/28/24,,EPA 1633,,,,,,,,,,,,0,,,0,,,0,0,,,,,,,,,,,,,,,,38,,28,,0,35.9,,,,,,,12.6,0.345,0,,0,,,
WQP_USA_2026,SOUTHUTE-AR 10-8,Surface Water,37.126944,-107.891944,,04/08/25,,EPA 1633,,,,,,,,,,,,,,0.38,,,,,,,,,,,,,,,,,,,,,62.4,,20.7,,,56.8,,,,,,,,,,,,,,
WQP_USA_2026,SOUTHUTE-AR 10-8,Surface Water,37.126944,-107.891944,,06/16/25,,EPA 1633,,,,,,,,,,,,0,,0,0,,0,0,0,,,,,,,,,,,,,,,,35.7,,25.7,,0,37.9,,,,,,,0,0.34,0,,0,,,
WQP_USA_2026,SOUTHUTE-AR 15-4,Surface Water,37.187051,-107.878685,,12/04/23,,EPA 1633,,,,,,,,,,,,0,,0,0,,,0,0,,,,,,,,,,,,,,,,27.2,,20,,0,22.1,,,10.2,,,,0,0,0,,0,,,
WQP_USA_2026,SOUTHUTE-AR 15-4,Surface Water,37.187051,-107.878685,,04/16/24,,EPA 1633,,,,,,,,,,,,0,,0,0,,,0,0,,,,,,,,,,,,,,,,36.1,,31.4,,0,34.25,,,,,,,0,0,0,,0,,,
WQP_USA_2026,SOUTHUTE-AR 15-4,Surface Water,37.187051,-107.878685,,10/28/24,,EPA 1633,,,,,,,,,,,,0,,,0,,,0,0,,,,,,,,,,,,,,,,36.85,,30.6,,0,34.8,,,,,,,13.95,0.35,0,,0,,,
WQP_USA_2026,SOUTHUTE-AR 15-4,Surface Water,37.187051,-107.878685,,04/08/25,,EPA 1633,,,,,,,,,,,,,,0.37,,,,,,,,,,,,,,,,,,,,,60.8,,21.5,,,59,,,,,,,0.44,,,,,,,
WQP_USA_2026,SOUTHUTE-AR 15-4,Surface Water,37.187051,-107.878685,,06/16/25,,EPA 1633,,,,,,,,,,,,0,,0,0,,0,0,0,,,,,,,,,,,,,,,,36.2,,27.9,,0,36.95,,,,,,,0,0.36,0,,0,,,
WQP_USA_2026,SOUTHUTE-AR 2-7,Surface Water,37.03226,-107.8754,,12/04/23,,EPA 1633,,,,,,,,,,,,0,,0,0,,,0,0,,,,,,,,,,,,,,,,28.55,,21.3,,0,22.8,,,11.8,,,,0,0,0,,0,,,
WQP_USA_2026,SOUTHUTE-AR 2-7,Surface Water,37.03226,-107.8754,,04/16/24,,EPA 1633,,,,,,,,,,,,0,,0,0,,,0,0,,,,,,,,,,,,,,,,34.05,,21.7,,0,30.3,,,,,,,0,0,0,,0,,,
WQP_USA_2026,SOUTHUTE-AR 2-7,Surface Water,37.03226,-107.8754,,10/28/24,,EPA 1633,,,,,,,,,,,,0,,,0,,,0,0,,,,,,,,,,,,,,,,36.1,,28,,0,36.6,,,,,,,13.5,0.445,0,,0,,,
WQP_USA_2026,SOUTHUTE-AR 2-7,Surface Water,37.03226,-107.8754,,04/08/25,,EPA 1633,,,,,,,,,,,,,,0.37,,,,,,,,,,,,,,,,,,,,,68.8,,23.6,,,60.6,,,,,,,,,,,,,,
WQP_USA_2026,SOUTHUTE-AR 2-7,Surface Water,37.03226,-107.8754,,06/16/25,,EPA 1633,,,,,,,,,,,,0,,0,0,,0,0,0,,,,,,,,,,,,,,,,35.8,,26.7,,0,38,,,,,,,0,0.375,0,,0,,,
WQP_USA_2026,SOUTHUTE-FLR 1-2,Surface Water,37.062072,-107.867906,,12/04/23,,EPA 1633,,,,,,,,,,,,0,,0,0,,,0,0,,,,,,,,,,,,,,,,37.55,,27.7,,0,31.65,,,14,,,,0,1.8,0,,0,,,
WQP_USA_2026,SOUTHUTE-FLR 1-2,Surface Water,37.062072,-107.867906,,04/16/24,,EPA 1633,,,,,,,,,,,,0,,0,0,,,0,0,,,,,,,,,,,,,,,,25.6,,22.2,,0,24.3,,,,,,,0,0.75,0,,0,,,
WQP_USA_2026,SOUTHUTE-FLR 1-2,Surface Water,37.062072,-107.867906,,10/28/24,,EPA 1633,,,,,,,,,,,,0,,,0,,,0,0,,,,,,,,,,,,,,,,37,,30,,0,35.6,,,,,,,13.5,1.85,0,,0,,,
WQP_USA_2026,SOUTHUTE-FLR 1-2,Surface Water,37.062072,-107.867906,,04/08/25,,EPA 1633,,,,,,,,,,,,,,0.38,,,,,,,,,,,,,,,,,,,,,70.3,,25.4,,,68.4,,,,,,,,3.4,,,,,,
WQP_USA_2026,SOUTHUTE-FLR 1-2,Surface Water,37.062072,-107.867906,,06/16/25,,EPA 1633,,,,,,,,,,,,0,,0,0,,0,0,0,,,,,,,,,,,,,,,,28.55,,21.9,,0,31.7,,,,,,,0.41,0.8,0,,0,,,
WQP_USA_2026,TEPA29-SW-1F,Surface Water,33.717253,-116.194546,,03/14/23,,EPA 537.1,,,,,,,,,,,,,,,,,,,,,,,,,,,,,,,,,0,,,,,,,,,,,,,,,,,,,,,
WQP_USA_2026,TEPA29-SW-1F,Surface Water,33.717253,-116.194546,,06/18/24,,EPA 537.1,,,,,,,,,,,,,,,,,,,,,,,,,,,,,,,,,0,,,,,,,,,,,,,,,,,,,,,
WQP_USA_2026,UWT_CUW-BuddInle,Surface Water,47.06035,-122.91503,,04/17/18,,Unnamed_SPE_LCMS_MS,,,,,,,,,,,,,,,,,,,,,,,0.617290413,,,,,,,,,,,,,,,,,,,,,,,,,,,,,,,
WQP_USA_2026,UWT_CUW-BuddInle,Surface Water,47.06035,-122.91503,,05/09/18,,Unnamed_SPE_LCMS_MS,,,,,,,,2.112255536,,,,,,,,,,,,,,,2.585686482,,,,,,,,,,,,,,,,,,,,,,,,,,,,,,,
WQP_USA_2026,UWT_CUW-BuddInle,Surface Water,47.06035,-122.91503,,06/18/18,,Unnamed_SPE_LCMS_MS,,,,,,,,,,,,,,,,,,,,,,,0.139812685,,,,,,,,,,,,,,,,,,,,,,,,,,,,,,,
WQP_USA_2026,UWT_CUW-BuddInle,Surface Water,47.06035,-122.91503,,08/22/18,,Unnamed_SPE_LCMS_MS,,,,,,,,0.945921774,,,,,,,,,,,,,,,1.136793742,,,,,,,,,,,,,,,,,,,,,,,,,,,,,,,
WQP_USA_2026,UWT_CUW-BuddInle,Surface Water,47.06035,-122.91503,,10/30/18,,Unnamed_SPE_LCMS_MS,,,,,,,,,,,,,,,,,,,,,,,0.844381832,,,,,,,,,,,,,,,,,,,,,,,,,,,,,,,
WQP_USA_2026,UWT_CUW-CommBayT,Surface Water,47.25919,-122.43469,,05/09/18,,Unnamed_SPE_LCMS_MS,,,5.206407408,,,,,1.159269884,,,,,,,,,,,,,,,0.242615672,,,,,,,,,,,,,,,,,,,,,,,,,,,,,,,
WQP_USA_2026,UWT_CUW-CommBayT,Surface Water,47.25919,-122.43469,,06/18/18,,Unnamed_SPE_LCMS_MS,,,1.358606116,,,,,,,,,,,,,,,,,,,,,,,,,,,,,,,,,,,,,,,,,,,,,,,,,,,
WQP_USA_2026,UWT_CUW-SalmonBa,Surface Water,47.6663,-122.4018,,05/09/18,,Unnamed_SPE_LCMS_MS,,,2.771878433,,,,,,,,,,,,,,,,,,,,0.354568071,,,,,,,,,,,,,,,,,,,,,,,,,,,,,,,
WQP_USA_2026,UWT_CUW-SalmonBa,Surface Water,47.6663,-122.4018,,06/18/18,,Unnamed_SPE_LCMS_MS,,,1.823237888,,,,,,,,,,,,,,,,,,,,0.168436135,,,,,,,,,,,,,,,,,,,,,,,,,,,,,,,
WQP_USA_2026,UWT_CUW-SalmonBa,Surface Water,47.6663,-122.4018,,08/22/18,,Unnamed_SPE_LCMS_MS,,,4.193433419,,,,,1.00562206,,,,,,,,,,,,,,,0.403919858,,,,,,,,,,,,,,,,,,,,,,,,,,,,,,,
WQP_USA_2026,UWT_CUW-SaltarsP,Surface Water,47.16998,-122.61066,,04/17/18,,Unnamed_SPE_LCMS_MS,,,2.194054731,,,,,,,,,,,,,,,,,,,,0.571120878,,,,,,,,,,,,,,,,,,,,,,,,,,,,,,,
WQP_USA_2026,UWT_CUW-Silverda,Surface Water,47.64279,-122.69671,,04/17/18,,Unnamed_SPE_LCMS_MS,,,2.341240183,,,,,,,,,,,,,,,,,,,,,,,,,,,,,,,,,,,,,,,,,,,,,,,,,,,
WQP_USA_2026,UWT_CUW-SmithCov,Surface Water,47.63237,-122.37868,,05/09/18,,Unnamed_SPE_LCMS_MS,,,142.2624225,5.220758269,,,,43.16884337,10.90246505,2.305263554,,,,,,,,,,,2.568270495,,3.549627437,,,,,,,,,,,,,,,,,,,,,,,,,,,,,,,
WQP_USA_2026,UWT_CUW-SmithCov,Surface Water,47.63237,-122.37868,,06/18/18,,Unnamed_SPE_LCMS_MS,,,91.27979882,1.95785472,,,,12.66013275,3.830926448,,,,,,,,,,,,0.992845744,,1.27802093,,,,,,,,,,,,,,,,,,,,,,,,,,,,,,,
WQP_USA_2026,UWT_CUW-SmithCov,Surface Water,47.63237,-122.37868,,08/22/18,,Unnamed_SPE_LCMS_MS,,,73.21129419,7.14578771,,,,42.10573315,13.82477989,3.766239836,,,,,,,,,,,1.976298715,,4.361464422,,,,,,,,,,,,,,,,,,,,,,,,,,,,,,,
WQP_USA_2026,WYDEQ_WATERSHED-MRC0135,Surface Water,44.51483,-107.52444,,07/12/23,,EPA 8327,,,,,,,,,,,,,,,,,,,,,,,,,,,,,,,,,,,,,,,,,,,,,,,,0,,,,,,
WQP_USA_2026,WYDEQ_WATERSHED-MRC0136,Surface Water,44.69916,-107.48174,,07/24/23,,EPA 8327,,,,,,,,,,,,,,,,,,,,,,,,,,,,,,,,,,,,,,,,,,,,,,,,0,,,,,,
WQP_USA_2026,WYDEQ_WATERSHED-MRC0137,Surface Water,44.11833,-106.94448,,08/30/23,,EPA 8327,,,,,,,,,,,,,,,,,,,,,,,,,,,,,,,,,,,,,,,,,,,,,,,,0,,,,,,
WQP_USA_2026,WYDEQ_WATERSHED-MRW0283,Surface Water,44.8456,-109.494,,07/26/23,,EPA 8327,,,,,,,,,,,,,,,,,,,,,,,,,,,,,,,,,,,,,,,,,,,,,,,,0,,,,,,
WQP_USA_2026,WYDEQ_WATERSHED-MRW0284,Surface Water,44.3196,-110.575,,08/09/23,,EPA 8327,,,,,,,,,,,,,,,,,,,,,,,,,,,,,,,,,,,,,,,,,,,,,,,,0,,,,,,
WQP_USA_2026,WYDEQ_WATERSHED-MRW0286,Surface Water,42.620102,-109.188267,,08/08/23,,EPA 8327,,,,,,,,,,,,,,,,,,,,,,,,,,,,,,,,,,,,,,,,,,,,,,,,0,,,,,,
WQP_USA_2026,WYDEQ_WATERSHED-MRW0287,Surface Water,43.754961,-109.592263,,08/15/23,,EPA 8327,,,,,,,,,,,,,,,,,,,,,,,,,,,,,,,,,,,,,,,,,,,,,,,,0,,,,,,
WQP_USA_2026,WYDEQ_WATERSHED-MRW0288,Surface Water,44.94782,-109.36457,,07/23/24,,EPA 8327,,,,,,,,,,,,,,,,,,,,,,,,,,,,,,,,,,,,,,,,,,,,,,,,0,,,,,,
WQP_USA_2026,WYDEQ_WATERSHED-MRW0289,Surface Water,43.42933,-110.64496,,07/30/24,,EPA 8327,,,,,,,,,,,,,,,,,,,,,,,,,,,,,,,,,,,,,,,,,,,,,,,,0,,,,,,
WQP_USA_2026,WYDEQ_WATERSHED-MRW0290,Surface Water,43.7342,-110.20978,,07/31/24,,EPA 8327,,,,,,,,,,,,,,,,,,,,,,,,,,,,,,,,,,,,,,,,,,,,,,,,0,,,,,,
WQP_USA_2026,WYDEQ_WATERSHED-MRW0291,Surface Water,44.64907,-110.95762,,08/06/24,,EPA 8327,,,,,,,,,,,,,,,,,,,,,,,,,,,,,,,,,,,,,,,,,,,,,,,,0,,,,,,
WQP_USA_2026,WYDEQ_WATERSHED-NGP0282,Surface Water,43.95135,-105.39352,,06/13/23,,EPA 8327,,,,,,,,,,,,,,,,,,,,,,,,,,,,,,,,,,,,,,,,,,,,,,,,0,,,,,,
WQP_USA_2026,WYDEQ_WATERSHED-NGP0283,Surface Water,44.37745,-106.68274,,08/28/23,,EPA 8327,,,,,,,,,,,,,,,,,,,,,,,,,,,,,,,,,,,,,,,,,,,,,,,,0,,,,,,
WQP_USA_2026,WYDEQ_WATERSHED-NGP0285,Surface Water,43.61835,-104.20883,,06/03/24,,EPA 8327,,,,,,,,,,,,,,,,,,,,,,,,,,,,,,,,,,,,,,,,,,,,,,,,0,,,,,,
WQP_USA_2026,WYDEQ_WATERSHED-NGP0285,Surface Water,43.61835,-104.20883,,07/15/24,,EPA 8327,,,,,,,,,,,,,,,,,,,,,,,,,,,,,,,,,,,,,,,,,,,,,,,,0,,,,,,
WQP_USA_2026,WYDEQ_WATERSHED-NGP0286,Surface Water,44.72544,-106.26974,,08/07/24,,EPA 8327,,,,,,,,,,,,,,,,,,,,,,,,,,,,,,,,,,,,,,,,,,,,,,,,0,,,,,,
WQP_USA_2026,WYDEQ_WATERSHED-NGP0287,Surface Water,44.75508,-107.09137,,08/05/24,,EPA 8327,,,,,,,,,,,,,,,,,,,,,,,,,,,,,,,,,,,,,,,,,,,,,,,,0,,,,,,
WQP_USA_2026,WYDEQ_WATERSHED-NGP0288,Surface Water,43.70398,-106.65977,,07/17/24,,EPA 8327,,,,,,,,,,,,,,,,,,,,,,,,,,,,,,,,,,,,,,,,,,,,,,,,0,,,,,,
WQP_USA_2026,WYDEQ_WATERSHED-NGP0289,Surface Water,44.85475,-104.23228,,06/04/24,,EPA 8327,,,,,,,,,,,,,,,,,,,,,,,,,,,,,,,,,,,,,,,,,,,,,,,,0,,,,,,
WQP_USA_2026,WYDEQ_WATERSHED-NGP0290,Surface Water,42.47809,-104.94612,,07/21/24,,EPA 8327,,,,,,,,,,,,,,,,,,,,,,,,,,,,,,,,,,,,,,,,,,,,,,,,0,,,,,,
WQP_USA_2026,WYDEQ_WATERSHED-NGP0291,Surface Water,42.36369,-104.90809,,07/21/24,,EPA 8327,,,,,,,,,,,,,,,,,,,,,,,,,,,,,,,,,,,,,,,,,,,,,,,,0,,,,,,
WQP_USA_2026,WYDEQ_WATERSHED-SR0112,Surface Water,42.005215,-105.320431,,08/21/23,,EPA 8327,,,,,,,,,,,,,,,,,,,,,,,,,,,,,,,,,,,,,,,,,,,,,,,,0,,,,,,
WQP_USA_2026,WYDEQ_WATERSHED-SR0113,Surface Water,42.729,-106.173,,07/08/24,,EPA 8327,,,,,,,,,,,,,,,,,,,,,,,,,,,,,,,,,,,,,,,,,,,,,,,,0,,,,,,
WQP_USA_2026,WYDEQ_WATERSHED-SR0114,Surface Water,41.124377,-106.0144468,,07/15/24,,EPA 8327,,,,,,,,,,,,,,,,,,,,,,,,,,,,,,,,,,,,,,,,,,,,,,,,0,,,,,,
WQP_USA_2026,WYDEQ_WATERSHED-SR0115,Surface Water,42.005618,-105.261563,,07/16/24,,EPA 8327,,,,,,,,,,,,,,,,,,,,,,,,,,,,,,,,,,,,,,,,,,,,,,,,0,,,,,,
WQP_USA_2026,WYDEQ_WATERSHED-SR0116,Surface Water,42.214352,-105.505137,,08/14/24,,EPA 8327,,,,,,,,,,,,,,,,,,,,,,,,,,,,,,,,,,,,,,,,,,,,,,,,0,,,,,,
WQP_USA_2026,WYDEQ_WATERSHED-SR0117,Surface Water,41.1497,-106.4614,,09/09/24,,EPA 8327,,,,,,,,,,,,,,,,,,,,,,,,,,,,,,,,,,,,,,,,,,,,,,,,0,,,,,,
WQP_USA_2026,WYDEQ_WATERSHED-SR0120,Surface Water,41.08274,-107.388575,,09/19/24,,EPA 8327,,,,,,,,,,,,,,,,,,,,,,,,,,,,,,,,,,,,,,,,,,,,,,,,0,,,,,,
WQP_USA_2026,WYDEQ_WATERSHED-WB0571,Surface Water,42.341387,-108.746481,,07/05/23,,EPA 8327,,,,,,,,,,,,,,,,,,,,,,,,,,,,,,,,,,,,,,,,,,,,,,,,0,,,,,,
WQP_USA_2026,WYDEQ_WATERSHED-WB0572,Surface Water,42.389221,-108.675511,,08/29/23,,EPA 8327,,,,,,,,,,,,,,,,,,,,,,,,,,,,,,,,,,,,,,,,,,,,,,,,0,,,,,,
WQP_USA_2026,WYDEQ_WATERSHED-WB0573,Surface Water,42.510979,-110.189433,,09/26/23,,EPA 8327,,,,,,,,,,,,,,,,,,,,,,,,,,,,,,,,,,,,,,,,,,,,,,,,0,,,,,,
WQP_USA_2026,WYDEQ_WATERSHED-WB0574,Surface Water,41.96586,-106.24928,,07/12/23,,EPA 8327,,,,,,,,,,,,,,,,,,,,,,,,,,,,,,,,,,,,,,,,,,,,,,,,0,,,,,,
WQP_USA_2026,WYDEQ_WATERSHED-WB0575,Surface Water,41.60306,-105.703132,,07/31/23,,EPA 8327,,,,,,,,,,,,,,,,,,,,,,,,,,,,,,,,,,,,,,,,,,,,,,,,0,,,,,,
WQP_USA_2026,WYDEQ_WATERSHED-WB0576,Surface Water,41.406607,-106.8208,,07/18/23,,EPA 8327,,,,,,,,,,,,,,,,,,,,,,,,,,,,,,,,,,,,,,,,,,,,,,,,0,,,,,,
WQP_USA_2026,WYDEQ_WATERSHED-WB0582,Surface Water,41.69606,-110.97992,,06/17/24,,EPA 8327,,,,,,,,,,,,,,,,,,,,,,,,,,,,,,,,,,,,,,,,,,,,,,,,0,,,,,,
WQP_USA_2026,WYDEQ_WATERSHED-WB0583,Surface Water,42.42099,-110.36055,,06/18/24,,EPA 8327,,,,,,,,,,,,,,,,,,,,,,,,,,,,,,,,,,,,,,,,,,,,,,,,0,,,,,,
WQP_USA_2026,WYDEQ_WATERSHED-WB0585,Surface Water,42.34264,-109.51511,,08/26/24,,EPA 8327,,,,,,,,,,,,,,,,,,,,,,,,,,,,,,,,,,,,,,,,,,,,,,,,0,,,,,,
,WYDEQ_WATERSHED-WB0586,,43.35077,-110.01225,,08/27/24,,EPA 8327,,,,,,,,,,,,,,,,,,,,,,,,,,,,,,,,,,,,,,,,,,,,,,,,0,,,,,,
,WYDEQ_WATERSHED-WB0587,,41.48795,-107.17872,,07/28/24,,EPA 8327,,,,,,,,,,,,,,,,,,,,,,,,,,,,,,,,,,,,,,,,,,,,,,,,0,,,,,,
,WYDEQ_WATERSHED-WB0588,,43.72966,-108.58603,,07/30/24,,EPA 8327,,,,,,,,,,,,,,,,,,,,,,,,,,,,,,,,,,,,,,,,,,,,,,,,0,,,,,,
,WYDEQ_WATERSHED-WB0589,,44.58647,-108.12365,,08/01/24,,EPA 8327,,,,,,,,,,,,,,,,,,,,,,,,,,,,,,,,,,,,,,,,,,,,,,,,0,,,,,,
,WYDEQ_WATERSHED-WHP0078,,42.059701,-105.12071,,09/19/23,,EPA 8327,,,,,,,,,,,,,,,,,,,,,,,,,,,,,,,,,,,,,,,,,,,,,,,,0,,,,,,
,WYDEQ_WATERSHED-WHP0080,,42.09892,-104.35275,,07/24/23,,EPA 8327,,,,,,,,,,,,,,,,,,,,,,,,,,,,,,,,,,,,,,,,,,,,,,,,0,,,,,,
,WYDEQ_WATERSHED-WHP0081,,41.62,-104.59,,07/02/24,,EPA 8327,,,,,,,,,,,,,,,,,,,,,,,,,,,,,,,,,,,,,,,,,,,,,,,,0,,,,,,
,WYDEQ_WATERSHED-WHP077,,41.525159,-104.236082,,06/20/23,,EPA 8327,,,,,,,,,,,,,,,,,,,,,,,,,,,,,,,,,,,,,,,,,,,,,,,,0,,,,,,