Article (Author et al YYYY),Sample Name,Sample Type,Latitude,Longitude,Sampling Year,Sample Date (MM/DD/YYY),Sample Time,Analysis Method,Streamflow (m3/s),Sampling Depth (m),Units,PFOA,PFOS,FBSA,PFDA,PFNA,PFHxS,PFHxA,PFHpA,PFHpS,GenX,4:2 FTS,6:2 FTS,8:2 FTS,10:2 FTS,3:3 FTCA,5:3 FTCA,7:3 FTCA,PFPA,PFPeA,PFPeS,PFBA,PFBS,PFMOPrA,PFMOBA,PFMOAA,PFO2HxA,PFO3OA,PFO4DA,PFESA BP 1,PFESA BP 2,PFDoS,PFUnDA,FOSAA,N-MeFOSE,NMeFOSAA,NMeFOSA,N-EtFOSE,NEtFOSAA,N-EtFOSA,PFDS,PFTeDA,PFHxDA,PFHxSA,PFNS,PFTrDA,PFDoA,PFOSA,9-Cl-PF3ONS,11-Cl-PF3OUdS,PFECA-G,ADONA,PFEESA,PFECHS,PFPrS,NFDHA
WQP_USA_2026,11NPSWRD_WQX-TUMA_3P_SGLS,Surface Water,31.56203256,-111.0470336,,8/28/2017,,Undisclosed,,,ng/L,12.50,,,,,,,,,,,,,,,,,,,,,,,,,,,,,,,,,,,,,,,,,,,,,,,,,,,,,,
WQP_USA_2026,21FLCEN_WQX-G4CE0144,Surface Water,27.91292,-81.35394,,12/18/2024,,Undisclosed,,,ng/L,4.60,2.00,0.80,4.00,2.00,1.10,,3.10,0.80,4.00,2.00,16.00,2.00,,8.00,,,,6.40,0.40,6.70,11.00,0.80,0.80,,,,,,,,2.00,,,0.80,,,0.80,,0.40,2.00,,0.80,0.40,2.00,4.30,0.40,2.00,2.00,,0.40,0.80,0.80,4.00,8.00
WQP_USA_2026,21FLCEN_WQX-G4CE0144,Surface Water,27.91292,-81.35394,,2/18/2025,,Undisclosed,,,ng/L,5.40,2.00,0.80,4.00,2.00,1.30,,3.50,0.80,4.00,2.00,8.00,2.00,,8.00,,,,7.20,0.50,8.40,9.90,0.80,0.80,,,,,,,,2.00,,,0.80,,,0.80,,0.40,2.00,,0.80,0.40,2.00,4.90,0.40,2.00,2.00,,0.40,0.80,0.80,4.00,8.00
WQP_USA_2026,21FLCEN_WQX-G4CE0144,Surface Water,27.91292,-81.35394,,4/17/2025,,Undisclosed,,,ng/L,6.20,2.10,0.83,4.20,2.10,1.20,,3.90,0.83,4.20,2.10,8.30,2.10,,8.30,,,,8.50,0.42,10.00,11.00,0.83,0.83,,,,,,,,2.10,,,0.83,,,0.83,,0.42,2.10,,0.83,0.42,2.10,5.50,0.42,2.10,2.10,,0.42,0.83,0.83,4.20,8.30
WQP_USA_2026,21FLCEN_WQX-G4CE0144,Surface Water,27.91292,-81.35394,,6/18/2025,,Undisclosed,,,ng/L,5.70,2.00,0.78,3.90,2.00,1.30,,3.80,0.78,3.90,2.00,7.80,2.00,,7.80,,,,6.60,0.39,9.90,11.00,0.78,0.78,,,,,,,,2.00,,,0.78,,,0.78,,0.39,2.00,,0.78,0.39,2.00,4.80,0.39,2.00,2.00,,0.39,0.78,0.78,3.90,7.80
WQP_USA_2026,21FLCEN_WQX-G4CE0248,Surface Water,27.86965599,-81.346961,,2/18/2025,,Undisclosed,,,ng/L,270.00,30.00,2.00,3.80,11.00,33.00,,180.00,1.90,3.80,1.90,7.50,1.90,,7.50,,,,280.00,5.30,120.00,510.00,0.75,0.75,,,,,,,,1.90,,,0.75,,,0.75,,0.38,1.90,,0.75,0.38,1.90,230.00,0.38,1.90,1.90,,0.38,0.75,0.75,3.80,7.50
WQP_USA_2026,21FLCEN_WQX-G4CE0248,Surface Water,27.86965599,-81.346961,,4/17/2025,,Undisclosed,,,ng/L,310.00,17.00,1.60,4.00,3.80,40.00,,220.00,1.80,4.00,2.00,8.00,2.00,,8.00,,,,280.00,5.60,130.00,590.00,0.80,0.80,,,,,,,,2.00,,,0.80,,,0.80,,0.40,2.00,,0.80,0.40,2.00,230.00,0.40,2.00,2.00,,0.40,0.80,0.80,6.00,8.00
WQP_USA_2026,21FLCEN_WQX-G4CE0248,Surface Water,27.86965599,-81.346961,,6/18/2025,,Undisclosed,,,ng/L,280.00,46.00,3.40,4.00,13.00,33.00,,200.00,2.00,4.00,2.00,7.90,2.00,,7.90,,,,320.00,4.80,130.00,520.00,0.79,0.79,,,,,,,,2.00,,,0.87,,,0.79,,0.40,2.00,,0.79,0.40,2.00,230.00,0.40,2.00,2.00,,0.40,0.79,0.79,4.00,7.90
WQP_USA_2026,21FLCEN_WQX-G4CE0258,Surface Water,27.87347732,-81.34875629,,12/18/2024,,Undisclosed,,,ng/L,7.90,1.90,0.75,3.80,1.90,1.60,,5.70,0.75,3.80,1.90,15.00,1.90,,7.50,,,,11.00,0.38,9.20,19.00,0.75,0.75,,,,,,,,1.90,,,0.75,,,0.75,,0.38,1.90,,0.75,0.38,1.90,7.50,0.38,1.90,1.90,,0.38,0.75,0.75,3.80,7.50
WQP_USA_2026,21FLCEN_WQX-G4CE0258,Surface Water,27.87347732,-81.34875629,,2/18/2025,,Undisclosed,,,ng/L,7.00,2.00,0.80,4.00,2.00,1.60,,4.70,0.80,4.00,2.00,8.00,2.00,,8.00,,,,9.60,0.40,8.90,15.00,0.80,0.80,,,,,,,,2.00,,,0.80,,,0.80,,0.40,2.00,,0.80,0.40,2.00,7.00,0.40,2.00,2.00,,0.40,0.80,0.80,4.00,8.00
WQP_USA_2026,21FLCEN_WQX-G4CE0258,Surface Water,27.87347732,-81.34875629,,4/17/2025,,Undisclosed,,,ng/L,9.80,2.60,0.81,4.10,2.00,1.80,,6.60,0.81,4.10,2.00,8.10,2.00,,8.10,,,,11.00,0.41,11.00,18.00,0.81,0.81,,,,,,,,2.00,,,0.81,,,0.81,,0.41,2.00,,0.81,0.41,2.00,8.60,0.41,2.00,2.00,,0.41,0.81,0.81,4.10,8.10
WQP_USA_2026,21FLCEN_WQX-G4CE0258,Surface Water,27.87347732,-81.34875629,,6/18/2025,,Undisclosed,,,ng/L,13.00,3.70,0.82,4.10,2.00,2.20,,8.20,0.82,4.10,2.00,8.20,2.00,,8.20,,,,15.00,0.41,15.00,25.00,0.82,0.82,,,,,,,,2.00,,,0.82,,,0.82,,0.41,2.00,,0.82,0.41,2.00,11.00,0.41,2.00,2.00,,0.41,0.82,0.82,4.10,8.20
WQP_USA_2026,21FLCEN_WQX-G4CE0259,Surface Water,27.87435252,-81.34838763,,12/18/2024,,Undisclosed,,,ng/L,7.60,2.00,0.80,4.00,2.00,1.80,,5.30,0.80,4.00,2.00,16.00,2.00,,8.00,,,,10.00,0.40,9.40,18.00,0.80,0.80,,,,,,,,2.00,,,0.80,,,0.80,,0.40,2.00,,0.80,0.40,2.00,7.30,0.40,2.00,2.00,,0.40,0.80,0.80,4.00,8.00
WQP_USA_2026,21FLCEN_WQX-G4CE0259,Surface Water,27.87435252,-81.34838763,,2/18/2025,,Undisclosed,,,ng/L,6.70,2.00,0.80,4.00,2.00,1.40,,3.90,0.80,4.00,2.00,8.00,2.00,,8.00,,,,8.70,0.44,9.10,13.00,0.80,0.80,,,,,,,,2.00,,,0.80,,,0.80,,0.40,2.00,,0.80,0.40,2.00,5.70,0.40,2.00,2.00,,0.40,0.80,0.80,4.00,8.00
WQP_USA_2026,21FLCEN_WQX-G4CE0259,Surface Water,27.87435252,-81.34838763,,4/17/2025,,Undisclosed,,,ng/L,10.00,2.00,0.80,4.00,2.00,1.80,,6.30,0.80,4.00,2.00,8.00,2.00,,8.00,,,,12.00,0.48,11.00,20.00,0.80,0.80,,,,,,,,2.00,,,0.80,,,0.80,,0.40,2.00,,0.80,0.40,2.00,9.40,0.40,2.00,2.00,,0.40,0.80,0.80,4.00,8.00
WQP_USA_2026,21FLCEN_WQX-G4CE0259,Surface Water,27.87435252,-81.34838763,,6/18/2025,,Undisclosed,,,ng/L,5.90,2.40,0.76,3.80,1.90,1.10,,3.80,0.76,3.80,1.90,7.60,1.90,,7.60,,,,7.20,0.38,8.30,11.00,0.76,0.76,,,,,,,,1.90,,,0.76,,,0.76,,0.38,1.90,,0.76,0.38,1.90,5.20,0.38,1.90,1.90,,0.38,0.76,0.76,3.80,7.60
WQP_USA_2026,21FLCEN_WQX-G4CE0260,Surface Water,27.89547399,-81.370102,,12/18/2024,,Undisclosed,,,ng/L,4.30,1.80,0.73,3.60,1.80,0.88,,3.10,0.73,3.60,1.80,15.00,1.80,,7.30,,,,6.10,0.36,7.40,10.00,0.73,0.73,,,,,,,,1.80,,,0.73,,,0.73,,0.36,1.80,,0.73,0.36,1.80,4.20,0.36,1.80,1.80,,0.36,0.73,0.73,3.60,7.30
WQP_USA_2026,21FLCEN_WQX-G4CE0260,Surface Water,27.89547399,-81.370102,,2/18/2025,,Undisclosed,,,ng/L,4.90,2.00,0.80,4.00,2.00,0.98,,3.50,0.80,4.00,2.00,8.00,2.00,,8.00,,,,7.10,0.45,7.60,9.70,0.80,0.80,,,,,,,,2.00,,,0.80,,,0.80,,0.40,2.00,,0.80,0.40,2.00,4.40,0.40,2.00,2.00,,0.40,0.80,0.80,4.00,8.00
WQP_USA_2026,21FLCEN_WQX-G4CE0260,Surface Water,27.89547399,-81.370102,,4/17/2025,,Undisclosed,,,ng/L,5.20,2.00,0.80,4.00,2.00,0.83,,3.50,0.80,4.00,2.00,8.00,2.00,,8.00,,,,7.40,0.40,9.00,9.50,0.80,0.80,,,,,,,,2.00,,,0.80,,,0.80,,0.40,2.00,,0.80,0.40,2.00,4.40,0.40,2.00,2.00,,0.40,0.80,0.80,4.00,8.00
WQP_USA_2026,21FLCEN_WQX-G4CE0260,Surface Water,27.89547399,-81.370102,,6/18/2025,,Undisclosed,,,ng/L,4.90,2.10,0.79,4.00,2.00,1.00,,2.60,0.79,4.00,2.00,7.90,2.00,,7.90,,,,5.50,0.40,6.90,9.00,0.79,0.79,,,,,,,,2.00,,,0.79,,,0.79,,0.40,2.00,,0.79,0.40,2.00,3.90,0.40,2.00,2.00,,0.40,0.79,0.79,4.00,7.90
WQP_USA_2026,21FLCEN_WQX-G4CE0261,Surface Water,27.90197799,-81.372798,,12/18/2024,,Undisclosed,,,ng/L,3.80,1.90,0.75,3.80,1.90,0.87,,2.50,0.75,3.80,1.90,15.00,1.90,,7.50,,,,6.00,0.38,6.50,9.30,0.75,0.75,,,,,,,,1.90,,,0.75,,,0.75,,0.38,1.90,,0.75,0.38,1.90,3.90,0.38,1.90,1.90,,0.38,0.75,0.75,3.80,7.50
WQP_USA_2026,21FLCEN_WQX-G4CE0261,Surface Water,27.90197799,-81.372798,,2/18/2025,,Undisclosed,,,ng/L,5.50,2.00,0.80,4.00,2.00,1.10,,3.80,0.80,4.00,2.00,8.00,2.00,,8.00,,,,7.80,0.49,8.20,11.00,0.80,0.80,,,,,,,,2.00,,,0.80,,,0.80,,0.40,2.00,,0.80,0.40,2.00,5.30,0.40,2.00,2.00,,0.40,0.80,0.80,4.00,8.00
WQP_USA_2026,21FLCEN_WQX-G4CE0261,Surface Water,27.90197799,-81.372798,,4/17/2025,,Undisclosed,,,ng/L,6.20,2.10,0.83,4.20,2.10,1.20,,4.10,0.83,4.20,2.10,8.30,2.10,,8.30,,,,8.30,0.42,10.00,13.00,0.83,0.83,,,,,,,,2.10,,,0.83,,,0.83,,0.42,2.10,,0.83,0.42,2.10,5.80,0.42,2.10,2.10,,0.42,0.83,0.83,4.20,8.30
WQP_USA_2026,21FLCEN_WQX-G4CE0261,Surface Water,27.90197799,-81.372798,,6/18/2025,,Undisclosed,,,ng/L,4.50,1.90,0.78,3.90,1.90,1.10,,2.50,0.78,3.90,1.90,7.80,1.90,,7.80,,,,5.60,0.39,7.20,7.70,0.78,0.78,,,,,,,,1.90,,,0.78,,,0.78,,0.39,1.90,,0.78,0.39,1.90,3.60,0.39,1.90,1.90,,0.39,0.78,0.78,3.90,7.80
WQP_USA_2026,21FLCEN_WQX-G4CE0262,Surface Water,27.90558909,-81.3718824,,12/18/2024,,Undisclosed,,,ng/L,3.40,1.80,0.74,3.70,1.80,0.88,,2.50,0.74,3.70,1.80,15.00,1.80,,7.40,,,,5.30,0.37,6.10,8.20,0.74,0.74,,,,,,,,1.80,,,0.74,,,0.74,,0.37,1.80,,0.74,0.37,1.80,3.40,0.37,1.80,1.80,,0.37,0.74,0.74,3.70,7.40
WQP_USA_2026,21FLCEN_WQX-G4CE0262,Surface Water,27.90558909,-81.3718824,,2/18/2025,,Undisclosed,,,ng/L,2.40,2.00,0.80,4.00,2.00,0.87,,2.00,0.80,4.00,2.00,8.00,2.00,,8.00,,,,3.30,0.40,6.10,2.90,0.80,0.80,,,,,,,,2.00,,,0.80,,,0.80,,0.40,2.00,,0.80,0.40,2.00,2.00,0.40,2.00,2.00,,0.40,0.80,0.80,4.00,8.00
WQP_USA_2026,21FLCEN_WQX-G4CE0262,Surface Water,27.90558909,-81.3718824,,4/17/2025,,Undisclosed,,,ng/L,5.00,2.00,0.82,4.10,2.00,0.92,,3.90,0.82,4.10,2.00,8.20,2.00,,8.20,,,,7.20,0.41,9.00,11.00,0.82,0.82,,,,,,,,2.00,,,0.82,,,0.82,,0.41,2.00,,0.82,0.41,2.00,5.20,0.41,2.00,2.00,,0.41,0.82,0.82,4.10,8.20
WQP_USA_2026,21FLCEN_WQX-G4CE0262,Surface Water,27.90558909,-81.3718824,,6/18/2025,,Undisclosed,,,ng/L,5.20,2.00,0.81,4.00,2.00,1.10,,2.80,0.81,4.00,2.00,8.10,2.00,,8.10,,,,5.60,0.40,7.90,9.40,0.81,0.81,,,,,,,,2.00,,,0.81,,,0.81,,0.40,2.00,,0.81,0.40,2.00,4.00,0.40,2.00,2.00,,0.40,0.81,0.81,4.00,8.10
WQP_USA_2026,21NMEX_WQX-48LHollomanDp,Surface Water,32.80822,-106.12398,,4/16/2024,,Undisclosed,,,ng/L,680.00,"3,800.00",,3.20,67.00,"4,700.00","7,200.00","1,200.00",14.00,,7.10,610.00,,,,,,,"1,300.00",140.00,390.00,"1,100.00",,,,,,,,,,,,,,,,,,,,,,,,,,,,,,,,,
WQP_USA_2026,21NMEX_WQX-48LHollomanDp,Surface Water,32.80822,-106.12398,,5/21/2024,,Undisclosed,,,ng/L,500.00,"1,000.00",,,31.00,"6,000.00","30,000.00","1,700.00",63.00,,78.00,"4,500.00",,,,,,,"12,000.00","1,300.00","4,200.00","2,000.00",,,,,,,,,,,,,,,,,,,,,,,,,,,,,,,,,
WQP_USA_2026,21NYDECA_WQX-1297,Surface Water,42.16751,-77.10477,,8/30/2022,,Undisclosed,,,ng/L,1.01,1.14,,,0.20,1.11,3.29,0.72,,,,10.40,,,,,,,3.03,0.24,,1.66,,,,,,,,,,,,,,,,,,,,,,,,,,,,,,,,,
WQP_USA_2026,21NYDECA_WQX-1941,Surface Water,43.98944,-75.92416,,9/13/2022,,Undisclosed,,,ng/L,1.30,1.67,,,0.24,,1.14,0.70,,,,2.21,0.59,,,,,,1.32,,4.24,0.62,,,,,,,,,,,,,,,,,,,,,,,,,0.40,,,,,,,,
WQP_USA_2026,21NYDECA_WQX-23883,Surface Water,42.86194,-78.86787,,4/13/2021,,Undisclosed,,,ng/L,2.20,2.90,,,,,2.10,1.60,,,,,,,,,,,2.30,,4.10,,,,,,,,,,,,,,,,,,,,,,,,,,,,,,,,,,
WQP_USA_2026,21NYDECA_WQX-23883,Surface Water,42.86194,-78.86787,,8/17/2021,,Undisclosed,,,ng/L,2.00,2.60,,,,,2.80,,,,,,,,,,,,3.70,,4.30,,,,,,,,,,,,,,,,,,,,,,,,,,,,,,,,,,
WQP_USA_2026,21NYDECA_WQX-24015,Surface Water,43.065745,-78.99999,,8/24/2021,,Undisclosed,,,ng/L,1.70,1.70,,,,,1.70,,,,,,,,,,,,,,,,,,,,,,,,,,,,,,,,,,,,,,,,,,,,,,,,
WQP_USA_2026,21NYDECA_WQX-24016,Surface Water,43.064778,-78.988048,,4/27/2021,,Undisclosed,,,ng/L,,1.60,,,,,,,,,,,,,,,,,,,,,,,,,,,,,,,,,,,,,,,,,,,,,,,,,,,,,
WQP_USA_2026,21NYDECA_WQX-24016,Surface Water,43.064778,-78.988048,,8/24/2021,,Undisclosed,,,ng/L,1.70,1.70,,,,,1.70,,,,,,,,,,,,1.60,,,,,,,,,,,,,,,,,,,,,,,,,,,,,,,,,,,,
WQP_USA_2026,21NYDECA_WQX-24017,Surface Water,43.228233,-79.051793,,4/27/2021,,Undisclosed,,,ng/L,,1.70,,,,,,,,,,,,,,,,,,,,,,,,,,,,,,,,,,,,,,,,,,,,,,,,,,,,,
WQP_USA_2026,21NYDECA_WQX-24017,Surface Water,43.228233,-79.051793,,8/24/2021,,Undisclosed,,,ng/L,1.60,1.60,,,,,1.70,,,,,,,,,,,,,,,,,,,,,,,,,,,,,,,,,,,,,,,,,,,,,,,,
WQP_USA_2026,21NYDECA_WQX-24022,Surface Water,43.214337,-79.053206,,4/27/2021,,Undisclosed,,,ng/L,,2.10,,,,,,,,,,,,,,,,,,,,,,,,,,,,,,,,,,,,,,,,,,,,,,,,,,,,,
WQP_USA_2026,21NYDECA_WQX-24022,Surface Water,43.214337,-79.053206,,8/24/2021,,Undisclosed,,,ng/L,,1.60,,,,,1.60,,,,,,,,,,,,,,,,,,,,,,,,,,,,,,,,,,,,,,,,,,,,,,,,
WQP_USA_2026,21NYDECA_WQX-24092,Surface Water,43.095496,-78.638021,,8/26/2021,,Undisclosed,,,ng/L,,,,,,,1.90,,,,,,,,,,,,,,4.10,,,,,,,,,,,,,,,,,,,,,,,,,,,,,,,,,,
WQP_USA_2026,21NYDECA_WQX-24144,Surface Water,42.15716,-78.71793,,8/16/2021,,Undisclosed,,,ng/L,,,,,,,,,0.00,,,,,,,,,,,,,,,,,,,,,,,,,,,,,,,,,,,,,,,,,,,,,,
WQP_USA_2026,21NYDECA_WQX-24175,Surface Water,42.11245,-79.20303,,4/12/2021,,Undisclosed,,,ng/L,,1.70,,,,,,,,,,,,,,,,,,,,,,,,,,,,,,,,,,,,,,,,,,,,,,,,,,,,,
WQP_USA_2026,21NYDECA_WQX-24175,Surface Water,42.11245,-79.20303,,8/16/2021,,Undisclosed,,,ng/L,2.00,,,,,,1.90,,,,,,,,,,,,2.30,,,,,,,,,,,,,,,,,,,,,,,,,,,,,,,,,,,,
WQP_USA_2026,21NYDECA_WQX-24361,Surface Water,43.27785,-78.71185,,4/14/2021,,Undisclosed,,,ng/L,3.70,3.00,,,,,3.20,1.80,,,,,,,,,,,2.80,,6.70,1.80,,,,,,,,,,,,,,,,,,,,,,,,,,,,,,,,,
WQP_USA_2026,21NYDECA_WQX-24361,Surface Water,43.27785,-78.71185,,8/26/2021,,Undisclosed,,,ng/L,5.00,2.70,,,,,7.00,2.20,,,,,,,,,,,7.70,,5.80,4.50,,,,,,,,,,0.00,,,,,,,,,,,,,,,,,,,,,,,
WQP_USA_2026,21NYDECA_WQX-24425,Surface Water,43.485876,-76.456671,,4/20/2021,,Undisclosed,,,ng/L,2.90,3.20,,,,,3.10,2.00,,,,4.80,,,,,,,4.00,,,,,,,,,,,,,,,,,,,,,,,,,,,,,,,,,,,,
WQP_USA_2026,21NYDECA_WQX-24425,Surface Water,43.485876,-76.456671,,8/25/2021,,Undisclosed,,,ng/L,7.00,4.50,,,3.40,1.90,8.40,4.60,,,,13.00,,,,,,,12.00,,11.00,2.00,,,,,,,,,,,,,,,,,,,,,,,,,,,,,,,,,
WQP_USA_2026,21NYDECA_WQX-24426,Surface Water,43.486561,-76.449,,4/20/2021,,Undisclosed,,,ng/L,,3.70,,,,,,,,,,,,,,,,,,,,,,,,,,,,,,,,,,,,,,,,,,,,,,,,,,,,,
WQP_USA_2026,21NYDECA_WQX-24426,Surface Water,43.486561,-76.449,,8/25/2021,,Undisclosed,,,ng/L,4.10,3.00,,,3.50,,2.50,2.30,,,,,,,,,,,3.30,,10.00,2.00,,,,,,,,,,,,,,,,,,,,,,,,,,,,,,,,,
WQP_USA_2026,21NYDECA_WQX-24458,Surface Water,43.254,-77.742,,4/13/2021,,Undisclosed,,,ng/L,2.50,2.40,,,,,2.80,,,,,,,,,,,,3.20,,11.00,2.40,,,,,,,,,,,,,,,,,,,,,,,,,,,,,,,,,
WQP_USA_2026,21NYDECA_WQX-24458,Surface Water,43.254,-77.742,,8/16/2021,,Undisclosed,,,ng/L,2.20,1.80,,,,,3.60,1.80,,,,,,,,,,,4.30,,7.50,2.20,,,,,,,,,,,,,,,,,,,,,,,,,,,,,,,,,
WQP_USA_2026,21NYDECA_WQX-24496,Surface Water,43.55,-76.09444,,4/20/2021,,Undisclosed,,,ng/L,,,,0.00,,,,,,,,,,,,,,,,,,,,,,,,,,,,,,,,,,,,,,,,,,,,,,,,,,,
WQP_USA_2026,21NYDECA_WQX-24684,Surface Water,43.22722,-77.61639,,4/14/2021,,Undisclosed,,,ng/L,,15.00,,,,,1.90,,,,,,,,,,,,1.60,,,,,,,,,,,,,,,,,,,,,,,,,,,,,,,,,,,,
WQP_USA_2026,21NYDECA_WQX-24684,Surface Water,43.22722,-77.61639,,8/17/2021,,Undisclosed,,,ng/L,2.00,6.30,,,,,3.50,,,,,,,,,,,,3.40,,9.20,,,,,,,,,,,,,,,,,,,,,,,,,,,,,,,,,,
WQP_USA_2026,21NYDECA_WQX-24686,Surface Water,43.203609,-77.625736,,4/28/2021,,Undisclosed,,,ng/L,,12.00,,,,,3.10,,,,,,,,,,,,,,9.10,,,,,,,,,,,,,,,,,,,,,,,,,,,,,,,,,,
WQP_USA_2026,21NYDECA_WQX-24686,Surface Water,43.203609,-77.625736,,8/25/2021,,Undisclosed,,,ng/L,2.10,8.60,,,,,1.70,,,,,,,,,,,,,,,,,,,,,,,,,,,,,,,,,,,,,,,,,,,,,,,,
WQP_USA_2026,21NYDECA_WQX-24832,Surface Water,42.11866,-77.94654,,8/17/2021,,Undisclosed,,,ng/L,,2.10,,,,2.90,,,,,,,,,,,,,,,,,,,,,,,,,,,,,,,,,,,,,,,,,,,,,,,,,
WQP_USA_2026,21NYDECA_WQX-24883,Surface Water,42.264939,-77.547768,,8/31/2022,,Undisclosed,,,ng/L,0.44,0.39,,,,0.21,0.26,0.19,,,,,,,,,,,,,0.80,0.12,,,,,,,,,,,,,,,,,,,,,,,,,0.22,,,,,,,,
WQP_USA_2026,21NYDECA_WQX-24898,Surface Water,42.10146,-76.68656,,9/1/2022,,Undisclosed,,,ng/L,0.32,0.63,,,,,,,,,,,,,,,,,,,,0.20,,,,,,,,,,,,,,,,,,,,,,,,,,,,,,,,,
WQP_USA_2026,21NYDECA_WQX-24925,Surface Water,42.00278,-76.63499,,8/16/2021,,Undisclosed,,,ng/L,,1.80,,,,,1.70,,,,,,,,,,,,2.20,,,,,,,,,,,,,,,,,,,,,,,,,,,,,,,,,,,,
WQP_USA_2026,21NYDECA_WQX-24933,Surface Water,42.411703,-77.426762,,8/31/2022,,Undisclosed,,,ng/L,0.38,0.34,,,,0.16,0.28,0.22,,,,,,,,,,,,,1.37,0.24,,,,,,,,,,,,,,,,,,,,,,,,,0.43,,,,,,,,
WQP_USA_2026,21NYDECA_WQX-24938,Surface Water,42.49526,-77.50321,,8/31/2022,,Undisclosed,,,ng/L,0.58,11.10,,,0.30,0.24,,0.40,,,,,,,,,,,0.31,,,0.29,,,,,,,,,,,,,,,,,,,,,,,,,,,,,,,,,
WQP_USA_2026,21NYDECA_WQX-24948,Surface Water,42.563225,-77.510048,,8/31/2022,,Undisclosed,,,ng/L,0.43,0.36,,,,0.18,,0.40,,,,,,,,,,,0.36,,,0.28,,,,,,,,,,,,,,,,,,,,,,,,,,,,,,,,,
WQP_USA_2026,21NYDECA_WQX-24957,Surface Water,42.122616,-76.811108,,8/31/2022,,Undisclosed,,,ng/L,1.01,1.08,,,,0.60,0.52,0.28,,,,,,,,,,,0.57,0.17,,1.03,,,,,,,,,,,,,,,,,,,,,,,,,,,,,,,,,
WQP_USA_2026,21NYDECA_WQX-24994,Surface Water,42.355513,-77.136042,,8/31/2022,,Undisclosed,,,ng/L,0.29,0.35,,,,,0.21,0.20,,,,,,,,,,,,,0.89,0.22,,,,,,,,,,,,,,,,,,,,,,,,,0.69,,,,,,,,
WQP_USA_2026,21NYDECA_WQX-24996,Surface Water,42.291184,-77.065257,,8/30/2022,,Undisclosed,,,ng/L,0.18,0.36,,,,0.17,,,,,,,,,,,,,,0.00,,0.10,,,,,,,,,,,,,,,,,,,,,,,,,0.30,,,,,,,,
WQP_USA_2026,21NYDECA_WQX-25006,Surface Water,42.16833,-76.81889,,9/1/2022,,Undisclosed,,,ng/L,0.56,0.48,,,0.16,0.26,,0.40,,,,,,,,,,,0.48,,2.24,0.36,,,,,,,,,,,,,,,,,,,,,,,,,,,,,,,,,
WQP_USA_2026,21NYDECA_WQX-25033,Surface Water,42.24891,-77.45244,,8/31/2022,,Undisclosed,,,ng/L,0.75,0.92,,,0.23,0.54,0.98,0.32,,,,5.20,0.66,,,,,,1.22,0.11,9.72,0.92,,,,,,,,,,,,,,,,,,,,,,,,,0.27,,,,,,,,
WQP_USA_2026,21NYDECA_WQX-25043,Surface Water,42.199,-77.407,,8/31/2022,,Undisclosed,,,ng/L,0.25,0.28,,,,0.17,,,,,,,,,,,,,,,0.90,0.10,,,,,,,,,,,,,,,,,,,,,,,,,,,,,,,,,
WQP_USA_2026,21NYDECA_WQX-25049,Surface Water,42.019592,-77.128563,,8/30/2022,,Undisclosed,,,ng/L,0.63,0.83,,,0.24,0.37,0.68,0.38,,,,,,,,,,,0.73,,1.35,0.48,,,,,,,,,,,,,,,,,,,,,,,,,,,,,,,,,
WQP_USA_2026,21NYDECA_WQX-25073,Surface Water,42.080158,-77.364734,,9/1/2022,,Undisclosed,,,ng/L,0.87,0.93,,,0.15,0.32,0.60,0.37,,,,1.19,,,,,,,0.52,,1.91,0.73,,,,,,,,,,,,,,,,,,,,,,,,,0.41,,,,,,,,
WQP_USA_2026,21NYDECA_WQX-25595,Surface Water,42.68037,-76.95395,,4/12/2021,,Undisclosed,,,ng/L,,,,,,,2.00,,0.00,,,,,,,,,,2.20,,,,,,,,,,,,,,,,,,,,,,,,,,,,,,,,,,,,
WQP_USA_2026,21NYDECA_WQX-25681,Surface Water,43.39806,-76.47166,,4/12/2021,,Undisclosed,,,ng/L,,3.40,,,,,,,,,,,,,,,,,,,,,,,,,,,,,,,,,,,,,,,,,,,,,,,,,,,,,
WQP_USA_2026,21NYDECA_WQX-25681,Surface Water,43.39806,-76.47166,,8/17/2021,,Undisclosed,,,ng/L,,,,,,,,0.00,,,,,,,,,,,1.70,,,,,,,,,,,,,,,,,,,,,,,,,,,,,,,,,,,,
WQP_USA_2026,21NYDECA_WQX-25872,Surface Water,43.67611,-74.70834,,9/14/2022,,Undisclosed,,,ng/L,0.69,1.14,,,0.41,0.22,,0.80,,,,,,,,,,,,,,0.21,,,,,,,,,,,,,,,,,,,,,,,,,0.21,,,,,,,,
WQP_USA_2026,21NYDECA_WQX-25891,Surface Water,43.98472,-75.925,,4/12/2021,,Undisclosed,,,ng/L,,,,,,,,,,,,,,,,,,,,,,,,,,,,,,,,,,,,,,,,,,,,,,0.00,,,,,,,,,
WQP_USA_2026,21NYDECA_WQX-25916,Surface Water,43.82389,-75.65334,,9/13/2022,,Undisclosed,,,ng/L,1.81,1.07,,,0.68,,1.02,1.41,,,,,,,,,,,1.17,,,0.35,,,,,,,,,,,,,,,,,,,,,,,,,0.21,,,,,,,,
WQP_USA_2026,21NYDECA_WQX-25922,Surface Water,43.506198,-75.221461,,9/15/2022,,Undisclosed,,,ng/L,0.40,0.38,,,0.18,0.30,,0.30,,,,,,,,,,,,,,0.13,,,,,,,,,,,,,,,,,,,,,,,,,0.18,,,,,,,,
WQP_USA_2026,21NYDECA_WQX-25924,Surface Water,43.93028,-75.59111,,9/13/2022,,Undisclosed,,,ng/L,0.99,0.66,,,0.42,,0.53,0.72,,,,,,,,,,,0.59,,3.46,0.31,,,,,,,,,,,,,,,,,,,,,,,,,0.29,,,,,,,,
WQP_USA_2026,21NYDECA_WQX-25926,Surface Water,43.723389,-75.70138,,9/13/2022,,Undisclosed,,,ng/L,0.92,0.89,,0.17,0.52,,0.55,0.89,,,,,,,,,,,0.63,,3.31,0.23,,,,,,,,,,,,,,,,,,,,,,,,,0.21,,,,,,,,
WQP_USA_2026,21NYDECA_WQX-25955,Surface Water,43.712444,-74.813651,,9/14/2022,,Undisclosed,,,ng/L,0.45,0.88,,,0.21,0.30,,0.43,,,,2.18,0.50,,,,,,,,,0.12,,,,,,,,,,,,,,,,,,,,,,,,,,,,,,,,,
WQP_USA_2026,21NYDECA_WQX-25962,Surface Water,43.45528,-75.15278,,9/15/2022,,Undisclosed,,,ng/L,0.48,0.62,,,0.27,0.27,,0.47,,,,,,,,,,,,,,0.15,,,,,,,,,,,,,,,,,,,,,,,,,0.26,,,,,,,,
WQP_USA_2026,21NYDECA_WQX-25978,Surface Water,43.7903,-75.546073,,9/14/2022,,Undisclosed,,,ng/L,0.39,0.50,,,,0.28,,0.32,,,,3.35,0.70,,,,,,,,,0.23,,,,,,,,,,,,,,,,,,,,,,,,,,,,,,,,,
WQP_USA_2026,21NYDECA_WQX-25979,Surface Water,43.52194,-75.34527,,9/15/2022,,Undisclosed,,,ng/L,1.41,0.56,,,0.26,0.36,,0.81,,,,,,,,,,,1.13,,,0.64,,,,,,,,,,,,,,,,,,,,,,,,,0.19,,,,,,,,
WQP_USA_2026,21NYDECA_WQX-25993,Surface Water,43.910741,-75.366559,,9/13/2022,,Undisclosed,,,ng/L,2.79,3.89,,0.25,1.09,2.11,2.38,1.76,,,,3.51,,,,,,,2.66,0.42,8.01,2.38,,,,,,,,,,,,,,,,,,,,,,,,,0.61,,,,,,,,
WQP_USA_2026,21NYDECA_WQX-25994,Surface Water,43.80832,-74.851371,,9/14/2022,,Undisclosed,,,ng/L,0.42,0.40,,,0.28,0.16,,0.46,,,,,,,,,,,,,,0.10,,,,,,,,,,,,,,,,,,,,,,,,,,,,,,,,,
WQP_USA_2026,21NYDECA_WQX-26028,Surface Water,43.937194,-75.50738,,9/13/2022,,Undisclosed,,,ng/L,2.02,1.16,,0.17,0.78,,1.16,1.56,,,,,,,,,,,1.72,,6.90,0.50,,,,,,,,,,,,,,,,,,,,,,,,,0.30,,,,,,,,
WQP_USA_2026,21NYDECA_WQX-26031,Surface Water,43.67705,-75.34291,,9/14/2022,,Undisclosed,,,ng/L,0.17,,,,,,,0.18,,,,,,,,,,,,,,,,,,,,,,,,,,,,,,,,0.00,,,,,,,0.15,,,,,,,,
WQP_USA_2026,21NYDECA_WQX-26034,Surface Water,43.4507,-75.014745,,9/15/2022,,Undisclosed,,,ng/L,0.48,0.62,,,0.28,0.20,,0.43,,,,,,,,,,,,,,0.11,,,,,,,,,,,,,,,,,,,,,,,,,,,,,,,,,
WQP_USA_2026,21NYDECA_WQX-26139,Surface Water,44.846933,-75.078952,,4/13/2021,,Undisclosed,,,ng/L,,,,,,,,,,,,,,,,,,,,,,,,,,,,,,,,,,,,,,,,,,,,,,,0.00,,,,,,,,
WQP_USA_2026,21NYDECA_WQX-26388,Surface Water,44.22003,-73.58552,,7/26/2023,,Undisclosed,,,ng/L,,,,,,,,,,,,13.00,,,,,,,0.97,,,,,,,,,,,,,,,,,,,,,,,,,,,,,,,,,,,,
WQP_USA_2026,21NYDECA_WQX-26628,Surface Water,44.40855,-74.08426,,7/26/2023,,Undisclosed,,,ng/L,2.60,3.00,,,,2.30,1.80,2.10,,,,,,,,,,,2.30,,6.60,1.00,,,,,,,,,,,,,,,,,,,,,,,,,,,,,,,,,
WQP_USA_2026,21NYDECA_WQX-26746,Surface Water,42.95139,-73.39111,,10/24/2019,,Undisclosed,,,ng/L,13.00,,,,,,,,,,,,,,,,,,,,,,,,,,,,,,,,,,,,,,,,,,,,,,,,,,,,,,
WQP_USA_2026,21NYDECA_WQX-26746,Surface Water,42.95139,-73.39111,,4/13/2021,,Undisclosed,,,ng/L,8.60,,,,,,,,,,,,,,,,,,,,,,,,,,,,,,,,,,,,,,,,,,,,,,,,,,,,,,
WQP_USA_2026,21NYDECA_WQX-26746,Surface Water,42.95139,-73.39111,,8/18/2021,,Undisclosed,,,ng/L,22.00,2.00,,,,,,,,,,,,,,,,,,,,,,,,,,,,,,,,,,,,,,,,,,,,,,,,,,,,,
WQP_USA_2026,21NYDECA_WQX-26901,Surface Water,42.809122,-73.658308,,4/26/2021,,Undisclosed,,,ng/L,2.00,,,,,,,,,,,,,,,,,,,,,,,,,,,,,,,,,,,,,,,,,,,,,,,,,,,,,,
WQP_USA_2026,21NYDECA_WQX-26901,Surface Water,42.809122,-73.658308,,8/25/2021,,Undisclosed,,,ng/L,3.60,,,,,,,,,,,,,,,,,,,,,,,,,,,,,,,,,,,,,,,,,,,,,,,,,,,,,,
WQP_USA_2026,21NYDECA_WQX-26904,Surface Water,42.82274,-73.66137,,4/26/2021,,Undisclosed,,,ng/L,1.90,,,,,,,,,,,,,,,,,,,,,,,,,,,,,,,,,,,,,,,,,,,,,,,,,,,,,,
WQP_USA_2026,21NYDECA_WQX-26904,Surface Water,42.82274,-73.66137,,8/25/2021,,Undisclosed,,,ng/L,3.00,,,,,,,,,,,,,,,,,,,,,,,,,,,,,,,,,,,,,,,,,,,,,,,,,,,,,,
WQP_USA_2026,21NYDECA_WQX-27199,Surface Water,42.77833,-73.69667,,4/15/2021,,Undisclosed,,,ng/L,,,,,,,1.70,,,,,,,,,,,,,,,,,,,,,,,,,,,,,,,,,,,,,,,,,,,,,,,,
WQP_USA_2026,21NYDECA_WQX-27199,Surface Water,42.77833,-73.69667,,8/18/2021,,Undisclosed,,,ng/L,,3.00,,,,,3.00,,,,,,,,,,,,2.80,,,,,,,,,,,,,,,,,,,,,,,,,,,,,,,,,,,,
WQP_USA_2026,21NYDECA_WQX-27212,Surface Water,42.820624,-73.858617,,8/25/2021,,Undisclosed,,,ng/L,,1.90,,,,,,,,,,,,,,,,,,,,,,,,,,,,,,,,,,,,,,,,,,,,,,,,,,,,,
WQP_USA_2026,21NYDECA_WQX-27213,Surface Water,42.838248,-73.877313,,8/25/2021,,Undisclosed,,,ng/L,,1.70,,,,,,,,,,,,,,,,,,,,,,,,,,,,,,,,,,,,,,,,,,,,,,,,,,,,,
WQP_USA_2026,21NYDECA_WQX-27224,Surface Water,43.03778,-74.84055,,4/12/2021,,Undisclosed,,,ng/L,,1.80,,,,,,,,,,,,,,,,,,,,,,,,,,,,,,,,,,,,,,,,,,,,,,,,,,,,,
WQP_USA_2026,21NYDECA_WQX-27224,Surface Water,43.03778,-74.84055,,8/16/2021,,Undisclosed,,,ng/L,,2.00,,,,,,,,,,,,,,,,,,,,,,,,,,,,,,,,,,,,,,,,,,,,,,,,,,,,,
WQP_USA_2026,21NYDECA_WQX-27314,Surface Water,42.8,-74.26334,,4/15/2021,,Undisclosed,,,ng/L,,0.00,,,,,,,,,,,,,,,,,,,,,,,,,,,,,,,,,,,,,,,,,,,,,,,,,,,,,
WQP_USA_2026,21NYDECA_WQX-27447,Surface Water,42.41278,-74.03584,,7/20/2022,,Undisclosed,,,ng/L,0.85,1.00,,,0.31,0.27,,0.41,,,,,,,,,,,0.54,,2.26,0.61,,,,,,,,,,,,,,,,,,,,,,,,,0.33,,,,,,,,
WQP_USA_2026,21NYDECA_WQX-27504,Surface Water,42.25639,-73.90471,,7/21/2022,,Undisclosed,,,ng/L,1.21,1.73,,,0.19,0.66,0.99,0.64,,,,,,,,,,,1.15,0.10,2.09,0.73,,,,,,,,,,,,,,,,,,,,,,,,,0.16,,,,,,,,
WQP_USA_2026,21NYDECA_WQX-27529,Surface Water,42.3905,-73.80139,,7/20/2022,,Undisclosed,,,ng/L,1.58,1.73,,0.17,0.43,0.39,2.24,0.89,,,,1.74,,,,,,,2.52,,3.27,0.53,,,,,,,,,,,,,,,,,,,,,,,,,0.18,,,,,,,,
WQP_USA_2026,21NYDECA_WQX-27551,Surface Water,41.30103,-73.98634,,7/20/2022,,Undisclosed,,,ng/L,0.76,0.46,,,,,,,,,,,,,,,,,,,,0.13,,,,,,,,,,,,,,,,,,,,,,,,,0.18,,,,,,,,
WQP_USA_2026,21NYDECA_WQX-27626,Surface Water,41.662908,-73.736386,,7/20/2022,,Undisclosed,,,ng/L,0.67,1.33,,,,0.37,,0.15,,,,,,,,,,,,,0.64,5.96,,,,,,,,,,,,,,,,,,,,,,,,,0.19,,,,,,,,
WQP_USA_2026,21NYDECA_WQX-27630,Surface Water,42.180528,-73.940247,,7/21/2022,,Undisclosed,,,ng/L,1.31,1.28,,,0.30,0.55,1.08,0.80,,,,,,,,,,,1.07,,2.51,1.11,,,,,,,,,,,,,,,,,,,,,,,,,0.20,,,,,,,,
WQP_USA_2026,21NYDECA_WQX-27631,Surface Water,42.31972,-73.74611,,7/21/2022,,Undisclosed,,,ng/L,1.49,1.77,,0.17,0.50,0.52,1.02,0.64,,,,,,,,,,,0.93,,2.44,0.82,,,,,,,,,,,,,,,,,,,,,,,,,0.26,,,,,,,,
WQP_USA_2026,21NYDECA_WQX-27674,Surface Water,42.619495,-73.758796,,10/22/2019,,Undisclosed,,,ng/L,2.40,1.80,,,,,,,,,,,,,,,,,,,2.00,,,,,,,,,,,,,,,,,,,,,,,,,,,,,,,,,,
WQP_USA_2026,21NYDECA_WQX-27674,Surface Water,42.619495,-73.758796,,8/16/2021,,Undisclosed,,,ng/L,2.40,,,,,,,,,,,,,,,,,,,,,,,,,,,,,,,,,,,,,,,,,,,,,,,,,,,,,,
WQP_USA_2026,21NYDECA_WQX-27801,Surface Water,41.438813,-74.418355,,7/20/2022,,Undisclosed,,,ng/L,4.25,3.96,,0.24,1.16,1.41,4.70,2.58,,,,,,,,,,,5.05,0.18,9.43,6.30,,,,,,,,,,,,,,,,,,,,,,,,,0.29,,,,,,,,
WQP_USA_2026,21NYDECA_WQX-27825,Surface Water,41.33306,-73.76472,,7/20/2022,,Undisclosed,,,ng/L,9.68,7.38,,0.64,1.07,1.86,8.17,4.05,0.15,,,,,,,,,,8.72,0.36,6.58,5.70,,,,,,,,,,,,,,,,,,,,,,,,,0.25,,,,,,,,
WQP_USA_2026,21NYDECA_WQX-27971,Surface Water,41.796212,-74.21083,,7/20/2022,,Undisclosed,,,ng/L,0.47,0.41,,,,0.19,,0.25,,,,,,,,,,,0.31,,0.98,0.28,,,,,,,,,,,,,,,,,,,,,,,,,0.25,,,,,,,,
WQP_USA_2026,21NYDECA_WQX-28055,Surface Water,41.242193,-74.025626,,7/20/2022,,Undisclosed,,,ng/L,0.90,0.51,,,0.26,,,0.28,,,,,,,,,,,,0.00,,0.13,,,,,,,,,,,,,,,,,,,,,,,,,0.15,,,,,,,,
WQP_USA_2026,21NYDECA_WQX-28080,Surface Water,41.628,-74.331,,7/21/2022,,Undisclosed,,,ng/L,0.82,0.50,,,0.21,0.19,,0.30,,,,,,,,,,,0.43,,0.96,0.24,,,,,,,,,,,,,,,,,,,,,,,,,0.15,,,,,,,,
WQP_USA_2026,21NYDECA_WQX-28096,Surface Water,41.687831,-74.1657,,4/12/2021,,Undisclosed,,,ng/L,,,,,,,2.30,,,,,,,,,,,,1.80,,,,,,,,,,,,,,,,,,,,,,,,,,,,,,,,,,,,
WQP_USA_2026,21NYDECA_WQX-28096,Surface Water,41.687831,-74.1657,,8/17/2021,,Undisclosed,,,ng/L,3.80,2.30,,,,,5.50,1.70,,,,,,,,,,,9.40,,4.90,3.80,,,,,,,,,,,,,,,,,,,,,,,,,,,,,,,,,
WQP_USA_2026,21NYDECA_WQX-28126,Surface Water,41.783264,-73.744283,,7/21/2022,,Undisclosed,,,ng/L,1.37,0.91,,,0.37,0.34,1.47,0.62,,,,,,,,,,,1.77,,2.30,1.48,,,,,,,,,,,,,,,,,,,,,,,,,1.49,,,,,,,,
WQP_USA_2026,21NYDECA_WQX-28164,Surface Water,41.708764,-73.933888,,7/21/2022,,Undisclosed,,,ng/L,9.96,9.70,,0.52,1.51,1.73,4.64,2.74,0.17,,,,,,,,,,5.11,0.25,5.39,4.15,,,,,,,,,,0.24,,,,,,,,,,,,,,,0.63,,,,,,,,
WQP_USA_2026,21NYDECA_WQX-28268,Surface Water,42.623612,-73.571242,,7/20/2022,,Undisclosed,,,ng/L,2.72,5.52,,0.23,0.49,1.46,1.67,0.98,0.12,,,,,,,,,,1.33,0.16,2.00,1.44,,,,,,,,,,,,,,,,,,,,,,,,,0.42,,,,,,,,
WQP_USA_2026,21NYDECA_WQX-28694,Surface Water,40.82763,-72.658648,,9/27/2023,,Undisclosed,,,ng/L,3.70,2.00,,,,4.50,3.00,1.60,,,,,,,,,,,3.20,,2.10,1.20,,,,,,,,,,,,,,,,,,,,,,,,,,,,,,,,,
WQP_USA_2026,21NYDECA_WQX-28701,Surface Water,41.04572,-73.709901,,4/21/2021,,Undisclosed,,,ng/L,8.50,2.40,,,,,3.10,2.70,,,,,,,,,,,3.90,,8.40,21.00,,,,,,,,,,,,,,,,,,,,,,,,0.00,,,,,,,,,
WQP_USA_2026,21NYDECA_WQX-28701,Surface Water,41.04572,-73.709901,,8/24/2021,,Undisclosed,,,ng/L,8.80,2.90,,,,,4.20,3.30,,,,,,,,,,,5.80,,7.80,11.00,,,,,,,,,,,,,,,,,,,,,,,,,,,,,,,,,
WQP_USA_2026,21NYDECA_WQX-28705,Surface Water,40.95944,-73.821995,,9/26/2023,,Undisclosed,,,ng/L,5.70,4.70,,,,2.40,4.50,2.40,,,,,,,,,,,5.30,,4.50,4.20,,,,,,,,,,,,,,,,,,,,,,,,,,,,,,,,,
WQP_USA_2026,21NYDECA_WQX-28708,Surface Water,40.88,-73.8686,,10/23/2019,,Undisclosed,,,ng/L,9.60,7.30,,,,3.30,6.10,3.40,,,,,,,,,,,6.00,,5.00,3.50,,,,,,,,,,,,,,,,,,,,,,,,,,,,,,,,,
WQP_USA_2026,21NYDECA_WQX-28708,Surface Water,40.88,-73.8686,,4/13/2021,,Undisclosed,,,ng/L,11.00,9.70,,1.80,2.30,4.70,7.50,5.20,,,,,,,,,,,8.10,,6.00,4.90,,,,,,,,,,,,,,,,,,,,,,,0.00,,1.60,,,,,,,,
WQP_USA_2026,21NYDECA_WQX-28708,Surface Water,40.88,-73.8686,,8/26/2021,,Undisclosed,,,ng/L,16.00,12.00,,,,5.10,8.90,5.10,,,,,,,,,,,11.00,,7.40,6.70,,,,,,,,,,,,,,,,,,,,,,,,,,,,,,,,,
WQP_USA_2026,21NYDECA_WQX-28730,Surface Water,40.83,-72.90694,,10/24/2019,,Undisclosed,,,ng/L,3.10,4.40,,,,3.50,3.90,,,,,,,,,,,,3.70,,2.00,,,,,,,,,,,,,,,,,,,,,,,,,,,,,,,,,,
WQP_USA_2026,21NYDECA_WQX-28730,Surface Water,40.83,-72.90694,,4/12/2021,,Undisclosed,,,ng/L,2.40,3.80,,,,3.10,2.60,,,,,,,,,,,,2.60,,,,,,,,,,,,,,,,,,,,,,,,,,,,,,,,,,,,
WQP_USA_2026,21NYDECA_WQX-28730,Surface Water,40.83,-72.90694,,8/17/2021,,Undisclosed,,,ng/L,2.70,4.10,,,,3.80,3.40,,,,,,,,,,,,3.40,,,,,,,,,,,,,,,,,,,,,,,,,,,,,,,,,,,,
WQP_USA_2026,21NYDECA_WQX-28730,Surface Water,40.83,-72.90694,,9/27/2023,,Undisclosed,,,ng/L,2.30,3.30,,,,3.20,2.50,2.20,,,,,,,,,,,3.30,,1.60,1.60,,,,,,,,,,,,,,,,,,,,,,,,,,,,,,,,,
WQP_USA_2026,21NYDECA_WQX-28732,Surface Water,40.76306,-73.15167,,9/27/2023,,Undisclosed,,,ng/L,11.00,11.00,,0.68,0.87,4.80,8.10,3.20,,,,,,,,,,,8.30,,3.10,2.20,,,,,,,,,,,,,,,,,,,,,,,,,,,,,,,,,
WQP_USA_2026,21NYDECA_WQX-28753,Surface Water,41.080496,-73.713759,,4/21/2021,,Undisclosed,,,ng/L,370.00,"2,000.00",,8.90,170.00,820.00,240.00,160.00,44.00,,,300.00,35.00,,,,,,340.00,,90.00,48.00,,,,,,,,,,27.00,,,,,,,,,,,,,,,4.80,,,,,,,,
WQP_USA_2026,21NYDECA_WQX-28753,Surface Water,41.080496,-73.713759,,8/24/2021,,Undisclosed,,,ng/L,320.00,"1,600.00",,18.00,140.00,"1,100.00",330.00,280.00,41.00,,,110.00,18.00,,,,,,650.00,,220.00,120.00,,,,,,,,,,40.00,,,,,,,,,,,,,,,3.80,,,,,,,,
WQP_USA_2026,21NYDECA_WQX-28755,Surface Water,41.067479,-73.717583,,4/21/2021,,Undisclosed,,,ng/L,16.00,12.00,,,4.30,8.30,27.00,17.00,,,,39.00,,,,,,,42.00,,14.00,2.40,,,,,,,,,,,,,,,,,,,,,,,,,,,,,,,,,
WQP_USA_2026,21NYDECA_WQX-28755,Surface Water,41.067479,-73.717583,,8/24/2021,,Undisclosed,,,ng/L,17.00,15.00,,,5.10,12.00,23.00,17.00,,,,16.00,,,,,,,40.00,,14.00,3.30,,,,,,,,,,,,,,,,,,,,,,,,,,,,,,,,,
WQP_USA_2026,21NYDECA_WQX-28781,Surface Water,41.19389,-73.62472,,9/26/2023,,Undisclosed,,,ng/L,4.90,3.30,,,,1.50,2.90,1.90,,,,,,,,,,,2.80,,4.60,2.60,,,,,,,,,,,,,,,,,,,,,,,,,,,,,,,,,
WQP_USA_2026,21NYDECA_WQX-28787,Surface Water,41.2125,-73.55305,,9/26/2023,,Undisclosed,,,ng/L,2.60,1.90,,,,0.91,0.91,,,,,,,,,,,,1.10,,2.20,0.92,,,,,,,,,,,,,,,,,,,,,,,,,,,,,,,,,
WQP_USA_2026,21NYDECA_WQX-28808,Surface Water,40.90361,-72.76472,,9/27/2023,,Undisclosed,,,ng/L,9.10,26.00,,2.90,120.00,5.90,6.00,7.00,,,,5.30,,,,,,,7.30,,3.80,0.49,,,,,,,,,,14.00,,,,,,,,,,,,,0.00,,1.40,,,,,,,,
WQP_USA_2026,21NYDECA_WQX-28810,Surface Water,40.72747,-73.24427,,9/27/2023,,Undisclosed,,,ng/L,13.00,17.00,,,2.60,4.80,6.20,3.80,,,,,,,,,,,7.50,,5.00,4.10,,,,,,,,,,,,,,,,,,,,,,,,,,,,,,,,,
WQP_USA_2026,21NYDECA_WQX-28831,Surface Water,40.70454,-73.30024,,9/27/2023,,Undisclosed,,,ng/L,9.70,14.00,,0.61,1.30,2.30,4.90,3.20,,,,,,,,,,,4.80,,3.90,3.60,,,,,,,,,,,,,,,,,,,,,,,,,,,,,,,,,
WQP_USA_2026,21NYDECA_WQX-31764,Surface Water,42.444741,-77.100706,,8/2/2022,,Undisclosed,,,ng/L,1.07,0.67,,,0.29,0.25,0.75,0.81,,,,,,,,,,,0.71,,2.82,0.57,,,,,,,,,,,,,,,,,,,,,,,,,1.34,,,,,,,,
WQP_USA_2026,21NYDECA_WQX-31956,Surface Water,42.50716,-74.982333,,8/15/2023,,Undisclosed,,,ng/L,,,,,,,,,,,,,,,,,,,,,1.00,,,,,,,,,,,,,,,,,,,,,,,,,,,,,,,,,,
WQP_USA_2026,21NYDECA_WQX-31971,Surface Water,42.62427943,-75.36353534,,8/31/2023,,Undisclosed,,,ng/L,,,,,,,,,,,,,,,,,,,,,,,,,,,,,,,,,,,,,,,,,,,,,,,1.00,,,,,,,,
WQP_USA_2026,21NYDECA_WQX-32026,Surface Water,42.09853757,-75.73777616,,7/18/2023,,Undisclosed,,,ng/L,1.60,4.50,,,1.60,,0.70,,,,,,,,,,,,,,1.40,,,,,,,,,,,,,,,,,,,,,,,,,,2.10,,,,,,,,
WQP_USA_2026,21NYDECA_WQX-32254,Surface Water,42.68332922,-75.0739589,,7/20/2023,,Undisclosed,,,ng/L,1.40,,,,,,0.86,0.76,,,,,,,,,,,0.92,,2.20,,,,,,,,,,,,,,,,,,,,,,,,,,1.10,,,,,,,,
WQP_USA_2026,21NYDECA_WQX-32272,Surface Water,42.6356241,-74.69408636,,8/29/2023,,Undisclosed,,,ng/L,,,,,,,0.64,,,,,,,,,,,,,,,,,,,,,,,,,,,,,,,,,,,,,,,,,,,,,,,,
WQP_USA_2026,21NYDECA_WQX-32289,Surface Water,42.78758736,-75.28691246,,8/29/2023,,Undisclosed,,,ng/L,1.10,,,,,,0.72,,,,,,,,,,,,,,2.70,,,,,,,,,,,,,,,,,,,,,,,,,,0.95,,,,,,,,
WQP_USA_2026,21NYDECA_WQX-32302,Surface Water,42.844144,-74.920908,,8/15/2023,,Undisclosed,,,ng/L,,,,,,,,,,,,,,,,,,,,,2.10,,,,,,,,,,,,,,,,,,,,,,,,,,,,,,,,,,
WQP_USA_2026,21NYDECA_WQX-32330,Surface Water,42.29951672,-75.74668904,,8/16/2023,,Undisclosed,,,ng/L,,,,,,,,0.95,,,,,,,,,,,1.10,,2.00,,,,,,,,,,,,,,,,,,,,,,,,,,4.40,,,,,,,,
WQP_USA_2026,21NYDECA_WQX-32382,Surface Water,42.76981532,-76.0758773,,8/31/2023,,Undisclosed,,,ng/L,,,,,,,,,,,,,,,,,,,,,1.60,,,,,,,,,,,,,,,,,,,,,,,,,,1.30,,,,,,,,
WQP_USA_2026,21NYDECA_WQX-32441,Surface Water,42.82350414,-75.71544049,,8/30/2023,,Undisclosed,,,ng/L,,,,,,,,,,,,,,,,,,,,,,,,,,,,,,,,,,,,,,,,,,,,,,,1.70,,,,,,,,
WQP_USA_2026,21NYDECA_WQX-32637,Surface Water,42.37144,-76.73452,,7/19/2023,,Undisclosed,,,ng/L,1.30,,,,,,,,,,,,,,,,,,,,1.70,,,,,,,,,,,,,,,,,,,,,,,,,,,,,,,,,,
WQP_USA_2026,21NYDECA_WQX-32933,Surface Water,42.13926574,-76.32957575,,8/30/2023,,Undisclosed,,,ng/L,1.70,,,,,,,1.30,,,,,,,,,,,1.10,,5.10,0.55,,,,,,,,,,,,,,,,,,,,,,,,,2.60,,,,,,,,
WQP_USA_2026,21NYDECA_WQX-34788,Surface Water,43.894192,-75.060537,,9/26/2022,,Undisclosed,,,ng/L,,4.79,,,0.34,3.71,0.95,0.77,0.12,,,7.87,0.66,,,,,,0.49,0.41,1.00,0.33,,,,,,,,,,,,,,,,,,,,,,,,,,,,,,,,,
WQP_USA_2026,21NYDECA_WQX-34792,Surface Water,43.78552278,-74.84642052,,9/27/2022,,Undisclosed,,,ng/L,0.40,0.76,,0.23,0.24,0.38,,0.37,0.13,,,0.93,,,,,,,0.32,,0.59,0.11,,,,,,,,,,,,,,,,,,,0.21,,,,,,0.25,,,,,,,,
WQP_USA_2026,21NYDECA_WQX-34825,Surface Water,43.59113064,-75.11883518,,9/27/2022,,Undisclosed,,,ng/L,0.87,,,0.19,0.40,,0.68,0.69,,,,,,,,,,,0.56,,1.26,0.28,,,,,,,,,,,,,,,,,,,,,,,,,0.29,,,,,,,,
WQP_USA_2026,21NYDECA_WQX-34869,Surface Water,43.94972,-75.162041,,9/26/2022,,Undisclosed,,,ng/L,0.65,0.60,,,0.39,0.18,0.45,0.69,,,,,,,,,,,0.62,,1.43,0.14,,,,,,,,,,,,,,,,,,,,,,,,,0.43,,,,,,,,
WQP_USA_2026,21NYDECA_WQX-37425,Surface Water,44.89464,-73.804081,,8/8/2023,,Undisclosed,,,ng/L,0.96,,,,,,,,,,,,,,,,,,,,1.20,,,,,,,,,,,,,,,,,,,,,,,,,,0.83,,,,,,,,
WQP_USA_2026,21NYDECA_WQX-37436,Surface Water,44.87813112,-73.42273853,,6/27/2023,,Undisclosed,,,ng/L,2.90,,,,0.90,,2.00,2.00,,,,,,,,,,,2.70,,5.10,0.82,,,,,,,,,,,,,,,,,,,,,,,0.57,,,,,,,,,,
WQP_USA_2026,21NYDECA_WQX-37464,Surface Water,44.3080595,-74.38104917,,8/10/2023,,Undisclosed,,,ng/L,2.10,,,,,,,1.10,,,,,,,,,,,1.00,,2.40,,,,,,,,,,,,,,,,,,,,,,,,,,,,,,,,,,
WQP_USA_2026,21NYDECA_WQX-37485,Surface Water,44.345885,-74.148192,,8/8/2023,,Undisclosed,,,ng/L,,3.60,,,,,,0.91,,,,,,,,,,,1.00,,2.40,,,,,,,,,,,,,,,,,,,,,,,,,,,,,,,,,,
WQP_USA_2026,21NYDECA_WQX-37510,Surface Water,44.29822033,-74.35877301,,6/29/2023,,Undisclosed,,,ng/L,,,,,0.76,,,0.86,,,,,,,,,,,0.81,,,,,,,,,,,,,,,,,,,,,,,,,,,,,,,,,,,,
WQP_USA_2026,21NYDECA_WQX-37569,Surface Water,44.33060244,-74.08088358,,6/27/2023,,Undisclosed,,,ng/L,1.00,,,,,,,0.90,,,,,,,,,,,,,,,,,,,,,,,,,,,,,,,,,,,,,0.49,,,,,,,,,,
WQP_USA_2026,21NYDECA_WQX-37617,Surface Water,44.37827978,-74.26372656,,6/28/2023,,Undisclosed,,,ng/L,1.60,,,,0.90,,0.63,1.50,,,,,,,,,,,0.74,,,,,,,,,,,,,,,,,,,,,,,,,,,,,,,,,,,,
WQP_USA_2026,21NYDECA_WQX-37621,Surface Water,44.34624107,-74.30017115,,6/28/2023,,Undisclosed,,,ng/L,2.20,,,,1.10,,0.69,1.60,,0.43,,,,,,,,,0.88,,,,,,,,,,,,,,,,,,,,,,,,,,,,,,,,,,,,
WQP_USA_2026,21NYDECA_WQX-37739,Surface Water,44.42783199,-73.49838188,,6/29/2023,,Undisclosed,,,ng/L,,,,,,,,,,,,,,,,,,,,,,,,,,,,,,,,,,,,,,,,,,,,,0.46,,,,,,,,,,
WQP_USA_2026,21NYDECA_WQX-37756,Surface Water,44.61765295,-73.60865284,,6/28/2023,,Undisclosed,,,ng/L,2.40,,,,,,0.64,1.20,,,,,,,,,,,0.76,,,,,,,,,,,,,,,,,,,,,,,,,,0.46,,,,,,,,,,
WQP_USA_2026,21NYDECA_WQX-37918,Surface Water,43.34920546,-73.72734848,,9/21/2023,,Undisclosed,,,ng/L,,,,,,,,,,,,,,,,,,,,,1.20,,,,,,,,,,,,,,,,,,,,,,,,,,,,,,,,,,
WQP_USA_2026,21NYDECA_WQX-37945,Surface Water,43.51460966,-73.28045534,,9/20/2023,,Undisclosed,,,ng/L,,,,,,,,,,,,,,,,,,,0.70,,1.50,,,,,,,,,,,,,,,,,,,,,,,,,,,,,,,,,,
WQP_USA_2026,21NYDECA_WQX-37975,Surface Water,43.42376523,-73.25663744,,9/19/2023,,Undisclosed,,,ng/L,2.80,,,,,,0.83,1.00,,,,,,,,,,,1.60,,4.00,0.60,,,,,,,,,,,,,,,,,,,,,,,,,,,,,,,,,
WQP_USA_2026,21NYDECA_WQX-40808,Surface Water,41.33106023,-73.9936069,,9/13/2022,,Undisclosed,,,ng/L,2.16,1.92,,,0.37,0.93,0.96,1.05,,,,,,,,,,,0.98,0.17,,1.21,,,,,,,,,,,,,,,,,,0.51,,,,0.00,,,0.34,,,,,,,,
WQP_USA_2026,21NYDECA_WQX-40877,Surface Water,42.72036,-73.43064,,8/30/2022,,Undisclosed,,,ng/L,1.54,0.63,,,0.38,0.23,,0.68,,,,,,,,,,,0.49,,1.35,0.27,,,,,,,,,,,,,,,,,,,,,,,,,,,,,,,,,
WQP_USA_2026,21NYDECA_WQX-40941,Surface Water,42.697202,-73.739952,,8/31/2022,,Undisclosed,,,ng/L,4.11,3.27,,0.24,0.49,1.92,3.01,1.99,,,,,,,,,,,2.58,0.15,,2.41,,,,,,,,,,,,,,,,,,,,,,,,,0.17,,,,,,,,
WQP_USA_2026,21NYDECA_WQX-41038,Surface Water,41.438884,-73.808378,,9/13/2022,,Undisclosed,,,ng/L,3.51,1.90,,0.19,0.58,,1.44,1.13,,,,,,,,,,,1.42,,2.38,0.92,,,,,,,,,,,,,,,,,,,,,,,,,0.33,,,,,,,,
WQP_USA_2026,21NYDECA_WQX-41053,Surface Water,41.29072,-74.05407,,9/13/2022,,Undisclosed,,,ng/L,1.14,0.65,,0.22,0.23,,0.43,0.46,,,,,,,,,,,0.38,,0.78,0.32,,,,,,,,,,,,,,,,,,0.38,,,,,,,0.23,,,,,,,,
WQP_USA_2026,21NYDECA_WQX-41551,Surface Water,42.63420703,-73.56111065,,8/29/2022,,Undisclosed,,,ng/L,5.66,5.03,,0.34,1.15,0.94,3.62,2.49,0.14,,,,,,,,,,3.39,0.19,9.64,1.85,,,,,,,,,,,,,,,,,,,,,,,,,3.76,,,,,,,,
WQP_USA_2026,21NYDECA_WQX-42114,Surface Water,41.46559,-73.66397,,9/12/2022,,Undisclosed,,,ng/L,4.77,3.91,,0.22,0.78,0.85,2.90,1.74,,,,,,,,,,,2.86,0.22,4.71,13.60,,,,,,,,,,,,,,,,,,,,,,,,,,,,,,,,,
WQP_USA_2026,21NYDECA_WQX-42164,Surface Water,41.38505351,-73.74853003,,9/13/2022,,Undisclosed,,,ng/L,4.83,2.72,,0.29,0.54,0.84,3.00,1.79,,,,,,,,,,,2.74,0.17,22.20,3.05,,,,,,,,,,,,,,,,,,,,,,,,,,,,,,,,,
WQP_USA_2026,21NYDECA_WQX-42255,Surface Water,41.32163033,-73.7232969,,9/12/2022,,Undisclosed,,,ng/L,5.57,4.45,,0.29,0.87,1.53,3.35,2.22,0.11,,,2.75,,,,,,,2.95,0.27,9.77,18.20,,,,,,,,,,,,,,,,,,,,,,,,,,,,,,,,,
WQP_USA_2026,21NYDECA_WQX-42580,Surface Water,41.45687218,-74.20970316,,9/12/2022,,Undisclosed,,,ng/L,4.07,5.62,,0.28,0.80,1.28,4.42,1.91,0.11,,,,,,,,,,5.70,0.24,6.80,7.92,,,,,,,,,,,,,,,,,,,,,,,,,,,,,,,,,
WQP_USA_2026,21NYDECA_WQX-42839,Surface Water,41.6108603,-73.66290619,,8/1/2022,,Undisclosed,,,ng/L,1.77,1.44,,,0.21,0.49,2.66,0.79,,,,,,,,,,,2.35,0.21,16.10,181.00,,,,,,,,,,,,,,,,,,,,,,,,,0.23,,,,,,,,
WQP_USA_2026,21NYDECA_WQX-43023,Surface Water,41.86617655,-73.64352587,,8/2/2022,,Undisclosed,,,ng/L,1.48,1.49,,0.26,0.37,0.28,0.75,0.61,,,,,,,,,,,0.85,,1.74,0.34,,,,,,,,,,0.21,,,,,,,,,,,,,,,1.84,,,,,,,,
WQP_USA_2026,21NYDECA_WQX-43267,Surface Water,41.84765,-74.03964,,8/24/2022,,Undisclosed,,,ng/L,3.90,2.57,,0.26,0.63,0.96,5.23,1.71,,,,,,,,,,,6.71,0.16,,2.66,,,,,,,,,,,,,,,,,,,,,,,,,,,,,,,,,
WQP_USA_2026,21NYDECA_WQX-43523,Surface Water,41.40312012,-74.35135967,,9/12/2022,,Undisclosed,,,ng/L,6.50,2.61,,0.29,1.09,0.68,4.65,3.77,,,,,,,,,,,4.99,0.28,11.00,2.22,,,,,,,,,,0.18,,,,,,,,,,,,,,,,,,,,,,,
WQP_USA_2026,21NYDECA_WQX-43949,Surface Water,42.0620013,-73.79437954,,8/3/2022,,Undisclosed,,,ng/L,1.06,0.61,,,0.32,0.21,0.91,0.70,,,,,,,,,,,0.94,,1.35,0.45,,,,,,,,,,,,,,,,,,,,,,,,,0.45,,,,,,,,
WQP_USA_2026,21NYDECA_WQX-44117,Surface Water,42.199458,-74.037409,,8/3/2022,,Undisclosed,,,ng/L,0.86,0.65,,,0.32,0.17,0.46,0.69,,,,,,,,,,,0.67,,1.11,0.21,,,,,,,,,,,,,,,,,,,,,,,,,0.87,,,,,,,,
WQP_USA_2026,21NYDECA_WQX-44386,Surface Water,42.53534436,-73.57948004,,8/30/2022,,Undisclosed,,,ng/L,1.85,1.58,,0.00,0.58,0.26,1.20,1.19,,,,,,,,,,,0.78,,2.88,0.38,,,,,,,,,,,,,,,,,,,,,,,,,0.66,,,,,,,,
WQP_USA_2026,21NYDECA_WQX-44710,Surface Water,42.74742722,-74.1170123,,8/31/2022,,Undisclosed,,,ng/L,1.72,0.97,,,0.47,0.37,1.33,1.29,,,,,,,,,,,2.21,,,0.67,,,,,,,,,,,,,,,,,,,,,,,,,0.40,,,,,,,,
WQP_USA_2026,21NYDECA_WQX-46002,Surface Water,41.22497387,-74.12168288,,9/13/2022,,Undisclosed,,,ng/L,1.83,0.86,,,0.38,,0.56,0.67,,,,,,,,,,,0.46,,0.94,0.18,,,,,,,,,,,,,,,,,,,,,,,,,0.16,,,,,,,,
WQP_USA_2026,21NYDECA_WQX-46012,Surface Water,41.18426127,-73.9951748,,9/14/2022,,Undisclosed,,,ng/L,6.57,3.09,,0.26,0.82,1.16,,2.11,0.16,,,,,,,,,,2.98,0.18,,2.10,,,,,,,,,,,,,0.18,,,,,,,,,,,,0.15,,,,,,,,
WQP_USA_2026,21NYDECA_WQX-46120,Surface Water,41.23850038,-74.20866553,,9/14/2022,,Undisclosed,,,ng/L,1.69,3.78,,,0.38,1.47,,8.79,,,,0.93,,,,,,,1.07,0.11,,0.49,,,,,,,,,,,,,,,,,,,,,,,,,0.27,,,,,,,,
WQP_USA_2026,21NYDECA_WQX-46332,Surface Water,42.36520012,-73.45195826,,8/29/2022,,Undisclosed,,,ng/L,0.25,0.26,,,,,,0.29,,,,,,,,,,,0.49,,,,,,,,,,,,,,,,,,,,,,,,,,,,0.14,,,,,,,,
WQP_USA_2026,21NYDECA_WQX-46363,Surface Water,40.88023891,-72.55907713,,6/14/2023,,Undisclosed,,,ng/L,2.30,,,,1.00,,1.40,2.50,,0.86,,,,,,,,,1.20,,3.50,,,,,,,,,,,,,,,,,,,,,,,,0.47,,,,,,,,,,
WQP_USA_2026,21NYDECA_WQX-46588,Surface Water,40.82375,-73.12,,6/14/2023,,Undisclosed,,,ng/L,11.00,6.00,,,1.00,3.00,6.60,4.40,,0.54,,,,,,,,,6.20,,5.20,3.80,,,,,,,,,,,,,,,,,,,,,,,0.63,,,,,,,,,,
WQP_USA_2026,21NYDECA_WQX-46886,Surface Water,40.70926775,-73.54991253,,9/12/2023,,Undisclosed,,,ng/L,7.40,5.10,,0.83,1.00,0.87,4.00,3.50,,0.00,,,,,,,,,3.20,,4.50,2.10,,,,,,,,,,,,,,,,,,,,,,,,,,,,,,,,,
WQP_USA_2026,21NYDECA_WQX-47198,Surface Water,41.1728,-73.69329,,9/5/2023,,Undisclosed,,,ng/L,3.50,2.30,,,,0.72,,1.90,,,,,,,,,,,3.10,,2.00,,,,,,,,,,,,,,,,,,,,,,,,,,,,,,,,,,
WQP_USA_2026,21NYDECA_WQX-47209,Surface Water,41.0760278,-73.75509577,,6/13/2023,,Undisclosed,,,ng/L,6.20,2.60,,,,1.10,2.10,1.70,,0.45,,,,,,,,,1.70,,2.80,1.10,,,,,,,,,,,,,,,,,,,,,,,,,,,,,,,,,
WQP_USA_2026,21NYDECA_WQX-47226,Surface Water,40.961554,-73.851563,,6/13/2023,,Undisclosed,,,ng/L,12.00,3.80,,,1.40,3.10,5.90,3.70,,0.51,,,,,,,,,6.60,,7.90,3.90,,,,,,,,,,,,,,,,,,,,,,,,,,,,,,,,,
WQP_USA_2026,21NYDECA_WQX-47229,Surface Water,41.067122,-72.454276,,6/14/2023,,Undisclosed,,,ng/L,2.80,1.90,,0.64,1.30,,2.00,2.60,,1.10,,,,,,,,,1.90,,5.20,1.20,,,,,,,,,,,,,,,,,,,,,,,0.57,,,,,,,,,,
WQP_USA_2026,21NYDECA_WQX-47234,Surface Water,41.16671633,-73.60453928,,9/6/2023,,Undisclosed,,,ng/L,5.60,2.60,,,,0.64,2.50,1.50,,,,,,,,,,,1.80,,2.90,2.50,,,,,,,,,,,,,,,,,,,,,,,,,,,,,,,,,
WQP_USA_2026,21NYDECA_WQX-47965,Surface Water,42.66393539,-74.97221428,,8/22/2023,,Undisclosed,,,ng/L,1.00,,,,,,,,,,,,,,,,,,,,1.40,,,,,,,,,,,,,,,,,,,,,,,,,,,,,,,,,,
WQP_USA_2026,21NYDECA_WQX-47967,Surface Water,42.72003918,-75.57490014,,8/24/2023,,Undisclosed,,,ng/L,1.10,,,,,,,,,,,,,,,,,,,,1.80,,,,,,,,,,,,,,,,,,,,,,,,,,,,,,,,,,
WQP_USA_2026,21NYDECA_WQX-47969,Surface Water,42.68493002,-75.31953229,,8/24/2023,,Undisclosed,,,ng/L,,,,,,,,,,,,,,,,,,,,,1.10,,,,,,,,,,,,,,,,,,,,,,,,,,,,,,,,,,
WQP_USA_2026,21NYDECA_WQX-47978,Surface Water,42.79262721,-75.5096638,,8/24/2023,,Undisclosed,,,ng/L,1.80,,,,,,,,,,,,,,,,,,,,2.50,,,,,,,,,,,,,,,,,,,,,,,,,,,,,,,,,,
WQP_USA_2026,21NYDECA_WQX-47979,Surface Water,42.08674205,-76.31128869,,8/23/2023,,Undisclosed,,,ng/L,,,,,,,,,,,,,,,,,,,,,,,,,,,,,,,,,,,,,,,,,,,,,0.00,,,,,,,,,,
WQP_USA_2026,21NYDECA_WQX-47980,Surface Water,42.67841277,-76.13313689,,8/23/2023,,Undisclosed,,,ng/L,3.00,2.00,,,,,,,,,,,,,,,,,,,2.20,,,,,,,,,,,,,,,,,,,,,,,,,,,,,,,,,,
WQP_USA_2026,21NYDECA_WQX-47983,Surface Water,42.82630832,-75.13548015,,8/22/2023,,Undisclosed,,,ng/L,,,,,,,,,,,,,,,,,,,,,2.10,,,,,,,,,,,,,,,,,,,,,,,,,,,,,,,,,,
WQP_USA_2026,21NYDECA_WQX-47985,Surface Water,44.25255378,-73.40583678,,7/26/2023,,Undisclosed,,,ng/L,,,,,,,,,,,,,,,,,,,0.92,,0.89,,,,,,,,,,,,,,,,,,,,,,,,,,,,,,,,,,
WQP_USA_2026,21NYDECA_WQX-47988,Surface Water,44.6206478,-73.90435573,,7/26/2023,,Undisclosed,,,ng/L,,,,,,,,,,,,,,,,,,,,,1.30,,,,,,,,,,,,,,,,,,,,,,,,,,,,,,,,,,
WQP_USA_2026,21NYDECA_WQX-47990,Surface Water,44.29936068,-73.59523152,,7/25/2023,,Undisclosed,,,ng/L,,,,,,,,,,,,,,,,,,,,,1.10,,,,,,,,,,,,,,,,,,,,,,,,,,,,,,,,,,
WQP_USA_2026,21NYDECA_WQX-47991,Surface Water,44.38048969,-74.19189783,,7/26/2023,,Undisclosed,,,ng/L,,,,,,,,,,,,,,,,,,,,,1.10,,,,,,,,,,,,,,,,,,,,,,,,,,,,,,,,,,
WQP_USA_2026,21NYDECA_WQX-47992,Surface Water,44.94929437,-73.67208321,,7/25/2023,,Undisclosed,,,ng/L,3.10,1.30,,,,,1.20,1.10,,,,,,,,,,,1.10,,5.30,1.00,,,,,,,,,,,,,,,,,,,,,,,,,,,,,,,,,
WQP_USA_2026,21NYDECA_WQX-47993,Surface Water,44.86543375,-73.78515353,,7/25/2023,,Undisclosed,,,ng/L,2.10,2.80,,,,1.50,1.70,1.40,,,,,,,,,,,1.60,,4.50,0.69,,,,,,,,,,,,,,,,,,,,,,,,,,,,,,,,,
WQP_USA_2026,21NYDECA_WQX-47996,Surface Water,43.36534832,-73.29125819,,7/27/2023,,Undisclosed,,,ng/L,0.90,,,,,,,,,,,,,,,,,,,,0.89,,,,,,,,,,,,,,,,,,,,,,,,,,,,,,,,,,
WQP_USA_2026,21NYDECA_WQX-47999,Surface Water,44.84481427,-73.47067397,,7/25/2023,,Undisclosed,,,ng/L,11.00,18.00,,,,2.80,2.90,3.60,,,,,,,,,,,2.50,,7.60,1.10,,,,,,,,,,,,,,,,,,,,,,,,,,,,,,,,,
WQP_USA_2026,21NYDECA_WQX-48008,Surface Water,44.30415257,-73.92147666,,7/26/2023,,Undisclosed,,,ng/L,,,,,,,0.69,,,,,,,,,,,,0.79,,,,,,,,,,,,,,,,,,,,,,,,,,,,4.10,,,,,,,,
WQP_USA_2026,21NYDECA_WQX-48057,Surface Water,41.05156398,-73.70697701,,9/26/2023,,Undisclosed,,,ng/L,8.80,1.90,,,0.97,1.00,3.70,3.60,,,,,,,,,,,3.80,,5.40,5.10,,,,,,,,,,,,,,,,,,,,,,,,,,,,,,,,,
WQP_USA_2026,21NYDECA_WQX-48061,Surface Water,41.1299565,-73.73694239,,9/26/2023,,Undisclosed,,,ng/L,11.00,11.00,,,,4.60,3.80,2.30,,,,,,,,,,,2.80,,4.50,10.00,,,,,,,,,,,,,,,,,,,,,,,,,,,,,,,,,
WQP_USA_2026,21NYDECA_WQX-48063,Surface Water,41.21225334,-73.56725819,,9/26/2023,,Undisclosed,,,ng/L,5.60,2.90,,,,1.10,3.10,1.50,,,,,,,,,,,3.30,,4.20,1.80,,,,,,,,,,,,,,,,,,,,,,,,,,,,,,,,,
WQP_USA_2026,21NYDECA_WQX-48064,Surface Water,41.24223008,-73.52884737,,9/26/2023,,Undisclosed,,,ng/L,4.30,2.00,,,,,2.20,1.30,,,,,,,,,,,2.60,,3.60,1.40,,,,,,,,,,,,,,,,,,,,,,,,,,,,,,,,,
WQP_USA_2026,21NYDECA_WQX-48110,Surface Water,40.814226,-73.744182,,9/27/2023,,Undisclosed,,,ng/L,16.00,4.30,,,2.50,2.60,4.50,4.20,,0.52,,,,,,,,,6.30,,6.40,2.00,,,,,,,,,,,,,,,,,,,,,,,,,,,,,,,,,
WQP_USA_2026,CEDEN-200PPCPCL,Surface Water,37.47639953,-122.1239985,,12/10/2009,,Undisclosed,,,ng/L,,44.30,,,,12.60,,,,,,,,,,,,,,,62.20,7.89,,,,,,,,,,1.38,,,,,,,,,,,,,,,,,,,,,,,
WQP_USA_2026,CEDEN-200PPCPEL,Surface Water,37.56439923,-122.2499992,,12/28/2009,,Undisclosed,,,ng/L,,6.49,,,,2.30,,,,,,,,,,,,,,,2.59,,,,,,,,,,,,,,,,,,,,,,,,,,,,,,,,,,
WQP_USA_2026,CEDEN-200PPCPFC,Surface Water,37.59489926,-122.1459989,,12/10/2009,,Undisclosed,,,ng/L,,5.70,,,,,,,,,,,,,,,,,,,,,,,,,,,,,,,,,,,,,,,,,,,,,,,,,,,,,
WQP_USA_2026,CEDEN-PajRiv3,Surface Water,36.89219829,-121.7639968,,11/6/2019,,Undisclosed,,,ng/L,9.45,5.52,,4.08,3.65,1.21,7.02,3.61,,,,,,,,,,,2.24,,9.52,2.09,,,,,,,,,,0.72,,,,,,0.52,,,,,,,,,,,,,,,,,
WQP_USA_2026,CEDEN-PajRiv3,Surface Water,36.89219829,-121.7639968,,4/14/2021,,Undisclosed,,,ng/L,3.89,3.05,,,,1.45,3.45,1.14,,,,,,,,,,,4.36,,4.49,3.29,,,,,,,,,,,,,,,,,,,,,,,,,,,,,,,,,
WQP_USA_2026,CEDEN-SalRiv3,Surface Water,36.70899915,-121.7509979,,3/21/2022,,Undisclosed,,,ng/L,1.81,2.41,,,,2.65,3.27,1.07,,,,,,,,,,,4.09,0.61,3.83,1.79,,,,,,,,,,,,,,,,,,,,,,,,,,,,,,,,,
WQP_USA_2026,DRBC-BC,Surface Water,40.18156552,-74.74619153,,4/20/2021,,Undisclosed,,,ng/L,2.32,2.26,,0.00,0.00,0.00,0.00,0.00,0.00,,,,,,,,,,,0.00,,0.00,,0.00,,,,,,,0.00,0.00,,,0.00,0.00,,0.00,,0.00,0.00,,,0.00,0.00,0.00,0.00,,,,,0.00,,,
WQP_USA_2026,DRBC-BF,Surface Water,39.95550058,-75.13581957,,6/1/2021,,Undisclosed,,,ng/L,3.63,4.06,,0.00,0.00,0.00,4.53,1.74,0.00,,,,,,,,,,4.02,0.00,,1.99,,0.00,,,,,,,0.00,0.00,,,0.00,0.00,,0.00,,0.00,0.00,,,0.00,0.00,0.00,0.00,,,,,0.00,,,
WQP_USA_2026,DRBC-BR,Surface Water,39.98469988,-75.06660449,,5/26/2021,,Undisclosed,,,ng/L,2.74,2.82,,0.00,0.00,0.00,4.27,0.00,0.00,,,,,,,,,,,0.00,,0.00,,0.00,,,,,,,0.00,0.00,,,0.00,,,0.00,,0.00,0.00,,,0.00,0.00,0.00,0.00,,,,,0.00,,,
WQP_USA_2026,DRBC-BU,Surface Water,40.08106624,-74.86885272,,5/24/2021,,Undisclosed,,,ng/L,2.00,2.51,,0.00,0.00,0.00,2.40,0.00,0.00,,,,,,,,,,,0.00,,0.00,,0.00,,,,,,,0.00,0.00,,,0.00,0.00,,0.00,,0.00,0.00,,,0.00,0.00,0.00,0.00,,,,,0.00,,,
WQP_USA_2026,DRBC-BWC,Surface Water,39.73692,-75.52657,,10/6/2021,,Undisclosed,,,ng/L,12.90,4.91,,2.38,5.50,2.78,16.30,12.30,0.00,,,,,,,,,,17.50,0.00,19.30,2.50,,0.00,,,,,,,0.00,0.00,,,0.00,0.00,,0.00,,0.00,0.00,,,0.00,0.00,0.00,0.00,,,,,0.00,,,
WQP_USA_2026,DRBC-BWC,Surface Water,39.73692,-75.52657,,10/23/2023,,Undisclosed,,,ng/L,5.45,2.30,,0.00,1.65,0.00,5.31,2.54,0.00,,,,,,,,,,6.09,0.00,,2.85,,0.00,,,,,,,0.00,0.00,,,0.00,0.00,,0.00,,0.00,0.00,,,0.00,0.00,0.00,0.00,,,,,0.00,,,
WQP_USA_2026,DRBC-CC,Surface Water,39.84514555,-75.3600737,,10/17/2023,,Undisclosed,,,ng/L,13.80,8.30,,0.00,20.60,2.50,16.50,7.56,0.00,,,,,,,,,,18.40,0.00,10.80,4.92,,0.00,,,,,,,0.00,0.00,,,0.00,0.00,,0.00,,0.00,0.00,,,0.00,0.00,0.00,0.00,,,,,0.00,,,
WQP_USA_2026,DRBC-CC2021,Surface Water,39.84474,-75.35999,,5/27/2021,,Undisclosed,,,ng/L,6.56,5.62,,0.00,8.25,1.95,7.66,3.77,0.00,,,,,,,,,,8.95,0.00,,3.22,,0.00,,,,,,,0.00,0.00,,,0.00,0.00,,0.00,,0.00,0.00,,,0.00,0.00,0.00,0.00,,,,,0.00,,,
WQP_USA_2026,DRBC-CH,Surface Water,39.82441454,-75.3649257,,5/20/2021,,Undisclosed,,,ng/L,3.69,2.93,,0.00,2.14,0.00,3.73,1.88,0.00,,,6.09,,,,,,,,0.00,,1.66,,0.00,,,,,,,0.00,0.00,,,0.00,0.00,,0.00,,0.00,0.00,,,0.00,0.00,0.00,0.00,,,,,0.00,,,
WQP_USA_2026,DRBC-CH,Surface Water,39.82441454,-75.3649257,,8/9/2023,,Undisclosed,,,ng/L,5.46,4.57,,0.00,2.69,0.00,5.23,2.16,0.00,,,,,,,,,,5.62,0.00,,2.44,,0.00,,,,,,,0.00,0.00,,,0.00,0.00,,0.00,,0.00,0.00,,,0.00,0.00,0.00,0.00,,,,,0.00,,,
WQP_USA_2026,DRBC-CHR2021,Surface Water,39.73484,-75.55027,,10/6/2021,,Undisclosed,,,ng/L,10.10,4.42,,1.80,4.21,2.36,13.00,9.99,0.00,,,,,,,,,,13.80,0.00,14.40,2.66,,0.00,,,,,,,0.00,0.00,,,0.00,0.00,,0.00,,0.00,0.00,,,0.00,0.00,0.00,0.00,,,,,0.00,,,
WQP_USA_2026,DRBC-CR,Surface Water,39.73431275,-75.55063601,,10/23/2023,,Undisclosed,,,ng/L,19.10,5.72,,2.22,6.97,2.77,24.00,15.40,0.00,,,,,,,,,,24.40,0.00,26.40,4.22,,0.00,,,,,,,0.00,0.00,,,0.00,0.00,,0.00,,0.00,0.00,,,0.00,0.00,0.00,0.00,,,,,0.00,,,
WQP_USA_2026,DRBC-CoR,Surface Water,39.93534762,-75.08803338,,10/18/2023,,Undisclosed,,,ng/L,7.40,5.20,,0.00,2.54,1.95,6.54,2.96,0.00,,,,,,,,,,6.66,0.00,,4.03,,0.00,,,,,,,0.00,0.00,,,0.00,0.00,,0.00,,0.00,0.00,,,0.00,0.00,0.00,0.00,,,,,0.00,,,
WQP_USA_2026,DRBC-DC,Surface Water,39.86993842,-75.31387771,,5/27/2021,,Undisclosed,,,ng/L,3.28,2.97,,0.00,2.39,0.00,4.97,1.99,0.00,,,,,,,,,,,0.00,,2.37,,0.00,,,,,,,0.00,0.00,,,0.00,0.00,,0.00,,0.00,0.00,,,0.00,0.00,0.00,0.00,,,,,0.00,,,
WQP_USA_2026,DRBC-DIN,Surface Water,41.21950014,-74.86000003,,10/21/2021,,Undisclosed,,,ng/L,0.00,0.00,,0.00,0.00,0.00,0.00,0.00,0.00,,,,,,,,,,,0.00,,0.00,,0.00,,,,,,,0.00,0.00,,,0.00,0.00,,0.00,,0.00,0.00,,,0.00,0.00,0.00,0.00,,,,,0.00,,,
WQP_USA_2026,DRBC-DIN,Surface Water,41.21950014,-74.86000003,,8/1/2023,,Undisclosed,,,ng/L,0.00,0.00,,0.00,0.00,0.00,0.00,0.00,0.00,,,,,,,,,,0.00,0.00,,0.00,0.00,0.00,,,,,,,0.00,0.00,,,0.00,0.00,,0.00,,0.00,0.00,,,0.00,0.00,0.00,0.00,,,,,0.00,,,0.00
WQP_USA_2026,DRBC-DRBC-31DELRBC_WQX-091002,Surface Water,39.512777,-75.553444,,11/4/2022,,Undisclosed,,,ng/L,3.57,2.31,,0.00,0.00,0.00,6.78,2.11,0.00,,,,,,,,,,3.73,0.00,,1.75,,0.00,,,,,,,0.00,0.00,,,0.00,0.00,,0.00,,0.00,0.00,,,0.00,0.00,0.00,0.00,,,,,0.00,,,
WQP_USA_2026,DRBC-DRBC-31DELRBC_WQX-091005,Surface Water,39.590833,-75.563722,,5/20/2022,,Undisclosed,,,ng/L,5.82,2.83,,0.00,2.16,0.00,16.10,4.83,0.00,,,,,,,,,,6.20,0.00,6.42,2.09,,0.00,,,,,,,0.00,0.00,,,0.00,0.00,,0.00,,0.00,0.00,,,0.00,0.00,0.00,0.00,,,,,0.00,,,
WQP_USA_2026,DRBC-DRBC-31DELRBC_WQX-091005,Surface Water,39.590833,-75.563722,,11/4/2022,,Undisclosed,,,ng/L,3.34,2.50,,0.00,1.58,0.00,6.46,2.02,0.00,,,,,,,,,,3.44,0.00,,0.00,,0.00,,,,,,,0.00,0.00,,,0.00,0.00,,0.00,,0.00,0.00,,,0.00,0.00,0.00,0.00,,,,,0.00,,,
WQP_USA_2026,DRBC-DRBC-31DELRBC_WQX-091008,Surface Water,39.65511,-75.545412,,11/4/2022,,Undisclosed,,,ng/L,3.16,3.14,,0.00,0.00,0.00,5.51,1.68,0.00,,,,,,,,,,,0.00,,0.00,,0.00,,,,,,,0.00,0.00,,,0.00,0.00,,0.00,,0.00,0.00,,,0.00,0.00,0.00,0.00,,,,,0.00,,,
WQP_USA_2026,DRBC-DRBC-31DELRBC_WQX-091011,Surface Water,39.720878,-75.505794,,11/4/2022,,Undisclosed,,,ng/L,3.27,2.94,,,,,2.98,,,,,,,,,,,,,,,,,,,,,,,,,,,,,,,,,,,,,,,0.00,,,,,,,,,
WQP_USA_2026,DRBC-DRBC-31DELRBC_WQX-091015,Surface Water,39.455,-75.56,,11/4/2022,,Undisclosed,,,ng/L,3.96,2.50,,,,,7.59,2.45,,,,,,,,,,,,,,,,,,,,,,,,,,,,,,,,,,,,,,0.00,,,,,,,,,
WQP_USA_2026,DRBC-DRBC-31DELRBC_WQX-091017,Surface Water,39.367629,-75.458477,,11/4/2022,,Undisclosed,,,ng/L,4.04,2.47,,,,,8.52,2.38,,,,,,,,,,,4.16,,,,,,,,,,,,,,,,,,,,,,,,,,,0.00,,,,,,,,,
WQP_USA_2026,DRBC-DRBC-31DELRBC_WQX-091020,Surface Water,39.296339,-75.375902,,11/4/2022,,Undisclosed,,,ng/L,3.60,,,,,,8.51,2.66,,,,,,,,,,,,,,,,,,,,,,,,,,,,,,,,,,,,,,0.00,,,,,,,,,
WQP_USA_2026,DRBC-DRBC-31DELRBC_WQX-091023,Surface Water,39.229606,-75.300302,,11/4/2022,,Undisclosed,,,ng/L,3.15,2.09,,0.00,0.00,0.00,8.92,2.61,0.00,,,42.10,,,,,,,3.08,0.00,,0.00,,0.00,,,,,,,0.00,0.00,,,0.00,0.00,,0.00,,0.00,0.00,,,0.00,0.00,0.00,0.00,,,,,0.00,,,
WQP_USA_2026,DRBC-DRBC-31DELRBC_WQX-091026,Surface Water,39.18113,-75.271168,,11/4/2022,,Undisclosed,,,ng/L,2.65,0.00,,0.00,0.00,0.00,8.77,2.18,0.00,,,,,,,,,,3.63,0.00,,0.00,,0.00,,,,,,,0.00,0.00,,,0.00,0.00,,0.00,,0.00,0.00,,,0.00,0.00,0.00,0.00,,,,,0.00,,,
WQP_USA_2026,DRBC-DRBC-31DELRBC_WQX-091028,Surface Water,39.084763,-75.185513,,11/4/2022,,Undisclosed,,,ng/L,,,,,,,6.57,,,,,,,,,,,,,,,,,,,,,,,,,,,,,,,,,,,,,,,0.00,,,,,,,,,
WQP_USA_2026,DRBC-DRBC-31DELRBC_WQX-091030,Surface Water,38.924845,-75.098575,,11/4/2022,,Undisclosed,,,ng/L,,,,,,,6.07,,,,,,,,,,,,,,,,,,,,,,,,,,,,,,,,,,,,,,,0.00,,,,,,,,,
WQP_USA_2026,DRBC-DRBC-31DELRBC_WQX-332046,Surface Water,39.768333,-75.474,,11/4/2022,,Undisclosed,,,ng/L,2.24,2.36,,0.00,0.00,0.00,2.14,0.00,0.00,,,,,,,,,,,0.00,,0.00,,0.00,,,,,,,0.00,0.00,,,0.00,0.00,,0.00,,0.00,0.00,,,0.00,0.00,0.00,0.00,,,,,0.00,,,
WQP_USA_2026,DRBC-DRBC-31DELRBC_WQX-332049,Surface Water,39.800655,-75.425245,,11/4/2022,,Undisclosed,,,ng/L,2.60,2.46,,0.00,0.00,0.00,1.95,0.00,0.00,,,,,,,,,,,0.00,,0.00,,0.00,,,,,,,0.00,0.00,,,0.00,0.00,,0.00,,0.00,0.00,,,0.00,0.00,0.00,0.00,,,,,0.00,,,
WQP_USA_2026,DRBC-DRBC-31DELRBC_WQX-332052,Surface Water,39.849487,-75.26173,,11/4/2022,,Undisclosed,,,ng/L,1.84,1.84,,0.00,0.00,0.00,0.00,0.00,0.00,,,,,,,,,,,0.00,,0.00,,0.00,,,,,,,0.00,0.00,,,0.00,0.00,,0.00,,0.00,0.00,,,0.00,0.00,0.00,0.00,,,,,0.00,,,
WQP_USA_2026,DRBC-DRBC-31DELRBC_WQX-332064,Surface Water,40.127648,-74.815065,,5/3/2022,,Undisclosed,,,ng/L,3.53,2.32,,0.00,0.00,0.00,1.95,0.00,0.00,,,,,,,,,,,0.00,,0.00,,0.00,,,,,,,0.00,0.00,,,0.00,0.00,,0.00,,0.00,0.00,,,0.00,0.00,0.00,0.00,,,,,0.00,,,
WQP_USA_2026,DRBC-DRBC-31DELRBC_WQX-332064,Surface Water,40.127648,-74.815065,,11/4/2022,,Undisclosed,,,ng/L,0.00,0.00,,0.00,0.00,0.00,0.00,0.00,0.00,,,,,,,,,,,0.00,,0.00,,0.00,,,,,,,0.00,0.00,,,0.00,0.00,,0.00,,0.00,0.00,,,0.00,0.00,0.00,0.00,,,,,0.00,,,
WQP_USA_2026,DRBC-DRBC-31DELRBC_WQX-332068,Surface Water,40.174465,-74.734848,,11/4/2022,,Undisclosed,,,ng/L,0.00,0.00,,0.00,0.00,0.00,0.00,0.00,0.00,,,,,,,,,,,0.00,,0.00,,0.00,,,,,,,0.00,0.00,,,0.00,0.00,,0.00,,0.00,0.00,,,0.00,0.00,0.00,0.00,,,,,0.00,,,
WQP_USA_2026,DRBC-DRBC-31DELRBC_WQX-892062,Surface Water,39.849139,-75.329628,,6/1/2022,,Undisclosed,,,ng/L,4.08,4.06,,0.00,2.10,0.00,4.09,1.81,0.00,,,,,,,,,,3.90,0.00,,2.60,,0.00,,,,,,,0.00,0.00,,,0.00,0.00,,0.00,,0.00,0.00,,,0.00,0.00,0.00,0.00,,,,,0.00,,,
WQP_USA_2026,DRBC-DRBC-31DELRBC_WQX-892062,Surface Water,39.849139,-75.329628,,11/4/2022,,Undisclosed,,,ng/L,2.26,2.32,,0.00,0.00,0.00,1.73,0.00,0.00,,,,,,,,,,,0.00,,0.00,,0.00,,,,,,,0.00,0.00,,,0.00,0.00,,0.00,,0.00,0.00,,,0.00,0.00,0.00,0.00,,,,,0.00,,,
WQP_USA_2026,DRBC-DRBC-31DELRBC_WQX-892065,Surface Water,39.881679,-75.18019,,5/9/2022,,Undisclosed,,,ng/L,3.25,3.20,,0.00,0.00,0.00,3.07,0.00,0.00,,,,,,,,,,,0.00,,1.71,,0.00,,,,,,,0.00,0.00,,,0.00,0.00,,0.00,,0.00,0.00,,,0.00,0.00,0.00,0.00,,,,,0.00,,,
WQP_USA_2026,DRBC-DRBC-31DELRBC_WQX-892065,Surface Water,39.881679,-75.18019,,11/4/2022,,Undisclosed,,,ng/L,1.83,1.76,,0.00,0.00,0.00,0.00,0.00,0.00,,,,,,,,,,,0.00,,0.00,,0.00,,,,,,,0.00,0.00,,,0.00,0.00,,0.00,,0.00,0.00,,,0.00,0.00,0.00,0.00,,,,,0.00,,,
WQP_USA_2026,DRBC-DRBC-31DELRBC_WQX-892070,Surface Water,39.984701,-75.066603,,5/4/2022,,Undisclosed,,,ng/L,3.67,3.04,,0.00,0.00,0.00,4.87,0.00,0.00,,,,,,,,,,,0.00,,2.29,,0.00,,,,,,,0.00,0.00,,,0.00,0.00,,0.00,,0.00,0.00,,,0.00,0.00,0.00,0.00,,,,,0.00,,,
WQP_USA_2026,DRBC-DRBC-31DELRBC_WQX-892070,Surface Water,39.984701,-75.066603,,11/4/2022,,Undisclosed,,,ng/L,0.00,0.00,,0.00,0.00,0.00,0.00,0.00,0.00,,,,,,,,,,,0.00,,0.00,,0.00,,,,,,,0.00,0.00,,,0.00,0.00,,0.00,,0.00,0.00,,,0.00,0.00,0.00,0.00,,,,,0.00,,,
WQP_USA_2026,DRBC-DRBC-31DELRBC_WQX-892071,Surface Water,39.955502,-75.135818,,5/4/2022,,Undisclosed,,,ng/L,2.36,2.26,,0.00,0.00,0.00,2.49,0.00,0.00,,,,,,,,,,,0.00,,0.00,,0.00,,,,,,,0.00,0.00,,,0.00,0.00,,0.00,,0.00,0.00,,,0.00,0.00,0.00,0.00,,,,,0.00,,,
WQP_USA_2026,DRBC-DRBC-31DELRBC_WQX-892071,Surface Water,39.955502,-75.135818,,11/4/2022,,Undisclosed,,,ng/L,1.47,1.51,,0.00,0.00,0.00,0.00,0.00,0.00,,,,,,,,,,,0.00,,0.00,,0.00,,,,,,,0.00,0.00,,,0.00,0.00,,0.00,,0.00,0.00,,,0.00,0.00,0.00,0.00,,,,,0.00,,,
WQP_USA_2026,DRBC-DRBC-31DELRBC_WQX-892077,Surface Water,40.040199,-74.988048,,5/4/2022,,Undisclosed,,,ng/L,2.50,2.54,,0.00,0.00,0.00,2.02,0.00,0.00,,,,,,,,,,,0.00,,0.00,,0.00,,,,,,,0.00,0.00,,,0.00,0.00,,0.00,,0.00,0.00,,,0.00,0.00,0.00,0.00,,,,,0.00,,,
WQP_USA_2026,DRBC-DRBC-31DELRBC_WQX-892077,Surface Water,40.040199,-74.988048,,11/4/2022,,Undisclosed,,,ng/L,1.82,0.00,,0.00,0.00,0.00,0.00,0.00,0.00,,,,,,,,,,,0.00,,0.00,,0.00,,,,,,,0.00,0.00,,,0.00,0.00,,0.00,,0.00,0.00,,,0.00,0.00,0.00,0.00,,,,,0.00,,,
WQP_USA_2026,DRBC-DRBC-31DELRBC_WQX-892080,Surface Water,40.081067,-74.868852,,5/3/2022,,Undisclosed,,,ng/L,3.67,4.44,,0.00,0.00,0.00,203.00,25.70,0.00,,,,,,,98.30,,,211.00,0.00,50.90,0.00,,0.00,,,,,,,0.00,0.00,,,0.00,0.00,,0.00,,0.00,0.00,,,0.00,0.00,0.00,0.00,,,,,0.00,,,
WQP_USA_2026,DRBC-DRBC-31DELRBC_WQX-892080,Surface Water,40.081067,-74.868852,,11/4/2022,,Undisclosed,,,ng/L,0.00,0.00,,0.00,0.00,0.00,0.00,0.00,0.00,,,,,,,,,,,0.00,,0.00,,0.00,,,,,,,0.00,0.00,,,0.00,0.00,,0.00,,0.00,0.00,,,0.00,0.00,0.00,0.00,,,,,0.00,,,
WQP_USA_2026,DRBC-DRBC-BC,Surface Water,40.18333,-74.75278,,5/3/2022,,Undisclosed,,,ng/L,1.86,0.00,,0.00,0.00,0.00,0.00,0.00,0.00,,,,,,,,,,,0.00,,0.00,,0.00,,,,,,,0.00,0.00,,,0.00,0.00,,0.00,,0.00,0.00,,,0.00,0.00,0.00,0.00,,,,,0.00,,,
WQP_USA_2026,DRBC-DRBC-CH,Surface Water,39.82499,-75.36464,,6/1/2022,,Undisclosed,,,ng/L,4.84,4.20,,0.00,2.29,0.00,3.85,1.85,0.00,,,,,,,,,,4.25,0.00,,2.73,,0.00,,,,,,,0.00,0.00,,,0.00,0.00,,0.00,,0.00,0.00,,,0.00,0.00,0.00,0.00,,,,,0.00,,,
WQP_USA_2026,DRBC-DRBC-DIN,Surface Water,41.21951,-74.86008,,5/12/2022,,Undisclosed,,,ng/L,0.00,0.00,,0.00,0.00,0.00,0.00,0.00,0.00,,,,,,,,,,0.00,0.00,,0.00,0.00,0.00,,,,,,,0.00,0.00,,,0.00,0.00,,0.00,,0.00,0.00,,,0.00,0.00,0.00,0.00,,,,,0.00,,,0.00
WQP_USA_2026,DRBC-DRBC-PB,Surface Water,39.866,-75.22622,,5/9/2022,,Undisclosed,,,ng/L,4.46,3.54,,0.00,1.92,0.00,4.82,1.79,0.00,,,,,,,,,,3.78,0.00,,2.74,,0.00,,,,,,,0.00,0.00,,,0.00,0.00,,0.00,,0.00,0.00,,,0.00,0.00,0.00,0.00,,,,,0.00,,,
WQP_USA_2026,DRBC-DRBC-SAN,Surface Water,40.75822,-75.18807,,5/12/2022,,Undisclosed,,,ng/L,1.21,1.48,,0.00,0.00,0.00,0.00,0.00,0.00,,,,,,,,,,0.00,0.00,,1.02,0.00,0.00,,,,,,,0.00,0.00,,,0.00,0.00,,0.00,,0.00,0.00,,,0.00,0.00,0.00,0.00,,,,,0.00,,,0.00
WQP_USA_2026,DRBC-DRBC-SR,Surface Water,39.91316,-75.20591,,5/9/2022,,Undisclosed,,,ng/L,3.51,2.73,,0.00,0.00,0.00,2.57,1.66,0.00,,,,,,,,,,,0.00,,2.55,,0.00,,,,,,,0.00,0.00,,,0.00,0.00,,0.00,,0.00,0.00,,,0.00,0.00,0.00,0.00,,,,,0.00,,,
WQP_USA_2026,DRBC-DRBC-YAR,Surface Water,41.48596,-74.98643,,5/12/2022,,Undisclosed,,,ng/L,1.54,1.88,,0.00,0.00,0.00,1.18,0.00,0.00,,,,,,,,,,0.00,0.00,,1.11,0.00,0.00,,,,,,,0.00,0.00,,,0.00,0.00,,0.00,,0.00,0.00,,,0.00,0.00,0.00,0.00,,,,,0.00,,,0.00
WQP_USA_2026,DRBC-EAS,Surface Water,40.67934,-75.1852,,10/21/2021,,Undisclosed,,,ng/L,0.00,0.00,,0.00,0.00,0.00,2.24,0.00,0.00,,,,,,,,,,,0.00,,1.76,,0.00,,,,,,,0.00,0.00,,,0.00,0.00,,0.00,,0.00,0.00,,,0.00,0.00,0.00,0.00,,,,,0.00,,,
WQP_USA_2026,DRBC-ES,Surface Water,39.85471746,-75.3293227,,5/27/2021,,Undisclosed,,,ng/L,3.00,3.09,,0.00,2.24,0.00,3.30,0.00,0.00,,,,,,,,,,3.55,0.00,,1.74,,0.00,,,,,,,0.00,0.00,,,0.00,0.00,,0.00,,0.00,0.00,,,0.00,0.00,0.00,0.00,,,,,0.00,,,
WQP_USA_2026,DRBC-FC,Surface Water,39.98590887,-75.0715335,,5/26/2021,,Undisclosed,,,ng/L,2.85,2.78,,0.00,0.00,0.00,3.34,0.00,0.00,,,,,,,,,,,0.00,,2.14,,0.00,,,,,,,0.00,0.00,,,0.00,,,0.00,,0.00,0.00,,,0.00,0.00,0.00,0.00,,,,,0.00,,,
WQP_USA_2026,DRBC-FC,Surface Water,39.98590887,-75.0715335,,10/18/2023,,Undisclosed,,,ng/L,11.10,8.09,,0.00,3.58,3.65,9.46,4.90,0.00,,,,,,,,,,9.31,0.00,6.88,7.38,,0.00,,,,,,,0.00,0.00,,,0.00,0.00,,0.00,,0.00,0.00,,,0.00,0.00,0.00,0.00,,,,,0.00,,,
WQP_USA_2026,DRBC-FL,Surface Water,40.12802435,-74.81602859,,5/24/2021,,Undisclosed,,,ng/L,2.20,2.12,,0.00,0.00,0.00,0.00,0.00,0.00,,,,,,,,,,,0.00,,0.00,,0.00,,,,,,,0.00,0.00,,,0.00,0.00,,0.00,,0.00,0.00,,,0.00,0.00,0.00,0.00,,,,,0.00,,,
WQP_USA_2026,DRBC-GLR,Surface Water,40.24218,-74.82188,,10/21/2021,,Undisclosed,,,ng/L,2.35,8.17,,0.00,0.00,2.30,2.13,0.00,0.00,,,,,,,,,,,0.00,,0.00,,0.00,,,,,,,0.00,0.00,,,0.00,0.00,,0.00,,0.00,0.00,,,0.00,0.00,0.00,0.00,,,,,0.00,,,
WQP_USA_2026,DRBC-LAC,Surface Water,41.48589996,-74.98639944,,10/21/2021,,Undisclosed,,,ng/L,0.00,0.00,,0.00,0.00,0.00,0.00,0.00,0.00,,,,,,,,,,,0.00,,0.00,,0.00,,,,,,,0.00,0.00,,,0.00,0.00,,0.00,,0.00,0.00,,,0.00,0.00,0.00,0.00,,,,,0.00,,,
WQP_USA_2026,DRBC-LAC,Surface Water,41.48589996,-74.98639944,,8/1/2023,,Undisclosed,,,ng/L,0.94,0.00,,0.00,0.00,0.00,0.00,0.00,0.00,,,,,,,,,,0.00,0.00,,0.00,0.00,0.00,,,,,,,0.00,0.00,,,0.00,0.00,,0.00,,0.00,0.00,,,0.00,0.00,0.00,0.00,,,,,0.00,,,0.00
WQP_USA_2026,DRBC-LHR,Surface Water,40.688896,-75.20662,,10/21/2021,,Undisclosed,,,ng/L,1.69,1.60,,0.00,0.00,0.00,2.93,0.00,0.00,,,,,,,,,,,0.00,,1.76,,0.00,,,,,,,0.00,0.00,,,0.00,0.00,,0.00,,0.00,0.00,,,0.00,0.00,0.00,0.00,,,,,0.00,,,
WQP_USA_2026,DRBC-MC,Surface Water,39.83620618,-75.2360916,,10/18/2023,,Undisclosed,,,ng/L,4.34,3.68,,0.00,2.51,0.00,3.98,0.00,0.00,,,,,,,,,,3.68,0.00,,2.69,,0.00,,,,,,,0.00,0.00,,,0.00,0.00,,0.00,,0.00,0.00,,,0.00,0.00,0.00,0.00,,,,,0.00,,,
WQP_USA_2026,DRBC-MHC,Surface Water,39.82248869,-75.41004174,,10/17/2023,,Undisclosed,,,ng/L,13.70,8.01,,0.00,4.29,2.60,15.80,8.31,0.00,,,,,,,,,,16.00,0.00,10.60,4.31,,0.00,,,,,,,0.00,0.00,,,0.00,0.00,,0.00,,0.00,,,,0.00,0.00,0.00,0.00,,,,,0.00,,,
WQP_USA_2026,DRBC-NC,Surface Water,40.07587225,-74.9090439,,5/24/2021,,Undisclosed,,,ng/L,2.92,3.01,,0.00,0.00,0.00,2.79,0.00,0.00,,,,,,,,,,,0.00,,0.00,,0.00,,,,,,,0.00,0.00,,,0.00,0.00,,0.00,,0.00,0.00,,,0.00,0.00,0.00,0.00,,,,,0.00,,,
WQP_USA_2026,DRBC-NC,Surface Water,40.07587225,-74.9090439,,10/18/2023,,Undisclosed,,,ng/L,10.60,12.60,,0.00,0.00,6.40,9.52,3.94,0.00,,,,,,,,,,10.90,0.00,7.40,6.17,,0.00,,,,,,,0.00,0.00,,,0.00,0.00,,0.00,,0.00,0.00,,,0.00,0.00,0.00,0.00,,,,,0.00,,,
WQP_USA_2026,DRBC-NHC2021,Surface Water,40.141702,-74.912663,,11/8/2021,,Undisclosed,,,ng/L,8.22,14.70,,0.00,0.00,7.72,7.75,3.23,0.00,,,,,,,,,,7.29,0.00,,6.35,,0.00,,,,,,,0.00,0.00,,,0.00,0.00,,0.00,,0.00,0.00,,,0.00,0.00,0.00,0.00,,,,,0.00,,,
WQP_USA_2026,DRBC-NV,Surface Water,39.88409329,-75.19688457,,6/1/2021,,Undisclosed,,,ng/L,3.69,3.48,,0.00,0.00,0.00,5.25,2.10,0.00,,,,,,,,,,4.30,0.00,,2.42,,0.00,,,,,,,0.00,0.00,,,0.00,0.00,,0.00,,0.00,0.00,,,0.00,0.00,0.00,0.00,,,,,0.00,,,
WQP_USA_2026,DRBC-NV,Surface Water,39.88409329,-75.19688457,,8/9/2023,,Undisclosed,,,ng/L,6.24,4.46,,0.00,2.98,0.00,6.37,2.76,0.00,,,,,,,,,,7.57,0.00,6.71,4.09,,0.00,,,,,,,0.00,0.00,,,0.00,0.00,,0.00,,0.00,0.00,,,0.00,0.00,0.00,0.00,,,,,0.00,,,
WQP_USA_2026,DRBC-PB,Surface Water,39.84805924,-75.26714768,,5/27/2021,,Undisclosed,,,ng/L,2.77,2.78,,0.00,1.83,0.00,3.47,0.00,0.00,,,,,,,,,,3.32,0.00,,0.00,,0.00,,,,,,,0.00,0.00,,,0.00,0.00,,0.00,,0.00,0.00,,,0.00,0.00,0.00,0.00,,,,,0.00,,,
WQP_USA_2026,DRBC-PB,Surface Water,39.84805924,-75.26714768,,8/9/2023,,Undisclosed,,,ng/L,4.53,3.82,,0.00,1.97,0.00,4.66,2.00,0.00,,,,,,,,,,4.81,0.00,,2.84,,0.00,,,,,,,0.00,0.00,,,0.00,0.00,,0.00,,0.00,0.00,,,0.00,0.00,0.00,0.00,,,,,0.00,,,
WQP_USA_2026,DRBC-PPC,Surface Water,40.03599417,-75.0213184,,10/17/2023,,Undisclosed,,,ng/L,9.36,8.02,,0.00,2.24,3.25,8.19,3.45,0.00,,,,,,,,,,8.02,0.00,,5.77,,0.00,,,,,,,0.00,0.00,,,0.00,0.00,,0.00,,0.00,0.00,,,0.00,0.00,0.00,0.00,,,,,0.00,,,
WQP_USA_2026,DRBC-PPC2021,Surface Water,40.0436,-75.020498,,11/8/2021,,Undisclosed,,,ng/L,8.77,7.55,,0.00,2.22,5.27,7.37,3.96,0.00,,,,,,,,,,7.86,0.00,,7.06,,0.00,,,,,,,0.00,0.00,,,0.00,0.00,,0.00,,0.00,0.00,,,0.00,0.00,0.00,0.00,,,,,0.00,,,
WQP_USA_2026,DRBC-PPI,Surface Water,39.61259784,-75.59310202,,10/6/2021,,Undisclosed,,,ng/L,4.82,3.03,,0.00,1.69,0.00,15.10,3.39,0.00,,,,,,,,,,10.60,0.00,,2.00,,0.00,,,,,,,0.00,0.00,,,0.00,0.00,,0.00,,0.00,0.00,,,0.00,0.00,0.00,0.00,,,,,0.00,,,
WQP_USA_2026,DRBC-PS,Surface Water,39.99377904,-75.02936043,,10/23/2023,,Undisclosed,,,ng/L,8.34,5.71,,0.00,2.37,1.90,7.49,2.86,0.00,,,,,,,,,,8.46,0.00,,4.76,,0.00,,,,,,,0.00,0.00,,,0.00,0.00,,0.00,,0.00,0.00,,,0.00,0.00,0.00,0.00,,,,,0.00,,,
WQP_USA_2026,DRBC-RC,Surface Water,40.04433922,-74.95827114,,10/23/2023,,Undisclosed,,,ng/L,7.49,7.85,,0.00,1.55,4.36,5.64,2.27,0.00,,,,,,,,,,5.63,0.00,,3.43,,0.00,,,,,,,0.00,0.00,,,0.00,0.00,,0.00,,0.00,0.00,,,0.00,0.00,0.00,0.00,,,,,0.00,,,
WQP_USA_2026,DRBC-SAN,Surface Water,40.75819937,-75.18800136,,10/21/2021,,Undisclosed,,,ng/L,0.00,0.00,,0.00,0.00,0.00,0.00,0.00,0.00,,,,,,,,,,,0.00,,0.00,,0.00,,,,,,,0.00,0.00,,,0.00,0.00,,0.00,,0.00,0.00,,,0.00,0.00,0.00,0.00,,,,,0.00,,,
WQP_USA_2026,DRBC-SR,Surface Water,39.91315833,-75.20590166,,6/1/2021,,Undisclosed,,,ng/L,3.89,4.02,,0.00,2.23,0.00,5.30,2.95,0.00,,,,,,,,,,5.07,0.00,,3.93,,0.00,,,,,,,0.00,0.00,,,0.00,0.00,,0.00,,0.00,0.00,,,0.00,0.00,0.00,0.00,,,,,0.00,,,
WQP_USA_2026,DRBC-SR,Surface Water,39.91315833,-75.20590166,,9/9/2023,,Undisclosed,,,ng/L,6.36,4.41,,0.00,3.63,0.00,6.31,2.63,0.00,,,,,,,,,,7.70,0.00,,4.88,,0.00,,,,,,,0.00,0.00,,,0.00,0.00,,0.00,,0.00,0.00,,,0.00,0.00,0.00,0.00,,,,,0.00,,,
WQP_USA_2026,DRBC-SR,Surface Water,39.91315833,-75.20590166,,10/23/2023,,Undisclosed,,,ng/L,4.40,2.83,,0.00,1.67,0.00,4.63,1.95,0.00,,,,,,,,,,4.89,0.00,,4.75,,0.00,,,,,,,0.00,0.00,,,0.00,0.00,,0.00,,0.00,0.00,,,0.00,0.00,0.00,0.00,,,,,0.00,,,
WQP_USA_2026,DRBC-TD,Surface Water,40.04019823,-74.9880493,,5/26/2021,,Undisclosed,,,ng/L,4.21,4.37,,0.00,0.00,2.29,3.93,1.94,0.00,,,,,,,,,,3.74,0.00,,1.93,,0.00,,,,,,,0.00,0.00,,,0.00,0.00,,0.00,,0.00,0.00,,,0.00,0.00,0.00,0.00,,,,,0.00,,,
WQP_USA_2026,DRBC-YAR,Surface Water,40.27951973,-74.85930595,,10/21/2021,,Undisclosed,,,ng/L,0.00,0.00,,0.00,0.00,0.00,0.00,0.00,0.00,,,,,,,,,,,0.00,,0.00,,0.00,,,,,,,0.00,0.00,,,0.00,0.00,,0.00,,0.00,0.00,,,0.00,0.00,0.00,0.00,,,,,0.00,,,
WQP_USA_2026,DRBC-YAR,Surface Water,40.27951973,-74.85930595,,8/1/2023,,Undisclosed,,,ng/L,1.89,1.67,,0.00,0.00,0.00,1.84,0.86,0.00,,,,,,,,,,2.33,0.00,,1.27,0.00,0.00,,,,,,,0.00,0.00,,,0.00,0.00,,0.00,,0.00,0.00,,,0.00,0.00,0.00,0.00,,,,,0.00,,,0.00
WQP_USA_2026,GLEC-10009,Surface Water,35.15629,-114.57068,,3/25/2024,,Undisclosed,,,ng/L,0.00,0.00,,0.00,0.00,0.00,0.00,0.00,0.00,,,,,,,,,,,0.00,,0.00,,,,,,,,,0.00,0.00,,,0.00,0.00,,0.00,0.00,0.00,0.00,,,0.00,0.00,0.00,0.00,,,,,,,,
WQP_USA_2026,GLEC-10010,Surface Water,34.90988,-111.72787,,4/20/2025,,Undisclosed,,,ng/L,0.00,0.00,,0.00,0.00,0.00,0.00,0.00,0.00,0.00,,,,,,,,,0.00,0.00,,0.00,0.00,0.00,,,,,,,0.00,0.00,,,0.00,0.00,,0.00,0.00,0.00,,,,0.00,0.00,0.00,0.00,0.00,0.00,,0.00,0.00,,,
WQP_USA_2026,GLEC-10012,Surface Water,36.80572893,-114.0329296,,4/21/2025,,Undisclosed,,,ng/L,1.20,0.56,,0.00,0.00,0.49,1.70,0.55,0.00,0.00,,,,,,,,,2.40,0.00,2.10,1.40,0.00,0.00,,,,,,,0.00,0.00,,,0.00,0.00,,0.00,0.00,0.00,,,,0.00,0.00,0.00,0.00,0.00,0.00,,0.00,0.00,,,
WQP_USA_2026,GLEC-10014,Surface Water,32.92038,-109.83841,,5/3/2024,,Undisclosed,,,ng/L,0.00,0.00,,0.00,0.00,0.00,0.00,0.00,0.00,,,,,,,,,,,0.00,,22.00,,,,,,,,,0.00,0.00,,,0.00,0.00,,0.00,0.00,0.00,0.00,,,0.00,0.00,0.00,0.00,,,,,,,,
WQP_USA_2026,GLEC-10055,Surface Water,33.73862,-109.32676,,10/13/2024,,Undisclosed,,,ng/L,,,,,,,,,,,,,,,,,,,,,,2.40,,,,,,,,,,,,,,,,,,,,,,,,,,,,,,,,,
WQP_USA_2026,GLEC-10060,Surface Water,34.21578,-109.30257,,10/13/2024,,Undisclosed,,,ng/L,,,,,,,,,,,,,,,,,,,,,,4.60,,,,,,,,,,,,,,,,,,,,,,,,,,,,,,,,,
WQP_USA_2026,GLEC-10065,Surface Water,34.71448,-114.47841,,3/26/2024,,Undisclosed,,,ng/L,0.00,0.00,,0.00,0.00,0.00,0.00,0.00,0.00,,,,,,,,,,,0.00,,0.00,,,,,,,,,0.00,0.00,,,0.00,0.00,,0.00,0.00,0.00,0.00,,,0.00,0.00,0.00,0.00,,,,,,,,
WQP_USA_2026,GLEC-10107,Surface Water,34.26614,-114.02069,,11/8/2024,,Undisclosed,,,ng/L,,,,,,,,,,,,,,,,,,,,,,5.10,,,,,,,,,,,,,,,,,,,,,,,,,,,,,,,,,
WQP_USA_2026,GLEC-10108,Surface Water,36.8433,-111.54888,,3/25/2024,,Undisclosed,,,ng/L,0.00,0.00,,0.00,0.00,0.00,0.00,0.00,0.00,,,,,,,,,,,0.00,,0.00,,,,,,,,,0.00,0.00,,,0.00,0.00,,0.00,0.00,0.00,0.00,,,0.00,0.00,0.00,0.00,,,,,,,,
WQP_USA_2026,GLEC-10129,Surface Water,34.74043,-114.5197,,4/21/2025,,Undisclosed,,,ng/L,1.10,0.57,,0.00,0.48,0.00,0.77,0.42,0.00,0.00,,,,,,,,,1.30,0.00,2.30,0.00,0.00,0.00,,,,,,,0.00,0.00,,,0.00,0.00,,0.00,0.00,0.00,,,,0.00,0.00,0.00,0.00,0.00,0.00,,0.00,0.00,,,
WQP_USA_2026,GLEC-10135,Surface Water,33.48711,-114.59878,,4/21/2025,,Undisclosed,,,ng/L,1.10,0.71,,0.00,0.56,0.00,0.89,0.47,0.00,0.00,,,,,,,,,1.50,0.00,2.40,0.56,0.00,0.00,,,,,,,0.00,0.00,,,0.00,0.00,,0.00,0.00,0.00,,,,0.00,0.00,0.00,0.00,0.00,0.00,,0.00,0.00,,,
WQP_USA_2026,GLEC-20069,Surface Water,31.61155916,-110.166736,,4/16/2025,,Undisclosed,,,ng/L,0.00,0.00,,0.00,0.00,0.00,0.00,0.00,0.00,0.00,,,,,,,,,0.00,0.00,,0.00,0.00,0.00,,,,,,,0.00,0.00,,,0.00,0.00,,0.00,0.00,0.00,,,,0.00,0.00,0.00,0.00,0.00,0.00,,0.00,0.00,,,
WQP_USA_2026,GLEC-20083,Surface Water,34.53840644,-111.6845951,,4/19/2025,,Undisclosed,,,ng/L,0.00,0.00,,0.00,0.00,0.00,0.00,0.00,0.00,0.00,,,,,,,,,0.00,0.00,,0.00,0.00,0.00,,,,,,,0.00,0.00,,,0.00,0.00,,0.00,0.00,0.00,,,,0.00,0.00,0.00,0.00,0.00,0.00,,0.00,0.00,,,
WQP_USA_2026,GLEC-20110,Surface Water,34.35061706,-111.2850795,,4/16/2025,,Undisclosed,,,ng/L,0.00,0.00,,0.00,0.00,0.00,0.00,0.00,0.00,0.00,,,,,,,,,0.00,0.00,,0.00,0.00,0.00,,,,,,,0.00,0.00,,,0.00,0.00,,0.00,0.00,0.00,,,,0.00,0.00,0.00,0.00,0.00,0.00,,0.00,0.00,,,
WQP_USA_2026,GLEC-20177,Surface Water,32.76890662,-109.1595159,,4/17/2025,,Undisclosed,,,ng/L,0.00,0.00,,0.00,0.00,0.00,0.00,0.00,0.00,0.00,,,,,,,,,0.00,0.00,,8.30,0.00,0.00,,,,,,,0.00,0.00,,,0.00,0.00,,0.00,0.00,0.00,,,,0.00,0.00,0.00,0.00,0.00,0.00,,0.00,0.00,,,
WQP_USA_2026,GLEC-20195,Surface Water,34.40335875,-111.6174861,,4/20/2025,,Undisclosed,,,ng/L,0.00,0.00,,0.00,0.00,0.00,0.00,0.00,0.00,0.00,,,,,,,,,0.00,0.00,,0.00,0.00,0.00,,,,,,,0.00,0.00,,,0.00,0.00,,0.00,0.00,0.00,,,,0.00,0.00,0.00,0.00,0.00,0.00,,0.00,0.00,,,
WQP_USA_2026,GLEC-20266,Surface Water,34.24171142,-111.4535114,,4/18/2025,,Undisclosed,,,ng/L,4.70,1.60,,0.00,0.73,1.00,3.50,0.90,0.00,0.00,,,,,,,,,4.00,0.00,2.30,1.90,0.00,0.00,,,,,,,0.00,0.00,,,0.00,0.00,,0.00,0.00,0.00,,,,0.00,0.00,0.00,0.00,0.00,0.00,,0.00,0.00,,,
WQP_USA_2026,GLEC-20279,Surface Water,32.85892104,-110.7287862,,4/15/2025,,Undisclosed,,,ng/L,0.00,0.00,,0.00,0.00,0.00,0.00,0.00,0.00,0.00,,,,,,,,,0.00,0.00,,2.30,0.00,0.00,,,,,,,0.00,0.00,,,0.00,0.00,,0.00,0.00,0.00,,,,0.00,0.00,0.00,0.00,0.00,0.00,,0.00,0.00,,,
WQP_USA_2026,GLEC-20385,Surface Water,31.55029839,-110.1367885,,4/16/2025,,Undisclosed,,,ng/L,0.00,0.39,,0.00,0.00,0.00,0.00,0.00,0.00,0.00,,,,,,,,,0.00,0.00,,0.67,0.00,0.00,,,,,,,0.00,0.00,,,0.00,0.00,,0.00,0.00,0.00,,,,0.00,0.00,0.00,0.00,0.00,0.00,,0.00,0.00,,,
WQP_USA_2026,GLEC-20425,Surface Water,34.51827839,-111.7419495,,4/19/2025,,Undisclosed,,,ng/L,0.00,0.00,,0.00,0.00,0.00,0.00,0.00,0.00,0.00,,,,,,,,,0.00,0.00,,0.00,0.00,0.00,,,,,,,0.00,0.00,,,0.00,0.00,,0.00,0.00,0.00,,,,0.00,0.00,0.00,0.00,0.00,0.00,,0.00,0.00,,,
WQP_USA_2026,GLEC-20465,Surface Water,34.51209936,-111.8223842,,4/19/2025,,Undisclosed,,,ng/L,0.00,0.00,,0.00,0.00,0.00,0.00,0.00,0.00,0.00,,,,,,,,,0.00,0.00,,0.00,0.00,0.00,,,,,,,0.00,0.00,,,0.00,0.00,,0.00,0.00,0.00,,,,0.00,0.00,0.00,0.00,0.00,0.00,,0.00,0.00,,,
WQP_USA_2026,GLEC-20485,Surface Water,33.80567225,-111.4815466,,4/18/2025,,Undisclosed,,,ng/L,0.00,0.00,,0.00,0.00,0.46,0.00,0.00,0.00,0.00,,,,,,,,,0.00,0.00,,2.00,0.00,0.00,,,,,,,0.00,0.00,,,0.00,0.00,,0.00,0.00,0.00,,,,0.00,,0.00,0.00,,0.00,,0.00,0.00,,,
WQP_USA_2026,GLEC-20531,Surface Water,32.6991302,-109.7879804,,4/16/2025,,Undisclosed,,,ng/L,0.00,0.00,,0.00,0.00,0.00,0.00,0.00,0.00,0.00,,,,,,,,,0.00,0.00,,0.99,0.00,0.00,,,,,,,0.00,0.00,,,0.00,0.00,,0.00,0.00,0.00,,,,0.00,0.00,0.00,0.00,0.00,0.00,,0.00,0.00,,,
WQP_USA_2026,GLEC-20532,Surface Water,33.2920045,-109.1956398,,4/17/2025,,Undisclosed,,,ng/L,0.00,0.00,,0.00,0.00,0.00,0.00,0.00,0.00,0.00,,,,,,,,,0.00,0.00,,18.00,0.00,0.00,,,,,,,0.00,0.00,,,0.00,0.00,,0.00,0.00,0.00,,,,0.00,0.00,0.00,0.00,0.00,0.00,,0.00,0.00,,,
WQP_USA_2026,MNPCA-16-0027-00-201,Surface Water,48.049924,-90.064029,,5/23/2024,,Undisclosed,,,ng/L,0.33,0.00,,0.00,0.00,0.00,0.00,0.40,0.00,0.00,0.00,,,,0.00,,,,1.73,0.00,1.43,0.16,0.00,0.00,,,,,,,0.00,0.00,,,0.00,0.00,,0.00,0.00,0.00,0.00,,,0.00,0.00,0.00,0.00,0.00,0.00,,0.00,0.00,,,
WQP_USA_2026,MNPCA-16-0027-00-201,Surface Water,48.049924,-90.064029,,6/25/2024,,Undisclosed,,,ng/L,0.29,0.00,,0.00,0.00,0.00,0.00,0.39,0.00,0.00,0.00,,,,0.00,,,,1.20,0.00,1.12,0.00,0.00,0.00,,,,,,,0.00,0.00,,,0.00,0.00,,0.00,0.00,0.00,0.00,,,0.00,0.00,0.00,0.00,0.00,0.00,,0.00,0.00,,,
WQP_USA_2026,MNPCA-16-0027-00-201,Surface Water,48.049924,-90.064029,,7/9/2024,,Undisclosed,,,ng/L,0.24,0.00,,0.00,0.00,0.00,0.00,0.35,0.00,0.00,0.00,,,,0.00,,,,1.47,0.00,1.15,0.00,0.00,0.00,,,,,,,0.00,0.00,,,0.00,0.00,,0.00,0.00,0.00,0.00,,,0.00,0.00,0.00,0.00,0.00,0.00,,0.00,0.00,,,
WQP_USA_2026,MNPCA-16-0027-00-201,Surface Water,48.049924,-90.064029,,8/6/2024,,Undisclosed,,,ng/L,0.22,0.00,,0.00,0.00,0.00,0.00,0.30,0.00,0.00,0.00,,,,0.00,,,,1.04,0.00,0.86,0.00,0.00,0.00,,,,,,,0.00,0.00,,,0.00,0.00,,0.00,0.00,0.00,0.00,,,0.00,0.00,0.00,0.00,0.00,0.00,,0.00,0.00,,,
WQP_USA_2026,MNPCA-16-0027-00-201,Surface Water,48.049924,-90.064029,,9/5/2024,,Undisclosed,,,ng/L,0.00,0.00,,0.00,0.00,0.00,0.00,0.00,0.00,0.00,0.00,,,,0.00,,,,0.00,0.00,1.23,0.00,0.00,0.00,,,,,,,0.00,0.00,,,0.00,0.00,,0.00,0.00,0.00,0.00,,,0.00,0.00,0.00,0.00,0.00,0.00,,0.00,0.00,,,
WQP_USA_2026,MNPCA-16-0049-00-101,Surface Water,47.870662,-90.167663,,6/26/2025,,Undisclosed,,,ng/L,0.36,0.00,,0.00,0.00,0.00,0.00,0.41,0.00,0.00,,,,,0.00,,,,0.00,0.00,,0.00,0.00,0.00,,,,,,,0.00,0.00,,,0.00,0.00,,0.00,0.00,0.00,0.00,,,0.00,0.00,0.00,0.00,0.00,0.00,,0.00,0.00,,,0.00
WQP_USA_2026,MNPCA-16-0049-00-101,Surface Water,47.870662,-90.167663,,7/29/2025,,Undisclosed,,,ng/L,0.25,0.00,,0.00,0.00,0.00,0.34,0.34,0.00,0.00,,,,,0.00,,,,0.00,0.00,1.86,0.18,0.00,0.00,,,,,,,0.00,0.00,,,0.00,0.00,,0.00,0.00,0.00,0.00,,,0.00,0.00,0.00,0.00,0.00,0.00,,0.00,0.00,,,0.00
WQP_USA_2026,MNPCA-16-0049-00-101,Surface Water,47.870662,-90.167663,,8/21/2025,,Undisclosed,,,ng/L,0.23,0.00,,0.00,0.26,0.00,0.00,0.38,0.00,0.00,,,,,0.00,,,,0.00,0.00,1.82,0.27,0.00,0.00,,,,,,,0.00,0.00,,,0.00,0.00,,0.00,0.00,0.00,0.00,,,0.00,0.00,0.00,0.00,0.00,0.00,,0.00,0.00,,,0.00
WQP_USA_2026,MNPCA-16-0049-00-101,Surface Water,47.870662,-90.167663,,9/24/2025,,Undisclosed,,,ng/L,0.24,0.00,,0.00,0.25,0.00,0.00,0.45,0.00,0.00,,,,,,,,,0.00,0.00,2.53,0.00,0.00,0.00,,,,,,,0.00,0.00,,,0.00,0.00,,0.00,0.00,0.00,0.00,,,0.00,0.00,0.00,0.00,0.00,,,0.00,0.00,,,0.00
WQP_USA_2026,MNPCA-16-0049-00-101,Surface Water,47.870662,-90.167663,,10/7/2025,,Undisclosed,,,ng/L,0.34,0.00,,0.00,0.42,0.00,0.00,0.42,0.00,0.00,,,,,,,,,0.00,0.00,2.51,0.36,0.00,0.00,,,,,,,0.00,0.00,,,0.00,0.00,,0.00,0.00,0.00,0.00,,,0.00,0.00,0.00,0.00,0.00,,,0.00,0.00,,,0.00
WQP_USA_2026,MNPCA-16-0077-00-102,Surface Water,47.997067,-90.185943,,6/26/2025,,Undisclosed,,,ng/L,0.51,0.00,,0.00,0.77,0.00,0.00,0.73,0.00,0.00,,,,,,,,,0.00,0.00,,0.00,0.00,0.00,,,,,,,0.00,0.00,,,0.00,0.00,,0.00,0.00,0.00,0.00,,,0.00,0.00,0.00,0.00,0.00,,,0.00,0.00,,,0.00
WQP_USA_2026,MNPCA-16-0077-00-102,Surface Water,47.997067,-90.185943,,7/29/2025,,Undisclosed,,,ng/L,0.37,0.00,,0.00,0.24,0.00,0.31,0.43,0.00,0.00,,,,,0.00,,,,0.00,0.00,2.48,0.28,0.00,0.00,,,,,,,0.00,0.00,,,0.00,0.00,,0.00,0.00,0.00,0.00,,,0.00,0.00,0.00,0.00,0.00,0.00,,0.00,0.00,,,0.00
WQP_USA_2026,MNPCA-16-0077-00-102,Surface Water,47.997067,-90.185943,,8/21/2025,,Undisclosed,,,ng/L,0.31,0.00,,0.00,0.29,0.00,0.00,0.42,0.00,0.00,,,,,,,,,0.00,0.00,1.94,0.31,0.00,0.00,,,,,,,0.00,0.00,,,0.00,0.00,,0.00,0.00,0.00,0.00,,,0.00,0.00,0.00,0.00,0.00,,,0.00,0.00,,,0.00
WQP_USA_2026,MNPCA-16-0077-00-102,Surface Water,47.997067,-90.185943,,9/24/2025,,Undisclosed,,,ng/L,0.39,0.00,,0.00,0.36,0.00,0.00,0.54,0.00,0.00,,,,,0.00,,,,0.00,0.00,3.29,0.14,0.00,0.00,,,,,,,0.00,0.00,,,0.00,0.00,,0.00,0.00,0.00,0.00,,,0.00,0.00,0.00,0.00,0.00,0.00,,0.00,0.00,,,0.00
WQP_USA_2026,MNPCA-16-0077-00-102,Surface Water,47.997067,-90.185943,,10/8/2025,,Undisclosed,,,ng/L,0.60,0.00,,0.00,0.50,0.00,0.00,0.67,0.00,0.00,,,,,,,,,0.00,0.00,2.77,0.40,0.00,0.00,,,,,,,0.00,0.00,,,0.00,0.00,,0.00,0.00,0.00,0.00,,,0.00,0.00,0.00,0.00,0.00,,,0.00,0.00,,,0.00
WQP_USA_2026,MNPCA-16-0147-00-202,Surface Water,48.053315,-90.38301,,5/23/2024,,Undisclosed,,,ng/L,0.66,0.00,,0.00,0.32,0.00,0.30,0.68,0.00,0.00,0.00,,,,0.00,,,,1.26,0.00,1.89,0.18,0.00,0.00,,,,,,,0.00,0.00,,,0.00,0.00,,0.00,0.00,0.00,0.00,,,0.00,0.00,0.00,0.00,0.00,0.00,,0.00,0.00,,,
WQP_USA_2026,MNPCA-16-0147-00-202,Surface Water,48.053315,-90.38301,,6/25/2024,,Undisclosed,,,ng/L,0.51,0.00,,0.00,0.00,0.00,0.00,0.57,0.00,0.00,0.00,,,,0.00,,,,0.59,0.00,1.93,0.00,0.00,0.00,,,,,,,0.00,0.00,,,0.00,0.00,,0.00,0.00,0.00,0.00,,,0.00,0.00,0.00,0.00,0.00,0.00,,0.00,0.00,,,
WQP_USA_2026,MNPCA-16-0147-00-202,Surface Water,48.053315,-90.38301,,7/8/2024,,Undisclosed,,,ng/L,0.67,0.00,,0.00,0.00,0.00,0.00,0.60,0.00,0.00,,,,,0.00,,,,1.12,0.00,2.13,0.00,0.00,0.00,,,,,,,0.00,0.00,,,0.00,0.00,,0.00,,0.00,0.00,,,0.00,0.00,0.00,0.00,0.00,0.00,,0.00,0.00,,,
WQP_USA_2026,MNPCA-16-0147-00-202,Surface Water,48.053315,-90.38301,,8/5/2024,,Undisclosed,,,ng/L,0.41,0.00,,0.00,0.00,0.00,0.00,0.57,0.00,0.00,,,,,0.00,,,,1.12,0.00,1.49,0.00,0.00,0.00,,,,,,,0.00,0.00,,,0.00,0.00,,0.00,,0.00,0.00,,,0.00,0.00,0.00,0.00,0.00,0.00,,0.00,0.00,,,
WQP_USA_2026,MNPCA-16-0147-00-202,Surface Water,48.053315,-90.38301,,9/4/2024,,Undisclosed,,,ng/L,0.25,0.00,,0.00,0.00,0.00,0.00,0.56,0.00,0.00,0.00,,,,0.00,,,,0.00,0.00,1.99,0.00,0.00,0.00,,,,,,,0.00,0.00,,,0.00,0.00,,0.00,0.00,0.00,0.00,,,0.00,0.00,0.00,0.00,0.00,0.00,,0.00,0.00,,,
WQP_USA_2026,MNPCA-16-0356-00-202,Surface Water,48.094649,-90.758942,,6/25/2025,,Undisclosed,,,ng/L,0.00,0.23,,0.00,0.00,0.00,0.42,0.67,0.00,0.00,,,,,,,,,0.00,0.00,3.01,0.39,0.00,0.00,,,,,,,0.00,0.00,,,0.00,0.00,,0.00,0.00,0.00,0.00,,,0.00,0.00,0.00,0.00,0.00,,,0.00,0.00,,,0.00
WQP_USA_2026,MNPCA-16-0356-00-202,Surface Water,48.094649,-90.758942,,7/28/2025,,Undisclosed,,,ng/L,0.23,0.00,,0.00,0.00,0.00,0.00,0.40,0.00,0.00,,,,,0.00,,,,0.00,0.00,3.04,0.25,0.00,0.00,,,,,,,0.00,0.00,,,0.00,0.00,,0.00,0.00,0.00,0.00,,,0.00,0.00,0.00,0.00,0.00,0.00,,0.00,0.00,,,0.00
WQP_USA_2026,MNPCA-16-0356-00-202,Surface Water,48.094649,-90.758942,,8/20/2025,,Undisclosed,,,ng/L,0.23,0.00,,0.00,0.24,0.00,0.00,0.39,0.00,0.00,,,,,,,,,0.00,0.00,2.09,0.28,0.00,0.00,,,,,,,0.00,0.00,,,0.00,0.00,,0.00,0.00,0.00,0.00,,,0.00,0.00,0.00,0.00,0.00,,,0.00,0.00,,,0.00
WQP_USA_2026,MNPCA-16-0356-00-202,Surface Water,48.094649,-90.758942,,9/23/2025,,Undisclosed,,,ng/L,0.37,0.00,,0.00,0.25,0.00,0.00,0.45,0.00,0.00,,,,,,,,,0.00,0.00,3.70,0.21,0.00,0.00,,,,,,,0.00,0.00,,,0.00,0.00,,0.00,0.00,0.00,0.00,,,0.00,0.00,0.00,0.00,0.00,,,0.00,0.00,,,0.00
WQP_USA_2026,MNPCA-16-0629-00-204,Surface Water,48.148404,-90.874852,,6/25/2025,,Undisclosed,,,ng/L,0.00,0.00,,0.00,0.00,0.00,0.00,0.56,0.00,0.00,,,,,,,,,0.00,0.00,3.66,0.36,0.00,0.00,,,,,,,0.00,0.00,,,0.00,0.00,,0.00,0.00,0.00,0.00,,,0.00,0.00,0.00,0.00,0.00,,,0.00,0.00,,,0.00
WQP_USA_2026,MNPCA-16-0629-00-204,Surface Water,48.148404,-90.874852,,7/28/2025,,Undisclosed,,,ng/L,0.39,0.00,,0.00,0.35,0.00,0.40,0.86,0.00,0.00,,,,,0.00,,,,0.00,0.00,5.03,0.39,0.00,0.00,,,,,,,0.00,0.00,,,0.00,0.00,,0.00,0.00,0.00,0.00,,,0.00,0.00,0.00,0.00,0.00,0.00,,0.00,0.00,,,0.00
WQP_USA_2026,MNPCA-16-0629-00-204,Surface Water,48.148404,-90.874852,,8/20/2025,,Undisclosed,,,ng/L,0.32,0.00,,0.00,0.29,0.00,0.35,0.56,0.00,0.00,,,,,,,,,0.00,0.00,2.94,0.31,0.00,0.00,,,,,,,0.00,0.00,,,0.00,0.00,,0.00,0.00,0.00,0.00,,,0.00,0.00,0.00,0.00,0.00,,,0.00,0.00,,,0.00
WQP_USA_2026,MNPCA-16-0629-00-204,Surface Water,48.148404,-90.874852,,9/23/2025,,Undisclosed,,,ng/L,0.34,0.00,,0.00,0.37,0.00,0.28,0.60,0.00,0.00,,,,,,,,,0.00,0.00,4.67,0.23,0.00,0.00,,,,,,,0.00,0.00,,,0.00,0.00,,0.00,0.00,0.00,0.00,,,0.00,0.00,0.00,0.00,0.00,,,0.00,0.00,,,0.00
WQP_USA_2026,MNPCA-25-0001-00-232,Surface Water,44.487584,-92.290317,,7/16/2024,,Undisclosed,,,ng/L,1.97,1.34,,0.00,0.00,0.24,0.92,0.69,0.00,0.00,0.00,,,,0.00,,,,1.03,0.00,11.10,0.73,0.00,0.00,,,,,,,0.00,0.00,,,0.00,0.00,,0.00,0.00,0.00,0.00,,,0.00,0.00,0.00,0.00,0.00,0.00,,0.00,0.00,,,
WQP_USA_2026,MNPCA-25-0001-00-232,Surface Water,44.487584,-92.290317,,8/13/2024,,Undisclosed,,,ng/L,2.84,1.72,,0.00,0.00,0.52,1.35,0.62,0.00,0.00,0.00,,,,0.00,,,,1.51,0.00,13.10,1.20,0.00,0.00,,,,,,,0.00,0.00,,,0.00,0.00,,0.00,0.00,0.00,0.00,,,0.00,0.00,0.00,0.00,0.00,0.00,,0.00,0.00,,,
WQP_USA_2026,MNPCA-25-0001-00-232,Surface Water,44.487584,-92.290317,,9/10/2024,,Undisclosed,,,ng/L,3.22,2.16,,0.00,0.00,0.85,1.65,0.79,0.00,0.00,0.00,,,,0.00,,,,2.18,0.00,15.40,2.89,0.00,0.00,,,,,,,0.00,0.00,,,0.00,0.00,,0.00,0.00,0.00,0.00,,,0.00,0.00,0.00,0.00,0.00,0.00,,0.00,0.00,,,
WQP_USA_2026,MNPCA-25-0001-00-232,Surface Water,44.487584,-92.290317,,5/21/2025,,Undisclosed,,,ng/L,4.30,2.53,,0.00,0.24,0.86,1.91,0.92,0.00,0.00,,,,,,,,,2.40,0.21,17.70,1.88,0.00,0.00,,,,,,,0.00,0.00,,,0.00,0.00,,0.00,0.00,0.00,0.00,,,0.00,0.00,0.00,0.00,0.00,,,0.00,0.00,,,0.00
WQP_USA_2026,MNPCA-25-0001-00-232,Surface Water,44.487584,-92.290317,,6/5/2025,,Undisclosed,,,ng/L,2.77,1.79,,0.00,0.00,0.79,1.15,0.59,0.00,0.00,,,,,,,,,1.27,0.00,11.90,1.33,0.00,0.00,,,,,,,0.00,0.00,,,0.00,0.00,,0.00,0.00,0.00,0.00,,,0.00,0.00,0.00,0.00,0.00,,,0.00,0.00,,,0.00
WQP_USA_2026,MNPCA-25-0005-00-100,Surface Water,44.617,-92.6534,,9/19/2024,,Undisclosed,,,ng/L,9.25,3.04,,0.00,0.00,1.32,2.38,0.71,0.00,0.00,,,,,0.00,,,,3.95,0.00,87.60,3.06,0.00,0.00,,,,,,,0.00,0.00,,,0.00,0.00,,0.00,,0.00,0.00,,,0.00,0.00,0.00,0.00,0.00,0.00,,0.00,0.00,,,
WQP_USA_2026,MNPCA-25-0017-00-201,Surface Water,44.656978,-92.680639,,10/8/2024,,Undisclosed,,,ng/L,6.01,3.16,,0.00,0.55,1.59,2.93,1.20,0.23,0.00,0.00,,,,0.00,,,,3.70,0.36,25.10,1.89,0.61,0.00,,,,,,,0.00,0.00,,,0.00,0.00,,0.48,0.00,0.00,0.00,,,0.00,0.00,0.00,0.32,0.00,0.00,,0.00,0.00,,,
WQP_USA_2026,MNPCA-25-0019-00-100,Surface Water,44.6497,-92.7105,,9/17/2024,,Undisclosed,,,ng/L,4.08,1.85,,0.00,0.00,0.85,0.91,0.00,0.00,0.00,0.00,,,,0.00,,,,2.33,0.00,65.40,1.36,0.00,0.00,,,,,,,0.00,0.00,,,0.00,0.00,,0.00,0.00,0.00,0.00,,,0.00,0.00,0.00,0.00,0.00,0.00,,0.00,0.00,,,
WQP_USA_2026,MNPCA-29-0237-00-100,Surface Water,47.39378,-94.971638,,5/28/2024,,Undisclosed,,,ng/L,0.00,0.00,,0.00,0.00,0.00,0.00,0.36,0.00,0.00,0.00,,,,0.00,,,,0.00,0.00,3.86,0.00,0.00,0.00,,,,,,,0.00,0.00,,,0.00,0.00,,0.00,0.00,0.00,0.00,,,0.00,0.00,0.00,0.00,0.00,0.00,,0.00,0.00,,,
WQP_USA_2026,MNPCA-29-0237-00-100,Surface Water,47.39378,-94.971638,,6/6/2024,,Undisclosed,,,ng/L,0.00,0.00,,0.00,0.00,0.00,0.00,0.42,0.00,0.00,0.00,,,,0.00,,,,0.00,0.00,0.00,0.00,0.00,0.00,,,,,,,0.00,0.00,,,0.00,0.00,,0.00,0.00,0.00,0.00,,,0.00,0.00,0.00,0.00,0.00,0.00,,0.00,0.00,,,
WQP_USA_2026,MNPCA-29-0237-00-100,Surface Water,47.39378,-94.971638,,7/1/2024,,Undisclosed,,,ng/L,0.00,0.00,,0.00,0.00,0.00,0.00,0.37,0.00,0.00,0.00,,,,0.00,,,,0.00,0.00,1.82,0.00,0.00,0.00,,,,,,,0.00,0.00,,,0.00,0.00,,0.00,0.00,0.00,0.00,,,0.00,0.00,0.00,0.00,0.00,0.00,,0.00,0.00,,,
WQP_USA_2026,MNPCA-29-0237-00-100,Surface Water,47.39378,-94.971638,,8/19/2024,,Undisclosed,,,ng/L,0.00,0.00,,0.00,0.00,0.00,0.00,0.00,0.00,0.00,0.00,,,,0.00,,,,0.00,0.00,0.00,0.00,0.00,0.00,,,,,,,0.00,0.00,,,0.00,0.00,,0.00,0.00,0.00,0.00,,,0.00,0.00,0.00,0.00,0.00,0.00,,0.00,0.00,,,
WQP_USA_2026,MNPCA-29-0237-00-100,Surface Water,47.39378,-94.971638,,9/16/2024,,Undisclosed,,,ng/L,0.00,0.00,,0.00,0.00,0.00,0.00,0.42,0.00,0.00,0.00,,,,0.00,,,,0.00,0.00,0.00,0.00,0.00,0.00,,,,,,,0.00,0.00,,,0.00,0.00,,0.00,0.00,0.00,0.00,,,0.00,0.00,0.00,0.00,0.00,0.00,,0.00,0.00,,,
WQP_USA_2026,MNPCA-29-0309-00-101,Surface Water,47.335958,-95.170548,,5/28/2024,,Undisclosed,,,ng/L,0.00,0.00,,0.00,0.00,0.00,0.00,0.00,0.00,0.00,0.00,,,,0.00,,,,0.00,0.00,2.26,0.00,0.00,0.00,,,,,,,0.00,0.00,,,0.00,0.00,,0.00,0.00,0.00,0.00,,,0.00,0.00,0.00,0.00,0.00,0.00,,0.00,0.00,,,
WQP_USA_2026,MNPCA-29-0309-00-101,Surface Water,47.335958,-95.170548,,6/6/2024,,Undisclosed,,,ng/L,0.00,0.00,,0.00,0.00,0.00,0.00,0.00,0.00,0.00,,,,,0.00,,,,0.00,0.00,0.00,0.00,0.00,0.00,,,,,,,0.00,0.00,,,0.00,0.00,,0.00,,0.00,0.00,,,0.00,0.00,0.00,0.00,0.00,0.00,,0.00,0.00,,,
WQP_USA_2026,MNPCA-29-0309-00-101,Surface Water,47.335958,-95.170548,,7/1/2024,,Undisclosed,,,ng/L,0.00,0.00,,0.00,0.00,0.00,0.00,0.00,0.00,0.00,0.00,,,,0.00,,,,0.00,0.00,0.78,0.00,0.00,0.00,,,,,,,0.00,0.00,,,0.00,0.00,,0.00,0.00,0.00,0.00,,,0.00,0.00,0.00,0.00,0.00,0.00,,0.00,0.00,,,
WQP_USA_2026,MNPCA-29-0309-00-101,Surface Water,47.335958,-95.170548,,8/20/2024,,Undisclosed,,,ng/L,0.00,0.00,,0.00,0.00,0.00,0.00,0.00,0.00,0.00,0.00,,,,0.00,,,,0.00,0.00,0.00,0.00,0.00,0.00,,,,,,,0.00,0.00,,,0.00,0.00,,0.00,0.00,0.00,0.00,,,0.00,0.00,0.00,0.00,0.00,0.00,,0.00,0.00,,,
WQP_USA_2026,MNPCA-29-0309-00-101,Surface Water,47.335958,-95.170548,,9/17/2024,,Undisclosed,,,ng/L,0.00,0.00,,0.00,0.00,0.00,0.00,0.00,0.00,0.00,0.00,,,,0.00,,,,0.00,0.00,0.00,0.00,0.00,0.00,,,,,,,0.00,0.00,,,0.00,0.00,,0.00,0.00,0.00,0.00,,,0.00,0.00,0.00,0.00,0.00,0.00,,0.00,0.00,,,
WQP_USA_2026,MNPCA-31-0532-01-205,Surface Water,47.19922,-93.612317,,5/29/2024,,Undisclosed,,,ng/L,0.41,0.00,,0.00,0.00,0.00,0.50,0.57,0.00,0.00,0.00,,,,0.00,,,,0.30,0.00,4.29,0.31,0.00,0.00,,,,,,,0.00,0.00,,,0.00,0.00,,0.00,0.00,0.00,0.00,,,0.00,0.00,0.00,0.00,0.00,0.00,,0.00,0.00,,,
WQP_USA_2026,MNPCA-31-0532-01-205,Surface Water,47.19922,-93.612317,,6/20/2024,,Undisclosed,,,ng/L,0.39,0.00,,0.00,0.00,0.00,0.37,0.50,0.00,0.00,0.00,,,,0.00,,,,0.00,0.00,3.02,0.28,0.00,0.00,,,,,,,0.00,0.00,,,0.00,0.00,,0.00,0.00,0.00,0.00,,,0.00,0.00,0.00,0.00,0.00,0.00,,0.00,0.00,,,
WQP_USA_2026,MNPCA-31-0532-01-205,Surface Water,47.19922,-93.612317,,7/2/2024,,Undisclosed,,,ng/L,0.40,0.00,,0.00,0.00,0.00,0.42,0.56,0.00,0.00,0.00,,,,0.00,,,,0.40,0.00,3.20,0.28,0.00,0.00,,,,,,,0.00,0.00,,,0.00,0.00,,0.00,0.00,0.00,0.00,,,0.00,0.00,0.00,0.00,0.00,0.00,,0.00,0.00,,,
WQP_USA_2026,MNPCA-31-0532-01-205,Surface Water,47.19922,-93.612317,,8/20/2024,,Undisclosed,,,ng/L,0.30,0.00,,0.00,0.00,0.00,0.00,0.26,0.00,0.00,0.00,,,,0.00,,,,0.00,0.00,2.49,0.00,0.00,0.00,,,,,,,0.00,0.00,,,0.00,0.00,,0.00,0.00,0.00,0.00,,,0.00,0.00,0.00,0.00,0.00,0.00,,0.00,0.00,,,
WQP_USA_2026,MNPCA-31-0532-01-205,Surface Water,47.19922,-93.612317,,9/18/2024,,Undisclosed,,,ng/L,0.64,0.00,,0.00,0.51,0.22,0.74,0.71,0.00,0.00,0.00,,,,0.00,,,,1.08,0.00,4.07,0.44,0.00,0.00,,,,,,,0.00,0.00,,,0.00,0.00,,0.00,0.00,0.00,0.00,,,0.00,0.00,0.00,0.19,0.00,0.00,,0.00,0.00,,,
WQP_USA_2026,MNPCA-31-0532-02-208,Surface Water,47.165225,-93.537845,,5/29/2024,,Undisclosed,,,ng/L,0.46,0.00,,0.00,0.00,0.00,0.37,0.58,0.00,0.00,0.00,,,,0.00,,,,0.33,0.00,5.21,0.28,0.00,0.00,,,,,,,0.00,0.00,,,0.00,0.00,,0.00,0.00,0.00,0.00,,,0.00,0.00,0.00,0.00,0.00,0.00,,0.00,0.00,,,
WQP_USA_2026,MNPCA-31-0532-02-208,Surface Water,47.165225,-93.537845,,6/20/2024,,Undisclosed,,,ng/L,0.46,0.00,,0.00,0.00,0.00,0.47,0.42,0.00,0.00,0.00,,,,0.00,,,,0.00,0.00,3.01,0.29,0.00,0.00,,,,,,,0.00,0.00,,,0.00,0.00,,0.00,0.00,0.00,0.00,,,0.00,0.00,0.00,0.00,0.00,0.00,,0.00,0.00,,,
WQP_USA_2026,MNPCA-31-0532-02-208,Surface Water,47.165225,-93.537845,,7/2/2024,,Undisclosed,,,ng/L,0.53,0.00,,0.00,0.00,0.00,0.46,0.49,0.00,0.00,0.00,,,,0.00,,,,0.00,0.00,2.99,0.30,0.00,0.00,,,,,,,0.00,0.00,,,0.00,0.00,,0.00,0.00,0.00,0.00,,,0.00,0.00,0.00,0.00,0.00,0.00,,0.00,0.00,,,
WQP_USA_2026,MNPCA-31-0532-02-208,Surface Water,47.165225,-93.537845,,8/20/2024,,Undisclosed,,,ng/L,0.45,0.00,,0.00,0.00,0.00,0.00,0.00,0.00,0.00,,,,,0.00,,,,0.00,0.00,2.04,0.00,0.00,0.00,,,,,,,0.00,0.00,,,0.00,0.00,,0.00,,0.00,0.00,,,0.00,0.00,0.00,0.00,0.00,0.00,,0.00,0.00,,,
WQP_USA_2026,MNPCA-31-0532-02-208,Surface Water,47.165225,-93.537845,,9/18/2024,,Undisclosed,,,ng/L,0.62,0.00,,0.00,0.46,0.21,0.60,0.71,0.00,0.00,0.00,,,,0.00,,,,0.96,0.00,3.95,0.46,0.00,0.00,,,,,,,0.00,0.00,,,0.00,0.00,,0.00,0.00,0.00,0.00,,,0.00,0.00,0.00,0.00,0.00,0.00,,0.00,0.00,,,
WQP_USA_2026,MNPCA-38-0396-00-203,Surface Water,47.8068,-91.2976,,7/1/2025,,Undisclosed,,,ng/L,0.36,0.00,,0.00,0.32,0.00,0.48,0.53,0.00,0.00,,,,,0.00,,,,0.00,0.00,3.89,0.45,0.00,0.00,,,,,,,0.00,0.00,,,0.00,0.00,,0.00,0.00,0.00,0.00,,,0.00,0.00,0.00,0.00,0.00,0.00,,0.00,0.00,,,0.00
WQP_USA_2026,MNPCA-38-0396-00-203,Surface Water,47.8068,-91.2976,,7/16/2025,,Undisclosed,,,ng/L,0.92,0.00,,0.00,0.00,0.00,0.00,0.70,0.00,0.00,,,,,0.00,,,,0.00,0.00,2.53,0.33,0.00,0.00,,,,,,,0.00,0.00,,,0.00,0.00,,0.00,0.00,0.00,0.00,,,0.00,0.00,0.00,0.00,0.00,0.00,,0.00,0.00,,,0.00
WQP_USA_2026,MNPCA-38-0396-00-203,Surface Water,47.8068,-91.2976,,8/18/2025,,Undisclosed,,,ng/L,0.23,0.00,,0.00,0.00,0.00,0.00,0.56,0.00,0.00,,,,,0.00,,,,0.00,0.00,5.50,0.31,0.00,0.00,,,,,,,0.00,0.00,,,0.00,0.00,,0.00,0.00,0.00,0.00,,,0.00,0.00,0.00,0.00,0.00,0.00,,0.00,0.00,,,0.00
WQP_USA_2026,MNPCA-38-0529-00-101,Surface Water,47.995643,-91.415319,,8/26/2025,,Undisclosed,,,ng/L,0.47,0.00,,0.00,0.32,0.00,0.36,0.53,0.00,0.00,,,,,0.00,,,,0.00,0.00,3.07,0.33,0.00,0.00,,,,,,,0.00,0.00,,,0.00,0.00,,0.00,0.00,0.00,0.00,,,0.00,0.00,0.00,0.00,0.00,0.00,,0.00,0.00,,,0.00
WQP_USA_2026,MNPCA-38-0529-00-103,Surface Water,47.978869,-91.410263,,7/22/2025,,Undisclosed,,,ng/L,0.58,0.00,,0.00,0.26,0.00,0.52,0.70,0.00,0.00,,,,,,,,,0.00,0.00,3.64,0.30,0.00,0.00,,,,,,,0.00,0.00,,,0.00,0.00,,0.00,0.00,0.00,0.00,,,0.00,0.00,0.00,0.00,0.00,,,0.00,0.00,,,0.00
WQP_USA_2026,MNPCA-38-0529-00-103,Surface Water,47.978869,-91.410263,,8/26/2025,,Undisclosed,,,ng/L,0.53,0.00,,0.00,0.32,0.00,0.33,0.60,0.00,0.00,,,,,0.00,,,,0.00,0.00,2.88,0.33,0.00,0.00,,,,,,,0.00,0.00,,,0.00,0.00,,0.00,0.00,0.00,0.00,,,0.00,0.00,0.00,0.00,0.00,0.00,,0.00,0.00,,,0.00
WQP_USA_2026,MNPCA-38-0529-00-103,Surface Water,47.978869,-91.410263,,9/30/2025,,Undisclosed,,,ng/L,0.58,0.00,,0.00,0.31,0.00,0.37,0.63,0.00,0.00,,,,,,,,,0.00,0.00,4.73,0.29,0.00,0.00,,,,,,,0.00,0.00,,,0.00,0.00,,0.00,0.00,0.00,0.00,,,0.00,0.00,0.00,0.00,0.00,,,0.00,0.00,,,0.00
WQP_USA_2026,MNPCA-69-0004-00-501,Surface Water,47.891572,-91.778218,,5/28/2025,,Undisclosed,,,ng/L,0.38,0.00,,0.00,0.00,0.00,0.36,0.84,0.00,0.00,,,,,0.00,,,,0.00,0.00,4.87,0.54,0.00,0.00,,,,,,,0.00,0.00,,,0.00,0.00,,0.00,0.00,0.00,0.00,,,0.00,0.00,0.00,0.00,0.00,0.00,,0.00,0.00,,,0.00
WQP_USA_2026,MNPCA-69-0004-00-501,Surface Water,47.891572,-91.778218,,7/2/2025,,Undisclosed,,,ng/L,0.53,0.00,,0.00,0.43,0.00,0.55,0.82,0.00,0.00,,,,,0.00,,,,0.00,0.00,5.84,0.53,0.00,0.00,,,,,,,0.00,0.00,,,0.00,0.00,,0.00,0.00,0.00,0.00,,,0.00,0.00,0.00,0.00,0.00,0.00,,0.00,0.00,,,0.00
WQP_USA_2026,MNPCA-69-0004-00-501,Surface Water,47.891572,-91.778218,,7/17/2025,,Undisclosed,,,ng/L,0.54,0.00,,0.00,0.00,0.00,0.38,0.73,0.00,0.00,,,,,,,,,0.00,0.00,8.67,0.42,0.00,0.00,,,,,,,0.00,0.00,,,0.00,0.00,,0.00,0.00,0.00,0.00,,,0.00,0.00,0.00,0.00,0.00,,,0.00,0.00,,,0.00
WQP_USA_2026,MNPCA-69-0004-00-501,Surface Water,47.891572,-91.778218,,8/20/2025,,Undisclosed,,,ng/L,0.49,0.00,,0.00,0.28,0.00,0.00,0.53,0.00,0.00,,,,,,,,,0.00,0.00,5.42,0.50,0.00,0.00,,,,,,,0.00,0.00,,,0.00,0.00,,0.00,0.00,0.00,0.00,,,0.00,0.00,0.00,0.00,0.00,,,0.00,0.00,,,0.00
WQP_USA_2026,MNPCA-69-0004-00-501,Surface Water,47.891572,-91.778218,,9/30/2025,,Undisclosed,,,ng/L,0.45,0.00,,0.00,0.41,0.00,0.35,0.74,0.00,0.00,,,,,,,,,0.00,0.00,8.44,0.40,0.00,0.00,,,,,,,0.00,0.00,,,0.00,0.00,,0.00,0.00,0.00,0.00,,,0.00,0.00,0.00,0.00,0.00,,,0.00,0.00,,,0.00
WQP_USA_2026,MNPCA-69-0004-00-501,Surface Water,47.891572,-91.778218,,10/22/2025,,Undisclosed,,,ng/L,0.53,0.00,,0.00,0.36,0.00,0.22,0.74,0.00,0.00,,,,,0.00,,,,0.00,0.00,6.19,0.33,0.00,0.00,,,,,,,0.00,0.00,,,0.00,0.00,,0.00,0.00,0.00,0.00,,,0.00,0.00,0.00,0.00,0.00,0.00,,0.00,0.00,,,0.00
WQP_USA_2026,MNPCA-69-0085-00-101,Surface Water,47.99386,-91.906337,,7/21/2025,,Undisclosed,,,ng/L,0.52,0.00,,0.00,0.26,0.00,0.27,0.33,0.00,0.00,,,,,,,,,0.00,0.00,4.80,0.33,0.00,0.00,,,,,,,0.00,0.00,,,0.00,0.00,,0.00,0.00,0.00,0.00,,,0.00,0.00,0.00,0.00,0.00,,,0.00,0.00,,,0.00
WQP_USA_2026,MNPCA-69-0085-00-101,Surface Water,47.99386,-91.906337,,8/25/2025,,Undisclosed,,,ng/L,0.24,0.00,,0.00,0.29,0.00,0.34,0.37,0.00,0.00,,,,,0.00,,,,0.00,0.00,4.16,0.32,0.00,0.00,,,,,,,0.00,0.00,,,0.00,0.00,,0.00,0.00,0.00,0.00,,,0.00,0.00,0.00,0.00,0.00,0.00,,0.00,0.00,,,0.00
WQP_USA_2026,MNPCA-69-0085-00-101,Surface Water,47.99386,-91.906337,,9/30/2025,,Undisclosed,,,ng/L,0.29,0.00,,0.00,0.27,0.00,0.00,0.51,0.00,0.00,,,,,0.00,,,,0.00,0.00,6.22,0.18,0.00,0.00,,,,,,,0.00,0.00,,,0.00,0.00,,0.00,0.00,0.00,0.00,,,0.00,0.00,0.00,0.00,0.00,0.00,,0.00,0.00,,,0.00
WQP_USA_2026,MNPCA-69-0118-00-101,Surface Water,47.928252,-92.00023,,8/26/2025,,Undisclosed,,,ng/L,0.36,0.00,,0.00,0.36,0.00,0.00,0.49,0.00,0.00,,,,,,,,,0.00,0.00,3.10,0.33,0.00,0.00,,,,,,,0.00,0.00,,,0.00,0.00,,0.00,0.00,0.00,0.00,,,0.00,0.00,0.00,0.00,0.00,,,0.00,0.00,,,0.00
WQP_USA_2026,MNPCA-69-0118-00-103,Surface Water,47.967067,-91.980808,,8/26/2025,,Undisclosed,,,ng/L,0.40,0.00,,0.00,0.34,0.00,0.29,0.50,0.00,0.00,,,,,0.00,,,,0.00,0.00,3.16,0.32,0.00,0.00,,,,,,,0.00,0.00,,,0.00,0.00,,0.00,0.00,0.00,0.00,,,0.00,0.00,0.00,0.00,0.00,0.00,,0.00,0.00,,,0.00
WQP_USA_2026,MNPCA-69-0190-00-201,Surface Water,48.080892,-91.999834,,7/21/2025,,Undisclosed,,,ng/L,0.55,0.00,,0.00,0.34,0.00,0.36,0.81,0.00,0.00,,,,,,,,,0.00,0.00,9.47,0.32,0.00,0.00,,,,,,,0.00,0.00,,,0.00,0.00,,0.00,0.00,0.00,0.00,,,0.00,0.00,0.00,0.00,0.00,,,0.00,0.00,,,0.00
WQP_USA_2026,MNPCA-69-0190-00-201,Surface Water,48.080892,-91.999834,,8/25/2025,,Undisclosed,,,ng/L,0.48,0.00,,0.00,0.42,0.00,0.54,0.81,0.00,0.00,,,,,0.00,,,,0.00,0.00,7.46,0.38,0.00,0.00,,,,,,,0.00,0.00,,,0.00,0.00,,0.00,0.00,0.00,0.00,,,0.00,0.00,0.00,0.00,0.00,0.00,,0.00,0.00,,,0.00
WQP_USA_2026,MNPCA-69-1293-01-202,Surface Water,47.909492,-91.859668,,7/2/2025,,Undisclosed,,,ng/L,5.11,7.32,,0.00,0.66,2.28,5.01,2.92,0.00,0.00,,,,,,,,,8.25,0.00,5.73,1.58,0.00,0.00,,,,,,,0.00,0.00,,,0.00,0.00,,0.00,0.00,0.00,0.00,,,0.00,0.00,0.00,0.00,0.00,,,0.00,0.00,,,0.00
WQP_USA_2026,MNPCA-69-1293-01-202,Surface Water,47.909492,-91.859668,,7/17/2025,,Undisclosed,,,ng/L,5.22,6.91,,0.00,0.87,2.11,3.59,3.05,0.14,0.00,,,,,,,,,7.78,0.00,4.59,1.43,0.00,0.00,,,,,,,0.00,0.00,,,0.00,0.00,1.00,0.63,1.17,0.00,0.00,,,0.00,0.00,0.00,0.00,0.00,,,0.00,0.00,,,0.00
WQP_USA_2026,MNPCA-69-1293-01-202,Surface Water,47.909492,-91.859668,,8/19/2025,,Undisclosed,,,ng/L,3.68,6.52,,0.00,0.41,1.66,3.12,2.21,0.00,0.00,,,,,,,,,6.38,0.24,4.51,1.27,0.00,0.00,,,,,,,0.00,0.00,,,0.00,0.00,,0.00,0.00,0.00,0.00,,,0.00,0.00,0.00,0.00,0.00,,,0.00,0.00,,,0.00
WQP_USA_2026,MNPCA-69-1293-01-202,Surface Water,47.909492,-91.859668,,9/30/2025,,Undisclosed,,,ng/L,5.24,8.32,,0.00,0.66,2.46,4.17,3.16,0.19,0.00,,,,,0.00,,,,8.84,0.00,6.36,1.64,0.00,0.00,,,,,,,0.00,0.00,,,0.00,0.00,,0.00,0.00,0.00,0.00,,,0.00,0.00,0.00,0.00,0.00,0.00,,0.00,0.00,,,0.00
WQP_USA_2026,MNPCA-PD00027,Surface Water,46.65794,-92.23873,,9/26/2022,,Undisclosed,,,ng/L,79.80,"2,080.00",,,3.18,499.00,153.00,30.30,24.20,,,218.00,,,,,,,103.00,52.10,45.90,46.20,,,,,,,,,,,,,,,,,,,,,,,,,204.00,,,,,,,,
WQP_USA_2026,MNPCA-PD00028,Surface Water,46.658433,-92.240102,,9/26/2022,,Undisclosed,,,ng/L,73.30,"1,960.00",,,3.54,470.00,152.00,32.30,22.00,,,196.00,6.91,,,,,,87.50,49.80,45.50,44.10,,,,,,,,,,,,,,,,,,,,,,,,,225.00,,,,,,,,
WQP_USA_2026,MNPCA-PD00029,Surface Water,46.658481,-92.240161,,9/26/2022,,Undisclosed,,,ng/L,75.30,"1,680.00",,,2.05,462.00,154.00,29.40,19.60,,,193.00,,,,,,,96.90,53.20,46.30,46.30,,,,,,,,,,,,,,,,,,,,,,,,,199.00,,,,,,,,
WQP_USA_2026,MNPCA-PD00030,Surface Water,46.65738,-92.24003,,9/26/2022,,Undisclosed,,,ng/L,409.00,"7,380.00",,4.33,20.40,"2,070.00",838.00,96.30,85.80,,,869.00,46.90,,,,,,370.00,242.00,149.00,166.00,,,,,,,,,,,,,,,,11.20,,,,,,,,,267.00,,,,,,,,
WQP_USA_2026,MNPCA-PD00031,Surface Water,46.656595,-92.238608,,9/28/2022,,Undisclosed,,,ng/L,177.00,"5,600.00",,,11.60,"2,430.00",360.00,87.60,90.50,,,113.00,,,,,,,353.00,230.00,119.00,196.00,,,,,,,,,,,,,,,,,,5.79,,,,4.68,,,78.60,,,,,,,,
WQP_USA_2026,MNPCA-PD00048,Surface Water,44.844547,-93.231477,,4/30/2024,,Undisclosed,,,ng/L,3.01,4.44,,1.23,1.53,7.39,3.22,2.20,0.00,0.48,0.00,,,,0.00,,,,3.60,0.50,10.80,0.69,0.26,0.25,,,,,,,0.00,1.01,,,0.00,0.00,,0.00,0.00,0.00,0.00,,,0.00,0.54,0.69,0.00,0.00,0.00,,0.00,0.00,,,
WQP_USA_2026,MNPCA-PD00048,Surface Water,44.844547,-93.231477,,9/4/2024,,Undisclosed,,,ng/L,6.34,8.48,,2.14,2.93,10.50,7.25,5.92,0.00,1.44,0.00,,,,0.00,,,,8.77,0.45,27.60,0.74,3.38,4.19,,,,,,,0.00,1.30,,,0.00,0.00,,0.00,0.00,0.00,0.26,,,0.00,1.09,0.98,0.00,0.00,0.00,,0.00,0.00,,,
WQP_USA_2026,MNPCA-PD00048,Surface Water,44.844547,-93.231477,,10/16/2024,,Undisclosed,,,ng/L,5.14,4.16,,2.77,3.65,7.67,5.07,4.28,0.25,1.02,0.00,,,,0.00,,,,5.62,0.58,14.90,1.01,1.23,1.26,,,,,,,0.00,2.07,,,0.00,0.00,,0.00,0.00,0.00,0.65,,,0.00,1.32,1.47,0.00,0.00,0.00,,0.00,0.00,,,
WQP_USA_2026,MNPCA-S000-067,Surface Water,43.80923,-91.25816,,5/13/2024,,Undisclosed,,,ng/L,1.64,0.92,,0.00,0.00,0.29,0.68,0.42,0.00,0.00,,,,,,,,,0.71,0.00,6.66,1.11,0.00,0.00,,,,,,,0.00,0.00,,,0.00,0.00,,0.00,,0.00,0.00,,,0.00,0.00,0.00,0.00,0.00,0.00,,0.00,0.00,,,
WQP_USA_2026,MNPCA-S000-067,Surface Water,43.80923,-91.25816,,7/16/2024,,Undisclosed,,,ng/L,1.66,1.20,,0.00,0.00,0.25,0.98,0.66,0.00,0.00,,,,,0.00,,,,0.84,0.00,10.20,0.73,0.00,0.00,,,,,,,0.00,0.00,,,0.00,0.00,,0.00,,0.00,0.00,,,0.00,0.00,0.00,0.00,0.00,0.00,,0.00,0.00,,,
WQP_USA_2026,MNPCA-S000-067,Surface Water,43.80923,-91.25816,,8/13/2024,,Undisclosed,,,ng/L,2.31,1.19,,0.00,0.00,0.47,1.20,0.57,0.00,0.00,0.00,,,,0.00,,,,1.20,0.00,10.30,1.10,0.00,0.00,,,,,,,0.00,0.00,,,0.00,0.00,,0.00,0.00,0.00,0.00,,,0.00,0.00,0.00,0.00,0.00,0.00,,0.00,0.00,,,
WQP_USA_2026,MNPCA-S000-067,Surface Water,43.80923,-91.25816,,9/10/2024,,Undisclosed,,,ng/L,2.71,1.61,,0.00,0.00,0.41,1.17,0.45,0.00,0.00,0.00,,,,0.00,,,,1.16,0.00,12.60,3.31,0.00,0.00,,,,,,,0.00,0.00,,,0.00,0.00,,0.00,0.00,0.00,0.00,,,0.00,0.00,0.00,0.00,0.00,0.00,,0.00,0.00,,,
WQP_USA_2026,MNPCA-S000-067,Surface Water,43.80923,-91.25816,,6/26/2025,,Undisclosed,,,ng/L,2.47,1.45,,0.00,0.00,0.59,1.27,0.50,0.00,0.00,,,,,,,,,0.00,0.00,10.50,1.30,0.00,0.00,,,,,,,0.00,0.00,,,0.00,0.00,,0.00,0.00,0.00,0.00,,,0.00,0.00,0.00,0.00,0.00,,,0.00,0.00,,,0.00
WQP_USA_2026,MNPCA-S000-107,Surface Water,47.928611,-91.760556,,5/19/2025,,Undisclosed,,,ng/L,0.53,0.43,,0.00,0.00,0.00,0.43,0.70,0.00,0.00,,,,,,,,,0.00,0.00,4.65,0.45,0.00,0.00,,,,,,,0.00,0.00,,,0.00,0.00,,0.00,0.00,0.00,0.00,,,0.00,0.00,0.00,0.00,0.00,,,0.00,0.00,,,0.00
WQP_USA_2026,MNPCA-S000-107,Surface Water,47.928611,-91.760556,,6/24/2025,,Undisclosed,,,ng/L,0.00,,,,,,,0.00,0.00,,,,,,,,,,,0.00,4.31,0.00,,,,,,,,,,,,,,,,,,,,,,0.00,,,0.00,,,,,,,,
WQP_USA_2026,MNPCA-S000-107,Surface Water,47.928611,-91.760556,,7/9/2025,,Undisclosed,,,ng/L,0.93,1.01,,0.00,0.00,0.00,0.00,0.52,0.00,0.00,,,,,,,,,0.00,0.00,4.04,0.33,0.00,0.00,,,,,,,0.00,0.00,,,0.00,0.00,,0.00,0.00,0.00,0.00,,,0.00,0.00,0.00,0.00,0.00,,,0.00,0.00,,,0.00
WQP_USA_2026,MNPCA-S000-107,Surface Water,47.928611,-91.760556,,8/4/2025,,Undisclosed,,,ng/L,0.42,0.00,,0.00,0.37,0.00,0.32,0.71,0.00,0.00,,,,,0.00,,,,0.00,0.00,3.99,0.43,0.00,0.00,,,,,,,0.00,0.00,,,0.00,0.00,,0.00,0.00,0.00,0.00,,,0.00,0.00,0.00,0.00,0.00,0.00,,0.00,0.00,,,0.00
WQP_USA_2026,MNPCA-S000-107,Surface Water,47.928611,-91.760556,,9/17/2025,,Undisclosed,,,ng/L,0.39,0.00,,0.00,0.44,0.00,0.39,0.79,0.00,0.00,,,,,0.00,,,,0.00,0.00,6.95,0.42,0.00,0.00,,,,,,,0.00,0.00,,,0.00,0.00,,0.00,0.00,0.00,0.00,,,0.00,0.00,0.00,0.00,0.00,0.00,,0.00,0.00,,,0.00
WQP_USA_2026,MNPCA-S000-151,Surface Water,46.074417,-94.334806,,7/15/2024,,Undisclosed,,,ng/L,0.68,0.00,,0.00,0.00,0.00,0.57,0.78,0.00,0.00,0.00,,,,0.00,,,,0.42,0.00,7.65,0.49,0.00,0.00,,,,,,,0.00,0.00,,,0.00,0.00,,0.00,0.00,0.00,0.00,,,0.00,0.00,0.00,0.00,0.00,0.00,,0.00,0.00,,,
WQP_USA_2026,MNPCA-S000-151,Surface Water,46.074417,-94.334806,,8/14/2024,,Undisclosed,,,ng/L,0.20,0.00,,0.00,0.00,0.00,0.48,0.46,0.00,0.00,0.00,,,,0.00,,,,0.00,0.00,5.77,0.25,0.00,0.00,,,,,,,0.00,0.00,,,0.00,0.00,,0.00,0.00,0.00,0.00,,,0.00,0.00,0.00,0.00,0.00,0.00,,0.00,0.00,,,
WQP_USA_2026,MNPCA-S000-151,Surface Water,46.074417,-94.334806,,9/9/2024,,Undisclosed,,,ng/L,0.26,0.00,,0.00,0.00,0.00,0.00,0.37,0.00,0.00,0.00,,,,0.00,,,,0.00,0.00,5.56,0.00,0.00,0.00,,,,,,,0.00,0.00,,,0.00,0.00,,0.00,0.00,0.00,0.00,,,0.00,0.00,0.00,0.00,0.00,0.00,,0.00,0.00,,,
WQP_USA_2026,MNPCA-S000-151,Surface Water,46.074417,-94.334806,,5/14/2025,,Undisclosed,,,ng/L,0.84,0.00,,0.00,0.00,0.00,0.50,0.78,0.00,0.00,,,,,0.00,,,,0.00,0.00,5.49,0.52,0.00,0.00,,,,,,,0.00,0.00,,,0.00,0.00,,0.00,0.00,0.00,0.00,,,0.00,0.00,0.00,0.00,0.00,0.00,,0.00,0.00,,,0.00
WQP_USA_2026,MNPCA-S000-151,Surface Water,46.074417,-94.334806,,7/21/2025,,Undisclosed,,,ng/L,0.52,0.00,,0.00,0.00,0.00,0.59,0.81,0.00,0.00,,,,,0.00,,,,0.00,0.00,10.20,0.49,0.00,0.00,,,,,,,0.00,0.00,,,0.00,0.00,,0.00,0.00,0.00,0.00,,,0.00,0.00,0.00,0.00,0.00,0.00,,0.00,0.00,,,0.00
WQP_USA_2026,MNPCA-S000-152,Surface Water,46.54425,-93.955889,,5/13/2024,,Undisclosed,,,ng/L,0.37,0.00,,0.00,0.00,0.00,0.35,0.56,0.00,0.00,0.00,,,,0.00,,,,0.00,0.00,4.12,0.43,0.00,0.00,,,,,,,0.00,0.00,,,0.00,0.00,,0.00,0.00,0.00,0.00,,,0.00,0.00,0.00,0.00,0.00,0.00,,0.00,0.00,,,
WQP_USA_2026,MNPCA-S000-152,Surface Water,46.54425,-93.955889,,7/15/2024,,Undisclosed,,,ng/L,0.70,0.00,,0.00,0.32,0.00,0.59,1.08,0.00,0.00,0.00,,,,0.00,,,,0.72,0.00,8.28,0.47,0.00,0.00,,,,,,,0.00,0.00,,,0.00,0.00,,0.00,0.00,0.00,0.00,,,0.00,0.00,0.00,0.00,0.00,0.00,,0.00,0.00,,,
WQP_USA_2026,MNPCA-S000-152,Surface Water,46.54425,-93.955889,,8/14/2024,,Undisclosed,,,ng/L,0.27,0.00,,0.00,0.00,0.00,0.50,0.64,0.00,0.00,0.00,,,,0.00,,,,0.00,0.00,6.76,0.21,0.00,0.00,,,,,,,0.00,0.00,,,0.00,0.00,,0.00,0.00,0.00,0.00,,,0.00,0.00,0.00,0.00,0.00,0.00,,0.00,0.00,,,
WQP_USA_2026,MNPCA-S000-152,Surface Water,46.54425,-93.955889,,9/9/2024,,Undisclosed,,,ng/L,0.34,0.00,,0.00,0.00,0.00,0.44,0.73,0.00,0.00,0.00,,,,0.00,,,,0.00,0.00,6.84,0.00,0.00,0.00,,,,,,,0.00,0.00,,,0.00,0.00,,0.00,0.00,0.00,0.00,,,0.00,0.00,0.00,0.00,0.00,0.00,,0.00,0.00,,,
WQP_USA_2026,MNPCA-S000-152,Surface Water,46.54425,-93.955889,,7/21/2025,,Undisclosed,,,ng/L,0.72,0.00,,0.00,0.26,0.00,0.53,0.87,0.00,0.00,,,,,0.00,,,,0.00,0.00,12.30,0.58,0.00,0.00,,,,,,,0.00,0.00,,,0.00,0.00,,0.00,0.00,0.00,0.00,,,0.00,0.00,0.00,0.00,0.00,0.00,,0.00,0.00,,,0.00
WQP_USA_2026,MNPCA-S000-155,Surface Water,47.453,-94.711,,5/14/2024,,Undisclosed,,,ng/L,0.34,0.00,,0.00,0.00,0.29,0.50,0.42,0.00,0.00,0.00,,,,0.00,,,,0.39,0.00,4.02,0.40,0.00,0.00,,,,,,,0.00,0.00,,,0.00,0.00,,0.00,0.00,0.00,0.00,,,0.00,0.00,0.00,0.00,0.00,0.00,,0.00,0.00,,,
WQP_USA_2026,MNPCA-S000-155,Surface Water,47.453,-94.711,,7/16/2024,,Undisclosed,,,ng/L,0.40,0.00,,0.00,0.00,0.00,0.00,0.40,0.00,0.00,0.00,,,,0.00,,,,0.00,0.00,2.41,0.34,0.00,0.00,,,,,,,0.00,0.00,,,0.00,0.00,,0.00,0.00,0.00,0.00,,,0.00,0.00,0.00,0.00,0.00,0.00,,0.00,0.00,,,
WQP_USA_2026,MNPCA-S000-155,Surface Water,47.453,-94.711,,8/15/2024,,Undisclosed,,,ng/L,0.00,0.00,,0.00,0.00,0.11,0.00,0.21,0.00,0.00,0.00,,,,0.00,,,,0.00,0.00,2.46,0.00,0.00,0.00,,,,,,,0.00,0.00,,,0.00,0.00,,0.00,0.00,0.00,0.00,,,0.00,0.00,0.00,0.00,0.00,0.00,,0.00,0.00,,,
WQP_USA_2026,MNPCA-S000-155,Surface Water,47.453,-94.711,,9/10/2024,,Undisclosed,,,ng/L,0.00,0.00,,0.00,0.00,0.00,0.00,0.00,0.00,0.00,0.00,,,,0.00,,,,0.00,0.00,3.01,0.00,0.00,0.00,,,,,,,0.00,0.00,,,0.00,0.00,,0.00,0.00,0.00,0.00,,,0.00,0.00,0.00,0.00,0.00,0.00,,0.00,0.00,,,
WQP_USA_2026,MNPCA-S000-155,Surface Water,47.453,-94.711,,7/22/2025,,Undisclosed,,,ng/L,0.41,0.00,,0.00,0.00,0.00,0.48,0.36,0.00,0.00,,,,,0.00,,,,0.82,0.00,5.30,0.44,0.00,0.00,,,,,,,0.00,0.00,,,0.00,0.00,,0.00,0.00,0.00,0.00,,,0.00,0.00,0.00,0.00,0.00,0.00,,0.00,0.00,,,0.00
WQP_USA_2026,MNPCA-S000-250,Surface Water,47.337528,-91.200111,,5/22/2024,,Undisclosed,,,ng/L,0.00,0.00,,0.00,0.00,0.00,0.00,0.44,0.00,0.00,0.00,,,,0.00,,,,0.00,0.00,2.86,0.26,0.00,0.00,,,,,,,0.00,0.00,,,0.00,0.00,,0.00,0.00,0.00,0.00,,,0.00,0.00,0.00,0.00,0.00,0.00,,0.00,0.00,,,
WQP_USA_2026,MNPCA-S000-250,Surface Water,47.337528,-91.200111,,6/25/2024,,Undisclosed,,,ng/L,0.37,0.00,,0.00,0.00,0.00,0.00,0.62,0.00,0.00,0.00,,,,0.00,,,,0.00,0.00,4.62,0.00,0.00,0.00,,,,,,,0.00,0.00,,,0.00,0.00,,0.00,0.00,0.00,0.00,,,0.00,0.00,0.00,0.00,0.00,0.00,,0.00,0.00,,,
WQP_USA_2026,MNPCA-S000-250,Surface Water,47.337528,-91.200111,,7/16/2024,,Undisclosed,,,ng/L,0.52,0.00,,0.00,0.00,0.00,0.00,0.66,0.00,0.00,0.00,,,,0.00,,,,0.00,0.00,6.05,0.23,0.00,0.00,,,,,,,0.00,0.00,,,0.00,0.00,,0.00,0.00,0.00,0.00,,,0.00,0.00,0.00,0.00,0.00,0.00,,0.00,0.00,,,
WQP_USA_2026,MNPCA-S000-250,Surface Water,47.337528,-91.200111,,8/20/2024,,Undisclosed,,,ng/L,0.00,0.00,,0.00,0.00,0.00,0.00,0.22,0.00,0.00,,,,,0.00,,,,0.00,0.00,2.75,0.00,0.00,0.00,,,,,,,0.00,0.00,,,0.00,0.00,,0.00,,0.00,0.00,,,0.00,0.00,0.00,0.00,0.00,0.00,,0.00,0.00,,,
WQP_USA_2026,MNPCA-S000-250,Surface Water,47.337528,-91.200111,,9/25/2024,,Undisclosed,,,ng/L,0.00,0.00,,0.00,0.00,0.00,0.00,0.00,0.00,0.00,,,,,0.00,,,,0.00,0.00,1.73,0.00,0.00,0.00,,,,,,,0.00,0.00,,,0.00,0.00,,0.00,,0.00,0.00,,,0.00,0.00,0.00,0.00,0.00,0.00,,0.00,0.00,,,
WQP_USA_2026,MNPCA-S000-251,Surface Water,47.81823,-90.0518,,5/22/2024,,Undisclosed,,,ng/L,0.29,0.00,,0.00,0.00,0.00,0.00,0.52,0.00,0.00,0.00,,,,0.00,,,,0.00,0.00,1.77,0.00,0.00,0.00,,,,,,,0.00,0.00,,,0.00,0.00,,0.00,0.00,0.00,0.00,,,0.00,0.00,0.00,0.00,0.00,0.00,,0.00,0.00,,,
WQP_USA_2026,MNPCA-S000-251,Surface Water,47.81823,-90.0518,,6/25/2024,,Undisclosed,,,ng/L,0.22,0.00,,0.00,0.00,0.00,0.00,0.50,0.00,0.00,0.00,,,,0.00,,,,0.60,0.00,1.90,0.00,0.00,0.00,,,,,,,0.00,0.00,,,0.00,0.00,,0.00,0.00,0.00,0.00,,,0.00,0.00,0.00,0.00,0.00,0.00,,0.00,0.00,,,
WQP_USA_2026,MNPCA-S000-251,Surface Water,47.81823,-90.0518,,7/9/2024,,Undisclosed,,,ng/L,0.22,0.00,,0.00,0.00,0.00,0.00,0.30,0.00,0.00,0.00,,,,0.00,,,,0.00,0.00,1.87,0.00,0.00,0.00,,,,,,,0.00,0.00,,,0.00,0.00,,0.00,0.00,0.00,0.00,,,0.00,0.00,0.00,0.00,0.00,0.00,,0.00,0.00,,,
WQP_USA_2026,MNPCA-S000-251,Surface Water,47.81823,-90.0518,,8/6/2024,,Undisclosed,,,ng/L,0.19,0.00,,0.00,0.00,0.00,0.00,0.41,0.00,0.00,,,,,0.00,,,,0.35,0.00,1.80,0.00,0.00,0.00,,,,,,,0.00,0.00,,,0.00,0.00,,0.00,,0.00,0.00,,,0.00,0.00,0.00,0.00,0.00,0.00,,0.00,0.00,,,
WQP_USA_2026,MNPCA-S000-251,Surface Water,47.81823,-90.0518,,9/5/2024,,Undisclosed,,,ng/L,0.00,0.00,,0.00,0.00,0.00,0.00,0.00,0.00,0.00,0.00,,,,0.00,,,,0.00,0.00,1.67,0.00,0.00,0.00,,,,,,,0.00,0.00,,,0.00,0.00,,0.00,0.00,0.00,0.00,,,0.00,0.00,0.00,0.00,0.00,0.00,,0.00,0.00,,,
WQP_USA_2026,MNPCA-S000-253,Surface Water,47.707222,-90.5225,,5/22/2024,,Undisclosed,,,ng/L,0.34,0.00,,0.00,0.00,0.00,0.00,0.67,0.00,0.00,0.00,,,,0.00,,,,0.00,0.00,3.41,0.32,0.00,0.00,,,,,,,0.00,0.00,,,0.00,0.00,,0.00,0.00,0.00,0.00,,,0.00,0.00,0.00,0.00,0.00,0.00,,0.00,0.00,,,
WQP_USA_2026,MNPCA-S000-253,Surface Water,47.707222,-90.5225,,6/25/2024,,Undisclosed,,,ng/L,0.33,0.00,,0.00,0.00,0.00,0.00,0.46,0.00,0.00,0.00,,,,0.00,,,,0.00,0.00,3.07,0.00,0.00,0.00,,,,,,,0.00,0.00,,,0.00,0.00,,0.00,0.00,0.00,0.00,,,0.00,0.00,0.00,0.00,0.00,0.00,,0.00,0.00,,,
WQP_USA_2026,MNPCA-S000-253,Surface Water,47.707222,-90.5225,,7/16/2024,,Undisclosed,,,ng/L,0.33,0.00,,0.00,0.00,0.00,0.00,0.58,0.00,0.00,0.00,,,,0.00,,,,0.00,0.00,3.65,0.19,0.00,0.00,,,,,,,0.00,0.00,,,0.00,0.00,,0.00,0.00,0.00,0.00,,,0.00,0.00,0.00,0.00,0.00,0.00,,0.00,0.00,,,
WQP_USA_2026,MNPCA-S000-253,Surface Water,47.707222,-90.5225,,8/20/2024,,Undisclosed,,,ng/L,0.00,0.00,,0.00,0.00,0.00,0.00,0.00,0.00,0.00,0.00,,,,0.00,,,,0.00,0.00,2.21,0.00,0.00,0.00,,,,,,,0.00,0.00,,,0.00,0.00,,0.00,0.00,0.00,0.00,,,0.00,0.00,0.00,0.00,0.00,0.00,,0.00,0.00,,,
WQP_USA_2026,MNPCA-S000-253,Surface Water,47.707222,-90.5225,,9/25/2024,,Undisclosed,,,ng/L,0.47,0.00,,0.00,0.45,0.00,0.00,0.33,0.00,0.00,0.00,,,,0.00,,4.56,,0.00,0.00,2.32,0.25,0.00,0.00,,,,,,,0.00,0.00,,,0.00,0.00,,0.00,0.00,0.00,0.00,,,0.00,0.00,0.00,0.00,0.00,0.00,,0.00,0.00,,,
WQP_USA_2026,MNPCA-S000-265,Surface Water,47.639556,-90.847694,,5/23/2024,,Undisclosed,,,ng/L,0.00,0.00,,0.00,0.00,0.00,0.00,0.38,0.00,0.00,0.00,,,,0.00,,,,1.98,0.00,2.67,0.28,0.00,0.00,,,,,,,0.00,0.00,,,0.00,0.00,,0.00,0.00,0.00,0.00,,,0.00,0.00,0.00,0.00,0.00,0.00,,0.00,0.00,,,
WQP_USA_2026,MNPCA-S000-265,Surface Water,47.639556,-90.847694,,6/25/2024,,Undisclosed,,,ng/L,0.30,0.00,,0.00,0.00,0.00,0.00,0.65,0.00,0.00,0.00,,,,0.00,,,,0.00,0.00,3.04,0.21,0.00,0.00,,,,,,,0.00,0.00,,,0.00,0.00,,0.00,0.00,0.00,0.00,,,0.00,0.00,0.00,0.00,0.00,0.00,,0.00,0.00,,,
WQP_USA_2026,MNPCA-S000-265,Surface Water,47.639556,-90.847694,,7/8/2024,,Undisclosed,,,ng/L,0.18,0.00,,0.00,0.00,0.00,0.00,0.28,0.00,0.00,0.00,,,,0.00,,,,0.00,0.00,0.00,0.00,0.00,0.00,,,,,,,0.00,0.00,,,0.00,0.00,,0.00,0.00,0.00,0.00,,,0.00,0.00,0.00,0.00,0.00,0.00,,0.00,0.00,,,
WQP_USA_2026,MNPCA-S000-265,Surface Water,47.639556,-90.847694,,8/5/2024,,Undisclosed,,,ng/L,0.29,0.00,,0.00,0.00,0.00,0.00,0.51,0.00,0.00,0.00,,,,0.00,,,,0.22,0.00,2.44,0.14,0.00,0.00,,,,,,,0.00,0.00,,,0.00,0.00,,0.00,0.00,0.00,0.00,,,0.00,0.00,0.00,0.00,0.00,0.00,,0.00,0.00,,,
WQP_USA_2026,MNPCA-S000-265,Surface Water,47.639556,-90.847694,,9/4/2024,,Undisclosed,,,ng/L,0.00,0.00,,0.00,0.00,0.00,0.00,0.00,0.00,0.00,0.00,,,,0.00,,,,0.00,0.00,2.02,0.00,0.00,0.00,,,,,,,0.00,0.00,,,0.00,0.00,,0.00,0.00,0.00,0.00,,,0.00,0.00,0.00,0.00,0.00,0.00,,0.00,0.00,,,
WQP_USA_2026,MNPCA-S000-570,Surface Water,46.281389,-94.331389,,5/13/2024,,Undisclosed,,,ng/L,0.45,0.00,,0.00,0.00,0.00,0.38,0.69,0.00,0.00,0.00,,,,0.00,,,,0.00,0.00,4.16,0.45,0.00,0.00,,,,,,,0.00,0.00,,,0.00,0.00,,0.00,0.00,0.00,0.00,,,0.00,0.00,0.00,0.00,0.00,0.00,,0.00,0.00,,,
WQP_USA_2026,MNPCA-S000-570,Surface Water,46.281389,-94.331389,,7/15/2024,,Undisclosed,,,ng/L,0.75,0.00,,0.00,0.34,0.00,0.56,0.95,0.00,0.00,0.00,,,,0.00,,,,0.61,0.00,7.61,0.46,0.00,0.00,,,,,,,0.00,0.00,,,0.00,0.00,,0.00,0.00,0.00,0.00,,,0.00,0.00,0.00,0.00,0.00,0.00,,0.00,0.00,,,
WQP_USA_2026,MNPCA-S000-570,Surface Water,46.281389,-94.331389,,8/14/2024,,Undisclosed,,,ng/L,0.25,0.00,,0.00,0.00,0.00,0.55,0.51,0.00,0.00,,,,,0.00,,,,0.00,0.00,6.14,0.16,0.00,0.00,,,,,,,0.00,0.00,,,0.00,0.00,,0.00,,0.00,0.00,,,0.00,0.00,0.00,0.00,0.00,0.00,,0.00,0.00,,,
WQP_USA_2026,MNPCA-S000-570,Surface Water,46.281389,-94.331389,,9/9/2024,,Undisclosed,,,ng/L,0.27,0.00,,0.00,0.00,0.00,0.54,0.63,0.00,0.00,0.00,,,,0.00,,,,0.00,0.00,6.87,0.00,0.00,0.00,,,,,,,0.00,0.00,,,0.00,0.00,,0.00,0.00,0.00,0.00,,,0.00,0.00,0.00,0.00,0.00,0.00,,0.00,0.00,,,
WQP_USA_2026,MNPCA-S000-570,Surface Water,46.281389,-94.331389,,7/21/2025,,Undisclosed,,,ng/L,0.56,0.00,,0.00,0.00,0.00,0.56,0.69,0.00,0.00,,,,,0.00,,,,0.00,0.00,11.60,0.56,0.00,0.00,,,,,,,0.00,0.00,,,0.00,0.00,,0.00,0.00,0.00,0.00,,,0.00,0.00,0.00,0.00,0.00,0.00,,0.00,0.00,,,0.00
WQP_USA_2026,MNPCA-S000-864,Surface Water,47.793639,-90.154861,,6/26/2024,,Undisclosed,,,ng/L,0.23,0.00,,0.00,0.00,0.00,0.00,0.43,0.00,0.00,0.00,,,,0.00,,,,0.00,0.00,2.06,0.19,0.00,0.00,,,,,,,0.00,0.00,,,0.00,0.00,,0.00,0.00,0.00,0.00,,,0.00,0.00,0.00,0.00,0.00,0.00,,0.00,0.00,,,
WQP_USA_2026,MNPCA-S000-864,Surface Water,47.793639,-90.154861,,7/9/2024,,Undisclosed,,,ng/L,0.00,0.00,,0.00,0.00,0.00,0.00,0.26,0.00,0.00,0.00,,,,0.00,,,,0.00,0.00,1.22,0.00,0.00,0.00,,,,,,,0.00,0.00,,,0.00,0.00,,0.00,0.00,0.00,0.00,,,0.00,0.00,0.00,0.00,0.00,0.00,,0.00,0.00,,,
WQP_USA_2026,MNPCA-S000-864,Surface Water,47.793639,-90.154861,,8/6/2024,,Undisclosed,,,ng/L,0.00,0.00,,0.00,0.00,0.00,0.00,0.23,0.00,0.00,0.00,,,,0.00,,,,0.00,0.00,1.14,0.00,0.00,0.00,,,,,,,0.00,0.00,,,0.00,0.00,,0.00,0.00,0.00,0.00,,,0.00,0.00,0.00,0.00,0.00,0.00,,0.00,0.00,,,
WQP_USA_2026,MNPCA-S000-864,Surface Water,47.793639,-90.154861,,9/5/2024,,Undisclosed,,,ng/L,0.00,0.00,,0.00,0.00,0.00,0.00,0.00,0.00,0.00,0.00,,,,0.00,,,,0.00,0.00,1.03,0.00,0.00,0.00,,,,,,,0.00,0.00,,,0.00,0.00,,0.00,0.00,0.00,0.00,,,0.00,0.00,0.00,0.00,0.00,0.00,,0.00,0.00,,,
WQP_USA_2026,MNPCA-S000-865,Surface Water,47.784861,-90.182306,,6/26/2024,,Undisclosed,,,ng/L,0.67,0.39,,0.00,0.00,0.00,0.27,0.60,0.00,0.00,0.00,,,,0.00,,,,0.00,0.00,2.80,0.19,0.00,0.00,,,,,,,0.00,0.00,,,0.00,0.00,,0.00,0.00,0.00,0.00,,,0.00,0.00,0.00,0.00,0.00,0.00,,0.00,0.00,,,
WQP_USA_2026,MNPCA-S000-865,Surface Water,47.784861,-90.182306,,7/9/2024,,Undisclosed,,,ng/L,0.24,0.00,,0.00,0.00,0.00,0.00,0.36,0.00,0.00,0.00,,,,0.00,,,,0.00,0.00,1.85,0.00,0.00,0.00,,,,,,,0.00,0.00,,,0.00,0.00,,0.00,0.00,0.00,0.00,,,0.00,0.00,0.00,0.00,0.00,0.00,,0.00,0.00,,,
WQP_USA_2026,MNPCA-S000-865,Surface Water,47.784861,-90.182306,,8/6/2024,,Undisclosed,,,ng/L,0.23,0.00,,0.00,0.00,0.00,0.00,0.32,0.00,0.00,0.00,,,,0.00,,,,0.00,0.00,2.05,0.00,0.00,0.00,,,,,,,0.00,0.00,,,0.00,0.00,,0.00,0.00,0.00,0.00,,,0.00,0.00,0.00,0.00,0.00,0.00,,0.00,0.00,,,
WQP_USA_2026,MNPCA-S000-865,Surface Water,47.784861,-90.182306,,9/5/2024,,Undisclosed,,,ng/L,0.19,0.00,,0.00,0.00,0.00,0.00,0.00,0.00,0.00,0.00,,,,0.00,,,,0.00,0.00,2.20,0.00,0.00,0.00,,,,,,,0.00,0.00,,,0.00,0.00,,0.00,0.00,0.00,0.00,,,0.00,0.00,0.00,0.00,0.00,0.00,,0.00,0.00,,,
WQP_USA_2026,MNPCA-S000-909,Surface Water,47.769949,-90.2611,,5/22/2024,,Undisclosed,,,ng/L,0.22,0.00,,0.00,0.00,0.00,0.00,0.44,0.00,0.00,0.00,,,,0.00,,,,0.00,0.00,1.63,0.28,0.00,0.00,,,,,,,0.00,0.00,,,0.00,0.00,,0.00,0.00,0.00,0.00,,,0.00,0.00,0.00,0.00,0.00,0.00,,0.00,0.00,,,
WQP_USA_2026,MNPCA-S000-909,Surface Water,47.769949,-90.2611,,6/26/2024,,Undisclosed,,,ng/L,0.55,0.37,,0.00,0.00,0.00,0.42,0.72,0.00,0.00,0.00,,,,0.00,,,,0.46,0.00,3.11,0.25,0.00,0.00,,,,,,,0.00,0.00,,,0.00,0.00,,0.00,0.00,0.00,0.00,,,0.00,0.00,0.00,0.00,0.00,0.00,,0.00,0.00,,,
WQP_USA_2026,MNPCA-S000-909,Surface Water,47.769949,-90.2611,,7/9/2024,,Undisclosed,,,ng/L,0.30,0.00,,0.00,0.00,0.00,0.00,0.46,0.00,0.00,0.00,,,,0.00,,,,0.29,0.00,2.16,0.22,0.00,0.00,,,,,,,0.00,0.00,,,0.00,0.00,,0.00,0.00,0.00,0.00,,,0.00,0.00,0.00,0.00,0.00,0.00,,0.00,0.00,,,
WQP_USA_2026,MNPCA-S000-909,Surface Water,47.769949,-90.2611,,8/6/2024,,Undisclosed,,,ng/L,0.17,0.00,,0.00,0.00,0.00,0.00,0.24,0.00,0.00,0.00,,,,0.00,,,,0.00,0.00,1.55,0.00,0.00,0.00,,,,,,,0.00,0.00,,,0.00,0.00,,0.00,0.00,0.00,0.00,,,0.00,0.00,0.00,0.00,0.00,0.00,,0.00,0.00,,,
WQP_USA_2026,MNPCA-S000-909,Surface Water,47.769949,-90.2611,,9/5/2024,,Undisclosed,,,ng/L,0.00,0.00,,0.00,0.00,0.00,0.00,0.00,0.00,0.00,0.00,,,,0.00,,,,0.00,0.00,0.84,0.00,0.00,0.00,,,,,,,0.00,0.00,,,0.00,0.00,,0.00,0.00,0.00,0.00,,,0.00,0.00,0.00,0.00,0.00,0.00,,0.00,0.00,,,
WQP_USA_2026,MNPCA-S001-230,Surface Water,44.666111,-92.734639,,9/19/2024,,Undisclosed,,,ng/L,6.39,2.08,,0.00,0.00,1.38,2.27,1.02,0.00,0.00,0.00,,,,0.00,,,,4.14,0.00,73.00,3.13,0.00,0.00,,,,,,,0.00,0.00,,,0.00,0.00,,0.00,0.00,0.00,0.00,,,0.00,0.00,0.00,0.00,0.00,0.00,,0.00,0.00,,,
WQP_USA_2026,MNPCA-S001-398,Surface Water,44.686194,-92.954194,,10/2/2024,,Undisclosed,,,ng/L,5.90,1.76,,0.00,0.45,1.98,2.30,1.87,0.21,0.00,0.00,,,,0.00,,,,3.83,0.31,37.70,3.62,0.63,0.00,,,,,,,0.00,0.00,,,0.00,0.00,,0.00,0.00,0.00,0.00,,,0.00,0.00,0.00,0.00,0.00,0.00,,0.00,0.00,,,
WQP_USA_2026,MNPCA-S001-460,Surface Water,47.672805,-95.172958,,5/13/2025,,Undisclosed,,,ng/L,0.00,0.00,,0.00,0.00,0.00,0.00,0.32,0.00,0.00,,,,,,,,,0.00,0.00,3.37,0.31,0.00,0.00,,,,,,,0.00,0.00,,,0.00,0.00,,0.00,0.00,0.00,0.00,,,0.00,0.00,0.00,0.00,0.00,,,0.00,0.00,,,0.00
WQP_USA_2026,MNPCA-S001-460,Surface Water,47.672805,-95.172958,,6/9/2025,,Undisclosed,,,ng/L,0.00,0.00,,0.00,0.00,0.00,0.00,0.00,0.00,0.00,,,,,0.00,,,,0.00,0.00,0.93,0.00,0.00,0.00,,,,,,,0.00,0.00,,,0.00,0.00,,0.00,0.00,0.00,0.00,,,0.00,0.00,0.00,0.00,0.00,0.00,,0.00,0.00,,,0.00
WQP_USA_2026,MNPCA-S001-460,Surface Water,47.672805,-95.172958,,7/7/2025,,Undisclosed,,,ng/L,0.35,0.00,,0.00,0.00,0.00,0.38,0.32,0.00,0.00,,,,,0.00,,,,0.00,0.00,4.03,0.27,0.00,0.00,,,,,,,0.00,0.00,,,0.00,0.00,,0.00,0.00,0.00,0.00,,,0.00,0.00,0.00,0.00,0.00,0.00,,0.00,0.00,,,0.00
WQP_USA_2026,MNPCA-S001-460,Surface Water,47.672805,-95.172958,,8/4/2025,,Undisclosed,,,ng/L,0.57,0.00,,0.00,0.00,0.00,0.63,0.75,0.00,0.00,,,,,,,,,0.00,0.00,8.26,0.62,0.00,0.00,,,,,,,0.00,0.00,,,0.00,0.00,,0.00,0.00,0.00,0.00,,,0.00,0.00,0.00,0.00,0.00,,,0.00,0.00,,,0.00
WQP_USA_2026,MNPCA-S001-460,Surface Water,47.672805,-95.172958,,9/2/2025,,Undisclosed,,,ng/L,0.18,0.00,,0.00,0.00,0.00,0.00,0.17,0.00,0.00,,,,,0.00,,,,0.00,0.00,1.38,0.27,0.00,0.00,,,,,,,0.00,0.00,,,0.00,0.00,,0.00,0.00,0.00,0.00,,,0.00,0.00,0.00,0.00,0.00,0.00,,0.00,0.00,,,0.00
WQP_USA_2026,MNPCA-S001-897,Surface Water,47.45111858,-94.90657369,,5/14/2024,,Undisclosed,,,ng/L,0.00,0.00,,0.00,0.00,0.00,0.00,0.00,0.00,0.00,0.00,,,,0.00,,,,0.00,0.00,3.63,0.21,0.00,0.00,,,,,,,0.00,0.00,,,0.00,0.00,,0.00,0.00,0.00,0.00,,,0.00,0.00,0.00,0.00,0.00,0.00,,0.00,0.00,,,
WQP_USA_2026,MNPCA-S001-897,Surface Water,47.45111858,-94.90657369,,7/16/2024,,Undisclosed,,,ng/L,0.38,0.00,,0.00,0.31,0.00,0.00,0.65,0.00,0.00,0.00,,,,0.00,,,,0.00,0.00,4.88,0.24,0.00,0.00,,,,,,,0.00,0.00,,,0.00,0.00,,0.00,0.00,0.00,0.00,,,0.00,0.00,0.00,0.00,0.00,0.00,,0.00,0.00,,,
WQP_USA_2026,MNPCA-S001-897,Surface Water,47.45111858,-94.90657369,,8/15/2024,,Undisclosed,,,ng/L,0.00,0.00,,0.00,0.00,0.00,0.00,0.00,0.00,0.00,0.00,,,,0.00,,,,0.00,0.00,3.41,0.00,0.00,0.00,,,,,,,0.00,0.00,,,0.00,0.00,,0.00,0.00,0.00,0.00,,,0.00,0.00,0.00,0.00,0.00,0.00,,0.00,0.00,,,
WQP_USA_2026,MNPCA-S001-897,Surface Water,47.45111858,-94.90657369,,9/10/2024,,Undisclosed,,,ng/L,0.00,0.00,,0.00,0.00,0.00,0.00,0.00,0.00,0.00,0.00,,,,0.00,,,,0.00,0.00,2.95,0.00,0.00,0.00,,,,,,,0.00,0.00,,,0.00,0.00,,0.00,0.00,0.00,0.00,,,0.00,0.00,0.00,0.00,0.00,0.00,,0.00,0.00,,,
WQP_USA_2026,MNPCA-S001-897,Surface Water,47.45111858,-94.90657369,,7/22/2025,,Undisclosed,,,ng/L,0.00,,,,,,,0.37,0.00,,,,,,,,,,,0.00,6.06,0.82,,,,,,,,,,,,,,,,,,,,,,0.00,,,0.00,,,,,,,,
WQP_USA_2026,MNPCA-S002-996,Surface Water,48.71724,-96.49442,,6/26/2024,,Undisclosed,,,ng/L,0.41,0.00,,0.00,0.00,0.00,0.61,0.84,0.00,0.00,0.00,,,,0.00,,,,0.76,0.00,12.20,0.62,0.00,0.00,,,,,,,0.00,0.00,,,0.00,0.00,,0.00,0.00,0.00,0.00,,,0.00,0.00,0.00,0.00,0.00,0.00,,0.00,0.00,,,
WQP_USA_2026,MNPCA-S002-996,Surface Water,48.71724,-96.49442,,7/29/2024,,Undisclosed,,,ng/L,0.80,0.00,,0.00,0.44,0.00,1.06,1.51,0.00,0.00,0.00,,,,0.00,,,,1.17,0.00,17.60,0.60,0.00,0.00,,,,,,,0.00,0.00,,,0.00,0.00,,0.00,0.00,0.00,0.00,,,0.00,0.00,0.00,0.00,0.00,0.00,,0.00,0.00,,,
WQP_USA_2026,MNPCA-S002-996,Surface Water,48.71724,-96.49442,,8/21/2024,,Undisclosed,,,ng/L,0.66,0.00,,0.00,0.00,0.00,0.73,1.34,0.00,0.00,0.00,,,,0.00,,,,1.25,0.00,20.80,0.57,0.00,0.00,,,,,,,0.00,0.00,,,0.00,0.00,,0.00,0.00,0.00,0.00,,,0.00,0.00,0.00,0.00,0.00,0.00,,0.00,0.00,,,
WQP_USA_2026,MNPCA-S002-996,Surface Water,48.71724,-96.49442,,9/30/2024,,Undisclosed,,,ng/L,0.50,0.00,,0.00,0.44,0.15,0.00,0.58,0.00,0.00,0.00,,,,0.00,,,,1.49,0.00,5.90,0.56,0.00,0.00,,,,,,,0.00,0.00,,,0.00,0.00,,0.00,0.00,0.00,0.00,,,0.00,0.00,0.00,0.00,0.00,0.00,,0.00,0.00,,,
WQP_USA_2026,MNPCA-S003-018,Surface Water,44.9932,-93.2732,,5/30/2024,,Undisclosed,,,ng/L,0.49,0.00,,0.00,0.00,0.20,0.57,0.55,0.00,0.00,0.00,,,,0.00,,,,0.71,0.00,7.79,0.79,0.00,0.00,,,,,,,0.00,0.00,,,0.00,0.00,,0.00,0.00,0.00,0.00,,,0.00,0.00,0.00,0.00,0.00,0.00,,0.00,0.00,,,
WQP_USA_2026,MNPCA-S003-018,Surface Water,44.9932,-93.2732,,6/17/2024,,Undisclosed,,,ng/L,0.85,0.44,,0.00,0.34,0.21,0.81,0.66,0.00,0.00,0.00,,,,0.00,,,,0.88,0.00,8.13,0.71,0.00,0.00,,,,,,,0.00,0.00,,,0.00,0.00,,0.00,0.00,0.00,0.00,,,0.00,0.00,0.00,0.00,0.00,0.00,,0.00,0.00,,,
WQP_USA_2026,MNPCA-S003-018,Surface Water,44.9932,-93.2732,,7/8/2024,,Undisclosed,,,ng/L,0.78,0.00,,0.00,0.00,0.00,0.84,0.71,0.00,0.00,0.00,,,,0.00,,,,0.93,0.00,9.53,0.68,0.00,0.00,,,,,,,0.00,0.00,,,0.00,0.00,,0.00,0.00,0.00,0.00,,,0.00,0.00,0.00,0.00,0.00,0.00,,0.00,0.00,,,
WQP_USA_2026,MNPCA-S003-018,Surface Water,44.9932,-93.2732,,8/12/2024,,Undisclosed,,,ng/L,0.76,0.00,,0.00,0.00,0.00,0.73,0.49,0.00,0.00,,,,,0.00,,,,0.84,0.00,7.01,0.68,0.00,0.00,,,,,,,0.00,0.00,,,0.00,0.00,,0.00,,0.00,0.00,,,0.00,0.00,0.00,0.00,0.00,0.00,,0.00,0.00,,,
WQP_USA_2026,MNPCA-S003-018,Surface Water,44.9932,-93.2732,,9/10/2024,,Undisclosed,,,ng/L,0.64,0.46,,0.00,0.00,0.26,0.95,0.47,0.00,0.00,0.00,,,,0.00,,,,1.01,0.00,9.17,0.87,0.00,0.00,,,,,,,0.00,0.00,,,0.00,0.00,,0.00,0.00,0.00,0.00,,,0.00,0.00,0.00,0.00,0.00,0.00,,0.00,0.00,,,
WQP_USA_2026,MNPCA-S003-099,Surface Water,48.760035,-96.922333,,6/26/2024,,Undisclosed,,,ng/L,0.29,0.00,,0.00,0.00,0.00,0.00,0.69,0.00,0.00,0.00,,,,0.00,,,,0.00,0.00,6.89,0.42,0.00,0.00,,,,,,,0.00,0.00,,,0.00,0.00,,0.00,0.00,0.00,0.00,,,0.00,0.00,0.00,0.00,0.00,0.00,,0.00,0.00,,,
WQP_USA_2026,MNPCA-S003-099,Surface Water,48.760035,-96.922333,,7/29/2024,,Undisclosed,,,ng/L,0.65,0.00,,0.00,0.00,0.00,0.60,1.10,0.00,0.00,,,,,0.00,,,,0.97,0.00,12.90,0.48,0.00,0.00,,,,,,,0.00,0.00,,,0.00,0.00,,0.00,,0.00,0.00,,,0.00,0.00,0.00,0.00,0.00,0.00,,0.00,0.00,,,
WQP_USA_2026,MNPCA-S003-099,Surface Water,48.760035,-96.922333,,8/21/2024,,Undisclosed,,,ng/L,0.40,0.00,,0.00,0.00,0.00,0.55,0.84,0.00,0.00,0.00,,,,0.00,,,,0.00,0.00,14.60,0.26,0.00,0.00,,,,,,,0.00,0.00,,,0.00,0.00,,0.00,0.00,0.00,0.00,,,0.00,0.00,0.00,0.00,0.00,0.00,,0.00,0.00,,,
WQP_USA_2026,MNPCA-S003-099,Surface Water,48.760035,-96.922333,,9/30/2024,,Undisclosed,,,ng/L,1.03,0.00,,0.00,0.78,0.16,0.84,1.05,0.00,0.00,0.00,,,,0.00,,,,2.20,0.00,9.48,0.55,0.00,0.00,,,,,,,0.00,0.00,,,0.00,0.00,,0.00,0.00,0.00,0.00,,,0.00,0.00,0.00,0.00,0.00,0.00,,0.00,0.00,,,
WQP_USA_2026,MNPCA-S003-100,Surface Water,48.76562,-96.88681,,6/26/2024,,Undisclosed,,,ng/L,0.72,0.00,,0.00,0.00,0.00,0.89,1.60,0.00,0.00,0.00,,,,0.00,,,,0.96,0.00,15.50,0.54,0.00,0.00,,,,,,,0.00,0.00,,,0.00,0.00,,0.00,0.00,0.00,0.00,,,0.00,0.00,0.00,0.00,0.00,0.00,,0.00,0.00,,,
WQP_USA_2026,MNPCA-S003-100,Surface Water,48.76562,-96.88681,,7/29/2024,,Undisclosed,,,ng/L,1.35,0.00,,0.00,0.63,0.00,1.38,2.20,0.00,0.00,,,,,0.00,,,,1.88,0.00,21.20,0.55,0.00,0.00,,,,,,,0.00,0.00,,,0.00,0.00,,0.00,,0.00,0.00,,,0.00,0.00,0.00,0.00,0.00,0.00,,0.00,0.00,,,
WQP_USA_2026,MNPCA-S003-663,Surface Water,46.709444,-93.484444,,7/16/2024,,Undisclosed,,,ng/L,0.62,0.00,,0.00,0.00,0.00,0.00,1.01,0.00,0.00,0.00,,,,0.00,,,,0.61,0.00,6.88,0.39,0.00,0.00,,,,,,,0.00,0.00,,,0.00,0.00,,0.00,0.00,0.00,0.00,,,0.00,0.00,0.00,0.00,0.00,0.00,,0.00,0.00,,,
WQP_USA_2026,MNPCA-S003-663,Surface Water,46.709444,-93.484444,,8/14/2024,,Undisclosed,,,ng/L,0.19,0.00,,0.00,0.00,0.00,0.55,0.64,0.00,0.00,0.00,,,,0.00,,,,0.00,0.00,5.46,0.14,0.00,0.00,,,,,,,0.00,0.00,,,0.00,0.00,,0.00,0.00,0.00,0.00,,,0.00,0.00,0.00,0.00,0.00,0.00,,0.00,0.00,,,
WQP_USA_2026,MNPCA-S003-663,Surface Water,46.709444,-93.484444,,9/10/2024,,Undisclosed,,,ng/L,0.41,0.00,,0.00,0.00,0.00,0.00,0.54,0.00,0.00,0.00,,,,0.00,,,,0.00,0.00,5.68,0.00,0.00,0.00,,,,,,,0.00,0.00,,,0.00,0.00,,0.00,0.00,0.00,0.00,,,0.00,0.00,0.00,0.00,0.00,0.00,,0.00,0.00,,,
WQP_USA_2026,MNPCA-S003-663,Surface Water,46.709444,-93.484444,,5/14/2025,,Undisclosed,,,ng/L,0.78,0.00,,0.00,0.00,0.00,0.53,0.99,0.00,0.00,,,,,0.00,,,,0.00,0.00,5.87,0.59,0.00,0.00,,,,,,,0.00,0.00,,,0.00,0.00,,0.00,0.00,0.00,0.00,,,0.00,0.00,0.00,0.00,0.00,0.00,,0.00,0.00,,,0.00
WQP_USA_2026,MNPCA-S003-663,Surface Water,46.709444,-93.484444,,7/21/2025,,Undisclosed,,,ng/L,0.48,0.00,,0.00,0.00,0.00,0.55,0.69,0.00,0.00,,,,,0.00,,,,0.00,0.00,11.20,0.48,0.00,0.00,,,,,,,0.00,0.00,,,0.00,0.00,,0.00,0.00,0.00,0.00,,,0.00,0.00,0.00,0.00,0.00,0.00,,0.00,0.00,,,0.00
WQP_USA_2026,MNPCA-S004-283,Surface Water,47.84011,-89.965832,,6/25/2024,,Undisclosed,,,ng/L,0.00,0.00,,0.00,0.00,0.00,0.00,0.32,0.00,0.00,0.00,,,,0.00,,,,0.00,0.00,2.10,0.20,0.00,0.00,,,,,,,0.00,0.00,,,0.00,0.00,,0.00,0.00,0.00,0.00,,,0.00,0.00,0.00,0.00,0.00,0.00,,0.00,0.00,,,
WQP_USA_2026,MNPCA-S004-283,Surface Water,47.84011,-89.965832,,7/9/2024,,Undisclosed,,,ng/L,0.00,0.00,,0.00,0.00,0.00,0.00,0.28,0.00,0.00,0.00,,,,0.00,,,,0.00,0.00,1.56,0.00,0.00,0.00,,,,,,,0.00,0.00,,,0.00,0.00,,0.00,0.00,0.00,0.00,,,0.00,0.00,0.00,0.00,0.00,0.00,,0.00,0.00,,,
WQP_USA_2026,MNPCA-S004-283,Surface Water,47.84011,-89.965832,,8/6/2024,,Undisclosed,,,ng/L,0.33,0.00,,0.00,0.00,0.00,0.00,0.46,0.00,0.00,0.00,,,,0.00,,,,1.48,0.00,3.13,0.00,0.00,0.00,,,,,,,0.00,0.00,,,0.00,0.00,,0.00,0.00,0.00,0.00,,,0.00,0.00,0.00,0.00,0.00,0.00,,0.00,0.00,,,
WQP_USA_2026,MNPCA-S004-283,Surface Water,47.84011,-89.965832,,9/5/2024,,Undisclosed,,,ng/L,0.00,0.00,,0.00,0.00,0.00,0.00,0.00,0.00,0.00,0.00,,,,0.00,,,,0.00,0.00,2.41,0.00,0.00,0.00,,,,,,,0.00,0.00,,,0.00,0.00,,0.00,0.00,0.00,0.00,,,0.00,0.00,0.00,0.00,0.00,0.00,,0.00,0.00,,,
WQP_USA_2026,MNPCA-S004-308,Surface Water,45.32016,-93.81419,,5/29/2024,,Undisclosed,,,ng/L,0.45,0.00,,0.00,0.00,0.00,0.53,0.61,0.00,0.00,0.00,,,,0.00,,,,0.53,0.00,6.89,0.60,0.00,0.00,,,,,,,0.00,0.00,,,0.00,0.00,,0.00,0.00,0.00,0.00,,,0.00,0.00,0.00,0.00,0.00,0.00,,0.00,0.00,,,
WQP_USA_2026,MNPCA-S004-308,Surface Water,45.32016,-93.81419,,6/18/2024,,Undisclosed,,,ng/L,0.53,0.31,,0.00,0.30,0.13,0.56,0.76,0.00,0.00,0.00,,,,0.00,,,,0.56,0.00,5.83,0.52,0.00,0.00,,,,,,,0.00,0.00,,,0.00,0.00,,0.00,0.00,0.00,0.00,,,0.00,0.00,0.00,0.00,0.00,0.00,,0.00,0.00,,,
WQP_USA_2026,MNPCA-S004-308,Surface Water,45.32016,-93.81419,,7/8/2024,,Undisclosed,,,ng/L,0.66,0.00,,0.00,0.00,0.00,0.68,0.96,0.00,0.00,0.00,,,,0.00,,,,0.84,0.00,8.67,0.56,0.00,0.00,,,,,,,0.00,0.00,,,0.00,0.00,,0.00,0.00,0.00,0.00,,,0.00,0.00,0.00,0.00,0.00,0.00,,0.00,0.00,,,
WQP_USA_2026,MNPCA-S004-308,Surface Water,45.32016,-93.81419,,8/12/2024,,Undisclosed,,,ng/L,0.59,0.00,,0.00,0.00,0.00,0.48,0.66,0.00,0.00,0.00,,,,0.00,,,,0.73,0.00,5.60,0.50,0.00,0.00,,,,,,,0.00,0.00,,,0.00,0.00,,0.00,0.00,0.00,0.00,,,0.00,0.00,0.00,0.00,0.00,0.00,,0.00,0.00,,,
WQP_USA_2026,MNPCA-S004-308,Surface Water,45.32016,-93.81419,,9/11/2024,,Undisclosed,,,ng/L,0.48,0.00,,0.00,0.00,0.11,0.64,0.36,0.00,0.00,0.00,,,,0.00,,,,0.00,0.00,6.73,0.53,0.00,0.00,,,,,,,0.00,0.00,,,0.00,0.00,,0.00,0.00,0.00,0.00,,,0.00,0.00,0.00,0.00,0.00,0.00,,0.00,0.00,,,
WQP_USA_2026,MNPCA-S004-406,Surface Water,47.6402,-90.7107,,5/23/2024,,Undisclosed,,,ng/L,0.28,0.00,,0.00,0.00,0.00,0.00,0.51,0.00,0.00,0.00,,,,0.00,,,,0.00,0.00,2.94,0.31,0.00,0.00,,,,,,,0.00,0.00,,,0.00,0.00,,0.00,0.00,0.00,0.00,,,0.00,0.00,0.00,0.00,0.00,0.00,,0.00,0.00,,,
WQP_USA_2026,MNPCA-S004-406,Surface Water,47.6402,-90.7107,,6/25/2024,,Undisclosed,,,ng/L,0.29,0.00,,0.00,0.00,0.00,0.00,0.52,0.00,0.00,0.00,,,,0.00,,,,0.00,0.00,4.02,0.23,0.00,0.00,,,,,,,0.00,0.00,,,0.00,0.00,,0.00,0.00,0.00,0.00,,,0.00,0.00,0.00,0.00,0.00,0.00,,0.00,0.00,,,
WQP_USA_2026,MNPCA-S004-406,Surface Water,47.6402,-90.7107,,7/16/2024,,Undisclosed,,,ng/L,0.00,0.00,,0.00,0.00,0.00,0.00,0.41,0.00,0.00,0.00,,,,0.00,,,,0.00,0.00,2.44,0.00,0.00,0.00,,,,,,,0.00,0.00,,,0.00,0.00,,0.00,0.00,0.00,0.00,,,0.00,0.00,0.00,0.00,0.00,0.00,,0.00,0.00,,,
WQP_USA_2026,MNPCA-S004-406,Surface Water,47.6402,-90.7107,,8/20/2024,,Undisclosed,,,ng/L,0.00,0.00,,0.00,0.00,0.00,0.00,0.00,0.00,0.00,0.00,,,,0.00,,,,0.00,0.00,1.11,0.00,0.00,0.00,,,,,,,0.00,0.00,,,0.00,0.00,,0.00,0.00,0.00,0.00,,,0.00,0.00,0.00,0.00,0.00,0.00,,0.00,0.00,,,
WQP_USA_2026,MNPCA-S004-406,Surface Water,47.6402,-90.7107,,9/25/2024,,Undisclosed,,,ng/L,0.57,0.00,,0.00,0.49,0.00,0.00,0.49,0.00,0.00,0.00,,,,0.00,,,,0.00,0.00,2.68,0.33,0.00,0.00,,,,,,,0.00,0.00,,,0.00,0.00,,0.00,0.00,0.00,0.00,,,0.00,0.00,0.00,0.00,0.00,0.00,,0.00,0.00,,,
WQP_USA_2026,MNPCA-S004-954,Surface Water,47.46407,-91.03071,,5/23/2024,,Undisclosed,,,ng/L,0.00,0.00,,0.00,0.00,0.00,0.00,0.00,0.00,0.00,0.00,,,,0.00,,,,0.00,0.00,1.07,0.00,0.00,0.00,,,,,,,0.00,0.00,,,0.00,0.00,,0.00,0.00,0.00,0.00,,,0.00,0.00,0.00,0.00,0.00,0.00,,0.00,0.00,,,
WQP_USA_2026,MNPCA-S004-954,Surface Water,47.46407,-91.03071,,6/25/2024,,Undisclosed,,,ng/L,0.00,0.00,,0.00,0.00,0.00,0.00,0.00,0.00,0.00,0.00,,,,0.00,,,,0.00,0.00,1.33,0.00,0.00,0.00,,,,,,,0.00,0.00,,,0.00,0.00,,0.00,0.00,0.00,0.00,,,0.00,0.00,0.00,0.00,0.00,0.00,,0.00,0.00,,,
WQP_USA_2026,MNPCA-S004-954,Surface Water,47.46407,-91.03071,,7/16/2024,,Undisclosed,,,ng/L,0.00,0.00,,0.00,0.00,0.00,0.00,0.00,0.00,0.00,0.00,,,,0.00,,,,0.00,0.00,2.38,0.00,0.00,0.00,,,,,,,0.00,0.00,,,0.00,0.00,,0.00,0.00,0.00,0.00,,,0.00,0.00,0.00,0.00,0.00,0.00,,0.00,0.00,,,
WQP_USA_2026,MNPCA-S004-954,Surface Water,47.46407,-91.03071,,8/20/2024,,Undisclosed,,,ng/L,0.00,0.00,,0.00,0.00,0.00,0.00,0.00,0.00,0.00,0.00,,,,0.00,,,,0.00,0.00,0.48,0.00,0.00,0.00,,,,,,,0.00,0.00,,,0.00,0.00,,0.00,0.00,0.00,0.00,,,0.00,0.00,0.00,0.00,0.00,0.00,,0.00,0.00,,,
WQP_USA_2026,MNPCA-S004-954,Surface Water,47.46407,-91.03071,,9/25/2024,,Undisclosed,,,ng/L,0.00,0.00,,0.00,0.00,0.00,0.00,0.00,0.00,0.00,,,,,0.00,,,,0.00,0.00,0.00,0.00,0.00,0.00,,,,,,,0.00,0.00,,,0.00,0.00,,0.00,,0.00,0.00,,,0.00,0.00,0.00,0.00,0.00,0.00,,0.00,0.00,,,
WQP_USA_2026,MNPCA-S005-178,Surface Water,44.638603,-92.637419,,10/8/2024,,Undisclosed,,,ng/L,5.99,3.37,,0.00,0.54,1.63,3.13,1.14,0.24,0.00,,,,,0.00,,,,3.70,0.39,25.80,2.07,0.64,0.00,,,,,,,0.00,0.00,,,0.00,0.00,,0.00,0.00,0.00,0.00,,,0.00,0.00,0.00,0.00,0.00,0.00,,0.00,0.00,,,
WQP_USA_2026,MNPCA-S006-163,Surface Water,45.59723,-94.18272,,5/29/2024,,Undisclosed,,,ng/L,0.48,0.00,,0.00,0.00,0.00,0.38,0.52,0.00,0.00,0.00,,,,0.00,,,,0.00,0.00,4.52,0.46,0.00,0.00,,,,,,,0.00,0.00,,,0.00,0.00,,0.00,0.00,0.00,0.00,,,0.00,0.00,0.00,0.00,0.00,0.00,,0.00,0.00,,,
WQP_USA_2026,MNPCA-S006-163,Surface Water,45.59723,-94.18272,,6/18/2024,,Undisclosed,,,ng/L,0.60,0.23,,0.00,0.00,0.00,0.51,0.82,0.00,0.00,0.00,,,,0.00,,,,0.43,0.00,6.17,0.40,0.00,0.00,,,,,,,0.00,0.00,,,0.00,0.00,,0.00,0.00,0.00,0.00,,,0.00,0.00,0.00,0.00,0.00,0.00,,0.00,0.00,,,
WQP_USA_2026,MNPCA-S006-163,Surface Water,45.59723,-94.18272,,7/8/2024,,Undisclosed,,,ng/L,0.65,0.00,,0.00,0.00,0.00,0.57,0.96,0.00,0.00,0.00,,,,0.00,,,,0.88,0.00,8.78,0.48,0.00,0.00,,,,,,,0.00,0.00,,,0.00,0.00,,0.00,0.00,0.00,0.00,,,0.00,0.00,0.00,0.00,0.00,0.00,,0.00,0.00,,,
WQP_USA_2026,MNPCA-S006-163,Surface Water,45.59723,-94.18272,,8/12/2024,,Undisclosed,,,ng/L,0.61,0.00,,0.00,0.00,0.00,0.43,0.66,0.00,0.00,0.00,,,,0.00,,,,0.72,0.00,6.04,0.34,0.00,0.00,,,,,,,0.00,0.00,,,0.00,0.00,,0.00,0.00,0.00,0.00,,,0.00,0.00,0.00,0.00,0.00,0.00,,0.00,0.00,,,
WQP_USA_2026,MNPCA-S006-163,Surface Water,45.59723,-94.18272,,9/10/2024,,Undisclosed,,,ng/L,0.42,0.22,,0.00,0.00,0.12,0.52,0.54,0.00,0.00,0.00,,,,0.00,,,,0.71,0.00,6.71,0.27,0.00,0.00,,,,,,,0.00,0.00,,,0.00,0.00,,0.00,0.00,0.00,0.00,,,0.00,0.00,0.00,0.00,0.00,0.00,,0.00,0.00,,,
WQP_USA_2026,MNPCA-S006-735,Surface Water,44.934203,-93.04932,,7/22/2024,,Undisclosed,,,ng/L,0.90,0.50,,0.00,0.00,0.00,0.74,0.51,0.00,0.00,0.00,,,,0.00,,,,0.57,0.00,6.31,0.65,0.00,0.00,,,,,,,0.00,0.00,,,0.00,0.00,,0.00,0.00,0.00,0.00,,,0.00,0.00,0.00,0.00,0.00,0.00,,0.00,0.00,,,
WQP_USA_2026,MNPCA-S006-735,Surface Water,44.934203,-93.04932,,8/12/2024,,Undisclosed,,,ng/L,0.89,0.46,,0.00,0.00,0.25,0.66,0.63,0.00,0.00,0.00,,,,0.00,,,,0.72,0.00,6.23,0.68,0.00,0.00,,,,,,,0.00,0.00,,,0.00,0.00,,0.00,0.00,0.00,0.00,,,0.00,0.00,0.00,0.00,0.00,0.00,,0.00,0.00,,,
WQP_USA_2026,MNPCA-S006-735,Surface Water,44.934203,-93.04932,,9/9/2024,,Undisclosed,,,ng/L,1.15,0.80,,0.00,0.00,0.35,1.08,0.39,0.00,0.00,0.00,,,,0.00,,,,1.12,0.00,8.51,0.93,0.00,0.00,,,,,,,0.00,0.00,,,0.00,0.00,,0.00,0.00,0.00,0.00,,,0.00,0.00,0.00,0.00,0.00,0.00,,0.00,0.00,,,
WQP_USA_2026,MNPCA-S006-735,Surface Water,44.934203,-93.04932,,9/30/2024,,Undisclosed,,,ng/L,1.51,1.17,,0.00,0.52,1.03,1.57,0.91,0.00,0.00,0.00,,,,0.00,,,,1.92,0.26,8.10,1.32,0.00,0.00,,,,,,,0.00,0.00,,,0.00,0.00,,0.00,0.00,0.00,0.00,,,0.00,0.00,0.00,0.00,0.00,0.00,,0.00,0.00,,,
WQP_USA_2026,MNPCA-S006-735,Surface Water,44.934203,-93.04932,,6/9/2025,,Undisclosed,,,ng/L,0.62,0.94,,0.00,0.00,0.68,0.48,0.00,0.00,0.00,,,,,,,,,0.00,0.00,4.44,0.92,0.00,0.00,,,,,,,0.00,0.00,,,0.00,0.00,,0.00,0.00,0.00,0.00,,,0.00,0.00,0.00,0.00,0.00,,,0.00,0.00,,,0.00
WQP_USA_2026,MNPCA-S006-749,Surface Water,44.765961,-92.873407,,7/22/2024,,Undisclosed,,,ng/L,2.26,0.00,,0.00,0.00,0.00,0.00,0.59,0.00,0.00,,,,,0.00,,,,0.80,0.00,8.42,0.64,0.00,0.00,,,,,,,0.00,0.00,,,0.00,0.00,,0.00,,0.00,0.00,,,0.00,0.00,0.00,0.00,0.00,0.00,,0.00,0.00,,,
WQP_USA_2026,MNPCA-S006-749,Surface Water,44.765961,-92.873407,,8/12/2024,,Undisclosed,,,ng/L,3.26,1.03,,0.00,0.00,0.47,1.13,0.50,0.00,0.00,0.00,,,,0.00,,,,1.27,0.00,9.24,0.90,0.00,0.00,,,,,,,0.00,0.00,,,0.00,0.00,,0.00,0.00,0.00,0.00,,,0.00,0.00,0.00,0.00,0.00,0.00,,0.00,0.00,,,
WQP_USA_2026,MNPCA-S006-749,Surface Water,44.765961,-92.873407,,9/9/2024,,Undisclosed,,,ng/L,4.67,2.71,,0.00,0.00,0.76,1.62,0.66,0.00,0.00,0.00,,,,0.00,,,,1.36,0.00,14.10,1.37,0.00,0.00,,,,,,,0.00,0.00,,,0.00,0.00,,0.00,0.00,0.00,0.00,,,0.00,0.00,0.00,0.00,0.00,0.00,,0.00,0.00,,,
WQP_USA_2026,MNPCA-S006-749,Surface Water,44.765961,-92.873407,,9/30/2024,,Undisclosed,,,ng/L,6.15,4.20,,0.00,0.62,1.64,2.95,1.19,0.23,0.00,,,,,0.00,,,,3.60,0.40,23.30,2.31,0.58,0.00,,,,,,,0.00,0.00,,,0.00,0.00,,0.00,,0.00,0.00,,,0.00,0.00,0.00,0.39,0.00,0.00,,0.00,0.00,,,
WQP_USA_2026,MNPCA-S006-749,Surface Water,44.765961,-92.873407,,6/9/2025,,Undisclosed,,,ng/L,2.66,1.51,,0.00,0.00,0.80,0.88,0.00,0.00,0.00,,,,,,,,,0.00,0.00,9.42,1.02,0.00,0.00,,,,,,,0.00,0.00,,,0.00,0.00,,0.00,0.00,0.00,0.00,,,0.00,0.00,0.00,0.00,0.00,,,0.00,0.00,,,0.00
WQP_USA_2026,MNPCA-S006-754,Surface Water,44.918639,-93.13003,,7/22/2024,,Undisclosed,,,ng/L,0.98,0.53,,0.00,0.00,0.22,0.71,0.72,0.00,0.00,0.00,,,,0.00,,,,0.67,0.00,7.29,0.69,0.00,0.00,,,,,,,0.00,0.00,,,0.00,0.00,,0.00,0.00,0.00,0.00,,,0.00,0.00,0.00,0.00,0.00,0.00,,0.00,0.00,,,
WQP_USA_2026,MNPCA-S006-754,Surface Water,44.918639,-93.13003,,8/12/2024,,Undisclosed,,,ng/L,0.84,0.36,,0.00,0.00,0.23,0.70,0.61,0.00,0.00,0.00,,,,0.00,,,,0.76,0.00,6.61,0.68,0.00,0.00,,,,,,,0.00,0.00,,,0.00,0.00,,0.00,0.00,0.00,0.00,,,0.00,0.00,0.00,0.00,0.00,0.00,,0.00,0.00,,,
WQP_USA_2026,MNPCA-S006-754,Surface Water,44.918639,-93.13003,,9/9/2024,,Undisclosed,,,ng/L,0.82,0.54,,0.00,0.00,0.33,1.09,0.58,0.00,0.00,,,,,0.00,,,,0.81,0.00,8.63,0.91,0.00,0.00,,,,,,,0.00,0.00,,,0.00,0.00,,0.00,,0.00,0.00,,,0.00,0.00,0.00,0.00,0.00,0.00,,0.00,0.00,,,
WQP_USA_2026,MNPCA-S006-754,Surface Water,44.918639,-93.13003,,9/30/2024,,Undisclosed,,,ng/L,1.44,1.02,,0.00,0.55,0.91,1.51,0.85,0.18,0.00,,,,,0.00,,,,1.50,0.23,7.55,1.37,0.00,0.00,,,,,,,0.00,0.00,,,0.00,0.00,,0.00,,0.00,0.00,,,0.00,0.00,0.00,0.00,0.00,0.00,,0.00,0.00,,,
WQP_USA_2026,MNPCA-S006-754,Surface Water,44.918639,-93.13003,,6/9/2025,,Undisclosed,,,ng/L,0.44,0.00,,0.00,0.00,0.65,0.82,0.00,0.00,0.00,,,,,,,,,0.00,0.00,4.71,0.87,0.00,0.00,,,,,,,0.00,0.00,,,0.00,0.00,,0.00,0.00,0.00,0.00,,,0.00,0.00,0.00,0.00,0.00,,,0.00,0.00,,,0.00
WQP_USA_2026,MNPCA-S007-222,Surface Water,43.57581,-91.2334,,5/13/2024,,Undisclosed,,,ng/L,1.48,0.97,,0.00,0.00,0.36,0.79,0.42,0.00,0.00,,,,,0.00,,,,0.88,0.00,7.07,1.23,0.00,0.00,,,,,,,0.00,0.00,,,0.00,0.00,,0.00,,0.00,0.00,,,0.00,0.00,0.00,0.00,0.00,0.00,,0.00,0.00,,,
WQP_USA_2026,MNPCA-S007-222,Surface Water,43.57581,-91.2334,,7/16/2024,,Undisclosed,,,ng/L,1.85,1.27,,0.00,0.00,0.21,0.90,0.63,0.00,0.00,0.00,,,,0.00,,,,0.76,0.00,9.95,0.74,0.00,0.00,,,,,,,0.00,0.00,,,0.00,0.00,,0.00,0.00,0.00,0.00,,,0.00,0.00,0.00,0.00,0.00,0.00,,0.00,0.00,,,
WQP_USA_2026,MNPCA-S007-222,Surface Water,43.57581,-91.2334,,8/13/2024,,Undisclosed,,,ng/L,2.20,1.11,,0.00,0.00,0.40,1.16,0.57,0.00,0.00,0.00,,,,0.00,,,,1.22,0.00,9.98,1.05,0.00,0.00,,,,,,,0.00,0.00,,,0.00,0.00,,0.00,0.00,0.00,0.00,,,0.00,0.00,0.00,0.00,0.00,0.00,,0.00,0.00,,,
WQP_USA_2026,MNPCA-S007-222,Surface Water,43.57581,-91.2334,,9/10/2024,,Undisclosed,,,ng/L,2.48,1.45,,0.00,0.00,0.39,1.00,0.42,0.00,0.00,,,,,0.00,,,,1.06,0.00,11.70,3.85,0.00,0.00,,,,,,,0.00,0.00,,,0.00,0.00,,0.00,,0.00,0.00,,,0.00,0.00,0.00,0.00,0.00,0.00,,0.00,0.00,,,
WQP_USA_2026,MNPCA-S007-222,Surface Water,43.57581,-91.2334,,6/26/2025,,Undisclosed,,,ng/L,2.16,1.56,,0.00,0.00,0.66,1.38,0.00,0.00,0.00,,,,,,,,,0.00,0.00,9.26,1.37,0.00,0.00,,,,,,,0.00,0.00,,,0.00,0.00,,0.00,0.00,0.00,0.00,,,0.00,0.00,0.00,0.00,0.00,,,0.00,0.00,,,0.00
WQP_USA_2026,MNPCA-S007-326,Surface Water,47.929219,-90.307112,,6/25/2024,,Undisclosed,,,ng/L,0.27,0.00,,0.00,0.00,0.00,0.00,0.52,0.00,0.00,0.00,,,,0.00,,,,0.61,0.00,2.37,0.00,0.00,0.00,,,,,,,0.00,0.00,,,0.00,0.00,,0.00,0.00,0.00,0.00,,,0.00,0.00,0.00,0.00,0.00,0.00,,0.00,0.00,,,
WQP_USA_2026,MNPCA-S007-326,Surface Water,47.929219,-90.307112,,7/8/2024,,Undisclosed,,,ng/L,0.28,0.00,,0.00,0.00,0.00,0.00,0.56,0.00,0.00,,,,,0.00,,,,0.00,0.00,2.23,0.00,0.00,0.00,,,,,,,0.00,0.00,,,0.00,0.00,,0.00,,0.00,0.00,,,0.00,0.00,0.00,0.00,0.00,0.00,,0.00,0.00,,,
WQP_USA_2026,MNPCA-S007-326,Surface Water,47.929219,-90.307112,,8/5/2024,,Undisclosed,,,ng/L,0.31,0.00,,0.00,0.00,0.00,0.00,0.41,0.00,0.00,,,,,0.00,,,,0.82,0.00,1.79,0.00,0.00,0.00,,,,,,,0.00,0.00,,,0.00,0.00,,0.00,,0.00,0.00,,,0.00,0.00,0.00,0.00,0.00,0.00,,0.00,0.00,,,
WQP_USA_2026,MNPCA-S007-326,Surface Water,47.929219,-90.307112,,9/4/2024,,Undisclosed,,,ng/L,0.00,0.00,,0.00,0.00,0.00,0.00,0.00,0.00,0.00,0.00,,,,0.00,,,,0.00,0.00,1.40,0.00,0.00,0.00,,,,,,,0.00,0.00,,,0.00,0.00,,0.00,0.00,0.00,0.00,,,0.00,0.00,0.00,0.00,0.00,0.00,,0.00,0.00,,,
WQP_USA_2026,MNPCA-S007-329,Surface Water,45.25503,-93.535499,,5/30/2024,,Undisclosed,,,ng/L,0.38,0.00,,0.00,0.00,0.00,0.54,0.47,0.00,0.00,,,,,0.00,,,,0.49,0.00,6.69,0.71,0.00,0.00,,,,,,,0.00,0.00,,,0.00,0.00,,0.00,,0.00,0.00,,,0.00,0.00,0.00,0.00,0.00,0.00,,0.00,0.00,,,
WQP_USA_2026,MNPCA-S007-329,Surface Water,45.25503,-93.535499,,6/17/2024,,Undisclosed,,,ng/L,0.67,0.42,,0.00,0.35,0.19,0.76,0.75,0.00,0.00,0.00,,,,0.00,,,,0.67,0.00,6.82,0.77,0.00,0.00,,,,,,,0.00,0.00,,,0.00,0.00,,0.00,0.00,0.00,0.00,,,0.00,0.00,0.00,0.00,0.00,0.00,,0.00,0.00,,,
WQP_USA_2026,MNPCA-S007-329,Surface Water,45.25503,-93.535499,,7/8/2024,,Undisclosed,,,ng/L,0.66,0.00,,0.00,0.28,0.00,0.80,0.77,0.00,0.00,0.00,,,,0.00,,,,0.83,0.00,8.82,0.69,0.00,0.00,,,,,,,0.00,0.00,,,0.00,0.00,,0.00,0.00,0.00,0.00,,,0.00,0.00,0.00,0.00,0.00,0.00,,0.00,0.00,,,
WQP_USA_2026,MNPCA-S007-329,Surface Water,45.25503,-93.535499,,8/12/2024,,Undisclosed,,,ng/L,0.65,0.00,,0.00,0.00,0.00,0.58,0.66,0.00,0.00,0.00,,,,0.00,,,,0.85,0.00,6.00,0.62,0.00,0.00,,,,,,,0.00,0.00,,,0.00,0.00,,0.00,0.00,0.00,0.00,,,0.00,0.00,0.00,0.00,0.00,0.00,,0.00,0.00,,,
WQP_USA_2026,MNPCA-S007-329,Surface Water,45.25503,-93.535499,,6/5/2025,,Undisclosed,,,ng/L,0.72,0.44,,0.00,0.00,0.00,1.09,0.69,0.00,0.00,,,,,,,,,0.77,0.00,6.17,1.03,0.00,0.00,,,,,,,0.00,0.00,,,0.00,0.00,,0.00,0.00,0.00,0.00,,,0.00,0.00,0.00,0.00,0.00,,,0.00,0.00,,,0.00
WQP_USA_2026,MNPCA-S007-330,Surface Water,45.434703,-94.051301,,5/29/2024,,Undisclosed,,,ng/L,0.35,0.00,,0.00,0.00,0.00,0.53,0.50,0.00,0.00,0.00,,,,0.00,,,,0.48,0.00,6.71,0.64,0.00,0.00,,,,,,,0.00,0.00,,,0.00,0.00,,0.00,0.00,0.00,0.00,,,0.00,0.00,0.00,0.00,0.00,0.00,,0.00,0.00,,,
WQP_USA_2026,MNPCA-S007-330,Surface Water,45.434703,-94.051301,,6/18/2024,,Undisclosed,,,ng/L,0.64,0.33,,0.00,0.29,0.20,0.67,0.59,0.00,0.00,0.00,,,,0.00,,,,0.84,0.00,5.99,0.57,0.00,0.00,,,,,,,0.00,0.00,,,0.00,0.00,,0.00,0.00,0.00,0.00,,,0.00,0.00,0.00,0.00,0.00,0.00,,0.00,0.00,,,
WQP_USA_2026,MNPCA-S007-330,Surface Water,45.434703,-94.051301,,7/8/2024,,Undisclosed,,,ng/L,0.67,0.00,,0.00,0.00,0.00,0.75,0.87,0.00,0.00,0.00,,,,0.00,,,,0.70,0.00,8.28,0.60,0.00,0.00,,,,,,,0.00,0.00,,,0.00,0.00,,0.00,0.00,0.00,0.00,,,0.00,0.00,0.00,0.00,0.00,0.00,,0.00,0.00,,,
WQP_USA_2026,MNPCA-S007-330,Surface Water,45.434703,-94.051301,,8/12/2024,,Undisclosed,,,ng/L,0.67,0.00,,0.00,0.00,0.00,0.65,0.59,0.00,0.00,,,,,0.00,,,,0.68,0.00,5.83,0.56,0.00,0.00,,,,,,,0.00,0.00,,,0.00,0.00,,0.00,,0.00,0.00,,,0.00,0.00,0.00,0.00,0.00,0.00,,0.00,0.00,,,
WQP_USA_2026,MNPCA-S007-330,Surface Water,45.434703,-94.051301,,9/10/2024,,Undisclosed,,,ng/L,0.45,0.24,,0.00,0.00,0.14,0.81,0.52,0.00,0.00,0.00,,,,0.00,,,,0.59,0.00,6.37,0.55,0.00,0.00,,,,,,,0.00,0.00,,,0.00,0.00,,0.00,0.00,0.00,0.00,,,0.00,0.00,0.00,0.00,0.00,0.00,,0.00,0.00,,,
WQP_USA_2026,MNPCA-S007-331,Surface Water,45.961727,-94.38348,,5/13/2024,,Undisclosed,,,ng/L,0.40,0.00,,0.00,0.00,0.00,0.44,0.57,0.00,0.00,0.00,,,,0.00,,,,0.00,0.00,4.11,0.34,0.00,0.00,,,,,,,0.00,0.00,,,0.00,0.00,,0.00,0.00,0.00,0.00,,,0.00,0.00,0.00,0.00,0.00,0.00,,0.00,0.00,,,
WQP_USA_2026,MNPCA-S007-331,Surface Water,45.961727,-94.38348,,7/15/2024,,Undisclosed,,,ng/L,0.76,0.00,,0.00,0.31,0.00,0.58,1.07,0.00,0.00,0.00,,,,0.00,,,,0.83,0.00,7.73,0.49,0.00,0.00,,,,,,,0.00,0.00,,,0.00,0.00,,0.00,0.00,0.00,0.00,,,0.00,0.00,0.00,0.00,0.00,0.00,,0.00,0.00,,,
WQP_USA_2026,MNPCA-S007-331,Surface Water,45.961727,-94.38348,,8/14/2024,,Undisclosed,,,ng/L,0.20,0.00,,0.00,0.00,0.00,0.54,0.58,0.00,0.00,0.00,,,,0.00,,,,0.00,0.00,6.19,0.20,0.00,0.00,,,,,,,0.00,0.00,,,0.00,0.00,,0.00,0.00,0.00,0.00,,,0.00,0.00,0.00,0.00,0.00,0.00,,0.00,0.00,,,
WQP_USA_2026,MNPCA-S007-331,Surface Water,45.961727,-94.38348,,9/9/2024,,Undisclosed,,,ng/L,0.27,0.00,,0.00,0.00,0.10,0.00,0.42,0.00,0.00,0.00,,,,0.00,,,,0.00,0.00,5.76,0.19,0.00,0.00,,,,,,,0.00,0.00,,,0.00,0.00,,0.00,0.00,0.00,0.00,,,0.00,0.00,0.00,0.00,0.00,0.00,,0.00,0.00,,,
WQP_USA_2026,MNPCA-S007-331,Surface Water,45.961727,-94.38348,,7/21/2025,,Undisclosed,,,ng/L,0.59,0.00,,0.00,0.24,0.23,0.62,0.67,0.00,0.00,,,,,0.00,,,,0.00,0.00,10.10,0.50,0.00,0.00,,,,,,,0.00,0.00,,,0.00,0.00,,0.00,0.00,0.00,0.00,,,0.00,0.00,0.00,0.00,0.00,0.00,,0.00,0.00,,,0.00
WQP_USA_2026,MNPCA-S007-332,Surface Water,47.023084,-93.274436,,5/14/2024,,Undisclosed,,,ng/L,0.42,0.00,,0.00,0.00,0.00,0.00,0.78,0.00,0.00,0.00,,,,0.00,,,,0.71,0.00,5.10,0.38,0.00,0.00,,,,,,,0.00,0.00,,,0.00,0.00,,0.00,0.00,0.00,0.00,,,0.00,0.00,0.00,0.00,0.00,0.00,,0.00,0.00,,,
WQP_USA_2026,MNPCA-S007-332,Surface Water,47.023084,-93.274436,,7/16/2024,,Undisclosed,,,ng/L,0.68,0.00,,0.00,0.00,0.00,0.60,1.07,0.00,0.00,0.00,,,,0.00,,,,0.57,0.00,6.87,0.39,0.00,0.00,,,,,,,0.00,0.00,,,0.00,0.00,,0.00,0.00,0.00,0.00,,,0.00,0.00,0.00,0.00,0.00,0.00,,0.00,0.00,,,
WQP_USA_2026,MNPCA-S007-332,Surface Water,47.023084,-93.274436,,8/15/2024,,Undisclosed,,,ng/L,0.19,0.00,,0.00,0.00,0.00,0.51,0.51,0.00,0.00,0.00,,,,0.00,,,,0.00,0.00,5.80,0.00,0.00,0.00,,,,,,,0.00,0.00,,,0.00,0.00,,0.00,0.00,0.00,0.00,,,0.00,0.00,0.00,0.00,0.00,0.00,,0.00,0.00,,,
WQP_USA_2026,MNPCA-S007-332,Surface Water,47.023084,-93.274436,,9/10/2024,,Undisclosed,,,ng/L,0.29,0.00,,0.00,0.00,0.00,0.35,0.72,0.00,0.00,0.00,,,,0.00,,,,0.00,0.00,6.01,0.00,0.00,0.00,,,,,,,0.00,0.00,,,0.00,0.00,,0.00,0.00,0.00,0.00,,,0.00,0.00,0.00,0.00,0.00,0.00,,0.00,0.00,,,
WQP_USA_2026,MNPCA-S007-332,Surface Water,47.023084,-93.274436,,7/21/2025,,Undisclosed,,,ng/L,0.64,0.00,,0.00,0.00,0.00,0.62,0.89,0.00,0.00,,,,,0.00,,,,1.10,0.00,10.20,0.43,0.00,0.00,,,,,,,0.00,0.00,,,0.00,0.00,,0.00,0.00,0.00,0.00,,,0.00,0.00,0.00,0.00,0.00,0.00,,0.00,0.00,,,0.00
WQP_USA_2026,MNPCA-S007-333,Surface Water,47.216222,-93.486839,,5/14/2024,,Undisclosed,,,ng/L,0.33,0.00,,0.00,0.00,0.00,0.54,0.76,0.00,0.00,0.00,,,,0.00,,,,0.00,0.00,7.14,0.37,0.00,0.00,,,,,,,0.00,0.00,,,0.00,0.00,,0.00,0.00,0.00,0.00,,,0.00,0.00,0.00,0.00,0.00,0.00,,0.00,0.00,,,
WQP_USA_2026,MNPCA-S007-333,Surface Water,47.216222,-93.486839,,7/16/2024,,Undisclosed,,,ng/L,0.58,0.00,,0.00,0.00,0.00,0.58,0.87,0.00,0.00,0.00,,,,0.00,,,,0.57,0.00,6.32,0.33,0.00,0.00,,,,,,,0.00,0.00,,,0.00,0.00,,0.00,0.00,0.00,0.00,,,0.00,0.00,0.00,0.00,0.00,0.00,,0.00,0.00,,,
WQP_USA_2026,MNPCA-S007-333,Surface Water,47.216222,-93.486839,,8/15/2024,,Undisclosed,,,ng/L,0.17,0.00,,0.00,0.00,0.00,0.40,0.56,0.00,0.00,,,,,0.00,,,,0.00,0.00,5.29,0.00,0.00,0.00,,,,,,,0.00,0.00,,,0.00,0.00,,0.00,,0.00,0.00,,,0.00,0.00,0.00,0.00,0.00,0.00,,0.00,0.00,,,
WQP_USA_2026,MNPCA-S007-333,Surface Water,47.216222,-93.486839,,9/10/2024,,Undisclosed,,,ng/L,0.32,0.00,,0.00,0.00,0.00,0.34,0.73,0.00,0.00,0.00,,,,0.00,,,,0.00,0.00,5.76,0.00,0.00,0.00,,,,,,,0.00,0.00,,,0.00,0.00,,0.00,0.00,0.00,0.00,,,0.00,0.00,0.00,0.00,0.00,0.00,,0.00,0.00,,,
WQP_USA_2026,MNPCA-S007-333,Surface Water,47.216222,-93.486839,,7/21/2025,,Undisclosed,,,ng/L,0.64,0.00,,0.00,0.00,0.00,0.63,0.99,0.00,0.00,,,,,,,,,1.16,0.00,10.50,0.46,0.00,0.00,,,,,,,0.00,0.00,,,0.00,0.00,,0.00,0.00,0.00,0.00,,,0.00,0.00,0.00,0.00,0.00,,,0.00,0.00,,,0.00
WQP_USA_2026,MNPCA-S007-334,Surface Water,47.250893,-93.592809,,5/14/2024,,Undisclosed,,,ng/L,0.40,0.00,,0.00,0.00,0.00,0.44,0.69,0.00,0.00,0.00,,,,0.00,,,,0.00,0.00,7.33,0.40,0.00,0.00,,,,,,,0.00,0.00,,,0.00,0.00,,0.00,0.00,0.00,0.00,,,0.00,0.00,0.00,0.00,0.00,0.00,,0.00,0.00,,,
WQP_USA_2026,MNPCA-S007-334,Surface Water,47.250893,-93.592809,,7/16/2024,,Undisclosed,,,ng/L,0.65,0.00,,0.00,0.00,0.00,0.52,1.00,0.00,0.00,0.00,,,,0.00,,,,0.51,0.00,6.37,0.29,0.00,0.00,,,,,,,0.00,0.00,,,0.00,0.00,,0.00,0.00,0.00,0.00,,,0.00,0.00,0.00,0.00,0.00,0.00,,0.00,0.00,,,
WQP_USA_2026,MNPCA-S007-334,Surface Water,47.250893,-93.592809,,8/15/2024,,Undisclosed,,,ng/L,0.19,0.00,,0.00,0.00,0.00,0.44,0.62,0.00,0.00,0.00,,,,0.00,,,,0.00,0.00,5.66,0.00,0.00,0.00,,,,,,,0.00,0.00,,,0.00,0.00,,0.00,0.00,0.00,0.00,,,0.00,0.00,0.00,0.00,0.00,0.00,,0.00,0.00,,,
WQP_USA_2026,MNPCA-S007-334,Surface Water,47.250893,-93.592809,,9/10/2024,,Undisclosed,,,ng/L,0.19,0.00,,0.00,0.00,0.00,0.31,0.47,0.00,0.00,,,,,0.00,,,,0.00,0.00,5.28,0.00,0.00,0.00,,,,,,,0.00,0.00,,,0.00,0.00,,0.00,,0.00,0.00,,,0.00,0.00,0.00,0.00,0.00,0.00,,0.00,0.00,,,
WQP_USA_2026,MNPCA-S007-334,Surface Water,47.250893,-93.592809,,7/22/2025,,Undisclosed,,,ng/L,0.60,0.00,,0.00,0.00,0.00,0.67,0.86,0.00,0.00,,,,,,,,,0.64,0.00,9.99,0.35,0.00,0.00,,,,,,,0.00,0.00,,,0.00,0.00,,0.00,0.00,0.00,0.00,,,0.00,0.00,0.00,0.00,0.00,,,0.00,0.00,,,0.00
WQP_USA_2026,MNPCA-S007-335,Surface Water,45.305158,-93.685621,,5/29/2024,,Undisclosed,,,ng/L,0.48,0.00,,0.00,0.00,0.00,0.45,0.52,0.00,0.00,0.00,,,,0.00,,,,0.51,0.00,6.54,0.57,0.00,0.00,,,,,,,0.00,0.00,,,0.00,0.00,,0.00,0.00,0.00,0.00,,,0.00,0.00,0.00,0.00,0.00,0.00,,0.00,0.00,,,
WQP_USA_2026,MNPCA-S007-335,Surface Water,45.305158,-93.685621,,6/18/2024,,Undisclosed,,,ng/L,0.45,0.22,,0.00,0.00,0.12,0.48,0.68,0.00,0.00,0.00,,,,0.00,,,,0.40,0.00,5.22,0.48,0.00,0.00,,,,,,,0.00,0.00,,,0.00,0.00,,0.00,0.00,0.00,0.00,,,0.00,0.00,0.00,0.00,0.00,0.00,,0.00,0.00,,,
WQP_USA_2026,MNPCA-S007-335,Surface Water,45.305158,-93.685621,,7/8/2024,,Undisclosed,,,ng/L,0.63,0.00,,0.00,0.00,0.00,0.68,0.83,0.00,0.00,0.00,,,,0.00,,,,0.69,0.00,8.92,0.56,0.00,0.00,,,,,,,0.00,0.00,,,0.00,0.00,,0.00,0.00,0.00,0.00,,,0.00,0.00,0.00,0.00,0.00,0.00,,0.00,0.00,,,
WQP_USA_2026,MNPCA-S007-335,Surface Water,45.305158,-93.685621,,8/12/2024,,Undisclosed,,,ng/L,0.61,0.00,,0.00,0.00,0.00,0.60,0.66,0.00,0.00,0.00,,,,0.00,,,,0.77,0.00,5.93,0.65,0.00,0.00,,,,,,,0.00,0.00,,,0.00,0.00,,0.00,0.00,0.00,0.00,,,0.00,0.00,0.00,0.00,0.00,0.00,,0.00,0.00,,,
WQP_USA_2026,MNPCA-S007-335,Surface Water,45.305158,-93.685621,,9/11/2024,,Undisclosed,,,ng/L,0.51,0.00,,0.00,0.00,0.14,0.73,0.41,0.00,0.00,0.00,,,,0.00,,,,0.87,0.00,6.62,0.73,0.00,0.00,,,,,,,0.00,0.00,,,0.00,0.00,,0.00,0.00,0.00,0.00,,,0.00,0.00,0.00,0.00,0.00,0.00,,0.00,0.00,,,
WQP_USA_2026,MNPCA-S007-336,Surface Water,45.517842,-94.140705,,5/29/2024,,Undisclosed,,,ng/L,0.47,0.00,,0.00,0.00,0.00,0.30,0.53,0.00,0.00,,,,,0.00,,,,0.00,0.00,4.42,0.41,0.00,0.00,,,,,,,0.00,0.00,,,0.00,0.00,,0.00,,0.00,0.00,,,0.00,0.00,0.00,0.00,0.00,0.00,,0.00,0.00,,,
WQP_USA_2026,MNPCA-S007-336,Surface Water,45.517842,-94.140705,,6/18/2024,,Undisclosed,,,ng/L,0.57,0.26,,0.00,0.00,0.00,0.62,0.62,0.00,0.00,0.00,,,,0.00,,,,0.48,0.00,5.72,0.41,0.00,0.00,,,,,,,0.00,0.00,,,0.00,0.00,,0.00,0.00,0.00,0.00,,,0.00,0.00,0.00,0.00,0.00,0.00,,0.00,0.00,,,
WQP_USA_2026,MNPCA-S007-336,Surface Water,45.517842,-94.140705,,7/8/2024,,Undisclosed,,,ng/L,0.68,0.00,,0.00,0.00,0.00,0.63,1.00,0.00,0.00,,,,,0.00,,,,0.68,0.00,8.56,0.55,0.00,0.00,,,,,,,0.00,0.00,,,0.00,0.00,,0.00,0.00,0.00,0.00,,,0.00,0.00,0.00,0.00,0.00,0.00,,0.00,0.00,,,
WQP_USA_2026,MNPCA-S007-336,Surface Water,45.517842,-94.140705,,8/12/2024,,Undisclosed,,,ng/L,0.59,0.00,,0.00,0.00,0.00,0.46,0.50,0.00,0.00,0.00,,,,0.00,,,,0.61,0.00,5.64,0.42,0.00,0.00,,,,,,,0.00,0.00,,,0.00,0.00,,0.00,0.00,0.00,0.00,,,0.00,0.00,0.00,0.00,0.00,0.00,,0.00,0.00,,,
WQP_USA_2026,MNPCA-S007-336,Surface Water,45.517842,-94.140705,,9/10/2024,,Undisclosed,,,ng/L,0.33,0.00,,0.00,0.00,0.00,0.58,0.40,0.00,0.00,0.00,,,,0.00,,,,0.00,0.00,6.12,0.23,0.00,0.00,,,,,,,0.00,0.00,,,0.00,0.00,,0.00,0.00,0.00,0.00,,,0.00,0.00,0.00,0.00,0.00,0.00,,0.00,0.00,,,
WQP_USA_2026,MNPCA-S007-337,Surface Water,46.360681,-94.211255,,7/15/2024,,Undisclosed,,,ng/L,0.65,0.00,,0.00,0.34,0.00,0.00,0.89,0.00,0.00,0.00,,,,0.00,,,,0.60,0.00,7.64,0.46,0.00,0.00,,,,,,,0.00,0.00,,,0.00,0.00,,0.00,0.00,0.00,0.00,,,0.00,0.00,0.00,0.00,0.00,0.00,,0.00,0.00,,,
WQP_USA_2026,MNPCA-S007-337,Surface Water,46.360681,-94.211255,,8/14/2024,,Undisclosed,,,ng/L,0.24,0.00,,0.00,0.00,0.00,0.58,0.51,0.00,0.00,0.00,,,,0.00,,,,0.00,0.00,6.41,0.18,0.00,0.00,,,,,,,0.00,0.00,,,0.00,0.00,,0.00,0.00,0.00,0.00,,,0.00,0.00,0.00,0.00,0.00,0.00,,0.00,0.00,,,
WQP_USA_2026,MNPCA-S007-337,Surface Water,46.360681,-94.211255,,9/9/2024,,Undisclosed,,,ng/L,0.48,0.00,,0.00,0.00,0.00,0.54,0.70,0.00,0.00,0.00,,,,0.00,,,,0.00,0.00,7.22,0.00,0.00,0.00,,,,,,,0.00,0.00,,,0.00,0.00,,0.00,0.00,0.00,0.00,,,0.00,0.00,0.00,0.00,0.00,0.00,,0.00,0.00,,,
WQP_USA_2026,MNPCA-S007-337,Surface Water,46.360681,-94.211255,,5/14/2025,,Undisclosed,,,ng/L,0.72,0.00,,0.00,0.00,0.00,0.00,0.80,0.00,0.00,,,,,0.00,,,,0.00,0.00,5.72,0.54,0.00,0.00,,,,,,,0.00,0.00,,,0.00,0.00,,0.00,0.00,0.00,0.00,,,0.00,0.00,0.00,0.00,0.00,0.00,,0.00,0.00,,,0.00
WQP_USA_2026,MNPCA-S007-337,Surface Water,46.360681,-94.211255,,7/21/2025,,Undisclosed,,,ng/L,0.59,0.00,,0.00,0.23,0.00,0.68,0.70,0.00,0.00,,,,,0.00,,,,0.00,0.00,11.40,0.49,0.00,0.00,,,,,,,0.00,0.00,,,0.00,0.00,,0.00,0.00,0.00,0.00,,,0.00,0.00,0.00,0.00,0.00,0.00,,0.00,0.00,,,0.00
WQP_USA_2026,MNPCA-S007-415,Surface Water,47.615772,-90.776651,,5/23/2024,,Undisclosed,,,ng/L,0.00,0.00,,0.00,0.00,0.00,0.00,0.00,0.00,0.00,0.00,,,,0.00,,,,0.00,0.00,1.75,0.21,0.00,0.00,,,,,,,0.00,0.00,,,0.00,0.00,,0.00,0.00,0.00,0.00,,,0.00,0.00,0.00,0.00,0.00,0.00,,0.00,0.00,,,
WQP_USA_2026,MNPCA-S007-415,Surface Water,47.615772,-90.776651,,6/25/2024,,Undisclosed,,,ng/L,0.00,0.00,,0.00,0.00,0.00,0.00,0.00,0.00,0.00,0.00,,,,0.00,,,,0.00,0.00,2.39,0.00,0.00,0.00,,,,,,,0.00,0.00,,,0.00,0.00,,0.00,0.00,0.00,0.00,,,0.00,0.00,0.00,0.00,0.00,0.00,,0.00,0.00,,,
WQP_USA_2026,MNPCA-S007-415,Surface Water,47.615772,-90.776651,,7/16/2024,,Undisclosed,,,ng/L,0.00,0.00,,0.00,0.00,0.00,0.00,0.36,0.00,0.00,,,,,0.00,,,,0.00,0.00,3.14,0.00,0.00,0.00,,,,,,,0.00,0.00,,,0.00,0.00,,0.00,,0.00,0.00,,,0.00,0.00,0.00,0.00,0.00,0.00,,0.00,0.00,,,
WQP_USA_2026,MNPCA-S007-415,Surface Water,47.615772,-90.776651,,8/20/2024,,Undisclosed,,,ng/L,0.00,0.00,,0.00,0.00,0.00,0.00,0.00,0.00,0.00,,,,,,,,,0.00,0.00,0.00,0.00,0.00,0.00,,,,,,,0.00,0.00,,,0.00,0.00,,0.00,,0.00,0.00,,,0.00,0.00,0.00,0.00,0.00,0.00,,0.00,0.00,,,
WQP_USA_2026,MNPCA-S007-415,Surface Water,47.615772,-90.776651,,9/25/2024,,Undisclosed,,,ng/L,0.00,0.00,,0.00,0.00,0.00,0.00,0.00,0.00,0.00,0.00,,,,0.00,,,,0.00,0.00,0.42,0.00,0.00,0.00,,,,,,,0.00,0.00,,,0.00,0.00,,0.00,0.00,0.00,0.00,,,0.00,0.00,0.00,0.00,0.00,0.00,,0.00,0.00,,,
WQP_USA_2026,MNPCA-S007-544,Surface Water,47.4242,-91.2337,,5/22/2024,,Undisclosed,,,ng/L,0.00,0.00,,0.00,0.00,0.00,0.00,0.33,0.00,0.00,,,,,0.00,,,,0.00,0.00,2.15,0.00,0.00,0.00,,,,,,,0.00,0.00,,,0.00,0.00,,0.00,,0.00,0.00,,,0.00,0.00,0.00,0.00,0.00,0.00,,0.00,0.00,,,
WQP_USA_2026,MNPCA-S007-544,Surface Water,47.4242,-91.2337,,6/24/2024,,Undisclosed,,,ng/L,0.29,0.00,,0.00,0.00,0.00,0.00,0.63,0.00,0.00,0.00,,,,0.00,,,,0.00,0.00,3.09,0.22,0.00,0.00,,,,,,,0.00,0.00,,,0.00,0.00,,0.00,0.00,0.00,0.00,,,0.00,0.00,0.00,0.00,0.00,0.00,,0.00,0.00,,,
WQP_USA_2026,MNPCA-S007-544,Surface Water,47.4242,-91.2337,,7/8/2024,,Undisclosed,,,ng/L,0.22,0.00,,0.00,0.00,0.00,0.00,0.27,0.00,0.00,0.00,,,,0.00,,,,0.00,0.00,2.43,0.00,0.00,0.00,,,,,,,0.00,0.00,,,0.00,0.00,,0.00,0.00,0.00,0.00,,,0.00,0.00,0.00,0.00,0.00,0.00,,0.00,0.00,,,
WQP_USA_2026,MNPCA-S007-544,Surface Water,47.4242,-91.2337,,8/5/2024,,Undisclosed,,,ng/L,0.00,0.00,,0.00,0.00,0.00,0.00,0.43,0.00,0.00,,,,,0.00,,,,0.82,0.00,2.06,0.00,0.00,0.00,,,,,,,0.00,0.00,,,0.00,0.00,,0.00,,0.00,0.00,,,0.00,0.00,0.00,0.00,0.00,0.00,,0.00,0.00,,,
WQP_USA_2026,MNPCA-S007-544,Surface Water,47.4242,-91.2337,,9/4/2024,,Undisclosed,,,ng/L,0.00,0.00,,0.00,0.00,0.00,0.00,0.23,0.00,0.00,0.00,,,,0.00,,,,2.26,0.00,2.92,0.00,0.00,0.00,,,,,,,0.00,0.00,,,0.00,0.00,,0.00,0.00,0.00,0.00,,,0.00,0.00,0.00,0.00,0.00,0.00,,0.00,0.00,,,
WQP_USA_2026,MNPCA-S007-545,Surface Water,47.4147,-91.246044,,5/22/2024,,Undisclosed,,,ng/L,0.30,0.00,,0.00,0.00,0.00,0.00,0.48,0.00,0.00,0.00,,,,0.00,,,,0.00,0.00,2.99,0.31,0.00,0.00,,,,,,,0.00,0.00,,,0.00,0.00,,0.00,0.00,0.00,0.00,,,0.00,0.00,0.00,0.00,0.00,0.00,,0.00,0.00,,,
WQP_USA_2026,MNPCA-S007-545,Surface Water,47.4147,-91.246044,,6/24/2024,,Undisclosed,,,ng/L,0.50,0.00,,0.00,0.00,0.00,0.32,0.90,0.00,0.00,0.00,,,,0.00,,,,0.00,0.00,6.44,0.28,0.00,0.00,,,,,,,0.00,0.00,,,0.00,0.00,,0.00,0.00,0.00,0.00,,,0.00,0.00,0.00,0.00,0.00,0.00,,0.00,0.00,,,
WQP_USA_2026,MNPCA-S007-545,Surface Water,47.4147,-91.246044,,7/8/2024,,Undisclosed,,,ng/L,0.46,0.00,,0.00,0.00,0.00,0.00,0.67,0.00,0.00,,,,,0.00,,,,0.00,0.00,4.57,0.25,0.00,0.00,,,,,,,0.00,0.00,,,0.00,0.00,,0.00,,0.00,0.00,,,0.00,0.00,0.00,0.00,0.00,0.00,,0.00,0.00,,,
WQP_USA_2026,MNPCA-S007-545,Surface Water,47.4147,-91.246044,,8/5/2024,,Undisclosed,,,ng/L,0.52,0.00,,0.00,0.00,0.00,0.32,0.97,0.00,0.00,0.00,,,,0.00,,,,0.35,0.00,7.54,0.24,0.00,0.00,,,,,,,0.00,0.00,,,0.00,0.00,,0.00,0.00,0.00,0.00,,,0.00,0.00,0.00,0.00,0.00,0.00,,0.00,0.00,,,
WQP_USA_2026,MNPCA-S007-545,Surface Water,47.4147,-91.246044,,9/4/2024,,Undisclosed,,,ng/L,0.00,0.00,,0.00,0.00,0.00,0.00,0.00,0.00,0.00,0.00,,,,0.00,,,,0.00,0.00,4.04,0.00,0.00,0.00,,,,,,,0.00,0.00,,,0.00,0.00,,0.00,0.00,0.00,0.00,,,0.00,0.00,0.00,0.00,0.00,0.00,,0.00,0.00,,,
WQP_USA_2026,MNPCA-S007-548,Surface Water,47.547018,-90.90199,,5/23/2024,,Undisclosed,,,ng/L,0.00,0.00,,0.00,0.00,0.00,0.00,0.53,0.00,0.00,0.00,,,,0.00,,,,0.00,0.00,1.59,0.26,0.00,0.00,,,,,,,0.00,0.00,,,0.00,0.00,,0.00,0.00,0.00,0.00,,,0.00,0.00,0.00,0.00,0.00,0.00,,0.00,0.00,,,
WQP_USA_2026,MNPCA-S007-548,Surface Water,47.547018,-90.90199,,6/25/2024,,Undisclosed,,,ng/L,0.30,0.00,,0.00,0.00,0.00,0.00,0.74,0.00,0.00,,,,,0.00,,,,0.00,0.00,4.13,0.00,0.00,0.00,,,,,,,0.00,0.00,,,0.00,0.00,,0.00,,0.00,0.00,,,0.00,0.00,0.00,0.00,0.00,0.00,,0.00,0.00,,,
WQP_USA_2026,MNPCA-S007-548,Surface Water,47.547018,-90.90199,,7/16/2024,,Undisclosed,,,ng/L,0.24,0.00,,0.00,0.00,0.00,0.00,0.53,0.00,0.00,,,,,0.00,,,,0.00,0.00,3.23,0.00,0.00,0.00,,,,,,,0.00,0.00,,,0.00,0.00,,0.00,,0.00,0.00,,,0.00,0.00,0.00,0.00,0.00,0.00,,0.00,0.00,,,
WQP_USA_2026,MNPCA-S007-548,Surface Water,47.547018,-90.90199,,8/20/2024,,Undisclosed,,,ng/L,0.00,0.00,,0.00,0.00,0.00,0.00,0.00,0.00,0.00,0.00,,,,0.00,,,,0.00,0.00,0.76,0.00,0.00,0.00,,,,,,,0.00,0.00,,,0.00,0.00,,0.00,0.00,0.00,0.00,,,0.00,0.00,0.00,0.00,0.00,0.00,,0.00,0.00,,,
WQP_USA_2026,MNPCA-S007-548,Surface Water,47.547018,-90.90199,,9/25/2024,,Undisclosed,,,ng/L,0.00,0.00,,0.00,0.00,0.00,0.00,0.00,0.00,0.00,,,,,0.00,,,,0.00,0.00,0.56,0.00,0.00,0.00,,,,,,,0.00,0.00,,,0.00,0.00,,0.00,,0.00,0.00,,,0.00,0.00,0.00,0.00,0.00,0.00,,0.00,0.00,,,
WQP_USA_2026,MNPCA-S007-594,Surface Water,46.84723,-92.111196,,5/14/2024,,Undisclosed,,,ng/L,2.17,4.21,,0.00,0.00,10.60,2.81,1.11,0.16,0.00,0.00,,,,0.00,,,,1.92,2.45,4.35,4.48,0.00,0.00,,,,,,,0.00,0.00,,,0.00,0.00,,0.00,0.00,0.00,0.00,,,0.00,0.00,0.00,0.00,0.00,0.00,,0.00,0.00,,,
WQP_USA_2026,MNPCA-S007-779,Surface Water,47.791413,-91.320375,,5/20/2025,,Undisclosed,,,ng/L,0.46,0.31,,0.00,0.00,0.00,0.00,0.48,0.00,0.00,,,,,,,,,0.00,0.00,2.75,0.43,0.00,0.00,,,,,,,0.00,0.00,,,0.00,0.00,,0.00,0.00,0.00,0.00,,,0.00,0.00,0.00,0.00,0.00,,,0.00,0.00,,,0.00
WQP_USA_2026,MNPCA-S007-779,Surface Water,47.791413,-91.320375,,6/25/2025,,Undisclosed,,,ng/L,0.00,,,,,,,0.00,0.00,,,,,,,,,,,0.00,4.33,0.00,,,,,,,,,,,,,,,,,,,,,,0.00,,,0.00,,,,,,,,
WQP_USA_2026,MNPCA-S007-779,Surface Water,47.791413,-91.320375,,7/10/2025,,Undisclosed,,,ng/L,1.02,0.00,,0.00,0.00,0.00,0.00,0.69,0.00,0.00,,,,,,,,,0.00,0.00,3.76,0.36,0.00,0.00,,,,,,,0.00,0.00,,,0.00,0.00,,0.00,0.00,0.00,0.00,,,0.00,0.00,0.00,0.00,0.00,,,0.00,0.00,,,0.00
WQP_USA_2026,MNPCA-S007-779,Surface Water,47.791413,-91.320375,,8/5/2025,,Undisclosed,,,ng/L,0.46,0.00,,0.00,0.46,0.00,0.47,0.86,0.00,0.00,,,,,0.00,,,,0.00,0.00,10.10,0.50,0.00,0.00,,,,,,,0.00,0.00,,,0.00,0.00,,0.00,0.00,0.00,0.00,,,0.00,0.00,0.00,0.00,0.00,0.00,,0.00,0.00,,,0.00
WQP_USA_2026,MNPCA-S007-779,Surface Water,47.791413,-91.320375,,9/17/2025,,Undisclosed,,,ng/L,0.36,0.00,,0.00,0.42,0.00,0.44,0.61,0.00,0.00,,,,,,,,,0.00,0.00,6.71,0.30,0.00,0.00,,,,,,,0.00,0.00,,,0.00,0.00,,0.00,0.00,0.00,0.00,,,0.00,0.00,0.00,0.00,0.00,,,0.00,0.00,,,0.00
WQP_USA_2026,MNPCA-S007-783,Surface Water,47.503471,-91.113355,,6/24/2024,,Undisclosed,,,ng/L,0.42,0.00,,0.00,0.00,0.00,0.00,0.66,0.00,0.00,0.00,,,,0.00,,,,0.00,0.00,4.69,0.29,0.00,0.00,,,,,,,0.00,0.00,,,0.00,0.00,,0.00,0.00,0.00,0.00,,,0.00,0.00,0.00,0.00,0.00,0.00,,0.00,0.00,,,
WQP_USA_2026,MNPCA-S007-783,Surface Water,47.503471,-91.113355,,7/8/2024,,Undisclosed,,,ng/L,0.34,0.00,,0.00,0.00,0.00,0.00,0.54,0.00,0.00,0.00,,,,0.00,,,,0.00,0.00,3.64,0.24,0.00,0.00,,,,,,,0.00,0.00,,,0.00,0.00,,0.00,0.00,0.00,0.00,,,0.00,0.00,0.00,0.00,0.00,0.00,,0.00,0.00,,,
WQP_USA_2026,MNPCA-S007-783,Surface Water,47.503471,-91.113355,,8/5/2024,,Undisclosed,,,ng/L,0.31,0.00,,0.00,0.00,0.00,0.00,0.56,0.00,0.00,0.00,,,,0.00,,,,0.31,0.00,3.97,0.00,0.00,0.00,,,,,,,0.00,0.00,,,0.00,0.00,,0.00,0.00,0.00,0.00,,,0.00,0.00,0.00,0.00,0.00,0.00,,0.00,0.00,,,
WQP_USA_2026,MNPCA-S007-783,Surface Water,47.503471,-91.113355,,9/4/2024,,Undisclosed,,,ng/L,0.00,0.00,,0.00,0.00,0.00,0.00,0.00,0.00,0.00,0.00,,,,0.00,,,,0.00,0.00,2.84,0.00,0.00,0.00,,,,,,,0.00,0.00,,,0.00,0.00,,0.00,0.00,0.00,0.00,,,0.00,0.00,0.00,0.00,0.00,0.00,,0.00,0.00,,,
WQP_USA_2026,MNPCA-S007-899,Surface Water,47.774552,-91.488378,,5/20/2025,,Undisclosed,,,ng/L,0.41,0.30,,0.00,0.00,0.00,0.00,0.43,0.00,0.00,,,,,,,,,0.00,0.00,2.95,0.39,0.00,0.00,,,,,,,0.00,0.00,,,0.00,0.00,,0.00,0.00,0.00,0.00,,,0.00,0.00,0.00,0.00,0.00,,,0.00,0.00,,,0.00
WQP_USA_2026,MNPCA-S007-899,Surface Water,47.774552,-91.488378,,6/25/2025,,Undisclosed,,,ng/L,0.00,,,,,,,0.00,0.00,,,,,,,,,,,0.00,3.66,,,,,,,,,,,,,,,,,,,,,,,0.00,,,0.00,,,,,,,,
WQP_USA_2026,MNPCA-S007-899,Surface Water,47.774552,-91.488378,,7/10/2025,,Undisclosed,,,ng/L,0.00,0.00,,0.00,0.00,0.00,0.00,0.23,0.00,0.00,,,,,,,,,0.00,0.00,2.87,0.27,0.00,0.00,,,,,,,0.00,0.00,,,0.00,0.00,,0.00,0.00,0.00,0.00,,,0.00,0.00,0.00,0.00,0.00,,,0.00,0.00,,,0.00
WQP_USA_2026,MNPCA-S007-899,Surface Water,47.774552,-91.488378,,8/5/2025,,Undisclosed,,,ng/L,0.35,0.00,,0.00,0.28,0.00,0.00,0.54,0.00,0.00,,,,,0.00,,,,0.00,0.00,3.40,0.34,0.00,0.00,,,,,,,0.00,0.00,,,0.00,0.00,,0.00,0.00,0.00,0.00,,,0.00,0.00,0.00,0.00,0.00,0.00,,0.00,0.00,,,0.00
WQP_USA_2026,MNPCA-S007-899,Surface Water,47.774552,-91.488378,,9/17/2025,,Undisclosed,,,ng/L,0.37,0.00,,0.00,0.29,0.00,0.27,0.55,0.00,0.00,,,,,,,,,0.00,0.00,5.51,0.23,0.00,0.00,,,,,,,0.00,0.00,,,0.00,0.00,,0.00,0.00,0.00,0.00,,,0.00,0.00,0.00,0.00,0.00,,,0.00,0.00,,,0.00
WQP_USA_2026,MNPCA-S007-902,Surface Water,48.36776,-92.87394,,5/19/2025,,Undisclosed,,,ng/L,0.49,0.00,,0.00,0.00,0.00,0.00,0.67,0.00,0.00,,,,,0.00,,,,0.00,0.00,5.93,0.48,0.00,0.00,,,,,,,0.00,0.00,,,0.00,0.00,,0.00,0.00,0.00,0.00,,,0.00,0.00,0.00,0.00,0.00,0.00,,0.00,0.00,,,0.00
WQP_USA_2026,MNPCA-S007-902,Surface Water,48.36776,-92.87394,,6/24/2025,,Undisclosed,,,ng/L,0.00,,,,,,,0.00,0.00,,,,,,,,,,,0.00,3.00,,,,,,,,,,,,,,,,,,,,,,,0.00,,,0.00,,,,,,,,
WQP_USA_2026,MNPCA-S007-902,Surface Water,48.36776,-92.87394,,7/9/2025,,Undisclosed,,,ng/L,0.44,0.00,,0.00,0.00,0.00,0.00,0.54,0.00,0.00,,,,,0.00,,,,0.00,0.00,7.77,0.50,0.00,0.00,,,,,,,0.00,0.00,,,0.00,0.00,,0.00,0.00,0.00,0.00,,,0.00,0.00,0.00,0.00,0.00,0.00,,0.00,0.00,,,0.00
WQP_USA_2026,MNPCA-S007-902,Surface Water,48.36776,-92.87394,,8/4/2025,,Undisclosed,,,ng/L,0.51,0.00,,0.00,0.37,0.00,0.34,0.72,0.00,0.00,,,,,0.00,,,,0.00,0.00,6.15,0.49,0.00,0.00,,,,,,,0.00,0.00,,3.24,0.00,0.00,3.29,0.00,0.00,0.00,0.00,,,0.00,0.46,0.00,0.00,0.00,0.00,,0.00,0.00,,,0.00
WQP_USA_2026,MNPCA-S007-904,Surface Water,48.2852,-92.88415,,5/19/2025,,Undisclosed,,,ng/L,0.56,0.00,,0.00,0.00,0.00,0.00,0.69,0.00,0.00,,,,,,,,,0.00,0.00,3.97,0.46,0.00,0.00,,,,,,,0.00,0.00,,,0.00,0.00,,0.00,0.00,0.00,0.00,,,0.00,0.00,0.00,0.00,0.00,,,0.00,0.00,,,0.00
WQP_USA_2026,MNPCA-S007-904,Surface Water,48.2852,-92.88415,,6/24/2025,,Undisclosed,,,ng/L,0.00,,,,,,,0.00,0.00,,,,,,,,,,,0.00,4.83,,,,,,,,,,,,,,,,,,,,,,,0.00,,,0.00,,,,,,,,
WQP_USA_2026,MNPCA-S007-904,Surface Water,48.2852,-92.88415,,7/9/2025,,Undisclosed,,,ng/L,0.45,0.00,,0.00,0.00,0.00,0.00,0.61,0.00,0.00,,,,,,,,,0.00,0.00,7.72,0.43,0.00,0.00,,,,,,,0.00,0.00,,,0.00,0.00,,0.00,0.00,0.00,0.00,,,0.00,0.00,0.00,0.00,0.00,,,0.00,0.00,,,0.00
WQP_USA_2026,MNPCA-S007-904,Surface Water,48.2852,-92.88415,,8/4/2025,,Undisclosed,,,ng/L,0.51,0.00,,0.00,0.31,0.00,0.47,0.78,0.00,0.00,,,,,0.00,,,,0.00,0.00,5.04,0.45,0.00,0.00,,,,,,,0.00,0.00,,,0.00,0.00,,0.00,0.00,0.00,0.00,,,0.00,0.00,0.00,0.00,0.00,0.00,,0.00,0.00,,,0.00
WQP_USA_2026,MNPCA-S008-062,Surface Water,44.602348,-92.568169,,7/16/2024,,Undisclosed,,,ng/L,2.20,1.32,,0.00,0.00,0.24,1.08,0.70,0.00,0.00,0.00,,,,0.00,,,,1.11,0.00,11.30,0.72,0.00,0.00,,,,,,,0.00,0.00,,,0.00,0.00,,0.00,0.00,0.00,0.00,,,0.00,0.00,0.00,0.00,0.00,0.00,,0.00,0.00,,,
WQP_USA_2026,MNPCA-S008-062,Surface Water,44.602348,-92.568169,,8/13/2024,,Undisclosed,,,ng/L,3.18,1.70,,0.00,0.00,0.48,1.31,0.57,0.00,0.00,0.00,,,,0.00,,,,1.45,0.00,13.50,1.43,0.00,0.00,,,,,,,0.00,0.00,,,0.00,0.00,,0.00,0.00,0.00,0.00,,,0.00,0.00,0.00,0.00,0.00,0.00,,0.00,0.00,,,
WQP_USA_2026,MNPCA-S008-062,Surface Water,44.602348,-92.568169,,9/10/2024,,Undisclosed,,,ng/L,3.37,2.17,,0.00,0.00,0.83,1.66,0.85,0.00,0.00,0.00,,,,0.00,,,,2.29,0.00,16.10,2.41,0.00,0.00,,,,,,,0.00,0.00,,,0.00,0.00,,0.00,0.00,0.00,0.00,,,0.00,0.00,0.00,0.00,0.00,0.00,,0.00,0.00,,,
WQP_USA_2026,MNPCA-S008-062,Surface Water,44.602348,-92.568169,,5/21/2025,,Undisclosed,,,ng/L,4.51,2.76,,0.00,0.37,0.97,1.86,0.80,0.00,0.00,,,,,,,,,2.30,0.24,17.40,2.17,0.00,0.00,,,,,,,0.00,0.00,,,0.00,0.00,,0.00,0.00,0.00,0.00,,,0.00,0.00,0.00,0.00,0.00,,,0.00,0.00,,,0.00
WQP_USA_2026,MNPCA-S008-062,Surface Water,44.602348,-92.568169,,6/5/2025,,Undisclosed,,,ng/L,3.32,2.21,,0.00,0.00,0.87,1.34,0.79,0.20,0.00,,,,,,,,,1.26,0.38,11.20,1.23,0.00,0.00,,,,,,,0.00,0.00,,,0.00,0.00,,0.44,0.00,0.00,0.00,,,0.00,0.00,0.00,0.00,0.00,,,0.00,0.00,,,0.00
WQP_USA_2026,MNPCA-S008-994,Surface Water,44.563188,-92.459991,,5/14/2024,,Undisclosed,,,ng/L,1.68,1.04,,0.00,0.00,0.40,0.66,0.52,0.00,0.00,,,,,0.00,,,,0.69,0.00,7.22,1.24,0.00,0.00,,,,,,,0.00,0.00,,,0.00,0.00,,0.00,,0.00,0.00,,,0.00,0.00,0.00,0.00,0.00,0.00,,0.00,0.00,,,
WQP_USA_2026,MNPCA-S008-994,Surface Water,44.563188,-92.459991,,7/16/2024,,Undisclosed,,,ng/L,2.11,1.33,,0.00,0.00,0.22,0.85,0.57,0.00,0.00,0.00,,,,0.00,,,,1.14,0.00,11.70,0.88,0.00,0.00,,,,,,,0.00,0.00,,,0.00,0.00,,0.00,0.00,0.00,0.00,,,0.00,0.00,0.00,0.00,0.00,0.00,,0.00,0.00,,,
WQP_USA_2026,MNPCA-S008-994,Surface Water,44.563188,-92.459991,,8/13/2024,,Undisclosed,,,ng/L,3.24,1.43,,0.00,0.00,0.52,1.35,0.57,0.00,0.00,0.00,,,,0.00,,,,1.40,0.00,13.90,1.33,0.00,0.00,,,,,,,0.00,0.00,,,0.00,0.00,,0.00,0.00,0.00,0.00,,,0.00,0.00,0.00,0.00,0.00,0.00,,0.00,0.00,,,
WQP_USA_2026,MNPCA-S008-994,Surface Water,44.563188,-92.459991,,9/10/2024,,Undisclosed,,,ng/L,3.28,2.07,,0.00,0.00,0.87,1.89,0.88,0.00,0.00,0.00,,,,0.00,,,,2.23,0.00,17.00,1.86,0.00,0.00,,,,,,,0.00,0.00,,,0.00,0.00,,0.00,0.00,0.00,0.00,,,0.00,0.00,0.00,0.00,0.00,0.00,,0.00,0.00,,,
WQP_USA_2026,MNPCA-S008-994,Surface Water,44.563188,-92.459991,,6/5/2025,,Undisclosed,,,ng/L,3.61,2.27,,0.00,0.00,0.76,1.23,0.58,0.00,0.00,,,,,,,,,1.15,0.00,12.00,1.55,0.00,0.00,,,,,,,0.00,0.00,,,0.00,0.00,,0.00,0.00,0.00,0.00,,,0.00,0.00,0.00,0.00,0.00,,,0.00,0.00,,,0.00
WQP_USA_2026,MNPCA-S008-996,Surface Water,44.652178,-92.642098,,7/16/2024,,Undisclosed,,,ng/L,2.28,1.37,,0.00,0.00,0.23,0.84,0.61,0.00,0.00,,,,,0.00,,,,1.16,0.00,11.80,0.72,0.00,0.00,,,,,,,0.00,0.00,,,0.00,0.00,,0.00,,0.00,0.00,,,0.00,0.00,0.00,0.00,0.00,0.00,,0.00,0.00,,,
WQP_USA_2026,MNPCA-S008-996,Surface Water,44.652178,-92.642098,,8/13/2024,,Undisclosed,,,ng/L,3.17,1.62,,0.00,0.00,0.48,1.30,0.65,0.00,0.00,0.00,,,,0.00,,,,1.55,0.00,12.80,0.97,0.00,0.00,,,,,,,0.00,0.00,,,0.00,0.00,,0.00,0.00,0.00,0.00,,,0.00,0.00,0.00,0.00,0.00,0.00,,0.00,0.00,,,
WQP_USA_2026,MNPCA-S008-996,Surface Water,44.652178,-92.642098,,9/10/2024,,Undisclosed,,,ng/L,3.57,2.20,,0.00,0.00,0.85,1.82,0.88,0.00,0.00,0.00,,,,0.00,,,,2.24,0.00,15.40,1.14,0.00,0.00,,,,,,,0.00,0.00,,,0.00,0.00,,0.00,0.00,0.00,0.00,,,0.00,0.00,0.00,0.00,0.00,0.00,,0.00,0.00,,,
WQP_USA_2026,MNPCA-S008-996,Surface Water,44.652178,-92.642098,,5/21/2025,,Undisclosed,,,ng/L,4.16,2.80,,0.00,0.44,0.84,2.07,0.79,0.00,0.00,,,,,,,,,1.92,0.20,16.20,1.27,0.00,0.00,,,,,,,0.00,0.00,,,0.00,0.00,,0.00,0.00,0.00,0.00,,,0.00,0.00,0.00,0.00,0.00,,,0.00,0.00,,,0.00
WQP_USA_2026,MNPCA-S008-996,Surface Water,44.652178,-92.642098,,6/5/2025,,Undisclosed,,,ng/L,3.41,2.70,,0.00,0.00,0.90,1.49,0.65,0.00,0.00,,,,,,,,,1.58,0.00,12.50,1.17,0.00,0.00,,,,,,,0.00,0.00,,,0.00,0.00,,0.50,0.00,0.00,0.00,,,0.00,0.00,0.00,0.00,0.00,,,0.00,0.00,,,0.00
WQP_USA_2026,MNPCA-S009-001,Surface Water,44.773681,-92.995679,,7/22/2024,,Undisclosed,,,ng/L,2.61,1.16,,0.00,0.00,0.41,1.09,0.69,0.00,0.00,,,,,0.00,,,,0.80,0.00,7.98,0.69,0.00,0.00,,,,,,,0.00,0.00,,,0.00,0.00,,0.00,,0.00,0.00,,,0.00,0.00,0.00,0.00,0.00,0.00,,0.00,0.00,,,
WQP_USA_2026,MNPCA-S009-001,Surface Water,44.773681,-92.995679,,8/12/2024,,Undisclosed,,,ng/L,2.73,1.01,,0.00,0.00,0.49,1.09,0.59,0.00,0.00,0.00,,,,0.00,,,,0.85,0.00,8.29,0.82,0.00,0.00,,,,,,,0.00,0.00,,,0.00,0.00,,0.00,0.00,0.00,0.00,,,0.00,0.00,0.00,0.00,0.00,0.00,,0.00,0.00,,,
WQP_USA_2026,MNPCA-S009-001,Surface Water,44.773681,-92.995679,,9/9/2024,,Undisclosed,,,ng/L,2.97,1.56,,0.00,0.00,0.67,1.47,0.62,0.00,0.00,0.00,,,,0.00,,,,1.30,0.00,11.40,1.18,0.00,0.00,,,,,,,0.00,0.00,,,0.00,0.00,,0.00,0.00,0.00,0.00,,,0.00,0.00,0.00,0.00,0.00,0.00,,0.00,0.00,,,
WQP_USA_2026,MNPCA-S009-001,Surface Water,44.773681,-92.995679,,9/30/2024,,Undisclosed,,,ng/L,3.08,2.32,,0.00,0.57,1.34,2.27,0.98,0.20,0.00,0.00,,,,0.00,,,,2.48,0.32,12.10,1.83,0.00,0.00,,,,,,,0.00,0.00,,,0.00,0.00,,0.00,0.00,0.00,0.00,,,0.00,0.00,0.00,0.32,0.00,0.00,,0.00,0.00,,,
WQP_USA_2026,MNPCA-S009-001,Surface Water,44.773681,-92.995679,,6/9/2025,,Undisclosed,,,ng/L,1.22,1.26,,0.00,0.00,0.00,0.54,0.00,0.00,0.00,,,,,,,,,0.00,0.00,6.33,0.90,0.00,0.00,,,,,,,0.00,0.00,,,0.00,0.00,,0.00,0.00,0.00,0.00,,,0.00,0.00,0.00,0.00,0.00,,,0.00,0.00,,,0.00
WQP_USA_2026,MNPCA-S009-117,Surface Water,46.856585,-92.099949,,5/14/2024,,Undisclosed,,,ng/L,2.28,2.90,,0.00,0.36,0.76,1.22,0.90,0.00,0.00,0.00,,,,0.00,,,,1.74,0.00,5.38,1.71,0.00,0.00,,,,,,,0.00,0.00,,,0.00,0.00,,0.00,0.00,0.00,0.00,,,0.00,0.00,0.00,0.00,0.00,0.00,,0.00,0.00,,,
WQP_USA_2026,MNPCA-S012-288,Surface Water,44.02331841,-91.53605948,,5/14/2024,,Undisclosed,,,ng/L,0.00,0.00,,0.00,0.00,0.00,0.00,0.00,0.00,0.00,0.00,,,,0.00,,,,0.65,0.00,6.63,0.00,0.00,0.00,,,,,,,0.00,0.00,,,0.00,0.00,,0.00,0.00,0.00,0.00,,,0.00,0.00,0.00,0.00,0.00,0.00,,0.00,0.00,,,
WQP_USA_2026,MNPCA-S012-288,Surface Water,44.02331841,-91.53605948,,7/16/2024,,Undisclosed,,,ng/L,1.83,1.18,,0.00,0.00,0.00,0.92,0.65,0.00,0.00,0.00,,,,0.00,,,,0.94,0.00,10.50,0.78,0.00,0.00,,,,,,,0.00,0.00,,,0.00,0.00,,0.00,0.00,0.00,0.00,,,0.00,0.00,0.00,0.00,0.00,0.00,,0.00,0.00,,,
WQP_USA_2026,MNPCA-S012-288,Surface Water,44.02331841,-91.53605948,,8/13/2024,,Undisclosed,,,ng/L,2.42,1.36,,0.00,0.00,0.45,1.03,0.61,0.00,0.00,0.00,,,,0.00,,,,1.53,0.00,11.00,1.26,0.00,0.00,,,,,,,0.00,0.00,,,0.00,0.00,,0.00,0.00,0.00,0.00,,,0.00,0.00,0.00,0.00,0.00,0.00,,0.00,0.00,,,
WQP_USA_2026,MNPCA-S012-288,Surface Water,44.02331841,-91.53605948,,9/17/2024,,Undisclosed,,,ng/L,2.67,1.62,,0.00,0.00,0.68,1.55,0.78,0.00,0.00,0.00,,,,0.00,,,,1.78,0.00,12.60,2.07,0.00,0.00,,,,,,,0.00,0.00,,,0.00,0.00,,0.00,0.00,0.00,0.00,,,0.00,0.00,0.00,0.00,0.00,0.00,,0.00,0.00,,,
WQP_USA_2026,MNPCA-S012-288,Surface Water,44.02331841,-91.53605948,,6/26/2025,,Undisclosed,,,ng/L,2.73,,,0.00,0.00,0.63,1.35,0.53,0.00,0.00,,,,,,,,,0.00,0.00,10.30,1.35,0.00,0.00,,,,,,,0.00,0.00,,,0.00,0.00,,0.00,0.00,0.00,0.00,,,0.00,0.00,0.00,0.00,0.00,,,0.00,0.00,,,0.00
WQP_USA_2026,MNPCA-S012-524,Surface Water,46.40731858,-94.15671775,,5/13/2024,,Undisclosed,,,ng/L,0.41,0.00,,0.00,0.00,0.00,0.42,0.69,0.00,0.00,0.00,,,,0.00,,,,0.00,0.00,4.77,0.33,0.00,0.00,,,,,,,0.00,0.00,,,0.00,0.00,,0.00,0.00,0.00,0.00,,,0.00,0.00,0.00,0.00,0.00,0.00,,0.00,0.00,,,
WQP_USA_2026,MNPCA-S012-524,Surface Water,46.40731858,-94.15671775,,7/15/2024,,Undisclosed,,,ng/L,0.80,0.00,,0.00,0.36,0.00,0.61,1.02,0.00,0.00,0.00,,,,0.00,,,,0.66,0.00,7.66,0.43,0.00,0.00,,,,,,,0.00,0.00,,,0.00,0.00,,0.00,0.00,0.00,0.00,,,0.00,0.00,0.00,0.00,0.00,0.00,,0.00,0.00,,,
WQP_USA_2026,MNPCA-S012-524,Surface Water,46.40731858,-94.15671775,,8/14/2024,,Undisclosed,,,ng/L,0.26,0.00,,0.00,0.00,0.00,0.46,0.54,0.00,0.00,0.00,,,,0.00,,,,0.00,0.00,7.10,0.19,0.00,0.00,,,,,,,0.00,0.00,,,0.00,0.00,,0.00,0.00,0.00,0.00,,,0.00,0.00,0.00,0.00,0.00,0.00,,0.00,0.00,,,
WQP_USA_2026,MNPCA-S012-524,Surface Water,46.40731858,-94.15671775,,9/9/2024,,Undisclosed,,,ng/L,0.53,0.00,,0.00,0.00,0.00,0.32,0.66,0.00,0.00,0.00,,,,0.00,,,,0.00,0.00,6.84,0.00,0.00,0.00,,,,,,,0.00,0.00,,,0.00,0.00,,0.00,0.00,0.00,0.00,,,0.00,0.00,0.00,0.00,0.00,0.00,,0.00,0.00,,,
WQP_USA_2026,MNPCA-S012-524,Surface Water,46.40731858,-94.15671775,,7/21/2025,,Undisclosed,,,ng/L,0.72,0.00,,0.00,0.00,0.00,0.59,0.84,0.00,0.00,,,,,,,,,0.00,0.00,11.20,0.51,0.00,0.00,,,,,,,0.00,0.00,,,0.00,0.00,,0.00,0.00,0.00,0.00,,,0.00,0.00,0.00,0.00,0.00,,,0.00,0.00,,,0.00
WQP_USA_2026,MNPCA-S014-093,Surface Water,44.85957981,-93.00776551,,5/15/2024,,Undisclosed,,,ng/L,1.62,1.03,,0.00,0.00,0.42,0.78,0.51,0.00,0.00,0.00,,,,0.00,,,,1.04,0.00,7.93,0.72,0.00,0.00,,,,,,,0.00,0.00,,,0.00,0.00,,0.00,0.00,0.00,0.00,,,0.00,0.00,0.00,0.00,0.00,0.00,,0.00,0.00,,,
WQP_USA_2026,MNPCA-S014-093,Surface Water,44.85957981,-93.00776551,,7/22/2024,,Undisclosed,,,ng/L,3.97,1.66,,0.00,0.00,0.54,1.20,0.50,0.00,0.00,,,,,0.00,,,,0.94,0.00,10.30,0.81,0.00,0.00,,,,,,,0.00,0.00,,,0.00,0.00,,0.00,,0.00,0.00,,,0.00,0.00,0.00,0.00,0.00,0.00,,0.00,0.00,,,
WQP_USA_2026,MNPCA-S014-093,Surface Water,44.85957981,-93.00776551,,8/12/2024,,Undisclosed,,,ng/L,4.37,1.11,,0.00,0.00,0.47,1.11,0.61,0.00,0.00,0.00,,,,0.00,,,,0.94,0.00,8.54,0.75,0.00,0.00,,,,,,,0.00,0.00,,,0.00,0.00,,0.00,0.00,0.00,0.00,,,0.00,0.00,0.00,0.00,0.00,0.00,,0.00,0.00,,,
WQP_USA_2026,MNPCA-S014-093,Surface Water,44.85957981,-93.00776551,,9/9/2024,,Undisclosed,,,ng/L,2.00,1.20,,0.00,0.00,0.57,1.42,0.56,0.00,0.00,0.00,,,,0.00,,,,0.99,0.00,9.81,1.02,0.00,0.00,,,,,,,0.00,0.00,,,0.00,0.00,,0.00,0.00,0.00,0.00,,,0.00,0.00,0.00,0.00,0.00,0.00,,0.00,0.00,,,
WQP_USA_2026,MNPCA-S014-093,Surface Water,44.85957981,-93.00776551,,9/30/2024,,Undisclosed,,,ng/L,2.28,1.85,,0.00,0.55,1.19,2.05,0.96,0.00,0.00,,,,,0.00,,,,2.29,0.27,10.50,1.69,0.00,0.00,,,,,,,0.00,0.00,,,0.00,0.00,,0.00,,0.00,0.00,,,0.00,0.00,0.00,0.00,0.00,0.00,,0.00,0.00,,,
WQP_USA_2026,MNPCA-S015-203,Surface Water,44.882698,-93.01605,,7/22/2024,,Undisclosed,,,ng/L,3.04,1.54,,0.00,0.00,0.43,1.12,0.65,0.00,0.00,0.00,,,,0.00,,,,0.86,0.00,8.43,0.72,0.00,0.00,,,,,,,0.00,0.00,,,0.00,0.00,,0.00,0.00,0.00,0.00,,,0.00,0.00,0.00,0.00,0.00,0.00,,0.00,0.00,,,
WQP_USA_2026,MNPCA-S015-203,Surface Water,44.882698,-93.01605,,8/12/2024,,Undisclosed,,,ng/L,1.18,0.65,,0.00,0.00,0.33,0.80,0.47,0.00,0.00,0.00,,,,0.00,,,,0.67,0.00,6.83,0.73,0.00,0.00,,,,,,,0.00,0.00,,,0.00,0.00,,0.00,0.00,0.00,0.00,,,0.00,0.00,0.00,0.00,0.00,0.00,,0.00,0.00,,,
WQP_USA_2026,MNPCA-S015-203,Surface Water,44.882698,-93.01605,,9/9/2024,,Undisclosed,,,ng/L,1.42,1.21,,0.00,0.00,0.43,1.07,0.43,0.00,0.00,0.00,,,,0.00,,,,0.93,0.00,9.41,0.96,0.00,0.00,,,,,,,0.00,0.00,,,0.00,0.00,,0.00,0.00,0.00,0.00,,,0.00,0.00,0.00,0.00,0.00,0.00,,0.00,0.00,,,
WQP_USA_2026,MNPCA-S015-203,Surface Water,44.882698,-93.01605,,9/30/2024,,Undisclosed,,,ng/L,2.50,1.75,,0.00,0.54,1.20,1.99,0.87,0.20,0.00,,,,,0.00,,,,2.04,0.28,9.53,1.56,0.00,0.00,,,,,,,0.00,0.00,,,0.00,0.00,,0.00,,0.00,0.00,,,0.00,0.00,0.00,0.00,0.00,0.00,,0.00,0.00,,,
WQP_USA_2026,MNPCA-S015-203,Surface Water,44.882698,-93.01605,,6/9/2025,,Undisclosed,,,ng/L,0.84,0.00,,0.00,0.00,0.00,0.75,0.00,0.00,0.00,,,,,,,,,0.00,0.00,4.63,0.85,0.00,0.00,,,,,,,0.00,0.00,,,0.00,0.00,,0.00,0.00,0.00,0.00,,,0.00,0.00,0.00,0.00,0.00,,,0.00,0.00,,,0.00
WQP_USA_2026,MNPCA-S016-659,Surface Water,44.774304,-93.015566,,7/22/2024,,Undisclosed,,,ng/L,1.30,0.90,,0.00,0.00,0.00,0.84,0.64,0.00,0.00,,,,,0.00,,,,0.64,0.00,7.36,0.68,0.00,0.00,,,,,,,0.00,0.00,,,0.00,0.00,,0.00,0.00,0.00,0.00,,,0.00,0.00,0.00,0.00,0.00,0.00,,0.00,0.00,,,
WQP_USA_2026,MNPCA-S016-659,Surface Water,44.774304,-93.015566,,8/12/2024,,Undisclosed,,,ng/L,1.53,0.59,,0.00,0.00,0.37,0.96,0.46,0.00,0.00,0.00,,,,0.00,,,,1.00,0.00,7.50,0.75,0.00,0.00,,,,,,,0.00,0.00,,,0.00,0.00,,0.00,0.00,0.00,0.00,,,0.00,0.00,0.00,0.00,0.00,0.00,,0.00,0.00,,,
WQP_USA_2026,MNPCA-S016-659,Surface Water,44.774304,-93.015566,,9/9/2024,,Undisclosed,,,ng/L,2.16,1.35,,0.00,0.00,0.59,1.49,0.54,0.00,0.00,0.00,,,,0.00,,,,1.27,0.00,10.90,1.06,0.00,0.00,,,,,,,0.00,0.00,,,0.00,0.00,,0.00,0.00,0.00,0.00,,,0.00,0.00,0.00,0.00,0.00,0.00,,0.00,0.00,,,
WQP_USA_2026,MNPCA-S016-659,Surface Water,44.774304,-93.015566,,9/30/2024,,Undisclosed,,,ng/L,3.23,2.02,,0.00,0.52,1.34,2.48,1.17,0.21,0.00,,,,,0.00,,,,2.67,0.31,18.50,1.67,0.00,0.00,,,,,,,0.00,0.00,,,0.00,0.00,,0.00,,0.00,0.00,,,0.00,0.00,0.00,0.00,0.00,0.00,,0.00,0.00,,,
WQP_USA_2026,MNPCA-S016-659,Surface Water,44.774304,-93.015566,,6/9/2025,,Undisclosed,,,ng/L,0.92,1.61,,0.00,0.00,0.67,0.76,0.00,0.00,0.00,,,,,,,,,0.00,0.00,5.25,0.91,0.00,0.00,,,,,,,0.00,0.00,,,0.00,0.00,,0.00,0.00,0.00,0.00,,,0.00,0.00,0.00,0.00,0.00,,,0.00,0.00,,,0.00
WQP_USA_2026,MNPCA-S016-662,Surface Water,44.814432,-93.006866,,5/15/2024,,Undisclosed,,,ng/L,0.57,0.57,,0.00,0.00,0.16,0.43,0.33,0.00,0.00,0.00,,,,0.00,,,,0.50,0.00,3.72,0.52,0.00,0.00,,,,,,,0.00,0.00,,,0.00,0.00,,0.00,0.00,0.00,0.00,,,0.00,0.00,0.00,0.32,0.00,0.00,,0.00,0.00,,,
WQP_USA_2026,MNPCA-S016-662,Surface Water,44.814432,-93.006866,,7/22/2024,,Undisclosed,,,ng/L,1.44,0.74,,0.00,0.00,0.31,0.84,0.56,0.00,0.00,0.00,,,,0.00,,,,0.73,0.00,7.80,0.69,0.00,0.00,,,,,,,0.00,0.00,,,0.00,0.00,,0.00,0.00,0.00,0.00,,,0.00,0.00,0.00,0.00,0.00,0.00,,0.00,0.00,,,
WQP_USA_2026,MNPCA-S016-662,Surface Water,44.814432,-93.006866,,8/12/2024,,Undisclosed,,,ng/L,5.03,1.20,,0.00,0.00,0.43,1.04,0.50,0.00,0.00,0.00,,,,0.00,,,,1.04,0.00,9.17,0.73,0.00,0.00,,,,,,,0.00,0.00,,,0.00,0.00,,0.00,0.00,0.00,0.00,,,0.00,0.00,0.00,0.00,0.00,0.00,,0.00,0.00,,,
WQP_USA_2026,MNPCA-S016-662,Surface Water,44.814432,-93.006866,,9/9/2024,,Undisclosed,,,ng/L,1.66,1.09,,0.00,0.00,0.50,1.35,0.59,0.00,0.00,0.00,,,,0.00,,,,0.99,0.00,9.51,1.05,0.00,0.00,,,,,,,0.00,0.00,,,0.00,0.00,,0.00,0.00,0.00,0.00,,,0.00,0.00,0.00,0.00,0.00,0.00,,0.00,0.00,,,
WQP_USA_2026,MNPCA-S016-662,Surface Water,44.814432,-93.006866,,9/30/2024,,Undisclosed,,,ng/L,2.85,1.91,,0.00,0.54,1.27,2.00,0.89,0.00,0.00,0.00,,,,0.00,,,,2.14,0.26,11.20,1.72,0.00,0.00,,,,,,,0.00,0.00,,,0.00,0.00,,0.00,0.00,0.00,0.00,,,0.00,0.00,0.00,0.00,0.00,0.00,,0.00,0.00,,,
WQP_USA_2026,MNPCA-S016-671,Surface Water,44.748188,-92.814781,,5/14/2024,,Undisclosed,,,ng/L,2.18,1.40,,0.00,0.00,0.46,0.86,0.42,0.00,0.00,0.00,,,,0.00,,,,1.18,0.00,8.90,0.80,0.00,0.00,,,,,,,0.00,0.00,,,0.00,0.00,,0.00,0.00,0.00,0.00,,,0.00,0.00,0.00,0.00,0.00,0.00,,0.00,0.00,,,
WQP_USA_2026,MNPCA-S016-671,Surface Water,44.748188,-92.814781,,7/10/2024,,Undisclosed,,,ng/L,2.05,1.39,,0.00,0.00,0.41,0.99,0.62,0.00,0.00,0.00,,,,0.00,,,,1.05,0.00,10.10,0.76,0.00,0.00,,,,,,,0.00,0.00,,,0.00,0.00,,0.00,0.00,0.00,0.00,,,0.00,0.00,0.00,0.00,0.00,0.00,,0.00,0.00,,,
WQP_USA_2026,MNPCA-S016-671,Surface Water,44.748188,-92.814781,,8/13/2024,,Undisclosed,,,ng/L,3.37,1.73,,0.00,0.00,0.56,1.37,0.61,0.00,0.00,0.00,,,,0.00,,,,1.43,0.00,11.00,0.98,0.00,0.00,,,,,,,0.00,0.00,,,0.00,0.00,,0.00,0.00,0.00,0.00,,,0.00,0.00,0.00,0.00,0.00,0.00,,0.00,0.00,,,
WQP_USA_2026,MNPCA-S016-671,Surface Water,44.748188,-92.814781,,9/9/2024,,Undisclosed,,,ng/L,5.44,3.18,,0.00,0.00,0.84,2.40,0.68,0.00,0.00,0.00,,,,0.00,,,,2.10,0.00,19.30,1.54,0.00,0.00,,,,,,,0.00,0.00,,,0.00,0.00,,0.00,0.00,0.00,0.00,,,0.00,0.00,0.00,0.00,0.00,0.00,,0.00,0.00,,,
WQP_USA_2026,MNPCA-S016-704,Surface Water,46.85166,-92.11111,,5/14/2024,,Undisclosed,,,ng/L,1.88,2.79,,0.00,0.00,1.16,1.34,0.87,0.00,0.00,0.00,,,,0.00,,,,1.05,0.25,5.00,1.34,0.00,0.00,,,,,,,0.00,0.00,,,0.00,0.00,,0.00,0.00,0.00,0.00,,,0.00,0.00,0.00,0.00,0.00,0.00,,0.00,0.00,,,
WQP_USA_2026,MNPCA-S016-782,Surface Water,46.657839,-92.238361,,9/26/2022,,Undisclosed,,,ng/L,81.00,"4,600.00",,7.62,,495.00,145.00,33.00,22.70,,,193.00,,,,,,,111.00,56.10,47.60,42.10,,,,,,,,,,4.22,,,,,,5.40,,7.68,,,,13.70,,,460.00,,,,,,,,
WQP_USA_2026,MNPCA-S016-783,Surface Water,46.65701,-92.233022,,9/26/2022,,Undisclosed,,,ng/L,16.80,72.70,,,,71.20,20.40,5.95,1.57,,,1.92,,,,,,,13.10,9.69,12.20,7.77,,,,,,,,,,,,,,,,,,,,,,,,,0.51,,,,,,,,
WQP_USA_2026,MNPCA-S016-787,Surface Water,46.653656,-92.227015,,9/26/2022,,Undisclosed,,,ng/L,7.57,34.70,,,,39.10,11.40,3.42,0.74,,,,,,,,,,6.46,6.56,8.39,6.37,,,,,,,,,,,,,,,,,,,,,,,,,,,,,,,,,
WQP_USA_2026,MNPCA-S016-788,Surface Water,46.657026,-92.235846,,9/26/2022,,Undisclosed,,,ng/L,151.00,"4,530.00",,,11.10,"1,870.00",332.00,71.50,76.10,,,142.00,,,,,,,282.00,150.00,94.90,87.20,,,,,,,,,,,,,,,,,,,,,,,,,126.00,,,,,,,,
WQP_USA_2026,MNPCA-S016-789,Surface Water,46.657068,-92.235325,,9/26/2022,,Undisclosed,,,ng/L,163.00,"5,490.00",,4.19,13.40,"2,420.00",345.00,95.20,88.20,,,122.00,,,,,,,362.00,220.00,119.00,92.50,,,,,,,,,,,,,,,,,,4.71,,,,6.32,,,76.30,,,,,,,,
WQP_USA_2026,MNPCA-S016-790,Surface Water,46.656828,-92.232522,,9/26/2022,,Undisclosed,,,ng/L,16.10,73.30,,,,72.80,21.20,5.74,1.71,,,1.65,,,,,,,13.20,9.90,13.00,8.35,,,,,,,,,,,,,,,,,,,,,,,,,0.48,,,,,,,,
WQP_USA_2026,MNPCA-S016-840,Surface Water,44.6289,-92.672,,9/19/2024,,Undisclosed,,,ng/L,7.28,2.51,,0.00,0.00,1.26,2.09,0.76,0.00,0.00,0.00,,,,0.00,,,,3.78,0.00,83.80,2.82,0.00,0.00,,,,,,,0.00,0.00,,,0.00,0.00,,0.00,0.00,0.00,0.00,,,0.00,0.00,0.00,0.00,0.00,0.00,,0.00,0.00,,,
WQP_USA_2026,MNPCA-S016-841,Surface Water,44.0567,-91.6371,,5/13/2024,,Undisclosed,,,ng/L,1.69,0.96,,0.00,0.00,0.30,0.64,0.41,0.00,0.00,0.00,,,,0.00,,,,0.79,0.00,6.97,1.07,0.00,0.00,,,,,,,0.00,0.00,,,0.00,0.00,,0.00,0.00,0.00,0.00,,,0.00,0.00,0.00,0.00,0.00,0.00,,0.00,0.00,,,
WQP_USA_2026,MNPCA-S016-841,Surface Water,44.0567,-91.6371,,7/17/2024,,Undisclosed,,,ng/L,1.80,1.08,,0.00,0.00,0.00,0.87,0.67,0.00,0.00,,,,,0.00,,,,0.92,0.00,10.00,0.80,0.00,0.00,,,,,,,0.00,0.00,,,0.00,0.00,,0.00,,0.00,0.00,,,0.00,0.00,0.00,0.00,0.00,0.00,,0.00,0.00,,,
WQP_USA_2026,MNPCA-S016-841,Surface Water,44.0567,-91.6371,,8/13/2024,,Undisclosed,,,ng/L,2.37,1.27,,0.00,0.00,0.45,1.34,0.56,0.00,0.00,0.00,,,,0.00,,,,1.42,0.00,10.80,1.26,0.00,0.00,,,,,,,0.00,0.00,,,0.00,0.00,,0.00,0.00,0.00,0.00,,,0.00,0.00,0.00,0.00,0.00,0.00,,0.00,0.00,,,
WQP_USA_2026,MNPCA-S016-841,Surface Water,44.0567,-91.6371,,9/11/2024,,Undisclosed,,,ng/L,2.65,1.66,,0.00,0.00,0.70,1.29,0.86,0.00,0.00,0.00,,,,0.00,,,,1.90,0.00,11.50,2.47,0.00,0.00,,,,,,,0.00,0.00,,,0.00,0.00,,0.00,0.00,0.00,0.00,,,0.00,0.00,0.00,0.00,0.00,0.00,,0.00,0.00,,,
WQP_USA_2026,MNPCA-S016-841,Surface Water,44.0567,-91.6371,,6/26/2025,,Undisclosed,,,ng/L,2.34,1.46,,0.00,0.00,0.63,1.37,0.50,0.00,0.00,,,,,,,,,0.00,0.00,10.80,1.26,0.00,0.00,,,,,,,0.00,0.00,,,0.00,0.00,,0.00,0.00,0.00,0.00,,,0.00,0.00,0.00,0.00,0.00,,,0.00,0.00,,,0.00
WQP_USA_2026,MNPCA-S016-884,Surface Water,44.905849,-93.193958,,7/22/2024,,Undisclosed,,,ng/L,1.02,0.51,,0.00,0.00,0.33,1.03,0.81,0.00,0.00,0.00,,,,0.00,,,,1.15,0.00,8.45,0.89,0.00,0.00,,,,,,,0.00,0.00,,,0.00,0.00,,0.00,0.00,0.00,0.00,,,0.00,0.00,0.00,0.00,0.00,0.00,,0.00,0.00,,,
WQP_USA_2026,MNPCA-S016-884,Surface Water,44.905849,-93.193958,,8/12/2024,,Undisclosed,,,ng/L,0.69,0.00,,0.00,0.00,0.25,0.65,0.60,0.00,0.00,0.00,,,,0.00,,,,0.79,0.00,6.91,0.68,0.00,0.00,,,,,,,0.00,0.00,,,0.00,0.00,,0.00,0.00,0.00,0.00,,,0.00,0.00,0.00,0.00,0.00,0.00,,0.00,0.00,,,
WQP_USA_2026,MNPCA-S016-884,Surface Water,44.905849,-93.193958,,9/9/2024,,Undisclosed,,,ng/L,0.82,0.51,,0.00,0.00,0.29,0.97,0.44,0.00,0.00,,,,,0.00,,,,0.98,0.00,9.19,0.86,0.00,0.00,,,,,,,0.00,0.00,,,0.00,0.00,,0.00,,0.00,0.00,,,0.00,0.00,0.00,0.00,0.00,0.00,,0.00,0.00,,,
WQP_USA_2026,MNPCA-S016-884,Surface Water,44.905849,-93.193958,,9/30/2024,,Undisclosed,,,ng/L,1.16,0.95,,0.00,0.51,0.79,1.27,0.85,0.18,0.00,,,,,0.00,,,,1.53,0.23,7.99,1.32,0.00,0.00,,,,,,,0.00,0.00,,,0.00,0.00,,0.00,,0.00,0.00,,,0.00,0.00,0.00,0.00,0.00,0.00,,0.00,0.00,,,
WQP_USA_2026,MNPCA-S016-884,Surface Water,44.905849,-93.193958,,6/9/2025,,Undisclosed,,,ng/L,0.93,0.00,,0.00,0.00,0.79,0.89,0.00,0.00,0.00,,,,,,,,,0.00,0.00,5.76,1.05,0.00,0.00,,,,,,,0.00,0.00,,,0.00,0.00,,0.00,0.00,0.00,0.00,,,0.00,0.00,0.00,0.00,0.00,,,0.00,0.00,,,0.00
WQP_USA_2026,MNPCA-S017-278,Surface Water,44.613298,-92.619241,,5/14/2024,,Undisclosed,,,ng/L,2.00,1.16,,0.00,0.00,0.35,0.74,0.38,0.00,0.00,,,,,0.00,,,,0.86,0.00,8.64,0.66,0.00,0.00,,,,,,,0.00,0.00,,,0.00,0.00,,0.00,,0.00,0.00,,,0.00,0.00,0.00,0.00,0.00,0.00,,0.00,0.00,,,
WQP_USA_2026,MNPCA-S017-278,Surface Water,44.613298,-92.619241,,7/16/2024,,Undisclosed,,,ng/L,2.21,1.24,,0.00,0.00,0.22,0.93,0.57,0.00,0.00,0.00,,,,0.00,,,,1.01,0.00,11.20,0.65,0.00,0.00,,,,,,,0.00,0.00,,,0.00,0.00,,0.00,0.00,0.00,0.00,,,0.00,0.00,0.00,0.00,0.00,0.00,,0.00,0.00,,,
WQP_USA_2026,MNPCA-S017-278,Surface Water,44.613298,-92.619241,,8/13/2024,,Undisclosed,,,ng/L,3.14,1.43,,0.00,0.00,0.48,1.26,0.65,0.00,0.00,0.00,,,,0.00,,,,1.58,0.00,12.80,0.91,0.00,0.00,,,,,,,0.00,0.00,,,0.00,0.00,,0.00,0.00,0.00,0.00,,,0.00,0.00,0.00,0.00,0.00,0.00,,0.00,0.00,,,
WQP_USA_2026,MNPCA-S017-278,Surface Water,44.613298,-92.619241,,9/10/2024,,Undisclosed,,,ng/L,3.36,2.00,,0.00,0.00,0.85,1.85,0.76,0.00,0.00,0.00,,,,0.00,,,,2.23,0.00,15.90,1.20,0.00,0.00,,,,,,,0.00,0.00,,,0.00,0.00,,0.00,0.00,0.00,0.00,,,0.00,0.00,0.00,0.00,0.00,0.00,,0.00,0.00,,,
WQP_USA_2026,MNPCA-S017-278,Surface Water,44.613298,-92.619241,,6/5/2025,,Undisclosed,,,ng/L,3.36,2.24,,0.00,0.00,0.88,1.44,0.73,0.00,0.00,,,,,,,,,1.50,0.42,12.00,1.10,0.00,0.00,,,,,,,0.00,0.00,,,0.00,0.00,,0.42,0.00,0.00,0.00,,,0.00,0.00,0.00,0.00,0.00,,,0.00,0.00,,,0.00
WQP_USA_2026,MNPCA-S017-279,Surface Water,44.410198,-92.092785,,5/13/2024,,Undisclosed,,,ng/L,1.86,1.13,,0.00,0.00,0.43,0.74,0.45,0.00,0.00,0.00,,,,0.00,,,,1.07,0.00,7.85,1.22,0.00,0.00,,,,,,,0.00,0.00,,,0.00,0.00,,0.00,0.00,0.00,0.00,,,0.00,0.00,0.00,0.00,0.00,0.00,,0.00,0.00,,,
WQP_USA_2026,MNPCA-S017-279,Surface Water,44.410198,-92.092785,,7/16/2024,,Undisclosed,,,ng/L,1.95,1.30,,0.00,0.00,0.19,0.89,0.53,0.00,0.00,0.00,,,,0.00,,,,1.03,0.00,11.00,0.73,0.00,0.00,,,,,,,0.00,0.00,,,0.00,0.00,,0.00,0.00,0.00,0.00,,,0.00,0.00,0.00,0.00,0.00,0.00,,0.00,0.00,,,
WQP_USA_2026,MNPCA-S017-279,Surface Water,44.410198,-92.092785,,8/14/2024,,Undisclosed,,,ng/L,2.58,1.43,,0.00,0.00,0.53,1.30,0.67,0.00,0.00,0.00,,,,0.00,,,,1.57,0.00,12.20,1.51,0.00,0.00,,,,,,,0.00,0.00,,,0.00,0.00,,0.00,0.00,0.00,0.00,,,0.00,0.00,0.00,0.00,0.00,0.00,,0.00,0.00,,,
WQP_USA_2026,MNPCA-S017-279,Surface Water,44.410198,-92.092785,,9/11/2024,,Undisclosed,,,ng/L,3.66,2.14,,0.00,0.00,0.83,1.78,0.93,0.00,0.00,,,,,0.00,,,,2.45,0.00,15.80,2.34,0.00,0.00,,,,,,,0.00,0.00,,,0.00,0.00,,0.00,,0.00,0.00,,,0.00,0.00,0.00,0.00,0.00,0.00,,0.00,0.00,,,
WQP_USA_2026,MNPCA-S017-279,Surface Water,44.410198,-92.092785,,6/5/2025,,Undisclosed,,,ng/L,2.36,1.46,,0.00,0.00,0.68,1.08,0.50,0.00,0.00,,,,,0.00,,,,1.02,0.36,8.96,1.29,0.00,0.00,,,,,,,0.00,0.00,,,0.00,0.00,,0.00,0.00,0.00,0.00,,,0.00,0.00,0.00,0.00,0.00,0.00,,0.00,0.00,,,0.00
WQP_USA_2026,MNPCA-S017-280,Surface Water,43.776342,-91.246194,,5/13/2024,,Undisclosed,,,ng/L,1.60,0.93,,0.00,0.00,0.32,0.71,0.49,0.00,0.00,0.00,,,,0.00,,,,0.81,0.00,6.14,1.08,0.00,0.00,,,,,,,0.00,0.00,,,0.00,0.00,,0.00,0.00,0.00,0.00,,,0.00,0.00,0.00,0.00,0.00,0.00,,0.00,0.00,,,
WQP_USA_2026,MNPCA-S017-280,Surface Water,43.776342,-91.246194,,7/16/2024,,Undisclosed,,,ng/L,1.83,1.17,,0.00,0.00,0.30,0.83,0.68,0.00,0.00,0.00,,,,0.00,,,,0.94,0.00,9.95,0.74,0.00,0.00,,,,,,,0.00,0.00,,,0.00,0.00,,0.00,0.00,0.00,0.00,,,0.00,0.00,0.00,0.00,0.00,0.00,,0.00,0.00,,,
WQP_USA_2026,MNPCA-S017-280,Surface Water,43.776342,-91.246194,,8/13/2024,,Undisclosed,,,ng/L,2.45,1.20,,0.00,0.00,0.47,1.09,0.60,0.00,0.00,0.00,,,,0.00,,,,1.18,0.00,10.20,1.08,0.00,0.00,,,,,,,0.00,0.00,,,0.00,0.00,,0.00,0.00,0.00,0.00,,,0.00,0.00,0.00,0.00,0.00,0.00,,0.00,0.00,,,
WQP_USA_2026,MNPCA-S017-280,Surface Water,43.776342,-91.246194,,9/10/2024,,Undisclosed,,,ng/L,2.53,1.68,,0.00,0.00,0.38,1.35,0.37,0.00,0.00,,,,,0.00,,,,1.02,0.00,12.20,3.11,0.00,0.00,,,,,,,0.00,0.00,,,0.00,0.00,,0.00,,0.00,0.00,,,0.00,0.00,0.00,0.00,0.00,0.00,,0.00,0.00,,,
WQP_USA_2026,MNPCA-S017-280,Surface Water,43.776342,-91.246194,,6/26/2025,,Undisclosed,,,ng/L,2.43,1.60,,0.00,0.00,0.65,1.62,0.00,0.00,0.00,,,,,,,,,0.00,0.00,11.10,1.18,0.00,0.00,,,,,,,0.00,0.00,,,0.00,0.00,,0.00,0.00,0.00,0.00,,,0.00,0.00,0.00,0.00,0.00,,,0.00,0.00,,,0.00
WQP_USA_2026,MNPCA-S017-281,Surface Water,43.500363,-91.21645,,5/13/2024,,Undisclosed,,,ng/L,1.58,0.00,,0.00,0.00,0.00,0.72,0.00,0.00,0.00,,,,,0.00,,,,0.74,0.00,6.16,1.27,0.00,0.00,,,,,,,0.00,0.00,,,0.00,0.00,,0.00,,0.00,0.00,,,0.00,0.00,0.00,0.00,0.00,0.00,,0.00,0.00,,,
WQP_USA_2026,MNPCA-S017-281,Surface Water,43.500363,-91.21645,,7/16/2024,,Undisclosed,,,ng/L,1.75,1.13,,0.00,0.00,0.00,0.93,0.60,0.00,0.00,,,,,0.00,,,,0.93,0.00,9.36,0.64,0.00,0.00,,,,,,,0.00,0.00,,,0.00,0.00,,0.00,0.00,0.00,0.00,,,0.00,0.00,0.00,0.00,0.00,0.00,,0.00,0.00,,,
WQP_USA_2026,MNPCA-S017-281,Surface Water,43.500363,-91.21645,,8/13/2024,,Undisclosed,,,ng/L,2.34,1.03,,0.00,0.00,0.42,1.14,0.45,0.00,0.00,0.00,,,,0.00,,,,1.19,0.00,9.95,1.07,0.00,0.00,,,,,,,0.00,0.00,,,0.00,0.00,,0.00,0.00,0.00,0.00,,,0.00,0.00,0.00,0.00,0.00,0.00,,0.00,0.00,,,
WQP_USA_2026,MNPCA-S017-281,Surface Water,43.500363,-91.21645,,9/17/2024,,Undisclosed,,,ng/L,2.59,1.73,,0.00,0.00,0.76,1.44,0.77,0.00,0.00,,,,,0.00,,,,1.79,0.00,11.30,2.08,0.00,0.00,,,,,,,0.00,0.00,,,0.00,0.00,,0.00,,0.00,0.00,,,0.00,0.00,0.00,0.00,0.00,0.00,,0.00,0.00,,,
WQP_USA_2026,MNPCA-S017-281,Surface Water,43.500363,-91.21645,,6/26/2025,,Undisclosed,,,ng/L,2.06,1.44,,0.00,0.00,0.60,1.23,0.73,0.00,0.00,,,,,,,,,0.00,0.00,9.78,1.30,0.00,0.00,,,,,,,0.00,0.00,,,0.00,0.00,,0.00,0.00,0.00,0.00,,,0.00,0.00,0.00,0.00,0.00,,,0.00,0.00,,,0.00
WQP_USA_2026,MNPCA-S017-313,Surface Water,47.239728,-95.158181,,5/28/2024,,Undisclosed,,,ng/L,0.00,0.00,,0.00,0.00,0.00,0.00,0.00,0.00,0.00,0.00,,,,0.00,,,,0.00,0.00,0.46,0.00,0.00,0.00,,,,,,,0.00,0.00,,,0.00,0.00,,0.00,0.00,0.00,0.00,,,0.00,0.00,0.00,0.00,0.00,0.00,,0.00,0.00,,,
WQP_USA_2026,MNPCA-S017-313,Surface Water,47.239728,-95.158181,,6/5/2024,,Undisclosed,,,ng/L,0.00,0.00,,0.00,0.00,0.00,0.00,0.00,0.00,0.00,0.00,,,,0.00,,,,0.00,0.00,0.48,0.00,0.00,0.00,,,,,,,0.00,0.00,,,0.00,0.00,,0.00,0.00,0.00,0.00,,,0.00,0.00,0.00,0.00,0.00,0.00,,0.00,0.00,,,
WQP_USA_2026,MNPCA-S017-313,Surface Water,47.239728,-95.158181,,7/1/2024,,Undisclosed,,,ng/L,0.00,0.00,,0.00,0.00,0.00,0.00,0.00,0.00,0.00,0.00,,,,0.00,,,,0.00,0.00,0.56,0.00,0.00,0.00,,,,,,,0.00,0.00,,,0.00,0.00,,0.00,0.00,0.00,0.00,,,0.00,0.00,0.00,0.00,0.00,0.00,,0.00,0.00,,,
WQP_USA_2026,MNPCA-S017-313,Surface Water,47.239728,-95.158181,,8/20/2024,,Undisclosed,,,ng/L,0.00,0.00,,0.00,0.00,0.00,0.00,0.00,0.00,0.00,0.00,,,,0.00,,,,0.00,0.00,0.00,0.00,0.00,0.00,,,,,,,0.00,0.00,,,0.00,0.00,,0.00,0.00,0.00,0.00,,,0.00,0.00,0.00,0.00,0.00,0.00,,0.00,0.00,,,
WQP_USA_2026,MNPCA-S017-313,Surface Water,47.239728,-95.158181,,9/17/2024,,Undisclosed,,,ng/L,0.00,0.00,,0.00,0.00,0.00,0.00,0.00,0.00,0.00,0.00,,,,0.00,,,,0.00,0.00,0.00,0.00,0.00,0.00,,,,,,,0.00,0.00,,,0.00,0.00,,0.00,0.00,0.00,0.00,,,0.00,0.00,0.00,0.00,0.00,0.00,,0.00,0.00,,,
WQP_USA_2026,MNPCA-S017-315,Surface Water,46.856891,-92.096639,,5/14/2024,,Undisclosed,,,ng/L,1.89,2.79,,0.00,0.00,0.77,1.09,0.89,0.00,0.00,0.00,,,,0.00,,,,2.20,0.00,8.48,1.92,0.00,0.00,,,,,,,0.00,0.00,,,0.00,0.00,,0.00,0.00,0.00,0.00,,,0.00,0.00,0.00,0.00,0.00,0.00,,0.00,0.00,,,
WQP_USA_2026,MNPCA-S017-316,Surface Water,46.855012,-92.103214,,5/14/2024,,Undisclosed,,,ng/L,1.93,3.21,,0.00,0.00,0.76,1.38,0.69,0.00,0.00,0.00,,,,0.00,,,,1.07,0.00,5.12,1.37,0.00,0.00,,,,,,,0.00,0.00,,,0.00,0.00,,0.00,0.00,0.00,0.00,,,0.00,0.00,0.00,0.16,0.00,0.00,,0.00,0.00,,,
WQP_USA_2026,MNPCA-S017-317,Surface Water,46.838223,-92.092966,,5/14/2024,,Undisclosed,,,ng/L,1.98,3.49,,0.00,0.00,9.08,2.48,1.00,0.00,0.00,0.00,,,,0.00,,,,1.46,2.10,4.23,4.17,0.00,0.00,,,,,,,0.00,0.00,,,0.00,0.00,,0.00,0.00,0.00,0.00,,,0.00,0.00,0.00,0.00,0.00,0.00,,0.00,0.00,,,
WQP_USA_2026,MNPCA-S017-318,Surface Water,46.852151,-92.112625,,5/14/2024,,Undisclosed,,,ng/L,2.90,5.37,,0.00,0.00,16.40,3.97,1.49,0.22,0.00,0.00,,,,0.00,,,,1.89,3.80,4.42,6.60,0.00,0.00,,,,,,,0.00,0.00,,,0.00,0.00,,0.00,0.00,0.00,0.00,,,0.00,0.00,0.00,0.00,0.00,0.00,,0.00,0.00,,,
WQP_USA_2026,MNPCA-S017-319,Surface Water,46.841773,-92.100475,,5/14/2024,,Undisclosed,,,ng/L,2.37,4.28,,0.00,0.00,10.90,2.65,0.94,0.15,0.00,0.00,,,,0.00,,,,1.34,2.50,4.51,4.57,0.00,0.00,,,,,,,0.00,0.00,,,0.00,0.00,,0.00,0.00,0.00,0.00,,,0.00,0.00,0.00,0.00,0.00,0.00,,0.00,0.00,,,
WQP_USA_2026,MNPCA-S017-507,Surface Water,48.109862,-92.096226,,5/19/2025,,Undisclosed,,,ng/L,0.42,0.42,,0.00,0.00,0.00,0.00,0.75,0.00,0.00,,,,,,,,,0.00,0.00,2.84,0.38,0.00,0.00,,,,,,,0.00,0.00,,,0.00,0.00,,0.00,0.00,0.00,0.00,,,0.00,0.00,0.00,0.00,0.00,,,0.00,0.00,,,0.00
WQP_USA_2026,MNPCA-S017-507,Surface Water,48.109862,-92.096226,,6/24/2025,,Undisclosed,,,ng/L,0.00,,,,,,,0.00,0.00,,,,,,,,,,,0.00,2.38,0.00,,,,,,,,,,,,,,,,,,,,,,0.00,,,0.00,,,,,,,,
WQP_USA_2026,MNPCA-S017-507,Surface Water,48.109862,-92.096226,,7/9/2025,,Undisclosed,,,ng/L,0.35,0.00,,0.00,0.00,0.00,0.00,0.52,0.00,0.00,,,,,0.00,,,,0.00,0.00,4.81,0.32,0.00,0.00,,,,,,,0.00,0.00,,,0.00,0.00,,0.00,0.00,0.00,0.00,,,0.00,0.00,0.00,0.00,0.00,0.00,,0.00,0.00,,,0.00
WQP_USA_2026,MNPCA-S017-507,Surface Water,48.109862,-92.096226,,8/4/2025,,Undisclosed,,,ng/L,0.42,0.00,,0.00,0.34,0.00,0.00,0.55,0.00,0.00,,,,,0.00,,,,0.00,0.00,6.95,0.33,0.00,0.00,,,,,,,0.00,0.00,,,0.00,0.00,,0.00,0.00,0.00,0.00,,,0.00,0.00,0.00,0.00,0.00,0.00,,0.00,0.00,,,0.00
WQP_USA_2026,MNPCA-S017-507,Surface Water,48.109862,-92.096226,,9/17/2025,,Undisclosed,,,ng/L,0.25,0.00,,0.00,0.32,0.00,0.22,0.63,0.00,0.00,,,,,0.00,,,,0.00,0.00,4.40,0.22,0.00,0.00,,,,,,,0.00,0.00,,,0.00,0.00,,0.00,0.00,0.00,0.00,,,0.00,0.00,0.00,0.00,0.00,0.00,,0.00,0.00,,,0.00
WQP_USA_2026,MNPCA-S017-508,Surface Water,48.102832,-92.066528,,5/19/2025,,Undisclosed,,,ng/L,0.49,0.41,,0.00,0.87,0.00,0.00,0.97,0.00,0.00,,,,,,,,,0.00,0.00,4.04,0.40,0.00,0.00,,,,,,,0.00,0.00,,,0.00,0.00,,0.00,0.00,0.00,0.00,,,0.00,0.00,0.00,0.00,0.00,,,0.00,0.00,,,0.00
WQP_USA_2026,MNPCA-S017-508,Surface Water,48.102832,-92.066528,,6/24/2025,,Undisclosed,,,ng/L,0.00,,,,,,,0.00,0.00,,,,,,,,,,,0.00,3.31,0.00,,,,,,,,,,,,,,,,,,,,,,0.00,,,0.00,,,,,,,,
WQP_USA_2026,MNPCA-S017-508,Surface Water,48.102832,-92.066528,,7/9/2025,,Undisclosed,,,ng/L,0.36,0.00,,0.00,0.33,0.00,0.00,0.88,0.00,0.00,,,,,,,,,0.00,0.00,5.20,0.42,0.00,0.00,,,,,,,0.00,0.00,,,0.00,0.00,,0.00,0.00,0.00,0.00,,,0.00,0.00,0.00,0.00,0.00,,,0.00,0.00,,,0.00
WQP_USA_2026,MNPCA-S017-508,Surface Water,48.102832,-92.066528,,8/4/2025,,Undisclosed,,,ng/L,0.42,0.00,,0.00,0.44,0.00,0.37,0.83,0.00,0.00,,,,,0.00,,,,0.00,0.00,9.32,0.40,0.00,0.00,,,,,,,0.00,0.00,,,0.00,0.00,,0.00,0.00,0.00,0.00,,,0.00,0.00,0.00,0.00,0.00,0.00,,0.00,0.00,,,0.00
WQP_USA_2026,MNPCA-S017-508,Surface Water,48.102832,-92.066528,,9/17/2025,,Undisclosed,,,ng/L,0.26,0.00,,0.00,0.32,0.00,0.30,0.46,0.00,0.00,,,,,,,,,0.00,0.00,5.12,0.18,0.00,0.00,,,,,,,0.00,0.00,,,0.00,0.00,,0.00,0.00,0.00,0.00,,,0.00,0.00,0.00,0.00,0.00,,,0.00,0.00,,,0.00
WQP_USA_2026,MNPCA-S017-807,Surface Water,46.856972,-92.113699,,4/29/2025,,Undisclosed,,,ng/L,3.07,8.21,,0.00,0.59,20.50,3.67,2.06,0.43,0.00,,,,,,,,,3.40,4.88,7.88,9.03,0.00,0.00,,,,,,,0.00,0.00,,,0.00,0.00,,0.00,0.00,0.00,0.00,,,0.00,0.00,0.00,0.00,0.00,,,0.00,0.00,,,0.00
WQP_USA_2026,MNPCA-S017-808,Surface Water,46.859389,-92.115358,,4/29/2025,,Undisclosed,,,ng/L,2.97,9.25,,0.00,0.00,22.60,3.77,1.99,0.49,0.00,,,,,,,,,3.60,5.16,8.14,9.60,0.00,0.00,,,,,,,0.00,0.00,,,0.00,0.00,,0.00,0.00,0.00,0.00,,,0.00,0.00,0.00,0.00,0.00,,,0.00,0.00,,,0.00
WQP_USA_2026,MNPCA-S017-809,Surface Water,46.861825,-92.115689,,4/29/2025,,Undisclosed,,,ng/L,3.75,10.40,,0.00,0.77,29.00,4.85,2.43,0.56,0.00,,,,,,,,,3.65,6.79,8.00,10.80,0.00,0.00,,,,,,,0.00,0.00,,,0.00,0.00,,0.00,0.00,0.00,0.00,,,0.00,0.00,0.00,0.00,0.00,,,0.00,0.00,,,0.00
WQP_USA_2026,MNPCA-S017-810,Surface Water,46.864247,-92.115844,,4/29/2025,,Undisclosed,,,ng/L,3.57,10.70,,0.00,0.00,33.10,6.09,2.14,0.00,0.00,,,,,0.00,,,,3.18,6.74,6.40,10.80,0.00,0.00,,,,,,,0.00,0.00,,,0.00,0.00,,0.00,0.00,0.00,0.00,,,0.00,0.00,0.00,0.00,0.00,0.00,,0.00,0.00,,,0.00
WQP_USA_2026,MNPCA-S017-811,Surface Water,46.864401,-92.110975,,4/29/2025,,Undisclosed,,,ng/L,8.89,34.20,,0.00,0.89,81.50,18.30,7.71,0.98,0.00,,,,,,,,,10.20,4.75,6.90,6.01,0.00,0.00,,,,,,,0.00,0.00,,,0.00,0.00,,0.00,0.00,0.00,0.00,,,0.00,0.00,0.00,0.00,0.00,,,0.00,0.00,,,0.00
WQP_USA_2026,MNPCA-S017-811,Surface Water,46.864401,-92.110975,,6/21/2025,,Undisclosed,,,ng/L,16.00,69.70,,0.00,2.42,99.80,30.20,10.80,1.62,0.00,,,,,0.00,,,,27.90,5.26,16.80,7.45,0.00,0.00,,,,,,,0.00,0.00,,,0.00,0.00,,0.00,0.00,0.00,0.00,,,0.00,0.00,0.00,0.00,0.00,0.00,,0.00,0.00,,,0.00
WQP_USA_2026,MNPCA-S017-812,Surface Water,46.854645,-92.127845,,4/29/2025,,Undisclosed,,,ng/L,1.18,1.51,,0.00,0.00,0.57,0.90,0.60,0.00,0.00,,,,,,,,,0.00,0.00,4.72,1.51,0.00,0.00,,,,,,,0.00,0.00,,,0.00,0.00,,0.00,0.00,0.00,0.00,,,0.00,0.00,0.00,0.00,0.00,,,0.00,0.00,,,0.00
WQP_USA_2026,MNPCA-S017-813,Surface Water,46.854477,-92.11815,,4/29/2025,,Undisclosed,,,ng/L,1.50,2.00,,0.00,0.00,1.19,2.11,0.84,0.00,0.00,,,,,,,,,2.18,0.30,5.31,2.31,0.00,0.00,,,,,,,0.00,0.00,,,0.00,0.00,,0.00,0.00,0.00,0.00,,,0.00,0.00,0.00,0.00,0.00,,,0.00,0.00,,,0.00
WQP_USA_2026,MNPCA-S017-814,Surface Water,46.856056,-92.121969,,4/29/2025,,Undisclosed,,,ng/L,1.15,2.47,,0.00,0.00,1.10,1.06,0.65,0.00,0.00,,,,,0.00,,,,0.00,0.00,4.35,2.33,0.00,0.00,,,,,,,0.00,0.00,,,0.00,0.00,,0.00,0.00,0.00,0.00,,,0.00,0.00,0.00,0.00,0.00,0.00,,0.00,0.00,,,0.00
WQP_USA_2026,MNPCA-S017-815,Surface Water,46.857196,-92.123337,,4/29/2025,,Undisclosed,,,ng/L,1.47,3.82,,0.00,0.00,0.65,0.00,0.00,0.00,0.00,,,,,0.00,,,,0.00,0.00,,1.01,0.00,0.00,,,,,,,0.00,0.00,,,0.00,0.00,,0.00,0.00,0.00,0.00,,,0.00,0.00,0.00,0.00,0.00,0.00,,0.00,0.00,,,0.00
WQP_USA_2026,MNPCA-S017-816,Surface Water,46.85472,-92.111276,,4/29/2025,,Undisclosed,,,ng/L,3.54,7.69,,0.00,0.00,18.40,3.55,1.76,0.52,0.00,,,,,,,,,3.06,4.49,7.17,9.02,0.00,0.00,,,,,,,0.00,0.00,,,0.00,0.00,,0.00,0.00,0.00,0.00,,,0.00,0.00,0.00,0.00,0.00,,,0.00,0.00,,,0.00
WQP_USA_2026,MNPCA-S017-976,Surface Water,46.867321,-92.118565,,6/21/2025,,Undisclosed,,,ng/L,3.70,5.42,,0.00,0.00,17.50,4.31,1.31,0.25,0.00,,,,,0.00,,,,1.50,5.55,4.98,11.00,0.00,0.00,,,,,,,0.00,0.00,,,0.00,0.00,,0.00,0.00,0.00,0.00,,,0.00,0.00,0.00,0.00,0.00,0.00,,0.00,0.00,,,0.00
WQP_USA_2026,MNPCA-S017-977,Surface Water,46.865676,-92.108298,,6/21/2025,,Undisclosed,,,ng/L,10.80,28.20,,0.00,0.96,32.60,14.70,6.37,0.44,0.00,,,,,0.00,,,,16.00,0.57,6.08,0.81,0.00,0.00,,,,,,,0.00,0.00,,,0.00,0.00,,0.00,0.00,0.00,0.00,,,0.00,0.00,0.00,0.69,0.00,0.00,,0.00,0.00,,,0.00
WQP_USA_2026,MNPCA-WT101172,Surface Water,46.864695,-92.110245,,6/21/2025,,Undisclosed,,,ng/L,1.97,12.90,,0.00,0.00,6.87,2.14,1.08,0.00,0.00,,,,,,,,,6.17,0.46,9.44,1.98,0.00,0.00,,,,,,,0.00,0.00,,,0.00,0.00,,0.00,0.00,0.00,0.00,,,0.00,0.00,0.00,0.00,0.00,,,0.00,0.00,,,0.00
WQP_USA_2026,NEZPERCETRIBE_WQX-01001A,Surface Water,46.13215777,-115.9495255,,10/3/2023,,Undisclosed,,,ng/L,,,,,,,,,,,,,,,,,,,,,,,,,,,,,,,,,,,,,0.19,,,,,,,,,,,,,,,,,,
WQP_USA_2026,NEZPERCETRIBE_WQX-01001A,Surface Water,46.13215777,-115.9495255,,7/10/2024,,Undisclosed,,,ng/L,0.42,,,,,,,,,,,,,,,,,,,,,,,,,,,,,,,,,,,,,,,,,,,,,,,,,,,,,,
WQP_USA_2026,NEZPERCETRIBE_WQX-01001A,Surface Water,46.13215777,-115.9495255,,5/14/2025,,Undisclosed,,,ng/L,0.91,,,,,,,0.76,,,,,,,,,,,,,,,,,,,,,,,,,,,,,,,,,,,,,,,,,,,,,,,
WQP_USA_2026,NEZPERCETRIBE_WQX-03801A,Surface Water,46.45082676,-116.8185996,,10/3/2023,,Undisclosed,,,ng/L,,,,,,,,,,,,,,,,,,,,,,,,,,,,,,,,,,,,,0.17,,,,,,,,,,,,,,,,,,
WQP_USA_2026,NEZPERCETRIBE_WQX-03801A,Surface Water,46.45082676,-116.8185996,,7/10/2024,,Undisclosed,,,ng/L,0.56,,,,,,,,,,,,0.16,,,,,,,,0.57,0.36,,,,,,,,,,,,,,,,,,,,,,,,,,,,,,,,,
WQP_USA_2026,NEZPERCETRIBE_WQX-03801A,Surface Water,46.45082676,-116.8185996,,5/14/2025,,Undisclosed,,,ng/L,0.74,,,,,,,0.70,,,,,,,,,,,,,,,,,,,,,,,,,,,,,,,,,,,,,,,,,,,,,,,
WQP_USA_2026,NEZPERCETRIBE_WQX-11201A,Surface Water,45.950168,-115.976977,,10/2/2023,,Undisclosed,,,ng/L,,,,,,,,,,,,,,,,,,,,,,,,,,,,,,,,,,,,,0.26,,,,,,,,,,,,,,,,,,
WQP_USA_2026,NEZPERCETRIBE_WQX-11201A,Surface Water,45.950168,-115.976977,,7/10/2024,,Undisclosed,,,ng/L,0.38,,,,,,,0.65,,,,,,,,,,,,,,,,,,,,,,,,,,,,,,,,,,,,,,,,,,,,,,,
WQP_USA_2026,NEZPERCETRIBE_WQX-11201A,Surface Water,45.950168,-115.976977,,5/14/2025,,Undisclosed,,,ng/L,0.87,,,,,,,,,,,,,,,,,,,,,,,,,,,,,,,,,,,,,,,,,,,,,,,,,,,,,,
WQP_USA_2026,NEZPERCETRIBE_WQX-11501A,Surface Water,46.4287279,-117.0308774,,10/4/2023,,Undisclosed,,,ng/L,,,,,,,,,,,,,,,,,,,,,,,,,,,,,,,,,,,,,0.30,,,,,,,,,,,,,,,,,,
WQP_USA_2026,NEZPERCETRIBE_WQX-11501A,Surface Water,46.4287279,-117.0308774,,5/14/2025,,Undisclosed,,,ng/L,0.78,,,,,,,0.90,,,,,,,,,,,,,,,,,,,,,,,,,,,,,,,,,,,,,,,,,,,,,,,
WQP_USA_2026,NEZPERCETRIBE_WQX-11538A,Surface Water,46.5039799,-116.3424072,,5/14/2025,,Undisclosed,,,ng/L,0.71,,,,,,,1.10,,,,,,,,,,,,,,,,,,,,,,,,,,,,,,,,,,,,,,,,,,,,,,,
WQP_USA_2026,NEZPERCETRIBE_WQX-11565A,Surface Water,46.24129,-116.0373263,,7/10/2024,,Undisclosed,,,ng/L,0.78,,,,,,,,,,,,,,,,,,,,,,,,,,,,,,,,,,,,,,,,,,,,,,,,,,,,,,
WQP_USA_2026,NEZPERCETRIBE_WQX-11565A,Surface Water,46.24129,-116.0373263,,5/14/2025,,Undisclosed,,,ng/L,0.66,,,,,,,0.83,,,,,,,,,,,,,,,,,,,,,,,,,,,,,,,,,,,,,,,,,,,,,,,
WQP_USA_2026,NEZPERCETRIBE_WQX-12620A,Surface Water,46.1408014,-115.6050892,,5/14/2025,,Undisclosed,,,ng/L,0.81,,,,,,,0.77,,,,,,,,,,,,,,,,,,,,,,,,,,,,,,,,,,,,,,,,,,,,,,,
WQP_USA_2026,NJDEP_BFBM-01367625,Surface Water,41.03897,-74.6301,,2/26/2025,,Undisclosed,,,ng/L,9.00,4.41,,,0.79,1.70,5.84,3.07,,,,,,,,,,,6.36,,5.12,3.84,,,,,,,,,,,,,,,,,,,,,,,,,,,,,,,,,
WQP_USA_2026,NJDEP_BFBM-01367625,Surface Water,41.03897,-74.6301,,8/26/2025,,Undisclosed,,,ng/L,7.80,4.81,,,0.99,2.35,5.96,2.87,,,,,,,4.51,,,,7.55,,4.79,3.69,,,,,,,,,,,,,,,,,,,,,,,,,,,,,,,,,
WQP_USA_2026,NJDEP_BFBM-01367770,Surface Water,41.19395,-74.5751,,3/12/2025,,Undisclosed,,,ng/L,2.59,1.77,,,,0.79,2.47,0.85,,,,,,,,,,,2.30,,,1.94,,,,,,,,,,,,,,,,,,,,,,,,,,,,,,,,,
WQP_USA_2026,NJDEP_BFBM-01367770,Surface Water,41.19395,-74.5751,,9/22/2025,,Undisclosed,,,ng/L,3.88,2.49,,,,1.64,4.07,1.36,,,,,,,3.64,,,,6.27,,4.11,3.13,,,,,,,,,,,,,,,,,,,,,,,,,,,,,,,,,
WQP_USA_2026,NJDEP_BFBM-01367800,Surface Water,41.16261,-74.6753,,3/13/2025,,Undisclosed,,,ng/L,1.04,0.87,,,,,,,,,,,,,,,,,,,,0.65,,,,,,,,,,,,,,,,,,,,,,,,,,,,,,,,,
WQP_USA_2026,NJDEP_BFBM-01367800,Surface Water,41.16261,-74.6753,,8/27/2025,,Undisclosed,,,ng/L,1.33,0.90,,,,,,,,,,,,,4.60,,,,,,,0.98,,,,,,,,,,,,,,,,,,,,,,,,,,,,,,,,,
WQP_USA_2026,NJDEP_BFBM-01368000,Surface Water,41.26003,-74.5487,,3/18/2025,,Undisclosed,,,ng/L,2.44,1.62,,,,0.61,1.40,0.87,,,,,,,,,,,1.47,,,1.18,,,,,,,,,,,,,,,,,,,,,,,,,,,,,,,,,
WQP_USA_2026,NJDEP_BFBM-01368000,Surface Water,41.26003,-74.5487,,9/18/2025,,Undisclosed,,,ng/L,3.20,3.54,,,,2.27,3.98,1.88,,,,,,,3.63,,,,6.59,,3.80,2.46,,,,,,,,,,,,,,,,,,,,,,,,,,,,,,,,,
WQP_USA_2026,NJDEP_BFBM-01368820,Surface Water,41.18692,-74.4199,,2/26/2025,,Undisclosed,,,ng/L,5.22,4.26,,,0.56,1.92,2.15,1.34,,,,,,,,,,,2.09,,2.38,2.44,,,,,,,,,,,,,,,,,,,,,,,,,,,,,,,,,
WQP_USA_2026,NJDEP_BFBM-01368820,Surface Water,41.18692,-74.4199,,8/25/2025,,Undisclosed,,,ng/L,4.19,4.45,,,0.97,1.65,1.54,1.37,,,,,,,4.74,,,,2.11,,3.34,1.78,,,,,,,,,,,,,,,,,,,,,,,,,,,,,,,,,
WQP_USA_2026,NJDEP_BFBM-01377000,Surface Water,40.99912,-73.9895,,2/18/2025,,Undisclosed,,,ng/L,11.90,5.66,,,1.93,2.44,4.96,3.01,,,,,,,,,,,5.45,,5.45,3.77,,,,,,,,,,,,,,,,,,,,,,,,,,,,,,,,,
WQP_USA_2026,NJDEP_BFBM-01377000,Surface Water,40.99912,-73.9895,,9/24/2025,,Undisclosed,,,ng/L,11.10,6.53,,0.71,2.51,2.50,4.58,3.16,,,,,,,3.24,,,,5.45,,6.44,3.41,,,,,,,,,,0.65,,,,,,,,,,,,,,,,,,,,,,,
WQP_USA_2026,NJDEP_BFBM-01378400,Surface Water,40.97674,-73.934122,,2/5/2025,,Undisclosed,,,ng/L,6.77,1.93,,,0.78,1.08,,0.73,,,,,,,,,,,,,,1.15,,,,,,,,,,,,,,,,,,,,,,,,,,,,,,,,,
WQP_USA_2026,NJDEP_BFBM-01378400,Surface Water,40.97674,-73.934122,,7/30/2025,,Undisclosed,,,ng/L,5.09,1.48,,,0.77,,,0.79,,,,,,,3.89,,,,,,,,,,,,,,,,,,,,,,,,,,,,,,,,,,,,,,,,
WQP_USA_2026,NJDEP_BFBM-01378560,Surface Water,40.9111,-74.039995,,1/15/2025,,Undisclosed,,,ng/L,22.30,8.38,,,1.59,5.09,9.80,5.55,,,,,,,,,,,10.00,0.82,9.13,8.68,,,,,,,,,,,,,,,,,,,,,,,,,,,,,,,,,
WQP_USA_2026,NJDEP_BFBM-01378560,Surface Water,40.9111,-74.039995,,9/16/2025,,Undisclosed,,,ng/L,24.80,7.70,,,1.47,5.02,10.20,4.87,,,,,,,4.28,,,,10.50,,8.98,7.42,,,,,,,,,,,,,,,,,,,,,,,,,,,,,,,,,
WQP_USA_2026,NJDEP_BFBM-01378780,Surface Water,40.765,-74.529722,,2/10/2025,,Undisclosed,,,ng/L,0.87,,,,,,,,,,,,,,,,,,,,,,,,,,,,,,,,,,,,,,,,,,,,,,,,,,,,,,
WQP_USA_2026,NJDEP_BFBM-01378780,Surface Water,40.765,-74.529722,,9/17/2025,,Undisclosed,,,ng/L,0.92,,,,,,,,,,,,,,3.57,,,,,,,,,,,,,,,,,,,,,,,,,,,,,,,,,,,,,,,,
WQP_USA_2026,NJDEP_BFBM-01379200,Surface Water,40.64973,-74.5242,,2/3/2025,,Undisclosed,,,ng/L,8.02,5.02,,,0.92,2.37,6.59,2.60,,,,,,,,,,,8.21,,4.82,3.20,,,,,,,,,,,,,,,,,,,,,,,,,,,,,,,,,
WQP_USA_2026,NJDEP_BFBM-01379200,Surface Water,40.64973,-74.5242,,9/23/2025,,Undisclosed,,,ng/L,19.20,4.17,,,1.98,2.28,14.90,2.75,,,,,,,3.21,,,,25.60,,8.30,4.27,,,,,,,,,,,,,,,,,,,,,,,,,,,,,,,,,
WQP_USA_2026,NJDEP_BFBM-01380100,Surface Water,40.90215,-74.5015,,3/19/2025,,Undisclosed,,,ng/L,4.55,4.69,,,0.61,3.12,1.45,0.98,,,,,,,,,,,1.29,,,1.25,,,,,,,,,,,,,,,,,,,,,,,,,,,,,,,,,
WQP_USA_2026,NJDEP_BFBM-01380100,Surface Water,40.90215,-74.5015,,9/29/2025,,Undisclosed,,,ng/L,8.17,6.32,,1.00,1.58,2.10,4.72,2.60,,4.66,,,,,,,,,8.31,,10.70,1.95,,,,,,,,,,,,,,,,,,,,,,,,,,,,,,,,,
WQP_USA_2026,NJDEP_BFBM-01381800,Surface Water,40.8453,-74.3471,,1/6/2025,,Undisclosed,,,ng/L,7.70,6.95,,,1.15,4.07,7.62,2.84,,,,,,,,,,,8.98,0.77,5.81,3.65,,,,,,,,,,,,,,,,,,,,,,,,,,,,,,,,,
WQP_USA_2026,NJDEP_BFBM-01381800,Surface Water,40.8453,-74.3471,,7/7/2025,,Undisclosed,,,ng/L,12.00,11.60,,1.33,2.46,3.99,6.75,3.34,,,,2.58,,,,,,,7.79,,5.57,2.61,,,,,,,,,,0.66,,,,,,,,,,,,,,,,,,,,,,,
WQP_USA_2026,NJDEP_BFBM-01382000,Surface Water,40.8972,-74.2729,,5/7/2025,,Undisclosed,,,ng/L,10.70,7.42,,0.61,1.62,2.55,7.56,3.30,,,,,,,,,,,7.24,0.53,5.23,2.44,,,,,,,,,,,,,,,,,,,,,,,,,,,,,,,,,
WQP_USA_2026,NJDEP_BFBM-01382000,Surface Water,40.8972,-74.2729,,9/25/2025,,Undisclosed,,,ng/L,36.40,11.00,,0.77,2.17,7.13,9.54,5.71,,,,,,,3.13,,,,11.00,,9.14,5.04,,,,,,,,,,,,,,,,,,,,,,,,,,,,,,,,,
WQP_USA_2026,NJDEP_BFBM-01382500,Surface Water,41.01845,-74.4011,,9/9/2025,,Undisclosed,,,ng/L,2.78,1.38,,,0.76,,,,,,,,,,4.15,,,,,,,,,,,,,,,,,,,,,,,,,,,,,,,,,,,,,,,,
WQP_USA_2026,NJDEP_BFBM-01387500,Surface Water,41.09678,-74.1655,,1/22/2025,,Undisclosed,,,ng/L,5.45,3.88,,,1.35,1.18,4.08,1.90,,,,,,,,,,,4.22,,3.07,2.30,,,,,,,,,,,,,,,,,,,,,,,,,,,,,,,,,
WQP_USA_2026,NJDEP_BFBM-01387500,Surface Water,41.09678,-74.1655,,3/26/2025,,Undisclosed,,,ng/L,2.29,1.29,,,,,0.61,0.54,,,,,,,,,,,,,,,,,,,,,,,,,,,,,,,,,,,,,,,,,,,,,,,
WQP_USA_2026,NJDEP_BFBM-01387500,Surface Water,41.09678,-74.1655,,7/16/2025,,Undisclosed,,,ng/L,6.54,3.85,,0.73,1.57,,4.86,2.13,,,,,,,4.58,,,,5.30,,5.36,1.67,,,,,,,,,,,,,,,,,,,,,,,,,,,,,,,,,
WQP_USA_2026,NJDEP_BFBM-01388500,Surface Water,40.96928,-74.2819,,1/14/2025,,Undisclosed,,,ng/L,4.49,4.20,,,1.04,1.46,3.42,1.31,,,,,,,,,,,3.47,,2.93,2.11,,,,,,,,,,,,,,,,,,,,,,,,,,,,,,,,,
WQP_USA_2026,NJDEP_BFBM-01388500,Surface Water,40.96928,-74.2819,,8/4/2025,,Undisclosed,,,ng/L,8.58,7.27,,,1.72,2.96,3.88,2.13,,,,,,,4.46,,,,4.38,,4.03,2.31,,,,,,,,,,,,,,,,,,,,,,,,,,,,,,,,,
WQP_USA_2026,NJDEP_BFBM-01388720,Surface Water,40.92656,-74.2931,,2/18/2025,,Undisclosed,,,ng/L,16.60,4.34,,,0.97,2.66,5.04,3.44,,,,,,,,,,,4.80,,6.68,2.74,,,,,,,,,,,,,,,,,,,,,,,,,,,,,,,,,
WQP_USA_2026,NJDEP_BFBM-01388720,Surface Water,40.92656,-74.2931,,9/24/2025,,Undisclosed,,,ng/L,24.40,11.50,,,1.98,6.42,6.72,4.08,,,,,,,3.13,,,,7.65,,7.36,4.11,,,,,,,,,,,,,,,,,,,,,,,,,,,,,,,,,
WQP_USA_2026,NJDEP_BFBM-01389500,Surface Water,40.88757,-74.2233,,3/3/2025,,Undisclosed,,,ng/L,7.67,4.82,,,0.79,2.36,4.55,2.08,,,,,,,,,,,4.47,,3.42,2.82,,,,,,,,,,,,,,,,,,,,,,,,,,,,,,,,,
WQP_USA_2026,NJDEP_BFBM-01389500,Surface Water,40.88757,-74.2233,,7/16/2025,,Undisclosed,,,ng/L,9.81,8.12,,0.80,1.95,2.46,4.60,2.46,,,,,,,5.29,,,,5.46,,5.27,2.32,,,,,,,,,,,,,,,,,,,,,,,,,,,,,,,,,
WQP_USA_2026,NJDEP_BFBM-01391500,Surface Water,40.89037,-74.0807,,1/22/2025,,Undisclosed,,,ng/L,26.40,12.00,,0.61,4.94,5.32,18.20,6.51,,,,,,,,,,,23.00,0.74,9.39,6.49,,,,,,,,,,0.65,,,,,,,,,,,,,,,,,,,,,,,
WQP_USA_2026,NJDEP_BFBM-01391500,Surface Water,40.89037,-74.0807,,9/23/2025,,Undisclosed,,,ng/L,23.40,11.20,,0.89,27.50,4.41,22.90,5.06,,,,,,,3.40,,,,41.40,,10.50,6.30,,,,,,,,,,,,,,,,,,,,,,,,,,,,,,,,,
WQP_USA_2026,NJDEP_BFBM-01394500,Surface Water,40.68767,-74.3119,,1/17/2025,,Undisclosed,,,ng/L,43.40,9.56,,,1.75,7.44,8.75,6.87,,,,,,,,,,,8.57,1.18,9.57,5.77,,,,,,,,,,,,,,,,,,,,,,,,,,,,,,,,,
WQP_USA_2026,NJDEP_BFBM-01394500,Surface Water,40.68767,-74.3119,,7/7/2025,,Undisclosed,,,ng/L,44.60,11.90,,1.06,2.36,6.75,8.67,5.88,,,,,,,,,,,9.04,,10.50,5.22,,,,,,,,,,,,,,,,,,,,,,,,,,,,,,,,,
WQP_USA_2026,NJDEP_BFBM-01395000,Surface Water,40.618962,-74.283152,,1/27/2025,,Undisclosed,,,ng/L,40.20,13.00,,,2.16,9.15,10.20,8.75,,,,,,,,,,,12.00,1.10,10.40,5.97,,,,,,,,,,,,,,,,,,,,,,,,,,,,,,,,,
WQP_USA_2026,NJDEP_BFBM-01395000,Surface Water,40.618962,-74.283152,,9/24/2025,,Undisclosed,,,ng/L,12.60,6.60,,,1.61,4.06,9.00,3.03,,,,,,,3.37,,,,12.70,,8.60,3.87,,,,,,,,,,,,,,,,,,,,,,,,,,,,,,,,,
WQP_USA_2026,NJDEP_BFBM-01396660,Surface Water,40.64747,-74.9688,,3/25/2025,,Undisclosed,,,ng/L,2.08,2.53,,,,1.48,0.77,0.56,,,,,,,,,,,,,,0.91,,,,,,,,,,,,,,,,,,,,,,,,,,,,,,,,,
WQP_USA_2026,NJDEP_BFBM-01396660,Surface Water,40.64747,-74.9688,,9/9/2025,,Undisclosed,,,ng/L,2.00,2.33,,,,,,,,,,,,,4.29,,,,,,,,,,,,,,,,,,,,,,,,,,,,,,,,,,,,,,,,
WQP_USA_2026,NJDEP_BFBM-01398000,Surface Water,40.47343,-74.8276,,2/4/2025,,Undisclosed,,,ng/L,4.07,2.90,,,0.55,1.33,2.78,1.58,,,,,,,,,,,3.31,,3.47,2.01,,,,,,,,,,,,,,,,,,,,,,,,,,,,,,,,,
WQP_USA_2026,NJDEP_BFBM-01398000,Surface Water,40.47343,-74.8276,,8/4/2025,,Undisclosed,,,ng/L,7.44,3.60,,,1.37,,3.25,2.17,,,,,,,4.04,,,,3.89,,5.69,2.63,,,,,,,,,,,,,,,,,,,,,,,,,,,,,,,,,
WQP_USA_2026,NJDEP_BFBM-01398102,Surface Water,40.54685,-74.6965,,3/4/2025,,Undisclosed,,,ng/L,4.10,2.87,,,0.62,1.16,2.19,1.34,,,,,,,,,,,2.05,,2.68,1.86,,,,,,,,,,,,,,,,,,,,,,,,,,,,,,,,,
WQP_USA_2026,NJDEP_BFBM-01398102,Surface Water,40.54685,-74.6965,,9/17/2025,,Undisclosed,,,ng/L,3.76,2.66,,,0.86,,1.90,1.10,,,,,,,3.78,,,,2.47,,3.31,1.44,,,,,,,,,,,,,,,,,,,,,,,,,,,,,,,,,
WQP_USA_2026,NJDEP_BFBM-01399780,Surface Water,40.63466,-74.6867,,1/27/2025,,Undisclosed,,,ng/L,4.26,1.92,,,,1.02,3.02,1.22,,,,,,,,,,,3.43,,2.51,2.51,,,,,,,,,,,,,,,,,,,,,,,,,,,,,,,,,
WQP_USA_2026,NJDEP_BFBM-01399780,Surface Water,40.63466,-74.6867,,9/2/2025,,Undisclosed,,,ng/L,5.07,2.04,,,1.37,,1.77,1.49,,,,,,,5.35,,,,2.41,,3.12,1.26,,,,,,,,,,,,,,,,,,,,,,,,,,,,,,,,,
WQP_USA_2026,NJDEP_BFBM-01400000,Surface Water,40.56972,-74.6782,,1/24/2025,,Undisclosed,,,ng/L,5.58,3.58,,,0.54,1.88,3.86,2.00,,,,,,,,,,,4.29,,3.29,2.70,,,,,,,,,,,,,,,,,,,,,,,,,,,,,,,,,
WQP_USA_2026,NJDEP_BFBM-01400000,Surface Water,40.56972,-74.6782,,9/15/2025,,Undisclosed,,,ng/L,5.45,2.76,,,1.14,,2.47,1.45,,,,,,,4.21,,,,3.22,,3.27,1.56,,,,,,,,,,,,,,,,,,,,,,,,,,,,,,,,,
WQP_USA_2026,NJDEP_BFBM-01400640,Surface Water,40.3137,-74.5887,,3/11/2025,,Undisclosed,,,ng/L,7.48,3.86,,,1.31,1.38,5.07,2.07,,,,,,,,,,,4.04,,3.81,2.67,,,,,,,,,,,,,,,,,,,,,,,,,,,,,,,,,
WQP_USA_2026,NJDEP_BFBM-01400640,Surface Water,40.3137,-74.5887,,9/22/2025,,Undisclosed,,,ng/L,8.14,3.86,,,1.35,1.81,4.94,2.37,,,,,,,3.51,,,,7.21,,4.64,2.19,,,,,,,,,,,,,,,,,,,,,,,,,,,,,,,,,
WQP_USA_2026,NJDEP_BFBM-01400860,Surface Water,40.41824,-74.787344,,3/4/2025,,Undisclosed,,,ng/L,1.05,0.79,,,,,,,,,,,,,,,,,,,,,,,,,,,,,,,,,,,,,,,,,,,,,,,,,,,,,
WQP_USA_2026,NJDEP_BFBM-01400860,Surface Water,40.41824,-74.787344,,7/22/2025,,Undisclosed,,,ng/L,9.94,2.82,,,2.03,,2.72,2.19,,,,,,,4.63,,,,3.51,,6.03,1.33,,,,,,,,,,,,,,,,,,,,,,,,,,,,,,,,,
WQP_USA_2026,NJDEP_BFBM-01401400,Surface Water,40.36998,-74.6158,,1/15/2025,,Undisclosed,,,ng/L,7.73,10.60,,,1.36,10.00,3.88,1.89,,,,,,,,,,,3.97,1.44,4.26,4.34,,,,,,,,,,,,,,,,,,,,,,,,,,,,,,,,,
WQP_USA_2026,NJDEP_BFBM-01401400,Surface Water,40.36998,-74.6158,,7/10/2025,,Undisclosed,,,ng/L,16.80,16.00,,1.02,2.40,6.57,4.91,3.41,,,,,,,4.07,,,,5.85,,8.67,3.86,,,,,,,,,,,,,,,,,,,,,,,,,,,,,,,,,
WQP_USA_2026,NJDEP_BFBM-01402000,Surface Water,40.4748,-74.5759,,2/10/2025,,Undisclosed,,,ng/L,13.40,7.51,,0.60,1.77,2.18,5.36,3.43,,,,,,,,,,,5.30,,5.86,3.32,,,,,,,,,,,,,,,,,,,,,,,,,,,,,,,,,
WQP_USA_2026,NJDEP_BFBM-01402000,Surface Water,40.4748,-74.5759,,9/30/2025,,Undisclosed,,,ng/L,8.75,6.23,,0.78,1.59,2.20,6.56,2.42,,,,,,,2.84,,,,7.98,,5.48,3.21,,,,,,,,,,,,,,,,,,,,,,,,,,,,,,,,,
WQP_USA_2026,NJDEP_BFBM-01403385,Surface Water,40.58069,-74.4993,,4/27/2022,,Undisclosed,,,ng/L,32.60,20.40,,1.05,2.37,12.40,13.30,7.86,,,,3.03,,,,,,,13.80,1.21,13.20,6.26,,,,,,,,,,0.31,,,,,,,,,,,,,,,,,,,,,,,
WQP_USA_2026,NJDEP_BFBM-01403385,Surface Water,40.58069,-74.4993,,6/22/2022,,Undisclosed,,,ng/L,37.50,23.80,,0.95,2.14,14.20,12.50,8.06,,,,1.25,,,,,,,13.80,1.16,12.40,6.01,,,,,,,,,,,,,,,,,,,,,,,,,,,,,,,,,
WQP_USA_2026,NJDEP_BFBM-01403385,Surface Water,40.58069,-74.4993,,6/29/2022,,Undisclosed,,,ng/L,33.40,26.30,,0.90,2.87,12.80,12.80,8.13,,,,1.52,,,,,,,14.30,1.07,14.60,5.76,,,,,,,,,,0.34,,,,,,,,,,,,,,,,,,,,,,,
WQP_USA_2026,NJDEP_BFBM-01403385,Surface Water,40.58069,-74.4993,,7/6/2022,,Undisclosed,,,ng/L,35.00,17.20,,1.21,2.73,12.90,13.40,7.85,,,,6.76,,,,,,,15.30,0.93,13.00,5.97,,,,,,,,,,0.31,,,,,,,,,,,,,,,,,,,,,,,
WQP_USA_2026,NJDEP_BFBM-01403385,Surface Water,40.58069,-74.4993,,7/13/2022,,Undisclosed,,,ng/L,33.20,21.00,,0.89,2.02,13.90,14.40,7.93,,,,1.71,,,,,,,17.30,1.53,12.10,6.17,,,,,,,,,,0.41,,,,,,,,,,,,,,,,,,,,,,,
WQP_USA_2026,NJDEP_BFBM-01403385,Surface Water,40.58069,-74.4993,,8/17/2022,,Undisclosed,,,ng/L,28.30,25.50,,1.63,2.32,11.40,12.00,6.80,,,,1.47,,,,,,,15.20,1.05,35.90,5.55,,,,,,,,,,0.53,,,,,,,,,,,,,,0.38,,,,,,,,,
WQP_USA_2026,NJDEP_BFBM-01403385,Surface Water,40.58069,-74.4993,,2/8/2023,,Undisclosed,,,ng/L,32.00,20.00,,1.00,2.00,12.00,11.00,7.00,,,,,,,,,,,13.00,1.00,13.00,6.00,,,,,,,,,,,,,,,,,,,,,,,,,,,,,,,,,
WQP_USA_2026,NJDEP_BFBM-01403385,Surface Water,40.58069,-74.4993,,6/7/2023,,Undisclosed,,,ng/L,40.00,25.00,,1.00,2.00,13.00,13.00,7.00,,,,,,,,,,,14.00,1.00,15.00,6.00,,,,,,,,,,,,,,,,,,,,,,,,,,,,,,,,,
WQP_USA_2026,NJDEP_BFBM-01403385,Surface Water,40.58069,-74.4993,,2/29/2024,,Undisclosed,,,ng/L,29.50,22.60,,1.10,2.50,10.80,10.20,6.60,,,,,,,,,,,10.10,1.20,12.00,3.90,,,,,,,,,,,,,,,,,,,,,,,,,,,,,,,,,
WQP_USA_2026,NJDEP_BFBM-01403385,Surface Water,40.58069,-74.4993,,3/24/2025,,Undisclosed,,,ng/L,24.50,17.10,,0.94,2.24,8.98,9.66,5.78,,2.68,,,,,,,,,11.80,0.99,11.00,4.62,,,,,,,,,,,,,,,,,,,,,,,,,,,,,,,,,
WQP_USA_2026,NJDEP_BFBM-01403385,Surface Water,40.58069,-74.4993,,7/17/2025,,Undisclosed,,,ng/L,38.90,23.40,,2.13,4.80,7.66,26.90,11.20,,3.59,,,,,4.97,,,,28.80,,23.20,6.21,,,,,,,,,,,,,,,,,,,,,,,,,,,,,,,,,
WQP_USA_2026,NJDEP_BFBM-01405003,Surface Water,40.448716,-74.445985,,9/13/2023,,Undisclosed,,,ng/L,13.00,6.00,,1.00,2.00,2.00,6.00,4.00,,4.00,,,,,,,,,6.00,,10.00,3.00,,,,,,,,,,,,,,,,,,,,,,,,,,,,,,,,,
WQP_USA_2026,NJDEP_BFBM-01405003,Surface Water,40.448716,-74.445985,,12/8/2023,,Undisclosed,,,ng/L,13.00,5.00,,,2.00,3.00,6.00,4.00,,4.00,,,,,,,,,8.00,,13.00,3.00,,,,,,,,,,,,,,,,,,,,,,,,,,,,,,,,,
WQP_USA_2026,NJDEP_BFBM-01405340,Surface Water,40.29615,-74.3979,,3/11/2025,,Undisclosed,,,ng/L,5.07,1.81,,,0.83,0.62,2.91,1.37,,,,,,,,,,,2.51,,3.17,1.92,,,,,,,,,,,,,,,,,,,,,,,,,,,,,,,,,
WQP_USA_2026,NJDEP_BFBM-01405340,Surface Water,40.29615,-74.3979,,9/24/2025,,Undisclosed,,,ng/L,6.06,2.67,,,1.09,,3.66,1.85,,,,,,,3.18,,,,4.46,,4.35,2.28,,,,,,,,,,,,,,,,,,,,,,,,,,,,,,,,,
WQP_USA_2026,NJDEP_BFBM-01407760,Surface Water,40.20341,-74.0658,,1/29/2025,,Undisclosed,,,ng/L,7.88,3.66,,,1.05,2.25,4.60,2.44,,,,,,,,,,,5.44,,5.14,3.89,,,,,,,,,,,,,,,,,,,,,,,,,,,,,,,,,
WQP_USA_2026,NJDEP_BFBM-01407760,Surface Water,40.20341,-74.0658,,7/29/2025,,Undisclosed,,,ng/L,7.39,16.10,,2.07,2.56,1.73,4.10,2.43,,,,,,,4.39,,,,5.84,,6.29,4.16,,,,,,,,,,1.02,,,,,,,,,,,,,,,,,,,,,,,
WQP_USA_2026,NJDEP_BFBM-01408000,Surface Water,40.16168,-74.1546,,1/27/2025,,Undisclosed,,,ng/L,7.83,4.86,,,5.78,2.78,3.02,1.70,,,,,,,,,,,2.89,,2.87,1.83,,,,,,,,,,,,,,,,,,,,,,,,,,,,,,,,,
WQP_USA_2026,NJDEP_BFBM-01408000,Surface Water,40.16168,-74.1546,,7/16/2025,,Undisclosed,,,ng/L,7.39,5.13,,,4.01,2.60,3.86,2.24,,,,,,,5.34,,,,4.65,,6.15,3.11,,,,,,,,,,,,,,,,,,,,,,,,,,,,,,,,,
WQP_USA_2026,NJDEP_BFBM-01408009,Surface Water,40.21267,-74.168,,1/13/2025,,Undisclosed,,,ng/L,1.35,0.75,,,,0.88,0.57,,,,,,,,,,,,,,,,,,,,,,,,,,,,,,,,,,,,,,,,,,,,,,,,
WQP_USA_2026,NJDEP_BFBM-01408009,Surface Water,40.21267,-74.168,,7/9/2025,,Undisclosed,,,ng/L,3.70,2.01,,,,1.50,1.58,1.11,,,,,,,4.44,,,,2.15,,,,,,,,,,,,,,,,,,,,,,,,,,,,,,,,,,,,
WQP_USA_2026,NJDEP_BFBM-01408100,Surface Water,40.11007,-74.2189,,1/31/2025,,Undisclosed,,,ng/L,6.64,4.34,,,2.86,1.92,3.59,1.98,,,,,,,,,,,3.87,,3.02,3.57,,,,,,,,,,,,,,,,,,,,,,,,,,,,,,,,,
WQP_USA_2026,NJDEP_BFBM-01408100,Surface Water,40.11007,-74.2189,,7/17/2025,,Undisclosed,,,ng/L,6.49,4.48,,0.82,2.16,,3.26,2.08,,,,,,,4.29,,,,4.04,,4.15,1.57,,,,,,,,,,,,,,,,,,,,,,,,,,,,,,,,,
WQP_USA_2026,NJDEP_BFBM-01408505,Surface Water,39.976389,-74.218333,,2/19/2025,,Undisclosed,,,ng/L,9.60,19.40,,,1.48,10.30,4.46,3.23,,,,,,,,,,,3.67,1.35,3.47,2.60,,,,,,,,,,,,,,,,,,,,,,,,,,,,,,,,,
WQP_USA_2026,NJDEP_BFBM-01408505,Surface Water,39.976389,-74.218333,,8/28/2025,,Undisclosed,,,ng/L,11.40,39.80,,,2.38,14.10,4.92,3.10,0.70,,,,,,4.67,,,,4.36,1.20,3.60,3.57,,,,,,,,,,,,,,,,,,,,,,,,,,,,,,,,,
WQP_USA_2026,NJDEP_BFBM-01408830,Surface Water,39.89729,-74.3163,,3/11/2025,,Undisclosed,,,ng/L,0.58,,,,,,,,,,,,,,,,,,1.52,,,,,,,,,,,,,,,,,,,,,,,,,,,,,,,,,,,,
WQP_USA_2026,NJDEP_BFBM-01408830,Surface Water,39.89729,-74.3163,,10/1/2025,,Undisclosed,,,ng/L,0.84,,,,,,,,,,,,,,,,,,,,,,,,,,,,,,,,,,,,,,,,,,,,,,,,,,,,,,
WQP_USA_2026,NJDEP_BFBM-01409387,Surface Water,39.74001,-74.7252,,1/28/2025,,Undisclosed,,,ng/L,1.35,1.08,,,0.63,0.82,,,,,,,,,,,,,,,,,,,,,,,,,,,,,,,,,,,,,,,,,,,,,,,,,
WQP_USA_2026,NJDEP_BFBM-01409387,Surface Water,39.74001,-74.7252,,7/14/2025,,Undisclosed,,,ng/L,2.92,1.74,,,1.97,1.30,1.68,1.38,,,,,,,5.63,,,,2.93,,4.51,,,,,,,,,,,,,,,,,,,,,,,,,,,,,,,,,,
WQP_USA_2026,NJDEP_BFBM-0140940950,Surface Water,39.68819,-74.8345,,2/27/2025,,Undisclosed,,,ng/L,4.52,4.66,,,0.86,1.46,2.09,0.93,,,,,,,,,,,1.96,,,1.04,,,,,,,,,,,,,,,,,,,,,,,,,,,,,,,,,
WQP_USA_2026,NJDEP_BFBM-0140940950,Surface Water,39.68819,-74.8345,,7/30/2025,,Undisclosed,,,ng/L,4.88,5.11,,,1.16,1.54,2.04,1.21,,,,,,,3.57,,,,2.71,,,1.24,,,,,,,,,,,,,,,,,,,,,,,,,,,,,,,,,
WQP_USA_2026,NJDEP_BFBM-01409416,Surface Water,39.63375,-74.71803,,3/10/2025,,Undisclosed,,,ng/L,3.31,2.11,,,0.66,1.27,1.74,1.36,,,,,,,,,,,1.58,,3.30,2.23,,,,,,,,,,,,,,,,,,,,,,,,,,,,,,,,,
WQP_USA_2026,NJDEP_BFBM-01409416,Surface Water,39.63375,-74.71803,,9/15/2025,,Undisclosed,,,ng/L,4.52,2.08,,,0.99,1.90,2.39,1.51,,,,,,,4.32,,,,2.71,,3.90,2.37,,,,,,,,,,,,,,,,,,,,,,,,,,,,,,,,,
WQP_USA_2026,NJDEP_BFBM-01409470,Surface Water,39.709639,-74.666333,,3/20/2025,,Undisclosed,,,ng/L,1.72,0.69,,,,,0.62,0.56,,,,,,,,,,,,,,,,,,,,,,,,,,,,,,,,,,,,,,,,,,,,,,,
WQP_USA_2026,NJDEP_BFBM-01409470,Surface Water,39.709639,-74.666333,,8/27/2025,,Undisclosed,,,ng/L,1.30,,,,0.81,,,,,,,,,,4.97,,,,,,,,,,,,,,,,,,,,,,,,,,,,,,,,,,,,,,,,
WQP_USA_2026,NJDEP_BFBM-01409815,Surface Water,39.67511,-74.5408,,3/12/2025,,Undisclosed,,,ng/L,1.39,,,,,,,,,,,,,,,,,,,,,,,,,,,,,,,,,,,,,,,,,,,,,,,,,,,,,,
WQP_USA_2026,NJDEP_BFBM-01409815,Surface Water,39.67511,-74.5408,,8/12/2025,,Undisclosed,,,ng/L,1.18,,,,,,,,,,,,,,,,,,,,,,,,,,,,,,,,,,,,,,,,,,,,,,,,,,,,,,
WQP_USA_2026,NJDEP_BFBM-01410150,Surface Water,39.62337,-74.4411,,3/6/2025,,Undisclosed,,,ng/L,1.68,,,,0.52,,1.34,1.08,,,,,,,,,,,3.91,,,,,,,,,,,,,,,,,,,,,,,,,,,,,,,,,,,,
WQP_USA_2026,NJDEP_BFBM-01410150,Surface Water,39.62337,-74.4411,,7/16/2025,,Undisclosed,,,ng/L,1.17,,,,0.78,,,,,,,,,,4.30,,,,,,,,,,,,,,,,,,,,,,,,,,,,,,,,,,,,,,,,
WQP_USA_2026,NJDEP_BFBM-01411035,Surface Water,39.64449,-74.9858,,3/10/2025,,Undisclosed,,,ng/L,1.62,1.21,,,,0.67,1.11,0.60,,,,,,,,,,,,,,0.77,,,,,,,,,,,,,,,,,,,,,,,,,,,,,,,,,
WQP_USA_2026,NJDEP_BFBM-01411035,Surface Water,39.64449,-74.9858,,9/9/2025,,Undisclosed,,,ng/L,2.23,0.93,,,0.84,,1.18,0.79,,,,,,,4.14,,,,,,,,,,,,,,,,,,,,,,,,,,,,,,,,,,,,,,,,
WQP_USA_2026,NJDEP_BFBM-01411110,Surface Water,39.51387,-74.77966,,1/9/2025,,Undisclosed,,,ng/L,2.48,1.90,,,0.96,1.34,1.60,0.81,,,,,,,,,,,1.39,,,0.93,,,,,,,,,,,,,,,,,,,,,,,,,,,,,,,,,
WQP_USA_2026,NJDEP_BFBM-01411110,Surface Water,39.51387,-74.77966,,7/29/2025,,Undisclosed,,,ng/L,3.80,1.71,,0.70,1.50,1.51,2.47,1.40,,,,,,,4.41,,,,2.35,,,,,,,,,,,,,,,,,,,,,,,,,,,,,,,,,,,,
WQP_USA_2026,NJDEP_BFBM-01411196,Surface Water,39.46895,-74.6925,,3/20/2025,,Undisclosed,,,ng/L,0.97,1.04,,,,,,,,,,,,,,,,,,,,0.58,,,,,,,,,,,,,,,,,,,,,,,,,,,,,,,,,
WQP_USA_2026,NJDEP_BFBM-01411400,Surface Water,39.02773,-74.8964,,5/20/2025,,Undisclosed,,,ng/L,14.20,5.48,,,10.00,7.05,8.31,7.48,,,,,,,,,,,10.50,1.24,6.62,6.28,,,,,,,,,,,,,,,,,,,,,,,,,,,,,,,,,
WQP_USA_2026,NJDEP_BFBM-01411400,Surface Water,39.02773,-74.8964,,9/26/2025,,Undisclosed,,,ng/L,14.30,6.78,,0.83,7.25,5.58,7.42,5.76,,,,,,,,,,,8.34,,6.93,11.20,,,,,,,,,,,,,,,,,,,,,,,,,,,,,,,,,
WQP_USA_2026,NJDEP_BFBM-01411444,Surface Water,39.25985,-74.9118,,3/18/2025,,Undisclosed,,,ng/L,1.08,,,,0.66,,0.58,0.52,,,,,,,,,,,,,,,,,,,,,,,,,,,,,,,,,,,,,,,,,,,,,,,
WQP_USA_2026,NJDEP_BFBM-01411444,Surface Water,39.25985,-74.9118,,9/11/2025,,Undisclosed,,,ng/L,1.45,,,,1.17,,,,,,,,,,4.20,,,,,,,,,,,,,,,,,,,,,,,,,,,,,,,,,,,,,,,,
WQP_USA_2026,NJDEP_BFBM-01411466,Surface Water,39.59077,-75.0597,,3/26/2025,,Undisclosed,,,ng/L,3.92,1.19,,,2.06,0.56,1.74,1.28,,,,,,,,,,,1.64,,,0.63,,,,,,,,,,,,,,,,,,,,,,,,,,,,,,,,,
WQP_USA_2026,NJDEP_BFBM-01411466,Surface Water,39.59077,-75.0597,,7/22/2025,,Undisclosed,,,ng/L,5.83,2.12,,0.89,3.49,,4.50,2.13,,,,,,,5.11,,,,5.06,,4.46,1.14,,,,,,,,,,0.71,,,,,,,,,,,,,,,,,,,,,,,
WQP_USA_2026,NJDEP_BFBM-01411500,Surface Water,39.4957,-75.0763,,1/21/2025,,Undisclosed,,,ng/L,7.10,,,,2.93,2.16,4.40,3.25,,,,,,,,,,,4.18,,5.17,1.54,,,,,,,,,,,,,,,,,,,,,,,,,,,,,,,,,
WQP_USA_2026,NJDEP_BFBM-01411500,Surface Water,39.4957,-75.0763,,7/8/2025,,Undisclosed,,,ng/L,7.26,5.13,,0.88,2.89,1.89,3.86,2.62,,,,,,,,,,,4.60,,6.37,1.32,,,,,,,,,,,,,,,,,,,,,,,,,,,,,,,,,
WQP_USA_2026,NJDEP_BFBM-01411955,Surface Water,39.33757,-75.0512,,8/26/2025,,Undisclosed,,,ng/L,,,,,,,,,,,,,,,5.52,,,,,,,,,,,,,,,,,,,,,,,,,,,,,,,,,,,,3.46,,,,
WQP_USA_2026,NJDEP_BFBM-01412800,Surface Water,39.4726,-75.2554,,3/18/2025,,Undisclosed,,,ng/L,5.65,1.33,,,0.91,0.97,5.11,2.49,,,,,,,,,,,3.86,,4.48,2.37,,,,,,,,,,,,,,,,,,,,,,,,,,,,,,,,,
WQP_USA_2026,NJDEP_BFBM-01412800,Surface Water,39.4726,-75.2554,,7/30/2025,,Undisclosed,,,ng/L,4.22,,,,0.78,,3.28,1.61,,,,,,,4.15,,,,2.84,,4.40,1.06,,,,,,,,,,,,,,,,,,,,,,,,,,,,,,,,,
WQP_USA_2026,NJDEP_BFBM-01440000,Surface Water,41.10637,-74.9523,,3/10/2025,,Undisclosed,,,ng/L,0.63,,,,,,,,,,,,,,,,,,,,,,,,,,,,,,,,,,,,,,,,,,,,,,,,,,,,,,
WQP_USA_2026,NJDEP_BFBM-01440000,Surface Water,41.10637,-74.9523,,9/8/2025,,Undisclosed,,,ng/L,1.17,,,,,,,,,,,,,,4.15,,,,,,,,,,,,,,,,,,,,,,,,,,,,,,,,,,,,,,,,
WQP_USA_2026,NJDEP_BFBM-01443500,Surface Water,40.98114,-74.9535,,3/18/2025,,Undisclosed,,,ng/L,2.21,3.90,,,,1.44,1.29,0.72,,,,,,,,,,,1.50,,,0.97,,,,,,,,,,,,,,,,,,,,,,,,,,,,,,,,,
WQP_USA_2026,NJDEP_BFBM-01443500,Surface Water,40.98114,-74.9535,,9/10/2025,,Undisclosed,,,ng/L,2.54,4.81,,,,3.05,1.85,0.85,,,,,,,4.32,,,,2.37,,3.29,1.34,,,,,,,,,,,,,,,,,,,,,,,,,,,,,,,,,
WQP_USA_2026,NJDEP_BFBM-01445160,Surface Water,40.97499,-74.8494,,3/25/2025,,Undisclosed,,,ng/L,0.78,0.84,,,,0.58,,,,,,,,,,,,,,,,0.74,,,,,,,,,,,,,,,,,,,,,,,,,,,,,,,,,
WQP_USA_2026,NJDEP_BFBM-01445160,Surface Water,40.97499,-74.8494,,9/22/2025,,Undisclosed,,,ng/L,,1.07,,,,1.35,,,,,,,,,3.68,,,,,,,,,,,,,,,,,,,,,,,,,,,,,,,,,,,,,,,,
WQP_USA_2026,NJDEP_BFBM-01446400,Surface Water,40.82934,-75.0787,,1/29/2025,,Undisclosed,,,ng/L,1.64,1.32,,,,0.73,1.01,0.69,,,,,,,,,,,,,,0.96,,,,,,,,,,,,,,,,,,,,,,,,,,,,,,,,,
WQP_USA_2026,NJDEP_BFBM-01457400,Surface Water,40.59228,-75.1866,,3/4/2025,,Undisclosed,,,ng/L,5.35,5.52,,,,1.60,2.49,1.59,,,,,,,,,,,2.31,,2.75,1.88,,,,,,,,,,,,,,,,,,,,,,,,,,,,,,,,,
WQP_USA_2026,NJDEP_BFBM-01457400,Surface Water,40.59228,-75.1866,,9/25/2025,,Undisclosed,,,ng/L,7.06,8.19,,,1.04,1.85,2.47,1.66,,,,,,,3.22,,,,3.31,,3.15,1.84,,,,,,,,,,,,,,,,,,,,,,,,,,,,,,,,,
WQP_USA_2026,NJDEP_BFBM-01458570,Surface Water,40.54295,-75.047,,1/14/2025,,Undisclosed,,,ng/L,1.82,1.96,,,,0.78,0.70,,,,,,,,,,,,,,,1.11,,,,,,,,,,,,,,,,,,,,,,,,,,,,,,,,,
WQP_USA_2026,NJDEP_BFBM-01458570,Surface Water,40.54295,-75.047,,7/3/2025,,Undisclosed,,,ng/L,6.03,5.00,,,1.41,1.32,2.43,1.74,,,,,,,,,,,2.72,,4.60,2.38,,,,,,,,,,,,,,,,,,,,,,,,,,,,,,,,,
WQP_USA_2026,NJDEP_BFBM-01460300,Surface Water,40.410383,-75.034892,,12/8/2023,,Undisclosed,,,ng/L,1.00,2.00,,,,,1.00,1.00,,,,,,,,,,,,,,,,,,,,,,,,,,,,,,,,,,,,,,,,,,,,,,,
WQP_USA_2026,NJDEP_BFBM-01460300,Surface Water,40.410383,-75.034892,,12/11/2023,,Undisclosed,,,ng/L,3.00,2.00,,,,,1.00,1.00,,,,,,,,,,,1.00,,,1.00,,,,,,,,,,,,,,,,,,,,,,,,,,,,,,,,,
WQP_USA_2026,NJDEP_BFBM-01460350,Surface Water,40.365278,-74.945833,,8/30/2023,,Undisclosed,,,ng/L,2.00,1.00,,,,,1.00,,,,,,,,,,,,,,4.00,1.00,,,,,,,,,,,,,,,,,,,,,,,,,,,,,,,,,
WQP_USA_2026,NJDEP_BFBM-01460350,Surface Water,40.365278,-74.945833,,12/8/2023,,Undisclosed,,,ng/L,1.00,1.00,,,,,1.00,,,,,,,,,,,,,,,,,,,,,,,,,,,,,,,,,,,,,,,,,,,,,,,,
WQP_USA_2026,NJDEP_BFBM-01460350,Surface Water,40.365278,-74.945833,,12/11/2023,,Undisclosed,,,ng/L,4.00,1.00,,,1.00,,1.00,2.00,,,,,,,,,,,1.00,,,,,,,,,,,,,,,,,,,,,,,,,,,,,,,,,,,,
WQP_USA_2026,NJDEP_BFBM-01460350,Surface Water,40.365278,-74.945833,,12/9/2025,,Undisclosed,,,ng/L,1.96,1.54,,,0.53,1.02,1.70,0.63,,,,,,,,,,,1.82,,,1.61,,,,,,,,,,,,,,,,,,,,,,,,,,,,,,,,,
WQP_USA_2026,NJDEP_BFBM-01460400,Surface Water,40.244714,-74.819165,,12/9/2025,,Undisclosed,,,ng/L,2.06,1.84,,,0.46,0.90,1.35,0.73,,,,,,,,,,,1.73,,,1.53,,,,,,,,,,,,,,,,,,,,,,,,,,,,,,,,,
WQP_USA_2026,NJDEP_BFBM-01460560,Surface Water,40.535825,-74.577498,,8/30/2023,,Undisclosed,,,ng/L,2.00,3.00,,,,,1.00,1.00,,,,,,,,,,,2.00,,4.00,1.00,,,,,,,,,,,,,,,,,,,,,,,,,,,,,,,,,
WQP_USA_2026,NJDEP_BFBM-01460565,Surface Water,40.540825,-74.568609,,12/9/2025,,Undisclosed,,,ng/L,4.09,1.98,,,0.64,0.81,2.18,1.17,,,,,,,,,,,2.12,,,1.27,,,,,,,,,,,,,,,,2.42,,,,,,,,,,,,,,,,,
WQP_USA_2026,NJDEP_BFBM-01460590,Surface Water,40.540192,-74.513512,,8/30/2023,,Undisclosed,,,ng/L,2.00,3.00,,,,,1.00,1.00,,,,,,,,,,,,,5.00,1.00,,,,,,,,,,,,,,,,,,,,,,,,,,,,,,,,,
WQP_USA_2026,NJDEP_BFBM-01460590,Surface Water,40.540192,-74.513512,,12/9/2025,,Undisclosed,,,ng/L,2.61,2.04,,,0.39,0.88,1.62,0.82,,,,,,,,,,,1.85,,,1.54,,,,,,,,,,,,,,,,,,,,,,,,,,,,,,,,,
WQP_USA_2026,NJDEP_BFBM-01460595,Surface Water,40.507778,-74.464167,,8/30/2023,,Undisclosed,,,ng/L,3.00,3.00,,,,,2.00,1.00,,,,,,,,,,,,,4.00,1.00,,,,,,,,,,,,,,,,,,,,,,,,,,,,,,,,,
WQP_USA_2026,NJDEP_BFBM-01460595,Surface Water,40.507778,-74.464167,,12/9/2025,,Undisclosed,,,ng/L,3.25,2.09,,,0.60,0.79,1.98,0.89,,,,,,,,,,,2.10,,,1.42,,,,,,,,,,,,,,,,1.98,,,,,,,,,,,,,,,,,
WQP_USA_2026,NJDEP_BFBM-01463850,Surface Water,40.24686,-74.6872,,2/10/2025,,Undisclosed,,,ng/L,11.10,11.30,,0.66,2.48,4.80,7.00,4.43,,,,,,,,,,,7.66,,6.13,5.15,,,,,,,,,,,,,,,,,,,,,,,,,,,,,,,,,
WQP_USA_2026,NJDEP_BFBM-01463850,Surface Water,40.24686,-74.6872,,7/9/2025,,Undisclosed,,,ng/L,11.80,7.83,,1.28,2.49,2.57,5.52,3.75,,,,,,,,,,,6.58,,7.28,3.16,1.61,,,,,,,,,0.83,,,,,,,,,,,,,,,,,,,,,,,
WQP_USA_2026,NJDEP_BFBM-01464020,Surface Water,40.21721,-74.76637,,1/28/2025,,Undisclosed,,,ng/L,12.00,13.20,,1.14,5.81,3.67,15.10,4.04,,,,,,,,,,,11.40,0.65,6.65,7.40,,,,,,,,,,0.54,,,,,,,,,,,,,,,,,,,,,,,
WQP_USA_2026,NJDEP_BFBM-01464020,Surface Water,40.21721,-74.76637,,7/24/2025,,Undisclosed,,,ng/L,14.10,13.40,,1.29,6.66,3.82,14.70,4.04,,,,,,,4.54,,,,16.30,,7.85,6.69,,,,,,,,,,0.80,,,,,,,,,,,,,,,,,,,,,,,
WQP_USA_2026,NJDEP_BFBM-01464504,Surface Water,40.16722,-74.6773,,1/29/2025,,Undisclosed,,,ng/L,9.76,18.80,,,1.09,18.20,9.86,3.72,0.55,,,5.01,,,,,,,7.74,2.27,4.46,5.01,,,,,,,,,,,,,,,,,0.68,,,,,,,,,,,,,,,,
WQP_USA_2026,NJDEP_BFBM-01464504,Surface Water,40.16722,-74.6773,,7/14/2025,,Undisclosed,,,ng/L,8.75,22.00,,0.75,1.92,18.60,9.09,3.40,,,,3.22,,,4.75,,,,10.70,1.56,6.99,6.05,,,,,,,,,,,,,,,,,,,,,,,,,,,,,,,,,
WQP_USA_2026,NJDEP_BFBM-01464515,Surface Water,40.17702,-74.5987,,1/28/2025,,Undisclosed,,,ng/L,5.32,2.51,,,1.03,1.43,3.04,1.86,,,,,,,,,,,2.23,,3.27,3.34,,,,,,,,,,,,,,,,,,,,,,,,,,,,,,,,,
WQP_USA_2026,NJDEP_BFBM-01464515,Surface Water,40.17702,-74.5987,,9/23/2025,,Undisclosed,,,ng/L,5.61,3.11,,,1.31,1.69,4.01,1.92,,,,,,,3.62,,,,4.90,,4.74,4.94,,,,,,,,,,,,,,,,,,,,,,,,,,,,,,,,,
WQP_USA_2026,NJDEP_BFBM-01464527,Surface Water,40.10965,-74.6417,,1/27/2025,,Undisclosed,,,ng/L,3.79,1.49,,,,1.24,2.35,1.57,,,,,,,,,,,2.09,,2.68,3.50,,,,,,,,,,,,,,,,,,,,,,,,,,,,,,,,,
WQP_USA_2026,NJDEP_BFBM-01464527,Surface Water,40.10965,-74.6417,,9/17/2025,,Undisclosed,,,ng/L,4.55,1.59,,,1.05,1.63,2.13,1.37,,,,,,,3.65,,,,2.91,,3.91,2.01,,,,,,,,,,,,,,,,,,,,,,,,,,,,,,,,,
WQP_USA_2026,NJDEP_BFBM-01465893,Surface Water,39.89842,-74.7881,,3/5/2025,,Undisclosed,,,ng/L,3.18,1.24,,,0.78,0.94,1.73,1.18,,,,,,,,,,,2.04,,,1.57,,,,,,,,,,,,,,,,,,,,,,,,,,,,,,,,,
WQP_USA_2026,NJDEP_BFBM-01465893,Surface Water,39.89842,-74.7881,,9/23/2025,,Undisclosed,,,ng/L,6.17,2.79,,,1.46,2.21,5.43,2.61,,,,,,,3.19,,,,7.24,,5.97,2.88,,,,,,,,,,,,,,,,,,,,,,,,,,,,,,,,,
WQP_USA_2026,NJDEP_BFBM-01466500,Surface Water,39.88506,-74.5054,,8/26/2025,,Undisclosed,,,ng/L,1.82,,,,1.01,,,,,,,,,,4.85,,,,,,,,,,,,,,,,,,,,,,,,,,,,,,,,,,,,,,,,
WQP_USA_2026,NJDEP_BFBM-01466900,Surface Water,39.95634,-74.6277,,1/17/2025,,Undisclosed,,,ng/L,3.06,2.39,,,0.78,0.74,0.95,0.93,,,,,,,,,,,1.24,,2.25,0.65,,,,,,,,,,,,,,,,,,,,,,,,,,,,,,,,,
WQP_USA_2026,NJDEP_BFBM-01466900,Surface Water,39.95634,-74.6277,,7/30/2025,,Undisclosed,,,ng/L,2.49,1.57,,,0.99,,1.31,0.97,,,,,,,4.24,,,,,,,,,,,,,,,,,,,,,,,,,,,,,,,,,,,,,,,,
WQP_USA_2026,NJDEP_BFBM-0146700510,Surface Water,39.992041,-74.782281,,1/16/2025,,Undisclosed,,,ng/L,3.88,23.00,,,1.00,12.60,6.19,2.54,,,,,,,,,,,7.79,2.10,3.75,4.17,,,,,,,,,,,,,,,,,,,,,,,,,,,,,,,,,
WQP_USA_2026,NJDEP_BFBM-0146700510,Surface Water,39.992041,-74.782281,,7/8/2025,,Undisclosed,,,ng/L,8.27,34.40,,0.95,2.04,18.00,7.16,3.53,0.92,,,,,,,,,,7.44,1.74,6.36,3.86,,,,,,,,,,,,,,,,,,,,,,,,,,,,,,,,,
WQP_USA_2026,NJDEP_BFBM-01467150,Surface Water,39.9032,-75.0218,,1/28/2025,,Undisclosed,,,ng/L,12.00,5.30,,,3.91,3.55,6.98,3.93,,,,6.50,,,,,,,9.09,,5.62,4.36,,,,,,,,,,,,,,,,,,,,,,,,,,,,,,,,,
WQP_USA_2026,NJDEP_BFBM-01467150,Surface Water,39.9032,-75.0218,,7/30/2025,,Undisclosed,,,ng/L,8.63,5.63,,0.94,3.25,1.99,5.32,2.87,,,,,,,4.03,,,,6.65,,6.42,3.48,,,,,,,,,,0.69,,,,,,,,,,,,,,,,,,,,,,,
WQP_USA_2026,NJDEP_BFBM-01467359,Surface Water,39.83448,-75.0668,,1/29/2025,,Undisclosed,,,ng/L,8.23,6.74,,,4.76,4.27,6.69,3.75,,,,,,,,,,,6.36,0.66,6.35,5.02,,,,,,,,,,,,,,,,,,,,,,,,,,,,,,,,,
WQP_USA_2026,NJDEP_BFBM-01467359,Surface Water,39.83448,-75.0668,,8/7/2025,,Undisclosed,,,ng/L,9.45,4.41,,,1.60,1.68,7.74,2.99,,,,,,,,,,,9.79,,,3.12,,,,,,,,,,,,,,,,,,,,,,,,,,,,,,,,,
WQP_USA_2026,NJDEP_BFBM-01477120,Surface Water,39.74041,-75.2589,,1/22/2025,,Undisclosed,,,ng/L,10.90,1.91,,,2.07,1.14,7.23,3.29,,,,,,,,,,,7.95,,7.08,3.82,,,,,,,,,,,,,,,,,,,,,,,,,,,,,,,,,
WQP_USA_2026,NJDEP_BFBM-01477120,Surface Water,39.74041,-75.2589,,8/19/2025,,Undisclosed,,,ng/L,7.75,0.89,,,1.22,,5.53,1.71,,,,,,,,,,,4.54,,,,,,,,,,,,,,,,,,,,,,,,,,,,,,,,,,,,
WQP_USA_2026,NJDEP_BFBM-01482500,Surface Water,39.6436,-75.3304,,1/14/2025,,Undisclosed,,,ng/L,23.20,4.07,,,7.19,5.89,22.00,11.40,,,,,,,,,,,16.00,0.83,12.90,3.06,,,,,,,,,,,,,,,,,,,,,,,,,,,,,,,,,
WQP_USA_2026,NJDEP_BFBM-01482500,Surface Water,39.6436,-75.3304,,7/24/2025,,Undisclosed,,,ng/L,35.30,6.70,,1.30,8.99,5.42,20.10,13.00,,,,,,,4.77,,,,15.10,,13.30,2.36,,,,,,,,,,0.71,,,,,,,,,,,,,,,,,,,,,,,
WQP_USA_2026,NJDEP_BFBM-BA118A,Surface Water,40.331806,-74.652355,,12/9/2025,,Undisclosed,,,ng/L,2.08,1.93,,,0.67,0.89,1.63,0.93,,,,,,,,,,,1.91,,,1.56,,,,,,,,,,,,,,,,1.34,,,,,,,,,,,,,,,,,
WQP_USA_2026,NJDEP_BFBM-BFBM000008,Surface Water,40.483234,-74.412235,,9/13/2023,,Undisclosed,,,ng/L,11.00,5.00,,1.00,2.00,2.00,6.00,,,4.00,,,,,,,,,5.00,,9.00,3.00,,,,,,,,,,,,,,,,,,,,,,,,,,,,,,,,,
WQP_USA_2026,NJDEP_BFBM-BFBM000008,Surface Water,40.483234,-74.412235,,12/8/2023,,Undisclosed,,,ng/L,13.00,6.00,,,2.00,3.00,6.00,4.00,,4.00,,,,,,,,,7.00,,12.00,3.00,,,,,,,,,,,,,,,,,,,,,,,,,,,,,,,,,
WQP_USA_2026,NJDEP_BFBM-BFBM000308,Surface Water,40.399541,-74.629062,,9/23/2024,,Undisclosed,,,ng/L,8.88,5.82,,0.79,1.74,2.28,6.34,2.70,,,,,,,,,,,8.57,,5.17,3.04,,,,,,,,,,,,,,,,0.60,,,,,,,,,,,,,,,,,
WQP_USA_2026,NJDEP_BFBM-BFBM000308,Surface Water,40.399541,-74.629062,,4/28/2025,,Undisclosed,,,ng/L,10.90,7.00,,0.75,2.28,2.69,6.07,3.34,,,,,,,,,,,5.61,,4.52,3.56,,,,,,,,,,,,,,,,,,,,,,,,,,,,,,,,,
WQP_USA_2026,NJDEP_BFBM-BFBM000308,Surface Water,40.399541,-74.629062,,8/29/2025,,Undisclosed,,,ng/L,7.00,4.77,,0.84,1.74,1.98,5.63,2.38,,,,,,,4.91,,,,8.06,,5.80,2.85,,,,,,,,,,,,,,,,,,,,,,,,,,,,,,,,,
WQP_USA_2026,NJDEP_BFBM-BFBM000339,Surface Water,40.607,-74.413,,4/27/2022,,Undisclosed,,,ng/L,28.40,20.30,,0.43,1.55,6.72,11.40,6.67,,,,1.49,,,,,,,13.10,0.61,9.50,6.48,,,,,,,,,,,,,,,,,,,,,,,,,,,,,,,,,
WQP_USA_2026,NJDEP_BFBM-BFBM000339,Surface Water,40.607,-74.413,,6/22/2022,,Undisclosed,,,ng/L,34.30,21.10,,0.39,2.00,8.37,12.20,7.10,,,,,,,,,,,14.20,0.57,8.28,6.32,,,,,,,,,,,,,,,,,,,,,,,,,,,,,,,,,
WQP_USA_2026,NJDEP_BFBM-BFBM000339,Surface Water,40.607,-74.413,,6/29/2022,,Undisclosed,,,ng/L,32.80,18.30,,0.43,1.96,7.68,12.20,6.86,,,,,,,,,,,14.00,0.62,7.91,5.94,,,,,,,,,,,,,,,,,,,,,,,,,,,,,,,,,
WQP_USA_2026,NJDEP_BFBM-BFBM000339,Surface Water,40.607,-74.413,,7/6/2022,,Undisclosed,,,ng/L,32.10,11.20,,0.50,1.94,7.33,12.50,7.27,,,,2.96,,,,,,,14.70,0.60,8.83,6.34,,,,,,,,,,,,,,,,,,,,,,,,,,,,,,,,,
WQP_USA_2026,NJDEP_BFBM-BFBM000339,Surface Water,40.607,-74.413,,7/13/2022,,Undisclosed,,,ng/L,32.20,18.40,,0.53,1.74,7.75,12.20,7.20,,,,,,,,,,,14.20,0.84,8.10,6.14,,,,,,,,,,,,,,,,,,,,,,,,,,,,,,,,,
WQP_USA_2026,NJDEP_BFBM-BFBM000339,Surface Water,40.607,-74.413,,8/17/2022,,Undisclosed,,,ng/L,32.00,19.10,,0.54,1.79,7.75,13.10,7.44,,,,,,,,,,,15.00,0.61,8.92,6.83,,,,,,,,,,,,,,,,,,,,,,,,,,,,,,,,,
WQP_USA_2026,NJDEP_BFBM-BFBM000339,Surface Water,40.607,-74.413,,2/8/2023,,Undisclosed,,,ng/L,31.00,13.00,,,1.00,6.00,10.00,6.00,1.00,,,,,,,,,,13.00,,7.00,6.00,,,,,,,,,,,,,,,,,,,,,,,,,,,,,,,,,
WQP_USA_2026,NJDEP_BFBM-BFBM000339,Surface Water,40.607,-74.413,,6/7/2023,,Undisclosed,,,ng/L,34.00,28.00,,,1.00,7.00,11.00,7.00,,,,,,,,,,,14.00,,8.00,6.00,,,,,,,,,,,,,,,,,,,,,,,,,,,,,,,,,
WQP_USA_2026,NJDEP_BFBM-BFBM000339,Surface Water,40.607,-74.413,,2/29/2024,,Undisclosed,,,ng/L,26.90,16.20,,,1.80,5.70,11.00,6.40,,,,,,,,,,,11.70,,8.60,4.90,,,,,,,,,,,,,,,,,,,,,,,,,,,,,,,,,
WQP_USA_2026,NJDEP_BFBM-BFBM000340,Surface Water,40.593,-74.41,,4/27/2022,,Undisclosed,,,ng/L,31.00,15.40,,0.59,1.73,7.06,11.20,6.61,,,,1.39,,,,,,,12.30,0.72,10.10,6.43,,,,,,,,,,,,,,,,,,,,,,,,,,,,,,,,,
WQP_USA_2026,NJDEP_BFBM-BFBM000340,Surface Water,40.593,-74.41,,6/22/2022,,Undisclosed,,,ng/L,34.20,15.50,,0.65,2.09,8.58,11.30,6.85,,,,,,,,,,,13.50,0.69,8.86,5.49,,,,,,,,,,,,,,,,,,,,,,,,,,,,,,,,,
WQP_USA_2026,NJDEP_BFBM-BFBM000340,Surface Water,40.593,-74.41,,6/29/2022,,Undisclosed,,,ng/L,36.70,19.00,,0.57,2.06,8.74,12.30,7.17,,,,,,,,,,,14.30,0.80,9.20,5.92,,,,,,,,,,,,,,,,,,,,,,,,,,,,,,,,,
WQP_USA_2026,NJDEP_BFBM-BFBM000340,Surface Water,40.593,-74.41,,7/6/2022,,Undisclosed,,,ng/L,31.40,9.74,,0.61,1.93,7.56,11.20,7.15,,,,2.97,,,,,,,13.80,0.61,10.40,5.28,,,,,,,,,,,,,,,,,,,,,,,,,,,,,,,,,
WQP_USA_2026,NJDEP_BFBM-BFBM000340,Surface Water,40.593,-74.41,,7/13/2022,,Undisclosed,,,ng/L,31.50,15.80,,0.65,1.66,8.26,11.10,7.24,,,,,,,,,,,13.60,0.76,7.96,5.70,,,,,,,,,,,,,,,,,,,,,,,,,,,,,,,,,
WQP_USA_2026,NJDEP_BFBM-BFBM000340,Surface Water,40.593,-74.41,,8/17/2022,,Undisclosed,,,ng/L,32.70,17.70,,0.67,1.93,8.34,12.90,7.53,,,,,,,,,,,15.00,0.72,9.34,6.34,,,,,,,,,,,,,,,,,,,,,,,,,,,,,,,,,
WQP_USA_2026,NJDEP_BFBM-BFBM000340,Surface Water,40.593,-74.41,,2/8/2023,,Undisclosed,,,ng/L,29.00,12.00,,,1.00,7.00,9.00,6.00,,,,,,,,,,,11.00,,8.00,5.00,,,,,,,,,,,,,,,,,,,,,,,,,,,,,,,,,
WQP_USA_2026,NJDEP_BFBM-BFBM000340,Surface Water,40.593,-74.41,,6/7/2023,,Undisclosed,,,ng/L,33.00,16.00,,,1.00,6.00,10.00,6.00,,,,,,,,,,,13.00,,8.00,6.00,,,,,,,,,,,,,,,,,,,,,,,,,,,,,,,,,
WQP_USA_2026,NJDEP_BFBM-BFBM000340,Surface Water,40.593,-74.41,,2/29/2024,,Undisclosed,,,ng/L,22.60,13.20,,,1.40,5.00,9.40,5.30,,,,,,,,,,,9.40,,7.20,4.20,,,,,,,,,,,,,,,,,,,,,,,,,,,,,,,,,
WQP_USA_2026,NJDEP_BFBM-BFBM000341,Surface Water,40.58,-74.417,,4/27/2022,,Undisclosed,,,ng/L,33.00,21.00,,0.67,2.22,10.40,11.80,7.64,,,,2.68,,,,,,,12.00,1.41,18.40,5.41,,,,,,,,,,,,,,,,,,,,,,,,,,,,,,,,,
WQP_USA_2026,NJDEP_BFBM-BFBM000341,Surface Water,40.58,-74.417,,6/22/2022,,Undisclosed,,,ng/L,37.20,25.40,,0.98,2.45,13.80,11.90,7.83,,,,1.75,,,,,,,12.30,1.84,21.40,5.75,,,,,,,,,,,,,,,,,,,,,,,,,,,,,,,,,
WQP_USA_2026,NJDEP_BFBM-BFBM000341,Surface Water,40.58,-74.417,,6/29/2022,,Undisclosed,,,ng/L,38.00,34.00,,2.01,2.82,13.00,13.60,7.29,,,,3.01,,,,,,,14.10,2.09,66.40,5.24,,,,,,,,,,0.42,,,,,,,,,,,,,,,,,,,,,,,
WQP_USA_2026,NJDEP_BFBM-BFBM000341,Surface Water,40.58,-74.417,,7/6/2022,,Undisclosed,,,ng/L,39.40,17.30,,0.91,2.93,13.40,12.50,7.69,,,,3.64,,,,,,,13.10,1.60,25.90,5.82,,,,,,,,,,,,,,,,,,,,,,,,,,,,,,,,,
WQP_USA_2026,NJDEP_BFBM-BFBM000341,Surface Water,40.58,-74.417,,7/13/2022,,Undisclosed,,,ng/L,37.40,24.60,,0.97,2.53,14.00,11.40,7.29,,,,,,,,,,,12.10,1.85,23.80,5.95,,,,,,,,,,0.29,,,,,,,,,,,,,,,,,,,,,,,
WQP_USA_2026,NJDEP_BFBM-BFBM000341,Surface Water,40.58,-74.417,,8/17/2022,,Undisclosed,,,ng/L,35.70,26.30,,1.72,2.97,14.40,14.00,8.26,,,,1.88,,,,,,,13.40,2.02,42.50,6.04,,,,,,,,,,0.88,,,,,,,,,,,,,,0.41,,,,,,,,,
WQP_USA_2026,NJDEP_BFBM-BFBM000341,Surface Water,40.58,-74.417,,2/8/2023,,Undisclosed,,,ng/L,39.00,20.00,,,3.00,11.00,12.00,8.00,,5.00,,,,,,,,,12.00,2.00,21.00,5.00,,,,,,,,,,,,,,,,,,,,,,,,,,,,,,,,,
WQP_USA_2026,NJDEP_BFBM-BFBM000341,Surface Water,40.58,-74.417,,6/7/2023,,Undisclosed,,,ng/L,45.00,24.00,,,2.00,15.00,12.00,8.00,,,,,,,,,,,12.00,2.00,20.00,6.00,,,,,,,,,,,,,,,,,,,,,,,,,,,,,,,,,
WQP_USA_2026,NJDEP_BFBM-BFBM000341,Surface Water,40.58,-74.417,,2/29/2024,,Undisclosed,,,ng/L,24.30,17.80,,1.10,2.40,6.40,9.40,5.60,,2.10,,,,,,,,,9.10,1.20,11.40,3.70,,,,,,,,,,,,,,,,,,,,,,,,,,,,,,,,,
WQP_USA_2026,NJDEP_BFBM-BFBM000342,Surface Water,40.582,-74.43,,4/27/2022,,Undisclosed,,,ng/L,34.30,25.90,,1.05,2.42,14.80,13.90,9.07,,,,,,,,,,,14.70,1.13,14.50,6.42,,,,,,,,,,0.32,,,,,,,,,,,,,,,,,,,,,,,
WQP_USA_2026,NJDEP_BFBM-BFBM000342,Surface Water,40.582,-74.43,,6/22/2022,,Undisclosed,,,ng/L,41.10,26.20,,1.08,2.68,15.80,13.20,8.05,,,,,,,,,,,15.10,1.19,13.50,6.18,,,,,,,,,,,,,,,,,,,,,,,,,,,,,,,,,
WQP_USA_2026,NJDEP_BFBM-BFBM000342,Surface Water,40.582,-74.43,,6/29/2022,,Undisclosed,,,ng/L,32.80,27.00,,1.27,2.65,15.90,13.00,8.02,,,,1.51,,,,,,,14.70,1.17,23.70,5.21,,,,,,,,,,,,,,,,,,,,,,,,,,,,,,,,,
WQP_USA_2026,NJDEP_BFBM-BFBM000342,Surface Water,40.582,-74.43,,7/6/2022,,Undisclosed,,,ng/L,36.90,17.40,,0.99,2.75,14.10,13.50,8.24,,,,6.72,,,,,,,15.40,0.89,13.80,6.07,,,,,,,,,,,,,,,,,,,,,,,,,,,,,,,,,
WQP_USA_2026,NJDEP_BFBM-BFBM000342,Surface Water,40.582,-74.43,,7/13/2022,,Undisclosed,,,ng/L,33.90,24.60,,1.02,2.10,15.00,12.40,8.04,,,,1.45,,,,,,,15.00,0.96,11.60,6.11,,,,,,,,,,,,,,,,,,,,,,,,,,,,,,,,,
WQP_USA_2026,NJDEP_BFBM-BFBM000342,Surface Water,40.582,-74.43,,8/17/2022,,Undisclosed,,,ng/L,30.10,27.20,,1.48,2.88,13.00,15.20,8.32,,,,1.84,,,,,,,17.20,1.34,41.20,6.23,,,,,,,,,,0.49,,,,,,,,,,,,,,0.34,,,,,,,,,
WQP_USA_2026,NJDEP_BFBM-BFBM000342,Surface Water,40.582,-74.43,,2/8/2023,,Undisclosed,,,ng/L,33.00,17.00,,1.00,2.00,13.00,11.00,8.00,,2.00,,,,,,,,,13.00,1.00,14.00,6.00,,,,,,,,,,,,,,,,,,,,,,,,,,,,,,,,,
WQP_USA_2026,NJDEP_BFBM-BFBM000342,Surface Water,40.582,-74.43,,6/7/2023,,Undisclosed,,,ng/L,36.00,29.00,,,2.00,15.00,13.00,8.00,1.00,,,,,,,,,,13.00,1.00,14.00,5.00,,,,,,,,,,,,,,,,,,,,,,,,,,,,,,,,,
WQP_USA_2026,NJDEP_BFBM-BFBM000342,Surface Water,40.582,-74.43,,2/29/2024,,Undisclosed,,,ng/L,24.00,19.30,,1.10,2.50,8.80,10.10,6.00,,1.30,,,,,,,,,9.40,1.00,10.80,2.70,,,,,,,,,,,,,,,,,,,,,,,,,,,,,,,,,
WQP_USA_2026,NJDEP_BFBM-BFBM000385,Surface Water,40.370878,-74.619723,,8/30/2023,,Undisclosed,,,ng/L,2.00,2.00,,,,,1.00,,,,,,,,,,,,1.00,,4.00,1.00,,,,,,,,,,,,,,,,,,,,,,,,,,,,,,,,,
WQP_USA_2026,NJDEP_BFBM-BFBM000385,Surface Water,40.370878,-74.619723,,12/8/2023,,Undisclosed,,,ng/L,3.00,2.00,,,1.00,,2.00,1.00,,,,,,,,,,,2.00,,8.00,1.00,,,,,,,,,,,,,,,,3.00,,,,,,,,,,,,,,,,,
WQP_USA_2026,NJDEP_BFBM-BFBM000385,Surface Water,40.370878,-74.619723,,12/11/2023,,Undisclosed,,,ng/L,2.00,1.00,,,,,1.00,1.00,,,,,,,,,,,1.00,,,,,,,,,,,,,,,,,,,1.00,,,,,,,,,,,,,,,,,
WQP_USA_2026,NJDEP_BFBM-BFBM000386,Surface Water,40.399427,-74.62768,,12/9/2025,,Undisclosed,,,ng/L,2.51,2.07,,,0.61,0.83,1.70,0.74,,,,,,,,,,,1.60,,,1.18,,,,,,,,,,,,,,,,,,,,,,,,,,,,,,,,,
WQP_USA_2026,NJDEP_BFBM-BFBM000398,Surface Water,40.403891,-74.512224,,9/13/2023,,Undisclosed,,,ng/L,11.00,11.00,,1.00,2.00,5.00,6.00,4.00,,,,,,,,,,,5.00,,8.00,2.00,,,,,,,,,,,,,,,,,,,,,,,,,,,,,,,,,
WQP_USA_2026,NJDEP_BFBM-BFBM000398,Surface Water,40.403891,-74.512224,,12/8/2023,,Undisclosed,,,ng/L,12.00,9.00,,,2.00,6.00,5.00,4.00,,3.00,,,,,,,,,5.00,,12.00,2.00,,,,,,,,,,,,,,,,,,,,,,,,,,,,,,,,,
WQP_USA_2026,NJDEP_BFBM-BFBM000398,Surface Water,40.403891,-74.512224,,12/11/2023,,Undisclosed,,,ng/L,11.00,3.00,,,2.00,1.00,4.00,3.00,,3.00,,,,,,,,,4.00,,6.00,1.00,,,,,,,,,,,,,,,,,,,,,,,,,,,,,,,,,
WQP_USA_2026,NJDEP_BFBM-BFBM000437,Surface Water,40.224478,-74.764493,,12/9/2025,,Undisclosed,,,ng/L,2.17,1.65,,,0.47,0.90,1.50,0.63,,,,,,,,,,,1.65,,,1.47,,,,,,,,,,,,,,,,,,,,,,,,,,,,,,,,,
WQP_USA_2026,NJDEP_BFBM-BFBM000438,Surface Water,40.226225,-74.759506,,12/9/2025,,Undisclosed,,,ng/L,1.91,1.81,,,0.56,0.90,1.51,0.56,,,,,,,,,,,1.55,,,1.31,,,,,,,,,,,,,,,,,,,,,,,,,,,,,,,,,
WQP_USA_2026,NJDEP_BFBM-BFBM000439,Surface Water,40.238902,-74.741922,,12/9/2025,,Undisclosed,,,ng/L,2.11,2.09,,,0.57,0.99,1.68,0.63,,,,,,,,,,,1.68,,,1.50,,,,,,,,,,,,,,,,,,,,,,,,,,,,,,,,,
WQP_USA_2026,NJDEP_BFBM-BFBM000440,Surface Water,40.248747,-74.72894,,12/9/2025,,Undisclosed,,,ng/L,2.52,1.88,,,0.48,0.86,1.85,0.70,,,,,,,,,,,1.43,,,1.48,,,,,,,,,,,,,,,,,,,,,,,,,,,,,,,,,
WQP_USA_2026,NJDEP_BFBM-BFBM000441,Surface Water,40.304831,-74.684687,,12/9/2025,,Undisclosed,,,ng/L,2.35,1.87,,,0.51,0.99,1.96,0.72,,,,,,,,,,,1.61,,,1.55,,,,,,,,,,,,,,,,,,,,,,,,,,,,,,,,,
WQP_USA_2026,NJDEP_BFBM-BFBM000442,Surface Water,40.309038,-74.677234,,12/9/2025,,Undisclosed,,,ng/L,2.91,2.13,,,0.56,0.95,2.10,0.94,,,,,,,,,,,1.89,,,1.87,,,,,,,,,,,,,,,,,,,,,,,,,,,,,,,,,
WQP_USA_2026,NJDEP_BFBM-BFBM000443,Surface Water,40.374625,-74.618231,,12/9/2025,,Undisclosed,,,ng/L,2.28,2.48,,,0.54,1.07,1.84,0.67,,,,,,,,,,,2.04,,,1.74,,,,,,,,,,,,,,,,3.20,,,,,,,,,,,,,,,,,
WQP_USA_2026,NJDEP_BFBM-BFBM000481,Surface Water,40.460776,-74.582679,,12/9/2025,,Undisclosed,,,ng/L,2.53,2.33,,,0.57,1.22,1.98,0.98,,,,,,,,,,,1.61,,,1.72,,,,,,,,,,,,,,,,,,,,,,,,,,,,,,,,,
WQP_USA_2026,NJDEP_BFBM-BFBM000482,Surface Water,40.534444,-74.505175,,12/9/2025,,Undisclosed,,,ng/L,8.12,3.52,,,0.89,1.17,2.32,1.75,,,,,,,,,,,2.36,,,2.89,,,,,,,,,,,,,,,,,,,,,,,,,,,,,,,,,
WQP_USA_2026,NJDEP_BFBM-BFBM000483,Surface Water,40.256917,-74.838028,,12/9/2025,,Undisclosed,,,ng/L,2.25,1.64,,,0.42,1.03,1.65,0.88,,,,,,,,,,,1.64,,,1.28,,,,,,,,,,,,,,,,,,,,,,,,,,,,,,,,,
WQP_USA_2026,NJDEP_BFBM-FTM007,Surface Water,40.42455,-74.47701,,9/13/2023,,Undisclosed,,,ng/L,12.00,7.00,,1.00,2.00,3.00,6.00,,,3.00,,,,,,,,,6.00,,9.00,3.00,,,,,,,,,,,,,,,,,,,,,,,,,,,,,,,,,
WQP_USA_2026,NJDEP_BFBM-FTM007,Surface Water,40.42455,-74.47701,,12/8/2023,,Undisclosed,,,ng/L,13.00,6.00,,,2.00,2.00,5.00,4.00,,4.00,,,,,,,,,5.00,,16.00,3.00,,,,,,,,,,,,,,,,,,,,,,,,,,,,,,,,,
WQP_USA_2026,NJDEP_BFBM-FTM007,Surface Water,40.42455,-74.47701,,12/11/2023,,Undisclosed,,,ng/L,10.00,3.00,,,1.00,1.00,4.00,3.00,,3.00,,,,,,,,,4.00,,6.00,1.00,,,,,,,,,,,,,,,,,,,,,,,,,,,,,,,,,
WQP_USA_2026,SONOMAWATER_WQX-BRUCR,Surface Water,38.48175,-122.67819,,1/11/2018,,Undisclosed,,,ng/L,,1.60,,,,,2.30,,,,,,,,,,,,,,,2.50,,,,,,,,,,,,,,,,,,,,,,,,,,,,,,,,,
WQP_USA_2026,SONOMAWATER_WQX-BRUCR,Surface Water,38.48175,-122.67819,,1/10/2019,,Undisclosed,,,ng/L,,,,,,,,,,,,13.00,,,,,,,,,,,,,,,,,,,,,,,,,,,,,,,,,,,,,,,,,,,
WQP_USA_2026,SONOMAWATER_WQX-BSRCR,Surface Water,38.82332,-123.00363,,1/9/2019,,Undisclosed,,,ng/L,,,,,,,,,,2.20,,,,,,,,,,,,,,,,,,,,,,,,,,,,,,,,,,,,,,,,,,,,,
WQP_USA_2026,SONOMAWATER_WQX-MATCR,Surface Water,38.42875,-122.66278,,1/11/2018,,Undisclosed,,,ng/L,,,,,,,,,,,,,,,,,,,2.40,,,,,,,,,,,,,,,,,,,,,,,,,,,,,,,,,,,,
WQP_USA_2026,SONOMAWATER_WQX-MAWCR,Surface Water,38.50933,-122.76996,,1/11/2018,,Undisclosed,,,ng/L,,,,,,,,,,,,,,,,,,,,,3.20,,,,,,,,,,,,,,,,,,,,,,,,,,,,,,,,,,
WQP_USA_2026,SONOMAWATER_WQX-RRMIR,Surface Water,38.49972,-122.8855,,11/30/2018,,Undisclosed,,,ng/L,,,,,,,,,,,,,,,,,,,,,2.70,1.40,,,,,,,,,,,,,,,,,,,,,,,,,,,,,,,,,
WQP_USA_2026,SONOMAWATER_WQX-RRMIR,Surface Water,38.49972,-122.8855,,1/10/2019,,Undisclosed,,,ng/L,,,,,,,,,,,,5.20,,,,,,,,,,,,,,,,,,,,,,,,,,,,,,,,,,,,,,,,,,,
WQP_USA_2026,SOUTHUTE-AR 10-8,Surface Water,37.12694325,-107.8919455,,4/16/2024,,Undisclosed,,,ng/L,,,,,,,,,,,,,,,,,,,,,,,,,,,,,,,,,,56.50,,23.30,56.90,,52.00,,,,,,,,22.60,,,,,,,,
WQP_USA_2026,SOUTHUTE-AR 10-8,Surface Water,37.12694325,-107.8919455,,10/28/2024,,Undisclosed,,,ng/L,,,,,,,,,,,,,,,,,,,,,,,,,,,,,,,,,,76.00,,28.00,81.00,,71.80,,,,,,,,25.20,0.69,,,,,,,
WQP_USA_2026,SOUTHUTE-AR 10-8,Surface Water,37.12694325,-107.8919455,,4/8/2025,,Undisclosed,,,ng/L,,,,,,,,,,,,0.38,,,,,,,,,,,,,,,,,,,,,,62.40,,20.70,63.10,,56.80,,,,,,,,,,,,,,,,
WQP_USA_2026,SOUTHUTE-AR 10-8,Surface Water,37.12694325,-107.8919455,,6/16/2025,,Undisclosed,,,ng/L,,,,,,,,,,,,,,,,,,,,,,,,,,,,,,,,,,71.40,,25.70,70.50,,75.80,,,,,,,,,0.68,,,,,,,
WQP_USA_2026,SOUTHUTE-AR 15-4,Surface Water,37.18705413,-107.879307,,12/4/2023,,Undisclosed,,,ng/L,,,,,,,,,,,,,,,,,,,,,,,,,,,,,,,,,,54.40,,20.00,50.40,,44.20,,,10.20,,,,,19.60,,,,,,,,
WQP_USA_2026,SOUTHUTE-AR 15-4,Surface Water,37.18705413,-107.879307,,4/16/2024,,Undisclosed,,,ng/L,,,,,,,,,,,,,,,,,,,,,,,,,,,,,,,,,,72.20,,31.40,72.70,,68.50,,,,,,,,26.20,,,,,,,,
WQP_USA_2026,SOUTHUTE-AR 15-4,Surface Water,37.18705413,-107.879307,,10/28/2024,,Undisclosed,,,ng/L,,,,,,,,,,,,,,,,,,,,,,,,,,,,,,,,,,73.70,,30.60,81.30,,69.60,,,,,,,,27.90,0.70,,,,,,,
WQP_USA_2026,SOUTHUTE-AR 15-4,Surface Water,37.18705413,-107.879307,,4/8/2025,,Undisclosed,,,ng/L,,,,,,,,,,,,0.37,,,,,,,,,,,,,,,,,,,,,,60.80,,21.50,58.90,,59.00,,,,,,,,0.44,,,,,,,,
WQP_USA_2026,SOUTHUTE-AR 15-4,Surface Water,37.18705413,-107.879307,,6/16/2025,,Undisclosed,,,ng/L,,,,,,,,,,,,,,,,,,,,,,,,,,,,,,,,,,72.40,,27.90,71.10,,73.90,,,,,,,,,0.72,,,,,,,
WQP_USA_2026,SOUTHUTE-AR 2-7,Surface Water,37.03225933,-107.8754016,,12/4/2023,,Undisclosed,,,ng/L,,,,,,,,,,,,,,,,,,,,,,,,,,,,,,,,,,57.10,,21.30,57.30,,45.60,,,11.80,,,,,19.70,,,,,,,,
WQP_USA_2026,SOUTHUTE-AR 2-7,Surface Water,37.03225933,-107.8754016,,4/16/2024,,Undisclosed,,,ng/L,,,,,,,,,,,,,,,,,,,,,,,,,,,,,,,,,,68.10,,21.70,63.40,,60.60,,,,,,,,24.90,,,,,,,,
WQP_USA_2026,SOUTHUTE-AR 2-7,Surface Water,37.03225933,-107.8754016,,10/28/2024,,Undisclosed,,,ng/L,,,,,,,,,,,,,,,,,,,,,,,,,,,,,,,,,,72.20,,28.00,75.40,,73.20,,,,,,,,27.00,0.89,,,,,,,
WQP_USA_2026,SOUTHUTE-AR 2-7,Surface Water,37.03225933,-107.8754016,,4/8/2025,,Undisclosed,,,ng/L,,,,,,,,,,,,0.37,,,,,,,,,,,,,,,,,,,,,,68.80,,23.60,68.80,,60.60,,,,,,,,,,,,,,,,
WQP_USA_2026,SOUTHUTE-AR 2-7,Surface Water,37.03225933,-107.8754016,,6/16/2025,,Undisclosed,,,ng/L,,,,,,,,,,,,,,,,,,,,,,,,,,,,,,,,,,71.60,,26.70,72.60,,76.00,,,,,,,,,0.75,,,,,,,
WQP_USA_2026,SOUTHUTE-FLR 1-2,Surface Water,37.06207133,-107.8679076,,12/4/2023,,Undisclosed,,,ng/L,,,,,,,,,,,,,,,,,,,,,,,,,,,,,,,,,,75.10,,27.70,71.50,,63.30,,,14.00,,,,,27.00,3.60,,,,,,,
WQP_USA_2026,SOUTHUTE-FLR 1-2,Surface Water,37.06207133,-107.8679076,,4/16/2024,,Undisclosed,,,ng/L,,,,,,,,,,,,,,,,,,,,,,,,,,,,,,,,,,51.20,,22.20,51.50,,48.60,,,,,,,,24.80,1.50,,,,,,,
WQP_USA_2026,SOUTHUTE-FLR 1-2,Surface Water,37.06207133,-107.8679076,,10/28/2024,,Undisclosed,,,ng/L,,,,,,,,,,,,,,,,,,,,,,,,,,,,,,,,,,74.00,,30.00,75.40,,71.20,,,,,,,,27.00,3.70,,,,,,,
WQP_USA_2026,SOUTHUTE-FLR 1-2,Surface Water,37.06207133,-107.8679076,,4/8/2025,,Undisclosed,,,ng/L,,,,,,,,,,,,0.38,,,,,,,,,,,,,,,,,,,,,,70.30,,25.40,70.80,,68.40,,,,,,,,,3.40,,,,,,,
WQP_USA_2026,SOUTHUTE-FLR 1-2,Surface Water,37.06207133,-107.8679076,,6/16/2025,,Undisclosed,,,ng/L,,,,,,,,,,,,,,,,,,,,,,,,,,,,,,,,,,57.10,,21.90,57.70,,63.40,,,,,,,,0.41,1.60,,,,,,,
WQP_USA_2026,USEPA-325627105482701,Surface Water,32.94083333,-105.8075,,1/28/2021,,EPA 1633,,,ng/L,,,,,,,,,,,,,,,,,,,,,,0.90,,,,,,,,,,,,,,,,,,,,,,,,,,,,,,,,,
WQP_USA_2026,USEPA-325637105421401,Surface Water,32.94513889,-105.7031667,,4/13/2021,,Unnamed_SPE+LCMS/MS,,,ng/L,36.00,,,2.80,0.90,,4.80,1.90,,,,,,,,,,,1.00,,29.00,1.40,,,,,,,,,,,,,,,,,,,,,,,,,,,,,,,,,
WQP_USA_2026,USEPA-325648105420901,Surface Water,32.94794444,-105.7032222,,4/14/2021,,Unnamed_SPE+LCMS/MS,,,ng/L,4.80,,,,,,2.40,1.30,,,,,,,,,,,1.10,,27.00,2.30,,,,,,,,,,,,,,,,,,,,,,,,,,,,,,,,,
WQP_USA_2026,USEPA-325708105422001,Surface Water,32.95211111,-105.7065278,,4/14/2021,,Unnamed_SPE+LCMS/MS,,,ng/L,,,,,,,,,,,,,,,,,,,,,13.00,1.50,,,,,,,,,,,,,,,,,,,,,,,,,,,,,,,,,
WQP_USA_2026,USGS-01094445,Surface Water,42.54950833,-71.75085833,,8/28/2020,,Unnamed_SPE+LCMS/MS,,,ng/L,17.30,8.34,,0.74,1.67,2.01,13.50,9.61,,,,,,,,,,,14.60,0.28,5.71,3.32,,,,,,,,,,,,,,,,,,,,,,,,,,,,,,,,,
WQP_USA_2026,USGS-01094445,Surface Water,42.54950833,-71.75085833,,9/23/2020,,Unnamed_SPE+LCMS/MS,,,ng/L,17.30,9.08,,0.45,1.43,2.65,14.20,10.30,,,,,,,,,,,14.50,0.48,6.02,3.82,,,,,,,,,,,,,,,,,,,,,,,,,,,,,,,,,
WQP_USA_2026,USGS-01094445,Surface Water,42.54950833,-71.75085833,,10/19/2020,,Unnamed_SPE+LCMS/MS,,,ng/L,22.80,7.87,,0.60,1.88,1.69,20.00,13.90,,,,,,,,,,,21.70,,8.71,4.24,,,,,,,,,,,,,,,,,,,,,,,,,,,,,,,,,
WQP_USA_2026,USGS-01094445,Surface Water,42.54950833,-71.75085833,,10/24/2022,,EPA 1633,,,ng/L,16.00,7.00,,0.90,1.50,1.50,9.90,7.30,0.00,,,,,,,,,,12.00,0.00,6.10,3.50,,0.00,,,,,,,0.00,0.00,,,0.00,0.00,,0.00,,0.00,0.00,,,0.00,0.00,0.00,0.00,,,,,0.00,,,
WQP_USA_2026,USGS-01094445,Surface Water,42.54950833,-71.75085833,,1/25/2023,,EPA 1633,,,ng/L,14.00,4.60,,0.50,1.60,,9.20,6.50,,,,,,,,,,,11.00,,4.20,2.10,,,,,,,,,,,,,,,,,,,,,,,,0.00,,,,,,,,,
WQP_USA_2026,USGS-01094445,Surface Water,42.54950833,-71.75085833,,4/19/2023,,EPA 1633,,,ng/L,21.00,5.50,,0.70,1.90,0.70,12.00,10.00,,,,,,,,,,,14.00,,5.30,2.40,,,,,,,,,,,,,,,,,,,,,,,,0.00,,,,,,,,,
WQP_USA_2026,USGS-01094445,Surface Water,42.54950833,-71.75085833,,7/19/2023,,EPA 1633,,,ng/L,20.00,11.00,,1.80,3.60,0.60,14.00,8.40,,,,,,,,,,,15.00,,7.80,3.20,,,,,,,,,,,,,,,,,,,,,,,,0.00,,,,,,,,,
WQP_USA_2026,USGS-01094450,Surface Water,42.54231268,-71.74590499,,8/28/2020,,Unnamed_SPE+LCMS/MS,,,ng/L,26.90,9.40,,3.68,2.65,4.44,55.70,13.80,,,,1.67,,,,,,,36.70,0.64,31.00,59.70,,,,,,,,,,,,,1.17,,,,,,,,,,,,,,,,,,,,
WQP_USA_2026,USGS-01094450,Surface Water,42.54231268,-71.74590499,,9/23/2020,,Unnamed_SPE+LCMS/MS,,,ng/L,41.80,12.90,,4.75,3.10,6.48,91.20,19.10,,,,1.57,,,,,,,53.60,0.90,53.70,109.00,,,,,,,,,,,,,0.97,,,,,,,,,,,,,,,,,,,,
WQP_USA_2026,USGS-01094450,Surface Water,42.54231268,-71.74590499,,10/19/2020,,Unnamed_SPE+LCMS/MS,,,ng/L,33.20,8.04,,2.34,2.62,3.52,56.00,16.40,,,,,,,,,,,37.70,0.42,27.60,46.90,,,,,,,,,,,,,,,,,,,,,,,,,,,,,,,,,
WQP_USA_2026,USGS-01094450,Surface Water,42.54231268,-71.74590499,,10/24/2022,,EPA 1633,,,ng/L,20.00,7.60,,1.20,1.90,2.40,36.00,9.00,0.00,,,,,,,,,,24.00,0.50,20.00,55.00,,0.00,,,,,,,0.00,0.00,,,0.00,0.00,,0.00,,0.00,0.00,,,0.00,0.00,0.00,0.40,,,,,0.00,,,
WQP_USA_2026,USGS-01094450,Surface Water,42.54231268,-71.74590499,,1/25/2023,,EPA 1633,,,ng/L,15.00,5.00,,0.70,1.60,0.70,12.00,6.80,,,,,,,,,,,12.00,,5.40,6.20,,,,,,,,,,,,,,,,,,,,,,,,0.00,,,,,,,,,
WQP_USA_2026,USGS-01094450,Surface Water,42.54231268,-71.74590499,,4/19/2023,,EPA 1633,,,ng/L,23.00,6.30,,0.90,2.20,0.80,22.00,10.00,,,,,,,,,,,18.00,,8.50,16.00,,,,,,,,,,,,,,,,,,,,,,,,,,,,,,,,,
WQP_USA_2026,USGS-01094450,Surface Water,42.54231268,-71.74590499,,7/19/2023,,EPA 1633,,,ng/L,22.00,11.00,,1.60,3.30,0.80,14.00,8.20,,,,,,,,,,,15.00,,8.00,4.20,,,,,,,,,,,,,,,,,,,,,,,,0.00,0.50,,,,,,,,
WQP_USA_2026,USGS-01094455,Surface Water,42.52592408,-71.7367379,,8/28/2020,,Unnamed_SPE+LCMS/MS,,,ng/L,26.50,10.10,,4.03,2.57,4.15,49.10,13.50,,,,1.27,,,,,,,33.70,0.53,28.40,49.60,,,,,,,,,,,,,0.68,,,,,,,,,,,,,,,,,,,,
WQP_USA_2026,USGS-01094455,Surface Water,42.52592408,-71.7367379,,9/23/2020,,Unnamed_SPE+LCMS/MS,,,ng/L,35.40,14.30,,3.14,2.66,5.06,58.40,15.40,,,,1.28,,,,,,,37.00,0.79,33.30,65.70,,,,,,,,,,,,,,,,0.84,,,,,,,,,,,,,,,,,
WQP_USA_2026,USGS-01094455,Surface Water,42.52592408,-71.7367379,,10/19/2020,,Unnamed_SPE+LCMS/MS,,,ng/L,28.90,7.71,,1.48,2.26,2.66,39.80,15.10,,,,,,,,,,,31.10,0.38,18.60,29.00,,,,,,,,,,,,,,,,,,,,,,,,,,,,,,,,,
WQP_USA_2026,USGS-01094455,Surface Water,42.52592408,-71.7367379,,10/11/2022,,EPA 1633,,,ng/L,23.00,7.00,,1.10,2.10,2.90,46.00,11.00,0.00,,,,,,,,,,31.00,0.50,29.00,84.00,,0.00,,,,,,,0.00,0.00,,,0.00,0.00,,0.00,,0.00,0.00,,,0.00,0.00,0.00,0.00,,,,,0.00,,,
WQP_USA_2026,USGS-01094455,Surface Water,42.52592408,-71.7367379,,1/10/2023,,EPA 1633,,,ng/L,15.00,4.80,,0.80,1.60,0.80,17.00,6.70,,,,,,,,,,,12.00,,7.50,19.00,,,,,,,,,,,,,,,,,,,,,,,,0.00,,,,,,,,,
WQP_USA_2026,USGS-01094455,Surface Water,42.52592408,-71.7367379,,4/10/2023,,EPA 1633,,,ng/L,17.00,5.20,,0.80,1.60,0.80,14.00,7.50,0.00,,,15.00,,,,,,,10.00,0.00,5.30,11.00,,0.00,,,,,,,0.00,0.00,,,0.00,0.00,,0.00,,0.00,0.00,,,0.00,0.00,0.00,0.00,,,,,0.00,,,
WQP_USA_2026,USGS-01094455,Surface Water,42.52592408,-71.7367379,,7/12/2023,,EPA 1633,,,ng/L,19.00,11.00,,,,,21.00,9.10,,,,,,,,,,,17.00,,,10.00,,,,,,,,,,,,,,,,,,,,,,,,,,,,,,,,,
WQP_USA_2026,USGS-01094465,Surface Water,42.51961667,-71.72733889,,8/28/2020,,Unnamed_SPE+LCMS/MS,,,ng/L,21.60,9.04,,2.77,2.33,3.43,41.40,10.60,,,,,,,,,,,35.30,0.52,24.70,37.40,,,,,,,,,,,,,0.69,,,,,,,,,,,,,,,,,,,,
WQP_USA_2026,USGS-01094465,Surface Water,42.51961667,-71.72733889,,9/23/2020,,Unnamed_SPE+LCMS/MS,,,ng/L,25.30,10.30,,2.48,2.21,3.86,54.10,11.90,,,,,,,,,,,45.30,0.54,26.80,48.40,,,,,,,,,,,,,,,,,,,,,,,,,,,,,,,,,
WQP_USA_2026,USGS-01094465,Surface Water,42.51961667,-71.72733889,,10/19/2020,,Unnamed_SPE+LCMS/MS,,,ng/L,24.10,7.59,,1.36,1.95,2.33,33.20,12.50,,,,,,,,,,,29.90,0.33,14.50,20.70,,,,,,,,,,,,,,,,,,,,,,,,,,,,,,,,,
WQP_USA_2026,USGS-01094465,Surface Water,42.51961667,-71.72733889,,10/11/2022,,EPA 1633,,,ng/L,18.00,5.30,,0.80,1.60,2.20,34.00,8.30,0.00,,,3.20,,,,,,,25.00,0.50,18.00,53.00,,0.00,,,,,,,0.00,0.00,,,0.00,0.00,,0.00,,0.00,0.00,,,0.00,0.00,0.00,0.90,,,,,0.00,,,
WQP_USA_2026,USGS-01094465,Surface Water,42.51961667,-71.72733889,,1/10/2023,,EPA 1633,,,ng/L,14.00,4.40,,0.80,1.20,0.90,15.00,6.40,0.00,,,,,,,,,,11.00,0.00,6.70,17.00,,0.00,,,,,,,0.00,0.00,,,0.00,0.00,,0.00,,0.00,0.00,,,0.00,0.00,0.00,0.00,,,,,0.00,,,
WQP_USA_2026,USGS-01094465,Surface Water,42.51961667,-71.72733889,,4/10/2023,,EPA 1633,,,ng/L,16.00,4.60,,0.70,1.50,0.70,13.00,6.00,,,,,,,,,,,10.00,,4.70,9.80,,,,,,,,,,,,,,,,,,,,,,,,0.00,,,,,,,,,
WQP_USA_2026,USGS-01094465,Surface Water,42.51961667,-71.72733889,,7/12/2023,,EPA 1633,,,ng/L,20.00,7.80,,,,,18.00,8.30,,,,,,,,,,,16.00,,,9.60,,,,,,,,,,,,,,,,,,,,,,,,,,,,,,,,,
WQP_USA_2026,USGS-01094950,Surface Water,42.44675787,-71.81812804,,8/24/2020,,Unnamed_SPE+LCMS/MS,,,ng/L,3.72,1.46,,,0.55,,,2.24,,,,,,,,,,,4.18,,1.58,1.12,,,,,,,,,,,,,,,,,,,,,,,,,,,,,,,,,
WQP_USA_2026,USGS-01094950,Surface Water,42.44675787,-71.81812804,,9/21/2020,,Unnamed_SPE+LCMS/MS,,,ng/L,2.70,1.35,,,0.30,,,1.67,,,,,,,,,,,2.60,,0.84,0.71,,,,,,,,,,,,,,,,,,,,,,,,,,,,,,,,,
WQP_USA_2026,USGS-01094950,Surface Water,42.44675787,-71.81812804,,10/29/2020,,Unnamed_SPE+LCMS/MS,,,ng/L,2.46,1.03,,,0.30,,,1.48,,,,,,,,,,,2.39,,0.83,0.92,,,,,,,,,,,,,,,,,,,,,,,,,,,,,,,,,
WQP_USA_2026,USGS-01095505,Surface Water,42.42916667,-71.68027778,,8/24/2020,,Unnamed_SPE+LCMS/MS,,,ng/L,2.42,2.00,,,0.42,0.46,,1.15,,,,,,,,,,,1.87,,1.19,0.68,,,,,,,,,,,,,1.48,,,,,,0.28,,,,0.31,,,,,,,,,,
WQP_USA_2026,USGS-01095505,Surface Water,42.42916667,-71.68027778,,9/18/2020,,Unnamed_SPE+LCMS/MS,,,ng/L,2.08,1.37,,,,0.42,,1.08,,,,,,,,,,,1.43,,0.98,0.61,,,,,,,,,,,,,,,,,,,,,,,,,,,,,,,,,
WQP_USA_2026,USGS-01095505,Surface Water,42.42916667,-71.68027778,,10/20/2020,,Unnamed_SPE+LCMS/MS,,,ng/L,2.78,1.88,,,0.41,0.55,,1.18,,,,,,,,,,,1.94,,1.96,0.79,,,,,,,,,,,,,,,,,,,,,,,,,,,,,,,,,
WQP_USA_2026,USGS-01095506,Surface Water,42.43269444,-71.68005833,,8/24/2020,,Unnamed_SPE+LCMS/MS,,,ng/L,3.63,2.70,,0.39,0.47,0.81,5.54,1.52,,,,,,,,,,,4.10,,1.92,1.48,,,,,,,,,,,,,,,,,,,,,,,,,,,,,,,,,
WQP_USA_2026,USGS-01095506,Surface Water,42.43269444,-71.68005833,,9/18/2020,,Unnamed_SPE+LCMS/MS,,,ng/L,3.10,2.59,,0.31,0.34,0.78,,1.37,,,,,,,,,,,3.82,,1.96,1.17,,,,,,,,,,,,,,,,,,,,,,,,,,,,,,,,,
WQP_USA_2026,USGS-01095506,Surface Water,42.43269444,-71.68005833,,10/20/2020,,Unnamed_SPE+LCMS/MS,,,ng/L,4.14,3.12,,,0.69,1.21,5.26,1.75,,,,,,,,,,,5.19,,4.00,1.99,,,,,,,,,,,,,,,,,,,,,,,,,,,,,,,,,
WQP_USA_2026,USGS-01095862,Surface Water,42.55519722,-71.61100278,,8/20/2020,,Unnamed_SPE+LCMS/MS,,,ng/L,20.30,7.97,,1.30,1.62,3.38,29.80,11.10,,,,,,,,,,,28.40,0.42,14.50,22.70,,,,,,,,,,,,,,,,,,,,,,,,,,,,,,,,,
WQP_USA_2026,USGS-01095862,Surface Water,42.55519722,-71.61100278,,9/15/2020,,Unnamed_SPE+LCMS/MS,,,ng/L,19.70,8.29,,1.34,1.57,3.15,26.50,10.20,,,,,,,,,,,23.00,0.41,14.10,21.20,,,,,,,,,,,,,,,,,,,,,,,,,,,,,,,,,
WQP_USA_2026,USGS-01095862,Surface Water,42.55519722,-71.61100278,,10/23/2020,,Unnamed_SPE+LCMS/MS,,,ng/L,16.20,5.06,,0.42,1.36,2.30,20.40,9.43,,,,,,,,,,,19.20,0.42,8.01,9.87,,,,,,,,,,,,,,,,,,,,,,,,,,,,,,,,,
WQP_USA_2026,USGS-01095920,Surface Water,42.57842394,-71.60923487,,8/20/2020,,Unnamed_SPE+LCMS/MS,,,ng/L,21.30,12.60,,1.28,1.72,6.93,28.20,10.80,,,,,,,,,,,27.80,0.63,13.50,20.50,,,,,,,,,,,,,,,,,,,,,,,,,,,,,,,,,
WQP_USA_2026,USGS-01095920,Surface Water,42.57842394,-71.60923487,,9/15/2020,,Unnamed_SPE+LCMS/MS,,,ng/L,21.30,13.40,,1.15,1.50,7.40,25.10,9.97,,,,,,,,,,,22.50,0.63,12.90,18.50,,,,,,,,,,,,,,,,,,,,,,,,,,,,,,,,,
WQP_USA_2026,USGS-01095920,Surface Water,42.57842394,-71.60923487,,10/23/2020,,Unnamed_SPE+LCMS/MS,,,ng/L,16.40,12.60,,0.55,1.27,10.90,15.60,8.56,,,,,,,,,,,14.60,0.85,6.24,6.15,,,,,,,,,,,,,,,,,,,,,,,,,,,,,,,,,
WQP_USA_2026,USGS-010965042,Surface Water,42.67297222,-71.56315556,,8/20/2020,,Unnamed_SPE+LCMS/MS,,,ng/L,25.30,14.30,,1.23,2.04,8.02,34.00,12.30,,,,,,,,,,,29.60,0.72,13.30,13.00,,,,,,,,,,,,,,,,,,,,,,,,,,,,,,,,,
WQP_USA_2026,USGS-010965042,Surface Water,42.67297222,-71.56315556,,9/14/2020,,Unnamed_SPE+LCMS/MS,,,ng/L,27.40,13.20,,1.09,2.18,6.41,40.00,12.30,,,,,,,,,,,35.00,0.75,15.40,16.60,,,,,,,,,,,,,,,,,,,,,,,,,,,,,,,,,
WQP_USA_2026,USGS-010965042,Surface Water,42.67297222,-71.56315556,,10/23/2020,,Unnamed_SPE+LCMS/MS,,,ng/L,17.00,9.11,,0.87,1.64,4.32,23.50,8.05,,,,,,,,,,,19.50,0.57,8.40,11.40,,,,,,,,,,,,,,,,,,,,,,,,,,,,,,,,,
WQP_USA_2026,USGS-010965043,Surface Water,42.67585556,-71.55976389,,8/20/2020,,Unnamed_SPE+LCMS/MS,,,ng/L,24.90,12.80,,1.17,1.96,8.13,33.80,11.80,,,,,,,,,,,30.30,0.89,13.20,13.20,,,,,,,,,,,,,,,,,,,,,,,,,,,,,,,,,
WQP_USA_2026,USGS-010965043,Surface Water,42.67585556,-71.55976389,,9/14/2020,,Unnamed_SPE+LCMS/MS,,,ng/L,26.80,14.00,,0.99,2.18,6.15,38.10,11.70,,,,,,,,,,,35.50,0.75,15.10,15.30,,,,,,,,,,,,,,,,,,,,,,,,,,,,,,,,,
WQP_USA_2026,USGS-010965043,Surface Water,42.67585556,-71.55976389,,10/23/2020,,Unnamed_SPE+LCMS/MS,,,ng/L,17.10,9.78,,0.91,1.65,4.40,22.80,8.06,,,,,,,,,,,19.40,0.44,7.84,11.00,,,,,,,,,,,,,,,,,,,,,,,,,,,,,,,,,
WQP_USA_2026,USGS-01096603,Surface Water,42.2795385,-71.63812279,,8/17/2020,,Unnamed_SPE+LCMS/MS,,,ng/L,5.13,9.39,,0.66,10.10,2.66,,2.73,,,,,,,,,,,5.06,0.37,6.21,1.90,,,,,,,,,,1.84,,,,,,,,,,,,,,,,,,,,,,,
WQP_USA_2026,USGS-01096603,Surface Water,42.2795385,-71.63812279,,9/22/2020,,Unnamed_SPE+LCMS/MS,,,ng/L,4.08,6.98,,0.34,4.04,2.33,,3.06,,,,,,,,,,,5.41,0.27,2.66,1.41,,,,,,,,,,1.24,,,,,,,,,,,,,,,,,,,,,,,
WQP_USA_2026,USGS-01096603,Surface Water,42.2795385,-71.63812279,,10/28/2020,,Unnamed_SPE+LCMS/MS,,,ng/L,3.82,6.16,,0.47,5.46,1.72,,2.60,,,,,,,,,,,4.12,,3.93,1.15,,,,,,,,,,1.76,,,,,,,,,,,,,,,,,,,,,,,
WQP_USA_2026,USGS-01096720,Surface Water,42.3414824,-71.61590025,,8/18/2020,,Unnamed_SPE+LCMS/MS,,,ng/L,10.80,6.20,,1.06,3.02,2.43,21.20,3.23,,,,,,,,,,,33.90,0.24,7.73,6.01,,,,,,,,,,0.68,,,,,,,,,,,,,,,,,,,,,,,
WQP_USA_2026,USGS-01096720,Surface Water,42.3414824,-71.61590025,,9/21/2020,,Unnamed_SPE+LCMS/MS,,,ng/L,12.10,6.06,,0.66,1.74,3.04,19.90,3.38,,,,,,,,,,,29.80,0.49,8.24,6.49,,,,,,,,,,0.27,,,,,,,,,,,,,,,,,,,,,,,
WQP_USA_2026,USGS-01096720,Surface Water,42.3414824,-71.61590025,,10/29/2020,,Unnamed_SPE+LCMS/MS,,,ng/L,10.70,6.59,,0.63,3.77,3.19,12.40,3.13,,,,,,,,,,,16.80,0.44,6.04,4.64,,,,,,,,,,0.58,,,,,,,,,,,,,,,,,,,,,,,
WQP_USA_2026,USGS-01096725,Surface Water,42.34520556,-71.61426667,,8/18/2020,,Unnamed_SPE+LCMS/MS,,,ng/L,9.67,6.57,,1.07,2.49,2.34,19.20,3.22,,,,,,,,,,,29.40,0.31,6.89,6.28,,,,,,,,,,0.63,,,,,,,,,,,,,,,,,,,,,,,
WQP_USA_2026,USGS-01096725,Surface Water,42.34520556,-71.61426667,,9/21/2020,,Unnamed_SPE+LCMS/MS,,,ng/L,10.60,5.43,,0.61,1.44,1.81,17.10,3.30,,,,,,,,,,,25.20,0.37,6.44,5.75,,,,,,,,,,,,,,,,,,,,,,,,,,,,,,,,,
WQP_USA_2026,USGS-01096725,Surface Water,42.34520556,-71.61426667,,10/29/2020,,Unnamed_SPE+LCMS/MS,,,ng/L,9.50,5.44,,0.45,2.98,3.05,12.40,3.14,,,,,,,,,,,16.90,0.43,5.93,5.00,,,,,,,,,,0.50,,,,,,,,,,,,,,,,,,,,,,,
WQP_USA_2026,USGS-01096870,Surface Water,42.39981547,-71.54589859,,8/18/2020,,Unnamed_SPE+LCMS/MS,,,ng/L,9.49,7.62,,0.93,1.98,2.86,16.70,3.54,,,,,,,,,,,23.60,0.36,7.73,6.13,,,,,,,,,,0.41,,,,,,,,,,,,,,,,,,,,,,,
WQP_USA_2026,USGS-01096870,Surface Water,42.39981547,-71.54589859,,9/21/2020,,Unnamed_SPE+LCMS/MS,,,ng/L,10.30,6.01,,0.52,1.64,2.31,14.20,3.50,,,,,,,,,,,21.50,0.40,6.18,6.39,,,,,,,,,,,,,,,,,,,,,,,,,,,,,,,,,
WQP_USA_2026,USGS-01096870,Surface Water,42.39981547,-71.54589859,,10/29/2020,,Unnamed_SPE+LCMS/MS,,,ng/L,9.86,7.14,,0.75,2.80,2.92,12.00,3.59,,,,,,,,,,,16.00,0.45,4.28,5.20,,,,,,,,,,0.66,,,,,,,,,,,,,,,,,,,,,,,
WQP_USA_2026,USGS-01096876,Surface Water,42.40440833,-71.52596944,,8/18/2020,,Unnamed_SPE+LCMS/MS,,,ng/L,9.87,8.40,,0.68,2.34,2.76,17.10,3.53,,,,,,,,,,,25.10,0.37,7.69,7.02,,,,,,,,,,0.31,,,,,,,,,,,,,,,,,,,,,,,
WQP_USA_2026,USGS-01096876,Surface Water,42.40440833,-71.52596944,,9/21/2020,,Unnamed_SPE+LCMS/MS,,,ng/L,9.71,6.50,,0.54,1.84,2.31,14.10,3.41,,,,,,,,,,,20.10,0.37,6.71,6.53,,,,,,,,,,,,,,,,,,,,,,,,,,,,,,,,,
WQP_USA_2026,USGS-01096876,Surface Water,42.40440833,-71.52596944,,10/29/2020,,Unnamed_SPE+LCMS/MS,,,ng/L,10.30,9.26,,0.79,2.75,3.29,12.00,3.57,,,,,,,,,,,17.00,0.52,4.29,4.91,,,,,,,,,,0.55,,,,,,,,,,,,,,,,,,,,,,,
WQP_USA_2026,USGS-01097000,Surface Water,42.43203802,-71.4497848,,8/18/2020,,Unnamed_SPE+LCMS/MS,,,ng/L,9.95,10.30,,0.67,4.17,5.74,15.40,4.10,,,,,,,,,,,21.10,0.53,7.15,6.02,,,,,,,,,,0.53,,,,,,,,,,,,,,,,,,,,,,,
WQP_USA_2026,USGS-01097000,Surface Water,42.43203802,-71.4497848,,9/18/2020,,Unnamed_SPE+LCMS/MS,,,ng/L,7.06,7.67,,0.55,3.00,3.33,9.78,3.16,,,,,,,,,,,14.70,0.31,4.48,4.06,,,,,,,,,,0.30,,,,,,,,,,,,,,,,,,,,,,,
WQP_USA_2026,USGS-01097000,Surface Water,42.43203802,-71.4497848,,10/27/2020,,Unnamed_SPE+LCMS/MS,,,ng/L,6.03,5.10,,0.39,1.90,2.09,5.96,2.65,,,,,,,,,,,7.04,,3.44,2.94,,,,,,,,,,,,,,,,,,,,,,,,,,,,,,,,,
WQP_USA_2026,USGS-01097026,Surface Water,42.44068889,-71.42919444,,8/18/2020,,Unnamed_SPE+LCMS/MS,,,ng/L,10.30,10.80,,0.67,4.37,5.07,15.00,4.19,,,,,,,,,,,20.50,0.69,7.09,5.79,,,,,,,,,,0.57,,,,,,,,,,,,,,,,,,,,,,,
WQP_USA_2026,USGS-01097026,Surface Water,42.44068889,-71.42919444,,9/18/2020,,Unnamed_SPE+LCMS/MS,,,ng/L,,8.13,,0.68,3.46,2.82,10.10,3.20,,,,,,,,,,,14.60,0.35,4.91,3.72,,,,,,,,,,1.12,,,,,,,,,,,,,,,,,,,,,,,
WQP_USA_2026,USGS-01097026,Surface Water,42.44068889,-71.42919444,,10/27/2020,,Unnamed_SPE+LCMS/MS,,,ng/L,6.34,5.06,,0.47,1.91,2.16,6.18,2.63,,,,,,,,,,,6.70,0.31,3.58,2.74,,,,,,,,,,,,,,,,,,,,,,,,,,,,,,,,,
WQP_USA_2026,USGS-01097050,Surface Water,42.45636213,-71.390027,,8/18/2020,,Unnamed_SPE+LCMS/MS,,,ng/L,9.72,8.63,,0.65,3.25,4.15,14.00,4.06,,,,,,,,,,,19.70,0.48,6.85,6.01,,,,,,,,,,0.35,,,,,,,,,,,,,,,,,,,,,,,
WQP_USA_2026,USGS-01097050,Surface Water,42.45636213,-71.390027,,9/18/2020,,Unnamed_SPE+LCMS/MS,,,ng/L,8.46,7.50,,0.54,3.30,3.15,10.70,3.51,,,,,,,,,,,15.30,0.37,4.70,4.30,,,,,,,,,,0.32,,,,,,,,,,,,,,,,,,,,,,,
WQP_USA_2026,USGS-01097050,Surface Water,42.45636213,-71.390027,,10/27/2020,,Unnamed_SPE+LCMS/MS,,,ng/L,5.69,4.62,,0.30,1.71,1.91,5.48,2.47,,,,1.59,,,,,,,6.22,0.27,3.37,2.62,,,,,,,,,,,,,,,,,,,,,,,,,,,,,,,,,
WQP_USA_2026,USGS-01097390,Surface Water,42.4656492,-71.3917276,,8/18/2020,,Unnamed_SPE+LCMS/MS,,,ng/L,10.40,8.68,,0.57,3.14,4.00,14.00,4.01,,,,,,,,,,,19.80,0.39,6.80,5.84,,,,,,,,,,0.45,,,,,,,,,0.25,,,,,,,,,,,,,,
WQP_USA_2026,USGS-01097390,Surface Water,42.4656492,-71.3917276,,9/18/2020,,Unnamed_SPE+LCMS/MS,,,ng/L,8.32,7.06,,0.38,3.41,3.22,10.40,3.42,,,,,,,,,,,15.30,0.41,4.78,4.49,,,,,,,,,,0.31,,,,,,,,,,,,,,,,,,,,,,,
WQP_USA_2026,USGS-01097390,Surface Water,42.4656492,-71.3917276,,10/27/2020,,Unnamed_SPE+LCMS/MS,,,ng/L,6.45,5.46,,0.56,1.76,1.96,6.14,2.85,,,,,,,,,,,6.77,0.38,3.91,2.81,,,,,,,,,,,,,,,,,,,,,,,,,,,,,,,,,
WQP_USA_2026,USGS-01098704,Surface Water,42.35203856,-71.49478585,,8/21/2020,,Unnamed_SPE+LCMS/MS,,,ng/L,11.30,11.30,,,1.01,3.77,6.35,4.00,,,,,,,,,,,7.20,0.48,3.72,11.50,,,,,,,,,,,,,,,,,,,,,,,,,,,,,,,,,
WQP_USA_2026,USGS-01098704,Surface Water,42.35203856,-71.49478585,,9/15/2020,,Unnamed_SPE+LCMS/MS,,,ng/L,9.78,10.60,,,0.95,3.27,5.91,3.68,,,,,,,,,,,6.86,0.45,3.94,11.90,,,,,,,,,,,,,,,,,,,,,,,,,,,,,,,,,
WQP_USA_2026,USGS-01098704,Surface Water,42.35203856,-71.49478585,,10/16/2020,,Unnamed_SPE+LCMS/MS,,,ng/L,10.10,8.71,,0.35,0.91,2.37,6.72,3.85,,,,,,,,,,,7.83,0.52,4.62,13.80,,,,,,,,,,,,,,,,,,,,,,,,,,,,,,,,,
WQP_USA_2026,USGS-01098705,Surface Water,42.35092751,-71.49089684,,8/21/2020,,Unnamed_SPE+LCMS/MS,,,ng/L,8.49,7.47,,1.94,1.34,1.16,26.70,2.90,,,,,,,,,,,24.00,,7.37,2.52,,,,,,,,,,,,,0.69,,,,,,,,,,,,,,,,,,,,
WQP_USA_2026,USGS-01098705,Surface Water,42.35092751,-71.49089684,,9/15/2020,,Unnamed_SPE+LCMS/MS,,,ng/L,7.37,5.70,,0.73,0.95,1.02,35.20,2.73,,,,,,,,,,,17.40,,9.00,3.15,,,,,,,,,,,,,,,,,,,,,,,,,,,,,,,,,
WQP_USA_2026,USGS-01098705,Surface Water,42.35092751,-71.49089684,,10/16/2020,,Unnamed_SPE+LCMS/MS,,,ng/L,9.12,7.61,,1.61,1.32,1.03,26.30,3.43,,,,,,,,,,,22.70,,13.00,2.79,,,,,,,,,,,,,0.82,,,,,,,,,,,,,,,,,,,,
WQP_USA_2026,USGS-01098880,Surface Water,42.46653611,-71.35573889,,8/27/2020,,Unnamed_SPE+LCMS/MS,,,ng/L,6.77,6.72,,0.46,1.89,2.98,9.82,3.10,,,,,,,,,,,12.50,0.42,5.50,4.69,,,,,,,,,,,,,,,,1.12,,,0.24,,,,,,,,,,,,,,
WQP_USA_2026,USGS-01098880,Surface Water,42.46653611,-71.35573889,,9/17/2020,,Unnamed_SPE+LCMS/MS,,,ng/L,6.37,5.50,,0.43,1.88,2.65,8.36,3.00,,,,3.77,,,,,,,11.20,0.38,4.61,3.53,,,,,,,,,,0.24,,,,,,,,,,,,,,,,,,,,,,,
WQP_USA_2026,USGS-01098880,Surface Water,42.46653611,-71.35573889,,10/28/2020,,Unnamed_SPE+LCMS/MS,,,ng/L,7.06,6.28,,,,,7.03,3.13,,,,,,,,,,,8.00,0.42,4.17,3.97,,,,,,,,,,0.37,,,,,,,,,,,,,,,,,,,,,,,
WQP_USA_2026,USGS-01099000,Surface Water,42.62786942,-71.29811561,,8/19/2020,,Unnamed_SPE+LCMS/MS,,,ng/L,8.82,8.73,,0.68,2.23,3.41,13.60,3.76,,,,,,,,,,,16.70,0.43,6.63,4.38,,,,,,,,,,,,,,,,,,,,,,,,,,,,,,,,,
WQP_USA_2026,USGS-01099000,Surface Water,42.62786942,-71.29811561,,9/15/2020,,Unnamed_SPE+LCMS/MS,,,ng/L,8.10,8.25,,0.61,2.30,2.62,10.80,3.46,,,,,,,,,,,14.00,0.40,4.30,4.13,,,,,,,,,,0.36,,,,,,,,,,,,,,,,,,,,,,,
WQP_USA_2026,USGS-01099000,Surface Water,42.62786942,-71.29811561,,10/28/2020,,Unnamed_SPE+LCMS/MS,,,ng/L,8.46,6.79,,0.58,1.76,,8.48,3.15,,,,,,,,,,,9.78,0.47,5.30,4.16,,,,,,,,,,0.26,,,,,,,,,,,,,,,,,,,,,,,
WQP_USA_2026,USGS-01100000,Surface Water,42.64592464,-71.29839365,,8/31/2020,,Unnamed_SPE+LCMS/MS,,,ng/L,6.85,4.31,,0.32,0.88,1.55,6.84,2.71,,,,,,,,,,,6.39,0.29,2.70,2.50,,,,,,,,,,,,,,,,0.82,,,,,,,,,,,,,,,,,
WQP_USA_2026,USGS-01100000,Surface Water,42.64592464,-71.29839365,,9/28/2020,,Unnamed_SPE+LCMS/MS,,,ng/L,7.92,4.37,,0.47,0.75,2.45,8.81,3.57,,,,,,,,,,,7.74,0.26,4.22,3.64,,,,,,,,,,,,,,,,,,,,,,,,,,,,,,,,,
WQP_USA_2026,USGS-01100000,Surface Water,42.64592464,-71.29839365,,10/26/2020,,Unnamed_SPE+LCMS/MS,,,ng/L,2.87,1.62,,,0.38,0.48,,1.39,,,,,,,,,,,2.60,,1.95,1.26,,,,,,,,,,,,,,,,,,,,,,,,,,,,,,,,,
WQP_USA_2026,USGS-01100475,Surface Water,42.69291667,-71.17661111,,8/31/2020,,Unnamed_SPE+LCMS/MS,,,ng/L,24.20,4.67,,0.31,0.84,1.73,7.02,2.87,,,,,,,,,,,6.16,0.33,2.65,2.48,,,,,,,,,,,,,,,,,,,,,,,,,,,,,,,,,
WQP_USA_2026,USGS-01100475,Surface Water,42.69291667,-71.17661111,,9/28/2020,,Unnamed_SPE+LCMS/MS,,,ng/L,8.91,5.35,,0.71,1.06,2.52,10.40,3.79,,,,,,,,,,,9.11,0.34,4.93,3.73,,,,,,,,,,0.36,,,,,,,,,,,,,,,,,,,,,,,
WQP_USA_2026,USGS-01100475,Surface Water,42.69291667,-71.17661111,,10/26/2020,,Unnamed_SPE+LCMS/MS,,,ng/L,3.01,1.66,,,0.47,0.59,,1.42,,,,,,,,,,,2.91,,2.02,1.28,,,,,,,,,,,,,,,,,,,,,,,,,,,,,,,,,
WQP_USA_2026,USGS-01100500,Surface Water,42.70483333,-71.15313889,,8/28/2020,,Unnamed_SPE+LCMS/MS,,,ng/L,7.70,,,,,,13.90,,,,,,,,,,,,,,,,,,,,,,,,,,,,,,,,,,,,,,,,,,,,,,,,
WQP_USA_2026,USGS-01100500,Surface Water,42.70483333,-71.15313889,,9/24/2020,,Unnamed_SPE+LCMS/MS,,,ng/L,7.46,5.07,,0.38,0.92,1.81,8.73,3.36,,,,,,,,,,,8.26,0.29,3.25,3.27,,,,,,,,,,,,,,,,0.93,,,,,,,,,,,,,,,,,
WQP_USA_2026,USGS-01100500,Surface Water,42.70483333,-71.15313889,,10/27/2020,,Unnamed_SPE+LCMS/MS,,,ng/L,3.31,1.84,,,0.50,0.67,,1.48,,,,,,,,,,,2.96,,2.05,1.38,,,,,,,,,,,,,,,,,,,,,,,,,,,,,,,,,
WQP_USA_2026,USGS-01100500,Surface Water,42.70483333,-71.15313889,,10/20/2022,,EPA 1633,,,ng/L,2.60,1.70,,0.00,0.50,0.70,2.80,1.30,0.00,,,,,,,,,,2.50,0.00,1.80,1.60,,0.00,,,,,,,0.00,0.00,,,0.00,0.00,,0.00,,0.00,0.00,,,0.00,0.00,0.00,0.00,,,,,0.00,,,
WQP_USA_2026,USGS-01100500,Surface Water,42.70483333,-71.15313889,,1/18/2023,,EPA 1633,,,ng/L,1.80,1.20,,0.00,0.00,0.00,1.70,1.00,0.00,,,,,,,,,,1.50,0.00,,1.00,,0.00,,,,,,,0.00,0.00,,,0.00,0.00,,0.00,,0.00,0.00,,,0.00,0.00,0.00,0.00,,,,,0.00,,,
WQP_USA_2026,USGS-01100500,Surface Water,42.70483333,-71.15313889,,4/14/2023,,EPA 1633,,,ng/L,2.00,1.20,,,,,1.30,0.90,,,,,,,,,,,1.10,,,0.90,,,,,,,,,,,,,,,,,,,,,,,,0.00,,,,,,,,,
WQP_USA_2026,USGS-01100500,Surface Water,42.70483333,-71.15313889,,7/26/2023,,EPA 1633,,,ng/L,5.60,3.60,,0.00,0.80,0.80,3.00,2.00,0.00,,,2.40,,,,,,,3.80,0.00,3.60,1.50,,0.00,,,,,,,0.00,0.00,,,0.00,0.00,,0.00,,0.00,0.00,,,0.00,0.00,0.00,0.00,,,,,0.00,,,
WQP_USA_2026,USGS-011006065,Surface Water,42.594675,-71.19512222,,9/2/2020,,Unnamed_SPE+LCMS/MS,,,ng/L,15.20,55.30,,0.85,2.06,25.70,19.40,9.11,1.56,,,2.80,,,,,,,21.40,2.90,11.80,6.90,,,,,,,,,,0.28,,,,,,,,,0.37,,,,0.35,,,,,,,,,,
WQP_USA_2026,USGS-011006065,Surface Water,42.594675,-71.19512222,,9/25/2020,,Unnamed_SPE+LCMS/MS,,,ng/L,13.10,24.70,,0.40,1.31,14.20,13.00,7.11,,,,,,,,,,,14.10,1.66,9.68,5.83,,,,,,,,,,,,,,,,,,,,,,,,,,,,,,,,,
WQP_USA_2026,USGS-011006065,Surface Water,42.594675,-71.19512222,,10/26/2020,,Unnamed_SPE+LCMS/MS,,,ng/L,10.70,18.20,,0.39,1.06,13.50,11.70,5.39,,,,,,,,,,,10.90,1.62,11.50,5.33,,,,,,,,,,,,,,,,,,,,,,,,,,,,,,,,,
WQP_USA_2026,USGS-011006712,Surface Water,42.77048333,-71.08691111,,8/28/2020,,Unnamed_SPE+LCMS/MS,,,ng/L,6.42,5.10,,,0.89,1.90,8.39,3.13,,,,,,,,,,,6.97,,3.91,2.52,,,,,,,,,,,,,,,,,,,,,,,,,,,,,,,,,
WQP_USA_2026,USGS-011006712,Surface Water,42.77048333,-71.08691111,,9/24/2020,,Unnamed_SPE+LCMS/MS,,,ng/L,7.74,5.97,,0.49,1.03,2.10,9.62,3.47,,,,,,,,,,,8.60,0.37,3.44,3.43,,,,,,,,,,,,,,,,,,,,,,,,,,,,,,,,,
WQP_USA_2026,USGS-011006712,Surface Water,42.77048333,-71.08691111,,10/27/2020,,Unnamed_SPE+LCMS/MS,,,ng/L,3.58,2.18,,,0.50,0.83,,1.58,,,,2.01,,,,,,,3.15,,2.32,1.56,,,,,,,,,,,,,,,,,,,,,,,,,,,,,,,,,
WQP_USA_2026,USGS-011006712,Surface Water,42.77048333,-71.08691111,,10/20/2022,,EPA 1633,,,ng/L,3.00,2.20,,0.00,0.60,0.70,3.20,1.40,0.00,,,,,,,,,,3.00,0.00,2.50,1.80,,0.00,,,,,,,0.00,0.00,,,0.00,0.00,,0.00,,0.00,0.00,,,0.00,0.00,0.00,0.00,,,,,0.00,,,
WQP_USA_2026,USGS-011006712,Surface Water,42.77048333,-71.08691111,,1/18/2023,,EPA 1633,,,ng/L,2.20,1.40,,,,0.50,1.60,0.90,,,,,,,,,,,1.70,,,1.00,,,,,,,,,,,,,,,,,,,,,,,,0.00,,,,,,,,,
WQP_USA_2026,USGS-011006712,Surface Water,42.77048333,-71.08691111,,4/14/2023,,EPA 1633,,,ng/L,2.10,1.40,,,,0.50,1.40,0.80,,,,,,,,,,,1.10,,,1.00,,,,,,,,,,,,,,,,,,,,,,,,0.00,,,,,,,,,
WQP_USA_2026,USGS-011006712,Surface Water,42.77048333,-71.08691111,,7/26/2023,,EPA 1633,,,ng/L,5.30,3.60,,0.00,0.80,0.80,3.20,2.30,0.00,,,2.00,,,,,,,4.00,0.00,3.70,1.80,,0.00,,,,,,,0.00,0.00,,,0.00,0.00,,0.00,,0.00,0.00,,,0.00,0.00,0.00,0.00,,,,,0.00,,,
WQP_USA_2026,USGS-01103138,Surface Water,42.11990833,-71.507,,8/21/2020,,Unnamed_SPE+LCMS/MS,,,ng/L,19.90,16.20,,0.96,1.76,4.78,10.80,5.92,,,,,,,,,,,10.10,0.79,6.89,5.68,,,,,,,,,,,,,,,,2.32,,,,,,,,,,,,,,,,,
WQP_USA_2026,USGS-01103138,Surface Water,42.11990833,-71.507,,9/22/2020,,Unnamed_SPE+LCMS/MS,,,ng/L,11.50,10.40,,0.71,1.11,2.62,8.47,3.88,,,,,,,,,,,8.14,0.45,5.19,6.74,,,,,,,,,,0.26,,,0.70,,,0.95,,,,,,,,,,,,,,,,,
WQP_USA_2026,USGS-01103138,Surface Water,42.11990833,-71.507,,10/21/2020,,Unnamed_SPE+LCMS/MS,,,ng/L,11.00,9.25,,1.19,,2.68,9.62,3.21,,,,,,,,,,,9.29,0.45,4.96,5.25,,,,,,,,,,,,,,,,,,,,,,,,,,,,,,,,,
WQP_USA_2026,USGS-01103139,Surface Water,42.11695,-71.50135833,,8/21/2020,,Unnamed_SPE+LCMS/MS,,,ng/L,11.00,7.30,,1.02,1.45,2.02,15.90,4.45,,,,,,,,,,,18.20,0.40,9.34,6.66,,,,,,,,,,,,,0.77,,,,,,,,,,,,,,,,,,,,
WQP_USA_2026,USGS-01103139,Surface Water,42.11695,-71.50135833,,9/22/2020,,Unnamed_SPE+LCMS/MS,,,ng/L,11.50,7.04,,1.07,1.43,1.84,14.80,5.03,,,,,,,,,,,14.50,0.26,9.12,5.75,,,,,,,,,,,,,0.72,,,,,,,,,,,,,,,,,,,,
WQP_USA_2026,USGS-01103139,Surface Water,42.11695,-71.50135833,,10/21/2020,,Unnamed_SPE+LCMS/MS,,,ng/L,11.10,6.33,,1.06,,1.95,13.90,3.99,,,,,,,,,,,14.50,0.31,7.39,5.62,,,,,,,,,,,,,,,,,,,,,,,,,,,,,,,,,
WQP_USA_2026,USGS-01103280,Surface Water,42.13981973,-71.38950315,,8/21/2020,,Unnamed_SPE+LCMS/MS,,,ng/L,9.40,19.00,,0.50,1.26,6.21,12.30,4.05,,,,,,,,,,,14.10,0.63,7.32,5.79,,,,,,,,,,,,,,,,,,,0.24,,,,,,,,,,,,,,
WQP_USA_2026,USGS-01103280,Surface Water,42.13981973,-71.38950315,,9/22/2020,,Unnamed_SPE+LCMS/MS,,,ng/L,9.62,15.50,,0.30,1.17,5.35,11.10,4.34,,,,,,,,,,,13.20,0.70,6.13,5.81,,,,,,,,,,,,,,,,,,,,,,,,,,,,,,,,,
WQP_USA_2026,USGS-01103280,Surface Water,42.13981973,-71.38950315,,10/21/2020,,Unnamed_SPE+LCMS/MS,,,ng/L,5.40,6.19,,,,2.83,6.87,3.10,,,,,,,,,,,7.45,0.32,3.92,4.49,,,,,,,,,,,,,,,,,,,,,,,,,,,,,,,,,
WQP_USA_2026,USGS-01103305,Surface Water,42.13315333,-71.36227996,,8/21/2020,,Unnamed_SPE+LCMS/MS,,,ng/L,7.00,9.01,,0.67,1.28,4.29,22.60,3.66,,,,,,,,,,,20.70,0.64,7.02,3.79,,,,,,,,,,,,,,,,,,,,,,,,,,,,,,,,,
WQP_USA_2026,USGS-01103305,Surface Water,42.13315333,-71.36227996,,9/22/2020,,Unnamed_SPE+LCMS/MS,,,ng/L,8.33,8.96,,0.61,0.98,3.49,16.30,3.46,,,,,,,,,,,14.80,0.55,6.56,4.20,,,,,,,,,,,,,,,,,,,,,,,,,,,,,,,,,
WQP_USA_2026,USGS-01103305,Surface Water,42.13315333,-71.36227996,,10/21/2020,,Unnamed_SPE+LCMS/MS,,,ng/L,5.07,5.62,,,0.64,2.28,9.16,2.53,,,,,,,,,,,9.95,,6.35,3.54,,,,,,,,,,,,,,,,,,,,,,,,,,,,,,,,,
WQP_USA_2026,USGS-0110588363,Surface Water,41.63566418,-70.51308363,,8/25/2020,,Undisclosed,,,ng/L,16.00,120.00,,0.90,29.00,48.00,16.00,9.20,0.90,,,,,,,,,,11.00,2.40,5.20,4.00,,,,,,,,,,,,,,,,,,,,,,,,,,,,,,,,,
WQP_USA_2026,USGS-01105883632,Surface Water,41.63641418,-70.51203639,,8/25/2020,,Undisclosed,,,ng/L,23.00,180.00,,,19.00,70.00,20.00,8.80,2.10,,,18.00,,,,,,,17.00,3.00,5.30,4.00,,,,,,,,,,,,,,,,,,,,,,,,,,,,,,,,,
WQP_USA_2026,USGS-01105883635,Surface Water,41.63666423,-70.50812519,,8/25/2020,,Undisclosed,,,ng/L,25.00,300.00,,,28.00,100.00,25.00,15.00,5.10,,,33.00,,,,,,,20.00,7.30,7.00,5.00,,,,,,,,,,,,,,,,,,,,,,,,,,,,,,,,,
WQP_USA_2026,USGS-011058836354,Surface Water,41.63730034,-70.50719183,,8/25/2020,,Undisclosed,,,ng/L,4.40,100.00,,,1.90,51.00,13.00,7.70,1.30,,,27.00,,,,,,,11.00,2.60,4.60,1.00,,,,,,,,,,,,,,,,,,,,,,,,,,,,,,,,,
WQP_USA_2026,USGS-01105883636,Surface Water,41.63645869,-70.50697238,,8/25/2020,,Undisclosed,,,ng/L,14.00,160.00,,,12.00,78.00,14.00,7.50,2.60,,,23.00,,,,,,,14.00,5.80,3.10,4.00,,,,,,,,,,,,,,,,,,,,,,,,,,,,,,,,,
WQP_USA_2026,USGS-0110588364,Surface Water,41.63316434,-70.50475012,,8/25/2020,,Undisclosed,,,ng/L,12.00,130.00,,,11.00,69.00,14.00,9.10,1.20,,,9.30,,,,,,,11.00,4.20,3.60,3.00,,,,,,,,,,,,,,,,,,,,,,,,,,,,,,,,,
WQP_USA_2026,USGS-01106438,Surface Water,42.05363056,-71.00980278,,9/1/2020,,Unnamed_SPE+LCMS/MS,,,ng/L,7.56,8.50,,,1.03,2.89,5.98,2.93,,,,,,,,,,,6.38,0.42,3.30,4.48,,,,,,,,,,,,,,,,,,,,,,,,,,,,,,,,,
WQP_USA_2026,USGS-01106438,Surface Water,42.05363056,-71.00980278,,9/24/2020,,Unnamed_SPE+LCMS/MS,,,ng/L,7.83,10.10,,0.51,1.00,2.86,6.57,3.16,,,,,,,,,,,6.92,0.34,3.26,3.82,,,,,,,,,,0.36,,,,,,,,,,,,,,,,,,,,,,,
WQP_USA_2026,USGS-01106438,Surface Water,42.05363056,-71.00980278,,10/21/2020,,Unnamed_SPE+LCMS/MS,,,ng/L,6.83,8.09,,0.38,0.86,2.38,6.21,2.88,,,,,,,,,,,6.48,0.37,3.91,4.01,,,,,,,,,,,,,,,,,,,,,,,,,,,,,,,,,
WQP_USA_2026,USGS-01106438,Surface Water,42.05363056,-71.00980278,,10/12/2022,,EPA 1633,,,ng/L,7.00,7.30,,0.40,1.00,2.40,5.50,2.70,0.00,2.70,,,,,,,,,6.50,0.40,4.60,4.20,,0.00,,,,,,,0.00,0.00,,,0.00,0.00,,0.00,,0.00,0.00,,,0.00,0.00,0.00,0.60,,,,,0.00,,,
WQP_USA_2026,USGS-01106438,Surface Water,42.05363056,-71.00980278,,1/11/2023,,EPA 1633,,,ng/L,6.10,6.90,,0.00,1.00,2.40,4.70,2.50,0.00,1.80,,,,,,,,,5.00,0.50,3.60,3.80,,0.00,,,,,,,0.00,0.00,,,0.00,0.00,,0.00,,0.00,0.00,,,0.00,0.00,0.00,0.00,,,,,0.00,,,
WQP_USA_2026,USGS-01106438,Surface Water,42.05363056,-71.00980278,,4/13/2023,,EPA 1633,,,ng/L,6.90,7.70,,0.00,0.80,2.10,5.50,2.60,0.00,2.10,,,,,,,,,5.60,0.00,4.00,4.80,,0.00,,,,,,,0.00,0.00,,,0.00,0.00,,0.00,,0.00,0.00,,,0.00,0.00,0.00,0.00,,,,,0.00,,,
WQP_USA_2026,USGS-01106438,Surface Water,42.05363056,-71.00980278,,7/13/2023,,EPA 1633,,,ng/L,7.20,9.80,,0.50,1.20,2.30,5.70,2.30,0.00,,,,,,,,,,6.30,0.50,4.60,4.30,,0.00,,,,,,,0.00,0.00,,,0.00,0.00,,0.00,,0.00,0.00,,,0.00,0.00,0.00,0.00,,,,,0.00,,,
WQP_USA_2026,USGS-01106444,Surface Water,42.03812222,-70.98399722,,9/1/2020,,Unnamed_SPE+LCMS/MS,,,ng/L,9.28,7.46,,0.66,1.16,2.41,18.60,2.86,,,,,,,,,,,33.10,0.37,6.00,5.25,,,,,,,,,,,,,,,,,,,,,,,,,,,,,,,,,
WQP_USA_2026,USGS-01106444,Surface Water,42.03812222,-70.98399722,,9/24/2020,,Unnamed_SPE+LCMS/MS,,,ng/L,9.28,6.87,,0.72,1.10,2.35,27.00,3.01,,,,,,,,,,,43.10,0.35,5.58,5.02,,,,,,,,,,,,,,,,,,,,,,,,,,,,,,,,,
WQP_USA_2026,USGS-01106444,Surface Water,42.03812222,-70.98399722,,10/21/2020,,Unnamed_SPE+LCMS/MS,,,ng/L,10.10,11.20,,0.50,,9.67,19.40,3.36,,,,,,,,,,,23.80,0.50,4.85,4.87,,,,,,,,,,,,,,,,,,,,,,,,,,,,,,,,,
WQP_USA_2026,USGS-01106444,Surface Water,42.03812222,-70.98399722,,10/12/2022,,EPA 1633,,,ng/L,7.40,5.90,,0.50,1.00,2.00,13.00,2.50,0.00,,,,,,,,,,14.00,0.00,4.40,4.60,,0.00,,,,,,,0.00,0.00,,,0.00,0.00,,0.00,,0.00,0.00,,,0.00,0.00,0.00,0.60,,,,,0.00,,,
WQP_USA_2026,USGS-01106444,Surface Water,42.03812222,-70.98399722,,1/11/2023,,EPA 1633,,,ng/L,6.20,7.00,,0.00,0.80,2.40,6.20,2.30,0.00,,,,,,,,,,6.70,0.50,3.40,4.30,,0.00,,,,,,,0.00,0.00,,,0.00,0.00,,0.00,,0.00,0.00,,,0.00,0.00,0.00,0.00,,,,,0.00,,,
WQP_USA_2026,USGS-01106444,Surface Water,42.03812222,-70.98399722,,4/13/2023,,EPA 1633,,,ng/L,7.60,8.10,,0.00,0.80,2.30,8.70,2.30,0.00,,,,,,,,,,9.10,0.50,3.70,3.80,,0.00,,,,,,,0.00,0.00,,,0.00,0.00,,0.00,,0.00,0.00,,,0.00,0.00,0.00,0.00,,,,,0.00,,,
WQP_USA_2026,USGS-01106444,Surface Water,42.03812222,-70.98399722,,7/13/2023,,EPA 1633,,,ng/L,7.00,8.40,,0.50,1.20,2.30,15.00,2.60,0.00,,,,,,,,,,21.00,0.00,6.20,3.80,,0.00,,,,,,,0.00,0.00,,,0.00,0.00,,0.00,,0.00,0.00,,,0.00,0.00,0.00,0.00,,,,,0.00,,,
WQP_USA_2026,USGS-01107100,Surface Water,41.99704536,-70.97254255,,9/1/2020,,Unnamed_SPE+LCMS/MS,,,ng/L,7.89,16.20,,0.46,1.32,4.45,6.81,3.56,,,,,,,,,,,7.07,0.77,4.47,3.84,,,,,,,,,,,,,,,,,,,,,,,,,,,,,,,,,
WQP_USA_2026,USGS-01107100,Surface Water,41.99704536,-70.97254255,,9/24/2020,,Unnamed_SPE+LCMS/MS,,,ng/L,7.94,15.10,,0.53,1.13,5.46,7.12,3.76,,,,,,,,,,,7.43,0.91,4.48,3.82,,,,,,,,,,0.39,,,,,,,,,,,,,,,,,,,,,,,
WQP_USA_2026,USGS-01107100,Surface Water,41.99704536,-70.97254255,,10/21/2020,,Unnamed_SPE+LCMS/MS,,,ng/L,6.04,16.80,,0.29,,8.84,8.30,4.10,,,,,,,,,,,8.43,1.83,4.85,4.80,,,,,,,,,,,,,,,,,,,,,,,,,,,,,,,,,
WQP_USA_2026,USGS-01107102,Surface Water,41.99753889,-70.953675,,9/1/2020,,Unnamed_SPE+LCMS/MS,,,ng/L,8.16,14.10,,0.57,1.35,3.80,9.22,3.49,,,,,,,,,,,8.61,0.83,5.04,5.07,,,,,,,,,,,,,,,,,,,,,,,,,,,,,,,,,
WQP_USA_2026,USGS-01107102,Surface Water,41.99753889,-70.953675,,9/24/2020,,Unnamed_SPE+LCMS/MS,,,ng/L,8.59,11.30,,0.57,1.13,3.91,11.20,3.45,,,,,,,,,,,9.82,0.78,4.07,4.46,,,,,,,,,,,,,,,,,,,,,,,,,,,,,,,,,
WQP_USA_2026,USGS-01107102,Surface Water,41.99753889,-70.953675,,10/21/2020,,Unnamed_SPE+LCMS/MS,,,ng/L,6.22,14.60,,0.36,,7.53,8.48,4.02,,,,,,,,,,,8.28,1.62,4.68,4.67,,,,,,,,,,,,,,,,,,,,,,,,,,,,,,,,,
WQP_USA_2026,USGS-01107190,Surface Water,41.96315716,-70.91226341,,10/13/2022,,EPA 1633,,,ng/L,4.80,5.00,,0.00,0.80,2.00,5.30,2.00,0.00,,,,,,,,,,5.80,0.00,4.00,2.90,,0.00,,,,,,,0.00,0.00,,,0.00,0.00,,0.00,,0.00,0.00,,,0.00,0.00,0.00,0.00,,,,,0.00,,,
WQP_USA_2026,USGS-01107190,Surface Water,41.96315716,-70.91226341,,1/12/2023,,EPA 1633,,,ng/L,3.90,4.60,,0.00,0.50,1.80,2.80,1.60,0.00,,,,,,,,,,2.80,0.00,2.40,2.50,,0.00,,,,,,,0.00,0.00,,,0.00,0.00,,0.00,,0.00,0.00,,,0.00,0.00,0.00,0.00,,,,,0.00,,,
WQP_USA_2026,USGS-01107190,Surface Water,41.96315716,-70.91226341,,4/11/2023,,EPA 1633,,,ng/L,4.80,5.40,,,0.80,2.00,4.00,1.50,,,,,,,,,,,3.80,,2.80,2.90,,,,,,,,,,,,,,,,,,,,,,,,0.00,,,,,,,,,
WQP_USA_2026,USGS-01107190,Surface Water,41.96315716,-70.91226341,,7/14/2023,,EPA 1633,,,ng/L,8.30,14.00,,,,3.50,8.50,3.10,,,,,,,,,,,9.90,,,3.30,,,,,,,,,,,,,,,,,,,,,,,,,,,,,,,,,
WQP_USA_2026,USGS-01107200,Surface Water,41.94732374,-70.93643039,,10/13/2022,,EPA 1633,,,ng/L,4.60,5.10,,0.00,0.70,2.20,5.50,2.20,0.00,,,,,,,,,,5.90,0.50,4.20,2.70,,0.00,,,,,,,0.00,0.00,,,0.00,0.00,,0.00,,0.00,0.00,,,0.00,0.00,0.00,0.00,,,,,0.00,,,
WQP_USA_2026,USGS-01107200,Surface Water,41.94732374,-70.93643039,,1/12/2023,,EPA 1633,,,ng/L,3.80,4.40,,0.00,0.50,1.60,3.00,1.40,0.00,,,,,,,,,,2.90,,2.30,2.40,,0.00,,,,,,,0.00,0.00,,,0.00,0.00,,0.00,,0.00,0.00,,,0.00,0.00,0.00,0.00,,,,,0.00,,,
WQP_USA_2026,USGS-01107200,Surface Water,41.94732374,-70.93643039,,4/11/2023,,EPA 1633,,,ng/L,4.80,5.60,,,0.60,1.90,4.30,1.60,,,,,,,,,,,3.90,0.50,2.80,2.80,,,,,,,,,,,,,,,,,,,,,,,,0.00,0.50,,,,,,,,
WQP_USA_2026,USGS-01107200,Surface Water,41.94732374,-70.93643039,,7/14/2023,,EPA 1633,,,ng/L,8.60,9.80,,,,,8.30,,,,,,,,,,,,9.50,,,,,,,,,,,,,,,,,,,,,,,,,,,,,,,,,,,,
WQP_USA_2026,USGS-01107600,Surface Water,41.83314722,-70.94131111,,10/15/2024,,Unnamed_SPE+LCMS/MS,,,ng/L,3.60,3.20,,,1.00,2.00,1.70,1.50,,,,,,,,,,,2.00,,2.70,1.50,,,,,,,,,,,,,,,,,,,,,,,,,,,,,,,,,
WQP_USA_2026,USGS-01107798,Surface Water,41.90700833,-70.91362778,,9/1/2020,,Unnamed_SPE+LCMS/MS,,,ng/L,2.91,2.10,,,0.57,0.92,,1.20,,,,,,,,,,,2.29,,1.59,1.71,,,,,,,,,,,,,,,,,,,0.24,,,,,,,,,,,,,,
WQP_USA_2026,USGS-01107798,Surface Water,41.90700833,-70.91362778,,9/25/2020,,Unnamed_SPE+LCMS/MS,,,ng/L,2.96,2.13,,,0.38,1.09,,1.41,,,,,,,,,,,2.46,,1.05,1.75,,,,,,,,,,,,,,,,,,,,,,,,,,,,,,,,,
WQP_USA_2026,USGS-01107798,Surface Water,41.90700833,-70.91362778,,10/28/2020,,Unnamed_SPE+LCMS/MS,,,ng/L,2.08,1.46,,,,0.66,,0.99,,,,,,,,,,,1.84,,2.14,1.36,,,,,,,,,,,,,,,,,,,,,,,,,,,,,,,,,
WQP_USA_2026,USGS-01107799,Surface Water,41.92187778,-70.92336111,,9/1/2020,,Unnamed_SPE+LCMS/MS,,,ng/L,9.85,4.87,,0.33,1.00,4.04,19.20,5.05,,,,,,,,,,,15.90,0.59,14.10,37.70,,,,,,,,,,,,,,,,,,,0.26,,,,,,,,,,,,,,
WQP_USA_2026,USGS-01107799,Surface Water,41.92187778,-70.92336111,,9/25/2020,,Unnamed_SPE+LCMS/MS,,,ng/L,17.00,6.42,,0.50,1.38,7.58,53.50,10.10,,,,3.48,,,,,,,36.50,0.86,34.20,94.50,,,,,,,,,,,,,,,,,,,,,,,,,,,,,,,,,
WQP_USA_2026,USGS-01107799,Surface Water,41.92187778,-70.92336111,,10/28/2020,,Unnamed_SPE+LCMS/MS,,,ng/L,8.88,3.15,,,0.65,2.95,21.40,3.93,,,,,,,,,,,15.00,0.34,14.00,36.00,,,,,,,,,,,,,,,,,,,,,,,,,,,,,,,,,
WQP_USA_2026,USGS-01108050,Surface Water,41.95881111,-70.95879167,,8/26/2020,,Unnamed_SPE+LCMS/MS,,,ng/L,3.12,2.40,,,0.31,0.94,,1.20,,,,,,,,,,,2.29,0.25,2.88,1.64,,,,,,,,,,,,,,,,,,,,,,,,,,,,,,,,,
WQP_USA_2026,USGS-01108050,Surface Water,41.95881111,-70.95879167,,9/22/2020,,Unnamed_SPE+LCMS/MS,,,ng/L,4.40,7.90,,0.48,0.65,1.17,,1.67,,,,,,,,,,,2.70,,1.91,1.68,,,,,,,,,,,,,,,,,,,,,,,,,,,,,,,,,
WQP_USA_2026,USGS-01108050,Surface Water,41.95881111,-70.95879167,,10/15/2020,,Unnamed_SPE+LCMS/MS,,,ng/L,2.95,2.06,,,0.40,0.88,,1.14,,,,,,,,,,,2.43,,2.54,1.48,,,,,,,,,,,,,,,,,,,,,,,,,,,,,,,,,
WQP_USA_2026,USGS-01108055,Surface Water,41.94890556,-70.968575,,8/26/2020,,Unnamed_SPE+LCMS/MS,,,ng/L,3.39,3.78,,,2.27,1.43,37.40,1.89,,,,,,,,,,,44.20,0.28,7.25,2.12,,,,,,,,,,,,,,,,,,,,,,,,,,,,,,,,,
WQP_USA_2026,USGS-01108055,Surface Water,41.94890556,-70.968575,,9/22/2020,,Unnamed_SPE+LCMS/MS,,,ng/L,3.14,3.26,,,2.24,1.36,90.30,2.83,,,,,,,,,,,106.00,0.38,11.40,2.00,,,,,,,,,,,,,,,,,,,,,,,,,,,,,,,,,
WQP_USA_2026,USGS-01108055,Surface Water,41.94890556,-70.968575,,10/15/2020,,Unnamed_SPE+LCMS/MS,,,ng/L,3.17,2.91,,,1.19,1.15,25.80,1.68,,,,,,,,,,,28.60,,3.67,1.98,,,,,,,,,,,,,,,,,,,,,,,,,,,,,,,,,
WQP_USA_2026,USGS-01108414,Surface Water,41.87788056,-71.09325,,8/26/2020,,Unnamed_SPE+LCMS/MS,,,ng/L,6.97,6.36,,0.61,1.08,2.54,14.80,3.03,,,,,,,,,,,18.10,0.44,6.24,10.60,,,,,,,,,,,,,,,,,,,,,,,,,,,,,,,,,
WQP_USA_2026,USGS-01108414,Surface Water,41.87788056,-71.09325,,9/17/2020,,Unnamed_SPE+LCMS/MS,,,ng/L,7.54,5.85,,0.50,1.12,2.94,12.40,3.44,,,,9.92,,,,,,,14.10,0.53,4.96,9.91,,,,,,,,,,,,,,,,,,,,,,,,,,,,,,,,,
WQP_USA_2026,USGS-01108414,Surface Water,41.87788056,-71.09325,,10/15/2020,,Unnamed_SPE+LCMS/MS,,,ng/L,8.04,5.43,,0.67,1.10,2.70,15.60,3.75,,,,,,,,,,,17.60,0.44,6.16,13.30,,,,,,,,,,,,,,,,,,,,,,,,,,,,,,,,,
WQP_USA_2026,USGS-01108415,Surface Water,41.87156111,-71.10255556,,8/26/2020,,Unnamed_SPE+LCMS/MS,,,ng/L,7.24,6.34,,1.04,1.25,2.77,15.20,3.14,,,,,,,,,,,18.30,0.36,6.52,11.40,,,,,,,,,,0.44,,,,,,,,,,,,,,0.56,,,,,,,,,
WQP_USA_2026,USGS-01108415,Surface Water,41.87156111,-71.10255556,,9/17/2020,,Unnamed_SPE+LCMS/MS,,,ng/L,8.08,6.14,,0.58,1.14,2.70,12.80,3.45,,,,,,,,,,,14.80,0.44,5.70,10.20,,,,,,,,,,,,,,,,,,,,,,,,,,,,,,,,,
WQP_USA_2026,USGS-01108415,Surface Water,41.87156111,-71.10255556,,10/15/2020,,Unnamed_SPE+LCMS/MS,,,ng/L,8.60,5.47,,0.65,1.20,2.76,16.90,4.06,,,,,,,,,,,18.70,0.29,6.32,14.00,,,,,,,,,,,,,,,,,,,,,,,,,,,,,,,,,
WQP_USA_2026,USGS-01109043,Surface Water,41.94675833,-71.16041111,,8/24/2020,,Unnamed_SPE+LCMS/MS,,,ng/L,9.87,11.80,,0.95,1.90,2.76,7.41,4.55,,,,,,,,,,,7.18,0.34,2.99,3.24,,,,,,,,,,,,,,,,,,,,,,,,,,,,,,,,,
WQP_USA_2026,USGS-01109043,Surface Water,41.94675833,-71.16041111,,9/25/2020,,Unnamed_SPE+LCMS/MS,,,ng/L,11.90,9.98,,1.00,1.96,2.26,7.67,4.81,,,,,,,,,,,7.68,0.26,3.68,3.60,,,,,,,,,,0.30,,,,,,,,,,,,,,,,,,,,,,,
WQP_USA_2026,USGS-01109043,Surface Water,41.94675833,-71.16041111,,10/14/2020,,Unnamed_SPE+LCMS/MS,,,ng/L,10.60,8.80,,0.96,1.97,1.53,7.62,4.32,,,,,,,,,,,7.39,0.29,4.54,2.98,,,,,,,,,,,,,,,,,,,,,,,,,,,,,,,,,
WQP_USA_2026,USGS-01109048,Surface Water,41.93330278,-71.15426667,,8/24/2020,,Unnamed_SPE+LCMS/MS,,,ng/L,8.95,7.45,,1.69,1.78,1.38,16.70,5.30,,,,,,,,,,,22.40,0.31,14.10,3.74,,,,,,,,,,0.28,,,,,,1.54,,,,,,,,,,,,,,,,,
WQP_USA_2026,USGS-01109048,Surface Water,41.93330278,-71.15426667,,9/25/2020,,Unnamed_SPE+LCMS/MS,,,ng/L,10.60,8.34,,1.74,1.38,2.53,22.00,3.21,,,,,,,,,,,22.20,0.33,6.81,4.68,,,,,,,,,,,,,,,,,,,,,,,,,,,,,,,,,
WQP_USA_2026,USGS-01109048,Surface Water,41.93330278,-71.15426667,,10/14/2020,,Unnamed_SPE+LCMS/MS,,,ng/L,7.14,5.63,,0.97,1.24,1.11,9.22,3.41,,,,,,,,,,,9.06,,4.82,2.86,,,,,,,,,,,,,,,,,,,,,,,,,,,,,,,,,
WQP_USA_2026,USGS-01109650,Surface Water,42.22785278,-71.78765278,,8/21/2020,,Unnamed_SPE+LCMS/MS,,,ng/L,7.54,11.60,,0.83,1.33,5.52,11.10,5.40,,,,6.26,,,,,,,15.00,0.86,14.10,6.17,,,,,,,,,,0.28,,,,,,1.17,,,0.33,,,,,,,,,,,,,,
WQP_USA_2026,USGS-01109650,Surface Water,42.22785278,-71.78765278,,9/15/2020,,Unnamed_SPE+LCMS/MS,,,ng/L,6.14,8.99,,0.52,1.14,3.82,9.60,4.84,,,,2.99,,,,,,,12.70,0.66,5.72,3.73,,,,,,,,,,,,,,,,,,,,,,,,,,,,,,,,,
WQP_USA_2026,USGS-01109650,Surface Water,42.22785278,-71.78765278,,10/16/2020,,Unnamed_SPE+LCMS/MS,,,ng/L,4.60,4.91,,0.42,1.14,1.69,8.17,4.31,,,,1.36,,,,,,,13.80,0.43,5.42,2.34,,,,,,,,,,,,,,,,,,,,,,,,,,,,,,,,,
WQP_USA_2026,USGS-01109660,Surface Water,42.20787197,-71.78145948,,8/21/2020,,Unnamed_SPE+LCMS/MS,,,ng/L,9.26,5.72,,1.19,1.88,2.55,35.30,4.24,,,,2.10,,,,,,,33.30,0.44,15.70,3.75,,,,,,,,,,,,,,,,,,,,,,,,,,,,,,,,,
WQP_USA_2026,USGS-01109660,Surface Water,42.20787197,-71.78145948,,9/15/2020,,Unnamed_SPE+LCMS/MS,,,ng/L,7.88,5.95,,0.76,0.98,2.23,22.20,4.14,,,,2.82,,,,,,,14.20,0.33,9.66,4.16,,,,,,,,,,,,,,,,,,,,,,,,,,,,,,,,,
WQP_USA_2026,USGS-01109660,Surface Water,42.20787197,-71.78145948,,10/16/2020,,Unnamed_SPE+LCMS/MS,,,ng/L,6.44,4.89,,0.48,1.04,1.60,19.80,4.46,,,,1.66,,,,,,,18.20,0.29,7.58,3.02,,,,,,,,,,,,,,,,,,,,,,,,,,,,,,,,,
WQP_USA_2026,USGS-01111148,Surface Water,42.1673179,-71.62728852,,10/26/2022,,EPA 1633,,,ng/L,2.10,1.30,,0.00,0.00,0.40,1.30,0.90,0.00,,,,,,,,,,1.50,0.00,2.40,1.60,,0.00,,,,,,,0.00,0.00,,,0.00,0.00,,0.00,,0.00,0.00,,,0.00,0.00,0.00,0.00,,,,,0.00,,,
WQP_USA_2026,USGS-01111148,Surface Water,42.1673179,-71.62728852,,1/27/2023,,EPA 1633,,,ng/L,0.70,,,,,,,,,,,,,,,,,,,,,0.60,,,,,,,,,,,,,,,,,,,,,,,,0.00,,,,,,,,,
WQP_USA_2026,USGS-01111148,Surface Water,42.1673179,-71.62728852,,4/24/2023,,EPA 1633,,,ng/L,1.00,0.50,,0.00,0.00,0.00,0.40,0.40,0.00,,,,,,,,,,,0.00,,0.90,,0.00,,,,,,,0.00,0.00,,,0.00,0.00,,0.00,,0.00,0.00,,,0.00,0.00,0.00,0.00,,,,,0.00,,,
WQP_USA_2026,USGS-01111148,Surface Water,42.1673179,-71.62728852,,7/25/2023,,EPA 1633,,,ng/L,,,,,,,,,,,,,,,,,,,,,,,,,,,,,,,,,,,,,,,,,,,,,,,3.80,,,,,,,,
WQP_USA_2026,USGS-01111150,Surface Water,42.1570403,-71.62228831,,10/26/2022,,EPA 1633,,,ng/L,2.80,1.50,,0.00,0.50,0.40,2.50,1.20,0.00,,,,,,,,,,3.70,0.00,3.00,1.60,,0.00,,,,,,,0.00,0.00,,,0.00,0.00,,0.00,,0.00,0.00,,,0.00,0.00,0.00,0.00,,,,,0.00,,,
WQP_USA_2026,USGS-01111150,Surface Water,42.1570403,-71.62228831,,1/27/2023,,EPA 1633,,,ng/L,1.00,0.70,,,,,0.60,,,,,,,,,,,,,,,0.80,,,,,,,,,,,,,,,,,,,,,,,,0.00,,,,,,,,,
WQP_USA_2026,USGS-01111150,Surface Water,42.1570403,-71.62228831,,4/24/2023,,EPA 1633,,,ng/L,1.40,0.90,,0.00,0.00,0.00,1.20,0.70,0.00,,,,,,,,,,1.10,0.00,,0.90,,0.00,,,,,,,0.00,0.00,,,0.00,0.00,,0.00,,0.00,0.00,,,0.00,0.00,0.00,0.00,,,,,0.00,,,
WQP_USA_2026,USGS-01111150,Surface Water,42.1570403,-71.62228831,,7/25/2023,,EPA 1633,,,ng/L,4.60,,,,,,,,,,,,,,,,,,,,,,,,,,,,,,,,,,,,,,,,,,,,,,6.50,,,,,,,,
WQP_USA_2026,USGS-01163950,Surface Water,42.62856111,-72.14424722,,10/21/2022,,EPA 1633,,,ng/L,2.90,1.60,,0.00,0.60,0.40,2.10,1.80,0.00,,,,,,,,,,2.50,0.00,1.80,0.60,,0.00,,,,,,,0.00,0.00,,,0.00,0.00,,0.00,,0.00,0.00,,,0.00,0.00,0.00,0.00,,,,,0.00,,,
WQP_USA_2026,USGS-01163950,Surface Water,42.62856111,-72.14424722,,1/19/2023,,EPA 1633,,,ng/L,2.30,1.40,,,,,1.20,1.20,,,,,,,,,,,1.10,,,0.70,,,,,,,,,,,,,,,,,,,,,,,,0.00,,,,,,,,,
WQP_USA_2026,USGS-01163950,Surface Water,42.62856111,-72.14424722,,4/20/2023,,EPA 1633,,,ng/L,3.50,2.20,,,0.60,,1.90,1.60,,,,,,,,,,,1.80,,,0.80,,,,,,,,,,,,,,,,,,,,,,,,0.00,,,,,,,,,
WQP_USA_2026,USGS-01163950,Surface Water,42.62856111,-72.14424722,,7/17/2023,,EPA 1633,,,ng/L,5.20,3.60,,,,,3.20,,,,,,,,,,,,,,,,,,,,,,,,,,,,,,,,,,,,,,,,,,,,,,,,
WQP_USA_2026,USGS-01164080,Surface Water,42.62341999,-72.1803599,,10/21/2022,,EPA 1633,,,ng/L,2.80,1.80,,0.00,0.60,0.00,2.00,1.60,0.00,,,,,,,,,,2.10,0.00,,0.70,,0.00,,,,,,,0.00,0.00,,,0.00,0.00,,0.00,,0.00,0.00,,,0.00,0.00,0.00,0.00,,,,,0.00,,,
WQP_USA_2026,USGS-01164080,Surface Water,42.62341999,-72.1803599,,1/19/2023,,EPA 1633,,,ng/L,2.10,1.50,,,,,1.40,1.10,,,,,,,,,,,1.30,,,0.60,,,,,,,,,,,,,,,,,,,,,,,,0.00,,,,,,,,,
WQP_USA_2026,USGS-01164080,Surface Water,42.62341999,-72.1803599,,4/20/2023,,EPA 1633,,,ng/L,3.40,2.00,,,0.60,,1.80,1.80,,,,,,,,,,,1.80,,,0.70,,,,,,,,,,,,,,,,,,,,,,,,0.00,,,,,,,,,
WQP_USA_2026,USGS-01164080,Surface Water,42.62341999,-72.1803599,,7/17/2023,,EPA 1633,,,ng/L,4.00,,,,,,,3.30,,,,13.00,,,,,,,,,,,,,,,,,,,,,,,,,,,,,,,,,,,,,,,,,,,
WQP_USA_2026,USGS-01166630,Surface Water,42.58018611,-72.49686111,,9/2/2020,,Unnamed_SPE+LCMS/MS,,,ng/L,5.64,4.02,,,1.14,1.13,25.70,4.57,,,,7.70,,,,,,,27.40,,7.68,2.07,,,,,,,,,,,,,,,,,,,0.26,,,,,,,,,,,,,,
WQP_USA_2026,USGS-01166630,Surface Water,42.58018611,-72.49686111,,9/21/2020,,Unnamed_SPE+LCMS/MS,,,ng/L,5.63,4.78,,0.28,0.81,1.17,11.90,3.83,,,,1.34,,,,,,,10.60,,3.25,1.36,,,,,,,,,,,,,,,,,,,,,,,,,,,,,,,,,
WQP_USA_2026,USGS-01166630,Surface Water,42.58018611,-72.49686111,,10/29/2020,,Unnamed_SPE+LCMS/MS,,,ng/L,4.04,3.19,,,0.66,0.86,,2.31,,,,3.55,,,,,,,3.66,,1.92,0.98,,,,,,,,,,,,,,,,,,,,,,,,,,,,,,,,,
WQP_USA_2026,USGS-01168305,Surface Water,42.63628056,-72.93435,,8/25/2020,,Unnamed_SPE+LCMS/MS,,,ng/L,0.51,,,,,,,,,,,,,,,,,,,,,,,,,,,,,,,,,,,,,,,,,,,,,,,,,,,,,,
WQP_USA_2026,USGS-01168305,Surface Water,42.63628056,-72.93435,,9/16/2020,,Unnamed_SPE+LCMS/MS,,,ng/L,0.35,0.52,,,,,,,,,,,,,,,,,,,,,,,,,,,,,,,,,,,,,,,,,,,,,,,,,,,,,
WQP_USA_2026,USGS-01168305,Surface Water,42.63628056,-72.93435,,10/22/2020,,Unnamed_SPE+LCMS/MS,,,ng/L,0.54,,,,,,,,,,,,,,,,,,,,,,,,,,,,,,,,,,,,,,,,,,,,,,,,,,,,,,
WQP_USA_2026,USGS-01170006,Surface Water,42.52675319,-72.63258951,,8/18/2020,,Unnamed_SPE+LCMS/MS,,,ng/L,1.32,1.04,,,,,,0.44,,,,,,,,,,,0.75,,0.56,,,,,,,,,,,,,,,,,,,,,,,,,,,,,,,,,,
WQP_USA_2026,USGS-01170006,Surface Water,42.52675319,-72.63258951,,9/16/2020,,Unnamed_SPE+LCMS/MS,,,ng/L,0.85,0.87,,,,,,0.42,,,,4.35,,,,,,,0.47,,,,,,,,,,,,,,,,,,,,,,,,,,,,,,,,,,,,
WQP_USA_2026,USGS-01170006,Surface Water,42.52675319,-72.63258951,,10/22/2020,,Unnamed_SPE+LCMS/MS,,,ng/L,0.76,0.65,,,,,,0.24,,,,,,,,,,,0.45,,0.43,,,,,,,,,,,,,,,,,,,,,,,,,,,,,,,,,,
WQP_USA_2026,USGS-01170150,Surface Water,42.64702905,-72.62036812,,8/25/2020,,Unnamed_SPE+LCMS/MS,,,ng/L,0.49,,,,,,,,,,,,,,,,,,,,,,,,,,,,,,,,,,,,,,,,,,,,,,,,,,,,,,
WQP_USA_2026,USGS-01170150,Surface Water,42.64702905,-72.62036812,,9/16/2020,,Unnamed_SPE+LCMS/MS,,,ng/L,0.24,,,,,,,,,,,,,,,,,,,,,,,,,,,,,,,,,,,,,,,,,,,,,,,,,,,,,,
WQP_USA_2026,USGS-01170150,Surface Water,42.64702905,-72.62036812,,10/22/2020,,Unnamed_SPE+LCMS/MS,,,ng/L,0.40,,,,,,,,,,,,,,,,,,,,,,,,,,,,,,,,,,,,,,,,,,,,,,,,,,,,,,
WQP_USA_2026,USGS-01172006,Surface Water,42.21055556,-72.59111111,,10/25/2022,,EPA 1633,,,ng/L,1.00,0.90,,0.00,0.00,0.00,1.00,0.60,0.00,,,,,,,,,,0.90,0.00,,0.50,,0.00,,,,,,,0.00,0.00,,,0.00,0.00,,0.00,,0.00,0.00,,,0.00,0.00,0.00,0.00,,,,,0.00,,,
WQP_USA_2026,USGS-01172006,Surface Water,42.21055556,-72.59111111,,1/24/2023,,EPA 1633,,,ng/L,0.90,0.80,,0.00,0.00,0.60,0.70,0.00,0.00,,,,,,,,,,,0.00,,0.00,,0.00,,,,,,,0.00,0.00,,,0.00,0.00,,0.00,,0.00,0.00,,,0.00,0.00,0.00,0.00,,,,,0.00,,,
WQP_USA_2026,USGS-01172006,Surface Water,42.21055556,-72.59111111,,4/25/2023,,EPA 1633,,,ng/L,0.50,0.60,,,,,,,,,,,,,,,,,,,,,,,,,,,,,,,,,,,,,,,,,,,,0.00,,,,,,,,,
WQP_USA_2026,USGS-01172006,Surface Water,42.21055556,-72.59111111,,7/28/2023,,EPA 1633,,,ng/L,1.10,0.90,,,,,1.00,0.50,,,,,,,,,,,0.90,,2.00,,,,,,,,,,,,,,,,,,,,,,,,,0.00,,,,,,,,,
WQP_USA_2026,USGS-01172008,Surface Water,42.19491389,-72.60142778,,10/25/2022,,EPA 1633,,,ng/L,1.00,0.50,,0.00,0.00,0.00,0.80,0.60,0.00,,,,,,,,,,,0.00,,0.00,,0.00,,,,,,,0.00,0.00,,,0.00,0.00,,0.00,,0.00,0.00,,,0.00,0.00,0.00,0.00,,,,,0.00,,,
WQP_USA_2026,USGS-01172008,Surface Water,42.19491389,-72.60142778,,1/24/2023,,EPA 1633,,,ng/L,0.70,0.50,,0.00,0.00,0.00,0.80,0.00,0.00,,,,,,,,,,,0.00,,0.00,,0.00,,,,,,,0.00,0.00,,,0.00,0.00,,0.00,,0.00,0.00,,,0.00,0.00,0.00,0.00,,,,,0.00,,,
WQP_USA_2026,USGS-01172008,Surface Water,42.19491389,-72.60142778,,4/25/2023,,EPA 1633,,,ng/L,0.50,0.60,,0.00,0.00,0.00,0.60,0.00,0.00,,,,,,,,,,,0.00,,0.00,,0.00,,,,,,,0.00,0.00,,,0.00,0.00,,0.00,,0.00,0.00,,,0.00,0.00,0.00,0.00,,,,,0.00,,,
WQP_USA_2026,USGS-01172008,Surface Water,42.19491389,-72.60142778,,7/28/2023,,EPA 1633,,,ng/L,1.10,1.00,,,,,0.70,0.70,,,,,,,,,,,1.10,,,,,,,,,,,,,,,,,,,,,,,,,,,0.00,,,,,,,,,
WQP_USA_2026,USGS-01172012,Surface Water,42.153775,-72.62739444,,10/19/2022,,EPA 1633,,,ng/L,0.90,0.50,,,,,0.70,0.70,,,,,,,,,,,,,,0.50,,,,,,,,,,,,,,,,,,,,,,,,0.00,,,,,,,,,
WQP_USA_2026,USGS-01172012,Surface Water,42.153775,-72.62739444,,1/17/2023,,EPA 1633,,,ng/L,,0.50,,,,,,,,,,,,,,,,,,,,,,,,,,,,,,,,,,,,,,,,,,,,0.00,,,,,,,,,
WQP_USA_2026,USGS-01172012,Surface Water,42.153775,-72.62739444,,4/18/2023,,EPA 1633,,,ng/L,,,,,,,,,,,,,,,,,,,,,,,,,,,,,,,,,,,,,,,,,,,,,,0.00,,,,,,,,,
WQP_USA_2026,USGS-01172012,Surface Water,42.153775,-72.62739444,,7/27/2023,,EPA 1633,,,ng/L,1.00,0.90,,,,,0.80,0.60,,,,,,,,,,,0.90,,2.00,,,,,,,,,,,,,,,,,,,,,,,,,0.00,0.90,,,,,,,,
WQP_USA_2026,USGS-01172014,Surface Water,42.14866944,-72.62421111,,10/19/2022,,EPA 1633,,,ng/L,0.80,0.70,,0.00,0.00,0.00,0.90,0.60,0.00,,,,,,,,,,0.90,0.00,,0.50,,0.00,,,,,,,0.00,0.00,,,0.00,0.00,,0.00,,0.00,0.00,,,0.00,0.00,0.00,0.00,,,,,0.00,,,
WQP_USA_2026,USGS-01172014,Surface Water,42.14866944,-72.62421111,,4/18/2023,,EPA 1633,,,ng/L,,,,,,,,,,,,,,,,,,,,,,,,,,,,,,,,,,,,,,,,,,,,,,0.00,,,,,,,,,
WQP_USA_2026,USGS-01172014,Surface Water,42.14866944,-72.62421111,,7/27/2023,,EPA 1633,,,ng/L,1.20,0.90,,,,,0.80,0.70,,,,,,,,,,,1.10,,1.90,,,,,,,,,,,,,,,,,,,,,,,,,0.00,,,,,,,,,
WQP_USA_2026,USGS-01173515,Surface Water,42.20461944,-72.31861111,,8/19/2020,,Unnamed_SPE+LCMS/MS,,,ng/L,5.86,1.61,,,0.65,0.67,5.67,3.11,,,,,,,,,,,5.66,,3.01,1.71,,,,,,,,,,,,,,,,,,,,,,,,,,,,,,,,,
WQP_USA_2026,USGS-01173515,Surface Water,42.20461944,-72.31861111,,9/14/2020,,Unnamed_SPE+LCMS/MS,,,ng/L,4.81,1.29,,,0.65,0.57,,2.60,,,,,,,,,,,4.64,,2.10,1.24,,,,,,,,,,,,,,,,,,,,,,,,,,,,,,,,,
WQP_USA_2026,USGS-01173515,Surface Water,42.20461944,-72.31861111,,10/15/2020,,Unnamed_SPE+LCMS/MS,,,ng/L,5.04,1.28,,,0.63,0.52,,2.50,,,,,,,,,,,4.64,,2.53,1.52,,,,,,,,,,,,,,,,,,,,,,,,,,,,,,,,,
WQP_USA_2026,USGS-01177000,Surface Water,42.16064906,-72.51397563,,9/9/2020,,Unnamed_SPE+LCMS/MS,,,ng/L,2.35,1.14,,,0.36,0.56,,1.53,,,,,,,,,,,2.68,,1.71,0.98,,,,,,,,,,,,,,,,,,,,,,,,,,,,,,,,,
WQP_USA_2026,USGS-01177000,Surface Water,42.16064906,-72.51397563,,9/28/2020,,Unnamed_SPE+LCMS/MS,,,ng/L,2.41,1.09,,,0.39,0.42,,1.48,,,,,,,,,,,2.03,,1.48,0.72,,,,,,,,,,,,,,,,,,,,,,,,,,,,,,,,,
WQP_USA_2026,USGS-01177000,Surface Water,42.16064906,-72.51397563,,11/9/2020,,Unnamed_SPE+LCMS/MS,,,ng/L,2.96,1.30,,,0.43,0.50,,1.68,,,,,,,,,,,2.66,,1.32,1.10,,,,,,,,,,,,,,,,,,,,,,,,,,,,,,,,,
WQP_USA_2026,USGS-01181008,Surface Water,42.22564542,-72.87065326,,8/25/2020,,Unnamed_SPE+LCMS/MS,,,ng/L,0.85,1.02,,,,0.56,,0.28,,,,,,,,,,,0.71,,0.49,,,,,,,,,,,,,,,,,,,,,,,,,,,,,,,,,,
WQP_USA_2026,USGS-01181008,Surface Water,42.22564542,-72.87065326,,9/14/2020,,Unnamed_SPE+LCMS/MS,,,ng/L,0.62,1.22,,,,,,0.28,,,,,,,,,,,0.55,,0.43,,,,,,,,,,,,,,,,,,,,,,,,,,,,,,,,,,
WQP_USA_2026,USGS-01181008,Surface Water,42.22564542,-72.87065326,,10/22/2020,,Unnamed_SPE+LCMS/MS,,,ng/L,0.62,0.91,,,,,,0.30,,,,,,,,,,,0.44,,0.71,,,,,,,,,,,,,,,,,,,,,,,,,,,,,,,,,,
WQP_USA_2026,USGS-01183610,Surface Water,42.09944444,-72.63630556,,8/17/2020,,Unnamed_SPE+LCMS/MS,,,ng/L,4.82,13.40,,,0.48,6.96,6.83,1.86,,,,5.75,,,,,,,6.46,0.74,2.51,1.69,,,,,,,,,,,,,,,,,,,,,,,,,,,,,,,,,
WQP_USA_2026,USGS-01183610,Surface Water,42.09944444,-72.63630556,,9/15/2020,,Unnamed_SPE+LCMS/MS,,,ng/L,4.12,11.50,,,0.32,5.83,,1.53,,,,18.00,,,,,,,4.06,0.61,1.15,1.32,,,,,,,,,,,,,,,,,,,,,,,,,,,,,,,,,
WQP_USA_2026,USGS-01183610,Surface Water,42.09944444,-72.63630556,,10/23/2020,,Unnamed_SPE+LCMS/MS,,,ng/L,3.08,7.56,,,,4.63,,1.23,,,,,,,,,,,2.58,0.60,1.10,1.21,,,,,,,,,,,,,,,,,,,,,,,,,,,,,,,,,
WQP_USA_2026,USGS-01185500,Surface Water,42.07886111,-73.07288333,,8/25/2020,,Unnamed_SPE+LCMS/MS,,,ng/L,1.27,1.01,,,0.54,,,0.59,,,,,,,,,,,1.03,,0.99,,,,,,,,,,,,,,,,,,,,,,,,,,,,,,,,,,
WQP_USA_2026,USGS-01185500,Surface Water,42.07886111,-73.07288333,,9/28/2020,,Unnamed_SPE+LCMS/MS,,,ng/L,1.00,0.74,,,0.35,,,0.62,,,,,,,,,,,0.82,,0.69,,,,,,,,,,,,,,,,,0.84,,,,,,,,,,,,,,,,,
WQP_USA_2026,USGS-01185500,Surface Water,42.07886111,-73.07288333,,10/15/2020,,Unnamed_SPE+LCMS/MS,,,ng/L,1.05,0.54,,,0.37,,,0.79,,,,,,,,,,,1.00,,1.24,,,,,,,,,,,,,,,,,,,,,,,,,,,,,,,,,,
WQP_USA_2026,USGS-01197134,Surface Water,42.39397446,-73.24038286,,9/1/2020,,Unnamed_SPE+LCMS/MS,,,ng/L,2.99,2.63,,,0.43,0.59,,1.25,,,,,,,,,,,5.49,,2.08,1.35,,,,,,,,,,,,,,,,,,,,,,,,,,,,,,,,,
WQP_USA_2026,USGS-01197134,Surface Water,42.39397446,-73.24038286,,9/23/2020,,Unnamed_SPE+LCMS/MS,,,ng/L,2.64,1.92,,,0.42,0.69,5.47,1.29,,,,3.21,,,,,,,5.02,,1.90,1.11,,,,,,,,,,,,,,,,,,,,,,,,,,,,,,,,,
WQP_USA_2026,USGS-01197134,Surface Water,42.39397446,-73.24038286,,10/23/2020,,Unnamed_SPE+LCMS/MS,,,ng/L,2.20,1.81,,,0.34,0.53,,1.28,,,,,,,,,,,4.49,,1.71,1.25,,,,,,,,,,1.24,,,,,,,,,,,,,2.36,,,,,,,,,,
WQP_USA_2026,USGS-01197500,Surface Water,42.23191667,-73.35466667,,8/20/2020,,Unnamed_SPE+LCMS/MS,,,ng/L,2.90,2.70,,,0.65,0.75,5.40,1.57,,,,,,,,,,,5.93,,2.84,1.16,,,,,,,,,,,,,,,,,,,,,,,,,,,,,,,,,
WQP_USA_2026,USGS-01197500,Surface Water,42.23191667,-73.35466667,,9/16/2020,,Unnamed_SPE+LCMS/MS,,,ng/L,2.86,2.71,,,0.45,0.51,5.15,1.50,,,,,,,,,,,5.88,,2.33,1.12,,,,,,,,,,,,,,,,,,,,,,,,,,,,,,,,,
WQP_USA_2026,USGS-01197500,Surface Water,42.23191667,-73.35466667,,10/23/2020,,Unnamed_SPE+LCMS/MS,,,ng/L,1.72,1.99,,,0.38,,,0.99,,,,,,,,,,,2.54,,1.09,0.81,,,,,,,,,,,,,,,,,,,,,,,,,,,,,,,,,
WQP_USA_2026,USGS-01304562,Surface Water,40.91777778,-72.63866667,,12/13/2023,,EPA 1633,,,ng/L,0.80,,,,1.10,,0.80,,,,,,,,,,,,,,,,,,,,,,,,,,,,,,,,,,,,,,,,,,,,,,,,
WQP_USA_2026,USGS-01331393,Surface Water,42.600575,-73.13815,,9/1/2020,,Unnamed_SPE+LCMS/MS,,,ng/L,0.99,1.11,,,,0.42,,0.39,,,,,,,,,,,0.74,,0.61,0.48,,,,,,,,,,,,,,,,,,,0.30,,,,,,,,,,,,,,
WQP_USA_2026,USGS-01331393,Surface Water,42.600575,-73.13815,,9/23/2020,,Unnamed_SPE+LCMS/MS,,,ng/L,0.71,0.97,,,,0.40,,0.37,,,,,,,,,,,0.63,,,0.33,,,,,,,,,,,,,,,,,,,,,,,,,,,,,,,,,
WQP_USA_2026,USGS-01331393,Surface Water,42.600575,-73.13815,,10/26/2020,,Unnamed_SPE+LCMS/MS,,,ng/L,0.73,0.79,,,,,,0.33,,,,,,,,,,,0.59,,0.65,0.33,,,,,,,,,,,,,,,,,,,,,,,,,,,,,,,,,
WQP_USA_2026,USGS-01332500,Surface Water,42.70025695,-73.15897216,,8/25/2020,,Unnamed_SPE+LCMS/MS,,,ng/L,3.03,3.68,,,,0.62,,0.49,,,,,,,,,,,1.30,,0.72,0.87,,,,,,,,,,,,,,,,,,,,,,,,,,,,,,,,,
WQP_USA_2026,USGS-01332500,Surface Water,42.70025695,-73.15897216,,9/16/2020,,Unnamed_SPE+LCMS/MS,,,ng/L,3.33,5.04,,,,0.84,,0.65,,,,,,,,,,,1.60,,0.84,0.82,,,,,,,,,,,,,,,,,,,,,,,,,,,,,,,,,
WQP_USA_2026,USGS-01332500,Surface Water,42.70025695,-73.15897216,,10/26/2020,,Unnamed_SPE+LCMS/MS,,,ng/L,2.23,2.66,,,,0.46,,0.42,,,,,,,,,,,0.86,,0.82,0.47,,,,,,,,,,,,,,,,,,,,,,,,,,,,,,,,,
WQP_USA_2026,USGS-01362147,Surface Water,42.10681944,-73.48254722,,8/20/2020,,Unnamed_SPE+LCMS/MS,,,ng/L,0.25,,,,,,,,,,,,,,,,,,,,,,,,,,,,,,,,,,,,,,,,,,,,,,,,,,,,,,
WQP_USA_2026,USGS-01362147,Surface Water,42.10681944,-73.48254722,,10/22/2020,,Unnamed_SPE+LCMS/MS,,,ng/L,0.24,,,,,,,,,,,,,,,,,,,,,,,,,,,,,,,,,,,,,,,,,,,,,,,,,,,,,,
WQP_USA_2026,USGS-01367625,Surface Water,41.04027778,-74.62972222,,2/4/2020,,Unnamed_SPE+LCMS/MS,,,ng/L,5.10,4.00,,,,1.30,2.90,2.00,,,,,,,,,,,4.20,,2.90,2.60,,,,,,,,,,,,,,,,,,,,,,,,,,,,,,,,,
WQP_USA_2026,USGS-01367625,Surface Water,41.04027778,-74.62972222,,9/14/2020,,Unnamed_SPE+LCMS/MS,,,ng/L,6.80,5.10,,,,1.20,4.30,2.60,,,,,,,,,,,5.20,,4.00,3.60,,,,,,,,,,,,,,,,,,,,,,,,,,,,,,,,,
WQP_USA_2026,USGS-01367625,Surface Water,41.04027778,-74.62972222,,2/7/2022,,Unnamed_SPE+LCMS/MS,,,ng/L,6.80,3.70,,,,1.10,4.10,2.50,,,,,,,,,,,5.30,,3.80,2.70,,,,,,,,,,,,,,,,,,,,,,,,,,,,,,,,,
WQP_USA_2026,USGS-01367625,Surface Water,41.04027778,-74.62972222,,8/8/2022,,Unnamed_SPE+LCMS/MS,,,ng/L,5.80,6.60,,,,1.70,4.80,2.40,,,,,,,,,,,6.80,,3.60,2.60,,,,,,,,,,,,,,,,,,,,,,,,,,,,,,,,,
WQP_USA_2026,USGS-01367625,Surface Water,41.04027778,-74.62972222,,2/15/2023,,Unnamed_SPE+LCMS/MS,,,ng/L,4.50,3.40,,,,1.20,3.90,2.00,,,,,,,,,,,3.90,,3.50,2.50,,,,,,,,,,,,,,,,,,,,,,,,,,,,,,,,,
WQP_USA_2026,USGS-01367625,Surface Water,41.04027778,-74.62972222,,8/8/2023,,Unnamed_SPE+LCMS/MS,,,ng/L,6.60,5.60,,,,1.70,4.20,2.40,,,,,,,,,,,4.40,,4.10,3.00,,,,,,,,,,,,,,,,,,,,,,,,,,,,,,,,,
WQP_USA_2026,USGS-01367770,Surface Water,41.19388889,-74.57527778,,2/4/2020,,Unnamed_SPE+LCMS/MS,,,ng/L,2.10,1.70,,,,0.80,1.70,,,,,,,,,,,,2.30,,,3.70,,,,,,,,,,,,,,,,,,,,,,,,,,,,,,,,,
WQP_USA_2026,USGS-01367770,Surface Water,41.19388889,-74.57527778,,9/8/2020,,Unnamed_SPE+LCMS/MS,,,ng/L,3.20,2.30,,,,0.90,2.80,1.20,,,,,,,,,,,5.60,,2.90,10.00,,,,,,,,,,,,,,,,,,,,,,,,,,,,,,,,,
WQP_USA_2026,USGS-01367770,Surface Water,41.19388889,-74.57527778,,2/3/2022,,Unnamed_SPE+LCMS/MS,,,ng/L,3.40,3.00,,,,1.20,3.30,1.20,,,,,,,,,,,4.00,,3.00,5.30,,,,,,,,,,,,,,,,,,,,,,,,,,,,,,,,,
WQP_USA_2026,USGS-01367770,Surface Water,41.19388889,-74.57527778,,8/11/2022,,Undisclosed,,,ng/L,6.20,4.30,,,,2.60,14.00,3.70,,,,,,,,,,,22.00,,9.80,,,,,,,,,,,,,,,,,,,,,,,,,,,,,,,,,,
WQP_USA_2026,USGS-01367770,Surface Water,41.19388889,-74.57527778,,2/8/2023,,Unnamed_SPE+LCMS/MS,,,ng/L,1.10,1.10,,,,,1.30,,,,,,,,,,,,2.00,,,,,,,,,,,,,,,,,,,,,,,,,,,,,,,,,,,,
WQP_USA_2026,USGS-01367770,Surface Water,41.19388889,-74.57527778,,8/1/2023,,Unnamed_SPE+LCMS/MS,,,ng/L,4.80,5.00,,,,1.40,3.30,1.90,,,,,,,,,,,4.50,,4.10,3.70,,,,,,,,,,,,,,,,,,,,,,,,,,,,,,,,,
WQP_USA_2026,USGS-01367800,Surface Water,41.16277778,-74.67527778,,2/4/2020,,Unnamed_SPE+LCMS/MS,,,ng/L,,,,,,1.10,,,,,,,,,,,,,,,,,,,,,,,,,,,,,,,,,,,,,,,,,,,,,,,,,
WQP_USA_2026,USGS-01367800,Surface Water,41.16277778,-74.67527778,,9/14/2020,,Unnamed_SPE+LCMS/MS,,,ng/L,1.00,1.20,,,,,,,,,,,,,,,,,1.90,,,,,,,,,,,,,,,,,,,,,,,,,,,,,,,,,,,,
WQP_USA_2026,USGS-01367800,Surface Water,41.16277778,-74.67527778,,2/8/2022,,Unnamed_SPE+LCMS/MS,,,ng/L,1.50,,,,,,,,,,,,,,,,,,1.50,,1.90,,,,,,,,,,,,,,,,,,,,,,,,,,,,,,,,,,
WQP_USA_2026,USGS-01367800,Surface Water,41.16277778,-74.67527778,,8/17/2022,,Unnamed_SPE+LCMS/MS,,,ng/L,6.30,3.10,,,,,4.00,2.00,,,,,,,,,,,4.10,,4.70,3.00,,,,,,,,,,,,,,,,,,,,,,,,,,,,,,,,,
WQP_USA_2026,USGS-01367800,Surface Water,41.16277778,-74.67527778,,8/8/2023,,Unnamed_SPE+LCMS/MS,,,ng/L,2.20,1.40,,,,,1.40,1.00,,,,,,,,,,,2.20,,3.20,1.00,,,,,,,,,,,,,,,,,,,,,,,,,,,,,,,,,
WQP_USA_2026,USGS-01367815,Surface Water,41.17711111,-74.6405,,8/14/2020,,Unnamed_SPE+LCMS/MS,,,ng/L,1.10,1.20,,,,,,,,,,,,,,,,,1.50,,,,,,,,,,,,,,,,,,,,,,,,,,,,,,,,,,,,
WQP_USA_2026,USGS-01367950,Surface Water,41.23447222,-74.57261111,,9/11/2020,,Unnamed_SPE+LCMS/MS,,,ng/L,1.20,1.10,,,,,,,,,,,,,,,,,1.20,,2.00,,,,,,,,,,,,,,,,,,,,,,,,,,,,,,,,,,
WQP_USA_2026,USGS-01368000,Surface Water,41.26009487,-74.54849341,,2/4/2020,,Unnamed_SPE+LCMS/MS,,,ng/L,1.70,,,,,,1.40,0.90,,,,,,,,,,,2.00,,,3.10,,,,,,,,,,,,,,,,,,,,,,,,,,,,,,,,,
WQP_USA_2026,USGS-01368000,Surface Water,41.26009487,-74.54849341,,9/8/2020,,Unnamed_SPE+LCMS/MS,,,ng/L,3.30,2.40,,,,,2.90,1.30,,,,,,,,,,,6.90,,3.20,5.70,,,,,,,,,,,,,,,,,,,,,,,,,,,,,,,,,
WQP_USA_2026,USGS-01368000,Surface Water,41.26009487,-74.54849341,,2/3/2022,,Unnamed_SPE+LCMS/MS,,,ng/L,2.40,1.80,,,,,2.40,1.00,,,,,,,,,,,2.90,,2.30,5.40,,,,,,,,,,,,,,,,,,,,,,,,,,,,,,,,,
WQP_USA_2026,USGS-01368000,Surface Water,41.26009487,-74.54849341,,8/11/2022,,Unnamed_SPE+LCMS/MS,,,ng/L,5.10,,,,,1.80,,,,,,,,,,,,,14.00,,6.80,10.00,,,,,,,,,,,,,,,,,,,,,,,,,,,,,,,,,
WQP_USA_2026,USGS-01368000,Surface Water,41.26009487,-74.54849341,,8/11/2022,,Undisclosed,,,ng/L,,3.40,,,,,10.00,2.70,,,,,,,,,,,,,,,,,,,,,,,,,,,,,,,,,,,,,,,,,,,,,,,
WQP_USA_2026,USGS-01368000,Surface Water,41.26009487,-74.54849341,,8/1/2023,,Unnamed_SPE+LCMS/MS,,,ng/L,3.90,2.40,,,,,2.80,1.60,,,,,,,,,,,4.40,,4.00,3.40,,,,,,,,,,,,,,,,,,,,,,,,,,,,,,,,,
WQP_USA_2026,USGS-01368012,Surface Water,41.29752778,-74.58872222,,9/24/2020,,Unnamed_SPE+LCMS/MS,,,ng/L,,,,,,,,,,,,,,,,,,,2.20,,3.10,2.40,,,,,,,,,,,,,,,,,,,,,,,,,,,,,,,,,
WQP_USA_2026,USGS-01368820,Surface Water,41.18694444,-74.42,,2/4/2020,,Unnamed_SPE+LCMS/MS,,,ng/L,3.80,5.10,,,,2.20,1.90,1.40,,,,,,,,,,,3.20,,2.20,1.70,,,,,,,,,,,,,,,,,,,,,,,,,,,,,,,,,
WQP_USA_2026,USGS-01368820,Surface Water,41.18694444,-74.42,,2/7/2022,,Unnamed_SPE+LCMS/MS,,,ng/L,5.70,5.80,,,,2.20,2.50,2.00,,,,,,,,,,,4.10,,3.60,2.40,,,,,,,,,,,,,,,,,,,,,,,,,,,,,,,,,
WQP_USA_2026,USGS-01368820,Surface Water,41.18694444,-74.42,,8/8/2022,,Unnamed_SPE+LCMS/MS,,,ng/L,2.90,6.20,,,,1.10,1.30,0.90,,,,,,,,,,,2.20,,,,,,,,,,,,,,,,,,,,,,,,,,,,,,,,,,,,
WQP_USA_2026,USGS-01368820,Surface Water,41.18694444,-74.42,,2/9/2023,,Unnamed_SPE+LCMS/MS,,,ng/L,3.10,4.60,,,,1.60,1.70,,,,,,,,,,,,2.50,,,2.10,,,,,,,,,,,,,,,,,,,,,,,,,,,,,,,,,
WQP_USA_2026,USGS-01368820,Surface Water,41.18694444,-74.42,,8/1/2023,,Unnamed_SPE+LCMS/MS,,,ng/L,6.50,9.80,,,,2.40,2.90,2.40,,,,,,,,,,,4.60,,4.00,2.70,,,,,,,,,,,,,,,,,,,,,,,,,,,,,,,,,
WQP_USA_2026,USGS-01368823,Surface Water,41.16180556,-74.42263889,,3/4/2020,,Unnamed_SPE+LCMS/MS,,,ng/L,1.60,,,,,,,,,,,,,,,,,,2.20,,,,,,,,,,,,,,,,,,,,,,,,,,,,,,,,,,,,
WQP_USA_2026,USGS-01368823,Surface Water,41.16180556,-74.42263889,,9/11/2020,,Unnamed_SPE+LCMS/MS,,,ng/L,3.50,1.30,,,,,1.10,1.20,,,,,,,,,,,1.80,,4.50,,,,,,,,,,,,,,,,,,,,,,,,,,,,,,,,,,
WQP_USA_2026,USGS-01377000,Surface Water,40.99916667,-73.98916667,,6/10/2020,,Unnamed_SPE+LCMS/MS,,,ng/L,10.00,7.70,,,1.50,2.60,4.20,3.20,,,,,,,,,,,5.40,,5.90,3.10,,,,,,,,,,,,,,,,,,,,,,,,,,,,,,,,,
WQP_USA_2026,USGS-01377000,Surface Water,40.99916667,-73.98916667,,9/17/2020,,Unnamed_SPE+LCMS/MS,,,ng/L,11.00,6.80,,,2.00,3.40,5.40,3.70,,,,,,,,,,,8.10,,6.80,3.80,,,,,,,,,,,,,,,,,,,,,,,,,,,,,,,,,
WQP_USA_2026,USGS-01377000,Surface Water,40.99916667,-73.98916667,,3/10/2021,,Unnamed_SPE+LCMS/MS,,,ng/L,9.00,5.90,,,1.40,3.20,4.20,3.30,,,,,,,,,,,7.30,,6.00,7.20,,,,,,,,,,,,,,,,,,,,,,,,,,,,,,,,,
WQP_USA_2026,USGS-01377000,Surface Water,40.99916667,-73.98916667,,3/2/2022,,Unnamed_SPE+LCMS/MS,,,ng/L,10.00,5.40,,,1.80,2.30,5.00,4.00,,,,,,,,,,,7.60,,5.70,4.10,,,,,,,,,,,,,,,,,,,,,,,,,,,,,,,,,
WQP_USA_2026,USGS-01377000,Surface Water,40.99916667,-73.98916667,,9/23/2022,,Unnamed_SPE+LCMS/MS,,,ng/L,10.00,5.70,,,1.90,1.90,5.30,4.10,,,,,,,,,,,5.80,,6.70,4.40,,,,,,,,,,,,,,,,,,,,,,,,,,,,,,,,,
WQP_USA_2026,USGS-01377000,Surface Water,40.99916667,-73.98916667,,3/15/2023,,Unnamed_SPE+LCMS/MS,,,ng/L,7.80,5.20,,,1.50,2.00,3.60,3.00,,,,,,,,,,,3.90,,5.60,3.40,,,,,,,,,,,,,,,,,,,,,,,,,,,,,,,,,
WQP_USA_2026,USGS-01377000,Surface Water,40.99916667,-73.98916667,,9/19/2023,,Unnamed_SPE+LCMS/MS,,,ng/L,7.40,5.10,,,1.40,1.70,3.50,2.70,,,,,,,,,,,4.20,,4.50,2.90,,,,,,,,,,,,,,,,,,,,,,,,,,,,,,,,,
WQP_USA_2026,USGS-01377850,Surface Water,40.99,-74.00805556,,6/10/2020,,Unnamed_SPE+LCMS/MS,,,ng/L,14.00,9.80,,,2.90,3.00,4.40,3.60,,,,,,,,,,,4.90,,5.70,3.80,,,,,,,,,,,,,,,,,,,,,,,,,,,,,,,,,
WQP_USA_2026,USGS-01377850,Surface Water,40.99,-74.00805556,,9/17/2020,,Unnamed_SPE+LCMS/MS,,,ng/L,14.00,9.60,,,3.90,3.40,6.30,4.40,,,,,,,,,,,8.70,,6.50,5.50,,,,,,,,,,,,,,,,,,,,,,,,,,,,,,,,,
WQP_USA_2026,USGS-01377850,Surface Water,40.99,-74.00805556,,3/11/2021,,Unnamed_SPE+LCMS/MS,,,ng/L,12.00,9.60,,,2.70,3.60,4.50,3.00,,,,,,,,,,,5.30,,5.00,8.50,,,,,,,,,,,,,,,,,,,,,,,,,,,,,,,,,
WQP_USA_2026,USGS-01378400,Surface Water,40.97666667,-73.93416667,,2/19/2020,,Unnamed_SPE+LCMS/MS,,,ng/L,4.10,,,,,,,,,,,,,,,,,,,,,,,,,,,,,,,,,,,,,,,,,,,,,,,,,,,,,,
WQP_USA_2026,USGS-01378400,Surface Water,40.97666667,-73.93416667,,9/9/2020,,Unnamed_SPE+LCMS/MS,,,ng/L,8.90,2.20,,,,,1.20,1.50,,,,,,,,,,,1.50,,2.40,2.30,,,,,,,,,,,,,,,,,,,,,,,,,,,,,,,,,
WQP_USA_2026,USGS-01378400,Surface Water,40.97666667,-73.93416667,,3/15/2022,,Unnamed_SPE+LCMS/MS,,,ng/L,5.90,1.70,,,,1.60,,,,,,,,,,,,,,,,,,,,,,,,,,,,,,,,,,,,,,,,,,,,,,,,,
WQP_USA_2026,USGS-01378400,Surface Water,40.97666667,-73.93416667,,9/13/2022,,Undisclosed,,,ng/L,17.00,4.10,,,1.00,2.70,1.70,2.80,,,,,,,,,,,2.30,,3.20,3.40,,,,,,,,,,,,,,,,,,,,,,,,,,,,,,,,,
WQP_USA_2026,USGS-01378400,Surface Water,40.97666667,-73.93416667,,3/20/2023,,Unnamed_SPE+LCMS/MS,,,ng/L,2.60,1.40,,,,,,,,,,,,,,,,,,,,,,,,,,,,,,,,,,,,,,,,,,,,,,,,,,,,,
WQP_USA_2026,USGS-01378400,Surface Water,40.97666667,-73.93416667,,8/15/2023,,Unnamed_SPE+LCMS/MS,,,ng/L,17.00,3.80,,,,3.10,2.50,2.90,,,,,,,,,,,1.80,,5.10,4.10,,,,,,,,,,,,,,,,,,,,,,,,,,,,,,,,,
WQP_USA_2026,USGS-01378560,Surface Water,40.91111111,-74.04027778,,2/19/2020,,Unnamed_SPE+LCMS/MS,,,ng/L,32.00,10.00,,,1.30,6.00,8.40,6.70,,,,,,,,,,,8.40,0.90,8.10,7.30,,,,,,,,,,,,,,,,,,,,,,,,,,,,,,,,,
WQP_USA_2026,USGS-01378560,Surface Water,40.91111111,-74.04027778,,9/9/2020,,Unnamed_SPE+LCMS/MS,,,ng/L,20.00,23.00,,,1.10,5.80,7.40,4.40,,,,,,,,,,,9.60,1.00,7.60,7.10,,,,,,,,,,,,,,,,,,,,,,,,,,,,,,,,,
WQP_USA_2026,USGS-01378560,Surface Water,40.91111111,-74.04027778,,2/28/2022,,Unnamed_SPE+LCMS/MS,,,ng/L,30.00,17.00,,,1.60,5.80,7.90,5.60,,,,,,,,,,,7.10,1.10,8.30,6.80,,,,,,,,,,,,,,,,,,,,,,,,,,,,,,,,,
WQP_USA_2026,USGS-01378560,Surface Water,40.91111111,-74.04027778,,9/13/2022,,Undisclosed,,,ng/L,7.30,7.80,,,1.00,1.40,3.10,3.00,,,,,,,,,,,5.10,,4.80,2.40,,,,,,,,,,,,,,,,,,,,,,,,,,,,,,,,,
WQP_USA_2026,USGS-01378560,Surface Water,40.91111111,-74.04027778,,3/20/2023,,Unnamed_SPE+LCMS/MS,,,ng/L,30.00,16.00,,,1.30,5.70,7.70,6.30,,,,,,,,,,,8.00,,9.70,7.30,,,,,,,,,,,,,,,,,,,,,,,,,,,,,,,,,
WQP_USA_2026,USGS-01378560,Surface Water,40.91111111,-74.04027778,,9/6/2023,,Unnamed_SPE+LCMS/MS,,,ng/L,28.00,13.00,,,1.50,5.40,8.30,6.50,,,,,,,,,,,10.00,1.10,9.00,7.90,,,,,,,,,,,,,,,,,,,,,,,,,,,,,,,,,
WQP_USA_2026,USGS-01378671,Surface Water,40.74152778,-74.54902778,,2/5/2020,,Unnamed_SPE+LCMS/MS,,,ng/L,3.30,2.20,,,,,1.30,,,,,,,,,,,,1.70,,,1.20,,,,,,,,,,,,,,,,,,,,,,,,,,,,,,,,,
WQP_USA_2026,USGS-01378671,Surface Water,40.74152778,-74.54902778,,9/11/2020,,Unnamed_SPE+LCMS/MS,,,ng/L,7.40,2.50,,,,,3.90,2.00,,,,,,,,,,,4.50,,2.60,2.30,,,,,,,,,,,,,,,,,,,,,,,,,,,,,,,,,
WQP_USA_2026,USGS-01378780,Surface Water,40.765,-74.52972222,,3/26/2021,,Unnamed_SPE+LCMS/MS,,,ng/L,0.90,,,,,,,,,,,,,,,,,,,,,,,,,,,,,,,,,,,,,,,,,,,,,,,,,,,,,,
WQP_USA_2026,USGS-01378780,Surface Water,40.765,-74.52972222,,9/12/2023,,Unnamed_SPE+LCMS/MS,,,ng/L,1.10,,,,,,,,,,,,,,,,,,,,,,,,,,,,,,,,,,,,,,,,,,,,,,,,,,,,,,
WQP_USA_2026,USGS-01379200,Surface Water,40.64972222,-74.52416667,,3/16/2020,,Unnamed_SPE+LCMS/MS,,,ng/L,7.70,1.90,,,1.00,2.00,9.30,2.30,,,,,,,,,,,8.60,,3.80,7.70,,,,,,,,,,,,,,,,,,,,,,,,,,,,,,,,,
WQP_USA_2026,USGS-01379200,Surface Water,40.64972222,-74.52416667,,9/18/2020,,Unnamed_SPE+LCMS/MS,,,ng/L,13.00,7.40,,,1.10,3.00,14.00,3.40,,,,,,,,,,,29.00,,6.70,22.00,,,,,,,,,,,,,,,,,,,,,,,,,,,,,,,,,
WQP_USA_2026,USGS-01379200,Surface Water,40.64972222,-74.52416667,,9/28/2022,,Unnamed_SPE+LCMS/MS,,,ng/L,9.20,5.30,,,1.30,1.60,10.00,2.90,,,,,,,,,,,20.00,,6.30,,,,,,,,,,,,,,,,,,,,,,,,,,,,,,,,,,
WQP_USA_2026,USGS-01379200,Surface Water,40.64972222,-74.52416667,,3/22/2023,,Unnamed_SPE+LCMS/MS,,,ng/L,6.50,14.00,,,1.10,2.30,4.70,1.80,,,,,,,,,,,5.60,,3.20,10.00,,,,,,,,,,,,,,,,,,,,,,,,,,,,,,,,,
WQP_USA_2026,USGS-01379200,Surface Water,40.64972222,-74.52416667,,9/13/2023,,Unnamed_SPE+LCMS/MS,,,ng/L,13.00,7.00,,,1.40,2.40,9.10,3.80,,,,,,,,,,,16.00,,8.30,18.00,,,,,,,,,,,,,,,,,,,,,,,,,,,,,,,,,
WQP_USA_2026,USGS-01379340,Surface Water,40.68944444,-74.43972222,,6/16/2020,,Unnamed_SPE+LCMS/MS,,,ng/L,15.00,7.70,,1.00,1.30,1.90,12.00,3.30,,,,,,,,,,,14.00,,7.40,13.00,,,,,,,,,,,,,,,,,,,,,,,,,,,,,,,,,
WQP_USA_2026,USGS-01379340,Surface Water,40.68944444,-74.43972222,,9/22/2020,,Unnamed_SPE+LCMS/MS,,,ng/L,10.00,4.80,,,1.10,1.80,9.90,,,,,,,,,,,,19.00,,6.80,16.00,,,,,,,,,,,,,,,,,,,,,,,,,,,,,,,,,
WQP_USA_2026,USGS-01380100,Surface Water,40.90222222,-74.50138889,,3/9/2020,,EPA 1633,,,ng/L,2.50,4.20,,,,2.10,,,,,,,,,,,,,,,,,,,,,,,,,,,,,,,,,,,,,,,,,,,,,,,,,
WQP_USA_2026,USGS-01380100,Surface Water,40.90222222,-74.50138889,,9/9/2020,,Unnamed_SPE+LCMS/MS,,,ng/L,5.00,6.70,,,,2.50,1.80,1.50,,,,,,,,,,,3.20,,2.40,2.10,,,,,,,,,,,,,,,,,,,,,,,,,,,,,,,,,
WQP_USA_2026,USGS-01380100,Surface Water,40.90222222,-74.50138889,,2/22/2022,,Unnamed_SPE+LCMS/MS,,,ng/L,4.20,4.90,,,,2.60,1.50,1.30,,,,,,,,,,,2.10,,1.90,1.00,,,,,,,,,,,,,,,,,,,,,,,,,,,,,,,,,
WQP_USA_2026,USGS-01380100,Surface Water,40.90222222,-74.50138889,,9/26/2022,,Unnamed_SPE+LCMS/MS,,,ng/L,4.60,5.00,,,,1.40,1.60,1.60,,,,,,,,,,,1.60,,2.50,1.40,,,,,,,,,,,,,,,,,,,,,,,,,,,,,,,,,
WQP_USA_2026,USGS-01380100,Surface Water,40.90222222,-74.50138889,,9/25/2023,,Unnamed_SPE+LCMS/MS,,,ng/L,4.50,6.20,,,,3.00,1.70,1.50,,,,,,,,,,,2.20,,2.70,1.50,,,,,,,,,,,,,,,,,,,,,,,,,,,,,,,,,
WQP_USA_2026,USGS-0138013550,Surface Water,40.92091667,-74.46005556,,3/11/2020,,Unnamed_SPE+LCMS/MS,,,ng/L,2.50,,,,,,,,,,,,,,,,,,,,,,,,,,,,,,,,,,,,,,,,,,,,,,,,,,,,,,
WQP_USA_2026,USGS-0138013550,Surface Water,40.92091667,-74.46005556,,9/30/2020,,Unnamed_SPE+LCMS/MS,,,ng/L,4.90,2.20,,,,,1.80,1.30,,,,,,,,,,,2.00,,3.10,3.10,,,,,,,,,,,,,,,,,,,,,,,,,,,,,,,,,
WQP_USA_2026,USGS-01380295,Surface Water,40.95111111,-74.41305556,,3/11/2020,,Unnamed_SPE+LCMS/MS,,,ng/L,1.60,,,,,,,,,,,,,,,,,,,,,,,,,,,,,,,,,,,,,,,,,,,,,,,,,,,,,,
WQP_USA_2026,USGS-01380295,Surface Water,40.95111111,-74.41305556,,8/26/2020,,Unnamed_SPE+LCMS/MS,,,ng/L,8.80,5.70,,,1.50,1.70,6.10,3.10,,,,,,,,,,,5.70,,7.10,7.00,,,,,,,,,,,,,,,,,,,,,,,,,,,,,,,,,
WQP_USA_2026,USGS-01381720,Surface Water,40.83236111,-74.40744444,,2/5/2020,,Unnamed_SPE+LCMS/MS,,,ng/L,10.00,6.40,,,1.50,1.00,2.40,3.00,,,,,,,,,,,6.00,,4.90,,,,,,,,,,,,,,,,,,,,,,,,,,,,,,,,,,
WQP_USA_2026,USGS-01381720,Surface Water,40.83236111,-74.40744444,,9/30/2020,,Unnamed_SPE+LCMS/MS,,,ng/L,8.50,6.50,,,1.10,1.00,3.60,3.20,,,,,,,,,,,5.50,,6.90,2.60,,,,,,,,,,,,,,,,,,,,,,,,,,,,,,,,,
WQP_USA_2026,USGS-01381800,Surface Water,40.845,-74.34722222,,6/16/2020,,Unnamed_SPE+LCMS/MS,,,ng/L,12.00,17.00,,,1.60,5.40,10.00,4.40,,,,5.20,,,,,,,13.00,1.00,9.10,16.00,,,,,,,,,,,,,,,,,,,,,,,,,,,,,,,,,
WQP_USA_2026,USGS-01381800,Surface Water,40.845,-74.34722222,,9/1/2020,,Unnamed_SPE+LCMS/MS,,,ng/L,11.00,13.00,,,1.30,6.20,12.00,4.90,,,,4.20,,,,,,,19.00,1.60,11.00,6.60,,,,,,,,,,,,,,,,,,,,,,,,,,,,,,,,,
WQP_USA_2026,USGS-01381800,Surface Water,40.845,-74.34722222,,3/16/2021,,Unnamed_SPE+LCMS/MS,,,ng/L,8.80,12.00,,,1.00,5.30,7.30,3.40,,,,5.40,,,,,,,8.90,,6.00,40.00,,,,,,,,,,,,,,,,,,,,,,,,,,,,,,,,,
WQP_USA_2026,USGS-01381800,Surface Water,40.845,-74.34722222,,3/17/2022,,Unnamed_SPE+LCMS/MS,,,ng/L,8.60,,,,1.00,3.50,6.70,3.50,,,,5.00,,,,,,,8.40,,4.90,,,,,,,,,,,,,,,,,,,,,,,,,,,,,,,,,,
WQP_USA_2026,USGS-01381800,Surface Water,40.845,-74.34722222,,9/29/2022,,Unnamed_SPE+LCMS/MS,,,ng/L,11.00,9.70,,,1.30,4.60,12.00,4.50,,,,2.10,,,,,,,19.00,1.20,6.60,,,,,,,,,,,,,,,,,,,,,,,,,,,,,,,,,,
WQP_USA_2026,USGS-01381800,Surface Water,40.845,-74.34722222,,3/8/2023,,Unnamed_SPE+LCMS/MS,,,ng/L,7.40,8.30,,,1.10,2.90,5.60,3.10,,,,2.70,,,,,,,6.30,,7.10,10.00,,,,,,,,,,,,,,,,,,,,,,,,,,,,,,,,,
WQP_USA_2026,USGS-01381800,Surface Water,40.845,-74.34722222,,9/19/2023,,Unnamed_SPE+LCMS/MS,,,ng/L,7.10,8.70,,,1.10,2.70,5.20,3.30,,,,3.10,,,,,,,7.60,,6.70,3.90,,,,,,,,,,,,,,,,,,,,,,,,,,,,,,,,,
WQP_USA_2026,USGS-01382000,Surface Water,40.89722222,-74.27277778,,3/9/2020,,EPA 1633,,,ng/L,6.70,5.40,,,,2.50,4.30,1.80,,,,,,,,,,,4.60,,3.30,14.00,,,,,,,,,,,,,,,,,,,,,,,,,,,,,,,,,
WQP_USA_2026,USGS-01382000,Surface Water,40.89722222,-74.27277778,,9/9/2020,,Unnamed_SPE+LCMS/MS,,,ng/L,13.00,9.40,,,1.50,4.50,13.00,3.90,,,,1.90,,,,,,,23.00,,9.00,,,,,,,,,,,,,,,,,,,,,,,,,,,,,,,,,,
WQP_USA_2026,USGS-01382000,Surface Water,40.89722222,-74.27277778,,3/8/2021,,Unnamed_SPE+LCMS/MS,,,ng/L,7.70,6.00,,,,2.80,3.90,2.40,,,,,,,,,,,5.20,,3.60,,,,,,,,,,,,,,,,,,,,,,,,,,,,,,,,,,
WQP_USA_2026,USGS-01382000,Surface Water,40.89722222,-74.27277778,,3/28/2022,,Unnamed_SPE+LCMS/MS,,,ng/L,8.60,11.00,,,1.10,3.40,4.70,2.40,,,,,,,,,,,4.90,,5.00,,,,,,,,,,,,,,,,,,,,,,,,,,,,,,,,,,
WQP_USA_2026,USGS-01382000,Surface Water,40.89722222,-74.27277778,,9/1/2022,,Unnamed_SPE+LCMS/MS,,,ng/L,13.00,9.00,,,1.20,3.90,11.00,4.30,,,,,,,,,,,21.00,,5.80,,,,,,,,,,,,,,,,,,,,,,,,,,,,,,,,,,
WQP_USA_2026,USGS-01382000,Surface Water,40.89722222,-74.27277778,,3/28/2023,,Unnamed_SPE+LCMS/MS,,,ng/L,8.20,12.00,,,0.90,3.80,5.90,2.50,,,,,,,,,,,5.10,,4.70,,,,,,,,,,,,,,,,,,,,,,,,,,,,,,,,,,
WQP_USA_2026,USGS-01382000,Surface Water,40.89722222,-74.27277778,,8/10/2023,,Unnamed_SPE+LCMS/MS,,,ng/L,11.00,11.00,,,1.50,4.20,8.00,3.10,,,,,,,,,,,12.00,,6.30,6.70,,,,,,,,,,,,,,,,,,,,,,,,,,,,,,,,,
WQP_USA_2026,USGS-01382320,Surface Water,41.04794444,-74.44191667,,6/15/2020,,Unnamed_SPE+LCMS/MS,,,ng/L,2.70,3.70,,,,1.80,1.20,,,,,,,,,,,,1.50,,,0.90,,,,,,,,,,,,,,,,,,,,,,,,,,,,,,,,,
WQP_USA_2026,USGS-01382500,Surface Water,41.01833333,-74.40111111,,6/15/2020,,Unnamed_SPE+LCMS/MS,,,ng/L,2.70,2.10,,,,,,,,,,,,,,,,,,,,,,,,,,,,,,,,,,,,,,,,,,,,,,,,,,,,,
WQP_USA_2026,USGS-01382500,Surface Water,41.01833333,-74.40111111,,8/11/2020,,Unnamed_SPE+LCMS/MS,,,ng/L,3.10,2.30,,,,,1.20,,,,,,,,,,,,1.40,,2.70,3.70,,,,,,,,,,,,,,,,,,,,,,,,,,,,,,,,,
WQP_USA_2026,USGS-01382500,Surface Water,41.01833333,-74.40111111,,3/1/2022,,Unnamed_SPE+LCMS/MS,,,ng/L,2.60,,,,,,,,,,,,,,,,,,1.70,,,,,,,,,,,,,,,,,,,,,,,,,,,,,,,,,,,,
WQP_USA_2026,USGS-01382500,Surface Water,41.01833333,-74.40111111,,9/7/2022,,Undisclosed,,,ng/L,4.00,1.90,,,,,1.50,1.20,,,,,,,,,,,2.10,,2.00,,,,,,,,,,,,,,,,,,,,,,,,,,,,,,,,,,
WQP_USA_2026,USGS-01382500,Surface Water,41.01833333,-74.40111111,,8/8/2023,,Unnamed_SPE+LCMS/MS,,,ng/L,3.40,1.40,,,,,1.10,,,,,,,,,,,,1.40,,2.20,,,,,,,,,,,,,,,,,,,,,,,,,,,,,,,,,,
WQP_USA_2026,USGS-01387500,Surface Water,41.09805556,-74.16277778,,6/10/2020,,Unnamed_SPE+LCMS/MS,,,ng/L,6.40,5.60,,,1.20,1.40,5.10,2.00,,,,,,,,,,,4.80,,4.20,11.00,,,,,,,,,,,,,,,,,,,,,,,,,,,,,,,,,
WQP_USA_2026,USGS-01387500,Surface Water,41.09805556,-74.16277778,,8/27/2020,,Unnamed_SPE+LCMS/MS,,,ng/L,8.30,6.90,,,1.70,1.80,7.80,3.10,,,,,,,,,,,9.70,,4.50,,,,,,,,,,,,,,,,,,,,,,,,,,,,,,,,,,
WQP_USA_2026,USGS-01387500,Surface Water,41.09805556,-74.16277778,,3/11/2021,,Unnamed_SPE+LCMS/MS,,,ng/L,2.80,2.80,,,,,2.20,,,,,,,,,,,,2.80,,,,,,,,,,,,,,,,,,,,,,,,,,,,,,,,,,,,
WQP_USA_2026,USGS-01387500,Surface Water,41.09805556,-74.16277778,,3/2/2022,,Unnamed_SPE+LCMS/MS,,,ng/L,3.30,2.20,,,,,2.30,1.10,,,,,,,,,,,2.60,,1.90,,,,,,,,,,,,,,,,,,,,,,,,,,,,,,,,,,
WQP_USA_2026,USGS-01387500,Surface Water,41.09805556,-74.16277778,,9/20/2022,,Unnamed_SPE+LCMS/MS,,,ng/L,9.80,7.40,,,2.10,1.70,7.70,3.50,,,,,,,,,,,8.60,,5.80,30.00,,,,,,,,,,1.00,,,,,,,,,,,,,,,,,,,,,,,
WQP_USA_2026,USGS-01387500,Surface Water,41.09805556,-74.16277778,,2/7/2023,,Unnamed_SPE+LCMS/MS,,,ng/L,2.60,2.10,,,,1.00,1.90,1.00,,,,,,,,,,,2.20,,,,,,,,,,,,,,,,,,,,,,,,,,,,,,,,,,,,
WQP_USA_2026,USGS-01387500,Surface Water,41.09805556,-74.16277778,,9/11/2023,,Unnamed_SPE+LCMS/MS,,,ng/L,6.80,4.60,,,1.20,1.50,5.60,2.80,,,,,,,,,,,7.90,,8.10,10.00,,,,,,,,,,,,,,,,,,,,,,,,,,,,,,,,,
WQP_USA_2026,USGS-01387630,Surface Water,41.07888889,-74.19638889,,9/23/2020,,Unnamed_SPE+LCMS/MS,,,ng/L,,,,,,,,1.20,,,,,,,,,,,,,,,,,,,,,,,,,,,,,,,,,,,,,,,,,,,,,,,
WQP_USA_2026,USGS-01387968,Surface Water,40.99008333,-74.25647222,,2/26/2020,,Unnamed_SPE+LCMS/MS,,,ng/L,11.00,8.40,,,1.30,2.70,3.60,2.90,,,,,,,,,,,4.00,,2.60,4.40,,,,,,,,,,,,,,,,,,,,,,,,,,,,,,,,,
WQP_USA_2026,USGS-01387968,Surface Water,40.99008333,-74.25647222,,9/23/2020,,Unnamed_SPE+LCMS/MS,,,ng/L,11.00,10.00,,,1.10,3.10,2.70,2.00,,,,,,,,,,,3.30,,2.80,3.80,,,,,,,,,,,,,,,,,,,,,,,,,,,,,,,,,
WQP_USA_2026,USGS-01388500,Surface Water,40.96972222,-74.28194444,,6/15/2020,,Unnamed_SPE+LCMS/MS,,,ng/L,8.40,13.00,,,1.40,2.40,5.00,2.20,,,,,,,,,,,5.00,,4.20,8.30,,,,,,,,,,,,,,,,,,,,,,,,,,,,,,,,,
WQP_USA_2026,USGS-01388500,Surface Water,40.96972222,-74.28194444,,9/10/2020,,Unnamed_SPE+LCMS/MS,,,ng/L,5.00,5.50,,,,2.10,3.50,1.20,,,,,,,,,,,4.30,,2.50,2.60,,,,,,,,,,,,,,,,,,,,,,,,,,,,,,,,,
WQP_USA_2026,USGS-01388500,Surface Water,40.96972222,-74.28194444,,2/17/2022,,Unnamed_SPE+LCMS/MS,,,ng/L,5.20,4.10,,,,1.40,3.00,2.00,,,,,,,,,,,3.10,,2.30,,,,,,,,,,,,,,,,,,,,,,,,,,,,,,,,,,
WQP_USA_2026,USGS-01388500,Surface Water,40.96972222,-74.28194444,,9/27/2022,,Unnamed_SPE+LCMS/MS,,,ng/L,9.00,9.70,,,1.50,3.30,5.20,2.80,,,,,,,,,,,5.80,,3.80,5.30,,,,,,,,,,,,,,,,,,,,,,,,,,,,,,,,,
WQP_USA_2026,USGS-01388500,Surface Water,40.96972222,-74.28194444,,3/22/2023,,Unnamed_SPE+LCMS/MS,,,ng/L,3.50,4.20,,,,1.40,2.00,1.10,,,,,,,,,,,2.20,,2.20,12.00,,,,,,,,,,,,,,,,,,,,,,,,,,,,,,,,,
WQP_USA_2026,USGS-01388500,Surface Water,40.96972222,-74.28194444,,9/25/2023,,Unnamed_SPE+LCMS/MS,,,ng/L,4.00,4.00,,,,1.10,2.30,1.50,,,,,,,,,,,2.90,,2.40,1.90,,,,,,,,,,,,,,,,,,,,,,,,,,,,,,,,,
WQP_USA_2026,USGS-01388720,Surface Water,40.92638889,-74.29277778,,2/19/2020,,Unnamed_SPE+LCMS/MS,,,ng/L,8.40,3.80,,,,1.90,1.70,1.60,,,,,,,,,,,2.50,,2.20,2.40,,,,,,,,,,,,,,,,,,,,,,,,,,,,,,,,,
WQP_USA_2026,USGS-01388720,Surface Water,40.92638889,-74.29277778,,9/9/2020,,Unnamed_SPE+LCMS/MS,,,ng/L,13.00,9.70,,,,7.00,3.90,2.60,,,,,,,,,,,5.10,,4.90,4.10,,,,,,,,,,,,,,,,,,,,,,,,,,,,,,,,,
WQP_USA_2026,USGS-01388720,Surface Water,40.92638889,-74.29277778,,2/15/2022,,Unnamed_SPE+LCMS/MS,,,ng/L,15.00,8.20,,,1.10,2.50,3.20,2.70,,,,,,,,,,,4.10,,4.10,2.50,,,,,,,,,,,,,,,,,,,,,,,,,,,,,,,,,
WQP_USA_2026,USGS-01388720,Surface Water,40.92638889,-74.29277778,,9/20/2022,,Unnamed_SPE+LCMS/MS,,,ng/L,16.00,8.90,,,1.10,4.20,4.40,3.20,,,,,,,,,,,4.20,,4.70,3.00,,,,,,,,,,,,,,,,,,,,,,,,,,,,,,,,,
WQP_USA_2026,USGS-01388720,Surface Water,40.92638889,-74.29277778,,3/13/2023,,Unnamed_SPE+LCMS/MS,,,ng/L,9.70,5.10,,,,2.10,2.60,1.90,,,,,,,,,,,2.30,,2.80,2.20,,,,,,,,,,,,,,,,,,,,,,,,,,,,,,,,,
WQP_USA_2026,USGS-01388720,Surface Water,40.92638889,-74.29277778,,9/25/2023,,Unnamed_SPE+LCMS/MS,,,ng/L,7.30,3.70,,,,1.00,2.50,2.00,,,,,,,,,,,2.40,,3.30,2.00,,,,,,,,,,,,,,,,,,,,,,,,,,,,,,,,,
WQP_USA_2026,USGS-01389020,Surface Water,40.96302778,-74.21247222,,3/4/2020,,Unnamed_SPE+LCMS/MS,,,ng/L,1.90,,,,,,,,,,,,,,,,,,,,,,,,,,,,,,,,,,,,,,,,,,,,,,,,,,,,,,
WQP_USA_2026,USGS-01389020,Surface Water,40.96302778,-74.21247222,,9/10/2020,,Unnamed_SPE+LCMS/MS,,,ng/L,16.00,4.00,,,1.70,,3.10,2.30,,,,,,,,,,,3.50,,8.30,1.10,,,,,,,,,,,,,,,,,,,,,,,,,,,,,,,,,
WQP_USA_2026,USGS-01389500,Surface Water,40.88472222,-74.22611111,,6/16/2020,,Unnamed_SPE+LCMS/MS,,,ng/L,13.00,11.00,,,1.30,3.90,8.60,3.20,,,,,,,,,,,10.00,,7.40,20.00,,,,,,,,,,,,,,,,,,,,,,,,,,,,,,,,,
WQP_USA_2026,USGS-01389500,Surface Water,40.88472222,-74.22611111,,9/2/2020,,Unnamed_SPE+LCMS/MS,,,ng/L,11.00,9.30,,,1.50,3.90,9.30,3.30,,,,,,,,,,,15.00,,8.00,,,,,,,,,,,,,,,,,,,,,,,,,,,,,,,,,,
WQP_USA_2026,USGS-01389500,Surface Water,40.88472222,-74.22611111,,3/2/2022,,Unnamed_SPE+LCMS/MS,,,ng/L,7.50,5.80,,,,2.30,4.10,2.10,,,,,,,,,,,4.30,,4.20,17.00,,,,,,,,,,,,,,,,,,,,,,,,,,,,,,,,,
WQP_USA_2026,USGS-01389500,Surface Water,40.88472222,-74.22611111,,9/14/2022,,Undisclosed,,,ng/L,12.00,9.80,,,1.50,3.60,9.60,3.70,,,,,,,,,,,16.00,,6.80,21.00,,,,,,,,,,,,,,,,,,,,,,,,,,,,,,,,,
WQP_USA_2026,USGS-01389500,Surface Water,40.88472222,-74.22611111,,3/6/2023,,Unnamed_SPE+LCMS/MS,,,ng/L,6.50,8.10,,,,2.50,4.30,2.10,,,,,,,,,,,3.70,,3.30,11.00,,,,,,,,,,,,,,,,,,,,,,,,,,,,,,,,,
WQP_USA_2026,USGS-01389500,Surface Water,40.88472222,-74.22611111,,9/20/2023,,Unnamed_SPE+LCMS/MS,,,ng/L,6.10,6.00,,,,1.70,3.60,2.40,,,,,,,,,,,4.90,,3.90,2.90,,,,,,,,,,,,,,,,,,,,,,,,,,,,,,,,,
WQP_USA_2026,USGS-01389710,Surface Water,40.90055556,-74.18277778,,3/4/2020,,Unnamed_SPE+LCMS/MS,,,ng/L,19.00,6.30,,,,1.60,2.00,2.50,,,,,,,,,,,3.20,,2.80,3.20,,,,,,,,,,,,,,,,,,,,,,,,,,,,,,,,,
WQP_USA_2026,USGS-01389710,Surface Water,40.90055556,-74.18277778,,9/30/2020,,Unnamed_SPE+LCMS/MS,,,ng/L,23.00,6.90,,,1.30,2.50,5.50,4.20,,,,,,,,,,,7.40,,7.00,4.70,,,,,,,,,,,,,,,,,,,,,,,,,,,,,,,,,
WQP_USA_2026,USGS-01391500,Surface Water,40.89027778,-74.08055556,,6/10/2020,,Unnamed_SPE+LCMS/MS,,,ng/L,25.00,21.00,,1.00,2.20,5.80,17.00,5.50,,,,,,,,,,,21.00,,8.80,22.00,,,,,,,,,,,,,,,,,,,,,,,,,,,,,,,,,
WQP_USA_2026,USGS-01391500,Surface Water,40.89027778,-74.08055556,,9/2/2020,,Unnamed_SPE+LCMS/MS,,,ng/L,23.00,19.00,,1.20,2.20,6.20,16.00,5.10,,,,,,,,,,,31.00,,9.10,20.00,,,,,,,,,,,,,,,,,,,,,,,,,,,,,,,,,
WQP_USA_2026,USGS-01391500,Surface Water,40.89027778,-74.08055556,,3/16/2021,,Unnamed_SPE+LCMS/MS,,,ng/L,20.00,16.00,,,1.70,7.20,12.00,5.10,,,,,,,,,,,10.00,,7.60,120.00,,,,,,,,,,,,,,,,,,,,,,,,,,,,,,,,,
WQP_USA_2026,USGS-01391500,Surface Water,40.89027778,-74.08055556,,9/15/2022,,Undisclosed,,,ng/L,20.00,16.00,,,1.80,4.80,18.00,5.70,,,,,,,,,,,30.00,,9.20,16.00,,,,,,,,,,,,,,,,,,,,,,,,,,,,,,,,,
WQP_USA_2026,USGS-01391500,Surface Water,40.89027778,-74.08055556,,9/12/2023,,Unnamed_SPE+LCMS/MS,,,ng/L,14.00,9.50,,,1.90,2.00,8.40,4.20,,,,,,,,,,,12.00,,8.10,7.90,,,,,,,,,,,,,,,,,,,,,,,,,,,,,,,,,
WQP_USA_2026,USGS-01393350,Surface Water,40.69222222,-74.24361111,,2/4/2020,,Unnamed_SPE+LCMS/MS,,,ng/L,42.00,16.00,,,1.60,6.70,9.60,7.60,,,,,,,,,,,10.00,1.30,9.30,4.30,,,,,,,,,,,,,,,,,,,,,,,,,,,,,,,,,
WQP_USA_2026,USGS-01393350,Surface Water,40.69222222,-74.24361111,,9/25/2020,,Unnamed_SPE+LCMS/MS,,,ng/L,46.00,20.00,,,1.60,9.50,11.00,8.70,1.80,,,,,,,,,,11.00,,9.80,5.40,,,,,,,,,,,,,,,,,,,,,,,,,,,,,,,,,
WQP_USA_2026,USGS-01394500,Surface Water,40.6875,-74.31166667,,9/1/2020,,Unnamed_SPE+LCMS/MS,,,ng/L,34.00,11.00,,,1.20,7.20,7.80,6.10,,,,,,,,,,,8.70,1.20,9.20,6.00,,,,,,,,,,,,,,,,,,,,,,,,,,,,,,,,,
WQP_USA_2026,USGS-01394500,Surface Water,40.6875,-74.31166667,,2/24/2022,,Unnamed_SPE+LCMS/MS,,,ng/L,33.00,9.00,,,2.00,5.00,8.00,6.30,,3.00,,,,,,,,,7.40,,8.40,12.00,,,,,,,,,,,,,,,,,,,,,,,,,,,,,,,,,
WQP_USA_2026,USGS-01394500,Surface Water,40.6875,-74.31166667,,8/31/2022,,Unnamed_SPE+LCMS/MS,,,ng/L,33.00,10.00,,1.30,2.10,4.10,8.50,6.80,,,,,,,,,,,,,6.00,5.80,,,,,,,,,,,,,,,,,,,,,,,,,,,,,,,,,
WQP_USA_2026,USGS-01394500,Surface Water,40.6875,-74.31166667,,3/29/2023,,Unnamed_SPE+LCMS/MS,,,ng/L,28.00,8.90,,,1.20,4.40,6.30,5.70,,,,,,,,,,,5.90,,7.20,4.00,,,,,,,,,,,,,,,,,,,,,,,,,,,,,,,,,
WQP_USA_2026,USGS-01394500,Surface Water,40.6875,-74.31166667,,9/20/2023,,Unnamed_SPE+LCMS/MS,,,ng/L,20.00,6.70,,,1.10,3.40,5.30,4.40,,,,,,,,,,,6.30,,5.80,5.20,,,,,,,,,,,,,,,,,,,,,,,,,,,,,,,,,
WQP_USA_2026,USGS-01395000,Surface Water,40.61888889,-74.28333333,,9/8/2020,,Unnamed_SPE+LCMS/MS,,,ng/L,17.00,7.60,,,1.10,4.30,5.80,3.30,,,,,,,,,,,8.70,,5.20,4.40,,,,,,,,,,,,,,,,,,,,,,,,,,,,,,,,,
WQP_USA_2026,USGS-01395000,Surface Water,40.61888889,-74.28333333,,8/23/2022,,Unnamed_SPE+LCMS/MS,,,ng/L,21.00,11.00,,,2.40,5.20,9.80,7.40,,5.90,,,,,,,,,8.90,,13.00,7.00,,,,,,,,,,,,,,,,,,,,,,,,,,,,,,,,,
WQP_USA_2026,USGS-01395000,Surface Water,40.61888889,-74.28333333,,3/8/2023,,Unnamed_SPE+LCMS/MS,,,ng/L,24.00,9.40,,,1.50,4.80,6.20,5.00,,,,,,,,,,,6.30,1.40,6.20,7.10,,,,,,,,,,,,,,,,,,,,,,,,,,,,,,,,,
WQP_USA_2026,USGS-01395000,Surface Water,40.61888889,-74.28333333,,9/21/2023,,Unnamed_SPE+LCMS/MS,,,ng/L,16.00,7.50,,,1.20,3.30,4.90,4.40,,,,,,,,,,,6.40,,5.90,4.40,,,,,,,,,,,,,,,,,,,,,,,,,,,,,,,,,
WQP_USA_2026,USGS-01396067,Surface Water,40.88191667,-74.74494444,,6/17/2020,,Unnamed_SPE+LCMS/MS,,,ng/L,7.40,3.10,,,1.40,,2.30,2.20,,,,,,,,,,,4.30,,6.90,1.10,,,,,,,,,,,,,,,,,,,,,,,,,,,,,,,,,
WQP_USA_2026,USGS-01396660,Surface Water,40.6475,-74.96888889,,2/10/2020,,Unnamed_SPE+LCMS/MS,,,ng/L,2.00,3.30,,,,1.30,,,,,,,,,,,,,,,,1.20,,,,,,,,,,,,,,,,,,,,,,,,,,,,,,,,,
WQP_USA_2026,USGS-01396660,Surface Water,40.6475,-74.96888889,,9/8/2020,,Unnamed_SPE+LCMS/MS,,,ng/L,1.80,3.30,,,,,,,,,,,,,,,,,1.30,,,1.50,,,,,,,,,,,,,,,,,,,,,,,,,,,,,,,,,
WQP_USA_2026,USGS-01396660,Surface Water,40.6475,-74.96888889,,3/7/2022,,Unnamed_SPE+LCMS/MS,,,ng/L,2.00,3.00,,,,,,,,,,,,,,,,,,,,,,,,,,,,,,,,,,,,,,,,,,,,,,,,,,,,,
WQP_USA_2026,USGS-01396660,Surface Water,40.6475,-74.96888889,,9/22/2022,,Unnamed_SPE+LCMS/MS,,,ng/L,1.60,2.90,,,,,,,,,,,,,,,,,,,,1.10,,,,,,,,,,,,,,,,,,,,,,,,,,,,,,,,,
WQP_USA_2026,USGS-01396660,Surface Water,40.6475,-74.96888889,,3/22/2023,,Unnamed_SPE+LCMS/MS,,,ng/L,1.20,3.40,,,,,,,,,,,,,,,,,,,,1.50,,,,,,,,,,,,,,,,,,,,,,,,,,,,,,,,,
WQP_USA_2026,USGS-01396660,Surface Water,40.6475,-74.96888889,,9/19/2023,,Unnamed_SPE+LCMS/MS,,,ng/L,2.00,3.30,,,,1.20,,,,,,,,,,,,,,,,1.40,,,,,,,,,,,,,,,,,,,,,,,,,,,,,,,,,
WQP_USA_2026,USGS-01397000,Surface Water,40.57222222,-74.86805556,,3/2/2020,,Unnamed_SPE+LCMS/MS,,,ng/L,2.10,2.70,,,,,1.00,,,,,,,,,,,,,,,1.20,,,,,,,,,,,,,,,,,,,,,,,,,,,,,,,,,
WQP_USA_2026,USGS-01397157,Surface Water,40.58433333,-74.84766667,,8/10/2020,,Unnamed_SPE+LCMS/MS,,,ng/L,1.10,1.90,,,,,,,,,,,,,,,,,,,,,,,,,,,,,,,,,,,,,,,,,,,,,,,,,,,,,
WQP_USA_2026,USGS-01398000,Surface Water,40.47333333,-74.82777778,,2/10/2020,,Unnamed_SPE+LCMS/MS,,,ng/L,3.20,5.70,,,,,1.50,1.00,,,,,,,,,,,2.00,,,1.50,,,,,,,,,,,,,,,,,,,,,,,,,,,,,,,,,
WQP_USA_2026,USGS-01398000,Surface Water,40.47333333,-74.82777778,,8/12/2020,,Unnamed_SPE+LCMS/MS,,,ng/L,9.60,10.00,,0.90,1.80,2.10,7.30,4.70,,,,,,,,,,,11.00,1.10,9.70,,,,,,,,,,,,,,,,,,,,,,,,,,,,,,,,,,
WQP_USA_2026,USGS-01398000,Surface Water,40.47333333,-74.82777778,,2/15/2022,,Unnamed_SPE+LCMS/MS,,,ng/L,4.00,3.00,,,,2.00,2.20,2.00,,,,,,,,,,,3.00,,2.40,4.00,,,,,,,,,,,,,,,,,,,,,,,,,,,,,,,,,
WQP_USA_2026,USGS-01398000,Surface Water,40.47333333,-74.82777778,,8/22/2022,,Unnamed_SPE+LCMS/MS,,,ng/L,7.20,5.00,,,1.00,0.90,4.10,3.10,,,,,,,,,,,3.70,,6.30,3.20,,,,,,,,,,,,,,,,,,,,,,,,,,,,,,,,,
WQP_USA_2026,USGS-01398000,Surface Water,40.47333333,-74.82777778,,2/28/2023,,Unnamed_SPE+LCMS/MS,,,ng/L,3.30,5.20,,,,1.50,2.30,1.60,,,,,,,,,,,2.80,,3.10,1.70,,,,,,,,,,,,,,,,,,,,,,,,,,,,,,,,,
WQP_USA_2026,USGS-01398000,Surface Water,40.47333333,-74.82777778,,8/22/2023,,Unnamed_SPE+LCMS/MS,,,ng/L,5.90,4.60,,,,1.20,2.50,1.60,,,,,,,,,,,2.60,,3.30,3.30,,,,,,,,,,,,,,,,,,,,,,,,,,,,,,,,,
WQP_USA_2026,USGS-01398100,Surface Water,40.52555556,-74.70583333,,2/19/2020,,Unnamed_SPE+LCMS/MS,,,ng/L,2.80,3.00,,,,,1.10,,,,,,,,,,,,1.70,,,1.50,,,,,,,,,,,,,,,,,,,,,,,,,,,,,,,,,
WQP_USA_2026,USGS-01398100,Surface Water,40.52555556,-74.70583333,,8/25/2020,,Unnamed_SPE+LCMS/MS,,,ng/L,14.00,56.00,,,1.70,18.00,8.20,4.40,1.00,,,,,,,,,,7.60,1.60,6.10,5.20,,,,,,,,,,,,,,,,,,,,,,,,,,,,,,,,,
WQP_USA_2026,USGS-01398102,Surface Water,40.54694444,-74.69638889,,3/2/2020,,Unnamed_SPE+LCMS/MS,,,ng/L,2.50,2.10,,,,,1.30,,,,,,,,,,,,1.50,,,1.30,,,,,,,,,,,,,,,,,,,,,,,,,,,,,,,,,
WQP_USA_2026,USGS-01398102,Surface Water,40.54694444,-74.69638889,,8/10/2020,,Unnamed_SPE+LCMS/MS,,,ng/L,6.30,5.60,,,,1.60,3.30,2.00,,,,,,,,,,,4.10,,3.20,4.00,,,,,,,,,,,,,,,,,,,,,,,,,,,,,,,,,
WQP_USA_2026,USGS-01398102,Surface Water,40.54694444,-74.69638889,,3/16/2022,,Unnamed_SPE+LCMS/MS,,,ng/L,4.30,5.60,,,,1.00,1.70,1.20,,,,,,,,,,,2.00,,,1.90,,,,,,,,,,,,,,,,,,,,,,,,,,,,,,,,,
WQP_USA_2026,USGS-01398102,Surface Water,40.54694444,-74.69638889,,8/31/2022,,Unnamed_SPE+LCMS/MS,,,ng/L,4.90,3.30,,,,,2.00,1.60,,,,,,,,,,,3.30,,1.90,1.60,,,,,,,,,,,,,,,,,,,,,,,,,,,,,,,,,
WQP_USA_2026,USGS-01398102,Surface Water,40.54694444,-74.69638889,,3/13/2023,,Unnamed_SPE+LCMS/MS,,,ng/L,3.90,3.20,,,,,2.10,,,,,,,,,,,,1.90,,,5.10,,,,,,,,,,,,,,,,,,,,,,,,,,,,,,,,,
WQP_USA_2026,USGS-01398102,Surface Water,40.54694444,-74.69638889,,8/1/2023,,Unnamed_SPE+LCMS/MS,,,ng/L,5.00,4.20,,,,1.30,3.20,1.80,,,,,,,,,,,4.80,,3.30,3.50,,,,,,,,,,,,,,,,,,,,,,,,,,,,,,,,,
WQP_USA_2026,USGS-01399568,Surface Water,40.67722222,-74.79611111,,6/17/2020,,Unnamed_SPE+LCMS/MS,,,ng/L,2.60,2.30,,,,,,,,,,,,,,,,,,,,1.30,,,,,,,,,,,,,,,,,,,,,,,,,,,,,,,,,
WQP_USA_2026,USGS-01399568,Surface Water,40.67722222,-74.79611111,,8/13/2020,,Unnamed_SPE+LCMS/MS,,,ng/L,3.00,2.70,,,,,1.10,,,,,,,,,,,,1.40,,,2.70,,,,,,,,,,,,,,,,,,,,,,,,,,,,,,,,,
WQP_USA_2026,USGS-01399680,Surface Water,40.62041667,-74.77261111,,2/18/2020,,Unnamed_SPE+LCMS/MS,,,ng/L,2.50,2.90,,,,,0.90,,,,,,,,,,,,1.70,,,1.10,,,,,,,,,,,,,,,,,,,,,,,,,,,,,,,,,
WQP_USA_2026,USGS-01399680,Surface Water,40.62041667,-74.77261111,,8/10/2020,,Unnamed_SPE+LCMS/MS,,,ng/L,5.70,2.30,,,1.00,,1.70,1.60,,,,,,,,,,,2.10,,3.10,,,,,,,,,,,,,,,,,,,,,,,,,,,,,,,,,,
WQP_USA_2026,USGS-01399780,Surface Water,40.63472222,-74.68666667,,2/24/2020,,Unnamed_SPE+LCMS/MS,,,ng/L,2.70,1.80,,,,,1.60,,,,,,,,,,,,1.80,,,2.10,,,,,,,,,,,,,,,,,,,,,,,,,,,,,,,,,
WQP_USA_2026,USGS-01399780,Surface Water,40.63472222,-74.68666667,,8/10/2020,,Unnamed_SPE+LCMS/MS,,,ng/L,6.40,4.10,,,1.20,,4.60,2.70,,,,3.20,,,,,,,6.00,,4.20,3.40,,,,,,,,,,,,,,,,,,,,,,,,,,,,,,,,,
WQP_USA_2026,USGS-01399780,Surface Water,40.63472222,-74.68666667,,2/16/2022,,Unnamed_SPE+LCMS/MS,,,ng/L,3.30,1.80,,,,,2.70,1.20,,,,,,,,,,,2.70,,2.30,3.70,,,,,,,,,,,,,,,,,,,,,,,,,,,,,,,,,
WQP_USA_2026,USGS-01399780,Surface Water,40.63472222,-74.68666667,,8/22/2022,,Unnamed_SPE+LCMS/MS,,,ng/L,6.30,4.50,,,1.30,,3.40,2.50,,,,,,,,,,,4.70,,7.60,,,,,,,,,,,,,,,,,,,,,,,,,,,,,,,,,,
WQP_USA_2026,USGS-01399780,Surface Water,40.63472222,-74.68666667,,2/8/2023,,Unnamed_SPE+LCMS/MS,,,ng/L,1.80,1.20,,,,,1.60,,,,,,,,,,,,1.90,,,1.10,,,,,,,,,,,,,,,,,,,,,,,,,,,,,,,,,
WQP_USA_2026,USGS-01399780,Surface Water,40.63472222,-74.68666667,,8/1/2023,,Unnamed_SPE+LCMS/MS,,,ng/L,5.20,3.90,,,0.90,1.00,3.00,1.60,,,,,,,,,,,4.50,,3.30,3.10,,,,,,,,,,,,,,,,,,,,,,,,,,,,,,,,,
WQP_USA_2026,USGS-01400000,Surface Water,40.57055556,-74.67916667,,2/21/2020,,Unnamed_SPE+LCMS/MS,,,ng/L,3.30,2.60,,,,1.00,1.80,1.00,,,,,,,,,,,2.30,,,2.00,,,,,,,,,,,,,,,,,,,,,,,,,,,,,,,,,
WQP_USA_2026,USGS-01400000,Surface Water,40.57055556,-74.67916667,,8/28/2020,,Unnamed_SPE+LCMS/MS,,,ng/L,6.80,6.00,,,1.00,1.90,5.20,2.90,,,,,,,,,,,8.10,,4.90,4.00,,,,,,,,,,,,,,,,,,,,,,,,,,,,,,,,,
WQP_USA_2026,USGS-01400000,Surface Water,40.57055556,-74.67916667,,3/3/2022,,Unnamed_SPE+LCMS/MS,,,ng/L,3.40,2.50,,,,,2.10,1.00,,,,,,,,,,,2.20,,2.00,2.70,,,,,,,,,,,,,,,,,,,,,,,,,,,,,,,,,
WQP_USA_2026,USGS-01400000,Surface Water,40.57055556,-74.67916667,,9/20/2022,,Unnamed_SPE+LCMS/MS,,,ng/L,5.70,2.90,,,1.00,1.00,3.00,1.90,,,,,,,,,,,3.60,,3.60,2.40,,,,,,,,,,,,,,,,,,,,,,,,,,,,,,,,,
WQP_USA_2026,USGS-01400000,Surface Water,40.57055556,-74.67916667,,3/7/2023,,Unnamed_SPE+LCMS/MS,,,ng/L,4.00,3.70,,,,1.10,2.50,1.40,,,,,,,,,,,2.30,,2.40,2.60,,,,,,,,,,,,,,,,,,,,,,,,,,,,,,,,,
WQP_USA_2026,USGS-01400000,Surface Water,40.57055556,-74.67916667,,9/20/2023,,Unnamed_SPE+LCMS/MS,,,ng/L,4.60,3.70,,,,1.00,2.80,1.70,,,,,,,,,,,3.60,,3.10,2.30,,,,,,,,,,,,,,,,,,,,,,,,,,,,,,,,,
WQP_USA_2026,USGS-01400120,Surface Water,40.56444444,-74.63583333,,6/24/2020,,Unnamed_SPE+LCMS/MS,,,ng/L,6.70,5.50,,,,1.60,3.90,2.10,,,,,,,,,,,5.40,,3.40,3.50,,,,,,,,,,,,,,,,,,,,,,,,,,,,,,,,,
WQP_USA_2026,USGS-01400120,Surface Water,40.56444444,-74.63583333,,9/22/2020,,Unnamed_SPE+LCMS/MS,,,ng/L,3.80,3.40,,,,,2.40,1.90,,,,,,,,,,,4.30,,2.70,3.50,,,,,,,,,,,,,,,,,,,,,,,,,,,,,,,,,
WQP_USA_2026,USGS-01400640,Surface Water,40.31333333,-74.58916667,,2/20/2020,,Unnamed_SPE+LCMS/MS,,,ng/L,6.80,3.50,,,1.00,1.60,5.10,2.40,,,,,,,,,,,5.30,,4.40,9.70,,,,,,,,,,,,,,,,,,,,,,,,,,,,,,,,,
WQP_USA_2026,USGS-01400640,Surface Water,40.31333333,-74.58916667,,8/10/2020,,Unnamed_SPE+LCMS/MS,,,ng/L,8.10,5.70,,,1.40,1.60,6.50,3.40,,,,,,,,,,,8.70,,10.00,12.00,,,,,,,,,,,,,,,,,,,,,,,,,,,,,,,,,
WQP_USA_2026,USGS-01400640,Surface Water,40.31333333,-74.58916667,,3/16/2022,,Unnamed_SPE+LCMS/MS,,,ng/L,6.10,3.60,,,1.00,1.40,3.90,2.30,,2.30,,,,,,,,,3.80,,3.50,7.80,,,,,,,,,,,,,,,,,,,,,,,,,,,,,,,,,
WQP_USA_2026,USGS-01400640,Surface Water,40.31333333,-74.58916667,,8/3/2022,,Unnamed_SPE+LCMS/MS,,,ng/L,7.40,4.80,,,1.10,1.90,6.60,2.70,,,,,,,,,,,11.00,,6.10,,,,,,,,,,,,,,,,,,,,,,,,,,,,,,,,,,
WQP_USA_2026,USGS-01400640,Surface Water,40.31333333,-74.58916667,,2/15/2023,,Unnamed_SPE+LCMS/MS,,,ng/L,7.90,9.70,,,1.10,6.90,2.70,2.10,,,,1.90,,,,,,,2.80,1.30,3.10,3.40,,,,,,,,,,,,,,,,,,,,,,,,,,,,,,,,,
WQP_USA_2026,USGS-01400640,Surface Water,40.31333333,-74.58916667,,9/20/2023,,Unnamed_SPE+LCMS/MS,,,ng/L,5.20,3.60,,,,1.10,3.30,2.10,,,,,,,,,,,4.10,,4.80,2.40,,,,,,,,,,,,,,,,,,,,,,,,,,,,,,,,,
WQP_USA_2026,USGS-01400860,Surface Water,40.41833333,-74.78722222,,8/10/2020,,Unnamed_SPE+LCMS/MS,,,ng/L,5.00,3.00,,,,,1.20,1.00,,,,,,,,,,,1.40,,2.20,,,,,,,,,,,,,,,,,,,,,,,,,,,,,,,,,,
WQP_USA_2026,USGS-01400860,Surface Water,40.41833333,-74.78722222,,2/23/2022,,Unnamed_SPE+LCMS/MS,,,ng/L,4.30,1.50,,,1.00,,,1.00,,,,,,,,,,,1.80,,,1.30,,,,,,,,,,,,,,,,,,,,,,,,,,,,,,,,,
WQP_USA_2026,USGS-01400860,Surface Water,40.41833333,-74.78722222,,9/12/2022,,Undisclosed,,,ng/L,5.30,5.90,,,1.60,,2.10,,,,,,,,,,,,,,7.00,,,,,,,,,,,,,,,,,,,,,,,,,,,,,,,,,,
WQP_USA_2026,USGS-01400860,Surface Water,40.41833333,-74.78722222,,9/12/2023,,Unnamed_SPE+LCMS/MS,,,ng/L,6.30,2.70,,,1.50,,2.00,1.70,,,,,,,,,,,6.80,,6.10,1.10,,,,,,,,,,,,,,,,,,,,,,,,,,,,,,,,,
WQP_USA_2026,USGS-01400978,Surface Water,40.35694444,-74.73083333,,2/19/2020,,Unnamed_SPE+LCMS/MS,,,ng/L,2.90,1.90,,,,,1.10,0.90,,,,,,,,,,,1.90,,1.70,2.60,,,,,,,,,,,,,,,,,,,,,,,,,,,,,,,,,
WQP_USA_2026,USGS-01401400,Surface Water,40.36944444,-74.61611111,,2/20/2020,,Unnamed_SPE+LCMS/MS,,,ng/L,8.50,6.90,,,,6.40,2.70,2.20,,,,,,,,,,,3.50,1.00,3.40,2.50,,,,,,,,,,,,,,,,,,,,,,,,,,,,,,,,,
WQP_USA_2026,USGS-01401400,Surface Water,40.36944444,-74.61611111,,8/10/2020,,Unnamed_SPE+LCMS/MS,,,ng/L,14.00,17.00,,,2.00,11.00,6.10,4.30,,,,,,,,,,,6.30,1.50,7.70,5.50,,,,,,,,,,,,,,,,,,,,,,,,,,,,,,,,,
WQP_USA_2026,USGS-01401400,Surface Water,40.36944444,-74.61611111,,3/16/2022,,Unnamed_SPE+LCMS/MS,,,ng/L,9.70,7.20,,,1.30,4.50,2.90,2.40,,3.00,,,,,,,,,3.70,,3.90,2.50,,,,,,,,,,,,,,,,,,,,,,,,,,,,,,,,,
WQP_USA_2026,USGS-01401400,Surface Water,40.36944444,-74.61611111,,8/3/2022,,Unnamed_SPE+LCMS/MS,,,ng/L,12.00,21.00,,,1.20,15.00,4.50,3.30,1.10,,,,,,,,,,7.50,2.50,4.30,4.30,,,,,,,,,,,,,,,,,,,,,,,,,,,,,,,,,
WQP_USA_2026,USGS-01401400,Surface Water,40.36944444,-74.61611111,,2/15/2023,,Unnamed_SPE+LCMS/MS,,,ng/L,6.20,4.20,,,,1.60,4.60,2.20,,,,,,,,,,,3.80,,3.50,3.00,,,,,,,,,,,,,,,,,,,,,,,,,,,,,,,,,
WQP_USA_2026,USGS-01401400,Surface Water,40.36944444,-74.61611111,,9/18/2023,,Unnamed_SPE+LCMS/MS,,,ng/L,6.00,7.30,,,1.00,1.10,2.20,2.40,,,,,,,,,,,3.30,,4.20,2.20,,,,,,,,,,,,,,,,,,,,,,,,,,,,,,,,,
WQP_USA_2026,USGS-01402000,Surface Water,40.475,-74.57583333,,3/10/2020,,Unnamed_SPE+LCMS/MS,,,ng/L,7.70,6.70,,,1.20,2.00,4.00,2.80,,,,1.70,,,,,,,4.20,,5.10,4.40,,,,,,,,,,,,,,,,,,,,,,,,,,,,,,,,,
WQP_USA_2026,USGS-01402000,Surface Water,40.475,-74.57583333,,2/9/2022,,Unnamed_SPE+LCMS/MS,,,ng/L,12.00,7.80,,,2.40,1.80,5.60,4.70,,,,,,,,,,,7.60,,8.10,3.80,,,,,,,,,,,,,,,,,,,,,,,,,,,,,,,,,
WQP_USA_2026,USGS-01402000,Surface Water,40.475,-74.57583333,,9/27/2022,,Unnamed_SPE+LCMS/MS,,,ng/L,14.00,9.30,,1.10,1.70,2.80,9.70,4.50,,,,,,,,,,,12.00,,9.00,7.10,,,,,,,,,,,,,,,,,,,,,,,,,,,,,,,,,
WQP_USA_2026,USGS-01402000,Surface Water,40.475,-74.57583333,,3/8/2023,,Unnamed_SPE+LCMS/MS,,,ng/L,9.00,9.20,,,1.30,2.20,3.80,3.00,,2.60,,,,,,,,,3.50,,4.20,6.60,,,,,,,,,,,,,,,,,,,,,,,,,,,,,,,,,
WQP_USA_2026,USGS-01402000,Surface Water,40.475,-74.57583333,,8/29/2023,,Unnamed_SPE+LCMS/MS,,,ng/L,9.30,7.40,,,1.30,2.00,5.10,3.10,,,,,,,,,,,6.60,,5.80,3.40,,,,,,,,,,,,,,,,,,,,,,,,,,,,,,,,,
WQP_USA_2026,USGS-01403385,Surface Water,40.58083333,-74.49916667,,3/2/2020,,Unnamed_SPE+LCMS/MS,,,ng/L,22.00,24.00,,,1.60,9.50,8.50,5.50,,,,11.00,,,,,,,9.50,1.00,9.90,3.60,,,,,,,,,,,,,,,,,,,,,,,,,,,,,,,,,
WQP_USA_2026,USGS-01403385,Surface Water,40.58083333,-74.49916667,,9/18/2020,,Unnamed_SPE+LCMS/MS,,,ng/L,35.00,42.00,,1.50,2.90,19.00,15.00,8.80,,,,,,,,,,,20.00,2.00,20.00,6.70,,,,,,,,,,,,,,,,,,,,,,,,,,,,,,,,,
WQP_USA_2026,USGS-01403385,Surface Water,40.58083333,-74.49916667,,3/30/2021,,Unnamed_SPE+LCMS/MS,,,ng/L,20.00,20.00,,1.20,2.00,7.80,8.60,6.10,,6.60,,2.30,,,,,,,11.00,1.20,12.00,4.50,,,,,,,,,,,,,,,,,,,,,,,,,,,,,,,,,
WQP_USA_2026,USGS-01403385,Surface Water,40.58083333,-74.49916667,,2/9/2022,,Unnamed_SPE+LCMS/MS,,,ng/L,35.00,26.00,,1.30,3.10,11.00,12.00,8.90,,12.00,,,,,,,,,16.00,1.00,14.00,5.40,,,,,,,,,,,,,,,,,,,,,,,,,,,,,,,,,
WQP_USA_2026,USGS-01403385,Surface Water,40.58083333,-74.49916667,,9/12/2022,,Undisclosed,,,ng/L,33.00,32.00,,,2.90,14.00,14.00,8.60,,4.50,,,,,,,,,16.00,1.40,14.00,6.70,,,,,,,,,,,,,,,,,,,,,,,,,,,,,,,,,
WQP_USA_2026,USGS-01403385,Surface Water,40.58083333,-74.49916667,,3/8/2023,,Unnamed_SPE+LCMS/MS,,,ng/L,29.00,26.00,,1.10,2.20,9.90,11.00,7.40,,3.10,,,,,,,,,10.00,1.60,12.00,4.80,,,,,,,,,,,,,,,,,,,,,,,,,,,,,,,,,
WQP_USA_2026,USGS-01403385,Surface Water,40.58083333,-74.49916667,,8/3/2023,,Unnamed_SPE+LCMS/MS,,,ng/L,27.00,21.00,,1.00,3.20,10.00,11.00,6.70,,,,,,,,,,,14.00,1.10,12.00,5.60,,,,,,,,,,,,,,,,,,,,,,,,,,,,,,,,,
WQP_USA_2026,USGS-01403391,Surface Water,40.66322222,-74.42813889,,2/4/2020,,Unnamed_SPE+LCMS/MS,,,ng/L,11.00,1.50,,,,3.00,2.20,2.00,,,,,,,,,,,3.00,,3.10,3.80,,,,,,,,,,,,,,,,,,,,,,,,,,,,,,,,,
WQP_USA_2026,USGS-01403391,Surface Water,40.66322222,-74.42813889,,9/25/2020,,Unnamed_SPE+LCMS/MS,,,ng/L,13.00,5.70,,,,3.60,2.70,2.20,,,,,,,,,,,3.00,,3.70,4.40,,,,,,,,,,,,,,,,,,,,,,,,,,,,,,,,,
WQP_USA_2026,USGS-01405340,Surface Water,40.29611111,-74.39777778,,2/20/2020,,Unnamed_SPE+LCMS/MS,,,ng/L,3.70,1.40,,,,,1.80,1.20,,,,,,,,,,,2.50,,1.80,1.40,,,,,,,,,,,,,,,,,,,,,,,,,,,,,,,,,
WQP_USA_2026,USGS-01405340,Surface Water,40.29611111,-74.39777778,,9/18/2020,,Unnamed_SPE+LCMS/MS,,,ng/L,5.60,2.60,,,,,3.50,1.70,,,,,,,,,,,4.60,,3.50,2.50,,,,,,,,,,,,,,,,,,,,,,,,,,,,,,,,,
WQP_USA_2026,USGS-01405340,Surface Water,40.29611111,-74.39777778,,3/23/2022,,Unnamed_SPE+LCMS/MS,,,ng/L,4.30,1.80,,,,,2.40,1.40,,,,,,,,,,,2.60,,2.20,1.50,,,,,,,,,,,,,,,,,,,,,,,,,,,,,,,,,
WQP_USA_2026,USGS-01405340,Surface Water,40.29611111,-74.39777778,,8/17/2022,,Unnamed_SPE+LCMS/MS,,,ng/L,1.00,1.40,,,,,,,,,,,,,,,,,1.00,,,,,,,,,,,,,,,,,,,,,,,,,,,,,,,,,,,,
WQP_USA_2026,USGS-01405340,Surface Water,40.29611111,-74.39777778,,3/14/2023,,Unnamed_SPE+LCMS/MS,,,ng/L,7.90,7.90,,,2.50,2.60,5.90,3.00,,,,,,,,,,,5.00,,6.20,5.10,,,,,,,,,,,,,,,,,,,,,,,,,,,,,,,,,
WQP_USA_2026,USGS-01405340,Surface Water,40.29611111,-74.39777778,,9/20/2023,,Unnamed_SPE+LCMS/MS,,,ng/L,4.30,1.90,,,,,2.40,1.60,,,,,,,,,,,3.00,,3.30,2.30,,,,,,,,,,,,,,,,,,,,,,,,,,,,,,,,,
WQP_USA_2026,USGS-01407059,Surface Water,40.38452778,-74.14786111,,3/10/2020,,Unnamed_SPE+LCMS/MS,,,ng/L,10.00,2.50,,,,1.20,3.50,2.10,,,,,,,,,,,2.80,,2.10,1.70,,,,,,,,,,,,,,,,,,,,,,,,,,,,,,,,,
WQP_USA_2026,USGS-01407059,Surface Water,40.38452778,-74.14786111,,9/24/2020,,Unnamed_SPE+LCMS/MS,,,ng/L,14.00,4.00,,,,1.90,6.40,2.80,,,,,,,,,,,5.20,,3.60,4.20,,,,,,,,,,,,,,,,,,,,,,,,,,,,,,,,,
WQP_USA_2026,USGS-01407706,Surface Water,40.19791667,-74.06925,,2/19/2020,,Unnamed_SPE+LCMS/MS,,,ng/L,3.50,2.50,,,,1.00,2.50,1.20,,,,1.90,,,,,,,2.50,,1.90,5.50,,,,,,,,,,,,,,,,,,,,,,,,,,,,,,,,,
WQP_USA_2026,USGS-01407706,Surface Water,40.19791667,-74.06925,,8/18/2020,,Unnamed_SPE+LCMS/MS,,,ng/L,4.80,4.90,,,1.20,1.70,3.20,2.20,,,,,,,,,,,4.00,,3.00,4.40,,,,,,,,,,,,,,,,,,,,,,,,,,,,,,,,,
WQP_USA_2026,USGS-01407706,Surface Water,40.19791667,-74.06925,,3/12/2021,,Unnamed_SPE+LCMS/MS,,,ng/L,5.60,5.60,,,,1.80,2.70,1.50,,,,,,,,,,,3.90,,2.30,5.10,,,,,,,,,,,,,,,,,,,,,,,,,,,,,,,,,
WQP_USA_2026,USGS-01407713,Surface Water,40.24336111,-74.09169444,,2/19/2020,,Unnamed_SPE+LCMS/MS,,,ng/L,16.00,79.00,,,2.30,26.00,24.00,15.00,1.30,,,31.00,4.20,,,,,,38.00,6.20,7.80,9.00,,,,,,,,,,,,,,,,,,,,,,,,,,,,,,,,,
WQP_USA_2026,USGS-01407713,Surface Water,40.24336111,-74.09169444,,3/22/2021,,Unnamed_SPE+LCMS/MS,,,ng/L,9.50,30.00,,,1.70,12.00,8.70,6.10,,,,4.00,,,,,,,13.00,2.70,5.10,5.70,,,,,,,,,,,,,,,,,,,,,,,,,,,,,,,,,
WQP_USA_2026,USGS-01407760,Surface Water,40.20333333,-74.06583333,,3/4/2020,,Unnamed_SPE+LCMS/MS,,,ng/L,5.90,4.30,,,2.00,1.50,3.80,2.90,,,,,,,,,,,4.40,,4.80,1.50,,,,,,,,,,,,,,,,,,,,,,,,,,,,,,,,,
WQP_USA_2026,USGS-01407760,Surface Water,40.20333333,-74.06583333,,8/18/2020,,Unnamed_SPE+LCMS/MS,,,ng/L,7.60,5.50,,1.10,1.30,2.10,5.00,3.50,,,,,,,,,,,6.00,,4.70,5.00,,,,,,,,,,,,,,,,,,,,,,,,,,,,,,,,,
WQP_USA_2026,USGS-01407760,Surface Water,40.20333333,-74.06583333,,3/4/2021,,Unnamed_SPE+LCMS/MS,,,ng/L,7.40,7.90,,,1.10,3.40,3.80,2.40,,,,,,,,,,,4.80,,3.60,6.40,,,,,,,,,,,,,,,,,,,,,,,,,,,,,,,,,
WQP_USA_2026,USGS-01407760,Surface Water,40.20333333,-74.06583333,,2/22/2022,,Unnamed_SPE+LCMS/MS,,,ng/L,5.30,2.60,,,,1.50,3.10,2.30,,,,,,,,,,,4.10,,2.90,2.00,,,,,,,,,,,,,,,,,,,,,,,,,,,,,,,,,
WQP_USA_2026,USGS-01407760,Surface Water,40.20333333,-74.06583333,,9/28/2022,,Unnamed_SPE+LCMS/MS,,,ng/L,5.10,3.00,,,,1.50,5.10,2.40,,,,,,,,,,,4.20,,3.40,3.80,,,,,,,,,,,,,,,,,,,,,,,,,,,,,,,,,
WQP_USA_2026,USGS-01407760,Surface Water,40.20333333,-74.06583333,,8/11/2023,,Unnamed_SPE+LCMS/MS,,,ng/L,5.30,3.60,,1.10,1.80,1.80,3.10,2.30,,,,,,,,,,,5.20,,4.10,2.90,,,,,,,,,,,,,,,,,,,,,,,,,,,,,,,,,
WQP_USA_2026,USGS-01407874,Surface Water,40.20488889,-74.25430556,,3/10/2020,,Unnamed_SPE+LCMS/MS,,,ng/L,7.60,8.90,,,7.80,3.60,3.60,2.00,,,,,,,,,,,3.00,,2.80,2.80,,,,,,,,,,,,,,,,,,,,,,,,,,,,,,,,,
WQP_USA_2026,USGS-01407874,Surface Water,40.20488889,-74.25430556,,9/24/2020,,Unnamed_SPE+LCMS/MS,,,ng/L,7.60,7.10,,,5.60,3.90,3.90,1.90,,,,,,,,,,,4.70,,2.90,4.40,,,,,,,,,,,,,,,,,,,,,,,,,,,,,,,,,
WQP_USA_2026,USGS-01408000,Surface Water,40.16138889,-74.15472222,,9/24/2020,,Unnamed_SPE+LCMS/MS,,,ng/L,4.20,3.90,,,1.70,2.40,2.70,1.40,,,,,,,,,,,3.30,,1.90,2.40,,,,,,,,,,,,,,,,,,,,,,,,,,,,,,,,,
WQP_USA_2026,USGS-01408000,Surface Water,40.16138889,-74.15472222,,3/14/2022,,Unnamed_SPE+LCMS/MS,,,ng/L,6.40,7.20,,,3.30,3.20,2.90,2.00,,,,,,,,,,,2.30,,3.20,1.90,,,,,,,,,,,,,,,,,,,,,,,,,,,,,,,,,
WQP_USA_2026,USGS-01408000,Surface Water,40.16138889,-74.15472222,,9/7/2022,,Undisclosed,,,ng/L,4.80,5.30,,,1.90,1.70,3.90,1.90,,,,,,,,,,,4.40,,5.00,4.60,,,,,,,,,,,,,,,,,,,,,,,,,,,,,,,,,
WQP_USA_2026,USGS-01408000,Surface Water,40.16138889,-74.15472222,,2/15/2023,,Unnamed_SPE+LCMS/MS,,,ng/L,4.90,6.00,,,3.20,2.70,2.60,1.40,,,,,,,,,,,2.20,,,1.70,,,,,,,,,,,,,,,,,,,,,,,,,,,,,,,,,
WQP_USA_2026,USGS-01408000,Surface Water,40.16138889,-74.15472222,,9/5/2023,,Unnamed_SPE+LCMS/MS,,,ng/L,3.90,3.80,,,1.40,1.80,2.20,1.10,,,,,,,,,,,2.30,,,2.70,,,,,,,,,,,,,,,,,,,,,,,,,,,,,,,,,
WQP_USA_2026,USGS-01408009,Surface Water,40.2125,-74.16833333,,2/20/2020,,Unnamed_SPE+LCMS/MS,,,ng/L,1.60,,,,,,,,,,,,,,,,,,,,,,,,,,,,,,,,,,,,,,,,,,,,,,,,,,,,,,
WQP_USA_2026,USGS-01408009,Surface Water,40.2125,-74.16833333,,9/8/2020,,Unnamed_SPE+LCMS/MS,,,ng/L,2.00,1.80,,,,,,,,,,,,,,,,,1.20,,,,,,,,,,,,,,,,,,,,,,,,,,,,,,,,,,,,
WQP_USA_2026,USGS-01408009,Surface Water,40.2125,-74.16833333,,8/30/2022,,Undisclosed,,,ng/L,1.80,1.20,,,,,,,,,,,,,,,,,,,,,,,,,,,,,,,,,,,,,,,,,,,,,,,,,,,,,
WQP_USA_2026,USGS-01408009,Surface Water,40.2125,-74.16833333,,3/27/2023,,Unnamed_SPE+LCMS/MS,,,ng/L,1.50,,,,,,,,,,,,,,,,,,,,,,,,,,,,,,,,,,,,,,,,,,,,,,,,,,,,,,
WQP_USA_2026,USGS-01408009,Surface Water,40.2125,-74.16833333,,9/20/2023,,Unnamed_SPE+LCMS/MS,,,ng/L,2.90,2.40,,,,,,,,,,,,,,,,,1.30,,,,,,,,,,,,,,,,,,,,,,,,,,,,,,,,,,,,
WQP_USA_2026,USGS-01408029,Surface Water,40.14666667,-74.12222222,,12/13/2023,,Unnamed_SPE+LCMS/MS,,,ng/L,5.70,5.90,,,2.10,3.20,2.50,1.70,,2.30,,,,,,,,,2.40,,2.60,1.20,,,,,,,,,,,,,,,,,,,,,,,,,,,,,,,,,
WQP_USA_2026,USGS-01408029,Surface Water,40.14666667,-74.12222222,,3/27/2024,,Unnamed_SPE+LCMS/MS,,,ng/L,3.80,5.00,,,2.30,2.00,1.90,1.20,,,,,,,,,,,1.40,,,1.20,,,,,,,,,,,,,,,,,,,,,,,,,,,,,,,,,
WQP_USA_2026,USGS-01408029,Surface Water,40.14666667,-74.12222222,,5/29/2024,,Unnamed_SPE+LCMS/MS,,,ng/L,7.00,7.20,,,2.50,4.00,4.70,2.70,,,,,,,,,,,4.90,,3.70,2.40,,,,,,,,,,,,,,,,,,,,,,,,,,,,,,,,,
WQP_USA_2026,USGS-01408100,Surface Water,40.10972222,-74.21916667,,2/20/2020,,Unnamed_SPE+LCMS/MS,,,ng/L,6.00,3.60,,,,1.50,2.60,2.00,,,,,,,,,,,3.40,,2.00,2.60,,,,,,,,,,,,,,,,,,,,,,,,,,,,,,,,,
WQP_USA_2026,USGS-01408100,Surface Water,40.10972222,-74.21916667,,9/8/2020,,Unnamed_SPE+LCMS/MS,,,ng/L,7.10,5.10,,,1.00,2.20,4.40,2.10,,,,,,,,,,,4.90,,3.00,3.80,,,,,,,,,,,,,,,,,,,,,,,,,,,,,,,,,
WQP_USA_2026,USGS-01408100,Surface Water,40.10972222,-74.21916667,,8/16/2022,,Unnamed_SPE+LCMS/MS,,,ng/L,8.60,5.20,,,1.90,2.10,5.40,,,,,,,,,,,,5.50,,4.50,6.80,,,,,,,,,,,,,,,,,,,,,,,,,,,,,,,,,
WQP_USA_2026,USGS-01408100,Surface Water,40.10972222,-74.21916667,,3/27/2023,,Unnamed_SPE+LCMS/MS,,,ng/L,4.40,3.20,,,,1.30,2.40,1.50,,,,,,,,,,,2.20,,,2.40,,,,,,,,,,,,,,,,,,,,,,,,,,,,,,,,,
WQP_USA_2026,USGS-01408100,Surface Water,40.10972222,-74.21916667,,9/12/2023,,Unnamed_SPE+LCMS/MS,,,ng/L,6.80,4.20,,,1.20,1.30,3.80,2.80,,,,,,,,,,,5.00,,5.80,3.40,,,,,,,,,,,,,,,,,,,,,,,,,,,,,,,,,
WQP_USA_2026,USGS-01408505,Surface Water,39.97638889,-74.21833333,,3/5/2020,,Unnamed_SPE+LCMS/MS,,,ng/L,8.80,34.00,,,1.10,12.00,4.30,3.10,,,,,,,,,,,4.90,1.20,2.00,2.40,,,,,,,,,,,,,,,,,,,,,,,,,,,,,,,,,
WQP_USA_2026,USGS-01408505,Surface Water,39.97638889,-74.21833333,,8/21/2020,,Unnamed_SPE+LCMS/MS,,,ng/L,5.60,2.40,,,,,1.10,1.00,,,,,,,,,,,1.10,,2.10,,,,,,,,,,,,,,,,,,,,,,,,,,,,,,,,,,
WQP_USA_2026,USGS-01408505,Surface Water,39.97638889,-74.21833333,,3/15/2021,,Unnamed_SPE+LCMS/MS,,,ng/L,9.60,42.00,,,1.50,15.00,5.50,3.20,,,,2.10,,,,,,,6.50,1.50,2.60,3.50,,,,,,,,,,,,,,,,,,,,,,,,,,,,,,,,,
WQP_USA_2026,USGS-01408505,Surface Water,39.97638889,-74.21833333,,3/17/2022,,Unnamed_SPE+LCMS/MS,,,ng/L,8.60,30.00,,,1.60,10.00,4.20,2.90,,,,,,,,,,,3.90,1.20,2.00,3.20,,,,,,,,,,,,,,,,,,,,,,,,,,,,,,,,,
WQP_USA_2026,USGS-01408505,Surface Water,39.97638889,-74.21833333,,8/10/2022,,Undisclosed,,,ng/L,13.00,67.00,,,1.90,19.00,7.80,4.50,1.00,,,,,,,,,,7.40,2.50,4.00,5.90,,,,,,,,,,,,,,,,,,,,,,,,,,,,,,,,,
WQP_USA_2026,USGS-01408505,Surface Water,39.97638889,-74.21833333,,3/23/2023,,Unnamed_SPE+LCMS/MS,,,ng/L,10.00,47.00,,,1.80,16.00,5.90,3.40,1.10,,,,,,,,,,5.00,1.90,2.80,3.70,,,,,,,,,,,,,,,,,,,,,,,,,,,,,,,,,
WQP_USA_2026,USGS-01408505,Surface Water,39.97638889,-74.21833333,,8/31/2023,,Unnamed_SPE+LCMS/MS,,,ng/L,12.00,55.00,,,1.90,16.00,7.10,4.00,1.10,,,,,,,,,,6.60,2.20,4.30,4.70,,,,,,,,,,,,,,,,,,,,,,,,,,,,,,,,,
WQP_USA_2026,USGS-01408830,Surface Water,39.89722222,-74.31638889,,2/21/2020,,Unnamed_SPE+LCMS/MS,,,ng/L,,,,,,,,,,,,,,,,,,,7.10,,,,,,,,,,,,,,,,,,,,,,,,,,,,,,,,,,,,
WQP_USA_2026,USGS-01408830,Surface Water,39.89722222,-74.31638889,,9/28/2020,,Unnamed_SPE+LCMS/MS,,,ng/L,,,,,,,,,,,,,,,,,,,1.90,,,,,,,,,,,,,,,,,,,,,,,,,,,,,,,,,,,,
WQP_USA_2026,USGS-01408830,Surface Water,39.89722222,-74.31638889,,3/27/2023,,Unnamed_SPE+LCMS/MS,,,ng/L,,,,,,,,,,,,,,,,,,,4.20,,,,,,,,,,,,,,,,,,,,,,,,,,,,,,,,,,,,
WQP_USA_2026,USGS-01408830,Surface Water,39.89722222,-74.31638889,,9/11/2023,,Unnamed_SPE+LCMS/MS,,,ng/L,,,,,,,,,,,,,,,,,,,1.90,,,,,,,,,,,,,,,,,,,,,,,,,,,,,,,,,,,,
WQP_USA_2026,USGS-01409387,Surface Water,39.74027778,-74.72666667,,3/9/2020,,EPA 1633,,,ng/L,2.10,1.50,,,9.80,,,,,,,,,,,,,,1.70,,,,,,,,,,,,,,,,,,,,,,,,,,,,,,,,,,,,
WQP_USA_2026,USGS-01409387,Surface Water,39.74027778,-74.72666667,,9/15/2020,,Unnamed_SPE+LCMS/MS,,,ng/L,2.60,2.50,,,,,2.00,,,,,,,,,,,,2.20,,,,,,,,,,,,,,,,,,,,,,,,,,,,,,,,,,,,
WQP_USA_2026,USGS-01409387,Surface Water,39.74027778,-74.72666667,,3/7/2022,,Unnamed_SPE+LCMS/MS,,,ng/L,2.90,1.80,,,1.30,1.00,1.00,,,,,,,,,,,,1.60,,,,,,,,,,,,,,,,,,,,,,,,,,,,,,,,,,,,
WQP_USA_2026,USGS-01409387,Surface Water,39.74027778,-74.72666667,,8/15/2022,,Undisclosed,,,ng/L,,,,,,,,,,,,,,,,,,,4.50,,,,,,,,,,,,,,,,,,,,,,,,,,,,,,,,,,,,
WQP_USA_2026,USGS-01409387,Surface Water,39.74027778,-74.72666667,,3/1/2023,,Unnamed_SPE+LCMS/MS,,,ng/L,1.50,1.50,,,,1.00,,,,,,,,,,,,,1.10,,,,,,,,,,,,,,,,,,,,,,,,,,,,,,,,,,,,
WQP_USA_2026,USGS-01409387,Surface Water,39.74027778,-74.72666667,,9/15/2023,,Unnamed_SPE+LCMS/MS,,,ng/L,1.30,1.50,,,,,,,,,,,,,,,,,2.00,,,,,,,,,,,,,,,,,,,,,,,,,,,,,,,,,,,,
WQP_USA_2026,USGS-01409396,Surface Water,39.76227778,-74.71963889,,6/25/2020,,Unnamed_SPE+LCMS/MS,,,ng/L,8.40,4.50,,,1.70,3.40,3.30,2.20,,,,,,,,,,,3.90,,9.20,1.30,,,,,,,,,,,,,,,,,,,,,,,,,,,,,,,,,
WQP_USA_2026,USGS-0140940950,Surface Water,39.68805556,-74.83472222,,3/10/2020,,EPA 1633,,,ng/L,2.40,3.10,,,,,1.00,,,,,,,,,,,,,,,,,,,,,,,,,,,,,,,,,,,,,,,,,,,,,,,,
WQP_USA_2026,USGS-0140940950,Surface Water,39.68805556,-74.83472222,,9/9/2020,,Unnamed_SPE+LCMS/MS,,,ng/L,3.30,4.10,,,,,1.90,1.00,,,,,,,,,,,3.30,,2.20,1.00,,,,,,,,,,,,,,,,,,,,,,,,,,,,,,,,,
WQP_USA_2026,USGS-0140940950,Surface Water,39.68805556,-74.83472222,,3/2/2022,,Unnamed_SPE+LCMS/MS,,,ng/L,3.60,5.50,,,,1.10,1.70,1.00,,,,,,,,,,,1.90,,,0.90,,,,,,,,,,,,,,,,,,,,,,,,,,,,,,,,,
WQP_USA_2026,USGS-0140940950,Surface Water,39.68805556,-74.83472222,,8/1/2022,,Unnamed_SPE+LCMS/MS,,,ng/L,3.70,5.30,,,,1.20,1.90,1.10,,,,,,,,,,,4.40,,2.90,0.90,,,,,,,,,,,,,,,,,,,,,,,,,,,,,,,,,
WQP_USA_2026,USGS-0140940950,Surface Water,39.68805556,-74.83472222,,2/1/2023,,Unnamed_SPE+LCMS/MS,,,ng/L,2.40,2.50,,,,,1.30,,,,,,,,,,,,1.70,,,,,,,,,,,,,,,,,,,,,,,,,,,,,,,,,,,,
WQP_USA_2026,USGS-0140940950,Surface Water,39.68805556,-74.83472222,,8/3/2023,,Unnamed_SPE+LCMS/MS,,,ng/L,4.40,4.90,,,,1.60,2.30,1.30,,,,,,,,,,,3.70,,2.00,1.40,,,,,,,,,,,,,,,,,,,,,,,,,,,,,,,,,
WQP_USA_2026,USGS-01409416,Surface Water,39.63388889,-74.71777778,,3/17/2020,,Unnamed_SPE+LCMS/MS,,,ng/L,2.60,1.80,,,,1.00,1.20,1.00,,,,,,,,,,,1.40,,2.40,1.20,,,,,,,,,,,,,,,,,,,,,,,,,,,,,,,,,
WQP_USA_2026,USGS-01409416,Surface Water,39.63388889,-74.71777778,,9/15/2020,,Unnamed_SPE+LCMS/MS,,,ng/L,2.00,2.20,,,,,,,,,,,,,,,,,2.20,,,,,,,,,,,,,,,,,,,,,,,,,,,,,,,,,,,,
WQP_USA_2026,USGS-01409416,Surface Water,39.63388889,-74.71777778,,2/16/2022,,Unnamed_SPE+LCMS/MS,,,ng/L,2.70,1.40,,,,1.00,1.40,1.10,,,,,,,,,,,1.50,,2.30,1.70,,,,,,,,,,,,,,,,,,,,,,,,,,,,,,,,,
WQP_USA_2026,USGS-01409416,Surface Water,39.63388889,-74.71777778,,9/14/2022,,Undisclosed,,,ng/L,3.70,3.10,,,,1.60,2.40,1.60,,,,,,,,,,,2.70,,3.90,3.40,,,,,,,,,,,,,,,,,,,,,,,,,,,,,,,,,
WQP_USA_2026,USGS-01409416,Surface Water,39.63388889,-74.71777778,,2/1/2023,,Unnamed_SPE+LCMS/MS,,,ng/L,2.00,2.90,,,,,1.00,,,,,,,,,,,,1.20,,,1.90,,,,,,,,,,,,,,,,,,,,,,,,,,,,,,,,,
WQP_USA_2026,USGS-01409416,Surface Water,39.63388889,-74.71777778,,8/3/2023,,Unnamed_SPE+LCMS/MS,,,ng/L,3.30,2.90,,,,1.60,2.00,1.40,,,,,,,,,,,3.70,,3.20,2.70,,,,,,,,,,,,,,,,,,,,,,,,,,,,,,,,,
WQP_USA_2026,USGS-01409470,Surface Water,39.70944444,-74.66638889,,3/9/2020,,Unnamed_SPE+LCMS/MS,,,ng/L,2.50,4.20,,,,2.10,,,,,,,,,,,,,,,,,,,,,,,,,,,,,,,,,,,,,,,,,,,,,,,,,
WQP_USA_2026,USGS-01409470,Surface Water,39.70944444,-74.66638889,,9/15/2020,,Unnamed_SPE+LCMS/MS,,,ng/L,2.10,1.20,,,,,1.20,,,,,,,,,,,,2.10,,2.50,,,,,,,,,,,,,,,,,,,,,,,,,,,,,,,,,,
WQP_USA_2026,USGS-01409470,Surface Water,39.70944444,-74.66638889,,3/7/2022,,Unnamed_SPE+LCMS/MS,,,ng/L,1.60,,,,,,,,,,,,,,,,,,,,,,,,,,,,,,,,,,,,,,,,,,,,,,,,,,,,,,
WQP_USA_2026,USGS-01409470,Surface Water,39.70944444,-74.66638889,,3/1/2023,,Unnamed_SPE+LCMS/MS,,,ng/L,1.30,,,,,,,,,,,,,,,,,,,,,,,,,,,,,,,,,,,,,,,,,,,,,,,,,,,,,,
WQP_USA_2026,USGS-01409470,Surface Water,39.70944444,-74.66638889,,9/15/2023,,Unnamed_SPE+LCMS/MS,,,ng/L,1.00,,,,,,,,,,,,,,,,,,1.50,,,,,,,,,,,,,,,,,,,,,,,,,,,,,,,,,,,,
WQP_USA_2026,USGS-01409815,Surface Water,39.675,-74.54083333,,3/17/2020,,Unnamed_SPE+LCMS/MS,,,ng/L,1.70,,,,,,,,,,,,,,,,,,,,1.90,,,,,,,,,,,,,,,,,,,,,,,,,,,,,,,,,,
WQP_USA_2026,USGS-01409815,Surface Water,39.675,-74.54083333,,9/15/2020,,Unnamed_SPE+LCMS/MS,,,ng/L,2.40,1.50,,,,,,,,,,,,,,,,,2.00,,3.80,,,,,,,,,,,,,,,,,,,,,,,,,,,,,,,,,,
WQP_USA_2026,USGS-01409815,Surface Water,39.675,-74.54083333,,2/7/2022,,Unnamed_SPE+LCMS/MS,,,ng/L,2.40,,,,1.00,,0.90,1.00,,,,,,,,,,,1.50,,2.70,,,,,,,,,,,,,,,,,,,,,,,,,,,,,,,,,,
WQP_USA_2026,USGS-01409815,Surface Water,39.675,-74.54083333,,8/1/2022,,Unnamed_SPE+LCMS/MS,,,ng/L,1.60,,,,,,,,,,,,,,,,,,2.10,,,,,,,,,,,,,,,,,,,,,,,,,,,,,,,,,,,,
WQP_USA_2026,USGS-01409815,Surface Water,39.675,-74.54083333,,2/8/2023,,Unnamed_SPE+LCMS/MS,,,ng/L,,,,,,,,,,,,,,,,,,,1.40,,,,,,,,,,,,,,,,,,,,,,,,,,,,,,,,,,,,
WQP_USA_2026,USGS-01409815,Surface Water,39.675,-74.54083333,,8/1/2023,,Unnamed_SPE+LCMS/MS,,,ng/L,,,,,,,,,,,,,,,,,,,2.10,,,,,,,,,,,,,,,,,,,,,,,,,,,,,,,,,,,,
WQP_USA_2026,USGS-01410150,Surface Water,39.62305556,-74.44138889,,2/18/2020,,Unnamed_SPE+LCMS/MS,,,ng/L,,,,,,,,,,,,,,,,,,,3.10,,,,,,,,,,,,,,,,,,,,,,,,,,,,,,,,,,,,
WQP_USA_2026,USGS-01410150,Surface Water,39.62305556,-74.44138889,,8/7/2020,,Unnamed_SPE+LCMS/MS,,,ng/L,,,,,,,,,,,,,,,,,,,1.20,,,,,,,,,,,,,,,,,,,,,,,,,,,,,,,,,,,,
WQP_USA_2026,USGS-01410150,Surface Water,39.62305556,-74.44138889,,9/8/2022,,Undisclosed,,,ng/L,1.20,,,,,,,1.20,,,,,,,,,,,3.30,,2.60,,,,,,,,,,,,,,,,,,,,,,,,,,,,,,,,,,
WQP_USA_2026,USGS-01410150,Surface Water,39.62305556,-74.44138889,,3/13/2023,,Unnamed_SPE+LCMS/MS,,,ng/L,,,,,,,,,,,,,,,,,,,2.20,,,,,,,,,,,,,,,,,,,,,,,,,,,,,,,,,,,,
WQP_USA_2026,USGS-01410150,Surface Water,39.62305556,-74.44138889,,9/29/2023,,Unnamed_SPE+LCMS/MS,,,ng/L,,,,,,,,,,,,,,,,,,,4.50,,,,,,,,,,,,,,,,,,,,,,,,,,,,,,,,,,,,
WQP_USA_2026,USGS-01411035,Surface Water,39.64444444,-74.98583333,,3/9/2020,,Unnamed_SPE+LCMS/MS,,,ng/L,5.50,4.00,,,3.90,3.50,3.30,3.40,,,,,,,,,,,5.20,,2.30,2.30,,,,,,,,,,,,,,,,,,,,,,,,,,,,,,,,,
WQP_USA_2026,USGS-01411035,Surface Water,39.64444444,-74.98583333,,9/9/2020,,Unnamed_SPE+LCMS/MS,,,ng/L,1.30,1.40,,,,,1.30,,,,,,,,,,,,1.80,,,,,,,,,,,,,,,,,,,,,,,,,,,,,,,,,,,,
WQP_USA_2026,USGS-01411035,Surface Water,39.64444444,-74.98583333,,3/31/2022,,Unnamed_SPE+LCMS/MS,,,ng/L,2.30,1.40,,,,,1.70,1.00,,,,,,,,,,,1.50,,,0.90,,,,,,,,,,,,,,,,,,,,,,,,,,,,,,,,,
WQP_USA_2026,USGS-01411035,Surface Water,39.64444444,-74.98583333,,8/31/2022,,Unnamed_SPE+LCMS/MS,,,ng/L,2.00,1.50,,,,,1.60,,,,,,,,,,,,2.60,,,1.10,,,,,,,,,,,,,,,,,,,,,,,,,,,,,,,,,
WQP_USA_2026,USGS-01411035,Surface Water,39.64444444,-74.98583333,,2/16/2023,,Unnamed_SPE+LCMS/MS,,,ng/L,1.70,1.50,,,,,1.20,,,,,,,,,,,,1.30,,,1.20,,,,,,,,,,,,,,,,,,,,,,,,,,,,,,,,,
WQP_USA_2026,USGS-01411035,Surface Water,39.64444444,-74.98583333,,8/8/2023,,Unnamed_SPE+LCMS/MS,,,ng/L,2.40,1.70,,,,1.30,2.20,1.20,,,,,,,,,,,3.00,,2.60,1.30,,,,,,,,,,,,,,,,,,,,,,,,,,,,,,,,,
WQP_USA_2026,USGS-01411110,Surface Water,39.51388889,-74.77972222,,3/17/2020,,Unnamed_SPE+LCMS/MS,,,ng/L,2.50,1.90,,,1.10,1.00,1.40,1.50,,,,,,,,,,,1.70,,,,,,,,,,,,,,,,,,,,,,,,,,,,,,,,,,,,
WQP_USA_2026,USGS-01411110,Surface Water,39.51388889,-74.77972222,,9/21/2020,,Unnamed_SPE+LCMS/MS,,,ng/L,3.20,2.90,,,1.30,1.50,2.20,1.50,,,,,,,,,,,3.90,,2.40,1.30,,,,,,,,,,,,,,,,,,,,,,,,,,,,,,,,,
WQP_USA_2026,USGS-01411110,Surface Water,39.51388889,-74.77972222,,2/22/2022,,Unnamed_SPE+LCMS/MS,,,ng/L,2.90,1.70,,,1.30,,1.80,1.30,,,,,,,,,,,2.50,,,,,,,,,,,,,,,,,,,,,,,,,,,,,,,,,,,,
WQP_USA_2026,USGS-01411110,Surface Water,39.51388889,-74.77972222,,8/15/2022,,Undisclosed,,,ng/L,3.80,3.00,,,1.20,1.90,2.60,2.50,,,,,,,,,,,3.30,,2.10,2.20,,,,,,,,,,,,,,,,,,,,,,,,,,,,,,,,,
WQP_USA_2026,USGS-01411110,Surface Water,39.51388889,-74.77972222,,3/20/2023,,Unnamed_SPE+LCMS/MS,,,ng/L,2.50,2.40,,,1.00,1.70,1.40,1.10,,,,,,,,,,,2.60,,,,,,,,,,,,,,,,,,,,,,,,,,,,,,,,,,,,
WQP_USA_2026,USGS-01411110,Surface Water,39.51388889,-74.77972222,,8/9/2023,,Unnamed_SPE+LCMS/MS,,,ng/L,2.70,2.00,,,1.00,1.30,2.40,1.50,,,,,,,,,,,3.50,,2.30,,,,,,,,,,,,,,,,,,,,,,,,,,,,,,,,,,
WQP_USA_2026,USGS-01411196,Surface Water,39.46888889,-74.6925,,3/17/2020,,Unnamed_SPE+LCMS/MS,,,ng/L,1.10,1.30,,,,1.00,,,,,,,,,,,,,,,,,,,,,,,,,,,,,,,,,,,,,,,,,,,,,,,,,
WQP_USA_2026,USGS-01411196,Surface Water,39.46888889,-74.6925,,9/21/2020,,Unnamed_SPE+LCMS/MS,,,ng/L,2.80,2.80,,,,1.10,1.60,1.20,,,,,,,,,,,1.80,,2.40,1.30,,,,,,,,,,,,,,,,,,,,,,,,,,,,,,,,,
WQP_USA_2026,USGS-01411196,Surface Water,39.46888889,-74.6925,,2/22/2022,,Unnamed_SPE+LCMS/MS,,,ng/L,1.10,1.00,,,,,,,,,,,,,,,,,,,,,,,,,,,,,,,,,,,,,,,,,,,,,,,,,,,,,
WQP_USA_2026,USGS-01411196,Surface Water,39.46888889,-74.6925,,3/28/2023,,Unnamed_SPE+LCMS/MS,,,ng/L,0.90,1.40,,,,,,,,,,,,,,,,,,,,,,,,,,,,,,,,,,,,,,,,,,,,,,,,,,,,,
WQP_USA_2026,USGS-01411196,Surface Water,39.46888889,-74.6925,,8/9/2023,,Unnamed_SPE+LCMS/MS,,,ng/L,1.60,1.80,,,,,1.10,,,,,,,,,,,,1.80,,2.10,,,,,,,,,,,,,,,,,,,,,,,,,,,,,,,,,,
WQP_USA_2026,USGS-01411207,Surface Water,39.42544444,-74.66430556,,8/19/2020,,Unnamed_SPE+LCMS/MS,,,ng/L,4.50,2.30,,,1.80,,2.00,2.80,,,,,,,,,,,4.30,,5.60,1.70,,,,,,,,,,,,,,,,,,,,,,,,,,,,,,,,,
WQP_USA_2026,USGS-01411400,Surface Water,39.0275,-74.89638889,,3/10/2020,,EPA 1633,,,ng/L,5.50,4.00,,,3.90,3.50,3.30,3.40,,,,,,,,,,,5.20,,2.30,2.30,,,,,,,,,,,,,,,,,,,,,,,,,,,,,,,,,
WQP_USA_2026,USGS-01411400,Surface Water,39.0275,-74.89638889,,9/21/2020,,Unnamed_SPE+LCMS/MS,,,ng/L,11.00,7.30,,,8.20,6.10,8.30,6.80,,,,,,,,,,,16.00,,8.50,3.90,,,,,,,,,,,,,,,,,,,,,,,,,,,,,,,,,
WQP_USA_2026,USGS-01411400,Surface Water,39.0275,-74.89638889,,3/1/2022,,Unnamed_SPE+LCMS/MS,,,ng/L,8.00,5.40,,,7.00,5.00,6.00,6.00,,,,,,,,,,,7.00,1.00,3.00,3.20,,,,,,,,,,,,,,,,,,,,,,,,,,,,,,,,,
WQP_USA_2026,USGS-01411400,Surface Water,39.0275,-74.89638889,,9/26/2022,,Unnamed_SPE+LCMS/MS,,,ng/L,15.00,8.90,,,7.40,4.80,10.00,9.20,,,,,,,,,,,11.00,1.20,9.10,8.90,,,,,,,,,,1.20,,,,,,,,,,,,,,,,,,,,,,,
WQP_USA_2026,USGS-01411400,Surface Water,39.0275,-74.89638889,,3/28/2023,,Unnamed_SPE+LCMS/MS,,,ng/L,6.20,4.10,,,4.50,5.20,5.00,4.40,,,,,,,,,,,5.60,1.00,3.80,3.40,,,,,,,,,,,,,,,,,,,,,,,,,,,,,,,,,
WQP_USA_2026,USGS-01411400,Surface Water,39.0275,-74.89638889,,9/12/2023,,Unnamed_SPE+LCMS/MS,,,ng/L,13.00,7.90,,,7.50,7.70,10.00,8.90,,,,,,,,,,,15.00,1.70,11.00,8.80,,,,,,,,,,,,,,,,,,,,,,,,,,,,,,,,,
WQP_USA_2026,USGS-01411444,Surface Water,39.26,-74.91138889,,9/21/2020,,Unnamed_SPE+LCMS/MS,,,ng/L,2.90,,,,1.30,,1.30,1.30,,,,,,,,,,,1.40,,2.50,,,,,,,,,,,,,,,,,,,,,,,,,,,,,,,,,,
WQP_USA_2026,USGS-01411444,Surface Water,39.26,-74.91138889,,2/28/2022,,Unnamed_SPE+LCMS/MS,,,ng/L,1.00,,,,,,,,,,,,,,,,,,1.30,,,,,,,,,,,,,,,,,,,,,,,,,,,,,,,,,,,,
WQP_USA_2026,USGS-01411444,Surface Water,39.26,-74.91138889,,9/26/2022,,Unnamed_SPE+LCMS/MS,,,ng/L,1.20,,,,,,,,,,,,,,,,,,,,,,,,,,,,,,,,,,,,,,,,,,,,,,,,,,,,,,
WQP_USA_2026,USGS-01411444,Surface Water,39.26,-74.91138889,,9/12/2023,,Unnamed_SPE+LCMS/MS,,,ng/L,1.80,,,,1.10,,1.40,1.00,,,,,,,,,,,7.50,,4.00,,,,,,,,,,,,,,,,,,,,,,,,,,,,,,,,,,
WQP_USA_2026,USGS-0141145260,Surface Water,39.62027778,-75.10444444,,6/25/2020,,Unnamed_SPE+LCMS/MS,,,ng/L,2.10,,,,,,,,,,,,,,,,,,,,,1.50,,,,,,,,,,,,,,,,,,,,,,,,,,,,,,,,,
WQP_USA_2026,USGS-0141145260,Surface Water,39.62027778,-75.10444444,,8/13/2020,,Unnamed_SPE+LCMS/MS,,,ng/L,14.00,7.50,,,4.20,4.10,9.20,7.20,,,,,,,,,,,12.00,,14.00,4.30,,,,,,,,,,,,,,,,,,,,,,,,,,,,,,,,,
WQP_USA_2026,USGS-01411456,Surface Water,39.65888889,-75.0675,,6/25/2020,,Unnamed_SPE+LCMS/MS,,,ng/L,11.00,6.70,,1.10,7.80,3.50,7.80,7.30,,,,,,,,,,,12.00,,11.00,1.60,,,,,,,,,,,,,,,,,,,,,,,,,,,,,,,,,
WQP_USA_2026,USGS-01411456,Surface Water,39.65888889,-75.0675,,8/13/2020,,Unnamed_SPE+LCMS/MS,,,ng/L,11.00,10.00,,1.60,11.00,4.90,9.30,8.20,,,,,,,,,,,14.00,,12.00,4.00,,,,,,,,,,1.50,,,,,,,,,,,,,,,,,,,,,,,
WQP_USA_2026,USGS-01411466,Surface Water,39.59083333,-75.05972222,,9/9/2020,,Unnamed_SPE+LCMS/MS,,,ng/L,3.20,2.20,,,1.40,,2.30,1.30,,,,,,,,,,,2.90,,2.40,1.30,,,,,,,,,,,,,,,,,,,,,,,,,,,,,,,,,
WQP_USA_2026,USGS-01411466,Surface Water,39.59083333,-75.05972222,,3/31/2022,,Unnamed_SPE+LCMS/MS,,,ng/L,2.60,1.20,,,1.30,,1.50,1.00,,,,,,,,,,,2.10,,,,,,,,,,,,,,,,,,,,,,,,,,,,,,,,,,,,
WQP_USA_2026,USGS-01411466,Surface Water,39.59083333,-75.05972222,,8/31/2022,,Unnamed_SPE+LCMS/MS,,,ng/L,3.80,2.20,,,1.80,0.90,3.20,1.60,,,,,,,,,,,6.60,,2.00,0.90,,,,,,,,,,,,,,,,,,,,,,,,,,,,,,,,,
WQP_USA_2026,USGS-01411466,Surface Water,39.59083333,-75.05972222,,2/16/2023,,Unnamed_SPE+LCMS/MS,,,ng/L,2.50,1.30,,,1.20,,1.40,1.20,,,,,,,,,,,2.20,,,,,,,,,,,,,,,,,,,,,,,,,,,,,,,,,,,,
WQP_USA_2026,USGS-01411466,Surface Water,39.59083333,-75.05972222,,8/8/2023,,Unnamed_SPE+LCMS/MS,,,ng/L,3.90,1.90,,,2.30,,3.70,2.20,,,,,,,,,,,4.70,,5.70,,,,,,,,,,,,,,,,,,,,,,,,,,,,,,,,,,
WQP_USA_2026,USGS-01411493,Surface Water,39.52905556,-74.99288889,,6/25/2020,,Unnamed_SPE+LCMS/MS,,,ng/L,20.00,6.20,,,1.70,7.00,8.30,5.10,,,,,,,,,,,10.00,,17.00,2.00,,,,,,,,,,,,,,,,,,,,,,,,,,,,,,,,,
WQP_USA_2026,USGS-01411493,Surface Water,39.52905556,-74.99288889,,8/19/2020,,Unnamed_SPE+LCMS/MS,,,ng/L,6.70,7.30,,,1.20,1.70,4.20,2.60,,,,,,,,,,,4.30,,4.50,2.00,,,,,,,,,,,,,,,,,,,,,,,,,,,,,,,,,
WQP_USA_2026,USGS-01411500,Surface Water,39.49555556,-75.07694444,,2/24/2020,,Unnamed_SPE+LCMS/MS,,,ng/L,4.60,2.90,,,1.50,1.00,2.60,2.00,,,,,,,,,,,4.20,,3.50,1.20,,,,,,,,,,,,,,,,,,,,,,,,,,,,,,,,,
WQP_USA_2026,USGS-01411500,Surface Water,39.49555556,-75.07694444,,8/12/2020,,Unnamed_SPE+LCMS/MS,,,ng/L,7.70,5.70,,,3.60,2.10,6.00,4.40,,,,,,,,,,,9.20,,9.90,2.10,,,,,,,,,,,,,,,,,,,,,,,,,,,,,,,,,
WQP_USA_2026,USGS-01411500,Surface Water,39.49555556,-75.07694444,,2/17/2022,,Unnamed_SPE+LCMS/MS,,,ng/L,5.30,3.80,,,1.60,1.80,3.20,2.50,,,,,,,,,,,4.00,,4.30,3.00,,,,,,,,,,,,,,,,,,,,,,,,,,,,,,,,,
WQP_USA_2026,USGS-01411500,Surface Water,39.49555556,-75.07694444,,9/21/2022,,Unnamed_SPE+LCMS/MS,,,ng/L,4.70,3.70,,,1.60,1.50,3.50,2.30,,,,,,,,,,,3.90,,4.50,1.40,,,,,,,,,,,,,,,,,,,,,,,,,,,,,,,,,
WQP_USA_2026,USGS-01411500,Surface Water,39.49555556,-75.07694444,,3/30/2023,,Unnamed_SPE+LCMS/MS,,,ng/L,5.80,4.20,,,1.70,2.30,3.50,2.40,,,,,,,,,,,4.50,,3.80,1.70,,,,,,,,,,,,,,,,,,,,,,,,,,,,,,,,,
WQP_USA_2026,USGS-01411500,Surface Water,39.49555556,-75.07694444,,9/25/2023,,Unnamed_SPE+LCMS/MS,,,ng/L,4.60,3.80,,,1.60,1.60,3.40,2.60,,,,,,,,,,,4.30,,3.70,2.60,,,,,,,,,,,,,,,,,,,,,,,,,,,,,,,,,
WQP_USA_2026,USGS-01411955,Surface Water,39.33722222,-75.05083333,,9/7/2022,,Unnamed_SPE+LCMS/MS,,,ng/L,1.30,,,,,,1.20,1.00,,,,,,,,,,,2.70,,4.30,,,,,,,,,,,,,,,,,,,,,,,,,,,,,,,,,,
WQP_USA_2026,USGS-01412000,Surface Water,39.41916667,-74.96583333,,6/25/2020,,Unnamed_SPE+LCMS/MS,,,ng/L,23.00,4.80,,,1.10,8.60,8.10,2.60,,,,,,,,,,,4.20,1.10,6.70,2.00,,,,,,,,,,,,,,,,,,,,,,,,,,,,,,,,,
WQP_USA_2026,USGS-01412000,Surface Water,39.41916667,-74.96583333,,8/19/2020,,Unnamed_SPE+LCMS/MS,,,ng/L,5.00,4.30,,,1.90,1.30,3.40,2.00,,,,,,,,,,,4.10,,5.50,2.00,,,,,,,,,,,,,,,,,,,,,,,,,,,,,,,,,
WQP_USA_2026,USGS-01412800,Surface Water,39.4725,-75.25555556,,2/24/2020,,Unnamed_SPE+LCMS/MS,,,ng/L,4.60,,,,,,3.50,2.40,,,,,,,,,,,3.50,,4.30,2.00,,,,,,,,,,,,,,,,,,,,,,,,,,,,,,,,,
WQP_USA_2026,USGS-01412800,Surface Water,39.4725,-75.25555556,,8/12/2020,,Unnamed_SPE+LCMS/MS,,,ng/L,4.60,2.00,,,1.10,,4.60,2.70,,,,,,,,,,,4.20,,4.90,1.80,,,,,,,,,,,,,,,,,,,,,,,,,,,,,,,,,
WQP_USA_2026,USGS-01412800,Surface Water,39.4725,-75.25555556,,3/14/2022,,Unnamed_SPE+LCMS/MS,,,ng/L,4.20,,,,,,4.30,2.00,,,,,,,,,,,3.10,,3.90,2.00,,,,,,,,,,,,,,,,,,,,,,,,,,,,,,,,,
WQP_USA_2026,USGS-01412800,Surface Water,39.4725,-75.25555556,,8/4/2022,,Undisclosed,,,ng/L,3.00,1.30,,,,,3.40,1.50,,,,,,,,,,,3.30,,3.30,2.40,,,,,,,,,,,,,,,,,,,,,,,,,,,,,,,,,
WQP_USA_2026,USGS-01412800,Surface Water,39.4725,-75.25555556,,3/9/2023,,Unnamed_SPE+LCMS/MS,,,ng/L,3.50,1.10,,,,,3.50,1.60,,,,,,,,,,,2.40,,3.40,3.30,,,,,,,,,,,,,,,,,,,,,,,,,,,,,,,,,
WQP_USA_2026,USGS-01413049,Surface Water,39.47363889,-75.3495,,2/18/2020,,Unnamed_SPE+LCMS/MS,,,ng/L,,,,,,,0.90,,,,,,,,,,,,,,1.70,,,,,,,,,,,,,,,,,,,,,,,,,,,,,,,,,,
WQP_USA_2026,USGS-01427183,Surface Water,41.79127778,-75.27380556,,9/19/2019,,EPA 1633,,,ng/L,0.80,,,,,,,,,,,,,,,,,,,,,,,,,,,,,,,,,,,,,,,,,,,,,,,,,,,,,,
WQP_USA_2026,USGS-01431600,Surface Water,41.33619843,-75.33990357,,9/26/2019,,EPA 1633,,,ng/L,,1.00,,,,,,,,,,,,,,,,,,,,,,,,,,,,,,,,,,,,,,,,,,,,,,,,,,,,,
WQP_USA_2026,USGS-01432119,Surface Water,41.48675616,-74.99155723,,9/26/2019,,EPA 1633,,,ng/L,1.10,0.80,,,,,0.80,,,,,,,,,,,,,,,,,,,,,,,,,,,,,,,,,,,,,,,,,,,,,,,,
WQP_USA_2026,USGS-01439500,Surface Water,41.08815078,-75.03767469,,9/24/2019,,EPA 1633,,,ng/L,0.80,,,,,,,,,,,,,,,,,,,,,,,,,,,,,,,,,,,,,,,,,,,,,,,,,,,,,,
WQP_USA_2026,USGS-01439805,Surface Water,41.1865,-74.79477778,,8/14/2020,,Unnamed_SPE+LCMS/MS,,,ng/L,1.60,2.60,,,,,,,,,,,,,,,,,1.40,,,,,,,,,,,,,,,,,,,,,,,,,,,,,,,,,,,,
WQP_USA_2026,USGS-01440650,Surface Water,41.03620442,-75.20906974,,9/24/2019,,EPA 1633,,,ng/L,0.80,1.10,,,,,,,,,,,,,,,,,,,,,,,,,,,,,,,,,,,,,,,,,,,,,,,,,,,,,
WQP_USA_2026,USGS-01442500,Surface Water,40.99870601,-75.14267882,,9/24/2019,,EPA 1633,,,ng/L,1.70,4.00,,,,2.00,2.70,0.80,,,,,,,,,,,2.10,,,1.50,,,,,,,,,,,,,,,,,,,,,,,,,,,,,,,,,
WQP_USA_2026,USGS-01442760,Surface Water,40.97083333,-75.12666667,,2/1/2023,,Unnamed_SPE+LCMS/MS,,,ng/L,1.60,1.50,,,,,1.50,,,,,,,,,,,,1.70,,,,,,,,,,,,,,,,,,,,,,,,,,,,,,,,,,,,
WQP_USA_2026,USGS-01443276,Surface Water,41.06666667,-74.68777778,,2/20/2020,,Unnamed_SPE+LCMS/MS,,,ng/L,1.80,2.50,,,,,1.30,,,,,,,,,,,,1.80,,2.00,1.40,,,,,,,,,,,,,,,,,,,,,,,,,,,,,,,,,
WQP_USA_2026,USGS-01443276,Surface Water,41.06666667,-74.68777778,,9/22/2020,,Unnamed_SPE+LCMS/MS,,,ng/L,1.80,2.80,,,,,1.60,,,,,,,,,,,,2.40,,2.40,1.90,,,,,,,,,,,,,,,,,,,,,,,,,,,,,,,,,
WQP_USA_2026,USGS-0144347170,Surface Water,41.08633333,-74.86122222,,9/22/2020,,Unnamed_SPE+LCMS/MS,,,ng/L,3.30,2.20,,,,,1.60,0.90,,,,,,,,,,,2.50,,,1.40,,,,,,,,,,,,,,,,,,,,,,,,,,,,,,,,,
WQP_USA_2026,USGS-01443500,Surface Water,40.98083333,-74.95333333,,6/17/2020,,Unnamed_SPE+LCMS/MS,,,ng/L,2.40,6.20,,,,1.60,1.60,,,,,,,,,,,,1.90,,2.60,1.60,,,,,,,,,,,,,,,,,,,,,,,,,,,,,,,,,
WQP_USA_2026,USGS-01443500,Surface Water,40.98083333,-74.95333333,,9/15/2020,,Unnamed_SPE+LCMS/MS,,,ng/L,2.60,6.10,,,,2.10,2.10,1.10,,,,,,,,,,,4.60,,3.10,3.20,,,,,,,,,,,,,,,,,,,,,,,,,,,,,,,,,
WQP_USA_2026,USGS-01443500,Surface Water,40.98083333,-74.95333333,,3/24/2022,,Unnamed_SPE+LCMS/MS,,,ng/L,1.60,2.80,,,,,1.00,,,,,,,,,,,,1.70,,,1.70,,,,,,,,,,,,,,,,,,,,,,,,,,,,,,,,,
WQP_USA_2026,USGS-01443500,Surface Water,40.98083333,-74.95333333,,9/7/2022,,Undisclosed,,,ng/L,2.50,7.60,,,,2.50,2.10,1.00,,,,,,,,,,,2.30,,2.70,1.50,,,,,,,,,,,,,,,,,,,,,,,,,,,,,,,,,
WQP_USA_2026,USGS-01443500,Surface Water,40.98083333,-74.95333333,,3/13/2023,,Unnamed_SPE+LCMS/MS,,,ng/L,1.10,3.40,,,,0.90,0.90,,,,,,,,,,,,0.90,,,2.20,,,,,,,,,,,,,,,,,,,,,,,,,,,,,,,,,
WQP_USA_2026,USGS-01443500,Surface Water,40.98083333,-74.95333333,,9/18/2023,,Unnamed_SPE+LCMS/MS,,,ng/L,1.90,4.20,,,,1.20,1.40,,,,,,,,,,,,1.80,,2.20,1.40,,,,,,,,,,,,,,,,,,,,,,,,,,,,,,,,,
WQP_USA_2026,USGS-01444800,Surface Water,40.82898664,-75.08461926,,9/18/2019,,EPA 1633,,,ng/L,,0.90,,,,,1.20,,,,,,,,,,,,,,,,,,,,,,,,,,,,,,,,,,,,,,,,,,,,,,,,
WQP_USA_2026,USGS-01445160,Surface Water,40.975,-74.84888889,,9/14/2020,,Unnamed_SPE+LCMS/MS,,,ng/L,,1.10,,,,1.30,,,,,,,,,,,,,,,,,,,,,,,,,,,,,,,,,,,,,,,,,,,,,,,,,
WQP_USA_2026,USGS-01445160,Surface Water,40.975,-74.84888889,,2/8/2022,,Unnamed_SPE+LCMS/MS,,,ng/L,2.20,1.50,,,,,1.30,1.00,,,,,,,,,,,2.80,,2.90,,,,,,,,,,,,,,,,,,,,,,,,,,,,,,,,,,
WQP_USA_2026,USGS-01445160,Surface Water,40.975,-74.84888889,,8/17/2022,,Unnamed_SPE+LCMS/MS,,,ng/L,,1.80,,,,1.30,,,,,,,,,,,,,,,,,,,,,,,,,,,,,,,,,,,,,,,,,,,,,,,,,
WQP_USA_2026,USGS-01445160,Surface Water,40.975,-74.84888889,,2/15/2023,,Unnamed_SPE+LCMS/MS,,,ng/L,,2.70,,,,,,,,,,,,,,,,,,,,,,,,,,,,,,,,,,,,,,,,,,,,,,,,,,,,,
WQP_USA_2026,USGS-01445160,Surface Water,40.975,-74.84888889,,8/9/2023,,Unnamed_SPE+LCMS/MS,,,ng/L,,1.30,,,,,,,,,,,,,,,,,,,,,,,,,,,,,,,,,,,,,,,,,,,,,,,,,,,,,
WQP_USA_2026,USGS-01446400,Surface Water,40.82916667,-75.07861111,,3/16/2020,,Unnamed_SPE+LCMS/MS,,,ng/L,1.60,,,,,,,,,,,,,,,,,,,,,,,,,,,,,,,,,,,,,,,,,,,,,,,,,,,,,,
WQP_USA_2026,USGS-01446400,Surface Water,40.82916667,-75.07861111,,8/12/2020,,Unnamed_SPE+LCMS/MS,,,ng/L,2.30,2.10,,,,1.10,1.30,1.00,,,,,,,,,,,1.80,,2.70,1.80,,,,,,,,,,,,,,,,,,,,,,,,,,,,,,,,,
WQP_USA_2026,USGS-01446400,Surface Water,40.82916667,-75.07861111,,2/16/2022,,Unnamed_SPE+LCMS/MS,,,ng/L,1.80,1.50,,,,,1.00,,,,,,,,,,,,1.40,,,2.00,,,,,,,,,,,,,,,,,,,,,,,,,,,,,,,,,
WQP_USA_2026,USGS-01446400,Surface Water,40.82916667,-75.07861111,,8/18/2022,,Unnamed_SPE+LCMS/MS,,,ng/L,2.00,1.50,,,,,1.20,,,,,,,,,,,,1.40,,,2.40,,,,,,,,,,,,,,,,,,,,,,,,,,,,,,,,,
WQP_USA_2026,USGS-01446400,Surface Water,40.82916667,-75.07861111,,8/28/2023,,Unnamed_SPE+LCMS/MS,,,ng/L,2.10,2.20,,,,,1.20,,,,,,,,,,,,1.40,,2.00,1.40,,,,,,,,,,,,,,,,,,,,,,,,,,,,,,,,,
WQP_USA_2026,USGS-01447720,Surface Water,41.08472426,-75.6054522,,9/23/2019,,EPA 1633,,,ng/L,1.00,1.20,,,,,0.90,,,,,,,,,,,,,,,,,,,,,,,,,,,,,,,,,,,,,,,,,,,,,,,,
WQP_USA_2026,USGS-01450600,Surface Water,40.79342723,-75.6121312,,9/11/2019,,EPA 1633,,,ng/L,2.90,2.90,,,1.00,1.50,1.90,1.10,,,,,,,,,,,2.00,,3.90,1.20,,,,,,,,,,,,,,,,,,,,,,,,,,,,,,,,,
WQP_USA_2026,USGS-01452040,Surface Water,40.6018,-75.46208889,,9/11/2019,,EPA 1633,,,ng/L,3.40,2.20,,,2.30,1.50,3.70,2.30,,,,,,,,,,,5.50,,4.60,3.30,,,,,,,,,,,,,,,,,,,,,,,,,,,,,,,,,
WQP_USA_2026,USGS-01454700,Surface Water,40.6692656,-75.23628808,,9/11/2019,,EPA 1633,,,ng/L,2.90,2.90,,,1.30,1.70,4.20,1.80,,,,,,,,,,,4.20,,7.20,4.10,,,,,,,,,,,,,,,,,,,,,,,,,,,,,,,,,
WQP_USA_2026,USGS-01455780,Surface Water,40.92666667,-74.71888889,,2/24/2020,,Unnamed_SPE+LCMS/MS,,,ng/L,2.10,1.80,,,,,,,,,,,,,,,,,,,,,,,,,,,,,,,,,,,,,,,,,,,,,,,,,,,,,
WQP_USA_2026,USGS-01455780,Surface Water,40.92666667,-74.71888889,,8/26/2020,,Unnamed_SPE+LCMS/MS,,,ng/L,5.00,4.30,,,1.90,1.00,2.20,1.60,,,,,,,,,,,2.10,,3.40,3.40,,,,,,,,,,,,,,,,,,,,,,,,,,,,,,,,,
WQP_USA_2026,USGS-01457400,Surface Water,40.5925,-75.18611111,,2/24/2020,,Unnamed_SPE+LCMS/MS,,,ng/L,5.30,7.90,,,,1.40,1.70,1.50,,,,,,,,,,,2.00,,,4.10,,,,,,,,,,,,,,,,,,,,,,,,,,,,,,,,,
WQP_USA_2026,USGS-01457400,Surface Water,40.5925,-75.18611111,,8/12/2020,,Unnamed_SPE+LCMS/MS,,,ng/L,8.40,14.00,,,1.10,2.30,3.40,2.60,,,,,,,,,,,3.70,,3.20,3.50,,,,,,,,,,,,,,,,,,,,,,,,,,,,,,,,,
WQP_USA_2026,USGS-01457400,Surface Water,40.5925,-75.18611111,,2/16/2022,,Unnamed_SPE+LCMS/MS,,,ng/L,5.90,7.20,,,,1.40,2.20,1.80,,,,,,,,,,,2.60,,2.60,4.70,,,,,,,,,,,,,,,,,,,,,,,,,,,,,,,,,
WQP_USA_2026,USGS-01457400,Surface Water,40.5925,-75.18611111,,8/18/2022,,Unnamed_SPE+LCMS/MS,,,ng/L,9.60,15.00,,,1.00,2.10,3.30,2.60,,,,,,,,,,,3.40,,3.40,2.80,,,,,,,,,,,,,,,,,,,,,,,,,,,,,,,,,
WQP_USA_2026,USGS-01457400,Surface Water,40.5925,-75.18611111,,2/2/2023,,Unnamed_SPE+LCMS/MS,,,ng/L,4.10,7.80,,,,1.10,1.60,1.20,,,,,,,,,,,1.80,,,2.60,,,,,,,,,,,,,,,,,,,,,,,,,,,,,,,,,
WQP_USA_2026,USGS-01457400,Surface Water,40.5925,-75.18611111,,8/28/2023,,Unnamed_SPE+LCMS/MS,,,ng/L,5.60,7.90,,,,1.50,2.60,1.90,,,,,,,,,,,3.00,,2.50,2.30,,,,,,,,,,,,,,,,,,,,,,,,,,,,,,,,,
WQP_USA_2026,USGS-01458080,Surface Water,40.58925,-75.11461111,,2/25/2020,,Unnamed_SPE+LCMS/MS,,,ng/L,1.20,,,,,,,,,,,,,,,,,,,,,,,,,,,,,,,,,,,,,,,,,,,,,,,,,,,,,,
WQP_USA_2026,USGS-01458080,Surface Water,40.58925,-75.11461111,,8/28/2020,,Unnamed_SPE+LCMS/MS,,,ng/L,3.50,2.20,,,,,1.90,1.70,,,,,,,,,,,2.50,,2.50,2.20,,,,,,,,,,,,,,,,,,,,,,,,,,,,,,,,,
WQP_USA_2026,USGS-01458550,Surface Water,40.55508333,-75.01775,,2/25/2020,,Unnamed_SPE+LCMS/MS,,,ng/L,2.40,3.90,,,0.90,,1.00,,,,,,,,,,,,,,,1.10,,,,,,,,,,,,,,,,,,,,,,,,,,,,,,,,,
WQP_USA_2026,USGS-01458550,Surface Water,40.55508333,-75.01775,,8/19/2020,,Unnamed_SPE+LCMS/MS,,,ng/L,4.90,6.40,,,1.60,1.00,1.80,1.30,,,,,,,,,,,2.40,,1.90,2.00,,,,,,,,,,,,,,,,,,,,,,,,,,,,,,,,,
WQP_USA_2026,USGS-01458570,Surface Water,40.54416667,-75.04638889,,2/24/2020,,Unnamed_SPE+LCMS/MS,,,ng/L,1.50,1.70,,,,,,,,,,,,,,,,,,,,,,,,,,,,,,,,,,,,,,,,,,,,,,,,,,,,,
WQP_USA_2026,USGS-01458570,Surface Water,40.54416667,-75.04638889,,8/12/2020,,Unnamed_SPE+LCMS/MS,,,ng/L,3.30,4.40,,,,,1.00,0.90,,,,,,,,,,,1.40,,1.80,1.70,,,,,,,,,,,,,,,,,,,,,,,,,,,,,,,,,
WQP_USA_2026,USGS-01458570,Surface Water,40.54416667,-75.04638889,,2/1/2022,,Unnamed_SPE+LCMS/MS,,,ng/L,1.60,2.50,,,,1.00,,,,,,,,,,,,,,,,1.00,,,,,,,,,,,,,,,,,,,,,,,,,,,,,,,,,
WQP_USA_2026,USGS-01458570,Surface Water,40.54416667,-75.04638889,,8/3/2022,,Unnamed_SPE+LCMS/MS,,,ng/L,3.60,4.80,,,,1.40,1.30,1.00,,,,,,,,,,,2.40,,,1.40,,,,,,,,,,,,,,,,,,,,,,,,,,,,,,,,,
WQP_USA_2026,USGS-01458570,Surface Water,40.54416667,-75.04638889,,2/6/2023,,Unnamed_SPE+LCMS/MS,,,ng/L,1.50,3.10,,,,,,,,,,,,,,,,,,,,,,,,,,,,,,,,,,,,,,,,,,,,,,,,,,,,,
WQP_USA_2026,USGS-01458570,Surface Water,40.54416667,-75.04638889,,8/3/2023,,Unnamed_SPE+LCMS/MS,,,ng/L,3.10,6.50,,,,1.20,1.10,,,,,,,,,,,,1.30,,,1.40,,,,,,,,,,,,,,,,,,,,,,,,,,,,,,,,,
WQP_USA_2026,USGS-01460870,Surface Water,40.47111111,-75.02111111,,6/24/2020,,Unnamed_SPE+LCMS/MS,,,ng/L,8.90,5.90,,,1.30,1.80,2.80,2.20,,,,,,,,,,,4.00,,9.30,1.50,,,,,,,,,,,,,,,,,,,,,,,,,,,,,,,,,
WQP_USA_2026,USGS-01460870,Surface Water,40.47111111,-75.02111111,,9/9/2020,,Unnamed_SPE+LCMS/MS,,,ng/L,5.90,3.60,,,,,5.20,2.00,,,,,,,,,,,4.30,,7.40,2.40,,,,,,,,,,,,,,,,,,,,,,,,,,,,,,,,,
WQP_USA_2026,USGS-01462033,Surface Water,40.35672222,-74.93847222,,6/24/2020,,Unnamed_SPE+LCMS/MS,,,ng/L,3.80,,,,,,1.00,,,,,,,,,,,,1.50,,3.50,,,,,,,,,,,,,,,,,,,,,,,,,,,,,,,,,,
WQP_USA_2026,USGS-01462033,Surface Water,40.35672222,-74.93847222,,9/9/2020,,Unnamed_SPE+LCMS/MS,,,ng/L,1.20,1.70,,,,,,,,,,,,,,,,,,,,,,,,,,,,,,,,,,,,,,,,,,,,,,,,,,,,,
WQP_USA_2026,USGS-01463500,Surface Water,40.22166667,-74.77805556,,9/16/2019,,EPA 1633,,,ng/L,2.20,2.10,,,,1.00,2.50,1.40,,,,,,,,,,,2.60,,,2.00,,,,,,,,,,,,,,,,,,,,,,,,,,,,,,,,,
WQP_USA_2026,USGS-01463850,Surface Water,40.24694444,-74.68666667,,2/20/2020,,Unnamed_SPE+LCMS/MS,,,ng/L,8.70,7.70,,,1.50,3.00,4.10,3.30,,,,,,,,,,,5.20,,5.40,3.00,,,,,,,,,,,,,,,,,,,,,,,,,,,,,,,,,
WQP_USA_2026,USGS-01463850,Surface Water,40.24694444,-74.68666667,,3/3/2022,,Unnamed_SPE+LCMS/MS,,,ng/L,10.00,6.80,,,1.50,2.50,5.20,3.50,,3.20,,,,,,,,,5.20,,6.00,3.40,,,,,,,,,,,,,,,,,,,,,,,,,,,,,,,,,
WQP_USA_2026,USGS-01463850,Surface Water,40.24694444,-74.68666667,,8/1/2022,,Unnamed_SPE+LCMS/MS,,,ng/L,6.50,5.50,,,1.00,1.30,3.70,2.20,,,,,,,,,,,6.20,,5.30,2.60,,,,,,,,,,,,,,,,,,,,,,,,,,,,,,,,,
WQP_USA_2026,USGS-01463850,Surface Water,40.24694444,-74.68666667,,2/15/2023,,Unnamed_SPE+LCMS/MS,,,ng/L,9.20,7.20,,,1.30,2.90,4.80,3.40,,,,2.00,,,,,,,4.80,,4.60,3.80,,,,,,,,,,,,,,,,,,,,,,,,,,,,,,,,,
WQP_USA_2026,USGS-01463850,Surface Water,40.24694444,-74.68666667,,9/18/2023,,Unnamed_SPE+LCMS/MS,,,ng/L,3.70,4.10,,,1.00,1.20,3.00,2.60,,,,,,,,,,,4.70,,4.00,2.50,,,,,,,,,,,,,,,,,,,,,,,,,,,,,,,,,
WQP_USA_2026,USGS-01464020,Surface Water,40.21722222,-74.76861111,,2/21/2020,,Unnamed_SPE+LCMS/MS,,,ng/L,8.80,8.20,,,2.90,2.80,6.70,3.30,,,,2.30,,,,,,,7.40,,5.10,16.00,,,,,,,,,,,,,,,,,,,,,,,,,,,,,,,,,
WQP_USA_2026,USGS-01464020,Surface Water,40.21722222,-74.76861111,,9/8/2020,,Unnamed_SPE+LCMS/MS,,,ng/L,10.00,10.00,,1.00,3.50,2.70,10.00,3.40,,,,,,,,,,,14.00,,6.00,8.90,,,,,,,,,,,,,,,,,,,,,,,,,,,,,,,,,
WQP_USA_2026,USGS-01464020,Surface Water,40.21722222,-74.76861111,,3/17/2021,,Unnamed_SPE+LCMS/MS,,,ng/L,8.00,8.00,,,2.20,2.80,6.00,3.00,,,,,,,,,,,6.20,,5.40,16.00,,,,,,,,,,,,,,,,,,,,,,,,,,,,,,,,,
WQP_USA_2026,USGS-01464020,Surface Water,40.21722222,-74.76861111,,8/17/2022,,Unnamed_SPE+LCMS/MS,,,ng/L,16.00,18.00,,1.60,6.00,4.70,22.00,5.80,,,,,,,,,,,27.00,,9.30,,,,,,,,,,,1.10,,,,,,,,,,,,,,,,,,,,,,,
WQP_USA_2026,USGS-01464020,Surface Water,40.21722222,-74.76861111,,3/14/2023,,Unnamed_SPE+LCMS/MS,,,ng/L,3.20,1.60,,,,,2.00,1.30,,2.90,,,,,,,,,1.60,,3.00,1.30,,,,,,,,,,,,,,,,,,,,,,,,,,,,,,,,,
WQP_USA_2026,USGS-01464020,Surface Water,40.21722222,-74.76861111,,8/31/2023,,Unnamed_SPE+LCMS/MS,,,ng/L,9.10,9.20,,,2.80,2.70,13.00,3.40,,,,,,,,,,,15.00,,7.00,18.00,,,,,,,,,,,,,,,,,,,,,,,,,,,,,,,,,
WQP_USA_2026,USGS-01464424,Surface Water,40.08838889,-74.55838889,,3/12/2020,,Unnamed_SPE+LCMS/MS,,,ng/L,1.70,,,,,,1.50,,,,,,,,,,,,1.90,,,0.90,,,,,,,,,,,,,,,,,,,,,,,,,,,,,,,,,
WQP_USA_2026,USGS-01464424,Surface Water,40.08838889,-74.55838889,,8/18/2020,,Unnamed_SPE+LCMS/MS,,,ng/L,4.80,3.30,,,,2.20,5.00,4.30,,,,,,,,,,,9.20,,4.60,3.60,,,,,,,,,,,,,,,,,,,,,,,,,,,,,,,,,
WQP_USA_2026,USGS-0146450240,Surface Water,40.13583333,-74.61805556,,3/12/2020,,Unnamed_SPE+LCMS/MS,,,ng/L,1.10,,,,,,,,,,,,,,,,,,,,,,,,,,,,,,,,,,,,,,,,,,,,,,,,,,,,,,
WQP_USA_2026,USGS-0146450240,Surface Water,40.13583333,-74.61805556,,8/18/2020,,Unnamed_SPE+LCMS/MS,,,ng/L,2.10,1.30,,,,1.40,1.50,1.40,,,,,,,,,,,2.30,,2.50,1.70,,,,,,,,,,,,,,,,,,,,,,,,,,,,,,,,,
WQP_USA_2026,USGS-01464504,Surface Water,40.16722222,-74.6775,,2/20/2020,,Unnamed_SPE+LCMS/MS,,,ng/L,6.00,21.00,,,,16.00,5.90,2.40,,,,5.10,,,,,,,4.80,1.70,3.00,3.20,,,,,,,,,,,,,,,,,,,,,,,,,,,,,,,,,
WQP_USA_2026,USGS-01464504,Surface Water,40.16722222,-74.6775,,3/1/2021,,Unnamed_SPE+LCMS/MS,,,ng/L,4.00,9.80,,,1.00,5.80,4.60,1.70,,,,,,,,,,,3.00,,3.40,3.30,,,,,,,,,,,,,,,,,,,,,,,,,,,,,,,,,
WQP_USA_2026,USGS-01464504,Surface Water,40.16722222,-74.6775,,3/22/2022,,Unnamed_SPE+LCMS/MS,,,ng/L,6.10,17.00,,,,14.00,7.20,2.60,,,,2.30,,,,,,,6.00,1.40,3.00,4.70,,,,,,,,,,,,,,,,,,,,,,,,,,,,,,,,,
WQP_USA_2026,USGS-01464504,Surface Water,40.16722222,-74.6775,,8/29/2022,,Unnamed_SPE+LCMS/MS,,,ng/L,8.00,24.00,,,1.30,18.00,8.50,3.40,,,,,,,,,,,10.00,1.90,4.80,6.30,,,,,,,,,,,,,,,,,,,,,,,,,,,,,,,,,
WQP_USA_2026,USGS-01464504,Surface Water,40.16722222,-74.6775,,3/6/2023,,Unnamed_SPE+LCMS/MS,,,ng/L,4.90,19.00,,,,14.00,4.40,2.00,,,,,,,,,,,4.00,,3.20,4.90,,,,,,,,,,,,,,,,,,,,,,,,,,,,,,,,,
WQP_USA_2026,USGS-01464504,Surface Water,40.16722222,-74.6775,,9/20/2023,,Unnamed_SPE+LCMS/MS,,,ng/L,7.40,21.00,,,1.20,18.00,8.00,3.20,,,,3.70,,,,,,,8.20,2.30,4.90,8.10,,,,,,,,,,,,,,,,,,,,,,,,,,,,,,,,,
WQP_USA_2026,USGS-01464515,Surface Water,40.17694444,-74.59888889,,2/21/2020,,Unnamed_SPE+LCMS/MS,,,ng/L,3.10,2.20,,,,1.90,1.40,1.20,,,,,,,,,,,2.10,,1.90,1.10,,,,,,,,,,,,,,,,,,,,,,,,,,,,,,,,,
WQP_USA_2026,USGS-01464515,Surface Water,40.17694444,-74.59888889,,9/28/2020,,Unnamed_SPE+LCMS/MS,,,ng/L,4.50,3.80,,,,5.40,3.40,2.10,,,,,,,,,,,7.60,,3.00,8.10,,,,,,,,,,,,,,,,,,,,,,,,,,,,,,,,,
WQP_USA_2026,USGS-01464515,Surface Water,40.17694444,-74.59888889,,3/21/2022,,Unnamed_SPE+LCMS/MS,,,ng/L,3.40,2.30,,,,1.10,2.10,1.30,,,,,,,,,,,2.60,,2.10,,,,,,,,,,,,,,,,,,,,,,,,,,,,,,,,,,
WQP_USA_2026,USGS-01464515,Surface Water,40.17694444,-74.59888889,,8/1/2022,,Unnamed_SPE+LCMS/MS,,,ng/L,5.30,3.70,,,1.20,1.50,6.20,2.50,,,,,,,,,,,9.00,,5.20,24.00,,,,,,,,,,,,,,,,,,,,,,,,,,,,,,,,,
WQP_USA_2026,USGS-01464527,Surface Water,40.10944444,-74.64166667,,2/21/2020,,Unnamed_SPE+LCMS/MS,,,ng/L,3.40,1.60,,,1.00,,1.50,1.30,,,,,,,,,,,4.50,,,1.20,,,,,,,,,,,,,,,,,,,,,,,,,,,,,,,,,
WQP_USA_2026,USGS-01464527,Surface Water,40.10944444,-74.64166667,,9/28/2020,,Unnamed_SPE+LCMS/MS,,,ng/L,4.10,1.60,,,,2.00,2.70,1.90,,,,,,,,,,,6.50,,2.90,4.70,,,,,,,,,,,,,,,,,,,,,,,,,,,,,,,,,
WQP_USA_2026,USGS-01464527,Surface Water,40.10944444,-74.64166667,,3/15/2022,,Unnamed_SPE+LCMS/MS,,,ng/L,3.00,1.80,,,,1.40,1.60,1.20,,,,,,,,,,,2.30,,2.30,1.80,,,,,,,,,,,,,,,,,,,,,,,,,,,,,,,,,
WQP_USA_2026,USGS-01464527,Surface Water,40.10944444,-74.64166667,,8/1/2022,,Unnamed_SPE+LCMS/MS,,,ng/L,3.20,1.40,,,,1.00,2.00,1.10,,,,,,,,,,,2.90,,3.30,1.70,,,,,,,,,,,,,,,,,,,,,,,,,,,,,,,,,
WQP_USA_2026,USGS-01464527,Surface Water,40.10944444,-74.64166667,,2/28/2023,,Unnamed_SPE+LCMS/MS,,,ng/L,2.50,1.50,,,,1.20,1.50,1.00,,,,,,,,,,,1.00,,,1.90,,,,,,,,,,,,,,,,,,,,,,,,,,,,,,,,,
WQP_USA_2026,USGS-01464527,Surface Water,40.10944444,-74.64166667,,9/18/2023,,Unnamed_SPE+LCMS/MS,,,ng/L,3.10,2.00,,,,1.20,1.60,1.30,,,,,,,,,,,1.80,,3.60,2.10,,,,,,,,,,,,,,,,,,,,,,,,,,,,,,,,,
WQP_USA_2026,USGS-01464800,Surface Water,40.22510787,-75.14545013,,11/16/2021,,EPA 1633,,,ng/L,9.30,4.50,,,1.00,1.80,6.30,3.40,,,,,,,,,,,15.00,,6.50,8.00,,,,,,,,,,,,,,,,,,,,,,,,,,,,,,,,,
WQP_USA_2026,USGS-01464881,Surface Water,40.20161111,-75.18541667,,11/16/2021,,EPA 1633,,,ng/L,7.30,5.40,,0.00,1.30,2.80,5.40,3.80,0.00,,,,,,,,,,5.90,0.50,5.50,3.90,,0.00,,,,,,,0.00,0.00,,,0.00,,,0.00,,0.00,0.00,,,0.00,0.00,0.00,0.00,,,,,0.00,,,
WQP_USA_2026,USGS-01464885,Surface Water,40.21011111,-75.17188889,,11/16/2021,,EPA 1633,,,ng/L,7.40,6.30,,0.00,1.70,2.60,5.70,4.50,0.00,,,,,,,,,,7.50,0.60,6.00,5.40,,0.00,,,,,,,0.00,0.00,,,0.00,,,0.00,,0.00,0.00,,,0.00,0.00,0.00,0.00,,,,,0.00,,,
WQP_USA_2026,USGS-01464894,Surface Water,40.21266667,-75.16572222,,11/16/2021,,EPA 1633,,,ng/L,11.00,36.00,,0.00,2.00,21.00,10.00,7.00,0.70,,,,,,,,,,9.50,3.50,7.10,7.60,,0.00,,,,,,,0.00,0.00,,,0.00,,,0.00,,0.00,0.00,,,0.00,0.00,0.00,0.00,,,,,0.00,,,
WQP_USA_2026,USGS-01464895,Surface Water,40.2165,-75.15980556,,11/16/2021,,EPA 1633,,,ng/L,11.00,44.00,,0.00,1.90,34.00,12.00,6.50,0.90,,,,,,,,,,13.00,4.90,8.30,9.30,,0.00,,,,,,,0.00,0.00,,,0.00,,,0.00,,0.00,0.00,,,0.00,0.00,0.00,0.00,,,,,0.00,,,
WQP_USA_2026,USGS-014648955,Surface Water,40.21725,-75.15705556,,11/16/2021,,EPA 1633,,,ng/L,13.00,61.00,,,2.10,48.00,20.00,7.80,1.40,,,2.30,,,,,,,19.00,7.40,9.20,11.00,,,,,,,,,,,,,,,,,,,,,,,,,,,,,,,,,
WQP_USA_2026,USGS-01464899,Surface Water,40.2195,-75.15163889,,11/16/2021,,EPA 1633,,,ng/L,15.00,84.00,,0.00,2.00,61.00,19.00,8.40,1.90,,,6.80,,,,,,,22.00,9.40,12.00,12.00,,0.00,,,,,,,0.00,0.00,,,0.00,,,0.00,,0.00,0.00,,,0.00,0.00,0.00,0.00,,,,,0.00,,,
WQP_USA_2026,USGS-01464899,Surface Water,40.2195,-75.15163889,,10/5/2022,,EPA 1633,,,ng/L,"2,200.00","220,000.00",,"1,600.00","3,800.00","2,000.00",14.00,6.10,"1,400.00",,,"1,600.00",760.00,,,,,,18.00,5.20,8.90,8.50,,0.00,,,,,,,0.00,300.00,,,0.00,0.00,,0.00,,0.00,0.00,,,0.00,0.00,0.00,680.00,,,,,0.00,,,
WQP_USA_2026,USGS-01464900,Surface Water,40.22344124,-75.14461681,,11/16/2021,,EPA 1633,,,ng/L,15.00,75.00,,0.00,2.00,60.00,17.00,6.80,1.80,,,6.60,,,,,,,22.00,9.30,12.00,10.00,,0.00,,,,,,,0.00,0.00,,,0.00,,,0.00,,0.00,0.00,,,0.00,0.00,0.00,0.00,,,,,0.00,,,
WQP_USA_2026,USGS-014649015,Surface Water,40.22463889,-75.13427778,,11/16/2021,,EPA 1633,,,ng/L,14.00,51.00,,0.00,1.90,37.00,17.00,5.70,1.20,,,2.60,,,,,,,20.00,5.60,10.00,10.00,,0.00,,,,,,,0.00,0.00,,,0.00,,,0.00,,0.00,0.00,,,0.00,0.00,0.00,0.00,,,,,0.00,,,
WQP_USA_2026,USGS-01464905,Surface Water,40.22455238,-75.13100532,,11/16/2021,,EPA 1633,,,ng/L,16.00,63.00,,0.00,1.80,44.00,18.00,7.20,1.50,,,3.20,,,,,,,20.00,7.00,10.00,11.00,,0.00,,,,,,,0.00,0.00,,,0.00,,,0.00,,0.00,0.00,,,0.00,0.00,0.00,0.00,,,,,0.00,,,
WQP_USA_2026,USGS-01464907,Surface Water,40.22927456,-75.11961605,,11/16/2021,,EPA 1633,,,ng/L,15.00,59.00,,0.00,1.80,39.00,16.00,6.30,1.50,,,3.30,,,,,,,19.00,6.20,9.90,9.70,,0.00,,,,,,,0.00,0.00,,,0.00,,,0.00,,0.00,0.00,,,0.00,0.00,0.00,0.00,,,,,0.00,,,
WQP_USA_2026,USGS-01464915,Surface Water,40.23258333,-75.10186111,,11/16/2021,,EPA 1633,,,ng/L,14.00,38.00,,0.50,1.70,26.00,16.00,6.50,0.90,,,1.60,,,,,,,18.00,4.50,8.40,10.00,,0.00,,,,,,,0.00,0.00,,,0.00,,,0.00,,0.00,0.00,,,0.00,0.00,0.00,0.00,,,,,0.00,,,
WQP_USA_2026,USGS-01464984,Surface Water,40.24066353,-75.05378087,,7/28/2022,,EPA 1633,,,ng/L,100.00,"14,000.00",,"1,100.00",220.00,36.00,80.00,18.00,17.00,,,3.10,58.00,,,,,,31.00,2.60,47.00,9.90,,0.00,,,,,,,0.00,570.00,,,270.00,0.00,,160.00,,78.00,7.10,,,40.00,30.00,150.00,100.00,,,,,0.00,,,
WQP_USA_2026,USGS-01464985,Surface Water,40.24010799,-75.05378088,,10/26/2020,,EPA 537.1,,,ng/L,15.60,37.00,,0.80,1.60,25.00,21.00,7.30,,,,,,,,,,,,,,9.80,,,,,,,,,,0.00,,,0.00,,,0.00,,,0.00,,,,0.00,0.00,,,,,,,,,
WQP_USA_2026,USGS-01464985,Surface Water,40.24010799,-75.05378088,,10/26/2020,,EPA 1633,,,ng/L,,,,,,,,,0.80,,,,,,,,,,25.00,3.80,9.50,,,,,,,,,,0.00,,,,,,,,,0.00,,,,0.00,,,0.00,,,,,,,,
WQP_USA_2026,USGS-01464985,Surface Water,40.24010799,-75.05378088,,11/18/2020,,EPA 537.1,,,ng/L,13.00,31.00,,0.50,1.60,24.00,15.00,6.40,,,,,,,,,,,,,,9.00,,,,,,,,,,0.00,,,0.00,,,0.00,,,0.00,,,,0.00,0.00,,,,,,,,,
WQP_USA_2026,USGS-01464985,Surface Water,40.24010799,-75.05378088,,11/18/2020,,EPA 1633,,,ng/L,,,,,,,,,0.70,,,4.00,,,,,,,17.00,3.50,7.70,,,,,,,,,,0.00,,,,,0.00,,,,0.00,,,,0.00,,,0.00,,,,,,,,
WQP_USA_2026,USGS-01464985,Surface Water,40.24010799,-75.05378088,,12/14/2020,,EPA 537.1,,,ng/L,16.00,49.00,,0.60,2.00,30.00,17.00,6.60,,,,,,,,,,,,,,9.50,,,,,,,,,,0.00,,,0.00,,,0.00,,,0.00,,,,0.00,0.00,,,,,,,,,
WQP_USA_2026,USGS-01464985,Surface Water,40.24010799,-75.05378088,,12/14/2020,,EPA 1633,,,ng/L,,,,,,,,,0.90,,,3.20,,,,,,,19.00,4.00,8.00,,,,,,,,,,0.00,,,,,,,,,0.00,,,,0.00,,,0.00,,,,,,,,
WQP_USA_2026,USGS-01464985,Surface Water,40.24010799,-75.05378088,,1/27/2021,,EPA 537.1,,,ng/L,16.10,54.20,,,,29.90,16.90,5.00,,,,,,,,,,,,,,7.50,,,,,,,,,,,,,,,,,,,,,,,,,,,,,,,,,
WQP_USA_2026,USGS-01464985,Surface Water,40.24010799,-75.05378088,,2/23/2021,,EPA 537.1,,,ng/L,13.70,31.50,,,,18.40,11.00,4.20,,,,,,,,,,,,,,6.20,,,,,,,,,,,,,,,,,,,,,,,,,,,,,,,,,
WQP_USA_2026,USGS-01464985,Surface Water,40.24010799,-75.05378088,,3/17/2021,,EPA 537.1,,,ng/L,14.10,37.00,,,,22.30,12.40,4.70,,,,,,,,,,,,,,6.30,,,,,,,,,,,,,,,,,,,,,,,,,,,,,,,,,
WQP_USA_2026,USGS-01464985,Surface Water,40.24010799,-75.05378088,,4/15/2021,,EPA 537.1,,,ng/L,16.10,38.10,,,,26.00,12.90,5.50,,,,,,,,,,,,,,7.50,,,,,,,,,,,,,,,,,,,,,,,,,,,,,,,,,
WQP_USA_2026,USGS-01464985,Surface Water,40.24010799,-75.05378088,,5/12/2021,,EPA 537.1,,,ng/L,18.20,43.40,,,,26.20,16.30,5.60,,,,,,,,,,,,,,7.50,,,,,,,,,,,,,,,,,,,,,,,,,,,,,,,,,
WQP_USA_2026,USGS-01464985,Surface Water,40.24010799,-75.05378088,,6/28/2021,,EPA 537.1,,,ng/L,19.80,49.60,,,,27.00,19.40,6.40,,,,,,,,,,,,,,8.50,,,,,,,,,,,,,,,,,,,,,,,,,,,,,,,,,
WQP_USA_2026,USGS-01464985,Surface Water,40.24010799,-75.05378088,,7/13/2021,,EPA 537.1,,,ng/L,10.10,29.30,,,,11.10,7.30,,,,,,,,,,,,,,,,,,,,,,,,,,,,,,,,,,,,,,,,,,,,,,,,
WQP_USA_2026,USGS-01464985,Surface Water,40.24010799,-75.05378088,,8/16/2021,,EPA 537.1,,,ng/L,17.50,45.20,,,,26.90,16.40,5.70,,,,,,,,,,,,,,8.10,,,,,,,,,,,,,,,,,,,,,,,,,,,,,,,,,
WQP_USA_2026,USGS-01464985,Surface Water,40.24010799,-75.05378088,,9/8/2021,,EPA 537.1,,,ng/L,22.10,51.10,,,,31.90,16.30,7.40,,,,,,,,,,,,,,9.60,,,,,,,,,,,,,,,,,,,,,,,,,,,,,,,,,
WQP_USA_2026,USGS-01464985,Surface Water,40.24010799,-75.05378088,,10/13/2021,,EPA 537.1,,,ng/L,22.10,55.80,,,,32.50,21.00,7.60,,,,,,,,,,,,,,11.50,,,,,,,,,,,,,,,,,,,,,,,,,,,,,,,,,
WQP_USA_2026,USGS-01464985,Surface Water,40.24010799,-75.05378088,,11/18/2021,,EPA 537.1,,,ng/L,17.20,38.30,,,,26.00,13.90,5.70,,,,,,,,,,,,,,7.90,,,,,,,,,,,,,,,,,,,,,,,,,,,,,,,,,
WQP_USA_2026,USGS-01464985,Surface Water,40.24010799,-75.05378088,,12/13/2021,,EPA 537.1,,,ng/L,13.30,37.80,,,,21.80,13.00,4.60,,,,,,,,,,,,,,6.60,,,,,,,,,,,,,,,,,,,,,,,,,,,,,,,,,
WQP_USA_2026,USGS-01464985,Surface Water,40.24010799,-75.05378088,,2/28/2022,,EPA 537.1,,,ng/L,12.80,33.60,,,1.40,20.70,11.10,5.00,,,,,,,,,,,,,,11.00,,,,,,,,,,,,,,,,,,,,,,,,,,,,,,,,,
WQP_USA_2026,USGS-01464985,Surface Water,40.24010799,-75.05378088,,3/10/2022,,EPA 537.1,,,ng/L,11.30,31.80,,,1.40,14.70,8.90,4.10,,,,,,,,,,,,,,8.30,,,,,,,,,,,,,,,,,,,,,,,,,,,,,,,,,
WQP_USA_2026,USGS-01464985,Surface Water,40.24010799,-75.05378088,,4/26/2022,,EPA 537.1,,,ng/L,17.20,46.90,,,1.50,27.30,12.60,5.70,,,,,,,,,,,,,,10.30,,,,,,,,,,,,,,,,,,,,,,,,,,,,,,,,,
WQP_USA_2026,USGS-01464985,Surface Water,40.24010799,-75.05378088,,6/22/2022,,EPA 537.1,,,ng/L,14.60,36.70,,,1.70,22.90,14.10,5.60,,,,,,,,,,,,,,12.60,,,,,,,,,,,,,,,,,,,,,,,,,,,,,,,,,
WQP_USA_2026,USGS-01464985,Surface Water,40.24010799,-75.05378088,,7/26/2022,,EPA 537.1,,,ng/L,18.70,46.70,,,1.90,23.20,26.50,7.50,,,,,,,,,,,,,,18.60,,,,,,,,,,,,,,,,,,,,,,,,,,,,,,,,,
WQP_USA_2026,USGS-01464985,Surface Water,40.24010799,-75.05378088,,8/30/2022,,EPA 1633,,,ng/L,14.00,40.00,,1.20,1.70,18.00,21.00,5.50,0.90,,,,,,,,,,24.00,2.80,12.00,7.90,,0.00,,,,,,,0.00,0.00,,,0.00,0.00,,0.00,,0.00,0.00,,,0.00,0.00,0.00,0.00,,,,,0.00,,,
WQP_USA_2026,USGS-01464985,Surface Water,40.24010799,-75.05378088,,9/29/2022,,EPA 1633,,,ng/L,14.00,30.00,,0.50,1.40,18.00,18.00,5.30,0.70,,,,,,,,,,25.00,3.00,6.90,9.50,,,,,,,,,,,,,,,,,,,,,,,,0.00,,,,,,,,,
WQP_USA_2026,USGS-01464985,Surface Water,40.24010799,-75.05378088,,10/18/2022,,EPA 1633,,,ng/L,17.00,51.00,,0.80,2.00,29.00,17.00,6.10,1.00,,,,,,,,,,21.00,4.40,10.00,10.00,,,,,,,,,,,,,,,,,,,,,,,,0.00,,,,,,,,,
WQP_USA_2026,USGS-01464985,Surface Water,40.24010799,-75.05378088,,11/17/2022,,EPA 1633,,,ng/L,10.00,24.00,,0.80,2.00,15.00,11.00,4.50,0.50,,,,,,,,,,12.00,2.40,6.30,6.90,,,,,,,,,,,,,,,,,,,,,,,,0.00,,,,,,,,,
WQP_USA_2026,USGS-01464985,Surface Water,40.24010799,-75.05378088,,12/7/2022,,EPA 1633,,,ng/L,8.60,26.00,,0.80,1.90,10.00,7.20,3.70,0.50,,,,,,,,,,8.70,1.60,6.40,5.50,,,,,,,,,,,,,,,,,,,,,,,,0.00,,,,,,,,,
WQP_USA_2026,USGS-01464985,Surface Water,40.24010799,-75.05378088,,1/11/2023,,EPA 1633,,,ng/L,13.00,35.00,,,1.70,22.00,12.00,4.20,0.90,,,2.90,,,,,,,12.00,3.40,7.40,7.70,,,,,,,,,,,,,,,,,,,,,,,,0.00,,,,,,,,,
WQP_USA_2026,USGS-01464985,Surface Water,40.24010799,-75.05378088,,2/9/2023,,EPA 1633,,,ng/L,15.00,42.00,,,1.80,24.00,12.00,5.20,1.10,,,3.10,,,,,,,14.00,3.70,,8.50,,,,,,,,,,,,,,,,,,,,,,,,0.00,0.50,,,,,,,,
WQP_USA_2026,USGS-01464985,Surface Water,40.24010799,-75.05378088,,3/27/2023,,EPA 1633,,,ng/L,14.00,35.00,,,1.80,19.00,17.00,5.20,0.70,,,,,,,,,,16.00,3.10,9.70,8.00,,,,,,,,,,,,,,,,,,,,,,,,0.00,0.50,,,,,,,,
WQP_USA_2026,USGS-01464985,Surface Water,40.24010799,-75.05378088,,4/20/2023,,EPA 1633,,,ng/L,18.00,42.00,,,2.10,23.00,23.00,5.50,1.00,,,,,,,,,,29.00,3.90,11.00,8.30,,,,,,,,,,,,,,,,,,,,,,,,0.00,0.90,,,,,,,,
WQP_USA_2026,USGS-01464985,Surface Water,40.24010799,-75.05378088,,5/24/2023,,EPA 1633,,,ng/L,17.00,46.00,,,1.90,22.00,16.00,5.30,1.00,,,2.30,,,,,,,21.00,3.30,9.70,8.50,,,,,,,,,,,,,,,,,,,,,,,,0.00,,,,,,,,,
WQP_USA_2026,USGS-01464985,Surface Water,40.24010799,-75.05378088,,6/14/2023,,EPA 1633,,,ng/L,18.00,35.00,,0.80,2.60,11.00,16.00,5.80,0.70,,,,,,,,,,20.00,2.00,11.00,7.20,,,,,,,,,,,,,,,,,,,,,,,,,,,,,,,,,
WQP_USA_2026,USGS-01464985,Surface Water,40.24010799,-75.05378088,,7/13/2023,,EPA 1633,,,ng/L,15.00,42.00,,0.60,2.10,21.00,13.00,5.50,0.80,,,3.60,,,,,,,16.00,3.70,10.00,7.70,,0.00,,,,,,,0.00,0.00,,,0.00,0.00,,0.00,,0.00,0.00,,,0.00,0.00,0.00,0.00,,,,,0.00,,,
WQP_USA_2026,USGS-01464985,Surface Water,40.24010799,-75.05378088,,8/17/2023,,EPA 1633,,,ng/L,16.00,43.00,,0.90,2.50,18.00,14.00,5.60,0.90,,,,,,,,,,18.00,2.80,11.00,8.60,,0.00,,,,,,,0.00,0.00,,,0.00,0.00,,0.00,,0.00,0.00,,,0.00,0.00,0.00,0.00,,,,,0.00,,,
WQP_USA_2026,USGS-01464985,Surface Water,40.24010799,-75.05378088,,8/31/2023,,EPA 1633,,,ng/L,17.00,43.00,,0.80,2.40,22.00,16.00,5.90,1.00,,,1.70,,,,,,,19.00,3.70,10.00,8.30,,0.00,,,,,,,0.00,0.00,,,0.00,0.00,,0.00,,0.00,0.00,,,0.00,0.00,0.00,0.00,,,,,0.00,,,
WQP_USA_2026,USGS-01464985,Surface Water,40.24010799,-75.05378088,,10/5/2023,,EPA 1633,,,ng/L,17.00,45.00,,0.50,2.20,22.00,14.00,5.20,0.90,,,120.00,,,,,,,16.00,3.40,12.00,9.00,,,,,,,,,,,,,,,,,,,,,,,,0.00,0.70,,,,,,,,
WQP_USA_2026,USGS-01464985,Surface Water,40.24010799,-75.05378088,,11/15/2023,,EPA 1633,,,ng/L,16.00,33.00,,0.60,1.50,20.00,21.00,4.50,0.90,,,,,,,,,,19.00,3.10,9.00,7.80,,,,,,,,,,,,,,,,,,,,,,,,0.00,,,,,,,,,
WQP_USA_2026,USGS-01464985,Surface Water,40.24010799,-75.05378088,,12/19/2023,,EPA 1633,,,ng/L,7.70,14.00,,0.50,1.70,5.10,5.90,2.90,,,,,,,,,,,5.80,0.70,5.10,3.60,,,,,,,,,,,,,,,,,,,,,,,,0.00,,,,,,,,,
WQP_USA_2026,USGS-01464985,Surface Water,40.24010799,-75.05378088,,1/29/2024,,EPA 1633,,,ng/L,11.00,25.00,,0.60,1.60,11.00,8.60,3.80,0.50,,,3.20,,,,,,,8.50,1.70,6.30,5.60,,0.00,,,,,,,0.00,0.00,,,0.00,0.00,,0.00,,0.00,0.00,,,0.00,0.00,0.00,0.00,,,,,0.00,,,
WQP_USA_2026,USGS-01464985,Surface Water,40.24010799,-75.05378088,,2/14/2024,,EPA 1633,,,ng/L,14.00,40.00,,0.00,2.00,15.00,12.00,4.90,0.90,,,1.60,,,,,,,14.00,2.20,9.70,6.30,,0.00,,,,,,,0.00,0.00,,,0.00,0.00,,0.00,,0.00,0.00,,,0.00,0.00,0.00,0.60,,,,,0.00,,,
WQP_USA_2026,USGS-01464985,Surface Water,40.24010799,-75.05378088,,3/6/2024,,EPA 1633,,,ng/L,14.00,30.00,,,1.80,14.00,10.00,4.40,,,,,,,,,,,11.00,2.10,7.40,6.60,,,,,,,,,,,,,,,,,,,,,,,,,,,,,,,,,
WQP_USA_2026,USGS-01464985,Surface Water,40.24010799,-75.05378088,,4/11/2024,,EPA 1633,,,ng/L,17.00,48.00,,,2.20,26.00,13.00,5.40,0.90,,,3.00,,,,,,,14.00,3.20,9.60,7.20,,,,,,,,,,,,,,,,,,,,,,,,0.00,0.80,,,,,,,,
WQP_USA_2026,USGS-01464985,Surface Water,40.24010799,-75.05378088,,5/13/2024,,EPA 1633,,,ng/L,16.00,46.00,,0.70,2.00,24.00,17.00,5.60,0.80,,,,,,,,,,20.00,3.40,11.00,7.10,,,,,,,,,,,,,,,,,,,,,,,,0.00,,,,,,,,,
WQP_USA_2026,USGS-01464985,Surface Water,40.24010799,-75.05378088,,6/11/2024,,EPA 1633,,,ng/L,18.00,45.00,,1.10,2.00,24.00,16.00,4.90,0.90,,,,,,,,,,17.00,2.60,7.70,5.60,,,,,,,,,0.00,0.00,,,0.00,0.00,,0.00,,0.00,0.00,,,0.00,0.00,0.00,0.50,,,,,0.00,,,
WQP_USA_2026,USGS-01464985,Surface Water,40.24010799,-75.05378088,,7/17/2024,,EPA 1633,,,ng/L,16.00,41.00,,1.20,2.70,14.00,19.00,4.90,0.60,,,,,,,,,,32.00,2.10,15.00,6.70,,,,,,,,,,,,,,,,,,,,,,,,0.00,0.70,,,,,,,,
WQP_USA_2026,USGS-01464985,Surface Water,40.24010799,-75.05378088,,8/19/2024,,EPA 1633,,,ng/L,17.00,48.00,,0.80,2.20,24.00,17.00,5.00,0.90,,,,,,,,,,24.00,2.90,10.00,9.10,,,,,,,,,,,,,,,,,,,,,,,,0.00,1.20,,,,,,,,
WQP_USA_2026,USGS-01464985,Surface Water,40.24010799,-75.05378088,,9/5/2024,,EPA 1633,,,ng/L,14.00,32.00,,0.80,1.40,22.00,20.00,4.60,0.70,,,,,,,,,,32.00,3.20,12.00,7.70,,0.00,,,,,,,0.00,0.00,,,0.00,0.00,,0.00,,0.00,0.00,,,0.00,0.00,0.00,0.00,,,,,0.00,,,
WQP_USA_2026,USGS-01464985,Surface Water,40.24010799,-75.05378088,,10/3/2024,,EPA 1633,,,ng/L,13.00,31.00,,0.80,1.60,18.00,20.00,3.80,0.60,,,,,,,,,,35.00,2.60,10.00,7.50,,,,,,,,,,,,,,,,,,,,,,,,0.00,,,,,,,,,
WQP_USA_2026,USGS-01464985,Surface Water,40.24010799,-75.05378088,,11/18/2024,,EPA 1633,,,ng/L,11.00,26.00,,0.60,1.30,16.00,22.00,3.00,0.50,,,,,,,,,,31.00,2.20,9.00,7.60,,0.00,,,,,,,0.00,0.00,,,0.00,0.00,,0.00,,0.00,0.00,,,0.00,0.00,0.00,0.00,,,,,0.00,,,
WQP_USA_2026,USGS-01464985,Surface Water,40.24010799,-75.05378088,,12/10/2024,,EPA 1633,,,ng/L,11.00,25.00,,,1.10,17.00,20.00,3.30,0.60,,,,,,,,,,22.00,2.50,8.30,6.40,,0.00,,,,,,,0.00,0.00,,,0.00,0.00,,0.00,,0.00,0.00,,,0.00,0.00,0.00,0.00,,,,,0.00,,,
WQP_USA_2026,USGS-01464985,Surface Water,40.24010799,-75.05378088,,1/23/2025,,EPA 1633,,,ng/L,12.00,29.00,,0.50,1.30,20.00,19.00,3.70,0.80,,,,,,,,,,23.00,3.20,8.90,6.90,,0.00,,,,,,,0.00,0.00,,,0.00,0.00,,0.00,,0.00,0.00,,,0.00,0.00,0.00,0.40,,,,,0.00,,,
WQP_USA_2026,USGS-01464985,Surface Water,40.24010799,-75.05378088,,2/25/2025,,EPA 1633,,,ng/L,12.00,30.00,,,1.20,20.00,13.00,4.30,0.70,,,,,,,,,,15.00,3.70,8.70,7.40,,,,,,,,,,,,,,,,,,,,,,,,0.00,1.80,,,,,,,,
WQP_USA_2026,USGS-01464985,Surface Water,40.24010799,-75.05378088,,3/12/2025,,EPA 1633,,,ng/L,12.00,32.00,,0.00,1.50,23.00,15.00,5.00,0.70,,,,,,,,,,15.00,3.60,9.10,7.90,,0.00,,,,,,,0.00,0.00,,,0.00,0.00,,0.00,,0.00,0.00,,,0.00,0.00,0.00,0.00,,,,,0.00,,,
WQP_USA_2026,USGS-01464985,Surface Water,40.24010799,-75.05378088,,4/9/2025,,EPA 1633,,,ng/L,13.00,32.00,,0.00,1.50,22.00,12.00,3.90,0.60,,,,,,,,,,13.00,3.00,8.60,8.10,,0.00,,,,,,,0.00,0.00,,,0.00,0.00,,0.00,,0.00,,,,0.00,0.00,0.00,0.00,,,,,0.00,,,
WQP_USA_2026,USGS-01464985,Surface Water,40.24010799,-75.05378088,,5/12/2025,,EPA 1633,,,ng/L,16.00,51.00,,0.80,2.00,27.00,16.00,5.20,0.80,,,,,,,,,,20.00,2.80,11.00,8.70,,0.00,,,,,,,0.00,0.00,,,0.00,0.00,,0.00,,0.00,0.00,,,0.00,0.00,0.00,0.00,,,,,0.00,,,
WQP_USA_2026,USGS-01465200,Surface Water,40.25184167,-75.00870833,,6/24/2022,,EPA 1633,,,ng/L,100.00,"3,400.00",,230.00,140.00,36.00,86.00,11.00,9.40,,,,,,,,,,17.00,1.20,8.50,6.70,,0.00,,,,,,,0.00,65.00,,,17.00,0.00,,14.00,,0.00,0.00,,,0.00,0.00,14.00,25.00,,,,,0.00,,,
WQP_USA_2026,USGS-01465500,Surface Water,40.17399824,-74.95683424,,9/16/2019,,EPA 1633,,,ng/L,11.00,23.00,,,1.90,9.10,10.00,4.70,,,,,,,,,,,19.00,1.40,16.00,6.20,,,,,,,,,,,,,,,,,,,,,,,,,,,,,,,,,
WQP_USA_2026,USGS-01465500,Surface Water,40.17399824,-74.95683424,,10/26/2020,,EPA 537.1,,,ng/L,10.00,14.00,,0.00,1.40,8.40,11.00,4.80,,,,,,,,,,,,,,7.30,,,,,,,,,,0.00,,,0.00,,,0.00,,,0.00,,,,0.00,0.00,,,,,,,,,
WQP_USA_2026,USGS-01465500,Surface Water,40.17399824,-74.95683424,,10/26/2020,,EPA 1633,,,ng/L,,,,,,,,,0.00,,,,,,,,,,14.00,1.30,7.30,,,,,,,,,,0.00,,,,,,,,,0.00,,,,0.00,,,0.50,,,,,,,,
WQP_USA_2026,USGS-01465500,Surface Water,40.17399824,-74.95683424,,11/18/2020,,EPA 537.1,,,ng/L,8.40,11.00,,0.00,1.30,5.90,7.60,3.50,,,,,,,,,,,,,,6.10,,,,,,,,,,0.00,,,0.00,,,0.00,,,0.00,,,,0.00,0.00,,,,,,,,,
WQP_USA_2026,USGS-01465500,Surface Water,40.17399824,-74.95683424,,11/18/2020,,EPA 1633,,,ng/L,,,,,,,,,0.00,,,1.70,,,,,,,8.20,1.00,5.60,,,,,,,,,,0.00,,,,,,,,,0.00,,,,0.00,,,0.00,,,,,,,,
WQP_USA_2026,USGS-01465500,Surface Water,40.17399824,-74.95683424,,12/14/2020,,EPA 537.1,,,ng/L,8.10,12.00,,0.00,1.20,7.30,7.30,3.40,,,,,,,,,,,,,,5.70,,,,,,,,,,0.00,,,0.00,,,0.00,,,0.00,,,,0.00,0.00,,,,,,,,,
WQP_USA_2026,USGS-01465500,Surface Water,40.17399824,-74.95683424,,12/14/2020,,EPA 1633,,,ng/L,,,,,,,,,0.00,,,,,,,,,,7.80,1.00,4.50,,,,,,,,,,0.00,,,,,,,,,0.00,,,,0.00,,,0.50,,,,,,,,
WQP_USA_2026,USGS-01465500,Surface Water,40.17399824,-74.95683424,,1/27/2021,,EPA 537.1,,,ng/L,9.00,13.90,,,,7.60,7.90,,,,,,,,,,,,,,,4.70,,,,,,,,,,,,,,,,,,,,,,,,,,,,,,,,,
WQP_USA_2026,USGS-01465500,Surface Water,40.17399824,-74.95683424,,2/23/2021,,EPA 537.1,,,ng/L,8.30,11.20,,,,5.80,6.10,,,,,,,,,,,,,,,4.60,,,,,,,,,,,,,,,,,,,,,,,,,,,,,,,,,
WQP_USA_2026,USGS-01465500,Surface Water,40.17399824,-74.95683424,,3/17/2021,,EPA 537.1,,,ng/L,7.80,10.90,,,,6.30,5.80,,,,,,,,,,,,,,,7.10,,,,,,,,,,,,,,,,,,,,,,,,,,,,,,,,,
WQP_USA_2026,USGS-01465500,Surface Water,40.17399824,-74.95683424,,4/15/2021,,EPA 537.1,,,ng/L,8.20,10.90,,,,6.20,6.20,,,,,,,,,,,,,,,4.30,,,,,,,,,,,,,,,,,,,,,,,,,,,,,,,,,
WQP_USA_2026,USGS-01465500,Surface Water,40.17399824,-74.95683424,,5/12/2021,,EPA 537.1,,,ng/L,9.50,12.80,,,,7.20,10.20,,,,,,,,,,,,,,,4.80,,,,,,,,,,,,,,,,,,,,,,,,,,,,,,,,,
WQP_USA_2026,USGS-01465500,Surface Water,40.17399824,-74.95683424,,6/28/2021,,EPA 537.1,,,ng/L,11.20,16.70,,,,7.60,9.00,3.80,,,,,,,,,,,,,,5.50,,,,,,,,,,,,,,,,,,,,,,,,,,,,,,,,,
WQP_USA_2026,USGS-01465500,Surface Water,40.17399824,-74.95683424,,7/13/2021,,EPA 537.1,,,ng/L,7.60,17.60,,,,4.70,5.00,,,,,,,,,,,,,,,,,,,,,,,,,,,,,,,,,,,,,,,,,,,,,,,,
WQP_USA_2026,USGS-01465500,Surface Water,40.17399824,-74.95683424,,8/16/2021,,EPA 537.1,,,ng/L,12.20,19.10,,,,8.90,9.90,4.30,,,,,,,,,,,,,,6.00,,,,,,,,,,,,,,,,,,,,,,,,,,,,,,,,,
WQP_USA_2026,USGS-01465500,Surface Water,40.17399824,-74.95683424,,9/8/2021,,EPA 537.1,,,ng/L,10.90,14.40,,,,8.20,7.00,,,,,,,,,,,,,,,5.90,,,,,,,,,,,,,,,,,,,,,,,,,,,,,,,,,
WQP_USA_2026,USGS-01465500,Surface Water,40.17399824,-74.95683424,,10/13/2021,,EPA 537.1,,,ng/L,10.50,15.10,,,,9.00,9.10,4.30,,,,,,,,,,,,,,6.10,,,,,,,,,,,,,,,,,,,,,,,,,,,,,,,,,
WQP_USA_2026,USGS-01465500,Surface Water,40.17399824,-74.95683424,,11/18/2021,,EPA 1633,,,ng/L,7.90,10.00,,0.00,1.10,7.80,9.20,3.20,0.00,,,,,,,,,,9.50,1.20,5.90,5.30,,0.00,,,,,,,0.00,0.00,,,0.00,,,0.00,,0.00,0.00,,,0.00,0.00,0.00,0.00,,,,,0.00,,,
WQP_USA_2026,USGS-01465500,Surface Water,40.17399824,-74.95683424,,12/13/2021,,EPA 537.1,,,ng/L,9.30,12.50,,,,8.00,8.60,,,,,,,,,,,,,,,4.60,,,,,,,,,,,,,,,,,,,,,,,,,,,,,,,,,
WQP_USA_2026,USGS-01465500,Surface Water,40.17399824,-74.95683424,,2/28/2022,,EPA 537.1,,,ng/L,7.30,10.50,,,1.10,5.30,7.00,3.10,,,,,,,,,,,,,,6.90,,,,,,,,,,,,,,,,,,,,,,,,,,,,,,,,,
WQP_USA_2026,USGS-01465500,Surface Water,40.17399824,-74.95683424,,3/10/2022,,EPA 537.1,,,ng/L,7.80,11.90,,,1.10,5.30,6.70,2.90,,,,,,,,,,,,,,4.00,,,,,,,,,,,,,,,,,,,,,,,,,,,,,,,,,
WQP_USA_2026,USGS-01465500,Surface Water,40.17399824,-74.95683424,,4/26/2022,,EPA 537.1,,,ng/L,8.90,13.10,,,1.10,7.60,6.00,3.10,,,,,,,,,,,,,,6.00,,,,,,,,,,,,,,,,,,,,,,,,,,,,,,,,,
WQP_USA_2026,USGS-01465500,Surface Water,40.17399824,-74.95683424,,6/22/2022,,EPA 537.1,,,ng/L,9.00,12.50,,,1.40,7.10,7.90,3.90,,,,,,,,,,,,,,7.40,,,,,,,,,,,,,,,,,,,,,,,,,,,,,,,,,
WQP_USA_2026,USGS-01465500,Surface Water,40.17399824,-74.95683424,,7/26/2022,,EPA 537.1,,,ng/L,12.30,16.90,,,2.00,6.80,12.90,6.30,,,,,,,,,,,,,,10.20,,,,,,,,,,,,,,,,,,,,,,,,,,,,,,,,,
WQP_USA_2026,USGS-01465500,Surface Water,40.17399824,-74.95683424,,8/30/2022,,EPA 1633,,,ng/L,12.00,19.00,,1.10,2.00,9.40,13.00,4.10,0.00,,,,,,,,,,16.00,1.30,9.50,6.40,,0.00,,,,,,,0.00,0.00,,,0.00,0.00,,0.00,,0.00,0.00,,,0.00,0.00,0.00,0.00,,,,,0.00,,,
WQP_USA_2026,USGS-01465500,Surface Water,40.17399824,-74.95683424,,9/29/2022,,EPA 1633,,,ng/L,10.00,13.00,,0.80,1.30,8.40,11.00,4.30,,,,,,,,,,,17.00,1.30,4.90,7.40,,,,,,,,,,,,,,,,,,,,,,,,0.00,,,,,,,,,
WQP_USA_2026,USGS-01465500,Surface Water,40.17399824,-74.95683424,,10/18/2022,,EPA 1633,,,ng/L,8.00,11.00,,0.50,1.30,6.90,7.90,3.90,,,,,,,,,,,9.90,1.20,6.20,7.60,,,,,,,,,,,,,,,,,,,,,,,,0.00,,,,,,,,,
WQP_USA_2026,USGS-01465500,Surface Water,40.17399824,-74.95683424,,11/17/2022,,EPA 1633,,,ng/L,7.60,12.00,,0.90,1.50,3.30,6.80,3.60,0.00,,,,,,,,,,7.60,0.60,6.80,5.20,,0.00,,,,,,,0.00,0.00,,,0.00,0.00,,0.00,,0.00,0.00,,,0.00,0.00,0.00,0.00,,,,,0.00,,,
WQP_USA_2026,USGS-01465500,Surface Water,40.17399824,-74.95683424,,12/7/2022,,EPA 1633,,,ng/L,8.00,17.00,,1.00,1.70,5.30,6.10,3.00,,,,,,,,,,,6.90,1.20,5.30,4.90,,,,,,,,,,,,,,,,,,,,,,,,0.00,,,,,,,,,
WQP_USA_2026,USGS-01465500,Surface Water,40.17399824,-74.95683424,,1/11/2023,,EPA 1633,,,ng/L,6.80,12.00,,,1.30,6.30,5.30,2.30,,,,,,,,,,,6.20,1.00,4.40,5.30,,,,,,,,,,,,,,,,,,,,,,,,0.00,,,,,,,,,
WQP_USA_2026,USGS-01465500,Surface Water,40.17399824,-74.95683424,,2/9/2023,,EPA 1633,,,ng/L,8.10,12.00,,,1.20,5.90,6.60,3.00,,,,2.50,,,,,,,6.50,1.00,4.50,5.80,,,,,,,,,,,,,,,,,,,,,,,,0.40,0.70,,,,,,,,
WQP_USA_2026,USGS-01465500,Surface Water,40.17399824,-74.95683424,,3/27/2023,,EPA 1633,,,ng/L,9.70,14.00,,,1.50,6.30,11.00,3.40,,,,,,,,,,,9.20,1.00,6.20,6.20,,,,,,,,,,,,,,,,,,,,,,,,0.00,,,,,,,,,
WQP_USA_2026,USGS-01465500,Surface Water,40.17399824,-74.95683424,,4/20/2023,,EPA 1633,,,ng/L,9.50,13.00,,0.60,1.50,6.70,10.00,3.60,,,,,,,,,,,10.00,1.00,7.50,5.70,,,,,,,,,,,,,,,,,,,,,,,,0.00,0.70,,,,,,,,
WQP_USA_2026,USGS-01465500,Surface Water,40.17399824,-74.95683424,,5/24/2023,,EPA 1633,,,ng/L,11.00,14.00,,,1.60,6.90,9.30,3.60,,,,,,,,,,,11.00,1.10,6.90,5.70,,,,,,,,,,,,,,,,,,,,,,,,0.00,0.60,,,,,,,,
WQP_USA_2026,USGS-01465500,Surface Water,40.17399824,-74.95683424,,6/14/2023,,EPA 1633,,,ng/L,11.00,18.00,,0.90,2.10,6.20,12.00,5.00,,,,,,,,,,,14.00,1.30,8.20,5.70,,,,,,,,,,,,,,,,,,,,,,,,0.00,,,,,,,,,
WQP_USA_2026,USGS-01465500,Surface Water,40.17399824,-74.95683424,,7/13/2023,,EPA 1633,,,ng/L,8.70,13.00,,0.60,1.70,5.70,6.70,3.50,0.00,,,2.60,,,,,,,8.50,0.90,6.60,4.80,,0.00,,,,,,,0.00,0.00,,,0.00,0.00,,0.00,,0.00,0.00,,,0.00,0.00,0.00,0.70,,,,,0.00,,,
WQP_USA_2026,USGS-01465500,Surface Water,40.17399824,-74.95683424,,8/17/2023,,EPA 1633,,,ng/L,11.00,17.00,,0.80,2.20,7.30,10.00,4.30,,,,,,,,,,,12.00,1.30,10.00,6.20,,,,,,,,,,,,,,,,,,,,,,,,0.00,,,,,,,,,
WQP_USA_2026,USGS-01465500,Surface Water,40.17399824,-74.95683424,,9/14/2023,,EPA 1633,,,ng/L,9.40,12.00,,0.60,1.80,6.00,8.60,3.60,,,,,,,,,,,9.40,1.00,7.90,5.50,,,,,,,,,,,,,,,,,,,,,,,,0.00,,,,,,,,,
WQP_USA_2026,USGS-01465500,Surface Water,40.17399824,-74.95683424,,10/5/2023,,EPA 1633,,,ng/L,8.80,12.00,,,1.60,5.50,6.90,3.20,,,,,,,,,,,7.50,0.60,5.90,6.10,,,,,,,,,,,,,,,,,,,,,,,,0.00,0.70,,,,,,,,
WQP_USA_2026,USGS-01465500,Surface Water,40.17399824,-74.95683424,,11/15/2023,,EPA 1633,,,ng/L,9.00,10.00,,,1.30,6.00,9.40,3.10,,,,,,,,,,,10.00,0.90,6.00,5.00,,,,,,,,,,,,,,,,,,,,,,,,0.00,,,,,,,,,
WQP_USA_2026,USGS-01465500,Surface Water,40.17399824,-74.95683424,,12/19/2023,,EPA 1633,,,ng/L,5.90,6.70,,0.50,1.20,1.60,4.10,1.60,,,,,,,,,,,3.20,,3.50,2.60,,,,,,,,,,,,,,,,,,,,,,,,0.00,,,,,,,,,
WQP_USA_2026,USGS-01465500,Surface Water,40.17399824,-74.95683424,,1/29/2024,,EPA 1633,,,ng/L,7.20,9.60,,,1.40,2.50,4.90,2.50,,,,1.80,,,,,,,4.20,,4.10,3.60,,,,,,,,,,,,,,,,,,,,,,,,0.00,,,,,,,,,
WQP_USA_2026,USGS-01465500,Surface Water,40.17399824,-74.95683424,,2/14/2024,,EPA 1633,,,ng/L,8.20,16.00,,,1.50,6.20,5.70,2.30,,,,,,,,,,,6.30,0.80,5.10,4.00,,,,,,,,,,,,,,,,,,,,,,,,0.00,,,,,,,,,
WQP_USA_2026,USGS-01465500,Surface Water,40.17399824,-74.95683424,,3/6/2024,,EPA 1633,,,ng/L,8.50,9.20,,,1.30,4.10,5.30,2.60,,,,,,,,,,,5.30,0.60,4.60,4.20,,,,,,,,,,,,,,,,,,,,,,,,0.00,,,,,,,,,
WQP_USA_2026,USGS-01465500,Surface Water,40.17399824,-74.95683424,,4/11/2024,,EPA 1633,,,ng/L,8.90,13.00,,,1.60,7.10,6.70,2.90,,,,,,,,,,,6.20,0.80,5.10,4.80,,,,,,,,,,,,,,,,,,,,,,,,0.00,0.70,,,,,,,,
WQP_USA_2026,USGS-01465500,Surface Water,40.17399824,-74.95683424,,5/13/2024,,EPA 1633,,,ng/L,9.70,16.00,,,1.70,7.00,10.00,3.60,,,,,,,,,,,10.00,1.10,7.20,5.20,,,,,,,,,,,,,,,,,,,,,,,,0.00,0.50,,,,,,,,
WQP_USA_2026,USGS-01465500,Surface Water,40.17399824,-74.95683424,,6/11/2024,,EPA 1633,,,ng/L,10.00,15.00,,0.70,1.70,7.20,9.60,3.50,,,,,,,,,,,11.00,0.80,7.30,5.30,,,,,,,,,,,,,,,,,,,,,,,,0.00,0.70,,,,,,,,
WQP_USA_2026,USGS-01465500,Surface Water,40.17399824,-74.95683424,,7/17/2024,,EPA 1633,,,ng/L,12.00,15.00,,0.80,2.40,4.80,12.00,3.60,0.00,,,,,,,,,,17.00,0.60,8.50,5.30,,,,,,,,,0.00,0.00,,,0.00,0.00,,0.00,,0.00,0.00,,,0.00,0.00,0.00,0.60,,,,,0.00,,,
WQP_USA_2026,USGS-01465500,Surface Water,40.17399824,-74.95683424,,8/19/2024,,EPA 1633,,,ng/L,9.60,14.00,,0.60,1.60,8.10,10.00,3.30,,,,,,,,,,,14.00,0.90,7.80,6.60,,,,,,,,,,,,,,,,,,,,,,,,0.00,0.60,,,,,,,,
WQP_USA_2026,USGS-01465500,Surface Water,40.17399824,-74.95683424,,9/5/2024,,EPA 1633,,,ng/L,10.00,13.00,,0.60,1.50,8.30,12.00,3.30,0.00,,,,,,,,,,20.00,1.20,8.40,5.80,,0.00,,,,,,,0.00,0.00,,,0.00,0.00,,0.00,,0.00,0.00,,,0.00,0.00,0.00,0.00,,,,,0.00,,,
WQP_USA_2026,USGS-01465500,Surface Water,40.17399824,-74.95683424,,10/3/2024,,EPA 1633,,,ng/L,8.80,9.70,,0.00,1.40,6.10,12.00,3.00,0.00,,,,,,,,,,20.00,0.80,7.90,5.40,,0.00,,,,,,,0.00,0.00,,,0.00,0.00,,0.00,,0.00,0.00,,,0.00,0.00,0.00,0.00,,,,,0.00,,,
WQP_USA_2026,USGS-01465500,Surface Water,40.17399824,-74.95683424,,11/18/2024,,EPA 1633,,,ng/L,7.60,8.60,,0.00,1.00,5.80,12.00,2.80,0.00,,,,,,,,,,20.00,0.80,9.90,6.10,,0.00,,,,,,,0.00,0.00,,,0.00,0.00,,0.00,,0.00,0.00,,,0.00,0.00,0.00,0.00,,,,,0.00,,,
WQP_USA_2026,USGS-01465500,Surface Water,40.17399824,-74.95683424,,12/10/2024,,EPA 1633,,,ng/L,8.60,9.40,,0.50,1.20,7.60,9.80,2.70,0.00,,,,,,,,,,14.00,0.90,6.60,6.40,,0.00,,,,,,,0.00,0.00,,,0.00,0.00,,0.00,,0.00,0.00,,,0.00,0.00,0.00,1.00,,,,,0.00,,,
WQP_USA_2026,USGS-01465500,Surface Water,40.17399824,-74.95683424,,1/23/2025,,EPA 1633,,,ng/L,8.00,10.00,,0.50,1.20,7.70,11.00,2.80,0.00,,,,,,,,,,13.00,1.10,6.50,5.20,,0.00,,,,,,,0.00,0.00,,,0.00,0.00,,0.00,,0.00,0.00,,,0.00,0.00,0.00,0.70,,,,,0.00,,,
WQP_USA_2026,USGS-01465500,Surface Water,40.17399824,-74.95683424,,2/25/2025,,EPA 1633,,,ng/L,7.70,9.90,,,1.10,6.30,8.30,3.20,,,,,,,,,,,8.40,1.20,6.70,7.20,,,,,,,,,,,,,,,,,,,,,,,,0.00,1.50,,,,,,,,
WQP_USA_2026,USGS-01465500,Surface Water,40.17399824,-74.95683424,,3/12/2025,,EPA 1633,,,ng/L,8.00,8.70,,,0.90,6.80,8.70,2.70,,,,,,,,,,,7.70,0.90,6.30,5.60,,,,,,,,,,0.80,,,,,,,,,,,,,,0.00,,,,,,,,,
WQP_USA_2026,USGS-01465500,Surface Water,40.17399824,-74.95683424,,4/9/2025,,EPA 1633,,,ng/L,7.30,10.00,,,1.10,6.00,6.30,2.90,,,,,,,,,,,6.70,0.90,5.40,5.60,,,,,,,,,,,,,,,,,,,,,,,,0.00,,,,,,,,,
WQP_USA_2026,USGS-01465500,Surface Water,40.17399824,-74.95683424,,5/12/2025,,EPA 1633,,,ng/L,10.00,17.00,,0.60,1.70,9.00,11.00,3.20,0.00,,,,,,,,,,12.00,1.00,6.20,6.70,,0.00,,,,,,,0.00,0.00,,,0.00,0.00,,0.00,,0.00,0.00,,,0.00,0.00,0.00,0.00,,,,,0.00,,,
WQP_USA_2026,USGS-01465850,Surface Water,39.94,-74.763056,,2/20/2020,,Unnamed_SPE+LCMS/MS,,,ng/L,3.90,1.60,,,1.10,,1.30,1.10,,,,,,,,,,,2.30,,,2.40,,,,,,,,,,,,,,,,,,,,,,,,,,,,,,,,,
WQP_USA_2026,USGS-01465850,Surface Water,39.94,-74.763056,,8/21/2020,,Unnamed_SPE+LCMS/MS,,,ng/L,2.90,1.90,,,,,1.60,,,,,,,,,,,,1.70,,3.70,,,,,,,,,,,,,,,,,,,,,,,,,,,,,,,,,,
WQP_USA_2026,USGS-01465893,Surface Water,39.89805556,-74.78833333,,2/21/2020,,Unnamed_SPE+LCMS/MS,,,ng/L,2.80,1.60,,,,1.60,1.30,1.10,,,,,,,,,,,2.00,,2.10,1.90,,,,,,,,,,,,,,,,,,,,,,,,,,,,,,,,,
WQP_USA_2026,USGS-01465893,Surface Water,39.89805556,-74.78833333,,9/28/2020,,Unnamed_SPE+LCMS/MS,,,ng/L,5.00,3.00,,,1.10,2.20,3.80,1.80,,,,,,,,,,,7.20,,3.20,2.40,,,,,,,,,,,,,,,,,,,,,,,,,,,,,,,,,
WQP_USA_2026,USGS-01465893,Surface Water,39.89805556,-74.78833333,,3/15/2022,,Unnamed_SPE+LCMS/MS,,,ng/L,3.40,1.50,,,1.00,,1.50,1.10,,,,,,,,,,,2.20,,,1.10,,,,,,,,,,,,,,,,,,,,,,,,,,,,,,,,,
WQP_USA_2026,USGS-01465893,Surface Water,39.89805556,-74.78833333,,8/25/2022,,Unnamed_SPE+LCMS/MS,,,ng/L,6.10,4.20,,,,2.80,7.00,2.80,,,,,,,,,,,8.30,,5.60,3.20,,,,,,,,,,,,,,,,,,,,,,,,,,,,,,,,,
WQP_USA_2026,USGS-01465893,Surface Water,39.89805556,-74.78833333,,2/28/2023,,Unnamed_SPE+LCMS/MS,,,ng/L,2.80,1.30,,,,,1.50,1.30,,,,,,,,,,,2.20,,,1.10,,,,,,,,,,,,,,,,,,,,,,,,,,,,,,,,,
WQP_USA_2026,USGS-01465893,Surface Water,39.89805556,-74.78833333,,9/11/2023,,Unnamed_SPE+LCMS/MS,,,ng/L,3.80,2.20,,,,1.50,3.70,1.70,,,,,,,,,,,6.30,,4.30,2.10,,,,,,,,,,,,,,,,,,,,,,,,,,,,,,,,,
WQP_USA_2026,USGS-01465928,Surface Water,39.92941667,-74.86258333,,2/20/2020,,Unnamed_SPE+LCMS/MS,,,ng/L,7.60,4.90,,,1.30,1.40,3.50,2.70,,,,,,,,,,,4.40,,4.20,5.00,,,,,,,,,,,,,,,,,,,,,,,,,,,,,,,,,
WQP_USA_2026,USGS-01465928,Surface Water,39.92941667,-74.86258333,,8/20/2020,,Unnamed_SPE+LCMS/MS,,,ng/L,7.30,3.20,,,1.40,,3.90,3.00,,,,,,,,,,,4.90,,11.00,,,,,,,,,,,,,,,,,,,,,,,,,,,,,,,,,,
WQP_USA_2026,USGS-01466500,Surface Water,39.885,-74.50527778,,8/7/2020,,Unnamed_SPE+LCMS/MS,,,ng/L,1.90,,,,,,,,,,,,,,,,,,1.40,,2.10,,,,,,,,,,,,,,,,,,,,,,,,,,,,,,,,,,
WQP_USA_2026,USGS-01466500,Surface Water,39.885,-74.50527778,,3/7/2022,,Unnamed_SPE+LCMS/MS,,,ng/L,1.00,,,,,,,,,,,,,,,,,,,,,,,,,,,,,,,,,,,,,,,,,,,,,,,,,,,,,,
WQP_USA_2026,USGS-01466500,Surface Water,39.885,-74.50527778,,9/13/2022,,Undisclosed,,,ng/L,1.80,,,,,,,,,,,,,,,,,,,,,,,,,,,,,,,,,,,,,,,,,,,,,,,,,,,,,,
WQP_USA_2026,USGS-01466500,Surface Water,39.885,-74.50527778,,9/26/2023,,Unnamed_SPE+LCMS/MS,,,ng/L,1.50,,,,,,,,,,,,,,,,,,1.20,,,,,,,,,,,,,,,,,,,,,,,,,,,,,,,,,,,,
WQP_USA_2026,USGS-01466900,Surface Water,39.95611111,-74.62777778,,3/12/2020,,Unnamed_SPE+LCMS/MS,,,ng/L,1.80,,,,,,,,,,,,,,,,,,,,,,,,,,,,,,,,,,,,,,,,,,,,,,,,,,,,,,
WQP_USA_2026,USGS-01466900,Surface Water,39.95611111,-74.62777778,,8/20/2020,,Unnamed_SPE+LCMS/MS,,,ng/L,5.30,5.80,,,,1.30,3.30,1.60,,,,,,,,,,,3.30,,3.70,3.60,,,,,,,,,,,,,,,,,,,,,,,,,,,,,,,,,
WQP_USA_2026,USGS-01466900,Surface Water,39.95611111,-74.62777778,,3/10/2022,,Unnamed_SPE+LCMS/MS,,,ng/L,2.30,,,,,,,,,,,,,,,,,,,,1.90,,,,,,,,,,,,,,,,,,,,,,,,,,,,,,,,,,
WQP_USA_2026,USGS-01466900,Surface Water,39.95611111,-74.62777778,,9/7/2022,,Undisclosed,,,ng/L,2.00,2.00,,,,,1.60,0.90,,,,,,,,,,,2.20,,,,,,,,,,,,,,,,,,,,,,,,,,,,,,,,,,,,
WQP_USA_2026,USGS-01466900,Surface Water,39.95611111,-74.62777778,,3/23/2023,,Unnamed_SPE+LCMS/MS,,,ng/L,1.60,1.30,,,,,,,,,,,,,,,,,1.60,,,,,,,,,,,,,,,,,,,,,,,,,,,,,,,,,,,,
WQP_USA_2026,USGS-01466900,Surface Water,39.95611111,-74.62777778,,9/27/2023,,Unnamed_SPE+LCMS/MS,,,ng/L,3.00,2.20,,,,,1.40,1.20,,,,,,,,,,,2.40,,3.80,1.40,,,,,,,,,,,,,,,,,,,,,,,,,,,,,,,,,
WQP_USA_2026,USGS-0146700510,Surface Water,39.99305556,-74.78166667,,2/21/2020,,Unnamed_SPE+LCMS/MS,,,ng/L,4.50,19.00,,,,9.80,4.20,3.30,,,,,,,,,,,7.30,1.30,2.50,3.70,,,,,,,,,,,,,,,,,,,,,,,,,,,,,,,,,
WQP_USA_2026,USGS-0146700510,Surface Water,39.99305556,-74.78166667,,9/28/2020,,Unnamed_SPE+LCMS/MS,,,ng/L,5.00,35.00,,,1.10,16.00,9.20,5.30,,,,1.80,,,,,,,15.00,3.30,5.20,11.00,,,,,,,,,,,,,,,,,,,,,,,,,,,,,,,,,
WQP_USA_2026,USGS-0146700510,Surface Water,39.99305556,-74.78166667,,3/15/2022,,Unnamed_SPE+LCMS/MS,,,ng/L,4.50,16.00,,,,7.60,3.60,2.50,,,,,,,,,,,4.30,1.00,2.40,9.30,,,,,,,,,,,,,,,,,,,,,,,,,,,,,,,,,
WQP_USA_2026,USGS-0146700510,Surface Water,39.99305556,-74.78166667,,8/25/2022,,Unnamed_SPE+LCMS/MS,,,ng/L,6.00,48.00,,,1.20,18.00,10.00,6.00,1.00,,,,,,,,,,14.00,2.50,5.70,,,,,,,,,,,,,,,,,,,,,,,,,,,,,,,,,,
WQP_USA_2026,USGS-0146700510,Surface Water,39.99305556,-74.78166667,,3/23/2023,,Unnamed_SPE+LCMS/MS,,,ng/L,4.10,62.00,,,1.20,12.00,4.90,3.20,,,,,,,,,,,6.10,1.80,2.80,,,,,,,,,,,,,,,,,,,,,,,,,,,,,,,,,,
WQP_USA_2026,USGS-0146700510,Surface Water,39.99305556,-74.78166667,,9/18/2023,,Unnamed_SPE+LCMS/MS,,,ng/L,3.30,15.00,,,,6.80,4.60,2.60,,,,,,,,,,,6.30,1.30,4.30,5.20,,,,,,,,,,,,,,,,,,,,,,,,,,,,,,,,,
WQP_USA_2026,USGS-01467150,Surface Water,39.90305556,-75.02138889,,6/25/2020,,Unnamed_SPE+LCMS/MS,,,ng/L,9.10,5.30,,,2.50,2.60,5.80,4.30,,,,,,,,,,,7.20,,8.00,3.10,,,,,,,,,,,,,,,,,,,,,,,,,,,,,,,,,
WQP_USA_2026,USGS-01467150,Surface Water,39.90305556,-75.02138889,,8/11/2020,,Unnamed_SPE+LCMS/MS,,,ng/L,7.90,8.40,,,2.70,1.90,5.80,4.70,,,,,,,,,,,6.80,,5.50,8.20,,,,,,,,,,,,,,,,,,,,,,,,,,,,,,,,,
WQP_USA_2026,USGS-01467150,Surface Water,39.90305556,-75.02138889,,2/25/2021,,Unnamed_SPE+LCMS/MS,,,ng/L,6.40,4.60,,,2.60,1.60,4.30,3.00,,,,,,,,,,,5.10,,,3.90,,,,,,,,,,,,,,,,,,,,,,,,,,,,,,,,,
WQP_USA_2026,USGS-01467150,Surface Water,39.90305556,-75.02138889,,2/23/2022,,Unnamed_SPE+LCMS/MS,,,ng/L,7.30,5.00,,,3.00,2.20,5.20,4.00,,,,,,,,,,,7.00,,4.30,5.10,,,,,,,,,,,,,,,,,,,,,,,,,,,,,,,,,
WQP_USA_2026,USGS-01467150,Surface Water,39.90305556,-75.02138889,,9/8/2022,,Undisclosed,,,ng/L,9.10,5.80,,1.00,2.90,1.60,8.00,5.70,,,,2.40,,,,,,,9.60,,7.00,5.90,,,,,,,,,,,,,,,,,,,,,,,,,,,,,,,,,
WQP_USA_2026,USGS-01467150,Surface Water,39.90305556,-75.02138889,,3/9/2023,,Unnamed_SPE+LCMS/MS,,,ng/L,6.50,3.90,,,2.20,2.00,5.40,3.60,,,,2.30,,,,,,,5.60,,4.00,4.00,,,,,,,,,,,,,,,,,,,,,,,,,,,,,,,,,
WQP_USA_2026,USGS-01467150,Surface Water,39.90305556,-75.02138889,,8/29/2023,,Unnamed_SPE+LCMS/MS,,,ng/L,6.20,4.40,,,2.00,2.10,5.30,3.60,,,,,,,,,,,6.20,,4.30,4.70,,,,,,,,,,,,,,,,,,,,,,,,,,,,,,,,,
WQP_USA_2026,USGS-01467359,Surface Water,39.83444444,-75.06694444,,3/9/2020,,Unnamed_SPE+LCMS/MS,,,ng/L,2.40,3.10,,,,,1.00,,,,,,,,,,,,,,,,,,,,,,,,,,,,,,,,,,,,,,,,,,,,,,,,
WQP_USA_2026,USGS-01467359,Surface Water,39.83444444,-75.06694444,,9/22/2020,,Unnamed_SPE+LCMS/MS,,,ng/L,7.20,8.40,,,3.30,3.30,6.50,3.60,,,,,,,,,,,9.30,,5.30,8.70,,,,,,,,,,,,,,,,,,,,,,,,,,,,,,,,,
WQP_USA_2026,USGS-01467359,Surface Water,39.83444444,-75.06694444,,3/2/2021,,Unnamed_SPE+LCMS/MS,,,ng/L,5.40,5.30,,,2.30,2.60,4.10,2.40,,,,,,,,,,,3.70,,3.90,3.70,,,,,,,,,,,,,,,,,,,,,,,,,,,,,,,,,
WQP_USA_2026,USGS-01467359,Surface Water,39.83444444,-75.06694444,,3/2/2022,,Unnamed_SPE+LCMS/MS,,,ng/L,6.00,5.10,,,1.90,2.80,4.30,2.90,,,,,,,,,,,4.80,,3.00,4.20,,,,,,,,,,,,,,,,,,,,,,,,,,,,,,,,,
WQP_USA_2026,USGS-01467359,Surface Water,39.83444444,-75.06694444,,8/29/2022,,Unnamed_SPE+LCMS/MS,,,ng/L,6.90,7.70,,,1.70,3.40,7.20,2.80,,,,,,,,,,,5.10,,3.00,3.50,,,,,,,,,,,,,,,,,,,,,,,,,,,,,,,,,
WQP_USA_2026,USGS-01467359,Surface Water,39.83444444,-75.06694444,,3/21/2023,,Unnamed_SPE+LCMS/MS,,,ng/L,5.80,5.80,,,1.60,3.20,4.80,2.80,,,,,,,,,,,3.80,,3.20,4.90,,,,,,,,,,,,,,,,,,,,,,,,,,,,,,,,,
WQP_USA_2026,USGS-01467359,Surface Water,39.83444444,-75.06694444,,9/4/2023,,Unnamed_SPE+LCMS/MS,,,ng/L,5.10,,,,1.50,2.30,5.10,2.40,,,,,,,,,,,5.90,,3.60,3.10,,,,,,,,,,,,,,,,,,,,,,,,,,,,,,,,,
WQP_USA_2026,USGS-01470500,Surface Water,40.52259321,-75.99826819,,9/23/2019,,EPA 1633,,,ng/L,1.40,1.70,,,,,1.90,,,,,,,,,,,,2.60,,,1.00,,,,,,,,,,,,,,,,,,,,,,,,,,,,,,,,,
WQP_USA_2026,USGS-01470500,Surface Water,40.52259321,-75.99826819,,10/27/2020,,EPA 537.1,,,ng/L,1.60,1.40,,0.00,0.00,0.50,2.10,0.90,,,,,,,,,,,,,,1.10,,,,,,,,,,0.00,,,0.00,,,0.00,,,0.00,,,,0.00,0.00,,,,,,,,,
WQP_USA_2026,USGS-01470500,Surface Water,40.52259321,-75.99826819,,10/27/2020,,EPA 1633,,,ng/L,,,,,,,,,0.00,,,,,,,,,,3.10,0.00,,,,,,,,,,,0.00,,,,,,,,,0.00,,,,0.00,,,0.00,,,,,,,,
WQP_USA_2026,USGS-01470500,Surface Water,40.52259321,-75.99826819,,11/17/2020,,EPA 537.1,,,ng/L,1.70,2.00,,0.00,0.50,0.60,1.70,1.00,,,,,,,,,,,,,,1.30,,,,,,,,,,0.00,,,0.00,,,0.00,,,0.00,,,,0.00,0.00,,,,,,,,,
WQP_USA_2026,USGS-01470500,Surface Water,40.52259321,-75.99826819,,11/17/2020,,EPA 1633,,,ng/L,,,,,,,,,0.00,,,,,,,,,,2.30,0.00,,,,,,,,,,,0.00,,,,,,,,,0.00,,,,0.00,,,0.00,,,,,,,,
WQP_USA_2026,USGS-01470500,Surface Water,40.52259321,-75.99826819,,12/15/2020,,EPA 537.1,,,ng/L,0.90,1.00,,0.00,0.00,0.00,1.00,0.50,,,,,,,,,,,,,,0.60,,,,,,,,,,0.00,,,0.00,,,0.00,,,0.00,,,,0.00,0.00,,,,,,,,,
WQP_USA_2026,USGS-01470500,Surface Water,40.52259321,-75.99826819,,12/15/2020,,EPA 1633,,,ng/L,,,,,,,,,0.00,,,,,,,,,,1.50,0.00,,,,,,,,,,,0.00,,,,,,,,,0.00,,,,0.00,,,0.00,,,,,,,,
WQP_USA_2026,USGS-01471000,Surface Water,40.36898166,-75.97910155,,9/23/2019,,EPA 1633,,,ng/L,3.80,2.50,,,1.10,0.90,3.90,2.00,,,,,,,,,,,5.20,,3.70,3.00,,,,,,,,,,,,,,,,,,,,,,,,,,,,,,,,,
WQP_USA_2026,USGS-01471000,Surface Water,40.36898166,-75.97910155,,10/27/2020,,EPA 537.1,,,ng/L,3.20,2.60,,0.00,0.80,0.90,2.80,1.80,,,,,,,,,,,,,,3.20,,,,,,,,,,0.00,,,0.00,,,0.00,,,0.00,,,,0.00,0.00,,,,,,,,,
WQP_USA_2026,USGS-01471000,Surface Water,40.36898166,-75.97910155,,10/27/2020,,EPA 1633,,,ng/L,,,,,,,,,0.00,,,,,,,,,,3.40,0.00,2.80,,,,,,,,,,0.00,,,,,,,,,0.00,,,,0.00,,,0.00,,,,,,,,
WQP_USA_2026,USGS-01471000,Surface Water,40.36898166,-75.97910155,,11/17/2020,,EPA 537.1,,,ng/L,3.20,2.20,,0.00,0.80,0.90,2.90,1.70,,,,,,,,,,,,,,3.20,,,,,,,,,,0.00,,,0.00,,,0.00,,,0.00,,,,0.00,0.00,,,,,,,,,
WQP_USA_2026,USGS-01471000,Surface Water,40.36898166,-75.97910155,,11/17/2020,,EPA 1633,,,ng/L,,,,,,,,,0.00,,,,,,,,,,3.60,0.00,2.90,,,,,,,,,,0.00,,,,,,,,,0.00,,,,0.00,,,0.00,,,,,,,,
WQP_USA_2026,USGS-01471000,Surface Water,40.36898166,-75.97910155,,12/15/2020,,EPA 537.1,,,ng/L,2.90,2.10,,0.00,0.80,0.90,2.60,1.50,,,,,,,,,,,,,,2.90,,,,,,,,,,0.00,,,0.00,,,0.00,,,0.00,,,,0.00,0.00,,,,,,,,,
WQP_USA_2026,USGS-01471000,Surface Water,40.36898166,-75.97910155,,12/15/2020,,EPA 1633,,,ng/L,,,,,,,,,0.00,,,1.70,,,,,,,2.90,0.00,2.50,,,,,,,,,,0.00,,,,,,,,,0.00,,,,0.00,,,0.00,,,,,,,,
WQP_USA_2026,USGS-01471000,Surface Water,40.36898166,-75.97910155,,7/15/2021,,EPA 537.1,,,ng/L,4.30,,,,,,,,,,,,,,,,,,,,,,,,,,,,,,,,,,,,,,,,,,,,,,,,,,,,,,
WQP_USA_2026,USGS-01471000,Surface Water,40.36898166,-75.97910155,,8/17/2021,,EPA 537.1,,,ng/L,4.30,,,,,,,,,,,,,,,,,,,,,,,,,,,,,,,,,,,,,,,,,,,,,,,,,,,,,,
WQP_USA_2026,USGS-01471000,Surface Water,40.36898166,-75.97910155,,9/21/2021,,EPA 537.1,,,ng/L,4.90,,,,,,,,,,,,,,,,,,,,,3.70,,,,,,,,,,,,,,,,,,,,,,,,,,,,,,,,,
WQP_USA_2026,USGS-01471677,Surface Water,40.24111111,-75.77722222,,9/17/2019,,EPA 1633,,,ng/L,1.00,,,,,,,,,,,,,,,,,,,,,,,,,,,,,,,,,,,,,,,,,,,,,,,,,,,,,,
WQP_USA_2026,USGS-01471677,Surface Water,40.24111111,-75.77722222,,10/21/2020,,EPA 537.1,,,ng/L,0.50,0.00,,0.00,0.00,0.00,0.00,0.00,,,,,,,,,,,,,,0.00,,,,,,,,,,0.00,,,0.00,,,0.00,,,0.00,,,,0.00,0.00,,,,,,,,,
WQP_USA_2026,USGS-01471677,Surface Water,40.24111111,-75.77722222,,10/21/2020,,EPA 1633,,,ng/L,,,,,,,,,0.00,,,2.00,,,,,,,,0.00,,,,,,,,,,,0.00,,,,,,,,,0.00,,,,0.00,,,0.00,,,,,,,,
WQP_USA_2026,USGS-01471677,Surface Water,40.24111111,-75.77722222,,11/3/2020,,EPA 537.1,,,ng/L,0.50,0.00,,0.00,0.00,0.00,0.00,0.00,,,,,,,,,,,,,,0.00,,,,,,,,,,0.00,,,0.00,,,0.00,,,0.00,,,,0.00,0.00,,,,,,,,,
WQP_USA_2026,USGS-01471677,Surface Water,40.24111111,-75.77722222,,11/3/2020,,EPA 1633,,,ng/L,,,,,,,,,0.00,,,,,,,,,,,0.00,,,,,,,,,,,0.00,,,,,,,,,0.00,,,,0.00,,,0.00,,,,,,,,
WQP_USA_2026,USGS-01471677,Surface Water,40.24111111,-75.77722222,,12/2/2020,,EPA 537.1,,,ng/L,0.50,,,,,,,,,,,,,,,,,,,,,,,,,,,,,,,,,,,,,,,,,,,,,,,,,,,,,,
WQP_USA_2026,USGS-01471805,Surface Water,40.40944444,-75.735,,9/23/2019,,EPA 1633,,,ng/L,0.90,1.40,,,,,,,,,,,,,,,,,,,,,,,,,,,,,,,,,,,,,,,,,,,,,,,,,,,,,
WQP_USA_2026,USGS-01471805,Surface Water,40.40944444,-75.735,,10/27/2020,,EPA 537.1,,,ng/L,1.00,1.10,,0.00,0.00,1.10,0.60,0.50,,,,,,,,,,,,,,0.60,,,,,,,,,,0.00,,,0.00,,,0.00,,,0.00,,,,0.00,0.00,,,,,,,,,
WQP_USA_2026,USGS-01471805,Surface Water,40.40944444,-75.735,,10/27/2020,,EPA 1633,,,ng/L,,,,,,,,,0.00,,,,,,,,,,,0.00,,,,,,,,,,,0.00,,,,,,,,,0.00,,,,0.00,,,0.00,,,,,,,,
WQP_USA_2026,USGS-01471805,Surface Water,40.40944444,-75.735,,11/17/2020,,EPA 537.1,,,ng/L,0.80,0.90,,0.00,0.00,0.70,0.00,0.00,,,,,,,,,,,,,,0.00,,,,,,,,,,0.00,,,0.00,,,0.00,,,0.00,,,,0.00,0.00,,,,,,,,,
WQP_USA_2026,USGS-01471805,Surface Water,40.40944444,-75.735,,11/17/2020,,EPA 1633,,,ng/L,,,,,,,,,0.00,,,,,,,,,,,0.00,,,,,,,,,,,0.00,,,,,,,,,0.00,,,,0.00,,,0.00,,,,,,,,
WQP_USA_2026,USGS-01471805,Surface Water,40.40944444,-75.735,,12/15/2020,,EPA 537.1,,,ng/L,0.60,1.00,,0.00,0.00,0.80,0.00,0.00,,,,,,,,,,,,,,0.00,,,,,,,,,,0.00,,,0.00,,,0.00,,,0.00,,,,0.00,0.00,,,,,,,,,
WQP_USA_2026,USGS-01471805,Surface Water,40.40944444,-75.735,,12/15/2020,,EPA 1633,,,ng/L,,,,,,,,,0.00,,,,,,,,,,,0.00,,,,,,,,,,,0.00,,,,,,,,,0.00,,,,0.00,,,0.00,,,,,,,,
WQP_USA_2026,USGS-01472000,Surface Water,40.2417631,-75.65157517,,9/18/2019,,EPA 1633,,,ng/L,4.90,3.50,,,1.20,1.40,5.30,2.30,,,,,,,,,,,5.70,,6.40,3.60,,,,,,,,,,,,,,,,,,,,,,,,,,,,,,,,,
WQP_USA_2026,USGS-01472000,Surface Water,40.2417631,-75.65157517,,10/21/2020,,EPA 537.1,,,ng/L,4.80,3.40,,0.00,1.20,1.40,4.40,2.10,,,,,,,,,,,,,,3.90,,,,,,,,,,0.00,,,0.00,,,0.00,,,0.00,,,,0.00,0.00,,,,,,,,,
WQP_USA_2026,USGS-01472000,Surface Water,40.2417631,-75.65157517,,10/21/2020,,EPA 1633,,,ng/L,,,,,,,,,0.00,,,,,,,,,,4.40,0.00,3.40,,,,,,,,,,0.00,,,,,0.00,,,,0.00,,,,0.00,,,0.00,,,,,,,,
WQP_USA_2026,USGS-01472000,Surface Water,40.2417631,-75.65157517,,11/12/2020,,EPA 537.1,,,ng/L,5.60,4.10,,0.00,1.80,1.20,5.40,2.60,,,,,,,,,,,,,,4.10,,,,,,,,,,0.00,,,0.00,,,0.00,,,0.00,,,,0.00,0.00,,,,,,,,,
WQP_USA_2026,USGS-01472000,Surface Water,40.2417631,-75.65157517,,11/12/2020,,EPA 1633,,,ng/L,,,,,,,,,0.00,,,4.70,,,,,,,5.30,0.00,3.90,,,,,,,,,,0.00,,,,,,,,,0.00,,,,0.00,,,0.00,,,,,,,,
WQP_USA_2026,USGS-01472000,Surface Water,40.2417631,-75.65157517,,12/2/2020,,EPA 537.1,,,ng/L,3.80,2.10,,0.00,1.00,0.70,3.10,1.80,,,,,,,,,,,,,,3.60,,,,,,,,,,0.00,,,0.00,,,0.00,,,0.00,,,,0.00,0.00,,,,,,,,,
WQP_USA_2026,USGS-01472000,Surface Water,40.2417631,-75.65157517,,12/2/2020,,EPA 1633,,,ng/L,,,,,,,,,0.00,,,,,,,,,,3.50,0.00,2.40,,,,,,,,,,0.00,,,,,,,,,0.00,,,,0.00,,,0.00,,,,,,,,
WQP_USA_2026,USGS-01472000,Surface Water,40.2417631,-75.65157517,,7/22/2021,,EPA 537.1,,,ng/L,4.90,4.50,,,,,,,,,,,,,,,,,,,,,,,,,,,,,,,,,,,,,,,,,,,,,,,,,,,,,
WQP_USA_2026,USGS-01472000,Surface Water,40.2417631,-75.65157517,,8/10/2021,,EPA 537.1,,,ng/L,4.70,3.80,,,,,4.10,,,,,,,,,,,,,,,3.20,,,,,,,,,,,,,,,,,,,,,,,,,,,,,,,,,
WQP_USA_2026,USGS-01472000,Surface Water,40.2417631,-75.65157517,,9/22/2021,,EPA 537.1,,,ng/L,4.70,,,,,,,,,,,,,,,,,,,,,,,,,,,,,,,,,,,,,,,,,,,,,,,,,,,,,,
WQP_USA_2026,USGS-01472000,Surface Water,40.2417631,-75.65157517,,10/18/2021,,EPA 537.1,,,ng/L,9.00,4.70,,,,,6.60,,,,,,,,,,,,,,,6.10,,,,,,,,,,,,,,,,,,,,,,,,,,,,,,,,,
WQP_USA_2026,USGS-01472000,Surface Water,40.2417631,-75.65157517,,11/8/2021,,EPA 537.1,,,ng/L,4.00,,,,,,,,,,,,,,,,,,,,,,,,,,,,,,,,,,,,,,,,,,,,,,,,,,,,,,
WQP_USA_2026,USGS-01472000,Surface Water,40.2417631,-75.65157517,,2/23/2022,,EPA 537.1,,,ng/L,4.00,2.50,,,0.90,0.90,3.30,1.80,,,,,,,,,,,,,,3.40,,,,,,,,,,,,,,,,,,,,,,,,,,,,,,,,,
WQP_USA_2026,USGS-01472000,Surface Water,40.2417631,-75.65157517,,3/14/2022,,EPA 537.1,,,ng/L,2.80,,,,,,2.60,1.30,,,,,,,,,,,,,,2.90,,,,,,,,,,,,,,,,,,,,,,,,,,,,,,,,,
WQP_USA_2026,USGS-01472000,Surface Water,40.2417631,-75.65157517,,4/7/2022,,EPA 537.1,,,ng/L,2.70,1.90,,,,0.60,1.90,1.20,,,,,,,,,,,,,,2.70,,,,,,,,,,,,,,,,,,,,,,,,,,,,,,,,,
WQP_USA_2026,USGS-01472000,Surface Water,40.2417631,-75.65157517,,6/27/2022,,EPA 537.1,,,ng/L,4.80,3.50,,,1.30,1.30,4.70,2.20,,,,,,,,,,,,,,5.50,,,,,,,,,,,,,,,,,,,,,,,,,,,,,,,,,
WQP_USA_2026,USGS-01472000,Surface Water,40.2417631,-75.65157517,,7/27/2022,,EPA 537.1,,,ng/L,4.70,3.70,,,1.40,1.40,4.90,2.20,,,,,,,,,,,,,,6.20,,,,,,,,,,,,,,,,,,,,,,,,,,,,,,,,,
WQP_USA_2026,USGS-01472000,Surface Water,40.2417631,-75.65157517,,8/24/2022,,EPA 1633,,,ng/L,5.40,4.70,,0.80,2.20,1.30,6.80,2.10,0.00,,,,,,,,,,5.30,0.00,6.10,2.30,,0.00,,,,,,,0.00,0.00,,,0.00,0.00,,0.00,,0.00,0.00,,,0.00,0.00,0.00,0.00,,,,,0.00,,,
WQP_USA_2026,USGS-01472000,Surface Water,40.2417631,-75.65157517,,9/27/2022,,EPA 1633,,,ng/L,3.30,2.80,,,1.20,0.90,4.20,2.00,,,,,,,,,,,4.60,,,3.40,,,,,,,,,,,,,,,,,,,,,,,,0.00,,,,,,,,,
WQP_USA_2026,USGS-01472000,Surface Water,40.2417631,-75.65157517,,10/27/2022,,EPA 1633,,,ng/L,3.60,2.60,,,1.20,0.80,3.30,1.80,,,,,,,,,,,3.80,,2.90,3.50,,,,,,,,,,,,,,,,,,,,,,,,0.00,,,,,,,,,
WQP_USA_2026,USGS-01472000,Surface Water,40.2417631,-75.65157517,,11/22/2022,,EPA 1633,,,ng/L,2.80,2.20,,,0.70,0.60,2.80,1.50,,,,,,,,,,,3.10,,2.30,3.10,,,,,,,,,,,,,,,,,,,,,,,,0.00,,,,,,,,,
WQP_USA_2026,USGS-01472000,Surface Water,40.2417631,-75.65157517,,12/15/2022,,EPA 1633,,,ng/L,3.70,1.80,,,1.00,0.80,2.80,1.60,,,,,,,,,,,3.20,,2.30,3.80,,,,,,,,,,,,,,,,,,,,,,,,0.00,,,,,,,,,
WQP_USA_2026,USGS-01472000,Surface Water,40.2417631,-75.65157517,,1/12/2023,,EPA 1633,,,ng/L,3.30,1.70,,,0.80,0.50,2.90,1.50,,,,,,,,,,,2.70,,2.20,3.40,,,,,,,,,,,,,,,,,,,,,,,,0.00,,,,,,,,,
WQP_USA_2026,USGS-01472000,Surface Water,40.2417631,-75.65157517,,2/2/2023,,EPA 1633,,,ng/L,3.60,1.80,,,0.90,0.60,3.10,1.40,,,,,,,,,,,2.90,,2.20,3.70,,,,,,,,,,,,,,,,,,,,,,,,0.00,0.60,,,,,,,,
WQP_USA_2026,USGS-01472000,Surface Water,40.2417631,-75.65157517,,3/21/2023,,EPA 1633,,,ng/L,3.20,1.70,,,0.80,0.60,3.50,1.30,,,,,,,,,,,3.20,,2.50,3.70,,,,,,,,,,,,,,,,,,,,,,,,0.00,0.50,,,,,,,,
WQP_USA_2026,USGS-01472000,Surface Water,40.2417631,-75.65157517,,4/19/2023,,EPA 1633,,,ng/L,3.60,2.30,,,1.00,1.10,4.00,1.50,,,,,,,,,,,4.20,,3.40,3.80,,,,,,,,,,,,,,,,,,,,,,,,0.00,1.20,,,,,,,,
WQP_USA_2026,USGS-01472000,Surface Water,40.2417631,-75.65157517,,6/12/2023,,EPA 1633,,,ng/L,3.90,2.60,,,1.20,0.90,4.20,1.40,,,,,,,,,,,4.30,,3.20,3.60,,,,,,,,,,,,,,,,,,,,,,,,0.00,,,,,,,,,
WQP_USA_2026,USGS-01472000,Surface Water,40.2417631,-75.65157517,,7/12/2023,,EPA 1633,,,ng/L,5.50,3.00,,,1.50,0.90,4.20,2.50,,,,3.40,,,,,,,5.20,,4.40,4.20,,,,,,,,,,,,,,,,,,,,,,,,0.00,1.00,,,,,,,,
WQP_USA_2026,USGS-01472000,Surface Water,40.2417631,-75.65157517,,8/15/2023,,EPA 1633,,,ng/L,4.80,3.20,,,1.60,1.00,5.20,2.00,,,,,,,,,,,6.30,,4.60,4.10,,,,,,,,,,,,,,,,,,,,,,,,0.00,,,,,,,,,
WQP_USA_2026,USGS-01472000,Surface Water,40.2417631,-75.65157517,,9/13/2023,,EPA 1633,,,ng/L,4.30,3.10,,,1.40,0.90,4.90,1.80,,,,,,,,,,,5.10,,5.10,4.10,,,,,,,,,,,,,,,,,,,,,,,,0.00,,,,,,,,,
WQP_USA_2026,USGS-01472000,Surface Water,40.2417631,-75.65157517,,10/12/2023,,EPA 1633,,,ng/L,3.30,2.30,,,0.90,0.90,3.20,1.60,,,,,,,,,,,3.70,,2.80,3.20,,,,,,,,,,,,,,,,,,,,,,,,0.00,,,,,,,,,
WQP_USA_2026,USGS-01472000,Surface Water,40.2417631,-75.65157517,,11/14/2023,,EPA 1633,,,ng/L,3.60,2.10,,,1.10,0.90,4.20,1.70,,,,,,,,,,,4.40,,2.90,4.30,,,,,,,,,,,,,,,,,,,,,,,,0.00,,,,,,,,,
WQP_USA_2026,USGS-01472000,Surface Water,40.2417631,-75.65157517,,12/13/2023,,EPA 1633,,,ng/L,4.10,2.00,,,0.80,0.60,3.50,1.50,,,,,,,,,,,3.40,,2.70,3.60,,,,,,,,,,,,,,,,,,,,,,,,0.00,0.70,,,,,,,,
WQP_USA_2026,USGS-01472000,Surface Water,40.2417631,-75.65157517,,1/29/2024,,EPA 1633,,,ng/L,3.50,1.90,,,0.80,0.60,2.60,1.30,,,,,,,,,,,2.60,,1.90,2.70,,,,,,,,,,,,,,,,,,,,,,,,0.00,,,,,,,,,
WQP_USA_2026,USGS-01472000,Surface Water,40.2417631,-75.65157517,,2/27/2024,,EPA 1633,,,ng/L,3.80,1.90,,,0.80,0.70,3.30,1.40,,,,,,,,,,,3.00,,2.30,3.20,,,,,,,,,,,,,,,,,,,,,,,,0.00,,,,,,,,,
WQP_USA_2026,USGS-01472000,Surface Water,40.2417631,-75.65157517,,3/7/2024,,EPA 1633,,,ng/L,4.00,2.20,,,1.00,0.60,3.30,1.60,,,,,,,,,,,2.80,,2.20,2.70,,,,,,,,,,,,,,,,,,,,,,,,0.00,0.80,,,,,,,,
WQP_USA_2026,USGS-01472000,Surface Water,40.2417631,-75.65157517,,4/3/2024,,EPA 1633,,,ng/L,3.60,2.60,,,1.20,0.70,2.40,1.50,,,,,,,,,,,2.70,,2.60,2.20,,,,,,,,,,,,,,,,,,,,,,,,0.00,0.60,,,,,,,,
WQP_USA_2026,USGS-01472000,Surface Water,40.2417631,-75.65157517,,5/23/2024,,EPA 1633,,,ng/L,3.50,2.30,,0.00,0.90,0.90,3.50,1.50,0.00,,,,,,,,,,3.60,0.00,2.70,2.70,,,,,,,,,0.00,0.00,,,0.00,0.00,,0.00,,0.00,0.00,,,0.00,0.00,0.00,0.00,,,,,0.00,,,
WQP_USA_2026,USGS-01472000,Surface Water,40.2417631,-75.65157517,,6/10/2024,,EPA 1633,,,ng/L,4.10,2.70,,0.00,1.20,1.00,3.90,1.60,0.00,,,,,,,,,,4.30,0.00,3.50,3.20,,,,,,,,,0.00,0.00,,,0.00,0.00,,0.00,,0.00,0.00,,,0.00,0.00,0.00,2.00,,,,,0.00,,,
WQP_USA_2026,USGS-01472000,Surface Water,40.2417631,-75.65157517,,7/17/2024,,EPA 1633,,,ng/L,5.50,3.60,,0.50,1.80,1.20,5.80,2.50,0.00,,,,,,,,,,6.90,0.00,5.50,4.20,,,,,,,,,0.00,0.00,,,0.00,0.00,,0.00,,0.00,0.00,,,0.00,0.00,0.00,0.70,,,,,0.00,,,
WQP_USA_2026,USGS-01472000,Surface Water,40.2417631,-75.65157517,,8/13/2024,,EPA 1633,,,ng/L,5.20,3.20,,0.00,1.70,1.20,4.30,1.90,0.00,,,,,,,,,,5.00,0.00,4.80,4.20,,,,,,,,,0.00,0.00,,,0.00,0.00,,0.00,,0.00,0.00,,,0.00,0.00,0.00,0.00,,,,,0.00,,,
WQP_USA_2026,USGS-01472000,Surface Water,40.2417631,-75.65157517,,9/3/2024,,EPA 1633,,,ng/L,3.80,2.90,,0.00,1.20,1.40,4.50,1.80,0.00,,,,,,,,,,5.10,0.00,3.90,3.40,,0.00,,,,,,,0.00,0.00,,,0.00,0.00,,0.00,,0.00,0.00,,,0.00,0.00,0.00,0.00,,,,,0.00,,,
WQP_USA_2026,USGS-01472000,Surface Water,40.2417631,-75.65157517,,10/24/2024,,EPA 1633,,,ng/L,3.30,2.30,,,1.10,1.20,4.30,1.50,,,,,,,,,,,4.80,,3.70,3.70,,,,,,,,,,,,,,,,,,,,,,,,0.00,,,,,,,,,
WQP_USA_2026,USGS-01472000,Surface Water,40.2417631,-75.65157517,,11/20/2024,,EPA 1633,,,ng/L,3.80,2.50,,0.00,1.00,1.20,4.00,1.40,0.00,,,,,,,,,,4.60,0.00,3.40,3.30,,0.00,,,,,,,0.00,0.00,,,0.00,0.00,,0.00,,0.00,0.00,,,0.00,0.00,0.00,0.00,,,,,0.00,,,
WQP_USA_2026,USGS-01472000,Surface Water,40.2417631,-75.65157517,,12/11/2024,,EPA 1633,,,ng/L,3.30,2.80,,0.00,1.10,1.20,4.60,1.40,0.00,,,,,,,,,,4.50,0.00,3.90,4.40,,0.00,,,,,,,0.00,0.00,,,0.00,0.00,,0.00,,0.00,0.00,,,0.00,0.00,0.00,0.00,,,,,0.00,,,
WQP_USA_2026,USGS-01472000,Surface Water,40.2417631,-75.65157517,,1/16/2025,,EPA 1633,,,ng/L,3.30,2.10,,0.00,0.90,0.90,3.70,1.30,0.00,,,,,,,,,,3.70,0.00,2.90,3.60,,0.00,,,,,,,0.00,0.00,,,0.00,0.00,,0.00,,0.00,0.00,,,0.00,0.00,0.00,1.60,,,,,0.00,,,
WQP_USA_2026,USGS-01472000,Surface Water,40.2417631,-75.65157517,,2/27/2025,,EPA 1633,,,ng/L,5.10,2.20,,0.00,1.00,0.90,4.70,1.80,0.00,,,,,,,,,,4.30,0.00,3.70,4.70,,0.00,,,,,,,0.00,0.00,,,0.00,0.00,,0.00,,0.00,0.00,,,0.00,0.00,0.00,0.00,,,,,0.00,,,
WQP_USA_2026,USGS-01472000,Surface Water,40.2417631,-75.65157517,,3/10/2025,,EPA 1633,,,ng/L,3.30,1.90,,0.00,0.90,0.80,2.80,1.40,0.00,,,,,,,,,,3.00,0.00,2.70,2.30,,0.00,,,,,,,0.00,0.00,,,0.00,0.00,,0.00,,0.00,0.00,,,0.00,0.00,0.00,0.00,,,,,0.00,,,
WQP_USA_2026,USGS-01472000,Surface Water,40.2417631,-75.65157517,,4/24/2025,,EPA 1633,,,ng/L,5.50,2.20,,,1.10,1.10,6.00,2.00,,,,,,,,,,,4.50,,3.40,3.90,,,,,,,,,,,,,,,,,,,,,,,,0.00,,,,,,,,,
WQP_USA_2026,USGS-01472000,Surface Water,40.2417631,-75.65157517,,5/22/2025,,EPA 1633,,,ng/L,4.40,2.60,,,1.10,1.00,3.80,1.70,,,,,,,,,,,4.20,,2.40,4.30,,,,,,,,,,,,,,,,,,,,,,,,0.00,,,,,,,,,
WQP_USA_2026,USGS-01472080,Surface Water,40.20093256,-75.6190781,,10/27/2022,,EPA 1633,,,ng/L,1.80,1.40,,,,0.90,1.60,0.90,,,,,,,,,,,1.20,,,1.40,,,,,,,,,,,,,,,,,,,,,,,,0.00,,,,,,,,,
WQP_USA_2026,USGS-01472157,Surface Water,40.15149064,-75.60130497,,11/8/2022,,EPA 1633,,,ng/L,1.60,0.80,,,,,0.60,0.70,,,,,,,,,,,,,,0.80,,,,,,,,,,,,,,,,,,,,,,,,0.00,,,,,,,,,
WQP_USA_2026,USGS-01472190,Surface Water,40.10927152,-75.52797148,,10/20/2022,,EPA 1633,,,ng/L,2.50,1.10,,,1.10,0.60,2.80,1.50,,,,,,,,,,,2.90,,,2.50,,,,,,,,,,,,,,,,,,,,,,,,0.00,,,,,,,,,
WQP_USA_2026,USGS-01473030,Surface Water,40.15316667,-75.45587222,,9/24/2019,,EPA 1633,,,ng/L,5.10,3.60,,,,1.20,4.60,2.30,,,,,,,,,,,5.50,,5.20,3.30,,,,,,,,,,,,,,,,,,,,,,,,,,,,,,,,,
WQP_USA_2026,USGS-01473030,Surface Water,40.15316667,-75.45587222,,10/28/2020,,EPA 537.1,,,ng/L,3.80,2.50,,0.00,0.80,1.20,4.20,2.00,,,,,,,,,,,,,,3.50,,,,,,,,,,0.00,,,0.00,,,0.00,,,0.00,,,,0.00,0.00,,,,,,,,,
WQP_USA_2026,USGS-01473030,Surface Water,40.15316667,-75.45587222,,10/28/2020,,EPA 1633,,,ng/L,,,,,,,,,0.00,,,,,,,,,,5.40,0.00,3.80,,,,,,,,,,0.00,,,,,,,,,0.00,,,,0.00,,,0.00,,,,,,,,
WQP_USA_2026,USGS-01473030,Surface Water,40.15316667,-75.45587222,,11/18/2020,,EPA 537.1,,,ng/L,3.70,2.70,,0.00,0.80,1.00,3.20,2.30,,,,,,,,,,,,,,4.40,,,,,,,,,,0.00,,,0.00,,,0.00,,,0.00,,,,0.00,0.00,,,,,,,,,
WQP_USA_2026,USGS-01473030,Surface Water,40.15316667,-75.45587222,,11/18/2020,,EPA 1633,,,ng/L,,,,,,,,,0.00,,,,,,,,,,4.40,0.00,3.40,,,,,,,,,,0.00,,,,,,,,,0.00,,,,0.00,,,0.00,,,,,,,,
WQP_USA_2026,USGS-01473030,Surface Water,40.15316667,-75.45587222,,12/14/2020,,EPA 537.1,,,ng/L,2.60,2.30,,0.00,0.70,0.90,2.40,1.50,,,,,,,,,,,,,,3.20,,,,,,,,,,0.00,,,0.00,,,0.00,,,0.00,,,,0.00,0.00,,,,,,,,,
WQP_USA_2026,USGS-01473030,Surface Water,40.15316667,-75.45587222,,12/14/2020,,EPA 1633,,,ng/L,,,,,,,,,0.00,,,,,,,,,,2.70,0.00,2.80,,,,,,,,,,0.00,,,,,,,,,0.00,,,,0.00,,,0.00,,,,,,,,
WQP_USA_2026,USGS-01473030,Surface Water,40.15316667,-75.45587222,,7/22/2021,,EPA 537.1,,,ng/L,5.80,4.40,,,,,4.20,,,,,,,,,,,,,,,3.60,,,,,,,,,,,,,,,,,,,,,,,,,,,,,,,,,
WQP_USA_2026,USGS-01473030,Surface Water,40.15316667,-75.45587222,,8/10/2021,,EPA 537.1,,,ng/L,4.80,3.90,,,,,4.10,,,,,,,,,,,,,,,,,,,,,,,,,,,,,,,,,,,,,,,,,,,,,,,,
WQP_USA_2026,USGS-01473030,Surface Water,40.15316667,-75.45587222,,9/7/2021,,EPA 537.1,,,ng/L,4.40,3.60,,,,,,,,,,,,,,,,,,,,3.60,,,,,,,,,,,,,,,,,,,,,,,,,,,,,,,,,
WQP_USA_2026,USGS-01473030,Surface Water,40.15316667,-75.45587222,,10/18/2021,,EPA 537.1,,,ng/L,4.40,,,,,,,,,,,,,,,,,,,,,3.60,,,,,,,,,,,,,,,,,,,,,,,,,,,,,,,,,
WQP_USA_2026,USGS-01473030,Surface Water,40.15316667,-75.45587222,,2/23/2022,,EPA 537.1,,,ng/L,3.20,2.40,,,,0.70,2.80,1.70,,,,,,,,,,,,,,3.80,,,,,,,,,,,,,,,,,,,,,,,,,,,,,,,,,
WQP_USA_2026,USGS-01473030,Surface Water,40.15316667,-75.45587222,,3/14/2022,,EPA 537.1,,,ng/L,3.20,2.60,,,,,3.20,1.70,,,,,,,,,,,,,,3.30,,,,,,,,,,,,,,,,,,,,,,,,,,,,,,,,,
WQP_USA_2026,USGS-01473030,Surface Water,40.15316667,-75.45587222,,4/26/2022,,EPA 537.1,,,ng/L,2.80,2.50,,,,0.90,2.50,1.20,,,,,,,,,,,,,,3.10,,,,,,,,,,,,,,,,,,,,,,,,,,,,,,,,,
WQP_USA_2026,USGS-01473030,Surface Water,40.15316667,-75.45587222,,6/27/2022,,EPA 537.1,,,ng/L,5.00,4.60,,,1.00,1.20,4.20,2.60,,,,,,,,,,,,,,4.80,,,,,,,,,,,,,,,,,,,,,,,,,,,,,,,,,
WQP_USA_2026,USGS-01473030,Surface Water,40.15316667,-75.45587222,,7/27/2022,,EPA 537.1,,,ng/L,3.90,3.80,,,,1.10,3.90,2.30,,,,,,,,,,,,,,2.70,,,,,,,,,,,,,,,,,,,,,,,,,,,,,,,,,
WQP_USA_2026,USGS-01473030,Surface Water,40.15316667,-75.45587222,,8/24/2022,,EPA 1633,,,ng/L,3.50,3.00,,0.00,0.80,0.90,2.80,1.60,0.00,,,,,,,,,,4.20,0.00,3.70,2.80,,0.00,,,,,,,0.00,0.00,,,0.00,0.00,,0.00,,0.00,0.00,,,0.00,0.00,0.00,0.00,,,,,0.00,,,
WQP_USA_2026,USGS-01473030,Surface Water,40.15316667,-75.45587222,,9/27/2022,,EPA 1633,,,ng/L,3.00,2.50,,,,0.70,2.80,1.50,,,,,,,,,,,3.50,,2.40,3.00,,,,,,,,,,,,,,,,,,,,,,,,0.00,,,,,,,,,
WQP_USA_2026,USGS-01473030,Surface Water,40.15316667,-75.45587222,,10/25/2022,,EPA 1633,,,ng/L,3.40,2.60,,,0.80,0.70,3.20,1.50,,,,,,,,,,,3.30,,2.80,4.50,,,,,,,,,,,,,,,,,,,,,,,,0.00,,,,,,,,,
WQP_USA_2026,USGS-01473030,Surface Water,40.15316667,-75.45587222,,11/22/2022,,EPA 1633,,,ng/L,3.10,2.30,,,,0.80,2.60,1.50,,,,,,,,,,,3.10,,2.90,4.10,,,,,,,,,,,,,,,,,,,,,,,,0.00,,,,,,,,,
WQP_USA_2026,USGS-01473030,Surface Water,40.15316667,-75.45587222,,12/13/2022,,EPA 1633,,,ng/L,3.10,2.30,,,0.70,0.60,2.20,1.40,,,,,,,,,,,2.80,,2.10,3.50,,,,,,,,,,,,,,,,,,,,,,,,0.00,,,,,,,,,
WQP_USA_2026,USGS-01473030,Surface Water,40.15316667,-75.45587222,,1/12/2023,,EPA 1633,,,ng/L,2.50,2.20,,,0.60,0.50,2.00,1.10,,,,,,,,,,,2.20,,2.10,3.20,,,,,,,,,,,,,,,,,,,,,,,,0.00,,,,,,,,,
WQP_USA_2026,USGS-01473030,Surface Water,40.15316667,-75.45587222,,2/8/2023,,EPA 1633,,,ng/L,2.70,2.10,,,0.70,,2.20,1.10,,,,,,,,,,,2.20,,2.00,3.00,,,,,,,,,,,,,,,,,,,,,,,,0.00,1.00,,,,,,,,
WQP_USA_2026,USGS-01473030,Surface Water,40.15316667,-75.45587222,,3/21/2023,,EPA 1633,,,ng/L,2.40,2.10,,,,0.60,2.10,1.20,,,,,,,,,,,2.50,,,3.10,,,,,,,,,,,,,,,,,,,,,,,,0.00,0.80,,,,,,,,
WQP_USA_2026,USGS-01473030,Surface Water,40.15316667,-75.45587222,,4/19/2023,,EPA 1633,,,ng/L,3.20,2.10,,,0.70,0.80,3.00,1.30,,,,,,,,,,,4.00,,3.00,3.10,,,,,,,,,,,,,,,,,,,,,,,,0.00,,,,,,,,,
WQP_USA_2026,USGS-01473030,Surface Water,40.15316667,-75.45587222,,5/23/2023,,EPA 1633,,,ng/L,2.80,2.20,,,0.70,0.70,3.20,1.20,,,,,,,,,,,3.40,,2.50,2.70,,,,,,,,,,,,,,,,,,,,,,,,0.00,,,,,,,,,
WQP_USA_2026,USGS-01473030,Surface Water,40.15316667,-75.45587222,,6/12/2023,,EPA 1633,,,ng/L,3.20,2.80,,,0.80,,3.40,1.30,,,,,,,,,,,3.60,,2.90,2.50,,,,,,,,,,,,,,,,,,,,,,,,0.00,,,,,,,,,
WQP_USA_2026,USGS-01473030,Surface Water,40.15316667,-75.45587222,,7/12/2023,,EPA 1633,,,ng/L,5.00,3.40,,,1.30,0.80,4.10,2.20,,,,3.50,,,,,,,4.60,,4.90,4.40,,,,,,,,,,,,,,,,,,,,,,,,0.00,0.90,,,,,,,,
WQP_USA_2026,USGS-01473030,Surface Water,40.15316667,-75.45587222,,8/15/2023,,EPA 1633,,,ng/L,5.00,4.30,,0.60,1.20,0.90,4.70,2.30,,,,,,,,,,,4.30,,5.00,3.60,,,,,,,,,,,,,,,,,,,,,,,,0.00,,,,,,,,,
WQP_USA_2026,USGS-01473030,Surface Water,40.15316667,-75.45587222,,9/13/2023,,EPA 1633,,,ng/L,5.80,3.60,,,1.20,1.00,4.60,2.30,,,,,,,,,,,5.10,,5.00,3.70,,,,,,,,,,,,,,,,,,,,,,,,0.00,,,,,,,,,
WQP_USA_2026,USGS-01473030,Surface Water,40.15316667,-75.45587222,,10/18/2023,,EPA 1633,,,ng/L,4.50,2.90,,,1.00,0.80,4.20,1.90,,,,,,,,,,,4.80,,4.10,4.10,,,,,,,,,,,,,,,,,,,,,,,,0.00,0.90,,,,,,,,
WQP_USA_2026,USGS-01473030,Surface Water,40.15316667,-75.45587222,,11/14/2023,,EPA 1633,,,ng/L,3.80,2.10,,,0.60,0.70,3.40,1.30,,,,,,,,,,,4.10,,3.10,3.10,,,,,,,,,,,,,,,,,,,,,,,,0.00,,,,,,,,,
WQP_USA_2026,USGS-01473030,Surface Water,40.15316667,-75.45587222,,12/13/2023,,EPA 1633,,,ng/L,3.80,2.80,,0.00,0.70,0.60,2.70,1.50,0.00,,,,,,,,,,2.80,0.00,2.90,3.70,,0.00,,,,,,,0.00,0.00,,,0.00,0.00,,0.00,,0.00,0.00,,,0.00,0.00,0.00,0.00,,,,,0.00,,,
WQP_USA_2026,USGS-01473030,Surface Water,40.15316667,-75.45587222,,1/30/2024,,EPA 1633,,,ng/L,3.20,2.30,,0.00,0.50,0.60,2.10,1.20,0.00,,,,,,,,,,2.00,0.00,2.30,3.00,,0.00,,,,,,,0.00,0.00,,,0.00,0.00,,0.00,,0.00,0.00,,,0.00,0.00,0.00,1.00,,,,,0.00,,,
WQP_USA_2026,USGS-01473030,Surface Water,40.15316667,-75.45587222,,2/27/2024,,EPA 1633,,,ng/L,2.80,2.30,,0.00,0.60,0.50,2.00,1.20,0.00,,,,,,,,,,2.10,0.00,2.10,2.80,,0.00,,,,,,,0.00,0.00,,,0.00,0.00,,0.00,,0.00,0.00,,,0.00,0.00,0.00,0.00,,,,,0.00,,,
WQP_USA_2026,USGS-01473030,Surface Water,40.15316667,-75.45587222,,3/7/2024,,EPA 1633,,,ng/L,4.20,2.60,,0.00,1.10,0.60,2.70,1.90,0.00,,,,,,,,,,2.60,0.00,3.10,2.90,,0.00,,,,,,,0.00,0.00,,,0.00,0.00,,0.00,,0.00,0.00,,,0.00,0.00,0.00,0.00,,,,,0.00,,,
WQP_USA_2026,USGS-01473030,Surface Water,40.15316667,-75.45587222,,4/18/2024,,EPA 1633,,,ng/L,3.10,2.30,,0.00,0.70,0.80,2.80,1.20,0.00,,,,,,,,,,2.60,0.00,2.70,2.70,,,,,,,,,0.00,0.00,,,0.00,0.00,,0.00,,0.00,0.00,,,0.00,0.00,0.00,0.00,,,,,0.00,,,
WQP_USA_2026,USGS-01473030,Surface Water,40.15316667,-75.45587222,,5/21/2024,,EPA 1633,,,ng/L,3.70,3.00,,0.00,0.90,0.80,3.10,1.40,0.00,,,,,,,,,,3.20,0.00,3.20,2.80,,,,,,,,,0.00,0.00,,,0.00,0.00,,0.00,,0.00,0.00,,,0.00,0.00,0.00,0.00,,,,,0.00,,,
WQP_USA_2026,USGS-01473030,Surface Water,40.15316667,-75.45587222,,6/10/2024,,EPA 1633,,,ng/L,5.30,4.10,,,1.30,1.00,4.00,2.00,,,,,,,,,,,4.60,,4.20,3.40,,,,,,,,,,,,,,,,,,,,,,,,0.00,0.90,,,,,,,,
WQP_USA_2026,USGS-01473030,Surface Water,40.15316667,-75.45587222,,7/16/2024,,EPA 1633,,,ng/L,5.30,4.00,,,1.10,1.00,3.80,2.10,,,,,,,,,,,5.50,,4.50,3.40,,,,,,,,,,,,,,,,,,,,,,,,,,,,,,,,,
WQP_USA_2026,USGS-01473030,Surface Water,40.15316667,-75.45587222,,8/13/2024,,EPA 1633,,,ng/L,5.30,4.00,,,1.10,1.20,4.20,1.90,,,,,,,,,,,4.80,,4.70,4.20,,,,,,,,,,,,,,,,,,,,,,,,,,,,,,,,,
WQP_USA_2026,USGS-01473030,Surface Water,40.15316667,-75.45587222,,9/3/2024,,EPA 1633,,,ng/L,3.60,3.10,,,0.70,0.90,3.00,1.40,,,,,,,,,,,4.20,,3.70,3.40,,,,,,,,,,,,,,,,,,,,,,,,0.00,,,,,,,,,
WQP_USA_2026,USGS-01473030,Surface Water,40.15316667,-75.45587222,,10/24/2024,,EPA 1633,,,ng/L,2.30,1.90,,0.00,0.60,0.80,2.90,1.00,0.00,,,,,,,,,,4.10,0.00,2.80,2.40,,0.00,,,,,,,0.00,0.00,,,0.00,0.00,,0.00,,0.00,0.00,,,0.00,0.00,0.00,0.00,,,,,0.00,,,
WQP_USA_2026,USGS-01473030,Surface Water,40.15316667,-75.45587222,,11/19/2024,,EPA 1633,,,ng/L,2.70,2.00,,0.00,0.50,1.00,3.00,0.90,0.00,,,,,,,,,,4.40,0.00,2.80,2.60,,0.00,,,,,,,0.00,0.00,,,0.00,0.00,,0.00,,0.00,0.00,,,0.00,0.00,0.00,0.00,,,,,0.00,,,
WQP_USA_2026,USGS-01473030,Surface Water,40.15316667,-75.45587222,,12/10/2024,,EPA 1633,,,ng/L,2.40,1.50,,0.00,0.40,0.70,2.90,1.20,0.00,,,,,,,,,,4.00,0.00,3.00,2.10,,0.00,,,,,,,0.00,0.00,,,0.00,0.00,,0.00,,0.00,0.00,,,0.00,0.00,0.00,0.00,,,,,0.00,,,
WQP_USA_2026,USGS-01473030,Surface Water,40.15316667,-75.45587222,,2/26/2025,,EPA 1633,,,ng/L,3.30,2.40,,0.00,0.00,0.80,3.00,1.40,0.00,,,,,,,,,,3.10,0.00,3.10,3.30,,0.00,,,,,,,0.00,0.00,,,0.00,0.00,,0.00,,0.00,0.00,,,0.00,0.00,0.00,0.00,,,,,0.00,,,
WQP_USA_2026,USGS-01473030,Surface Water,40.15316667,-75.45587222,,3/10/2025,,EPA 1633,,,ng/L,3.50,2.40,,,0.90,0.80,3.60,2.00,,,,,,,,,,,3.00,,3.30,3.90,,,,,,,,,,,,,,,,,,,,,,,,0.00,,,,,,,,,
WQP_USA_2026,USGS-01473030,Surface Water,40.15316667,-75.45587222,,4/8/2025,,EPA 1633,,,ng/L,3.40,2.40,,0.00,0.90,0.70,2.80,1.50,0.00,,,,,,,,,,2.80,,3.00,3.70,,0.00,,,,,,,0.00,0.00,,,0.00,0.00,,0.00,,0.00,0.00,,,0.00,0.00,0.00,0.00,,,,,0.00,,,
WQP_USA_2026,USGS-01473030,Surface Water,40.15316667,-75.45587222,,5/28/2025,,EPA 1633,,,ng/L,4.20,3.40,,,0.90,1.20,3.20,1.50,,,,,,,,,,,3.60,,3.00,4.20,,,,,,,,,,,,,,,,,,,,,,,,0.00,,,,,,,,,
WQP_USA_2026,USGS-01473169,Surface Water,40.07927367,-75.46074808,,10/25/2022,,EPA 1633,,,ng/L,14.00,8.00,,,12.00,2.70,7.70,4.30,,,,,,,,,,,7.90,1.00,7.00,3.80,,,,,,,,,,,,,,,,,,,,,,,,0.00,,,,,,,,,
WQP_USA_2026,USGS-01473170,Surface Water,40.0814959,-75.45658094,,9/17/2019,,EPA 1633,,,ng/L,16.00,9.20,,,16.00,2.80,7.70,5.00,,,,,,,,,,,7.50,0.90,8.00,3.20,,,,,,,,,,,,,,,,,,,,,,,,,,,,,,,,,
WQP_USA_2026,USGS-01473170,Surface Water,40.0814959,-75.45658094,,10/21/2020,,EPA 537.1,,,ng/L,15.70,9.90,,0.00,15.00,3.30,7.50,4.80,,,,,,,,,,,,,,3.70,,,,,,,,,,0.00,,,0.00,,,0.00,,,0.00,,,,0.00,0.00,,,,,,,,,
WQP_USA_2026,USGS-01473170,Surface Water,40.0814959,-75.45658094,,10/21/2020,,EPA 1633,,,ng/L,,,,,,,,,0.00,,,,,,,,,,7.30,1.10,7.10,,,,,,,,,,0.00,,,,,,,,,0.00,,,,0.00,,,0.60,,,,,,,,
WQP_USA_2026,USGS-01473170,Surface Water,40.0814959,-75.45658094,,11/12/2020,,EPA 537.1,,,ng/L,14.00,10.10,,0.50,9.80,2.10,9.50,5.50,,,,,,,,,,,,,,3.00,,,,,,,,,,0.00,,,0.00,,,1.60,,,0.00,,,,0.00,0.00,,,,,,,,,
WQP_USA_2026,USGS-01473170,Surface Water,40.0814959,-75.45658094,,11/12/2020,,EPA 1633,,,ng/L,,,,,,,,,0.00,,,,,,,,,,9.20,0.60,7.00,,,,,,,,,,0.00,,,,,,,,,0.00,,,,0.00,,,0.80,,,,,,,,
WQP_USA_2026,USGS-01473170,Surface Water,40.0814959,-75.45658094,,12/3/2020,,EPA 537.1,,,ng/L,11.00,7.10,,0.00,11.00,2.40,6.30,4.20,,,,,,,,,,,,,,3.30,,,,,,,,,,0.00,,,0.00,,,0.00,,,0.00,,,,0.00,0.00,,,,,,,,,
WQP_USA_2026,USGS-01473170,Surface Water,40.0814959,-75.45658094,,12/3/2020,,EPA 1633,,,ng/L,,,,,,,,,0.00,,,,,,,,,,6.40,0.70,5.70,,,,,,,,,,0.00,,,,,,,,,0.00,,,,0.00,,,0.40,,,,,,,,
WQP_USA_2026,USGS-01473170,Surface Water,40.0814959,-75.45658094,,1/27/2021,,EPA 537.1,,,ng/L,15.00,9.30,,,,,8.40,4.60,,,,,,,,,,,,,,,,,,,,,,,,,,,,,,,,,,,,,,,,,,,,,,,
WQP_USA_2026,USGS-01473170,Surface Water,40.0814959,-75.45658094,,2/23/2021,,EPA 537.1,,,ng/L,12.90,7.60,,,,,6.80,4.00,,,,,,,,,,,,,,,,,,,,,,,,,,,,,,,,,,,,,,,,,,,,,,,
WQP_USA_2026,USGS-01473170,Surface Water,40.0814959,-75.45658094,,3/17/2021,,EPA 537.1,,,ng/L,13.50,8.00,,,,,6.50,3.90,,,,,,,,,,,,,,,,,,,,,,,,,,,,,,,,,,,,,,,,,,,,,,,
WQP_USA_2026,USGS-01473170,Surface Water,40.0814959,-75.45658094,,4/20/2021,,EPA 537.1,,,ng/L,12.40,7.90,,,,,6.50,,,,,,,,,,,,,,,,,,,,,,,,,,,,,,,,,,,,,,,,,,,,,,,,
WQP_USA_2026,USGS-01473170,Surface Water,40.0814959,-75.45658094,,5/19/2021,,EPA 537.1,,,ng/L,14.60,10.40,,,10.40,,6.10,3.70,,,,,,,,,,,,,,,,,,,,,,,,,,,,,,,,,,,,,,,,,,,,,,,
WQP_USA_2026,USGS-01473170,Surface Water,40.0814959,-75.45658094,,6/22/2021,,EPA 537.1,,,ng/L,18.60,12.70,,,,,9.90,5.70,,,,,,,,,,,,,,,,,,,,,,,,,,,,,,,,,,,,,,,,,,,,,,,
WQP_USA_2026,USGS-01473170,Surface Water,40.0814959,-75.45658094,,7/13/2021,,EPA 537.1,,,ng/L,16.60,10.40,,,,,8.00,4.50,,,,,,,,,,,,,,,,,,,,,,,,,,,,,,,,,,,,,,,,,,,,,,,
WQP_USA_2026,USGS-01473170,Surface Water,40.0814959,-75.45658094,,8/10/2021,,EPA 537.1,,,ng/L,17.30,12.00,,,,3.70,7.30,4.60,,,,,,,,,,,,,,3.40,,,,,,,,,,,,,,,,,,,,,,,,,,,,,,,,,
WQP_USA_2026,USGS-01473170,Surface Water,40.0814959,-75.45658094,,9/22/2021,,EPA 537.1,,,ng/L,19.10,10.10,,,,,8.40,5.30,,,,,,,,,,,,,,,,,,,,,,,,,,,,,,,,,,,,,,,,,,,,,,,
WQP_USA_2026,USGS-01473170,Surface Water,40.0814959,-75.45658094,,10/18/2021,,EPA 537.1,,,ng/L,17.10,9.10,,,,,8.30,5.20,,,,,,,,,,,,,,3.50,,,,,,,,,,,,,,,,,,,,,,,,,,,,,,,,,
WQP_USA_2026,USGS-01473170,Surface Water,40.0814959,-75.45658094,,11/8/2021,,EPA 537.1,,,ng/L,15.40,8.10,,,,,7.00,4.20,,,,,,,,,,,,,,,,,,,,,,,,,,,,,,,,,,,,,,,,,,,,,,,
WQP_USA_2026,USGS-01473170,Surface Water,40.0814959,-75.45658094,,12/1/2021,,EPA 537.1,,,ng/L,14.70,8.10,,,,,6.40,4.20,,,,,,,,,,,,,,,,,,,,,,,,,,,,,,,,,,,,,,,,,,,,,,,
WQP_USA_2026,USGS-01473170,Surface Water,40.0814959,-75.45658094,,2/23/2022,,EPA 537.1,,,ng/L,16.60,11.70,,,1.70,3.80,9.10,5.30,,,,,,,,,,,,,,4.90,,,,,,,,,,1.60,,,,,,1.00,,,,,,,,,,,,,,,,,
WQP_USA_2026,USGS-01473170,Surface Water,40.0814959,-75.45658094,,3/14/2022,,EPA 537.1,,,ng/L,12.60,8.80,,,1.40,2.60,7.00,4.10,,,,,,,,,,,,,,3.10,,,,,,,,,,1.40,,,,,,,,,,,,,,,,,,,,,,,
WQP_USA_2026,USGS-01473170,Surface Water,40.0814959,-75.45658094,,4/13/2022,,EPA 537.1,,,ng/L,12.50,9.60,,,1.60,2.80,6.30,3.90,,,,,,,,,,,,,,4.20,,,,,,,,,,1.20,,,,,,1.10,,,,,,,,,,,,,,,,,
WQP_USA_2026,USGS-01473170,Surface Water,40.0814959,-75.45658094,,6/23/2022,,EPA 537.1,,,ng/L,12.90,10.30,,,2.20,2.20,8.00,5.20,,,,,,,,,,,,,,3.70,,,,,,,,,,1.10,,,,,,,,,,,,,,,,,,,,,,,
WQP_USA_2026,USGS-01473170,Surface Water,40.0814959,-75.45658094,,7/25/2022,,EPA 537.1,,,ng/L,12.70,9.00,,,1.20,2.50,10.20,4.30,,,,,,,,,,,,,,,,,,,,,,,,1.10,,,,,,,,,,,,,,,,,,,,,,,
WQP_USA_2026,USGS-01473170,Surface Water,40.0814959,-75.45658094,,8/24/2022,,EPA 1633,,,ng/L,14.00,9.50,,0.00,12.00,2.80,8.70,4.40,0.00,,,,,,,,,,7.00,1.00,7.40,3.20,,0.00,,,,,,,0.00,0.00,,,0.00,0.00,,0.00,,0.00,0.00,,,0.00,0.00,0.00,0.50,,,,,0.00,,,
WQP_USA_2026,USGS-01473170,Surface Water,40.0814959,-75.45658094,,9/27/2022,,EPA 1633,,,ng/L,13.00,8.00,,,11.00,2.50,6.90,4.10,,,,,,,,,,,7.20,1.00,5.50,3.30,,,,,,,,,,,,,,,,,,,,,,,,0.00,0.60,,,,,,,,
WQP_USA_2026,USGS-01473170,Surface Water,40.0814959,-75.45658094,,10/25/2022,,EPA 1633,,,ng/L,14.00,9.30,,,12.00,2.60,8.10,4.10,,,,,,,,,,,7.90,0.90,7.80,3.40,,,,,,,,,,,,,,,,0.70,,,,,,,,0.00,,,,,,,,,
WQP_USA_2026,USGS-01473170,Surface Water,40.0814959,-75.45658094,,11/22/2022,,EPA 1633,,,ng/L,14.00,8.30,,,13.00,2.80,7.40,4.30,,,,,,,,,,,7.70,1.20,7.00,3.80,,,,,,,,,,,,,,,,,,,,,,,,,,,,,,,,,
WQP_USA_2026,USGS-01473170,Surface Water,40.0814959,-75.45658094,,12/15/2022,,EPA 1633,,,ng/L,14.00,8.30,,,12.00,2.50,6.70,4.00,,,,,,,,,,,7.20,1.00,7.80,3.50,,,,,,,,,,,,,,,,,,,,,,,,0.00,,,,,,,,,
WQP_USA_2026,USGS-01473170,Surface Water,40.0814959,-75.45658094,,1/26/2023,,EPA 1633,,,ng/L,8.80,7.50,,,7.50,1.20,4.90,3.00,,,,,,,,,,,5.50,,5.00,2.00,,,,,,,,,,,,,,,,,,,,,,,,,,,,,,,,,
WQP_USA_2026,USGS-01473170,Surface Water,40.0814959,-75.45658094,,2/7/2023,,EPA 1633,,,ng/L,15.00,9.40,,,12.00,2.30,7.80,4.20,,,,15.00,,,,,,,7.20,0.90,7.30,4.10,,,,,,,,,,,,,,,,,,,,,,,,0.00,1.20,,,,,,,,
WQP_USA_2026,USGS-01473170,Surface Water,40.0814959,-75.45658094,,3/21/2023,,EPA 1633,,,ng/L,15.00,9.40,,,12.00,2.60,7.90,3.70,,,,,,,,,,,6.90,1.00,7.30,4.00,,,,,,,,,,,,,,,,,,,,,,,,0.00,0.80,,,,,,,,
WQP_USA_2026,USGS-01473170,Surface Water,40.0814959,-75.45658094,,4/19/2023,,EPA 1633,,,ng/L,15.00,9.70,,,12.00,2.80,7.40,4.30,,,,,,,,,,,7.60,1.00,7.90,3.60,,,,,,,,,,,,,,,,0.70,,,,,,,,0.00,1.00,,,,,,,,
WQP_USA_2026,USGS-01473170,Surface Water,40.0814959,-75.45658094,,5/23/2023,,EPA 1633,,,ng/L,14.00,9.30,,,11.00,2.40,6.50,3.90,,,,,,,,,,,6.80,0.80,6.20,3.20,,,,,,,,,,,,,,,,0.60,,,,,,,,0.00,0.70,,,,,,,,
WQP_USA_2026,USGS-01473170,Surface Water,40.0814959,-75.45658094,,6/12/2023,,EPA 1633,,,ng/L,16.00,11.00,,,14.00,2.50,8.00,4.30,,,,,,,,,,,7.50,1.10,7.40,3.30,,,,,,,,,,,,,,,,,,,,,,,,0.00,0.70,,,,,,,,
WQP_USA_2026,USGS-01473170,Surface Water,40.0814959,-75.45658094,,7/12/2023,,EPA 1633,,,ng/L,9.70,8.10,,,2.50,1.90,8.80,3.90,,,,3.90,,,,,,,11.00,,8.00,5.40,,,,,,,,,,,,,,,,,,,,,,,,0.00,0.90,,,,,,,,
WQP_USA_2026,USGS-01473170,Surface Water,40.0814959,-75.45658094,,8/15/2023,,EPA 1633,,,ng/L,14.00,9.60,,,11.00,2.40,7.50,4.20,,,,,,,,,,,7.10,1.00,7.40,3.20,,,,,,,,,,,,,,,,,,,,,,,,0.00,,,,,,,,,
WQP_USA_2026,USGS-01473170,Surface Water,40.0814959,-75.45658094,,9/13/2023,,EPA 1633,,,ng/L,18.00,11.00,,0.00,12.00,3.00,9.50,5.20,0.00,,,,,,,,,,10.00,1.10,9.10,3.80,,0.00,,,,,,,0.00,0.00,,,0.00,0.00,,0.00,,0.00,0.00,,,0.00,0.00,0.00,0.50,,,,,0.00,,,
WQP_USA_2026,USGS-01473170,Surface Water,40.0814959,-75.45658094,,10/18/2023,,EPA 1633,,,ng/L,15.00,9.60,,,12.00,2.70,7.00,4.00,,,,,,,,,,,6.60,1.00,6.90,3.20,,,,,,,,,,,,,,,,,,,,,,,,0.00,1.70,,,,,,,,
WQP_USA_2026,USGS-01473170,Surface Water,40.0814959,-75.45658094,,11/15/2023,,EPA 1633,,,ng/L,17.00,11.00,,,15.00,3.00,8.70,4.00,,,,,,,,,,,7.30,1.00,7.50,3.50,,,,,,,,,,,,,,,,0.80,,,,,,,,0.00,,,,,,,,,
WQP_USA_2026,USGS-01473170,Surface Water,40.0814959,-75.45658094,,12/20/2023,,EPA 1633,,,ng/L,11.00,6.50,,,7.40,1.90,5.90,3.00,,,,,,,,,,,5.60,0.50,5.30,2.80,,,,,,,,,,,,,,,,,,,,,,,,0.00,0.80,,,,,,,,
WQP_USA_2026,USGS-01473170,Surface Water,40.0814959,-75.45658094,,1/25/2024,,EPA 1633,,,ng/L,18.00,13.00,,,13.00,2.40,10.00,5.60,,,,,,,,,,,9.60,0.70,8.20,3.70,,,,,,,,,,,,,,,,,,,,,,,,0.00,0.80,,,,,,,,
WQP_USA_2026,USGS-01473170,Surface Water,40.0814959,-75.45658094,,2/27/2024,,EPA 1633,,,ng/L,14.00,8.00,,,9.60,2.40,7.40,4.10,,,,,,,,,,,6.90,0.80,6.50,3.30,,,,,,,,,,,,,,,,,,,,,,,,0.00,,,,,,,,,
WQP_USA_2026,USGS-01473170,Surface Water,40.0814959,-75.45658094,,3/11/2024,,EPA 1633,,,ng/L,12.00,7.10,,,8.90,1.90,6.60,3.40,,,,,,,,,,,5.30,0.70,5.50,2.60,,,,,,,,,,,,,,,,,,,,,,,,0.00,0.90,,,,,,,,
WQP_USA_2026,USGS-01473170,Surface Water,40.0814959,-75.45658094,,4/4/2024,,EPA 1633,,,ng/L,10.00,8.60,,0.00,9.20,1.60,5.00,2.90,0.00,,,,,,,,,,4.80,0.00,5.10,2.00,,,,,,,,,0.00,0.00,,,0.00,0.00,,0.00,,0.00,0.00,,,0.00,0.00,0.00,0.00,,,,,0.00,,,
WQP_USA_2026,USGS-01473170,Surface Water,40.0814959,-75.45658094,,5/13/2024,,EPA 1633,,,ng/L,13.00,9.20,,,9.20,2.50,7.20,3.70,,,,,,,,,,,6.60,0.60,7.30,3.20,,,,,,,,,,,,,,,,0.50,,,,,,,,0.00,0.60,,,,,,,,
WQP_USA_2026,USGS-01473170,Surface Water,40.0814959,-75.45658094,,6/3/2024,,EPA 1633,,,ng/L,15.00,10.00,,,12.00,3.00,7.60,4.10,,,,,,,,,,,6.60,1.00,7.40,2.90,,,,,,,,,,,,,,,,,,,,,,,,0.00,,,,,,,,,
WQP_USA_2026,USGS-01473170,Surface Water,40.0814959,-75.45658094,,7/15/2024,,EPA 1633,,,ng/L,14.00,13.00,,0.40,8.80,2.10,8.40,4.20,0.00,,,,,,,,,,8.10,0.50,7.40,2.50,,,,,,,,,0.00,0.00,,,0.00,0.00,,1.20,,0.00,0.00,,,0.00,0.00,0.00,0.80,,,,,0.00,,,
WQP_USA_2026,USGS-01473170,Surface Water,40.0814959,-75.45658094,,8/13/2024,,EPA 1633,,,ng/L,14.00,9.40,,0.00,11.00,2.90,7.00,3.80,0.00,,,,,,,,,,7.30,0.80,7.80,3.50,,,,,,,,,0.00,0.00,,,0.00,0.00,,0.60,,0.00,0.00,,,0.00,0.00,0.00,1.10,,,,,0.00,,,
WQP_USA_2026,USGS-01473170,Surface Water,40.0814959,-75.45658094,,9/3/2024,,EPA 1633,,,ng/L,14.00,10.00,,0.00,13.00,3.10,7.70,3.90,0.00,,,,,,,,,,7.40,1.00,8.00,3.20,,0.00,,,,,,,0.00,0.00,,,0.00,0.00,,0.50,,0.00,0.00,,,0.00,0.00,0.00,0.50,,,,,0.00,,,
WQP_USA_2026,USGS-01473170,Surface Water,40.0814959,-75.45658094,,10/24/2024,,EPA 1633,,,ng/L,16.00,13.00,,,15.00,3.40,8.60,4.20,,,,,,,,,,,7.60,1.20,8.90,3.00,,,,,,,,,,,,,,,,0.60,,,,,,,,0.00,,,,,,,,,
WQP_USA_2026,USGS-01473170,Surface Water,40.0814959,-75.45658094,,11/26/2024,,EPA 1633,,,ng/L,15.00,11.00,,0.00,15.00,3.10,7.40,3.60,0.00,,,,,,,,,,7.40,1.00,8.60,4.00,,0.00,,,,,,,0.00,0.00,,,0.00,0.00,,0.00,,0.00,0.00,,,0.00,0.00,0.00,0.00,,,,,0.00,,,
WQP_USA_2026,USGS-01473170,Surface Water,40.0814959,-75.45658094,,12/11/2024,,EPA 1633,,,ng/L,16.00,12.00,,0.00,14.00,3.20,8.60,4.30,0.40,,,,,,,,,,8.20,0.90,8.60,3.90,,0.00,,,,,,,0.00,0.00,,,0.00,0.00,,0.90,,0.00,0.00,,,0.00,0.00,0.00,0.00,,,,,0.00,,,
WQP_USA_2026,USGS-01473170,Surface Water,40.0814959,-75.45658094,,1/16/2025,,EPA 1633,,,ng/L,15.00,9.70,,0.00,13.00,2.90,7.60,3.90,0.00,,,,,,,,,,7.20,1.00,8.20,3.20,,0.00,,,,,,,0.00,0.00,,,0.00,0.00,,0.00,,0.00,0.00,,,0.00,0.00,0.00,0.00,,,,,0.00,,,
WQP_USA_2026,USGS-01473170,Surface Water,40.0814959,-75.45658094,,2/13/2025,,EPA 1633,,,ng/L,14.00,8.80,,,11.00,2.60,8.60,4.30,,,,,,,,,,,8.80,0.70,8.80,4.00,,,,,,,,,,,,,,,,0.70,,,,,,,,0.00,0.90,,,,,,,,
WQP_USA_2026,USGS-01473170,Surface Water,40.0814959,-75.45658094,,3/11/2025,,EPA 1633,,,ng/L,15.00,10.00,,0.00,13.00,3.00,7.20,3.80,0.00,,,,,,,,,,7.10,1.00,8.10,3.40,,0.00,,,,,,,0.00,0.00,,,0.00,0.00,,0.00,,0.00,0.00,,,0.00,0.00,0.00,0.00,,,,,0.00,,,
WQP_USA_2026,USGS-01473170,Surface Water,40.0814959,-75.45658094,,4/10/2025,,EPA 1633,,,ng/L,13.00,8.40,,0.00,11.00,2.70,7.50,3.60,0.00,,,,,,,,,,6.40,1.10,7.80,3.10,,0.00,,,,,,,0.00,0.00,,,0.00,0.00,,0.00,,0.00,0.00,,,0.00,0.00,0.00,0.00,,,,,0.00,,,
WQP_USA_2026,USGS-01473170,Surface Water,40.0814959,-75.45658094,,5/14/2025,,EPA 1633,,,ng/L,9.40,15.00,,0.70,7.60,1.50,6.40,3.00,,,,,,,,,,,5.60,,3.80,2.10,,,,,,,,,,0.70,,,,,,1.50,,,,,,,,0.00,1.10,,,,,,,,
WQP_USA_2026,USGS-01473900,Surface Water,40.12399872,-75.2198992,,9/16/2019,,EPA 1633,,,ng/L,11.00,10.00,,1.20,2.80,3.50,12.00,4.30,,,,,,,,,,,20.00,,21.00,5.50,,,,,,,,,,,,,,,,,,,,,,,,,,,,,,,,,
WQP_USA_2026,USGS-01473900,Surface Water,40.12399872,-75.2198992,,10/19/2020,,EPA 537.1,,,ng/L,11.80,6.30,,0.60,2.20,2.70,24.40,4.10,,,,,,,,,,,,,,6.10,,,,,,,,,,0.00,,,0.00,,,0.00,,,0.00,,,,0.00,0.00,,,,,,,,,
WQP_USA_2026,USGS-01473900,Surface Water,40.12399872,-75.2198992,,10/19/2020,,EPA 1633,,,ng/L,,,,,,,,,0.00,,,,,,,,,,23.00,0.40,9.70,,,,,,,,,,0.00,,,,,0.00,,,,0.00,,,,0.00,,,0.00,,,,,,,,
WQP_USA_2026,USGS-01473900,Surface Water,40.12399872,-75.2198992,,11/9/2020,,EPA 537.1,,,ng/L,10.50,7.90,,0.60,2.30,3.10,16.80,3.70,,,,,,,,,,,,,,6.20,,,,,,,,,,0.00,,,0.00,,,0.00,,,0.00,,,,0.00,0.00,,,,,,,,,
WQP_USA_2026,USGS-01473900,Surface Water,40.12399872,-75.2198992,,11/9/2020,,EPA 1633,,,ng/L,,,,,,,,,0.00,,,,,,,,,,17.00,0.50,8.20,,,,,,,,,,0.00,,,,,,,,,0.00,,,,0.00,,,1.00,,,,,,,,
WQP_USA_2026,USGS-01473900,Surface Water,40.12399872,-75.2198992,,12/8/2020,,EPA 537.1,,,ng/L,7.90,6.90,,0.50,2.00,2.40,8.50,3.00,,,,,,,,,,,,,,5.70,,,,,,,,,,0.00,,,0.00,,,0.00,,,0.00,,,,0.00,0.00,,,,,,,,,
WQP_USA_2026,USGS-01473900,Surface Water,40.12399872,-75.2198992,,12/8/2020,,EPA 1633,,,ng/L,,,,,,,,,0.00,,,,,,,,,,8.70,0.00,6.30,,,,,,,,,,0.00,,,,,,,,,0.00,,,,0.00,,,0.70,,,,,,,,
WQP_USA_2026,USGS-01473900,Surface Water,40.12399872,-75.2198992,,1/12/2021,,EPA 537.1,,,ng/L,7.90,6.60,,,,,6.90,,,,,,,,,,,,,,,4.20,,,,,,,,,,,,,,,,,,,,,,,,,,,,,,,,,
WQP_USA_2026,USGS-01473900,Surface Water,40.12399872,-75.2198992,,2/17/2021,,EPA 537.1,,,ng/L,8.00,5.30,,,,,7.10,,,,,,,,,,,,,,,,,,,,,,,,,,,,,,,,,,,,,,,,,,,,,,,,
WQP_USA_2026,USGS-01473900,Surface Water,40.12399872,-75.2198992,,3/10/2021,,EPA 537.1,,,ng/L,9.00,8.20,,,,,9.80,,,,,,,,,,,,,,,4.70,,,,,,,,,,,,,,,,,,,,,,,,,,,,,,,,,
WQP_USA_2026,USGS-01473900,Surface Water,40.12399872,-75.2198992,,4/15/2021,,EPA 537.1,,,ng/L,9.00,7.00,,,,,12.40,,,,,,,,,,,,,,,4.70,,,,,,,,,,,,,,,,,,,,,,,,,,,,,,,,,
WQP_USA_2026,USGS-01473900,Surface Water,40.12399872,-75.2198992,,5/12/2021,,EPA 537.1,,,ng/L,8.50,7.10,,,,,10.80,,,,,,,,,,,,,,,4.60,,,,,,,,,,,,,,,,,,,,,,,,,,,,,,,,,
WQP_USA_2026,USGS-01473900,Surface Water,40.12399872,-75.2198992,,6/3/2021,,EPA 537.1,,,ng/L,9.80,7.90,,,,,12.10,,,,,,,,,,,,,,,4.50,,,,,,,,,,,,,,,,,,,,,,,,,,,,,,,,,
WQP_USA_2026,USGS-01473900,Surface Water,40.12399872,-75.2198992,,7/12/2021,,EPA 537.1,,,ng/L,10.00,8.40,,,,,12.20,,,,,,,,,,,,,,,4.70,,,,,,,,,,,,,,,,,,,,,,,,,,,,,,,,,
WQP_USA_2026,USGS-01473900,Surface Water,40.12399872,-75.2198992,,8/9/2021,,EPA 537.1,,,ng/L,10.40,8.90,,,,,14.50,3.80,,,,,,,,,,,,,,5.20,,,,,,,,,,,,,,,,,,,,,,,,,,,,,,,,,
WQP_USA_2026,USGS-01473900,Surface Water,40.12399872,-75.2198992,,9/8/2021,,EPA 537.1,,,ng/L,10.40,8.60,,,,,7.50,,,,,,,,,,,,,,,5.90,,,,,,,,,,,,,,,,,,,,,,,,,,,,,,,,,
WQP_USA_2026,USGS-01473900,Surface Water,40.12399872,-75.2198992,,10/12/2021,,EPA 537.1,,,ng/L,13.30,9.70,,,,,18.30,4.90,,,,,,,,,,,,,,7.00,,,,,,,,,,,,,,,,,,,,,,,,,,,,,,,,,
WQP_USA_2026,USGS-01473900,Surface Water,40.12399872,-75.2198992,,11/18/2021,,EPA 537.1,,,ng/L,9.80,6.40,,,,,10.50,,,,,,,,,,,,,,,5.10,,,,,,,,,,,,,,,,,,,,,,,,,,,,,,,,,
WQP_USA_2026,USGS-01473900,Surface Water,40.12399872,-75.2198992,,12/15/2021,,EPA 537.1,,,ng/L,8.70,5.40,,,,,12.30,,,,,,,,,,,,,,,4.80,,,,,,,,,,,,,,,,,,,,,,,,,,,,,,,,,
WQP_USA_2026,USGS-01473900,Surface Water,40.12399872,-75.2198992,,2/24/2022,,EPA 537.1,,,ng/L,8.40,6.40,,,1.90,2.40,14.00,3.40,,,,,,,,,,,,,,10.40,,,,,,,,,,,,,,,,,,,,,,,,,,,,,,,,,
WQP_USA_2026,USGS-01473900,Surface Water,40.12399872,-75.2198992,,3/15/2022,,EPA 537.1,,,ng/L,7.20,6.80,,,1.50,2.10,14.50,3.50,,,,,,,,,,,,,,7.80,,,,,,,,,,,,,,,,,,,,,,,,,,,,,,,,,
WQP_USA_2026,USGS-01473900,Surface Water,40.12399872,-75.2198992,,4/25/2022,,EPA 537.1,,,ng/L,9.10,8.80,,,1.80,2.80,6.70,3.30,,,,,,,,,,,,,,9.30,,,,,,,,,,,,,,,,,,,,,,,,,,,,,,,,,
WQP_USA_2026,USGS-01473900,Surface Water,40.12399872,-75.2198992,,6/27/2022,,EPA 537.1,,,ng/L,12.40,9.50,,,2.50,3.10,11.90,4.20,,,,,,,,,,,,,,13.50,,,,,,,,,,,,,,,,,,,,,,,,,,,,,,,,,
WQP_USA_2026,USGS-01473900,Surface Water,40.12399872,-75.2198992,,7/26/2022,,EPA 537.1,,,ng/L,11.50,8.30,,,2.40,3.20,37.00,5.30,,,,,,,,,,,,,,1.40,,,,,,,,,,,,,,,,,,,,,,,,,,,,,,,,,
WQP_USA_2026,USGS-01473900,Surface Water,40.12399872,-75.2198992,,8/29/2022,,EPA 1633,,,ng/L,10.00,7.10,,1.00,2.60,2.80,18.00,4.40,,,,,,,,,,,29.00,0.50,12.00,4.90,,,,,,,,,,,,,,,,,,,,,,,,0.00,,,,,,,,,
WQP_USA_2026,USGS-01473900,Surface Water,40.12399872,-75.2198992,,9/29/2022,,EPA 1633,,,ng/L,15.00,5.90,,1.00,2.10,2.60,19.00,4.30,,,,,,,,,,,24.00,0.60,,6.20,,,,,,,,,,,,,,,,,,,,,,,,0.00,,,,,,,,,
WQP_USA_2026,USGS-01473900,Surface Water,40.12399872,-75.2198992,,10/18/2022,,EPA 1633,,,ng/L,9.40,7.40,,0.90,2.10,1.90,11.00,3.80,,,,,,,,,,,18.00,,6.30,5.40,,,,,,,,,,,,,,,,,,,,,,,,0.00,,,,,,,,,
WQP_USA_2026,USGS-01473900,Surface Water,40.12399872,-75.2198992,,11/17/2022,,EPA 1633,,,ng/L,7.80,5.90,,0.80,1.90,1.80,8.60,3.50,,,,,,,,,,,9.90,,6.70,5.30,,,,,,,,,,,,,,,,,,,,,,,,0.00,,,,,,,,,
WQP_USA_2026,USGS-01473900,Surface Water,40.12399872,-75.2198992,,12/7/2022,,EPA 1633,,,ng/L,6.70,5.50,,0.80,2.20,1.00,6.40,3.20,,,,,,,,,,,7.40,,4.70,4.50,,,,,,,,,,,,,,,,,,,,,,,,0.00,,,,,,,,,
WQP_USA_2026,USGS-01473900,Surface Water,40.12399872,-75.2198992,,1/11/2023,,EPA 1633,,,ng/L,7.70,5.50,,,1.50,2.10,6.40,2.70,,,,,,,,,,,7.40,,5.10,5.00,,,,,,,,,,,,,,,,,,,,,,,,0.00,,,,,,,,,
WQP_USA_2026,USGS-01473900,Surface Water,40.12399872,-75.2198992,,2/9/2023,,EPA 1633,,,ng/L,7.90,7.00,,,1.80,2.20,7.50,2.60,,,,,,,,,,,8.40,,7.00,5.60,,,,,,,,,,,,,,,,,,,,,,,,0.00,0.80,,,,,,,,
WQP_USA_2026,USGS-01473900,Surface Water,40.12399872,-75.2198992,,3/20/2023,,EPA 1633,,,ng/L,8.00,6.00,,,2.00,2.40,8.30,2.80,,,,,,,,,,,9.40,,5.40,5.50,,,,,,,,,,,,,,,,,,,,,,,,0.00,0.80,,,,,,,,
WQP_USA_2026,USGS-01473900,Surface Water,40.12399872,-75.2198992,,4/18/2023,,EPA 1633,,,ng/L,12.00,7.70,,0.70,3.00,2.90,12.00,4.40,,5.10,,,,,,,,,15.00,,12.00,6.60,,,,,,,,,,,,,,,,,,,,,,,,0.00,,,,,,,,,
WQP_USA_2026,USGS-01473900,Surface Water,40.12399872,-75.2198992,,5/30/2023,,EPA 1633,,,ng/L,10.00,6.70,,,2.20,2.40,11.00,3.40,,,,,,,,,,,16.00,,7.20,6.20,,,,,,,,,,,,,,,,,,,,,,,,,0.60,,,,,,,,
WQP_USA_2026,USGS-01473900,Surface Water,40.12399872,-75.2198992,,6/13/2023,,EPA 1633,,,ng/L,12.00,10.00,,2.00,4.10,1.30,15.00,4.70,,,,,,,,,,,16.00,,9.80,4.30,,,,,,,,,,,,,,,,,,,,,,,,0.00,,,,,,,,,
WQP_USA_2026,USGS-01473900,Surface Water,40.12399872,-75.2198992,,7/11/2023,,EPA 1633,,,ng/L,11.00,8.20,,0.60,9.10,2.30,8.30,3.80,,,,3.20,,,,,,,11.00,0.80,7.60,5.40,,,,,,,,,,,,,,,,,,,,,,,,0.00,,,,,,,,,
WQP_USA_2026,USGS-01473900,Surface Water,40.12399872,-75.2198992,,8/16/2023,,EPA 1633,,,ng/L,11.00,9.70,,1.20,3.20,2.00,9.70,3.70,,,,,,,,,,,12.00,,8.40,6.10,,,,,,,,,,,,,,,,,,,,,,,,0.00,,,,,,,,,
WQP_USA_2026,USGS-01473900,Surface Water,40.12399872,-75.2198992,,9/11/2023,,EPA 1633,,,ng/L,9.50,7.40,,0.90,2.40,1.80,9.50,3.80,,,,,,,,,,,14.00,,8.20,5.10,,,,,,,,,,,,,,,,,,,,,,,,0.00,,,,,,,,,
WQP_USA_2026,USGS-01473900,Surface Water,40.12399872,-75.2198992,,10/18/2023,,EPA 1633,,,ng/L,8.70,5.90,,0.60,2.10,2.30,9.60,2.90,,,,,,,,,,,14.00,,8.60,5.80,,,,,,,,,,,,,,,,,,,,,,,,0.00,0.80,,,,,,,,
WQP_USA_2026,USGS-01473900,Surface Water,40.12399872,-75.2198992,,11/15/2023,,EPA 1633,,,ng/L,8.80,6.30,,0.70,2.20,2.40,11.00,2.80,,,,,,,,,,,15.00,,6.50,6.00,,,,,,,,,,,,,,,,,,,,,,,,0.00,,,,,,,,,
WQP_USA_2026,USGS-01473900,Surface Water,40.12399872,-75.2198992,,12/12/2023,,EPA 1633,,,ng/L,8.00,5.80,,,1.70,1.60,6.80,3.00,,,,,,,,,,,6.60,,5.20,5.20,,,,,,,,,,,,,,,,,,,,,,,,0.00,,,,,,,,,
WQP_USA_2026,USGS-01473900,Surface Water,40.12399872,-75.2198992,,1/22/2024,,EPA 1633,,,ng/L,9.50,6.80,,0.00,1.80,2.30,7.10,3.00,0.00,,,,,,,,,,11.00,0.00,5.00,5.50,,0.00,,,,,,,0.00,0.00,,,0.00,0.00,,0.00,,0.00,0.00,,,0.00,0.00,0.00,0.00,,,,,0.00,,,
WQP_USA_2026,USGS-01473900,Surface Water,40.12399872,-75.2198992,,2/20/2024,,EPA 1633,,,ng/L,8.00,5.80,,,2.00,2.00,6.20,2.70,,,,,,,,,,,6.50,,4.60,5.30,,,,,,,,,,,,,,,,,,,,,,,,0.00,,,,,,,,,
WQP_USA_2026,USGS-01473900,Surface Water,40.12399872,-75.2198992,,3/6/2024,,EPA 1633,,,ng/L,9.50,6.70,,0.50,2.60,1.80,6.80,3.00,,,,,,,,,,,6.70,,5.20,4.50,,,,,,,,,,,,,,,,,,,,,,,,0.00,0.80,,,,,,,,
WQP_USA_2026,USGS-01473900,Surface Water,40.12399872,-75.2198992,,4/11/2024,,EPA 1633,,,ng/L,9.70,8.20,,,2.20,2.80,7.40,3.50,,,,,,,,,,,8.60,,5.50,5.10,,,,,,,,,,,,,,,,,,,,,,,,0.00,,,,,,,,,
WQP_USA_2026,USGS-01473900,Surface Water,40.12399872,-75.2198992,,5/23/2024,,EPA 1633,,,ng/L,11.00,11.00,,0.90,3.00,3.20,9.80,3.50,,,,,,,,,,,12.00,0.50,7.80,4.50,,,,,,,,,,,,,,,,,,,,,,,,0.00,,,,,,,,,
WQP_USA_2026,USGS-01473900,Surface Water,40.12399872,-75.2198992,,6/10/2024,,EPA 1633,,,ng/L,10.00,7.60,,0.80,2.60,2.40,10.00,3.50,0.00,,,,,,,,,,14.00,0.50,8.10,5.40,,,,,,,,,0.00,0.00,,,0.00,0.00,,0.00,,0.00,0.00,,,0.00,0.00,0.00,0.70,,,,,0.00,,,
WQP_USA_2026,USGS-01473900,Surface Water,40.12399872,-75.2198992,,7/16/2024,,EPA 1633,,,ng/L,10.00,8.70,,1.60,3.10,2.00,12.00,3.80,0.00,,,,,,,,,,17.00,0.00,11.00,4.30,,,,,,,,,0.00,0.00,,,0.00,0.00,,0.00,,0.00,0.00,,,0.00,0.00,0.00,0.00,,,,,0.00,,,
WQP_USA_2026,USGS-01473900,Surface Water,40.12399872,-75.2198992,,8/15/2024,,EPA 1633,,,ng/L,10.00,7.70,,0.70,2.60,3.00,11.00,3.00,,,,,,,,,,,16.00,,8.20,7.10,,,,,,,,,,,,,,,,,,,,,,,,0.00,0.80,,,,,,,,
WQP_USA_2026,USGS-01473900,Surface Water,40.12399872,-75.2198992,,9/5/2024,,EPA 1633,,,ng/L,9.00,5.80,,0.60,1.80,2.70,14.00,3.20,0.00,,,,,,,,,,20.00,0.00,9.00,6.00,,0.00,,,,,,,0.00,0.00,,,0.00,0.00,,0.00,,0.00,0.00,,,0.00,0.00,0.00,0.40,,,,,0.00,,,
WQP_USA_2026,USGS-01473900,Surface Water,40.12399872,-75.2198992,,10/3/2024,,EPA 1633,,,ng/L,9.30,5.80,,0.50,2.40,2.80,13.00,3.30,,,,,,,,,,,18.00,0.50,9.10,4.90,,,,,,,,,,,,,,,,,,,,,,,,0.00,,,,,,,,,
WQP_USA_2026,USGS-01473900,Surface Water,40.12399872,-75.2198992,,11/18/2024,,EPA 1633,,,ng/L,8.70,6.10,,0.60,2.10,2.50,8.60,2.40,0.00,,,,,,,,,,12.00,0.00,5.10,4.00,,0.00,,,,,,,0.00,0.00,,,0.00,0.00,,0.00,,0.00,0.00,,,0.00,0.00,0.00,0.00,,,,,0.00,,,
WQP_USA_2026,USGS-01473900,Surface Water,40.12399872,-75.2198992,,12/18/2024,,EPA 1633,,,ng/L,6.40,4.90,,0.60,1.70,1.90,7.80,3.10,0.00,,,,,,,,,,9.30,0.00,6.30,4.80,,0.00,,,,,,,0.00,0.00,,,0.00,0.00,,0.00,,0.00,0.00,,,0.00,0.00,0.00,0.00,,,,,0.00,,,
WQP_USA_2026,USGS-01473900,Surface Water,40.12399872,-75.2198992,,1/23/2025,,EPA 1633,,,ng/L,7.70,4.70,,0.50,1.80,2.30,10.00,2.50,0.00,,,,,,,,,,12.00,0.00,7.10,4.90,,0.00,,,,,,,0.00,0.00,,,0.00,0.00,,0.00,,0.00,0.00,,,0.00,0.00,0.00,0.70,,,,,0.00,,,
WQP_USA_2026,USGS-01473900,Surface Water,40.12399872,-75.2198992,,2/26/2025,,EPA 1633,,,ng/L,7.40,5.60,,0.00,1.60,2.30,8.20,2.90,0.00,,,,,,,,,,8.60,0.00,6.70,5.40,,0.00,,,,,,,0.00,0.00,,,0.00,0.00,,0.00,,0.00,0.00,,,0.00,0.00,0.00,0.00,,,,,0.00,,,
WQP_USA_2026,USGS-01473900,Surface Water,40.12399872,-75.2198992,,3/10/2025,,EPA 1633,,,ng/L,8.00,6.00,,0.50,1.80,2.30,8.40,3.00,0.00,,,,,,,,,,11.00,0.00,6.90,5.30,,0.00,,,,,,,0.00,0.00,,,0.00,0.00,,0.00,,0.00,0.00,,,0.00,0.00,0.00,0.00,,,,,0.00,,,
WQP_USA_2026,USGS-01473900,Surface Water,40.12399872,-75.2198992,,4/15/2025,,EPA 1633,,,ng/L,8.00,6.50,,0.00,1.90,2.10,5.90,2.40,0.00,,,,,,,,,,6.40,0.00,5.40,5.60,,0.00,,,,,,,0.00,0.00,,,0.00,0.00,,0.00,,0.00,0.00,,,0.00,0.00,0.00,0.00,,,,,0.00,,,
WQP_USA_2026,USGS-01473900,Surface Water,40.12399872,-75.2198992,,5/5/2025,,EPA 1633,,,ng/L,11.00,8.70,,0.90,2.70,3.10,12.00,3.90,,,,,,,,,,,17.00,0.60,6.70,7.10,,,,,,,,,,,,,,,,,,,,,,,,0.00,,,,,,,,,
WQP_USA_2026,USGS-01474000,Surface Water,40.01529031,-75.20683432,,9/25/2019,,EPA 1633,,,ng/L,9.00,6.60,,,2.40,3.00,9.30,3.40,,,,,,,,,,,12.00,,9.80,5.10,,,,,,,,,,,,,,,,,,,,,,,,,,,,,,,,,
WQP_USA_2026,USGS-01474000,Surface Water,40.01529031,-75.20683432,,10/19/2020,,EPA 537.1,,,ng/L,9.70,6.20,,0.00,2.10,2.30,18.70,3.60,,,,,,,,,,,,,,5.40,,,,,,,,,,0.00,,,0.00,,,0.00,,,0.00,,,,0.00,0.00,,,,,,,,,
WQP_USA_2026,USGS-01474000,Surface Water,40.01529031,-75.20683432,,10/19/2020,,EPA 1633,,,ng/L,,,,,,,,,0.00,,,,,,,,,,17.00,0.00,7.70,,,,,,,,,,0.00,,,,,,,,,0.00,,,,0.00,,,0.60,,,,,,,,
WQP_USA_2026,USGS-01474000,Surface Water,40.01529031,-75.20683432,,11/9/2020,,EPA 537.1,,,ng/L,10.20,7.20,,0.60,2.70,2.90,14.10,3.60,,,,,,,,,,,,,,6.10,,,,,,,,,,0.00,,,0.00,,,0.00,,,0.00,,,,0.00,0.00,,,,,,,,,
WQP_USA_2026,USGS-01474000,Surface Water,40.01529031,-75.20683432,,11/9/2020,,EPA 1633,,,ng/L,,,,,,,,,0.00,,,,,,,,,,14.00,0.50,7.40,,,,,,,,,,0.00,,,,,,,,,0.00,,,,0.00,,,0.50,,,,,,,,
WQP_USA_2026,USGS-01474000,Surface Water,40.01529031,-75.20683432,,12/8/2020,,EPA 537.1,,,ng/L,9.00,6.90,,0.00,2.30,2.50,8.00,3.00,,,,,,,,,,,,,,5.70,,,,,,,,,,0.00,,,0.00,,,0.00,,,0.00,,,,0.00,0.00,,,,,,,,,
WQP_USA_2026,USGS-01474000,Surface Water,40.01529031,-75.20683432,,12/8/2020,,EPA 1633,,,ng/L,,,,,,,,,0.00,,,,,,,,,,7.90,0.00,5.00,,,,,,,,,,0.00,,,,,,,,,0.00,,,,0.00,,,1.30,,,,,,,,
WQP_USA_2026,USGS-01474000,Surface Water,40.01529031,-75.20683432,,1/12/2021,,EPA 537.1,,,ng/L,8.40,6.60,,,,,6.40,,,,,,,,,,,,,,,4.40,,,,,,,,,,,,,,,,,,,,,,,,,,,,,,,,,
WQP_USA_2026,USGS-01474000,Surface Water,40.01529031,-75.20683432,,2/17/2021,,EPA 537.1,,,ng/L,7.20,5.10,,,,,6.20,,,,,,,,,,,,,,,,,,,,,,,,,,,,,,,,,,,,,,,,,,,,,,,,
WQP_USA_2026,USGS-01474000,Surface Water,40.01529031,-75.20683432,,3/10/2021,,EPA 537.1,,,ng/L,7.90,6.80,,,,,9.20,,,,,,,,,,,,,,,4.20,,,,,,,,,,,,,,,,,,,,,,,,,,,,,,,,,
WQP_USA_2026,USGS-01474000,Surface Water,40.01529031,-75.20683432,,4/20/2021,,EPA 537.1,,,ng/L,8.20,6.10,,,,,7.50,,,,,,,,,,,,,,,3.60,,,,,,,,,,,,,,,,,,,,,,,,,,,,,,,,,
WQP_USA_2026,USGS-01474000,Surface Water,40.01529031,-75.20683432,,5/13/2021,,EPA 537.1,,,ng/L,9.30,7.30,,,,,8.70,,,,,,,,,,,,,,,4.30,,,,,,,,,,,,,,,,,,,,,,,,,,,,,,,,,
WQP_USA_2026,USGS-01474000,Surface Water,40.01529031,-75.20683432,,6/3/2021,,EPA 537.1,,,ng/L,10.10,7.50,,,,,8.60,,,,,,,,,,,,,,,4.40,,,,,,,,,,,,,,,,,,,,,,,,,,,,,,,,,
WQP_USA_2026,USGS-01474000,Surface Water,40.01529031,-75.20683432,,7/12/2021,,EPA 537.1,,,ng/L,8.20,6.60,,,,,8.40,,,,,,,,,,,,,,,3.70,,,,,,,,,,,,,,,,,,,,,,,,,,,,,,,,,
WQP_USA_2026,USGS-01474000,Surface Water,40.01529031,-75.20683432,,8/9/2021,,EPA 537.1,,,ng/L,11.90,7.90,,,,,12.00,,,,,,,,,,,,,,,5.00,,,,,,,,,,,,,,,,,,,,,,,,,,,,,,,,,
WQP_USA_2026,USGS-01474000,Surface Water,40.01529031,-75.20683432,,9/7/2021,,EPA 537.1,,,ng/L,10.90,8.10,,,,,7.00,,,,,,,,,,,,,,,6.00,,,,,,,,,,,,,,,,,,,,,,,,,,,,,,,,,
WQP_USA_2026,USGS-01474000,Surface Water,40.01529031,-75.20683432,,10/12/2021,,EPA 537.1,,,ng/L,11.20,7.40,,,,,11.10,,,,,,,,,,,,,,,5.60,,,,,,,,,,,,,,,,,,,,,,,,,,,,,,,,,
WQP_USA_2026,USGS-01474000,Surface Water,40.01529031,-75.20683432,,11/17/2021,,EPA 537.1,,,ng/L,10.30,6.40,,,,,9.20,,,,,,,,,,,,,,,5.10,,,,,,,,,,,,,,,,,,,,,,,,,,,,,,,,,
WQP_USA_2026,USGS-01474000,Surface Water,40.01529031,-75.20683432,,12/15/2021,,EPA 537.1,,,ng/L,9.20,5.40,,,,,10.50,,,,,,,,,,,,,,,4.30,,,,,,,,,,,,,,,,,,,,,,,,,,,,,,,,,
WQP_USA_2026,USGS-01474000,Surface Water,40.01529031,-75.20683432,,2/24/2022,,EPA 537.1,,,ng/L,9.20,7.10,,,1.90,2.70,11.20,3.40,,,,,,,,,,,,,,8.90,,,,,,,,,,,,,,,,,,,,,,,,,,,,,,,,,
WQP_USA_2026,USGS-01474000,Surface Water,40.01529031,-75.20683432,,3/15/2022,,EPA 537.1,,,ng/L,6.90,5.40,,,1.50,1.90,8.20,2.80,,,,,,,,,,,,,,6.00,,,,,,,,,,,,,,,,,,,,,,,,,,,,,,,,,
WQP_USA_2026,USGS-01474000,Surface Water,40.01529031,-75.20683432,,4/25/2022,,EPA 537.1,,,ng/L,9.40,7.50,,,1.60,2.90,6.50,3.20,,,,,,,,,,,,,,7.40,,,,,,,,,,,,,,,,,,,,,,,,,,,,,,,,,
WQP_USA_2026,USGS-01474000,Surface Water,40.01529031,-75.20683432,,6/28/2022,,EPA 537.1,,,ng/L,10.30,10.20,,,2.90,2.00,7.60,3.50,,,,,,,,,,,,,,5.30,,,,,,,,,,,,,,,,,,,,,,,,,,,,,,,,,
WQP_USA_2026,USGS-01474000,Surface Water,40.01529031,-75.20683432,,7/25/2022,,EPA 537.1,,,ng/L,12.40,9.40,,,2.50,3.60,19.50,4.30,,,,,,,,,,,,,,4.60,,,,,,,,,,,,,,,,,,,,,,,,,,,,,,,,,
WQP_USA_2026,USGS-01474000,Surface Water,40.01529031,-75.20683432,,8/29/2022,,EPA 1633,,,ng/L,9.90,6.40,,0.60,2.60,2.20,18.00,3.30,0.00,,,,,,,,,,15.00,0.00,8.20,4.40,,0.00,,,,,,,0.00,0.00,,,0.00,0.00,,0.00,,0.00,0.00,,,0.00,0.00,0.00,0.00,,,,,0.00,,,
WQP_USA_2026,USGS-01474000,Surface Water,40.01529031,-75.20683432,,9/28/2022,,EPA 1633,,,ng/L,12.00,6.00,,0.60,2.20,2.20,12.00,3.60,,,,,,,,,,,18.00,,10.00,5.00,,,,,,,,,,,,,,,,,,,,,,,,,,,,,,,,,
WQP_USA_2026,USGS-01474000,Surface Water,40.01529031,-75.20683432,,10/13/2022,,EPA 1633,,,ng/L,8.40,5.90,,0.50,2.00,2.40,7.60,2.80,,,,,,,,,,,9.50,,6.40,5.20,,,,,,,,,,,,,,,,,,,,,,,,0.00,,,,,,,,,
WQP_USA_2026,USGS-01474000,Surface Water,40.01529031,-75.20683432,,11/21/2022,,EPA 1633,,,ng/L,8.20,5.30,,0.60,1.70,1.80,7.70,3.10,,,,,,,,,,,8.80,,6.20,5.30,,,,,,,,,,,,,,,,,,,,,,,,0.00,,,,,,,,,
WQP_USA_2026,USGS-01474000,Surface Water,40.01529031,-75.20683432,,12/13/2022,,EPA 1633,,,ng/L,8.10,5.50,,,2.10,2.10,6.70,2.80,,,,,,,,,,,8.50,,5.70,5.20,,,,,,,,,,,,,,,,,,,,,,,,0.00,,,,,,,,,
WQP_USA_2026,USGS-01474000,Surface Water,40.01529031,-75.20683432,,1/26/2023,,EPA 1633,,,ng/L,4.60,5.10,,0.60,2.00,0.70,3.60,2.00,,,,,,,,,,,4.10,,3.90,2.00,,,,,,,,,,,,,,,,,,,,,,,,0.00,,,,,,,,,
WQP_USA_2026,USGS-01474000,Surface Water,40.01529031,-75.20683432,,2/8/2023,,EPA 1633,,,ng/L,9.80,6.20,,,2.20,2.20,7.00,2.80,,,,,,,,,,,7.30,,5.40,5.50,,,,,,,,,,,,,,,,,,,,,,,,0.00,0.60,,,,,,,,
WQP_USA_2026,USGS-01474000,Surface Water,40.01529031,-75.20683432,,3/20/2023,,EPA 1633,,,ng/L,9.00,6.20,,,2.10,2.20,7.50,2.80,,,,,,,,,,,8.60,,7.10,5.60,,,,,,,,,,,,,,,,,,,,,,,,0.00,1.00,,,,,,,,
WQP_USA_2026,USGS-01474000,Surface Water,40.01529031,-75.20683432,,4/18/2023,,EPA 1633,,,ng/L,12.00,7.30,,,3.00,2.90,9.90,3.70,,,,,,,,,,,11.00,,8.20,5.20,,,,,,,,,,,,,,,,,,,,,,,,0.00,,,,,,,,,
WQP_USA_2026,USGS-01474000,Surface Water,40.01529031,-75.20683432,,5/30/2023,,EPA 1633,,,ng/L,10.00,7.00,,,2.50,2.50,7.90,3.60,,,,,,,,,,,9.80,,6.40,5.40,,,,,,,,,,,,,,,,,,,,,,,,,0.90,,,,,,,,
WQP_USA_2026,USGS-01474000,Surface Water,40.01529031,-75.20683432,,6/13/2023,,EPA 1633,,,ng/L,12.00,12.00,,1.80,3.40,1.40,12.00,3.90,,,,,,,,,,,12.00,,9.20,3.60,,,,,,,,,,0.80,,,,,,,,,,,,,,0.00,,,,,,,,,
WQP_USA_2026,USGS-01474000,Surface Water,40.01529031,-75.20683432,,7/11/2023,,EPA 1633,,,ng/L,9.00,6.50,,0.60,2.70,1.60,7.30,3.60,,,,2.90,,,,,,,8.70,,7.10,4.40,,,,,,,,,,,,,,,,,,,,,,,,0.00,1.10,,,,,,,,
WQP_USA_2026,USGS-01474000,Surface Water,40.01529031,-75.20683432,,8/16/2023,,EPA 1633,,,ng/L,9.50,7.10,,0.50,2.70,2.30,7.60,3.00,,,,,,,,,,,9.60,,6.60,5.20,,,,,,,,,,,,,,,,,,,,,,,,0.00,,,,,,,,,
WQP_USA_2026,USGS-01474000,Surface Water,40.01529031,-75.20683432,,9/11/2023,,EPA 1633,,,ng/L,9.40,8.80,,1.10,2.70,1.70,6.60,3.10,,,,,,,,,,,10.00,,6.50,3.70,,,,,,,,,,,,,,,,,,,,,,,,0.00,,,,,,,,,
WQP_USA_2026,USGS-01474000,Surface Water,40.01529031,-75.20683432,,10/12/2023,,EPA 1633,,,ng/L,10.00,6.20,,0.50,2.00,2.50,8.50,3.00,,,,,,,,,,,19.00,,6.30,5.10,,,,,,,,,,,,,,,,,,,,,,,,0.00,,,,,,,,,
WQP_USA_2026,USGS-01474000,Surface Water,40.01529031,-75.20683432,,11/14/2023,,EPA 1633,,,ng/L,9.70,5.50,,0.00,2.00,2.50,8.80,2.60,0.00,,,,,,,,,,10.00,0.50,6.20,4.80,,0.00,,,,,,,0.00,0.00,,,0.00,0.00,,0.00,,0.00,0.00,,,0.00,0.00,0.00,0.00,,,,,0.00,,,
WQP_USA_2026,USGS-01474000,Surface Water,40.01529031,-75.20683432,,12/12/2023,,EPA 1633,,,ng/L,7.40,5.40,,0.50,1.80,1.30,6.20,3.00,0.00,,,,,,,,,,6.00,0.00,4.90,4.50,,0.00,,,,,,,0.00,0.00,,,0.00,0.00,,0.00,,0.00,0.00,,,0.00,0.00,0.00,0.70,,,,,0.00,,,
WQP_USA_2026,USGS-01474000,Surface Water,40.01529031,-75.20683432,,1/22/2024,,EPA 1633,,,ng/L,11.00,7.00,,,2.30,2.20,7.80,3.10,,,,,,,,,,,9.50,,5.60,5.90,,,,,,,,,,,,,,,,,,,,,,,,0.00,,,,,,,,,
WQP_USA_2026,USGS-01474000,Surface Water,40.01529031,-75.20683432,,2/20/2024,,EPA 1633,,,ng/L,9.10,5.80,,,2.10,2.00,6.50,2.60,,,,,,,,,,,6.50,,5.00,4.80,,,,,,,,,,,,,,,,,,,,,,,,0.00,0.60,,,,,,,,
WQP_USA_2026,USGS-01474000,Surface Water,40.01529031,-75.20683432,,3/6/2024,,EPA 1633,,,ng/L,9.30,6.70,,0.50,2.20,1.90,6.20,2.90,,,,,,,,,,,6.20,,4.90,4.60,,,,,,,,,,,,,,,,,,,,,,,,0.00,0.80,,,,,,,,
WQP_USA_2026,USGS-01474000,Surface Water,40.01529031,-75.20683432,,4/18/2024,,EPA 1633,,,ng/L,10.00,7.10,,,2.20,2.70,7.60,3.10,,,,,,,,,,,7.70,,6.40,5.10,,,,,,,,,,,,,,,,,,,,,,,,0.00,0.80,,,,,,,,
WQP_USA_2026,USGS-01474000,Surface Water,40.01529031,-75.20683432,,5/21/2024,,EPA 1633,,,ng/L,9.20,8.00,,0.70,2.50,2.80,7.60,3.10,0.00,,,,,,,,,,8.40,0.00,6.60,4.90,,,,,,,,,0.00,0.00,,,0.00,0.00,,0.00,,0.00,0.00,,,0.00,0.00,0.00,0.60,,,,,0.00,,,
WQP_USA_2026,USGS-01474000,Surface Water,40.01529031,-75.20683432,,6/3/2024,,EPA 1633,,,ng/L,10.00,7.20,,0.50,2.50,2.60,7.40,3.00,0.00,,,,,,,,,,8.30,0.00,6.90,4.40,,,,,,,,,0.00,0.00,,,0.00,0.00,,0.00,,0.00,0.00,,,0.00,0.00,0.00,0.00,,,,,0.00,,,
WQP_USA_2026,USGS-01474000,Surface Water,40.01529031,-75.20683432,,7/15/2024,,EPA 1633,,,ng/L,10.00,10.00,,1.60,3.40,2.10,11.00,3.60,0.00,,,,,,,,,,14.00,0.00,9.20,3.90,,,,,,,,,0.00,0.50,,,0.00,0.00,,0.00,,0.00,0.00,,,0.00,0.00,0.00,0.00,,,,,0.00,,,
WQP_USA_2026,USGS-01474000,Surface Water,40.01529031,-75.20683432,,9/10/2024,,EPA 1633,,,ng/L,9.40,5.70,,0.00,2.30,2.80,8.90,2.80,0.00,,,,,,,,,,12.00,0.40,7.20,5.00,,0.00,,,,,,,0.00,0.00,,,0.00,0.00,,0.00,,0.00,0.00,,,0.00,0.00,0.00,0.00,,,,,0.00,,,
WQP_USA_2026,USGS-01474000,Surface Water,40.01529031,-75.20683432,,10/21/2024,,EPA 1633,,,ng/L,8.80,5.20,,0.00,2.00,2.60,8.80,2.60,0.00,,,,,,,,,,12.00,0.00,7.20,4.30,,0.00,,,,,,,0.00,0.00,,,0.00,0.00,,0.00,,0.00,0.00,,,0.00,0.00,0.00,0.00,,,,,0.00,,,
WQP_USA_2026,USGS-01474000,Surface Water,40.01529031,-75.20683432,,11/19/2024,,EPA 1633,,,ng/L,8.70,6.20,,0.00,2.40,2.50,8.60,2.60,0.00,,,,,,,,,,13.00,0.00,7.50,5.40,,0.00,,,,,,,0.00,0.00,,,0.00,0.00,,0.00,,0.00,0.00,,,0.00,0.00,0.00,0.00,,,,,0.00,,,
WQP_USA_2026,USGS-01474000,Surface Water,40.01529031,-75.20683432,,12/18/2024,,EPA 1633,,,ng/L,6.80,5.60,,0.70,2.20,1.40,6.00,2.80,0.00,,,,,,,,,,7.30,0.00,5.40,3.30,,0.00,,,,,,,0.00,0.00,,,0.00,0.00,,0.00,,0.00,0.00,,,0.00,0.00,0.00,0.00,,,,,0.00,,,
WQP_USA_2026,USGS-01474000,Surface Water,40.01529031,-75.20683432,,1/28/2025,,EPA 1633,,,ng/L,8.30,5.20,,0.00,2.00,2.30,8.10,2.60,0.00,,,,,,,,,,9.50,0.00,6.40,4.30,,0.00,,,,,,,0.00,0.00,,,0.00,0.00,,0.00,,0.00,0.00,,,0.00,0.00,0.00,0.60,,,,,0.00,,,
WQP_USA_2026,USGS-01474000,Surface Water,40.01529031,-75.20683432,,2/26/2025,,EPA 1633,,,ng/L,10.00,6.40,,0.00,1.70,2.40,7.70,2.70,0.00,,,,,,,,,,8.60,0.00,6.50,4.90,,0.00,,,,,,,0.00,0.00,,,0.00,0.00,,0.00,,0.00,0.00,,,0.00,0.00,0.00,0.00,,,,,0.00,,,
WQP_USA_2026,USGS-01474000,Surface Water,40.01529031,-75.20683432,,3/11/2025,,EPA 1633,,,ng/L,9.00,5.70,,0.50,1.80,2.20,7.90,3.00,0.00,,,,,,,,,,10.00,0.00,6.70,4.80,,0.00,,,,,,,0.00,0.00,,,0.00,0.00,,0.00,,0.00,0.00,,,0.00,0.00,0.00,0.00,,,,,0.00,,,
WQP_USA_2026,USGS-01474000,Surface Water,40.01529031,-75.20683432,,4/8/2025,,EPA 1633,,,ng/L,8.60,6.30,,,2.10,2.40,7.40,2.70,,,,,,,,,,,7.30,,6.20,5.00,,,,,,,,,,,,,,,,,,,,,,,,0.00,,,,,,,,,
WQP_USA_2026,USGS-01474000,Surface Water,40.01529031,-75.20683432,,5/5/2025,,EPA 1633,,,ng/L,11.00,10.00,,1.00,3.10,2.70,11.00,3.60,,,,,,,,,,,13.00,,5.40,5.70,,,,,,,,,,,,,,,,,,,,,,,,0.00,,,,,,,,,
WQP_USA_2026,USGS-01474010,Surface Water,40.00844572,-75.19740125,,9/25/2019,,EPA 1633,,,ng/L,6.10,3.50,,,3.20,1.70,7.50,3.00,,,,,,,,,,,9.30,,16.00,5.00,,,,,,,,,,,,,,,,,,,,,,,,,,,,,,,,,
WQP_USA_2026,USGS-01474010,Surface Water,40.00844572,-75.19740125,,10/19/2020,,EPA 537.1,,,ng/L,7.00,3.70,,0.00,2.50,1.70,7.70,3.00,,,,,,,,,,,,,,4.90,,,,,,,,,,0.00,,,0.00,,,0.00,,,0.00,,,,0.00,0.00,,,,,,,,,
WQP_USA_2026,USGS-01474010,Surface Water,40.00844572,-75.19740125,,10/19/2020,,EPA 1633,,,ng/L,,,,,,,,,0.00,,,20.00,,,,,,,7.70,0.00,5.00,,,,,,,,,,0.00,,,,,,,,,0.00,,,,0.00,,,0.60,,,,,,,,
WQP_USA_2026,USGS-01474010,Surface Water,40.00844572,-75.19740125,,11/9/2020,,EPA 537.1,,,ng/L,5.40,3.10,,0.00,2.40,1.40,5.80,2.60,,,,,,,,,,,,,,4.90,,,,,,,,,,0.00,,,0.00,,,0.00,,,0.00,,,,0.00,0.00,,,,,,,,,
WQP_USA_2026,USGS-01474010,Surface Water,40.00844572,-75.19740125,,11/9/2020,,EPA 1633,,,ng/L,,,,,,,,,0.00,,,,,,,,,,5.50,0.00,4.00,,,,,,,,,,0.00,,,,,,,,,0.00,,,,0.00,,,0.80,,,,,,,,
WQP_USA_2026,USGS-01474010,Surface Water,40.00844572,-75.19740125,,12/8/2020,,EPA 537.1,,,ng/L,4.70,3.40,,0.00,2.20,1.20,3.80,2.30,,,,,,,,,,,,,,4.00,,,,,,,,,,0.00,,,0.00,,,0.00,,,0.00,,,,0.00,0.00,,,,,,,,,
WQP_USA_2026,USGS-01474010,Surface Water,40.00844572,-75.19740125,,12/8/2020,,EPA 1633,,,ng/L,,,,,,,,,0.00,,,,,,,,,,3.80,0.00,3.20,,,,,,,,,,0.00,,,,,,,,,0.00,,,,0.00,,,0.60,,,,,,,,
WQP_USA_2026,USGS-01474010,Surface Water,40.00844572,-75.19740125,,1/12/2021,,EPA 537.1,,,ng/L,4.50,,,,,,,,,,,,,,,,,,,,,,,,,,,,,,,,,,,,,,,,,,,,,,,,,,,,,,
WQP_USA_2026,USGS-01474010,Surface Water,40.00844572,-75.19740125,,2/17/2021,,EPA 537.1,,,ng/L,6.10,4.60,,,,,4.80,,,,,,,,,,,,,,,,,,,,,,,,,,,,,,,,,,,,,,,,,,,,,,,,
WQP_USA_2026,USGS-01474010,Surface Water,40.00844572,-75.19740125,,3/10/2021,,EPA 537.1,,,ng/L,4.30,,,,,,,,,,,,,,,,,,,,,,,,,,,,,,,,,,,,,,,,,,,,,,,,,,,,,,
WQP_USA_2026,USGS-01474010,Surface Water,40.00844572,-75.19740125,,4/20/2021,,EPA 537.1,,,ng/L,4.40,,,,,,,,,,,,,,,,,,,,,,,,,,,,,,,,,,,,,,,,,,,,,,,,,,,,,,
WQP_USA_2026,USGS-01474010,Surface Water,40.00844572,-75.19740125,,5/13/2021,,EPA 537.1,,,ng/L,4.50,,,,,,,,,,,,,,,,,,,,,,,,,,,,,,,,,,,,,,,,,,,,,,,,,,,,,,
WQP_USA_2026,USGS-01474010,Surface Water,40.00844572,-75.19740125,,6/3/2021,,EPA 537.1,,,ng/L,5.30,,,,,,,,,,,,,,,,,,,,,,,,,,,,,,,,,,,,,,,,,,,,,,,,,,,,,,
WQP_USA_2026,USGS-01474010,Surface Water,40.00844572,-75.19740125,,7/12/2021,,EPA 537.1,,,ng/L,7.10,4.50,,,,,6.20,,,,,,,,,,,,,,,4.30,,,,,,,,,,,,,,,,,,,,,,,,,,,,,,,,,
WQP_USA_2026,USGS-01474010,Surface Water,40.00844572,-75.19740125,,8/9/2021,,EPA 537.1,,,ng/L,7.10,4.90,,,,,6.80,,,,,,,,,,,,,,,4.50,,,,,,,,,,,,,,,,,,,,,,,,,,,,,,,,,
WQP_USA_2026,USGS-01474010,Surface Water,40.00844572,-75.19740125,,9/7/2021,,EPA 537.1,,,ng/L,5.30,3.60,,,,,,,,,,,,,,,,,,,,3.50,,,,,,,,,,,,,,,,,,,,,,,,,,,,,,,,,
WQP_USA_2026,USGS-01474010,Surface Water,40.00844572,-75.19740125,,10/12/2021,,EPA 537.1,,,ng/L,7.20,4.40,,,,,6.70,,,,,,,,,,,,,,,5.00,,,,,,,,,,,,,,,,,,,,,,,,,,,,,,,,,
WQP_USA_2026,USGS-01474010,Surface Water,40.00844572,-75.19740125,,11/17/2021,,EPA 537.1,,,ng/L,5.20,,,,,,4.00,,,,,,,,,,,,,,,3.90,,,,,,,,,,,,,,,,,,,,,,,,,,,,,,,,,
WQP_USA_2026,USGS-01474010,Surface Water,40.00844572,-75.19740125,,12/15/2021,,EPA 537.1,,,ng/L,5.90,,,,,,5.70,,,,,,,,,,,,,,,4.50,,,,,,,,,,,,,,,,,,,,,,,,,,,,,,,,,
WQP_USA_2026,USGS-01474010,Surface Water,40.00844572,-75.19740125,,2/24/2022,,EPA 537.1,,,ng/L,4.70,2.90,,,1.20,,4.40,2.10,,,,,,,,,,,,,,6.20,,,,,,,,,,,,,,,,,,,,,,,,,,,,,,,,,
WQP_USA_2026,USGS-01474010,Surface Water,40.00844572,-75.19740125,,3/15/2022,,EPA 537.1,,,ng/L,4.00,2.80,,,,1.00,4.00,1.90,,,,,,,,,,,,,,4.90,,,,,,,,,,,,,,,,,,,,,,,,,,,,,,,,,
WQP_USA_2026,USGS-01474010,Surface Water,40.00844572,-75.19740125,,4/25/2022,,EPA 537.1,,,ng/L,4.50,3.20,,,0.80,1.20,3.00,1.70,,,,,,,,,,,,,,5.00,,,,,,,,,,0.90,,,,,,,,,,,,,,,,,,,,,,,
WQP_USA_2026,USGS-01474010,Surface Water,40.00844572,-75.19740125,,6/28/2022,,EPA 537.1,,,ng/L,6.30,5.20,,,1.50,1.50,5.70,2.60,,,,,,,,,,,,,,5.40,,,,,,,,,,,,,,,,,,,,,,,,,,,,,,,,,
WQP_USA_2026,USGS-01474010,Surface Water,40.00844572,-75.19740125,,7/25/2022,,EPA 537.1,,,ng/L,7.30,5.60,,,1.60,1.70,8.80,3.20,,,,,,,,,,,,,,7.50,,,,,,,,,,,,,,,,,,,,,,,,,,,,,,,,,
WQP_USA_2026,USGS-01474010,Surface Water,40.00844572,-75.19740125,,8/29/2022,,EPA 1633,,,ng/L,6.00,4.90,,0.50,2.90,1.80,8.70,2.60,0.00,,,,,,,,,,8.00,0.00,8.30,5.70,,0.00,,,,,,,0.00,0.00,,,0.00,0.00,,0.00,,0.00,0.00,,,0.00,0.00,0.00,0.80,,,,,0.00,,,
WQP_USA_2026,USGS-01474010,Surface Water,40.00844572,-75.19740125,,9/28/2022,,EPA 1633,,,ng/L,6.30,4.20,,0.80,3.00,1.70,6.70,2.50,,,,,,,,,,,8.00,,,5.70,,,,,,,,,,,,,,,,,,,,,,,,0.00,,,,,,,,,
WQP_USA_2026,USGS-01474010,Surface Water,40.00844572,-75.19740125,,10/13/2022,,EPA 1633,,,ng/L,4.30,3.00,,,2.30,1.20,3.70,1.70,,,,,,,,,,,4.50,,3.50,4.10,,,,,,,,,,,,,,,,,,,,,,,,0.00,,,,,,,,,
WQP_USA_2026,USGS-01474010,Surface Water,40.00844572,-75.19740125,,11/21/2022,,EPA 1633,,,ng/L,4.60,2.80,,,2.00,1.00,4.40,1.90,,,,,,,,,,,4.40,,3.80,4.40,,,,,,,,,,,,,,,,,,,,,,,,,,,,,,,,,
WQP_USA_2026,USGS-01474010,Surface Water,40.00844572,-75.19740125,,12/13/2022,,EPA 1633,,,ng/L,4.10,2.40,,,1.50,0.90,3.50,1.60,,,,,,,,,,,3.30,,2.40,4.20,,,,,,,,,,,,,,,,,,,,,,,,0.00,,,,,,,,,
WQP_USA_2026,USGS-01474010,Surface Water,40.00844572,-75.19740125,,1/26/2023,,EPA 1633,,,ng/L,4.40,4.30,,0.60,2.00,0.60,3.10,1.60,,,,,,,,,,,3.10,,3.00,2.70,,,,,,,,,,,,,,,,,,,,,,,,0.00,,,,,,,,,
WQP_USA_2026,USGS-01474010,Surface Water,40.00844572,-75.19740125,,2/8/2023,,EPA 1633,,,ng/L,4.40,2.70,,,2.00,1.00,4.00,1.60,,,,,,,,,,,3.80,,3.20,4.00,,,,,,,,,,,,,,,,,,,,,,,,0.00,0.70,,,,,,,,
WQP_USA_2026,USGS-01474010,Surface Water,40.00844572,-75.19740125,,3/20/2023,,EPA 1633,,,ng/L,4.00,2.60,,,1.70,1.00,4.80,1.80,,,,,,,,,,,4.00,,3.50,4.50,,,,,,,,,,,,,,,,,,,,,,,,0.00,,,,,,,,,
WQP_USA_2026,USGS-01474010,Surface Water,40.00844572,-75.19740125,,4/18/2023,,EPA 1633,,,ng/L,5.40,3.60,,,2.20,1.40,5.50,2.00,,,,,,,,,,,5.50,,4.60,4.50,,,,,,,,,,,,,,,,,,,,,,,,0.00,0.80,,,,,,,,
WQP_USA_2026,USGS-01474010,Surface Water,40.00844572,-75.19740125,,5/30/2023,,EPA 1633,,,ng/L,5.60,3.20,,,2.30,1.30,5.90,1.90,,,,,,,,,,,5.60,,4.50,4.80,,,,,,,,,,,,,,,,,,,,,,,,,0.90,,,,,,,,
WQP_USA_2026,USGS-01474010,Surface Water,40.00844572,-75.19740125,,6/13/2023,,EPA 1633,,,ng/L,6.20,4.80,,0.70,3.00,1.30,7.70,2.60,,,,,,,,,,,7.40,,6.30,5.30,,,,,,,,,,,,,,,,,,,,,,,,0.00,,,,,,,,,
WQP_USA_2026,USGS-01474010,Surface Water,40.00844572,-75.19740125,,7/11/2023,,EPA 1633,,,ng/L,5.30,3.30,,,1.60,0.80,4.00,2.50,,,,3.00,,,,,,,5.10,,5.20,3.20,,,,,,,,,,,,,,,,,,,,,,,,0.00,,,,,,,,,
WQP_USA_2026,USGS-01474010,Surface Water,40.00844572,-75.19740125,,8/16/2023,,EPA 1633,,,ng/L,6.40,4.90,,0.50,2.90,1.20,5.90,2.40,,,,2.30,,,,,,,6.90,,5.40,3.90,,,,,,,,,,,,,,,,,,,,,,,,0.00,,,,,,,,,
WQP_USA_2026,USGS-01474010,Surface Water,40.00844572,-75.19740125,,9/11/2023,,EPA 1633,,,ng/L,5.80,6.40,,0.50,2.30,2.50,6.90,2.90,,,,,,,,,,,8.30,,6.60,4.80,,,,,,,,,,,,,,,,,,,,,,,,0.00,,,,,,,,,
WQP_USA_2026,USGS-01474010,Surface Water,40.00844572,-75.19740125,,10/12/2023,,EPA 1633,,,ng/L,4.40,2.90,,,1.90,1.00,4.60,2.00,,,,,,,,,,,5.50,,3.70,3.70,,,,,,,,,,,,,,,,,,,,,,,,0.00,,,,,,,,,
WQP_USA_2026,USGS-01474010,Surface Water,40.00844572,-75.19740125,,11/14/2023,,EPA 1633,,,ng/L,5.00,2.70,,0.00,2.10,1.40,5.70,1.80,0.00,,,,,,,,,,5.80,0.00,4.50,4.70,,0.00,,,,,,,0.00,0.00,,,0.00,0.00,,0.00,,0.00,0.00,,,0.00,0.00,0.00,0.00,,,,,0.00,,,
WQP_USA_2026,USGS-01474010,Surface Water,40.00844572,-75.19740125,,12/12/2023,,EPA 1633,,,ng/L,4.90,3.30,,,1.50,0.80,4.20,2.10,,,,,,,,,,,4.10,,3.90,3.20,,,,,,,,,,,,,,,,,,,,,,,,0.00,0.50,,,,,,,,
WQP_USA_2026,USGS-01474010,Surface Water,40.00844572,-75.19740125,,1/22/2024,,EPA 1633,,,ng/L,5.10,3.00,,,2.00,1.00,3.80,1.70,,,,1.90,,,,,,,3.50,,3.20,3.40,,,,,,,,,,,,,,,,,,,,,,,,0.00,,,,,,,,,
WQP_USA_2026,USGS-01474010,Surface Water,40.00844572,-75.19740125,,2/20/2024,,EPA 1633,,,ng/L,4.80,2.90,,0.00,2.10,0.80,4.60,1.80,0.00,,,,,,,,,,4.00,0.00,3.00,3.40,,0.00,,,,,,,0.00,0.00,,,0.00,0.00,,0.00,,0.00,0.00,,,0.00,0.00,0.00,0.00,,,,,0.00,,,
WQP_USA_2026,USGS-01474010,Surface Water,40.00844572,-75.19740125,,3/7/2024,,EPA 1633,,,ng/L,5.10,2.80,,,2.10,0.70,3.60,1.80,,,,,,,,,,,3.20,,3.00,3.20,,,,,,,,,,,,,,,,,,,,,,,,,,,,,,,,,
WQP_USA_2026,USGS-01474010,Surface Water,40.00844572,-75.19740125,,4/18/2024,,EPA 1633,,,ng/L,4.70,3.30,,,1.90,1.10,3.90,1.80,,,,,,,,,,,4.00,,3.30,3.30,,,,,,,,,,,,,,,,,,,,,,,,0.00,0.60,,,,,,,,
WQP_USA_2026,USGS-01474010,Surface Water,40.00844572,-75.19740125,,5/21/2024,,EPA 1633,,,ng/L,4.00,2.90,,0.00,2.10,1.20,4.40,1.70,0.00,,,,,,,,,,4.30,0.00,3.70,3.60,,,,,,,,,0.00,0.00,,,0.00,0.00,,0.00,,0.00,0.00,,,0.00,0.00,0.00,0.00,,,,,0.00,,,
WQP_USA_2026,USGS-01474010,Surface Water,40.00844572,-75.19740125,,6/3/2024,,EPA 1633,,,ng/L,5.00,3.60,,0.00,2.50,1.40,5.20,2.20,0.00,,,,,,,,,,5.30,0.00,4.90,3.90,,,,,,,,,0.00,0.00,,,0.00,0.00,,0.00,,0.00,0.00,,,0.00,0.00,0.00,0.00,,,,,0.00,,,
WQP_USA_2026,USGS-01474010,Surface Water,40.00844572,-75.19740125,,7/15/2024,,EPA 1633,,,ng/L,6.70,4.50,,0.50,2.60,1.70,7.50,2.70,0.00,,,,,,,,,,8.40,0.00,7.90,5.90,,,,,,,,,0.00,0.00,,,0.00,0.00,,0.00,,0.00,0.00,,,0.00,0.00,0.00,1.40,,,,,0.00,,,
WQP_USA_2026,USGS-01474010,Surface Water,40.00844572,-75.19740125,,8/15/2024,,EPA 1633,,,ng/L,6.30,4.60,,,3.00,1.30,5.10,2.30,,,,,,,,,,,6.00,,4.00,5.10,,,,,,,,,,,,,,,,,,,,,,,,0.00,,,,,,,,,
WQP_USA_2026,USGS-01474010,Surface Water,40.00844572,-75.19740125,,9/10/2024,,EPA 1633,,,ng/L,5.80,3.80,,0.00,2.50,1.70,6.90,2.40,0.00,,,,,,,,,,7.70,0.00,6.30,5.40,,0.00,,,,,,,0.00,0.00,,,0.00,0.00,,0.00,,0.00,0.00,,,0.00,0.00,0.00,0.00,,,,,0.00,,,
WQP_USA_2026,USGS-01474010,Surface Water,40.00844572,-75.19740125,,10/21/2024,,EPA 1633,,,ng/L,5.00,3.10,,0.00,2.20,1.80,6.60,2.00,0.00,,,,,,,,,,7.50,0.00,6.10,5.70,,0.00,,,,,,,0.00,0.00,,,0.00,0.00,,0.00,,0.00,0.00,,,0.00,0.00,0.00,0.00,,,,,0.00,,,
WQP_USA_2026,USGS-01474010,Surface Water,40.00844572,-75.19740125,,11/19/2024,,EPA 1633,,,ng/L,5.40,3.30,,0.00,2.30,2.00,7.30,2.40,0.00,,,,,,,,,,9.00,0.00,6.40,7.50,,0.00,,,,,,,0.00,0.00,,,0.00,0.00,,0.00,,0.00,0.00,,,0.00,0.00,0.00,0.00,,,,,0.00,,,
WQP_USA_2026,USGS-01474010,Surface Water,40.00844572,-75.19740125,,12/18/2024,,EPA 1633,,,ng/L,5.20,3.40,,0.00,1.60,1.20,5.50,2.20,0.00,,,,,,,,,,4.80,0.00,4.20,3.40,,0.00,,,,,,,0.00,0.00,,,0.00,0.00,,0.00,,0.00,0.00,,,0.00,0.00,0.00,0.00,,,,,0.00,,,
WQP_USA_2026,USGS-01474010,Surface Water,40.00844572,-75.19740125,,2/26/2025,,EPA 1633,,,ng/L,5.90,2.90,,,0.90,1.30,5.00,2.00,,,,,,,,,,,4.90,,4.40,4.10,,,,,,,,,,,,,,,,,,,,,,,,0.00,,,,,,,,,
WQP_USA_2026,USGS-01474010,Surface Water,40.00844572,-75.19740125,,3/11/2025,,EPA 1633,,,ng/L,4.60,2.70,,,1.70,1.00,4.10,1.90,,,,,,,,,,,4.10,,4.00,3.40,,,,,,,,,,,,,,,,,,,,,,,,,,,,,,,,,
WQP_USA_2026,USGS-01474010,Surface Water,40.00844572,-75.19740125,,4/8/2025,,EPA 1633,,,ng/L,4.50,2.90,,,2.00,1.00,5.20,2.20,,,,,,,,,,,4.10,,4.70,3.40,,,,,,,,,,,,,,,,,,,,,,,,0.00,,,,,,,,,
WQP_USA_2026,USGS-01474010,Surface Water,40.00844572,-75.19740125,,5/22/2025,,EPA 1633,,,ng/L,4.20,3.00,,0.00,1.70,1.20,4.10,1.60,0.00,,,,,,,,,,4.10,0.00,2.80,4.50,,0.00,,,,,,,0.00,0.00,,,0.00,0.00,,0.00,,0.00,0.00,,,0.00,0.00,0.00,0.00,,,,,0.00,,,
WQP_USA_2026,USGS-01475850,Surface Water,39.97649897,-75.43658643,,11/9/2022,,EPA 1633,,,ng/L,3.90,1.80,,,0.70,1.20,4.20,2.10,,,,,,,,,,,4.20,,3.00,3.60,,,,,,,,,,,,,,,,,,,,,,,,0.00,,,,,,,,,
WQP_USA_2026,USGS-01476450,Surface Water,39.96694444,-75.48277778,,11/9/2022,,EPA 1633,,,ng/L,7.30,2.30,,0.00,0.80,1.50,8.50,2.90,0.00,,,,,,,,,,8.60,,6.70,5.00,,0.00,,,,,,,0.00,0.00,,,0.00,0.00,,0.00,,0.00,0.00,,,0.00,0.00,0.00,0.00,,,,,0.00,,,
WQP_USA_2026,USGS-01476835,Surface Water,39.94066515,-75.54131615,,11/9/2022,,EPA 1633,,,ng/L,6.00,2.90,,0.00,2.10,1.90,6.10,3.30,0.00,,,,,,,,,,7.10,0.00,,5.00,,0.00,,,,,,,0.00,0.00,,,0.00,0.00,,0.00,,0.00,0.00,,,0.00,0.00,0.00,0.00,,,,,0.00,,,
WQP_USA_2026,USGS-01477120,Surface Water,39.74055556,-75.25916667,,2/28/2020,,Unnamed_SPE+LCMS/MS,,,ng/L,5.10,1.70,,,1.40,,4.90,2.70,,,,,,,,,,,5.90,,4.70,2.80,,,,,,,,,,,,,,,,,,,,,,,,,,,,,,,,,
WQP_USA_2026,USGS-01477120,Surface Water,39.74055556,-75.25916667,,9/16/2020,,Unnamed_SPE+LCMS/MS,,,ng/L,7.30,2.40,,,2.20,,6.70,3.20,,,,,,,,,,,9.60,,6.10,5.40,,,,,,,,,,,,,,,,,,,,,,,,,,,,,,,,,
WQP_USA_2026,USGS-01477120,Surface Water,39.74055556,-75.25916667,,3/5/2021,,Unnamed_SPE+LCMS/MS,,,ng/L,5.60,2.40,,,1.70,1.10,4.20,2.30,,,,,,,,,,,5.00,,4.00,8.60,,,,,,,,,,,,,,,,,,,,,,,,,,,,,,,,,
WQP_USA_2026,USGS-01477120,Surface Water,39.74055556,-75.25916667,,2/22/2022,,Unnamed_SPE+LCMS/MS,,,ng/L,5.20,1.60,,,1.60,,4.50,2.50,,,,,,,,,,,5.50,,4.00,2.00,,,,,,,,,,,,,,,,,,,,,,,,,,,,,,,,,
WQP_USA_2026,USGS-01477120,Surface Water,39.74055556,-75.25916667,,8/31/2022,,Unnamed_SPE+LCMS/MS,,,ng/L,7.20,2.40,,,1.80,,8.70,3.20,,,,,,,,,,,12.00,,5.50,,,,,,,,,,,,,,,,,,,,,,,,,,,,,,,,,,
WQP_USA_2026,USGS-01477120,Surface Water,39.74055556,-75.25916667,,3/15/2023,,Unnamed_SPE+LCMS/MS,,,ng/L,6.50,1.50,,,1.30,0.90,5.50,2.60,,,,,,,,,,,4.70,,4.90,2.80,,,,,,,,,,,,,,,,,,,,,,,,,,,,,,,,,
WQP_USA_2026,USGS-01477120,Surface Water,39.74055556,-75.25916667,,9/14/2023,,Unnamed_SPE+LCMS/MS,,,ng/L,6.80,2.60,,,2.00,1.00,6.20,3.30,,,,,,,,,,,7.90,,7.50,3.20,,,,,,,,,,,,,,,,,,,,,,,,,,,,,,,,,
WQP_USA_2026,USGS-01477200,Surface Water,39.8119184,-75.40913769,,9/19/2019,,EPA 1633,,,ng/L,7.50,6.90,,0.90,3.90,2.30,8.10,3.70,,,,,,,,,,,8.00,,12.00,3.40,,,,,,,,,,,,,,,,,,,,,,,,,,,,,,,,,
WQP_USA_2026,USGS-01478120,Surface Water,39.82844294,-75.78077307,,11/23/2022,,EPA 1633,,,ng/L,4.00,,,,1.00,,2.40,2.90,,,,,,,,,,,2.10,,2.10,1.00,,,,,,,,,,,,,,,,,,,,,,,,0.00,,,,,,,,,
WQP_USA_2026,USGS-01478230,Surface Water,39.75066672,-75.77160316,,11/10/2022,,EPA 1633,,,ng/L,2.30,0.70,,,,0.80,2.20,1.20,,,,,,,,,,,2.00,,2.80,1.90,,,,,,,,,,,,,,,,,,,,,,,,0.00,,,,,,,,,
WQP_USA_2026,USGS-01478245,Surface Water,39.7475,-75.77083333,,9/9/2019,,EPA 1633,,,ng/L,3.50,1.10,,,0.80,1.10,3.50,2.30,,,,,,,,,,,3.60,,5.40,2.10,,,,,,,,,,,,,,,,,,,,,,,,,,,,,,,,,
WQP_USA_2026,USGS-01479700,Surface Water,39.81094404,-75.70479595,,11/10/2022,,EPA 1633,,,ng/L,11.00,1.50,,,2.10,1.80,8.90,7.00,,,,,,,,,,,10.00,,8.00,4.50,,,,,,,,,,,,,,,,,,,,,,,,0.00,,,,,,,,,
WQP_USA_2026,USGS-01479800,Surface Water,39.81955512,-75.69104531,,11/10/2022,,EPA 1633,,,ng/L,4.90,1.70,,0.00,0.70,1.30,5.90,3.10,0.00,,,,,,,,,,6.20,0.00,8.50,3.80,,0.00,,,,,,,0.00,0.00,,,0.00,0.00,,0.00,,0.00,0.00,,,0.00,0.00,0.00,0.00,,,,,0.00,,,
WQP_USA_2026,USGS-01479820,Surface Water,39.81677739,-75.69160081,,9/9/2019,,EPA 1633,,,ng/L,9.10,1.90,,,2.20,1.90,7.90,6.00,,,,,,,,,,,10.00,,7.60,4.60,,,,,,,,,,,,,,,,,,,,,,,,,,,,,,,,,
WQP_USA_2026,USGS-01480300,Surface Water,40.072778,-75.861111,,10/26/2022,,EPA 1633,,,ng/L,2.50,1.80,,,,0.80,3.00,1.30,,,,,,,,,,,2.70,,3.10,1.40,,,,,,,,,,,,,,,,,,,,,,,,0.00,,,,,,,,,
WQP_USA_2026,USGS-01480500,Surface Water,39.98566144,-75.82744675,,5/2/2023,,EPA 1633,,,ng/L,46.00,"5,700.00",,550.00,"1,300.00",4.40,12.00,6.20,12.00,,,,50.00,,,,,,3.00,0.00,4.00,1.60,,0.00,,,,,,,0.00,600.00,,,44.00,0.00,,41.00,,5.90,3.40,,,0.00,9.50,20.00,23.00,,,,,0.00,,,
WQP_USA_2026,USGS-01480617,Surface Water,39.96177343,-75.80133411,,10/19/2022,,EPA 1633,,,ng/L,4.90,3.00,,,1.20,1.90,5.40,2.50,,,,,,,,,,,8.00,,4.20,3.00,,,,,,,,,,,,,,,,,,,,,,,,0.00,,,,,,,,,
WQP_USA_2026,USGS-01480620,Surface Water,39.94640413,-75.77879748,,5/3/2023,,EPA 1633,,,ng/L,350.00,"8,600.00",,820.00,"2,800.00",25.00,26.00,9.70,59.00,,,19.00,68.00,,,,,,9.60,0.00,4.50,2.30,,0.00,,,,,,,0.00,270.00,,,47.00,3.70,,38.00,,4.90,0.00,,,0.00,5.40,14.00,47.00,,,,,0.00,,,
WQP_USA_2026,USGS-01480629,Surface Water,39.92955153,-75.82300028,,10/19/2022,,EPA 1633,,,ng/L,2.50,1.10,,,1.10,0.70,2.90,1.80,,,,,,,,,,,3.20,,3.30,2.00,,,,,,,,,,,,,,,,,,,,,,,,,,,,,,,,,
WQP_USA_2026,USGS-01480653,Surface Water,40.09676775,-75.77854548,,11/8/2022,,EPA 1633,,,ng/L,1.70,1.60,,,1.20,0.70,1.00,0.70,,,,,,,,,,,1.00,,,1.20,,,,,,,,,,,,,,,,,,,,,,,,0.00,,,,,,,,,
WQP_USA_2026,USGS-01480870,Surface Water,39.96871912,-75.67327152,,11/8/2022,,EPA 1633,,,ng/L,3.90,2.20,,0.00,0.80,1.10,6.10,2.10,0.00,,,,,,,,,,6.40,0.00,4.00,3.40,,0.00,,,,,,,0.00,0.00,,,0.00,0.00,,0.00,,0.00,0.00,,,0.00,0.00,0.00,0.00,,,,,0.00,,,
WQP_USA_2026,USGS-01480870,Surface Water,39.96871912,-75.67327152,,6/21/2023,,EPA 1633,,,ng/L,430.00,"4,100.00",,540.00,900.00,21.00,15.00,8.60,39.00,,,3.20,21.00,,,,,,9.80,,4.70,3.00,,,,,,,,,,550.00,,,140.00,4.90,,75.00,,16.00,17.00,,,,53.00,85.00,55.00,,,,,,,,
WQP_USA_2026,USGS-01481000,Surface Water,39.8698328,-75.59326233,,9/24/2019,,EPA 1633,,,ng/L,5.80,2.10,,,2.50,1.50,6.30,3.00,,,,5.70,,,,,,,11.00,,10.00,2.90,,,,,,,,,,,,,,,,,,,,,,,,,,,,,,,,,
WQP_USA_2026,USGS-01481000,Surface Water,39.8698328,-75.59326233,,6/21/2023,,EPA 1633,,,ng/L,250.00,"6,100.00",,"1,400.00","1,500.00",9.50,18.00,9.20,25.00,,,,31.00,,,,,,10.00,,5.00,2.80,,,,,,,,,,"2,000.00",,,150.00,8.30,,170.00,,54.00,34.00,,,,140.00,320.00,93.00,,,,,,,,
WQP_USA_2026,USGS-01482500,Surface Water,39.64388889,-75.33027778,,2/28/2020,,Unnamed_SPE+LCMS/MS,,,ng/L,16.00,2.90,,,2.80,2.70,10.00,8.60,,,,,,,,,,,9.40,,6.50,1.30,,,,,,,,,,,,,,,,,,,,,,,,,,,,,,,,,
WQP_USA_2026,USGS-01482500,Surface Water,39.64388889,-75.33027778,,9/16/2020,,Unnamed_SPE+LCMS/MS,,,ng/L,18.00,6.00,,,3.60,3.10,15.00,9.10,,,,,,,,,,,15.00,,11.00,3.00,,,,,,,,,,,,,,,,,,,,,,,,,,,,,,,,,
WQP_USA_2026,USGS-01482500,Surface Water,39.64388889,-75.33027778,,2/24/2021,,Unnamed_SPE+LCMS/MS,,,ng/L,11.00,2.90,,,3.00,1.70,8.50,5.20,,,,,,,,,,,7.10,,7.50,1.20,,,,,,,,,,,,,,,,,,,,,,,,,,,,,,,,,
WQP_USA_2026,USGS-01482500,Surface Water,39.64388889,-75.33027778,,9/28/2022,,Unnamed_SPE+LCMS/MS,,,ng/L,20.00,3.70,,,4.40,3.10,16.00,10.00,,,,,,,,,,,12.00,,11.00,2.40,,,,,,,,,,,,,,,,,,,,,,,,,,,,,,,,,
WQP_USA_2026,USGS-01482500,Surface Water,39.64388889,-75.33027778,,3/6/2023,,Unnamed_SPE+LCMS/MS,,,ng/L,17.00,3.10,,,3.10,2.40,12.00,8.40,,,,,,,,,,,8.50,,8.70,1.50,,,,,,,,,,,,,,,,,,,,,,,,,,,,,,,,,
WQP_USA_2026,USGS-01482500,Surface Water,39.64388889,-75.33027778,,9/26/2023,,Unnamed_SPE+LCMS/MS,,,ng/L,19.00,7.80,,1.00,4.60,3.50,15.00,9.60,,,,,,,,,,,12.00,,9.80,3.10,,,,,,,,,,,,,,,,,,,,,,,,,,,,,,,,,
WQP_USA_2026,USGS-01483620,Surface Water,39.154056,-75.489194,,11/7/2023,,EPA 1633,,,ng/L,16.00,49.00,,,1.70,48.00,12.00,3.40,1.70,,,,,,,,,,6.80,4.20,4.90,4.40,,,,,,,,,,,,,,0.60,,,,,,,,,,,,,,,,,,,
WQP_USA_2026,USGS-01483620,Surface Water,39.154056,-75.489194,,4/16/2024,,EPA 1633,,,ng/L,11.00,200.00,,0.80,2.20,45.00,11.00,3.70,1.40,,,,,,,,,,7.20,3.60,7.10,4.00,,,,,,,,,,0.20,,,,,,,,,,,,,,,0.60,,,,,,,,
WQP_USA_2026,USGS-01483620,Surface Water,39.154056,-75.489194,,9/24/2024,,EPA 1633,,,ng/L,14.00,43.00,,,1.20,54.00,11.00,3.40,1.40,,,,,,,,,,6.50,4.20,5.90,4.30,,,,,,,,,,,,,,,,,,,,,,,,,,,,,,,,,
WQP_USA_2026,USGS-01483625,Surface Water,39.136556,-75.458833,,11/7/2023,,EPA 1633,,,ng/L,300.00,730.00,,1.90,7.20,820.00,320.00,56.00,29.00,,3.40,34.00,4.70,,,,,,140.00,130.00,53.00,110.00,,0.00,,,,,,,0.00,0.00,,,0.00,0.00,,0.00,,0.00,0.00,,,0.00,0.00,0.40,1.20,,,,,0.00,,,
WQP_USA_2026,USGS-01483625,Surface Water,39.136556,-75.458833,,9/24/2024,,EPA 1633,,,ng/L,200.00,870.00,,2.70,6.80,990.00,280.00,58.00,31.00,,3.40,110.00,12.00,,,5.60,,,150.00,160.00,63.00,140.00,,,,,,,,,,0.50,,,,,,,,,,,,,,0.70,1.80,,,,,,,,
WQP_USA_2026,USGS-01494953,Surface Water,39.76233168,-75.92077637,,11/23/2022,,EPA 1633,,,ng/L,1.90,,,,,,2.50,0.90,,,,,,,,,,,3.30,,3.30,2.40,,,,,,,,,,,,,,,,,,,,,,,,0.00,,,,,,,,,
WQP_USA_2026,USGS-01494990,Surface Water,39.7301107,-75.84799515,,9/19/2019,,EPA 1633,,,ng/L,2.30,,,,,,2.50,1.00,,,,,,,,,,,2.50,,,2.20,,,,,,,,,,,,,,,,,,,,,,,,,,,,,,,,,
WQP_USA_2026,USGS-01518700,Surface Water,41.95257385,-77.11524856,,9/9/2019,,EPA 1633,,,ng/L,0.80,,,,,,,,,,,,,,,,,,,,,,,,,,,,,,,,,,,,,,,,,,,,,,,,,,,,,,
WQP_USA_2026,USGS-01519200,Surface Water,41.98749908,-77.30216978,,9/9/2019,,EPA 1633,,,ng/L,,,,,,,,,,,,,,,,,,,,,4.70,,,,,,,,,,,,,,,,,,,,,,,,,,,,,,,,,,
WQP_USA_2026,USGS-01531488,Surface Water,41.78110953,-76.50242215,,9/11/2019,,EPA 1633,,,ng/L,1.40,,,,,,1.90,,,,,,,,,,,,,,3.50,1.60,,,,,,,,,,,,,,,,,,,,,,,,,,,,,,,,,
WQP_USA_2026,USGS-01531500,Surface Water,41.76535278,-76.44077426,,9/18/2019,,EPA 1633,,,ng/L,1.00,0.90,,,,,1.10,,,,,,,,,,,,1.80,,,,,,,,,,,,,,,,,,,,,,,,,,,,,,,,,,,,
WQP_USA_2026,USGS-01532950,Surface Water,41.69694275,-76.23074698,,9/11/2019,,EPA 1633,,,ng/L,,,,,,,0.80,,,,,,,,,,,,,,,,,,,,,,,,,,,,,,,,,,,,,,,,,,,,,,,,
WQP_USA_2026,USGS-01534090,Surface Water,41.46174428,-75.85380729,,9/12/2019,,EPA 1633,,,ng/L,0.90,0.90,,,,,1.40,,,,,,,,,,,,1.50,,,0.80,,,,,,,,,,,,,,,,,,,,,,,,,,,,,,,,,
WQP_USA_2026,USGS-01536000,Surface Water,41.35924619,-75.74435907,,9/5/2019,,EPA 1633,,,ng/L,4.10,1.10,,,,1.10,12.00,2.60,,,,,,,,,,,11.00,,8.50,11.00,,,,,,,,,,,,,,,,,,,,,,,,,,,,,,,,,
WQP_USA_2026,USGS-01537700,Surface Water,41.1886937,-76.08659352,,9/11/2019,,EPA 1633,,,ng/L,1.30,,,,,,1.60,,,,,,,,,,,,1.80,,3.20,1.10,,,,,,,,,,,,,,,,,,,,,,,,,,,,,,,,,
WQP_USA_2026,USGS-01538600,Surface Water,41.04694884,-76.22102805,,9/19/2019,,EPA 1633,,,ng/L,2.40,1.40,,,,,1.60,0.80,,,,,,,,,,,1.80,,,0.90,,,,,,,,,,,,,,,,,,,,,,,,,,,,,,,,,
WQP_USA_2026,USGS-01539450,Surface Water,41.11419444,-76.52855556,,12/2/2022,,EPA 1633,,,ng/L,0.00,0.00,,0.00,0.00,0.00,0.00,0.00,0.00,,,,,,,,,,,0.00,,0.00,,0.00,,,,,,,0.00,0.00,,,0.00,0.00,,0.00,,0.00,0.00,,,0.00,0.00,0.00,0.00,,,,,0.00,,,
WQP_USA_2026,USGS-01539450,Surface Water,41.11419444,-76.52855556,,3/15/2023,,EPA 1633,,,ng/L,0.00,0.00,,0.00,0.00,0.00,0.00,0.00,0.00,,,,,,,,,,,0.00,,0.00,,0.00,,,,,,,0.00,0.00,,,0.00,0.00,,0.00,,0.00,0.00,,,0.00,0.00,0.00,0.00,,,,,0.00,,,
WQP_USA_2026,USGS-01539450,Surface Water,41.11419444,-76.52855556,,5/12/2023,,EPA 1633,,,ng/L,0.00,0.00,,0.00,0.00,0.00,0.00,0.00,0.00,,,,,,,,,,,0.00,,0.00,,0.00,,,,,,,0.00,0.00,,,0.00,0.00,,0.00,,0.00,0.00,,,0.00,0.00,0.00,0.70,,,,,0.00,,,
WQP_USA_2026,USGS-01539450,Surface Water,41.11419444,-76.52855556,,8/17/2023,,EPA 1633,,,ng/L,0.50,0.50,,0.00,0.00,0.00,0.00,0.00,0.00,,,,,,,,,,,0.00,,0.00,,0.00,,,,,,,0.00,0.00,,,0.00,0.00,,0.00,,0.00,0.00,,,0.00,0.00,0.00,0.00,,,,,0.00,,,
WQP_USA_2026,USGS-01539455,Surface Water,41.11391667,-76.52797222,,12/2/2022,,EPA 1633,,,ng/L,0.00,0.00,,0.00,0.00,0.00,0.60,0.00,0.00,,,,,,,,,,,0.00,,0.00,,0.00,,,,,,,0.00,0.00,,,0.00,0.00,,0.00,,0.00,0.00,,,0.00,0.00,0.00,0.00,,,,,0.00,,,
WQP_USA_2026,USGS-01539455,Surface Water,41.11391667,-76.52797222,,3/15/2023,,EPA 1633,,,ng/L,0.50,0.00,,0.00,0.00,0.00,0.80,0.00,0.00,,,,,,,,,,,0.00,,0.00,,0.00,,,,,,,0.00,0.00,,,0.00,0.00,,0.00,,0.00,0.00,,,0.00,0.00,0.00,0.50,,,,,0.00,,,
WQP_USA_2026,USGS-01539455,Surface Water,41.11391667,-76.52797222,,5/12/2023,,EPA 1633,,,ng/L,0.60,0.50,,0.00,0.00,0.40,1.40,0.00,0.00,,,,,,,,,,1.30,0.00,,0.50,,0.00,,,,,,,0.00,0.00,,,0.00,0.00,,0.00,,0.00,0.00,,,0.00,0.00,0.00,0.00,,,,,0.00,,,
WQP_USA_2026,USGS-01539455,Surface Water,41.11391667,-76.52797222,,8/17/2023,,EPA 1633,,,ng/L,0.70,0.50,,0.00,0.00,0.00,0.70,0.00,0.00,,,,,,,,,,,0.00,,0.00,,0.00,,,,,,,0.00,0.00,,,0.00,0.00,,0.00,,0.00,0.00,,,0.00,0.00,0.00,0.00,,,,,0.00,,,
WQP_USA_2026,USGS-015400021,Surface Water,40.99361111,-76.47583333,,9/19/2019,,EPA 1633,,,ng/L,0.80,1.70,,,,,0.80,,,,,,,,,,,,,,,,,,,,,,,,,,,,,,,,,,,,,,,,,,,,,,,,
WQP_USA_2026,USGS-01540500,Surface Water,40.95814218,-76.61912225,,9/11/2019,,EPA 1633,,,ng/L,1.20,1.10,,,,,1.70,,,,,,,,,,,,2.00,,,1.20,,,,,,,,,,,,,,,,,,,,,,,,,,,,,,,,,
WQP_USA_2026,USGS-01541500,Surface Water,40.97172406,-78.40585327,,9/10/2019,,EPA 1633,,,ng/L,1.10,,,,,,,,,,,,,,,,,,,,,,,,,,,,,,,,,,,,,,,,,,,,,,,,,,,,,,
WQP_USA_2026,USGS-01542500,Surface Water,41.11755906,-78.10889601,,9/16/2019,,EPA 1633,,,ng/L,1.20,,,,,,1.00,,,,,,,,,,,,,,,,,,,,,,,,,,,,,,,,,,,,,,,,,,,,,,,,
WQP_USA_2026,USGS-01543000,Surface Water,41.41333985,-78.19692445,,9/17/2019,,EPA 1633,,,ng/L,1.20,,,,,,,,,,,,,,,,,,,,,,,,,,,,,,,,,,,,,,,,,,,,,,,,,,,,,,
WQP_USA_2026,USGS-01546500,Surface Water,40.88978334,-77.79416801,,9/17/2019,,EPA 1633,,,ng/L,2.30,2.60,,,,2.20,3.20,0.90,,,,,,,,,,,6.40,,3.40,1.90,,,,,,,,,,,,,,,,,,,,,,,,,,,,,,,,,
WQP_USA_2026,USGS-01547400,Surface Water,40.97533846,-77.74277973,,9/12/2019,,EPA 1633,,,ng/L,2.00,1.90,,,,2.00,2.80,1.00,,,,,,,,,,,4.90,,3.60,1.30,,,,,,,,,,,,,,,,,,,,,,,,,,,,,,,,,
WQP_USA_2026,USGS-01547950,Surface Water,41.1117307,-77.70221586,,9/10/2019,,EPA 1633,,,ng/L,0.90,,,,,,,,,,,,,,,,,,,,,,,,,,,,,,,,,,,,,,,,,,,,,,,,,,,,,,
WQP_USA_2026,USGS-01547980,Surface Water,41.07478751,-77.59138056,,9/10/2019,,EPA 1633,,,ng/L,1.10,,,,,,,,,,,,,,,,,,,,,,,,,,,,,,,,,,,,,,,,,,,,,,,,,,,,,,
WQP_USA_2026,USGS-01548085,Surface Water,41.12479117,-77.43553718,,9/16/2019,,EPA 1633,,,ng/L,1.40,1.80,,,,1.00,1.70,,,,,,,,,,,,2.10,,,,,,,,,,,,,,,,,,,,,,,,,,,,,,,,,,,,
WQP_USA_2026,USGS-01549760,Surface Water,41.20222816,-77.25106097,,9/16/2019,,EPA 1633,,,ng/L,,0.90,,,,,0.80,,,,,,,,,,,,,,,,,,,,,,,,,,,,,,,,,,,,,,,,,,,,,,,,
WQP_USA_2026,USGS-015499068,Surface Water,41.50388889,-76.93916667,,9/17/2019,,EPA 1633,,,ng/L,,,,,,,,,,,,25.00,,,,,,,,,,,,,,,,,,,,,,,,,,,,,,,,,,,,,,,,,,,
WQP_USA_2026,USGS-01551500,Surface Water,41.23611599,-76.996608,,9/5/2019,,EPA 1633,,,ng/L,0.90,,,,,,1.10,,,,,14.00,,,,,,,,,,,,,,,,,,,,,,,,,,,,,,,,,,,,,,,,,,,
WQP_USA_2026,USGS-01553500,Surface Water,40.96750719,-76.87632766,,9/11/2019,,EPA 1633,,,ng/L,1.10,,,,,,1.40,,,,,,,,,,,,1.70,,,,,,,,,,,,,,,,,,,,,,,,,,,,,,,,,,,,
WQP_USA_2026,USGS-01553850,Surface Water,40.97444444,-76.8,,9/18/2019,,EPA 1633,,,ng/L,1.00,,,,,,0.90,,,,,,,,,,,,,,,,,,,,,,,,,,,,,,,,,,,,,,,,,,,,,,,,
WQP_USA_2026,USGS-01553990,Surface Water,40.85278592,-76.80243694,,9/16/2019,,EPA 1633,,,ng/L,1.40,,,,,,1.80,,,,,,,,,,,,2.10,,3.30,1.10,,,,,,,,,,,,,,,,,,,,,,,,,,,,,,,,,
WQP_USA_2026,USGS-01555210,Surface Water,40.77480686,-76.86941709,,9/16/2019,,EPA 1633,,,ng/L,0.90,,,,,,,,,,,,,,,,,,,,,,,,,,,,,,,,,,,,,,,,,,,,,,,,,,,,,,
WQP_USA_2026,USGS-01555500,Surface Water,40.61119589,-76.91191982,,9/12/2019,,EPA 1633,,,ng/L,1.00,,,,,,2.40,,,,,5.50,,,,,,,2.40,,,0.90,,,,,,,,,,,,,,,,,,,,,,,,,,,,,,,,,
WQP_USA_2026,USGS-01555859,Surface Water,40.43055556,-78.36388889,,9/17/2019,,EPA 1633,,,ng/L,3.30,2.60,,,,,5.70,1.30,,,,,,,,,,,9.10,,4.40,4.80,,,,,,,,,,,,,,,,,,,,,,,,,,,,,,,,,
WQP_USA_2026,USGS-01556009,Surface Water,40.47194444,-78.18694444,,9/17/2019,,EPA 1633,,,ng/L,2.50,4.80,,,,1.60,3.80,1.10,,,,,,,,,,,4.60,,,3.80,,,,,,,,,,,,,,,,,,,,,,,,,,,,,,,,,
WQP_USA_2026,USGS-01558000,Surface Water,40.61251438,-78.1405373,,9/17/2019,,EPA 1633,,,ng/L,1.00,3.60,,,,1.50,1.60,,,,,,,,,,,,2.10,,,1.30,,,,,,,,,,,,,,,,,,,,,,,,,,,,,,,,,
WQP_USA_2026,USGS-01562000,Surface Water,40.21585246,-78.2652653,,9/17/2019,,EPA 1633,,,ng/L,,0.90,,,,,0.90,,,,,,,,,,,,,,,,,,,,,,,,,,,,,,,,,,,,,,,,,,,,,,,,
WQP_USA_2026,USGS-01565000,Surface Water,40.65473468,-77.58301892,,9/17/2019,,EPA 1633,,,ng/L,,,,,,,0.80,,,,,,,,,,,,,,,,,,,,,,,,,,,,,,,,,,,,,,,,,,,,,,,,
WQP_USA_2026,USGS-01567000,Surface Water,40.478333,-77.129444,,9/12/2019,,EPA 1633,,,ng/L,0.90,1.80,,,,,1.20,,,,,,,,,,,,1.90,,,1.10,,,,,,,,,,,,,,,,,,,,,,,,,,,,,,,,,
WQP_USA_2026,USGS-01570000,Surface Water,40.252222,-77.021111,,9/12/2019,,EPA 1633,,,ng/L,4.30,10.00,,,,3.10,2.20,1.20,,,,,,,,,,,2.60,,,2.70,,,,,,,,,,,,,,,,,,,,,,,,,,,,,,,,,
WQP_USA_2026,USGS-01570500,Surface Water,40.25473717,-76.88605378,,9/11/2019,,EPA 1633,,,ng/L,0.90,1.10,,,,,0.90,,,,,,,,,,,,,,,,,,,,,,,,,,,,,,,,,,,,,,,,,,,,,,,,
WQP_USA_2026,USGS-01571005,Surface Water,40.306111,-76.855556,,9/10/2019,,EPA 1633,,,ng/L,2.20,3.70,,,,2.30,2.30,1.20,,,,9.50,,,,,,,4.00,,4.10,3.60,,,,,,,,,,,,,,,,,,,,,,,,,,,,,,,,,
WQP_USA_2026,USGS-01571505,Surface Water,40.22430556,-76.86069444,,9/10/2019,,EPA 1633,,,ng/L,1.10,1.60,,,,0.90,1.40,,,,,,,,,,,,1.70,,,1.20,,,,,,,,,,,,,,,,,,,,,,,,,,,,,,,,,
WQP_USA_2026,USGS-01573160,Surface Water,40.34261111,-76.56188889,,9/10/2019,,EPA 1633,,,ng/L,3.80,4.80,,,0.80,1.90,5.00,2.20,,,,,,,,,,,6.70,,4.50,5.50,,,,,,,,,,,,,,,,,,,,,,,,,,,,,,,,,
WQP_USA_2026,USGS-01573560,Surface Water,40.298425,-76.667747,,9/10/2019,,EPA 1633,,,ng/L,3.00,2.70,,,,1.20,4.70,1.70,,,,,,,,,,,5.10,,5.00,3.60,,,,,,,,,,,,,,,,,,,,,,,,,,,,,,,,,
WQP_USA_2026,USGS-01573695,Surface Water,40.19527778,-76.56777778,,9/19/2019,,EPA 1633,,,ng/L,1.40,0.90,,,,,2.20,1.20,,,,,,,,,,,3.50,,3.20,1.20,,,,,,,,,,,,,,,,,,,,,,,,,,,,,,,,,
WQP_USA_2026,USGS-01573710,Surface Water,40.14930556,-76.68775,,9/19/2019,,EPA 1633,,,ng/L,1.60,,,,,,1.80,0.90,,,,,,,,,,,2.60,,,1.80,,,,,,,,,,,,,,,,,,,,,,,,,,,,,,,,,
WQP_USA_2026,USGS-01574000,Surface Water,40.08082205,-76.71805199,,9/9/2019,,EPA 1633,,,ng/L,2.60,1.90,,,,0.90,4.00,1.60,,,,,,,,,,,6.70,,5.50,4.00,,,,,,,,,,,,,,,,,,,,,,,,,,,,,,,,,
WQP_USA_2026,USGS-01575598,Surface Water,40.05222222,-76.65444444,,9/18/2019,,EPA 1633,,,ng/L,4.40,7.80,,,0.80,3.60,7.70,1.90,,,,,,,,,,,12.00,,7.50,4.70,,,,,,,,,,,,,,,,,,,,,,,,,,,,,,,,,
WQP_USA_2026,USGS-01575598,Surface Water,40.05222222,-76.65444444,,10/22/2020,,EPA 537.1,,,ng/L,5.00,6.60,,,,4.10,11.30,,,,,,,,,,,,,,,4.30,,,,,,,,,,,,,,,,,,,,,,,,,,,,,,,,,
WQP_USA_2026,USGS-01575598,Surface Water,40.05222222,-76.65444444,,11/24/2020,,EPA 537.1,,,ng/L,4.50,6.60,,,,3.80,10.60,,,,,,,,,,,,,,,3.70,,,,,,,,,,,,,,,,,,,,,,,,,,,,,,,,,
WQP_USA_2026,USGS-01575598,Surface Water,40.05222222,-76.65444444,,12/14/2020,,EPA 537.1,,,ng/L,,5.40,,,,,10.40,,,,,,,,,,,,,,,4.10,,,,,,,,,,,,,,,,,,,,,,,,,,,,,,,,,
WQP_USA_2026,USGS-01575598,Surface Water,40.05222222,-76.65444444,,1/25/2021,,EPA 537.1,,,ng/L,,4.40,,,,,7.30,,,,,,,,,,,,,,,,,,,,,,,,,,,,,,,,,,,,,,,,,,,,,,,,
WQP_USA_2026,USGS-01575598,Surface Water,40.05222222,-76.65444444,,3/3/2021,,EPA 537.1,,,ng/L,,6.40,,,,4.40,,,,,,,,,,,,,,,,,,,,,,,,,,,,,,,,,,,,,,,,,,,,,,,,,
WQP_USA_2026,USGS-01575598,Surface Water,40.05222222,-76.65444444,,3/22/2021,,EPA 537.1,,,ng/L,,5.10,,,,,6.70,,,,,,,,,,,,,,,,,,,,,,,,,,,,,,,,,,,,,,,,,,,,,,,,
WQP_USA_2026,USGS-01575598,Surface Water,40.05222222,-76.65444444,,4/26/2021,,EPA 537.1,,,ng/L,,4.40,,,,,9.00,,,,,,,,,,,,,,,,,,,,,,,,,,,,,,,,,,,,,,,,,,,,,,,,
WQP_USA_2026,USGS-01575598,Surface Water,40.05222222,-76.65444444,,5/10/2021,,EPA 537.1,,,ng/L,,5.90,,,,,5.30,,,,,,,,,,,,,,,4.30,,,,,,,,,,,,,,,,,,,,,,,,,,,,,,,,,
WQP_USA_2026,USGS-01575598,Surface Water,40.05222222,-76.65444444,,6/16/2021,,EPA 537.1,,,ng/L,5.70,8.10,,,,,10.90,,,,,,,,,,,,,,,5.60,,,,,,,,,,,,,,,,,,,,,,,,,,,,,,,,,
WQP_USA_2026,USGS-01575598,Surface Water,40.05222222,-76.65444444,,7/12/2021,,EPA 537.1,,,ng/L,4.80,10.20,,,,5.60,22.60,,,,,,,,,,,,,,,5.20,,,,,,,,,,,,,,,,,,,,,,,,,,,,,,,,,
WQP_USA_2026,USGS-01575598,Surface Water,40.05222222,-76.65444444,,8/9/2021,,EPA 537.1,,,ng/L,11.10,57.10,,,,53.90,29.00,,,,,,,,,,,,,,,17.40,,,,,,,,,,,,,,,,,,,,,,,,,,,,,,,,,
WQP_USA_2026,USGS-01575598,Surface Water,40.05222222,-76.65444444,,9/9/2021,,EPA 537.1,,,ng/L,4.90,16.70,,,,5.20,4.70,,,,,,,,,,,,,,,4.90,,,,,,,,,,,,,,,,,,,,,,,,,,,,,,,,,
WQP_USA_2026,USGS-01575598,Surface Water,40.05222222,-76.65444444,,10/4/2021,,EPA 537.1,,,ng/L,4.30,19.50,,,,7.20,5.30,,,,,,,,,,,,,,,4.30,,,,,,,,,,,,,,,,,,,,,,,,,,,,,,,,,
WQP_USA_2026,USGS-01575598,Surface Water,40.05222222,-76.65444444,,11/8/2021,,EPA 537.1,,,ng/L,4.10,10.60,,,,4.90,9.30,,,,,,,,,,,,,,,4.40,,,,,,,,,,,,,,,,,,,,,,,,,,,,,,,,,
WQP_USA_2026,USGS-01575598,Surface Water,40.05222222,-76.65444444,,12/6/2021,,EPA 537.1,,,ng/L,3.80,6.10,,,,3.80,10.50,,,,,,,,,,,,,,,3.20,,,,,,,,,,,,,,,,,,,,,,,,,,,,,,,,,
WQP_USA_2026,USGS-01575598,Surface Water,40.05222222,-76.65444444,,3/1/2022,,EPA 537.1,,,ng/L,3.30,5.40,,,,3.50,6.10,1.10,,,,,,,,,,,,,,3.70,,,,,,,,,,,,,,,,,,,,,,,,,,,,,,,,,
WQP_USA_2026,USGS-01575598,Surface Water,40.05222222,-76.65444444,,4/11/2022,,EPA 537.1,,,ng/L,2.80,6.90,,,,4.40,3.70,1.00,,,,,,,,,,,,,,5.00,,,,,,,,,,,,,,,,,,,,,,,,,,,,,,,,,
WQP_USA_2026,USGS-01575598,Surface Water,40.05222222,-76.65444444,,7/19/2022,,EPA 537.1,,,ng/L,4.30,4.60,,,,2.30,6.40,1.90,,,,,,,,,,,,,,8.50,,,,,,,,,,,,,,,,,,,,,,,,,,,,,,,,,
WQP_USA_2026,USGS-01575598,Surface Water,40.05222222,-76.65444444,,8/30/2022,,EPA 1633,,,ng/L,4.30,5.90,,0.00,0.70,2.50,9.10,1.50,0.00,,,,,,,,,,12.00,0.00,13.00,8.50,,0.00,,,,,,,0.00,0.00,,,0.00,0.00,,0.00,,0.00,0.00,,,0.00,0.00,0.00,0.00,,,,,0.00,,,
WQP_USA_2026,USGS-01575598,Surface Water,40.05222222,-76.65444444,,9/27/2022,,EPA 1633,,,ng/L,3.80,4.40,,0.00,0.60,2.20,5.80,1.50,0.00,,,,,,,,,,6.30,0.00,12.00,5.60,,0.00,,,,,,,0.00,0.00,,,0.00,0.00,,0.00,,0.00,0.00,,,0.00,0.00,0.00,0.00,,,,,0.00,,,
WQP_USA_2026,USGS-01575598,Surface Water,40.05222222,-76.65444444,,10/25/2022,,EPA 1633,,,ng/L,4.00,7.70,,0.00,0.40,3.50,6.50,2.00,0.00,,,,,,,,,,8.00,0.40,4.80,6.50,,0.00,,,,,,,0.00,0.00,,,0.00,0.00,,0.00,,0.00,0.00,,,0.00,0.00,0.00,0.00,,,,,0.00,,,
WQP_USA_2026,USGS-01575598,Surface Water,40.05222222,-76.65444444,,11/29/2022,,EPA 1633,,,ng/L,3.20,4.30,,,,2.40,5.70,1.90,,,,,,,,,,,7.00,,4.80,8.30,,,,,,,,,,,,,,,,,,,,,,,,0.00,,,,,,,,,
WQP_USA_2026,USGS-01575598,Surface Water,40.05222222,-76.65444444,,12/19/2022,,EPA 1633,,,ng/L,2.80,5.50,,0.00,0.00,3.60,4.70,1.20,0.00,,,,,,,,,,4.50,0.60,3.20,4.20,,0.00,,,,,,,0.00,0.00,,,0.00,0.00,,0.00,,0.00,0.00,,,0.00,0.00,0.00,0.00,,,,,0.00,,,
WQP_USA_2026,USGS-01575598,Surface Water,40.05222222,-76.65444444,,1/5/2023,,EPA 1633,,,ng/L,2.70,5.30,,0.00,0.00,3.70,3.50,1.20,0.00,,,,,,,,,,4.10,0.60,3.10,4.20,,0.00,,,,,,,0.00,0.00,,,0.00,0.00,,0.00,,0.00,0.00,,,0.00,0.00,0.00,0.60,,,,,0.00,,,
WQP_USA_2026,USGS-01575598,Surface Water,40.05222222,-76.65444444,,2/2/2023,,EPA 1633,,,ng/L,2.40,4.20,,0.00,0.00,3.10,3.60,1.00,0.00,,,,,,,,,,4.30,0.50,2.40,3.80,,0.00,,,,,,,0.00,0.00,,,0.00,0.00,,0.00,,0.00,0.00,,,0.00,0.00,0.00,0.80,,,,,0.00,,,
WQP_USA_2026,USGS-01575598,Surface Water,40.05222222,-76.65444444,,3/2/2023,,EPA 1633,,,ng/L,2.70,4.00,,0.00,0.00,2.80,5.10,1.20,0.00,,,,,,,,,,4.90,0.00,3.10,5.50,,0.00,,,,,,,0.00,0.00,,,0.00,0.00,,0.00,,0.00,0.00,,,0.00,0.00,0.00,0.00,,,,,0.00,,,
WQP_USA_2026,USGS-01575598,Surface Water,40.05222222,-76.65444444,,4/12/2023,,EPA 1633,,,ng/L,3.50,4.90,,0.00,0.00,3.00,8.20,1.30,0.00,,,,,,,,,,6.40,0.60,3.60,6.00,,0.00,,,,,,,0.00,0.00,,,0.00,0.00,,0.00,,0.00,0.00,,,0.00,0.00,0.00,0.50,,,,,0.00,,,
WQP_USA_2026,USGS-01575598,Surface Water,40.05222222,-76.65444444,,5/24/2023,,EPA 1633,,,ng/L,3.60,4.90,,,0.60,2.10,9.00,1.30,,,,2.30,,,,,,,8.10,0.60,4.90,6.70,,,,,,,,,,,,,,,,,,,,,,,,0.00,,,,,,,,,
WQP_USA_2026,USGS-01575598,Surface Water,40.05222222,-76.65444444,,6/28/2023,,EPA 1633,,,ng/L,5.30,5.60,,0.40,0.90,2.10,12.00,2.50,0.00,,,2.80,,,,,,,17.00,0.00,5.90,5.60,,0.00,,,,,,,0.00,0.00,,,0.00,0.00,,0.00,,0.00,0.00,,,0.00,0.00,0.00,0.70,,,,,0.00,,,
WQP_USA_2026,USGS-01575598,Surface Water,40.05222222,-76.65444444,,7/26/2023,,EPA 1633,,,ng/L,4.20,5.90,,0.00,0.80,2.80,7.50,1.60,0.00,,,,,,,,,,10.00,0.50,6.60,7.70,,0.00,,,,,,,0.00,0.00,,,0.00,0.00,,0.00,,0.00,0.00,,,0.00,0.00,0.00,0.70,,,,,0.00,,,
WQP_USA_2026,USGS-01575598,Surface Water,40.05222222,-76.65444444,,8/29/2023,,EPA 1633,,,ng/L,5.50,5.80,,0.40,0.70,2.90,9.80,2.00,0.00,,,,,,,,,,12.00,0.60,8.00,11.00,,0.00,,,,,,,0.00,0.00,,,0.00,0.00,,0.00,,0.00,0.00,,,0.00,0.00,0.00,0.00,,,,,0.00,,,
WQP_USA_2026,USGS-01575598,Surface Water,40.05222222,-76.65444444,,9/13/2023,,EPA 1633,,,ng/L,5.20,6.90,,0.00,0.90,3.50,12.00,2.10,0.00,,,,,,,,,,12.00,0.60,6.80,9.30,,0.00,,,,,,,0.00,0.00,,,0.00,0.00,,0.00,,0.00,0.00,,,0.00,0.00,0.00,0.50,,,,,0.00,,,
WQP_USA_2026,USGS-01575598,Surface Water,40.05222222,-76.65444444,,10/25/2023,,EPA 1633,,,ng/L,4.20,5.40,,0.00,0.60,2.70,12.00,1.50,0.00,,,,,,,,,,10.00,0.50,5.20,8.10,,0.00,,,,,,,0.00,0.00,,,0.00,0.00,,0.00,,0.00,0.00,,,0.00,0.00,0.00,0.00,,,,,0.00,,,
WQP_USA_2026,USGS-01575598,Surface Water,40.05222222,-76.65444444,,11/14/2023,,EPA 1633,,,ng/L,4.50,4.10,,0.00,0.40,2.50,20.00,1.50,0.00,,,,,,,,,,11.00,0.00,6.20,10.00,,0.00,,,,,,,0.00,0.00,,,0.00,0.00,,0.00,,0.00,0.00,,,0.00,0.00,0.00,0.00,,,,,0.00,,,
WQP_USA_2026,USGS-01575598,Surface Water,40.05222222,-76.65444444,,12/4/2023,,EPA 1633,,,ng/L,4.40,4.90,,0.00,0.50,2.60,11.00,1.60,0.00,,,,,,,,,,8.40,0.40,4.90,5.00,,0.00,,,,,,,0.00,0.00,,,0.00,0.00,,0.00,,0.00,0.00,,,0.00,0.00,0.00,0.40,,,,,0.00,,,
WQP_USA_2026,USGS-01575598,Surface Water,40.05222222,-76.65444444,,1/23/2024,,EPA 1633,,,ng/L,3.10,4.60,,,,2.90,5.20,1.00,,,,,,,,,,,3.60,,2.60,3.70,,,,,,,,,,,,,,,,,,,,,,,,0.00,,,,,,,,,
WQP_USA_2026,USGS-01575598,Surface Water,40.05222222,-76.65444444,,2/15/2024,,EPA 1633,,,ng/L,3.20,5.60,,,,3.30,3.80,1.20,,,,,,,,,,,3.40,0.60,3.10,3.70,,,,,,,,,,,,,,,,,,,,,,,,0.00,0.80,,,,,,,,
WQP_USA_2026,USGS-01575598,Surface Water,40.05222222,-76.65444444,,3/18/2024,,EPA 1633,,,ng/L,2.80,4.90,,0.00,0.50,2.90,3.30,1.00,0.00,,,,,,,,,,2.90,0.60,2.40,3.40,,0.00,,,,,,,0.00,0.00,,,0.00,0.00,,0.00,,0.00,0.00,,,0.00,0.00,0.00,0.00,,,,,0.00,,,
WQP_USA_2026,USGS-01575598,Surface Water,40.05222222,-76.65444444,,4/25/2024,,EPA 1633,,,ng/L,2.90,5.20,,,,2.90,4.90,1.20,,,,,,,,,,,3.70,,3.10,3.80,,,,,,,,,,,,,,,,,,,,,,,,0.00,,,,,,,,,
WQP_USA_2026,USGS-01575598,Surface Water,40.05222222,-76.65444444,,5/30/2024,,EPA 1633,,,ng/L,4.90,8.10,,0.70,1.00,2.60,6.20,1.70,0.00,,,,,,,,,,5.70,0.00,4.60,3.60,,,,,,,,,0.00,0.00,,,0.00,0.00,,0.00,,0.00,0.00,,,0.00,0.00,0.00,0.50,,,,,0.00,,,
WQP_USA_2026,USGS-01575598,Surface Water,40.05222222,-76.65444444,,6/25/2024,,EPA 1633,,,ng/L,5.50,5.20,,,0.60,2.70,8.40,1.80,,,,,,,,,,,10.00,,4.20,4.50,,,,,,,,,,,,,,,,,,,,,,,,0.00,2.40,,,,,,,,
WQP_USA_2026,USGS-01575598,Surface Water,40.05222222,-76.65444444,,7/25/2024,,EPA 1633,,,ng/L,4.30,5.00,,0.00,0.60,2.20,18.00,1.90,0.00,,,,,,,,,,12.00,,6.20,3.70,,,,,,,,,0.00,0.00,,,0.00,0.00,,0.00,,0.00,0.00,,,0.00,0.00,0.00,0.00,,,,,0.00,,,
WQP_USA_2026,USGS-01575598,Surface Water,40.05222222,-76.65444444,,8/21/2024,,EPA 1633,,,ng/L,5.60,5.70,,,0.80,3.30,9.20,2.20,,,,,,,,,,,11.00,0.50,7.50,7.90,,,,,,,,,,,,,,,,,,,,,,,,0.00,,,,,,,,,
WQP_USA_2026,USGS-01575598,Surface Water,40.05222222,-76.65444444,,9/18/2024,,EPA 1633,,,ng/L,4.40,4.00,,,0.60,2.80,8.90,1.40,,,,,,,,,,,10.00,,6.50,8.00,,,,,,,,,,,,,,,,,,,,,,,,0.00,,,,,,,,,
WQP_USA_2026,USGS-01575598,Surface Water,40.05222222,-76.65444444,,10/10/2024,,EPA 1633,,,ng/L,3.40,4.00,,0.00,0.60,2.40,7.90,1.40,0.00,,,,,,,,,,9.50,0.00,5.00,4.70,,0.00,,,,,,,0.00,0.00,,,0.00,0.00,,0.00,,0.00,0.00,,,0.00,0.00,0.00,0.60,,,,,0.00,,,
WQP_USA_2026,USGS-01575598,Surface Water,40.05222222,-76.65444444,,11/19/2024,,EPA 1633,,,ng/L,3.70,3.10,,0.00,0.40,1.80,9.90,1.50,0.00,,,,,,,,,,9.00,0.00,5.00,4.10,,0.00,,,,,,,0.00,0.00,,,0.00,0.00,,0.00,,0.00,0.00,,,0.00,0.00,0.00,0.00,,,,,0.00,,,
WQP_USA_2026,USGS-01575598,Surface Water,40.05222222,-76.65444444,,12/10/2024,,EPA 1633,,,ng/L,4.00,4.90,,0.00,0.60,2.20,9.70,1.40,0.00,,,,,,,,,,8.40,0.00,5.80,5.00,,0.00,,,,,,,0.00,0.00,,,0.00,0.00,,0.00,,0.00,0.00,,,0.00,0.00,0.00,0.00,,,,,0.00,,,
WQP_USA_2026,USGS-01575598,Surface Water,40.05222222,-76.65444444,,1/14/2025,,EPA 1633,,,ng/L,2.60,12.00,,,,2.40,5.40,1.30,,,,,,,,,,,6.00,,3.70,4.40,,,,,,,,,,,,,,,,,,,,,,,,0.00,0.70,,,,,,,,
WQP_USA_2026,USGS-01575598,Surface Water,40.05222222,-76.65444444,,2/25/2025,,EPA 1633,,,ng/L,3.10,14.00,,,,3.20,5.30,1.20,,,,,,,,,,,5.10,,3.60,4.40,,,,,,,,,,,,,,,,,,,,,,,,0.00,,,,,,,,,
WQP_USA_2026,USGS-01575598,Surface Water,40.05222222,-76.65444444,,3/27/2025,,EPA 1633,,,ng/L,3.10,10.00,,0.00,0.00,2.80,7.30,1.20,0.00,,,,,,,,,,6.50,0.00,3.50,4.50,,0.00,,,,,,,0.00,0.00,,,0.00,0.00,,0.00,,0.00,0.00,,,0.00,0.00,0.00,0.00,,,,,0.00,,,
WQP_USA_2026,USGS-01575598,Surface Water,40.05222222,-76.65444444,,4/15/2025,,EPA 1633,,,ng/L,3.10,12.00,,,,4.10,5.10,1.50,,,,,,,,,,,5.50,0.50,3.80,4.30,,,,,,,,,,,,,,,,,,,,,,,,0.00,,,,,,,,,
WQP_USA_2026,USGS-01575900,Surface Water,40.06287451,-76.5155214,,9/18/2019,,EPA 1633,,,ng/L,3.50,2.10,,,,1.20,3.90,1.70,,,,,,,,,,,6.30,,4.90,4.10,,,,,,,,,,,,,,,,,,,,,,,,,,,,,,,,,
WQP_USA_2026,USGS-01576003,Surface Water,40.02843081,-76.51774321,,9/10/2019,,EPA 1633,,,ng/L,1.50,2.00,,,,,2.00,0.90,,,,,,,,,,,2.20,,,1.20,,,,,,,,,,,,,,,,,,,,,,,,,,,,,,,,,
WQP_USA_2026,USGS-015765195,Surface Water,39.99593611,-76.26403889,,9/19/2019,,EPA 1633,,,ng/L,1.40,1.20,,,,0.80,3.40,1.60,,,,,,,,,,,5.10,,3.70,1.80,,,,,,,,,,,,,,,,,,,,,,,,,,,,,,,,,
WQP_USA_2026,USGS-01576754,Surface Water,39.94648862,-76.36773881,,9/9/2019,,EPA 1633,,,ng/L,7.20,3.30,,1.00,1.30,2.00,9.50,3.20,,,,,,,,,,,11.00,,9.20,4.40,,,,,,,,,,,,,,,,,,,,,,,,,,,,,,,,,
WQP_USA_2026,USGS-01576767,Surface Water,40.00916667,-76.16222222,,9/19/2019,,EPA 1633,,,ng/L,0.80,,,,,,0.90,,,,,,,,,,,,,,,,,,,,,,,,,,,,,,,,,,,,,,,,,,,,,,,,
WQP_USA_2026,USGS-01576787,Surface Water,39.905933,-76.328292,,9/9/2019,,EPA 1633,,,ng/L,1.30,1.00,,,,,1.30,,,,,,,,,,,,1.90,,,1.60,,,,,,,,,,,,,,,,,,,,,,,,,,,,,,,,,
WQP_USA_2026,USGS-01577500,Surface Water,39.77260378,-76.31579192,,9/18/2019,,EPA 1633,,,ng/L,1.30,,,,,,2.00,1.10,,,,11.00,,,,,,,2.00,,,5.20,,,,,,,,,,,,,,,,,,,,,,,,,,,,,,,,,
WQP_USA_2026,USGS-01578347,Surface Water,39.88288359,-75.99161536,,11/29/2022,,EPA 1633,,,ng/L,1.50,0.80,,,,0.50,1.50,0.70,,,,,,,,,,,1.80,,2.60,1.60,,,,,,,,,,,,,,,,,,,,,,,,0.00,,,,,,,,,
WQP_USA_2026,USGS-01578475,Surface Water,39.70677461,-76.11522855,,9/9/2019,,EPA 1633,,,ng/L,4.00,0.90,,,,0.90,3.90,2.40,,,,17.00,,,,,,,4.40,,5.00,4.10,,,,,,,,,,,,,,,,,,,,,,,,,,,,,,,,,
WQP_USA_2026,USGS-01610140,Surface Water,39.7325,-78.34638889,,9/16/2019,,EPA 1633,,,ng/L,1.10,,,,,,,,,,,,,,,,,,,,,,,,,,,,,,,,,,,,,,,,,,,,,,,,,,,,,,
WQP_USA_2026,USGS-01610195,Surface Water,39.04277778,-78.79777778,,10/20/2020,,Undisclosed,,,ng/L,7.00,,,,,,,,,,,,,,,,,,2.50,,,,,,,,,,,,,,,,,,,,,,,,,,,,,,,,,,,,
WQP_USA_2026,USGS-01610195,Surface Water,39.04277778,-78.79777778,,10/24/2022,,Unnamed_SPE+LCMS/MS,,,ng/L,2.40,,,,,,,2.20,,,,,,,,,,,,,,,,,,,,,,,,,,,,,,,,,,,,,,,,,,,,,,,
WQP_USA_2026,USGS-01618000,Surface Water,39.434722,-77.801389,,11/18/2020,,Undisclosed,,,ng/L,2.10,,,,,,,,,2.70,,,,,,,,,1.60,,1.70,1.00,,,,,,,,,,,,,,,,,,,,,,,,,,,,,,,,,
WQP_USA_2026,USGS-0208524845,Surface Water,36.115,-78.86916667,,2/27/2025,,Unnamed_SPE+LCMS/MS,,,ng/L,2.50,4.20,,,,,,,,,,,,,,,,,,,,7.00,,,,,,,,,,,,,,,,,,,,,,,,,,,,,,,,,
WQP_USA_2026,USGS-02086490,Surface Water,36.15083333,-78.83,,2/27/2025,,Unnamed_SPE+LCMS/MS,,,ng/L,,1.80,,,,,,,,,,,,,,,,,,,,2.80,,,,,,,,,,,,,,,,,,,,,,,,,,,,,,,,,
WQP_USA_2026,USGS-02096960,Surface Water,35.76527778,-79.13583333,,3/6/2025,,Unnamed_SPE+LCMS/MS,,,ng/L,12.00,16.00,,,,4.90,10.00,5.80,,,,,,,,,,,9.50,1.40,5.50,14.00,,,,,,,,,,,,,,,,,,,,,,,,,,,,,,,,,
WQP_USA_2026,USGS-0209699999,Surface Water,35.70527778,-79.08444444,,10/30/2024,,Unnamed_SPE+LCMS/MS,,,ng/L,12.00,22.00,,,1.10,5.60,10.00,6.50,,,,,,,,,,,14.00,1.70,6.70,7.90,,,,,,,,,,,,,,,,,,,,,,,,,,,,,,,,,
WQP_USA_2026,USGS-02097314,Surface Water,35.885,-78.96527778,,3/6/2025,,Unnamed_SPE+LCMS/MS,,,ng/L,2.70,4.30,,,,,3.70,1.60,,,,,,,,,,,3.60,,4.40,5.30,,,,,,,,,,,,,,,,,,,,,,,,,,,,,,,,,
WQP_USA_2026,USGS-0209768310,Surface Water,35.79888889,-79.00583333,,10/30/2024,,Unnamed_SPE+LCMS/MS,,,ng/L,3.30,6.40,,,,1.50,4.10,2.00,,,,,,,,,,,5.30,,5.20,6.00,,,,,,,,,,,,,,,,,,,,,,,,,,,,,,,,,
WQP_USA_2026,USGS-0209782609,Surface Water,35.76027778,-78.92027778,,2/7/2025,,Unnamed_SPE+LCMS/MS,,,ng/L,2.20,2.20,,,,,2.20,1.20,,,,,,,,,,,2.60,,3.80,3.10,,,,,,,,,,,,,,,,,,,,,,,,,,,,,,,,,
WQP_USA_2026,USGS-0209799150,Surface Water,35.74166667,-79.01916667,,10/29/2024,,Unnamed_SPE+LCMS/MS,,,ng/L,4.00,8.20,,,,1.80,5.10,2.70,1.70,,,,,,,,,,6.70,,6.20,5.30,,,,,,,,,,,,,,,,,,,,,,,,,,,,,,,,,
WQP_USA_2026,USGS-0209801100,Surface Water,35.7275,-79.04277778,,10/29/2024,,Unnamed_SPE+LCMS/MS,,,ng/L,5.20,11.00,,,,2.20,5.40,3.00,,,,,,,,,,,7.00,,5.90,6.00,,,,,,,,,,,,,,,,,,,,,,,,,,,,,,,,,
WQP_USA_2026,USGS-02098198,Surface Water,35.64944444,-79.06555556,,3/10/2025,,Unnamed_SPE+LCMS/MS,,,ng/L,7.40,13.00,,,,3.20,5.40,3.60,,,,,,,,,,,5.70,,4.20,7.60,,,,,,,,,,,,,,,,,,,,,,,,,,,,,,,,,
WQP_USA_2026,USGS-03007800,Surface Water,41.81867578,-78.29279129,,9/12/2019,,EPA 1633,,,ng/L,,,,,,,,,,,,,,,,,,,,,,1.50,,,,,,,,,,,,,,,,,,,,,,,,,,,,,,,,,
WQP_USA_2026,USGS-03010500,Surface Water,41.96339803,-78.38612867,,9/12/2019,,EPA 1633,,,ng/L,,3.10,,,,1.40,0.90,,,,,,,,,,,,,,,1.40,,,,,,,,,,,,,,,,,,,,,,,,,,,,,,,,,
WQP_USA_2026,USGS-030109570,Surface Water,41.98816667,-78.62502778,,12/1/2022,,EPA 1633,,,ng/L,0.00,0.70,,0.00,0.00,0.00,0.50,0.40,0.00,,,,,,,,,,,0.00,,0.00,,0.00,,,,,,,0.00,0.00,,,0.00,0.00,,0.00,,0.00,0.00,,,0.00,0.00,0.00,0.00,,,,,0.00,,,
WQP_USA_2026,USGS-030109570,Surface Water,41.98816667,-78.62502778,,3/14/2023,,EPA 1633,,,ng/L,0.70,0.80,,0.00,0.00,0.00,0.70,0.60,0.00,,,,,,,,,,1.00,0.00,,0.00,,0.00,,,,,,,0.00,0.00,,,0.00,0.00,,0.00,,0.00,0.00,,,0.00,0.00,0.00,0.00,,,,,0.00,,,
WQP_USA_2026,USGS-030109570,Surface Water,41.98816667,-78.62502778,,5/11/2023,,EPA 1633,,,ng/L,1.30,1.60,,0.00,0.00,0.00,0.90,0.70,0.00,,,,,,,,,,1.30,0.00,,0.00,,0.00,,,,,,,0.00,0.00,,,0.00,0.00,,0.00,,0.00,0.00,,,0.00,0.00,0.00,0.90,,,,,0.00,,,
WQP_USA_2026,USGS-030109570,Surface Water,41.98816667,-78.62502778,,8/16/2023,,EPA 1633,,,ng/L,1.60,1.90,,0.00,0.60,0.00,1.40,1.00,0.00,,,,,,,,,,2.20,0.00,2.00,0.50,,0.00,,,,,,,0.00,0.00,,,0.00,0.00,,0.00,,0.00,0.00,,,0.00,0.00,0.00,0.00,,,,,0.00,,,
WQP_USA_2026,USGS-030109575,Surface Water,41.98872222,-78.62502778,,12/1/2022,,EPA 1633,,,ng/L,0.70,0.80,,0.00,0.00,0.00,0.70,0.00,0.00,,,,,,,,,,,0.00,,0.00,,0.00,,,,,,,0.00,0.00,,,0.00,0.00,,0.00,,0.00,0.00,,,0.00,0.00,0.00,0.40,,,,,0.00,,,
WQP_USA_2026,USGS-030109575,Surface Water,41.98872222,-78.62502778,,3/14/2023,,EPA 1633,,,ng/L,0.70,0.90,,0.00,0.00,0.00,0.80,0.60,0.00,,,,,,,,,,1.20,0.00,,0.00,,0.00,,,,,,,0.00,0.00,,,0.00,0.00,,0.00,,0.00,0.00,,,0.00,0.00,0.00,0.00,,,,,0.00,,,
WQP_USA_2026,USGS-030109575,Surface Water,41.98872222,-78.62502778,,5/11/2023,,EPA 1633,,,ng/L,1.40,1.80,,0.00,0.50,0.00,1.10,0.70,0.00,,,,,,,,,,1.30,0.00,,0.00,,0.00,,,,,,,0.00,0.00,,,0.00,0.00,,0.00,,0.00,0.00,,,0.00,0.00,0.00,0.40,,,,,0.00,,,
WQP_USA_2026,USGS-030109575,Surface Water,41.98872222,-78.62502778,,8/16/2023,,EPA 1633,,,ng/L,1.80,2.00,,0.00,0.60,0.00,1.50,1.10,0.00,,,,,,,,,,2.50,0.00,2.20,0.60,,0.00,,,,,,,0.00,0.00,,,0.00,0.00,,0.00,,0.00,0.00,,,0.00,0.00,0.00,0.00,,,,,0.00,,,
WQP_USA_2026,USGS-03010958,Surface Water,41.97700763,-78.62474909,,9/12/2019,,EPA 1633,,,ng/L,1.80,1.90,,,,,5.40,1.30,,,,5.80,,,,,,,10.00,,4.10,,,,,,,,,,,,,,,,,,,,,,,,,,,,,,,,,,
WQP_USA_2026,USGS-03015000,Surface Water,41.9381145,-79.13310104,,9/11/2019,,EPA 1633,,,ng/L,2.20,,,,,,2.60,1.10,,,,,,,,,,,2.20,,3.20,2.50,,,,,,,,,,,,,,,,,,,,,,,,,,,,,,,,,
WQP_USA_2026,USGS-03016000,Surface Water,41.57089492,-79.40782433,,9/11/2019,,EPA 1633,,,ng/L,0.90,,,,,,,,,,,,,,,,,,,,,,,,,,,,,,,,,,,,,,,,,,,,,,,,,,,,,,
WQP_USA_2026,USGS-03017500,Surface Water,41.60200599,-79.05003923,,9/11/2019,,EPA 1633,,,ng/L,0.80,,,,,,,,,,,,,,,,,,,,,,,,,,,,,,,,,,,,,,,,,,,,,,,,,,,,,,
WQP_USA_2026,USGS-03020500,Surface Water,41.4817261,-79.69533043,,9/12/2019,,EPA 1633,,,ng/L,,0.90,,,,,,,,,,,,,,,,,,,,,,,,,,,,,,,,,,,,,,,,,,,,,,,,,,,,,
WQP_USA_2026,USGS-03023330,Surface Water,41.58922097,-80.15006029,,9/11/2019,,EPA 1633,,,ng/L,1.20,,,,,,0.90,,,,,,,,,,,,,,,,,,,,,,,,,,,,,,,,,,,,,,,,,,,,,,,,
WQP_USA_2026,USGS-03025490,Surface Water,41.40172462,-79.83144368,,9/12/2019,,EPA 1633,,,ng/L,0.90,,,,,,,,,,,,,,,,,,,,,,,,,,,,,,,,,,,,,,,,,,,,,,,,,,,,,,
WQP_USA_2026,USGS-03026175,Surface Water,41.2642262,-79.84116449,,9/12/2019,,EPA 1633,,,ng/L,2.80,9.70,,,,,0.90,,,,,,,,,,,,,,,,,,,,,,,,,,,,,,,,,,,,,,,,,,,,,,,,
WQP_USA_2026,USGS-03029500,Surface Water,41.33061892,-79.20892984,,9/10/2019,,EPA 1633,,,ng/L,1.00,,,,,,1.60,,,,,7.70,,,,,,,,,,1.80,,,,,,,,,,,,,,,,,,,,,,,,,,,,,,,,,
WQP_USA_2026,USGS-03030515,Surface Water,41.17006251,-79.47226776,,9/9/2019,,EPA 1633,,,ng/L,1.20,,,,,,1.20,,,,,,,,,,,,,,,1.10,,,,,,,,,,,,,,,,,,,,,,,,,,,,,,,,,
WQP_USA_2026,USGS-03030852,Surface Water,41.1297847,-79.55421341,,9/10/2019,,EPA 1633,,,ng/L,1.10,,,,,,1.20,,,,,,,,,,,,,,,0.90,,,,,,,,,,,,,,,,,,,,,,,,,,,,,,,,,
WQP_USA_2026,USGS-03032500,Surface Water,40.99450931,-79.39420881,,9/10/2019,,EPA 1633,,,ng/L,1.20,,,,,,0.90,,,,,,,,,,,,,,,,,,,,,,,,,,,,,,,,,,,,,,,,,,,,,,,,
WQP_USA_2026,USGS-03036000,Surface Water,40.92756532,-79.29115083,,9/9/2019,,EPA 1633,,,ng/L,0.90,,,,0.90,,,,,,,,,,,,,,,,,,,,,,,,,,,,,,,,,,,,,,,,,,,,,,,,,,
WQP_USA_2026,USGS-03036500,Surface Water,40.82034197,-79.53143404,,9/9/2019,,EPA 1633,,,ng/L,1.30,,,,,,0.80,,,,,,,,,,,,,,,,,,,,,,,,,,,,,,,,,,,,,,,,,,,,,,,,
WQP_USA_2026,USGS-03039815,Surface Water,40.1484112,-78.81724393,,9/16/2019,,EPA 1633,,,ng/L,1.10,,,,,,,,,,,,,,,,,,,,,,,,,,,,,,,,,,,,,,,,,,,,,,,,,,,,,,
WQP_USA_2026,USGS-03044000,Surface Water,40.45451171,-79.39087237,,9/9/2019,,EPA 1633,,,ng/L,2.00,1.50,,,,,1.90,0.80,,,,,,,,,,,1.80,,,3.10,,,,,,,,,,,,,,,,,,,,,,,,,,,,,,,,,
WQP_USA_2026,USGS-03049652,Surface Water,40.52756794,-79.8472722,,9/3/2019,,EPA 1633,,,ng/L,2.20,1.30,,,,,1.50,1.20,,,,,,,,,,,1.80,,3.80,1.30,,,,,,,,,,,,,,,,,,,,,,,,,,,,,,,,,
WQP_USA_2026,USGS-03049930,Surface Water,38.59833333,-80.06111111,,11/4/2020,,Undisclosed,,,ng/L,3.40,,,,,,,,,,,,,,,,,,,,,,,,,,,,,,,,,,,,,,,,,,,,,,,,,,,,,,
WQP_USA_2026,USGS-03050400,Surface Water,38.91677326,-79.84506802,,11/4/2020,,Undisclosed,,,ng/L,2.90,,,,,,,,,,,,,,,,,,2.20,,,,,,,,,,,,,,,,,,,,,,,,,,,,,,,,,,,,
WQP_USA_2026,USGS-03063000,Surface Water,39.72697315,-79.91143163,,9/17/2019,,EPA 1633,,,ng/L,3.10,1.60,,,,,2.10,1.00,,,,,,,,,,,2.60,,,,,,,,,,,,,,,,,,,,,,,,,,,,,,,,,,,,
WQP_USA_2026,USGS-03072000,Surface Water,39.75924493,-79.9706152,,9/25/2019,,EPA 1633,,,ng/L,2.20,1.10,,,,,0.80,,,,,,,,,,,,,,,,,,,,,,,,,,,,,,,,,,,,,,,,,,,,,,,,
WQP_USA_2026,USGS-03072655,Surface Water,39.82502752,-79.92282055,,9/17/2019,,EPA 1633,,,ng/L,2.80,1.60,,,,,1.90,0.90,,,,,,,,,,,2.60,,3.20,1.00,,,,,,,,,,,,,,,,,,,,,,,,,,,,,,,,,
WQP_USA_2026,USGS-03072700,Surface Water,39.8022995,-80.11700852,,9/24/2019,,EPA 1633,,,ng/L,2.60,,,,,,1.00,,,,,,,,,,,,,,,,,,,,,,,,,,,,,,,,,,,,,,,,,,,,,,,,
WQP_USA_2026,USGS-03072845,Surface Water,39.9750741,-80.0414437,,9/24/2019,,EPA 1633,,,ng/L,1.90,1.20,,,,,,,,,,,,,,,,,,,3.30,,,,,,,,,,,,,,,,,,,,,,,,,,,,,,,,,,
WQP_USA_2026,USGS-03072859,Surface Water,39.85318056,-80.33089167,,9/23/2019,,EPA 1633,,,ng/L,1.10,,,,,,,,,,,,,,,,,,,,,,,,,,,,,,,,,,,,,,,,,,,,,,,,,,,,,,
WQP_USA_2026,USGS-03073000,Surface Water,39.92313056,-80.07255796,,9/24/2019,,EPA 1633,,,ng/L,3.40,1.90,,,,,2.50,0.90,,,,,,,,,,,4.50,,3.50,2.20,,,,,,,,,,,,,,,,,,,,,,,,,,,,,,,,,
WQP_USA_2026,USGS-03075001,Surface Water,40.152017,-79.904214,,9/5/2019,,EPA 1633,,,ng/L,1.90,,,,,,2.10,,,,,,,,,,,,2.50,,,1.00,,,,,,,,,,,,,,,,,,,,,,,,,,,,,,,,,
WQP_USA_2026,USGS-03075070,Surface Water,40.26224454,-79.90115167,,9/17/2019,,EPA 1633,,,ng/L,2.40,2.40,,,,,2.40,1.00,,,,,,,,,,,3.20,,3.10,0.80,,,,,,,,,,,,,,,,,,,,,,,,,,,,,,,,,
WQP_USA_2026,USGS-030750830,Surface Water,40.28558333,-79.98969444,,12/5/2022,,EPA 1633,,,ng/L,2.10,2.10,,0.00,2.50,1.00,1.20,0.80,0.00,,,,,,,,,,1.80,0.00,2.50,3.50,,0.00,,,,,,,0.00,0.00,,,0.00,0.00,,0.00,,0.00,0.00,,,0.00,0.00,0.00,0.00,,,,,0.00,,,
WQP_USA_2026,USGS-030750830,Surface Water,40.28558333,-79.98969444,,3/17/2023,,EPA 1633,,,ng/L,2.60,2.70,,0.60,5.40,1.10,1.30,0.70,0.00,,,,,,,,,,1.90,0.00,2.10,2.40,,0.00,,,,,,,0.00,0.00,,,0.00,0.00,,0.00,,0.00,0.00,,,0.00,0.00,0.00,0.90,,,,,0.00,,,
WQP_USA_2026,USGS-030750830,Surface Water,40.28558333,-79.98969444,,5/15/2023,,EPA 1633,,,ng/L,3.90,2.40,,0.40,2.20,0.80,3.30,1.70,0.00,,,,,,,,,,4.30,0.00,4.10,3.00,,0.00,,,,,,,0.00,0.00,,,0.00,0.00,,0.00,,0.00,0.00,,,0.00,0.00,0.00,0.70,,,,,0.00,,,
WQP_USA_2026,USGS-030750830,Surface Water,40.28558333,-79.98969444,,8/18/2023,,EPA 1633,,,ng/L,4.90,5.20,,0.60,1.10,1.30,4.00,2.30,0.00,,,,,,,,,,5.70,0.00,6.70,4.90,,0.00,,,,,,,0.00,0.00,,,0.00,0.00,,0.00,,0.00,0.00,,,0.00,0.00,0.00,0.50,,,,,0.00,,,
WQP_USA_2026,USGS-030750835,Surface Water,40.28508333,-79.98952778,,12/5/2022,,EPA 1633,,,ng/L,5.80,3.70,,1.00,1.70,2.30,9.20,1.70,,,,,,,,14.00,,,6.60,,6.30,11.00,,,,,,,,,,,,,1.50,,,0.90,,,,,,,,0.00,,,,,,,,,
WQP_USA_2026,USGS-030750835,Surface Water,40.28508333,-79.98952778,,3/17/2023,,EPA 1633,,,ng/L,7.60,3.10,,1.20,2.40,2.90,13.00,2.30,,,,,,,,24.70,,,7.50,,8.40,11.00,,,,,,,,,,,,,1.70,,,0.60,,,,,,,,0.00,,,,,,,,,
WQP_USA_2026,USGS-030750835,Surface Water,40.28508333,-79.98952778,,5/15/2023,,EPA 1633,,,ng/L,5.60,3.50,,1.50,2.00,1.60,8.80,2.10,0.00,,,,,,,36.00,,,9.20,0.00,7.90,9.20,,0.00,,,,,,,0.00,0.00,,,1.60,0.00,,0.50,,0.00,0.00,,,0.00,0.00,0.00,0.00,,,,,0.00,,,
WQP_USA_2026,USGS-030750835,Surface Water,40.28508333,-79.98952778,,8/18/2023,,EPA 1633,,,ng/L,12.00,8.60,,1.90,1.90,3.10,14.00,4.00,0.00,,,,,,,34.70,,,12.00,0.00,13.00,13.00,,0.00,,,,,,,0.00,0.00,,,1.60,0.00,,0.70,,0.00,0.00,,,0.00,0.00,0.00,0.00,,,,,0.00,,,
WQP_USA_2026,USGS-03077500,Surface Water,39.80535485,-79.36420187,,9/23/2019,,EPA 1633,,,ng/L,1.30,,,,,,,,,,,12.00,,,,,,,,,,,,,,,,,,,,,,,,,,,,,,,,,,,,,,,,,,,
WQP_USA_2026,USGS-03078020,Surface Water,39.7323047,-79.1005835,,9/23/2019,,EPA 1633,,,ng/L,1.20,,,,,,,,,,,,,,,,,,,,,,,,,,,,,,,,,,,,,,,,,,,,,,,,,,,,,,
WQP_USA_2026,USGS-03083500,Surface Water,40.24022222,-79.80669444,,9/4/2019,,EPA 1633,,,ng/L,1.60,1.10,,,,,1.10,,,,,,,,,,,,,,,0.90,,,,,,,,,,,,,,,,,,,,,,,,,,,,,,,,,
WQP_USA_2026,USGS-03085000,Surface Water,40.39113189,-79.85809426,,9/17/2019,,EPA 1633,,,ng/L,1.80,1.40,,,,,2.00,,,,,,,,,,,,2.50,,,1.20,,,,,,,,,,,,,,,,,,,,,,,,,,,,,,,,,
WQP_USA_2026,USGS-03086000,Surface Water,40.54918642,-80.20560508,,9/4/2019,,EPA 1633,,,ng/L,2.60,2.30,,,,0.80,2.50,1.20,,,,,,,,,,,3.00,,3.60,1.60,,,,,,,,,,,,,,,,,,,,,,,,,,,,,,,,,
WQP_USA_2026,USGS-03086000,Surface Water,40.54918642,-80.20560508,,6/15/2021,,EPA 537.1,,,ng/L,3.80,,,,,,,,,,,,,,,,,,,,,,,,,,,,,,,,,,,,,,,,,,,,,,,,,,,,,,
WQP_USA_2026,USGS-03086000,Surface Water,40.54918642,-80.20560508,,2/24/2022,,EPA 537.1,,,ng/L,1.10,1.00,,,,,,,,,,,,,,,,,,,,0.60,,,,,,,,,,,,,,,,,,,,,,,,,,,,,,,,,
WQP_USA_2026,USGS-03086000,Surface Water,40.54918642,-80.20560508,,4/20/2022,,EPA 537.1,,,ng/L,1.00,,,,,,,,,,,,,,,,,,,,,1.20,,,,,,,,,,,,,,,,,,,,,,,,,,,,,,,,,
WQP_USA_2026,USGS-03086000,Surface Water,40.54918642,-80.20560508,,6/30/2022,,EPA 537.1,,,ng/L,1.20,1.30,,,,,1.20,,,,,,,,,,,,,,,1.20,,,,,,,,,,,,,,,,,,,,,,,,,,,,,,,,,
WQP_USA_2026,USGS-03086000,Surface Water,40.54918642,-80.20560508,,7/14/2022,,EPA 537.1,,,ng/L,1.80,1.80,,,,0.60,2.00,0.70,,,,,,,,,,,,,,2.20,,,,,,,,,,,,,,,,,,,,,,,,,,0.80,,,,,,,
WQP_USA_2026,USGS-03086000,Surface Water,40.54918642,-80.20560508,,8/30/2022,,EPA 1633,,,ng/L,1.90,1.80,,0.00,0.50,0.60,1.70,0.70,0.00,,,,,,,,,,1.90,0.00,2.50,1.30,,0.00,,,,,,,0.00,0.00,,,0.00,0.00,,0.00,,0.00,0.00,,,0.00,0.00,0.00,0.50,,,,,0.00,,,
WQP_USA_2026,USGS-03086000,Surface Water,40.54918642,-80.20560508,,9/29/2022,,EPA 1633,,,ng/L,1.50,1.80,,0.00,0.00,0.70,1.80,0.70,0.00,,,,,,,,,,1.90,0.00,5.30,1.90,,0.00,,,,,,,0.00,0.00,,,0.00,0.00,,0.00,,0.00,0.00,,,0.00,0.00,0.00,0.00,,,,,0.00,,,
WQP_USA_2026,USGS-03086000,Surface Water,40.54918642,-80.20560508,,10/26/2022,,EPA 1633,,,ng/L,1.50,1.50,,0.00,0.50,0.60,1.40,0.80,0.00,,,,,,,,,,1.80,0.00,2.30,1.20,,0.00,,,,,,,0.00,0.00,,,0.00,0.00,,0.00,,0.00,0.00,,,0.00,0.00,0.00,0.50,,,,,0.00,,,
WQP_USA_2026,USGS-03086000,Surface Water,40.54918642,-80.20560508,,11/15/2022,,EPA 1633,,,ng/L,1.70,1.60,,0.00,0.00,0.00,1.30,0.90,0.00,,,,,,,,,,1.90,0.00,3.10,1.00,,0.00,,,,,,,0.00,0.00,,,0.00,0.00,,0.00,,0.00,0.00,,,0.00,0.00,0.00,0.00,,,,,0.00,,,
WQP_USA_2026,USGS-03086000,Surface Water,40.54918642,-80.20560508,,12/15/2022,,EPA 1633,,,ng/L,0.90,0.80,,0.00,0.00,0.00,0.80,0.00,0.00,,,,,,,,,,1.00,0.00,,0.70,,0.00,,,,,,,0.00,0.00,,,0.00,0.00,,0.00,,0.00,0.00,,,0.00,0.00,0.00,0.00,,,,,0.00,,,
WQP_USA_2026,USGS-03086000,Surface Water,40.54918642,-80.20560508,,1/25/2023,,EPA 1633,,,ng/L,0.50,0.70,,0.00,0.00,0.00,0.60,0.00,0.00,,,,,,,,,,,0.00,,0.50,,0.00,,,,,,,0.00,0.00,,,0.00,0.00,,0.00,,0.00,0.00,,,0.00,0.00,0.00,0.00,,,,,0.00,,,
WQP_USA_2026,USGS-03086000,Surface Water,40.54918642,-80.20560508,,2/7/2023,,EPA 1633,,,ng/L,0.60,0.80,,0.00,0.00,0.00,0.60,0.00,0.00,,,,,,,,,,,0.00,,0.50,,0.00,,,,,,,0.00,0.00,,,0.00,0.00,,0.00,,0.00,0.00,,,0.00,0.00,0.00,0.00,,,,,0.00,,,
WQP_USA_2026,USGS-03086000,Surface Water,40.54918642,-80.20560508,,3/8/2023,,EPA 1633,,,ng/L,0.70,0.70,,0.00,0.00,0.00,0.40,0.00,0.00,,,,,,,,,,,0.00,,0.50,,0.00,,,,,,,0.00,0.00,,,0.00,0.00,,0.00,,0.00,0.00,,,0.00,0.00,0.00,0.00,,,,,0.00,,,
WQP_USA_2026,USGS-03086000,Surface Water,40.54918642,-80.20560508,,4/4/2023,,EPA 1633,,,ng/L,0.70,0.80,,0.00,0.00,0.00,0.40,0.00,0.00,,,,,,,,,,,0.00,,0.00,,0.00,,,,,,,0.00,0.00,,,0.00,0.00,,0.00,,0.00,0.00,,,0.00,0.00,0.00,0.00,,,,,0.00,,,
WQP_USA_2026,USGS-03086000,Surface Water,40.54918642,-80.20560508,,5/9/2023,,EPA 1633,,,ng/L,0.70,0.80,,0.00,0.00,0.00,0.60,0.00,0.00,,,,,,,,,,,0.00,,0.50,,0.00,,,,,,,0.00,0.00,,,0.00,0.00,,0.00,,0.00,0.00,,,0.00,0.00,0.00,0.00,,,,,0.00,,,
WQP_USA_2026,USGS-03086000,Surface Water,40.54918642,-80.20560508,,6/21/2023,,EPA 1633,,,ng/L,1.40,1.50,,,,0.50,1.80,0.70,,,,,,,,,,,1.80,,,1.20,,,,,,,,,,,,,,,,,,,,,,,,0.00,,,,,,,,,
WQP_USA_2026,USGS-03086000,Surface Water,40.54918642,-80.20560508,,7/26/2023,,EPA 1633,,,ng/L,1.90,1.40,,,,0.50,1.70,0.60,,,,1.90,,,,,,,1.80,,2.50,1.20,,,,,,,,,,,,,,,,,,,,,,,,0.00,,,,,,,,,
WQP_USA_2026,USGS-03086000,Surface Water,40.54918642,-80.20560508,,8/29/2023,,EPA 1633,,,ng/L,2.00,1.70,,,,,1.80,0.70,,,,,,,,,,,1.90,,2.50,1.30,,,,,,,,,,,,,,,,,,,,,,,,0.00,,,,,,,,,
WQP_USA_2026,USGS-03086000,Surface Water,40.54918642,-80.20560508,,9/19/2023,,EPA 1633,,,ng/L,1.50,1.50,,,,,1.50,0.50,,,,,,,,,,,1.70,,2.20,1.40,,,,,,,,,,,,,,,,,,,,,,,,0.00,,,,,,,,,
WQP_USA_2026,USGS-03086000,Surface Water,40.54918642,-80.20560508,,10/24/2023,,EPA 1633,,,ng/L,1.40,1.10,,,,,1.40,0.50,,,,,,,,,,,1.40,,,1.20,,,,,,,,,,,,,,,,,,,,,,,,0.00,,,,,,,,,
WQP_USA_2026,USGS-03086000,Surface Water,40.54918642,-80.20560508,,11/29/2023,,EPA 1633,,,ng/L,1.20,0.80,,0.00,0.00,0.00,0.90,0.00,0.00,,,,,,,,,,1.20,0.00,,0.80,,0.00,,,,,,,0.00,0.00,,,0.00,0.00,,0.00,,0.00,0.00,,,0.00,0.00,0.00,0.00,,,,,0.00,,,
WQP_USA_2026,USGS-03086000,Surface Water,40.54918642,-80.20560508,,12/11/2023,,EPA 1633,,,ng/L,0.70,0.90,,,,,0.80,0.50,,,,,,,,,,,,,,0.60,,,,,,,,,,,,,,,,,,,,,,,,0.00,,,,,,,,,
WQP_USA_2026,USGS-03086000,Surface Water,40.54918642,-80.20560508,,1/23/2024,,EPA 1633,,,ng/L,0.70,0.80,,,,,0.70,,,,,,,,,,,,,,,0.50,,,,,,,,,,,,,,,,,,,,,,,,0.00,,,,,,,,,
WQP_USA_2026,USGS-03086000,Surface Water,40.54918642,-80.20560508,,2/14/2024,,EPA 1633,,,ng/L,1.10,0.60,,,,,0.70,,,,,,,,,,,,,,,0.60,,,,,,,,,,,,,,,,,,,,,,,,0.00,,,,,,,,,
WQP_USA_2026,USGS-03086000,Surface Water,40.54918642,-80.20560508,,3/25/2024,,EPA 1633,,,ng/L,1.10,0.90,,0.00,0.00,0.00,0.80,0.00,0.00,,,,,,,,,,,0.00,,0.50,,0.00,,,,,,,0.00,0.00,,,0.00,0.00,,0.00,,0.00,0.00,,,0.00,0.00,0.00,0.00,,,,,0.00,,,
WQP_USA_2026,USGS-03086000,Surface Water,40.54918642,-80.20560508,,4/10/2024,,EPA 1633,,,ng/L,1.20,1.00,,,,,0.70,,,,,,,,,,,,,,,0.50,,,,,,,,,,,,,,,,,,,,,,,,0.00,,,,,,,,,
WQP_USA_2026,USGS-03086000,Surface Water,40.54918642,-80.20560508,,5/13/2024,,EPA 1633,,,ng/L,1.30,1.40,,,,0.60,1.00,0.50,,,,,,,,,,,1.20,,,0.90,,,,,,,,,,,,,,,,,,,,,,,,0.00,,,,,,,,,
WQP_USA_2026,USGS-03086000,Surface Water,40.54918642,-80.20560508,,6/25/2024,,EPA 1633,,,ng/L,2.10,1.80,,0.40,0.00,0.70,2.00,0.90,0.00,,,,,,,,,,2.20,0.00,2.90,1.50,,,,,,,,,0.00,0.00,,,0.00,0.00,,0.00,,0.00,0.00,,,0.00,0.00,0.00,0.00,,,,,0.00,,,
WQP_USA_2026,USGS-03086000,Surface Water,40.54918642,-80.20560508,,7/23/2024,,EPA 1633,,,ng/L,2.00,1.70,,0.00,0.50,0.60,2.20,0.60,0.00,,,,,,,,,,2.40,0.00,2.70,1.50,,,,,,,,,0.00,0.00,,,0.00,0.00,,45.00,,0.00,0.00,,,0.00,0.00,0.00,0.00,,,,,0.00,,,
WQP_USA_2026,USGS-03086000,Surface Water,40.54918642,-80.20560508,,8/14/2024,,EPA 1633,,,ng/L,2.20,1.90,,0.00,0.40,0.50,1.70,0.70,0.00,,,,,,,,,,1.80,0.00,2.60,1.70,,,,,,,,,0.00,0.00,,,0.00,0.00,,0.00,,0.00,0.00,,,0.00,0.00,0.00,0.00,,,,,0.00,,,
WQP_USA_2026,USGS-03086000,Surface Water,40.54918642,-80.20560508,,9/24/2024,,EPA 1633,,,ng/L,1.50,1.50,,0.00,0.50,0.60,1.80,0.60,0.00,,,,,,,,,,2.30,0.00,2.60,1.70,,,,,,,,,0.00,0.00,,,0.00,0.00,,0.00,,0.00,0.00,,,0.00,0.00,0.00,0.00,,,,,0.00,,,
WQP_USA_2026,USGS-03086000,Surface Water,40.54918642,-80.20560508,,10/17/2024,,EPA 1633,,,ng/L,1.60,1.30,,0.00,0.00,0.60,1.60,0.70,0.00,,,,,,,,,,2.00,0.00,2.20,1.70,,,,,,,,,0.00,0.00,,,0.00,0.00,,0.00,,0.00,0.00,,,0.00,0.00,0.00,0.40,,,,,0.00,,,
WQP_USA_2026,USGS-03086000,Surface Water,40.54918642,-80.20560508,,11/26/2024,,EPA 1633,,,ng/L,1.60,1.30,,0.00,0.00,0.50,1.60,0.60,0.00,,,,,,,,,,1.90,0.00,2.30,1.50,,0.00,,,,,,,0.00,0.00,,,0.00,0.00,,0.00,,0.00,0.00,,,0.00,0.00,0.00,0.00,,,,,0.00,,,
WQP_USA_2026,USGS-03086000,Surface Water,40.54918642,-80.20560508,,12/16/2024,,EPA 1633,,,ng/L,1.10,0.80,,,,,0.60,,,,,,,,,,,,,,,0.70,,,,,,,,,,,,,,,,,,,,,,,,0.00,,,,,,,,,
WQP_USA_2026,USGS-03086000,Surface Water,40.54918642,-80.20560508,,1/29/2025,,EPA 1633,,,ng/L,0.90,,,,,,0.90,,,,,,,,,,,,,,,0.60,,,,,,,,,,,,,,,,,,,,,,,,0.00,1.50,,,,,,,,
WQP_USA_2026,USGS-03086000,Surface Water,40.54918642,-80.20560508,,2/27/2025,,EPA 1633,,,ng/L,1.60,1.90,,0.00,0.00,0.80,1.50,0.00,0.00,,,,,,,,,,1.90,0.00,1.90,1.00,,0.00,,,,,,,0.00,0.00,,,0.00,0.00,,0.00,,0.00,0.00,,,0.00,0.00,0.00,0.00,,,,,0.00,,,
WQP_USA_2026,USGS-03086000,Surface Water,40.54918642,-80.20560508,,3/24/2025,,EPA 1633,,,ng/L,1.10,0.80,,0.00,0.00,,0.60,0.00,0.00,,,,,,,,,,,0.00,,0.50,,0.00,,,,,,,0.00,0.00,,,0.00,0.00,,0.00,,0.00,0.00,,,0.00,0.00,0.00,0.00,,,,,0.00,,,
WQP_USA_2026,USGS-03086000,Surface Water,40.54918642,-80.20560508,,4/15/2025,,EPA 1633,,,ng/L,0.80,0.80,,,,,0.70,,,,,,,,,,,,,,,0.60,,,,,,,,,,,,,,,,,,,,,,,,0.00,,,,,,,,,
WQP_USA_2026,USGS-03099550,Surface Water,41.02,-80.48883333,,11/30/2022,,EPA 1633,,,ng/L,3.40,5.00,,0.00,0.70,1.90,3.80,1.60,0.00,,,,,,,,,,3.80,0.00,3.60,5.40,,0.00,,,,,,,0.00,0.00,,,0.00,0.00,,0.00,,0.00,0.00,,,0.00,0.00,0.00,0.00,,,,,0.00,,,
WQP_USA_2026,USGS-03099550,Surface Water,41.02,-80.48883333,,3/13/2023,,EPA 1633,,,ng/L,3.10,3.40,,0.00,0.50,1.90,3.60,1.40,0.00,,,,,,,,,,3.10,0.00,4.70,5.00,,0.00,,,,,,,0.00,0.00,,,0.00,0.00,,0.00,,0.00,0.00,,,0.00,0.00,0.00,0.00,,,,,0.00,,,
WQP_USA_2026,USGS-03099550,Surface Water,41.02,-80.48883333,,5/10/2023,,EPA 1633,,,ng/L,3.40,3.10,,0.00,0.60,1.40,3.90,1.60,0.00,,,,,,,,,,3.50,0.00,4.20,13.00,,0.00,,,,,,,0.00,0.00,,,0.00,0.00,,0.00,,0.00,0.00,,,0.00,0.00,0.00,1.10,,,,,0.00,,,
WQP_USA_2026,USGS-03099550,Surface Water,41.02,-80.48883333,,8/15/2023,,EPA 1633,,,ng/L,4.20,6.00,,0.60,0.90,2.10,4.50,1.90,,,,,,,,,,,4.20,,6.70,12.00,,,,,,,,,,,,,,,,,,,,,,,,0.00,,,,,,,,,
WQP_USA_2026,USGS-03099600,Surface Water,41.01839342,-80.44062284,,9/10/2019,,EPA 1633,,,ng/L,5.40,4.70,,0.80,1.50,1.30,4.90,2.10,,,,,,,,,,,4.00,,7.80,23.00,,,,,,,,,,,,,,,,,,,,,,,,,,,,,,,,,
WQP_USA_2026,USGS-03099600,Surface Water,41.01839342,-80.44062284,,10/19/2020,,EPA 537.1,,,ng/L,4.80,4.30,,,,,6.80,,,,,,,,,,,,,,,51.60,,,,,,,,,,,,,,,,,,,,,,,,,,,,,,,,,
WQP_USA_2026,USGS-03099600,Surface Water,41.01839342,-80.44062284,,11/16/2020,,EPA 537.1,,,ng/L,5.20,4.20,,,,,6.70,,,,,,,,,,,,,,,152.00,,,,,,,,,,,,,,,,,,,,,,,,,,,,,,,,,
WQP_USA_2026,USGS-03099600,Surface Water,41.01839342,-80.44062284,,12/14/2020,,EPA 537.1,,,ng/L,4.00,3.90,,,,,4.50,,,,,,,,,,,,,,,64.70,,,,,,,,,,,,,,,,,,,,,,,,,,,,,,,,,
WQP_USA_2026,USGS-03099600,Surface Water,41.01839342,-80.44062284,,1/25/2021,,EPA 537.1,,,ng/L,,,,,,,4.10,,,,,,,,,,,,,,,35.60,,,,,,,,,,,,,,,,,,,,,,,,,,,,,,,,,
WQP_USA_2026,USGS-03099600,Surface Water,41.01839342,-80.44062284,,2/16/2021,,EPA 537.1,,,ng/L,4.80,4.10,,,,,6.20,,,,,,,,,,,,,,,49.30,,,,,,,,,,,,,,,,,,,,,,,,,,,,,,,,,
WQP_USA_2026,USGS-03099600,Surface Water,41.01839342,-80.44062284,,3/22/2021,,EPA 537.1,,,ng/L,,3.70,,,,,,,,,,,,,,,,,,,,3.70,,,,,,,,,,,,,,,,,,,,,,,,,,,,,,,,,
WQP_USA_2026,USGS-03099600,Surface Water,41.01839342,-80.44062284,,4/20/2021,,EPA 537.1,,,ng/L,3.70,4.30,,,,,4.20,,,,,,,,,,,,,,,12.10,,,,,,,,,,,,,,,,,,,,,,,,,,,,,,,,,
WQP_USA_2026,USGS-03099600,Surface Water,41.01839342,-80.44062284,,5/18/2021,,EPA 537.1,,,ng/L,4.40,,,,,,4.10,,,,,,,,,,,,,,,86.60,,,,,,,,,,,,,,,,,,,,,,,,,,,,,,,,,
WQP_USA_2026,USGS-03099600,Surface Water,41.01839342,-80.44062284,,6/16/2021,,EPA 537.1,,,ng/L,5.10,5.20,,,,,5.40,,,,,,,,,,,,,,,24.30,,,,,,,,,,,,,,,,,,,,,,,,,,,,,,,,,
WQP_USA_2026,USGS-03099600,Surface Water,41.01839342,-80.44062284,,7/12/2021,,EPA 537.1,,,ng/L,3.90,5.40,,,,,,,,,,,,,,,,,,,,11.30,,,,,,,,,,,,,,,,,,,,,,,,,,,,,,,,,
WQP_USA_2026,USGS-03099600,Surface Water,41.01839342,-80.44062284,,8/10/2021,,EPA 537.1,,,ng/L,5.80,4.90,,,,,6.30,,,,,,,,,,,,,,,70.70,,,,,,,,,,,,,,,,,,,,,,,,,,,,,,,,,
WQP_USA_2026,USGS-03099600,Surface Water,41.01839342,-80.44062284,,9/13/2021,,EPA 537.1,,,ng/L,4.90,4.00,,,,,4.60,,,,,,,,,,,,,,,35.10,,,,,,,,,,,,,,,,,,,,,,,,,,,,,,,,,
WQP_USA_2026,USGS-03099600,Surface Water,41.01839342,-80.44062284,,10/5/2021,,EPA 537.1,,,ng/L,5.40,5.30,,,,,5.60,,,,,,,,,,,,,,,49.20,,,,,,,,,,,,,,,,,,,,,,,,,,,,,,,,,
WQP_USA_2026,USGS-03099600,Surface Water,41.01839342,-80.44062284,,11/2/2021,,EPA 537.1,,,ng/L,4.10,3.40,,,,,,,,,,,,,,,,,,,,19.00,,,,,,,,,,,,,,,,,,,,,,,,,,,,,,,,,
WQP_USA_2026,USGS-03099600,Surface Water,41.01839342,-80.44062284,,12/13/2021,,EPA 537.1,,,ng/L,,,,,,,,,,,,,,,,,,,,,,20.00,,,,,,,,,,,,,,,,,,,,,,,,,,,,,,,,,
WQP_USA_2026,USGS-03099600,Surface Water,41.01839342,-80.44062284,,2/23/2022,,EPA 537.1,,,ng/L,3.70,3.90,,,,1.50,3.10,1.40,,,,,,,,,,,,,,31.40,,,,,,,,,,0.50,,,3.10,,,3.80,,,,,,,,,,,,,,,,,
WQP_USA_2026,USGS-03099600,Surface Water,41.01839342,-80.44062284,,3/15/2022,,EPA 537.1,,,ng/L,2.90,3.40,,,,1.10,2.10,1.20,,,,,,,,,,,,,,7.30,,,,,,,,,,0.90,,,1.10,,,1.30,,,0.50,,,,,,,,,,,,,,
WQP_USA_2026,USGS-03099600,Surface Water,41.01839342,-80.44062284,,4/19/2022,,EPA 537.1,,,ng/L,3.50,3.70,,,,1.60,2.80,1.40,,,,,,,,,,,,,,2.60,,,,,,,,,,,,,,,,,,,,,,,,,,,,,,,,,
WQP_USA_2026,USGS-03099600,Surface Water,41.01839342,-80.44062284,,6/22/2022,,EPA 537.1,,,ng/L,5.40,6.10,,,1.00,3.40,6.70,2.30,,,,,,,,,,,,,,17.50,,,,,,,,,,,,,,,,,,,,,,,,,,,,,,,,,
WQP_USA_2026,USGS-03099600,Surface Water,41.01839342,-80.44062284,,7/13/2022,,EPA 537.1,,,ng/L,5.00,6.20,,,1.00,2.60,7.70,2.10,,,,,,,,,,,,,,20.00,,,,,,,,,,,,,,,,,,,,,,,,,,,,,,,,,
WQP_USA_2026,USGS-03099600,Surface Water,41.01839342,-80.44062284,,8/25/2022,,EPA 1633,,,ng/L,4.70,5.00,,0.80,1.70,2.00,5.30,1.90,0.00,,,,,,,,,,5.30,0.00,7.80,7.00,,0.00,,,,,,,0.00,0.00,,,0.00,0.00,,0.00,,0.00,0.00,,,0.00,0.00,0.00,0.00,,,,,0.00,,,
WQP_USA_2026,USGS-03099600,Surface Water,41.01839342,-80.44062284,,9/28/2022,,EPA 1633,,,ng/L,4.00,6.00,,0.80,1.00,2.50,5.40,2.10,0.00,,,2.60,,,,,,,5.30,0.00,17.00,8.50,,0.00,,,,,,,0.00,0.00,,,0.00,0.00,,0.00,,0.00,0.00,,,0.00,0.00,0.00,0.00,,,,,0.00,,,
WQP_USA_2026,USGS-03099600,Surface Water,41.01839342,-80.44062284,,10/25/2022,,EPA 1633,,,ng/L,5.20,4.90,,0.50,0.90,2.50,6.10,2.30,0.00,,,,,,,,,,5.20,0.50,7.00,10.00,,0.00,,,,,,,0.00,0.00,,,0.00,0.00,,0.00,,0.00,0.00,,,0.00,0.00,0.00,0.60,,,,,0.00,,,
WQP_USA_2026,USGS-03099600,Surface Water,41.01839342,-80.44062284,,11/14/2022,,EPA 1633,,,ng/L,4.20,5.40,,0.60,1.00,2.30,4.80,1.90,0.00,,,,,,,,,,4.40,0.00,6.40,6.30,,0.00,,,,,,,0.00,0.00,,,0.00,0.00,,0.00,,0.00,0.00,,,0.00,0.00,0.40,0.50,,,,,0.00,,,
WQP_USA_2026,USGS-03099600,Surface Water,41.01839342,-80.44062284,,11/30/2022,,EPA 1633,,,ng/L,3.50,5.20,,0.60,0.80,1.80,3.90,1.80,0.00,,,,,,,,,,3.70,0.00,3.70,5.30,,0.00,,,,,,,0.00,0.00,,,0.00,0.00,,0.00,,0.00,0.00,,,0.00,0.00,0.00,0.50,,,,,0.00,,,
WQP_USA_2026,USGS-03099600,Surface Water,41.01839342,-80.44062284,,12/12/2022,,EPA 1633,,,ng/L,3.60,2.90,,0.00,0.70,1.40,4.20,1.70,0.00,,,,,,,,,,3.80,0.00,3.40,7.40,,0.00,,,,,,,0.00,0.00,,,0.00,0.00,,0.00,,0.00,0.00,,,0.00,0.00,0.00,0.00,,,,,0.00,,,
WQP_USA_2026,USGS-03099600,Surface Water,41.01839342,-80.44062284,,1/23/2023,,EPA 1633,,,ng/L,3.40,2.50,,0.40,0.50,1.40,3.80,1.50,0.00,,,,,,,,,,3.00,0.00,4.80,6.90,,0.00,,,,,,,0.00,0.00,,,0.00,0.00,,0.00,,0.00,0.00,,,0.00,0.00,0.00,0.50,,,,,0.00,,,
WQP_USA_2026,USGS-03099600,Surface Water,41.01839342,-80.44062284,,2/6/2023,,EPA 1633,,,ng/L,4.30,3.70,,0.60,0.70,2.30,6.20,2.10,0.00,,,,,,,,,,4.50,0.00,7.60,12.00,,0.00,,,,,,,0.00,0.00,,,0.00,0.00,,0.00,,0.00,0.00,,,0.00,0.00,0.00,0.00,,,,,0.00,,,
WQP_USA_2026,USGS-03099600,Surface Water,41.01839342,-80.44062284,,3/7/2023,,EPA 1633,,,ng/L,2.40,3.00,,0.00,0.00,1.50,2.00,1.20,0.00,,,,,,,,,,2.00,0.00,2.80,2.10,,0.00,,,,,,,0.00,0.00,,,0.00,0.00,,0.00,,0.00,0.00,,,0.00,0.00,0.00,0.60,,,,,0.00,,,
WQP_USA_2026,USGS-03099600,Surface Water,41.01839342,-80.44062284,,3/13/2023,,EPA 1633,,,ng/L,3.40,3.60,,0.00,0.60,2.20,4.00,1.50,0.00,,,,,,,,,,3.30,0.00,4.90,5.80,,0.00,,,,,,,0.00,0.00,,,0.00,0.00,,0.00,,0.00,0.00,,,0.00,0.00,0.00,0.80,,,,,0.00,,,
WQP_USA_2026,USGS-03099600,Surface Water,41.01839342,-80.44062284,,4/3/2023,,EPA 1633,,,ng/L,2.50,3.00,,0.00,0.40,1.60,2.60,1.20,0.00,,,,,,,,,,2.20,0.00,4.20,3.70,,0.00,,,,,,,0.00,0.00,,,0.00,0.00,,0.00,,0.00,0.00,,,0.00,0.00,0.00,0.00,,,,,0.00,,,
WQP_USA_2026,USGS-03099600,Surface Water,41.01839342,-80.44062284,,5/10/2023,,EPA 1633,,,ng/L,3.80,3.20,,0.00,0.60,1.60,4.00,1.70,0.00,,,,,,,,,,3.50,0.00,4.20,14.00,,0.00,,,,,,,0.00,0.00,,,0.00,0.00,,0.00,,0.00,0.00,,,0.00,0.00,0.00,0.00,,,,,0.00,,,
WQP_USA_2026,USGS-03099600,Surface Water,41.01839342,-80.44062284,,5/16/2023,,EPA 1633,,,ng/L,4.30,4.50,,0.50,0.70,2.30,5.20,2.10,0.00,,,,,,,,,,4.30,0.00,6.00,12.00,,0.00,,,,,,,0.00,0.00,,,0.00,0.00,,0.00,,0.00,0.00,,,0.00,0.00,0.00,0.40,,,,,0.00,,,
WQP_USA_2026,USGS-03099600,Surface Water,41.01839342,-80.44062284,,6/20/2023,,EPA 1633,,,ng/L,4.20,4.60,,0.60,0.80,1.90,6.10,1.80,0.00,,,,,,,,,,4.20,0.00,7.80,16.00,,0.00,,,,,,,0.00,0.00,,,0.00,0.00,,0.00,,0.00,0.00,,,0.00,0.00,0.00,0.00,,,,,0.00,,,
WQP_USA_2026,USGS-03099600,Surface Water,41.01839342,-80.44062284,,7/25/2023,,EPA 1633,,,ng/L,4.90,5.40,,0.70,0.90,2.00,6.40,1.90,0.00,,,1.60,,,,,,,5.20,0.00,8.60,16.00,,0.00,,,,,,,0.00,0.00,,,0.00,0.00,,0.00,,0.00,0.00,,,0.00,0.00,0.00,0.60,,,,,0.00,,,
WQP_USA_2026,USGS-03099600,Surface Water,41.01839342,-80.44062284,,8/15/2023,,EPA 1633,,,ng/L,4.10,6.00,,0.60,0.90,2.30,4.70,1.90,,,,,,,,,,,4.20,,6.30,12.00,,,,,,,,,,,,,,,,,,,,,,,,0.00,,,,,,,,,
WQP_USA_2026,USGS-03099600,Surface Water,41.01839342,-80.44062284,,8/24/2023,,EPA 1633,,,ng/L,4.00,5.20,,0.50,0.90,1.60,5.30,1.70,,,,,,,,,,,4.80,,5.90,17.00,,,,,,,,,,,,,,,,,,,,,,,,0.00,0.50,,,,,,,,
WQP_USA_2026,USGS-03099600,Surface Water,41.01839342,-80.44062284,,9/18/2023,,EPA 1633,,,ng/L,4.30,4.50,,0.60,0.80,1.80,6.40,1.70,,,,,,,,,,,4.80,,6.70,34.00,,,,,,,,,,,,,,,,,,,,,,,,0.00,,,,,,,,,
WQP_USA_2026,USGS-03099600,Surface Water,41.01839342,-80.44062284,,10/23/2023,,EPA 1633,,,ng/L,5.40,4.40,,,0.90,2.00,7.60,1.80,,,,,,,,,,,5.40,,7.20,57.00,,,,,,,,,,,,,,,,,,,,,,,,0.00,,,,,,,,,
WQP_USA_2026,USGS-03099600,Surface Water,41.01839342,-80.44062284,,11/20/2023,,EPA 1633,,,ng/L,4.90,4.80,,0.60,1.00,1.80,7.80,1.90,0.00,,,,,,,,,,5.90,0.00,7.10,48.00,,0.00,,,,,,,0.00,0.00,,,0.00,0.00,,0.00,,0.00,0.00,,,0.00,0.00,0.00,0.00,,,,,0.00,,,
WQP_USA_2026,USGS-03099600,Surface Water,41.01839342,-80.44062284,,12/12/2023,,EPA 1633,,,ng/L,4.30,4.10,,0.00,0.80,2.00,6.40,1.80,0.00,,,2.00,,,,,,,4.80,0.00,7.40,42.00,,0.00,,,,,,,0.00,0.00,,,0.00,0.00,,0.00,,0.00,0.00,,,0.00,0.00,0.00,0.80,,,,,0.00,,,
WQP_USA_2026,USGS-03099600,Surface Water,41.01839342,-80.44062284,,1/24/2024,,EPA 1633,,,ng/L,4.50,4.20,,,0.90,2.10,6.90,1.80,,,,,,,,,,,4.60,,8.00,61.00,,,,,,,,,,,,,,,,,,,,,,,,0.00,,,,,,,,,
WQP_USA_2026,USGS-03099600,Surface Water,41.01839342,-80.44062284,,2/12/2024,,EPA 1633,,,ng/L,5.00,3.80,,,0.80,1.90,6.80,2.10,,,,,,,,,,,4.30,,7.70,63.00,,,,,,,,,,,,,,0.60,,,,,,,,,,0.00,0.70,,,,,,,,
WQP_USA_2026,USGS-03099600,Surface Water,41.01839342,-80.44062284,,3/20/2024,,EPA 1633,,,ng/L,2.90,4.00,,,,2.40,3.80,1.40,,,,,,,,,,,3.20,,5.60,7.50,,,,,,,,,,,,,,,,,,,,,,,,0.00,,,,,,,,,
WQP_USA_2026,USGS-03099600,Surface Water,41.01839342,-80.44062284,,4/9/2024,,EPA 1633,,,ng/L,3.30,2.70,,0.00,0.60,1.50,3.60,1.20,0.00,,,,,,,,,,2.50,0.00,5.30,28.00,,,,,,,,,0.00,0.00,,,0.00,0.00,,0.00,,0.00,0.00,,,0.00,0.00,0.00,0.50,,,,,0.00,,,
WQP_USA_2026,USGS-03099600,Surface Water,41.01839342,-80.44062284,,5/8/2024,,EPA 1633,,,ng/L,4.20,6.00,,0.00,0.90,2.60,4.30,2.10,0.00,,,,,,,,,,3.40,0.00,7.10,8.30,,,,,,,,,0.00,0.00,,,0.00,0.00,,0.00,,0.00,0.00,,,0.00,0.00,0.00,0.40,,,,,0.00,,,
WQP_USA_2026,USGS-03099600,Surface Water,41.01839342,-80.44062284,,6/24/2024,,EPA 1633,,,ng/L,4.50,5.80,,0.70,0.80,1.70,5.90,1.50,0.00,,,,,,,,,,4.70,0.00,6.90,19.00,,,,,,,,,0.00,0.00,,,0.00,0.00,,0.00,,0.00,0.00,,,0.00,0.00,0.00,0.00,,,,,0.00,,,
WQP_USA_2026,USGS-03099600,Surface Water,41.01839342,-80.44062284,,7/22/2024,,EPA 1633,,,ng/L,5.80,5.10,,0.80,1.20,2.00,6.60,2.00,,,,,,,,,,,5.70,,8.30,24.00,,,,,,,,,,,,,,,,,,,,,,,,0.00,,,,,,,,,
WQP_USA_2026,USGS-03099600,Surface Water,41.01839342,-80.44062284,,8/12/2024,,EPA 1633,,,ng/L,6.60,6.10,,1.00,1.10,3.00,7.20,2.50,0.00,,,,,,,,,,7.10,0.00,11.00,19.00,,,,,,,,,0.00,0.00,,,0.00,0.00,,0.00,,0.00,0.00,,,0.00,0.00,0.00,0.00,,,,,0.00,,,
WQP_USA_2026,USGS-03099600,Surface Water,41.01839342,-80.44062284,,9/23/2024,,EPA 1633,,,ng/L,6.10,4.00,,0.80,1.10,1.50,7.50,2.10,0.00,,,,,,,,,,6.60,0.00,9.50,39.00,,,,,,,,,0.00,0.00,,,0.00,0.00,,0.00,,0.00,0.00,,,0.00,0.00,0.00,0.00,,,,,0.00,,,
WQP_USA_2026,USGS-03099600,Surface Water,41.01839342,-80.44062284,,10/16/2024,,EPA 1633,,,ng/L,6.10,4.90,,0.80,1.10,2.10,7.40,2.50,0.00,,,,,,,,,,6.70,0.00,8.70,26.00,,,,,,,,,0.00,0.00,,,0.00,0.00,,0.00,,0.00,0.00,,,0.00,0.00,0.00,0.00,,,,,0.00,,,
WQP_USA_2026,USGS-03099600,Surface Water,41.01839342,-80.44062284,,11/14/2024,,EPA 1633,,,ng/L,5.30,5.30,,1.10,0.90,3.00,8.10,2.40,0.00,,,,,,,,,,6.80,0.00,9.90,50.00,,0.00,,,,,,,0.00,0.00,,,0.00,0.00,,0.00,,0.00,0.00,,,0.00,0.00,0.00,0.00,,,,,0.00,,,
WQP_USA_2026,USGS-03099600,Surface Water,41.01839342,-80.44062284,,12/17/2024,,EPA 1633,,,ng/L,4.40,4.80,,,0.60,2.20,5.20,1.50,,,,,,,,,,,5.00,,7.00,32.00,,,,,,,,,,,,,,,,,,,,,,,,0.00,,,,,,,,,
WQP_USA_2026,USGS-03099600,Surface Water,41.01839342,-80.44062284,,2/10/2025,,EPA 1633,,,ng/L,4.60,3.10,,,0.80,1.80,7.50,2.00,,,,,,,,,,,4.90,,9.30,90.00,,,,,,,,,,,,,,,,,,,,,,,,0.00,0.70,,,,,,,,
WQP_USA_2026,USGS-03099600,Surface Water,41.01839342,-80.44062284,,2/26/2025,,EPA 1633,,,ng/L,4.30,3.30,,,0.50,2.00,4.90,1.40,,,,,,,,,,,4.40,,6.50,74.00,,,,,,,,,,,,,,,,,,,,,,,,0.00,,,,,,,,,
WQP_USA_2026,USGS-03099600,Surface Water,41.01839342,-80.44062284,,3/31/2025,,EPA 1633,,,ng/L,4.30,4.80,,0.60,0.70,1.90,4.50,1.50,,,,,,,,,,,3.60,,5.50,16.00,,,,,,,,,,,,,,,,,,,,,,,,0.00,,,,,,,,,
WQP_USA_2026,USGS-03099600,Surface Water,41.01839342,-80.44062284,,4/14/2025,,EPA 1633,,,ng/L,3.20,2.80,,0.00,0.50,1.20,3.10,1.20,0.00,,,,,,,,,,2.20,0.00,5.00,9.70,,0.00,,,,,,,0.00,0.00,,,0.00,0.00,,0.00,,0.00,0.00,,,0.00,0.00,0.00,0.00,,,,,0.00,,,
WQP_USA_2026,USGS-03101500,Surface Water,41.49810898,-80.46006929,,9/11/2019,,EPA 1633,,,ng/L,1.60,,,,,,1.10,1.10,,,,,,,,,,,,,,,,,,,,,,,,,,,,,,,,,,,,,,,,,,,,,,,
WQP_USA_2026,USGS-03102500,Surface Water,41.42199889,-80.37617802,,9/11/2019,,EPA 1633,,,ng/L,1.30,,,,,,,,,,,,,,,,,,,,,,,,,,,,,,,,,,,,,,,,,,,,,,,,,,,,,,
WQP_USA_2026,USGS-03103500,Surface Water,41.26612414,-80.47255589,,9/10/2019,,EPA 1633,,,ng/L,2.10,1.30,,,,,1.30,1.10,,,,,,,,,,,,,4.40,0.90,,,,,,,,,,,,,,,,,,,,,,,,,,,,,,,,,
WQP_USA_2026,USGS-03104500,Surface Water,41.0000608,-80.35034253,,9/10/2019,,EPA 1633,,,ng/L,2.30,2.40,,,,,1.70,0.90,,,,,,,,,,,,,4.30,1.00,,,,,,,,,,,,,,,,,,,,,,,,,,,,,,,,,
WQP_USA_2026,USGS-03104500,Surface Water,41.0000608,-80.35034253,,2/23/2022,,EPA 537.1,,,ng/L,2.20,2.30,,,,0.70,1.40,1.00,,,,,,,,,,,,,,1.20,,,,,,,,,,,,,,,,,,,,,,,,,,,,,,,,,
WQP_USA_2026,USGS-03104500,Surface Water,41.0000608,-80.35034253,,3/15/2022,,EPA 537.1,,,ng/L,1.20,,,,,,,,,,,,,,,,,,,,,,,,,,,,,,,,,,,,,,,,,,,,,,,,,,,,,,
WQP_USA_2026,USGS-03104500,Surface Water,41.0000608,-80.35034253,,4/19/2022,,EPA 537.1,,,ng/L,1.60,1.60,,,,0.80,1.20,,,,,,,,,,,,,,,0.80,,,,,,,,,,,,,,,,,,,,,,,,,,,,,,,,,
WQP_USA_2026,USGS-03104500,Surface Water,41.0000608,-80.35034253,,6/22/2022,,EPA 537.1,,,ng/L,1.80,1.70,,,,,1.30,,,,,,,,,,,,,,,5.40,,,,,,,,,,,,,,,,,,,,,,,,,,,,,,,,,
WQP_USA_2026,USGS-03104500,Surface Water,41.0000608,-80.35034253,,7/13/2022,,EPA 537.1,,,ng/L,1.80,1.80,,,,,1.90,0.80,,,,,,,,,,,,,,8.00,,,,,,,,,,,,,,,,,,,,,,,,,,,,,,,,,
WQP_USA_2026,USGS-03104500,Surface Water,41.0000608,-80.35034253,,8/25/2022,,EPA 1633,,,ng/L,2.00,1.70,,,0.60,,1.80,1.10,,,,,,,,,,,2.40,,3.50,1.00,,,,,,,,,,,,,,,,,,,,,,,,0.00,,,,,,,,,
WQP_USA_2026,USGS-03104500,Surface Water,41.0000608,-80.35034253,,9/28/2022,,EPA 1633,,,ng/L,1.90,2.20,,0.00,0.60,0.60,1.90,1.00,0.00,,,,,,,,,,2.70,0.00,4.60,1.70,,0.00,,,,,,,0.00,0.00,,,0.00,0.00,,0.00,,0.00,0.00,,,0.00,0.00,0.00,0.00,,,,,0.00,,,
WQP_USA_2026,USGS-03104500,Surface Water,41.0000608,-80.35034253,,10/25/2022,,EPA 1633,,,ng/L,1.80,1.40,,0.00,0.00,0.00,1.50,1.10,0.00,,,,,,,,,,2.40,0.00,2.80,1.10,,0.00,,,,,,,0.00,0.00,,,0.00,0.00,,0.00,,0.00,0.00,,,0.00,0.00,0.00,0.00,,,,,0.00,,,
WQP_USA_2026,USGS-03104500,Surface Water,41.0000608,-80.35034253,,11/14/2022,,EPA 1633,,,ng/L,1.70,2.40,,0.00,0.60,0.50,1.70,1.20,0.00,,,,,,,,,,1.90,,3.10,0.80,,0.00,,,,,,,0.00,0.00,,,0.00,0.00,,0.00,,0.00,0.00,,,0.00,0.00,0.00,0.00,,,,,0.00,,,
WQP_USA_2026,USGS-03104500,Surface Water,41.0000608,-80.35034253,,12/12/2022,,EPA 1633,,,ng/L,1.30,0.80,,0.00,0.00,0.00,1.00,0.70,0.00,,,,,,,,,,1.20,0.00,1.70,0.70,,0.00,,,,,,,0.00,0.00,,,0.00,0.00,,0.00,,0.00,0.00,,,0.00,0.00,0.00,0.00,,,,,0.00,,,
WQP_USA_2026,USGS-03104500,Surface Water,41.0000608,-80.35034253,,1/23/2023,,EPA 1633,,,ng/L,1.10,1.10,,0.00,0.00,0.00,0.80,0.60,0.00,,,,,,,,,,1.00,0.00,,0.60,,0.00,,,,,,,0.00,0.00,,,0.00,0.00,,0.00,,0.00,0.00,,,0.00,0.00,0.00,0.80,,,,,0.00,,,
WQP_USA_2026,USGS-03104500,Surface Water,41.0000608,-80.35034253,,2/6/2023,,EPA 1633,,,ng/L,1.20,0.80,,0.00,0.00,0.00,0.90,0.50,0.00,,,,,,,,,,0.80,0.00,1.70,0.70,,0.00,,,,,,,0.00,0.00,,,0.00,0.00,,0.00,,0.00,0.00,,,0.00,0.00,0.00,0.70,,,,,0.00,,,
WQP_USA_2026,USGS-03104500,Surface Water,41.0000608,-80.35034253,,3/7/2023,,EPA 1633,,,ng/L,1.10,0.90,,0.00,0.00,0.00,0.90,0.60,0.00,,,,,,,,,,0.90,0.00,1.80,0.70,,0.00,,,,,,,0.00,0.00,,,0.00,0.00,,0.00,,0.00,0.00,,,0.00,0.00,0.00,0.00,,,,,0.00,,,
WQP_USA_2026,USGS-03104500,Surface Water,41.0000608,-80.35034253,,4/3/2023,,EPA 1633,,,ng/L,1.10,0.90,,0.00,0.00,0.40,0.70,0.50,0.00,,,,,,,,,,0.80,0.00,1.90,0.60,,0.00,,,,,,,0.00,0.00,,,0.00,0.00,,0.00,,0.00,0.00,,,0.00,0.00,0.00,0.00,,,,,0.00,,,
WQP_USA_2026,USGS-03104500,Surface Water,41.0000608,-80.35034253,,5/16/2023,,EPA 1633,,,ng/L,1.60,1.40,,0.00,0.00,0.50,1.20,0.70,0.00,,,,,,,,,,1.40,0.00,2.30,0.80,,0.00,,,,,,,0.00,0.00,,,0.00,0.00,,0.00,,0.00,0.00,,,0.00,0.00,0.00,0.60,,,,,0.00,,,
WQP_USA_2026,USGS-03104500,Surface Water,41.0000608,-80.35034253,,6/20/2023,,EPA 1633,,,ng/L,2.00,1.40,,,,,1.60,0.90,,,,,,,,,,,1.30,,2.50,0.80,,,,,,,,,,,,,,,,,,,,,,,,0.00,,,,,,,,,
WQP_USA_2026,USGS-03104500,Surface Water,41.0000608,-80.35034253,,7/25/2023,,EPA 1633,,,ng/L,1.90,2.10,,0.00,0.60,0.70,1.70,0.90,0.00,,,2.00,,,,,,,1.90,,3.30,0.90,,0.00,,,,,,,0.00,0.00,,,0.00,0.00,,0.00,,0.00,0.00,,,0.00,0.00,0.00,0.00,,,,,0.00,,,
WQP_USA_2026,USGS-03104500,Surface Water,41.0000608,-80.35034253,,8/24/2023,,EPA 1633,,,ng/L,2.00,1.80,,,0.60,0.50,2.30,0.90,,,,,,,,,,,2.70,,4.30,1.40,,,,,,,,,,,,,,,,,,,,,,,,0.00,,,,,,,,,
WQP_USA_2026,USGS-03104500,Surface Water,41.0000608,-80.35034253,,9/18/2023,,EPA 1633,,,ng/L,2.00,1.40,,0.00,0.60,0.00,1.50,0.80,0.00,,,,,,,,,,1.60,0.00,3.40,0.90,,0.00,,,,,,,0.00,0.00,,,0.00,0.00,,0.00,,0.00,0.00,,,0.00,0.00,0.00,0.00,,,,,0.00,,,
WQP_USA_2026,USGS-03104500,Surface Water,41.0000608,-80.35034253,,10/23/2023,,EPA 1633,,,ng/L,2.50,1.50,,,,0.60,2.40,0.90,,,,,,,,,,,2.60,,3.20,1.20,,,,,,,,,,,,,,,,,,,,,,,,0.00,,,,,,,,,
WQP_USA_2026,USGS-03104500,Surface Water,41.0000608,-80.35034253,,11/20/2023,,EPA 1633,,,ng/L,1.80,1.20,,0.00,0.00,0.50,1.80,0.80,0.00,,,,,,,,,,1.70,0.00,2.80,0.80,,0.00,,,,,,,0.00,0.00,,,0.00,0.00,,0.00,,0.00,0.00,,,0.00,0.00,0.00,0.00,,,,,0.00,,,
WQP_USA_2026,USGS-03104500,Surface Water,41.0000608,-80.35034253,,12/12/2023,,EPA 1633,,,ng/L,1.30,1.00,,,,0.70,1.20,0.80,,,,,,,,,,,1.60,,3.00,0.90,,,,,,,,,,,,,,,,,,,,,,,,0.00,,,,,,,,,
WQP_USA_2026,USGS-03104500,Surface Water,41.0000608,-80.35034253,,1/24/2024,,EPA 1633,,,ng/L,1.30,0.90,,,,,1.30,,,,,2.30,,,,,,,1.40,,2.50,0.80,,,,,,,,,,,,,,,,,,,,,,,,0.00,,,,,,,,,
WQP_USA_2026,USGS-03104500,Surface Water,41.0000608,-80.35034253,,2/12/2024,,EPA 1633,,,ng/L,1.20,0.80,,,,,0.80,0.50,,,,,,,,,,,1.20,,2.40,0.60,,,,,,,,,,,,,,,,,,,,,,,,0.00,,,,,,,,,
WQP_USA_2026,USGS-03104500,Surface Water,41.0000608,-80.35034253,,3/20/2024,,EPA 1633,,,ng/L,1.10,1.10,,,,0.60,1.60,,,,,,,,,,,,,,2.30,0.90,,,,,,,,,,,,,,,,,,,,,,,,0.00,,,,,,,,,
WQP_USA_2026,USGS-03104500,Surface Water,41.0000608,-80.35034253,,4/9/2024,,EPA 1633,,,ng/L,1.20,0.90,,,,,0.80,0.60,,,,,,,,,,,,,2.10,,,,,,,,,,,,,,,,,,,,,,,,,0.00,,,,,,,,,
WQP_USA_2026,USGS-03104500,Surface Water,41.0000608,-80.35034253,,5/8/2024,,EPA 1633,,,ng/L,1.90,1.90,,0.00,0.00,0.80,1.20,0.90,0.00,,,,,,,,,,1.30,0.00,3.30,0.80,,,,,,,,,0.00,0.00,,,0.00,0.00,,0.00,,0.00,0.00,,,0.00,0.00,0.00,0.50,,,,,0.00,,,
WQP_USA_2026,USGS-03104500,Surface Water,41.0000608,-80.35034253,,6/24/2024,,EPA 1633,,,ng/L,2.00,2.20,,0.00,0.00,0.60,2.10,0.90,0.00,,,,,,,,,,2.30,0.00,3.80,0.90,,,,,,,,,0.00,0.00,,,0.00,0.00,,0.00,,0.00,0.00,,,0.00,0.00,0.00,0.00,,,,,0.00,,,
WQP_USA_2026,USGS-03104500,Surface Water,41.0000608,-80.35034253,,7/22/2024,,EPA 1633,,,ng/L,2.10,1.90,,0.00,0.50,0.70,2.10,1.00,0.00,,,,,,,,,,2.50,0.00,3.80,1.00,,,,,,,,,0.00,0.00,,,0.00,0.00,,0.00,,0.00,0.00,,,0.00,0.00,0.00,1.00,,,,,0.00,,,
WQP_USA_2026,USGS-03104500,Surface Water,41.0000608,-80.35034253,,8/12/2024,,EPA 1633,,,ng/L,2.50,2.80,,0.00,0.70,0.90,2.80,1.00,0.00,,,,,,,,,,3.20,0.00,3.80,1.30,,,,,,,,,0.00,0.00,,,0.00,0.00,,0.00,,0.00,0.00,,,0.00,0.00,0.00,0.00,,,,,0.00,,,
WQP_USA_2026,USGS-03104500,Surface Water,41.0000608,-80.35034253,,9/23/2024,,EPA 1633,,,ng/L,2.20,1.40,,0.00,0.60,,3.10,1.00,0.00,,,,,,,,,,3.70,0.00,3.80,0.80,,,,,,,,,0.00,0.00,,,0.00,0.00,,0.00,,0.00,0.00,,,0.00,0.00,0.00,0.00,,,,,0.00,,,
WQP_USA_2026,USGS-03104500,Surface Water,41.0000608,-80.35034253,,10/16/2024,,EPA 1633,,,ng/L,2.90,2.80,,0.00,0.70,1.60,2.70,1.30,0.00,,,,,,,,,,3.70,0.00,4.40,2.00,,,,,,,,,0.00,0.00,,,0.00,0.00,,0.00,,0.00,0.00,,,0.00,0.00,0.00,0.00,,,,,0.00,,,
WQP_USA_2026,USGS-03104500,Surface Water,41.0000608,-80.35034253,,11/14/2024,,EPA 1633,,,ng/L,2.80,2.70,,,0.70,1.10,4.10,1.00,,,,,,,,,,,3.90,,5.00,2.10,,,,,,,,,,,,,,,,,,,,,,,,0.00,,,,,,,,,
WQP_USA_2026,USGS-03104500,Surface Water,41.0000608,-80.35034253,,12/17/2024,,EPA 1633,,,ng/L,2.20,2.70,,,0.60,1.10,1.40,0.70,,,,,,,,,,,1.50,,2.30,1.20,,,,,,,,,,,,,,,,,,,,,,,,0.00,,,,,,,,,
WQP_USA_2026,USGS-03104500,Surface Water,41.0000608,-80.35034253,,1/28/2025,,EPA 1633,,,ng/L,1.10,0.70,,,,,1.20,0.50,,,,,,,,,,,1.10,,,0.80,,,,,,,,,,,,,,,,,,,,,,,,0.00,,,,,,,,,
WQP_USA_2026,USGS-03104500,Surface Water,41.0000608,-80.35034253,,2/26/2025,,EPA 1633,,,ng/L,1.80,1.90,,,,1.20,1.10,0.60,,,,,,,,,,,1.60,,2.30,0.90,,,,,,,,,,,,,,,,,,,,,,,,0.00,,,,,,,,,
WQP_USA_2026,USGS-03104500,Surface Water,41.0000608,-80.35034253,,3/31/2025,,EPA 1633,,,ng/L,2.00,1.40,,0.00,0.00,0.70,1.60,0.00,0.00,,,,,,,,,,1.50,0.00,2.40,0.90,,0.00,,,,,,,0.00,0.00,,,0.00,0.00,,0.00,,0.00,0.00,,,0.00,0.00,0.00,0.00,,,,,0.00,,,
WQP_USA_2026,USGS-03104500,Surface Water,41.0000608,-80.35034253,,4/14/2025,,EPA 1633,,,ng/L,1.40,1.30,,,,,1.00,0.50,,,,,,,,,,,,,,0.90,,,,,,,,,,,,,,,,,,,,,,,,0.00,,,,,,,,,
WQP_USA_2026,USGS-03105500,Surface Water,40.88867389,-80.33700835,,9/10/2019,,EPA 1633,,,ng/L,3.70,2.90,,,1.00,1.00,3.00,1.70,,,,,,,,,,,3.10,,6.00,13.00,,,,,,,,,,,,,,,,,,,,,,,,,,,,,,,,,
WQP_USA_2026,USGS-03105500,Surface Water,40.88867389,-80.33700835,,10/20/2020,,EPA 537.1,,,ng/L,4.80,4.10,,,,,6.60,,,,,,,,,,,,,,,38.10,,,,,,,,,,,,,,,,,,,,,,,,,,,,,,,,,
WQP_USA_2026,USGS-03105500,Surface Water,40.88867389,-80.33700835,,11/17/2020,,EPA 537.1,,,ng/L,,,,,,,,,,,,,,,,,,,,,,54.90,,,,,,,,,,,,,,,,,,,,,,,,,,,,,,,,,
WQP_USA_2026,USGS-03105500,Surface Water,40.88867389,-80.33700835,,12/15/2020,,EPA 537.1,,,ng/L,,,,,,,,,,,,,,,,,,,,,,18.80,,,,,,,,,,,,,,,,,,,,,,,,,,,,,,,,,
WQP_USA_2026,USGS-03105500,Surface Water,40.88867389,-80.33700835,,1/26/2021,,EPA 537.1,,,ng/L,,,,,,,,,,,,,,,,,,,,,,17.70,,,,,,,,,,,,,,,,,,,,,,,,,,,,,,,,,
WQP_USA_2026,USGS-03105500,Surface Water,40.88867389,-80.33700835,,2/17/2021,,EPA 537.1,,,ng/L,,,,,,,,,,,,,,,,,,,,,,24.10,,,,,,,,,,,,,,,,,,,,,,,,,,,,,,,,,
WQP_USA_2026,USGS-03105500,Surface Water,40.88867389,-80.33700835,,3/22/2021,,EPA 537.1,,,ng/L,,,,,,,,,,,,,,,,,,,,,,4.20,,,,,,,,,,,,,,,,,,,,,,,,,,,,,,,,,
WQP_USA_2026,USGS-03105500,Surface Water,40.88867389,-80.33700835,,4/20/2021,,EPA 537.1,,,ng/L,,,,,,,,,,,,,,,,,,,,,,7.00,,,,,,,,,,,,,,,,,,,,,,,,,,,,,,,,,
WQP_USA_2026,USGS-03105500,Surface Water,40.88867389,-80.33700835,,5/18/2021,,EPA 537.1,,,ng/L,,,,,,,,,,,,,,,,,,,,,,49.70,,,,,,,,,,,,,,,,,,,,,,,,,,,,,,,,,
WQP_USA_2026,USGS-03105500,Surface Water,40.88867389,-80.33700835,,6/16/2021,,EPA 537.1,,,ng/L,,3.70,,,,,,,,,,,,,,,,,,,,10.10,,,,,,,,,,,,,,,,,,,,,,,,,,,,,,,,,
WQP_USA_2026,USGS-03105500,Surface Water,40.88867389,-80.33700835,,7/12/2021,,EPA 537.1,,,ng/L,,3.70,,,,,,,,,,,,,,,,,,,,11.00,,,,,,,,,,,,,,,,,,,,,,,,,,,,,,,,,
WQP_USA_2026,USGS-03105500,Surface Water,40.88867389,-80.33700835,,8/10/2021,,EPA 537.1,,,ng/L,4.90,3.90,,,,,4.70,,,,,,,,,,,,,,,44.20,,,,,,,,,,,,,,,,,,,,,,,,,,,,,,,,,
WQP_USA_2026,USGS-03105500,Surface Water,40.88867389,-80.33700835,,9/13/2021,,EPA 537.1,,,ng/L,4.60,3.70,,,,,4.00,,,,,,,,,,,,,,,24.90,,,,,,,,,,,,,,,,,,,,,,,,,,,,,,,,,
WQP_USA_2026,USGS-03105500,Surface Water,40.88867389,-80.33700835,,10/5/2021,,EPA 537.1,,,ng/L,5.60,4.60,,,,,5.70,,,,,,,,,,,,,,,40.50,,,,,,,,,,,,,,,,,,,,,,,,,,,,,,,,,
WQP_USA_2026,USGS-03105500,Surface Water,40.88867389,-80.33700835,,11/2/2021,,EPA 537.1,,,ng/L,,3.80,,,,,,,,,,,,,,,,,,,,4.80,,,,,,,,,,,,,,,,,,,,,,,,,,,,,,,,,
WQP_USA_2026,USGS-03105500,Surface Water,40.88867389,-80.33700835,,12/13/2021,,EPA 537.1,,,ng/L,,,,,,,,,,,,,,,,,,,,,,18.10,,,,,,,,,,,,,,,,,,,,,,,,,,,,,,,,,
WQP_USA_2026,USGS-03105500,Surface Water,40.88867389,-80.33700835,,2/23/2022,,EPA 537.1,,,ng/L,2.40,2.50,,,,0.80,1.50,1.10,,,,,,,,,,,,,,12.30,,,,,,,,,,,,,,,,,,,,,,,,,,,,,,,,,
WQP_USA_2026,USGS-03105500,Surface Water,40.88867389,-80.33700835,,3/15/2022,,EPA 537.1,,,ng/L,1.90,,,,,,1.20,0.90,,,,,,,,,,,,,,3.60,,,,,,,,,,,,,,,,,,,,,,,,,,,,,,,,,
WQP_USA_2026,USGS-03105500,Surface Water,40.88867389,-80.33700835,,4/19/2022,,EPA 537.1,,,ng/L,2.40,2.90,,,,1.10,2.00,0.80,,,,,,,,,,,,,,2.40,,,,,,,,,,,,,,,,,,,,,,,,,,,,,,,,,
WQP_USA_2026,USGS-03105500,Surface Water,40.88867389,-80.33700835,,6/22/2022,,EPA 537.1,,,ng/L,3.30,3.40,,,,1.60,4.20,1.50,,,,,,,,,,,,,,9.30,,,,,,,,,,,,,,,,,,,,,,,,,,,,,,,,,
WQP_USA_2026,USGS-03105500,Surface Water,40.88867389,-80.33700835,,7/13/2022,,EPA 537.1,,,ng/L,3.00,3.50,,,,1.50,4.40,1.30,,,,,,,,,,,,,,4.50,,,,,,,,,,,,,,,,,,,,,,,,,,,,,,,,,
WQP_USA_2026,USGS-03105500,Surface Water,40.88867389,-80.33700835,,8/25/2022,,EPA 1633,,,ng/L,3.50,3.50,,0.00,1.50,1.50,4.90,1.30,0.00,,,,,,,,,,4.50,0.00,5.70,4.20,,0.00,,,,,,,0.00,0.00,,,0.00,0.00,,0.00,,0.00,0.00,,,0.00,0.00,0.00,0.00,,,,,0.00,,,
WQP_USA_2026,USGS-03105500,Surface Water,40.88867389,-80.33700835,,9/28/2022,,EPA 1633,,,ng/L,3.40,2.90,,0.00,0.50,1.40,3.40,1.60,0.00,,,,,,,,,,3.90,0.00,4.70,4.40,,0.00,,,,,,,0.00,0.00,,,0.00,0.00,,0.00,,0.00,0.00,,,0.00,0.00,0.00,0.00,,,,,0.00,,,
WQP_USA_2026,USGS-03105500,Surface Water,40.88867389,-80.33700835,,10/25/2022,,EPA 1633,,,ng/L,3.40,2.80,,,0.80,1.40,3.70,1.40,,,,,,,,,,,3.90,,5.50,5.70,,,,,,,,,,,,,,,,,,,,,,,,0.00,,,,,,,,,
WQP_USA_2026,USGS-03105500,Surface Water,40.88867389,-80.33700835,,11/14/2022,,EPA 1633,,,ng/L,2.90,3.20,,0.60,0.70,1.70,3.00,1.50,0.00,,,,,,,,,,3.10,0.00,4.50,3.30,,0.00,,,,,,,0.00,0.00,,,0.00,0.00,,0.00,,0.00,0.00,,,0.00,0.00,0.00,0.00,,,,,0.00,,,
WQP_USA_2026,USGS-03105500,Surface Water,40.88867389,-80.33700835,,12/12/2022,,EPA 1633,,,ng/L,2.00,1.50,,0.00,0.50,0.70,2.20,1.00,0.00,,,,,,,,,,2.10,0.00,3.10,3.30,,0.00,,,,,,,0.00,0.00,,,0.00,0.00,,0.00,,0.00,0.00,,,0.00,0.00,0.00,0.00,,,,,0.00,,,
WQP_USA_2026,USGS-03105500,Surface Water,40.88867389,-80.33700835,,1/23/2023,,EPA 1633,,,ng/L,2.00,1.60,,0.00,0.40,0.90,1.80,0.80,0.00,,,,,,,,,,1.80,0.00,3.00,3.10,,0.00,,,,,,,0.00,0.00,,,0.00,0.00,,0.00,,0.00,0.00,,,0.00,0.00,0.00,0.00,,,,,0.00,,,
WQP_USA_2026,USGS-03105500,Surface Water,40.88867389,-80.33700835,,2/6/2023,,EPA 1633,,,ng/L,2.20,1.90,,0.00,0.00,0.90,2.60,1.10,0.00,,,,,,,,,,2.00,0.00,3.20,4.20,,0.00,,,,,,,0.00,0.00,,,0.00,0.00,,0.00,,0.00,0.00,,,0.00,0.00,0.00,0.00,,,,,0.00,,,
WQP_USA_2026,USGS-03105500,Surface Water,40.88867389,-80.33700835,,3/7/2023,,EPA 1633,,,ng/L,1.50,2.00,,0.00,0.00,1.00,1.40,0.70,0.00,,,,,,,,,,1.20,0.00,2.00,1.30,,0.00,,,,,,,0.00,0.00,,,0.00,0.00,,0.00,,0.00,0.00,,,0.00,0.00,0.00,0.50,,,,,0.00,,,
WQP_USA_2026,USGS-03105500,Surface Water,40.88867389,-80.33700835,,4/3/2023,,EPA 1633,,,ng/L,1.80,2.20,,0.00,0.00,1.00,1.90,0.80,0.00,,,,,,,,,,1.40,0.00,2.70,2.00,,0.00,,,,,,,0.00,0.00,,,0.00,0.00,,0.00,,0.00,0.00,,,0.00,0.00,0.00,0.70,,,,,0.00,,,
WQP_USA_2026,USGS-03105500,Surface Water,40.88867389,-80.33700835,,5/16/2023,,EPA 1633,,,ng/L,3.30,2.70,,0.00,0.50,1.60,3.20,1.40,0.00,,,,,,,,,,2.60,0.00,4.10,6.70,,0.00,,,,,,,0.00,0.00,,,0.00,0.00,,0.00,,0.00,0.00,,,0.00,0.00,0.00,0.00,,,,,0.00,,,
WQP_USA_2026,USGS-03105500,Surface Water,40.88867389,-80.33700835,,6/20/2023,,EPA 1633,,,ng/L,3.10,3.10,,0.50,0.50,1.30,4.50,1.40,0.00,,,1.70,,,,,,,3.30,0.00,5.00,8.10,,0.00,,,,,,,0.00,0.00,,,0.00,0.00,,0.00,,0.00,0.00,,,0.00,0.00,0.00,0.00,,,,,0.00,,,
WQP_USA_2026,USGS-03105500,Surface Water,40.88867389,-80.33700835,,7/25/2023,,EPA 1633,,,ng/L,3.60,5.00,,0.80,0.90,1.60,4.50,1.70,0.00,,,1.90,,,,,,,3.90,0.00,5.60,8.90,,0.00,,,,,,,0.00,0.00,,,0.00,0.00,,0.00,,0.00,0.00,,,0.00,0.00,0.00,0.80,,,,,0.00,,,
WQP_USA_2026,USGS-03105500,Surface Water,40.88867389,-80.33700835,,8/24/2023,,EPA 1633,,,ng/L,3.90,4.90,,0.60,0.80,2.00,5.70,1.70,0.00,,,,,,,,,,5.10,0.00,7.30,18.00,,0.00,,,,,,,0.00,0.00,,,0.00,0.00,,0.00,,0.00,0.00,,,0.00,0.00,0.00,0.00,,,,,0.00,,,
WQP_USA_2026,USGS-03105500,Surface Water,40.88867389,-80.33700835,,9/18/2023,,EPA 1633,,,ng/L,2.90,2.60,,0.00,0.70,0.90,3.80,1.20,0.00,,,,,,,,,,3.30,0.00,4.80,15.00,,0.00,,,,,,,0.00,0.00,,,0.00,0.00,,0.00,,0.00,0.00,,,0.00,0.00,0.00,0.00,,,,,0.00,,,
WQP_USA_2026,USGS-03105500,Surface Water,40.88867389,-80.33700835,,10/23/2023,,EPA 1633,,,ng/L,3.10,2.80,,,0.70,1.20,5.00,1.40,,,,,,,,,,,4.00,,4.90,46.00,,,,,,,,,,,,,,,,,,,,,,,,0.00,,,,,,,,,
WQP_USA_2026,USGS-03105500,Surface Water,40.88867389,-80.33700835,,11/20/2023,,EPA 1633,,,ng/L,2.80,2.20,,0.00,0.60,1.10,4.10,1.30,0.00,,,,,,,,,,3.30,0.00,4.50,25.00,,0.00,,,,,,,0.00,0.00,,,0.00,0.00,,0.00,,0.00,0.00,,,0.00,0.00,0.00,0.00,,,,,0.00,,,
WQP_USA_2026,USGS-03105500,Surface Water,40.88867389,-80.33700835,,12/12/2023,,EPA 1633,,,ng/L,2.40,2.20,,0.00,0.00,1.00,3.00,1.10,0.00,,,,,,,,,,2.50,0.00,4.40,15.00,,0.00,,,,,,,0.00,0.00,,,0.00,0.00,,0.00,,0.00,0.00,,,0.00,0.00,0.00,0.00,,,,,0.00,,,
WQP_USA_2026,USGS-03105500,Surface Water,40.88867389,-80.33700835,,1/24/2024,,EPA 1633,,,ng/L,2.40,2.10,,,,0.90,3.00,0.90,,,,,,,,,,,2.10,,4.20,23.00,,,,,,,,,,,,,,,,,,,,,,,,0.00,,,,,,,,,
WQP_USA_2026,USGS-03105500,Surface Water,40.88867389,-80.33700835,,2/12/2024,,EPA 1633,,,ng/L,2.50,1.70,,,,0.80,3.10,1.00,,,,,,,,,,,2.30,,4.10,22.00,,,,,,,,,,,,,,,,,,,,,,,,0.00,0.50,,,,,,,,
WQP_USA_2026,USGS-03105500,Surface Water,40.88867389,-80.33700835,,3/20/2024,,EPA 1633,,,ng/L,2.00,2.50,,,,1.20,2.50,0.90,,,,,,,,,,,2.00,,4.20,3.20,,,,,,,,,,,,,,,,,,,,,,,,,,,,,,,,,
WQP_USA_2026,USGS-03105500,Surface Water,40.88867389,-80.33700835,,4/9/2024,,EPA 1633,,,ng/L,2.30,1.80,,,,0.90,2.20,0.80,,,,,,,,,,,1.40,,3.40,13.00,,,,,,,,,,,,,,,,,,,,,,,,,,,,,,,,,
WQP_USA_2026,USGS-03105500,Surface Water,40.88867389,-80.33700835,,5/8/2024,,EPA 1633,,,ng/L,3.10,3.60,,,0.70,1.50,2.80,1.20,,,,,,,,,,,2.40,,5.20,6.30,,,,,,,,,,,,,,,,,,,,,,,,0.00,,,,,,,,,
WQP_USA_2026,USGS-03105500,Surface Water,40.88867389,-80.33700835,,6/24/2024,,EPA 1633,,,ng/L,3.40,3.60,,0.50,0.50,1.40,4.40,1.40,0.00,,,,,,,,,,4.00,0.00,6.20,12.00,,,,,,,,,0.00,0.00,,,0.00,0.00,,0.00,,0.00,0.00,,,0.00,0.00,0.00,0.00,,,,,0.00,,,
WQP_USA_2026,USGS-03105500,Surface Water,40.88867389,-80.33700835,,7/22/2024,,EPA 1633,,,ng/L,4.30,3.80,,,0.80,2.50,4.90,1.60,,,,,,,,,,,4.90,,6.70,14.00,,,,,,,,,,,,,,,,,,,,,,,,0.00,,,,,,,,,
WQP_USA_2026,USGS-03105500,Surface Water,40.88867389,-80.33700835,,8/12/2024,,EPA 1633,,,ng/L,4.10,4.30,,0.00,0.90,2.00,4.60,1.60,0.00,,,,,,,,,,5.20,0.00,6.00,9.20,,,,,,,,,0.00,0.00,,,0.00,0.00,,0.00,,0.00,0.00,,,0.00,0.00,0.00,0.00,,,,,0.00,,,
WQP_USA_2026,USGS-03105500,Surface Water,40.88867389,-80.33700835,,9/23/2024,,EPA 1633,,,ng/L,4.10,2.50,,0.00,0.80,1.10,5.90,1.50,0.00,,,,,,,,,,5.60,0.00,7.00,23.00,,,,,,,,,0.00,0.00,,,0.00,0.00,,0.00,,0.00,0.00,,,0.00,0.00,0.00,0.00,,,,,0.00,,,
WQP_USA_2026,USGS-03105500,Surface Water,40.88867389,-80.33700835,,10/16/2024,,EPA 1633,,,ng/L,3.90,3.20,,0.50,0.80,1.70,5.00,1.70,0.00,,,,,,,,,,5.10,0.00,6.30,17.00,,,,,,,,,0.00,0.00,,,0.00,0.00,,0.00,,0.00,0.00,,,0.00,0.00,0.00,0.00,,,,,0.00,,,
WQP_USA_2026,USGS-03105500,Surface Water,40.88867389,-80.33700835,,11/14/2024,,EPA 1633,,,ng/L,4.10,3.80,,0.70,0.70,1.40,6.00,1.40,0.00,,,,,,,,,,5.40,0.00,7.20,25.00,,0.00,,,,,,,0.00,0.00,,,0.00,0.00,,0.00,,0.00,0.00,,,0.00,0.00,0.00,0.00,,,,,0.00,,,
WQP_USA_2026,USGS-03105500,Surface Water,40.88867389,-80.33700835,,12/17/2024,,EPA 1633,,,ng/L,2.50,3.00,,,0.60,1.30,2.40,1.10,,,,,,,,,,,2.80,,4.50,11.00,,,,,,,,,,,,,,,,,,,,,,,,0.00,,,,,,,,,
WQP_USA_2026,USGS-03105500,Surface Water,40.88867389,-80.33700835,,1/23/2025,,EPA 1633,,,ng/L,2.50,2.10,,,,1.40,3.30,0.90,,,,,,,,,,,2.50,,4.90,20.00,,,,,,,,,,,,,,,,,,,,,,,,0.00,1.40,,,,,,,,
WQP_USA_2026,USGS-03105500,Surface Water,40.88867389,-80.33700835,,2/26/2025,,EPA 1633,,,ng/L,3.00,2.00,,0.00,0.50,1.30,3.30,1.00,0.00,,,,,,,,,,2.90,0.00,4.20,39.00,,0.00,,,,,,,0.00,0.00,,,0.00,0.00,,0.00,,0.00,0.00,,,0.00,0.00,0.00,0.00,,,,,0.00,,,
WQP_USA_2026,USGS-03105500,Surface Water,40.88867389,-80.33700835,,3/31/2025,,EPA 1633,,,ng/L,3.00,2.50,,0.00,0.00,1.40,4.20,1.20,0.00,,,,,,,,,,3.10,0.00,4.70,9.50,,0.00,,,,,,,0.00,0.00,,,0.00,0.00,,0.00,,0.00,0.00,,,0.00,0.00,0.00,0.00,,,,,0.00,,,
WQP_USA_2026,USGS-03105500,Surface Water,40.88867389,-80.33700835,,4/14/2025,,EPA 1633,,,ng/L,0.80,0.60,,0.40,0.00,,0.60,0.00,0.00,,,,,,,,,,,0.00,,0.60,,0.00,,,,,,,0.00,0.00,,,0.00,0.00,,0.00,,0.00,0.00,,,0.00,0.00,0.00,0.60,,,,,0.00,,,
WQP_USA_2026,USGS-03105810,Surface Water,40.80589829,-79.96505795,,9/9/2019,,EPA 1633,,,ng/L,2.60,3.80,,,,1.30,4.60,1.30,,,,,,,,,,,6.60,,3.20,2.00,,,,,,,,,,,,,,,,,,,,,,,,,,,,,,,,,
WQP_USA_2026,USGS-03106000,Surface Water,40.8170092,-80.24228371,,9/9/2019,,EPA 1633,,,ng/L,4.60,5.20,,,,2.30,7.20,2.00,,,,,,,,,,,7.40,,5.50,8.80,,,,,,,,,,,,,,,,,,,,,,,,,,,,,,,,,
WQP_USA_2026,USGS-03106500,Surface Water,40.88390519,-80.23366042,,9/9/2019,,EPA 1633,,,ng/L,1.40,0.80,,,,,1.60,,,,,,,,,,,,,,,,,,,,,,,,,,,,,,,,,,,,,,,,,,,,,,,,
WQP_USA_2026,USGS-03107500,Surface Water,40.76335103,-80.31505239,,9/9/2019,,EPA 1633,,,ng/L,3.30,2.60,,,0.90,0.80,3.20,1.80,,,,,,,,,,,3.30,,5.00,9.30,,,,,,,,,,,,,,,,,,,,,,,,,,,,,,,,,
WQP_USA_2026,USGS-03107500,Surface Water,40.76335103,-80.31505239,,10/20/2020,,EPA 537.1,,,ng/L,,,,,,,5.60,,,,,,,,,,,,,,,25.30,,,,,,,,,,,,,,,,,,,,,,,,,,,,,,,,,
WQP_USA_2026,USGS-03107500,Surface Water,40.76335103,-80.31505239,,11/17/2020,,EPA 537.1,,,ng/L,,,,,,,,,,,,,,,,,,,,,,46.40,,,,,,,,,,,,,,,,,,,,,,,,,,,,,,,,,
WQP_USA_2026,USGS-03107500,Surface Water,40.76335103,-80.31505239,,12/15/2020,,EPA 537.1,,,ng/L,,,,,,,,,,9.10,,,,,,,,,,,,15.60,,,,,,,,,,,,,,,,,,,,,,,,,,,,,,,,,
WQP_USA_2026,USGS-03107500,Surface Water,40.76335103,-80.31505239,,1/26/2021,,EPA 537.1,,,ng/L,,,,,,,,,,,,,,,,,,,,,,12.40,,,,,,,,,,,,,,,,,,,,,,,,,,,,,,,,,
WQP_USA_2026,USGS-03107500,Surface Water,40.76335103,-80.31505239,,2/17/2021,,EPA 537.1,,,ng/L,,,,,,,,,,,,,,,,,,,,,,15.70,,,,,,,,,,,,,,,,,,,,,,,,,,,,,,,,,
WQP_USA_2026,USGS-03107500,Surface Water,40.76335103,-80.31505239,,3/22/2021,,EPA 537.1,,,ng/L,,,,,,,,,,,,,,,,,,,,,,6.30,,,,,,,,,,,,,,,,,,,,,,,,,,,,,,,,,
WQP_USA_2026,USGS-03107500,Surface Water,40.76335103,-80.31505239,,4/20/2021,,EPA 537.1,,,ng/L,,,,,,,,,,,,,,,,,,,,,,4.30,,,,,,,,,,,,,,,,,,,,,,,,,,,,,,,,,
WQP_USA_2026,USGS-03107500,Surface Water,40.76335103,-80.31505239,,5/18/2021,,EPA 537.1,,,ng/L,,,,,,,,,,,,,,,,,,,,,,32.70,,,,,,,,,,,,,,,,,,,,,,,,,,,,,,,,,
WQP_USA_2026,USGS-03107500,Surface Water,40.76335103,-80.31505239,,6/16/2021,,EPA 537.1,,,ng/L,,3.60,,,,,,,,,,,,,,,,,,,,5.30,,,,,,,,,,,,,,,,,,,,,,,,,,,,,,,,,
WQP_USA_2026,USGS-03107500,Surface Water,40.76335103,-80.31505239,,7/12/2021,,EPA 537.1,,,ng/L,,3.80,,,,,,,,,,,,,,,,,,,,6.90,,,,,,,,,,,,,,,,,,,,,,,,,,,,,,,,,
WQP_USA_2026,USGS-03107500,Surface Water,40.76335103,-80.31505239,,8/10/2021,,EPA 537.1,,,ng/L,,,,,,,,,,,,,,,,,,,,,,14.60,,,,,,,,,,,,,,,,,,,,,,,,,,,,,,,,,
WQP_USA_2026,USGS-03107500,Surface Water,40.76335103,-80.31505239,,9/13/2021,,EPA 537.1,,,ng/L,,,,,,,,,,,,,,,,,,,,,,14.60,,,,,,,,,,,,,,,,,,,,,,,,,,,,,,,,,
WQP_USA_2026,USGS-03107500,Surface Water,40.76335103,-80.31505239,,10/5/2021,,EPA 537.1,,,ng/L,3.70,,,,,,4.60,,,,,,,,,,,,,,,26.10,,,,,,,,,,,,,,,,,,,,,,,,,,,,,,,,,
WQP_USA_2026,USGS-03107500,Surface Water,40.76335103,-80.31505239,,11/2/2021,,EPA 537.1,,,ng/L,,,,,,,,,,,,,,,,,,,,,,4.00,,,,,,,,,,,,,,,,,,,,,,,,,,,,,,,,,
WQP_USA_2026,USGS-03107500,Surface Water,40.76335103,-80.31505239,,12/13/2021,,EPA 537.1,,,ng/L,,,,,,,,,,,,,,,,,,,,,,19.20,,,,,,,,,,,,,,,,,,,,,,,,,,,,,,,,,
WQP_USA_2026,USGS-03107500,Surface Water,40.76335103,-80.31505239,,2/23/2022,,EPA 537.1,,,ng/L,2.40,2.50,,,,0.80,2.00,1.10,,,,,,,,,,,,,,11.40,,,,,,,,,,,,,,,,,,,,,,,,,,,,,,,,,
WQP_USA_2026,USGS-03107500,Surface Water,40.76335103,-80.31505239,,3/15/2022,,EPA 537.1,,,ng/L,1.60,,,,,,1.10,,,,,,,,,,,,,,,2.30,,,,,,,,,,,,,,,,,,,,,,,,,,,,,,,,,
WQP_USA_2026,USGS-03107500,Surface Water,40.76335103,-80.31505239,,4/19/2022,,EPA 537.1,,,ng/L,2.20,2.50,,,,1.20,2.20,0.80,,,,,,,,,,,,,,3.00,,,,,,,,,,,,,,,,,,,,,,,,,,,,,,,,,
WQP_USA_2026,USGS-03107500,Surface Water,40.76335103,-80.31505239,,6/22/2022,,EPA 537.1,,,ng/L,3.00,3.10,,,,1.60,4.00,1.50,,,,,,,,,,,,,,8.10,,,,,,,,,,,,,,,,,,,,,,,,,,,,,,,,,
WQP_USA_2026,USGS-03107500,Surface Water,40.76335103,-80.31505239,,7/13/2022,,EPA 537.1,,,ng/L,3.40,3.90,,,,1.70,4.50,1.60,,,,,,,,,,,,,,11.40,,,,,,,,,,,,,,,,,,,,,,,,,,,,,,,,,
WQP_USA_2026,USGS-03107500,Surface Water,40.76335103,-80.31505239,,8/25/2022,,EPA 1633,,,ng/L,3.40,3.80,,0.50,0.90,1.60,5.00,1.60,0.00,,,,,,,,,,5.00,0.00,6.40,4.30,,0.00,,,,,,,0.00,0.00,,,0.00,0.00,,0.00,,0.00,0.00,,,0.00,0.00,0.00,0.00,,,,,0.00,,,
WQP_USA_2026,USGS-03107500,Surface Water,40.76335103,-80.31505239,,9/28/2022,,EPA 1633,,,ng/L,2.60,2.80,,0.00,0.60,1.20,3.40,1.50,0.00,,,,,,,,,,3.90,0.00,4.70,4.70,,0.00,,,,,,,0.00,0.00,,,0.00,0.00,,0.00,,0.00,0.00,,,0.00,0.00,0.00,0.80,,,,,0.00,,,
WQP_USA_2026,USGS-03107500,Surface Water,40.76335103,-80.31505239,,10/25/2022,,EPA 1633,,,ng/L,3.30,2.70,,0.50,0.70,1.20,4.70,1.80,0.00,,,,,,,,,,4.30,0.00,4.80,5.70,,0.00,,,,,,,0.00,0.00,,,0.00,0.00,,0.00,,0.00,0.00,,,0.00,0.00,0.00,0.00,,,,,0.00,,,
WQP_USA_2026,USGS-03107500,Surface Water,40.76335103,-80.31505239,,11/14/2022,,EPA 1633,,,ng/L,2.70,3.00,,0.00,0.50,1.10,2.70,1.40,0.00,,,1.60,,,,,,,2.90,0.00,4.60,3.40,,0.00,,,,,,,0.00,0.00,,,0.00,0.00,,0.00,,0.00,0.00,,,0.00,0.00,0.00,0.00,,,,,0.00,,,
WQP_USA_2026,USGS-03107500,Surface Water,40.76335103,-80.31505239,,12/12/2022,,EPA 1633,,,ng/L,2.00,1.90,,0.00,0.00,0.80,2.20,1.00,0.00,,,,,,,,,,2.10,0.00,2.40,2.70,,0.00,,,,,,,0.00,0.00,,,0.00,0.00,,0.00,,0.00,0.00,,,0.00,0.00,0.00,0.50,,,,,0.00,,,
WQP_USA_2026,USGS-03107500,Surface Water,40.76335103,-80.31505239,,1/23/2023,,EPA 1633,,,ng/L,1.50,1.50,,0.00,0.00,0.60,1.50,0.80,0.00,,,,,,,,,,1.60,0.00,,2.30,,0.00,,,,,,,0.00,0.00,,,0.00,0.00,,0.00,,0.00,0.00,,,0.00,0.00,0.00,0.00,,,,,0.00,,,
WQP_USA_2026,USGS-03107500,Surface Water,40.76335103,-80.31505239,,2/6/2023,,EPA 1633,,,ng/L,1.90,1.80,,0.00,0.00,0.70,2.30,0.90,0.00,,,,,,,,,,1.70,0.00,3.10,3.20,,0.00,,,,,,,0.00,0.00,,,0.00,0.00,,0.00,,0.00,0.00,,,0.00,0.00,0.00,0.00,,,,,0.00,,,
WQP_USA_2026,USGS-03107500,Surface Water,40.76335103,-80.31505239,,3/7/2023,,EPA 1633,,,ng/L,1.40,2.00,,0.00,0.00,0.80,1.30,0.70,0.00,,,,,,,,,,1.20,0.00,2.80,1.30,,0.00,,,,,,,0.00,0.00,,,0.00,0.00,,0.00,,0.00,0.00,,,0.00,0.00,0.00,0.60,,,,,0.00,,,
WQP_USA_2026,USGS-03107500,Surface Water,40.76335103,-80.31505239,,4/3/2023,,EPA 1633,,,ng/L,1.50,1.90,,0.00,0.00,0.80,1.40,0.80,0.00,,,,,,,,,,1.40,0.00,2.30,1.50,,0.00,,,,,,,0.00,0.00,,,0.00,0.00,,0.00,,0.00,0.00,,,0.00,0.00,0.00,0.00,,,,,0.00,,,
WQP_USA_2026,USGS-03107500,Surface Water,40.76335103,-80.31505239,,5/16/2023,,EPA 1633,,,ng/L,2.10,3.20,,0.00,0.40,1.00,2.60,1.00,0.00,,,,,,,,,,2.50,0.00,3.20,4.70,,0.00,,,,,,,0.00,0.00,,,0.00,0.00,,0.00,,0.00,0.00,,,0.00,0.00,0.00,0.00,,,,,0.00,,,
WQP_USA_2026,USGS-03107500,Surface Water,40.76335103,-80.31505239,,6/20/2023,,EPA 1633,,,ng/L,3.30,3.00,,,,0.90,4.70,1.60,,,,2.60,,,,,,,3.70,,4.30,6.80,,,,,,,,,,,,,,,,,,,,,,,,,,,,,,,,,
WQP_USA_2026,USGS-03107500,Surface Water,40.76335103,-80.31505239,,7/25/2023,,EPA 1633,,,ng/L,3.50,4.00,,0.60,0.80,1.40,3.70,1.40,0.00,,,2.10,,,,,,,3.90,0.00,5.30,6.00,,0.00,,,,,,,0.00,0.00,,,0.00,0.00,,0.00,,0.00,0.00,,,0.00,0.00,0.00,0.40,,,,,0.00,,,
WQP_USA_2026,USGS-03107500,Surface Water,40.76335103,-80.31505239,,8/24/2023,,EPA 1633,,,ng/L,3.10,3.50,,0.40,0.60,1.10,3.80,1.20,0.00,,,,,,,,,,3.90,0.00,4.90,10.00,,0.00,,,,,,,0.00,0.00,,,0.00,0.00,,0.00,,0.00,0.00,,,0.00,0.00,0.00,0.00,,,,,0.00,,,
WQP_USA_2026,USGS-03107500,Surface Water,40.76335103,-80.31505239,,9/18/2023,,EPA 1633,,,ng/L,2.80,2.90,,0.00,0.70,0.90,3.80,1.20,0.00,,,,,,,,,,3.80,0.00,5.20,12.00,,0.00,,,,,,,0.00,0.00,,,0.00,0.00,,0.00,,0.00,0.00,,,0.00,0.00,0.00,0.00,,,,,0.00,,,
WQP_USA_2026,USGS-03107500,Surface Water,40.76335103,-80.31505239,,10/23/2023,,EPA 1633,,,ng/L,3.80,3.40,,,0.60,1.40,5.20,1.40,,,,,,,,,,,4.60,,5.90,22.00,,,,,,,,,,,,,,,,,,,,,,,,0.00,,,,,,,,,
WQP_USA_2026,USGS-03107500,Surface Water,40.76335103,-80.31505239,,11/20/2023,,EPA 1633,,,ng/L,3.00,2.60,,0.00,0.00,0.90,4.30,1.30,0.00,,,,,,,,,,3.80,0.00,4.00,20.00,,0.00,,,,,,,0.00,0.00,,,0.00,0.00,,0.00,,0.00,0.00,,,0.00,0.00,0.00,0.00,,,,,0.00,,,
WQP_USA_2026,USGS-03107500,Surface Water,40.76335103,-80.31505239,,12/12/2023,,EPA 1633,,,ng/L,2.40,2.10,,,,0.80,2.60,0.80,,,,,,,,,,,2.50,,4.20,11.00,,,,,,,,,,,,,,,,,,,,,,,,0.00,,,,,,,,,
WQP_USA_2026,USGS-03107500,Surface Water,40.76335103,-80.31505239,,1/24/2024,,EPA 1633,,,ng/L,1.90,1.80,,,,0.80,2.60,0.80,,,,,,,,,,,2.00,,3.30,14.00,,,,,,,,,,,,,,,,,,,,,,,,,,,,,,,,,
WQP_USA_2026,USGS-03107500,Surface Water,40.76335103,-80.31505239,,2/12/2024,,EPA 1633,,,ng/L,2.00,1.70,,,,0.70,2.80,0.90,,,,,,,,,,,2.30,,3.60,18.00,,,,,,,,,,,,,,,,,,,,,,,,,,,,,,,,,
WQP_USA_2026,USGS-03107500,Surface Water,40.76335103,-80.31505239,,3/20/2024,,EPA 1633,,,ng/L,1.70,2.00,,,,0.90,1.70,0.70,,,,,,,,,,,1.50,,2.70,2.20,,,,,,,,,,,,,,,,,,,,,,,,0.00,,,,,,,,,
WQP_USA_2026,USGS-03107500,Surface Water,40.76335103,-80.31505239,,4/9/2024,,EPA 1633,,,ng/L,1.80,1.90,,,,0.90,2.10,0.80,,,,,,,,,,,1.40,,2.80,10.00,,,,,,,,,,,,,,,,,,,,,,,,0.00,,,,,,,,,
WQP_USA_2026,USGS-03107500,Surface Water,40.76335103,-80.31505239,,5/8/2024,,EPA 1633,,,ng/L,3.50,3.70,,0.00,0.70,1.80,2.80,1.30,0.00,,,,,,,,,,2.30,0.00,5.00,5.10,,,,,,,,,0.00,0.00,,,0.00,0.00,,0.00,,0.00,0.00,,,0.00,0.00,0.00,0.00,,,,,0.00,,,
WQP_USA_2026,USGS-03107500,Surface Water,40.76335103,-80.31505239,,6/24/2024,,EPA 1633,,,ng/L,3.20,3.90,,,0.60,1.40,4.20,1.30,,,,,,,,,,,4.00,,5.50,8.40,,,,,,,,,,,,,,,,,,,,,,,,0.00,,,,,,,,,
WQP_USA_2026,USGS-03107500,Surface Water,40.76335103,-80.31505239,,7/23/2024,,EPA 1633,,,ng/L,3.80,3.70,,0.50,0.90,1.30,4.50,1.40,,,,,,,,,,,4.70,,6.20,10.00,,,,,,,,,,,,,,,,,,,,,,,,0.00,,,,,,,,,
WQP_USA_2026,USGS-03107500,Surface Water,40.76335103,-80.31505239,,8/12/2024,,EPA 1633,,,ng/L,3.90,4.20,,0.50,0.60,1.70,3.70,1.30,0.00,,,,,,,,,,4.30,0.00,7.00,7.20,,,,,,,,,0.00,0.00,,,0.00,0.00,,0.00,,0.00,0.00,,,0.00,0.00,0.00,0.80,,,,,0.00,,,
WQP_USA_2026,USGS-03107500,Surface Water,40.76335103,-80.31505239,,9/23/2024,,EPA 1633,,,ng/L,4.00,3.10,,0.50,0.90,1.00,5.50,1.70,,,,,,,,,,,5.80,,6.60,15.00,,,,,,,,,,,,,,,,,,,,,,,,0.00,,,,,,,,,
WQP_USA_2026,USGS-03107500,Surface Water,40.76335103,-80.31505239,,10/16/2024,,EPA 1633,,,ng/L,3.60,2.90,,0.00,0.50,1.20,4.40,1.20,0.00,,,,,,,,,,4.70,0.00,5.70,12.00,,,,,,,,,0.00,0.00,,,0.00,0.00,,0.00,,0.00,0.00,,,0.00,0.00,0.00,0.00,,,,,0.00,,,
WQP_USA_2026,USGS-03107500,Surface Water,40.76335103,-80.31505239,,11/14/2024,,EPA 1633,,,ng/L,3.80,3.00,,,0.80,1.20,4.90,1.40,,,,,,,,,,,5.00,,6.80,21.00,,,,,,,,,,,,,,,,,,,,,,,,0.00,,,,,,,,,
WQP_USA_2026,USGS-03107500,Surface Water,40.76335103,-80.31505239,,12/17/2024,,EPA 1633,,,ng/L,2.50,2.70,,,0.50,0.90,2.20,0.90,,,,,,,,,,,2.20,,4.10,7.90,,,,,,,,,,,,,,,,,,,,,,,,0.00,,,,,,,,,
WQP_USA_2026,USGS-03107500,Surface Water,40.76335103,-80.31505239,,1/28/2025,,EPA 1633,,,ng/L,2.60,1.90,,,,1.00,3.70,0.90,,,,,,,,,,,2.50,,4.90,21.00,,,,,,,,,,,,,,,,,,,,,,,,0.00,1.70,,,,,,,,
WQP_USA_2026,USGS-03107500,Surface Water,40.76335103,-80.31505239,,2/26/2025,,EPA 1633,,,ng/L,2.70,1.90,,0.00,0.00,1.00,2.80,0.70,0.00,,,,,,,,,,2.50,0.00,4.30,34.00,,0.00,,,,,,,0.00,0.00,,,0.00,0.00,,0.00,,0.00,0.00,,,0.00,0.00,0.00,0.00,,,,,0.00,,,
WQP_USA_2026,USGS-03107500,Surface Water,40.76335103,-80.31505239,,3/31/2025,,EPA 1633,,,ng/L,2.50,2.20,,,,1.10,3.00,0.70,,,,,,,,,,,2.40,,3.60,5.70,,,,,,,,,,,,,,,,,,,,,,,,0.00,,,,,,,,,
WQP_USA_2026,USGS-03107500,Surface Water,40.76335103,-80.31505239,,4/14/2025,,EPA 1633,,,ng/L,1.80,1.50,,0.00,0.00,0.80,2.00,0.70,0.00,,,,,,,,,,1.20,0.00,2.20,6.20,,0.00,,,,,,,0.00,0.00,,,0.00,0.00,,0.00,,0.00,0.00,,,0.00,0.00,0.00,0.50,,,,,0.00,,,
WQP_USA_2026,USGS-031076130,Surface Water,40.71483333,-80.3055,,11/30/2022,,EPA 1633,,,ng/L,3.30,3.20,,0.00,0.60,1.10,2.10,1.10,0.00,,,,,,,,,,2.00,0.00,2.60,2.30,,0.00,,,,,,,0.00,0.00,,,0.00,0.00,,0.00,,0.00,0.00,,,0.00,0.00,0.00,0.00,,,,,0.00,,,
WQP_USA_2026,USGS-031076130,Surface Water,40.71483333,-80.3055,,3/13/2023,,EPA 1633,,,ng/L,1.10,1.40,,0.00,0.00,0.70,0.50,0.00,0.00,,,,,,,,,,,0.00,,0.70,,0.00,,,,,,,0.00,0.00,,,0.00,0.00,,0.00,,0.00,0.00,,,0.00,0.00,0.00,0.80,,,,,0.00,,,
WQP_USA_2026,USGS-031076130,Surface Water,40.71483333,-80.3055,,5/10/2023,,EPA 1633,,,ng/L,1.30,1.80,,0.00,0.00,0.70,0.50,0.00,0.00,,,,,,,,,,,0.00,,0.70,,0.00,,,,,,,0.00,0.00,,,0.00,0.00,,0.00,,0.00,0.00,,,0.00,0.00,0.00,0.80,,,,,0.00,,,
WQP_USA_2026,USGS-031076130,Surface Water,40.71483333,-80.3055,,8/14/2023,,EPA 1633,,,ng/L,2.90,2.70,,0.00,0.50,0.90,1.50,0.80,0.00,,,1.70,,,,,,,1.80,0.00,3.00,1.50,,0.00,,,,,,,0.00,0.00,,,0.00,0.00,,0.00,,0.00,0.00,,,0.00,0.00,0.00,0.70,,,,,0.00,,,
WQP_USA_2026,USGS-031076135,Surface Water,40.71536111,-80.305,,11/30/2022,,EPA 1633,,,ng/L,3.20,3.40,,,0.50,1.10,1.40,0.90,,,,,,,,,,,1.90,,2.10,1.50,,,,,,,,,,,,,,,,,,,,,,,,0.00,,,,,,,,,
WQP_USA_2026,USGS-031076135,Surface Water,40.71536111,-80.305,,3/13/2023,,EPA 1633,,,ng/L,1.70,1.90,,0.00,0.00,0.80,1.20,0.00,0.00,,,,,,,,,,1.00,0.00,,1.00,,0.00,,,,,,,0.00,0.00,,,0.00,0.00,,0.00,,0.00,0.00,,,0.00,0.00,0.00,0.00,,,,,0.00,,,
WQP_USA_2026,USGS-031076135,Surface Water,40.71536111,-80.305,,5/10/2023,,EPA 1633,,,ng/L,1.80,2.00,,0.00,0.00,0.70,1.20,0.50,0.00,,,,,,,,,,1.10,0.00,,1.20,,0.00,,,,,,,0.00,0.00,,,0.00,0.00,,0.00,,0.00,0.00,,,0.00,0.00,0.00,0.60,,,,,0.00,,,
WQP_USA_2026,USGS-031076135,Surface Water,40.71536111,-80.305,,8/14/2023,,EPA 1633,,,ng/L,3.60,3.20,,,0.50,1.20,2.00,1.00,,,,,,,,,,,2.30,,3.60,2.20,,,,,,,,,,,,,,,,,,,,,,,,0.00,,,,,,,,,
WQP_USA_2026,USGS-03108000,Surface Water,40.62779694,-80.33755359,,9/19/2019,,EPA 1633,,,ng/L,2.60,1.30,,,,,2.60,,,,,,,,,,,,3.10,,,1.40,,,,,,,,,,,,,,,,,,,,,,,,,,,,,,,,,
WQP_USA_2026,USGS-03108000,Surface Water,40.62779694,-80.33755359,,10/20/2020,,EPA 537.1,,,ng/L,,,,,,,4.80,,,,,,,,,,,,,,,,,,,,,,,,,,,,,,,,,,,,,,,,,,,,,,,,
WQP_USA_2026,USGS-03108000,Surface Water,40.62779694,-80.33755359,,2/24/2022,,EPA 537.1,,,ng/L,2.10,1.80,,,,0.90,0.90,,,,,,,,,,,,,,,1.00,,,,,,,,,,,,,,,,,,,,,,,,,,,,,,,,,
WQP_USA_2026,USGS-03108000,Surface Water,40.62779694,-80.33755359,,3/16/2022,,EPA 537.1,,,ng/L,1.50,,,,,,,,,,,,,,,,,,,,,,,,,,,,,,,,,,,,,,,,,,,,,,,,,,,,,,
WQP_USA_2026,USGS-03108000,Surface Water,40.62779694,-80.33755359,,4/20/2022,,EPA 537.1,,,ng/L,1.20,,,,,,0.90,,,,,,,,,,,,,,,,,,,,,,,,,,,,1.50,,,1.30,,,,,,,,,,,,,,,,,
WQP_USA_2026,USGS-03108000,Surface Water,40.62779694,-80.33755359,,6/30/2022,,EPA 537.1,,,ng/L,2.20,1.60,,,,0.70,1.80,,,,,,,,,,,,,,,1.90,,,,,,,,,,,,,,,,,,,,,,,,,,,,,,,,,
WQP_USA_2026,USGS-03108000,Surface Water,40.62779694,-80.33755359,,7/14/2022,,EPA 537.1,,,ng/L,3.10,2.60,,,,0.90,2.20,,,,,,,,,,,,,,,2.10,,,,,,,,,,,,,,,,,,,,,,,,,,,,,,,,,
WQP_USA_2026,USGS-03108000,Surface Water,40.62779694,-80.33755359,,8/30/2022,,EPA 1633,,,ng/L,5.60,5.60,,0.00,1.00,1.90,2.50,1.70,0.00,,,,,,,,,,3.70,0.00,9.00,3.70,,0.00,,,,,,,0.00,0.00,,,0.00,0.00,,0.00,,0.00,0.00,,,0.00,0.00,0.00,1.20,,,,,0.00,,,
WQP_USA_2026,USGS-03108000,Surface Water,40.62779694,-80.33755359,,9/29/2022,,EPA 1633,,,ng/L,1.60,1.40,,0.00,0.00,0.80,1.60,0.40,0.00,,,,,,,,,,1.80,0.00,3.30,1.80,,0.00,,,,,,,0.00,0.00,,,0.00,0.00,,0.00,,0.00,0.00,,,0.00,0.00,0.00,0.00,,,,,0.00,,,
WQP_USA_2026,USGS-03108000,Surface Water,40.62779694,-80.33755359,,10/26/2022,,EPA 1633,,,ng/L,2.50,1.60,,0.00,0.00,0.70,1.60,0.70,0.00,,,,,,,,,,2.00,0.00,4.40,1.40,,0.00,,,,,,,0.00,0.00,,,0.00,0.00,,0.00,,0.00,0.00,,,0.00,0.00,0.00,0.00,,,,,0.00,,,
WQP_USA_2026,USGS-03108000,Surface Water,40.62779694,-80.33755359,,11/15/2022,,EPA 1633,,,ng/L,1.80,1.10,,0.00,0.00,0.50,1.80,0.60,0.00,,,,,,,,,,2.00,0.00,4.00,1.30,,0.00,,,,,,,0.00,0.00,,,0.00,0.00,,0.00,,0.00,0.00,,,0.00,0.00,0.00,0.00,,,,,0.00,,,
WQP_USA_2026,USGS-03108000,Surface Water,40.62779694,-80.33755359,,12/15/2022,,EPA 1633,,,ng/L,1.60,1.10,,0.00,0.00,0.90,1.20,0.50,0.00,,,,,,,,,,1.40,0.00,,1.40,,0.00,,,,,,,0.00,0.00,,,0.00,0.00,,0.00,,0.00,0.00,,,0.00,0.00,0.00,0.00,,,,,0.00,,,
WQP_USA_2026,USGS-03108000,Surface Water,40.62779694,-80.33755359,,1/25/2023,,EPA 1633,,,ng/L,1.30,0.90,,0.00,0.00,0.50,0.60,0.00,0.00,,,,,,,,,,,0.00,,0.80,,0.00,,,,,,,0.00,0.00,,,0.00,0.00,,0.00,,0.00,0.00,,,0.00,0.00,0.00,0.50,,,,,0.00,,,
WQP_USA_2026,USGS-03108000,Surface Water,40.62779694,-80.33755359,,2/7/2023,,EPA 1633,,,ng/L,1.10,1.10,,0.00,0.00,0.50,0.90,0.40,0.00,,,,,,,,,,0.80,0.00,,0.90,,0.00,,,,,,,0.00,0.00,,,0.00,0.00,,0.00,,0.00,0.00,,,0.00,0.00,0.00,0.00,,,,,0.00,,,
WQP_USA_2026,USGS-03108000,Surface Water,40.62779694,-80.33755359,,3/8/2023,,EPA 1633,,,ng/L,1.00,1.00,,0.00,0.00,0.00,0.70,0.00,0.00,,,,,,,,,,,0.00,,0.70,,0.00,,,,,,,0.00,0.00,,,0.00,0.00,,0.00,,0.00,0.00,,,0.00,0.00,0.00,0.60,,,,,0.00,,,
WQP_USA_2026,USGS-03108000,Surface Water,40.62779694,-80.33755359,,4/4/2023,,EPA 1633,,,ng/L,1.20,1.00,,0.00,0.00,0.50,0.70,0.00,0.00,,,,,,,,,,,0.00,,0.80,,0.00,,,,,,,0.00,0.00,,,0.00,0.00,,0.00,,0.00,0.00,,,0.00,0.00,0.00,0.40,,,,,0.00,,,
WQP_USA_2026,USGS-03108000,Surface Water,40.62779694,-80.33755359,,5/9/2023,,EPA 1633,,,ng/L,1.20,1.20,,0.00,0.00,0.50,0.80,0.40,0.00,,,,,,,,,,0.80,0.00,,0.60,,0.00,,,,,,,0.00,0.00,,,0.00,0.00,,0.00,,0.00,0.00,,,0.00,0.00,0.00,0.60,,,,,0.00,,,
WQP_USA_2026,USGS-03108000,Surface Water,40.62779694,-80.33755359,,6/21/2023,,EPA 1633,,,ng/L,2.80,1.90,,0.00,0.00,0.50,2.60,0.70,0.00,,,,,,,,,,2.40,0.00,5.90,1.20,,0.00,,,,,,,0.00,0.00,,,0.00,0.00,,0.00,,0.00,0.00,,,0.00,0.00,0.00,0.00,,,,,0.00,,,
WQP_USA_2026,USGS-03108000,Surface Water,40.62779694,-80.33755359,,7/26/2023,,EPA 1633,,,ng/L,3.40,2.30,,0.00,0.70,0.80,3.10,0.80,0.00,,,1.70,,,,,,,3.20,0.00,4.70,1.60,,0.00,,,,,,,0.00,0.00,,,0.00,0.00,,0.00,,0.00,0.00,,,0.00,0.00,0.00,0.00,,,,,0.00,,,
WQP_USA_2026,USGS-03108000,Surface Water,40.62779694,-80.33755359,,8/29/2023,,EPA 1633,,,ng/L,2.80,2.20,,,0.50,0.80,1.80,0.70,,,,,,,,,,,2.40,,3.30,1.50,,,,,,,,,,,,,,,,,,,,,,,,0.00,0.60,,,,,,,,
WQP_USA_2026,USGS-03108000,Surface Water,40.62779694,-80.33755359,,9/19/2023,,EPA 1633,,,ng/L,2.70,1.70,,,,0.60,2.40,0.60,,,,,,,,,,,2.80,,8.10,1.70,,,,,,,,,,,,,,,,,,,,,,,,0.00,,,,,,,,,
WQP_USA_2026,USGS-03108000,Surface Water,40.62779694,-80.33755359,,10/24/2023,,EPA 1633,,,ng/L,2.60,1.30,,0.00,0.00,0.60,2.40,0.70,0.00,,,,,,,,,,2.70,0.00,3.50,1.50,,0.00,,,,,,,0.00,0.00,,,0.00,0.00,,0.00,,0.00,0.00,,,0.00,0.00,0.00,0.60,,,,,0.00,,,
WQP_USA_2026,USGS-03108000,Surface Water,40.62779694,-80.33755359,,11/20/2023,,EPA 1633,,,ng/L,2.20,1.40,,0.00,0.00,0.60,2.20,0.70,0.00,,,,,,,,,,2.20,0.00,5.20,1.20,,0.00,,,,,,,0.00,0.00,,,0.00,0.00,,0.00,,0.00,0.00,,,0.00,0.00,0.00,0.00,,,,,0.00,,,
WQP_USA_2026,USGS-03108000,Surface Water,40.62779694,-80.33755359,,12/12/2023,,EPA 1633,,,ng/L,1.90,1.30,,0.00,0.00,0.70,1.80,0.60,0.00,,,,,,,,,,2.20,0.00,11.00,2.10,,0.00,,,,,,,0.00,0.00,,,0.00,0.00,,0.00,,0.00,0.00,,,0.00,0.00,0.00,0.50,,,,,0.00,,,
WQP_USA_2026,USGS-03108000,Surface Water,40.62779694,-80.33755359,,1/23/2024,,EPA 1633,,,ng/L,1.60,1.20,,,,0.60,1.00,,,,,,,,,,,,1.30,,4.00,1.00,,,,,,,,,,,,,,,,,,,,,,,,0.00,,,,,,,,,
WQP_USA_2026,USGS-03108000,Surface Water,40.62779694,-80.33755359,,2/14/2024,,EPA 1633,,,ng/L,1.30,0.90,,,,0.50,1.20,,,,,,,,,,,,1.20,,5.30,0.90,,,,,,,,,,,,,,,,,,,,,,,,0.00,,,,,,,,,
WQP_USA_2026,USGS-03108000,Surface Water,40.62779694,-80.33755359,,3/25/2024,,EPA 1633,,,ng/L,1.20,1.00,,,,0.50,0.90,0.50,,,,,,,,,,,0.90,,2.10,0.80,,,,,,,,,,,,,,,,,,,,,,,,0.00,,,,,,,,,
WQP_USA_2026,USGS-03108000,Surface Water,40.62779694,-80.33755359,,4/10/2024,,EPA 1633,,,ng/L,1.50,1.00,,0.00,0.00,0.50,0.80,0.00,0.00,,,,,,,,,,,0.00,3.90,0.80,,,,,,,,,0.00,0.00,,,0.00,0.00,,0.00,,0.00,0.00,,,0.00,0.00,0.00,0.00,,,,,0.00,,,
WQP_USA_2026,USGS-03108000,Surface Water,40.62779694,-80.33755359,,5/13/2024,,EPA 1633,,,ng/L,1.60,1.30,,,,0.50,0.80,0.50,,,,,,,,,,,,,,0.70,,,,,,,,,,,,,,,,,,,,,,,,0.00,,,,,,,,,
WQP_USA_2026,USGS-03108000,Surface Water,40.62779694,-80.33755359,,6/25/2024,,EPA 1633,,,ng/L,2.90,2.00,,0.00,0.00,0.80,3.20,0.70,0.00,,,,,,,,,,3.20,0.00,4.10,1.30,,,,,,,,,0.00,0.00,,,0.00,0.00,,0.00,,0.00,0.00,,,0.00,0.00,0.00,0.00,,,,,0.00,,,
WQP_USA_2026,USGS-03108000,Surface Water,40.62779694,-80.33755359,,7/22/2024,,EPA 1633,,,ng/L,3.40,1.90,,,0.70,0.80,5.00,1.10,,,,,,,,,,,5.80,,6.00,2.30,,,,,,,,,,,,,32.00,,,,,,,,,,,0.00,,,,,,,,,
WQP_USA_2026,USGS-03108000,Surface Water,40.62779694,-80.33755359,,8/14/2024,,EPA 1633,,,ng/L,3.10,2.40,,0.00,0.50,1.00,2.60,0.70,0.00,,,,,,,,,,2.40,0.00,3.50,1.80,,,,,,,,,0.00,0.00,,,0.00,0.00,,0.00,,0.00,0.00,,,0.00,0.00,0.00,0.00,,,,,0.00,,,
WQP_USA_2026,USGS-03108000,Surface Water,40.62779694,-80.33755359,,9/24/2024,,EPA 1633,,,ng/L,2.30,1.80,,0.00,0.00,0.70,4.10,0.60,0.00,,,,,,,,,,4.70,0.00,7.80,1.50,,,,,,,,,0.00,0.00,,,0.00,0.00,,0.00,,0.00,0.00,,,0.00,0.00,0.00,0.00,,,,,0.00,,,
WQP_USA_2026,USGS-03108000,Surface Water,40.62779694,-80.33755359,,10/17/2024,,EPA 1633,,,ng/L,2.60,1.10,,0.00,0.00,0.70,2.40,0.50,0.00,,,18.00,,,,,,,3.20,0.00,4.50,1.90,,,,,,,,,0.00,0.00,,,0.00,0.00,,0.00,,0.00,0.00,,,0.00,0.00,0.00,0.50,,,,,0.00,,,
WQP_USA_2026,USGS-03108000,Surface Water,40.62779694,-80.33755359,,11/12/2024,,EPA 1633,,,ng/L,2.80,2.10,,0.00,0.00,0.80,3.10,0.70,0.00,,,,,,,,,,4.00,0.00,4.70,2.40,,0.00,,,,,,,0.00,0.00,,,0.00,0.00,,0.00,,0.00,0.00,,,0.00,0.00,0.00,0.00,,,,,0.00,,,
WQP_USA_2026,USGS-03108000,Surface Water,40.62779694,-80.33755359,,12/16/2024,,EPA 1633,,,ng/L,2.40,1.60,,,,0.80,1.90,0.60,,,,,,,,,,,2.10,,3.60,2.00,,,,,,,,,,,,,,,,,,,,,,,,0.00,,,,,,,,,
WQP_USA_2026,USGS-03108000,Surface Water,40.62779694,-80.33755359,,2/10/2025,,EPA 1633,,,ng/L,2.50,1.60,,,,0.70,1.70,0.70,,,,,,,,,,,1.60,,3.20,1.60,,,,,,,,,,,,,,,,,,,,,,,,0.00,1.10,,,,,,,,
WQP_USA_2026,USGS-03108000,Surface Water,40.62779694,-80.33755359,,2/27/2025,,EPA 1633,,,ng/L,3.20,3.20,,,,1.50,1.70,0.80,,,,,,,,,,,2.20,,2.50,2.10,,,,,,,,,,,,,,,,,,,,,,,,0.00,,,,,,,,,
WQP_USA_2026,USGS-03108000,Surface Water,40.62779694,-80.33755359,,3/24/2025,,EPA 1633,,,ng/L,1.60,1.10,,0.00,0.00,0.50,1.60,0.00,0.00,,,,,,,,,,1.00,0.00,,1.00,,0.00,,,,,,,0.00,0.00,,,0.00,0.00,,0.00,,0.00,0.00,,,0.00,0.00,0.00,0.00,,,,,0.00,,,
WQP_USA_2026,USGS-03108000,Surface Water,40.62779694,-80.33755359,,4/15/2025,,EPA 1633,,,ng/L,1.60,1.40,,,,0.60,0.80,,,,,,,,,,,,,,2.60,0.80,,,,,,,,,,,,,,,,,,,,,,,,0.00,0.60,,,,,,,,
WQP_USA_2026,USGS-03109670,Surface Water,40.61950882,-80.58979338,,9/5/2019,,EPA 1633,,,ng/L,2.80,3.90,,,0.80,0.80,2.80,1.20,,,,,,,,,,,3.70,,4.20,1.80,,,,,,,,,,,,,,,,,,,,,,,,,,,,,,,,,
WQP_USA_2026,USGS-03109670,Surface Water,40.61950882,-80.58979338,,10/21/2020,,EPA 537.1,,,ng/L,,,,,,,,,,,,,,,,,,,,,,5.70,,,,,,,,,,,,,,,,,,,,,,,,,,,,,,,,,
WQP_USA_2026,USGS-03109670,Surface Water,40.61950882,-80.58979338,,11/18/2020,,EPA 537.1,,,ng/L,,,,,,,,,,,,,,,,,,,,,,7.00,,,,,,,,,,,,,,,,,,,,,,,,,,,,,,,,,
WQP_USA_2026,USGS-03109670,Surface Water,40.61950882,-80.58979338,,1/27/2021,,EPA 537.1,,,ng/L,,,,,,,,,,9.40,,,,,,,,,,,,,,,,,,,,,,,,,,,,,,,,,,,,,,,,,,,,,
WQP_USA_2026,USGS-03109670,Surface Water,40.61950882,-80.58979338,,8/16/2021,,EPA 537.1,,,ng/L,,,,,,,,,,,,,,,,,,,,,,6.30,,,,,,,,,,,,,,,,,,,,,,,,,,,,,,,,,
WQP_USA_2026,USGS-03109670,Surface Water,40.61950882,-80.58979338,,12/14/2021,,EPA 537.1,,,ng/L,,,,,,,,,,,,,,,,,,,,,,4.10,,,,,,,,,,,,,,,,,,,,,,,,,,,,,,,,,
WQP_USA_2026,USGS-03109670,Surface Water,40.61950882,-80.58979338,,2/24/2022,,EPA 537.1,,,ng/L,1.50,1.40,,,,,1.10,,,,,,,,,,,,,,,2.30,,,,,,,,,,,,,,,,,,,,,,,,,,,,,,,,,
WQP_USA_2026,USGS-03109670,Surface Water,40.61950882,-80.58979338,,4/20/2022,,EPA 537.1,,,ng/L,1.30,1.50,,,,,1.30,,,,,,,,,,,,,,,1.60,,,,,,,,,,,,,,,,,,,,,,,,,,,,,,,,,
WQP_USA_2026,USGS-03109670,Surface Water,40.61950882,-80.58979338,,6/30/2022,,EPA 537.1,,,ng/L,1.90,1.90,,,,0.70,1.70,,,,,,,,,,,,,,,1.40,,,,,,,,,,,,,,,,,,,,,,,,,,,,,,,,,
WQP_USA_2026,USGS-03109670,Surface Water,40.61950882,-80.58979338,,7/14/2022,,EPA 537.1,,,ng/L,2.40,2.50,,,,0.70,3.10,0.90,,,,,,,,,,,,,,3.10,,,,,,,,,,,,,,,,,,,,,,,,,,,,,,,,,
WQP_USA_2026,USGS-03109670,Surface Water,40.61950882,-80.58979338,,8/30/2022,,EPA 1633,,,ng/L,2.10,2.10,,0.00,0.00,0.80,1.40,0.70,0.00,,,,,,,,,,2.20,0.00,2.80,1.60,,0.00,,,,,,,0.00,0.00,,,0.00,0.00,,0.00,,0.00,0.00,,,0.00,0.00,0.00,0.60,,,,,0.00,,,
WQP_USA_2026,USGS-03109670,Surface Water,40.61950882,-80.58979338,,9/29/2022,,EPA 1633,,,ng/L,1.90,2.40,,,0.50,0.80,2.30,0.80,,,,,,,,,,,2.80,,3.40,2.60,,,,,,,,,,,,,,,,,,,,,,,,0.00,,,,,,,,,
WQP_USA_2026,USGS-03109670,Surface Water,40.61950882,-80.58979338,,10/26/2022,,EPA 1633,,,ng/L,0.00,0.00,,0.00,0.00,0.00,0.00,0.00,0.00,,,,,,,,,,,0.00,,0.00,,0.00,,,,,,,0.00,0.00,,,0.00,0.00,,0.00,,0.00,0.00,,,0.00,0.00,0.00,0.00,,,,,0.00,,,
WQP_USA_2026,USGS-03109670,Surface Water,40.61950882,-80.58979338,,11/15/2022,,EPA 1633,,,ng/L,1.60,2.10,,,,0.60,1.40,0.80,,,,,,,,,,,1.60,,2.10,1.20,,,,,,,,,,,,,,,,,,,,,,,,0.00,,,,,,,,,
WQP_USA_2026,USGS-03109670,Surface Water,40.61950882,-80.58979338,,12/15/2022,,EPA 1633,,,ng/L,1.00,0.80,,0.00,0.00,0.00,0.80,0.00,0.00,,,,,,,,,,,0.00,,0.80,,0.00,,,,,,,0.00,0.00,,,0.00,0.00,,0.00,,0.00,0.00,,,0.00,0.00,0.00,0.00,,,,,0.00,,,
WQP_USA_2026,USGS-03109670,Surface Water,40.61950882,-80.58979338,,1/25/2023,,EPA 1633,,,ng/L,0.70,0.60,,0.00,0.00,0.00,0.60,0.00,0.00,,,,,,,,,,,0.00,,0.70,,0.00,,,,,,,0.00,0.00,,,0.00,0.00,,0.00,,0.00,0.00,,,0.00,0.00,0.00,0.00,,,,,0.00,,,
WQP_USA_2026,USGS-03109670,Surface Water,40.61950882,-80.58979338,,2/7/2023,,EPA 1633,,,ng/L,1.00,0.70,,0.00,0.00,0.00,0.80,0.00,0.00,,,,,,,,,,0.90,0.00,,0.90,,0.00,,,,,,,0.00,0.00,,,0.00,0.00,,0.00,,0.00,0.00,,,0.00,0.00,0.00,0.00,,,,,0.00,,,
WQP_USA_2026,USGS-03109670,Surface Water,40.61950882,-80.58979338,,3/8/2023,,EPA 1633,,,ng/L,1.00,0.80,,0.00,0.00,0.00,0.70,0.50,0.00,,,,,,,,,,,0.00,,0.50,,0.00,,,,,,,0.00,0.00,,,0.00,0.00,,0.00,,0.00,0.00,,,0.00,0.00,0.00,0.00,,,,,0.00,,,
WQP_USA_2026,USGS-03109670,Surface Water,40.61950882,-80.58979338,,4/4/2023,,EPA 1633,,,ng/L,0.80,0.80,,0.00,0.00,0.00,0.70,0.00,0.00,,,,,,,,,,,0.00,,0.60,,0.00,,,,,,,0.00,0.00,,,0.00,0.00,,0.00,,0.00,0.00,,,0.00,0.00,0.00,0.40,,,,,0.00,,,
WQP_USA_2026,USGS-03109670,Surface Water,40.61950882,-80.58979338,,5/9/2023,,EPA 1633,,,ng/L,0.90,0.80,,0.00,0.00,0.00,0.70,0.00,0.00,,,2.10,,,,,,,,0.00,,0.70,,0.00,,,,,,,0.00,0.00,,,0.00,0.00,,0.00,,0.00,0.00,,,0.00,0.00,0.00,0.40,,,,,0.00,,,
WQP_USA_2026,USGS-03109670,Surface Water,40.61950882,-80.58979338,,6/21/2023,,EPA 1633,,,ng/L,1.90,2.00,,0.00,0.00,0.60,2.60,0.80,0.00,,,22.00,,,,,,,2.30,0.00,2.10,1.80,,0.00,,,,,,,0.00,0.00,,,0.00,0.00,,0.00,,0.00,0.00,,,0.00,0.00,0.00,0.00,,,,,0.00,,,
WQP_USA_2026,USGS-03109670,Surface Water,40.61950882,-80.58979338,,7/26/2023,,EPA 1633,,,ng/L,2.10,2.10,,,,,2.40,0.90,,,,80.00,,,,,,,2.40,,3.20,1.70,,,,,,,,,,,,,,,,,,,,,,,,0.00,1.10,,,,,,,,
WQP_USA_2026,USGS-03109670,Surface Water,40.61950882,-80.58979338,,8/29/2023,,EPA 1633,,,ng/L,2.30,2.40,,,0.50,0.50,2.20,0.80,,,,,,,,,,,2.40,,2.80,2.60,,,,,,,,,,,,,,,,,,,,,,,,0.00,,,,,,,,,
WQP_USA_2026,USGS-03109670,Surface Water,40.61950882,-80.58979338,,9/19/2023,,EPA 1633,,,ng/L,2.00,1.80,,0.00,0.50,0.60,2.00,0.80,0.00,,,,,,,,,,2.30,0.00,2.70,2.50,,0.00,,,,,,,0.00,0.00,,,0.00,0.00,,0.00,,0.00,0.00,,,0.00,0.00,0.00,0.00,,,,,0.00,,,
WQP_USA_2026,USGS-03109670,Surface Water,40.61950882,-80.58979338,,10/24/2023,,EPA 1633,,,ng/L,1.60,1.30,,,,,1.80,0.60,,,,,,,,,,,1.80,,2.20,3.00,,,,,,,,,,,,,,,,,,,,,,,,0.00,0.50,,,,,,,,
WQP_USA_2026,USGS-03109670,Surface Water,40.61950882,-80.58979338,,11/21/2023,,EPA 1633,,,ng/L,1.50,1.10,,,,,1.80,0.60,,,,,,,,,,,1.80,,,7.40,,,,,,,,,,,,,,,,,,,,,,,,0.00,,,,,,,,,
WQP_USA_2026,USGS-03109670,Surface Water,40.61950882,-80.58979338,,12/11/2023,,EPA 1633,,,ng/L,1.00,0.80,,,,,0.90,,,,,,,,,,,,1.00,,,1.40,,,,,,,,,,,,,,,,,,,,,,,,0.00,,,,,,,,,
WQP_USA_2026,USGS-03109670,Surface Water,40.61950882,-80.58979338,,1/23/2024,,EPA 1633,,,ng/L,,,,,,,,,,,,,,,,,,,,,,,,,,,,,,,,,,,,,,,,,,,,,,0.00,,,,,,,,,
WQP_USA_2026,USGS-03109670,Surface Water,40.61950882,-80.58979338,,2/14/2024,,EPA 1633,,,ng/L,0.90,0.70,,,,,0.80,,,,,,,,,,,,1.00,,,2.00,,,,,,,,,,,,,,,,,,,,,,,,0.00,0.50,,,,,,,,
WQP_USA_2026,USGS-03109670,Surface Water,40.61950882,-80.58979338,,3/25/2024,,EPA 1633,,,ng/L,0.90,0.80,,0.00,0.00,0.00,1.10,0.00,0.00,,,,,,,,,,,,,0.90,,0.00,,,,,,,0.00,0.00,,,0.00,0.00,,0.00,,0.00,0.00,,,0.00,0.00,0.00,0.00,,,,,0.00,,,
WQP_USA_2026,USGS-03109670,Surface Water,40.61950882,-80.58979338,,4/10/2024,,EPA 1633,,,ng/L,1.20,0.70,,,,,0.80,,,,,,,,,,,,,,,1.50,,,,,,,,,,,,,,,,,,,,,,,,0.00,,,,,,,,,
WQP_USA_2026,USGS-03109670,Surface Water,40.61950882,-80.58979338,,5/13/2024,,EPA 1633,,,ng/L,1.60,1.50,,,,0.60,1.50,0.50,,,,,,,,,,,1.50,,,1.30,,,,,,,,,,,,,,,,,,,,,,,,0.00,,,,,,,,,
WQP_USA_2026,USGS-03109670,Surface Water,40.61950882,-80.58979338,,6/25/2024,,EPA 1633,,,ng/L,1.60,1.90,,0.00,0.00,0.70,2.30,0.70,0.00,,,,,,,,,,2.00,0.00,2.80,1.80,,,,,,,,,0.00,0.00,,,0.00,0.00,,0.00,,0.00,0.00,,,0.00,0.00,0.00,0.00,,,,,0.00,,,
WQP_USA_2026,USGS-03109670,Surface Water,40.61950882,-80.58979338,,7/23/2024,,EPA 1633,,,ng/L,2.40,1.70,,,,0.80,2.40,0.80,,,,,,,,,,,2.90,,3.70,3.30,,,,,,,,,,,,,,,,,,,,,,,,,,,,,,,,,
WQP_USA_2026,USGS-03109670,Surface Water,40.61950882,-80.58979338,,8/14/2024,,EPA 1633,,,ng/L,2.40,2.00,,0.00,0.50,0.80,2.00,0.60,0.00,,,,,,,,,,2.20,0.00,2.60,1.90,,,,,,,,,0.00,0.00,,,0.00,0.00,,0.00,,0.00,0.00,,,0.00,0.00,0.00,0.00,,,,,0.00,,,
WQP_USA_2026,USGS-03109670,Surface Water,40.61950882,-80.58979338,,10/3/2024,,EPA 1633,,,ng/L,1.90,1.80,,0.00,0.50,0.60,2.60,0.70,0.00,,,,,,,,,,2.60,0.00,2.90,2.40,,,,,,,,,0.00,0.00,,,0.00,0.00,,0.00,,0.00,0.00,,,0.00,0.00,0.00,0.00,,,,,0.00,,,
WQP_USA_2026,USGS-03109670,Surface Water,40.61950882,-80.58979338,,10/17/2024,,EPA 1633,,,ng/L,2.20,2.10,,0.00,0.50,0.90,2.80,0.80,0.00,,,,,,,,,,3.20,0.00,3.20,3.60,,,,,,,,,0.00,0.00,,,0.00,0.00,,0.00,,0.00,0.00,,,0.00,0.00,0.00,0.00,,,,,0.00,,,
WQP_USA_2026,USGS-03109670,Surface Water,40.61950882,-80.58979338,,11/12/2024,,EPA 1633,,,ng/L,2.00,1.50,,0.00,0.00,0.80,2.60,0.70,0.00,,,,,,,,,,2.50,0.00,3.40,4.40,,0.00,,,,,,,0.00,0.00,,,0.00,0.00,,0.00,,0.00,0.00,,,0.00,0.00,0.00,0.00,,,,,0.00,,,
WQP_USA_2026,USGS-03109670,Surface Water,40.61950882,-80.58979338,,12/16/2024,,EPA 1633,,,ng/L,1.30,0.70,,,,,0.70,,,,,,,,,,,,,,2.40,1.00,,,,,,,,,,,,,,,,,,,,,,,,0.00,,,,,,,,,
WQP_USA_2026,USGS-03109670,Surface Water,40.61950882,-80.58979338,,2/10/2025,,EPA 1633,,,ng/L,1.20,1.00,,0.00,0.00,,1.00,0.00,0.00,,,,,,,,,,0.90,0.00,,2.30,,0.00,,,,,,,0.00,0.00,,,0.00,0.00,,0.00,,0.00,0.00,,,0.00,0.00,0.00,0.60,,,,,0.00,,,
WQP_USA_2026,USGS-03109670,Surface Water,40.61950882,-80.58979338,,2/27/2025,,EPA 1633,,,ng/L,1.50,1.00,,,,0.50,1.10,,,,,,,,,,,,1.20,,,6.40,,,,,,,,,,,,,,,,,,,,,,,,0.00,,,,,,,,,
WQP_USA_2026,USGS-03109670,Surface Water,40.61950882,-80.58979338,,3/24/2025,,EPA 1633,,,ng/L,1.10,0.80,,,,,0.70,,,,,,,,,,,,,,,0.90,,,,,,,,,,,,,,,,,,,,,,,,0.00,,,,,,,,,
WQP_USA_2026,USGS-03109670,Surface Water,40.61950882,-80.58979338,,4/15/2025,,EPA 1633,,,ng/L,1.10,0.90,,,,,0.70,,,,,,,,,,,,,,,0.90,,,,,,,,,,,,,,,,,,,,,,,,,,,,,,,,,
WQP_USA_2026,USGS-03111585,Surface Water,39.96840878,-80.4478466,,9/23/2019,,EPA 1633,,,ng/L,1.40,,,,,,,,,,,,,,,,,,,,,,,,,,,,,,,,,,,,,,,,,,,,,,,,,,,,,,
WQP_USA_2026,USGS-03111687,Surface Water,39.87859722,-80.42866944,,9/23/2019,,EPA 1633,,,ng/L,1.80,,,,,,,,,,,,,,,,,,,,,,,,,,,,,,,,,,,,,,,,,,,,,,,,,,,,,,
WQP_USA_2026,USGS-03159600,Surface Water,38.94091448,-81.76124243,,11/5/2019,,EPA 1633,,,ng/L,7.10,1.60,,,,,2.20,1.60,,,,,,,,,,,,,6.60,6.00,,,,,,,,,,,,,,,,,,,,,,,,,,,,,,,,,
WQP_USA_2026,USGS-04012500,Surface Water,47.63961985,-90.70874982,,4/27/2022,,Unnamed_SPE+LCMS/MS,,,ng/L,0.30,0.00,,0.00,0.00,0.00,0.32,0.45,0.00,0.00,0.00,0.00,0.00,,,,,,,0.00,3.19,0.26,,,,,,,,,0.00,0.00,,0.00,0.00,,0.00,0.00,,0.00,0.00,,,0.00,0.00,0.00,0.00,0.00,0.00,,0.00,,,,
WQP_USA_2026,USGS-04012500,Surface Water,47.63961985,-90.70874982,,6/29/2022,,Unnamed_SPE+LCMS/MS,,,ng/L,0.34,0.14,,0.00,0.15,0.00,0.00,0.28,0.00,0.00,0.00,0.00,0.00,,,,,,0.63,0.00,2.03,0.00,,,,,,,,,0.00,0.00,,0.00,0.00,,0.00,0.00,,0.00,0.00,,,0.00,0.00,0.00,0.29,0.00,0.00,,0.00,,,,
WQP_USA_2026,USGS-04012500,Surface Water,47.63961985,-90.70874982,,8/24/2022,,Unnamed_SPE+LCMS/MS,,,ng/L,0.20,0.00,,0.00,0.16,0.00,0.00,0.39,0.00,0.00,,0.00,0.00,,,,,,0.00,0.00,2.36,0.00,,,,,,,,,0.00,0.00,,0.00,0.00,,0.00,0.00,,0.00,0.00,,,0.00,0.00,0.00,0.14,0.00,0.00,,0.00,,,,
WQP_USA_2026,USGS-04015330,Surface Water,46.94694,-91.795577,,4/27/2022,,Unnamed_SPE+LCMS/MS,,,ng/L,0.24,,,0.00,0.00,0.62,0.00,,0.00,0.00,0.00,0.00,0.00,,,,,,,0.00,1.84,0.25,,,,,,,,,,0.00,,0.00,0.00,,0.00,0.00,,0.00,,,,0.00,0.00,0.00,0.00,0.00,0.00,,0.00,,,,
WQP_USA_2026,USGS-04015330,Surface Water,46.94694,-91.795577,,8/24/2022,,Unnamed_SPE+LCMS/MS,,,ng/L,0.25,1.59,,0.00,0.16,1.22,0.35,0.29,0.00,0.00,,0.00,0.00,,,,,,0.00,0.00,2.68,0.23,,,,,,,,,0.00,0.00,,0.00,0.00,,0.00,0.00,,0.00,,,,0.00,0.00,0.00,0.00,0.00,0.00,,0.00,,,,
WQP_USA_2026,USGS-04015395,Surface Water,46.81832222,-92.05693333,,4/27/2022,,Unnamed_SPE+LCMS/MS,,,ng/L,1.17,2.54,,0.00,0.27,4.22,1.65,0.67,0.00,0.00,0.00,0.00,,,,,,,,0.99,3.29,2.71,,,,,,,,,0.00,0.00,,0.00,0.00,,0.00,0.00,,0.00,0.00,,,0.00,0.00,0.00,0.36,0.00,0.00,,0.00,,,,
WQP_USA_2026,USGS-04015395,Surface Water,46.81832222,-92.05693333,,6/29/2022,,Unnamed_SPE+LCMS/MS,,,ng/L,2.59,3.46,,0.00,0.25,5.43,3.07,1.21,0.00,0.00,0.00,0.00,0.00,,,,,,2.82,1.09,6.12,3.76,,,,,,,,,0.00,0.00,,0.00,0.00,,0.00,0.00,,0.00,,,,0.00,0.00,0.00,0.19,0.00,0.00,,,,,,
WQP_USA_2026,USGS-04015395,Surface Water,46.81832222,-92.05693333,,8/23/2022,,Unnamed_SPE+LCMS/MS,,,ng/L,1.41,1.83,,0.00,0.15,,1.75,0.70,0.00,0.00,,0.00,0.00,,,,,,1.36,0.51,3.61,2.26,,,,,,,,,0.00,0.00,,0.00,0.00,,0.00,0.00,,0.00,0.00,,,0.00,0.00,0.00,0.00,0.00,0.00,,0.00,,,,
WQP_USA_2026,USGS-04015410,Surface Water,46.76137004,-92.12934864,,4/26/2022,,Unnamed_SPE+LCMS/MS,,,ng/L,5.43,28.00,,0.87,1.15,28.30,6.93,3.31,0.78,0.00,0.00,0.48,0.00,,,,,,,3.31,6.13,4.42,,,,,,,,,0.00,0.00,,0.00,0.00,,0.00,0.00,,0.00,0.00,,,0.00,0.00,0.00,0.00,0.00,0.00,,0.00,,,,
WQP_USA_2026,USGS-04015410,Surface Water,46.76137004,-92.12934864,,6/28/2022,,Unnamed_SPE+LCMS/MS,,,ng/L,13.40,59.30,,0.81,1.68,67.20,18.80,8.82,2.20,0.00,0.00,0.39,0.00,,,,,,23.70,7.80,15.00,10.40,,,,,,,,,0.00,0.00,,0.00,0.00,,0.00,0.00,,0.00,0.00,,,0.00,0.00,0.00,0.23,0.00,0.00,,0.00,,,,
WQP_USA_2026,USGS-04015410,Surface Water,46.76137004,-92.12934864,,8/24/2022,,Unnamed_SPE+LCMS/MS,,,ng/L,11.70,52.60,,0.99,,75.30,18.10,8.37,3.07,0.00,,0.43,0.00,,,,,,19.90,9.65,11.50,14.60,,,,,,,,,0.00,0.00,,0.00,0.00,,0.00,0.00,,0.00,0.00,,,0.00,0.00,0.00,0.18,0.00,0.00,,0.00,,,,
WQP_USA_2026,USGS-04024000,Surface Water,46.703511,-92.418378,,4/25/2022,,Undisclosed,,,ng/L,0.60,0.40,,0.00,0.39,0.00,0.83,0.81,0.00,0.00,0.00,0.00,0.00,,,,,,,0.00,6.30,0.44,,,,,,,,,0.00,0.00,,0.00,0.00,,0.00,0.00,,0.00,0.00,,,0.00,0.00,0.00,1.16,0.00,0.00,,0.00,,,,
WQP_USA_2026,USGS-04024000,Surface Water,46.703511,-92.418378,,6/27/2022,,Unnamed_SPE+LCMS/MS,,,ng/L,0.88,0.68,,0.00,0.47,0.60,0.93,0.96,0.00,0.00,0.00,0.00,0.00,,,,,,1.07,0.00,8.90,0.68,,,,,,,,,0.00,0.00,,0.00,0.00,,0.00,0.00,,0.00,0.00,,,0.00,0.00,0.00,1.59,0.00,0.00,,0.00,,,,
WQP_USA_2026,USGS-04024000,Surface Water,46.703511,-92.418378,,8/22/2022,,Undisclosed,,,ng/L,0.50,0.40,,0.00,0.38,0.20,0.68,0.75,0.00,0.00,0.00,0.00,0.00,,,,,,0.00,0.00,,0.34,,,,,,,,,0.00,0.00,,0.00,0.00,,0.00,0.00,,0.00,0.00,,,0.00,0.00,0.00,0.27,0.00,0.00,,0.00,,,,
WQP_USA_2026,USGS-04024019,Surface Water,46.66085833,-92.42454167,,4/25/2022,,Unnamed_SPE+LCMS/MS,,,ng/L,0.65,0.41,,0.00,0.40,0.17,,0.96,0.00,,0.00,0.00,0.00,,,,,,,0.00,7.16,0.50,,,,,,,,,0.00,0.00,,0.00,0.00,,0.00,0.00,,0.00,,,,0.00,0.00,0.00,0.00,0.00,0.00,,0.00,,,,
WQP_USA_2026,USGS-04024019,Surface Water,46.66085833,-92.42454167,,8/22/2022,,Unnamed_SPE+LCMS/MS,,,ng/L,0.45,0.00,,0.00,0.25,0.36,0.00,0.43,0.00,0.00,,0.00,0.00,,,,,,0.00,0.00,4.69,0.52,,,,,,,,,0.00,0.00,,0.00,0.00,,0.00,,,0.00,0.00,,,0.00,0.00,0.00,0.26,0.00,0.00,,0.00,,,,
WQP_USA_2026,USGS-04024025,Surface Water,46.65844444,-92.28408333,,4/25/2022,,Unnamed_SPE+LCMS/MS,,,ng/L,,,,,0.79,0.25,,1.23,0.00,,,,,,,,,,0.00,0.00,,0.47,,,,,,,,,0.00,,,,,,0.00,,,0.00,0.54,,,0.00,0.00,,1.46,,0.00,,0.00,,,,
WQP_USA_2026,USGS-04024025,Surface Water,46.65844444,-92.28408333,,6/27/2022,,Unnamed_SPE+LCMS/MS,,,ng/L,0.99,0.72,,0.00,0.46,0.73,1.00,1.06,0.00,0.00,0.00,0.00,0.00,,,,,,1.33,0.00,8.02,0.64,,,,,,,,,0.00,0.00,,0.00,0.00,,0.00,0.00,,0.00,0.00,,,0.00,0.00,0.00,1.47,0.00,0.00,,0.00,,,,
WQP_USA_2026,USGS-04024025,Surface Water,46.65844444,-92.28408333,,8/22/2022,,Unnamed_SPE+LCMS/MS,,,ng/L,1.08,0.53,,0.00,0.52,0.37,0.70,0.81,0.00,0.00,0.00,0.00,0.00,,,,,,1.50,0.00,6.48,0.47,,,,,,,,,0.00,0.00,,0.00,0.00,,0.00,0.00,,0.00,0.00,,,0.00,0.00,0.00,0.00,0.00,0.00,,0.00,,,,
WQP_USA_2026,USGS-04024029,Surface Water,46.65423611,-92.22765833,,4/26/2022,,Unnamed_SPE+LCMS/MS,,,ng/L,1.21,21.60,,0.00,0.00,11.40,,0.59,0.49,0.00,0.00,0.34,0.00,,,,,,,1.13,1.93,1.22,,,,,,,,,0.00,0.00,,0.00,0.00,,0.00,0.00,,0.00,0.00,,,0.00,0.00,0.00,0.39,0.00,0.00,,0.00,,,,
WQP_USA_2026,USGS-04024029,Surface Water,46.65423611,-92.22765833,,8/22/2022,,Unnamed_SPE+LCMS/MS,,,ng/L,4.55,32.90,,0.00,0.32,49.80,7.49,,1.18,0.00,,0.00,,,,,,,,5.18,7.66,,,,,,,,,,,0.00,,0.00,0.00,,,0.00,,0.00,,,,0.00,,0.00,0.36,0.00,0.00,,0.00,,,,
WQP_USA_2026,USGS-04024067,Surface Water,46.66188889,-92.11888889,,4/26/2022,,Unnamed_SPE+LCMS/MS,,,ng/L,0.24,,,0.00,0.00,0.00,0.00,0.00,0.00,0.00,0.00,0.00,0.00,,,,,,,0.00,2.03,0.28,,,,,,,,,0.00,0.00,,0.00,0.00,,0.00,0.00,,0.00,0.00,,,,0.00,,0.51,0.00,0.00,,0.00,,,,
WQP_USA_2026,USGS-04024067,Surface Water,46.66188889,-92.11888889,,6/28/2022,,Unnamed_SPE+LCMS/MS,,,ng/L,0.74,0.57,,0.00,0.17,0.15,0.71,0.45,0.00,0.00,0.00,0.00,0.00,,,,,,0.71,0.00,4.69,0.51,,,,,,,,,0.00,0.00,,0.00,0.00,,0.00,0.00,,0.00,0.00,,,0.00,0.00,0.00,2.56,0.00,0.00,,0.00,,,,
WQP_USA_2026,USGS-04024067,Surface Water,46.66188889,-92.11888889,,8/23/2022,,Unnamed_SPE+LCMS/MS,,,ng/L,0.56,0.59,,0.00,0.22,0.00,1.04,0.57,0.00,0.00,,,,,,,,,0.00,0.00,,0.55,,,,,,,,,,0.00,,,0.00,,0.00,,,,0.00,,,0.00,0.00,0.00,0.19,0.00,0.00,,0.00,,,,
WQP_USA_2026,USGS-0402445368,Surface Water,46.70277778,-92.04386111,,4/26/2022,,Unnamed_SPE+LCMS/MS,,,ng/L,,54.70,,0.21,1.30,83.50,36.50,9.81,1.89,0.00,0.00,14.80,0.58,,,,,,60.50,11.50,15.00,11.00,,,,,,,,,0.00,0.00,,0.00,0.00,,0.00,0.00,,0.00,,,,0.00,0.00,0.00,0.32,0.00,0.00,,0.00,,,,
WQP_USA_2026,USGS-0402445368,Surface Water,46.70277778,-92.04386111,,6/28/2022,,Unnamed_SPE+LCMS/MS,,,ng/L,15.90,98.70,,0.83,3.58,,41.30,14.50,2.77,0.00,0.00,14.80,2.01,,,,,,64.60,10.90,23.50,11.60,,,,,,,,,0.00,0.00,,0.00,0.00,,0.00,0.00,,0.00,,,,0.00,0.00,0.00,0.48,0.00,0.00,,0.00,,,,
WQP_USA_2026,USGS-0402445368,Surface Water,46.70277778,-92.04386111,,8/23/2022,,Unnamed_SPE+LCMS/MS,,,ng/L,2.49,6.48,,0.26,0.78,,7.09,2.99,0.00,0.00,,1.43,0.00,,,,,,12.30,0.46,7.11,0.86,,,,,,,,,0.00,0.00,,0.00,0.00,,0.00,0.00,,0.00,0.00,,,0.00,0.00,0.00,0.20,0.00,0.00,,0.00,,,,
WQP_USA_2026,USGS-04024454,Surface Water,46.69724167,-92.03247222,,4/26/2022,,Unnamed_SPE+LCMS/MS,,,ng/L,0.42,,,0.00,0.22,0.00,0.44,,0.00,,0.00,0.00,0.00,,,,,,,0.00,,,,,,,,,,,0.00,0.00,,,,,,,,0.00,,,,0.00,,,0.81,0.00,0.00,,0.00,,,,
WQP_USA_2026,USGS-04024454,Surface Water,46.69724167,-92.03247222,,6/28/2022,,Unnamed_SPE+LCMS/MS,,,ng/L,0.77,0.74,,0.00,0.28,0.36,1.32,0.79,0.00,0.00,0.00,0.00,0.00,,,,,,2.48,0.00,4.67,0.47,,,,,,,,,0.00,0.00,,0.00,0.00,,0.00,0.00,,0.00,0.00,,,0.00,0.00,0.00,1.10,0.00,0.00,,0.00,,,,
WQP_USA_2026,USGS-04024454,Surface Water,46.69724167,-92.03247222,,8/23/2022,,Unnamed_SPE+LCMS/MS,,,ng/L,0.24,0.38,,0.00,0.00,0.00,0.42,0.28,0.00,0.00,0.00,0.00,0.00,,,,,,0.48,0.00,2.08,0.28,,,,,,,,,0.00,0.00,,0.00,0.00,,0.00,0.00,,0.00,0.00,,,0.00,0.00,0.00,0.18,0.00,0.00,,0.00,,,,
WQP_USA_2026,USGS-04026005,Surface Water,46.70553743,-91.60210714,,4/25/2022,,Unnamed_SPE+LCMS/MS,,,ng/L,0.24,0.20,,0.00,0.00,0.00,0.24,0.00,0.00,0.00,0.00,0.00,0.00,,,,,,,0.00,2.13,0.00,,,,,,,,,0.00,0.00,,0.00,0.00,,0.00,0.00,,0.00,0.00,,,0.00,0.00,0.00,0.26,,0.00,,0.00,,,,
WQP_USA_2026,USGS-04026005,Surface Water,46.70553743,-91.60210714,,10/5/2022,,Undisclosed,,,ng/L,0.20,0.00,,0.00,0.00,0.00,0.00,0.00,0.00,0.00,0.00,0.00,0.00,,,,,,0.00,0.00,0.00,0.00,,,,,,,,,0.00,0.00,,0.00,0.00,,0.00,0.00,,0.00,0.00,,,0.00,0.00,0.00,0.16,0.00,0.00,,0.00,,,,
WQP_USA_2026,USGS-040261128,Surface Water,46.76271348,-91.486574,,4/25/2022,,Unnamed_SPE+LCMS/MS,,,ng/L,0.20,,,0.00,0.00,0.00,0.00,0.00,0.00,0.00,0.00,0.00,,,,,,,,0.00,1.09,0.00,,,,,,,,,0.00,0.00,,0.00,0.00,,0.00,0.00,,,0.00,,,0.00,0.00,0.00,0.65,0.00,0.00,,0.00,,,,
WQP_USA_2026,USGS-040261128,Surface Water,46.76271348,-91.486574,,6/21/2022,,Unnamed_SPE+LCMS/MS,,,ng/L,0.22,0.00,,0.00,0.00,0.00,0.00,0.00,0.00,0.00,0.00,0.00,0.00,,,,,,0.00,0.00,1.19,0.00,,,,,,,,,0.00,0.00,,0.00,0.00,,0.00,0.00,,0.00,0.00,,,0.00,0.00,0.00,0.44,0.00,,,0.00,,,,
WQP_USA_2026,USGS-040261128,Surface Water,46.76271348,-91.486574,,10/5/2022,,Unnamed_SPE+LCMS/MS,,,ng/L,0.00,0.00,,0.00,0.00,0.00,0.00,0.00,0.00,0.00,0.00,0.00,0.00,,,,,,0.00,0.00,0.00,0.00,,,,,,,,,0.00,0.00,,0.00,0.00,,0.00,0.00,,0.00,0.00,,,0.00,0.00,0.00,0.00,0.00,0.00,,0.00,,,,
WQP_USA_2026,USGS-04026215,Surface Water,46.92354247,-90.83074301,,4/25/2022,,Unnamed_SPE+LCMS/MS,,,ng/L,0.14,0.18,,0.00,0.00,,0.00,0.00,0.00,0.00,,0.00,0.00,,,,,,,,0.67,0.00,,,,,,,,,0.00,0.00,,0.00,0.00,,0.00,0.00,,0.00,0.00,,,0.00,0.00,0.00,0.19,0.00,0.00,,,,,,
WQP_USA_2026,USGS-04026215,Surface Water,46.92354247,-90.83074301,,10/5/2022,,Unnamed_SPE+LCMS/MS,,,ng/L,0.00,0.00,,0.00,0.00,0.00,0.00,0.00,0.00,0.00,0.00,0.00,0.00,,,,,,0.00,0.00,1.07,0.00,,,,,,,,,0.00,0.00,,0.00,0.00,,0.81,0.00,,0.00,0.00,,,0.00,0.00,0.00,0.22,0.00,0.00,,0.00,,,,
WQP_USA_2026,USGS-04026369,Surface Water,46.5999424,-90.87435351,,4/25/2022,,Unnamed_SPE+LCMS/MS,,,ng/L,1.27,7.15,,0.00,0.24,3.91,1.00,0.59,0.00,0.00,0.00,0.00,0.00,,,,,,,0.00,2.22,2.27,,,,,,,,,0.00,0.00,,0.00,0.00,,0.00,0.00,,,0.00,,,0.00,0.00,0.00,0.00,0.00,0.00,,0.00,,,,
WQP_USA_2026,USGS-04026369,Surface Water,46.5999424,-90.87435351,,6/21/2022,,Unnamed_SPE+LCMS/MS,,,ng/L,1.29,9.03,,0.32,0.42,3.47,1.37,0.66,0.00,0.00,0.00,0.00,0.00,,,,,,1.03,0.00,4.04,1.38,,,,,,,,,,0.00,,0.00,0.00,,0.00,0.00,,0.00,,,,0.00,0.00,0.00,0.27,0.00,,,,,,,
WQP_USA_2026,USGS-04026369,Surface Water,46.5999424,-90.87435351,,10/4/2022,,Unnamed_SPE+LCMS/MS,,,ng/L,0.42,0.48,,0.00,0.28,0.26,0.75,0.29,0.00,0.00,0.00,0.00,0.00,,,,,,1.22,0.00,2.42,0.72,,,,,,,,,0.00,0.00,,0.00,0.00,,0.00,0.00,,0.00,0.00,,,0.00,0.00,0.00,0.19,0.00,0.00,,0.00,,,,
WQP_USA_2026,USGS-04027595,Surface Water,46.6102607,-90.68707375,,4/26/2022,,Unnamed_SPE+LCMS/MS,,,ng/L,0.26,,,0.00,0.16,0.00,0.00,0.00,0.00,0.00,0.00,0.00,0.00,,,,,,,0.00,1.69,0.00,,,,,,,,,0.00,0.00,,,,,0.00,0.00,,0.00,,,,0.00,0.00,,0.77,0.00,,,,,,,
WQP_USA_2026,USGS-04027595,Surface Water,46.6102607,-90.68707375,,10/4/2022,,Unnamed_SPE+LCMS/MS,,,ng/L,0.00,0.00,,0.00,0.00,0.00,0.00,0.00,0.00,0.00,0.00,0.00,0.00,,,,,,0.00,0.00,0.65,0.00,,,,,,,,,0.00,0.00,,0.00,0.00,,0.00,0.00,,0.00,0.00,,,0.00,0.00,0.00,0.19,0.00,0.00,,0.00,,,,
WQP_USA_2026,USGS-04030002,Surface Water,46.55724722,-90.41431111,,4/25/2022,,Unnamed_SPE+LCMS/MS,,,ng/L,,0.29,,0.00,0.21,0.00,0.29,0.32,0.00,0.00,0.00,0.00,0.00,,,,,,,0.00,2.25,0.25,,,,,,,,,0.00,0.00,,0.00,,,0.00,0.00,,0.00,,,,0.00,0.00,0.00,0.40,,,,0.00,,,,
WQP_USA_2026,USGS-04030002,Surface Water,46.55724722,-90.41431111,,6/21/2022,,Unnamed_SPE+LCMS/MS,,,ng/L,0.78,0.51,,0.00,0.28,0.22,0.81,0.48,0.00,0.00,0.00,0.00,0.00,,,,,,0.71,0.00,3.37,0.50,,,,,,,,,0.00,0.00,,0.00,0.00,,0.00,0.00,,0.00,0.00,,,0.00,0.00,0.00,0.69,0.00,,,0.00,,,,
WQP_USA_2026,USGS-04030002,Surface Water,46.55724722,-90.41431111,,10/4/2022,,Unnamed_SPE+LCMS/MS,,,ng/L,0.00,0.00,,0.00,0.00,0.00,0.00,0.00,0.00,0.00,0.00,0.00,0.00,,,,,,0.00,0.00,0.00,0.00,,,,,,,,,0.00,0.00,,0.00,0.00,,0.00,0.00,,0.00,0.00,,,0.00,0.00,0.00,0.00,0.00,0.00,,0.00,,,,
WQP_USA_2026,USGS-04031031,Surface Water,46.66588056,-90.0462,,4/26/2022,,Unnamed_SPE+LCMS/MS,,,ng/L,0.25,0.20,,0.00,,0.00,0.00,0.00,0.00,0.00,,0.00,,,,,,,,0.00,,0.00,,,,,,,,,,0.00,,0.00,0.00,,0.00,0.00,,0.00,0.00,,,0.00,0.00,0.00,0.17,0.00,0.00,,0.00,,,,
WQP_USA_2026,USGS-04031031,Surface Water,46.66588056,-90.0462,,6/21/2022,,Unnamed_SPE+LCMS/MS,,,ng/L,0.43,,,0.00,0.23,0.00,0.57,0.32,0.00,0.00,0.00,0.00,0.00,,,,,,0.51,0.00,3.58,0.41,,,,,,,,,0.00,0.00,,0.00,0.00,,0.00,0.00,,0.00,0.00,,,0.00,0.00,0.00,0.55,0.00,,,0.00,,,,
WQP_USA_2026,USGS-04031031,Surface Water,46.66588056,-90.0462,,10/4/2022,,Unnamed_SPE+LCMS/MS,,,ng/L,0.39,0.00,,0.00,0.21,0.00,0.50,0.15,0.00,0.00,0.00,0.00,0.00,,,,,,1.39,0.00,2.79,0.48,,,,,,,,,0.00,0.00,,0.00,0.00,,0.28,0.00,,0.00,0.00,,,0.00,0.00,0.00,0.16,0.00,0.00,,0.00,,,,
WQP_USA_2026,USGS-04032150,Surface Water,46.69609487,-89.97399254,,4/26/2022,,Unnamed_SPE+LCMS/MS,,,ng/L,0.23,0.00,,0.00,0.00,0.00,,0.00,0.00,0.00,,0.00,0.00,,,,,,0.00,0.00,1.53,0.00,,,,,,,,,0.00,0.00,,0.00,0.00,,0.00,0.00,,0.00,0.00,,,0.00,0.00,0.00,,0.00,0.00,,0.00,,,,
WQP_USA_2026,USGS-04032150,Surface Water,46.69609487,-89.97399254,,6/21/2022,,Unnamed_SPE+LCMS/MS,,,ng/L,0.52,0.00,,0.00,0.38,0.00,0.47,0.45,0.00,0.00,0.00,0.00,0.00,,,,,,0.40,0.00,3.67,0.00,,,,,,,,,,0.00,,0.00,0.00,,0.00,0.00,,0.00,0.00,,,0.00,0.00,0.00,0.00,0.00,,,0.00,,,,
WQP_USA_2026,USGS-04032150,Surface Water,46.69609487,-89.97399254,,10/4/2022,,Unnamed_SPE+LCMS/MS,,,ng/L,0.41,0.00,,0.00,0.22,0.00,0.00,0.17,0.00,0.00,0.00,0.00,0.00,,,,,,0.00,0.00,2.29,0.00,,,,,,,,,0.00,0.00,,0.00,0.00,,0.00,0.00,,0.00,0.00,,,0.00,0.00,0.00,0.00,0.00,0.00,,0.00,,,,
WQP_USA_2026,USGS-040325156,Surface Water,46.83408056,-89.5495,,4/26/2022,,Unnamed_SPE+LCMS/MS,,,ng/L,0.58,0.87,,0.00,0.00,0.00,0.22,0.35,0.00,0.00,0.00,0.00,0.00,,,,,,,0.00,1.80,0.00,,,,,,,,,0.00,0.00,,0.00,0.00,,0.00,0.00,,0.00,,,,0.00,0.00,0.00,0.00,0.00,0.00,,0.00,,,,
WQP_USA_2026,USGS-040325156,Surface Water,46.83408056,-89.5495,,6/22/2022,,Unnamed_SPE+LCMS/MS,,,ng/L,1.47,1.41,,0.00,,0.00,0.68,1.00,0.00,0.00,0.00,0.00,0.00,,,,,,0.47,0.00,4.91,0.46,,,,,,,,,0.00,0.00,,0.00,0.00,,0.00,0.00,,0.00,0.00,,,0.00,0.00,0.00,0.31,0.00,,,0.00,,,,
WQP_USA_2026,USGS-040325156,Surface Water,46.83408056,-89.5495,,10/4/2022,,Unnamed_SPE+LCMS/MS,,,ng/L,1.14,0.92,,0.00,0.29,0.00,0.74,0.69,0.00,0.00,0.00,0.00,0.00,,,,,,0.00,0.00,4.72,1.86,,,,,,,,,0.00,0.00,,0.00,0.00,,0.00,0.00,,0.00,0.00,,,0.00,0.00,0.00,0.00,0.00,0.00,,0.00,,,,
WQP_USA_2026,USGS-04040018,Surface Water,46.86744153,-89.31708596,,4/26/2022,,Unnamed_SPE+LCMS/MS,,,ng/L,0.22,0.17,,,0.00,0.00,0.00,0.00,0.00,0.00,,0.00,0.00,,,,,,,0.00,1.45,0.00,,,,,,,,,0.00,0.00,,0.00,0.00,,0.00,0.00,,0.00,0.00,,,0.00,0.00,0.00,0.21,0.00,,,0.00,,,,
WQP_USA_2026,USGS-04040018,Surface Water,46.86744153,-89.31708596,,6/22/2022,,Unnamed_SPE+LCMS/MS,,,ng/L,0.27,0.18,,0.00,0.14,0.00,0.00,0.25,0.00,0.00,0.00,0.00,0.00,,,,,,0.15,0.00,2.26,0.00,,,,,,,,,0.00,0.00,,0.00,0.00,,0.00,0.00,,0.00,0.00,,,0.00,0.00,0.00,0.72,,,,0.00,,,,
WQP_USA_2026,USGS-04040018,Surface Water,46.86744153,-89.31708596,,10/4/2022,,Unnamed_SPE+LCMS/MS,,,ng/L,0.22,0.00,,0.00,0.18,0.00,0.00,0.00,0.00,0.00,0.00,0.00,0.00,,,,,,0.00,0.00,1.85,0.00,,,,,,,,,0.00,0.00,,0.00,0.00,,0.00,0.00,,0.00,0.00,,,0.00,0.00,0.00,0.00,0.00,0.00,,0.00,,,,
WQP_USA_2026,USGS-040402129,Surface Water,47.25916111,-88.5532,,4/26/2022,,Unnamed_SPE+LCMS/MS,,,ng/L,0.61,,,0.00,0.00,0.00,2.01,0.27,0.00,0.00,0.00,0.00,0.00,,,,,,1.81,0.00,1.79,2.10,,,,,,,,,0.00,0.00,,0.00,0.00,,0.00,0.29,,0.00,,,,0.00,0.00,0.00,0.19,0.00,0.00,,0.00,,,,
WQP_USA_2026,USGS-040402129,Surface Water,47.25916111,-88.5532,,10/4/2022,,Unnamed_SPE+LCMS/MS,,,ng/L,5.29,5.92,,0.76,0.50,0.64,13.70,1.26,0.00,0.00,0.00,0.00,0.00,,,,,,10.90,0.00,3.66,11.30,,,,,,,,,0.00,0.00,,0.00,0.00,,0.00,2.05,,0.00,0.00,,,0.00,0.00,0.00,0.53,0.00,0.00,,0.00,,,,
WQP_USA_2026,USGS-04043005,Surface Water,47.01770615,-88.50595775,,4/26/2022,,Unnamed_SPE+LCMS/MS,,,ng/L,0.21,0.18,,0.00,0.00,0.00,0.32,0.20,0.00,0.00,0.00,0.00,0.00,,,,,,,0.00,1.89,0.00,,,,,,,,,0.00,0.00,,0.00,0.00,,0.00,0.00,,0.00,0.00,,,0.00,0.00,0.00,,0.00,0.00,,0.00,,,,
WQP_USA_2026,USGS-04043005,Surface Water,47.01770615,-88.50595775,,6/21/2022,,Unnamed_SPE+LCMS/MS,,,ng/L,0.24,0.14,,0.00,0.14,0.00,0.00,0.22,0.00,0.00,0.00,0.00,0.00,,,,,,,0.00,1.82,0.00,,,,,,,,,0.00,0.00,,0.00,0.00,,0.00,0.00,,0.00,0.00,,,0.00,0.00,0.00,0.43,0.00,,,0.00,,,,
WQP_USA_2026,USGS-04043005,Surface Water,47.01770615,-88.50595775,,10/4/2022,,Unnamed_SPE+LCMS/MS,,,ng/L,0.29,0.16,,0.00,0.25,0.00,0.22,0.24,0.00,0.00,0.00,0.00,0.00,,,,,,0.00,0.00,3.08,0.00,,,,,,,,,0.00,0.00,,0.00,0.00,,0.00,0.00,,0.00,0.00,,,0.00,0.00,0.00,0.14,0.00,0.00,,0.00,,,,
WQP_USA_2026,USGS-04043102,Surface Water,46.75563889,-88.4569,,4/25/2022,,Unnamed_SPE+LCMS/MS,,,ng/L,0.21,0.19,,0.00,0.00,0.00,0.00,0.00,0.00,0.00,0.00,0.00,0.00,,,,,,,0.00,1.02,0.00,,,,,,,,,0.00,0.00,,0.00,,,0.00,0.00,,0.00,0.00,,,0.00,0.00,0.00,0.17,0.00,0.00,,0.00,,,,
WQP_USA_2026,USGS-04043102,Surface Water,46.75563889,-88.4569,,10/3/2022,,Unnamed_SPE+LCMS/MS,,,ng/L,0.00,0.00,,0.00,0.00,0.00,0.00,0.00,0.00,0.00,0.00,0.00,0.00,,,,,,0.00,0.00,0.84,0.00,,,,,,,,,0.00,0.00,,0.00,0.00,,0.00,0.00,,0.00,0.00,,,0.00,0.00,0.00,0.00,0.00,0.00,,0.00,,,,
WQP_USA_2026,USGS-04044500,Surface Water,46.51854524,-87.38430625,,4/27/2022,,Unnamed_SPE+LCMS/MS,,,ng/L,0.65,1.16,,0.00,0.00,1.00,1.69,0.33,0.00,0.00,0.00,0.00,0.00,,,,,,,0.00,2.56,0.57,,,,,,,,,0.00,0.00,,0.00,0.00,,0.00,0.00,,0.00,0.00,,,0.00,0.00,0.00,0.00,0.00,0.00,,,,,,
WQP_USA_2026,USGS-04044500,Surface Water,46.51854524,-87.38430625,,6/21/2022,,Unnamed_SPE+LCMS/MS,,,ng/L,1.13,1.80,,0.00,0.28,1.51,3.51,0.68,0.00,0.00,0.00,0.00,0.00,,,,,,6.24,0.00,2.84,0.97,,,,,,,,,0.00,0.00,,0.00,0.00,,0.00,0.00,,0.00,,,,0.00,0.00,0.00,0.31,0.00,,,0.00,,,,
WQP_USA_2026,USGS-04044500,Surface Water,46.51854524,-87.38430625,,10/3/2022,,Unnamed_SPE+LCMS/MS,,,ng/L,1.57,1.99,,0.00,0.29,2.24,4.47,0.52,0.00,0.00,0.00,0.00,0.00,,,,,,4.92,0.00,3.32,1.74,,,,,,,,,0.00,0.00,,0.00,0.00,,0.00,0.00,,0.00,0.00,,,0.00,0.00,0.00,0.18,0.00,0.00,,0.00,,,,
WQP_USA_2026,USGS-04044588,Surface Water,46.489102,-87.32875205,,4/27/2022,,Unnamed_SPE+LCMS/MS,,,ng/L,1.34,1.19,,0.00,0.00,4.39,1.47,0.55,0.00,0.00,0.00,0.00,0.00,,,,,,,0.32,1.45,0.47,,,,,,,,,0.00,0.00,,0.00,0.00,,0.00,0.00,,0.00,0.00,,,0.00,0.00,0.00,0.00,0.00,0.00,,0.00,,,,
WQP_USA_2026,USGS-04044588,Surface Water,46.489102,-87.32875205,,6/21/2022,,Unnamed_SPE+LCMS/MS,,,ng/L,3.78,2.85,,0.00,0.00,11.30,3.29,1.20,0.00,0.00,0.00,0.00,0.00,,,,,,3.66,0.91,2.10,,,,,,,,,,0.00,0.00,,0.00,0.00,,0.00,0.00,,0.00,0.00,,,0.00,0.00,0.00,0.00,0.00,,,0.00,,,,
WQP_USA_2026,USGS-04044588,Surface Water,46.489102,-87.32875205,,10/3/2022,,Unnamed_SPE+LCMS/MS,,,ng/L,5.09,2.92,,0.00,0.00,16.00,5.05,1.55,0.18,0.00,0.00,0.00,0.00,,,,,,2.40,1.11,1.43,1.27,,,,,,,,,0.00,0.00,,0.00,0.00,,0.21,0.00,,0.00,0.00,,,0.00,0.00,0.00,0.00,0.00,0.00,,0.00,,,,
WQP_USA_2026,USGS-04044748,Surface Water,46.40906111,-86.6404,,4/25/2022,,Unnamed_SPE+LCMS/MS,,,ng/L,0.31,0.22,,0.00,0.00,0.00,0.43,0.00,0.00,0.00,0.00,0.00,0.00,,,,,,,0.00,0.67,0.32,,,,,,,,,0.00,0.00,,0.00,0.00,,0.00,0.00,,0.00,0.00,,,0.00,0.00,0.00,0.00,0.00,0.00,,0.00,,,,
WQP_USA_2026,USGS-04044748,Surface Water,46.40906111,-86.6404,,10/3/2022,,Unnamed_SPE+LCMS/MS,,,ng/L,0.33,0.00,,0.00,0.00,0.15,1.06,0.00,0.00,0.00,0.00,0.00,0.00,,,,,,0.58,0.00,0.56,0.51,,,,,,,,,0.00,0.00,,0.00,0.00,,0.00,0.00,,0.00,0.00,,,0.00,0.00,0.00,0.14,0.00,0.00,,0.00,,,,
WQP_USA_2026,USGS-04045500,Surface Water,46.57458333,-85.26963889,,4/25/2022,,Unnamed_SPE+LCMS/MS,,,ng/L,0.44,0.31,,0.00,0.23,0.00,0.43,0.48,0.00,0.00,0.00,0.00,0.00,,,,,,,,3.42,0.28,,,,,,,,,0.00,0.00,,0.00,0.00,,0.00,0.00,,0.00,0.00,,,0.00,0.00,0.00,0.00,0.00,0.00,,,,,,
WQP_USA_2026,USGS-04045500,Surface Water,46.57458333,-85.26963889,,10/3/2022,,Unnamed_SPE+LCMS/MS,,,ng/L,,0.00,,0.00,0.00,0.00,,0.43,0.00,0.00,0.00,0.00,0.00,,,,,,0.00,0.00,4.08,0.24,,,,,,,,,0.00,0.00,,0.00,0.00,,0.00,0.00,,0.00,0.00,,,0.00,0.00,0.00,0.00,0.00,0.00,,0.00,,,,
WQP_USA_2026,USGS-0408714728,Surface Water,42.9445,-87.88580556,,5/24/2019,,Undisclosed,,,ng/L,5.40,85.00,,0.49,0.91,84.00,11.00,3.00,,0.00,,,,,,,,,,,,13.00,,,,,,,,,,0.00,,,0.00,,,0.00,,,0.00,,,,0.00,0.00,,0.00,0.00,,0.00,,,,
WQP_USA_2026,USGS-040871475,Surface Water,42.95702778,-87.90730556,,5/24/2019,,Undisclosed,,,ng/L,23.00,240.00,,4.40,2.70,330.00,81.00,13.00,,0.00,,,,,,,,,,,,47.00,,,,,,,,,,0.61,,,0.00,,,0.00,,,0.00,,,,0.00,1.20,,0.00,0.00,,0.00,,,,
WQP_USA_2026,USGS-040871475,Surface Water,42.95702778,-87.90730556,,6/3/2019,,Undisclosed,,,ng/L,51.00,230.00,,5.90,3.70,530.00,240.00,25.00,,0.00,,,,,,,,,,,,120.00,,,,,,,,,,0.48,,,0.00,,,0.00,,,0.00,,,,0.00,0.56,,0.00,0.00,,0.00,,,,
WQP_USA_2026,USGS-040871476,Surface Water,42.94516667,-87.91105556,,5/24/2019,,Undisclosed,,,ng/L,9.10,57.00,,3.60,1.20,50.00,7.20,2.70,,0.00,,,,,,,,,,,,2.80,,,,,,,,,,0.53,,,0.00,,,0.84,,,0.56,,,,0.26,1.90,,0.00,0.00,,0.00,,,,
WQP_USA_2026,USGS-040872015,Surface Water,42.93038889,-87.89002778,,6/3/2019,,Undisclosed,,,ng/L,210.00,"1,100.00",,11.00,9.50,"1,500.00",530.00,100.00,,0.00,,,,,,,,,,,,260.00,,,,,,,,,,1.20,,,0.00,,,0.98,,,0.24,,,,0.00,1.50,,0.00,0.00,,0.00,,,,
WQP_USA_2026,USGS-040872015,Surface Water,42.93038889,-87.89002778,,6/13/2019,,Undisclosed,,,ng/L,66.00,660.00,,6.20,5.90,800.00,230.00,41.00,,0.00,,,,,,,,,,,,100.00,,,,,,,,,,0.64,,,0.00,,,0.30,,,0.00,,,,0.00,0.89,,0.00,0.00,,0.00,,,,
WQP_USA_2026,USGS-04212945,Surface Water,41.91778507,-80.46894242,,9/11/2019,,EPA 1633,,,ng/L,1.40,,,,,,1.10,,,,,,,,,,,,,,3.80,0.80,,,,,,,,,,,,,,,,,,,,,,,,,,,,,,,,,
WQP_USA_2026,USGS-04213152,Surface Water,42.07388889,-80.23472222,,9/10/2019,,EPA 1633,,,ng/L,1.40,1.00,,,,,2.80,1.00,,,,,,,,,,,3.70,,,1.70,,,,,,,,,,,,,,,,,,,,,,,,,,,,,,,,,
WQP_USA_2026,USGS-04219501,Surface Water,43.174556,-79.0495,,7/26/2023,,EPA 1633,,,ng/L,1.60,1.50,,,,0.70,1.60,0.90,0.00,,,,,,,,,,1.30,,2.20,0.60,,,,,,,,,,,,,,,,,,,,,,0.00,,,,,,,,,,,
WQP_USA_2026,USGS-04219501,Surface Water,43.174556,-79.0495,,8/23/2023,,EPA 1633,,,ng/L,1.60,,,,,,1.40,0.90,,,,,,,,,,,1.30,,2.30,0.60,,,,,,,,,,,,,,,,,,,,,,,,,,,,,,,,,
WQP_USA_2026,USGS-04219501,Surface Water,43.174556,-79.0495,,9/27/2023,,EPA 1633,,,ng/L,1.50,1.20,,,,0.70,1.50,0.90,0.00,,,,,,,,,,1.20,,2.40,0.80,,,,,,,,,,,,,,,,,,,,,,0.00,,,,,,,,,,,
WQP_USA_2026,USGS-04219702,Surface Water,43.31199968,-78.85392883,,7/10/2023,,EPA 1633,,,ng/L,1.50,,,,,,1.80,1.00,,,,,,,,,,,,,,0.80,,,,,,,,,,,,,,,,,,,,,,,,,,,,,,,,,
WQP_USA_2026,USGS-04219702,Surface Water,43.31199968,-78.85392883,,8/7/2023,,EPA 1633,,,ng/L,,,,,,,1.80,1.10,,,,,,,,,,,1.60,,2.90,,,,,,,,,,,,,,,,,,,,,,,,,,,,,,,,,,
WQP_USA_2026,USGS-04219702,Surface Water,43.31199968,-78.85392883,,9/11/2023,,EPA 1633,,,ng/L,2.00,3.10,,,,1.10,1.80,1.00,0.00,,,,,,,,,,1.60,,2.70,0.70,,,,,,,,,,,,,,,,,,,,,,0.00,,,,,,,,,,,
WQP_USA_2026,USGS-04219720,Surface Water,43.30855556,-78.83330556,,7/12/2023,,EPA 1633,,,ng/L,11.00,4.50,,,1.80,2.00,8.80,4.90,0.00,,,,,,,,,,13.00,,10.00,3.00,,,,,,,,,,,,,,,,,,,,,,0.00,,,,,,,,,,,
WQP_USA_2026,USGS-04219720,Surface Water,43.30855556,-78.83330556,,8/9/2023,,EPA 1633,,,ng/L,4.80,2.70,,,0.80,1.10,3.20,2.00,0.00,,,,,,,,,,4.70,,10.00,2.50,,,,,,,,,,,,,,,,,,,,,,0.00,,,,,,,,,,,
WQP_USA_2026,USGS-04219720,Surface Water,43.30855556,-78.83330556,,9/13/2023,,EPA 1633,,,ng/L,5.00,3.00,,,1.00,1.10,3.50,2.60,0.00,,,,,,,,,,5.30,,11.00,2.20,,,,,,,,,,,,,,,,,,,,,,0.00,,,,,,,,,,,
WQP_USA_2026,USGS-04219768,Surface Water,43.31380556,-78.71541667,,7/13/2023,,EPA 1633,,,ng/L,3.30,3.30,,,0.60,1.50,3.70,1.40,0.00,,,,,,,,,,4.20,,4.50,1.40,,,,,,,,,,,,,,,,,,,,,,0.00,,,,,,,,,,,
WQP_USA_2026,USGS-04219768,Surface Water,43.31380556,-78.71541667,,8/10/2023,,EPA 1633,,,ng/L,4.20,3.50,,,0.70,1.20,3.10,1.80,0.00,,,,,,,,,,4.80,,5.30,2.00,,,,,,,,,,,,,,,,,,,,,,0.00,,,,,,,,,,,
WQP_USA_2026,USGS-04219768,Surface Water,43.31380556,-78.71541667,,9/14/2023,,EPA 1633,,,ng/L,3.50,2.90,,,0.60,1.00,3.20,1.60,0.00,,,,,,,,,,4.20,,4.60,1.50,,,,,,,,,,,,,,,,,,,,,,0.00,,,,,,,,,,,
WQP_USA_2026,USGS-0422016550,Surface Water,43.301,-78.31044444,,7/12/2023,,EPA 1633,,,ng/L,2.00,1.70,,,0.60,1.00,3.00,1.40,0.00,,,,,,,,,,3.40,,5.10,1.20,,,,,,,,,,,,,,,,,,,,,,0.00,,,,,,,,,,,
WQP_USA_2026,USGS-0422016550,Surface Water,43.301,-78.31044444,,8/9/2023,,EPA 1633,,,ng/L,2.80,1.80,,,0.50,0.60,3.00,1.20,0.00,,,,,,,,,,2.70,,4.60,1.00,,,,,,,,,,,,,,,,,,,,,,0.00,,,,,,,,,,,
WQP_USA_2026,USGS-0422016550,Surface Water,43.301,-78.31044444,,9/13/2023,,EPA 1633,,,ng/L,2.40,2.10,,,0.60,0.80,2.90,1.20,0.00,,,,,,,,,,3.20,,4.10,1.20,,,,,,,,,,,,,,,,,,,,,,0.00,,,,,,,,,,,
WQP_USA_2026,USGS-04220223,Surface Water,43.33538889,-77.92780556,,7/12/2023,,EPA 1633,,,ng/L,2.60,2.20,,,0.70,1.10,3.20,1.30,0.00,,,,,,,,,,4.90,,4.00,1.40,,,,,,,,,,,,,,,,,,,,,,0.00,,,,,,,,,,,
WQP_USA_2026,USGS-04220223,Surface Water,43.33538889,-77.92780556,,8/9/2023,,EPA 1633,,,ng/L,2.80,1.60,,,,,3.60,1.40,0.00,,,,,,,,,,3.70,,7.10,1.70,,,,,,,,,,,,,,,,,,,,,,0.00,,,,,,,,,,,
WQP_USA_2026,USGS-04220223,Surface Water,43.33538889,-77.92780556,,9/13/2023,,EPA 1633,,,ng/L,2.20,1.40,,,0.50,0.70,2.80,1.10,0.00,,,,,,,,,,4.10,,3.80,1.10,,,,,,,,,,,,,,,,,,,,,,0.00,,,,,,,,,,,
WQP_USA_2026,USGS-04220259,Surface Water,43.307194,-77.70575,,7/12/2023,,EPA 1633,,,ng/L,4.10,4.60,,,0.90,1.50,2.50,1.60,0.00,,,,,,,,,,2.70,,6.50,1.40,,,,,,,,,,,,,,,,,,,,,,0.00,,,,,,,,,,,
WQP_USA_2026,USGS-04220259,Surface Water,43.307194,-77.70575,,8/9/2023,,EPA 1633,,,ng/L,5.30,9.00,,,1.00,1.80,3.70,2.10,,,,,,,,,,,5.00,,11.00,2.50,,,,,,,,,,,,,,,,,,,,,,,,,0.60,,,,,,,,
WQP_USA_2026,USGS-04220259,Surface Water,43.307194,-77.70575,,9/12/2023,,EPA 1633,,,ng/L,3.00,4.90,,,,1.80,2.60,1.70,,,,,,,,,,,2.60,,7.50,1.50,,,,,,,,,,,,,,,,,,,,,,,,,1.60,,,,,,,,
WQP_USA_2026,USGS-04231600,Surface Water,43.14172222,-77.61630556,,7/11/2023,,EPA 1633,,,ng/L,1.60,1.60,,,0.50,0.80,2.40,1.10,0.00,,,,,,,,,,2.30,,3.90,1.20,,,,,,,,,,,,,,,,,,,,,,0.00,,,,,,,,,,,
WQP_USA_2026,USGS-04231600,Surface Water,43.14172222,-77.61630556,,8/8/2023,,EPA 1633,,,ng/L,1.80,1.70,,,,1.00,2.40,1.20,0.00,,,,,,,,,,3.10,,3.90,1.50,,,,,,,,,,,,,,,,,,,,,,0.00,,,,,,,,,,,
WQP_USA_2026,USGS-04231600,Surface Water,43.14172222,-77.61630556,,9/12/2023,,EPA 1633,,,ng/L,1.50,,,,,,2.30,0.80,0.00,,,,,,,,,,2.50,,3.70,1.60,,,,,,,,,,,,,,,,,,,,,,0.00,,,,,,,,,,,
WQP_USA_2026,USGS-0423205010,Surface Water,43.144833,-77.511972,,7/11/2023,,EPA 1633,,,ng/L,2.70,1.90,,,0.60,1.30,2.00,1.20,0.00,,,,,,,,,,3.00,,7.10,1.80,,,,,,,,,,,,,,,,,,,,,,0.00,,,,,,,,,,,
WQP_USA_2026,USGS-0423205010,Surface Water,43.144833,-77.511972,,8/8/2023,,EPA 1633,,,ng/L,2.80,2.20,,,0.60,,2.30,1.40,0.00,,,,,,,,,,2.70,,6.20,2.00,,,,,,,,,,,,,,,,,,,,,,0.00,,,,,,,,,,,
WQP_USA_2026,USGS-0423205010,Surface Water,43.144833,-77.511972,,9/12/2023,,EPA 1633,,,ng/L,1.90,1.40,,,0.50,1.00,2.00,1.00,0.00,,,,,,,,,,2.90,,6.40,1.80,,,,,,,,,,,,,,,,,,,,,,0.00,,,,,,,,,,,
WQP_USA_2026,USGS-0423205040,Surface Water,43.23488889,-77.53386111,,7/13/2023,,EPA 1633,,,ng/L,2.60,2.50,,,0.50,1.30,2.60,1.30,0.00,,,,,,,,,,3.10,,6.80,2.20,,,,,,,,,,,,,,,,,,,,,,0.00,,,,,,,,,,,
WQP_USA_2026,USGS-0423205040,Surface Water,43.23488889,-77.53386111,,8/10/2023,,EPA 1633,,,ng/L,2.20,3.70,,0.00,0.50,0.90,2.30,1.20,0.00,,,,,,,,,,2.20,0.00,4.40,1.10,0.00,,,,,,,,,0.00,,,,0.00,,,0.00,0.00,,,,0.00,,0.00,0.00,,,,,0.00,,,
WQP_USA_2026,USGS-0423205040,Surface Water,43.23488889,-77.53386111,,9/13/2023,,EPA 1633,,,ng/L,2.10,2.60,,,0.50,0.80,2.30,1.20,0.00,,,,,,,,,,2.40,,5.50,1.30,,,,,,,,,,,,,,,,,,,,,,0.00,,,,,,,,,,,
WQP_USA_2026,USGS-0423207760,Surface Water,43.273,-76.974389,,7/13/2023,,EPA 1633,,,ng/L,1.90,2.70,,,0.60,1.20,1.90,1.00,0.00,,,,,,,,,,1.70,,2.60,0.80,,,,,,,,,,,,,,,,,,,,,,0.00,,,,,,,,,,,
WQP_USA_2026,USGS-0423207760,Surface Water,43.273,-76.974389,,8/11/2023,,EPA 1633,,,ng/L,,,,,,,,,,,,,,,,,,,,,,,,,,,,,,,,,,,,,,,,,,,,,,,9.90,,,,,,,,
WQP_USA_2026,USGS-0423207760,Surface Water,43.273,-76.974389,,9/14/2023,,EPA 1633,,,ng/L,2.40,2.80,,0.00,0.50,1.00,1.80,1.00,0.00,,,,,,,,,,1.50,0.00,2.60,0.80,0.00,,,,,,,,,0.00,,,,0.00,,,0.00,0.00,0.00,,,0.00,0.00,0.00,0.00,,,,,0.00,,,
WQP_USA_2026,USGS-04249000,Surface Water,43.45138889,-76.50547222,,7/10/2023,,EPA 1633,,,ng/L,1.70,1.40,,,0.50,0.70,1.90,0.90,0.00,,,,,,,,,,2.10,,4.20,1.00,,,,,,,,,,,,,,,,,,,,,,0.00,,,,,,,,,,,
WQP_USA_2026,USGS-04249000,Surface Water,43.45138889,-76.50547222,,8/7/2023,,EPA 1633,,,ng/L,1.50,1.30,,,,,1.50,1.00,0.00,,,,,,,,,,1.60,,3.20,0.80,,,,,,,,,,,,,,,,,,,,,,0.00,,,,,,,,,,,
WQP_USA_2026,USGS-04249000,Surface Water,43.45138889,-76.50547222,,9/11/2023,,EPA 1633,,,ng/L,1.70,1.80,,,0.50,0.80,1.90,0.80,0.00,,,,,,,,,,2.20,,3.50,0.90,,,,,,,,,,,,,,,,,,,,,,0.00,,,,,,,,,,,
WQP_USA_2026,USGS-0425050505,Surface Water,43.57562439,-76.20270545,,7/12/2023,,EPA 1633,,,ng/L,0.80,0.80,,0.00,0.00,,0.50,0.50,0.00,,,,,,,,,,,0.00,,0.00,0.00,,,,,,,,,0.00,,,,0.00,,,0.00,0.00,0.00,,,0.00,0.00,0.00,0.00,,,,,0.00,,,
WQP_USA_2026,USGS-0425050505,Surface Water,43.57562439,-76.20270545,,8/9/2023,,EPA 1633,,,ng/L,,,,,,,,0.50,0.00,,,,,,,,,,,,,0.00,,,,,,,,,,,,,,,,,,,,,,0.00,,,,,,,,,,,
WQP_USA_2026,USGS-0425050505,Surface Water,43.57562439,-76.20270545,,9/12/2023,,EPA 1633,,,ng/L,,0.80,,,,,0.50,,0.00,,,,,,,,,,,,,0.00,,,,,,,,,,,,,,,,,,,,,,0.00,,,,,,,,,,,
WQP_USA_2026,USGS-0425076550,Surface Water,43.83922986,-76.29937634,,7/11/2023,,EPA 1633,,,ng/L,2.30,3.40,,,0.60,1.10,1.80,1.10,0.00,,,,,,,,,,1.70,,2.60,0.80,,,,,,,,,,,,,,,,,,,,,,0.00,,,,,,,,,,,
WQP_USA_2026,USGS-0425076550,Surface Water,43.83922986,-76.29937634,,8/8/2023,,EPA 1633,,,ng/L,2.10,5.10,,,0.60,,,1.10,,,,,,,,,,,1.50,,2.80,0.00,,,,,,,,,,,,,,,,,,,,,,,,,,,,,,,,,
WQP_USA_2026,USGS-0425076550,Surface Water,43.83922986,-76.29937634,,9/12/2023,,EPA 1633,,,ng/L,2.20,4.40,,,0.60,0.90,1.70,1.20,0.00,,,,,,,,,,1.50,,2.90,0.70,,,,,,,,,,,,,,,,,,,,,,0.00,,,,,,,,,,,
WQP_USA_2026,USGS-04250773,Surface Water,43.95008333,-76.12361111,,7/10/2023,,EPA 1633,,,ng/L,1.60,1.90,,,0.50,0.70,1.40,0.80,0.00,,,,,,,,,,1.20,,2.30,0.50,,,,,,,,,,,,,,,,,,,,,,0.00,,,,,,,,,,,
WQP_USA_2026,USGS-04250773,Surface Water,43.95008333,-76.12361111,,8/7/2023,,EPA 1633,,,ng/L,2.20,2.90,,,,,,1.00,,,,,,,,,,,1.40,,2.60,0.00,,,,,,,,,,,,,,,,,,,,,,,,,,,,,,,,,
WQP_USA_2026,USGS-04250773,Surface Water,43.95008333,-76.12361111,,9/11/2023,,EPA 1633,,,ng/L,1.90,2.80,,,0.70,0.80,1.60,1.10,0.00,,,,,,,,,,1.40,,2.80,0.70,,,,,,,,,,,,,,,,,,,,,,0.00,,,0.90,,,,,,,,
WQP_USA_2026,USGS-05411260,Surface Water,42.9627635,-91.22929735,,6/16/2021,,Undisclosed,,,ng/L,,,,,,,1.70,,,3.10,,10.00,,,,,,,,,,,,,,,,,,,,,,,,,,,,,,,,,,,,,,,,,,,
WQP_USA_2026,USGS-05420300,Surface Water,42.01058136,-90.2009618,,6/16/2021,,Undisclosed,,,ng/L,,,,,,,,,,,,5.30,,,,,,,,,27.00,0.00,,,,,,,,,,,,,,,,,,,,,,,,,,,,,,,,,
WQP_USA_2026,USGS-05451210,Surface Water,42.31530556,-93.15219444,,5/3/2021,,Undisclosed,,,ng/L,,,,,,,,,,,,35.00,,,,,,,,,1.80,,,,,,,,,,,,,,,,,,,,,,,,,,,,,,,,,,
WQP_USA_2026,USGS-05453000,Surface Water,41.74944709,-92.18212668,,4/6/2021,,Undisclosed,,,ng/L,7.50,,,,,,,,,,,,,,,,,,,,,,,,,,,,,,,,,,,,,,,,,,,,,,,,,,,,,,
WQP_USA_2026,USGS-05454090,Surface Water,41.7,-91.56277778,,4/21/2021,,Undisclosed,,,ng/L,34.00,1.30,,1.00,,1.20,10.00,3.80,,,,1.00,,,,,,,30.00,,4.90,6.20,,,,,,,,,,,,,,,,,,,,,,,,,,,,,,,,,
WQP_USA_2026,USGS-05471382,Surface Water,41.67671325,-93.04878144,,5/18/2021,,Undisclosed,,,ng/L,5.50,3.40,,0.80,2.00,1.40,9.30,4.10,,,,,,,,,,,14.00,,4.70,5.50,,,,,,,,,,,,,1.20,,,,,,,,,,,,,,,,,,,,
WQP_USA_2026,USGS-05476735,Surface Water,42.80575,-94.46263889,,5/4/2021,,Undisclosed,,,ng/L,,,,,,,,,,,,1.10,,,,,,,,,3.60,0.00,,,,,,,,,,,,,,,,,,,,,,,,,,,,,,,,,
WQP_USA_2026,USGS-05487980,Surface Water,41.24644444,-93.29013889,,6/1/2021,,Undisclosed,,,ng/L,,,,,,,,20.00,,,,,,,,,,,,,,,,,,,,,,,,,,,,,,,,,,,,,,,,,,,,,,,
WQP_USA_2026,USGS-06483495,Surface Water,43.24525718,-96.17752308,,5/5/2021,,Undisclosed,,,ng/L,4.10,1.30,,,,1.00,3.20,,,,,,,,,,,,4.00,,3.40,1.00,,,,,,,,,,,,,,,,,,,,,,,,,,,,,,,,,
WQP_USA_2026,USGS-06600030,Surface Water,43.186,-95.72511111,,5/5/2021,,Undisclosed,,,ng/L,1.60,,,,,,1.30,,,,,,,,,,,,1.70,,,1.00,,,,,,,,,,,,,,,,,,,,,,,,,,,,,,,,,
WQP_USA_2026,USGS-07087050,Surface Water,38.97693889,-106.2139833,,12/8/2025,,EPA 1633,,,ng/L,0.00,0.00,,0.00,0.00,0.00,0.00,0.00,0.00,,,38.00,,,,,,,,0.00,,0.00,,0.00,,,,,,,0.00,0.00,,,0.00,0.00,,0.00,,0.00,0.00,,,0.00,0.00,0.00,0.00,,,,,0.00,,,
WQP_USA_2026,USGS-07091015,Surface Water,38.74166667,-106.0830556,,12/10/2025,,EPA 1633,,,ng/L,0.00,0.00,,0.00,0.00,,0.00,0.00,0.00,,,,,,,,,,,0.00,,0.00,,0.00,,,,,,,0.00,0.00,,,0.00,0.00,,0.00,,0.00,0.00,,,0.00,0.00,0.00,0.00,,,,,0.00,,,
WQP_USA_2026,USGS-07091200,Surface Water,38.65221882,-106.0511261,,12/8/2025,,EPA 1633,,,ng/L,0.00,0.00,,0.00,0.00,,0.00,0.00,0.00,,,2.40,,,,,,,,0.00,,0.00,,0.00,,,,,,,0.00,0.00,,,0.00,0.00,,0.00,,0.00,0.00,,,0.00,0.00,0.00,0.00,,,,,0.00,,,
WQP_USA_2026,USGS-07103707,Surface Water,38.82943667,-104.8396969,,8/15/2024,,EPA 1633,,,ng/L,1.40,0.90,,,,1.20,1.10,0.50,,,,,,,,,,,,0.30,1.90,1.60,,,,,,,,,,,,,,,,,,,,,,,,,,,,,,,,,
WQP_USA_2026,USGS-07104905,Surface Water,38.83721474,-104.8294192,,8/14/2024,,EPA 1633,,,ng/L,4.10,3.60,,0.30,0.50,3.20,8.10,2.50,,,,,,,,,,,9.00,0.40,10.00,5.90,,,,,,,,,,,,,,,,,,,,,,,,,,,,,,,,,
WQP_USA_2026,USGS-07105500,Surface Water,38.81638158,-104.8227519,,8/15/2024,,EPA 1633,,,ng/L,3.20,2.90,,,0.30,3.20,4.00,1.30,,,,,,,,,,,4.70,0.40,5.60,6.10,,,,,,,,,,,,,,,,,,,,,,,,,,,,,,,,,
WQP_USA_2026,USGS-07105530,Surface Water,38.80304911,-104.7958069,,8/15/2024,,EPA 1633,,,ng/L,5.20,3.20,,0.60,0.50,3.30,8.70,1.40,,,,,,,,,,,9.90,0.40,7.80,5.20,,,,,,,,,,,,,,,,,,,,,,,,,,,,,,,,,
WQP_USA_2026,USGS-07105600,Surface Water,38.78832768,-104.773862,,8/22/2024,,EPA 1633,,,ng/L,4.10,4.10,,0.30,0.40,3.50,6.50,2.00,,,,,,,,,,,6.70,0.60,9.60,13.00,,,,,,,,,,,,,,,,,,,,,,,,,,,,,,,,,
WQP_USA_2026,USGS-07105800,Surface Water,38.729444,-104.733333,,8/20/2024,,EPA 1633,,,ng/L,6.50,11.00,,0.60,0.80,13.00,12.00,3.10,0.30,,,,,,,,,,14.00,2.50,12.00,8.00,,,,,,,,,,,,,,,,,,,,,,,,,,,,,,,,,
WQP_USA_2026,USGS-07105900,Surface Water,38.6844413,-104.688583,,8/19/2024,,EPA 1633,,,ng/L,12.00,6.40,,,1.00,22.00,16.00,5.10,0.30,,,,,,,,,,16.00,5.60,26.00,18.00,,,,,,,,,,,,,,,,,,,,,,,,,,,,,,,,,
WQP_USA_2026,USGS-07106000,Surface Water,38.6016647,-104.6702503,,8/22/2024,,EPA 1633,,,ng/L,6.90,11.00,,0.50,0.80,16.00,12.00,3.10,0.30,,,,,,,,,,13.00,3.50,11.00,11.00,,,,,,,,,,,,,,,,,,,,,,,,,,,,,,,,,
WQP_USA_2026,USGS-07214790,Surface Water,35.97540278,-105.4048778,,9/11/2025,,Unnamed_SPE+LCMS/MS,,,ng/L,,,,,,,,,,,,,,,,,,,,,,1.20,,,,,,,,,,,,,,,,,,,,,,,,,,,,,,,,,
WQP_USA_2026,USGS-07215500,Surface Water,35.94511667,-105.2557333,,9/10/2025,,Unnamed_SPE+LCMS/MS,,,ng/L,,,,,,,,,,,,,,,,,,,,,,1.30,,,,,,,,,,,,,,,,,,,,,,,,,,,,,,,,,
WQP_USA_2026,USGS-07215500,Surface Water,35.94511667,-105.2557333,,4/1/2026,,Unnamed_SPE+LCMS/MS,,,ng/L,,,,,,,,,,,,,,,,,,,,,,1.70,,,,,,,,,,,,,,,,,,,,,,,,,,,,,,,,,
WQP_USA_2026,USGS-07216500,Surface Water,35.89087222,-105.1636194,,9/11/2025,,Unnamed_SPE+LCMS/MS,,,ng/L,,,,,,,,,,,,,,,,,,,,,,0.90,,,,,,,,,,,,,,,,,,,,,,,,,,,,,,,,,
WQP_USA_2026,USGS-07221500,Surface Water,35.65483333,-104.3786111,,9/2/2020,,EPA 1633,,,ng/L,,0.90,,,,,,,,,,,,,,,,,1.90,,11.00,2.60,,,,,,,,,,,,,,,,,,,,,,,,,,,,,,,,,
WQP_USA_2026,USGS-07221500,Surface Water,35.65483333,-104.3786111,,5/10/2021,,Unnamed_SPE+LCMS/MS,,,ng/L,,,,,,,,,,,,,,,,,,,,,3.00,1.60,,,,,,,,,,,,,,,,,,,,,,,,,,,,,,,,,
WQP_USA_2026,USGS-07221500,Surface Water,35.65483333,-104.3786111,,4/9/2024,,Unnamed_SPE+LCMS/MS,,,ng/L,,,,,,,,,,,,,,,,,,,,,,3.40,,,,,,,,,,,,,,,,,,,,,,,,,,,,,,,,,
WQP_USA_2026,USGS-07221500,Surface Water,35.65483333,-104.3786111,,4/8/2025,,Unnamed_SPE+LCMS/MS,,,ng/L,,,,,,,,,,,,,,,,,,,,,,1.40,,,,,,,,,,,,,,,,,,,,,,,,,,,,,,,,,
WQP_USA_2026,USGS-07224500,Surface Water,35.40893713,-104.1699758,,9/29/2020,,EPA 1633,,,ng/L,,1.20,,,,,,1.00,,,,,,,,,,,,,6.90,1.40,,,,,,,,,,,,,,,,,,,,,,,,,,,,,,,,,
WQP_USA_2026,USGS-07227000,Surface Water,35.35,-103.3997222,,11/30/2020,,EPA 1633,,,ng/L,,,,,,,,,,,,,,,,,,,,,,1.00,,,,,,,,,,,,,,,,,,,,,,,,,,,,,,,,,
WQP_USA_2026,USGS-07227000,Surface Water,35.35,-103.3997222,,5/6/2021,,Unnamed_SPE+LCMS/MS,,,ng/L,,,,,,,,,,,,,,,,,,,,,2.40,2.50,,,,,,,,,,,,,,,,,,,,,,,,,,,,,,,,,
WQP_USA_2026,USGS-07227000,Surface Water,35.35,-103.3997222,,8/2/2021,,Unnamed_SPE+LCMS/MS,,,ng/L,,1.00,,,,,,,,,,,,,,,,,,,2.10,1.70,,,,,,,,,,,,,,,,,,,,,,,,,,,,,,,,,
WQP_USA_2026,USGS-07227000,Surface Water,35.35,-103.3997222,,9/21/2022,,Unnamed_SPE+LCMS/MS,,,ng/L,,1.30,,,,,,,,,,,,,,,,,,,5.10,1.00,,,,,,,,,,,,,,,,,,,,,,,,,,,,,,,,,
WQP_USA_2026,USGS-07227000,Surface Water,35.35,-103.3997222,,3/21/2023,,Unnamed_SPE+LCMS/MS,,,ng/L,,,,,,,,,,,,,,,,,,,,,3.20,1.60,,,,,,,,,,,,,,,,,,,,,,,,,,,,,,,,,
WQP_USA_2026,USGS-07227000,Surface Water,35.35,-103.3997222,,4/9/2024,,Unnamed_SPE+LCMS/MS,,,ng/L,,1.20,,,,,,,,,,,,,,,,,,,2.80,3.30,,,,,,,,,,,,,,,,,,,,,,,,,,,,,,,,,
WQP_USA_2026,USGS-07227000,Surface Water,35.35,-103.3997222,,4/9/2025,,Unnamed_SPE+LCMS/MS,,,ng/L,,1.10,,,,,,,,,,,,,,,,,,,2.50,2.10,,,,,,,,,,,,,,,,,,,,,,,,,,,,,,,,,
WQP_USA_2026,USGS-07263910,Surface Water,34.90786681,-92.18209264,,12/13/2023,,EPA 1633,,,ng/L,,,,,,,,,,,,,,,,,,,,,21.00,,,,,,,,,,,,,,,,,,,,,,,,,,,,,,,,,,
WQP_USA_2026,USGS-08276500,Surface Water,36.32003333,-105.7544444,,3/11/2024,,Unnamed_SPE+LCMS/MS,,,ng/L,,11.00,,,,,,,,,,,,,,,,,,,,4.20,,,,,,,,,,,,,,,,,,,,,,,,,,,,,,,,,
WQP_USA_2026,USGS-08276500,Surface Water,36.32003333,-105.7544444,,3/10/2025,,Unnamed_SPE+LCMS/MS,,,ng/L,,,,,,,,,,,,,,,,,,,,,,2.10,,,,,,,,,,,,,,,,,,,,,,,,,,,,,,,,,
WQP_USA_2026,USGS-08287000,Surface Water,36.23722222,-106.4174167,,8/20/2020,,EPA 1633,,,ng/L,,,,,,,,,,,,,,,,,,,,,,1.70,,,,,,,,,,,,,,,,,,,,,,,,,,,,,,,,,
WQP_USA_2026,USGS-08287000,Surface Water,36.23722222,-106.4174167,,11/17/2020,,EPA 1633,,,ng/L,,,,,,,,,,,,,,,,,,,,,1.90,1.40,,,,,,,,,,,,,,,,,,,,,,,,,,,,,,,,,
WQP_USA_2026,USGS-08287000,Surface Water,36.23722222,-106.4174167,,2/22/2021,,Unnamed_SPE+LCMS/MS,,,ng/L,,,,,,,,,,,,,,,,,,,,,2.20,1.80,,,,,,,,,,,,,,,,,,,,,,,,,,,,,,,,,
WQP_USA_2026,USGS-08287000,Surface Water,36.23722222,-106.4174167,,3/28/2025,,Unnamed_SPE+LCMS/MS,,,ng/L,,,,,,,,,,,,,,,,,,,,,,1.50,,,,,,,,,,,,,,,,,,,,,,,,,,,,,,,,,
WQP_USA_2026,USGS-08313150,Surface Water,35.83841667,-106.1590833,,8/28/2020,,EPA 1633,,,ng/L,,,,,,,,,,,,,,,,,,,,,,1.00,,,,,,,,,,,,,,,,,,,,,,,,,,,,,,,,,
WQP_USA_2026,USGS-08313150,Surface Water,35.83841667,-106.1590833,,9/17/2020,,EPA 1633,,,ng/L,,,,,,,,,,,,,,,,,,,,,,2.30,,,,,,,,,,,,,,,,,,,,,,,,,,,,,,,,,
WQP_USA_2026,USGS-08313150,Surface Water,35.83841667,-106.1590833,,9/28/2020,,EPA 1633,,,ng/L,,,,,,,,,,,,,,,,,,,1.00,,,1.80,,,,,,,,,,,,,,,,,,,,,,,,,,,,,,,,,
WQP_USA_2026,USGS-08313150,Surface Water,35.83841667,-106.1590833,,11/12/2020,,EPA 1633,,,ng/L,,,,,,,,,,,,,,,,,,,1.20,,,3.00,,,,,,,,,,,,,,,,,,,,,,,,,,,,,,,,,
WQP_USA_2026,USGS-08313150,Surface Water,35.83841667,-106.1590833,,12/8/2020,,EPA 1633,,,ng/L,,,,,,,,,,,,,,,,,,,,,,1.70,,,,,,,,,,,,,,,,,,,,,,,,,,,,,,,,,
WQP_USA_2026,USGS-08313150,Surface Water,35.83841667,-106.1590833,,1/29/2021,,EPA 1633,,,ng/L,,,,,,,,,,,,4.70,,,,,,,,,,,,,,,,,,,,,,,,,,,,,,,,,,,,,,,,,,,
WQP_USA_2026,USGS-08313150,Surface Water,35.83841667,-106.1590833,,2/25/2021,,Unnamed_SPE+LCMS/MS,,,ng/L,,,,,,,,,,,,2.10,,,,,,,,,,,,,,,,,,,,,,,,,,,,,,,,,,,,,,,,,,,
WQP_USA_2026,USGS-08313150,Surface Water,35.83841667,-106.1590833,,3/12/2024,,Unnamed_SPE+LCMS/MS,,,ng/L,,,,,,,,,,,,,,,,,,,,,,3.20,,,,,,,,,,,,,,,,,,,,,,,,,,,,,,,,,
WQP_USA_2026,USGS-08313150,Surface Water,35.83841667,-106.1590833,,3/11/2025,,Unnamed_SPE+LCMS/MS,,,ng/L,2.90,,,,,,,,,,,,,,,,,,,,,2.10,,,,,,,,,,,,,,,,,,,,,,,,,,,,,,,,,
WQP_USA_2026,USGS-08329400,Surface Water,35.32194444,-106.5575,,3/13/2024,,Unnamed_SPE+LCMS/MS,,,ng/L,,,,,,,,,,,,,,,,,,,,,,1.10,,,,,,,,,,,,,,,,,,,,,,,,,,,,,,,,,
WQP_USA_2026,USGS-08329400,Surface Water,35.32194444,-106.5575,,9/16/2025,,Unnamed_SPE+LCMS/MS,,,ng/L,,,,,,,,,,,,,,,,,,,1.10,,2.70,,,,,,,,,,,,,,,,,,,,,,,,,,,,,,,,,,
WQP_USA_2026,USGS-08329918,Surface Water,35.19772222,-106.6427778,,8/19/2020,,EPA 1633,,,ng/L,,,,,,,,,,,,,,,,,,,2.20,,2.00,,,,,,,,,,,,,,,,,,,,,,,,,,,,,,,,,,
WQP_USA_2026,USGS-08329918,Surface Water,35.19772222,-106.6427778,,9/16/2020,,EPA 1633,,,ng/L,,,,,,,,,,,,,,,,,,,1.00,,,2.80,,,,,,,,,,,,,,,,,,,,,,,,,,,,,,,,,
WQP_USA_2026,USGS-08329918,Surface Water,35.19772222,-106.6427778,,11/23/2020,,EPA 1633,,,ng/L,,,,,,,,,,,,,,,,,,,1.30,,,3.90,,,,,,,,,,,,,,,,,,,,,,,,,,,,,,,,,
WQP_USA_2026,USGS-08329918,Surface Water,35.19772222,-106.6427778,,1/11/2021,,EPA 1633,,,ng/L,,,,,,,,,,,,,,,,,,,1.10,,,,,,,,,,,,,,,,,,,,,,,,,,,,,,,,,,,,
WQP_USA_2026,USGS-08329918,Surface Water,35.19772222,-106.6427778,,5/5/2021,,Unnamed_SPE+LCMS/MS,,,ng/L,,,,,,,,,,,,,,,,,,,,,,2.90,,,,,,,,,,,,,,,,,,,,,,,,,,,,,,,,,
WQP_USA_2026,USGS-08329918,Surface Water,35.19772222,-106.6427778,,7/21/2021,,Unnamed_SPE+LCMS/MS,,,ng/L,,,,,2.70,,,,,,,,,,,,,,3.40,,6.20,2.30,,,,,,,,,,,,,,,,,,,,,,,,,,,,,,,,,
WQP_USA_2026,USGS-08329918,Surface Water,35.19772222,-106.6427778,,7/22/2021,,Unnamed_SPE+LCMS/MS,,,ng/L,,,,,,,,,,,,,,,,,,,,,,2.70,,,,,,,,,,,,,,,,,,,,,,,,,,,,,,,,,
WQP_USA_2026,USGS-08329918,Surface Water,35.19772222,-106.6427778,,8/11/2021,,Unnamed_SPE+LCMS/MS,,,ng/L,1.20,,,,,,1.10,,,,,,,,,,,,2.30,,,,,,,,,,,,,,,,,,,,,,,,,,,,,,,,,,,,
WQP_USA_2026,USGS-08329918,Surface Water,35.19772222,-106.6427778,,8/25/2021,,Unnamed_SPE+LCMS/MS,,,ng/L,1.20,1.30,,,,,1.00,,,,,,,,,,,,2.40,,2.30,,,,,,,,,,,,,,,,,,,,,,,,,,,,,,,,,,
WQP_USA_2026,USGS-08329918,Surface Water,35.19772222,-106.6427778,,8/31/2022,,Unnamed_SPE+LCMS/MS,,,ng/L,,,,,,,,,,,,,,,,,,,2.10,,2.20,,,,,,,,,,,,,,,,,,,,,,,,,,,,,,,,,,
WQP_USA_2026,USGS-08329918,Surface Water,35.19772222,-106.6427778,,9/6/2022,,Unnamed_SPE+LCMS/MS,,,ng/L,,,,,,,,,,,,,,,,,,,2.00,,,1.10,,,,,,,,,,,,,,,,,,,,,,,,,,,,,,,,,
WQP_USA_2026,USGS-08329918,Surface Water,35.19772222,-106.6427778,,8/16/2023,,Unnamed_SPE+LCMS/MS,,,ng/L,,,,,,,,,,,,,,,,,,,1.20,,,1.20,,,,,,,,,,,,,,,,,,,,,,,,,,,,,,,,,
WQP_USA_2026,USGS-08329918,Surface Water,35.19772222,-106.6427778,,3/13/2024,,Unnamed_SPE+LCMS/MS,,,ng/L,,,,,,,,,,,,,,,,,,,,,,6.50,,,,,,,,,,,,,,,,,,,,,,,,,,,,,,,,,
WQP_USA_2026,USGS-08329918,Surface Water,35.19772222,-106.6427778,,8/13/2024,,Unnamed_SPE+LCMS/MS,,,ng/L,,,,,,,,,,,,,,,,,,,1.40,,,2.50,,,,,,,,,,,,,,,,,,,,,,,,,,,,,,,,,
WQP_USA_2026,USGS-08329918,Surface Water,35.19772222,-106.6427778,,3/12/2025,,Unnamed_SPE+LCMS/MS,,,ng/L,,,,,,,0.80,,,,,,,,,,,,,,,6.50,,,,,,,,,,,,,,,,,,,,,,,,,,,,,,,,,
WQP_USA_2026,USGS-08329918,Surface Water,35.19772222,-106.6427778,,9/16/2025,,Unnamed_SPE+LCMS/MS,,,ng/L,,,,,,,,,,,,,,,,,,,1.90,,,3.60,,,,,,,,,,,,,,,,,,,,,,,,,,,,,,,,,
WQP_USA_2026,USGS-08330000,Surface Water,35.08916667,-106.6806944,,8/17/2023,,Unnamed_SPE+LCMS/MS,,,ng/L,,,,,,,,,,,,,,,,,,,1.40,,,1.60,,,,,,,,,,,,,,,,,,,,,,,,,,,,,,,,,
WQP_USA_2026,USGS-08330000,Surface Water,35.08916667,-106.6806944,,3/14/2024,,Unnamed_SPE+LCMS/MS,,,ng/L,,,,,,,,,,,,,,,,,,,,,,2.40,,,,,,,,,,,,,,,,,,,,,,,,,,,,,,,,,
WQP_USA_2026,USGS-08330000,Surface Water,35.08916667,-106.6806944,,8/14/2024,,Unnamed_SPE+LCMS/MS,,,ng/L,,,,,,,,,,,,,,,,,,,,,,1.80,,,,,,,,,,,,,,,,,,,,,,,,,,,,,,,,,
WQP_USA_2026,USGS-08330000,Surface Water,35.08916667,-106.6806944,,9/17/2025,,Unnamed_SPE+LCMS/MS,,,ng/L,2.00,1.90,,,1.20,,,1.20,,,,,,,,,,,2.30,,5.30,1.70,,,,,,,,,,,,,,,,,,,,,,,,,,,,,,,,,
WQP_USA_2026,USGS-08330492,Surface Water,35.05998611,-106.4445722,,3/5/2025,,EPA 1633,,,ng/L,0.60,2.90,,,,18.00,1.10,,,,,,,,,,,,1.40,1.90,,6.20,,,,,,,,,,,,,,,,,,,,,,,,,,,,,,,,,
WQP_USA_2026,USGS-08330492,Surface Water,35.05998611,-106.4445722,,7/22/2025,,EPA 1633,,,ng/L,3.40,14.00,,1.50,1.80,63.00,15.00,3.50,,,,,,,,,,,12.00,8.30,34.00,16.00,,,,,,,,,,,,,,,,,,,,,,,,,,,,,,,,,
WQP_USA_2026,USGS-08330492,Surface Water,35.05998611,-106.4445722,,7/23/2025,,EPA 1633,,,ng/L,9.00,6.70,,,,79.00,59.00,11.00,,,,,,,,,,,52.00,8.80,53.00,16.00,,,,,,,,,,,,,,,,,,,,,,,,,,,,,,,,,
WQP_USA_2026,USGS-08330492,Surface Water,35.05998611,-106.4445722,,8/26/2025,,EPA 1633,,,ng/L,2.30,7.00,,,,39.00,5.50,1.40,,,,,,,,,,,5.10,3.50,12.00,8.10,,,,,,,,,,,,,,,,,,,,,,,,,,,,,,,,,
WQP_USA_2026,USGS-08330492,Surface Water,35.05998611,-106.4445722,,9/5/2025,,EPA 1633,,,ng/L,2.50,7.20,,,,36.00,5.30,1.80,,,,,,,,,,,4.80,4.10,16.00,10.00,,,,,,,,,,,,,,,,,,,,,,,,,,,,,,,,,
WQP_USA_2026,USGS-08330492,Surface Water,35.05998611,-106.4445722,,9/28/2025,,EPA 1633,,,ng/L,2.10,6.20,,0.80,2.00,3.70,2.80,3.60,,,,,,,,,,,5.90,,8.10,1.50,,,,,,,,,,,,,,,,,,,,,,,,,,,,,,,,,
WQP_USA_2026,USGS-08330492,Surface Water,35.05998611,-106.4445722,,3/18/2026,,EPA 1633,,,ng/L,0.80,5.50,,,,38.00,1.60,0.60,,,,,,,,,,,1.70,4.40,7.70,9.60,,,,,,,,,,,,,,,,,,,,,,,,,,,,,,,,,
WQP_USA_2026,USGS-08330500,Surface Water,35.06111111,-106.4777778,,3/5/2025,,EPA 1633,,,ng/L,2.30,4.60,,,,36.00,1.80,1.00,,,,,,,,,,,3.80,6.30,14.00,15.00,,,,,,,,,,,,,,,,,,,,,,,,,,,,,,,,,
WQP_USA_2026,USGS-08330500,Surface Water,35.06111111,-106.4777778,,7/23/2025,,EPA 1633,,,ng/L,2.50,5.00,,,,35.00,2.60,1.10,,,,,,,,,,,3.70,6.30,23.00,16.00,,,,,,,,,,,,,,,,,,,,,,,,,,,,,,,,,
WQP_USA_2026,USGS-08330500,Surface Water,35.06111111,-106.4777778,,8/26/2025,,EPA 1633,,,ng/L,5.00,7.10,,,,48.00,2.60,2.20,,,,,,,,,,,4.90,8.20,30.00,19.00,,,,,,,,,,,,,,,,,,,,,,,,,,,,,,,,,
WQP_USA_2026,USGS-08330500,Surface Water,35.06111111,-106.4777778,,3/18/2026,,EPA 1633,,,ng/L,5.20,6.40,,,,41.00,8.60,3.30,,,,,,,,,,,11.00,6.00,23.00,15.00,,,,,,,,,,,,,,,,,,,,,,,,,,,,,,,,,
WQP_USA_2026,USGS-08330830,Surface Water,34.98333333,-106.6865556,,8/31/2020,,EPA 1633,,,ng/L,,,,,,,2.90,,,,,,,,,,,,5.80,,,,,,,,,,,,,,,,,,,,,,,,,,,,,,,,,,,,
WQP_USA_2026,USGS-08330830,Surface Water,34.98333333,-106.6865556,,9/16/2020,,EPA 1633,,,ng/L,4.90,2.60,,,,1.20,12.00,1.70,,,,,,,,,,,28.00,,12.00,93.00,,,,,,,,,,,,,,,,,,,,,,,,,,,,,,,,,
WQP_USA_2026,USGS-08330830,Surface Water,34.98333333,-106.6865556,,11/23/2020,,EPA 1633,,,ng/L,1.60,,,,,,4.00,,,,,,,,,,,,6.60,,3.10,22.00,,,,,,,,,,,,,,,,,,,,,,,,,,,,,,,,,
WQP_USA_2026,USGS-08330830,Surface Water,34.98333333,-106.6865556,,12/18/2020,,EPA 1633,,,ng/L,1.30,,,,,,3.40,,,,,,,,,,,,4.80,,3.00,,,,,,,,,,,,,,,,,,,,,,,,,,,,,,,,,,
WQP_USA_2026,USGS-08330830,Surface Water,34.98333333,-106.6865556,,2/8/2021,,EPA 1633,,,ng/L,1.40,,,,,,4.20,,,,,,,,,,,,4.00,,2.00,,,,,,,,,,,,,,,,,,,,,,,,,,,,,,,,,,
WQP_USA_2026,USGS-08330830,Surface Water,34.98333333,-106.6865556,,3/3/2021,,Unnamed_SPE+LCMS/MS,,,ng/L,1.50,,,,,,2.90,,,,,,,,,,,,3.40,,1.80,,,,,,,,,,,,,,,,,,,,,,,,,,,,,,,,,,
WQP_USA_2026,USGS-08330830,Surface Water,34.98333333,-106.6865556,,3/10/2021,,Unnamed_SPE+LCMS/MS,,,ng/L,1.10,,,,,,2.80,,,,,,,,,,,,3.00,,2.00,,,,,,,,,,,,,,,,,,,,,,,,,,,,,,,,,,
WQP_USA_2026,USGS-08330830,Surface Water,34.98333333,-106.6865556,,6/23/2021,,Unnamed_SPE+LCMS/MS,,,ng/L,1.40,,,,,,2.60,,,,,,,,,,,,4.10,,3.40,8.30,,,,,,,,,,,,,,,,,,,,,,,,,,,,,,,,,
WQP_USA_2026,USGS-08330830,Surface Water,34.98333333,-106.6865556,,7/21/2021,,Unnamed_SPE+LCMS/MS,,,ng/L,9.00,7.50,,2.90,3.70,,22.00,2.70,,,,,,,,,,,38.00,,14.00,,,,,,,,,,,,,,,,,,,,,,,,,,4.10,,,,,,,,
WQP_USA_2026,USGS-08330830,Surface Water,34.98333333,-106.6865556,,7/22/2021,,Unnamed_SPE+LCMS/MS,,,ng/L,6.80,2.60,,1.10,1.20,,19.00,1.90,,,,,,,,,,,34.00,,9.40,,,,,,,,,,,,,,,,,,,,,,,,,,3.10,,,,,,,,
WQP_USA_2026,USGS-08330830,Surface Water,34.98333333,-106.6865556,,8/12/2021,,Unnamed_SPE+LCMS/MS,,,ng/L,3.00,1.50,,,,,6.80,1.50,,,,,,,,,,,15.00,,6.10,,,,,,,,,,,,,,,,,,,,,,,,,,,,,,,,,,
WQP_USA_2026,USGS-08330830,Surface Water,34.98333333,-106.6865556,,8/25/2021,,Unnamed_SPE+LCMS/MS,,,ng/L,5.40,3.20,,1.00,1.10,,14.00,2.00,,,,,,,,,,,29.00,,13.00,,,,,,,,,,,,,,,,,,,,,,,,,,,,,,,,,,
WQP_USA_2026,USGS-08330830,Surface Water,34.98333333,-106.6865556,,9/6/2022,,Unnamed_SPE+LCMS/MS,,,ng/L,1.30,1.30,,,,,7.20,,,,,,,,,,,,9.30,,3.10,18.00,,,,,,,,,,,,,,,,,,,,,,,,,,,,,,,,,
WQP_USA_2026,USGS-08330830,Surface Water,34.98333333,-106.6865556,,9/23/2022,,Unnamed_SPE+LCMS/MS,,,ng/L,3.70,1.90,,,1.40,,14.00,1.70,,,,2.40,,,,,,,32.00,,6.90,,,,,,,,,,,,,,,,,,,,,,,,,,,,,,,,,,
WQP_USA_2026,USGS-08330830,Surface Water,34.98333333,-106.6865556,,9/24/2022,,Unnamed_SPE+LCMS/MS,,,ng/L,6.00,2.40,,,2.50,,16.00,2.50,,,,2.30,,,,,,,32.00,,11.00,,,,,,,,,,,,,,,,,,,,,,,,,,,,,,,,,,
WQP_USA_2026,USGS-08330830,Surface Water,34.98333333,-106.6865556,,3/14/2023,,Unnamed_SPE+LCMS/MS,,,ng/L,,,,,,,1.90,,,,,,,,,,,,2.30,,,,,,,,,,,,,,,,,,,,,,,,,,,,,,,,,,,,
WQP_USA_2026,USGS-08330830,Surface Water,34.98333333,-106.6865556,,7/20/2023,,Unnamed_SPE+LCMS/MS,,,ng/L,1.50,,,,,,3.30,,,,,,,,,,,,6.70,,3.70,14.00,,,,,,,,,,,,,,,,,,,,,,,,,,,,,,,,,
WQP_USA_2026,USGS-08330830,Surface Water,34.98333333,-106.6865556,,8/17/2023,,Unnamed_SPE+LCMS/MS,,,ng/L,1.40,1.10,,,,,4.20,,,,,,,,,,,,9.00,,4.00,13.00,,,,,,,,,,,,,,,,,,,,,,,,,,,,,,,,,
WQP_USA_2026,USGS-08330830,Surface Water,34.98333333,-106.6865556,,3/14/2024,,Unnamed_SPE+LCMS/MS,,,ng/L,1.10,,,,,,3.30,,,,,,,,,,,,2.70,,,40.00,,,,,,,,,,,,,,,,,,,,,,,,,,,,,,,,,
WQP_USA_2026,USGS-08330830,Surface Water,34.98333333,-106.6865556,,8/14/2024,,Unnamed_SPE+LCMS/MS,,,ng/L,,,,,,,2.60,,,,,,,,,,,,5.70,,3.90,18.00,,,,,,,,,,,,,,,,,,,,,,,,,,,,,,,,,
WQP_USA_2026,USGS-08330830,Surface Water,34.98333333,-106.6865556,,3/13/2025,,Unnamed_SPE+LCMS/MS,,,ng/L,,,,,,,2.30,,,,,,,,,,,,1.80,,,29.00,,,,,,,,,,,,,,,,,,,,,,,,,1.10,,,,,,,,
WQP_USA_2026,USGS-08330830,Surface Water,34.98333333,-106.6865556,,9/17/2025,,Unnamed_SPE+LCMS/MS,,,ng/L,,,,,,,2.80,,,,,,,,,,,,5.30,,4.80,43.00,,,,,,,,,,,,,,,,,,,,,,,,,,,,,,,,,
WQP_USA_2026,USGS-08331510,Surface Water,34.545,-106.7630556,,3/13/2025,,Unnamed_SPE+LCMS/MS,,,ng/L,,3.30,,,,,1.50,,,,,,,,,,,,1.40,,,6.10,,,,,,,,,,,,,,,,,,,,,,,,,1.60,,,,,,,,
WQP_USA_2026,USGS-08353000,Surface Water,34.41027778,-106.8544444,,9/13/2020,,EPA 1633,,,ng/L,,3.10,,,,,1.40,1.80,,,,,,,,,,,3.20,,24.00,2.30,,,,,,,,,,,,,,,,,,,,,,,,,,,,,,,,,
WQP_USA_2026,USGS-08353000,Surface Water,34.41027778,-106.8544444,,7/26/2021,,Unnamed_SPE+LCMS/MS,,,ng/L,3.00,4.50,,,1.70,,1.60,2.40,,,,,,,,,,,3.40,,22.00,,,,,,,,,,,,,,,,,,,,,,,,,,,,,,,,,,
WQP_USA_2026,USGS-08358400,Surface Water,33.67908333,-106.997,,8/24/2020,,EPA 1633,,,ng/L,,2.90,,,,1.50,,,,,,,,,,,,,2.40,,4.10,4.90,,,,,,,,,,,,,,,,,,,,,,,,,,,,,,,,,
WQP_USA_2026,USGS-08358400,Surface Water,33.67908333,-106.997,,8/12/2021,,Unnamed_SPE+LCMS/MS,,,ng/L,2.60,3.80,,,,,1.90,1.80,,,,,,,,,,,3.10,,12.00,4.80,,,,,,,,,,,,,,,,,,,,,,,,,,,,,,,,,
WQP_USA_2026,USGS-08358400,Surface Water,33.67908333,-106.997,,3/16/2023,,Unnamed_SPE+LCMS/MS,,,ng/L,,,,,,,1.30,,,,,,,,,,,,1.40,,,,,,,,,,,,,,,,,,,,,,,,,,,,,,,,,,,,
WQP_USA_2026,USGS-08358400,Surface Water,33.67908333,-106.997,,3/17/2025,,Unnamed_SPE+LCMS/MS,,,ng/L,1.40,,,,,,1.80,,,,,,,,,,,,1.80,,,7.50,,,,,,,,,,,,,,,,,,,,,,,,,,,,,,,,,
WQP_USA_2026,USGS-08363510,Surface Water,32.47731016,-106.9205661,,3/19/2025,,Unnamed_SPE+LCMS/MS,,,ng/L,0.80,6.70,,0.60,1.30,,,,,,,,,,,,,,1.20,,2.10,2.20,,,,,,,,,,,,,,,,,,,,,,,,,,,,,,,,,
WQP_USA_2026,USGS-08364000,Surface Water,31.80288488,-106.5408218,,8/25/2020,,EPA 1633,,,ng/L,1.20,3.70,,,,1.70,1.40,,,,,,,,,,,,2.40,,3.10,4.30,,,,,,,,,,,,,,,,,,,,,,,,,,,,,,,,,
WQP_USA_2026,USGS-08364000,Surface Water,31.80288488,-106.5408218,,9/15/2020,,EPA 1633,,,ng/L,1.40,2.00,,,,,1.80,,,,,,,,,,,,3.50,,4.70,10.00,,,,,,,,,,,,,,,,,,,,,,,,,,,,,,,,,
WQP_USA_2026,USGS-08364000,Surface Water,31.80288488,-106.5408218,,10/15/2020,,EPA 1633,,,ng/L,4.40,3.80,,,,3.20,5.30,2.30,,,,7.20,,,,,,,7.30,,4.60,,,,,,,,,,,,,,,,,,,,,,,,,,,,,,,,,,
WQP_USA_2026,USGS-08364000,Surface Water,31.80288488,-106.5408218,,11/4/2020,,EPA 1633,,,ng/L,4.30,6.50,,,,5.20,5.70,2.40,,,,7.40,,,,,,,6.60,1.10,5.40,,,,,,,,,,,,,,,,,,,,,,,,,,,,,,,,,,
WQP_USA_2026,USGS-08364000,Surface Water,31.80288488,-106.5408218,,11/24/2020,,EPA 1633,,,ng/L,4.70,4.40,,,,3.40,6.40,2.70,,,,8.30,,,,,,,8.80,1.60,4.70,18.00,,,,,,,,,,,,,,,,,,,,,,,,,,,,,,,,,
WQP_USA_2026,USGS-08364000,Surface Water,31.80288488,-106.5408218,,12/4/2020,,EPA 1633,,,ng/L,4.50,4.60,,,,3.60,6.40,2.60,,,,10.00,,,,,,,8.80,1.30,4.80,9.90,,,,,,,,,,,,,,,,,,,,,,,,,,,,,,,,,
WQP_USA_2026,USGS-08364000,Surface Water,31.80288488,-106.5408218,,12/11/2020,,EPA 1633,,,ng/L,3.30,3.40,,,,2.60,4.50,1.80,,,,7.30,,,,,,,6.40,,3.50,6.50,,,,,,,,,,,,,,,,,,,,,,,,,,,,,,,,,
WQP_USA_2026,USGS-08364000,Surface Water,31.80288488,-106.5408218,,4/15/2021,,Unnamed_SPE+LCMS/MS,,,ng/L,6.20,5.50,,,,6.50,11.00,3.90,,,,18.00,,,,,,,11.00,1.90,6.90,,,,,,,,,,,,,,,,,,,,,,,,,,,,,,,,,,
WQP_USA_2026,USGS-08364000,Surface Water,31.80288488,-106.5408218,,5/14/2021,,Unnamed_SPE+LCMS/MS,,,ng/L,6.50,4.80,,,,6.50,12.00,5.00,,,,26.00,,,,,,,15.00,1.70,8.00,,,,,,,,,,,,,,,,,,,,,,,,,,,,,,,,,,
WQP_USA_2026,USGS-08364000,Surface Water,31.80288488,-106.5408218,,7/27/2021,,Unnamed_SPE+LCMS/MS,,,ng/L,1.80,2.40,,,,1.20,2.70,1.10,,,,,,,,,,,3.80,,,,,,,,,,,,,,,,,,,,,,,,,,,,,,,,,,,,
WQP_USA_2026,USGS-08364000,Surface Water,31.80288488,-106.5408218,,8/13/2021,,Unnamed_SPE+LCMS/MS,,,ng/L,4.10,6.30,,,1.60,1.50,2.90,1.50,,,,,,,,,,,5.00,,6.20,6.10,,,,,,,,,,,,,,,,,,,,,,,,,,,,,,,,,
WQP_USA_2026,USGS-08364000,Surface Water,31.80288488,-106.5408218,,8/31/2021,,Unnamed_SPE+LCMS/MS,,,ng/L,,4.30,,,,,,,,,,,,,,,,,3.60,,,15.00,,,,,,,,,,,,,,,,,,,,,,,,,,,,,,,,,
WQP_USA_2026,USGS-08364000,Surface Water,31.80288488,-106.5408218,,3/17/2023,,Unnamed_SPE+LCMS/MS,,,ng/L,4.10,4.10,,,,3.70,4.40,1.70,,,,4.00,,,,,,,4.60,1.10,5.10,8.40,,,,,,,,,,,,,,,,,,,,,,,,,,,,,,,,,
WQP_USA_2026,USGS-08364000,Surface Water,31.80288488,-106.5408218,,3/21/2024,,Unnamed_SPE+LCMS/MS,,,ng/L,,,,,,,,,,,,,,,,,,,1.70,,2.80,14.00,,,,,,,,,,,,,,,,,,,,,,,,,,,,,,,,,
WQP_USA_2026,USGS-08364000,Surface Water,31.80288488,-106.5408218,,3/20/2025,,Unnamed_SPE+LCMS/MS,,,ng/L,4.60,4.50,,,,3.40,6.00,3.10,,,,14.00,,,,,,,8.20,,3.80,5.70,,,,,,,,,,,,,,,,,,,,,,,,,,,,,,,,,
WQP_USA_2026,USGS-08378500,Surface Water,35.70835,-105.6827028,,9/9/2025,,Unnamed_SPE+LCMS/MS,,,ng/L,,,,,,,,,,,,,,,,,,,,,,1.10,,,,,,,,,,,,,,,,,,,,,,,,,,,,,,,,,
WQP_USA_2026,USGS-08380500,Surface Water,35.65199444,-105.3188306,,6/23/2022,,Unnamed_SPE+LCMS/MS,,,ng/L,,,,,,,,,,,,,,,,,,,1.10,,4.80,,,,,,,,,,,,,,,,,,,,,,,,,,,,,,,,,,
WQP_USA_2026,USGS-08380500,Surface Water,35.65199444,-105.3188306,,7/6/2022,,Unnamed_SPE+LCMS/MS,,,ng/L,,,,,,,,,,,,,,,,,,,,,5.20,1.30,,,,,,,,,,,,,,,,,,,,,,,,,,,,,,,,,
WQP_USA_2026,USGS-08380500,Surface Water,35.65199444,-105.3188306,,7/14/2022,,Unnamed_SPE+LCMS/MS,,,ng/L,,,,,,,,,,,,,,,,,,,,,6.40,1.60,,,,,,,,,,,,,,,,,,,,,,,,,,,,,,,,,
WQP_USA_2026,USGS-08380500,Surface Water,35.65199444,-105.3188306,,3/29/2024,,Unnamed_SPE+LCMS/MS,,,ng/L,,,,,,,,,,,,,,,,,,,,,,2.40,,,,,,,,,,,,,,,,,,,,,,,,,,,,,,,,,
WQP_USA_2026,USGS-08383500,Surface Water,34.73008333,-104.5249111,,6/8/2021,,Unnamed_SPE+LCMS/MS,,,ng/L,1.10,,,,,,,,,,,,,,,,,,1.70,,,,,,,,,,,,,,,,,,,,,,,,,,,,,,,,,,,,
WQP_USA_2026,USGS-08383500,Surface Water,34.73008333,-104.5249111,,4/4/2023,,Unnamed_SPE+LCMS/MS,,,ng/L,,,,,,,,,,,,,,,,,,,,,,1.30,,,,,,,,,,,,,,,,,,,,,,,,,,,,,,,,,
WQP_USA_2026,USGS-08383500,Surface Water,34.73008333,-104.5249111,,3/19/2024,,Unnamed_SPE+LCMS/MS,,,ng/L,,,,,,,1.90,,,,,,,,,,,,1.80,,,17.00,,,,,,,,,,,,,,,,,,,,,,,,,,,,,,,,,
WQP_USA_2026,USGS-08396500,Surface Water,32.84086111,-104.3238333,,8/26/2020,,EPA 1633,,,ng/L,1.50,2.10,,,,1.50,1.50,,,,,,,,,,,,2.30,,4.00,2.60,,,,,,,,,,,,,,,,,,,,,,,,,,,,,,,,,
WQP_USA_2026,USGS-08396500,Surface Water,32.84086111,-104.3238333,,9/16/2020,,EPA 1633,,,ng/L,,,,,,,,,,,,,,,,,,,1.00,,3.50,1.30,,,,,,,,,,,,,,,,,,,,,,,,,,,,,,,,,
WQP_USA_2026,USGS-08396500,Surface Water,32.84086111,-104.3238333,,10/16/2020,,EPA 1633,,,ng/L,,1.40,,,,1.40,1.20,,,,,,,,,,,,1.70,,,3.00,,,,,,,,,,,,,,,,,,,,,,,,,,,,,,,,,
WQP_USA_2026,USGS-08396500,Surface Water,32.84086111,-104.3238333,,12/21/2020,,EPA 1633,,,ng/L,1.70,3.30,,,,2.30,2.70,,,,,,,,,,,,3.00,,,11.00,,,,,,,,,,,,,,,,,,,,,,,,,,,,,,,,,
WQP_USA_2026,USGS-08396500,Surface Water,32.84086111,-104.3238333,,6/10/2021,,Unnamed_SPE+LCMS/MS,,,ng/L,1.10,1.40,,,,1.40,0.90,,,,,,,,,,,,1.60,,3.90,2.60,,,,,,,,,,,,,,,,,,,,,,,,,,,,,,,,,
WQP_USA_2026,USGS-08396500,Surface Water,32.84086111,-104.3238333,,8/18/2021,,Unnamed_SPE+LCMS/MS,,,ng/L,,,,,,,,,,,,,,,,,,,,,3.60,,,,,,,,,,,,,,,,,,,,,,,,,,,,,,,,,,
WQP_USA_2026,USGS-08396500,Surface Water,32.84086111,-104.3238333,,9/27/2021,,Unnamed_SPE+LCMS/MS,,,ng/L,2.30,3.00,,,,3.60,2.90,1.30,,,,,,,,,,,3.50,,3.40,4.90,,,,,,,,,,,,,,,,,,,,,,,,,,,,,,,,,
WQP_USA_2026,USGS-08396500,Surface Water,32.84086111,-104.3238333,,4/6/2023,,Unnamed_SPE+LCMS/MS,,,ng/L,,1.60,,,,1.00,,,,,,,,,,,,,1.00,,2.40,,,,,,,,,,,,,,,,,,,,,,,,,,,,,,,,,,
WQP_USA_2026,USGS-08396500,Surface Water,32.84086111,-104.3238333,,3/20/2024,,Unnamed_SPE+LCMS/MS,,,ng/L,,,,,,,,,,,,,,,,,,,,,,15.00,,,,,,,,,,,,,,,,,,,,,,,,,,,,,,,,,
WQP_USA_2026,USGS-08396500,Surface Water,32.84086111,-104.3238333,,3/19/2025,,Unnamed_SPE+LCMS/MS,,,ng/L,1.90,2.10,,,,3.50,3.00,1.40,,,,,,,,,,,3.20,,4.30,4.60,,,,,,,,,,,,,,,,,,,,,,,,,4.30,,,,,,,,
WQP_USA_2026,USGS-08407500,Surface Water,32.07519167,-104.0394361,,8/26/2020,,EPA 1633,,,ng/L,,1.50,,,,1.10,1.00,,,,,,,,,,,,2.00,,1.90,,,,,,,,,,,,,,,,,,,,,,,,,,,,,,,,,,
WQP_USA_2026,USGS-08407500,Surface Water,32.07519167,-104.0394361,,4/5/2023,,Unnamed_SPE+LCMS/MS,,,ng/L,,1.00,,,,,1.30,,,,,,,,,,,,2.10,,,,,,,,,,,,,,,,,,,,,,,,,,,,,,,,,,,,
WQP_USA_2026,USGS-08407500,Surface Water,32.07519167,-104.0394361,,3/21/2024,,Unnamed_SPE+LCMS/MS,,,ng/L,,,,,,,,,,,,,,,,,,,1.30,,,22.00,,,,,,,,,,,,,,,,,,,,,,,,,,,,,,,,,
WQP_USA_2026,USGS-08407500,Surface Water,32.07519167,-104.0394361,,3/20/2025,,Unnamed_SPE+LCMS/MS,,,ng/L,,,,,,1.10,0.90,,,,,,,,,,,,,,,2.60,,,,,,,,,,,,,,,,,,,,,,,,,,,,,,,,,
WQP_USA_2026,USGS-09355500,Surface Water,36.80188889,-107.6986389,,9/22/2020,,EPA 1633,,,ng/L,,,,,,,,,,,,,,,,,,,,,,2.70,,,,,,,,,,,,,,,,,,,,,,,,,,,,,,,,,
WQP_USA_2026,USGS-09355500,Surface Water,36.80188889,-107.6986389,,10/28/2020,,EPA 1633,,,ng/L,,,,,,,,,,,,,,,,,,,,,2.40,2.00,,,,,,,,,,,,,,,,,,,,,,,,,,,,,,,,,
WQP_USA_2026,USGS-09355500,Surface Water,36.80188889,-107.6986389,,11/18/2020,,EPA 1633,,,ng/L,,,,,,,,,,,,,,,,,,,,,,1.20,,,,,,,,,,,,,,,,,,,,,,,,,,,,,,,,,
WQP_USA_2026,USGS-09355500,Surface Water,36.80188889,-107.6986389,,12/2/2020,,EPA 1633,,,ng/L,,,,,,,,,,,,,,,,,,,1.00,,,,,,,,,,,,,,,,,,,,,,,,,,,,,,,,,,,,
WQP_USA_2026,USGS-09355500,Surface Water,36.80188889,-107.6986389,,5/24/2021,,Unnamed_SPE+LCMS/MS,,,ng/L,,,,,,,,,,,,,,,,,,,,,,1.30,,,,,,,,,,,,,,,,,,,,,,,,,,,,,,,,,
WQP_USA_2026,USGS-09355500,Surface Water,36.80188889,-107.6986389,,3/26/2024,,Unnamed_SPE+LCMS/MS,,,ng/L,,,,,,,,,,,,,,,,,,,,,,2.20,,,,,,,,,,,,,,,,,,,,,,,,,,,,,,,,,
WQP_USA_2026,USGS-09364500,Surface Water,36.7225,-108.20175,,8/13/2020,,EPA 1633,,,ng/L,,,,,,,,,,,,,,,,,,,,,,2.10,,,,,,,,,,,,,,,,,,,,,,,,,,,,,,,,,
WQP_USA_2026,USGS-09364500,Surface Water,36.7225,-108.20175,,9/23/2020,,EPA 1633,,,ng/L,,1.50,,,,1.00,,,,,,,,,,,,,1.70,,,3.10,,,,,,,,,,,,,,,,,,,,,,,,,,,,,,,,,
WQP_USA_2026,USGS-09364500,Surface Water,36.7225,-108.20175,,10/29/2020,,EPA 1633,,,ng/L,,,,,,,1.00,,,,,,,,,,,,1.60,,,,,,,,,,,,,,,,,,,,,,,,,,,,,,,,,,,,
WQP_USA_2026,USGS-09364500,Surface Water,36.7225,-108.20175,,11/18/2020,,EPA 1633,,,ng/L,,,,,,,,,,,,,,,,,,,1.50,,,1.20,,,,,,,,,,,,,,,,,,,,,,,,,,,,,,,,,
WQP_USA_2026,USGS-09364500,Surface Water,36.7225,-108.20175,,2/25/2021,,Unnamed_SPE+LCMS/MS,,,ng/L,,,,,,,1.00,,,,,,,,,,,,,,,,,,,,,,,,,,,,,,,,,,,,,,,,,,,,,,,,
WQP_USA_2026,USGS-09364500,Surface Water,36.7225,-108.20175,,5/26/2021,,Unnamed_SPE+LCMS/MS,,,ng/L,,,,,,,,,,,,,,,,,,,,,,2.40,,,,,,,,,,,,,,,,,,,,,,,,,,,,,,,,,
WQP_USA_2026,USGS-09364500,Surface Water,36.7225,-108.20175,,9/27/2022,,Unnamed_SPE+LCMS/MS,,,ng/L,,,,,,,,,,,,,,,,,,,,,,1.50,,,,,,,,,,,,,,,,,,,,,,,,,,,,,,,,,
WQP_USA_2026,USGS-09364500,Surface Water,36.7225,-108.20175,,3/15/2023,,Unnamed_SPE+LCMS/MS,,,ng/L,,1.20,,,,1.30,,,,,,,,,,,,,,,3.00,2.10,,,,,,,,,,,,,,,,,,,,,,,,,,,,,,,,,
WQP_USA_2026,USGS-09364500,Surface Water,36.7225,-108.20175,,3/27/2024,,Unnamed_SPE+LCMS/MS,,,ng/L,,,,,,1.20,,,,,,,,,,,,,0.90,,,4.20,,,,,,,,,,,,,,,,,,,,,,,,,,,,,,,,,
WQP_USA_2026,USGS-09364500,Surface Water,36.7225,-108.20175,,3/26/2025,,Unnamed_SPE+LCMS/MS,,,ng/L,,,,,,,,,,,,,,,,,,,,,,2.50,,,,,,,,,,,,,,,,,,,,,,,,,,,,,,,,,
WQP_USA_2026,USGS-09367540,Surface Water,36.740278,-108.4025,,8/12/2020,,EPA 1633,,,ng/L,,,,,,,,,,,,,,,,,,,,,,2.00,,,,,,,,,,,,,,,,,,,,,,,,,,,,,,,,,
WQP_USA_2026,USGS-09367540,Surface Water,36.740278,-108.4025,,9/23/2020,,EPA 1633,,,ng/L,,,,,,,,,,,,,,,,,,,1.40,,,2.00,,,,,,,,,,,,,,,,,,,,,,,,,,,,,,,,,
WQP_USA_2026,USGS-09367540,Surface Water,36.740278,-108.4025,,11/16/2020,,EPA 1633,,,ng/L,,,,,,,1.60,,,,,,,,,,,,2.90,,,,,,,,,,,,,,,,,,,,,,,,,,,,,,,,,,,,
WQP_USA_2026,USGS-09367540,Surface Water,36.740278,-108.4025,,12/1/2020,,EPA 1633,,,ng/L,,,,,,,,,,,,,,,,,,,1.60,,,3.50,,,,,,,,,,,,,,,,,,,,,,,,,,,,,,,,,
WQP_USA_2026,USGS-09367540,Surface Water,36.740278,-108.4025,,5/25/2021,,Unnamed_SPE+LCMS/MS,,,ng/L,,,,,,,,,,,,,,,,,,,,,2.20,3.10,,,,,,,,,,,,,,,,,,,,,,,,,2.40,,,,,,,,
WQP_USA_2026,USGS-09367540,Surface Water,36.740278,-108.4025,,8/4/2021,,Unnamed_SPE+LCMS/MS,,,ng/L,,,,,,,,,,,,,,,,,,,1.40,,,,,,,,,,,,,,,,,,,,,,,,,,,,,,,,,,,,
WQP_USA_2026,USGS-09367540,Surface Water,36.740278,-108.4025,,9/14/2021,,Unnamed_SPE+LCMS/MS,,,ng/L,,,,,,,,,,,,,,,,,,,1.00,,,2.50,,,,,,,,,,,,,,,,,,,,,,,,,,,,,,,,,
WQP_USA_2026,USGS-09367540,Surface Water,36.740278,-108.4025,,3/14/2023,,Unnamed_SPE+LCMS/MS,,,ng/L,,,,,,,,,,,,,,,,,,,,,3.10,1.70,,,,,,,,,,,,,,,,,,,,,,,,,,,,,,,,,
WQP_USA_2026,USGS-09367540,Surface Water,36.740278,-108.4025,,3/28/2024,,Unnamed_SPE+LCMS/MS,,,ng/L,,,,,,,,,,,,,,,,,,,,,,5.80,,,,,,,,,,,,,,,,,,,,,,,,,,,,,,,,,
WQP_USA_2026,USGS-09367540,Surface Water,36.740278,-108.4025,,3/27/2025,,Unnamed_SPE+LCMS/MS,,,ng/L,,,,,,,,,,,,,,,,,,,,,,3.80,,,,,,,,,,,,,,,,,,,,,,,,,,,,,,,,,
WQP_USA_2026,USGS-09402500,Surface Water,36.10137176,-112.0862795,,4/18/2023,,EPA 1633,,,ng/L,0.00,0.30,,0.00,0.00,0.00,0.00,,,,0.00,,,,,,,,,,0.00,0.00,,,,,,,,,,,,0.00,,0.00,0.00,,0.00,,,,,,,0.00,0.00,,,,,,,,
WQP_USA_2026,USGS-09402700,Surface Water,36.16796944,-112.0454806,,7/22/2026,,EPA 1633,,,ng/L,7.40,2.70,,,5.50,,2.80,4.80,,,,,,,,,,,,,46.00,3.60,,,,,,,,,,,,,,,,,,,,,,,,,,,,,,,,,
WQP_USA_2026,USGS-09403013,Surface Water,36.07859391,-112.1260026,,4/18/2023,,EPA 1633,,,ng/L,0.00,0.00,,,0.00,0.00,0.00,,,,0.00,0.00,0.00,,,,,,,,0.00,0.00,,,,,,,,,,,,0.00,,0.00,0.00,,0.00,,,,,,,0.00,0.00,,,,,,,,
WQP_USA_2026,USGS-09403013,Surface Water,36.07859391,-112.1260026,,6/21/2023,,EPA 1633,,,ng/L,0.00,0.00,,0.00,0.00,0.00,0.00,,,,0.00,,0.00,,,,,,,,0.00,,0.00,,,,,,,,,,,0.00,0.00,,0.00,0.00,0.00,,,,,,,,0.62,,0.00,,,,,,
WQP_USA_2026,USGS-09403013,Surface Water,36.07859391,-112.1260026,,6/21/2023,,Undisclosed,,,ng/L,,,,,,,,,,,,,,,,,,,,,,,,,,,,,,,,,,,,0.00,,,,,,,,,,,,,,,,,,,
WQP_USA_2026,USGS-09403013,Surface Water,36.07859391,-112.1260026,,10/17/2023,,EPA 1633,,,ng/L,0.00,0.00,,0.00,0.00,0.00,0.00,,,,0.00,,0.00,,,,,,,,0.00,,0.00,,,,,,,,,,,0.00,0.00,,0.00,0.00,0.00,,,,,,,,0.69,,0.00,,,,,,
WQP_USA_2026,USGS-09403013,Surface Water,36.07859391,-112.1260026,,10/17/2023,,Undisclosed,,,ng/L,,,,,,,,,,,,,,,,,,,,,,,,,,,,,,,,,,,,0.00,,,,,,,,,,,,,,,,,,,
WQP_USA_2026,USGS-09403013,Surface Water,36.07859391,-112.1260026,,4/18/2024,,EPA 1633,,,ng/L,0.00,0.00,,0.00,0.00,0.00,0.00,0.00,,0.00,0.00,0.00,0.00,,0.00,0.00,0.00,,0.00,,0.00,0.00,0.00,,,,,,,,,0.00,,0.00,,0.00,,,,0.00,,,,,,0.00,0.00,0.00,0.00,,0.00,0.00,,,0.00
WQP_USA_2026,USGS-09403043,Surface Water,36.08081566,-112.2137829,,6/14/2023,,EPA 1633,,,ng/L,0.00,0.00,,0.00,0.00,0.00,0.00,,,,0.00,,0.00,,,,,,,,0.00,,0.00,,,,,,,,,,,0.00,0.00,0.00,0.00,0.00,0.00,,,,,,,,0.00,,0.00,,,,,,
WQP_USA_2026,USGS-09403043,Surface Water,36.08081566,-112.2137829,,10/18/2023,,EPA 1633,,,ng/L,0.00,0.00,,0.00,0.00,0.00,0.00,0.00,,,0.00,0.00,0.00,,0.00,,0.00,,,,0.00,0.00,0.00,0.00,,,,,,,0.00,,,0.00,0.00,,0.00,,0.00,0.00,,,,,,0.00,0.00,,0.00,,,0.00,,,
WQP_USA_2026,USGS-09403043,Surface Water,36.08081566,-112.2137829,,10/18/2023,,Undisclosed,,,ng/L,,,,,,,,,,,,,,,,,,,,,,,,,,,,,,,,,,,,0.00,,,,,,,,,,,,,,,,,,,
WQP_USA_2026,USGS-09403043,Surface Water,36.08081566,-112.2137829,,12/13/2023,,EPA 1633,,,ng/L,0.00,0.00,,0.00,0.00,0.00,0.00,,,,0.00,0.00,0.00,,0.00,,0.00,,,,0.00,0.00,0.00,0.00,,,,,,,0.00,,,0.00,0.00,,0.00,,0.00,0.00,,,,,,,0.00,,0.00,,,0.00,,,
WQP_USA_2026,USGS-09403043,Surface Water,36.08081566,-112.2137829,,12/13/2023,,Undisclosed,,,ng/L,,,,,,,,,,,,,,,,,,,,,,,,,,,,,,,,,,,,0.00,,,,,,,,,,,,,,,,,,,
WQP_USA_2026,USGS-09430030,Surface Water,33.17972222,-108.2062778,,10/12/2022,,Unnamed_SPE+LCMS/MS,,,ng/L,,,,,,,,,,,,,,,,,,,,,,5.50,,,,,,,,,,,,,,,,,,,,,,,,,,,,,,,,,
WQP_USA_2026,USGS-09430030,Surface Water,33.17972222,-108.2062778,,6/7/2023,,Unnamed_SPE+LCMS/MS,,,ng/L,,,,,,,,,,,,,,,,,,,,,,3.40,,,,,,,,,,,,,,,,,,,,,,,,,,,,,,,,,
WQP_USA_2026,USGS-09430030,Surface Water,33.17972222,-108.2062778,,4/2/2024,,Unnamed_SPE+LCMS/MS,,,ng/L,,,,,,,,,,,,,,,,,,,,,,1.80,,,,,,,,,,,,,,,,,,,,,,,,,,,,,,,,,
WQP_USA_2026,USGS-09430500,Surface Water,33.06150278,-108.5373861,,9/10/2020,,EPA 1633,,,ng/L,,,,,,,0.90,2.00,,,,,,,,,,,2.10,,30.00,18.00,,,,,,,,,,,,,,,,,,,,,,,,,,,,,,,,,
WQP_USA_2026,USGS-09430500,Surface Water,33.06150278,-108.5373861,,9/8/2021,,Unnamed_SPE+LCMS/MS,,,ng/L,,,,,,,,,,,,,,,,,,,,,2.60,19.00,,,,,,,,,,,,,,,,,,,,,,,,,,,,,,,,,
WQP_USA_2026,USGS-09430500,Surface Water,33.06150278,-108.5373861,,6/8/2023,,Unnamed_SPE+LCMS/MS,,,ng/L,,,,,,,,,,,,,,,,,,,,,,4.00,,,,,,,,,,,,,,,,,,,,,,,,,,,,,,,,,
WQP_USA_2026,USGS-09430500,Surface Water,33.06150278,-108.5373861,,4/3/2024,,Unnamed_SPE+LCMS/MS,,,ng/L,,,,,,,,,,,,,,,,,,,,,,3.70,,,,,,,,,,,,,,,,,,,,,,,,,,,,,,,,,
WQP_USA_2026,USGS-09432000,Surface Water,32.64630833,-108.8468472,,10/14/2022,,Unnamed_SPE+LCMS/MS,,,ng/L,,,,,,,,,,,,,,,,,,,,,,15.00,,,,,,,,,,,,,,,,,,,,,,,,,,,,,,,,,
WQP_USA_2026,USGS-09432000,Surface Water,32.64630833,-108.8468472,,6/8/2023,,Unnamed_SPE+LCMS/MS,,,ng/L,,,,,,,,,,,,,,,,,,,,,,13.00,,,,,,,,,,,,,,,,,,,,,,,,,,,,,,,,,
WQP_USA_2026,USGS-09432000,Surface Water,32.64630833,-108.8468472,,4/4/2024,,Unnamed_SPE+LCMS/MS,,,ng/L,,,,,,,,,,,,,,,,,,,,,,5.50,,,,,,,,,,,,,,,,,,,,,,,,,,,,,,,,,
WQP_USA_2026,USGS-09432000,Surface Water,32.64630833,-108.8468472,,4/3/2025,,Unnamed_SPE+LCMS/MS,,,ng/L,,,,,,,,,,,,,,,,,,,,,,5.40,,,,,,,,,,,,,,,,,,,,,,,,,,,,,,,,,
WQP_USA_2026,USGS-09482374,Surface Water,32.11540556,-110.9265278,,7/25/2024,,EPA 1633,,,ng/L,36.00,"2,000.00",,15.00,51.00,24.00,7.10,4.80,,,,,48.00,,,,,,6.90,,15.00,,,,,,,,,,,7.00,,,,,,,,,,,,,,,,,,,,,,,
WQP_USA_2026,USGS-09482375,Surface Water,32.11815833,-110.9279167,,7/25/2024,,EPA 1633,,,ng/L,23.00,"1,800.00",,21.00,42.00,46.00,46.00,6.30,,,,44.00,290.00,,,,,,60.00,10.00,75.00,25.00,,,,,,,,,,12.00,,,,,,,,,,,,,,,11.00,,,,,,,,
WQP_USA_2026,USGS-09482385,Surface Water,32.12605,-110.939542,,6/21/2024,,EPA 1633,,,ng/L,8.60,15.00,,,,,13.00,,,,,17.00,,,,,,,15.00,,38.00,,,,,,,,,,,,,,,,,,,,,,,54.00,,,,,,,,,,,
WQP_USA_2026,USGS-09482385,Surface Water,32.12605,-110.939542,,6/28/2024,,EPA 1633,,,ng/L,7.80,13.00,,,,,,,,,,18.00,,,,,,,12.00,,32.00,,,,,,,,,,,,,,,,,,,,,,,,,,,,,,,,,,
WQP_USA_2026,USGS-09482385,Surface Water,32.12605,-110.939542,,7/18/2024,,EPA 1633,,,ng/L,,12.00,,,,,,,,,,,,,,,,,,,,,,,,,,,,,,,,,,,,,,,,,,,,,,,,,,,,,
WQP_USA_2026,USGS-09482385,Surface Water,32.12605,-110.939542,,7/25/2024,,EPA 1633,,,ng/L,,59.00,,5.40,,,,,,,,,,,,,,,,,,,,,,,,,,,,,,,,,,,,,,,,,,,,,,,,,,,
WQP_USA_2026,USGS-09482385,Surface Water,32.12605,-110.939542,,8/8/2024,,EPA 1633,,,ng/L,,19.00,,,,,3.60,,,,,,,,,,,,12.00,,,,,,,,,,,,,,,,,,,,,,,,,,,,,,,,,,,,
WQP_USA_2026,USGS-09482386,Surface Water,32.127975,-110.939833,,6/21/2024,,EPA 1633,,,ng/L,,,,,,,,,,,,,,,,,,,11.00,,,,,,,,,,,,,,,,,,,,,,,,,,,,,,,,,,,,
WQP_USA_2026,USGS-09482386,Surface Water,32.127975,-110.939833,,7/18/2024,,EPA 1633,,,ng/L,,,,,,,,,,,,,,,,,,,,,18.00,,,,,,,,,,,,,,,,,,,,,,,,,,,,,,,,,,
WQP_USA_2026,USGS-11051502,Surface Water,34.10834489,-117.1005911,,3/25/2025,,Unnamed_SPE+LCMS/MS,,,ng/L,1.70,1.80,,,,,1.10,1.00,,,,,,,,,,,2.40,,5.20,1.60,,,,,,,,,,,,,,,,,,,,,,,,,,,,,,,,,
WQP_USA_2026,USGS-11051502,Surface Water,34.10834489,-117.1005911,,7/24/2025,,Unnamed_SPE+LCMS/MS,,,ng/L,,,,,,,,,,,,,,,,,,,1.50,,,2.30,,,,,,,,,,,,,,,,,,,,,,,,,,,,,,,,,
WQP_USA_2026,USGS-11055000,Surface Water,34.0777904,-117.0992014,,4/15/2024,,Unnamed_SPE+LCMS/MS,,,ng/L,,,,,,,,,,,,,,,,,,,,,,0.90,,,,,,,,,,,,,,,,,,,,,,,,,,,,,,,,,
WQP_USA_2026,USGS-11057500,Surface Water,34.06140241,-117.2675419,,4/17/2024,,Unnamed_SPE+LCMS/MS,,,ng/L,7.40,,,,,,9.70,1.80,,,,,,,,,,,14.00,,5.90,29.00,,,,,,,,,,,,,,,,,,,,,,,,,,,,,,,,,
WQP_USA_2026,USGS-11057500,Surface Water,34.06140241,-117.2675419,,3/26/2025,,Unnamed_SPE+LCMS/MS,,,ng/L,6.90,4.40,,,,1.60,7.00,1.50,,,,,,,,,,,11.00,,8.30,20.00,,,,,,,,,,,,,,,,,,,,,,,,,,,,,,,,,
WQP_USA_2026,USGS-11058600,Surface Water,34.18583333,-117.2722222,,4/16/2024,,Unnamed_SPE+LCMS/MS,,,ng/L,,,,,,,,,,,,,,,,,,,,,,1.20,,,,,,,,,,,,,,,,,,,,,,,,,,,,,,,,,
WQP_USA_2026,USGS-11058600,Surface Water,34.18583333,-117.2722222,,3/26/2025,,Unnamed_SPE+LCMS/MS,,,ng/L,,1.10,,,,1.00,,,,,,,,,,,,,,,,,,,,,,,,,,,,,,,,,,,,,,,,,,,,,,,,,
WQP_USA_2026,USGS-11059300,Surface Water,34.06501313,-117.3003208,,4/16/2024,,Unnamed_SPE+LCMS/MS,,,ng/L,3.40,2.80,,,,,2.70,,,,,,,,,,,,3.70,,,7.20,,,,,,,,,,,,,,,,,,,,,,,,,,,,,,,,,
WQP_USA_2026,USGS-11059300,Surface Water,34.06501313,-117.3003208,,3/27/2025,,Unnamed_SPE+LCMS/MS,,,ng/L,2.00,1.40,,,,,1.40,,,,,,,,,,,,2.90,,4.30,2.20,,,,,,,,,,,,,,,,,,,,,,,,,,,,,,,,,
WQP_USA_2026,USGS-320660110553500,Surface Water,32.11656667,-110.92645,,6/28/2024,,EPA 1633,,,ng/L,,140.00,,5.60,8.80,,,,,,,,,,,,,,,,10.00,,,,,,,,,,,5.60,,,,,,,,,,,,,,,,,,,,,,,
WQP_USA_2026,USGS-320660110553500,Surface Water,32.11656667,-110.92645,,7/18/2024,,EPA 1633,,,ng/L,,98.00,,,5.20,,,,,,,,,,,,,,28.00,,,,,,,,,,,,,6.60,,,,,,,,,,,,,,,,,,,,,,,
WQP_USA_2026,USGS-320730110573700,Surface Water,32.12490833,-110.9603639,,7/25/2024,,EPA 1633,,,ng/L,,17.00,,,,,,,,,,,,,,,,,,,8.80,,,,,,,,,,,,,,,,,,,,,,,,,,,,,,,,,,
WQP_USA_2026,USGS-320805110571800,Surface Water,32.13464722,-110.9550722,,6/21/2024,,EPA 1633,,,ng/L,7.90,67.00,,,6.60,,13.00,6.50,,,,38.00,,,,,,,,,,6.60,,,,,,,,,,,,,,,,,,,,,,,,,,,,,,,,,
WQP_USA_2026,USGS-320805110571800,Surface Water,32.13464722,-110.9550722,,6/28/2024,,EPA 1633,,,ng/L,,39.00,,,,,,,,,,,,,,,,,,,,,,,,,,,,,,,,,,,,,,,,,,,,,,,,,,,,,
WQP_USA_2026,USGS-320805110571800,Surface Water,32.13464722,-110.9550722,,7/25/2024,,EPA 1633,,,ng/L,,49.00,,6.40,5.20,,,,,,,,,,,,,,,,10.00,,,,,,,,,,,,,,,,,,,,,,,,,,,,,,,,,,
WQP_USA_2026,USGS-320805110571800,Surface Water,32.13464722,-110.9550722,,8/8/2024,,EPA 1633,,,ng/L,,33.00,,,,,,,,,,12.00,,,,,,,9.60,,,,,,,,,,,,,,,,,,,,,,,,,,,,,,,,,,,,
WQP_USA_2026,USGS-325809108351610,Surface Water,32.96925833,-108.5877361,,10/13/2022,,Unnamed_SPE+LCMS/MS,,,ng/L,,,,,,,,,,,,,,,,,,,,,,12.00,,,,,,,,,,,,,,,,,,,,,,,,,,,,,,,,,
WQP_USA_2026,USGS-325901105492301,Surface Water,32.98348333,-105.8231611,,4/30/2021,,Unnamed_SPE+LCMS/MS,,,ng/L,,,,,,2.50,,,,,,,,,,,,,,,,,,,,,,,,,,,,,,,,,,,,,,,,,,,,,,,,,
WQP_USA_2026,USGS-330203108111710,Surface Water,33.03421944,-108.1881389,,4/3/2024,,Unnamed_SPE+LCMS/MS,,,ng/L,,,,,,,,,,,,,,,,,,,,,,12.00,,,,,,,,,,,,,,,,,,,,,,,,,,,,,,,,,
WQP_USA_2026,USGS-330203108111710,Surface Water,33.03421944,-108.1881389,,4/1/2025,,Unnamed_SPE+LCMS/MS,,,ng/L,,,,,,,,,,,,,,,,,,,,,,4.30,,,,,,,,,,,,,,,,,,,,,,,,,,,,,,,,,
WQP_USA_2026,USGS-330442108292210,Surface Water,33.07843889,-108.4894194,,4/4/2024,,Unnamed_SPE+LCMS/MS,,,ng/L,,,,,,,,,,,,,,,,,,,,,,4.90,,,,,,,,,,,,,,,,,,,,,,,,,,,,,,,,,
WQP_USA_2026,USGS-350135106402210,Surface Water,35.02640278,-106.673,,9/17/2025,,Unnamed_SPE+LCMS/MS,,,ng/L,1.40,1.30,,,,,,,,,,,,,,,,,2.30,,5.80,1.80,,,,,,,,,,,,,,,,,,,,,,,,,,,,,,,,,
WQP_USA_2026,USGS-350352106261410,Surface Water,35.06438889,-106.4373333,,3/5/2025,,EPA 1633,,,ng/L,0.70,3.60,,,,20.00,1.50,0.50,,,,,,,,,,,1.90,2.30,4.20,5.60,,,,,,,,,,,,,,,,,,,,,,,,,,,,,,,,,
WQP_USA_2026,USGS-350352106261410,Surface Water,35.06438889,-106.4373333,,7/23/2025,,EPA 1633,,,ng/L,1.00,3.80,,,,27.00,3.00,0.70,,,,,,,,,,,3.60,2.90,7.80,7.00,,,,,,,,,,,,,,,,,,,,,,,,,,,,,,,,,
WQP_USA_2026,USGS-350352106261410,Surface Water,35.06438889,-106.4373333,,8/26/2025,,EPA 1633,,,ng/L,1.50,6.40,,,,38.00,4.80,1.50,,,,,,,,,,,5.80,4.30,11.00,10.00,,,,,,,,,,,,,,,,,,,,,,,,,,,,,,,,,
WQP_USA_2026,USGS-350352106261410,Surface Water,35.06438889,-106.4373333,,3/18/2026,,EPA 1633,,,ng/L,1.20,6.20,,,,35.00,3.30,1.10,,,,,,,,,,,3.70,3.40,11.00,8.30,,,,,,,,,,,,,,,,,,,,,,,,,,,,,,,,,
WQP_USA_2026,USGS-350435106243210,Surface Water,35.07641667,-106.4089722,,3/5/2025,,EPA 1633,,,ng/L,2.60,16.00,,,,19.00,5.50,1.90,,,,,,,,,,,5.50,1.80,5.90,4.40,,,,,,,,,,,,,,,,,,,,,,,,,,,,,,,,,
WQP_USA_2026,USGS-350435106243210,Surface Water,35.07641667,-106.4089722,,7/23/2025,,EPA 1633,,,ng/L,5.40,23.00,,1.10,1.20,23.00,8.60,3.70,1.10,,,,,,,,,,7.60,2.50,12.00,5.50,,,,,,,,,,,,,,,,,,,,,,,,,,,,,,,,,
WQP_USA_2026,USGS-350435106243210,Surface Water,35.07641667,-106.4089722,,8/26/2025,,EPA 1633,,,ng/L,4.00,20.00,,,,22.00,9.60,3.40,1.10,,,,,,,,,,9.60,2.10,8.40,4.40,,,,,,,,,,,,,,,,,,,,,,,,,,,,,,,,,
WQP_USA_2026,USGS-350435106243210,Surface Water,35.07641667,-106.4089722,,3/18/2026,,EPA 1633,,,ng/L,4.40,22.00,,,,29.00,9.80,3.80,0.90,,,,,,,,,,10.00,2.90,9.80,6.50,,,,,,,,,,,,,,,,,,,,,,,,,,,,,,,,,
WQP_USA_2026,USGS-350841106404110,Surface Water,35.14464444,-106.6781278,,9/6/2022,,Unnamed_SPE+LCMS/MS,,,ng/L,,,,,,,,,,,,,,,,,,,1.30,,,1.70,,,,,,,,,,,,,,,,,,,,,,,,,,,,,,,,,
WQP_USA_2026,USGS-352228104124130,Surface Water,35.37471389,-104.2115861,,4/10/2024,,Unnamed_SPE+LCMS/MS,,,ng/L,,,,,,,,1.20,,,,,,,,,,,,,11.00,1.30,,,,,,,,,,,,,,,,,,,,,,,,,,,,,,,,,
WQP_USA_2026,USGS-353134105394910,Surface Water,35.52597222,-105.6636944,,10/25/2022,,Unnamed_SPE+LCMS/MS,,,ng/L,,,,,,,,,,,,,,,,,,,,,,5.00,,,,,,,,,,,,,,,,,,,,,,,,,,,,,,,,,
WQP_USA_2026,USGS-353253105413210,Surface Water,35.548,-105.6920833,,8/23/2022,,Unnamed_SPE+LCMS/MS,,,ng/L,,2.90,,,,,,,,,,,,,,,,,,,3.30,8.20,,,,,,,,,,,,,,,,,,,,,,,,,,,,,,,,,
WQP_USA_2026,USGS-353253105413210,Surface Water,35.548,-105.6920833,,10/25/2022,,Unnamed_SPE+LCMS/MS,,,ng/L,,1.20,,,,,,,,,,,,,,,,,,,,2.70,,,,,,,,,,,,,,,,,,,,,,,,,,,,,,,,,
WQP_USA_2026,USGS-353406105445810,Surface Water,35.56819444,-105.7493056,,2/1/2022,,Unnamed_SPE+LCMS/MS,,,ng/L,,2.40,,,,1.00,,,,,,,,,,,,,,,,4.20,,,,,,,,,,,,,,,,,,,,,,,,,,,,,,,,,
WQP_USA_2026,USGS-353406105445810,Surface Water,35.56819444,-105.7493056,,5/10/2022,,Unnamed_SPE+LCMS/MS,,,ng/L,,2.50,,,,1.40,,,,,,,,,,,,,1.00,,,3.60,,,,,,,,,,,,,,,,,,,,,,,,,,,,,,,,,
WQP_USA_2026,USGS-353406105445810,Surface Water,35.56819444,-105.7493056,,8/23/2022,,Unnamed_SPE+LCMS/MS,,,ng/L,3.00,3.20,,,,,2.60,,,,,,,,,,,,6.10,,4.10,4.90,,,,,,,,,,,,,,,,,,,,,,,,,,,,,,,,,
WQP_USA_2026,USGS-353406105445810,Surface Water,35.56819444,-105.7493056,,10/25/2022,,Unnamed_SPE+LCMS/MS,,,ng/L,,4.90,,,,2.80,,,,,,,,,,,,,,,,7.20,,,,,,,,,,,,,,,,,,,,,,,,,,,,,,,,,
WQP_USA_2026,USGS-360230112093401,Surface Water,36.04166667,-112.1594444,,4/30/2021,,Unnamed_SPE+LCMS/MS,,,ng/L,85.00,1.80,,2.70,1.40,,18.00,5.70,,,,,,,,,,,26.00,,5.60,,,,,,,,,,,,,,,,,,,,,,,,,,,,,,,,,,
WQP_USA_2026,USGS-360230112093401,Surface Water,36.04166667,-112.1594444,,4/22/2022,,Unnamed_SPE+LCMS/MS,,,ng/L,9.00,1.30,,,,,12.00,,,,,,,,,,,,17.00,,,,,,,,,,,,,,,,,,,,,,,,,,,,,,,,,,,,
WQP_USA_2026,USGS-360230112093401,Surface Water,36.04166667,-112.1594444,,11/18/2022,,Unnamed_SPE+LCMS/MS,,,ng/L,10.00,1.20,,,,,25.00,1.80,,,,,,,,,,,42.00,,4.20,,,,,,,,,,,,,,,,,,,,,,,,,,,,,,,,,,
WQP_USA_2026,USGS-360230112093401,Surface Water,36.04166667,-112.1594444,,3/30/2023,,Unnamed_SPE+LCMS/MS,,,ng/L,8.10,4.40,,,1.40,4.50,8.50,2.10,,,,,,,,,,,3.60,,4.20,,,,,,,,,,,,,,,,,,,,,,,,,,,,,,,,,,
WQP_USA_2026,USGS-360230112093401,Surface Water,36.04166667,-112.1594444,,4/21/2023,,Unnamed_SPE+LCMS/MS,,,ng/L,27.00,2.40,,,1.40,1.30,16.00,2.30,,,,,,,,,,,10.00,,10.00,49.00,,,,,,,,,,,,,,,,,,,,,,,,,,,,,,,,,
WQP_USA_2026,USGS-360230112093401,Surface Water,36.04166667,-112.1594444,,10/19/2023,,EPA 1633,,,ng/L,0.00,0.00,,0.00,0.00,0.00,0.00,0.96,,,0.00,0.00,0.00,,0.00,,0.00,,,,0.00,4.15,0.00,0.00,,,,,,,0.00,,,0.00,0.00,0.00,0.00,0.00,0.00,0.00,,,,,,0.00,0.00,,0.00,,,0.00,,,
WQP_USA_2026,USGS-360230112093401,Surface Water,36.04166667,-112.1594444,,9/13/2024,,EPA 1633,,,ng/L,,,,,,,6.90,,,,,,,,,,,,16.00,,,5.60,,,,,,,,,,,,,,,,,,,,,,,,,,,,,,,,,
WQP_USA_2026,USGS-360336112131801,Surface Water,36.06008333,-112.2216944,,3/30/2023,,Unnamed_SPE+LCMS/MS,,,ng/L,,,,,,,,,,,,,,,,,,,,,8.70,4.80,,,,,,,,,,,,,,,,,,,,,,,,,,,,,,,,,
WQP_USA_2026,USGS-360336112131801,Surface Water,36.06008333,-112.2216944,,4/21/2023,,EPA 1633,,,ng/L,0.00,0.00,,0.00,0.00,0.00,0.00,,,3.20,0.00,0.00,0.00,,,,,,,,0.00,1.10,,,,,,,,,,,,0.00,,0.00,0.00,,0.00,,,,,,,,0.00,,,,,,,,
WQP_USA_2026,USGS-360336112131801,Surface Water,36.06008333,-112.2216944,,6/15/2023,,Unnamed_SPE+LCMS/MS,,,ng/L,,,,,,,,,,,,,,,,,,,,,2.60,1.70,,,,,,,,,,,,,,,,,,,,,,,,,,,,,,,,,
WQP_USA_2026,USGS-360336112131801,Surface Water,36.06008333,-112.2216944,,10/17/2023,,EPA 1633,,,ng/L,0.00,0.00,,0.00,0.00,0.00,0.00,0.00,,,0.00,0.00,0.00,,0.00,,0.00,,,,0.00,0.00,0.00,0.00,,,,,,,0.00,,,0.00,0.00,,0.00,0.00,0.00,0.00,,,,,,0.00,0.00,,0.00,,,0.00,,,
WQP_USA_2026,USGS-360336112131801,Surface Water,36.06008333,-112.2216944,,10/17/2023,,Undisclosed,,,ng/L,,,,,,,,,,,,,,,,,,,,,,,,,,,,,,,,,,,,0.00,,,,,,,,,,,,,,,,,,,
WQP_USA_2026,USGS-360336112131801,Surface Water,36.06008333,-112.2216944,,4/18/2024,,EPA 1633,,,ng/L,0.00,0.00,,0.00,0.00,0.00,0.00,0.00,,0.00,0.00,0.00,0.00,,0.00,0.00,0.00,,0.00,,0.00,0.00,0.00,,,,,,,,,0.00,,0.00,,,,,,0.00,,,,,,0.00,0.00,0.00,0.00,,0.00,0.00,,,0.00
WQP_USA_2026,USGS-360336112131801,Surface Water,36.06008333,-112.2216944,,4/18/2024,,Undisclosed,,,ng/L,,,,,,,,,,,,,,,,,,,,,,,,,,,,,,,,,,,,0.00,,,,,,,,,,,,,,,,,,,
WQP_USA_2026,USGS-360347112133001,Surface Water,36.0631547,-112.2256275,,3/29/2023,,Unnamed_SPE+LCMS/MS,,,ng/L,,,,,,,,,,,,,,,,,,,,,4.40,1.50,,,,,,,,,,,,,,,,,,,,,,,,,,,,,,,,,
WQP_USA_2026,USGS-360347112133001,Surface Water,36.0631547,-112.2256275,,4/20/2023,,EPA 1633,,,ng/L,0.00,0.00,,0.00,0.00,0.00,0.00,,,11.60,0.00,0.00,0.00,,,,,,,,0.00,0.60,,,,,,,,,,,,0.00,0.00,,0.00,0.00,0.00,,,,,,,,0.00,,,,,,,,
WQP_USA_2026,USGS-360347112133001,Surface Water,36.0631547,-112.2256275,,4/20/2023,,Undisclosed,,,ng/L,,,,,,,,,,,,,,,,,,,,,,,,,,,,,,,,,,,,0.00,,,,,,,,,,,,,,,,,,,
WQP_USA_2026,USGS-360347112133001,Surface Water,36.0631547,-112.2256275,,8/9/2023,,EPA 1633,,,ng/L,0.00,0.00,,0.00,0.00,0.23,,,,,0.00,,0.00,,,,,,,,0.00,,,,,,,,,,,,,0.00,0.00,0.00,0.00,0.00,0.00,,,,,,,,0.00,,0.00,,,,,,
WQP_USA_2026,USGS-360347112133001,Surface Water,36.0631547,-112.2256275,,10/18/2023,,EPA 1633,,,ng/L,0.00,0.00,,0.00,0.00,0.00,0.00,0.00,,,0.00,0.00,0.00,,0.00,,0.00,,,,0.00,0.00,0.00,0.00,,,,,,,0.00,,,0.00,0.00,0.00,0.00,,0.00,0.00,,,,,,,0.00,,0.00,,,0.00,,,
WQP_USA_2026,USGS-360347112133001,Surface Water,36.0631547,-112.2256275,,12/13/2023,,EPA 1633,,,ng/L,0.00,0.00,,0.00,0.00,0.00,0.00,,,,0.00,0.00,0.00,,0.00,,0.00,,,,0.00,0.00,0.00,0.00,,,,,,,0.00,,,0.00,0.00,,0.00,0.00,0.00,0.00,,,,,,0.00,0.00,,0.00,,,0.00,,,
WQP_USA_2026,USGS-360347112133001,Surface Water,36.0631547,-112.2256275,,12/13/2023,,Undisclosed,,,ng/L,,,,,,,,,,,,,,,,,,,,,,,,,,,,,,,,,,,,0.00,,,,,,,,,,,,,,,,,,,
WQP_USA_2026,USGS-360347112133001,Surface Water,36.0631547,-112.2256275,,3/5/2024,,EPA 1633,,,ng/L,0.00,0.00,,0.00,0.00,0.27,0.00,0.00,,2.11,0.00,0.00,0.00,,0.00,,0.00,,,,0.00,0.00,0.00,0.00,,,,,,,0.00,,,0.00,0.00,,0.00,0.00,0.00,0.00,,,,,,0.00,0.37,,0.00,,,0.00,,,0.00
WQP_USA_2026,USGS-360347112133001,Surface Water,36.0631547,-112.2256275,,3/5/2024,,Undisclosed,,,ng/L,,,,,,,,,,,,,,,,,,,,,,,,,,,,,,,,,,,,0.00,,,,,,,,,,,,,,,,,,,
WQP_USA_2026,USGS-360356112103201,Surface Water,36.06557989,-112.176365,,4/28/2021,,Unnamed_SPE+LCMS/MS,,,ng/L,2.70,1.50,,,,,1.80,,,,,,,,,,,,3.20,,,3.80,,,,,,,,,,,,,,,,,,,,,,,,,,,,,,,,,
WQP_USA_2026,USGS-360356112103201,Surface Water,36.06557989,-112.176365,,4/19/2022,,Unnamed_SPE+LCMS/MS,,,ng/L,2.90,1.50,,,,,2.60,,,,,,,,,,,,4.90,,,3.00,,,,,,,,,,,,,,,,,,,,,,,,,,,,,,,,,
WQP_USA_2026,USGS-360356112103201,Surface Water,36.06557989,-112.176365,,3/29/2023,,Unnamed_SPE+LCMS/MS,,,ng/L,3.20,2.20,,,,,2.60,,,,,,,,,,,,4.10,,3.50,3.40,,,,,,,,,,,,,,,,,,,,,,,,,,,,,,,,,
WQP_USA_2026,USGS-360356112103201,Surface Water,36.06557989,-112.176365,,4/19/2023,,Unnamed_SPE+LCMS/MS,,,ng/L,2.70,1.50,,,,,2.40,,,,,,,,,,,,3.80,,,2.60,,,,,,,,,,,,,,,,,,,,,,,,,,,,,,,,,
WQP_USA_2026,USGS-360356112103201,Surface Water,36.06557989,-112.176365,,6/14/2023,,Unnamed_SPE+LCMS/MS,,,ng/L,4.60,3.00,,,,1.10,2.80,1.10,,,,,,,,,,,4.70,,,3.00,,,,,,,,,,,,,,,,,,,,,,,,,,,,,,,,,
WQP_USA_2026,USGS-360356112103201,Surface Water,36.06557989,-112.176365,,8/9/2023,,EPA 1633,,,ng/L,0.00,0.00,,0.00,0.00,0.00,0.00,,,,0.00,,0.00,,,,,,,,0.00,,,,,,,,,,,,,0.00,0.00,,0.00,,0.00,,,,,,,,0.00,,0.00,,,,,,
WQP_USA_2026,USGS-360356112103201,Surface Water,36.06557989,-112.176365,,8/9/2023,,Undisclosed,,,ng/L,,,,,,,,,,,,,,,,,,,,,,,,,,,,,,,,,,,,0.00,,,,,,,,,,,,,,,,,,,
WQP_USA_2026,USGS-360356112103201,Surface Water,36.06557989,-112.176365,,10/18/2023,,EPA 1633,,,ng/L,0.00,0.00,,0.00,0.00,0.00,0.00,0.82,,,0.00,0.00,0.00,,0.00,,0.00,,,,0.00,0.00,0.00,0.00,,,,,,,0.00,,,0.00,0.00,,0.00,0.00,0.00,0.00,,,,,,0.00,0.00,,0.00,,,0.00,,,
WQP_USA_2026,USGS-360356112103201,Surface Water,36.06557989,-112.176365,,10/18/2023,,Undisclosed,,,ng/L,,,,,,,,,,,,,,,,,,,,,,,,,,,,,,,,,,,,0.00,,,,,,,,,,,,,,,,,,,
WQP_USA_2026,USGS-360356112103201,Surface Water,36.06557989,-112.176365,,12/13/2023,,EPA 1633,,,ng/L,0.00,0.00,,0.00,0.00,0.36,0.00,1.06,,,0.00,0.00,0.00,,0.00,,0.00,,,,0.00,0.00,0.00,0.00,,,,,,,0.00,,,0.00,,,0.00,,0.00,0.00,,,,,,0.00,0.00,,0.00,,,0.00,,,0.00
WQP_USA_2026,USGS-360356112103201,Surface Water,36.06557989,-112.176365,,12/13/2023,,Undisclosed,,,ng/L,,,,,,,,,,,,,,,,,,,,,,,,,,,,,,,,,,,,0.00,,,,,,,,,,,,,,,,,,,
WQP_USA_2026,USGS-360356112103201,Surface Water,36.06557989,-112.176365,,3/6/2024,,EPA 1633,,,ng/L,0.00,0.35,,0.00,0.00,0.49,0.00,0.71,,,0.00,0.00,0.00,,0.00,,0.00,,,,0.00,1.04,0.00,0.00,,,,,,,0.00,,,0.00,0.00,,0.00,0.00,0.00,0.00,,,,,,0.00,0.33,,0.00,,,0.00,,,0.00
WQP_USA_2026,USGS-360356112103201,Surface Water,36.06557989,-112.176365,,3/6/2024,,Undisclosed,,,ng/L,,,,,,,,,,,,,,,,,,,,,,,,,,,,,,,,,,,,0.00,,,,,,,,,,,,,,,,,,,
WQP_USA_2026,USGS-360356112103201,Surface Water,36.06557989,-112.176365,,4/17/2024,,Unnamed_SPE+LCMS/MS,,,ng/L,3.80,2.80,,,,,2.90,,,,,,,,,,,,4.70,,,2.70,,,,,,,,,,,,,,,,,,,,,,,,,,,,,,,,,
WQP_USA_2026,USGS-360359112103900,Surface Water,36.06628611,-112.1776361,,10/18/2023,,EPA 1633,,,ng/L,0.00,0.00,,0.00,0.00,0.34,0.00,0.00,,,0.00,0.00,0.00,,0.00,,0.00,,,,0.00,0.00,0.00,0.00,,,,,,,0.00,,,0.00,,,0.00,,0.00,0.00,,,,,,0.00,0.00,,0.00,,,0.00,,,
WQP_USA_2026,USGS-360359112103900,Surface Water,36.06628611,-112.1776361,,10/18/2023,,Undisclosed,,,ng/L,,,,,,,,,,,,,,,,,,,,,,,,,,,,,,,,,,,,0.00,,,,,,,,,,,,,,,,,,,
WQP_USA_2026,USGS-360408112131401,Surface Water,36.06896667,-112.2204389,,6/14/2023,,EPA 1633,,,ng/L,0.00,0.00,,0.00,0.00,0.66,0.00,,,,0.00,,0.00,,,,,,,,0.00,,0.00,,,,,,,,,,,0.00,0.00,0.00,0.00,0.00,0.00,,,,,,,,0.00,,0.00,,,,,,
WQP_USA_2026,USGS-360408112131401,Surface Water,36.06896667,-112.2204389,,10/18/2023,,EPA 1633,,,ng/L,0.00,0.00,,0.00,0.00,0.00,0.00,0.00,,,0.00,0.00,0.00,,0.00,,0.00,,,,0.00,0.00,0.00,0.00,,,,,,,0.00,,,0.00,0.00,,0.00,0.00,0.00,0.00,,,,,,0.00,0.00,,0.00,,,0.00,,,
WQP_USA_2026,USGS-360408112131401,Surface Water,36.06896667,-112.2204389,,10/18/2023,,Undisclosed,,,ng/L,,,,,,,,,,,,,,,,,,,,,,,,,,,,,,,,,,,,0.00,,,,,,,,,,,,,,,,,,,
WQP_USA_2026,USGS-360408112131401,Surface Water,36.06896667,-112.2204389,,12/13/2023,,EPA 1633,,,ng/L,0.00,0.00,,0.00,0.00,0.00,0.00,,,,0.00,0.00,0.00,,0.00,,0.00,,,,0.00,0.00,0.00,0.00,,,,,,,0.00,,,0.00,,0.00,0.00,,0.00,0.00,,,,,,,0.00,,0.00,,,0.00,,,
WQP_USA_2026,USGS-360410112055700,Surface Water,36.070875,-112.1016028,,4/20/2023,,EPA 1633,,,ng/L,0.00,0.00,,,0.00,0.00,0.00,,,,0.00,,0.00,,,,,,,,0.00,,,,,,,,,,,,,0.00,,0.00,0.00,,0.00,,,,,,,,0.00,,,,,,,,
WQP_USA_2026,USGS-360410112055700,Surface Water,36.070875,-112.1016028,,6/20/2023,,EPA 1633,,,ng/L,0.00,0.00,,0.00,0.00,0.00,0.00,,,,0.00,,0.00,,,,,,,,0.00,,,,,,,,,,,,,0.00,0.00,0.00,0.00,0.00,0.00,,,,,,,,0.64,,0.00,,,,,,
WQP_USA_2026,USGS-360410112055700,Surface Water,36.070875,-112.1016028,,10/17/2023,,EPA 1633,,,ng/L,0.00,0.00,,0.00,0.00,0.00,0.00,,,,0.00,,0.00,,,,,,,,0.00,,0.00,,,,,,,,,,,0.00,0.00,,0.00,0.00,0.00,,,,,,,,0.00,,0.00,,,,,,
WQP_USA_2026,USGS-360410112055700,Surface Water,36.070875,-112.1016028,,10/17/2023,,Undisclosed,,,ng/L,,,,,,,,,,,,,,,,,,,,,,,,,,,,,,,,,,,,0.00,,,,,,,,,,,,,,,,,,,
WQP_USA_2026,USGS-360410112055700,Surface Water,36.070875,-112.1016028,,4/16/2024,,EPA 1633,,,ng/L,0.00,0.00,,0.00,0.00,0.00,0.00,0.00,,0.00,0.00,0.00,0.00,,0.00,0.00,0.00,,0.00,,0.00,0.00,0.00,,,,,,,,,0.00,,0.00,0.00,,,,,0.00,,,,,,0.00,0.00,0.00,0.00,,0.00,0.00,,,0.00
WQP_USA_2026,USGS-360417112130701,Surface Water,36.07186389,-112.2182167,,3/5/2024,,EPA 1633,,,ng/L,0.00,0.00,,0.00,0.00,0.00,0.00,0.00,,,0.00,0.00,0.00,,0.00,,0.00,,,,0.00,0.00,0.00,0.00,,,,,,,0.00,,,0.00,0.00,,0.00,0.00,0.00,0.00,,,,,,0.00,0.39,,0.00,,,0.00,,,0.00
WQP_USA_2026,USGS-360417112130701,Surface Water,36.07186389,-112.2182167,,3/5/2024,,Undisclosed,,,ng/L,,,,,,,,,,,,,,,,,,,,,,,,,,,,,,,,,,,,0.00,,,,,,,,,,,,,,,,,,,
WQP_USA_2026,USGS-360417112130701,Surface Water,36.07186389,-112.2182167,,4/17/2024,,EPA 1633,,,ng/L,0.00,0.00,,0.00,0.00,0.00,0.00,0.00,,0.00,0.00,0.00,0.00,,0.00,0.00,0.00,,0.00,,0.00,0.00,0.00,,,,,,,,,0.00,,0.00,,,,,,0.00,,,,,,0.00,0.00,0.00,0.00,,0.00,0.00,,,0.00
WQP_USA_2026,USGS-360417112130701,Surface Water,36.07186389,-112.2182167,,4/17/2024,,Undisclosed,,,ng/L,,,,,,,,,,,,,,,,,,,,,,,,,,,,,,,,,,,,0.00,,,,,,,,,,,,,,,,,,,
WQP_USA_2026,USGS-360418112130301,Surface Water,36.07178056,-112.2176111,,3/29/2023,,Unnamed_SPE+LCMS/MS,,,ng/L,,1.40,,,,,,,,,,,,,,,,,,,36.00,14.00,,,,,,,,,,,,,,,,,,,,,,,,,,,,,,,,,
WQP_USA_2026,USGS-360418112130301,Surface Water,36.07178056,-112.2176111,,4/20/2023,,EPA 1633,,,ng/L,0.00,0.20,,0.00,0.00,0.00,0.00,,,,,,,,,,,,,,0.00,1.10,,,,,,,,,,,,0.00,,0.00,0.00,,0.00,,,,,,,,0.00,,,,,,,,
WQP_USA_2026,USGS-360418112130301,Surface Water,36.07178056,-112.2176111,,6/14/2023,,EPA 1633,,,ng/L,0.00,0.00,,0.00,0.00,0.00,0.00,,,,0.00,,0.00,,,,,,,,0.00,,0.00,,,,,,,,,,,0.00,0.00,0.00,0.00,0.00,0.00,,,,,,,,0.00,,0.00,,,,,,
WQP_USA_2026,USGS-360418112130301,Surface Water,36.07178056,-112.2176111,,10/18/2023,,EPA 1633,,,ng/L,0.00,0.00,,0.00,0.00,0.00,0.00,0.00,,,0.00,0.00,0.00,,0.00,,0.00,,,,0.00,0.00,0.00,0.00,,,,,,,0.00,,,0.00,,0.00,0.00,,0.00,0.00,,,,,,0.00,0.00,,0.00,,,0.00,,,
WQP_USA_2026,USGS-360418112130301,Surface Water,36.07178056,-112.2176111,,12/13/2023,,EPA 1633,,,ng/L,0.00,0.00,,0.00,0.00,0.00,0.00,,,,0.00,0.00,0.00,,0.00,,0.00,,,,0.00,0.00,0.00,0.00,,,,,,,0.00,,,0.00,,0.00,0.00,,0.00,0.00,,,,,,0.00,0.00,,0.00,,,0.00,,,
WQP_USA_2026,USGS-360420112130601,Surface Water,36.07226389,-112.2182639,,6/14/2023,,EPA 1633,,,ng/L,0.00,0.00,,0.00,0.00,0.15,0.00,,,,0.00,,0.00,,,,,,,,0.00,,0.00,,,,,,,,,,,0.00,0.00,0.00,0.00,0.00,0.00,,,,,,,,0.00,,0.00,,,,,,
WQP_USA_2026,USGS-360420112130601,Surface Water,36.07226389,-112.2182639,,10/18/2023,,EPA 1633,,,ng/L,0.00,0.00,,0.00,0.00,0.00,0.00,0.00,,,0.00,0.00,0.00,,0.00,,0.00,,,,0.00,0.00,0.00,0.00,,,,,,,0.00,,,0.00,0.00,,0.00,,0.00,0.00,,,,,,0.00,0.00,,0.00,,,0.00,,,
WQP_USA_2026,USGS-360420112130601,Surface Water,36.07226389,-112.2182639,,10/18/2023,,Undisclosed,,,ng/L,,,,,,,,,,,,,,,,,,,,,,,,,,,,,,,,,,,,0.00,,,,,,,,,,,,,,,,,,,
WQP_USA_2026,USGS-360436112074401,Surface Water,36.07661389,-112.1288306,,6/21/2023,,EPA 1633,,,ng/L,0.00,0.00,,0.00,0.00,0.00,0.00,,,,0.00,,0.00,,,,,,,,0.00,,0.00,,,,,,,,,,,0.00,0.00,0.00,0.00,0.00,0.00,,,,,,,,0.00,,0.00,,,,,,
WQP_USA_2026,USGS-360436112074401,Surface Water,36.07661389,-112.1288306,,10/17/2023,,EPA 1633,,,ng/L,0.00,0.00,,0.00,0.00,0.00,0.00,,,,0.00,,0.00,,,,,,,,0.00,,0.00,,,,,,,,,,,0.00,0.00,0.00,0.00,0.00,0.00,,,,,,,,0.00,,0.00,,,,,,
WQP_USA_2026,USGS-360437112122901,Surface Water,36.07686667,-112.2081389,,6/13/2023,,EPA 1633,,,ng/L,0.00,0.00,,0.00,0.00,0.11,0.00,,,,0.00,,0.00,,,,,,,,0.00,,0.00,,,,,,,,,,,0.00,0.00,0.00,0.00,0.00,0.00,,,,,,,,0.00,,0.00,,,,,,
WQP_USA_2026,USGS-360437112122901,Surface Water,36.07686667,-112.2081389,,10/17/2023,,EPA 1633,,,ng/L,0.00,0.00,,0.00,0.00,0.00,0.00,,,,0.00,0.00,0.00,,0.00,,0.00,,,,0.00,0.00,0.00,0.00,,,,,,,0.00,,,0.00,0.00,,0.00,,0.00,0.00,,,,,,,0.00,,0.00,,,0.00,,,
WQP_USA_2026,USGS-360437112122901,Surface Water,36.07686667,-112.2081389,,10/17/2023,,Undisclosed,,,ng/L,,,,,,,,,,,,,,,,,,,,,,,,,,,,,,,,,,,,0.00,,,,,,,,,,,,,,,,,,,
WQP_USA_2026,USGS-360439112073901,Surface Water,36.07703056,-112.1289806,,4/18/2023,,EPA 1633,,,ng/L,0.00,0.00,,0.00,0.00,0.00,0.00,,,,0.00,0.00,,,,,,,,,0.00,0.00,,,,,,,,,,,,0.00,0.00,0.00,0.00,,0.00,,,,,,,,0.00,,,,,,,,
WQP_USA_2026,USGS-360439112073901,Surface Water,36.07703056,-112.1289806,,6/21/2023,,EPA 1633,,,ng/L,0.00,0.00,,0.00,0.00,0.00,0.00,,,,0.00,,0.00,,,,,,,,0.00,,0.00,,,,,,,,,,,0.00,0.00,0.00,0.00,,0.00,,,,,,,0.00,0.00,,0.00,,,,,,
WQP_USA_2026,USGS-360439112073901,Surface Water,36.07703056,-112.1289806,,8/8/2023,,EPA 1633,,,ng/L,0.00,0.00,,0.00,0.00,0.00,,,,,0.00,,0.00,,,,,,,,0.00,,0.00,,,,,,,,,,,0.00,0.00,0.00,0.00,0.00,0.00,,,,,,,,0.00,,0.00,,,,,,
WQP_USA_2026,USGS-360439112073901,Surface Water,36.07703056,-112.1289806,,10/17/2023,,EPA 1633,,,ng/L,0.00,0.00,,0.00,0.00,0.00,0.00,,,,0.00,,0.00,,,,,,,,0.00,,0.00,,,,,,,,,,,0.00,0.00,,0.00,0.00,0.00,,,,,,,,0.84,,0.00,,,,,,
WQP_USA_2026,USGS-360439112073901,Surface Water,36.07703056,-112.1289806,,10/17/2023,,Undisclosed,,,ng/L,,,,,,,,,,,,,,,,,,,,,,,,,,,,,,,,,,,,0.00,,,,,,,,,,,,,,,,,,,
WQP_USA_2026,USGS-360439112073901,Surface Water,36.07703056,-112.1289806,,12/13/2023,,EPA 1633,,,ng/L,0.00,0.00,,0.00,0.00,0.00,0.00,,,,0.00,0.00,0.00,,,,0.00,,,,0.00,0.00,0.00,0.00,,,,,,,0.00,,,0.00,,,0.00,,0.00,0.00,,,,,,0.00,0.00,,0.00,,,0.00,,,
WQP_USA_2026,USGS-360439112073901,Surface Water,36.07703056,-112.1289806,,12/13/2023,,Undisclosed,,,ng/L,,,,,,,,,,,,,,,,,,,,,,,,,,,,,,,,,,,,0.00,,,,,,,,,,,,,,,,,,,
WQP_USA_2026,USGS-360439112073901,Surface Water,36.07703056,-112.1289806,,4/18/2024,,EPA 1633,,,ng/L,0.00,0.00,,0.00,0.00,0.00,0.00,0.00,,0.00,0.00,0.00,0.00,,0.00,0.00,0.00,,0.00,,0.00,0.00,0.00,,,,,,,,,0.00,,0.00,0.00,,,,,0.00,,,,,,0.00,0.00,0.00,0.00,,0.00,0.00,,,0.00
WQP_USA_2026,USGS-360439112073901,Surface Water,36.07703056,-112.1289806,,4/18/2024,,Undisclosed,,,ng/L,,,,,,,,,,,,,,,,,,,,,,,,,,,,,,,,,,,,0.00,,,,,,,,,,,,,,,,,,,
WQP_USA_2026,USGS-360439112084601,Surface Water,36.07744444,-112.1459167,,4/27/2021,,Unnamed_SPE+LCMS/MS,,,ng/L,,,,,,,,,,,,,,,,,,,,,6.00,1.50,,,,,,,,,,,,,,,,,,,,,,,,,,,,,,,,,
WQP_USA_2026,USGS-360439112084601,Surface Water,36.07744444,-112.1459167,,4/19/2023,,EPA 1633,,,ng/L,0.00,0.40,,,0.00,0.00,0.00,,,,0.00,,0.00,,,,,,,,0.00,1.10,,,,,,,,,,,,0.00,,0.00,0.00,,0.00,,,,,,,,0.00,,,,,,,,
WQP_USA_2026,USGS-360439112084601,Surface Water,36.07744444,-112.1459167,,6/21/2023,,EPA 1633,,,ng/L,0.00,0.00,,0.00,0.00,0.00,0.00,,,,0.00,,0.00,,,,,,,,0.00,,,,,,,,,,,,,0.00,0.00,,0.00,0.00,0.00,,,,,,,,0.00,,0.00,,,,,,
WQP_USA_2026,USGS-360439112084601,Surface Water,36.07744444,-112.1459167,,6/21/2023,,Undisclosed,,,ng/L,,,,,,,,,,,,,,,,,,,,,,,,,,,,,,,,,,,,0.00,,,,,,,,,,,,,,,,,,,
WQP_USA_2026,USGS-360439112084601,Surface Water,36.07744444,-112.1459167,,10/18/2023,,EPA 1633,,,ng/L,0.00,0.00,,0.00,0.00,0.00,0.00,0.00,,,0.00,0.00,0.00,,0.00,,0.00,,0.00,,0.00,0.00,0.00,0.00,,,,,,,0.00,,,0.00,0.00,0.00,0.00,,0.00,0.00,,,,,,0.00,0.00,,0.00,,,0.00,,,
WQP_USA_2026,USGS-360439112084601,Surface Water,36.07744444,-112.1459167,,4/17/2024,,EPA 1633,,,ng/L,0.00,0.00,,0.00,0.00,0.00,0.00,0.00,,0.00,0.00,0.00,0.00,,0.00,0.00,0.00,,0.00,,0.00,0.00,0.00,,,,,,,,,0.00,,0.00,0.00,0.00,,,,0.00,,,,,,0.00,0.00,0.00,0.00,,0.00,0.00,,,0.00
WQP_USA_2026,USGS-360439112094101,Surface Water,36.07682985,-112.1617425,,4/19/2023,,EPA 1633,,,ng/L,0.00,0.50,,0.00,0.00,0.00,0.00,,,,0.00,0.00,,,,,,,,,2.30,3.70,,,,,,,,,,,,0.00,,0.00,0.00,,0.00,,,,,,,0.00,0.00,,,,,,,,
WQP_USA_2026,USGS-360439112094101,Surface Water,36.07682985,-112.1617425,,6/13/2023,,EPA 1633,,,ng/L,0.00,0.00,,0.00,0.00,0.19,0.00,,,,0.00,,0.00,,,,,,,,0.00,1.10,0.00,,,,,,,,,,,0.00,0.00,0.00,0.00,0.00,0.00,,,,,,,,0.00,,0.00,,,,,,
WQP_USA_2026,USGS-360439112094101,Surface Water,36.07682985,-112.1617425,,10/19/2023,,EPA 1633,,,ng/L,0.00,0.00,,0.00,0.00,0.00,0.00,0.00,,,0.00,0.00,0.00,,0.00,,0.00,,,,0.00,0.00,0.00,0.00,,,,,,,0.00,,,0.00,,,0.00,,0.00,0.00,,,,,,0.00,0.00,,0.00,,,0.00,,,
WQP_USA_2026,USGS-360439112094101,Surface Water,36.07682985,-112.1617425,,10/19/2023,,Undisclosed,,,ng/L,,,,,,,,,,,,,,,,,,,,,,,,,,,,,,,,,,,,0.00,,,,,,,,,,,,,,,,,,,
WQP_USA_2026,USGS-360439112094101,Surface Water,36.07682985,-112.1617425,,12/13/2023,,EPA 1633,,,ng/L,0.00,0.00,,0.00,0.00,0.00,0.00,0.00,,,0.00,0.00,0.00,,0.00,,0.00,,,,0.00,0.00,0.00,0.00,,,,,,,0.00,,,0.00,0.00,0.00,0.00,0.00,0.00,0.00,,,,,,0.00,0.00,,0.00,,,0.00,,,
WQP_USA_2026,USGS-360439112094101,Surface Water,36.07682985,-112.1617425,,4/17/2024,,EPA 1633,,,ng/L,0.00,0.00,,0.00,0.00,0.00,0.00,0.00,,0.00,0.00,0.00,0.00,,0.00,0.00,0.00,,0.00,,0.00,0.00,0.00,,,,,,,,,0.00,,0.00,0.00,,,,,0.00,,,,,,0.00,0.00,0.00,0.00,,0.00,0.00,,,0.00
WQP_USA_2026,USGS-360439112094101,Surface Water,36.07682985,-112.1617425,,4/17/2024,,Undisclosed,,,ng/L,,,,,,,,,,,,,,,,,,,,,,,,,,,,,,,,,,,,0.00,,,,,,,,,,,,,,,,,,,
WQP_USA_2026,USGS-360443112083300,Surface Water,36.08083333,-112.1433333,,4/19/2023,,EPA 1633,,,ng/L,0.00,0.10,,0.00,0.00,0.00,0.00,,,,0.00,,0.00,,,,,,,,0.00,1.00,,,,,,,,,,,,0.00,0.00,,0.00,,0.00,,,,,,,0.00,0.00,,,,,,,,
WQP_USA_2026,USGS-360443112083300,Surface Water,36.08083333,-112.1433333,,4/19/2023,,Undisclosed,,,ng/L,,,,,,,,,,,,,,,,,,,,,,,,,,,,,,,,,,,,0.00,,,,,,,,,,,,,,,,,,,
WQP_USA_2026,USGS-360443112083300,Surface Water,36.08083333,-112.1433333,,6/21/2023,,EPA 1633,,,ng/L,0.00,0.00,,0.00,0.00,0.00,0.00,,,,0.00,,0.00,,,,,,,,0.00,,0.00,,,,,,,,,,,0.00,0.00,0.00,0.00,0.00,0.00,,,,,,,,0.00,,0.00,,,,,,
WQP_USA_2026,USGS-360443112083300,Surface Water,36.08083333,-112.1433333,,10/18/2023,,EPA 1633,,,ng/L,0.00,0.00,,0.00,0.00,0.00,0.00,0.00,,,0.00,0.00,0.00,,0.00,,0.00,,,,0.00,0.00,0.00,0.00,,,,,,,0.00,,,0.00,,0.00,0.00,,0.00,0.00,,,,,,0.00,0.00,,0.00,,,0.00,,,
WQP_USA_2026,USGS-360449112083701,Surface Water,36.08063889,-112.1435,,4/17/2024,,EPA 1633,,,ng/L,0.00,0.00,,0.00,0.00,0.00,0.00,0.00,,0.00,0.00,0.00,0.00,,0.00,0.00,0.00,,0.00,,0.00,0.00,0.00,,,,,,,,,0.00,,0.00,0.00,0.00,,,,0.00,,,,,,0.00,0.00,0.00,0.00,,0.00,0.00,,,0.00
WQP_USA_2026,USGS-360452112124100,Surface Water,36.08108611,-112.2113722,,4/21/2023,,EPA 1633,,,ng/L,0.00,0.10,,0.00,0.00,0.00,0.00,,,7.90,0.00,,0.00,,,,,,,,0.00,7.10,,,,,,,,,,,,0.00,0.00,0.00,0.00,,0.00,,,,,,,,0.50,,0.00,,,,,,
WQP_USA_2026,USGS-360455112110800,Surface Water,36.08186024,-112.1862099,,3/29/2023,,Unnamed_SPE+LCMS/MS,,,ng/L,2.70,1.20,,,,,2.60,1.00,,,,,,,,,,,3.80,,5.70,6.10,,,,,,,,,,,,,,,,,,,,,,,,,,,,,,,,,
WQP_USA_2026,USGS-360455112110800,Surface Water,36.08186024,-112.1862099,,6/14/2023,,EPA 1633,,,ng/L,0.00,0.00,,0.00,0.00,0.45,0.00,,,,0.00,,0.00,,,,,,,,0.00,1.37,0.00,,,,,,,,,,,0.00,0.00,,0.00,0.00,0.00,,,,,,,,0.00,,0.00,,,,,,
WQP_USA_2026,USGS-360455112110800,Surface Water,36.08186024,-112.1862099,,6/14/2023,,Undisclosed,,,ng/L,,,,,,,,,,,,,,,,,,,,,,,,,,,,,,,,,,,,0.00,,,,,,,,,,,,,,,,,,,
WQP_USA_2026,USGS-360455112110800,Surface Water,36.08186024,-112.1862099,,10/19/2023,,EPA 1633,,,ng/L,0.00,0.00,,0.00,0.00,0.00,0.00,0.73,,,0.00,0.00,0.00,,0.00,,0.00,,,,0.00,0.00,0.00,0.00,,,,,,,0.00,,,0.00,0.00,,0.00,0.00,0.00,0.00,,,,,,0.00,0.00,,0.00,,,0.00,,,
WQP_USA_2026,USGS-360455112110800,Surface Water,36.08186024,-112.1862099,,10/19/2023,,Undisclosed,,,ng/L,,,,,,,,,,,,,,,,,,,,,,,,,,,,,,,,,,,,0.00,,,,,,,,,,,,,,,,,,,
WQP_USA_2026,USGS-360455112110800,Surface Water,36.08186024,-112.1862099,,4/16/2024,,Unnamed_SPE+LCMS/MS,,,ng/L,3.20,,,,,,2.00,,,,,,,,,,,,3.50,,2.40,3.40,,,,,,,,,,,,,,,,,,,,,,,,,,,,,,,,,
WQP_USA_2026,USGS-360552112110000,Surface Water,36.09771944,-112.1833611,,4/19/2023,,EPA 1633,,,ng/L,0.00,0.50,,0.00,0.00,0.70,0.00,,,,0.00,0.00,0.00,,,,,,,,0.00,5.00,,,,,,,,,,,,0.00,,0.00,0.00,,0.00,,,,,,,0.00,0.00,,,,,,,,
WQP_USA_2026,USGS-360552112110000,Surface Water,36.09771944,-112.1833611,,4/14/2024,,EPA 1633,,,ng/L,0.00,0.00,,0.00,0.00,0.00,0.00,0.00,,0.00,0.00,0.00,0.00,,0.00,0.00,0.00,,0.00,,0.00,0.00,0.00,,,,,,,,,0.00,,0.00,,0.00,,,,0.00,,,,,,0.00,0.00,0.00,0.00,,0.00,0.00,,,0.00
WQP_USA_2026,USGS-360556112080300,Surface Water,36.09888611,-112.1342444,,4/18/2023,,EPA 1633,,,ng/L,0.00,0.20,,0.00,0.00,0.00,0.00,,,,0.00,0.00,,,,,,,,,6.90,5.30,,,,,,,,,,,,0.00,0.00,,0.00,0.00,0.00,,,,,,,0.00,0.00,,,,,,,,
WQP_USA_2026,USGS-360556112080300,Surface Water,36.09888611,-112.1342444,,4/18/2023,,Undisclosed,,,ng/L,,,,,,,,,,,,,,,,,,,,,,,,,,,,,,,,,,,,0.00,,,,,,,,,,,,,,,,,,,
WQP_USA_2026,USGS-360556112080300,Surface Water,36.09888611,-112.1342444,,4/14/2024,,EPA 1633,,,ng/L,0.00,0.00,,0.00,0.00,0.00,0.00,0.00,,0.00,0.00,0.00,0.00,,0.00,0.00,0.00,,0.00,,0.00,0.00,0.00,,,,,,,,,0.00,,0.00,,0.00,,,,0.00,,,,,,0.00,0.00,0.00,0.00,,0.00,0.00,,,0.00
WQP_USA_2026,USGS-360557112064100,Surface Water,36.09911111,-112.1113611,,4/18/2023,,EPA 1633,,,ng/L,0.00,0.00,,0.00,0.00,0.00,0.00,,,,0.00,0.00,,,,,,,,,0.00,0.00,,,,,,,,,,,,0.00,,0.00,0.00,,0.00,,,,,,,,0.60,,,,,,,,
WQP_USA_2026,USGS-360557112064100,Surface Water,36.09911111,-112.1113611,,4/14/2024,,EPA 1633,,,ng/L,0.00,0.00,,0.00,0.00,0.00,0.00,0.00,,0.00,0.00,0.00,0.00,,0.00,0.00,0.00,,0.00,,0.00,0.00,0.00,,,,,,,,,0.00,,0.00,,,,,,0.00,,,,,,0.00,0.00,0.00,0.00,,0.00,0.00,,,0.00
WQP_USA_2026,USGS-360557112064100,Surface Water,36.09911111,-112.1113611,,4/14/2024,,Undisclosed,,,ng/L,,,,,,,,,,,,,,,,,,,,,,,,,,,,,,,,,,,,0.00,,,,,,,,,,,,,,,,,,,
WQP_USA_2026,USGS-360558112101000,Surface Water,36.09933889,-112.1694722,,4/18/2023,,EPA 1633,,,ng/L,0.00,0.20,,0.00,0.00,0.00,0.00,,,,0.00,0.00,0.00,,,,,,,,3.40,12.20,,,,,,,,,,,,0.00,,,0.00,,0.00,,,,,,,0.00,0.00,,,,,,,,
WQP_USA_2026,USGS-360558112101000,Surface Water,36.09933889,-112.1694722,,4/18/2023,,Undisclosed,,,ng/L,,,,,,,,,,,,,,,,,,,,,,,,,,,,,,,,,,,,0.00,,,,,,,,,,,,,,,,,,,
WQP_USA_2026,USGS-360558112101000,Surface Water,36.09933889,-112.1694722,,4/14/2024,,EPA 1633,,,ng/L,0.00,0.00,,0.00,0.00,0.00,0.00,0.00,,0.00,0.00,0.00,0.00,,0.00,0.00,0.00,,0.00,,0.00,0.00,0.00,,,,,,,,,0.00,,0.00,,,,,,0.00,,,,,,0.00,0.00,0.00,0.00,,0.00,0.00,,,0.00
WQP_USA_2026,USGS-360558112123401,Surface Water,36.09946389,-112.2093417,,4/19/2023,,EPA 1633,,,ng/L,0.00,0.00,,,0.00,0.00,0.00,,,2.40,0.00,,0.00,,,,,,,,0.00,0.00,,,,,,,,,,,,0.00,0.00,,0.00,,0.00,,,,,,,0.00,0.60,,0.00,,,,,,
WQP_USA_2026,USGS-360558112123401,Surface Water,36.09946389,-112.2093417,,4/19/2023,,Undisclosed,,,ng/L,,,,,,,,,,,,,,,,,,,,,,,,,,,,,,,,,,,,0.00,,,,,,,,,,,,,,,,,,,
WQP_USA_2026,USGS-360558112123401,Surface Water,36.09946389,-112.2093417,,4/15/2024,,EPA 1633,,,ng/L,0.00,0.00,,0.00,0.00,0.00,0.00,0.00,,0.00,0.00,0.00,0.00,,0.00,0.00,0.00,,0.00,,0.00,0.00,0.00,,,,,,,,,0.00,,0.00,,,,,,0.00,,,,,,0.00,0.00,0.00,0.00,,0.00,0.00,,,0.00
WQP_USA_2026,USGS-360558112123401,Surface Water,36.09946389,-112.2093417,,4/15/2024,,Undisclosed,,,ng/L,,,,,,,,,,,,,,,,,,,,,,,,,,,,,,,,,,,,0.00,,,,,,,,,,,,,,,,,,,
WQP_USA_2026,USGS-360558112145101,Surface Water,36.09931111,-112.2474111,,4/19/2023,,EPA 1633,,,ng/L,0.00,0.00,,0.00,0.00,0.00,0.00,,,,,,,,,,,,,,0.00,1.80,,,,,,,,,,,,0.00,,0.00,0.00,,0.00,,,,,,,0.00,0.00,,,,,,,,
WQP_USA_2026,USGS-360559112053801,Surface Water,36.09973611,-112.0939333,,4/18/2023,,EPA 1633,,,ng/L,0.00,0.00,,0.00,0.00,0.00,0.00,,,,0.00,0.00,0.00,,,,,,,,0.00,0.70,,,,,,,,,,,,0.00,0.00,0.00,0.00,,0.00,,,,,,,0.00,0.50,,0.00,,,,,,
WQP_USA_2026,USGS-360559112053801,Surface Water,36.09973611,-112.0939333,,4/14/2024,,EPA 1633,,,ng/L,0.00,0.00,,0.00,0.00,0.00,0.00,0.00,,0.00,0.00,0.00,0.00,,0.00,0.00,0.00,,0.00,,0.00,0.00,0.00,,,,,,,,,0.00,,0.00,0.00,0.00,,,,0.00,,,,,,0.00,0.00,0.00,0.00,,0.00,0.00,,,0.00
WQP_USA_2026,USGS-360655112134800,Surface Water,36.11525961,-112.230728,,4/15/2024,,EPA 1633,,,ng/L,0.00,0.00,,0.00,0.00,0.00,0.00,0.00,,0.00,0.00,0.00,0.00,,0.00,0.00,0.00,,0.00,,0.00,0.00,0.00,,,,,,,,,0.00,,0.00,0.00,,,,,0.00,,,,,,0.00,0.00,0.00,0.00,,0.00,0.00,,,0.00
WQP_USA_2026,USGS-360719112135800,Surface Water,36.12185278,-112.2326667,,4/19/2023,,EPA 1633,,,ng/L,0.00,0.00,,0.00,0.00,0.00,0.00,,,,0.00,,0.00,,,,,,,,0.00,0.70,,,,,,,,,,,,0.00,,,0.00,,0.00,,,,,,,,0.00,,,,,,,,
WQP_USA_2026,USGS-360719112135800,Surface Water,36.12185278,-112.2326667,,4/19/2023,,Undisclosed,,,ng/L,,,,,,,,,,,,,,,,,,,,,,,,,,,,,,,,,,,,0.00,,,,,,,,,,,,,,,,,,,
WQP_USA_2026,USGS-360719112135800,Surface Water,36.12185278,-112.2326667,,4/15/2024,,EPA 1633,,,ng/L,0.00,0.00,,0.00,0.00,0.00,0.00,0.00,,0.00,0.00,0.00,0.00,,0.00,0.00,0.00,,0.00,,0.00,0.00,0.00,,,,,,,,,0.00,,0.00,0.00,0.00,,,,0.00,,,,,,,0.00,0.00,0.00,,0.00,0.00,,,0.00
WQP_USA_2026,USGS-363536105290410,Surface Water,36.59322222,-105.4843333,,3/28/2024,,Unnamed_SPE+LCMS/MS,,,ng/L,,,,,,,,,,,,,,,,,,,,,,1.60,,,,,,,,,,,,,,,,,,,,,,,,,,,,,,,,,
WQP_USA_2026,USGS-363536105290410,Surface Water,36.59322222,-105.4843333,,5/29/2024,,Unnamed_SPE+LCMS/MS,,,ng/L,,5.40,,,,,,,,,,,,,,,,,,,,,,,,,,,,,,,,,,,,,,,,,,,,,,,,,,,,,
WQP_USA_2026,USGS-363543105265910,Surface Water,36.59530556,-105.4496667,,4/29/2025,,Unnamed_SPE+LCMS/MS,,,ng/L,,,,,,,,,,,,,,,,,,,1.00,,,,,,,,,,,,,,,,,,,,,,,,,,,,,,,,,,,,
WQP_USA_2026,USGS-363550105265110,Surface Water,36.59711111,-105.4474722,,4/29/2025,,Unnamed_SPE+LCMS/MS,,,ng/L,,,,,,,,,,,,,,,,,,,1.10,,,,,,,,,,,,,,,,,,,,,,,,,,,,,,,,,,,,
WQP_USA_2026,USGS-380700082355401,Surface Water,38.11675432,-82.59821186,,9/16/2020,,Undisclosed,,,ng/L,1.90,1.60,,,,,,,,,,,,,,,,,1.60,,3.40,,,,,,,,,,,,,,,,,,,,,,,,,,,,,,,,,,
WQP_USA_2026,USGS-383854104413601,Surface Water,38.64844444,-104.6932222,,8/22/2024,,EPA 1633,,,ng/L,7.40,12.00,,0.60,0.80,16.00,14.00,2.80,0.30,,,,,,,,,,14.00,3.20,12.00,10.00,,,,,,,,,,0.20,,,,,,,,,,,,,,,,,,,,,,,
WQP_USA_2026,USGS-384118106053101,Surface Water,38.68826944,-106.0919806,,12/9/2025,,EPA 1633,,,ng/L,0.00,0.00,,0.00,0.00,,0.00,0.00,0.00,,,,,,,,,,,0.00,,0.00,,0.00,,,,,,,0.00,0.00,,,0.00,0.00,,0.00,,0.00,0.00,,,0.00,0.00,0.00,0.00,,,,,0.00,,,
WQP_USA_2026,USGS-384300106115601,Surface Water,38.71661111,-106.199,,12/10/2025,,EPA 1633,,,ng/L,0.00,0.00,,0.00,0.00,,0.00,0.00,0.00,,,6.90,,,,,,,,0.00,,0.00,,0.00,,,,,,,0.00,0.00,,,0.00,0.00,,0.00,,0.00,0.00,,,0.00,0.00,0.00,0.00,,,,,0.00,,,
WQP_USA_2026,USGS-384407104441201,Surface Water,38.73527362,-104.7371944,,8/20/2024,,EPA 1633,,,ng/L,6.70,12.00,,0.50,0.70,12.00,12.00,3.30,0.40,,,,,,,,,,12.00,2.50,11.00,7.60,,,,,,,,,,,,,,,,,,,,,,,,,,,,,,,,,
WQP_USA_2026,USGS-384522104433101,Surface Water,38.75601111,-104.7253,,8/22/2024,,EPA 1633,,,ng/L,44.00,320.00,,0.70,4.40,160.00,93.00,30.00,3.80,,,,,,,,,,76.00,32.00,35.00,53.00,,,,,,,,,,,,,,,,0.30,,,,,,,,,0.50,,,,,,,,
WQP_USA_2026,USGS-384811082121801,Surface Water,38.80305556,-82.205,,11/4/2019,,EPA 1633,,,ng/L,7.40,1.60,,1.10,,,1.60,,,,,,,,,,,,,,4.70,2.60,,,,,,,,,,,,,,,,,,,,,,,,,,,,,,,,,
WQP_USA_2026,USGS-384833104473900,Surface Water,38.80916023,-104.7946959,,8/20/2024,,EPA 1633,,,ng/L,5.60,6.10,,1.10,0.80,3.70,11.00,2.20,0.20,,,,,,,,,,12.00,0.70,9.70,4.80,,,,,,,,,,0.20,,,,,,,,,,,,,,,,,,,,,,,
WQP_USA_2026,USGS-384841106135401,Surface Water,38.8115,-106.2316389,,12/9/2025,,EPA 1633,,,ng/L,0.00,0.00,,0.00,0.00,,0.00,0.00,0.00,,,2.10,,,,,,,,0.00,,0.00,,0.00,,,,,,,0.00,0.00,,,0.00,0.00,,0.00,,0.00,0.00,,,0.00,0.00,0.00,0.00,,,,,0.00,,,
WQP_USA_2026,USGS-384943104495801,Surface Water,38.82860351,-104.8333079,,8/14/2024,,EPA 1633,,,ng/L,4.70,3.50,,0.40,0.50,3.50,7.20,2.40,,,,,,,,,,,9.30,0.60,9.50,6.40,,,,,,,,,,,,,,,,,,,,,,,,,,,,,,,,,
WQP_USA_2026,USGS-385024106094301,Surface Water,38.83993889,-106.1618611,,12/9/2025,,EPA 1633,,,ng/L,0.00,0.00,,0.00,0.00,,0.00,0.00,0.00,,,1.80,,,,,,,,0.00,,0.00,,0.00,,,,,,,0.00,0.00,,,0.00,0.00,,0.00,,0.00,0.00,,,0.00,0.00,0.00,0.00,,,,,0.00,,,
WQP_USA_2026,USGS-391720081334701,Surface Water,39.28896381,-81.56290258,,11/6/2019,,EPA 1633,,,ng/L,4.60,3.40,,,,1.10,4.00,1.70,,,,,,,,,,,,,5.70,3.40,,,,,,,,,,,,,,,,,,,,,,5.70,,,,,,,,,,,
WQP_USA_2026,USGS-391950078032900,Surface Water,39.33155556,-78.05797222,,11/5/2020,,Undisclosed,,,ng/L,1.50,,,,,,,,,,,,,,,,,,,,,,,,,,,,,,,,,,,,,,,,,,,,,,,,,,,,,,
WQP_USA_2026,USGS-392010077455201,Surface Water,39.33621179,-77.76416009,,12/3/2020,,Undisclosed,,,ng/L,2.50,,,,,,,,,,,2.30,,,,,,,1.40,,2.40,2.00,,,,,,,,,,,,,,,,,,,,,,,,,,,,,,,,,
WQP_USA_2026,USGS-392812077585900,Surface Water,39.47065402,-77.98333185,,12/1/2020,,Undisclosed,,,ng/L,2.40,,,,,,,,,,,,,,,,,,,,1.30,0.00,,,,,,,,,,,,,,,,,,,,,,,,,,,,,,,,,
WQP_USA_2026,USGS-395516080451501,Surface Water,39.92111111,-80.75416667,,11/7/2019,,EPA 1633,,,ng/L,3.50,1.20,,,,,,1.20,,,,,,,,,,,3.50,,5.30,,,,,,,,,,,,,,,,,,,,,,,,,,,,,,,,,,
WQP_USA_2026,USGS-400521075461401,Surface Water,40.08922222,-75.77041667,,8/9/2023,,EPA 1633,,,ng/L,140.00,"9,600.00",,830.00,"3,100.00",11.00,4.30,5.00,42.00,,,,,,,,,,1.90,,2.70,2.40,,,,,,,,,,600.00,,,5.40,,,18.00,,,7.10,,,,42.00,38.00,25.00,,,,,,,,
WQP_USA_2026,USGS-401627075053201,Surface Water,40.27416667,-75.09222222,,8/9/2022,,EPA 1633,,,ng/L,110.00,"2,100.00",,300.00,210.00,19.00,34.00,10.00,8.50,,,22.00,,,,,,,17.00,0.90,11.00,8.00,,0.00,,,,,,,0.00,240.00,,,38.00,0.00,,51.00,,30.00,21.00,,,0.00,35.00,120.00,52.00,,,,,0.00,,,
WQP_USA_2026,USGS-401627075053201,Surface Water,40.27416667,-75.09222222,,9/1/2022,,EPA 1633,,,ng/L,720.00,"9,900.00",,"1,500.00","1,600.00",53.00,100.00,29.00,55.00,,,30.00,46.00,,,,,,47.00,0.50,100.00,6.50,,0.00,,,,,,,0.00,980.00,,,240.00,0.00,,240.00,,82.00,44.00,,,0.00,81.00,320.00,180.00,,,,,0.00,,,
WQP_USA_2026,USGS-404550073011701,Surface Water,40.76396111,-73.02139722,,12/7/2023,,EPA 1633,,,ng/L,7.50,7.70,,,2.10,5.00,6.90,3.40,,,,,,,,,,,7.60,,,3.60,,,,,,,,,,,,,,,,,,,,,,,,,,,,,,,,,
WQP_USA_2026,USGS-404552073011501,Surface Water,40.76455556,-73.020925,,12/7/2023,,EPA 1633,,,ng/L,8.40,8.60,,,2.50,5.70,7.30,3.40,,,,,,,,,,,7.70,,,3.20,,,,,,,,,,,,,,,,,,,,,,,,,,,,,,,,,
WQP_USA_2026,USGS-404552073011601,Surface Water,40.76442778,-73.02102222,,12/7/2023,,EPA 1633,,,ng/L,8.10,9.50,,,1.70,6.30,7.10,3.20,,,,,,,,,,,7.60,,,3.40,,,,,,,,,,,,,,,,,,,,,,,,,,,,,,,,,
WQP_USA_2026,USGS-405036073523601,Surface Water,40.84344444,-73.87663889,,8/22/2019,,EPA 1633,,,ng/L,14.00,14.00,,,1.30,5.30,9.80,5.60,,,,,,,,,,,12.00,,9.10,8.30,,,,,,,,,,,,,,,,,,,,,,,,,,,,,,,,,
WQP_USA_2026,USGS-405036073523601,Surface Water,40.84344444,-73.87663889,,9/12/2019,,EPA 1633,,,ng/L,15.00,12.00,,,1.20,5.80,8.00,5.30,,,,,,,,,,,9.70,,8.20,8.80,,,,,,,,,,,,,,,,,,,,,,,,,,,,,,,,,
WQP_USA_2026,USGS-405353073514201,Surface Water,40.89802778,-73.86177778,,8/20/2019,,EPA 1633,,,ng/L,15.00,22.00,,1.10,1.70,5.00,10.00,6.20,,,,,,,,,,,14.00,,9.30,6.10,,,,,,,,,,,,,,,,,,,,,,,,,,,,,,,,,
WQP_USA_2026,USGS-405353073514201,Surface Water,40.89802778,-73.86177778,,9/9/2019,,EPA 1633,,,ng/L,13.00,11.00,,,,5.40,6.80,4.60,,,,,,,,,,,8.20,,6.70,9.80,,,,,,,,,,,,,,,,,,,,,,,,,,,,,,,,,
WQP_USA_2026,USGS-405424073512001,Surface Water,40.90675,-73.85561111,,8/20/2019,,EPA 1633,,,ng/L,15.00,23.00,,1.30,1.80,5.60,11.00,6.50,,,,,,,,,,,15.00,,8.00,6.20,,,,,,,,,,,,,,,,,,,,,,,,,,,,,,,,,
WQP_USA_2026,USGS-405424073512001,Surface Water,40.90675,-73.85561111,,9/9/2019,,EPA 1633,,,ng/L,12.00,11.00,,,,4.80,6.70,4.50,,,,,,,,,,,8.10,,,6.90,,,,,,,,,,,,,,,,,,,,,,,,,,,,,,,,,
WQP_USA_2026,USGS-405457072395201,Surface Water,40.91594722,-72.66432778,,12/13/2023,,EPA 1633,,,ng/L,4.10,6.50,,,21.00,3.30,3.10,2.70,,,,,,,,,,,4.20,,,1.90,,,,,,,,,,,,,,,,,,,,,,,,,,,,,,,,,
WQP_USA_2026,USGS-405620073501601,Surface Water,40.93816667,-73.83738889,,8/19/2019,,EPA 1633,,,ng/L,14.00,18.00,,,1.20,6.50,8.90,5.70,,,,,,,,,,,13.00,,7.00,5.70,,,,,,,,,,,,,,,,,,,,,,,,,,,,,,,,,
WQP_USA_2026,USGS-405620073501601,Surface Water,40.93816667,-73.83738889,,10/4/2019,,EPA 1633,,,ng/L,13.00,9.70,,1.00,1.40,5.50,8.30,5.50,,,,,,,,,,,9.30,,14.00,9.30,,,,,,,,,,,,,,,,,,,,,,,,,,,,,,,,,
WQP_USA_2026,USGS-410214073463901,Surface Water,41.03719444,-73.77761111,,8/19/2019,,EPA 1633,,,ng/L,12.00,45.00,,,2.00,8.20,12.00,7.80,,,,6.00,,,,,,,19.00,,7.60,4.90,,,,,,,,,,,,,,,,,,,,,,,,,,,,,,,,,
WQP_USA_2026,USGS-410214073463901,Surface Water,41.03719444,-73.77761111,,10/4/2019,,EPA 1633,,,ng/L,8.60,10.00,,,,3.60,7.20,4.90,,,,,,,,,,,8.90,,8.60,4.10,,,,,,,,,,,,,,,,,,,,,,,,,,,,,,,,,
WQP_USA_2026,USGS-410400073462501,Surface Water,41.06672222,-73.77366667,,8/19/2019,,EPA 1633,,,ng/L,8.30,14.00,,,,2.90,4.00,2.80,,,,,,,,,,,5.00,,4.70,3.10,,,,,,,,,,,,,,,,,,,,,,,,,,,,,,,,,
WQP_USA_2026,USGS-410400073462501,Surface Water,41.06672222,-73.77366667,,10/4/2019,,EPA 1633,,,ng/L,6.80,6.50,,,,2.30,3.90,2.90,,,,,,,,,,,4.50,,6.10,3.10,,,,,,,,,,,,,,,,,,,,,,,,,,,,,,,,,
WQP_USA_2026,USGS-412957093193301,Surface Water,41.49916667,-93.32591667,,6/2/2021,,Undisclosed,,,ng/L,1.90,,,,,,4.60,1.30,,,,8.20,,,,,,,4.40,,1.50,7.00,,,,,,,,,,,,,,,,,,,,,,,,,,,,,,,,,
WQP_USA_2026,USGS-413736070320701,Surface Water,41.62680575,-70.53476745,,9/10/2020,,Undisclosed,,,ng/L,23.00,92.00,,,4.00,84.00,21.00,9.10,,,,1.20,,,,,,,15.00,4.60,7.30,5.00,,,,,,,,,,,,,,,,,,,,,,,,,,,,,,,,,
WQP_USA_2026,USGS-413807070305201,Surface Water,41.63544448,-70.51396591,,8/25/2020,,Undisclosed,,,ng/L,16.00,130.00,,,36.00,50.00,14.00,7.40,1.10,,,1.20,,,,,,,16.00,4.90,5.20,4.00,,,,,,,,,,,,,,,,,,,,,,,,,,,,,,,,,
WQP_USA_2026,USGS-413817070304901,Surface Water,41.63805558,-70.51310201,,8/25/2020,,Undisclosed,,,ng/L,30.00,110.00,,,5.60,220.00,49.00,15.00,2.80,,,,,,,,,,19.00,6.20,7.10,3.00,,,,,,,,,,,,,,,,,,,,,,,,,,,,,,,,,
WQP_USA_2026,USGS-413820070302601,Surface Water,41.63885558,-70.50726846,,8/25/2020,,Undisclosed,,,ng/L,4.60,69.00,,,,36.00,8.20,4.20,1.30,,,26.00,1.70,,,,,,9.50,1.80,3.70,1.00,,,,,,,,,,,,,,,,,,,,,,,,,,,,,,,,,
WQP_USA_2026,USGS-413821070302601,Surface Water,41.6390278,-70.50722679,,8/25/2020,,Undisclosed,,,ng/L,,15.00,,,,7.30,2.00,,,,,,,,,,,,2.10,,,,,,,,,,,,,,,,,,,,,,,,,,,,,,,,,,,,
WQP_USA_2026,USGS-414115091370301,Surface Water,41.68738056,-91.6176,,4/21/2021,,Undisclosed,,,ng/L,19.00,,,,,,,,,,,,,,,,,,,,1.40,1.30,,,,,,,,,,,,,,,,,,,,,,,,,,,,,,,,,
WQP_USA_2026,USGS-414851070565701,Surface Water,41.81418611,-70.94920278,,10/15/2024,,Unnamed_SPE+LCMS/MS,,,ng/L,3.40,3.30,,,1.10,2.10,1.60,1.30,,,,,,,,,,,2.40,,2.70,1.50,,,,,,,,,,,,,,,,,,,,,,,,,,,,,,,,,
WQP_USA_2026,USGS-415026070563603,Surface Water,41.84055556,-70.94333333,,10/15/2024,,Unnamed_SPE+LCMS/MS,,,ng/L,3.20,2.40,,,1.10,1.10,1.30,1.00,,,,,,,,,,,2.10,,2.60,,,,,,,,,,,,,,,,,,,,,,,,,,,,,,,,,,
WQP_USA_2026,USGS-415026070563603,Surface Water,41.84055556,-70.94333333,,5/13/2025,,Unnamed_SPE+LCMS/MS,,,ng/L,2.80,2.00,,,,1.20,1.40,,,,,,,,,,,,1.90,,2.40,1.10,,,,,,,,,,,,,,,,,,,,,,,,,,,,,,,,,
WQP_USA_2026,USGS-420350094462201,Surface Water,42.06388889,-94.77277778,,5/17/2021,,Undisclosed,,,ng/L,3.70,,,,,,1.40,,,,,3.40,,,,,,,,,1.60,,,,,,,,,,,,,,,,,,,,,,,,,,,,,,,,,,
WQP_USA_2026,USGS-420709080303701,Surface Water,42.1192,-80.51038056,,9/16/2019,,EPA 1633,,,ng/L,1.60,1.40,,,,,1.60,0.90,,,,,,,,,,,,,,,,,,,,,,,,,,,,,,,,,,,,,,,,,,,,,,,
WQP_USA_2026,USGS-420840080050001,Surface Water,42.1444,-80.0834,,9/19/2019,,EPA 1633,,,ng/L,2.00,2.00,,,,,1.80,1.00,,,,,,,,,,,1.90,,3.60,,,,,,,,,,,,,,,,,,,,,,,,,,,,,,,,,,
WQP_USA_2026,USGS-420924080090901,Surface Water,42.1567,-80.1525,,9/17/2019,,EPA 1633,,,ng/L,1.30,1.50,,,,,1.40,,,,,,,,,,,,,,,,,,,,,,,,,,,,,,,,,,,,,,,,,,,,,,,,
WQP_USA_2026,USGS-421700071381901,Surface Water,42.28333333,-71.63861111,,8/17/2020,,Unnamed_SPE+LCMS/MS,,,ng/L,11.60,4.84,,1.36,2.10,2.87,27.90,3.29,,,,8.22,,,,,,,48.80,0.37,9.66,6.37,,,,,,,,,,,,,,,,,,,,,,,,,,,,,,,,,
WQP_USA_2026,USGS-421700071381901,Surface Water,42.28333333,-71.63861111,,9/22/2020,,Unnamed_SPE+LCMS/MS,,,ng/L,13.20,5.37,,0.92,1.32,2.89,26.40,3.62,,,,,,,,,,,44.70,0.48,11.20,6.10,,,,,,,,,,0.31,,,,,,,,,,,,,,,,,,,,,,,
WQP_USA_2026,USGS-421700071381901,Surface Water,42.28333333,-71.63861111,,10/28/2020,,Unnamed_SPE+LCMS/MS,,,ng/L,13.70,6.86,,1.08,8.69,2.39,17.80,3.66,,,,,,,,,,,24.60,,10.90,3.86,,,,,,,,,,1.04,,,,,,,,,,,,,,,,,,,,,,,
WQP_USA_2026,USGS-421739079520101,Surface Water,42.29425,-79.86683889,,9/18/2019,,EPA 1633,,,ng/L,1.50,1.60,,,,,1.40,0.90,,,,,,,,,,,,,,,,,,,,,,,,,,,,,,,,,,,,,,,,,,,,,,,
WQP_USA_2026,USGS-423033071185001,Surface Water,42.50916667,-71.31388889,,8/27/2020,,Unnamed_SPE+LCMS/MS,,,ng/L,7.15,6.72,,0.51,2.34,3.39,9.98,3.30,,,,,,,,,,,13.20,0.42,5.67,4.37,,,,,,,,,,,,,,,,,,,,,,,,,,,,,,,,,
WQP_USA_2026,USGS-423033071185001,Surface Water,42.50916667,-71.31388889,,9/17/2020,,Unnamed_SPE+LCMS/MS,,,ng/L,6.66,5.96,,0.46,2.02,2.72,8.53,3.22,,,,16.70,,,,,,,10.80,0.33,4.51,3.66,,,,,,,,,,0.33,,,,,,,,,,,,,,,,,,,,,,,
WQP_USA_2026,USGS-423033071185001,Surface Water,42.50916667,-71.31388889,,10/28/2020,,Unnamed_SPE+LCMS/MS,,,ng/L,6.95,6.28,,0.54,1.92,,7.22,3.11,,,,,,,,,,,8.58,0.55,3.96,3.91,,,,,,,,,,0.35,,,,,,,,,,,,,,,,,,,,,,,
WQP_USA_2026,USGS-423506071171401,Surface Water,42.585,-71.28722222,,8/19/2020,,Unnamed_SPE+LCMS/MS,,,ng/L,8.16,7.62,,0.54,2.34,3.11,10.20,3.68,,,,,,,,,,,12.50,0.39,5.89,4.52,,,,,,,,,,,,,,,,,,,,,,,,,,,,,,,,,
WQP_USA_2026,USGS-423506071171401,Surface Water,42.585,-71.28722222,,9/15/2020,,Unnamed_SPE+LCMS/MS,,,ng/L,7.81,8.35,,0.38,2.32,2.95,9.38,3.60,,,,,,,,,,,12.80,0.49,5.22,4.02,,,,,,,,,,0.27,,,,,,,,,,,,,,,,,,,,,,,
WQP_USA_2026,USGS-423506071171401,Surface Water,42.585,-71.28722222,,10/28/2020,,Unnamed_SPE+LCMS/MS,,,ng/L,7.15,6.26,,0.51,1.75,,8.09,3.09,,,,,,,,,,,9.49,0.54,4.84,3.87,,,,,,,,,,0.32,,,,,,,,,,,,,,,,,,,,,,,
WQP_USA_2026,USGS-431407077322901,Surface Water,43.23536111,-77.54130556,,7/12/2023,,EPA 1633,,,ng/L,2.10,3.90,,,0.50,1.30,2.20,1.00,0.00,,,,,,,,,,1.90,,3.80,1.00,,,,,,,,,,,,,,,,,,,,,,0.00,,,0.60,,,,,,,,
WQP_USA_2026,USGS-431407077322901,Surface Water,43.23536111,-77.54130556,,8/10/2023,,EPA 1633,,,ng/L,1.90,4.00,,,,1.10,2.00,1.10,0.00,,,,,,,,,,1.90,,3.90,0.70,,,,,,,,,,,,,,,,,,,,,,0.00,,,,,,,,,,,
WQP_USA_2026,USGS-431407077322901,Surface Water,43.23536111,-77.54130556,,9/14/2023,,EPA 1633,,,ng/L,2.10,3.30,,,0.70,1.00,2.20,1.20,0.00,,,,,,,,,,1.90,,4.70,9.60,,,,,,,,,,,,,,,,,,,,,,0.00,,,,,,,,,,,
WQP_USA_2026,USGS-431535077363101,Surface Water,43.2597,-77.6085,,7/12/2023,,EPA 1633,,,ng/L,2.60,3.60,,,0.60,1.20,3.30,1.10,0.00,,,,,,,,,,2.20,,3.70,1.00,,,,,,,,,,,,,,,,,,,,,,0.00,,,,,,,,,,,
WQP_USA_2026,USGS-431535077363101,Surface Water,43.2597,-77.6085,,8/9/2023,,EPA 1633,,,ng/L,,,,,,,,,,,,,,,,,,,,,,,,,,,,,,,,,,,,,,,,,,,,,,,3.10,,,,,,,,
WQP_USA_2026,USGS-431535077363101,Surface Water,43.2597,-77.6085,,9/13/2023,,EPA 1633,,,ng/L,,3.10,,,,,2.70,,,,,,,,,,,,,,,,,,,,,,,,,,,,,,,,,,,,,,,,,,,,,,,,
WQP_USA_2026,USGS-431548076593501,Surface Water,43.26325,-76.99313889,,7/13/2023,,EPA 1633,,,ng/L,2.20,2.20,,,,1.00,1.70,1.00,0.00,,,,,,,,,,1.70,,3.30,0.90,,,,,,,,,,,,,,,,,,,,,,0.00,,,0.50,,,,,,,,
WQP_USA_2026,USGS-431548076593501,Surface Water,43.26325,-76.99313889,,8/11/2023,,EPA 1633,,,ng/L,2.50,2.20,,0.00,0.60,0.80,1.60,1.10,,,,,,,,,,,1.50,0.00,3.10,0.90,0.00,,,,,,,,,0.00,,,,0.00,,,0.00,,,,,,,0.00,0.00,,,,,0.00,,,
WQP_USA_2026,USGS-431548076593501,Surface Water,43.26325,-76.99313889,,9/14/2023,,EPA 1633,,,ng/L,2.00,2.30,,,0.60,1.00,1.90,1.20,0.00,,,,,,,,,,1.60,,3.40,0.80,,,,,,,,,,,,,,,,,,,,,,0.00,,,,,,,,,,,
WQP_USA_2026,USGS-431641078591501,Surface Water,43.278,-78.98758333,,7/10/2023,,EPA 1633,,,ng/L,1.60,,,,,,1.90,1.10,,,,,,,,,,,,,,0.80,,,,,,,,,,,,,,,,,,,,,,,,,,,,,,,,,
WQP_USA_2026,USGS-431641078591501,Surface Water,43.278,-78.98758333,,8/7/2023,,EPA 1633,,,ng/L,,,,,,,,,,,,,,,,,,,1.50,,,,,,,,,,,,,,,,,,,,,,,,,,,,,,,,,,,,
WQP_USA_2026,USGS-431641078591501,Surface Water,43.278,-78.98758333,,9/11/2023,,EPA 1633,,,ng/L,1.90,3.50,,,,1.20,1.90,1.00,0.00,,,,,,,,,,1.70,,2.80,0.90,,,,,,,,,,,,,,,,,,,,,,0.00,,,,,,,,,,,
WQP_USA_2026,USGS-431645076494101,Surface Water,43.27902778,-76.82794444,,8/10/2023,,EPA 1633,,,ng/L,2.00,2.20,,,,0.70,,1.10,0.00,,,,,,,,,,1.20,,4.00,0.90,,,,,,,,,,,,,,,,,,,,,,0.00,,,,,,,,,,,
WQP_USA_2026,USGS-431645076494101,Surface Water,43.27902778,-76.82794444,,9/14/2023,,EPA 1633,,,ng/L,2.40,1.70,,,0.50,0.60,1.60,0.90,0.00,,,,,,,,,,1.40,,3.80,0.70,,,,,,,,,,,,,,,,,,,,,,0.00,,,,,,,,,,,
WQP_USA_2026,USGS-431741077405001,Surface Water,43.29477778,-77.68055556,,7/12/2023,,EPA 1633,,,ng/L,3.70,3.80,,,0.80,1.50,3.40,1.90,,,,,,,,,,,3.50,,11.00,2.30,,,,,,,,,,,,,,,,,,,,,,,,,,,,,,,,,
WQP_USA_2026,USGS-431741077405001,Surface Water,43.29477778,-77.68055556,,8/10/2023,,EPA 1633,,,ng/L,3.80,4.40,,0.00,0.90,1.30,3.20,2.00,0.00,,,,,,,,,,3.10,0.00,10.00,1.90,0.00,,,,,,,,,0.00,,,,0.00,,,0.00,0.00,,,,0.00,,0.00,0.00,,,,,0.00,,,
WQP_USA_2026,USGS-431741077405001,Surface Water,43.29477778,-77.68055556,,9/13/2023,,EPA 1633,,,ng/L,3.00,3.30,,,0.90,1.10,3.00,2.40,0.00,,,,,,,,,,3.00,,9.80,2.10,,,,,,,,,,,,,,,,,,,,,,0.00,,,,,,,,,,,
WQP_USA_2026,USGS-431819076502101,Surface Water,43.30538889,-76.83902778,,7/13/2023,,EPA 1633,,,ng/L,,5.10,,,,,,,,,,,,,,,,,,,,,,,,,,,,,,,,,,,,,,,,,,,,,4.80,,,,,,,,
WQP_USA_2026,USGS-431819076502101,Surface Water,43.30538889,-76.83902778,,8/10/2023,,EPA 1633,,,ng/L,1.80,2.20,,,,0.90,1.80,1.20,0.00,,,,,,,,,,1.60,,2.90,0.70,,,,,,,,,,,,,,,,,,,,,,0.00,,,,,,,,,,,
WQP_USA_2026,USGS-431833077420401,Surface Water,43.30908333,-77.70108333,,7/11/2023,,EPA 1633,,,ng/L,2.50,2.80,,,0.50,1.10,5.00,1.20,0.00,,,,,,,,,,2.60,,3.20,0.80,,,,,,,,,,,,,,,,,,,,,,0.00,,,0.50,,,,,,,,
WQP_USA_2026,USGS-431833077420401,Surface Water,43.30908333,-77.70108333,,8/9/2023,,EPA 1633,,,ng/L,1.90,,,,0.50,1.00,2.20,1.10,0.00,,,,,,,,,,1.80,,3.40,0.60,,,,,,,,,,,,,,,,,,,,,,0.00,,,,,,,,,,,
WQP_USA_2026,USGS-431833077420401,Surface Water,43.30908333,-77.70108333,,9/12/2023,,EPA 1633,,,ng/L,1.70,2.90,,,,1.10,1.90,1.30,0.00,,,,,,,,,,1.90,,4.40,1.00,,,,,,,,,,,,,,,,,,,,,,0.00,,,,,,,,,,,
WQP_USA_2026,USGS-432020078431901,Surface Water,43.33897222,-78.72183333,,7/10/2023,,EPA 1633,,,ng/L,2.10,2.50,,,0.50,,2.10,1.10,,,,,,,,,,,2.10,,3.10,1.00,,,,,,,,,,,,,,,,,,,,,,,,,,,,,,,,,
WQP_USA_2026,USGS-432020078431901,Surface Water,43.33897222,-78.72183333,,8/7/2023,,EPA 1633,,,ng/L,2.00,2.60,,,0.50,,1.90,1.10,,,,,,,,,,,1.60,,2.80,0.70,,,,,,,,,,,,,,,,,,,,,,,,,,,,,,,,,
WQP_USA_2026,USGS-432020078431901,Surface Water,43.33897222,-78.72183333,,9/11/2023,,EPA 1633,,,ng/L,2.40,3.40,,,0.60,1.20,2.20,1.10,0.00,,,,,,,,,,2.00,,3.10,0.80,,,,,,,,,,,,,,,,,,,,,,0.00,,,,,,,,,,,
WQP_USA_2026,USGS-432038076424101,Surface Water,43.34391667,-76.71147222,,8/9/2023,,EPA 1633,,,ng/L,2.00,3.10,,,,,1.80,1.30,,,,,,,,,,,1.40,,2.70,0.60,,,,,,,,,,,,,,,,,,,,,,,,,,,,,,,,,
WQP_USA_2026,USGS-432038076424101,Surface Water,43.34391667,-76.71147222,,9/13/2023,,EPA 1633,,,ng/L,2.10,3.70,,,0.60,0.90,1.70,1.10,0.00,,,,,,,,,,1.60,,3.10,0.90,,,,,,,,,,,,,,,,,,,,,,0.00,,,,,,,,,,,
WQP_USA_2026,USGS-432044076424901,Surface Water,43.34547222,-76.71358333,,8/10/2023,,EPA 1633,,,ng/L,2.10,1.70,,,,0.80,1.70,1.10,0.00,,,,,,,,,,1.60,,2.90,0.70,,,,,,,,,,,,,,,,,,,,,,0.00,,,,,,,,,,,
WQP_USA_2026,USGS-432044076424901,Surface Water,43.34547222,-76.71358333,,9/14/2023,,EPA 1633,,,ng/L,2.80,3.80,,,,,,1.10,,,,,,,,,,,,,,,,,,,,,,,,,,,,,,,,,,,,,,,,,,,,,,,
WQP_USA_2026,USGS-432111077533801,Surface Water,43.35308333,-77.89383333,,7/11/2023,,EPA 1633,,,ng/L,2.30,,,,,,2.30,1.20,,,,,,,,,,,2.50,,3.50,1.00,,,,,,,,,,,,,,,,,,,,,,,,,,,,,,,,,
WQP_USA_2026,USGS-432111077533801,Surface Water,43.35308333,-77.89383333,,8/8/2023,,EPA 1633,,,ng/L,2.20,,,,,,3.50,1.50,,,,,,,,,,,5.70,,6.20,1.10,,,,,,,,,,,,,,,,,,,,,,,,,,,,,,,,,
WQP_USA_2026,USGS-432111077533801,Surface Water,43.35308333,-77.89383333,,9/12/2023,,EPA 1633,,,ng/L,2.50,2.90,,,0.60,,2.20,1.10,,,,,,,,,,,2.30,,3.20,1.00,,,,,,,,,,,,,,,,,,,,,,,,,,,,,,,,,
WQP_USA_2026,USGS-432223078113301,Surface Water,43.37327778,-78.19244444,,7/11/2023,,EPA 1633,,,ng/L,2.00,2.90,,,,1.10,2.20,1.20,,,,,,,,,,,2.20,,3.60,0.90,,,,,,,,,,,,,,,,,,,,,,,,,,,,,,,,,
WQP_USA_2026,USGS-432223078113301,Surface Water,43.37327778,-78.19244444,,8/8/2023,,EPA 1633,,,ng/L,2.00,2.20,,,,1.20,2.30,1.10,,,,,,,,,,,,,,0.80,,,,,,,,,,,,,,,,,,,,,,,,,2.90,,,,,,,,
WQP_USA_2026,USGS-432223078113301,Surface Water,43.37327778,-78.19244444,,9/12/2023,,EPA 1633,,,ng/L,2.20,,,,0.50,1.10,2.30,1.00,0.00,,,,,,,,,,2.40,,3.30,1.00,,,,,,,,,,,,,,,,,,,,,,0.00,,,,,,,,,,,
WQP_USA_2026,USGS-432741076315401,Surface Water,43.4615,-76.53172222,,8/9/2023,,EPA 1633,,,ng/L,,2.90,,,,,,,,,,,,,,,,,,,,,,,,,,,,,,,,,,,,,,,,,,,,,,,,,,,,,
WQP_USA_2026,USGS-432741076315401,Surface Water,43.4615,-76.53172222,,9/13/2023,,EPA 1633,,,ng/L,2.50,3.70,,,0.50,0.90,1.80,1.10,0.00,,,,,,,,,,1.60,,3.00,0.60,,,,,,,,,,,,,,,,,,,,,,0.00,,,,,,,,,,,
WQP_USA_2026,USGS-433334076123701,Surface Water,43.55955556,-76.21025,,8/9/2023,,EPA 1633,,,ng/L,,2.60,,,,,,,,,,,,,,,,,,,,,,,,,,,,,,,,,,,,,,,,,,,,,,,,,,,,,
WQP_USA_2026,USGS-433334076123701,Surface Water,43.55955556,-76.21025,,9/13/2023,,EPA 1633,,,ng/L,2.00,2.30,,,0.50,0.80,1.50,1.10,0.00,,,,,,,,,,1.30,,3.30,0.60,,,,,,,,,,,,,,,,,,,,,,0.00,,,,,,,,,,,
WQP_USA_2026,USGS-433751076114901,Surface Water,43.63069444,-76.19702778,,7/11/2023,,EPA 1633,,,ng/L,2.20,3.10,,,,1.20,2.00,,,,,,,,,,,,,,,0.60,,,,,,,,,,,,,,,,,,,,,,,,,,,,,,,,,
WQP_USA_2026,USGS-433751076114901,Surface Water,43.63069444,-76.19702778,,8/8/2023,,EPA 1633,,,ng/L,1.60,,,,,,,1.00,,,,,,,,,,,1.20,,2.40,0.00,,,,,,,,,,,,,,,,,,,,,,,,,0.50,,,,,,,,
WQP_USA_2026,USGS-433751076114901,Surface Water,43.63069444,-76.19702778,,9/12/2023,,EPA 1633,,,ng/L,2.00,3.40,,,0.50,0.80,1.60,0.90,0.00,,,,,,,,,,1.30,,2.80,0.60,,,,,,,,,,,,,,,,,,,,,,0.00,,,,,,,,,,,
WQP_USA_2026,USGS-433756076112001,Surface Water,43.63216667,-76.189,,7/11/2023,,EPA 1633,,,ng/L,1.60,1.70,,,,,0.90,,0.00,,,,,,,,,,,,2.40,0.50,,,,,,,,,,,,,,,,,,,,,,0.00,,,0.70,,,,,,,,
WQP_USA_2026,USGS-433756076112001,Surface Water,43.63216667,-76.189,,8/8/2023,,EPA 1633,,,ng/L,1.50,,,,,,,,,,,,,,,,,,,,2.40,0.00,,,,,,,,,,,,,,,,,,,,,,,,,,,,,,,,,
WQP_USA_2026,USGS-433756076112001,Surface Water,43.63216667,-76.189,,9/12/2023,,EPA 1633,,,ng/L,1.60,1.40,,,0.50,,1.20,0.90,0.00,,,,,,,,,,,,2.70,0.50,,,,,,,,,,,,,,,,,,,,,,0.00,,,0.80,,,,,,,,
WQP_USA_2026,USGS-435102076122201,Surface Water,43.85058333,-76.20616667,,7/10/2023,,EPA 1633,,,ng/L,2.10,3.00,,,,,1.90,1.20,,,,,,,,,,,1.60,,2.60,0.90,,,,,,,,,,,,,,,,,,,,,,,,,,,,,,,,,
WQP_USA_2026,USGS-435102076122201,Surface Water,43.85058333,-76.20616667,,8/8/2023,,EPA 1633,,,ng/L,2.10,,,,,,,1.10,,,,,,,,,,,1.70,,2.80,0.00,,,,,,,,,,,,,,,,,,,,,,,,,,,,,,,,,
WQP_USA_2026,USGS-435102076122201,Surface Water,43.85058333,-76.20616667,,9/11/2023,,EPA 1633,,,ng/L,2.00,6.10,,,0.70,0.90,1.60,1.10,0.00,,,,,,,,,,1.60,,2.90,0.70,,,,,,,,,,,,,,,,,,,,,,0.00,,,,,,,,,,,
WQP_USA_2026,USGS-440040076171501,Surface Water,44.01102778,-76.28744444,,7/10/2023,,EPA 1633,,,ng/L,2.40,3.70,,,,,1.70,,0.00,,,,,,,,,,1.50,,2.60,0.70,,,,,,,,,,,,,,,,,,,,,,0.00,,,,,,,,,,,
WQP_USA_2026,USGS-440040076171501,Surface Water,44.01102778,-76.28744444,,8/7/2023,,EPA 1633,,,ng/L,2.00,,,,,,,1.00,,,,,,,,,,,1.60,,2.80,0.00,,,,,,,,,,,,,,,,,,,,,,,,,,,,,,,,,
WQP_USA_2026,USGS-440040076171501,Surface Water,44.01102778,-76.28744444,,9/11/2023,,EPA 1633,,,ng/L,1.90,2.80,,,,1.00,1.70,1.20,0.00,,,,,,,,,,1.70,,2.80,0.80,,,,,,,,,,,,,,,,,,,,,,0.00,,,,,,,,,,,
WQP_USA_2026,USGS-440152076125301,Surface Water,44.03105556,-76.21480556,,7/10/2023,,EPA 1633,,,ng/L,1.90,2.70,,,,0.80,1.80,0.90,0.00,,,,,,,,,,1.50,,2.20,0.60,,,,,,,,,,,,,,,,,,,,,,0.00,,,,,,,,,,,
WQP_USA_2026,USGS-440152076125301,Surface Water,44.03105556,-76.21480556,,8/7/2023,,EPA 1633,,,ng/L,1.90,2.90,,,0.60,1.00,1.60,1.10,,,,,,,,,,,1.50,,2.60,0.80,,,,,,,,,,,,,,,,,,,,,,,,,,,,,,,,,
WQP_USA_2026,USGS-440152076125301,Surface Water,44.03105556,-76.21480556,,9/11/2023,,EPA 1633,,,ng/L,1.80,3.50,,,0.70,1.00,1.80,1.10,0.00,,,,,,,,,,1.50,,2.80,0.70,,,,,,,,,,,,,,,,,,,,,,0.00,,,,,,,,,,,
WQP_USA_2026,WV002-391540079153001,Surface Water,39.26121615,-79.25809575,,12/10/2020,,Undisclosed,,,ng/L,4.40,,,,,,,,,2.30,,,,,,,,,,,1.60,,,,,,,,,,,,,,,,,,,,,,,,,,,,,,,,,,
WQP_USA_2026,WV002-392643079403901,Surface Water,39.44536871,-79.67727812,,3/3/2021,,Undisclosed,,,ng/L,2.10,,,,,1.10,,,,,,1.50,,,,,,,,,1.10,,,,,,,,,,,,,,,,,,,,,,,,,,,,,,,,,,
WQP_USA_2026,WV002-393738078134501,Surface Water,39.62731543,-78.22889664,,11/17/2020,,Undisclosed,,,ng/L,1.40,,,,,,,,,,,52.00,,,,,,,,,,,,,,,,,,,,,,,,,,,,,,,,,,,,,,,,,,,