Article (Author et al YYYY),Sample Name,Sample Type,Latitude,Longitude,Sample Date (MM/DD/YYY),Sample Time,Analysis Method,PFOS,PFOA,FBSA,PFDA,PFNA,PFHxS,PFHxA,PFHpA,PFHpS,GenX,4:2 FTS,6:2 FTS,8:2 FTS,10:2 FTS,3:3 FTCA,5:3 FTCA,7:3 FTCA,PFPA,PFPeA,PFPeS,PFBS,PFBA,PFMOPrA,PFMOBA,PFMOAA,PFO2HxA,PFO3OA,PFO4DA,PFESA BP 1,PFESA BP 2,PFDoS,PFUnDA,FOSAA,N-MeFOSE,NMeFOSAA,NMeFOSA,N-EtFOSE,NEtFOSAA,N-EtFOSA,PFDS,PFTeDA,PFHxDA,PFNS,PFTrDA,PFDoA,PFOSA,9-Cl-PF3ONS,11-Cl-PF3OUdS,PFECA-G,ADONA,PFEESA,NFDHA,PFMBA
Camacho_et_al_2024,ALC_0127_001,Surface Water,29.65,-82.346969,,,EPA 1633,9.9,15.9,0,0,1.2,0,18.8,7.9,,,0,,,,,,,,,0,6.2,,,,,,,,,,,0,,,,,,,,,,,0,,0,,0,0,,,,,
Camacho_et_al_2024,ALC_0128_002,Surface Water,29.64840419,-82.341171,,,EPA 1633,5,8.5,0,0,1.4,0,15.2,5.3,,,0,,,,,,,,,0,4,,,,,,,,,,,1.7,,,,,,,,,,,0,,3.9,,0,0,,,,,
Camacho_et_al_2024,ALC_0129_003,Surface Water,29.64726139,-82.344767,,,EPA 1633,6.3,9,0,0,0.6,0,14.5,5.4,,,0,,,,,,,,,0,4.8,,,,,,,,,,,2.4,,,,,,,,,,,0,,2.8,,0,4.6,,,,,
Camacho_et_al_2024,ALC_0130_004,Surface Water,29.64121789,-82.346014,,,EPA 1633,14.4,19.5,2,0,1.9,7.1,26.8,10.5,,,0,,,,,,,,,0,15.8,,,,,,,,,,,0,,,,,,,,,,,0,,0,,0,0,,,,,
Camacho_et_al_2024,ALC_0131_005,Surface Water,29.64249661,-82.344812,,,EPA 1633,14.3,20.4,0,0,1.2,8.6,24.6,10.7,,,0,,,,,,,,,0,18.3,,,,,,,,,,,0,,,,,,,,,,,0,,0,,0,0,,,,,
Camacho_et_al_2024,ALC_0132_006,Surface Water,29.6406,-82.3501,,,EPA 1633,7.4,7.8,0,0,1.1,0,11.9,4.4,,,0,,,,,,,,,0,4.3,,,,,,,,,,,0,,,,,,,,,,,0,,0.4,,0,0,,,,,
Camacho_et_al_2024,ALC_0133_007,Surface Water,29.641006,-82.347555,,,EPA 1633,10.3,12.4,1.5,0,2.6,0,21.9,7.6,,,0,,,,,,,,,0,10.1,,,,,,,,,,,1.2,,,,,,,,,,,0,,0.3,,0,0,,,,,
Camacho_et_al_2024,ALC_0446_008,Surface Water,29.85386111,-82.40511111,,,EPA 1633,4.2,0,0,0,0,0,0,0,,,0,,,,,,,,,0,1.9,,,,,,,,,,,0,,,,,,,,,,,0,,0,,0,0,,,,,
Camacho_et_al_2024,ALC_0564_009,Surface Water,29.51666667,-82.10305556,,,EPA 1633,0,0,0,0,0,0,0,0,,,0,,,,,,,,,0,0.2,,,,,,,,,,,0,,,,,,,,,,,0,,0,,0,0,,,,,
Camacho_et_al_2024,ALC_0565_010,Surface Water,29.50611111,-82.10166667,,,EPA 1633,0,1.5,0,0,0,0,0,0,,,0,,,,,,,,,0,0.5,,,,,,,,,,,0,,,,,,,,,,,0,,0,,0,0,,,,,
Camacho_et_al_2024,ALC_0567_012,Surface Water,29.65944444,-82.12611111,,,EPA 1633,0,1.6,0,0,0,0,0,0,,,0,,,,,,,,,0,0,,,,,,,,,,,0,,,,,,,,,,,0,,0,,0,0,,,,,
Camacho_et_al_2024,ALC_0568_013,Surface Water,29.495,-82.12944444,,,EPA 1633,0,1.6,0,0,0,0,0,2,,,0,,,,,,,,,0,1.5,,,,,,,,,,,0,,,,,,,,,,,0,,0,,0,0,,,,,
Camacho_et_al_2024,ALC_0714_014,Surface Water,29.56493833,-82.06517778,,,EPA 1633,0,1.8,0,0,0,0,0,0,,,0,,,,,,,,,0,1.6,,,,,,,,,,,0,,,,,,,,,,,0,,0,,0,0,,,,,
Camacho_et_al_2024,ALC_0715_015,Surface Water,29.68774667,-82.20671167,,,EPA 1633,0,1.6,0,0,0,0,0,0,,,0,,,,,,,,,0,2.2,,,,,,,,,,,0,,,,,,,,,,,0,,0,,0,0,,,,,
Camacho_et_al_2024,ALC_0776_017,Surface Water,29.650554,-82.238488,,,EPA 1633,10.5,5.5,1.5,0,2.5,12,8.5,7.6,,,0,,,,,,,,,0,2.7,,,,,,,,,,,0,,,,,,,,,,,0,,0,,0,0,,,,,
Camacho_et_al_2024,ALC_0777_018,Surface Water,29.618217,-82.253158,,,EPA 1633,10.3,5.3,0,0,2.4,13,9,8.3,,,0,,,,,,,,,0,3.2,,,,,,,,,,,0,,,,,,,,,,,0,,0,,0,0,,,,,
Camacho_et_al_2024,ALC_0778_019,Surface Water,29.612292,-82.248599,,,EPA 1633,8.2,5.4,0,0,2.3,14.4,9.1,9.1,,,0,,,,,,,,,0,3,,,,,,,,,,,0,,,,,,,,,,,0,,0,,0,0,,,,,
Camacho_et_al_2024,ALC_0809_021,Surface Water,29.7128,-82.0523,,,EPA 1633,0,2.2,0,0,0.2,0,2.3,2.6,,,0,,,,,,,,,0,1.9,,,,,,,,,,,0,,,,,,,,,,,0,,0,,0,0,,,,,
Camacho_et_al_2024,ALC_0813_022,Surface Water,29.7787,-82.1352,,,EPA 1633,0,2.1,0,0,0.2,0,0,0,,,0,,,,,,,,,0,2.6,,,,,,,,,,,0,,,,,,,,,,,0,,0,,0,0,,,,,
Camacho_et_al_2024,ALC_0893_023,Surface Water,29.644802,-82.360294,,,EPA 1633,8.7,11.2,0,0,3.9,4.6,17.3,6.8,,,0,,,,,,,,,0,8.1,,,,,,,,,,,0,,,,,,,,,,,0,,0,,0,0,,,,,
Camacho_et_al_2024,ALC_0894_024,Surface Water,29.643334,-82.362661,,,EPA 1633,9.4,11.1,1.7,0,3.8,0,15.7,6.9,,,0,,,,,,,,,0,6.8,,,,,,,,,,,1.5,,,,,,,,,,,0,,0.1,,0,0,,,,,
Camacho_et_al_2024,ALC_0895_025,Surface Water,29.64087,-82.349754,,,EPA 1633,16.2,21.6,0,0,2.4,7.2,26,10.6,,,0,,,,,,,,,0,15.7,,,,,,,,,,,0,,,,,,,,,,,0,,0,,0,0,,,,,
Camacho_et_al_2024,ALC_0929_026,Surface Water,29.6366,-82.239,,,EPA 1633,8.3,5,0,0,1.9,10.8,9.2,7.8,,,0,,,,,,,,,0,3.8,,,,,,,,,,,0,,,,,,,,,,,0,,0,,0,0,,,,,
Camacho_et_al_2024,ALC_0930_027,Surface Water,29.6164,-82.3361,,,EPA 1633,8.6,7.2,0,0,0.4,6.1,6.6,4.7,,,0,,,,,,,,,0,5.4,,,,,,,,,,,0,,,,,,,,,,,0,,0,,0,0,,,,,
Camacho_et_al_2024,ALC_0931_028,Surface Water,29.6428,-82.3242,,,EPA 1633,4.6,5,0,0,0.7,0,7.2,4.4,,,0,,,,,,,,,0,0,,,,,,,,,,,1.5,,,,,,,,,,,0,,0,,0,0,,,,,
Camacho_et_al_2024,ALC_0932_029,Surface Water,29.7113,-82.4552,,,EPA 1633,0,0,0,0,0,0,0,0,,,0,,,,,,,,,0,1.3,,,,,,,,,,,0,,,,,,,,,,,0,,0,,0,0,,,,,
Camacho_et_al_2024,ALC_0934_031,Surface Water,29.644,-82.3519,,,EPA 1633,19.8,32.3,1.8,0,3,12.3,41.1,15.2,,,0,,,,,,,,,0,21.2,,,,,,,,,,,0,,,,,,,,,,,0,,0.7,,0,0,,,,,
Camacho_et_al_2024,ALC_0935_032,Surface Water,29.5336,-82.3055,,,EPA 1633,0,1.6,0,0,0,0,0,0,,,0,,,,,,,,,0,3.2,,,,,,,,,,,0,,,,,,,,,,,0,,0,,0,0,,,,,
Camacho_et_al_2024,ALC_0936_033,Surface Water,29.5112,-82.2973,,,EPA 1633,0,1.6,0,0,0.1,0,0,0,,,0,,,,,,,,,0,2.8,,,,,,,,,,,0,,,,,,,,,,,0,,0,,0,0,,,,,
Camacho_et_al_2024,ALC_0937_034,Surface Water,29.6216,-82.3089,,,EPA 1633,17.8,81.2,4.4,0,4.9,48.9,67,55.9,,,0,,,,,,,,,0,17.6,,,,,,,,,,,0,,,,,,,,,,,0,,0,,0,0,,,,,
Camacho_et_al_2024,ALC_0954_035,Surface Water,29.621653,-82.340072,,,EPA 1633,6.3,7.3,1.8,0,1,0,11.4,5.5,,,0,,,,,,,,,0,6.2,,,,,,,,,,,0,,,,,,,,,,,0,,0,,0,0,,,,,
Camacho_et_al_2024,ALC_0955_036,Surface Water,29.6347,-82.3389,,,EPA 1633,13.6,14.8,1.8,0,1,13.3,14.3,8.9,,,0,,,,,,,,,0,15.4,,,,,,,,,,,0,,,,,,,,,,,0,,0,,0,0,,,,,
Camacho_et_al_2024,ALC_0956_037,Surface Water,29.6419,-82.333,,,EPA 1633,19.7,18.4,2,0,1.4,15.2,16.3,9.9,,,0,,,,,,,,,0,16.6,,,,,,,,,,,0,,,,,,,,,,,0,,1.2,,0,0,,,,,
Camacho_et_al_2024,ALC_0957_038,Surface Water,29.6434,-82.3244,,,EPA 1633,0,4.8,0,0,0.7,0,9.3,4.7,,,0,,,,,,,,,0,3.7,,,,,,,,,,,1.3,,,,,,,,,,,0,,0,,0,0,,,,,
Camacho_et_al_2024,ALC_0958_039,Surface Water,29.629,-82.3289,,,EPA 1633,9.5,7.9,0,0,0.7,7.4,8.8,5,,,0,,,,,,,,,0,5.2,,,,,,,,,,,0,,,,,,,,,,,0,,0,,0,0,,,,,
Camacho_et_al_2024,ALC_0995_040,Surface Water,29.485931,-82.165012,,,EPA 1633,0,1.4,0,0,0,0,0.7,0,,,0,,,,,,,,,0,0.3,,,,,,,,,,,0,,,,,,,,,,,0,,0,,0,0,,,,,
Camacho_et_al_2024,ALC_0996_041,Surface Water,29.455616,-82.092624,,,EPA 1633,0,0,0,0,0,0,0,0,,,0,,,,,,,,,0,1.6,,,,,,,,,,,0,,,,,,,,,,,0,,0,,0,0,,,,,
Camacho_et_al_2024,ALC_0997_042,Surface Water,29.479318,-82.161252,,,EPA 1633,0,1.5,0,0,0,0,0,0,,,0,,,,,,,,,0,1.7,,,,,,,,,,,0,,,,,,,,,,,0,,0,,0,0,,,,,
Camacho_et_al_2024,ALC_0998_043,Surface Water,29.479318,-82.206627,,,EPA 1633,0,2.8,0,0,0.6,0,3.9,3.9,,,0,,,,,,,,,0,0,,,,,,,,,,,0,,,,,,,,,,,0,,0,,0,0,,,,,
Camacho_et_al_2024,ALC_1000_044,Surface Water,29.517246,-82.22171,,,EPA 1633,5.6,3.7,0,0,1,7.7,6.1,0,,,0,,,,,,,,,0,1.3,,,,,,,,,,,0,,,,,,,,,,,0,,0,,0,0,,,,,
Camacho_et_al_2024,ALC_1001_045,Surface Water,29.594622,-82.058055,,,EPA 1633,0,0,0,0,0,0,0,0,,,0,,,,,,,,,0,0,,,,,,,,,,,0,,,,,,,,,,,0,,0,,0,0,,,,,
Camacho_et_al_2024,ALC_1074_046,Surface Water,29.64136111,-82.22466667,,,EPA 1633,9,5.1,1.2,0,2.4,10.8,7.3,7,,,0,,,,,,,,,0,1,,,,,,,,,,,0,,,,,,,,,,,0,,0,,0,0,,,,,
Camacho_et_al_2024,ALC_1150_047,Surface Water,29.66636111,-82.34927778,,,EPA 1633,11.3,7,1.7,0,0.8,14.6,7,5.1,,,0,,,,,,,,,0,8.1,,,,,,,,,,,0,,,,,,,,,,,0,,0,,0,0,,,,,
Camacho_et_al_2024,ALC_1151_048,Surface Water,29.6635,-82.35361111,,,EPA 1633,11.7,8.4,0,0,0.8,17.1,8.6,5.2,,,0,,,,,,,,,0,11.9,,,,,,,,,,,0,,,,,,,,,,,0,,0,,0,0,,,,,
Camacho_et_al_2024,ALC_1152_049,Surface Water,29.65711111,-82.35997222,,,EPA 1633,11.2,11.5,0,0,0.7,8.7,10.4,7.3,,,0,,,,,,,,,0,12,,,,,,,,,,,0,,,,,,,,,,,0,,0,,0,0,,,,,
Camacho_et_al_2024,ALC_1153_050,Surface Water,29.65952778,-82.36855556,,,EPA 1633,9.4,6.9,2.3,0,0.2,12.5,5.8,4.1,,,0,,,,,,,,,0,12,,,,,,,,,,,0,,,,,,,,,,,0,,0,,0,0,,,,,
Camacho_et_al_2024,ALC_1154_051,Surface Water,29.66636111,-82.36402778,,,EPA 1633,8,5.5,0,0,0.2,7.7,4.6,3.7,,,0,,,,,,,,,0,5.3,,,,,,,,,,,0,,,,,,,,,,,0,,0,,0,0,,,,,
Camacho_et_al_2024,ALC_1155_052,Surface Water,29.67363889,-82.37216667,,,EPA 1633,8.1,6.4,0,0,0.2,8.5,5.8,4.4,,,0,,,,,,,,,0,6.8,,,,,,,,,,,0,,,,,,,,,,,0,,0,,0,0,,,,,
Camacho_et_al_2024,ALC_1156_053,Surface Water,29.674,-82.34475,,,EPA 1633,12.7,8.4,0,0,1,12.7,8,4.9,,,0,,,,,,,,,0,7.2,,,,,,,,,,,0,,,,,,,,,,,0,,0,,0,0,,,,,
Camacho_et_al_2024,ALC_1157_054,Surface Water,29.651,-82.37508333,,,EPA 1633,11,7.6,0,0,0.5,10.9,6.4,4.8,,,0,,,,,,,,,0,8.1,,,,,,,,,,,0,,,,,,,,,,,0,,2.4,,0,0,,,,,
Camacho_et_al_2024,ALC_1158_055,Surface Water,29.85172,-82.60898,,,EPA 1633,0,1.5,0,0,0,0,1,0,,,0,,,,,,,,,0,0,,,,,,,,,,,0,,,,,,,,,,,0,,0,,0,0,,,,,
Camacho_et_al_2024,ALC_1159_056,Surface Water,29.71087,-82.38863,,,EPA 1633,0,0,0,0,0,0,0,0,,,0,,,,,,,,,0,0,,,,,,,,,,,0,,,,,,,,,,,0,,0,,0,0,,,,,
Camacho_et_al_2024,ALC_1162_057,Surface Water,29.82372,-82.64794,,,EPA 1633,3.5,1.6,0,0,0,0,0,0,,,0,,,,,,,,,0,0.4,,,,,,,,,,,0,,,,,,,,,,,0,,0,,0,0,,,,,
Camacho_et_al_2024,ALC_1172_058,Surface Water,29.748562,-82.39562,,,EPA 1633,0,1.6,0,0,0,0,0,0,,,0,,,,,,,,,0,0,,,,,,,,,,,0,,,,,,,,,,,0,,4.1,,0,0,,,,,
Camacho_et_al_2024,ALC_1173_059,Surface Water,29.8798,-82.4971,,,EPA 1633,0,0,0,0,0,0,0,0,,,0,,,,,,,,,0,0,,,,,,,,,,,0,,,,,,,,,,,0,,0,,0,0,,,,,
Camacho_et_al_2024,ALC_1177_060,Surface Water,29.562223,-82.058569,,,EPA 1633,0,1.7,0,0,0,0,0,0,,,0,,,,,,,,,0,0,,,,,,,,,,,0,,,,,,,,,,,0,,0,,0,0,,,,,
Camacho_et_al_2024,ALC_1468_061,Surface Water,29.56096944,-82.60626389,,,EPA 1633,0,1.2,0,0,0,0,0,0,,,0,,,,,,,,,0,0,,,,,,,,,,,0,,,,,,,,,,,0,,0,,0,0,,,,,
Camacho_et_al_2024,ALC_1495_062,Surface Water,29.67395278,-82.30238611,,,EPA 1633,11.4,11.4,0,0,1,7.8,12.4,8.3,,,0,,,,,,,,,0,6.6,,,,,,,,,,,0,,,,,,,,,,,0,,0,,0,0,,,,,
Camacho_et_al_2024,ALC_1496_063,Surface Water,29.69871111,-82.30545,,,EPA 1633,3.3,2.9,0,0,0,0,2.4,2.3,,,0,,,,,,,,,0,0,,,,,,,,,,,0,,,,,,,,,,,0,,0,,0,0,,,,,
Camacho_et_al_2024,ALC_1497_064,Surface Water,29.7031,-82.3017,,,EPA 1633,0,1.8,0,0,0,0,0,0,,,0,,,,,,,,,0,0,,,,,,,,,,,0,,,,,,,,,,,0,,0,,0,0,,,,,
Camacho_et_al_2024,ALC_1498_065,Surface Water,29.72316667,-82.33671389,,,EPA 1633,6.5,4.8,0,0,0.6,6,5.8,4.4,,,0,,,,,,,,,0,2,,,,,,,,,,,0,,,,,,,,,,,0,,0,,0,0,,,,,
Camacho_et_al_2024,ALC_1499_066,Surface Water,29.7972,-82.32408889,,,EPA 1633,0,0,0,0,0,0,0,0,,,0,,,,,,,,,0,0,,,,,,,,,,,0,,,,,,,,,,,0,,0,,0,0,,,,,
Camacho_et_al_2024,ALC_1500_067,Surface Water,29.68648056,-82.29155833,,,EPA 1633,15.8,8.4,0,0,3.3,9.5,6.6,5.4,,,0,,,,,,,,,0,2.5,,,,,,,,,,,0,,,,,,,,,,,0,,0,,0,0,,,,,
Camacho_et_al_2024,ALC_1501_068,Surface Water,29.69888889,-82.27373889,,,EPA 1633,3.3,2.8,0,0,0,0,0,0,,,0,,,,,,,,,0,1.2,,,,,,,,,,,0,,,,,,,,,,,0,,0.5,,0,0,,,,,
Camacho_et_al_2024,ALC_1502_069,Surface Water,29.70309722,-82.29004167,,,EPA 1633,3.8,1.3,0,0,0,0,0,0,,,0,,,,,,,,,0,0,,,,,,,,,,,0,,,,,,,,,,,0,,0,,0,0,,,,,
Camacho_et_al_2024,ALC_1620_070,Surface Water,29.58919444,-82.15191667,,,EPA 1633,0,1.7,0,0,0,0,0,0,,,0,,,,,,,,,0,0,,,,,,,,,,,0,,,,,,,,,,,0,,0,,0,0,,,,,
Camacho_et_al_2024,ALC_1621_071,Surface Water,29.71266667,-82.05216667,,,EPA 1633,0,1.9,0,0,0,0,1.7,2.1,,,0,,,,,,,,,0,0,,,,,,,,,,,0,,,,,,,,,,,0,,0,,0,0,,,,,
Camacho_et_al_2024,ALC_1640_072,Surface Water,29.61813889,-82.25175,,,EPA 1633,12.1,5.5,0,0,2.6,12.1,7.8,7.4,,,0,,,,,,,,,0,1.1,,,,,,,,,,,0,,,,,,,,,,,0,,0,,0,0,,,,,
Camacho_et_al_2024,ALC_1641_073,Surface Water,29.62344444,-82.25711111,,,EPA 1633,5.5,6.5,0,0,0.3,0,0.7,0,,,0,,,,,,,,,0,7.3,,,,,,,,,,,0,,,,,,,,,,,0,,0,,0,0,,,,,
Camacho_et_al_2024,ALC_1643_075,Surface Water,29.63691667,-82.20194444,,,EPA 1633,8.4,5.8,0,0,2.1,13.6,8.2,7.9,,,0,,,,,,,,,0,1.5,,,,,,,,,,,0,,,,,,,,,,,0,,0,,0,0,,,,,
Camacho_et_al_2024,ALC_1644_076,Surface Water,29.68777778,-82.21922222,,,EPA 1633,79.4,26.5,2.8,0,22.3,83,59,34.8,,,0,,,,,,,,,17.5,6.5,,,,,,,,,,,2.1,,,,,,,,,,,0,,0,,0,0,,,,,
Camacho_et_al_2024,ALC_1646_078,Surface Water,29.6785,-82.23519444,,,EPA 1633,34.6,10.6,1.8,0,10.5,32,24.6,18,,,0,,,,,,,,,0,2.8,,,,,,,,,,,1.7,,,,,,,,,,,0,,0,,0,0,,,,,
Camacho_et_al_2024,ALC_1647_079,Surface Water,29.65175,-82.25055556,,,EPA 1633,8.7,5.8,0,0,2.2,7.4,9.9,6.8,,,0,,,,,,,,,0,3.7,,,,,,,,,,,0,,,,,,,,,,,0,,0,,0,0,,,,,
Camacho_et_al_2024,ALC_1685_083,Surface Water,29.58333333,-82.14927778,,,EPA 1633,0,0,0,0,0,0,0,0,,,0,,,,,,,,,0,0,,,,,,,,,,,0,,,,,,,,,,,0,,0,,0,0,,,,,
Camacho_et_al_2024,ALC_2120_084,Surface Water,29.6515,-82.320788,,,EPA 1633,9.8,9.1,1.5,0,0.5,7.2,8.4,5.7,,,0,,,,,,,,,0,9.3,,,,,,,,,,,0,,,,,,,,,,,0,,0,,0,0,,,,,
Camacho_et_al_2024,ALC_2121_085,Surface Water,29.637845,-82.317197,,,EPA 1633,9.3,7.1,1.3,0,0.3,5.7,5.8,4.9,,,0,,,,,,,,,0,5.2,,,,,,,,,,,0,,,,,,,,,,,0,,0,,0,0,,,,,
Camacho_et_al_2024,ALC_2122_086,Surface Water,29.621276,-82.323854,,,EPA 1633,20.1,9.3,3.8,0,0.3,5.8,23.6,8.9,,,0,,,,,,,,,0,0,,,,,,,,,,,0,,,,,,,,,,,0,,0,,0,0,,,,,
Camacho_et_al_2024,ALC_2123_087,Surface Water,29.656915,-82.319809,,,EPA 1633,12.7,11.6,1.5,0,0.7,10.3,14.1,8.4,,,0,,,,,,,,,0,6.5,,,,,,,,,,,0,,,,,,,,,,,0,,0,,0,0,,,,,
Camacho_et_al_2024,ALC_2522_100,Surface Water,29.64112,-82.34635,,,EPA 1633,29,32.4,0,5.1,6.5,11.1,43.6,20.3,,,0,,,,,,,,,0,20.6,,,,,,,,,,,0,,,,,,,,,,,0,,0,,0,0,,,,,
Camacho_et_al_2024,ALC_2623_101,Surface Water,29.6793,-82.23686,,,EPA 1633,62.4,23.6,3,0,20,63.3,39,25.5,,,0,,,,,,,,,0,6.7,,,,,,,,,,,1.3,,,,,,,,,,,0,,0,,0,0,,,,,
Camacho_et_al_2024,BAK_0083_001,Surface Water,30.214696,-82.430396,,,EPA 1633,0,0,0,0,0,0,0,0,,,0,,,,,,,,,0,0,,,,,,,,,,,0,,,,,,,,,,,0,,0,,0,0,,,,,
Camacho_et_al_2024,BAK_1438_002,Surface Water,30.803975,-82.41869167,,,EPA 1633,0,0,0,0,0,0,0,0,,,0,,,,,,,,,0,0,,,,,,,,,,,0,,,,,,,,,,,0,,0,,0,0,,,,,
Camacho_et_al_2024,BAK_2159_003,Surface Water,30.34072222,-82.198,,,EPA 1633,0,0,0,0,0,0,0,0,,,0,,,,,,,,,0,0,,,,,,,,,,,0,,,,,,,,,,,0,,0,,0,0,,,,,
Camacho_et_al_2024,BAK_2165_004,Surface Water,30.35180556,-82.12858333,,,EPA 1633,0,0,0,0,0,0,0,0,,,0,,,,,,,,,0,0,,,,,,,,,,,0,,,,,,,,,,,0,,0,,0,0,,,,,
Camacho_et_al_2024,BAK_2168_005,Surface Water,30.56119444,-82.26069444,,,EPA 1633,0,0,0,0,0,0,0,0,,,0,,,,,,,,,0,0,,,,,,,,,,,0,,,,,,,,,,,0,,0,,0,0,,,,,
Camacho_et_al_2024,BAK_2170_006,Surface Water,30.43286111,-82.23113889,,,EPA 1633,0,0,0,0,0,0,0,0,,,0,,,,,,,,,0,0,,,,,,,,,,,0,,,,,,,,,,,0,,0,,0,0,,,,,
Camacho_et_al_2024,BAK_2171_007,Surface Water,30.53575,-82.24727778,,,EPA 1633,0,0,0,0,0,0,0,0,,,0,,,,,,,,,0,0,,,,,,,,,,,0,,,,,,,,,,,0,,0,,0,0,,,,,
Camacho_et_al_2024,BAK_2174_008,Surface Water,30.54919444,-82.17175,,,EPA 1633,0,0,0,0,0,0,0,0,,,0,,,,,,,,,0,0,,,,,,,,,,,0,,,,,,,,,,,0,,0,,0,0,,,,,
Camacho_et_al_2024,BAK_2177_009,Surface Water,30.52438889,-82.23013889,,,EPA 1633,0,0,0,0,0,0,0,0,,,0,,,,,,,,,0,0,,,,,,,,,,,0,,,,,,,,,,,0,,0,,0,0,,,,,
Camacho_et_al_2024,BAK_2181_010,Surface Water,30.56669444,-82.23291667,,,EPA 1633,0,0,0,0,0,0,0,0,,,0,,,,,,,,,0,0,,,,,,,,,,,0,,,,,,,,,,,0,,0,,0,0,,,,,
Camacho_et_al_2024,BAY_1440_001,Surface Water,30.10622222,-85.60250556,,,EPA 1633,28.1,4.8,5.5,3.2,2.2,46,4.9,1.4,,,0,,,,,,,,,0,3.4,,,,,,,,,,,1.3,,,,,,,,,,,0,,0,,0,0,,,,,
Camacho_et_al_2024,BAY_1441_002,Surface Water,30.11785278,-85.59269722,,,EPA 1633,0.9,1.9,0,1.7,0.9,0,1.6,0,,,0,,,,,,,,,0,1.3,,,,,,,,,,,0,,,,,,,,,,,0,,0,,0,0,,,,,
Camacho_et_al_2024,BAY_1442_003,Surface Water,30.20626389,-85.70499722,,,EPA 1633,0,1.9,0,0,0,0,1.4,0,,,0,,,,,,,,,0,1.3,,,,,,,,,,,0,,,,,,,,,,,0,,0,,0,0,,,,,
Camacho_et_al_2024,BAY_1443_004,Surface Water,30.18889722,-85.71640833,,,EPA 1633,126,12.7,6.1,1.8,7,46,12.5,8.2,,,0,,,,,,,,,0,10.6,,,,,,,,,,,0,,,,,,,,,,,0,,0,,0,0,,,,,
Camacho_et_al_2024,BAY_1444_005,Surface Water,30.18847778,-85.72672222,,,EPA 1633,0,1.7,0,0,0,0,1.2,0,,,0,,,,,,,,,0,1.1,,,,,,,,,,,0,,,,,,,,,,,0,,0,,0,0,,,,,
Camacho_et_al_2024,BAY_1450_029,Surface Water,29.56286944,-85.24141944,,,EPA 1633,0,3.9,0,0,1.1,0,2.3,1.3,,,0,,,,,,,,,0,1.7,,,,,,,,,,,0,,,,,,,,,,,0,,0,,0,0,,,,,
Camacho_et_al_2024,BAY_1451_006,Surface Water,29.95395,-85.42448889,,,EPA 1633,0,2,0,0,0,0,1.4,0,,,0,,,,,,,,,0,1.1,,,,,,,,,,,0,,,,,,,,,,,0,,0,,0,0,,,,,
Camacho_et_al_2024,BAY_1452_007,Surface Water,29.96995278,-85.46450556,,,EPA 1633,0,1.7,0,0,0,0,1.4,0,,,0,,,,,,,,,0,0,,,,,,,,,,,0,,,,,,,,,,,0,,0,,0,0,,,,,
Camacho_et_al_2024,BAY_1593_008,Surface Water,30.316565,-85.76208,,,EPA 1633,0,0,0,0,0,0,0.9,0,,,0,,,,,,,,,0,1,,,,,,,,,,,0,,,,,,,,,,,0,,0,,0,0,,,,,
Camacho_et_al_2024,BAY_1594_009,Surface Water,30.254444,-85.646935,,,EPA 1633,0,0,0,0,0,0,1,0,,,0,,,,,,,,,0,1.1,,,,,,,,,,,0,,,,,,,,,,,0,,0,,0,0,,,,,
Camacho_et_al_2024,BAY_1595_010,Surface Water,30.252607,-85.61145,,,EPA 1633,0,0,0,0,0,0,0.9,0,,,0,,,,,,,,,0,0,,,,,,,,,,,0,,,,,,,,,,,0,,0,,0,0,,,,,
Camacho_et_al_2024,BAY_1596_011,Surface Water,30.293743,-85.583259,,,EPA 1633,0,0,0,0,0,0,0,0,,,0,,,,,,,,,0,1.1,,,,,,,,,,,0,,,,,,,,,,,0,,0,,0,0,,,,,
Camacho_et_al_2024,BAY_1597_012,Surface Water,30.133882,-85.508488,,,EPA 1633,0,0,0,0,0,0,1.1,0,,,0,,,,,,,,,0,1,,,,,,,,,,,0,,,,,,,,,,,0,,0,,0,0,,,,,
Camacho_et_al_2024,BAY_1598_013,Surface Water,30.126403,-85.529366,,,EPA 1633,0,1.7,0,0,0,0,1.2,0,,,0,,,,,,,,,0,1.3,,,,,,,,,,,0,,,,,,,,,,,0,,0,,0,0,,,,,
Camacho_et_al_2024,BAY_1599_014,Surface Water,30.136602,-85.569952,,,EPA 1633,0,4.3,0,0,0.9,7.8,3,1.3,,,0,,,,,,,,,0,3.4,,,,,,,,,,,0,,,,,,,,,,,0,,0,,0,0,,,,,
Camacho_et_al_2024,BAY_1600_015,Surface Water,30.105189,-85.604018,,,EPA 1633,0,0,0,0,0,0,1.1,0,,,0,,,,,,,,,0,1.2,,,,,,,,,,,0,,,,,,,,,,,0,,0,,0,0,,,,,
Camacho_et_al_2024,BAY_1601_016,Surface Water,30.135338,-85.606499,,,EPA 1633,1,3.3,0,0,0,7.9,2.6,0.8,,,0,,,,,,,,,0,2.6,,,,,,,,,,,0,,,,,,,,,,,0,,0,,0,0,,,,,
Camacho_et_al_2024,BAY_1602_017,Surface Water,30.150886,-85.660693,,,EPA 1633,0,1.9,0,0,0,0,1.2,0,,,0,,,,,,,,,0,1.2,,,,,,,,,,,0,,,,,,,,,,,0,,0,,0,0,,,,,
Camacho_et_al_2024,BAY_1603_018,Surface Water,30.198582,-85.705876,,,EPA 1633,0.2,2.6,0,0,0.9,0,1.8,0,,,0,,,,,,,,,0,1.6,,,,,,,,,,,0,,,,,,,,,,,0,,0,,0,0,,,,,
Camacho_et_al_2024,BAY_1604_019,Surface Water,30.18528,-85.733642,,,EPA 1633,0,0,0,0,0,0,0.9,0,,,0,,,,,,,,,0,0,,,,,,,,,,,0,,,,,,,,,,,0,,0,,0,0,,,,,
Camacho_et_al_2024,BAY_1605_020,Surface Water,30.13281,-85.731286,,,EPA 1633,0,1.7,0,0,0,0,1.1,0,,,0,,,,,,,,,0,1.1,,,,,,,,,,,0,,,,,,,,,,,0,,0,,0,0,,,,,
Camacho_et_al_2024,BAY_1606_021,Surface Water,30.151114,-85.757456,,,EPA 1633,2.9,4.3,0,2.2,1.5,0,2.8,1.2,,,0,,,,,,,,,0,3.1,,,,,,,,,,,0,,,,,,,,,,,0,,0,,0,0,,,,,
Camacho_et_al_2024,BAY_1630_023,Surface Water,30.21323333,-85.74376667,,,EPA 1633,0,0,0,0,0,0,0.9,0,,,0,,,,,,,,,0,0,,,,,,,,,,,0,,,,,,,,,,,0,,0,,0,0,,,,,
Camacho_et_al_2024,BAY_1631_024,Surface Water,30.21948333,-85.76283333,,,EPA 1633,0,1.6,0,0,0,0,0,0,,,0,,,,,,,,,0,0,,,,,,,,,,,0,,,,,,,,,,,0,,0,,0,0,,,,,
Camacho_et_al_2024,BAY_1632_025,Surface Water,30.22831667,-85.76695,,,EPA 1633,0,0,0,0,0,0,0.9,0,,,0,,,,,,,,,0,0,,,,,,,,,,,0,,,,,,,,,,,0,,0,,0,0,,,,,
Camacho_et_al_2024,BAY_1633_026,Surface Water,30.18225,-85.73466667,,,EPA 1633,0,0,0,0,0,0,0.9,0,,,0,,,,,,,,,0,0,,,,,,,,,,,0,,,,,,,,,,,0,,0,,0,0,,,,,
Camacho_et_al_2024,BAY_1634_027,Surface Water,30.21118333,-85.6985,,,EPA 1633,0,1.5,0,0,0,0,1,0,,,0,,,,,,,,,0,1.1,,,,,,,,,,,0,,,,,,,,,,,0,,0,,0,0,,,,,
Camacho_et_al_2024,BAY_1635_028,Surface Water,30.2545,-85.67806667,,,EPA 1633,0,0,0,0,0,0,0.9,0,,,0,,,,,,,,,0,1,,,,,,,,,,,0,,,,,,,,,,,0,,0,,0,0,,,,,
Camacho_et_al_2024,BAY_2185_033,Surface Water,30.29569,-85.85722,,,EPA 1633,0.8,0.8,0,0,0,0,0,0,,,0,,,,,,,,,0,0,,,,,,,,,,,0,,,,,,,,,,,0,,0,,0,0,,,,,
Camacho_et_al_2024,BAY_2186_034,Surface Water,30.31511,-85.81319,,,EPA 1633,1.7,0,0,0,0,0,0,0,,,0,,,,,,,,,0,0,,,,,,,,,,,0,,,,,,,,,,,0,,0,,0,0,,,,,
Camacho_et_al_2024,BAY_2187_035,Surface Water,30.43193,-85.54526,,,EPA 1633,0,0,0,0,0,0,0,0,,,0,,,,,,,,,0,0,,,,,,,,,,,0,,,,,,,,,,,0,,0,,0,0,,,,,
Camacho_et_al_2024,BAY_2423_036,Surface Water,30.2751767,-85.9880812,,,EPA 1633,2.7,2.7,0,0,0,0,3.1,0,,,0,,,,,,,,,0,1.8,,,,,,,,,,,0,,,,,,,,,,,0,,0,,0,0,,,,,
Camacho_et_al_2024,BAY_2424_037,Surface Water,30.392673,-85.681079,,,EPA 1633,0,0,0,0,0,0,0,0,,,0,,,,,,,,,0,0,,,,,,,,,,,0,,,,,,,,,,,0,,0,,0,0,,,,,
Camacho_et_al_2024,BAY_2519_038,Surface Water,30.269611,-85.981556,,,EPA 1633,0,3.8,0,0,0,0,0,0,,,0,,,,,,,,,0,1.8,,,,,,,,,,,0,,,,,,,,,,,0,,0,,0,0,,,,,
Camacho_et_al_2024,BAY_2520_039,Surface Water,30.251958,-85.935869,,,EPA 1633,3.1,3.7,0,0,0,0,0,0,,,0,,,,,,,,,0,0,,,,,,,,,,,0,,,,,,,,,,,0,,0,,0,0,,,,,
Camacho_et_al_2024,BAY_2521_040,Surface Water,30.277083,-85.988611,,,EPA 1633,0,4.4,0,0,0,0,0,0,,,0,,,,,,,,,0,1.9,,,,,,,,,,,0,,,,,,,,,,,0,,0,,0,0,,,,,
Camacho_et_al_2024,BAY_2568_041,Surface Water,30.03833,-85.48666,,,EPA 1633,0,1.9,0,0,0,0,0,0,,,0,,,,,,,,,0,1.2,,,,,,,,,,,0,,,,,,,,,,,0,,0,,0,0,,,,,
Camacho_et_al_2024,BAY_2569_042,Surface Water,30.085,-85.52666,,,EPA 1633,3.1,2.3,0,0,0,0,0,0,,,0,,,,,,,,,0,1.5,,,,,,,,,,,0,,,,,,,,,,,0,,0,,0,0,,,,,
Camacho_et_al_2024,BAY_2570_043,Surface Water,30.10833,-85.55833,,,EPA 1633,3.4,1.7,0,0,0,0,0,0,,,0,,,,,,,,,0,1.4,,,,,,,,,,,0,,,,,,,,,,,0,,0,,0,0,,,,,
Camacho_et_al_2024,BAY_2571_044,Surface Water,30.125,-85.63,,,EPA 1633,2.4,1.8,0,0,0,0,0,0,,,0,,,,,,,,,0,1,,,,,,,,,,,0,,,,,,,,,,,0,,0,,0,0,,,,,
Camacho_et_al_2024,BAY_2572_045,Surface Water,30.0099,-85.52675,,,EPA 1633,0,1.4,0,0,0,0,0,0,,,0,,,,,,,,,0,0,,,,,,,,,,,0,,,,,,,,,,,0,,0,,0,0,,,,,
Camacho_et_al_2024,BRA_0811_001,Surface Water,29.7732,-82.0781,,,EPA 1633,0,3.3,0,0,1,0,3.1,3.4,,,0,,,,,,,,,0,5.2,,,,,,,,,,,0,,,,,,,,,,,0,,0,,0,0,,,,,
Camacho_et_al_2024,BRA_1622_003,Surface Water,29.92197222,-82.17233333,,,EPA 1633,4.2,3.7,0,0,0.9,0,4.5,3.4,,,0,,,,,,,,,0,6.5,,,,,,,,,,,0,,,,,,,,,,,0,,0,,0,0,,,,,
Camacho_et_al_2024,BRA_1682_004,Surface Water,29.922,-82.17233333,,,EPA 1633,0,4,0,0,0.9,10.7,5,3.7,,,0,,,,,,,,,0,7.3,,,,,,,,,,,0,,,,,,,,,,,0,,0,,0,0,,,,,
Camacho_et_al_2024,BRA_2229_005,Surface Water,29.86414,-82.16156,,,EPA 1633,0,2.2,0,0,1.5,0,0,2.4,,,0,,,,,,,,,0,1.8,,,,,,,,,,,0,,,,,,,,,,,0,,0,,0,0,,,,,
Camacho_et_al_2024,BRE_0702_001,Surface Water,28.3575,-80.63611111,,,EPA 1633,7.1,4,6,0,0.3,21.3,6.8,5.9,,,0,,,,,,,,,0,3.5,,,,,,,,,,,0,,,,,,,,,,,0,,0,,0,0,,,,,
Camacho_et_al_2024,BRE_0703_002,Surface Water,28.33888889,-80.65138889,,,EPA 1633,7.7,4.3,5.9,0,0,20,7,6.2,,,0,,,,,,,,,0,2.6,,,,,,,,,,,0,,,,,,,,,,,0,,0,,0,0,,,,,
Camacho_et_al_2024,BRE_0704_003,Surface Water,28.35083333,-80.64888889,,,EPA 1633,9,4.5,6,0,0.3,22.2,7.6,5.9,,,0,,,,,,,,,0,2.5,,,,,,,,,,,0,,,,,,,,,,,0,,0,,0,0,,,,,
Camacho_et_al_2024,BRE_0705_004,Surface Water,28.13,-80.61611111,,,EPA 1633,7.9,3.7,0,0,0,16.5,5.8,5.1,,,0,,,,,,,,,0,2.2,,,,,,,,,,,0,,,,,,,,,,,0,,0,,0,0,,,,,
Camacho_et_al_2024,BRE_0706_005,Surface Water,28.17138889,-80.61472222,,,EPA 1633,9.3,4.5,0,0,0.5,17.8,11,5.5,,,0,,,,,,,,,0,2.7,,,,,,,,,,,0,,,,,,,,,,,0,,0,,0,0,,,,,
Camacho_et_al_2024,BRE_0707_006,Surface Water,28.20694444,-80.62888889,,,EPA 1633,9.3,5.1,6.8,0,0.7,22.5,7.3,7.9,,,0,,,,,,,,,0,3,,,,,,,,,,,0,,,,,,,,,,,0,,0,,0,0,,,,,
Camacho_et_al_2024,BRE_0708_007,Surface Water,28.44333333,-80.74166667,,,EPA 1633,0,2.2,0,0,0,0,0,2.8,,,0,,,,,,,,,0,0,,,,,,,,,,,0,,,,,,,,,,,0,,0,,0,0,,,,,
Camacho_et_al_2024,BRE_0709_008,Surface Water,28.59527778,-80.73,,,EPA 1633,4.6,0,0,0,0,0,0,0,,,0,,,,,,,,,0,0,,,,,,,,,,,0,,,,,,,,,,,0,,0,,0,0,,,,,
Camacho_et_al_2024,BRE_0710_009,Surface Water,28.54944444,-80.74222222,,,EPA 1633,3.5,1.7,0,0,0,0,0,2.3,,,0,,,,,,,,,0,0,,,,,,,,,,,0,,,,,,,,,,,0,,0,,0,0,,,,,
Camacho_et_al_2024,BRE_0711_010,Surface Water,28.70416667,-80.69944444,,,EPA 1633,0,1.1,0,0,0,0,0,0,,,0,,,,,,,,,0,0,,,,,,,,,,,0,,,,,,,,,,,0,,0,,0,0,,,,,
Camacho_et_al_2024,BRE_0712_011,Surface Water,28.74472222,-80.81416667,,,EPA 1633,0,1.4,0,0,0,0,0,0,,,0,,,,,,,,,0,0,,,,,,,,,,,0,,,,,,,,,,,0,,0,,0,0,,,,,
Camacho_et_al_2024,BRE_0716_012,Surface Water,28.13027778,-80.71138889,,,EPA 1633,0,2.8,0,0,0,0,0,0,,,0,,,,,,,,,0,4,,,,,,,,,,,0,,,,,,,,,,,0,,0,,0,0,,,,,
Camacho_et_al_2024,BRE_0717_013,Surface Water,28.11861111,-80.67138889,,,EPA 1633,2.9,3.1,0,0,0,0,0,0,,,0,,,,,,,,,0,3.7,,,,,,,,,,,0,,,,,,,,,,,0,,0,,0,0,,,,,
Camacho_et_al_2024,BRE_0718_014,Surface Water,28.07833333,-80.62916667,,,EPA 1633,16.9,13.5,7.1,4.4,13.6,20.9,14,27.4,,,0,,,,,,,,,0,5.5,,,,,,,,,,,0,,,,,,,,,,,0,,0,,0,0,,,,,
Camacho_et_al_2024,BRE_0719_015,Surface Water,28.13277778,-80.65472222,,,EPA 1633,3.8,4.1,0,0,0.3,13.4,0,3.7,,,0,,,,,,,,,0,0,,,,,,,,,,,0,,,,,,,,,,,0,,0,,0,0,,,,,
Camacho_et_al_2024,BRE_0720_016,Surface Water,28.23,-80.755,,,EPA 1633,3.4,3.7,0,0,0,0,0,0,,,0,,,,,,,,,0,0,,,,,,,,,,,0,,,,,,,,,,,0,,0,,0,0,,,,,
Camacho_et_al_2024,BRE_0721_017,Surface Water,28.3175,-80.74305556,,,EPA 1633,3.5,4,0,0,0,0,0,0,,,0,,,,,,,,,0,0,,,,,,,,,,,0,,,,,,,,,,,0,,0,,0,0,,,,,
Camacho_et_al_2024,BRE_0722_018,Surface Water,28.35055556,-80.815,,,EPA 1633,3.8,3.7,0,0,0.5,0,0,0,,,0,,,,,,,,,0,4.9,,,,,,,,,,,0,,,,,,,,,,,0,,0,,0,0,,,,,
Camacho_et_al_2024,BRE_0723_019,Surface Water,28.36916667,-80.87166667,,,EPA 1633,0,3.1,0,0,0,0,0,0,,,0,,,,,,,,,0,0,,,,,,,,,,,0,,,,,,,,,,,0,,0,,0,0,,,,,
Camacho_et_al_2024,BRE_0724_020,Surface Water,28.08472222,-80.75277778,,,EPA 1633,2.7,2.5,0,0,0,0,0,0,,,0,,,,,,,,,0,0,,,,,,,,,,,0,,,,,,,,,,,0,,0,,0,0,,,,,
Camacho_et_al_2024,BRE_0896_021,Surface Water,28.04472222,-80.55333333,,,EPA 1633,4.9,2.9,0,0,0.4,13.3,0,3.5,,,0,,,,,,,,,0,0,,,,,,,,,,,0,,,,,,,,,,,0,,0,,0,0,,,,,
Camacho_et_al_2024,BRE_0897_022,Surface Water,28.02972222,-80.58138889,,,EPA 1633,4.5,3.7,0,0,0.8,0,5.5,3.6,,,0,,,,,,,,,0,4.2,,,,,,,,,,,0,,,,,,,,,,,0,,0,,0,0,,,,,
Camacho_et_al_2024,BRE_0898_023,Surface Water,28.12444444,-80.62472222,,,EPA 1633,11.1,5.2,0,0,0.7,21.5,7,4.7,,,0,,,,,,,,,0,5.3,,,,,,,,,,,0,,,,,,,,,,,0,,0,,0,0,,,,,
Camacho_et_al_2024,BRE_0899_024,Surface Water,28.16277778,-80.66,,,EPA 1633,0,0,0,0,0,0,0,0,,,0,,,,,,,,,0,0,,,,,,,,,,,0,,,,,,,,,,,0,,0,,0,0,,,,,
Camacho_et_al_2024,BRE_0900_025,Surface Water,28.09555556,-80.57972222,,,EPA 1633,6.7,3.8,0,0,0,14.9,5.7,4.2,,,0,,,,,,,,,0,0,,,,,,,,,,,0,,,,,,,,,,,0,,0,,0,0,,,,,
Camacho_et_al_2024,BRE_0903_027,Surface Water,28.36861111,-80.685,,,EPA 1633,19.7,6.8,6.4,0,1.7,21.9,9.4,6.9,,,0,,,,,,,,,0,5.3,,,,,,,,,,,0,,,,,,,,,,,0,,0,,0,0,,,,,
Camacho_et_al_2024,BRE_0904_028,Surface Water,28.4775,-80.76833333,,,EPA 1633,16.8,4.2,0,4.1,1.5,17.2,5.3,4.8,,,0,,,,,,,,,0,0,,,,,,,,,,,0,,,,,,,,,,,0,,0,,0,0,,,,,
Camacho_et_al_2024,BRE_0906_030,Surface Water,28.44666667,-80.72055556,,,EPA 1633,7,4.8,0,0,0.5,0,7,4.6,,,0,,,,,,,,,0,0,,,,,,,,,,,0,,,,,,,,,,,0,,0,,0,0,,,,,
Camacho_et_al_2024,BRE_0907_031,Surface Water,28.405,-80.63916667,,,EPA 1633,16.5,5.5,6.6,0,1.4,26.4,8.6,8.8,,,0,,,,,,,,,0,4.7,,,,,,,,,,,0,,,,,,,,,,,0,,0,,0,0,,,,,
Camacho_et_al_2024,BRE_0908_032,Surface Water,28.40888889,-80.63166667,,,EPA 1633,7.2,3.1,0,0,0.5,15.8,4.3,4.5,,,0,,,,,,,,,0,0,,,,,,,,,,,0,,,,,,,,,,,0,,0,,0,0,,,,,
Camacho_et_al_2024,BRE_0909_033,Surface Water,28.395,-80.61861111,,,EPA 1633,10.1,6.7,0,0,1,25.3,9.6,8.1,,,0,,,,,,,,,0,0,,,,,,,,,,,0,,,,,,,,,,,0,,0,,0,0,,,,,
Camacho_et_al_2024,BRE_0910_034,Surface Water,28.13611111,-80.60527778,,,EPA 1633,14.6,4.3,6.2,4,1.6,16.7,0,4.4,,,0,,,,,,,,,0,0,,,,,,,,,,,0,,,,,,,,,,,0,,0,,0,0,,,,,
Camacho_et_al_2024,BRE_1722_035,Surface Water,28.4021224,-80.662701,,,EPA 1633,15.1,6.4,0,0,0,28.4,8.7,7.8,,,0,,,,,,,,,0,0,,,,,,,,,,,0,,,,,,,,,,,0,,0,,0,0,,,,,
Camacho_et_al_2024,BRE_1723_036,Surface Water,28.4034436,-80.6615815,,,EPA 1633,11.7,5.3,6.3,0,1,23.1,8.1,6.5,,,0,,,,,,,,,0,3.5,,,,,,,,,,,0,,,,,,,,,,,0,,0,,0,0,,,,,
Camacho_et_al_2024,BRE_1724_037,Surface Water,28.4089708,-80.6196472,,,EPA 1633,0,0,0,0,0,0,0,0,,,0,,,,,,,,,0,0,,,,,,,,,,,0,,,,,,,,,,,0,,0,,0,0,,,,,
Camacho_et_al_2024,BRE_1725_038,Surface Water,28.4084963,-80.594707,,,EPA 1633,0,0,0,0,0,0,0,0,,,0,,,,,,,,,0,0,,,,,,,,,,,0,,,,,,,,,,,0,,0,,0,0,,,,,
Camacho_et_al_2024,BRE_1726_039,Surface Water,28.3914325,-80.5952596,,,EPA 1633,0,0,0,0,0,0,0,0,,,0,,,,,,,,,0,0,,,,,,,,,,,0,,,,,,,,,,,0,,0,,0,0,,,,,
Camacho_et_al_2024,BRE_1727_040,Surface Water,28.3950468,-80.6195161,,,EPA 1633,33.6,7.2,8.7,5.8,2.7,28.9,9,7.5,,,0,,,,,,,,,0,0,,,,,,,,,,,0,,,,,,,,,,,0,,0,,0,0,,,,,
Camacho_et_al_2024,BRE_1728_041,Surface Water,28.3814315,-80.6089958,,,EPA 1633,14,5.8,6.1,0,1,21.9,7.9,7,,,0,,,,,,,,,0,3.5,,,,,,,,,,,0,,,,,,,,,,,0,,0,,0,0,,,,,
Camacho_et_al_2024,BRE_1729_042,Surface Water,28.3593104,-80.6221872,,,EPA 1633,10.2,5.5,6.7,0,1.1,29,9.9,6.6,,,0,,,,,,,,,0,5,,,,,,,,,,,0,,,,,,,,,,,0,,0,,0,0,,,,,
Camacho_et_al_2024,BRE_1730_043,Surface Water,28.3488286,-80.6118229,,,EPA 1633,38.8,6.3,7.4,5.2,3.1,27.6,8.3,7.7,,,0,,,,,,,,,0,4.4,,,,,,,,,,,0,,,,,,,,,,,0,,0,,0,0,,,,,
Camacho_et_al_2024,BRE_1731_044,Surface Water,28.3235581,-80.6071947,,,EPA 1633,0,0,0,0,0,0,0,0,,,0,,,,,,,,,0,0,,,,,,,,,,,0,,,,,,,,,,,0,,0,,0,0,,,,,
Camacho_et_al_2024,BRE_1732_045,Surface Water,28.3134185,-80.6335424,,,EPA 1633,9.6,6.1,6,0,0.7,24.5,8.3,7.2,,,0,,,,,,,,,0,3.7,,,,,,,,,,,0,,,,,,,,,,,0,,0,,0,0,,,,,
Camacho_et_al_2024,BRE_1736_048,Surface Water,28.2927073,-80.6162019,,,EPA 1633,10.5,5.9,6.4,0,1,25.5,9.4,7.3,,,0,,,,,,,,,0,5.4,,,,,,,,,,,0,,,,,,,,,,,0,,0,,0,0,,,,,
Camacho_et_al_2024,BRE_1737_049,Surface Water,28.2732317,-80.0058456,,,EPA 1633,0,0,0,0,0,0,0,0,,,0,,,,,,,,,0,0,,,,,,,,,,,0,,,,,,,,,,,0,,0,,0,0,,,,,
Camacho_et_al_2024,BRE_1738_050,Surface Water,28.2591602,-80.6039321,,,EPA 1633,4.4,0,0,0,0,0,0,0,,,0,,,,,,,,,0,0,,,,,,,,,,,0,,,,,,,,,,,0,,0,,0,0,,,,,
Camacho_et_al_2024,BRE_1739_051,Surface Water,28.2146551,-80.5970187,,,EPA 1633,5.3,1.7,0,0,0,0,0,0,,,0,,,,,,,,,0,0,,,,,,,,,,,0,,,,,,,,,,,0,,0,,0,0,,,,,
Camacho_et_al_2024,BRE_1740_052,Surface Water,28.1930728,-80.6105465,,,EPA 1633,12.3,5.8,6.1,0,1.1,23,7.5,6.7,,,0,,,,,,,,,0,3.9,,,,,,,,,,,0,,,,,,,,,,,0,,0,,0,0,,,,,
Camacho_et_al_2024,BRE_1741_053,Surface Water,28.1832435,-80.6105116,,,EPA 1633,11.4,5.2,7.5,0,1.1,20.4,8.6,6.1,,,0,,,,,,,,,0,0,,,,,,,,,,,0,,,,,,,,,,,0,,0,,0,0,,,,,
Camacho_et_al_2024,BRE_1742_054,Surface Water,28.1647322,-80.5862638,,,EPA 1633,0,0,0,0,0,0,0,0,,,0,,,,,,,,,0,0,,,,,,,,,,,0,,,,,,,,,,,0,,0,,0,0,,,,,
Camacho_et_al_2024,BRE_1743_055,Surface Water,28.1225739,-80.5752235,,,EPA 1633,0,0,0,0,0,0,0,0,,,0,,,,,,,,,0,0,,,,,,,,,,,0,,,,,,,,,,,0,,0,,0,0,,,,,
Camacho_et_al_2024,BRE_1744_056,Surface Water,28.056245,-80.5508264,,,EPA 1633,0,0,0,0,0,0,0,0,,,0,,,,,,,,,0,0,,,,,,,,,,,0,,,,,,,,,,,0,,0,,0,0,,,,,
Camacho_et_al_2024,BRE_1745_057,Surface Water,28.0476849,-80.5470348,,,EPA 1633,0,1.2,0,0,0,0,0,0,,,0,,,,,,,,,0,0,,,,,,,,,,,0,,,,,,,,,,,0,,0,,0,0,,,,,
Camacho_et_al_2024,BRE_1746_058,Surface Water,27.9875788,-80.5246011,,,EPA 1633,13,3.8,6.8,0,0.6,18.3,5.5,4.7,,,0,,,,,,,,,0,2.6,,,,,,,,,,,0,,,,,,,,,,,0,,0,,0,0,,,,,
Camacho_et_al_2024,BRE_1747_059,Surface Water,28.0428536,-80.5532324,,,EPA 1633,11,5.4,6.8,0,0.7,19.2,7,5.5,,,0,,,,,,,,,0,3.8,,,,,,,,,,,0,,,,,,,,,,,0,,0,,0,0,,,,,
Camacho_et_al_2024,BRE_1748_060,Surface Water,28.0671137,-80.5655648,,,EPA 1633,13.5,5.1,8.2,0,1,21.2,6.6,5.5,,,0,,,,,,,,,0,4.2,,,,,,,,,,,0,,,,,,,,,,,0,,0,,0,0,,,,,
Camacho_et_al_2024,BRE_1749_061,Surface Water,28.0884578,-80.5788652,,,EPA 1633,13.6,5.6,6.6,0,1.3,20.6,6.3,5.6,,,0,,,,,,,,,0,3.7,,,,,,,,,,,0,,,,,,,,,,,0,,0,,0,0,,,,,
Camacho_et_al_2024,BRE_1750_062,Surface Water,28.0813619,-80.5975937,,,EPA 1633,13.9,5.2,0,0,1.3,23.3,7.7,6.3,,,0,,,,,,,,,0,5.4,,,,,,,,,,,0,,,,,,,,,,,0,,0,,0,0,,,,,
Camacho_et_al_2024,BRE_1751_063,Surface Water,28.0709381,-80.6036026,,,EPA 1633,10.5,6.8,6.5,0,1.6,17.9,9.3,7.4,,,0,,,,,,,,,0,5.2,,,,,,,,,,,0,,,,,,,,,,,0,,0,,0,0,,,,,
Camacho_et_al_2024,BRE_1752_064,Surface Water,28.0404064,-80.5802117,,,EPA 1633,8.5,4.3,0,0,0,18.2,6.8,5.6,,,0,,,,,,,,,0,3.2,,,,,,,,,,,0,,,,,,,,,,,0,,0,,0,0,,,,,
Camacho_et_al_2024,BRE_1753_065,Surface Water,27.9756257,-80.5478193,,,EPA 1633,4.5,2.2,5.8,0,0,12.6,3.5,3.1,,,0,,,,,,,,,0,0,,,,,,,,,,,0,,,,,,,,,,,0,,0,,0,0,,,,,
Camacho_et_al_2024,BRE_1754_066,Surface Water,28.1243351,-80.6240487,,,EPA 1633,9.7,4.9,6.5,0,0.5,22.3,7.9,5.6,,,0,,,,,,,,,0,5.4,,,,,,,,,,,0,,,,,,,,,,,0,,0,,0,0,,,,,
Camacho_et_al_2024,BRE_1755_067,Surface Water,28.1324482,-80.62582,,,EPA 1633,8.6,4.6,0,0,0.4,21,8,5.9,,,0,,,,,,,,,0,0,,,,,,,,,,,0,,,,,,,,,,,0,,0,,0,0,,,,,
Camacho_et_al_2024,BRE_1757_068,Surface Water,28.1386626,-80.6013002,,,EPA 1633,8.8,4.8,0,0,0.8,19.7,5.9,5.7,,,0,,,,,,,,,0,3.6,,,,,,,,,,,0,,,,,,,,,,,0,,0,,0,0,,,,,
Camacho_et_al_2024,BRE_1758_069,Surface Water,28.1494054,-80.6048816,,,EPA 1633,41.5,7.1,6.3,4.4,3.3,24.3,7.7,6.1,,,0,,,,,,,,,0,3.9,,,,,,,,,,,0,,,,,,,,,,,0,,0,,0,0,,,,,
Camacho_et_al_2024,BRE_1759_070,Surface Water,28.1719839,-80.6212508,,,EPA 1633,16.5,5.4,6.5,0,1.3,20.1,7.8,6.2,,,0,,,,,,,,,0,4.5,,,,,,,,,,,0,,,,,,,,,,,0,,0,,0,0,,,,,
Camacho_et_al_2024,BRE_1760_071,Surface Water,28.195703,-80.6335763,,,EPA 1633,20.2,5.8,6.8,0,1.5,22.3,8.2,6.4,,,0,,,,,,,,,0,4.4,,,,,,,,,,,0,,,,,,,,,,,0,,0,,0,0,,,,,
Camacho_et_al_2024,BRE_1761_072,Surface Water,28.2083076,-80.6350619,,,EPA 1633,10.9,5.5,0,0,0.8,21.6,8.1,6.8,,,0,,,,,,,,,0,0,,,,,,,,,,,0,,,,,,,,,,,0,,0,,0,0,,,,,
Camacho_et_al_2024,BRE_1762_073,Surface Water,28.2081821,-80.6625609,,,EPA 1633,0,6,0,0,0.8,0,0,0,,,0,,,,,,,,,0,0,,,,,,,,,,,0,,,,,,,,,,,0,,0,,0,0,,,,,
Camacho_et_al_2024,BRE_1763_074,Surface Water,28.229442,-80.6711731,,,EPA 1633,6.9,4.4,6.2,0,0.6,17.2,5.4,4.7,,,0,,,,,,,,,0,0,,,,,,,,,,,0,,,,,,,,,,,0,,0,,0,0,,,,,
Camacho_et_al_2024,BRE_1764_075,Surface Water,28.2717975,-80.688244,,,EPA 1633,6.9,4.2,6.1,0,0.6,17.8,0,4.7,,,0,,,,,,,,,0,4.2,,,,,,,,,,,0,,,,,,,,,,,0,,0,,0,0,,,,,
Camacho_et_al_2024,BRE_1765_076,Surface Water,28.3548635,-80.7222782,,,EPA 1633,8.5,4.2,0,0,0.9,0,0,4.1,,,0,,,,,,,,,0,2.9,,,,,,,,,,,0,,,,,,,,,,,0,,0,,0,0,,,,,
Camacho_et_al_2024,BRE_2429_083,Surface Water,28.22861,-80.76055,,,EPA 1633,6.4,37.9,0,3.8,3.1,12.8,102.7,11.8,,,0,,,,,,,,,0,44.3,,,,,,,,,,,0,,,,,,,,,,,0,,0,,0,0,,,,,
Camacho_et_al_2024,BRE_2430_084,Surface Water,28.1475,-80.73416,,,EPA 1633,0,2.9,0,0,0,0,0,0,,,0,,,,,,,,,0,5.8,,,,,,,,,,,0,,,,,,,,,,,0,,0,,0,0,,,,,
Camacho_et_al_2024,BRE_2431_085,Surface Water,28.32888,-80.77944,,,EPA 1633,9.9,9.6,0,0,0,9.8,7.3,7.3,,,0,,,,,,,,,0,7.6,,,,,,,,,,,0,,,,,,,,,,,0,,0,,0,0,,,,,
Camacho_et_al_2024,BRE_2432_086,Surface Water,28.60555,-80.96194,,,EPA 1633,0,3.1,0,0,0,0,0,0,,,0,,,,,,,,,0,4.7,,,,,,,,,,,0,,,,,,,,,,,0,,0,,0,0,,,,,
Camacho_et_al_2024,BRE_2433_087,Surface Water,28.770556,-80.845833,,,EPA 1633,19.1,7,0,1.4,3.9,7.5,6.2,5.8,,,0,,,,,,,,,0,3.6,,,,,,,,,,,0,,,,,,,,,,,0,,0,,0,0,,,,,
Camacho_et_al_2024,BRE_2434_088,Surface Water,28.756111,-80.766111,,,EPA 1633,6.6,3.7,0,0,1.9,7.3,4.2,3.1,,,0,,,,,,,,,0,3.3,,,,,,,,,,,0,,,,,,,,,,,0,,0,,0,0,,,,,
Camacho_et_al_2024,BRE_2435_089,Surface Water,28.625556,-80.791667,,,EPA 1633,8.5,4.7,0,0,0,10,5.9,5.1,,,0,,,,,,,,,0,4.9,,,,,,,,,,,0,,,,,,,,,,,0,,0,,0,0,,,,,
Camacho_et_al_2024,BRE_2436_090,Surface Water,28.578889,-80.799444,,,EPA 1633,17.6,4.9,0,0,0,10.5,7.1,6.5,,,0,,,,,,,,,0,4.8,,,,,,,,,,,0,,,,,,,,,,,0,,0,,0,0,,,,,
Camacho_et_al_2024,BRE_2437_091,Surface Water,28.677778,-80.826389,,,EPA 1633,45.6,6.8,0,4.3,4,13,5.8,4.9,,,0,,,,,,,,,0,3.8,,,,,,,,,,,1.5,,,,,,,,,,,0,,0,,0,0,,,,,
Camacho_et_al_2024,BRE_2438_092,Surface Water,28.586389,-80.8575,,,EPA 1633,0,3.3,0,0,0,6.4,0,0,,,0,,,,,,,,,0,0,,,,,,,,,,,0,,,,,,,,,,,0,,0,,0,0,,,,,
Camacho_et_al_2024,BRE_2482_093,Surface Water,27.884203,-80.503084,,,EPA 1633,8,2.1,0,1.3,1.9,0,0,0,,,0,,,,,,,,,0,1.9,,,,,,,,,,,0,,,,,,,,,,,0,,0,,0,0,,,,,
Camacho_et_al_2024,BRE_2483_094,Surface Water,27.863092,-80.532347,,,EPA 1633,0,3,0,0.9,0,0,0,0,,,0,,,,,,,,,0,0,,,,,,,,,,,0,,,,,,,,,,,0,,0,,0,0,,,,,
Camacho_et_al_2024,BRE_2484_095,Surface Water,27.827292,-80.559117,,,EPA 1633,0,1.8,0,0,0,0,0,0,,,0,,,,,,,,,0,0,,,,,,,,,,,0,,,,,,,,,,,0,,0,,0,0,,,,,
Camacho_et_al_2024,BRE_2573_096,Surface Water,28.54334,-80.86017,,,EPA 1633,3.4,5.7,0,0,0,0,8,0,,,0,,,,,,,,,0,2,,,,,,,,,,,0,,,,,,,,,,,0,,0,,0,0,,,,,
Camacho_et_al_2024,BRE_2574_097,Surface Water,28.35855,-80.67843,,,EPA 1633,3.1,2.5,0,0,0,4.9,0,0,,,0,,,,,,,,,0,2.6,,,,,,,,,,,0,,,,,,,,,,,0,,0,,0,0,,,,,
Camacho_et_al_2024,BRE_2625_100,Surface Water,28.70582,-80.72024,,,EPA 1633,4.2,3.2,0,0,0,6.4,0,0,,,0,,,,,,,,,0,2.3,,,,,,,,,,,0,,,,,,,,,,,0,,0,,0,0,,,,,
Camacho_et_al_2024,BRO_0346_001,Surface Water,26.31138889,-80.15444444,,,EPA 1633,0,5.3,0,0,1.4,0,8.3,3.7,,,0,,,,,,,,,0,3.1,,,,,,,,,,,0,,,,,,,,,,,0,,0,,0,0,,,,,
Camacho_et_al_2024,BRO_0395_002,Surface Water,26.0425,-80.1194,,,EPA 1633,0,2.1,0,0,1,0,2.1,0.7,,,0,,,,,,,,,0,1.4,,,,,,,,,,,0,,,,,,,,,,,0,,0,,0,0,,,,,
Camacho_et_al_2024,BRO_0396_003,Surface Water,26.071,-80.334,,,EPA 1633,0,4.8,0,0,1.3,0,4,1.8,,,0,,,,,,,,,0,5,,,,,,,,,,,0,,,,,,,,,,,0,,0,,0,0,,,,,
Camacho_et_al_2024,BRO_0397_004,Surface Water,26.0622,-80.4377,,,EPA 1633,0,2.4,0,0,0,0,2.4,1.3,,,0,,,,,,,,,0,1.7,,,,,,,,,,,0,,,,,,,,,,,0,,0,,0,0,,,,,
Camacho_et_al_2024,BRO_0398_005,Surface Water,26.1304,-80.3614,,,EPA 1633,0,1.8,0,0,0,0,1.7,0.6,,,0,,,,,,,,,0,0,,,,,,,,,,,0,,,,,,,,,,,0,,0,,0,0,,,,,
Camacho_et_al_2024,BRO_0399_006,Surface Water,26.1052,-80.4176,,,EPA 1633,0,2.1,0,0,0,0,2.1,0.7,,,0,,,,,,,,,0,1.7,,,,,,,,,,,0,,,,,,,,,,,0,,0,,0,0,,,,,
Camacho_et_al_2024,BRO_0400_007,Surface Water,26.0686,-80.169,,,EPA 1633,13.2,5.9,5.7,1.8,3.5,12.4,8.8,4.6,,,0,,,,,,,,,0,4.2,,,,,,,,,,,1.6,,,,,,,,,,,0,,0,,0,0,,,,,
Camacho_et_al_2024,BRO_0401_008,Surface Water,26.1034,-80.2649,,,EPA 1633,0,2.1,0,0,0,0,2.6,0.7,,,0,,,,,,,,,0,0,,,,,,,,,,,0,,,,,,,,,,,0,,0,,0,0,,,,,
Camacho_et_al_2024,BRO_0419_009,Surface Water,26.0803,-80.2336,,,EPA 1633,0,4.2,0,1.8,1.3,0,4.4,1.3,,,0,,,,,,,,,0,2.5,,,,,,,,,,,0,,,,,,,,,,,0,,0,,0,0,,,,,
Camacho_et_al_2024,BRO_0425_010,Surface Water,26.3069,-80.118,,,EPA 1633,0.8,3.6,0,1.8,1,0,4,1.4,,,0,,,,,,,,,0,2.6,,,,,,,,,,,0,,,,,,,,,,,0,,0,,0,0,,,,,
Camacho_et_al_2024,BRO_0426_011,Surface Water,26.3179,-80.1548,,,EPA 1633,0.2,7,0,1.5,1.7,0,10.5,5.3,,,0,,,,,,,,,0,3.6,,,,,,,,,,,0,,,,,,,,,,,0,,0,,0,0,,,,,
Camacho_et_al_2024,BRO_0700_012,Surface Water,26.314729,-80.074917,,,EPA 1633,0,0,0,0,0,0,1.1,0,,,0,,,,,,,,,0,0,,,,,,,,,,,0,,,,,,,,,,,0,,0,,0,0,,,,,
Camacho_et_al_2024,BRO_0701_013,Surface Water,26.313183,-80.081884,,,EPA 1633,4.4,4.5,0,2.2,1.5,0,4.2,1.7,,,0,,,,,,,,,0,2.8,,,,,,,,,,,0,,,,,,,,,,,0,,0,,0,0,,,,,
Camacho_et_al_2024,BRO_0738_014,Surface Water,26.317537,-80.117888,,,EPA 1633,2.4,6.5,4.8,0,1.4,8.2,6.5,3.3,,,0,,,,,,,,,0,5,,,,,,,,,,,0,,,,,,,,,,,0,,0,,0,0,,,,,
Camacho_et_al_2024,BRO_0739_015,Surface Water,26.300691,-80.079786,,,EPA 1633,0.1,3.4,0,0,1.1,0,3.2,1.6,,,0,,,,,,,,,0,2.8,,,,,,,,,,,0,,,,,,,,,,,0,,0,,0,0,,,,,
Camacho_et_al_2024,BRO_0740_016,Surface Water,26.31634,-80.075105,,,EPA 1633,0,0,0,0,0,0,0.9,0,,,0,,,,,,,,,0,1,,,,,,,,,,,0,,,,,,,,,,,0,,0,,0,0,,,,,
Camacho_et_al_2024,BRO_0750_017,Surface Water,26.01555556,-80.35027778,,,EPA 1633,0,3.8,0,0,0.9,0,4.7,1.8,,,0,,,,,,,,,0,2.7,,,,,,,,,,,0,,,,,,,,,,,0,,0,,0,0,,,,,
Camacho_et_al_2024,BRO_0752_019,Surface Water,26.06444444,-80.16388889,,,EPA 1633,1135.2,52.9,85,8,351.8,364.7,129.3,43.5,,,0.7,,,,,,,,,53.5,36.7,,,,,,,,,,,114.3,,,,,,,,,,,5.4,,0,,0,0,,,,,
Camacho_et_al_2024,BRO_0753_020,Surface Water,26.01416667,-80.29916667,,,EPA 1633,0,4.5,4.7,1.6,1.5,0,6.6,3.6,,,0,,,,,,,,,0,3.9,,,,,,,,,,,1.1,,,,,,,,,,,0,,0,,0,0,,,,,
Camacho_et_al_2024,BRO_0754_021,Surface Water,26.14694444,-80.57416667,,,EPA 1633,0,1.9,0,0,0,0,2,0.7,,,0,,,,,,,,,0,3.8,,,,,,,,,,,0,,,,,,,,,,,0,,0,,0,0,,,,,
Camacho_et_al_2024,BRO_0922_022,Surface Water,26.117,-80.12861111,,,EPA 1633,0,3.8,0,0,1,0,4.4,2.3,,,0,,,,,,,,,0,2.8,,,,,,,,,,,0,,,,,,,,,,,0,,0,,0,0,,,,,
Camacho_et_al_2024,BRO_0923_023,Surface Water,26.06530556,-80.11330556,,,EPA 1633,0,2.9,0,0,1.3,0,4.2,4,,,0,,,,,,,,,0,1.8,,,,,,,,,,,0,,,,,,,,,,,0,,0,,0,0,,,,,
Camacho_et_al_2024,BRO_0924_024,Surface Water,26.05969444,-80.15288889,,,EPA 1633,6.8,6.5,5.2,1.8,1.8,10.1,7,3.2,,,0,,,,,,,,,0,5.3,,,,,,,,,,,0,,,,,,,,,,,0,,0,,0,0,,,,,
Camacho_et_al_2024,BRO_0925_025,Surface Water,26.06761111,-80.18219444,,,EPA 1633,2.8,5.2,0,1.8,1.6,0,6.6,3.2,,,0,,,,,,,,,0,3.4,,,,,,,,,,,0,,,,,,,,,,,0,,0,,0,0,,,,,
Camacho_et_al_2024,BRO_0926_026,Surface Water,26.04980556,-80.15488889,,,EPA 1633,8.3,6.8,4.7,2,1.7,11.1,7.1,3.2,,,0,,,,,,,,,0,5.2,,,,,,,,,,,1.2,,,,,,,,,,,0,,0,,0,0,,,,,
Camacho_et_al_2024,BRO_0927_027,Surface Water,26.01280556,-80.11819444,,,EPA 1633,0,2.8,0,0,1,0,3.2,1,,,0,,,,,,,,,0,1.9,,,,,,,,,,,0,,,,,,,,,,,0,,0,,0,0,,,,,
Camacho_et_al_2024,BRO_0928_028,Surface Water,26.00880556,-80.23319444,,,EPA 1633,1.2,5.1,0,1.5,1.8,0,10.6,5.7,,,0,,,,,,,,,0,2.1,,,,,,,,,,,0,,,,,,,,,,,0,,0,,0,0,,,,,
Camacho_et_al_2024,BRO_1064_029,Surface Water,26.040956,-80.351184,,,EPA 1633,0.1,7.4,0,2.1,2,0,10.1,6.2,,,0,,,,,,,,,0,4.2,,,,,,,,,,,0,,,,,,,,,,,0,,0,,0,0,,,,,
Camacho_et_al_2024,BRO_1065_030,Surface Water,26.044912,-80.345378,,,EPA 1633,1.3,9.2,0,2.7,2.6,8.7,16.5,13.3,,,0,,,,,,,,,0,3.5,,,,,,,,,,,0,,,,,,,,,,,0,,0,,0,0,,,,,
Camacho_et_al_2024,BRO_1066_031,Surface Water,26.059882,-80.166774,,,EPA 1633,0,3.2,0,2,1.3,0,4.7,1.4,,,0,,,,,,,,,0,0,,,,,,,,,,,0,,,,,,,,,,,0,,0,,0,0,,,,,
Camacho_et_al_2024,BRO_1067_032,Surface Water,26.098889,-80.444644,,,EPA 1633,3,4.3,0,1.9,1.3,0,4.3,2,,,0,,,,,,,,,0,3.9,,,,,,,,,,,0,,,,,,,,,,,0,,0,,0,0,,,,,
Camacho_et_al_2024,BRO_1068_033,Surface Water,26.061179,-80.444644,,,EPA 1633,0,2,0,0,0,0,2.5,1,,,0,,,,,,,,,0,1.9,,,,,,,,,,,0,,,,,,,,,,,0,,0,,0,0,,,,,
Camacho_et_al_2024,BRO_1069_034,Surface Water,26.043969,-80.316184,,,EPA 1633,0,3.5,0,0,0.9,0,3.6,1.3,,,0,,,,,,,,,0,3.4,,,,,,,,,,,0,,,,,,,,,,,0,,0,,0,0,,,,,
Camacho_et_al_2024,BRO_1070_035,Surface Water,25.998431,-80.330448,,,EPA 1633,0,4.5,0,0,1,0,4.5,1.9,,,0,,,,,,,,,0,3.3,,,,,,,,,,,0,,,,,,,,,,,0,,0,,0,0,,,,,
Camacho_et_al_2024,BRO_1179_036,Surface Water,26.053087,-80.247601,,,EPA 1633,0,2.5,0,1.6,0.8,0,4.1,2.4,,,0,,,,,,,,,0,1.4,,,,,,,,,,,0,,,,,,,,,,,0,,0,,0,0,,,,,
Camacho_et_al_2024,BRO_1180_037,Surface Water,26.104503,-80.395331,,,EPA 1633,0,2.6,0,0,0.9,0,3.1,1,,,0,,,,,,,,,0,2.1,,,,,,,,,,,0,,,,,,,,,,,0,,0,,0,0,,,,,
Camacho_et_al_2024,BRO_1181_038,Surface Water,26.039331,-80.200731,,,EPA 1633,0,5.6,0,0,1.2,8.8,11.2,5.5,,,0,,,,,,,,,0,3.7,,,,,,,,,,,0,,,,,,,,,,,0,,0,,0,0,,,,,
Camacho_et_al_2024,BRO_1182_039,Surface Water,26.129752,-80.358025,,,EPA 1633,0,1.8,0,0,0,0,1.7,0,,,0,,,,,,,,,0,0,,,,,,,,,,,0,,,,,,,,,,,0,,0,,0,0,,,,,
Camacho_et_al_2024,BRO_1183_040,Surface Water,26.051986,-80.215893,,,EPA 1633,0.8,6.1,4.7,0,1.1,0,5.5,2.5,,,0,,,,,,,,,0,6.1,,,,,,,,,,,0,,,,,,,,,,,0,,0,,0,0,,,,,
Camacho_et_al_2024,BRO_1540_041,Surface Water,26.32211667,-80.09659722,,,EPA 1633,4.5,5.1,0,1.8,1.4,0,4.2,2.2,,,0,,,,,,,,,0,3.6,,,,,,,,,,,0,,,,,,,,,,,0,,0,,0,0,,,,,
Camacho_et_al_2024,BRO_1636_042,Surface Water,26.025467,-80.412833,,,EPA 1633,0,0,0,0,0,0,0,0,,,0,,,,,,,,,0,0,,,,,,,,,,,0,,,,,,,,,,,0,,0,,0,0,,,,,
Camacho_et_al_2024,BRO_1936_043,Surface Water,26.178,-80.44694444,,,EPA 1633,0,1.7,0,0,0,0,2,0,,,0,,,,,,,,,0,1.7,,,,,,,,,,,0,,,,,,,,,,,0,,0,,0,0,,,,,
Camacho_et_al_2024,BRO_1938_044,Surface Water,26.33305556,-80.77591667,,,EPA 1633,0,1.9,0,0,0,0,2,0.7,,,0,,,,,,,,,0,1.8,,,,,,,,,,,0,,,,,,,,,,,0,,0,,0,0,,,,,
Camacho_et_al_2024,BRO_1939_045,Surface Water,26.33147222,-80.88019444,,,EPA 1633,0,1.5,0,0,0,0,1.2,0,,,0,,,,,,,,,0,0,,,,,,,,,,,0,,,,,,,,,,,0,,0,,0,0,,,,,
Camacho_et_al_2024,BRO_1940_046,Surface Water,26.14747222,-80.63091667,,,EPA 1633,0,1.8,0,0,0,0,2.1,0.6,,,0,,,,,,,,,0,1.6,,,,,,,,,,,0,,,,,,,,,,,0,,0,,0,0,,,,,
Camacho_et_al_2024,BRO_1942_047,Surface Water,26.14855556,-80.71727778,,,EPA 1633,0,2,0,0,0,0,1.5,0,,,0,,,,,,,,,0,1.8,,,,,,,,,,,0,,,,,,,,,,,0,,0,,0,0,,,,,
Camacho_et_al_2024,BRO_2249_053,Surface Water,26.30124,-80.26268,,,EPA 1633,1.6,2.4,0,0,0,0,4,0,,,0,,,,,,,,,0,3,,,,,,,,,,,0,,,,,,,,,,,0,,0,,0,0,,,,,
Camacho_et_al_2024,BRO_2250_054,Surface Water,26.11925,-80.10801,,,EPA 1633,5.3,3,0,0.8,0,0,4.7,0,,,0,,,,,,,,,0,2.6,,,,,,,,,,,0,,,,,,,,,,,0,,0,,0,0,,,,,
Camacho_et_al_2024,BRO_2251_055,Surface Water,26.16134,-80.09906,,,EPA 1633,0,0.5,0,0,0,0,1.5,0,,,0,,,,,,,,,0,0,,,,,,,,,,,0,,,,,,,,,,,0,,0,,0,0,,,,,
Camacho_et_al_2024,BRO_2252_056,Surface Water,26.22987,-80.29744,,,EPA 1633,1.7,2.7,0,0,0,0,5.3,0,,,0,,,,,,,,,0,3.5,,,,,,,,,,,0,,,,,,,,,,,0,,0,,0,0,,,,,
Camacho_et_al_2024,BRO_2253_057,Surface Water,26.16343,-80.1356,,,EPA 1633,5.4,4.2,0,0.8,1.5,0,6.8,3.6,,,0,,,,,,,,,0,3.2,,,,,,,,,,,0,,,,,,,,,,,0,,0,,0,0,,,,,
Camacho_et_al_2024,BRO_2254_058,Surface Water,26.15384,-80.12872,,,EPA 1633,5.8,4.8,0,0.9,1.8,0,6.1,4.1,,,0,,,,,,,,,0,3.6,,,,,,,,,,,0,,,,,,,,,,,0,,0,,0,0,,,,,
Camacho_et_al_2024,BRO_2255_059,Surface Water,26.117141,-80.149924,,,EPA 1633,5.5,4,0,0,0,0,6.6,0,,,0,,,,,,,,,0,2.6,,,,,,,,,,,0,,,,,,,,,,,0,,0,,0,0,,,,,
Camacho_et_al_2024,BRO_2310_060,Surface Water,26.22972,-80.25416,,,EPA 1633,3.3,4.1,0,0,0,0,0,0,,,0,,,,,,,,,0,6,,,,,,,,,,,0,,,,,,,,,,,0,,0,,0,0,,,,,
Camacho_et_al_2024,BRO_2311_061,Surface Water,26.19027,-80.175,,,EPA 1633,1.6,1.8,0,0.8,0,0,0,0,,,0,,,,,,,,,0,0,,,,,,,,,,,0,,,,,,,,,,,0,,0,,0,0,,,,,
Camacho_et_al_2024,BRO_2312_062,Surface Water,26.16944,-80.17138,,,EPA 1633,6.7,5.7,0,0,0,0,7.4,4.7,,,0,,,,,,,,,0,3.3,,,,,,,,,,,0,,,,,,,,,,,0,,0,,0,0,,,,,
Camacho_et_al_2024,BRO_2313_063,Surface Water,26.16583,-80.25111,,,EPA 1633,6,3.6,0,1,0,0,6.2,0,,,0,,,,,,,,,0,4.5,,,,,,,,,,,0,,,,,,,,,,,0,,0,,0,0,,,,,
Camacho_et_al_2024,BRO_2314_064,Surface Water,26.29166,-80.18194,,,EPA 1633,40.8,5.7,0,7.2,3.4,0,5.4,4.3,,,0,,,,,,,,,0,5.8,,,,,,,,,,,1.9,,,,,,,,,,,0,,0,,0,0,,,,,
Camacho_et_al_2024,BRO_2315_065,Surface Water,26.09305,-80.17916,,,EPA 1633,8.4,5.9,0,1.2,0,5.4,9.6,6,,,0,,,,,,,,,0,6.5,,,,,,,,,,,0,,,,,,,,,,,0,,0,,0,0,,,,,
Camacho_et_al_2024,BRO_2316_066,Surface Water,26.21172,-80.09885,,,EPA 1633,16.5,6.1,0,2.2,2.6,4.7,6.3,5,,,0,,,,,,,,,0,3.9,,,,,,,,,,,0,,,,,,,,,,,0,,0,,0,0,,,,,
Camacho_et_al_2024,BRO_2357_067,Surface Water,26.12657,-80.17304,,,EPA 1633,9,5.5,0,0.9,0,0,6.7,7,,,0,,,,,,,,,0,3.6,,,,,,,,,,,0,,,,,,,,,,,0,,0,,0,0,,,,,
Camacho_et_al_2024,BRO_2358_068,Surface Water,26.12031,-80.13185,,,EPA 1633,4.5,4.1,0,0,0,0,0,5.3,,,0,,,,,,,,,0,3.4,,,,,,,,,,,0,,,,,,,,,,,0,,0,,0,0,,,,,
Camacho_et_al_2024,BRO_2359_069,Surface Water,26.11082,-80.1309,,,EPA 1633,5.4,4.4,0,1,2,0,9.8,7.1,,,0,,,,,,,,,0,2.8,,,,,,,,,,,0,,,,,,,,,,,0,,0,,0,0,,,,,
Camacho_et_al_2024,CAH_1608_001,Surface Water,30.519674,-84.994235,,,EPA 1633,0,2,0,0,0,0,0,0,,,0,,,,,,,,,0,0,,,,,,,,,,,0,,,,,,,,,,,0,,0,,0,0,,,,,
Camacho_et_al_2024,CAH_2317_002,Surface Water,30.2865,-85.14474,,,EPA 1633,0,1.1,0,0,0,0,0,0,,,0,,,,,,,,,0,0,,,,,,,,,,,0,,,,,,,,,,,0,,0,,0,0,,,,,
Camacho_et_al_2024,CAH_2381_003,Surface Water,30.423889,-85.032778,,,EPA 1633,1.9,3.6,0,0,0,0,0,2.7,,,0,,,,,,,,,0,2.7,,,,,,,,,,,0,,,,,,,,,,,0,,0,,0,0,,,,,
Camacho_et_al_2024,CAH_2382_004,Surface Water,30.506111,-85.157222,,,EPA 1633,0,1.3,0,0,0,0,0,0,,,0,,,,,,,,,0,0,,,,,,,,,,,0,,,,,,,,,,,0,,0,,0,0,,,,,
Camacho_et_al_2024,CAH_2383_005,Surface Water,30.43172,-85.17182,,,EPA 1633,0,0,0,0,0,0,0,0,,,0,,,,,,,,,0,0,,,,,,,,,,,0,,,,,,,,,,,0,,0,,0,0,,,,,
Camacho_et_al_2024,CAH_2384_006,Surface Water,30.582222,-84.951389,,,EPA 1633,2.2,4.4,0,0,0,0,3,3,,,0,,,,,,,,,0,2.5,,,,,,,,,,,0,,,,,,,,,,,0,,0,,0,0,,,,,
Camacho_et_al_2024,CHA_0001_001,Surface Water,26.90361111,-82.04361111,,,EPA 1633,0,2.5,6.6,0,0,0,0,0,,,0,,,,,,,,,0,3.7,,,,,,,,,,,0,,,,,,,,,,,0,,0,,0,0,,,,,
Camacho_et_al_2024,CHA_0002_002,Surface Water,26.94083333,-82.05111111,,,EPA 1633,0,2.9,6.2,0,0,0,0,0,,,0,,,,,,,,,0,6.5,,,,,,,,,,,0,,,,,,,,,,,0,,0,,0,0,,,,,
Camacho_et_al_2024,CHA_0003_003,Surface Water,26.96916667,-82.09666667,,,EPA 1633,7.6,4.8,0,0,1,0,4.5,3.3,,,0,,,,,,,,,0,7.2,,,,,,,,,,,0,,,,,,,,,,,0,,0,,0,0,,,,,
Camacho_et_al_2024,CHA_0004_004,Surface Water,26.97138889,-82.03027778,,,EPA 1633,0,3.4,0,0,0,0,0,0,,,0,,,,,,,,,0,4.4,,,,,,,,,,,0,,,,,,,,,,,0,,0,,0,0,,,,,
Camacho_et_al_2024,CHA_0008_008,Surface Water,27.00222222,-81.97888889,,,EPA 1633,0,4.5,0,0,0,0,0,3.6,,,0,,,,,,,,,0,11.6,,,,,,,,,,,0,,,,,,,,,,,0,,0,,0,0,,,,,
Camacho_et_al_2024,CHA_0010_009,Surface Water,26.92583333,-82.00138889,,,EPA 1633,48,35,7.3,0,0.7,24.4,8.4,7.2,,,0,,,,,,,,,0,4.2,,,,,,,,,,,0,,,,,,,,,,,0,,0,,0,0,,,,,
Camacho_et_al_2024,CHA_0011_010,Surface Water,26.9925,-82.11666667,,,EPA 1633,10.2,6.3,6.6,4.1,0.7,14,5.1,3.6,,,0,,,,,,,,,0,11.3,,,,,,,,,,,0,,,,,,,,,,,0,,0,,0,0,,,,,
Camacho_et_al_2024,CHA_0012_011,Surface Water,26.97361111,-82.12055556,,,EPA 1633,5.4,3.3,0,0,0,0,0,0,,,0,,,,,,,,,0,10.1,,,,,,,,,,,0,,,,,,,,,,,0,,0,,0,0,,,,,
Camacho_et_al_2024,CHA_0013_012,Surface Water,26.95388889,-82.15611111,,,EPA 1633,0,3,0,0,0,0,0,0,,,0,,,,,,,,,0,5.2,,,,,,,,,,,0,,,,,,,,,,,0,,0,,0,0,,,,,
Camacho_et_al_2024,CHA_0014_013,Surface Water,27.00833333,-82.24388889,,,EPA 1633,0,2.4,0,0,0,0,0,0,,,0,,,,,,,,,0,6.2,,,,,,,,,,,0,,,,,,,,,,,0,,0,,0,0,,,,,
Camacho_et_al_2024,CHA_0018_014,Surface Water,26.875,-82.31166667,,,EPA 1633,0,1.1,0,0,0,0,0,0,,,0,,,,,,,,,0,2.9,,,,,,,,,,,0,,,,,,,,,,,0,,0,,0,0,,,,,
Camacho_et_al_2024,CHA_0019_015,Surface Water,26.85694444,-82.28416667,,,EPA 1633,0,2.4,0,0,0,0,0,0,,,0,,,,,,,,,0,3.8,,,,,,,,,,,0,,,,,,,,,,,0,,0,,0,0,,,,,
Camacho_et_al_2024,CHA_0020_016,Surface Water,26.83277778,-82.26944444,,,EPA 1633,0,0,0,0,0,0,0,0,,,0,,,,,,,,,0,3.5,,,,,,,,,,,0,,,,,,,,,,,0,,0,,0,0,,,,,
Camacho_et_al_2024,CHA_0022_017,Surface Water,26.89222222,-82.24833333,,,EPA 1633,3.8,3.9,0,0,0,0,6.1,3.7,,,0,,,,,,,,,0,15.2,,,,,,,,,,,0,,,,,,,,,,,0,,0,,0,0,,,,,
Camacho_et_al_2024,CHA_0024_019,Surface Water,26.93833333,-82.21416667,,,EPA 1633,0,1.8,0,0,0,0,0,0,,,0,,,,,,,,,0,5,,,,,,,,,,,0,,,,,,,,,,,0,,0,,0,0,,,,,
Camacho_et_al_2024,CHA_0025_020,Surface Water,26.9625,-82.20861111,,,EPA 1633,0,2.2,0,0,0,0,0,0,,,0,,,,,,,,,0,6.9,,,,,,,,,,,0,,,,,,,,,,,0,,0,,0,0,,,,,
Camacho_et_al_2024,CHA_0027_021,Surface Water,26.79472222,-81.98,,,EPA 1633,0,0,0,0,0,0,0,0,,,0,,,,,,,,,0,4.6,,,,,,,,,,,0,,,,,,,,,,,0,,0,,0,0,,,,,
Camacho_et_al_2024,CHA_0028_022,Surface Water,26.85805556,-81.96388889,,,EPA 1633,0,0.9,0,0,0,0,0,0,,,0,,,,,,,,,0,4.6,,,,,,,,,,,0,,,,,,,,,,,0,,0,,0,0,,,,,
Camacho_et_al_2024,CHA_0029_023,Surface Water,26.8975,-81.98694444,,,EPA 1633,0,0,0,0,0,0,0,0,,,0,,,,,,,,,0,0,,,,,,,,,,,0,,,,,,,,,,,0,,0,,0,0,,,,,
Camacho_et_al_2024,CHA_0031_025,Surface Water,26.81694444,-82.02888889,,,EPA 1633,0,2.5,0,0,0,0,0,0,,,0,,,,,,,,,0,6.1,,,,,,,,,,,0,,,,,,,,,,,0,,0,,0,0,,,,,
Camacho_et_al_2024,CHA_0038_026,Surface Water,26.77,-81.82611111,,,EPA 1633,0,0,0,0,0,0,0,0,,,0,,,,,,,,,0,0,,,,,,,,,,,0,,,,,,,,,,,0,,0,,0,0,,,,,
Camacho_et_al_2024,CHA_0054_027,Surface Water,26.95031667,-82.04691667,,,EPA 1633,5.4,3.4,0,0,0,0,3.1,2.9,,,0,,,,,,,,,0,7,,,,,,,,,,,0,,,,,,,,,,,0,,0,,0,0,,,,,
Camacho_et_al_2024,CHA_0056_028,Surface Water,26.9025,-82.11526667,,,EPA 1633,0,2,0,0,0,0,0,0,,,0,,,,,,,,,0,4.7,,,,,,,,,,,0,,,,,,,,,,,0,,0,,0,0,,,,,
Camacho_et_al_2024,CHA_0057_029,Surface Water,26.83986667,-82.12195,,,EPA 1633,0,1.9,0,0,0,0,0,2.2,,,0,,,,,,,,,0,4.4,,,,,,,,,,,0,,,,,,,,,,,0,,0,,0,0,,,,,
Camacho_et_al_2024,CHA_0061_030,Surface Water,26.9586,-82.11386667,,,EPA 1633,0,2.7,0,0,0,0,2.7,2.5,,,0,,,,,,,,,0,5,,,,,,,,,,,0,,,,,,,,,,,0,,0,,0,0,,,,,
Camacho_et_al_2024,CHA_0062_031,Surface Water,26.9377,-82.0699,,,EPA 1633,0,2.7,0,0,0,0,0,2.6,,,0,,,,,,,,,0,6.2,,,,,,,,,,,0,,,,,,,,,,,0,,0,,0,0,,,,,
Camacho_et_al_2024,CHA_0063_032,Surface Water,26.95071667,-82.04646667,,,EPA 1633,0,3.4,0,0,0,0,0,2.9,,,0,,,,,,,,,0,6.4,,,,,,,,,,,0,,,,,,,,,,,0,,0,,0,0,,,,,
Camacho_et_al_2024,CHA_0064_033,Surface Water,26.9316,-82.10401667,,,EPA 1633,0,3.5,0,0,0,0,0,3.2,,,0,,,,,,,,,0,7.9,,,,,,,,,,,0,,,,,,,,,,,0,,0,,0,0,,,,,
Camacho_et_al_2024,CHA_0065_034,Surface Water,26.84221667,-82.12366667,,,EPA 1633,0,1.7,0,0,0,0,0,2.1,,,0,,,,,,,,,0,3.9,,,,,,,,,,,0,,,,,,,,,,,0,,0,,0,0,,,,,
Camacho_et_al_2024,CHA_0779_035,Surface Water,26.93461111,-82.35241667,,,EPA 1633,0,1,0,0,0,0,0,0,,,0,,,,,,,,,0,2.8,,,,,,,,,,,0,,,,,,,,,,,0,,0,,0,0,,,,,
Camacho_et_al_2024,CHA_0780_036,Surface Water,26.86341667,-82.30902778,,,EPA 1633,0,0,0,0,0,0,0,0,,,0,,,,,,,,,0,4.2,,,,,,,,,,,0,,,,,,,,,,,0,,0,,0,0,,,,,
Camacho_et_al_2024,CHA_0781_037,Surface Water,26.84741667,-82.29708333,,,EPA 1633,0,0,0,0,0,0,0,0,,,0,,,,,,,,,0,7.6,,,,,,,,,,,0,,,,,,,,,,,0,,0,,0,0,,,,,
Camacho_et_al_2024,CHA_0782_038,Surface Water,26.84602778,-82.3035,,,EPA 1633,0,0,0,0,0,0,0,0,,,0,,,,,,,,,0,0,,,,,,,,,,,0,,,,,,,,,,,0,,0,,0,0,,,,,
Camacho_et_al_2024,CHA_0783_039,Surface Water,26.85063889,-82.3025,,,EPA 1633,0,0.9,0,0,0,0,0,0,,,0,,,,,,,,,0,2.5,,,,,,,,,,,0,,,,,,,,,,,0,,0,,0,0,,,,,
Camacho_et_al_2024,CHA_1714_040,Surface Water,26.804675,-82.04959722,,,EPA 1633,0,1.3,0,0,0,0,0,0,,,0,,,,,,,,,0,3,,,,,,,,,,,0,,,,,,,,,,,0,,0,,0,0,,,,,
Camacho_et_al_2024,CHA_1715_041,Surface Water,26.93895278,-82.05178889,,,EPA 1633,0,2.2,0,0,0,0,3,2.4,,,0,,,,,,,,,0,3.9,,,,,,,,,,,0,,,,,,,,,,,0,,0,,0,0,,,,,
Camacho_et_al_2024,CHA_1949_042,Surface Water,26.82708333,-82.26716667,,,EPA 1633,0,0,0,0,0,0,0,0,,,0,,,,,,,,,0,2.9,,,,,,,,,,,0,,,,,,,,,,,0,,0,,0,0,,,,,
Camacho_et_al_2024,CHA_1951_043,Surface Water,26.97961111,-82.00319444,,,EPA 1633,0,4.1,0,0,0,13.1,4,3.6,,,0,,,,,,,,,0,6.1,,,,,,,,,,,0,,,,,,,,,,,0,,0,,0,0,,,,,
Camacho_et_al_2024,CHA_1956_044,Surface Water,26.99444444,-82.20072222,,,EPA 1633,0,1.5,0,0,0,0,0,0,,,0,,,,,,,,,0,3.2,,,,,,,,,,,0,,,,,,,,,,,0,,0,,0,0,,,,,
Camacho_et_al_2024,CHA_1958_045,Surface Water,26.88813889,-82.05327778,,,EPA 1633,0,1.3,0,0,0,0,0,0,,,0,,,,,,,,,0,3.3,,,,,,,,,,,0,,,,,,,,,,,0,,0,,0,0,,,,,
Camacho_et_al_2024,CHA_1960_046,Surface Water,26.83375,-82.26408333,,,EPA 1633,0,0,0,0,0,0,0,0,,,0,,,,,,,,,0,5.9,,,,,,,,,,,0,,,,,,,,,,,0,,0,,0,0,,,,,
Camacho_et_al_2024,CHA_1962_047,Surface Water,26.90925,-82.09494444,,,EPA 1633,0,1.3,0,0,0,0,2.3,0,,,0,,,,,,,,,0,3.6,,,,,,,,,,,0,,,,,,,,,,,0,,0,,0,0,,,,,
Camacho_et_al_2024,CHA_1987_048,Surface Water,26.9414,-82.19767778,,,EPA 1633,0,1.7,0,0,0,0,2.9,0,,,0,,,,,,,,,0,4.3,,,,,,,,,,,0,,,,,,,,,,,0,,0,,0,0,,,,,
Camacho_et_al_2024,CHA_1988_049,Surface Water,26.95096944,-82.06111667,,,EPA 1633,4.5,3.7,0,0,0,0,0,2.7,,,0,,,,,,,,,0,6.4,,,,,,,,,,,0,,,,,,,,,,,0,,0,,0,0,,,,,
Camacho_et_al_2024,CHA_1989_050,Surface Water,26.989125,-81.99418333,,,EPA 1633,0,3.9,0,0,0,0,3.6,3.3,,,0,,,,,,,,,0,4.2,,,,,,,,,,,0,,,,,,,,,,,0,,0,,0,0,,,,,
Camacho_et_al_2024,CHA_1993_051,Surface Water,26.97419722,-81.88934722,,,EPA 1633,5.4,3.6,0,0,0,0,0,0,,,0,,,,,,,,,0,4.7,,,,,,,,,,,0,,,,,,,,,,,0,,0,,0,0,,,,,
Camacho_et_al_2024,CHA_1994_052,Surface Water,26.97408333,-81.96558056,,,EPA 1633,0,3,0,0,0,0,0,2.7,,,0,,,,,,,,,0,3.3,,,,,,,,,,,0,,,,,,,,,,,0,,0,,0,0,,,,,
Camacho_et_al_2024,CHA_1999_053,Surface Water,26.98610833,-82.14993333,,,EPA 1633,5.3,5.3,0,0,0,0,0,5.5,,,0,,,,,,,,,0,0,,,,,,,,,,,0,,,,,,,,,,,0,,0,,0,0,,,,,
Camacho_et_al_2024,CHA_2004_054,Surface Water,26.93833333,-82.21416667,,,EPA 1633,0,4.6,0,0,0,0,6.2,3.7,,,0,,,,,,,,,0,5.2,,,,,,,,,,,0,,,,,,,,,,,0,,0,,0,0,,,,,
Camacho_et_al_2024,CIT_0243_001,Surface Water,28.894725,-82.593342,,,EPA 1633,0,0,0,0,0,0,0,0,,,0,,,,,,,,,0,0,,,,,,,,,,,0,,,,,,,,,,,0,,0,,0,0,,,,,
Camacho_et_al_2024,CIT_0265_003,Surface Water,28.88417,-82.592934,,,EPA 1633,0,0,0,0,0,0,0,0,,,0,,,,,,,,,0,0,,,,,,,,,,,0,,,,,,,,,,,0,,0,,0,0,,,,,
Camacho_et_al_2024,CIT_0266_004,Surface Water,28.876391,-82.595536,,,EPA 1633,0,0,0,0,0,0,0,0,,,0,,,,,,,,,0,0,,,,,,,,,,,0,,,,,,,,,,,0,,0,,0,0,,,,,
Camacho_et_al_2024,CIT_0267_005,Surface Water,28.88161,-82.633772,,,EPA 1633,0,0,0,0,0,0,0,0,,,0,,,,,,,,,0,0,,,,,,,,,,,0,,,,,,,,,,,0,,0,,0,0,,,,,
Camacho_et_al_2024,CIT_0268_006,Surface Water,28.8849,-82.604396,,,EPA 1633,0,0,0,0,0,0,0,0,,,0,,,,,,,,,0,0,,,,,,,,,,,0,,,,,,,,,,,0,,0,,0,0,,,,,
Camacho_et_al_2024,CIT_0269_007,Surface Water,28.89268,-82.610832,,,EPA 1633,0,0,0,0,0,0,0,0,,,0,,,,,,,,,0,0,,,,,,,,,,,0,,,,,,,,,,,0,,0,,0,0,,,,,
Camacho_et_al_2024,CIT_0270_008,Surface Water,28.895287,-82.635012,,,EPA 1633,0,0,0,0,0,0,0,0,,,0,,,,,,,,,0,0,,,,,,,,,,,0,,,,,,,,,,,0,,0,,0,0,,,,,
Camacho_et_al_2024,CIT_0271_009,Surface Water,28.904465,-82.640715,,,EPA 1633,0,0,0,0,0,0,0,0,,,0,,,,,,,,,0,0,,,,,,,,,,,0,,,,,,,,,,,0,,0,,0,0,,,,,
Camacho_et_al_2024,CIT_0272_010,Surface Water,28.911144,-82.692461,,,EPA 1633,0,0,0,0,0,0,0,0,,,0,,,,,,,,,0,0,,,,,,,,,,,0,,,,,,,,,,,0,,0,,0,0,,,,,
Camacho_et_al_2024,CIT_0277_011,Surface Water,28.991216,-82.353393,,,EPA 1633,0,0,0,0,0,0,0,0,,,0,,,,,,,,,0,0,,,,,,,,,,,0,,,,,,,,,,,0,,0,,0,0,,,,,
Camacho_et_al_2024,CIT_0278_012,Surface Water,29.008522,-82.388392,,,EPA 1633,0,0,0,0,0,0,0,0,,,0,,,,,,,,,0,0,,,,,,,,,,,0,,,,,,,,,,,0,,0,,0,0,,,,,
Camacho_et_al_2024,CIT_0280_013,Surface Water,29.040998,-82.502233,,,EPA 1633,0,0,0,0,0,0,0,0,,,0,,,,,,,,,0,0,,,,,,,,,,,0,,,,,,,,,,,0,,0,,0,0,,,,,
Camacho_et_al_2024,CIT_0281_014,Surface Water,28.898646,-82.620508,,,EPA 1633,0,0,0,0,0,0,0,0,,,0,,,,,,,,,0,0,,,,,,,,,,,0,,,,,,,,,,,0,,0,,0,0,,,,,
Camacho_et_al_2024,CIT_0282_015,Surface Water,28.890665,-82.595654,,,EPA 1633,0,0,0,0,0,0,0,0,,,0,,,,,,,,,0,0,,,,,,,,,,,0,,,,,,,,,,,0,,0,,0,0,,,,,
Camacho_et_al_2024,CIT_0283_016,Surface Water,28.894745,-82.59182,,,EPA 1633,0,0,0,0,0,0,0,0,,,0,,,,,,,,,0,0,,,,,,,,,,,0,,,,,,,,,,,0,,0,,0,0,,,,,
Camacho_et_al_2024,CIT_0284_017,Surface Water,28.915935,-82.627816,,,EPA 1633,0,0,0,0,0,0,0,0,,,0,,,,,,,,,0,0,,,,,,,,,,,0,,,,,,,,,,,0,,0,,0,0,,,,,
Camacho_et_al_2024,CIT_0285_018,Surface Water,28.907221,-82.627331,,,EPA 1633,0,0,0,0,0,0,0,0,,,0,,,,,,,,,0,0,,,,,,,,,,,0,,,,,,,,,,,0,,0,,0,0,,,,,
Camacho_et_al_2024,CIT_0286_019,Surface Water,28.90911,-82.638142,,,EPA 1633,0,0,0,0,0,0,0,0,,,0,,,,,,,,,0,0,,,,,,,,,,,0,,,,,,,,,,,0,,0,,0,0,,,,,
Camacho_et_al_2024,CIT_0287_020,Surface Water,29.007811,-82.616325,,,EPA 1633,0,0,0,0,0,0,0,0,,,0,,,,,,,,,0,0,,,,,,,,,,,0,,,,,,,,,,,0,,0,,0,0,,,,,
Camacho_et_al_2024,CIT_0288_021,Surface Water,29.013073,-82.662107,,,EPA 1633,0,0,0,0,0,0,0,0,,,0,,,,,,,,,0,0,,,,,,,,,,,0,,,,,,,,,,,0,,0,,0,0,,,,,
Camacho_et_al_2024,CIT_0355_022,Surface Water,28.83583333,-82.3275,,,EPA 1633,0,0,0,0,0,0,0,0,,,0,,,,,,,,,0,0,,,,,,,,,,,0,,,,,,,,,,,0,,0,,0,0,,,,,
Camacho_et_al_2024,CIT_0356_023,Surface Water,28.98861111,-82.34972222,,,EPA 1633,0,0,0,0,0,0,0,0,,,0,,,,,,,,,0,0,,,,,,,,,,,0,,,,,,,,,,,0,,0,,0,0,,,,,
Camacho_et_al_2024,CIT_0357_024,Surface Water,28.83722222,-82.64805556,,,EPA 1633,0,0,0,0,0,0,0,0,,,0,,,,,,,,,0,0,,,,,,,,,,,0,,,,,,,,,,,0,,0,,0,0,,,,,
Camacho_et_al_2024,CIT_0358_025,Surface Water,28.80138889,-82.60305556,,,EPA 1633,0,0,0,0,0,0,0,0,,,0,,,,,,,,,0,0,,,,,,,,,,,0,,,,,,,,,,,0,,0,,0,0,,,,,
Camacho_et_al_2024,CIT_0359_026,Surface Water,28.78416667,-82.62,,,EPA 1633,0,0,0,0,0,0,0,0,,,0,,,,,,,,,0,0,,,,,,,,,,,0,,,,,,,,,,,0,,0,,0,0,,,,,
Camacho_et_al_2024,CIT_0360_027,Surface Water,28.71527778,-82.57694444,,,EPA 1633,0,0,0,0,0,0,0,0,,,0,,,,,,,,,0,0,,,,,,,,,,,0,,,,,,,,,,,0,,0,,0,0,,,,,
Camacho_et_al_2024,CIT_0960_028,Surface Water,28.94111111,-82.37722222,,,EPA 1633,0,0,0,0,0,0,0,0,,,0,,,,,,,,,0,0,,,,,,,,,,,0,,,,,,,,,,,0,,0,,0,0,,,,,
Camacho_et_al_2024,CIT_0961_029,Surface Water,28.90166667,-82.37333333,,,EPA 1633,0,0,0,0,0,0,0,0,,,0,,,,,,,,,0,0,,,,,,,,,,,0,,,,,,,,,,,0,,0,,0,0,,,,,
Camacho_et_al_2024,CIT_0962_030,Surface Water,28.84472222,-82.32222222,,,EPA 1633,0,0,0,0,0,0,0,0,,,0,,,,,,,,,0,0,,,,,,,,,,,0,,,,,,,,,,,0,,0,,0,0,,,,,
Camacho_et_al_2024,CIT_0963_031,Surface Water,28.83888889,-82.32638889,,,EPA 1633,0,0,0,0,0,0,0,0,,,0,,,,,,,,,0,0,,,,,,,,,,,0,,,,,,,,,,,0,,0,,0,0,,,,,
Camacho_et_al_2024,CIT_1167_033,Surface Water,28.88361111,-82.30305556,,,EPA 1633,9.8,5.4,0,0,0,0,0,0,,,0,,,,,,,,,0,0,,,,,,,,,,,0,,,,,,,,,,,0,,0,,0,0,,,,,
Camacho_et_al_2024,CIT_1168_034,Surface Water,28.84027778,-82.32888889,,,EPA 1633,0,0,0,0,0,0,0,0,,,0,,,,,,,,,0,0,,,,,,,,,,,0,,,,,,,,,,,0,,0,,0,0,,,,,
Camacho_et_al_2024,CIT_1169_035,Surface Water,28.83305556,-82.31694444,,,EPA 1633,0,0,0,0,0,0,0,0,,,0,,,,,,,,,0,0,,,,,,,,,,,0,,,,,,,,,,,0,,0,,0,0,,,,,
Camacho_et_al_2024,CIT_1170_036,Surface Water,28.80722222,-82.30416667,,,EPA 1633,0,0,0,0,0,0,0,0,,,0,,,,,,,,,0,0,,,,,,,,,,,0,,,,,,,,,,,0,,0,,0,0,,,,,
Camacho_et_al_2024,CIT_1171_037,Surface Water,28.78638889,-82.26194444,,,EPA 1633,0,0,0,0,0,0,0,0,,,0,,,,,,,,,0,0,,,,,,,,,,,0,,,,,,,,,,,0,,0,,0,0,,,,,
Camacho_et_al_2024,CLA_0552_001,Surface Water,30.033305,-81.723599,,,EPA 1633,4.1,2.9,0,0,0,0,0,0,,,0,,,,,,,,,0,0,,,,,,,,,,,0,,,,,,,,,,,0,,0,,0,0,,,,,
Camacho_et_al_2024,CLA_0554_002,Surface Water,29.978317,-81.629388,,,EPA 1633,4.8,4.8,0,1.6,1,0,4.9,3.9,,,0,,,,,,,,,0,8.2,,,,,,,,,,,0,,,,,,,,,,,0,,0,,0,0,,,,,
Camacho_et_al_2024,CLA_1126_003,Surface Water,29.9804,-81.635,,,EPA 1633,5.1,4.6,0,0,1,0,0,3.8,,,0,,,,,,,,,0,0,,,,,,,,,,,0,,,,,,,,,,,0,,0,,0,0,,,,,
Camacho_et_al_2024,CLA_1127_004,Surface Water,30.0072,-81.6914,,,EPA 1633,5.6,4.9,0,0,1,12.8,5.6,4.7,,,0,,,,,,,,,0,8,,,,,,,,,,,0,,,,,,,,,,,0,,0,,0,0,,,,,
Camacho_et_al_2024,CLA_1128_005,Surface Water,30.0395,-81.7078,,,EPA 1633,5.6,4.5,0,0,0.9,0,4.8,4.4,,,0,,,,,,,,,0,7.7,,,,,,,,,,,0,,,,,,,,,,,0,,0,,0,0,,,,,
Camacho_et_al_2024,CLA_1129_006,Surface Water,30.0806,-81.8054,,,EPA 1633,22.5,8.5,11.8,0,1.3,33.3,8.4,5.9,,,0,,,,,,,,,0,7.9,,,,,,,,,,,0,,,,,,,,,,,0,,0,,0,0,,,,,
Camacho_et_al_2024,CLA_1130_007,Surface Water,30.0732,-81.8522,,,EPA 1633,20.9,7.6,11.8,0,1.2,30.9,6,5.9,,,0,,,,,,,,,0,6.7,,,,,,,,,,,0,,,,,,,,,,,0,,0,,0,0,,,,,
Camacho_et_al_2024,CLA_1133_008,Surface Water,30.1597,-81.7065,,,EPA 1633,10.7,11.9,9.2,1.9,2.4,20.3,11.3,8.6,,,0,,,,,,,,,0,12.4,,,,,,,,,,,0,,,,,,,,,,,0,,0,,0,0,,,,,
Camacho_et_al_2024,CLA_1134_009,Surface Water,30.1453,-81.7015,,,EPA 1633,0,4.1,0,0,0.8,0,5,3.9,,,0,,,,,,,,,0,6.9,,,,,,,,,,,0,,,,,,,,,,,0,,0,,0,0,,,,,
Camacho_et_al_2024,CLA_1135_010,Surface Water,30.1346,-81.7183,,,EPA 1633,5,4.9,0,0,1,11.7,5.5,4.4,,,0,,,,,,,,,0,6.8,,,,,,,,,,,0,,,,,,,,,,,0,,0,,0,0,,,,,
Camacho_et_al_2024,CLA_1136_011,Surface Water,30.1009,-81.746,,,EPA 1633,5.1,4.9,0,1.5,1,11.3,6,4.7,,,0,,,,,,,,,0,9,,,,,,,,,,,0,,,,,,,,,,,0,,0,,0,0,,,,,
Camacho_et_al_2024,CLA_1137_012,Surface Water,30.1333,-81.756,,,EPA 1633,10.2,8.9,8.7,1.6,1.2,14.7,9.3,6.4,,,0,,,,,,,,,0,14.9,,,,,,,,,,,0,,,,,,,,,,,0,,0,,0,0,,,,,
Camacho_et_al_2024,CLA_1138_013,Surface Water,30.1705,-81.6959,,,EPA 1633,4.5,4.5,0,0,0.9,0,5,4,,,0,,,,,,,,,0,0,,,,,,,,,,,0,,,,,,,,,,,0,,0,,0,0,,,,,
Camacho_et_al_2024,CLA_1184_014,Surface Water,30.13885,-81.727909,,,EPA 1633,5.1,4.8,0,0,1,0,5.1,3.9,,,0,,,,,,,,,0,0,,,,,,,,,,,0,,,,,,,,,,,0,,0,,0,0,,,,,
Camacho_et_al_2024,CLA_1185_015,Surface Water,30.050184,-81.719827,,,EPA 1633,11.2,4.4,0,1.7,1.7,14.7,5.3,4.6,,,0,,,,,,,,,0,7,,,,,,,,,,,0,,,,,,,,,,,0,,0,,0,0,,,,,
Camacho_et_al_2024,CLA_1623_016,Surface Water,29.95622222,-81.98772222,,,EPA 1633,0,3.6,0,0,0.8,0,3.7,3.4,,,0,,,,,,,,,0,5,,,,,,,,,,,0,,,,,,,,,,,0,,0,,0,0,,,,,
Camacho_et_al_2024,CLA_2230_020,Surface Water,29.77918,-82.03002,,,EPA 1633,0,3,0,0,1.6,0,3.5,3.2,,,0,,,,,,,,,0,2.8,,,,,,,,,,,0,,,,,,,,,,,0,,0,,0,0,,,,,
Camacho_et_al_2024,CLA_2231_021,Surface Water,29.795029,-82.039245,,,EPA 1633,0,1.1,0,0,0,0,0,0,,,0,,,,,,,,,0,0,,,,,,,,,,,0,,,,,,,,,,,0,,0,,0,0,,,,,
Camacho_et_al_2024,CLR_0047_001,Surface Water,26.1425,-81.78916667,,,EPA 1633,0,3.6,0,0,1.2,0,2.7,1.7,,,0,,,,,,,,,0,3.1,,,,,,,,,,,0,,,,,,,,,,,0,,0,,0,0,,,,,
Camacho_et_al_2024,CLR_0048_002,Surface Water,26.29305556,-81.81944444,,,EPA 1633,0,2.7,4.9,0,0,0,2.3,0.6,,,0,,,,,,,,,0,2.7,,,,,,,,,,,0,,,,,,,,,,,0,,0,,0,0,,,,,
Camacho_et_al_2024,CLR_0215_003,Surface Water,26.195667,-81.787889,,,EPA 1633,0.4,8.5,4.2,0,1.3,0,7.6,2.6,,,0,,,,,,,,,0,7.7,,,,,,,,,,,0,,,,,,,,,,,0,,0,,0,0,,,,,
Camacho_et_al_2024,CLR_0216_004,Surface Water,26.143554,-81.778838,,,EPA 1633,0.9,4.2,0,1.5,2.7,0,3.3,1.7,,,0,,,,,,,,,0,2.8,,,,,,,,,,,0,,,,,,,,,,,0,,0,,0,0,,,,,
Camacho_et_al_2024,CLR_0217_005,Surface Water,26.145621,-81.765784,,,EPA 1633,5,6.9,0,1.8,4.3,0,4,2.7,,,0,,,,,,,,,0,3.5,,,,,,,,,,,1.2,,,,,,,,,,,0,,0,,0,0,,,,,
Camacho_et_al_2024,CLR_0218_006,Surface Water,26.132724,-81.806499,,,EPA 1633,0,1.7,0,0,0,0,1,0,,,0,,,,,,,,,0,1.2,,,,,,,,,,,0,,,,,,,,,,,0,,0,,0,0,,,,,
Camacho_et_al_2024,CLR_0219_007,Surface Water,26.134064,-81.792606,,,EPA 1633,0,3.8,4.4,1.8,1.1,0,3.8,1.5,,,0,,,,,,,,,0,3.4,,,,,,,,,,,1,,,,,,,,,,,0,,0,,0,0,,,,,
Camacho_et_al_2024,CLR_0221_009,Surface Water,26.103313,-81.78521,,,EPA 1633,0,1.5,0,0,0,0,1,0,,,0,,,,,,,,,0,1,,,,,,,,,,,0,,,,,,,,,,,0,,0,,0,0,,,,,
Camacho_et_al_2024,CLR_0222_010,Surface Water,26.12524,-81.770697,,,EPA 1633,4.2,7.9,0,1.7,1.5,0,5.1,2.5,,,0,,,,,,,,,0,6.1,,,,,,,,,,,0,,,,,,,,,,,0,,0,,0,0,,,,,
Camacho_et_al_2024,CLR_0223_011,Surface Water,26.112151,-81.760464,,,EPA 1633,2.9,7.8,4.3,1.5,1.1,8,5.9,3.2,,,0,,,,,,,,,0,4.5,,,,,,,,,,,0,,,,,,,,,,,0,,0,,0,0,,,,,
Camacho_et_al_2024,CLR_0224_012,Surface Water,26.122525,-81.751516,,,EPA 1633,4.3,8.7,4.6,1.7,1.5,0,8.1,2.8,,,0,,,,,,,,,0,12.5,,,,,,,,,,,0,,,,,,,,,,,0,,0,,0,0,,,,,
Camacho_et_al_2024,CLR_0225_013,Surface Water,26.149737,-81.753868,,,EPA 1633,6.4,5.4,0,3.4,1.5,0,4.4,1.6,,,0,,,,,,,,,0,2.3,,,,,,,,,,,1.2,,,,,,,,,,,0,,0,,0,0,,,,,
Camacho_et_al_2024,CLR_0447_014,Surface Water,26.1492182,-81.7858418,,,EPA 1633,2.8,4.5,4.6,1.9,1.5,0,3.4,2.1,,,0,,,,,,,,,0,3.3,,,,,,,,,,,0,,,,,,,,,,,0,,0,,0,0,,,,,
Camacho_et_al_2024,CLR_0448_015,Surface Water,26.115208,-81.759522,,,EPA 1633,2.9,7.6,0,0,1.2,0,5.1,3.2,,,0,,,,,,,,,0,4.6,,,,,,,,,,,0,,,,,,,,,,,0,,0,,0,0,,,,,
Camacho_et_al_2024,CLR_0449_016,Surface Water,26.0973491,-81.7364359,,,EPA 1633,8.4,11.3,4.8,1.7,2.1,8.1,12.3,3.4,,,0,,,,,,,,,0,13.6,,,,,,,,,,,0,,,,,,,,,,,0,,0,,0,0,,,,,
Camacho_et_al_2024,CLR_0450_017,Surface Water,26.1082629,-81.7262133,,,EPA 1633,0,4.7,0,0,1,0,3.8,1.9,,,0,,,,,,,,,0,4.2,,,,,,,,,,,0,,,,,,,,,,,0,,0,,0,0,,,,,
Camacho_et_al_2024,CLR_0451_018,Surface Water,26.1974212,-81.7192097,,,EPA 1633,1.6,4.5,4.8,1.6,1.3,0,4.5,1.5,,,0,,,,,,,,,0,7,,,,,,,,,,,0,,,,,,,,,,,0,,0,,0,0,,,,,
Camacho_et_al_2024,CLR_0452_019,Surface Water,26.1685051,-81.7178442,,,EPA 1633,0,3.4,0,0,1,0,2.5,0.8,,,0,,,,,,,,,0,3.9,,,,,,,,,,,0,,,,,,,,,,,0,,0,,0,0,,,,,
Camacho_et_al_2024,CLR_0453_020,Surface Water,26.10251,-81.7010431,,,EPA 1633,0,1.7,0,0,0,0,1.4,0,,,0,,,,,,,,,0,0,,,,,,,,,,,0,,,,,,,,,,,0,,0,,0,0,,,,,
Camacho_et_al_2024,CLR_0454_021,Surface Water,26.2197892,-81.7631162,,,EPA 1633,0.8,2.7,0,0,0,0,2.4,1,,,0,,,,,,,,,0,8.8,,,,,,,,,,,0,,,,,,,,,,,0,,0,,0,0,,,,,
Camacho_et_al_2024,CLR_0455_022,Surface Water,26.2198779,-81.8164888,,,EPA 1633,0,3.1,0,1.6,1.2,0,2.6,0.6,,,0,,,,,,,,,0,1.9,,,,,,,,,,,0,,,,,,,,,,,0,,0,,0,0,,,,,
Camacho_et_al_2024,CLR_0456_023,Surface Water,26.2186074,-81.8182838,,,EPA 1633,0,1.9,0,0,0,0,1.2,0,,,0,,,,,,,,,0,0,,,,,,,,,,,0,,,,,,,,,,,0,,0,,0,0,,,,,
Camacho_et_al_2024,CLR_0461_025,Surface Water,26.207081,-81.816549,,,EPA 1633,0,1.8,0,0,0,0,1.3,0,,,0,,,,,,,,,0,1.1,,,,,,,,,,,0,,,,,,,,,,,0,,0,,0,0,,,,,
Camacho_et_al_2024,CLR_0462_026,Surface Water,26.196703,-81.81056,,,EPA 1633,0,2.8,0,1.5,0.9,0,2.3,0.7,,,0,,,,,,,,,0,1.9,,,,,,,,,,,0,,,,,,,,,,,0,,0,,0,0,,,,,
Camacho_et_al_2024,CLR_0463_027,Surface Water,26.207412,-81.783226,,,EPA 1633,8.3,13.8,5.6,2.8,3.4,11.7,13.3,6.6,,,0,,,,,,,,,0,10.4,,,,,,,,,,,1.1,,,,,,,,,,,0,,0,,0,0,,,,,
Camacho_et_al_2024,CLR_0464_028,Surface Water,26.197874,-81.76765,,,EPA 1633,4.3,5.8,0,1.9,1.5,0,5.6,2,,,0,,,,,,,,,0,4.5,,,,,,,,,,,0,,,,,,,,,,,0,,0,,0,0,,,,,
Camacho_et_al_2024,CLR_0465_029,Surface Water,26.175251,-81.78709,,,EPA 1633,7.9,10.6,4.9,2.5,2.8,8.6,10.9,5.5,,,0,,,,,,,,,0,7.4,,,,,,,,,,,0,,,,,,,,,,,0,,0,,0,0,,,,,
Camacho_et_al_2024,CLR_0466_030,Surface Water,26.167834,-81.767752,,,EPA 1633,0,3,0,0,1,0,2.6,1,,,0,,,,,,,,,0,3.8,,,,,,,,,,,0,,,,,,,,,,,0,,0,,0,0,,,,,
Camacho_et_al_2024,CLR_0467_031,Surface Water,26.162364,-81.77875,,,EPA 1633,2.1,22.9,5.1,2.1,1.7,8.2,11.7,6.1,,,0,,,,,,,,,0,5,,,,,,,,,,,0,,,,,,,,,,,0,,0,,0,0,,,,,
Camacho_et_al_2024,CLR_0468_032,Surface Water,26.15587,-81.788376,,,EPA 1633,1.5,3.6,0,1.7,1.1,0,2.9,1.1,,,0,,,,,,,,,0,4.2,,,,,,,,,,,0,,,,,,,,,,,0,,0,,0,0,,,,,
Camacho_et_al_2024,CLR_0469_033,Surface Water,26.162642,-81.810464,,,EPA 1633,0,2,0,0,0,0,1.5,0,,,0,,,,,,,,,0,1.7,,,,,,,,,,,0,,,,,,,,,,,0,,0,,0,0,,,,,
Camacho_et_al_2024,CLR_0471_035,Surface Water,26.2676,-81.7689,,,EPA 1633,2.8,8.1,4.5,2.4,2.1,0,5.1,3,,,0,,,,,,,,,0,6.4,,,,,,,,,,,1.1,,,,,,,,,,,0,,0,,0,0,,,,,
Camacho_et_al_2024,CLR_0472_036,Surface Water,26.2149,-81.7306,,,EPA 1633,0,3.4,0,0,0,0,3.7,0.8,,,0,,,,,,,,,0,3,,,,,,,,,,,0,,,,,,,,,,,0,,0,,0,0,,,,,
Camacho_et_al_2024,CLR_0475_037,Surface Water,26.2817,-81.828,,,EPA 1633,0,2.2,0,0,0,0,2.5,0,,,0,,,,,,,,,0,2.1,,,,,,,,,,,0,,,,,,,,,,,0,,0,,0,0,,,,,
Camacho_et_al_2024,CLR_0476_038,Surface Water,26.2639,-81.8245,,,EPA 1633,0,2.1,0,0,1,0,1.4,0,,,0,,,,,,,,,0,1.2,,,,,,,,,,,0,,,,,,,,,,,0,,0,,0,0,,,,,
Camacho_et_al_2024,CLR_0802_039,Surface Water,25.9141,-81.5404,,,EPA 1633,0,0,0,0,0,0,1.1,0,,,0,,,,,,,,,0,1.1,,,,,,,,,,,0,,,,,,,,,,,0,,0,,0,0,,,,,
Camacho_et_al_2024,CLR_0803_040,Surface Water,25.9005,-81.5159,,,EPA 1633,0,1.7,0,0,0,0,1.2,0,,,0,,,,,,,,,0,1.5,,,,,,,,,,,0,,,,,,,,,,,0,,0,,0,0,,,,,
Camacho_et_al_2024,CLR_0804_041,Surface Water,26.0257,-81.7337,,,EPA 1633,0,2.2,0,0,0,0,1.8,0,,,0,,,,,,,,,0,2.2,,,,,,,,,,,0,,,,,,,,,,,0,,0,,0,0,,,,,
Camacho_et_al_2024,CLR_0805_042,Surface Water,25.9342,-81.5955,,,EPA 1633,0,1.5,0,0,0,0,0,0,,,0,,,,,,,,,0,0,,,,,,,,,,,0,,,,,,,,,,,0,,0,,0,0,,,,,
Camacho_et_al_2024,CLR_0806_043,Surface Water,25.8922,-81.4769,,,EPA 1633,0,1.5,0,0,0,0,0,0,,,0,,,,,,,,,0,1.1,,,,,,,,,,,0,,,,,,,,,,,0,,0,,0,0,,,,,
Camacho_et_al_2024,CLR_0842_044,Surface Water,26.093791,-81.799765,,,EPA 1633,0,2.2,0,0,0.9,0,1.5,0,,,0,,,,,,,,,0,1.4,,,,,,,,,,,0,,,,,,,,,,,0,,0,,0,0,,,,,
Camacho_et_al_2024,CLR_0843_045,Surface Water,26.023634,-81.709846,,,EPA 1633,0,2.2,0,0,0,0,2.9,1.1,,,0,,,,,,,,,0,0,,,,,,,,,,,0,,,,,,,,,,,0,,0,,0,0,,,,,
Camacho_et_al_2024,CLR_0844_046,Surface Water,26.001367,-81.686374,,,EPA 1633,0,4.5,0,1.6,1.1,0,4.3,1.3,,,0,,,,,,,,,0,2.5,,,,,,,,,,,0,,,,,,,,,,,0,,0,,0,0,,,,,
Camacho_et_al_2024,CLR_0846_048,Surface Water,25.977061,-81.73763,,,EPA 1633,0,1.7,0,0,0,0,1.1,0,,,0,,,,,,,,,0,1.3,,,,,,,,,,,0,,,,,,,,,,,0,,0,,0,0,,,,,
Camacho_et_al_2024,CLR_0847_049,Surface Water,25.980488,-81.703206,,,EPA 1633,0,1.7,0,0,0,0,1.3,0,,,0,,,,,,,,,0,1.3,,,,,,,,,,,0,,,,,,,,,,,0,,0,,0,0,,,,,
Camacho_et_al_2024,CLR_0848_050,Surface Water,25.96294,-81.727511,,,EPA 1633,0,0,0,0,0,0,1,0,,,0,,,,,,,,,0,1,,,,,,,,,,,0,,,,,,,,,,,0,,0,,0,0,,,,,
Camacho_et_al_2024,CLR_0849_051,Surface Water,25.952418,-81.730698,,,EPA 1633,0,2.1,0,0,0,0,1.8,0,,,0,,,,,,,,,0,0,,,,,,,,,,,0,,,,,,,,,,,0,,0,,0,0,,,,,
Camacho_et_al_2024,CLR_0850_052,Surface Water,25.947088,-81.74378,,,EPA 1633,0,2,0,0,0,0,1.3,0,,,0,,,,,,,,,0,1.4,,,,,,,,,,,0,,,,,,,,,,,0,,0,,0,0,,,,,
Camacho_et_al_2024,CLR_0851_053,Surface Water,25.924514,-81.698358,,,EPA 1633,0,0,0,0,0.9,0,1.1,0,,,0,,,,,,,,,0,1.3,,,,,,,,,,,0,,,,,,,,,,,0,,0,,0,0,,,,,
Camacho_et_al_2024,CLR_0852_054,Surface Water,25.922985,-81.708795,,,EPA 1633,0,1.7,0,0,0,0,1.5,0,,,0,,,,,,,,,0,0,,,,,,,,,,,0,,,,,,,,,,,0,,0,,0,0,,,,,
Camacho_et_al_2024,CLR_0853_055,Surface Water,25.92712,-81.72097,,,EPA 1633,0,2,0,0,0.9,0,2.2,0,,,0,,,,,,,,,0,1.7,,,,,,,,,,,0,,,,,,,,,,,0,,0,,0,0,,,,,
Camacho_et_al_2024,CLR_1867_057,Surface Water,26.00569444,-81.60922222,,,EPA 1633,0.5,3.3,0,0,0,0,1.9,0.9,,,0,,,,,,,,,0,0,,,,,,,,,,,0,,,,,,,,,,,0,,0,,0,0,,,,,
Camacho_et_al_2024,CLR_1868_058,Surface Water,25.99863889,-81.59830556,,,EPA 1633,0,3,0,0,0,0,0,0,,,0,,,,,,,,,0,1.8,,,,,,,,,,,0,,,,,,,,,,,0,,0,,0,0,,,,,
Camacho_et_al_2024,CLR_1869_059,Surface Water,26.12127778,-81.52280556,,,EPA 1633,0,0,0,0,0,0,0,0,,,0,,,,,,,,,0,1.5,,,,,,,,,,,0,,,,,,,,,,,0,,0,,0,0,,,,,
Camacho_et_al_2024,CLR_1870_060,Surface Water,26.31172222,-81.62613889,,,EPA 1633,0,1.9,0,0,0,0,1.8,0.9,,,0,,,,,,,,,0,2.3,,,,,,,,,,,0,,,,,,,,,,,0,,0,,0,0,,,,,
Camacho_et_al_2024,CLR_1875_061,Surface Water,25.99044444,-81.61205556,,,EPA 1633,0,2.3,0,0,0,0,0,0,,,0,,,,,,,,,0,1.5,,,,,,,,,,,0,,,,,,,,,,,0,,0,,0,0,,,,,
Camacho_et_al_2024,CLR_1876_062,Surface Water,25.96744444,-81.63461111,,,EPA 1633,0,1.7,0,0,0,0,0,0,,,0,,,,,,,,,0,2.9,,,,,,,,,,,0,,,,,,,,,,,0,,0,,0,0,,,,,
Camacho_et_al_2024,CLR_1877_063,Surface Water,25.93247222,-81.65508333,,,EPA 1633,0,0,0,0,0,0,1.1,0,,,0,,,,,,,,,0,1.6,,,,,,,,,,,0,,,,,,,,,,,0,,0,,0,0,,,,,
Camacho_et_al_2024,CLR_1878_064,Surface Water,25.91244444,-81.71691667,,,EPA 1633,0,0,0,0,0,0,1,0,,,0,,,,,,,,,0,1.2,,,,,,,,,,,0,,,,,,,,,,,0,,0,,0,0,,,,,
Camacho_et_al_2024,CLR_1879_065,Surface Water,25.98522222,-81.70425,,,EPA 1633,0,0,0,0,0,0,0.9,0,,,0,,,,,,,,,0,0,,,,,,,,,,,0,,,,,,,,,,,0,,0,,0,0,,,,,
Camacho_et_al_2024,CLR_1880_066,Surface Water,26.02383333,-81.73411111,,,EPA 1633,0,0,0,0,0,0,1.2,0,,,0,,,,,,,,,0,1.2,,,,,,,,,,,0,,,,,,,,,,,0,,0,,0,0,,,,,
Camacho_et_al_2024,CLR_1881_067,Surface Water,25.89230556,-81.32655556,,,EPA 1633,0,0,0,0,0,0,0,0,,,0,,,,,,,,,0,0,,,,,,,,,,,0,,,,,,,,,,,0,,0,,0,0,,,,,
Camacho_et_al_2024,CLR_1882_068,Surface Water,25.81416667,-81.36405556,,,EPA 1633,0,0,0,0,0,0,0,0,,,0,,,,,,,,,0,1.1,,,,,,,,,,,0,,,,,,,,,,,0,,0,,0,0,,,,,
Camacho_et_al_2024,CLR_1883_069,Surface Water,25.87241667,-81.38230556,,,EPA 1633,0,0,0,0,0,0,0,0,,,0,,,,,,,,,0,0,,,,,,,,,,,0,,,,,,,,,,,0,,0,,0,0,,,,,
Camacho_et_al_2024,CLR_1884_070,Surface Water,25.87241667,-81.38230556,,,EPA 1633,0,1.8,0,0,0,0,0,0,,,0,,,,,,,,,0,0,,,,,,,,,,,0,,,,,,,,,,,0,,0,,0,0,,,,,
Camacho_et_al_2024,CLR_1885_071,Surface Water,26.04594444,-81.70841667,,,EPA 1633,0,2.5,0,0,0,0,2.4,0.6,,,0,,,,,,,,,0,2.7,,,,,,,,,,,0,,,,,,,,,,,0,,0,,0,0,,,,,
Camacho_et_al_2024,CLR_1886_072,Surface Water,26.10275,-81.78511111,,,EPA 1633,0,0,0,0,0,0,1,0,,,0,,,,,,,,,0,1.1,,,,,,,,,,,0,,,,,,,,,,,0,,0,,0,0,,,,,
Camacho_et_al_2024,CLR_1887_073,Surface Water,26.15466667,-81.80947222,,,EPA 1633,0,0,0,0,0,0,1,0,,,0,,,,,,,,,0,1.2,,,,,,,,,,,0,,,,,,,,,,,0,,0,,0,0,,,,,
Camacho_et_al_2024,CLR_1888_074,Surface Water,26.211,-81.81261111,,,EPA 1633,0,1.7,0,0,0,0,1.3,0,,,0,,,,,,,,,0,1.4,,,,,,,,,,,0,,,,,,,,,,,0,,0,,0,0,,,,,
Camacho_et_al_2024,CLR_1889_075,Surface Water,26.28833333,-81.83008333,,,EPA 1633,0,0,0,0,0,0,0.9,0,,,0,,,,,,,,,0,1.2,,,,,,,,,,,0,,,,,,,,,,,0,,0,,0,0,,,,,
Camacho_et_al_2024,CLR_1892_076,Surface Water,26.49547222,-81.52908333,,,EPA 1633,1.7,7.1,0,0,1.1,0,3.3,2.9,,,0,,,,,,,,,0,4.9,,,,,,,,,,,0,,,,,,,,,,,0,,0,,0,0,,,,,
Camacho_et_al_2024,CLR_1895_077,Surface Water,26.4385,-81.47494444,,,EPA 1633,0,5.7,5.5,0,1,0,4,2,,,0,,,,,,,,,0,11.7,,,,,,,,,,,0,,,,,,,,,,,0,,0,,0,0,,,,,
Camacho_et_al_2024,CLR_1896_078,Surface Water,26.43311111,-81.48541667,,,EPA 1633,0,2.5,0,0,0,0,2.5,1,,,0,,,,,,,,,0,3.1,,,,,,,,,,,0,,,,,,,,,,,0,,0,,0,0,,,,,
Camacho_et_al_2024,CLR_1897_079,Surface Water,26.36669444,-81.48661111,,,EPA 1633,0,2.1,0,0,0,0,0,0,,,0,,,,,,,,,0,0,,,,,,,,,,,0,,,,,,,,,,,0,,0,,0,0,,,,,
Camacho_et_al_2024,CLR_1898_080,Surface Water,26.33822222,-81.43325,,,EPA 1633,0,3,0,0,0,0,2.8,0.9,,,0,,,,,,,,,0,2,,,,,,,,,,,0,,,,,,,,,,,0,,0,,0,0,,,,,
Camacho_et_al_2024,CLR_1899_081,Surface Water,26.31913889,-81.44233333,,,EPA 1633,0,3,0,0,0,0,2.7,0,,,0,,,,,,,,,0,6.1,,,,,,,,,,,0,,,,,,,,,,,0,,0,,0,0,,,,,
Camacho_et_al_2024,CLR_1900_082,Surface Water,26.35175,-81.34341667,,,EPA 1633,1,2.9,0,0,0.9,0,2.7,1.3,,,0,,,,,,,,,0,2.5,,,,,,,,,,,0,,,,,,,,,,,0,,0,,0,0,,,,,
Camacho_et_al_2024,CLR_1901_083,Surface Water,26.21813889,-81.34463889,,,EPA 1633,0,2.1,0,0,0,0,0,0,,,0,,,,,,,,,0,2,,,,,,,,,,,0,,,,,,,,,,,0,,0,,0,0,,,,,
Camacho_et_al_2024,CLR_1902_084,Surface Water,26.14405556,-81.35272222,,,EPA 1633,0,0,0,0,0,0,0,0,,,0,,,,,,,,,0,0,,,,,,,,,,,0,,,,,,,,,,,0,,0,,0,0,,,,,
Camacho_et_al_2024,CLR_1903_085,Surface Water,25.97055556,-81.35186111,,,EPA 1633,0,0,0,0,0,0,0,0,,,0,,,,,,,,,0,0,,,,,,,,,,,0,,,,,,,,,,,0,,0,,0,0,,,,,
Camacho_et_al_2024,CLR_1904_086,Surface Water,26.15597222,-81.26644444,,,EPA 1633,0,0,0,0,0,0,0,0,,,0,,,,,,,,,0,0,,,,,,,,,,,0,,,,,,,,,,,0,,0,,0,0,,,,,
Camacho_et_al_2024,CLR_1905_087,Surface Water,25.98730556,-81.57033333,,,EPA 1633,0,0,0,0,0,0,0,0,,,0,,,,,,,,,0,0,,,,,,,,,,,0,,,,,,,,,,,0,,0,,0,0,,,,,
Camacho_et_al_2024,CLR_1906_088,Surface Water,25.96494444,-81.52755556,,,EPA 1633,0,0,0,0,0,0,0,0,,,0,,,,,,,,,0,0,,,,,,,,,,,0,,,,,,,,,,,0,,0,,0,0,,,,,
Camacho_et_al_2024,CLR_1907_089,Surface Water,25.95922222,-81.51005556,,,EPA 1633,4.4,0,0,0,0,0,0,0,,,0,,,,,,,,,0,0,,,,,,,,,,,0,,,,,,,,,,,0,,0,,0,0,,,,,
Camacho_et_al_2024,CLR_1908_090,Surface Water,25.97191667,-81.50958333,,,EPA 1633,0,0,0,0,0,0,0,0,,,0,,,,,,,,,0,0,,,,,,,,,,,0,,,,,,,,,,,0,,0,,0,0,,,,,
Camacho_et_al_2024,CLR_1909_091,Surface Water,25.95583333,-81.48866667,,,EPA 1633,0,0,0,0,0,0,0,0,,,0,,,,,,,,,0,0,,,,,,,,,,,0,,,,,,,,,,,0,,0,,0,0,,,,,
Camacho_et_al_2024,CLR_1910_092,Surface Water,25.94394444,-81.47455556,,,EPA 1633,0,0,0,0,0,0,0,0,,,0,,,,,,,,,0,0,,,,,,,,,,,0,,,,,,,,,,,0,,0,,0,0,,,,,
Camacho_et_al_2024,CLR_1911_093,Surface Water,25.9405,-81.47016667,,,EPA 1633,0,0,0,0,0,0,0,0,,,0,,,,,,,,,0,0,,,,,,,,,,,0,,,,,,,,,,,0,,0,,0,0,,,,,
Camacho_et_al_2024,CLR_1912_094,Surface Water,25.93136111,-81.44444444,,,EPA 1633,0,0,0,0,0,0,0,0,,,0,,,,,,,,,0,0,,,,,,,,,,,0,,,,,,,,,,,0,,0,,0,0,,,,,
Camacho_et_al_2024,CLR_1913_095,Surface Water,25.92375,-81.41844444,,,EPA 1633,0,0,0,0,0,0,0,0,,,0,,,,,,,,,0,0,,,,,,,,,,,0,,,,,,,,,,,0,,0,,0,0,,,,,
Camacho_et_al_2024,CLR_1914_096,Surface Water,25.91469444,-81.37333333,,,EPA 1633,0,0,0,0,0,0,0,0,,,0,,,,,,,,,0,0,,,,,,,,,,,0,,,,,,,,,,,0,,0,,0,0,,,,,
Camacho_et_al_2024,CLR_1915_097,Surface Water,25.90530556,-81.34877778,,,EPA 1633,0,0,0,0,0,0,0,0,,,0,,,,,,,,,0,0,,,,,,,,,,,0,,,,,,,,,,,0,,0,,0,0,,,,,
Camacho_et_al_2024,CLR_1916_098,Surface Water,25.8915,-81.27075,,,EPA 1633,0,0,0,0,0,0,0,0,,,0,,,,,,,,,0,0,,,,,,,,,,,0,,,,,,,,,,,0,,0,,0,0,,,,,
Camacho_et_al_2024,CLR_1917_099,Surface Water,25.87655556,-81.22808333,,,EPA 1633,0,0,0,0,0,0,0,0,,,0,,,,,,,,,0,0,,,,,,,,,,,0,,,,,,,,,,,0,,0,,0,0,,,,,
Camacho_et_al_2024,CLR_1918_100,Surface Water,25.86711111,-81.13344444,,,EPA 1633,0,0,0,0,0,0,0,0,,,0,,,,,,,,,0,0,,,,,,,,,,,0,,,,,,,,,,,0,,0,,0,0,,,,,
Camacho_et_al_2024,CLR_1919_101,Surface Water,25.85944444,-81.10061111,,,EPA 1633,0,0,0,0,0,0,0,0,,,0,,,,,,,,,0,0,,,,,,,,,,,0,,,,,,,,,,,0,,0,,0,0,,,,,
Camacho_et_al_2024,CLR_1941_102,Surface Water,26.17466667,-80.89472222,,,EPA 1633,3.5,0,0,0,0,0,0,0,,,0,,,,,,,,,0,0,,,,,,,,,,,0,,,,,,,,,,,0,,0,,0,0,,,,,
Camacho_et_al_2024,CLR_1946_103,Surface Water,26.02258333,-81.61144444,,,EPA 1633,0,3.1,0,0,0,0,0,0,,,0,,,,,,,,,0,0,,,,,,,,,,,0,,,,,,,,,,,0,,0,,0,0,,,,,
Camacho_et_al_2024,CLM_1161_002,Surface Water,29.84398,-82.67477,,,EPA 1633,0,2.5,0,0,0.7,0,0,0,,,0,,,,,,,,,0,5.5,,,,,,,,,,,0,,,,,,,,,,,0,,0,,0,0,,,,,
Camacho_et_al_2024,CLM_1163_003,Surface Water,29.95149,-82.77828,,,EPA 1633,0,0,0,0,0,0,0,0,,,0,,,,,,,,,0,0,,,,,,,,,,,0,,,,,,,,,,,0,,0,,0,0,,,,,
Camacho_et_al_2024,CLM_1437_014,Surface Water,30.68178889,-82.56000833,,,EPA 1633,0,2.6,0,0,0.8,0,0,0,,,0,,,,,,,,,0,0,,,,,,,,,,,0,,,,,,,,,,,0,,0,,0,0,,,,,
Camacho_et_al_2024,CLM_1829_004,Surface Water,29.92708333,-82.56375,,,EPA 1633,0,2.2,0,0,0.6,0,0,0,,,0,,,,,,,,,0,0,,,,,,,,,,,0,,,,,,,,,,,0,,0,,0,0,,,,,
Camacho_et_al_2024,CLM_1830_005,Surface Water,29.84405556,-82.63197222,,,EPA 1633,0,2.3,0,0,0.7,0,0,0,,,0,,,,,,,,,0,4.3,,,,,,,,,,,0,,,,,,,,,,,0,,0,,0,0,,,,,
Camacho_et_al_2024,CLM_1831_006,Surface Water,29.83466667,-82.67733333,,,EPA 1633,0,2.5,0,0,0,0,0,0,,,0,,,,,,,,,0,0,,,,,,,,,,,0,,,,,,,,,,,0,,0,,0,0,,,,,
Camacho_et_al_2024,CLM_1832_007,Surface Water,29.86511111,-82.73936111,,,EPA 1633,0,2.6,0,0,0.7,0,0,0,,,0,,,,,,,,,0,0,,,,,,,,,,,0,,,,,,,,,,,0,,0,,0,0,,,,,
Camacho_et_al_2024,CLM_2146_015,Surface Water,29.91463889,-82.57955556,,,EPA 1633,0,2.7,0,0,0.6,0,0,0,,,0,,,,,,,,,0,4.9,,,,,,,,,,,0,,,,,,,,,,,0,,0,,0,0,,,,,
Camacho_et_al_2024,CLM_0077_008,Surface Water,30.328239,-82.759779,,,EPA 1633,0,2.7,0,0,0.7,0,0,0,,,0,,,,,,,,,0,0,,,,,,,,,,,0,,,,,,,,,,,0,,0,,0,0,,,,,
Camacho_et_al_2024,CLM_0078_009,Surface Water,30.185344,-82.643857,,,EPA 1633,9,9.4,0,2.3,1.5,13.6,9.1,0,,,0,,,,,,,,,0,11.5,,,,,,,,,,,0,,,,,,,,,,,0,,0,,0,0,,,,,
Camacho_et_al_2024,CLM_0079_010,Surface Water,30.190703,-82.635268,,,EPA 1633,7,9.1,0,2.7,1.2,13,8.6,0,,,0,,,,,,,,,0,7.5,,,,,,,,,,,0,,,,,,,,,,,0,,0,,0,0,,,,,
Camacho_et_al_2024,CLM_0080_011,Surface Water,30.169153,-82.6159,,,EPA 1633,18.5,8.2,10,0,3.1,35,13.8,9.5,,,0,,,,,,,,,0,11.9,,,,,,,,,,,0,,,,,,,,,,,0,,0,,0,0,,,,,
Camacho_et_al_2024,CLM_0081_012,Surface Water,30.193357,-82.602911,,,EPA 1633,5.4,5.3,0,0,0.9,11.9,8.7,0,,,0,,,,,,,,,0,5.9,,,,,,,,,,,0,,,,,,,,,,,0,,0,,0,0,,,,,
Camacho_et_al_2024,CLM_0082_013,Surface Water,30.170171,-82.565978,,,EPA 1633,38.2,21,0,1.8,6.2,32.3,20.5,17.6,,,0,,,,,,,,,0,0,,,,,,,,,,,0,,,,,,,,,,,0,,0,,0,0,,,,,
Camacho_et_al_2024,DES_0009_001,Surface Water,27.04388889,-81.98583333,,,EPA 1633,4.7,4.1,0,0,0,0,4.5,3.1,,,0,,,,,,,,,0,5,,,,,,,,,,,0,,,,,,,,,,,0,,0,,0,0,,,,,
Camacho_et_al_2024,DES_1991_002,Surface Water,27.074775,-81.988275,,,EPA 1633,4.7,4.4,0,0,0,0,6.2,3.5,,,0,,,,,,,,,0,6.1,,,,,,,,,,,0,,,,,,,,,,,0,,0,,0,0,,,,,
Camacho_et_al_2024,DES_1992_003,Surface Water,27.04380833,-81.98575278,,,EPA 1633,5.3,4.1,0,0,0,0,5.7,3.4,,,0,,,,,,,,,0,3.2,,,,,,,,,,,0,,,,,,,,,,,0,,0,,0,0,,,,,
Camacho_et_al_2024,DES_2000_004,Surface Water,27.15467222,-81.9675,,,EPA 1633,0,0,0,0,0,0,0,0,,,0,,,,,,,,,0,0,,,,,,,,,,,0,,,,,,,,,,,0,,0,,0,0,,,,,
Camacho_et_al_2024,DES_2001_005,Surface Water,27.16216667,-81.90196667,,,EPA 1633,6.8,4.7,0,0,4.5,0,5.6,3.7,,,0,,,,,,,,,0,3.6,,,,,,,,,,,0,,,,,,,,,,,0,,0,,0,0,,,,,
Camacho_et_al_2024,DES_2002_006,Surface Water,27.22125278,-81.87661944,,,EPA 1633,5.1,4.8,0,0,4,0,5.5,3,,,0,,,,,,,,,0,5,,,,,,,,,,,0,,,,,,,,,,,0,,0,,0,0,,,,,
Camacho_et_al_2024,DES_2240_007,Surface Water,27.224135,-81.882027,,,EPA 1633,4.2,5.6,0,0,0,0,0,4.4,,,0,,,,,,,,,0,5.3,,,,,,,,,,,0,,,,,,,,,,,0,,0,,0,0,,,,,
Camacho_et_al_2024,DES_2485_008,Surface Water,27.29791,-81.84628,,,EPA 1633,2.2,3.1,0,0,0,0,0,0,,,0,,,,,,,,,0,3.9,,,,,,,,,,,0,,,,,,,,,,,0,,0,,0,0,,,,,
Camacho_et_al_2024,DIX_0109_001,Surface Water,29.3547,-83.2324,,,EPA 1633,0,0,0,0,0,0,0,0,,,0,,,,,,,,,0,0,,,,,,,,,,,0,,,,,,,,,,,0,,0,,0,0,,,,,
Camacho_et_al_2024,DIX_0110_002,Surface Water,29.4025,-83.2345,,,EPA 1633,0,0,0,0,0,0,0,0,,,0,,,,,,,,,0,0,,,,,,,,,,,0,,,,,,,,,,,0,,0,,0,0,,,,,
Camacho_et_al_2024,DIX_0111_003,Surface Water,29.3958,-83.2223,,,EPA 1633,0,0,0,0,0,0,0,0,,,0,,,,,,,,,0,0,,,,,,,,,,,0,,,,,,,,,,,0,,0,,0,0,,,,,
Camacho_et_al_2024,DIX_0112_004,Surface Water,29.4445,-83.2032,,,EPA 1633,0,0,0,0,0,0,0,0,,,0,,,,,,,,,0,0,,,,,,,,,,,0,,,,,,,,,,,0,,0,,0,0,,,,,
Camacho_et_al_2024,DIX_0113_005,Surface Water,29.4621,-83.3447,,,EPA 1633,5.1,0,0,0,0,0,0,0,,,0,,,,,,,,,0,0,,,,,,,,,,,0,,,,,,,,,,,0,,0,,0,0,,,,,
Camacho_et_al_2024,DIX_0114_006,Surface Water,29.4947,-83.3536,,,EPA 1633,0,0,0,0,0,0,0,0,,,0,,,,,,,,,0,0,,,,,,,,,,,0,,,,,,,,,,,0,,0,,0,0,,,,,
Camacho_et_al_2024,DIX_0115_007,Surface Water,29.5524,-83.3914,,,EPA 1633,0,0,0,0,0,0,0,0,,,0,,,,,,,,,0,0,,,,,,,,,,,0,,,,,,,,,,,0,,0,,0,0,,,,,
Camacho_et_al_2024,DIX_0116_008,Surface Water,29.565,-83.3641,,,EPA 1633,0,0,0,0,0,0,0,0,,,0,,,,,,,,,0,0,,,,,,,,,,,0,,,,,,,,,,,0,,0,,0,0,,,,,
Camacho_et_al_2024,DIX_1421_009,Surface Water,29.32110833,-83.14447222,,,EPA 1633,0,0,0,0,0,0,0,0,,,0,,,,,,,,,0,0,,,,,,,,,,,0,,,,,,,,,,,0,,0,,0,0,,,,,
Camacho_et_al_2024,DIX_1423_010,Surface Water,29.46384167,-83.00048056,,,EPA 1633,0,0,0,0,0,0,0,0,,,0,,,,,,,,,0,0,,,,,,,,,,,0,,,,,,,,,,,0,,0,,0,0,,,,,
Camacho_et_al_2024,DIX_1425_011,Surface Water,29.58885833,-82.93756389,,,EPA 1633,0,0,0,0,0,0,0,0,,,0,,,,,,,,,0,0,,,,,,,,,,,0,,,,,,,,,,,0,,0,,0,0,,,,,
Camacho_et_al_2024,DIX_1679_012,Surface Water,29.77966667,-82.93983333,,,EPA 1633,0,0,0,0,0,0,0,0,,,0,,,,,,,,,0,0,,,,,,,,,,,0,,,,,,,,,,,0,,0,,0,0,,,,,
Camacho_et_al_2024,DIX_1689_013,Surface Water,29.58997222,-82.93775,,,EPA 1633,0,0,0,0,0,0,0,0,,,0,,,,,,,,,0,0,,,,,,,,,,,0,,,,,,,,,,,0,,0,,0,0,,,,,
Camacho_et_al_2024,DIX_2409_018,Surface Water,29.43992,-83.29359,,,EPA 1633,0,1.4,0,0,0,0,0,0,,,0,,,,,,,,,0,0,,,,,,,,,,,0,,,,,,,,,,,0,,0,,0,0,,,,,
Camacho_et_al_2024,DUV_0199_001,Surface Water,30.475,-81.68444444,,,EPA 1633,0,55.8,20.6,0,10.8,308.2,72.9,26.4,,,0,,,,,,,,,56.8,47.8,,,,,,,,,,,0,,,,,,,,,,,0,,0,,0,0,,,,,
Camacho_et_al_2024,DUV_0200_002,Surface Water,30.50166667,-81.66388889,,,EPA 1633,0,0,0,0,0,0,0,0,,,0,,,,,,,,,0,0,,,,,,,,,,,0,,,,,,,,,,,0,,0,,0,0,,,,,
Camacho_et_al_2024,DUV_0201_003,Surface Water,30.44611111,-81.67111111,,,EPA 1633,96.8,19.6,8.9,0,4.3,134.5,26.2,11.6,,,0,,,,,,,,,27.5,15.1,,,,,,,,,,,0,,,,,,,,,,,0,,0,,0,0,,,,,
Camacho_et_al_2024,DUV_0202_004,Surface Water,30.39777778,-81.58666667,,,EPA 1633,0,2.8,0,0,0,0,0,0,,,0,,,,,,,,,0,0,,,,,,,,,,,0,,,,,,,,,,,0,,0,,0,0,,,,,
Camacho_et_al_2024,DUV_0208_005,Surface Water,30.51055556,-81.46055556,,,EPA 1633,0,0,0,0,0,0,0,0,,,0,,,,,,,,,0,0,,,,,,,,,,,0,,,,,,,,,,,0,,0,,0,0,,,,,
Camacho_et_al_2024,DUV_0210_006,Surface Water,30.46333333,-81.43166667,,,EPA 1633,0,0,0,0,0,0,0,0,,,0,,,,,,,,,0,0,,,,,,,,,,,0,,,,,,,,,,,0,,0,,0,0,,,,,
Camacho_et_al_2024,DUV_0211_007,Surface Water,30.40638889,-81.4125,,,EPA 1633,0,0,0,0,0,0,0,0,,,0,,,,,,,,,0,0,,,,,,,,,,,0,,,,,,,,,,,0,,0,,0,0,,,,,
Camacho_et_al_2024,DUV_0212_008,Surface Water,30.39416667,-81.4375,,,EPA 1633,0,0,0,0,0,0,0,0,,,0,,,,,,,,,0,0,,,,,,,,,,,0,,,,,,,,,,,0,,0,,0,0,,,,,
Camacho_et_al_2024,DUV_0213_009,Surface Water,30.37611111,-81.43611111,,,EPA 1633,0,2.1,0,0,0,0,0,0,,,0,,,,,,,,,0,0,,,,,,,,,,,0,,,,,,,,,,,0,,0,,0,0,,,,,
Camacho_et_al_2024,DUV_0214_010,Surface Water,30.37027778,-81.41194444,,,EPA 1633,20.1,7.9,7.6,0,0,25.7,8.1,4.9,,,0,,,,,,,,,0,5.2,,,,,,,,,,,0,,,,,,,,,,,0,,0,,0,0,,,,,
Camacho_et_al_2024,DUV_0302_011,Surface Water,30.2942,-81.3892,,,EPA 1633,0,0,0,0,0,0,0,0,,,0,,,,,,,,,0,0,,,,,,,,,,,0,,,,,,,,,,,0,,0,,0,0,,,,,
Camacho_et_al_2024,DUV_0303_012,Surface Water,30.2747,-81.3998,,,EPA 1633,16.6,8.9,6.5,0,0,26.5,10.4,6.2,,,0,,,,,,,,,0,10.5,,,,,,,,,,,0,,,,,,,,,,,0,,0,,0,0,,,,,
Camacho_et_al_2024,DUV_0304_013,Surface Water,30.2665,-81.3901,,,EPA 1633,0,2.6,0,0,0,0,0,0,,,0,,,,,,,,,0,0,,,,,,,,,,,0,,,,,,,,,,,0,,0,,0,0,,,,,
Camacho_et_al_2024,DUV_0332_015,Surface Water,30.2821,-81.7088,,,EPA 1633,6.6,5.4,6.5,0,0,16.7,6,3.5,,,0,,,,,,,,,0,3.3,,,,,,,,,,,0,,,,,,,,,,,0,,0,,0,0,,,,,
Camacho_et_al_2024,DUV_0333_016,Surface Water,30.2901,-81.7124,,,EPA 1633,20.7,12.3,6.8,0,2.8,20.5,14.1,7.8,,,0,,,,,,,,,0,11.8,,,,,,,,,,,0,,,,,,,,,,,0,,0,,0,0,,,,,
Camacho_et_al_2024,DUV_0334_017,Surface Water,30.2738,-81.7008,,,EPA 1633,0,3.3,0,0,0,0,0,0,,,0,,,,,,,,,0,0,,,,,,,,,,,0,,,,,,,,,,,0,,0,,0,0,,,,,
Camacho_et_al_2024,DUV_0335_018,Surface Water,30.2523,-81.6885,,,EPA 1633,5.1,3.3,0,0,0,15.1,4.3,2.7,,,0,,,,,,,,,0,0,,,,,,,,,,,0,,,,,,,,,,,0,,0,,0,0,,,,,
Camacho_et_al_2024,DUV_0336_019,Surface Water,30.2784,-81.7175,,,EPA 1633,6.9,5.1,0,0,0.6,18.6,5.6,3.8,,,0,,,,,,,,,0,4.8,,,,,,,,,,,0,,,,,,,,,,,0,,0,,0,0,,,,,
Camacho_et_al_2024,DUV_0337_020,Surface Water,30.2736,-81.741,,,EPA 1633,11.9,9.9,0,0,1.4,20.4,12.3,6.7,,,0,,,,,,,,,0,10,,,,,,,,,,,0,,,,,,,,,,,0,,0,,0,0,,,,,
Camacho_et_al_2024,DUV_0338_021,Surface Water,30.2822,-81.7408,,,EPA 1633,13.5,8.2,6.8,0,0,23.6,11.1,5.5,,,0,,,,,,,,,0,7.5,,,,,,,,,,,0,,,,,,,,,,,0,,0,,0,0,,,,,
Camacho_et_al_2024,DUV_0339_022,Surface Water,30.2897,-81.7578,,,EPA 1633,9.1,5.1,6.6,0,0,20,7.2,3.5,,,0,,,,,,,,,0,6.2,,,,,,,,,,,0,,,,,,,,,,,0,,0,,0,0,,,,,
Camacho_et_al_2024,DUV_0540_024,Surface Water,30.4175,-81.53805556,,,EPA 1633,0,0,0,0,0,0,0,0,,,0,,,,,,,,,0,0,,,,,,,,,,,0,,,,,,,,,,,0,,0,,0,0,,,,,
Camacho_et_al_2024,DUV_0541_025,Surface Water,30.27416667,-81.73277778,,,EPA 1633,10.6,4.2,0,4.2,0.8,20.9,6.5,0,,,0,,,,,,,,,0,4.7,,,,,,,,,,,0,,,,,,,,,,,0,,0,,0,0,,,,,
Camacho_et_al_2024,DUV_0542_026,Surface Water,30.31888889,-81.66055556,,,EPA 1633,4,2.2,0,0,0,0,0,0,,,0,,,,,,,,,0,0,,,,,,,,,,,0,,,,,,,,,,,0,,0,,0,0,,,,,
Camacho_et_al_2024,DUV_0543_027,Surface Water,30.37111111,-81.63916667,,,EPA 1633,33.1,8.1,8.6,0,3.3,36.2,11.1,5.8,,,0,,,,,,,,,0,7.1,,,,,,,,,,,0,,,,,,,,,,,0,,0,,0,0,,,,,
Camacho_et_al_2024,DUV_0544_028,Surface Water,30.38888889,-81.62,,,EPA 1633,0,1.9,0,0,0,0,0,0,,,0,,,,,,,,,0,0,,,,,,,,,,,0,,,,,,,,,,,0,,0,,0,0,,,,,
Camacho_et_al_2024,DUV_0545_029,Surface Water,30.37111111,-81.43222222,,,EPA 1633,0,0,0,0,0,0,0,0,,,0,,,,,,,,,0,0,,,,,,,,,,,0,,,,,,,,,,,0,,0,,0,0,,,,,
Camacho_et_al_2024,DUV_0546_030,Surface Water,30.36777778,-81.40277778,,,EPA 1633,6.4,5.1,0,0,2.3,0,5.7,4.1,,,0,,,,,,,,,0,3.1,,,,,,,,,,,0,,,,,,,,,,,0,,0,,0,0,,,,,
Camacho_et_al_2024,DUV_0547_031,Surface Water,30.35611111,-81.42805556,,,EPA 1633,0,1.7,0,0,0,0,3.3,0,,,0,,,,,,,,,0,0,,,,,,,,,,,0,,,,,,,,,,,0,,0,,0,0,,,,,
Camacho_et_al_2024,DUV_0548_032,Surface Water,30.32194444,-81.44111111,,,EPA 1633,0,2,0,0,0,0,0,0,,,0,,,,,,,,,0,0,,,,,,,,,,,0,,,,,,,,,,,0,,0,,0,0,,,,,
Camacho_et_al_2024,DUV_0550_034,Surface Water,30.25916667,-81.72722222,,,EPA 1633,11.9,8.3,0,4.8,1.1,21.8,10.1,6.2,,,0,,,,,,,,,0,9.5,,,,,,,,,,,0,,,,,,,,,,,0,,0,,0,0,,,,,
Camacho_et_al_2024,DUV_0551_035,Surface Water,30.31,-81.68027778,,,EPA 1633,6.1,3.8,0,0,0,14.6,5,3.3,,,0,,,,,,,,,0,2.9,,,,,,,,,,,0,,,,,,,,,,,0,,0,,0,0,,,,,
Camacho_et_al_2024,DUV_1117_036,Surface Water,30.1353,-81.596,,,EPA 1633,3.7,3.7,6.6,0,0,0,0,0,,,0,,,,,,,,,0,3.2,,,,,,,,,,,0,,,,,,,,,,,0,,0,,0,0,,,,,
Camacho_et_al_2024,DUV_1118_037,Surface Water,30.1454,-81.5538,,,EPA 1633,0,3.1,0,0,0.2,0,0,2.8,,,0,,,,,,,,,0,4.4,,,,,,,,,,,0,,,,,,,,,,,0,,0,,0,0,,,,,
Camacho_et_al_2024,DUV_1119_038,Surface Water,30.1336,-81.6341,,,EPA 1633,0,3,0,0,0,0,0,0,,,0,,,,,,,,,0,2.8,,,,,,,,,,,0,,,,,,,,,,,0,,0,,0,0,,,,,
Camacho_et_al_2024,DUV_1120_039,Surface Water,30.1491,-81.6283,,,EPA 1633,9.2,6.8,0,0,0.7,6.5,6.6,4.4,,,0,,,,,,,,,0,8.9,,,,,,,,,,,0,,,,,,,,,,,0,,0,,0,0,,,,,
Camacho_et_al_2024,DUV_1121_040,Surface Water,30.2157,-81.6166,,,EPA 1633,4.9,3.2,0,0,0,0,0,2.9,,,0,,,,,,,,,0,4.8,,,,,,,,,,,0,,,,,,,,,,,0,,0,,0,0,,,,,
Camacho_et_al_2024,DUV_1122_041,Surface Water,30.2258,-81.6041,,,EPA 1633,15.5,10.6,0,0,1.6,9.9,9.3,6.6,,,0,,,,,,,,,0,8.5,,,,,,,,,,,0,,,,,,,,,,,0,,0,,0,0,,,,,
Camacho_et_al_2024,DUV_1123_042,Surface Water,30.2537,-81.6404,,,EPA 1633,0,3.1,0,0,0.3,0,2.8,2.9,,,0,,,,,,,,,0,3.7,,,,,,,,,,,0,,,,,,,,,,,0,,0,,0,0,,,,,
Camacho_et_al_2024,DUV_1124_043,Surface Water,30.2623,-81.6467,,,EPA 1633,4.7,3.2,0,0,0.2,0,3,2.7,,,0,,,,,,,,,0,3.8,,,,,,,,,,,0,,,,,,,,,,,0,,0,,0,0,,,,,
Camacho_et_al_2024,DUV_1131_044,Surface Water,30.2594,-81.7276,,,EPA 1633,12.1,8.2,0,0,1.1,9.5,8.3,4.8,,,0,,,,,,,,,0,7.1,,,,,,,,,,,0,,,,,,,,,,,0,,0,,0,0,,,,,
Camacho_et_al_2024,DUV_1132_045,Surface Water,30.2602,-81.7477,,,EPA 1633,9.9,9.1,0,0,0.6,10,11.8,6.5,,,0,,,,,,,,,0,12.5,,,,,,,,,,,0,,,,,,,,,,,0,,0,,0,0,,,,,
Camacho_et_al_2024,DUV_1186_046,Surface Water,30.291177,-81.421601,,,EPA 1633,5.2,2.7,0,0,0.1,0,3.1,2.6,,,0,,,,,,,,,0,3.2,,,,,,,,,,,0,,,,,,,,,,,0,,0,,0,0,,,,,
Camacho_et_al_2024,DUV_1190_047,Surface Water,30.388701,-81.471125,,,EPA 1633,0,2,1.3,0,0,0,2.2,2.2,,,0,,,,,,,,,0,3.1,,,,,,,,,,,0,,,,,,,,,,,0,,0,,0,0,,,,,
Camacho_et_al_2024,DUV_1191_048,Surface Water,30.398738,-81.456203,,,EPA 1633,13.8,3.1,0,0,1.2,0,2.5,2.4,,,0,,,,,,,,,0,2.5,,,,,,,,,,,0,,,,,,,,,,,0,,0,,0,0,,,,,
Camacho_et_al_2024,DUV_1192_049,Surface Water,30.440231,-81.429397,,,EPA 1633,0,1.8,0,0,0,0,0,0,,,0,,,,,,,,,0,2.7,,,,,,,,,,,0,,,,,,,,,,,0,,0,,0,0,,,,,
Camacho_et_al_2024,DUV_2257_056,Surface Water,30.38922,-81.50775,,,EPA 1633,2.3,2.6,0,0,0,0,0,0,,,0,,,,,,,,,0,2.3,,,,,,,,,,,0,,,,,,,,,,,0,,0,,0,0,,,,,
Camacho_et_al_2024,DUV_2258_057,Surface Water,30.39271,-81.64759,,,EPA 1633,17.2,4.2,0,2.9,0,5.3,8.1,0,,,0,,,,,,,,,0,3.5,,,,,,,,,,,0,,,,,,,,,,,0,,0,,0,0,,,,,
Camacho_et_al_2024,DUV_2259_058,Surface Water,30.40356,-81.66342,,,EPA 1633,4.7,4.5,0,0,1.9,7.6,6.5,4.3,,,0,,,,,,,,,0,5.2,,,,,,,,,,,0,,,,,,,,,,,0,,0,,0,0,,,,,
Camacho_et_al_2024,DUV_2260_059,Surface Water,30.39228,-81.71868,,,EPA 1633,3.9,4,0,0,0,6.2,0,0,,,0,,,,,,,,,0,3.9,,,,,,,,,,,0,,,,,,,,,,,0,,0,,0,0,,,,,
Camacho_et_al_2024,DUV_2261_060,Surface Water,30.43117,-81.7241,,,EPA 1633,0,0,0,0,0,0,0,0,,,0,,,,,,,,,0,0,,,,,,,,,,,0,,,,,,,,,,,0,,0,,0,0,,,,,
Camacho_et_al_2024,DUV_2262_061,Surface Water,30.43805,-81.76307,,,EPA 1633,2.1,5.5,0,0,0,5.2,0,5.1,,,0,,,,,,,,,0,0,,,,,,,,,,,0,,,,,,,,,,,0,,0,,0,0,,,,,
Camacho_et_al_2024,DUV_2263_062,Surface Water,30.28718,-81.56981,,,EPA 1633,7.7,6.6,0,0,0,6.3,0,3.8,,,0,,,,,,,,,0,6.2,,,,,,,,,,,0,,,,,,,,,,,0,,0,,0,0,,,,,
Camacho_et_al_2024,DUV_2264_063,Surface Water,30.22353,-81.51229,,,EPA 1633,0,2,0,0,0,0,0,0,,,0,,,,,,,,,0,3.2,,,,,,,,,,,0,,,,,,,,,,,0,,0,,0,0,,,,,
Camacho_et_al_2024,DUV_2265_064,Surface Water,30.56459,-81.6138,,,EPA 1633,2.4,2.2,0,0,0,4.6,0,0,,,0,,,,,,,,,0,0,,,,,,,,,,,0,,,,,,,,,,,0,,0,,0,0,,,,,
Camacho_et_al_2024,DUV_2266_065,Surface Water,30.39718,-81.68512,,,EPA 1633,5.5,4.1,0,0,0,7.3,0,0,,,0,,,,,,,,,0,3.6,,,,,,,,,,,0,,,,,,,,,,,0,,0,,0,0,,,,,
Camacho_et_al_2024,DUV_2267_066,Surface Water,30.39722,-81.42834,,,EPA 1633,2,1.6,0,0,0,0,0,0,,,0,,,,,,,,,0,0,,,,,,,,,,,0,,,,,,,,,,,0,,0,,0,0,,,,,
Camacho_et_al_2024,DUV_2269_067,Surface Water,30.28176,-81.74017,,,EPA 1633,12.4,9.3,0,0,2.4,19.1,12.6,7.8,,,0,,,,,,,,,0,9.4,,,,,,,,,,,0,,,,,,,,,,,0,,0,,0,0,,,,,
Camacho_et_al_2024,DUV_2269_068,Surface Water,30.46112,-81.83236,,,EPA 1633,0,1.3,0,0,0,0,0,0,,,0,,,,,,,,,0,0,,,,,,,,,,,0,,,,,,,,,,,0,,0,,0,0,,,,,
Camacho_et_al_2024,ESC_0785_001,Surface Water,30.362459,-87.344598,,,EPA 1633,2.1,1.9,0,0,1.7,0,0,0,,,0,,,,,,,,,0,1.3,,,,,,,,,,,0,,,,,,,,,,,0,,0,,0,0,,,,,
Camacho_et_al_2024,ESC_0786_002,Surface Water,30.377438,-87.316726,,,EPA 1633,8.5,5.3,0,0,0,0,0,0,,,0,,,,,,,,,0,4.7,,,,,,,,,,,0,,,,,,,,,,,0,,0,,0,0,,,,,
Camacho_et_al_2024,ESC_0787_003,Surface Water,30.374229,-87.275813,,,EPA 1633,7.5,2,0,0,0,0,0,0,,,0,,,,,,,,,0,0.5,,,,,,,,,,,0,,,,,,,,,,,0,,0,,0,0,,,,,
Camacho_et_al_2024,ESC_0789_005,Surface Water,30.46014,-87.208935,,,EPA 1633,3.1,4.4,0,0,0,0,4.7,3.9,,,0,,,,,,,,,0,4.2,,,,,,,,,,,0,,,,,,,,,,,0,,0,,0,0,,,,,
Camacho_et_al_2024,ESC_0790_006,Surface Water,30.432109,-87.188821,,,EPA 1633,2.3,2,0,0,0,0,0,1.8,,,0,,,,,,,,,0,1.3,,,,,,,,,,,0,,,,,,,,,,,0,,0,,0,0,,,,,
Camacho_et_al_2024,ESC_0791_007,Surface Water,30.506011,-87.160964,,,EPA 1633,1,1.4,0,0,0,0,0,0,,,0,,,,,,,,,0,0.4,,,,,,,,,,,0,,,,,,,,,,,0,,0,,0,0,,,,,
Camacho_et_al_2024,ESC_0793_008,Surface Water,30.547069,-87.196239,,,EPA 1633,0.9,1.7,0,0,0,0,0,0,,,0,,,,,,,,,0,1.4,,,,,,,,,,,0,,,,,,,,,,,0,,0,,0,0,,,,,
Camacho_et_al_2024,ESC_0794_009,Surface Water,30.618085,-87.263009,,,EPA 1633,1.9,5.1,0,0,0,0,5.4,0,,,0,,,,,,,,,0,4.1,,,,,,,,,,,0,,,,,,,,,,,0,,0,,0,0,,,,,
Camacho_et_al_2024,ESC_1110_011,Surface Water,30.4308497,-87.18787653,,,EPA 1633,0,2.6,0,0,0,0,4.2,0,,,0,,,,,,,,,0,2.5,,,,,,,,,,,0,,,,,,,,,,,0,,0,,0,0,,,,,
Camacho_et_al_2024,ESC_1111_012,Surface Water,30.54556209,-87.22943246,,,EPA 1633,2.7,4,0,0,0,0,3.2,0,,,0,,,,,,,,,0,2.7,,,,,,,,,,,0,,,,,,,,,,,0,,0,,0,0,,,,,
Camacho_et_al_2024,ESC_1114_013,Surface Water,30.40587079,-87.21459296,,,EPA 1633,7,7.9,0,0,1.7,0,8.4,6.5,,,0,,,,,,,,,0,10,,,,,,,,,,,0,,,,,,,,,,,0,,0,,0,0,,,,,
Camacho_et_al_2024,ESC_1115_014,Surface Water,30.40982911,-87.25758456,,,EPA 1633,10.9,8.2,0,0.7,2.8,0,8.4,11.4,,,0,,,,,,,,,0,5,,,,,,,,,,,0,,,,,,,,,,,0,,0,,0,0,,,,,
Camacho_et_al_2024,ESC_1116_015,Surface Water,30.45084874,-87.28020275,,,EPA 1633,5.7,4.7,0,0,2.3,0,3.3,3.2,,,0,,,,,,,,,0,5.8,,,,,,,,,,,0,,,,,,,,,,,0,,0,,0,0,,,,,
Camacho_et_al_2024,ESC_1415_016,Surface Water,30.478775,-87.26858333,,,EPA 1633,11.8,23.7,0,3.5,4.1,0,31.2,20.3,,,0,,,,,,,,,0,11.1,,,,,,,,,,,0,,,,,,,,,,,0,,0,,0,0,,,,,
Camacho_et_al_2024,ESC_1416_017,Surface Water,30.30083889,-87.44701111,,,EPA 1633,0,1.2,0,0,0,0,0,0,,,0,,,,,,,,,0,0,,,,,,,,,,,0,,,,,,,,,,,0,,0,,0,0,,,,,
Camacho_et_al_2024,ESC_1417_018,Surface Water,30.38260833,-87.42593889,,,EPA 1633,0,2.8,0,0,0,0,0,0,,,0,,,,,,,,,0,0,,,,,,,,,,,0,,,,,,,,,,,0,,0,,0,0,,,,,
Camacho_et_al_2024,ESC_1536_020,Surface Water,30.45512778,-87.16731944,,,EPA 1633,0,0.6,0,0,0,0,0,0,,,0,,,,,,,,,0,0,,,,,,,,,,,0,,,,,,,,,,,0,,0,,0,0,,,,,
Camacho_et_al_2024,ESC_1570_021,Surface Water,30.294113,-87.469777,,,EPA 1633,0,0.9,0,0,0,0,0,0,,,0,,,,,,,,,0,0,,,,,,,,,,,0,,,,,,,,,,,0,,0,,0,0,,,,,
Camacho_et_al_2024,ESC_1571_022,Surface Water,30.368547,-87.409683,,,EPA 1633,0,1.6,0,0,0,0,0,0,,,0,,,,,,,,,0,0,,,,,,,,,,,0,,,,,,,,,,,0,,0,,0,0,,,,,
Camacho_et_al_2024,ESC_1572_023,Surface Water,30.523548,-87.445082,,,EPA 1633,1.8,4.6,0,1.6,1.4,0,4.3,2.9,,,0,,,,,,,,,0,0.3,,,,,,,,,,,0,,,,,,,,,,,0,,0,,0,0,,,,,
Camacho_et_al_2024,ESC_1573_024,Surface Water,30.311826,-87.42228,,,EPA 1633,0,1.6,0,0,0,0,0,0,,,0,,,,,,,,,0,0.4,,,,,,,,,,,0,,,,,,,,,,,0,,0,,0,0,,,,,
Camacho_et_al_2024,ESC_1574_025,Surface Water,30.426228,-87.186616,,,EPA 1633,2,2.2,0,0,0,0,2.1,0,,,0,,,,,,,,,0,2.1,,,,,,,,,,,0,,,,,,,,,,,0,,0,,0,0,,,,,
Camacho_et_al_2024,ESC_1575_026,Surface Water,30.479545,-87.162058,,,EPA 1633,1.9,0.8,0,0,0,0,0,0,,,0,,,,,,,,,0,0,,,,,,,,,,,0,,,,,,,,,,,0,,0,,0,0,,,,,
Camacho_et_al_2024,ESC_1785_027,Surface Water,30.39613889,-87.18297222,,,EPA 1633,0,0.5,0,0,0,0,0,0,,,0,,,,,,,,,0,0.3,,,,,,,,,,,0,,,,,,,,,,,0,,0,,0,0,,,,,
Camacho_et_al_2024,ESC_1786_028,Surface Water,30.46494444,-87.37388889,,,EPA 1633,8.3,16.4,0,0,0,8.4,4.9,0,,,0,,,,,,,,,0,2,,,,,,,,,,,0,,,,,,,,,,,0,,0,,0,0,,,,,
Camacho_et_al_2024,ESC_1789_029,Surface Water,30.37255556,-87.26813889,,,EPA 1633,2.1,1.1,0,0,0,0,0,0,,,0,,,,,,,,,0,0.5,,,,,,,,,,,0,,,,,,,,,,,0,,0,,0,0,,,,,
Camacho_et_al_2024,ESC_1790_030,Surface Water,30.46863889,-87.15566667,,,EPA 1633,0,0,0,0,0,0,0,0,,,0,,,,,,,,,0,0,,,,,,,,,,,0,,,,,,,,,,,0,,0,,0,0,,,,,
Camacho_et_al_2024,ESC_1791_031,Surface Water,30.45327778,-87.13947222,,,EPA 1633,0,0.7,0,0,0,0,0,0,,,0,,,,,,,,,0,0,,,,,,,,,,,0,,,,,,,,,,,0,,0,,0,0,,,,,
Camacho_et_al_2024,ESC_1792_032,Surface Water,30.43027778,-87.34238889,,,EPA 1633,2.5,6.2,0,0.7,0,0,4.2,2.3,,,0,,,,,,,,,0,2.3,,,,,,,,,,,0,,,,,,,,,,,0,,0,,0,0,,,,,
Camacho_et_al_2024,ESC_1793_033,Surface Water,30.46363889,-87.37811111,,,EPA 1633,0,7,0,0.9,0,0,0,0,,,0,,,,,,,,,0,0,,,,,,,,,,,0,,,,,,,,,,,0,,0,,0,0,,,,,
Camacho_et_al_2024,ESC_1794_034,Surface Water,30.45397222,-87.36111111,,,EPA 1633,1.5,4.2,0,1.3,0,0,3.9,0,,,0,,,,,,,,,0,0,,,,,,,,,,,0,,,,,,,,,,,0,,0,,0,0,,,,,
Camacho_et_al_2024,ESC_1796_035,Surface Water,30.45133333,-87.38891667,,,EPA 1633,1.7,4,0,1.3,1.4,0,3,2,,,0,,,,,,,,,0,0.5,,,,,,,,,,,0,,,,,,,,,,,0,,0,,0,0,,,,,
Camacho_et_al_2024,ESC_1798_036,Surface Water,30.51519444,-87.15805556,,,EPA 1633,0,0.6,0,0,0,0,0,0,,,0,,,,,,,,,0,0,,,,,,,,,,,0,,,,,,,,,,,0,,0,,0,0,,,,,
Camacho_et_al_2024,ESC_1799_037,Surface Water,30.56230556,-87.21825,,,EPA 1633,1.5,2.6,0,0,1.3,0,0,0,,,0,,,,,,,,,0,2.2,,,,,,,,,,,0,,,,,,,,,,,0,,0,,0,0,,,,,
Camacho_et_al_2024,ESC_1800_038,Surface Water,30.4915,-87.14458333,,,EPA 1633,0,0.7,0,0,0,0,0,0,,,0,,,,,,,,,0,0,,,,,,,,,,,0,,,,,,,,,,,0,,0,,0,0,,,,,
Camacho_et_al_2024,ESC_1803_039,Surface Water,30.59808333,-87.24669444,,,EPA 1633,0,0.6,0,0,0,0,0,0,,,0,,,,,,,,,0,0,,,,,,,,,,,0,,,,,,,,,,,0,,0,,0,0,,,,,
Camacho_et_al_2024,ESC_1804_040,Surface Water,30.59591667,-87.24197222,,,EPA 1633,0,0,0,0,0,0,0,0,,,0,,,,,,,,,0,0,,,,,,,,,,,0,,,,,,,,,,,0,,0,,0,0,,,,,
Camacho_et_al_2024,ESC_1805_041,Surface Water,30.34052778,-87.30708333,,,EPA 1633,0,0.7,0,0,0,0,0,0,,,0,,,,,,,,,0,0,,,,,,,,,,,0,,,,,,,,,,,0,,0,,0,0,,,,,
Camacho_et_al_2024,ESC_1807_042,Surface Water,30.54758333,-87.33033333,,,EPA 1633,2.7,1.4,0,0,0,0,0,0,,,0,,,,,,,,,0,1.6,,,,,,,,,,,0,,,,,,,,,,,0,,0,,0,0,,,,,
Camacho_et_al_2024,ESC_1808_043,Surface Water,30.47388889,-87.20988889,,,EPA 1633,1.9,1.2,0,0,0,0,3.8,0,,,0,,,,,,,,,0,0.6,,,,,,,,,,,0,,,,,,,,,,,0,,0,,0,0,,,,,
Camacho_et_al_2024,ESC_1810_045,Surface Water,30.41991667,-87.19358333,,,EPA 1633,0,0,0,0,0,0,0,0,,,0,,,,,,,,,0,0,,,,,,,,,,,0,,,,,,,,,,,0,,0,,0,0,,,,,
Camacho_et_al_2024,ESC_1811_046,Surface Water,30.4,-87.24238889,,,EPA 1633,1.2,1,0,0,0,0,0,0,,,0,,,,,,,,,0,0,,,,,,,,,,,0,,,,,,,,,,,0,,0,,0,0,,,,,
Camacho_et_al_2024,ESC_1812_047,Surface Water,30.38113889,-87.28222222,,,EPA 1633,1.8,1.1,0,0,0,0,0,0,,,0,,,,,,,,,0,0.5,,,,,,,,,,,0,,,,,,,,,,,0,,0,,0,0,,,,,
Camacho_et_al_2024,ESC_1813_048,Surface Water,30.35272222,-87.42177778,,,EPA 1633,0,1.9,0,0,0,0,0,0,,,0,,,,,,,,,0,0.6,,,,,,,,,,,0,,,,,,,,,,,0,,0,,0,0,,,,,
Camacho_et_al_2024,ESC_1814_049,Surface Water,30.31497222,-87.38388889,,,EPA 1633,0,1.3,0,0,0,0,2.8,0,,,0,,,,,,,,,0,0.3,,,,,,,,,,,0,,,,,,,,,,,0,,0,,0,0,,,,,
Camacho_et_al_2024,ESC_1815_050,Surface Water,30.33088889,-87.25038889,,,EPA 1633,0,0.7,0,0,0,0,0,0,,,0,,,,,,,,,0,0,,,,,,,,,,,0,,,,,,,,,,,0,,0,,0,0,,,,,
Camacho_et_al_2024,ESC_2188_054,Surface Water,30.96662,-87.2344,,,EPA 1633,0,0.9,0,0,0,0,0,0,,,0,,,,,,,,,0,0,,,,,,,,,,,0,,,,,,,,,,,0,,0,,0,0,,,,,
Camacho_et_al_2024,ESC_2189_055,Surface Water,30.96753,-87.29263,,,EPA 1633,0,0,0,0,0,0,0,0,,,0,,,,,,,,,0,0,,,,,,,,,,,0,,,,,,,,,,,0,,0,,0,0,,,,,
Camacho_et_al_2024,ESC_2190_056,Surface Water,30.93422,-87.26949,,,EPA 1633,0,1,0,0,0,0,0,0,,,0,,,,,,,,,0,0,,,,,,,,,,,0,,,,,,,,,,,0,,0,,0,0,,,,,
Camacho_et_al_2024,ESC_2191_057,Surface Water,30.85518,-87.31167,,,EPA 1633,0.8,0.9,0,0,0,0,0,0,,,0,,,,,,,,,0,0,,,,,,,,,,,0,,,,,,,,,,,0,,0,,0,0,,,,,
Camacho_et_al_2024,ESC_2192_058,Surface Water,30.72384,-87.30589,,,EPA 1633,0,1.1,0,0,0,0,0,0,,,0,,,,,,,,,0,0,,,,,,,,,,,0,,,,,,,,,,,0,,0,,0,0,,,,,
Camacho_et_al_2024,ESC_2439_059,Surface Water,30.73251,-87.28514,,,EPA 1633,0,1.5,0,0,0,0,0,0,,,0,,,,,,,,,0,0,,,,,,,,,,,0,,,,,,,,,,,0,,0,,0,0,,,,,
Camacho_et_al_2024,FLG_0384_001,Surface Water,29.59911,-81.256607,,,EPA 1633,0,0,0,0,0,0,0,0,,,0,,,,,,,,,0,0,,,,,,,,,,,0,,,,,,,,,,,0,,0,,0,0,,,,,
Camacho_et_al_2024,FLG_0385_002,Surface Water,29.608717,-81.274208,,,EPA 1633,0,0,0,0,0,0,0,0,,,0,,,,,,,,,0,0,,,,,,,,,,,0,,,,,,,,,,,0,,0,,0,0,,,,,
Camacho_et_al_2024,FLG_0386_003,Surface Water,29.576452,-81.231105,,,EPA 1633,0,0,0,0,0,0,0,0,,,0,,,,,,,,,0,0,,,,,,,,,,,0,,,,,,,,,,,0,,0,,0,0,,,,,
Camacho_et_al_2024,FLG_0387_004,Surface Water,29.581528,-81.211113,,,EPA 1633,0,0,0,0,0,0,0,0,,,0,,,,,,,,,0,0,,,,,,,,,,,0,,,,,,,,,,,0,,0,,0,0,,,,,
Camacho_et_al_2024,FLG_0388_005,Surface Water,29.592242,-81.205502,,,EPA 1633,0,0,0,0,0,0,0,0,,,0,,,,,,,,,0,0,,,,,,,,,,,0,,,,,,,,,,,0,,0,,0,0,,,,,
Camacho_et_al_2024,FLG_0389_006,Surface Water,29.603727,-81.204477,,,EPA 1633,0,0,0,0,0,0,0,0,,,0,,,,,,,,,0,0,,,,,,,,,,,0,,,,,,,,,,,0,,0,,0,0,,,,,
Camacho_et_al_2024,FLG_0390_007,Surface Water,29.576565,-81.193851,,,EPA 1633,0,0,0,0,0,0,0,0,,,0,,,,,,,,,0,0,,,,,,,,,,,0,,,,,,,,,,,0,,0,,0,0,,,,,
Camacho_et_al_2024,FLG_0391_008,Surface Water,29.569686,-81.2048,,,EPA 1633,0,0,0,0,0,0,0,0,,,0,,,,,,,,,0,0,,,,,,,,,,,0,,,,,,,,,,,0,,0,,0,0,,,,,
Camacho_et_al_2024,FLG_0392_009,Surface Water,29.563447,-81.20949,,,EPA 1633,0,0,0,0,0,0,0,0,,,0,,,,,,,,,0,0,,,,,,,,,,,0,,,,,,,,,,,0,,0,,0,0,,,,,
Camacho_et_al_2024,FLG_0393_010,Surface Water,29.549634,-81.228226,,,EPA 1633,3.1,0,0,0,0,0,0,0,,,0,,,,,,,,,0,0,,,,,,,,,,,0,,,,,,,,,,,0,,0,,0,0,,,,,
Camacho_et_al_2024,FLG_1395_012,Surface Water,29.66780556,-81.21644444,,,EPA 1633,0,0,0,0,0,0,0,0,,,0,,,,,,,,,0,0,,,,,,,,,,,0,,,,,,,,,,,0,,0,,0,0,,,,,
Camacho_et_al_2024,FLG_1397_013,Surface Water,29.66430556,-81.22891667,,,EPA 1633,0,0,0,0,0,0,0,0,,,0,,,,,,,,,0,0,,,,,,,,,,,0,,,,,,,,,,,0,,0,,0,0,,,,,
Camacho_et_al_2024,FLG_1548_015,Surface Water,29.6157,-81.2048,,,EPA 1633,0,0,0,0,0,0,0,0,,,0,,,,,,,,,0,0,,,,,,,,,,,0,,,,,,,,,,,0,,0,,0,0,,,,,
Camacho_et_al_2024,FLG_1549_016,Surface Water,29.6151,-81.2029,,,EPA 1633,0,0,0,0,0,0,0,0,,,0,,,,,,,,,0,0,,,,,,,,,,,0,,,,,,,,,,,0,,0,,0,0,,,,,
Camacho_et_al_2024,FLG_1550_017,Surface Water,29.5592,-81.1759,,,EPA 1633,0,0,0,0,0,0,0,0,,,0,,,,,,,,,0,0,,,,,,,,,,,0,,,,,,,,,,,0,,0,,0,0,,,,,
Camacho_et_al_2024,FLG_1551_018,Surface Water,29.5836,-81.2133,,,EPA 1633,0,0,0,0,0,0,0,0,,,0,,,,,,,,,0,0,,,,,,,,,,,0,,,,,,,,,,,0,,0,,0,0,,,,,
Camacho_et_al_2024,FLG_1552_019,Surface Water,29.5736,-81.2329,,,EPA 1633,0,0,0,0,0,0,0,0,,,0,,,,,,,,,0,0,,,,,,,,,,,0,,,,,,,,,,,0,,0,,0,0,,,,,
Camacho_et_al_2024,FLG_1553_020,Surface Water,29.6372,-81.2668,,,EPA 1633,0,0,0,0,0,0,0,0,,,0,,,,,,,,,0,0,,,,,,,,,,,0,,,,,,,,,,,0,,0,,0,0,,,,,
Camacho_et_al_2024,FLG_1554_021,Surface Water,29.6536,-81.2425,,,EPA 1633,0,0,0,0,0,0,0,0,,,0,,,,,,,,,0,0,,,,,,,,,,,0,,,,,,,,,,,0,,0,,0,0,,,,,
Camacho_et_al_2024,FLG_1555_022,Surface Water,29.6591,-81.2371,,,EPA 1633,0,0,0,0,0,0,0,0,,,0,,,,,,,,,0,0,,,,,,,,,,,0,,,,,,,,,,,0,,0,,0,0,,,,,
Camacho_et_al_2024,FLG_1556_023,Surface Water,29.6521,-81.2772,,,EPA 1633,0,0,0,0,0,0,0,0,,,0,,,,,,,,,0,0,,,,,,,,,,,0,,,,,,,,,,,0,,0,,0,0,,,,,
Camacho_et_al_2024,FLG_2486_024,Surface Water,29.49661,-81.21836,,,EPA 1633,0,2.3,0,0,0,0,0,0,,,0,,,,,,,,,0,3.4,,,,,,,,,,,0,,,,,,,,,,,0,,0,,0,0,,,,,
Camacho_et_al_2024,FLG_2487_025,Surface Water,29.477,-81.1356,,,EPA 1633,3,3.2,0,0,0,0,4.9,0,,,0,,,,,,,,,0,2.7,,,,,,,,,,,0,,,,,,,,,,,0,,0,,0,0,,,,,
Camacho_et_al_2024,FLG_2488_026,Surface Water,29.47973,-81.12651,,,EPA 1633,0,1.1,0,0,0,0,0,0,,,0,,,,,,,,,0,0,,,,,,,,,,,0,,,,,,,,,,,0,,0,,0,0,,,,,
Camacho_et_al_2024,FLG_2489_027,Surface Water,29.43804,-81.10995,,,EPA 1633,2.7,3.2,0,0,0,4.4,0,0,,,0,,,,,,,,,0,3.2,,,,,,,,,,,0,,,,,,,,,,,0,,0,,0,0,,,,,
Camacho_et_al_2024,FLG_2575_028,Surface Water,29.42294,-81.43521,,,EPA 1633,0,0,0,0,0,0,0,0,,,0,,,,,,,,,0,0,,,,,,,,,,,0,,,,,,,,,,,0,,0,,0,0,,,,,
Camacho_et_al_2024,FRA_0123_024,Surface Water,29.896477,-84.380306,,,EPA 1633,0,1.7,0,0,0,0,0,0,,,0,,,,,,,,,0,0,,,,,,,,,,,0,,,,,,,,,,,0,,0,,0,0,,,,,
Camacho_et_al_2024,FRA_0124_025,Surface Water,29.926235,-84.625078,,,EPA 1633,0,0,0,0,0,0,0,0,,,0,,,,,,,,,0,0,,,,,,,,,,,0,,,,,,,,,,,0,,0,,0,0,,,,,
Camacho_et_al_2024,FRA_1472_001,Surface Water,29.7435,-84.99931667,,,EPA 1633,3.5,3,0,0,0,0,2.2,0.8,,,0,,,,,,,,,0,0,,,,,,,,,,,0,,,,,,,,,,,0,,0,,0,0,,,,,
Camacho_et_al_2024,FRA_1473_002,Surface Water,29.81858333,-84.87515,,,EPA 1633,0,2.4,0,0,0,0,1.8,0,,,0,,,,,,,,,0,0,,,,,,,,,,,0,,,,,,,,,,,0,,0,,0,0,,,,,
Camacho_et_al_2024,FRA_1474_003,Surface Water,29.73161667,-84.9399,,,EPA 1633,0,2.5,0,0,0,0,1.6,0,,,0,,,,,,,,,0,0,,,,,,,,,,,0,,,,,,,,,,,0,,0,,0,0,,,,,
Camacho_et_al_2024,FRA_1475_004,Surface Water,29.7015,-84.8805,,,EPA 1633,0,2.2,0,0,0,0,1.7,0,,,0,,,,,,,,,0,0,,,,,,,,,,,0,,,,,,,,,,,0,,0,,0,0,,,,,
Camacho_et_al_2024,FRA_1476_005,Surface Water,29.65396667,-84.92963333,,,EPA 1633,0,2.4,0,2.2,0,0,1.7,0,,,0,,,,,,,,,0,1.5,,,,,,,,,,,0,,,,,,,,,,,0,,0,,0,0,,,,,
Camacho_et_al_2024,FRA_1477_006,Surface Water,29.617,-84.96208333,,,EPA 1633,0,0,0,0,0,0,0.9,0,,,0,,,,,,,,,0,0,,,,,,,,,,,0,,,,,,,,,,,0,,0,,0,0,,,,,
Camacho_et_al_2024,FRA_1478_007,Surface Water,29.60135,-85.02771667,,,EPA 1633,0,2,0,0,0,0,1.3,0,,,0,,,,,,,,,0,0,,,,,,,,,,,0,,,,,,,,,,,0,,0,,0,0,,,,,
Camacho_et_al_2024,FRA_1479_008,Surface Water,29.63303333,-85.08771667,,,EPA 1633,0,0,0,0,0,0,1.2,0,,,0,,,,,,,,,0,0,,,,,,,,,,,0,,,,,,,,,,,0,,0,,0,0,,,,,
Camacho_et_al_2024,FRA_1480_009,Surface Water,29.67968333,-85.05728333,,,EPA 1633,0,2,0,0,0,0,1.3,0,,,0,,,,,,,,,0,1.3,,,,,,,,,,,0,,,,,,,,,,,0,,0,,0,0,,,,,
Camacho_et_al_2024,FRA_1481_010,Surface Water,29.66995,-84.98793333,,,EPA 1633,0,2.2,0,0,0,0,1.6,0,,,0,,,,,,,,,0,1.3,,,,,,,,,,,0,,,,,,,,,,,0,,0,,0,0,,,,,
Camacho_et_al_2024,FRA_1838_011,Surface Water,29.96127778,-84.38475,,,EPA 1633,0,0,0,0,0,0,0,0,,,0,,,,,,,,,0,0,,,,,,,,,,,0,,,,,,,,,,,0,,0,,0,0,,,,,
Camacho_et_al_2024,FRA_1839_012,Surface Water,29.9165,-84.51252778,,,EPA 1633,0,0,0,0,0,0,0,0,,,0,,,,,,,,,0,0,,,,,,,,,,,0,,,,,,,,,,,0,,0,,0,0,,,,,
Camacho_et_al_2024,FRA_1841_013,Surface Water,29.91191667,-84.36755556,,,EPA 1633,0,0,0,0,0,0,0,0,,,0,,,,,,,,,0,0,,,,,,,,,,,0,,,,,,,,,,,0,,0,,0,0,,,,,
Camacho_et_al_2024,FRA_1842_014,Surface Water,29.90063889,-84.39758333,,,EPA 1633,0,0,0,0,0,0,0.9,0,,,0,,,,,,,,,0,1.1,,,,,,,,,,,0,,,,,,,,,,,0,,0,,0,0,,,,,
Camacho_et_al_2024,FRA_1843_015,Surface Water,29.94769444,-84.34172222,,,EPA 1633,0,2.2,0,0,1.3,0,0,0,,,0,,,,,,,,,0,0,,,,,,,,,,,0,,,,,,,,,,,0,,0,,0,0,,,,,
Camacho_et_al_2024,FRA_1845_016,Surface Water,29.71297222,-85.02077778,,,EPA 1633,0,2.3,0,0,0,0,0,0,,,0,,,,,,,,,0,0,,,,,,,,,,,0,,,,,,,,,,,0,,0,,0,0,,,,,
Camacho_et_al_2024,FRA_1846_017,Surface Water,29.76844444,-85.04319444,,,EPA 1633,0,2.8,0,0,0,0,1.9,0,,,0,,,,,,,,,0,1.3,,,,,,,,,,,0,,,,,,,,,,,0,,0,,0,0,,,,,
Camacho_et_al_2024,FRA_1847_018,Surface Water,29.7235,-84.98202778,,,EPA 1633,0,2.8,0,0,0,0,2.2,0.7,,,0,,,,,,,,,0,2.3,,,,,,,,,,,0,,,,,,,,,,,0,,0,,0,0,,,,,
Camacho_et_al_2024,FRA_1848_019,Surface Water,29.81669444,-84.83697222,,,EPA 1633,0,0,0,0,0,0,0,0,,,0,,,,,,,,,0,0,,,,,,,,,,,0,,,,,,,,,,,0,,0,,0,0,,,,,
Camacho_et_al_2024,FRA_1849_020,Surface Water,29.85352778,-84.97336111,,,EPA 1633,0,0,0,0,0,0,0,0,,,0,,,,,,,,,0,0,,,,,,,,,,,0,,,,,,,,,,,0,,0,,0,0,,,,,
Camacho_et_al_2024,FRA_1850_021,Surface Water,29.85227778,-84.66844444,,,EPA 1633,0,2.2,0,0,0.9,0,1.9,0,,,0,,,,,,,,,0,2.2,,,,,,,,,,,0,,,,,,,,,,,0,,0,,0,0,,,,,
Camacho_et_al_2024,FRA_1851_022,Surface Water,29.84647222,-84.66436111,,,EPA 1633,0,0,0,0,0,0,0,0,,,0,,,,,,,,,0,0,,,,,,,,,,,0,,,,,,,,,,,0,,0,,0,0,,,,,
Camacho_et_al_2024,FRA_2632_027,Surface Water,30.0075,-84.99722,,,EPA 1633,0,0,0,0,0,0,0,0,,,0,,,,,,,,,0,0,,,,,,,,,,,0,,,,,,,,,,,0,,0,,0,0,,,,,
Camacho_et_al_2024,GAD_1376_001,Surface Water,30.6695,-84.3052,,,EPA 1633,0,2.1,0,0,1.4,0,0,0,,,0,,,,,,,,,0,0,,,,,,,,,,,0,,,,,,,,,,,0,,0,,0,0,,,,,
Camacho_et_al_2024,GAD_1378_002,Surface Water,30.46,-84.4985,,,EPA 1633,4,2.4,0,0,1.5,0,0,0,,,0,,,,,,,,,0,0,,,,,,,,,,,0,,,,,,,,,,,0,,0,,0,0,,,,,
Camacho_et_al_2024,GAD_1379_003,Surface Water,30.4752,-84.4098,,,EPA 1633,3.8,2.5,0,0,1.5,0,0,3,,,0,,,,,,,,,0,0,,,,,,,,,,,1.9,,,,,,,,,,,0,,0,,0,0,,,,,
Camacho_et_al_2024,GAD_1382_004,Surface Water,30.586,-84.3594,,,EPA 1633,3.9,2.3,0,0,1.5,0,0,2.6,,,0,,,,,,,,,0,5.1,,,,,,,,,,,0,,,,,,,,,,,0,,0,,0,0,,,,,
Camacho_et_al_2024,GAD_2385_006,Surface Water,30.700833,-84.856667,,,EPA 1633,2,3.1,0,0.4,0,0,0,2.1,,,0,,,,,,,,,0,1.9,,,,,,,,,,,0,,,,,,,,,,,0,,0,,0,0,,,,,
Camacho_et_al_2024,GAD_2386_007,Surface Water,30.664444,-84.732778,,,EPA 1633,0,1.3,0,0,0,0,0,0,,,0,,,,,,,,,0,0,,,,,,,,,,,0,,,,,,,,,,,0,,0,,0,0,,,,,
Camacho_et_al_2024,GIL_1427_002,Surface Water,29.7954,-82.91935556,,,EPA 1633,0,1.3,0,0,0,0,0,0,,,0,,,,,,,,,0,0,,,,,,,,,,,0,,,,,,,,,,,0,,0,,0,0,,,,,
Camacho_et_al_2024,GIL_1681_003,Surface Water,29.86469444,-82.73994444,,,EPA 1633,0,0,0,0,0,0,0,0,,,0,,,,,,,,,0,0.1,,,,,,,,,,,0,,,,,,,,,,,0,,0,,0,0,,,,,
Camacho_et_al_2024,GIL_1686_004,Surface Water,29.72227778,-82.94277778,,,EPA 1633,0,0,0,0,0,0,2.7,0,,,0,,,,,,,,,0,0,,,,,,,,,,,0,,,,,,,,,,,0,,0,,0,0,,,,,
Camacho_et_al_2024,GIL_1687_005,Surface Water,29.67436111,-82.95458333,,,EPA 1633,0,0,0,0,0,0,0,0,,,0,,,,,,,,,0,0,,,,,,,,,,,0,,,,,,,,,,,0,,0,,0,0,,,,,
Camacho_et_al_2024,GIL_1688_006,Surface Water,29.64405556,-82.94308333,,,EPA 1633,0,0,0,0,0,0,0,0,,,0,,,,,,,,,0,0,,,,,,,,,,,0,,,,,,,,,,,0,,0,,0,0,,,,,
Camacho_et_al_2024,GIL_1828_007,Surface Water,29.70897222,-82.73244444,,,EPA 1633,0,0,0,0,0,0,0,0,,,0,,,,,,,,,0,0,,,,,,,,,,,0,,,,,,,,,,,0,,0,,0,0,,,,,
Camacho_et_al_2024,GLA_0249_001,Surface Water,26.839951,-81.08733,,,EPA 1633,0,1.9,0,0,0,0,3.2,1.9,,,0,,,,,,,,,0,0.9,,,,,,,,,,,0,,,,,,,,,,,0,,0,,0,0,,,,,
Camacho_et_al_2024,GLA_1207_008,Surface Water,26.86441,-81.082166,,,EPA 1633,0,2.9,0,0,0,0,6.3,3.2,,,0,,,,,,,,,0,0.9,,,,,,,,,,,0,,,,,,,,,,,0,,0,,0,0,,,,,
Camacho_et_al_2024,GLA_1208_009,Surface Water,26.97599,-81.082533,,,EPA 1633,0,2.1,0,0,0,0,3.9,2.2,,,0,,,,,,,,,0,0,,,,,,,,,,,0,,,,,,,,,,,0,,0,,0,0,,,,,
Camacho_et_al_2024,GLA_1209_010,Surface Water,26.94762,-81.046356,,,EPA 1633,0,2.1,0,0,0,0,3.8,0,,,0,,,,,,,,,0,1.3,,,,,,,,,,,0,,,,,,,,,,,0,,0,,0,0,,,,,
Camacho_et_al_2024,GLA_1210_011,Surface Water,26.9177,-81.04969,,,EPA 1633,0,2.1,0,0,0,0,4.2,2.3,,,0,,,,,,,,,0,1,,,,,,,,,,,0,,,,,,,,,,,0,,0,,0,0,,,,,
Camacho_et_al_2024,GLA_1213_014,Surface Water,26.83837,-81.058038,,,EPA 1633,0,2.5,0,0,0,0,4.5,2.7,,,0,,,,,,,,,0,1.7,,,,,,,,,,,0,,,,,,,,,,,0,,0,,0,0,,,,,
Camacho_et_al_2024,GLA_1214_015,Surface Water,26.96962,-81.045795,,,EPA 1633,0,2.3,0,0,0,0,0,2.4,,,0,,,,,,,,,0,1.6,,,,,,,,,,,0,,,,,,,,,,,0,,0,,0,0,,,,,
Camacho_et_al_2024,GLA_1215_016,Surface Water,26.94159,-81.013503,,,EPA 1633,0,2.1,0,0,0,0,4,2.4,,,0,,,,,,,,,0,0,,,,,,,,,,,0,,,,,,,,,,,0,,0,,0,0,,,,,
Camacho_et_al_2024,GLA_1220_021,Surface Water,26.99483,-81.010053,,,EPA 1633,0,3.4,0,0,0,0,5.6,2.7,,,0,,,,,,,,,0,1.3,,,,,,,,,,,0,,,,,,,,,,,0,,0,,0,0,,,,,
Camacho_et_al_2024,GLA_1221_022,Surface Water,26.98507,-81.029152,,,EPA 1633,0,2.8,0,0,0,0,5.8,3.3,,,0,,,,,,,,,0,1.4,,,,,,,,,,,0,,,,,,,,,,,0,,0,,0,0,,,,,
Camacho_et_al_2024,GLA_1222_023,Surface Water,26.95514,-80.996061,,,EPA 1633,4.4,3.5,0,0,0,0,5.8,3.2,,,0,,,,,,,,,0,1.9,,,,,,,,,,,0,,,,,,,,,,,0,,0,,0,0,,,,,
Camacho_et_al_2024,GLA_1226_027,Surface Water,26.99373,-80.979219,,,EPA 1633,0,2.9,0,0,0,0,5.2,3.2,,,0,,,,,,,,,0,2,,,,,,,,,,,0,,,,,,,,,,,0,,0,,0,0,,,,,
Camacho_et_al_2024,GLA_1227_028,Surface Water,26.98359,-80.991764,,,EPA 1633,0,3.7,0,0,0,0,6.2,3.4,,,0,,,,,,,,,0,1.9,,,,,,,,,,,0,,,,,,,,,,,0,,0,,0,0,,,,,
Camacho_et_al_2024,GLA_1228_029,Surface Water,26.94949,-80.959955,,,EPA 1633,0,3,0,0,0,0,5.8,3.1,,,0,,,,,,,,,0,2.8,,,,,,,,,,,0,,,,,,,,,,,0,,0,,0,0,,,,,
Camacho_et_al_2024,GLA_1229_030,Surface Water,26.92475,-80.963296,,,EPA 1633,0,1.6,0,0,0,0,3.7,2.1,,,0,,,,,,,,,0,1.5,,,,,,,,,,,0,,,,,,,,,,,0,,0,,0,0,,,,,
Camacho_et_al_2024,GLA_1230_031,Surface Water,26.89614,-80.962867,,,EPA 1633,0,2.2,0,0,0,0,4.8,2.7,,,0,,,,,,,,,0,2.4,,,,,,,,,,,0,,,,,,,,,,,0,,0,,0,0,,,,,
Camacho_et_al_2024,GLA_1231_032,Surface Water,26.85923,-80.951064,,,EPA 1633,0,2,0,0,0,0,4.4,2.6,,,0,,,,,,,,,0,1.5,,,,,,,,,,,0,,,,,,,,,,,0,,0,,0,0,,,,,
Camacho_et_al_2024,GLA_1232_033,Surface Water,27.05181,-80.946299,,,EPA 1633,0,1.7,0,0,3.9,0,0,0,,,0,,,,,,,,,0,0,,,,,,,,,,,0,,,,,,,,,,,0,,0,,0,0,,,,,
Camacho_et_al_2024,GLA_1233_034,Surface Water,27.02275,-80.944538,,,EPA 1633,0,2.2,0,0,0,0,4.4,2.5,,,0,,,,,,,,,0,1.6,,,,,,,,,,,0,,,,,,,,,,,0,,0,,0,0,,,,,
Camacho_et_al_2024,GLA_1234_035,Surface Water,27.00512,-80.946473,,,EPA 1633,0,2.6,0,0,0,0,5.3,3.3,,,0,,,,,,,,,0,1.8,,,,,,,,,,,0,,,,,,,,,,,0,,0,,0,0,,,,,
Camacho_et_al_2024,GLA_1235_036,Surface Water,26.98247,-80.95984,,,EPA 1633,0,2.8,0,0,0,0,5.9,3.2,,,0,,,,,,,,,0,2,,,,,,,,,,,0,,,,,,,,,,,0,,0,,0,0,,,,,
Camacho_et_al_2024,GLA_1236_037,Surface Water,26.94956,-80.924865,,,EPA 1633,0,2.5,0,0,0,0,5,2.8,,,0,,,,,,,,,0,1.9,,,,,,,,,,,0,,,,,,,,,,,0,,0,,0,0,,,,,
Camacho_et_al_2024,GLA_1237_038,Surface Water,26.92424,-80.929612,,,EPA 1633,0,2.2,0,0,0,0,4.9,2.9,,,0,,,,,,,,,0,1.1,,,,,,,,,,,0,,,,,,,,,,,0,,0,,0,0,,,,,
Camacho_et_al_2024,GLA_1238_039,Surface Water,26.89521,-80.931204,,,EPA 1633,0,2,0,0,0,0,4.6,2.4,,,0,,,,,,,,,0,2,,,,,,,,,,,0,,,,,,,,,,,0,,0,,0,0,,,,,
Camacho_et_al_2024,GLA_1243_041,Surface Water,27.07723,-80.91359,,,EPA 1633,0,1.7,0,0,0,0,0,2,,,0,,,,,,,,,0,0.4,,,,,,,,,,,0,,,,,,,,,,,0,,0,,0,0,,,,,
Camacho_et_al_2024,GLA_1244_042,Surface Water,27.04831,-80.916818,,,EPA 1633,0,2.7,0,0,0,0,5.3,3.2,,,0,,,,,,,,,0,1.9,,,,,,,,,,,0,,,,,,,,,,,0,,0,,0,0,,,,,
Camacho_et_al_2024,GLA_1245_043,Surface Water,27.02933,-80.914662,,,EPA 1633,0,2.4,0,0,0,0,4.7,2.7,,,0,,,,,,,,,0,1.7,,,,,,,,,,,0,,,,,,,,,,,0,,0,,0,0,,,,,
Camacho_et_al_2024,GLA_1246_044,Surface Water,26.99883,-80.915666,,,EPA 1633,0,2,0,0,0,0,4,2.3,,,0,,,,,,,,,0,1.1,,,,,,,,,,,0,,,,,,,,,,,0,,0,,0,0,,,,,
Camacho_et_al_2024,GLA_1247_045,Surface Water,26.97794,-80.926511,,,EPA 1633,0,2.2,0,0,0,0,4.6,2.5,,,0,,,,,,,,,0,2.5,,,,,,,,,,,0,,,,,,,,,,,0,,0,,0,0,,,,,
Camacho_et_al_2024,GLA_1248_046,Surface Water,26.94799,-80.894607,,,EPA 1633,0,2.1,0,0,0,0,4.9,2.8,,,0,,,,,,,,,0,1.2,,,,,,,,,,,0,,,,,,,,,,,0,,0,,0,0,,,,,
Camacho_et_al_2024,GLA_1255_047,Surface Water,27.11334,-80.887579,,,EPA 1633,0,2.3,0,0,0,0,0,0,,,0,,,,,,,,,0,0,,,,,,,,,,,0,,,,,,,,,,,0,,0,,0,0,,,,,
Camacho_et_al_2024,GLA_1257_049,Surface Water,27.0611,-80.888654,,,EPA 1633,0,2.8,0,0,0,0,6.3,3.2,,,0,,,,,,,,,0,2.8,,,,,,,,,,,0,,,,,,,,,,,0,,0,,0,0,,,,,
Camacho_et_al_2024,GLA_1258_050,Surface Water,27.02803,-80.883668,,,EPA 1633,0,2.2,0,0,0,0,4.9,2.6,,,0,,,,,,,,,0,1.4,,,,,,,,,,,0,,,,,,,,,,,0,,0,,0,0,,,,,
Camacho_et_al_2024,GLA_1259_051,Surface Water,27.00043,-80.883217,,,EPA 1633,0,2.4,0,0,0,0,5.1,3.1,,,0,,,,,,,,,0,1.8,,,,,,,,,,,0,,,,,,,,,,,0,,0,,0,0,,,,,
Camacho_et_al_2024,GLA_1260_052,Surface Water,26.98083,-80.894136,,,EPA 1633,0,2.3,0,0,0,0,5.3,3,,,0,,,,,,,,,0,2.8,,,,,,,,,,,0,,,,,,,,,,,0,,0,,0,0,,,,,
Camacho_et_al_2024,GLA_2049_053,Surface Water,26.83991667,-81.08213889,,,EPA 1633,4.7,2.2,0,0,0,0,4.9,2.8,,,0,,,,,,,,,0,1.8,,,,,,,,,,,0,,,,,,,,,,,0,,0,,0,0,,,,,
Camacho_et_al_2024,GLA_2050_054,Surface Water,26.77136111,-81.39083333,,,EPA 1633,4.1,2.4,0,0,0,0,4.9,2.4,,,0,,,,,,,,,0,1.4,,,,,,,,,,,0,,,,,,,,,,,0,,0,,0,0,,,,,
Camacho_et_al_2024,GLA_2051_055,Surface Water,26.98661111,-81.06611111,,,EPA 1633,0,2,0,0,0,0,4.2,2.7,,,0,,,,,,,,,0,1.2,,,,,,,,,,,0,,,,,,,,,,,0,,0,,0,0,,,,,
Camacho_et_al_2024,GLA_2053_056,Surface Water,26.93355556,-81.31463889,,,EPA 1633,0,2.4,0,0,0,0,0,0,,,0,,,,,,,,,0,2.2,,,,,,,,,,,0,,,,,,,,,,,0,,0,,0,0,,,,,
Camacho_et_al_2024,GLA_2056_057,Surface Water,26.78983333,-81.30880556,,,EPA 1633,0,2.2,0,0,0,0,4.1,2.4,,,0,,,,,,,,,0,1.2,,,,,,,,,,,0,,,,,,,,,,,0,,0,,0,0,,,,,
Camacho_et_al_2024,GLA_2143_058,Surface Water,27.04261111,-80.94780556,,,EPA 1633,0,3,0,0,0,0,3.6,0,,,0,,,,,,,,,0,1,,,,,,,,,,,0,,,,,,,,,,,0,,0,,0,0,,,,,
Camacho_et_al_2024,GLA_2145_059,Surface Water,26.971,-81.10047222,,,EPA 1633,0,2,0,0,4.3,0,0,0,,,0,,,,,,,,,0,1.1,,,,,,,,,,,0,,,,,,,,,,,0,,0,,0,0,,,,,
Camacho_et_al_2024,GUL_1439_001,Surface Water,29.83220833,-85.31318889,,,EPA 1633,0,2.8,0,0,0,0,0,0,,,0,,,,,,,,,0,0,,,,,,,,,,,0,,,,,,,,,,,0,,0,,0,0,,,,,
Camacho_et_al_2024,GUL_1445_002,Surface Water,29.79580278,-85.29006389,,,EPA 1633,4.3,4,0,0,0.8,0,3.9,3.8,,,0,,,,,,,,,0,7.6,,,,,,,,,,,0,,,,,,,,,,,0,,0,,0,0,,,,,
Camacho_et_al_2024,GUL_1446_003,Surface Water,29.79815278,-85.29785556,,,EPA 1633,5.7,4.5,0,1.5,0.9,0,3.4,3.4,,,0,,,,,,,,,0,0,,,,,,,,,,,0,,,,,,,,,,,0,,0,,0,0,,,,,
Camacho_et_al_2024,GUL_1447_004,Surface Water,29.81229167,-85.29061389,,,EPA 1633,4.8,4.8,0,0,1.3,0,0,0,,,0,,,,,,,,,0,0,,,,,,,,,,,0,,,,,,,,,,,0,,0,,0,0,,,,,
Camacho_et_al_2024,GUL_1448_005,Surface Water,29.83911389,-85.31288611,,,EPA 1633,15.5,13.1,0,2,2,16.6,8.7,8.1,,,0,,,,,,,,,0,12.8,,,,,,,,,,,0,,,,,,,,,,,0,,0,,0,0,,,,,
Camacho_et_al_2024,GUL_1449_006,Surface Water,29.81095,-85.30578611,,,EPA 1633,0,2.6,0,1.8,0,0,2.7,0,,,0,,,,,,,,,0,0,,,,,,,,,,,0,,,,,,,,,,,0,,0,,0,0,,,,,
Camacho_et_al_2024,GUL_1453_007,Surface Water,29.88058333,-85.22117222,,,EPA 1633,3.9,4.7,0,0,0.8,0,0,3.7,,,0,,,,,,,,,0,0,,,,,,,,,,,0,,,,,,,,,,,0,,0,,0,0,,,,,
Camacho_et_al_2024,GUL_1454_008,Surface Water,29.81517222,-85.31177778,,,EPA 1633,0,2.5,0,1.6,0,0,2.3,0,,,0,,,,,,,,,0,0,,,,,,,,,,,0,,,,,,,,,,,0,,0,,0,0,,,,,
Camacho_et_al_2024,GUL_1844_009,Surface Water,29.88069444,-85.22113889,,,EPA 1633,0,2.9,0,0,0,0,0,0,,,0,,,,,,,,,0,0,,,,,,,,,,,0,,,,,,,,,,,0,,0,,0,0,,,,,
Camacho_et_al_2024,GUL_2319_010,Surface Water,30.0882,-85.17873,,,EPA 1633,0,1.8,0,0,0,0,0,0,,,0,,,,,,,,,0,0,,,,,,,,,,,0,,,,,,,,,,,0,,0,,0,0,,,,,
Camacho_et_al_2024,GUL_2387_011,Surface Water,30.13646,-85.19943,,,EPA 1633,0,1,0,0,0,0,0,0,,,0,,,,,,,,,0,0,,,,,,,,,,,0,,,,,,,,,,,0,,0,,0,0,,,,,
Camacho_et_al_2024,GUL_2388_012,Surface Water,30.131944,-85.1425,,,EPA 1633,2.2,3.8,0,0,0,0,4.7,3.1,,,0,,,,,,,,,0,2.2,,,,,,,,,,,0,,,,,,,,,,,0,,0,,0,0,,,,,
Camacho_et_al_2024,GUL_2389_013,Surface Water,30.08833,-85.17888,,,EPA 1633,0,2.6,0,0,0,0,0,0,,,0,,,,,,,,,0,1.2,,,,,,,,,,,0,,,,,,,,,,,0,,0,,0,0,,,,,
Camacho_et_al_2024,GUL_2390_014,Surface Water,30.243611,-85.200278,,,EPA 1633,0,0,0,0,0,0,0,0,,,0,,,,,,,,,0,0,,,,,,,,,,,0,,,,,,,,,,,0,,0,,0,0,,,,,
Camacho_et_al_2024,GUL_2391_015,Surface Water,30.11638,-85.20027,,,EPA 1633,0,2.1,0,0,0,0,0,0,,,0,,,,,,,,,0,0,,,,,,,,,,,0,,,,,,,,,,,0,,0,,0,0,,,,,
Camacho_et_al_2024,GUL_2393_017,Surface Water,29.683611,-85.222778,,,EPA 1633,0,2.5,0,0,0,0,0,0,,,0,,,,,,,,,0,1,,,,,,,,,,,0,,,,,,,,,,,0,,0,,0,0,,,,,
Camacho_et_al_2024,GUL_2576_018,Surface Water,29.71861111,-85.28555556,,,EPA 1633,0,1.3,0,0,0,0,0,0,,,0,,,,,,,,,0,0,,,,,,,,,,,0,,,,,,,,,,,0,,0,,0,0,,,,,
Camacho_et_al_2024,GUL_2578_020,Surface Water,29.69416667,-85.28166667,,,EPA 1633,0,1.2,0,0,0,0,0,0,,,0,,,,,,,,,0,0,,,,,,,,,,,0,,,,,,,,,,,0,,0,,0,0,,,,,
Camacho_et_al_2024,GUL_2579_021,Surface Water,29.71027778,-85.30194444,,,EPA 1633,0,0,0,0,0,0,0,0,,,0,,,,,,,,,0,0,,,,,,,,,,,0,,,,,,,,,,,0,,0,,0,0,,,,,
Camacho_et_al_2024,GUL_2580_022,Surface Water,29.75222222,-85.30305556,,,EPA 1633,0,1.8,0,0,0,0,0,0,,,0,,,,,,,,,0,0,,,,,,,,,,,0,,,,,,,,,,,0,,0,,0,0,,,,,
Camacho_et_al_2024,GUL_2581_023,Surface Water,29.70833333,-85.26833333,,,EPA 1633,0,0,0,0,0,0,0,0,,,0,,,,,,,,,0,0,,,,,,,,,,,0,,,,,,,,,,,0,,0,,0,0,,,,,
Camacho_et_al_2024,GUL_2582_024,Surface Water,29.68638889,-85.3025,,,EPA 1633,4.7,7.6,0,0,4.3,0,0,0,,,0,,,,,,,,,0,0,,,,,,,,,,,0,,,,,,,,,,,0,,0,,0,0,,,,,
Camacho_et_al_2024,GUL_2583_025,Surface Water,29.71194444,-85.29361111,,,EPA 1633,0,0.9,0,0,0,0,0,0,,,0,,,,,,,,,0,0,,,,,,,,,,,0,,,,,,,,,,,0,,0,,0,0,,,,,
Camacho_et_al_2024,GUL_2584_026,Surface Water,29.70611111,-85.28027778,,,EPA 1633,0,0,0,0,0,0,0,0,,,0,,,,,,,,,0,0,,,,,,,,,,,0,,,,,,,,,,,0,,0,,0,0,,,,,
Camacho_et_al_2024,GUL_2587_029,Surface Water,29.74341,-85.18745,,,EPA 1633,0,0,0,0,0,0,0,0,,,0,,,,,,,,,0,0,,,,,,,,,,,0,,,,,,,,,,,0,,0,,0,0,,,,,
Camacho_et_al_2024,GUL_2588_019,Surface Water,29.70777778,-85.255,,,EPA 1633,0,0,0,0,0,0,0,0,,,0,,,,,,,,,0,0,,,,,,,,,,,0,,,,,,,,,,,0,,0,,0,0,,,,,
Camacho_et_al_2024,GUL_2588_030,Surface Water,29.99826,-85.36973,,,EPA 1633,0,1.6,0,0,0,0,0,0,,,0,,,,,,,,,0,0,,,,,,,,,,,0,,,,,,,,,,,0,,0,,0,0,,,,,
Camacho_et_al_2024,GUL_2622_031,Surface Water,30.0177,-85.14671,,,EPA 1633,2.7,1.9,0,0,0,0,0,0,,,0,,,,,,,,,0,1.4,,,,,,,,,,,0,,,,,,,,,,,0,,0,,0,0,,,,,
Camacho_et_al_2024,HAM_1418_001,Surface Water,30.5014,-83.2422,,,EPA 1633,4,1.6,0,0,0,0,3,0,,,0,,,,,,,,,0,1,,,,,,,,,,,0,,,,,,,,,,,0,,0,,0,0,,,,,
Camacho_et_al_2024,HAM_1434_003,Surface Water,30.32972222,-82.76105556,,,EPA 1633,0,1.2,0,0,0,0,0,0,,,0,,,,,,,,,0,0,,,,,,,,,,,0,,,,,,,,,,,0,,0,,0,0,,,,,
Camacho_et_al_2024,HAM_1435_004,Surface Water,30.353875,-82.68692778,,,EPA 1633,0,1.3,0,0,0,0,0,0,,,0,,,,,,,,,0,0,,,,,,,,,,,0,,,,,,,,,,,0,,0,,0,0,,,,,
Camacho_et_al_2024,HAM_1469_006,Surface Water,30.56413889,-82.72488889,,,EPA 1633,0,1.5,0,0,0,0,0,0,,,0,,,,,,,,,0,0,,,,,,,,,,,0,,,,,,,,,,,0,,0,,0,0,,,,,
Camacho_et_al_2024,HAM_2410_008,Surface Water,30.44829,-83.09686,,,EPA 1633,0,1.6,0,0,0,0,0,0,,,0,,,,,,,,,0,0,,,,,,,,,,,0,,,,,,,,,,,0,,0,,0,0,,,,,
Camacho_et_al_2024,HAM_2411_009,Surface Water,30.33954,-82.81906,,,EPA 1633,0,0.9,0,0,0,0,0,0,,,0,,,,,,,,,0,0,,,,,,,,,,,0,,,,,,,,,,,0,,0,,0,0,,,,,
Camacho_et_al_2024,HAR_2241_001,Surface Water,27.503798,-81.805656,,,EPA 1633,3.1,6.4,0,0,0,0,9.9,6.4,,,0,,,,,,,,,0,5,,,,,,,,,,,0,,,,,,,,,,,0,,0,,0,0,,,,,
Camacho_et_al_2024,HEN_1242_003,Surface Water,26.77391,-80.921934,,,EPA 1633,0,2.7,0,0,0,0,4.6,3,,,0,,,,,,,,,0,2,,,,,,,,,,,0,,,,,,,,,,,0,,0,,0,0,,,,,
Camacho_et_al_2024,HEN_1251_005,Surface Water,26.86016,-80.891,,,EPA 1633,0,2.3,0,0,0,0,4.8,2.9,,,0,,,,,,,,,0,1.9,,,,,,,,,,,0,,,,,,,,,,,0,,0,,0,0,,,,,
Camacho_et_al_2024,HEN_1253_007,Surface Water,26.80208,-80.890223,,,EPA 1633,0,2.6,0,0,0,0,5.3,3.3,,,0,,,,,,,,,0,2.6,,,,,,,,,,,0,,,,,,,,,,,0,,0,,0,0,,,,,
Camacho_et_al_2024,HEN_1254_008,Surface Water,26.77547,-80.891294,,,EPA 1633,0,2.2,0,0,0,0,4.8,2.9,,,0,,,,,,,,,0,1.1,,,,,,,,,,,0,,,,,,,,,,,0,,0,,0,0,,,,,
Camacho_et_al_2024,HEN_1893_009,Surface Water,26.62294444,-81.42763889,,,EPA 1633,0,0,0,0,0,0,0,0,,,0,,,,,,,,,0,0,,,,,,,,,,,0,,,,,,,,,,,0,,0,,0,0,,,,,
Camacho_et_al_2024,HEN_1894_010,Surface Water,26.59636111,-81.37486111,,,EPA 1633,0,5.9,0,0,4.3,0,5.8,3.7,,,0,,,,,,,,,0,5.7,,,,,,,,,,,0,,,,,,,,,,,0,,0,,0,0,,,,,
Camacho_et_al_2024,HEN_1943_011,Surface Water,26.31097222,-80.97722222,,,EPA 1633,4.5,2.6,0,0,4,0,0,2.3,,,0,,,,,,,,,0,0.4,,,,,,,,,,,0,,,,,,,,,,,0,,0,,0,0,,,,,
Camacho_et_al_2024,HEN_1944_012,Surface Water,26.43136111,-81.02766667,,,EPA 1633,0,1.3,0,0,0,0,0,0,,,0,,,,,,,,,0,0,,,,,,,,,,,0,,,,,,,,,,,0,,0,,0,0,,,,,
Camacho_et_al_2024,HEN_1945_013,Surface Water,26.42922222,-81.12813889,,,EPA 1633,0,1.2,0,0,0,0,0,0,,,0,,,,,,,,,0,0,,,,,,,,,,,0,,,,,,,,,,,0,,0,,0,0,,,,,
Camacho_et_al_2024,HEN_2048_015,Surface Water,26.76211111,-80.92308333,,,EPA 1633,0,2.4,0,0,0,0,6,3,,,0,,,,,,,,,0,2.3,,,,,,,,,,,0,,,,,,,,,,,0,,0,,0,0,,,,,
Camacho_et_al_2024,HEN_2058_016,Surface Water,26.77027778,-81.44066667,,,EPA 1633,0,2.3,0,0,0,0,4.7,2.5,,,0,,,,,,,,,0,1.2,,,,,,,,,,,0,,,,,,,,,,,0,,0,,0,0,,,,,
Camacho_et_al_2024,HEN_2059_017,Surface Water,26.76675,-81.44766667,,,EPA 1633,0,2.1,0,0,0,0,5,2.4,,,0,,,,,,,,,0,1.7,,,,,,,,,,,0,,,,,,,,,,,0,,0,,0,0,,,,,
Camacho_et_al_2024,HER_0361_001,Surface Water,28.56333333,-82.55444444,,,EPA 1633,0,3.3,0,0,1.5,0,0,2.5,,,0,,,,,,,,,0,0,,,,,,,,,,,0,,,,,,,,,,,0,,0,,0,0,,,,,
Camacho_et_al_2024,HER_0362_002,Surface Water,28.56833333,-82.655,,,EPA 1633,0,2.4,0,0,0,0,0,0,,,0,,,,,,,,,0,0,,,,,,,,,,,0,,,,,,,,,,,0,,0,,0,0,,,,,
Camacho_et_al_2024,HER_0363_003,Surface Water,28.54527778,-82.62333333,,,EPA 1633,0,2.4,0,0,0,0,1.7,0,,,0,,,,,,,,,0,3.6,,,,,,,,,,,0,,,,,,,,,,,0,,0,,0,0,,,,,
Camacho_et_al_2024,HER_0364_004,Surface Water,28.52111111,-82.63611111,,,EPA 1633,4.5,3.4,0,0,0,0,2.6,0,,,0,,,,,,,,,0,4.1,,,,,,,,,,,0,,,,,,,,,,,0,,0,,0,0,,,,,
Camacho_et_al_2024,HER_0365_005,Surface Water,28.49722222,-82.65027778,,,EPA 1633,0,2.8,0,0,1.1,0,0,0,,,0,,,,,,,,,0,0,,,,,,,,,,,0,,,,,,,,,,,0,,0,,0,0,,,,,
Camacho_et_al_2024,HER_0366_006,Surface Water,28.445,-82.61638889,,,EPA 1633,6.2,5,0,0,1.1,0,3.5,2.8,,,0,,,,,,,,,0,4.5,,,,,,,,,,,0,,,,,,,,,,,0,,0,,0,0,,,,,
Camacho_et_al_2024,HER_0984_007,Surface Water,28.492605,-82.656341,,,EPA 1633,0,2.6,0,0,0,0,1.9,0,,,0,,,,,,,,,0,2.6,,,,,,,,,,,0,,,,,,,,,,,0,,0,,0,0,,,,,
Camacho_et_al_2024,HER_2360_009,Surface Water,28.64722,-82.26222,,,EPA 1633,0,1.4,0,0,0,0,0,0,,,0,,,,,,,,,0,0,,,,,,,,,,,0,,,,,,,,,,,0,,0,,0,0,,,,,
Camacho_et_al_2024,HER_2361_010,Surface Water,28.48194,-82.30944,,,EPA 1633,0,1.2,0,0,0,0,0,0,,,0,,,,,,,,,0,0,,,,,,,,,,,0,,,,,,,,,,,0,,0,,0,0,,,,,
Camacho_et_al_2024,HER_2362_011,Surface Water,28.57861,-82.21777,,,EPA 1633,0,2.1,0,0,0,0,0,0,,,0,,,,,,,,,0,0,,,,,,,,,,,0,,,,,,,,,,,0,,0,,0,0,,,,,
Camacho_et_al_2024,HIG_1072_001,Surface Water,27.27019444,-81.00061111,,,EPA 1633,3.7,3.8,0,0,3.8,4.3,5.9,3.8,,,0,,,,,,,,,0,3.9,,,,,,,,,,,0,,,,,,,,,,,0,,0,,0,0,,,,,
Camacho_et_al_2024,HIG_2016_002,Surface Water,27.52694444,-81.35916667,,,EPA 1633,4.6,2.4,0,0,0,0,3.6,2.4,,,0,,,,,,,,,0,1.8,,,,,,,,,,,0,,,,,,,,,,,0,,0,,0,0,,,,,
Camacho_et_al_2024,HIG_2017_003,Surface Water,27.4425,-81.28638889,,,EPA 1633,4.4,2.6,0,0,0,0,3.8,2.3,,,0,,,,,,,,,0,1.4,,,,,,,,,,,0,,,,,,,,,,,0,,0,,0,0,,,,,
Camacho_et_al_2024,HIG_2018_004,Surface Water,27.4975,-81.47638889,,,EPA 1633,5.9,6.1,0,0,4.3,4.5,7,4.8,,,0,,,,,,,,,0,5,,,,,,,,,,,0,,,,,,,,,,,0,,0,,0,0,,,,,
Camacho_et_al_2024,HIG_2019_005,Surface Water,27.47222222,-81.55472222,,,EPA 1633,0,2,0,0,0,0,3.7,0,,,0,,,,,,,,,0,2,,,,,,,,,,,0,,,,,,,,,,,0,,0,,0,0,,,,,
Camacho_et_al_2024,HIG_2020_006,Surface Water,27.39472222,-81.45111111,,,EPA 1633,0,2.2,0,0,0,0,3.5,2.1,,,0,,,,,,,,,0,0.7,,,,,,,,,,,0,,,,,,,,,,,0,,0,,0,0,,,,,
Camacho_et_al_2024,HIG_2021_007,Surface Water,27.34194444,-81.36361111,,,EPA 1633,6,4.6,0,0,0,4,5.4,3.2,,,0,,,,,,,,,0,3.8,,,,,,,,,,,0,,,,,,,,,,,0,,0,,0,0,,,,,
Camacho_et_al_2024,HIG_2022_008,Surface Water,27.33,-81.41611111,,,EPA 1633,4.5,2.8,0,0,0,0,4,2.3,,,0,,,,,,,,,0,2.3,,,,,,,,,,,0,,,,,,,,,,,0,,0,,0,0,,,,,
Camacho_et_al_2024,HIG_2023_009,Surface Water,27.38583333,-81.33138889,,,EPA 1633,4.7,2.8,0,0,0,0,4,2.6,,,0,,,,,,,,,0,2.4,,,,,,,,,,,0,,,,,,,,,,,0,,0,,0,0,,,,,
Camacho_et_al_2024,HIG_2024_010,Surface Water,27.30666667,-81.31277778,,,EPA 1633,4.2,2.3,0,0,0,3.4,3.5,2.4,,,0,,,,,,,,,0,2.1,,,,,,,,,,,0,,,,,,,,,,,0,,0,,0,0,,,,,
Camacho_et_al_2024,HIG_2025_011,Surface Water,27.35361111,-81.23,,,EPA 1633,4.1,2.2,0,0,0,0,3.6,2,,,0,,,,,,,,,0,1.2,,,,,,,,,,,0,,,,,,,,,,,0,,0,,0,0,,,,,
Camacho_et_al_2024,HIG_2320_014,Surface Water,27.25251,-81.37675,,,EPA 1633,0,2.5,0,0,0,0,5,0,,,0,,,,,,,,,0,2.3,,,,,,,,,,,0,,,,,,,,,,,0,,0,,0,0,,,,,
Camacho_et_al_2024,HIG_2321_015,Surface Water,27.52416,-81.48986,,,EPA 1633,4.4,7.3,0,0,0,0,8.1,4.4,,,0,,,,,,,,,0,6.8,,,,,,,,,,,0,,,,,,,,,,,0,,0,,0,0,,,,,
Camacho_et_al_2024,HIG_2322_016,Surface Water,27.58218,-81.49071,,,EPA 1633,4.4,5.6,0,0,0,0,8.1,3.7,,,0,,,,,,,,,0,4.4,,,,,,,,,,,0,,,,,,,,,,,0,,0,,0,0,,,,,
Camacho_et_al_2024,HIG_2513_017,Surface Water,27.348883,-81.390933,,,EPA 1633,3.9,9.4,0,0,0,4.5,9.7,3.7,,,0,,,,,,,,,0,8,,,,,,,,,,,0,,,,,,,,,,,0,,0,,0,0,,,,,
Camacho_et_al_2024,HIG_2514_018,Surface Water,27.573444,-81.504194,,,EPA 1633,5.2,7,1.1,0,0,0,0,2.6,,,0,,,,,,,,,0,5.6,,,,,,,,,,,0,,,,,,,,,,,0,,0,,0,0,,,,,
Camacho_et_al_2024,HIG_2515_019,Surface Water,27.586283,-81.504,,,EPA 1633,8,9,0,0,0,8.8,8.5,5,,,0,,,,,,,,,0,11.3,,,,,,,,,,,0,,,,,,,,,,,0,,0,,0,0,,,,,
Camacho_et_al_2024,HIG_2516_020,Surface Water,27.597806,-81.497028,,,EPA 1633,11,7.2,0,0,0,10.4,8.8,6.7,,,0,,,,,,,,,0,5.3,,,,,,,,,,,0,,,,,,,,,,,0,,0,,0,0,,,,,
Camacho_et_al_2024,HIG_2517_021,Surface Water,27.639583,-81.531611,,,EPA 1633,4.3,6.2,0,0,0,4.5,0,0,,,0,,,,,,,,,0,6.3,,,,,,,,,,,0,,,,,,,,,,,0,,0,,0,0,,,,,
Camacho_et_al_2024,HIG_2518_022,Surface Water,27.63225,-81.547444,,,EPA 1633,7.2,7,0,0,0,5,6.1,4.4,,,0,,,,,,,,,0,6.5,,,,,,,,,,,0,,,,,,,,,,,0,,0,,0,0,,,,,
Camacho_et_al_2024,HIG_2523_023,Surface Water,27.646957,-81.477379,,,EPA 1633,0,1.8,0,0,0,0,0,0,,,0,,,,,,,,,0,1.9,,,,,,,,,,,0,,,,,,,,,,,0,,0,,0,0,,,,,
Camacho_et_al_2024,HIG_2524_024,Surface Water,27.63917,-81.36418,,,EPA 1633,1.5,2.9,0,0,0,0,0,0,,,0,,,,,,,,,0,2.3,,,,,,,,,,,0,,,,,,,,,,,0,,0,,0,0,,,,,
Camacho_et_al_2024,HIG_2554_025,Surface Water,27.54313,-81.42581,,,EPA 1633,0,0,0,0,0,0,0,0,,,0,,,,,,,,,0,0,,,,,,,,,,,0,,,,,,,,,,,0,,0,,0,0,,,,,
Camacho_et_al_2024,HIG_2555_026,Surface Water,27.314155,-81.372526,,,EPA 1633,2.5,3.8,0,0,0,0,3.9,0,,,0,,,,,,,,,0,3.7,,,,,,,,,,,0,,,,,,,,,,,0,,0,,0,0,,,,,
Camacho_et_al_2024,HIG_2589_027,Surface Water,27.297206,-81.372526,,,EPA 1633,2.3,3.9,0,0,0,0,3.9,3,,,0,,,,,,,,,0,3.2,,,,,,,,,,,0,,,,,,,,,,,0,,0,,0,0,,,,,
Camacho_et_al_2024,HIL_0098_001,Surface Water,27.9694,-82.5757,,,EPA 1633,15.3,7.2,5.5,2.9,3.2,12,6.9,4.1,,,0,,,,,,,,,0,6,,,,,,,,,,,0,,,,,,,,,,,0,,0,,0,0,,,,,
Camacho_et_al_2024,HIL_0099_002,Surface Water,27.9502,-82.5459,,,EPA 1633,13.4,6.1,4.7,2.3,3.2,12.2,7.1,4,,,0,,,,,,,,,0,6,,,,,,,,,,,0,,,,,,,,,,,0,,0,,0,0,,,,,
Camacho_et_al_2024,HIL_0100_003,Surface Water,27.9908,-82.5032,,,EPA 1633,15.3,10.8,5.3,3,2.4,14.6,13.6,6.8,,,0,,,,,,,,,0,10,,,,,,,,,,,0,,,,,,,,,,,0,,0,,0,0,,,,,
Camacho_et_al_2024,HIL_0101_004,Surface Water,28.015,-82.4942,,,EPA 1633,11.9,12.6,4.9,2.3,2,11.4,10.9,6.9,,,0,,,,,,,,,0,18.6,,,,,,,,,,,0,,,,,,,,,,,0,,0,,0,0,,,,,
Camacho_et_al_2024,HIL_0102_005,Surface Water,27.9099,-82.4537,,,EPA 1633,9,7,4,2.1,2.2,0,6.5,3.8,,,0,,,,,,,,,0,6.5,,,,,,,,,,,0,,,,,,,,,,,0,,0,,0,0,,,,,
Camacho_et_al_2024,HIL_0103_006,Surface Water,27.868,-82.5021,,,EPA 1633,209,9.3,5,5.2,2.9,72.1,18.2,5.4,,,0,,,,,,,,,0,6.7,,,,,,,,,,,4.5,,,,,,,,,,,0,,0.4,,0,0,,,,,
Camacho_et_al_2024,HIL_0104_007,Surface Water,27.8897,-82.4808,,,EPA 1633,10.5,5.6,0,2.1,2,0,5.8,3.1,,,0,,,,,,,,,0,5.6,,,,,,,,,,,0,,,,,,,,,,,0,,0,,0,0,,,,,
Camacho_et_al_2024,HIL_0105_008,Surface Water,27.9415,-82.4508,,,EPA 1633,12.4,5.5,4.4,2.4,2.3,10.3,5,3.2,,,0,,,,,,,,,0,5.3,,,,,,,,,,,2.7,,,,,,,,,,,0,,0,,0,0,,,,,
Camacho_et_al_2024,HIL_0106_009,Surface Water,27.9463,-82.43,,,EPA 1633,16.4,6.9,4.5,2.9,2.9,10.4,7.5,4.1,,,0,,,,,,,,,0,7,,,,,,,,,,,0,,,,,,,,,,,0,,0,,0,0,,,,,
Camacho_et_al_2024,HIL_0107_010,Surface Water,27.9766,-82.3617,,,EPA 1633,10.4,5.6,0,3.1,1.7,0,7.7,3.6,,,0,,,,,,,,,0,0,,,,,,,,,,,0,,,,,,,,,,,0,,0,,0,0,,,,,
Camacho_et_al_2024,HIL_0875_011,Surface Water,28.121608,-82.504522,,,EPA 1633,4.4,5.4,0,2.5,1.5,0,6.3,2.9,,,0,,,,,,,,,0,5.4,,,,,,,,,,,0,,,,,,,,,,,0,,0,,0,0,,,,,
Camacho_et_al_2024,HIL_0876_012,Surface Water,28.141407,-82.528104,,,EPA 1633,0,3.8,4.7,0,1.5,0,2.8,2.4,,,0,,,,,,,,,0,2.5,,,,,,,,,,,0,,,,,,,,,,,0,,0,,0,0,,,,,
Camacho_et_al_2024,HIL_0877_013,Surface Water,28.146919,-82.593956,,,EPA 1633,5.2,6.9,0,0,1.6,0,6.2,3.2,,,0,,,,,,,,,0,5.2,,,,,,,,,,,0,,,,,,,,,,,0,,0,,0,0,,,,,
Camacho_et_al_2024,HIL_0878_014,Surface Water,28.151431,-82.592371,,,EPA 1633,5.5,6,0,0,1.7,0,4.7,3.3,,,0,,,,,,,,,0,6,,,,,,,,,,,0,,,,,,,,,,,0,,0.5,,0,0,,,,,
Camacho_et_al_2024,HIL_0879_015,Surface Water,28.071965,-82.525068,,,EPA 1633,6,10.8,6.1,2.9,1.8,0,19.7,4,,,0,,,,,,,,,0,0,,,,,,,,,,,0,,,,,,,,,,,0,,0,,0,0,,,,,
Camacho_et_al_2024,HIL_0880_016,Surface Water,28.074062,-82.523392,,,EPA 1633,11.9,16.1,5.1,2.3,2.1,10.8,18.8,6.3,,,0,,,,,,,,,0,13.8,,,,,,,,,,,0,,,,,,,,,,,0,,0,,0,0,,,,,
Camacho_et_al_2024,HIL_0881_017,Surface Water,28.112496,-82.58689,,,EPA 1633,0,0,0,0,0,0,0,0,,,0,,,,,,,,,0,2.7,,,,,,,,,,,0,,,,,,,,,,,0,,1,,0,0,,,,,
Camacho_et_al_2024,HIL_0885_018,Surface Water,28.092938,-82.479996,,,EPA 1633,6.5,6.9,0,2,1.6,0,7.3,4.2,,,0,,,,,,,,,0,8,,,,,,,,,,,0,,,,,,,,,,,0,,0,,0,0,,,,,
Camacho_et_al_2024,HIL_1031_019,Surface Water,28.0592,-82.3441,,,EPA 1633,5.6,4.6,4.2,0,1.4,0,3.8,2.9,,,0,,,,,,,,,0,5.5,,,,,,,,,,,0,,,,,,,,,,,0,,0,,0,0,,,,,
Camacho_et_al_2024,HIL_1032_020,Surface Water,28.0578,-82.3525,,,EPA 1633,5.6,4.2,4,0,1.3,0,3.4,2.5,,,0,,,,,,,,,0,4.2,,,,,,,,,,,0,,,,,,,,,,,0,,0,,0,0,,,,,
Camacho_et_al_2024,HIL_1033_021,Surface Water,28.0749,-82.3761,,,EPA 1633,5,4.5,4.1,0,1.4,0,3.9,2.8,,,0,,,,,,,,,0,6.7,,,,,,,,,,,0,,,,,,,,,,,0,,0,,0,0,,,,,
Camacho_et_al_2024,HIL_1042_022,Surface Water,27.8893,-82.4791,,,EPA 1633,7.6,4.7,4.1,1.9,1.6,9.5,5.3,3.1,,,0,,,,,,,,,0,6,,,,,,,,,,,0,,,,,,,,,,,0,,0,,0,0,,,,,
Camacho_et_al_2024,HIL_1043_023,Surface Water,27.8666,-82.4889,,,EPA 1633,20.9,6.1,4.3,3.3,3.1,9.4,6.2,3.9,,,0,,,,,,,,,0,6.8,,,,,,,,,,,0,,,,,,,,,,,0,,0,,0,0,,,,,
Camacho_et_al_2024,HIL_1044_024,Surface Water,27.8671,-82.5373,,,EPA 1633,7.6,4.6,0,0,1.6,10.7,4.5,3,,,0,,,,,,,,,0,4.4,,,,,,,,,,,0,,,,,,,,,,,0,,0,,0,0,,,,,
Camacho_et_al_2024,HIL_1045_025,Surface Water,27.8755,-82.5291,,,EPA 1633,28.6,12.7,4.7,2.3,2.4,35.8,10,6.1,,,0,,,,,,,,,0,11.2,,,,,,,,,,,0,,,,,,,,,,,0,,0,,0,0,,,,,
Camacho_et_al_2024,HIL_1046_026,Surface Water,28.01189,-82.5564,,,EPA 1633,7.3,13.2,5.4,2,1.9,9.2,22.1,5.8,,,0,,,,,,,,,0,19.9,,,,,,,,,,,0,,,,,,,,,,,0,,0,,0,0,,,,,
Camacho_et_al_2024,HIL_1482_027,Surface Water,27.86721667,-82.2282,,,EPA 1633,7.7,6.2,3.9,2.3,2,0,7.1,5.3,,,0,,,,,,,,,0,8.2,,,,,,,,,,,3.1,,,,,,,,,,,0,,0,,0,0,,,,,
Camacho_et_al_2024,HIL_1483_028,Surface Water,27.86018333,-82.38438333,,,EPA 1633,8.1,5.4,3.7,2.2,2,0,6.1,3.4,,,0,,,,,,,,,0,5.5,,,,,,,,,,,0,,,,,,,,,,,0,,0,,0,0,,,,,
Camacho_et_al_2024,HIL_1484_029,Surface Water,27.79085,-82.41856667,,,EPA 1633,5.8,4,4,0,1.5,0,4.9,2.8,,,0,,,,,,,,,0,4.1,,,,,,,,,,,0,,,,,,,,,,,0,,0,,0,0,,,,,
Camacho_et_al_2024,HIL_1487_032,Surface Water,27.6763,-82.37616667,,,EPA 1633,7,6.5,0,0,1.4,0,5.1,3.7,,,0,,,,,,,,,0,5.8,,,,,,,,,,,0,,,,,,,,,,,0,,0,,0,0,,,,,
Camacho_et_al_2024,HIL_1650_033,Surface Water,28.08252778,-82.47966667,,,EPA 1633,6.7,11.3,4.2,2,1.7,0,13.6,5.4,,,0,,,,,,,,,0,8.2,,,,,,,,,,,0,,,,,,,,,,,0,,0,,0,0,,,,,
Camacho_et_al_2024,HIL_1651_034,Surface Water,28.04883333,-82.49733333,,,EPA 1633,10.9,11.8,4.6,3,2.2,10.9,11.1,6.5,,,0,,,,,,,,,0,10.7,,,,,,,,,,,0,,,,,,,,,,,0,,0,,0,0,,,,,
Camacho_et_al_2024,HIL_1652_035,Surface Water,27.95902778,-82.46361111,,,EPA 1633,7.4,6.2,4.8,2.8,1.8,0,7.2,3.2,,,0,,,,,,,,,0,10.7,,,,,,,,,,,0,,,,,,,,,,,0,,0,,0,0,,,,,
Camacho_et_al_2024,HIL_1653_036,Surface Water,28.05658333,-82.59416667,,,EPA 1633,8,12.2,4.7,2.2,1.9,0,17.9,5.5,,,0,,,,,,,,,0,16.1,,,,,,,,,,,0,,,,,,,,,,,0,,0,,0,0,,,,,
Camacho_et_al_2024,HIL_1654_037,Surface Water,28.13486111,-82.58716667,,,EPA 1633,5.7,6.6,0,1.9,1.6,0,6.3,3.6,,,0,,,,,,,,,0,4.9,,,,,,,,,,,0,,,,,,,,,,,0,,0,,0,0,,,,,
Camacho_et_al_2024,HIL_1655_038,Surface Water,28.02786111,-82.58797222,,,EPA 1633,6.6,4.8,4,0,1.3,0,5,3.1,,,0,,,,,,,,,0,5.6,,,,,,,,,,,0,,,,,,,,,,,0,,0,,0,0,,,,,
Camacho_et_al_2024,HIL_1976_039,Surface Water,27.86548056,-82.4965,,,EPA 1633,23.6,8.5,4.9,0,1.5,70.2,17.7,5.6,,,0,,,,,,,,,0,6.9,,,,,,,,,,,0,,,,,,,,,,,0,,0,,0,0,,,,,
Camacho_et_al_2024,HIL_1977_040,Surface Water,27.87774722,-82.51833333,,,EPA 1633,22.8,14,5.4,2.4,2.7,19.7,15.2,7.9,,,0,,,,,,,,,0,16,,,,,,,,,,,0,,,,,,,,,,,0,,0,,0,0,,,,,
Camacho_et_al_2024,HIL_1978_041,Surface Water,27.84777222,-82.55275278,,,EPA 1633,6.5,3.7,3.8,0,1.4,0,4.1,2.7,,,0,,,,,,,,,0,4.3,,,,,,,,,,,0,,,,,,,,,,,0,,0,,0,0,,,,,
Camacho_et_al_2024,HIL_1979_042,Surface Water,27.89326111,-82.53305,,,EPA 1633,6.1,3.7,4,0,1.2,9.2,4.4,2.8,,,0,,,,,,,,,0,4.6,,,,,,,,,,,0,,,,,,,,,,,0,,0,,0,0,,,,,
Camacho_et_al_2024,HIL_1980_043,Surface Water,27.88953889,-82.48058056,,,EPA 1633,14,4.4,4,2.2,1.8,9.4,3.8,2.8,,,0,,,,,,,,,0,4.3,,,,,,,,,,,0,,,,,,,,,,,0,,0,,0,0,,,,,
Camacho_et_al_2024,HIL_1981_044,Surface Water,27.874775,-82.48638333,,,EPA 1633,7.7,3.8,4,0,1.3,0,3.6,2.4,,,0,,,,,,,,,0,4.4,,,,,,,,,,,0,,,,,,,,,,,0,,0,,0,0,,,,,
Camacho_et_al_2024,HIL_2043_052,Surface Water,27.748106,-82.472167,,,EPA 1633,6.8,4.7,4,0,1.7,0,4.7,3.3,,,0,,,,,,,,,0,5.6,,,,,,,,,,,0,,,,,,,,,,,0,,0,,0,0,,,,,
Camacho_et_al_2024,HIL_2061_053,Surface Water,27.78569444,-82.52919444,,,EPA 1633,5.3,3.4,0,0,1.1,0,3.5,2.3,,,0,,,,,,,,,0,4.4,,,,,,,,,,,0,,,,,,,,,,,0,,0,,0,0,,,,,
Camacho_et_al_2024,HIL_2062_054,Surface Water,27.72630556,-82.53719444,,,EPA 1633,0,2.9,0,0,1.1,0,2.8,2,,,0,,,,,,,,,0,2.8,,,,,,,,,,,0,,,,,,,,,,,0,,0,,0,0,,,,,
Camacho_et_al_2024,HIL_2063_055,Surface Water,27.69680556,-82.56019444,,,EPA 1633,0,2.2,0,0,0,0,2.2,0,,,0,,,,,,,,,0,2.6,,,,,,,,,,,0,,,,,,,,,,,0,,0,,0,0,,,,,
Camacho_et_al_2024,HIL_2065_056,Surface Water,27.631,-82.65419444,,,EPA 1633,4.4,2.7,0,0,1,0,2.4,1.8,,,0,,,,,,,,,0,3.3,,,,,,,,,,,0,,,,,,,,,,,0,,0,,0,0,,,,,
Camacho_et_al_2024,HIL_2066_057,Surface Water,27.60080556,-82.74019444,,,EPA 1633,0,2,0,0,0,0,1.7,0,,,0,,,,,,,,,0,2.1,,,,,,,,,,,0,,,,,,,,,,,0,,0.4,,0,0,,,,,
Camacho_et_al_2024,HIL_2068_058,Surface Water,27.72630556,-82.53719444,,,EPA 1633,4.4,2.9,3.9,0,1.1,0,3.1,2,,,0,,,,,,,,,0,3.9,,,,,,,,,,,0,,,,,,,,,,,0,,0,,0,0,,,,,
Camacho_et_al_2024,HIL_2069_059,Surface Water,27.69680556,-82.56019444,,,EPA 1633,0,2.7,0,0,1.1,0,2.3,0,,,0,,,,,,,,,0,3.1,,,,,,,,,,,0,,,,,,,,,,,0,,0,,0,0,,,,,
Camacho_et_al_2024,HIL_2072_060,Surface Water,27.63169444,-82.645,,,EPA 1633,0,2.3,0,0,0,0,1.9,0,,,0,,,,,,,,,0,2.4,,,,,,,,,,,0,,,,,,,,,,,0,,0,,0,0,,,,,
Camacho_et_al_2024,HIL_2074_061,Surface Water,27.69961111,-82.52680556,,,EPA 1633,5.7,2.7,0,0,1.2,0,2.3,0,,,0,,,,,,,,,0,3,,,,,,,,,,,0,,,,,,,,,,,0,,0,,0,0,,,,,
Camacho_et_al_2024,HIL_2075_062,Surface Water,27.65711111,-82.55530556,,,EPA 1633,0,2.4,0,0,0,0,2,0,,,0,,,,,,,,,0,2.5,,,,,,,,,,,0,,,,,,,,,,,0,,0,,0,0,,,,,
Camacho_et_al_2024,HIL_2076_063,Surface Water,27.63680556,-82.58180556,,,EPA 1633,0,2.2,0,0,1,0,1.9,0,,,0,,,,,,,,,0,2.2,,,,,,,,,,,0,,,,,,,,,,,0,,0,,0,0,,,,,
Camacho_et_al_2024,HIL_2083_065,Surface Water,27.70811111,-82.5185,,,EPA 1633,6,2.9,0,0,1.1,0,2.3,0,,,0,,,,,,,,,0,2.8,,,,,,,,,,,0,,,,,,,,,,,0,,0,,0,0,,,,,
Camacho_et_al_2024,HIL_2087_067,Surface Water,27.62588889,-82.64861111,,,EPA 1633,0,2.2,0,0,0,0,2,0,,,0,,,,,,,,,0,2.4,,,,,,,,,,,0,,,,,,,,,,,0,,0,,0,0,,,,,
Camacho_et_al_2024,HIL_2129_068,Surface Water,27.69388889,-82.44527778,,,EPA 1633,6.2,4.4,3.9,0,1.3,0,3.4,2.6,,,0,,,,,,,,,0,4,,,,,,,,,,,0,,,,,,,,,,,0,,0,,0,0,,,,,
Camacho_et_al_2024,HIL_2130_069,Surface Water,27.705,-82.44666667,,,EPA 1633,6,4.1,3.9,0,1.2,0,3.7,2.6,,,0,,,,,,,,,0,4.3,,,,,,,,,,,0,,,,,,,,,,,0,,0,,0,0,,,,,
Camacho_et_al_2024,HIL_2131_070,Surface Water,27.68694444,-82.52055556,,,EPA 1633,5.5,3.2,0,0,1.3,0,3,2.1,,,0,,,,,,,,,0,3.2,,,,,,,,,,,0,,,,,,,,,,,0,,0,,0,0,,,,,
Camacho_et_al_2024,HIL_2132_071,Surface Water,27.67555556,-82.43611111,,,EPA 1633,5.7,4.9,0,0,1.1,0,4.3,3.3,,,0,,,,,,,,,0,6,,,,,,,,,,,0,,,,,,,,,,,0,,0,,0,0,,,,,
Camacho_et_al_2024,HIL_2363_075,Surface Water,28.02111,-82.38777,,,EPA 1633,2.2,3.4,0,0,0,0,0,0,,,0,,,,,,,,,0,3.6,,,,,,,,,,,0,,,,,,,,,,,0,,0,,0,0,,,,,
Camacho_et_al_2024,HIL_2364_076,Surface Water,28.02501,-82.42885,,,EPA 1633,2.9,3.8,0,0,0,0,0,0,,,0,,,,,,,,,0,4.1,,,,,,,,,,,0,,,,,,,,,,,0,,0,,0,0,,,,,
Camacho_et_al_2024,HIL_2365_077,Surface Water,28.01777,-82.4475,,,EPA 1633,2.6,3.4,0,0,0,0,0,5.6,,,0,,,,,,,,,0,5.1,,,,,,,,,,,0,,,,,,,,,,,0,,0,,0,0,,,,,
Camacho_et_al_2024,HIL_2366_078,Surface Water,28.0126,-82.46519,,,EPA 1633,1.4,1.6,0,0,0,0,0,0,,,0,,,,,,,,,0,2.4,,,,,,,,,,,0,,,,,,,,,,,0,,0,,0,0,,,,,
Camacho_et_al_2024,HIL_2367_079,Surface Water,27.99694,-82.46638,,,EPA 1633,1.7,1.8,0,0,0,0,0,0,,,0,,,,,,,,,0,2.3,,,,,,,,,,,0,,,,,,,,,,,0,,0,,0,0,,,,,
Camacho_et_al_2024,HIL_2368_080,Surface Water,27.92805,-82.4525,,,EPA 1633,1.8,1.6,0,0,0,0,0,0,,,0,,,,,,,,,0,1.6,,,,,,,,,,,0,,,,,,,,,,,0,,0,,0,0,,,,,
Camacho_et_al_2024,HIL_2369_081,Surface Water,27.91111,-82.4475,,,EPA 1633,4.2,4.6,0,0,0,0,0,0,,,0,,,,,,,,,0,4,,,,,,,,,,,0,,,,,,,,,,,0,,0,,0,0,,,,,
Camacho_et_al_2024,HIL_2370_082,Surface Water,27.77249,-82.37416,,,EPA 1633,0,3.3,0,0,0,0,4.5,1.6,,,0,,,,,,,,,0,3.5,,,,,,,,,,,0,,,,,,,,,,,0,,0,,0,0,,,,,
Camacho_et_al_2024,HIL_2371_083,Surface Water,27.79666,-82.34944,,,EPA 1633,4.9,6.9,0,0,0,4.6,6.6,4.9,,,0,,,,,,,,,0,6.2,,,,,,,,,,,0,,,,,,,,,,,0,,0,,0,0,,,,,
Camacho_et_al_2024,HIL_2372_084,Surface Water,27.88055,-82.3,,,EPA 1633,3.8,5.1,0,0,0,0,9.7,6.4,,,0,,,,,,,,,0,7.6,,,,,,,,,,,0,,,,,,,,,,,0,,0,,0,0,,,,,
Camacho_et_al_2024,HIL_2373_085,Surface Water,27.84638,-82.27638,,,EPA 1633,2.9,3.7,0,0,0,0,0,0,,,0,,,,,,,,,0,3.9,,,,,,,,,,,0,,,,,,,,,,,0,,0,,0,0,,,,,
Camacho_et_al_2024,HIL_2374_086,Surface Water,27.83777,-82.27444,,,EPA 1633,2.3,3.2,0,0,0,0,0,4.2,,,0,,,,,,,,,0,4.2,,,,,,,,,,,0,,,,,,,,,,,0,,0,,0,0,,,,,
Camacho_et_al_2024,HIL_2375_087,Surface Water,27.77888,-82.13805,,,EPA 1633,0,0,0,0,0,0,0,0,,,0,,,,,,,,,0,0,,,,,,,,,,,0,,,,,,,,,,,0,,0,,0,0,,,,,
Camacho_et_al_2024,HIL_2376_088,Surface Water,27.92333,-82.16805,,,EPA 1633,3.7,4.2,0,1.3,1.9,0,6.5,3.4,,,0,,,,,,,,,0,5.2,,,,,,,,,,,0,,,,,,,,,,,0,,0,,0,0,,,,,
Camacho_et_al_2024,HIL_2377_089,Surface Water,27.94472,-82.21972,,,EPA 1633,3.1,9.6,0,0,0,0,9.3,7.6,,,0,,,,,,,,,0,5,,,,,,,,,,,0,,,,,,,,,,,0,,0,,0,0,,,,,
Camacho_et_al_2024,HIL_2378_090,Surface Water,27.99222,-82.14888,,,EPA 1633,4.1,6.3,0,0,0,0,0,0,,,0,,,,,,,,,0,7.3,,,,,,,,,,,0,,,,,,,,,,,0,,0,,0,0,,,,,
Camacho_et_al_2024,HIL_2379_091,Surface Water,27.94361,-82.45861,,,EPA 1633,3.7,3.9,0,0.9,0,0,0,0,,,0,,,,,,,,,0,5.4,,,,,,,,,,,0,,,,,,,,,,,0,,0,,0,0,,,,,
Camacho_et_al_2024,HIL_2440_092,Surface Water,28.00652,-82.34387,,,EPA 1633,0,0,0,0,0,0,0,0,,,0,,,,,,,,,0,1.1,,,,,,,,,,,0,,,,,,,,,,,0,,0,,0,0,,,,,
Camacho_et_al_2024,HIL_2441_093,Surface Water,28.05491,-82.36345,,,EPA 1633,2.5,3.3,0,0,0,0,0,0,,,0,,,,,,,,,0,3.7,,,,,,,,,,,0,,,,,,,,,,,0,,0,,0,0,,,,,
Camacho_et_al_2024,HIL_2442_094,Surface Water,27.98892,-82.46843,,,EPA 1633,2.9,4,0,0,0,0,0,0,,,0,,,,,,,,,0,4,,,,,,,,,,,0,,,,,,,,,,,0,,0,,0,0,,,,,
Camacho_et_al_2024,HIL_2443_095,Surface Water,28.0484,-82.26895,,,EPA 1633,3.9,7,0,0.8,0,0,0,0,,,0,,,,,,,,,0,3.9,,,,,,,,,,,0,,,,,,,,,,,0,,0,,0,0,,,,,
Camacho_et_al_2024,HIL_2444_096,Surface Water,27.81094,-82.39944,,,EPA 1633,1.8,2.2,0,0,0,0,0,0,,,0,,,,,,,,,0,0,,,,,,,,,,,0,,,,,,,,,,,0,,0,,0,0,,,,,
Camacho_et_al_2024,HIL_2445_097,Surface Water,28.1513,-82.22673,,,EPA 1633,2.2,2.4,0,0,0,0,0,0,,,0,,,,,,,,,0,3.5,,,,,,,,,,,0,,,,,,,,,,,0,,0,,0,0,,,,,
Camacho_et_al_2024,HIL_2446_098,Surface Water,28.12852,-82.26435,,,EPA 1633,2.1,3.1,0,0,0,0,0,0,,,0,,,,,,,,,0,3.5,,,,,,,,,,,0,,,,,,,,,,,0,,0,,0,0,,,,,
Camacho_et_al_2024,HIL_2447_099,Surface Water,28.01299,-82.35325,,,EPA 1633,4,4.1,0,0,0,0,0,4.8,,,0,,,,,,,,,0,4.8,,,,,,,,,,,0,,,,,,,,,,,0,,0,,0,0,,,,,
Camacho_et_al_2024,HIL_2448_100,Surface Water,27.96202,-82.54888,,,EPA 1633,53.1,7.8,5.4,1.4,6.6,59.9,24.9,14.9,,,0,,,,,,,,,11.1,9.4,,,,,,,,,,,2,,,,,,,,,,,0,,0,,0,0,,,,,
Camacho_et_al_2024,HIL_2490_101,Surface Water,28.0134145,-82.6332221,,,EPA 1633,4.4,6.2,0,0,0,0,0,0,,,0,,,,,,,,,0,6.5,,,,,,,,,,,0,,,,,,,,,,,0,,0,,0,0,,,,,
Camacho_et_al_2024,HIL_2590_102,Surface Water,27.932082,-82.428999,,,EPA 1633,13.2,4.9,0,0.9,0,7.3,0,0,,,0,,,,,,,,,0,3.6,,,,,,,,,,,0,,,,,,,,,,,0,,0,,0,0,,,,,
Camacho_et_al_2024,HIL_2591_103,Surface Water,27.94192,-82.41013,,,EPA 1633,5.1,3.5,0,0.5,0,0,4.7,0,,,0,,,,,,,,,0,3,,,,,,,,,,,0,,,,,,,,,,,0,,0,,0,0,,,,,
Camacho_et_al_2024,HOL_2193_001,Surface Water,30.87894,-85.66166,,,EPA 1633,0,0,0,0,0,0,0,0,,,0,,,,,,,,,0,0,,,,,,,,,,,0,,,,,,,,,,,0,,0,,0,0,,,,,
Camacho_et_al_2024,HOL_2194_002,Surface Water,30.81226,-86.02531,,,EPA 1633,0,0.6,0,0,0,0,0,0,,,0,,,,,,,,,0,0,,,,,,,,,,,0,,,,,,,,,,,0,,0,,0,0,,,,,
Camacho_et_al_2024,HOL_2195_003,Surface Water,30.94751,-85.84297,,,EPA 1633,0,0.9,0,0,0,0,0,0,,,0,,,,,,,,,0,0,,,,,,,,,,,0,,,,,,,,,,,0,,0,,0,0,,,,,
Camacho_et_al_2024,HOL_2205_004,Surface Water,30.657263,-85.903328,,,EPA 1633,0,0.7,0,0,0,0,0,0,,,0,,,,,,,,,0,0,,,,,,,,,,,0,,,,,,,,,,,0,,0,,0,0,,,,,
Camacho_et_al_2024,IDR_0069_001,Surface Water,27.633,-80.499,,,EPA 1633,2.9,3.9,0,0,0,0,0,0,,,0,,,,,,,,,0,0,,,,,,,,,,,0,,,,,,,,,,,0,,0,,0,0,,,,,
Camacho_et_al_2024,IDR_0070_002,Surface Water,27.65,-80.399,,,EPA 1633,4.3,4.6,0,0,0,0,0,0,,,0,,,,,,,,,0,0,,,,,,,,,,,0,,,,,,,,,,,0,,0,,0,0,,,,,
Camacho_et_al_2024,IDR_0071_003,Surface Water,27.65,-80.388,,,EPA 1633,0,0,0,0,0,0,0,0,,,0,,,,,,,,,0,0,,,,,,,,,,,0,,,,,,,,,,,0,,0,,0,0,,,,,
Camacho_et_al_2024,IDR_0072_004,Surface Water,27.629,-80.358,,,EPA 1633,0,0,0,0,0,0,0,0,,,0,,,,,,,,,0,0,,,,,,,,,,,0,,,,,,,,,,,0,,0,,0,0,,,,,
Camacho_et_al_2024,IDR_0073_005,Surface Water,27.988,-80.671,,,EPA 1633,3.2,2.8,0,0,0,0,0,0,,,0,,,,,,,,,0,0,,,,,,,,,,,0,,,,,,,,,,,0,,0,,0,0,,,,,
Camacho_et_al_2024,IDR_0074_006,Surface Water,28.014,-80.646,,,EPA 1633,0,0,0,0,0,0,0,0,,,0,,,,,,,,,0,0,,,,,,,,,,,0,,,,,,,,,,,0,,0,,0,0,,,,,
Camacho_et_al_2024,IDR_0089_010,Surface Water,27.603818,-80.387361,,,EPA 1633,0,3.9,0,0,0,0,0,0,,,0,,,,,,,,,0,0,,,,,,,,,,,0,,,,,,,,,,,0,,0,,0,0,,,,,
Camacho_et_al_2024,IDR_0090_011,Surface Water,27.588882,-80.405665,,,EPA 1633,0,0,0,0,0,0,0,0,,,0,,,,,,,,,0,0,,,,,,,,,,,0,,,,,,,,,,,0,,0,,0,0,,,,,
Camacho_et_al_2024,IDR_1407_012,Surface Water,27.79619167,-80.48435833,,,EPA 1633,4.8,4.2,0,0,0,0,0,0,,,0,,,,,,,,,0,0,,,,,,,,,,,0,,,,,,,,,,,0,,0,,0,0,,,,,
Camacho_et_al_2024,IDR_1408_013,Surface Water,27.76949722,-80.51096944,,,EPA 1633,0,0,0,0,0,0,0,0,,,0,,,,,,,,,0,0,,,,,,,,,,,0,,,,,,,,,,,0,,0,,0,0,,,,,
Camacho_et_al_2024,IDR_1409_014,Surface Water,27.76525833,-80.46575278,,,EPA 1633,0,2.8,0,0,0,0,0,0,,,0,,,,,,,,,0,0,,,,,,,,,,,0,,,,,,,,,,,0,,0,,0,0,,,,,
Camacho_et_al_2024,IDR_1410_015,Surface Water,27.64565,-80.42692778,,,EPA 1633,6.7,0,0,0,0,0,0,0,,,0,,,,,,,,,0,0,,,,,,,,,,,0,,,,,,,,,,,0,,0,,0,0,,,,,
Camacho_et_al_2024,IDR_1411_016,Surface Water,27.63142222,-80.35037222,,,EPA 1633,0,0,0,0,0,0,0,0,,,0,,,,,,,,,0,0,,,,,,,,,,,0,,,,,,,,,,,0,,0,,0,0,,,,,
Camacho_et_al_2024,IDR_1412_017,Surface Water,27.66552222,-80.36039444,,,EPA 1633,0,0,0,0,0,0,0,0,,,0,,,,,,,,,0,0,,,,,,,,,,,0,,,,,,,,,,,0,,0,,0,0,,,,,
Camacho_et_al_2024,IDR_1413_018,Surface Water,27.76126389,-80.41683333,,,EPA 1633,6.4,0,0,0,0,0,0,0,,,0,,,,,,,,,0,0,,,,,,,,,,,0,,,,,,,,,,,0,,0,,0,0,,,,,
Camacho_et_al_2024,IDR_1414_019,Surface Water,27.79620833,-80.42430833,,,EPA 1633,0,0,0,0,0,0,0,0,,,0,,,,,,,,,0,0,,,,,,,,,,,0,,,,,,,,,,,0,,0,,0,0,,,,,
Camacho_et_al_2024,IDR_1719_020,Surface Water,27.79833333,-80.49527778,,,EPA 1633,4.7,5.4,0,0,0,0,0,0,,,0,,,,,,,,,0,0,,,,,,,,,,,0,,,,,,,,,,,0,,0,,0,0,,,,,
Camacho_et_al_2024,IDR_1720_021,Surface Water,27.80222222,-80.43138889,,,EPA 1633,3.1,5.2,0,0,0,0,0,0,,,0,,,,,,,,,0,0,,,,,,,,,,,0,,,,,,,,,,,0,,0,,0,0,,,,,
Camacho_et_al_2024,IDR_1721_022,Surface Water,27.82,-80.50805556,,,EPA 1633,0,0,0,0,0,0,0,0,,,0,,,,,,,,,0,0,,,,,,,,,,,0,,,,,,,,,,,0,,0,,0,0,,,,,
Camacho_et_al_2024,IDR_2324_025,Surface Water,27.726678,-80.774752,,,EPA 1633,0,2.3,0,0,0,0,0,0,,,0,,,,,,,,,0,4.1,,,,,,,,,,,0,,,,,,,,,,,0,,0,,0,0,,,,,
Camacho_et_al_2024,IDR_2449_026,Surface Water,27.56112,-80.32855,,,EPA 1633,0,1.9,0,0,0,0,0,0,,,0,,,,,,,,,0,1.4,,,,,,,,,,,0,,,,,,,,,,,0,,0,,0,0,,,,,
Camacho_et_al_2024,IDR_2450_027,Surface Water,27.8610101,-80.4490104,,,EPA 1633,0,0,0,0,0,0,0,0,,,0,,,,,,,,,0,0,,,,,,,,,,,0,,,,,,,,,,,0,,0,,0,0,,,,,
Camacho_et_al_2024,IDR_2451_028,Surface Water,27.850415,-80.4539584,,,EPA 1633,0,1.7,0,0,0,0,0,0,,,0,,,,,,,,,0,1.4,,,,,,,,,,,0,,,,,,,,,,,0,,0,,0,0,,,,,
Camacho_et_al_2024,IDR_2491_029,Surface Water,27.835333,-80.496442,,,EPA 1633,3,3.7,0,0,0,0,0,0,,,0,,,,,,,,,0,4.3,,,,,,,,,,,0,,,,,,,,,,,0,,0,,0,0,,,,,
Camacho_et_al_2024,IDR_2492_030,Surface Water,27.586561,-80.36505,,,EPA 1633,6.2,2.9,0,1.3,0,0,0,0,,,0,,,,,,,,,0,1.7,,,,,,,,,,,0,,,,,,,,,,,0,,0,,0,0,,,,,
Camacho_et_al_2024,IDR_2592_031,Surface Water,27.63107,-80.76473,,,EPA 1633,0,1.1,0,0,0,0,0,0,,,0,,,,,,,,,0,0,,,,,,,,,,,0,,,,,,,,,,,0,,0,,0,0,,,,,
Camacho_et_al_2024,IDR_2593_032,Surface Water,27.82085,-80.67264,,,EPA 1633,0,2.5,0,0,0,0,0,0,,,0,,,,,,,,,0,4.3,,,,,,,,,,,0,,,,,,,,,,,0,,0,,0,0,,,,,
Camacho_et_al_2024,IDR_2594_033,Surface Water,27.82242,-80.81166,,,EPA 1633,0,0,0,0,0,0,0,0,,,0,,,,,,,,,0,0,,,,,,,,,,,0,,,,,,,,,,,0,,0,,0,0,,,,,
Camacho_et_al_2024,JAC_1581_001,Surface Water,30.727634,-84.904487,,,EPA 1633,4.1,4,0,3.7,0,0,5,2.5,,,0,,,,,,,,,0,2,,,,,,,,,,,0,,,,,,,,,,,0,,0,,0,0,,,,,
Camacho_et_al_2024,JAC_2196_003,Surface Water,30.790438,-85.140538,,,EPA 1633,0,0,0,0,0,0,0,0,,,0,,,,,,,,,0,0,,,,,,,,,,,0,,,,,,,,,,,0,,0,,0,0,,,,,
Camacho_et_al_2024,JAC_2197_004,Surface Water,30.84989,-85.25947,,,EPA 1633,0,0.5,0,0,0,0,0,0,,,0,,,,,,,,,0,0,,,,,,,,,,,0,,,,,,,,,,,0,,0,,0,0,,,,,
Camacho_et_al_2024,JAC_2325_007,Surface Water,30.597047,-85.390309,,,EPA 1633,0,1.4,0,0,0,0,0,0,,,0,,,,,,,,,0,0,,,,,,,,,,,0,,,,,,,,,,,0,,0,,0,0,,,,,
Camacho_et_al_2024,JAC_2394_008,Surface Water,30.869444,-84.944167,,,EPA 1633,0,1.9,0,0,0,0,0,0,,,0,,,,,,,,,0,0,,,,,,,,,,,0,,,,,,,,,,,0,,0,,0,0,,,,,
Camacho_et_al_2024,JAC_2395_009,Surface Water,30.5825,-85.330556,,,EPA 1633,0,0,0,0,0,0,0,0,,,0,,,,,,,,,0,0,,,,,,,,,,,0,,,,,,,,,,,0,,0,,0,0,,,,,
Camacho_et_al_2024,JAC_2396_010,Surface Water,30.656667,-84.973611,,,EPA 1633,0,1.4,0,0,0,0,0,0,,,0,,,,,,,,,0,0,,,,,,,,,,,0,,,,,,,,,,,0,,0,,0,0,,,,,
Camacho_et_al_2024,JAC_2397_011,Surface Water,30.904444,-84.959444,,,EPA 1633,2.1,3.5,0,0.6,0,0,0,0,,,0,,,,,,,,,0,1.5,,,,,,,,,,,0,,,,,,,,,,,0,,0,,0,0,,,,,
Camacho_et_al_2024,JAC_2398_012,Surface Water,30.1167,-83.97932,,,EPA 1633,0,1.3,0,0,0,0,0,0,,,0,,,,,,,,,0,0,,,,,,,,,,,0,,,,,,,,,,,0,,0,,0,0,,,,,
Camacho_et_al_2024,JAC_2399_013,Surface Water,30.255,-83.8975,,,EPA 1633,0,0,0,0,0,0,0,0,,,0,,,,,,,,,0,0,,,,,,,,,,,0,,,,,,,,,,,0,,0,,0,0,,,,,
Camacho_et_al_2024,JAC_2400_014,Surface Water,30.21305,-84.04111,,,EPA 1633,0,0,0,0,0,0,0,0,,,0,,,,,,,,,0,0,,,,,,,,,,,0,,,,,,,,,,,0,,0,,0,0,,,,,
Camacho_et_al_2024,JEF_1383_001,Surface Water,30.3398,-83.9912,,,EPA 1633,0,0,0,0,0,0,0,0,,,0,,,,,,,,,0,0,,,,,,,,,,,0,,,,,,,,,,,0,,0,,0,0,,,,,
Camacho_et_al_2024,JEF_1384_002,Surface Water,30.5288,-83.9781,,,EPA 1633,0,0,0,0,0.1,0,0,0,,,0,,,,,,,,,0,2.5,,,,,,,,,,,0,,,,,,,,,,,0,,0,,0,0,,,,,
Camacho_et_al_2024,JEF_2412_004,Surface Water,30.06107,-83.90644,,,EPA 1633,0,0.6,0,0,0,0,0,0,,,0,,,,,,,,,0,0,,,,,,,,,,,0,,,,,,,,,,,0,,0,,0,0,,,,,
Camacho_et_al_2024,JEF_2452_005,Surface Water,30.14761,-83.96881,,,EPA 1633,0,1,0,0,0,0,0,0,,,0,,,,,,,,,0,0,,,,,,,,,,,0,,,,,,,,,,,0,,0,,0,0,,,,,
Camacho_et_al_2024,JEF_2453_006,Surface Water,30.14255,-83.86598,,,EPA 1633,0,1.3,0,0,0,0,0,0,,,0,,,,,,,,,0,0,,,,,,,,,,,0,,,,,,,,,,,0,,0,,0,0,,,,,
Camacho_et_al_2024,JEF_2556_007,Surface Water,30.30657,-83.81606,,,EPA 1633,0,0,0,0,0,0,0,0,,,0,,,,,,,,,0,0,,,,,,,,,,,0,,,,,,,,,,,0,,0,,0,0,,,,,
Camacho_et_al_2024,JEF_2557_008,Surface Water,30.59465,-83.71612,,,EPA 1633,0,0,0,0,0,0,0,0,,,0,,,,,,,,,0,0,,,,,,,,,,,0,,,,,,,,,,,0,,0,,0,0,,,,,
Camacho_et_al_2024,LAF_1194_001,Surface Water,30.099101,-83.171046,,,EPA 1633,0,0,0,0,0,0,0,0,,,0,,,,,,,,,0,0,,,,,,,,,,,0,,,,,,,,,,,0,,0,,0,0,,,,,
Camacho_et_al_2024,LAF_1677_002,Surface Water,30.00605556,-82.99736111,,,EPA 1633,0,0,0,0,0,0,0,0,,,0,,,,,,,,,0,0,,,,,,,,,,,0,,,,,,,,,,,0,,0,,0,0,,,,,
Camacho_et_al_2024,LAF_1678_003,Surface Water,29.84744444,-82.89419444,,,EPA 1633,0,0,0,0,0,0,0,0,,,0,,,,,,,,,0,0,,,,,,,,,,,0,,,,,,,,,,,0,,0,,0,0,,,,,
Camacho_et_al_2024,LAF_2326_004,Surface Water,30.039163,-83.119701,,,EPA 1633,0,0,0,0,0,0,0,0,,,0,,,,,,,,,0,0,,,,,,,,,,,0,,,,,,,,,,,0,,0,,0,0,,,,,
Camacho_et_al_2024,LAF_2413_005,Surface Water,30.12874,-83.13191,,,EPA 1633,0,1.5,0,0,0,0,0,0,,,0,,,,,,,,,0,0,,,,,,,,,,,0,,,,,,,,,,,0,,0,,0,0,,,,,
Camacho_et_al_2024,LAF_2414_006,Surface Water,29.84243,-83.30828,,,EPA 1633,0,0,0,0,0,0,0,0,,,0,,,,,,,,,0,0,,,,,,,,,,,0,,,,,,,,,,,0,,0,,0,0,,,,,
Camacho_et_al_2024,LAF_2415_007,Surface Water,30.0393,-83.12004,,,EPA 1633,0,0,0,0,0,0,0,0,,,0,,,,,,,,,0,0,,,,,,,,,,,0,,,,,,,,,,,0,,0,,0,0,,,,,
Camacho_et_al_2024,LAK_0350_001,Surface Water,28.84472222,-81.75388889,,,EPA 1633,5.1,5.4,0,0,4.6,0,6.1,4.2,,,0,,,,,,,,,0,4.4,,,,,,,,,,,0,,,,,,,,,,,0,,0,,0,0,,,,,
Camacho_et_al_2024,LAK_0351_002,Surface Water,28.86194444,-81.84083333,,,EPA 1633,0,4.6,0,0,4.4,0,5.2,3.1,,,0,,,,,,,,,0,1.6,,,,,,,,,,,0,,,,,,,,,,,0,,0,,0,0,,,,,
Camacho_et_al_2024,LAK_0498_004,Surface Water,28.689617,-81.680846,,,EPA 1633,0,3.1,0,0,3.8,0,5,2.7,,,0,,,,,,,,,0,9.4,,,,,,,,,,,0,,,,,,,,,,,0,,0,,0,0,,,,,
Camacho_et_al_2024,LAK_0500_005,Surface Water,28.673126,-81.678529,,,EPA 1633,0,3.6,0,0,0,0,5.7,2.9,,,0,,,,,,,,,0,2,,,,,,,,,,,0,,,,,,,,,,,0,,0,,0,0,,,,,
Camacho_et_al_2024,LAK_0505_006,Surface Water,28.654599,-81.662564,,,EPA 1633,0,3.4,0,0,0,0,5.4,2.7,,,0,,,,,,,,,0,2.3,,,,,,,,,,,0,,,,,,,,,,,0,,0,,0,0,,,,,
Camacho_et_al_2024,LAK_0513_008,Surface Water,28.5934,-81.66298333,,,EPA 1633,4.1,3.8,0,0,0,0,6.3,3.3,,,0,,,,,,,,,0,5.2,,,,,,,,,,,0,,,,,,,,,,,0,,0,,0,0,,,,,
Camacho_et_al_2024,LAK_0515_009,Surface Water,28.578773,-81.676578,,,EPA 1633,0,2.2,0,0,0,0,3.3,1.9,,,0,,,,,,,,,0,0,,,,,,,,,,,0,,,,,,,,,,,0,,0,,0,0,,,,,
Camacho_et_al_2024,LAK_0516_010,Surface Water,28.68071,-81.67121,,,EPA 1633,0,2.5,0,0,3.9,0,4.8,2.4,,,0,,,,,,,,,0,1.1,,,,,,,,,,,0,,,,,,,,,,,0,,0,,0,0,,,,,
Camacho_et_al_2024,LAK_0517_011,Surface Water,28.544899,-81.6590585,,,EPA 1633,0,7,0,4.1,4.3,0,7.2,4.1,,,0,,,,,,,,,0,8,,,,,,,,,,,0,,,,,,,,,,,0,,0,,0,0,,,,,
Camacho_et_al_2024,LAK_0519_012,Surface Water,28.637254,-81.69366,,,EPA 1633,0,3.6,0,0,0,0,5.6,3.4,,,0,,,,,,,,,0,3.1,,,,,,,,,,,0,,,,,,,,,,,0,,0,,0,0,,,,,
Camacho_et_al_2024,LAK_0520_013,Surface Water,28.637322,-81.688033,,,EPA 1633,3.9,3.7,0,0,0,0,5.6,3,,,0,,,,,,,,,0,3.4,,,,,,,,,,,0,,,,,,,,,,,0,,0,,0,0,,,,,
Camacho_et_al_2024,LAK_0522_014,Surface Water,28.630625,-81.675535,,,EPA 1633,0,3.4,0,0,0,0,5.7,2.9,,,0,,,,,,,,,0,10.7,,,,,,,,,,,0,,,,,,,,,,,0,,0,,0,0,,,,,
Camacho_et_al_2024,LAK_0526_015,Surface Water,28.622473,-81.675695,,,EPA 1633,4,3.3,0,0,0,0,5.2,2.8,,,0,,,,,,,,,0,2.2,,,,,,,,,,,0,,,,,,,,,,,0,,0,,0,0,,,,,
Camacho_et_al_2024,LAK_0528_016,Surface Water,28.571703,-81.676347,,,EPA 1633,3.8,3.5,0,0,0,0,4.9,2.6,,,0,,,,,,,,,0,2.5,,,,,,,,,,,0,,,,,,,,,,,0,,0,,0,0,,,,,
Camacho_et_al_2024,LAK_0529_017,Surface Water,28.56718,-81.679963,,,EPA 1633,3.9,2.6,0,0,0,0,3.8,2,,,0,,,,,,,,,0,2.4,,,,,,,,,,,0,,,,,,,,,,,0,,0,,0,0,,,,,
Camacho_et_al_2024,LAK_0530_018,Surface Water,28.568919,-81.657814,,,EPA 1633,0,2.3,0,0,0,0,4.5,2.9,,,0,,,,,,,,,0,2,,,,,,,,,,,0,,,,,,,,,,,0,,0,,0,0,,,,,
Camacho_et_al_2024,LAK_1049_019,Surface Water,28.833441,-81.808422,,,EPA 1633,0,10.3,0,0,0,6.5,7.2,5.9,,,0,,,,,,,,,0,9.6,,,,,,,,,,,0,,,,,,,,,,,0,,0,,0,0,,,,,
Camacho_et_al_2024,LAK_1054_020,Surface Water,28.786823,-81.887276,,,EPA 1633,0,2.8,0,0,0,0,4.2,2.7,,,0,,,,,,,,,0,2.5,,,,,,,,,,,0,,,,,,,,,,,0,,0,,0,0,,,,,
Camacho_et_al_2024,LAK_1055_021,Surface Water,28.901069,-81.874865,,,EPA 1633,0,3.3,0,0,0,0,4.4,2.8,,,0,,,,,,,,,0,1.4,,,,,,,,,,,0,,,,,,,,,,,0,,0,,0,0,,,,,
Camacho_et_al_2024,LAK_1056_022,Surface Water,28.81249,-81.747347,,,EPA 1633,6.5,5.4,0,0,4.8,0,6.3,4.1,,,0,,,,,,,,,0,2.6,,,,,,,,,,,0,,,,,,,,,,,0,,0,,0,0,,,,,
Camacho_et_al_2024,LAK_1458_023,Surface Water,28.5933,-81.8239,,,EPA 1633,0,3.1,0,0,4.1,0,3.7,2.8,,,0,,,,,,,,,0,1.5,,,,,,,,,,,0,,,,,,,,,,,0,,0,,0,0,,,,,
Camacho_et_al_2024,LAK_1459_024,Surface Water,28.5803,-81.856,,,EPA 1633,0,3,0,0,4,0,3.8,2.8,,,0,,,,,,,,,0,1.6,,,,,,,,,,,0,,,,,,,,,,,0,,0,,0,0,,,,,
Camacho_et_al_2024,LAK_1460_025,Surface Water,28.5548,-81.782,,,EPA 1633,0,2.7,0,0,4,0,4,2.3,,,0,,,,,,,,,0,1.6,,,,,,,,,,,0,,,,,,,,,,,0,,0,,0,0,,,,,
Camacho_et_al_2024,LAK_1461_026,Surface Water,28.5543,-81.7605,,,EPA 1633,4.9,3.2,0,0,4.3,0,4,2.3,,,0,,,,,,,,,0,3.4,,,,,,,,,,,0,,,,,,,,,,,0,,0,,0,0,,,,,
Camacho_et_al_2024,LAK_1462_027,Surface Water,28.5449,-81.7711,,,EPA 1633,0,3,0,0,0,0,3.8,2.4,,,0,,,,,,,,,0,2.1,,,,,,,,,,,0,,,,,,,,,,,0,,0,,0,0,,,,,
Camacho_et_al_2024,LAK_1463_028,Surface Water,28.5433,-81.775,,,EPA 1633,0,2.5,0,0,3.9,0,3.3,2.2,,,0,,,,,,,,,0,1.2,,,,,,,,,,,0,,,,,,,,,,,0,,0,,0,0,,,,,
Camacho_et_al_2024,LAK_1464_029,Surface Water,28.5047,-81.7493,,,EPA 1633,0,2.7,0,0,0,0,3.6,0,,,0,,,,,,,,,0,1.4,,,,,,,,,,,0,,,,,,,,,,,0,,0,,0,0,,,,,
Camacho_et_al_2024,LAK_1465_030,Surface Water,28.5587,-81.7731,,,EPA 1633,0,2.9,0,0,4,0,3.5,2.2,,,0,,,,,,,,,0,2.1,,,,,,,,,,,0,,,,,,,,,,,0,,0,,0,0,,,,,
Camacho_et_al_2024,LAK_1833_031,Surface Water,28.56116667,-81.76044444,,,EPA 1633,3.8,2.7,0,0,3.9,0,3.5,2.7,,,0,,,,,,,,,0,1.6,,,,,,,,,,,0,,,,,,,,,,,0,,0,,0,0,,,,,
Camacho_et_al_2024,LAK_1834_032,Surface Water,28.50769444,-81.75091667,,,EPA 1633,0,2.3,0,0,3.8,0,3.5,2.2,,,0,,,,,,,,,0,1.4,,,,,,,,,,,0,,,,,,,,,,,0,,0,,0,0,,,,,
Camacho_et_al_2024,LAK_2281_036,Surface Water,28.857269,-81.90004,,,EPA 1633,0,5.8,0,0,0,0,0,0,,,0,,,,,,,,,0,4.4,,,,,,,,,,,0,,,,,,,,,,,0,,0,,0,0,,,,,
Camacho_et_al_2024,LAK_2282_037,Surface Water,28.814563,-81.86873,,,EPA 1633,2.8,4.2,0,1.4,0,0,0,0,,,0,,,,,,,,,0,3.3,,,,,,,,,,,0,,,,,,,,,,,0,,0,,0,0,,,,,
Camacho_et_al_2024,LAK_2283_038,Surface Water,28.743382,-81.766727,,,EPA 1633,0,2.7,0,0,0,0,0,0,,,0,,,,,,,,,0,2.9,,,,,,,,,,,0,,,,,,,,,,,0,,0,,0,0,,,,,
Camacho_et_al_2024,LAK_2284_039,Surface Water,28.710352,-81.746315,,,EPA 1633,0,2.6,0,0,0,0,0,0,,,0,,,,,,,,,0,2.6,,,,,,,,,,,0,,,,,,,,,,,0,,0,,0,0,,,,,
Camacho_et_al_2024,LAK_2285_040,Surface Water,28.902874,-81.806314,,,EPA 1633,2.4,5.3,0,0,1.5,0,4.2,0,,,0,,,,,,,,,0,3.2,,,,,,,,,,,0,,,,,,,,,,,0,,0,,0,0,,,,,
Camacho_et_al_2024,LAK_2286_041,Surface Water,28.936493,-81.717002,,,EPA 1633,1.4,5.8,0,0,0,0,0,3.8,,,0,,,,,,,,,0,2.4,,,,,,,,,,,0,,,,,,,,,,,0,,0,,0,0,,,,,
Camacho_et_al_2024,LAK_2287_042,Surface Water,28.902617,-81.617834,,,EPA 1633,3.9,5.3,0,0,0,0,3,3.2,,,0,,,,,,,,,0,2.6,,,,,,,,,,,0,,,,,,,,,,,0,,0,,0,0,,,,,
Camacho_et_al_2024,LAK_2288_043,Surface Water,29.012981,-81.634743,,,EPA 1633,0,1.1,0,1.1,0,0,0,0,,,0,,,,,,,,,0,1,,,,,,,,,,,0,,,,,,,,,,,0,,0,,0,0,,,,,
Camacho_et_al_2024,LAK_2289_044,Surface Water,29.04603,-81.508545,,,EPA 1633,0,0,0,0,0,0,0,0,,,0,,,,,,,,,0,0,,,,,,,,,,,0,,,,,,,,,,,0,,0,,0,0,,,,,
Camacho_et_al_2024,LAK_2328_046,Surface Water,28.542973,-81.653507,,,EPA 1633,3.5,6.6,0,0,0,0,11.1,3.9,,,0,,,,,,,,,0,4.5,,,,,,,,,,,0,,,,,,,,,,,0,,0,,0,0,,,,,
Camacho_et_al_2024,LAK_2504_047,Surface Water,29.16534,-81.52319,,,EPA 1633,0,4,0,0,0,0,0,0,,,0,,,,,,,,,0,4.7,,,,,,,,,,,0,,,,,,,,,,,0,,0,,0,0,,,,,
Camacho_et_al_2024,LAK_2595_048,Surface Water,29.17065,-81.62738,,,EPA 1633,0,1.6,0,0,0,0,0,0,,,0,,,,,,,,,0,0,,,,,,,,,,,0,,,,,,,,,,,0,,0,,0,0,,,,,
Camacho_et_al_2024,LEE_0021_001,Surface Water,26.75194444,-82.2575,,,EPA 1633,0,3.1,0,0,0,0,3.1,0,,,0,,,,,,,,,0,6.1,,,,,,,,,,,0,,,,,,,,,,,0,,0,,0,0,,,,,
Camacho_et_al_2024,LEE_0026_002,Surface Water,26.6575,-81.88277778,,,EPA 1633,12.8,7,0,3.1,2.5,0,5.8,5.2,,,0,,,,,,,,,0,9.7,,,,,,,,,,,0,,,,,,,,,,,0,,0,,0,0,,,,,
Camacho_et_al_2024,LEE_0032_003,Surface Water,26.695,-82.03944444,,,EPA 1633,0,2.5,0,0,0.7,0,0,0,,,0,,,,,,,,,0,0,,,,,,,,,,,0,,,,,,,,,,,0,,0,,0,0,,,,,
Camacho_et_al_2024,LEE_0033_004,Surface Water,26.64,-82.05777778,,,EPA 1633,4.7,3.9,0,0,0.7,0,4.5,3.6,,,0,,,,,,,,,0,7.5,,,,,,,,,,,0,,,,,,,,,,,0,,0,,0,0,,,,,
Camacho_et_al_2024,LEE_0034_005,Surface Water,26.63194444,-82.11694444,,,EPA 1633,4.7,4.7,0,0,1.2,0,4.5,3.7,,,0,,,,,,,,,0,6.6,,,,,,,,,,,0,,,,,,,,,,,0,,0,,0,0,,,,,
Camacho_et_al_2024,LEE_0037_008,Surface Water,26.61472222,-81.96861111,,,EPA 1633,10.4,5.9,0,2.1,1.2,0,21.8,10.7,,,0,,,,,,,,,0,14.3,,,,,,,,,,,0,,,,,,,,,,,0,,0,,0,0,,,,,
Camacho_et_al_2024,LEE_0039_009,Surface Water,26.70972222,-81.80138889,,,EPA 1633,17.2,8.4,8.9,0,1.4,17.5,7.3,5.8,,,0,,,,,,,,,0,11.5,,,,,,,,,,,0,,,,,,,,,,,0,,0,,0,0,,,,,
Camacho_et_al_2024,LEE_0040_010,Surface Water,26.58,-81.85527778,,,EPA 1633,8.3,5.8,0,1.6,1.1,11.8,7.4,4.9,,,0,,,,,,,,,0,9.7,,,,,,,,,,,0,,,,,,,,,,,0,,0,,0,0,,,,,
Camacho_et_al_2024,LEE_0041_011,Surface Water,26.58194444,-81.87555556,,,EPA 1633,31.1,10.6,10,2.4,1.6,21.4,12.4,7.7,,,0,,,,,,,,,0,14.7,,,,,,,,,,,0,,,,,,,,,,,0,,0,,0,0,,,,,
Camacho_et_al_2024,LEE_0042_012,Surface Water,26.55555556,-81.75222222,,,EPA 1633,5.1,5.1,8.8,1.8,1.3,0,10.1,4.8,,,0,,,,,,,,,0,9.7,,,,,,,,,,,0,,,,,,,,,,,0,,0,,0,0,,,,,
Camacho_et_al_2024,LEE_0043_013,Surface Water,26.46638889,-81.77527778,,,EPA 1633,0,3.9,0,2.2,0.9,0,4.2,3.7,,,0,,,,,,,,,0,8.5,,,,,,,,,,,0,,,,,,,,,,,0,,0,,0,0,,,,,
Camacho_et_al_2024,LEE_0044_014,Surface Water,26.47638889,-81.84694444,,,EPA 1633,16.4,12.2,10.2,2.7,2,20.1,15.6,9.2,,,0,,,,,,,,,0,19.6,,,,,,,,,,,0,,,,,,,,,,,0,,0,,0,0,,,,,
Camacho_et_al_2024,LEE_0045_015,Surface Water,26.5625,-81.93305556,,,EPA 1633,5.6,5.1,0,1.6,1.2,0,5,4.3,,,0,,,,,,,,,0,8.5,,,,,,,,,,,0,,,,,,,,,,,0,,0,,0,0,,,,,
Camacho_et_al_2024,LEE_0046_016,Surface Water,26.56083333,-81.95222222,,,EPA 1633,9.9,7.2,0,2.7,1.7,11.3,7.6,5.2,,,0,,,,,,,,,0,10.4,,,,,,,,,,,0,,,,,,,,,,,0,,1.6,,0,0,,,,,
Camacho_et_al_2024,LEE_0049_017,Surface Water,26.33888889,-81.80583333,,,EPA 1633,5.2,4.9,0,0,0.9,0,4.4,0,,,0,,,,,,,,,0,7.4,,,,,,,,,,,0,,,,,,,,,,,0,,0,,0,0,,,,,
Camacho_et_al_2024,LEE_0050_018,Surface Water,26.33444444,-81.8475,,,EPA 1633,0,2.1,0,0,0,0,2.1,0,,,0,,,,,,,,,0,0,,,,,,,,,,,0,,,,,,,,,,,0,,0,,0,0,,,,,
Camacho_et_al_2024,LEE_0051_019,Surface Water,26.40777778,-81.88388889,,,EPA 1633,4.6,3.1,0,0,0.7,0,3.5,3.2,,,0,,,,,,,,,0,5.8,,,,,,,,,,,0,,,,,,,,,,,0,,0,,0,0,,,,,
Camacho_et_al_2024,LEE_0053_021,Surface Water,26.45361111,-82.03583333,,,EPA 1633,0,3,0,0,0.7,0,3,0,,,0,,,,,,,,,0,5.3,,,,,,,,,,,0,,,,,,,,,,,0,,0,,0,0,,,,,
Camacho_et_al_2024,LEE_0055_056,Surface Water,26.55152778,-82.05263889,,,EPA 1633,0,4,0,0,0.7,0,3.7,3.6,,,0,,,,,,,,,0,7.5,,,,,,,,,,,0,,,,,,,,,,,0,,0,,0,0,,,,,
Camacho_et_al_2024,LEE_0058_022,Surface Water,26.7612,-82.13383333,,,EPA 1633,0,2.6,0,0,0,0,2.7,0,,,0,,,,,,,,,0,5.6,,,,,,,,,,,0,,,,,,,,,,,0,,0,,0,0,,,,,
Camacho_et_al_2024,LEE_0059_023,Surface Water,26.43586111,-82.12588889,,,EPA 1633,5.9,5.3,0,2,1,0,6.7,4.1,,,0,,,,,,,,,0,11.3,,,,,,,,,,,3.9,,,,,,,,,,,0,,0,,0,0,,,,,
Camacho_et_al_2024,LEE_0060_024,Surface Water,26.75175,-82.20116667,,,EPA 1633,0,3,0,0,0,0,3,0,,,0,,,,,,,,,0,6.7,,,,,,,,,,,0,,,,,,,,,,,0,,0,,0,0,,,,,
Camacho_et_al_2024,LEE_0066_025,Surface Water,26.75438333,-82.2282,,,EPA 1633,0,2.2,0,0,0,0,2.3,0,,,0,,,,,,,,,0,4.6,,,,,,,,,,,0,,,,,,,,,,,0,,0,,0,0,,,,,
Camacho_et_al_2024,LEE_0068_027,Surface Water,26.70481667,-82.23553333,,,EPA 1633,0,2.2,0,0,0,0,2.3,0,,,0,,,,,,,,,0,4.6,,,,,,,,,,,0,,,,,,,,,,,0,,0,,0,0,,,,,
Camacho_et_al_2024,LEE_0473_029,Surface Water,26.3461,-81.7408,,,EPA 1633,3.9,2.8,0,0,0.8,0,0,0,,,0,,,,,,,,,0,6,,,,,,,,,,,0,,,,,,,,,,,0,,0,,0,0,,,,,
Camacho_et_al_2024,LEE_0474_030,Surface Water,26.3417,-81.7622,,,EPA 1633,6.1,6.4,9.6,2.1,1.4,0,8.2,4.9,,,0,,,,,,,,,0,10,,,,,,,,,,,3.8,,,,,,,,,,,0,,2,,0,0,,,,,
Camacho_et_al_2024,LEE_1716_031,Surface Water,26.73860833,-82.068825,,,EPA 1633,0,2.8,0,0,0.8,0,3.2,0,,,0,,,,,,,,,0,6.1,,,,,,,,,,,0,,,,,,,,,,,0,,0,,0,0,,,,,
Camacho_et_al_2024,LEE_1717_032,Surface Water,26.72403889,-82.07186389,,,EPA 1633,0,2.5,0,0,0.7,0,3.2,0,,,0,,,,,,,,,0,6,,,,,,,,,,,0,,,,,,,,,,,0,,0,,0,0,,,,,
Camacho_et_al_2024,LEE_1718_033,Surface Water,26.66190278,-82.05646944,,,EPA 1633,0,3.1,0,0,0,0,4,3.1,,,0,,,,,,,,,0,6.8,,,,,,,,,,,0,,,,,,,,,,,0,,0,,0,0,,,,,
Camacho_et_al_2024,LEE_1871_034,Surface Water,26.33936111,-81.69072222,,,EPA 1633,5.6,4.4,0,1.6,1,0,3.3,0,,,0,,,,,,,,,0,0,,,,,,,,,,,0,,,,,,,,,,,0,,0,,0,0,,,,,
Camacho_et_al_2024,LEE_1872_035,Surface Water,26.33522222,-81.74583333,,,EPA 1633,5.5,6.1,0,0,1.1,0,6.1,5.1,,,0,,,,,,,,,0,8.3,,,,,,,,,,,0,,,,,,,,,,,0,,0,,0,0,,,,,
Camacho_et_al_2024,LEE_1873_036,Surface Water,26.34244444,-81.78033333,,,EPA 1633,10.8,6.7,0,2,1.4,0,6.1,5.5,,,0,,,,,,,,,0,10.1,,,,,,,,,,,0,,,,,,,,,,,0,,0,,0,0,,,,,
Camacho_et_al_2024,LEE_1874_037,Surface Water,26.33852778,-81.81808333,,,EPA 1633,35.3,10.8,0,3.3,4.2,0,7.2,5.8,,,0,,,,,,,,,0,11.5,,,,,,,,,,,0,,,,,,,,,,,0,,0,,0,0,,,,,
Camacho_et_al_2024,LEE_1890_038,Surface Water,26.64952778,-81.68702778,,,EPA 1633,6.5,5.7,0,0,0.9,0,5.4,4,,,0,,,,,,,,,0,11.1,,,,,,,,,,,0,,,,,,,,,,,0,,0,,0,0,,,,,
Camacho_et_al_2024,LEE_1891_039,Surface Water,26.59869444,-81.56569444,,,EPA 1633,10.3,14.7,0,1.5,2.8,0,6.4,7.8,,,0,,,,,,,,,0,10.5,,,,,,,,,,,0,,,,,,,,,,,0,,0,,0,0,,,,,
Camacho_et_al_2024,LEE_1947_040,Surface Water,26.49055556,-82.08152778,,,EPA 1633,0,2.4,0,0,0.6,0,2.6,0,,,0,,,,,,,,,0,5,,,,,,,,,,,0,,,,,,,,,,,0,,0,,0,0,,,,,
Camacho_et_al_2024,LEE_1948_041,Surface Water,26.45772222,-82.19533333,,,EPA 1633,0,2.4,0,0,0,0,2.7,0,,,0,,,,,,,,,0,5.1,,,,,,,,,,,0,,,,,,,,,,,0,,0,,0,0,,,,,
Camacho_et_al_2024,LEE_1950_042,Surface Water,26.55005556,-82.19580556,,,EPA 1633,0,2.1,0,0,0,0,2.4,0,,,0,,,,,,,,,0,4.5,,,,,,,,,,,0,,,,,,,,,,,0,,0,,0,0,,,,,
Camacho_et_al_2024,LEE_1952_043,Surface Water,26.64416667,-82.08155556,,,EPA 1633,0,2.9,0,0,0,0,3,3,,,0,,,,,,,,,0,5.5,,,,,,,,,,,0,,,,,,,,,,,0,,0,,0,0,,,,,
Camacho_et_al_2024,LEE_1953_044,Surface Water,26.70672222,-82.16372222,,,EPA 1633,0,2.2,0,0,0,0,2.5,0,,,0,,,,,,,,,0,4.9,,,,,,,,,,,0,,,,,,,,,,,0,,0,,0,0,,,,,
Camacho_et_al_2024,LEE_1954_045,Surface Water,26.69083333,-82.24472222,,,EPA 1633,0,1.9,0,0,0,0,2.1,0,,,0,,,,,,,,,0,0,,,,,,,,,,,0,,,,,,,,,,,0,,0,,0,0,,,,,
Camacho_et_al_2024,LEE_1955_046,Surface Water,26.35841667,-81.83761111,,,EPA 1633,0,2.3,0,0,0.6,0,2.4,0,,,0,,,,,,,,,0,4.9,,,,,,,,,,,0,,,,,,,,,,,0,,0,,0,0,,,,,
Camacho_et_al_2024,LEE_1957_047,Surface Water,26.76130556,-82.06127778,,,EPA 1633,0,2.8,0,0,0.7,0,2.8,0,,,0,,,,,,,,,0,5.2,,,,,,,,,,,0,,,,,,,,,,,0,,0,,0,0,,,,,
Camacho_et_al_2024,LEE_1961_048,Surface Water,26.43861111,-81.84,,,EPA 1633,5.1,4.5,0,0,0.9,0,4.3,3.7,,,0,,,,,,,,,0,7.4,,,,,,,,,,,0,,,,,,,,,,,0,,0,,0,0,,,,,
Camacho_et_al_2024,LEE_1970_049,Surface Water,26.7211,-81.69276944,,,EPA 1633,0,4.2,0,1.7,0.9,0,5.8,5.1,,,0,,,,,,,,,0,8.1,,,,,,,,,,,3.8,,,,,,,,,,,0,,1.5,,0,0,,,,,
Camacho_et_al_2024,LEE_1971_050,Surface Water,26.71153056,-81.75331111,,,EPA 1633,4.6,4.5,0,1.5,0.8,0,5.8,4.8,,,0,,,,,,,,,0,8.2,,,,,,,,,,,0,,,,,,,,,,,0,,0,,0,0,,,,,
Camacho_et_al_2024,LEE_1972_051,Surface Water,26.72138056,-81.64441944,,,EPA 1633,0,4,0,0,0.6,0,5.4,4.8,,,0,,,,,,,,,0,7.7,,,,,,,,,,,0,,,,,,,,,,,0,,0,,0,0,,,,,
Camacho_et_al_2024,LEE_1973_052,Surface Water,26.71276944,-81.60608889,,,EPA 1633,0,3.7,0,0,0.6,0,5,4.6,,,0,,,,,,,,,0,6.8,,,,,,,,,,,0,,,,,,,,,,,0,,0,,0,0,,,,,
Camacho_et_al_2024,LEE_2046_054,Surface Water,26.33722222,-81.81,,,EPA 1633,9,7.3,0,1.5,1.2,0,6.1,5.5,,,0,,,,,,,,,0,9.4,,,,,,,,,,,0,,,,,,,,,,,0,,0,,0,0,,,,,
Camacho_et_al_2024,LEE_2047_055,Surface Water,26.70861111,-81.66333333,,,EPA 1633,4.2,2.5,0,0,0.6,0,2.7,0,,,0,,,,,,,,,0,5.4,,,,,,,,,,,0,,,,,,,,,,,0,,0,,0,0,,,,,
Camacho_et_al_2024,LEO_0732_002,Surface Water,30.402363,-84.336154,,,EPA 1633,0,2.7,0,0,0.9,0,0,0,,,0,,,,,,,,,0,0,,,,,,,,,,,0,,,,,,,,,,,0,,0,,0,0,,,,,
Camacho_et_al_2024,LEO_0733_003,Surface Water,30.43147,-84.299589,,,EPA 1633,3.5,3.9,0,2.2,0.9,0,5.3,3,,,0,,,,,,,,,0,0,,,,,,,,,,,0,,,,,,,,,,,0,,1.1,,0,0,,,,,
Camacho_et_al_2024,LEO_0734_004,Surface Water,30.459515,-84.323223,,,EPA 1633,5.8,3.2,0,2.2,0.9,0,0,0,,,0,,,,,,,,,0,6.7,,,,,,,,,,,3.5,,,,,,,,,,,0,,3.7,,0,0,,,,,
Camacho_et_al_2024,LEO_0735_005,Surface Water,30.446618,-84.293546,,,EPA 1633,3.6,3,0,2.1,0.9,0,4.4,2.8,,,0,,,,,,,,,0,0,,,,,,,,,,,3.1,,,,,,,,,,,0,,1.4,,0,0,,,,,
Camacho_et_al_2024,LEO_0736_006,Surface Water,30.47495,-84.18145,,,EPA 1633,0,2.3,0,1.4,0.6,0,0,0,,,0,,,,,,,,,0,0,,,,,,,,,,,0,,,,,,,,,,,0,,0,,0,0,,,,,
Camacho_et_al_2024,LEO_0737_007,Surface Water,30.436394,-84.178025,,,EPA 1633,0,2.4,0,0,0.7,0,0,2.8,,,0,,,,,,,,,0,0,,,,,,,,,,,0,,,,,,,,,,,0,,0,,0,0,,,,,
Camacho_et_al_2024,LEO_1375_008,Surface Water,30.6181,-84.2527,,,EPA 1633,0,2.5,0,0,0.7,0,0,0,,,0,,,,,,,,,0,0,,,,,,,,,,,0,,,,,,,,,,,0,,0,,0,0,,,,,
Camacho_et_al_2024,LEO_1377_009,Surface Water,30.6426,-84.2026,,,EPA 1633,0,2.4,0,0,0.6,0,0,0,,,0,,,,,,,,,0,0,,,,,,,,,,,0,,,,,,,,,,,0,,0,,0,0,,,,,
Camacho_et_al_2024,LEO_1380_010,Surface Water,30.4394,-84.5294,,,EPA 1633,0,2.3,0,0,0.6,0,0,0,,,0,,,,,,,,,0,0,,,,,,,,,,,0,,,,,,,,,,,0,,0,,0,0,,,,,
Camacho_et_al_2024,LEO_1381_011,Surface Water,30.5076,-84.3134,,,EPA 1633,0,4.7,10.9,0,0.9,0,5.7,4.6,,,0,,,,,,,,,0,15.8,,,,,,,,,,,0,,,,,,,,,,,0,,0,,0,0,,,,,
Camacho_et_al_2024,LEO_1385_012,Surface Water,30.5622,-83.9911,,,EPA 1633,0,2,0,0,0,0,0,0,,,0,,,,,,,,,0,0,,,,,,,,,,,0,,,,,,,,,,,0,,0,,0,0,,,,,
Camacho_et_al_2024,LEO_1386_013,Surface Water,30.2842,-84.1508,,,EPA 1633,0,0,0,0,0,0,0,0,,,0,,,,,,,,,0,0,,,,,,,,,,,0,,,,,,,,,,,0,,0,,0,0,,,,,
Camacho_et_al_2024,LEO_1390_014,Surface Water,30.5184,-84.2492,,,EPA 1633,0,2.5,0,0,0,0,2.7,2.8,,,0,,,,,,,,,0,5,,,,,,,,,,,0,,,,,,,,,,,0,,0,,0,0,,,,,
Camacho_et_al_2024,LEO_1391_015,Surface Water,30.5393,-84.3275,,,EPA 1633,0,2.4,0,0,0.6,0,0,0,,,0,,,,,,,,,0,0,,,,,,,,,,,0,,,,,,,,,,,0,,0,,0,0,,,,,
Camacho_et_al_2024,LEO_1579_016,Surface Water,30.366466,-84.299964,,,EPA 1633,0,3.5,0,1.5,0.7,0,4.4,3.4,,,0,,,,,,,,,0,7.2,,,,,,,,,,,0,,,,,,,,,,,0,,0,,0,0,,,,,
Camacho_et_al_2024,LEO_2401_020,Surface Water,30.57944,-84.28777,,,EPA 1633,0,1.4,0,0,0,0,3.1,0,,,0,,,,,,,,,0,0.8,,,,,,,,,,,0,,,,,,,,,,,0,,0,,0,0,,,,,
Camacho_et_al_2024,LEO_2402_021,Surface Water,30.40027,-84.30722,,,EPA 1633,1.9,1.9,0,0,0,0,0,0,,,0,,,,,,,,,0,3.9,,,,,,,,,,,0,,,,,,,,,,,0,,0,,0,0,,,,,
Camacho_et_al_2024,LEO_2463_022,Surface Water,30.43361,-84.35833,,,EPA 1633,0,1.7,0,1,0,0,0,0,,,0,,,,,,,,,0,0,,,,,,,,,,,1.5,,,,,,,,,,,0,,0,,0,0,,,,,
Camacho_et_al_2024,LEO_2559_024,Surface Water,30.40723,-84.61019,,,EPA 1633,0,1.6,0,0,0,0,0,0,,,0,,,,,,,,,0,0,,,,,,,,,,,0,,,,,,,,,,,0,,0,,0,0,,,,,
Camacho_et_al_2024,LEO_2633_025,Surface Water,30.533056,-84.215833,,,EPA 1633,0,1.1,0,0,0,0,0,0,,,0,,,,,,,,,0,2.1,,,,,,,,,,,0,,,,,,,,,,,0,,0,,0,0,,,,,
Camacho_et_al_2024,LEO_2634_026,Surface Water,30.319444,-84.298889,,,EPA 1633,3.6,2.8,0,1.8,0,0,0,0,,,0,,,,,,,,,0,3.6,,,,,,,,,,,0,,,,,,,,,,,0,,0,,0,0,,,,,
Camacho_et_al_2024,LEO_2558_023,Surface Water,30.28547,-84.15197,,,EPA 1633,0,0,0,0,0,0,0,0,,,0,,,,,,,,,0,0,,,,,,,,,,,0,,,,,,,,,,,0,,0,,0,0,,,,,
Camacho_et_al_2024,LEV_0108_001,Surface Water,29.2623,-83.1737,,,EPA 1633,0,0,0,0,0,0,0,0,,,0,,,,,,,,,0,0,,,,,,,,,,,0,,,,,,,,,,,0,,0,,0,0,,,,,
Camacho_et_al_2024,LEV_0289_002,Surface Water,29.025424,-82.669484,,,EPA 1633,0,0,0,0,0,0,0,0,,,0,,,,,,,,,0,0,,,,,,,,,,,0,,,,,,,,,,,0,,0,,0,0,,,,,
Camacho_et_al_2024,LEV_0290_003,Surface Water,29.033209,-82.573884,,,EPA 1633,0,0,0,0,0,0,0,0,,,0,,,,,,,,,0,0,,,,,,,,,,,0,,,,,,,,,,,0,,0,,0,0,,,,,
Camacho_et_al_2024,LEV_0291_004,Surface Water,29.030803,-82.712745,,,EPA 1633,0,0,0,0,0,0,0,0,,,0,,,,,,,,,0,0,,,,,,,,,,,0,,,,,,,,,,,0,,0,,0,0,,,,,
Camacho_et_al_2024,LEV_0292_005,Surface Water,29.001158,-82.761416,,,EPA 1633,0,0,0,0,0,0,0,0,,,0,,,,,,,,,0,0,,,,,,,,,,,0,,,,,,,,,,,0,,0,,0,0,,,,,
Camacho_et_al_2024,LEV_1197_006,Surface Water,29.164774,-83.026926,,,EPA 1633,0,0,0,0,0,0,0,0,,,0,,,,,,,,,0,0,,,,,,,,,,,0,,,,,,,,,,,0,,0,,0,0,,,,,
Camacho_et_al_2024,LEV_1198_007,Surface Water,29.13523,-83.044984,,,EPA 1633,0,0,0,0,0,0,0,0,,,0,,,,,,,,,0,0,,,,,,,,,,,0,,,,,,,,,,,0,,0,,0,0,,,,,
Camacho_et_al_2024,LEV_1199_008,Surface Water,29.149244,-83.040263,,,EPA 1633,0,0,0,0,0,0,0,0,,,0,,,,,,,,,0,0,,,,,,,,,,,0,,,,,,,,,,,0,,0,,0,0,,,,,
Camacho_et_al_2024,LEV_1200_009,Surface Water,29.139727,-83.034599,,,EPA 1633,0,0,0,0,0,0,0,0,,,0,,,,,,,,,0,0,,,,,,,,,,,0,,,,,,,,,,,0,,0,,0,0,,,,,
Camacho_et_al_2024,LEV_1422_010,Surface Water,29.39653333,-83.02577778,,,EPA 1633,0,0,0,0,0,0,0,0,,,0,,,,,,,,,0,0,,,,,,,,,,,0,,,,,,,,,,,0,,0,,0,0,,,,,
Camacho_et_al_2024,LEV_1424_011,Surface Water,29.51796389,-82.97051667,,,EPA 1633,0,0,0,0,0,0,0,0,,,0,,,,,,,,,0,0,,,,,,,,,,,0,,,,,,,,,,,0,,0,,0,0,,,,,
Camacho_et_al_2024,LEV_1467_012,Surface Water,29.35365278,-82.73551667,,,EPA 1633,0,0,0,0,0,0,0,0,,,0,,,,,,,,,0,0,,,,,,,,,,,0,,,,,,,,,,,0,,0,,0,0,,,,,
Camacho_et_al_2024,LEV_1690_013,Surface Water,29.48944444,-82.97713889,,,EPA 1633,0,0,0,0,0,0,0,0,,,0,,,,,,,,,0,0,,,,,,,,,,,0,,,,,,,,,,,0,,0,,0,0,,,,,
Camacho_et_al_2024,LEV_1855_015,Surface Water,29.13611111,-83.02991667,,,EPA 1633,0,0,0,0,0,0,0,0,,,0,,,,,,,,,0,0,,,,,,,,,,,0,,,,,,,,,,,0,,0,,0,0,,,,,
Camacho_et_al_2024,LEV_2416_016,Surface Water,29.21498,-82.76287,,,EPA 1633,0,0,0,0,0,0,0,0,,,0,,,,,,,,,0,0,,,,,,,,,,,0,,,,,,,,,,,0,,0,,0,0,,,,,
Camacho_et_al_2024,LIB_1607_001,Surface Water,30.440196,-84.986563,,,EPA 1633,3.5,3.5,1.5,0,0.1,0,4,2.8,,,0,,,,,,,,,0,3.5,,,,,,,,,,,0,,,,,,,,,,,0,,0,,0,0,,,,,
Camacho_et_al_2024,LIB_2404_002,Surface Water,30.30785,-85.03969,,,EPA 1633,2,4.1,0,0,0,0,0,2.5,,,0,,,,,,,,,0,2.1,,,,,,,,,,,0,,,,,,,,,,,0,,0,,0,0,,,,,
Camacho_et_al_2024,LIB_2596_003,Surface Water,30.12876,-84.67158,,,EPA 1633,0,1,0,0,0,0,0,0,,,0,,,,,,,,,0,1.1,,,,,,,,,,,0,,,,,,,,,,,0,,0,,0,0,,,,,
Camacho_et_al_2024,MAD_1193_001,Surface Water,30.480527,-83.243931,,,EPA 1633,0,0,0,0,0,0,0,0,,,0,,,,,,,,,0,0,,,,,,,,,,,0,,,,,,,,,,,0,,0,,0,0,,,,,
Camacho_et_al_2024,MAD_1419_002,Surface Water,30.4804,-83.2442,,,EPA 1633,0,0,0,0,0,0,0,0,,,0,,,,,,,,,0,0,,,,,,,,,,,0,,,,,,,,,,,0,,0,,0,0,,,,,
Camacho_et_al_2024,MAD_1432_003,Surface Water,30.41006667,-83.18015,,,EPA 1633,0,0,0,0,0,0,0,0,,,0,,,,,,,,,0,0,,,,,,,,,,,0,,,,,,,,,,,0,,0,,0,0,,,,,
Camacho_et_al_2024,MAD_1470_004,Surface Water,30.62163056,-83.41923333,,,EPA 1633,0,1.9,0,0,0,0,4.3,2.3,,,0,,,,,,,,,0,0.5,,,,,,,,,,,0,,,,,,,,,,,0,,0,,0,0,,,,,
Camacho_et_al_2024,MAD_1471_005,Surface Water,30.47408333,-83.42341667,,,EPA 1633,0,1.2,0,0,0,0,0,0,,,0,,,,,,,,,0,0,,,,,,,,,,,0,,,,,,,,,,,0,,0,,0,0,,,,,
Camacho_et_al_2024,MTE_0427_001,Surface Water,27.4664,-82.6997,,,EPA 1633,0,0,0,0,0,0,0,0,,,0,,,,,,,,,0,4.8,,,,,,,,,,,0,,,,,,,,,,,0,,0,,0,0,,,,,
Camacho_et_al_2024,MTE_0428_002,Surface Water,27.5057,-82.7109,,,EPA 1633,3.2,1.6,0,0,0,0,0,0,,,0,,,,,,,,,0,3.8,,,,,,,,,,,0,,,,,,,,,,,0,,0,,0,0,,,,,
Camacho_et_al_2024,MTE_0429_003,Surface Water,27.4844,-82.5805,,,EPA 1633,14.6,10.2,6.6,0,1.4,16.6,9.4,6.2,,,0,,,,,,,,,0,18.6,,,,,,,,,,,0,,,,,,,,,,,0,,0,,0,0,,,,,
Camacho_et_al_2024,MTE_0430_004,Surface Water,27.4473,-82.5814,,,EPA 1633,11.2,9.8,7.6,4,0.9,15,10.8,6.4,,,0,,,,,,,,,0,23.6,,,,,,,,,,,0,,,,,,,,,,,0,,0,,0,0,,,,,
Camacho_et_al_2024,MTE_0431_005,Surface Water,27.4737,-82.6125,,,EPA 1633,8.9,7.2,6.6,3.8,1.3,17.1,8.3,5.4,,,0,,,,,,,,,0,16,,,,,,,,,,,0,,,,,,,,,,,0,,0,,0,0,,,,,
Camacho_et_al_2024,MTE_0433_007,Surface Water,27.4249,-82.5474,,,EPA 1633,11.4,11.8,7.2,0,1.3,0,16.5,9.6,,,0,,,,,,,,,0,13.1,,,,,,,,,,,0,,,,,,,,,,,0,,0,,0,0,,,,,
Camacho_et_al_2024,MTE_0434_008,Surface Water,27.4448,-82.4859,,,EPA 1633,4.7,5.3,0,0,0,0,6.2,4,,,0,,,,,,,,,0,7.4,,,,,,,,,,,0,,,,,,,,,,,0,,0,,0,0,,,,,
Camacho_et_al_2024,MTE_0435_009,Surface Water,27.5107,-82.3602,,,EPA 1633,0,4.2,7,3.9,0.4,0,0,3.6,,,0,,,,,,,,,0,5.3,,,,,,,,,,,0,,,,,,,,,,,0,,0,,0,0,,,,,
Camacho_et_al_2024,MTE_0436_010,Surface Water,27.5247,-82.4302,,,EPA 1633,3.6,3.3,0,0,0,0,0,3.1,,,0,,,,,,,,,0,3.3,,,,,,,,,,,0,,,,,,,,,,,0,,0,,0,0,,,,,
Camacho_et_al_2024,MTE_0437_011,Surface Water,27.5804,-82.5622,,,EPA 1633,5.5,5.7,0,0,0,0,0,4.2,,,0,,,,,,,,,0,12.9,,,,,,,,,,,0,,,,,,,,,,,0,,0,,0,0,,,,,
Camacho_et_al_2024,MTE_0611_013,Surface Water,27.4481,-82.6883,,,EPA 1633,0,0,0,0,0,0,0,0,,,0,,,,,,,,,0,0,,,,,,,,,,,0,,,,,,,,,,,0,,0,,0,0,,,,,
Camacho_et_al_2024,MTE_0612_014,Surface Water,27.5215,-82.7151,,,EPA 1633,0,1.7,0,0,0,0,2.2,0,,,0,,,,,,,,,0,3.4,,,,,,,,,,,0,,,,,,,,,,,0,,0,,0,0,,,,,
Camacho_et_al_2024,MTE_0613_015,Surface Water,27.4976,-82.7027,,,EPA 1633,0,1.3,0,0,0,0,2.1,0,,,0,,,,,,,,,0,3.4,,,,,,,,,,,0,,,,,,,,,,,0,,0,,0,0,,,,,
Camacho_et_al_2024,MTE_0614_016,Surface Water,27.4967,-82.65665,,,EPA 1633,3.1,1.9,0,0,0,0,2.7,2,,,0,,,,,,,,,0,4.9,,,,,,,,,,,0,,,,,,,,,,,0,,0,,0,0,,,,,
Camacho_et_al_2024,MTE_0615_017,Surface Water,27.5238,-82.6542,,,EPA 1633,3.9,3.1,0,0,0.3,0,2.9,2.6,,,0,,,,,,,,,0,3,,,,,,,,,,,0,,,,,,,,,,,0,,0,,0,0,,,,,
Camacho_et_al_2024,MTE_0616_018,Surface Water,27.4599,-82.6706,,,EPA 1633,5.6,2.1,0,0,0.5,0,2.6,2.2,,,0,,,,,,,,,0,4.6,,,,,,,,,,,0,,,,,,,,,,,0,,0,,0,0,,,,,
Camacho_et_al_2024,MTE_0617_019,Surface Water,27.4456,-82.6485,,,EPA 1633,7,5.6,6,3.6,0.9,0,5.7,3.2,,,0,,,,,,,,,0,5.4,,,,,,,,,,,0,,,,,,,,,,,0,,0,,0,0,,,,,
Camacho_et_al_2024,MTE_0618_020,Surface Water,27.4148,-82.5748,,,EPA 1633,8.9,6.5,0,0,2,13.9,6.6,5.2,,,0,,,,,,,,,0,5.7,,,,,,,,,,,0,,,,,,,,,,,0,,0,,0,0,,,,,
Camacho_et_al_2024,MTE_1405_021,Surface Water,27.43175833,-82.48132778,,,EPA 1633,4.9,5,6.2,0,0,0,7.3,4.1,,,0,,,,,,,,,0,6.5,,,,,,,,,,,0,,,,,,,,,,,0,,0,,0,0,,,,,
Camacho_et_al_2024,MTE_1488_022,Surface Water,27.48118333,-82.34131667,,,EPA 1633,0,1.8,0,0,0,0,0,0,,,0,,,,,,,,,0,2.5,,,,,,,,,,,0,,,,,,,,,,,0,,0,,0,0,,,,,
Camacho_et_al_2024,MTE_1489_023,Surface Water,27.49715,-82.52375,,,EPA 1633,4.1,3.4,0,0,0.2,0,3.7,3,,,0,,,,,,,,,0,2.4,,,,,,,,,,,0,,,,,,,,,,,0,,0,,0,0,,,,,
Camacho_et_al_2024,MTE_1490_024,Surface Water,27.43248333,-82.48166667,,,EPA 1633,4.1,4.6,6.2,0,0,0,5,3.9,,,0,,,,,,,,,0,6.6,,,,,,,,,,,0,,,,,,,,,,,0,,0,,0,0,,,,,
Camacho_et_al_2024,MTE_1491_025,Surface Water,27.50023333,-82.56171667,,,EPA 1633,0,3,6.7,0,0,0,0,2.8,,,0,,,,,,,,,0,5.6,,,,,,,,,,,0,,,,,,,,,,,0,,0,,0,0,,,,,
Camacho_et_al_2024,MTE_1492_026,Surface Water,27.5322,-82.64508333,,,EPA 1633,0,1.7,0,0,0,0,2.8,2.1,,,0,,,,,,,,,0,2.3,,,,,,,,,,,0,,,,,,,,,,,0,,0,,0,0,,,,,
Camacho_et_al_2024,MTE_1493_027,Surface Water,27.49601667,-82.66961667,,,EPA 1633,6.5,3.5,0,0,0.9,0,0,0,,,0,,,,,,,,,0,0,,,,,,,,,,,0,,,,,,,,,,,0,,0,,0,0,,,,,
Camacho_et_al_2024,MTE_1494_028,Surface Water,27.53421667,-82.73465,,,EPA 1633,0,1.5,0,0,0,0,2.2,0,,,0,,,,,,,,,0,2.8,,,,,,,,,,,0,,,,,,,,,,,0,,0,,0,0,,,,,
Camacho_et_al_2024,MTE_2027_030,Surface Water,27.574765,-82.587218,,,EPA 1633,0,1.2,0,0,0,0,0,0,,,0,,,,,,,,,0,3.4,,,,,,,,,,,0,,,,,,,,,,,0,,0,,0,0,,,,,
Camacho_et_al_2024,MTE_2042_031,Surface Water,27.589857,-82.628149,,,EPA 1633,4.1,1.7,0,0,0,0,2.4,2,,,0,,,,,,,,,0,0,,,,,,,,,,,0,,,,,,,,,,,0,,0,,0,0,,,,,
Camacho_et_al_2024,MTE_2064_032,Surface Water,27.634,-82.56280556,,,EPA 1633,0,1.1,0,0,0,0,2.1,0,,,0,,,,,,,,,0,2.4,,,,,,,,,,,0,,,,,,,,,,,0,,0,,0,0,,,,,
Camacho_et_al_2024,MTE_2071_033,Surface Water,27.62830556,-82.56330556,,,EPA 1633,0,1.1,0,0,0,0,0,0,,,0,,,,,,,,,0,4,,,,,,,,,,,0,,,,,,,,,,,0,,0,,0,0,,,,,
Camacho_et_al_2024,MTE_2073_034,Surface Water,27.54988889,-82.70730556,,,EPA 1633,0,0,0,0,0,0,0,0,,,0,,,,,,,,,0,3.1,,,,,,,,,,,0,,,,,,,,,,,0,,0,,0,0,,,,,
Camacho_et_al_2024,MTE_2077_035,Surface Water,27.60461111,-82.63019444,,,EPA 1633,0,0,0,0,0,0,1.5,0,,,0,,,,,,,,,0,3.3,,,,,,,,,,,0,,,,,,,,,,,0,,0,,0,0,,,,,
Camacho_et_al_2024,MTE_2078_036,Surface Water,27.54461111,-82.66488889,,,EPA 1633,0,0,0,0,0,0,1.8,0,,,0,,,,,,,,,0,4.1,,,,,,,,,,,0,,,,,,,,,,,0,,0,,0,0,,,,,
Camacho_et_al_2024,MTE_2082_037,Surface Water,27.6295,-82.56419444,,,EPA 1633,0,1.1,0,0,0,0,2.2,0,,,0,,,,,,,,,0,0,,,,,,,,,,,0,,,,,,,,,,,0,,0,,0,0,,,,,
Camacho_et_al_2024,MTE_2084_038,Surface Water,27.63238889,-82.56530556,,,EPA 1633,0,1.2,0,0,0,0,2.3,0,,,0,,,,,,,,,0,0,,,,,,,,,,,0,,,,,,,,,,,0,,0,,0,0,,,,,
Camacho_et_al_2024,MTE_2086_039,Surface Water,27.56319444,-82.7105,,,EPA 1633,0,0,0,0,0,0,0,0,,,0,,,,,,,,,0,2.6,,,,,,,,,,,0,,,,,,,,,,,0,,0,,0,0,,,,,
Camacho_et_al_2024,MTE_2089_041,Surface Water,27.55,-82.66630556,,,EPA 1633,0,0,0,0,0,0,1.7,0,,,0,,,,,,,,,0,0,,,,,,,,,,,0,,,,,,,,,,,0,,0,,0,0,,,,,
Camacho_et_al_2024,MTE_2133_043,Surface Water,27.60138889,-82.55194444,,,EPA 1633,0,1.5,0,0,0,0,0,0,,,0,,,,,,,,,0,0,,,,,,,,,,,0,,,,,,,,,,,0,,0,,0,0,,,,,
Camacho_et_al_2024,MTE_2134_044,Surface Water,27.60083333,-82.55166667,,,EPA 1633,0,1.6,0,0,0,0,0,0,,,0,,,,,,,,,0,3.9,,,,,,,,,,,0,,,,,,,,,,,0,,0,,0,0,,,,,
Camacho_et_al_2024,MTE_2135_045,Surface Water,27.59,-82.55361111,,,EPA 1633,5.9,5.4,0,0,0,0,8.1,3.3,,,0,,,,,,,,,0,8,,,,,,,,,,,0,,,,,,,,,,,0,,0,,0,0,,,,,
Camacho_et_al_2024,MTE_2242_047,Surface Water,27.3664,-82.1488,,,EPA 1633,0,1.4,0,0,0,0,0,0,,,0,,,,,,,,,0,2.4,,,,,,,,,,,0,,,,,,,,,,,0,,0,,0,0,,,,,
Camacho_et_al_2024,MTE_2243_048,Surface Water,27.3211,-82.2484,,,EPA 1633,8,13.6,0,0,2.5,0,6.4,7.1,,,0,,,,,,,,,0,4.4,,,,,,,,,,,0,,,,,,,,,,,0,,0,,0,0,,,,,
Camacho_et_al_2024,MTE_2329_049,Surface Water,27.4764734,-82.3023585,,,EPA 1633,0,1.9,0,0,0,0,0,0,,,0,,,,,,,,,0,2.4,,,,,,,,,,,0,,,,,,,,,,,0,,0,,0,0,,,,,
Camacho_et_al_2024,MAO_0274_002,Surface Water,29.061107,-82.43697,,,EPA 1633,0,0,0,0,0,0,2.4,0,,,0,,,,,,,,,0,0,,,,,,,,,,,0,,,,,,,,,,,0,,0,,0,0,,,,,
Camacho_et_al_2024,MAO_0276_004,Surface Water,29.098602,-82.435844,,,EPA 1633,0,0,0,0,0,0,0,0,,,0,,,,,,,,,0,0,,,,,,,,,,,0,,,,,,,,,,,0,,0,,0,0,,,,,
Camacho_et_al_2024,MAO_0279_005,Surface Water,29.046238,-82.464971,,,EPA 1633,0,0,0,0,0,0,0,0,,,0,,,,,,,,,0,0.3,,,,,,,,,,,0,,,,,,,,,,,0,,0,,0,0,,,,,
Camacho_et_al_2024,MAO_0349_006,Surface Water,28.98888889,-81.8375,,,EPA 1633,4.9,4.2,0,0,4.5,0,5,2.9,,,0,,,,,,,,,0,2,,,,,,,,,,,0,,,,,,,,,,,0,,0,,0,0,,,,,
Camacho_et_al_2024,MAO_0870_007,Surface Water,29.216103,-81.984307,,,EPA 1633,5,3.2,0,0,0,0,4.5,2.8,,,0,,,,,,,,,0,2.4,,,,,,,,,,,0,,,,,,,,,,,0,,0,,0,0,,,,,
Camacho_et_al_2024,MAO_0871_008,Surface Water,29.213432,-82.054921,,,EPA 1633,6.9,2,0,0,0,0,3.9,2,,,0,,,,,,,,,0,1.4,,,,,,,,,,,0,,,,,,,,,,,0,,0,,0,0,,,,,
Camacho_et_al_2024,MAO_0872_009,Surface Water,29.104852,-82.351988,,,EPA 1633,0,0,0,0,0,0,0,0,,,0,,,,,,,,,0,0,,,,,,,,,,,0,,,,,,,,,,,0,,0,,0,0,,,,,
Camacho_et_al_2024,MAO_0873_010,Surface Water,29.086234,-82.430484,,,EPA 1633,0,0,0,0,0,0,2.3,0,,,0,,,,,,,,,0,0,,,,,,,,,,,0,,,,,,,,,,,0,,0,,0,0,,,,,
Camacho_et_al_2024,MAO_0874_011,Surface Water,29.049392,-82.446808,,,EPA 1633,0,0,0,0,0,0,2.4,0,,,0,,,,,,,,,0,0,,,,,,,,,,,0,,,,,,,,,,,0,,0,,0,0,,,,,
Camacho_et_al_2024,MAO_0886_012,Surface Water,29.215,-81.993333,,,EPA 1633,0,2.4,0,0,0,0,5.5,2.7,,,0,,,,,,,,,0,2,,,,,,,,,,,0,,,,,,,,,,,0,,0,,0,0,,,,,
Camacho_et_al_2024,MAO_0887_013,Surface Water,29.183532,-81.992664,,,EPA 1633,0,2.7,0,0,0,0,4,2.3,,,0,,,,,,,,,0,1.3,,,,,,,,,,,0,,,,,,,,,,,0,,0,,0,0,,,,,
Camacho_et_al_2024,MAO_0888_014,Surface Water,29.078888,-81.880919,,,EPA 1633,4.6,4.5,0,0,4.2,0,5.5,3,,,0,,,,,,,,,0,1.7,,,,,,,,,,,0,,,,,,,,,,,0,,0,,0,0,,,,,
Camacho_et_al_2024,MAO_0889_015,Surface Water,29.178477,-81.834328,,,EPA 1633,0,2.2,0,0,0,0,3.2,2,,,0,,,,,,,,,0,0.3,,,,,,,,,,,0,,,,,,,,,,,0,,0,,0,0,,,,,
Camacho_et_al_2024,MAO_0890_016,Surface Water,29.371106,-81.901066,,,EPA 1633,5.2,2.5,0,0,0,6,4.3,2.2,,,0,,,,,,,,,0,1.7,,,,,,,,,,,0,,,,,,,,,,,0,,0,,0,0,,,,,
Camacho_et_al_2024,MAO_0891_017,Surface Water,29.225744,-81.908848,,,EPA 1633,0,1.5,0,0,0,0,0,0,,,0,,,,,,,,,0,0,,,,,,,,,,,0,,,,,,,,,,,0,,0,,0,0,,,,,
Camacho_et_al_2024,MAO_0892_018,Surface Water,29.138874,-81.849089,,,EPA 1633,0,2.4,0,4.2,6.1,0,3.8,2.3,,,0,,,,,,,,,0,0,,,,,,,,,,,1.8,,,,,,,,,,,0,,0,,0,0,,,,,
Camacho_et_al_2024,MAO_0947_019,Surface Water,29.379037,-82.055882,,,EPA 1633,0,1.3,0,0,0,0,0,0,,,0,,,,,,,,,0,0,,,,,,,,,,,0,,,,,,,,,,,0,,0,,0,0,,,,,
Camacho_et_al_2024,MAO_0948_020,Surface Water,29.362477,-81.966806,,,EPA 1633,0,1.3,0,0,0,0,0,0,,,0,,,,,,,,,0,0,,,,,,,,,,,0,,,,,,,,,,,0,,0,,0,0,,,,,
Camacho_et_al_2024,MAO_0949_021,Surface Water,29.289674,-81.926587,,,EPA 1633,5.6,3.2,0,0,0,9.3,5.1,2.6,,,0,,,,,,,,,0,4,,,,,,,,,,,0,,,,,,,,,,,0,,0,,0,0,,,,,
Camacho_et_al_2024,MAO_0951_023,Surface Water,29.374307,-81.902104,,,EPA 1633,0,1.5,0,0,0,0,0,0,,,0,,,,,,,,,0,0,,,,,,,,,,,0,,,,,,,,,,,0,,0,,0,0,,,,,
Camacho_et_al_2024,MAO_0959_024,Surface Water,29.504921,-81.91669,,,EPA 1633,0,3.1,0,0,0,0,4.4,2.9,,,0,,,,,,,,,0,1.2,,,,,,,,,,,0,,,,,,,,,,,0,,0,,0,0,,,,,
Camacho_et_al_2024,MAO_0999_025,Surface Water,29.01666667,-81.96305556,,,EPA 1633,4.3,2.9,0,0,4,0,5,3.7,,,0,,,,,,,,,0,0.8,,,,,,,,,,,0,,,,,,,,,,,0,,0,,0,0,,,,,
Camacho_et_al_2024,MAO_1047_026,Surface Water,29.447713,-82.212416,,,EPA 1633,0,4,0,0,4.3,0,4.8,3.4,,,0,,,,,,,,,0,1.1,,,,,,,,,,,0,,,,,,,,,,,0,,0,,0,0,,,,,
Camacho_et_al_2024,MAO_1048_027,Surface Water,29.018514,-81.970227,,,EPA 1633,0,3.2,0,0,4.1,0,4.7,3.2,,,0,,,,,,,,,0,2,,,,,,,,,,,0,,,,,,,,,,,0,,0,,0,0,,,,,
Camacho_et_al_2024,MAO_1466_028,Surface Water,29.040407,-81.928706,,,EPA 1633,0,0,0,0,0,0,0,0,,,0,,,,,,,,,0,0,,,,,,,,,,,0,,,,,,,,,,,0,,0,,0,0,,,,,
Camacho_et_al_2024,MAO_1531_029,Surface Water,29.368,-82.382,,,EPA 1633,0,0,0,0,0,0,0,0,,,0,,,,,,,,,0,0,,,,,,,,,,,0,,,,,,,,,,,0,,0,,0,0,,,,,
Camacho_et_al_2024,MAO_1532_030,Surface Water,29.18383889,-81.71241944,,,EPA 1633,0,0,0,0,0,0,2.4,0,,,0,,,,,,,,,0,0,,,,,,,,,,,0,,,,,,,,,,,0,,0,,0,0,,,,,
Camacho_et_al_2024,MAO_2505_036,Surface Water,29.3498,-81.7301,,,EPA 1633,0,0,0,0,0,0,0,0,,,0,,,,,,,,,0,0,,,,,,,,,,,0,,,,,,,,,,,0,,0,,0,0,,,,,
Camacho_et_al_2024,MAO_2597_037,Surface Water,29.24636,-81.64341,,,EPA 1633,0,0,0,0,0,0,0,0,,,0,,,,,,,,,0,0,,,,,,,,,,,0,,,,,,,,,,,0,,0,,0,0,,,,,
Camacho_et_al_2024,MRT_0139_001,Surface Water,26.976504,-80.141549,,,EPA 1633,4.9,3.7,0,0,0,0,0,0,,,0,,,,,,,,,0,0,,,,,,,,,,,0,,,,,,,,,,,0,,0,,0,0,,,,,
Camacho_et_al_2024,MRT_0141_002,Surface Water,27.065983,-80.124902,,,EPA 1633,0,0,0,0,0,0,0,0,,,0,,,,,,,,,0,0,,,,,,,,,,,0,,,,,,,,,,,0,,0,,0,0,,,,,
Camacho_et_al_2024,MRT_0142_003,Surface Water,27.100367,-80.16567,,,EPA 1633,4.8,5,0,0,0,0,0,0,,,0,,,,,,,,,0,0,,,,,,,,,,,0,,,,,,,,,,,0,,0,,0,0,,,,,
Camacho_et_al_2024,MRT_0143_004,Surface Water,27.101386,-80.141375,,,EPA 1633,0,0,0,0,0,0,0,0,,,0,,,,,,,,,0,0,,,,,,,,,,,0,,,,,,,,,,,0,,0,,0,0,,,,,
Camacho_et_al_2024,MRT_0146_006,Surface Water,27.149255,-80.19505,,,EPA 1633,6.5,6.2,0,0,0,0,0,0,,,0,,,,,,,,,0,0,,,,,,,,,,,0,,,,,,,,,,,0,,0,,0,0,,,,,
Camacho_et_al_2024,MRT_0147_007,Surface Water,27.147015,-80.190694,,,EPA 1633,6.1,7,0,0,2.7,0,0,0,,,0,,,,,,,,,0,0,,,,,,,,,,,0,,,,,,,,,,,0,,0,,0,0,,,,,
Camacho_et_al_2024,MRT_0148_008,Surface Water,27.164958,-80.182524,,,EPA 1633,0,0,0,0,0,0,0,0,,,0,,,,,,,,,0,0,,,,,,,,,,,0,,,,,,,,,,,0,,0,,0,0,,,,,
Camacho_et_al_2024,MRT_0149_009,Surface Water,27.154157,-80.1713,,,EPA 1633,0,0,0,0,0,0,0,0,,,0,,,,,,,,,0,0,,,,,,,,,,,0,,,,,,,,,,,0,,0,,0,0,,,,,
Camacho_et_al_2024,MRT_0150_010,Surface Water,27.182738,-80.206428,,,EPA 1633,2.9,2.9,0,0,0,0,0,0,,,0,,,,,,,,,0,0,,,,,,,,,,,0,,,,,,,,,,,0,,0,,0,0,,,,,
Camacho_et_al_2024,MRT_0154_011,Surface Water,27.205997,-80.371918,,,EPA 1633,9,13,0,0,2.6,0,0,0,,,0,,,,,,,,,0,0,,,,,,,,,,,0,,,,,,,,,,,0,,0,,0,0,,,,,
Camacho_et_al_2024,MRT_0175_012,Surface Water,27.20021047,-80.16616566,,,EPA 1633,0,0,0,0,0,0,0,0,,,0,,,,,,,,,0,0,,,,,,,,,,,0,,,,,,,,,,,0,,0,,0,0,,,,,
Camacho_et_al_2024,MRT_0176_013,Surface Water,26.97657343,-80.13174736,,,EPA 1633,6.8,4,0,0,0,0,0,0,,,0,,,,,,,,,0,0,,,,,,,,,,,0,,,,,,,,,,,0,,0,,0,0,,,,,
Camacho_et_al_2024,MRT_0178_014,Surface Water,27.16426408,-80.19379699,,,EPA 1633,4.6,4.8,0,0,0,0,0,0,,,0,,,,,,,,,0,0,,,,,,,,,,,0,,,,,,,,,,,0,,0,,0,0,,,,,
Camacho_et_al_2024,MRT_0179_015,Surface Water,27.16183848,-80.25717122,,,EPA 1633,5.4,5.9,0,0,0,0,0,0,,,0,,,,,,,,,0,0,,,,,,,,,,,0,,,,,,,,,,,0,,0,,0,0,,,,,
Camacho_et_al_2024,MRT_0185_016,Surface Water,27.20251749,-80.19923533,,,EPA 1633,9.5,3.8,0,0,0,0,0,0,,,0,,,,,,,,,0,0,,,,,,,,,,,0,,,,,,,,,,,0,,0,,0,0,,,,,
Camacho_et_al_2024,MRT_0186_017,Surface Water,27.20243488,-80.25815739,,,EPA 1633,8.9,9.2,0,0,2.9,0,0,0,,,0,,,,,,,,,0,0,,,,,,,,,,,0,,,,,,,,,,,0,,0,,0,0,,,,,
Camacho_et_al_2024,MRT_0245_018,Surface Water,26.984403,-80.620068,,,EPA 1633,4.1,6.7,0,0,0,0,0,0,,,0,,,,,,,,,0,0,,,,,,,,,,,0,,,,,,,,,,,0,,0,,0,0,,,,,
Camacho_et_al_2024,MRT_0246_019,Surface Water,27.108727,-80.287055,,,EPA 1633,3.3,2.5,0,0,0,0,0,0,,,0,,,,,,,,,0,0,,,,,,,,,,,0,,,,,,,,,,,0,,0,,0,0,,,,,
Camacho_et_al_2024,MRT_0744_020,Surface Water,27.1116,-80.2562,,,EPA 1633,3.8,0,0,0,0,0,0,0,,,0,,,,,,,,,0,0,,,,,,,,,,,0,,,,,,,,,,,0,,0,,0,0,,,,,
Camacho_et_al_2024,MRT_0745_021,Surface Water,27.1876,-80.2701,,,EPA 1633,9.9,5.3,0,0,0,0,0,0,,,0,,,,,,,,,0,0,,,,,,,,,,,0,,,,,,,,,,,0,,0,,0,0,,,,,
Camacho_et_al_2024,MRT_0746_022,Surface Water,27.2025,-80.1416,,,EPA 1633,0,0,0,0,0,0,0,0,,,0,,,,,,,,,0,0,,,,,,,,,,,0,,,,,,,,,,,0,,0,,0,0,,,,,
Camacho_et_al_2024,MRT_0747_023,Surface Water,27.1624,-80.194,,,EPA 1633,4.1,3.9,0,0,0,0,0,0,,,0,,,,,,,,,0,0,,,,,,,,,,,0,,,,,,,,,,,0,,0,,0,0,,,,,
Camacho_et_al_2024,MRT_0748_024,Surface Water,27.1137,-80.2824,,,EPA 1633,4.6,5,0,0,0,0,0,0,,,0,,,,,,,,,0,0,,,,,,,,,,,0,,,,,,,,,,,0,,0,,0,0,,,,,
Camacho_et_al_2024,MRT_0749_025,Surface Water,27.0184,-80.44281,,,EPA 1633,4.5,6.7,0,0,0,0,0,0,,,0,,,,,,,,,0,0,,,,,,,,,,,0,,,,,,,,,,,0,,0,,0,0,,,,,
Camacho_et_al_2024,MRT_1292_027,Surface Water,26.97541,-80.828361,,,EPA 1633,0,2.6,0,0,0,0,0,0,,,0,,,,,,,,,0,0,,,,,,,,,,,0,,,,,,,,,,,0,,0,,0,0,,,,,
Camacho_et_al_2024,MRT_1308_028,Surface Water,27.02633,-80.783074,,,EPA 1633,0,3.1,0,0,0,0,0,0,,,0,,,,,,,,,0,0,,,,,,,,,,,0,,,,,,,,,,,0,,0,,0,0,,,,,
Camacho_et_al_2024,MRT_1309_029,Surface Water,27.00136,-80.793429,,,EPA 1633,0,3.3,0,0,0,0,0,0,,,0,,,,,,,,,0,0,,,,,,,,,,,0,,,,,,,,,,,0,,0,,0,0,,,,,
Camacho_et_al_2024,MRT_1310_030,Surface Water,26.97425,-80.794445,,,EPA 1633,0,2.5,0,0,0,0,0,0,,,0,,,,,,,,,0,0,,,,,,,,,,,0,,,,,,,,,,,0,,0,,0,0,,,,,
Camacho_et_al_2024,MRT_1324_031,Surface Water,27.05958,-80.753815,,,EPA 1633,0,3.1,0,0,0,0,0,0,,,0,,,,,,,,,0,0,,,,,,,,,,,0,,,,,,,,,,,0,,0,,0,0,,,,,
Camacho_et_al_2024,MRT_1326_033,Surface Water,27.00118,-80.762127,,,EPA 1633,0,3.6,0,0,0,0,0,0,,,0,,,,,,,,,0,0,,,,,,,,,,,0,,,,,,,,,,,0,,0,,0,0,,,,,
Camacho_et_al_2024,MRT_1327_034,Surface Water,26.97157,-80.760667,,,EPA 1633,0,2.3,0,0,0,0,0,0,,,0,,,,,,,,,0,0,,,,,,,,,,,0,,,,,,,,,,,0,,0,,0,0,,,,,
Camacho_et_al_2024,MRT_1340_037,Surface Water,27.00543,-80.728731,,,EPA 1633,0,3.2,0,0,0,0,0,0,,,0,,,,,,,,,0,0,,,,,,,,,,,0,,,,,,,,,,,0,,0,,0,0,,,,,
Camacho_et_al_2024,MRT_1341_038,Surface Water,26.97178,-80.728423,,,EPA 1633,0,2.8,0,0,0,0,0,0,,,0,,,,,,,,,0,0,,,,,,,,,,,0,,,,,,,,,,,0,,0,,0,0,,,,,
Camacho_et_al_2024,MRT_1353_041,Surface Water,27.03482,-80.695258,,,EPA 1633,0,3.1,0,0,0,0,0,0,,,0,,,,,,,,,0,0,,,,,,,,,,,0,,,,,,,,,,,0,,0,,0,0,,,,,
Camacho_et_al_2024,MRT_1361_044,Surface Water,27.09079,-80.666815,,,EPA 1633,0,4.6,0,0,0,0,0,0,,,0,,,,,,,,,0,0,,,,,,,,,,,0,,,,,,,,,,,0,,0,,0,0,,,,,
Camacho_et_al_2024,MRT_1362_045,Surface Water,27.0687,-80.662051,,,EPA 1633,0,3.5,0,0,0,0,0,0,,,0,,,,,,,,,0,0,,,,,,,,,,,0,,,,,,,,,,,0,,0,,0,0,,,,,
Camacho_et_al_2024,MRT_1363_046,Surface Water,27.03829,-80.658638,,,EPA 1633,0,3.7,0,0,0,0,0,0,,,0,,,,,,,,,0,0,,,,,,,,,,,0,,,,,,,,,,,0,,0,,0,0,,,,,
Camacho_et_al_2024,MRT_1365_048,Surface Water,26.97479,-80.662631,,,EPA 1633,0,0,0,0,0,0,0,0,,,0,,,,,,,,,0,0,,,,,,,,,,,0,,,,,,,,,,,0,,0,,0,0,,,,,
Camacho_et_al_2024,MRT_1369_049,Surface Water,27.0052,-80.6302,,,EPA 1633,0,4.1,0,0,0,0,0,0,,,0,,,,,,,,,0,0,,,,,,,,,,,0,,,,,,,,,,,0,,0,,0,0,,,,,
Camacho_et_al_2024,MRT_1370_050,Surface Water,26.97243,-80.628777,,,EPA 1633,0,3.5,0,0,0,0,0,0,,,0,,,,,,,,,0,0,,,,,,,,,,,0,,,,,,,,,,,0,,0,,0,0,,,,,
Camacho_et_al_2024,MRT_2454_055,Surface Water,27.32175,-80.22841,,,EPA 1633,0,1.9,0,0,0,0,0,0,,,0,,,,,,,,,0,2.2,,,,,,,,,,,0,,,,,,,,,,,0,,0,,0,0,,,,,
Camacho_et_al_2024,DAD_0369_001,Surface Water,25.6143,-80.306,,,EPA 1633,8.8,3.3,0,1.8,1.3,0,3.2,1.1,,,0,,,,,,,,,0,1.8,,,,,,,,,,,0,,,,,,,,,,,0,,0,,0,0,,,,,
Camacho_et_al_2024,DAD_0370_002,Surface Water,25.6108,-80.3076,,,EPA 1633,7.8,3.6,0,1.6,1.2,0,3.7,1.2,,,0,,,,,,,,,0,2.1,,,,,,,,,,,0,,,,,,,,,,,0,,0,,0,0,,,,,
Camacho_et_al_2024,DAD_0371_003,Surface Water,25.6154,-80.3283,,,EPA 1633,8.1,4.7,0,1.8,1.4,0,8.5,3.2,,,0,,,,,,,,,0,3.8,,,,,,,,,,,0,,,,,,,,,,,0,,0,,0,0,,,,,
Camacho_et_al_2024,DAD_0372_004,Surface Water,25.6421,-80.2806,,,EPA 1633,7.1,3.2,0,0,1.3,0,2.2,0.8,,,0,,,,,,,,,0,0.3,,,,,,,,,,,0,,,,,,,,,,,0,,0,,0,0,,,,,
Camacho_et_al_2024,DAD_0373_005,Surface Water,25.6699,-80.284,,,EPA 1633,3.9,3.1,0,0,0,0,3.1,0.9,,,0,,,,,,,,,0,0.4,,,,,,,,,,,0,,,,,,,,,,,0,,0,,0,0,,,,,
Camacho_et_al_2024,DAD_0374_006,Surface Water,25.6788,-80.2556,,,EPA 1633,5.4,2.6,0,1.6,1.1,0,1.9,0,,,0,,,,,,,,,0,0,,,,,,,,,,,0,,,,,,,,,,,0,,0,,0,0,,,,,
Camacho_et_al_2024,DAD_0375_007,Surface Water,25.5406,-80.3288,,,EPA 1633,17.9,3,0,1.8,1.6,0,2.6,1.1,,,0,,,,,,,,,0,2.4,,,,,,,,,,,0,,,,,,,,,,,0,,0,,0,0,,,,,
Camacho_et_al_2024,DAD_0376_008,Surface Water,25.7094,-80.1514,,,EPA 1633,10.9,2.5,0,2.4,1.7,0,0,0,,,0,,,,,,,,,0,0,,,,,,,,,,,0,,,,,,,,,,,0,,0,,0,0,,,,,
Camacho_et_al_2024,DAD_0477_009,Surface Water,25.6002136,-80.4055147,,,EPA 1633,5,2,0,0,0,0,2.2,0,,,0,,,,,,,,,0,0.3,,,,,,,,,,,0,,,,,,,,,,,0,,0,,0,0,,,,,
Camacho_et_al_2024,DAD_0478_010,Surface Water,25.604103,-80.4197858,,,EPA 1633,6.5,3.9,0,1.6,1.1,0,3.4,1,,,0,,,,,,,,,0,1.5,,,,,,,,,,,0,,,,,,,,,,,0,,0,,0,0,,,,,
Camacho_et_al_2024,DAD_0479_011,Surface Water,25.6193223,-80.4220301,,,EPA 1633,6.5,2.3,0,0,0,0,1.9,0.6,,,0,,,,,,,,,0,0.6,,,,,,,,,,,0,,,,,,,,,,,0,,0,,0,0,,,,,
Camacho_et_al_2024,DAD_0480_012,Surface Water,25.637843,-80.44721,,,EPA 1633,0,2.2,0,0,0,0,0,0,,,0,,,,,,,,,0,0.4,,,,,,,,,,,0,,,,,,,,,,,0,,0,,0,0,,,,,
Camacho_et_al_2024,DAD_0481_013,Surface Water,25.6595057,-80.4487087,,,EPA 1633,3.9,2.5,0,0,0,0,2.3,0.8,,,0,,,,,,,,,0,0,,,,,,,,,,,0,,,,,,,,,,,0,,0,,0,0,,,,,
Camacho_et_al_2024,DAD_0482_014,Surface Water,25.6731526,-80.4385334,,,EPA 1633,6.1,3.3,0,0,1.1,0,3.5,1,,,0,,,,,,,,,0,1.5,,,,,,,,,,,0,,,,,,,,,,,0,,0,,0,0,,,,,
Camacho_et_al_2024,DAD_0483_015,Surface Water,25.6753778,-80.4255327,,,EPA 1633,8.7,3.5,0,0,1.2,0,3.2,0.8,,,0,,,,,,,,,0,1.7,,,,,,,,,,,0,,,,,,,,,,,0,,0,,0,0,,,,,
Camacho_et_al_2024,DAD_0484_016,Surface Water,25.6390049,-80.4063626,,,EPA 1633,9,7.2,0,1.6,1.4,0,4.5,2.4,,,0,,,,,,,,,0,1,,,,,,,,,,,0,,,,,,,,,,,0,,0,,0,0,,,,,
Camacho_et_al_2024,DAD_0485_017,Surface Water,25.6404872,-80.4070848,,,EPA 1633,11.5,7.7,0,1.9,1.5,0,4.3,2.5,,,0,,,,,,,,,0,1.3,,,,,,,,,,,0,,,,,,,,,,,0,,0,,0,0,,,,,
Camacho_et_al_2024,DAD_0486_018,Surface Water,25.6874004,-80.4076762,,,EPA 1633,10.8,7.1,0,1.6,1.5,4,6.4,2.9,,,0,,,,,,,,,0,1.7,,,,,,,,,,,0,,,,,,,,,,,0,,0,,0,0,,,,,
Camacho_et_al_2024,DAD_0695_019,Surface Water,25.20222222,-80.71194444,,,EPA 1633,0,2.1,0,0,0,0,1.5,0,,,0,,,,,,,,,0,0,,,,,,,,,,,0,,,,,,,,,,,0,,0,,0,0,,,,,
Camacho_et_al_2024,DAD_1004_020,Surface Water,25.96416667,-80.24611111,,,EPA 1633,8.3,5.1,0,1.9,1.4,0,7,3.9,,,0,,,,,,,,,0,1.9,,,,,,,,,,,0,,,,,,,,,,,0,,0,,0,0,,,,,
Camacho_et_al_2024,DAD_1005_021,Surface Water,25.91527778,-80.25222222,,,EPA 1633,10.1,6.2,0,2,1.8,0,9.6,5.7,,,0,,,,,,,,,0,2.3,,,,,,,,,,,0,,,,,,,,,,,0,,0,,0,0,,,,,
Camacho_et_al_2024,DAD_1006_022,Surface Water,25.92055556,-80.29861111,,,EPA 1633,9.5,6.9,1.4,3.1,1.8,0,7.5,3.7,,,0,,,,,,,,,0,2.3,,,,,,,,,,,1.6,,,,,,,,,,,0,,0,,0,0,,,,,
Camacho_et_al_2024,DAD_1007_023,Surface Water,25.91361111,-80.13055556,,,EPA 1633,4.6,3.2,0,1.7,1.1,0,3.1,1,,,0,,,,,,,,,0,0.5,,,,,,,,,,,0,,,,,,,,,,,0,,0,,0,0,,,,,
Camacho_et_al_2024,DAD_1008_024,Surface Water,25.87916667,-80.18555556,,,EPA 1633,15.1,7.2,2.4,2.1,1.9,3.9,10.5,6.1,,,0,,,,,,,,,0,4.9,,,,,,,,,,,0,,,,,,,,,,,0,,0,,0,0,,,,,
Camacho_et_al_2024,DAD_1009_025,Surface Water,25.81972222,-80.12027778,,,EPA 1633,0,0,0,0,0,0,0,0,,,0,,,,,,,,,0,0,,,,,,,,,,,0,,,,,,,,,,,0,,0,,0,0,,,,,
Camacho_et_al_2024,DAD_1010_026,Surface Water,25.79666667,-80.14194444,,,EPA 1633,4.6,2.7,0,1.6,1,0,2.8,0.9,,,0,,,,,,,,,0,0.1,,,,,,,,,,,0,,,,,,,,,,,0,,0,,0,0,,,,,
Camacho_et_al_2024,DAD_1011_027,Surface Water,25.76638889,-80.13611111,,,EPA 1633,0,2,0,0,0,0,1.3,0,,,0,,,,,,,,,0,0,,,,,,,,,,,0,,,,,,,,,,,0,,0,,0,0,,,,,
Camacho_et_al_2024,DAD_1012_028,Surface Water,25.78888889,-80.32666667,,,EPA 1633,0,0,0,0,0,0,0,0,,,0,,,,,,,,,0,0,,,,,,,,,,,0,,,,,,,,,,,0,,0,,0,0,,,,,
Camacho_et_al_2024,DAD_1013_029,Surface Water,25.77138889,-80.30861111,,,EPA 1633,5.8,3.7,0,1.8,1.3,0,4.8,2.4,,,0,,,,,,,,,0,1.7,,,,,,,,,,,0,,,,,,,,,,,0,,0,,0,0,,,,,
Camacho_et_al_2024,DAD_1014_030,Surface Water,25.78527778,-80.28083333,,,EPA 1633,6.2,3.7,0,1.9,1.3,0,4.6,1.7,,,0,,,,,,,,,0,0.6,,,,,,,,,,,0,,,,,,,,,,,0,,0,,0,0,,,,,
Camacho_et_al_2024,DAD_1015_031,Surface Water,25.78388889,-80.21638889,,,EPA 1633,6.6,4.1,0,1.7,1.5,0,6.1,3,,,0,,,,,,,,,0,1.2,,,,,,,,,,,0,,,,,,,,,,,0,,0,,0,0,,,,,
Camacho_et_al_2024,DAD_1016_032,Surface Water,25.80027778,-80.38611111,,,EPA 1633,0,2.6,0,1.7,1.1,0,2.1,0.7,,,0,,,,,,,,,0,0,,,,,,,,,,,0,,,,,,,,,,,0,,0,,0,0,,,,,
Camacho_et_al_2024,DAD_1017_033,Surface Water,25.82277778,-80.28138889,,,EPA 1633,4.3,4,0,1.5,1.1,0,4,1.4,,,0,,,,,,,,,0,0,,,,,,,,,,,0,,,,,,,,,,,0,,0,,0,0,,,,,
Camacho_et_al_2024,DAD_1018_034,Surface Water,25.88222222,-80.23,,,EPA 1633,4.7,4.4,0,0,1.1,0,4.4,1.7,,,0,,,,,,,,,0,3.6,,,,,,,,,,,0,,,,,,,,,,,0,,0,,0,0,,,,,
Camacho_et_al_2024,DAD_1019_035,Surface Water,25.72694444,-80.27222222,,,EPA 1633,15.6,7.4,0,2.7,2.1,0,9,4,,,0,,,,,,,,,0,4.4,,,,,,,,,,,0,,,,,,,,,,,0,,0,,0,0,,,,,
Camacho_et_al_2024,DAD_1020_036,Surface Water,25.70472222,-80.38111111,,,EPA 1633,4.3,3.8,0,1.9,1.2,0,4,1.3,,,0,,,,,,,,,0,0.4,,,,,,,,,,,0,,,,,,,,,,,0,,0,,0,0,,,,,
Camacho_et_al_2024,DAD_1021_037,Surface Water,25.49916667,-80.4625,,,EPA 1633,15.7,3.1,0,0,0,0,0,0,,,0,,,,,,,,,0,6.4,,,,,,,,,,,0,,,,,,,,,,,0,,0,,0,0,,,,,
Camacho_et_al_2024,DAD_1022_038,Surface Water,25.47444444,-80.43611111,,,EPA 1633,16,3.8,0,0,0,0,0,0,,,0,,,,,,,,,0,7.1,,,,,,,,,,,0,,,,,,,,,,,0,,0,,0,0,,,,,
Camacho_et_al_2024,DAD_1024_040,Surface Water,25.48138889,-80.54222222,,,EPA 1633,6.2,0,0,0,0,0,0,0,,,0,,,,,,,,,0,1.9,,,,,,,,,,,0,,,,,,,,,,,0,,0,,0,0,,,,,
Camacho_et_al_2024,DAD_1025_041,Surface Water,25.53861111,-80.32972222,,,EPA 1633,7,3.5,0,0,1.2,0,4.1,2.2,,,0,,,,,,,,,0,2.1,,,,,,,,,,,0,,,,,,,,,,,0,,0,,0,0,,,,,
Camacho_et_al_2024,DAD_1026_042,Surface Water,25.54833333,-80.34777778,,,EPA 1633,6.4,2.9,0,0,1.1,0,2.8,0.9,,,0,,,,,,,,,0,1.3,,,,,,,,,,,0,,,,,,,,,,,0,,0,,0,0,,,,,
Camacho_et_al_2024,DAD_1027_043,Surface Water,25.56416667,-80.35055556,,,EPA 1633,16.6,7.7,0,1.9,1.5,4.5,6.4,2.5,,,0,,,,,,,,,0,5.8,,,,,,,,,,,0,,,,,,,,,,,0,,0,,0,0,,,,,
Camacho_et_al_2024,DAD_1028_044,Surface Water,25.56777778,-80.32805556,,,EPA 1633,10,5.9,0,1.7,1.6,0,6,2.6,,,0,,,,,,,,,0,4.1,,,,,,,,,,,0,,,,,,,,,,,0,,0,,0,0,,,,,
Camacho_et_al_2024,DAD_1029_045,Surface Water,25.57,-80.37111111,,,EPA 1633,4.3,2.4,0,0,0,0,2.1,0.7,,,0,,,,,,,,,0,0,,,,,,,,,,,0,,,,,,,,,,,0,,0,,0,0,,,,,
Camacho_et_al_2024,DAD_1030_046,Surface Water,25.55944444,-80.34277778,,,EPA 1633,9.6,5.4,0,1.7,1.3,0,3.8,1.5,,,0,,,,,,,,,0,1.8,,,,,,,,,,,0,,,,,,,,,,,0,,0,,0,0,,,,,
Camacho_et_al_2024,DAD_1610_047,Surface Water,25.53711111,-80.34363889,,,EPA 1633,12.8,13.7,0,1.7,2,4.6,10.4,4.9,,,0,,,,,,,,,0,5.3,,,,,,,,,,,0,,,,,,,,,,,0,,0,,0,0,,,,,
Camacho_et_al_2024,DAD_1611_048,Surface Water,25.54311111,-80.33088889,,,EPA 1633,6.7,3,0,0,1,0,3.1,1.1,,,0,,,,,,,,,0,2.5,,,,,,,,,,,0,,,,,,,,,,,0,,0,,0,0,,,,,
Camacho_et_al_2024,DAD_1612_049,Surface Water,25.55219444,-80.33158333,,,EPA 1633,7.4,5,0,0,1.3,0,6.3,2.9,,,0,,,,,,,,,0,2.9,,,,,,,,,,,0,,,,,,,,,,,0,,0,,0,0,,,,,
Camacho_et_al_2024,DAD_1613_050,Surface Water,25.47352778,-80.41252778,,,EPA 1633,10.3,4.2,0,0,0,0,2.6,1,,,0,,,,,,,,,0,9.7,,,,,,,,,,,0,,,,,,,,,,,0,,0,,0,0,,,,,
Camacho_et_al_2024,DAD_1614_051,Surface Water,25.47038889,-80.37936111,,,EPA 1633,13,5.2,0,0,1.7,5.6,6,2.9,,,0,,,,,,,,,0,7,,,,,,,,,,,0,,,,,,,,,,,0,,0,,0,0,,,,,
Camacho_et_al_2024,DAD_1615_052,Surface Water,25.46263889,-80.34705556,,,EPA 1633,10.1,4.5,0,0,1.3,0,3.3,1.3,,,0,,,,,,,,,0,5.9,,,,,,,,,,,0,,,,,,,,,,,0,,0,,0,0,,,,,
Camacho_et_al_2024,DAD_1616_053,Surface Water,25.44811111,-80.40388889,,,EPA 1633,10.6,2.8,0,0,1.1,0,2.5,0,,,0,,,,,,,,,0,7.6,,,,,,,,,,,0,,,,,,,,,,,0,,0,,0,0,,,,,
Camacho_et_al_2024,DAD_1618_055,Surface Water,25.44752778,-80.43086111,,,EPA 1633,6,0,0,0,0,0,0,0,,,0,,,,,,,,,0,4,,,,,,,,,,,0,,,,,,,,,,,0,,0,,0,0,,,,,
Camacho_et_al_2024,DAD_1637_057,Surface Water,25.921662,-80.306739,,,EPA 1633,9.2,8.5,0,2,1.8,4.7,8.8,5.5,,,0,,,,,,,,,0,3.7,,,,,,,,,,,0,,,,,,,,,,,0,,0,,0,0,,,,,
Camacho_et_al_2024,DAD_1638_058,Surface Water,25.842945,-80.357118,,,EPA 1633,0,3.3,0,0,1.1,0,4.4,1.3,,,0,,,,,,,,,0,0.6,,,,,,,,,,,0,,,,,,,,,,,0,,0,,0,0,,,,,
Camacho_et_al_2024,DAD_1639_059,Surface Water,25.947179,-80.300142,,,EPA 1633,6.1,4.3,0,1.6,1.5,0,3.4,1.1,,,0,,,,,,,,,0,0,,,,,,,,,,,0,,,,,,,,,,,0,,0,,0,0,,,,,
Camacho_et_al_2024,DAD_1704_062,Surface Water,25.7791,-80.5109,,,EPA 1633,0,2.2,0,0,0,0,0,0.8,,,0,,,,,,,,,0,0,,,,,,,,,,,0,,,,,,,,,,,0,,0,,0,0,,,,,
Camacho_et_al_2024,DAD_1705_063,Surface Water,25.791,-80.5051,,,EPA 1633,0,2.3,0,0,0,0,2.4,0.7,,,0,,,,,,,,,0,0,,,,,,,,,,,0,,,,,,,,,,,0,,0,,0,0,,,,,
Camacho_et_al_2024,DAD_1706_064,Surface Water,25.7976,-80.5052,,,EPA 1633,0,2.1,0,0,0,0,0,0.8,,,0,,,,,,,,,0,0,,,,,,,,,,,0,,,,,,,,,,,0,,0,,0,0,,,,,
Camacho_et_al_2024,DAD_1708_066,Surface Water,25.8055,-80.4974,,,EPA 1633,0,2,0,0,0,0,2.2,0.7,,,0,,,,,,,,,0,0,,,,,,,,,,,0,,,,,,,,,,,0,,0,,0,0,,,,,
Camacho_et_al_2024,DAD_1709_067,Surface Water,25.8119,-80.4978,,,EPA 1633,0,0,0,0,0,0,2.6,0,,,0,,,,,,,,,0,0,,,,,,,,,,,0,,,,,,,,,,,0,,0,,0,0,,,,,
Camacho_et_al_2024,DAD_1710_068,Surface Water,25.8204,-80.5012,,,EPA 1633,0,2,0,0,0,0,0,0.7,,,0,,,,,,,,,0,0.5,,,,,,,,,,,0,,,,,,,,,,,0,,0,,0,0,,,,,
Camacho_et_al_2024,DAD_1711_069,Surface Water,25.8325,-80.5038,,,EPA 1633,0,2.1,0,0,0,0,2.3,0.8,,,0,,,,,,,,,0,0,,,,,,,,,,,0,,,,,,,,,,,0,,0,,0,0,,,,,
Camacho_et_al_2024,DAD_1712_070,Surface Water,25.8222,-80.5123,,,EPA 1633,0,2,0,0,0,0,2.3,0.8,,,0,,,,,,,,,0,0,,,,,,,,,,,0,,,,,,,,,,,0,,0,,0,0,,,,,
Camacho_et_al_2024,DAD_1923_072,Surface Water,25.76063889,-80.85886111,,,EPA 1633,0,2.7,0,0,1.2,0,0,0,,,0,,,,,,,,,0,0,,,,,,,,,,,0,,,,,,,,,,,0,,0,,0,0,,,,,
Camacho_et_al_2024,DAD_1924_073,Surface Water,25.76211111,-80.81913889,,,EPA 1633,0,2.3,0,0,1,0,0,0,,,0,,,,,,,,,0,0,,,,,,,,,,,0,,,,,,,,,,,0,,0,,0,0,,,,,
Camacho_et_al_2024,DAD_1925_074,Surface Water,25.76233333,-80.72747222,,,EPA 1633,0,2.3,0,0,0,0,0,0,,,0,,,,,,,,,0,0,,,,,,,,,,,0,,,,,,,,,,,0,,0,,0,0,,,,,
Camacho_et_al_2024,DAD_1926_075,Surface Water,25.76355556,-80.67386111,,,EPA 1633,0,2.1,0,0,0,0,0,0,,,0,,,,,,,,,0,0,,,,,,,,,,,0,,,,,,,,,,,0,,0,,0,0,,,,,
Camacho_et_al_2024,DAD_1927_076,Surface Water,25.76077778,-80.56152778,,,EPA 1633,0,2.2,0,0,0,0,2.7,0,,,0,,,,,,,,,0,0,,,,,,,,,,,0,,,,,,,,,,,0,,0,,0,0,,,,,
Camacho_et_al_2024,DAD_1928_077,Surface Water,25.762,-80.50247222,,,EPA 1633,0,2,0,0,0,0,0,0.6,,,0,,,,,,,,,0,0,,,,,,,,,,,0,,,,,,,,,,,0,,0,,0,0,,,,,
Camacho_et_al_2024,DAD_1929_078,Surface Water,25.61747222,-80.57547222,,,EPA 1633,0,2,0,0,0,0,0,0,,,0,,,,,,,,,0,0,,,,,,,,,,,0,,,,,,,,,,,0,,0,,0,0,,,,,
Camacho_et_al_2024,DAD_1931_079,Surface Water,25.21461111,-80.85036111,,,EPA 1633,0,0,0,1.7,1.3,0,0,0,,,0,,,,,,,,,0,0,,,,,,,,,,,0,,,,,,,,,,,0,,0,,0,0,,,,,
Camacho_et_al_2024,DAD_1932_080,Surface Water,25.25347222,-80.79783333,,,EPA 1633,0,0,0,0,0,0,0,0,,,0,,,,,,,,,0,0,,,,,,,,,,,0,,,,,,,,,,,0,,0,,0,0,,,,,
Camacho_et_al_2024,DAD_1933_081,Surface Water,25.39811111,-80.57230556,,,EPA 1633,0,1.9,0,0,0,0,1.3,0,,,0,,,,,,,,,0,0,,,,,,,,,,,0,,,,,,,,,,,0,,0,,0,0,,,,,
Camacho_et_al_2024,DAD_1934_082,Surface Water,25.38208333,-80.60911111,,,EPA 1633,0,0,0,0,0,0,0,0,,,0,,,,,,,,,0,0,,,,,,,,,,,0,,,,,,,,,,,0,,0,,0,0,,,,,
Camacho_et_al_2024,DAD_1935_083,Surface Water,25.28941667,-80.44427778,,,EPA 1633,3.9,2.2,0,0,0,0,1.5,0,,,0,,,,,,,,,0,0,,,,,,,,,,,0,,,,,,,,,,,0,,0,,0,0,,,,,
Camacho_et_al_2024,DAD_2295_088,Surface Water,25.51388,-80.42527,,,EPA 1633,13.9,6.2,0,0.9,0,0,5.6,2.9,,,0,,,,,,,,,0,15.8,,,,,,,,,,,0,,,,,,,,,,,0,,0,,0,0,,,,,
Camacho_et_al_2024,DAD_2296_089,Surface Water,25.51666,-80.39916,,,EPA 1633,10.1,6.7,0,0,0,4.4,5.1,5,,,0,,,,,,,,,0,14.9,,,,,,,,,,,0,,,,,,,,,,,0,,0,,0,0,,,,,
Camacho_et_al_2024,DAD_2298_091,Surface Water,25.63777,-80.49722,,,EPA 1633,1.3,1.5,0,0,0,0,2,0,,,0,,,,,,,,,0,2,,,,,,,,,,,0,,,,,,,,,,,0,,0,,0,0,,,,,
Camacho_et_al_2024,DAD_2299_092,Surface Water,25.64222,-80.37611,,,EPA 1633,7.6,5.5,0,0,1.9,0,15.1,12.1,,,0,,,,,,,,,0,3.7,,,,,,,,,,,0,,,,,,,,,,,0,,0,,0,0,,,,,
Camacho_et_al_2024,DAD_2300_093,Surface Water,25.66583,-80.40277,,,EPA 1633,4.4,3.7,0,0,0,0,10.9,9.9,,,0,,,,,,,,,0,2.9,,,,,,,,,,,0,,,,,,,,,,,0,,0,,0,0,,,,,
Camacho_et_al_2024,DAD_2301_094,Surface Water,25.68916,-80.34666,,,EPA 1633,0,3.7,0,0,0,0,6,2.9,,,0,,,,,,,,,0,2.8,,,,,,,,,,,0,,,,,,,,,,,0,,0,,0,0,,,,,
Camacho_et_al_2024,DAD_2302_095,Surface Water,25.70555,-80.26027,,,EPA 1633,16.9,5,0,3.2,0,0,6.7,0,,,0,,,,,,,,,0,3.9,,,,,,,,,,,0,,,,,,,,,,,0,,0,,0,0,,,,,
Camacho_et_al_2024,DAD_2303_096,Surface Water,25.73861,-80.28694,,,EPA 1633,18.7,11.5,0,3,3,7,16.7,6.5,,,0,,,,,,,,,0,9.9,,,,,,,,,,,0,,,,,,,,,,,0,,0,,0,0,,,,,
Camacho_et_al_2024,DAD_2304_097,Surface Water,25.72,-80.32638,,,EPA 1633,10.2,3.9,0,1.9,2.6,0,13.4,12.8,,,0,,,,,,,,,0,2.4,,,,,,,,,,,0,,,,,,,,,,,0,,0,,0,0,,,,,
Camacho_et_al_2024,DAD_2305_098,Surface Water,25.76946,-80.36347,,,EPA 1633,4.6,4.5,0,0,1.6,0,6.2,3.6,,,0,,,,,,,,,0,3.3,,,,,,,,,,,0,,,,,,,,,,,0,,0,,0,0,,,,,
Camacho_et_al_2024,DAD_2306_099,Surface Water,25.85388,-80.2075,,,EPA 1633,14.8,10,0,1.1,2.6,7.3,15.6,11.8,,,0,,,,,,,,,0,8.5,,,,,,,,,,,0,,,,,,,,,,,0,,0,,0,0,,,,,
Camacho_et_al_2024,DAD_2307_100,Surface Water,25.78388,-80.18555,,,EPA 1633,1.8,0.9,0,0,0,0,2.3,0,,,0,,,,,,,,,0,0.8,,,,,,,,,,,0,,,,,,,,,,,0,,0,,0,0,,,,,
Camacho_et_al_2024,DAD_2308_101,Surface Water,25.8475,-80.12194,,,EPA 1633,2.2,1.8,0,0,0,0,3.6,0,,,0,,,,,,,,,0,0.9,,,,,,,,,,,0,,,,,,,,,,,0,,0,,0,0,,,,,
Camacho_et_al_2024,DAD_2309_102,Surface Water,25.90222,-80.12583,,,EPA 1633,4.2,1.4,0,0,0,0,3.3,1.9,,,0,,,,,,,,,0,0,,,,,,,,,,,0,,,,,,,,,,,0,,0,,0,0,,,,,
Camacho_et_al_2024,DAD_2343_103,Surface Water,25.92936,-80.15116,,,EPA 1633,3.9,4.3,0,0.9,1.7,0,7.4,6.6,,,0,,,,,,,,,0,3.8,,,,,,,,,,,0,,,,,,,,,,,0,,0,,0,0,,,,,
Camacho_et_al_2024,DAD_2344_104,Surface Water,25.90517,-80.16288,,,EPA 1633,18.3,10.5,0,1.4,2.7,7.7,11.5,7.7,,,0,,,,,,,,,0,15.4,,,,,,,,,,,0,,,,,,,,,,,0,,0,,0,0,,,,,
Camacho_et_al_2024,DAD_2345_105,Surface Water,25.87165,-80.24232,,,EPA 1633,8.7,7.6,0,1.3,2.5,6.2,15.3,6.3,,,0,,,,,,,,,0,5.6,,,,,,,,,,,0,,,,,,,,,,,0,,0,,0,0,,,,,
Camacho_et_al_2024,DAD_2346_106,Surface Water,25.85025,-80.18867,,,EPA 1633,13.7,7.7,0,1.3,2.6,7.9,15.9,6.5,,,0,,,,,,,,,0,7,,,,,,,,,,,0,,,,,,,,,,,0,,0,,0,0,,,,,
Camacho_et_al_2024,DAD_2347_107,Surface Water,25.91624,-80.22359,,,EPA 1633,12.8,10.3,0,1.2,2.6,6.9,20.3,12.7,,,0,,,,,,,,,0,11.1,,,,,,,,,,,0,,,,,,,,,,,0,,0,,0,0,,,,,
Camacho_et_al_2024,DAD_2348_108,Surface Water,25.87159,-80.17337,,,EPA 1633,10.9,6.5,0,0,0,4.8,10.2,6.4,,,0,,,,,,,,,0,6.4,,,,,,,,,,,0,,,,,,,,,,,0,,0,,0,0,,,,,
Camacho_et_al_2024,DAD_2349_109,Surface Water,25.70026,-80.16926,,,EPA 1633,0,0,0,0,0,0,0,0,,,0,,,,,,,,,0,0,,,,,,,,,,,0,,,,,,,,,,,0,,0,,0,0,,,,,
Camacho_et_al_2024,DAD_2350_110,Surface Water,25.7316,-80.16253,,,EPA 1633,0,0,0,0,0,0,0,0,,,0,,,,,,,,,0,0,,,,,,,,,,,0,,,,,,,,,,,0,,0,,0,0,,,,,
Camacho_et_al_2024,DAD_2351_111,Surface Water,25.73089,-80.23281,,,EPA 1633,3.7,2.5,0,0,1.3,0,3.4,1.9,,,0,,,,,,,,,0,1.9,,,,,,,,,,,0,,,,,,,,,,,0,,0,,0,0,,,,,
Camacho_et_al_2024,DAD_2352_112,Surface Water,25.77156,-80.20029,,,EPA 1633,5.9,5.2,0,0,3.5,0,14.8,12.1,,,0,,,,,,,,,0,3.9,,,,,,,,,,,0,,,,,,,,,,,0,,0,,0,0,,,,,
Camacho_et_al_2024,DAD_2352_112,Surface Water,25.77156,-80.20029,,,EPA 1633,4.8,4.4,0,0.8,2.5,0,16.6,9,,,0,,,,,,,,,0,2.5,,,,,,,,,,,0,,,,,,,,,,,0,,0,,0,0,,,,,
Camacho_et_al_2024,DAD_2352_112,Surface Water,25.77156,-80.20029,,,EPA 1633,5.9,5.2,0,0,3.5,0,14.8,12.1,,,0,,,,,,,,,0,3.9,,,,,,,,,,,0,,,,,,,,,,,0,,0,,0,0,,,,,
Camacho_et_al_2024,DAD_2352_112,Surface Water,25.77156,-80.20029,,,EPA 1633,4.8,4.4,0,0.8,2.5,0,16.6,9,,,0,,,,,,,,,0,2.5,,,,,,,,,,,0,,,,,,,,,,,0,,0,,0,0,,,,,
Camacho_et_al_2024,DAD_2353_113,Surface Water,25.849861,-80.166528,,,EPA 1633,3.2,2.3,0,0,0,0,4.4,3.9,,,0,,,,,,,,,0,2.2,,,,,,,,,,,0,,,,,,,,,,,0,,0,,0,0,,,,,
Camacho_et_al_2024,DAD_2354_114,Surface Water,25.4608,-80.33663,,,EPA 1633,22.9,1.9,0,0.8,2.2,0,0,0,,,0,,,,,,,,,0,1.5,,,,,,,,,,,0,,,,,,,,,,,0,,0,,0,0,,,,,
Camacho_et_al_2024,DAD_2355_115,Surface Water,25.79441,-80.14511,,,EPA 1633,2.5,2.4,0,1.2,0,0,1.5,2.2,,,0,,,,,,,,,0,0.7,,,,,,,,,,,0,,,,,,,,,,,0,,0,,0,0,,,,,
Camacho_et_al_2024,DAD_2356_116,Surface Water,25.8603,-80.12761,,,EPA 1633,4.1,2.1,0,0,0,0,4.2,3.7,,,0,,,,,,,,,0,2.1,,,,,,,,,,,0,,,,,,,,,,,0,,0,,0,0,,,,,
Camacho_et_al_2024,MON_0641_001,Surface Water,24.54916667,-81.96694444,,,EPA 1633,0,0,0,0,0,0,0,0,,,0,,,,,,,,,0,0,,,,,,,,,,,0,,,,,,,,,,,0,,0,,0,0,,,,,
Camacho_et_al_2024,MON_0642_002,Surface Water,24.53027778,-82.01,,,EPA 1633,0,0,0,0,0,0,0,0,,,0,,,,,,,,,0,0,,,,,,,,,,,0,,,,,,,,,,,0,,0,,0,0,,,,,
Camacho_et_al_2024,MON_0643_003,Surface Water,24.45305556,-81.88,,,EPA 1633,0,0,0,0,0,0,0,0,,,0,,,,,,,,,0,0,,,,,,,,,,,0,,,,,,,,,,,0,,0,,0,0,,,,,
Camacho_et_al_2024,MON_0644_004,Surface Water,24.46083333,-81.84583333,,,EPA 1633,0,0,0,0,0,0,1.3,0,,,0,,,,,,,,,0,0,,,,,,,,,,,0,,,,,,,,,,,0,,0,,0,0,,,,,
Camacho_et_al_2024,MON_0645_005,Surface Water,24.45472222,-81.85972222,,,EPA 1633,0,0,0,0,0,0,1.3,0,,,0,,,,,,,,,0,0,,,,,,,,,,,0,,,,,,,,,,,0,,0,,0,0,,,,,
Camacho_et_al_2024,MON_0646_006,Surface Water,24.47388889,-81.74333333,,,EPA 1633,0,0,0,0,0,0,1.3,0,,,0,,,,,,,,,0,0,,,,,,,,,,,0,,,,,,,,,,,0,,0,,0,0,,,,,
Camacho_et_al_2024,MON_0647_007,Surface Water,24.47916667,-81.71805556,,,EPA 1633,0,0,0,0,0,0,0,0,,,0,,,,,,,,,0,0,,,,,,,,,,,0,,,,,,,,,,,0,,0,,0,0,,,,,
Camacho_et_al_2024,MON_0648_008,Surface Water,24.56722222,-81.795,,,EPA 1633,0,0,0,0,0,0,1.5,0,,,0,,,,,,,,,0,0,,,,,,,,,,,0,,,,,,,,,,,0,,0,,0,0,,,,,
Camacho_et_al_2024,MON_0650_010,Surface Water,24.58611111,-81.80527778,,,EPA 1633,0,0,0,0,0,0,1.4,0,,,0,,,,,,,,,0,0,,,,,,,,,,,0,,,,,,,,,,,0,,0,,0,0,,,,,
Camacho_et_al_2024,MON_0651_011,Surface Water,24.5725,-81.78416667,,,EPA 1633,0,0,0,0,0,0,1.6,0,,,0,,,,,,,,,0,0,,,,,,,,,,,0,,,,,,,,,,,0,,0,,0,0,,,,,
Camacho_et_al_2024,MON_0652_012,Surface Water,24.58055556,-81.79055556,,,EPA 1633,0,0,0,0,0,0,1.6,0,,,0,,,,,,,,,0,0,,,,,,,,,,,0,,,,,,,,,,,0,,0,,0,0,,,,,
Camacho_et_al_2024,MON_0653_013,Surface Water,24.59222222,-81.79416667,,,EPA 1633,0,0,0,0,0,0,0,0,,,0,,,,,,,,,0,0,,,,,,,,,,,0,,,,,,,,,,,0,,0,,0,0,,,,,
Camacho_et_al_2024,MON_0654_014,Surface Water,24.58111111,-81.74916667,,,EPA 1633,4.2,2.9,0,0,0,0,2,0,,,0,,,,,,,,,0,0,,,,,,,,,,,0,,,,,,,,,,,0,,0,,0,0,,,,,
Camacho_et_al_2024,MON_0655_015,Surface Water,24.55027778,-81.81138889,,,EPA 1633,0,2.1,0,0,0,0,1.8,0,,,0,,,,,,,,,0,0,,,,,,,,,,,0,,,,,,,,,,,0,,0,,0,0,,,,,
Camacho_et_al_2024,MON_0656_016,Surface Water,24.55833333,-81.80833333,,,EPA 1633,0,0,0,0,0,0,0,0,,,0,,,,,,,,,0,0,,,,,,,,,,,0,,,,,,,,,,,0,,0,,0,0,,,,,
Camacho_et_al_2024,MON_0657_017,Surface Water,24.54361111,-81.7975,,,EPA 1633,5.4,2.9,0,0,1.5,0,3.6,3.2,,,0,,,,,,,,,0,0,,,,,,,,,,,0,,,,,,,,,,,0,,0,,0,0,,,,,
Camacho_et_al_2024,MON_0658_018,Surface Water,24.54638889,-81.78833333,,,EPA 1633,5.2,2.3,0,0,1.4,0,2.9,2.9,,,0,,,,,,,,,0,0,,,,,,,,,,,0,,,,,,,,,,,0,,0,,0,0,,,,,
Camacho_et_al_2024,MON_0659_019,Surface Water,24.53388889,-81.775,,,EPA 1633,4.8,2.3,0,0,0,0,3.3,3,,,0,,,,,,,,,0,0,,,,,,,,,,,0,,,,,,,,,,,0,,0,,0,0,,,,,
Camacho_et_al_2024,MON_0660_020,Surface Water,24.55277778,-81.75166667,,,EPA 1633,3.9,2.2,0,0,0,0,2.1,0,,,0,,,,,,,,,0,0,,,,,,,,,,,0,,,,,,,,,,,0,,0,,0,0,,,,,
Camacho_et_al_2024,MON_0661_021,Surface Water,24.55916667,-81.74861111,,,EPA 1633,22.3,3.6,4.6,2.7,4,9.1,7.6,8.1,,,0,,,,,,,,,0,4.5,,,,,,,,,,,1.9,,,,,,,,,,,0,,0.3,,0,0,,,,,
Camacho_et_al_2024,MON_0662_022,Surface Water,24.55972222,-81.77138889,,,EPA 1633,12.6,4.9,4.8,2.1,3.5,18,25.5,31.4,,,0,,,,,,,,,0,7.7,,,,,,,,,,,0,,,,,,,,,,,0,,0,,0,0,,,,,
Camacho_et_al_2024,MON_0663_023,Surface Water,24.56111111,-81.78722222,,,EPA 1633,6.4,3.4,0,0,1.3,0,3.1,2.8,,,0,,,,,,,,,0,4.5,,,,,,,,,,,0,,,,,,,,,,,0,,0,,0,0,,,,,
Camacho_et_al_2024,MON_0666_025,Surface Water,24.57611111,-81.72916667,,,EPA 1633,3.9,2.2,0,0,0,0,2,0,,,0,,,,,,,,,0,0,,,,,,,,,,,0,,,,,,,,,,,0,,0,,0,0,,,,,
Camacho_et_al_2024,MON_0667_026,Surface Water,24.5675,-81.73555556,,,EPA 1633,4.8,2.6,0,0,0,0,2.3,0,,,0,,,,,,,,,0,0,,,,,,,,,,,0,,,,,,,,,,,0,,0,,0,0,,,,,
Camacho_et_al_2024,MON_0668_027,Surface Water,24.55972222,-81.73472222,,,EPA 1633,3.9,2.1,0,0,0,0,1.9,0,,,0,,,,,,,,,0,0,,,,,,,,,,,0,,,,,,,,,,,0,,0,,0,0,,,,,
Camacho_et_al_2024,MON_0669_028,Surface Water,24.57861111,-81.7125,,,EPA 1633,5,2.6,0,0,0,0,2.2,0,,,0,,,,,,,,,0,3.6,,,,,,,,,,,0,,,,,,,,,,,0,,0,,0,0,,,,,
Camacho_et_al_2024,MON_0670_029,Surface Water,24.56666667,-81.6725,,,EPA 1633,78.3,32.6,5.4,2.7,3.9,37.3,12.8,5.6,,,0,,,,,,,,,0,6,,,,,,,,,,,0,,,,,,,,,,,0,,0,,0,0,,,,,
Camacho_et_al_2024,MON_0671_030,Surface Water,24.60194444,-81.66722222,,,EPA 1633,4,2.4,0,0,0,0,2.4,0,,,0,,,,,,,,,0,3.8,,,,,,,,,,,0,,,,,,,,,,,0,,0,,0,0,,,,,
Camacho_et_al_2024,MON_0672_031,Surface Water,24.59138889,-81.64777778,,,EPA 1633,0,0,0,0,0,0,1.7,0,,,0,,,,,,,,,0,3.4,,,,,,,,,,,0,,,,,,,,,,,0,,0,,0,0,,,,,
Camacho_et_al_2024,MON_0673_032,Surface Water,24.58,-81.65472222,,,EPA 1633,7.8,5.8,6.1,0,0,21.7,5.1,3.1,,,0,,,,,,,,,0,4.9,,,,,,,,,,,0,,,,,,,,,,,0,,0,,0,0,,,,,
Camacho_et_al_2024,MON_0674_033,Surface Water,24.64638889,-81.56527778,,,EPA 1633,0,2.3,0,0,0,0,2.5,0,,,0,,,,,,,,,0,4.2,,,,,,,,,,,0,,,,,,,,,,,0,,0,,0,0,,,,,
Camacho_et_al_2024,MON_0675_034,Surface Water,24.68055556,-81.49972222,,,EPA 1633,0,0,0,0,0,0,0,0,,,0,,,,,,,,,0,4.4,,,,,,,,,,,0,,,,,,,,,,,0,,0,,0,0,,,,,
Camacho_et_al_2024,MON_0676_035,Surface Water,24.60305556,-81.64611111,,,EPA 1633,4.3,2.6,0,0,0,0,2.8,3.1,,,0,,,,,,,,,0,4.5,,,,,,,,,,,0,,,,,,,,,,,0,,0,,0,0,,,,,
Camacho_et_al_2024,MON_0677_036,Surface Water,24.69472222,-81.49944444,,,EPA 1633,0,0,0,0,0,0,1.8,0,,,0,,,,,,,,,0,0,,,,,,,,,,,0,,,,,,,,,,,0,,0,,0,0,,,,,
Camacho_et_al_2024,MON_0678_037,Surface Water,24.66305556,-81.51305556,,,EPA 1633,0,0,0,0,0,0,0,0,,,0,,,,,,,,,0,3.9,,,,,,,,,,,0,,,,,,,,,,,0,,0,,0,0,,,,,
Camacho_et_al_2024,MON_0679_038,Surface Water,24.66111111,-81.45194444,,,EPA 1633,0,0,0,0,0,0,1.9,0,,,0,,,,,,,,,0,3.6,,,,,,,,,,,0,,,,,,,,,,,0,,0,,0,0,,,,,
Camacho_et_al_2024,MON_0680_039,Surface Water,24.69194444,-81.08722222,,,EPA 1633,0,2.2,0,0,0,0,2,0,,,0,,,,,,,,,0,0,,,,,,,,,,,0,,,,,,,,,,,0,,0,,0,0,,,,,
Camacho_et_al_2024,MON_0681_040,Surface Water,24.7125,-81.07527778,,,EPA 1633,4.7,3.9,0,0,1.5,0,3.7,3.3,,,0,,,,,,,,,0,0,,,,,,,,,,,0,,,,,,,,,,,0,,0,,0,0,,,,,
Camacho_et_al_2024,MON_0682_041,Surface Water,24.71416667,-81.07666667,,,EPA 1633,4.6,2.6,0,0,2,0,3.6,3.3,,,0,,,,,,,,,0,4.3,,,,,,,,,,,0,,,,,,,,,,,0,,0,,0,0,,,,,
Camacho_et_al_2024,MON_0683_042,Surface Water,24.71666667,-81.05972222,,,EPA 1633,3.7,2.2,0,0,0,0,2.5,0,,,0,,,,,,,,,0,0,,,,,,,,,,,0,,,,,,,,,,,0,,0,,0,0,,,,,
Camacho_et_al_2024,MON_0684_043,Surface Water,24.72694444,-81.03611111,,,EPA 1633,4.1,2.8,0,0,0,0,2.3,0,,,0,,,,,,,,,0,4.7,,,,,,,,,,,0,,,,,,,,,,,0,,0,,0,0,,,,,
Camacho_et_al_2024,MON_0685_044,Surface Water,24.725,-81.05916667,,,EPA 1633,4.3,2.8,0,0,0,0,3.3,3,,,0,,,,,,,,,0,0,,,,,,,,,,,0,,,,,,,,,,,0,,0,,0,0,,,,,
Camacho_et_al_2024,MON_0688_047,Surface Water,24.88277778,-80.69027778,,,EPA 1633,5.3,2.4,0,0,0,0,1.9,0,,,0,,,,,,,,,0,6.6,,,,,,,,,,,0,,,,,,,,,,,0,,0,,0,0,,,,,
Camacho_et_al_2024,MON_0689_048,Surface Water,24.91305556,-80.64277778,,,EPA 1633,0,2.2,0,0,0,0,0,0,,,0,,,,,,,,,0,4.5,,,,,,,,,,,0,,,,,,,,,,,0,,0,,0,0,,,,,
Camacho_et_al_2024,MON_0690_049,Surface Water,24.96055556,-80.58583333,,,EPA 1633,4,2.6,0,0,0,0,2.6,0,,,0,,,,,,,,,0,3.7,,,,,,,,,,,0,,,,,,,,,,,0,,0,,0,0,,,,,
Camacho_et_al_2024,MON_0691_050,Surface Water,24.99333333,-80.54166667,,,EPA 1633,4.2,2.9,0,0,0,0,0,2.9,,,0,,,,,,,,,0,0,,,,,,,,,,,0,,,,,,,,,,,0,,0,,0,0,,,,,
Camacho_et_al_2024,MON_0692_051,Surface Water,25.01666667,-80.51333333,,,EPA 1633,4.2,3.6,0,0,1.5,0,3.4,0,,,0,,,,,,,,,0,5.7,,,,,,,,,,,0,,,,,,,,,,,0,,0,,0,0,,,,,
Camacho_et_al_2024,MON_0693_052,Surface Water,25.045,-80.48805556,,,EPA 1633,5.1,2.8,0,0,0,0,2.3,0,,,0,,,,,,,,,0,0,,,,,,,,,,,0,,,,,,,,,,,0,,0,,0,0,,,,,
Camacho_et_al_2024,MON_0694_053,Surface Water,25.08972222,-80.43555556,,,EPA 1633,4.1,2.5,0,0,0,0,2,0,,,0,,,,,,,,,0,4.8,,,,,,,,,,,0,,,,,,,,,,,0,,0,,0,0,,,,,
Camacho_et_al_2024,MON_1142_054,Surface Water,24.69752778,-81.318,,,EPA 1633,4.5,0,0,0,1.4,0,0,0,,,0,,,,,,,,,0,0,,,,,,,,,,,2,,,,,,,,,,,0,,0,,0,0,,,,,
Camacho_et_al_2024,MON_1143_055,Surface Water,24.69319444,-81.35972222,,,EPA 1633,7,2.8,0,2.3,1.6,0,2.6,0,,,0,,,,,,,,,0,0,,,,,,,,,,,1.9,,,,,,,,,,,0,,0,,0,0,,,,,
Camacho_et_al_2024,MON_1144_056,Surface Water,24.72408333,-81.40102778,,,EPA 1633,0,2.1,0,0,0,0,0,0,,,0,,,,,,,,,0,0,,,,,,,,,,,0,,,,,,,,,,,0,,0,,0,0,,,,,
Camacho_et_al_2024,MON_1145_057,Surface Water,24.66547222,-81.36941667,,,EPA 1633,6.1,4.3,4.7,0,1.7,10.4,4,3.4,,,0,,,,,,,,,0,5.6,,,,,,,,,,,0,,,,,,,,,,,0,,0,,0,0,,,,,
Camacho_et_al_2024,MON_1146_058,Surface Water,24.69880556,-81.34941667,,,EPA 1633,4.6,2.9,0,0,1.5,0,2.1,0,,,0,,,,,,,,,0,0,,,,,,,,,,,0,,,,,,,,,,,0,,0,,0,0,,,,,
Camacho_et_al_2024,MON_1147_059,Surface Water,24.69041667,-81.41683333,,,EPA 1633,0,2.1,0,0,0,0,2,0,,,0,,,,,,,,,0,3.8,,,,,,,,,,,0,,,,,,,,,,,0,,0,,0,0,,,,,
Camacho_et_al_2024,MON_1148_060,Surface Water,24.64783333,-81.3295,,,EPA 1633,3.7,2.3,0,0,0,0,0,0,,,0,,,,,,,,,0,0,,,,,,,,,,,0,,,,,,,,,,,0,,0,,0,0,,,,,
Camacho_et_al_2024,MON_1149_061,Surface Water,24.65647222,-81.27686111,,,EPA 1633,3.8,2.2,0,0,0,0,1.8,0,,,0,,,,,,,,,0,0,,,,,,,,,,,0,,,,,,,,,,,0,,0,,0,0,,,,,
Camacho_et_al_2024,MON_1624_062,Surface Water,24.721,-81.0631,,,EPA 1633,4.4,2.4,0,0,0,0,2.8,2.8,,,0,,,,,,,,,0,0,,,,,,,,,,,0,,,,,,,,,,,0,,0,,0,0,,,,,
Camacho_et_al_2024,MON_1625_063,Surface Water,24.7242,-81.0444,,,EPA 1633,0,0,0,0,0,0,1.8,0,,,0,,,,,,,,,0,0,,,,,,,,,,,0,,,,,,,,,,,0,,0,,0,0,,,,,
Camacho_et_al_2024,MON_1626_064,Surface Water,24.7301,-81.0152,,,EPA 1633,3.5,2.1,0,0,0,0,1.9,0,,,0,,,,,,,,,0,3.7,,,,,,,,,,,0,,,,,,,,,,,0,,0,,0,0,,,,,
Camacho_et_al_2024,MON_1627_065,Surface Water,24.7172,-81.0251,,,EPA 1633,0,0,0,0,0,0,0,0,,,0,,,,,,,,,0,0,,,,,,,,,,,0,,,,,,,,,,,0,,0,,0,0,,,,,
Camacho_et_al_2024,MON_1628_066,Surface Water,24.7086,-81.0836,,,EPA 1633,4,2.1,0,0,0,0,1.6,0,,,0,,,,,,,,,0,0,,,,,,,,,,,0,,,,,,,,,,,0,,0,,0,0,,,,,
Camacho_et_al_2024,MON_1920_067,Surface Water,25.78847222,-81.09980556,,,EPA 1633,0,2.1,0,0,0,0,0,0,,,0,,,,,,,,,0,4.1,,,,,,,,,,,0,,,,,,,,,,,0,,0,,0,0,,,,,
Camacho_et_al_2024,MON_1921_068,Surface Water,25.76022222,-81.03891667,,,EPA 1633,0,2.4,0,0,0,0,0,0,,,0,,,,,,,,,0,4.8,,,,,,,,,,,0,,,,,,,,,,,0,,0,,0,0,,,,,
Camacho_et_al_2024,MON_1922_069,Surface Water,25.75508333,-80.92563889,,,EPA 1633,0,2.4,0,0,0,0,0,0,,,0,,,,,,,,,0,0,,,,,,,,,,,0,,,,,,,,,,,0,,0,,0,0,,,,,
Camacho_et_al_2024,MON_1930_070,Surface Water,25.13680556,-80.93302778,,,EPA 1633,4.5,2.4,0,0,1.6,0,0,0,,,0,,,,,,,,,0,0,,,,,,,,,,,1.9,,,,,,,,,,,0,,0,,0,0,,,,,
Camacho_et_al_2024,MON_2091_071,Surface Water,24.65693611,-81.52295833,,,EPA 1633,0,0,0,0,0,0,0,0,,,0,,,,,,,,,0,4.9,,,,,,,,,,,0,,,,,,,,,,,0,,0,,0,0,,,,,
Camacho_et_al_2024,MON_2092_072,Surface Water,24.64545,-81.56738056,,,EPA 1633,0,0,0,0,0,0,0,0,,,0,,,,,,,,,0,3.5,,,,,,,,,,,0,,,,,,,,,,,0,,0,,0,0,,,,,
Camacho_et_al_2024,MON_2093_073,Surface Water,24.65666111,-81.44261389,,,EPA 1633,0,2.1,0,0,0,0,1.8,0,,,0,,,,,,,,,0,3.4,,,,,,,,,,,0,,,,,,,,,,,0,,0,,0,0,,,,,
Camacho_et_al_2024,MON_2094_074,Surface Water,24.66974167,-81.41591944,,,EPA 1633,0,0,0,0,0,0,1.6,0,,,0,,,,,,,,,0,3.7,,,,,,,,,,,0,,,,,,,,,,,0,,0,,0,0,,,,,
Camacho_et_al_2024,MON_2095_075,Surface Water,24.66118889,-81.47446667,,,EPA 1633,3.7,2.1,0,0,0,0,1.7,0,,,0,,,,,,,,,0,0,,,,,,,,,,,0,,,,,,,,,,,0,,0,,0,0,,,,,
Camacho_et_al_2024,MON_2096_076,Surface Water,25.04979167,-80.48940556,,,EPA 1633,3.9,2.4,0,0,0,0,2,0,,,0,,,,,,,,,0,4.2,,,,,,,,,,,0,,,,,,,,,,,0,,0,,0,0,,,,,
Camacho_et_al_2024,MON_2097_077,Surface Water,24.70593889,-81.38043611,,,EPA 1633,3.6,3.5,0,0,0,0,8,6.8,,,0,,,,,,,,,0,5.5,,,,,,,,,,,0,,,,,,,,,,,0,,0,,0,0,,,,,
Camacho_et_al_2024,MON_2098_078,Surface Water,24.699075,-81.38405,,,EPA 1633,0,3,0,0,0,0,3.9,3.5,,,0,,,,,,,,,0,4.8,,,,,,,,,,,0,,,,,,,,,,,0,,0,,0,0,,,,,
Camacho_et_al_2024,MON_2099_079,Surface Water,24.67896389,-81.24641944,,,EPA 1633,7.4,3.3,0,0,2.1,12.8,4.3,3.8,,,0,,,,,,,,,0,5.6,,,,,,,,,,,0,,,,,,,,,,,0,,0,,0,0,,,,,
Camacho_et_al_2024,MON_2100_080,Surface Water,24.63624722,-81.34620556,,,EPA 1633,0,0,0,0,0,0,1.7,0,,,0,,,,,,,,,0,3.7,,,,,,,,,,,0,,,,,,,,,,,0,,0,,0,0,,,,,
Camacho_et_al_2024,MON_2101_081,Surface Water,24.65555278,-81.30206389,,,EPA 1633,0,0,0,0,0,0,1.6,0,,,0,,,,,,,,,0,0,,,,,,,,,,,0,,,,,,,,,,,0,,0,,0,0,,,,,
Camacho_et_al_2024,MON_2102_082,Surface Water,24.65653056,-81.27945278,,,EPA 1633,0,0,0,0,0,0,1.5,0,,,0,,,,,,,,,0,0,,,,,,,,,,,0,,,,,,,,,,,0,,0,,0,0,,,,,
Camacho_et_al_2024,MON_2103_083,Surface Water,24.65573889,-81.27793611,,,EPA 1633,0,0,0,0,0,0,1.6,0,,,0,,,,,,,,,0,0,,,,,,,,,,,0,,,,,,,,,,,0,,0,,0,0,,,,,
Camacho_et_al_2024,MON_2104_084,Surface Water,25.29195,-80.379425,,,EPA 1633,0,2.3,0,0,0,0,2,0,,,0,,,,,,,,,0,4.2,,,,,,,,,,,0,,,,,,,,,,,0,,0,,0,0,,,,,
Camacho_et_al_2024,MON_2105_085,Surface Water,25.02475833,-80.49446111,,,EPA 1633,5,2.9,0,0,0,8.7,3.2,3.1,,,0,,,,,,,,,0,5.2,,,,,,,,,,,0,,,,,,,,,,,0,,0,,0,0,,,,,
Camacho_et_al_2024,MON_2106_086,Surface Water,25.01049167,-80.51992778,,,EPA 1633,0,0,0,0,0,0,1.6,0,,,0,,,,,,,,,0,3.7,,,,,,,,,,,0,,,,,,,,,,,0,,0,,0,0,,,,,
Camacho_et_al_2024,MON_2107_087,Surface Water,25.002925,-80.53035278,,,EPA 1633,3.7,0,0,0,0,0,1.6,0,,,0,,,,,,,,,0,0,,,,,,,,,,,0,,,,,,,,,,,0,,0,,0,0,,,,,
Camacho_et_al_2024,MON_2108_088,Surface Water,24.91786389,-80.63812222,,,EPA 1633,0,0,0,0,0,0,1.5,0,,,0,,,,,,,,,0,3.5,,,,,,,,,,,0,,,,,,,,,,,0,,0,,0,0,,,,,
Camacho_et_al_2024,MON_2109_089,Surface Water,24.8967,-80.66192222,,,EPA 1633,3.6,0,0,0,0,0,0,0,,,0,,,,,,,,,0,0,,,,,,,,,,,0,,,,,,,,,,,0,,0,,0,0,,,,,
Camacho_et_al_2024,MON_2110_090,Surface Water,24.84668306,-80.74441472,,,EPA 1633,0,0,0,0,0,0,0,0,,,0,,,,,,,,,0,0,,,,,,,,,,,0,,,,,,,,,,,0,,0,,0,0,,,,,
Camacho_et_al_2024,MON_2111_091,Surface Water,24.94148389,-80.60817722,,,EPA 1633,0,0,0,0,0,0,1.5,0,,,0,,,,,,,,,0,0,,,,,,,,,,,0,,,,,,,,,,,0,,0,,0,0,,,,,
Camacho_et_al_2024,MON_2112_092,Surface Water,24.95228056,-80.58759889,,,EPA 1633,0,0,0,0,0,0,0,0,,,0,,,,,,,,,0,0,,,,,,,,,,,0,,,,,,,,,,,0,,0,,0,0,,,,,
Camacho_et_al_2024,MON_2113_093,Surface Water,24.66185389,-81.45413472,,,EPA 1633,0,0,0,0,0,0,1.6,0,,,0,,,,,,,,,0,3.6,,,,,,,,,,,0,,,,,,,,,,,0,,0,,0,0,,,,,
Camacho_et_al_2024,MON_2114_094,Surface Water,25.08019194,-80.45248583,,,EPA 1633,0,0,0,0,0,0,1.6,0,,,0,,,,,,,,,0,3.7,,,,,,,,,,,0,,,,,,,,,,,0,,0,,0,0,,,,,
Camacho_et_al_2024,MON_2115_095,Surface Water,25.15622694,-80.39193083,,,EPA 1633,3.5,2,0,0,0,0,1.9,0,,,0,,,,,,,,,0,4.2,,,,,,,,,,,0,,,,,,,,,,,0,,0,,0,0,,,,,
Camacho_et_al_2024,MON_2116_096,Surface Water,25.12500694,-80.40280833,,,EPA 1633,4,2.2,0,0,0,0,1.6,0,,,0,,,,,,,,,0,3.7,,,,,,,,,,,0,,,,,,,,,,,0,,0,,0,0,,,,,
Camacho_et_al_2024,MON_2117_097,Surface Water,25.09861278,-80.4418575,,,EPA 1633,3.6,2.5,0,0,0,0,2.3,0,,,0,,,,,,,,,0,5.3,,,,,,,,,,,0,,,,,,,,,,,0,,0,,0,0,,,,,
Camacho_et_al_2024,MON_2118_098,Surface Water,25.12429111,-80.407015,,,EPA 1633,4.9,2.4,0,0,0,0,1.8,0,,,0,,,,,,,,,0,3.9,,,,,,,,,,,0,,,,,,,,,,,0,,0,,0,0,,,,,
Camacho_et_al_2024,MON_2119_099,Surface Water,24.71611806,-81.3751175,,,EPA 1633,6.7,2.8,0,2.7,3.7,0,0,0,,,0,,,,,,,,,0,0,,,,,,,,,,,0,,,,,,,,,,,0,,0,,0,0,,,,,
Camacho_et_al_2024,NAS_0195_012,Surface Water,30.75888889,-81.53638889,,,EPA 1633,12.3,10.4,8.9,1.9,2.3,18.5,11.6,7.6,,,0,,,,,,,,,0,0,,,,,,,,,,,0,,,,,,,,,,,0,,0,,0,0,,,,,
Camacho_et_al_2024,NAS_0196_013,Surface Water,30.76638889,-81.53888889,,,EPA 1633,4.4,4.1,0,0,0.8,0,0,3.8,,,0,,,,,,,,,0,0,,,,,,,,,,,0,,,,,,,,,,,0,,0,,0,0,,,,,
Camacho_et_al_2024,NAS_0197_014,Surface Water,30.72083333,-81.54833333,,,EPA 1633,0,3,0,0,0.7,0,0,0,,,0,,,,,,,,,0,0,,,,,,,,,,,0,,,,,,,,,,,0,,0,,0,0,,,,,
Camacho_et_al_2024,NAS_0198_001,Surface Water,30.63416667,-81.53,,,EPA 1633,4.8,2.8,0,0,0.7,12.6,4.3,3.2,,,0,,,,,,,,,0,6.3,,,,,,,,,,,0,,,,,,,,,,,0,,0,,0,0,,,,,
Camacho_et_al_2024,NAS_0203_002,Surface Water,30.5725,-81.52027778,,,EPA 1633,0,2.3,0,0,0.6,0,0,0,,,0,,,,,,,,,0,0,,,,,,,,,,,0,,,,,,,,,,,0,,0,,0,0,,,,,
Camacho_et_al_2024,NAS_0204_003,Surface Water,30.69,-81.45722222,,,EPA 1633,0,2.2,0,0,0,0,0,0,,,0,,,,,,,,,0,0,,,,,,,,,,,0,,,,,,,,,,,0,,0,,0,0,,,,,
Camacho_et_al_2024,NAS_0205_004,Surface Water,30.66944444,-81.46666667,,,EPA 1633,0,2.6,0,0,0,0,0,0,,,0,,,,,,,,,0,0,,,,,,,,,,,0,,,,,,,,,,,0,,0,,0,0,,,,,
Camacho_et_al_2024,NAS_0206_005,Surface Water,30.61472222,-81.47361111,,,EPA 1633,5.4,4.5,0,1.7,1,0,0,3.2,,,0,,,,,,,,,0,0,,,,,,,,,,,0,,,,,,,,,,,0,,0,,0,0,,,,,
Camacho_et_al_2024,NAS_0207_006,Surface Water,30.52305556,-81.44611111,,,EPA 1633,0,0,0,0,0,0,0,0,,,0,,,,,,,,,0,0,,,,,,,,,,,0,,,,,,,,,,,0,,0,,0,0,,,,,
Camacho_et_al_2024,NAS_0209_007,Surface Water,30.66916667,-81.43972222,,,EPA 1633,6.1,4.3,0,0,1.2,0,3.7,3.3,,,0,,,,,,,,,0,0,,,,,,,,,,,0,,,,,,,,,,,0,,0,,0,0,,,,,
Camacho_et_al_2024,NAS_0536_009,Surface Water,30.67722222,-81.45972222,,,EPA 1633,6.7,6.5,0,0,0.8,0,4.3,5.2,,,0,,,,,,,,,0,6.7,,,,,,,,,,,0,,,,,,,,,,,0,,0,,0,0,,,,,
Camacho_et_al_2024,NAS_0537_010,Surface Water,30.66222222,-81.46472222,,,EPA 1633,0,3.8,0,0,0,0,0,0,,,0,,,,,,,,,57.6,0,,,,,,,,,,,0,,,,,,,,,,,0,,0,,0,0,,,,,
Camacho_et_al_2024,NAS_0538_011,Surface Water,30.61638889,-81.46916667,,,EPA 1633,10.3,7.2,0,0,0,0,4.4,3.9,,,0,,,,,,,,,0,0,,,,,,,,,,,0,,,,,,,,,,,0,,0,,0,0,,,,,
Camacho_et_al_2024,NAS_2147_015,Surface Water,30.58925,-81.66455556,,,EPA 1633,4,2.6,0,0,0,0,0,0,,,0,,,,,,,,,0,0,,,,,,,,,,,0,,,,,,,,,,,0,,0,,0,0,,,,,
Camacho_et_al_2024,NAS_2148_016,Surface Water,30.56575,-81.52213889,,,EPA 1633,0,2.2,0,0,0,0,0,0,,,0,,,,,,,,,0,0,,,,,,,,,,,0,,,,,,,,,,,0,,0,,0,0,,,,,
Camacho_et_al_2024,NAS_2149_017,Surface Water,30.64497222,-81.48222222,,,EPA 1633,0,2.2,0,0,0,0,2.6,0,,,0,,,,,,,,,0,0,,,,,,,,,,,0,,,,,,,,,,,0,,0,,0,0,,,,,
Camacho_et_al_2024,NAS_2150_018,Surface Water,30.7005,-81.46433333,,,EPA 1633,0,2.1,0,0,0,0,2.2,0,,,0,,,,,,,,,0,0,,,,,,,,,,,0,,,,,,,,,,,0,,0,,0,0,,,,,
Camacho_et_al_2024,NAS_2151_019,Surface Water,30.74188889,-81.68355556,,,EPA 1633,0,3,0,0,0.8,0,0,0,,,0,,,,,,,,,0,0,,,,,,,,,,,0,,,,,,,,,,,0,,0,,0,0,,,,,
Camacho_et_al_2024,NAS_2152_020,Surface Water,30.62905556,-81.57075,,,EPA 1633,4.2,4.5,0,0,0.8,0,0,0,,,0,,,,,,,,,0,0,,,,,,,,,,,0,,,,,,,,,,,0,,0,,0,0,,,,,
Camacho_et_al_2024,NAS_2153_021,Surface Water,30.52377778,-82.01861111,,,EPA 1633,0,3.1,0,0,0.8,0,0,0,,,0,,,,,,,,,0,0,,,,,,,,,,,0,,,,,,,,,,,0,,0,,0,0,,,,,
Camacho_et_al_2024,NAS_2154_022,Surface Water,30.66880556,-81.44022222,,,EPA 1633,5.6,4.2,0,0,0.7,0,3.6,3.5,,,0,,,,,,,,,0,0,,,,,,,,,,,0,,,,,,,,,,,0,,0,,0,0,,,,,
Camacho_et_al_2024,NAS_2155_023,Surface Water,30.67322222,-81.47469444,,,EPA 1633,0,2.2,0,0,0,0,2.5,0,,,0,,,,,,,,,0,0,,,,,,,,,,,0,,,,,,,,,,,0,,0,,0,0,,,,,
Camacho_et_al_2024,NAS_2156_024,Surface Water,30.67697222,-81.45994444,,,EPA 1633,7.7,20.1,8.8,0,0.8,15.9,7.6,13.9,,,0,,,,,,,,,0,0,,,,,,,,,,,0,,,,,,,,,,,0,,0,,0,0,,,,,
Camacho_et_al_2024,NAS_2157_025,Surface Water,30.73461111,-81.72536111,,,EPA 1633,0,3,0,0,0.7,0,0,0,,,0,,,,,,,,,0,0,,,,,,,,,,,0,,,,,,,,,,,0,,0,,0,0,,,,,
Camacho_et_al_2024,NAS_2158_026,Surface Water,30.72305556,-81.62394444,,,EPA 1633,0,3.2,0,0,0.7,0,0,0,,,0,,,,,,,,,0,0,,,,,,,,,,,0,,,,,,,,,,,0,,0,,0,0,,,,,
Camacho_et_al_2024,NAS_2160_027,Surface Water,30.55169444,-82.06672222,,,EPA 1633,0,2.5,0,0,0.6,0,0,0,,,0,,,,,,,,,0,0,,,,,,,,,,,0,,,,,,,,,,,0,,0,,0,0,,,,,
Camacho_et_al_2024,NAS_2161_028,Surface Water,30.64341667,-81.48955556,,,EPA 1633,0,2.3,0,0,0,0,0,0,,,0,,,,,,,,,22.6,0,,,,,,,,,,,0,,,,,,,,,,,0,,0,,0,0,,,,,
Camacho_et_al_2024,NAS_2162_029,Surface Water,30.5495,-81.53627778,,,EPA 1633,0,2.7,0,0,0,0,0,0,,,0,,,,,,,,,0,0,,,,,,,,,,,0,,,,,,,,,,,0,,0,,0,0,,,,,
Camacho_et_al_2024,NAS_2163_030,Surface Water,30.66272222,-81.48519444,,,EPA 1633,0,2.2,0,0,0,0,0,0,,,0,,,,,,,,,19.1,0,,,,,,,,,,,0,,,,,,,,,,,0,,0,,0,0,,,,,
Camacho_et_al_2024,NAS_2164_031,Surface Water,30.72002778,-82.03919444,,,EPA 1633,0,3,0,0,0.8,0,0,0,,,0,,,,,,,,,0,0,,,,,,,,,,,0,,,,,,,,,,,0,,0,,0,0,,,,,
Camacho_et_al_2024,NAS_2166_032,Surface Water,30.36233333,-82.13413889,,,EPA 1633,0,0,0,0,0,0,0,0,,,0,,,,,,,,,0,0,,,,,,,,,,,0,,,,,,,,,,,0,,0,,0,0,,,,,
Camacho_et_al_2024,NAS_2169_033,Surface Water,30.57877778,-81.58811111,,,EPA 1633,3.9,2.7,0,0,0.8,0,0,0,,,0,,,,,,,,,0,0,,,,,,,,,,,0,,,,,,,,,,,0,,0,,0,0,,,,,
Camacho_et_al_2024,NAS_2172_034,Surface Water,30.57122222,-82.04516667,,,EPA 1633,0,2.4,0,0,0.6,0,0,0,,,0,,,,,,,,,0,0,,,,,,,,,,,0,,,,,,,,,,,0,,0,,0,0,,,,,
Camacho_et_al_2024,NAS_2173_035,Surface Water,30.75105556,-81.73366667,,,EPA 1633,0,3.3,0,0,0.7,0,0,0,,,0,,,,,,,,,0,0,,,,,,,,,,,0,,,,,,,,,,,0,,0,,0,0,,,,,
Camacho_et_al_2024,NAS_2175_036,Surface Water,30.78408333,-81.96991667,,,EPA 1633,0,3.2,0,0,0.8,0,0,0,,,0,,,,,,,,,0,0,,,,,,,,,,,0,,,,,,,,,,,0,,0,,0,0,,,,,
Camacho_et_al_2024,NAS_2176_037,Surface Water,30.55425,-82.23380556,,,EPA 1633,0,2.5,0,0,0,0,0,0,,,0,,,,,,,,,0,0,,,,,,,,,,,0,,,,,,,,,,,0,,0,,0,0,,,,,
Camacho_et_al_2024,NAS_2178_038,Surface Water,30.72325,-82.07058333,,,EPA 1633,0,4.5,0,0,0.8,0,8.3,4.5,,,0,,,,,,,,,0,6.4,,,,,,,,,,,0,,,,,,,,,,,0,,0,,0,0,,,,,
Camacho_et_al_2024,NAS_2179_039,Surface Water,30.78336111,-82.02416667,,,EPA 1633,0,2.5,0,0,0.7,0,0,0,,,0,,,,,,,,,0,0,,,,,,,,,,,0,,,,,,,,,,,0,,0,,0,0,,,,,
Camacho_et_al_2024,NAS_2180_040,Surface Water,30.78644444,-81.84036111,,,EPA 1633,0,3.8,0,0,0.7,0,0,0,,,0,,,,,,,,,0,0,,,,,,,,,,,0,,,,,,,,,,,0,,0,,0,0,,,,,
Camacho_et_al_2024,NAS_2182_041,Surface Water,30.79025,-81.80633333,,,EPA 1633,0,5,0,0,0.7,0,4.4,4.7,,,0,,,,,,,,,0,0,,,,,,,,,,,0,,,,,,,,,,,0,,0,,0,0,,,,,
Camacho_et_al_2024,NAS_2184_042,Surface Water,30.73338889,-81.53861111,,,EPA 1633,0,3.3,0,0,0,0,0,0,,,0,,,,,,,,,0,0,,,,,,,,,,,0,,,,,,,,,,,0,,0,,0,0,,,,,
Camacho_et_al_2024,NAS_2270_045,Surface Water,30.59934,-81.44146,,,EPA 1633,0,1.5,0,0,0,0,0,0,,,0,,,,,,,,,0,0,,,,,,,,,,,0,,,,,,,,,,,0,,0,,0,0,,,,,
Camacho_et_al_2024,OKA_0226_001,Surface Water,30.3973,-86.5146,,,EPA 1633,0,0,0,0,0,0,1.2,0,,,0,,,,,,,,,0,0,,,,,,,,,,,0,,,,,,,,,,,0,,0,,0,0,,,,,
Camacho_et_al_2024,OKA_0227_002,Surface Water,30.4024,-86.4893,,,EPA 1633,16.2,11.5,0,2.7,2,5.9,7.5,4.5,,,0,,,,,,,,,0,8.2,,,,,,,,,,,1.2,,,,,,,,,,,0,,0,,0,0,,,,,
Camacho_et_al_2024,OKA_0228_003,Surface Water,30.412,-86.4939,,,EPA 1633,3.8,2.3,0,0,0,0,1.8,0,,,0,,,,,,,,,0,0,,,,,,,,,,,0,,,,,,,,,,,0,,0,,0,0,,,,,
Camacho_et_al_2024,OKA_0229_004,Surface Water,30.4059,-86.4829,,,EPA 1633,3.7,2.9,0,0,0,0,2.3,0,,,0,,,,,,,,,0,0,,,,,,,,,,,0,,,,,,,,,,,0,,0,,0,0,,,,,
Camacho_et_al_2024,OKA_0230_005,Surface Water,30.3955,-86.4752,,,EPA 1633,7.9,11.6,0,3.1,2.2,0,13.9,3.1,,,0,,,,,,,,,0,9.7,,,,,,,,,,,0,,,,,,,,,,,0,,0,,0,0,,,,,
Camacho_et_al_2024,OKA_0231_006,Surface Water,30.3902,-86.5085,,,EPA 1633,0,2.3,0,0,0,0,1.8,0,,,0,,,,,,,,,0,0,,,,,,,,,,,0,,,,,,,,,,,0,,0,,0,0,,,,,
Camacho_et_al_2024,OKA_0232_007,Surface Water,30.5173,-86.496,,,EPA 1633,4.1,2.3,0,1.7,0,0,1.6,0,,,0,,,,,,,,,0,0,,,,,,,,,,,0,,,,,,,,,,,0,,0,,0,0,,,,,
Camacho_et_al_2024,OKA_0233_008,Surface Water,30.5088,-86.4889,,,EPA 1633,4.2,1.9,0,0,0,0,1.4,0,,,0,,,,,,,,,0,0,,,,,,,,,,,0,,,,,,,,,,,0,,0,,0,0,,,,,
Camacho_et_al_2024,OKA_0234_009,Surface Water,30.5018,-86.4895,,,EPA 1633,43.2,8,3.3,0,2,28.4,8.3,5.5,,,0,,,,,,,,,0,1.2,,,,,,,,,,,0,,,,,,,,,,,0,,0,,0,0,,,,,
Camacho_et_al_2024,OKA_0235_010,Surface Water,30.4634,-86.5914,,,EPA 1633,61.9,8.6,1.9,1.8,2.8,20.4,6.6,4.2,,,0,,,,,,,,,0,1.6,,,,,,,,,,,0,,,,,,,,,,,0,,0,,0,0,,,,,
Camacho_et_al_2024,OKA_0236_011,Surface Water,30.4557,-86.5873,,,EPA 1633,4.6,2.4,0,0,0,0,1.6,0,,,0,,,,,,,,,0,0,,,,,,,,,,,0,,,,,,,,,,,0,,0,,0,0,,,,,
Camacho_et_al_2024,OKA_0237_012,Surface Water,30.45162,-86.61432,,,EPA 1633,11.5,9,0,0,1.1,25.5,6.6,3.4,,,0,,,,,,,,,0,7.2,,,,,,,,,,,0,,,,,,,,,,,0,,0,,0,0,,,,,
Camacho_et_al_2024,OKA_0238_013,Surface Water,30.4312,-86.6367,,,EPA 1633,7.5,4.6,0,1.6,1.2,5.8,3.7,1.8,,,0,,,,,,,,,0,2.4,,,,,,,,,,,0,,,,,,,,,,,0,,0,,0,0,,,,,
Camacho_et_al_2024,OKA_0240_015,Surface Water,30.38929,-86.52541,,,EPA 1633,4.6,2.3,0,0,0,0,1.3,0,,,0,,,,,,,,,0,0,,,,,,,,,,,0,,,,,,,,,,,0,,0,,0,0,,,,,
Camacho_et_al_2024,OKA_0241_016,Surface Water,30.4024,-86.6063,,,EPA 1633,5,2.4,0,0,0,0,1.7,0,,,0,,,,,,,,,0,0,,,,,,,,,,,0,,,,,,,,,,,0,,0,,0,0,,,,,
Camacho_et_al_2024,OKA_0242_017,Surface Water,30.3944,-86.5926,,,EPA 1633,4.6,2.3,0,0,0,0,1.2,0,,,0,,,,,,,,,0,0,,,,,,,,,,,0,,,,,,,,,,,0,,0,,0,0,,,,,
Camacho_et_al_2024,OKA_0795_018,Surface Water,30.409722,-86.77957,,,EPA 1633,8,2.6,0,1.6,1.2,0,1.6,0,,,0,,,,,,,,,0,0,,,,,,,,,,,0,,,,,,,,,,,0,,0,,0,0,,,,,
Camacho_et_al_2024,OKA_0796_019,Surface Water,30.403773,-86.749711,,,EPA 1633,7.2,2.7,0,0,1.1,0,1.8,0.6,,,0,,,,,,,,,0,0,,,,,,,,,,,0,,,,,,,,,,,0,,0,,0,0,,,,,
Camacho_et_al_2024,OKA_0797_020,Surface Water,30.409983,-86.729035,,,EPA 1633,6.2,2.9,0,0,0,0,1.9,0.9,,,0,,,,,,,,,0,0,,,,,,,,,,,0,,,,,,,,,,,0,,0,,0,0,,,,,
Camacho_et_al_2024,OKA_0798_021,Surface Water,30.407914,-86.705007,,,EPA 1633,4.8,2.5,0,0,0,0,1.8,0,,,0,,,,,,,,,0,0,,,,,,,,,,,0,,,,,,,,,,,0,,0,,0,0,,,,,
Camacho_et_al_2024,OKA_0799_022,Surface Water,30.406189,-86.68972,,,EPA 1633,16.1,3.9,0,1.6,1.9,6.7,7,6,,,0,,,,,,,,,0,0.2,,,,,,,,,,,0,,,,,,,,,,,0,,0,,0,0,,,,,
Camacho_et_al_2024,OKA_0801_024,Surface Water,30.40528,-86.637446,,,EPA 1633,6.7,2.7,0,0,1.1,0,1.9,0.6,,,0,,,,,,,,,0,0,,,,,,,,,,,0,,,,,,,,,,,0,,0,,0,0,,,,,
Camacho_et_al_2024,OKA_1541_025,Surface Water,30.52108333,-86.48822222,,,EPA 1633,8,6.3,0,2.2,1.8,0,3.7,2.3,,,0,,,,,,,,,0,6.8,,,,,,,,,,,0,,,,,,,,,,,0,,0,,0,0,,,,,
Camacho_et_al_2024,OKA_1542_026,Surface Water,30.52308333,-86.51016667,,,EPA 1633,0,0,0,0,0,0,0,0,,,0,,,,,,,,,0,0,,,,,,,,,,,0,,,,,,,,,,,0,,0,,0,0,,,,,
Camacho_et_al_2024,OKA_1543_027,Surface Water,30.51708333,-86.49563889,,,EPA 1633,4.9,0,0,0,0,0,0,0,,,0,,,,,,,,,0,0,,,,,,,,,,,0,,,,,,,,,,,0,,0,,0,0,,,,,
Camacho_et_al_2024,OKA_1544_028,Surface Water,30.50772222,-86.48758333,,,EPA 1633,5.8,2.1,0,0,0,0,1.6,0,,,0,,,,,,,,,0,0,,,,,,,,,,,0,,,,,,,,,,,0,,0,,0,0,,,,,
Camacho_et_al_2024,OKA_1545_029,Surface Water,30.50166667,-86.48952778,,,EPA 1633,7,2.2,0,0,0,0,1.8,0.6,,,0,,,,,,,,,0,0,,,,,,,,,,,0,,,,,,,,,,,0,,0,,0,0,,,,,
Camacho_et_al_2024,OKA_1560_031,Surface Water,30.501689,-86.437335,,,EPA 1633,0,0,0,0,0,0,1.1,0,,,0,,,,,,,,,0,0,,,,,,,,,,,0,,,,,,,,,,,0,,0,,0,0,,,,,
Camacho_et_al_2024,OKA_1562_033,Surface Water,30.5197,-86.489371,,,EPA 1633,4.7,2.7,0,0,0,0,2.1,0.9,,,0,,,,,,,,,0,0.9,,,,,,,,,,,0,,,,,,,,,,,0,,0,,0,0,,,,,
Camacho_et_al_2024,OKA_1563_034,Surface Water,30.501788,-86.489226,,,EPA 1633,15,3,0,0,1,5.2,2.5,1.2,,,0,,,,,,,,,0,0,,,,,,,,,,,0,,,,,,,,,,,0,,0,,0,0,,,,,
Camacho_et_al_2024,OKA_1564_035,Surface Water,30.496792,-86.487139,,,EPA 1633,5.3,2.2,0,0,0,0,1.5,0,,,0,,,,,,,,,0,0,,,,,,,,,,,0,,,,,,,,,,,0,,0,,0,0,,,,,
Camacho_et_al_2024,OKA_1565_036,Surface Water,30.429996,-86.600323,,,EPA 1633,15.3,2.6,0,1.5,1,0,1.5,0,,,0,,,,,,,,,0,0,,,,,,,,,,,0,,,,,,,,,,,0,,0,,0,0,,,,,
Camacho_et_al_2024,OKA_1589_038,Surface Water,30.433735,-86.576054,,,EPA 1633,5,2.8,0,0,0,0,1.6,0,,,0,,,,,,,,,0,0.4,,,,,,,,,,,0,,,,,,,,,,,0,,0,,0,0,,,,,
Camacho_et_al_2024,OKA_1590_039,Surface Water,30.429342,-86.600342,,,EPA 1633,41.5,3.4,0,1.8,1.4,4.7,2.4,0.8,,,0,,,,,,,,,0,0,,,,,,,,,,,0,,,,,,,,,,,0,,0,,0,0,,,,,
Camacho_et_al_2024,OKA_1591_040,Surface Water,30.408832,-86.715364,,,EPA 1633,4.6,2.2,0,0,0,0,1.6,0,,,0,,,,,,,,,0,0,,,,,,,,,,,0,,,,,,,,,,,0,,0,,0,0,,,,,
Camacho_et_al_2024,OKA_1592_041,Surface Water,30.408407,-86.66736,,,EPA 1633,10.6,2.2,0,0,1.1,0,1.2,0,,,0,,,,,,,,,0,0.1,,,,,,,,,,,0,,,,,,,,,,,0,,0,,0,0,,,,,
Camacho_et_al_2024,OKA_1691_042,Surface Water,30.47472222,-86.59583333,,,EPA 1633,31.2,4.3,1.8,0,0,14.6,8.2,2.9,,,0,,,,,,,,,0,2.7,,,,,,,,,,,0,,,,,,,,,,,0,,0,,0,0,,,,,
Camacho_et_al_2024,OKA_1692_043,Surface Water,30.48027778,-86.58527778,,,EPA 1633,49.3,10.7,4,0,4.1,40.6,12.3,12.2,,,0,,,,,,,,,0,1.9,,,,,,,,,,,0,,,,,,,,,,,0,,0,,0,0,,,,,
Camacho_et_al_2024,OKA_1856_050,Surface Water,30.68055556,-86.65091667,,,EPA 1633,4.2,2.2,0,0,0,0,1.3,0.8,,,0,,,,,,,,,0,0,,,,,,,,,,,0,,,,,,,,,,,0,,0,,0,0,,,,,
Camacho_et_al_2024,OKA_1857_051,Surface Water,30.64569444,-86.75855556,,,EPA 1633,3.9,2.2,0,0,0,0,1.6,0.6,,,0,,,,,,,,,0,0,,,,,,,,,,,0,,,,,,,,,,,0,,0,,0,0,,,,,
Camacho_et_al_2024,OKA_1859_052,Surface Water,30.40013889,-86.59352778,,,EPA 1633,0,2,0,0,0,0,1.3,0,,,0,,,,,,,,,0,0,,,,,,,,,,,0,,,,,,,,,,,0,,0,,0,0,,,,,
Camacho_et_al_2024,OKA_1865_053,Surface Water,30.49958333,-86.42691667,,,EPA 1633,0,0,0,0,0,0,0,0,,,0,,,,,,,,,0,0,,,,,,,,,,,0,,,,,,,,,,,0,,0,,0,0,,,,,
Camacho_et_al_2024,OKA_1866_054,Surface Water,30.51022222,-86.45547222,,,EPA 1633,4.6,3.4,0,0,0,0,2.2,0.7,,,0,,,,,,,,,0,0.9,,,,,,,,,,,0,,,,,,,,,,,0,,0,,0,0,,,,,
Camacho_et_al_2024,OKA_2198_058,Surface Water,30.92533,-86.5586,,,EPA 1633,0,1.3,0,0,0,0,0,0,,,0,,,,,,,,,0,0,,,,,,,,,,,0,,,,,,,,,,,0,,0,,0,0,,,,,
Camacho_et_al_2024,OKA_2199_059,Surface Water,30.93727,-86.75283,,,EPA 1633,0,0,0,0,0,0,0,0,,,0,,,,,,,,,0,0,,,,,,,,,,,0,,,,,,,,,,,0,,0,,0,0,,,,,
Camacho_et_al_2024,OKA_2206_060,Surface Water,30.753418,-86.509708,,,EPA 1633,0,1.3,0,0,0,0,0,0,,,0,,,,,,,,,0,2.5,,,,,,,,,,,0,,,,,,,,,,,0,,0,,0,0,,,,,
Camacho_et_al_2024,OKA_2208_062,Surface Water,30.383234,-86.448943,,,EPA 1633,0,1,0,0,0,0,2.4,0,,,0,,,,,,,,,0,0.7,,,,,,,,,,,0,,,,,,,,,,,0,,0,,0,0,,,,,
Camacho_et_al_2024,OKA_2209_063,Surface Water,30.510406,-86.481055,,,EPA 1633,19.5,2.4,0,0,0,0,3.2,2.7,,,0,,,,,,,,,0,2,,,,,,,,,,,0,,,,,,,,,,,0,,0,,0,0,,,,,
Camacho_et_al_2024,OKA_2210_064,Surface Water,30.783081,-86.891107,,,EPA 1633,0,0,0,0,0,0,0,0,,,0,,,,,,,,,0,0,,,,,,,,,,,0,,,,,,,,,,,0,,0,,0,0,,,,,
Camacho_et_al_2024,OKE_1269_001,Surface Water,27.14758,-80.853484,,,EPA 1633,0,3.2,0,0,0,0,3.2,0,,,0,,,,,,,,,0,0,,,,,,,,,,,0,,,,,,,,,,,0,,0,,0,0,,,,,
Camacho_et_al_2024,OKE_1270_002,Surface Water,27.11906,-80.851436,,,EPA 1633,0,3.1,0,0,0,0,4.7,0,,,0,,,,,,,,,0,7.1,,,,,,,,,,,0,,,,,,,,,,,0,,0,,0,0,,,,,
Camacho_et_al_2024,OKE_1271_003,Surface Water,27.09114,-80.85783,,,EPA 1633,0,3,0,0,0,0,4.5,0,,,0,,,,,,,,,0,6.1,,,,,,,,,,,0,,,,,,,,,,,0,,0,,0,0,,,,,
Camacho_et_al_2024,OKE_1274_006,Surface Water,27.00491,-80.859738,,,EPA 1633,0,2.9,0,0,0,0,4.8,0,,,0,,,,,,,,,0,0,,,,,,,,,,,0,,,,,,,,,,,0,,0,,0,0,,,,,
Camacho_et_al_2024,OKE_1285_007,Surface Water,27.17808,-80.822443,,,EPA 1633,0,3.2,0,0,0,0,3.6,0,,,0,,,,,,,,,0,6.1,,,,,,,,,,,0,,,,,,,,,,,0,,0,,0,0,,,,,
Camacho_et_al_2024,OKE_1293_014,Surface Water,27.20611,-80.790448,,,EPA 1633,0,3.6,0,0,0,0,4.1,0,,,0,,,,,,,,,0,6.3,,,,,,,,,,,0,,,,,,,,,,,0,,0,,0,0,,,,,
Camacho_et_al_2024,OKE_1304_016,Surface Water,27.15008,-80.791034,,,EPA 1633,0,3.6,0,0,0,0,4.5,0,,,0,,,,,,,,,0,6.1,,,,,,,,,,,0,,,,,,,,,,,0,,0,,0,0,,,,,
Camacho_et_al_2024,OKE_1307_019,Surface Water,27.05801,-80.785187,,,EPA 1633,0,3,0,0,0,0,5.2,0,,,0,,,,,,,,,0,6.1,,,,,,,,,,,0,,,,,,,,,,,0,,0,,0,0,,,,,
Camacho_et_al_2024,OKE_1320_020,Surface Water,27.17709,-80.759639,,,EPA 1633,0,3.8,0,0,0,0,3,0,,,0,,,,,,,,,0,0,,,,,,,,,,,0,,,,,,,,,,,0,,0,,0,0,,,,,
Camacho_et_al_2024,OKE_1322_022,Surface Water,27.11903,-80.756991,,,EPA 1633,0,3.2,0,0,0,0,4.1,0,,,0,,,,,,,,,0,5.8,,,,,,,,,,,0,,,,,,,,,,,0,,0,,0,0,,,,,
Camacho_et_al_2024,OKE_1335_024,Surface Water,27.14836,-80.728146,,,EPA 1633,0,2.9,0,0,0,0,4,0,,,0,,,,,,,,,0,6.5,,,,,,,,,,,0,,,,,,,,,,,0,,0,,0,0,,,,,
Camacho_et_al_2024,OKE_1350_027,Surface Water,27.12748,-80.699984,,,EPA 1633,0,3.2,0,0,0,0,2.8,0,,,0,,,,,,,,,0,0,,,,,,,,,,,0,,,,,,,,,,,0,,0,,0,0,,,,,
Camacho_et_al_2024,ORA_0300_001,Surface Water,28.3542,-81.6266,,,EPA 1633,6.4,7.4,1.2,0,0.9,0,3.5,4,,,0,,,,,,,,,0,1.7,,,,,,,,,,,0,,,,,,,,,,,0,,0,,0,0,,,,,
Camacho_et_al_2024,ORA_0487_002,Surface Water,28.431952,-81.63924,,,EPA 1633,5.3,11.1,0,0,0,5.4,10.7,8.1,,,0,,,,,,,,,0,14,,,,,,,,,,,0,,,,,,,,,,,0,,0,,0,0,,,,,
Camacho_et_al_2024,ORA_0488_003,Surface Water,28.454448,-81.607658,,,EPA 1633,6.4,8.2,1.6,0,0.1,0,10.8,4.8,,,0,,,,,,,,,0,7,,,,,,,,,,,0,,,,,,,,,,,0,,0,,0,0,,,,,
Camacho_et_al_2024,ORA_0489_004,Surface Water,28.53034,-81.61405,,,EPA 1633,5.6,7.6,1.5,0,0.5,0,6.2,4.9,,,0,,,,,,,,,0,5.3,,,,,,,,,,,0,,,,,,,,,,,0,,0,,0,0,,,,,
Camacho_et_al_2024,ORA_0501_006,Surface Water,28.677343,-81.628833,,,EPA 1633,0,4.4,0,0,0,0,5.9,4.3,,,0,,,,,,,,,0,2.8,,,,,,,,,,,0,,,,,,,,,,,0,,0,,0,0,,,,,
Camacho_et_al_2024,ORA_0503_008,Surface Water,28.674858,-81.599908,,,EPA 1633,4.4,4.4,1.6,0,0,0,5.7,4,,,0,,,,,,,,,0,3.1,,,,,,,,,,,0,,,,,,,,,,,0,,0,,0,0,,,,,
Camacho_et_al_2024,ORA_0507_010,Surface Water,28.61688333,-81.59856667,,,EPA 1633,0,4.2,0,0,0,0,5.4,3.8,,,0,,,,,,,,,0,2.6,,,,,,,,,,,0,,,,,,,,,,,0,,0,,0,0,,,,,
Camacho_et_al_2024,ORA_0508_011,Surface Water,28.617,-81.55473333,,,EPA 1633,0,4.5,0,0,0,0,4.5,3.7,,,0,,,,,,,,,0,2.1,,,,,,,,,,,2.4,,,,,,,,,,,0,,3.8,,0,0,,,,,
Camacho_et_al_2024,ORA_0509_012,Surface Water,28.60468333,-81.57413333,,,EPA 1633,0,4.5,0,0,0,0,5.5,4,,,0,,,,,,,,,0,2.4,,,,,,,,,,,0,,,,,,,,,,,0,,0,,0,0,,,,,
Camacho_et_al_2024,ORA_0511_014,Surface Water,28.59296667,-81.61921667,,,EPA 1633,0,4.2,2.3,0,0,0,4.8,3.5,,,0,,,,,,,,,0,2.4,,,,,,,,,,,0,,,,,,,,,,,0,,0,,0,0,,,,,
Camacho_et_al_2024,ORA_0512_015,Surface Water,28.61508333,-81.65633333,,,EPA 1633,0,4.2,2,0,0,0,5.3,4.1,,,0,,,,,,,,,0,2.3,,,,,,,,,,,0,,,,,,,,,,,0,,0,,0,0,,,,,
Camacho_et_al_2024,ORA_0514_016,Surface Water,28.58003333,-81.65096667,,,EPA 1633,0,4.8,2,0,0,0,5.2,3.9,,,0,,,,,,,,,0,2.5,,,,,,,,,,,0,,,,,,,,,,,0,,2,,0,0,,,,,
Camacho_et_al_2024,ORA_0521_018,Surface Water,28.648985,-81.579299,,,EPA 1633,4.3,4.3,1.5,0,0,0,5.6,3.7,,,0,,,,,,,,,0,2.5,,,,,,,,,,,0,,,,,,,,,,,0,,0,,0,0,,,,,
Camacho_et_al_2024,ORA_0523_019,Surface Water,28.645407,-81.597496,,,EPA 1633,0,4.2,0,0,0,0,5.5,3.7,,,0,,,,,,,,,0,2.6,,,,,,,,,,,0,,,,,,,,,,,0,,0,,0,0,,,,,
Camacho_et_al_2024,ORA_0524_020,Surface Water,28.636224,-81.560268,,,EPA 1633,0,3.6,1.5,0,0,0,4.4,3.2,,,0,,,,,,,,,0,2.4,,,,,,,,,,,0,,,,,,,,,,,0,,1.3,,0,0,,,,,
Camacho_et_al_2024,ORA_0525_021,Surface Water,28.638204,-81.631602,,,EPA 1633,4.1,4.4,0,0,0,0,5.3,3.8,,,0,,,,,,,,,0,2.5,,,,,,,,,,,0,,,,,,,,,,,0,,0,,0,0,,,,,
Camacho_et_al_2024,ORA_0531_023,Surface Water,28.56237,-81.64895,,,EPA 1633,0,4.1,1.6,0,0,0,4.7,3.7,,,0,,,,,,,,,0,2.4,,,,,,,,,,,1.5,,,,,,,,,,,0,,1.4,,0,0,,,,,
Camacho_et_al_2024,ORA_0533_025,Surface Water,28.563392,-81.625403,,,EPA 1633,4,4.1,0,0,0,0,5,4,,,0,,,,,,,,,0,3,,,,,,,,,,,0,,,,,,,,,,,0,,0,,0,0,,,,,
Camacho_et_al_2024,ORA_0534_026,Surface Water,28.578268,-81.589977,,,EPA 1633,4.3,4.5,1.6,0,0.1,0,5.2,3.9,,,0,,,,,,,,,0,2.4,,,,,,,,,,,0,,,,,,,,,,,0,,0,,0,0,,,,,
Camacho_et_al_2024,ORA_0556_027,Surface Water,28.4418,-81.5538,,,EPA 1633,0,4.2,0,0,0.5,0,8.4,3.1,,,0,,,,,,,,,0,5,,,,,,,,,,,0,,,,,,,,,,,0,,0,,0,0,,,,,
Camacho_et_al_2024,ORA_0557_028,Surface Water,28.407,-81.4884,,,EPA 1633,3.9,3.2,0,0,0,0,1.6,2.5,,,0,,,,,,,,,0,0.8,,,,,,,,,,,0,,,,,,,,,,,0,,0,,0,0,,,,,
Camacho_et_al_2024,ORA_0558_029,Surface Water,28.4547,-81.5123,,,EPA 1633,8.1,13.8,0,0,0.9,0,11.6,7.6,,,0,,,,,,,,,0,4.1,,,,,,,,,,,0,,,,,,,,,,,0,,0,,0,0,,,,,
Camacho_et_al_2024,ORA_0626_030,Surface Water,28.449474,-81.483005,,,EPA 1633,8.3,8.6,2,0,1.1,0,9.3,5.9,,,0,,,,,,,,,0,7.6,,,,,,,,,,,0,,,,,,,,,,,0,,0,,0,0,,,,,
Camacho_et_al_2024,ORA_0627_031,Surface Water,28.438419,-81.342868,,,EPA 1633,6.9,8.2,0,0,0,71.6,0,0,,,0,,,,,,,,,0,0,,,,,,,,,,,0,,,,,,,,,,,0,,0,,0,0,,,,,
Camacho_et_al_2024,ORA_0631_035,Surface Water,28.462687,-81.356986,,,EPA 1633,9.1,13.1,1.9,0,1,8.5,9.4,7,,,0,,,,,,,,,0,5.3,,,,,,,,,,,0,,,,,,,,,,,0,,0,,0,0,,,,,
Camacho_et_al_2024,ORA_0632_036,Surface Water,28.45484,-81.31534,,,EPA 1633,0,3,0,0,0.1,0,0,0,,,0,,,,,,,,,0,0,,,,,,,,,,,0,,,,,,,,,,,0,,0,,0,0,,,,,
Camacho_et_al_2024,ORA_0634_038,Surface Water,28.415635,-81.273455,,,EPA 1633,0,5.5,0,0,0.4,0,10.5,5.2,,,0,,,,,,,,,0,4.1,,,,,,,,,,,0,,,,,,,,,,,0,,0,,0,0,,,,,
Camacho_et_al_2024,ORA_0635_039,Surface Water,28.352197,-81.218443,,,EPA 1633,3.5,3.8,0,0,0.1,0,5.6,4,,,0,,,,,,,,,0,1.2,,,,,,,,,,,0,,,,,,,,,,,0,,0,,0,0,,,,,
Camacho_et_al_2024,ORA_0636_040,Surface Water,28.571895,-81.253335,,,EPA 1633,9.8,8.9,2.1,0,1.2,11,8.6,6.7,,,0,,,,,,,,,0,7,,,,,,,,,,,0,,,,,,,,,,,0,,0,,0,0,,,,,
Camacho_et_al_2024,ORA_0640_042,Surface Water,28.621199,-81.366435,,,EPA 1633,6.9,4.6,0,0,0.5,0,5.2,3.9,,,0,,,,,,,,,0,0,,,,,,,,,,,0,,,,,,,,,,,0,,0,,0,0,,,,,
Camacho_et_al_2024,ORA_0725_043,Surface Water,28.54388889,-80.93416667,,,EPA 1633,12.5,7.3,2,0,1.1,9.4,6,4.6,,,0,,,,,,,,,0,5,,,,,,,,,,,0,,,,,,,,,,,0,,0,,0,0,,,,,
Camacho_et_al_2024,ORA_0827_045,Surface Water,28.5975,-81.225,,,EPA 1633,0,2,0,0,0,0,0,2.6,,,0,,,,,,,,,0,0,,,,,,,,,,,0,,,,,,,,,,,0,,0,,0,0,,,,,
Camacho_et_al_2024,ORA_0828_046,Surface Water,28.38888889,-81.22472222,,,EPA 1633,4,5.2,2.3,0,0.1,0,8.2,4.7,,,0,,,,,,,,,0,4,,,,,,,,,,,0,,,,,,,,,,,0,,0,,0,0,,,,,
Camacho_et_al_2024,ORA_0829_047,Surface Water,28.37138889,-81.25583333,,,EPA 1633,0,3,1.6,0,0.1,0,9,2.9,,,0,,,,,,,,,0,3.1,,,,,,,,,,,0,,,,,,,,,,,0,,0,,0,0,,,,,
Camacho_et_al_2024,ORA_0840_049,Surface Water,28.46388889,-81.26666667,,,EPA 1633,3.9,5.9,0,0,0.4,0,7.8,4,,,0,,,,,,,,,0,5.3,,,,,,,,,,,0,,,,,,,,,,,0,,0,,0,0,,,,,
Camacho_et_al_2024,ORA_0841_050,Surface Water,28.46111111,-81.26166667,,,EPA 1633,3.6,5.5,1.9,0,0.3,0,7.1,3.9,,,0,,,,,,,,,0,4.2,,,,,,,,,,,0,,,,,,,,,,,0,,0,,0,0,,,,,
Camacho_et_al_2024,ORA_1057_051,Surface Water,28.6329,-81.551,,,EPA 1633,4.5,4.8,0,0,0.3,0,7.6,6.2,,,0,,,,,,,,,0,2.9,,,,,,,,,,,0,,,,,,,,,,,0,,0,,0,0,,,,,
Camacho_et_al_2024,ORA_1060_052,Surface Water,28.684102,-81.509692,,,EPA 1633,15.8,10.6,0,0,0.4,5.9,7.5,5.8,,,0,,,,,,,,,0,7.7,,,,,,,,,,,0,,,,,,,,,,,0,,4.1,,0,0,,,,,
Camacho_et_al_2024,ORA_1455_054,Surface Water,28.57145,-81.36810278,,,EPA 1633,7.9,8.4,0,0,1.2,5.3,9.5,5.8,,,0,,,,,,,,,0,4,,,,,,,,,,,0,,,,,,,,,,,0,,0,,0,0,,,,,
Camacho_et_al_2024,ORA_1457_056,Surface Water,28.54344167,-81.63328611,,,EPA 1633,5.8,6.7,1.5,0,0.4,0,6.9,4.1,,,0,,,,,,,,,0,5.9,,,,,,,,,,,0,,,,,,,,,,,0,,0,,0,0,,,,,
Camacho_et_al_2024,ORA_2032_057,Surface Water,28.5763,-81.3271,,,EPA 1633,22.8,13.2,2.5,0,1.4,14.6,18,7,,,0,,,,,,,,,0,7.5,,,,,,,,,,,0,,,,,,,,,,,0,,0,,0,0,,,,,
Camacho_et_al_2024,ORA_2033_058,Surface Water,28.6108,-81.3349,,,EPA 1633,19.6,13.7,0,0,2.5,6.4,9.9,7.1,,,0,,,,,,,,,0,5.4,,,,,,,,,,,0,,,,,,,,,,,0,,0,,0,0,,,,,
Camacho_et_al_2024,ORA_2035_059,Surface Water,28.6065,-81.2033,,,EPA 1633,4.6,5.7,0,0,0.4,0,9,4.5,,,0,,,,,,,,,0,4,,,,,,,,,,,1.3,,,,,,,,,,,0,,0,,0,0,,,,,
Camacho_et_al_2024,ORA_2036_060,Surface Water,28.6082,-81.282,,,EPA 1633,14.4,13.2,1.7,0,0.9,11.6,11.3,7.4,,,0,,,,,,,,,0,5.7,,,,,,,,,,,0,,,,,,,,,,,0,,0,,0,0,,,,,
Camacho_et_al_2024,ORA_2207_061,Surface Water,28.61,-81.2781,,,EPA 1633,3.5,1.2,0,0,0,0,0,0,,,0,,,,,,,,,0,0,,,,,,,,,,,0,,,,,,,,,,,0,,0,,0,0,,,,,
Camacho_et_al_2024,ORA_2290_072,Surface Water,28.600525,-81.434308,,,EPA 1633,6.5,6.7,0,1.9,2.7,0,16.9,12.1,,,0,,,,,,,,,0,8,,,,,,,,,,,0,,,,,,,,,,,0,,2.1,,0,0,,,,,
Camacho_et_al_2024,ORA_2291_073,Surface Water,28.559705,-81.437368,,,EPA 1633,6.8,9.9,0,1.4,3.5,0,11.2,11.7,,,0,,,,,,,,,0,8,,,,,,,,,,,0,,,,,,,,,,,0,,0,,0,0,,,,,
Camacho_et_al_2024,ORA_2292_074,Surface Water,28.534662,-81.423391,,,EPA 1633,8.4,8.9,0,0,3.9,0,9.3,7.5,,,0,,,,,,,,,0,6.9,,,,,,,,,,,0,,,,,,,,,,,0,,0,,0,0,,,,,
Camacho_et_al_2024,ORA_2293_075,Surface Water,28.528947,-81.407004,,,EPA 1633,10,9.8,5.2,0,4,0,19.5,7.6,,,0,,,,,,,,,0,15,,,,,,,,,,,0,,,,,,,,,,,0,,0,,0,0,,,,,
Camacho_et_al_2024,ORA_2294_076,Surface Water,28.76842,-81.655107,,,EPA 1633,3.3,6.5,0,0,0,0,6.4,3.9,,,0,,,,,,,,,0,8.6,,,,,,,,,,,0,,,,,,,,,,,0,,0,,0,0,,,,,
Camacho_et_al_2024,ORA_2330_077,Surface Water,28.3803,-81.20232,,,EPA 1633,0,3.1,0,0,0,0,0,3.2,,,0,,,,,,,,,0,3.4,,,,,,,,,,,0,,,,,,,,,,,0,,0,,0,0,,,,,
Camacho_et_al_2024,ORA_2455_078,Surface Water,28.44283,-81.33984,,,EPA 1633,0,2.2,0,0,0,0,0,0,,,0,,,,,,,,,0,0,,,,,,,,,,,0,,,,,,,,,,,0,,0,,0,0,,,,,
Camacho_et_al_2024,ORA_2456_079,Surface Water,28.570886,-81.541406,,,EPA 1633,11.4,10.3,0,0,2.3,6.9,12.9,6.5,,,0,,,,,,,,,0,10.1,,,,,,,,,,,0,,,,,,,,,,,0,,0,,0,0,,,,,
Camacho_et_al_2024,ORA_2459_080,Surface Water,28.598372,-81.510735,,,EPA 1633,8.4,9.9,0,1.3,0,7.2,9.6,5.1,,,0,,,,,,,,,0,8.7,,,,,,,,,,,0,,,,,,,,,,,0,,0,,0,0,,,,,
Camacho_et_al_2024,ORA_2598_081,Surface Water,28.58127,-81.40673,,,EPA 1633,8.4,10.5,0,0.9,2.8,6.3,11.4,6.2,,,0,,,,,,,,,0,7.2,,,,,,,,,,,0,,,,,,,,,,,0,,0,,0,0,,,,,
Camacho_et_al_2024,ORA_2599_082,Surface Water,28.48605,-81.09561,,,EPA 1633,0,1.5,0,0,0,0,0,0,,,0,,,,,,,,,0,0,,,,,,,,,,,0,,,,,,,,,,,0,,0,,0,0,,,,,
Camacho_et_al_2024,ORA_2626_084,Surface Water,28.59694,-81.41397,,,EPA 1633,9.9,12.5,3.8,2.6,3.8,6.6,10.6,7.2,,,0,,,,,,,,,0,10,,,,,,,,,,,1.6,,,,,,,,,,,0,,0,,0,0,,,,,
Camacho_et_al_2024,OSC_0170_001,Surface Water,27.982001,-81.038915,,,EPA 1633,0,1.7,0,0,0,0,0,2.1,,,0,,,,,,,,,0,0,,,,,,,,,,,0,,,,,,,,,,,0,,0,,0,0,,,,,
Camacho_et_al_2024,OSC_0296_002,Surface Water,28.3335,-81.5221,,,EPA 1633,6.4,8.3,0,4.8,5,0,13.1,5.8,,,0,,,,,,,,,0,4.7,,,,,,,,,,,0,,,,,,,,,,,0,,0,,0,0,,,,,
Camacho_et_al_2024,OSC_0297_003,Surface Water,28.3322,-81.5801,,,EPA 1633,6.7,7.9,0,4,4.5,0,8.8,4.8,,,0,,,,,,,,,0,4.4,,,,,,,,,,,0,,,,,,,,,,,0,,0,,0,0,,,,,
Camacho_et_al_2024,OSC_0298_004,Surface Water,28.2671,-81.4856,,,EPA 1633,0,1.5,0,0,0,0,0,0,,,0,,,,,,,,,0,2,,,,,,,,,,,0,,,,,,,,,,,0,,0,,0,0,,,,,
Camacho_et_al_2024,OSC_0299_005,Surface Water,28.2638,-81.5365,,,EPA 1633,6.3,6.8,0,4.1,4.3,0,6.2,3.5,,,0,,,,,,,,,0,2.3,,,,,,,,,,,0,,,,,,,,,,,0,,0,,0,0,,,,,
Camacho_et_al_2024,OSC_0831_006,Surface Water,28.3475,-81.31805556,,,EPA 1633,0,1.3,0,0,0,0,3.3,0,,,0,,,,,,,,,0,0.6,,,,,,,,,,,0,,,,,,,,,,,0,,0,,0,0,,,,,
Camacho_et_al_2024,OSC_0832_007,Surface Water,28.34555556,-81.26583333,,,EPA 1633,0,3.4,0,0,0,0,6.1,2.8,,,0,,,,,,,,,0,2.2,,,,,,,,,,,0,,,,,,,,,,,0,,0,,0,0,,,,,
Camacho_et_al_2024,OSC_0834_009,Surface Water,28.30444444,-81.32166667,,,EPA 1633,7.2,8.4,0.5,4,5.2,16.6,13.9,7.1,,,0,,,,,,,,,0,2.9,,,,,,,,,,,1.7,,,,,,,,,,,0,,0,,0,0,,,,,
Camacho_et_al_2024,OSC_0835_010,Surface Water,28.25361111,-81.32944444,,,EPA 1633,8.3,8.4,0,4.2,5.6,15.9,13.8,8.2,,,0,,,,,,,,,0,3.1,,,,,,,,,,,2,,,,,,,,,,,0,,0,,0,0,,,,,
Camacho_et_al_2024,OSC_0836_011,Surface Water,28.29333333,-81.39722222,,,EPA 1633,6.8,4.9,0.7,4,4.2,5.2,8.1,3.5,,,0,,,,,,,,,0,5.7,,,,,,,,,,,0,,,,,,,,,,,0,,0,,0,0,,,,,
Camacho_et_al_2024,OSC_0837_012,Surface Water,28.28944444,-81.405,,,EPA 1633,6.8,4.6,0,4.1,4.1,3.7,7.2,3.3,,,0,,,,,,,,,0,3.7,,,,,,,,,,,1.5,,,,,,,,,,,0,,0,,0,0,,,,,
Camacho_et_al_2024,OSC_0838_013,Surface Water,28.28277778,-81.41805556,,,EPA 1633,110,28,4.1,6.6,15.3,122.5,37.8,24.4,,,0,,,,,,,,,20.4,14.1,,,,,,,,,,,2.7,,,,,,,,,,,0,,0.2,,0,0,,,,,
Camacho_et_al_2024,OSC_0839_014,Surface Water,28.28611111,-81.42805556,,,EPA 1633,8.8,4.2,0,0,4.4,7.7,9.5,3.6,,,0,,,,,,,,,0,3.3,,,,,,,,,,,0,,,,,,,,,,,0,,0,,0,0,,,,,
Camacho_et_al_2024,OSC_0855_015,Surface Water,28.289483,-81.405177,,,EPA 1633,6.3,4.9,0,4.1,4.4,4.1,8.4,3.4,,,0,,,,,,,,,0,4.3,,,,,,,,,,,0,,,,,,,,,,,0,,0,,0,0,,,,,
Camacho_et_al_2024,OSC_0856_016,Surface Water,28.260565,-81.280541,,,EPA 1633,6.8,8.1,0,4.1,5.4,17,12.9,8,,,0,,,,,,,,,0,3.7,,,,,,,,,,,1.9,,,,,,,,,,,0,,0,,0,0,,,,,
Camacho_et_al_2024,OSC_0857_017,Surface Water,28.252977,-81.328599,,,EPA 1633,6.2,7.7,0,0,5.1,18.2,12.3,7.7,,,0,,,,,,,,,0,6,,,,,,,,,,,1.6,,,,,,,,,,,0,,0,,0,0,,,,,
Camacho_et_al_2024,OSC_0858_018,Surface Water,28.224262,-81.416283,,,EPA 1633,5.6,4.7,0,0,4.5,6.2,7.3,3.8,,,0,,,,,,,,,0,5.6,,,,,,,,,,,0,,,,,,,,,,,0,,0,,0,0,,,,,
Camacho_et_al_2024,OSC_0859_019,Surface Water,28.139843,-81.36178,,,EPA 1633,5.3,5.5,0,0,4.7,6.7,8.9,4.9,,,0,,,,,,,,,0,2.7,,,,,,,,,,,0,,,,,,,,,,,0,,0,,0,0,,,,,
Camacho_et_al_2024,OSC_1073_020,Surface Water,28.20486111,-81.39311111,,,EPA 1633,5.9,5.2,0.9,0,3.8,3.5,8.6,4.2,,,0,,,,,,,,,0,6,,,,,,,,,,,0,,,,,,,,,,,0,,0,,0,0,,,,,
Camacho_et_al_2024,OSC_1076_021,Surface Water,27.91027778,-81.16502778,,,EPA 1633,0,1.7,0,0,0,0,0,0,,,0,,,,,,,,,0,3.2,,,,,,,,,,,0,,,,,,,,,,,0,,0,,0,0,,,,,
Camacho_et_al_2024,OSC_1982_022,Surface Water,28.19922778,-81.37655,,,EPA 1633,5.9,6.6,0,0,5.1,8.8,10.6,5.3,,,0,,,,,,,,,0,4.1,,,,,,,,,,,0,,,,,,,,,,,0,,0,,0,0,,,,,
Camacho_et_al_2024,OSC_1983_023,Surface Water,28.15367222,-81.22675278,,,EPA 1633,0,2.3,0,0,0,0,3.6,2.1,,,0,,,,,,,,,0,1.1,,,,,,,,,,,0,,,,,,,,,,,0,,0,,0,0,,,,,
Camacho_et_al_2024,OSC_1985_024,Surface Water,27.87236111,-81.05193611,,,EPA 1633,0,2.1,0,0,0,0,5.8,2.8,,,0,,,,,,,,,0,10.1,,,,,,,,,,,0,,,,,,,,,,,0,,0,,0,0,,,,,
Camacho_et_al_2024,OSC_2525_030,Surface Water,28.032498,-81.449626,,,EPA 1633,0,3.7,0,0,0,0,0,0,,,0,,,,,,,,,0,4,,,,,,,,,,,0,,,,,,,,,,,0,,0,,0,0,,,,,
Camacho_et_al_2024,OSC_2560_031,Surface Water,28.209395,-81.121767,,,EPA 1633,0,2.4,0,0,0,0,0,0,,,0,,,,,,,,,0,0,,,,,,,,,,,0,,,,,,,,,,,0,,0,,0,0,,,,,
Camacho_et_al_2024,OSC_2600_032,Surface Water,28.08418,-81.30438,,,EPA 1633,0,3.3,0,0,0,0,0,0,,,0,,,,,,,,,0,3.2,,,,,,,,,,,0,,,,,,,,,,,0,,0,,0,0,,,,,
Camacho_et_al_2024,PAL_0134_001,Surface Water,26.932537,-80.084191,,,EPA 1633,4.6,2,0,0,0.1,0,1.9,2.1,,,0,,,,,,,,,0,2,,,,,,,,,,,0,,,,,,,,,,,0,,0,,0,0,,,,,
Camacho_et_al_2024,PAL_0135_002,Surface Water,26.926222,-80.178463,,,EPA 1633,9.6,5,1.9,0,0.1,12.2,6.4,0,,,0,,,,,,,,,0,2.5,,,,,,,,,,,0,,,,,,,,,,,0,,0.2,,0,0,,,,,
Camacho_et_al_2024,PAL_0136_003,Surface Water,26.938495,-80.132499,,,EPA 1633,5.6,3.3,0,0,0.4,0,2.7,2.8,,,0,,,,,,,,,0,3.4,,,,,,,,,,,0,,,,,,,,,,,0,,0,,0,0,,,,,
Camacho_et_al_2024,PAL_0137_004,Surface Water,26.872308,-80.245362,,,EPA 1633,15.7,7.2,0,0,0,23.3,14.3,7.9,,,0,,,,,,,,,0,1.2,,,,,,,,,,,0,,,,,,,,,,,0,,0,,0,0,,,,,
Camacho_et_al_2024,PAL_0138_005,Surface Water,26.840463,-80.166714,,,EPA 1633,7.1,2.6,3.3,0,0.1,11.1,3.5,2.4,,,0,,,,,,,,,0,3.2,,,,,,,,,,,0,,,,,,,,,,,0,,0,,0,0,,,,,
Camacho_et_al_2024,PAL_0140_006,Surface Water,26.966654,-80.1044,,,EPA 1633,4.5,2.2,0,0,0.2,0,1.8,2,,,0,,,,,,,,,0,1.4,,,,,,,,,,,0,,,,,,,,,,,0,,0,,0,0,,,,,
Camacho_et_al_2024,PAL_0144_007,Surface Water,26.948323,-80.136439,,,EPA 1633,7,5.3,0,0,0.4,0,5.8,3.5,,,0,,,,,,,,,0,4.8,,,,,,,,,,,0,,,,,,,,,,,0,,0,,0,0,,,,,
Camacho_et_al_2024,PAL_0155_008,Surface Water,26.949502,-80.136459,,,EPA 1633,10.8,6.6,0,0,0.9,0,6.8,4.4,,,0,,,,,,,,,0,5.9,,,,,,,,,,,0,,,,,,,,,,,0,,0,,0,0,,,,,
Camacho_et_al_2024,PAL_0177_009,Surface Water,26.72429535,-80.07770989,,,EPA 1633,5,3.1,0,0,0.3,0,3.9,3.3,,,0,,,,,,,,,0,3.6,,,,,,,,,,,0,,,,,,,,,,,0,,0,,0,0,,,,,
Camacho_et_al_2024,PAL_0180_010,Surface Water,26.95783202,-80.10400629,,,EPA 1633,4.9,2,0,0,0,0,1.6,0,,,0,,,,,,,,,0,0.9,,,,,,,,,,,0,,,,,,,,,,,0,,0.1,,0,0,,,,,
Camacho_et_al_2024,PAL_0181_011,Surface Water,26.9431001,-80.121577,,,EPA 1633,8.1,4.1,1.7,0,0.1,7.2,4.4,6.7,,,0,,,,,,,,,0,2.2,,,,,,,,,,,0,,,,,,,,,,,0,,0,,0,0,,,,,
Camacho_et_al_2024,PAL_0183_013,Surface Water,26.91697872,-80.07714878,,,EPA 1633,4,1.9,0,0,0.1,0,2.1,2.2,,,0,,,,,,,,,0,1.1,,,,,,,,,,,0,,,,,,,,,,,0,,0.3,,0,0,,,,,
Camacho_et_al_2024,PAL_0184_014,Surface Water,26.95244798,-80.07922626,,,EPA 1633,0,0,0,0,0,0,0,0,,,0,,,,,,,,,0,2.7,,,,,,,,,,,0,,,,,,,,,,,0,,0,,0,0,,,,,
Camacho_et_al_2024,PAL_0187_015,Surface Water,26.70333954,-80.06814385,,,EPA 1633,5.8,5.7,0,0,1,0,8.2,5.1,,,0,,,,,,,,,0,4.3,,,,,,,,,,,0,,,,,,,,,,,0,,0,,0,0,,,,,
Camacho_et_al_2024,PAL_0188_016,Surface Water,26.74956722,-80.08893233,,,EPA 1633,0,0,0,0,0,0,0,0,,,0,,,,,,,,,0,1.9,,,,,,,,,,,0,,,,,,,,,,,0,,0,,0,0,,,,,
Camacho_et_al_2024,PAL_0189_017,Surface Water,26.95734435,-80.07768158,,,EPA 1633,5.6,4.4,0,0,0.7,0,4.9,3.3,,,0,,,,,,,,,0,4.5,,,,,,,,,,,0,,,,,,,,,,,0,,0,,0,0,,,,,
Camacho_et_al_2024,PAL_0190_018,Surface Water,26.84391901,-80.05754399,,,EPA 1633,4.4,2.5,0,0,0.1,0,2.9,2.5,,,0,,,,,,,,,0,2.9,,,,,,,,,,,0,,,,,,,,,,,0,,0,,0,0,,,,,
Camacho_et_al_2024,PAL_0191_019,Surface Water,26.81787969,-80.08093965,,,EPA 1633,8.1,8.1,0,0,2.7,5.7,7.2,5.3,,,0,,,,,,,,,0,4.2,,,,,,,,,,,0,,,,,,,,,,,0,,0,,0,0,,,,,
Camacho_et_al_2024,PAL_0192_020,Surface Water,26.84442554,-80.06704591,,,EPA 1633,0,2,0,0,0.2,0,2.3,2,,,0,,,,,,,,,0,2.1,,,,,,,,,,,0,,,,,,,,,,,0,,0,,0,0,,,,,
Camacho_et_al_2024,PAL_0193_021,Surface Water,26.88179644,-80.06861975,,,EPA 1633,0,3.7,0,0,0.5,0,5,3,,,0,,,,,,,,,0,3.3,,,,,,,,,,,0,,,,,,,,,,,0,,0,,0,0,,,,,
Camacho_et_al_2024,PAL_0194_022,Surface Water,26.91337585,-80.07894965,,,EPA 1633,0,2.4,0,0,0,0,2.4,2.5,,,0,,,,,,,,,0,1.3,,,,,,,,,,,0,,,,,,,,,,,0,,0,,0,0,,,,,
Camacho_et_al_2024,PAL_0247_023,Surface Water,26.598185,-80.44548,,,EPA 1633,0,1.6,0,0,0,0,2.3,2.2,,,0,,,,,,,,,0,1.6,,,,,,,,,,,0,,,,,,,,,,,0,,0,,0,0,,,,,
Camacho_et_al_2024,PAL_0248_024,Surface Water,26.33736,-80.538554,,,EPA 1633,0,1.6,0,0,0,0,2.9,2.5,,,0,,,,,,,,,0,1,,,,,,,,,,,0,,,,,,,,,,,0,,0,,0,0,,,,,
Camacho_et_al_2024,PAL_0251_025,Surface Water,26.3575,-80.1057,,,EPA 1633,20.5,10.9,0,0,4.9,8.7,10.2,6.6,,,0,,,,,,,,,0,7.7,,,,,,,,,,,0,,,,,,,,,,,0,,0,,0,0,,,,,
Camacho_et_al_2024,PAL_0252_026,Surface Water,26.3411,-80.0963,,,EPA 1633,8.7,6.7,0,0,1.1,7.9,7,5.3,,,0,,,,,,,,,0,4.8,,,,,,,,,,,0,,,,,,,,,,,0,,0,,0,0,,,,,
Camacho_et_al_2024,PAL_0253_027,Surface Water,26.357,-80.0701,,,EPA 1633,0,0,0,0,0,0,0,0,,,0,,,,,,,,,0,0,,,,,,,,,,,0,,,,,,,,,,,0,,0,,0,0,,,,,
Camacho_et_al_2024,PAL_0254_028,Surface Water,26.3626,-80.0714,,,EPA 1633,0,1.4,0,0,0,0,1.5,0,,,0,,,,,,,,,0,2.8,,,,,,,,,,,0,,,,,,,,,,,0,,0,,0,0,,,,,
Camacho_et_al_2024,PAL_0255_029,Surface Water,26.4024,-80.0723,,,EPA 1633,5,1.9,0,0,0,0,2,2.1,,,0,,,,,,,,,0,1.9,,,,,,,,,,,0,,,,,,,,,,,0,,0,,0,0,,,,,
Camacho_et_al_2024,PAL_0256_030,Surface Water,26.4304,-80.0684,,,EPA 1633,6.1,3.6,0,0,0.2,0,3.3,2.9,,,0,,,,,,,,,0,3.9,,,,,,,,,,,0,,,,,,,,,,,0,,0,,0,0,,,,,
Camacho_et_al_2024,PAL_0257_031,Surface Water,26.4145,-80.0886,,,EPA 1633,6.7,5.4,0,0,0.6,0,11,5.5,,,0,,,,,,,,,0,5.2,,,,,,,,,,,0,,,,,,,,,,,0,,0,,0,0,,,,,
Camacho_et_al_2024,PAL_0258_032,Surface Water,26.4388,-80.0664,,,EPA 1633,5.7,2.3,0,0,0.1,0,2.3,2.2,,,0,,,,,,,,,0,1.5,,,,,,,,,,,0,,,,,,,,,,,0,,0,,0,0,,,,,
Camacho_et_al_2024,PAL_0259_033,Surface Water,26.4419,-80.06,,,EPA 1633,0,0,0,0,0,0,0.8,0,,,0,,,,,,,,,0,0.5,,,,,,,,,,,0,,,,,,,,,,,0,,0,,0,0,,,,,
Camacho_et_al_2024,PAL_0260_034,Surface Water,26.4569,-80.0633,,,EPA 1633,5.1,2.6,0,0,0,0,2.6,2.2,,,0,,,,,,,,,0,2.6,,,,,,,,,,,0,,,,,,,,,,,0,,0,,0,0,,,,,
Camacho_et_al_2024,PAL_0261_035,Surface Water,26.4846,-80.1149,,,EPA 1633,0,6.2,0,0,1.9,10.3,5.9,0,,,0,,,,,,,,,0,9.6,,,,,,,,,,,0,,,,,,,,,,,0,,0,,0,0,,,,,
Camacho_et_al_2024,PAL_0262_036,Surface Water,26.4764,-80.1145,,,EPA 1633,10.9,6.5,0,0,0,13.9,5.2,0,,,0,,,,,,,,,0,7.9,,,,,,,,,,,0,,,,,,,,,,,0,,0,,0,0,,,,,
Camacho_et_al_2024,PAL_0263_037,Surface Water,26.4795,-80.084,,,EPA 1633,19,7.5,0,2.1,3,11.4,7.4,4.1,,,0,,,,,,,,,0,9.8,,,,,,,,,,,0.5,,,,,,,,,,,0,,0,,0,0,,,,,
Camacho_et_al_2024,PAL_0264_038,Surface Water,26.4693,-80.0948,,,EPA 1633,9.6,6.7,0,0,1.9,12.6,5.9,0,,,0,,,,,,,,,0,10.5,,,,,,,,,,,0,,,,,,,,,,,0,,0,,0,0,,,,,
Camacho_et_al_2024,PAL_0340_039,Surface Water,26.53888889,-80.18861111,,,EPA 1633,0,4.7,0,0,0,0,5.5,0,,,0,,,,,,,,,0,6.7,,,,,,,,,,,0,,,,,,,,,,,0,,0,,0,0,,,,,
Camacho_et_al_2024,PAL_0341_040,Surface Water,26.46416667,-80.16138889,,,EPA 1633,109.2,15.3,0,2.5,11.4,53.8,151.6,47.9,,,0,,,,,,,,,0,9.3,,,,,,,,,,,0.7,,,,,,,,,,,0,,0,,0,0,,,,,
Camacho_et_al_2024,PAL_0342_041,Surface Water,26.4425,-80.19972222,,,EPA 1633,9,7.2,0,0,1.9,0,5.2,3.7,,,0,,,,,,,,,0,7,,,,,,,,,,,0,,,,,,,,,,,0,,0,,0,0,,,,,
Camacho_et_al_2024,PAL_0343_042,Surface Water,26.44638889,-80.09694444,,,EPA 1633,0,8.6,0,0,2.3,11.8,8.6,4.7,,,0,,,,,,,,,0,9.7,,,,,,,,,,,0,,,,,,,,,,,0,,0,,0,0,,,,,
Camacho_et_al_2024,PAL_0345_044,Surface Water,26.38777778,-80.10666667,,,EPA 1633,0,8.5,0,2.7,2.4,0,2.6,0,,,0,,,,,,,,,0,0,,,,,,,,,,,1.3,,,,,,,,,,,0,,0.6,,0,0,,,,,
Camacho_et_al_2024,PAL_0347_045,Surface Water,26.32805556,-80.18611111,,,EPA 1633,0,4.9,0,0,2,0,4.9,0,,,0,,,,,,,,,0,6.8,,,,,,,,,,,0.7,,,,,,,,,,,0,,0,,0,0,,,,,
Camacho_et_al_2024,PAL_0348_046,Surface Water,26.36638889,-80.20722222,,,EPA 1633,0,3.2,0,0,0,0,4.1,0,,,0,,,,,,,,,0,0,,,,,,,,,,,0.3,,,,,,,,,,,0,,0,,0,0,,,,,
Camacho_et_al_2024,PAL_0377_047,Surface Water,26.375063,-80.236657,,,EPA 1633,0,2.8,0,0,0,0,2.8,0,,,0,,,,,,,,,0,0,,,,,,,,,,,0.4,,,,,,,,,,,0,,0,,0,0,,,,,
Camacho_et_al_2024,PAL_0378_048,Surface Water,26.498831,-80.222159,,,EPA 1633,0,3.6,0,0,0,0,4.5,0,,,0,,,,,,,,,0,0,,,,,,,,,,,0,,,,,,,,,,,0,,0,,0,0,,,,,
Camacho_et_al_2024,PAL_0379_049,Surface Water,26.366148,-80.103409,,,EPA 1633,0,3.8,0,0,0,0,10.3,0,,,0,,,,,,,,,0,8.7,,,,,,,,,,,0,,,,,,,,,,,0,,0,,0,0,,,,,
Camacho_et_al_2024,PAL_0380_050,Surface Water,26.369407,-80.094611,,,EPA 1633,0,7.2,0,1.3,2.5,13.1,10.1,7.9,,,0,,,,,,,,,0,7.9,,,,,,,,,,,0,,,,,,,,,,,0,,0,,0,0,,,,,
Camacho_et_al_2024,PAL_0381_051,Surface Water,26.388284,-80.114528,,,EPA 1633,0,2.8,0,0,0,0,3.6,0,,,0,,,,,,,,,0,6.5,,,,,,,,,,,0,,,,,,,,,,,0,,0,,0,0,,,,,
Camacho_et_al_2024,PAL_0382_052,Surface Water,26.412755,-80.105678,,,EPA 1633,0,6,0,0,0,12.8,6,0,,,0,,,,,,,,,0,9.5,,,,,,,,,,,0,,,,,,,,,,,0,,0,,0,0,,,,,
Camacho_et_al_2024,PAL_0383_053,Surface Water,26.415835,-80.099133,,,EPA 1633,0,6.5,0,0,2.1,12,6.6,0,,,0,,,,,,,,,0,9.8,,,,,,,,,,,0,,,,,,,,,,,0,,0,,0,0,,,,,
Camacho_et_al_2024,PAL_0420_054,Surface Water,26.3874,-80.1474,,,EPA 1633,0,5.5,0,1.2,1.9,0,6.2,0,,,0,,,,,,,,,0,7.1,,,,,,,,,,,0,,,,,,,,,,,0,,0,,0,0,,,,,
Camacho_et_al_2024,PAL_0421_055,Surface Water,26.3967,-80.0982,,,EPA 1633,9.1,8.6,0,1.6,2.4,12.4,8.6,6.6,,,0,,,,,,,,,0,7.7,,,,,,,,,,,0.3,,,,,,,,,,,0,,0,,0,0,,,,,
Camacho_et_al_2024,PAL_0422_056,Surface Water,26.3874,-80.11,,,EPA 1633,0,2.6,0,0,0,0,3.5,0,,,0,,,,,,,,,0,0,,,,,,,,,,,0.4,,,,,,,,,,,0,,0,,0,0,,,,,
Camacho_et_al_2024,PAL_0423_057,Surface Water,26.3807,-80.069,,,EPA 1633,0,0,0,0,0,0,1.2,0,,,0,,,,,,,,,0,0,,,,,,,,,,,0,,,,,,,,,,,0,,0,,0,0,,,,,
Camacho_et_al_2024,PAL_0424_058,Surface Water,26.3664,-80.1712,,,EPA 1633,0,7.8,0,0,2.3,10.9,8.1,4.1,,,0,,,,,,,,,0,7.7,,,,,,,,,,,0,,,,,,,,,,,0,,0,,0,0,,,,,
Camacho_et_al_2024,PAL_0490_059,Surface Water,26.6854213,-80.0728766,,,EPA 1633,21.8,8.6,0,1.6,2.9,18.6,16.1,8.3,,,0,,,,,,,,,0,9.8,,,,,,,,,,,0.5,,,,,,,,,,,0,,0,,0,0,,,,,
Camacho_et_al_2024,PAL_0491_060,Surface Water,26.6770072,-80.0486116,,,EPA 1633,10.6,3.4,0,1,1.9,0,4.1,0,,,0,,,,,,,,,0,0,,,,,,,,,,,0,,,,,,,,,,,0,,0,,0,0,,,,,
Camacho_et_al_2024,PAL_0492_061,Surface Water,26.6663349,-80.0729181,,,EPA 1633,56.3,12.4,0,1.8,3.9,51.1,57.1,18.3,,,0,,,,,,,,,0,11.9,,,,,,,,,,,0.9,,,,,,,,,,,0,,0,,0,0,,,,,
Camacho_et_al_2024,PAL_0493_062,Surface Water,26.6021388,-80.0793798,,,EPA 1633,9.2,6.7,0,1.3,2.7,11,7.6,4.1,,,0,,,,,,,,,0,9.7,,,,,,,,,,,0.3,,,,,,,,,,,0,,0,,0,0,,,,,
Camacho_et_al_2024,PAL_0494_063,Surface Water,26.5852303,-80.0849659,,,EPA 1633,9.6,5.7,0,1.3,2.3,12.4,5.5,0,,,0,,,,,,,,,0,9.3,,,,,,,,,,,0,,,,,,,,,,,0,,0,,0,0,,,,,
Camacho_et_al_2024,PAL_0495_064,Surface Water,26.5889859,-80.0766869,,,EPA 1633,0,7.3,0,1.2,3.2,11.3,8.8,4.3,,,0,,,,,,,,,0,10.4,,,,,,,,,,,0,,,,,,,,,,,0,,0,,0,0,,,,,
Camacho_et_al_2024,PAL_0496_065,Surface Water,26.5837644,-80.0468471,,,EPA 1633,0,1.9,0,0,0,0,1.5,0,,,0,,,,,,,,,0,0,,,,,,,,,,,0,,,,,,,,,,,0,,0,,0,0,,,,,
Camacho_et_al_2024,PAL_0497_066,Surface Water,26.716638,-80.0668979,,,EPA 1633,0,3.2,0,0,0,0,3.7,0,,,0,,,,,,,,,0,6.3,,,,,,,,,,,0,,,,,,,,,,,0,,0,,0,0,,,,,
Camacho_et_al_2024,PAL_0696_067,Surface Water,26.473844,-80.062816,,,EPA 1633,0,2.3,0,0,0,0,2.2,0,,,0,,,,,,,,,0,0,,,,,,,,,,,0,,,,,,,,,,,0,,0,,0,0,,,,,
Camacho_et_al_2024,PAL_0697_068,Surface Water,26.40427,-80.070004,,,EPA 1633,0,2.6,0,0,0,0,2.6,0,,,0,,,,,,,,,0,0,,,,,,,,,,,0,,,,,,,,,,,0,,0,,0,0,,,,,
Camacho_et_al_2024,PAL_0698_069,Surface Water,26.36257,-80.071817,,,EPA 1633,0,1.9,0,0,0,0,1.7,0,,,0,,,,,,,,,0,0,,,,,,,,,,,0,,,,,,,,,,,0,,0,,0,0,,,,,
Camacho_et_al_2024,PAL_0699_070,Surface Water,26.335642,-80.072058,,,EPA 1633,0,0,0,0,0,0,0,0,,,0,,,,,,,,,0,0,,,,,,,,,,,0,,,,,,,,,,,0,,0,,0,0,,,,,
Camacho_et_al_2024,PAL_0741_071,Surface Water,26.335622,-80.07134,,,EPA 1633,0,0,0,0,0,0,0,0,,,0,,,,,,,,,0,0,,,,,,,,,,,0,,,,,,,,,,,0,,0,,0,0,,,,,
Camacho_et_al_2024,PAL_0742_072,Surface Water,26.324824,-80.084598,,,EPA 1633,0,4.4,0,0,1.8,0,4.8,0,,,0,,,,,,,,,0,0,,,,,,,,,,,0,,,,,,,,,,,0,,0,,0,0,,,,,
Camacho_et_al_2024,PAL_0743_073,Surface Water,26.330255,-80.096989,,,EPA 1633,0,5.8,0,0,2,0,5.8,4,,,0,,,,,,,,,0,6.2,,,,,,,,,,,0,,,,,,,,,,,0,,0,,0,0,,,,,
Camacho_et_al_2024,PAL_1261_075,Surface Water,26.94683,-80.859993,,,EPA 1633,0,2.3,0,0,0,0,3.2,0,,,0,,,,,,,,,0,0,,,,,,,,,,,0,,,,,,,,,,,0,,0,,0,0,,,,,
Camacho_et_al_2024,PAL_1263_077,Surface Water,26.88512,-80.856913,,,EPA 1633,0,2.1,0,0,0,0,3.3,0,,,0,,,,,,,,,0,0,,,,,,,,,,,0,,,,,,,,,,,0,,0,,0,0,,,,,
Camacho_et_al_2024,PAL_1265_079,Surface Water,26.83268,-80.859306,,,EPA 1633,0,1.8,0,0,0,0,3.4,0,,,0,,,,,,,,,0,0,,,,,,,,,,,0,,,,,,,,,,,0,,0,,0,0,,,,,
Camacho_et_al_2024,PAL_1266_080,Surface Water,26.80883,-80.862473,,,EPA 1633,0,1.6,0,0,0,0,3.4,0,,,0,,,,,,,,,0,0,,,,,,,,,,,0,,,,,,,,,,,0,,0,,0,0,,,,,
Camacho_et_al_2024,PAL_1267_081,Surface Water,26.77783,-80.863548,,,EPA 1633,0,2.6,0,0,0,0,4.1,0,,,0,,,,,,,,,0,0,,,,,,,,,,,0,,,,,,,,,,,0,,0,,0,0,,,,,
Camacho_et_al_2024,PAL_1268_082,Surface Water,26.74604,-80.85446,,,EPA 1633,0,2.6,0,0,0,0,4,0,,,0,,,,,,,,,0,5.4,,,,,,,,,,,0,,,,,,,,,,,0,,0,,0,0,,,,,
Camacho_et_al_2024,PAL_1277_084,Surface Water,26.92444,-80.830277,,,EPA 1633,0,2.4,0,0,0,0,4,0,,,0,,,,,,,,,0,5.8,,,,,,,,,,,0,,,,,,,,,,,0,,0,,0,0,,,,,
Camacho_et_al_2024,PAL_1284_091,Surface Water,26.71868,-80.83167,,,EPA 1633,0,2.4,0,0,0,0,3.8,0,,,0,,,,,,,,,0,5.6,,,,,,,,,,,0,,,,,,,,,,,0,,0,,0,0,,,,,
Camacho_et_al_2024,PAL_1294_092,Surface Water,26.94557,-80.79343,,,EPA 1633,0,2.5,0,0,0,0,3.5,0,,,0,,,,,,,,,0,0,,,,,,,,,,,0,,,,,,,,,,,0,,0,,0,0,,,,,
Camacho_et_al_2024,PAL_1295_093,Surface Water,26.92137,-80.794358,,,EPA 1633,0,2.6,0,0,0,0,3.4,0,,,0,,,,,,,,,0,5.5,,,,,,,,,,,0,,,,,,,,,,,0,,0,,0,0,,,,,
Camacho_et_al_2024,PAL_1296_094,Surface Water,26.88989,-80.796683,,,EPA 1633,0,2.2,0,0,0,0,3.6,0,,,0,,,,,,,,,0,5.6,,,,,,,,,,,0,,,,,,,,,,,0,,0,,0,0,,,,,
Camacho_et_al_2024,PAL_1297_095,Surface Water,26.86025,-80.79981,,,EPA 1633,0,2.5,0,0,0,0,4.9,0,,,0,,,,,,,,,0,5.6,,,,,,,,,,,0,,,,,,,,,,,0,,0,,0,0,,,,,
Camacho_et_al_2024,PAL_1298_096,Surface Water,26.83135,-80.792274,,,EPA 1633,0,2.5,0,0,0,0,4.3,0,,,0,,,,,,,,,0,5.2,,,,,,,,,,,0,,,,,,,,,,,0,,0,,0,0,,,,,
Camacho_et_al_2024,PAL_1300_098,Surface Water,26.78454,-80.811017,,,EPA 1633,0,2.4,0,0,0,0,3.4,0,,,0,,,,,,,,,0,5.3,,,,,,,,,,,0,,,,,,,,,,,0,,0,,0,0,,,,,
Camacho_et_al_2024,PAL_1302_100,Surface Water,26.72557,-80.795723,,,EPA 1633,0,19.5,0,2.8,0,0,16.1,6.1,,,0,,,,,,,,,0,0,,,,,,,,,,,0,,,,,,,,,,,0,,0,,0,0,,,,,
Camacho_et_al_2024,PAL_1316_106,Surface Water,26.8048,-80.764288,,,EPA 1633,0,2.4,0,0,0,0,4.1,0,,,0,,,,,,,,,0,0,,,,,,,,,,,0,,,,,,,,,,,0,,0,,0,0,,,,,
Camacho_et_al_2024,PAL_1317_107,Surface Water,26.7822,-80.775082,,,EPA 1633,0,2.5,0,0,0,0,4.3,0,,,0,,,,,,,,,0,5.3,,,,,,,,,,,0,,,,,,,,,,,0,,0,,0,0,,,,,
Camacho_et_al_2024,PAL_1318_108,Surface Water,26.75677,-80.7769,,,EPA 1633,0,9,0,1.6,0,0,11.7,5.7,,,0,,,,,,,,,0,6,,,,,,,,,,,0,,,,,,,,,,,0,,0,,0,0,,,,,
Camacho_et_al_2024,PAL_1319_109,Surface Water,26.7243,-80.776511,,,EPA 1633,0,4.1,0,0,0,0,4.7,0,,,0,,,,,,,,,0,0,,,,,,,,,,,0,,,,,,,,,,,0,,0,,0,0,,,,,
Camacho_et_al_2024,PAL_1328_110,Surface Water,26.94274,-80.729084,,,EPA 1633,0,2.9,0,0,0,0,4.3,0,,,0,,,,,,,,,0,7.1,,,,,,,,,,,0,,,,,,,,,,,0,,0,,0,0,,,,,
Camacho_et_al_2024,PAL_1329_111,Surface Water,26.91966,-80.729965,,,EPA 1633,0,2.4,0,0,0,0,4,0,,,0,,,,,,,,,0,0,,,,,,,,,,,0,,,,,,,,,,,0,,0,,0,0,,,,,
Camacho_et_al_2024,PAL_1330_112,Surface Water,26.89112,-80.729459,,,EPA 1633,0,2.4,0,0,0,0,4,0,,,0,,,,,,,,,0,5.4,,,,,,,,,,,0,,,,,,,,,,,0,,0,,0,0,,,,,
Camacho_et_al_2024,PAL_1331_113,Surface Water,26.86106,-80.73132,,,EPA 1633,0,2.3,0,0,0,0,4.5,0,,,0,,,,,,,,,0,6.6,,,,,,,,,,,0,,,,,,,,,,,0,,0,,0,0,,,,,
Camacho_et_al_2024,PAL_1346_121,Surface Water,26.83184,-80.699173,,,EPA 1633,0,2.5,0,0,0,0,4,0,,,0,,,,,,,,,0,0,,,,,,,,,,,0,,,,,,,,,,,0,,0,,0,0,,,,,
Camacho_et_al_2024,PAL_1347_122,Surface Water,26.80211,-80.697844,,,EPA 1633,0,2.9,0,0,0,0,3.6,0,,,0,,,,,,,,,0,5.6,,,,,,,,,,,0,,,,,,,,,,,0,,0,,0,0,,,,,
Camacho_et_al_2024,PAL_1348_123,Surface Water,26.77695,-80.71213,,,EPA 1633,0,2.7,0,0,0,0,4.2,0,,,0,,,,,,,,,0,0,,,,,,,,,,,0,,,,,,,,,,,0,,0,,0,0,,,,,
Camacho_et_al_2024,PAL_1349_124,Surface Water,26.75254,-80.712999,,,EPA 1633,0,2.5,0,0,0,0,3.6,0,,,0,,,,,,,,,0,0,,,,,,,,,,,0,,,,,,,,,,,0,,0,,0,0,,,,,
Camacho_et_al_2024,PAL_1357_126,Surface Water,26.9218,-80.666039,,,EPA 1633,0,3.5,0,0,0,0,4.2,0,,,0,,,,,,,,,0,6.5,,,,,,,,,,,0,,,,,,,,,,,0,,0,,0,0,,,,,
Camacho_et_al_2024,PAL_1358_127,Surface Water,26.88441,-80.660754,,,EPA 1633,0,2.2,0,0,0,0,3.9,0,,,0,,,,,,,,,0,0,,,,,,,,,,,0,,,,,,,,,,,0,,0,,0,0,,,,,
Camacho_et_al_2024,PAL_1359_128,Surface Water,26.85719,-80.663588,,,EPA 1633,0,1.9,0,0,0,0,3.6,0,,,0,,,,,,,,,0,0,,,,,,,,,,,0,,,,,,,,,,,0,,0,,0,0,,,,,
Camacho_et_al_2024,PAL_1367_131,Surface Water,26.91735,-80.63169,,,EPA 1633,0,3.4,0,0,0,0,4.6,0,,,0,,,,,,,,,0,0,,,,,,,,,,,0,,,,,,,,,,,0,,0,,0,0,,,,,
Camacho_et_al_2024,PAL_1368_132,Surface Water,26.89122,-80.631626,,,EPA 1633,0,2.2,0,0,0,0,3.4,0,,,0,,,,,,,,,0,0,,,,,,,,,,,0,,,,,,,,,,,0,,0,,0,0,,,,,
Camacho_et_al_2024,PAL_1537_133,Surface Water,26.387775,-80.115275,,,EPA 1633,0,2.5,0,0,0,0,3.1,0,,,0,,,,,,,,,0,6,,,,,,,,,,,0,,,,,,,,,,,0,,0,,0,0,,,,,
Camacho_et_al_2024,PAL_1538_134,Surface Water,26.36335,-80.07579722,,,EPA 1633,21.4,5.5,0,4.4,2.8,0,5.3,0,,,0,,,,,,,,,0,5.9,,,,,,,,,,,0,,,,,,,,,,,0,,0,,0,0,,,,,
Camacho_et_al_2024,PAL_1539_135,Surface Water,26.33306389,-80.07220833,,,EPA 1633,8.9,3.5,0,1.1,1.9,0,1.8,0,,,0,,,,,,,,,0,0,,,,,,,,,,,0,,,,,,,,,,,0,,0,,0,0,,,,,
Camacho_et_al_2024,PAL_1937_136,Surface Water,26.33863889,-80.62791667,,,EPA 1633,0,1.9,0,0,0,0,2.6,0,,,0,,,,,,,,,0,0,,,,,,,,,,,0,,,,,,,,,,,0,,0,,0,0,,,,,
Camacho_et_al_2024,PAL_2052_137,Surface Water,26.70516667,-80.71475,,,EPA 1633,0,2.5,0,0,0,0,4.6,0,,,0,,,,,,,,,0,0,,,,,,,,,,,0,,,,,,,,,,,0,,0,,0,0,,,,,
Camacho_et_al_2024,PAL_2054_138,Surface Water,26.69730556,-80.814,,,EPA 1633,0,2.6,0,0,0,0,4.7,0,,,0,,,,,,,,,0,0,,,,,,,,,,,0,,,,,,,,,,,0,,0,,0,0,,,,,
Camacho_et_al_2024,PAL_2055_139,Surface Water,26.68219444,-80.73197222,,,EPA 1633,0,2.5,0,0,0,0,4.5,0,,,0,,,,,,,,,0,7.3,,,,,,,,,,,0,,,,,,,,,,,0,,0,,0,0,,,,,
Camacho_et_al_2024,PAL_2057_140,Surface Water,26.58761111,-80.85341667,,,EPA 1633,0,2,0,0,0,0,4.2,0,,,0,,,,,,,,,0,6.7,,,,,,,,,,,0,,,,,,,,,,,0,,0,,0,0,,,,,
Camacho_et_al_2024,PAL_2256_149,Surface Water,26.35616,-80.29982,,,EPA 1633,0,1.4,0,0,0,0,0,0,,,0,,,,,,,,,0,0,,,,,,,,,,,0,,,,,,,,,,,0,,0,,0,0,,,,,
Camacho_et_al_2024,PAL_2629_150,Surface Water,26.78622,-80.14013,,,EPA 1633,0,2.2,0,0,0,0,0,0,,,0,,,,,,,,,0,0,,,,,,,,,,,0,,,,,,,,,,,0,,0,,0,0,,,,,
Camacho_et_al_2024,PAS_0367_001,Surface Water,28.19444444,-82.71888889,,,EPA 1633,0,3.7,0,0,0,0,3.3,0,,,0,,,,,,,,,0,0,,,,,,,,,,,0,,,,,,,,,,,0,,0,,0,0,,,,,
Camacho_et_al_2024,PAS_0368_002,Surface Water,28.17583333,-82.78888889,,,EPA 1633,0,2,0,0,0,0,1.4,0,,,0,,,,,,,,,0,0,,,,,,,,,,,0,,,,,,,,,,,0,,0,,0,0,,,,,
Camacho_et_al_2024,PAS_0770_003,Surface Water,28.1878,-82.7545,,,EPA 1633,0,5.7,0,0,1.8,0,4.9,0,,,0,,,,,,,,,0,8.7,,,,,,,,,,,0,,,,,,,,,,,0,,0,,0,0,,,,,
Camacho_et_al_2024,PAS_0771_004,Surface Water,28.1951,-82.7646,,,EPA 1633,0,7.9,0,1.1,1.9,0,4.6,0,,,0,,,,,,,,,0,7.3,,,,,,,,,,,0.4,,,,,,,,,,,0,,0,,0,0,,,,,
Camacho_et_al_2024,PAS_0772_005,Surface Water,28.1942,-82.7189,,,EPA 1633,0,3.9,0,0,0,0,4.1,0,,,0,,,,,,,,,0,0,,,,,,,,,,,0,,,,,,,,,,,0,,0,,0,0,,,,,
Camacho_et_al_2024,PAS_0773_006,Surface Water,28.188,-82.4033,,,EPA 1633,0,3,0,0,0,0,3,0,,,0,,,,,,,,,0,0,,,,,,,,,,,0,,,,,,,,,,,0,,0,,0,0,,,,,
Camacho_et_al_2024,PAS_0774_007,Surface Water,28.4169,-82.3058,,,EPA 1633,0,1.6,0,0,0,0,1.4,0,,,0,,,,,,,,,0,0,,,,,,,,,,,0,,,,,,,,,,,0,,0,,0,0,,,,,
Camacho_et_al_2024,PAS_0882_008,Surface Water,28.205577,-82.446857,,,EPA 1633,0,12.4,0,0,2.1,11.1,13.6,6,,,0,,,,,,,,,0,15.4,,,,,,,,,,,0,,,,,,,,,,,0,,0,,0,0,,,,,
Camacho_et_al_2024,PAS_0883_009,Surface Water,28.20811,-82.448983,,,EPA 1633,12.3,14,0,0,2.5,11.7,13.6,6.7,,,0,,,,,,,,,0,15.1,,,,,,,,,,,0,,,,,,,,,,,0,,0,,0,0,,,,,
Camacho_et_al_2024,PAS_0884_010,Surface Water,28.202768,-82.458583,,,EPA 1633,0,9.5,0,0,2.1,0,10.4,5.2,,,0,,,,,,,,,0,12.8,,,,,,,,,,,0,,,,,,,,,,,0,,0,,0,0,,,,,
Camacho_et_al_2024,PAS_0921_011,Surface Water,28.176107,-82.788875,,,EPA 1633,0,2.7,0,0,0,0,2.7,0,,,0,,,,,,,,,0,0,,,,,,,,,,,0,,,,,,,,,,,0,,0,,0,0,,,,,
Camacho_et_al_2024,PAS_0979_012,Surface Water,28.21833333,-82.75472222,,,EPA 1633,0,2.4,0,0,0,0,2.5,0,,,0,,,,,,,,,0,5.8,,,,,,,,,,,0,,,,,,,,,,,0,,0,,0,0,,,,,
Camacho_et_al_2024,PAS_0980_013,Surface Water,28.227282,-82.458147,,,EPA 1633,0,5.2,0,0,0,0,4.9,0,,,0,,,,,,,,,0,7,,,,,,,,,,,0,,,,,,,,,,,0,,0,,0,0,,,,,
Camacho_et_al_2024,PAS_0981_014,Surface Water,28.223334,-82.457338,,,EPA 1633,0,7.6,0,0,0,0,7.4,3.9,,,0,,,,,,,,,0,8.8,,,,,,,,,,,0,,,,,,,,,,,0,,0,,0,0,,,,,
Camacho_et_al_2024,PAS_0982_015,Surface Water,28.229604,-82.458049,,,EPA 1633,0,5.4,0,0,0,0,5.4,0,,,0,,,,,,,,,0,6.9,,,,,,,,,,,0,,,,,,,,,,,0,,0,,0,0,,,,,
Camacho_et_al_2024,PAS_0983_016,Surface Water,28.30195,-82.691105,,,EPA 1633,0,4.4,0,0,0,0,4.6,0,,,0,,,,,,,,,0,8.2,,,,,,,,,,,0,,,,,,,,,,,0,,0,,0,0,,,,,
Camacho_et_al_2024,PAS_0985_017,Surface Water,28.406548,-82.671609,,,EPA 1633,0,1.8,0,0,0,0,2,0,,,0,,,,,,,,,0,0,,,,,,,,,,,0,,,,,,,,,,,0,,0,,0,0,,,,,
Camacho_et_al_2024,PAS_0986_018,Surface Water,28.373057,-82.695908,,,EPA 1633,0,2.9,0,0,0,0,1.5,0,,,0,,,,,,,,,0,0,,,,,,,,,,,0,,,,,,,,,,,0,,0,,0,0,,,,,
Camacho_et_al_2024,PAS_0987_019,Surface Water,28.342617,-82.706269,,,EPA 1633,0,6,0,0,0,0,3.6,0,,,0,,,,,,,,,0,7.8,,,,,,,,,,,0,,,,,,,,,,,0,,0,,0,0,,,,,
Camacho_et_al_2024,PAS_0988_020,Surface Water,28.312351,-82.707111,,,EPA 1633,0,2.6,0,0,0,0,2.3,0,,,0,,,,,,,,,0,0,,,,,,,,,,,0,,,,,,,,,,,0,,0,,0,0,,,,,
Camacho_et_al_2024,PAS_0990_021,Surface Water,28.23531,-82.742911,,,EPA 1633,0,2.2,0,0,0,0,1.9,0,,,0,,,,,,,,,0,0,,,,,,,,,,,0,,,,,,,,,,,0,,0,,0,0,,,,,
Camacho_et_al_2024,PAS_0991_022,Surface Water,28.253302,-82.757102,,,EPA 1633,0,1.8,0,0,0,0,1.5,0,,,0,,,,,,,,,0,0,,,,,,,,,,,0,,,,,,,,,,,0,,0,,0,0,,,,,
Camacho_et_al_2024,PAS_0992_023,Surface Water,28.250623,-82.722412,,,EPA 1633,0,3,0,0,0,0,2.6,0,,,0,,,,,,,,,0,0,,,,,,,,,,,0,,,,,,,,,,,0,,0,,0,0,,,,,
Camacho_et_al_2024,PAS_1039_024,Surface Water,28.22947,-82.668149,,,EPA 1633,0,8.6,0,0,0,0,9.8,4.9,,,0,,,,,,,,,0,10.9,,,,,,,,,,,0,,,,,,,,,,,0,,0,,0,0,,,,,
Camacho_et_al_2024,PAS_1040_025,Surface Water,28.23642,-82.699756,,,EPA 1633,0,2.1,0,0,0,0,0,0,,,0,,,,,,,,,0,0,,,,,,,,,,,0,,,,,,,,,,,0,,0,,0,0,,,,,
Camacho_et_al_2024,PAS_1041_026,Surface Water,28.224182,-82.689453,,,EPA 1633,0,3.5,0,0,0,0,3,0,,,0,,,,,,,,,0,6,,,,,,,,,,,0,,,,,,,,,,,0,,0,,0,0,,,,,
Camacho_et_al_2024,PAS_2028_029,Surface Water,28.18476944,-82.84739722,,,EPA 1633,0,0,0,0,0,0,0,0,,,0,,,,,,,,,0,0,,,,,,,,,,,0,,,,,,,,,,,0,,0,,0,0,,,,,
Camacho_et_al_2024,PAS_2332_030,Surface Water,28.97786,-81.34685,,,EPA 1633,2.5,3.4,0,0,0,0,0,0,,,0,,,,,,,,,0,4.2,,,,,,,,,,,0,,,,,,,,,,,0,,0,,0,0,,,,,
Camacho_et_al_2024,PAS_2380_031,Surface Water,28.28638,-82.60722,,,EPA 1633,0,4.8,0,0,0,0,0,4.2,,,0,,,,,,,,,0,2.7,,,,,,,,,,,0,,,,,,,,,,,0,,0,,0,0,,,,,
Camacho_et_al_2024,PAS_2601_032,Surface Water,28.3212,-82.4409,,,EPA 1633,0,1.3,0,0,0,0,0,0,,,0,,,,,,,,,0,0,,,,,,,,,,,0,,,,,,,,,,,0,,0,,0,0,,,,,
Camacho_et_al_2024,PAS_2602_033,Surface Water,28.3021,-82.0557,,,EPA 1633,0,2.4,0,0,0,0,0,0,,,0,,,,,,,,,0,2.6,,,,,,,,,,,0,,,,,,,,,,,0,,0,,0,0,,,,,
Camacho_et_al_2024,PAS_2621_034,Surface Water,28.3125,-82.0559,,,EPA 1633,0,1.9,0,0,0,0,0,0,,,0,,,,,,,,,0,2.5,,,,,,,,,,,0,,,,,,,,,,,0,,0,,0,0,,,,,
Camacho_et_al_2024,PIN_0312_001,Surface Water,27.755,-82.76,,,EPA 1633,0,2.7,0,0,1.2,0,1.8,0,,,0,,,,,,,,,0,0,,,,,,,,,,,0,,,,,,,,,,,0,,0,,0,0,,,,,
Camacho_et_al_2024,PIN_0313_002,Surface Water,27.75638889,-82.73361111,,,EPA 1633,11.4,8,0,3.8,3.1,10.7,8.3,4.1,,,0,,,,,,,,,0,5.8,,,,,,,,,,,3.7,,,,,,,,,,,0,,0,,0,0,,,,,
Camacho_et_al_2024,PIN_0314_003,Surface Water,27.77277778,-82.75166667,,,EPA 1633,4.7,2.9,0,0,1.3,0,2.2,0,,,0,,,,,,,,,0,2.6,,,,,,,,,,,0,,,,,,,,,,,0,,0,,0,0,,,,,
Camacho_et_al_2024,PIN_0315_004,Surface Water,27.78638889,-82.77805556,,,EPA 1633,0,2.4,0,0,0,0,2.1,0,,,0,,,,,,,,,0,2.7,,,,,,,,,,,0,,,,,,,,,,,0,,0,,0,0,,,,,
Camacho_et_al_2024,PIN_0316_005,Surface Water,27.8,-82.77472222,,,EPA 1633,4.2,2.9,0,0,1.1,0,2.4,0,,,0,,,,,,,,,0,2.7,,,,,,,,,,,0,,,,,,,,,,,0,,0,,0,0,,,,,
Camacho_et_al_2024,PIN_0317_006,Surface Water,27.80472222,-82.76388889,,,EPA 1633,6.9,4.6,4,2.1,1.7,0,4.4,2.4,,,0,,,,,,,,,0,4.4,,,,,,,,,,,0,,,,,,,,,,,0,,0,,0,0,,,,,
Camacho_et_al_2024,PIN_0318_007,Surface Water,27.74527778,-82.74805556,,,EPA 1633,0,2.5,0,0,1.1,0,2,0,,,0,,,,,,,,,0,0,,,,,,,,,,,0,,,,,,,,,,,0,,0,,0,0,,,,,
Camacho_et_al_2024,PIN_0319_008,Surface Water,27.73555556,-82.70861111,,,EPA 1633,4.3,3.3,0,0,1.7,0,2.9,1.9,,,0,,,,,,,,,0,3,,,,,,,,,,,0,,,,,,,,,,,0,,0,,0,0,,,,,
Camacho_et_al_2024,PIN_0320_009,Surface Water,27.73527778,-82.69583333,,,EPA 1633,4.5,3,0,0,1.3,0,2.6,0,,,0,,,,,,,,,0,3,,,,,,,,,,,0,,,,,,,,,,,0,,0,,0,0,,,,,
Camacho_et_al_2024,PIN_0321_010,Surface Water,27.70833333,-82.72944444,,,EPA 1633,5,2.9,0,0,1.4,0,2.5,0,,,0,,,,,,,,,0,2.7,,,,,,,,,,,0,,,,,,,,,,,0,,0,,0,0,,,,,
Camacho_et_al_2024,PIN_0322_011,Surface Water,27.69388889,-82.72111111,,,EPA 1633,3.7,2.5,0,0,0,0,2,0,,,0,,,,,,,,,0,0,,,,,,,,,,,0,,,,,,,,,,,0,,0,,0,0,,,,,
Camacho_et_al_2024,PIN_0323_012,Surface Water,27.71888889,-82.70277778,,,EPA 1633,4.7,2.8,0,0,1.2,0,2.6,0,,,0,,,,,,,,,0,2.9,,,,,,,,,,,0,,,,,,,,,,,0,,0,,0,0,,,,,
Camacho_et_al_2024,PIN_0324_013,Surface Water,27.69388889,-82.72111111,,,EPA 1633,4.3,2.6,4,0,1.2,0,2.5,1.8,,,0,,,,,,,,,0,0,,,,,,,,,,,0,,,,,,,,,,,0,,0,,0,0,,,,,
Camacho_et_al_2024,PIN_0325_014,Surface Water,27.70944444,-82.68444444,,,EPA 1633,4.9,3,0,0,1.2,0,2.5,0,,,0,,,,,,,,,0,0,,,,,,,,,,,0,,,,,,,,,,,0,,0,,0,0,,,,,
Camacho_et_al_2024,PIN_0326_015,Surface Water,27.67805556,-82.74277778,,,EPA 1633,0,2.5,0,0,1.2,0,2,0,,,0,,,,,,,,,0,2.8,,,,,,,,,,,0,,,,,,,,,,,0,,0,,0,0,,,,,
Camacho_et_al_2024,PIN_0327_016,Surface Water,27.6825,-82.72277778,,,EPA 1633,5.3,3.2,0,0,1.3,0,2.9,0,,,0,,,,,,,,,0,2.8,,,,,,,,,,,0,,,,,,,,,,,0,,0,,0,0,,,,,
Camacho_et_al_2024,PIN_0328_017,Surface Water,27.65472222,-82.67777778,,,EPA 1633,7.6,3.4,0,2.3,1.7,0,2.8,2,,,0,,,,,,,,,0,3.2,,,,,,,,,,,0,,,,,,,,,,,0,,0,,0,0,,,,,
Camacho_et_al_2024,PIN_0329_018,Surface Water,27.64416667,-82.74555556,,,EPA 1633,3.9,2.3,0,0,1.1,0,1.7,0,,,0,,,,,,,,,0,2.1,,,,,,,,,,,0,,,,,,,,,,,0,,0,,0,0,,,,,
Camacho_et_al_2024,PIN_0559_019,Surface Water,27.7830622,-82.6244814,,,EPA 1633,12.3,6.5,0,2.3,2.6,10,6.1,3.5,,,0,,,,,,,,,0,6.9,,,,,,,,,,,2.6,,,,,,,,,,,0,,0,,0,0,,,,,
Camacho_et_al_2024,PIN_0560_020,Surface Water,27.7808876,-82.7832512,,,EPA 1633,5.2,4,0,0,1.4,0,3.1,2.3,,,0,,,,,,,,,0,3.3,,,,,,,,,,,0,,,,,,,,,,,0,,0,,0,0,,,,,
Camacho_et_al_2024,PIN_0561_021,Surface Water,27.8001284,-82.6334554,,,EPA 1633,24.7,14.9,0,2.7,0,11.8,9.7,0,,,0,,,,,,,,,0,9.4,,,,,,,,,,,0,,,,,,,,,,,0,,0,,0,0,,,,,
Camacho_et_al_2024,PIN_0562_022,Surface Water,27.789524,-82.6422621,,,EPA 1633,13.2,11.3,0,5.2,3.3,12.7,12.3,6.8,,,0,,,,,,,,,0,10.9,,,,,,,,,,,4.5,,,,,,,,,,,0,,1,,0,0,,,,,
Camacho_et_al_2024,PIN_0563_023,Surface Water,27.8118076,-82.7681077,,,EPA 1633,13.3,9,4.5,2.8,2.2,10.7,8.9,4.5,,,0,,,,,,,,,0,9.3,,,,,,,,,,,0,,,,,,,,,,,0,,0,,0,0,,,,,
Camacho_et_al_2024,PIN_0755_024,Surface Water,28.0886,-82.7765,,,EPA 1633,6,4,0,2.3,1.7,0,3.3,2,,,0,,,,,,,,,0,4.2,,,,,,,,,,,0,,,,,,,,,,,0,,0,,0,0,,,,,
Camacho_et_al_2024,PIN_0756_025,Surface Water,28.0741,-82.7513,,,EPA 1633,8.4,11.4,5,2.2,2.2,0,12.6,6,,,0,,,,,,,,,0,11.2,,,,,,,,,,,0,,,,,,,,,,,0,,0,,0,0,,,,,
Camacho_et_al_2024,PIN_0757_026,Surface Water,28.0598,-82.7101,,,EPA 1633,5.3,7.4,0,0,1.5,0,7.4,4.5,,,0,,,,,,,,,0,6.5,,,,,,,,,,,0,,,,,,,,,,,0,,0,,0,0,,,,,
Camacho_et_al_2024,PIN_0758_027,Surface Water,28.0492,-82.7069,,,EPA 1633,8,6.9,4.3,2,2,0,7.7,3.8,,,0,,,,,,,,,0,6.2,,,,,,,,,,,0,,,,,,,,,,,0,,0,,0,0,,,,,
Camacho_et_al_2024,PIN_0759_028,Surface Water,28.0352,-82.6811,,,EPA 1633,8.8,7.7,4.7,2.5,2.3,0,8.2,4.6,,,0,,,,,,,,,0,8.2,,,,,,,,,,,0,,,,,,,,,,,0,,0,,0,0,,,,,
Camacho_et_al_2024,PIN_0760_029,Surface Water,28.0441,-82.7513,,,EPA 1633,9.2,9.3,0,3,1.9,0,10.6,5.2,,,0,,,,,,,,,0,9.9,,,,,,,,,,,0,,,,,,,,,,,0,,0,,0,0,,,,,
Camacho_et_al_2024,PIN_0761_030,Surface Water,28.0461,-82.757,,,EPA 1633,9.7,10.4,4.7,2.6,1.7,0,9.9,5.3,,,0,,,,,,,,,0,13.6,,,,,,,,,,,0,,,,,,,,,,,0,,0,,0,0,,,,,
Camacho_et_al_2024,PIN_0762_031,Surface Water,28.0363,-82.7836,,,EPA 1633,16.5,10.4,4.6,2.5,2.6,11,8.3,4.5,,,0,,,,,,,,,0,10.2,,,,,,,,,,,0,,,,,,,,,,,0,,0,,0,0,,,,,
Camacho_et_al_2024,PIN_0763_032,Surface Water,28.0521,-82.7844,,,EPA 1633,0,2.9,0,0,1.1,0,0,0,,,0,,,,,,,,,0,2.7,,,,,,,,,,,0,,,,,,,,,,,0,,0,,0,0,,,,,
Camacho_et_al_2024,PIN_0768_033,Surface Water,28.1265,-82.7363,,,EPA 1633,13.9,9.3,0,0,1.6,11.2,4.6,3.8,,,0,,,,,,,,,0,8.3,,,,,,,,,,,0,,,,,,,,,,,0,,0,,0,0,,,,,
Camacho_et_al_2024,PIN_0769_034,Surface Water,28.1654,-82.7322,,,EPA 1633,5.7,7.2,4.3,2,1.5,0,5.6,3.6,,,0,,,,,,,,,0,5.4,,,,,,,,,,,0,,,,,,,,,,,0,,0,,0,0,,,,,
Camacho_et_al_2024,PIN_0815_035,Surface Water,27.95218,-82.762503,,,EPA 1633,26.8,12.1,0,2.8,1.7,13.4,6.7,5,,,0,,,,,,,,,0,8.4,,,,,,,,,,,0,,,,,,,,,,,0,,0,,0,0,,,,,
Camacho_et_al_2024,PIN_0816_036,Surface Water,27.89528,-82.66751,,,EPA 1633,21.2,11.2,5.1,2.3,2.9,17.4,11.3,6.7,,,0,,,,,,,,,0,10.1,,,,,,,,,,,0,,,,,,,,,,,0,,0,,0,0,,,,,
Camacho_et_al_2024,PIN_0817_037,Surface Water,27.90381,-82.77186,,,EPA 1633,21.9,21.1,6.9,3.3,4.9,26.4,27.2,14.2,,,0,,,,,,,,,0,22.8,,,,,,,,,,,0,,,,,,,,,,,0,,0,,0,0,,,,,
Camacho_et_al_2024,PIN_0818_038,Surface Water,27.90949,-82.7998,,,EPA 1633,22.8,24.4,0,3.1,3.8,24.2,19.2,11.5,,,0,,,,,,,,,0,11.8,,,,,,,,,,,0,,,,,,,,,,,0,,0,,0,0,,,,,
Camacho_et_al_2024,PIN_0819_039,Surface Water,27.86761,-82.78224,,,EPA 1633,35.8,20.3,4.3,2.1,3.6,30.2,21.1,11.8,,,0,,,,,,,,,0,18.4,,,,,,,,,,,2.3,,,,,,,,,,,0,,0.4,,0,0,,,,,
Camacho_et_al_2024,PIN_0820_040,Surface Water,27.87307,-82.80918,,,EPA 1633,11.9,25,0,5,2.9,18.1,11.8,7.2,,,0,,,,,,,,,0,11.5,,,,,,,,,,,0,,,,,,,,,,,0,,0,,0,0,,,,,
Camacho_et_al_2024,PIN_0821_041,Surface Water,27.882495,-82.84308,,,EPA 1633,7.2,5.4,0,0,1.4,0,3.9,2.5,,,0,,,,,,,,,0,3.6,,,,,,,,,,,0,,,,,,,,,,,0,,0,,0,0,,,,,
Camacho_et_al_2024,PIN_0911_042,Surface Water,28.133083,-82.737417,,,EPA 1633,6,8.5,4.2,1.9,1.7,0,7.7,4.5,,,0,,,,,,,,,0,7.9,,,,,,,,,,,0,,,,,,,,,,,0,,0,,0,0,,,,,
Camacho_et_al_2024,PIN_0912_043,Surface Water,28.146315,-82.727988,,,EPA 1633,6.7,9.5,4.7,2.4,2.1,0,9.6,5.1,,,0,,,,,,,,,0,8.6,,,,,,,,,,,0,,,,,,,,,,,0,,0,,0,0,,,,,
Camacho_et_al_2024,PIN_0914_045,Surface Water,28.140657,-82.762225,,,EPA 1633,5.3,4.1,0,0,1.2,0,2.6,2.1,,,0,,,,,,,,,0,2.9,,,,,,,,,,,0,,,,,,,,,,,0,,0,,0,0,,,,,
Camacho_et_al_2024,PIN_0915_046,Surface Water,28.147848,-82.771863,,,EPA 1633,0,4,0,0,1.2,0,3.2,2.2,,,0,,,,,,,,,0,3.7,,,,,,,,,,,0,,,,,,,,,,,0,,0,,0,0,,,,,
Camacho_et_al_2024,PIN_0916_047,Surface Water,28.106547,-82.773756,,,EPA 1633,16.4,21.1,4.6,2.1,2.7,10.4,13.4,5.6,,,0,,,,,,,,,0,13.5,,,,,,,,,,,0,,,,,,,,,,,0,,0,,0,0,,,,,
Camacho_et_al_2024,PIN_0917_048,Surface Water,28.103213,-82.731508,,,EPA 1633,13.2,8.5,0,3.3,2.3,0,7.4,4.1,,,0,,,,,,,,,0,11.6,,,,,,,,,,,3.6,,,,,,,,,,,0,,0.8,,0,0,,,,,
Camacho_et_al_2024,PIN_0918_049,Surface Water,28.156027,-82.805807,,,EPA 1633,6.3,3.5,4.3,2.1,1.5,0,2.6,0,,,0,,,,,,,,,0,2.6,,,,,,,,,,,0,,,,,,,,,,,0,,0.8,,0,0,,,,,
Camacho_et_al_2024,PIN_0919_050,Surface Water,28.156275,-82.788873,,,EPA 1633,9.7,4.1,0,0,2.4,0,0,2.2,,,0,,,,,,,,,0,3.2,,,,,,,,,,,0,,,,,,,,,,,0,,0,,0,0,,,,,
Camacho_et_al_2024,PIN_0920_051,Surface Water,28.153741,-82.762588,,,EPA 1633,7.6,5.6,4.7,2.6,1.7,0,4.6,2.9,,,0,,,,,,,,,0,8.5,,,,,,,,,,,0,,,,,,,,,,,0,,0,,0,0,,,,,
Camacho_et_al_2024,PIN_0964_052,Surface Water,28.05138889,-82.7975,,,EPA 1633,5.7,3,0,1.9,1.3,0,2.5,0,,,0,,,,,,,,,0,2.7,,,,,,,,,,,0,,,,,,,,,,,0,,0,,0,0,,,,,
Camacho_et_al_2024,PIN_0965_053,Surface Water,28.03472222,-82.7825,,,EPA 1633,16.3,11,4.2,2.4,2.3,11.4,9,4.5,,,0,,,,,,,,,0,11,,,,,,,,,,,0,,,,,,,,,,,0,,0,,0,0,,,,,
Camacho_et_al_2024,PIN_0966_054,Surface Water,28.005,-82.72194444,,,EPA 1633,7.2,8.4,4.5,2.2,1.7,0,14.4,6.4,,,0,,,,,,,,,0,10,,,,,,,,,,,0,,,,,,,,,,,0,,0,,0,0,,,,,
Camacho_et_al_2024,PIN_0967_055,Surface Water,27.97333333,-82.72138889,,,EPA 1633,15.3,12.8,5.3,2.5,3,10.8,28.2,15.1,,,0,,,,,,,,,0,13.7,,,,,,,,,,,0,,,,,,,,,,,0,,0,,0,0,,,,,
Camacho_et_al_2024,PIN_0968_056,Surface Water,27.88805556,-82.7025,,,EPA 1633,9.3,11.6,7.6,0,2.8,40.7,50.1,20.5,,,0,,,,,,,,,18.9,13.9,,,,,,,,,,,0,,,,,,,,,,,0,,0,,0,0,,,,,
Camacho_et_al_2024,PIN_0969_057,Surface Water,27.93666667,-82.73,,,EPA 1633,15.6,7.4,4.6,2.5,2.4,13.9,9.1,5.4,,,0,,,,,,,,,0,7.6,,,,,,,,,,,0,,,,,,,,,,,0,,0,,0,0,,,,,
Camacho_et_al_2024,PIN_0970_058,Surface Water,27.9725,-82.76166667,,,EPA 1633,8.5,7.8,4.6,2.6,1.6,0,11.5,4.1,,,0,,,,,,,,,0,8.6,,,,,,,,,,,0,,,,,,,,,,,0,,0,,0,0,,,,,
Camacho_et_al_2024,PIN_0971_059,Surface Water,27.97861111,-82.7675,,,EPA 1633,17.2,16.7,5,2.2,1.7,13.9,16.2,9.5,,,0,,,,,,,,,0,21.6,,,,,,,,,,,0,,,,,,,,,,,0,,0,,0,0,,,,,
Camacho_et_al_2024,PIN_0972_060,Surface Water,27.98333333,-82.78888889,,,EPA 1633,29.6,13.7,5.5,3.5,2.5,0,13.5,5.9,,,0,,,,,,,,,0,15.2,,,,,,,,,,,0,,,,,,,,,,,0,,0.2,,0,0,,,,,
Camacho_et_al_2024,PIN_0973_061,Surface Water,27.96777778,-82.80416667,,,EPA 1633,0,2.7,0,0,0,0,2.6,0,,,0,,,,,,,,,0,3.2,,,,,,,,,,,0,,,,,,,,,,,0,,0,,0,0,,,,,
Camacho_et_al_2024,PIN_0974_062,Surface Water,27.97666667,-82.82555556,,,EPA 1633,0,2.6,0,0,0,0,2.4,0,,,0,,,,,,,,,0,2.7,,,,,,,,,,,0,,,,,,,,,,,0,,0,,0,0,,,,,
Camacho_et_al_2024,PIN_0975_063,Surface Water,27.965,-82.83194444,,,EPA 1633,0,2.4,0,0,0,0,2.2,0,,,0,,,,,,,,,0,2.4,,,,,,,,,,,0,,,,,,,,,,,0,,0,,0,0,,,,,
Camacho_et_al_2024,PIN_0976_064,Surface Water,27.90083333,-82.78305556,,,EPA 1633,12.4,12.3,5.7,2.1,1.9,18.9,11.4,6.9,,,0,,,,,,,,,0,18.3,,,,,,,,,,,0,,,,,,,,,,,0,,0,,0,0,,,,,
Camacho_et_al_2024,PIN_0977_065,Surface Water,27.9025,-82.77138889,,,EPA 1633,20.3,17.5,8.7,2.7,3.6,26.2,17.4,9.1,,,0,,,,,,,,,0,33,,,,,,,,,,,0,,,,,,,,,,,0,,0.2,,0,0,,,,,
Camacho_et_al_2024,PIN_0978_066,Surface Water,27.87138889,-82.76777778,,,EPA 1633,23,15.4,7,3,3.5,24.6,16.9,9.5,,,0,,,,,,,,,0,18.8,,,,,,,,,,,0,,,,,,,,,,,0,,0,,0,0,,,,,
Camacho_et_al_2024,PIN_0989_067,Surface Water,28.136034,-82.767689,,,EPA 1633,10.8,17.9,5.5,2.4,2.2,10.9,19.1,5.4,,,0,,,,,,,,,0,16.5,,,,,,,,,,,0,,,,,,,,,,,0,,0,,0,0,,,,,
Camacho_et_al_2024,PIN_0993_068,Surface Water,28.162431,-82.704472,,,EPA 1633,18.8,5.4,0,0,0,0,3.2,2.6,,,0,,,,,,,,,0,4.4,,,,,,,,,,,0,,,,,,,,,,,0,,0,,0,0,,,,,
Camacho_et_al_2024,PIN_0994_069,Surface Water,28.155957,-82.75958,,,EPA 1633,6.6,6.4,0,2.1,1.6,0,5.3,3.5,,,0,,,,,,,,,0,5.5,,,,,,,,,,,0,,,,,,,,,,,0,,0,,0,0,,,,,
Camacho_et_al_2024,PIN_1034_070,Surface Water,27.992958,-82.686199,,,EPA 1633,19.4,8.9,4.6,3.3,3.4,11.9,9.1,5.9,,,0,,,,,,,,,0,8.1,,,,,,,,,,,2.8,,,,,,,,,,,0,,0,,0,0,,,,,
Camacho_et_al_2024,PIN_1036_072,Surface Water,27.972739,-82.697222,,,EPA 1633,17.8,16.3,4.1,2.8,2.5,10.2,19.6,7.4,,,0,,,,,,,,,0,21.7,,,,,,,,,,,2.6,,,,,,,,,,,0,,1.1,,0,0,,,,,
Camacho_et_al_2024,PIN_1037_073,Surface Water,27.979282,-82.741243,,,EPA 1633,4.6,4.8,4.2,1.9,1.3,0,12.1,4.4,,,0,,,,,,,,,0,10.1,,,,,,,,,,,0,,,,,,,,,,,0,,0,,0,0,,,,,
Camacho_et_al_2024,PIN_1038_074,Surface Water,27.982817,-82.748266,,,EPA 1633,25.2,14,4.4,2.3,2.7,13.2,38.4,27.3,,,0,,,,,,,,,0,13.1,,,,,,,,,,,0,,,,,,,,,,,0,,0,,0,0,,,,,
Camacho_et_al_2024,PIN_1105_075,Surface Water,27.83944444,-82.66666667,,,EPA 1633,13.8,11.8,4.3,2.5,2.3,12.5,11.9,6.4,,,0,,,,,,,,,0,13.4,,,,,,,,,,,0,,,,,,,,,,,0,,0,,0,0,,,,,
Camacho_et_al_2024,PIN_1106_076,Surface Water,27.86194444,-82.73694444,,,EPA 1633,16.6,14.3,4.3,2.5,2.5,12.6,14.2,7.3,,,0,,,,,,,,,0,11.2,,,,,,,,,,,0,,,,,,,,,,,0,,0,,0,0,,,,,
Camacho_et_al_2024,PIN_1107_077,Surface Water,27.82111111,-82.74222222,,,EPA 1633,20.5,17.7,4,2.4,2.9,16.1,15.8,9,,,0,,,,,,,,,0,16.6,,,,,,,,,,,0,,,,,,,,,,,0,,0,,0,0,,,,,
Camacho_et_al_2024,PIN_1108_078,Surface Water,27.84111111,-82.77638889,,,EPA 1633,9.8,17.2,0,0,2.6,19.5,15.7,9.4,,,0,,,,,,,,,0,3.2,,,,,,,,,,,0,,,,,,,,,,,0,,0,,0,0,,,,,
Camacho_et_al_2024,PIN_1504_079,Surface Water,27.7623,-82.6354,,,EPA 1633,14.4,9.8,6.4,2.5,6.4,23.2,16.9,10.8,,,0,,,,,,,,,0,11.3,,,,,,,,,,,0,,,,,,,,,,,0,,0,,0,0,,,,,
Camacho_et_al_2024,PIN_1505_080,Surface Water,27.7558,-82.6309,,,EPA 1633,7.6,4.8,4.2,1.9,1.9,10,6.2,4,,,0,,,,,,,,,0,4.2,,,,,,,,,,,0,,,,,,,,,,,0,,0,,0,0,,,,,
Camacho_et_al_2024,PIN_1506_081,Surface Water,27.7672,-82.6287,,,EPA 1633,6.9,4.8,0,2,1.5,9.5,4.2,3,,,0,,,,,,,,,0,3.9,,,,,,,,,,,0,,,,,,,,,,,0,,0,,0,0,,,,,
Camacho_et_al_2024,PIN_1507_082,Surface Water,27.76315,-82.64590278,,,EPA 1633,12.1,11.9,4.1,1.9,12.1,17.9,14.8,8.6,,,0,,,,,,,,,0,12.9,,,,,,,,,,,0,,,,,,,,,,,0,,0,,0,0,,,,,
Camacho_et_al_2024,PIN_1509_084,Surface Water,27.70075,-82.65247222,,,EPA 1633,10.6,5,0,2.3,2.1,0,4.5,3,,,0,,,,,,,,,0,5.5,,,,,,,,,,,0,,,,,,,,,,,0,,0,,0,0,,,,,
Camacho_et_al_2024,PIN_1510_085,Surface Water,27.7186,-82.6353,,,EPA 1633,13.8,6.3,3.7,2.2,2.1,10.5,6,3.6,,,0,,,,,,,,,0,6.4,,,,,,,,,,,0,,,,,,,,,,,0,,0,,0,0,,,,,
Camacho_et_al_2024,PIN_1511_086,Surface Water,27.8956,-82.6794,,,EPA 1633,24.5,20.2,5.5,2.5,6.8,23.5,20.3,12.5,,,0,,,,,,,,,0,11.7,,,,,,,,,,,2.9,,,,,,,,,,,0,,0,,0,0,,,,,
Camacho_et_al_2024,PIN_1513_088,Surface Water,27.8701,-82.6134,,,EPA 1633,10.6,4.9,4.3,2,2,9.5,5.3,3.6,,,0,,,,,,,,,0,5.4,,,,,,,,,,,0,,,,,,,,,,,0,,0,,0,0,,,,,
Camacho_et_al_2024,PIN_1514_089,Surface Water,27.841,-82.6707,,,EPA 1633,15.2,12.3,4.2,2.3,2,11.5,10.7,6.8,,,0,,,,,,,,,0,13.8,,,,,,,,,,,0,,,,,,,,,,,0,,0,,0,0,,,,,
Camacho_et_al_2024,PIN_1515_090,Surface Water,27.756,-82.7657,,,EPA 1633,0,2.5,0,0,1.2,0,2.3,0,,,0,,,,,,,,,0,2.6,,,,,,,,,,,0,,,,,,,,,,,0,,0,,0,0,,,,,
Camacho_et_al_2024,PIN_1516_091,Surface Water,27.7578,-82.7634,,,EPA 1633,11.3,5.1,3.8,2.7,3,0,3.3,2.1,,,0,,,,,,,,,0,3.8,,,,,,,,,,,0,,,,,,,,,,,0,,0,,0,0,,,,,
Camacho_et_al_2024,PIN_1672_098,Surface Water,28.122843,-82.779908,,,EPA 1633,0,3.1,0,0,0,0,2.4,0,,,0,,,,,,,,,0,3.1,,,,,,,,,,,0,,,,,,,,,,,0,,0,,0,0,,,,,
Camacho_et_al_2024,PIN_1673_099,Surface Water,28.130179,-82.769186,,,EPA 1633,0,3,4.3,2,1.1,0,3.3,0,,,0,,,,,,,,,0,3,,,,,,,,,,,0,,,,,,,,,,,0,,0,,0,0,,,,,
Camacho_et_al_2024,PIN_1674_100,Surface Water,28.145246,-82.790433,,,EPA 1633,0,2.9,0,2.1,1.4,0,2,0,,,0,,,,,,,,,0,2.5,,,,,,,,,,,0,,,,,,,,,,,0,,0,,0,0,,,,,
Camacho_et_al_2024,PIN_1675_101,Surface Water,28.121963,-82.746654,,,EPA 1633,0,4.1,4.1,1.9,2.7,0,3.8,0,,,0,,,,,,,,,0,0,,,,,,,,,,,0,,,,,,,,,,,0,,0,,0,0,,,,,
Camacho_et_al_2024,PIN_1676_102,Surface Water,28.13064,-82.751713,,,EPA 1633,9.7,6.1,0,2.3,1.5,10.8,6.2,3.1,,,0,,,,,,,,,0,10.4,,,,,,,,,,,0,,,,,,,,,,,0,,0,,0,0,,,,,
Camacho_et_al_2024,PIN_2029_103,Surface Water,28.14948333,-82.79283333,,,EPA 1633,0,2.2,0,0,0,0,0,0,,,0,,,,,,,,,0,0,,,,,,,,,,,0,,,,,,,,,,,0,,0,,0,0,,,,,
Camacho_et_al_2024,PIN_2030_104,Surface Water,28.11601944,-82.78219167,,,EPA 1633,0,2.8,0,1.9,1.2,0,2.2,0,,,0,,,,,,,,,0,2.4,,,,,,,,,,,0,,,,,,,,,,,0,,0,,0,0,,,,,
Camacho_et_al_2024,PIN_2031_105,Surface Water,28.08963611,-82.78275,,,EPA 1633,0,2.9,0,0,0,0,2.3,0,,,0,,,,,,,,,0,3.4,,,,,,,,,,,0,,,,,,,,,,,0,,0,,0,0,,,,,
Camacho_et_al_2024,PIN_2038_106,Surface Water,27.874282,-82.599728,,,EPA 1633,35.6,7.2,0,3.5,4.7,11.9,5.1,3.5,,,0,,,,,,,,,0,5.9,,,,,,,,,,,0,,,,,,,,,,,0,,0,,0,0,,,,,
Camacho_et_al_2024,PIN_2041_107,Surface Water,27.651923,-82.67911,,,EPA 1633,32.4,4.6,0,4.4,5.5,0,2.9,2.5,,,0,,,,,,,,,0,2.5,,,,,,,,,,,0,,,,,,,,,,,0,,0,,0,0,,,,,
Camacho_et_al_2024,PIN_2044_108,Surface Water,27.893941,-82.637783,,,EPA 1633,13.8,5.7,0,2.3,2.7,10,5.5,3.5,,,0,,,,,,,,,0,5.4,,,,,,,,,,,0,,,,,,,,,,,0,,0,,0,0,,,,,
Camacho_et_al_2024,PIN_2045_109,Surface Water,27.848533,-82.633528,,,EPA 1633,10.4,7.3,4.1,2.6,2.6,9.2,6.6,4.1,,,0,,,,,,,,,0,5.7,,,,,,,,,,,0,,,,,,,,,,,0,,0,,0,0,,,,,
Camacho_et_al_2024,PIN_2081_114,Surface Water,27.66669444,-82.60330556,,,EPA 1633,4.5,3.2,3.8,0,1,0,3.5,2.3,,,0,,,,,,,,,0,3.9,,,,,,,,,,,0,,,,,,,,,,,0,,0,,0,0,,,,,
Camacho_et_al_2024,PIN_2124_115,Surface Water,28.122843,-82.779908,,,EPA 1633,4.2,2.9,0,0,0,0,2.7,2,,,0,,,,,,,,,0,3.2,,,,,,,,,,,0,,,,,,,,,,,0,,0,,0,0,,,,,
Camacho_et_al_2024,PIN_2125_116,Surface Water,28.130179,-82.769186,,,EPA 1633,4.1,2.6,0,0,0,0,2.4,0,,,0,,,,,,,,,0,2.7,,,,,,,,,,,0,,,,,,,,,,,0,,0,,0,0,,,,,
Camacho_et_al_2024,PIN_2126_117,Surface Water,28.145246,-82.790433,,,EPA 1633,0,2.8,3.7,0,1.1,0,3,2.1,,,0,,,,,,,,,0,3.5,,,,,,,,,,,0,,,,,,,,,,,0,,0,,0,0,,,,,
Camacho_et_al_2024,PIN_2127_118,Surface Water,28.121963,-82.746654,,,EPA 1633,4.4,2.6,3.6,0,1,0,2.7,1.8,,,0,,,,,,,,,0,3,,,,,,,,,,,0,,,,,,,,,,,0,,0,,0,0,,,,,
Camacho_et_al_2024,PIN_2138_120,Surface Water,27.844036,-82.611031,,,EPA 1633,8.1,4.5,0,1.8,1.4,9.1,5.4,2.9,,,0,,,,,,,,,0,5.5,,,,,,,,,,,0,,,,,,,,,,,0,,0,,0,0,,,,,
Camacho_et_al_2024,PIN_2139_121,Surface Water,27.849392,-82.603034,,,EPA 1633,6.9,4.4,0,0,1.4,9.6,5.3,3.2,,,0,,,,,,,,,0,5.1,,,,,,,,,,,0,,,,,,,,,,,0,,0,,0,0,,,,,
Camacho_et_al_2024,PIN_2140_122,Surface Water,27.85198211,-82.598261,,,EPA 1633,13.1,4.4,0,3,2,10.3,6.1,3.2,,,0,,,,,,,,,0,6.6,,,,,,,,,,,0,,,,,,,,,,,0,,0,,0,0,,,,,
Camacho_et_al_2024,PIN_2141_123,Surface Water,27.853466,-82.636084,,,EPA 1633,31.8,8,0,3.7,4.7,10.4,6.7,3.9,,,0,,,,,,,,,0,6.6,,,,,,,,,,,2.9,,,,,,,,,,,0,,0,,0,0,,,,,
Camacho_et_al_2024,PIN_2142_124,Surface Water,27.821097,-82.605957,,,EPA 1633,5.7,4.1,4.3,0,1.3,0,4.5,2.6,,,0,,,,,,,,,0,4.9,,,,,,,,,,,0,,,,,,,,,,,0,,0,,0,0,,,,,
Camacho_et_al_2024,PIN_2493_134,Surface Water,27.9609344,-82.6985067,,,EPA 1633,18.7,5.2,0,0,0,5.6,10.3,4.5,,,0,,,,,,,,,0,4.4,,,,,,,,,,,0,,,,,,,,,,,0,,0,,0,0,,,,,
Camacho_et_al_2024,PIN_2494_135,Surface Water,28.0888489,-82.7045527,,,EPA 1633,3.8,5.5,0,0,0,0,0,0,,,0,,,,,,,,,0,4.5,,,,,,,,,,,0,,,,,,,,,,,0,,0,,0,0,,,,,
Camacho_et_al_2024,PIN_2495_136,Surface Water,28.01207,-82.66486,,,EPA 1633,5.5,18.8,0,0,0,7,15.9,0,,,0,,,,,,,,,0,9.4,,,,,,,,,,,0,,,,,,,,,,,0,,0,,0,0,,,,,
Camacho_et_al_2024,PIN_2496_137,Surface Water,28.038099,-82.6924889,,,EPA 1633,5.2,5.4,0,0,0,0,0,3.1,,,0,,,,,,,,,0,4.3,,,,,,,,,,,0,,,,,,,,,,,0,,0,,0,0,,,,,
Camacho_et_al_2024,PIN_2497_138,Surface Water,27.9910128,-82.7957254,,,EPA 1633,14.3,6.1,0,1,0,0,0,5.1,,,0,,,,,,,,,0,7.7,,,,,,,,,,,0,,,,,,,,,,,0,,0,,0,0,,,,,
Camacho_et_al_2024,PIN_2498_139,Surface Water,27.9175852,-82.8259717,,,EPA 1633,0,2.1,0,0,0,0,0,0,,,0,,,,,,,,,0,1.4,,,,,,,,,,,0,,,,,,,,,,,0,,0,,0,0,,,,,
Camacho_et_al_2024,PIN_2499_140,Surface Water,27.8873944,-82.8510721,,,EPA 1633,0,1.7,0,0,0,0,0,0,,,0,,,,,,,,,0,0,,,,,,,,,,,0,,,,,,,,,,,0,,0,,0,0,,,,,
Camacho_et_al_2024,PIN_2500_141,Surface Water,27.8455022,-82.8396231,,,EPA 1633,5.6,3.3,0,0,1.2,0,3.6,0,,,0,,,,,,,,,0,2.7,,,,,,,,,,,0,,,,,,,,,,,0,,0,,0,0,,,,,
Camacho_et_al_2024,PIN_2603_142,Surface Water,27.735247,-82.647816,,,EPA 1633,85.2,20.7,6,0,25,126.3,61.3,33.7,,,0,,,,,,,,,13.1,21.6,,,,,,,,,,,6.3,,,,,,,,,,,0,,0,,0,0,,,,,
Camacho_et_al_2024,PIN_2604_143,Surface Water,27.742192,-82.635237,,,EPA 1633,16.6,4,0,2.6,1.8,4.7,0,4.4,,,0,,,,,,,,,0,3.2,,,,,,,,,,,1.6,,,,,,,,,,,0,,0,,0,0,,,,,
Camacho_et_al_2024,PIN_2605_144,Surface Water,27.783791,-82.662455,,,EPA 1633,8.9,7.7,0,0,3.9,7.7,0,0,,,0,,,,,,,,,0,6.6,,,,,,,,,,,0,,,,,,,,,,,0,,0,,0,0,,,,,
Camacho_et_al_2024,POL_0156_001,Surface Water,28.054274,-81.937083,,,EPA 1633,0,7.7,0,0,2.9,11.9,9,6,,,0,,,,,,,,,0,8.9,,,,,,,,,,,0,,,,,,,,,,,0,,0,,0,0,,,,,
Camacho_et_al_2024,POL_0157_002,Surface Water,28.077946,-81.945698,,,EPA 1633,0,9,0,0,4.4,13.2,10.9,7.3,,,0,,,,,,,,,0,9.3,,,,,,,,,,,0,,,,,,,,,,,0,,0,,0,0,,,,,
Camacho_et_al_2024,POL_0158_003,Surface Water,28.060044,-81.914666,,,EPA 1633,0,9,0,0,3.3,12.1,10.9,7.6,,,0,,,,,,,,,0,9.5,,,,,,,,,,,0,,,,,,,,,,,0,,0,,0,0,,,,,
Camacho_et_al_2024,POL_0159_004,Surface Water,28.062675,-81.884303,,,EPA 1633,0,0,0,0,0,0,0,0,,,0,,,,,,,,,0,0,,,,,,,,,,,0,,,,,,,,,,,0,,0,,0,0,,,,,
Camacho_et_al_2024,POL_0160_005,Surface Water,28.10455,-81.950769,,,EPA 1633,0,8.8,0,0,2,0,8.8,5.2,,,0,,,,,,,,,0,11.7,,,,,,,,,,,0,,,,,,,,,,,0,,0,,0,0,,,,,
Camacho_et_al_2024,POL_0161_006,Surface Water,28.059946,-81.746561,,,EPA 1633,15.5,8.6,0,0,1.8,25.7,8.2,5.1,,,0,,,,,,,,,0,10.9,,,,,,,,,,,0,,,,,,,,,,,0,,0,,0,0,,,,,
Camacho_et_al_2024,POL_0162_007,Surface Water,28.066745,-81.744755,,,EPA 1633,0,3.7,0,0,0,14.4,3.8,0,,,0,,,,,,,,,0,6.3,,,,,,,,,,,0,,,,,,,,,,,0,,0,,0,0,,,,,
Camacho_et_al_2024,POL_0163_008,Surface Water,28.083708,-81.787784,,,EPA 1633,0,7.1,0,0,0,10.2,5.3,3.8,,,0,,,,,,,,,0,7.7,,,,,,,,,,,0,,,,,,,,,,,0,,0,,0,0,,,,,
Camacho_et_al_2024,POL_0164_009,Surface Water,28.001982,-81.851077,,,EPA 1633,0,7.9,0,0,2.5,11.3,10.8,5.9,,,0,,,,,,,,,0,11.3,,,,,,,,,,,0,,,,,,,,,,,0,,0,,0,0,,,,,
Camacho_et_al_2024,POL_0165_010,Surface Water,28.070275,-81.805865,,,EPA 1633,0,7.4,0,0,1.7,0,5.9,4.1,,,0,,,,,,,,,0,7.3,,,,,,,,,,,0,,,,,,,,,,,0,,0,,0,0,,,,,
Camacho_et_al_2024,POL_0166_011,Surface Water,28.066514,-81.758054,,,EPA 1633,10.3,11.2,0,0,2.3,11.8,7.3,6.4,,,0,,,,,,,,,0,12.6,,,,,,,,,,,0,,,,,,,,,,,0,,0,,0,0,,,,,
Camacho_et_al_2024,POL_0167_012,Surface Water,28.058788,-81.767356,,,EPA 1633,11.6,11.6,0,0,3,13.7,9.9,6.9,,,0,,,,,,,,,0,12.6,,,,,,,,,,,0,,,,,,,,,,,0,,0,,0,0,,,,,
Camacho_et_al_2024,POL_0168_013,Surface Water,27.966745,-81.950899,,,EPA 1633,0,8.2,0,0,0,0,8.7,4.9,,,0,,,,,,,,,0,9.7,,,,,,,,,,,0,,,,,,,,,,,0,,0,,0,0,,,,,
Camacho_et_al_2024,POL_0169_014,Surface Water,27.981996,-82.004132,,,EPA 1633,18.3,7,0,0,2.2,14.1,8.1,4.7,,,0,,,,,,,,,0,7.2,,,,,,,,,,,0,,,,,,,,,,,0,,0,,0,0,,,,,
Camacho_et_al_2024,POL_0171_015,Surface Water,28.047019,-81.980684,,,EPA 1633,0,5.2,0,0,2,15.1,12.6,5.1,,,0,,,,,,,,,0,6.2,,,,,,,,,,,0,,,,,,,,,,,0,,0,,0,0,,,,,
Camacho_et_al_2024,POL_0172_016,Surface Water,28.029772,-81.966443,,,EPA 1633,0,3.6,0,0,0,0,4.1,0,,,0,,,,,,,,,0,6.8,,,,,,,,,,,0,,,,,,,,,,,0,,0,,0,0,,,,,
Camacho_et_al_2024,POL_0173_017,Surface Water,28.017575,-81.94574,,,EPA 1633,0,4.6,0,0,0,0,4.8,0,,,0,,,,,,,,,0,6.1,,,,,,,,,,,0,,,,,,,,,,,0,,0,,0,0,,,,,
Camacho_et_al_2024,POL_0174_018,Surface Water,28.032573,-81.924315,,,EPA 1633,0,6.2,0,0,0,0,5.1,3.6,,,0,,,,,,,,,0,8.6,,,,,,,,,,,0,,,,,,,,,,,0,,0,,0,0,,,,,
Camacho_et_al_2024,POL_0301_019,Surface Water,28.341,-81.6592,,,EPA 1633,0,5.6,0,0,0,0,3.7,0,,,0,,,,,,,,,0,6.5,,,,,,,,,,,0,,,,,,,,,,,0,,0,,0,0,,,,,
Camacho_et_al_2024,POL_1693_020,Surface Water,28.104615,-81.912789,,,EPA 1633,0,1.6,0,0,0,0,2,0,,,0,,,,,,,,,0,0,,,,,,,,,,,0,,,,,,,,,,,0,,0,,0,0,,,,,
Camacho_et_al_2024,POL_1694_021,Surface Water,28.073741,-81.808311,,,EPA 1633,0,6.3,0,0,1.8,0,5.3,3.7,,,0,,,,,,,,,0,7.3,,,,,,,,,,,0,,,,,,,,,,,0,,0,,0,0,,,,,
Camacho_et_al_2024,POL_1695_022,Surface Water,28.048328,-81.749646,,,EPA 1633,10.3,16.9,0,0,3.1,15.1,10.2,7.1,,,0,,,,,,,,,0,11.7,,,,,,,,,,,0,,,,,,,,,,,0,,0,,0,0,,,,,
Camacho_et_al_2024,POL_1696_023,Surface Water,28.055053,-81.884862,,,EPA 1633,0,7.3,0,0,3.3,0,9.5,6.6,,,0,,,,,,,,,0,8.8,,,,,,,,,,,0,,,,,,,,,,,0,,0,,0,0,,,,,
Camacho_et_al_2024,POL_1984_024,Surface Water,27.81761389,-81.20935833,,,EPA 1633,0,5.7,0,0,2,11.6,7.4,0,,,0,,,,,,,,,0,8.6,,,,,,,,,,,0,,,,,,,,,,,0,,0,,0,0,,,,,
Camacho_et_al_2024,POL_1986_025,Surface Water,27.90565556,-81.57394167,,,EPA 1633,0,5.4,0,0,2.2,13.3,4.5,0,,,0,,,,,,,,,0,8.4,,,,,,,,,,,0,,,,,,,,,,,0,,0,,0,0,,,,,
Camacho_et_al_2024,POL_2333_028,Surface Water,27.90074,-81.7237,,,EPA 1633,0,4.4,0,0,0,0,0,0,,,0,,,,,,,,,0,7.4,,,,,,,,,,,0,,,,,,,,,,,0,,0,,0,0,,,,,
Camacho_et_al_2024,POL_2334_029,Surface Water,27.94124,-81.41849,,,EPA 1633,0,2.2,0,0,0,0,0,0,,,0,,,,,,,,,0,2.6,,,,,,,,,,,0,,,,,,,,,,,0,,0,,0,0,,,,,
Camacho_et_al_2024,POL_2526_031,Surface Water,28.093421,-81.735838,,,EPA 1633,0,3.9,0,0,0,0,0,0,,,0,,,,,,,,,0,2.8,,,,,,,,,,,0,,,,,,,,,,,0,,0,,0,0,,,,,
Camacho_et_al_2024,POL_2527_032,Surface Water,28.100598,-81.627616,,,EPA 1633,1.7,4.3,0,0,1.8,0,0,3.1,,,0,,,,,,,,,0,3,,,,,,,,,,,0,,,,,,,,,,,0,,0,,0,0,,,,,
Camacho_et_al_2024,POL_2528_033,Surface Water,28.067794,-81.684423,,,EPA 1633,2.8,7.4,0,0,0,4.9,7.4,6.1,,,0,,,,,,,,,0,5.5,,,,,,,,,,,0,,,,,,,,,,,0,,0,,0,0,,,,,
Camacho_et_al_2024,POL_2529_034,Surface Water,28.056362,-81.533152,,,EPA 1633,1.8,3.3,0,0,0,0,0,0,,,0,,,,,,,,,0,4.9,,,,,,,,,,,0,,,,,,,,,,,0,,0,,0,0,,,,,
Camacho_et_al_2024,POL_2530_035,Surface Water,28.12806,-81.79552,,,EPA 1633,0,3.9,0,0,0,0,3.9,0,,,0,,,,,,,,,0,4,,,,,,,,,,,0,,,,,,,,,,,0,,0,,0,0,,,,,
Camacho_et_al_2024,POL_2531_036,Surface Water,28.013974,-81.747931,,,EPA 1633,9.5,9.8,0,0,0,15,0,0,,,0,,,,,,,,,0,12.6,,,,,,,,,,,0,,,,,,,,,,,0,,0,,0,0,,,,,
Camacho_et_al_2024,POL_2532_037,Surface Water,28.000392,-81.747587,,,EPA 1633,11.9,10,0,0.9,0,9.6,11.4,6.8,,,0,,,,,,,,,0,11.2,,,,,,,,,,,0,,,,,,,,,,,0,,0,,0,0,,,,,
Camacho_et_al_2024,POL_2533_038,Surface Water,27.976875,-81.541823,,,EPA 1633,0,1.6,0,0,0,0,0,0,,,0,,,,,,,,,0,0,,,,,,,,,,,0,,,,,,,,,,,0,,0,,0,0,,,,,
Camacho_et_al_2024,POL_2534_039,Surface Water,27.981896,-81.760341,,,EPA 1633,4.6,5.3,0,0,0,4.3,4.1,4,,,0,,,,,,,,,0,4.9,,,,,,,,,,,0,,,,,,,,,,,0,,0,,0,0,,,,,
Camacho_et_al_2024,POL_2535_040,Surface Water,27.99742,-81.697382,,,EPA 1633,6.3,10.7,0,0.5,1.1,9.2,8.8,6.2,,,0,,,,,,,,,0,7.6,,,,,,,,,,,0,,,,,,,,,,,0,,0,,0,0,,,,,
Camacho_et_al_2024,POL_2536_041,Surface Water,28.000666,-81.70503,,,EPA 1633,8.5,11.5,0,1,0,9.6,10.4,6.3,,,0,,,,,,,,,0,10.7,,,,,,,,,,,0,,,,,,,,,,,0,,0,,0,0,,,,,
Camacho_et_al_2024,POL_2537_042,Surface Water,27.997837,-81.670943,,,EPA 1633,4.3,9.8,0,0,0,4.5,7.2,5,,,0,,,,,,,,,0,7.4,,,,,,,,,,,0,,,,,,,,,,,0,,0,,0,0,,,,,
Camacho_et_al_2024,POL_2538_043,Surface Water,27.938326,-81.851118,,,EPA 1633,4,8.3,0,0.6,0,0,9.9,0,,,0,,,,,,,,,0,6.6,,,,,,,,,,,0,,,,,,,,,,,0,,0,,0,0,,,,,
Camacho_et_al_2024,POL_2539_044,Surface Water,27.901416,-81.817208,,,EPA 1633,4.4,9.4,0,0.5,0,8.5,0,0,,,0,,,,,,,,,0,13.4,,,,,,,,,,,0,,,,,,,,,,,0,,0,,0,0,,,,,
Camacho_et_al_2024,POL_2540_045,Surface Water,27.869701,-81.838813,,,EPA 1633,1.7,2.4,0,0,0,0,0,0,,,0,,,,,,,,,0,2.1,,,,,,,,,,,0,,,,,,,,,,,0,,0,,0,0,,,,,
Camacho_et_al_2024,POL_2541_046,Surface Water,27.82602,-81.8134,,,EPA 1633,4.8,9,0,0,0,5.8,0,5.4,,,0,,,,,,,,,0,11.2,,,,,,,,,,,0,,,,,,,,,,,0,,0,,0,0,,,,,
Camacho_et_al_2024,POL_2542_047,Surface Water,27.812679,-81.793475,,,EPA 1633,4.2,8.1,0,0,0,0,0,0,,,0,,,,,,,,,0,8,,,,,,,,,,,0,,,,,,,,,,,0,,0,,0,0,,,,,
Camacho_et_al_2024,POL_2543_048,Surface Water,27.759827,-81.801965,,,EPA 1633,0,2.2,0,0,0,0,0,0,,,0,,,,,,,,,0,2.8,,,,,,,,,,,0,,,,,,,,,,,0,,0,,0,0,,,,,
Camacho_et_al_2024,POL_2544_049,Surface Water,27.747116,-81.780083,,,EPA 1633,3.6,9,0,0,0,6,9.1,0,,,0,,,,,,,,,0,8.5,,,,,,,,,,,0,,,,,,,,,,,0,,0,,0,0,,,,,
Camacho_et_al_2024,POL_2545_050,Surface Water,27.786384,-81.678664,,,EPA 1633,2.1,3.5,0,0,0,0,0,0,,,0,,,,,,,,,0,3.6,,,,,,,,,,,0,,,,,,,,,,,0,,0,,0,0,,,,,
Camacho_et_al_2024,POL_2546_051,Surface Water,27.809773,-81.562138,,,EPA 1633,0,3.3,0,0,0,0,0,0,,,0,,,,,,,,,0,3.4,,,,,,,,,,,0,,,,,,,,,,,0,,0,,0,0,,,,,
Camacho_et_al_2024,POL_2547_052,Surface Water,27.762973,-81.573062,,,EPA 1633,1.8,3.3,0,0,0,0,0,0,,,0,,,,,,,,,0,4,,,,,,,,,,,0,,,,,,,,,,,0,,0,,0,0,,,,,
Camacho_et_al_2024,POL_2548_053,Surface Water,27.744559,-81.535553,,,EPA 1633,2.5,3.9,0,0,0,0,0,1.8,,,0,,,,,,,,,0,2.7,,,,,,,,,,,0,,,,,,,,,,,0,,0,,0,0,,,,,
Camacho_et_al_2024,POL_2549_054,Surface Water,27.755664,-81.510352,,,EPA 1633,2.2,4.5,0,0,0,0,0,2.2,,,0,,,,,,,,,0,3.2,,,,,,,,,,,0,,,,,,,,,,,0,,0,,0,0,,,,,
Camacho_et_al_2024,POL_2550_055,Surface Water,27.813514,-81.385059,,,EPA 1633,0,1.9,0,0,0,0,0,0,,,0,,,,,,,,,0,1.9,,,,,,,,,,,0,,,,,,,,,,,0,,0,,0,0,,,,,
Camacho_et_al_2024,POL_2551_056,Surface Water,27.720044,-81.417541,,,EPA 1633,0,2.4,0,0,0,0,0,0,,,0,,,,,,,,,0,4.4,,,,,,,,,,,0,,,,,,,,,,,0,,0,,0,0,,,,,
Camacho_et_al_2024,POL_2552_057,Surface Water,28.091916,-81.716303,,,EPA 1633,8.1,6.7,0,1.1,2.5,6,9.6,5.5,,,0,,,,,,,,,0,6.2,,,,,,,,,,,0,,,,,,,,,,,0,,0,,0,0,,,,,
Camacho_et_al_2024,POL_2606_058,Surface Water,27.6868138,-81.4367912,,,EPA 1633,0,0,0,0,0,0,0,0,,,0,,,,,,,,,0,0,,,,,,,,,,,0,,,,,,,,,,,0,,0,,0,0,,,,,
Camacho_et_al_2024,POL_2607_059,Surface Water,27.7086845,-81.4463922,,,EPA 1633,0,3.4,0,0,0,0,0,0,,,0,,,,,,,,,0,3.7,,,,,,,,,,,0,,,,,,,,,,,0,,0,,0,0,,,,,
Camacho_et_al_2024,POL_2608_060,Surface Water,27.98857,-81.69315,,,EPA 1633,7.6,14.6,0,0,0,8.5,11.5,10.1,,,0,,,,,,,,,0,9.2,,,,,,,,,,,0,,,,,,,,,,,0,,0,,0,0,,,,,
Camacho_et_al_2024,PUT_0569_001,Surface Water,29.693549,-81.724136,,,EPA 1633,0,0,0,0,0,0,0,0,,,0,,,,,,,,,0,0,,,,,,,,,,,0,,,,,,,,,,,0,,0,,0,0,,,,,
Camacho_et_al_2024,PUT_0570_002,Surface Water,29.645586,-81.628628,,,EPA 1633,0,3.2,0,0,0,0,3.2,0,,,0,,,,,,,,,0,5.8,,,,,,,,,,,0,,,,,,,,,,,0,,0,,0,0,,,,,
Camacho_et_al_2024,PUT_0713_003,Surface Water,29.57001333,-82.05068889,,,EPA 1633,0,2,0,0,0,0,1.9,0,,,0,,,,,,,,,0,0,,,,,,,,,,,0,,,,,,,,,,,0,,0,,0,0,,,,,
Camacho_et_al_2024,PUT_0952_004,Surface Water,29.525679,-81.877835,,,EPA 1633,0,2.1,0,0,0,0,0,0,,,0,,,,,,,,,0,0,,,,,,,,,,,0,,,,,,,,,,,0,,0,,0,0,,,,,
Camacho_et_al_2024,PUT_0953_005,Surface Water,29.508214,-81.804176,,,EPA 1633,15.2,2.9,0,1.2,2.9,0,2.7,0,,,0,,,,,,,,,0,0,,,,,,,,,,,0,,,,,,,,,,,0,,0,,0,0,,,,,
Camacho_et_al_2024,PUT_1002_006,Surface Water,29.608443,-82.010555,,,EPA 1633,0,2.6,0,0,0,0,1.8,0,,,0,,,,,,,,,0,0,,,,,,,,,,,0,,,,,,,,,,,0,,0,,0,0,,,,,
Camacho_et_al_2024,PUT_1003_007,Surface Water,29.665976,-82.040076,,,EPA 1633,0,0,0,0,0,0,0,0,,,0,,,,,,,,,0,0,,,,,,,,,,,0,,,,,,,,,,,0,,0,,0,0,,,,,
Camacho_et_al_2024,PUT_1174_008,Surface Water,29.475684,-81.738994,,,EPA 1633,0,1.6,0,0,0,0,0,0,,,0,,,,,,,,,0,0,,,,,,,,,,,0,,,,,,,,,,,0,,0,,0,0,,,,,
Camacho_et_al_2024,PUT_1176_010,Surface Water,29.542626,-81.836418,,,EPA 1633,0,1.9,0,0,0,0,0,0,,,0,,,,,,,,,0,0,,,,,,,,,,,0,,,,,,,,,,,0,,0,,0,0,,,,,
Camacho_et_al_2024,PUT_1178_011,Surface Water,29.599497,-82.046218,,,EPA 1633,0,4.6,0,0,0,0,2.7,3.8,,,0,,,,,,,,,0,0,,,,,,,,,,,0,,,,,,,,,,,0,,0,,0,0,,,,,
Camacho_et_al_2024,PUT_1683_012,Surface Water,29.80230556,-81.84561111,,,EPA 1633,0,0,0,0,0,0,1.2,0,,,0,,,,,,,,,0,0,,,,,,,,,,,0,,,,,,,,,,,0,,0,,0,0,,,,,
Camacho_et_al_2024,PUT_2506_016,Surface Water,29.69099,-81.63007,,,EPA 1633,2.1,2.9,0,0,0,0,0,0,,,0,,,,,,,,,0,3.3,,,,,,,,,,,0,,,,,,,,,,,0,,0,,0,0,,,,,
Camacho_et_al_2024,PUT_2507_017,Surface Water,29.50823,-81.67826,,,EPA 1633,2.2,3.6,0,0,0,0,0,0,,,0,,,,,,,,,0,3.6,,,,,,,,,,,0,,,,,,,,,,,0,,0,,0,0,,,,,
Camacho_et_al_2024,PUT_2508_018,Surface Water,29.47943,-81.67521,,,EPA 1633,1.6,2.9,0,0,0,0,0,0,,,0,,,,,,,,,0,3.2,,,,,,,,,,,0,,,,,,,,,,,0,,0,,0,0,,,,,
Camacho_et_al_2024,PUT_2509_019,Surface Water,29.43215,-81.66504,,,EPA 1633,0,3,0,0,0,0,0,0,,,0,,,,,,,,,0,2.7,,,,,,,,,,,0,,,,,,,,,,,0,,0,,0,0,,,,,
Camacho_et_al_2024,PUT_2510_020,Surface Water,29.5012,-81.59114,,,EPA 1633,1.6,2.6,0,0,0,0,0,0,,,0,,,,,,,,,0,2.3,,,,,,,,,,,0,,,,,,,,,,,0,,0,,0,0,,,,,
Camacho_et_al_2024,PUT_2511_021,Surface Water,29.42853,-81.50638,,,EPA 1633,0,2.6,0,0,0,0,0,0,,,0,,,,,,,,,0,2.1,,,,,,,,,,,0,,,,,,,,,,,0,,0,,0,0,,,,,
Camacho_et_al_2024,SAN_0792_001,Surface Water,30.472223,-87.094141,,,EPA 1633,4.2,1.7,0,0,1.5,0,0,0,,,0,,,,,,,,,0,3.8,,,,,,,,,,,0,,,,,,,,,,,0,,0,,0,0,,,,,
Camacho_et_al_2024,SAN_1112_002,Surface Water,30.56138233,-87.19331801,,,EPA 1633,0,1.4,0,0,0,0,0,0,,,0,,,,,,,,,0,0,,,,,,,,,,,0,,,,,,,,,,,0,,0,,0,0,,,,,
Camacho_et_al_2024,SAN_1113_003,Surface Water,30.62390104,-87.03581429,,,EPA 1633,4,3.9,0,0,0,0,0,0,,,0,,,,,,,,,0,1.2,,,,,,,,,,,0,,,,,,,,,,,0,,0,,0,0,,,,,
Camacho_et_al_2024,SAN_1566_004,Surface Water,30.398143,-87.048288,,,EPA 1633,0,0,0,0,0,0,0,0,,,0,,,,,,,,,0,0,,,,,,,,,,,0,,,,,,,,,,,0,,0,,0,0,,,,,
Camacho_et_al_2024,SAN_1567_005,Surface Water,30.373471,-87.091871,,,EPA 1633,3.7,1.2,0,0,0,0,0,0,,,0,,,,,,,,,0,0.6,,,,,,,,,,,0,,,,,,,,,,,0,,0,,0,0,,,,,
Camacho_et_al_2024,SAN_1568_006,Surface Water,30.523838,-87.092856,,,EPA 1633,0,0.6,0,0,0,0,0,0,,,0,,,,,,,,,0,0.7,,,,,,,,,,,0,,,,,,,,,,,0,,0,,0,0,,,,,
Camacho_et_al_2024,SAN_1569_007,Surface Water,30.602215,-87.029006,,,EPA 1633,2.9,3.3,0,0,0,0,0,0,,,0,,,,,,,,,0,0,,,,,,,,,,,0,,,,,,,,,,,0,,0,,0,0,,,,,
Camacho_et_al_2024,SAN_1576_008,Surface Water,30.59637,-87.028945,,,EPA 1633,179.5,16.5,0,0,3.1,0,10.8,9.1,,,0,,,,,,,,,0,5.2,,,,,,,,,,,0,,,,,,,,,,,0,,0,,0,0,,,,,
Camacho_et_al_2024,SAN_1577_009,Surface Water,30.847055,-86.983968,,,EPA 1633,0,0,0,0,0,0,0,0,,,0,,,,,,,,,0,0,,,,,,,,,,,0,,,,,,,,,,,0,,0,,0,0,,,,,
Camacho_et_al_2024,SAN_1578_010,Surface Water,30.860885,-86.852473,,,EPA 1633,0,0,0,0,0,0,0,0,,,0,,,,,,,,,0,0,,,,,,,,,,,0,,,,,,,,,,,0,,0,,0,0,,,,,
Camacho_et_al_2024,SAN_1780_011,Surface Water,30.61838889,-87.03277778,,,EPA 1633,1.7,3.4,0,0,0,0,4.9,0,,,0,,,,,,,,,0,0,,,,,,,,,,,0,,,,,,,,,,,0,,0,,0,0,,,,,
Camacho_et_al_2024,SAN_1782_013,Surface Water,30.54886111,-87.10636111,,,EPA 1633,7.6,5.3,0,0,3.5,0,0,6.6,,,0,,,,,,,,,0,2.4,,,,,,,,,,,0,,,,,,,,,,,0,,0,,0,0,,,,,
Camacho_et_al_2024,SAN_1783_014,Surface Water,30.67061111,-87.26511111,,,EPA 1633,0,0,0,0,0,0,0,0,,,0,,,,,,,,,0,0,,,,,,,,,,,0,,,,,,,,,,,0,,0,,0,0,,,,,
Camacho_et_al_2024,SAN_1784_015,Surface Water,30.49783333,-87.09805556,,,EPA 1633,0,0.7,0,0,0,0,0,0,,,0,,,,,,,,,0,0,,,,,,,,,,,0,,,,,,,,,,,0,,0,,0,0,,,,,
Camacho_et_al_2024,SAN_1787_016,Surface Water,30.62733333,-87.03338889,,,EPA 1633,0,1.4,0,0,0,0,0,0,,,0,,,,,,,,,0,0,,,,,,,,,,,0,,,,,,,,,,,0,,0,,0,0,,,,,
Camacho_et_al_2024,SAN_1795_017,Surface Water,30.44880556,-86.91583333,,,EPA 1633,3.5,1.2,0,0,0,0,0,0,,,0,,,,,,,,,0,0.8,,,,,,,,,,,0,,,,,,,,,,,0,,0,,0,0,,,,,
Camacho_et_al_2024,SAN_1797_018,Surface Water,30.55788889,-86.98202778,,,EPA 1633,1.5,1,0,0,0,0,0,0,,,0,,,,,,,,,0,1,,,,,,,,,,,0,,,,,,,,,,,0,,0,,0,0,,,,,
Camacho_et_al_2024,SAN_1801_019,Surface Water,30.54177778,-87.16738889,,,EPA 1633,0,0.6,0,0,0,0,0,0,,,0,,,,,,,,,0,0,,,,,,,,,,,0,,,,,,,,,,,0,,0,,0,0,,,,,
Camacho_et_al_2024,SAN_1802_020,Surface Water,30.60127778,-87.23438889,,,EPA 1633,0,0.6,0,0,0,0,0,0,,,0,,,,,,,,,0,0,,,,,,,,,,,0,,,,,,,,,,,0,,0,,0,0,,,,,
Camacho_et_al_2024,SAN_1858_024,Surface Water,30.62069444,-86.83333333,,,EPA 1633,0,1.6,0,0,0,0,0,2.3,,,0,,,,,,,,,0,1,,,,,,,,,,,0,,,,,,,,,,,0,,0,,0,0,,,,,
Camacho_et_al_2024,SAN_1963_025,Surface Water,30.38011111,-87.0455,,,EPA 1633,3.1,2.3,0,0,0,0,0,0,,,0,,,,,,,,,0,3.8,,,,,,,,,,,0,,,,,,,,,,,0,,0,,0,0,,,,,
Camacho_et_al_2024,SAN_1964_026,Surface Water,30.38527778,-87.03519444,,,EPA 1633,7.1,5.5,0,0,3,0,5.7,6.4,,,0,,,,,,,,,0,2.9,,,,,,,,,,,0,,,,,,,,,,,0,,0,,0,0,,,,,
Camacho_et_al_2024,SAN_1965_027,Surface Water,30.38425,-87.02880556,,,EPA 1633,2.2,1.8,0,0,0,0,0,0,,,0,,,,,,,,,0,1.6,,,,,,,,,,,0,,,,,,,,,,,0,,0,,0,0,,,,,
Camacho_et_al_2024,SAN_1966_028,Surface Water,30.38422222,-87.02580556,,,EPA 1633,0,1,0,0,0,0,0,0,,,0,,,,,,,,,0,1.2,,,,,,,,,,,0,,,,,,,,,,,0,,0,,0,0,,,,,
Camacho_et_al_2024,SAN_1967_029,Surface Water,30.39136111,-86.98211111,,,EPA 1633,1.2,1.5,0,0,0,0,0,0,,,0,,,,,,,,,0,0.5,,,,,,,,,,,0,,,,,,,,,,,0,,0,,0,0,,,,,
Camacho_et_al_2024,SAN_1968_030,Surface Water,30.38980556,-87.03513889,,,EPA 1633,3.5,3.8,0,0,0,0,0,0,,,0,,,,,,,,,0,2.7,,,,,,,,,,,0,,,,,,,,,,,0,,0,,0,0,,,,,
Camacho_et_al_2024,SAN_1969_031,Surface Water,30.4085,-87.00244444,,,EPA 1633,3,2.6,0,0,0,0,3.4,0,,,0,,,,,,,,,0,3.8,,,,,,,,,,,0,,,,,,,,,,,0,,0,,0,0,,,,,
Camacho_et_al_2024,SAN_2136_032,Surface Water,30.58125,-87.161193,,,EPA 1633,1.8,1.2,0,0,0,0,0,0,,,0,,,,,,,,,0,0,,,,,,,,,,,0,,,,,,,,,,,0,,0,,0,0,,,,,
Camacho_et_al_2024,SAN_2137_033,Surface Water,30.603075,-87.030106,,,EPA 1633,3.1,2.3,0,0,0,0,1.7,0,,,0,,,,,,,,,0,0.8,,,,,,,,,,,0,,,,,,,,,,,0,,0,,0,0,,,,,
Camacho_et_al_2024,SAN_2200_040,Surface Water,30.95198,-87.09446,,,EPA 1633,0,0,0,0,0,0,0,0,,,0,,,,,,,,,0,0.5,,,,,,,,,,,0,,,,,,,,,,,0,,0,,0,0,,,,,
Camacho_et_al_2024,SAN_2335_042,Surface Water,30.86206,-86.832409,,,EPA 1633,0,0,0,0,0,0,0,0,,,0,,,,,,,,,0,0,,,,,,,,,,,0,,,,,,,,,,,0,,0,,0,0,,,,,
Camacho_et_al_2024,SAN_2336_043,Surface Water,30.674612,-86.960944,,,EPA 1633,0,0,0,0,0,0,0,0,,,0,,,,,,,,,0,0,,,,,,,,,,,0,,,,,,,,,,,0,,0,,0,0,,,,,
Camacho_et_al_2024,SAN_2459_044,Surface Water,30.584435,-86.997161,,,EPA 1633,2.6,2.1,0,0,0,0,0,0,,,0,,,,,,,,,0,1.3,,,,,,,,,,,0,,,,,,,,,,,0,,0,,0,0,,,,,
Camacho_et_al_2024,SAN_2460_045,Surface Water,30.634502,-87.020374,,,EPA 1633,3.3,3.9,0,0,0,0,0,0,,,0,,,,,,,,,0,0,,,,,,,,,,,0,,,,,,,,,,,0,,0,,0,0,,,,,
Camacho_et_al_2024,SAN_2461_046,Surface Water,30.710615,-87.04571,,,EPA 1633,0,0,0,0,0,0,0,0,,,0,,,,,,,,,0,0,,,,,,,,,,,0,,,,,,,,,,,0,,0,,0,0,,,,,
Camacho_et_al_2024,SAN_2610_048,Surface Water,30.660538,-87.005621,,,EPA 1633,32.9,44.7,4.8,0,1.6,41.1,17.4,7.4,,,0,,,,,,,,,0,3.3,,,,,,,,,,,0,,,,,,,,,,,0,,0,,0,0,,,,,
Camacho_et_al_2024,SAR_0017_003,Surface Water,27.01972222,-82.27527778,,,EPA 1633,4.5,3.7,0,0,1.7,0,0,4.1,,,0,,,,,,,,,0,0,,,,,,,,,,,0,,,,,,,,,,,0,,0,,0,0,,,,,
Camacho_et_al_2024,SAR_0458_005,Surface Water,27.118552,-82.437301,,,EPA 1633,6.8,6.2,5.3,0,5.8,9.6,9.1,4.7,,,0,,,,,,,,,0,16.6,,,,,,,,,,,2,,,,,,,,,,,0,,0,,0,0,,,,,
Camacho_et_al_2024,SAR_0459_006,Surface Water,27.171158,-82.470069,,,EPA 1633,5.3,10.4,5.5,2.6,2,0,12.4,5.8,,,0,,,,,,,,,0,12.9,,,,,,,,,,,0,,,,,,,,,,,0,,0,,0,0,,,,,
Camacho_et_al_2024,SAR_0571_007,Surface Water,27.29164,-82.54427,,,EPA 1633,4.1,2.8,0,0,1.6,0,2.1,0,,,0,,,,,,,,,0,3.8,,,,,,,,,,,0,,,,,,,,,,,0,,0,,0,0,,,,,
Camacho_et_al_2024,SAR_0572_008,Surface Water,27.27946,-82.54573,,,EPA 1633,4.1,2.9,0,0,1.4,0,2.5,2.7,,,0,,,,,,,,,0,4.2,,,,,,,,,,,0,,,,,,,,,,,0,,0,,0,0,,,,,
Camacho_et_al_2024,SAR_0573_009,Surface Water,27.27038,-82.54272,,,EPA 1633,4.4,3.4,0,0,1.7,0,2.5,2.7,,,0,,,,,,,,,0,3.8,,,,,,,,,,,0,,,,,,,,,,,0,,0,,0,0,,,,,
Camacho_et_al_2024,SAR_0574_010,Surface Water,27.2547,-82.53196,,,EPA 1633,4.7,3.8,0,0,1.7,0,2.9,2.9,,,0,,,,,,,,,0,5,,,,,,,,,,,0,,,,,,,,,,,0,,0,,0,0,,,,,
Camacho_et_al_2024,SAR_0575_011,Surface Water,27.25089,-82.52801,,,EPA 1633,4.5,3.7,0,0,1.6,0,3.1,3.1,,,0,,,,,,,,,0,4.1,,,,,,,,,,,1.8,,,,,,,,,,,0,,0,,0,0,,,,,
Camacho_et_al_2024,SAR_0576_012,Surface Water,27.24116,-82.51845,,,EPA 1633,5.5,3.9,0,0,1.7,0,2.8,3,,,0,,,,,,,,,0,4.2,,,,,,,,,,,0,,,,,,,,,,,0,,0,,0,0,,,,,
Camacho_et_al_2024,SAR_0577_013,Surface Water,27.2255,-82.51247,,,EPA 1633,4.9,3.9,0,0,1.7,0,3.2,3.4,,,0,,,,,,,,,0,4.3,,,,,,,,,,,0,,,,,,,,,,,0,,0,,0,0,,,,,
Camacho_et_al_2024,SAR_0578_014,Surface Water,27.22112,-82.50561,,,EPA 1633,5.2,3.7,0,0,1.4,0,3.5,3.1,,,0,,,,,,,,,0,5,,,,,,,,,,,0,,,,,,,,,,,0,,0,,0,0,,,,,
Camacho_et_al_2024,SAR_0579_015,Surface Water,27.20046,-82.50259,,,EPA 1633,4.1,3.6,0,0,1.6,0,3.1,3,,,0,,,,,,,,,0,4.8,,,,,,,,,,,0,,,,,,,,,,,0,,0,,0,0,,,,,
Camacho_et_al_2024,SAR_0580_016,Surface Water,27.1812,-82.49282,,,EPA 1633,4.2,3.1,0,0,1.5,0,2.5,2.6,,,0,,,,,,,,,0,4.2,,,,,,,,,,,0,,,,,,,,,,,0,,0,,0,0,,,,,
Camacho_et_al_2024,SAR_0581_017,Surface Water,27.17459,-82.49121,,,EPA 1633,3.8,3.2,0,0,1.5,0,2.2,0,,,0,,,,,,,,,0,3.5,,,,,,,,,,,0,,,,,,,,,,,0,,0,,0,0,,,,,
Camacho_et_al_2024,SAR_0582_018,Surface Water,27.16011,-82.48224,,,EPA 1633,4.2,2.8,0,0,1.5,0,2,0,,,0,,,,,,,,,0,3.6,,,,,,,,,,,0,,,,,,,,,,,0,,0,,0,0,,,,,
Camacho_et_al_2024,SAR_0583_019,Surface Water,27.14879,-82.47383,,,EPA 1633,3.9,2.7,0,0,1.5,0,2.2,0,,,0,,,,,,,,,0,0,,,,,,,,,,,0,,,,,,,,,,,0,,0,,0,0,,,,,
Camacho_et_al_2024,SAR_0584_020,Surface Water,27.14008,-82.47017,,,EPA 1633,0,2.4,0,0,1.4,0,1.7,0,,,0,,,,,,,,,0,3.7,,,,,,,,,,,0,,,,,,,,,,,0,,0,,0,0,,,,,
Camacho_et_al_2024,SAR_0585_021,Surface Water,27.12788,-82.46935,,,EPA 1633,0,2.2,0,0,0,0,1.6,0,,,0,,,,,,,,,0,0,,,,,,,,,,,0,,,,,,,,,,,0,,0,,0,0,,,,,
Camacho_et_al_2024,SAR_0586_022,Surface Water,27.12,-82.4634,,,EPA 1633,3.9,2.7,0,0,1.4,0,2.3,0,,,0,,,,,,,,,0,4.8,,,,,,,,,,,0,,,,,,,,,,,0,,0,,0,0,,,,,
Camacho_et_al_2024,SAR_0587_023,Surface Water,27.1232,-82.4502,,,EPA 1633,3.9,2.8,0,0,1.3,0,2.4,0,,,0,,,,,,,,,0,3.9,,,,,,,,,,,0,,,,,,,,,,,0,,0,,0,0,,,,,
Camacho_et_al_2024,SAR_0588_024,Surface Water,27.1079,-82.4584,,,EPA 1633,0,2.2,0,0,0,0,1.7,0,,,0,,,,,,,,,0,3.7,,,,,,,,,,,0,,,,,,,,,,,0,,0,,0,0,,,,,
Camacho_et_al_2024,SAR_0589_025,Surface Water,27.1103,-82.4563,,,EPA 1633,0,2.3,0,0,1.4,0,1.9,0,,,0,,,,,,,,,0,3.6,,,,,,,,,,,0,,,,,,,,,,,0,,0,,0,0,,,,,
Camacho_et_al_2024,SAR_0590_026,Surface Water,27.0748,-82.4301,,,EPA 1633,3.8,2.6,0,0,1.4,0,1.8,0,,,0,,,,,,,,,0,3.7,,,,,,,,,,,0,,,,,,,,,,,0,,0,,0,0,,,,,
Camacho_et_al_2024,SAR_0591_027,Surface Water,27.03506,-82.42608,,,EPA 1633,4.8,3.9,0,0,1.7,0,3.1,3.1,,,0,,,,,,,,,0,5,,,,,,,,,,,0,,,,,,,,,,,0,,0,,0,0,,,,,
Camacho_et_al_2024,SAR_0592_028,Surface Water,27.01602,-82.41381,,,EPA 1633,4.8,3.6,0,0,1.5,0,3.1,3,,,0,,,,,,,,,0,5.4,,,,,,,,,,,0,,,,,,,,,,,0,,0,,0,0,,,,,
Camacho_et_al_2024,SAR_0593_029,Surface Water,27.00063,-82.403,,,EPA 1633,4.8,3.5,4.9,0,1.7,0,3.4,3,,,0,,,,,,,,,0,5,,,,,,,,,,,0,,,,,,,,,,,0,,0,,0,0,,,,,
Camacho_et_al_2024,SAR_0594_030,Surface Water,26.97569,-82.3873,,,EPA 1633,4.2,3.5,0,0,1.5,0,2.6,2.7,,,0,,,,,,,,,0,3.8,,,,,,,,,,,0,,,,,,,,,,,0,,0,,0,0,,,,,
Camacho_et_al_2024,SAR_0595_031,Surface Water,26.95236,-82.37008,,,EPA 1633,3.7,2.8,0,0,1.5,0,2.3,0,,,0,,,,,,,,,0,4.8,,,,,,,,,,,0,,,,,,,,,,,0,,0,,0,0,,,,,
Camacho_et_al_2024,SAR_0596_032,Surface Water,27.35334,-82.58069111,,,EPA 1633,0,0,0,0,0,0,1.7,0,,,0,,,,,,,,,0,0,,,,,,,,,,,0,,,,,,,,,,,0,,0,,0,0,,,,,
Camacho_et_al_2024,SAR_0597_033,Surface Water,27.33487,-82.56876,,,EPA 1633,0,0,0,0,0,0,1.6,0,,,0,,,,,,,,,0,3.6,,,,,,,,,,,0,,,,,,,,,,,0,,0,,0,0,,,,,
Camacho_et_al_2024,SAR_0598_034,Surface Water,27.32844,-82.58688,,,EPA 1633,0,0,0,0,0,0,1.5,0,,,0,,,,,,,,,0,3.5,,,,,,,,,,,0,,,,,,,,,,,0,,0,,0,0,,,,,
Camacho_et_al_2024,SAR_0599_035,Surface Water,27.32557,-82.56706,,,EPA 1633,0,2,0,0,0,0,1.6,0,,,0,,,,,,,,,0,3.4,,,,,,,,,,,0,,,,,,,,,,,0,,0,,0,0,,,,,
Camacho_et_al_2024,SAR_0600_036,Surface Water,27.30747,-82.54939,,,EPA 1633,4.4,2.6,0,0,1.5,0,2,0,,,0,,,,,,,,,0,3.9,,,,,,,,,,,0,,,,,,,,,,,0,,0,,0,0,,,,,
Camacho_et_al_2024,SAR_0601_037,Surface Water,27.36094,-82.57067,,,EPA 1633,0,0,0,0,0,0,1.7,0,,,0,,,,,,,,,0,3.5,,,,,,,,,,,0,,,,,,,,,,,0,,0,,0,0,,,,,
Camacho_et_al_2024,SAR_0602_038,Surface Water,27.3477,-82.56161,,,EPA 1633,0,2.1,0,0,0,0,1.5,0,,,0,,,,,,,,,0,3.5,,,,,,,,,,,0,,,,,,,,,,,0,,0,,0,0,,,,,
Camacho_et_al_2024,SAR_0603_039,Surface Water,27.33708,-82.56055,,,EPA 1633,0,0,0,0,0,0,1.7,0,,,0,,,,,,,,,0,0,,,,,,,,,,,0,,,,,,,,,,,0,,0,,0,0,,,,,
Camacho_et_al_2024,SAR_0604_040,Surface Water,27.32566,-82.54475,,,EPA 1633,0,0,0,0,0,0,1.6,0,,,0,,,,,,,,,0,3.6,,,,,,,,,,,0,,,,,,,,,,,0,,0,,0,0,,,,,
Camacho_et_al_2024,SAR_0605_041,Surface Water,27.31328,-82.54573,,,EPA 1633,0,0,0,0,0,0,1.6,0,,,0,,,,,,,,,0,3.6,,,,,,,,,,,0,,,,,,,,,,,0,,0,,0,0,,,,,
Camacho_et_al_2024,SAR_0606_042,Surface Water,27.3885,-82.605,,,EPA 1633,3.7,2.3,0,0,1.4,0,1.9,0,,,0,,,,,,,,,0,3.8,,,,,,,,,,,1.9,,,,,,,,,,,0,,0,,0,0,,,,,
Camacho_et_al_2024,SAR_0607_043,Surface Water,27.3797,-82.5984,,,EPA 1633,3.7,2.3,0,0,0,0,1.9,0,,,0,,,,,,,,,0,3.8,,,,,,,,,,,0,,,,,,,,,,,0,,0,,0,0,,,,,
Camacho_et_al_2024,SAR_0608_044,Surface Water,27.3885,-82.58593,,,EPA 1633,0,2.2,0,0,1.4,0,2,0,,,0,,,,,,,,,0,3.7,,,,,,,,,,,0,,,,,,,,,,,0,,0,,0,0,,,,,
Camacho_et_al_2024,SAR_0609_045,Surface Water,27.37888,-82.58593,,,EPA 1633,0,2.1,0,0,0,0,2,0,,,0,,,,,,,,,0,3.7,,,,,,,,,,,0,,,,,,,,,,,0,,0,,0,0,,,,,
Camacho_et_al_2024,SAR_0610_046,Surface Water,27.3559,-82.5988,,,EPA 1633,3.5,2,0,0,1.3,0,1.7,0,,,0,,,,,,,,,0,3.5,,,,,,,,,,,0,,,,,,,,,,,0,,0,,0,0,,,,,
Camacho_et_al_2024,SAR_0619_047,Surface Water,27.3042,-82.514,,,EPA 1633,6.3,7.5,0,2.4,2.3,0,8.3,5.1,,,0,,,,,,,,,0,9.5,,,,,,,,,,,0,,,,,,,,,,,0,,0,,0,0,,,,,
Camacho_et_al_2024,SAR_0620_048,Surface Water,27.2759,-82.5557,,,EPA 1633,8.5,8.3,5,3,2.7,0,7,5.5,,,0,,,,,,,,,0,7.1,,,,,,,,,,,0,,,,,,,,,,,0,,0.3,,0,0,,,,,
Camacho_et_al_2024,SAR_0621_049,Surface Water,27.2541,-82.5308,,,EPA 1633,7.4,8.2,0,2.5,2.4,0,6.8,5.1,,,0,,,,,,,,,0,8.1,,,,,,,,,,,0,,,,,,,,,,,0,,0,,0,0,,,,,
Camacho_et_al_2024,SAR_0622_050,Surface Water,27.1793,-82.4933,,,EPA 1633,4.7,4.4,4.8,0,1.6,0,4.7,3.5,,,0,,,,,,,,,0,6.5,,,,,,,,,,,0,,,,,,,,,,,0,,0,,0,0,,,,,
Camacho_et_al_2024,SAR_0623_051,Surface Water,27.1392,-82.4553,,,EPA 1633,10.5,16.9,4.9,2.7,2.6,13,19.2,11.7,,,0,,,,,,,,,0,18.7,,,,,,,,,,,0,,,,,,,,,,,0,,0,,0,0,,,,,
Camacho_et_al_2024,SAR_0624_052,Surface Water,27.137,-82.4362,,,EPA 1633,5.1,6,0,2.3,2,0,6.6,4.5,,,0,,,,,,,,,0,0,,,,,,,,,,,2,,,,,,,,,,,0,,0,,0,0,,,,,
Camacho_et_al_2024,SAR_0625_053,Surface Water,27.1176,-82.4326,,,EPA 1633,5.9,5.3,0,0,5.2,0,6,4.3,,,0,,,,,,,,,0,9.8,,,,,,,,,,,0,,,,,,,,,,,0,,0,,0,0,,,,,
Camacho_et_al_2024,SAR_0784_054,Surface Water,27.010592,-82.409649,,,EPA 1633,4,2.4,0,0,1.6,0,1.7,0,,,0,,,,,,,,,0,0,,,,,,,,,,,2.2,,,,,,,,,,,0,,0,,0,0,,,,,
Camacho_et_al_2024,SAR_1401_056,Surface Water,27.33439722,-82.44159167,,,EPA 1633,15.8,14.5,7.1,4.2,3.5,14.6,13.8,8.9,,,0,,,,,,,,,0,21.2,,,,,,,,,,,1.9,,,,,,,,,,,0,,0,,0,0,,,,,
Camacho_et_al_2024,SAR_1403_057,Surface Water,27.36463056,-82.41789167,,,EPA 1633,10.5,19.2,5.2,2.5,2.7,13.4,10.6,9.5,,,0,,,,,,,,,0,6.6,,,,,,,,,,,0,,,,,,,,,,,0,,0,,0,0,,,,,
Camacho_et_al_2024,SAR_1404_058,Surface Water,27.37486944,-82.45249167,,,EPA 1633,7.4,10.7,5.6,2.8,2.6,0,12.9,6.4,,,0,,,,,,,,,0,10.3,,,,,,,,,,,0,,,,,,,,,,,0,,0,,0,0,,,,,
Camacho_et_al_2024,SAR_1406_059,Surface Water,27.38802222,-82.53918889,,,EPA 1633,7.6,8,5.2,2.9,5.9,16.3,26.1,14.1,,,0,,,,,,,,,0,9.6,,,,,,,,,,,2.6,,,,,,,,,,,0,,0,,0,0,,,,,
Camacho_et_al_2024,SAR_1522_060,Surface Water,27.27194444,-82.53277778,,,EPA 1633,39.8,12.5,5,6.9,5.2,9,9.1,6.9,,,0,,,,,,,,,0,10.8,,,,,,,,,,,3.4,,,,,,,,,,,0,,0,,0,0,,,,,
Camacho_et_al_2024,SAR_1523_061,Surface Water,27.27666667,-82.49972222,,,EPA 1633,20.6,11.8,5.5,4.5,3.2,11.7,9.8,7.8,,,0,,,,,,,,,0,12.8,,,,,,,,,,,2.5,,,,,,,,,,,0,,0,,0,0,,,,,
Camacho_et_al_2024,SAR_1524_062,Surface Water,27.32055556,-82.50416667,,,EPA 1633,10.7,12,5.3,2.6,2.9,11.6,13.9,8,,,0,,,,,,,,,0,15.3,,,,,,,,,,,0,,,,,,,,,,,0,,0,,0,0,,,,,
Camacho_et_al_2024,SAR_1525_063,Surface Water,27.11722222,-82.44944444,,,EPA 1633,6.6,3.2,0,2.4,1.8,0,2.8,2.8,,,0,,,,,,,,,0,4.7,,,,,,,,,,,0,,,,,,,,,,,0,,0,,0,0,,,,,
Camacho_et_al_2024,SAR_1526_064,Surface Water,27.1175,-82.43361111,,,EPA 1633,4.9,5.9,0,0,1.8,9.2,6.8,6.2,,,0,,,,,,,,,0,12.6,,,,,,,,,,,0,,,,,,,,,,,0,,0,,0,0,,,,,
Camacho_et_al_2024,SAR_1527_065,Surface Water,27.23473333,-82.31119722,,,EPA 1633,8.3,5.2,0,2.8,2.5,0,4.7,4.6,,,0,,,,,,,,,0,8.7,,,,,,,,,,,0,,,,,,,,,,,0,,0,,0,0,,,,,
Camacho_et_al_2024,SAR_1528_066,Surface Water,27.2495,-82.38611111,,,EPA 1633,5.4,8.9,0,0,1.8,0,7.8,5.4,,,0,,,,,,,,,0,9.4,,,,,,,,,,,0,,,,,,,,,,,0,,0,,0,0,,,,,
Camacho_et_al_2024,SAR_1530_068,Surface Water,27.15804444,-82.45684167,,,EPA 1633,0,3.3,0,0,1.6,0,5.5,4,,,0,,,,,,,,,0,0,,,,,,,,,,,0,,,,,,,,,,,0,,0,,0,0,,,,,
Camacho_et_al_2024,SAR_1825_069,Surface Water,27.12305556,-82.35083333,,,EPA 1633,0,3.9,0,0,1.4,0,3.8,3.9,,,0,,,,,,,,,0,8.8,,,,,,,,,,,0,,,,,,,,,,,0,,0,,0,0,,,,,
Camacho_et_al_2024,SAR_1826_070,Surface Water,27.24111111,-82.31416667,,,EPA 1633,4.3,3.7,0,0,1.4,0,3.3,3.6,,,0,,,,,,,,,0,6.5,,,,,,,,,,,0,,,,,,,,,,,0,,0,,0,0,,,,,
Camacho_et_al_2024,SAR_1827_071,Surface Water,27.30166667,-82.22361111,,,EPA 1633,4.3,3.8,0,0,1.5,0,3.9,4.1,,,0,,,,,,,,,0,8.5,,,,,,,,,,,0,,,,,,,,,,,0,,0,,0,0,,,,,
Camacho_et_al_2024,SAR_1959_072,Surface Water,26.99791667,-82.38883333,,,EPA 1633,5.4,3.8,0,0,1.6,0,3.9,3.2,,,0,,,,,,,,,0,6.8,,,,,,,,,,,0,,,,,,,,,,,0,,0,,0,0,,,,,
Camacho_et_al_2024,SAR_1990_073,Surface Water,27.04505278,-82.293525,,,EPA 1633,4.4,3.6,0,0,1.5,0,4.8,4,,,0,,,,,,,,,0,8,,,,,,,,,,,0,,,,,,,,,,,0,,0,,0,0,,,,,
Camacho_et_al_2024,SAR_1995_074,Surface Water,27.07676111,-82.21241667,,,EPA 1633,4.5,6,5.2,0,1.7,0,10.4,5.8,,,0,,,,,,,,,0,13.3,,,,,,,,,,,0,,,,,,,,,,,0,,0,,0,0,,,,,
Camacho_et_al_2024,SAR_1997_075,Surface Water,27.11981667,-82.14920278,,,EPA 1633,4.4,4.1,0,0,1.6,0,4.4,4.5,,,0,,,,,,,,,0,6.7,,,,,,,,,,,0,,,,,,,,,,,0,,0,,0,0,,,,,
Camacho_et_al_2024,SAR_1998_076,Surface Water,27.05881111,-82.46147778,,,EPA 1633,5.2,4.2,0,0,1.6,0,4.5,3.6,,,0,,,,,,,,,0,9.2,,,,,,,,,,,2,,,,,,,,,,,0,,0,,0,0,,,,,
Camacho_et_al_2024,SAR_2003_077,Surface Water,27.26566111,-82.28823333,,,EPA 1633,5,4.7,0,0,1.7,0,3.6,4.5,,,0,,,,,,,,,0,9.7,,,,,,,,,,,0,,,,,,,,,,,0,,0,,0,0,,,,,
Camacho_et_al_2024,SAR_2005_078,Surface Water,27.13269444,-82.43430556,,,EPA 1633,5.7,4.4,0,0,1.8,0,4.1,3.5,,,0,,,,,,,,,0,6.6,,,,,,,,,,,0,,,,,,,,,,,0,,0,,0,0,,,,,
Camacho_et_al_2024,SAR_2006_079,Surface Water,27.10344444,-82.4445,,,EPA 1633,0,2.5,0,0,0,0,2.2,0,,,0,,,,,,,,,0,4.6,,,,,,,,,,,0,,,,,,,,,,,0,,0,,0,0,,,,,
Camacho_et_al_2024,SAR_2007_080,Surface Water,27.11380556,-82.46427778,,,EPA 1633,0,0,0,0,0,0,1.5,0,,,0,,,,,,,,,0,0,,,,,,,,,,,0,,,,,,,,,,,0,,0,,0,0,,,,,
Camacho_et_al_2024,SAR_2008_081,Surface Water,27.11366667,-82.46905556,,,EPA 1633,0,2.3,0,0,0,0,1.4,0,,,0,,,,,,,,,0,0,,,,,,,,,,,0,,,,,,,,,,,0,,0,,0,0,,,,,
Camacho_et_al_2024,SAR_2009_082,Surface Water,27.14058333,-82.43433333,,,EPA 1633,4.4,3.1,0,0,1.5,0,2.5,0,,,0,,,,,,,,,0,0,,,,,,,,,,,0,,,,,,,,,,,0,,0,,0,0,,,,,
Camacho_et_al_2024,SAR_2010_083,Surface Water,27.10194444,-82.44138889,,,EPA 1633,0,2.2,0,0,0,0,1.8,0,,,0,,,,,,,,,0,0,,,,,,,,,,,0,,,,,,,,,,,0,,0,,0,0,,,,,
Camacho_et_al_2024,SAR_2011_084,Surface Water,27.07319444,-82.41180556,,,EPA 1633,12.3,14.2,4.9,2.9,2.3,13.5,13.2,8.8,,,0,,,,,,,,,0,16.6,,,,,,,,,,,0,,,,,,,,,,,0,,0,,0,0,,,,,
Camacho_et_al_2024,SAR_2012_085,Surface Water,27.13822222,-82.36111111,,,EPA 1633,3.8,4.2,0,0,1.4,0,3.9,4.4,,,0,,,,,,,,,0,8,,,,,,,,,,,0,,,,,,,,,,,0,,0,,0,0,,,,,
Camacho_et_al_2024,SAR_2013_086,Surface Water,27.15916667,-82.42236111,,,EPA 1633,4.4,6.5,0,0,1.6,0,6,5,,,0,,,,,,,,,0,7.8,,,,,,,,,,,0,,,,,,,,,,,0,,0,,0,0,,,,,
Camacho_et_al_2024,SAR_2014_087,Surface Water,27.05727778,-82.39741667,,,EPA 1633,9,10.9,5,2.6,2.1,10.9,10.9,6.8,,,0,,,,,,,,,0,15.7,,,,,,,,,,,0,,,,,,,,,,,0,,0,,0,0,,,,,
Camacho_et_al_2024,SAR_2015_088,Surface Water,27.05186111,-82.43758333,,,EPA 1633,4.1,2.7,0,0,0,0,2.4,0,,,0,,,,,,,,,0,4.8,,,,,,,,,,,0,,,,,,,,,,,0,,0,,0,0,,,,,
Camacho_et_al_2024,SAR_2244_098,Surface Water,27.3012,-82.2537,,,EPA 1633,0,2.8,0,0,0,0,0,0,,,0,,,,,,,,,0,3.2,,,,,,,,,,,0,,,,,,,,,,,0,,0,,0,0,,,,,
Camacho_et_al_2024,SAR_2245_099,Surface Water,27.2412,-82.3138,,,EPA 1633,0,2.4,0,0,0,0,0,0,,,0,,,,,,,,,0,2.7,,,,,,,,,,,0,,,,,,,,,,,0,,0,,0,0,,,,,
Camacho_et_al_2024,SAR_2246_100,Surface Water,27.1011,-82.3331,,,EPA 1633,0,2.3,0,0,0,0,0,0,,,0,,,,,,,,,0,4.2,,,,,,,,,,,0,,,,,,,,,,,0,,0,,0,0,,,,,
Camacho_et_al_2024,SAR_2247_101,Surface Water,27.033,-82.25,,,EPA 1633,0,2.7,0,0,1.5,0,3.7,0,,,0,,,,,,,,,0,3.6,,,,,,,,,,,0,,,,,,,,,,,0,,0,,0,0,,,,,
Camacho_et_al_2024,SAR_2248_102,Surface Water,27.0455,-82.2939,,,EPA 1633,0,2.3,0,0,0,0,0,0,,,0,,,,,,,,,0,2.7,,,,,,,,,,,0,,,,,,,,,,,0,,0,,0,0,,,,,
Camacho_et_al_2024,SAR_2611_104,Surface Water,27.319307,-82.504311,,,EPA 1633,10.8,13,0,1.2,3.9,6.8,12.3,6.7,,,0,,,,,,,,,0,8.3,,,,,,,,,,,0,,,,,,,,,,,0,,0,,0,0,,,,,
Camacho_et_al_2024,SAR_2612_105,Surface Water,27.325806,-82.441116,,,EPA 1633,6.4,7.9,0,1.2,0,5.4,12.5,0,,,0,,,,,,,,,0,6,,,,,,,,,,,0,,,,,,,,,,,0,,0,,0,0,,,,,
Camacho_et_al_2024,SAR_2613_106,Surface Water,27.325827,-82.4392128,,,EPA 1633,4.9,7.9,0,0,0,0,9.4,4.9,,,0,,,,,,,,,0,6.2,,,,,,,,,,,0,,,,,,,,,,,0,,0,,0,0,,,,,
Camacho_et_al_2024,SEM_0637_001,Surface Water,28.666402,-81.383956,,,EPA 1633,0,5.2,0,1.1,0,0,5.6,0,,,0,,,,,,,,,0,8,,,,,,,,,,,0,,,,,,,,,,,0,,0,,0,0,,,,,
Camacho_et_al_2024,SEM_0638_002,Surface Water,28.641477,-81.426463,,,EPA 1633,0,7.2,0,0,2.1,10.3,8.5,4.5,,,0,,,,,,,,,0,9,,,,,,,,,,,0,,,,,,,,,,,0,,0,,0,0,,,,,
Camacho_et_al_2024,SEM_0726_003,Surface Water,28.71472222,-81.03555556,,,EPA 1633,0,3.8,0,0,0,0,3.7,0,,,0,,,,,,,,,0,5.6,,,,,,,,,,,0,,,,,,,,,,,0,,0,,0,0,,,,,
Camacho_et_al_2024,SEM_0727_004,Surface Water,28.78611111,-81.18055556,,,EPA 1633,15.6,8.3,0,0,2.2,15.4,6.2,4.4,,,0,,,,,,,,,0,7.8,,,,,,,,,,,0,,,,,,,,,,,0,,0,,0,0,,,,,
Camacho_et_al_2024,SEM_0728_005,Surface Water,28.83583333,-81.32777778,,,EPA 1633,0,8.6,0,1,2,0,15.7,6.6,,,0,,,,,,,,,0,10.1,,,,,,,,,,,0,,,,,,,,,,,0,,0,,0,0,,,,,
Camacho_et_al_2024,SEM_0941_006,Surface Water,28.814972,-81.268453,,,EPA 1633,0,4.3,0,0,2,0,4.7,0,,,0,,,,,,,,,0,7.5,,,,,,,,,,,0,,,,,,,,,,,0,,0,,0,0,,,,,
Camacho_et_al_2024,SEM_0944_008,Surface Water,28.828896,-81.412446,,,EPA 1633,0,4.6,0,0,0,0,4.3,0,,,0,,,,,,,,,0,7,,,,,,,,,,,0,,,,,,,,,,,0,,0,,0,0,,,,,
Camacho_et_al_2024,SEM_0945_009,Surface Water,28.726816,-81.263841,,,EPA 1633,0,6.9,0,0,2.4,11.7,8.4,5.1,,,0,,,,,,,,,0,8.1,,,,,,,,,,,0,,,,,,,,,,,0,,0,,0,0,,,,,
Camacho_et_al_2024,SEM_1058_010,Surface Water,28.6981,-81.4197,,,EPA 1633,0,9.5,0,0,2,10.9,10.4,6.7,,,0,,,,,,,,,0,7.5,,,,,,,,,,,0,,,,,,,,,,,0,,0,,0,0,,,,,
Camacho_et_al_2024,SEM_1059_011,Surface Water,28.713831,-81.444185,,,EPA 1633,0,3.2,0,0,0,0,2.2,0,,,0,,,,,,,,,0,6.3,,,,,,,,,,,0,,,,,,,,,,,0,,0,,0,0,,,,,
Camacho_et_al_2024,SEM_1061_012,Surface Water,28.688462,-81.459599,,,EPA 1633,0,7.9,0,1.6,2.3,0,7.6,5,,,0,,,,,,,,,0,8.8,,,,,,,,,,,0,,,,,,,,,,,0,,0,,0,0,,,,,
Camacho_et_al_2024,SEM_1062_013,Surface Water,28.665858,-81.410712,,,EPA 1633,0,9.9,0,1.1,2.4,10.9,9.4,6.2,,,0,,,,,,,,,0,10.9,,,,,,,,,,,0,,,,,,,,,,,0,,0,,0,0,,,,,
Camacho_et_al_2024,SEM_1063_014,Surface Water,28.652228,-81.400845,,,EPA 1633,9.8,11.1,0,1.5,2.3,0,10.5,6.9,,,0,,,,,,,,,0,7.9,,,,,,,,,,,0,,,,,,,,,,,0,,0,,0,0,,,,,
Camacho_et_al_2024,SEM_1521_015,Surface Water,28.83670556,-81.32308333,,,EPA 1633,0,3.7,0,0,0,0,4.4,0,,,0,,,,,,,,,0,6.8,,,,,,,,,,,0,,,,,,,,,,,0,,0,,0,0,,,,,
Camacho_et_al_2024,SEM_2034_024,Surface Water,28.7228,-81.2577,,,EPA 1633,0,6.9,0,0,1.9,11.7,8.2,6.2,,,0,,,,,,,,,0,7.7,,,,,,,,,,,0,,,,,,,,,,,0,,0,,0,0,,,,,
Camacho_et_al_2024,SEM_2462_025,Surface Water,28.793056,-81.058611,,,EPA 1633,2.1,3.3,0,0,0,0,0,0,,,0,,,,,,,,,0,4.8,,,,,,,,,,,0,,,,,,,,,,,0,,0,,0,0,,,,,
Camacho_et_al_2024,SEM_2463_026,Surface Water,28.67777,-81.11416,,,EPA 1633,3.6,5.2,0,0,0,4.6,8.8,5.2,,,0,,,,,,,,,0,5.6,,,,,,,,,,,0,,,,,,,,,,,0,,0,,0,0,,,,,
Camacho_et_al_2024,SEM_2464_027,Surface Water,28.63277,-81.12138,,,EPA 1633,4.1,7.7,0,0,0,0,5.8,5.1,,,0,,,,,,,,,0,10,,,,,,,,,,,0,,,,,,,,,,,0,,0,,0,0,,,,,
Camacho_et_al_2024,STJ_0305_001,Surface Water,30.2435,-81.3821,,,EPA 1633,9.1,11.3,1.5,7.2,2.1,0,11.1,3.8,,,0,,,,,,,,,0,5.5,,,,,,,,,,,2.3,,,,,,,,,,,0,,0.4,,0,0,,,,,
Camacho_et_al_2024,STJ_0306_002,Surface Water,30.1609,-81.3604,,,EPA 1633,7.6,10.9,1.6,2.4,1.9,0,10.3,3.6,,,0,,,,,,,,,0,7,,,,,,,,,,,0,,,,,,,,,,,0,,0,,0,0,,,,,
Camacho_et_al_2024,STJ_0307_003,Surface Water,30.0227,-81.328,,,EPA 1633,4,4.1,0,0,1.2,0,3,1.1,,,0,,,,,,,,,0,1.5,,,,,,,,,,,0,,,,,,,,,,,0,,0,,0,0,,,,,
Camacho_et_al_2024,STJ_0308_004,Surface Water,29.9906,-81.3143,,,EPA 1633,0,0,0,0,0,0,0,0,,,0,,,,,,,,,0,0,,,,,,,,,,,0,,,,,,,,,,,0,,0,,0,0,,,,,
Camacho_et_al_2024,STJ_0309_005,Surface Water,29.9542,-81.3123,,,EPA 1633,0,0,0,0,0,0,1.1,0,,,0,,,,,,,,,0,0,,,,,,,,,,,0,,,,,,,,,,,0,,0,,0,0,,,,,
Camacho_et_al_2024,STJ_0310_006,Surface Water,29.9431,-81.3086,,,EPA 1633,0,1.9,0,0,0,0,1.3,0,,,0,,,,,,,,,0,0,,,,,,,,,,,0,,,,,,,,,,,0,,0,,0,0,,,,,
Camacho_et_al_2024,STJ_0311_007,Surface Water,29.9167,-81.2985,,,EPA 1633,0,1.9,0,0,0,0,1.2,0,,,0,,,,,,,,,0,0,,,,,,,,,,,0,,,,,,,,,,,0,,0,,0,0,,,,,
Camacho_et_al_2024,STJ_0330_008,Surface Water,30.1039,-81.6557,,,EPA 1633,5.3,4.7,0,1.9,1.4,0,4.2,1.7,,,0,,,,,,,,,0,1.3,,,,,,,,,,,0,,,,,,,,,,,0,,0,,0,0,,,,,
Camacho_et_al_2024,STJ_0402_009,Surface Water,29.990381,-81.364607,,,EPA 1633,0,3,0,0,0,0,3.1,0,,,0,,,,,,,,,0,0.6,,,,,,,,,,,0,,,,,,,,,,,0,,0,,0,0,,,,,
Camacho_et_al_2024,STJ_0403_010,Surface Water,29.972612,-81.34961,,,EPA 1633,6,5,0,0,1.9,0,12.7,9.5,,,0,,,,,,,,,0,0.2,,,,,,,,,,,1.1,,,,,,,,,,,0,,0.3,,0,0,,,,,
Camacho_et_al_2024,STJ_0404_011,Surface Water,29.950323,-81.332811,,,EPA 1633,5.1,4.7,0,0,1.3,0,6,2.4,,,0,,,,,,,,,0,1.9,,,,,,,,,,,0,,,,,,,,,,,0,,0,,0,0,,,,,
Camacho_et_al_2024,STJ_0405_012,Surface Water,29.936971,-81.36208,,,EPA 1633,9.8,13,0,2.3,8.9,4.2,180.1,84,,,0,,,,,,,,,0,0,,,,,,,,,,,0,,,,,,,,,,,0,,0,,0,0,,,,,
Camacho_et_al_2024,STJ_0406_013,Surface Water,29.920715,-81.360854,,,EPA 1633,16.9,5.1,0,0,2.6,26.2,9,4.2,,,0,,,,,,,,,0,4.5,,,,,,,,,,,1.2,,,,,,,,,,,0,,0,,0,0,,,,,
Camacho_et_al_2024,STJ_0407_014,Surface Water,29.929309,-81.341769,,,EPA 1633,10.6,4.3,0,1.6,2.2,12.1,6.8,2.8,,,0,,,,,,,,,0,4.8,,,,,,,,,,,0,,,,,,,,,,,0,,0,,0,0,,,,,
Camacho_et_al_2024,STJ_0408_015,Surface Water,29.913714,-81.331171,,,EPA 1633,11.1,8.3,1.7,1.7,1.9,6.3,9.2,4.4,,,0,,,,,,,,,0,7.2,,,,,,,,,,,0,,,,,,,,,,,0,,0,,0,0,,,,,
Camacho_et_al_2024,STJ_0409_016,Surface Water,29.930445,-81.323878,,,EPA 1633,0,2.2,0,0,0,0,1.5,0,,,0,,,,,,,,,0,0,,,,,,,,,,,0,,,,,,,,,,,0,,0,,0,0,,,,,
Camacho_et_al_2024,STJ_0410_017,Surface Water,29.917704,-81.307963,,,EPA 1633,0,2,0,0,0,0,1.2,0,,,0,,,,,,,,,0,0,,,,,,,,,,,0,,,,,,,,,,,0,,0,,0,0,,,,,
Camacho_et_al_2024,STJ_0411_018,Surface Water,29.904839,-81.316457,,,EPA 1633,0,2.1,0,0,0,0,1.4,0,,,0,,,,,,,,,0,0,,,,,,,,,,,0,,,,,,,,,,,0,,0,,0,0,,,,,
Camacho_et_al_2024,STJ_0412_019,Surface Water,29.910962,-81.295731,,,EPA 1633,0,0,0,0,0,0,0,0,,,0,,,,,,,,,0,0,,,,,,,,,,,0,,,,,,,,,,,0,,0,,0,0,,,,,
Camacho_et_al_2024,STJ_0414_021,Surface Water,29.889613,-81.332395,,,EPA 1633,8,5.7,0,0,1.9,0,5.7,2.7,,,0,,,,,,,,,0,5.4,,,,,,,,,,,0,,,,,,,,,,,0,,0,,0,0,,,,,
Camacho_et_al_2024,STJ_0415_022,Surface Water,29.886279,-81.32209,,,EPA 1633,0,2.4,0,0,0,0,1.7,0,,,0,,,,,,,,,0,0,,,,,,,,,,,0,,,,,,,,,,,0,,0,,0,0,,,,,
Camacho_et_al_2024,STJ_0416_023,Surface Water,29.883397,-81.310083,,,EPA 1633,3.8,2.4,0,0,0,0,1.8,0.9,,,0,,,,,,,,,0,0,,,,,,,,,,,0,,,,,,,,,,,0,,0,,0,0,,,,,
Camacho_et_al_2024,STJ_0417_024,Surface Water,29.892043,-81.309886,,,EPA 1633,0,0,0,0,0,0,0,0,,,0,,,,,,,,,0,0,,,,,,,,,,,0,,,,,,,,,,,0,,0,,0,0,,,,,
Camacho_et_al_2024,STJ_0418_025,Surface Water,29.886192,-81.285352,,,EPA 1633,0,0,0,0,0,0,0,0,,,0,,,,,,,,,0,0,,,,,,,,,,,0,,,,,,,,,,,0,,0,,0,0,,,,,
Camacho_et_al_2024,STJ_0553_026,Surface Water,30.05167,-81.668344,,,EPA 1633,0,3.5,0,0,1.2,0,2.9,1.3,,,0,,,,,,,,,0,1.2,,,,,,,,,,,0,,,,,,,,,,,0,,0,,0,0,,,,,
Camacho_et_al_2024,STJ_0555_027,Surface Water,29.985239,-81.566003,,,EPA 1633,3.7,3.6,0,0,1.2,0,3.4,1.3,,,0,,,,,,,,,0,1.1,,,,,,,,,,,0,,,,,,,,,,,0,,0,,0,0,,,,,
Camacho_et_al_2024,STJ_0731_028,Surface Water,29.64444444,-81.51805556,,,EPA 1633,0,2.4,0,0,0,0,1.8,0.6,,,0,,,,,,,,,0,0.8,,,,,,,,,,,0,,,,,,,,,,,0,,0,,0,0,,,,,
Camacho_et_al_2024,STJ_0823_030,Surface Water,29.85533056,-81.31222778,,,EPA 1633,0,2.1,0,0,0,0,1.4,0,,,0,,,,,,,,,0,0,,,,,,,,,,,0,,,,,,,,,,,0,,0,,0,0,,,,,
Camacho_et_al_2024,STJ_0824_031,Surface Water,29.86987778,-81.29779167,,,EPA 1633,0,2,0,0,0,0,1.5,0,,,0,,,,,,,,,0,0,,,,,,,,,,,0,,,,,,,,,,,0,,0,,0,0,,,,,
Camacho_et_al_2024,STJ_0825_032,Surface Water,29.87203333,-81.27563056,,,EPA 1633,4.7,2.2,0,0,1.1,0,0,0,,,0,,,,,,,,,0,0,,,,,,,,,,,0,,,,,,,,,,,0,,0,,0,0,,,,,
Camacho_et_al_2024,STJ_0860_033,Surface Water,29.855619,-81.31337,,,EPA 1633,6,3.7,0,1.5,1.4,0,3.5,1.3,,,0,,,,,,,,,0,2.3,,,,,,,,,,,0,,,,,,,,,,,0,,0,,0,0,,,,,
Camacho_et_al_2024,STJ_0861_034,Surface Water,29.844466,-81.278901,,,EPA 1633,6,4.1,0,1.9,1.5,0,3,0.9,,,0,,,,,,,,,0,1.9,,,,,,,,,,,1,,,,,,,,,,,0,,0,,0,0,,,,,
Camacho_et_al_2024,STJ_0862_035,Surface Water,29.829101,-81.3139,,,EPA 1633,4.9,3.8,0,0,1.1,0,3,1.4,,,0,,,,,,,,,0,1.3,,,,,,,,,,,0,,,,,,,,,,,0,,0,,0,0,,,,,
Camacho_et_al_2024,STJ_0863_036,Surface Water,29.821785,-81.316168,,,EPA 1633,10.2,4.6,0,2.2,1.5,0,3.7,1.5,,,0,,,,,,,,,0,3.2,,,,,,,,,,,0,,,,,,,,,,,0,,0,,0,0,,,,,
Camacho_et_al_2024,STJ_0864_037,Surface Water,29.816995,-81.334853,,,EPA 1633,5.3,3.3,0,0,0,0,2.6,0,,,0,,,,,,,,,0,0.7,,,,,,,,,,,0,,,,,,,,,,,0,,0,,0,0,,,,,
Camacho_et_al_2024,STJ_0865_038,Surface Water,29.815618,-81.27509,,,EPA 1633,4.3,2.8,0,0,1.1,0,1.9,0,,,0,,,,,,,,,0,0.2,,,,,,,,,,,0,,,,,,,,,,,0,,0,,0,0,,,,,
Camacho_et_al_2024,STJ_0866_039,Surface Water,29.787707,-81.26783,,,EPA 1633,4.5,3.3,0,0,1.3,0,2.7,1.1,,,0,,,,,,,,,0,0.3,,,,,,,,,,,0,,,,,,,,,,,0,,0,,0,0,,,,,
Camacho_et_al_2024,STJ_0867_040,Surface Water,29.775946,-81.316593,,,EPA 1633,0,2.4,0,0,1.1,0,0,0,,,0,,,,,,,,,0,0,,,,,,,,,,,0,,,,,,,,,,,0,,0,,0,0,,,,,
Camacho_et_al_2024,STJ_0868_041,Surface Water,29.753425,-81.249454,,,EPA 1633,0,2,0,0,0,0,0,0,,,0,,,,,,,,,0,0,,,,,,,,,,,0,,,,,,,,,,,0,,0,,0,0,,,,,
Camacho_et_al_2024,STJ_0869_042,Surface Water,29.745418,-81.244318,,,EPA 1633,3.4,2.1,0,0,0,0,1.3,0,,,0,,,,,,,,,0,0,,,,,,,,,,,0,,,,,,,,,,,0,,0,,0,0,,,,,
Camacho_et_al_2024,STJ_0938_043,Surface Water,30.11527778,-81.39833333,,,EPA 1633,0,2.3,0,0,0,0,1.9,0,,,0,,,,,,,,,0,0.8,,,,,,,,,,,0,,,,,,,,,,,0,,0,,0,0,,,,,
Camacho_et_al_2024,STJ_0939_044,Surface Water,30.13277778,-81.38611111,,,EPA 1633,0,2.8,0,0,1.1,0,3,0.7,,,0,,,,,,,,,0,0.8,,,,,,,,,,,0,,,,,,,,,,,0,,0,,0,0,,,,,
Camacho_et_al_2024,STJ_0940_045,Surface Water,30.21027778,-81.41,,,EPA 1633,6.5,3.4,0,0,1.4,0,3.5,1.3,,,0,,,,,,,,,0,1.3,,,,,,,,,,,0,,,,,,,,,,,0,,0,,0,0,,,,,
Camacho_et_al_2024,STJ_1071_046,Surface Water,30.10013889,-81.34786111,,,EPA 1633,4.4,5.5,0,0,1.1,0,7.9,3.1,,,0,,,,,,,,,0,3.5,,,,,,,,,,,0,,,,,,,,,,,0,,0,,0,0,,,,,
Camacho_et_al_2024,STJ_1125_047,Surface Water,30.0201,-81.6405,,,EPA 1633,4.4,3.1,0,0,1.2,0,2.6,0.8,,,0,,,,,,,,,0,0.2,,,,,,,,,,,0,,,,,,,,,,,0,,0,,0,0,,,,,
Camacho_et_al_2024,STJ_1139_048,Surface Water,30.0836,-81.6473,,,EPA 1633,5.5,5.1,0,0,1.3,0,4.6,2,,,0,,,,,,,,,0,3,,,,,,,,,,,0,,,,,,,,,,,0,,0,,0,0,,,,,
Camacho_et_al_2024,STJ_1140_049,Surface Water,30.0806,-81.6552,,,EPA 1633,4.9,4,0,0,1.2,0,3.4,1.4,,,0,,,,,,,,,0,1.9,,,,,,,,,,,0,,,,,,,,,,,0,,0,,0,0,,,,,
Camacho_et_al_2024,STJ_1141_050,Surface Water,30.0065,-81.6146,,,EPA 1633,3.8,3,0,0,0,0,2.6,1.1,,,0,,,,,,,,,0,1.4,,,,,,,,,,,0,,,,,,,,,,,0,,0,,0,0,,,,,
Camacho_et_al_2024,STJ_1188_052,Surface Water,29.912915,-81.29868,,,EPA 1633,0,0,0,0,0,0,0,0,,,0,,,,,,,,,0,0,,,,,,,,,,,0,,,,,,,,,,,0,,0,,0,0,,,,,
Camacho_et_al_2024,STJ_1189_053,Surface Water,29.717835,-81.242598,,,EPA 1633,0,0,0,0,0,0,0,0,,,0,,,,,,,,,0,0,,,,,,,,,,,0,,,,,,,,,,,0,,0,,0,0,,,,,
Camacho_et_al_2024,STJ_1392_054,Surface Water,29.83313889,-81.30402778,,,EPA 1633,0,1.8,0,0,0,0,1.1,0,,,0,,,,,,,,,0,0,,,,,,,,,,,0,,,,,,,,,,,0,,0,,0,0,,,,,
Camacho_et_al_2024,STJ_1393_055,Surface Water,29.76861111,-81.25813889,,,EPA 1633,0,0,0,0,0,0,0,0,,,0,,,,,,,,,0,0,,,,,,,,,,,0,,,,,,,,,,,0,,0,,0,0,,,,,
Camacho_et_al_2024,STJ_1394_056,Surface Water,29.71161111,-81.23291667,,,EPA 1633,0,0,0,0,0,0,0,0,,,0,,,,,,,,,0,0,,,,,,,,,,,0,,,,,,,,,,,0,,0,,0,0,,,,,
Camacho_et_al_2024,STJ_1396_057,Surface Water,29.81108333,-81.28105556,,,EPA 1633,0,0,0,0,0,0,0,0,,,0,,,,,,,,,0,0,,,,,,,,,,,0,,,,,,,,,,,0,,0,,0,0,,,,,
Camacho_et_al_2024,STJ_1398_058,Surface Water,29.66261111,-81.26836111,,,EPA 1633,0,2,0,0,0,0,0,0,,,0,,,,,,,,,0,0,,,,,,,,,,,0,,,,,,,,,,,0,,0,,0,0,,,,,
Camacho_et_al_2024,STJ_1400_059,Surface Water,29.87719444,-81.39366667,,,EPA 1633,0,1.9,0,0,0,0,0,0,,,0,,,,,,,,,0,0,,,,,,,,,,,0,,,,,,,,,,,0,,0,,0,0,,,,,
Camacho_et_al_2024,STJ_1503_060,Surface Water,29.68442222,-81.27906944,,,EPA 1633,0,2,0,0,0,0,0,0,,,0,,,,,,,,,0,0,,,,,,,,,,,0,,,,,,,,,,,0,,0,,0,0,,,,,
Camacho_et_al_2024,STJ_1534_061,Surface Water,29.86236389,-81.31066944,,,EPA 1633,4.4,3.7,0,0,0,0,2.5,0,,,0,,,,,,,,,0,1.9,,,,,,,,,,,0,,,,,,,,,,,0,,0,,0,0,,,,,
Camacho_et_al_2024,STJ_1547_062,Surface Water,30.065879,-81.371244,,,EPA 1633,4.4,2.7,0,0,1.1,0,2.7,0.7,,,0,,,,,,,,,0,0.4,,,,,,,,,,,0,,,,,,,,,,,0,,0,,0,0,,,,,
Camacho_et_al_2024,STJ_2615_072,Surface Water,29.79,-81.53138,,,EPA 1633,3.1,2.9,0,0,0,0,0,0,,,0,,,,,,,,,0,3.5,,,,,,,,,,,0,,,,,,,,,,,0,,0,,0,0,,,,,
Camacho_et_al_2024,STJ_2616_073,Surface Water,29.82333,-81.55333,,,EPA 1633,1.9,2.2,0,0,0,0,0,0,,,0,,,,,,,,,0,2,,,,,,,,,,,0,,,,,,,,,,,0,,0,,0,0,,,,,
Camacho_et_al_2024,STJ_2617_074,Surface Water,29.72361,-81.48444,,,EPA 1633,9.5,3.9,0,0,0,0,0,0,,,0,,,,,,,,,0,2.6,,,,,,,,,,,0,,,,,,,,,,,0,,0,,0,0,,,,,
Camacho_et_al_2024,STL_0084_001,Surface Water,27.47018,-80.29235083,,,EPA 1633,0,1.5,0,0,0,0,1,0,,,0,,,,,,,,,0,1.1,,,,,,,,,,,0,,,,,,,,,,,0,,0,,0,0,,,,,
Camacho_et_al_2024,STL_0085_002,Surface Water,27.46630889,-80.33139583,,,EPA 1633,0,2.8,0,0,1,0,2.4,0.7,,,0,,,,,,,,,0,1.9,,,,,,,,,,,0,,,,,,,,,,,0,,0,,0,0,,,,,
Camacho_et_al_2024,STL_0086_003,Surface Water,27.486349,-80.334751,,,EPA 1633,0,1.5,0,0,0,0,1,0,,,0,,,,,,,,,0,1.2,,,,,,,,,,,0,,,,,,,,,,,0,,0,,0,0,,,,,
Camacho_et_al_2024,STL_0087_004,Surface Water,27.49512,-80.302977,,,EPA 1633,0,1.9,0,0,0,0,1.3,0,,,0,,,,,,,,,0,1.5,,,,,,,,,,,0,,,,,,,,,,,0,,0,,0,0,,,,,
Camacho_et_al_2024,STL_0091_005,Surface Water,27.488814,-80.3485,,,EPA 1633,6.3,3,0,0,0.9,14.4,2.9,1.1,,,0,,,,,,,,,0,2.8,,,,,,,,,,,0,,,,,,,,,,,0,,0,,0,0,,,,,
Camacho_et_al_2024,STL_0092_006,Surface Water,27.481789,-80.373232,,,EPA 1633,0,2.8,0,1.6,0,0,18.4,2.5,,,0,,,,,,,,,0,1.7,,,,,,,,,,,0,,,,,,,,,,,0,,0,,0,0,,,,,
Camacho_et_al_2024,STL_0093_007,Surface Water,27.476393,-80.349412,,,EPA 1633,0.2,4.1,0,0,0.9,0,3.4,1.8,,,0,,,,,,,,,0,2.1,,,,,,,,,,,0,,,,,,,,,,,0,,0,,0,0,,,,,
Camacho_et_al_2024,STL_0094_008,Surface Water,27.470258,-80.390238,,,EPA 1633,0,5.3,0,0,1,0,2.9,2.3,,,0,,,,,,,,,0,3.9,,,,,,,,,,,0,,,,,,,,,,,0,,0,,0,0,,,,,
Camacho_et_al_2024,STL_0095_009,Surface Water,27.395748,-80.35158,,,EPA 1633,0.3,6,0,0,1,0,3.3,2.2,,,0,,,,,,,,,0,5.1,,,,,,,,,,,0,,,,,,,,,,,0,,0,,0,0,,,,,
Camacho_et_al_2024,STL_0096_010,Surface Water,27.374298,-80.342213,,,EPA 1633,0.2,5.3,0,0,1,0,3.4,2.1,,,0,,,,,,,,,0,4.4,,,,,,,,,,,0,,,,,,,,,,,0,,0,,0,0,,,,,
Camacho_et_al_2024,STL_0097_011,Surface Water,27.352347,-80.366324,,,EPA 1633,0,0,4.7,0,0,0,0,0,,,0,,,,,,,,,0,2,,,,,,,,,,,0,,,,,,,,,,,0,,0,,0,0,,,,,
Camacho_et_al_2024,STL_0151_012,Surface Water,27.304292,-80.322508,,,EPA 1633,0,6,0,0,1.1,0,4,2.5,,,0,,,,,,,,,0,7.1,,,,,,,,,,,0,,,,,,,,,,,0,,0,,0,0,,,,,
Camacho_et_al_2024,STL_0152_013,Surface Water,27.265745,-80.371918,,,EPA 1633,0,11.7,0,1.6,1.9,0,6.1,5.8,,,0,,,,,,,,,0,12,,,,,,,,,,,0,,,,,,,,,,,0,,0,,0,0,,,,,
Camacho_et_al_2024,STL_0153_014,Surface Water,27.24909,-80.316682,,,EPA 1633,3.2,7.1,0,0,1.3,0,3.8,2.7,,,0,,,,,,,,,0,4.9,,,,,,,,,,,0,,,,,,,,,,,0,,0,,0,0,,,,,
Camacho_et_al_2024,STL_2465_019,Surface Water,27.43746,-80.31957,,,EPA 1633,8.3,2.3,0,0,0,0,0,0,,,0,,,,,,,,,0,2.4,,,,,,,,,,,0,,,,,,,,,,,0,,0,,0,0,,,,,
Camacho_et_al_2024,STL_2466_020,Surface Water,27.41934,-80.27706,,,EPA 1633,0,1.1,0,0,0,0,0,0,,,0,,,,,,,,,0,1.7,,,,,,,,,,,0,,,,,,,,,,,0,,0,,0,0,,,,,
Camacho_et_al_2024,STL_2467_021,Surface Water,27.39885,-80.37554,,,EPA 1633,0,1.6,0,0,0,0,0,0,,,0,,,,,,,,,0,0,,,,,,,,,,,0,,,,,,,,,,,0,,0,,0,0,,,,,
Camacho_et_al_2024,STL_2468_022,Surface Water,27.32332,-80.33271,,,EPA 1633,6.2,8.1,0,0.8,0,5.1,8,4.7,,,0,,,,,,,,,0,10.6,,,,,,,,,,,0,,,,,,,,,,,0,,0,,0,0,,,,,
Camacho_et_al_2024,STL_2469_023,Surface Water,27.33807,-80.54622,,,EPA 1633,4.2,11.8,0,0,2.6,0,7.4,8,,,0,,,,,,,,,0,12.8,,,,,,,,,,,0,,,,,,,,,,,0,,0,,0,0,,,,,
Camacho_et_al_2024,STL_2614_024,Surface Water,27.244333,-80.315417,,,EPA 1633,5.7,7.4,0,0,0,0,0,0,,,0,,,,,,,,,0,6.9,,,,,,,,,,,0,,,,,,,,,,,0,,0,,0,0,,,,,
Camacho_et_al_2024,STL_2624_026,Surface Water,27.40323,-80.39948,,,EPA 1633,3.2,7.9,0,0,0,0,5.7,0,,,0,,,,,,,,,0,9.7,,,,,,,,,,,0,,,,,,,,,,,0,,0,,0,0,,,,,
Camacho_et_al_2024,SUM_0294_002,Surface Water,28.817103,-82.144496,,,EPA 1633,0,2.9,0,0,0,0,2.6,0,,,0,,,,,,,,,0,7.8,,,,,,,,,,,0,,,,,,,,,,,0,,0,,0,0,,,,,
Camacho_et_al_2024,SUM_0353_004,Surface Water,28.85222222,-82.21444444,,,EPA 1633,0,2.5,0,0,0,0,0,0,,,0,,,,,,,,,0,0,,,,,,,,,,,0,,,,,,,,,,,0,,0,,0,0,,,,,
Camacho_et_al_2024,SUM_0354_005,Surface Water,28.72333333,-82.24194444,,,EPA 1633,0,2.6,0,0,0,0,0,0,,,0,,,,,,,,,0,0,,,,,,,,,,,0,,,,,,,,,,,0,,0,,0,0,,,,,
Camacho_et_al_2024,SUM_0764_006,Surface Water,28.5934,-82.2212,,,EPA 1633,0,2.9,0,0,0,0,0,0,,,0,,,,,,,,,0,0,,,,,,,,,,,0,,,,,,,,,,,0,,0,,0,0,,,,,
Camacho_et_al_2024,SUM_0765_007,Surface Water,28.7637,-82.1121,,,EPA 1633,6.4,11.4,0,0,0.6,11.8,10.6,7.2,,,0,,,,,,,,,0,9.4,,,,,,,,,,,0,,,,,,,,,,,0,,0,,0,0,,,,,
Camacho_et_al_2024,SUM_0766_008,Surface Water,28.7926,-82.1197,,,EPA 1633,0,4,0,0,0,0,4.4,3.5,,,0,,,,,,,,,0,7.2,,,,,,,,,,,0,,,,,,,,,,,0,,0,,0,0,,,,,
Camacho_et_al_2024,SUM_0767_009,Surface Water,28.8015,-82.1516,,,EPA 1633,0,3.5,0,0,0,0,3.5,3,,,0,,,,,,,,,0,6.9,,,,,,,,,,,0,,,,,,,,,,,0,,0,,0,0,,,,,
Camacho_et_al_2024,SUM_1050_010,Surface Water,28.906641,-82.003853,,,EPA 1633,0,5.6,0,0,1,0,6.8,5.5,,,0,,,,,,,,,0,10,,,,,,,,,,,0,,,,,,,,,,,0,,0,,0,0,,,,,
Camacho_et_al_2024,SUM_1051_011,Surface Water,28.828286,-81.978173,,,EPA 1633,0,7.8,0,0,1.1,0,11.2,6.9,,,0,,,,,,,,,0,9.5,,,,,,,,,,,0,,,,,,,,,,,0,,0,,0,0,,,,,
Camacho_et_al_2024,SUM_1052_012,Surface Water,28.83242,-82.006428,,,EPA 1633,0,3.7,0,0,0.7,0,5.5,4.3,,,0,,,,,,,,,0,8.1,,,,,,,,,,,0,,,,,,,,,,,0,,0,,0,0,,,,,
Camacho_et_al_2024,SUM_1053_013,Surface Water,28.831601,-81.991933,,,EPA 1633,6.2,7.1,0,0,0.9,0,11,5.9,,,0,,,,,,,,,0,9.4,,,,,,,,,,,0,,,,,,,,,,,0,,0,,0,0,,,,,
Camacho_et_al_2024,SUW_1164_001,Surface Water,29.98413889,-82.76188889,,,EPA 1633,0,0,0,0,0,0,0,0,,,0,,,,,,,,,0,1.9,,,,,,,,,,,0,,,,,,,,,,,0,,0,,0,0,,,,,
Camacho_et_al_2024,SUW_1165_002,Surface Water,29.965422,-82.762187,,,EPA 1633,0,1.3,0,0,0,0,0,0,,,0,,,,,,,,,0,0.1,,,,,,,,,,,0,,,,,,,,,,,0,,0,,0,0,,,,,
Camacho_et_al_2024,SUW_1429_006,Surface Water,29.95382778,-82.92848333,,,EPA 1633,0,1.6,0,0,0,0,0,0,,,0,,,,,,,,,0,1.2,,,,,,,,,,,0,,,,,,,,,,,0,,0,,0,0,,,,,
Camacho_et_al_2024,SUW_1430_007,Surface Water,30.00725278,-82.99641944,,,EPA 1633,0,1.3,0,0,0,0,0,0,,,0,,,,,,,,,0,0,,,,,,,,,,,0,,,,,,,,,,,0,,0,,0,0,,,,,
Camacho_et_al_2024,SUW_1431_008,Surface Water,30.35306389,-83.18956111,,,EPA 1633,0,1.3,0,0,0,0,0,0,,,0,,,,,,,,,0,0,,,,,,,,,,,0,,,,,,,,,,,0,,0,,0,0,,,,,
Camacho_et_al_2024,SUW_1433_009,Surface Water,30.39453889,-82.93445,,,EPA 1633,0,1.3,0,0,0,0,0,0,,,0,,,,,,,,,0,0,,,,,,,,,,,0,,,,,,,,,,,0,,0,,0,0,,,,,
Camacho_et_al_2024,SUW_1609_010,Surface Water,30.414804,-82.962984,,,EPA 1633,0,1.2,0,0,0,0,0,0,,,0,,,,,,,,,0,0,,,,,,,,,,,0,,,,,,,,,,,0,,0,,0,0,,,,,
Camacho_et_al_2024,SUW_1680_011,Surface Water,29.91211111,-82.86027778,,,EPA 1633,0,1.2,0,0,0,0,2.4,0,,,0,,,,,,,,,0,0.6,,,,,,,,,,,0,,,,,,,,,,,0,,0,,0,0,,,,,
Camacho_et_al_2024,SUW_2563_012,Surface Water,30.24479,-83.24897,,,EPA 1633,1.4,1.7,0,0,0,0,0,0,,,0,,,,,,,,,0,0,,,,,,,,,,,0,,,,,,,,,,,0,,0,,0,0,,,,,
Camacho_et_al_2024,SUW_2563_012,Surface Water,30.24479,-83.24897,,,EPA 1633,0,1.6,0,0,0,0,0,0,,,0,,,,,,,,,0,0,,,,,,,,,,,0,,,,,,,,,,,0,,0,,0,0,,,,,
Camacho_et_al_2024,SUW_2563_012,Surface Water,30.24479,-83.24897,,,EPA 1633,1.4,1.7,0,0,0,0,0,0,,,0,,,,,,,,,0,0,,,,,,,,,,,0,,,,,,,,,,,0,,0,,0,0,,,,,
Camacho_et_al_2024,SUW_2563_012,Surface Water,30.24479,-83.24897,,,EPA 1633,0,1.6,0,0,0,0,0,0,,,0,,,,,,,,,0,0,,,,,,,,,,,0,,,,,,,,,,,0,,0,,0,0,,,,,
Camacho_et_al_2024,TAY_0117_001,Surface Water,29.517,-84.4031,,,EPA 1633,0,3.6,0,2.4,0,0,0,0,,,0,,,,,,,,,0,0,,,,,,,,,,,0,,,,,,,,,,,0,,0,,0,0,,,,,
Camacho_et_al_2024,TAY_2405_006,Surface Water,30.00948,-83.77932,,,EPA 1633,0,0,0,0,0,0,0,0,,,0,,,,,,,,,0,0,,,,,,,,,,,0,,,,,,,,,,,0,,0,,0,0,,,,,
Camacho_et_al_2024,TAY_2417_007,Surface Water,29.92071,-83.67058,,,EPA 1633,0,0,0,0,0,0,0,0,,,0,,,,,,,,,0,0,,,,,,,,,,,0,,,,,,,,,,,0,,0,,0,0,,,,,
Camacho_et_al_2024,TAY_2418_008,Surface Water,29.95813,-83.58015,,,EPA 1633,0,0,0,0,0,0,0,0,,,0,,,,,,,,,0,0,,,,,,,,,,,0,,,,,,,,,,,0,,0,,0,0,,,,,
Camacho_et_al_2024,TAY_2419_009,Surface Water,30.05931,-83.58875,,,EPA 1633,0,0,0,0,0,0,0,0,,,0,,,,,,,,,0,0,,,,,,,,,,,0,,,,,,,,,,,0,,0,,0,0,,,,,
Camacho_et_al_2024,TAY_2420_010,Surface Water,30.09834,-83.47202,,,EPA 1633,0,1,0,0,0,0,0,0,,,0,,,,,,,,,0,0,,,,,,,,,,,0,,,,,,,,,,,0,,0,,0,0,,,,,
Camacho_et_al_2024,TAY_2421_011,Surface Water,30.08404,-83.66422,,,EPA 1633,0,0.8,0,0,0,0,0,0,,,0,,,,,,,,,0,0,,,,,,,,,,,0,,,,,,,,,,,0,,0,,0,0,,,,,
Camacho_et_al_2024,TAY_2432_012,Surface Water,30.28705,-83.6825,,,EPA 1633,0,0,0,0,0,0,0,0,,,0,,,,,,,,,0,0,,,,,,,,,,,0,,,,,,,,,,,0,,0,,0,0,,,,,
Camacho_et_al_2024,UNI_0439_001,Surface Water,30.10358333,-82.16105556,,,EPA 1633,0,2.4,0,0,0.8,0,0,0,,,0,,,,,,,,,0,0,,,,,,,,,,,0,,,,,,,,,,,0,,0,,0,0,,,,,
Camacho_et_al_2024,UNI_0440_002,Surface Water,30.07055556,-82.20316667,,,EPA 1633,0,2.1,0,0,0,0,2.7,0,,,0,,,,,,,,,0,0,,,,,,,,,,,0,,,,,,,,,,,0,,0,,0,0,,,,,
Camacho_et_al_2024,UNI_0441_003,Surface Water,30.06761111,-82.22888889,,,EPA 1633,0,0,0,0,0,0,0,0,,,0,,,,,,,,,0,0,,,,,,,,,,,0,,,,,,,,,,,0,,0,,0,0,,,,,
Camacho_et_al_2024,UNI_0442_004,Surface Water,30.04666667,-82.30252778,,,EPA 1633,0,2,0,0,0,0,0,0,,,0,,,,,,,,,0,0,,,,,,,,,,,0,,,,,,,,,,,0,,0,,0,0,,,,,
Camacho_et_al_2024,UNI_0443_005,Surface Water,30.01836111,-82.33058333,,,EPA 1633,4.7,3.5,0,0,0.9,0,3.4,3.5,,,0,,,,,,,,,0,6.4,,,,,,,,,,,0,,,,,,,,,,,0,,0,,0,0,,,,,
Camacho_et_al_2024,UNI_0444_006,Surface Water,30.02686111,-82.33980556,,,EPA 1633,4.3,3.1,0,0,0.8,0,2.6,3,,,0,,,,,,,,,0,0,,,,,,,,,,,0,,,,,,,,,,,0,,0,,0,0,,,,,
Camacho_et_al_2024,UNI_0445_007,Surface Water,29.92208333,-82.42655556,,,EPA 1633,0,3.6,0,0,0.7,0,4.1,3.6,,,0,,,,,,,,,0,6.2,,,,,,,,,,,0,,,,,,,,,,,0,,0,,0,0,,,,,
Camacho_et_al_2024,UNI_2618_009,Surface Water,30.11702,-82.39768,,,EPA 1633,0,2,0,0,0,0,0,0,,,0,,,,,,,,,0,1,,,,,,,,,,,0,,,,,,,,,,,0,,0,,0,0,,,,,
Camacho_et_al_2024,UNI_2619_010,Surface Water,30.11815,-82.29368,,,EPA 1633,0,1.7,0,0,0,0,0,0,,,0,,,,,,,,,0,0,,,,,,,,,,,0,,,,,,,,,,,0,,0,,0,0,,,,,
Camacho_et_al_2024,VOL_0730_002,Surface Water,29.1675,-81.52166667,,,EPA 1633,2.8,4.8,0,0,0,0,0,0,,,0,,,,,,,,,0,0,,,,,,,,,,,0,,,,,,,,,,,0,,0,,0,0,,,,,
Camacho_et_al_2024,VOL_0942_003,Surface Water,28.862891,-81.310334,,,EPA 1633,0,3.5,0,0,0,0,0,0,,,0,,,,,,,,,0,0,,,,,,,,,,,0,,,,,,,,,,,0,,0,,0,0,,,,,
Camacho_et_al_2024,VOL_0946_004,Surface Water,28.786114,-81.180426,,,EPA 1633,2.8,4.2,0,0,0,0,0,0,,,0,,,,,,,,,0,0,,,,,,,,,,,0,,,,,,,,,,,0,,0,,0,0,,,,,
Camacho_et_al_2024,VOL_1078_005,Surface Water,29.27388889,-81.12805556,,,EPA 1633,6.7,6.1,0,0,0,0,0,0,,,0,,,,,,,,,0,0,,,,,,,,,,,0,,,,,,,,,,,0,,0,,0,0,,,,,
Camacho_et_al_2024,VOL_1079_006,Surface Water,29.26722222,-81.08777778,,,EPA 1633,4.2,4.5,0,0,0,0,0,0,,,0,,,,,,,,,0,0,,,,,,,,,,,0,,,,,,,,,,,0,,0,,0,0,,,,,
Camacho_et_al_2024,VOL_1080_007,Surface Water,29.30472222,-81.09388889,,,EPA 1633,4.3,4,0,0,0,0,0,0,,,0,,,,,,,,,0,0,,,,,,,,,,,0,,,,,,,,,,,0,,0,,0,0,,,,,
Camacho_et_al_2024,VOL_1081_008,Surface Water,29.34222222,-81.08722222,,,EPA 1633,4.6,4.2,0,0,0,0,0,0,,,0,,,,,,,,,0,0,,,,,,,,,,,0,,,,,,,,,,,0,,0,,0,0,,,,,
Camacho_et_al_2024,VOL_1082_009,Surface Water,29.30777778,-81.04638889,,,EPA 1633,0,0.7,0,0,0,0,0,0,,,0,,,,,,,,,0,0,,,,,,,,,,,0,,,,,,,,,,,0,,0,,0,0,,,,,
Camacho_et_al_2024,VOL_1083_010,Surface Water,29.21722222,-81.10972222,,,EPA 1633,10.7,5,0,0,4.6,0,16.2,9,,,0,,,,,,,,,0,4.5,,,,,,,,,,,0,,,,,,,,,,,0,,0,,0,0,,,,,
Camacho_et_al_2024,VOL_1084_011,Surface Water,29.25694444,-81.12805556,,,EPA 1633,0,2.5,0,0,0,0,0,0,,,0,,,,,,,,,0,1.2,,,,,,,,,,,0,,,,,,,,,,,0,,0,,0,0,,,,,
Camacho_et_al_2024,VOL_1085_012,Surface Water,29.26638889,-81.11222222,,,EPA 1633,4.7,4.8,0,0,2.3,0,7.6,5.4,,,0,,,,,,,,,0,5.1,,,,,,,,,,,0,,,,,,,,,,,0,,0,,0,0,,,,,
Camacho_et_al_2024,VOL_1086_013,Surface Water,29.185,-81.08472222,,,EPA 1633,32.7,8.7,0,1.2,0,0,6.6,0,,,0,,,,,,,,,0,8.2,,,,,,,,,,,0,,,,,,,,,,,0,,0,,0,0,,,,,
Camacho_et_al_2024,VOL_1087_014,Surface Water,29.1825,-81.04694444,,,EPA 1633,25.8,7.8,0,1.8,5.3,0,11.2,10,,,0,,,,,,,,,0,2.3,,,,,,,,,,,0,,,,,,,,,,,0,,0,,0,0,,,,,
Camacho_et_al_2024,VOL_1088_015,Surface Water,29.16611111,-81.1625,,,EPA 1633,0,0,0,0,0,0,0,0,,,0,,,,,,,,,0,0,,,,,,,,,,,0,,,,,,,,,,,0,,0,,0,0,,,,,
Camacho_et_al_2024,VOL_1089_016,Surface Water,29.22333333,-81.00527778,,,EPA 1633,0,0.7,0,0,0,0,0,0,,,0,,,,,,,,,0,0,,,,,,,,,,,0,,,,,,,,,,,0,,0,,0,0,,,,,
Camacho_et_al_2024,VOL_1090_017,Surface Water,29.23,-81.02333333,,,EPA 1633,8.2,3.8,0,0,2.9,0,0,0,,,0,,,,,,,,,0,2.1,,,,,,,,,,,0,,,,,,,,,,,0,,0,,0,0,,,,,
Camacho_et_al_2024,VOL_1091_018,Surface Water,29.0375,-80.90833333,,,EPA 1633,4.7,2.5,0,0,1.5,0,0,0,,,0,,,,,,,,,0,1.1,,,,,,,,,,,0,,,,,,,,,,,0,,0,,0,0,,,,,
Camacho_et_al_2024,VOL_1092_019,Surface Water,29.02944444,-80.90388889,,,EPA 1633,1.9,1.4,0,0,0,0,0,0,,,0,,,,,,,,,0,0.4,,,,,,,,,,,0,,,,,,,,,,,0,,0,,0,0,,,,,
Camacho_et_al_2024,VOL_1093_020,Surface Water,29.06777778,-80.90833333,,,EPA 1633,1.6,0.9,0,0,0,0,0,0,,,0,,,,,,,,,0,0.7,,,,,,,,,,,0,,,,,,,,,,,0,,0,,0,0,,,,,
Camacho_et_al_2024,VOL_1094_021,Surface Water,29.04638889,-80.94194444,,,EPA 1633,5.6,2.2,0,0,0,0,0,0,,,0,,,,,,,,,0,0,,,,,,,,,,,0,,,,,,,,,,,0,,0,,0,0,,,,,
Camacho_et_al_2024,VOL_1096_023,Surface Water,29.05111111,-80.96055556,,,EPA 1633,4.6,4.7,0,0,1.8,0,0,2.7,,,0,,,,,,,,,0,3,,,,,,,,,,,0,,,,,,,,,,,0,,0,,0,0,,,,,
Camacho_et_al_2024,VOL_1097_024,Surface Water,29.05111111,-80.96055556,,,EPA 1633,2.4,2.2,0,0,0,0,0,0,,,0,,,,,,,,,0,0.7,,,,,,,,,,,0,,,,,,,,,,,0,,0,,0,0,,,,,
Camacho_et_al_2024,VOL_1098_025,Surface Water,29.09333333,-80.97388889,,,EPA 1633,4.1,4.1,0,0,1.5,0,0,3.7,,,0,,,,,,,,,0,2,,,,,,,,,,,0,,,,,,,,,,,0,,0,,0,0,,,,,
Camacho_et_al_2024,VOL_1099_026,Surface Water,29.15194444,-80.97444444,,,EPA 1633,4.2,3.6,0,0,0,0,3.6,0,,,0,,,,,,,,,0,1.1,,,,,,,,,,,0,,,,,,,,,,,0,,0,,0,0,,,,,
Camacho_et_al_2024,VOL_1100_027,Surface Water,29.15805556,-81.00277778,,,EPA 1633,17.5,10.8,0,1.1,3.6,0,10.7,8.7,,,0,,,,,,,,,0,5.6,,,,,,,,,,,0,,,,,,,,,,,0,,0,,0,0,,,,,
Camacho_et_al_2024,VOL_1101_028,Surface Water,29.16305556,-81.05722222,,,EPA 1633,2.3,1.6,0,0,0,0,0,0,,,0,,,,,,,,,0,0,,,,,,,,,,,0,,,,,,,,,,,0,,0,,0,0,,,,,
Camacho_et_al_2024,VOL_1102_029,Surface Water,29.085,-81.02555556,,,EPA 1633,11.5,12.4,1.5,0,3.1,0,23,9.5,,,0,,,,,,,,,0,12.1,,,,,,,,,,,0,,,,,,,,,,,0,,0,,0,0,,,,,
Camacho_et_al_2024,VOL_1103_030,Surface Water,29.10861111,-81.03444444,,,EPA 1633,0,15.7,0,27.1,6.9,0,15.2,5.8,,,0,,,,,,,,,0,2.6,,,,,,,,,,,0,,,,,,,,,,,0,,0,,0,0,,,,,
Camacho_et_al_2024,VOL_1104_031,Surface Water,29.13638889,-81.0525,,,EPA 1633,0,2.2,0,0,0,0,0,0,,,0,,,,,,,,,0,1.9,,,,,,,,,,,0,,,,,,,,,,,0,,0,,0,0,,,,,
Camacho_et_al_2024,VOL_1517_032,Surface Water,29.010425,-81.38261389,,,EPA 1633,1.2,4.3,0,0,0,0,0,0,,,0,,,,,,,,,0,4.8,,,,,,,,,,,0,,,,,,,,,,,0,,0,,0,0,,,,,
Camacho_et_al_2024,VOL_1518_033,Surface Water,29.03259167,-81.27215,,,EPA 1633,9.1,3.7,0,0.8,1.7,0,7.4,0,,,0,,,,,,,,,0,3.7,,,,,,,,,,,0,,,,,,,,,,,0,,0,,0,0,,,,,
Camacho_et_al_2024,VOL_1519_034,Surface Water,28.92305,-81.19177778,,,EPA 1633,2.8,4.7,0,0,0,0,5.4,4.9,,,0,,,,,,,,,0,7.1,,,,,,,,,,,0,,,,,,,,,,,0,,0,,0,0,,,,,
Camacho_et_al_2024,VOL_1520_035,Surface Water,28.86226111,-81.25287222,,,EPA 1633,1.6,3.6,0,0,0,0,0,0,,,0,,,,,,,,,0,4.3,,,,,,,,,,,0,,,,,,,,,,,0,,0,,0,0,,,,,
Camacho_et_al_2024,VOL_1533_036,Surface Water,29.13415833,-81.36336667,,,EPA 1633,0.9,0.6,0,0,0,0,0,0,,,0,,,,,,,,,0,0.9,,,,,,,,,,,0,,,,,,,,,,,0,,0,,0,0,,,,,
Camacho_et_al_2024,VOL_2271_041,Surface Water,29.064444,-80.937778,,,EPA 1633,0,2,0,0,0,0,3.4,0,,,0,,,,,,,,,0,1.2,,,,,,,,,,,0,,,,,,,,,,,0,,0,,0,0,,,,,
Camacho_et_al_2024,VOL_2272_042,Surface Water,29.081111,-80.967222,,,EPA 1633,3.3,4.4,0,0,1.9,0,6.1,3.1,,,0,,,,,,,,,0,4.1,,,,,,,,,,,0,,,,,,,,,,,0,,0,,0,0,,,,,
Camacho_et_al_2024,VOL_2273_043,Surface Water,29.02249,-80.96027,,,EPA 1633,4.3,4.1,0,0,0,0,0,0,,,0,,,,,,,,,0,3.8,,,,,,,,,,,0,,,,,,,,,,,0,,0,,0,0,,,,,
Camacho_et_al_2024,VOL_2274_044,Surface Water,29.03361,-80.88972,,,EPA 1633,1.6,2.1,0,0,0,0,0,0,,,0,,,,,,,,,0,0,,,,,,,,,,,0,,,,,,,,,,,0,,0,,0,0,,,,,
Camacho_et_al_2024,VOL_2275_045,Surface Water,28.99333,-80.90305,,,EPA 1633,2,1.9,0,0,0,0,0,0,,,0,,,,,,,,,0,1.5,,,,,,,,,,,0,,,,,,,,,,,0,,0,,0,0,,,,,
Camacho_et_al_2024,VOL_2277_047,Surface Water,29.03166,-80.94666,,,EPA 1633,9.7,10.3,0,0,1.8,0,9.6,6.3,,,0,,,,,,,,,0,8.6,,,,,,,,,,,0,,,,,,,,,,,0,,0,,0,0,,,,,
Camacho_et_al_2024,VOL_2278_048,Surface Water,29.0275,-80.92138,,,EPA 1633,1.3,1.5,0,0,0,0,0,0,,,0,,,,,,,,,0,1.8,,,,,,,,,,,0,,,,,,,,,,,0,,0,,0,0,,,,,
Camacho_et_al_2024,VOL_2279_049,Surface Water,28.99083,-80.86555,,,EPA 1633,0,0.6,0,0,0,0,0,0,,,0,,,,,,,,,0,0,,,,,,,,,,,0,,,,,,,,,,,0,,0,,0,0,,,,,
Camacho_et_al_2024,VOL_2280_050,Surface Water,29.10638,-80.94166,,,EPA 1633,0,0,0,0,0,0,0,0,,,0,,,,,,,,,0,0,,,,,,,,,,,0,,,,,,,,,,,0,,0,,0,0,,,,,
Camacho_et_al_2024,VOL_2338_051,Surface Water,28.93734,-81.0952,,,EPA 1633,0,2.2,0,0,0,0,0,0,,,0,,,,,,,,,0,4,,,,,,,,,,,0,,,,,,,,,,,0,,0,,0,0,,,,,
Camacho_et_al_2024,VOL_2339_052,Surface Water,29.167781,-81.300396,,,EPA 1633,0,2.9,0,0,0,0,0,0,,,0,,,,,,,,,0,0,,,,,,,,,,,0,,,,,,,,,,,0,,0,,0,0,,,,,
Camacho_et_al_2024,VOL_2470_053,Surface Water,29.03597,-80.89385,,,EPA 1633,1.5,1.5,0,0,0,0,0,0,,,0,,,,,,,,,0,0,,,,,,,,,,,0,,,,,,,,,,,0,,0,,0,0,,,,,
Camacho_et_al_2024,VOL_2471_054,Surface Water,28.94638,-81.34388,,,EPA 1633,2.4,3.7,0,0,0,0,0,0,,,0,,,,,,,,,0,4.5,,,,,,,,,,,0,,,,,,,,,,,0,,0,,0,0,,,,,
Camacho_et_al_2024,VOL_2472_055,Surface Water,28.89,-81.355,,,EPA 1633,2,3.5,0,0,0,4.6,0,0,,,0,,,,,,,,,0,3.8,,,,,,,,,,,0,,,,,,,,,,,0,,0,,0,0,,,,,
Camacho_et_al_2024,VOL_2473_056,Surface Water,28.8725,-81.16888,,,EPA 1633,3.1,3.6,0,0,0,0,0,0,,,0,,,,,,,,,0,13.7,,,,,,,,,,,0,,,,,,,,,,,0,,0,,0,0,,,,,
Camacho_et_al_2024,VOL_2474_057,Surface Water,28.89888,-81.22472,,,EPA 1633,7.2,8.1,0,0,1.3,5.2,9.4,5.2,,,0,,,,,,,,,0,9.4,,,,,,,,,,,0,,,,,,,,,,,0,,0,,0,0,,,,,
Camacho_et_al_2024,VOL_2475_058,Surface Water,28.79027,-81.13833,,,EPA 1633,2.2,3.2,0,0,0,0,0,0,,,0,,,,,,,,,0,4.3,,,,,,,,,,,0,,,,,,,,,,,0,,0,,0,0,,,,,
Camacho_et_al_2024,VOL_2476_059,Surface Water,28.808056,-81.131389,,,EPA 1633,2.3,3.3,0,0,0,0,0,0,,,0,,,,,,,,,0,3.4,,,,,,,,,,,0,,,,,,,,,,,0,,0,,0,0,,,,,
Camacho_et_al_2024,VOL_2477_060,Surface Water,28.934444,-80.829444,,,EPA 1633,3.3,3.2,0,0,0,5.6,0,0,,,0,,,,,,,,,0,2.5,,,,,,,,,,,0,,,,,,,,,,,0,,0,,0,0,,,,,
Camacho_et_al_2024,VOL_2478_061,Surface Water,28.988889,-80.869722,,,EPA 1633,4.9,4,0,0,0,4.6,4.1,4.8,,,0,,,,,,,,,0,4.1,,,,,,,,,,,0,,,,,,,,,,,0,,0,,0,0,,,,,
Camacho_et_al_2024,VOL_2479_062,Surface Water,29.003333,-80.887222,,,EPA 1633,3.7,2.5,0,0,1.6,3.9,2.7,2.7,,,0,,,,,,,,,0,3,,,,,,,,,,,0,,,,,,,,,,,0,,0,,0,0,,,,,
Camacho_et_al_2024,VOL_2502_063,Surface Water,29.40845,-81.10028,,,EPA 1633,2.8,3.4,0,0,0,4.7,0,0,,,0,,,,,,,,,0,2.8,,,,,,,,,,,0,,,,,,,,,,,0,,0,,0,0,,,,,
Camacho_et_al_2024,VOL_2503_064,Surface Water,29.35245,-81.07531,,,EPA 1633,3.9,4.1,0,0,0,7.8,0,0,,,0,,,,,,,,,0,3.7,,,,,,,,,,,0,,,,,,,,,,,0,,0,,0,0,,,,,
Camacho_et_al_2024,VOL_2512_065,Surface Water,29.27242,-81.54506,,,EPA 1633,0,3.4,0,0,0,0,0,0,,,0,,,,,,,,,0,2.6,,,,,,,,,,,0,,,,,,,,,,,0,,0,,0,0,,,,,
Camacho_et_al_2024,WAK_0118_016,Surface Water,30.175845,-84.245293,,,EPA 1633,0,2.3,0,0,1,0,0,0,,,0,,,,,,,,,0,0,,,,,,,,,,,0,,,,,,,,,,,0,,0,,0,0,,,,,
Camacho_et_al_2024,WAK_0119_017,Surface Water,29.987948,-84.501722,,,EPA 1633,0,2.2,0,0,0.7,0,0,0,,,0,,,,,,,,,0,0,,,,,,,,,,,0,,,,,,,,,,,0,,0,,0,0,,,,,
Camacho_et_al_2024,WAK_0120_018,Surface Water,29.98475,-84.42288889,,,EPA 1633,0,2,0,0,0.6,0,0,0,,,0,,,,,,,,,0,0,,,,,,,,,,,0,,,,,,,,,,,0,,0,,0,0,,,,,
Camacho_et_al_2024,WAK_0122_001,Surface Water,30.05913,-84.289117,,,EPA 1633,0,2.1,0,0,0,0,0,0,,,0,,,,,,,,,0,0,,,,,,,,,,,0,,,,,,,,,,,0,,0,,0,0,,,,,
Camacho_et_al_2024,WAK_1372_004,Surface Water,30.1047,-84.2616,,,EPA 1633,0,2.4,0,0,0,0,0,0,,,0,,,,,,,,,0,0,,,,,,,,,,,0,,,,,,,,,,,0,,0,,0,0,,,,,
Camacho_et_al_2024,WAK_1373_005,Surface Water,30.1298,-84.145,,,EPA 1633,0,2.6,0,2,1,0,0,0,,,0,,,,,,,,,0,0,,,,,,,,,,,3.8,,,,,,,,,,,0,,0,,4.4,0,,,,,
Camacho_et_al_2024,WAK_1374_006,Surface Water,30.074,-84.18,,,EPA 1633,3.9,2.6,0,1.6,0,0,2.5,0,,,0,,,,,,,,,0,0,,,,,,,,,,,0,,,,,,,,,,,0,,0,,0,0,,,,,
Camacho_et_al_2024,WAK_1387_007,Surface Water,30.154,-84.2048,,,EPA 1633,0,0,0,0,0,0,0,0,,,0,,,,,,,,,0,0,,,,,,,,,,,0,,,,,,,,,,,0,,0,,0,0,,,,,
Camacho_et_al_2024,WAK_1388_008,Surface Water,30.2134,-84.2616,,,EPA 1633,4.2,2.9,0,0,0,0,2.7,0,,,0,,,,,,,,,0,4.9,,,,,,,,,,,0,,,,,,,,,,,0,,0,,0,0,,,,,
Camacho_et_al_2024,WAK_1835_010,Surface Water,30.05088889,-84.49966667,,,EPA 1633,0,0,0,0,0,0,0,0,,,0,,,,,,,,,0,0,,,,,,,,,,,0,,,,,,,,,,,0,,0,,0,0,,,,,
Camacho_et_al_2024,WAK_1836_011,Surface Water,30.01580556,-84.36847222,,,EPA 1633,0,2.1,0,0,0,0,0,0,,,0,,,,,,,,,0,0,,,,,,,,,,,0,,,,,,,,,,,0,,0,,0,0,,,,,
Camacho_et_al_2024,WAK_1837_012,Surface Water,29.97369444,-84.34022222,,,EPA 1633,4.6,2.3,0,0,0.9,0,0,0,,,0,,,,,,,,,0,0,,,,,,,,,,,0,,,,,,,,,,,0,,0,,0,0,,,,,
Camacho_et_al_2024,WAK_1840_013,Surface Water,30.00466667,-84.47169444,,,EPA 1633,0,2.1,0,0,0.6,0,0,0,,,0,,,,,,,,,0,0,,,,,,,,,,,0,,,,,,,,,,,0,,0,,0,0,,,,,
Camacho_et_al_2024,WAK_1852_014,Surface Water,30.09244444,-84.50986111,,,EPA 1633,0,0,0,0,0,0,0,0,,,0,,,,,,,,,0,0,,,,,,,,,,,0,,,,,,,,,,,0,,0,,0,0,,,,,
Camacho_et_al_2024,WAK_1853_015,Surface Water,30.21455556,-84.68169444,,,EPA 1633,0,2.1,0,0,0,0,0,0,,,0,,,,,,,,,0,0,,,,,,,,,,,0,,,,,,,,,,,0,,0,,0,0,,,,,
Camacho_et_al_2024,WAK_2406_020,Surface Water,30.239444,-84.270556,,,EPA 1633,0,0,0,0,0,0,0,0,,,0,,,,,,,,,0,1.6,,,,,,,,,,,0,,,,,,,,,,,0,,0,,0,0,,,,,
Camacho_et_al_2024,WAK_2407_021,Surface Water,30.19923,-84.17771,,,EPA 1633,0,0,0,0,0,0,0,0,,,0,,,,,,,,,0,0,,,,,,,,,,,0,,,,,,,,,,,0,,0,,0,0,,,,,
Camacho_et_al_2024,WAK_2408_022,Surface Water,30.02827,-84.38672,,,EPA 1633,0,1.2,0,0,0,0,0,0,,,0,,,,,,,,,0,0,,,,,,,,,,,0,,,,,,,,,,,0,,0,,0,0,,,,,
Camacho_et_al_2024,WAK_2480_023,Surface Water,30.23545,-84.30284,,,EPA 1633,2.1,1.8,0,0,0,0,2.5,0,,,0,,,,,,,,,0,1.2,,,,,,,,,,,0,,,,,,,,,,,0,,0,,0,0,,,,,
Camacho_et_al_2024,WAK_2481_024,Surface Water,30.23424,-84.30224,,,EPA 1633,2.6,1.6,0,0,0,0,0,0,,,0,,,,,,,,,0,1.1,,,,,,,,,,,0,,,,,,,,,,,0,,0,,0,0,,,,,
Camacho_et_al_2024,WAK_2564_025,Surface Water,30.22861,-84.30527,,,EPA 1633,3.5,2.4,0,0,0,5.6,0,0,,,0,,,,,,,,,0,2.7,,,,,,,,,,,0,,,,,,,,,,,0,,0,,0,0,,,,,
Camacho_et_al_2024,WAK_2565_026,Surface Water,30.2325,-84.30416,,,EPA 1633,0,1.4,0,0,0,0,0,0,,,0,,,,,,,,,0,1.7,,,,,,,,,,,0,,,,,,,,,,,0,,0,,0,0,,,,,
Camacho_et_al_2024,WAK_2566_027,Surface Water,30.23361,-84.30222,,,EPA 1633,2.9,2.3,0,0,0,0,2.4,0,,,0,,,,,,,,,0,1.6,,,,,,,,,,,0,,,,,,,,,,,0,,0,,0,0,,,,,
Camacho_et_al_2024,WAK_2567_028,Surface Water,30.23416,-84.30222,,,EPA 1633,0,2,0,0,0,0,0,0,,,0,,,,,,,,,0,0,,,,,,,,,,,0,,,,,,,,,,,0,,0,,0,0,,,,,
Camacho_et_al_2024,WAL_1557_001,Surface Water,30.461119,-86.193389,,,EPA 1633,0,0,0,0,0,0,0,0,,,0,,,,,,,,,0,0,,,,,,,,,,,0,,,,,,,,,,,0,,0,,0,0,,,,,
Camacho_et_al_2024,WAL_1558_002,Surface Water,30.486425,-86.251812,,,EPA 1633,0,0,0,0,0,0,0,0,,,0,,,,,,,,,0,0,,,,,,,,,,,0,,,,,,,,,,,0,,0,,0,0,,,,,
Camacho_et_al_2024,WAL_1559_003,Surface Water,30.476386,-86.331669,,,EPA 1633,0,0,0,0,0,0,0,0,,,0,,,,,,,,,0,0,,,,,,,,,,,0,,,,,,,,,,,0,,0,,0,0,,,,,
Camacho_et_al_2024,WAL_1582_004,Surface Water,30.295329,-86.057275,,,EPA 1633,0,1.4,0,0,0,0,2.6,0,,,0,,,,,,,,,0,0,,,,,,,,,,,0,,,,,,,,,,,0,,0,,0,0,,,,,
Camacho_et_al_2024,WAL_1583_005,Surface Water,30.305325,-86.08331,,,EPA 1633,4.5,4.1,0,3.8,4.3,0,6.2,3.2,,,0,,,,,,,,,0,2.9,,,,,,,,,,,0,,,,,,,,,,,0,,0,,0,0,,,,,
Camacho_et_al_2024,WAL_1584_006,Surface Water,30.325815,-86.141488,,,EPA 1633,0,1.3,0,0,0,0,2.8,0,,,0,,,,,,,,,0,0.3,,,,,,,,,,,0,,,,,,,,,,,0,,0,,0,0,,,,,
Camacho_et_al_2024,WAL_1585_007,Surface Water,30.486274,-86.136631,,,EPA 1633,0,0,0,0,0,0,0,0,,,0,,,,,,,,,0,0,,,,,,,,,,,0,,,,,,,,,,,0,,0,,0,0,,,,,
Camacho_et_al_2024,WAL_1586_008,Surface Water,30.512616,-86.186517,,,EPA 1633,0,0,0,0,0,0,0,0,,,0,,,,,,,,,0,0,,,,,,,,,,,0,,,,,,,,,,,0,,0,,0,0,,,,,
Camacho_et_al_2024,WAL_1860_010,Surface Water,30.39808333,-86.27925,,,EPA 1633,0,0,0,0,0,0,1.2,0,,,0,,,,,,,,,0,0,,,,,,,,,,,0,,,,,,,,,,,0,,0,,0,0,,,,,
Camacho_et_al_2024,WAL_1861_011,Surface Water,30.41894444,-86.22794444,,,EPA 1633,0,0,0,0,0,0,0,0,,,0,,,,,,,,,0,0,,,,,,,,,,,0,,,,,,,,,,,0,,0,,0,0,,,,,
Camacho_et_al_2024,WAL_1862_012,Surface Water,30.37263889,-86.11508333,,,EPA 1633,0,0,0,0,0,0,0,0,,,0,,,,,,,,,0,0,,,,,,,,,,,0,,,,,,,,,,,0,,0,,0,0,,,,,
Camacho_et_al_2024,WAL_1863_013,Surface Water,30.32658333,-86.15580556,,,EPA 1633,6.7,2.3,0,2.4,1.3,0,2,0,,,0,,,,,,,,,0,0.3,,,,,,,,,,,1.2,,,,,,,,,,,0,,0,,0,0,,,,,
Camacho_et_al_2024,WAL_1864_014,Surface Water,30.49227778,-86.13963889,,,EPA 1633,0,2.2,0,0,0,0,1.3,0,,,0,,,,,,,,,0,0.3,,,,,,,,,,,0,,,,,,,,,,,0,,0,,0,0,,,,,
Camacho_et_al_2024,WAL_2201_015,Surface Water,30.99553,-86.31675,,,EPA 1633,0,0.8,0,0,0,0,0,0,,,0,,,,,,,,,0,0,,,,,,,,,,,0,,,,,,,,,,,0,,0,,0,0,,,,,
Camacho_et_al_2024,WAL_2211_016,Surface Water,30.391239,-86.37868,,,EPA 1633,2.5,1.5,0,0,0,0,0,0,,,0,,,,,,,,,0,1,,,,,,,,,,,0,,,,,,,,,,,0,,0,,0,0,,,,,
Camacho_et_al_2024,WAL_2212_17,Surface Water,30.367953,-86.291401,,,EPA 1633,0.9,0.9,0,0,0,0,0,0,,,0,,,,,,,,,0,0,,,,,,,,,,,0,,,,,,,,,,,0,,0,,0,0,,,,,
Camacho_et_al_2024,WAL_2213_018,Surface Water,30.352247,-86.251645,,,EPA 1633,0,0.6,0,0,0,0,0,0,,,0,,,,,,,,,0,0,,,,,,,,,,,0,,,,,,,,,,,0,,0,,0,0,,,,,
Camacho_et_al_2024,WAL_2340_021,Surface Water,30.404203,-86.036618,,,EPA 1633,0,1.6,0,0,0,0,0,0,,,0,,,,,,,,,0,0,,,,,,,,,,,0,,,,,,,,,,,0,,0,,0,0,,,,,
Camacho_et_al_2024,WAS_2202_001,Surface Water,30.74219,-85.55301,,,EPA 1633,0,0,0,0,0,0,0,0,,,0,,,,,,,,,0,0,,,,,,,,,,,0,,,,,,,,,,,0,,0,,0,0,,,,,
Camacho_et_al_2024,WAS_2203_002,Surface Water,30.7272,-85.53119,,,EPA 1633,0,0,0,0,0,0,0,0,,,0,,,,,,,,,0,0,,,,,,,,,,,0,,,,,,,,,,,0,,0,,0,0,,,,,
Camacho_et_al_2024,WAS_2204_003,Surface Water,30.45375,-85.69793,,,EPA 1633,0,0.7,0,0,0,0,0,0,,,0,,,,,,,,,0,0.4,,,,,,,,,,,0,,,,,,,,,,,0,,0,,0,0,,,,,
Camacho_et_al_2024,WAS_2214_004,Surface Water,30.451065,-85.898874,,,EPA 1633,0.9,0.7,0,0,0,0,0,0,,,0,,,,,,,,,0,0,,,,,,,,,,,0,,,,,,,,,,,0,,0,,0,0,,,,,
Camacho_et_al_2024,WAS_2215_005,Surface Water,30.538231,-85.86225,,,EPA 1633,0,0,0,0,0,0,0,0,,,0,,,,,,,,,0,0,,,,,,,,,,,0,,,,,,,,,,,0,,0,,0,0,,,,,
Camacho_et_al_2024,WAS_2216_006,Surface Water,30.605275,-85.765401,,,EPA 1633,0,0,0,0,0,0,0,0,,,0,,,,,,,,,0,0,,,,,,,,,,,0,,,,,,,,,,,0,,0,,0,0,,,,,
Camacho_et_al_2024,WAS_2341_007,Surface Water,30.498553,-85.550577,,,EPA 1633,0,1.4,0,0,0,0,0,0,,,0,,,,,,,,,0,0,,,,,,,,,,,0,,,,,,,,,,,0,,0,,0,0,,,,,
Camacho_et_al_2024,WAS_2342_008,Surface Water,30.553506,-85.567936,,,EPA 1633,0,0,0,0,0,0,0,0,,,0,,,,,,,,,0,0,,,,,,,,,,,0,,,,,,,,,,,0,,0,,0,0,,,,,