Article (Author et al YYYY),Sample Name,Sample Type,Latitude,Longitude,Sampling Year,Sample Date (MM/DD/YYY),Sample Time,Analysis Method,Streamflow (m3/s),Sampling Depth (m),Units,PFOS,PFOA,FBSA,PFDA,PFNA,PFHxS,PFHxA,PFHpA,PFHpS,GenX,4:2 FTS,6:2 FTS,8:2 FTS,10:2 FTS,3:3 FTCA,5:3 FTCA,7:3 FTCA,PFPA,PFPeA,PFPeS,PFBS,PFBA,PFMOPrA,PFMOBA,PFMOAA,PFO2HxA,PFO3OA,PFO4DA,PFESA BP 1,PFESA BP 2,PFDoS,PFUnDA,FOSAA,N-MeFOSE,NMeFOSAA,NMeFOSA,N-EtFOSE,NEtFOSAA,N-EtFOSA,PFDS,PFTeDA,PFHxDA,PFHxSA,PFNS,PFTrDA,PFDoA,PFOSA,9-Cl-PF3ONS,11-Cl-PF3OUdS,PFECA-G,ADONA,PFEESA,NFDHA,PFODA
Michigan_MPART_Surface_Water,Clark's Marsh | 02-CM-0060,Surface Water,44.4381,-83.3906,2020,2/3/2020,,EPA 537.1,,,ng/L,660.00,,,0.37,,,,,,,,,11.00,,,,,,,,,,,,,,,,,,,,,,,,,,,0.00,0.00,,,0.00,,,,0.00,0.00,,0.00,,,
Michigan_MPART_Surface_Water,Simpson Lake | 02-SL-0010,Surface Water,44.50745664,-83.37365456,2021,9/1/2021,,EPA 537.1,,,ng/L,,,,,,,,,,,,,,,,,,,,,,2.34,,,,,,,,,,,,,,,,,,,,,,,,,,,,,,,,
Michigan_MPART_Surface_Water,Au Sable River | 02-AS-0150,Surface Water,44.436653,-83.434334,2022,9/8/2022,,EPA 8327,,,ng/L,,,,,,,,0.00,,,,,,,,,,,,,0.00,,,,,,,,,,,,,,,,,,,,,,,,,,,,,,,,,
Michigan_MPART_Surface_Water,Hill Creek | 02-HC-0030,Surface Water,44.511668,-83.417901,2022,9/8/2022,,EPA 8327,,,ng/L,0.50,0.90,,,,,,0.30,,,,,,,,,,,,,0.00,,,,,,,,,,,,,,,,,,,,,,,,,,,,,,,,,
Michigan_MPART_Surface_Water,Au Sable River | 02-AS-0800,Surface Water,44.66442,-84.70489,2022,9/7/2022,,EPA 8327,,,ng/L,,,,,,1.20,,0.00,,,,,,,,,,,,,0.00,0.80,,,,,,,,,,,,,,,,,,,,,,,,,,,,,,,,
Michigan_MPART_Surface_Water,Cherry Creek | 02-CC-0040,Surface Water,44.695786,-84.127425,2022,9/7/2022,,EPA 8327,,,ng/L,,,,,,,,0.00,,,,,,,,,,,,,0.00,,,,,,,,,,,,,,,,,,,,,,,,,,,,,,,,,
Michigan_MPART_Surface_Water,Van Etten Lake | 02-VEL-0020,Surface Water,44.46385,-83.35178,2013,7/1/2013,,Unnamed_SPE_LCMS_MS,,,ng/L,1.40,1.10,,,,,1.30,0.87,,,,,,,,,,,,,,,,,,,,,,,,,,,,,,,,,0.00,0.46,,,,,,,,,,,,
Michigan_MPART_Surface_Water,Au Sable River | 02-AS-0500,Surface Water,44.65392,-84.043527,2022,9/7/2022,,EPA 8327,,,ng/L,,,,,,,,0.00,,,,,,,,,,,,,0.00,,,,,,,,,,,,,,,,,,,,,,,,,,,,,,,,,
Michigan_MPART_Surface_Water,Au Sable River | 02-AS-0600,Surface Water,44.669102,-84.186969,2022,9/7/2022,,EPA 8327,,,ng/L,,,,,,,0.50,0.00,,,,,,,,,,,,,0.00,0.40,,,,,,,,,,,,,,,,,,,,,,,,,,,,,,,,
Michigan_MPART_Surface_Water,Robinson Creek | 02-RBC-0030,Surface Water,44.479375,-84.592224,2022,9/7/2022,,EPA 8327,,,ng/L,,,,,,,,0.20,,,,,,,,,,,,,0.00,1.40,,,,,,,,,,,,,,,,,,,,,,,,,,,,,,,,
Michigan_MPART_Surface_Water,Van Etten Lake | 02-VEL-0040,Surface Water,44.47949,-83.37762,2020,2/4/2020,,EPA 537.1,,,ng/L,1.70,,,0.00,0.00,0.58,,0.26,0.00,,,,,,,,,,,0.00,0.27,,,,,,,,,,,,,,,,,,,0.00,0.00,,,0.00,,,0.34,0.00,0.00,,0.00,,,
Michigan_MPART_Surface_Water,Pine River | 02-PR-0030,Surface Water,44.55052,-83.421983,2022,9/8/2022,,EPA 8327,,,ng/L,,,,,,,,0.20,,,,,,,,,,,,,0.00,,,,,,,,,,,,,,,,,,,,,,,,,,,,,,,,,
Michigan_MPART_Surface_Water,Au Sable River | 02-AS-0750,Surface Water,44.66412,-84.64776,2022,9/7/2022,,EPA 8327,,,ng/L,0.50,,,,,1.40,,0.20,,,,,,,,,,,0.70,,0.00,0.90,,,,,,,,,,,,,,,,,,,,,,,,,,,,,,,,
Michigan_MPART_Surface_Water,East Branch Au Sable River | 02-EAS-0050,Surface Water,44.69896,-84.69272,2022,9/7/2022,,EPA 8327,,,ng/L,,,,,,,,0.00,,,,,,,,,,,,,0.00,0.70,,,,,,,,,,,,,,,,,,,,,,,,,,,,,0.60,,,
Michigan_MPART_Surface_Water,Big Creek | 02-BGC-0020,Surface Water,44.715605,-84.409092,2022,9/7/2022,,EPA 8327,,,ng/L,,,,,,,,0.40,,,,,,,,,,,,,0.00,,,,,,,,,,,,,,,,,,,,,,,,,,,,,,,,,
Michigan_MPART_Surface_Water,Au Sable River | 02-AS-0030,Surface Water,44.415308,-83.330805,2022,9/8/2022,,EPA 8327,,,ng/L,1.30,,,,,1.10,0.70,0.20,,,,,,,,,,,0.90,,0.00,0.50,,,,,,,,,,,,,,,,,,,,,,,,,,,,,,,,
Michigan_MPART_Surface_Water,Shellenbarger Lake Outlet | 02-SBLO-0010,Surface Water,44.656505,-84.688884,2022,9/7/2022,,EPA 8327,,,ng/L,0.70,,,,,,,1.50,,,,,,,,,,,1.70,,0.90,1.30,,,,,,,,,,,,,,,,,,,,,,,,,,,,,,,,
Michigan_MPART_Surface_Water,Au Sable River | 02-AS-0750,Surface Water,44.66412,-84.64776,2017,6/8/2017,,EPA 537.1,,,ng/L,,0.84,,,,,1.10,,,,,,,,,,,,,,,1.80,,,,,,,,,,,,,,,,,,,0.90,0.00,,,,,,,,,,,,
Michigan_MPART_Surface_Water,Lake Huron | 02-LH-0020,Surface Water,44.38056984,-83.33028213,2022,9/8/2022,,EPA 8327,,,ng/L,1.50,,,,,,0.80,0.30,,,,,,,,,,,,,0.00,1.40,,,,,,,,,,,,,,,,,,,,,,,,,,,,,,,,
Michigan_MPART_Surface_Water,East Branch Au Sable River | 02-EAS-0010,Surface Water,44.66607,-84.70474,2022,9/7/2022,,EPA 8327,,,ng/L,0.70,,0.50,,,,1.20,0.40,,,,,,,,,,,0.90,,0.00,1.10,,,,,,,,,,,,,,,,,,,,,,,,,,,,,,,,
Michigan_MPART_Surface_Water,Au Sable River | 02-AS-0120,Surface Water,44.432325,-83.390948,2022,9/8/2022,,EPA 8327,,,ng/L,,,,,,,,0.00,,,,,,,,,,,,,0.00,0.30,,,,,,,,,,,,,,,,,,,,,,,,,,,,,,,,
Michigan_MPART_Surface_Water,Lake Huron | 02-LH-0010,Surface Water,44.403748,-83.321361,2022,9/8/2022,,EPA 8327,,,ng/L,,,,,,,0.70,0.50,,,,,,,,,,,,,0.00,0.90,,,,,,,,,,,,,,,,,,,,,,,,,,,,,,,,
Michigan_MPART_Surface_Water,Au Sable River | 02-AS-0050,Surface Water,44.420075,-83.339787,2022,9/8/2022,,EPA 8327,,,ng/L,,0.90,,,,,1.30,0.40,,,,,,,,,,,1.60,,0.40,1.40,,,,,,,,,,,,,,,,,,,,,1.30,,,,,,,,,,,
Michigan_MPART_Surface_Water,Au Sable River | 02-AS-0250,Surface Water,44.472869,-83.570312,2022,9/8/2022,,EPA 8327,,,ng/L,,,,,,,,0.20,,,,,,,,,,,,,0.00,,,,,,,,,,,,,,,,,,,,,,,,,,,,,,,,,
Michigan_MPART_Surface_Water,Au Sable River | 02-AS-0030,Surface Water,44.415308,-83.330805,2022,9/8/2022,,EPA 8327,,,ng/L,1.50,,,,,1.10,0.70,0.20,,,,,,,,,,,0.90,,0.00,0.60,,,,,,,,,,,,,,,,,,,,,,,,,,,,,,,,
Michigan_MPART_Surface_Water,North Branch Au Sable River | 02-NAS-0060,Surface Water,44.803885,-84.481992,2022,9/7/2022,,EPA 8327,,,ng/L,,,,,,,,0.00,,,,,,,,,,,,,0.00,,,,,,,,,,,,,,,,,,,,,,,,,,,,,,,,,
Michigan_MPART_Surface_Water,Au Sable River | 02-AS-0450,Surface Water,44.560444,-83.80337,2022,9/8/2022,,EPA 8327,,,ng/L,,,,,,,,0.20,,,,,,,,,,,,,0.00,,,,,,,,,,,,,,,,,,,,,,,,,,,,,,,,,
Michigan_MPART_Surface_Water,Hill Creek | 02-HC-0040,Surface Water,44.505544,-83.436765,2022,9/8/2022,,EPA 8327,,,ng/L,,,,,,,,0.20,,,,1.40,,,,,,,,,0.00,,,,,,,,,,,,,,,,,,,,,,,,,,,,,,,,,
Michigan_MPART_Surface_Water,South Branch Au Sable River | 02-SAS-0260,Surface Water,44.50123366,-84.59025514,2022,9/7/2022,,EPA 8327,,,ng/L,,,,,,,,0.00,,,,,,,,,,,,,0.00,1.40,,,,,,,,,,,,,,,,,,,,,,,,,,,,,,,,
Michigan_MPART_Surface_Water,Van Etten Lake | 02-VEL-0020,Surface Water,44.46385,-83.35178,2013,7/1/2013,,Unnamed_SPE_LCMS_MS,,,ng/L,1.40,1.20,,,,,1.10,,,,,,,,,,,,1.20,,,,,,,,,,,,,,,,,,,,,,0.00,0.52,,,,,,,,,,,,
Michigan_MPART_Surface_Water,Au Sable River | 02-AS-0350,Surface Water,44.462788,-83.72049,2022,9/8/2022,,EPA 8327,,,ng/L,,,,,,,,0.30,,,,,,,,,,,,,0.00,,,,,,,,,,,,,,,,,,,,,,,,,,,,,,,,,
Michigan_MPART_Surface_Water,Van Etten Lake | 02-VEL-0030,Surface Water,44.47021,-83.35949,2019,7/23/2019,,EPA 537.1,,,ng/L,,,,,,,1.60,0.89,,,,2.00,,,,,,,1.70,,,4.30,,,,,,,,,,,,,,,,,,,,,,,,,,,,,,,,
Michigan_MPART_Surface_Water,North Van Etten Creek | 02-NVEC-0010,Surface Water,44.547751,-83.401822,2022,9/8/2022,,EPA 8327,,,ng/L,,,,,,,0.40,0.00,,,,,,,,,,,,,0.00,1.10,,,,,,,,,,,,,,,,,,,,,,,,,,,,,,,,
Michigan_MPART_Surface_Water,South Branch Pine River | 02-SPR-0060,Surface Water,44.573263,-83.585996,2022,9/8/2022,,EPA 8327,,,ng/L,,,,,,,,0.30,,,,,,,,,,,,,0.00,,,,,,,,,,,,,,,,,,,,,,,,,,,,,,,,,
Michigan_MPART_Surface_Water,Au Sable River | 02-AS-0030,Surface Water,44.415308,-83.330805,2022,9/8/2022,,EPA 8327,,,ng/L,1.40,,,,,1.00,0.70,0.00,,,,,,,,,,,1.10,,0.00,0.90,,,,,,,,,,,,,,,,,,,,,,,,,,,,,,,,
Michigan_MPART_Surface_Water,South Branch Au Sable River | 02-SAS-0150,Surface Water,44.614984,-84.455649,2022,9/7/2022,,EPA 8327,,,ng/L,,,,,,,,0.00,,,,,,,,,,,,,0.00,0.90,,,,,,,,,,,,,,,,,,,,,,,,,,,,,,,,
Michigan_MPART_Surface_Water,Au Sable River | 02-AS-0850,Surface Water,44.68493,-84.74572,2017,6/8/2017,,EPA 537.1,,,ng/L,1.30,,,,,,,,,,,,,,,,,,,,,1.50,,,,,,,,,,,,,,,,,,,1.00,0.00,,,,,6.80,,,,,,,
Michigan_MPART_Surface_Water,Cedar Lake | 35-CL-0010,Surface Water,44.50399,-83.33517,2019,7/23/2019,,EPA 537.1,,,ng/L,0.85,1.80,,,0.64,,1.40,1.30,,,,,,,,,,,1.30,,0.57,,,,,,,,,,,,,,,,,,,,,,,,,,0.79,,,,,,,
Michigan_MPART_Surface_Water,South Branch Au Sable River | 02-SAS-0400,Surface Water,44.402758,-84.460977,2022,9/7/2022,,EPA 8327,,,ng/L,,0.90,,,,,1.40,1.20,,,,,,,,,,,,,1.10,,,,,,,,,,,,,,,,,,,,,,,,,,,,,,,,,
Michigan_MPART_Surface_Water,Robinson Creek | 02-RBC-0070,Surface Water,44.443441,-84.585402,2022,9/7/2022,,EPA 8327,,,ng/L,,,,,,,0.40,0.30,,,,,,,,,,,,,0.00,,,,,,,,,,,,,,,,,,,,,,,,,,,,,,,,,
Michigan_MPART_Surface_Water,Au Sable River | 02-AS-0030,Surface Water,44.415308,-83.330805,2013,7/1/2013,,Unnamed_SPE_LCMS_MS,,,ng/L,,2.00,,,,,1.60,0.87,,,,,,,,,,,1.20,,,,,,,,,,,,,,,,,,,,,,0.00,0.55,,,,,,,,,,,,
Michigan_MPART_Surface_Water,East Branch Au Sable River | 02-EAS-0050,Surface Water,44.69896,-84.69272,2017,6/8/2017,,EPA 537.1,,,ng/L,,,,,,,,,,,,,,,,,,,,,,,,,,,,,,,,,,,,,,,,,1.80,0.43,,,0.52,,,,,,,,,
Michigan_MPART_Surface_Water,Van Etten Lake | 02-VEL-0020,Surface Water,44.46385,-83.35178,2013,7/1/2013,,Unnamed_SPE_LCMS_MS,,,ng/L,,1.30,,,,,1.10,,,,,,,,,,,,1.50,,,,,,,,,,,,,,,,,,,,,,0.34,0.50,,,,,,,,,,,,
Michigan_MPART_Surface_Water,Au Sable River | 02-AS-0850,Surface Water,44.68493,-84.74572,2022,9/7/2022,,EPA 8327,,,ng/L,,,,,,,,0.00,,,,,,,,,,,,,0.00,0.60,,,,,,,,,,,,,,,,,,,,,,,,,,,,,,,,
Michigan_MPART_Surface_Water,Au Sable River | 02-AS-0800,Surface Water,44.66442,-84.70489,2017,6/8/2017,,EPA 537.1,,,ng/L,,,,,,1.70,0.88,,,,,,,,,,,,,,,,,,,,,,,,,,,,,,,,,,1.30,0.00,,,,,,,,,,,,
Michigan_MPART_Surface_Water,South Branch Au Sable River | 02-SAS-0300,Surface Water,44.49411,-84.513021,2022,9/7/2022,,EPA 8327,,,ng/L,,,,,,,,0.00,,,,,,,,,,,,,0.00,1.40,,,,,,,,,,,,,,,,,,,,,,,,,,,,,,,,
Michigan_MPART_Surface_Water,North Branch Au Sable River | 02-NAS-0100,Surface Water,44.887847,-84.542567,2022,9/7/2022,,EPA 8327,,,ng/L,,,,,,,,0.00,,,,,,,,,,,,,0.00,,,,,,,,,,,,,,,,,,,,,,,,,,,,,,,,,
Michigan_MPART_Surface_Water,Van Etten Lake | 02-VEL-0050,Surface Water,44.48658,-83.37741,2019,7/23/2019,,EPA 537.1,,,ng/L,,1.50,,,,,1.10,0.68,,,,,,,,,,,1.30,,,3.60,,,,,,,,,,,,,,,,,,,,,,,,,,,,,,,,
Michigan_MPART_Surface_Water,Au Sable River | 02-AS-0900,Surface Water,44.75717,-84.76093,2022,9/7/2022,,EPA 8327,,,ng/L,,,,,,,,0.00,,,,,,,,,,,,,0.00,,,,,,,,,,,,,,,,,,,,,,,,,,,,,,,,,
Michigan_MPART_Surface_Water,Honeywell Creek | 02-HWC-0020,Surface Water,44.681217,-84.150469,2022,9/7/2022,,EPA 8327,,,ng/L,,,,,,,0.50,0.20,,,,,,,,,,,,,0.50,1.10,,,,,,,,,,,,,,,,,,,,,,,,,,,,,,,,
Michigan_MPART_Surface_Water,East Branch Au Sable River | 02-EAS-0060,Surface Water,44.70268,-84.68706,2022,9/7/2022,,EPA 8327,,,ng/L,,,,,,,,0.00,,,,,,,,,,,,,0.00,,,,,,,,,,,,,,,,,,,,,,,,,,,,,,,,,
Michigan_MPART_Surface_Water,Kolke Creek | 02-KC-0020,Surface Water,44.83588,-84.761679,2022,9/7/2022,,EPA 8327,,,ng/L,,,,,,,,0.00,,,,,,,,,,,,,0.00,,,,,,,,,,,,,,,,,,,,,,,,,,,,,,,,,
Michigan_MPART_Surface_Water,Clark's Marsh | 02-CM-0070,Surface Water,44.4398,-83.3919,2020,2/3/2020,,EPA 537.1,,,ng/L,590.00,,,0.35,,,,,,,,,11.00,,,,,,,,,,,,,,,,,,,,,,,,,,,0.00,0.36,,,0.00,,,,0.00,0.00,,0.00,,,
Michigan_MPART_Surface_Water,Cherry Creek | 02-CC-0020,Surface Water,44.669781,-84.109988,2022,9/7/2022,,EPA 8327,,,ng/L,,,,,,,,0.30,,,,,,,,,,,,,0.70,0.80,,,,,,,,,,,,,,,,,,,,,,,,,,,,,,,,
Michigan_MPART_Surface_Water,Guthrie Lake | 02-GL-0010,Surface Water,44.861071,-84.608492,2022,9/7/2022,,EPA 8327,,,ng/L,,,,,,,,0.40,,,,,,,,,,,,,0.00,1.90,,,,,,,,,,,,,,,,,,,,,,,,,,,,,,,,
Michigan_MPART_Surface_Water,North Branch Au Sable River | 02-NAS-0030,Surface Water,44.697524,-84.411288,2022,9/7/2022,,EPA 8327,,,ng/L,,,,,,,,0.00,,,,,,,,,,,,,0.00,,,,,,,,,,,,,,,,,,,,,,,,,,,,,,,,,
Michigan_MPART_Surface_Water,Au Sable River | 02-AS-0900,Surface Water,44.75717,-84.76093,2017,6/8/2017,,EPA 537.1,,,ng/L,,,,,,,,,,,,,,,,,,,,,,1.70,,,,,,,,,,,,,,,,,,,1.10,0.24,,,0.74,,21.00,,,,,,,
Michigan_MPART_Surface_Water,South Branch Au Sable River | 02-SAS-0300,Surface Water,44.49411,-84.513021,2022,9/7/2022,,EPA 8327,,,ng/L,,,,,,,,0.20,,,,,,,,,,,,,0.00,0.80,,,,,,,,,,,,,,,,,,,,,,,,,,,,,,,,
Michigan_MPART_Surface_Water,Bradford Creek | 02-BC-0020,Surface Water,44.831587,-84.74725,2022,9/7/2022,,EPA 8327,,,ng/L,,,,,,,0.40,0.20,,,,,,,,,,,,,0.00,1.30,,,,,,,,,,,,,,,,,,,,,,,,,,,,,,,,
Michigan_MPART_Surface_Water,Au Sable River | 02-AS-0020,Surface Water,44.40854,-83.328017,2022,9/8/2022,,EPA 8327,,,ng/L,1.90,,,,,1.20,0.80,0.00,,,,,,,,,,,1.00,,0.00,0.70,,,,,,,,,,,,,,,,,,,,,,,,,,,,,,,,
Michigan_MPART_Surface_Water,Unnamed Trib to Van Etten Lake | 02-UVEL-0010,Surface Water,44.495051,-83.373502,2022,9/8/2022,,EPA 8327,,,ng/L,,,,,,,,0.20,,,,,,,,,,,,,0.00,1.10,,,,,,,,,,,,,,,,,,,,,,,,,,,,,,,,
Michigan_MPART_Surface_Water,Van Etten Creek | 02-VEC-0010,Surface Water,44.437974,-83.339233,2022,9/8/2022,,EPA 8327,,,ng/L,,1.70,,,,,,1.30,,,,0.80,,,,,,,,,0.50,2.80,,,,,,,,,,,,,,,,,,,,,,,,,,,,,,,,
Michigan_MPART_Surface_Water,Jones Lake | 02-JL-0010,Surface Water,44.780979,-84.589716,2022,9/7/2022,,EPA 8327,,,ng/L,,,,,,,0.60,1.20,,,,,,,,,,,,,0.00,3.80,,,,,,,,,,,,,,,,,,,,,,,,,,,,,,,,
Michigan_MPART_Surface_Water,Van Etten Lake | 02-VEL-0010,Surface Water,44.45354,-83.33746,2019,7/23/2019,,EPA 537.1,,,ng/L,,,,,,,1.50,0.90,,,,2.40,,,,,,,1.90,,,4.20,,,,,,,,,,,,,,,,,,,,,,,,,,,,,,,,
Michigan_MPART_Surface_Water,South Big Creek | 02-SBGC-0020,Surface Water,44.652212,-84.258685,2022,9/7/2022,,EPA 8327,,,ng/L,,,,,,,,0.30,,,,,,,,,,,,,0.00,,,,,,,,,,,,,,,,,,,,,,,,,,,,,,,,,
Michigan_MPART_Surface_Water,East Branch Au Sable River | 02-EAS-0080,Surface Water,44.782959,-84.60311,2022,9/7/2022,,EPA 8327,,,ng/L,,,,,,,,0.20,,,,,,,,,,,,,0.00,,,,,,,,,,,,,,,,,,,,,,,,,,,,,,,,,
Michigan_MPART_Surface_Water,Otsego Lake | 02-OL-0010,Surface Water,44.964878,-84.70154,2022,9/7/2022,,EPA 8327,,,ng/L,0.60,1.20,0.60,,,,1.80,1.30,,,,,,,,,,,1.70,,1.00,3.90,,,,,,,,,,,,,,,,,,,,,,,,,,,,,,,,
Michigan_MPART_Surface_Water,Au Sable River | 02-AS-0001,Surface Water,44.406172,-83.317043,2022,9/8/2022,,EPA 8327,,,ng/L,1.70,,,,,1.00,0.60,0.30,,,,,,,,,,,0.90,,0.00,0.60,,,,,,,,,,,,,,,,,,,,,,,,,,,,,,,,
Michigan_MPART_Surface_Water,Au Sable River | 02-AS-0030,Surface Water,44.415308,-83.330805,2013,7/1/2013,,Unnamed_SPE_LCMS_MS,,,ng/L,,1.70,,,,,1.60,,,,,,,,,,,,1.40,,,,,,,,,,,,,,,,,,,,,,0.00,0.38,,,,,,,,,,,,
Michigan_MPART_Surface_Water,Au Sable River | 02-AS-0450,Surface Water,44.560444,-83.80337,2022,9/8/2022,,EPA 8327,,,ng/L,,,,,,,,0.00,,,,,,,,,,,,,0.00,,,,,,,,,,,,,,,,,,,,,,,,,,,,,,,,,
Michigan_MPART_Surface_Water,East Branch Au Sable River | 02-EAS-0010,Surface Water,44.66607,-84.70474,2017,6/8/2017,,EPA 537.1,,,ng/L,,,,,,1.90,1.20,,,,,,,,,,,,,,,,,,,,,,,,,,,,,,,,,,1.80,0.23,,,,,,,,,,,,
Michigan_MPART_Surface_Water,South Big Creek | 02-SBGC-0020,Surface Water,44.652212,-84.258685,2022,9/7/2022,,EPA 8327,,,ng/L,,,,,,,0.50,0.00,,,,,,,,,,,,,0.00,,,,,,,,,,,,,,,,,,,,,,,,,,,,,,,,,
Michigan_MPART_Surface_Water,Au Sable River | 02-AS-0030,Surface Water,44.415308,-83.330805,2013,7/1/2013,,Unnamed_SPE_LCMS_MS,,,ng/L,,1.90,,,,,1.60,,,,,,,,,,,,1.20,,,,,,,,,,,,,,,,,,,,,,0.21,0.50,,,,,,,,,,,,
Michigan_MPART_Surface_Water,Van Etten Lake | 02-VEL-0021,Surface Water,44.4627677,-83.3553009,2020,2/4/2020,,EPA 537.1,,,ng/L,,,,,0.48,,,,,,,16.00,,,,,,,,0.57,0.56,,,,,,,,,,,,,,,,,,,,0.00,,,0.00,,,,0.00,,,0.00,,,
Michigan_MPART_Surface_Water,Au Sable River | 02-AS-0001,Surface Water,44.406172,-83.317043,2022,9/8/2022,,EPA 8327,,,ng/L,1.50,,,,,0.90,0.70,0.20,,,,,,,,,,,1.00,,0.00,0.50,,,,,,,,,,,,,,,,,,,,,,,,,,,,,,,,
Michigan_MPART_Surface_Water,East Branch Au Sable River | 02-EAS-0060,Surface Water,44.70268,-84.68706,2017,6/8/2017,,EPA 537.1,,,ng/L,,,,,,,,,,,,,,,,,,,,,,,,,,,,,,,,,,,,,,,,,0.92,0.00,,,,,3.90,,,,,,,
Michigan_MPART_Surface_Water,Cass River | 14-CR-0010,Surface Water,43.365,-83.955,2020,9/21/2020,,EPA 537.1,,,ng/L,1.07,,,,,,1.37,,,,,,,,,,,,1.51,,2.27,2.87,,,,,,,,,,,,,,,,,,,,,,,,,,,,,,,,
Michigan_MPART_Surface_Water,Cass River | 14-CR-0010,Surface Water,43.365,-83.955,2019,10/29/2019,,EPA 537.1,,,ng/L,1.40,1.30,,0.00,0.34,0.91,1.60,0.72,0.00,,,,,,,,,,0.79,0.00,,,,,,,,,,,,,,,,,,,,,0.00,,,0.00,,,0.82,,,,,,,
Michigan_MPART_Surface_Water,Burt Lake | 16-BL-0010,Surface Water,45.487304,-84.706845,2020,9/3/2020,,EPA 537.1,,,ng/L,,,,,,,,,,,,,,,,,,,1.39,,,1.21,,,,,,,,,,,,,,,,,,,,,,,,,,,,,,,,
Michigan_MPART_Surface_Water,Maple River | 16-MR-0020,Surface Water,45.507676,-84.76234,2020,9/3/2020,,EPA 537.1,,,ng/L,1.10,,,,,1.34,,,,,,,,,,,,,,,,1.41,,,,,,,,,,,,,,,,,,,,,,,,,,,,,,,,
Michigan_MPART_Surface_Water,Sturgeon River | 16-SR-0010,Surface Water,45.402363,-84.618189,2020,9/3/2020,,EPA 537.1,,,ng/L,,,,,,,,,,,,,,,,,,,,,,1.40,,,,,,,,,,,,,,,,,,,,,,,,,,,,,,,,
Michigan_MPART_Surface_Water,Maple River | 16-MR-0010,Surface Water,45.493228,-84.742305,2020,9/3/2020,,EPA 537.1,,,ng/L,,,,,,1.22,,,,,,,,,,,,,,,,1.47,,,,,,,,,,,,,,,,,,,,,,,,,,,,,,,,
Michigan_MPART_Surface_Water,West Branch Maple River | 16-WMR-0020,Surface Water,45.550927,-84.796467,2020,9/3/2020,,EPA 537.1,,,ng/L,,,,,,,,,,,,,,,,,,,,,,2.16,,,,,,,,,,,,,,,,,,,,,,,,,,,,,,,,
Michigan_MPART_Surface_Water,West Branch Maple River | 16-WMR-0030,Surface Water,45.565374,-84.807238,2020,9/3/2020,,EPA 537.1,,,ng/L,,,,,,,,,,,,,,,,,,,,,,2.17,,,,,,,,,,,,,,,,,,,,,,,,,,,,,,,,
Michigan_MPART_Surface_Water,East Branch Maple River | 16-EMR-0010,Surface Water,45.551055,-84.75139,2020,9/3/2020,,EPA 537.1,,,ng/L,,,,,,,,,,,,,,,,,,,3.70,,,2.42,,,,,,,,,,,,,,,,,,,,,,,,,,,,,,,,
Michigan_MPART_Surface_Water,Maple River | 16-MR-0010,Surface Water,45.493228,-84.742305,2020,9/3/2020,,EPA 537.1,,,ng/L,1.38,,,,,1.28,,,,,,,,,,,,,1.20,,,1.32,,,,,,,,,,,,,,,,,,,,,,,,,,,,,,,,
Michigan_MPART_Surface_Water,West Branch Maple River | 16-WMR-0050,Surface Water,45.57312,-84.87336,2020,9/3/2020,,EPA 537.1,,,ng/L,,,,,,,,,,,,,,,,,,,,,,2.93,,,,,,,,,,,,,,,,,,,,,,,,,,,,,,,,
Michigan_MPART_Surface_Water,West Branch Maple River | 16-WMR-0010,Surface Water,45.540064,-84.783584,2020,9/3/2020,,EPA 537.1,,,ng/L,1.20,,,,,1.85,,,,,,,,,,,,,1.21,,,2.05,,,,,,,,,,,,,,,,,,,,,,,,,,,,,,,,
Michigan_MPART_Surface_Water,West Branch Maple River | 16-WMR-0040,Surface Water,45.576393,-84.852938,2020,9/3/2020,,EPA 537.1,,,ng/L,,,,,,,,,,,,,,,,,,,,,,3.26,,,,,,,,,,,,,,,,,,,,,,,,,,,,,,,,
Michigan_MPART_Surface_Water,Crooked River | 16-CR-0010,Surface Water,45.472824,-84.750656,2020,9/3/2020,,EPA 537.1,,,ng/L,,,,,,,,,,,,,,,,,,,2.49,,,1.73,,,,,,,,,,,,,,,,,,,,,,,,,,,,,,,,
Michigan_MPART_Surface_Water,Burt Lake Outlet | 16-BLO-0010,Surface Water,45.413138,-84.611564,2020,9/3/2020,,EPA 537.1,,,ng/L,,,,,,,,,,,,,,,,,,,1.78,,,1.62,,,,,,,,,,,,,,,,,,,,,,,,,,,,,,,,
Michigan_MPART_Surface_Water,Indian River | 16-IR-0010,Surface Water,45.412114,-84.609247,2020,9/3/2020,,EPA 537.1,,,ng/L,,,,,,,,,,,,,,,,,,,,,,1.44,,,,,,,,,,,,,,,,,,,,,,,,,,,,,,,,
Michigan_MPART_Surface_Water,West Branch Maple River | 16-WMR-0030,Surface Water,45.565374,-84.807238,2020,9/3/2020,,EPA 537.1,,,ng/L,,,,,,,,,,,,,,,,,,,,,,2.76,,,,,,,,,,,,,,,,,,,,,,,,,,,,,,,,
Michigan_MPART_Surface_Water,Maple River | 16-MR-0030,Surface Water,45.529074,-84.775353,2020,9/3/2020,,EPA 537.1,,,ng/L,,,,,,1.62,,,,,,,,,,,,,,,,1.89,,,,,,,,,,,,,,,,,,,,,,,,,,,,,,,,
Michigan_MPART_Surface_Water,N. Branch Clinton River | 17-NBC-0010,Surface Water,42.600472,-82.909318,2018,2/13/2018,,EPA 537.1,,,ng/L,1.70,,,,0.00,1.50,,1.20,0.00,,,,,,,,,,,,,,,,,,,,,,,,,,,,,,,,,,,,,,,,,,,,,
Michigan_MPART_Surface_Water,Williams Lake | 17-WMO-0010,Surface Water,42.669633,-83.427564,2022,5/13/2022,,EPA 8327,,,ng/L,1.20,,1.10,,,1.50,,1.30,,,,,,,,,,,,,,,,,,,,,,,,,,,,,,,,,,,,,,,,,,,,,,
Michigan_MPART_Surface_Water,Clinton River | 17-CR-1100,Surface Water,42.653842,-83.19295,2021,3/9/2021,,EPA 537.1,,,ng/L,,3.85,,,,3.98,,1.16,,,,,,,,,,,,,,,,,,,,,,,,,,,,,,,,,,,,,,,,,,,,,,
Michigan_MPART_Surface_Water,Orchard Lake | 17-OLV-0010,Surface Water,42.596952,-83.371747,2021,3/9/2021,,EPA 537.1,,,ng/L,1.98,1.58,,,,,,,,,,,,,,,,,,,,1.05,,,,,,,,,,,,,,,,,,,,,,,,,1.28,,,,,,,
Michigan_MPART_Surface_Water,Unnamed Trib to Clinton River | 17-UTCR1-0010,Surface Water,42.6799,-83.379244,2021,3/9/2021,,EPA 537.1,,,ng/L,2.02,2.57,,,,2.08,3.62,,,,,,,,,,,,3.96,,,,,,,,,,,,,,,,,,,,,,,,,,,,3.03,,,,,,,
Michigan_MPART_Surface_Water,Galloway Creek | 17-GLC-0110,Surface Water,42.688012,-83.280692,2021,3/9/2021,,EPA 537.1,,,ng/L,3.04,,,,,2.55,,2.26,,,,,,,,,,,,,,,,,,,,,,,,,,,,,,,,,,,,,,,,,,,,,,
Michigan_MPART_Surface_Water,Clinton River | 17-CR-0110,Surface Water,42.594518,-82.914804,2018,2/13/2018,,EPA 537.1,,,ng/L,,,,0.49,0.65,,,,0.00,,,,,,,,,,,,,,,,,,,,,,,,,,,,,,,,0.00,,,,,,,,,,,,,
Michigan_MPART_Surface_Water,Clinton River | 17-CR-0060,Surface Water,42.584004,-82.874052,2017,11/7/2017,,EPA 537.1,,,ng/L,,,,0.62,0.81,,,,0.00,,,,,,,,,,,,,,,,,,,,,,,,,,,,,,,0.00,0.00,,,,,,0.52,,,,,,,
Michigan_MPART_Surface_Water,Clinton River | 17-CR-1150,Surface Water,42.627626,-83.394923,2021,3/9/2021,,EPA 537.1,,,ng/L,2.08,1.96,,,,2.92,2.57,,,,,3.52,,,,,,,2.76,,3.25,2.90,,,,,,,,,,,,,,,,,,,,,,,,,1.42,,,,,,,
Michigan_MPART_Surface_Water,Galloway Creek | 17-GLC-0010,Surface Water,42.659521,-83.200515,2021,3/9/2021,,EPA 537.1,,,ng/L,2.68,3.28,,,,1.37,,,,,,,,,,,,,,,,,,,,,,,,,,,,,,,,,,,,,,,,,3.85,,,,,,,
Michigan_MPART_Surface_Water,Clinton River | 17-CR-1012,Surface Water,42.66281016,-83.08491423,2021,3/9/2021,,EPA 537.1,,,ng/L,3.20,2.69,,,,3.19,,,,,,,,,,,,,,,3.52,,,,,,,,,,,,,,,,,,,,,,,,,,,,,,,,,
Michigan_MPART_Surface_Water,Galloway Ditch | 17-GLD-0010,Surface Water,42.689378,-83.250137,2021,3/9/2021,,EPA 537.1,,,ng/L,2.82,3.02,,,,,,,,,,,,,,,,,,,,,,,,,,,,,,,,,,,,,,,,,,,,,4.09,,,,,,,
Michigan_MPART_Surface_Water,Clinton River | 17-CR-0040,Surface Water,42.590733,-82.85455,2018,2/14/2018,,EPA 537.1,,,ng/L,,,,0.00,0.52,,,,0.22,,,,,,,,,,,,,,,,,,,,,,,,,,,,,,,,0.00,,,,,,,,,,,,,
Michigan_MPART_Surface_Water,Clinton River | 17-CR-1130,Surface Water,42.624276,-83.315887,2021,3/9/2021,,EPA 537.1,,,ng/L,2.75,2.82,,,,4.07,3.90,1.09,,,,,,,,,,,3.13,,3.87,3.64,,,,,,,,,,,,,,,,,,,,,,,,,1.19,,,,,,,
Michigan_MPART_Surface_Water,Clinton Spillway | 32-CSP-0020,Surface Water,42.577182,-82.872295,2018,2/14/2018,,EPA 537.1,,,ng/L,,,,0.39,0.61,,,,0.00,,,,,,,,,,,,,,,,,,,,,,,,,,,,,,,0.00,0.00,,,,,,0.00,,,,,,,
Michigan_MPART_Surface_Water,Clinton River | 17-CR-1120,Surface Water,42.636243,-83.249559,2021,3/9/2021,,EPA 537.1,,,ng/L,4.22,2.55,,,,4.00,3.54,1.67,,,,,,,,,,,2.61,,3.01,3.87,,,,,,,,,,,,,,,,,,,,,,,,,1.70,,,,,,,
Michigan_MPART_Surface_Water,Clinton River | 17-CR-1160,Surface Water,42.652607,-83.397318,2021,3/9/2021,,EPA 537.1,,,ng/L,1.74,1.83,,,,1.73,1.77,,,,,,,,,,,,1.87,,3.93,3.24,,,,,,,,,,,,,,,,,,,,,,,,,1.75,,,,,,,
Michigan_MPART_Surface_Water,N. Branch Clinton River | 17-NBC-0010,Surface Water,42.600472,-82.909318,2018,2/13/2018,,EPA 537.1,,,ng/L,1.60,,,,0.00,1.40,,1.10,0.00,,,,,,,,,,,,,,,,,,,,,,,,,,,,,,,,,,,,,,,,,,,,,
Michigan_MPART_Surface_Water,Harrington Drain | 17-HDR-0010,Surface Water,42.587956,-82.903676,2019,7/26/2019,,Unnamed_SPE_LCMS_MS,,,ng/L,,,,1.50,1.30,,,,,,,1.90,,,,,,,,0.59,,,,,,,,,,,,,,,0.78,,,,,,,,,,,,0.56,,,,,,,
Michigan_MPART_Surface_Water,Clinton River | 17-CR-0100,Surface Water,42.600034,-82.91583,2018,2/13/2018,,EPA 537.1,,,ng/L,,,,0.00,0.59,,,,0.00,,,,,,,,,,,,,,,,,,,,,,,,,,,,,,,,0.00,,,,,,,,,,,,,
Michigan_MPART_Surface_Water,Middle Br. Clinton River | 17-MBCR-0010,Surface Water,42.606666,-82.914171,2018,2/13/2018,,EPA 537.1,,,ng/L,,,,0.44,0.57,,,,0.00,,,,,,,,,,,,,,,,,,,,,,,,,,,,,,,0.00,0.00,,,,,,,,,,,,,
Michigan_MPART_Surface_Water,Clinton River | 17-CR-0010,Surface Water,42.594761,-82.796282,2018,2/14/2018,,EPA 537.1,,,ng/L,,,,0.00,0.00,1.70,1.50,0.62,0.00,,,,,,,,,,1.10,,0.53,,,,,,,,,,,,,,,,,,,0.00,0.00,,,,,,,,,,,,,
Michigan_MPART_Surface_Water,Maceday Lake | 17-MCDL-0010,Surface Water,42.681715,-83.429936,2022,5/13/2022,,EPA 8327,,,ng/L,1.20,,1.10,,,1.50,,1.20,,,,,,,,,,,,,,3.80,,,,,,,,,,,,,,,,,,,,,,,,,,,,,,,,
Michigan_MPART_Surface_Water,Clinton River | 17-CR-1125,Surface Water,42.641288,-83.282239,2021,3/9/2021,,EPA 537.1,,,ng/L,3.19,2.61,,,,,3.51,1.56,,,,,,,,,,,2.55,,3.90,,,,,,,,,,,,,,,,,,,,,,,,,,2.60,,,,,,,
Michigan_MPART_Surface_Water,Clinton River | 17-CR-0010,Surface Water,42.594761,-82.796282,2017,11/7/2017,,EPA 537.1,,,ng/L,,,,1.10,1.20,,,,0.33,,,,,,,,,,,,,,,,,,,,,,,,,,,,,,,0.00,0.00,,,,,,1.10,,,,,,,
Michigan_MPART_Surface_Water,Clinton River | 17-CR-0040,Surface Water,42.590733,-82.85455,2019,7/26/2019,,Unnamed_SPE_LCMS_MS,,,ng/L,,,,0.63,0.66,,,0.93,,,,,,,,,,,1.40,,0.50,2.40,,,,,,,,,,,,,,,,,,,,,,,,,,,,,,,,
Michigan_MPART_Surface_Water,Middle Br. Clinton River | 17-MBCR-0020,Surface Water,42.606056,-82.917756,2018,2/13/2018,,EPA 537.1,,,ng/L,,,,0.00,0.39,,,,0.00,,,,,,,,,,,,,,,,,,,,,,,,,,,,,,,,0.00,,,,,,,,,,,,,
Michigan_MPART_Surface_Water,Clinton River | 17-CR-1110,Surface Water,42.646769,-83.212563,2021,3/9/2021,,EPA 537.1,,,ng/L,3.84,3.18,,,,3.97,,,,,,,,,,,,,,,4.11,,,,,,,,,,,,,,,,,,,,,,,,,,,,,,,,,
Michigan_MPART_Surface_Water,N. Branch Clinton River | 17-NBC-0040,Surface Water,42.625978,-82.8954,2018,2/13/2018,,EPA 537.1,,,ng/L,,1.20,,0.00,0.00,0.73,,0.65,0.00,,,,,,,,,,1.70,,1.20,,,,,,,,,,,,,,,,,,,,0.00,,,,,,,,,,,,,
Michigan_MPART_Surface_Water,Greiner Drain | 17-GDR-0020,Surface Water,42.612844,-82.890803,2019,7/26/2019,,Unnamed_SPE_LCMS_MS,,,ng/L,,,,,,,,,0.91,,,,,,,,,,,,,,,,,,,,,,,,,,1.00,,,1.40,,,,,,,,,0.68,,,,,,,
Michigan_MPART_Surface_Water,Elizabeth Lake Outlet | 17-ELO-0010,Surface Water,42.624241,-83.377347,2021,3/9/2021,,EPA 537.1,,,ng/L,1.53,,,,,,2.39,1.21,,,,,,,,,,,1.88,,2.72,4.00,,,,,,,,,,,,,,,,,,,,,,,,,1.31,,,,,,,
Michigan_MPART_Surface_Water,Unnamed Trib to Clinton River | 17-UTCR2-0010,Surface Water,42.633357,-83.2494,2021,3/9/2021,,EPA 537.1,,,ng/L,,,,,,,,2.18,,,,,,,,,,,,,3.37,,,,,,,,,,,,,,,,,,,,,,,,,,3.52,,,,,,,
Michigan_MPART_Surface_Water,Clinton River | 17-CR-0040,Surface Water,42.590733,-82.85455,2017,11/7/2017,,EPA 537.1,,,ng/L,,,,0.79,0.98,,,,0.19,,,,,,,,,,,,,,,,,,,,,,,,,,,,,,,0.00,0.00,,,,,,0.84,,,,,,,
Michigan_MPART_Surface_Water,Honeywell Drain | 17-UTCR3-0010,Surface Water,42.66200684,-83.09247134,2021,3/9/2021,,EPA 537.1,,,ng/L,3.00,,,,,3.56,,1.06,,,,,,,,,,,,,,,,,,,,,,,,,,,,,,,,,,,,,,,,,,,,,,
Michigan_MPART_Surface_Water,Greiner Drain | 17-GDR-0020,Surface Water,42.612844,-82.890803,2019,7/26/2019,,Unnamed_SPE_LCMS_MS,,,ng/L,,,,,,,,,1.00,,,,,,,,,,,,,,,,,,,,,,,0.94,,,0.53,,,0.60,,,,,,,,0.60,0.54,,,,,,,
Michigan_MPART_Surface_Water,Canal Drain | 17-CDR-0010,Surface Water,42.598622,-82.926828,2018,2/13/2018,,EPA 537.1,,,ng/L,,,,0.59,0.58,,,1.70,0.00,,,,,,,,,,,,,,,,,,,,,,,,,,,,,,,,0.00,,,,,,,,,,,,,
Michigan_MPART_Surface_Water,N. Branch Clinton River | 17-NBC-0030,Surface Water,42.619201,-82.901343,2019,7/26/2019,,Unnamed_SPE_LCMS_MS,,,ng/L,,,,,0.57,0.60,,1.10,,,,,,,,,,,,,,,,,,,,,,,,,,,,,,,,,,,,,,,,,,,,,,
Michigan_MPART_Surface_Water,N. Branch Clinton River | 17-NBC-0030,Surface Water,42.619201,-82.901343,2018,2/13/2018,,EPA 537.1,,,ng/L,,1.40,,0.00,0.29,0.79,,0.64,0.00,,,,,,,,,,1.80,,1.10,,,,,,,,,,,,,,,,,,,,0.00,,,,,,,,,,,,,
Michigan_MPART_Surface_Water,Galloway Creek | 17-GLC-0100,Surface Water,42.677835,-83.266415,2021,3/9/2021,,EPA 537.1,,,ng/L,3.60,,,,,,4.11,,,,,,,,,,,,,,4.04,,,,,,,,,,,,,,,,,,,,,,,,,,,,,,,,,
Michigan_MPART_Surface_Water,Stony Creek Lake | 17-SCL-0020,Surface Water,42.73056,-83.07668,2019,8/28/2019,,EPA 537.1,,,ng/L,0.93,,,,0.43,0.76,1.90,1.00,0.00,,,,,,,,,,,0.00,,,,,,,,,,,,,,,,,,,,,0.00,,,0.00,,,0.47,,,,,,,
Michigan_MPART_Surface_Water,White Horse Lake | 17-WHL-0020,Surface Water,42.651962,-83.41028,2022,5/13/2022,,EPA 8327,,,ng/L,,,1.90,1.60,,,,1.80,0.80,,,,,,,,,,,,,,,,,,,,,,,,,,,,,,,,,,,,,,,,,,,,,
Michigan_MPART_Surface_Water,Clinton River | 17-CR-1130,Surface Water,42.624276,-83.315887,2021,3/9/2021,,EPA 537.1,,,ng/L,,2.46,,,,,3.21,1.65,,,,,,,,,,,3.18,,3.28,3.50,,,,,,,,,,,,,,,,,,,,,,,,,1.46,,,,,,,
Michigan_MPART_Surface_Water,Clinton River | 17-CR-0080,Surface Water,42.584918,-82.883581,2018,2/13/2018,,EPA 537.1,,,ng/L,,,,,0.55,,,,0.00,,,,,,,,,,,,,,,,,,,,,,,,,,,,,,,,0.00,,,,,,,,,,,,,
Michigan_MPART_Surface_Water,Greiner Drain | 17-GDR-0020,Surface Water,42.612844,-82.890803,2018,2/13/2018,,EPA 537.1,,,ng/L,,,,1.50,,,,,1.40,,,,,,,,,,,,,,,,,,,,,,,,,,,,,,,,0.00,,,,,,,,,,,,,
Michigan_MPART_Surface_Water,Clinton River | 17-CR-1000,Surface Water,42.656732,-83.073255,2021,3/9/2021,,EPA 537.1,,,ng/L,3.72,3.17,,,,3.13,,1.09,,,,,,,,,,,,,3.46,,,,,,,,,,,,,,,,,,,,,,,,,,,,,,,,,
Michigan_MPART_Surface_Water,Clinton River | 17-CR-0090,Surface Water,42.596023,-82.909469,2018,2/13/2018,,EPA 537.1,,,ng/L,,,,,0.54,,,1.80,0.00,,,,,,,,,,,,,,,,,,,,,,,,,,,,,,,,,,,,,,,,,,,,,
Michigan_MPART_Surface_Water,Clinton River | 17-CR-1014,Surface Water,42.66740997,-83.08587401,2021,3/9/2021,,EPA 537.1,,,ng/L,3.56,2.79,,,,3.35,,,,,,,,,,,,,,,3.72,,,,,,,,,,,,,,,,,,,,,,,,,,4.15,,,,,,,
Michigan_MPART_Surface_Water,Clinton River | 17-CR-1180,Surface Water,42.675518,-83.376118,2021,3/9/2021,,EPA 537.1,,,ng/L,1.62,1.78,,,,1.72,2.00,,,,,,,,,,,,,,3.48,3.14,,,,,,,,,,,,,,,,,,,,,,,,,2.35,,,,,,,
Michigan_MPART_Surface_Water,Clinton River | 17-CR-0080,Surface Water,42.584918,-82.883581,2019,7/26/2019,,Unnamed_SPE_LCMS_MS,,,ng/L,,,,0.96,0.99,,,,,,,,,,,,,,,0.70,,,,,,,,,,,,,,,,,,,,,,,,,,,0.53,,,,,,,
Michigan_MPART_Surface_Water,N. Branch Clinton River | 17-NBC-0040,Surface Water,42.625978,-82.8954,2019,7/26/2019,,Unnamed_SPE_LCMS_MS,,,ng/L,,,,,0.60,0.61,,1.10,,,,,,,,,,,,,,,,,,,,,,,,,,,,,,,,,,,,,,,,,,,,,,
Michigan_MPART_Surface_Water,Stony Creek Lake | 17-SCL-0010,Surface Water,42.7216,-83.08737,2019,8/28/2019,,EPA 537.1,,,ng/L,0.96,1.70,,0.00,0.33,0.64,1.70,0.91,0.00,,,,,,,,,,1.90,0.00,,,,,,,,,,,,,,,,,,,,,0.00,,,0.00,,,0.72,,,,,,,
Michigan_MPART_Surface_Water,Whitehorse Lake outlet | 17-WHLO-0010,Surface Water,42.645175,-83.40624,2021,3/9/2021,,EPA 537.1,,,ng/L,,3.67,,,,,,2.62,,,,,,,,,,,,1.42,,,,,,,,,,,,,,,,,,,,,,,,,,,1.89,,,,,,,
Michigan_MPART_Surface_Water,Greiner Drain | 17-GDR-0010,Surface Water,42.61753786,-82.89730702,2019,7/26/2019,,Unnamed_SPE_LCMS_MS,,,ng/L,,,,,,,,,0.44,,,,,,,,,,,,,,,,,,,,,,,0.74,,,0.60,,,0.53,,,,,,,,0.43,,,,,,,,
Michigan_MPART_Surface_Water,N. Branch Clinton River | 17-NBC-0010,Surface Water,42.600472,-82.909318,2019,7/26/2019,,Unnamed_SPE_LCMS_MS,,,ng/L,,,,0.98,0.92,,,,,,,,,,,,,,,,,,,,,,,,,,,,,,,,,,,,,,,,,,0.49,,,,,,,
Michigan_MPART_Surface_Water,Clinton River | 17-CR-1010,Surface Water,42.6605366,-83.08174896,2021,3/9/2021,,EPA 537.1,,,ng/L,3.29,2.86,,,,2.68,,,,,,,,,,,,,,,3.93,,,,,,,,,,,,,,,,,,,,,,,,,,,,,,,,,
Michigan_MPART_Surface_Water,Clinton River | 17-CR-1020,Surface Water,42.671887,-83.096633,2021,3/9/2021,,EPA 537.1,,,ng/L,3.13,2.67,,,,2.74,,1.20,,,,,,,,,,,,,3.54,,,,,,,,,,,,,,,,,,,,,,,,,,,,,,,,,
Michigan_MPART_Surface_Water,Galloway Lake | 17-GL-0010,Surface Water,42.665558,-83.252537,2022,2/10/2022,,EPA 537.1,,,ng/L,,,,,,,,,,,,,,,,,,,,,,,,,,,,,,,,,,,,,,,,,,,,,,,,,,,,,,
Michigan_MPART_Surface_Water,Clinton River | 17-CR-0060,Surface Water,42.584004,-82.874052,2018,2/14/2018,,EPA 537.1,,,ng/L,,,,0.39,0.54,,,1.70,0.00,,,,,,,,,,,,,,,,,,,,,,,,,,,,,,,,0.00,,,,,,,,,,,,,
Michigan_MPART_Surface_Water,Clinton River | 17-CR-0080,Surface Water,42.584918,-82.883581,2018,2/13/2018,,EPA 537.1,,,ng/L,,,,0.00,0.55,,,,0.00,,,,,,,,,,,,,,,,,,,,,,,,,,,,,,,0.00,0.00,,,,,,,,,,,,,
Michigan_MPART_Surface_Water,Clinton River | 17-CR-1110,Surface Water,42.646769,-83.212563,2021,3/9/2021,,EPA 537.1,,,ng/L,4.03,3.60,,,,,,1.04,,,,,,,,,,,,,3.92,,,,,,,,,,,,,,,,,,,,,,,,,,,,,,,,,
Michigan_MPART_Surface_Water,Clinton River | 17-CR-0020,Surface Water,42.592844,-82.817119,2019,7/26/2019,,Unnamed_SPE_LCMS_MS,,,ng/L,,,,0.49,0.54,0.94,1.30,0.93,,,,,,,,,,,1.20,,0.47,2.20,,,,,,,,,,,,,,,,,,,,,,,,,,,,,,,,
Michigan_MPART_Surface_Water,Clinton Spillway | 32-CSP-0010,Surface Water,42.56251,-82.848466,2018,2/14/2018,,EPA 537.1,,,ng/L,,,,0.31,0.56,,,,0.00,,,,,,,,,,,,,,,,,,,,,,,,,,,,,,,0.00,0.00,,,,,,,,,,,,,
Michigan_MPART_Surface_Water,Clinton River | 17-CR-0010,Surface Water,42.594761,-82.796282,2017,11/7/2017,,EPA 537.1,,,ng/L,,,,1.10,1.20,,,,1.50,,,,,,,,,,,,,,,,,,,,,,,,,,,,,,,0.00,0.00,,,,,,1.10,,,,,,,
Michigan_MPART_Surface_Water,Clinton River | 17-CR-0040,Surface Water,42.590733,-82.85455,2019,7/26/2019,,Unnamed_SPE_LCMS_MS,,,ng/L,,,,0.65,0.64,,,0.99,,,,,,,,,,,1.50,,0.57,2.40,,,,,,,,,,,,,,,,,,,,,,,,,,,,,,,,
Michigan_MPART_Surface_Water,Cass Lake | 17-CSL-0010,Surface Water,42.612602,-83.368938,2021,3/9/2021,,EPA 537.1,,,ng/L,3.98,1.77,,,,3.03,2.21,1.05,,,,,,,,,,,2.49,,2.51,2.78,,,,,,,,,,,,,,,,,,,,,,,,,,,,,,,,
Michigan_MPART_Surface_Water,Clinton River | 17-CR-1140,Surface Water,42.617842,-83.350555,2021,3/9/2021,,EPA 537.1,,,ng/L,3.15,2.32,,,,3.13,2.93,1.48,,,,,,,,,,,3.08,,2.89,3.54,,,,,,,,,,,,,,,,,,,,,,,,,1.50,,,,,,,
Michigan_MPART_Surface_Water,Clinton River | 17-CR-1170,Surface Water,42.664663,-83.386418,2021,3/9/2021,,EPA 537.1,,,ng/L,1.65,1.77,,,,1.98,1.75,,,,,,,,,,,,,,3.46,3.46,,,,,,,,,,,,,,,,,,,,,,,,,1.97,,,,,,,
Michigan_MPART_Surface_Water,Clinton River | 17-CR-0090,Surface Water,42.596023,-82.909469,2019,7/26/2019,,Unnamed_SPE_LCMS_MS,,,ng/L,,,,0.92,0.81,,,,,,,,,,,,,,,0.68,,,,,,,,,,,,,,,,,,,,,,,,,,,,,,,,,,
Michigan_MPART_Surface_Water,Harrington Drain | 17-HDR-0010,Surface Water,42.587956,-82.903676,2018,2/13/2018,,EPA 537.1,,,ng/L,,,,0.42,1.00,,,,0.21,,,,,,,,,,,,,,,,,,,,,,,,,,,,,,,,0.00,,,,,,,,,,,,,
Michigan_MPART_Surface_Water,Clinton River | 17-CR-0020,Surface Water,42.592844,-82.817119,2017,8/31/2017,,EPA 537.1,,,ng/L,,,,1.30,1.10,,,,,,,,,,,,,,,,,,,,,,,,,,,,,,,,,,,,0.00,0.20,,,,,1.30,,,,,,,
Michigan_MPART_Surface_Water,Clinton River | 17-CR-0090,Surface Water,42.596023,-82.909469,2017,11/7/2017,,EPA 537.1,,,ng/L,,,,0.69,0.94,,,,0.90,,,,,,,,,,,,,,,,,,,,,,,,,,,,,,,0.00,0.00,,,,,,0.90,,,,,,,
Michigan_MPART_Surface_Water,Clinton River | 17-CR-1020,Surface Water,42.671887,-83.096633,2021,3/9/2021,,EPA 537.1,,,ng/L,2.48,2.48,,,,2.81,,1.25,,,,,,,,,,,,,3.94,,,,,,,,,,,,,,,,,,,,,,,,,,,,,,,,,
Michigan_MPART_Surface_Water,Miller Drain | 17-MDR-0010,Surface Water,42.608972,-82.917262,2018,2/13/2018,,EPA 537.1,,,ng/L,,,,1.30,0.78,,,,0.00,,,,,,,,,,,,,,,,,,,,,,,,,,,,,,,,0.00,,,,,,,,,,,,,
Michigan_MPART_Surface_Water,Clinton River | 17-CR-1150,Surface Water,42.627626,-83.394923,2021,3/9/2021,,EPA 537.1,,,ng/L,1.79,2.16,,,,3.05,2.78,,,,,4.00,,,,,,,3.23,,3.45,2.85,,,,,,,,,,,,,,,,,,,,,,,,,1.60,,,,,,,
Michigan_MPART_Surface_Water,Detroit River | 19-DR-0010,Surface Water,42.227166,-83.144953,2019,11/20/2019,,EPA 537.1,,,ng/L,,1.40,,,0.42,1.20,1.30,,,,,,,,,,,,1.10,0.00,0.68,,,,,,,,,,,,,,1.60,,,,,,,,,,,,,0.00,,,,,,
Michigan_MPART_Surface_Water,Detroit River | 19-DR-0100,Surface Water,42.268178,-83.111123,2019,11/20/2019,,EPA 537.1,,,ng/L,,1.60,,,0.32,1.20,1.50,,,,,,,,,,,,1.10,0.00,0.79,,,,,,,,,,,,,,1.70,,,,,,,,,,,,,0.00,,,,,,
Michigan_MPART_Surface_Water,Zug Channel | 19-ZC-0010,Surface Water,42.281686,-83.118304,2019,11/20/2019,,EPA 537.1,,,ng/L,1.30,1.30,,,0.34,0.87,1.10,,,,,,,,,,,,1.10,0.00,,1.90,,,,,,,,,,,,,1.70,,,,,,,,,,,,,0.00,,,,,,
Michigan_MPART_Surface_Water,Detroit River | 19-DR-0010,Surface Water,42.227166,-83.144953,2019,11/20/2019,,EPA 537.1,,,ng/L,,1.30,,,0.31,1.10,1.40,,,,,,,,,,,,0.90,0.00,0.69,1.80,,,,,,,,,,,,,1.60,,,,,,,,,,,,,0.00,,,,,,
Michigan_MPART_Surface_Water,Detroit River | 19-DR-0010,Surface Water,42.227166,-83.144953,2019,11/20/2019,,EPA 537.1,,,ng/L,1.70,1.40,,,0.46,1.00,1.20,,,,,,,,,,,,1.00,0.00,0.60,1.70,,,,,,,,,,,,,1.70,,,,,,,,,,,,,0.00,,,,,,
Michigan_MPART_Surface_Water,Zug Channel | 19-ZC-0020,Surface Water,42.288973,-83.107779,2019,11/20/2019,,EPA 537.1,,,ng/L,1.50,1.40,,,0.27,0.87,0.94,,,,,,,,,,,,1.10,0.00,,1.70,,,,,,,,,,,,,1.70,,,,,,,,,,,,,0.00,,,,,,
Michigan_MPART_Surface_Water,Detroit River | 19-DR-0100,Surface Water,42.268178,-83.111123,2019,11/20/2019,,EPA 537.1,,,ng/L,1.00,1.30,,,0.28,,0.83,,,,,,,,,,,,0.87,,,1.70,,,,,,,,,,,,,1.70,,,,,,,,,,,,,,,,,,,
Michigan_MPART_Surface_Water,Black Creek | 19-BK-0010,Surface Water,42.256291,-83.328804,2020,8/11/2020,,EPA 537.1,,,ng/L,,,,,,2.14,,2.67,,,,,,,,,,,,,,,,,,,,,,,,,,,,,,,,,,,,,,,,,,,,,,
Michigan_MPART_Surface_Water,Ecorse River | 19-ER-0040,Surface Water,42.270088,-83.197137,2020,8/11/2020,,EPA 537.1,,,ng/L,,2.06,,,,2.04,2.64,,,,,,,,,,,,,,3.18,2.73,,,,,,,,,,,,,,,,,,,,,,,,,,,,,,,,
Michigan_MPART_Surface_Water,South Branch Ecorse River | 19-SBE-0010,Surface Water,42.234501,-83.159596,2019,11/20/2019,,EPA 537.1,,,ng/L,,,,,,,33.00,,0.99,,,,,,,,,,,,,,,,,,,,,,,,,,1.50,,,,,,,,,,,1.50,,0.00,,,,,,
Michigan_MPART_Surface_Water,South Branch Ecorse River | 19-SBE-0020,Surface Water,42.223214,-83.168985,2020,8/11/2020,,EPA 537.1,,,ng/L,,,,,,,,,,,,,2.01,,,,,,,3.10,3.63,,,,,,,,,,,,,,,,,,,,,,,,,,,,,,,,,
Michigan_MPART_Surface_Water,Marsh Creek | 19-MA-0010,Surface Water,42.106329,-83.218893,2020,8/11/2020,,EPA 537.1,,,ng/L,,,,,1.44,,,3.14,,,,,,,,,,,,,,,,,,,,,,,,,,,,,,,,,,,,,,,,,,,,,,
Michigan_MPART_Surface_Water,Ecorse River | 19-ER-0070,Surface Water,42.269457,-83.289771,2020,8/11/2020,,EPA 537.1,,,ng/L,,,,,,,,3.47,,,,,,,,,,,,,,,,,,,,,,,,,,,,,,,,,,,,,,,,,,,,,,
Michigan_MPART_Surface_Water,Frank and Poet Drain | 19-FP-0010,Surface Water,42.095172,-83.203044,2020,8/11/2020,,EPA 537.1,,,ng/L,,,,2.57,2.45,,,,,,,,,,,,,,,,,,,,,,,,,,,,,,,,,,,,,,,,,,,,,,,,,
Michigan_MPART_Surface_Water,Ecorse River | 19-ER-0030,Surface Water,42.26158,-83.167105,2020,8/11/2020,,EPA 537.1,,,ng/L,,2.35,,,,2.59,,1.56,,,,,,,,,,,,,3.50,3.86,,,,,,,,,,,,,,,,,,,,,,,,,,,,,,,,
Michigan_MPART_Surface_Water,South Branch Ecorse River | 19-SBE-0030,Surface Water,42.224062,-83.197564,2020,8/11/2020,,EPA 537.1,,,ng/L,,,,,2.21,,,,,,,2.32,,,,,,,,,,,,,,,,,,,,,,,,,,,,,,,,,,,,,,,,,,
Michigan_MPART_Surface_Water,Sexton and Kilfoil Drain | 19-SK-0020,Surface Water,42.23304,-83.219585,2020,8/11/2020,,EPA 537.1,,,ng/L,,,,,2.85,,,,,,,1.73,,,,,,,,,,,,,,,,,,,,,,,,,,,,,,,,,,,,,,,,,,
Michigan_MPART_Surface_Water,Ecorse River | 19-ER-0050,Surface Water,42.273665,-83.221242,2020,8/11/2020,,EPA 537.1,,,ng/L,,4.09,,,,,,2.14,,,,,,,,,,,,,,,,,,,,,,,,,,,,,,,,,,,,,,,,,,,,,,
Michigan_MPART_Surface_Water,Sexton and Kilfoil Drain | 19-SK-0030,Surface Water,42.229176,-83.230149,2020,8/11/2020,,EPA 537.1,,,ng/L,,,,,2.68,,,,,,,1.73,1.64,,,,,,,,,,,,,,,,,,,,,,,,,,,,,,,,,,,,,,,,,
Michigan_MPART_Surface_Water,Sexton and Kilfoil Drain | 19-SK-0060,Surface Water,42.228654,-83.297938,2020,8/11/2020,,EPA 537.1,,,ng/L,,,,2.14,,3.92,,3.03,,,,1.53,,,,,,,4.21,,1.84,,,,,,,,,,,,,,,,,,,,,,,,,,,,,,,,,
Michigan_MPART_Surface_Water,Unnamed Trib to Frank and Poet | 19-UTFP-0010,Surface Water,42.10589,-83.202324,2020,8/11/2020,,EPA 537.1,,,ng/L,,,,,,,,,,,,,,,,,,,,,,,,,,,,,,,,,,,,,,,,,,,,,,,,,,,,,,
Michigan_MPART_Surface_Water,Unnamed Drain to Sexton and Kil | 19-UTSK-0010,Surface Water,42.226789,-83.240145,2020,8/11/2020,,EPA 537.1,,,ng/L,,,,,,,,3.48,,,,,,,,,,,,,,,,,,,,,,,,,,,,,,,,,,,,,,,,,,,,,,
Michigan_MPART_Surface_Water,Ecorse River | 19-ER-0020,Surface Water,42.235201,-83.159212,2019,11/20/2019,,EPA 537.1,,,ng/L,,,,,,,13.00,,,,,6.40,,,,,,,,,,,,,,,,,,,,1.10,,,1.40,,,,,,,,,,,0.97,,0.00,,,,,,
Michigan_MPART_Surface_Water,Frank and Poet Drain | 19-FP-0020,Surface Water,42.112197,-83.205503,2020,8/11/2020,,EPA 537.1,,,ng/L,,,,2.01,1.85,,,,,,,,1.53,,,,,,,,,,,,,,,,,,,,,,,,,,,,,,,,,,,,,,,,,
Michigan_MPART_Surface_Water,South Branch Ecorse River | 19-SBE-0010,Surface Water,42.234501,-83.159596,2020,8/11/2020,,EPA 537.1,,,ng/L,,,,2.68,,,,2.71,,,,2.50,,,,,,,,,1.99,3.69,,,,,,,,,,,,,,,,,,,,,,,,,,,,,,,,
Michigan_MPART_Surface_Water,Ecorse River | 19-ER-0025,Surface Water,42.245114,-83.159452,2020,8/11/2020,,EPA 537.1,,,ng/L,,3.13,,,,2.32,4.08,1.79,,,,,,,,,,,,,3.32,3.75,,,,,,,,,,,,,,,,,,,,,,,,,,,,,,,,
Michigan_MPART_Surface_Water,Ecorse River | 19-ER-0010,Surface Water,42.234835,-83.149043,2020,8/11/2020,,EPA 537.1,,,ng/L,2.76,,,,,,1.57,,,,,,,,,,,,2.60,,,1.55,,,,,,,,,,,,,,,,,,,,,,,,,,,,,,,,
Michigan_MPART_Surface_Water,Reeck Drain | 19-RE-0010,Surface Water,42.267325,-83.207387,2020,8/11/2020,,EPA 537.1,,,ng/L,1.76,,,,,,,,,,,,,,,,,,,,,,,,,,,,,,,,,,,,,,,,,,,,,,,,,,,,,
Michigan_MPART_Surface_Water,South Branch Ecorse River | 19-SBE-0010,Surface Water,42.234501,-83.159596,2020,8/11/2020,,EPA 537.1,,,ng/L,,,,2.40,,,,2.47,,,,3.80,,,,,,,,,2.27,3.91,,,,,,,,,,,,,,,,,,,,,,,,,,,,,,,,
Michigan_MPART_Surface_Water,Sutliff and Kenope Drain | 19-SKP-0010,Surface Water,42.196449,-83.215918,2020,8/11/2020,,EPA 537.1,,,ng/L,,,,,,,,2.59,,,,,,,,,,,,,,,,,,,,,,,,,,,,,,,,,,,,,,,,,,,,,,
Michigan_MPART_Surface_Water,Frank and Poet Drain | 19-FP-0100,Surface Water,42.170203,-83.206425,2020,8/11/2020,,EPA 537.1,,,ng/L,,,,1.93,2.12,,,,,,,,1.60,,,,,,,,,,,,,,,,,,,,,,,,,,,,,,,,,,,,,,,,,
Michigan_MPART_Surface_Water,Packard Drain | 19-PD-0010,Surface Water,42.214935,-83.326637,2020,8/11/2020,,EPA 537.1,,,ng/L,,,,,,,,,,,,3.95,,,,,,,,,,,,,,,,,,,,,,,,,,,,,,,,,,,,,,,,,,
Michigan_MPART_Surface_Water,Sexton and Kilfoil Drain | 19-SK-0050,Surface Water,42.228509,-83.27949,2020,8/11/2020,,EPA 537.1,,,ng/L,,,,,2.34,,,,,,,2.31,,,,,,,,,,,,,,,,,,,,,,,,,,,,,,,,,,,,,,,,,,
Michigan_MPART_Surface_Water,Sexton and Kilfoil Drain | 19-SK-0080,Surface Water,42.224321,-83.327064,2020,8/11/2020,,EPA 537.1,,,ng/L,,,,,,,,,,,,,,,,,,,,,3.54,,,,,,,,,,,,,,,,,,,1.51,,,,,,,2.25,,,,,,,
Michigan_MPART_Surface_Water,Ecorse River | 19-ER-0025,Surface Water,42.245114,-83.159452,2020,8/11/2020,,EPA 537.1,,,ng/L,,2.84,,,,2.97,,1.77,,,,1.63,,,,,,,,,2.60,3.85,,,,,,,,,,,,,,,,,,,,,,,,,,,,,,,,
Michigan_MPART_Surface_Water,Ecorse River | 19-ER-0090,Surface Water,42.260742,-83.315334,2020,8/11/2020,,EPA 537.1,,,ng/L,,,,,,2.36,,2.45,,,,1.57,,,,,,,,,,,,,,,,,,,,,,,,,,,,,,,,,,,,,,,,,,
Michigan_MPART_Surface_Water,Blakely Drain | 19-BL-0010,Surface Water,42.169777,-83.225657,2020,8/11/2020,,EPA 537.1,,,ng/L,,,,,,,,3.83,,,,,,,,,,,,,,,,,,,,,,,,,,,,,,,,,,,,,,,,,,,,,,
Michigan_MPART_Surface_Water,Ecorse River | 19-ER-0020,Surface Water,42.235201,-83.159212,2020,8/11/2020,,EPA 537.1,,,ng/L,,3.29,,,,3.67,4.07,1.60,,,,,,,,,,,,,2.72,3.21,,,,,,,,,,,,,,,,,,,,,,,,,,,,,,,,
Michigan_MPART_Surface_Water,Sexton and Kilfoil Drain | 19-SK-0070,Surface Water,42.225501,-83.307716,2020,8/11/2020,,EPA 537.1,,,ng/L,,,,,,,,,,,,,,,,,,,,2.02,,,,,,,,,,,,2.34,,,,,,,,,,,,,,,,,,,,,,
Michigan_MPART_Surface_Water,Sexton and Kilfoil Drain | 19-SK-0060,Surface Water,42.228654,-83.297938,2020,8/11/2020,,EPA 537.1,,,ng/L,,,,1.67,,,,3.54,,,,,,,,,,,,,1.92,,,,,,,,,,,,,,,,,,,,,,,,,,,,,,,,,
Michigan_MPART_Surface_Water,Sloss and Ganong Drain | 19-SG-0010,Surface Water,42.230675,-83.307556,2020,8/11/2020,,EPA 537.1,,,ng/L,,3.89,,,,2.38,,2.65,,,,,,,,,,,,,2.50,4.16,,,,,,,,,,,,,,,,,,,,,,,,,,,,,,,,
Michigan_MPART_Surface_Water,Douglas and Kelly Drain | 19-DK-0010,Surface Water,42.261498,-83.298108,2020,8/11/2020,,EPA 537.1,,,ng/L,,,,,,,,,,,,2.61,,,,,,,,,3.74,,,,,,,,,,,,,,,,,,,,,,,,,,,,,,,,,
Michigan_MPART_Surface_Water,Brownstone Creek | 19-BS-0020,Surface Water,42.102985,-83.221766,2020,8/11/2020,,EPA 537.1,,,ng/L,,,,,,3.31,,3.20,,,,,,,,,,,,,,,,,,,,,,,,,,,,,,,,,,,,,,,,,,,,,,
Michigan_MPART_Surface_Water,Packard Drain | 19-PD-0010,Surface Water,42.214935,-83.326637,2020,8/11/2020,,EPA 537.1,,,ng/L,,,,,,,,,3.68,,,3.99,2.13,,,,,,,,,,,,,,,,,,,1.66,,,,,,,,,,,,,,,,,,,,,,
Michigan_MPART_Surface_Water,Frank and Poet Drain | 19-FP-0009,Surface Water,42.087792,-83.200155,2020,8/11/2020,,EPA 537.1,,,ng/L,,,,1.63,1.52,,,3.65,,,,,,,,,,,,,,,,,,,,,,,,,,,,,,,,,,,,,,,,,,,,,,
Michigan_MPART_Surface_Water,Sexton and Kilfoil Drain | 19-SK-0010,Surface Water,42.227889,-83.206873,2020,8/11/2020,,EPA 537.1,,,ng/L,,,,,3.30,,,,,,,2.15,2.19,,,,,,,,,,,,,,,,,,,,,,,,,,,,,,,,,,,,,,,,,
Michigan_MPART_Surface_Water,Huntington Creek | 19-HC-0010,Surface Water,42.176486,-83.167435,2020,8/11/2020,,EPA 537.1,,,ng/L,,2.28,,,,,3.68,,,,,,,,,,,,,,1.76,,,,,,,,,,,,,,,,,,,,,,,,,,,,,,,,,
Michigan_MPART_Surface_Water,Ecorse River | 19-ER-0100,Surface Water,42.249628,-83.328091,2020,8/11/2020,,EPA 537.1,,,ng/L,3.97,3.26,,,,1.45,,1.45,,,,1.49,,,,,,,,,2.02,,,,,,,,,,,,,,,,,,,,,,,,,,,,,,,,,
Michigan_MPART_Surface_Water,Brownstone Creek | 19-BS-0010,Surface Water,42.095491,-83.211102,2020,8/11/2020,,EPA 537.1,,,ng/L,,,,,,,,3.31,,,,,,,,,,,,,,,,,,,,,,,,,,,,,,,,,,,,,,,,,,,,,,
Michigan_MPART_Surface_Water,South Branch Ecorse River | 19-SBE-0040,Surface Water,42.222697,-83.204615,2020,8/11/2020,,EPA 537.1,,,ng/L,,3.99,,,,,4.23,1.76,,,,,,,,,,,,,,,,,,,,,,,,,,,,,,,,,,,,,,,,,,,,,,
Michigan_MPART_Surface_Water,Marsh Creek | 19-MA-0010,Surface Water,42.106329,-83.218893,2020,8/11/2020,,EPA 537.1,,,ng/L,,,,,,,,,,,,,,,,,,,,,,,,,,,,,,,,,,,,,,,,,,,,,,,,,,,,,,
Michigan_MPART_Surface_Water,Sexton and Kilfoil Drain | 19-SK-0040,Surface Water,42.228494,-83.240277,2020,8/11/2020,,EPA 537.1,,,ng/L,,,,,2.75,,,,,,,2.18,1.84,,,,,,,,,,,,,,,,,,,,,,,,,,,,,,,,,,,,,,,,,
Michigan_MPART_Surface_Water,Frank and Poet Drain | 19-FP-1000,Surface Water,42.20629,-83.316497,2020,8/11/2020,,EPA 537.1,,,ng/L,,2.88,,,,2.08,,1.68,,,,2.74,,,,,,,,,,,,,,,,,,,,,,,,,,,,,,,,,,,,,,,,,,
Michigan_MPART_Surface_Water,Ecorse River | 19-ER-0050,Surface Water,42.273665,-83.221242,2020,8/11/2020,,EPA 537.1,,,ng/L,,,,,,,,2.28,,,,,,,,,,,,,,,,,,,,,,,,,,,,,,,,,,,,,,,,,,,,,,
Michigan_MPART_Surface_Water,Frank and Poet Drain | 19-FP-0090,Surface Water,42.155459,-83.206399,2020,8/11/2020,,EPA 537.1,,,ng/L,,,,2.21,1.69,,,,,,,,,,,,,,,,,,,,,,,,,,,,,,,,,,,,,,,,,,,,,,,,,
Michigan_MPART_Surface_Water,Douglas and Kelly Drain | 19-DK-0010,Surface Water,42.261498,-83.298108,2020,8/11/2020,,EPA 537.1,,,ng/L,,,,,,,,,,,,1.97,,,,,,,,,,,,,,,,,,,,,,,,,,,,,,,,,,,,,,,,,,
Michigan_MPART_Surface_Water,Brownstone Creek | 19-BS-0020,Surface Water,42.102985,-83.221766,2020,8/11/2020,,EPA 537.1,,,ng/L,,,,,,2.08,,2.57,,,,,,,,,,,,,,,,,,,,,,,,,,,,,,,,,,,,,,,,,,,,,,
Michigan_MPART_Surface_Water,Ecorse River | 19-ER-0080,Surface Water,42.269516,-83.296447,2020,8/11/2020,,EPA 537.1,,,ng/L,,3.76,,,,3.68,,2.62,,,,,,,,,,,,,,,,,,,,,,,,,,,,,,,,,,,,,,,,,,,,,,
Michigan_MPART_Surface_Water,Ecorse River | 19-ER-0010,Surface Water,42.234835,-83.149043,2019,11/20/2019,,EPA 537.1,,,ng/L,,,,1.50,1.10,,4.80,,,,,,,,,,,,,0.83,,,,,,,,,,,,,,,1.60,,,,,,,,,,,,,0.00,,,,,,
Michigan_MPART_Surface_Water,Flint River | 23-FR-0010,Surface Water,43.321,-84.045,2020,9/21/2020,,EPA 537.1,,,ng/L,,2.45,,,,2.92,,,,,,,,,,,,,3.90,,,,,,,,,,,,,,,,,,,,,,,,,,,,,,,,,,,
Michigan_MPART_Surface_Water,Misteguay Creek | 23-MC-0010,Surface Water,43.292,-83.992,2021,6/1/2021,,EPA 537.1,,,ng/L,,,,,,,,,,,,,,,,,,,,,2.29,1.89,,,,,,,,,,,,,,,,,,,,,,,,,,,,,,,,
Michigan_MPART_Surface_Water,Flint River | 23-FR-0040,Surface Water,43.30883,-83.9539,2021,5/4/2021,,EPA 537.1,,,ng/L,,2.87,,,,2.80,,1.03,,,,,,,,,,,,,,,,,,,,,,,,,,,,,,,,,,,,,,,,,,,,,,
Michigan_MPART_Surface_Water,N. Br. Flint River | 23-NBFR-0010,Surface Water,43.188469,-83.367327,2021,5/4/2021,,EPA 537.1,,,ng/L,,,,,,,,,,,,,,,,,,,,,,1.77,,,,,,,,,,,,,,,,,,,,,,,,,,,,,,,,
Michigan_MPART_Surface_Water,Flint River | 23-FR-0415,Surface Water,43.05948,-83.66638,2021,5/4/2021,,EPA 537.1,,,ng/L,2.57,,,,,,,,,,,,,,,,,,,,1.57,2.85,,,,,,,,,,,,,,,,,,,,,,,,,,,,,,,,
Michigan_MPART_Surface_Water,Gilkey Creek | 23-GC-0010,Surface Water,43.032388,-83.681192,2017,5/9/2017,,EPA 537.1,,,ng/L,,,,,,,,,,,,,,,,,,,,,,,,,,,,,,,,,,,,,,,,,0.86,0.21,,,,,,,,,,,,
Michigan_MPART_Surface_Water,Kearsley Creek | 23-KC-0010,Surface Water,43.05397,-83.6683,2016,7/6/2016,,Unnamed_SPE_LCMS_MS,,,ng/L,,2.40,,2.10,2.10,2.10,3.80,2.30,2.10,,,,,,,,,,4.30,,1.80,4.70,,,,,,,,,,2.10,,,,,,,,2.10,2.10,0.84,,,2.10,2.10,2.10,,,,,,,2.10
Michigan_MPART_Surface_Water,Lake Pleasant | 23-LP-0020,Surface Water,43.058225,-83.176799,2018,8/1/2018,,EPA 537.1,,,ng/L,,,,0.00,0.69,1.10,,1.80,0.00,,,8.20,,,,,,,,0.00,,,,,,,,,,,,,,,,,,,,0.00,0.00,,,0.00,,,,,,,,,,
Michigan_MPART_Surface_Water,Kintz Creek | 23-KZC-0040,Surface Water,42.97102,-83.3042,2021,6/1/2021,,EPA 537.1,,,ng/L,,,,,,,,,,,,,,,,,,,,,,,,,,,,,,,,,,,,,,,,,,,,,,,,,,,,,,
Michigan_MPART_Surface_Water,Flint River | 23-FR-0430,Surface Water,43.0762,-83.6545,2021,5/4/2021,,EPA 537.1,,,ng/L,1.72,,,,,,,,,,,,,,,,,,,,1.77,2.85,,,,,,,,,,,,,,,,,,,,,,,,,,,,,,,,
Michigan_MPART_Surface_Water,Thread Creek | 23-THR-0010,Surface Water,43.003517,-83.693661,2021,5/4/2021,,EPA 537.1,,,ng/L,,,,,,,1.77,,,,,,,,,,,,,,3.29,3.41,,,,,,,,,,,,,,,,,,,,,,,,,,,,,,,,
Michigan_MPART_Surface_Water,Cornwell Drain | 23-CND-0010,Surface Water,43.08632,-83.6564,2021,6/1/2021,,EPA 537.1,,,ng/L,,,,1.14,1.52,3.04,,,,,,1.98,1.49,,,,,,,,,,,,,,,,,,,,,,,,,,,,,,,,,,,,,,,,,
Michigan_MPART_Surface_Water,Flint River | 23-FR-0300,Surface Water,43.00964,-83.7095,2021,6/1/2021,,EPA 537.1,,,ng/L,,,,,,2.23,1.84,,,,,,,,,,,,,,1.98,2.26,,,,,,,,,,,,,,,,,,,,,,,,,,,,,,,,
Michigan_MPART_Surface_Water,Flint River | 23-FR-0415,Surface Water,43.05948,-83.66638,2016,7/6/2016,,Unnamed_SPE_LCMS_MS,,,ng/L,16.00,1.20,,2.10,2.10,2.10,8.50,5.20,2.10,,,,,,,,,,8.20,,1.00,5.00,,,,,,,,,,2.10,,,,,,,,2.10,2.10,0.88,,,2.10,2.10,2.10,,,,,,,2.10
Michigan_MPART_Surface_Water,Brent Run | 23-BR-0010,Surface Water,43.187221,-83.863661,2021,6/1/2021,,EPA 537.1,,,ng/L,,2.43,,,,,2.09,,,,,,,,,,,,,,2.09,2.24,,,,,,,,,,,,,,,,,,,,,,,,,,,,,,,,
Michigan_MPART_Surface_Water,Unnamed Trib to Swartz Creek | 23-UTSWC-0010,Surface Water,42.97146908,-83.72870782,2021,5/4/2021,,EPA 537.1,,,ng/L,,,,,,,,,,,,,,,,,,,,,,,,,,,,,,,,,,,,,,,,,,,,,,,,,,,,,,
Michigan_MPART_Surface_Water,Lake Pleasant | 23-LP-0010,Surface Water,43.060154,-83.178867,2018,8/1/2018,,EPA 537.1,,,ng/L,,,,0.00,0.60,0.96,,,0.00,,,7.90,,,,,,,1.70,0.00,,,,,,,,,,,,1.00,,,,,,,,0.00,1.40,,,0.00,,,,,,,,,,
Michigan_MPART_Surface_Water,Unnamed Trib to Rush Creek | 23-UTRSC-0010,Surface Water,42.99224,-83.9869,2021,6/1/2021,,EPA 537.1,,,ng/L,,,,,,,,,,,,,,,,,,,,,,,,,,,,,,,,,,,,,,,,,,,,,,,,,,,,,,
Michigan_MPART_Surface_Water,Flint River | 23-FR-0310,Surface Water,43.01436,-83.7039,2021,6/1/2021,,EPA 537.1,,,ng/L,,,,,,2.54,1.83,,,,,,,,,,,,,,1.89,2.57,,,,,,,,,,,,,,,,,,,,,,,,,,,,,,,,
Michigan_MPART_Surface_Water,Flint River | 23-FR-0120,Surface Water,43.17618,-83.8779,2013,10/31/2013,,Unnamed_SPE_LCMS_MS,,,ng/L,,,,0.72,0.93,1.90,,,,,,,,,,,,,,,1.30,,,,,,,,,,,,,,,,,,,,0.58,0.87,,,,,,,,,,,,
Michigan_MPART_Surface_Water,Swartz Creek | 23-SWC-0100,Surface Water,42.98606,-83.7388,2021,6/1/2021,,EPA 537.1,,,ng/L,3.49,1.71,,,,2.63,3.45,,,,,,,,,,,,,,3.69,,,,,,,,,,,,,,,,,,,,,,,,,,,,,,,,,
Michigan_MPART_Surface_Water,Swartz Creek | 23-SWC-0010,Surface Water,43.013612,-83.698634,2021,5/4/2021,,EPA 537.1,,,ng/L,,2.12,,,,2.02,3.40,,,,,,,,,,,,,,,4.22,,,,,,,,,,,,,,,,,,,,,,,,,,,,,,,,
Michigan_MPART_Surface_Water,Flint River | 23-FR-0330,Surface Water,43.01763,-83.6945,2021,5/4/2021,,EPA 537.1,,,ng/L,3.82,,,,,,2.04,,,,,,,,,,,,,,1.96,3.18,,,,,,,,,,,,,,,,,,,,,,,,,,,,,,,,
Michigan_MPART_Surface_Water,Gilkey Creek | 23-GC-0210,Surface Water,43.026046,-83.635002,2021,6/1/2021,,EPA 537.1,,,ng/L,3.45,3.04,,,,1.14,,,,,,,,,,,,,,,3.05,,,,,,,,,,,,,,,,,,,,,,,,,,,,,,,,,
Michigan_MPART_Surface_Water,Flint River | 23-FR-0120,Surface Water,43.17618,-83.8779,2013,10/31/2013,,Unnamed_SPE_LCMS_MS,,,ng/L,,,,0.89,,1.90,,,,,,,,,,,,,,,1.50,,,,,,,,,,,,,,,,,,,,0.42,0.50,,,,,,,,,,,,
Michigan_MPART_Surface_Water,S. Br. Flint River | 23-SBFR-0080,Surface Water,43.058326,-83.306725,2021,5/4/2021,,EPA 537.1,,,ng/L,,,,,,,1.07,,,,,,,,,,,,,,1.53,2.18,,,,,,,,,,,,,,,,,,,,,,,,,,,,,,,,
Michigan_MPART_Surface_Water,Misteguay Creek | 23-MC-0010,Surface Water,43.292,-83.992,2019,10/29/2019,,EPA 537.1,,,ng/L,1.60,1.70,,,0.00,0.82,0.99,0.79,0.00,,,,,,,,,,0.95,0.00,,,,,,,,,,,,,,,,,,,,,0.00,,,0.00,,,0.93,,,,,,,
Michigan_MPART_Surface_Water,Flint River | 23-FR-0240,Surface Water,43.03882,-83.77382,2016,7/6/2016,,Unnamed_SPE_LCMS_MS,,,ng/L,14.00,2.70,,2.10,2.10,2.30,8.30,4.70,2.10,,,,,,,,,,8.60,,2.20,5.40,,,,,,,,,,2.10,,,,,,,,2.10,2.10,0.86,,,2.10,2.10,2.10,,,,,,,2.10
Michigan_MPART_Surface_Water,S. Br. Flint River | 23-SBFR-0010,Surface Water,43.159752,-83.35102,2021,5/4/2021,,EPA 537.1,,,ng/L,1.63,,,,,,1.78,,,,,,,,,,,,1.41,,1.84,1.89,,,,,,,,,,,,,,,,,,,,,,,,,,,,,,,,
Michigan_MPART_Surface_Water,Flint River | 23-FR-0240,Surface Water,43.03882,-83.77382,2021,6/1/2021,,EPA 537.1,,,ng/L,,1.34,,,,1.65,2.21,,,,,,,,,,,,,,3.09,3.13,,,,,,,,,,,,,,,,,,,,,,,,,,,,,,,,
Michigan_MPART_Surface_Water,West Branch Swartz Creek | 23-WSWC-0010,Surface Water,42.97339168,-83.76810671,2021,5/4/2021,,EPA 537.1,,,ng/L,2.64,1.52,,,,,2.54,,,,,,,,,,,,2.58,,2.20,3.25,,,,,,,,,,,,,,,,,,,,,,,,,,,,,,,,
Michigan_MPART_Surface_Water,Flint River | 23-FR-0050,Surface Water,43.28176,-83.91058,2021,5/4/2021,,EPA 537.1,,,ng/L,,2.26,,,,2.50,,,,,,,,,,,,,3.12,,,3.69,,,,,,,,,,,,,,,,,,,,,,,,,,,,,,,,
Michigan_MPART_Surface_Water,Kearsley Creek | 23-KC-0060,Surface Water,43.04064,-83.5959,2021,6/1/2021,,EPA 537.1,,,ng/L,,1.71,,,,1.41,1.71,,,,,,,,,,,,1.34,,2.18,2.61,,,,,,,,,,,,,,,,,,,,,,,,,,,,,,,,
Michigan_MPART_Surface_Water,Flint River | 23-FR-0540,Surface Water,43.127193,-83.433443,2017,5/9/2017,,EPA 537.1,,,ng/L,,0.73,,,,,,,,,,,,,,,,,,,,,,,,,,,,,,,,,,,,,,,1.10,0.32,,,,,,,,,,,,
Michigan_MPART_Surface_Water,Flint River | 23-FR-0120,Surface Water,43.17618,-83.8779,2013,10/31/2013,,Unnamed_SPE_LCMS_MS,,,ng/L,,,,0.78,0.82,1.80,,,,,,,,,,,,,,,1.50,,,,,,,,,,,,,,,,,,,,0.36,0.62,,,,,,,,,,,,
Michigan_MPART_Surface_Water,Silver Creek | 23-SV-0010,Surface Water,43.2777,-83.8854,2021,6/1/2021,,EPA 537.1,,,ng/L,2.45,2.55,,,,,,1.70,,,,,,,,,,,3.66,,,,,,,,,,,,,,,,,,,,,,,,,,,,,,,,,,,
Michigan_MPART_Surface_Water,Flint River | 23-FR-0360,Surface Water,43.03454,-83.6828,2021,5/4/2021,,EPA 537.1,,,ng/L,,1.09,,,,,1.09,,,,,,,,,,,,,,2.29,2.96,,,,,,,,,,,,,,,,,,,,,,,,,,,,,,,,
Michigan_MPART_Surface_Water,Gilkey Creek | 23-GC-0010,Surface Water,43.032388,-83.681192,2021,6/1/2021,,EPA 537.1,,,ng/L,,2.38,,,,1.62,3.83,,,,,,,,,,,,,,,,,,,,,,,,,,,,,,,,,,,,,,,,,,,,,,,
Michigan_MPART_Surface_Water,Swartz Creek | 23-SWC-0050,Surface Water,42.999542,-83.707184,2017,5/9/2017,,EPA 537.1,,,ng/L,,,,,0.72,,,1.20,,,,,,,,,,,,,,,,,,,,,,,,,,,,,,,,,0.74,0.00,,,,,,,,,,,,
Michigan_MPART_Surface_Water,Swartz Creek | 23-SWC-0120,Surface Water,42.97313,-83.7613,2021,5/4/2021,,EPA 537.1,,,ng/L,1.63,2.12,,,,2.35,2.43,,,,,1.29,,,,,,,1.09,,3.41,4.19,,,,,,,,,,,,,,,,,,,,,,,,,,,,,,,,
Michigan_MPART_Surface_Water,Gilkey Creek | 23-GC-0210,Surface Water,43.026046,-83.635002,2017,5/9/2017,,EPA 537.1,,,ng/L,,,,,,1.20,,1.10,,,,,,,,,,,,,,,,,,,,,,,,,,,,,,,,,1.70,1.10,,,,,,,,,,,,
Michigan_MPART_Surface_Water,Swartz Creek | 23-SWC-0010,Surface Water,43.013612,-83.698634,2016,7/6/2016,,Unnamed_SPE_LCMS_MS,,,ng/L,7.70,5.60,,0.85,1.40,2.60,7.90,3.40,2.10,,,,,,,,,,8.50,,4.40,7.40,,,,,,,,,,2.10,,,,,,,,2.10,0.47,0.84,,,2.10,2.10,2.10,,,,,,,2.10
Michigan_MPART_Surface_Water,Gilkey Creek | 23-GC-0010,Surface Water,43.032388,-83.681192,2016,7/6/2016,,Unnamed_SPE_LCMS_MS,,,ng/L,12.00,8.60,,1.40,1.40,1.50,7.50,3.90,2.10,,,,,,,,,,7.00,,5.10,13.00,,,,,,,,,,2.10,,,,,,,,2.10,2.10,0.77,,,2.10,2.10,2.10,,,,,,,2.10
Michigan_MPART_Surface_Water,Brent Run | 23-BR-0010,Surface Water,43.187221,-83.863661,2017,5/9/2017,,EPA 537.1,,,ng/L,,,,,,1.60,,1.10,,,,,,,,,,,,,,,,,,,,,,,,,,,,,,,,,0.78,0.00,,,,,,,,,,,,
Michigan_MPART_Surface_Water,Flint Park Lake | 23-FPL-0010,Surface Water,43.058597,-83.719,2018,10/18/2018,,EPA 537.1,,,ng/L,,,,0.66,0.78,,,,0.00,,,,,,,,,,,0.00,,,,,,,,,,,,,,,,,,,,,0.00,,,0.00,,,,,,,,,,
Michigan_MPART_Surface_Water,Flint River | 23-FR-0430,Surface Water,43.0762,-83.6545,2016,7/6/2016,,Unnamed_SPE_LCMS_MS,,,ng/L,14.00,1.40,,2.10,2.10,2.10,7.90,4.80,2.10,,,,,,,,,,8.30,,0.97,5.70,,,,,,,,,,2.10,,,,,,,,2.10,2.10,0.80,,,2.10,2.10,2.10,,,,,,,2.10
Michigan_MPART_Surface_Water,Flint River | 23-FR-0050,Surface Water,43.28176,-83.91058,2013,8/9/2013,,Unnamed_SPE_LCMS_MS,,,ng/L,,,,0.83,,1.90,,1.90,,,,,,,,,,,,,,,,,,,,,,,,,,,,,,,,,0.00,0.33,,,,,,,,,,,,
Michigan_MPART_Surface_Water,Flint River | 23-FR-0540,Surface Water,43.127193,-83.433443,2021,6/1/2021,,EPA 537.1,,,ng/L,1.79,1.46,,,,,2.11,,,,,,,,,,,,2.26,,,1.72,,,,,,,,,,,,,,,,,,,,,,,,,,,,,,,,
Michigan_MPART_Surface_Water,Thread Creek | 23-THR-0010,Surface Water,43.003517,-83.693661,2017,5/9/2017,,EPA 537.1,,,ng/L,,1.60,,,,1.30,1.70,0.97,,,,,,,,,,,,,1.60,,,,,,,,,,,,,,,,,,,,0.82,0.00,,,,,,,,,,,,
Michigan_MPART_Surface_Water,Unnamed Trib by CRL | 23-UTFR-0010,Surface Water,43.09343,-83.6564,2021,5/4/2021,,EPA 537.1,,,ng/L,3.58,3.00,,,,1.80,2.35,,,,,,,,,,,,,,3.52,3.51,,,,,,,,,,,,,,,,,,,,,,,,,,,,,,,,
Michigan_MPART_Surface_Water,Flint River | 23-FR-0470,Surface Water,43.111321,-83.51894,2017,5/9/2017,,EPA 537.1,,,ng/L,,0.92,,,,,,,,,,,,,,,,,,,,,,,,,,,,,,,,,,,,,,,1.10,0.00,,,,,,,,,,,,
Michigan_MPART_Surface_Water,S. Br. Flint River | 23-SBFR-0080,Surface Water,43.058326,-83.306725,2017,5/9/2017,,EPA 537.1,,,ng/L,,0.79,,,,,1.50,,,,,,,,,,,,,,,,,,,,,,,,,,,,,,,,,,,0.53,,,0.58,,,,,,,,,
Michigan_MPART_Surface_Water,Flint River | 23-FR-0050,Surface Water,43.28176,-83.91058,2013,8/9/2013,,Unnamed_SPE_LCMS_MS,,,ng/L,,,,1.10,,,,2.00,,,,,,,,,,,,,,,,,,,,,,,,,,,,,,,,,0.00,0.45,,,,,,,,,,,,
Michigan_MPART_Surface_Water,Gilkey Creek | 23-GC-0180,Surface Water,43.01958,-83.6533,2021,5/4/2021,,EPA 537.1,,,ng/L,,3.75,,,,,,,,,,,,,,,,,,,,,,,,,,,,,,,,,,,,,,,,,,,,,,,,,,,,
Michigan_MPART_Surface_Water,Swartz Creek | 23-SWC-0010,Surface Water,43.013612,-83.698634,2017,5/9/2017,,EPA 537.1,,,ng/L,,,,,0.64,,,1.00,,,,,,,,,,,,,1.80,,,,,,,,,,,,,,,,,,,,0.85,0.00,,,,,,,,,,,,
Michigan_MPART_Surface_Water,Flint River | 23-FR-0470,Surface Water,43.111321,-83.51894,2021,5/4/2021,,EPA 537.1,,,ng/L,2.00,,,,,,1.54,,,,,,,,,,,,,,1.47,2.73,,,,,,,,,,,,,,,,,,,,,,,,,,,,,,,,
Michigan_MPART_Surface_Water,Evans Drain | 23-ED-0010,Surface Water,43.06294568,-83.27613338,2022,2/1/2022,,EPA 537.1,,,ng/L,,,,,,,,,,,,,,,,,,,,,,,,,,,,,,,,,,,,,,,,,,,,,,,,,,,,,,
Michigan_MPART_Surface_Water,Swartz Creek | 23-SWC-0160,Surface Water,42.943793,-83.744181,2017,5/9/2017,,EPA 537.1,,,ng/L,,,,,,,1.50,0.96,,,,,,,,,,,,,1.20,,,,,,,,,,,,,,,,,,,,1.00,0.37,,,0.79,,,,,,,,,
Michigan_MPART_Surface_Water,Flint River | 23-FR-0050,Surface Water,43.28176,-83.91058,2013,8/9/2013,,Unnamed_SPE_LCMS_MS,,,ng/L,,,,1.20,,,,,,,,,,,,,,,,,,,,,,,,,,,,,,,,,,,,,0.00,0.24,,,,,,,,,,,,
Michigan_MPART_Surface_Water,Flint River | 23-FR-0430,Surface Water,43.0762,-83.6545,2017,5/9/2017,,EPA 537.1,,,ng/L,,0.80,,,,,,1.60,,,,,,,,,,,,,,,,,,,,,,,,,,,,,,,,,0.68,0.00,,,,,,,,,,,,
Michigan_MPART_Surface_Water,Swartz Creek | 23-SWC-0002,Surface Water,43.0150101,-83.69926614,2021,5/4/2021,,EPA 537.1,,,ng/L,3.25,2.26,,,,2.48,3.33,,,,,,,,,,,,,,,,,,,,,,,,,,,,,,,,,,,,,,,,,,,,,,,
Michigan_MPART_Surface_Water,S.B. Flint River | 23-SBFR-0070,Surface Water,43.07879,-83.3067,2021,5/4/2021,,EPA 537.1,,,ng/L,2.17,,,,,,,,,,,,,,,,,,2.54,,2.13,2.81,,,,,,,,,,,,,,,,,,,,,,,,,,,,,,,,
Michigan_MPART_Surface_Water,Flint River | 23-FR-0120,Surface Water,43.17618,-83.8779,2021,5/4/2021,,EPA 537.1,,,ng/L,,1.46,,,,2.39,3.74,,,,,,,,,,,,2.79,,3.75,3.46,,,,,,,,,,,,,,,,,,,,,,,,,,,,,,,,
Michigan_MPART_Surface_Water,Kearsley Creek | 23-KC-0010,Surface Water,43.05397,-83.6683,2021,6/1/2021,,EPA 537.1,,,ng/L,,,,,,,2.41,,,,,,,,,,,,,,3.31,,,,,,,,,,,,,,,,,,,,,,,,,,,,,,,,,
Michigan_MPART_Surface_Water,N. Br. Flint River | 23-NBFR-0010,Surface Water,43.188469,-83.367327,2017,5/9/2017,,EPA 537.1,,,ng/L,,,,,,,0.95,,,,,,,,,,,,,,,,,,,,,,,,,,,,,,,,,,,0.57,,,,,0.62,,,,,,,
Michigan_MPART_Surface_Water,Hasler Creek | 23-HSC-0020,Surface Water,43.08347,-83.4428,2021,5/4/2021,,EPA 537.1,,,ng/L,,,,,,,,,,,,,,,,,,,,,,3.19,,,,,,,,,,,,,,,,,,,,,,,,,,,,,,,,
Michigan_MPART_Surface_Water,Butternut Creek | 23-BNT-0080,Surface Water,43.18296,-83.5399,2021,6/1/2021,,EPA 537.1,,,ng/L,,,,,,,,,,,,,,,,,,,,,1.12,,,,,,,,,,,,,,,,,,,,,,,,,,,,,,,,,
Michigan_MPART_Surface_Water,Flint River | 23-FR-0010,Surface Water,43.321,-84.045,2019,10/29/2019,,EPA 537.1,,,ng/L,1.70,1.10,,0.00,0.26,1.00,,0.66,0.00,,,,,,,,,,1.30,0.00,1.40,,,,,,,,,,,,,,,,,,,,0.00,,,0.00,1.30,,0.47,,,,,,,
Michigan_MPART_Surface_Water,Flint River | 23-FR-0415,Surface Water,43.05948,-83.66638,2021,5/4/2021,,EPA 537.1,,,ng/L,2.13,,,,,,1.39,,,,,,,,,,,,,,,2.43,,,,,,,,,,,,,,,,,,,,,,,,,,,,,,,,
Michigan_MPART_Surface_Water,Gilkey Creek | 23-GC-0160,Surface Water,43.01516,-83.6605,2021,6/1/2021,,EPA 537.1,,,ng/L,,,,,,,,,,,,,,,,,,,,,,,,,,,,,,,,,,,,,,,,,,,,,,,,,,,,,,
Michigan_MPART_Surface_Water,Flint River | 23-FR-0100,Surface Water,43.23504,-83.8657,2021,5/4/2021,,EPA 537.1,,,ng/L,,2.62,,,,1.78,,,,,,,,,,,,,,,,3.80,,,,,,,,,,,,,,,,,,,,,,,,,,,,,,,,
Michigan_MPART_Surface_Water,Flint River | 23-FR-0290,Surface Water,43.01075,-83.7202,2021,6/1/2021,,EPA 537.1,,,ng/L,,,,,,1.95,1.55,,,,,,,,,,,,,,2.20,2.40,,,,,,,,,,,,,,,,,,,,,,,,,,,,,,,,
Michigan_MPART_Surface_Water,Flint River | 23-FR-0470,Surface Water,43.111321,-83.51894,2016,7/6/2016,,Unnamed_SPE_LCMS_MS,,,ng/L,16.00,1.50,,2.10,2.10,2.10,11.00,5.50,2.10,,,,,,,,,,9.50,,2.10,4.90,,,,,,,,,,2.10,,,,,,,,2.10,2.10,0.93,,,2.10,2.10,2.10,,,,,,,2.10
Michigan_MPART_Surface_Water,Flint River | 23-FR-0115,Surface Water,43.195793,-83.867316,2017,5/9/2017,,EPA 537.1,,,ng/L,,,,,,,,1.60,,,,,,,,,,,,,,,,,,,,,,,,,,,,,,,,,1.40,0.14,,,,,,,,,,,,
Michigan_MPART_Surface_Water,Rush Creek | 23-RSH-0050,Surface Water,42.97818,-83.9867,2021,6/1/2021,,EPA 537.1,,,ng/L,2.00,,,1.27,,,,2.20,,,,,,,,,,,,,2.53,,,,,,,,,,,,,,,,,,,,,,,,,,,,,,,,,
Michigan_MPART_Surface_Water,Flint River | 23-FR-0280,Surface Water,43.01741,-83.7348,2021,5/4/2021,,EPA 537.1,,,ng/L,,1.30,,,,2.51,2.35,,,,,,,,,,,,2.86,,2.96,3.30,,,,,,,,,,,,,,,,,,,,,,,,,,,,,,,,
Michigan_MPART_Surface_Water,S. Br. Flint River | 23-SBFR-0010,Surface Water,43.159752,-83.35102,2017,5/9/2017,,EPA 537.1,,,ng/L,,1.00,,,,,,,,,,,,,,,,,,,1.10,,,,,,,,,,,,,,,,,,,,1.50,0.32,,,,,,,,,,,,
Michigan_MPART_Surface_Water,Flint River | 23-FR-0380,Surface Water,43.04285,-83.6756,2021,6/1/2021,,EPA 537.1,,,ng/L,2.34,,,,,,2.07,,,,,,,,,,,,,,2.09,2.29,,,,,,,,,,,,,,,,,,,,,,,,,,,,,,,,
Michigan_MPART_Surface_Water,Grand River | 36-GR-0050,Surface Water,43.01477,-85.95629,2019,6/19/2019,,EPA 537.1,,,ng/L,,,,,,0.70,,,,,,,,,,,,,2.50,,,5.20,,,,,,,,,,,,,,,,,,,0.00,,,,,,,,,,,,,
Michigan_MPART_Surface_Water,Millennium Park Lake 0005 | 36-MNPL-0005,Surface Water,42.941444,-85.732319,2022,4/11/2022,,Unnamed_SPE_LCMS_MS,,,ng/L,,,,,,,,0.00,,,,,,,,,,,,,,,,,,,,,,,,,,,,,,,,,0.90,,,,,,,,,,,,,
Michigan_MPART_Surface_Water,NA | 62-PWWTP-0010,Surface Water,42.876067,-84.900884,2019,6/17/2019,,EPA 537.1,,,ng/L,0.56,0.51,,,,,0.45,0.45,,,,,,,,,,,,,0.71,3.50,,,,,,,,,,,,,,,,,,,0.00,,,,,,,,,,,,,
Michigan_MPART_Surface_Water,Grass Lake | 62-GL-0010,Surface Water,42.25932,-84.21703,2020,6/9/2020,,EPA 537.1,,,ng/L,,,,,,,,,,,,,,,,,,,,,,,,,,,,,,,,,,,,,,,,,,,,,,,,,,,,,,
Michigan_MPART_Surface_Water,Grass Lake Outlet | 62-GLO-0010,Surface Water,42.252602,-84.216714,2021,3/16/2021,,EPA 537.1,,,ng/L,,,,,,,,,,,,,,,,,,,1.99,,,,,,,,,,,,,,,,,,,,,,,,,,,,,,,,,,,
Michigan_MPART_Surface_Water,Grand River | 36-GR-0260,Surface Water,42.99496,-84.95989,2019,6/17/2019,,EPA 537.1,,,ng/L,1.10,,,,,,0.79,0.58,,,,,,,,,,,,,,,,,,,,,,,,,,,,,,,,,0.00,,,,,,0.49,,,,,,,
Michigan_MPART_Surface_Water,Bass River | 36-BR-0010,Surface Water,42.9951,-86.01774,2019,6/19/2019,,EPA 537.1,,,ng/L,,,,,0.36,1.30,,,,,,,,,,,,,2.30,,,,,,,,,,,,,,,,,,,,,,0.00,,,,,,0.47,,,,,,,
Michigan_MPART_Surface_Water,Grand River | 62-GR-0453,Surface Water,42.27149,-84.40883,2019,6/17/2019,,EPA 537.1,,,ng/L,,,,,0.35,0.44,,0.80,,,,,,,,,,,2.40,,,,,,,,,,,,,,,,,,,,,,0.00,,,,,,0.51,,,,,,,
Michigan_MPART_Surface_Water,Sycamore Creek | 62-SM-0010,Surface Water,42.71204,-84.52913,2019,6/17/2019,,EPA 537.1,,,ng/L,,,,,,0.51,1.70,0.81,,,,,,,,,,,2.00,,,,,,,,,,,,,,,,,,,,,,0.00,,,,,,0.56,,,,,,,
Michigan_MPART_Surface_Water,Grand River | 36-GR-0150,Surface Water,43.06167,-85.60971,2018,9/10/2018,,EPA 537.1,,,ng/L,,,,0.00,0.36,1.40,,1.30,0.61,,,800.00,,,,,,,,0.50,,,,,,,,,,,,,,,,,,,,0.00,0.00,,,0.00,,,,,,,,,,
Michigan_MPART_Surface_Water,Carrier Creek | 62-CA-0010,Surface Water,42.7553,-84.65274,2019,8/8/2019,,Unnamed_SPE_LCMS_MS,,,ng/L,,,,1.10,0.80,,,,,,,,,,,,,,,,,,,,,,,,,,,,,,,,,,,,,,,,,,,,,,,,,
Michigan_MPART_Surface_Water,Grand River | 36-GR-0150,Surface Water,43.06167,-85.60971,2019,6/19/2019,,EPA 537.1,,,ng/L,,,,,,0.53,1.30,0.73,,,,,,,,,,,,,,4.40,,,,,,,,,,,,,,,,,,,0.00,,,,,,,,,,,,,
Michigan_MPART_Surface_Water,Looking Glass River | 62-LG-0150,Surface Water,42.82442,-84.60286,2019,6/17/2019,,EPA 537.1,,,ng/L,0.85,,,,,,1.30,,,,,,,,,,,,2.20,,,,,,,,,,,,,,,,,,,,,,0.00,,,,,,,,,,,,,
Michigan_MPART_Surface_Water,Rogue River | 36-RR-0050,Surface Water,43.119888,-85.562212,2018,8/12/2018,,EPA 537.1,,,ng/L,,,,0.00,0.00,1.70,1.50,0.82,0.25,,,,,,,,,,1.60,0.48,,,,,,,,,,,,,,,,,,,,0.00,0.00,,,0.00,,,,,,,,,,
Michigan_MPART_Surface_Water,Grand River | 36-GR-0120,Surface Water,42.98496,-85.67317,2019,6/19/2019,,EPA 537.1,,,ng/L,1.30,,,,,0.39,1.70,0.84,,,,1.20,,,,,,,2.10,,,3.90,,,,,,,,,,,,,,,,,,,0.00,,,,,,,,,,,,,
Michigan_MPART_Surface_Water,Crego Pond Drain | 62-CD-0010,Surface Water,42.71768,-84.51881,2019,6/17/2019,,EPA 537.1,,,ng/L,,,,,0.59,,,,,,,,,,,,,,2.90,,,,,,,,,,,,,,,,,,,,,,0.00,,,,,,,,,,,,,
Michigan_MPART_Surface_Water,Millennium Park Lake 0008E | 36-MNPL-0008,Surface Water,42.941139,-85.739663,2022,4/11/2022,,Unnamed_SPE_LCMS_MS,,,ng/L,,,,,,,,0.00,,,,,,,,,,,,,,,,,,,,,,,,,,,,,,,,,,,,,,,,,,,,,,
Michigan_MPART_Surface_Water,Grand River | 62-GR-0455,Surface Water,42.26522,-84.40968,2019,6/17/2019,,EPA 537.1,,,ng/L,1.80,,,,,0.53,1.60,0.71,,,,,,,,,,,2.40,,,5.30,,,,,,,,,,,,,,,,,,,0.00,,,,,,,,,,,,,
Michigan_MPART_Surface_Water,Grand River | 62-GR-0320,Surface Water,42.73001,-84.54774,2019,6/17/2019,,EPA 537.1,,,ng/L,,,,,,0.42,,,,,,,,,,,,,2.40,,,,,,,,,,,,,,,,,,,,,,0.00,,,,,,0.57,,,,,,,
Michigan_MPART_Surface_Water,Rogue River | 36-RR-0050,Surface Water,43.119888,-85.562212,2018,9/10/2018,,EPA 537.1,,,ng/L,,,,0.00,0.47,1.20,1.30,1.40,0.60,,,1.80,,,,,,,1.70,0.37,,,,,,,,,,,,,,,,,,,,0.00,0.00,,,0.00,,,,,,,,,,
Michigan_MPART_Surface_Water,Egypt Creek | 36-EGC-0100,Surface Water,43.019825,-85.50302605,2021,3/23/2021,,EPA 537.1,,,ng/L,,,,,,,,,,,,,,,,,,,,,,1.89,,,,,,,,,,,,,,,,,,,,,,,,,,,,,,,,
Michigan_MPART_Surface_Water,Carrier Creek | 62-CA-0010,Surface Water,42.7553,-84.65274,2019,6/17/2019,,EPA 537.1,,,ng/L,,,,,0.63,,,,,,,,,,,,,,4.00,,,,,,,,,,,,,,,,,,,,,,0.00,,,,,,0.57,,,,,,,
Michigan_MPART_Surface_Water,Grand River | 62-GR-0470,Surface Water,42.25483,-84.40743,2018,12/20/2018,,EPA 537.1,,,ng/L,,,,,,,1.70,,,,,,,,,,,,2.40,,,2.50,,,,,,,,,,,,,,,,,,,0.00,,,,,,,,,,,,,
Michigan_MPART_Surface_Water,Reed Drain | 62-RE-0010,Surface Water,42.78629,-84.7239,2019,8/8/2019,,Unnamed_SPE_LCMS_MS,,,ng/L,,,,,,,,,0.66,,,,,,,,,,,,,,,,,,,,,,,,,,,,,,,,,,,,,,,,,,,,,
Michigan_MPART_Surface_Water,Grand River | 62-GR-0470,Surface Water,42.25483,-84.40743,2019,6/17/2019,,EPA 537.1,,,ng/L,1.70,,,,0.38,0.47,1.80,0.81,,,,,,,,,,,2.60,,,5.10,,,,,,,,,,,,,,,,,,,0.00,,,,,,,,,,,,,
Michigan_MPART_Surface_Water,Grand River | 36-GR-0090,Surface Water,42.93045,-85.75377,2019,6/19/2019,,EPA 537.1,,,ng/L,,,,,0.42,0.56,,,,,,,,,,,,,2.40,,,4.70,,,,,,,,,,,,,,,,,,,0.00,,,,,,0.44,,,,,,,
Michigan_MPART_Surface_Water,Drain | 36-BL-0010,Surface Water,42.95086,-85.69725,2019,6/19/2019,,EPA 537.1,,,ng/L,,,,,0.37,0.77,,,,,,,,,,,,,2.00,,,4.40,,,,,,,,,,,,,,,,,,,0.00,,,,,,,,,,,,,
Michigan_MPART_Surface_Water,Grand River | 36-GR-0160,Surface Water,43.06351,-85.58037,2019,6/19/2019,,EPA 537.1,,,ng/L,1.50,,,,,0.84,1.40,0.82,,,,1.20,,,,,,,,,,4.70,,,,,,,,,,,,,,,,,,,0.00,,,,,,,,,,,,,
Michigan_MPART_Surface_Water,Grand River | 36-GR-0020,Surface Water,43.07004,-86.22652,2019,6/19/2019,,EPA 537.1,,,ng/L,,,,,0.37,0.67,,,,,,,,,,,,,2.50,,,5.30,,,,,,,,,,,,,,,,,,,0.00,,,,,,,,,,,,,
Michigan_MPART_Surface_Water,Grand River | 62-GR-0500,Surface Water,42.23303,-84.38877,2019,6/17/2019,,EPA 537.1,,,ng/L,1.30,,,,,0.53,,0.79,,,,,,,,,,,2.80,,,5.50,,,,,,,,,,,,,,,,,,,0.00,,,,,,,,,,,,,
Michigan_MPART_Surface_Water,Grand River | 36-GR-0250,Surface Water,42.97712,-85.03085,2019,6/17/2019,,EPA 537.1,,,ng/L,1.70,,,,,0.57,,0.82,,,,,,,,,,,2.10,,,5.40,,,,,,,,,,,,,,,,,,,0.00,,,,,,0.51,,,,,,,
Michigan_MPART_Surface_Water,Grand River | 62-GR-0470,Surface Water,42.25483,-84.40743,2018,12/20/2018,,EPA 537.1,,,ng/L,,,,,,0.39,1.70,,,,,,,,,,,,2.50,,,2.50,,,,,,,,,,,,,,,,,,,0.00,,,,,,,,,,,,,
Michigan_MPART_Surface_Water,Rogue River | 36-RR-0060,Surface Water,43.137541,-85.555807,2018,8/12/2018,,EPA 537.1,,,ng/L,,,,0.00,0.00,1.50,1.20,0.70,0.00,,,,,,,,,,1.40,0.58,,,,,,,,,,,,,,,,,,,,0.00,0.00,,,0.00,,,0.00,,,,,,,
Michigan_MPART_Surface_Water,Trib to Indian Mill | 36-UTIM-0009,Surface Water,43.00013,-85.7032,2019,6/19/2019,,EPA 537.1,,,ng/L,,,,,,,,,0.35,,,,,,,,,,,1.10,,3.80,,,,,,,,,,,,,,,,,,,0.00,,,,,,,,,,,,,
Michigan_MPART_Surface_Water,Grand River | 36-GR-0040,Surface Water,43.03988,-86.09104,2019,6/19/2019,,EPA 537.1,,,ng/L,,,,,,0.63,,,,,,,,,,,,,2.20,,,4.60,,,,,,,,,,,,,,,,,,,0.00,,,,,,,,,,,,,
Michigan_MPART_Surface_Water,Grand River | 36-GR-0110,Surface Water,42.95353,-85.68621,2019,6/19/2019,,EPA 537.1,,,ng/L,,,,,,0.44,1.50,0.83,,,,1.50,,,,,,,2.00,,,4.00,,,,,,,,,,,,,,,,,,,0.00,,,,,,,,,,,,,
Michigan_MPART_Surface_Water,Grass Lake | 62-GL-0020,Surface Water,42.25896838,-84.21348831,2021,3/16/2021,,EPA 537.1,,,ng/L,,,,,,,,1.46,,,,,,,,,,,1.67,,,,,,,,,,,,,,,,,,,,,,,,,,,,,,,,,,,
Michigan_MPART_Surface_Water,Trib to Reynolds Drain | 62-UTRD-0009,Surface Water,42.76995,-84.5767,2019,8/8/2019,,Unnamed_SPE_LCMS_MS,,,ng/L,,,,,,,,,0.94,,,,,,,,,,,0.94,,,,,,,,,,,,,,,,,,,,,0.79,,,,0.54,,,,,,,,,
Michigan_MPART_Surface_Water,Grand River | 36-GR-0220,Surface Water,42.96726,-85.10109,2019,6/17/2019,,EPA 537.1,,,ng/L,,,,,0.40,0.51,,,,,,,,,,,,,2.90,,,,,,,,,,,,,,,,,,,,,,0.00,,,,,,0.51,,,,,,,
Michigan_MPART_Surface_Water,Grand River | 62-GR-0270,Surface Water,42.87304,-84.90221,2019,6/17/2019,,EPA 537.1,,,ng/L,1.40,,,,,0.59,,,,,,,,,,,,,2.60,,,4.80,,,,,,,,,,,,,,,,,,,0.00,,,,,,0.56,,,,,,,
Michigan_MPART_Surface_Water,Grand River | 36-GR-0150,Surface Water,43.06167,-85.60971,2018,8/12/2018,,EPA 537.1,,,ng/L,,,,0.00,0.37,0.99,,1.80,0.00,,,,,,,,,,,0.00,,,,,,,,,,,,,,,,,,,,0.00,0.00,,,0.00,,,,,,,,,,
Michigan_MPART_Surface_Water,Rogue River | 36-RR-0010,Surface Water,43.06384,-85.59145,2018,8/12/2018,,EPA 537.1,,,ng/L,,,,0.00,0.00,,,,0.40,,,,,,,,,,1.60,1.30,,,,,,,,,,,,,,,,,,,,0.00,0.00,,,0.00,,,0.00,,,,,,,
Michigan_MPART_Surface_Water,Grand River | 36-GR-0070,Surface Water,42.91222,-85.78376,2019,6/19/2019,,EPA 537.1,,,ng/L,,,,,,0.74,,,,,,,,,,,,,2.00,,,,,,,,,,,,,,,,,,,,,,0.00,,,,,,,,,,,,,
Michigan_MPART_Surface_Water,Grand River | 62-GR-0500,Surface Water,42.23303,-84.38877,2018,12/20/2018,,EPA 537.1,,,ng/L,1.70,,,,,,0.49,,,,,,,,,,,,3.00,,,2.10,,,,,,,,,,,,,,,,,,,0.00,,,,,,,,,,,,,
Michigan_MPART_Surface_Water,Grand River | 36-GR-0185,Surface Water,42.940151,-85.45714,2018,8/12/2018,,EPA 537.1,,,ng/L,,,,0.00,0.44,0.87,,,0.00,,,,,,,,,,,0.00,,,,,,,,,,,,,,,,,,,,0.00,0.00,,,0.00,,,,,,,,,,
Michigan_MPART_Surface_Water,Rogue River | 36-RR-0300,Surface Water,43.124055,-85.650928,2018,8/12/2018,,EPA 537.1,,,ng/L,1.10,0.85,,0.00,0.00,0.75,1.20,0.40,0.00,,,,,,,,,,,0.00,1.40,1.20,,,,,,,,,,,,,,,,,,0.00,0.00,,,0.00,,,0.00,,,,,,,
Michigan_MPART_Surface_Water,Unnamed Trib Looking Glass Rive | 62-UTLG-0010,Surface Water,42.85713069,-84.88088654,2021,3/16/2021,,EPA 537.1,,,ng/L,,,,,,2.49,,,,,,,,,,,,,,,,,,,,,,,,,,,,,,,,,,,,,,,,,,,,,,,,
Michigan_MPART_Surface_Water,Grand River | 36-GR-0180,Surface Water,42.95501,-85.47506,2019,6/17/2019,,EPA 537.1,,,ng/L,0.99,,,,,,1.10,0.67,,,,,,,,,,,,,0.84,4.70,,,,,,,,,,,,,,,,,,,0.00,,,,,,,,,,,,,
Michigan_MPART_Surface_Water,Tims Lake Outlet | 62-TLO-0010,Surface Water,42.270477,-84.215823,2021,3/16/2021,,EPA 537.1,,,ng/L,,,,,,,1.11,1.11,,,,,,,,,,,3.02,,,,,,,,,,,,,,,,,,,,,,,,,,,,,,,,,,,
Michigan_MPART_Surface_Water,Looking Glass River | 62-LG-0110,Surface Water,42.81929,-84.71958,2019,6/17/2019,,EPA 537.1,,,ng/L,0.81,,,,,,1.40,0.91,,,,,,,,,,,2.20,,,,,,,,,,,,,,,,,,,,,,0.00,,,,,,,,,,,,,
Michigan_MPART_Surface_Water,Grand River | 62-GR-0305,Surface Water,42.75712,-84.57982,2019,8/8/2019,,Unnamed_SPE_LCMS_MS,,,ng/L,,,,,0.43,0.57,,1.20,,,,,,,,,,,,,,,,,,,,,,,,,,,,,,,,,,,,,,,,,,,,,,
Michigan_MPART_Surface_Water,Looking Glass River | 62-LG-0150,Surface Water,42.82442,-84.60286,2019,6/17/2019,,EPA 537.1,,,ng/L,1.20,,,,,,1.30,,,,,,,,,,,,2.10,,,,,,,,,,,,,1.40,,,,,,,,,0.54,,,,,,,,,,,,,
Michigan_MPART_Surface_Water,Rogue River | 36-RR-0300,Surface Water,43.124055,-85.650928,2018,9/10/2018,,EPA 537.1,,,ng/L,1.40,,,0.00,0.36,0.59,1.20,0.90,0.00,,,770.00,,,,,,,1.30,0.00,1.30,,,,,,,,,,,,,,,,,,,0.00,0.00,,,0.00,,,,,,,,,,
Michigan_MPART_Surface_Water,Grand River | 62-GR-0510,Surface Water,42.22725,-84.36336,2019,6/17/2019,,EPA 537.1,,,ng/L,0.88,,,,,0.42,1.50,0.77,,,,,,,,,,,2.20,,,,,,,,,,,,,,,,,,,,,,0.00,,,,,,0.47,,,,,,,
Michigan_MPART_Surface_Water,Grand River | 62-GR-0360,Surface Water,42.51982,-84.64703,2019,6/17/2019,,EPA 537.1,,,ng/L,,,,,0.37,0.41,,0.72,,,,,,,,,,,2.10,,,,,,,,,,,,,,,,,,,,,,0.00,,,,,,,,,,,,,
Michigan_MPART_Surface_Water,Little Robinson Creek | 36-LR-0100,Surface Water,43.03088,-86.09196,2019,6/19/2019,,EPA 537.1,,,ng/L,1.20,,,,0.38,,0.93,0.78,,,,,,,,,,,,,0.85,,,,,,,,,,,,,,,,,,,,0.00,,,,,,,,,,,,,
Michigan_MPART_Surface_Water,Roys Creek | 36-RY-0010,Surface Water,42.92111,-85.74228,2019,6/19/2019,,EPA 537.1,,,ng/L,,,,,0.38,1.70,,,,,,,,,,,,,3.80,,,,,,,,,,,,,,,,,,,,,,0.00,,,,,,,,,,,,,
Michigan_MPART_Surface_Water,Egypt Creek | 36-EGC-0010,Surface Water,43.0073438,-85.53086151,2021,3/23/2021,,EPA 537.1,,,ng/L,,,,,,,,,,,,,,,,,,,,,,1.48,,,,,,,,,,,,,,,,,,,,,,,,,,,,,,,,
Michigan_MPART_Surface_Water,Flat River | 36-FR-0100,Surface Water,43.07805,-85.23516,2019,6/17/2019,,EPA 537.1,,,ng/L,0.80,,,,0.40,,0.79,0.56,,,,,,,,,,,,,,4.00,,,,,,,,,,,,,,,,,,,0.00,,,,,,,,,,,,,
Michigan_MPART_Surface_Water,Rogue River | 36-RR-0060,Surface Water,43.137541,-85.555807,2018,9/10/2018,,EPA 537.1,,,ng/L,,,,,0.39,1.10,1.30,1.10,0.73,,,820.00,,,,,,,1.60,0.32,1.90,,,,,,,,,,,,,,,,,,,,0.00,,,0.00,,,,,,,,,,
Michigan_MPART_Surface_Water,Grand River | 62-GR-0330,Surface Water,42.7197,-84.56696,2019,6/17/2019,,EPA 537.1,,,ng/L,1.80,,,,,0.39,,,,,,,,,,,,,2.40,,,,,,,,,,,,,,,,,,,,,,0.00,,,,,,,,,,,,,
Michigan_MPART_Surface_Water,Grand River | 36-GR-0115,Surface Water,42.97678,-85.67423,2019,6/19/2019,,EPA 537.1,,,ng/L,1.60,,,,,0.47,1.50,0.92,,,,,,,,,,,2.00,,,3.90,,,,,,,,,,,,,,,,,,,0.00,,,,,,0.57,,,,,,,
Michigan_MPART_Surface_Water,Sycamore Creek | 62-SM-0100,Surface Water,42.58863,-84.44532,2019,6/17/2019,,EPA 537.1,,,ng/L,,,,,,1.20,,0.61,,,,1.30,,,,,,,2.10,,,5.40,,,,,,,,,,,,,,,,,,,0.00,,,,,,,,,,,,,
Michigan_MPART_Surface_Water,Reynolds Drain | 62-RD-0005,Surface Water,42.75902,-84.5787,2019,8/8/2019,,Unnamed_SPE_LCMS_MS,,,ng/L,,,,,,,,,1.00,,,2.50,,,,,,,,,,,,,,,,,,,,1.10,,,,,,,,,,,,,,0.60,,,,,,,,
Michigan_MPART_Surface_Water,Rogue River | 36-RR-0010,Surface Water,43.06384,-85.59145,2019,6/19/2019,,EPA 537.1,,,ng/L,,,,,,1.50,,,,,,,,,,,,,,0.79,,4.00,,,,,,,,,,,,,,,,,,,0.00,,,,,,,,,,,,,
Michigan_MPART_Surface_Water,Grand River | 62-GR-0480,Surface Water,42.25221,-84.40801,2018,12/20/2018,,EPA 537.1,,,ng/L,,,,,,,1.50,,,,,,,,,,,,2.80,,,2.30,,,,,,,,,,,,,,,,,,,0.00,,,,,,,,,,,,,
Michigan_MPART_Surface_Water,Indian Mill Creek | 36-IM-0025,Surface Water,42.99819319,-85.69358426,2021,3/23/2021,,EPA 537.1,,,ng/L,2.40,1.18,,,,1.55,1.43,,,,,,,,,,,,1.61,,2.55,2.13,,,,,,,,,,,,,,,,,,,,,,,,,,,,,,,,
Michigan_MPART_Surface_Water,Grand River | 36-GR-0240,Surface Water,42.97438,-85.04705,2019,6/17/2019,,EPA 537.1,,,ng/L,1.50,,,,,0.55,1.60,0.78,,,,,,,,,,,,,,5.30,,,,,,,,,,,,,,,,,,,0.00,,,,,,0.53,,,,,,,
Michigan_MPART_Surface_Water,Cedar Lake Drain | 36-CL-0010,Surface Water,42.9361,-85.85381,2019,6/19/2019,,EPA 537.1,,,ng/L,0.78,,,,0.58,,1.40,,,,,,,,,,,,,,,3.70,,,,,,,,,,,,,,,,,,,0.00,,,,,,,,,,,,,
Michigan_MPART_Surface_Water,Grand River | 62-GR-0510,Surface Water,42.22725,-84.36336,2018,12/20/2018,,EPA 537.1,,,ng/L,0.89,,,,,0.41,,,,,,,,,,,,,,,,3.10,,,,,,,,,,,,,,,,,,,0.00,,,,,,,,,,,,,
Michigan_MPART_Surface_Water,Coldbrook Drain | 36-CO-0110,Surface Water,42.97407,-85.65624,2019,6/19/2019,,EPA 537.1,,,ng/L,,,,,0.71,1.40,,,,,,1.20,,,,,,,3.70,,,,,,,,,,,,,,,,,,,,,,0.00,,,,,,,,,,,,,
Michigan_MPART_Surface_Water,Grand River | 36-GR-0260,Surface Water,42.99496,-84.95989,2019,6/17/2019,,EPA 537.1,,,ng/L,0.74,,,,,,0.63,0.61,,,,,,,,,,,,,0.79,,,,,,,,,,,,,,,,,,,,0.00,,,,,,0.42,,,,,,,
Michigan_MPART_Surface_Water,Husted-Landenburg Drain | 62-HD-0030,Surface Water,42.77933,-84.701,2019,8/8/2019,,Unnamed_SPE_LCMS_MS,,,ng/L,1.70,0.71,,,,,0.59,,,,,,,,,,,,0.89,,0.86,,,,,,,,,,,,,,,,,,,,,,,,,,0.85,,,,,,,
Michigan_MPART_Surface_Water,Flat River | 36-FR-0110,Surface Water,43.09559,-85.21821,2019,6/17/2019,,EPA 537.1,,,ng/L,1.00,,,,0.35,0.35,0.79,0.62,,,,,,,,,,,,,,3.90,,,,,,,,,,,,,,,,,,,0.00,,,,,,,,,,,,,
Michigan_MPART_Surface_Water,Hawk Island Pond | 62-HI-0010,Surface Water,42.69779,-84.53047,2019,6/17/2019,,EPA 537.1,,,ng/L,,,,,0.52,0.60,,,,,,,,,,,,,2.40,,,,,,,,,,,,,,,,,,,,,,0.00,,,,,,,,,,,,,
Michigan_MPART_Surface_Water,Looking Glass River | 62-LG-0100,Surface Water,42.81807,-84.75217,2019,6/17/2019,,EPA 537.1,,,ng/L,1.00,,,,,,1.40,,,,,,,,,,,,2.20,,,,,,,,,,,,,,,,,,,,,,0.00,,,,,,,,,,,,,
Michigan_MPART_Surface_Water,Grand River | 62-GR-0480,Surface Water,42.25221,-84.40801,2019,6/17/2019,,EPA 537.1,,,ng/L,,,,,,0.41,,0.75,,,,,,,,,,,2.30,,,5.30,,,,,,,,,,,,,,,,,,,0.00,,,,,,,,,,,,,
Michigan_MPART_Surface_Water,Reed Drain | 62-RE-0020,Surface Water,42.77767,-84.7394,2019,8/8/2019,,Unnamed_SPE_LCMS_MS,,,ng/L,,,,,0.67,,,,,,,,1.60,,,,,,,0.87,1.30,,,,,,,,,,,,,,,,,,,,,,,,,,,,,,,,,
Michigan_MPART_Surface_Water,Grand River | 36-GR-0190,Surface Water,42.92505,-85.3432,2019,6/17/2019,,EPA 537.1,,,ng/L,1.70,,,,,0.45,1.50,,,,,1.20,,,,,,,2.00,,,,,,,,,,,,,,,,,,,,,,0.00,,,,,,,,,,,,,
Michigan_MPART_Surface_Water,Grand River | 36-GR-0175,Surface Water,42.959416,-85.479277,2018,9/10/2018,,EPA 537.1,,,ng/L,,1.40,,0.00,0.37,0.65,,1.20,0.00,,,50.00,,,,,,,,0.00,1.20,,,,,,,,,,,,,,,,,,,0.00,0.00,,,0.00,,,0.00,,,,,,,
Michigan_MPART_Surface_Water,Rogue River | 36-RR-0200,Surface Water,43.136032,-85.611068,2018,9/10/2018,,EPA 537.1,,,ng/L,,,,,0.36,0.59,1.30,1.10,0.00,,,1.90,,,,,,,1.40,0.31,1.60,,,,,,,,,,,,,,,,,,,,0.00,,,0.00,,,,,,,,,,
Michigan_MPART_Surface_Water,Tims Lake | 62-TL-0010,Surface Water,42.277176,-84.218498,2021,3/16/2021,,EPA 537.1,,,ng/L,,,,,,,,,,,,,,,,,,,3.97,,,,,,,,,,,,,,,,,,,,,,,,,,,,,,,,,,,
Michigan_MPART_Surface_Water,Reynolds Drain | 62-RD-0050,Surface Water,42.7734,-84.5642,2019,8/8/2019,,Unnamed_SPE_LCMS_MS,,,ng/L,,,,0.72,,,,1.50,,,,,,,,,,,,,1.60,,,,,,,,,,,,,,,,,,,,,,,,,,,,,,,,,
Michigan_MPART_Surface_Water,Grand River | 36-GR-0130,Surface Water,42.99578,-85.67319,2019,6/19/2019,,EPA 537.1,,,ng/L,,,,,,0.81,1.40,0.78,,,,,,,,,,,,,,4.30,,,,,,,,,,,,,,,,,,,0.00,,,,,,0.50,,,,,,,
Michigan_MPART_Surface_Water,Bear Creek | 36-BE-0010,Surface Water,42.97562,-86.06358,2019,6/19/2019,,EPA 537.1,,,ng/L,0.85,,,,,0.55,0.57,0.37,,,,,,,,,,,,,,,,,,,,,,,,,,,,,,,,,0.00,,,,,,,,,,,,,
Michigan_MPART_Surface_Water,Grand River | 62-GR-0310,Surface Water,42.7555,-84.56714,2019,6/17/2019,,EPA 537.1,,,ng/L,1.60,,,,,0.59,,0.88,,,,,,,,,,,2.20,,,,,,,,,,,,,,,,,,,,,,0.00,,,,,,0.54,,,,,,,
Michigan_MPART_Surface_Water,Grand River | 62-GR-0280,Surface Water,42.76117,-84.75893,2019,6/17/2019,,EPA 537.1,,,ng/L,1.60,,,,0.34,0.57,,,,,,,,,,,,,2.70,,,,,,,,,,,,,,,,,,,,,,0.00,,,,,,,,,,,,,
Michigan_MPART_Surface_Water,MDNR Rearing Pond | 36-DNR-010,Surface Water,43.082408,-85.599832,2018,7/26/2018,,EPA 537.1,,,ng/L,1.30,,,0.00,0.00,,,1.20,0.00,,,,,,,,,,,,,,,,,,,,,,,,,,,,,,,0.00,0.72,,,0.00,,,,,,,,,,
Michigan_MPART_Surface_Water,Rogue River | 36-RR-0020,Surface Water,43.082372,-85.590582,2018,8/12/2018,,EPA 537.1,,,ng/L,,,,0.00,0.00,,1.50,1.40,0.49,,,,,,,,,,1.70,0.76,,,,,,,,,,,,,,,,,,,,0.00,0.00,,,0.00,,,,,,,,,,
Michigan_MPART_Surface_Water,Grand River | 62-GR-0450,Surface Water,42.29072,-84.40579,2019,6/17/2019,,EPA 537.1,,,ng/L,,,,,,0.62,,0.87,,,,,,,,,,,3.40,,,5.30,,,,,,,,,,,,,,,,,,,0.00,,,,,,0.49,,,,,,,
Michigan_MPART_Surface_Water,Grand River | 62-GR-0310,Surface Water,42.7555,-84.56714,2019,8/8/2019,,Unnamed_SPE_LCMS_MS,,,ng/L,,1.70,,,,,,1.20,,,,,,,,,,,,,,3.80,,,,,,,,,,,,,,,,,,,,,,,,,,,,,,,,
Michigan_MPART_Surface_Water,Cogswell Drain | 36-CG-0010,Surface Water,43.00112,-85.67655,2019,6/19/2019,,EPA 537.1,,,ng/L,,,,,0.84,,,,0.90,,,,,,,,,,,,,,,,,,,,,,,1.30,,,1.60,,,,,,0.00,,,,,,,,,,,,,
Michigan_MPART_Surface_Water,Prairie Creek | 36-PR-0030,Surface Water,42.99306,-85.02703,2019,6/17/2019,,EPA 537.1,,,ng/L,0.63,,,,,,1.10,0.81,,,,,,,,,,,,,,3.30,,,,,,,,,,,,,,,,,,,0.00,,,,,,0.79,,,,,,,
Michigan_MPART_Surface_Water,Grand River | 62-GR-0460,Surface Water,42.25909,-84.40837,2019,6/17/2019,,EPA 537.1,,,ng/L,1.80,,,,,0.48,1.70,0.76,,,,,,,,,,,2.40,,,5.20,,,,,,,,,,,,,,,,,,,0.00,,,,,,0.55,,,,,,,
Michigan_MPART_Surface_Water,Flat River | 36-FR-0010,Surface Water,42.934242,-85.338557,2019,6/17/2019,,EPA 537.1,,,ng/L,1.10,,,,,,0.90,0.65,,,,,,,,,,,,,,4.10,,,,,,,,,,,,,,,,,,,0.00,,,,,,,,,,,,,
Michigan_MPART_Surface_Water,Grand River | 36-GR-0080,Surface Water,42.91486,-85.76721,2019,6/19/2019,,EPA 537.1,,,ng/L,,,,,0.35,0.61,,,,,,,,,,,,,2.10,,,4.00,,,,,,,,,,,,,,,,,,,0.00,,,,,,,,,,,,,
Michigan_MPART_Surface_Water,Looking Glass River | 62-LG-0020,Surface Water,42.86716776,-84.88697,2021,3/16/2021,,EPA 537.1,,,ng/L,,,,,,,,,,,,,,,,,,,,,1.56,2.35,,,,,,,,,,,,,,,,,,,,,,,,,,,,,,,,
Michigan_MPART_Surface_Water,Rogue River | 36-RR-0010,Surface Water,43.06384,-85.59145,2018,9/10/2018,,EPA 537.1,,,ng/L,,,,0.00,0.36,1.40,1.60,1.30,0.60,,,1.80,,,,,,,1.70,0.64,,,,,,,,,,,,,,,,,,,,0.00,0.00,,,0.00,,,,,,,,,,
Michigan_MPART_Surface_Water,Reynolds Drain | 62-RD-0010,Surface Water,42.76036,-84.57816,2019,6/17/2019,,EPA 537.1,,,ng/L,,,,0.86,,,,,1.20,,,,,,,,,,,,,,,,,,,,,,,0.39,,,,,,,,,0.00,,,,,,,,,,,,,
Michigan_MPART_Surface_Water,Looking Glass River | 62-LG-0200,Surface Water,42.84201,-84.58881,2019,6/17/2019,,EPA 537.1,,,ng/L,1.30,,,,,,1.10,0.76,,,,,,,,,,,2.00,,,,,,,,,,,,,,,,,,,,,,0.75,,,,,,,,,,,,,
Michigan_MPART_Surface_Water,Rogue River | 36-RR-0600,Surface Water,43.160595,-85.689646,2018,8/12/2018,,EPA 537.1,,,ng/L,0.66,,,0.00,0.00,0.55,,0.29,0.00,,,,,,,,,,0.94,0.00,1.20,1.00,,,,,,,,,,,,,,,,,,0.00,0.00,,,0.00,,,0.00,,,,,,,
Michigan_MPART_Surface_Water,Sand Creek | 36-SC-0010,Surface Water,42.94996,-85.84892,2019,6/19/2019,,EPA 537.1,,,ng/L,1.40,,,,,0.59,1.90,0.95,,,,,,,,,,,2.10,,,4.30,,,,,,,,,,,,,,,,,,,0.00,,,,,,,,,,,,,
Michigan_MPART_Surface_Water,Moon/Hamilton Drain | 62-MH-0010,Surface Water,42.70398,-84.6816,2019,8/8/2019,,Unnamed_SPE_LCMS_MS,,,ng/L,,,,1.10,1.20,0.65,,,,,,,,,,,,,,,,,,,,,,,,,,,,,,,,,,,,,,,,,,,,,,,,
Michigan_MPART_Surface_Water,Grand River | 62-GR-0290,Surface Water,42.7602,-84.65469,2019,6/17/2019,,EPA 537.1,,,ng/L,,,,,0.47,0.81,,,,,,,,,,,,,3.60,,,,,,,,,,,,,,,,,,,,,,0.00,,,,,,0.44,,,,,,,
Michigan_MPART_Surface_Water,Looking Glass River | 62-LG-0010,Surface Water,42.87022,-84.90038,2019,6/17/2019,,EPA 537.1,,,ng/L,0.99,,,,,,1.50,,,,,,,,,,,,2.20,,,,,,,,,,,,,,,,,,,,,,0.00,,,,,,,,,,,,,
Michigan_MPART_Surface_Water,Openlander Drain | 62-OD-0010,Surface Water,42.81338,-84.7004,2019,6/17/2019,,EPA 537.1,,,ng/L,1.40,,,,1.10,1.40,,,,,,,,,,,,,,,,,,,,,,,,,,,,,,,,,,,,,,,,0.95,,,,,,,,
Michigan_MPART_Surface_Water,Grand River | 62-GR-0456,Surface Water,42.26256,-84.4096,2021,7/22/2021,,EPA 537.1,,,ng/L,,,,,,,1.98,,,,,,,,,,,,3.06,,2.58,3.02,,,,,,,,,,,,,,,,,,,,,,,,,,,,,,,,
Michigan_MPART_Surface_Water,Grand River | 62-GR-0500,Surface Water,42.23303,-84.38877,2018,12/20/2018,,EPA 537.1,,,ng/L,1.60,,,,,,0.58,,,,,,,,,,,,2.50,,,2.00,,,,,,,,,,,,,,,,,,,0.00,,,,,,,,,,,,,
Michigan_MPART_Surface_Water,Trib to Reynolds Drain | 62-UTRD-0009,Surface Water,42.76995,-84.5767,2019,8/8/2019,,Unnamed_SPE_LCMS_MS,,,ng/L,,,,,,,,,1.10,,,,,,,,,,,,,,,,,,,,,,,,,,,,,,,,0.73,,,,0.42,,,,,,,,,
Michigan_MPART_Surface_Water,Grass Lake | 62-GL-0030,Surface Water,42.26058823,-84.2231228,2021,3/16/2021,,EPA 537.1,,,ng/L,,,,,,,,1.27,,,,,,,,,,,,,,,,,,,,,,,,,,,,,,,,,,,,,,,,,,,,,,
Michigan_MPART_Surface_Water,Grand River | 31-GR-0010,Surface Water,43.05743,-86.2533,2019,6/19/2019,,EPA 537.1,,,ng/L,,,,,0.34,0.71,,,,,,,,,,,,,2.50,,,4.70,,,,,,,,,,,,,,,,,,,0.00,,,,,,,,,,,,,
Michigan_MPART_Surface_Water,Rush Creek | 36-RC-0009,Surface Water,42.90415,-85.78414,2019,6/19/2019,,EPA 537.1,,,ng/L,,,,,0.56,1.20,,1.70,,,,,,,,,,,,,,,,,,,,,,,,,,,,,,,,,,,,,,,,,,,,,,
Michigan_MPART_Surface_Water,Grand River | 36-GR-0025,Surface Water,43.0769,-86.22603,2019,6/19/2019,,EPA 537.1,,,ng/L,,,,,,0.71,,,,,,,,,,,,,2.60,,,,,,,,,,,,,,,,,,,,,,0.00,,,,,,,,,,,,,
Michigan_MPART_Surface_Water,Grand River | 36-GR-0030,Surface Water,43.06872,-86.20873,2019,6/19/2019,,EPA 537.1,,,ng/L,,,,,0.40,0.68,,,,,,,,,,,,,2.50,,,,,,,,,,,,,,,,,,,,,,0.00,,,,,,,,,,,,,
Michigan_MPART_Surface_Water,Reynolds Drain | 62-RD-0040,Surface Water,42.77316,-84.5715,2019,8/8/2019,,Unnamed_SPE_LCMS_MS,,,ng/L,,,,,,,,,1.40,,,2.00,,,,,,,,,,,,,,,,,,,,,,,,,,,,,,,,,,,0.57,,,,,,,
Michigan_MPART_Surface_Water,Rogue River | 36-RR-0200,Surface Water,43.136032,-85.611068,2018,8/12/2018,,EPA 537.1,,,ng/L,,2.00,,,0.00,1.00,1.50,0.69,0.00,,,,,,,,,,,,1.70,1.40,,,,,,,,,,,,,,,,,,,,,,0.00,,,,,,,,,,
Michigan_MPART_Surface_Water,Holly Drain | 62-HO-0010,Surface Water,42.71218,-84.6505,2019,8/8/2019,,Unnamed_SPE_LCMS_MS,,,ng/L,,,,1.40,0.68,0.94,,,,,,,,,,,,,,,,,,,,,,,,,,,,,,,,,,,,,,,,,,,,,,,,
Michigan_MPART_Surface_Water,Sycamore Creek | 62-SM-0010,Surface Water,42.71204,-84.52913,2019,6/17/2019,,EPA 537.1,,,ng/L,,,,,,0.49,1.90,0.83,,,,,,,,,,,2.20,,,,,,,,,,,,,,,,,,,,,,,,,,,,0.57,,,,,,,
Michigan_MPART_Surface_Water,Reed Drain | 62-RE-0010,Surface Water,42.78629,-84.7239,2019,8/8/2019,,Unnamed_SPE_LCMS_MS,,,ng/L,,,,,,,,,0.75,,,,,,,,,,,,,,,,,,,,,,,,,,,,,,,,,,,,,,,,,,,,,
Michigan_MPART_Surface_Water,Grand River | 62-GR-0510,Surface Water,42.22725,-84.36336,2019,6/17/2019,,EPA 537.1,,,ng/L,0.70,,,,,0.50,1.60,0.71,,,,,,,,,,,2.10,,,5.40,,,,,,,,,,,,,,,,,,,0.00,,,,,,,,,,,,,
Michigan_MPART_Surface_Water,Sandstone Creek | 62-SD-0010,Surface Water,42.75929,-84.75875,2019,6/17/2019,,EPA 537.1,,,ng/L,0.84,,,,,,0.71,0.54,,,,,,,,,,,,,,4.10,,,,,,,,,,,,,,,,,,,0.00,,,,,,,,,,,,,
Michigan_MPART_Surface_Water,Grass Lake | 62-GL-0010,Surface Water,42.25932,-84.21703,2021,3/16/2021,,EPA 537.1,,,ng/L,,,,,,,,1.07,,,,,,,,,,,,,,,,,,,,,,,,,,,,,,,,,,,,,,,,,,,,,,
Michigan_MPART_Surface_Water,Crockery Creek | 36-CC-0010,Surface Water,43.06288,-86.06667,2019,6/19/2019,,EPA 537.1,,,ng/L,,,,,,0.45,1.30,0.69,,,,,,,,,,,,,,4.20,,,,,,,,,,,,,,,,,,,0.00,,,,,,,,,,,,,
Michigan_MPART_Surface_Water,Reynolds Drain | 62-RD-0010,Surface Water,42.76036,-84.57816,2019,8/8/2019,,Unnamed_SPE_LCMS_MS,,,ng/L,,,,,,,,,,,,,2.30,,,,,,,,,,,,,,,,,,,1.30,,,,,,,,,,,,,,0.85,,,,,,,,
Michigan_MPART_Surface_Water,Egypt Creek | 36-EGC-0120,Surface Water,43.01545277,-85.47680722,2021,3/23/2021,,EPA 537.1,,,ng/L,,,,,,,,,,,,,,,,,,,,,,,,,,,,,,,,,,,,,,,,,,,,,,,,,,,,,,
Michigan_MPART_Surface_Water,Reynolds Drain | 62-RD-0030,Surface Water,42.76975,-84.5758,2019,8/8/2019,,Unnamed_SPE_LCMS_MS,,,ng/L,,,,,,,,,1.00,,,2.80,,,,,,,,,,,,,,,,,,,,0.72,,,,,,,,,,,,,,1.20,,,,,,,,
Michigan_MPART_Surface_Water,Red Cedar | 62-RA-0030,Surface Water,42.71642,-84.52284,2019,6/17/2019,,EPA 537.1,,,ng/L,1.70,,,,,0.50,1.80,0.95,,,,,,,,,,,2.30,,,,,,,,,,,,,,,,,,,,,,0.00,,,,,,0.67,,,,,,,
Michigan_MPART_Surface_Water,Deer Creek | 36-DC-0100,Surface Water,43.02888,-85.92177,2019,6/19/2019,,EPA 537.1,,,ng/L,,,,,0.62,1.30,,,,,,,,,,,,,2.40,,,,,,,,,,,,,,,,,,,,,,0.00,,,,,,,,,,,,,
Michigan_MPART_Surface_Water,Millennium Park Lake 13 | 36-MNPL-0013,Surface Water,42.942976,-85.744553,2022,4/11/2022,,Unnamed_SPE_LCMS_MS,,,ng/L,,,,,,,,0.00,,,,,,,,,,,,,,,,,,,,,,,,,,,,,,,,,,,,,,,,,,,,,,
Michigan_MPART_Surface_Water,Grand River | 36-GR-0040,Surface Water,43.03988,-86.09104,2019,6/19/2019,,EPA 537.1,,,ng/L,,,,,,0.59,,,,,,,,,,,,,2.30,,,4.70,,,,,,,,,,,,,,,,,,,0.00,,,,,,,,,,,,,
Michigan_MPART_Surface_Water,Husted-Landenburg Drain | 62-HD-0010,Surface Water,42.78762,-84.73938,2019,8/8/2019,,Unnamed_SPE_LCMS_MS,,,ng/L,,,,0.47,0.60,,,,,,,,,,,,,,,0.48,1.60,,,,,,,,,,,,,,,,,,,,,,,,,,,,,,,,,
Michigan_MPART_Surface_Water,Grand River | 36-GR-0185,Surface Water,42.940151,-85.45714,2018,9/10/2018,,EPA 537.1,,,ng/L,,1.60,,0.00,0.44,0.63,,,0.00,,,81.00,,,,,,,,0.00,,,,,,,,,,,,,,,,,,,,0.00,0.00,,,0.00,,,0.00,,,,,,,
Michigan_MPART_Surface_Water,Grand River | 62-GR-0400,Surface Water,42.40352,-84.44321,2019,6/17/2019,,EPA 537.1,,,ng/L,1.80,,,,,0.46,,0.86,,,,,,,,,,,2.80,,,,,,,,,,,,,,,,,,,,,,0.00,,,,,,,,,,,,,
Michigan_MPART_Surface_Water,Crego Pond | 62-CP-0010,Surface Water,42.71602,-84.5117,2019,6/17/2019,,EPA 537.1,,,ng/L,0.90,,,,0.50,,1.40,,,,,,,,,,,,,,0.76,,,,,,,,,,,,,,,,,,,,0.00,,,,,,,,,,,,,
Michigan_MPART_Surface_Water,Stiles Creek | 36-ST-0009,Surface Water,43.03536,-85.55071,2019,6/19/2019,,EPA 537.1,,,ng/L,1.10,,,,,,1.50,0.60,,,,1.10,,,,,,,,0.55,,1.80,,,,,,,,,,,,,,,,,,,0.00,,,,,,,,,,,,,
Michigan_MPART_Surface_Water,Grand River | 36-GR-0230,Surface Water,42.97448,-85.07536,2019,6/17/2019,,EPA 537.1,,,ng/L,1.50,,,,,0.46,1.60,0.75,,,,,,,,,,,2.00,,,5.40,,,,,,,,,,,,,,,,,,,0.00,,,,,,0.57,,,,,,,
Michigan_MPART_Surface_Water,Plaster Creek | 36-PC-0100,Surface Water,42.90201,-85.58761,2019,6/19/2019,,EPA 537.1,,,ng/L,,,,,0.80,1.70,,,,,,,,,,,,,3.80,,,,,,,,,,,,,,,,,,,,,,0.00,,,,,,0.52,,,,,,,
Michigan_MPART_Surface_Water,Bear Creek | 36-BE-0010,Surface Water,42.97562,-86.06358,2019,6/19/2019,,EPA 537.1,,,ng/L,1.10,,,,,0.52,0.58,0.42,,,,0.81,,,,,,,,,,,,,,,,,,,,,,,,,,,,,0.00,,,,,,,,,,,,,
Michigan_MPART_Surface_Water,Crooked Creek | 36-CK-0010,Surface Water,42.93657,-85.19389,2019,6/17/2019,,EPA 537.1,,,ng/L,1.60,0.68,,,,0.45,0.71,,,,,,,,,,,,,,0.66,2.10,,,,,,,,,,,,,,,,,,,0.00,,,,,,,,,,,,,
Michigan_MPART_Surface_Water,Grand River | 62-GR-0305,Surface Water,42.75712,-84.57982,2019,6/17/2019,,EPA 537.1,,,ng/L,,,,,,0.40,,,,,,,,,,,,,2.70,,,,,,,,,,,,,,,,,,,,,,0.00,,,,,,0.44,,,,,,,
Michigan_MPART_Surface_Water,Grand River | 62-GR-0340,Surface Water,42.70938,-84.6027,2019,6/17/2019,,EPA 537.1,,,ng/L,1.70,,,,0.44,0.49,,0.77,,,,,,,,,,,3.00,,,,,,,,,,,,,,,,,,,,,,0.00,,,,,,,,,,,,,
Michigan_MPART_Surface_Water,Grand River | 36-GR-0015,Surface Water,43.06578,-86.23476,2019,6/19/2019,,EPA 537.1,,,ng/L,,,,,0.34,0.67,,,,,,,,,,,,,2.60,,,,,,,,,,,,,,,,,,,,,,0.00,,,,,,,,,,,,,
Michigan_MPART_Surface_Water,Plaster Creek | 36-PC-0040,Surface Water,42.92287324,-85.67992436,2021,3/23/2021,,EPA 537.1,,,ng/L,,3.65,,,,2.40,,3.38,,,,,,,,,,,,,,,,,,,,,,,,,,,,,,,,,,,,,,,,,,,,,,
Michigan_MPART_Surface_Water,Carrier Creek | 62-CA-0030,Surface Water,42.74096,-84.6501,2019,8/8/2019,,Unnamed_SPE_LCMS_MS,,,ng/L,,,,0.98,0.73,0.88,,,,,,,,,,,,,,,,,,,,,,,,,,,,,,,,,,,,,,,,,,,,,,,,
Michigan_MPART_Surface_Water,Tims Lake | 62-TL-0020,Surface Water,42.283046,-84.220491,2021,3/16/2021,,EPA 537.1,,,ng/L,,,,,,,,1.16,,,,,,,,,,,,,,,,,,,,,,,,,,,,,,,,,,,,,,,,,,,,,,
Michigan_MPART_Surface_Water,Roys Creek | 36-RY-0030,Surface Water,42.91364,-85.73009,2019,6/19/2019,,EPA 537.1,,,ng/L,,,,,,,,,,,,,,,,,,,1.90,,,,,,,,,,,,,,,,,,,,,,0.00,,,,,,0.42,,,,,,,
Michigan_MPART_Surface_Water,Red Cedar | 62-RA-0010,Surface Water,42.72167,-84.54903,2019,6/17/2019,,EPA 537.1,,,ng/L,1.60,,,,,0.59,1.80,0.92,,,,,,,,,,,2.30,,,,,,,,,,,,,,,,,,,,,,0.00,,,,,,0.52,,,,,,,
Michigan_MPART_Surface_Water,Squaw Lake | 36-SQ-0010,Surface Water,43.19979966,-85.67138858,2022,1/27/2022,,EPA 537.1,,,ng/L,,,,,,,,,,,,,,,,,,,,,,,,,,,,,,,,,,,,,,,,,,,,,,,,,,,,,,
Michigan_MPART_Surface_Water,Flat River | 36-FR-0100,Surface Water,43.07805,-85.23516,2019,6/17/2019,,EPA 537.1,,,ng/L,0.88,,,,,,0.79,0.63,,,,,,,,,,,,,,3.90,,,,,,,,,,,,,,,,,,,0.00,,,,,,,,,,,,,
Michigan_MPART_Surface_Water,Sycamore Creek | 62-SM-0030,Surface Water,42.70283,-84.53078,2019,6/17/2019,,EPA 537.1,,,ng/L,,,,,,0.53,1.70,0.81,,,,,,,,,,,1.90,,,,,,,,,,,,,,,,,,,,,,0.00,,,,,,0.49,,,,,,,
Michigan_MPART_Surface_Water,Grand River | 36-GR-0140,Surface Water,43.04737,-85.64583,2019,6/19/2019,,EPA 537.1,,,ng/L,,,,,0.35,0.60,,,,,,,,,,,,,,,,,,,,,,,,,,,,,,,,,,,0.00,,,,,,,,,,,,,
Michigan_MPART_Surface_Water,Grand River | 62-GR-0350,Surface Water,42.62185,-84.60223,2019,6/17/2019,,EPA 537.1,,,ng/L,1.70,,,,,0.50,1.80,,,,,,,,,,,,2.50,,,,,,,,,,,,,,,,,,,,,,0.00,,,,,,0.59,,,,,,,
Michigan_MPART_Surface_Water,Buck Creek | 36-BC-0010,Surface Water,42.90562,-85.77488,2019,6/19/2019,,EPA 537.1,,,ng/L,,,,,0.64,1.10,,,,,,0.96,,,,,,,,,,4.20,,,,,,,,,,,,,,,,,,,0.00,,,,,,0.91,,,,,,,
Michigan_MPART_Surface_Water,Reynolds Drain | 62-RD-0020,Surface Water,42.76362,-84.5788,2019,8/8/2019,,Unnamed_SPE_LCMS_MS,,,ng/L,,,,,,,,,,,,,,,,,,,,,,,,,,,,,,,,1.20,,,,,,,,,,,,,,1.20,,,,,,,,
Michigan_MPART_Surface_Water,Indian Mill Creek | 36-IM-0010,Surface Water,42.99469,-85.67813,2019,6/19/2019,,EPA 537.1,,,ng/L,,,,,,1.70,,,,,,,,,,,,,2.20,,,4.30,,,,,,,,,,,,,,,,,,,0.00,,,,,,0.81,,,,,,,
Michigan_MPART_Surface_Water,Stearns Bayou | 36-SB-0010,Surface Water,43.02547,-86.13718,2019,6/19/2019,,EPA 537.1,,,ng/L,1.50,,,,,0.58,1.40,,,,,,,,,,,,,,,3.20,,,,,,,,,,,,,,,,,,,0.00,,,,,,,,,,,,,
Michigan_MPART_Surface_Water,Millennium Park Lake 18 | 36-MNPL-0018,Surface Water,42.933915,-85.751271,2022,4/11/2022,,Unnamed_SPE_LCMS_MS,,,ng/L,,,,,,,,0.00,,,,,,,,,,,,,,,,,,,,,,,,,,,,,,,,,,,,,,,,,,,,,,
Michigan_MPART_Surface_Water,Carrier Creek | 62-CA-0050,Surface Water,42.72647,-84.6543,2019,8/8/2019,,Unnamed_SPE_LCMS_MS,,,ng/L,,,,1.00,0.59,0.83,,1.80,,,,,,,,,,,,,,,,,,,,,,,,,,,,,,,,,,,,,,,,,,,,,,
Michigan_MPART_Surface_Water,Plaster Creek | 36-PC-0010,Surface Water,42.9483,-85.69839,2019,6/19/2019,,EPA 537.1,,,ng/L,,,,,1.10,1.40,,,,,,,,,,,,,4.30,,,,,,,,,,,,,,,,,,,,,,0.00,,,,,,,,,,,,,
Michigan_MPART_Surface_Water,Prairie Creek | 36-PR-0010,Surface Water,42.97938,-85.02848,2019,6/17/2019,,EPA 537.1,,,ng/L,1.10,,,,,,1.20,0.79,,,,1.10,,,,,,,,,,3.30,,,,,,,,,,,,,,,,,,,0.00,,,,,,0.68,,,,,,,
Michigan_MPART_Surface_Water,Indian Mill Creek | 36-IM-0020,Surface Water,42.99574,-85.68196,2019,6/19/2019,,EPA 537.1,,,ng/L,,,,,,,,,,,,,,,,,,,2.10,0.54,,5.30,,,,,,,,,,,,,,,,,,,0.00,,,,,,0.69,,,,,,,
Michigan_MPART_Surface_Water,Grand River | 62-GR-0270,Surface Water,42.87304,-84.90221,2019,6/17/2019,,EPA 537.1,,,ng/L,1.60,,,,,0.61,,0.89,,,,,,,,,,,2.50,,,5.20,,,,,,,,,,,,,,,,,,,0.00,,,,,,,,,,,,,
Michigan_MPART_Surface_Water,Reynolds Drain | 62-RD-0005,Surface Water,42.75902,-84.5787,2021,8/27/2021,,EPA 537.1,,,ng/L,,,,3.32,,,,,,,,,,,,,,,,,,,,,,,,,,,,1.23,,,,,,,,,,,,,,,,,,,,,,
Michigan_MPART_Surface_Water,Millennium Park Lake 0010 | 36-MNPL-0010,Surface Water,42.93868,-85.738284,2022,4/11/2022,,Unnamed_SPE_LCMS_MS,,,ng/L,,,,,,,,0.00,,,,,,,,,,,,,,,,,,,,,,,,,,,,,,,,,,,,,,,,,,,,,,
Michigan_MPART_Surface_Water,Lake LeAnn | 62-LLA-0010,Surface Water,42.056974,-84.428352,2019,8/8/2019,,EPA 537.1,,,ng/L,,1.30,,0.48,0.51,0.38,1.50,0.93,0.00,,,,,,,,,,1.10,,0.71,1.10,,,,,,,,,,,,,,,,,,,0.00,,,0.00,,,,,,,,,,
Michigan_MPART_Surface_Water,Flat River | 36-FR-0150,Surface Water,43.1629,-85.24667,2019,6/17/2019,,EPA 537.1,,,ng/L,0.96,,,,0.37,0.46,0.91,0.64,,,,,,,,,,,,,,4.00,,,,,,,,,,,,,,,,,,,0.00,,,,,,,,,,,,,
Michigan_MPART_Surface_Water,Grass Lake Drain | 62-GLD-0120,Surface Water,42.252189,-84.213558,2021,3/16/2021,,EPA 537.1,,,ng/L,,,,,,,,,,,,,,,,,,,,,,,,,,,,,,,,,,,,,,,,,,,,,,,,,,,,,,
Michigan_MPART_Surface_Water,Grand River | 62-GR-0300,Surface Water,42.75302,-84.5921,2019,6/17/2019,,EPA 537.1,,,ng/L,,,,,0.82,1.20,,,,,,,,,,,,,,,,,,,,,,,,,,,,,,,,,,,0.00,,,,,,,,,,,,,
Michigan_MPART_Surface_Water,Grand River | 36-GR-0175,Surface Water,42.959416,-85.479277,2018,8/12/2018,,EPA 537.1,,,ng/L,,,,0.30,0.42,0.96,,,0.00,,,,,,,,,,,0.00,,,,,,,,,,,,,,,,,,,,0.00,0.00,,,0.00,,,,,,,,,,
Michigan_MPART_Surface_Water,Rogue River | 36-RR-0010,Surface Water,43.06384,-85.59145,2019,6/19/2019,,EPA 537.1,,,ng/L,,,,,,1.50,1.80,,,,,,,,,,,,,0.83,,3.80,,,,,,,,,,,,,,,,,,,0.00,,,,,,0.48,,,,,,,
Michigan_MPART_Surface_Water,Spring Lake | 36-SL-0009,Surface Water,43.07772,-86.21272,2019,6/19/2019,,EPA 537.1,,,ng/L,,,,,0.48,0.68,,,,,,,,,,,,,3.40,,,,,,,,,,,,,,,,,,,,,,0.00,,,,,,,,,,,,,
Michigan_MPART_Surface_Water,Millennium Park Lake 0008W | 36-MNPL-0009,Surface Water,42.941224,-85.74253,2022,4/11/2022,,Unnamed_SPE_LCMS_MS,,,ng/L,,,,,,,,0.00,,,,,,,,,,,,,,,,,,,,,,,,,,,,,,,,,,,,,,,,,,,,,,
Michigan_MPART_Surface_Water,Grand River | 36-GR-0200,Surface Water,42.93286,-85.21297,2019,6/17/2019,,EPA 537.1,,,ng/L,1.60,,,,0.42,0.47,1.70,0.79,,,,,,,,,,,2.20,,,5.30,,,,,,,,,,,,,,,,,,,0.00,,,,,,0.51,,,,,,,
Michigan_MPART_Surface_Water,Grand River | 36-GR-0210,Surface Water,42.93962,-85.20528,2019,6/17/2019,,EPA 537.1,,,ng/L,,,,,0.35,0.43,,,,,,,,,,,,,2.20,,,,,,,,,,,,,,,,,,,,,,0.00,,,,,,,,,,,,,
Michigan_MPART_Surface_Water,Rogue River | 36-RR-0600,Surface Water,43.160595,-85.689646,2018,9/10/2018,,EPA 537.1,,,ng/L,1.10,1.40,,,0.46,0.61,1.10,0.75,0.00,,,900.00,,,,,,,1.10,,1.10,,,,,,,,,,,,,,,,,,,,0.00,,,0.00,,,,,,,,,,
Michigan_MPART_Surface_Water,Deer Creek | 36-DC-0100,Surface Water,43.02888,-85.92177,2019,6/19/2019,,EPA 537.1,,,ng/L,,,,,0.62,1.20,,,,,,,,,,,,,3.40,,,,,,,,,,,,,,,,,,,,,,0.00,,,,,,,,,,,,,
Michigan_MPART_Surface_Water,Grand River | 62-GR-0485,Surface Water,42.24728,-84.4003,2019,6/17/2019,,EPA 537.1,,,ng/L,,,,,0.46,0.51,1.70,0.82,,,,,,,,,,,2.60,,,5.20,,,,,,,,,,,,,,,,,,,0.00,,,,,,,,,,,,,
Michigan_MPART_Surface_Water,Grand River | 36-GR-0060,Surface Water,42.97151,-85.8762,2019,6/19/2019,,EPA 537.1,,,ng/L,,,,,,0.68,,,,,,,,,,,,,2.40,,,4.30,,,,,,,,,,,,,,,,,,,0.00,,,,,,,,,,,,,
Michigan_MPART_Surface_Water,Husted-Landenburg Drain | 62-HD-0010,Surface Water,42.78762,-84.73938,2019,6/17/2019,,EPA 537.1,,,ng/L,,,,,0.37,,,,,,,1.10,,,,,,,5.20,0.56,,,,,,,,,,,,,,,,,,,,,0.00,,,,,,0.48,,,,,,,
Michigan_MPART_Surface_Water,Looking Glass River | 62-LG-0030,Surface Water,42.85720141,-84.84887088,2021,3/16/2021,,EPA 537.1,,,ng/L,,,,,,,,,,,,,,,,,,,,,1.11,2.47,,,,,,,,,,,,,,,,,,,,,,,,,,,,,,,,
Michigan_MPART_Surface_Water,Grand River | 36-GR-0100,Surface Water,42.94702,-85.71127,2019,6/19/2019,,EPA 537.1,,,ng/L,,,,,0.42,1.40,,,,,,,,,,,,,4.10,,,,,,,,,,,,,,,,,,,,,,0.00,,,,,,0.47,,,,,,,
Michigan_MPART_Surface_Water,Rogue River | 36-RR-0020,Surface Water,43.082372,-85.590582,2018,9/10/2018,,EPA 537.1,,,ng/L,,,,0.00,0.42,1.30,1.70,1.20,0.57,,,840.00,,,,,,,1.30,0.41,,,,,,,,,,,,,,,,,,,,0.00,0.00,,,0.00,,,,,,,,,,
Michigan_MPART_Surface_Water,Stearns Creek | 36-SK-0099,Surface Water,43.00127,-86.0895,2019,6/19/2019,,EPA 537.1,,,ng/L,,0.28,,,,,,,,,,,,,,,,,,,0.26,,,,,,,,,,,,,,,,,,,,0.00,,,,,,,,,,,,,
Michigan_MPART_Surface_Water,Plaster Creek | 36-PC-0030,Surface Water,42.93583,-85.68748,2019,6/19/2019,,EPA 537.1,,,ng/L,,,,,0.58,0.88,,,,,,,,,,,,,2.90,,,4.60,,,,,,,,,,,,,,,,,,,0.00,,,,,,,,,,,,,
Michigan_MPART_Surface_Water,Grand River | 36-GR-0035,Surface Water,43.06017,-86.17955,2019,6/19/2019,,EPA 537.1,,,ng/L,,,,,0.42,0.72,,,,,,,,,,,,,3.00,,,5.00,,,,,,,,,,,,,,,,,,,0.00,,,,,,,,,,,,,
Michigan_MPART_Surface_Water,Grand River | 62-GR-0460,Surface Water,42.25909,-84.40837,2018,12/20/2018,,EPA 537.1,,,ng/L,,,,,,0.42,0.60,,,,,,,,,,,,2.40,,,2.50,,,,,,,,,,,,,,,,,,,0.00,,,,,,,,,,,,,
Michigan_MPART_Surface_Water,Millennium Park Lake 16 | 36-MNPL-0016,Surface Water,42.934473,-85.751196,2022,4/11/2022,,Unnamed_SPE_LCMS_MS,,,ng/L,,,,,,,,0.00,,,,,,,,,,,,,,,,,,,,,,,,,,,,,,,,,,,,,,,,,,,,,,
Michigan_MPART_Surface_Water,Plaster Creek | 36-PC-0100,Surface Water,42.90201,-85.58761,2019,6/19/2019,,EPA 537.1,,,ng/L,,,,,0.78,1.80,,,,,,,,,,,,,3.50,0.42,,,,,,,,,,,,,,,,,,,,,0.00,,,,,,0.53,,,,,,,
Michigan_MPART_Surface_Water,Hunton Creek | 62-HC-0010,Surface Water,42.44779,-84.43088,2019,6/17/2019,,EPA 537.1,,,ng/L,0.46,0.60,,,,,1.10,,,,,,,,,,,,,,,4.20,,,,,,,,,,,,,,,,,,,0.00,,,,,,0.63,,,,,,,
Michigan_MPART_Surface_Water,Grass Lake Drain | 62-GLD-0100,Surface Water,42.251145,-84.228404,2021,3/16/2021,,EPA 537.1,,,ng/L,,,,,,,,,,,,,,,,,,,,,,1.32,,,,,,,,,,,,,,,,,,,,,,,,,,,,,,,,
Michigan_MPART_Surface_Water,Norton Creek | 24-NC-0030,Surface Water,42.552704,-83.562227,2022,8/3/2022,,Unnamed_SPE_LCMS_MS,,,ng/L,,,,,,,,,,,,,,,,,,,,,,,,,,,,,,,,,,,,,,,,,,,,,,,,,,,,,,
Michigan_MPART_Surface_Water,Unnamed Trib to Honey CreekHone | 24-HLT1-0010,Surface Water,42.45525747,-83.93649872,2020,8/3/2020,,EPA 537.1,,,ng/L,3.85,,,,,1.59,2.50,,,,,,,,,,,,,,2.15,3.67,,,,,,,,,,,,,,,,,,,,,,,,,,,,,,,,
Michigan_MPART_Surface_Water,Norton Creek | 24-NC-0030,Surface Water,42.552704,-83.562227,2020,8/3/2020,,EPA 537.1,,,ng/L,,2.09,,,,1.90,,,,,,,,,,,,,,,3.53,,,,,,,,,,,,,,,,,,,,,,,,,,,,,,,,,
Michigan_MPART_Surface_Water,Portage River | 24-PR-0010,Surface Water,42.41908,-83.9301,2020,8/4/2020,,EPA 537.1,,,ng/L,,,,,,,,,,,,,,,,,,,,,,,,,,,,,,,,,,,,,,,,,,,,,,,,,,,,,,
Michigan_MPART_Surface_Water,Huron River | 24-HR-0510,Surface Water,42.46031,-83.82491,2019,4/30/2019,,EPA 537.1,,,ng/L,6.40,,,,,,,6.20,,,,,,,,,,,,,2.50,7.30,,,,,,,,,,,,,,,,,,,,,,,,,,,,,,,,
Michigan_MPART_Surface_Water,Huron River | 24-HR-0510,Surface Water,42.46031,-83.82491,2018,7/24/2018,,EPA 537.1,,,ng/L,,,,1.00,0.80,1.20,,,0.22,,,14.00,,,,,,,,0.00,,,,,,,,,,,,,,,,,,,,0.00,0.00,,,0.00,,,,,,,,,,
Michigan_MPART_Surface_Water,Lk Sherwood outlet west | 24-LSO-0010,Surface Water,42.581685,-83.5543,2019,4/30/2019,,EPA 537.1,,,ng/L,,,,,,,,,,,,,,,,,,,,,,,,,,,,,,,,,,,,,,,,,,,,,,,,,,,,,,
Michigan_MPART_Surface_Water,Honey Creek | 24-HC-0010,Surface Water,42.31808,-83.79538,2019,4/29/2019,,EPA 537.1,,,ng/L,,,,,,,,,,,,,,,,,,,,,,8.00,,,,,,,,,,,,,,,,,,,,,,,,,,,,,,,,
Michigan_MPART_Surface_Water,Huron River | 24-HR-0690,Surface Water,42.5787,-83.58002,2018,7/24/2018,,EPA 537.1,,,ng/L,,,,0.47,0.85,,,,,,,280.00,,,,,,,,0.52,,,,,,,,,,,,,,,,,,,,0.00,0.00,,,0.00,,,,,,,,,,
Michigan_MPART_Surface_Water,Mann Creek | 24-MN-0060,Surface Water,42.56944,-83.69932,2018,10/30/2018,,EPA 537.1,,,ng/L,,1.00,,,0.00,0.83,0.96,0.60,0.00,,,,,,,,,,0.97,,0.76,,,,,,,,,,,,,,,,,,,,0.00,,,0.00,,,,,,,,,,
Michigan_MPART_Surface_Water,Norton Creek | 24-NC-0010,Surface Water,42.57256,-83.57001,2020,8/3/2020,,EPA 537.1,,,ng/L,,2.41,,,,,,,,,,,,,,,,,,,4.32,,,,,,,,,,,,,,,,,,,,,,,,,,,,,,,,,
Michigan_MPART_Surface_Water,Huron River | 24-HR-0651,Surface Water,42.585238,-83.61499,2022,8/5/2022,,EPA 8327,,,ng/L,,,,,,,,,,,,,,,,,,,,,,,,,,,,,,,,,,,,,,,,,,,,,,,,,,,,,,
Michigan_MPART_Surface_Water,Unnamed Tributary to Regan Drai | 24-UTRG-0010,Surface Water,42.129814,-83.3833,2020,10/14/2020,,EPA 537.1,,,ng/L,,1.96,,,,3.62,,2.08,,,,,,,,,,,,,2.72,,,,,,,,,,,,,,,,,,,,,,,,,,,,,,,,,
Michigan_MPART_Surface_Water,Huron River | 24-HR-0410,Surface Water,42.34117,-83.87973,2018,7/24/2018,,EPA 537.1,,,ng/L,,,,0.57,0.64,0.94,,,0.00,,,8.90,,,,,,,,0.00,,,,,,,,,,,,,,,,,,,,0.00,0.00,,,0.00,,,,,,,,,,
Michigan_MPART_Surface_Water,Pettibone Creek | 24-PC-0010,Surface Water,42.588088,-83.602571,2018,10/30/2018,,EPA 537.1,,,ng/L,,1.60,,,0.00,1.70,,0.97,0.00,,,,,,,,,,,0.33,,,,,,,,,,,,,,,,,,,,,0.00,,,0.00,,,,,,,,,,
Michigan_MPART_Surface_Water,Pettibone Creek | 24-PC-0010,Surface Water,42.588088,-83.602571,2018,10/30/2018,,EPA 537.1,,,ng/L,,1.70,,0.00,0.00,,,0.85,0.00,,,,,,,,,,,0.38,,,,,,,,,,,,,,,,,,,,0.00,0.00,,,0.00,,,,,,,,,,
Michigan_MPART_Surface_Water,East Branch of Norton Creek | 24-ENC-0030,Surface Water,42.533209,-83.53657,2018,8/30/2018,,EPA 537.1,,,ng/L,,,,1.10,1.60,0.86,,,0.00,,,,,,,,,,,0.00,,,,,,,,,,,,,,,,,,,,0.00,0.00,,,0.00,,,,,,,,,,
Michigan_MPART_Surface_Water,Ore Lake | 24-OLO-0010,Surface Water,42.47327,-83.79694,2018,10/29/2018,,EPA 537.1,,,ng/L,,,,0.38,0.71,0.86,,1.20,0.00,,,,2.10,,,,,,,,,,,,,,,,,,,,,,,,,,,,0.00,,,0.00,,,,,,,,,,
Michigan_MPART_Surface_Water,Norton Creek | 24-NC-0030,Surface Water,42.552704,-83.562227,2018,8/30/2018,,EPA 537.1,,,ng/L,,,,0.88,,,,,,,15.00,,,,,,,,,0.00,,,,,,,,,,,,,,,,,,,,,0.00,,,0.00,,,,,,,,,,
Michigan_MPART_Surface_Water,Horseshoe Creek | 24-HSC-0080,Surface Water,42.404247,-83.759292,2019,4/30/2019,,EPA 537.1,,,ng/L,,,,,,,,,,,,,,,,,,,,,,,,,,,,,,,,,,,,,,,,,,,,,,,,,,,,,,
Michigan_MPART_Surface_Water,Davis Creek | 24-DC-0010,Surface Water,42.46885,-83.74407,2018,10/30/2018,,EPA 537.1,,,ng/L,1.30,,,0.00,0.76,1.20,,1.40,0.00,,,,,,,,,,,0.00,,,,,,,,,,,,,,,,,,,,0.00,0.00,,,0.00,,,,,,,,,,
Michigan_MPART_Surface_Water,Huron River | 24-HR-0700,Surface Water,42.57425,-83.5599,2018,8/30/2018,,EPA 537.1,,,ng/L,1.10,,,0.34,0.56,1.40,,1.50,0.00,,,,,,,,,,,0.46,,,,,,,,,,,,,,,,,,,,,0.00,,,0.00,,,,,,,,,,
Michigan_MPART_Surface_Water,Norton Creek | 24-NC-0140,Surface Water,42.518819,-83.545238,2018,8/30/2018,,EPA 537.1,,,ng/L,,,,0.51,0.73,,,,0.26,,,,,,,,,,,0.53,,,,,,,,,,,,,,,,,,,,0.00,0.00,,,0.00,,,,,,,,,,
Michigan_MPART_Surface_Water,Mann Creek | 24-MN-0050,Surface Water,42.56392,-83.711159,2018,8/30/2018,,EPA 537.1,,,ng/L,,0.98,,0.00,0.00,0.66,,0.52,0.27,,,,,,,,,,,0.00,0.37,,,,,,,,,,,,,,,,,,,0.00,0.00,,,0.00,,,0.00,,,,,,,
Michigan_MPART_Surface_Water,Huron River | 24-HR-0650,Surface Water,42.585459,-83.616513,2022,8/5/2022,,EPA 8327,,,ng/L,,,,,,,,,,,,,,,,,,,,,,,,,,,,,,,,,,,,,,,,,,,,,,,,,,,,,,
Michigan_MPART_Surface_Water,Huron River | 24-HR-0654,Surface Water,42.584977,-83.610638,2022,8/5/2022,,EPA 8327,,,ng/L,,,,,,,,,,,,,,,,,,,,,0.00,,,,,,,,,,,,,,,,,,,,,,,,,,,,,,,,,
Michigan_MPART_Surface_Water,Huron River | 24-HR-0610,Surface Water,42.52845,-83.64574,2018,10/29/2018,,EPA 537.1,,,ng/L,,,,,0.43,1.50,,,0.00,,,,2.10,,,,,,,,,,,,,,,,,,,,,,,,,,,,0.00,,,0.00,,,,,,,,,,
Michigan_MPART_Surface_Water,Huron River | 24-HR-0500,Surface Water,42.450331,-83.831896,2019,4/30/2019,,EPA 537.1,,,ng/L,4.40,,,,,,,7.40,,,,,,,,,,,,,,6.60,,,,,,,,,,,,,,,,,,,,,,,,,,,,,,,,
Michigan_MPART_Surface_Water,Unnamed Tributary to Little Por | 24-ULPL-0010,Surface Water,42.40728,-83.94222,2020,8/3/2020,,EPA 537.1,,,ng/L,,3.08,,,,,,1.78,,,,,,,,,,,,,,,,,,,,,,,,,,,,,,,,,,,,,,,,,,,,,,
Michigan_MPART_Surface_Water,Norton Creek | 24-NC-0010,Surface Water,42.57256,-83.57001,2018,10/30/2018,,EPA 537.1,,,ng/L,,,,0.32,1.20,1.50,,,0.31,,,,,,,,,,,0.00,,,,,,,,,,,,,,,,,,,,0.00,0.00,,,0.00,,,,,,,,,,
Michigan_MPART_Surface_Water,Regan Drain | 24-RG-0005,Surface Water,42.13046,-83.372966,2020,8/4/2020,,EPA 537.1,,,ng/L,,,,,,,,,,,,,,,,,,,,,,,,,,,,,,,,,,,,,,,,,,,,,,,,,,,,,,
Michigan_MPART_Surface_Water,Willow Run | 24-WR-0020,Surface Water,42.2193,-83.53661,2020,8/4/2020,,EPA 537.1,,,ng/L,,,,,,,,3.86,,,,,,,,,,,,2.34,,,,,,,,,,,,,,,,,,,,,,,,,,,,,,,,,,
Michigan_MPART_Surface_Water,Sears Lake Outlet | 24-SLO-0010,Surface Water,42.58968,-83.65879,2018,10/30/2018,,EPA 537.1,,,ng/L,,,,0.00,0.64,,,,0.00,,,,,,,,,,,0.46,,,,,,,,,,,,,,,,,,,,0.00,0.00,,,0.00,,,,,,,,,,
Michigan_MPART_Surface_Water,Mann Creek | 24-MN-0050,Surface Water,42.56392,-83.711159,2018,10/30/2018,,EPA 537.1,,,ng/L,0.98,0.85,,0.00,0.00,0.84,1.10,0.50,0.00,,,,,,,,,,0.91,0.00,0.59,,,,,,,,,,,,,,,,,,,0.00,0.00,,,0.00,,,,,,,,,,
Michigan_MPART_Surface_Water,South Ore Creek | 24-SOC-0040,Surface Water,42.49796,-83.802365,2019,9/27/2019,,EPA 537.1,,,ng/L,,,,,0.71,,,1.70,,,,,,,,,,,,0.00,,,,,,,,,,,,,,,,,,,,,,,,,,,,,,,,,,
Michigan_MPART_Surface_Water,Huron River | 24-HR-0400,Surface Water,42.323569,-83.840707,2020,8/4/2020,,EPA 537.1,,,ng/L,,,,,,,1.77,2.10,,,,,,,,,,,,,1.67,,,,,,,,,,,,,,,,,,,,,,,,,,,,,,,,,
Michigan_MPART_Surface_Water,Huron River | 24-HR-0450,Surface Water,42.41488,-83.90695,2020,8/4/2020,,EPA 537.1,,,ng/L,,,,,,,1.94,,,,,,,,,,,,2.76,,1.63,,,,,,,,,,,,,,,,,,,,,,,,,,,,,,,,,
Michigan_MPART_Surface_Water,Huron River | 24-HR-0280,Surface Water,42.27228,-83.65539,2018,7/24/2018,,EPA 537.1,,,ng/L,,,,0.48,0.59,0.94,,,0.00,,,7.70,,,,,,,,0.00,,,,,,,,,,,,,,,,,,,,0.00,0.00,,,0.00,,,,,,,,,,
Michigan_MPART_Surface_Water,Huron River | 24-HR-0653,Surface Water,42.585204,-83.612695,2022,8/5/2022,,EPA 8327,,,ng/L,,,,,,,,,,,,,,,,,,,,,0.00,,,,,,,,,,,,,,,,,,,,,,,,,,,,,,,,,
Michigan_MPART_Surface_Water,Huron River | 24-HR-0080,Surface Water,42.13089,-83.36985,2020,10/14/2020,,EPA 537.1,,,ng/L,2.24,2.23,,,,1.27,,3.18,,,,,,,,,,,,,2.49,,,,,,,,,,,,,,,,,,,,,,,,,,,,,,,,,
Michigan_MPART_Surface_Water,Unnamed Tributary to Mann Creek | 24-UTMN-0060,Surface Water,42.60093,-83.66067,2018,10/30/2018,,EPA 537.1,,,ng/L,,,,0.00,0.00,0.40,0.91,0.44,0.00,,,,,,,,,,0.65,0.00,0.89,,,,,,,,,,,,,,,,,,,0.00,0.00,,,0.00,,,,,,,,,,
Michigan_MPART_Surface_Water,Unnamed Tributary to Norton Cre | 24-UTN1-0060,Surface Water,42.50719,-83.546113,2018,8/30/2018,,EPA 537.1,,,ng/L,,,,0.90,1.10,,,,0.69,,,3.80,,,,,,,,,,,,,,,,,,,,,,,,,,,,0.00,0.00,,,0.00,,,0.00,,,,,,,
Michigan_MPART_Surface_Water,Regan Drain | 24-RG-0005,Surface Water,42.13046,-83.372966,2020,10/14/2020,,EPA 537.1,,,ng/L,,,,,,,,,,,,,,,,,,,,,,,,,,,,,,,,,,,,,,,,,,,,,,,,,,,,,,
Michigan_MPART_Surface_Water,Unnamed Tributary to Honey Cree | 24-UTH1-0010,Surface Water,42.28730475,-83.8262689,2020,8/4/2020,,EPA 537.1,,,ng/L,1.56,,,,,,,,,,,,,,,,,,3.09,,,,,,,,,,,,,,,,,,,,,,,,,,,,,,,,,,,
Michigan_MPART_Surface_Water,Regan Drain | 24-RG-0030,Surface Water,42.130295,-83.382671,2020,10/14/2020,,EPA 537.1,,,ng/L,,,,,,,,,3.25,,,,,,,,,,,,,,,,,,,,,,,,,,,,,,,,,,,,,,,,,,,,,
Michigan_MPART_Surface_Water,Loon Lake Outlet | 24-LLO-0020,Surface Water,42.545954,-83.540455,2018,8/30/2018,,EPA 537.1,,,ng/L,,1.40,,0.00,0.43,0.43,1.60,1.40,0.00,,,,,,,,,,1.40,0.00,0.86,,,,,,,,,,,,,,,,,,,0.00,0.00,,,0.00,,,0.00,,,,,,,
Michigan_MPART_Surface_Water,Huron River | 24-HR-0150,Surface Water,42.21079,-83.43472,2018,7/24/2018,,EPA 537.1,,,ng/L,,,,0.61,0.70,1.70,,,0.00,,,12.00,,,,,,,,0.00,,,,,,,,,,,,,,,,,,,,0.00,0.00,,,0.00,,,,,,,,,,
Michigan_MPART_Surface_Water,Norton Creek | 24-NC-0140,Surface Water,42.518819,-83.545238,2018,8/30/2018,,EPA 537.1,,,ng/L,,,,0.50,0.65,,,,0.27,,,,,,,,,,,0.48,,,,,,,,,,,,,,,,,,,,0.00,0.00,,,0.00,,,,,,,,,,
Michigan_MPART_Surface_Water,Arms Creek | 24-AC-0010,Surface Water,42.42301,-83.87978,2018,10/29/2018,,EPA 537.1,,,ng/L,,,,,0.00,0.79,0.60,0.40,0.00,,,,2.10,,,,,,,,2.00,,,,,,,,,,,,,,,,,,,,0.00,,,0.00,,,,,,,,,,
Michigan_MPART_Surface_Water,Regan Drain | 24-RG-0010,Surface Water,42.126487,-83.373621,2020,10/14/2020,,EPA 537.1,,,ng/L,,,,0.34,0.64,,,,1.20,,0.00,,,,,,,,,,,,,,,,,,,,,,,,,,,,,,,,,,,,,0.00,,,,,,
Michigan_MPART_Surface_Water,Norton Creek | 24-NC-0010,Surface Water,42.57256,-83.57001,2018,7/24/2018,,EPA 537.1,,,ng/L,,,,0.74,1.90,,,,,,,1200.00,,,,,,,,0.67,,,,,,,,,,,,,,,,,,,,,,,,1.90,,,,,,,,,,
Michigan_MPART_Surface_Water,Willow Run | 24-WR-0060,Surface Water,42.2341,-83.550229,2019,4/29/2019,,EPA 537.1,,,ng/L,6.10,5.70,,,,,5.10,,,,,,,,,,,,3.00,8.80,7.70,,,,,,,,,,,,,,,,,,,,,,,,,,,,,,,,,
Michigan_MPART_Surface_Water,South Ore Creek | 24-SOC-0040,Surface Water,42.49796,-83.802365,2020,8/3/2020,,EPA 537.1,,,ng/L,2.05,2.75,,,,,4.12,1.62,,,,,,,,,,,,,,,,,,,,,,,,,,,,,,,,,,,,,,,,,,,,,,
Michigan_MPART_Surface_Water,Willow Run | 24-WR-0050,Surface Water,42.232825,-83.547244,2020,8/4/2020,,EPA 537.1,,,ng/L,,,,,2.39,,,2.74,,,,,,,,,,,,1.55,,,,,,,,,,,,,,,,,,,,,,,,,,,,,,,,,,
Michigan_MPART_Surface_Water,Unnamed Tributary to Little Por | 24-ULPL-0010,Surface Water,42.40728,-83.94222,2018,10/29/2018,,EPA 537.1,,,ng/L,,1.50,,,0.00,0.41,,0.83,0.00,,,,2.20,,,,,,,,,,,,,,,,,,,,,,,,,,,,,,,0.00,,,,,,,,,,
Michigan_MPART_Surface_Water,Silver Lake | 24-SL-0010,Surface Water,42.415652,-83.961751,2020,8/3/2020,,EPA 537.1,,,ng/L,,1.87,,,,,,,,,,,,,,,,,2.74,,,3.45,,,,,,,,,,,,,,,,,,,,,,,,,,,,,,,,
Michigan_MPART_Surface_Water,Honey Creek - Livingston Co. | 24-HCL-0010,Surface Water,42.44285,-83.92494,2018,10/29/2018,,EPA 537.1,,,ng/L,0.65,,,,0.00,0.72,0.95,0.53,0.00,,,,2.10,,,,,,,,0.63,,,,,,,,,,,,,,,,,,,,0.00,,,0.00,,,,,,,,,,
Michigan_MPART_Surface_Water,Huron River | 24-HR-0700,Surface Water,42.57425,-83.5599,2018,8/30/2018,,EPA 537.1,,,ng/L,1.10,,,0.37,0.52,1.40,,1.40,0.00,,,,,,,,,,,0.38,,,,,,,,,,,,,,,,,,,,,0.46,,,0.00,,,,,,,,,,
Michigan_MPART_Surface_Water,Norton Creek | 24-NC-0010,Surface Water,42.57256,-83.57001,2018,8/30/2018,,EPA 537.1,,,ng/L,,,,0.82,,,,,,,9.00,,,,,,,,,0.00,,,,,,,,,,,,,,,,,,,,,0.00,,,0.00,,,,,,,,,,
Michigan_MPART_Surface_Water,Norton Creek | 24-NC-0080,Surface Water,42.542574,-83.547158,2018,8/30/2018,,EPA 537.1,,,ng/L,,,,0.34,0.46,1.20,,,0.00,,,,,,,,,,,0.00,,,,,,,,,,,,,,,,,,,,0.00,0.00,,,0.00,,,0.00,,,,,,,
Michigan_MPART_Surface_Water,Huron River | 24-HR-0400,Surface Water,42.323569,-83.840707,2020,8/4/2020,,EPA 537.1,,,ng/L,,,,,,,2.82,2.24,,,,,,,,,,,3.79,,1.80,3.09,,,,,,,,,,,,,,,,,,,,,,,,,,,,,,,,
Michigan_MPART_Surface_Water,Norton Creek | 24-NC-0100,Surface Water,42.531423,-83.547613,2018,8/30/2018,,EPA 537.1,,,ng/L,,,,0.42,0.51,1.20,,,0.00,,,,,,,,,,,0.00,,,,,,,,,,,,,,,,,,,,0.00,0.00,,,0.00,,,,,,,,,,
Michigan_MPART_Surface_Water,Unnamed Tributary to Regan Drai | 24-UTRG-0010,Surface Water,42.129814,-83.3833,2020,10/14/2020,,EPA 537.1,,,ng/L,,1.99,,,,,,1.80,,,,,,,,,,,,,1.90,,,,,,,,,,,,,,,,,,,,,,,,,,,,,,,,,
Michigan_MPART_Surface_Water,Huron River | 24-HR-0380,Surface Water,42.3338,-83.80919,2018,7/24/2018,,EPA 537.1,,,ng/L,,,,0.42,0.57,0.84,,,0.00,,,6.50,,,,,,,,0.00,,,,,,,,,,,,,,,,,,,,0.00,0.00,,,0.00,,,,,,,,,,
Michigan_MPART_Surface_Water,Willow Run | 24-WR-0040,Surface Water,42.23115,-83.54813,2019,4/29/2019,,EPA 537.1,,,ng/L,5.40,5.80,,,1.20,,6.10,,,,,,,,,,,,8.70,1.40,5.30,,,,,,,,,,,,,,,,,,,,,,,,,,,,,,,,,
Michigan_MPART_Surface_Water,East Branch of Norton Creek | 24-ENC-0010,Surface Water,42.542957,-83.546609,2018,8/30/2018,,EPA 537.1,,,ng/L,,1.30,,0.00,0.29,1.10,,1.20,0.00,,,,,,,,,,1.60,0.00,,,,,,,,,,,,,,,,,,,,0.00,0.31,,,0.00,,,0.00,,,,,,,
Michigan_MPART_Surface_Water,Huron River | 24-HR-0340,Surface Water,42.290537,-83.7456505,2020,6/4/2020,,EPA 537.1,,,ng/L,1.98,1.67,,,,,2.40,2.39,,,,,,,,,,,2.10,,2.24,,,,,,,,,,,,,,,,,,,,,,,,,,,,,,,,,
Michigan_MPART_Surface_Water,Huron River | 24-HR-0652,Surface Water,42.585301,-83.613975,2022,8/5/2022,,EPA 8327,,,ng/L,,,,,,,,,,,,,,,,,,,,,,,,,,,,,,,,,,,,,,,,,,,,,,,,,,,,,,
Michigan_MPART_Surface_Water,Norton Creek | 24-NC-0010,Surface Water,42.57256,-83.57001,2018,7/24/2018,,EPA 537.1,,,ng/L,,,,0.82,,,,,,,,1100.00,,,,,,,,0.68,,,,,,,,,,,,,,,,,,,,,0.00,,,0.00,,,,,,,,,,
Michigan_MPART_Surface_Water,Willow Run | 24-WR-0070,Surface Water,42.245382,-83.563109,2019,4/29/2019,,EPA 537.1,,,ng/L,4.10,,,,,,5.30,,,,,,,,,,,,,3.00,6.70,5.70,,,,,,,,,,,,,,,,,,,,,,,,,,,,,,,,
Michigan_MPART_Surface_Water,Huron River | 24-HR-0640,Surface Water,42.57927,-83.62692,2018,8/30/2018,,EPA 537.1,,,ng/L,,,,0.41,0.76,,,,1.60,,,,,,,,,,,0.37,,,,,,,,,,,,,,,,,,,,0.00,0.00,,,0.00,,,,,,,,,,
Michigan_MPART_Surface_Water,Norton Creek | 24-NC-0050,Surface Water,42.544325,-83.551598,2018,8/30/2018,,EPA 537.1,,,ng/L,,,,0.35,0.55,1.30,,,0.89,,,,,,,,,,,0.00,,,,,,,,,,,,,,,,,,,,0.00,0.00,,,0.00,,,0.00,,,,,,,
Michigan_MPART_Surface_Water,Regan Drain | 24-RG-0005,Surface Water,42.13046,-83.372966,2020,10/14/2020,,EPA 537.1,,,ng/L,,,,,1.10,,,,0.95,,0.00,,,,,,,,,,,,,,,,,,,,,,,,,,,,,,,,,,,,,0.00,,,,,,
Michigan_MPART_Surface_Water,Huron River | 24-HR-0630,Surface Water,42.56469,-83.626852,2022,8/3/2022,,Unnamed_SPE_LCMS_MS,,,ng/L,,,,,,,,,,,,,,,,,,,,,,,,,,,,,,,,,,,,,,,,,,,,,,,,,,,,,,
Michigan_MPART_Surface_Water,Wixom Assembly Pond | 24-FRP1-0010,Surface Water,42.506947,-83.546429,2018,8/30/2018,,EPA 537.1,,,ng/L,,,,0.52,1.60,,,,0.35,,,,,,,,,,,0.71,,,,,,,,,,,,,,,,,,,,0.00,0.00,,,0.00,,,0.00,,,,,,,
Michigan_MPART_Surface_Water,Huron River | 24-HR-0080,Surface Water,42.13089,-83.36985,2020,10/14/2020,,EPA 537.1,,,ng/L,,,,0.31,0.58,1.60,,,0.00,,0.00,,,,,,,,,0.00,,,,,,,,,,,,,,,,,,,,,,,,,,,,0.00,,,,,,
Michigan_MPART_Surface_Water,Huron River | 24-HR-1000,Surface Water,42.6932,-83.49917,2018,7/24/2018,,EPA 537.1,,,ng/L,0.58,,,0.00,0.41,0.25,,0.29,0.00,,,2.70,,,,,,,,0.00,0.26,1.70,,,,,,,,,,,,,,,,,,0.00,0.00,,,0.00,,,,,,,,,,
Michigan_MPART_Surface_Water,Huron River | 24-HR-0690,Surface Water,42.5787,-83.58002,2018,8/30/2018,,EPA 537.1,,,ng/L,,,,0.47,1.10,1.60,,,,,,,,,,,,,,0.39,,,,,,,,,,,,,,,,,,,,0.00,0.00,,,0.00,,,,,,,,,,
Michigan_MPART_Surface_Water,Huron River | 24-HR-0560,Surface Water,42.48313,-83.74197,2018,10/30/2018,,EPA 537.1,,,ng/L,,,,0.39,0.66,1.50,,,0.28,,,,,,,,,,,,,,,,,,,,,,,,,,,,,,,,0.00,,,0.00,,,,,,,,,,
Michigan_MPART_Surface_Water,Willow Run | 24-WR-0050,Surface Water,42.232825,-83.547244,2019,4/29/2019,,EPA 537.1,,,ng/L,3.70,3.00,,,1.50,,,,,,,,,,,,,,,,,6.00,,,,,,,,,,,,,,,,,,,,,,,,,,,,,,,,
Michigan_MPART_Surface_Water,Huron River | 24-HR-0700,Surface Water,42.57425,-83.5599,2019,4/30/2019,,EPA 537.1,,,ng/L,,,,,,,,,,,,,,,,,,,7.00,,2.50,,,,,,,,,,,,,,,,,,,,,,,,,,,,,,,,,
Michigan_MPART_Surface_Water,Huron River | 24-HR-0450,Surface Water,42.41488,-83.90695,2018,7/24/2018,,EPA 537.1,,,ng/L,,,,0.80,0.73,1.20,,,0.00,,,12.00,,,,,,,,0.00,,,,,,,,,,,,,,,,,,,,,0.00,,,0.00,,,,,,,,,,
Michigan_MPART_Surface_Water,Pontiac Lake | 24-PTL-0010,Surface Water,42.66353,-83.442505,2022,5/13/2022,,EPA 8327,,,ng/L,,,,,,,0.90,0.80,,,,,,,,,,,,,0.80,3.80,,,,,,,,,,,,,,,,,,,,,,,,,,,,,,,,
Michigan_MPART_Surface_Water,Huron River | 24-HR-0670,Surface Water,42.585503,-83.596909,2022,8/3/2022,,Unnamed_SPE_LCMS_MS,,,ng/L,,,,,,,,,,,,,,,,,,,,,,,,,,,,,,,,,,,,,,,,,,,,,,,,,,,,,,
Michigan_MPART_Surface_Water,Huron River | 24-HR-0090,Surface Water,42.133018,-83.37096,2020,10/14/2020,,EPA 537.1,,,ng/L,,,,0.00,0.59,1.50,,,0.00,,0.00,,,,,,,,,0.00,,4.80,,,,,,,,,,,,,,,,,,,,,,,,,,0.00,,,,,,
Michigan_MPART_Surface_Water,Huron River | 24-HR-0360,Surface Water,42.31822,-83.76502,2018,9/28/2018,,EPA 537.1,,,ng/L,,,,0.66,1.10,1.00,,,0.32,,,,,,,,,,,0.00,,,,,,,,,,,,,,,,,,,,,0.00,,,0.00,,,,,,,,,,
Michigan_MPART_Surface_Water,Ore Lake | 24-OLO-0010,Surface Water,42.47327,-83.79694,2019,9/27/2019,,EPA 537.1,,,ng/L,,,,,0.77,,,1.50,,,,,,,,,,,,0.00,,,,,,,,,,,,,,,,,,,,,,,,,,,,,,,,,,
Michigan_MPART_Surface_Water,Norton Creek | 24-NC-0170,Surface Water,42.502479,-83.573103,2018,8/30/2018,,EPA 537.1,,,ng/L,,,,0.48,0.93,0.67,0.80,0.73,0.00,,,,,,,,,,,0.00,,,,,,,,,,,,,,,,,,,,0.00,0.00,,,0.00,,,0.00,,,,,,,
Michigan_MPART_Surface_Water,Huron River | 24-HR-0060,Surface Water,42.106998,-83.317751,2020,8/4/2020,,EPA 537.1,,,ng/L,,2.01,,,,,4.01,2.39,,,,,,,,,,,,,2.66,3.97,,,,,,,,,,,,,,,,,,,,,,,,,,,,,,,,
Michigan_MPART_Surface_Water,Norton Creek | 24-NC-0030,Surface Water,42.552704,-83.562227,2018,10/30/2018,,EPA 537.1,,,ng/L,,,,0.00,0.99,1.60,,,0.33,,,,,,,,,,,0.00,,,,,,,,,,,,,,,,,,,,0.00,0.00,,,0.00,,,,,,,,,,
Michigan_MPART_Surface_Water,Huron River | 24-HR-0600,Surface Water,42.52019,-83.65732,2020,6/14/2020,,EPA 537.1,,,ng/L,3.88,1.90,,,,,,,,,,,,,,,,,,,2.20,,,,,,,,,,,,,,,,,,,,,,,,,,,,,,,,,
Michigan_MPART_Surface_Water,Huron River | 24-HR-0090,Surface Water,42.133018,-83.37096,2020,8/25/2020,,EPA 537.1,,,ng/L,3.60,1.92,,,,,,2.62,,,,,,,,,,,,,2.43,3.80,,,,,,,,,,,,,,,,,,,,,,,,,,,,,,,,
Michigan_MPART_Surface_Water,Wetland | 24-HVT1-0010,Surface Water,42.52554,-83.59174,2019,8/21/2019,,EPA 537.1,,,ng/L,,,,,,0.74,,,,,,,,,,,,,,0.00,,,,,,,,,,,,,,,,,,,,,,,,,,,,,,,,,,
Michigan_MPART_Surface_Water,Horseshoe Creek | 24-HSC-0060,Surface Water,42.422691,-83.766579,2019,4/30/2019,,EPA 537.1,,,ng/L,,,,,,,,,,,,,,,,,,,,,,5.80,,,,,,,,,,,,,,,,,,,,,,,,,,,,,,,,
Michigan_MPART_Surface_Water,Norton Creek | 24-NC-0030,Surface Water,42.552704,-83.562227,2019,4/30/2019,,EPA 537.1,,,ng/L,,,,,,,,,,,,,,,,,,,,,,,,,,,,,,,,,,,,,,,,,,,,,,,,,,,,,,
Michigan_MPART_Surface_Water,W Branch Norton Creek | 24-WNC-0030,Surface Water,42.529094,-83.576928,2019,8/21/2019,,EPA 537.1,,,ng/L,0.52,1.20,,,0.41,,1.40,1.10,,,,,,,,,,,,0.00,0.53,,,,,,,,,,,,,,,,,,,,,,,,,,,,,,,,,
Michigan_MPART_Surface_Water,Norton Creek | 24-NC-0100,Surface Water,42.531423,-83.547613,2019,4/30/2019,,EPA 537.1,,,ng/L,,,,,,,4.80,,,,,,,,,,,,,,,,,,,,,,,,,,,,,,,,,,,,,,,,,,,,,,,
Michigan_MPART_Surface_Water,Mann Creek | 24-MN-0060,Surface Water,42.56944,-83.69932,2018,10/30/2018,,EPA 537.1,,,ng/L,,,,,0.00,0.96,1.30,0.64,0.00,,,,,,,,,,1.10,,0.81,,,,,,,,,,,,,,,,,,,,0.00,,,0.00,,,,,,,,,,
Michigan_MPART_Surface_Water,Huron River | 24-HR-0150,Surface Water,42.21079,-83.43472,2020,8/4/2020,,EPA 537.1,,,ng/L,3.46,2.00,,,,,,2.32,,,,,,,,,,,,,2.55,,,,,,,,,,,,,,,,,,,,,,,,,,,,,,,,,
Michigan_MPART_Surface_Water,Huron River | 24-HR-0510,Surface Water,42.46031,-83.82491,2018,10/29/2018,,EPA 537.1,,,ng/L,,,,0.36,0.52,1.30,,,0.38,,,16.00,2.00,,,,,,,0.00,,,,,,,,,,,,,,,,,,,,,0.00,,,0.00,,,,,,,,,,
Michigan_MPART_Surface_Water,Honey Creek | 24-HC-0010,Surface Water,42.31808,-83.79538,2018,7/24/2018,,EPA 537.1,,,ng/L,0.73,0.88,,0.00,0.00,0.97,1.20,0.49,0.00,,,8.60,,,,,,,1.70,0.00,,,,,,,,,,,,,,,,,,,,0.00,0.00,,,0.00,,,,,,,,,,
Michigan_MPART_Surface_Water,West Branch Norton Creek | 24-WNC-0020,Surface Water,42.535423,-83.55863,2018,10/30/2018,,EPA 537.1,,,ng/L,,,,0.00,0.33,1.10,,1.10,0.00,,,,,,,,,,,0.00,1.60,,,,,,,,,,,,,,,,,,,0.00,0.00,,,0.00,,,,,,,,,,
Michigan_MPART_Surface_Water,Huron River | 24-HR-0690,Surface Water,42.5787,-83.58002,2020,8/3/2020,,EPA 537.1,,,ng/L,,2.17,,,,,,,,,,,,,,,,,,,3.16,,,,,,,,,,,,,,,,,,,,,,,,,,,,,,,,,
Michigan_MPART_Surface_Water,Wixom Assembly Pond | 24-FRP2-0010,Surface Water,42.505933,-83.546596,2018,8/30/2018,,EPA 537.1,,,ng/L,,,,0.29,1.10,0.90,,,0.00,,,,,,,,,,,0.00,1.60,,,,,,,,,,,,,,,,,,,0.00,0.00,,,0.00,,,,,,,,,,
Michigan_MPART_Surface_Water,Woodruff Creek | 24-WC-0010,Surface Water,42.51662,-83.70946,2018,10/30/2018,,EPA 537.1,,,ng/L,1.70,,,0.99,0.27,1.10,,1.20,0.00,,,,,,,,,,,0.00,,,,,,,,,,,,,,,,,,,,0.00,0.00,,,0.00,,,,,,,,,,
Michigan_MPART_Surface_Water,Regan Drain | 24-RG-0010,Surface Water,42.126487,-83.373621,2020,8/25/2020,,EPA 537.1,,,ng/L,,,,,,,,4.03,2.49,,,1.39,,,,,,,,,,,,,,,,,,,,,,,,,,,,,,,,,,,,,,,,,,
Michigan_MPART_Surface_Water,Mann Creek | 24-MN-0040,Surface Water,42.558,-83.71807,2018,10/29/2018,,EPA 537.1,,,ng/L,1.10,0.99,,0.00,0.27,0.81,1.20,0.60,0.00,,,,1.90,,,,,,1.20,0.00,0.82,1.20,,,,,,,,,,,,,,,,,,,0.00,,,0.00,,,,,,,,,,
Michigan_MPART_Surface_Water,Huron River | 24-HR-0700,Surface Water,42.57425,-83.5599,2018,7/24/2018,,EPA 537.1,,,ng/L,,,,0.32,0.43,1.40,,1.20,0.00,,,5.50,,,,,,,,0.00,,,,,,,,,,,,,,,,,,,,0.00,0.00,,,0.00,,,,,,,,,,
Michigan_MPART_Surface_Water,Horseshoe Creek | 24-HSC-0020,Surface Water,42.447477,-83.80181,2019,4/30/2019,,EPA 537.1,,,ng/L,,,,,,,,,,,,,,,,,,,,,,,,,,,,,,,,,,,,,,,,,,,,,,,,,,,,,,
Michigan_MPART_Surface_Water,Huron River | 24-HR-0060,Surface Water,42.106998,-83.317751,2020,8/25/2020,,EPA 537.1,,,ng/L,3.11,1.63,,,,1.20,,2.83,,,,,,,,,,,,,1.84,4.14,,,,,,,,,,,,,,,,,,,,,,,,,,,,,,,,
Michigan_MPART_Surface_Water,Horseshoe Creek | 24-HSC-0040,Surface Water,42.435968,-83.781704,2019,4/30/2019,,EPA 537.1,,,ng/L,,,,,,,,,,,,,,,,,,,,,,,,,,,,,,,,,,,,,,,,,,,,,,,,,,,,,,
Michigan_MPART_Surface_Water,Huron River | 24-HR-0430,Surface Water,42.38715,-83.91113,2018,7/24/2018,,EPA 537.1,,,ng/L,,,,0.50,0.52,1.10,,,0.00,,,13.00,,,,,,,,0.00,,,,,,,,,,,,,,,,,,,,0.00,0.00,,,0.00,,,,,,,,,,
Michigan_MPART_Surface_Water,Mirror Lake | 24-MRL-0010,Surface Water,42.51118119,-83.75463288,2020,8/3/2020,,EPA 537.1,,,ng/L,,3.53,,,,,3.14,2.28,,,,,,,,,,,3.24,,1.48,,,,,,,,,,,,,,,,,,,,,,,,,,,,,,,,,
Michigan_MPART_Surface_Water,Unnamed Kent Lake Trib | 24-KLT1-0040,Surface Water,42.52898,-83.61464,2019,8/21/2019,,EPA 537.1,,,ng/L,,,,,0.49,,,1.10,,,,,,,,,,,,0.00,1.10,,,,,,,,,,,,,,,,,,,,,,,,,,,,,,,,,
Michigan_MPART_Surface_Water,Pettibone Creek | 24-PC-0040,Surface Water,42.59267,-83.60149,2018,10/30/2018,,EPA 537.1,,,ng/L,0.75,1.50,,0.00,0.00,1.60,,0.95,0.00,,,,,,,,,,,0.34,,,,,,,,,,,,,,,,,,,,0.00,0.00,,,0.00,,,,,,,,,,
Michigan_MPART_Surface_Water,Huron River | 24-HR-0450,Surface Water,42.41488,-83.90695,2018,10/29/2018,,EPA 537.1,,,ng/L,,1.70,,0.33,0.46,0.68,,,0.00,,,,2.00,,,,,,,0.00,1.90,,,,,,,,,,,,,,,,,,,,0.00,,,0.00,,,,,,,,,,
Michigan_MPART_Surface_Water,Huron River | 24-HR-0654,Surface Water,42.584977,-83.610638,2022,8/5/2022,,EPA 8327,,,ng/L,,,,,,,,,,,,,,,,,,,,,,,,,,,,,,,,,,,,,,,,,,,,,,,,,,,,,,
Michigan_MPART_Surface_Water,Huron River | 24-HR-0640,Surface Water,42.57927,-83.62692,2018,10/30/2018,,EPA 537.1,,,ng/L,,,,0.00,0.47,1.30,,,0.00,,,,,,,,,,,0.34,,,,,,,,,,,,,,,,,,,,,0.00,,,0.00,,,,,,,,,,
Michigan_MPART_Surface_Water,Huron River | 24-HR-0620,Surface Water,42.54926,-83.63156,2018,10/30/2018,,EPA 537.1,,,ng/L,,,,0.00,0.50,1.20,,,0.00,,,,,,,,,,,0.28,,,,,,,,,,,,,,,,,,,,0.00,0.00,,,0.00,,,0.00,,,,,,,
Michigan_MPART_Surface_Water,Pettibone Creek | 24-PC-0010,Surface Water,42.588088,-83.602571,2019,4/30/2019,,EPA 537.1,,,ng/L,,,,,,,,,,,,,,,,,,,,,5.70,,,,,,,,,,,,,,,,,,,,,,,,,,,,,,,,,
Michigan_MPART_Surface_Water,Huron River | 24-HR-0200,Surface Water,42.21126,-83.5693,2020,7/26/2020,,EPA 537.1,,,ng/L,3.58,1.50,,,,,,2.35,,,,,,,,,,,,,2.05,,,,,,,,,,,,,,,,,,,,,,,,,,,,,,,,,
Michigan_MPART_Surface_Water,Huron River | 24-HR-0150,Surface Water,42.21079,-83.43472,2018,7/24/2018,,EPA 537.1,,,ng/L,,,,0.53,0.84,,,,0.00,,,34.00,,,,,,,,0.29,,,,,,,,,,,,,,,,,,,,0.00,0.00,,,0.00,,,,,,,,,,
Michigan_MPART_Surface_Water,Pettibone Creek | 24-PC-0030,Surface Water,42.589652,-83.602777,2018,10/4/2018,,EPA 537.1,,,ng/L,0.61,,,0.00,0.00,1.60,,0.83,0.00,,,,,,,,,,,0.28,,,,,,,,,,,,,,,,,,,,0.00,0.00,,,0.00,,,,,,,,,,
Michigan_MPART_Surface_Water,Huron River | 24-HR-0700,Surface Water,42.57425,-83.5599,2020,8/3/2020,,EPA 537.1,,,ng/L,,2.25,,,,,2.80,,,,,,,,,,,,,,2.44,4.13,,,,,,,,,,,,,,,,,,,,,,,,,,,,,,,,
Michigan_MPART_Surface_Water,Hamburg Lake | 24-HML-0010,Surface Water,42.439741,-83.795303,2019,4/30/2019,,EPA 537.1,,,ng/L,,3.20,,,,,,,,,,,,,,,,,3.10,,,,,,,,,,,,,,,,,,,,,,,,,,,,,,,,,,,
Michigan_MPART_Surface_Water,Unnamed Tributary to Norton Cre | 24-UTN1-0090,Surface Water,42.50091,-83.546775,2018,8/30/2018,,EPA 537.1,,,ng/L,,,,0.50,0.85,1.20,,,0.19,,,,,,,,,,,0.00,,,,,,,,,,,,,,,,,,,,0.00,0.00,,,0.00,,,,,,,,,,
Michigan_MPART_Surface_Water,Ore Lake | 24-OL-0010,Surface Water,42.479621,-83.801012,2019,9/27/2019,,EPA 537.1,,,ng/L,,,,,0.76,,,1.80,,,,,,,,,,,,,,,,,,,,,,,,,,,,,,,,,,,,,,,,,,,,,,
Michigan_MPART_Surface_Water,Huron River | 24-HR-0720,Surface Water,42.569218,-83.504335,2018,8/30/2018,,EPA 537.1,,,ng/L,1.50,,,0.42,0.50,1.70,,1.40,0.00,,,2.70,,,,,,,,0.50,,,,,,,,,,,,,,,,,,,,0.00,0.00,,,0.00,,,,,,,,,,
Michigan_MPART_Surface_Water,West Branch Norton Creek | 24-WNC-0020,Surface Water,42.535423,-83.55863,2019,4/30/2019,,EPA 537.1,,,ng/L,,,,,,,,,,,,,,,,,,,,,3.40,,,,,,,,,,,,,,,,,,,,,,,,,,,,,,,,,
Michigan_MPART_Surface_Water,Huron River | 24-HR-0700,Surface Water,42.57425,-83.5599,2018,10/30/2018,,EPA 537.1,,,ng/L,1.20,,,,0.60,1.50,,1.50,0.00,,,,,,,,,,,0.35,,,,,,,,,,,,,,,,,,,,,0.00,,,0.00,,,,,,,,,,
Michigan_MPART_Surface_Water,W Branch Norton Creek | 24-WNC-0030,Surface Water,42.529094,-83.576928,2018,10/30/2018,,EPA 537.1,,,ng/L,,1.40,,0.00,0.49,0.64,,1.10,0.00,,,,,,,,,,,0.00,1.20,,,,,,,,,,,,,,,,,,,0.00,0.00,,,0.00,,,,,,,,,,
Michigan_MPART_Surface_Water,Regan Drain | 24-RG-0040,Surface Water,42.137293,-83.388862,2020,10/14/2020,,EPA 537.1,,,ng/L,2.21,1.91,,,,,1.23,,,,,,,,,,,,,,1.49,1.64,,,,,,,,,,,,,,,,,,,,,,,,,,,,,,,,
Michigan_MPART_Surface_Water,Huron River | 24-HR-0651,Surface Water,42.585238,-83.61499,2018,10/2/2018,,EPA 537.1,,,ng/L,,,,0.37,0.71,1.50,,,0.24,,,,,,,,,,,0.00,,,,,,,,,,,,,,,,,,,,,0.00,,,0.00,,,,,,,,,,
Michigan_MPART_Surface_Water,Horseshoe Creek | 24-HSC-0050,Surface Water,42.428915,-83.777763,2019,4/30/2019,,EPA 537.1,,,ng/L,,,,,,,,,,,,,,,,,,,,,,,,,,,,,,,,,,,,,,,,,,,,,,,,,,,,,,
Michigan_MPART_Surface_Water,Pettibone Creek | 24-PC-0010,Surface Water,42.588088,-83.602571,2018,8/30/2018,,EPA 537.1,,,ng/L,,,,0.53,0.82,1.90,,,,,,,,,,,,,,0.37,,,,,,,,,,,,,,,,,,,,,0.00,,,0.00,,,,,,,,,,
Michigan_MPART_Surface_Water,Regan Drain | 24-RG-0010,Surface Water,42.126487,-83.373621,2020,10/14/2020,,EPA 537.1,,,ng/L,,,,,,,,2.09,,,,,,,,,,,,,,,,,,,,,,,,,,,,,,,,,,,,,,,,,,,,,,
Michigan_MPART_Surface_Water,Honey Creek - Livingston Co. | 24-HCL-0010,Surface Water,42.44285,-83.92494,2018,10/29/2018,,EPA 537.1,,,ng/L,0.58,,,,0.00,0.77,0.71,0.38,0.00,,,,2.10,,,,,,,,0.67,,,,,,,,,,,,,,,,,,,,0.00,,,0.00,,,,,,,,,,
Michigan_MPART_Surface_Water,Regan Drain | 24-RG-0050,Surface Water,42.138067,-83.392332,2020,10/14/2020,,EPA 537.1,,,ng/L,1.95,1.80,,,,,1.39,,,,,,,,,,,,,,2.67,,,,,,,,,,,,,,,,,,,,,,,,,,,,,,,,,
Michigan_MPART_Surface_Water,Unnamed Tributary to Honey Cree | 24-UTH2-0030,Surface Water,42.296049,-83.795302,2019,4/29/2019,,EPA 537.1,,,ng/L,7.00,,,,,6.60,3.60,,,,,,,,,,,,5.70,1.40,,7.10,,,,,,,,,,,,,,,,,,,,,,,,,,,,,,,,
Michigan_MPART_Surface_Water,Huron River | 24-HR-0390,Surface Water,42.32857116,-83.82690869,2020,8/4/2020,,EPA 537.1,,,ng/L,1.64,,,,,,2.30,2.40,,,,,,,,,,,3.62,,2.21,3.90,,,,,,,,,,,,,,,,,,,,,,,,,,,,,,,,
Michigan_MPART_Surface_Water,Huron River | 24-HR-0090,Surface Water,42.133018,-83.37096,2020,10/14/2020,,EPA 537.1,,,ng/L,2.56,2.17,,,,1.49,,3.33,,,,,,,,,,,,,2.31,3.72,,,,,,,,,,,,,,,,,,,,,,,,,,,,,,,,
Michigan_MPART_Surface_Water,Huron River | 24-HR-0340,Surface Water,42.290537,-83.7456505,2018,9/28/2018,,EPA 537.1,,,ng/L,,,,0.53,1.10,1.30,,,0.30,,,,,,,,,,,0.00,,8.70,,,,,,,,,,,,,,,,,,,0.00,,,0.00,,,,,,,,,,
Michigan_MPART_Surface_Water,Huron River | 24-HR-0180,Surface Water,42.20961,-83.54343,2018,7/24/2018,,EPA 537.1,,,ng/L,,,,0.56,0.73,1.00,,,0.00,,,15.00,,,,,,,,0.00,,,,,,,,,,,,,,,,,,,,0.00,0.00,,,0.00,,,,,,,,,,
Michigan_MPART_Surface_Water,Norton Creek | 24-NC-0010,Surface Water,42.57256,-83.57001,2019,4/30/2019,,EPA 537.1,,,ng/L,,2.70,,,,,,,,,,,,,,,,,,,,,,,,,,,,,,,,,,,,,,,,,,,,2.40,,,,,,,,
Michigan_MPART_Surface_Water,Willow Run | 24-WR-0020,Surface Water,42.2193,-83.53661,2019,4/29/2019,,EPA 537.1,,,ng/L,,3.60,,,,,,4.30,,,,,,,,,,,,4.00,7.60,,,,,,,,,,,,,,,,,,,,,,,,,,,,,,,,,
Michigan_MPART_Surface_Water,Huron River | 24-HR-0690,Surface Water,42.5787,-83.58002,2018,10/30/2018,,EPA 537.1,,,ng/L,,,,0.00,0.51,1.40,,,0.00,,,,,,,,,,,0.37,,,,,,,,,,,,,,,,,,,,0.00,0.00,,,0.00,,,,,,,,,,
Michigan_MPART_Surface_Water,Huron River | 24-HR-0460,Surface Water,42.424864,-83.89431,2020,8/13/2020,,EPA 537.1,,,ng/L,,,,,,,,4.07,,,,2.21,,,,,,,,,3.00,4.28,,,,,,,,,,,,,,,,,,,,,,,,,,,,,,,,
Michigan_MPART_Surface_Water,Honey Creek | 24-HC-0050,Surface Water,42.296004,-83.820069,2020,8/4/2020,,EPA 537.1,,,ng/L,,,,,,,2.13,,,,,,,,,,,,3.03,,1.94,2.80,,,,,,,,,,,,,,,,,,,,,,,,,,,,,,,,
Michigan_MPART_Surface_Water,Unnamed Trib to Honey CreekHone | 24-HLT1-0020,Surface Water,42.45679676,-83.93313817,2020,8/3/2020,,EPA 537.1,,,ng/L,2.45,,,,,,1.69,,,,,,,,,,,,,,,,,,,,,,,,,,,,,,,,,,,,,,,,,,,,,,,
Michigan_MPART_Surface_Water,Norton Creek | 24-NC-0030,Surface Water,42.552704,-83.562227,2018,8/30/2018,,EPA 537.1,,,ng/L,,,,0.82,,,,,,,14.00,,,,,,,,,0.00,,,,,,,,,,,,,,,,,,,,0.00,0.00,,,0.00,,,0.00,,,,,,,
Michigan_MPART_Surface_Water,Regan Drain | 24-RG-0005,Surface Water,42.13046,-83.372966,2020,10/14/2020,,EPA 537.1,,,ng/L,,,,0.30,1.10,,,,0.82,,0.00,,,,,,,,,,,,,,,,,,,,,,,,,,,,,0.00,,,,,,,,0.00,0.00,,,,,
Michigan_MPART_Surface_Water,Huron River | 24-HR-0360,Surface Water,42.31822,-83.76502,2018,7/24/2018,,EPA 537.1,,,ng/L,,,,0.45,0.65,0.88,,,0.00,,,8.40,,,,,,,,0.00,,,,,,,,,,,,,,,,,,,,0.00,0.00,,,0.00,,,,,,,,,,
Michigan_MPART_Surface_Water,Unnamed Tributary to Norton Cre | 24-UTN1-0050,Surface Water,42.507305,-83.546308,2018,8/30/2018,,EPA 537.1,,,ng/L,,,,1.10,1.10,,,,0.95,,,2.90,,,,,,,,,,,,,,,,,,,,,,,,,,,,0.55,0.00,,,0.00,,,0.91,,,,,,,
Michigan_MPART_Surface_Water,Unnamed Tributary to Willow Run | 24-UWR1-0010,Surface Water,42.223803,-83.552191,2019,4/29/2019,,EPA 537.1,,,ng/L,,,,,,,7.60,,,,,,,,,,,,,,,,,,,,,,,,,,,,,,,,,,,,,,,,,,,,,,,
Michigan_MPART_Surface_Water,Huron River | 24-HR-0690,Surface Water,42.5787,-83.58002,2019,4/30/2019,,EPA 537.1,,,ng/L,,,,,,,8.60,6.70,,,,,,,,,,,,,3.30,,,,,,,,,,,,,,,,,,,,,,,,,,,,,,,,,
Michigan_MPART_Surface_Water,Horseshoe Creek | 24-HSC-0010,Surface Water,42.452988,-83.821436,2019,4/30/2019,,EPA 537.1,,,ng/L,,,,,,,,,,,,,,,,,,,,,,,,,,,,,,,,,,,,,,,,,,,,,,,,,,,,,,
Michigan_MPART_Surface_Water,Honey Creek | 24-HC-0010,Surface Water,42.31808,-83.79538,2020,8/4/2020,,EPA 537.1,,,ng/L,,,,,,,,,,,,,,,,,,,2.25,,2.21,2.81,,,,,,,,,,,,,,,,,,,,,,,,,,,,,,,,
Michigan_MPART_Surface_Water,Pettibone Creek | 24-PC-0100,Surface Water,42.61785,-83.60624,2018,10/30/2018,,EPA 537.1,,,ng/L,1.30,,,0.00,0.27,,,0.84,0.00,,,,,,,,,,,0.37,,,,,,,,,,,,,,,,,,,,0.00,0.00,,,0.00,,,,,,,,,,
Michigan_MPART_Surface_Water,Norton Creek | 24-NC-0170,Surface Water,42.502479,-83.573103,2019,4/30/2019,,EPA 537.1,,,ng/L,,,,,,,,,,,,,,,,,,,,,,,,,,,,,,,,,,,,,,,,,,,,,,,,,,,,,,
Michigan_MPART_Surface_Water,Huron River | 24-HR-0450,Surface Water,42.41488,-83.90695,2020,8/4/2020,,EPA 537.1,,,ng/L,,,,,,,,,,,,,,,,,,,2.30,,1.46,3.57,,,,,,,,,,,,,,,,,,,,,,,,,,,,,,,,
Michigan_MPART_Surface_Water,Honey Creek - Livingston Co. | 24-HCL-0010,Surface Water,42.44285,-83.92494,2020,8/3/2020,,EPA 537.1,,,ng/L,,,,,,,,,,,,,,,,,,,,,,3.52,,,,,,,,,,,,,,,,,,,,,,,,,,,,,,,,
Michigan_MPART_Surface_Water,Willow Run | 24-WR-0020,Surface Water,42.2193,-83.53661,2018,7/24/2018,,EPA 537.1,,,ng/L,,,,0.59,,,,,0.78,,,93.00,,,,,,,,,,,,,,,,,,,,,,,,,,,,0.00,0.00,,,0.00,,,,,,,,,,
Michigan_MPART_Surface_Water,Huron River | 24-HR-0652,Surface Water,42.585301,-83.613975,2022,8/5/2022,,EPA 8327,,,ng/L,,,,,,,,,,,,,,,,,,,,,0.00,,,,,,,,,,,,,,,,,,,,,,,,,,,,,,,,,
Michigan_MPART_Surface_Water,Huron River | 24-HR-0690,Surface Water,42.5787,-83.58002,2018,10/30/2018,,EPA 537.1,,,ng/L,,,,0.36,0.50,1.40,,,0.00,,,,,,,,,,,0.36,,,,,,,,,,,,,,,,,,,,,0.00,,,0.00,,,,,,,,,,
Michigan_MPART_Surface_Water,Willow Run | 24-WR-0030,Surface Water,42.22799,-83.543633,2019,4/29/2019,,EPA 537.1,,,ng/L,,6.10,,,,,,7.00,,,,,,,,,,,,6.70,3.40,,,,,,,,,,,,,,,,,,,,,,,,,,,,,,,,,
Michigan_MPART_Surface_Water,Regan Drain | 24-RG-0005,Surface Water,42.13046,-83.372966,2020,10/14/2020,,EPA 537.1,,,ng/L,,,,,,,,,,,,,,,,,,,,,,,,,,,,,,,,,,,,,,,,,,,,,,,,,,,,,,
Michigan_MPART_Surface_Water,Fonda Lake | 24-FL-0010,Surface Water,42.5106911,-83.74930191,2020,8/3/2020,,EPA 537.1,,,ng/L,,3.64,,,,,3.12,,,,,,,,,,,,4.09,,2.64,,,,,,,,,,,,,,,,,,,,,,,,,,,,,,,,,
Michigan_MPART_Surface_Water,Huron River | 24-HR-0430,Surface Water,42.38715,-83.91113,2018,7/24/2018,,EPA 537.1,,,ng/L,,,,0.53,0.40,0.99,,,0.00,,,15.00,,,,,,,,0.00,,,,,,,,,,,,,,,,,,,,0.00,0.00,,,0.00,,,,,,,,,,
Michigan_MPART_Surface_Water,Mill Creek | 24-MC-0010,Surface Water,42.342515,-83.884764,2018,7/24/2018,,EPA 537.1,,,ng/L,,1.10,,0.00,0.00,0.45,,0.37,0.00,,,67.00,,,,,,,,0.00,0.89,,,,,,,,,,,,,,,,,,,0.00,0.00,,,0.00,,,,,,,,,,
Michigan_MPART_Surface_Water,West Branch Norton Creek | 24-WNC-0020,Surface Water,42.535423,-83.55863,2018,8/30/2018,,EPA 537.1,,,ng/L,,,,0.30,0.62,1.10,,1.30,0.00,,,,,,,,,,,0.00,1.30,,,,,,,,,,,,,,,,,,,0.00,0.00,,,0.00,,,0.00,,,,,,,
Michigan_MPART_Surface_Water,Huron River | 24-HR-0010,Surface Water,42.04256,-83.21419,2018,7/24/2018,,EPA 537.1,,,ng/L,,,,0.49,0.74,1.70,,,0.00,,,7.20,,,,,,,,0.00,,,,,,,,,,,,,,,,,,,,0.00,0.00,,,0.00,,,,,,,,,,
Michigan_MPART_Surface_Water,East Branch of Norton Creek | 24-ENC-0010,Surface Water,42.542957,-83.546609,2018,8/30/2018,,EPA 537.1,,,ng/L,,1.40,,0.00,0.35,0.96,,1.00,0.00,,,,,,,,,,1.30,0.00,1.40,,,,,,,,,,,,,,,,,,,0.00,0.00,,,0.00,,,0.00,,,,,,,
Michigan_MPART_Surface_Water,Helmer Creek | 25-HC-0030,Surface Water,42.32957884,-85.25004614,2022,5/12/2022,,EPA 8327,,,ng/L,,,,,,,,,,,,,,,,,,,,,,,,,,,,,,,,,,,,,,,,,,,,,,,,,,,,,,
Michigan_MPART_Surface_Water,Kalamazoo River | 25-KR-0120,Surface Water,42.323955,-85.577425,2018,8/7/2018,,EPA 537.1,,,ng/L,,,,0.00,0.70,,,1.00,0.00,,,,,,,,,,,0.38,,,,,,,,,,,,,,,,,,,,0.00,0.00,,,0.00,,,,,,,,,,
Michigan_MPART_Surface_Water,Portage Creek | 25-PC-0010,Surface Water,42.29459,-85.573515,2018,8/7/2018,,EPA 537.1,,,ng/L,,,,0.00,0.28,,1.70,0.94,0.00,,,,,,,,,,1.60,0.34,,,,,,,,,,,,,,,,,,,,0.00,0.37,,,0.00,,,,,,,,,,
Michigan_MPART_Surface_Water,Helmer Creek | 25-HC-0070,Surface Water,42.325903,-85.261175,2018,12/20/2018,,EPA 537.1,,,ng/L,,,,,0.38,,,,0.37,,,,,,,,,,,,,,,,,,,,,,,,,,,,,,,,0.00,,,,,,,,,,,,,
Michigan_MPART_Surface_Water,SW Outfall | 25-PPD2-0020,Surface Water,42.32399,-85.572968,2018,8/7/2018,,EPA 537.1,,,ng/L,,,,0.00,0.00,,,1.40,0.00,,,,,,,,,,,,,,,,,,,,,,,,,,,,,,,0.00,0.00,,,0.00,,,0.00,,,,,,,
Michigan_MPART_Surface_Water,Kalamazoo River | 25-KR-0020,Surface Water,42.531169,-85.848104,2013,6/11/2013,,Unnamed_SPE_LCMS_MS,,,ng/L,,,,,,1.70,2.10,0.93,,,,,,,,,,,1.60,,1.10,,,,,,,,,,,,,,,,,,,,0.00,0.59,,,,,,,,,,,,
Michigan_MPART_Surface_Water,Portage Creek | 25-PC-0100,Surface Water,42.25797534,-85.57539934,2020,7/21/2020,,EPA 537.1,,,ng/L,1.88,1.70,,,,,,,,,,,,,,,,,,,,,,,,,,,,,,,,,,,,,,,,,,,,,,,,,,,,
Michigan_MPART_Surface_Water,Beaver Dam Pond | 25-HC-0050,Surface Water,42.328547,-85.25155,2018,12/20/2018,,EPA 537.1,,,ng/L,,,,,,,,,,,,,,,,,,,,,,,,,,,,,,,,,,,,,,,,,0.00,,,,,,,,,,,,,
Michigan_MPART_Surface_Water,Kalamazoo River | 25-KR-0160,Surface Water,42.294787,-85.571884,2018,8/7/2018,,EPA 537.1,,,ng/L,,,,0.00,0.76,,,0.84,0.00,,,,,,,,,,,0.40,,,,,,,,,,,,,,,,,,6.40,,0.00,0.00,,,0.00,,,,,,,,,,
Michigan_MPART_Surface_Water,Doster Lake | 25-DL-0010,Surface Water,42.446664,-85.558438,2022,2/15/2022,,EPA 537.1,,,ng/L,,,,,,,,,,,,,,,,,,,1.81,,1.33,,,,,,,,,,,,,,,,,,,,,,,,,,,,,,,,,
Michigan_MPART_Surface_Water,Helmer Creek | 25-HC-0040,Surface Water,42.32911147,-85.25118251,2021,4/29/2021,,EPA 537.1,,,ng/L,,,,0.46,,,,,,,0.00,4.10,,,,,,,,,,,,,,,,,,,,,,,,,,,,,,,,,,,,0.00,,,,,,
Michigan_MPART_Surface_Water,Kalamazoo River | 25-KR-0030,Surface Water,42.504603,-85.844237,2018,8/6/2018,,EPA 537.1,,,ng/L,,,,0.00,0.62,,,1.20,0.00,,,3.60,,,,,,,,0.39,,,,,,,,,,,,,,,,,,2.30,,0.00,0.34,,,0.22,,,,,,,,,,
Michigan_MPART_Surface_Water,Portage Creek | 25-PC-0100,Surface Water,42.25797534,-85.57539934,2020,7/21/2020,,EPA 537.1,,,ng/L,1.94,1.84,,,,1.89,,,,,,,,,,,,,2.09,,,,,,,,,,,,,,,,,,,,,,,,,,,,,,,,,,,
Michigan_MPART_Surface_Water,Helmer Creek | 25-HC-0010,Surface Water,42.338752,-85.236887,2018,12/20/2018,,EPA 537.1,,,ng/L,,,,,,,,,,,,1.50,,,,,,,,,,,,,,,,,,,,,,,,,,,,,0.00,,,,,,,,,,,,,
Michigan_MPART_Surface_Water,Helmer Creek | 25-HC-0040,Surface Water,42.32911147,-85.25118251,2021,7/1/2021,,EPA 537.1,,,ng/L,,,,,1.74,,,,1.39,,,1.08,,,,,,,,,,,,,,,,,,,,,,,,,,,,,,,,,,,,,,,,,,
Michigan_MPART_Surface_Water,Harts Lake | 25-HL-0020,Surface Water,42.309032,-85.283509,2019,2/13/2019,,EPA 537.1,,,ng/L,,1.20,,0.00,0.34,1.00,0.75,0.57,0.00,,,,,,,,,,0.78,0.00,,,,,,,,,,,,,,,,,,,,0.00,0.00,,,0.00,,,0.00,,,,,,,
Michigan_MPART_Surface_Water,Lake Allegan | 25-KR-0007,Surface Water,42.54778,-85.907738,2013,6/11/2013,,Unnamed_SPE_LCMS_MS,,,ng/L,,,,,,1.60,,1.10,,,,,,,,,,,1.60,,1.00,,,,,,,,,,,,,,,,,,,,0.00,0.51,,,,,,,,,,,,
Michigan_MPART_Surface_Water,Helmer Creek | 25-HC-0060,Surface Water,42.3258265,-85.25750427,2022,5/12/2022,,EPA 8327,,,ng/L,,,,,1.30,,,,1.30,,,1.90,,,,,,,,,,,,,,,,,,,,,,,,,,,,,,,,,,,,,,,,,,
Michigan_MPART_Surface_Water,Kalamazoo River | 25-KR-0100,Surface Water,42.341276,-85.57747,2018,8/7/2018,,EPA 537.1,,,ng/L,,,,0.00,0.81,,,1.10,0.22,,,,,,,,,,,0.44,,,,,,,,,,,,,,,,,,5.20,,0.00,0.00,,,0.00,,,1.00,,,,,,,
Michigan_MPART_Surface_Water,Portage Creek | 25-PC-0190,Surface Water,42.1962142,-85.64550533,2020,7/21/2020,,EPA 537.1,,,ng/L,,,,,,1.49,1.64,,,,,,,,,,,,1.92,,,,,,,,,,,,,,,,,,,,,,,,,,,,,,,,,,,
Michigan_MPART_Surface_Water,Lake Allegan | 25-KR-0009,Surface Water,42.55139,-85.907771,2013,6/11/2013,,Unnamed_SPE_LCMS_MS,,,ng/L,,,,,,1.30,2.00,,,,,,,,,,,,1.90,,1.10,,,,,,,,,,,,,,,,,,,,0.00,0.45,,,,,,,,,,,,
Michigan_MPART_Surface_Water,SW Outfall | 25-PPD2-0010,Surface Water,42.324586,-85.575719,2018,8/7/2018,,EPA 537.1,,,ng/L,,,,0.00,0.73,,,0.89,0.00,,,,,,,,,,,0.44,,,,,,,,,,,,,,,,,,,,0.00,0.00,,,0.00,,,0.00,,,,,,,
Michigan_MPART_Surface_Water,Helmer Creek | 25-HC-0030,Surface Water,42.32957884,-85.25004614,2021,7/1/2021,,EPA 537.1,,,ng/L,,,,,2.48,,,,1.09,,,,,,,,,,,,,,,,,,,,,,,,,,,,,,,,,,,,,,,,,,,,,
Michigan_MPART_Surface_Water,Kalamazoo River | 25-KR-0210,Surface Water,42.3454195,-85.255755,2018,12/20/2018,,EPA 537.1,,,ng/L,,,,,,,,,,,,,,,,,,,3.70,1.60,,2.70,,,,,,,,,,,,,,,,,,,0.00,,,,,,,,,,,,,
Michigan_MPART_Surface_Water,Kalamazoo River | 25-KR-0090,Surface Water,42.376337,-85.578576,2018,8/6/2018,,EPA 537.1,,,ng/L,,,,,0.98,,,1.40,0.23,,,4.60,,,,,,,,0.41,1.60,,,,,,,,,,,,,,,,,4.40,,,0.00,,,0.00,,,0.52,,,,,,,
Michigan_MPART_Surface_Water,Kalamazoo River | 25-KR-0120,Surface Water,42.323955,-85.577425,2018,8/7/2018,,EPA 537.1,,,ng/L,,,,0.00,0.65,,,0.83,0.00,,,,,,,,,,,0.32,,,,,,,,,,,,,,,,,,,,0.00,0.00,,,0.00,,,,,,,,,,
Michigan_MPART_Surface_Water,Riparian | 25-UTKR2-0010,Surface Water,42.3325,-85.5791,2018,8/7/2018,,EPA 537.1,,,ng/L,,,,,,,,,,,,4.50,11.00,,,,,,,,,,,,,,,,,,,1.40,,,,,,1600.00,,0.00,0.29,,,0.87,,0.71,,,,,,,,
Michigan_MPART_Surface_Water,Kalamazoo River | 25-KR-0050,Surface Water,42.45989,-85.722541,2018,8/6/2018,,EPA 537.1,,,ng/L,,,,,0.70,,,0.84,0.00,,,3.10,,,,,,,,0.36,1.80,,,,,,,,,,,,,,,,,,,,,,,0.00,,,0.49,,,,,,,
Michigan_MPART_Surface_Water,Helmer Creek | 25-HC-0060,Surface Water,42.3258265,-85.25750427,2022,1/4/2022,,EPA 537.1,,,ng/L,,,,,,,,,,,,1.73,,,,,,,,,,,,,,,,,,,,,,,,,,,,,,,,,,,,,,,,,,
Michigan_MPART_Surface_Water,Markin Glen Pond 1 | 25-MG-002,Surface Water,42.335816,-85.585472,2018,8/7/2018,,EPA 537.1,,,ng/L,,,,0.00,0.00,1.60,1.50,0.87,0.00,,,12.00,,,,,,,1.10,0.30,,,,,,,,,,,,,,,,,,,,,1.00,,,0.00,,,,,,,,,,
Michigan_MPART_Surface_Water,Kalamazoo River | 25-KR-0260,Surface Water,42.258397,-84.998239,2018,8/6/2018,,EPA 537.1,,,ng/L,0.99,0.95,,,0.00,0.71,1.30,0.47,0.00,,,5.70,,,,,,,0.83,0.00,0.54,,,,,,,,,,,,,,,,,,,,0.00,,,0.00,,,,,,,,,,
Michigan_MPART_Surface_Water,Portage Creek | 25-PC-0160,Surface Water,42.20592062,-85.58960474,2020,7/21/2020,,EPA 537.1,,,ng/L,,,,,,,,,,,,,,,,,,,,,,1.58,,,,,,,,,,,,,,,,,,,,,,,,,,,,,,,,
Michigan_MPART_Surface_Water,Kalamazoo River | 25-KR-0210,Surface Water,42.3454195,-85.255755,2018,12/20/2018,,EPA 537.1,,,ng/L,,,,,0.44,,,,,,,,,,,,,,3.90,1.70,,2.70,,,,,,,,,,,,,,,,,,,0.00,,,,,,,,,,,,,
Michigan_MPART_Surface_Water,Helmer Creek | 25-HC-0030,Surface Water,42.32957884,-85.25004614,2021,10/12/2021,,EPA 537.1,,,ng/L,,,,,3.41,,,,1.67,,,1.55,,,,,,,,,,,,,,,,,,,,,,,,,,,,,,,,,,,,,,,,,,
Michigan_MPART_Surface_Water,Portage Creek | 25-PC-0010,Surface Water,42.29459,-85.573515,2018,8/7/2018,,EPA 537.1,,,ng/L,,,,0.00,0.32,,,0.88,0.00,,,,,,,,,,1.80,0.33,,,,,,,,,,,,,,,,,,,,0.00,0.00,,,0.00,,,,,,,,,,
Michigan_MPART_Surface_Water,Kalamazoo River | 25-KR-0100,Surface Water,42.341276,-85.57747,2018,8/7/2018,,EPA 537.1,,,ng/L,,,,0.00,0.96,,,1.70,0.32,,,,,,,,,,,0.42,,,,,,,,,,,,,,,,,,6.90,,,0.00,,,0.00,,,0.70,,,,,,,
Michigan_MPART_Surface_Water,Helmer Creek | 25-HC-0060,Surface Water,42.3258265,-85.25750427,2021,4/29/2021,,EPA 537.1,,,ng/L,,,,0.36,,,,,,,0.00,3.30,,,,,,,,,,,,,,,,,,,,,,,,,,,,,,,,,,,,0.00,,,,,,
Michigan_MPART_Surface_Water,Kalamazoo River | 25-KR-0130,Surface Water,42.321904,-85.575512,2018,8/7/2018,,EPA 537.1,,,ng/L,,,,0.00,0.76,,,0.78,0.00,,,,,,,,,,,0.33,,,,,,,,,,,,,,,,,,,,0.00,0.60,,,0.00,,,,,,,,,,
Michigan_MPART_Surface_Water,Helmer Creek tributary | 25-UTHC-0010,Surface Water,42.318863,-85.272426,2018,12/20/2018,,EPA 537.1,,,ng/L,,,,,1.30,,,,1.50,,,,,,,,,,,,,,,,,,,,,,,,,,,,,,,,0.00,,,,,,,,,,,,,
Michigan_MPART_Surface_Water,Davis Creek | 25-DC-0010,Surface Water,42.274299,-85.537982,2018,8/6/2018,,EPA 537.1,,,ng/L,,,,0.39,0.39,,,1.00,0.00,,,5.40,,,,,,,1.30,0.56,,,,,,,,,,,,,,,,,,,,0.00,0.00,,,0.00,,,,,,,,,,
Michigan_MPART_Surface_Water,Helmer Creek | 25-HC-0080,Surface Water,42.325588,-85.268393,2018,12/20/2018,,EPA 537.1,,,ng/L,,,,,0.42,,,,0.46,,,,,,,,,,,,,,,,,,,,,,,,,,,,,,,,0.00,,,,,,,,,,,,,
Michigan_MPART_Surface_Water,Portage Creek | 25-PC-0010,Surface Water,42.29459,-85.573515,2020,7/21/2020,,EPA 537.1,,,ng/L,,,,,,,1.84,,,,,,,,,,,,,,,2.01,,,,,,,,,,,,,,,,,,,,,,,,,,,,,,,,
Michigan_MPART_Surface_Water,Kalamazoo River | 25-KR-0180,Surface Water,42.288644,-85.40175,2018,8/6/2018,,EPA 537.1,,,ng/L,,1.30,,0.00,0.80,,,0.69,0.00,,,5.50,,,,,,,,0.30,,,,,,,,,,,,,,,,,,,,0.00,0.31,,,0.00,,,,,,,,,,
Michigan_MPART_Surface_Water,Gull Lake | 25-GL-0003,Surface Water,42.423658,-85.430679,2018,7/26/2018,,EPA 537.1,,,ng/L,0.73,1.20,,0.00,0.38,0.94,0.66,0.61,0.00,,,,,,,,,,0.53,0.00,0.93,2.30,,,,,,,,,,,,,,,,,,0.00,0.00,,,0.00,,,,,,,,,,
Michigan_MPART_Surface_Water,Helmer Creek | 25-HC-0060,Surface Water,42.3258265,-85.25750427,2021,7/1/2021,,EPA 537.1,,,ng/L,,,,,1.59,,,,,,,1.17,,,,,,,,,,,,,,,,,,,,,,,,,,,,,,,,,,,,,,,,,,
Michigan_MPART_Surface_Water,Kalamazoo River | 25-KR-0100,Surface Water,42.341276,-85.57747,2018,8/7/2018,,EPA 537.1,,,ng/L,,,,0.00,0.79,,,0.97,0.18,,,,,,,,,,,0.40,,,,,,,,,,,,,,,,,,3.40,,0.00,0.00,,,0.00,,,0.41,,,,,,,
Michigan_MPART_Surface_Water,Portage Creek | 25-PC-0180,Surface Water,42.18677924,-85.61371973,2020,7/21/2020,,EPA 537.1,,,ng/L,,,,,,,,,,,,,,,,,,,,,,,,,,,,,,,,,,,,,,,,,,,,,,,,,,,,,,
Michigan_MPART_Surface_Water,Kalamazoo River | 25-KR-0005,Surface Water,42.6442,-86.11589,2013,6/11/2013,,Unnamed_SPE_LCMS_MS,,,ng/L,,,,,,1.50,,,,,,,,,,,,,1.50,,0.98,,,,,,,,,,,,,,,,,,,,0.00,0.49,,,,,,,,,,,,
Michigan_MPART_Surface_Water,Lake Allegan | 25-KR-0008,Surface Water,42.54934,-85.90752,2013,6/11/2013,,Unnamed_SPE_LCMS_MS,,,ng/L,,,,,,1.90,1.90,1.10,,,,,,,,,,,1.50,,1.00,,,,,,,,,,,,,,,,,,,,0.00,0.46,,,,,,,,,,,,
Michigan_MPART_Surface_Water,Kalamazoo River | 25-KR-0010,Surface Water,42.545175,-85.878503,2018,8/6/2018,,EPA 537.1,,,ng/L,,,,0.00,0.66,,,1.40,0.19,,,2.40,,,,,,,,0.42,,,,,,,,,,,,,,,,,,2.40,,0.00,0.00,,,0.00,,,0.41,,,,,,,
Michigan_MPART_Surface_Water,Kalamazoo River | 25-KR-0110,Surface Water,42.3342932,-85.5832728,2018,8/7/2018,,EPA 537.1,,,ng/L,,,,0.00,0.86,,,0.75,0.00,,,,,,,,,,,0.38,,,,,,,,,,,,,,,,,,,,0.00,0.00,,,0.00,,,,,,,,,,
Michigan_MPART_Surface_Water,Kalamazoo River | 25-KR-0020,Surface Water,42.531169,-85.848104,2018,8/6/2018,,EPA 537.1,,,ng/L,,,,,0.65,,,0.68,0.00,,,,,,,,,,,,1.70,,,,,,,,,,,,,,,,,2.60,,,,,,0.00,,,0.39,,,,,,,
Michigan_MPART_Surface_Water,Kalamazoo River | 25-KR-0120,Surface Water,42.323955,-85.577425,2018,8/7/2018,,EPA 537.1,,,ng/L,,,,0.00,0.70,,,0.94,0.00,,,,,,,,,,,0.34,,,,,,,,,,,,,,,,,,,,0.00,0.00,,,0.00,,,,,,,,,,
Michigan_MPART_Surface_Water,Kalamazoo River | 25-KR-0020,Surface Water,42.531169,-85.848104,2013,6/11/2013,,Unnamed_SPE_LCMS_MS,,,ng/L,,,,,,,,1.10,,,,,,,,,,,1.80,,,,,,,,,,,,,,,,,,,,,,0.00,0.49,,,,,,,,,,,,
Michigan_MPART_Surface_Water,Markin Glen Pond 2 | 25-MG-001,Surface Water,42.339139,-85.584552,2018,8/7/2018,,EPA 537.1,,,ng/L,,,,0.00,0.00,0.82,0.86,0.58,0.00,,,3.90,,,,,,,0.70,0.00,,,,,,,,,,,,,,,,,,,,0.00,0.00,,,0.00,,,,,,,,,,
Michigan_MPART_Surface_Water,SW Outfall | 25-PPD1-0010,Surface Water,42.332438,-85.579839,2018,8/7/2018,,EPA 537.1,,,ng/L,,,,,,,,,,,,,,,,,,,,,,,,,,,,,,,,,,,,,,,,0.00,0.00,,,0.38,,,,,,,,,,
Michigan_MPART_Surface_Water,Kalamazoo River | 25-KR-0110,Surface Water,42.3342932,-85.5832728,2018,8/7/2018,,EPA 537.1,,,ng/L,,,,0.00,0.80,,,0.94,0.00,,,,,,,,,,,0.41,,,,,,,,,,,,,,,,,,,,0.00,0.00,,,0.00,,,,,,,,,,
Michigan_MPART_Surface_Water,Helmer Creek | 25-HC-0030,Surface Water,42.32957884,-85.25004614,2022,1/4/2022,,EPA 537.1,,,ng/L,,,,,1.98,,,,1.88,,,2.12,,,,,,,,,,,,,,,,,,,,,,,,,,,,,,,,,,,,,,,,,,
Michigan_MPART_Surface_Water,Helmer Creek | 25-HC-0030,Surface Water,42.32957884,-85.25004614,2021,4/29/2021,,EPA 537.1,,,ng/L,,,,0.42,,360.00,,,,,0.00,4.10,,,,,,,,,,,,,,,,,,,,,,,,,,,,0.00,,,,,,,,0.00,0.00,,,,,
Michigan_MPART_Surface_Water,Kalamazoo River | 25-KR-0070,Surface Water,42.453445,-85.65322,2018,8/6/2018,,EPA 537.1,,,ng/L,,,,0.00,0.67,,,1.20,0.22,,,6.00,,,,,,,,0.42,,,,,,,,,,,,,,,,,,2.50,,0.00,0.00,,,0.00,,,0.37,,,,,,,
Michigan_MPART_Surface_Water,Kalamazoo River | 25-KR-0230,Surface Water,42.322304,-85.193415,2018,8/6/2018,,EPA 537.1,,,ng/L,1.10,,,0.00,0.00,1.00,0.95,0.38,0.00,,,3.60,,,,,,,0.62,0.00,0.89,1.80,,,,,,,,,,,,,,,,,,0.00,0.00,,,0.00,,,,,,,,,,
Michigan_MPART_Surface_Water,Kalamazoo River | 25-KR-0220,Surface Water,42.337585,-85.232506,2018,12/20/2018,,EPA 537.1,,,ng/L,0.55,0.51,,,,0.50,0.71,,,,,,,,,,,,,,0.67,,,,,,,,,,,,,,,,,,,,0.00,,,,,,,,,,,,,
Michigan_MPART_Surface_Water,Helmer Creek | 25-HC-0040,Surface Water,42.32911147,-85.25118251,2021,10/12/2021,,EPA 537.1,,,ng/L,,,,,4.18,,,,2.20,,,,,,,,,,,,,,,,,,,,,,,,,,,,,,,,,,,,,,,,,,,,,
Michigan_MPART_Surface_Water,Portage Creek | 25-PC-0050,Surface Water,42.27404059,-85.57660223,2020,7/21/2020,,EPA 537.1,,,ng/L,,,,,,,1.66,,,,,,,,,,,,,,,1.86,,,,,,,,,,,,,,,,,,,,,,,,,,,,,,,,
Michigan_MPART_Surface_Water,SW Outfall | 25-PPD2-0030,Surface Water,42.323288,-85.572529,2018,8/7/2018,,EPA 537.1,,,ng/L,,,,0.00,0.72,,,1.00,0.24,,,,,,,,,,,0.52,,,,,,,,,,,,,,,,,,,,0.00,0.00,,,0.00,,,0.32,,,,,,,
Michigan_MPART_Surface_Water,Riparian | 25-PPD1-0020,Surface Water,42.3319547,-85.5794842,2018,8/7/2018,,EPA 537.1,,,ng/L,,,,,,,,,,,,,,,,,,,,,,,,,,,,,,,,,,,,,,,,,0.00,,,,,,,,,,,,,
Michigan_MPART_Surface_Water,Kalamazoo River | 25-KR-0120,Surface Water,42.323955,-85.577425,2018,8/7/2018,,EPA 537.1,,,ng/L,,,,0.48,,,,0.79,0.20,,,,,,,,,,,0.41,,,,,,,,,,,,,,,,,,3.30,,0.00,0.00,,,0.00,,,0.00,,,,,,,
Michigan_MPART_Surface_Water,Kalamazoo River | 25-KR-0030,Surface Water,42.504603,-85.844237,2018,8/6/2018,,EPA 537.1,,,ng/L,,,,0.00,0.77,,,1.10,0.18,,,2.30,,,,,,,,0.45,,,,,,,,,,,,,,,,,,1.90,,0.00,0.00,,,0.00,,,,,,,,,,
Michigan_MPART_Surface_Water,Kalamazoo River | 25-KR-0200,Surface Water,42.350827,-85.275847,2018,8/6/2018,,EPA 537.1,,,ng/L,,,,0.37,1.70,,,,0.33,,,4.50,,,,,,,,1.10,,,,,,,,,,,,,,,,,,,,,0.00,,,0.00,,,,,,,,,,
Michigan_MPART_Surface_Water,No Name Creek | 25-UTKR1-0010,Surface Water,42.346888,-85.576715,2018,8/7/2018,,EPA 537.1,,,ng/L,,,,0.00,0.00,,,,0.43,,,,,,,,,,,1.20,,,,,,,,,,,,,,,,,,,,0.00,0.35,,,0.00,,,0.00,,,,,,,
Michigan_MPART_Surface_Water,Kalamazoo River | 25-KR-0005,Surface Water,42.6442,-86.11589,2013,6/11/2013,,Unnamed_SPE_LCMS_MS,,,ng/L,,,,,,1.30,1.90,0.88,,,,,,,,,,,1.50,,0.97,,,,,,,,,,,,,,,,,,,,0.00,0.51,,,,,,,,,,,,
Michigan_MPART_Surface_Water,Battle Creek River | 25-BC-0010,Surface Water,42.322434,-85.190396,2018,8/6/2018,,EPA 537.1,,,ng/L,1.90,1.10,,,,0.94,1.10,0.49,0.00,,,6.70,,,,,,,1.00,0.00,1.30,,,,,,,,,,,,,,,,,,,,0.00,,,0.00,,,,,,,,,,
Michigan_MPART_Surface_Water,Kalamazoo River | 25-KR-0210,Surface Water,42.3454195,-85.255755,2018,8/6/2018,,EPA 537.1,,,ng/L,,,,0.40,,,,,0.64,,,7.30,,,,,,,,,,,,,,,,,,,,,,,,,,,,,0.00,,,0.00,,,,,,,,,,
Michigan_MPART_Surface_Water,Riparian | 25-UTKR2-0010,Surface Water,42.3325,-85.5791,2018,8/7/2018,,EPA 537.1,,,ng/L,,,,,,,,,,,,,,,,,,,,,,,,,,,,,,,,,,,8.60,,,,,0.00,0.00,,,0.41,,,,,,,,,,
Michigan_MPART_Surface_Water,Helmer Creek | 25-HC-0020,Surface Water,42.329895,-85.250825,2018,12/20/2018,,EPA 537.1,,,ng/L,,,,,,,,,,,,,,,,,,,,,,,,,,,,,,,,,,,,,,,,,0.00,,,,,,,,,,,,,
Michigan_MPART_Surface_Water,Kalamazoo River | 25-KR-0100,Surface Water,42.341276,-85.57747,2018,8/7/2018,,EPA 537.1,,,ng/L,,,,0.00,0.72,,,1.40,0.22,,,,,,,,,,,0.42,,,,,,,,,,,,,,,,,,5.30,,0.00,0.00,,,0.00,,,0.60,,,,,,,
Michigan_MPART_Surface_Water,Helmer Creek | 25-HC-0040,Surface Water,42.32911147,-85.25118251,2022,5/12/2022,,EPA 8327,,,ng/L,,,,,,,,,,,,1.70,,,,,,,,,,,,,,,,,,,,,,,,,,,,,,,,,,,,,,,,,,
Michigan_MPART_Surface_Water,Kalamazoo River | 25-KR-0130,Surface Water,42.321904,-85.575512,2018,8/7/2018,,EPA 537.1,,,ng/L,,,,0.00,0.71,,,0.86,0.00,,,,,,,,,,,0.36,,,,,,,,,,,,,,,,,,,,0.00,0.00,,,0.00,,,,,,,,,,
Michigan_MPART_Surface_Water,Kalamazoo River | 25-KR-0270,Surface Water,42.264857,-84.964001,2018,8/6/2018,,EPA 537.1,,,ng/L,0.56,,,0.00,0.00,0.64,,0.27,0.00,,,2.20,,,,,,,,0.00,0.45,,,,,,,,,,,,,,,,,,,,0.00,,,0.00,,,,,,,,,,
Michigan_MPART_Surface_Water,Kalamazoo River | 25-KR-0120,Surface Water,42.323955,-85.577425,2018,8/7/2018,,EPA 537.1,,,ng/L,,,,0.00,0.90,,,0.85,0.00,,,,,,,,,,,0.43,,,,,,,,,,,,,,,,,,,,0.00,0.00,,,0.00,,,,,,,,,,
Michigan_MPART_Surface_Water,Kalamazoo River | 25-KR-0240,Surface Water,42.297318,-85.167823,2018,8/6/2018,,EPA 537.1,,,ng/L,0.85,,,,0.00,0.81,0.87,0.40,0.00,,,3.30,,,,,,,0.82,0.00,0.64,1.40,,,,,,,,,,,,,,,,,,,0.00,,,0.00,,,,,,,,,,
Michigan_MPART_Surface_Water,Kalamazoo River | 25-KR-0060,Surface Water,42.462798,-85.701605,2018,8/6/2018,,EPA 537.1,,,ng/L,,,,,0.77,,,1.10,0.22,,,12.00,,,,,,,,0.38,1.90,,,,,,,,,,,,,,,,,2.20,,,0.00,,,0.00,,,0.41,,,,,,,
Michigan_MPART_Surface_Water,Gull Lake | 25-GL-0001,Surface Water,42.378211,-85.40175,2018,7/26/2018,,EPA 537.1,,,ng/L,1.00,1.40,,0.28,0.57,1.20,0.74,0.52,0.00,,,,,,,,,,0.48,0.00,1.00,2.30,,,,,,,,,,,,,,,,,,0.00,0.00,,,0.00,,,,,,,,,,
Michigan_MPART_Surface_Water,Kalamazoo River | 25-KR-0095,Surface Water,42.35452,-85.577334,2018,8/7/2018,,EPA 537.1,,,ng/L,,,,0.00,0.79,,,1.10,0.00,,,,,,,,,,,0.37,,,,,,,,,,,,,,,,,,2.50,,0.00,0.00,,,0.00,,,0.00,,,,,,,
Michigan_MPART_Surface_Water,Kalamazoo River | 25-KR-0005,Surface Water,42.6442,-86.11589,2013,6/11/2013,,Unnamed_SPE_LCMS_MS,,,ng/L,,,,,,1.40,,1.00,,,,,,,,,,,2.00,,,,,,,,,,,,,,,,,,,,,,0.00,0.52,,,,,,,,,,,,
Michigan_MPART_Surface_Water,Gull Lake | 25-GL-0002,Surface Water,42.411016,-85.419892,2018,7/26/2018,,EPA 537.1,,,ng/L,0.91,1.30,,0.00,0.38,0.92,0.73,0.60,0.00,,,,,,,,,,0.53,0.00,1.00,2.60,,,,,,,,,,,,,,,,,,0.00,0.00,,,0.00,,,,,,,,,,
Michigan_MPART_Surface_Water,Portage Creek | 25-PC-0160,Surface Water,42.20592062,-85.58960474,2020,7/21/2020,,EPA 537.1,,,ng/L,,,,,,1.76,,,,,,,,,,,,,,,,1.54,,,,,,,,,,,,,,,,,,,,,,,,,,,,,,,,
Michigan_MPART_Surface_Water,Trib to Portage Creek | 25-UTPC-0010,Surface Water,42.21522738,-85.59132756,2020,7/21/2020,,EPA 537.1,,,ng/L,,,,,,,,,,,,,,,,,,,,,,1.69,,,,,,,,,,,,,,,,,,,,,,,,,,,,,,,,
Michigan_MPART_Surface_Water,Kalamazoo River | 25-KR-0020,Surface Water,42.531169,-85.848104,2013,6/11/2013,,Unnamed_SPE_LCMS_MS,,,ng/L,,,,,,1.50,2.00,1.10,,,,,,,,,,,1.70,,1.20,,,,,,,,,,,,,,,,,,,,0.00,0.53,,,,,,,,,,,,
Michigan_MPART_Surface_Water,Kalamazoo River | 25-KR-0100,Surface Water,42.341276,-85.57747,2018,8/7/2018,,EPA 537.1,,,ng/L,,,,0.00,0.97,,,1.40,0.24,,,,,,,,,,,0.43,,,,,,,,,,,,,,,,,,6.60,,0.00,0.00,,,0.00,,,0.63,,,,,,,
Michigan_MPART_Surface_Water,Portage Creek | 25-PC-0170,Surface Water,42.20075854,-85.59770518,2020,7/21/2020,,EPA 537.1,,,ng/L,,,,,,1.52,,,,,,,,,,,,,1.44,,,1.61,,,,,,,,,,,,,,,,,,,,,,,,,,,,,,,,
Michigan_MPART_Surface_Water,Helmer Creek Tributary | 25-HL-0010,Surface Water,42.318543,-85.275308,2018,12/20/2018,,EPA 537.1,,,ng/L,,,,,,,,,1.60,,,1.10,,,,,,,,,,,,,,,,,,,,,,,,,,,,,0.00,,,,,,,,,,,,,
Michigan_MPART_Surface_Water,Kalamazoo River | 25-KR-0140,Surface Water,42.317827,-85.573064,2018,8/6/2018,,EPA 537.1,,,ng/L,,2.30,,0.41,0.74,,,0.90,0.00,,,,,,,,,,,,1.40,,,,,,,,,,,,,,,,,,,,,,,0.00,,,,,,,,,,
Michigan_MPART_Surface_Water,Kalamazoo River | 25-KR-0200,Surface Water,42.350827,-85.275847,2018,8/6/2018,,EPA 537.1,,,ng/L,,,,0.36,1.80,,,,0.29,,,3.40,,,,,,,,1.10,,,,,,,,,,,,,,,,,,,,,0.00,,,0.00,,,,,,,,,,
Michigan_MPART_Surface_Water,Helmer Creek | 25-HC-0060,Surface Water,42.3258265,-85.25750427,2021,10/12/2021,,EPA 537.1,,,ng/L,,,,,1.68,,,,,,,,,,,,,,,,,,,,,,,,,,,,,,,,,,,,,,,,,,,,,,,,,
Michigan_MPART_Surface_Water,Kalamazoo River | 25-KR-0090,Surface Water,42.376337,-85.578576,2018,8/6/2018,,EPA 537.1,,,ng/L,,,,0.41,0.90,,,1.40,0.00,,,2.50,,,,,,,,0.43,1.70,,,,,,,,,,,,,,,,,3.90,,,0.00,,,0.00,,,0.53,,,,,,,
Michigan_MPART_Surface_Water,Kalamazoo River | 25-KR-0150,Surface Water,42.303268,-85.571038,2018,8/7/2018,,EPA 537.1,,,ng/L,,,,0.00,0.78,,,0.58,0.00,,,,,,,,,,,0.36,,,,,,,,,,,,,,,,,,,,0.00,0.48,,,0.00,,,,,,,,,,
Michigan_MPART_Surface_Water,Kalamazoo River | 25-KR-0220,Surface Water,42.337585,-85.232506,2018,8/6/2018,,EPA 537.1,,,ng/L,,0.97,,0.00,1.50,1.10,0.92,0.53,0.00,,,11.00,,,,,,,0.77,0.00,,,,,,,,,,,,,,,,,,,,,0.00,,,0.00,,,,,,,,,,
Michigan_MPART_Surface_Water,L. Swan Creek | 44-LS-0010,Surface Water,41.987088,-83.289091,2019,9/12/2019,,EPA 537.1,,,ng/L,,,,,0.83,,,1.30,,,,,,,,,,,,0.00,1.30,,,,,,,,,,,,,,,,,,,,,,,,,,,,,,,,,
Michigan_MPART_Surface_Water,L. Swan Creek | 44-LS-0100,Surface Water,41.994119,-83.362898,2019,9/12/2019,,EPA 537.1,,,ng/L,,1.20,,,0.48,,1.40,1.10,,,,,,,,,,,,0.00,1.60,,,,,,,,,,,,,,,,,,,,,,,,,,,,,,,,,
Michigan_MPART_Surface_Water,Swan Creek | 44-SC-0100,Surface Water,41.994909,-83.285864,2019,9/12/2019,,EPA 537.1,,,ng/L,,,,,1.20,1.40,,,,,,,,,,,,,,0.00,,,,,,,,,,,,,,,,,,,,,,,,,,,,,,,,,,
Michigan_MPART_Surface_Water,Stony Creek | 44-ST-0100,Surface Water,41.981596,-83.371445,2019,9/12/2019,,EPA 537.1,,,ng/L,,,,,0.49,1.90,1.60,1.10,,,,,,,,,,,,0.00,1.60,,,,,,,,,,,,,,,,,,,,,,,,,,,,,,,,,
Michigan_MPART_Surface_Water,Stony Creek | 44-ST-0010,Surface Water,41.9487,-83.3096,2019,9/12/2019,,EPA 537.1,,,ng/L,,,,,0.73,1.80,,,,,,,,,,,,,,0.00,,,,,,,,,,,,,,,,,,,,,,,,,,,,,,,,,,
Michigan_MPART_Surface_Water,Stony Creek | 44-ST-0100,Surface Water,41.981596,-83.371445,2019,9/12/2019,,EPA 537.1,,,ng/L,,,,,0.53,1.90,1.40,1.00,,,,,,,,,,,,0.00,1.60,,,,,,,,,,,,,,,,,,,,,,,,,,,,,,,,,
Michigan_MPART_Surface_Water,Stony Creek | 44-ST-0150,Surface Water,41.99598,-83.387008,2019,9/12/2019,,EPA 537.1,,,ng/L,,,,,0.44,1.60,1.40,1.10,,,,,,,,,,,,0.00,1.60,,,,,,,,,,,,,,,,,,,,,,,,,,,,,,,,,
Michigan_MPART_Surface_Water,L. Swan Creek | 44-LS-0100,Surface Water,41.994119,-83.362898,2019,9/12/2019,,EPA 537.1,,,ng/L,,0.97,,,0.41,,1.40,1.10,,,,,,,,,,,,0.00,1.50,,,,,,,,,,,,,,,,,,,,,,,,,,,,,,,,,
Michigan_MPART_Surface_Water,Lake Huron | 30-DRH-0010,Surface Water,45.991772,-83.898245,2022,7/12/2022,,EPA 8327,,,ng/L,,,,,,,,0.00,,,,,,,,,,,,,0.00,,,,,,,,,,,,,,,,,,,,,,,,,,,,,,,,,
Michigan_MPART_Surface_Water,Barney's Lake | 31-FL-0010,Surface Water,45.712139,-85.557056,2022,7/9/2022,,EPA 8327,,,ng/L,,1.00,0.70,,,0.70,0.80,1.70,,,,,,,,,,,1.10,,0.40,,,,,,,,,,,,,,,,,,,,1.00,,,,0.40,,,,,,,,,
Michigan_MPART_Surface_Water,Font Lake | 31-BL-0010,Surface Water,45.746556,-85.547861,2022,7/10/2022,,EPA 8327,,,ng/L,,,,,,,,0.40,,,,,,,,,,,,,0.00,2.00,,,,,,,,,,,,,,,,,,,,,,,,,,,,,,,,
Michigan_MPART_Surface_Water,Bosch & Hulst Drain | 08-BH-0100,Surface Water,42.807916,-86.038718,2021,4/20/2021,,EPA 537.1,,,ng/L,3.93,1.90,,,,1.91,,1.50,,,,,,,,,,,,,3.84,,,,,,,,,,,,,,,,,,,,,,,,,,,,,,,,,
Michigan_MPART_Surface_Water,Pine Creek | 08-PC-0010,Surface Water,42.79774,-86.142389,2021,4/20/2021,,EPA 537.1,,,ng/L,1.69,2.81,,,,1.17,2.55,,,,,,,,,,,,2.85,,,4.03,,,,,,,,,,,,,,,,,,,,,,,,,,,,,,,,
Michigan_MPART_Surface_Water,South Branch Macatawa River | 08-SBM-0010,Surface Water,42.771556,-86.003472,2021,4/20/2021,,EPA 537.1,,,ng/L,,,,,,,,,,,,,,,,,,,,,1.26,2.68,,,,,,,,,,,,,,,,,,,,,,,,,,,,,,,,
Michigan_MPART_Surface_Water,Boone Drain | 08-BOO-0010,Surface Water,42.822759,-86.019356,2021,4/20/2021,,EPA 537.1,,,ng/L,3.41,3.56,,,,1.39,,1.99,,,,,,,,,,,,,3.86,,,,,,,,,,,,,,,,,,,,,,,,,,,,,,,,,
Michigan_MPART_Surface_Water,Lake Macatawa | 08-LM-0100,Surface Water,42.781497,-86.1467,2021,4/20/2021,,EPA 537.1,,,ng/L,2.51,3.36,,,,1.39,,1.29,,,,1.36,,,,,,,,,2.64,,,,,,,,,,,,,,,,,,,,,,,,,,,,,,,,,
Michigan_MPART_Surface_Water,Brower Drain | 08-BRW-0120,Surface Water,42.815176,-86.006175,2021,4/20/2021,,EPA 537.1,,,ng/L,1.14,2.37,,,,1.05,1.16,,,,,,,,,,,,,,,1.97,,,,,,,,,,,,,,,,,,,,,,,,,,,,,,,,
Michigan_MPART_Surface_Water,Lake Macatawa | 08-LM-0100,Surface Water,42.781497,-86.1467,2021,4/20/2021,,EPA 537.1,,,ng/L,3.61,3.00,,,,,,1.45,,,,1.41,,,,,,,,,2.93,,,,,,,,,,,,,,,,,,,,,,,,,,,,,,,,,
Michigan_MPART_Surface_Water,Lake Macatawa | 08-LM-0150,Surface Water,42.794056,-86.127444,2021,4/20/2021,,EPA 537.1,,,ng/L,2.76,3.27,,,,1.68,,1.10,,,,,,,,,,,,,2.83,,,,,,,,,,,,,,,,,,,,,,,,,,,,,,,,,
Michigan_MPART_Surface_Water,Brower Drain | 08-BRW-0120,Surface Water,42.815176,-86.006175,2021,4/20/2021,,EPA 537.1,,,ng/L,2.11,1.69,,,,,2.18,,,,,,,,,,,,1.91,,,1.86,,,,,,,,,,,,,,,,,,,,,,,,,,,,,,,,
Michigan_MPART_Surface_Water,Bosch & Hulst Drain | 08-BH-0100,Surface Water,42.807916,-86.038718,2021,4/20/2021,,EPA 537.1,,,ng/L,,2.91,,,,2.13,3.78,1.16,,,,,,,,,,,,,,,,,,,,,,,,,,,,,,,,,,,,,,,,,,,,,,
Michigan_MPART_Surface_Water,Brower Drain | 08-BRW-0100,Surface Water,42.826734,-86.036159,2021,4/20/2021,,EPA 537.1,,,ng/L,2.81,2.05,,,,,2.66,1.47,,,,,,,,,,,2.98,,1.99,,,,,,,,,,,,,,,,,,,,,,,,,,,,,,,,,
Michigan_MPART_Surface_Water,Brower Drain | 08-BRW-0110,Surface Water,42.816054,-86.012071,2021,4/20/2021,,EPA 537.1,,,ng/L,,2.12,,,,2.66,2.10,,,,,,,,,,,,2.24,,,1.65,,,,,,,,,,,,,,,,,,,,,,,,,,,,,,,,
Michigan_MPART_Surface_Water,Macatawa River | 08-MR-0100,Surface Water,42.799316,-86.114722,2021,4/20/2021,,EPA 537.1,,,ng/L,2.57,3.41,,,1.94,1.62,,1.19,,,,,,,,,,,,,3.37,,,,,,,,,,,2.14,,,,,,,,,,,,,,,,,,,,,,
Michigan_MPART_Surface_Water,Macatawa River | 08-MR-0300,Surface Water,42.783486,-86.000422,2021,4/20/2021,,EPA 537.1,,,ng/L,1.81,1.35,,,,1.82,,1.55,,,,,,,,,,,,,1.97,,,,,,,,,,,,,,,,,,,,,,,,,,,,,,,,,
Michigan_MPART_Surface_Water,Unnamed Drain to Big Bay | 08-UD-0010,Surface Water,42.792544,-86.185821,2021,4/20/2021,,EPA 537.1,,,ng/L,2.45,3.79,,,2.91,1.47,2.18,1.24,,,,,,,,,,,2.16,,3.63,3.78,,,,,,,,,,,,,,,,,,,,,,,,,,,,,,,,
Michigan_MPART_Surface_Water,Macatawa River | 08-MR-0200,Surface Water,42.797547,-86.055324,2021,4/20/2021,,EPA 537.1,,,ng/L,2.36,2.55,,,,1.79,,1.04,,,,,,,,,,,,,2.60,,,,,,,,,,,,,,,,,,,,,,,,,,,,,,,,,
Michigan_MPART_Surface_Water,North Branch Macatawa River | 08-NBM-0010,Surface Water,42.783602,-86.03822,2021,4/20/2021,,EPA 537.1,,,ng/L,1.98,1.66,,,,,,,,,,,,,,,,,,,1.91,4.02,,,,,,,,,,,,,,,,,,,,,,,,,,,,,,,,
Michigan_MPART_Surface_Water,Railroad Tributary | 08-RT-0010,Surface Water,42.80295,-86.083172,2021,4/20/2021,,EPA 537.1,,,ng/L,,,,,,3.20,,2.75,,,,,,,,,,,,,,,,,,,,,,,,,,,,,,,,,,,,,,,,,,,,,,
Michigan_MPART_Surface_Water,Macatawa River | 08-MR-0150,Surface Water,42.798567,-86.092839,2021,4/20/2021,,EPA 537.1,,,ng/L,,3.25,,,,2.08,,1.36,,,,,,,,,,,,,3.51,,,,,,,,,,,,,,,,,,,,,,,,,,,,,,,,,
Michigan_MPART_Surface_Water,North Branch Macatawa River | 08-NBM-0100,Surface Water,42.747092,-86.075289,2021,4/20/2021,,EPA 537.1,,,ng/L,3.66,2.34,,,,2.18,3.36,1.94,,,,,,,,,,,,,2.23,,,,,,,,,,,,,,,,,,,,,,,,,,,,,,,,,
Michigan_MPART_Surface_Water,Macatawa River | 08-MR-0010,Surface Water,42.77255,-86.20659,2021,4/20/2021,,EPA 537.1,,,ng/L,2.52,2.66,,,,1.22,3.69,,,,,1.54,,,,,,,,,1.96,3.48,,,,,,,,,,,,,,,,,,,,,,,,,,,,,,,,
Michigan_MPART_Surface_Water,Maplewood Drain | 08-MD-0100,Surface Water,42.768792,-86.091203,2021,4/20/2021,,EPA 537.1,,,ng/L,,,,,,,,2.31,1.42,,,3.65,,,,,,,,,,,,,,,,,,,,,,,,,,,,,,,,,,,1.14,,,,,,,
Michigan_MPART_Surface_Water,Maplewood Drain | 08-MD-0010,Surface Water,42.792271,-86.090153,2021,4/20/2021,,EPA 537.1,,,ng/L,,3.03,,,,,3.97,,,,,,,,,,,,,,,,,,,,,,,,,,,,,,,,,,,,,,,,,,,,,,,
Michigan_MPART_Surface_Water,Maplewood Drain | 08-MD-0010,Surface Water,42.792271,-86.090153,2021,4/20/2021,,EPA 537.1,,,ng/L,,2.63,,,,,3.84,1.19,,,,,,,,,,,3.90,,,,,,,,,,,,,,,,,,,,,,,,,,,,,,,,,,,
Michigan_MPART_Surface_Water,Lake Macatawa | 08-LM-0050,Surface Water,42.779985,-86.181633,2021,4/20/2021,,EPA 537.1,,,ng/L,2.80,2.95,,,,1.38,,1.13,,,,1.88,,,,,,,,,2.17,4.04,,,,,,,,,,,,,,,,,,,,,,,,,,,,,,,,
Michigan_MPART_Surface_Water,Lake Macatawa | 08-LM-0200,Surface Water,42.795115,-86.116771,2021,4/20/2021,,EPA 537.1,,,ng/L,3.00,3.20,,,,1.78,,1.18,,,,,,,,,,,,,3.44,,,,,,,,,,,,,,,,,,,,,,,,,,,,,,,,,
Michigan_MPART_Surface_Water,No. 40 Drain | 08-FTY-0010,Surface Water,42.812054,-86.095713,2021,4/20/2021,,EPA 537.1,,,ng/L,,,,,,2.08,,3.63,,,,,,,,,,,,,,,,,,,,,,,,,,,,,,,,,,,,,,,,,,,,,,
Michigan_MPART_Surface_Water,Maple River | 39-MR-0010,Surface Water,42.99466,-84.94268,2019,6/17/2019,,EPA 537.1,,,ng/L,0.78,,,,,,0.69,0.66,,,,,,,,,,,,,0.77,5.00,,,,,,,,,,,,,,,,,,,0.00,,,,,,,,,,,,,
Michigan_MPART_Surface_Water,Black Creek | 45-BLKC-0010,Surface Water,43.18444,-86.2231,2020,8/27/2020,,EPA 537.1,,,ng/L,,3.36,,,,3.96,3.54,1.92,,,,,,,,,,,3.18,,2.25,,,,,,,,,,,,,,,,,,,,,,,,,,,,,,,,,
Michigan_MPART_Surface_Water,Little Black Creek | 45-LBC-0015,Surface Water,43.18779,-86.2408,2020,8/27/2020,,EPA 537.1,,,ng/L,,,,,,,,2.73,,,,,1.51,,,,,,,1.26,3.81,,,,,,,,,,,,,,,,,,,,,,,,,,,,,,,,,
Michigan_MPART_Surface_Water,Little Black Creek | 45-LBC-0050,Surface Water,43.20926,-86.2131,2020,8/27/2020,,EPA 537.1,,,ng/L,,,,,,1.56,,3.26,,,,,,,,,,,,,2.52,,,,,,,,,,,,,,,,,,,,,,,,,,,,,,,,,
Michigan_MPART_Surface_Water,N.B. of Unnamed Trib to Mona Lk | 45-UTML2-0010,Surface Water,43.16593,-86.264,2020,8/27/2020,,EPA 537.1,,,ng/L,,,,,,1.16,4.10,1.52,,,,,,,,,,,3.76,,,,,,,,,,,,,,,,,,,,,,,,,,,,,,,,,,,
Michigan_MPART_Surface_Water,Mona Lake | 45-ML-0020,Surface Water,43.17815,-86.2398,2020,8/27/2020,,EPA 537.1,,,ng/L,,3.72,,,,,,1.81,,,,1.37,,,,,,,,1.06,2.67,,,,,,,,,,,,,,,,,,,,,,,,,,,,,,,,,
Michigan_MPART_Surface_Water,Mona Lake | 45-ML-0030,Surface Water,43.18632,-86.2362,2020,8/27/2020,,EPA 537.1,,,ng/L,,3.52,,,,3.57,3.75,1.90,,,,,,,,,,,,,2.81,,,,,,,,,,,,,,,,,,,,,,,,,,,,,,,,,
Michigan_MPART_Surface_Water,Little Black Creek | 45-LBC-0045,Surface Water,43.20429,-86.2247,2020,8/27/2020,,EPA 537.1,,,ng/L,,,,1.07,,3.51,,3.04,,,,,,,,,,,,,2.77,,,,,,,,,,,,,,,,,,,,,,,,,,,,,,,,,
Michigan_MPART_Surface_Water,Black Creek | 45-BC-0050,Surface Water,43.20501,-86.1549,2020,8/27/2020,,EPA 537.1,,,ng/L,,2.63,,,,,1.81,1.04,,,,,,,,,,,1.46,,1.32,1.63,,,,,,,,,,,,,,,,,,,,,,,,,,,,,,,,
Michigan_MPART_Surface_Water,Barney Creek | 45-BNC-0010,Surface Water,43.21056,-86.2113,2020,8/27/2020,,EPA 537.1,,,ng/L,,,,,,2.88,,,,,,,,,,,,,,,2.73,,,,,,,,,,,,,,,,,,,,,,,,,,,,,,,,,
Michigan_MPART_Surface_Water,Little Black Creek | 45-LBC-0045,Surface Water,43.20429,-86.2247,2020,8/27/2020,,EPA 537.1,,,ng/L,,,,,,,,3.19,,,,,,,,,,,,,3.24,,,,,,,,,,,,,,,,,,,,,,,,,,,,,,,,,
Michigan_MPART_Surface_Water,Little Black Creek | 45-LBC-0060,Surface Water,43.20909,-86.2023,2020,8/27/2020,,EPA 537.1,,,ng/L,,,,,1.09,1.78,,3.74,,,,,,,,,,,,,2.32,,,,,,,,,,,,,,,,,,,,,,,,,,,,,,,,,
Michigan_MPART_Surface_Water,Little Black Creek | 45-LBC-0030,Surface Water,43.19988,-86.229,2020,8/27/2020,,EPA 537.1,,,ng/L,,,,,,3.43,,2.89,,,,,2.01,,,,,,,,3.18,,,,,,,,,,,,,,,,,,,,,,,,,,,,,,,,,
Michigan_MPART_Surface_Water,Unnamed Trib to Mona Lake | 45-UTML-0010,Surface Water,43.16626,-86.2792,2020,8/27/2020,,EPA 537.1,,,ng/L,,4.04,,,,4.10,3.83,1.79,,,,,,,,,,,,,3.68,4.12,,,,,,,,,,,,,,,,,,,,,,,,,,,,,,,,
Michigan_MPART_Surface_Water,Bear River | 10-BR-0100,Surface Water,45.257503,-84.916981,2020,9/3/2020,,EPA 537.1,,,ng/L,,,,,,,1.17,,,,,,,,,,,,1.55,,,1.54,,,,,,,,,,,,,,,,,,,,,,,,,,,,,,,,
Michigan_MPART_Surface_Water,Black Creek | 45-BLKC-0010,Surface Water,43.18444,-86.2231,2020,8/27/2020,,EPA 537.1,,,ng/L,,3.90,,,,3.66,3.22,1.41,,,,,,,,,,,3.26,,2.63,4.01,,,,,,,,,,,,,,,,,,,,,,,,,,,,,,,,
Michigan_MPART_Surface_Water,Bear River | 10-BR-0020,Surface Water,45.375072,-84.960744,2020,9/3/2020,,EPA 537.1,,,ng/L,,,,,,,,,,,,,,,,,,,1.53,,,1.84,,,,,,,,,,,,,,,,,,,,,,,,,,,,,,,,
Michigan_MPART_Surface_Water,Little Black Creek | 45-LBC-0030,Surface Water,43.19988,-86.229,2020,8/27/2020,,EPA 537.1,,,ng/L,,,,,,,,2.74,,,,,2.33,,,,,,,1.24,3.22,,,,,,,,,,,,,,,,,,,,,,,,,,,,,,,,,
Michigan_MPART_Surface_Water,Black Creek | 45-BC-0100,Surface Water,43.23515,-86.0649,2020,8/27/2020,,EPA 537.1,,,ng/L,,,,,,,1.11,,,,,,,,,,,,,,,3.09,,,,,,,,,,,,,,,,,,,,,,,,,,,,,,,,
Michigan_MPART_Surface_Water,Bear River | 10-BR-0050,Surface Water,45.358982,-84.956592,2020,9/3/2020,,EPA 537.1,,,ng/L,,,,,,,,,,,,,,,,,,,1.50,,,2.20,,,,,,,,,,,,,,,,,,,,,,,,,,,,,,,,
Michigan_MPART_Surface_Water,Bear River | 10-BR-0050,Surface Water,45.358982,-84.956592,2020,9/3/2020,,EPA 537.1,,,ng/L,,,,,,,,,,,,,,,,,,,1.71,,,2.11,,,,,,,,,,,,,,,,,,,,,,,,,,,,,,,,
Michigan_MPART_Surface_Water,Little Black Creek | 45-LBC-0055,Surface Water,43.20918,-86.2116,2020,8/27/2020,,EPA 537.1,,,ng/L,,,,,,3.12,,2.08,,,,,,,,,,,,,1.91,,,,,,,,,,,,,,,,,,,,,,,,,,,,,,,,,
Michigan_MPART_Surface_Water,Mona Lake | 45-ML-0020,Surface Water,43.17815,-86.2398,2020,8/27/2020,,EPA 537.1,,,ng/L,,3.92,,,,,,2.39,,,,,,,,,,,,,2.58,4.13,,,,,,,,,,,,,,,,,,,,,,,,,,,,,,,,
Michigan_MPART_Surface_Water,Trib to Muskegon Newaygo Drain | 45-UTMD-0010,Surface Water,43.23508,-85.99291,2020,8/27/2020,,EPA 537.1,,,ng/L,,,,,,1.34,2.49,1.84,,,,,,,,,,,1.92,,2.48,2.34,,,,,,,,,,,,,,,,,,,,,,,,,,,,,,,,
Michigan_MPART_Surface_Water,Little Black Creek | 45-LBC-0040,Surface Water,43.20164,-86.2287,2020,8/27/2020,,EPA 537.1,,,ng/L,,,,,,3.93,,2.52,,,,,1.80,,,,,,,,3.66,,,,,,,,,,,,,,,,,,,,,,,,,,,,,,,,,
Michigan_MPART_Surface_Water,Bear River | 10-BR-0001,Surface Water,45.375927,-84.960224,2020,9/3/2020,,EPA 537.1,,,ng/L,,,,,,,,,,,,,,,,,,,1.61,,,1.83,,,,,,,,,,,,,,,,,,,,,,,,,,,,,,,,
Michigan_MPART_Surface_Water,Little Black Creek | 45-LBC-0001,Surface Water,43.185831,-86.245612,2017,8/29/2017,,EPA 537.1,,,ng/L,,,,,0.57,,,,,,,,,,,,,,,,,,,,,,,,,,,,,,,,,,,,0.00,0.54,,,,,2.20,,,,,,,
Michigan_MPART_Surface_Water,Little Black Creek | 45-LBC-0020,Surface Water,43.1988,-86.2304,2020,8/27/2020,,EPA 537.1,,,ng/L,,,,,,,,2.67,,,,,2.04,,,,,,,,3.20,,,,,,,,,,,,,,,,,,,,,,,,,,,,,,,,,
Michigan_MPART_Surface_Water,Bear River | 10-BR-0014,Surface Water,45.37537134,-84.9605989,2020,9/3/2020,,EPA 537.1,,,ng/L,,,,,,,,,,,,,,,,,,,,,,1.69,,,,,,,,,,,,,,,,,,,,,,,,,,,,,,,,
Michigan_MPART_Surface_Water,Black Creek | 45-BC-0090,Surface Water,43.21557,-86.0949,2020,8/27/2020,,EPA 537.1,,,ng/L,,,,,,1.10,2.94,1.81,,,,,,,,,,,2.69,,2.51,2.61,,,,,,,,,,,,,,,,,,,,,,,,,,,,,,,,
Michigan_MPART_Surface_Water,S.B. of Unnamed Trib to Mona Lk | 45-UTML1-0010,Surface Water,43.16242,-86.2642,2020,8/27/2020,,EPA 537.1,,,ng/L,,2.67,,,,,,2.31,,,,,,,,,,,,,,3.67,,,,,,,,,,,,,,,,,,,,,,,,,,,,,,,,
Michigan_MPART_Surface_Water,Trib to Cranberry Creek | 45-TCC-0010,Surface Water,43.22934,-86.0478,2020,8/27/2020,,EPA 537.1,,,ng/L,1.18,,,,,1.82,,3.06,,,,,,,,,,,3.09,,2.95,4.08,,,,,,,,,,,,,,,,,,,,,,,,,,,,,,,,
Michigan_MPART_Surface_Water,Mona Lake | 45-ML-0010,Surface Water,43.16859,-86.2911,2020,8/27/2020,,EPA 537.1,,,ng/L,2.28,2.19,,,,,1.85,,,,,,,,,,,,1.27,,,1.27,,,,,,,,,,,,,,,,,,,,,,,,,,,,,,,,
Michigan_MPART_Surface_Water,Bear River | 10-BR-0040,Surface Water,45.368412,-84.96542,2020,9/3/2020,,EPA 537.1,,,ng/L,,,,,,,,,,,,,,,,,,,,,,1.83,,,,,,,,,,,,,,,,,,,,,,,,,,,,,,,,
Michigan_MPART_Surface_Water,Bear River | 10-BR-0010,Surface Water,45.375568,-84.96064,2020,9/3/2020,,EPA 537.1,,,ng/L,,,,,,,,,,,,,,,,,,,,,,2.00,,,,,,,,,,,,,,,,,,,,,,,,,,,,,,,,
Michigan_MPART_Surface_Water,Little Black Creek | 45-LBC-0048,Surface Water,43.20786,-86.2147,2020,8/27/2020,,EPA 537.1,,,ng/L,,,,,,2.50,,4.08,,,,,,,,,,,,,2.18,,,,,,,,,,,,,,,,,,,,,,,,,,,,,,,,,
Michigan_MPART_Surface_Water,Bear River | 10-BR-0010,Surface Water,45.375568,-84.96064,2020,9/3/2020,,EPA 537.1,,,ng/L,,,,,,,,,,,,,,,,,,,,,,1.85,,,,,,,,,,,,,,,,,,,,,,,,,,,,,,,,
Michigan_MPART_Surface_Water,Little Black Creek | 45-LBC-0070,Surface Water,43.20965,-86.1903,2020,8/27/2020,,EPA 537.1,,,ng/L,,2.22,,,,,,,,,,,,,,,,,,,,,,,,,,,,,,,,,,,,,,,,,,,,,,,,,,,,
Michigan_MPART_Surface_Water,Muskegon River | 42-MR-0175,Surface Water,43.84731,-85.43241,2013,6/6/2013,,Unnamed_SPE_LCMS_MS,,,ng/L,,,,,,,,,,,,,,,,,,,,,,,,,,,,,,,,,,,,,,,,,0.00,0.36,,,,,,,,,,,,
Michigan_MPART_Surface_Water,Tamarack Lake | 42-TML-0010,Surface Water,43.44825,-85.26852,2021,4/13/2021,,EPA 537.1,,,ng/L,,,,,,,1.10,1.33,,,,,,,,,,,,,,,,,,,,,,,,,,,,,,,,,,,,,,,,,,,,,,
Michigan_MPART_Surface_Water,Muskegon River | 42-MR-0175,Surface Water,43.84731,-85.43241,2013,6/6/2013,,Unnamed_SPE_LCMS_MS,,,ng/L,,1.30,,,,,,0.85,,,,,,,,,,,1.20,,,,,,,,,,,,,,,,,,,,,,0.00,0.34,,,,,,,,,,,,
Michigan_MPART_Surface_Water,Second Lake | 42-SL-0010,Surface Water,43.482822,-85.937375,2022,3/1/2022,,EPA 537.1,,,ng/L,,,,,,,,,,,,,,,,,,,,,,1.00,,,,,,,,,,,,,,,,,,,,,,,,,,,,,,,,
Michigan_MPART_Surface_Water,Fremont Lake | 42-FL-0010,Surface Water,43.442128,-85.963686,2022,3/1/2022,,EPA 537.1,,,ng/L,,,,,,,,,,,,,,,,,,,,,,1.01,,,,,,,,,,,,,,,,,,,,,,,,,,,,,,,,
Michigan_MPART_Surface_Water,Ruddiman Creek | 42-RDC-0040,Surface Water,43.210736,-86.276892,2017,8/29/2017,,EPA 537.1,,,ng/L,,,,,1.10,,,,,,,,,,,,,,,,,,,,,,,,,,,,,,,,,,,,0.00,0.10,,,,,0.57,,,,,,,
Michigan_MPART_Surface_Water,Muskegon River | 42-MR-0175,Surface Water,43.84731,-85.43241,2013,6/6/2013,,Unnamed_SPE_LCMS_MS,,,ng/L,,1.10,,,,,,,,,,,,,,,,,,,,,,,,,,,,,,,,,,,,,,,0.00,0.34,,,,,,,,,,,,
Michigan_MPART_Surface_Water,Tamarack Lake | 42-TML-0020,Surface Water,43.44412,-85.2708,2021,4/13/2021,,EPA 537.1,,,ng/L,,1.13,,,,,,,,,,,,,,,,,,,,3.05,,,,,,,,,,,,,,,,,,,,,,,,,,,,,,,,
Michigan_MPART_Surface_Water,Black Creek | 45-BC-0010,Surface Water,43.947207,-86.211217,2022,5/17/2022,,EPA 8327,,,ng/L,,,,,,,,0.00,,,,,,,,,,,1.00,,0.00,1.40,,,,,,,,,,,,,,,,,,,,,,,,,,,,,,,,
Michigan_MPART_Surface_Water,Big South Branch Pere Marquette | 45-SPM-0010,Surface Water,43.918488,-86.178501,2022,5/17/2022,,EPA 8327,,,ng/L,,,,,1.00,,,,,,,,,,,,,,,,0.40,,,,,,,,,,,,,,,,,,,,,,,,,,,,,,,,,
Michigan_MPART_Surface_Water,Silver Creek | 45-SIV-0010,Surface Water,43.657863,-86.52297,2022,5/16/2022,,EPA 8327,,,ng/L,,1.30,,,0.70,,0.90,0.60,,,,,,,,,,,1.00,,1.20,1.60,,,,,,,,,,,,,,,,,,,,,,,,,,,,,,,,
Michigan_MPART_Surface_Water,Pere Marquette River | 45-PM-0010,Surface Water,43.927842,-86.419012,2022,5/16/2022,,EPA 8327,,,ng/L,,,,,1.00,,1.50,1.80,,,,,,,,,,,,,0.40,,,,,,,,,,,,,,,,,,,,,,,,,,,,,,,,,
Michigan_MPART_Surface_Water,Pere Marquette Lake | 45-PML-0010,Surface Water,43.938011,-86.451473,2022,5/16/2022,,EPA 8327,,,ng/L,,,,,1.20,,1.80,1.50,0.90,,,,,,,,,,,,0.50,,,,,,,,,,,,,,,,,,,,,,,,1.40,,,,,,,,,
Michigan_MPART_Surface_Water,Sanborn Creek | 45-SC-0010,Surface Water,43.885556,-85.851788,2022,5/17/2022,,EPA 8327,,,ng/L,,,,,,,,0.30,,,,,,,,,,,0.60,,0.00,0.80,,,,,,,,,,,,,,,,,,,,,,,,,,,,,,,,
Michigan_MPART_Surface_Water,Pere Marquette River | 45-PM-0060,Surface Water,43.937404,-86.181033,2022,5/17/2022,,EPA 8327,,,ng/L,,,,,,,,0.70,,,,,,,,,,,1.00,,0.00,2.70,,,,,,,,,,,,,,,,,,,,,,,,,,,,,,,,
Michigan_MPART_Surface_Water,Pere Marquette Lake | 45-PML-0020,Surface Water,43.948054,-86.437842,2022,5/17/2022,,EPA 8327,,,ng/L,,,,,1.10,,1.80,1.40,,,,,,,,,,,,,0.70,,,,,,,,,,,,,,,,,,,,,,,,,,,,,,,,,
Michigan_MPART_Surface_Water,S. Lakeshore Drive Bass Lake Ou | 45-BLO-0010,Surface Water,43.831176,-86.425879,2022,5/16/2022,,EPA 8327,,,ng/L,0.70,,,,,,,0.30,,,,,,,,,,,1.50,,0.60,2.60,,,,,,,,,,,,,,,,,,,,,,,,,,,,,,,,
Michigan_MPART_Surface_Water,Mosquito Creek | 45-MSQ-0020,Surface Water,43.95274,-86.399308,2022,5/17/2022,,EPA 8327,,,ng/L,,,,,0.60,,,1.10,,,,,,,,,,,,,1.70,,,,,,,,,,,,,,,,,,,,,,,,,,,,,,,,,
Michigan_MPART_Surface_Water,Lincoln Lake | 45-LL-0010,Surface Water,43.977902,-86.458921,2022,5/17/2022,,EPA 8327,,,ng/L,,,,,0.60,,0.70,0.70,,,,,,,,,,,,,0.70,2.70,,,,,,,,,,,,,,,,,,,,,,,,,,,,,,,,
Michigan_MPART_Surface_Water,Pere Marquette Lake | 45-PML-0040,Surface Water,43.943076,-86.441387,2022,5/16/2022,,EPA 8327,,,ng/L,,,,,0.90,,1.30,1.60,,,,,,,,,,,,,0.90,,,,,,,,,,,,,,,,,,,,,,,,,,,,,,,,,
Michigan_MPART_Surface_Water,Unnamed Trib to Pentwater Lake | 45-UPL-0010,Surface Water,43.776278,-86.430059,2022,5/16/2022,,EPA 8327,,,ng/L,,,,,1.20,,,,,,,,,,,,,,,,,,,,,,,,,,,,,,,,,,,,,,,,,,,,,,,,,
Michigan_MPART_Surface_Water,Big Sable River | 45-BSR-0010,Surface Water,44.102754,-86.330496,2022,5/17/2022,,EPA 8327,,,ng/L,,1.70,,,,,,0.40,,,,,,,,,,,1.00,,0.00,0.90,,,,,,,,,,,,,,,,,,,,,,,,,,,,,,,,
Michigan_MPART_Surface_Water,Pere Marquette River | 45-PM-0050,Surface Water,43.937334,-86.218985,2022,5/17/2022,,EPA 8327,,,ng/L,,,,,1.30,,1.70,1.80,0.70,,,,,,,,,,,,0.00,,,,,,,,,,,,,,,,,,,,,,,,,,,,,,,,,
Michigan_MPART_Surface_Water,Unnamed Trib to Pere Marquette | 45-UTPM2-0010,Surface Water,43.934694,-86.422028,2022,5/16/2022,,EPA 8327,,,ng/L,,,,,,,1.40,1.20,,,,1.00,,,,,,,,,0.60,,,,,,,,,,,,,,,,,,,,,,,,,,,,,,,,,
Michigan_MPART_Surface_Water,Pere Marquette River | 45-PM-0110,Surface Water,43.857464,-85.850399,2022,5/17/2022,,EPA 8327,,,ng/L,,,,,,,,0.40,,,,,,,,,,,0.90,,0.00,2.50,,,,,,,,,,,,,,,,,,,,,,,,,,,,,,,,
Michigan_MPART_Surface_Water,Mosquito Creek | 45-MSQ-0010,Surface Water,43.934588,-86.398548,2022,5/16/2022,,EPA 8327,,,ng/L,1.70,,,,0.80,1.20,,1.20,,,,,,,,,,,,,1.90,3.80,,,,,,,,,,,,,,,,,,,,,,,,,,,,,,,,
Michigan_MPART_Surface_Water,Manistee River | 37-MAN-0100,Surface Water,44.248297,-86.328104,2022,5/17/2022,,EPA 8327,,,ng/L,,1.80,,,,,,0.40,,,,,,,,,,,1.10,,0.00,1.10,,,,,,,,,,,,,,,,,,,,,,,,,,,,,,,,
Michigan_MPART_Surface_Water,North Branch Pentwater River | 45-NPT-0010,Surface Water,43.763024,-86.393666,2022,5/16/2022,,EPA 8327,,,ng/L,,,,,,,,0.50,,,,,,,,,,,1.20,,0.00,1.70,,,,,,,,,,,,,,,,,,,,,,,,,,,,,,,,
Michigan_MPART_Surface_Water,Baldwin River | 45-BR-0010,Surface Water,43.900914,-85.835502,2022,5/17/2022,,EPA 8327,,,ng/L,,,,,,,,0.00,,,,,,,,,,,0.80,,0.00,0.90,,,,,,,,,,,,,,,,,,,,,,,,,,,,,,,,
Michigan_MPART_Surface_Water,Unnamed Trib to Lincoln River | 45-UTLR-0010,Surface Water,43.973997,-86.408978,2022,5/17/2022,,EPA 8327,,,ng/L,,1.30,,,,,,0.30,,,,,,,,,,,0.90,,0.80,2.30,,,,,,,,,,,,,,,,,,,,,,,,,,,,,,,,
Michigan_MPART_Surface_Water,S. Lakeshore Drive Bass Lake Ou | 45-BLO-0010,Surface Water,43.831176,-86.425879,2022,5/16/2022,,EPA 8327,,,ng/L,,,,,0.70,,0.70,0.90,,,,,,,,,,,1.90,,0.80,2.70,,,,,,,,,,,,,,,,,,,,,,,,,,,,,,,,
Michigan_MPART_Surface_Water,Mitchell Creek | 10-MC-0010,Surface Water,44.74551194,-85.56000527,2021,7/31/2021,,EPA 537.1,,,ng/L,,,,,,,1.22,,,,,,,,,,,,1.60,,,1.48,,,,,,,,,,,,,,,,,,,,,,,,,,,,,,,,
Michigan_MPART_Surface_Water,Pere Marquette River | 45-PM-0089,Surface Water,43.88932,-85.93919,2019,6/19/2019,,EPA 537.1,,,ng/L,0.40,0.59,,,,,0.44,0.44,,,,,,,,,,,,,0.00,3.00,,,,,,,,,,,,,,,,,,,0.00,,,,,,,,,,,,,
Michigan_MPART_Surface_Water,Manistee River | 37-MAN-0110,Surface Water,44.248428,-86.323841,2022,5/17/2022,,EPA 8327,,,ng/L,,1.50,,,0.80,,,0.60,,,,,,,,,,,1.60,,0.00,1.10,,,,,,,,,,,,,,,,,,,,,,,,,,,,,,,,
Michigan_MPART_Surface_Water,Unnamed Trib to Mosquito Creek | 45-UTM-0020,Surface Water,43.941868,-86.404027,2022,5/17/2022,,EPA 8327,,,ng/L,,,,,,,,,1.90,,,,,,,,,,,1.00,,,,,,,,,,,,,,,,,,,,,,,,,,,,,,,,,,
Michigan_MPART_Surface_Water,Beaver Creek | 45-BV-0050,Surface Water,43.681845,-85.999484,2022,5/16/2022,,EPA 8327,,,ng/L,,,,,,1.30,,,1.60,,,,,,,,,,,,0.60,,,,,,,,,,,,,,,,,,,,,,,,,,,,,,,,,
Michigan_MPART_Surface_Water,Unnamed Trib to Mosquito Creek | 45-UTM-0010,Surface Water,43.941785,-86.39888,2022,5/17/2022,,EPA 8327,,,ng/L,,,,,,,,,0.80,,,,,,,,,,,1.20,,,,,,,,,,,,,,,,,,,,,,,0.90,,,,,,,,,,,
Michigan_MPART_Surface_Water,Pere Marquette Lake | 45-PML-0030,Surface Water,43.934911,-86.42465,2022,5/16/2022,,EPA 8327,,,ng/L,,,,,1.10,,,1.60,,,,1.60,,,,,,,,,0.40,,,,,,,,,,,,,,,,,,,,,,,,,,,,,,,,,
Michigan_MPART_Surface_Water,Pere Marquette River | 45-PM-0110,Surface Water,43.857464,-85.850399,2019,6/19/2019,,EPA 537.1,,,ng/L,,0.44,,,,,,,,,,,,,,,,,,,0.00,2.20,,,,,,,,,,,,,,,,,,,0.00,,,,,,,,,,,,,
Michigan_MPART_Surface_Water,Pere Marquette River | 45-PM-0100,Surface Water,43.860088,-85.85684,2022,5/17/2022,,EPA 8327,,,ng/L,0.80,,,,,,0.60,0.80,,,,1.60,,,,,,,1.30,,0.00,2.50,,,,,,,,,,,,,,,,,,,,,,,,,,,,,,,,
Michigan_MPART_Surface_Water,Beaver Creek | 45-BV-0060,Surface Water,43.683148,-86.019238,2022,5/16/2022,,EPA 8327,,,ng/L,,,,,,1.30,,,1.90,,,,,,,,,,,,0.70,,,,,,,,,,,,,,,,,,,,,,,,,,,,,,,,,
Michigan_MPART_Surface_Water,Unnamed Trib to Lincoln River | 45-UTLR-0010,Surface Water,43.973997,-86.408978,2022,5/17/2022,,EPA 8327,,,ng/L,,,,,,,,0.00,,,,,,,,,,,1.30,,0.70,2.30,,,,,,,,,,,,,,,,,,,,,,,,,,,,,,,,
Michigan_MPART_Surface_Water,Pere Marquette River | 45-PM-0090,Surface Water,43.887079,-85.93733,2022,5/17/2022,,EPA 8327,,,ng/L,,,,,,,,0.30,,,,,,,,,,,1.10,,0.00,2.30,,,,,,,,,,,,,,,,,,,,,,,,,,,,,,,,
Michigan_MPART_Surface_Water,Stony Lake | 45-STL-0010,Surface Water,43.559523,-86.49707,2022,5/16/2022,,EPA 8327,,,ng/L,,1.30,,,,,,0.30,,,,,,,,,,,1.10,,0.00,0.70,,,,,,,,,,,,,,,,,,,,,,,,,,,,,,,,
Michigan_MPART_Surface_Water,Pine River | 37-PR-0010,Surface Water,44.2290527,-85.9115091,2021,6/27/2021,,EPA 537.1,,,ng/L,,,,,,,,,,,,,,,,,,,,,,,,,,,,,,,,,,,,,,,,,,,,,,,,,,,,,,
Michigan_MPART_Surface_Water,Pere Marquette River | 45-PM-0040,Surface Water,43.94508,-86.281981,2022,5/17/2022,,EPA 8327,,,ng/L,,,,,1.10,,1.60,1.90,,,,,,,,,,,,,0.00,,,,,,,,,,,,,,,,,,,,,,,,,,,,,,,,,
Michigan_MPART_Surface_Water,Manistee River | 37-MAN-0010,Surface Water,44.247614,-86.340232,2022,5/17/2022,,EPA 8327,,,ng/L,,1.60,,,0.60,,,0.60,,,,,,,,,,,1.10,,0.00,1.10,,,,,,,,,,,,,,,,,,,,,,,,,,,,,,,,
Michigan_MPART_Surface_Water,White River | 45-WR-0030,Surface Water,43.4645,-86.232565,2022,5/16/2022,,EPA 8327,,,ng/L,,1.90,,,1.60,,0.90,0.90,,,,,,,,,,,0.90,,0.60,,,,,,,,,,,,,,,,,,,,,,,,,,,,,,,,,
Michigan_MPART_Surface_Water,Pentwater River | 45-PT-0010,Surface Water,43.724304,-86.37667,2022,5/16/2022,,EPA 8327,,,ng/L,,1.50,,,,,,0.50,,,,,,,,,,,1.70,,0.60,2.80,,,,,,,,,,,,,,,,,,,,,,,,,,,,,,,,
Michigan_MPART_Surface_Water,Unnamed Trib to Pere Marquette | 45-UTPM1-0010,Surface Water,43.947248,-86.423123,2022,5/17/2022,,EPA 8327,,,ng/L,,,1.00,,1.40,,,,,,,,,,,,,,,,,,,,,,,,,,,,,,,,,,,,,,,,,,,,,,,,,
Michigan_MPART_Surface_Water,Black Creek | 48-BK-0010,Surface Water,41.816158,-83.922851,2019,9/12/2019,,EPA 537.1,,,ng/L,0.75,0.83,,,0.35,,,,,,,,,,,,,,0.73,0.00,0.61,,,,,,,,,,,,,,,,,,,,,,,,,,,,,,,,,
Michigan_MPART_Surface_Water,River Raisin | 48-RR-0120,Surface Water,41.838509,-83.867639,2018,6/15/2018,,EPA 537.1,,,ng/L,0.98,1.40,,,0.37,0.63,1.60,0.70,0.00,,,,,,,,,,1.30,,1.00,,,,,,,,,,,,,,,,,,,,,,,0.00,,,,,,,,,,
Michigan_MPART_Surface_Water,River Raisin | 48-RR-0100,Surface Water,41.881945,-83.7858,2018,6/15/2018,,EPA 537.1,,,ng/L,,1.40,,0.00,0.36,0.62,1.40,0.61,0.19,,,,,,,,,,1.60,0.00,0.94,,,,,,,,,,,,,,,,,,,0.00,0.00,,,0.00,,,,,,,,,,
Michigan_MPART_Surface_Water,River Raisin | 48-RR-0060,Surface Water,41.975439,-83.601303,2018,8/16/2018,,EPA 537.1,,,ng/L,,,,0.37,0.49,1.10,,1.10,0.30,,,3.10,,,,,,,,0.00,,,,,,,,,,,,,,,,,,,,0.00,0.00,,,0.31,,,0.00,,,,,,,
Michigan_MPART_Surface_Water,River Raisin | 48-RR-0270,Surface Water,42.001022,-83.931162,2018,8/16/2018,,EPA 537.1,,,ng/L,0.72,1.70,,0.00,0.40,0.57,1.50,0.41,0.00,,,,,,,,,,,0.00,0.91,,,,,,,,,,,,,,,,,,,0.00,0.00,,,0.00,,,,,,,,,,
Michigan_MPART_Surface_Water,River Raisin | 48-RR-0130,Surface Water,41.828526,-83.879853,2018,6/15/2018,,EPA 537.1,,,ng/L,,1.30,,0.00,0.35,0.56,1.30,0.82,0.00,,,,,,,,,,1.30,0.00,0.96,,,,,,,,,,,,,,,,,,,0.00,0.00,,,0.00,,,,,,,,,,
Michigan_MPART_Surface_Water,River Raisin | 48-RR-0210,Surface Water,41.935687,-83.964511,2019,9/12/2019,,EPA 537.1,,,ng/L,1.40,1.40,,,0.54,,,,,,,,,,,,,,,0.00,0.91,,,,,,,,,,,,,,,,,,,,,,,,,,,,,,,,,
Michigan_MPART_Surface_Water,River Raisin | 48-RR-0190,Surface Water,41.884922,-83.970719,2019,9/12/2019,,EPA 537.1,,,ng/L,1.70,1.40,,,0.36,1.00,,,,,,,,,,,,,,0.00,,,,,,,,,,,,,,,,,,,,,,,,,,,,,,,,,,
Michigan_MPART_Surface_Water,S. Br. River Raisin | 48-SB-0010,Surface Water,41.924289,-83.977368,2018,6/15/2018,,EPA 537.1,,,ng/L,,1.30,,0.00,0.30,0.65,1.60,0.67,0.00,,,,,,,,,,1.60,0.00,0.98,,,,,,,,,,,,,,,,,,,0.00,0.00,,,0.00,,,,,,,,,,
Michigan_MPART_Surface_Water,River Raisin | 48-RR-0290,Surface Water,42.003968,-83.9317,2018,8/16/2018,,EPA 537.1,,,ng/L,0.67,0.93,,,0.32,0.66,0.93,0.41,0.00,,,,,,,,,,1.10,,0.78,,,,,,,,,,,,,,,,,,,,0.00,,,0.00,,,,,,,,,,
Michigan_MPART_Surface_Water,River Raisin | 48-RR-0270,Surface Water,42.001022,-83.931162,2018,6/14/2018,,EPA 537.1,,,ng/L,,1.60,,0.00,0.50,0.56,1.30,0.83,0.64,,,2.90,,,,,,,1.00,0.00,0.79,,,,,,,,,,,,,,,,,,,,0.00,,,0.41,,,,,,,,,,
Michigan_MPART_Surface_Water,River Raisin | 48-RR-0230,Surface Water,41.949146,-83.9415,2018,8/16/2018,,EPA 537.1,,,ng/L,0.63,1.40,,0.00,0.42,0.60,1.60,0.42,0.00,,,,,,,,,,,0.00,0.91,,,,,,,,,,,,,,,,,,,0.00,0.00,,,0.00,,,,,,,,,,
Michigan_MPART_Surface_Water,River Raisin | 48-RR-0350,Surface Water,42.042831,-83.964029,2018,6/14/2018,,EPA 537.1,,,ng/L,0.77,1.50,,,0.50,0.54,1.10,0.78,0.00,,,,,,,,,,1.10,,0.72,,,,,,,,,,,,,,,,,,,,,,,0.00,,,,,,,,,,
Michigan_MPART_Surface_Water,Black Creek | 48-BK-0110,Surface Water,41.773407,-84.098147,2019,9/12/2019,,EPA 537.1,,,ng/L,0.93,,,,0.25,,,,,,,,,,,,,,,0.00,,,,,,,,,,,,,,,,,,,,,,,,,,,,,,,,,,
Michigan_MPART_Surface_Water,Wolf Creek | 48-WC-0030,Surface Water,41.919103,-84.043464,2018,6/14/2018,,EPA 537.1,,,ng/L,,1.40,,0.00,0.46,0.45,1.20,0.90,0.00,,,,,,,,,,1.00,0.00,0.72,,,,,,,,,,,,,,,,,,,,0.00,,,0.00,,,,,,,,,,
Michigan_MPART_Surface_Water,River Raisin | 48-RR-0130,Surface Water,41.828526,-83.879853,2018,8/16/2018,,EPA 537.1,,,ng/L,,1.50,,0.00,0.51,0.86,,0.61,0.00,,,,,,,,,,,0.00,1.50,,,,,,,,,,,,,,,,,,,0.00,0.00,,,0.00,,,0.00,,,,,,,
Michigan_MPART_Surface_Water,River Raisin | 48-RR-0010,Surface Water,41.900735,-83.355405,2018,6/15/2018,,EPA 537.1,,,ng/L,1.50,1.60,,,0.40,0.64,1.60,0.80,0.00,,,,,,,,,,1.50,0.00,1.20,,,,,,,,,,,,,,,,,,,,0.00,,,0.00,,,,,,,,,,
Michigan_MPART_Surface_Water,River Raisin | 48-RR-0269,Surface Water,41.999853,-83.930613,2018,10/29/2018,,EPA 537.1,,,ng/L,0.86,1.10,,0.00,0.00,0.71,1.10,0.57,0.00,,,,,,,,,,1.30,0.00,0.76,,,,,,,,,,,,,,,,,,,,0.00,,,0.00,,,,,,,,,,
Michigan_MPART_Surface_Water,Unnamed trib | 48-FM-0010,Surface Water,41.902959,-83.358463,2019,9/12/2019,,EPA 537.1,,,ng/L,,1.70,,,0.49,1.00,,1.10,,,,,,,,,,,,0.00,1.50,,,,,,,,,,,,,,,,,,,,,,,,,,,,,,,,,
Michigan_MPART_Surface_Water,River Raisin | 48-RR-0130,Surface Water,41.828526,-83.879853,2019,9/12/2019,,EPA 537.1,,,ng/L,,1.40,,,0.42,0.66,,,,,,,,,,,,,,0.00,1.30,,,,,,,,,,,,,,,,,,,,,,,,,,,,,,,,,
Michigan_MPART_Surface_Water,River Raisin | 48-RR-0020,Surface Water,41.91632,-83.393954,2018,6/15/2018,,EPA 537.1,,,ng/L,1.20,1.60,,,0.38,0.71,1.80,0.65,0.00,,,,,,,,,,1.40,0.00,1.40,,,,,,,,,,,,,,,,,,,,0.00,,,0.00,,,,,,,,,,
Michigan_MPART_Surface_Water,Black Creek | 48-BK-0120,Surface Water,41.773756,-84.117852,2019,9/12/2019,,EPA 537.1,,,ng/L,,,,,0.32,,,,,,,,,,,,,,,0.00,,,,,,,,,,,,,,,,,,,,,,,,,,,,,,,,,,
Michigan_MPART_Surface_Water,River Raisin | 48-RR-0240,Surface Water,41.986817,-83.9323,2018,8/16/2018,,EPA 537.1,,,ng/L,0.75,1.60,,0.00,0.41,0.55,1.70,0.53,0.00,,,,,,,,,,,0.00,0.87,,,,,,,,,,,,,,,,,,,0.00,0.00,,,0.00,,,,,,,,,,
Michigan_MPART_Surface_Water,Wolf Creek | 48-WC-0010,Surface Water,41.910417,-84.034334,2018,6/14/2018,,EPA 537.1,,,ng/L,1.00,1.30,,,0.52,0.46,1.20,0.66,0.00,,,,,,,,,,1.10,,0.91,,,,,,,,,,,,,,,,,,,,,,,0.00,,,,,,,,,,
Michigan_MPART_Surface_Water,River Raisin | 48-RR-0200,Surface Water,41.919528,-83.9743,2019,9/12/2019,,EPA 537.1,,,ng/L,,1.50,,,0.47,1.30,1.70,,,,,,,,,,,,1.30,0.00,1.30,,,,,,,,,,,,,,,,,,,,,,,,,,,,,,,,,
Michigan_MPART_Surface_Water,S. Br. River Raisin | 48-SB-0010,Surface Water,41.924289,-83.977368,2018,8/16/2018,,EPA 537.1,,,ng/L,,,,0.00,0.60,0.95,,0.55,0.00,,,,,,,,,,,0.00,,,,,,,,,,,,,,,,,,,,0.00,0.00,,,0.00,,,0.00,,,,,,,
Michigan_MPART_Surface_Water,River Raisin | 48-RR-0210,Surface Water,41.935687,-83.964511,2018,8/16/2018,,EPA 537.1,,,ng/L,0.65,1.40,,0.00,0.37,0.64,1.70,0.49,0.00,,,,,,,,,,,0.00,0.86,,,,,,,,,,,,,,,,,,,0.00,0.00,,,0.00,,,,,,,,,,
Michigan_MPART_Surface_Water,River Raisin | 48-RR-0110,Surface Water,41.854663,-83.85,2019,9/12/2019,,EPA 537.1,,,ng/L,1.40,1.30,,,0.39,0.67,,,,,,,,,,,,,,0.00,1.20,,,,,,,,,,,,,,,,,,,,,,,,,,,,,,,,,
Michigan_MPART_Surface_Water,River Raisin | 48-RR-0100,Surface Water,41.881945,-83.7858,2019,9/12/2019,,EPA 537.1,,,ng/L,,1.30,,,0.33,0.68,,,,,,,,,,,,,,0.00,1.20,,,,,,,,,,,,,,,,,,,,,,,,,,,,,,,,,
Michigan_MPART_Surface_Water,Saline River | 48-SR-0210,Surface Water,42.158417,-83.780978,2018,6/15/2018,,EPA 537.1,,,ng/L,1.30,1.30,,0.28,0.28,0.49,1.70,0.61,0.00,,,,,,,,,,1.10,0.00,0.62,0.96,,,,,,,,,,,,,,,,,,0.00,0.00,,,0.00,,,,,,,,,,
Michigan_MPART_Surface_Water,River Raisin | 48-RR-0260,Surface Water,41.994947,-83.9316,2018,8/16/2018,,EPA 537.1,,,ng/L,0.86,1.70,,0.00,0.52,0.64,,0.51,0.00,,,,,,,,,,,0.00,0.90,,,,,,,,,,,,,,,,,,,0.00,0.00,,,0.00,,,,,,,,,,
Michigan_MPART_Surface_Water,River Raisin | 48-RR-0250,Surface Water,41.992222,-83.9305,2018,8/16/2018,,EPA 537.1,,,ng/L,0.80,1.70,,0.00,0.42,0.71,,0.47,0.00,,,,,,,,,,,0.00,0.91,,,,,,,,,,,,,,,,,,,,0.00,,,0.00,,,,,,,,,,
Michigan_MPART_Surface_Water,Sibelhorn Drain | 48-SH-0010,Surface Water,41.826564,-83.845174,2019,9/12/2019,,EPA 537.1,,,ng/L,,,,,0.70,,1.40,1.10,,,,,,,,,,,,0.00,0.91,,,,,,,,,,,,,,,,,,,,,,,,,,,,,,,,,
Michigan_MPART_Surface_Water,Saline River | 48-SR-0230,Surface Water,42.163305,-83.789,2018,8/16/2018,,EPA 537.1,,,ng/L,0.70,,,,0.28,0.58,1.10,0.46,0.00,,,,,,,,,,1.30,0.00,0.95,,,,,,,,,,,,,,,,,,,,0.00,,,0.00,,,,,,,,,,
Michigan_MPART_Surface_Water,S. BR. River Raisin | 48-SB-0060,Surface Water,41.894587,-84.047052,2019,9/12/2019,,EPA 537.1,,,ng/L,1.60,1.30,,,0.41,,,0.99,,,,,,,,,,,,0.00,1.30,,,,,,,,,,,,,,,,,,,,,,,,,,,,,,,,,
Michigan_MPART_Surface_Water,River Raisin | 48-RR-0185,Surface Water,41.863301,-83.945677,2019,9/12/2019,,EPA 537.1,,,ng/L,,1.30,,,0.34,0.69,,,,,,,,,,,,,,0.00,1.30,,,,,,,,,,,,,,,,,,,,,,,,,,,,,,,,,
Michigan_MPART_Surface_Water,Saline River | 48-SR-0210,Surface Water,42.158417,-83.780978,2018,8/16/2018,,EPA 537.1,,,ng/L,1.80,1.70,,0.38,0.79,0.63,,0.74,0.00,,,,,,,,,,,0.00,1.50,,,,,,,,,,,,,,,,,,,,0.00,,,0.00,,,,,,,,,,
Michigan_MPART_Surface_Water,Unnamed drain | 48-UDRR-0010,Surface Water,42.00092,-83.931521,2018,10/29/2018,,EPA 537.1,,,ng/L,,1.30,,0.65,0.28,,0.90,0.65,0.00,,,,,,,,,,0.97,0.00,0.93,,,,,,,,,,,,,,,,,,,,0.38,,,0.00,,,,,,,,,,
Michigan_MPART_Surface_Water,Saline River | 48-SR-0200,Surface Water,42.144046,-83.782,2018,8/16/2018,,EPA 537.1,,,ng/L,1.50,1.20,,0.00,0.63,0.65,1.70,0.55,0.00,,,,,,,,,,1.80,0.00,1.40,,,,,,,,,,,,,,,,,,,0.00,0.00,,,0.00,,,,,,,,,,
Michigan_MPART_Surface_Water,S. Br. River Raisin | 48-SB-0020,Surface Water,41.917652,-84.01,2018,8/16/2018,,EPA 537.1,,,ng/L,,1.80,,,0.69,1.10,,0.68,0.00,,,,,,,,,,,,,,,,,,,,,,,,,,,,,,,,0.00,,,0.00,,,,,,,,,,
Michigan_MPART_Surface_Water,Saline River | 48-SR-0210,Surface Water,42.158417,-83.780978,2018,8/16/2018,,EPA 537.1,,,ng/L,,1.70,,,0.73,0.86,,0.72,0.00,,,,,,,,,,,,1.50,,,,,,,,,,,,,,,,,,,,,,,0.00,,,,,,,,,,
Michigan_MPART_Surface_Water,Saline River | 48-SR-0100,Surface Water,42.062962,-83.653876,2018,6/15/2018,,EPA 537.1,,,ng/L,1.80,1.40,,,0.00,0.74,1.80,0.54,0.00,,,,,,,,,,,0.00,1.20,,,,,,,,,,,,,,,,,,,,0.00,,,0.00,,,,,,,,,,
Michigan_MPART_Surface_Water,Saline River | 48-SR-0150,Surface Water,42.078017,-83.677679,2018,8/16/2018,,EPA 537.1,,,ng/L,,1.80,,0.42,0.68,0.97,,0.81,0.00,,,,,,,,,,,0.00,1.70,,,,,,,,,,,,,,,,,,,,0.00,,,0.00,,,,,,,,,,
Michigan_MPART_Surface_Water,Saline River | 48-SR-0215,Surface Water,42.159332,-83.78414,2018,10/29/2018,,EPA 537.1,,,ng/L,1.60,0.86,,,0.00,0.47,0.67,0.33,0.00,,,,,,,,,,1.20,0.00,1.20,,,,,,,,,,,,,,,,,,,,0.00,,,0.00,,,,,,,,,,
Michigan_MPART_Surface_Water,S. Br. River Raisin | 48-SB-0040,Surface Water,41.908379,-84.03321,2018,6/14/2018,,EPA 537.1,,,ng/L,1.20,,,,0.00,0.52,0.86,0.51,0.00,,,,,,,,,,0.74,,0.78,,,,,,,,,,,,,,,,,,,,0.00,,,0.00,,,,,,,,,,
Michigan_MPART_Surface_Water,River Raisin | 48-RR-0120,Surface Water,41.838509,-83.867639,2018,6/15/2018,,EPA 537.1,,,ng/L,1.00,1.50,,,0.44,0.57,1.40,0.76,0.00,,,,,,,,,,1.40,,0.94,,,,,,,,,,,,,,,,,,,,,,,0.00,,,,,,,,,,
Michigan_MPART_Surface_Water,River Raisin | 48-RR-0180,Surface Water,41.859836,-83.938987,2019,9/12/2019,,EPA 537.1,,,ng/L,1.10,1.30,,,0.40,0.69,,,,,,,,,,,,,,0.00,1.40,,,,,,,,,,,,,,,,,,,,,,,,,,,,,,,,,
Michigan_MPART_Surface_Water,Outfall | 48-SO-0010,Surface Water,41.833838,-83.859624,2019,9/12/2019,,EPA 537.1,,,ng/L,,1.20,,,0.00,,1.70,,,,,,,,,,,,,1.40,,,,,,,,,,,,,,,,,,,,,,,,,,,,,,,,,,
Michigan_MPART_Surface_Water,River Raisin | 48-RR-0220,Surface Water,41.943368,-83.9451,2018,8/16/2018,,EPA 537.1,,,ng/L,0.57,1.30,,0.00,0.41,0.58,1.60,0.45,0.00,,,,,,,,,,,0.00,0.83,,,,,,,,,,,,,,,,,,,0.00,0.00,,,0.00,,,,,,,,,,
Michigan_MPART_Surface_Water,S. Br. River Raisin | 48-SB-0100,Surface Water,41.860191,-84.052808,2018,8/16/2018,,EPA 537.1,,,ng/L,,,,,0.00,0.43,,0.36,0.00,,,,,,,,,,,,0.38,,,,,,,,,,,,,,,,,,,,0.00,,,0.00,,,,,,,,,,
Michigan_MPART_Surface_Water,River Raisin | 48-RR-0210,Surface Water,41.935687,-83.964511,2018,6/14/2018,,EPA 537.1,,,ng/L,0.95,1.40,,,0.34,0.56,1.20,0.77,0.00,,,,,,,,,,1.10,,0.74,,,,,,,,,,,,,,,,,,,,,,,0.00,,,,,,,,,,
Michigan_MPART_Surface_Water,River Raisin | 48-RR-0100,Surface Water,41.881945,-83.7858,2018,8/16/2018,,EPA 537.1,,,ng/L,,1.70,,0.00,0.50,1.10,,0.78,0.00,,,,,,,,,,,0.00,1.60,,,,,,,,,,,,,,,,,,,0.00,0.00,,,0.00,,,,,,,,,,
Michigan_MPART_Surface_Water,Macon Creek | 48-MC-0009,Surface Water,41.979554,-83.625083,2018,10/29/2018,,EPA 537.1,,,ng/L,0.95,1.20,,,0.00,0.55,1.40,0.43,0.00,,,,,,,,,,1.80,,1.80,,,,,,,,,,,,,,,,,,,,0.00,,,0.00,,,,,,,,,,
Michigan_MPART_Surface_Water,River Raisin | 48-RR-0300,Surface Water,42.005953,-83.9349,2018,8/16/2018,,EPA 537.1,,,ng/L,0.90,0.89,,,0.00,0.57,0.94,0.38,0.00,,,,,,,,,,0.93,0.00,1.80,,,,,,,,,,,,,,,,,,,,0.00,,,0.00,,,,,,,,,,
Michigan_MPART_Surface_Water,River Raisin | 48-RR-0180,Surface Water,41.859836,-83.938987,2019,9/12/2019,,EPA 537.1,,,ng/L,1.20,1.20,,,0.27,0.74,,,,,,,,,,,,,,0.00,1.40,,,,,,,,,,,,,,,,,,,,,,,,,,,,,,,,,
Michigan_MPART_Surface_Water,S. BR. River Raisin | 48-SB-0050,Surface Water,41.897902,-84.042088,2019,9/12/2019,,EPA 537.1,,,ng/L,,1.20,,,0.42,,,0.98,,,,,,,,,,,,0.00,1.30,,,,,,,,,,,,,,,,,,,,,,,,,,,,,,,,,
Michigan_MPART_Surface_Water,Black Creek | 48-BK-0100,Surface Water,41.779836,-84.079221,2019,9/12/2019,,EPA 537.1,,,ng/L,1.00,1.00,,,0.28,0.90,1.10,,,,,,,,,,,,1.20,0.00,0.57,,,,,,,,,,,,,,,,,,,,,,,,,,,,,,,,,
Michigan_MPART_Surface_Water,River Raisin | 48-RR-0010,Surface Water,41.900735,-83.355405,2018,6/15/2018,,EPA 537.1,,,ng/L,1.40,1.50,,,0.31,0.70,1.80,0.70,0.00,,,,,,,,,,1.40,,1.20,,,,,,,,,,,,,,,,,,,,0.00,,,0.00,,,,,,,,,,
Michigan_MPART_Surface_Water,River Raisin | 48-RR-0400,Surface Water,42.148565,-84.01799,2018,6/14/2018,,EPA 537.1,,,ng/L,0.93,1.50,,,0.55,0.53,1.20,0.85,0.00,,,,,,,,,,0.97,,0.82,,,,,,,,,,,,,,,,,,,,0.00,,,0.00,,,,,,,,,,
Michigan_MPART_Surface_Water,River Raisin | 48-RR-0270,Surface Water,42.001022,-83.931162,2018,8/16/2018,,EPA 537.1,,,ng/L,0.78,1.40,,0.00,0.42,0.58,1.50,0.40,0.00,,,,,,,,,,,0.00,0.80,,,,,,,,,,,,,,,,,,,0.00,0.00,,,0.00,,,,,,,,,,
Michigan_MPART_Surface_Water,Black Creek | 48-BK-0100,Surface Water,41.779836,-84.079221,2019,9/12/2019,,EPA 537.1,,,ng/L,0.73,1.20,,,0.44,1.00,0.98,,,,,,,,,,,,1.30,0.00,0.60,,,,,,,,,,,,,,,,,,,,,,,,,,,,,,,,,
Michigan_MPART_Surface_Water,River Raisin | 48-RR-0110,Surface Water,41.854663,-83.85,2018,8/16/2018,,EPA 537.1,,,ng/L,,1.40,,0.28,0.58,0.90,,0.62,0.00,,,,,,,,,,,0.00,1.60,,,,,,,,,,,,,,,,,,,0.00,0.00,,,0.00,,,0.00,,,,,,,
Michigan_MPART_Surface_Water,River Raisin | 48-RR-0070,Surface Water,41.952986,-83.647311,2018,6/14/2018,,EPA 537.1,,,ng/L,1.40,1.50,,0.00,0.41,0.61,1.50,0.82,0.00,,,,,,,,,,1.40,0.00,1.20,,,,,,,,,,,,,,,,,,,,0.00,,,0.00,,,,,,,,,,
Michigan_MPART_Surface_Water,S. Br. River Raisin | 48-SB-0020,Surface Water,41.917652,-84.01,2018,8/16/2018,,EPA 537.1,,,ng/L,,1.80,,0.00,0.71,0.99,,0.94,0.00,,,,,,,,,,,0.00,,,,,,,,,,,,,,,,,,,,,0.00,,,0.00,,,,,,,,,,
Michigan_MPART_Surface_Water,River Raisin | 48-RR-0210,Surface Water,41.935687,-83.964511,2018,6/14/2018,,EPA 537.1,,,ng/L,,1.30,,,0.42,0.63,1.10,1.00,0.00,,,,,,,,,,1.10,,0.75,,,,,,,,,,,,,,,,,,,,,,,0.00,,,,,,,,,,
Michigan_MPART_Surface_Water,River Raisin | 48-RR-0050,Surface Water,41.963911,-83.546834,2018,6/15/2018,,EPA 537.1,,,ng/L,1.00,1.40,,,0.31,0.68,1.50,0.75,0.00,,,,,,,,,,1.50,0.00,1.30,,,,,,,,,,,,,,,,,,,,0.49,,,0.00,,,,,,,,,,
Michigan_MPART_Surface_Water,Unnamed trib | 44-FM-0100,Surface Water,41.911662,-83.364335,2019,9/12/2019,,EPA 537.1,,,ng/L,,,,,0.69,0.81,,,,,,,,,,,,,,0.00,1.20,,,,,,,,,,,,,,,,,,,,,,,,,,,,,,,,,
Michigan_MPART_Surface_Water,S. Br. River Raisin | 48-SB-0030,Surface Water,41.909518,-84.029571,2018,8/16/2018,,EPA 537.1,,,ng/L,,1.20,,0.00,0.35,0.81,0.99,0.76,0.00,,,,,,,,,,1.30,0.00,,,,,,,,,,,,,,,,,,,,0.00,0.00,,,0.00,,,,,,,,,,
Michigan_MPART_Surface_Water,Saline River | 48-SR-0010,Surface Water,41.98031,-83.616326,2018,10/29/2018,,EPA 537.1,,,ng/L,,1.60,,0.00,0.28,0.87,,0.84,0.00,,,,,,,,,,,0.00,1.80,,,,,,,,,,,,,,,,,,,,0.00,,,0.00,,,,,,,,,,
Michigan_MPART_Surface_Water,River Raisin | 48-RR-0200,Surface Water,41.919528,-83.9743,2018,8/16/2018,,EPA 537.1,,,ng/L,1.50,1.30,,,0.40,0.76,,0.58,0.00,,,,,,,,,,,,1.30,,,,,,,,,,,,,,,,,,,,0.00,,,0.00,,,,,,,,,,
Michigan_MPART_Surface_Water,River Raisin | 48-RR-0090,Surface Water,41.889649,-83.744788,2018,6/15/2018,,EPA 537.1,,,ng/L,,1.30,,0.00,0.35,0.55,1.70,0.78,0.00,,,,,,,,,,1.30,0.00,0.93,,,,,,,,,,,,,,,,,,,0.00,0.00,,,0.00,,,,,,,,,,
Michigan_MPART_Surface_Water,River Raisin | 48-RR-0250,Surface Water,41.992222,-83.9305,2018,8/16/2018,,EPA 537.1,,,ng/L,0.64,1.70,,,0.37,0.72,1.80,0.45,0.00,,,,,,,,,,,0.00,0.91,,,,,,,,,,,,,,,,,,,,0.00,,,0.00,,,,,,,,,,
Michigan_MPART_Surface_Water,River Raisin | 48-RR-0500,Surface Water,42.100028,-84.224611,2018,6/14/2018,,EPA 537.1,,,ng/L,0.70,1.60,,0.31,0.61,0.48,1.10,0.82,0.00,,,,,,,,,,1.30,0.00,0.62,,,,,,,,,,,,,,,,,,,0.00,0.00,,,0.00,,,,,,,,,,
Michigan_MPART_Surface_Water,Saline River | 48-SR-0210,Surface Water,42.158417,-83.780978,2018,6/15/2018,,EPA 537.1,,,ng/L,,1.10,,0.00,0.00,0.84,1.30,0.63,0.00,,,,,,,,,,1.10,0.00,1.10,,,,,,,,,,,,,,,,,,,0.00,0.00,,,0.00,,,0.00,,,,,,,
Michigan_MPART_Surface_Water,Johnson Drain | 19-JD-0100,Surface Water,42.40811,-83.516822,2021,8/5/2021,,EPA 537.1,,,ng/L,,2.21,,,,,,,,,,,,,,,,,,,1.23,,,,,,,,,,,,,,,,,,,,,,,,,,,,,,,,,
Michigan_MPART_Surface_Water,Tarabusi Creek | 19-TB-0010,Surface Water,42.39918,-83.309296,2020,10/20/2020,,EPA 537.1,,,ng/L,,,,,,1.84,,1.56,,,,,,,,,,,,,,,,,,,,,,,,,,,,,,,,,,,,,,,,,,,,,,
Michigan_MPART_Surface_Water,Lower Branch Rouge River | 19-LBR-0060,Surface Water,42.28856,-83.486457,2020,10/19/2020,,EPA 537.1,,,ng/L,,,,2.45,1.47,,,,,,,,,,,,,,,2.14,,,,,,,,,,,,,,,,,,,,,,,,,,,,,,,,,,
Michigan_MPART_Surface_Water,Rouge River | 19-RR-0030,Surface Water,42.29648,-83.151135,2020,10/19/2020,,EPA 537.1,,,ng/L,1.72,2.17,,,,1.11,,,,,,,,,,,,,3.80,,,,,,,,,,,,,,,,,,,,,,,,,,,,,,,,,,,
Michigan_MPART_Surface_Water,Unnamed Tributary to the Johnso | 19-UTJD2-0010,Surface Water,42.39644,-83.587617,2020,10/20/2020,,EPA 537.1,,,ng/L,,,,,,4.02,,1.88,,,,,,,,,,,,,,,,,,,,,,,,,,,,,,,,,,,,,,,,,,,,,,
Michigan_MPART_Surface_Water,Ingersal Creek | 19-IC-0010,Surface Water,42.45896,-83.454799,2020,10/20/2020,,EPA 537.1,,,ng/L,,3.71,,,,1.07,,2.33,,,,,,,,,,,,,,,,,,,,,,,,,,,,,,,,,,,,,,,,,,,,,,
Michigan_MPART_Surface_Water,Rouge River | 19-RR-0010,Surface Water,42.276606,-83.113385,2019,11/20/2019,,EPA 537.1,,,ng/L,1.70,1.90,,,0.00,1.20,1.70,,,,,,,,,,,,1.70,,1.30,,,,,,,,,,,,,,1.80,,,,,,,,,,,,,,,,,,,
Michigan_MPART_Surface_Water,Main Branch Rouge River | 19-RR-0050,Surface Water,42.32871,-83.241184,2020,10/19/2020,,EPA 537.1,,,ng/L,3.35,3.37,,,,3.91,,2.41,,,,,,,,,,,,,,,,,,,,,,,,,,,,,,,,,,,,,,,,,,,,,,
Michigan_MPART_Surface_Water,Middle Branch Rouge River | 19-MBR-0100,Surface Water,42.34341,-83.360391,2020,10/20/2020,,EPA 537.1,,,ng/L,3.89,4.00,,,,3.56,,2.15,,,,,,,,,,,,,,,,,,,,,,,,,,,,,,,,,,,,,,,,,,,,,,
Michigan_MPART_Surface_Water,Middle Branch Rouge River | 19-MBR-0120,Surface Water,42.37157,-83.445702,2020,10/20/2020,,EPA 537.1,,,ng/L,2.66,2.84,,,,2.17,,1.65,,,,,,,,,,,,,,,,,,,,,,,,,,,,,,,,,,,,,,,,,,,,,,
Michigan_MPART_Surface_Water,Unnamed Tributary to Walled Lak | 19-UTWLB-0010,Surface Water,42.50899,-83.505883,2020,10/20/2020,,EPA 537.1,,,ng/L,1.92,1.73,,,,,,1.80,,,,1.87,,,,,,,3.05,,2.35,,,,,,,,,,,,,,,,,,,,,,,,,,,,,,,,,
Michigan_MPART_Surface_Water,Tarabusi Creek | 19-TB-0010,Surface Water,42.39918,-83.309296,2020,10/20/2020,,EPA 537.1,,,ng/L,,3.78,,,,1.79,,2.05,,,,,,,,,,,,,,,,,,,,,,,,,,,,,,,,,,,,,,,,,,,,,,
Michigan_MPART_Surface_Water,Willow Creek | 19-WC-0020,Surface Water,42.32087,-83.418356,2020,10/20/2020,,EPA 537.1,,,ng/L,,,,,,1.79,,2.08,,,,,,,,,,,,,,,,,,,,,,,,,,,,,,,,,,,,,,,,,,,,,,
Michigan_MPART_Surface_Water,Pebble Creek | 19-PC-0010,Surface Water,42.48606,-83.308817,2020,10/20/2020,,EPA 537.1,,,ng/L,,3.73,,,,4.05,,1.48,,,,,,,,,,,,,,,,,,,,,,,,,,,,,,,,,,,,,,,,,,,,,,
Michigan_MPART_Surface_Water,Horner Drain | 19-HD-0010,Surface Water,42.25805,-83.50343,2020,10/19/2020,,EPA 537.1,,,ng/L,,,,,,,,3.51,,,,1.83,,,,,,,,,,,,,,,,,,,,,,,,,,,,,,,,,,,,,,,,,,
Michigan_MPART_Surface_Water,Fellows Creek | 19-FC-0010,Surface Water,42.29421,-83.436022,2020,10/19/2020,,EPA 537.1,,,ng/L,2.84,3.87,,,,1.21,,2.37,,,,,,,,,,,,,,,,,,,,,,,,,,,,,,,,,,,,,,,,,,,,,,
Michigan_MPART_Surface_Water,Davis Drain | 19-DD-5000,Surface Water,42.50303,-83.505898,2020,10/20/2020,,EPA 537.1,,,ng/L,,3.67,,,,,,2.81,,,,1.14,,,,,,,,,,,,,,,,,,,,,,,,,,,,,,,,,,,,,,,,,,
Michigan_MPART_Surface_Water,Johnson Drain | 19-JD-0030,Surface Water,42.38989,-83.582171,2020,10/20/2020,,EPA 537.1,,,ng/L,,1.20,,,,1.20,,,,,,,,,,,,,,,1.82,3.39,,,,,,,,,,,,,,,,,,,,,,,,,,,,,,,,
Michigan_MPART_Surface_Water,Rouge River | 19-RR-0100,Surface Water,42.45696,-83.305844,2020,10/20/2020,,EPA 537.1,,,ng/L,3.63,3.20,,,,3.28,2.91,1.17,,,,,,,,,,,,,,4.12,,,,,,,,,,,,,,,,,,,,,,,,,,,,,,,,
Michigan_MPART_Surface_Water,Phoenix Lake Impoundment | 19-PLI-0010,Surface Water,42.39311,-83.46745,2020,10/20/2020,,EPA 537.1,,,ng/L,1.78,2.12,,,,2.09,,1.37,,,,,,,,,,,,,,,,,,,,,,,,,,,,,,,,,,,,,,,,,,,,,,
Michigan_MPART_Surface_Water,Rouge River | 19-RR-0010,Surface Water,42.276606,-83.113385,2019,11/20/2019,,EPA 537.1,,,ng/L,,1.70,,,0.46,1.10,1.90,,,,,,,,,,,,1.50,0.00,1.30,,,,,,,,,,,,,,1.70,,,,,,,,,,,,,0.00,,,,,,
Michigan_MPART_Surface_Water,Newburgh Lake Impoundment | 19-NLI-0010,Surface Water,42.36594,-83.422473,2020,10/20/2020,,EPA 537.1,,,ng/L,1.87,3.27,,,,2.85,,1.46,,,,,,,,,,,,,,,,,,,,,,,,,,,,,,,,,,,,,,,,,,,,,,
Michigan_MPART_Surface_Water,Middle Branch Rouge River | 19-MBR-0010,Surface Water,42.3307,-83.248097,2020,10/20/2020,,EPA 537.1,,,ng/L,,,,,,,,2.51,,,,,,,,,,,,,,,,,,,,,,,,,,,,,,,,,,,,,,,,,,,,,,
Michigan_MPART_Surface_Water,Rouge River | 19-RR-0090,Surface Water,42.429204,-83.269101,2020,10/19/2020,,EPA 537.1,,,ng/L,3.63,3.54,,,,3.38,3.56,1.28,,,,,,,,,,,,,,,,,,,,,,,,,,,,,,,,,,,,,,,,,,,,,,
Michigan_MPART_Surface_Water,Unnamed tributary to the Harris | 19-UTHRD-0010,Surface Water,42.2486,-83.4934,2020,10/19/2020,,EPA 537.1,,,ng/L,4.18,,,,,,,2.33,,,,,,,,,,,,,3.71,,,,,,,,,,,,,,,,,,,,,,,,,,,,,,,,,
Michigan_MPART_Surface_Water,Willow Creek | 19-WC-0010,Surface Water,42.33692,-83.409383,2020,10/20/2020,,EPA 537.1,,,ng/L,,4.06,,,,3.38,,2.48,,,,,,,,,,,,,,,,,,,,,,,,,,,,,,,,,,,,,,,,,,,,,,
Michigan_MPART_Surface_Water,Davis Drain | 19-DD-5000,Surface Water,42.50303,-83.505898,2018,10/30/2018,,EPA 537.1,,,ng/L,,,,0.62,0.97,1.50,,,0.00,,,,,,,,,,,0.00,,,,,,,,,,,,,,,,,,,,0.00,0.00,,,0.00,,,0.36,,,,,,,
Michigan_MPART_Surface_Water,Pebble Creek | 19-PC-0100,Surface Water,42.51439,-83.342464,2020,10/19/2020,,EPA 537.1,,,ng/L,3.91,,,,,1.98,,1.74,,,,,,,,,,,,,,,,,,,,,,,,,,,,,,,,,,,,,,,,,,,,,,
Michigan_MPART_Surface_Water,Fowler Creek | 19-FW-0010,Surface Water,42.28026,-83.524986,2020,10/19/2020,,EPA 537.1,,,ng/L,1.57,1.14,,,,,1.81,,,,,,,,,,,,2.62,,2.66,2.41,,,,,,,,,,,,,,,,,,,,,,,,,,,,,,,,
Michigan_MPART_Surface_Water,Lower Branch Rouge River | 19-LBR-0050,Surface Water,42.27983,-83.447093,2020,10/19/2020,,EPA 537.1,,,ng/L,,,,2.34,1.42,,,,,,,,,,,,,,,1.28,,,,,,,,,,,,,,,,,,,,,,,,,,,,,,,,,,
Michigan_MPART_Surface_Water,Rouge River | 19-RR-0120,Surface Water,42.53851,-83.227861,2020,10/19/2020,,EPA 537.1,,,ng/L,2.75,3.75,,,,2.21,4.14,,,,,,,,,,,,,,,4.29,,,,,,,,,,,,,,,,,,,,,,,,,,,,,,,,
Michigan_MPART_Surface_Water,Lower Branch Rouge River | 19-LBR-0040,Surface Water,42.28499,-83.383443,2020,10/19/2020,,EPA 537.1,,,ng/L,,,,1.79,,,,,,,,,,,,,,,,1.43,,,,,,,,,,,,,,,,,,,,,,,,,,,,,,,,,,
Michigan_MPART_Surface_Water,McClaughrey Drain | 19-MD-0010,Surface Water,42.28102,-83.401735,2020,10/19/2020,,EPA 537.1,,,ng/L,,,,1.90,1.53,2.99,,,,,,,,,,,,,,,,,,,,,,,,,,,,,,,,,,,,,,,,,,,,,,,,
Michigan_MPART_Surface_Water,Bell Branch | 19-BB-0010,Surface Water,42.40434,-83.373749,2020,10/20/2020,,EPA 537.1,,,ng/L,2.84,3.53,,,,1.23,,1.68,,,,,,,,,,,,,,,,,,,,,,,,,,,,,,,,,,,,,,,,,,,,,,
Michigan_MPART_Surface_Water,Lower Branch Rouge River | 19-LBR-0020,Surface Water,42.3085,-83.252834,2020,10/19/2020,,EPA 537.1,,,ng/L,,,,1.76,1.12,,,,,,,,,,,,,,,1.77,,,,,,,,,,,,,,,,,,,,,,,,,,,,,,,,,,
Michigan_MPART_Surface_Water,Lower Branch Rouge River | 19-LBR-0010,Surface Water,42.3126,-83.242386,2020,10/19/2020,,EPA 537.1,,,ng/L,,,,1.54,1.23,,,,,,,,,,,,,,,2.17,,,,,,,,,,,,,,,,,,,,,,,,,,,,,,,,,,
Michigan_MPART_Surface_Water,Walled Lake Branch | 19-WLB-0010,Surface Water,42.44272,-83.47272,2020,10/20/2020,,EPA 537.1,,,ng/L,2.53,,,,,2.35,,2.64,,,,,,,,,,,,,,,,,,,,,,,,,,,,,,,,,,,,,,,,,,,,,,
Michigan_MPART_Surface_Water,Rouge River | 19-RR-0015,Surface Water,42.27953,-83.121461,2019,11/20/2019,,EPA 537.1,,,ng/L,,,,,0.43,1.80,,1.00,,,,,,,,,,,,0.00,,,,,,,,,,,,,,,1.70,,,,,,,,,,,,,0.00,,,,,,
Michigan_MPART_Surface_Water,Bell Drain | 19-BLD-0010,Surface Water,42.27827,-83.4239,2020,10/19/2020,,EPA 537.1,,,ng/L,,,,2.88,2.45,1.67,,,,,,,,,,,,,,,2.81,,,,,,,,,,,,,,,,,,,,,,,,,,,,,,,,,
Michigan_MPART_Surface_Water,Rouge River | 19-RR-0035,Surface Water,42.29066,-83.167406,2020,10/19/2020,,EPA 537.1,,,ng/L,3.45,,,,,3.33,,2.32,,,,1.82,,,,,,,,,,,,,,,,,,,,,,,,,,,,,,,,,,,,,,,,,,
Michigan_MPART_Surface_Water,Rouge River | 19-RR-0070,Surface Water,42.38786,-83.267096,2020,10/19/2020,,EPA 537.1,,,ng/L,4.06,,,,,3.96,,1.69,,,,,,,,,,,,,,,,,,,,,,,,,,,,,,,,,,,,,,,,,,,,,,
Michigan_MPART_Surface_Water,Rouge River | 19-RR-0110,Surface Water,42.48903,-83.276478,2020,10/19/2020,,EPA 537.1,,,ng/L,1.79,2.50,,,,2.06,3.16,,,,,,,,,,,,3.72,,,3.36,,,,,,,,,,,,,,,,,,,,,,,,,,,,,,,,
Michigan_MPART_Surface_Water,Rouge River | 19-RR-0060,Surface Water,42.35239,-83.252165,2020,10/19/2020,,EPA 537.1,,,ng/L,3.46,3.16,,,,2.72,,1.62,,,,2.05,,,,,,,,,,,,,,,,,,,,,,,,,,,,,,,,,,,,,,,,,,
Michigan_MPART_Surface_Water,Pebble Creek | 19-PC-0010,Surface Water,42.48606,-83.308817,2020,10/19/2020,,EPA 537.1,,,ng/L,,3.98,,,,2.74,,2.50,,,,,,,,,,,,,,,,,,,,,,,,,,,,,,,,,,,,,,,,,,,,,,
Michigan_MPART_Surface_Water,Johnson Drain | 19-JD-0100,Surface Water,42.40811,-83.516822,2020,10/20/2020,,EPA 537.1,,,ng/L,2.11,2.60,,,,1.85,,1.42,,,,,,,,,,,,,1.99,,,,,,,,,,,,,,,,,,,,,,,,,,,,,,,,,
Michigan_MPART_Surface_Water,Rouge River | 19-RR-0130,Surface Water,42.6221,-83.179779,2020,10/19/2020,,EPA 537.1,,,ng/L,3.31,2.76,,,,1.51,,2.32,,,,,,,,,,,,,,,,,,,,,,,,,,,,,,,,,,,,,,,,,,,,,,
Michigan_MPART_Surface_Water,Fellows Creek | 19-FC-0010,Surface Water,42.29421,-83.436022,2020,10/19/2020,,EPA 537.1,,,ng/L,2.95,3.78,,,,1.07,,1.79,,,,,,,,,,,,,,,,,,,,,,,,,,,,,,,,,,,,,,,,,,,,,,
Michigan_MPART_Surface_Water,Rouge River | 19-RR-0020,Surface Water,42.28079,-83.129043,2020,10/19/2020,,EPA 537.1,,,ng/L,1.84,1.88,,,,1.60,,,,,,,,,,,,,3.80,,,,,,,,,,,,,,,,,,,,,,,,,,,,,,,,,,,
Michigan_MPART_Surface_Water,Upper Branch Rouge River | 19-UBR-0010,Surface Water,42.39079,-83.273266,2020,10/19/2020,,EPA 537.1,,,ng/L,,,,,,2.12,,1.70,,,,,,,,,,,,,,,,,,,,,,,,,,,,,,,,,,,,,,,,,,,,,,
Michigan_MPART_Surface_Water,Johnson Drain | 19-JD-0020,Surface Water,42.393386,-83.534672,2020,10/20/2020,,EPA 537.1,,,ng/L,,,,,,1.08,2.89,,,,,,,,,,,,,,2.17,3.37,,,,,,,,,,,,,,,,,,,,,,,,,,,,,,,,
Michigan_MPART_Surface_Water,Unnamed Trib to an Unnamed Trib | 19-UUTJD-0010,Surface Water,42.39696597,-83.54972482,2021,8/5/2021,,EPA 537.1,,,ng/L,,,,1.36,1.04,,,,,,,,,,,,,,,,,,,,,,,,,,,,,,,,,,,,,,,,,,,,,,,,,
Michigan_MPART_Surface_Water,Upper Branch Rouge River | 19-UBR-0100,Surface Water,42.45226,-83.351809,2020,10/20/2020,,EPA 537.1,,,ng/L,1.87,,,,,2.13,,1.57,,,,,,,,,,,,,,,,,,,,,,,,,,,,,,,,,,,,,,,,,,,,,,
Michigan_MPART_Surface_Water,Lower Branch Rouge River | 19-LBR-0045,Surface Water,42.2816,-83.4219,2020,10/19/2020,,EPA 537.1,,,ng/L,,,,2.35,,,,,,,,,,,,,,,,1.90,,,,,,,,,,,,,,,,,,,,,,,,,,,,,,,,,,
Michigan_MPART_Surface_Water,Rouge River | 19-RR-0080,Surface Water,42.40001,-83.271713,2020,10/19/2020,,EPA 537.1,,,ng/L,,,,,,3.43,3.87,1.22,,,,,,,,,,,,,,,,,,,,,,,,,,,,,,,,,,,,,,,,,,,,,,
Michigan_MPART_Surface_Water,Tonquish Creek | 19-TC-0010,Surface Water,42.3359,-83.447704,2020,10/20/2020,,EPA 537.1,,,ng/L,3.40,3.34,,,,3.24,,1.88,,,,,,,,,,,,,,,,,,,,,,,,,,,,,,,,,,,,,,,,,,,,,,
Michigan_MPART_Surface_Water,Sunken Bridge Drain | 19-SBD-0010,Surface Water,42.54655,-83.225188,2020,10/19/2020,,EPA 537.1,,,ng/L,3.10,,,,,3.35,,1.51,,,,,,,,,,,4.04,,,,,,,,,,,,,,,,,,,,,,,,,,,,,,,,,,,
Michigan_MPART_Surface_Water,Unnamed Tributary to the Johnso | 19-UTJD-0010,Surface Water,42.39734,-83.530199,2020,10/20/2020,,EPA 537.1,,,ng/L,,1.31,,,,,2.42,1.05,,,,,,,,,,,2.76,,2.50,2.90,,,,,,,,,,,,,,,,,,,,,,,,,,,,,,,,
Michigan_MPART_Surface_Water,Middle Branch Rouge River | 19-MBR-0100,Surface Water,42.34341,-83.360391,2020,10/20/2020,,EPA 537.1,,,ng/L,,,,,,,,2.56,,,,,,,,,,,,,,,,,,,,,,,,,,,,,,,,,,,,,,,,,,,,,,
Michigan_MPART_Surface_Water,Middle Branch Rouge River | 19-MBR-0110,Surface Water,42.3552,-83.373108,2020,10/20/2020,,EPA 537.1,,,ng/L,2.57,3.64,,,,,,1.88,,,,,,,,,,,,,,,,,,,,,,,,,,,,,,,,,,,,,,,,,,,,,,
Michigan_MPART_Surface_Water,Rouge River | 19-RR-0040,Surface Water,42.29459,-83.179398,2020,10/19/2020,,EPA 537.1,,,ng/L,,,,,,,,3.66,,,,3.67,,,,,,,,,,,,,,,,,,,,,,,,,,,,,,,,,,,,,,,,,,
Michigan_MPART_Surface_Water,Lower Branch Rouge River | 19-LBR-0040,Surface Water,42.28499,-83.383443,2020,10/19/2020,,EPA 537.1,,,ng/L,,,,1.82,1.09,,,,,,,,,,,,,,,1.66,,,,,,,,,,,,,,,,,,,,,,,,,,,,,,,,,,
Michigan_MPART_Surface_Water,Rouge River | 19-RR-0090,Surface Water,42.429204,-83.269101,2020,10/19/2020,,EPA 537.1,,,ng/L,3.97,3.32,,,,3.37,3.80,1.72,,,,,,,,,,,,,,,,,,,,,,,,,,,,,,,,,,,,,,,,,,,,,,
Michigan_MPART_Surface_Water,Sines Drain | 19-SD-0010,Surface Water,42.28173,-83.47621,2020,10/19/2020,,EPA 537.1,,,ng/L,,,,,1.88,,,2.51,3.36,,,,,,,,,,,,,,,,,,,,,,,,,,,,,,,,,,,,,,,,,,,,,
Michigan_MPART_Surface_Water,Tarabusi Creek/Upper Branch | 19-TB-0100,Surface Water,42.43128,-83.37539,2020,10/20/2020,,EPA 537.1,,,ng/L,,,,,,2.26,,1.87,,,,,,,,,,,,,,,,,,,,,,,,,,,,,,,,,,,,,,,,,,,,,,
Michigan_MPART_Surface_Water,Unnamed Tributary to Sunken Bri | 19-UTSBD-0010,Surface Water,42.58566,-83.237288,2020,10/19/2020,,EPA 537.1,,,ng/L,,2.89,,,,2.54,3.85,1.48,,,,,,,,,,,,,,,,,,,,,,,,,,,,,,,,,,,,,,,,,,,,,,
Michigan_MPART_Surface_Water,Gunn Branch | 19-GB-0010,Surface Water,42.397004,-83.390355,2020,10/20/2020,,EPA 537.1,,,ng/L,2.10,3.35,,,,1.32,3.58,2.43,,,,,,,,,,,3.77,,4.07,,,,,,,,,,,,,,,,,,,,,,,,,,,,,,,,,
Michigan_MPART_Surface_Water,Walled Lake Branch | 19-WLB-0100,Surface Water,42.4951,-83.495946,2020,10/20/2020,,EPA 537.1,,,ng/L,2.73,,,,,,,2.59,,,,,,,,,,,,,,,,,,,,,,,,,,,,,,,,,,,,,,,,,,,,,,
Michigan_MPART_Surface_Water,Wilcox Lake Impoundment | 19-WLI-0010,Surface Water,42.38483,-83.460232,2020,10/20/2020,,EPA 537.1,,,ng/L,1.96,2.40,,,,2.11,,1.56,,,,,,,,,,,,,,,,,,,,,,,,,,,,,,,,,,,,,,,,,,,,,,
Michigan_MPART_Surface_Water,Lower Branch Rouge River | 19-LBR-0030,Surface Water,42.30063,-83.300621,2020,10/19/2020,,EPA 537.1,,,ng/L,,,,1.86,,,,,,,,,,,,,,,,1.83,,,,,,,,,,,,,,,,,,,,,,,,,,,,,,,,,,
Michigan_MPART_Surface_Water,Saginaw River | 49-MGI-0010,Surface Water,43.57550143,-83.90308429,2021,8/26/2021,,EPA 537.1,,,ng/L,2.91,1.63,,,,,1.80,,,,,,,,,,,,,,,3.33,,,,,,,,,,,,,,,,,,,,,,,,,,,,,,,,
Michigan_MPART_Surface_Water,Saginaw River | 49-MGI-0010,Surface Water,43.57550143,-83.90308429,2021,8/26/2021,,EPA 537.1,,,ng/L,,1.25,,,,,2.40,,,,,,,,,,,,,,,4.06,,,,,,,,,,,,,,,,,,,,,,,,,,,,,,,,
Michigan_MPART_Surface_Water,Saginaw River | 49-SG-0085,Surface Water,43.455,-83.928,2019,10/29/2019,,EPA 537.1,,,ng/L,1.80,1.70,,,0.47,0.96,1.30,1.00,0.00,,,,,,,,,,0.67,0.00,1.20,,,,,,,,,,,,,,,,,,,,0.00,,,0.00,,,0.58,,,,,,,
Michigan_MPART_Surface_Water,Saginaw River | 49-SG-0090,Surface Water,43.436,-83.94,2019,10/29/2019,,EPA 537.1,,,ng/L,3.30,1.70,,0.00,0.26,0.75,0.76,1.10,0.00,,,,,,,,,,1.50,0.00,1.60,,,,,,,,,,,,,,,,,,,,0.00,,,0.00,1.30,,0.44,,,,,,,
Michigan_MPART_Surface_Water,N. Branch Squaconning Creek | 49-NBSQ-0010,Surface Water,43.553,-84.0504,2021,3/30/2021,,EPA 537.1,,,ng/L,,,,1.41,,,,,1.52,,,,,,,,,,,,,,,,,,,,,,,,,,,,,,,,,,,,,,,,,,,,,
Michigan_MPART_Surface_Water,Saginaw River | 49-SG-0060,Surface Water,43.555,-83.907,2021,8/26/2021,,EPA 537.1,,,ng/L,,1.39,,,,,2.61,1.90,,,,,,,,,,,,,2.31,,,,,,,,,,,,,,,,,,,,,,,,,,,,,,,,,
Michigan_MPART_Surface_Water,Saginaw River | 49-SG-0110,Surface Water,43.401,-83.966,2019,10/29/2019,,EPA 537.1,,,ng/L,,1.90,,0.00,0.27,0.81,1.90,0.90,0.00,,,,,,,,,,1.40,0.00,1.70,,,,,,,,,,,,,,,,,,,,0.00,,,0.00,1.30,,0.72,,,,,,,
Michigan_MPART_Surface_Water,Saginaw River | 49-SG-0057,Surface Water,43.56619611,-83.90396415,2021,8/26/2021,,EPA 537.1,,,ng/L,1.72,1.25,,,,,2.21,1.09,,,,,,,,,,,,,,,,,,,,,,,,,,,,,,,,,,,,,,,,,,,,,,
Michigan_MPART_Surface_Water,Saginaw River | 49-SG-0055,Surface Water,43.575,-83.907,2019,10/29/2019,,EPA 537.1,,,ng/L,,1.90,,,0.69,1.10,1.50,1.30,0.00,,,,,,,,,,1.30,0.00,1.60,,,,,,,,,,,,,,,,,,,,0.00,,,0.00,,,0.90,,,,,,,
Michigan_MPART_Surface_Water,Saginaw River | 49-SG-0060,Surface Water,43.555,-83.907,2019,10/29/2019,,EPA 537.1,,,ng/L,2.30,1.60,,,0.54,0.58,1.70,0.00,0.00,,,,,,,,,,1.30,0.00,1.80,,,,,,,,,,,,,,,,,,,,0.00,,,0.00,1.30,,0.55,,,,,,,
Michigan_MPART_Surface_Water,Saginaw River | 49-SG-0030,Surface Water,43.613,-83.854,2021,8/26/2021,,EPA 537.1,,,ng/L,1.38,1.43,,,,,2.83,1.38,,,,,,,,,,,,,1.59,,,,,,,,,,,,,,,,,,,,,,,,,,,,,,,,,
Michigan_MPART_Surface_Water,Saginaw River | 49-SG-0020,Surface Water,43.625,-83.842,2019,10/29/2019,,EPA 537.1,,,ng/L,,1.70,,0.00,0.26,0.92,,1.00,0.00,,,,,,,,,,1.60,0.00,1.70,,,,,,,,,,,,,,,,,,,,0.00,,,0.00,1.30,,0.67,,,,,,,
Michigan_MPART_Surface_Water,Kochville and Frankenlust Drain | 49-KF-0010,Surface Water,43.5519,-83.9633,2021,3/30/2021,,EPA 537.1,,,ng/L,,,,,,,,,,,,,,,,,,,,,2.93,1.16,,,,,,,,,,,,,,,,,,,,,,,,,,,,,,,,
Michigan_MPART_Surface_Water,Saginaw River | 49-SG-0044,Surface Water,43.5987358,-83.89168989,2021,8/26/2021,,EPA 537.1,,,ng/L,1.54,1.42,,,,1.36,2.20,,,,,,,,,,,,,,2.04,,,,,,,,,,,,,,,,,,,,,,,,,,,,,,,,,
Michigan_MPART_Surface_Water,Saginaw River | 49-SG-0040,Surface Water,43.612,-83.874,2019,10/29/2019,,EPA 537.1,,,ng/L,,1.40,,,0.37,0.79,1.40,1.20,0.00,,,,,,,,,,1.50,0.00,2.20,,,,,,,,,,,,,,,,,,,,0.00,,,0.00,1.30,,0.68,,,,,,,
Michigan_MPART_Surface_Water,Saginaw River | 49-SG-0100,Surface Water,43.421,-83.951,2019,10/29/2019,,EPA 537.1,,,ng/L,2.00,1.70,,0.00,0.64,0.77,1.10,0.93,0.00,,,,,,,,,,0.66,0.00,0.93,,,,,,,,,,,,,,,,,,,,0.00,,,0.00,,,1.00,,,,,,,
Michigan_MPART_Surface_Water,Saginaw River | 49-SG-0012,Surface Water,43.640938,-83.848019,2013,8/2/2013,,Unnamed_SPE_LCMS_MS,,,ng/L,,,,,1.60,2.00,,1.20,,,,,,,,,,,,,1.70,,,,,,,,,,,,,,,,,,,,0.00,0.51,,,,,,,,,,,,
Michigan_MPART_Surface_Water,Saginaw River | 49-SG-0025,Surface Water,43.61856531,-83.84422168,2021,8/26/2021,,EPA 537.1,,,ng/L,,1.74,,,,,1.24,,,,,,,,,,,,,,3.18,3.95,,,,,,,,,,,,,,,,,,,,,,,,,,,,,,,,
Michigan_MPART_Surface_Water,Saginaw River | 49-SG-0052,Surface Water,43.584,-83.9,2019,10/29/2019,,EPA 537.1,,,ng/L,,1.70,,,0.27,1.40,1.70,0.00,0.00,,,,,,,,,,1.70,0.00,1.80,,,,,,,,,,,,,,,,,,,,0.00,,,0.00,1.30,,0.64,,,,,,,
Michigan_MPART_Surface_Water,Saginaw River | 49-SG-0080,Surface Water,43.461,-83.912,2019,10/29/2019,,EPA 537.1,,,ng/L,,1.80,,0.00,0.54,0.91,1.40,1.00,0.00,,,,,,,,,,0.70,0.00,1.40,,,,,,,,,,,,,,,,,,,,0.00,,,0.00,,,0.71,,,,,,,
Michigan_MPART_Surface_Water,Saginaw River | 49-SG-0110,Surface Water,43.401,-83.966,2020,9/21/2020,,EPA 537.1,,,ng/L,3.25,1.61,,,,1.20,2.64,,,,,,,,,,,,1.91,,2.94,4.10,,,,,,,,,,,,,,,,,,,,,,,,,,,,,,,,
Michigan_MPART_Surface_Water,Schmitt Drain | 49-SH-0010,Surface Water,43.53808,-84.0505,2021,3/30/2021,,EPA 537.1,,,ng/L,1.76,,,,,,2.85,,,,,,,,,,,,2.37,1.37,2.87,2.54,,,,,,,,,,,,,,,,,,,,,,,,,,,,,,,,
Michigan_MPART_Surface_Water,Saginaw River | 49-SG-0030,Surface Water,43.613,-83.854,2019,10/29/2019,,EPA 537.1,,,ng/L,2.00,1.40,,,0.27,0.93,,0.82,0.00,,,,,,,,,,1.60,0.00,1.40,,,,,,,,,,,,,,,,,,,,0.00,,,0.00,1.30,,0.69,,,,,,,
Michigan_MPART_Surface_Water,Saginaw River | 49-SG-0043,Surface Water,43.6091419,-83.88755247,2021,8/26/2021,,EPA 537.1,,,ng/L,,1.32,,,,,2.43,,,,,,,,,,,,,,2.86,,,,,,,,,,,,,,,,,,,,,,,,,,,,,,,,,
Michigan_MPART_Surface_Water,Cheboyganing Creek | 49-CB-0010,Surface Water,43.508,-83.863,2019,10/29/2019,,EPA 537.1,,,ng/L,2.00,2.00,,,0.38,1.00,1.20,1.10,0.00,,,,,,,,,,1.20,0.00,,,,,,,,,,,,,,,,,,,,,0.00,,,0.00,,,0.81,,,,,,,
Michigan_MPART_Surface_Water,Dutch Creek | 49-DC-0020,Surface Water,43.56478,-83.941,2021,3/30/2021,,EPA 537.1,,,ng/L,,,,,,,,,,,,,,,,,,,,,2.32,2.11,,,,,,,,,,,,,,,,,,,,,,,,,,,,,,,,
Michigan_MPART_Surface_Water,Saginaw River | 49-SG-0055,Surface Water,43.575,-83.907,2019,10/29/2019,,EPA 537.1,,,ng/L,2.50,1.40,,,0.27,0.83,1.60,0.70,0.00,,,,,,,,,,1.40,0.00,1.30,,,,,,,,,,,,,,,,,,,,0.00,,,0.00,1.30,,0.75,,,,,,,
Michigan_MPART_Surface_Water,Saginaw River | 49-SG-0052,Surface Water,43.584,-83.9,2021,8/26/2021,,EPA 537.1,,,ng/L,1.67,1.80,,,,1.45,2.05,,,,,,,,,,,,,,2.53,3.15,,,,,,,,,,,,,,,,,,,,,,,,,,,,,,,,
Michigan_MPART_Surface_Water,Saginaw River | 49-SG-0039,Surface Water,43.61217741,-83.86827113,2021,8/26/2021,,EPA 537.1,,,ng/L,1.70,1.69,,,,,2.53,,,,,,,,,,,,2.83,,2.51,3.57,,,,,,,,,,,,,,,,,,,,,,,,,,,,,,,,
Michigan_MPART_Surface_Water,Saginaw River | 49-SG-0012,Surface Water,43.640938,-83.848019,2013,8/2/2013,,Unnamed_SPE_LCMS_MS,,,ng/L,,,,,1.70,1.90,,1.70,,,,,,,,,,,,,1.80,,,,,,,,,,,,,,,,,,,,0.00,0.31,,,,,,,,,,,,
Michigan_MPART_Surface_Water,Branch 3 Squaconning Creek | 49-BRSQ-0010,Surface Water,43.55911,-84.0702,2021,3/30/2021,,EPA 537.1,,,ng/L,,,,,,,,,,,,,,,,,,,,,,1.03,,,,,,,,,,,,,,,,,,,,,,,,,,,,,,,,
Michigan_MPART_Surface_Water,Saginaw River | 49-SG-0012,Surface Water,43.640938,-83.848019,2013,8/2/2013,,Unnamed_SPE_LCMS_MS,,,ng/L,,,,,1.50,2.10,,1.60,,,,,,,,,,,,,1.60,,,,,,,,,,,,,,,,,,,,0.00,0.59,,,,,,,,,,,,
Michigan_MPART_Surface_Water,Saginaw River | 49-SG-0010,Surface Water,43.645,-83.851,2019,10/29/2019,,EPA 537.1,,,ng/L,,2.00,,0.00,0.26,1.30,1.20,0.83,0.00,,,,,,,,,,1.80,0.00,1.80,,,,,,,,,,,,,,,,,,,,0.00,,,0.00,1.30,,0.71,,,,,,,
Michigan_MPART_Surface_Water,Squaconning Creek | 49-SQ-0030,Surface Water,43.5664,-83.9921,2021,3/30/2021,,EPA 537.1,,,ng/L,,2.18,,,1.33,,,2.40,,,,3.73,,,,,,,,2.74,2.92,2.68,,,,,,,,,,,,,,,,,,,,,,,,,,,,,,,,
Michigan_MPART_Surface_Water,Saginaw River | 49-SG-0030,Surface Water,43.613,-83.854,2021,8/26/2021,,EPA 537.1,,,ng/L,1.83,1.45,,,,1.07,,,,,,,,,,,,,,,1.60,,,,,,,,,,,,,,,,,,,,,,,,,,,,,,,,,
Michigan_MPART_Surface_Water,Dutch Creek | 49-DC-0010,Surface Water,43.557,-83.916,2021,3/30/2021,,EPA 537.1,,,ng/L,3.44,1.43,,,,,3.48,1.20,,,,,,,,,,,3.95,1.12,3.21,3.22,,,,,,,,,,,,,,,,,,,,,,,,,,,,,,,,
Michigan_MPART_Surface_Water,Saginaw River | 49-SG-0055,Surface Water,43.575,-83.907,2021,8/26/2021,,EPA 537.1,,,ng/L,1.76,1.77,,,,,3.00,,,,,,,,,,,,,,,,,,,,,,,,,,,,,,,,,,,,,,,,,,,,,,,
Michigan_MPART_Surface_Water,Dutch Creek | 49-DC-0010,Surface Water,43.557,-83.916,2019,10/29/2019,,EPA 537.1,,,ng/L,,1.20,,0.00,0.88,,,1.30,0.21,,,,,,,,,,,1.20,,,,,,,,,,,,,,,,,,,,,0.00,,,0.00,1.30,,0.49,,,,,,,
Michigan_MPART_Surface_Water,Saginaw River | 49-SG-0053,Surface Water,43.584,-83.899,2021,8/26/2021,,EPA 537.1,,,ng/L,1.56,1.64,,,,,3.25,,,,,,,,,,,,,,2.83,,,,,,,,,,,,,,,,,,,,,,,,,,,,,,,,,
Michigan_MPART_Surface_Water,Saginaw River | 49-SG-0051,Surface Water,43.587,-83.896,2019,10/29/2019,,EPA 537.1,,,ng/L,,1.90,,0.00,0.63,0.90,1.30,0.86,0.00,,,,,,,,,,0.60,0.00,1.60,,,,,,,,,,,,,,,,,,,,0.00,,,0.00,,,0.66,,,,,,,
Michigan_MPART_Surface_Water,Squaconning Creek | 49-SQ-0030,Surface Water,43.5664,-83.9921,2021,3/30/2021,,EPA 537.1,,,ng/L,,2.19,,,,,,1.86,,,,,,,,,,,,3.11,2.86,2.42,,,,,,,,,,,,,,,,,,,,,,,,,,,,,,,,
Michigan_MPART_Surface_Water,Saginaw River | 49-SG-0053,Surface Water,43.584,-83.899,2019,10/29/2019,,EPA 537.1,,,ng/L,,2.00,,0.00,0.59,0.93,1.50,0.95,0.00,,,,,,,,,,1.50,0.00,1.50,,,,,,,,,,,,,,,,,,,,0.00,,,0.00,,,0.71,,,,,,,
Michigan_MPART_Surface_Water,Dutch Creek | 49-DC-0010,Surface Water,43.557,-83.916,2021,3/30/2021,,EPA 537.1,,,ng/L,3.88,1.67,,,,,3.27,1.36,,,,,,,,,,,2.92,,3.45,2.91,,,,,,,,,,,,,,,,,,,,,,,,,,,,,,,,
Michigan_MPART_Surface_Water,Columbia Drain | 49-CM-0009,Surface Water,43.5662,-83.9243,2021,3/30/2021,,EPA 537.1,,,ng/L,,3.41,,,,,2.96,1.87,,,,,,,,,,,2.52,,3.00,,,,,,,,,,,,,,,,,,,,,,,,,,,,,,,,,
Michigan_MPART_Surface_Water,Squaconning Creek | 49-SQ-0010,Surface Water,43.55563,-83.9512,2021,3/30/2021,,EPA 537.1,,,ng/L,,1.26,,,,,3.47,1.20,,,,,,,,,,,,1.39,3.90,2.31,,,,,,,,,,,,,,,,,,,,,,,,,,,,,,,,
Michigan_MPART_Surface_Water,Saginaw River | 49-SG-0056,Surface Water,43.57194511,-83.9024942,2021,8/26/2021,,EPA 537.1,,,ng/L,2.73,1.84,,,,,3.08,,,,,,,,,,,,,,1.58,,,,,,,,,,,,,,,,,,,,,,,,,,,,,,,,,
Michigan_MPART_Surface_Water,Saginaw River | 49-SG-0045,Surface Water,43.596,-83.894,2019,10/29/2019,,EPA 537.1,,,ng/L,,1.80,,0.00,0.53,0.87,1.60,1.10,0.00,,,,,,,,,,0.94,0.00,1.40,,,,,,,,,,,,,,,,,,,,0.00,,,0.00,,,0.62,,,,,,,
Michigan_MPART_Surface_Water,Saginaw River | 49-SG-0050,Surface Water,43.588,-83.897,2019,10/29/2019,,EPA 537.1,,,ng/L,,1.70,,,0.27,0.77,,0.71,0.00,,,,,,,,,,1.40,0.00,1.60,,,,,,,,,,,,,,,,,,,,0.00,,,0.00,1.30,,0.67,,,,,,,
Michigan_MPART_Surface_Water,Saginaw River | 49-SG-0060,Surface Water,43.555,-83.907,2019,10/29/2019,,EPA 537.1,,,ng/L,2.20,1.60,,,0.27,0.94,,0.96,0.00,,,,,,,,,,1.20,0.00,1.60,,,,,,,,,,,,,,,,,,,,0.00,,,0.00,1.30,,0.51,,,,,,,
Michigan_MPART_Surface_Water,Saginaw River | 49-SG-0070,Surface Water,43.482,-83.912,2019,10/29/2019,,EPA 537.1,,,ng/L,1.70,1.10,,0.00,0.26,0.23,,0.71,0.00,,,,,,,,,,1.30,0.00,1.30,,,,,,,,,,,,,,,,,,,,0.00,,,0.00,1.30,,,,,,,,,
Michigan_MPART_Surface_Water,Klauss Drain | 49-KD-0010,Surface Water,43.5524,-83.9931,2021,3/30/2021,,EPA 537.1,,,ng/L,,2.37,,,,,,1.84,,,,,,,,,,,,3.03,,2.07,,,,,,,,,,,,,,,,,,,,,,,,,,,,,,,,
Michigan_MPART_Surface_Water,W. Branch Squaconning Creek | 49-WBSQ-0010,Surface Water,43.52433,-84.0508,2021,3/30/2021,,EPA 537.1,,,ng/L,,,,,3.32,,,,1.40,,,,,,,,,,,,,,,,,,,,,,,,,,,,,,,,,,,,,,,,,,,,,
Michigan_MPART_Surface_Water,Saginaw River | 49-SG-0054,Surface Water,43.58153837,-83.89811247,2021,8/26/2021,,EPA 537.1,,,ng/L,1.47,1.33,,,,,,,,,,,,,,,,,,,3.40,,,,,,,,,,,,,,,,,,,,,,,,,,,,,,,,,
Michigan_MPART_Surface_Water,Squaconning Creek | 49-SQ-0020,Surface Water,43.56024,-83.9738,2021,3/30/2021,,EPA 537.1,,,ng/L,,1.79,,,,,,1.90,,,,2.01,,,,,,,,2.64,,2.19,,,,,,,,,,,,,,,,,,,,,,,,,,,,,,,,
Michigan_MPART_Surface_Water,Bush Lake | 50-BL-0100,Surface Water,42.80237232,-83.61562164,2021,5/27/2021,,EPA 537.1,,,ng/L,1.14,2.35,,,,,2.79,,,,,,,,,,,,2.58,,1.82,,,,,,,,,,,,,,,,,,,,,,,,,,,,,,,,,
Michigan_MPART_Surface_Water,Bad River | 50-BD-0100,Surface Water,43.3005,-84.1329,2020,9/21/2020,,EPA 537.1,,,ng/L,1.13,1.23,,,,,,,,,,,,,,,,,,,1.22,,,,,,,,,,,,,,,,,,,,,,,,,,,,,,,,,
Michigan_MPART_Surface_Water,Shiawassee River | 50-SW-0200,Surface Water,42.9933,-84.1574,2020,9/21/2020,,EPA 537.1,,,ng/L,,1.93,,,,,2.70,,,,,,,,,,,,2.57,,2.38,3.32,,,,,,,,,,,,,,,,,,,,,,,,,,,,,,,,
Michigan_MPART_Surface_Water,Egyptian Drain | 50-ED-0010,Surface Water,42.8108,-83.7399,2020,9/22/2020,,EPA 537.1,,,ng/L,,1.56,,,,,,1.65,,,,,,,,,,,,,1.97,3.84,,,,,,,,,,,,,,,,,,,,,,,,,,,,,,,,
Michigan_MPART_Surface_Water,Shiawassee River | 50-SW-0280,Surface Water,42.8834,-84.0461,2020,9/22/2020,,EPA 537.1,,,ng/L,,1.88,,,,,3.21,,,,,,,,,,,,2.28,,2.09,2.35,,,,,,,,,,,,,,,,,,,,,,,,,,,,,,,,
Michigan_MPART_Surface_Water,Webb Creek | 50-WC-0010,Surface Water,42.959,-84.0272,2020,9/22/2020,,EPA 537.1,,,ng/L,1.38,,,,,,,,,,,,,,,,,,,,3.82,1.79,,,,,,,,,,,,,,,,,,,,,,,,,,,,,,,,
Michigan_MPART_Surface_Water,Marion and Genoa Drain | 50-MG-0010,Surface Water,42.5929,-83.9606,2020,9/22/2020,,EPA 537.1,,,ng/L,3.10,,,,,1.41,,1.52,,,,,,,,,,,,,3.93,2.67,,,,,,,,,,,,,,,,,,,,,,,,,,,,,,,,
Michigan_MPART_Surface_Water,South Branch Shiawassee River | 50-SSW-0200,Surface Water,42.6364,-83.9674,2017,5/9/2017,,EPA 537.1,,,ng/L,,,,,,,,1.30,,,,,,,,,,,,,,,,,,,,,,,,1.60,,,,,,,,,0.90,0.15,,,,,,,,,,,,
Michigan_MPART_Surface_Water,Shiawassee River | 50-SW-0196,Surface Water,42.9947,-84.1704,2020,9/21/2020,,EPA 537.1,,,ng/L,,1.33,,,,,2.82,,,,,,,,,,,,1.63,,2.19,2.30,,,,,,,,,,,,,,,,,,,,,,,,,,,,,,,,
Michigan_MPART_Surface_Water,South Branch Shiawassee River | 50-SSW-0230,Surface Water,42.5937,-83.961,2020,9/22/2020,,EPA 537.1,,,ng/L,1.25,2.36,,,,,,,,,,,,,,,,,,,2.80,2.50,,,,,,,,,,,,,,,,,,,,,,,,,,,,,,,,
Michigan_MPART_Surface_Water,Shiawassee River | 50-SW-0330,Surface Water,42.8206,-83.9436,2020,9/22/2020,,EPA 537.1,,,ng/L,,1.89,,,,,3.61,1.35,,,,,,,,,,,2.33,,2.88,2.88,,,,,,,,,,,,,,,,,,,,,,,,,,,,,,,,
Michigan_MPART_Surface_Water,Shiawassee River | 50-SW-0250,Surface Water,42.95,-84.0339,2020,9/22/2020,,EPA 537.1,,,ng/L,,2.02,,,,,3.35,,,,,,,,,,,,1.82,,2.54,2.39,,,,,,,,,,,,,,,,,,,,,,,,,,,,,,,,
Michigan_MPART_Surface_Water,Shiawassee River | 50-SW-0400,Surface Water,42.8194,-83.7921,2020,9/22/2020,,EPA 537.1,,,ng/L,,1.64,,,,,2.24,,,,,,,,,,,,2.19,,1.50,,,,,,,,,,,,,,,,,,,,,,,,,,,,,,,,,
Michigan_MPART_Surface_Water,Shiawassee River | 50-SW-0300,Surface Water,42.8402,-84.0098,2020,9/22/2020,,EPA 537.1,,,ng/L,1.04,1.88,,,,,4.01,,,,,,,,,,,,2.76,,2.59,2.60,,,,,,,,,,,,,,,,,,,,,,,,,,,,,,,,
Michigan_MPART_Surface_Water,Shiawassee River | 50-SW-0430,Surface Water,42.7988,-83.6476,2020,9/22/2020,,EPA 537.1,,,ng/L,,,,,,,1.46,,,,,,,,,,,,2.11,,1.15,3.32,,,,,,,,,,,,,,,,,,,,,,,,,,,,,,,,
Michigan_MPART_Surface_Water,Birch Run | 50-BR-0020,Surface Water,43.3508,-83.9888,2020,9/21/2020,,EPA 537.1,,,ng/L,,2.34,,,,2.42,3.65,1.13,,,,,,,,,,,3.00,,,,,,,,,,,,,,,,,,,,,,,,,,,,,,,,,,,
Michigan_MPART_Surface_Water,Shiawassee River | 50-SW-0350,Surface Water,42.8087,-83.875,2020,9/22/2020,,EPA 537.1,,,ng/L,,1.93,,,,,4.11,1.16,,,,,,,,,,,3.42,,2.62,3.34,,,,,,,,,,,,,,,,,,,,,,,,,,,,,,,,
Michigan_MPART_Surface_Water,Swan Creek | 50-SC-0010,Surface Water,43.355,-84.072,2020,9/21/2020,,EPA 537.1,,,ng/L,2.23,1.47,,,,,2.76,,,,,,,,,,,,2.41,,2.87,,,,,,,,,,,,,,,,,,,,,,,,,,,,,,,,,
Michigan_MPART_Surface_Water,Beaver Creek | 50-BV-0010,Surface Water,43.3106,-84.1421,2019,10/29/2019,,EPA 537.1,,,ng/L,1.10,0.94,,,0.44,0.83,0.71,0.66,0.00,,,,,,,,,,,0.00,0.57,,,,,,,,,,,,,,,,,,,,0.00,,,0.00,,,0.76,,,,,,,
Michigan_MPART_Surface_Water,Spaulding Drain | 50-SD-0020,Surface Water,43.322,-84.0017,2021,6/1/2021,,EPA 537.1,,,ng/L,,2.61,,,,2.14,,,,,,,,,,,,,2.52,,,4.15,,,,,,,,,,,,,,,,,,,,,,,,,,,,,,,,
Michigan_MPART_Surface_Water,Unnamed Drain to Birch Run | 50-UTBR-0010,Surface Water,43.357784,-83.997917,2020,9/21/2020,,EPA 537.1,,,ng/L,,2.89,,,,3.03,,1.09,,,,,,,,,,,3.68,,,,,,,,,,,,,,,,,,,,,,,,,,,,,,,,,,,
Michigan_MPART_Surface_Water,Shiawassee River | 50-SW-0190,Surface Water,43.0032,-84.1867,2020,9/21/2020,,EPA 537.1,,,ng/L,,1.31,,,,1.12,2.48,,,,,,,,,,,,2.09,,2.47,2.89,,,,,,,,,,,,,,,,,,,,,,,,,,,,,,,,
Michigan_MPART_Surface_Water,Shiawassee River | 50-SW-0160,Surface Water,43.1288,-84.1627,2020,9/21/2020,,EPA 537.1,,,ng/L,1.13,1.19,,,,,2.10,,,,,,,,,,,,2.68,,2.41,3.01,,,,,,,,,,,,,,,,,,,,,,,,,,,,,,,,
Michigan_MPART_Surface_Water,Shiawassee River | 50-SW-0450,Surface Water,42.7668,-83.5736,2020,9/22/2020,,EPA 537.1,,,ng/L,,,,,,,,,,,,,,,,,,,,,,3.17,,,,,,,,,,,,,,,,,,,,,,,,,,,,,,,,
Michigan_MPART_Surface_Water,Cole Drain | 50-CL-0010,Surface Water,43.3361,-83.9878,2020,9/21/2020,,EPA 537.1,,,ng/L,2.61,1.87,,,,1.27,1.45,,,,,,,,,,,,1.43,,2.14,,,,,,,,,,,,,,,,,,,,,,,,,,,,,,,,,
Michigan_MPART_Surface_Water,South Branch Shiawassee River | 50-SSW-0220,Surface Water,42.6161,-83.9655,2020,9/22/2020,,EPA 537.1,,,ng/L,1.94,3.15,,,,,,1.28,,,,,,,,,,,,,3.53,3.08,,,,,,,,,,,,,,,,,,,,,,,,,,,,,,,,
Michigan_MPART_Surface_Water,Shiawassee River | 50-SW-0360,Surface Water,42.8042,-83.8545,2020,9/22/2020,,EPA 537.1,,,ng/L,1.23,1.75,,,,,2.73,1.23,,,,,,,,,,,2.76,,2.45,3.46,,,,,,,,,,,,,,,,,,,,,,,,,,,,,,,,
Michigan_MPART_Surface_Water,Shiawassee River | 50-SW-0170,Surface Water,43.0909,-84.168,2020,9/21/2020,,EPA 537.1,,,ng/L,,,,,,,2.50,,,,,,,,,,,,2.53,,2.05,3.22,,,,,,,,,,,,,,,,,,,,,,,,,,,,,,,,
Michigan_MPART_Surface_Water,Shiawassee River | 50-SW-0120,Surface Water,43.2012,-84.1171,2020,9/21/2020,,EPA 537.1,,,ng/L,1.08,1.18,,,,,2.46,,,,,,,,,,,,1.86,,2.31,3.55,,,,,,,,,,,,,,,,,,,,,,,,,,,,,,,,
Michigan_MPART_Surface_Water,Shiawassee River | 50-SW-0260,Surface Water,42.9306,-84.0742,2020,9/22/2020,,EPA 537.1,,,ng/L,,2.07,,,,,3.33,,,,,,,,,,,,3.70,,2.43,3.07,,,,,,,,,,,,,,,,,,,,,,,,,,,,,,,,
Michigan_MPART_Surface_Water,Shiawassee River | 50-SW-0340,Surface Water,42.8168,-83.8952,2020,9/22/2020,,EPA 537.1,,,ng/L,,2.02,,,,,3.90,1.06,,,,,,,,,,,3.93,,2.96,3.94,,,,,,,,,,,,,,,,,,,,,,,,,,,,,,,,
Michigan_MPART_Surface_Water,South Branch Shiawassee River | 50-SSW-0010,Surface Water,42.8179,-83.9426,2020,9/22/2020,,EPA 537.1,,,ng/L,,1.64,,,,,,,,,,,,,,,,,,,1.98,2.26,,,,,,,,,,,,,,,,,,,,,,,,,,,,,,,,
Michigan_MPART_Surface_Water,Shiawassee River | 50-SW-0180,Surface Water,43.0189,-84.1816,2020,9/21/2020,,EPA 537.1,,,ng/L,1.25,1.25,,,,,2.81,,,,,,,,,,,,2.19,,3.05,2.79,,,,,,,,,,,,,,,,,,,,,,,,,,,,,,,,
Michigan_MPART_Surface_Water,Shiawassee River | 50-SW-0150,Surface Water,43.1438,-84.1351,2020,9/21/2020,,EPA 537.1,,,ng/L,,1.12,,,,,2.71,,,,,,,,,,,,2.54,,2.45,3.23,,,,,,,,,,,,,,,,,,,,,,,,,,,,,,,,
Michigan_MPART_Surface_Water,Shiawassee River | 50-SW-0200,Surface Water,42.9933,-84.1574,2020,9/21/2020,,EPA 537.1,,,ng/L,,1.10,,,,,2.85,,,,,,,,,,,,1.56,,2.41,2.03,,,,,,,,,,,,,,,,,,,,,,,,,,,,,,,,
Michigan_MPART_Surface_Water,Shiawassee River | 50-SW-0420,Surface Water,42.8063,-83.7087,2020,9/22/2020,,EPA 537.1,,,ng/L,,,,,,,1.49,,,,,,,,,,,,1.75,,1.13,3.41,,,,,,,,,,,,,,,,,,,,,,,,,,,,,,,,
Michigan_MPART_Surface_Water,Swan Creek | 50-SC-0010,Surface Water,43.355,-84.072,2020,9/21/2020,,EPA 537.1,,,ng/L,2.02,1.35,,,,,2.50,1.20,,,,,,,,,,,2.98,,3.90,3.80,,,,,,,,,,,,,,,,,,,,,,,,,,,,,,,,
Michigan_MPART_Surface_Water,Shiawassee River | 50-SW-0130,Surface Water,43.1843,-84.1142,2020,9/21/2020,,EPA 537.1,,,ng/L,1.02,,,,,,2.56,,,,,,,,,,,,2.77,,1.77,3.60,,,,,,,,,,,,,,,,,,,,,,,,,,,,,,,,
Michigan_MPART_Surface_Water,Shiawassee River | 50-SW-0310,Surface Water,42.8283,-83.9642,2020,9/22/2020,,EPA 537.1,,,ng/L,,1.88,,,,,3.67,1.30,,,,,,,,,,,3.14,,2.53,2.78,,,,,,,,,,,,,,,,,,,,,,,,,,,,,,,,
Michigan_MPART_Surface_Water,Shiawassee River | 50-SW-0175,Surface Water,43.0568,-84.1812,2020,9/21/2020,,EPA 537.1,,,ng/L,1.30,1.20,,,,,2.47,,,,,,,,,,,,2.38,,2.95,2.95,,,,,,,,,,,,,,,,,,,,,,,,,,,,,,,,
Michigan_MPART_Surface_Water,Shiawassee River | 50-SW-0220,Surface Water,42.9859,-84.1254,2020,9/22/2020,,EPA 537.1,,,ng/L,,1.37,,,,,2.80,,,,,,,,,,,,1.75,,2.48,2.19,,,,,,,,,,,,,,,,,,,,,,,,,,,,,,,,
Michigan_MPART_Surface_Water,Shiawassee River | 50-SW-0390,Surface Water,42.8156,-83.8021,2020,9/22/2020,,EPA 537.1,,,ng/L,,1.42,,,,,2.12,1.14,,,,,,,,,,,2.46,,1.57,3.92,,,,,,,,,,,,,,,,,,,,,,,,,,,,,,,,
Michigan_MPART_Surface_Water,Shiawassee River | 50-SW-0385,Surface Water,42.8133,-83.8075,2020,9/22/2020,,EPA 537.1,,,ng/L,,1.36,,,,,1.84,,,,,,,,,,,,2.39,,1.65,,,,,,,,,,,,,,,,,,,,,,,,,,,,,,,,,
Michigan_MPART_Surface_Water,Marion and Genoa Drain | 50-MG-0020,Surface Water,42.5835,-83.9141,2020,9/22/2020,,EPA 537.1,,,ng/L,,,,,,,,,,,,,,,,,,,,,,1.28,,,,,,,,,,,,,,,,,,,,,,,,,,,,,,,,
Michigan_MPART_Surface_Water,South Branch Shiawassee River | 50-SSW-0230,Surface Water,42.5937,-83.961,2020,9/22/2020,,EPA 537.1,,,ng/L,,2.48,,,,,,1.07,,,,,,,,,,,,,2.81,3.05,,,,,,,,,,,,,,,,,,,,,,,,,,,,,,,,
Michigan_MPART_Surface_Water,Bogue Creek | 50-BG-0010,Surface Water,42.7217,-83.9317,2020,9/22/2020,,EPA 537.1,,,ng/L,,,,,,,1.17,,,,,,,,,,,,,,1.34,1.95,,,,,,,,,,,,,,,,,,,,,,,,,,,,,,,,
Michigan_MPART_Surface_Water,Shiawassee River | 50-SW-0100,Surface Water,43.255,-84.105,2019,10/29/2019,,EPA 537.1,,,ng/L,1.60,1.60,,0.00,0.39,0.81,1.50,0.82,0.00,,,,,,,,,,1.00,0.00,,,,,,,,,,,,,,,,,,,,,0.00,,,0.00,,,0.72,,,,,,,
Michigan_MPART_Surface_Water,Shiawassee River | 50-SW-0210,Surface Water,42.9883,-84.1366,2020,9/22/2020,,EPA 537.1,,,ng/L,,1.42,,,,,2.63,,,,,,,,,,,,1.52,,2.18,2.44,,,,,,,,,,,,,,,,,,,,,,,,,,,,,,,,
Michigan_MPART_Surface_Water,Bad River | 50-BD-0100,Surface Water,43.3005,-84.1329,2020,9/22/2020,,EPA 537.1,,,ng/L,1.87,,,,,,,,,,,,,,,,,,1.13,,1.77,,,,,,,,,,,,,,,,,,,,,,,,,,,,,,,,,
Michigan_MPART_Surface_Water,Birch Run | 50-BR-0010,Surface Water,43.358,-83.999,2020,9/21/2020,,EPA 537.1,,,ng/L,,2.68,,,,3.49,,1.33,,,,,,,,,,,3.77,,,,,,,,,,,,,,,,,,,,,,,,,,,,,,,,,,,
Michigan_MPART_Surface_Water,Unnamed Tributary to Bogue Cree | 50-UTBG-0010,Surface Water,42.6224,-83.9238,2020,9/22/2020,,EPA 537.1,,,ng/L,1.31,2.22,,,,,3.26,1.22,,,,,,,,,,,1.73,,2.19,3.30,,,,,,,,,,,,,,,,,,,,,,,,,,,,,,,,
Michigan_MPART_Surface_Water,Shiawassee River | 50-SW-0370,Surface Water,42.8117,-83.8354,2020,9/22/2020,,EPA 537.1,,,ng/L,,2.13,,,,,3.96,1.32,,,,,,,,,,,,,3.49,,,,,,,,,,,,,,,,,,,,,,,,,,,,,,,,,
Michigan_MPART_Surface_Water,Shiawassee River | 50-SW-0100,Surface Water,43.255,-84.105,2020,9/21/2020,,EPA 537.1,,,ng/L,1.01,1.19,,,,,2.49,,,,,,,,,,,,2.37,,2.28,3.17,,,,,,,,,,,,,,,,,,,,,,,,,,,,,,,,
Michigan_MPART_Surface_Water,Marion and Genoa Drain | 50-MG-0020,Surface Water,42.5835,-83.9141,2020,9/22/2020,,EPA 537.1,,,ng/L,,,,,,,,,,,,,,,,,,,,,,,,,,,,,,,,,,,,,,,,,,,,,,,,,,,,,,
Michigan_MPART_Surface_Water,Shiawassee River | 50-SW-0185,Surface Water,43.0149,-84.1801,2020,9/21/2020,,EPA 537.1,,,ng/L,1.43,1.47,,,,1.20,2.48,,,,,,,,,,,,2.52,,2.11,3.20,,,,,,,,,,,,,,,,,,,,,,,,,,,,,,,,
Michigan_MPART_Surface_Water,Shiawassee River | 50-SW-0175,Surface Water,43.0568,-84.1812,2020,9/21/2020,,EPA 537.1,,,ng/L,,,,,,,2.61,,,,,,,,,,,,2.60,,2.18,2.57,,,,,,,,,,,,,,,,,,,,,,,,,,,,,,,,
Michigan_MPART_Surface_Water,Buckhorn Creek | 50-BH-0010,Surface Water,42.7702,-83.6067,2020,9/22/2020,,EPA 537.1,,,ng/L,,,,,,,,,,,,,,,,,,,1.18,,,2.95,,,,,,,,,,,,,,,,,,,,,,,,,,,,,,,,
Michigan_MPART_Surface_Water,Shiawassee River | 50-SW-0260,Surface Water,42.9306,-84.0742,2020,9/22/2020,,EPA 537.1,,,ng/L,,1.70,,,,,3.59,,,,,,,,,,,,2.22,,2.20,2.59,,,,,,,,,,,,,,,,,,,,,,,,,,,,,,,,
Michigan_MPART_Surface_Water,South Branch Shiawassee River | 50-SSW-0150,Surface Water,42.7262,-83.949,2020,9/22/2020,,EPA 537.1,,,ng/L,1.70,2.92,,,,,,1.16,,,,,,,,,,,,,3.38,2.27,,,,,,,,,,,,,,,,,,,,,,,,,,,,,,,,
Michigan_MPART_Surface_Water,South Branch Shiawassee River | 50-SSW-0200,Surface Water,42.6364,-83.9674,2020,9/22/2020,,EPA 537.1,,,ng/L,1.96,3.39,,,,,,1.40,,,,,,,,,,,,,2.97,2.93,,,,,,,,,,,,,,,,,,,,,,,,,,,,,,,,
Michigan_MPART_Surface_Water,Birch Run | 50-BR-0010,Surface Water,43.358,-83.999,2019,10/29/2019,,EPA 537.1,,,ng/L,,,,0.51,0.81,,,1.70,0.37,,,,,,,,,,,0.33,,,,,,,,,,,,,,,,,,,,,0.55,,,0.28,,,1.10,,,,,,,
Michigan_MPART_Surface_Water,Keller Drain | 50-KD-0010,Surface Water,42.8848,-84.0498,2020,9/22/2020,,EPA 537.1,,,ng/L,,,,,,,,,,,,,,,,,,,,,,1.55,,,,,,,,,,,,,,,,,,,,,,,,,,,,,,,,
Michigan_MPART_Surface_Water,Caledonia Drain | 50-CD-0010,Surface Water,42.9887,-84.1352,2020,9/22/2020,,EPA 537.1,,,ng/L,,,,,,,,,,,,,,,,,,,,,1.96,1.79,,,,,,,,,,,,,,,,,,,,,,,,,,,,,,,,
Michigan_MPART_Surface_Water,Birch Run | 50-BR-0025,Surface Water,43.33627604,-83.98848681,2021,6/1/2021,,EPA 537.1,,,ng/L,2.23,2.12,,,,1.10,1.29,,,,,,,,,,,,1.31,,2.72,3.33,,,,,,,,,,,,,,,,,,,,,,,,,,,,,,,,
Michigan_MPART_Surface_Water,Swan Creek | 50-SC-0010,Surface Water,43.355,-84.072,2019,10/29/2019,,EPA 537.1,,,ng/L,,1.70,,0.00,0.26,0.00,,1.10,0.00,,,,,,,,,,1.20,0.00,1.40,,,,,,,,,,,,,,,,,,,,0.00,,,0.00,1.30,,0.61,,,,,,,
Michigan_MPART_Surface_Water,North Ore Creek | 50-NC-0010,Surface Water,42.8018,-83.8534,2020,9/22/2020,,EPA 537.1,,,ng/L,1.21,1.41,,,,,1.18,,,,,,,,,,,,1.37,,1.45,2.61,,,,,,,,,,,,,,,,,,,,,,,,,,,,,,,,
Michigan_MPART_Surface_Water,Shiawassee River | 50-SW-0100,Surface Water,43.255,-84.105,2019,10/29/2019,,EPA 537.1,,,ng/L,1.40,1.70,,,0.34,0.69,1.70,0.82,0.00,,,,,,,,,,1.50,0.00,,,,,,,,,,,,,,,,,,,,,0.00,,,0.00,,,0.73,,,,,,,
Michigan_MPART_Surface_Water,Rice Lake | 50-RL-0100,Surface Water,42.79951119,-83.60947598,2021,5/27/2021,,EPA 537.1,,,ng/L,,,,,,,,,,,,,,,,,,,,,,3.36,,,,,,,,,,,,,,,,,,,,,,,,,,,,,,,,
Michigan_MPART_Surface_Water,Bad River | 50-BD-0010,Surface Water,43.303048,-84.110974,2019,10/29/2019,,EPA 537.1,,,ng/L,1.60,1.70,,,0.70,0.55,0.83,1.30,0.00,,,,,,,,,,,0.00,1.10,,,,,,,,,,,,,,,,,,,,0.00,,,0.00,,,1.40,,,,,,,
Michigan_MPART_Surface_Water,Spaulding Drain | 50-SD-0020,Surface Water,43.322,-84.0017,2021,5/4/2021,,EPA 537.1,,,ng/L,,3.62,,,,2.60,,,,,,,,,,,,,,,,,,,,,,,,,,,,,,,,,,,,,,,,,,,,,,,,
Michigan_MPART_Surface_Water,Shiawassee River | 50-SW-0240,Surface Water,42.9689,-84.0559,2020,9/22/2020,,EPA 537.1,,,ng/L,,1.24,,,,,3.25,,,,,,,,,,,,2.92,,2.41,2.51,,,,,,,,,,,,,,,,,,,,,,,,,,,,,,,,
Michigan_MPART_Surface_Water,South Branch Shiawassee River | 50-SSW-0100,Surface Water,42.7612,-83.9114,2020,9/22/2020,,EPA 537.1,,,ng/L,,1.58,,,,,3.93,,,,,,,,,,,,3.48,,1.77,2.08,,,,,,,,,,,,,,,,,,,,,,,,,,,,,,,,
Michigan_MPART_Surface_Water,Shiawassee River | 50-SW-0440,Surface Water,42.7923,-83.6354,2020,9/22/2020,,EPA 537.1,,,ng/L,,,,,,,,,,,,,,,,,,,,,,3.18,,,,,,,,,,,,,,,,,,,,,,,,,,,,,,,,
Michigan_MPART_Surface_Water,Shiawassee River | 50-SW-0192,Surface Water,43.0002,-84.1766,2020,9/21/2020,,EPA 537.1,,,ng/L,1.24,1.30,,,,,2.45,,,,,,,,,,,,1.65,,2.61,2.20,,,,,,,,,,,,,,,,,,,,,,,,,,,,,,,,
Michigan_MPART_Surface_Water,Shiawassee River | 50-SW-0410,Surface Water,42.8204,-83.7673,2020,9/22/2020,,EPA 537.1,,,ng/L,,1.51,,,,,2.08,1.22,,,,,,,,,,,2.13,,1.28,,,,,,,,,,,,,,,,,,,,,,,,,,,,,,,,,
Michigan_MPART_Surface_Water,Unnamed Trib to Doe Creek | 06-UTDC5-0020,Surface Water,43.07604,-82.49862,2019,12/19/2019,,EPA 537.1,,,ng/L,,0.89,,0.00,0.00,0.30,,,0.00,,,,,,,,,,,0.00,1.60,,,,,,,,,,,1.10,,,,,,,,,0.00,,,0.00,,,,0.00,,,0.00,,,
Michigan_MPART_Surface_Water,Burtch Creek | 06-BH-0010,Surface Water,43.1549,-82.5059,2019,12/19/2019,,EPA 537.1,,,ng/L,,,,,0.00,1.60,1.80,,0.70,,,,,,,,,,1.40,0.00,1.70,,,,,,,,,,,1.10,,,,,,,,,0.00,,,0.00,,,,0.00,,,0.00,,,
Michigan_MPART_Surface_Water,unnamed trib to unnamed trib to | 51-UUTBHD1-00,Surface Water,43.0415,-82.5409,2019,11/7/2019,,EPA 537.1,,,ng/L,0.60,,,,0.00,,,,,,,,,,,,,,,0.00,0.59,,,,,,,,,,,,,,,,,,,,0.88,,,,,,,,,,,,,
Michigan_MPART_Surface_Water,Unnamed South Trib to Brace Dra | 06-UTBD3-0010,Surface Water,43.05335,-82.55651,2019,12/19/2019,,EPA 537.1,,,ng/L,,,,0.00,0.00,0.38,,0.26,0.00,,,,,,,,,,0.74,0.00,1.20,1.20,,,,,,,,,,1.10,,,,,,,,,0.00,,,0.00,,,,0.00,,,0.00,,,
Michigan_MPART_Surface_Water,Jackson Drain | 51-JD-0020,Surface Water,43.11067,-82.69876,2022,5/18/2022,,EPA 8327,,,ng/L,,,,,1.00,,,,,,,,,,,,,,,,,,,,,,,,,,,,,,,,,,,,,,,,,,,,,,,,,
Michigan_MPART_Surface_Water,Lake St. Clair | 32-LSC-0030,Surface Water,42.6296,-82.81888,2018,2/13/2018,,EPA 537.1,,,ng/L,1.30,,,0.00,0.00,0.77,0.95,0.54,0.00,,,,,,,,,,0.81,,0.23,1.50,,,,,,,,,,,,,,,,,,0.00,0.00,,,,,,,,,,,,,
Michigan_MPART_Surface_Water,Unnamed Drain to Lake Huron | 06-UDH4-0010,Surface Water,43.1976,-82.5112,2019,11/6/2019,,EPA 537.1,,,ng/L,0.65,0.82,,,0.00,,0.87,,,,,,,,,,,,1.20,0.00,0.84,,,,,,,,,,,,,,,,,,,,0.78,,,,,,,,,,,,,
Michigan_MPART_Surface_Water,Brandymore/Howe Drain | 51-BHD-0070,Surface Water,43.0382,-82.50802,2019,9/13/2019,,EPA 537.1,,,ng/L,42.00,,,,,1.70,,,,,,,,,,,,,,0.00,,,,,,,,,,,,,,,,,,,,,0.92,,,,,,,,,,,,,
Michigan_MPART_Surface_Water,North Branch Mill Creek | 51-NMLC-0070,Surface Water,43.13305,-83.01443,2022,5/18/2022,,EPA 8327,,,ng/L,,1.50,,,,0.60,1.00,1.40,,,,,,,,,,,1.90,,1.30,,,,,,,,,,,,,,,,,,,,,,,,,,,,,,,,,
Michigan_MPART_Surface_Water,Black River | 51-BK-0400,Surface Water,43.09252,-82.61817,2022,5/18/2022,,EPA 8327,,,ng/L,1.00,,,,0.80,,1.70,1.50,,,,,,,,,,,,,1.50,,,,,,,,,,,,,,,,,,,,,,,,,0.40,,,,,,,,
Michigan_MPART_Surface_Water,Unnamed Trib to Unnamed Trib of | 06-UUTBH-0010,Surface Water,43.14677,-82.52322,2021,5/6/2021,,EPA 537.1,,,ng/L,,,,,,,,,,,,,,,,,,,,,,,,,,,,,,,,,,,,,,,,,,,,,,,,,,,,,,
Michigan_MPART_Surface_Water,Black River Canal | 51-BKC-0030,Surface Water,43.0165,-82.4506,2022,10/4/2022,,EPA 8327,,,ng/L,,,,1.30,0.50,0.70,,,,,,,,,,,,,,,,3.70,,,,,,,,,,0.00,,,,,,,,,,,,,,,,,,,,,,
Michigan_MPART_Surface_Water,Doe Creek | 06-DC-0040,Surface Water,43.05331,-82.48222,2019,11/7/2019,,EPA 537.1,,,ng/L,820.00,,,,,,,,,,,,,,,,,,,0.00,,,,,,,,,,,,,,,,,,,,,0.80,,,,,,,,,,,,,
Michigan_MPART_Surface_Water,Pine River | 51-PN-0130,Surface Water,42.91844,-82.5586,2020,8/20/2020,,EPA 537.1,,,ng/L,,,,,,,,,,,,,,,,,,,,,2.25,,,,,,,,,,,,,,,,,,,,,,,,,,,,,,,,,
Michigan_MPART_Surface_Water,Brace Drain | 06-BD-0030,Surface Water,43.0595,-82.5122,2019,11/7/2019,,EPA 537.1,,,ng/L,12.00,,,,0.29,,,1.50,,,,,,,,,,,,0.00,1.50,,,,,,,,,,,,,,,,,,,,0.78,,,,,,,,,,,,,
Michigan_MPART_Surface_Water,Shallow Creek | 06-SC-0030,Surface Water,43.07518,-82.48155,2020,8/20/2020,,EPA 537.1,,,ng/L,,,,,,,,,,,,,,,,,,,,,,,,,,,,,,,,,,,,,,,,,,,,,,,,,,,,,,
Michigan_MPART_Surface_Water,Unnamed Trib to Metcalf Drain | 06-UTMC2-0010,Surface Water,43.07586,-82.52832,2021,5/6/2021,,EPA 537.1,,,ng/L,,,,,,,,,,,,,,,,,,,,,1.17,,,,,,,,,,,,,,,,,,,,,,,,,,,,,,,,,
Michigan_MPART_Surface_Water,Unnamed Trib to Burtch Creek | 06-UTBH2-0010,Surface Water,43.13779,-82.57381,2020,8/20/2020,,EPA 537.1,,,ng/L,,,,,,,,,,,,,,,,,,,,,2.57,3.32,,,,,,,,,,,,,,,,,,,,,,,,,,,,,,,,
Michigan_MPART_Surface_Water,Black River Canal | 51-BKC-0030,Surface Water,43.0165,-82.4506,2019,11/6/2019,,EPA 537.1,,,ng/L,,,,,0.31,0.84,1.20,,,,,,,,,,,,1.00,0.00,,1.80,,,,,,,,,,,,,,,,,,,0.85,,,,,,,,,,,,,
Michigan_MPART_Surface_Water,Black River Canal | 51-BKC-0030,Surface Water,43.0165,-82.4506,2019,11/6/2019,,EPA 537.1,,,ng/L,,1.80,,,0.27,0.80,1.20,,,,,,,,,,,,1.20,0.00,,1.60,,,,,,,,,,,,,,,,,,,0.86,,,,,,,,,,,,,
Michigan_MPART_Surface_Water,Fort Gratiot Area West Pond | 06-UPD2-0010,Surface Water,43.04508,-82.54878,2020,8/20/2020,,EPA 537.1,,,ng/L,,,,,,,,,,,,,,,,,,,,,2.52,,,,,,,,,,,,,,,,,,,,,,,,,,,,,,,,,
Michigan_MPART_Surface_Water,Unnamed Trib to West Pond | 06-UTPD2-0010,Surface Water,43.0457,-82.5512,2021,5/6/2021,,EPA 537.1,,,ng/L,,,,,,,,,,,,,,,,,,,,,2.17,,,,,,,,,,,,,,,,,,,,,,,,,,,,,,,,,
Michigan_MPART_Surface_Water,Black Creek | 51-BC-0030,Surface Water,43.21159,-82.64556,2022,5/18/2022,,EPA 8327,,,ng/L,,1.20,,,,,1.20,1.10,,,,,,,,,,,,,0.90,,,,,,,,,,,,,,,,,,,,,,,,,,,,,,,,,
Michigan_MPART_Surface_Water,Unnamed North Trib to Brace Dra | 06-UTBD2-0010,Surface Water,43.05838,-82.55043,2021,5/6/2021,,EPA 537.1,,,ng/L,,,,,,,,,,,,,,,,,,,,,,,,,,,,,,,,,,,,,,,,,,,,,,,,,,,,,,
Michigan_MPART_Surface_Water,Brandymore/Howe Drain | 51-BHD-0100,Surface Water,43.0159,-82.5248,2019,11/7/2019,,EPA 537.1,,,ng/L,1.70,,,,0.51,,,,,,,,,,,,,,,0.00,,,,,,,,,,,,,,,,,,,,,0.90,,,,,,,,,,,,,
Michigan_MPART_Surface_Water,Eves Drain | 51-ED-0030,Surface Water,43.13053,-82.70033,2022,5/18/2022,,EPA 8327,,,ng/L,1.40,,,,,,,,,,,,,,,,,,,,,,,,,,,,,,,,,,,,,,,,0.90,,,,,,,,,,,,,
Michigan_MPART_Surface_Water,Rattle Run | 51-RRN-0020,Surface Water,42.86353,-82.5967,2020,8/20/2020,,EPA 537.1,,,ng/L,,,,,,,,,,,,,,,,,,,,,,,,,,,,,,,,,,,,,,,,,,,,,,,,,,,,,,
Michigan_MPART_Surface_Water,Unnamed Trib to Unnamed Trib to | 51-UUUTBH1-00,Surface Water,43.04432,-82.52661,2019,12/19/2019,,EPA 537.1,,,ng/L,,,,0.32,1.20,0.87,,,1.40,,,,,,,,,,,0.00,,,,,,,,,,,,1.10,,,,,,,,,0.00,,,0.00,,,0.40,0.00,,,0.00,,,
Michigan_MPART_Surface_Water,Unnamed trib to Brandymore/Howe | 51-UTBHD4-002,Surface Water,43.02399,-82.52513,2021,5/6/2021,,EPA 537.1,,,ng/L,,,,,,,,,,,,,,,,,,,,,1.69,3.20,,,,,,,,,,,,,,,,,,,,,,,,,,,,,,,,
Michigan_MPART_Surface_Water,Unnamed Trib of Unnamed Trib to | 06-UUTBH2-001,Surface Water,43.1367,-82.5822,2021,5/6/2021,,EPA 537.1,,,ng/L,,,,,,,,,,,,,,,,,,,,,,,,,,,,,,,,,,,,,,,,,,,,,,,,,,,,,,
Michigan_MPART_Surface_Water,Unnamed Trib to Doe Creek | 06-UTDC5-0010,Surface Water,43.06878,-82.48183,2019,12/19/2019,,EPA 537.1,,,ng/L,,,,0.00,0.00,0.30,,0.30,0.00,,,,,,,,,,0.49,0.00,0.00,1.70,,,,,,,,,,1.10,,,,,,,,,0.00,,,0.00,,,,0.00,,,0.00,,,
Michigan_MPART_Surface_Water,Unnamed Trib to North Pond | 06-UTPD3-0010,Surface Water,43.04816,-82.55619,2019,12/19/2019,,EPA 537.1,,,ng/L,,,,1.30,,1.70,,0.70,0.00,,,,,,,,,,,0.00,,1.40,,,,,,,,,,1.10,,,,,,,,,0.00,,,0.00,,,,0.00,,,0.00,,,
Michigan_MPART_Surface_Water,Brandy Run | 51-BRR-0010,Surface Water,43.05691,-83.02977,2022,5/18/2022,,EPA 8327,,,ng/L,1.10,,,,,,,,,,,,,,,,,,,,,,,,,,,,,,,,,,,,,,,,,,,,,0.50,,,,,,,,
Michigan_MPART_Surface_Water,unnamed Trib to Brandymore/Howe | 51-UTBHD3-004,Surface Water,43.0261,-82.5548,2021,5/6/2021,,EPA 537.1,,,ng/L,,,,,,,,,,,,,,,,,,,,,2.06,2.29,,,,,,,,,,,,,,,,,,,,,,,,,,,,,,,,
Michigan_MPART_Surface_Water,Black River | 51-BK-0020,Surface Water,42.9952,-82.4462,2019,11/6/2019,,EPA 537.1,,,ng/L,,,,,0.38,0.89,,1.20,,,,,,,,,,,,0.00,0.92,,,,,,,,,,,,,,,,,,,,0.78,,,,,,,,,,,,,
Michigan_MPART_Surface_Water,Unnamed Trib to Pine River | 51-UTPN3-0010,Surface Water,42.83671,-82.55581,2020,8/20/2020,,EPA 537.1,,,ng/L,,,,,,,,,,,,,,,,,,,,,,,,,,,,,,,,,,,,,,,,,,,,,,,,,,,,,,
Michigan_MPART_Surface_Water,Birch Creek | 06-BI-0020,Surface Water,43.1688,-82.5082,2019,11/6/2019,,EPA 537.1,,,ng/L,0.68,0.89,,,0.00,,1.30,1.30,,,,,,,,,,,1.30,0.00,,,,,,,,,,,,,,,,,,,,,0.84,,,,,,,,,,,,,
Michigan_MPART_Surface_Water,Mill Creek | 51-MLC-0040,Surface Water,43.04637,-82.7141,2022,5/18/2022,,EPA 8327,,,ng/L,,,,,0.70,,1.20,1.20,,,,,,,,,,,,,1.20,,,,,,,,,,,,,,,,,,,,,,,,,,,,,,,,,
Michigan_MPART_Surface_Water,Shallow Creek | 06-SC-0020,Surface Water,43.07527,-82.47882,2020,8/20/2020,,EPA 537.1,,,ng/L,,,,,,,,,,,,,,,,,,,,,,,,,,,,,,,,,,,,,,,,,,,,,,,,,,,,,,
Michigan_MPART_Surface_Water,Unnamed Trib to Wixon Drain | 06-UTWX-0030,Surface Water,43.1278,-82.5815,2021,5/6/2021,,EPA 537.1,,,ng/L,,,,,,,,,,,,,,,,,,,,,,,,,,,,,,,,,,,,,,,,,,,,,,,,,,,,,,
Michigan_MPART_Surface_Water,Unamed Trib to Unamed trib to T | 32-UUTTJD1-00,Surface Water,42.60972,-82.85341,2019,7/26/2019,,Unnamed_SPE_LCMS_MS,,,ng/L,,,,1.20,1.10,,,,,,,,,,,,,,,,,,,,,,,,,,,,,,,,,,,,,,,,,,,,,,,,,
Michigan_MPART_Surface_Water,Black River | 51-BK-0010,Surface Water,42.9764,-82.4276,2019,11/6/2019,,EPA 537.1,,,ng/L,2.70,,,,0.31,,,1.30,,,,,,,,,,,,0.00,0.89,,,,,,,,,,,,,,,,,,,,0.86,,,,,,,,,,,,,
Michigan_MPART_Surface_Water,Carrigan Drain | 06-CG-0020,Surface Water,43.05078,-82.45709,2019,9/12/2019,,EPA 537.1,,,ng/L,,,,,1.10,,,,,,,,,,,,,,,0.00,,,,,,,,,,,,,,,,,,,,,,,,,,,,,,,,,,
Michigan_MPART_Surface_Water,Unamed Trib to Unamed trib to T | 32-UUTTJD1-00,Surface Water,42.60712,-82.85142,2019,7/26/2019,,Unnamed_SPE_LCMS_MS,,,ng/L,,,,1.20,1.70,,,,0.58,,,2.20,,,,,,,,0.88,,,,,,,,,,,,0.59,,,0.77,,,0.91,,,,,,,,0.74,0.64,,,,,,,
Michigan_MPART_Surface_Water,Black River | 51-BK-0040,Surface Water,43.014,-82.4507,2019,11/6/2019,,EPA 537.1,,,ng/L,2.60,,,,0.00,0.71,1.40,0.89,,,,,,,,,,,1.20,0.00,0.73,,,,,,,,,,,,,,,,,,,,0.81,,,,,,,,,,,,,
Michigan_MPART_Surface_Water,Rattle Run | 51-RRN-0020,Surface Water,42.86353,-82.5967,2020,8/20/2020,,EPA 537.1,,,ng/L,,,,,,,,,,,,,,,,,,,,,,,,,,,,,,,,,,,,,,,,,,,,,,,,,,,,,,
Michigan_MPART_Surface_Water,Unnamed Trib to Unnamed Trib of | 06-UUTML-0020,Surface Water,43.09931,-82.53973,2020,8/20/2020,,EPA 537.1,,,ng/L,,,,,,,,,,,,,,,,,,,,,1.66,1.71,,,,,,,,,,,,,,,,,,,,,,,,,,,,,,,,
Michigan_MPART_Surface_Water,Metcalf Drain | 06-MC-0020,Surface Water,43.08195,-82.50631,2019,12/19/2019,,EPA 537.1,,,ng/L,,,,0.00,0.00,0.41,0.81,0.76,0.46,,,,,,,,,,0.53,0.00,1.60,1.40,,,,,,,,,,1.10,,,,,,,,,0.00,,,0.00,,,,0.00,,,0.00,,,
Michigan_MPART_Surface_Water,Unnamed Trib to Pine River | 51-UTPN5-0010,Surface Water,42.83084,-82.54499,2021,5/6/2021,,EPA 537.1,,,ng/L,,2.89,,,,,,2.65,,,,,,,,,,,,,3.30,,,,,,,,,,,,,,,,,,,,,,,,,,,,,,,,,
Michigan_MPART_Surface_Water,Unnamed trib to Brace Drain | 06-UTBD-0020,Surface Water,43.0662,-82.52667,2019,12/19/2019,,EPA 537.1,,,ng/L,,1.10,,0.00,0.00,0.30,,0.00,0.00,,,,,,,,,,,0.00,0.00,1.50,,,,,,,,,,1.10,,,,,,,,,0.00,,,0.00,,,,0.00,,,0.00,,,
Michigan_MPART_Surface_Water,Unnamed Trib to Meadow Lawn Dra | 06-UTML-0020,Surface Water,43.09974,-82.50021,2020,8/20/2020,,EPA 537.1,,,ng/L,,,,,,,,,,,,,,,,,,,,,3.60,,,,,,,,,,,,,,,,,,,,,,,,,,,,,,,,,
Michigan_MPART_Surface_Water,Mill Creek | 51-MLC-0010,Surface Water,43.04493,-82.61411,2022,5/18/2022,,EPA 8327,,,ng/L,,,,,0.70,,,,,,,,,,,,,,,,1.30,,,,,,,,,,,,,,,,,,,,,,,,,,,,,,,,,
Michigan_MPART_Surface_Water,Lake St. Clair | 32-LSC-0060,Surface Water,42.551,-82.84338,2017,11/8/2017,,EPA 537.1,,,ng/L,,,,0.00,0.45,1.30,,0.97,0.00,,,,,,,,,,1.50,,1.40,,,,,,,,,,,,,,,,,,,0.00,0.00,,,,,,0.63,,,,,,,
Michigan_MPART_Surface_Water,Unnamed trib to Brandymore/Howe | 51-UTBHD4-001,Surface Water,43.02548,-82.51529,2019,9/13/2019,,EPA 537.1,,,ng/L,76.00,,,,0.52,1.10,,,,,,,,,,,,,,0.00,,,,,,,,,,,,,,,,,,,,,0.74,,,,,,,,,,,,,
Michigan_MPART_Surface_Water,unnamed Trib to Brandymore/Howe | 51-UTBHD1-001,Surface Water,43.039,-82.52587,2019,11/7/2019,,EPA 537.1,,,ng/L,1.70,1.50,,,0.00,,,1.10,,,,,,,,,,,,0.00,,,,,,,,,,,,,,,,,,,,,0.81,,,,,,,,,,,,,
Michigan_MPART_Surface_Water,Doe Creek | 06-DC-0041,Surface Water,43.0516,-82.4829,2019,11/7/2019,,EPA 537.1,,,ng/L,850.00,,,,,,,,,,,,,,,,,,,0.27,,,,,,,,,,,,,,,,,,,,,0.81,,,,,,,,,,,,,
Michigan_MPART_Surface_Water,unnamed trib to unnamed trib to | 51-UUTBHD6-00,Surface Water,43.0371,-82.5058,2019,11/6/2019,,EPA 537.1,,,ng/L,,,,,0.52,,1.50,1.60,,,,,,,,,,,,0.00,0.96,,,,,,,,,,,,,,,,,,,,0.87,,,,,,,,,,,,,
Michigan_MPART_Surface_Water,Black River | 51-BK-0100,Surface Water,42.99,-82.5375,2019,11/7/2019,,EPA 537.1,,,ng/L,1.50,1.50,,,0.00,,1.40,,,,,,,,,,,,1.30,0.00,0.94,,,,,,,,,,,,,,,,,,,,0.92,,,,,,,,,,,,,
Michigan_MPART_Surface_Water,Unnamed Trib to Pine River | 51-UTPN6-0010,Surface Water,42.8229,-82.5401,2021,5/6/2021,,EPA 537.1,,,ng/L,,,,,,,,1.82,,,,,,,,,,,,,2.36,,,,,,,,,,,,,,,,,,,,,,,,,,,,,,,,,
Michigan_MPART_Surface_Water,Fort Gratiot Area East Pond | 06-UPD1-0010,Surface Water,43.04512,-82.54278,2021,5/6/2021,,EPA 537.1,,,ng/L,,,,,,,,,,,,,,,,,,,,,,,,,,,,,,,,,,,,,,,,,,,,,,,,,,,,,,
Michigan_MPART_Surface_Water,Unnamed Trib to Unnamed Trib of | 06-UUTMC3-001,Surface Water,43.0727,-82.5566,2021,5/6/2021,,EPA 537.1,,,ng/L,,,,,,,,,,,,,,,,,,,,,1.05,,,,,,,,,,,,,,,,,,,,,,,,,,,,,,,,,
Michigan_MPART_Surface_Water,London Drain | 51-LND-0010,Surface Water,42.919,-82.5463,2021,5/6/2021,,EPA 537.1,,,ng/L,,,,1.26,1.47,1.29,,,,,,,,,,,,,,,3.67,,,,,,,,,,,,,,,,,,,,,,,,,,,,,,,,,
Michigan_MPART_Surface_Water,Warner Drain | 51-WD-0010,Surface Water,43.03884,-82.48597,2019,9/13/2019,,EPA 537.1,,,ng/L,3.10,,,1.20,1.50,1.30,,,,,,,,,,,,,,0.00,,,,,,,,,,,,,,,,,,,,,0.83,,,,,,,,,,,,,
Michigan_MPART_Surface_Water,Sheldon Drain | 51-SHD-0010,Surface Water,42.8572,-82.58516,2020,8/20/2020,,EPA 537.1,,,ng/L,,,,,,,,,,,,,,,,,,,,,,,,,,,,,,,,,,,,,,,,,,,,,,,,,,,,,,
Michigan_MPART_Surface_Water,Unnamed trib to Brandymore/Howe | 51-UTBHD4-002,Surface Water,43.02399,-82.52513,2019,12/19/2019,,EPA 537.1,,,ng/L,62.00,,,,0.00,0.42,,0.82,0.67,,,,,,,,,,,0.00,0.39,1.10,,,,,,,,,,1.10,,,,,,,,,0.00,,,0.00,,,0.36,0.00,,,0.00,,,
Michigan_MPART_Surface_Water,Lake St. Clair | 32-LSC-0050,Surface Water,42.56863,-82.81216,2017,11/8/2017,,EPA 537.1,,,ng/L,1.80,1.50,,0.00,0.34,0.86,0.82,0.66,0.00,,,,,,,,,,0.63,,0.38,1.60,,,,,,,,,,,,,,,,,,,0.00,,,,,,0.51,,,,,,,
Michigan_MPART_Surface_Water,Unnamed trib to Carrigan Drain | 06-UTCG-0010,Surface Water,43.03988,-82.45101,2019,9/12/2019,,EPA 537.1,,,ng/L,,,,,1.10,,,,,,,,,,,,,,,0.00,,,,,,,,,,,,,,,,,,1.60,,,,,,,,,,,,,,,,
Michigan_MPART_Surface_Water,Thompson Drain | 06-TD-0010,Surface Water,43.06261,-82.46108,2019,9/12/2019,,EPA 537.1,,,ng/L,,,,,0.40,1.40,,,,,,,,,,,,,,0.00,,,,,,,,,,,,,,,,,,,,,,,,,,,,,,,,,,
Michigan_MPART_Surface_Water,Swamp Corners Drain | 51-SCD-0020,Surface Water,43.06301,-83.15441,2022,5/18/2022,,EPA 8327,,,ng/L,1.70,1.70,,,0.80,,1.20,1.10,,,,,,,,,,,,,1.70,,,,,,,,,,,,,,,,,,,,,,,,,,,,,,,,,
Michigan_MPART_Surface_Water,Doe Creek | 06-DC-0050,Surface Water,43.04891,-82.49673,2019,11/7/2019,,EPA 537.1,,,ng/L,1000.00,,,,,,,,,,,,,,,,,,,,,,,,,,,,,,,,,,,,,,,,1.00,,,,,,,,,,,,,
Michigan_MPART_Surface_Water,Wixon Drain | 06-WX-0010,Surface Water,43.14049,-82.50258,2019,12/19/2019,,EPA 537.1,,,ng/L,,1.10,,0.00,0.00,0.43,1.40,0.86,0.00,,,,,,,,,,,0.00,1.80,,,,,,,,,,,,,,,,,,,,0.00,,,0.00,,,,0.00,,,0.00,,,
Michigan_MPART_Surface_Water,Jackson Drain | 51-JD-0010,Surface Water,43.11962,-82.67399,2022,5/18/2022,,EPA 8327,,,ng/L,1.60,,,,1.10,,,,,,,,,,,,,,,,,,,,,,,,,,,,,,,,,,,,,,,,,,,,,,,,,
Michigan_MPART_Surface_Water,Mill Creek | 51-MLC-0120,Surface Water,43.13195,-82.80065,2022,5/18/2022,,EPA 8327,,,ng/L,,,,,,,1.20,1.00,,,,,,,,,,,,,1.10,,,,,,,,,,,,,,,,,,,,,,,,,,,,,,,,,
Michigan_MPART_Surface_Water,Burtch Creek | 06-BH-0010,Surface Water,43.1549,-82.5059,2019,11/6/2019,,EPA 537.1,,,ng/L,66.00,,,,0.55,,,,,,,,,,,,,,1.40,0.00,1.80,,,,,,,,,,,,,,,,,,,,0.88,,,,,,,,,,,,,
Michigan_MPART_Surface_Water,Unnamed Trib to Burtch Creek | 06-UTBH2-0020,Surface Water,43.1303,-82.5817,2021,5/6/2021,,EPA 537.1,,,ng/L,,,,,,,,,,,,,,,,,,,,,,,,,,,,,,,,,,,,,,,,,,,,,,,,,,,,,,
Michigan_MPART_Surface_Water,Wolvin Drain | 51-WV-0060,Surface Water,42.929,-82.601,2021,5/6/2021,,EPA 537.1,,,ng/L,,1.81,,,,,,3.09,,,,,,,,,,,,,3.92,,,,,,,,,,,,,,,,,,,,,,,,,,,,,,,,,
Michigan_MPART_Surface_Water,Fort Gratiot Area East Pond | 06-UPD1-0010,Surface Water,43.04512,-82.54278,2019,12/19/2019,,EPA 537.1,,,ng/L,720.00,,,0.00,,1.60,,,,,,,,,,,,,,0.00,,,,,,,,,,,,1.10,,,,,,,,,0.00,,,0.00,,,0.66,0.00,,,0.00,,,
Michigan_MPART_Surface_Water,Burtch Creek | 06-BH-0040,Surface Water,43.15323,-82.57024,2020,8/20/2020,,EPA 537.1,,,ng/L,,,,,,,,,,,,,,,,,,,,,,,,,,,,,,,,,,,,,,,,,,,,,,,,,,,,,,
Michigan_MPART_Surface_Water,unnamed Trib to Brandymore/Howe | 51-UTBHD3-003,Surface Water,43.02617,-82.54007,2019,12/19/2019,,EPA 537.1,,,ng/L,,,,0.00,0.00,0.38,,1.30,0.29,,,,,,,,,,,0.00,0.62,,,,,,,,,,,1.10,,,,,,,,,0.00,,,0.00,,,,0.00,,,0.00,,,
Michigan_MPART_Surface_Water,Warner Drain | 51-WD-0010,Surface Water,43.03884,-82.48597,2019,11/6/2019,,EPA 537.1,,,ng/L,3.60,,,,,,,,,,,,,,,,,,,0.35,,,,,,,,,,,,,,,,,,,,,0.78,,,,,,,,,,,,,
Michigan_MPART_Surface_Water,Brandymore/Howe Drain | 51-BHD-0060,Surface Water,43.04305,-82.49634,2019,9/12/2019,,EPA 537.1,,,ng/L,,,,1.80,,2.10,,,,,,,,,,,,,,0.00,,,,,,,,,,,,,,,,,,,,,0.90,,,,,,,,,,,,,
Michigan_MPART_Surface_Water,Tucker-Jones Drain | 32-TJD-0010,Surface Water,42.63022,-82.82385,2017,11/7/2017,,EPA 537.1,,,ng/L,,,,0.66,0.85,,,,0.27,,,,,,,,,,,,,,,,,,,,,,,,,,,,,,,,0.00,,,,,,0.72,,,,,,,
Michigan_MPART_Surface_Water,unnamed Trib to Brandymore/Howe | 51-UTBHD2-002,Surface Water,43.0359,-82.526,2019,11/7/2019,,EPA 537.1,,,ng/L,,,,,0.00,,,,,,,,,,,,,,0.77,0.00,,,,,,,,,,,,,,,,,,,,,0.88,,,,,,,,,,,,,
Michigan_MPART_Surface_Water,Brant Lake Drain | 51-BLD-0030,Surface Water,43.08752,-83.1303,2022,5/18/2022,,EPA 8327,,,ng/L,,,,,0.70,,1.00,1.20,,,,,,,,,,,,,0.90,,,,,,,,,,,,,,,,,,,,,,,,,,,,,,,,,
Michigan_MPART_Surface_Water,Mill Creek | 06-MI-0010,Surface Water,43.2217,-82.5281,2019,11/6/2019,,EPA 537.1,,,ng/L,,,,,0.00,,,,,,,,,,,,,,0.71,0.00,,1.50,,,,,,,,,,,,,,,,,,,0.84,,,,,,,,,,,,,
Michigan_MPART_Surface_Water,unnamed trib to unnamed trib to | 51-UUTBHD1-00,Surface Water,43.04246,-82.52604,2019,11/7/2019,,EPA 537.1,,,ng/L,54.00,,,,0.00,,1.60,0.97,,,,,,,,,,,,0.00,,,,,,,,,,,,,,,,,,,,,0.79,,,,,,,,,,,,,
Michigan_MPART_Surface_Water,Elk Lake Creek | 51-ELC-0050,Surface Water,43.06418,-83.11469,2022,5/18/2022,,EPA 8327,,,ng/L,1.10,,1.00,,0.70,,1.40,1.20,,,,,,,,,,,,,,,,,,,,,,,,,,,,,,,,,0.90,,,,,,,,,,,,,
Michigan_MPART_Surface_Water,Black River | 51-BK-0700,Surface Water,43.15067,-82.62463,2022,5/18/2022,,EPA 8327,,,ng/L,0.80,,,,,,1.70,1.00,,,,,,,,,,,,,1.40,,,,,,,,,,,,,,,,,,,,,,,,,,,,,,,,,
Michigan_MPART_Surface_Water,Stocks Creek | 51-STC-0060,Surface Water,42.9809,-82.4767,2019,11/6/2019,,EPA 537.1,,,ng/L,9.00,,,0.71,,,,,,,,,,,,,,,,0.65,,,,,,,,,,,,,,,,,,,,,0.82,,,,,,,,,,,,,
Michigan_MPART_Surface_Water,Brant Lake Drain | 51-BLD-0050,Surface Water,43.10389,-83.15117,2022,5/18/2022,,EPA 8327,,,ng/L,,1.60,,,0.70,,0.80,1.00,,,,,,,,,,,1.80,,0.80,,,,,,,,,,,,,,,,,,,,,,,,,,,,,,,,,
Michigan_MPART_Surface_Water,Unnamed Trib to Unnamed Trib of | 06-UUTMC2-001,Surface Water,43.07953,-82.52838,2020,8/20/2020,,EPA 537.1,,,ng/L,,,,,,,,,,,,,,,,,,,,,,,,,,,,,,,,,,,,,,,,,,,,,,,,,,,,,,
Michigan_MPART_Surface_Water,Unnamed Trib to Belle River | 51-UTBEL-0010,Surface Water,42.80162,-82.59401,2020,8/20/2020,,EPA 537.1,,,ng/L,,,,,,,,,,,,,,,,,,,,,3.25,,,,,,,,,,,,,,,,,,,,,,,,,,,,,,,,,
Michigan_MPART_Surface_Water,Tucker-Jones Drain | 32-TJD-0010,Surface Water,42.63022,-82.82385,2019,7/26/2019,,Unnamed_SPE_LCMS_MS,,,ng/L,,,,1.50,1.40,1.50,,,,,,,,,,,,,,,,,,,,,,,,,,,,,,,,,,,,,,,,,,,,,,,,
Michigan_MPART_Surface_Water,Birch Creek | 06-BI-0010,Surface Water,43.1631,-82.5038,2019,11/6/2019,,EPA 537.1,,,ng/L,38.00,,,,0.34,1.30,1.30,1.50,,,,,,,,,,,1.10,0.00,1.10,,,,,,,,,,,,,,,,,,,,0.80,,,,,,,,,,,,,
Michigan_MPART_Surface_Water,Lake St. Clair | 32-LSC-0020,Surface Water,42.65429,-82.76003,2017,11/7/2017,,EPA 537.1,,,ng/L,1.40,1.50,,0.00,0.27,0.71,0.70,0.57,0.00,,,,,,,,,,0.62,,0.23,1.40,,,,,,,,,,,,,,,,,,0.00,0.00,,,,,,0.41,,,,,,,
Michigan_MPART_Surface_Water,Unnamed Trib to Metcalf Drain | 06-UTMC2-0010,Surface Water,43.07586,-82.52832,2020,8/20/2020,,EPA 537.1,,,ng/L,,,,,,,,,,,,,,,,,,,,,1.05,2.45,,,,,,,,,,,,,,,,,,,,,,,,,,,,,,,,
Michigan_MPART_Surface_Water,Lake St. Clair | 32-LSC-0040,Surface Water,42.62221,-82.8176,2017,11/7/2017,,EPA 537.1,,,ng/L,,,,0.00,0.33,1.00,1.50,0.74,0.00,,,,,,,,,,1.30,,0.52,1.70,,,,,,,,,,,,,,,,,,0.00,0.00,,,,,,0.59,,,,,,,
Michigan_MPART_Surface_Water,Fort Gratiot Area West Pond | 06-UPD2-0010,Surface Water,43.04508,-82.54878,2021,5/6/2021,,EPA 537.1,,,ng/L,,,,,,,,,,,,,,,,,,,,,,,,,,,,,,,,,,,,,,,,,,,,,,,,,,,,,,
Michigan_MPART_Surface_Water,Jackson Creek | 51-JC-0020,Surface Water,43.17656,-82.70958,2022,5/18/2022,,EPA 8327,,,ng/L,1.10,,,,,,1.40,1.20,,,,,,,,,,,,,1.00,,,,,,,,,,,,,,,,,,,,0.90,,,,,,,,,,,,,
Michigan_MPART_Surface_Water,Lake St. Clair | 32-LSC-0030,Surface Water,42.6296,-82.81888,2017,8/31/2017,,EPA 537.1,,,ng/L,,,,0.83,1.30,,,,,,,,,,,,,,,,,,,,,,,,,,,,,,,,,,,,0.00,0.00,,,,,1.60,,,,,,,
Michigan_MPART_Surface_Water,Livergood Drain | 51-LGD-0050,Surface Water,43.13183,-82.74508,2022,5/18/2022,,EPA 8327,,,ng/L,1.40,,,,,0.80,,,,,,,,,,,,,,,1.60,,,,,,,,,,,,,,,,,,,,,,,,,,,,,,,,,
Michigan_MPART_Surface_Water,Unnamed trib to Carrigan Drain | 06-UTCG-0030,Surface Water,43.03904,-82.47156,2019,9/12/2019,,EPA 537.1,,,ng/L,,,,0.69,1.20,,,,,,,,,,,,,,,0.52,,,,,,,,,,,,,,,,,,1.40,,,,,,,,,,,,,,,,
Michigan_MPART_Surface_Water,Unnamed North Trib to Brace Dra | 06-UTBD2-0010,Surface Water,43.05838,-82.55043,2019,12/19/2019,,EPA 537.1,,,ng/L,,,,0.00,0.40,0.91,,0.00,1.20,,,,,,,,,,,0.00,0.56,1.10,,,,,,,,,,1.10,,,,,,,,,0.00,,,0.00,,,,0.00,,,0.00,,,
Michigan_MPART_Surface_Water,Brandymore/Howe Drain | 51-BHD-0060,Surface Water,43.04305,-82.49634,2019,9/12/2019,,EPA 537.1,,,ng/L,,,,1.50,,,,,,,,,,,,,,,,0.00,,,,,,,,,,,,,,,,,,,,,0.90,,,,,,,,,,,,,
Michigan_MPART_Surface_Water,Unnamed trib to Brandymore/Howe | 51-UTBHD3-001,Surface Water,43.02928,-82.51553,2019,9/13/2019,,EPA 537.1,,,ng/L,30.00,,,,,1.20,,,,,,,,,,,,,,0.00,1.50,,,,,,,,,,,,,,,,,2.00,,,0.80,,,,,,,,,,,,,
Michigan_MPART_Surface_Water,Unnamed trib to Doe Creek | 06-UTDC-0010,Surface Water,43.0444,-82.5363,2019,11/7/2019,,EPA 537.1,,,ng/L,360.00,,,,1.10,1.20,,,,,,,,,,,,,,0.00,,,,,,,,,,,,,,,,,,,,,0.79,,,,,,,,,,,,,
Michigan_MPART_Surface_Water,Brandymore/Howe Drain | 51-BHD-0030,Surface Water,43.02882,-82.4576,2019,9/12/2019,,EPA 537.1,,,ng/L,,,,,,1.50,,,,,,,,,,,,,,0.00,,,,,,,,,,,,,,,,,,,,,,,,,,,,,,,,,,
Michigan_MPART_Surface_Water,Elgin Drain | 51-ELD-0010,Surface Water,43.07195,-83.16904,2022,5/18/2022,,EPA 8327,,,ng/L,,,1.10,,0.90,1.30,,1.60,,,,,,,,,,,,,,,,,,,,,,,,,,,,,,,,,,,,,,,,,,,,,,
Michigan_MPART_Surface_Water,Unnamed Trib to Pine River | 51-UTPN2-0010,Surface Water,42.9568,-82.6226,2021,5/6/2021,,EPA 537.1,,,ng/L,,2.05,,,,,2.18,,,,,,,,,,,,,,,,,,,,,,,,,,,,,,,,,,,,,,,,,,,,,,,
Michigan_MPART_Surface_Water,Brandymore/Howe Drain | 51-BHD-0010,Surface Water,43.02092,-82.44851,2019,9/13/2019,,EPA 537.1,,,ng/L,,,,,,1.70,,,,,,,,,,,,,,0.00,,,,,,,,,,,,,,,,,,,,,0.86,,,,,,,,,,,,,
Michigan_MPART_Surface_Water,Plum Creek | 51-PC-0060,Surface Water,43.09513,-82.67804,2022,5/18/2022,,EPA 8327,,,ng/L,1.30,,,,0.80,,,,,,,,,,,,,,,,1.60,,,,,,,,,,,,,,,,,,,,,,,,,,,,,,,,,
Michigan_MPART_Surface_Water,Unnamed Trib to Unnamed Trib of | 06-UUTMC3-001,Surface Water,43.0727,-82.5566,2021,5/6/2021,,EPA 537.1,,,ng/L,,,,,,,,,,,,,,,,,,,,,,,,,,,,,,,,,,,,,,,,,,,,,,,,,,,,,,
Michigan_MPART_Surface_Water,Unnamed trib to Brandymore/Howe | 51-UTBHD2-001,Surface Water,43.03601,-82.51592,2019,9/13/2019,,EPA 537.1,,,ng/L,0.94,,,,0.00,,,,,,,,,,,,,,,0.00,0.57,,,,,,,,,,,,,,,,,,,,0.81,,,,,,,,,,,,,
Michigan_MPART_Surface_Water,Unnamed Drain to Lake Huron | 06-UDH-0010,Surface Water,43.214,-82.523,2019,11/6/2019,,EPA 537.1,,,ng/L,,,,,0.34,,,1.30,,,,,,,,,,,,0.00,,,,,,,,,,,,,,,,,,,,,0.83,,,,,,,,,,,,,
Michigan_MPART_Surface_Water,Brandymore/Howe Drain | 51-BHD-0070,Surface Water,43.0382,-82.50802,2019,11/6/2019,,EPA 537.1,,,ng/L,44.00,,,,0.77,1.10,,,,,,,,,,,,,,,1.80,,,,,,,,,,,,,,,,,,,,0.94,,,,,,,,,,,,,
Michigan_MPART_Surface_Water,Burtch Creek | 06-BH-0030,Surface Water,43.15138,-82.54356,2020,8/20/2020,,EPA 537.1,,,ng/L,,,,,,,,,,,,,,,,,,,,,1.05,1.73,,,,,,,,,,,,,,,,,,,,,,,,,,,,,,,,
Michigan_MPART_Surface_Water,Lake St. Clair | 32-LSC-0070,Surface Water,42.51746,-82.87318,2017,11/8/2017,,EPA 537.1,,,ng/L,,1.80,,0.00,0.28,1.00,1.30,0.77,0.00,,,,,,,,,,1.00,,0.75,,,,,,,,,,,,,,,,,,,0.00,0.00,,,,,,0.64,,,,,,,
Michigan_MPART_Surface_Water,Doe Creek | 06-DC-0040,Surface Water,43.05331,-82.48222,2019,9/12/2019,,EPA 537.1,,,ng/L,1000.00,,,,,,,,,,,,,,,,,,,0.28,1.60,,,,,,,,,,,,,,,,,,,,0.86,,,,,,,,,,,,,
Michigan_MPART_Surface_Water,Eves Drain | 51-ED-0060,Surface Water,43.12113,-82.73911,2022,5/18/2022,,EPA 8327,,,ng/L,1.50,,,,,0.60,,,,,,,,,,,,,,,,,,,,,,,,,,,,,,,,,,,,,,,,,,,,,,,,
Michigan_MPART_Surface_Water,South Branch Mill Creek | 51-SMLC-0030,Surface Water,43.10233,-82.90864,2022,5/18/2022,,EPA 8327,,,ng/L,0.90,,,,1.10,,1.20,0.80,,,,,,,,,,,,,1.50,,,,,,,,,,,,,,,,,,,,,,,,0.90,,,,,,,,,
Michigan_MPART_Surface_Water,North Branch Mill Creek | 51-NMLC-0020,Surface Water,43.11954,-82.92351,2022,5/18/2022,,EPA 8327,,,ng/L,1.30,1.30,,,,0.60,0.90,1.10,,,,,,,,,,,,,1.30,,,,,,,,,,,,,,,,,,,,,,,,,,,,,,,,,
Michigan_MPART_Surface_Water,Black River | 51-BK-0050,Surface Water,43.0169,-82.4525,2019,11/6/2019,,EPA 537.1,,,ng/L,1.40,,,,0.32,,,0.84,,,,,,,,,,,,0.00,1.30,,,,,,,,,,,,,,,,,,,,0.80,,,,,,,,,,,,,
Michigan_MPART_Surface_Water,Unnamed trib to Brandymore/Howe | 51-UTBHD4-001,Surface Water,43.02548,-82.51529,2019,11/7/2019,,EPA 537.1,,,ng/L,250.00,,,,0.47,0.95,,,,,,,,,,,,,,0.00,,,,,,,,,,,,,,,,,,,,,0.83,,,,,,,,,,,,,
Michigan_MPART_Surface_Water,William Doan Drain | 51-WDD-0020,Surface Water,43.2366,-82.63791,2022,5/18/2022,,EPA 8327,,,ng/L,0.80,,,,,,,1.70,,,,,,,,,,,,,0.60,,,,,,,,,,,,,,,,,,,,,,,,,,,,,,,,,
Michigan_MPART_Surface_Water,Meadow Lawn Drain | 06-ML-0010,Surface Water,43.0982,-82.484,2019,11/6/2019,,EPA 537.1,,,ng/L,1.30,,,,0.00,0.75,,1.40,,,,,,,,,,,,0.00,1.50,,,,,,,,,,,,,,,,,,,,0.82,,,,,,,,,,,,,
Michigan_MPART_Surface_Water,Black River Canal | 51-BKC-0030,Surface Water,43.0165,-82.4506,2022,10/4/2022,,EPA 8327,,,ng/L,,,,1.10,0.90,0.70,,,,,,,,,,,,,,,,3.80,,,,,,,,,,0.00,,,,,,,,,,,,,,,,,,,,,,
Michigan_MPART_Surface_Water,Unnamed North Trib to Brace Dra | 06-UTBD2-0020,Surface Water,43.0602,-82.557,2021,5/6/2021,,EPA 537.1,,,ng/L,,,,,,,,,,,,,,,,,,,,,1.03,,,,,,,,,,,,,,,,,,,,,,,,,,,,,,,,,
Michigan_MPART_Surface_Water,Ft Gratiot Wetland Area Pond | 51-FGWP-0010,Surface Water,43.04295,-82.47733,2019,9/12/2019,,EPA 537.1,,,ng/L,31.00,,,,1.10,,,,,,,,,,,,,,,0.00,1.10,,,,,,,,,,,,,,,,,,,,0.81,,,,,,,,,,,,,
Michigan_MPART_Surface_Water,unnamed Trib to Brandymore/Howe | 51-UTBHD1-001,Surface Water,43.039,-82.52587,2019,9/13/2019,,EPA 537.1,,,ng/L,,1.20,,,0.00,,,,,,,,,,,,,,1.60,0.00,,,,,,,,,,,,,,,,,,,,,0.80,,,,,,,,,,,,,
Michigan_MPART_Surface_Water,Fort Gratiot Area North Pond | 06-UPD3-0010,Surface Water,43.047,-82.5495,2021,5/6/2021,,EPA 537.1,,,ng/L,,,,,,,,,,,,,,,,,,,,,,,,,,,,,,,,,,,,,,,,,,,,,,,,,,,,,,
Michigan_MPART_Surface_Water,Ft Gratiot Wetland Area Pond | 51-FGWP-0010,Surface Water,43.04295,-82.47733,2020,2/18/2020,,EPA 537.1,,,ng/L,,,,0.45,0.92,0.50,,,0.36,,,,,,,,,,,0.00,0.97,,,,,,,,,,,,,,,,,,,0.00,0.00,,,0.00,,,0.38,0.00,0.00,,0.00,,,
Michigan_MPART_Surface_Water,Burtch Creek | 06-BH-0020,Surface Water,43.15204,-82.52381,2019,12/19/2019,,EPA 537.1,,,ng/L,,,,0.00,0.00,0.48,0.96,1.50,0.47,,,,,,,,,,0.75,0.00,1.10,1.10,,,,,,,,,,1.10,,,,,,,,,0.00,,,0.00,,,,0.00,,,0.00,,,
Michigan_MPART_Surface_Water,Lake St. Clair | 32-LSC-0010,Surface Water,42.67447,-82.63233,2017,11/7/2017,,EPA 537.1,,,ng/L,,1.50,,0.00,0.26,0.70,0.77,0.52,0.00,,,,,,,,,,0.59,,0.23,,,,,,,,,,,,,,,,,,,0.00,0.00,,,,,,0.56,,,,,,,
Michigan_MPART_Surface_Water,Doe Creek | 06-DC-0020,Surface Water,43.0678,-82.4782,2019,11/7/2019,,EPA 537.1,,,ng/L,,,,,0.34,0.91,,,1.20,,,,,,,,,,,0.00,,,,,,,,,,,,,,,,,,,,,0.82,,,,,,,,,,,,,
Michigan_MPART_Surface_Water,Unnamed Trib to Unnamed Trib of | 06-UUTBH-0010,Surface Water,43.14677,-82.52322,2019,12/19/2019,,EPA 537.1,,,ng/L,410.00,,,0.00,0.00,,,,,,,,,,,,,,,,,,,,,,,,,,,1.10,,,,,,,,,0.00,,,0.00,,,,0.00,,,0.00,,,
Michigan_MPART_Surface_Water,unnamed Trib to Brandymore/Howe | 51-UTBHD5-001,Surface Water,43.0195,-82.5249,2019,11/7/2019,,EPA 537.1,,,ng/L,1.40,,,,0.00,,0.77,,,,,,,,,,,,0.90,0.00,0.97,1.50,,,,,,,,,,,,,,,,,,,0.91,,,,,,,,,,,,,
Michigan_MPART_Surface_Water,Tucker-Jones Drain | 32-TJD-0010,Surface Water,42.63022,-82.82385,2019,7/26/2019,,Unnamed_SPE_LCMS_MS,,,ng/L,,,,1.70,1.50,1.40,,,,,,,,,,,,,,,,,,,,,,,,,,,,,,,,,,,,,,,,,0.55,,,,,,,
Michigan_MPART_Surface_Water,Brandymore/Howe Drain | 51-BHD-0100,Surface Water,43.0159,-82.5248,2019,11/7/2019,,EPA 537.1,,,ng/L,2.00,,,,0.51,,,,,,,,,,,,,,,0.00,,,,,,,,,,,,,,,,,,,,,0.89,,,,,,,,,,,,,
Michigan_MPART_Surface_Water,Doe Creek | 06-DC-0050,Surface Water,43.04891,-82.49673,2019,9/12/2019,,EPA 537.1,,,ng/L,1500.00,,,,,,,,,,,,,,,,,,,0.25,1.60,,,,,,,,,,,,,,,,,,,,0.76,,,,,,,,,,,,,
Michigan_MPART_Surface_Water,Brandymore/Howe Drain | 51-BHD-0050,Surface Water,43.03893,-82.478,2019,9/12/2019,,EPA 537.1,,,ng/L,,,,,,1.60,,,,,,,,,,,,,,0.00,,,,,,,,,,,,,,,,,,,,,0.88,,,,,,,,,,,,,
Michigan_MPART_Surface_Water,Wolvin Drain | 51-WV-0060,Surface Water,42.929,-82.601,2021,5/6/2021,,EPA 537.1,,,ng/L,,1.45,,,,,,3.59,,,,,,,,,,,,,3.57,,,,,,,,,,,,,,,,,,,,,,,,,,,,,,,,,
Michigan_MPART_Surface_Water,Unamed trib to Tucker Jones Dra | 32-UTTJD1-009,Surface Water,42.60173,-82.85175,2019,7/26/2019,,Unnamed_SPE_LCMS_MS,,,ng/L,,,,0.92,1.00,,,,1.20,,,,,,,,,,,0.51,,,,,,,,,,,,,,,,,,,,,,,,,,,0.61,,,,,,,
Michigan_MPART_Surface_Water,Unnamed Trib to Pine River | 51-UTPN-0010,Surface Water,42.9636,-82.623,2021,5/6/2021,,EPA 537.1,,,ng/L,,1.90,,,,1.21,2.01,,,,,,,,,,,,1.07,,,3.14,,,,,,,,,,,,,,,,,,,,,,,,,,,,,,,,
Michigan_MPART_Surface_Water,Moore Drain | 51-MOR-0010,Surface Water,43.0354,-82.496,2019,11/6/2019,,EPA 537.1,,,ng/L,4.30,,,,,,,,,,,,,,,,,,,0.46,,,,,,,,,,,,,,,,,,,,,0.84,,,,,,,,,,,,,
Michigan_MPART_Surface_Water,Thompson Drain | 06-TD-0010,Surface Water,43.06261,-82.46108,2019,11/6/2019,,EPA 537.1,,,ng/L,2.50,,,,0.28,1.10,,,,,,,,,,,,,,0.00,,,,,,,,,,,,,,,,,,,,,0.80,,,,,,,,,,,,,
Michigan_MPART_Surface_Water,unnamed Trib to Brandymore/Howe | 51-UTBHD3-002,Surface Water,43.0282,-82.5255,2019,11/7/2019,,EPA 537.1,,,ng/L,13.00,,,,0.33,,,1.80,,,,,,,,,,,,,0.63,,,,,,,,,,,,,,,,,,,,0.95,,,,,,,,,,,,,
Michigan_MPART_Surface_Water,Shallow Creek | 06-SC-0010,Surface Water,43.0751,-82.4697,2019,11/6/2019,,EPA 537.1,,,ng/L,39.00,,,,0.47,1.10,,,,,,,,,,,,,,0.00,,,,,,,,,,,,,,,,,,,,,0.80,,,,,,,,,,,,,
Michigan_MPART_Surface_Water,unnamed Trib to Brandymore/Howe | 51-UTBHD3-003,Surface Water,43.02617,-82.54007,2021,5/6/2021,,EPA 537.1,,,ng/L,,,,,,,1.22,,,,,,,,,,,,1.29,,,2.09,,,,,,,,,,,,,,,,,,,,,,,,,,,,,,,,
Michigan_MPART_Surface_Water,Unnamed Trib to Milwaukee Creek | 06-UTMK-0020,Surface Water,43.12402,-82.58129,2020,8/20/2020,,EPA 537.1,,,ng/L,,,,,,,,,,,,,,,,,,,,,,,,,,,,,,,,,,,,,,,,,,,,,,,,,,,,,,
Michigan_MPART_Surface_Water,Sheehy Drain | 51-SD-0030,Surface Water,43.08612,-82.81667,2022,5/18/2022,,EPA 8327,,,ng/L,,1.70,,,0.60,,1.20,0.90,,,,,,,,,,,,,1.20,,,,,,,,,,,,,,,,,,,,,,,,,,,,,,,,,
Michigan_MPART_Surface_Water,Plum Creek | 51-PC-0030,Surface Water,43.10326,-82.63893,2022,5/18/2022,,EPA 8327,,,ng/L,,,,,0.80,,,,,,,,,,,,,,,,,,,,,,,,,,,,,,,,,,,,,,,,,,,,,,,,,
Michigan_MPART_Surface_Water,Brandymore/Howe Drain | 51-BHD-0080,Surface Water,43.02348,-82.51343,2019,9/13/2019,,EPA 537.1,,,ng/L,4.60,,,,0.62,1.10,,,,,,,,,,,,,,0.00,,,,,,,,,,,,,,,,,,,,,0.78,,,,,,,,,,,,,
Michigan_MPART_Surface_Water,Unnamed Trib to Pine River | 51-UTPN4-0010,Surface Water,42.9196,-82.5559,2021,5/6/2021,,EPA 537.1,,,ng/L,,,,,,,,,,,,,,,,,,,,,,,,,,,,,,,,,,,,,,,,,,,,,,,,,,,,,,
Michigan_MPART_Surface_Water,unnamed trib to Black River | 51-UTBK-0010,Surface Water,43.0167,-82.467,2019,11/7/2019,,EPA 537.1,,,ng/L,1.30,,,,0.37,,,,,,,,,,,,,,,0.33,,,,,,,,,,,,,,,,,,,,,0.80,,,,,,,,,,,,,
Michigan_MPART_Surface_Water,unnamed trib to unnamed trib to | 51-UUTBHD3-00,Surface Water,43.0314,-82.5256,2019,11/7/2019,,EPA 537.1,,,ng/L,0.91,,,,0.00,,,,,,,,,,,,,,,0.00,,,,,,,,,,,,,,,,,,,,,0.79,,,,,,,,,,,,,
Michigan_MPART_Surface_Water,Milwaukee Creek | 06-MK-0010,Surface Water,43.1157,-82.4943,2019,11/6/2019,,EPA 537.1,,,ng/L,7.70,,,,0.27,,,,,,,,,,,,,,,0.00,1.60,,,,,,,,,,,,,,,,,,,,0.87,,,,,,,,,,,,,
Michigan_MPART_Surface_Water,Unnamed trib to Brandymore/Howe | 51-UTBHD6-001,Surface Water,43.03825,-82.50605,2019,11/6/2019,,EPA 537.1,,,ng/L,3200.00,,,,,,,,,,,,,,,,,,,0.35,1.60,,,,,,,,,,,,,,,,,,,,0.91,,,1.20,,,,,,,,,,
Michigan_MPART_Surface_Water,Stony Creek | 51-SC-0030,Surface Water,43.1099,-83.07245,2022,5/18/2022,,EPA 8327,,,ng/L,,1.60,,,,,1.10,1.30,,,,,,,,,,,,,0.80,,,,,,,,,,,,,,,,,,,,,,,,,,,,,,,,,
Michigan_MPART_Surface_Water,Tucker Jones Drain | 32-TJD-0020,Surface Water,42.63073,-82.83864,2019,7/26/2019,,Unnamed_SPE_LCMS_MS,,,ng/L,,,,,,,,,,,,,,,,,,,,,,,,,,,,,,,,,,,,,,,,,,,,,,,0.61,,,,,,,
Michigan_MPART_Surface_Water,Tucker-Jones Drain | 32-TJD-0010,Surface Water,42.63022,-82.82385,2018,2/13/2018,,EPA 537.1,,,ng/L,,,,0.44,0.34,,,,0.00,,,,,,,,,,,,,,,,,,,,,,,,,,,,,,,,0.00,,,,,,,,,,,,,
Michigan_MPART_Surface_Water,Jackson Drain | 51-JD-0010,Surface Water,43.11962,-82.67399,2022,5/18/2022,,EPA 8327,,,ng/L,,,,,0.80,0.60,,,,,,,,,,,,,,,,,,,,,,,,,,,,,,,,,,,,,,,,,,,,,,,,
Michigan_MPART_Surface_Water,Unnamed Drain to Lake Huron | 06-UDH2-0010,Surface Water,43.2102,-82.5225,2019,11/6/2019,,EPA 537.1,,,ng/L,1.20,,,1.20,0.57,,,,,,,,,,,,,,,0.00,1.90,,,,,,,,,,,,,,,,,,,,0.92,,,,,,,,,,,,,
Michigan_MPART_Surface_Water,Black River Canal | 51-BKC-0030,Surface Water,43.0165,-82.4506,2022,10/4/2022,,EPA 8327,,,ng/L,,,,1.00,0.90,1.00,,,,,,,,,,,,,,,,,,,,,,,,,,0.00,,,,,,,,,,,,,,,,,,,,,,
Michigan_MPART_Surface_Water,Unnamed trib to Brace Drain | 06-UTBD-0010,Surface Water,43.0676,-82.4979,2019,11/7/2019,,EPA 537.1,,,ng/L,22.00,,,,0.26,,1.60,1.00,,,,,,,,,,,,0.00,,1.80,,,,,,,,,,,,,,,,,,,0.86,,,,,,,,,,,,,
Michigan_MPART_Surface_Water,Unnamed Drain to Lake Huron | 06-UDH3-0010,Surface Water,43.2067,-82.5157,2019,11/6/2019,,EPA 537.1,,,ng/L,0.63,,,,0.00,,,,,,,,,,,,,,,0.00,1.10,,,,,,,,,,,,,,,,,,,,0.80,,,,,,,,,,,,,
Michigan_MPART_Surface_Water,Unnamed Trib to Metcalf Drain | 06-UTMC2-0020,Surface Water,43.0729,-82.5484,2021,5/6/2021,,EPA 537.1,,,ng/L,,,,,,,,,,,,,,,,,,,,,,,,,,,,,,,,,,,,,,,,,,,,,,,,,,,,,,
Michigan_MPART_Surface_Water,Black River | 51-BK-0200,Surface Water,43.05102,-82.59596,2022,5/18/2022,,EPA 8327,,,ng/L,1.60,,,,,,,1.50,,,,,,,,,,,,,1.90,,,,,,,,,,,,,,,,,,,,,,,,,,,,,,,,,
Michigan_MPART_Surface_Water,South Branch Mill Creek | 51-SMLC-0060,Surface Water,43.08269,-82.93085,2022,5/18/2022,,EPA 8327,,,ng/L,1.50,,,,0.70,,1.40,1.30,,,,,,,,,,,,,1.90,,,,,,,,,,,,,,,,,,,,,,,,,0.50,,,,,,,,
Michigan_MPART_Surface_Water,Brandymore/Howe Drain | 51-BHD-0035,Surface Water,43.03438,-82.46879,2019,9/13/2019,,EPA 537.1,,,ng/L,,,,,,,,,,,,,,,,,,,,0.00,,,,,,,,,,,,,,,,,,,,,0.82,,,,,,,,,,,,,
Michigan_MPART_Surface_Water,Warner Drain | 51-WD-0010,Surface Water,43.03884,-82.48597,2019,11/6/2019,,EPA 537.1,,,ng/L,3.30,,,,1.50,,,,,,,,,,,,,,,0.34,,,,,,,,,,,,,,,,,,,,,0.85,,,,,,,,,,,,,
Michigan_MPART_Surface_Water,Unnamed Trib to Doe Creek | 06-UTDC4-0010,Surface Water,43.0487,-82.5265,2019,11/7/2019,,EPA 537.1,,,ng/L,1200.00,,,,,,,,,,,,,,,,,,,0.00,,,,,,,,,,,,,,,,,,,,,0.82,,,,,,,,,,,,,
Michigan_MPART_Surface_Water,Milwaukee Creek | 06-MK-0010,Surface Water,43.1157,-82.4943,2019,11/6/2019,,EPA 537.1,,,ng/L,8.00,,,,0.40,,,,,,,,,,,,,,,0.35,1.60,,,,,,,,,,,,,,,,,,,,0.86,,,,,,,,,,,,,
Michigan_MPART_Surface_Water,Unnamed Trib to Burtch Creek | 06-UTBH-0010,Surface Water,43.14298,-82.52302,2019,12/19/2019,,EPA 537.1,,,ng/L,,,,0.00,0.00,,0.79,0.30,0.00,,,,,,,,,,1.20,0.00,1.30,0.70,,,,,,,,,,1.00,,,,,,,,0.00,0.00,,,0.00,,,,0.00,0.00,,0.00,,,
Michigan_MPART_Surface_Water,Unnamed Trib to Unnamed trib to | 06-UUTBD1-001,Surface Water,43.07101,-82.50306,2019,12/19/2019,,EPA 537.1,,,ng/L,0.71,,,,0.64,0.43,0.66,0.00,0.00,,,,,,,,,,0.88,0.00,,1.50,,,,,,,,,,1.10,,,,,,,,,0.00,,,0.00,,,,0.00,,,0.00,,,
Michigan_MPART_Surface_Water,Black River Canal | 51-BKC-0010,Surface Water,43.024459,-82.433384,2022,10/4/2022,,EPA 8327,,,ng/L,1.60,,,,,1.00,,,,,,,,,,,,,,,0.50,,,,,,,,,,,0.00,,,,,,,,,,,,,,,,,,,,,,
Michigan_MPART_Surface_Water,Unnamed Trib to Unnamed Trib of | 06-UUTML-0020,Surface Water,43.09931,-82.53973,2020,8/20/2020,,EPA 537.1,,,ng/L,,,,,,,,,,,,,,,,,,,,,,,,,,,,,,,,,,,,,,,,,,,,,,,,,,,,,,
Michigan_MPART_Surface_Water,Metcalf Drain | 06-MC-0010,Surface Water,43.0835,-82.4706,2019,11/6/2019,,EPA 537.1,,,ng/L,7.10,,,,0.73,,,,,,,,,,,,,,,0.53,,,,,,,,,,,,,,,,,,,,,0.83,,,,,,,,,,,,,
Michigan_MPART_Surface_Water,Unnamed trib to Brandymore/Howe | 51-UTBHD6-001,Surface Water,43.03825,-82.50605,2019,9/13/2019,,EPA 537.1,,,ng/L,,,,,,,,,,,,,,,,,,,,0.52,,,,,,,,,,,,,,,,,,7.20,,,0.90,,,1.10,,,,,,,,,,
Michigan_MPART_Surface_Water,Unnamed Trib to Unnamed Trib to | 06-UUTBD2-001,Surface Water,43.07043,-82.52244,2019,12/19/2019,,EPA 537.1,,,ng/L,,,,0.00,0.00,0.35,0.83,0.43,0.00,,,,,,,,,,1.50,0.00,,1.50,,,,,,,,,,1.00,,,,,,,,0.00,0.00,,,0.00,,,,0.00,0.00,,0.00,,,
Michigan_MPART_Surface_Water,Black River Canal | 51-BKC-0020,Surface Water,43.019,-82.4455,2019,11/6/2019,,EPA 537.1,,,ng/L,1.40,1.50,,,0.25,0.88,1.00,,,,,,,,,,,,1.10,0.00,,1.50,,,,,,,,,,,,,,,,,,,0.76,,,,,,,,,,,,,
Michigan_MPART_Surface_Water,Elgin Drain | 51-ELD-0010,Surface Water,43.07195,-83.16904,2022,5/18/2022,,EPA 8327,,,ng/L,,,1.20,,0.70,1.30,,,,,,,,,,,,,,,,,,,,,,,,,,,,,,,,,,,,,,,0.60,,,,,,,,,
Michigan_MPART_Surface_Water,Perry Drain | 51-PD-0010,Surface Water,43.22034,-82.6971,2022,5/18/2022,,EPA 8327,,,ng/L,,,,,,,,0.00,,,,,,,,,,,1.50,,1.60,2.40,,,,,,,,,,,,,,,,,,,,,,,,,,,,,,,,
Michigan_MPART_Surface_Water,Carrigan Drain | 06-CG-0010,Surface Water,43.0417,-82.4465,2019,11/6/2019,,EPA 537.1,,,ng/L,7.50,,,,0.62,,,,,,,,,,,,,,,0.00,,,,,,,,,,,,,,,,,,,,,0.78,,,,,,,,,,,,,
Michigan_MPART_Surface_Water,unnamed trib to unnamed trib to | 51-UUTBHD1-00,Surface Water,43.04246,-82.52604,2019,9/13/2019,,EPA 537.1,,,ng/L,,,,,0.00,,,,,,,,,,,,,,1.10,0.00,0.92,,,,,,,,,,,,,,,,,,,,0.89,,,,,,,,,,,,,
Michigan_MPART_Surface_Water,Unnamed Trib to Pine River | 51-UTPN5-0010,Surface Water,42.83084,-82.54499,2020,8/20/2020,,EPA 537.1,,,ng/L,,,,,,,,,,,,,,,,,,,,,,,,,,,,,,,,,,,,,,,,,,,,,,,,,,,,,,
Michigan_MPART_Surface_Water,Smiths Creek | 51-SMC-0040,Surface Water,42.9189,-82.6108,2021,5/6/2021,,EPA 537.1,,,ng/L,,1.36,,,,,2.78,,,,,,,,,,,,3.85,,1.46,3.92,,,,,,,,,,,,,,,,,,,,,,,,,,,,,,,,
Michigan_MPART_Surface_Water,unnamed Trib to Brandymore/Howe | 51-UTBHD1-002,Surface Water,43.04301,-82.55596,2019,12/19/2019,,EPA 537.1,,,ng/L,0.98,,,0.00,0.00,0.67,,1.60,0.00,,,,,,,,,,,0.00,,,,,,,,,,,,1.00,,,,,,,,0.00,0.00,,,0.00,,,,0.00,0.00,,0.00,,,
Michigan_MPART_Surface_Water,Unnamed Trib to Metcalf Drain | 06-UTMC-0010,Surface Water,43.085,-82.52859,2020,8/20/2020,,EPA 537.1,,,ng/L,,,,,,,,,,,,,,,,,,,,,1.91,,,,,,,,,,,,,,,,,,,,,,,,,,,,,,,,,
Michigan_MPART_Surface_Water,Brandymore/Howe Drain | 51-BHD-0030,Surface Water,43.02882,-82.4576,2019,9/12/2019,,EPA 537.1,,,ng/L,,,,,,1.40,,,,,,,,,,,,,,0.57,,,,,,,,,,,,,,,,,,,,,,,,,,,,,,,,,,
Michigan_MPART_Surface_Water,Jackson Creek | 51-JC-0040,Surface Water,43.16309,-82.74202,2022,5/18/2022,,EPA 8327,,,ng/L,0.90,1.50,,,,,1.10,1.00,,,,,,,,,,,,,1.00,,,,,,,,,,,,,,,,,,,,,,,,,,,,,,,,,
Michigan_MPART_Surface_Water,Brace Drain | 06-BD-0040,Surface Water,43.05506,-82.52699,2019,12/19/2019,,EPA 537.1,,,ng/L,3.90,1.20,,0.00,0.00,0.37,0.57,0.00,0.00,,,,,,,,,,0.61,0.00,1.10,1.00,,,,,,,,,,1.10,,,,,,,,,0.00,,,0.00,,,,0.00,,,0.00,,,
Michigan_MPART_Surface_Water,Ox Creek | 52-OC-0020,Surface Water,42.11819,-86.450067,2021,7/22/2021,,EPA 537.1,,,ng/L,,1.08,,,,1.15,1.46,,,,,,,,,,,,,,3.71,1.84,,,,,,,,,,,,,,,,,,,,,,,,,,,,,,,,
Michigan_MPART_Surface_Water,St. Joseph River | 52-SJ-0040,Surface Water,42.009924,-86.389524,2013,9/11/2013,,Unnamed_SPE_LCMS_MS,,,ng/L,1.70,,,0.52,,1.40,,,,,,,,,,,,,1.80,,1.50,,,,,,,,,,,,,,,,,,,,0.76,1.20,,,,,,,,,,,,
Michigan_MPART_Surface_Water,West Lake Wetland | 52-WLW-0010,Surface Water,42.185968,-85.587707,2020,7/21/2020,,EPA 537.1,,,ng/L,,2.01,,,,1.47,1.59,1.52,,,,,,,,,,,,,,,,,,,,,,,,,,,,,,,,,,,,,,,,,,,,,,
Michigan_MPART_Surface_Water,Swan Creek | 52-SC-0020,Surface Water,41.897427,-85.359635,2018,9/19/2018,,EPA 537.1,,,ng/L,,,,0.00,0.00,0.37,0.59,0.40,0.00,,,,,,,,,,0.98,0.00,1.40,1.10,,,,,,,,,,,,,,,,,,,0.00,,,0.00,,,,,,,,,,
Michigan_MPART_Surface_Water,Paw Paw River | 52-PP-0220,Surface Water,42.2211,-86.1649,2021,1/19/2021,,EPA 537.1,,,ng/L,,,,,,,,,,,,,,,,,,,,,,,,,,,,,,,,,,,,,,,,,,,,,,,,,,,,,,
Michigan_MPART_Surface_Water,West Lake Outlet | 52-WLO-0010,Surface Water,42.18144659,-85.56413524,2020,7/21/2020,,EPA 537.1,,,ng/L,2.68,1.60,,,,,3.46,1.53,,,,,,,,,,,2.29,,3.32,3.68,,,,,,,,,,,,,,,,,,,,,,,,,,,,,,,,
Michigan_MPART_Surface_Water,St. Joseph River | 52-SJ-0130,Surface Water,41.999943,-85.458781,2018,9/19/2018,,EPA 537.1,,,ng/L,,,,0.00,0.00,0.46,0.62,0.69,0.00,,,,,,,,,,0.86,0.00,0.87,,,,,,,,,,,,,,,,,,,0.00,0.00,,,0.00,,,0.00,,,,,,,
Michigan_MPART_Surface_Water,Paw Paw River | 52-PP-0010,Surface Water,42.115897,-86.46877,2018,9/19/2018,,EPA 537.1,,,ng/L,,,,0.00,0.24,0.55,0.93,1.00,0.00,,,,,,,,,,0.96,0.00,1.10,,,,,,,,,,,,,,,,,,,0.00,0.00,,,0.00,,,0.00,,,,,,,
Michigan_MPART_Surface_Water,Gourdneck Lake | 52-GNL-0010,Surface Water,42.1623286,-85.57629386,2020,7/21/2020,,EPA 537.1,,,ng/L,,,,,,,,,,,,,,,,,,,,,,2.46,,,,,,,,,,,,,,,,,,,,,,,,,,,,,,,,
Michigan_MPART_Surface_Water,Pigeon River | 52-PR-0050,Surface Water,41.79028982,-85.68180677,2020,3/9/2020,,EPA 537.1,,,ng/L,,1.60,,0.00,0.00,0.36,0.57,0.46,0.00,,,,,,,,,,0.75,0.00,0.67,,,,,,,,,,,,,,,,,,,0.00,0.00,,,0.00,,,0.36,0.00,0.00,,0.00,,,
Michigan_MPART_Surface_Water,Ox Creek | 52-OC-0050,Surface Water,42.109,-86.4436,2021,1/19/2021,,EPA 537.1,,,ng/L,,3.08,,,,,1.62,,,,,,,,,,,,2.44,2.22,,3.31,,,,,,,,,,,,,,,,,,,,,,,,,,,,,,,,
Michigan_MPART_Surface_Water,St. Joseph River | 31-SJ-0010,Surface Water,42.115066,-86.49,2018,9/19/2018,,EPA 537.1,,,ng/L,,,,0.00,0.69,1.40,1.40,0.83,0.00,,,3.40,,,,,,,,0.00,1.30,,,,,,,,,,,,,,,,,,,0.00,0.00,,,0.00,,,0.00,,,,,,,
Michigan_MPART_Surface_Water,St. Joseph River | 52-SJ-0125,Surface Water,41.92755,-85.633909,2018,9/19/2018,,EPA 537.1,,,ng/L,,1.50,,0.00,0.35,0.66,0.83,0.82,0.00,,,,,,,,,,0.94,0.00,0.87,,,,,,,,,,,,,,,,,,,0.00,0.00,,,0.00,,,0.00,,,,,,,
Michigan_MPART_Surface_Water,St. Joseph River | 52-SJ-0100,Surface Water,41.760256,-85.791934,2018,9/19/2018,,EPA 537.1,,,ng/L,,1.50,,0.00,0.00,0.59,1.20,0.74,0.00,,,,,,,,,,0.82,0.00,0.90,,,,,,,,,,,,,,,,,,,0.00,0.00,,,0.00,,,0.00,,,,,,,
Michigan_MPART_Surface_Water,Paw Paw Lake Outlet | 52-PPL-0020,Surface Water,42.2078,-86.2502,2021,1/19/2021,,EPA 537.1,,,ng/L,1.86,1.27,,,,,,,,,,,,,,,,,,,,3.52,,,,,,,,,,,,,,,,,,,,,,,,,,,,,,,,
Michigan_MPART_Surface_Water,Swan Creek | 52-SC-0010,Surface Water,41.958217,-85.32266,2018,9/19/2018,,EPA 537.1,,,ng/L,,0.88,,0.00,0.00,0.38,0.90,0.40,0.00,,,,,,,,,,0.98,0.00,1.20,,,,,,,,,,,,,,,,,,,0.00,0.00,,,0.00,,,,,,,,,,
Michigan_MPART_Surface_Water,Dowagiac River | 52-DR-0010,Surface Water,41.845138,-86.262451,2018,9/19/2018,,EPA 537.1,,,ng/L,,1.10,,0.00,0.00,0.65,,0.34,0.00,,,,,,,,,,0.78,0.00,0.48,1.30,,,,,,,,,,,,,,,,,,,0.00,,,0.00,,,,,,,,,,
Michigan_MPART_Surface_Water,St. Joseph River | 52-SJ-0150,Surface Water,42.043339,-85.204213,2018,9/19/2018,,EPA 537.1,,,ng/L,,,,,,0.73,1.20,0.51,0.00,,,,,,,,,,1.20,,1.80,,,,,,,,,,,,,,,,,,,,1.10,,,0.00,,,,,,,,,,
Michigan_MPART_Surface_Water,Pigeon River | 52-PR-0061,Surface Water,41.7882617,-85.64753341,2020,3/9/2020,,EPA 537.1,,,ng/L,,,,0.00,0.00,0.39,0.56,0.51,0.00,,,,,,,,,,0.77,0.00,0.66,,,,,,,,,,,,,,,,,,,0.00,0.00,,,0.00,1.10,,0.71,0.00,0.00,,0.00,,,
Michigan_MPART_Surface_Water,Pigeon River | 52-PR-0070,Surface Water,41.78652656,-85.64326376,2020,3/9/2020,,EPA 537.1,,,ng/L,,,,0.00,0.00,0.35,,0.30,0.00,,,,,,,,,,0.73,0.00,0.68,,,,,,,,,,,,,,,,,,,,0.00,,,0.00,1.30,,0.78,0.00,,,0.00,,,
Michigan_MPART_Surface_Water,Swan Creek | 52-SC-0010,Surface Water,41.958217,-85.32266,2018,8/21/2018,,EPA 537.1,,,ng/L,,,,0.00,0.30,0.36,0.27,0.18,0.00,,,,,,,,,,1.20,0.00,1.00,,,,,,,,,,,,,,,,,,,0.00,0.00,,,0.00,,,,,,,,,,
Michigan_MPART_Surface_Water,Pigeon River | 52-PR-0020,Surface Water,41.77968634,-85.75032229,2020,3/9/2020,,EPA 537.1,,,ng/L,,1.60,,0.00,0.00,0.38,,0.37,0.00,,,,,,,,,,0.67,0.00,0.72,,,,,,,,,,,,,,,,,,,0.00,0.00,,,0.00,,,0.35,0.00,0.00,,0.00,,,
Michigan_MPART_Surface_Water,St. Joseph River | 52-SJ-0080,Surface Water,41.83911,-86.266948,2018,9/19/2018,,EPA 537.1,,,ng/L,,,,0.00,0.37,1.60,,0.67,0.00,,,2.90,,,,,,,,0.32,,,,,,,,,,,,,,,,,,,,0.00,0.00,,,0.00,,,0.00,,,,,,,
Michigan_MPART_Surface_Water,Long Lake | 52-LL2-0010,Surface Water,42.1830871,-85.52471314,2020,7/21/2020,,EPA 537.1,,,ng/L,,2.13,,,,,1.93,1.65,,,,,,,,,,,,,1.64,,,,,,,,,,,,,,,,,,,,,,,,,,,,,,,,,
Michigan_MPART_Surface_Water,Pigeon River | 52-PR-0070,Surface Water,41.78652656,-85.64326376,2020,3/9/2020,,EPA 537.1,,,ng/L,,,,0.00,0.00,0.30,0.55,0.29,0.00,,,,,,,,,,0.71,0.00,0.66,,,,,,,,,,,,,,,,,,,0.00,0.00,,,0.00,1.10,,0.43,0.00,0.00,,0.00,,,
Michigan_MPART_Surface_Water,Farmers Creek | 52-FC-0010,Surface Water,41.980209,-86.331366,2018,9/19/2018,,EPA 537.1,,,ng/L,0.53,,,0.00,0.00,0.42,,0.00,0.00,,,,,,,,,,,0.00,0.46,1.10,,,,,,,,,,,,,,,,,,0.00,0.00,,,0.00,,,,,,,,,,
Michigan_MPART_Surface_Water,Swan Creek | 52-SC-0080,Surface Water,41.896124,-85.220674,2018,9/19/2018,,EPA 537.1,,,ng/L,,,,0.00,0.00,0.30,,0.00,0.00,,,,,,,,,,0.59,0.00,1.30,1.10,,,,,,,,,,,,,,,,,,0.00,0.00,,,0.00,,,,,,,,,,
Michigan_MPART_Surface_Water,St. Joseph River | 52-SJ-0040,Surface Water,42.009924,-86.389524,2018,9/19/2018,,EPA 537.1,,,ng/L,,,,0.00,0.32,1.20,1.50,0.56,0.00,,,,,,,,,,,0.00,1.40,,,,,,,,,,,,,,,,,,,0.00,0.00,,,0.00,,,0.00,,,,,,,
Michigan_MPART_Surface_Water,Swan Creek | 52-SC-0090,Surface Water,41.902226,-85.202339,2018,9/19/2018,,EPA 537.1,,,ng/L,,,,0.00,0.00,0.37,,0.00,0.00,,,,,,,,,,,0.00,1.20,1.00,,,,,,,,,,,,,,,,,,,0.00,,,0.00,,,,,,,,,,
Michigan_MPART_Surface_Water,St. Joseph River | 52-SJ-0040,Surface Water,42.009924,-86.389524,2018,9/19/2018,,EPA 537.1,,,ng/L,,,,0.00,1.30,,,1.10,0.18,,,6.80,,,,,,,,0.36,,,,,,,,,,,,,,,,,,,,0.00,0.00,,,0.00,,,0.00,,,,,,,
Michigan_MPART_Surface_Water,West Lake | 52-WL-0010,Surface Water,42.18641119,-85.58326392,2020,7/21/2020,,EPA 537.1,,,ng/L,2.34,2.41,,,,3.10,2.62,,,,,,,,,,,,2.03,,1.90,,,,,,,,,,,,,,,,,,,,,,,,,,,,,,,,,
Michigan_MPART_Surface_Water,Paw Paw River | 52-PP-0080,Surface Water,42.1929,-86.3025,2021,1/19/2021,,EPA 537.1,,,ng/L,1.67,2.53,,,,,,,,,,,,,,,,,,,,1.13,,,,,,,,,,,,,,,,,,,,,,,,,,,,,,,,
Michigan_MPART_Surface_Water,St. Joseph River | 52-SJ-0145,Surface Water,41.972439,-85.302719,2018,9/19/2018,,EPA 537.1,,,ng/L,,1.10,,0.00,0.29,0.53,0.69,1.00,0.00,,,,,,,,,,0.95,0.00,1.20,,,,,,,,,,,,,,,,,,,,0.00,,,0.00,,,,,,,,,,
Michigan_MPART_Surface_Water,Swan Creek | 52-SC-0080,Surface Water,41.896124,-85.220674,2018,9/19/2018,,EPA 537.1,,,ng/L,,,,0.00,0.00,0.32,0.65,0.00,0.00,,,,,,,,,,0.68,0.00,1.30,1.00,,,,,,,,,,,,,,,,,,0.00,0.00,,,0.00,,,,,,,,,,
Michigan_MPART_Surface_Water,Pigeon River | 52-PR-0010,Surface Water,41.769988,-85.773166,2018,9/19/2018,,EPA 537.1,,,ng/L,,1.60,,0.00,0.00,0.44,0.84,0.43,0.00,,,,,,,,,,0.91,0.00,0.74,1.40,,,,,,,,,,,,,,,,,,0.00,0.00,,,0.00,,,0.95,,,,,,,
Michigan_MPART_Surface_Water,Pigeon River | 52-PR-0020,Surface Water,41.77968634,-85.75032229,2020,3/9/2020,,EPA 537.1,,,ng/L,,1.70,,0.00,0.00,0.47,,0.41,0.00,,,,,,,,,,0.85,0.00,0.63,,,,,,,,,,,,,,,,,,,0.00,0.00,,,0.00,,,,0.00,0.00,,0.00,,,
Michigan_MPART_Surface_Water,St. Joseph River | 52-SJ-0070,Surface Water,41.854186,-86.271251,2018,9/19/2018,,EPA 537.1,,,ng/L,1.70,1.60,,0.00,0.00,1.20,1.50,0.58,0.00,,,,,,,,,,1.50,0.00,1.60,,,,,,,,,,,,,,,,,,,,0.00,,,0.00,,,,,,,,,,
Michigan_MPART_Surface_Water,Pipestone Creek | 52-PC-0010,Surface Water,42.060744,-86.401362,2018,9/19/2018,,EPA 537.1,,,ng/L,0.99,0.87,,0.00,0.00,0.63,0.69,0.53,0.00,,,,,,,,,,0.72,0.00,1.00,,,,,,,,,,,,,,,,,,,0.00,0.00,,,0.00,,,,,,,,,,
Michigan_MPART_Surface_Water,Swan Creek | 52-SC-0020,Surface Water,41.897427,-85.359635,2018,8/21/2018,,EPA 537.1,,,ng/L,,,,,0.00,0.26,,1.80,0.00,,,,,,,,,,0.15,0.00,,,,,,,,,,,,,,,,,,,,,0.00,,,0.00,,,,,,,,,,
Michigan_MPART_Surface_Water,West Lake Inlet | 52-WLI-0010,Surface Water,42.18313613,-85.58308496,2020,7/21/2020,,EPA 537.1,,,ng/L,1.99,1.91,,,,,1.79,,,,,,,,,,,,,,,,,,,,,,,,,,,,,,,,,,,,,,,,,,,,,,,
Michigan_MPART_Surface_Water,St. Joseph River | 52-SJ-0020,Surface Water,42.111677,-86.470678,2018,9/19/2018,,EPA 537.1,,,ng/L,,1.10,,0.00,0.26,1.10,1.30,0.64,0.00,,,,,,,,,,,0.00,,,,,,,,,,,,,,,,,,,,0.00,0.00,,,0.00,,,0.00,,,,,,,
Michigan_MPART_Surface_Water,St. Joseph River | 52-SJ-0040,Surface Water,42.009924,-86.389524,2013,9/11/2013,,Unnamed_SPE_LCMS_MS,,,ng/L,,1.70,,,,0.97,1.70,,,,,,,,,,,,1.70,,1.30,,,,,,,,,,,,,,,,,,,,0.00,1.10,,,,,,,,,,,,
Michigan_MPART_Surface_Water,Rocky River | 52-RK-0010,Surface Water,41.945819,-85.637251,2018,9/19/2018,,EPA 537.1,,,ng/L,,,,0.00,0.00,0.40,,0.35,0.00,,,,,,,,,,0.61,0.00,0.42,1.80,,,,,,,,,,,,,,,,,,,0.00,,,0.00,,,,,,,,,,
Michigan_MPART_Surface_Water,St. Joseph River | 52-SJ-0120,Surface Water,41.909626,-85.639525,2018,9/19/2018,,EPA 537.1,,,ng/L,1.20,1.60,,0.00,0.00,0.59,1.30,0.56,0.00,,,5.60,,,,,,,1.00,0.00,1.10,,,,,,,,,,,,,,,,,,,0.00,0.00,,,0.00,,,0.00,,,,,,,
Michigan_MPART_Surface_Water,St. Joseph River | 52-SJ-0060,Surface Water,41.840853,-86.356906,2018,9/19/2018,,EPA 537.1,,,ng/L,,,,0.00,1.70,,,,0.23,,,13.00,,,,,,,,0.50,,,,,,,,,,,,,,,,,,,,,0.60,,,0.00,,,,,,,,,,
Michigan_MPART_Surface_Water,St. Joseph River | 52-SJ-0140,Surface Water,41.981423,-85.334367,2018,8/21/2018,,EPA 537.1,,,ng/L,0.76,0.96,,0.00,0.46,0.44,0.90,0.65,0.00,,,,,,,,,,0.81,0.00,1.30,,,,,,,,,,,,,,,,,,,0.00,0.00,,,0.00,,,,,,,,,,
Michigan_MPART_Surface_Water,Paw Paw Lake | 52-PPL-0010,Surface Water,42.197,-86.2923,2021,1/19/2021,,EPA 537.1,,,ng/L,1.94,1.13,,,,,,,,,,,,,,,,,,,,3.29,,,,,,,,,,,,,,,,,,,,,,,,,,,,,,,,
Michigan_MPART_Surface_Water,Ox Creek | 52-OC-0010,Surface Water,42.120578,-86.460061,2018,9/19/2018,,EPA 537.1,,,ng/L,,,,,0.30,1.60,1.70,1.10,0.00,,,,,,,,,,,0.00,,,,,,,,,,,,,,,,,,,,,0.00,,,0.00,,,,,,,,,,
Michigan_MPART_Surface_Water,Pigeon River | 52-PRW-0010,Surface Water,41.789453,-85.652566,2020,3/9/2020,,EPA 537.1,,,ng/L,790.00,,,1.50,,9.60,,,,,,,,,,,,,,0.00,,,,,,,,,,,,,,,,,,470.00,,0.00,0.00,,,0.00,1.20,,,0.00,0.00,,0.00,,,
Michigan_MPART_Surface_Water,Palmer Lake | 52-PL-0010,Surface Water,41.945465,-85.317056,2018,8/21/2018,,EPA 537.1,,,ng/L,,,,,0.00,0.25,0.30,0.16,0.00,,,,,,,,,,,0.00,0.53,,,,,,,,,,,,,,,,,,,,0.00,,,0.00,,,,,,,,,,
Michigan_MPART_Surface_Water,Ryno Drain | 52-RY-0010,Surface Water,42.1878,-86.3044,2021,1/19/2021,,EPA 537.1,,,ng/L,,,,,,,1.76,,,,,,,,,,,,2.05,,1.27,1.72,,,,,,,,,,,,,,,,,,,,,,,,,,,,,,,,
Michigan_MPART_Surface_Water,Paw Paw River | 52-PP-0240,Surface Water,42.2269,-86.1235,2021,1/19/2021,,EPA 537.1,,,ng/L,,,,,,,,,,,,,,,,,,,,,,,,,,,,,,,,,,,,,,,,,,,,,,,,,,,,,,
Michigan_MPART_Surface_Water,Swan Creek | 52-SC-0080,Surface Water,41.896124,-85.220674,2018,8/21/2018,,EPA 537.1,,,ng/L,,,,0.00,0.00,0.18,,0.46,0.00,,,1.90,,,,,,,0.78,0.00,,,,,,,,,,,,,,,,,,,,0.00,0.00,,,0.00,,,,,,,,,,
Michigan_MPART_Surface_Water,Paw Paw River | 52-PP-0010,Surface Water,42.115897,-86.46877,2021,1/19/2021,,EPA 537.1,,,ng/L,2.27,2.68,,,,,,,,,,,,,,,,,,,1.19,1.24,,,,,,,,,,,,,,,,,,,,,,,,,,,,,,,,
Michigan_MPART_Surface_Water,West Lake Inlet | 52-WLI-0020,Surface Water,42.164618,-85.604727,2020,7/21/2020,,EPA 537.1,,,ng/L,,,,,,,,,,,,,,,,,,,,,,2.29,,,,,,,,,,,,,,,,,,,,,,,,,,,,,,,,
Michigan_MPART_Surface_Water,Austin Lake Outlet | 52-ALO1-0010,Surface Water,42.18475203,-85.54252175,2020,7/21/2020,,EPA 537.1,,,ng/L,,2.13,,,,,1.61,,,,,,,,,,,,,,1.65,,,,,,,,,,,,,,,,,,,,,,,,,,,,,,,,,
Michigan_MPART_Surface_Water,Portage River | 52-PG-0010,Surface Water,41.944125,-85.631378,2018,9/19/2018,,EPA 537.1,,,ng/L,,,,0.00,0.00,0.99,0.91,0.67,0.00,,,,,,,,,,1.30,0.00,0.95,,,,,,,,,,,,,,,,,,,0.00,0.00,,,0.00,,,,,,,,,,
Michigan_MPART_Surface_Water,St. Joseph River | 52-SJ-0120,Surface Water,41.909626,-85.639525,2018,9/19/2018,,EPA 537.1,,,ng/L,1.20,1.50,,0.00,0.00,0.65,1.40,1.20,0.00,,,,,,,,,,0.70,0.00,1.20,,,,,,,,,,,,,,,,,,,,0.00,,,0.00,,,,,,,,,,
Michigan_MPART_Surface_Water,Nottawa Creek | 52-NC-0010,Surface Water,42.009414,-85.388227,2018,9/19/2018,,EPA 537.1,,,ng/L,,0.88,,0.00,0.00,0.50,,0.00,0.00,,,,,,,,,,,0.00,0.39,1.60,,,,,,,,,,,,,,,,,,,0.00,,,0.00,,,,,,,,,,
Michigan_MPART_Surface_Water,Pine Creek | 52-PN-0010,Surface Water,42.2059,-86.1821,2021,1/19/2021,,EPA 537.1,,,ng/L,,,,,,,,,,,,,,,,,,,,,1.82,,,,,,,,,,,,,,,,,,,,,,,,,,,,,,,,,
Michigan_MPART_Surface_Water,St. Joseph River | 52-SJ-0040,Surface Water,42.009924,-86.389524,2013,9/11/2013,,Unnamed_SPE_LCMS_MS,,,ng/L,1.70,1.60,,,,0.93,,,,,,,,,,,,,,,1.30,,,,,,,,,,,,,,,,,,,,0.36,0.63,,,,,,,,,,,,
Michigan_MPART_Surface_Water,Paw Paw River | 52-PP-0200,Surface Water,42.2177,-86.1995,2021,1/19/2021,,EPA 537.1,,,ng/L,,,,,,,,,,,,,,,,,,,,,1.17,,,,,,,,,,,,,,,,,,,,,,,,,,,,,,,,,
Michigan_MPART_Surface_Water,Pigeon River | 52-PR-0060,Surface Water,41.7885665,-85.65306229,2020,3/9/2020,,EPA 537.1,,,ng/L,,,,0.00,0.00,0.43,0.66,0.48,0.00,,,,,,,,,,0.79,0.00,0.71,,,,,,,,,,,,,,,,,,,0.00,0.00,,,0.00,1.10,,0.50,0.00,0.00,,0.00,,,
Michigan_MPART_Surface_Water,Hickory Creek | 52-HC-0010,Surface Water,42.075258,-86.480361,2018,9/19/2018,,EPA 537.1,,,ng/L,0.91,1.40,,,0.00,1.00,1.00,0.66,0.00,,,,,,,,,,1.00,0.00,1.70,,,,,,,,,,,,,,,,,,,,0.00,,,0.00,,,,,,,,,,
Michigan_MPART_Surface_Water,Pigeon River | 52-PR-0080,Surface Water,41.77366646,-85.60364678,2020,3/9/2020,,EPA 537.1,,,ng/L,,,,0.00,0.00,0.38,,0.27,0.00,,,,,,,,,,0.73,0.00,0.64,,,,,,,,,,,,,,,,,,,0.00,0.00,,,0.00,1.10,,0.83,0.00,0.00,,0.00,,,
Michigan_MPART_Surface_Water,St. Joseph River | 52-SJ-0070,Surface Water,41.854186,-86.271251,2018,9/19/2018,,EPA 537.1,,,ng/L,1.80,1.70,,0.00,0.34,1.40,1.50,0.74,0.00,,,,,,,,,,1.50,0.00,1.60,,,,,,,,,,,,,,,,,,,0.00,0.00,,,0.00,,,,,,,,,,
Michigan_MPART_Surface_Water,Paw Paw River | 52-PP-0010,Surface Water,42.115897,-86.46877,2021,1/19/2021,,EPA 537.1,,,ng/L,2.04,3.31,,,,,,,,,,,,,,,,,,,,1.33,,,,,,,,,,,,,,,,,,,,,,,,,,,,,,,,
Michigan_MPART_Surface_Water,Paw Paw River | 52-PP-0050,Surface Water,42.186,-86.3691,2021,1/19/2021,,EPA 537.1,,,ng/L,,2.64,,,,,,,,,,,,,,,,,,,,1.17,,,,,,,,,,,,,,,,,,,,,,,,,,,,,,,,
Michigan_MPART_Surface_Water,Austin Lake Outlet | 52-ALO2-0010,Surface Water,42.16655635,-85.53985781,2020,7/21/2020,,EPA 537.1,,,ng/L,2.57,1.78,,,,,2.41,1.57,,,,,,,,,,,3.00,,2.76,2.70,,,,,,,,,,,,,,,,,,,,,,,,,,,,,,,,
Michigan_MPART_Surface_Water,Long Lake | 52-LL1-0010,Surface Water,41.918707,-85.339424,2018,8/21/2018,,EPA 537.1,,,ng/L,,0.85,,0.00,0.34,0.41,1.00,0.63,0.00,,,,,,,,,,1.50,0.00,1.50,,,,,,,,,,,,,,,,,,,0.00,0.00,,,0.00,,,,,,,,,,
Michigan_MPART_Surface_Water,Pigeon River | 52-PR-0010,Surface Water,41.769988,-85.773166,2020,3/9/2020,,EPA 537.1,,,ng/L,,1.50,,0.00,0.00,0.44,0.59,0.33,0.00,,,,,,,,,,0.86,0.00,0.69,,,,,,,,,,,,,,,,,,,0.00,0.00,,,0.00,,,,0.00,0.00,,0.00,,,
Michigan_MPART_Surface_Water,Paw Paw River | 52-PP-0100,Surface Water,42.1937,-86.2586,2021,1/19/2021,,EPA 537.1,,,ng/L,,2.14,,,,,,,,,,,,,,,,,,,1.25,1.05,,,,,,,,,,,,,,,,,,,,,,,,,,,,,,,,
Michigan_MPART_Surface_Water,Swan Creek | 52-SC-0020,Surface Water,41.897427,-85.359635,2018,8/21/2018,,EPA 537.1,,,ng/L,,,,,0.00,0.37,0.61,0.43,0.00,,,,,,,,,,0.95,,,,,,,,,,,,,,,,,,,,,,0.00,,,0.00,,,,,,,,,,
Michigan_MPART_Surface_Water,St. Joseph River | 52-SJ-0140,Surface Water,41.981423,-85.334367,2018,9/19/2018,,EPA 537.1,,,ng/L,1.30,0.88,,0.00,0.00,0.58,0.83,0.26,0.00,,,,,,,,,,0.88,0.00,1.20,,,,,,,,,,,,,,,,,,,0.00,0.00,,,0.00,,,,,,,,,,
Michigan_MPART_Surface_Water,West Lake Wetland | 52-WLW-0020,Surface Water,42.181403,-85.594084,2020,7/21/2020,,EPA 537.1,,,ng/L,3.83,2.87,,,,,2.74,2.02,,,,,,,,,,,,,,,,,,,,,,,,,,,,,,,,,,,,,,,,,,,,,,
Michigan_MPART_Surface_Water,Hog Creek | 52-HG-0010,Surface Water,42.2087,-86.1427,2021,1/19/2021,,EPA 537.1,,,ng/L,,,,,,,,,,,,,,,,,,,,,,,,,,,,,,,,,,,,,,,,,,,,,,,,,,,,,,
Michigan_MPART_Surface_Water,Swan Creek | 52-SC-0090,Surface Water,41.902226,-85.202339,2018,8/21/2018,,EPA 537.1,,,ng/L,0.31,,,0.00,0.00,0.21,,1.30,0.00,,,,,,,,,,,0.00,,,,,,,,,,,,,,,,,,,,0.00,0.00,,,0.00,,,,,,,,,,
Michigan_MPART_Surface_Water,St. Joseph River | 52-SJ-0050,Surface Water,41.956392,-86.328618,2018,9/19/2018,,EPA 537.1,,,ng/L,,,,0.00,1.30,,,1.50,0.19,,,11.00,,,,,,,,0.47,,,,,,,,,,,,,,,,,,,,0.00,0.00,,,0.00,,,0.00,,,,,,,
Michigan_MPART_Surface_Water,St. Joseph River | 52-SJ-0030,Surface Water,42.069053,-86.467906,2018,9/19/2018,,EPA 537.1,,,ng/L,,1.30,,0.00,0.30,1.30,1.30,0.71,0.00,,,,,,,,,,,0.00,1.40,,,,,,,,,,,,,,,,,,,0.00,0.00,,,0.00,,,0.00,,,,,,,
Michigan_MPART_Surface_Water,St. Joseph River | 52-SJ-0090,Surface Water,41.77429,-86.267168,2018,9/19/2018,,EPA 537.1,,,ng/L,,1.60,,0.00,0.28,1.50,1.70,0.81,0.00,,,,,,,,,,1.70,0.00,1.50,,,,,,,,,,,,,,,,,,,0.00,0.00,,,0.00,,,,,,,,,,
Michigan_MPART_Surface_Water,Paw Paw Lake | 52-PPL-0010,Surface Water,42.197,-86.2923,2021,1/19/2021,,EPA 537.1,,,ng/L,1.56,1.50,,,,,,,,,,,,,,,,,,,,3.29,,,,,,,,,,,,,,,,,,,,,,,,,,,,,,,,
Michigan_MPART_Surface_Water,Ox Creek | 52-OC-0010,Surface Water,42.120578,-86.460061,2021,1/19/2021,,EPA 537.1,,,ng/L,2.22,1.46,,,,,1.18,,,,,,,,,,,,,,2.58,2.85,,,,,,,,,,,,,,,,,,,,,,,,,,,,,,,,
Michigan_MPART_Surface_Water,St. Joseph River | 52-SJ-0020,Surface Water,42.111677,-86.470678,2018,9/19/2018,,EPA 537.1,,,ng/L,,1.40,,0.00,0.34,1.10,1.40,0.76,0.00,,,,,,,,,,,0.00,1.30,,,,,,,,,,,,,,,,,,,0.00,0.00,,,0.00,,,0.00,,,,,,,
Michigan_MPART_Surface_Water,Long Lake | 52-LL1-0010,Surface Water,41.918707,-85.339424,2018,8/21/2018,,EPA 537.1,,,ng/L,,,,0.00,0.28,1.80,0.52,1.20,0.00,,,,,,,,,,1.00,0.00,1.50,,,,,,,,,,,,,,,,,,,0.00,0.00,,,0.00,,,,,,,,,,
Michigan_MPART_Surface_Water,St. Joseph River | 52-SJ-0145,Surface Water,41.972439,-85.302719,2018,8/21/2018,,EPA 537.1,,,ng/L,0.79,1.10,,0.00,0.28,0.33,1.10,0.88,0.00,,,,,,,,,,0.74,0.00,0.20,,,,,,,,,,,,,,,,,,,0.00,0.00,,,0.00,,,,,,,,,,
Michigan_MPART_Surface_Water,Little Dawson Creek | 05-LDC-0020,Surface Water,46.512448,-85.577626,2022,7/12/2022,,EPA 8327,,,ng/L,,,,,,,,,,,,,,,,,,,,,0.00,,,,,,,,,,,,,,,,,,,,,,,,,,,,,,,,,
Michigan_MPART_Surface_Water,Two Hearted River | 05-TH-0020,Surface Water,46.678306,-85.459364,2022,7/12/2022,,EPA 8327,,,ng/L,,,,,,,,0.00,,,,,,,,,,,,,0.00,,,,,,,,,,,,,,,,,,,,,,,,,,,,,,,,,
Michigan_MPART_Surface_Water,Grand Marais Creek | 05-GMC-0010,Surface Water,46.662883,-85.909025,2022,7/12/2022,,EPA 8327,,,ng/L,,,,,,,,0.00,,,,,,,,,,,,,0.00,,,,,,,,,,,,,,,,,,,,,,,,,,,,,,,,,
Michigan_MPART_Surface_Water,Tahquamenon River | 57-TQ-0010,Surface Water,46.55616,-85.03177,2022,7/14/2022,,EPA 8327,,,ng/L,,,,,,,,0.00,,,,,,,,,,,,,0.00,,,,,,,,,,,,,,,,,,,,,,,,,,,,,,,,,
Michigan_MPART_Surface_Water,Culhane Lake | 05-CHL-0010,Surface Water,46.696277,-85.356844,2022,7/12/2022,,EPA 8327,,,ng/L,,,,,,,,0.00,,,,,,,,,,,,,0.00,,,,,,,,,,,,,,,,,,,,,,,,,,,,,,,,,
Michigan_MPART_Surface_Water,Little Two Hearted River | 05-LTH-0040,Surface Water,46.605519,-85.33902,2022,7/13/2022,,EPA 8327,,,ng/L,,,,,,,,0.00,,,,,,,,,,,,,0.00,,,,,,,,,,,,,,,,,,,,,,,,,,,,,,,,,
Michigan_MPART_Surface_Water,Pike Lake Drain | 05-PLD-0010,Surface Water,46.651949,-85.388215,2022,7/12/2022,,EPA 8327,,,ng/L,,,,,,,,0.00,,,,,,,,,,,,,0.00,,,,,,,,,,,,,,,,,,,,,,,,,,,,,,,,,
Michigan_MPART_Surface_Water,Tahquamenon River | 57-TQ-0040,Surface Water,46.518287,-85.304907,2022,7/13/2022,,EPA 8327,,,ng/L,,,,,,,,0.00,,,,,,,,,,,,,0.00,,,,,,,,,,,,,,,,,,,,,,,,,,,,,,,,,
Michigan_MPART_Surface_Water,E. B. Two Hearted River | 05-ETH-0010,Surface Water,46.642105,-85.47903,2022,7/12/2022,,EPA 8327,,,ng/L,,,,,,,,0.00,,,,,,,,,,,,,0.00,,,,,,,,,,,,,,,,,,,,,,,,,,,,,,,,,
Michigan_MPART_Surface_Water,Tahquamenon River | 57-TQ-0030,Surface Water,46.565928,-85.282742,2022,7/14/2022,,EPA 8327,,,ng/L,,,,,,,,0.00,,,,,,,,,,,,,0.00,,,,,,,,,,,,,,,,,,,,,,,,,,,,,,,,,
Michigan_MPART_Surface_Water,Unnamed Water Body | 05-SL5-0010,Surface Water,46.614134,-85.404641,2022,7/13/2022,,EPA 8327,,,ng/L,,,,,,,,0.00,,,,,,,,,,,,,0.00,,,,,,,,,,,,,,,,,,,,,,,,,,,,,,,,,
Michigan_MPART_Surface_Water,Tahquamenon River | 57-TQ-0090,Surface Water,46.372242,-85.509973,2022,7/12/2022,,EPA 8327,,,ng/L,,,,,,,,0.00,,,,,,,,,,,,,0.00,,,,,,,,,,,,,,,,,,,,,,,,,,,,,,,,,
Michigan_MPART_Surface_Water,Two Hearted River | 05-TH-0030,Surface Water,46.658585,-85.536849,2022,7/12/2022,,EPA 8327,,,ng/L,,,,,,,,0.00,,,,,,,,,,,,,0.00,,,,,,,,,,,,,,,,,,,,0.90,,,,,,,,,,,,,
Michigan_MPART_Surface_Water,Chocolay River | 05-CR-0020,Surface Water,46.49584,-87.3504,2020,11/10/2020,,EPA 537.1,,,ng/L,2.81,3.55,,,,,3.06,1.11,,,,,,,,,,,1.76,,1.22,2.23,,,,,,,,,,,,,,,,,,,,,,,,,,,,,,,,
Michigan_MPART_Surface_Water,E. B. Two Hearted River | 57-ETQ-0010,Surface Water,46.448212,-85.249696,2022,7/14/2022,,EPA 8327,,,ng/L,,,,,,,,0.00,,,,,,,,,,,,,0.00,,,,,,,,,,,,,,,,,,,,,,,,,,,,,,,,,
Michigan_MPART_Surface_Water,Tahquamenon River | 57-TQ-0030,Surface Water,46.565928,-85.282742,2022,7/14/2022,,EPA 8327,,,ng/L,,,,,,,,0.00,,,,,,,,,,,,,0.00,,,,,,,,,,,,,,,,,,,,,,,,,,,,,,,,,
Michigan_MPART_Surface_Water,Big Creek | 05-BIG-0050,Surface Water,46.43051,-87.32605,2020,11/10/2020,,EPA 537.1,,,ng/L,,2.05,,,,4.24,,,,,,,,,,,,,2.46,,,1.39,,,,,,,,,,,,,,,,,,,,,,,,,,,,,,,,
Michigan_MPART_Surface_Water,Tahquamenon River | 57-TQ-0100,Surface Water,46.363334,-85.685937,2022,7/12/2022,,EPA 8327,,,ng/L,,,,,,,,0.00,,,,,,,,,,,,,0.00,,,,,,,,,,,,,,,,,,,,,,,,,,,,,,,,,
Michigan_MPART_Surface_Water,Hendrie River | 57-HR-0010,Surface Water,46.31718,-85.195542,2022,7/12/2022,,EPA 8327,,,ng/L,,,,,,,,0.00,,,,,,,,,,,,,0.00,,,,,,,,,,,,,,,,,,,,,,,,,,,,,,,,,
Michigan_MPART_Surface_Water,Silver Lead Creek | 05-SLC-0050,Surface Water,46.32947,-87.38135,2021,1/27/2021,,EPA 537.1,,,ng/L,,,,,,,,3.56,,,,,,,,,,,,3.36,1.80,2.81,,,,,,,,,,,,,,,,,,,,,,,,,,,,,,,,
Michigan_MPART_Surface_Water,E.B. Tahquamenon River | 57-ETQ-0020,Surface Water,46.371268,-85.047993,2022,7/14/2022,,EPA 8327,,,ng/L,,,,,,,,0.00,,,,,,,,,,,,,0.00,,,,,,,,,,,,,,,,,,,,,,,,,,,,,,,,,
Michigan_MPART_Surface_Water,Two Hearted River | 05-TH-0010,Surface Water,46.699025,-85.422065,2022,7/12/2022,,EPA 8327,,,ng/L,,,,,,,,0.00,,,,,,,,,,,,,0.00,,,,,,,,,,,,,,,,,,,,,,,,,,,,,,,,,
Michigan_MPART_Surface_Water,Lake Huron | 30-DRH-0010,Surface Water,45.991772,-83.898245,2022,7/12/2022,,EPA 8327,,,ng/L,,,,,,,,0.00,,,,,,,,,,,,,0.00,,,,,,,,,,,,,,,,,,,,,,,,,,,,,,,,,
Michigan_MPART_Surface_Water,Sucker River | 05-SR-0010,Surface Water,46.675174,-85.947851,2022,7/12/2022,,EPA 8327,,,ng/L,,,,,,,,0.00,,,,,,,,,,,,,0.00,,,,,,,,,,,,,,,,,,,,,,,,,,,,,,,,,
Michigan_MPART_Surface_Water,Tahquamenon River | 57-TQ-0040,Surface Water,46.518287,-85.304907,2022,7/13/2022,,EPA 8327,,,ng/L,,,,,,,,0.00,,,,,,,,,,,,,0.00,,,,,,,,,,,,,,,,,,,,,,,,,,,,,,,,,
Michigan_MPART_Surface_Water,Little Two Hearted River | 05-LTH-0010,Surface Water,46.708432,-85.374701,2022,7/12/2022,,EPA 8327,,,ng/L,,,,,,,,0.00,,,,,,,,,,,,,0.00,,,,,,,,,,,,,,,,,,,,,,,,,,,,,,,,,
Michigan_MPART_Surface_Water,Silver Lead Creek | 05-SLC-0040,Surface Water,46.3345,-87.3725,2021,1/27/2021,,EPA 537.1,,,ng/L,,,,,,,,,1.98,,,,,,,,,,,,,,,,,,,,,,,,,,,,,,,,,,,,,,,,,,,,,
Michigan_MPART_Surface_Water,Dawson Creek | 05-DC-0010,Surface Water,46.578489,-85.584007,2022,7/12/2022,,EPA 8327,,,ng/L,,,,,,,,0.00,,,,,,,,,,,,,0.00,,,,,,,,,,,,,,,,,,,,,,,,,,,,,,,,,
Michigan_MPART_Surface_Water,Shelldrake River | 05-SDR-0010,Surface Water,46.673002,-85.23398,2022,7/14/2022,,EPA 8327,,,ng/L,,,,,,,,0.00,,,,,,,,,,,,,0.00,,,,,,,,,,,,,,,,,,,,,,,,,,,,,,,,,
Michigan_MPART_Surface_Water,Little Two Hearted River | 05-LTH-0030,Surface Water,46.651661,-85.373371,2022,7/12/2022,,EPA 8327,,,ng/L,,,,,,,,0.00,,,,,,,,,,,,,0.00,,,,,,,,,,,,,,,,,,,,,,,,,,,,,,,,,
Michigan_MPART_Surface_Water,Little Dawson Creek | 05-LDC-0010,Surface Water,46.53142,-85.592172,2022,7/12/2022,,EPA 8327,,,ng/L,,,,,,,,0.00,,,,,,,,,,,,,0.00,,,,,,,,,,,,,,,,,,,,,,,,,,,,,,,,,
Michigan_MPART_Surface_Water,Silver Lead Creek | 05-SLC-0030,Surface Water,46.34292,-87.364,2021,1/27/2021,,EPA 537.1,,,ng/L,,,,,,,,,3.37,,,,,,,,,,,,,,,,,,,,,,,,,,,,,,,,,,,,,,,,,,,,,
Michigan_MPART_Surface_Water,Little Two Hearted River | 05-LTH-0020,Surface Water,46.695747,-85.379927,2022,7/13/2022,,EPA 8327,,,ng/L,,,,,,,,0.00,,,,,,,,,,,,,0.00,,,,,,,,,,,,,,,,,,,,,,,,,,,,,,,,,
Michigan_MPART_Surface_Water,Tahquamenon River | 57-TQ-0020,Surface Water,46.604359,-85.203456,2022,7/14/2022,,EPA 8327,,,ng/L,,,,,,,,0.00,,,,,,,,,,,,,0.00,,,,,,,,,,,,,,,,,,,,,,,,,,,,,,,,,
Michigan_MPART_Surface_Water,Hendrie River | 57-HR-0010,Surface Water,46.31718,-85.195542,2022,7/12/2022,,EPA 8327,,,ng/L,,,,,,,,0.00,,,,,,,,,,,,,0.00,,,,,,,,,,,,,,,,,,,,,,,,,,,,,,,,,
Michigan_MPART_Surface_Water,Little Two Hearted River | 05-LTH-0050,Surface Water,46.582123,-85.36888,2022,7/13/2022,,EPA 8327,,,ng/L,,,,,,,,0.00,,,,,,,,,,,,,0.00,,,,,,,,,,,,,,,,,,,,,,,,,,,,,,,,,
Michigan_MPART_Surface_Water,Sucker River | 05-SR-0020,Surface Water,46.662299,-85.869118,2022,7/12/2022,,EPA 8327,,,ng/L,,,,,,,,0.00,,,,,,,,,,,,,0.00,,,,,,,,,,,,,,,,,,,,,,,,,,,,,,,,,
Michigan_MPART_Surface_Water,Auger Creek | 57-AC-0010,Surface Water,46.44039,-85.482235,2022,7/12/2022,,EPA 8327,,,ng/L,,,,,,,,,,,,,,,,,,,,,0.00,,,,,,,,,,,,,,,,,,,,0.90,,,,,,,,,,,,,
Michigan_MPART_Surface_Water,Unnamed Water Body | 05-SL1-0010,Surface Water,46.619914,-85.40214,2022,7/13/2022,,EPA 8327,,,ng/L,,,,,,,,0.00,,,,,,,,,,,,,0.00,,,,,,,,,,,,,,,,,,,,,,,,,,,,,,,,,
Michigan_MPART_Surface_Water,W.B. Two Hearted River | 05-WTH-0010,Surface Water,46.588135,-85.633368,2022,7/12/2022,,EPA 8327,,,ng/L,,,,,,,,0.00,,,,,,,,,,,,,0.00,,,,,,,,,,,,,,,,,,,,,,,,,,,,,,,,,
Michigan_MPART_Surface_Water,Homestead Lake | 05-HML-0010,Surface Water,46.635846,-85.461949,2022,7/12/2022,,EPA 8327,,,ng/L,,,,,,,,0.00,,,,,,,,,,,,,0.00,,,,,,,,,,,,,,,,,,,,,,,,,,,,,,,,,
Michigan_MPART_Surface_Water,Baker Creek | 05-BK-0010,Surface Water,46.665827,-85.935081,2022,7/12/2022,,EPA 8327,,,ng/L,,,,,,,,0.00,,,,,,,,,,,,,0.00,,,,,,,,,,,,,,,,,,,,,,,,,,,,,,,,,
Michigan_MPART_Surface_Water,Tahquamenon River | 57-TQ-0100,Surface Water,46.363334,-85.685937,2022,7/13/2022,,EPA 8327,,,ng/L,,,,,,,,0.00,,,,,,,,,,,,,0.00,,,,,,,,,,,,,,,,,,,,,,,,,,,,,,,,,
Michigan_MPART_Surface_Water,Silver Lead Creek | 05-SLC-0040,Surface Water,46.3345,-87.3725,2021,7/8/2021,,EPA 537.1,,,ng/L,,,,,,,,,1.28,,,,,,,,,,,,,,,,,,,,,,,,,,,,,,,,,,,,,,,,,,,,,
Michigan_MPART_Surface_Water,Unnamed Water Body | 05-SL3-0010,Surface Water,46.611831,-85.435186,2022,7/13/2022,,EPA 8327,,,ng/L,,,,,,,,0.00,,,,,,,,,,,,,0.00,,,,,,,,,,,,,,,,,,,,,,,,,,,,,,,,,
Michigan_MPART_Surface_Water,Murphy Creek | 57-MC-0010,Surface Water,46.470168,-85.429508,2022,7/12/2022,,EPA 8327,,,ng/L,,,,,,,,,,,,,,,,,,,,,0.00,,,,,,,,,,,,,,,,,,,,0.90,,,,,,,,,,,,,
Michigan_MPART_Surface_Water,Unnamed Water Body | 05-SL2-0010,Surface Water,46.617834,-85.424059,2022,7/13/2022,,EPA 8327,,,ng/L,,,,,,,,0.00,,,,,,,,,,,,,0.00,,,,,,,,,,,,,,,,,,,,,,,,,,,,,,,,,
Michigan_MPART_Surface_Water,Thirtynine Creek | 57-TN-0010,Surface Water,46.361335,-85.472412,2022,7/12/2022,,EPA 8327,,,ng/L,,,,,,,,0.00,,,,,,,,,,,,,0.00,,,,,,,,,,,,,,,,,,,,,,,,,,,,,,,,,
Michigan_MPART_Surface_Water,Unnamed Water Body | 05-SL4-0010,Surface Water,46.608569,-85.410401,2022,7/13/2022,,EPA 8327,,,ng/L,,,,,,,,0.00,,,,,,,,,,,,,0.00,,,,,,,,,,,,,,,,,,,,,,,,,,,,,,,,,
Michigan_MPART_Surface_Water,Little Pike Lake Drain | 05-LPD-0010,Surface Water,46.645881,-85.415688,2022,7/12/2022,,EPA 8327,,,ng/L,,,,,,,,0.00,,,,,,,,,,,,,0.00,,,,,,,,,,,,,,,,,,,,,,,,,,,,,,,,,
Michigan_MPART_Surface_Water,Silver Lead Creek | 05-SLC-0050,Surface Water,46.32947,-87.38135,2021,7/8/2021,,EPA 537.1,,,ng/L,,,,,,,,4.09,,,,,,,,,,,,2.93,1.65,3.00,,,,,,,,,,,,,,,,,,,,,,,,,,,,,,,,
Michigan_MPART_Surface_Water,Little Perch Lake | 05-LPL-0010,Surface Water,46.648296,-85.447854,2022,7/12/2022,,EPA 8327,,,ng/L,,,,,,,,0.00,,,,,,,,,,,,,0.00,,,,,,,,,,,,,,,,,,,,,,,,,,,,,,,,,
Michigan_MPART_Surface_Water,N.B. Two Hearted River | 05-NTH-0010,Surface Water,46.591117,-85.630107,2022,7/12/2022,,EPA 8327,,,ng/L,,,,,,,,0.00,,,,,,,,,,,,,0.00,,,,,,,,,,,,,,,,,,,,,,,,,,,,,,,,,
Michigan_MPART_Surface_Water,Thornapple River | 58-TR-0070,Surface Water,42.81194,-85.48382,2019,6/19/2019,,EPA 537.1,,,ng/L,0.93,,,,,,0.93,0.72,,,,,,,,,,,,,0.82,4.40,,,,,,,,,,,,,,,,,,,0.00,,,,,,0.53,,,,,,,
Michigan_MPART_Surface_Water,Thornapple River | 58-TR-0040,Surface Water,42.91924,-85.48885,2019,6/17/2019,,EPA 537.1,,,ng/L,1.30,,,,,0.56,1.10,0.77,,,,,,,,,,,1.90,,,4.50,,,,,,,,,,,,,,,,,,,0.00,,,,,,,,,,,,,
Michigan_MPART_Surface_Water,Drain | 58-AP-0020,Surface Water,42.89703,-85.51506,2019,6/17/2019,,EPA 537.1,,,ng/L,,,,1.60,,,,,,,,,,,,,,,,0.41,0.86,,,,,,,,,,,0.53,,,,,,,,,0.00,,,,,,,,,,,,,
Michigan_MPART_Surface_Water,Thornapple River | 58-TR-0200,Surface Water,42.62572,-84.77431,2019,6/19/2019,,EPA 537.1,,,ng/L,1.10,0.88,,,,,1.10,0.63,,,,,,,,,,,,,0.61,,,,,,,,,,,,,,,,,,,,0.00,,,,,,,,,,,,,
Michigan_MPART_Surface_Water,Drain | 58-VD-0010,Surface Water,42.64904,-85.31317,2019,6/19/2019,,EPA 537.1,,,ng/L,0.93,,,,0.40,,0.94,0.66,,,,0.95,,,,,,,,,0.58,,,,,,,,,,,,,,,,,,,,0.00,,,,,,1.20,,,,,,,
Michigan_MPART_Surface_Water,Thornapple River | 58-TR-0140,Surface Water,42.6559,-85.30043,2019,6/19/2019,,EPA 537.1,,,ng/L,0.96,,,,0.37,,1.20,0.82,,,,,,,,,,,1.80,,0.79,,,,,,,,,,,,,,,,,,,,0.00,,,,,,0.60,,,,,,,
Michigan_MPART_Surface_Water,Thornapple River | 58-TR-0050,Surface Water,42.91138,-85.49672,2019,6/17/2019,,EPA 537.1,,,ng/L,1.10,,,,,,1.10,0.82,,,,,,,,,,,2.00,,0.83,4.50,,,,,,,,,,,,,,,,,,,0.00,,,,,,,,,,,,,
Michigan_MPART_Surface_Water,Thornapple River | 58-TR-0150,Surface Water,42.65302,-85.29095,2019,6/19/2019,,EPA 537.1,,,ng/L,0.87,,,,,,0.97,0.76,,,,,,,,,,,,,,,,,,,,,,,,,,,,,,,,,0.00,,,,,,0.49,,,,,,,
Michigan_MPART_Surface_Water,Algonquin Lake Drain | 58-AL-0010,Surface Water,42.66865,-85.35974,2019,6/19/2019,,EPA 537.1,,,ng/L,0.76,0.95,,,,,1.00,0.62,,,,,,,,,,,,,0.64,3.50,,,,,,,,,,,,,,,,,,,0.00,,,,,,0.72,,,,,,,
Michigan_MPART_Surface_Water,Thornapple River | 58-TR-0210,Surface Water,42.62042,-84.76833,2019,6/19/2019,,EPA 537.1,,,ng/L,1.10,,,,0.39,,1.10,0.59,,,,,,,,,,,,,0.84,,,,,,,,,,,,,,,,,,,,0.00,,,,,,,,,,,,,
Michigan_MPART_Surface_Water,Thornapple River | 58-TR-0060,Surface Water,42.87712,-85.47693,2019,6/17/2019,,EPA 537.1,,,ng/L,1.30,,,,0.36,,1.00,0.71,,,,,,,,,,,,,0.82,4.90,,,,,,,,,,,,,,,,,,,0.00,,,,,,,,,,,,,
Michigan_MPART_Surface_Water,Drain | 58-AP-0030,Surface Water,42.86076,-85.49845,2018,8/13/2018,,EPA 537.1,,,ng/L,0.81,1.10,,0.00,0.00,0.58,1.60,0.68,0.00,,,,,,,,,,1.30,0.00,0.44,,,,,,,,,,,,,,,,,,,0.00,0.00,,,0.00,,,,,,,,,,
Michigan_MPART_Surface_Water,Thornapple River | 58-TR-0009,Surface Water,42.953451,-85.486083,2018,8/12/2018,,EPA 537.1,,,ng/L,0.76,1.20,,0.00,0.37,0.76,1.30,0.81,0.00,,,,,,,,,,,0.00,1.00,1.60,,,,,,,,,,,,,,,,,,0.00,0.00,,,0.00,,,0.00,,,,,,,
Michigan_MPART_Surface_Water,Schoolhouse Creek | 58-UC-0010,Surface Water,42.91807,-85.49085,2019,6/17/2019,,EPA 537.1,,,ng/L,,,,,,,,,,,,,,,,,,,2.70,0.79,,5.00,,,,,,,,,,,,,,,,,,,0.00,,,,,,,,,,,,,
Michigan_MPART_Surface_Water,Thornapple River | 58-TR-0020,Surface Water,42.93946,-85.49087,2019,6/17/2019,,EPA 537.1,,,ng/L,1.20,,,,,0.46,1.30,0.85,,,,,,,,,,,,,0.95,5.60,,,,,,,,,,,,,,,,,,,,,,,,,,,,,,,,
Michigan_MPART_Surface_Water,Butternut Creek | 58-BN-0010,Surface Water,42.61129,-84.78318,2019,6/19/2019,,EPA 537.1,,,ng/L,1.60,,,,,,1.00,0.63,,,,,,,,,,,,,,4.80,,,,,,,,,,,,,,,,,,,0.00,,,,,,,,,,,,,
Michigan_MPART_Surface_Water,Coldwater River | 58-CR-0010,Surface Water,42.77544,-85.45685,2019,6/19/2019,,EPA 537.1,,,ng/L,1.30,0.96,,,,,0.97,0.55,,,,,,,,,,,,,0.78,4.00,,,,,,,,,,,,,,,,,,,0.00,,,,,,0.57,,,,,,,
Michigan_MPART_Surface_Water,Little Thornapple River | 58-LT-0100,Surface Water,42.75599,-85.14611,2019,6/19/2019,,EPA 537.1,,,ng/L,1.10,,,,,,1.10,0.67,,,,,,,,,,,,,0.72,4.00,,,,,,,,,,,,,,,,,,,0.00,,,,,,,,,,,,,
Michigan_MPART_Surface_Water,Thornapple River | 58-TR-0070,Surface Water,42.81194,-85.48382,2019,6/19/2019,,EPA 537.1,,,ng/L,1.10,,,,,,0.95,0.86,,,,,,,,,,,,,0.84,4.50,,,,,,,,,,,,,,,,,,,0.00,,,,,,,,,,,,,
Michigan_MPART_Surface_Water,Thornapple River | 58-TR-0090,Surface Water,42.72561,-85.46928,2019,6/19/2019,,EPA 537.1,,,ng/L,0.98,0.87,,,,,1.20,0.73,,,,,,,,,,,,,0.72,4.80,,,,,,,,,,,,,,,,,,,0.00,,,,,,0.49,,,,,,,
Michigan_MPART_Surface_Water,Thornapple River | 58-TR-0100,Surface Water,42.67596,-85.3819,2019,6/19/2019,,EPA 537.1,,,ng/L,1.00,,,,,0.38,1.20,0.76,,,,,,,,,,,,,0.77,5.00,,,,,,,,,,,,,,,,,,,0.00,,,,,,,,,,,,,
Michigan_MPART_Surface_Water,Thornapple River | 58-TR-0110,Surface Water,42.66323,-85.35344,2019,6/19/2019,,EPA 537.1,,,ng/L,0.77,,,,,,1.10,,,,,,,,,,,,,,0.70,4.60,,,,,,,,,,,,,,,,,,,0.00,,,,,,0.52,,,,,,,
Michigan_MPART_Surface_Water,Thornapple River | 58-TR-0080,Surface Water,42.78315,-85.46952,2019,6/19/2019,,EPA 537.1,,,ng/L,0.86,,,,,,1.10,0.75,,,,,,,,,,,,,0.77,4.50,,,,,,,,,,,,,,,,,,,0.00,,,,,,0.45,,,,,,,
Michigan_MPART_Surface_Water,Drain | 58-AP-0010,Surface Water,42.89861,-85.5272,2018,9/10/2018,,EPA 537.1,,,ng/L,,1.60,,0.00,0.49,0.48,,1.30,0.00,,,650.00,,,,,,,,0.00,,,,,,,,,,,,,,,,,,,,0.00,0.00,,,0.00,,,,,,,,,,
Michigan_MPART_Surface_Water,Drain | 58-AP-0030,Surface Water,42.86076,-85.49845,2018,9/10/2018,,EPA 537.1,,,ng/L,1.10,1.50,,0.00,0.32,0.56,1.70,0.88,0.00,,,870.00,,,,,,,,0.00,0.59,,,,,,,,,,,,,,,,,,,,0.00,,,0.00,,,,,,,,,,
Michigan_MPART_Surface_Water,Thornapple River | 58-TR-0180,Surface Water,42.60039,-85.09698,2019,6/19/2019,,EPA 537.1,,,ng/L,0.84,,,,,,0.96,0.60,,,,,,,,,,,,,0.77,,,,,,,,,,,,,,,,,,,,0.00,,,,,,,,,,,,,
Michigan_MPART_Surface_Water,Drain | 58-AP-0010,Surface Water,42.89861,-85.5272,2019,6/17/2019,,EPA 537.1,,,ng/L,1.50,0.85,,,,,,0.72,,,,,,,,,,,3.60,,,,,,,,,,,,,,,,,,,,,,0.00,,,,,,,,,,,,,
Michigan_MPART_Surface_Water,Drain | 58-AP-0020,Surface Water,42.89703,-85.51506,2018,9/10/2018,,EPA 537.1,,,ng/L,,,,1.00,,,,,0.56,,,4.70,,,,,,,,0.60,1.20,,,,,,,,,,,,,,,,,,,0.00,0.00,,,0.00,,,0.00,,,,,,,
Michigan_MPART_Surface_Water,Drain | 58-AP-0020,Surface Water,42.89703,-85.51506,2018,8/13/2018,,EPA 537.1,,,ng/L,,,,1.20,1.40,,,,0.00,,,7.20,,,,,,,,0.42,0.98,,,,,,,,,,,,,,,,,,,0.00,0.00,,,0.00,,,,,,,,,,
Michigan_MPART_Surface_Water,Thornapple River | 58-TR-0010,Surface Water,42.9526,-85.48631,2019,6/17/2019,,EPA 537.1,,,ng/L,,,,,0.46,,1.10,0.75,,,,,,,,,,,,,0.82,4.00,,,,,,,,,,,,,,,,,,,0.00,,,,,,,,,,,,,
Michigan_MPART_Surface_Water,Thornapple River | 58-TR-0120,Surface Water,42.64874,-85.31414,2019,6/19/2019,,EPA 537.1,,,ng/L,0.98,,,,0.38,,1.20,,,,,,,,,,,,1.90,,0.72,,,,,,,,,,,,,,,,,,,,0.00,,,,,,0.54,,,,,,,
Michigan_MPART_Surface_Water,Butler Creek | 58-BT-0010,Surface Water,42.64896,-85.28164,2019,6/19/2019,,EPA 537.1,,,ng/L,1.20,,,,0.62,,1.10,0.83,,,,,,,,,,,,,,,,,,,,,,,,,,,,,,,,,0.00,,,,,,1.50,,,,,,,
Michigan_MPART_Surface_Water,Drain | 58-AP-0030,Surface Water,42.86076,-85.49845,2019,6/17/2019,,EPA 537.1,,,ng/L,1.30,,,,,,,,,,,,,,,,,,2.00,,0.70,4.00,,,,,,,,,,,,,,,,,,,0.00,,,,,,,,,,,,,
Michigan_MPART_Surface_Water,Thornapple River | 58-TR-0009,Surface Water,42.953451,-85.486083,2018,9/10/2018,,EPA 537.1,,,ng/L,,1.40,,,0.28,0.68,1.10,0.69,0.00,,,940.00,,,,,,,1.10,0.00,0.91,,,,,,,,,,,,,,,,,,,,0.00,,,0.00,,,,,,,,,,
Michigan_MPART_Surface_Water,Thunder Bay River | 59-TBR-0010,Surface Water,45.063769,-83.430954,2013,7/1/2013,,Unnamed_SPE_LCMS_MS,,,ng/L,,0.85,,,,,,,,,,,,,,,,,,,,,,,,,,,,,,,,,,,,,,,0.26,0.46,,,,,,,,,,,,
Michigan_MPART_Surface_Water,Thunder Bay River | 59-TBR-0010,Surface Water,45.063769,-83.430954,2013,7/1/2013,,Unnamed_SPE_LCMS_MS,,,ng/L,,1.00,,,,,0.86,1.20,,,,,,,,,,,,,,,,,,,,,,,,,,,,,,,,,0.00,0.35,,,,,,,,,,,,
Michigan_MPART_Surface_Water,Thunder Bay River | 59-TBR-0010,Surface Water,45.063769,-83.430954,2013,7/1/2013,,Unnamed_SPE_LCMS_MS,,,ng/L,,1.20,,,,,0.87,,,,,,,,,,,,,,,,,,,,,,,,,,,,,,,,,,0.22,0.35,,,,,,,,,,,,
Michigan_MPART_Surface_Water,Unnamed Trib to Tittabawassee R | 61-UTBR-0010,Surface Water,43.51755,-84.1091,2021,3/30/2021,,EPA 537.1,,,ng/L,,,,,,,,,,,,,,,,,,,,,1.85,1.68,,,,,,,,,,,,,,,,,,,,,,,,,,,,,,,,
Michigan_MPART_Surface_Water,Tittabawassee River | 61-TBR-0070,Surface Water,43.525,-84.125,2019,10/29/2019,,EPA 537.1,,,ng/L,1.60,1.50,,,0.50,0.82,1.20,0.89,0.00,,,,,,,,,,0.76,0.00,1.00,,,,,,,,,,,,,,,,,,,,0.00,,,0.00,,,0.62,,,,,,,
Michigan_MPART_Surface_Water,Tittabawassee River | 61-TBR-0010,Surface Water,43.393,-84.014,2019,10/29/2019,,EPA 537.1,,,ng/L,1.70,,,,0.27,0.77,,0.00,0.00,,,,,,,,,,1.10,0.00,0.94,,,,,,,,,,,,,,,,,,,,0.00,,,0.00,1.30,,0.62,,,,,,,
Michigan_MPART_Surface_Water,Tittabawassee River | 61-TBR-0070,Surface Water,43.525,-84.125,2019,10/29/2019,,EPA 537.1,,,ng/L,1.50,1.30,,,0.27,0.67,,0.58,0.00,,,,,,,,,,1.10,0.00,0.67,,,,,,,,,,,,,,,,,,,,0.00,,,0.00,1.30,,0.40,,,,,,,
Michigan_MPART_Surface_Water,Tittabawassee River | 61-TBR-0130,Surface Water,43.617,-84.253,2019,10/29/2019,,EPA 537.1,,,ng/L,,,,0.00,0.26,0.70,1.10,0.63,0.00,,,,,,,,,,0.97,0.00,0.83,,,,,,,,,,,,,,,,,,,,0.00,,,0.00,1.30,,0.72,,,,,,,
Michigan_MPART_Surface_Water,Gristmill Creek | 55-GST-0020,Surface Water,46.779125,-88.594256,2022,5/2/2022,,EPA 8327,,,ng/L,,,,,,,,0.00,,,,,,,,,,,,,0.00,,,,,,,,,,,,,,,,,,,,,,,,,,,,,,,,,
Michigan_MPART_Surface_Water,Hendrie River headwaters | 57-HR-0001,Surface Water,46.25142,-85.00996,2022,5/24/2022,,EPA 537.1,,,ng/L,,,,0.00,0.33,,,0.55,0.00,,0.00,,,,,,,,,0.00,0.22,,,,,,,,,,,,,,,,,,,,,,,,,,,0.00,,,,,,
Michigan_MPART_Surface_Water,Dead River | 18-DR-0020,Surface Water,46.5722652,-87.41008462,2021,7/9/2021,,EPA 537.1,,,ng/L,,,,,,,,,,,,,,,,,,,,,,,,,,,,,,,,,,,,,,,,,,,,,,,,,,,,,,
Michigan_MPART_Surface_Water,Little Carp River | 18-LCR-0100,Surface Water,46.78362604,-88.5646943,2022,5/2/2022,,EPA 8327,,,ng/L,,,,,,,,0.00,,,,,,,,,,,,,0.00,,,,,,,,,,,,,,,,,,,,,,,,,,,,,,,,,
Michigan_MPART_Surface_Water,Lindsey Creek | 20-LDC-0010,Surface Water,46.11383,-87.39804,2020,9/29/2020,,EPA 537.1,,,ng/L,0.68,1.20,,0.00,0.42,,0.75,0.94,0.00,,0.00,,,,,,,,0.85,0.00,0.49,,,,,,,,,,,,,,,,,,,0.00,,,,,,,,0.00,0.00,,,,,
Michigan_MPART_Surface_Water,Trib to W B Firesteel River | 28-UWFS1-0020,Surface Water,46.7853,-89.0336,2022,9/5/2022,,EPA 537.1,,,ng/L,,,,0.00,0.00,,,0.50,0.00,,0.00,,,,,,,,,0.00,0.00,3.50,,,,,,,,,,,,,,,,,,0.00,,,,,,,,0.00,0.00,,,,,
Michigan_MPART_Surface_Water,Unnamed Trib to Cedar Creek | 43-UCC1-0009,Surface Water,46.544412,-89.292584,2021,9/14/2021,,EPA 537.1,,,ng/L,,,,,,,,,,,,,,,,,,,,,,,,,,,,,,,,,,,,,,,,,,,,,,,,,,,,,,
Michigan_MPART_Surface_Water,St. Marys River Downstream | 54-STMR-0050,Surface Water,46.131392,-84.014448,2017,11/13/2017,,EPA 537.1,,,ng/L,1.20,,,,0.00,0.37,,0.00,0.00,,,,,,,,,,,,0.00,0.86,,,,,,,,,,,,,,,,,,,0.00,,,,,,0.59,,,,,,,
Michigan_MPART_Surface_Water,South Branch of West Branch For | 15-SWFR-0021,Surface Water,45.929,-87.5946,2020,11/1/2020,,EPA 537.1,,,ng/L,,,,0.00,0.00,,,0.31,0.00,,0.00,,,,,,,,,0.00,0.37,3.20,,,,,,,,,,,,,,,,,,0.00,,,,,,,,0.00,0.00,,,,,
Michigan_MPART_Surface_Water,Tenmile Creek | 15-TMC-0051,Surface Water,45.78367,-87.28503,2021,7/7/2021,,EPA 537.1,,,ng/L,0.58,1.20,,0.38,0.34,,0.92,0.91,0.00,,0.00,,,,,,,,0.47,0.00,0.35,,,,,,,,,,,,,,,,,,,0.00,,,,,,,,0.00,0.00,,,,,
Michigan_MPART_Surface_Water,Slate River | 18-SR-0031,Surface Water,46.78757,-88.23989,2021,7/14/2021,,EPA 537.1,,,ng/L,,,,0.32,0.00,,,0.00,0.00,,0.00,,,,,,,,,0.00,0.00,,,,,,,,,,,,,,,,,,,0.00,,,,,,,,0.00,0.00,,,,,
Michigan_MPART_Surface_Water,Halfway Creek | 09-HWC-0041,Surface Water,46.82117,-89.44993,2019,5/8/2019,,EPA 537.1,,,ng/L,,,,,0.00,0.39,,0.00,0.00,,,,,,,,,,,0.00,0.00,1.40,,,,,,,,,,,,,,,,,,,0.00,,,0.00,,,,,,,,,,
Michigan_MPART_Surface_Water,Trib to Superior Lakes | 20-LLO-0039,Surface Water,46.4469,-87.9315,2019,11/3/2019,,EPA 537.1,,,ng/L,,,,0.00,0.26,0.29,,0.57,0.00,,,,,,,,,,,0.00,0.00,,,,,,,,,,,,,,,,,,,0.00,0.00,,,0.00,1.20,,,,,,,,,
Michigan_MPART_Surface_Water,Carp Creek | 18-CRC-0040,Surface Water,46.49904928,-87.68333416,2021,7/9/2021,,EPA 537.1,,,ng/L,,,,,,,,,,,,,,,,,,,,,1.46,2.18,,,,,,,,,,,,,,,,,,,,,,,,,,,,,,,,
Michigan_MPART_Surface_Water,St. Marys River Downstream | 54-STMR-0050,Surface Water,46.131392,-84.014448,2017,5/8/2017,,EPA 537.1,,,ng/L,,,,,,,,,,,,,,,,,,,,,,0.88,,,,,,,,,,,,,,,,,,,1.50,1.10,,,,,1.00,,,,,,,
Michigan_MPART_Surface_Water,Stump Lake | 05-STP-0010,Surface Water,46.31862076,-87.39015866,2021,7/8/2021,,EPA 537.1,,,ng/L,,,,,,3.64,,,,,,,,,,,,,,,,,,,,,,,,,,,,,,,,,,,,,,,,,,,,,,,,
Michigan_MPART_Surface_Water,West Branch Ontonagon River | 43-WON-0059,Surface Water,46.65321,-89.3853,2020,5/26/2020,,EPA 537.1,,,ng/L,0.58,1.00,,0.00,0.47,0.38,0.85,1.10,0.00,,,,,,,,,,0.98,0.00,0.39,,,,,,,,,,,,,,,,,,,0.00,0.00,,,0.00,,,0.39,0.00,0.00,,0.00,,,
Michigan_MPART_Surface_Water,North Branch Paint River | 12-NBPR-0051,Surface Water,46.30626,-88.81016,2021,7/13/2021,,EPA 537.1,,,ng/L,,,,0.00,0.00,,,0.00,0.00,,0.00,,,,,,,,,0.00,0.00,,,,,,,,,,,,,,,,,,,0.00,,,,,,,,0.00,0.00,,,,,
Michigan_MPART_Surface_Water,Biscuit Creek | 13-BC-0050,Surface Water,46.21148,-84.75838,2022,5/24/2022,,EPA 537.1,,,ng/L,,,,0.00,0.00,,,0.27,0.00,,0.00,,,,,,,,,0.00,0.00,,,,,,,,,,,,,,,,,,,0.00,,,,,,,,0.00,0.00,,,,,
Michigan_MPART_Surface_Water,Orianna Brook | 18-OB-0010,Surface Water,46.53206073,-87.394978,2021,7/9/2021,,EPA 537.1,,,ng/L,3.50,4.18,,,,2.96,3.78,1.86,,,,,,,,,,,2.45,,2.20,2.29,,,,,,,,,,,,,,,,,,,,,,,,,,,,,,,,
Michigan_MPART_Surface_Water,Unnamed Trib (south) | 20-USB1-0010,Surface Water,46.423363,-87.670401,2020,11/10/2020,,EPA 537.1,,,ng/L,,1.03,,,,,,,,,,,,,,,,,,,,1.95,,,,,,,,,,,,,,,,,,,,,,,,,,,,,,,,
Michigan_MPART_Surface_Water,Trap Rock River | 28-TRP-0020,Surface Water,47.21189682,-88.38540316,2021,7/10/2021,,EPA 537.1,,,ng/L,,,,,,,,,,,,,,,,,,,,,,,,,,,,,,,,,,,,,,,,,,,,,,,,,,,,,,
Michigan_MPART_Surface_Water,Firesteel River | 28-FS-0070,Surface Water,46.81087016,-89.17986883,2021,7/9/2021,,EPA 537.1,,,ng/L,,1.19,,,,,,,,,,,,,,,,,,,,2.34,,,,,,,,,,,,,,,,,,,,,,,,,,,,,,,,
Michigan_MPART_Surface_Water,Otter River | 55-OR-0010,Surface Water,46.92961289,-88.55345082,2021,7/9/2021,,EPA 537.1,,,ng/L,,,,,,,,,,,,,,,,,,,,,,,,,,,,,,,,,,,,,,,,,,,,,,,,,,,,,,
Michigan_MPART_Surface_Water,Yellow Dog River | 18-YDR-0081,Surface Water,46.727474,-87.872797,2022,9/12/2022,,EPA 537.1,,,ng/L,,,,0.00,0.00,,,0.00,0.00,,0.00,,,,,,,,,0.00,0.00,,,,,,,,,,,,,,,,,,,0.00,,,,,,,,0.00,0.00,,,,,
Michigan_MPART_Surface_Water,Yellow Dog River | 18-YDR-0081,Surface Water,46.727474,-87.872797,2021,9/21/2021,,EPA 537.1,,,ng/L,,,,0.00,0.00,,,0.00,0.00,,0.00,,,,,,,,,0.00,0.00,,,,,,,,,,,,,,,,,,,0.00,,,,,,,,0.00,0.00,,,,,
Michigan_MPART_Surface_Water,Tenmile Creek | 15-TMC-0051,Surface Water,45.78367,-87.28503,2021,11/3/2021,,EPA 537.1,,,ng/L,,,,0.00,0.00,,0.56,0.61,0.00,,0.00,,,,,,,,0.56,0.00,0.22,,,,,,,,,,,,,,,,,,,,,,,,,,,0.00,,,,,,
Michigan_MPART_Surface_Water,Hazel Creek | 33-HZ-0010,Surface Water,46.75884083,-88.50046093,2021,7/9/2021,,EPA 537.1,,,ng/L,,,,,,,,,,,,,,,,,,,,,,,,,,,,,,,,,,,,,,,,,,,,,,,,,,,,,,
Michigan_MPART_Surface_Water,Yellow Dog River | 18-YDR-0081,Surface Water,46.727474,-87.872797,2022,5/23/2022,,EPA 537.1,,,ng/L,,,,0.00,0.00,,,0.44,0.00,,0.00,,,,,,,,,0.00,0.00,,,,,,,,,,,,,,,,,,,0.00,,,,,,,,0.00,0.00,,,,,
Michigan_MPART_Surface_Water,St. Marys River Downstream | 54-STMR-0050,Surface Water,46.131392,-84.014448,2019,7/10/2019,,EPA 537.1,,,ng/L,,,,0.00,0.00,0.29,,0.22,0.00,,,,,,,,,,,0.00,0.00,0.56,,,,,,,,,,,,,,,,,,0.00,0.00,,,0.00,,,0.00,,,,,,,
Michigan_MPART_Surface_Water,Hays Creek | 40-HC-0049,Surface Water,45.4776,-87.5826,2019,5/7/2019,,EPA 537.1,,,ng/L,,,,0.00,0.00,0.28,,1.30,0.00,,,,,,,,,,,0.00,0.30,,,,,,,,,,,,,,,,,,,,0.00,,,0.00,,,,,,,,,,
Michigan_MPART_Surface_Water,McGuire Creek | 28-MG-0010,Surface Water,46.79178569,-89.1415497,2021,7/9/2021,,EPA 537.1,,,ng/L,,2.58,,,,,2.56,,,,,,,,,,,,1.75,,1.38,,,,,,,,,,,,,,,,,,,,,,,,,,,,,,,,,
Michigan_MPART_Surface_Water,Cole Creek | 28-CC-0010,Surface Water,47.1285385,-88.62425401,2021,7/10/2021,,EPA 537.1,,,ng/L,,,,,,,,,,,,,,,,,,,,,,,,,,,,,,,,,,,,,,,,,,,,,,,,,,,,,,
Michigan_MPART_Surface_Water,Big Brook | 15-BB-0110,Surface Water,45.43502,-87.53312,2022,7/27/2022,,EPA 537.1,,,ng/L,,,,0.00,0.32,,1.10,0.74,0.00,,0.00,,,,,,,,0.81,0.00,0.37,3.30,,,,,,,,,,,,,,,,,,0.00,,,,,,,,0.00,0.00,,,,,
Michigan_MPART_Surface_Water,Yellow Dog River | 18-YDR-0081,Surface Water,46.727474,-87.872797,2021,5/4/2021,,EPA 537.1,,,ng/L,,,,,0.33,,,0.00,0.00,,0.00,,,,,,,,,0.00,0.00,,,,,,,,,,,,,,,,,,,,,,,,,,,0.00,,,,,,
Michigan_MPART_Surface_Water,Little Carp River | 18-LCR-0101,Surface Water,46.78276264,-88.56539146,2021,9/22/2021,,EPA 537.1,,,ng/L,,,,,,,,,,,,,,,,,,,,,,1.03,,,,,,,,,,,,,,,,,,,,,,,,,,,,,,,,
Michigan_MPART_Surface_Water,Munuscong River | 54-MR-0099,Surface Water,46.13614,-84.40439,2021,5/5/2021,,EPA 537.1,,,ng/L,,,,0.30,0.41,0.82,,0.61,0.00,,0.00,,,,,,,,,0.00,0.49,,,,,,,,,,,,,,,,,,,,,,,,,,,0.00,,,,,,
Michigan_MPART_Surface_Water,Manistique River | 38-MR-0171,Surface Water,46.08654,-86.06021,2021,7/12/2021,,EPA 537.1,,,ng/L,,,,0.00,0.00,,,0.50,0.00,,0.00,,,,,,,,,0.00,0.00,,,,,,,,,,,,,,,,,,,0.00,,,,,,,,0.00,0.00,,,,,
Michigan_MPART_Surface_Water,Whetstone Brook | 18-WHB-0010,Surface Water,46.53680393,-87.3942295,2021,7/9/2021,,EPA 537.1,,,ng/L,2.50,,,,,2.60,,,,,,,,,,,,,,,3.61,,,,,,,,,,,,,,,,,,,,,,,,,,,,,,,,,
Michigan_MPART_Surface_Water,West Branch Sturgeon River | 55-WSTR-0020,Surface Water,46.8014,-88.6792,2022,9/5/2022,,EPA 537.1,,,ng/L,,,,0.00,0.00,,,0.00,0.00,,0.00,,,,,,,,,0.00,0.00,,,,,,,,,,,,,,,,,,,0.00,,,,,,,,0.00,0.00,,,,,
Michigan_MPART_Surface_Water,Unnamed Trib to Cedar Creek | 43-UCC1-0009,Surface Water,46.544412,-89.292584,2021,11/2/2021,,EPA 537.1,,,ng/L,,,,0.00,0.00,,,0.00,0.00,,0.00,,,,,,,,,0.00,0.00,,,,,,,,,,,,,,,,,,,0.00,,,,,,,,0.00,0.00,,,,,
Michigan_MPART_Surface_Water,Unnamed Trib to Warner | 20-UWC1-0010,Surface Water,46.425706,-87.602736,2020,11/10/2020,,EPA 537.1,,,ng/L,2.35,,,,,,,,,,,,,,,,,,,,,3.39,,,,,,,,,,,,,,,,,,,,,,,,,,,,,,,,
Michigan_MPART_Surface_Water,Little Gratiot River | 28-LGR-0010,Surface Water,47.37579765,-88.03633726,2021,7/10/2021,,EPA 537.1,,,ng/L,,,,,,,,,,,,,,,,,,,,,,1.50,,,,,,,,,,,,,,,,,,,,,,,,,,,,,,,,
Michigan_MPART_Surface_Water,West Branch Sturgeon River | 40-WSTR-0110,Surface Water,45.9999,-87.9017,2022,7/27/2022,,EPA 537.1,,,ng/L,,,,0.00,0.00,1.50,0.74,0.62,0.00,,0.00,,,,,,,,1.00,0.51,0.68,,,,,,,,,,,,,,,,,,,0.00,,,,,,,,0.00,0.00,,,,,
Michigan_MPART_Surface_Water,Fence River | 41-FR-0031,Surface Water,46.2454,-88.1604,2020,11/3/2020,,EPA 537.1,,,ng/L,,,,0.00,0.00,,,0.32,0.00,,0.00,,,,,,,,,0.00,0.00,,,,,,,,,,,,,,,,,,,0.00,,,,,,,,0.00,0.00,,,,,
Michigan_MPART_Surface_Water,West Branch Duck Creek | 09-WDC-0050,Surface Water,46.736333,-89.500703,2021,5/18/2021,,EPA 537.1,,,ng/L,,,,0.00,0.00,,,0.33,0.00,,0.00,,,,,,,,,0.00,0.00,,,,,,,,,,,,,,,,,,,0.00,,,,,,,,0.00,0.00,,,,,
Michigan_MPART_Surface_Water,West Branch Sturgeon River | 55-WSTR-0020,Surface Water,46.8014,-88.6792,2022,5/17/2022,,EPA 537.1,,,ng/L,,,,0.00,0.00,,,0.00,0.00,,0.00,,,,,,,,,0.00,0.00,,,,,,,,,,,,,,,,,,,0.00,,,,,,,,0.00,0.00,,,,,
Michigan_MPART_Surface_Water,St. Marys River Upstream | 54-STMR-1000,Surface Water,46.473615,-84.460281,2017,11/13/2017,,EPA 537.1,,,ng/L,0.85,,,,0.00,0.28,,0.00,0.00,,,,,,,,,,,,0.00,0.87,,,,,,,,,,,,,,,,,,,0.00,,,,,,0.59,,,,,,,
Michigan_MPART_Surface_Water,Black River | 09-BLK-0130,Surface Water,46.44981,-90.01707,2019,7/15/2019,,EPA 537.1,,,ng/L,0.51,0.79,,0.29,0.52,0.21,0.54,0.23,0.18,,4.90,1.90,1.90,,,,,,0.70,0.28,0.19,5.60,,,,,,,,,,1.00,,,2.90,,,1.80,,0.30,0.27,,,0.15,1.20,0.51,0.33,,,,,,,
Michigan_MPART_Surface_Water,Little Presque Isle River | 09-LPIR-0060,Surface Water,46.4187,-89.7837,2022,5/17/2022,,EPA 537.1,,,ng/L,0.87,0.79,,0.00,0.32,1.50,0.81,1.10,0.00,,0.00,,,,,,,,,0.33,0.82,,,,,,,,,,,,,,,,,,,0.00,,,,,,,,0.00,0.00,,,,,
Michigan_MPART_Surface_Water,Manistique River | 38-MR-0171,Surface Water,46.08654,-86.06021,2021,5/5/2021,,EPA 537.1,,,ng/L,,,,0.00,0.32,,,0.44,0.00,,0.00,,,,,,,,,0.00,0.00,,,,,,,,,,,,,,,,,,,0.00,,,,,,,,0.00,0.00,,,,,
Michigan_MPART_Surface_Water,Little Carp River | 18-LCR-0102,Surface Water,46.782252,-88.566824,2022,5/2/2022,,EPA 8327,,,ng/L,,,,,,,,0.00,,,,,,,,,,,,,0.00,,,,,,,,,,,,,,,,,,,,,,,,,,,,,,,,,
Michigan_MPART_Surface_Water,Tenmile Creek | 15-TMC-0051,Surface Water,45.78367,-87.28503,2021,9/7/2021,,EPA 537.1,,,ng/L,0.52,1.10,,0.00,0.41,,0.70,0.92,0.00,,0.00,,,,,,,,,0.00,0.49,,,,,,,,,,,,,,,,,,,0.00,,,,0.00,,,,0.00,0.00,,,,,
Michigan_MPART_Surface_Water,St. Marys River Upstream | 54-STMR-1000,Surface Water,46.473615,-84.460281,2019,5/13/2019,,EPA 537.1,,,ng/L,,,,0.00,0.00,0.33,,0.00,0.00,,,1.90,,,,,,,,0.00,0.00,,,,,,,,,,,,,,,,,,,0.00,0.27,,,0.00,,,,,,,,,,
Michigan_MPART_Surface_Water,Tacoosh River | 56-TR-0100,Surface Water,45.9781,-87.0691,2022,9/6/2022,,EPA 537.1,,,ng/L,1.40,1.20,,0.00,0.00,0.64,0.71,0.00,0.00,,0.00,,,,,,,,,0.00,,,,,,,,,,,,,,,,,,,,0.00,,,,,,,,0.00,0.00,,,,,
Michigan_MPART_Surface_Water,St. Marys River Upstream | 54-STMR-1000,Surface Water,46.473615,-84.460281,2017,7/13/2017,,EPA 537.1,,,ng/L,,,,,,,,,,,,,,,,,,,,,,0.98,,,,,,,,,,,,,,,,,,,0.44,0.35,,,,,5.10,,,,,,,
Michigan_MPART_Surface_Water,Little Presque Isle River | 09-LPIR-0060,Surface Water,46.4187,-89.7837,2022,7/26/2022,,EPA 537.1,,,ng/L,,,,0.00,0.32,,,0.45,0.00,,0.00,,,,,,,,,0.00,0.00,3.30,,,,,,,,,,,,,,,,,,0.00,,,,,,,,0.00,0.00,,,,,
Michigan_MPART_Surface_Water,Schweinger Creek | 13-SWC-0010,Surface Water,46.1795,-85.0519,2020,11/10/2020,,EPA 537.1,,,ng/L,,,,0.00,0.00,,,0.28,0.00,,0.00,,,,,,,,,0.00,0.34,2.20,,,,,,,,,,,,,,,,,,0.00,,,,,,,,0.00,0.00,,,,,
Michigan_MPART_Surface_Water,Black River | 09-BLK-0130,Surface Water,46.44981,-90.01707,2019,7/15/2019,,EPA 537.1,,,ng/L,0.54,0.77,,0.28,0.36,0.46,0.84,0.65,0.17,,4.70,1.80,1.80,,,,,,0.56,0.27,0.36,5.10,,,,,,,,,,1.00,,,2.80,,,1.70,,0.29,0.26,,,0.15,1.20,0.50,0.32,,,,,,,
Michigan_MPART_Surface_Water,Alder Brook | 15-AB-0011,Surface Water,45.6898,-87.5409,2020,5/25/2020,,EPA 537.1,,,ng/L,1.00,1.30,,0.00,0.50,0.44,0.74,0.82,0.00,,,,,,,,,,0.77,0.00,0.45,,,,,,,,,,,,,,,,,,,0.00,0.00,,,0.00,,,0.74,0.00,0.00,,0.00,,,
Michigan_MPART_Surface_Water,Hamilton Creek | 40-HC-0100,Surface Water,45.7661,-87.70846,2021,11/3/2021,,EPA 537.1,,,ng/L,,,,0.00,0.00,,,0.00,0.00,,0.00,,,,,,,,,0.00,0.00,,,,,,,,,,,,,,,,,,,,,,,,,,,0.00,,,,,,
Michigan_MPART_Surface_Water,Begunn Creek | 28-BG-0020,Surface Water,47.245993,-88.491039,2021,10/8/2021,,EPA 537.1,,,ng/L,,,,,,,,,,,,,,,,,,,,,,2.65,,,,,,,,,,,,,,,,,,,,,,,,,,,,,,,,
Michigan_MPART_Surface_Water,St. Marys River Downstream | 54-STMR-0050,Surface Water,46.131392,-84.014448,2019,5/13/2019,,EPA 537.1,,,ng/L,,,,0.00,0.00,0.33,,0.00,0.00,,,1.90,,,,,,,,0.00,0.00,,,,,,,,,,,,,,,,,,,,0.38,,,0.00,,,,,,,,,,
Michigan_MPART_Surface_Water,St. Marys River Upstream | 54-STMR-1000,Surface Water,46.473615,-84.460281,2019,9/9/2019,,EPA 537.1,,,ng/L,0.43,,,0.00,0.00,0.33,,0.59,0.00,,,,,,,,,,,0.00,0.00,0.63,,,,,,,,,,,,,,,,,,0.00,0.30,,,0.00,,,,,,,,,,
Michigan_MPART_Surface_Water,Carp River | 18-CRP-0050,Surface Water,46.49466001,-87.4709157,2021,7/9/2021,,EPA 537.1,,,ng/L,,,,,,3.24,,,,,,,,,,,,,,,,,,,,,,,,,,,,,,,,,,,,,,,,,,,,,,,,
Michigan_MPART_Surface_Water,Dexter Creek | 56-DXC-0030,Surface Water,46.220344,-86.928539,2020,11/3/2020,,EPA 537.1,,,ng/L,,,,0.00,0.00,,,0.24,0.00,,0.00,,,,,,,,,0.00,1.10,,,,,,,,,,,,,,,,,,,0.00,,,,,,,,0.00,0.00,,,,,
Michigan_MPART_Surface_Water,Meggun Creek | 33-MG-0010,Surface Water,47.25914399,-88.55321325,2021,7/10/2021,,EPA 537.1,,,ng/L,,4.12,,1.39,,,,,,,,,,,,,,,,,,3.56,,,,,,,,,,,,,,,,3.75,,,,,,,,,,,,,,,,
Michigan_MPART_Surface_Water,West Branch Duck Creek | 09-WDC-0050,Surface Water,46.736333,-89.500703,2020,5/26/2020,,EPA 537.1,,,ng/L,,0.79,,0.00,0.00,0.36,,0.41,0.00,,,,,,,,,,0.66,0.00,0.42,,,,,,,,,,,,,,,,,,,0.00,0.00,,,0.00,,,1.60,0.00,0.00,,0.00,,,
Michigan_MPART_Surface_Water,Ankodosh Creek | 64-AKC-0010,Surface Water,46.4769,-84.9995,2022,11/7/2022,,EPA 537.1,,,ng/L,,,,0.00,0.00,,,0.34,0.00,,0.00,,,,,,,,,0.00,0.50,2.50,,,,,,,,,,,,,,,,,,0.00,,,,,,,,0.00,0.00,,,,,
Michigan_MPART_Surface_Water,St. Marys River Downstream | 54-STMR-0050,Surface Water,46.131392,-84.014448,2017,9/11/2017,,EPA 537.1,,,ng/L,,,,,,,,,,,,,,,,,,,,,,0.95,,,,,,,,,,,,,,,,,,,0.00,0.00,,,0.55,,2.10,,,,,,,0.67
Michigan_MPART_Surface_Water,Yellow Dog River | 18-YDR-0081,Surface Water,46.727474,-87.872797,2021,7/14/2021,,EPA 537.1,,,ng/L,,,,0.00,0.00,,,0.00,0.00,,0.00,,,,,,,,,0.00,0.00,,,,,,,,,,,,,,,,,,,0.00,,,,,,,,0.00,0.00,,,,,
Michigan_MPART_Surface_Water,Goose Lake Inlet | 20-UGL1-0010,Surface Water,46.472688,-87.540949,2020,11/10/2020,,EPA 537.1,,,ng/L,,,,,,,,,,,,,,,,,,,,,,3.03,,,,,,,,,,,,,,,,,,,,,,,,,,,,,,,,
Michigan_MPART_Surface_Water,Munuscong River | 54-MR-0181,Surface Water,46.24582,-84.5384,2019,11/3/2019,,EPA 537.1,,,ng/L,0.58,,,0.00,0.33,0.40,,0.41,0.00,,,,,,,,,,,0.00,0.36,1.50,,,,,,,,,,,,,,,,,,0.00,0.00,,,0.00,1.20,,0.38,,,,,,,
Michigan_MPART_Surface_Water,Biscuit Creek | 13-BC-0050,Surface Water,46.21148,-84.75838,2022,9/6/2022,,EPA 537.1,,,ng/L,,,,0.00,0.00,,,0.00,0.00,,0.00,,,,,,,,,0.00,0.00,,,,,,,,,,,,,,,,,,,0.00,,,,,,,,0.00,0.00,,,,,
Michigan_MPART_Surface_Water,Yellow Dog River | 18-YDR-0081,Surface Water,46.727474,-87.872797,2021,9/21/2021,,EPA 537.1,,,ng/L,,,,0.00,0.00,,,0.00,0.00,,0.00,,,,,,,,,0.00,0.00,,,,,,,,,,,,,,,,,,,0.00,,,,,,,,0.00,0.00,,,,,
Michigan_MPART_Surface_Water,Little Fishdam River | 21-LFD-0019,Surface Water,45.90441,-86.55811,2019,9/3/2019,,EPA 537.1,,,ng/L,,1.10,,0.00,0.37,0.73,,0.65,0.00,,,,,,,,,,,0.00,0.00,,,,,,,,,,,,,,,,,,,0.00,0.00,,,0.00,,,0.65,,,,,,,
Michigan_MPART_Surface_Water,Furlong Creek | 11-FC-0031,Surface Water,46.1371,-85.5736,2019,9/8/2019,,EPA 537.1,,,ng/L,,,,0.00,0.26,0.49,0.57,0.55,0.00,,,,,,,,,,,0.00,0.00,,,,,,,,,,,,,,,,,,,0.00,0.00,,,0.00,,,0.37,,,,,,,
Michigan_MPART_Surface_Water,Tenmile Creek | 15-TMC-0051,Surface Water,45.78367,-87.28503,2022,11/9/2022,,EPA 537.1,,,ng/L,,,,0.00,0.00,,0.66,0.45,0.00,,0.00,,,,,,,,0.57,0.00,0.66,,,,,,,,,,,,,,,,,,,0.00,,,,0.00,,,,0.00,0.00,,,,,
Michigan_MPART_Surface_Water,Unnamed Trib to Carp River | 18-UCR1-0010,Surface Water,46.52998315,-87.57861804,2021,7/9/2021,,EPA 537.1,,,ng/L,,,,,,,2.96,,,,,,,,,,,,1.50,,,1.20,,,,,,,,,,,,,,,,,,,,,,,,,,,,,,,,
Michigan_MPART_Surface_Water,West Branch Ontonagon River | 43-WON-0059,Surface Water,46.65321,-89.3853,2020,9/21/2020,,EPA 537.1,,,ng/L,,0.91,,0.00,0.37,,0.54,0.75,0.00,,0.00,,,,,,,,0.74,0.00,0.38,4.00,,,,,,,,,,,,,,,,,,0.00,,,,0.00,,,,0.00,0.00,,,,,
Michigan_MPART_Surface_Water,Escanaba River | 20-ESC-0030,Surface Water,45.7939,-87.0777,2020,11/7/2020,,EPA 537.1,,,ng/L,,,,,,,,,,,,,,,,,,,,,,2.75,,,,,,,,,,,,,,,,,,,,,,,,,,,,,,,,
Michigan_MPART_Surface_Water,Begunn Creek | 28-BG-0011,Surface Water,47.2472,-88.5155,2022,9/13/2022,,EPA 537.1,,,ng/L,,,,0.00,0.92,1.50,,,0.00,,0.00,,,,,,,,,0.00,,,,,,,,,,,,,,,,,,,,0.00,,,,,,,1.50,0.00,0.00,,,,,
Michigan_MPART_Surface_Water,Gooseneck Creek | 28-GNC-0070,Surface Water,47.17007559,-88.49976998,2021,7/10/2021,,EPA 537.1,,,ng/L,1.11,2.43,,,1.09,,1.24,2.52,,,,,,,,,,,,,,,,,,,,,,,,,,,,,,,,,,,,,,,,,,,,,,
Michigan_MPART_Surface_Water,Ankodosh Creek | 64-AKC-0010,Surface Water,46.4769,-84.9995,2022,7/25/2022,,EPA 537.1,,,ng/L,0.56,0.87,,0.32,0.28,0.59,0.60,0.26,0.20,1.50,0.25,2.60,0.47,,,,,,0.50,0.31,0.21,2.50,,,,,,,,,,1.10,,,1.20,,,1.30,,0.33,0.75,,,0.38,1.30,0.57,1.00,0.25,0.33,,0.41,,,
Michigan_MPART_Surface_Water,Black River | 09-BLK-0130,Surface Water,46.44981,-90.01707,2019,9/4/2019,,EPA 537.1,,,ng/L,,,,0.00,0.38,0.25,,0.30,0.00,,,,,,,,,,,0.00,0.00,,,,,,,,,,,,,,,,,,,0.00,0.00,,,0.00,,,0.62,,,,,,,
Michigan_MPART_Surface_Water,Furlong Creek | 11-FC-0031,Surface Water,46.1371,-85.5736,2019,5/13/2019,,EPA 537.1,,,ng/L,,,,0.00,0.00,0.41,,0.00,0.00,,,1.90,,,,,,,,0.00,0.00,,,,,,,,,,,,,,,,,,,,0.29,,,0.00,,,,,,,,,,
Michigan_MPART_Surface_Water,Ankodosh Creek | 64-AKC-0010,Surface Water,46.4769,-84.9995,2022,5/24/2022,,EPA 537.1,,,ng/L,,,,0.00,0.00,,,0.00,0.00,,0.00,,,,,,,,,0.00,0.00,,,,,,,,,,,,,,,,,,,,,,,,,,,0.00,,,,,,
Michigan_MPART_Surface_Water,Dead Creek | 38-DC-0010,Surface Water,46.3206,-85.9068,2020,9/7/2020,,EPA 537.1,,,ng/L,1.70,,,0.00,1.40,,1.20,,0.00,,0.00,,,,,,,,,0.00,0.68,,,,,,,,,,,,,,,,,,,0.00,,,,,,,,0.00,0.00,,,,,
Michigan_MPART_Surface_Water,Ten Mile Creek | 15-TMC-0199,Surface Water,45.8718,-87.4681,2020,7/15/2020,,EPA 537.1,,,ng/L,0.71,1.00,,0.00,0.28,0.39,0.71,0.92,0.00,,,,,,,,,,0.77,0.00,0.64,,,,,,,,,,,,,,,,,,,0.00,0.26,,,0.00,,,0.43,0.00,0.00,,0.00,,,
Michigan_MPART_Surface_Water,Trib to Superior Lakes | 20-LLO-0039,Surface Water,46.4469,-87.9315,2019,9/8/2019,,EPA 537.1,,,ng/L,,,,0.00,0.00,0.21,,0.00,0.00,,,,,,,,,,,0.00,0.00,4.00,,,,,,,,,,,,,,,,,,0.00,0.00,,,0.00,,,,,,,,,,
Michigan_MPART_Surface_Water,Dead River | 18-DR-0020,Surface Water,46.5722652,-87.41008462,2021,7/9/2021,,EPA 537.1,,,ng/L,,,,,,,,,,,,,,,,,,,,,,,,,,,,,,,,,,,,,,,,,,,,,,,,,,,,,,
Michigan_MPART_Surface_Water,Pine Creek | 40-PC-0165,Surface Water,45.93225,-87.97015,2020,11/1/2020,,EPA 537.1,,,ng/L,,,,0.00,0.31,,,0.66,0.00,,0.00,,,,,,,,0.55,0.00,0.33,,,,,,,,,,,,,,,,,,,0.00,,,,,,,,0.00,0.00,,,,,
Michigan_MPART_Surface_Water,North Branch Paint River | 12-NBPR-0051,Surface Water,46.30626,-88.81016,2021,5/3/2021,,EPA 537.1,,,ng/L,,,,0.00,0.31,,,0.41,0.00,,0.00,,,,,,,,,0.00,0.00,,,,,,,,,,,,,,,,,,,0.00,,,,,,,,0.00,0.00,,,,,
Michigan_MPART_Surface_Water,Parker Creek | 54-PKC-0050,Surface Water,46.2031,-84.405,2021,4/24/2021,,EPA 537.1,,,ng/L,0.56,,,0.31,0.00,1.20,,0.28,0.00,,0.00,,,,,,,,,0.00,0.47,3.30,,,,,,,,,,,,,,,,,,0.00,,,,,,,,0.00,0.00,,,,,
Michigan_MPART_Surface_Water,Stutts Creek | 38-STC-0061,Surface Water,46.15759,-86.277772,2021,11/3/2021,,EPA 537.1,,,ng/L,,,,0.00,0.00,,,0.27,0.00,,0.00,,,,,,,,,0.00,0.00,,,,,,,,,,,,,,,,,,,,,,,,,,,0.00,,,,,,
Michigan_MPART_Surface_Water,West Branch Ontonagon River | 43-WON-0059,Surface Water,46.65321,-89.3853,2020,11/22/2020,,EPA 537.1,,,ng/L,,,,0.00,0.00,,,0.54,0.00,,0.00,,,,,,,,,0.00,0.24,2.10,,,,,,,,,,,,,,,,,,0.00,,,,,,,,0.00,0.00,,,,,
Michigan_MPART_Surface_Water,Schweinger Creek | 13-SWC-0010,Surface Water,46.1795,-85.0519,2020,7/14/2020,,EPA 537.1,,,ng/L,0.93,1.70,,0.00,1.10,0.41,0.98,1.50,0.00,,,,,,,,,,1.10,0.00,0.39,,,,,,,,,,,,,,,,,,,0.00,0.26,,,0.00,,,0.62,0.00,0.00,,0.00,,,
Michigan_MPART_Surface_Water,Big Brook | 15-BB-0110,Surface Water,45.43502,-87.53312,2022,5/18/2022,,EPA 537.1,,,ng/L,,,,0.00,0.00,,,1.70,0.00,,0.00,,,,,,,,,0.00,0.61,,,,,,,,,,,,,,,,,,,0.00,,,,,,,,0.00,0.00,,,,,
Michigan_MPART_Surface_Water,South Branch Paint River | 12-SBPR-0081,Surface Water,46.22591,-88.86916,2021,9/14/2021,,EPA 537.1,,,ng/L,,,,0.00,0.00,,,0.00,0.00,,0.00,,,,,,,,,0.00,0.00,2.70,,,,,,,,,,,,,,,,,,0.00,,,,,,,,0.00,0.00,,,,,
Michigan_MPART_Surface_Water,Garden Brook | 28-GB-0010,Surface Water,47.4668869,-87.86659397,2021,7/10/2021,,EPA 537.1,,,ng/L,,,,,,,,,,,,,,,,,,,,,,,,,,,,,,,,,,,,,,,,,,,,,,,,,,,,,,
Michigan_MPART_Surface_Water,Portage Creek | 56-PRC-0010,Surface Water,45.7114,-87.0925,2020,11/7/2020,,EPA 537.1,,,ng/L,,3.43,,,,,3.58,1.90,,,,4.05,,,,,,,3.57,,1.93,,,,,,,,,,,,,,,,,,,,,,,,,,,,,,,,,
Michigan_MPART_Surface_Water,Stutts Creek | 38-STC-0061,Surface Water,46.15759,-86.277772,2021,9/7/2021,,EPA 537.1,,,ng/L,,,,0.00,0.00,,,0.24,0.00,,0.00,,,,,,,,,0.00,0.00,,,,,,,,,,,,,,,,,,,0.00,,,,,,,,0.00,0.00,,,,,
Michigan_MPART_Surface_Water,Portage Creek | 56-PRC-0010,Surface Water,45.7114,-87.0925,2020,11/7/2020,,EPA 537.1,,,ng/L,,3.49,,,,,2.30,1.61,,,,,,,,,,,3.14,,2.01,3.60,,,,,,,,,,,,,,,,,,,,,,,,,,,,,,,,
Michigan_MPART_Surface_Water,North Branch Paint River | 12-NBPR-0051,Surface Water,46.30626,-88.81016,2021,9/14/2021,,EPA 537.1,,,ng/L,,,,0.00,0.00,,,0.00,0.00,,0.00,,,,,,,,,0.00,0.00,3.10,,,,,,,,,,,,,,,,,,0.00,,,,,,,,0.00,0.00,,,,,
Michigan_MPART_Surface_Water,West Branch Sturgeon River | 40-WSTR-0025,Surface Water,45.92849,-87.80672,2019,7/14/2019,,EPA 537.1,,,ng/L,0.48,0.76,,0.28,0.24,0.88,0.60,0.54,0.17,,4.60,1.80,1.80,,,,,,0.76,0.27,0.53,2.50,,,,,,,,,,0.98,,,2.80,,,1.70,,0.29,0.26,,,0.14,1.20,0.49,0.31,,,,,,,
Michigan_MPART_Surface_Water,Unnamed Trib to Horseshoe Lake | 18-UHL-0010,Surface Water,46.53146646,-87.54251936,2021,7/9/2021,,EPA 537.1,,,ng/L,,,,,,,,1.95,,,,,,,,,,,2.77,,2.32,2.49,,,,,,,,,,,,,,,,,,,,,,,,,,,,,,,,
Michigan_MPART_Surface_Water,West Branch Sturgeon River | 55-WSTR-0020,Surface Water,46.8014,-88.6792,2022,11/29/2022,,EPA 537.1,,,ng/L,,,,0.00,0.00,,,0.00,0.00,,0.00,,,,,,,,,0.00,0.00,,,,,,,,,,,,,,,,,,,0.00,,,,,,,,0.00,0.00,,,,,
Michigan_MPART_Surface_Water,Little Presque Isle River | 09-LPIR-0060,Surface Water,46.4187,-89.7837,2022,7/26/2022,,EPA 537.1,,,ng/L,,,,0.00,0.24,,,0.47,0.00,,0.00,,,,,,,,,0.00,0.21,3.20,,,,,,,,,,,,,,,,,,0.00,,,,0.00,,,,0.00,0.00,,,,,
Michigan_MPART_Surface_Water,Silver Creek | 28-SLV-0010,Surface Water,47.39981,-88.33262,2021,5/18/2021,,EPA 537.1,,,ng/L,,,,0.00,0.00,,,0.00,0.00,,0.00,,,,,,,,,0.00,0.00,,,,,,,,,,,,,,,,,,,0.00,,,,,,,,0.00,0.00,,,,,
Michigan_MPART_Surface_Water,Tenmile Creek | 15-TMC-0051,Surface Water,45.78367,-87.28503,2022,5/18/2022,,EPA 537.1,,,ng/L,,,,0.00,0.24,,,0.45,0.00,,0.00,,,,,,,,,0.00,0.56,,,,,,,,,,,,,,,,,,,0.00,,,,,,,,0.00,0.00,,,,,
Michigan_MPART_Surface_Water,South Branch Paint River | 12-SBPR-0081,Surface Water,46.22591,-88.86916,2021,5/3/2021,,EPA 537.1,,,ng/L,,,,0.28,0.27,,,0.27,0.00,,0.00,,,,,,,,,0.00,0.00,,,,,,,,,,,,,,,,,,,0.00,,,,,,,,0.00,0.00,,,,,
Michigan_MPART_Surface_Water,Hays Creek | 40-HC-0049,Surface Water,45.4776,-87.5826,2019,7/14/2019,,EPA 537.1,,,ng/L,0.47,3.00,,0.27,0.53,0.46,7.40,3.70,0.17,,4.50,1.70,1.70,,,,,,9.30,0.26,0.86,19.00,,,,,,,,,,0.96,,,2.70,,,1.70,,0.28,0.25,,,0.14,1.10,0.48,0.31,,,,,,,
Michigan_MPART_Surface_Water,Hendrie River headwaters | 57-HR-0001,Surface Water,46.25142,-85.00996,2022,9/6/2022,,EPA 537.1,,,ng/L,,,,,2.00,,,,,,,,,,,,,,,,,15.00,,,,,,,,,,,,,,,,,,,,,,,,,,,,,,,,
Michigan_MPART_Surface_Water,Dead Creek | 38-DC-0010,Surface Water,46.3206,-85.9068,2020,7/14/2020,,EPA 537.1,,,ng/L,1.60,,,0.00,,0.39,,,0.00,,,,,,,,,,,0.00,0.93,,,,,,,,,,,,,,,,,,,,0.28,,,0.00,,,0.41,0.00,,,0.00,,,
Michigan_MPART_Surface_Water,West Branch Duck Creek | 09-WDC-0050,Surface Water,46.736333,-89.500703,2021,9/14/2021,,EPA 537.1,,,ng/L,,,,0.00,0.00,,,0.00,0.00,,0.00,,,,,,,,,0.00,0.00,,,,,,,,,,,,,,,,,,,0.00,,,,,,,,0.00,0.00,,,,,
Michigan_MPART_Surface_Water,Begunn Creek | 28-BG-0010,Surface Water,47.24836685,-88.51867063,2021,7/10/2021,,EPA 537.1,,,ng/L,,,,2.90,1.07,,,1.95,,,,,,,,,,,,,,,,,,,,,,,,,,,,,,,,,,,,,,,,,,,,,,
Michigan_MPART_Surface_Water,Hays Creek | 40-HC-0049,Surface Water,45.4776,-87.5826,2019,9/9/2019,,EPA 537.1,,,ng/L,,1.30,,0.00,0.00,0.33,,,0.00,,,,,,,,,,,0.00,0.00,,,,,,,,,,,,,,,,,,,0.00,0.00,,,0.00,,,,,,,,,,
Michigan_MPART_Surface_Water,Unnamed Trib to Cedar Creek | 43-UCC1-0009,Surface Water,46.544412,-89.292584,2021,7/13/2021,,EPA 537.1,,,ng/L,0.79,1.30,,0.00,0.63,,0.80,1.20,0.00,,0.00,,,,,,,,,0.00,0.36,,,,,,,,,,,,,,,,,,,0.00,,,,,,,,0.00,0.00,,,,,
Michigan_MPART_Surface_Water,Big Garlic River | 18-BGR-0061,Surface Water,46.6853,-87.7006,2022,5/23/2022,,EPA 537.1,,,ng/L,1.00,,,0.00,0.00,,,0.00,0.00,,0.00,,,,,,,,,0.00,0.00,,,,,,,,,,,,,,,,,,,0.00,,,,,,,,0.00,0.00,,,,,
Michigan_MPART_Surface_Water,Sturgeon River | 21-SR-0080,Surface Water,45.90941,-86.70229,2019,5/6/2019,,EPA 537.1,,,ng/L,,,,,0.00,0.36,,0.00,0.00,,,,,,,,,,,,0.20,,,,,,,,,,,,,,,,,,,,0.00,,,0.00,,,,,,,,,,
Michigan_MPART_Surface_Water,Biscuit Creek | 13-BC-0050,Surface Water,46.21148,-84.75838,2022,11/7/2022,,EPA 537.1,,,ng/L,,,,0.00,0.00,,,0.39,0.00,,0.00,,,,,,,,,0.00,0.31,,,,,,,,,,,,,,,,,,,0.00,,,,,,,,0.00,0.00,,,,,
Michigan_MPART_Surface_Water,Hutton Creek | 54-HNC-0050,Surface Water,46.2794,-84.503,2021,4/24/2021,,EPA 537.1,,,ng/L,,,,0.44,1.30,,,1.40,0.19,,0.00,,,,,,,,,0.78,,3.50,,,,,,,,,,,,,,,,,,0.00,,,,,,,,0.00,0.00,,,,,
Michigan_MPART_Surface_Water,Trib to Superior Lakes | 20-LLO-0039,Surface Water,46.4469,-87.9315,2019,5/13/2019,,EPA 537.1,,,ng/L,,,,0.00,0.35,0.37,,0.00,0.00,,,1.90,,,,,,,,0.00,0.00,,,,,,,,,,,,,,,,,,,,0.33,,,0.00,,,,,,,,,,
Michigan_MPART_Surface_Water,Pine Creek | 40-PC-0165,Surface Water,45.93225,-87.97015,2020,7/7/2020,,EPA 537.1,,,ng/L,,1.30,,0.00,,0.36,0.91,1.10,0.00,,,,,,,,,,0.94,0.00,0.40,,,,,,,,,,,,,,,,,,,0.00,0.00,,,0.00,,,0.33,0.00,0.00,,0.00,,,
Michigan_MPART_Surface_Water,Furlong Creek | 11-FC-0031,Surface Water,46.1371,-85.5736,2019,7/16/2019,,EPA 537.1,,,ng/L,1.30,1.30,,0.27,0.59,0.56,1.00,1.00,0.17,,4.60,1.80,1.80,,,,,,0.72,0.26,0.69,7.30,,,,,,,,,,0.97,,,2.70,,,1.70,,0.28,0.26,,,0.14,1.10,0.48,0.31,,,,,,,
Michigan_MPART_Surface_Water,Sidnaw Creek | 55-SDC-0051,Surface Water,46.50576293,-88.74168171,2021,7/9/2021,,EPA 537.1,,,ng/L,,,,,,,,,,,,,,,,,,,,,,3.09,,,,,,,,,,,,,,,,,,,,,,,,,,,,,,,,
Michigan_MPART_Surface_Water,West Branch Firesteel River | 28-WFS-0031,Surface Water,46.79083,-89.02655,2019,7/15/2019,,EPA 537.1,,,ng/L,0.48,0.75,,0.27,0.24,0.25,0.51,0.39,0.17,,4.60,1.80,1.80,,,,,,0.43,0.26,0.18,1.30,,,,,,,,,,0.97,,,2.70,,,1.70,,0.28,0.26,,,0.14,1.10,0.48,0.31,,,,,,,
Michigan_MPART_Surface_Water,Huron River | 18-HR-0020,Surface Water,46.90233499,-88.07007702,2021,7/9/2021,,EPA 537.1,,,ng/L,,,,,,,,,,,,,,,,,,,,,,1.42,,,,,,,,,,,,,,,,,,,,,,,,,,,,,,,,
Michigan_MPART_Surface_Water,Tacoosh River | 56-TR-0100,Surface Water,45.9781,-87.0691,2022,9/6/2022,,EPA 537.1,,,ng/L,,1.20,,0.00,0.00,0.74,0.88,0.76,0.00,,0.00,,,,,,,,,0.00,,,,,,,,,,,,,,,,,,,,0.00,,,,,,,,0.00,0.00,,,,,
Michigan_MPART_Surface_Water,Tenmile Creek | 15-TMC-0051,Surface Water,45.78367,-87.28503,2021,5/17/2021,,EPA 537.1,,,ng/L,,,,0.00,0.00,,,0.28,0.00,,0.00,,,,,,,,,0.00,0.00,,,,,,,,,,,,,,,,,,,0.00,,,,,,,,0.00,0.00,,,,,
Michigan_MPART_Surface_Water,Alder Brook | 15-AB-0011,Surface Water,45.6898,-87.5409,2020,7/7/2020,,EPA 537.1,,,ng/L,0.80,1.20,,0.00,0.56,0.00,0.89,1.00,0.00,,,,,,,,,,,0.00,0.69,,,,,,,,,,,,,,,,,,,0.00,0.74,,,0.00,,,0.49,0.00,0.00,,0.00,,,
Michigan_MPART_Surface_Water,Munuscong River | 54-MR-0099,Surface Water,46.13614,-84.40439,2021,9/13/2021,,EPA 537.1,,,ng/L,,,,0.00,0.00,,,0.00,0.00,,0.00,,,,,,,,,0.00,0.00,,,,,,,,,,,,,,,,,,,0.00,,,,,,,,0.00,0.00,,,,,
Michigan_MPART_Surface_Water,Slate River | 18-SR-0031,Surface Water,46.78757,-88.23989,2021,5/4/2021,,EPA 537.1,,,ng/L,,,,0.00,0.00,,,0.00,0.00,,0.00,,,,,,,,,0.00,0.00,,,,,,,,,,,,,,,,,,,0.00,,,,,,,,0.00,0.00,,,,,
Michigan_MPART_Surface_Water,Little W B Escanaba River | 20-LWESC-0011,Surface Water,46.1154,-87.4006,2022,9/12/2022,,EPA 537.1,,,ng/L,,1.30,,0.00,0.00,,,0.00,0.00,,0.00,,,,,,,,,0.00,0.00,4.50,,,,,,,,,,,,,,,,,,0.00,,,,,,,,0.00,0.00,,,,,
Michigan_MPART_Surface_Water,Halfway Creek | 09-HWC-0041,Surface Water,46.82117,-89.44993,2019,11/5/2019,,EPA 537.1,,,ng/L,0.56,,,0.00,0.00,0.55,,0.42,0.00,,,,,,,,,,,0.00,1.40,,,,,,,,,,,,,,,,,,,0.00,0.00,,,0.00,1.10,,0.44,,,,,,,
Michigan_MPART_Surface_Water,Furlong Creek | 11-FC-0031,Surface Water,46.1371,-85.5736,2019,11/3/2019,,EPA 537.1,,,ng/L,,,,0.00,0.00,0.38,,0.23,0.00,,,,,,,,,,,0.00,0.22,,,,,,,,,,,,,,,,,,,0.00,0.00,,,0.00,1.20,,0.45,,,,,,,
Michigan_MPART_Surface_Water,Quincy Creek | 28-QC-0010,Surface Water,47.14748503,-88.45928903,2021,7/10/2021,,EPA 537.1,,,ng/L,,3.81,,,1.07,,,,,,,,,,,,,,,,1.09,,,,,,,,,,,,,,,,,,,,,,,,,,,,,,,,,
Michigan_MPART_Surface_Water,West Branch Duck Creek | 09-WDC-0050,Surface Water,46.736333,-89.500703,2020,11/22/2020,,EPA 537.1,,,ng/L,,,,0.00,0.00,,,0.00,0.00,,0.00,,,,,,,,,0.00,0.00,,,,,,,,,,,,,,,,,,,0.00,,,,,,,,0.00,0.00,,,,,
Michigan_MPART_Surface_Water,Trib to Superior Lakes | 20-LLO-0039,Surface Water,46.4469,-87.9315,2019,7/16/2019,,EPA 537.1,,,ng/L,0.82,1.10,,0.28,0.70,0.36,1.10,1.30,0.17,,4.70,1.80,1.80,,,,,,0.95,0.27,0.24,6.40,,,,,,,,,,0.99,,,2.80,,,1.70,,0.29,0.26,,,0.14,1.20,0.49,0.31,,,,,,,
Michigan_MPART_Surface_Water,Munuscong River | 54-MR-0181,Surface Water,46.24582,-84.5384,2019,7/16/2019,,EPA 537.1,,,ng/L,0.80,1.50,,0.27,0.67,0.42,0.77,0.88,0.17,,4.60,1.80,1.80,,,,,,0.92,0.26,0.18,5.20,,,,,,,,,,0.96,,,2.70,,,1.70,,0.28,0.52,,,0.14,1.80,2.00,0.31,,,,,,,
Michigan_MPART_Surface_Water,Scales Creek | 28-SCL-0100,Surface Water,47.26703123,-88.36995188,2021,7/10/2021,,EPA 537.1,,,ng/L,,,,,,,,,,,,,,,,,,,,,,,,,,,,,,,,,,,,,,,,,,,,,,,,,,,,,,
Michigan_MPART_Surface_Water,West Branch Sturgeon River | 40-WSTR-0110,Surface Water,45.9999,-87.9017,2022,5/18/2022,,EPA 537.1,,,ng/L,,,,0.00,0.00,,,0.63,0.00,,0.00,,,,,,,,,0.00,0.00,2.80,,,,,,,,,,,,,,,,,,,,,,,,,,0.00,,,,,,
Michigan_MPART_Surface_Water,Bart Creek | 55-BC-0005,Surface Water,46.89558,-88.67725,2022,9/13/2022,,EPA 537.1,,,ng/L,,,,0.00,0.00,,,0.00,0.00,,0.00,,,,,,,,,0.00,0.00,,,,,,,,,,,,,,,,,,,0.00,,,,,,,,0.00,0.00,,,,,
Michigan_MPART_Surface_Water,Hays Creek | 40-HC-0049,Surface Water,45.4776,-87.5826,2019,5/7/2019,,EPA 537.1,,,ng/L,,,,0.00,0.00,0.31,,1.10,0.00,,,,,,,,,,,0.00,0.28,,,,,,,,,,,,,,,,,,,0.00,0.00,,,0.00,,,,,,,,,,
Michigan_MPART_Surface_Water,Dead Creek | 38-DC-0010,Surface Water,46.3206,-85.9068,2020,11/10/2020,,EPA 537.1,,,ng/L,,,,0.00,0.58,,,0.96,0.00,,0.00,,,,,,,,1.40,0.00,0.31,2.70,,,,,,,,,,,,,,,,,,0.00,,,,,,,,0.00,0.00,,,,,
Michigan_MPART_Surface_Water,West Branch Sturgeon River | 40-WSTR-0025,Surface Water,45.92849,-87.80672,2019,5/7/2019,,EPA 537.1,,,ng/L,,,,0.00,0.00,0.81,,0.00,0.00,,,,,,,,,,,0.00,0.34,,,,,,,,,,,,,,,,,,,,0.00,,,0.00,,,,,,,,,,
Michigan_MPART_Surface_Water,St. Marys River Downstream | 54-STMR-0050,Surface Water,46.131392,-84.014448,2019,7/10/2019,,EPA 537.1,,,ng/L,,,,0.00,0.00,0.30,,0.00,0.00,,,,,,,,,,,0.00,0.00,0.65,,,,,,,,,,,,,,,,,,0.00,0.00,,,0.00,,,0.00,,,,,,,
Michigan_MPART_Surface_Water,Kinross Lake | 54-KRSL-0010,Surface Water,46.2686,-84.501,2021,4/24/2021,,EPA 537.1,,,ng/L,2.40,,,0.43,0.45,,,1.50,0.00,,0.00,,,,,,,,,1.50,,3.00,,,,,,,,,,,,,,,,,,0.00,,,,,,,,0.00,0.00,,,,,
Michigan_MPART_Surface_Water,West Branch Duck Creek | 09-WDC-0050,Surface Water,46.736333,-89.500703,2020,7/21/2020,,EPA 537.1,,,ng/L,,,,0.00,0.00,0.29,,0.27,0.00,,,,,,,,,,,0.00,0.26,,,,,,,,,,,,,,,,,,,0.00,0.00,,,0.00,,,0.59,0.00,0.00,,0.00,,,
Michigan_MPART_Surface_Water,Stager Creek | 12-STC-0051,Surface Water,45.98972,-88.3472,2022,9/14/2022,,EPA 537.1,,,ng/L,,,,0.00,0.00,,,0.00,0.00,,0.00,,,,,,,,,0.00,0.00,,,,,,,,,,,,,,,,,,,0.00,,,,,,,,0.00,0.00,,,,,
Michigan_MPART_Surface_Water,Compeau Creek | 18-CMC-0030,Surface Water,46.58634475,-87.44170954,2021,7/9/2021,,EPA 537.1,,,ng/L,,,,,,,,,,,,,,,,,,,,,,,,,,,,,,,,,,,,,,,,,,,,,,,,,,,,,,
Michigan_MPART_Surface_Water,Hamilton Creek | 40-HC-0100,Surface Water,45.7661,-87.70846,2021,5/17/2021,,EPA 537.1,,,ng/L,,,,0.00,0.00,,,0.00,0.00,,0.00,,,,,,,,,0.00,0.00,,,,,,,,,,,,,,,,,,,0.00,,,,,,,,0.00,0.00,,,,,
Michigan_MPART_Surface_Water,South Branch of West Branch For | 15-SWFR-0021,Surface Water,45.929,-87.5946,2020,7/15/2020,,EPA 537.1,,,ng/L,1.10,1.70,,0.00,0.90,0.53,1.50,1.60,0.00,,,,,,,,,,1.70,0.00,0.85,,,,,,,,,,,,,,,,,,,0.00,0.28,,,0.00,,,0.43,0.00,0.00,,0.00,,,
Michigan_MPART_Surface_Water,Torch Lake | 28-TL-0020,Surface Water,47.18660543,-88.40901415,2021,7/10/2021,,EPA 537.1,,,ng/L,,,,,,,,,,,,,,,,,,,1.94,,,1.62,,,,,,,,,,,,,,,,,,,,,,,,,,,,,,,,
Michigan_MPART_Surface_Water,Mendota Canal | 28-MC-0010,Surface Water,47.37481738,-87.96758316,2021,7/10/2021,,EPA 537.1,,,ng/L,,,,,,,,,,,,,,,,,,,,,,,,,,,,,,,,,,,,,,,,,,,,,,,,,,,,,,
Michigan_MPART_Surface_Water,Silver Creek | 28-SLV-0010,Surface Water,47.39981,-88.33262,2021,7/6/2021,,EPA 537.1,,,ng/L,,,,0.00,0.33,,0.62,0.67,0.00,,0.00,,,,,,,,,0.00,0.34,,,,,,,,,,,,,,,,,,,0.00,,,,,,,,0.00,0.00,,,,,
Michigan_MPART_Surface_Water,Sixmile Creek | 09-SMC-0020,Surface Water,46.535,-90.1139,2021,4/25/2021,,EPA 537.1,,,ng/L,,0.98,,0.32,0.34,1.60,1.30,1.10,0.00,,0.00,,,,,,,,0.93,0.37,0.52,2.60,,,,,,,,,,,,,,,,,,,,,,,,,,0.00,,,,,,
Michigan_MPART_Surface_Water,Little Carp River | 18-LCR-0100,Surface Water,46.78362604,-88.5646943,2021,7/9/2021,,EPA 537.1,,,ng/L,,,,,,,2.17,1.09,1.63,,,,,,,,,,,2.39,,,,,,,,,,,,,,,,,,,,,,,,,,,,,,,,,,
Michigan_MPART_Surface_Water,Bart Creek | 55-BC-0005,Surface Water,46.89558,-88.67725,2022,9/13/2022,,EPA 537.1,,,ng/L,,,,0.00,0.00,,,0.00,0.00,,0.00,,,,,,,,,0.00,0.00,,,,,,,,,,,,,,,,,,,,,,,,,,,0.00,,,,,,
Michigan_MPART_Surface_Water,Unnamed Trib to Pilgrim River | 28-UPR1-0010,Surface Water,47.06183092,-88.62992688,2021,7/10/2021,,EPA 537.1,,,ng/L,,1.03,,,,,,,,,,,,,,,,,,,1.00,0.99,,,,,,,,,,,,,,,,,,,,,,,,,,,,,,,,
Michigan_MPART_Surface_Water,Fence River | 41-FR-0031,Surface Water,46.2454,-88.1604,2020,7/7/2020,,EPA 537.1,,,ng/L,,,,0.00,0.31,0.32,,0.54,0.00,,,,,,,,,,0.56,0.00,0.18,,,,,,,,,,,,,,,,,,,0.00,0.00,,,0.00,,,0.46,0.00,0.00,,0.00,,,
Michigan_MPART_Surface_Water,Slate River | 18-SR-0031,Surface Water,46.78757,-88.23989,2021,7/14/2021,,EPA 537.1,,,ng/L,,,,0.00,0.00,,0.56,0.26,0.00,,0.00,,,,,,,,,0.00,0.00,,,,,,,,,,,,,,,,,,,0.00,,,,,,,,0.00,0.00,,,,,
Michigan_MPART_Surface_Water,Gooseneck Creek | 28-GNC-0030,Surface Water,47.14869247,-88.49593577,2021,7/10/2021,,EPA 537.1,,,ng/L,,,,,,1.30,,,,,,,,,,,,,,,,2.22,,,,,,,,,,,,,,,,,,,,,,,,,,,,,,,,
Michigan_MPART_Surface_Water,Pilgrim River | 28-PR-0030,Surface Water,47.06225475,-88.59630447,2021,7/9/2021,,EPA 537.1,,,ng/L,,,,,,,,,,,,,,,,,,,,,,,,,,,,,,,,,,,,,,,,,,,,,,,,,,,,,,
Michigan_MPART_Surface_Water,Garden Brook | 28-GBU-0015,Surface Water,47.46395,-87.88802,2022,9/13/2022,,EPA 537.1,,,ng/L,,,,0.00,0.00,,,0.00,0.00,,0.00,,,,,,,,,0.00,0.00,,,,,,,,,,,,,,,,,,,0.00,,,,,,,,0.00,0.00,,,,,
Michigan_MPART_Surface_Water,Ankodosh Creek | 64-AKC-0010,Surface Water,46.4769,-84.9995,2022,5/24/2022,,EPA 537.1,,,ng/L,,,,,0.00,,,0.00,0.00,,0.00,,,,,,,,,0.00,0.00,,,,,,,,,,,,,,,,,,,,,,,,,,,0.00,,,,,,
Michigan_MPART_Surface_Water,Dexter Creek | 56-DXC-0030,Surface Water,46.220344,-86.928539,2020,7/14/2020,,EPA 537.1,,,ng/L,0.72,1.30,,0.00,0.42,0.58,1.10,1.00,0.00,,,,,,,,,,1.30,0.00,,,,,,,,,,,,,,,,,,,,0.00,0.26,,,0.00,,,0.59,0.00,0.00,,0.00,,,
Michigan_MPART_Surface_Water,Firesteel River | 28-FS-0040,Surface Water,46.86599345,-89.19583669,2021,7/9/2021,,EPA 537.1,,,ng/L,,,,,,,,,,,,,,,,,,,,,,2.09,,,,,,,,,,,,,,,,,,,,,,,,,,,,,,,,
Michigan_MPART_Surface_Water,Big Garlic River | 18-BGR-0061,Surface Water,46.6853,-87.7006,2022,11/1/2022,,EPA 537.1,,,ng/L,,,,0.00,0.00,,,0.00,0.00,,0.00,,,,,,,,,0.00,0.00,,,,,,,,,,,,,,,,,,,0.00,,,,,,,,0.00,0.00,,,,,
Michigan_MPART_Surface_Water,Meggun Creek | 33-MG-0010,Surface Water,47.25914399,-88.55321325,2021,7/10/2021,,EPA 537.1,,,ng/L,,3.92,,1.50,,,,,,,,,,,,,,,,,,3.12,,,,,,,,,,,,,,,,2.81,,,,,,,,,,,,,,,,
Michigan_MPART_Surface_Water,Stutts Creek | 38-STC-0061,Surface Water,46.15759,-86.277772,2021,11/3/2021,,EPA 537.1,,,ng/L,,,,0.00,0.00,,,0.28,0.00,,0.00,,,,,,,,,0.00,0.00,,,,,,,,,,,,,,,,,,,,,,,,,,,0.00,,,,,,
Michigan_MPART_Surface_Water,Keweenaw Waterway | 28-KW-0010,Surface Water,47.21676331,-88.62115379,2021,7/10/2021,,EPA 537.1,,,ng/L,,,,,,,,,,,,,,,,,,,,,,,,,,,,,,,,,,,,,,,,,,,,,,,,,,,,,,
Michigan_MPART_Surface_Water,Little Presque Isle River | 09-LPIR-0060,Surface Water,46.4187,-89.7837,2022,9/5/2022,,EPA 537.1,,,ng/L,,,,0.00,0.00,,,0.40,0.00,,0.00,,,,,,,,,0.00,0.00,2.30,,,,,,,,,,,,,,,,,,0.00,,,,,,,,0.00,0.00,,,,,
Michigan_MPART_Surface_Water,West Branch Duck Creek | 09-WDC-0050,Surface Water,46.736333,-89.500703,2021,7/6/2021,,EPA 537.1,,,ng/L,0.50,,,0.35,0.00,,0.73,0.61,0.23,,0.00,,,,,,,,,0.00,0.38,3.80,,,,,,,,,,,,,,,,,,0.00,,,,,,,,0.00,0.00,,,,,
Michigan_MPART_Surface_Water,South Branch of West Branch For | 15-SWFR-0021,Surface Water,45.929,-87.5946,2020,5/25/2020,,EPA 537.1,,,ng/L,0.77,1.10,,0.00,0.32,0.47,0.78,0.79,0.00,,,,,,,,,,1.00,0.00,0.49,,,,,,,,,,,,,,,,,,,0.00,0.00,,,0.00,,,0.51,0.00,0.00,,0.00,,,
Michigan_MPART_Surface_Water,North Branch Paint River | 12-NBPR-0051,Surface Water,46.30626,-88.81016,2021,11/2/2021,,EPA 537.1,,,ng/L,,,,0.00,0.00,,,0.28,0.00,,0.00,,,,,,,,,0.00,0.00,,,,,,,,,,,,,,,,,,,,,,,,,,,0.00,,,,,,
Michigan_MPART_Surface_Water,St. Marys River Upstream | 54-STMR-1000,Surface Water,46.473615,-84.460281,2017,5/8/2017,,EPA 537.1,,,ng/L,,,,,,,,,,,,,,,,,,,,,,0.97,,,,,,,,,,,,,,,,,,,1.70,0.96,,,,,,,,,,,,
Michigan_MPART_Surface_Water,Munuscong River | 54-MR-0181,Surface Water,46.24582,-84.5384,2019,9/8/2019,,EPA 537.1,,,ng/L,0.71,,,0.00,0.00,0.29,,0.31,0.00,,,,,,,,,,,0.00,0.00,1.70,,,,,,,,,,,,,,,,,,0.00,0.00,,,0.00,,,0.64,,,,,,,
Michigan_MPART_Surface_Water,Tobacco River | 28-TBR-0010,Surface Water,47.23125008,-88.14863613,2021,7/10/2021,,EPA 537.1,,,ng/L,,,,,,,,,,,,,,,,,,,,,,3.03,,,,,,,,,,,,,,,,,,,,,,,,,,,,,,,,
Michigan_MPART_Surface_Water,St. Marys River Upstream | 54-STMR-1000,Surface Water,46.473615,-84.460281,2019,11/4/2019,,EPA 537.1,,,ng/L,,,,0.00,0.00,0.31,,0.00,0.00,,,,,,,,,,,0.00,0.00,0.71,,,,,,,,,,,,,,,,,,0.00,0.00,,,0.00,1.20,,0.63,,,,,,,
Michigan_MPART_Surface_Water,E. Br. Escanaba River | 20-EESC-0100,Surface Water,46.373762,-87.473246,2020,11/10/2020,,EPA 537.1,,,ng/L,,,,,,,,,,,,,,,,,,,,,,2.25,,,,,,,,,,,,,,,,,,,,,,,,,,,,,,,,
Michigan_MPART_Surface_Water,Kelsey Creek | 55-KLC-0020,Surface Water,46.55696081,-88.57993637,2021,7/9/2021,,EPA 537.1,,,ng/L,,,,,,,,,,,,,,,,,,,,,,2.58,,,,,,,,,,,,,,,,,,,,,,,,,,,,,,,,
Michigan_MPART_Surface_Water,Carp River | 18-CRP-0100,Surface Water,46.50711497,-87.53761293,2021,7/9/2021,,EPA 537.1,,,ng/L,,,,,,,1.14,,,,,,,,,,,,,,,1.98,,,,,,,,,,,,,,,,,,,,,,,,,,,,,,,,
Michigan_MPART_Surface_Water,Lindsey Creek | 20-LDC-0010,Surface Water,46.11383,-87.39804,2020,7/8/2020,,EPA 537.1,,,ng/L,0.93,1.60,,0.00,0.85,0.42,1.00,1.40,0.00,,,,,,,,,,1.00,0.00,0.52,,,,,,,,,,,,,,,,,,,0.00,0.00,,,0.00,,,,0.00,0.00,,0.00,,,
Michigan_MPART_Surface_Water,Ely Creek | 20-ELY-0010,Surface Water,46.43444,-87.6888,2020,11/10/2020,,EPA 537.1,,,ng/L,,,,,,,,,,,,,,,,,,,,,,2.41,,,,,,,,,,,,,,,,,,,,,,,,,,,,,,,,
Michigan_MPART_Surface_Water,South Branch Paint River | 12-SBPR-0081,Surface Water,46.22591,-88.86916,2021,7/13/2021,,EPA 537.1,,,ng/L,,,,0.00,0.00,,,0.00,0.00,,0.00,,,,,,,,,0.00,0.00,,,,,,,,,,,,,,,,,,,0.00,,,,,,,,0.00,0.00,,,,,
Michigan_MPART_Surface_Water,West Branch Sturgeon River | 40-WSTR-0025,Surface Water,45.92849,-87.80672,2019,9/9/2019,,EPA 537.1,,,ng/L,,,,0.00,0.00,0.69,,0.38,0.00,,,,,,,,,,,0.00,0.00,,,,,,,,,,,,,,,,,,,0.00,0.00,,,0.00,,,0.36,,,,,,,
Michigan_MPART_Surface_Water,Black River | 09-BLK-0070,Surface Water,46.5109,-90.0733,2021,4/25/2021,,EPA 537.1,,,ng/L,,,,0.00,0.27,,,0.29,0.00,,0.00,,,,,,,,,0.00,0.33,,,,,,,,,,,,,,,,,,,,,,,,,,,0.00,,,,,,
Michigan_MPART_Surface_Water,Hays Creek | 40-HC-0049,Surface Water,45.4776,-87.5826,2019,11/6/2019,,EPA 537.1,,,ng/L,1.00,,,0.00,0.00,0.28,,1.20,0.00,,,,,,,,,,,0.00,0.00,,,,,,,,,,,,,,,,,,,0.00,0.35,,,0.00,1.20,,0.52,,,,,,,
Michigan_MPART_Surface_Water,Trib to W B Firesteel River | 28-UWFS1-0020,Surface Water,46.7853,-89.0336,2022,7/26/2022,,EPA 537.1,,,ng/L,,,,0.00,0.00,,,0.60,0.00,,0.00,,,,,,,,,0.00,0.00,3.40,,,,,,,,,,,,,,,,,,,,,,,,,,0.00,,,,,,
Michigan_MPART_Surface_Water,Pilgrim River | 28-PR-0040,Surface Water,47.0507513,-88.61820705,2021,7/10/2021,,EPA 537.1,,,ng/L,,,,,,,,,,,,,,,,,,,,,,,,,,,,,,,,,,,,,,,,,,,,,,,,,,,,,,
Michigan_MPART_Surface_Water,Montgomery Creek | 43-MC-0010,Surface Water,46.491,-89.5294,2020,7/21/2020,,EPA 537.1,,,ng/L,0.81,,,0.00,1.20,0.00,1.40,,0.00,,,,,,,,,,1.60,0.00,0.72,,,,,,,,,,,,,,,,,,,0.00,0.00,,,0.00,,,0.00,0.00,0.00,,0.00,,,
Michigan_MPART_Surface_Water,Whetstone Brook | 18-WHB-0010,Surface Water,46.53680393,-87.3942295,2021,7/9/2021,,EPA 537.1,,,ng/L,2.39,,,,,2.31,,,,,,,,,,,,,,,3.27,,,,,,,,,,,,,,,,,,,,,,,,,,,,,,,,,
Michigan_MPART_Surface_Water,Little Carp River | 18-LCR-0100,Surface Water,46.78362604,-88.5646943,2021,9/22/2021,,EPA 537.1,,,ng/L,,2.02,,,,,,1.08,,,,,,,,,,,1.01,,3.45,3.63,,,,,,,,,,,,,,,,,,,,,,,,,,,,,,,,
Michigan_MPART_Surface_Water,Carp River | 18-CRP-0170,Surface Water,46.53030518,-87.60408771,2021,7/9/2021,,EPA 537.1,,,ng/L,,,,,,,1.43,,,,,,,,,,,,,,,2.00,,,,,,,,,,,,,,,,,,,,,,,,,,,,,,,,
Michigan_MPART_Surface_Water,Hays Creek | 40-HC-0049,Surface Water,45.4776,-87.5826,2019,11/6/2019,,EPA 537.1,,,ng/L,,,,0.00,0.00,0.30,,1.20,0.00,,,,,,,,,,,0.00,0.21,,,,,,,,,,,,,,,,,,,0.00,0.00,,,0.00,1.20,,0.64,,,,,,,
Michigan_MPART_Surface_Water,Montgomery Creek | 43-MC-0010,Surface Water,46.491,-89.5294,2020,11/22/2020,,EPA 537.1,,,ng/L,,,,0.00,0.00,,,0.34,0.00,,0.00,,,,,,,,,0.00,0.00,,,,,,,,,,,,,,,,,,,0.00,,,,,,,,0.00,0.00,,,,,
Michigan_MPART_Surface_Water,Tobacco River | 28-TBR-0010,Surface Water,47.23125008,-88.14863613,2021,7/10/2021,,EPA 537.1,,,ng/L,,,,,,,,,,,,,,,,,,,,,,2.91,,,,,,,,,,,,,,,,,,,,,,,,,,,,,,,,
Michigan_MPART_Surface_Water,Iron Dog River | 18-ID-0010,Surface Water,46.81242328,-87.67994134,2021,7/9/2021,,EPA 537.1,,,ng/L,,,,,,,,,,,,,,,,,,,,,,1.12,,,,,,,,,,,,,,,,,,,,,,,,,,,,,,,,
Michigan_MPART_Surface_Water,West Branch Duck Creek | 09-WDC-0050,Surface Water,46.736333,-89.500703,2020,9/21/2020,,EPA 537.1,,,ng/L,,,,0.00,0.00,,,0.00,0.00,,0.00,,,,,,,,0.49,0.00,0.00,,,,,,,,,,,,,,,,,,,0.00,,,,,,,,0.00,0.00,,,,,
Michigan_MPART_Surface_Water,Halfway Creek | 09-HWC-0041,Surface Water,46.82117,-89.44993,2019,7/15/2019,,EPA 537.1,,,ng/L,0.68,0.84,,0.27,0.29,0.36,1.10,0.47,0.17,,4.60,1.80,1.80,,,,,,1.10,0.26,0.36,4.60,,,,,,,,,,0.97,,,2.70,,,1.70,,0.28,0.26,,,0.14,1.10,0.48,0.31,,,,,,,
Michigan_MPART_Surface_Water,Little Fishdam River | 21-LFD-0019,Surface Water,45.90441,-86.55811,2019,5/6/2019,,EPA 537.1,,,ng/L,0.75,,,0.00,0.34,0.39,,0.00,0.00,,,,,,,,,,,0.00,0.00,,,,,,,,,,,,,,,,,,,,0.00,,,0.00,,,,,,,,,,
Michigan_MPART_Surface_Water,Pike River | 28-PKR-0010,Surface Water,47.01871722,-88.52643016,2021,7/9/2021,,EPA 537.1,,,ng/L,,,,,,,,,,,,,,,,,,,,,,1.44,,,,,,,,,,,,,,,,,,,,,,,,,,,,,,,,
Michigan_MPART_Surface_Water,Ten Mile Creek | 15-TMC-0199,Surface Water,45.8718,-87.4681,2020,11/1/2020,,EPA 537.1,,,ng/L,,,,0.00,0.00,,,0.00,0.00,,0.00,,,,,,,,,0.00,0.27,,,,,,,,,,,,,,,,,,,0.00,,,,,,,,0.00,0.00,,,,,
Michigan_MPART_Surface_Water,Montgomery Creek | 43-MC-0010,Surface Water,46.491,-89.5294,2020,5/26/2020,,EPA 537.1,,,ng/L,0.53,1.40,,0.00,0.74,0.36,1.00,1.40,0.00,,,,,,,,,,1.40,0.00,0.48,,,,,,,,,,,,,,,,,,,,0.00,,,0.00,,,0.37,0.00,,,0.00,,,
Michigan_MPART_Surface_Water,West Branch Sturgeon River | 40-WSTR-0025,Surface Water,45.92849,-87.80672,2019,11/4/2019,,EPA 537.1,,,ng/L,,,,0.00,0.00,0.71,,0.24,0.00,,,,,,,,,,0.47,0.00,0.25,1.70,,,,,,,,,,,,,,,,,,0.00,0.00,,,0.00,1.20,,0.56,,,,,,,
Michigan_MPART_Surface_Water,Unnamed Trib to Otter Lake | 55-UOL-0010,Surface Water,46.89272694,-88.58833395,2021,7/9/2021,,EPA 537.1,,,ng/L,,,,,,,,,,,,,,,,,,,,,,3.62,,,,,,,,,,,,,,,,,,,,,,,,,,,,,,,,
Michigan_MPART_Surface_Water,Linden Creek | 18-LND-0010,Surface Water,46.75864893,-88.45237236,2021,7/9/2021,,EPA 537.1,,,ng/L,,,,,,,1.44,,,,,,,,,,,,,,,,,,,,,,,,,,,,,,,,,,,,,,,,,,,,,,,
Michigan_MPART_Surface_Water,Carp River | 18-CRP-0100,Surface Water,46.50711497,-87.53761293,2021,7/9/2021,,EPA 537.1,,,ng/L,,,,,,,,,,,,,,,,,,,,,,1.85,,,,,,,,,,,,,,,,,,,,,,,,,,,,,,,,
Michigan_MPART_Surface_Water,West Branch Sturgeon River | 55-WSTR-0020,Surface Water,46.8014,-88.6792,2022,7/26/2022,,EPA 537.1,,,ng/L,,,,0.00,0.00,,,0.00,0.00,,0.00,,,,,,,,,0.00,0.00,,,,,,,,,,,,,,,,,,,0.00,,,,,,,,0.00,0.00,,,,,
Michigan_MPART_Surface_Water,Little W B Escanaba River | 20-LWESC-0011,Surface Water,46.1154,-87.4006,2022,11/1/2022,,EPA 537.1,,,ng/L,,,,0.00,0.00,,,0.26,0.00,,0.00,,,,,,,,,0.00,0.00,2.30,,,,,,,,,,,,,,,,,,0.00,,,,,,,,0.00,0.00,,,,,
Michigan_MPART_Surface_Water,Munuscong River | 54-MR-0099,Surface Water,46.13614,-84.40439,2021,11/1/2021,,EPA 537.1,,,ng/L,,0.95,,0.00,0.00,1.50,0.56,0.70,0.00,,0.00,,,,,,,,,0.00,0.21,2.60,,,,,,,,,,,,,,,,,,,,,,,,,,0.00,,,,,,
Michigan_MPART_Surface_Water,Stutts Creek | 38-STC-0061,Surface Water,46.15759,-86.277772,2021,7/7/2021,,EPA 537.1,,,ng/L,,,,0.00,0.00,,0.60,0.34,0.00,,0.00,,,,,,,,,0.00,0.00,,,,,,,,,,,,,,,,,,,0.00,,,,,,,,0.00,0.00,,,,,
Michigan_MPART_Surface_Water,Halfway Creek | 09-HWC-0041,Surface Water,46.82117,-89.44993,2019,9/4/2019,,EPA 537.1,,,ng/L,,,,0.00,0.00,0.23,0.52,0.57,0.00,,,,,,,,,,,0.00,0.00,,,,,,,,,,,,,,,,,,,0.00,0.00,,,0.00,,,0.98,,,,,,,
Michigan_MPART_Surface_Water,Garden Brook | 28-GBU-0015,Surface Water,47.46395,-87.88802,2022,5/16/2022,,EPA 537.1,,,ng/L,,,,0.00,0.00,,,0.00,0.00,,0.00,,,,,,,,,0.00,0.00,,,,,,,,,,,,,,,,,,,0.00,,,,,,,,0.00,0.00,,,,,
Michigan_MPART_Surface_Water,Black River | 09-BLK-0130,Surface Water,46.44981,-90.01707,2019,11/5/2019,,EPA 537.1,,,ng/L,,,,0.00,0.32,0.32,,0.29,0.00,,,,,,,,,,,0.00,0.00,,,,,,,,,,,,,,,,,,,,0.00,,,0.00,1.30,,,,,,,,,
Michigan_MPART_Surface_Water,Huron River | 18-HR-0020,Surface Water,46.90233499,-88.07007702,2021,7/9/2021,,EPA 537.1,,,ng/L,,,,,,,,,,,,,,,,,,,,,,1.44,,,,,,,,,,,,,,,,,,,,,,,,,,,,,,,,
Michigan_MPART_Surface_Water,E. Br. Escanaba River | 20-EESC-0010,Surface Water,46.27817,-87.4434,2020,11/7/2020,,EPA 537.1,,,ng/L,1.09,,,,,,,,,,,,,,,,,,,,,2.29,,,,,,,,,,,,,,,,,,,,,,,,,,,,,,,,
Michigan_MPART_Surface_Water,Munuscong River | 54-MR-0181,Surface Water,46.24582,-84.5384,2019,5/13/2019,,EPA 537.1,,,ng/L,0.74,0.96,,0.00,0.32,0.55,,0.80,0.00,,,1.90,,,,,,,,0.00,0.00,,,,,,,,,,,,,,,,,,,0.00,0.00,,,0.00,,,,,,,,,,
Michigan_MPART_Surface_Water,St. Marys River Downstream | 54-STMR-0050,Surface Water,46.131392,-84.014448,2019,9/9/2019,,EPA 537.1,,,ng/L,3.50,1.00,,0.00,0.26,0.38,,0.30,0.00,,,1.80,,,,,,,,0.00,0.00,0.73,,,,,,,,,,,,,,,,,,0.00,0.29,,,0.00,,,0.42,,,,,,,
Michigan_MPART_Surface_Water,Garden Brook | 28-GBU-0015,Surface Water,47.46395,-87.88802,2022,11/8/2022,,EPA 537.1,,,ng/L,,,,0.00,0.00,,,0.00,0.00,,0.00,,,,,,,,,0.00,0.36,,,,,,,,,,,,,,,,,,,0.00,,,,,,,,0.00,0.00,,,,,
Michigan_MPART_Surface_Water,Carp River | 18-CRP-0150,Surface Water,46.5248662,-87.57537515,2021,7/9/2021,,EPA 537.1,,,ng/L,,,,,,,1.04,,,,,,,,,,,,,,,2.36,,,,,,,,,,,,,,,,,,,,,,,,,,,,,,,,
Michigan_MPART_Surface_Water,Hamilton Creek | 40-HC-0100,Surface Water,45.7661,-87.70846,2021,7/7/2021,,EPA 537.1,,,ng/L,,,,0.41,0.26,,0.62,0.32,0.00,,0.00,,,,,,,,,0.00,0.21,,,,,,,,,,,,,,,,,,,0.00,,,,,,,1.10,0.00,0.00,,,,,
Michigan_MPART_Surface_Water,Silver Creek | 28-SLV-0010,Surface Water,47.39981,-88.33262,2021,9/21/2021,,EPA 537.1,,,ng/L,,0.95,,0.00,0.44,,0.71,0.85,0.00,,0.00,,,,,,,,,0.00,0.29,,,,,,,,,,,,,,,,,,,0.00,,,,,,,,0.00,0.00,,,,,
Michigan_MPART_Surface_Water,Escanaba River | 20-ESC-0150,Surface Water,45.9923,-87.2687,2020,11/7/2020,,EPA 537.1,,,ng/L,,,,,,,,,,,,,,,,,,,,,,2.34,,,,,,,,,,,,,,,,,,,,,,,,,,,,,,,,
Michigan_MPART_Surface_Water,St. Marys River Downstream | 54-STMR-0050,Surface Water,46.131392,-84.014448,2017,7/13/2017,,EPA 537.1,,,ng/L,,,,,,,,,,,,,,,,,,,,,,0.79,,,,,,,,,,,,,,,,,,,0.58,0.46,,,,,3.90,,,,,,,
Michigan_MPART_Surface_Water,Manistique River | 38-MR-0055,Surface Water,45.97132,-86.242819,2001,3/28/2001,,Undisclosed,,,ng/L,,,,,,,,,,,,,,,,,,,,,,,,,,,,,,,,,,,,,,,,,,,,,,,,,,,,,,
Michigan_MPART_Surface_Water,Escanaba River | 20-ESC-0300,Surface Water,46.26305,-87.44584,2020,11/7/2020,,EPA 537.1,,,ng/L,,,,,,,,,,,,,,,,,,,,,,2.01,,,,,,,,,,,,,,,,,,,,,,,,,,,,,,,,
Michigan_MPART_Surface_Water,St. Marys River Downstream | 54-STMR-0050,Surface Water,46.131392,-84.014448,2019,11/4/2019,,EPA 537.1,,,ng/L,,,,0.00,0.00,0.32,,0.25,0.00,,,,,,,,,,,0.00,0.00,0.75,,,,,,,,,,,,,,,,,,0.00,0.31,,,0.00,1.20,,1.00,,,,,,,
Michigan_MPART_Surface_Water,Tacoosh River | 56-TR-0100,Surface Water,45.9781,-87.0691,2022,11/7/2022,,EPA 537.1,,,ng/L,,,,0.00,0.00,,,0.41,0.00,,0.00,,,,,,,,,0.00,0.94,2.80,,,,,,,,,,,,,,,,,,0.00,,,,,,,,0.00,0.00,,,,,
Michigan_MPART_Surface_Water,St. Marys River Upstream | 54-STMR-1000,Surface Water,46.473615,-84.460281,2017,9/11/2017,,EPA 537.1,,,ng/L,,,,,,,,,,,,,,,,,,,,,,0.79,,,,,,,,,,,,,,,,,,,0.00,0.00,,,0.57,,1.40,,,,,,,0.69
Michigan_MPART_Surface_Water,Hendrie River headwaters | 57-HR-0001,Surface Water,46.25142,-85.00996,2022,7/25/2022,,EPA 537.1,,,ng/L,2.50,3.00,,0.31,0.27,0.56,0.57,4.70,0.19,1.50,0.24,2.50,0.45,,,,,,3.30,0.30,0.20,26.00,,,,,,,,,,1.10,,,1.20,,,1.30,,0.32,0.72,,,0.37,1.30,0.54,0.97,0.24,0.32,,0.40,,,
Michigan_MPART_Surface_Water,Slate River | 18-SR-0031,Surface Water,46.78757,-88.23989,2021,7/14/2021,,EPA 537.1,,,ng/L,,1.30,,0.65,0.33,,0.87,0.33,0.00,,0.00,,,,,,,,0.44,0.00,0.23,,,,,,,,,,,,,,,,,,,0.00,,,,,,,,0.00,0.00,,,,,
Michigan_MPART_Surface_Water,Mud Creek | 03-MC-0080,Surface Water,46.5425,-90.1386,2021,4/25/2021,,EPA 537.1,,,ng/L,1.30,1.40,,0.00,0.38,0.97,1.00,1.10,0.00,,0.00,,,,,,,,0.62,0.00,0.27,,,,,,,,,,,,,,,,,,,0.00,,,,,,,,0.00,0.00,,,,,
Michigan_MPART_Surface_Water,Sturgeon River | 21-SR-0080,Surface Water,45.90941,-86.70229,2019,7/17/2019,,EPA 537.1,,,ng/L,,,,0.00,0.00,0.42,,0.37,0.00,,,,,,,,,,0.68,0.00,0.00,,,,,,,,,,,,,,,,,,,0.00,0.00,,,0.00,,,,,,,,,,
Michigan_MPART_Surface_Water,Sturgeon River | 21-SR-0080,Surface Water,45.90941,-86.70229,2019,11/4/2019,,EPA 537.1,,,ng/L,0.63,,,0.00,0.38,0.30,,0.54,0.00,,,,,,,,,,,0.00,0.00,,,,,,,,,,,,,,,,,,,0.00,0.00,,,0.00,1.10,,0.32,,,,,,,
Michigan_MPART_Surface_Water,Halfway Creek | 09-HWC-0041,Surface Water,46.82117,-89.44993,2019,9/4/2019,,EPA 537.1,,,ng/L,,,,0.00,0.00,0.00,,0.47,0.00,,,,,,,,,,,0.00,0.00,,,,,,,,,,,,,,,,,,,0.00,0.00,,,0.00,,,0.84,,,,,,,
Michigan_MPART_Surface_Water,St. Marys River Upstream | 54-STMR-1000,Surface Water,46.473615,-84.460281,2019,7/10/2019,,EPA 537.1,,,ng/L,,,,0.00,0.00,0.25,,0.00,0.00,,,,,,,,,,,0.00,0.00,0.58,,,,,,,,,,,,,,,,,,0.00,0.00,,,0.00,,,0.00,,,,,,,
Michigan_MPART_Surface_Water,Little Cedar River | 40-LCR-0195,Surface Water,45.60568,-87.63508,2022,11/9/2022,,EPA 537.1,,,ng/L,,,,0.00,0.00,,0.68,0.69,0.00,,0.00,,,,,,,,0.41,0.00,0.59,,,,,,,,,,,,,,,,,,,0.00,,,,0.00,,,,0.00,0.00,,,,,
Michigan_MPART_Surface_Water,Hendrie River headwaters | 57-HR-0001,Surface Water,46.25142,-85.00996,2022,11/7/2022,,EPA 537.1,,,ng/L,,,,0.00,0.38,,,0.87,0.00,,0.00,,,,,,,,,0.00,0.00,2.60,,,,,,,,,,,,,,,,,,0.00,,,,,,,,0.00,0.00,,,,,
Michigan_MPART_Surface_Water,E. Br. Escanaba River | 20-EESC-0100,Surface Water,46.373762,-87.473246,2020,11/10/2020,,EPA 537.1,,,ng/L,,,,,,,,,,,,,,,,,,,,,,2.26,,,,,,,,,,,,,,,,,,,,,,,,,,,,,,,,
Michigan_MPART_Surface_Water,Big Brook | 15-BB-0110,Surface Water,45.43502,-87.53312,2022,9/14/2022,,EPA 537.1,,,ng/L,,,,0.00,0.00,,,0.00,0.00,,0.00,,,,,,,,,0.00,0.00,,,,,,,,,,,,,,,,,,,0.00,,,,,,,,0.00,0.00,,,,,
Michigan_MPART_Surface_Water,Tenmile Creek | 15-TMC-0051,Surface Water,45.78367,-87.28503,2022,7/27/2022,,EPA 537.1,,,ng/L,,1.10,,0.00,0.31,,0.69,0.96,0.00,,0.00,,,,,,,,0.65,0.00,0.75,,,,,,,,,,,,,,,,,,,0.00,,,,,,,,0.00,0.00,,,,,
Michigan_MPART_Surface_Water,West Branch Duck Creek | 09-WDC-0050,Surface Water,46.736333,-89.500703,2021,11/2/2021,,EPA 537.1,,,ng/L,,,,,0.00,,,0.00,0.00,,0.00,,,,,,,,,0.00,0.00,,,,,,,,,,,,,,,,,,,,,,,,,,,0.00,,,,,,
Michigan_MPART_Surface_Water,Mud Creek | 03-MC-0050,Surface Water,46.5696,-90.1768,2021,4/25/2021,,EPA 537.1,,,ng/L,,,,,0.00,,,0.00,0.00,,0.00,,,,,,,,,0.00,0.00,,,,,,,,,,,,,,,,,,,,,,,,,,,0.00,,,,,,
Michigan_MPART_Surface_Water,Escanaba River | 20-ESC-0030,Surface Water,45.7939,-87.0777,2020,11/7/2020,,EPA 537.1,,,ng/L,,,,,,,,,,,,,,,,,,,,,,2.51,,,,,,,,,,,,,,,,,,,,,,,,,,,,,,,,
Michigan_MPART_Surface_Water,Little Fishdam River | 21-LFD-0019,Surface Water,45.90441,-86.55811,2019,11/4/2019,,EPA 537.1,,,ng/L,0.72,,,0.00,0.33,0.38,,0.45,0.00,,,,,,,,,,,0.00,0.26,,,,,,,,,,,,,,,,,,,0.00,0.00,,,0.00,1.20,,0.32,,,,,,,
Michigan_MPART_Surface_Water,Keweenaw Waterway | 28-KW-0048,Surface Water,47.10889547,-88.51201924,2021,7/10/2021,,EPA 537.1,,,ng/L,,,,,,,,,,,,,,,,,,,,,,1.49,,,,,,,,,,,,,,,,,,,,,,,,,,,,,,,,
Michigan_MPART_Surface_Water,Fence River | 41-FR-0031,Surface Water,46.2454,-88.1604,2020,11/3/2020,,EPA 537.1,,,ng/L,,,,0.00,0.00,,,0.39,0.00,,0.00,,,,,,,,,0.00,0.00,,,,,,,,,,,,,,,,,,,0.00,,,,,,,,0.00,0.00,,,,,
Michigan_MPART_Surface_Water,E. Br. Escanaba River | 20-EESC-0010,Surface Water,46.27817,-87.4434,2020,11/7/2020,,EPA 537.1,,,ng/L,,,,,,,,,,,,,,,,,,,,,,2.06,,,,,,,,,,,,,,,,,,,,,,,,,,,,,,,,
Michigan_MPART_Surface_Water,Falls River | 18-FR-0020,Surface Water,46.75198151,-88.45257275,2021,7/9/2021,,EPA 537.1,,,ng/L,,,,,,,,,,,,,,,,,,,,,,,,,,,,,,,,,,,,,,,,,,,,,,,,,,,,,,
Michigan_MPART_Surface_Water,Unnamed Trib to Hills Creek | 28-UHC1-0020,Surface Water,47.29868591,-88.40013865,2021,7/10/2021,,EPA 537.1,,,ng/L,,,,,,,,,,,,,,,,,,,,,,,,,,,,,,,,,,,,,,,,,,,,,,,,,,,,,,
Michigan_MPART_Surface_Water,Manistique River | 38-MR-0171,Surface Water,46.08654,-86.06021,2021,11/1/2021,,EPA 537.1,,,ng/L,,,,,0.00,,,0.35,0.00,,0.00,,,,,,,,,0.00,0.00,,,,,,,,,,,,,,,,,,,,,,,,,,,0.00,,,,,,
Michigan_MPART_Surface_Water,Halfway Creek | 20-HWC-0035,Surface Water,46.29490811,-87.41034857,2021,7/8/2021,,EPA 537.1,,,ng/L,,,,,,,,,,,,,,,,,,,,,,,,,,,,,,,,,,,,,,,,,,,,,,,,,,,,,,
Michigan_MPART_Surface_Water,E. Br. Escanaba River | 20-EESC-0020,Surface Water,46.27885,-87.4361,2020,11/7/2020,,EPA 537.1,,,ng/L,,,,,,,,,,,,,,,,,,,,,,2.33,,,,,,,,,,,,,,,,,,,,,,,,,,,,,,,,
Michigan_MPART_Surface_Water,Torch Lake | 28-TL-0010,Surface Water,47.17125632,-88.42791361,2021,7/10/2021,,EPA 537.1,,,ng/L,1.15,,,,,,,,,,,,,,,,,,,,,1.45,,,,,,,,,,,,,,,,,,,,,,,,,,,,,,,,
Michigan_MPART_Surface_Water,Keweenaw Waterway | 28-KW-0050,Surface Water,47.10575828,-88.5121105,2021,7/10/2021,,EPA 537.1,,,ng/L,,,,,,,,,,,,,,,,,,,,,,,,,,,,,,,,,,,,,,,,,,,,,,,,,,,,,,
Michigan_MPART_Surface_Water,Tacoosh River | 56-TR-0100,Surface Water,45.9781,-87.0691,2022,5/23/2022,,EPA 537.1,,,ng/L,0.76,,,0.00,0.00,,0.58,0.62,0.00,,0.00,,,,,,,,,0.00,0.72,,,,,,,,,,,,,,,,,,,0.00,,,,,,,,0.00,0.00,,,,,
Michigan_MPART_Surface_Water,Begunn Creek | 28-BG-0011,Surface Water,47.2472,-88.5155,2022,11/8/2022,,EPA 537.1,,,ng/L,,,,0.90,0.53,0.73,,1.40,0.00,,0.00,,,,,,,,,0.00,,,,,,,,,,,,,,,,,,2.40,,0.00,,,,,,,,0.00,0.00,,,,,
Michigan_MPART_Surface_Water,West Branch Firesteel River | 28-WFS-0031,Surface Water,46.79083,-89.02655,2019,11/5/2019,,EPA 537.1,,,ng/L,,,,0.00,0.00,0.25,,0.00,0.00,,,,,,,,,,,0.00,0.00,1.10,,,,,,,,,,,,,,,,,,0.00,0.00,,,0.00,1.20,,0.55,,,,,,,
Michigan_MPART_Surface_Water,Stager Creek | 12-STC-0051,Surface Water,45.98972,-88.3472,2022,5/18/2022,,EPA 537.1,,,ng/L,,,,0.00,0.28,,,0.00,0.00,,0.00,,,,,,,,,0.00,0.00,,,,,,,,,,,,,,,,,,,0.00,,,,,,,,0.00,0.00,,,,,
Michigan_MPART_Surface_Water,Otter River | 55-OR-0030,Surface Water,46.89422315,-88.58943583,2021,7/9/2021,,EPA 537.1,,,ng/L,,,,,,,,,,,,,,,,,,,,,,,,,,,,,,,,,,,,,,,,,,,,,,,,,,,,,,
Michigan_MPART_Surface_Water,Lindsey Creek | 20-LDC-0010,Surface Water,46.11383,-87.39804,2020,11/3/2020,,EPA 537.1,,,ng/L,,,,0.00,0.00,,,0.35,0.00,,0.00,,,,,,,,,0.00,0.30,2.40,,,,,,,,,,,,,,,,,,0.00,,,,,,,,0.00,0.00,,,,,
Michigan_MPART_Surface_Water,Deer Lake | 18-DL-0010,Surface Water,46.53257689,-87.69549337,2021,7/9/2021,,EPA 537.1,,,ng/L,,,,,,,1.59,,,,,,,,,,,,,,,2.64,,,,,,,,,,,,,,,,,,,,,,,,,,,,,,,,
Michigan_MPART_Surface_Water,Little W B Escanaba River | 20-LWESC-0011,Surface Water,46.1154,-87.4006,2022,5/23/2022,,EPA 537.1,,,ng/L,0.57,,,0.00,0.00,,,0.32,0.00,,0.00,,,,,,,,,0.00,0.27,,,,,,,,,,,,,,,,,,,,,,,,,,,0.00,,,,,,
Michigan_MPART_Surface_Water,South Branch Paint River | 12-SBPR-0081,Surface Water,46.22591,-88.86916,2021,11/2/2021,,EPA 537.1,,,ng/L,,,,0.00,0.00,,,0.00,0.00,,0.00,,,,,,,,,0.00,0.00,,,,,,,,,,,,,,,,,,,0.00,,,,,,,,0.00,0.00,,,,,
Michigan_MPART_Surface_Water,Gratiot River | 33-GR-0010,Surface Water,47.34328614,-88.45186135,2021,7/10/2021,,EPA 537.1,,,ng/L,,,,,,,,,,,,,,,,,,,,,,,,,,,,,,,,,,,,,,,,,,,,,,,,,,,,,,
Michigan_MPART_Surface_Water,Ten Mile Creek | 15-TMC-0199,Surface Water,45.8718,-87.4681,2020,7/15/2020,,EPA 537.1,,,ng/L,0.89,0.95,,0.00,0.31,0.41,0.68,0.79,0.00,,,,,,,,,,0.81,0.00,0.53,,,,,,,,,,,,,,,,,,,0.00,0.26,,,0.00,,,0.69,0.00,0.00,,0.00,,,
Michigan_MPART_Surface_Water,Dexter Creek | 56-DXC-0030,Surface Water,46.220344,-86.928539,2020,11/3/2020,,EPA 537.1,,,ng/L,,,,0.00,0.00,,,0.29,0.00,,0.00,,,,,,,,,0.00,1.20,,,,,,,,,,,,,,,,,,,0.00,,,,,,,,0.00,0.00,,,,,
Michigan_MPART_Surface_Water,Biscuit Creek | 13-BC-0050,Surface Water,46.21148,-84.75838,2022,7/25/2022,,EPA 537.1,,,ng/L,0.51,0.80,,0.29,0.25,0.54,0.55,0.24,0.18,1.40,0.23,2.40,0.43,,,,,,0.46,0.28,0.19,2.30,,,,,,,,,,1.00,,,1.10,,,1.20,,0.30,0.69,,,0.35,1.20,0.52,0.92,0.23,0.30,,0.38,,,
Michigan_MPART_Surface_Water,Unnamed Trib to Kelsey Creek | 55-UKL1-0010,Surface Water,46.55809168,-88.57435853,2021,7/10/2021,,EPA 537.1,,,ng/L,,,,,,,,,,,,,,,,,,,,,,3.24,,,,,,,,,,,,,,,,,,,,,,,,,,,,,,,,
Michigan_MPART_Surface_Water,Garden Brook | 28-GBU-0015,Surface Water,47.46395,-87.88802,2022,11/8/2022,,EPA 537.1,,,ng/L,,,,0.00,0.00,,,0.26,0.00,,0.00,,,,,,,,,0.00,0.24,,,,,,,,,,,,,,,,,,,0.00,,,,,,,,0.00,0.00,,,,,
Michigan_MPART_Surface_Water,West Branch Firesteel River | 28-WFS-0031,Surface Water,46.79083,-89.02655,2019,9/4/2019,,EPA 537.1,,,ng/L,,,,0.00,0.00,0.20,,0.26,0.00,,,,,,,,,,,0.00,0.00,1.00,,,,,,,,,,,,,,,,,,0.00,0.00,,,0.00,,,0.67,,,,,,,
Michigan_MPART_Surface_Water,Black River | 09-BLK-0040,Surface Water,46.5522,-90.0746,2021,4/25/2021,,EPA 537.1,,,ng/L,,,,0.00,0.31,,,0.35,0.00,,0.00,,,,,,,,,0.00,0.00,,,,,,,,,,,,,,,,,,,,,,,,,,,0.00,,,,,,
Michigan_MPART_Surface_Water,Warner Creek | 20-WC-0040,Surface Water,46.434112,-87.598905,2020,11/10/2020,,EPA 537.1,,,ng/L,1.81,,,,,,,,,,,,,,,,,,,,,3.34,,,,,,,,,,,,,,,,,,,,,,,,,,,,,,,,
Michigan_MPART_Surface_Water,Tacoosh River | 56-TR-0100,Surface Water,45.9781,-87.0691,2022,7/25/2022,,EPA 537.1,,,ng/L,0.50,0.83,,0.29,0.25,0.54,0.68,0.23,0.18,1.40,0.22,2.30,0.43,,,,,,0.75,0.28,1.70,8.90,,,,,,,,,,1.00,,,1.10,,,1.20,,0.30,0.68,,,0.35,1.20,0.51,0.92,0.22,0.30,,0.37,,,
Michigan_MPART_Surface_Water,Unnamed Trib to the Carp River | 18-UCR1-0040,Surface Water,46.5331844,-87.5618566,2021,10/14/2021,,EPA 537.1,,,ng/L,,,,,,1.73,1.27,1.01,,,,,,,,,,,,,,,,,,,,,,,,,,,,,,,,,,,,,,,,,,,,,,
Michigan_MPART_Surface_Water,Little Cedar River | 40-LCR-0195,Surface Water,45.60568,-87.63508,2022,7/27/2022,,EPA 537.1,,,ng/L,,1.60,,0.00,0.59,,0.90,1.30,0.00,,0.00,,,,,,,,1.50,0.00,0.61,,,,,,,,,,,,,,,,,,,0.00,,,,,,,,0.00,0.00,,,,,
Michigan_MPART_Surface_Water,West Branch Sturgeon River | 40-WSTR-0110,Surface Water,45.9999,-87.9017,2022,9/14/2022,,EPA 537.1,,,ng/L,,,,0.00,0.00,1.70,0.79,0.00,0.00,,0.00,,,,,,,,,0.32,0.00,,,,,,,,,,,,,,,,,,,,,,,,,,,0.00,,,,,,
Michigan_MPART_Surface_Water,Fence River | 41-FR-0031,Surface Water,46.2454,-88.1604,2020,9/8/2020,,EPA 537.1,,,ng/L,,,,0.00,0.30,,,0.56,0.00,,0.00,,,,,,,,0.58,0.00,0.25,3.40,,,,,,,,,,,,,,,,,,0.00,,,,,,,,0.00,0.00,,,,,
Michigan_MPART_Surface_Water,Ontonagon River | 43-ON-0010,Surface Water,46.87293631,-89.32127547,2021,7/9/2021,,EPA 537.1,,,ng/L,,,,,,,,,,,,,,,,,,,,,,1.50,,,,,,,,,,,,,,,,,,,,,,,,,,,,,,,,
Michigan_MPART_Surface_Water,Big Garlic River | 18-BGR-0061,Surface Water,46.6853,-87.7006,2022,5/23/2022,,EPA 537.1,,,ng/L,,,,0.00,0.00,,,0.00,0.00,,0.00,,,,,,,,,0.00,0.00,,,,,,,,,,,,,,,,,,,0.00,,,,,,,,0.00,0.00,,,,,
Michigan_MPART_Surface_Water,Schweinger Creek | 13-SWC-0010,Surface Water,46.1795,-85.0519,2020,9/7/2020,,EPA 537.1,,,ng/L,0.72,1.30,,0.00,0.62,,0.86,1.00,0.00,,0.00,,,,,,,,0.68,0.00,0.32,,,,,,,,,,,,,,,,,,,0.00,,,,,,,,0.00,0.00,,,,,
Michigan_MPART_Surface_Water,Halfway Creek | 20-HWC-0040,Surface Water,46.298084,-87.401638,2021,7/8/2021,,EPA 537.1,,,ng/L,,,,,,,,,,,,,,,,,,,,,,,,,,,,,,,,,,,,,,,,,,,,,,,,,,,,,,
Michigan_MPART_Surface_Water,Stutts Creek | 38-STC-0061,Surface Water,46.15759,-86.277772,2021,5/17/2021,,EPA 537.1,,,ng/L,,,,0.27,0.00,,0.52,0.33,0.00,,0.00,,,,,,,,,0.00,0.00,,,,,,,,,,,,,,,,,,,0.00,,,,,,,,0.00,0.00,,,,,
Michigan_MPART_Surface_Water,Montgomery Creek | 43-MC-0010,Surface Water,46.491,-89.5294,2020,9/21/2020,,EPA 537.1,,,ng/L,1.00,,,0.00,1.10,,1.10,,0.00,,0.00,,,,,,,,,0.00,0.59,,,,,,,,,,,,,,,,,,,0.00,,,,0.00,,,,0.00,0.00,,,,,
Michigan_MPART_Surface_Water,Sturgeon River | 21-SR-0080,Surface Water,45.90941,-86.70229,2019,9/3/2019,,EPA 537.1,,,ng/L,,,,0.00,0.27,0.25,,0.33,0.00,,,,,,,,,,,0.00,0.00,1.50,,,,,,,,,,,,,,,,,,0.00,0.00,,,0.00,,,0.74,,,,,,,
Michigan_MPART_Surface_Water,Munuscong River | 54-MR-0099,Surface Water,46.13614,-84.40439,2021,7/12/2021,,EPA 537.1,,,ng/L,,,,0.00,0.00,0.48,,0.26,0.00,,0.00,,,,,,,,,0.00,0.00,,,,,,,,,,,,,,,,,,,0.00,,,,,,,,0.00,0.00,,,,,
Michigan_MPART_Surface_Water,Little Presque Isle River | 09-LPIR-0060,Surface Water,46.4187,-89.7837,2022,11/29/2022,,EPA 537.1,,,ng/L,,,,0.00,0.00,,,0.00,0.00,,0.00,,,,,,,,,0.00,0.00,,,,,,,,,,,,,,,,,,,0.00,,,,0.00,,,,0.00,0.00,,,,,
Michigan_MPART_Surface_Water,Big Brook | 15-BB-0110,Surface Water,45.43502,-87.53312,2022,11/9/2022,,EPA 537.1,,,ng/L,,,,0.00,0.00,,1.40,0.42,0.00,,0.00,,,,,,,,1.30,0.00,0.32,2.10,,,,,,,,,,,,,,,,,,0.00,,,,0.00,,,,0.00,0.00,,,,,
Michigan_MPART_Surface_Water,Little Gratiot River | 28-LGR-0010,Surface Water,47.37579765,-88.03633726,2021,7/10/2021,,EPA 537.1,,,ng/L,,,,,,,,,,,,,,,,,,,,,,1.96,,,,,,,,,,,,,,,,,,,,,,,,,,,,,,,,
Michigan_MPART_Surface_Water,West Branch Sturgeon River | 40-WSTR-0110,Surface Water,45.9999,-87.9017,2022,11/9/2022,,EPA 537.1,,,ng/L,,,,0.00,0.00,0.58,0.52,0.50,0.00,,0.00,,,,,,,,0.56,0.00,0.68,2.80,,,,,,,,,,,,,,,,,,0.00,,,,0.00,,,,0.00,0.00,,,,,
Michigan_MPART_Surface_Water,Begunn Creek | 28-BG-0011,Surface Water,47.2472,-88.5155,2022,5/16/2022,,EPA 537.1,,,ng/L,,,,1.00,0.51,0.69,,,0.00,,0.00,,,,,,,,,0.00,,,,,,,,,,,,,,,,,,1.50,,0.00,,,,,,,,0.00,0.00,,,,,
Michigan_MPART_Surface_Water,Little Cedar River | 40-LCR-0195,Surface Water,45.60568,-87.63508,2022,5/18/2022,,EPA 537.1,,,ng/L,0.74,0.84,,0.00,0.34,,0.74,0.82,0.00,,0.00,,,,,,,,,0.00,0.64,,,,,,,,,,,,,,,,,,,,,,,,,,,0.00,,,,,,
Michigan_MPART_Surface_Water,Stager Creek | 12-STC-0051,Surface Water,45.98972,-88.3472,2022,11/9/2022,,EPA 537.1,,,ng/L,,,,0.00,0.00,,,0.32,0.00,,0.00,,,,,,,,,0.00,0.36,,,,,,,,,,,,,,,,,,,0.00,,,,0.00,,,,0.00,0.00,,,,,
Michigan_MPART_Surface_Water,Sturgeon River | 55-STR-0010,Surface Water,47.01768134,-88.50596742,2021,7/9/2021,,EPA 537.1,,,ng/L,,,,,,,,,,,,,,,,,,,,,,1.38,,,,,,,,,,,,,,,,,,,,,,,,,,,,,,,,
Michigan_MPART_Surface_Water,Little Cedar River | 40-LCR-0195,Surface Water,45.60568,-87.63508,2022,9/14/2022,,EPA 537.1,,,ng/L,,,,0.00,0.00,0.62,1.10,,0.00,,0.00,,,,,,,,,0.00,0.78,,,,,,,,,,,,,,,,,,,,,,,,,,,0.00,,,,,,
Michigan_MPART_Surface_Water,Little Fishdam River | 21-LFD-0019,Surface Water,45.90441,-86.55811,2019,7/17/2019,,EPA 537.1,,,ng/L,0.99,1.50,,0.00,0.48,1.50,1.10,0.75,0.00,,,,,,,,,,0.93,0.00,0.35,,,,,,,,,,,,,,,,,,,0.00,0.00,,,0.00,,,,,,,,,,
Michigan_MPART_Surface_Water,Unnamed Trib to Cedar Creek | 43-UCC1-0009,Surface Water,46.544412,-89.292584,2021,5/3/2021,,EPA 537.1,,,ng/L,,,,0.30,0.00,,,0.56,0.00,,0.00,,,,,,,,,0.00,0.33,,,,,,,,,,,,,,,,,,,0.00,,,,,,,,0.00,0.00,,,,,
Michigan_MPART_Surface_Water,Bart Creek | 55-BC-0005,Surface Water,46.89558,-88.67725,2022,11/8/2022,,EPA 537.1,,,ng/L,,,,0.00,0.00,,,0.00,0.00,,0.00,,,,,,,,,0.00,0.00,,,,,,,,,,,,,,,,,,,0.00,,,,0.00,,,,0.00,0.00,,,,,
Michigan_MPART_Surface_Water,Trib to W B Firesteel River | 28-UWFS1-0020,Surface Water,46.7853,-89.0336,2022,5/17/2022,,EPA 537.1,,,ng/L,,,,0.00,0.00,,,0.00,0.00,,0.00,,,,,,,,,0.00,0.00,2.30,,,,,,,,,,,,,,,,,,0.00,,,,,,,1.10,0.00,0.00,,,,,
Michigan_MPART_Surface_Water,Halfway Creek | 20-HWC-0050,Surface Water,46.30881448,-87.39664659,2021,7/9/2021,,EPA 537.1,,,ng/L,,,,,,,,,,,,,,,,,,,,,,,,,,,,,,,,,,,,,,,,,,,,,,,,,,,,,,
Michigan_MPART_Surface_Water,Halfway Creek | 20-HWC-0030,Surface Water,46.28929056,-87.41717412,2021,7/8/2021,,EPA 537.1,,,ng/L,,,,,,,,,,,,,,,,,,,,,,,,,,,,,,,,,,,,,,,,,,,,,,,,,,,,,,
Michigan_MPART_Surface_Water,Dexter Creek | 56-DXC-0030,Surface Water,46.220344,-86.928539,2020,9/29/2020,,EPA 537.1,,,ng/L,0.67,1.10,,0.00,0.31,,0.98,0.97,0.00,,0.00,,,,,,,,1.50,0.00,,,,,,,,,,,,,,,,,,,,0.00,,,,,,,1.50,0.00,0.00,,,,,
Michigan_MPART_Surface_Water,Falls River | 18-FR-0020,Surface Water,46.75198151,-88.45257275,2021,7/9/2021,,EPA 537.1,,,ng/L,,,,,,,,,,,,,,,,,,,,,,,,,,,,,,,,,,,,,,,,,,,,,,,,,,,,,,
Michigan_MPART_Surface_Water,Black River | 09-BLK-0130,Surface Water,46.44981,-90.01707,2019,5/8/2019,,EPA 537.1,,,ng/L,,,,0.00,0.00,0.36,,0.00,0.00,,,,,,,,,,,0.00,0.00,,,,,,,,,,,,,,,,,,,,0.00,,,0.00,,,,,,,,,,
Michigan_MPART_Surface_Water,Little Cedar River | 40-LCR-0195,Surface Water,45.60568,-87.63508,2022,11/9/2022,,EPA 537.1,,,ng/L,,0.72,,0.00,0.00,,0.65,0.72,0.00,,0.00,,,,,,,,0.51,0.00,0.53,,,,,,,,,,,,,,,,,,,0.00,,,,,,,,0.00,0.00,,,,,
Michigan_MPART_Surface_Water,Ten Mile Creek | 15-TMC-0199,Surface Water,45.8718,-87.4681,2020,7/15/2020,,EPA 537.1,,,ng/L,0.76,0.92,,0.00,0.35,0.47,0.67,0.87,0.00,,,,,,,,,,0.79,0.00,0.63,,,,,,,,,,,,,,,,,,,,0.28,,,0.00,,,0.58,0.00,,,0.00,,,
Michigan_MPART_Surface_Water,Ankodosh Creek | 64-AKC-0010,Surface Water,46.4769,-84.9995,2022,9/6/2022,,EPA 537.1,,,ng/L,,,,0.00,0.00,,,0.00,0.00,,0.00,,,,,,,,,0.00,0.00,,,,,,,,,,,,,,,,,,,0.00,,,,,,,,0.00,0.00,,,,,
Michigan_MPART_Surface_Water,Dukes Lake | 54-DKL-0010,Surface Water,46.2602,-84.4415,2021,4/24/2021,,EPA 537.1,,,ng/L,1.70,,,0.36,0.61,,,1.20,0.00,,0.00,,,,,,,,1.10,0.49,0.49,,,,,,,,,,,,,,,,,,,0.00,,,,,,,,0.00,0.00,,,,,
Michigan_MPART_Surface_Water,Pine Creek | 40-PC-0165,Surface Water,45.93225,-87.97015,2020,9/8/2020,,EPA 537.1,,,ng/L,0.56,0.99,,0.00,0.46,,0.63,0.78,0.00,,0.00,,,,,,,,0.66,0.00,0.35,,,,,,,,,,,,,,,,,,,,,,,,,,,0.00,,,,,,
Michigan_MPART_Surface_Water,Bart Creek | 55-BC-0005,Surface Water,46.89558,-88.67725,2022,5/16/2022,,EPA 537.1,,,ng/L,,,,0.00,0.00,,,0.00,0.00,,0.00,,,,,,,,,0.00,0.00,,,,,,,,,,,,,,,,,,,0.00,,,,,,,,0.00,0.00,,,,,
Michigan_MPART_Surface_Water,Halfway Creek | 20-HWC-0045,Surface Water,46.305159,-87.39513,2021,7/8/2021,,EPA 537.1,,,ng/L,,,,,,,,,,,,,,,,,,,,,,,,,,,,,,,,,,,,,,,,,,,,,,,,,,,,,,
Michigan_MPART_Surface_Water,West Branch Firesteel River | 28-WFS-0031,Surface Water,46.79083,-89.02655,2019,5/8/2019,,EPA 537.1,,,ng/L,,,,0.00,0.00,0.00,,0.31,0.00,,,,,,,,,,,0.00,0.00,1.50,,,,,,,,,,,,,,,,,,,0.00,,,0.00,,,,,,,,,,
Michigan_MPART_Surface_Water,West Branch Duck Creek | 09-WDC-0050,Surface Water,46.736333,-89.500703,2021,9/14/2021,,EPA 537.1,,,ng/L,,,,0.00,0.00,,,0.00,0.00,,0.00,,,,,,,,,0.00,0.00,,,,,,,,,,,,,,,,,,,0.00,,,,,,,,0.00,0.00,,,,,
Michigan_MPART_Surface_Water,Ten Mile Creek | 15-TMC-0199,Surface Water,45.8718,-87.4681,2020,5/25/2020,,EPA 537.1,,,ng/L,0.87,0.93,,0.00,0.00,0.42,,0.57,0.00,,,,,,,,,,0.68,0.00,0.34,,,,,,,,,,,,,,,,,,,0.00,0.00,,,0.00,,,1.40,0.00,0.00,,0.00,,,
Michigan_MPART_Surface_Water,Hammel Creek | 28-HC-0030,Surface Water,47.21465785,-88.43583329,2021,7/10/2021,,EPA 537.1,,,ng/L,,,,,,,,,,,,,,,,,,,,,2.55,1.48,,,,,,,,,,,,,,,,,,,,,,,,,,,,,,,,
Michigan_MPART_Surface_Water,Alder Brook | 15-AB-0011,Surface Water,45.6898,-87.5409,2020,11/1/2020,,EPA 537.1,,,ng/L,0.58,,,0.00,0.00,,,0.30,0.00,,0.00,,,,,,,,,0.00,0.40,2.80,,,,,,,,,,,,,,,,,,0.00,,,,,,,,0.00,0.00,,,,,
Michigan_MPART_Surface_Water,Ankodosh Creek | 64-AKC-0010,Surface Water,46.4769,-84.9995,2022,7/25/2022,,EPA 537.1,,,ng/L,0.50,0.79,,0.29,0.25,0.53,0.54,0.23,0.18,1.40,0.22,2.30,0.43,,,,,,0.46,0.28,0.19,2.20,,,,,,,,,,1.00,,,1.10,,,1.20,,0.30,0.68,,,0.35,1.20,0.51,0.92,0.22,0.30,,0.37,,,
Michigan_MPART_Surface_Water,South Branch Paint River | 12-SBPR-0081,Surface Water,46.22591,-88.86916,2021,5/3/2021,,EPA 537.1,,,ng/L,,,,,0.00,,,0.00,0.00,,0.00,,,,,,,,,0.00,0.00,,,,,,,,,,,,,,,,,,,,,,,,,,,0.00,,,,,,
Michigan_MPART_Surface_Water,Slaughterhouse Creek | 28-SLC-0010,Surface Water,47.25940889,-88.43709815,2021,7/10/2021,,EPA 537.1,,,ng/L,,2.02,,,,,,,,,,,,,,,,,1.66,,,3.65,,,,,,,,,,,,,,,,,,,,,,,,,,,,,,,,
Michigan_MPART_Surface_Water,Slate River | 18-SR-0031,Surface Water,46.78757,-88.23989,2021,9/21/2021,,EPA 537.1,,,ng/L,0.64,,,0.00,0.00,,,0.00,0.00,,0.00,,,,,,,,,0.00,0.00,,,,,,,,,,,,,,,,,,,0.00,,,,,,,,0.00,0.00,,,,,
Michigan_MPART_Surface_Water,Manistique River | 38-MR-0171,Surface Water,46.08654,-86.06021,2021,9/13/2021,,EPA 537.1,,,ng/L,,,,0.00,0.00,,,0.00,0.00,,0.00,,,,,,,,,0.00,0.00,,,,,,,,,,,,,,,,,,,,,,,,,,,0.00,,,,,,
Michigan_MPART_Surface_Water,Trib to W B Firesteel River | 28-UWFS1-0020,Surface Water,46.7853,-89.0336,2022,11/29/2022,,EPA 537.1,,,ng/L,,,,0.00,0.00,,,0.00,0.00,,0.00,,,,,,,,,0.00,0.00,,,,,,,,,,,,,,,,,,,0.00,,,,0.00,,,,0.00,0.00,,,,,
Michigan_MPART_Surface_Water,Yellow Dog River | 18-YDR-0081,Surface Water,46.727474,-87.872797,2022,11/1/2022,,EPA 537.1,,,ng/L,,,,0.00,0.00,,,0.00,0.00,,0.00,,,,,,,,0.47,0.00,0.00,,,,,,,,,,,,,,,,,,,,,,,,,,,0.00,,,,,,
Michigan_MPART_Surface_Water,Hamilton Creek | 40-HC-0100,Surface Water,45.7661,-87.70846,2021,9/7/2021,,EPA 537.1,,,ng/L,0.52,0.87,,0.00,0.00,,0.66,0.39,0.00,,0.00,,,,,,,,,0.00,0.75,,,,,,,,,,,,,,,,,,,0.00,,,,,,,,0.00,0.00,,,,,
Michigan_MPART_Surface_Water,Alder Brook | 15-AB-0011,Surface Water,45.6898,-87.5409,2020,9/8/2020,,EPA 537.1,,,ng/L,0.59,1.00,,0.00,0.33,,0.83,0.83,0.00,,0.00,,,,,,,,0.76,0.00,0.73,,,,,,,,,,,,,,,,,,,0.00,,,,,,,,0.00,0.00,,,,,
Michigan_MPART_Surface_Water,Escanaba River | 20-ESC-0080,Surface Water,45.84065,-87.089,2020,11/7/2020,,EPA 537.1,,,ng/L,,,,,,,,,,,,,,,,,,,,,,2.62,,,,,,,,,,,,,,,,,,,,,,,,,,,,,,,,
Michigan_MPART_Surface_Water,Keweenaw Waterway | 28-KW-0040,Surface Water,47.12179824,-88.55029218,2021,7/10/2021,,EPA 537.1,,,ng/L,,,,,,,,,,,,,,,,,,,,,,,,,,,,,,,,,,,,,,,,,,,,,,,,,,,,,,
Michigan_MPART_Surface_Water,Muskegon River | 42-MR-0200,Surface Water,43.934235,-85.188561,2022,6/22/2022,,EPA 8327,,,ng/L,,1.60,,,1.20,,0.80,1.40,,,,,,,,,,,1.90,,0.50,3.10,,,,,,,,,,,,,,,,,,,1.20,,,,,0.40,,,,,,,,
Michigan_MPART_Surface_Water,Muskegon River | 42-MR-0190,Surface Water,43.894983,-85.259645,2022,6/22/2022,,EPA 8327,,,ng/L,,1.60,,,0.80,,0.80,1.60,,,,,,,,,,,1.50,,0.70,2.70,,,,,,,,,,,,,,,,,,,,,,,,0.50,,,,,,,,
Michigan_MPART_Surface_Water,Ryerson Creek | 42-RYC-0040,Surface Water,43.240767,-86.233939,2022,6/22/2022,,EPA 8327,,,ng/L,,,0.90,,,,,1.80,,,,,,,,,,,,,,,,,,,,,,,,,,,,,,,,0.50,,,0.80,,,,,,,,,,,
Michigan_MPART_Surface_Water,Fourmile Creek | 42-FMC-0020,Surface Water,43.24725,-86.224205,2022,6/22/2022,,EPA 8327,,,ng/L,,,1.50,,,,,1.50,0.80,,,,,,,,,,,,,,,,,,,,,,,,,,,,,,,0.60,,,,,,,,,,,,,,
Michigan_MPART_Surface_Water,Lake Cadillac | 42-LC-0010,Surface Water,44.249077,-85.402296,2022,6/23/2022,,EPA 8327,,,ng/L,1.00,,0.80,,1.50,,1.40,1.60,,,,,,,,,,,,,1.00,,,,,,,,,,,,,,,,,,,,,,,,,,,,,,,,,
Michigan_MPART_Surface_Water,Pond by Muskegon River | 42-PMR-0010,Surface Water,43.2653,-86.245557,2022,6/22/2022,,EPA 8327,,,ng/L,,,,,1.10,,,1.60,,,,,,,,,,,,,,,,,,,,,,,,,,,,,,,,,0.90,,,,0.70,,,,,,,,,
Michigan_MPART_Surface_Water,Stick Creek | 42-STK-0010,Surface Water,44.240197,-85.215151,2022,6/23/2022,,EPA 8327,,,ng/L,,,,,,,,0.60,,,,,,,,,,,0.90,,0.40,1.30,,,,,,,,,,,,,,,,,,,,,,,,0.40,,,,,,,,
Michigan_MPART_Surface_Water,White Fish Lake | 42-WFL-0010,Surface Water,43.321636,-85.537258,2022,6/22/2022,,EPA 8327,,,ng/L,,,,,,,0.90,0.80,,,,,,,,,,,,,0.80,2.70,,,,,,,,,,,,,,,,,,,0.90,,,,,0.50,,,,,,,,
Michigan_MPART_Surface_Water,Ryerson Creek | 42-RYC-0040,Surface Water,43.240767,-86.233939,2022,6/22/2022,,EPA 8327,,,ng/L,,,1.00,,,,,1.50,,,,,,,,,,,,,,,,,,,,,,,,,,,,,,,,,1.10,,0.80,,,,,,,,,,,
Michigan_MPART_Surface_Water,Muskegon River | 42-MR-0020,Surface Water,43.255261,-86.220064,2022,6/22/2022,,EPA 8327,,,ng/L,,,,,,0.80,1.40,1.50,,,,,,,,,,,,,1.40,,,,,,,,,,,,,,,,,,,,,,,,,0.50,,,,,,,,
Michigan_MPART_Surface_Water,Bass Lake | 42-BSL-0010,Surface Water,43.351512,-85.521535,2022,6/22/2022,,EPA 8327,,,ng/L,1.10,,1.10,,1.40,,,,,,,,,,,,,,,,0.80,,,,,,,,,,,,,,,,,,,,,,,,,0.50,,,,,,,,
Michigan_MPART_Surface_Water,Butterfield Creek | 42-BTC-0010,Surface Water,44.263024,-84.896625,2022,6/23/2022,,EPA 8327,,,ng/L,,1.50,,,0.90,,0.80,1.10,,,,,,,,,,,,,0.50,,,,,,,,,,,,,,,,,,,,3.90,,,,2.20,0.40,,,,,,,,
Michigan_MPART_Surface_Water,Houghton Lake | 42-HL-0020,Surface Water,44.343702,-84.791378,2022,6/23/2022,,EPA 8327,,,ng/L,1.30,1.80,,,1.30,,1.20,1.40,,,,,,,,,,,,,0.70,,,,,,,,,,,,,,,,,,,,0.90,,,,0.80,,,,,,,,,
Michigan_MPART_Surface_Water,Marks Creek | 42-MRK-0010,Surface Water,44.236821,-85.184807,2022,6/23/2022,,EPA 8327,,,ng/L,,1.30,,,0.60,,0.80,0.60,,,,,,,,,,,,,,3.90,,,,,,,,,,,,,,,,,,,0.90,,,,,,,,,,,,,
Michigan_MPART_Surface_Water,Hay Marsh | 42-HM-0010,Surface Water,43.760786,-85.381129,2022,6/22/2022,,EPA 8327,,,ng/L,0.90,,,,1.10,,1.10,1.80,,,,,,,,,,,,,0.60,,,,,,,,,,,,,,,,,,,,0.90,,,,0.80,0.60,,,,,,,,
Michigan_MPART_Surface_Water,Little Bear Creek | 42-LBC-0010,Surface Water,43.278116,-86.244414,2022,6/22/2022,,EPA 8327,,,ng/L,0.80,1.30,,,,1.30,1.00,0.60,,,,,,,,,,,1.50,,0.80,1.70,,,,,,,,,,,,,,,,,,,,,,,0.60,0.80,,,,,,,,
Michigan_MPART_Surface_Water,Ruddiman Lagoon | 42-RDC-0020,Surface Water,43.218078,-86.284485,2022,6/22/2022,,EPA 8327,,,ng/L,,,0.80,,,,,,,,,,,,,,,,,,,,,,,,,,,,,,,,,,,,,,0.90,,,,0.70,,,,,,,,,
Michigan_MPART_Surface_Water,Muskegon River | 42-MR-0110,Surface Water,43.434521,-85.665946,2022,6/22/2022,,EPA 8327,,,ng/L,,,,,,,0.70,0.60,,,,,,,,,,,,,0.60,3.60,,,,,,,,,,,,,,,,,,,1.10,,,,,,,,,,,,,
Michigan_MPART_Surface_Water,Muskegon River | 42-MR-0160,Surface Water,43.708736,-85.481499,2022,6/22/2022,,EPA 8327,,,ng/L,,1.80,,,,,,0.90,,,,,,,,,,,1.50,,0.60,2.60,,,,,,,,,,,,,,,,,,,,,,,,,,,,,,,,
Michigan_MPART_Surface_Water,Muskegon River | 42-MR-0100,Surface Water,43.41504,-85.811358,2022,6/23/2022,,EPA 8327,,,ng/L,,1.80,,,0.90,,0.70,1.40,,,,,,,,,,,,,0.70,2.80,,,,,,,,,,,,,,,,,,,0.90,,,,,0.50,,,,,,,,
Michigan_MPART_Surface_Water,Bear Lake | 42-BL-0030,Surface Water,43.259278,-86.272178,2022,6/22/2022,,EPA 8327,,,ng/L,,1.80,,,,,1.70,0.90,,,,,,,,,,,,,1.90,,,,,,,,,,,,,,,,,,,,3.80,,,,,,,,,,,,,
Michigan_MPART_Surface_Water,Muskegon River | 42-MR-0100,Surface Water,43.41504,-85.811358,2022,6/22/2022,,EPA 8327,,,ng/L,,1.20,,,0.70,,0.60,1.10,,,,,,,,,,,,,0.80,3.20,,,,,,,,,,,,,,,,,,,0.90,,,,,,,,,,,,,
Michigan_MPART_Surface_Water,Little Muskegon River | 42-LMR-0090,Surface Water,43.485819,-85.445636,2022,6/23/2022,,EPA 8327,,,ng/L,0.70,1.80,,,0.80,,0.60,0.90,,,,,,,,,,,1.60,,0.70,2.20,,,,,,,,,,,,,,,,,,,1.10,,,,0.70,,,,,,,,,
Michigan_MPART_Surface_Water,Muskegon River | 42-MR-0040,Surface Water,43.268766,-86.150372,2022,6/22/2022,,EPA 8327,,,ng/L,1.40,,,,,0.70,,1.30,,,,,,,,,,,,,1.30,3.80,,,,,,,,,,,,,,,,,,,,,,,,,,,,,,,,
Michigan_MPART_Surface_Water,Muskegon River | 42-MR-0220,Surface Water,44.037473,-85.033357,2022,6/22/2022,,EPA 8327,,,ng/L,,1.60,,,0.80,,0.60,1.30,,,,,,,,,,,1.80,,0.50,3.10,,,,,,,,,,,,,,,,,,,0.90,,,,0.80,,,,,,,,,
Michigan_MPART_Surface_Water,Green Creek | 42-GC-0010,Surface Water,43.249509,-86.312306,2022,6/22/2022,,EPA 8327,,,ng/L,,1.50,,,,1.00,1.60,1.00,,,,,,,,,,,,,1.80,3.20,,,,,,,,,,,,,,,,,,,,,,,,,,,,,,,,
Michigan_MPART_Surface_Water,Fourmile Creek | 42-FMC-0010,Surface Water,43.251799,-86.235065,2022,6/22/2022,,EPA 8327,,,ng/L,1.10,1.70,,,,0.70,1.40,1.10,,,,,,,,,,,,,1.20,3.90,,,,,,,,,,,,,,,,,,,,,,,,0.40,,,,,,,,
Michigan_MPART_Surface_Water,Houghton Lake | 42-HL-0030,Surface Water,44.300328,-84.652589,2022,6/23/2022,,EPA 8327,,,ng/L,1.00,,,,1.10,,1.50,1.60,0.80,,,,,,,,,,,,0.80,,,,,,,,,,,,,,,,,,,,0.90,,,,1.00,,,,,,,,,
Michigan_MPART_Surface_Water,Lake No Sho Mo | 42-LNSM-0010,Surface Water,43.89329,-85.514187,2022,6/23/2022,,EPA 8327,,,ng/L,,1.20,,,,,,0.70,,,,,,,,,,,1.00,,0.50,1.20,,,,,,,,,,1.00,,,,,,,,0.50,,,,,,0.40,,,,,,,,
Michigan_MPART_Surface_Water,Spring Creek Lake | 42-SCL-0010,Surface Water,43.267761,-86.086941,2022,6/22/2022,,EPA 8327,,,ng/L,,,,,,1.60,,1.40,,,,,,,,,,,,,1.10,2.30,,,,,,,,,,,,,,,,,,,2.60,,,,,,,,,,,,,
Michigan_MPART_Surface_Water,Muskegon River | 42-MR-0170,Surface Water,43.787477,-85.499327,2022,6/23/2022,,EPA 8327,,,ng/L,,1.20,,,0.80,,0.80,1.50,,,,,,,,,,,1.50,,0.50,2.50,,,,,,,,,,,,,,,,,,,1.40,,,,0.90,,,,,,,,,
Michigan_MPART_Surface_Water,Muskegon River | 42-ML-0020,Surface Water,43.216926,-86.30806,2022,6/22/2022,,EPA 8327,,,ng/L,1.00,,,,0.60,0.60,1.30,1.10,,,,,,,,,,,,,1.00,,,,,,,,,,,,,,,,,,,,0.90,,,,,0.70,,,,,,,,
Michigan_MPART_Surface_Water,Ryans Creek | 42-RNC-0060,Surface Water,43.747824,-85.397989,2022,6/22/2022,,EPA 8327,,,ng/L,,1.30,,,1.20,,0.80,1.60,,,,,,,,,,,,,1.40,,,,,,,,,,,,,,,,,,,,1.50,,,,,0.40,,,,,,,,
Michigan_MPART_Surface_Water,Hersey River | 42-HR-0080,Surface Water,43.867589,-85.490203,2022,6/23/2022,,EPA 8327,,,ng/L,,1.20,,,,,,0.80,,,,,,,,,,,1.30,,0.70,1.30,,,,,,,,,,,,,,,,,,,2.40,,,,,0.40,,,,,,,,
Michigan_MPART_Surface_Water,Fourmile Creek | 42-FMC-0020,Surface Water,43.24725,-86.224205,2022,6/22/2022,,EPA 8327,,,ng/L,,,1.50,,,,,1.30,,,,,,,,,,,,,,3.90,,,,,,,,,,,,,,,,,,,0.90,,,,,0.60,,,,,,,,
Michigan_MPART_Surface_Water,Trib to Mosquito Creek | 42-UNT1-0010,Surface Water,43.26683,-86.067334,2022,6/22/2022,,EPA 8327,,,ng/L,,,,,,,,,0.70,,,,,,,,,,,,,,,,,,,,,,,,,,,,,,,,0.90,,0.50,,,0.40,,,,,,,,
Michigan_MPART_Surface_Water,Clam River | 42-CM-0240,Surface Water,44.266883,-85.261739,2022,6/23/2022,,EPA 8327,,,ng/L,,1.50,,,,,1.70,0.70,,,,,,,,,,,1.70,,,1.90,,,,,,,,,,,,,,,,,,,,,,,0.60,,,,,,,,,
Michigan_MPART_Surface_Water,Wolf Lake | 42-WL-0010,Surface Water,43.25847,-86.109048,2022,6/22/2022,,EPA 8327,,,ng/L,0.80,1.90,,,,1.40,1.40,0.90,,,,,,,,,,,1.80,,,2.50,,,,,,,,,,,,,,,,,,,,,,,,0.50,,,,,,,,
Michigan_MPART_Surface_Water,Mosquito Creek | 42-MC-0030,Surface Water,43.282173,-86.067321,2022,6/22/2022,,EPA 8327,,,ng/L,,,1.50,,1.50,,,,1.00,,,,,,,,,,,,,,,,,,,,,,,,,,,,,,,,,,,,,,,,,,,,,
Michigan_MPART_Surface_Water,Clam River | 42-CM-0040,Surface Water,44.117534,-85.015865,2022,6/22/2022,,EPA 8327,,,ng/L,,1.30,0.80,,0.60,,0.90,0.80,,,,,,,,,,,1.50,,1.00,1.30,,,,,,,,,,,,,,,,,,,0.90,,,,,0.40,,,,,,,,
Michigan_MPART_Surface_Water,Second Lake | 42-SL-0010,Surface Water,43.482822,-85.937375,2022,6/22/2022,,EPA 8327,,,ng/L,,,,,,,0.70,0.80,,,,,,,,,,,,,0.60,3.20,,,,,,,,,,,,,,,,,,,0.90,,,,,,,,,,,,,
Michigan_MPART_Surface_Water,West Clam River | 42-WCM-0010,Surface Water,44.111584,-85.027926,2022,6/22/2022,,EPA 8327,,,ng/L,,1.50,,,0.70,,,0.60,,,,,,,,,,,1.90,,0.00,1.70,,,,,,,,,,1.10,,,,,,,,,0.90,,,,0.80,0.50,,,,,,,,
Michigan_MPART_Surface_Water,W Branch Muskegon River | 42-WMR-0010,Surface Water,44.336151,-84.92187,2022,6/23/2022,,EPA 8327,,,ng/L,,,,,,,,0.30,,,,,,,,,,,1.70,,0.00,1.60,,,,,,,,,,,,,,,,,,,0.90,,,,0.70,0.60,,,,,,,,
Michigan_MPART_Surface_Water,Fremont Lake | 42-FL-0010,Surface Water,43.442128,-85.963686,2022,6/22/2022,,EPA 8327,,,ng/L,1.40,1.40,,,,,1.10,0.80,,,,,,,,,,,,,1.60,3.40,,,,,,,,,,,,,,,,,,,0.90,,,,,0.50,,,,,,,,
Michigan_MPART_Surface_Water,Muskegon River | 42-MR-0210,Surface Water,43.946735,-85.148474,2022,6/22/2022,,EPA 8327,,,ng/L,,1.70,,,0.90,,0.70,1.30,,,,,,,,,,,1.70,,0.60,2.90,,,,,,,,,,,,,,,,,,1.40,0.90,,,,,,,,,,,,,
Michigan_MPART_Surface_Water,Lake Mitchell | 42-LMT-0010,Surface Water,44.237703,-85.456476,2022,6/23/2022,,EPA 8327,,,ng/L,,1.70,,,1.00,,1.10,1.60,,,,,,,,,,,,,0.80,,,,,,,,,,,,,,,,,,,,,,,,,,,,,,,,,
Michigan_MPART_Surface_Water,Higgins Lake | 42-HGL-0010,Surface Water,44.465744,-84.734681,2022,6/23/2022,,EPA 8327,,,ng/L,,,,,0.80,,0.70,1.00,0.90,,,,,,,,,,1.30,,0.40,1.80,,,,,,,,,,,,,,,,,,,0.90,,,,,0.40,,,,,,,,
Michigan_MPART_Surface_Water,Muskegon River | 42-MR-0440,Surface Water,44.335251,-84.889592,2022,6/23/2022,,EPA 8327,,,ng/L,,,,,1.20,,1.00,1.50,,,,,,,,,,,,,0.50,,,,,,,,,,,,,,,,,,,,0.90,,,,,0.50,,,,,,,,
Michigan_MPART_Surface_Water,Muskegon River | 42-MR-0180,Surface Water,43.884007,-85.292026,2022,6/22/2022,,EPA 8327,,,ng/L,,1.40,,,1.00,,0.90,1.50,0.80,,,,,,,,,,1.90,,0.60,2.80,,,,,,,,,,,,,,,,,,,0.90,,,,0.70,0.50,,,,,,,,
Michigan_MPART_Surface_Water,Clam River | 42-CM-0220,Surface Water,44.256147,-85.247932,2022,6/23/2022,,EPA 8327,,,ng/L,,1.60,1.60,,,,1.50,0.50,,,,,,,,,,,1.50,,,1.90,,,,,,,,,,,,,,,,,,,,,,,,,,,,,,,,
Michigan_MPART_Surface_Water,Muskegon River | 42-MR-0150,Surface Water,43.69271,-85.466092,2022,6/22/2022,,EPA 8327,,,ng/L,,1.70,,,0.80,,0.80,1.50,,,,,,,,,,,1.50,,0.70,2.60,,,,,,,,,,0.90,,,,,,,,,0.90,,,,,,,,,,,,,
Michigan_MPART_Surface_Water,Cut River | 42-CR-0010,Surface Water,44.359976,-84.682281,2022,6/23/2022,,EPA 8327,,,ng/L,,1.40,,,0.70,,0.70,0.90,,,,,,,,,,,1.80,,0.40,2.10,,,,,,,,,,,,,,,,,,0.60,1.50,,,,0.90,0.50,,,,,,,,
Michigan_MPART_Surface_Water,Lake Missaukee | 42-LMS-0010,Surface Water,44.31379,-85.23543,2022,6/23/2022,,EPA 8327,,,ng/L,,,0.80,,1.10,,1.00,1.50,,,,,,,,,,,1.80,,0.40,3.90,,,,,,,,,,1.10,,,,,,,,,1.10,,,,,0.70,,,,,,,,
Michigan_MPART_Surface_Water,Trib to Fremont Lake | 42-UTFL-0010,Surface Water,43.459804,-85.959704,2022,6/22/2022,,EPA 8327,,,ng/L,0.90,1.60,,,,,1.10,0.80,0.90,,,,,,,,,,,,1.30,2.90,,,,,,,,,,,,,,,,,,,0.90,,,,,,,,,,,,,
Michigan_MPART_Surface_Water,Muskegon River | 42-MR-0160,Surface Water,43.708736,-85.481499,2022,6/22/2022,,EPA 8327,,,ng/L,,,,,,,0.60,1.20,,,,,,,,,,,1.50,,0.60,2.40,,,,,,,,,,,,,,,,,,,0.90,,,,,,,,,,,,,
Michigan_MPART_Surface_Water,Bear Creek | 42-BC-0050,Surface Water,43.295015,-86.211448,2022,6/22/2022,,EPA 8327,,,ng/L,,1.80,,,,1.80,1.10,0.80,,,,,,,,,,,1.80,,1.90,,,,,,,,,,,,,,,,,,,0.60,,,,,,,,,,,,,,
Michigan_MPART_Surface_Water,Wood Lake | 42-WDL-0010,Surface Water,43.34185,-85.492954,2022,6/22/2022,,EPA 8327,,,ng/L,0.90,,1.10,,0.80,,1.20,1.40,,,,,,,,,,,,,1.80,,,,,,,,,,,,,,,,,,,,0.90,,,,1.20,,,,,,,,,
Michigan_MPART_Surface_Water,Muskegon River | 42-MR-0170,Surface Water,43.787477,-85.499327,2022,6/23/2022,,EPA 8327,,,ng/L,,1.20,,,,,,0.70,,,,,,,,,,,1.30,,0.60,2.30,,,,,,,,,,,,,,,,,,,1.30,,,,0.70,,,,,,,,,
Michigan_MPART_Surface_Water,Fourmile Creek | 42-FMC-0010,Surface Water,43.251799,-86.235065,2022,6/22/2022,,EPA 8327,,,ng/L,1.10,,,,,,1.20,0.80,,,,,,,,,,,1.90,,0.90,3.30,,,,,,,,,,,,,,,,,,,,,,,,0.80,,,,,,,,
Michigan_MPART_Surface_Water,Tamarack Lake | 42-TL-0010,Surface Water,43.448257,-85.26858,2022,6/23/2022,,EPA 8327,,,ng/L,,,1.20,,,,1.30,1.10,,,,,,,,,,,1.70,,1.20,,,,,,,,,,,,,,,,,,,,0.90,,,,,,,,,,,,,
Michigan_MPART_Surface_Water,Ruddiman Creek | 42-RDC-0040,Surface Water,43.210736,-86.276892,2022,6/22/2022,,EPA 8327,,,ng/L,,,0.80,,1.30,,,,0.90,,,,,,,,,,,0.90,,,,,,,,,,,,,,,,,,,,,0.90,,,,,0.50,,,,,,,,
Michigan_MPART_Surface_Water,Muskegon River | 42-ML-0050,Surface Water,43.25028,-86.269014,2022,6/22/2022,,EPA 8327,,,ng/L,1.20,,,,0.80,0.70,1.20,1.10,,,,,,,,,,,,,1.10,3.80,,,,,,,,,,,,,,,,,,,,,,,,,,,,,,,,
Michigan_MPART_Surface_Water,Middle Branch River | 42-MBR-0030,Surface Water,44.044606,-85.124572,2022,6/22/2022,,EPA 8327,,,ng/L,,,,,0.60,,,0.60,,,,,,,,,,,1.40,,0.50,1.20,,,,,,,,,,,,,,,,,,,0.90,,,,,,,,,,,,,
Michigan_MPART_Surface_Water,Clam River | 42-CM-0300,Surface Water,44.267536,-85.395326,2022,6/23/2022,,EPA 8327,,,ng/L,1.90,,,,0.80,,,1.90,,,,,,,,,,,,,,,,,,,,,,,,,,,,,,,,,,,,,,,,,,,,,,
Michigan_MPART_Surface_Water,Hogback Lake | 42-HB-0010,Surface Water,44.023707,-85.42381,2022,6/23/2022,,EPA 8327,,,ng/L,,,,,1.20,,1.00,1.70,,,,,,,,,,,,,0.50,,,,,,,,,,,,,,,,,,,,0.90,,,,,,,,,,,,,
Michigan_MPART_Surface_Water,Clam River | 42-CM-0040,Surface Water,44.117534,-85.015865,2022,6/22/2022,,EPA 8327,,,ng/L,,1.60,0.70,,,,0.80,0.30,,,,,,,,,,,0.80,,0.90,1.10,,,,,,,,,,,,,,,,,,,,,,,,0.60,,,,,,,,
Michigan_MPART_Surface_Water,Clam River | 42-CM-0280,Surface Water,44.281778,-85.382434,2022,6/23/2022,,EPA 8327,,,ng/L,1.40,,,,0.60,,,1.60,,,,,,,,,,,,,,,,,,,,,,,,,,,,,,,,,0.90,,,,,,,,,,,,,
Michigan_MPART_Surface_Water,Tamarack Creek | 42-TC-0210,Surface Water,43.450446,-85.293446,2022,6/23/2022,,EPA 8327,,,ng/L,,,,,,,,0.00,,,,,,,,,,,1.60,,1.00,1.80,,,,,,,,,,,,,,,,,,,,,,,0.60,,,,,,,,,
Michigan_MPART_Surface_Water,Pierson Drain | 45-PD-0010,Surface Water,43.385578,-86.425784,2021,7/22/2021,,EPA 537.1,,,ng/L,,,,,,,,,,,,,,,,,,,,,,,,,,,,,,,,,,,,,,,,,,,,,,,,,,,,,,
Michigan_MPART_Surface_Water,Fumee Creek | 40-FC-0010,Surface Water,45.795382,-87.98571,2023,7/12/2023,,EPA 8327,,,ng/L,,,0.40,,,,,0.00,,,,,,,,,,,,,0.50,1.80,,,,,,,,,,0.00,,,,,,,,,,,,,,,,,,,,,,
Michigan_MPART_Surface_Water,Little Tobacco River | 61-LTOR-0010,Surface Water,43.990779,-84.370576,2023,8/10/2023,,EPA 8327,,,ng/L,0.50,,,,,,,0.00,,,,,,,,,,,0.80,,0.50,3.50,,,,,,,,,,0.00,,,,,,,,,,,,,,,,,,,,,,
Michigan_MPART_Surface_Water,MDNR Rearing Pond | 36-DNR-010,Surface Water,43.082408,-85.599832,2023,9/22/2023,,EPA 8327,,,ng/L,1.50,,,,,,,1.60,,,,,,,,,,,,,,2.60,,,,,,,,,,0.00,,,,,,,,,,,,,,,,,,,,,,
Michigan_MPART_Surface_Water,Pine River | 47-PR-0240,Surface Water,43.349887,-84.691966,2023,9/8/2023,,EPA 8327,,,ng/L,,,,,,,,0.00,,,,,,,,,,,0.90,,0.50,1.90,,,,,,,,,,0.00,,,,,,,,,,,,,,,,,,,,,,
Michigan_MPART_Surface_Water,Snake Creek | 61-SNC-0010,Surface Water,43.622239,-84.257683,2023,8/9/2023,,EPA 8327,,,ng/L,4.30,4.40,2.30,,,3.20,4.00,2.20,,,,,,,,,,,5.60,0.40,13.00,5.80,,,,,,,,,,0.00,,,,,,,,,,,,,,,,,,,,,,
Michigan_MPART_Surface_Water,Sturgeon Creek | 61-STRC-0050,Surface Water,43.656568,-84.268527,2023,8/9/2023,,EPA 8327,,,ng/L,1.30,1.60,0.60,,,,2.00,1.10,,,,,,,,,,,2.90,,2.30,5.20,,,,,,,,,,0.00,,,,,,,,,,,,,,,,,,,,,,
Michigan_MPART_Surface_Water,Crooked Creek | 15-CKC-0070,Surface Water,45.597671,-87.496393,2023,7/13/2023,,EPA 8327,,,ng/L,,,,,,,,0.00,,,,,,,,,,,0.80,,,0.00,,,,,,,,,,0.00,,,,,,,,,,,,,,,,,0.30,,,,,
Michigan_MPART_Surface_Water,Middle Branch Red Cedar River | 62-MRA-0020,Surface Water,42.599306,-84.074525,2023,9/20/2023,,EPA 8327,,,ng/L,,1.20,,,,,,0.00,,,,,,,,,,,1.10,,,1.70,,,,,,,,,,0.00,,,,,,,,,,,,,,,,,,,,,,
Michigan_MPART_Surface_Water,Paint Creek | 17-PC-0115,Surface Water,42.695955,-83.14687,2023,9/5/2023,,EPA 8327,,,ng/L,1.30,1.20,0.40,,,0.80,1.40,0.00,,,,,,,,,,,,,,3.10,,,,,,,,,,0.00,,,,,,,,,,,,,,,,,,,,,,
Michigan_MPART_Surface_Water,Beaubien Creek | 32-BOC-0020,Surface Water,42.673433,-82.587422,2023,9/5/2023,,EPA 8327,,,ng/L,,,0.70,,0.90,,,,,,,,,,,,,,,,,,,,,,,,,,,0.00,,,,,,,,,,,,,,,,,,,,,,
Michigan_MPART_Surface_Water,Spring Creek | 61-SPC-0040,Surface Water,43.692084,-84.727984,2023,8/9/2023,,EPA 8327,,,ng/L,0.80,,,,,2.00,,0.00,,,,,,,,,,,1.20,0.50,0.70,1.70,,,,,,,,,,0.00,,,,,,,,,,,,,,,,,,,,,,
Michigan_MPART_Surface_Water,Middle Branch Tittabawassee Riv | 61-MTBR-0030,Surface Water,44.145942,-84.288511,2023,8/10/2023,,EPA 8327,,,ng/L,,,,,,,,0.00,,,,,,,,,,,,,,0.00,,,,,,,,,,0.00,,,,,,,,,,,,,,,,,,,,,,
Michigan_MPART_Surface_Water,Paint River | 12-PR-0020,Surface Water,45.989983,-88.270565,2023,7/12/2023,,EPA 8327,,,ng/L,,0.90,,,,,,0.90,,,,,,,,,,,,,,2.70,,,,,,,,,,0.00,,,,,,,,,,,,,,,,0.30,,,,,,
Michigan_MPART_Surface_Water,Pine Lake Outlet | 62-PLO-0010,Surface Water,42.724854,-84.442955,2023,9/20/2023,,EPA 8327,,,ng/L,,1.30,,,,,1.00,0.80,,,,,,,,,,,,,1.00,2.40,,,,,,,,,,0.00,,,,,,,,,,,,,,,,,,,,,,
Michigan_MPART_Surface_Water,West Branch Sturgeon River | 40-WSTR-0060,Surface Water,45.995554,-88.058602,2023,7/10/2023,,EPA 8327,,,ng/L,1.30,1.10,1.40,,,,1.50,1.10,,,,,,,,,,,,1.10,1.10,2.00,,,,,,,,,,0.00,,,,,,,,,,,,,,,,,,,,,,
Michigan_MPART_Surface_Water,Sycamore Creek | 62-SM-0030,Surface Water,42.70283,-84.53078,2023,9/20/2023,,EPA 8327,,,ng/L,0.60,1.50,0.40,,,,1.20,0.90,,,,,,,,,,,,,1.80,2.00,,,,,,,,,,0.00,,,,,,,,,,,,,,,,,,,,,,
Michigan_MPART_Surface_Water,Red Cedar River | 62-RA-0010,Surface Water,42.72167,-84.54903,2023,9/20/2023,,EPA 8327,,,ng/L,0.40,1.50,,,,,2.00,0.00,,,,,,,,,,,,,,2.80,,,,,,,,,,0.00,,,,,,,,,,,,,,,,,,,,,,
Michigan_MPART_Surface_Water,Dice Drain | 47-DD-0020,Surface Water,43.607118,-84.32181,2023,9/7/2023,,EPA 8327,,,ng/L,,,1.10,,,,,,,,,,,,,,,,,1.00,,,,,,,,,,,,0.50,,,,,,,,,,,,,,,,,,,,,,
Michigan_MPART_Surface_Water,Unnamed Trib to Cedar River | 15-UTCR2-0010,Surface Water,45.638119,-87.372389,2023,7/13/2023,,EPA 8327,,,ng/L,0.50,,,,,,,0.00,,,,,,,,,,,0.90,,0.60,,,,,,,,,,,0.00,,,,,,,,,,,,,,,,,0.30,,,,,
Michigan_MPART_Surface_Water,Unnamed Drain to Lake St. Clair | 32-ULSC3-0010,Surface Water,42.573442,-82.821157,2023,9/5/2023,,EPA 8327,,,ng/L,,,1.60,,0.90,,,,,,,,,,,,,,,,,,,,,,,,,,,0.00,,,,,,,,,,,,,,,,,,,,,,
Michigan_MPART_Surface_Water,Unamed trib to Tucker Jones Dra | 32-UTTJD2-003,Surface Water,42.605964,-82.850506,2023,9/5/2023,,EPA 8327,,,ng/L,,,,,1.60,,,,,,,1.60,,,,,,,,1.00,,,,,,,,,,,,0.00,,,,,,,,,,,1.60,,,,,,,,,,,
Michigan_MPART_Surface_Water,Carlton Creek | 45-CC-0100,Surface Water,43.496907,-86.328158,2022,5/16/2022,,EPA 8327,,,ng/L,1.00,1.20,,,,0.60,,0.00,,,,,,,,,,,1.00,,0.90,1.60,,,,,,,,,,,,,,,,,,,,,,,,,,,,,,,,
Michigan_MPART_Surface_Water,Menominee River | 40-MR-0120,Surface Water,45.280059,-87.699876,2023,7/13/2023,,EPA 8327,,,ng/L,,,,,,,,0.00,,,,,,,,,,,,,,1.80,,,,,,,,,,0.00,,,,,,,,,,,,,,,,,,,,,,
Michigan_MPART_Surface_Water,Belle River | 51-BLR-0040,Surface Water,42.757213,-82.48953,2023,9/5/2023,,EPA 8327,,,ng/L,1.40,1.70,0.50,,,,1.60,0.90,,,,,,,,,,,,,1.60,,,,,,,,,,,0.00,,,,,,,,,,,,,,,,0.20,,,,,,
Michigan_MPART_Surface_Water,Plaster Creek | 36-PC-0120,Surface Water,42.883258,-85.58129,2022,9/19/2022,,EPA 8327,,,ng/L,,,,,0.70,,,,,,,,,,,,,,,,,,,,,,,,,,,0.00,,,,,,,,,,,,,,,,,,,,,,
Michigan_MPART_Surface_Water,Unamed Trib to Unamed trib to T | 32-UUTTJD2-00,Surface Water,42.620972,-82.855618,2023,9/5/2023,,EPA 8327,,,ng/L,,,,,,1.60,,1.10,,,,,,,,,,,,,,,,,,,,,,,,0.50,,,,,,,,,,,,,,,,0.30,,,,,,
Michigan_MPART_Surface_Water,Wolverine Lake | 24-WOV-0010,Surface Water,42.55421504,-83.49325145,2024,1/22/2024,,EPA 8327,,,ng/L,1.20,,1.80,,,1.10,,1.70,,,,,,,,,,,,,,,,,,,,,,,,0.00,,,,,,,,,,,,,,,,0.30,,,,,,
Michigan_MPART_Surface_Water,Cedar River | 61-CDR-0130,Surface Water,44.043701,-84.626721,2023,8/10/2023,,EPA 8327,,,ng/L,,,,,,,,0.00,,,,,,,,,,,,,,0.00,,,,,,,,,,0.00,,,,,,,,,,,,,,,,0.30,,,,,,
Michigan_MPART_Surface_Water,Swan Creek | 32-SC-0010,Surface Water,42.680429,-82.657938,2023,9/5/2023,,EPA 8327,,,ng/L,1.50,1.70,0.40,,,,1.20,0.00,,,,,,,,,,,,,0.50,2.70,,,,,,,,,,0.00,,,,,,,,,,,,,,,,,,,,,,
Michigan_MPART_Surface_Water,Husted Landenburg Drain | 62-HD-0035,Surface Water,42.786769,-84.725133,2023,5/1/2023,,EPA 8327,,,ng/L,,,,,,1.60,,1.90,,,,1.80,,,,,,,,,1.00,,,,,,,,,,,0.00,,,,,,,,,,,,,,,,,,,,,,
Michigan_MPART_Surface_Water,Waiska River | 54-WR-0010,Surface Water,46.411693,-84.572494,2023,8/30/2023,,EPA 8327,,,ng/L,0.90,,,,,,,0.00,,,,,,,,,,,,,,2.50,,,,,,,,,,0.00,,,,,,,,,,,,,,,,,,,,,,
Michigan_MPART_Surface_Water,Plaster Creek | 36-PC-0040,Surface Water,42.92287324,-85.67992436,2022,10/17/2022,,EPA 8327,,,ng/L,,,,,,,,0.00,,,,,,,,,,,,,,0.00,,,,,,,,,,0.00,,,,,,,,,,,,,,,,,,,,,,
Michigan_MPART_Surface_Water,Chippewa River | 47-CHIP-0140,Surface Water,43.626425,-84.708094,2023,9/7/2023,,EPA 8327,,,ng/L,0.50,0.80,,,,,1.10,0.00,,,,,,,,,,,1.40,,1.30,2.30,,,,,,,,,,0.00,,,,,,,,,,,,,,,,,,,,,,
Michigan_MPART_Surface_Water,Plaster Creek | 36-PC-0030,Surface Water,42.93583,-85.68748,2022,10/17/2022,,EPA 8327,,,ng/L,,,,,,,,0.00,,,,,,,,,,,,,,0.00,,,,,,,,,,0.00,,,,,,,,,,,,,,,,,,,,,,
Michigan_MPART_Surface_Water,South Branch White River | 45-SWR-0100,Surface Water,43.54431,-85.793756,2022,5/16/2022,,EPA 8327,,,ng/L,,,,,,,0.60,0.60,,,,,,,,,,,0.80,,0.40,3.60,,,,,,,,,,,,,,,,,,,,,,,,,,,,,,,,
Michigan_MPART_Surface_Water,Unamed Trib to Unamed trib to T | 32-UUTTJD2-00,Surface Water,42.620972,-82.855618,2023,9/5/2023,,EPA 8327,,,ng/L,,,,,,1.90,,1.20,,,,,,,,,,,,,,,,,,,,,,,,0.00,,,,,,,,,,,,,,,,0.20,,,,,,
Michigan_MPART_Surface_Water,Plaster Creek | 36-PC-0090,Surface Water,42.902274,-85.607414,2022,9/19/2022,,EPA 8327,,,ng/L,,,,1.20,0.80,,,,,,,,,,,,,,,,,,,,,,,,,,,0.40,,,,,,,,,,,,,,,,,,,,,,
Michigan_MPART_Surface_Water,Fortune Lake | 12-FLO-0010,Surface Water,46.09391,-88.415875,2023,7/11/2023,,EPA 8327,,,ng/L,,,,,,,,0.00,,,,,,,,,,,,,,0.00,,,,,,,,,,0.00,,,,,,,,,,,,,,,,0.30,,,,,,
Michigan_MPART_Surface_Water,Salt River | 32-SR-0140,Surface Water,42.764622,-82.765692,2023,9/5/2023,,EPA 8327,,,ng/L,,,1.80,1.40,,1.60,,,,,,,,,,0.90,,,,,,,,,,,,,,,,0.00,,,,,,,,,,,,,,,0.40,0.30,,,,,,
Michigan_MPART_Surface_Water,White Lake | 45-WL-0010,Surface Water,43.38713,-86.378287,2022,5/16/2022,,EPA 8327,,,ng/L,1.10,1.30,,,0.90,,0.80,0.40,,,,,,,,,,,1.70,,0.40,2.10,,,,,,,,,,,,,,,,,,,,,,,,,,,,,,,,
Michigan_MPART_Surface_Water,Sloan Creek | 62-SLC-0010,Surface Water,42.693731,-84.386418,2023,9/20/2023,,EPA 8327,,,ng/L,,0.90,,,,,,0.00,,,,,,,,,,,1.20,,1.50,1.50,,,,,,,,,,0.00,,,,,,,,,,,,,,,,,,,,,,
Michigan_MPART_Surface_Water,Plaster Creek | 36-PC-0030,Surface Water,42.93583,-85.68748,2022,9/19/2022,,EPA 8327,,,ng/L,,,1.90,,,,,,,,,1.90,,,,,,,,,,,,,,,,,,,,0.00,,,,,,,,,,,,,,,,,,,,,,
Michigan_MPART_Surface_Water,Carlton Creek | 45-CC-0110,Surface Water,43.507,-86.341612,2022,5/16/2022,,EPA 8327,,,ng/L,1.40,,,,,,,0.40,,,,,,,,,,,1.10,,0.90,1.60,,,,,,,,,,,,,,,,,,,,,,,,,,,,,,,,
Michigan_MPART_Surface_Water,Meldrum Drain | 32-MDD-0020,Surface Water,42.693618,-82.668011,2023,9/5/2023,,EPA 8327,,,ng/L,,,0.70,,0.80,0.80,,,,,,,,,,,,,,,,,,,,,,,,,,0.00,,,,,,,,,,,,,,,,,,,,,,
Michigan_MPART_Surface_Water,Waldo2 Intercounty Drain | 62-WID-0005,Surface Water,42.768645,-84.727504,2023,5/1/2023,,EPA 8327,,,ng/L,1.40,0.70,,,,,0.90,0.00,,,,,,,,,,,,,1.40,,,,,,,,,,,0.00,,,,,,,,,,,,,,,,,,,,,,
Michigan_MPART_Surface_Water,Cedar River | 61-CDR-0020,Surface Water,43.915771,-84.479013,2023,8/9/2023,,EPA 8327,,,ng/L,,,,,,,,0.80,,,,,,,,,,,0.90,,,0.90,,,,,,,,,,0.00,,,,,,,,,,,,,,,,,,,,,,
Michigan_MPART_Surface_Water,Unnamed tributary to the Chippe | 47-UTCH1-0010,Surface Water,43.619794,-84.708011,2023,9/7/2023,,EPA 8327,,,ng/L,,,,,,,,1.90,,,,,,,,,,,,,,,,,,,,,,,,0.00,,,,,,,,,,,,,,,,,,,,,,
Michigan_MPART_Surface_Water,Lake Winyah | 59-LW-0020,Surface Water,45.109287,-83.540624,2022,10/25/2022,,EPA 8327,,,ng/L,,,,,,,,0.00,,,,,,,,,,,,,,0.00,,,,,,,,,,0.00,,,,,,,,,,,,,,,,,,,,,,
Michigan_MPART_Surface_Water,Chippewa River | 47-CHIP-0280,Surface Water,43.58238,-84.941818,2023,9/7/2023,,EPA 8327,,,ng/L,0.70,0.80,,,,,,0.00,,,,,,,,,,,,,0.50,2.30,,,,,,,,,,0.00,,,,,,,,,,,,,,,,,,,,,,
Michigan_MPART_Surface_Water,Norway Drain | 40-ND-0010,Surface Water,45.758941,-87.892793,2023,7/12/2023,,EPA 8327,,,ng/L,0.40,0.90,0.40,,,1.10,,0.00,,,,,,,,,,,1.40,0.40,1.20,1.20,,,,,,,,,,0.00,,,,,,,,,,,,,,,,,0.30,,,,,
Michigan_MPART_Surface_Water,North Branch Salt River | 61-NSR-0050,Surface Water,43.698882,-84.675105,2023,8/9/2023,,EPA 8327,,,ng/L,,,,,,,,0.00,,,,,,,,,,,1.00,,1.00,1.70,,,,,,,,,,0.00,,,,,,,,,,,,,,,,,,,,,,
Michigan_MPART_Surface_Water,Jordon Creek | 61-JRDC-0020,Surface Water,43.669822,-84.693018,2023,8/9/2023,,EPA 8327,,,ng/L,0.90,,,,,,,0.00,,,,,,,,,,,1.60,,1.00,2.70,,,,,,,,,,0.00,,,,,,,,,,,,,,,,,,,,,,
Michigan_MPART_Surface_Water,Menominee River | 40-MR-0300,Surface Water,45.78599,-88.092282,2023,7/12/2023,,EPA 8327,,,ng/L,,,,,,,,0.00,,,,,,,,,,,,,,1.80,,,,,,,,,,0.00,,,,,,,,,,,,,,,,,,,,,,
Michigan_MPART_Surface_Water,Little Cedar River | 40-LCR-0030,Surface Water,45.406173,-87.623108,2023,7/13/2023,,EPA 8327,,,ng/L,0.50,,,,,,,,,,,,,,,,,,,,0.80,,,,,,,,,,,0.00,,,,,,,,,,,,,,,,,,,,,,
Michigan_MPART_Surface_Water,Cedar River | 15-CR-0200,Surface Water,45.694726,-87.4693,2023,7/13/2023,,EPA 8327,,,ng/L,0.60,1.30,,,,,,1.00,,,,,,,,,,,,,,,,,,,,,,,,0.00,,,,,,,,,,,,,,,,,,,,,,
Michigan_MPART_Surface_Water,Salt River | 61-SR-0050,Surface Water,43.703444,-84.470911,2023,8/9/2023,,EPA 8327,,,ng/L,0.40,,,,,,,0.80,,,,,,,,,,,1.80,,1.10,2.50,,,,,,,,,,0.00,,,,,,,,,,,,,,,,,,,,,,
Michigan_MPART_Surface_Water,South Branch Shiawassee River | 50-SSW-0190,Surface Water,42.667316,-83.975517,2023,9/20/2023,,EPA 8327,,,ng/L,,,1.00,,,1.30,,1.60,,,,,,,,,,,,,,,,,,,,,,,,0.00,,,,,,,,,,,,,,,,,,,,,,
Michigan_MPART_Surface_Water,Plaster Creek | 36-PC-0060,Surface Water,42.909388,-85.646721,2022,10/17/2022,,EPA 8327,,,ng/L,,,,,,,,0.00,,,,,,,,,,,,,,0.00,,,,,,,,,,0.00,,,,,,,,,,,,,,,,,,,,,,
Michigan_MPART_Surface_Water,Hawk Island Park Lake | 62-HI-0020,Surface Water,42.695562,-84.53042,2023,9/20/2023,,EPA 8327,,,ng/L,1.50,2.00,0.70,,,,1.30,1.20,,,,,,,,,,,,,,,,,,,,,,,,0.00,,,,,,,,,,,,,,,,,,,,,,
Michigan_MPART_Surface_Water,Unnamed Tributary to East Twin | 02-UETL1-0010,Surface Water,44.882056,-84.310439,2023,9/26/2023,,EPA 8327,,,ng/L,,,,,0.90,1.60,,0.90,,,,,,,,,,,,,1.80,2.80,,,,,,,,,,0.00,,,,,,,,,,,,,,,,,,,,,,
Michigan_MPART_Surface_Water,Teed Drain | 61-TD-0010,Surface Water,43.677607,-84.408566,2023,8/9/2023,,EPA 8327,,,ng/L,0.80,,,,,,,0.00,,,,,,,,,,,1.60,,2.80,2.90,,,,,,,,,,0.00,,,,,,,,,,,,,,,,0.30,,,,,,
Michigan_MPART_Surface_Water,Hayes Park Pond | 61-HPP-0010,Surface Water,43.54427,-84.142803,2023,8/9/2023,,EPA 8327,,,ng/L,0.50,0.80,0.70,,,,1.00,1.20,,,,,,,,,,,1.70,,1.30,6.50,,,,,,,,,,0.00,,,,,,,,,,,,,,,,,,,,,,
Michigan_MPART_Surface_Water,Canham Drain | 61-CHD-0040,Surface Water,43.980419,-84.478048,2023,8/9/2023,,EPA 8327,,,ng/L,12.00,3.60,4.30,,,2.80,16.00,4.10,,,,7.10,,,,,,,29.00,0.40,12.00,12.00,,,,,,,,,,0.50,,,,,,,,,,,0.70,,,,,,,,,,,
Michigan_MPART_Surface_Water,East Branch Sturgeon River | 40-ESTR-0020,Surface Water,45.96493,-87.747131,2023,7/10/2023,,EPA 8327,,,ng/L,0.40,,,,,,,0.00,,,,,,,,,,,1.80,,,2.70,,,,,,,,,,0.00,,,,,,,,,,,,,,,,,,,,,,
Michigan_MPART_Surface_Water,Unnamed Trib to the South Branc | 61-USTOR-0080,Surface Water,43.817127,-84.772498,2023,8/10/2023,,EPA 8327,,,ng/L,0.50,0.90,0.40,,,,,0.00,,,,,,,,,,,0.70,,0.80,1.30,,,,,,,,,,0.00,,,,,,,,,,,,,,,,0.30,,,,,,
Michigan_MPART_Surface_Water,Shakey River | 40-SHR-0030,Surface Water,45.427989,-87.774271,2023,7/13/2023,,EPA 8327,,,ng/L,,,,,,,,0.00,,,,,,,,,,,,,,2.00,,,,,,,,,,0.00,,,,,,,,,,,,,,,,,0.30,,,,,
Michigan_MPART_Surface_Water,Deer Creek | 62-DRC-0020,Surface Water,42.673217,-84.291603,2023,9/20/2023,,EPA 8327,,,ng/L,,0.80,,,,,,0.00,,,,,,,,,,,1.30,,,1.40,,,,,,,,,,0.00,,,,,,,,,,,,1.40,,,,,,,,,,
Michigan_MPART_Surface_Water,Beaubien Creek | 32-BOC-0070,Surface Water,42.718176,-82.579575,2023,9/5/2023,,EPA 8327,,,ng/L,,,1.70,,,0.80,,,,,,,,,,,,,,,,,,,,,,,,,,0.00,,,,,,,,,,,,,,,,,,,,,,
Michigan_MPART_Surface_Water,Shook Drain | 32-SD-0020,Surface Water,42.723999,-82.793574,2023,9/5/2023,,EPA 8327,,,ng/L,,1.40,0.70,,,,,0.00,,,,,,,,,,,,1.00,,3.80,,,,,,,,,,0.00,,,,,,,,,,,,,,,,0.20,,,,,,
Michigan_MPART_Surface_Water,Salt Creek | 47-SC-0010,Surface Water,43.575046,-84.50959,2023,9/7/2023,,EPA 8327,,,ng/L,0.50,1.50,,,,,1.00,0.00,,,,,,,,,,,1.70,,1.20,2.40,,,,,,,,,,0.00,,,,,,,,,,,,,,,,,,,,,,
Michigan_MPART_Surface_Water,North Branch Paint River | 12-NPR-0020,Surface Water,46.264682,-88.749629,2023,7/11/2023,,EPA 8327,,,ng/L,,,,,,,,0.00,,,,,,,,,,,,,,2.90,,,,,,,,,,0.00,,,,,,,,,,,,,,,,,,,,,,
Michigan_MPART_Surface_Water,East Branch Sturgeon River | 40-ESTR-0070,Surface Water,46.008409,-87.762788,2023,7/10/2023,,EPA 8327,,,ng/L,,1.00,,,,,,0.00,,,,,,,,,,,1.30,,,3.20,,,,,,,,,,0.00,,,,,,,,,,,,,,,,0.20,,,,,,
Michigan_MPART_Surface_Water,Iron River | 12-IR-0070,Surface Water,46.073404,-88.637344,2023,7/12/2023,,EPA 8327,,,ng/L,0.40,,,,,,,0.00,,,,,,,,,,,1.00,,0.40,2.40,,,,,,,,,,0.00,,,,,,,,,,,,,,,,,,,,,,
Michigan_MPART_Surface_Water,North Branch Chippewa River | 47-NCHP-0090,Surface Water,43.857362,-85.138281,2023,9/7/2023,,EPA 8327,,,ng/L,0.90,0.80,,,1.60,,1.00,1.20,,,,,,,,,,,,,0.60,,,,,,,,,,,0.00,,,,,,,,,,,,,,,,,,,,,,
Michigan_MPART_Surface_Water,Ore Lake | 24-OL-0005,Surface Water,42.473611,-83.797139,2023,5/28/2023,,EPA 8327,,,ng/L,,,,,,,,0.00,,,,,,,,,,,,,,0.00,,,,,,,,,,0.00,,,,,,,,,,,,,,,,,,,,,,
Michigan_MPART_Surface_Water,Plaster Creek | 36-PC-0125,Surface Water,42.875914,-85.574994,2022,9/19/2022,,EPA 8327,,,ng/L,,,0.80,,,,,,,,,,,,,,,,,,,,,,,,,,,,,0.00,,,,,,,,,,,,,,,,,,,,,,
Michigan_MPART_Surface_Water,Little Carp River | 18-LCR-0102,Surface Water,46.782252,-88.566824,2022,9/23/2022,,EPA 537.1,,,ng/L,,,,,,,,,,,,,,,,,,,,,,,,,,,,,,,,,,,,,,,,,,,,,,,,,,,,,,
Michigan_MPART_Surface_Water,Chippewa River | 47-CHIP-0270,Surface Water,43.572537,-84.907336,2023,9/7/2023,,EPA 8327,,,ng/L,,,,,,,,0.00,,,,,,,,,,,1.30,,,2.10,,,,,,,,,,0.00,,,,,,,,,,,,,,,,,,,,,,
Michigan_MPART_Surface_Water,Michigamme River | 41-MGR-0050,Surface Water,46.083714,-88.223176,2023,7/11/2023,,EPA 8327,,,ng/L,,,,,,,,0.00,,,,,,,,,,,,,,2.10,,,,,,,,,,0.00,,,,,,,,,,,,,,,,,,,,,,
Michigan_MPART_Surface_Water,Little Cedar River | 40-LCR-0200,Surface Water,45.608423,-87.633736,2023,7/13/2023,,EPA 8327,,,ng/L,0.90,1.60,,,0.90,,1.20,1.30,,,,,,,,,,,,0.30,,,,,,,,,,,,0.00,,,,,,,,,,,,,,,,,0.40,,,,,
Michigan_MPART_Surface_Water,Spruce River | 41-SR-0010,Surface Water,46.46101,-88.081702,2023,7/11/2023,,EPA 8327,,,ng/L,,0.80,,,,,,0.90,,,,,,,,,,,,,,3.70,,,,,,,,,,0.00,,,,,,,,,,,,,,,,,,,,,,
Michigan_MPART_Surface_Water,Sycamore Creek | 62-SM-0060,Surface Water,42.666013,-84.503484,2023,9/20/2023,,EPA 8327,,,ng/L,0.70,1.20,0.40,,,,1.30,0.00,,,,,,,,,,,,,1.30,0.90,,,,,,,,,,0.00,,,,,,,,,,,,,,,,,,,,,,
Michigan_MPART_Surface_Water,Iron River | 12-IR-0090,Surface Water,46.091355,-88.635116,2023,7/12/2023,,EPA 8327,,,ng/L,,,,,,,,0.00,,,,,,,,,,,1.00,,,2.60,,,,,,,,,,0.40,,,,,,,,,,,,,,,,,,,,,,
Michigan_MPART_Surface_Water,Plaster Creek | 36-PC-0060,Surface Water,42.909388,-85.646721,2022,9/19/2022,,EPA 8327,,,ng/L,,,,1.00,1.00,,,,,,,,,,,,,,,,,,,,,,,,,,,0.00,,,,,,,,,,,,,,,,,,,,,,
Michigan_MPART_Surface_Water,Unamed trib to Tucker Jones Dra | 32-UTTJD1-003,Surface Water,42.622564,-82.824458,2023,9/5/2023,,EPA 8327,,,ng/L,,,,,,,,,,,,,,,,,,,,,,,,,,,,,,,,0.60,,,,,,,,,,,,1.20,,,,,,,,,,
Michigan_MPART_Surface_Water,Swartout Creek | 32-SWC-0020,Surface Water,42.645841,-82.589294,2023,9/5/2023,,EPA 8327,,,ng/L,0.90,1.10,0.40,,,,,0.00,,,,,,,,,,,,,,3.90,,,,,,,,,,0.00,,,,,,,,,,,,,,,,,,,,,,
Michigan_MPART_Surface_Water,Lake Winyah | 59-LW-0020,Surface Water,45.109287,-83.540624,2022,10/25/2022,,EPA 8327,,,ng/L,,,,,,,,0.00,,,,,,,,,,,,,,0.00,,,,,,,,,,0.00,,,,,,,,,,,,,,,,,,,,,,
Michigan_MPART_Surface_Water,Chippewa Creek | 47-CHPC-0001,Surface Water,43.74328,-85.302314,2023,9/7/2023,,EPA 8327,,,ng/L,0.80,1.80,0.50,,1.10,,1.10,1.30,,,,,,,,,,,1.80,,0.60,,,,,,,,,,,0.40,,,,,,,,,,,,,,,,,,,,,,
Michigan_MPART_Surface_Water,Beaubien Creek | 32-BOC-0070,Surface Water,42.718176,-82.579575,2023,9/5/2023,,EPA 8327,,,ng/L,,,1.60,,0.90,0.90,,,,,,,,,,,,,,,,,,,,,,,,,,0.00,,,,,,,,,,,,,,,,,,,,,,
Michigan_MPART_Surface_Water,White River | 45-WR-0023,Surface Water,43.424454,-86.313656,2022,5/16/2022,,EPA 8327,,,ng/L,,1.40,,,,,0.90,1.00,,,,,,,,,,,,,0.50,,,,,,,,,,,,,,,,,,,,,,,,,,,,,,,,,
Michigan_MPART_Surface_Water,Dead River | 18-DR-0100,Surface Water,46.56458,-87.564169,2023,7/11/2023,,EPA 8327,,,ng/L,,,,,,,,0.00,,,,,,,,,,,,,,1.30,,,,,,,,,,0.00,,,,,,,,,,,,,,,,,,,,,,
Michigan_MPART_Surface_Water,Little River | 40-LR-0030,Surface Water,45.152402,-87.661958,2023,7/13/2023,,EPA 8327,,,ng/L,0.80,,,,,,1.30,0.00,,,,,,,,,,,,,0.50,,,,,,,,,,,0.00,,,,,,,,,,,,,,,,,,,,,,
Michigan_MPART_Surface_Water,Sugar River | 61-SGR-0070,Surface Water,44.106435,-84.427032,2023,8/10/2023,,EPA 8327,,,ng/L,0.50,,,,,,,0.00,,,,,,,,,,,1.60,,0.40,2.00,,,,,,,,,,0.00,,,,,,,,,,,,,,,,,,,,,,
Michigan_MPART_Surface_Water,Plaster Creek | 36-PC-0100,Surface Water,42.90201,-85.58761,2022,9/19/2022,,EPA 8327,,,ng/L,,,,0.90,1.10,,,,,,,,,,,,,,,,,,,,,,,,,,,0.00,,,,,,,,,,,0.70,,,,,,,,,,,
Michigan_MPART_Surface_Water,White Lake | 45-WL-0020,Surface Water,43.393945,-86.373578,2022,5/16/2022,,EPA 8327,,,ng/L,1.20,1.30,,,0.80,,0.80,0.40,,,,,,,,,,,1.90,,0.60,3.30,,,,,,,,,,,,,,,,,,,,,,,,,,,,,,,,
Michigan_MPART_Surface_Water,Unnamed Drain to Lake St. Clair | 32-ULSC2-0010,Surface Water,42.569157,-82.83913,2023,9/5/2023,,EPA 8327,,,ng/L,,,,,1.20,,,,,,,,,,,,,,,0.70,,,,,,,,,,,,0.00,,,,,,,,,,,,,,,,,,,,,,
Michigan_MPART_Surface_Water,Paint River | 12-PR-0140,Surface Water,46.241375,-88.633694,2023,7/11/2023,,EPA 8327,,,ng/L,,,,,,,,0.00,,,,,,,,,,,,,,1.90,,,,,,,,,,0.00,,,,,,,,,,,,,,,,,,,,,,
Michigan_MPART_Surface_Water,Reed Drain | 62-RE-0018,Surface Water,42.777926,-84.736874,2023,5/1/2023,,EPA 8327,,,ng/L,,,0.50,,,,,,,,,,,,,,,,,0.40,1.70,,,,,,,,,,,0.00,,,,,,,,,,,1.30,,,,,,,,,,,
Michigan_MPART_Surface_Water,East Twin Lake | 02-ETL-0020,Surface Water,44.875216,-84.32342,2023,9/26/2023,,EPA 8327,,,ng/L,1.20,,1.00,,1.40,1.30,,,,,,,,,,,,,,,0.90,,,,,,,,,,,0.00,,,,,,,,,,,,,,,,,,,,,,
Michigan_MPART_Surface_Water,Pine River | 47-PR-0120,Surface Water,43.429527,-84.597365,2023,9/7/2023,,EPA 8327,,,ng/L,0.40,1.30,,,,,,0.00,,,,,,,,,,,1.40,,0.80,2.30,,,,,,,,,,0.00,,,,,,,,,,,,,,,,,,,,,,
Michigan_MPART_Surface_Water,Sugar River | 61-SGR-0020,Surface Water,44.034276,-84.367179,2023,8/10/2023,,EPA 8327,,,ng/L,0.40,,,,,,,0.00,,,,,,,,,,,1.80,,0.80,1.80,,,,,,,,,,0.00,,,,,,,,,,,,,,,,,,,,,,
Michigan_MPART_Surface_Water,Plaster Creek | 36-PC-0032,Surface Water,42.933028,-85.689368,2022,10/17/2022,,EPA 8327,,,ng/L,,,,,,,,0.00,,,,,,,,,,,,,,0.00,,,,,,,,,,0.00,,,,,,,,,,,,,,,,,,,,,,
Michigan_MPART_Surface_Water,Tittabawassee River | 61-TBR-0260,Surface Water,44.040234,-84.342119,2023,8/10/2023,,EPA 8327,,,ng/L,,,,,,,,0.00,,,,,,,,,,,1.40,,,1.30,,,,,,,,,,0.00,,,,,,,,,,,,,,,,,,,,,,
Michigan_MPART_Surface_Water,Pine River | 47-PR-0010,Surface Water,43.597567,-84.3031,2023,9/7/2023,,EPA 8327,,,ng/L,0.70,1.00,,,,,1.10,0.80,,,,,,,,,,,1.60,,1.10,3.00,,,,,,,,,,0.00,,,,,,,,,,,,,,,,,,,,,,
Michigan_MPART_Surface_Water,North Branch White River | 45-NWR-0010,Surface Water,43.541721,-86.196796,2022,5/16/2022,,EPA 8327,,,ng/L,,,,,,,,0.00,,,,,,,,,,,0.80,,0.00,1.50,,,,,,,,,,,,,,,,,,,,,,,,,,,,,,,,
Michigan_MPART_Surface_Water,Iron River | 12-IR-0020,Surface Water,46.047322,-88.624224,2023,7/12/2023,,EPA 8327,,,ng/L,0.50,0.90,,,,,,0.00,,,,,,,,,,,0.70,,,2.40,,,,,,,,,,0.00,,,,,,,,,,,,,,,,,,,,,,
Michigan_MPART_Surface_Water,White River | 45-WR-0020,Surface Water,43.425356,-86.326534,2022,5/16/2022,,EPA 8327,,,ng/L,,1.30,,,,,0.70,0.80,,,,,,,,,,,,,0.50,,,,,,,,,,,,,,,,,,,,,,,,,,,,,,,,,
Michigan_MPART_Surface_Water,Unnamed Drain to Lake St. Clair | 32-ULSC7-0010,Surface Water,42.653815,-82.618565,2023,9/5/2023,,EPA 8327,,,ng/L,1.10,,0.40,,,,,0.00,,,,,,,,,,,,,0.40,3.40,,,,,,,,,,0.00,,,,,,,,,,,,,,,,,,,,,,
Michigan_MPART_Surface_Water,West Branch Red Cedar River | 62-WRA-0040,Surface Water,42.614097,-84.148211,2023,9/20/2023,,EPA 8327,,,ng/L,,1.20,,,,,,0.00,,,,,,,,,,,1.20,,0.70,1.40,,,,,,,,,,0.00,,,,,,,,,,,,,,,,,,,,,,
Michigan_MPART_Surface_Water,Sycamore Creek | 62-SM-0110,Surface Water,42.570922,-84.443009,2023,9/20/2023,,EPA 8327,,,ng/L,,1.00,,,,,,0.00,,,,,,,,,,,1.00,,0.40,1.10,,,,,,,,,,0.00,,,,,,,,,,,,,,,,,,,,,,
Michigan_MPART_Surface_Water,High Intercounty Drain | 61-HID-0020,Surface Water,43.759281,-84.546705,2023,8/9/2023,,EPA 8327,,,ng/L,1.10,0.80,1.60,,,,,0.80,,,,,,,,,,,1.30,,2.90,3.10,,,,,,,,,,,,,,,,,,,,,,,,,,,,,,,,
Michigan_MPART_Surface_Water,Unamed trib to Tucker Jones Dra | 32-UTTJD1-001,Surface Water,42.630082,-82.829064,2023,9/5/2023,,EPA 8327,,,ng/L,,,0.80,,,,,,,,,,,,,,,,,0.90,,,,,,,,,,,,0.00,,,,,,,,,,,0.50,,,,,,,,,,,
Michigan_MPART_Surface_Water,Tittabawassee River | 61-TBR-0240,Surface Water,43.959767,-84.336288,2023,8/10/2023,,EPA 8327,,,ng/L,,,,,,,,0.00,,,,,,,,,,,1.40,,,1.60,,,,,,,,,,0.00,,,,,,,,,,,,,,,,,,,,,,
Michigan_MPART_Surface_Water,South Branch Paint River | 12-SPR-0050,Surface Water,46.183477,-88.78733,2023,7/11/2023,,EPA 8327,,,ng/L,,,,,,,,0.00,,,,,,,,,,,,,,1.20,,,,,,,,,,0.00,,,,,,,,,,,,,,,,,,,,,,
Michigan_MPART_Surface_Water,Silver Creek | 45-SLV-0010,Surface Water,43.433893,-86.299696,2022,5/16/2022,,EPA 8327,,,ng/L,,1.50,,,,,,0.00,,,,,,,,,,,0.70,,0.00,,,,,,,,,,,,,,,,,,,,,,,,,,,,,,,,,
Michigan_MPART_Surface_Water,South Branch Tobacco River | 61-STOR-0030,Surface Water,43.867129,-84.545539,2023,8/9/2023,,EPA 8327,,,ng/L,0.60,0.80,0.40,,,,,0.00,,,,,,,,,,,1.30,,0.90,1.90,,,,,,,,,,0.00,,,,,,,,,,,,,,,,,,,,,,
Michigan_MPART_Surface_Water,White River | 45-WR-0010,Surface Water,43.413752,-86.352111,2022,5/16/2022,,EPA 8327,,,ng/L,0.90,,,,,,1.00,0.80,,,,,,,,,,,,,0.60,,,,,,,,,,,,,,,,,,,,,,,,,,,,,,,,,
Michigan_MPART_Surface_Water,Fence River | 41-FR-0020,Surface Water,46.27931,-88.154078,2023,7/10/2023,,EPA 8327,,,ng/L,,,,,,,,0.80,,,,,,,,,,,0.90,,,1.70,,,,,,,,,,0.00,,,,,,,,,,,,,,,,,,,,,,
Michigan_MPART_Surface_Water,Mill Pond Creek | 45-MPC-0010,Surface Water,43.389966,-86.354408,2022,5/16/2022,,EPA 8327,,,ng/L,,1.30,,,,,0.90,0.30,,,,,,,,,,,1.50,,1.20,1.20,,,,,,,,,,,,,,,,,,,,,,,,,,,,,,,,
Michigan_MPART_Surface_Water,Michigamme River | 41-MGR-0010,Surface Water,45.956336,-88.195442,2023,7/10/2023,,EPA 8327,,,ng/L,0.50,0.80,,,,,,0.00,,,,,,,,,,,,,,1.90,,,,,,,,,,0.60,,,,,,,,,,,,,,,,,,,,,,
Michigan_MPART_Surface_Water,Phillips Creek | 40-PC-0010,Surface Water,45.387251,-87.672577,2023,7/13/2023,,EPA 8327,,,ng/L,,,,,,,,,,,,,,,,,,,,,,,,,,,,,,,,0.00,,,,,,,,,,,,,,,,,0.30,,,,,
Michigan_MPART_Surface_Water,South Branch White River | 45-SWR-0100,Surface Water,43.54431,-85.793756,2022,5/16/2022,,EPA 8327,,,ng/L,,1.30,,,,,,1.00,,,,,,,,,,,1.20,,0.00,3.70,,,,,,,,,,,,,,,,,,,,,,,,,,,,,,,,
Michigan_MPART_Surface_Water,Tittabawassee River | 61-TBR-0060,Surface Water,43.481315,-84.092444,2023,8/9/2023,,EPA 8327,,,ng/L,0.80,,0.50,,,,1.20,0.80,,,,,,,,,,,2.10,,1.70,2.90,,,,,,,,,,0.00,,,,,,,,,,,,,,,,,,,,,,
Michigan_MPART_Surface_Water,East Twin Lake | 02-ETL-0010,Surface Water,44.881525,-84.313195,2023,9/26/2023,,EPA 8327,,,ng/L,0.50,,0.90,,0.90,1.40,,1.90,,,,,,,,,,,,,0.90,,,,,,,,,,,0.00,,,,,,,,,,,,,,,,,,,,,,
Michigan_MPART_Surface_Water,Budd Lake | 61-BDL-0010,Surface Water,44.028554,-84.801829,2023,8/10/2023,,EPA 8327,,,ng/L,0.90,3.90,2.40,,0.90,,2.20,2.00,,,,,,,,,,,2.20,0.40,3.20,4.40,,,,,,,,,,0.00,,,,,,,,,,,,,,,,,,,,,,
Michigan_MPART_Surface_Water,Unnamed Drain | 62-NGS1-0005,Surface Water,42.778028,-84.736326,2023,5/1/2023,,EPA 8327,,,ng/L,,,,,,,,1.30,,,,,,,,,,,,,,0.00,,,,,,,,,,0.00,,,,,,,,,,,,,,,,,,,,,,
Michigan_MPART_Surface_Water,"MDNR Rearing Pond Outlet, Tribu | 36-BLMT-0010",Surface Water,43.081061,-85.601437,2023,9/22/2023,,EPA 8327,,,ng/L,,,0.80,,,1.10,1.40,0.90,,,,,,,,,,,1.50,1.00,,1.40,,,,,,,,,,0.00,,,,,,,,,,,,,,,,,,,,,,
Michigan_MPART_Surface_Water,Cedar River | 15-CR-0080,Surface Water,45.54592,-87.378371,2023,7/13/2023,,EPA 8327,,,ng/L,0.50,1.10,,,,,1.60,1.20,,,,,,,,,,,,,,,,,,,,,,,,0.00,,,,,,,,,,,,,,,,,,,,,,
Michigan_MPART_Surface_Water,Thurston Lake | 61-TL-0010,Surface Water,43.871644,-84.86732,2023,8/10/2023,,EPA 8327,,,ng/L,,1.20,,,,,0.90,0.90,,,,,,,,,,,0.90,,,2.90,,,,,,,,,,0.00,,,,,,,,,,,,,,,,,,,,,,
Michigan_MPART_Surface_Water,Swan Creek | 32-SC-0060,Surface Water,42.739086,-82.629895,2023,9/5/2023,,EPA 8327,,,ng/L,,,0.60,,,,,1.50,,,,,,,,,,,,,2.00,,,,,,,,,,,0.00,,,,,,,,,,,,,,,,,,,,,,
Michigan_MPART_Surface_Water,Plaster Creek | 36-PC-0040,Surface Water,42.92287324,-85.67992436,2022,9/19/2022,,EPA 8327,,,ng/L,,,1.90,,,,,,,,,1.40,,,,,,,,,,,,,,,,,,,,0.00,,,,,,,,,,,,,,,,,,,,,,
Michigan_MPART_Surface_Water,Hemlock River | 12-HR-0040,Surface Water,46.232047,-88.46113,2023,7/11/2023,,EPA 8327,,,ng/L,,0.90,,,,,,0.00,,,,,,,,,,,,,,,,,,,,,,,,0.00,,,,,,,,,,,,,,,,0.20,,,,,,
Michigan_MPART_Surface_Water,West Branch Tittabawassee River | 61-WTBR-0030,Surface Water,44.104495,-84.387233,2023,8/10/2023,,EPA 8327,,,ng/L,,,,,,,,0.00,,,,,,,,,,,,,,0.00,,,,,,,,,,0.00,,,,,,,,,,,,,,,,0.30,,,,,,
Michigan_MPART_Surface_Water,Plaster Creek | 36-PC-0100,Surface Water,42.90201,-85.58761,2022,9/19/2022,,EPA 8327,,,ng/L,,,1.90,,0.90,,,,,,,,,,,,,,,,,,,,,,,,,,,0.00,,,,,,,,,,,0.80,,,,,,,,,,,
Michigan_MPART_Surface_Water,West Branch Sturgeon River | 40-WSTR-0040,Surface Water,45.956992,-87.869334,2023,7/10/2023,,EPA 8327,,,ng/L,0.70,0.80,0.50,,,0.80,,0.00,,,,,,,,,,,1.60,0.40,,2.20,,,,,,,,,,0.00,,,,,,,,,,,,,,,,,,,,,,
Michigan_MPART_Surface_Water,Tittabawassee River | 61-TBR-0100,Surface Water,43.570038,-84.195103,2023,8/9/2023,,EPA 8327,,,ng/L,0.80,1.00,0.50,,,,1.40,0.00,,,,,,,,0.80,,,1.90,,1.80,2.70,,,,,,,,,,0.00,,,,,,,,,,,,,,,,,,,,,,
Michigan_MPART_Surface_Water,Bluff Creek | 61-BLFC-0020,Surface Water,43.725309,-84.474519,2023,8/9/2023,,EPA 8327,,,ng/L,0.60,0.90,1.20,,,,,0.00,,,,,,,,,,,1.80,,3.70,3.00,,,,,,,,,,0.00,,,,,,,,,,,,,,,,,,,,,,
Michigan_MPART_Surface_Water,East Meridian Historical Villag | 62-EMP-0010,Surface Water,42.73082,-84.416052,2023,9/20/2023,,EPA 8327,,,ng/L,1.10,1.90,0.60,,,,1.80,1.20,,,,,,,,,,,,,,,,,,,,,,,,0.00,,,,,,,,,,,,,,,,,,,,,,
Michigan_MPART_Surface_Water,Tobacco River | 61-TOR-0040,Surface Water,43.872368,-84.469745,2023,8/9/2023,,EPA 8327,,,ng/L,0.50,,0.40,,,,,0.00,,,,,,,,,,,1.30,,0.50,1.10,,,,,,,,,,0.00,,,,,,,,,,,,,,,,,,,,,,
Michigan_MPART_Surface_Water,Cedar River | 61-CDR-0080,Surface Water,44.005266,-84.525497,2023,8/9/2023,,EPA 8327,,,ng/L,,,,,,,,0.00,,,,,,,,,,,0.80,,,0.00,,,,,,,,,,0.00,,,,,,,,,,,,,,,,,,,,,,
Michigan_MPART_Surface_Water,Bullock Creek | 61-BLC-0020,Surface Water,43.58331,-84.23628,2023,8/9/2023,,EPA 8327,,,ng/L,2.40,1.40,3.40,,,1.20,1.80,0.80,,,,,,,,,,,3.40,,9.50,5.20,,,,,,,,,,0.00,,,,,,,,,,,,,,,,,,,,,,
Michigan_MPART_Surface_Water,Salt Creek | 47-SC-0060,Surface Water,43.538671,-84.629159,2023,9/7/2023,,EPA 8327,,,ng/L,0.60,,,,,,,0.00,,,,,,,,,,,1.40,,0.40,1.40,,,,,,,,,,0.00,,,,,,,,,,,,,,,,,,,,,,
Michigan_MPART_Surface_Water,Unnamed Trib to the Tittabawass | 61-UTBR1-0010,Surface Water,43.451216,-84.063883,2023,8/9/2023,,EPA 8327,,,ng/L,2.40,2.00,1.60,,,1.90,2.30,1.30,,,,,,,,,,,3.70,,6.00,4.80,,,,,,,,,,0.00,,,,,,,,,,,,,,,,,,,,,,
Michigan_MPART_Surface_Water,Red Cedar River | 62-RA-0080,Surface Water,42.724311,-84.456756,2023,9/20/2023,,EPA 8327,,,ng/L,,1.00,,,,,0.90,0.00,,,,,,,,,,,,,0.90,2.30,,,,,,,,,,0.00,,,,,,,,,,,,,,,,,,,,,,
Michigan_MPART_Surface_Water,Little Carp River | 18-LCR-0010,Surface Water,46.835576,-88.483691,2022,9/23/2022,,EPA 537.1,,,ng/L,2.44,,,,,,,,,,,,,,,,,,,,,2.86,,,,,,,,,,,,,,,,,,,,,,,,,,,,,,,,
Michigan_MPART_Surface_Water,Tucker Jones Drain | 32-TJD-0010,Surface Water,42.63022,-82.82385,2023,9/5/2023,,EPA 8327,,,ng/L,,,,,1.00,,,,,,,,,,,,,,,,,,,,,,,,,,,0.00,,,,,,,,,,,,,,,,,,,,,,
Michigan_MPART_Surface_Water,Unnamed Trib to Tittabawassee R | 61-UTBR-0010,Surface Water,43.51755,-84.1091,2023,8/9/2023,,EPA 8327,,,ng/L,2.20,0.80,,,,1.40,0.90,0.00,,,,,,,,,,,1.30,,1.80,3.00,,,,,,,,,,0.00,,,,,,,,,,,,,,,,,,,,,,
Michigan_MPART_Surface_Water,Jordon Creek | 61-JRDC-0050,Surface Water,43.661532,-84.727969,2023,8/9/2023,,EPA 8327,,,ng/L,0.50,,,,,,,0.00,,,,,,,,,,,1.10,,0.90,2.70,,,,,,,,,,0.00,,,,,,,,,,,,,,,,,,,,,,
Michigan_MPART_Surface_Water,Lake St. Clair | 32-LSC-0090,Surface Water,42.407373,-82.883522,2023,9/5/2023,,EPA 8327,,,ng/L,,1.40,,,,0.80,1.70,1.00,,,,,,,,,,,,,1.20,2.60,,,,,,,,,,0.00,,,,,,,,,,,,,,,,,,,,,,
Michigan_MPART_Surface_Water,Pine Lake Outlet | 62-PLO-0040,Surface Water,42.74719,-84.415762,2023,9/20/2023,,EPA 8327,,,ng/L,0.80,,0.80,,0.80,0.80,,,,,,,,,,,,,,,,,,,,,,,,,,0.00,,,,,,,,,,,,,,,,,,,,,,
Michigan_MPART_Surface_Water,Reed Drain | 62-RE-0020,Surface Water,42.77767,-84.7394,2023,5/1/2023,,EPA 8327,,,ng/L,,1.20,,,,1.20,1.00,0.00,,,,,,,,,,,1.00,,1.90,1.90,,,,,,,,,,0.00,,,,,,,,,,,,,,,,,,,,,,
Michigan_MPART_Surface_Water,Hugos Brook | 40-HB-0020,Surface Water,45.45681,-87.578515,2023,7/13/2023,,EPA 8327,,,ng/L,0.50,,,,,,,,,,,,,,,,,,,,1.20,,,,,,,,,,,0.00,,,,,,,,,,,,,,,,,0.30,,,,,
Michigan_MPART_Surface_Water,Faithorn Creek | 40-FHC-0010,Surface Water,45.67915,-87.777488,2023,7/12/2023,,EPA 8327,,,ng/L,,,,,,,,0.00,,,,,,,,,,,,,,1.90,,,,,,,,,,0.00,,,,,,,,,,,,,,,,,0.40,,,,,
Michigan_MPART_Surface_Water,Unnamed Trib to Runyon Creek | 61-RYC-0040,Surface Water,43.874269,-84.885718,2023,8/10/2023,,EPA 8327,,,ng/L,,,,,,,,0.00,,,,,,,,,,,,,,1.10,,,,,,,,,,0.00,,,,,,,,,,,,,,,,,,,,,,
Michigan_MPART_Surface_Water,East Branch Tittabawassee River | 61-ETBR-0020,Surface Water,44.098616,-84.267121,2023,8/10/2023,,EPA 8327,,,ng/L,,,,,,,,0.00,,,,,,,,,,,1.50,,,1.40,,,,,,,,,,0.00,,,,,,,,,,,,,,,,,,,,,,
Michigan_MPART_Surface_Water,Lake St. Clair | 32-LSC-0010,Surface Water,42.67447,-82.63233,2023,9/5/2023,,EPA 8327,,,ng/L,1.90,1.60,0.40,,,,1.00,0.00,,,,,,,,,,,1.70,,,1.80,,,,,,,,,,0.00,,,,,,,,,,,,,,,,,,,,,,
Michigan_MPART_Surface_Water,Husted Landenburg Drain | 62-HD-0040,Surface Water,42.779331,-84.701005,2023,5/1/2023,,EPA 8327,,,ng/L,0.40,,,,,,,0.00,,,,,,,,,,,1.00,,0.50,0.00,,,,,,,,,,0.00,,,,,,,,,,,,,,,,,,,,,,
Michigan_MPART_Surface_Water,Spurr River | 41-SPR-0030,Surface Water,46.544063,-88.164974,2023,7/11/2023,,EPA 8327,,,ng/L,,0.80,,,,,,0.00,,,,,,,,,,,,,,2.00,,,,,,,,,,0.00,,,,,,,,,,,,,,,,,,,,,,
Michigan_MPART_Surface_Water,North Branch Chippewa River | 47-NCHP-0020,Surface Water,43.753799,-85.147637,2023,9/7/2023,,EPA 8327,,,ng/L,0.40,1.00,,,,,,0.90,,,,,,,,,,,1.30,,1.10,,,,,,,,,,,0.00,,,,,,,,,1.30,,,,,,,,,,,,,
Michigan_MPART_Surface_Water,Unnamed Tributary to Red Cedar | 62-URA-0010,Surface Water,42.702442,-84.43255,2023,9/20/2023,,EPA 8327,,,ng/L,1.60,,1.80,,,1.90,,1.70,,,,,,,,,,,,,,,,,,,,,,,,0.00,,,,,,,,,,,,,,,,,,,,,,
Michigan_MPART_Surface_Water,Unnamed Drain to Lake St. Clair | 32-ULSC1-0010,Surface Water,42.540506,-82.862922,2023,9/5/2023,,EPA 8327,,,ng/L,,,,,1.20,,,,,,,,,,,,,,,0.50,,,,,,,,,,,,0.00,,,1.20,,,1.10,,,,,,,,,0.70,,,,,,,
Michigan_MPART_Surface_Water,Unnamed Trib to Phillips Ceek | 40-UPC-0010,Surface Water,45.406422,-87.647787,2023,7/13/2023,,EPA 8327,,,ng/L,1.00,,,,1.10,,,,,,,,,,,,,,,,0.40,,,,,,,,,,,0.00,,,,,,,,,,,,,,,,,0.30,,,,,
Michigan_MPART_Surface_Water,Unnamed Drain to Lake St. Clair | 32-ULSC6-0010,Surface Water,42.672996,-82.623135,2023,9/5/2023,,EPA 8327,,,ng/L,,,0.60,,,,,1.30,,,,,,,,,,,,,,,,,,,,,,,,0.40,,,,,,,,,,,,,,,,,,,,,,
Michigan_MPART_Surface_Water,Coldwater River | 47-CWR-0040,Surface Water,43.669082,-84.966457,2023,9/7/2023,,EPA 8327,,,ng/L,0.40,1.00,,,,,,0.00,,,,,,,,,,,1.10,,,1.50,,,,,,,,,,0.00,,,,,,,,,,,,,,,,,,,,,,
Michigan_MPART_Surface_Water,Chippewa River | 47-CHIP-0240,Surface Water,43.579913,-84.846987,2023,9/7/2023,,EPA 8327,,,ng/L,,0.90,,,,,,0.80,,,,,,,,,,,1.10,,0.50,2.00,,,,,,,,,,0.00,,,,,,,,,,,,,,,,,,,,,,
Michigan_MPART_Surface_Water,Paint River | 12-PR-0050,Surface Water,46.070547,-88.307812,2023,7/12/2023,,EPA 8327,,,ng/L,0.50,,,,,,,0.80,,,,,,,,,,,,,,2.80,,,,,,,,,,0.00,,,,,,,,,,,,,,,,0.20,,,,,,
Michigan_MPART_Surface_Water,Averill Creek | 61-AVC-0040,Surface Water,43.673714,-84.348137,2023,8/9/2023,,EPA 8327,,,ng/L,3.00,2.60,0.60,,,1.40,2.60,1.90,,,,,,,,,,,3.60,,3.70,7.80,,,,,,,,,,0.00,,,,,,,,,,,,,,,,,,,,,,
Michigan_MPART_Surface_Water,Red Cedar River | 62-RA-0130,Surface Water,42.706758,-84.314327,2023,9/20/2023,,EPA 8327,,,ng/L,,1.20,,,,,0.90,0.00,,,,,,,,,,,,,0.90,2.10,,,,,,,,,,0.00,,,,,,,,,,,,,,,,,,,,,,
Michigan_MPART_Surface_Water,Red Cedar River | 62-RA-0240,Surface Water,42.635787,-84.032539,2023,9/20/2023,,EPA 8327,,,ng/L,,1.00,,,,,,0.00,,,,,,,,,,,1.60,,0.70,1.80,,,,,,,,,,0.00,,,,,,,,,,,,,,,,,,,,,,
Michigan_MPART_Surface_Water,Pine River | 47-PR-0050,Surface Water,43.53604,-84.429407,2023,9/7/2023,,EPA 8327,,,ng/L,0.60,1.20,,,,,0.90,0.00,,,,,,,,,,,1.50,,0.90,2.60,,,,,,,,,,0.00,,,,,,,,,,,,,,,,,,,,,,
Michigan_MPART_Surface_Water,Salt Creek | 47-SC-0060,Surface Water,43.538671,-84.629159,2023,9/7/2023,,EPA 8327,,,ng/L,0.60,,,,,,,0.00,,,,,,,,,,,1.40,,0.40,1.40,,,,,,,,,,0.00,,,,,,,,,,,,,,,,,,,,,,
Michigan_MPART_Surface_Water,North Branch Tobacco River | 61-NTOR-0150,Surface Water,43.96723,-84.727645,2023,8/10/2023,,EPA 8327,,,ng/L,,,,,,,,0.00,,,,,,,,,,,,,,0.00,,,,,,,,,,0.00,,,,,,,,,,,,,,,,,,,,,,
Michigan_MPART_Surface_Water,Second North Branch Chippewa Ri | 47-SNCHP-0020,Surface Water,43.597032,-84.854974,2023,9/7/2023,,EPA 8327,,,ng/L,,,,,,,,0.00,,,,,,,,,,,0.90,,1.40,1.50,,,,,,,,,,0.00,,,,,,,,,,,,,,,,,,,,,,
Michigan_MPART_Surface_Water,Salt River | 32-SR-0030,Surface Water,42.675787,-82.77099,2023,9/5/2023,,EPA 8327,,,ng/L,,,1.30,,0.80,1.90,,,,,,,,,,,,,,0.30,,,,,,,,,,,,0.00,,,,,,,,,,,,,,,,,,,,,,
Michigan_MPART_Surface_Water,Plaster Creek | 36-PC-0110,Surface Water,42.894972,-85.587075,2022,9/19/2022,,EPA 8327,,,ng/L,,,,0.80,0.80,,,,,,,,,,,,,,,,,,,,,,,,,,,0.00,,,,,,,,,,,0.70,,,,,,,,,,,
Michigan_MPART_Surface_Water,Plaster Creek | 36-UTPC2-0100,Surface Water,42.884006,-85.566647,2022,9/19/2022,,EPA 8327,,,ng/L,,,,1.30,1.30,0.60,,,,,,,,,,,,,,,,,,,,,,,,,,0.00,,,,,,,,,,,,,,,,,,,,,,
Michigan_MPART_Surface_Water,Lawson Drain | 61-LD-0010,Surface Water,43.596631,-84.424213,2023,8/9/2023,,EPA 8327,,,ng/L,3.30,0.90,0.40,,,1.10,,0.00,,,,,,,,,,,1.60,,0.90,4.00,,,,,,,,,,0.00,,,,,,,,,,,,,,,,,,,,,,
Michigan_MPART_Surface_Water,Little Carp River | 18-LCR-0090,Surface Water,46.785717,-88.562485,2022,9/23/2022,,EPA 537.1,,,ng/L,,,,,,4.07,,,,,,,,,,,,,,,,,,,,,,,,,,,,,,,,,,,,,,,,,,,,,,,,
Michigan_MPART_Surface_Water,Cable Lake | 12-CBL-0010,Surface Water,46.351747,-88.585631,2023,7/11/2023,,EPA 8327,,,ng/L,,,,,,,,0.00,,,,,,,,,,,,,,3.10,,,,,,,,,,0.00,,,,,,,,,,,,,,,,,,,,,,
Michigan_MPART_Surface_Water,Crapaud Creek | 32-CPC-0030,Surface Water,42.680802,-82.740176,2023,9/5/2023,,EPA 8327,,,ng/L,,,1.40,,,1.30,,,,,,,,,,,,,,,,,,,,,,,,,,0.00,,,,,,,,,,,,,,,0.50,,,,,,,
Michigan_MPART_Surface_Water,Michigamme River | 41-MGR-0020,Surface Water,46.340051,-87.97287,2023,7/11/2023,,EPA 8327,,,ng/L,,,,,,,,0.00,,,,,,,,,,,,,,2.00,,,,,,,,,,0.00,,,,,,,,,,,,,,,,0.20,,,,,,
Michigan_MPART_Surface_Water,Beaverdam Drain | 32-BVD-0010,Surface Water,42.659668,-82.586708,2023,9/5/2023,,EPA 8327,,,ng/L,,,0.90,,,1.20,,1.40,,,,,,,,,,,,,,,,,,,,,,,,0.00,,,,,,,,,,,,,,,,,,,,,,
Michigan_MPART_Surface_Water,Unnamed Drain to Lake St. Clair | 32-ULSC9-0010,Surface Water,42.630949,-82.644589,2023,9/5/2023,,EPA 8327,,,ng/L,1.20,0.70,0.40,,,,,0.00,,,,,,,,,,,,,,0.00,,,,,,,,,,0.00,,,,,,,,,,,,,,,,0.30,,,,,,
Michigan_MPART_Surface_Water,South Branch Pine River | 47-SPR-0020,Surface Water,43.512457,-85.025666,2023,9/8/2023,,EPA 8327,,,ng/L,,,,,,,,0.80,,,,,,,,,,,1.00,,0.70,2.60,,,,,,,,,,0.00,,,,,,,,,,,,,,,,,,,,,,
Michigan_MPART_Surface_Water,Meldrum Drain | 32-MDD-0020,Surface Water,42.693618,-82.668011,2023,9/5/2023,,EPA 8327,,,ng/L,,,0.60,,0.90,,,,,,,,,,,,,,,,,,,,,,,,,,,0.00,,,,,,,,,,,,,,,,0.20,,,,,,
Michigan_MPART_Surface_Water,Carlton Creek | 45-CC-0110,Surface Water,43.507,-86.341612,2022,5/16/2022,,EPA 8327,,,ng/L,1.20,1.20,,,,,0.60,0.30,,,,,,,,,,,0.90,,1.00,1.50,,,,,,,,,,,,,,,,,,,,,,,1.40,,,,,,,,,
Michigan_MPART_Surface_Water,Molasses River | 61-MR-0020,Surface Water,43.948248,-84.288035,2023,8/10/2023,,EPA 8327,,,ng/L,0.40,,,,,,,0.00,,,,,,,,,,,1.30,,0.50,4.70,,,,,,,,,,0.00,,,,,,,,,,,,,,,,,,,,,,
Michigan_MPART_Surface_Water,Plaster Creek | 36-PC-0120,Surface Water,42.883258,-85.58129,2022,10/17/2022,,EPA 8327,,,ng/L,,,,,,,,,,,,,,,,,,,,,,0.00,,,,,,,,,,0.00,,,,,,,,,,,,,,,,,,,,,,
Michigan_MPART_Surface_Water,Kirkham Drain | 32-KHD-0010,Surface Water,42.720098,-82.76804,2023,9/5/2023,,EPA 8327,,,ng/L,,,1.70,,,,,,,,,,,,1.60,1.90,,,,0.70,,,,,,,,,,,,1.00,,,1.00,,,,,,,,,,,,0.60,0.30,,,,,,
Michigan_MPART_Surface_Water,Buttermilk Creek | 45-BMK-0010,Surface Water,43.417751,-86.356115,2022,5/16/2022,,EPA 8327,,,ng/L,0.90,,,,,0.90,0.70,0.00,,,,,,,,,,,0.90,,1.40,1.20,,,,,,,,,,,,,,,,,,,,,,,,,,,,,,,,
Michigan_MPART_Surface_Water,Plaster Creek | 36-PC-0110,Surface Water,42.894972,-85.587075,2022,10/17/2022,,EPA 8327,,,ng/L,,,,,,,,,,,,,,,,,,,,,,,,,,,,,,,,0.00,,,,,,,,,,,,,,,,,,,,,,
Michigan_MPART_Surface_Water,Unnamed Trib to the South Branc | 61-USTOR-0080,Surface Water,43.817127,-84.772498,2023,8/10/2023,,EPA 8327,,,ng/L,0.60,0.90,0.40,,,0.90,,,,,,,,,,,,,1.00,,1.60,1.50,,,,,,,,,,,,,,,,,,,,,,,,,,,,,,,,
Michigan_MPART_Surface_Water,Meldrum Drain | 32-MDD-0070,Surface Water,42.752769,-82.665721,2023,9/5/2023,,EPA 8327,,,ng/L,,,0.70,,1.60,2.00,,,,,,,,,,,,,,,,,,,,,,,,,,0.00,,,,,,,,,,,,,,,,,,,,,,
Michigan_MPART_Surface_Water,Unamed Trib to Unamed trib to T | 32-UUTTJD1-00,Surface Water,42.615954,-82.858782,2023,9/5/2023,,EPA 8327,,,ng/L,,,1.00,,,1.30,,,,,,,,,,,,,,,,,,,,,,,,,,0.00,,,,,,,,,,,,,,,,,,,,,,
Michigan_MPART_Surface_Water,East Branch Net River | 12-ENR-0020,Surface Water,46.365677,-88.468577,2023,7/11/2023,,EPA 8327,,,ng/L,,,,,,,,0.90,,,,,,,,,,,,,,,,,,,,,,,,0.00,,,,,,,,,,,,,,,,,,,,,,
Michigan_MPART_Surface_Water,Unnamed Drain | 62-NGS2-0005,Surface Water,42.778028,-84.736326,2023,5/1/2023,,EPA 8327,,,ng/L,,,,,1.20,,,,,,,,,,,0.90,,,,,,,,,,,,,,,,0.00,,,,,,,,,,,0.70,,,,,,,,,,,
Michigan_MPART_Surface_Water,Husted-Landenburg Drain | 62-HD-0010,Surface Water,42.78762,-84.73938,2023,5/1/2023,,EPA 8327,,,ng/L,,1.80,,,,0.90,1.50,1.10,,,,,,,,,,,,,1.90,,,,,,,,,,,0.00,,,,,,,,,,,,,,,,,,,,,,
Michigan_MPART_Surface_Water,Pony Creek | 47-PC-0020,Surface Water,43.552919,-84.9949,2023,9/8/2023,,EPA 8327,,,ng/L,0.60,1.30,,,,,0.80,0.90,,,,,,,,,,,1.60,,0.50,3.80,,,,,,,,,,0.00,,,,,,,,,,,,,,,,,,,,,,
Michigan_MPART_Surface_Water,Chippewa River | 47-CHIP-0003,Surface Water,43.60937,-84.251906,2023,9/7/2023,,EPA 8327,,,ng/L,1.80,0.80,0.40,,,,1.10,0.90,,,,,,,,,,,1.70,,1.60,2.90,,,,,,,,,,0.00,,,,,,,,,,,,,,,,,,,,,,
Michigan_MPART_Surface_Water,West Branch Chippewa River | 47-WCHP-0050,Surface Water,43.718666,-85.182543,2023,9/7/2023,,EPA 8327,,,ng/L,,0.70,,,,,,0.00,,,,,,,,,,,1.80,,0.60,3.10,,,,,,,,,,0.00,,,,,,,,,,,,,,,,,,,,,,
Michigan_MPART_Surface_Water,Red Cedar River | 62-RA-0160,Surface Water,42.681527,-84.189554,2023,9/20/2023,,EPA 8327,,,ng/L,,1.40,,,,,1.20,0.80,,,,,,,,,,,,,0.80,2.00,,,,,,,,,,0.00,,,,,,,,,,,,,,,,,,,,,,
Michigan_MPART_Surface_Water,Hayes Park Pond | 61-HPP-0010,Surface Water,43.54427,-84.142803,2023,8/9/2023,,EPA 8327,,,ng/L,,1.00,0.70,,,,1.00,1.40,,,,,,,,,,,1.70,,1.00,6.20,,,,,,,,,,,,,,,,,,,,,,,,,,,,,,,,
Michigan_MPART_Surface_Water,Plaster Creek | 36-PC-0100,Surface Water,42.90201,-85.58761,2022,10/17/2022,,EPA 8327,,,ng/L,,,,,,,,,,,,,,,,,,,,,,0.00,,,,,,,,,,0.00,,,,,,,,,,,,,,,,,,,,,,
Michigan_MPART_Surface_Water,Chippewa River | 47-CHIP-0080,Surface Water,43.599346,-84.548433,2023,9/7/2023,,EPA 8327,,,ng/L,0.40,1.10,,,,,1.00,0.00,,,,,,,,,,,1.60,,1.30,2.10,,,,,,,,,,0.00,,,,,,,,,,,,,,,,,,,,,,
Michigan_MPART_Surface_Water,Walker Creek | 47-WC-0070,Surface Water,43.741012,-85.01855,2023,9/7/2023,,EPA 8327,,,ng/L,,,,,,,,0.00,,,,,,,,,,,0.90,,,1.50,,,,,,,,,,0.00,,,,,,,,,,,,,,,,,,,,,,
Michigan_MPART_Surface_Water,Chippewa River | 47-CHIP-0260,Surface Water,43.58796,-84.887845,2023,9/7/2023,,EPA 8327,,,ng/L,,,,,,,,0.00,,,,,,,,,,,1.30,,0.50,1.90,,,,,,,,,,0.00,,,,,,,,,,,,,,,,,,,,,,
Michigan_MPART_Surface_Water,Unnamed Drain to Lake St. Clair | 32-ULSC4-0010,Surface Water,42.690656,-82.688756,2023,9/5/2023,,EPA 8327,,,ng/L,,,1.10,,0.80,,,,,,,,,,,,,,,0.40,,,,,,,,,,,,0.00,,,,,,,,,,,,,,,,0.20,,,,,,
Michigan_MPART_Surface_Water,Honeyoey Creek | 47-HOC-0010,Surface Water,43.371629,-84.695351,2023,9/8/2023,,EPA 8327,,,ng/L,,,,,,,,0.00,,,,,,,,,,,0.80,,1.10,1.00,,,,,,,,,,0.00,,,,,,,,,,,,,,,,,,,,,,
Michigan_MPART_Surface_Water,Unnamed Tributary to Pine Lake | 62-UPLO-0030,Surface Water,42.72484,-84.393065,2023,9/20/2023,,EPA 8327,,,ng/L,,1.40,,,,,1.00,0.00,,,,,,,,,,,1.70,,0.70,3.10,,,,,,,,,,0.00,,,,,,,,,,,,,,,,,,,,,,
Michigan_MPART_Surface_Water,Pine river | 47-PR-0140,Surface Water,43.410819,-84.607257,2023,9/7/2023,,EPA 8327,,,ng/L,1.10,,,,,,0.80,0.90,,,,,,,,,,,1.70,,1.00,2.40,,,,,,,,,,0.00,,,,,,,,,,,,,,,,,,,,,,
Michigan_MPART_Surface_Water,North Branch Pine River | 47-NPR-0060,Surface Water,43.480888,-84.897179,2023,9/8/2023,,EPA 8327,,,ng/L,,,,,,,,0.00,,,,,,,,,,,,,0.40,1.40,,,,,,,,,,0.00,,,,,,,,,,,,,,,,,,,,,,
Michigan_MPART_Surface_Water,Koss Creek | 40-KC-0020,Surface Water,45.397204,-87.716115,2023,7/13/2023,,EPA 8327,,,ng/L,,1.20,,,,,,,,,,,,,,,,,,,0.90,,,,,,,,,,,0.00,,,,,,,,,1.20,,,,,,,,0.30,,,,,
Michigan_MPART_Surface_Water,South Branch Tobacco River | 61-STOR-0100,Surface Water,43.827116,-84.728341,2023,8/9/2023,,EPA 8327,,,ng/L,,0.90,0.40,,,,,0.90,,,,,,,,,,,0.60,,0.80,1.70,,,,,,,,,,0.00,,,,,,,,,,,,,,,,0.30,,,,,,
Michigan_MPART_Surface_Water,Phillips Creek | 40-PC-0020,Surface Water,45.406499,-87.665002,2023,7/13/2023,,EPA 8327,,,ng/L,,,,,,,,,,,,,,,,,,,,,0.40,,,,,,,,,,,0.00,,,,,,,,,,,,,,,,,,,,,,
Michigan_MPART_Surface_Water,Hawk Island Park Lake | 62-HI-0020,Surface Water,42.695562,-84.53042,2023,9/20/2023,,EPA 8327,,,ng/L,1.20,,0.70,,,,1.50,1.30,,,,,,,,,,,,,,,,,,,,,,,,0.00,,,,,,,,,,,,,,,,,,,,,,
Michigan_MPART_Surface_Water,Hemlock River | 12-HR-0040,Surface Water,46.232047,-88.46113,2023,7/11/2023,,EPA 8327,,,ng/L,,1.00,,,,,,0.80,,,,,,,,,,,,,,,,,,,,,,,,0.00,,,,,,,,,,,,,,,,0.20,,,,,,
Michigan_MPART_Surface_Water,Flint River | 23-FR-0125,Surface Water,43.173202,-83.872921,2023,6/16/2023,,EPA 8327,,,ng/L,,2.00,1.00,,,,,0.90,,,,,,,,,,,,0.50,,3.70,,,,,,,,,,0.00,,,,,,,,,,,,,,,,,,,,,,
Michigan_MPART_Surface_Water,Newton Creek | 61-NC-0040,Surface Water,43.857596,-84.85016,2023,8/10/2023,,EPA 8327,,,ng/L,,,,,,,,0.00,,,,,,,,,,,,,,1.10,,,,,,,,,,0.00,,,,,,,,,,,,,,,,,,,,,,
Michigan_MPART_Surface_Water,Pine Creek | 40-PNC-0040,Surface Water,45.867424,-87.967559,2023,7/12/2023,,EPA 8327,,,ng/L,,1.20,,,,,,0.00,,,,,,,,,,,1.00,,,2.50,,,,,,,,,,0.00,,,,,,,,,,,,,,,,,,,,,,
Michigan_MPART_Surface_Water,South Branch White River | 45-SWR-0110,Surface Water,43.590362,-85.753845,2022,5/16/2022,,EPA 8327,,,ng/L,,,,,,,0.70,0.40,,,,,,,,,,,1.10,,0.00,2.90,,,,,,,,,,,,,,,,0.80,,,,,,,,,,,,,,,,
Michigan_MPART_Surface_Water,Pine River | 47-PR-0440,Surface Water,43.433553,-84.905543,2023,9/8/2023,,EPA 8327,,,ng/L,,,,,,,,0.00,,,,,,,,,,,0.70,,0.40,1.30,,,,,,,,,,0.00,,,,,,,,,,,,,,,,,,,,,,
Michigan_MPART_Surface_Water,Stager Creek | 12-STC-0010,Surface Water,45.989391,-88.314776,2023,7/12/2023,,EPA 8327,,,ng/L,,,,,,,,0.00,,,,,,,,,,,0.90,,,1.10,,,,,,,,,,0.00,,,,,,,,,,,,,,,,,,,,,,
Michigan_MPART_Surface_Water,Little Carp River | 18-LCR-0100,Surface Water,46.78362604,-88.5646943,2022,9/23/2022,,EPA 537.1,,,ng/L,,,,,,,,1.17,,,,,,,,,,,,,,,,,,,,,,,,,,,,,,,,,,,,,,,,,,,,,,
Michigan_MPART_Surface_Water,Red Cedar River | 62-RA-0190,Surface Water,42.67693,-84.093856,2023,9/20/2023,,EPA 8327,,,ng/L,,1.30,,,,,0.90,0.90,,,,,,,,,,,,,0.80,2.10,,,,,,,,,,0.00,,,,,,,,,,,,,,,,,,,,,,
Michigan_MPART_Surface_Water,North Branch Tobacco River | 61-NTOR-0020,Surface Water,43.901763,-84.521856,2023,8/9/2023,,EPA 8327,,,ng/L,,,,,,,,0.00,,,,,,,,,,,,,0.90,0.00,,,,,,,,,,0.00,,,,,,,,,,,,,,,,,,,,,,
Michigan_MPART_Surface_Water,High Intercounty Drain | 61-HID-0020,Surface Water,43.759281,-84.546705,2023,8/9/2023,,EPA 8327,,,ng/L,1.10,1.00,1.60,,,,,0.00,,,,,,,,,,,1.20,,3.00,2.90,,,,,,,,,,0.00,,,,,,,,,,,,,,,,,,,,,,
Michigan_MPART_Surface_Water,Ontonagon River | 43-ON-0010,Surface Water,46.87293631,-89.32127547,2023,8/28/2023,,EPA 8327,,,ng/L,,,,,,,,0.00,,,,,,,,,,,0.80,,,1.10,,,,,,,,,,0.00,,,,,,,,,,,,,,,,,,,,,,
Michigan_MPART_Surface_Water,Chocolay River | 05-CR-0015,Surface Water,46.496753,-87.35163,2023,8/29/2023,,EPA 8327,,,ng/L,,,0.80,,,,,1.00,,,,,,,,,,,1.90,0.80,0.80,1.40,,,,,,,,,,0.00,,,,,,,,,,,,,,,,,,,,,,
Michigan_MPART_Surface_Water,Plaster Creek | 36-PC-0040,Surface Water,42.92287324,-85.67992436,2022,9/19/2022,,EPA 8327,,,ng/L,,,1.80,,,,,,,,,1.80,,,,,,,,,,,,,,,,,,,,0.00,,,,,,,,,,,,,,,,,,,,,,
Michigan_MPART_Surface_Water,Pine River | 47-PR-0200,Surface Water,43.381565,-84.654741,2023,9/8/2023,,EPA 8327,,,ng/L,,,,,,,,0.00,,,,,,,,,,,1.00,,0.70,1.80,,,,,,,,,,0.00,,,,,,,,,,,,,,,,,,,,,,
Michigan_MPART_Surface_Water,Red Cedar River | 62-RA-0230,Surface Water,42.644709,-84.052903,2023,9/20/2023,,EPA 8327,,,ng/L,,1.00,,,,,1.00,0.00,,,,,,,,,,,1.70,,1.10,2.20,,,,,,,,,,0.00,,,,,,,,,,,,,,,,,,,,,,
Michigan_MPART_Surface_Water,Unnamed Pond | 62-NGS-0010,Surface Water,42.774415,-84.735549,2023,5/1/2023,,EPA 8327,,,ng/L,,,,1.00,,,,,,,,1.60,,,,1.60,,,,,,,,,,,,,,,,0.00,,,,,,,,,,,1.20,,,,,,,,,,,
Michigan_MPART_Surface_Water,Chippewa River | 47-CHIP-0270,Surface Water,43.572537,-84.907336,2023,9/7/2023,,EPA 8327,,,ng/L,,,,,,,,0.00,,,,,,,,,,,1.40,,0.40,2.10,,,,,,,,,,0.00,,,,,,,,,,,,,,,,,,,,,,
Michigan_MPART_Surface_Water,Chippewa River | 47-CHIP-0340,Surface Water,43.651908,-84.98767,2023,9/7/2023,,EPA 8327,,,ng/L,,,,,,,,0.90,,,,,,,,,,,1.80,,0.50,2.70,,,,,,,,,,0.00,,,,,,,,,,,,,,,,,,,,,,
Michigan_MPART_Surface_Water,Plaster Creek | 36-PC-0125,Surface Water,42.875914,-85.574994,2022,10/17/2022,,EPA 8327,,,ng/L,,,,,,,,0.00,,,,,,,,,,,,,,0.00,,,,,,,,,,0.00,,,,,,,,,,,,,,,,,,,,,,
Michigan_MPART_Surface_Water,Sycamore Creek | 62-SM-0050,Surface Water,42.684377,-84.523387,2023,9/20/2023,,EPA 8327,,,ng/L,0.70,1.60,0.40,,,,1.30,0.00,,,,,,,,,,,,,1.70,2.00,,,,,,,,,,0.00,,,,,,,,,,,,,,,,,,,,,,
Michigan_MPART_Surface_Water,Sturgeon Creek | 61-STRC-0100,Surface Water,43.711161,-84.309305,2023,8/9/2023,,EPA 8327,,,ng/L,0.90,0.90,,,,,,0.00,,,,,,,,,,,2.50,,0.50,6.60,,,,,,,,,,0.00,,,,,,,,,,,,,,,,,,,,,,
Michigan_MPART_Surface_Water,Crego Park Lake | 62-CP-0010,Surface Water,42.716097,-84.511814,2023,9/20/2023,,EPA 8327,,,ng/L,0.90,,0.60,,,,1.20,1.80,,,,,,,,,,,1.80,,0.70,,,,,,,,,,,0.00,,,,,,,,,,,,,,,,,,,,,,
Michigan_MPART_Surface_Water,Cedar River | 61-CDR-0060,Surface Water,43.980939,-84.496133,2023,8/9/2023,,EPA 8327,,,ng/L,,,,,,,,0.00,,,,,,,,,,,,,,0.00,,,,,,,,,,0.00,,,,,,,,,,,,,,,,0.30,,,,,,
Michigan_MPART_Surface_Water,Golden Lake | 12-GL-0010,Surface Water,46.170945,-88.884368,2023,7/11/2023,,EPA 8327,,,ng/L,0.40,,0.40,,,,,0.00,,,,,,,,,,,,,,2.50,,,,,,,,,,0.00,,,,,,,,,,,,,,,,0.20,,,,,,
Michigan_MPART_Surface_Water,Little River | 40-LR-0100,Surface Water,45.275118,-87.600129,2023,7/13/2023,,EPA 8327,,,ng/L,,,,,,,,0.00,,,,,,,,,,,,,0.60,,,,,,,,,,,0.00,,,,,,,,,,,,,,,,,,,,,,
Michigan_MPART_Surface_Water,West Branch Chippewa River | 47-WCHP-0030,Surface Water,43.741562,-85.163155,2023,9/7/2023,,EPA 8327,,,ng/L,,1.00,,,,,,0.00,,,,,,,,,,,1.60,,0.40,2.90,,,,,,,,,,0.00,,,,,,,,,,,,,,,,,,,,,,
Michigan_MPART_Surface_Water,Whitney Drain | 62-WD-0010,Surface Water,42.76266,-84.724596,2023,5/1/2023,,EPA 8327,,,ng/L,0.70,0.90,,,,,,1.20,,,,,,,,,,,,,0.80,,,,,,,,,,,0.00,,,,,,,,,,,,,,,,,,,,,,
Michigan_MPART_Surface_Water,Net River | 12-NR-0020,Surface Water,46.264575,-88.589113,2023,7/11/2023,,EPA 8327,,,ng/L,,1.20,,,,,,1.10,,,,,,,,,,,,,,,,,,,,,,,,0.00,,,,,,,,,,,,,,,,,,,,,,
Michigan_MPART_Surface_Water,Plaster Creek | 36-UTPC2-0100,Surface Water,42.884006,-85.566647,2022,10/17/2022,,EPA 8327,,,ng/L,,,,,,,,0.00,,,,,,,,,,,,,,0.00,,,,,,,,,,0.00,,,,,,,,,,,,,,,,,,,,,,
Michigan_MPART_Surface_Water,Brule River | 12-BR-0190,Surface Water,46.032429,-88.797291,2023,7/12/2023,,EPA 8327,,,ng/L,,,,,,,,0.00,,,,,,,,,,,,,,1.20,,,,,,,,,,0.00,,,,,,,,,,,,,,,,,,,,,,
Michigan_MPART_Surface_Water,Tittabawassee River | 61-TBR-0190,Surface Water,43.799201,-84.388189,2023,8/9/2023,,EPA 8327,,,ng/L,,,,,,,,,,,,,,,,,,,1.00,,0.50,0.80,,,,,,,,,,,,,,,,,,,,,,,,,,0.30,,,,,,
Michigan_MPART_Surface_Water,Tittabawassee River | 61-TBR-0012,Surface Water,43.394654,-84.017677,2023,8/9/2023,,EPA 8327,,,ng/L,1.00,1.20,0.70,,,,1.50,0.00,,,,,,,,,,,2.70,,2.00,3.00,,,,,,,,,,0.00,,,,,,,,,,,,,,,,,,,,,,
Michigan_MPART_Surface_Water,Unnamed Trib to the South Branc | 61-USTOR-0070,Surface Water,43.819662,-84.762405,2023,8/9/2023,,EPA 8327,,,ng/L,0.60,0.90,0.50,,,,,0.90,,,,,,,,,,,1.30,,0.70,1.60,,,,,,,,,,0.00,,,,,,,,,,,,,,,,,,,,,,
Michigan_MPART_Surface_Water,Green lake | 25-GRNL-0010,Surface Water,42.753772,-85.590766,2023,9/13/2023,,EPA 8327,,,ng/L,1.50,,0.60,,,0.80,,1.60,,,,,,,,,,,1.70,,,2.90,,,,,,,,,,0.00,,,,,,,,,,,,,,,,,,,,,,
Michigan_MPART_Surface_Water,Herron Creek | 62-HC-0020,Surface Water,42.697345,-84.459341,2023,9/20/2023,,EPA 8327,,,ng/L,1.80,,0.50,,,,,1.90,,,,,,,,,,,,,,,,,,,,,,,,0.00,,,,,,,,,,,,,,,,,,,,,,
Michigan_MPART_Surface_Water,Unamed trib to Tucker Jones Dra | 32-UTTJD3-003,Surface Water,42.601724,-82.851043,2023,9/5/2023,,EPA 8327,,,ng/L,,,,,1.50,,,,,,,,,,,,,,,0.40,,,,,,,,,,,,0.00,,,,,,,,,,,,,,,,,,,,,,
Michigan_MPART_Surface_Water,Reed Drain | 62-RE-0015,Surface Water,42.778388,-84.734558,2023,5/1/2023,,EPA 8327,,,ng/L,,,0.80,,,,,,,,,,,,,,,,,0.90,,,,,,,,,,,,0.00,,,,,,,,,,,1.00,,,,,,,,,,,
Michigan_MPART_Surface_Water,Plaster Creek | 36-PC-0032,Surface Water,42.933028,-85.689368,2022,9/19/2022,,EPA 8327,,,ng/L,,,1.90,,,,,,,,,1.70,,,,,,,,,,,,,,,,,,,,0.00,,,,,,,,,,,,,,,,,,,,,,
Michigan_MPART_Surface_Water,North Branch Chippewa River | 47-NCHP-0090,Surface Water,43.857362,-85.138281,2023,9/7/2023,,EPA 8327,,,ng/L,0.40,1.10,,,0.90,,,1.10,,,,,,,,,,,1.90,,0.70,,,,,,,,,,,0.00,,,,,,,,,,,,,,,,,,,,,,
Michigan_MPART_Surface_Water,Tucker Jones Drain | 32-TJD-0020,Surface Water,42.63073,-82.83864,2023,9/5/2023,,EPA 8327,,,ng/L,,,,,1.80,,,,,,,,,,,,,,,0.30,,,,,,,,,,,,0.00,,,,,,,,,,,,,,,,,,,,,,
Michigan_MPART_Surface_Water,Advent Creek | 15-ADC-0010,Surface Water,45.619787,-87.357834,2023,7/13/2023,,EPA 8327,,,ng/L,,1.40,0.80,,,,,1.90,,,,,,,,,,,,0.80,,,,,,,,,,,,0.00,,,,,,,,,,,,,,,,,,,,,,
Michigan_MPART_Surface_Water,Lake Lansing | 62-LLAN-0010,Surface Water,42.75367,-84.404366,2023,9/20/2023,,EPA 8327,,,ng/L,0.60,,0.80,,,,,1.80,,,,,,,,,,,,,1.60,,,,,,,,,,,0.00,,,,,,,,,,,,,,,,,,,,,,
Michigan_MPART_Surface_Water,Pine Lake Outlet | 62-PLO-0040,Surface Water,42.74719,-84.415762,2023,9/20/2023,,EPA 8327,,,ng/L,1.20,,0.80,,,,,1.90,,,,,,,,,,,,,,,,,,,,,,,,0.00,,,,,,,,,,,,,,,,,,,,,,
Michigan_MPART_Surface_Water,Marine City Drain | 32-MCD-0020,Surface Water,42.633309,-82.519909,2023,9/5/2023,,EPA 8327,,,ng/L,1.50,1.90,0.50,,,,,1.30,,,,,,,,,,,,,1.60,,,,,,,,,,,0.00,,,,,,,,,,,,,,,,,,,,,,
Michigan_MPART_Surface_Water,Sturgeon Creek | 61-STRC-0020,Surface Water,43.634874,-84.264951,2023,8/9/2023,,EPA 8327,,,ng/L,2.80,2.20,1.20,,,1.30,3.00,1.20,,,,,,,,,,,4.30,,4.80,5.70,,,,,,,,,,0.00,,,,,,,,,,,,,,,,,,,,,,
Michigan_MPART_Surface_Water,Unamed Trib to Unamed trib to T | 32-UUTTJD3-00,Surface Water,42.610769,-82.845466,2023,9/5/2023,,EPA 8327,,,ng/L,,,0.60,,,,,,,,,,,,,,,,,1.60,,,,,,,,,,,,0.00,,,,,,,,,,,,,,,,,,,,,,
Michigan_MPART_Surface_Water,Little River | 40-LR-0030,Surface Water,45.152402,-87.661958,2023,7/13/2023,,EPA 8327,,,ng/L,,0.90,,,,,1.10,0.00,,,,,,,,,,,,,0.50,,,,,,,,,,,0.00,,,,,,,,,,,,,,,,,,,,,,
Michigan_MPART_Surface_Water,Tittabawassee River | 61-TBR-0160,Surface Water,43.664867,-84.368595,2023,8/9/2023,,EPA 8327,,,ng/L,,,0.40,,,,,0.00,,,,,,,,,,,1.00,,0.60,1.40,,,,,,,,,,0.00,,,,,,,,,,,,,,,,,,,,,,
Michigan_MPART_Surface_Water,Chicagon Slough | 12-CS-0040,Surface Water,46.095076,-88.508911,2023,7/11/2023,,EPA 8327,,,ng/L,,,,,,,,0.00,,,,,,,,,,,0.90,,,2.00,,,,,,,,,,0.00,,,,,,,,,,,,,,,,,,,,,,
Michigan_MPART_Surface_Water,Little Cedar River | 40-LCR-0140,Surface Water,45.551385,-87.598804,2023,7/13/2023,,EPA 8327,,,ng/L,0.70,1.20,,,,,0.90,1.10,,,,,,,,,,,,,,,,,,,,,,,,0.00,,,,,,,,,,,,,,,,,,,,,,
Michigan_MPART_Surface_Water,Ontonagon River | 43-ON-0010,Surface Water,46.87293631,-89.32127547,2023,8/28/2023,,EPA 8327,,,ng/L,,,,,,,,0.00,,,,,,,,,,,1.20,,,0.80,,,,,,,,,,0.00,,,,,,,,,,,,,,,,,,,,,,
Michigan_MPART_Surface_Water,Pine River | 47-PR-0280,Surface Water,43.306744,-84.783429,2023,9/8/2023,,EPA 8327,,,ng/L,,,,,,,,0.00,,,,,,,,,,,,,0.50,1.50,,,,,,,,,,0.00,,,,,,,,,,,,,,,,,,,,,,
Michigan_MPART_Surface_Water,Kirkham Drain | 32-KHD-0010,Surface Water,42.720098,-82.76804,2023,9/5/2023,,EPA 8327,,,ng/L,,,1.40,,,,,,,,,,,,1.20,,,,,0.90,,,,,,,,,,,,0.70,,,,,,1.50,,,,,,,,,0.60,,,,,,,
Michigan_MPART_Surface_Water,Pine River | 47-PR-0170,Surface Water,43.400768,-84.615131,2023,9/7/2023,,EPA 8327,,,ng/L,1.30,0.80,,,,,,0.00,,,,,,,,,,,1.10,,1.00,2.10,,,,,,,,,,0.00,,,,,,,,,,,,,,,,,,,,,,
Michigan_MPART_Surface_Water,Brule River | 12-BR-0050,Surface Water,45.960942,-88.316078,2023,7/12/2023,,EPA 8327,,,ng/L,,,,,,,,0.00,,,,,,,,,,,0.70,,,1.60,,,,,,,,,,0.00,,,,,,,,,,,,,,,,0.30,,,,,,
Michigan_MPART_Surface_Water,Unnamed Trib to South Branch To | 61-USTOR2-001,Surface Water,43.843929,-84.728908,2023,8/9/2023,,EPA 8327,,,ng/L,,,,,,,,0.00,,,,,,,,,,,,,,1.00,,,,,,,,,,0.00,,,,,,,,,,,,,,,,,,,,,,
Michigan_MPART_Surface_Water,Lingle/Wolf Drain | 61-LWD-0010,Surface Water,43.585886,-84.207679,2023,8/9/2023,,EPA 8327,,,ng/L,5.80,9.00,3.10,1.40,1.10,6.90,17.00,4.00,,,,,,,1.40,18.00,,,12.00,0.70,18.00,12.00,,,,,,,,,,0.00,,,1.60,,,,,,,,,,,,,,,,0.40,,,
Michigan_MPART_Surface_Water,Chocolay River | 05-CR-0015,Surface Water,46.496753,-87.35163,2023,8/29/2023,,EPA 8327,,,ng/L,,,0.90,,,,,1.00,,,,,,,,,,,,0.80,0.80,1.70,,,,,,,,,,0.00,,,,,,,,,,,,,,,,,,,,,,
Michigan_MPART_Surface_Water,Pine River | 47-PR-0550,Surface Water,43.548857,-85.087456,2023,9/7/2023,,EPA 8327,,,ng/L,,,,,,,,0.00,,,,,,,,,,,0.70,,0.50,2.50,,,,,,,,,,0.00,,,,,,,,,,,,,,,,,,,,,,
Michigan_MPART_Surface_Water,Hays Creek | 40-HC-0010,Surface Water,45.463485,-87.592663,2023,7/13/2023,,EPA 8327,,,ng/L,0.40,,,,1.00,,,,,,,,,,,,,,,,1.30,,,,,,,,,,,0.00,,,,,,,,,,,,,,,,,0.30,,,,,
Michigan_MPART_Surface_Water,Auvase Creek | 32-AVC-0020,Surface Water,42.648691,-82.819019,2023,9/5/2023,,EPA 8327,,,ng/L,,,1.70,1.90,1.10,,,,,,,,,,,,,,,0.50,,,,,,,,,,,,0.50,,,,,,,,,,,,,,,,0.20,,,,,,
Michigan_MPART_Surface_Water,West Meridian Historical Villag | 62-WMP-0010,Surface Water,42.729895,-84.421839,2023,9/20/2023,,EPA 8327,,,ng/L,0.60,1.90,,,,,,1.00,,,,,,,,,,,,,0.60,2.50,,,,,,,,,,0.00,,,,,,,,,,,,,,,,,,,,,,
Michigan_MPART_Surface_Water,Lake Chemung | 50-CH-0010,Surface Water,42.578418,-83.835107,2024,1/22/2024,,EPA 8327,,,ng/L,1.10,,0.90,,,,,1.60,,,,,,,,,,,,,1.90,,,,,,,,,,,0.00,,,,,,,,,,,,,,,,0.30,,,,,,
Michigan_MPART_Surface_Water,Coldwater lake | 47-CWL-0010,Surface Water,43.665027,-84.953739,2023,9/7/2023,,EPA 8327,,,ng/L,,,,,,,,0.00,,,,,,,,,,,1.10,,0.50,1.90,,,,,,,,,,0.00,,,,,,,,,,,,,,,,,,,,,,
Michigan_MPART_Surface_Water,Twin Falls Creek | 40-TFC-0020,Surface Water,45.867785,-88.057725,2023,7/12/2023,,EPA 8327,,,ng/L,,0.90,,,,,,0.00,,,,,,,,,,,0.80,,0.50,1.20,,,,,,,,,,0.00,,,,,,,,,,,,,,,,0.20,,,,,,
Michigan_MPART_Surface_Water,Tittabawassee River | 61-TBR-0220,Surface Water,43.871788,-84.321275,2023,8/10/2023,,EPA 8327,,,ng/L,0.40,,,,,,,0.00,,,,,,,,,,,1.00,,0.60,2.30,,,,,,,,,,0.00,,,,,,,,,,,,,,,,,,,,,,
Michigan_MPART_Surface_Water,Kelley Creek | 40-KLC-0020,Surface Water,45.218467,-87.662474,2023,7/13/2023,,EPA 8327,,,ng/L,0.40,,,,,,1.50,1.00,,,,,,,,,,,,,0.70,,,,,,,,,,,0.00,,,,,,,,,,,,,,,,,,,,,,
Michigan_MPART_Surface_Water,West Branch Tittabawassee River | 61-WTBR-0070,Surface Water,44.181854,-84.408118,2023,8/10/2023,,EPA 8327,,,ng/L,,,,,,,,0.00,,,,,,,,,,,,,,0.00,,,,,,,,,,0.00,,,,,,,,,,,,,,,,,,,,,,
Michigan_MPART_Surface_Water,Menominee River | 40-MR-0001,Surface Water,45.096562,-87.591307,2023,7/13/2023,,EPA 8327,,,ng/L,0.50,0.80,,,,,1.00,0.00,,,,,,,,,,,1.70,,,2.00,,,,,,,,,,0.00,,,,,,,,,,,,,,,,,,,,,,
Michigan_MPART_Surface_Water,Pierson Drain | 45-PD-0010,Surface Water,43.385578,-86.425784,2022,5/16/2022,,EPA 8327,,,ng/L,,1.20,,,,,,0.30,,,,,,,,,,,,,0.50,1.90,,,,,,,,,,,,,,,,,,,,,,,,,,,,,,,,
Michigan_MPART_Surface_Water,Sycamore Creek | 62-SM-0060,Surface Water,42.666013,-84.503484,2023,9/20/2023,,EPA 8327,,,ng/L,0.60,1.20,,,,,1.30,0.00,,,,,,,,,,,,,1.40,1.00,,,,,,,,,,0.00,,,,,,,,,,,,,,,,,,,,,,
Michigan_MPART_Surface_Water,Reed Drain | 62-RE-0010,Surface Water,42.78629,-84.7239,2023,5/1/2023,,EPA 8327,,,ng/L,,,0.50,1.10,,,,,,,,,1.30,,,,,,,0.40,,,,,,,,,,,,0.40,,,,,,,,,,,0.80,,,,,,,,,,,
Michigan_MPART_Surface_Water,Red Cedar River | 62-RA-0100,Surface Water,42.700051,-84.410397,2023,9/20/2023,,EPA 8327,,,ng/L,,1.10,,,,,0.90,0.00,,,,,,,,,,,1.90,,0.80,2.10,,,,,,,,,,0.00,,,,,,,,,,,,,,,,,,,,,,
Michigan_MPART_Surface_Water,Unnamed Drain to Lake St. Clair | 32-ULSC5-0010,Surface Water,42.674843,-82.628042,2023,9/5/2023,,EPA 8327,,,ng/L,,,0.70,,1.10,1.10,,,,,,,,,,,,,,,,,,,,,,,,,,0.00,,,,,,,,,,,,,,,,,,,,,,
Michigan_MPART_Surface_Water,Plaster Creek | 36-PC-0090,Surface Water,42.902274,-85.607414,2022,10/17/2022,,EPA 8327,,,ng/L,,,,,,,,0.00,,,,,,,,,,,,,,0.00,,,,,,,,,,0.00,,,,,,,,,,,,,,,,,,,,,,
Michigan_MPART_Surface_Water,Peltier Drain | 32-PD-0010,Surface Water,42.657284,-82.788333,2023,9/5/2023,,EPA 8327,,,ng/L,,,0.80,1.00,,1.80,,,,,,,,,,,,,,,,,,,,,,,,,,0.50,,,,,,,,,,,,,,1.00,,0.30,,,,,,
Michigan_MPART_Surface_Water,Kalamink Creek | 62-KMC-0020,Surface Water,42.667107,-84.179112,2023,9/20/2023,,EPA 8327,,,ng/L,,1.00,,,,,,0.00,,,,,,,,,,,1.30,,0.40,1.10,,,,,,,,,,0.00,,,,,,,,,,,,,,,,,,,,,,
Michigan_MPART_Surface_Water,Lake Lancelot | 61-LLNC-0010,Surface Water,44.118061,-84.451912,2023,8/10/2023,,EPA 8327,,,ng/L,0.50,,0.40,,,,,0.00,,,,,,,,,,,0.80,,0.50,3.00,,,,,,,,,,0.00,,,,,,,,,,,,,,,,0.30,,,,,,
Michigan_MPART_Surface_Water,Tittabawassee River | 61-TBR-0240,Surface Water,43.959767,-84.336288,2023,8/10/2023,,EPA 8327,,,ng/L,0.40,,,,,,,,,,,,,,,,,,1.20,0.30,0.40,1.60,,,,,,,,,,,,,,,,,,,,,,,,,,,,,,,,
Michigan_MPART_Surface_Water,Chippewa River | 47-CHIP-0220,Surface Water,43.59705,-84.786471,2023,9/7/2023,,EPA 8327,,,ng/L,,0.80,,,,,,0.00,,,,,,,,,,,1.40,,0.70,2.20,,,,,,,,,,0.00,,,,,,,,,,,,,,,,,,,,,,
Michigan_MPART_Surface_Water,Menominee River | 40-MR-0260,Surface Water,45.793938,-87.999343,2023,7/12/2023,,EPA 8327,,,ng/L,,,,,,,,0.00,,,,,,,,,,,,,,1.80,,,,,,,,,,0.00,,,,,,,,,,,,,,,,,,,,,,
Michigan_MPART_Surface_Water,South Branch Tobacco River | 61-STOR-0180,Surface Water,43.830083,-84.838244,2023,8/10/2023,,EPA 8327,,,ng/L,0.60,,0.50,,,1.30,,,,,,,,,,,,,,,1.30,1.50,,,,,,,,,,,,,,,,,,,,,,,,,,,,,,,,
Michigan_MPART_Surface_Water,Cowboy Lake | 40-CBL-0010,Surface Water,45.809193,-88.120998,2023,7/12/2023,,EPA 8327,,,ng/L,0.60,1.00,1.10,,,,,1.70,,,,,,,,,,,,1.00,0.80,3.50,,,,,,,,,,0.00,,,,,,,,,,,,,,,,,,,,,,
Michigan_MPART_Surface_Water,Unnamed tributary to Walker Cre | 47-UWC-0010,Surface Water,43.726503,-85.008943,2023,9/7/2023,,EPA 8327,,,ng/L,0.50,1.30,,,1.20,,1.10,1.40,,,,,,,,,,,1.70,,0.40,,,,,,,,,,,0.00,,,,,,,,,,,,,,,,,,,,,,
Michigan_MPART_Surface_Water,Cedar River | 15-CR-0120,Surface Water,45.619865,-87.366899,2023,7/13/2023,,EPA 8327,,,ng/L,0.70,1.10,,,,,1.00,0.00,,,,,,,,,,,1.60,,,,,,,,,,,,,0.00,,,,,,,,,,,,,,,,,,,,,,
Michigan_MPART_Surface_Water,South Branch Shiawassee River | 50-SSW-0220,Surface Water,42.6161,-83.9655,2023,9/20/2023,,EPA 8327,,,ng/L,,,1.30,,,1.10,,2.00,,,,,,,,,,,,,,,,,,,,,,,,0.00,,,,,,,,,,,,,,,,,,,,,,
Michigan_MPART_Surface_Water,South Branch Tobacco River | 61-STOR-0110,Surface Water,43.831021,-84.751479,2023,8/10/2023,,EPA 8327,,,ng/L,0.90,,0.40,,,,,0.00,,,,,,,,,,,0.80,,1.00,1.60,,,,,,,,,,0.00,,,,,,,,,,,,,,,,,,,,,,
Michigan_MPART_Surface_Water,Pine River | 47-PR-0370,Surface Water,43.379184,-84.833055,2023,9/8/2023,,EPA 8327,,,ng/L,,0.90,,,,,,0.00,,,,,,,,,,,,,0.40,1.30,,,,,,,,,,0.00,,,,,,,,,,,,,,,,,,,,,,
Michigan_MPART_Surface_Water,Unnamed Tributary to the South | 50-USSW1-0010,Surface Water,42.628955,-83.973879,2023,9/20/2023,,EPA 8327,,,ng/L,1.60,,0.40,,1.50,,,,,,,,1.00,,,1.10,,,,,,,,,,,,,,,,0.00,,,,,,,,,,,,,,,,,,,,,,
Michigan_MPART_Surface_Water,Golden Lake | 12-GL-0010,Surface Water,46.170945,-88.884368,2023,7/11/2023,,EPA 8327,,,ng/L,,,0.40,,,,,0.00,,,,,,,,,,,,,,2.60,,,,,,,,,,0.00,,,,,,,,,,,,,,,,0.20,,,,,,
Michigan_MPART_Surface_Water,Menominee River | 40-MR-0020,Surface Water,45.103771,-87.621305,2023,7/13/2023,,EPA 8327,,,ng/L,,0.90,,,,,,0.80,,,,,,,,,,,,,,1.60,,,,,,,,,,0.00,,,,,,,,,,,,,,,,0.20,0.40,,,,,
Michigan_MPART_Surface_Water,Middle Branch Tobacco River | 61-MTOR-0020,Surface Water,43.887051,-84.523616,2023,8/9/2023,,EPA 8327,,,ng/L,,,,,,,,0.00,,,,,,,,,,,,,,0.90,,,,,,,,,,0.00,,,,,,,,,,,,,,,,,,,,,,
Michigan_MPART_Surface_Water,Red Cedar River | 62-RA-0050,Surface Water,42.729609,-84.506147,2023,9/20/2023,,EPA 8327,,,ng/L,,1.80,,,,,1.10,0.90,,,,,,,,,,,,,1.20,2.40,,,,,,,,,,0.00,,,,,,,,,,,,,,,,,,,,,,
Michigan_MPART_Surface_Water,Buck Lake | 12-BL-0010,Surface Water,46.0291,-88.411925,2023,7/12/2023,,EPA 8327,,,ng/L,0.40,,,,,,,0.00,,,,,,,,,,,,,,1.40,,,,,,,,,,0.00,,,,,,,,,,,,,,,,,,,,,,
Michigan_MPART_Surface_Water,Porter Creek | 12-PTC-0020,Surface Water,46.28988,-88.5767,2023,7/11/2023,,EPA 8327,,,ng/L,,0.80,,,,,,0.00,,,,,,,,,,,,,,2.00,,,,,,,,,,0.00,,,,,,,,,,,,,,,,0.20,,,,,,
Michigan_MPART_Surface_Water,Bush Creek | 47-BC-0070,Surface Water,43.451474,-84.514886,2023,9/7/2023,,EPA 8327,,,ng/L,1.30,1.00,0.60,,,,1.30,0.00,,,,,,,,,,,,0.80,,,,,,,,,,,,0.00,,,,,,,,,,,,,,,,,,,,,,
Michigan_MPART_Surface_Water,Unnamed Trib to Cedar River | 15-UTCR3-0020,Surface Water,45.693811,-87.387588,2023,7/13/2023,,EPA 8327,,,ng/L,0.60,,,,,,,0.00,,,,,,,,,,,1.10,,,,,,,,,,,,,0.00,,,,,,,,,,,,,,,,,,,,,,
Michigan_MPART_Surface_Water,Roseville/Clinton/Harrison Reli | 32-RCHRD-0010,Surface Water,42.556697,-82.862794,2023,9/5/2023,,EPA 8327,,,ng/L,,,,,,,,,,,,,,,,,,,,,,,,,,,,,,,,0.00,,,,,,,,,,,,,,,,,,,,,,
Michigan_MPART_Surface_Water,Sturgeon River | 40-STR-0050,Surface Water,45.787017,-87.786938,2023,7/12/2023,,EPA 8327,,,ng/L,,,,,,,,0.00,,,,,,,,,,,1.40,,,2.60,,,,,,,,,,0.00,,,,,,,,,,,,,,,,,,,,,,
Michigan_MPART_Surface_Water,Little Salt Creek | 47-LSC-0030,Surface Water,43.567919,-84.458812,2023,9/7/2023,,EPA 8327,,,ng/L,1.10,1.20,,,,,,0.90,,,,,,,,,,,,,1.30,,,,,,,,,,,0.00,,,,,,,,,,,,,,,,,,,,,,
Michigan_MPART_Surface_Water,MDNR Rearing Pond | 36-DNR-030,Surface Water,43.081574,-85.601296,2023,9/22/2023,,EPA 8327,,,ng/L,,1.20,0.80,,,1.00,1.60,0.90,,,,,,,,,,,1.60,1.10,,1.30,,,,,,,,,,0.00,,,,,,,,,,,,,,,,,,,,,,
Michigan_MPART_Surface_Water,Tittabawassee River | 61-TBR-0190,Surface Water,43.799201,-84.388189,2023,8/9/2023,,EPA 8327,,,ng/L,0.50,,0.40,,,,,0.00,,,,,,,,,,,1.10,,0.40,0.90,,,,,,,,,,0.00,,,,,,,,,,,,,,,,0.30,,,,,,
Michigan_MPART_Surface_Water,Little Carp River | 18-LCR-0010,Surface Water,46.835576,-88.483691,2022,9/23/2022,,EPA 537.1,,,ng/L,1.85,,,,,,,,,,,,,,,,,,,,,2.92,,,,,,,,,,,,,,,,,,,,,,,,,,,,,,,,
Michigan_MPART_Surface_Water,Red Cedar River | 62-RA-0210,Surface Water,42.655303,-84.079494,2023,9/20/2023,,EPA 8327,,,ng/L,,1.30,,,,,,0.00,,,,,,,,,,,1.50,,0.90,1.90,,,,,,,,,,0.00,,,,,,,,,,,,,,,,,,,,,,
Michigan_MPART_Surface_Water,Lake Antoine | 40-LA-0010,Surface Water,45.84278,-88.018236,2023,7/12/2023,,EPA 8327,,,ng/L,0.70,1.60,0.80,,,,1.10,1.40,,,,,,,,0.80,,,1.20,0.50,0.60,3.60,,,,,,,,,,0.00,,,,,,,,,,,,,,,,,,,,,,
Michigan_MPART_Surface_Water,Lower Trout Lake | 17-LTL-0010,Surface Water,42.741221,-83.219106,2023,9/5/2023,,EPA 8327,,,ng/L,,,1.80,,,,,1.60,,,,,,,,,,,,0.70,,,,,,,,,,,,0.00,,,,,,,,,,,,,,,,,,,,,,
Michigan_MPART_Surface_Water,Advent Creek | 15-ADC-0010,Surface Water,45.619787,-87.357834,2023,7/13/2023,,EPA 8327,,,ng/L,,0.80,0.70,,,,,1.60,,,,,,,,,,,,0.90,,,,,,,,,,,,0.00,,,,,,,,,,,,,,,,,,,,,,
Michigan_MPART_Surface_Water,Peshekee River | 41-PSKR-0020,Surface Water,46.556741,-88.002973,2023,7/11/2023,,EPA 8327,,,ng/L,,1.20,,,,,,0.80,,,,,,,,,,,,,,3.50,,,,,,,,,,0.00,,,,,,,,,,,,,,,,,,,,,,
Michigan_MPART_Surface_Water,Marsac Creek | 32-MCR-0020,Surface Water,42.691482,-82.711044,2023,9/5/2023,,EPA 8327,,,ng/L,,,,,,,,,,,,,,,,,,,,0.50,,,,,,,,,,,,0.50,,,,,,,,,,,,,,,,,,,,,,
Michigan_MPART_Surface_Water,Plaster Creek | 36-UTPC1-0120,Surface Water,42.87291,-85.557222,2022,10/17/2022,,EPA 8327,,,ng/L,,,,,,,,,,,,,,,,,,,,,,0.00,,,,,,,,,,0.00,,,,,,,,,,,,,,,,,,,,,,
Michigan_MPART_Surface_Water,Carrol Creek Drain | 61-CCD-0010,Surface Water,43.632729,-84.330301,2023,8/9/2023,,EPA 8327,,,ng/L,1.10,1.30,,,,,0.80,0.90,,,,,,,,,,,2.30,,1.10,5.40,,,,,,,,,,0.00,,,,,,,,,,,,,,,,,,,,,,
Michigan_MPART_Surface_Water,South Branch Tobacco River | 61-STOR-0180,Surface Water,43.830083,-84.838244,2023,8/10/2023,,EPA 8327,,,ng/L,0.50,,0.50,,,1.20,0.90,0.00,,,,,,,,,,,0.70,,1.90,1.80,,,,,,,,,,0.00,,,,,,,,,,,,,,,,0.30,,,,,,
Michigan_MPART_Surface_Water,Sturgeon River | 40-STR-0010,Surface Water,45.754214,-87.861436,2023,7/12/2023,,EPA 8327,,,ng/L,,,,,,,,0.00,,,,,,,,,,,,,,2.60,,,,,,,,,,0.00,,,,,,,,,,,,,,,,,,,,,,
Michigan_MPART_Surface_Water,Unnamed Tributary to Red Cedar | 62-URA2-0010,Surface Water,42.68522,-84.26274,2023,9/20/2023,,EPA 8327,,,ng/L,1.20,,,,,,1.60,1.10,,,,,,,,,,,,,1.40,,,,,,,,,,,0.00,,,,,,,,,1.50,,,,,,,,,,,,,
Michigan_MPART_Surface_Water,Newell Drain | 61-ND-0010,Surface Water,43.677215,-84.267173,2023,8/9/2023,,EPA 8327,,,ng/L,2.40,2.20,1.00,,,1.10,2.80,1.50,,,,,,,,,,,4.10,0.40,5.50,5.40,,,,,,,,,,0.00,,,,,,,,,,,,,,,,,,,,,,
Michigan_MPART_Surface_Water,Roundy Branch | 47-RB-0020,Surface Water,43.756258,-85.260423,2023,9/7/2023,,EPA 8327,,,ng/L,0.70,1.20,,,,,,0.80,,,,,,,,,,,,,1.10,3.90,,,,,,,,,,0.00,,,,,,,,,,,,,,,,,,,,,,
Michigan_MPART_Surface_Water,Wagner Creek | 12-WC-0030,Surface Water,46.048194,-88.520777,2023,7/12/2023,,EPA 8327,,,ng/L,,,,,,,,0.00,,,,,,,,,,,0.80,,,3.20,,,,,,,,,,0.00,,,,,,,,,,,,,,,,0.30,,,,,,
Michigan_MPART_Surface_Water,Pass Creek | 12-PSC-0010,Surface Water,46.33989,-88.5813,2023,7/11/2023,,EPA 8327,,,ng/L,,,,,,,,0.00,,,,,,,,,,,,,,2.50,,,,,,,,,,0.00,,,,,,,,,,,,,,,,,,,,,,
Michigan_MPART_Surface_Water,Middle Branch Tobacco River | 61-MTOR-0050,Surface Water,43.901854,-84.597312,2023,8/9/2023,,EPA 8327,,,ng/L,,,,,,,,0.00,,,,,,,,,,,,,,0.00,,,,,,,,,,0.00,,,,,,,,,,,,,,,,,,,,,,
Michigan_MPART_Surface_Water,Depas Creek | 15-DC-0010,Surface Water,45.658331,-87.326291,2023,7/13/2023,,EPA 8327,,,ng/L,,,1.30,,,,,,,,,,,,,,,,,0.70,,,,,,,,,,,,0.00,,,,,,,,,,,,,,,,0.20,,,,,,
Michigan_MPART_Surface_Water,Onion Creek | 47-OC-0080,Surface Water,43.595926,-84.687869,2023,9/7/2023,,EPA 8327,,,ng/L,1.50,,1.30,,,0.80,,1.50,,,,,,,,,,,,,,,,,,,,,,,,0.00,,,,,,,,,,,,,,,,,,,,,,
Michigan_MPART_Surface_Water,Doan Creek | 62-DC-0010,Surface Water,42.674128,-84.244011,2023,9/20/2023,,EPA 8327,,,ng/L,,0.80,,,,,,0.00,,,,,,,,,,,1.50,,0.60,1.10,,,,,,,,,,0.00,,,,,,,,,,,,,,,,,,,,,,
Michigan_MPART_Surface_Water,Inlet to MDNR Rearing Pond | 36-BLMT-0020,Surface Water,43.082707,-85.60457,2023,9/22/2023,,EPA 8327,,,ng/L,,1.70,0.80,,,1.00,1.40,0.80,,,,,,,,,,,1.30,1.30,,1.00,,,,,,,,,,0.00,,,,,,,,,,,,,,,,,,,,,,
Michigan_MPART_Surface_Water,Chippewa | 47-CHIP-0170,Surface Water,43.624926,-84.767802,2023,9/7/2023,,EPA 8327,,,ng/L,1.60,,0.80,,,,,1.50,,,,,,,,,,,,,,3.90,,,,,,,,,,0.00,,,,,,,,,,,,,,,,,,,,,,
Michigan_MPART_Surface_Water,Red Cedar River | 62-RA-0280,Surface Water,42.558688,-83.976572,2023,9/20/2023,,EPA 8327,,,ng/L,,1.10,,,,,,0.80,,,,,,,,,,,1.80,,0.60,2.30,,,,,,,,,,0.00,,,,,,,,,,,,,,,,,,,,,,
Michigan_MPART_Surface_Water,Chippewa River | 47-CHIP-0200,Surface Water,43.609334,-84.782256,2023,9/7/2023,,EPA 8327,,,ng/L,0.40,0.80,,,,,,0.00,,,,,,,,,,,1.40,,1.00,2.20,,,,,,,,,,0.00,,,,,,,,,,,,,,,,,,,,,,
Michigan_MPART_Surface_Water,Plaster Creek | 36-UTPC1-0120,Surface Water,42.87291,-85.557222,2022,9/19/2022,,EPA 8327,,,ng/L,,,1.40,1.30,,,,,,,,1.60,,,,,,,,,,,,,,,,,,,,0.00,,,,,,,,,,,1.40,,,,,,,,,,,
Michigan_MPART_Surface_Water,Waiska River | 54-WR-0010,Surface Water,46.411693,-84.572494,2023,8/30/2023,,EPA 8327,,,ng/L,0.50,,,,,,,0.00,,,,,,,,,,,,,,2.30,,,,,,,,,,0.00,,,,,,,,,,,,,,,,,,,,,,
Michigan_MPART_Surface_Water,Hay Creek | 15-HC-0010,Surface Water,45.133882,-87.612664,2023,7/13/2023,,EPA 8327,,,ng/L,,,,,,1.80,,,,,,1.80,,,,,,,,0.40,,,,,,,,,,,,0.00,,,,,,,,,,,,,,,,,0.30,,,,,
Michigan_MPART_Surface_Water,Lake Winyah | 59-LW-0010,Surface Water,45.095596,-83.572724,2022,10/25/2022,,EPA 8327,,,ng/L,,,,,,,,0.00,,,,,,,,,,,,,,0.00,,,,,,,,,,0.00,,,,,,,,,,,,,,,,,,,,,,
Michigan_MPART_Surface_Water,Second North Branch Chippewa Ri | 47-SNCHP-0100,Surface Water,43.69819,-84.858368,2023,9/7/2023,,EPA 8327,,,ng/L,,1.00,,,,,,0.90,,,,,,,,,,,1.10,,,2.00,,,,,,,,,,0.00,,,,,,,,,,,,,,,,,,,,,,
Michigan_MPART_Surface_Water,Little Cedar River | 40-LCR-0080,Surface Water,45.455888,-87.606004,2023,7/13/2023,,EPA 8327,,,ng/L,0.90,,,,,,,,,,,,,,,,,,,,0.40,,,,,,,,,,,0.00,,,,,,,,,,,,,,,,,,,,,,
Michigan_MPART_Surface_Water,Kirby Creek | 15-KC-0010,Surface Water,45.118854,-87.61373,2023,7/13/2023,,EPA 8327,,,ng/L,1.70,,0.40,,,1.20,,,,,,,,,,,,,,0.40,,,,,,,,,,,,0.00,,,,,,,,,,,,,,,,,0.40,,,,,
Michigan_MPART_Surface_Water,Lake Winyah | 59-LW-0020,Surface Water,45.109287,-83.540624,2022,10/25/2022,,EPA 8327,,,ng/L,,,,,,,,0.00,,,,,,,,,,,,,,0.00,,,,,,,,,,0.00,,,,,,,,,,,,,,,,,,,,,,
Michigan_MPART_Surface_Water,Inlet to MDNR Rearing Pond | 36-UTRR-0010,Surface Water,43.08282,-85.598818,2023,9/22/2023,,EPA 8327,,,ng/L,,,,,,,,,,,,,,,,,,,,,,,,,,,,,,,,0.00,,,,,,,,,,,,,,,,,,,,,,
Michigan_MPART_Surface_Water,MDNR Rearing Pond | 36-DNR-020,Surface Water,43.082962,-85.598714,2023,9/22/2023,,EPA 8327,,,ng/L,1.30,,,,,,,,,,,,,,,,,,,,,3.10,,,,,,,,,,0.00,,,,,,,,,,,,,,,,,,,,,,
Michigan_MPART_Surface_Water,Unnamed Tributary to the South | 50-USSW2-0010,Surface Water,42.6391015,-83.9743319,2023,9/20/2023,,EPA 8327,,,ng/L,,0.80,,,,,,0.90,,,,,,,,,,,1.90,,,2.10,,,,,,,,,,0.00,,,,,,,,,,,,,,,,,,,,,,
Michigan_MPART_Surface_Water,Unnamed Tributary to the South | 50-USSW2-0010,Surface Water,42.6391015,-83.9743319,2023,9/20/2023,,EPA 8327,,,ng/L,,1.20,,,,,0.90,0.90,,,,,,,,,,,1.80,,,2.10,,,,,,,,,,0.00,,,,,,,,,,,,,,,,,,,,,,
Michigan_MPART_Surface_Water,Former Magna International Inc. | 62-RPM-0010,Surface Water,42.62845,-83.988731,2023,9/20/2023,,EPA 8327,,,ng/L,,,0.60,,0.90,,,,,,,,,,,0.80,,,,,1.60,,,,,,,,,,,0.00,,,,,,,,,,,,,,,,,,,,,,
Michigan_MPART_Surface_Water,Canham Drain | 61-CHD-0020,Surface Water,43.959134,-84.472751,2023,8/9/2023,,EPA 8327,,,ng/L,2.60,1.40,0.70,,,,2.50,1.30,,,,,,,,,,,3.70,,3.50,5.30,,,,,,,,,,0.00,,,,,,,,,,,,,,,,,,,,,,
Michigan_MPART_Surface_Water,Tittabawassee River | 61-TBR-0250,Surface Water,43.979629,-84.357967,2023,8/10/2023,,EPA 8327,,,ng/L,0.60,,,,,,,0.00,,,,,,,,,,,1.30,,,1.60,,,,,,,,,,0.00,,,,,,,,,,,,,,,,,,,,,,
Michigan_MPART_Surface_Water,Pony Creek | 47-PC-0020,Surface Water,43.552919,-84.9949,2023,9/8/2023,,EPA 8327,,,ng/L,,0.90,,,,,0.80,0.80,,,,,,,,,,,1.50,,0.40,3.70,,,,,,,,,,0.00,,,,,,,,,,,,,,,,,,,,,,
Michigan_MPART_Surface_Water,Salt River | 61-SR-0010,Surface Water,43.67816,-84.394596,2023,8/9/2023,,EPA 8327,,,ng/L,0.70,,0.50,,,,,0.80,,,,,,,,,,,1.50,,1.60,2.60,,,,,,,,,,0.00,,,,,,,,,,,,,,,,,,,,,,
Michigan_MPART_Surface_Water,Sunset Creek | 12-SNC-0040,Surface Water,46.129973,-88.637758,2023,7/12/2023,,EPA 8327,,,ng/L,0.40,,,,,,,0.00,,,,,,,,,,,1.10,,,,,,,,,,,,,0.00,,,,,,,,,,,,,,,,0.30,,,,,,
Michigan_MPART_Surface_Water,Lake Winyah | 59-LW-0010,Surface Water,45.095596,-83.572724,2022,10/25/2022,,EPA 8327,,,ng/L,,,,,,,,0.00,,,,,,,,,,,,,,0.00,,,,,,,,,,0.00,,,,,,,,,,,,,,,,,,,,,,
Michigan_MPART_Surface_Water,Hanbury Creek | 40-HBC-0010,Surface Water,45.765229,-87.862168,2023,7/12/2023,,EPA 8327,,,ng/L,,,,,,,,0.00,,,,,,,,,,,0.70,,0.60,1.70,,,,,,,,,,0.00,,,,,,,,,,,,,,,,,,,,,,
Michigan_MPART_Surface_Water,South Branch White River | 45-SWR-0010,Surface Water,43.567635,-86.053699,2022,5/16/2022,,EPA 8327,,,ng/L,,1.50,,,,,0.60,0.90,,,,,,,,,,,1.50,,0.50,,,,,,,,,,,,,,,,,,,,,,,,,,,,,,,,,
Michigan_MPART_Surface_Water,Fish Creek | 32-FC-0020,Surface Water,42.675382,-82.785507,2023,9/5/2023,,EPA 8327,,,ng/L,,,,,,1.90,,,,,,,,,,,,,,,,,,,,,,,,,,0.00,,,,,,,,,,,,,,,,0.20,,,,,,
Michigan_MPART_Surface_Water,Milk River | 32-MR-0020,Surface Water,42.451976,-82.88669,2023,9/5/2023,,EPA 8327,,,ng/L,,1.90,0.60,,,0.90,,1.10,,,,,,,,,,,,,1.30,3.20,,,,,,,,,,0.00,,,,,,,,,,,,,,,,,,,,,,
Michigan_MPART_Surface_Water,Unnamed Tributary to Horse Cree | 47-UHC-0010,Surface Water,43.374867,-84.626659,2023,9/8/2023,,EPA 8327,,,ng/L,,,,,1.40,0.80,,0.00,,,,,,,,,,,0.90,,0.50,1.30,,,,,,,,,,0.00,,,,,,,,,,,,,,,,,,,,,,
Michigan_MPART_Surface_Water,Unnamed Tributary to Mud Lake | 62-UML-0010,Surface Water,42.737634,-84.393054,2023,9/20/2023,,EPA 8327,,,ng/L,,0.90,,,,,1.00,0.00,,,,,,,,,,,1.90,,1.70,2.40,,,,,,,,,,0.00,,,,,,,,,,,,,,,,,,,,,,
Michigan_MPART_Surface_Water,Unnamed Drain to Lake St. Clair | 32-ULSC8-0030,Surface Water,42.627077,-82.547746,2023,9/5/2023,,EPA 8327,,,ng/L,1.80,1.70,1.40,,,,1.70,0.00,,,,,,,,,,,,,,3.40,,,,,,,,,,0.00,,,,,,,,,,,,,,,,0.30,,,,,,
Michigan_MPART_Surface_Water,Brook Creek | 15-BRC-0010,Surface Water,45.657617,-87.418955,2023,7/13/2023,,EPA 8327,,,ng/L,0.40,,,,,,,,,,,,,,,,,,,,0.40,,,,,,,,,,,0.00,,,,,,,,,,,,,,,,,0.30,,,,,
Michigan_MPART_Surface_Water,Sturgeon River | 40-STR-0030,Surface Water,45.77672,-87.827281,2023,7/12/2023,,EPA 8327,,,ng/L,,,,,,,,0.00,,,,,,,,,,,1.60,,,2.60,,,,,,,,,,0.00,,,,,,,,,,,,,,,,,,,,,,
Michigan_MPART_Surface_Water,South Branch Pine River | 02-SPR-0030,Surface Water,44.5771,-83.4937,2020,5/26/2020,,EPA 537.1,,,ng/L,0.55,0.98,,0.00,0.27,0.38,0.64,0.60,0.00,,,,,,,,,,0.87,0.00,0.35,,,,,,,,,,,,,,,,,,,0.00,0.00,,,0.00,,,0.94,0.00,0.00,,0.00,,,
Michigan_MPART_Surface_Water,Pinnebog River | 46-PBR-0150,Surface Water,43.84428,-83.16207,2023,5/4/2023,,EPA 537.1,,,ng/L,,,,0.00,0.00,,0.51,0.23,0.00,,0.00,,,,,,,,,0.00,1.10,4.60,,,,,,,,,,,,,,,,,,0.00,,,,,,,,0.00,0.00,,,,,
Michigan_MPART_Surface_Water,Pipestone Creek | 52-PC-0060,Surface Water,42.05786,-86.35472,2021,9/15/2021,,EPA 537.1,,,ng/L,,,,0.00,0.00,,,0.00,0.00,,0.00,,,,,,,,,0.00,1.10,2.70,,,,,,,,,,,,,,,,,,,,,,,,,,0.00,0.31,,,,,
Michigan_MPART_Surface_Water,Picket Creek | 01-PC-0025,Surface Water,44.34587,-83.68142,2019,5/1/2019,,EPA 537.1,,,ng/L,,1.10,,0.00,0.49,0.46,1.00,0.68,0.00,,,,,,,,,,,0.00,0.46,,,,,,,,,,,,,,,,,,,,0.00,,,0.00,,,,,,,,,,
Michigan_MPART_Surface_Water,Unnamed trib to Carruthers Drai | 52-UCD-0020,Surface Water,41.7908,-84.6881,2020,9/16/2020,,EPA 537.1,,,ng/L,0.65,1.40,,0.00,0.28,,,0.72,0.00,,0.00,,,,,,,,,0.00,0.52,,,,,,,,,,,,,,,,,,,0.00,,,,,,,,0.00,0.00,,,,,
Michigan_MPART_Surface_Water,Detroit River Downstream | 19-DR-1000,Surface Water,42.05417,-83.152504,2019,9/12/2019,,EPA 537.1,,,ng/L,6.20,1.40,,0.00,0.31,0.83,1.10,0.57,0.00,,,1.90,,,,,,,0.80,0.00,0.33,1.50,,,,,,,,,,,,,,,,,,0.00,0.00,,,0.00,,,,,,,,,,
Michigan_MPART_Surface_Water,Mill Creek | 51-MLC-0180,Surface Water,43.1241,-82.8926,2023,11/8/2023,,EPA 537.1,,,ng/L,,1.30,,0.00,0.00,1.10,1.00,0.79,0.00,,0.00,,,,,,,,1.30,0.00,1.40,,,,,,,,,,,,,,,,,,,,,,,,,,,0.00,,,,,,
Michigan_MPART_Surface_Water,South Branch White Creek | 14-SWC-0110,Surface Water,43.43961,-83.16974,2022,11/9/2022,,EPA 537.1,,,ng/L,0.59,,,0.39,0.31,,0.58,0.43,0.00,,0.26,,,,,,,,0.52,0.33,0.69,2.40,,,,,,,,,,,,,,,,,,0.00,,,,,,,,0.24,0.00,,,,,
Michigan_MPART_Surface_Water,Burtch Creek | 06-BH-0029,Surface Water,43.15204,-82.54243,2019,7/16/2019,,EPA 537.1,,,ng/L,,,,0.00,0.27,0.39,,0.57,0.18,,,,,,,,,,0.46,0.00,0.24,1.10,,,,,,,,,,,,,,,,,,0.00,0.00,,,0.00,,,,,,,,,,
Michigan_MPART_Surface_Water,Hembling Drain | 27-HD-0010,Surface Water,43.668327,-83.988639,2020,9/9/2020,,EPA 537.1,,,ng/L,,1.50,,0.00,0.34,0.92,1.80,0.99,0.00,,0.00,,,,,,,,,0.00,,,,,,,,,,,,,,,,,,,,0.00,,,,,,,,0.00,0.00,,,,,
Michigan_MPART_Surface_Water,West Branch Sturgeon River | 16-WSR-0010,Surface Water,45.2716,-84.6021,2023,11/13/2023,,EPA 537.1,,,ng/L,,,,0.00,0.00,,,0.00,0.00,,0.00,,,,,,,,,0.00,0.00,,,,,,,,,,,,,,,,,,,,,,,,,,,0.00,,,,,,
Michigan_MPART_Surface_Water,Mill Creek | 51-MLC-0180,Surface Water,43.1241,-82.8926,2023,7/10/2023,,EPA 537.1,,,ng/L,,0.79,,0.00,0.00,,,1.10,0.00,,0.00,,,,,,,,,0.00,0.00,,,,,,,,,,,,,,,,,,,0.00,,,,0.00,,,,0.00,0.00,,,,,
Michigan_MPART_Surface_Water,Nottawa Creek | 52-NC-0180,Surface Water,42.1956,-85.1031,2019,11/13/2019,,EPA 537.1,,,ng/L,,,,0.00,0.00,0.37,,0.00,0.00,,,,,,,,,,,0.00,0.29,1.60,,,,,,,,,,,,,,,,,,0.00,0.00,,,0.00,,,,,,,,,,
Michigan_MPART_Surface_Water,Mill Creek | 51-MLC-0180,Surface Water,43.1241,-82.8926,2023,7/17/2023,,EPA 537.1,,,ng/L,,,,0.00,0.00,,,0.00,0.00,,0.00,,,,,,,,,0.00,0.00,,,,,,,,,,,,,,,,,,,,,,,,,,,0.00,,,,,,
Michigan_MPART_Surface_Water,St. Clair River Downstream | 51-SCR-0080,Surface Water,42.649448,-82.513338,2019,5/23/2019,,EPA 537.1,,,ng/L,1.20,1.30,,0.00,0.27,0.65,0.87,0.61,0.00,,,,,,,,,,,0.00,0.23,1.50,,,,,,,,,,,,,,,,,,0.00,0.00,,,0.00,,,0.00,,,,,,,
Michigan_MPART_Surface_Water,North Branch Cedar River | 61-NCDR-0040,Surface Water,44.07533,-84.57174,2023,11/1/2023,,EPA 537.1,,,ng/L,,,,0.00,1.00,,,0.00,0.00,,0.00,,,,,,,,,0.00,0.00,,,,,,,,,,,,,,,,,,,0.00,,,,,,,,0.00,0.00,,,,,
Michigan_MPART_Surface_Water,Trout Creek | 17-TC-0100,Surface Water,42.74111,-83.24601,2023,9/21/2023,,EPA 537.1,,,ng/L,1.40,,,0.00,0.75,0.75,,,0.00,,0.00,,,,,,,,,0.00,,,,,,,,,,,,,,,,,,,,0.00,,,,,,,,0.00,0.00,,,,,
Michigan_MPART_Surface_Water,Mill Creek | 51-MLC-0180,Surface Water,43.1241,-82.8926,2023,7/11/2023,,EPA 537.1,,,ng/L,,,,0.00,0.00,,,0.22,0.00,,0.00,,,,,,,,,0.00,0.38,,,,,,,,,,,,,,,,,,,0.00,,,,0.00,,,,0.00,0.00,,,,,
Michigan_MPART_Surface_Water,Mill Creek | 51-MLC-0180,Surface Water,43.1241,-82.8926,2023,7/10/2023,,EPA 537.1,,,ng/L,,,,0.00,0.00,,,0.00,0.00,,0.00,,,,,,,,,0.00,0.00,,,,,,,,,,,,,,,,,,,0.00,,,,,,,,0.00,0.00,,,,,
Michigan_MPART_Surface_Water,Tittabawassee River | 61-TBR-0010,Surface Water,43.3918,-84.016,2020,9/15/2020,,EPA 537.1,,,ng/L,1.80,1.20,,0.00,0.46,0.89,1.60,0.64,0.00,,0.00,,,,,,,,,0.00,1.60,3.40,,,,,,,,,,,,,,,,,,0.00,,,,,,,,0.00,0.00,,,,,
Michigan_MPART_Surface_Water,Dickerson Creek | 36-DIC-0190,Surface Water,43.19666,-85.1894,2022,9/1/2022,,EPA 537.1,,,ng/L,0.93,1.10,,0.00,0.40,,1.10,1.00,0.00,,0.00,,,,,,,,0.83,0.00,,,,,,,,,,,,,,,,,,,,0.00,,,,,,,,0.00,0.00,,,,,
Michigan_MPART_Surface_Water,West Branch Clam River | 42-WCM-0030,Surface Water,44.11738,-85.05988,2022,11/1/2022,,EPA 537.1,,,ng/L,,,,0.00,0.00,,,0.36,0.00,,0.00,,,,,,,,,0.00,0.44,3.70,,,,,,,,,,,,,,,,,,,,,,,,,,0.00,0.31,,,,,
Michigan_MPART_Surface_Water,Mill Creek | 51-MLC-0180,Surface Water,43.1241,-82.8926,2023,7/10/2023,,EPA 537.1,,,ng/L,,,,0.00,0.00,,,0.00,0.00,,0.00,,,,,,,,,0.00,0.00,,,,,,,,,,,,,,,,,,,0.00,,,,,,,,0.00,0.00,,,,,
Michigan_MPART_Surface_Water,Saginaw Bay | 30-SB-0040,Surface Water,43.684726,-83.84306,2019,11/19/2019,,EPA 537.1,,,ng/L,2.70,1.40,,0.00,0.35,0.86,1.40,0.69,0.00,,,,,,,,,,1.10,0.00,1.20,,,,,,,,,,,,,,,,,,,0.00,0.00,,,0.00,,,0.47,,,,,,,
Michigan_MPART_Surface_Water,Unnamed Trib to Five Mile Creek | 45-FMC-0050,Surface Water,43.605694,-85.643331,2021,11/2/2021,,EPA 537.1,,,ng/L,,,,0.00,0.00,,,0.00,0.00,,0.00,,,,,,,,,0.00,0.00,,,,,,,,,,,,,,,,,,,0.00,,,,,,,,0.00,0.00,,,,,
Michigan_MPART_Surface_Water,St. Clair River Downstream | 51-SCR-0080,Surface Water,42.649448,-82.513338,2019,11/5/2019,,EPA 537.1,,,ng/L,1.60,1.40,,0.00,0.32,0.76,0.76,0.54,0.00,,,,,,,,,,,0.00,0.00,1.20,,,,,,,,,,,,,,,,,,,0.00,,,0.00,,,0.46,,,,,,,
Michigan_MPART_Surface_Water,South Branch Kalamazoo River | 25-SKR-0150,Surface Water,42.13117,-84.73139,2019,7/9/2019,,EPA 537.1,,,ng/L,,,,0.00,0.00,0.56,,0.21,0.00,,,,,,,,,,,0.00,0.44,0.84,,,,,,,,,,,,,,,,,,0.00,0.00,,,0.00,,,0.00,,,,,,,
Michigan_MPART_Surface_Water,Swan Creek | 32-SC-0020,Surface Water,42.6813,-82.6587,2022,7/7/2022,,EPA 537.1,,,ng/L,,,,0.62,0.60,0.74,1.40,0.99,0.00,,0.00,,,,,,,,1.20,0.00,0.50,2.40,,,,,,,,,,,,,,,,,,0.00,,,,,,,,0.00,0.00,,,,,
Michigan_MPART_Surface_Water,Flint River | 23-FR-0041,Surface Water,43.308893,-83.952504,2001,2/15/2001,,Undisclosed,,,ng/L,,,,,,,,,,,,,,,,,,,,,,,,,,,,,,,,,,,,,,,,,,,,,,,,,,,,,,
Michigan_MPART_Surface_Water,South Branch Pine River | 51-SPN-0080,Surface Water,42.9912,-82.7298,2019,5/21/2019,,EPA 537.1,,,ng/L,1.50,,,0.00,0.56,0.80,,,0.00,,,,,,,,,,3.00,0.00,,,,,,,,,,,,,,,,,,,,,0.45,,,0.00,,,,,,,,,,
Michigan_MPART_Surface_Water,Macon Creek | 48-MC-0130,Surface Water,41.99163,-83.74988,2020,9/16/2020,,EPA 537.1,,,ng/L,1.40,1.20,,0.00,0.26,0.63,0.86,0.58,0.00,,0.00,,,,,,,,1.50,0.00,1.10,2.60,,,,,,,,,,,,,,,,,,0.00,,,,,,,,0.00,0.00,,,,,
Michigan_MPART_Surface_Water,North Branch Cedar River | 61-NCDR-0040,Surface Water,44.07533,-84.57174,2023,5/3/2023,,EPA 537.1,,,ng/L,,,,0.00,0.00,,,0.00,0.00,,0.00,,,,,,,,,0.00,0.17,,,,,,,,,,,,,,,,,,,0.00,,,,,,,,0.00,0.00,,,,,
Michigan_MPART_Surface_Water,Remey Chandler Drain | 62-RCD-0010,Surface Water,42.84412,-84.53793,2019,11/14/2019,,EPA 537.1,,,ng/L,1.60,1.40,,,0.00,0.71,1.60,0.85,0.00,,,,,,,,,,1.80,0.00,1.90,,,,,,,,,,,,,,,,,,,,0.00,,,0.00,,,,,,,,,,
Michigan_MPART_Surface_Water,Trout Creek | 17-TC-0100,Surface Water,42.74111,-83.24601,2019,9/11/2019,,EPA 537.1,,,ng/L,0.70,0.90,,0.00,0.00,0.40,1.30,0.40,0.00,,,,,,,,,,1.00,0.00,0.90,1.50,,,,,,,,,,,,,,,,,,0.00,0.00,,,0.00,,,0.50,,,,,,,
Michigan_MPART_Surface_Water,Delaney Creek | 47-WDC-0020,Surface Water,43.75277,-85.0453,2019,11/5/2019,,EPA 537.1,,,ng/L,,,,,0.00,0.32,,0.36,0.00,,,,,,,,,,,0.00,0.27,1.40,,,,,,,,,,,,,,,,,,,0.00,,,0.00,,,0.52,,,,,,,
Michigan_MPART_Surface_Water,Birch Creek | 06-BI-0020,Surface Water,43.16921,-82.50776,2023,7/6/2023,,EPA 537.1,,,ng/L,1.50,,,0.00,0.45,,,,0.00,,0.00,,,,,,,,,0.00,0.23,2.30,,,,,,,,,,,,,,,,,,0.00,,,,0.00,,,,0.00,0.00,,,,,
Michigan_MPART_Surface_Water,Johnson Drain | 52-DRC-0070,Surface Water,42.1945,-85.3752,2023,5/10/2023,,EPA 537.1,,,ng/L,,,,0.00,0.00,,,0.00,0.00,,0.00,,,,,,,,,0.00,0.00,,,,,,,,,,,,,,,,,,,0.00,,,,,,,1.00,0.00,0.00,,,,,
Michigan_MPART_Surface_Water,Huron River | 24-HR-0700,Surface Water,42.57432,-83.56017,2019,11/14/2019,,EPA 537.1,,,ng/L,1.10,,,0.00,0.46,1.30,,1.30,0.00,,,,,,,,,,,0.00,,,,,,,,,,,,,,,,,,,,0.00,0.00,,,0.00,,,0.38,,,,,,,
Michigan_MPART_Surface_Water,Mud Creek | 14-MUD-0030,Surface Water,43.52189,-83.16789,2023,5/4/2023,,EPA 537.1,,,ng/L,,,,0.00,0.00,,,0.48,0.00,,0.00,,,,,,,,,0.00,0.72,6.80,,,,,,,,,,,,,,,,,,0.00,,,,,,,,0.00,0.00,,,,,
Michigan_MPART_Surface_Water,Belle River | 51-BLR-0060,Surface Water,42.77484,-82.54963,2021,7/7/2021,,EPA 537.1,,,ng/L,,,,0.00,0.54,,1.60,1.10,0.00,,0.00,,,,,,,,,0.00,,,,,,,,,,,,,,,,,,,,0.00,,,,,,,,0.00,0.00,,,,,
Michigan_MPART_Surface_Water,Marion Iosco Drain | 62-MID-0020,Surface Water,42.5748,-84.0296,2020,7/8/2020,,EPA 537.1,,,ng/L,0.70,,,0.00,0.00,0.33,,0.00,0.00,,,,,,,,,,0.62,0.00,0.35,1.10,,,,,,,,,,,,,,,,,,0.00,0.00,,,0.00,,,0.56,0.00,0.00,,0.00,,,
Michigan_MPART_Surface_Water,Little River | 40-LR-0060,Surface Water,45.2139,-87.6331,2023,5/9/2023,,EPA 537.1,,,ng/L,,,,0.00,0.29,,0.80,1.20,0.00,,0.00,,,,,,,,,0.00,0.00,,,,,,,,,,,,,,,,,,,0.00,,,,,,,,0.00,0.27,,,,,
Michigan_MPART_Surface_Water,Trib to Silver Creek | 35-UTSC-0010,Surface Water,45.45545,-84.04526,2019,7/1/2019,,EPA 537.1,,,ng/L,,,,0.00,0.00,0.25,,0.00,0.00,,,,,,,,,,,0.00,0.00,,,,,,,,,,,,,,,,,,,0.00,0.00,,,0.00,,,0.00,,,,,,,
Michigan_MPART_Surface_Water,Stony Creek | 39-STC-0010,Surface Water,42.9149,-84.58252,2022,5/11/2022,,EPA 537.1,,,ng/L,0.61,1.20,,0.00,0.28,,1.00,0.84,0.00,,0.00,,,,,,,,1.10,0.00,,3.80,,,,,,,,,,,,,,,,,,0.00,,,,,,,,0.00,0.00,,,,,
Michigan_MPART_Surface_Water,Betts Creek | 42-BTC-0010,Surface Water,43.6057,-85.5409,2022,9/1/2022,,EPA 537.1,,,ng/L,,,,0.00,0.00,,,0.00,0.00,,0.00,,,,,,,,,0.00,0.00,,,,,,,,,,,,,,,,,,,0.00,,,,0.00,,,,0.00,0.00,,,,,
Michigan_MPART_Surface_Water,North Branch Mill Creek | 51-NMLC-0010,Surface Water,43.12402,-82.89623,2023,5/4/2023,,EPA 537.1,,,ng/L,,,,0.00,0.00,0.98,1.20,0.83,0.00,,0.00,,,,,,,,,0.00,1.30,5.00,,,,,,,,,,,,,,,,,,0.00,,,,,,,,0.00,0.00,,,,,
Michigan_MPART_Surface_Water,Grand Traverse Bay | 31-GTBE-0020,Surface Water,44.94667,-85.436671,2019,7/2/2019,,EPA 537.1,,,ng/L,,,,0.00,0.26,0.80,1.20,0.76,0.00,,,,,,,,,,0.91,0.00,0.31,1.40,,,,,,,,,,,,,,,,,,0.00,0.00,,,0.00,,,0.00,,,,,,,
Michigan_MPART_Surface_Water,Little Maple River | 39-LMR-0120,Surface Water,42.95739,-84.427254,2021,5/11/2021,,EPA 537.1,,,ng/L,,1.10,,0.00,0.00,,1.70,0.84,0.00,,0.00,,,,,,,,,0.00,0.40,4.20,,,,,,,,,,,,,,,,,,,,,,,,,,0.00,,,,,,
Michigan_MPART_Surface_Water,Flint River | 23-FR-0030,Surface Water,43.318892,-83.992781,2020,11/11/2020,,EPA 537.1,,,ng/L,,,,0.33,0.48,,,1.20,0.00,,0.00,,,,,,,,,0.00,,3.80,,,,,,,,,,,,,,,,,,0.00,,,,,,,,0.00,0.00,,,,,
Michigan_MPART_Surface_Water,South Ore Creek | 24-SOC-0100,Surface Water,42.54936,-83.778463,2021,11/9/2021,,EPA 537.1,,,ng/L,,1.50,,0.00,0.30,,1.50,0.87,0.00,,0.00,,,,,,,,1.80,0.00,1.70,4.10,,,,,,,,,,,,,,,,,,,,,,,,,,0.00,,,,,,
Michigan_MPART_Surface_Water,Mill Creek | 51-MLC-0180,Surface Water,43.1241,-82.8926,2023,7/17/2023,,EPA 537.1,,,ng/L,,0.95,,0.00,0.78,,,1.40,0.00,,0.00,,,,,,,,,0.00,0.00,,,,,,,,,,,,,,,,,,,,,,,,,,,0.00,,,,,,
Michigan_MPART_Surface_Water,Beebe Creek | 52-BBC-0100,Surface Water,41.9565,-84.5011,2022,11/8/2022,,EPA 537.1,,,ng/L,,0.86,,0.00,0.00,,0.64,0.63,0.00,,0.00,,,,,,,,0.56,0.00,0.30,,,,,,,,,,,,,,,,,,,0.00,,,,,,,,0.00,0.28,,,,,
Michigan_MPART_Surface_Water,South Branch White Creek | 14-SWC-0110,Surface Water,43.43961,-83.16974,2022,5/12/2022,,EPA 537.1,,,ng/L,,1.10,,0.00,0.34,,0.68,0.79,0.00,,0.00,,,,,,,,0.66,0.00,0.64,,,,,,,,,,,,,,,,,,,0.00,,,,,,,,0.00,0.00,,,,,
Michigan_MPART_Surface_Water,Pigeon River | 08-PR-140,Surface Water,42.9328,-86.0524,2020,5/19/2020,,EPA 537.1,,,ng/L,,,,0.00,0.67,0.93,,,0.00,,,,,,,,,,,0.00,,,,,,,,,,,,,,,,,,,,0.00,0.00,,,0.00,,,0.73,0.00,0.00,,0.00,,,
Michigan_MPART_Surface_Water,Williams Creek | 42-WC-0100,Surface Water,43.4195,-85.8794,2019,5/6/2019,,EPA 537.1,,,ng/L,,1.00,,,0.00,0.49,0.73,0.67,0.00,,,,,,,,,,0.59,,0.44,,,,,,,,,,,,,,,,,,,,0.37,,,0.00,,,,,,,,,,
Michigan_MPART_Surface_Water,Misteguay Creek | 23-MC-0140,Surface Water,43.13125,-83.94888,2023,5/3/2023,,EPA 537.1,,,ng/L,,,,0.00,0.00,,0.92,0.56,0.00,,0.00,,,,,,,,0.81,0.00,,3.10,,,,,,,,,,,,,,,,,,0.00,,,,0.00,,,,0.00,0.00,,,,,
Michigan_MPART_Surface_Water,Nester Creek | 01-NC-0030,Surface Water,44.2989,-83.9638,2020,9/9/2020,,EPA 537.1,,,ng/L,,1.20,,0.00,0.54,,1.00,1.00,0.00,,0.00,,,,,,,,0.94,0.00,0.45,,,,,,,,,,,,,,,,,,,0.00,,,,,,,,0.00,0.00,,,,,
Michigan_MPART_Surface_Water,Saginaw Bay | 30-SB-0040,Surface Water,43.684726,-83.84306,2019,9/5/2019,,EPA 537.1,,,ng/L,,,,0.00,0.74,0.88,1.60,1.00,0.00,,,2.70,,,,,,,1.50,0.00,0.79,,,,,,,,,,,,,,,,,,,0.00,0.30,,,0.00,,,0.45,,,,,,,
Michigan_MPART_Surface_Water,Stony Brook | 47-STB-0020,Surface Water,43.56639,-84.96735,2021,11/2/2021,,EPA 537.1,,,ng/L,,,,0.00,0.00,,,0.00,0.00,,0.00,,,,,,,,,0.00,0.00,,,,,,,,,,,,,,,,,,,0.00,,,,,,,,0.00,0.00,,,,,
Michigan_MPART_Surface_Water,Messer Brook | 58-MSB-0020,Surface Water,42.76977,-85.24025,2021,7/8/2021,,EPA 537.1,,,ng/L,,,,0.00,0.34,0.63,1.50,0.93,0.00,,0.00,,,,,,,,0.98,0.00,1.30,,,,,,,,,,,,,,,,,,,0.00,,,,,,,,0.00,0.00,,,,,
Michigan_MPART_Surface_Water,Mill Creek | 51-MLC-0180,Surface Water,43.1241,-82.8926,2023,7/6/2023,,EPA 537.1,,,ng/L,1.50,,,0.00,0.43,0.82,,,0.00,,0.00,,,,,,,,,0.00,,,,,,,,,,,,,,,,,,,,0.00,,,,,,,,0.00,0.00,,,,,
Michigan_MPART_Surface_Water,St. Clair River Downstream | 51-SCR-0080,Surface Water,42.649448,-82.513338,2017,5/25/2017,,EPA 537.1,,,ng/L,1.50,1.30,,,,,,,,,,,,,,,,,,,,1.40,,,,,,,,,,,,,,,,,,,1.00,1.70,,,,,0.50,,,,,,,
Michigan_MPART_Surface_Water,Sucker Creek Drain | 14-SCD-0100,Surface Water,43.38313,-83.24561,2022,11/9/2022,,EPA 537.1,,,ng/L,,0.90,,0.41,0.45,0.56,0.83,0.64,0.18,,0.00,,,,,,,,0.56,0.30,0.73,4.30,,,,,,,,,,,,,,,,,,0.00,,,,,,,,0.29,0.00,,,,,
Michigan_MPART_Surface_Water,Chippewa River | 47-CHIP-0120,Surface Water,43.62304,-84.62978,2019,9/11/2019,,EPA 537.1,,,ng/L,,,,0.00,0.00,0.24,,0.00,0.00,,,,,,,,,,,0.00,0.00,0.34,,,,,,,,,,,,,,,,,,0.00,0.00,,,0.00,,,,,,,,,,
Michigan_MPART_Surface_Water,Kearsley Creek | 23-KC-0060,Surface Water,43.0406,-83.5958,2021,11/9/2021,,EPA 537.1,,,ng/L,1.30,,,0.00,0.00,,,0.89,0.00,,0.00,,,,,,,,1.70,0.33,,,,,,,,,,,,,,,,,,,,0.00,,,,,,,,0.00,0.00,,,,,
Michigan_MPART_Surface_Water,"East Fork, West Branch St. Jose | 52-EWSJ-0150",Surface Water,41.855,-84.6778,2019,7/9/2019,,EPA 537.1,,,ng/L,0.56,1.00,,0.00,0.34,0.40,0.63,0.57,0.00,,,,,,,,,,,0.00,0.65,,,,,,,,,,,,,,,,,,,0.00,0.00,,,0.00,,,0.00,,,,,,,
Michigan_MPART_Surface_Water,Whigville Creek | 23-WVC-0050,Surface Water,42.922014,-83.184945,2019,11/14/2019,,EPA 537.1,,,ng/L,,0.79,,0.00,0.00,0.36,0.78,0.55,0.00,,,,,,,,,,0.53,0.00,0.41,,,,,,,,,,,,,,,,,,,0.00,0.00,,,0.00,,,0.75,,,,,,,
Michigan_MPART_Surface_Water,North Branch Lincoln River | 45-NLR-0150,Surface Water,44.0347,-86.1411,2019,7/8/2019,,EPA 537.1,,,ng/L,0.98,1.30,,0.32,0.86,0.41,0.84,0.85,0.00,,,,,,,,,,0.54,0.00,0.49,,,,,,,,,,,,,,,,,,,0.00,0.00,,,0.00,,,0.00,,,,,,,
Michigan_MPART_Surface_Water,Misteguay Creek | 23-MC-0140,Surface Water,43.13125,-83.94888,2023,7/5/2023,,EPA 537.1,,,ng/L,,,,0.00,0.45,0.71,,1.20,0.00,,0.00,,,,,,,,,0.00,,,,,,,,,,,,,,,,,,,,0.00,,,,,,,,0.00,0.00,,,,,
Michigan_MPART_Surface_Water,Black River | 09-BLK-0130,Surface Water,46.44981,-90.01707,2023,11/7/2023,,EPA 537.1,,,ng/L,,,,0.00,0.00,,,0.00,0.00,,0.00,,,,,,,,,0.00,0.00,2.30,,,,,,,,,,,,,,,,,,0.00,,,,0.00,,,,0.00,0.00,,,,,
Michigan_MPART_Surface_Water,Porter Creek | 23-PTC-0040,Surface Water,43.1022,-83.9908,2020,9/15/2020,,EPA 537.1,,,ng/L,,,,,0.00,,,0.32,0.00,,0.00,,,,,,,,0.72,,0.68,2.80,,,,,,,,,,,,,,,,,,,,,,,,,,0.00,,,,,,
Michigan_MPART_Surface_Water,Overton Creek (aka Littlefield | 61-OTC-0030,Surface Water,43.8567,-84.8907,2023,9/25/2023,,EPA 537.1,,,ng/L,,1.40,,,0.00,,,0.67,0.00,,0.00,,,,,,,,1.10,,1.20,,,,,,,,,,,,,,,,,,,,,,,,,,,0.00,,,,,,
Michigan_MPART_Surface_Water,East Branch Willow Creek | 06-EWC-0050,Surface Water,43.87126,-82.83543,2021,7/7/2021,,EPA 537.1,,,ng/L,0.98,0.92,,0.00,0.28,,0.62,0.65,0.00,,0.00,,,,,,,,0.60,0.00,1.10,,,,,,,,,,,,,,,,,,,,,,,,,,,0.00,,,,,,
Michigan_MPART_Surface_Water,Honey Creek | 24-HCL-0100,Surface Water,42.4675,-83.9909,2023,9/25/2023,,EPA 537.1,,,ng/L,,,,,0.00,,1.10,0.36,0.00,,0.00,,,,,,,,,0.00,0.29,,,,,,,,,,,,,,,,,,,,,,,,,,,0.00,,,,,,
Michigan_MPART_Surface_Water,Little Ocqueoc River | 35-LOCR-0010,Surface Water,45.4073,-84.0288,2019,5/1/2019,,EPA 537.1,,,ng/L,,,,,0.00,0.35,,0.48,0.00,,,,,,,,,,,0.00,0.00,,,,,,,,,,,,,,,,,,,,0.31,,,0.00,,,,,,,,,,
Michigan_MPART_Surface_Water,Canada Creek | 07-CC-0080,Surface Water,45.11577,-84.1976,2023,11/13/2023,,EPA 537.1,,,ng/L,,,,0.00,0.00,,,0.29,0.00,,0.00,,,,,,,,,0.00,0.00,,,,,,,,,,,,,,,,,,,,,,,,,,,0.00,,,,,,
Michigan_MPART_Surface_Water,Unnamed Trib to Indian Lakes | 36-UIL-0060,Surface Water,43.19685,-85.65063,2021,5/12/2021,,EPA 537.1,,,ng/L,1.10,1.10,,0.00,0.00,0.69,0.80,0.43,0.00,,0.00,,,,,,,,0.47,0.00,1.80,,,,,,,,,,,,,,,,,,,,,,,,,,,0.00,,,,,,
Michigan_MPART_Surface_Water,Canada Creek | 07-CC-0080,Surface Water,45.11577,-84.1976,2019,9/10/2019,,EPA 537.1,,,ng/L,0.56,,,0.00,0.00,0.35,,0.44,0.00,,,,,,,,,,,0.00,0.00,,,,,,,,,,,,,,,,,,,,0.00,,,0.00,,,,,,,,,,
Michigan_MPART_Surface_Water,Little Sable River | 45-LSR-0010,Surface Water,44.0403,-86.0501,2020,6/30/2020,,EPA 537.1,,,ng/L,,,,0.00,0.00,0.30,,0.35,0.00,,,,,,,,,,0.61,0.00,0.00,,,,,,,,,,,,,,,,,,,,0.00,,,0.00,,,1.30,0.00,,,0.00,,,
Michigan_MPART_Surface_Water,Betts Creek | 42-BTC-0010,Surface Water,43.6057,-85.5409,2022,7/21/2022,,EPA 537.1,,,ng/L,,,,0.00,0.00,,,0.00,0.00,,0.00,,,,,,,,,0.00,0.00,,,,,,,,,,,,,,,,,,,0.00,,,,,,,,0.00,0.28,,,,,
Michigan_MPART_Surface_Water,Pere Marquette River | 45-PM-0040,Surface Water,43.944448,-86.280004,2001,3/27/2001,,Undisclosed,,,ng/L,,,,,,,,,,,,,,,,,,,,,,,,,,,,,,,,,,,,,,,,,,,,,,,,,,,,,,
Michigan_MPART_Surface_Water,Mill Creek | 36-MC-0150,Surface Water,43.0901,-85.691,2020,9/2/2020,,EPA 537.1,,,ng/L,1.10,,,0.00,0.00,0.42,,0.27,0.00,,,,,,,,,,0.82,0.00,0.68,1.60,,,,,,,,,,,,,,,,,,0.00,0.00,,,0.00,,,0.85,0.00,0.00,,0.00,,,
Michigan_MPART_Surface_Water,Birch Creek | 06-BI-0020,Surface Water,43.16921,-82.50776,2023,5/4/2023,,EPA 537.1,,,ng/L,,0.82,,0.00,0.00,,0.87,0.47,0.00,,0.00,,,,,,,,0.87,0.00,0.69,,,,,,,,,,,,,,,,,,,0.00,,,,,,,,0.00,0.00,,,,,
Michigan_MPART_Surface_Water,Upper River Rouge | 19-UBR-0060,Surface Water,42.4244,-83.3159,2019,9/10/2019,,EPA 537.1,,,ng/L,,,,0.50,0.70,,,,0.00,,,,,,,,,,,0.00,,,,,,,,,,,,,,,,,,,,,0.00,,,0.00,,,0.50,,,,,,,
Michigan_MPART_Surface_Water,Kearsley Creek | 23-KC-0060,Surface Water,43.0406,-83.5958,2021,7/7/2021,,EPA 537.1,,,ng/L,,,,0.49,0.70,1.30,,1.50,0.00,,0.00,,,,,,,,,0.00,,,,,,,,,,,,,,,,,,,,0.00,,,,,,,,0.00,0.00,,,,,
Michigan_MPART_Surface_Water,Rush Creek | 36-RC-0170,Surface Water,42.8634,-85.86138,2019,11/12/2019,,EPA 537.1,,,ng/L,3.80,,,0.28,,1.10,,1.50,,,,,,,,,,,,,,,,,,,,,,,,,,,,,,,,,,,,,,,0.82,,,,,,,
Michigan_MPART_Surface_Water,Stewart Creek | 07-SC-0015,Surface Water,45.4174,-84.2741,2020,9/9/2020,,EPA 537.1,,,ng/L,,,,0.00,0.00,,,0.27,0.00,,0.00,,,,,,,,,0.00,0.27,2.40,,,,,,,,,,,,,,,,,,0.00,,,,,,,,0.00,0.00,,,,,
Michigan_MPART_Surface_Water,Detroit River Upstream | 19-DR-0010,Surface Water,42.352448,-82.927226,2020,9/16/2020,,EPA 537.1,,,ng/L,1.80,1.40,,0.00,0.32,0.76,0.84,0.63,0.00,,0.00,,,,,,,,0.90,0.00,0.27,,,,,,,,,,,,,,,,,,,0.00,,,,,,,,0.00,0.00,,,,,
Michigan_MPART_Surface_Water,North Branch Mill Creek | 51-NMLC-0010,Surface Water,43.12402,-82.89623,2023,11/8/2023,,EPA 537.1,,,ng/L,1.00,1.20,,0.00,0.00,1.10,1.30,0.83,0.00,,0.00,,,,,,,,1.40,0.00,1.60,,,,,,,,,,,,,,,,,,,,,,,,,,,0.00,,,,,,
Michigan_MPART_Surface_Water,Boardman River | 10-BDR-0360,Surface Water,44.64782,-85.57287,2019,5/15/2019,,EPA 537.1,,,ng/L,,,,0.00,0.00,0.41,,0.28,0.00,,,,,,,,,,,0.00,0.19,0.82,,,,,,,,,,,,,,,,,,,0.00,,,0.00,,,,,,,,,,
Michigan_MPART_Surface_Water,Perkins Creek | 37-PC-0010,Surface Water,44.31444,-85.66141,2021,5/11/2021,,EPA 537.1,,,ng/L,0.47,0.73,,0.00,0.00,0.49,0.50,0.22,0.16,,0.21,,0.40,,,,,,0.42,0.26,0.17,2.10,,,,,,,,,,0.95,,,1.00,,,1.10,,0.28,0.63,,,0.32,1.10,0.47,0.84,0.21,0.28,,0.34,,,
Michigan_MPART_Surface_Water,East Branch Paw Paw River | 52-EPPR-0010,Surface Water,42.21365,-85.89264,2019,9/17/2019,,EPA 537.1,,,ng/L,0.81,0.94,,0.00,0.00,0.49,0.60,0.37,0.00,,,9.30,,,,,,,,0.00,1.10,1.40,,,,,,,,,,,,,,,,,,,0.00,,,0.00,,,0.99,,,,,,,
Michigan_MPART_Surface_Water,Saginaw Bay | 30-SB-0040,Surface Water,43.684726,-83.84306,2019,5/16/2019,,EPA 537.1,,,ng/L,1.50,1.50,,,0.49,0.87,1.60,0.81,0.00,,,,,,,,,,1.40,0.00,1.40,,,,,,,,,,,,,,,,,,,,0.00,,,0.00,,,0.42,,,,,,,
Michigan_MPART_Surface_Water,East Pond Creek | 17-EPC-0300,Surface Water,42.8658,-83.0984,2023,5/4/2023,,EPA 537.1,,,ng/L,,,,0.00,0.00,,0.74,0.63,0.00,,0.00,,,,,,,,,0.00,0.66,5.20,,,,,,,,,,,,,,,,,,0.00,,,,,,,,0.00,0.00,,,,,
Michigan_MPART_Surface_Water,South Branch Flint River | 23-SBFR-0030,Surface Water,43.11425,-83.371304,2021,9/21/2021,,EPA 537.1,,,ng/L,1.80,,,0.00,0.00,,,0.00,0.00,,0.00,,,,,,,,,0.00,,4.20,,,,,,,,,,,,,,,,,,,,,,,,,,0.00,0.31,,,,,
Michigan_MPART_Surface_Water,Saginaw Bay | 30-SB-0060,Surface Water,43.846948,-83.562505,2019,7/1/2019,,EPA 537.1,,,ng/L,1.50,1.50,,0.00,0.46,0.00,1.30,0.76,0.00,,,,,,,,,,0.92,0.00,0.56,,,,,,,,,,,,,,,,,,,0.00,0.00,,,0.00,,,0.00,,,,,,,
Michigan_MPART_Surface_Water,"East Fork, West Branch St. Jose | 52-EWSJ-0150",Surface Water,41.855,-84.6778,2019,11/13/2019,,EPA 537.1,,,ng/L,,0.91,,0.00,0.00,0.40,0.57,0.52,0.00,,,,,,,,,,0.70,0.00,0.54,,,,,,,,,,,,,,,,,,,0.00,0.00,,,0.00,,,,,,,,,,
Michigan_MPART_Surface_Water,Tenmile Creek | 15-TMC-0051,Surface Water,45.78367,-87.28503,2022,9/14/2022,,EPA 537.1,,,ng/L,,,,0.00,0.00,,,0.00,0.00,,0.00,,,,,,,,,0.00,0.00,,,,,,,,,,,,,,,,,,,0.00,,,,,,,,0.00,0.00,,,,,
Michigan_MPART_Surface_Water,Mill Creek | 51-MLC-0180,Surface Water,43.1241,-82.8926,2023,9/6/2023,,EPA 537.1,,,ng/L,,,,0.00,0.00,,0.59,0.34,0.00,,0.00,,,,,,,,,0.00,0.00,,,,,,,,,,,,,,,,,,,0.00,,,,,,,,0.00,0.00,,,,,
Michigan_MPART_Surface_Water,Perkins Creek | 37-PC-0010,Surface Water,44.31444,-85.66141,2021,9/14/2021,,EPA 537.1,,,ng/L,,,,0.36,0.00,,,0.00,0.00,,0.00,,,,,,,,,0.27,0.00,,,,,,,,,,,,,,,,,,,0.00,,,,,,,,0.00,0.00,,,,,
Michigan_MPART_Surface_Water,Saginaw Bay | 30-SB-0030,Surface Water,43.838059,-83.792781,2019,11/19/2019,,EPA 537.1,,,ng/L,,1.60,,0.00,0.00,0.81,1.30,0.80,0.00,,,,,,,,,,1.10,0.00,0.74,,,,,,,,,,,,,,,,,,,0.00,0.00,,,0.00,,,,,,,,,,
Michigan_MPART_Surface_Water,Rabbit River | 25-RR-0120,Surface Water,42.6929,-85.79937,2021,7/1/2021,,EPA 537.1,,,ng/L,,,,0.42,0.57,0.68,,,0.00,,0.00,,,,,,,,,0.00,1.80,,,,,,,,,,,,,,,,,,,0.00,,,,,,,,0.00,0.00,,,,,
Michigan_MPART_Surface_Water,Mullet Creek | 16-MC-0070,Surface Water,45.56,-84.6365,2023,5/8/2023,,EPA 537.1,,,ng/L,,,,0.00,0.00,,,0.49,0.00,,0.00,,,,,,,,,0.00,0.26,2.20,,,,,,,,,,,,,,,,,,0.00,,,,0.00,,,,0.00,0.26,,,,,
Michigan_MPART_Surface_Water,Bradshaw Drain | 44-BD-0020,Surface Water,42.10036,-83.51139,2021,11/10/2021,,EPA 537.1,,,ng/L,0.72,1.20,,0.00,0.00,0.73,1.20,0.51,0.00,,0.00,,,,,,,,1.50,0.00,,2.80,,,,,,,,,,,,,,,,,,0.00,,,,,,,,0.00,0.00,,,,,
Michigan_MPART_Surface_Water,Sucker Creek Drain | 14-SCD-0100,Surface Water,43.38313,-83.24561,2022,5/12/2022,,EPA 537.1,,,ng/L,,,,0.00,0.00,,,0.31,0.00,,0.00,,,,,,,,0.55,0.00,0.44,2.30,,,,,,,,,,,,,,,,,,0.00,,,,,,,,0.00,0.00,,,,,
Michigan_MPART_Surface_Water,Spike Horn Creek (N B Tobacco R | 61-NTOR-0090,Surface Water,43.94585,-84.62892,2022,11/1/2022,,EPA 537.1,,,ng/L,,,,0.00,0.00,,,0.00,0.00,,0.00,,,,,,,,,0.00,0.00,,,,,,,,,,,,,,,,,,,,,,,,,,,0.00,0.31,,,,,
Michigan_MPART_Surface_Water,North Branch White River | 45-NWR-0040,Surface Water,43.5699,-86.21,2022,7/5/2022,,EPA 537.1,,,ng/L,,,,0.00,0.00,,,0.00,0.00,,0.00,,,,,,,,,0.00,0.19,,,,,,,,,,,,,,,,,,,0.00,,,,0.00,,,1.20,0.00,0.00,,,,,
Michigan_MPART_Surface_Water,East Branch Paw Paw River | 52-EPPR-0010,Surface Water,42.21365,-85.89264,2019,11/13/2019,,EPA 537.1,,,ng/L,,0.90,,0.00,0.29,0.65,0.58,0.46,0.00,,,,,,,,,,0.45,0.00,1.20,,,,,,,,,,,,,,,,,,,0.00,0.00,,,0.00,,,,,,,,,,
Michigan_MPART_Surface_Water,Unnamed Trib between Devoe Lake | 60-UMLD-0010,Surface Water,41.833055,-84.421124,2021,11/10/2021,,EPA 537.1,,,ng/L,0.58,,,0.00,0.00,,0.63,0.40,0.00,,0.00,,,,,,,,,0.00,0.31,3.50,,,,,,,,,,,,,,,,,,0.00,,,,,,,,0.00,0.00,,,,,
Michigan_MPART_Surface_Water,Wilkins Creek | 01-WC-0030,Surface Water,44.40331,-84.1265,2022,11/1/2022,,EPA 537.1,,,ng/L,,,,0.00,0.00,,,0.00,0.00,,0.00,,,,,,,,,0.00,0.00,,,,,,,,,,,,,,,,,,,,,,,,,,,0.00,0.31,,,,,
Michigan_MPART_Surface_Water,Ackely Creek | 25-AC-0030,Surface Water,42.399,-85.0054,2020,5/20/2020,,EPA 537.1,,,ng/L,0.88,0.90,,0.00,0.38,0.39,0.83,0.74,0.00,,,,,,,,,,1.10,0.00,0.48,,,,,,,,,,,,,,,,,,,0.00,0.37,,,0.00,,,0.79,0.00,0.00,,0.00,,,
Michigan_MPART_Surface_Water,Mill Creek | 36-MC-0150,Surface Water,43.0901,-85.691,2020,6/30/2020,,EPA 537.1,,,ng/L,0.82,0.70,,0.00,0.00,0.36,,0.28,0.00,,,,,,,,,,0.67,0.00,0.71,,,,,,,,,,,,,,,,,,,0.00,0.00,,,0.00,,,0.41,0.00,0.00,,0.00,,,
Michigan_MPART_Surface_Water,South Branch Tobacco River | 61-STOR-0060,Surface Water,43.8454,-84.6535,2020,7/9/2020,,EPA 537.1,,,ng/L,1.30,0.91,,0.00,0.27,0.78,0.79,0.41,0.00,,,,,,,,,,0.81,0.00,0.85,1.60,,,,,,,,,,,,,,,,,,0.00,0.00,,,0.00,,,0.43,0.00,0.00,,0.00,,,
Michigan_MPART_Surface_Water,Veenboer Drain | 36-VBD-0005,Surface Water,43.30262,-85.70901,2022,9/6/2022,,EPA 537.1,,,ng/L,,,,0.00,0.00,,,0.00,0.00,,0.00,,,,,,,,,0.00,1.00,2.70,,,,,,,,,,,,,,,,,,0.00,,,,,,,,0.00,0.00,,,,,
Michigan_MPART_Surface_Water,Manistee River | 37-MAN-0600,Surface Water,44.484007,-85.355739,2021,5/11/2021,,EPA 537.1,,,ng/L,0.48,0.75,,0.27,0.00,0.50,0.51,0.23,0.17,,0.21,,0.41,,,,,,0.43,0.27,0.18,2.10,,,,,,,,,,0.97,,,1.10,,,1.20,,0.28,0.65,,,0.33,1.20,0.49,0.87,0.21,0.28,,0.35,,,
Michigan_MPART_Surface_Water,Marion Iosco Drain | 62-MID-0020,Surface Water,42.5748,-84.0296,2020,9/16/2020,,EPA 537.1,,,ng/L,,,,0.00,0.00,,,0.32,0.00,,0.00,,,,,,,,0.89,0.00,0.40,,,,,,,,,,,,,,,,,,,0.00,,,,,,,,0.00,0.00,,,,,
Michigan_MPART_Surface_Water,Flowerfield Creek | 52-FFC-0030,Surface Water,42.06745,-85.65818,2019,9/17/2019,,EPA 537.1,,,ng/L,0.93,,,0.00,0.00,0.35,,0.41,0.00,,,,,,,,,,,0.00,0.36,1.30,,,,,,,,,,,,,,,,,,,0.00,,,0.00,,,0.38,,,,,,,
Michigan_MPART_Surface_Water,Mill Creek | 51-MLC-0180,Surface Water,43.1241,-82.8926,2023,7/6/2023,,EPA 537.1,,,ng/L,1.00,,,0.00,0.25,0.74,0.86,0.44,0.00,,0.00,,,,,,,,0.64,0.00,1.30,3.60,,,,,,,,,,,,,,,,,,0.00,,,,0.00,,,,0.00,0.00,,,,,
Michigan_MPART_Surface_Water,Trib to Peterson Lake | 62-PL-0010,Surface Water,42.19477,-84.4557,2023,5/9/2023,,EPA 537.1,,,ng/L,,1.00,,0.00,0.00,,,0.74,0.00,,0.00,,,,,,,,,0.00,0.00,,,,,,,,,,,,,,,,,,,0.00,,,,,,,,0.00,0.00,,,,,
Michigan_MPART_Surface_Water,Taylor Creek | 10-TC-0020,Surface Water,44.675,-85.3234,2022,5/2/2022,,EPA 537.1,,,ng/L,,,,0.00,0.00,,,0.35,0.00,,0.00,,,,,,,,,0.00,0.22,,,,,,,,,,,,,,,,,,,0.00,,,,,,,,0.00,0.00,,,,,
Michigan_MPART_Surface_Water,Wanadoga Creek | 25-WDC-0020,Surface Water,42.3845,-85.1282,2020,7/1/2020,,EPA 537.1,,,ng/L,1.20,1.50,,0.00,0.49,0.38,,0.90,0.00,,,,,,,,,,,0.00,0.91,,,,,,,,,,,,,,,,,,,0.00,0.00,,,0.00,,,0.36,0.00,0.00,,0.00,,,
Michigan_MPART_Surface_Water,North Branch Pine River | 37-NPR-0040,Surface Water,44.13452,-85.52586,2023,11/2/2023,,EPA 537.1,,,ng/L,1.50,,,0.00,0.00,,,0.00,0.00,,0.00,,,,,,,,,0.00,0.41,,,,,,,,,,,,,,,,,,,,0.75,,,,,,,0.00,0.36,,0.38,,,
Michigan_MPART_Surface_Water,Grand Traverse Bay | 31-GTBE-0010,Surface Water,44.77444,-85.53583,2019,5/14/2019,,EPA 537.1,,,ng/L,2.20,,,0.00,0.32,0.89,1.20,0.85,0.00,,,,,,,,,,0.95,0.00,0.37,1.40,,,,,,,,,,,,,,,,,,0.00,0.00,,,0.00,,,,,,,,,,
Michigan_MPART_Surface_Water,Gloede Ditch | 17-GD-0150,Surface Water,42.6476,-82.9569,2020,5/28/2020,,EPA 537.1,,,ng/L,,,,0.94,1.10,,,,0.25,,,,,,,,,,,0.35,,,,,,,,,,,,,,,,,,,,0.00,0.00,,,0.00,,0.58,0.82,0.00,0.00,,0.00,,,
Michigan_MPART_Surface_Water,Paint Creek Drain | 17-PCD-0030,Surface Water,42.7964,-83.2915,2022,9/8/2022,,EPA 537.1,,,ng/L,,1.40,,0.00,0.00,0.79,,0.66,0.00,,0.00,,,,,,,,,0.00,,3.50,,,,,,,,,,,,,,,,,,0.00,,,,,,,,0.00,0.00,,,,,
Michigan_MPART_Surface_Water,Vincent Creek | 59-VC-0010,Surface Water,44.7411,-83.5268,2019,9/10/2019,,EPA 537.1,,,ng/L,,,,0.00,0.00,0.28,,0.00,0.00,,,,,,,,,,,0.00,0.00,1.00,,,,,,,,,,,,,,,,,,,0.00,,,0.00,,,0.38,,,,,,,
Michigan_MPART_Surface_Water,Kearsley Creek | 23-KC-0320,Surface Water,42.85874,-83.45144,2023,11/1/2023,,EPA 537.1,,,ng/L,1.30,1.50,,0.00,0.30,0.71,,0.96,0.00,,0.00,,,,,,,,,0.00,,3.80,,,,,,,,,,,,,,,,,,0.00,,,,,,,,0.00,0.00,,,,,
Michigan_MPART_Surface_Water,Pinnebog River | 46-PBR-0150,Surface Water,43.84428,-83.16207,2023,9/21/2023,,EPA 537.1,,,ng/L,0.99,0.92,,0.00,0.00,,,0.49,0.00,,0.00,,,,,,,,1.70,0.00,,4.60,,,,,,,,,,,,,,,,,,0.00,,,,,,,,0.00,0.00,,,,,
Michigan_MPART_Surface_Water,Brush Creek | 52-BRSH-0080,Surface Water,42.1471,-86.0658,2020,11/4/2020,,EPA 537.1,,,ng/L,,,,0.00,0.00,,,0.00,0.00,,0.00,,,,,,,,0.43,0.00,0.39,,,,,,,,,,,,,,,,,,,0.00,,,,0.00,,,,0.00,0.00,,,,,
Michigan_MPART_Surface_Water,Belle River | 51-BLR-0200,Surface Water,42.89887,-82.76046,2019,5/21/2019,,EPA 537.1,,,ng/L,1.40,,,0.00,0.52,0.46,,1.20,0.00,,,,,,,,,,,0.00,1.40,,,,,,,,,,,,,,,,,,,,0.00,,,0.00,,,,,,,,,,
Michigan_MPART_Surface_Water,Pokagon Creek | 52-PKC-0080,Surface Water,41.89671,-86.09766,2019,9/17/2019,,EPA 537.1,,,ng/L,,,,0.00,0.00,0.38,,0.00,0.00,,,,,,,,,,,0.00,0.19,0.62,,,,,,,,,,,,,,,,,,0.00,0.00,,,0.00,,,0.42,,,,,,,
Michigan_MPART_Surface_Water,Perkins Creek | 37-PC-0010,Surface Water,44.31444,-85.66141,2021,11/2/2021,,EPA 537.1,,,ng/L,,,,0.00,0.00,,,0.00,0.00,,0.00,,,,,,,,,0.00,0.00,,,,,,,,,,,,,,,,,,,0.00,,,,,,,,0.00,0.00,,,,,
Michigan_MPART_Surface_Water,Intermediate River | 10-IR-0020,Surface Water,44.973,-85.2134,2020,9/9/2020,,EPA 537.1,,,ng/L,,,,0.00,0.00,,,0.30,0.00,,0.00,,,,,,,,0.67,0.00,0.38,,,,,,,,,,,,,,,,,,,0.00,,,,,,,,0.00,0.00,,,,,
Michigan_MPART_Surface_Water,Salt River | 61-SR-0030,Surface Water,43.6962,-84.4429,2021,11/8/2021,,EPA 537.1,,,ng/L,,,,,0.00,,1.10,0.00,0.00,,0.00,,,,,,,,0.92,0.00,0.95,,,,,,,,,,,,,,,,,,,,,,,,,,,0.00,,,,,,
Michigan_MPART_Surface_Water,Rush Creek | 23-RSH-0040,Surface Water,42.9992,-83.9873,2019,11/14/2019,,EPA 537.1,,,ng/L,1.30,1.20,,0.00,0.00,0.49,,0.54,0.00,,,,,,,,,,1.50,0.00,1.10,1.80,,,,,,,,,,,,,,,,,,0.00,0.00,,,0.00,,,0.53,,,,,,,
Michigan_MPART_Surface_Water,Ackely Creek | 25-AC-0030,Surface Water,42.399,-85.0054,2021,7/8/2021,,EPA 537.1,,,ng/L,,,,0.00,0.00,,0.80,0.54,0.00,,0.00,,,,,,,,0.61,0.00,0.62,,,,,,,,,,,,,,,,,,,0.00,,,,,,,,0.00,0.00,,,,,
Michigan_MPART_Surface_Water,Burtch Creek | 06-BH-0029,Surface Water,43.15204,-82.54243,2023,5/4/2023,,EPA 537.1,,,ng/L,,,,0.00,0.41,0.62,,,1.00,,0.00,,,,,,,,,0.00,,,,,,,,,,,,,,,,,,,,0.00,,,,,,,,0.00,0.00,,,,,
Michigan_MPART_Surface_Water,Stewart Creek | 07-SC-0015,Surface Water,45.4174,-84.2741,2020,7/6/2020,,EPA 537.1,,,ng/L,,,,0.00,0.00,0.28,,0.23,0.00,,,,,,,,,,0.46,0.00,0.21,,,,,,,,,,,,,,,,,,,0.00,0.00,,,0.00,,,1.20,0.00,0.00,,0.00,,,
Michigan_MPART_Surface_Water,Grand Traverse Bay | 31-GTBE-0020,Surface Water,44.94667,-85.436671,2019,9/11/2019,,EPA 537.1,,,ng/L,,1.80,,0.00,0.00,0.80,1.30,0.81,0.00,,,1.90,,,,,,,1.20,0.00,0.00,1.40,,,,,,,,,,,,,,,,,,0.00,0.00,,,0.00,,,,,,,,,,
Michigan_MPART_Surface_Water,East Branch Willow Creek | 06-EWC-0050,Surface Water,43.87126,-82.83543,2021,11/9/2021,,EPA 537.1,,,ng/L,,,,0.00,0.00,,,0.00,0.00,,0.00,,,,,,,,,0.00,0.58,,,,,,,,,,,,,,,,,,,0.00,,,,,,,,0.00,0.00,,,,,
Michigan_MPART_Surface_Water,Trib to Grand River | 62-USGR-0020,Surface Water,42.10804,-84.36212,2019,5/7/2019,,EPA 537.1,,,ng/L,,,,,0.00,0.43,,0.53,0.00,,,,,,,,,,,0.00,0.41,,,,,,,,,,,,,,,,,,,,0.00,,,0.00,,,,,,,,,,
Michigan_MPART_Surface_Water,Coon Creek | 17-CC-0030,Surface Water,42.7159,-82.8813,2019,7/16/2019,,EPA 537.1,,,ng/L,1.80,,,0.00,0.80,0.64,1.80,0.74,0.00,,,,,,,,,,,0.00,,,,,,,,,,,,,,,,,,,,0.00,0.00,,,0.00,,,,,,,,,,
Michigan_MPART_Surface_Water,Bean Creek | 59-BC-0010,Surface Water,45.0855,-83.6939,2019,5/1/2019,,EPA 537.1,,,ng/L,,,,0.00,0.00,0.36,,0.49,0.00,,,,,,,,,,,0.00,0.23,,,,,,,,,,,,,,,,,,,,0.40,,,0.00,,,,,,,,,,
Michigan_MPART_Surface_Water,Detroit River Downstream | 19-DR-1000,Surface Water,42.05417,-83.152504,2020,5/20/2020,,EPA 537.1,,,ng/L,1.60,1.60,,0.00,0.30,0.82,1.00,0.60,0.00,,,13.00,,,,,,,1.10,0.00,0.45,,,,,,,,,,,,,,,,,,,0.00,0.00,,,0.00,,,0.78,0.00,0.00,,0.00,,,
Michigan_MPART_Surface_Water,Detroit River Downstream | 19-DR-1000,Surface Water,42.05417,-83.152504,2017,5/25/2017,,EPA 537.1,,,ng/L,1.60,1.40,,,,0.80,0.90,,,,,,,,,,,,,,,1.30,,,,,,,,,,,,,,,,,,,0.70,,,,,,,,,,,,,0.70
Michigan_MPART_Surface_Water,Willow Creek | 62-WC-0020,Surface Water,42.5662,-84.4821,2023,11/7/2023,,EPA 537.1,,,ng/L,1.00,,,0.00,0.00,,,0.00,0.00,,0.00,,,,,,,,,0.00,0.00,,,,,,,,,,,,,,,,,,,0.00,,,,,,,,0.00,0.00,,,,,
Michigan_MPART_Surface_Water,Unnamed trib to Carruthers Drai | 52-UCD-0020,Surface Water,41.7908,-84.6881,2020,5/20/2020,,EPA 537.1,,,ng/L,1.30,0.93,,0.00,0.26,0.37,1.60,0.71,0.00,,,,,,,,,,1.30,0.00,0.55,,,,,,,,,,,,,,,,,,,0.00,0.00,,,0.00,,,1.00,0.00,0.00,,0.00,,,
Michigan_MPART_Surface_Water,Barber Creek | 08-BRC-0040,Surface Water,42.42057,-86.06133,2022,9/6/2022,,EPA 537.1,,,ng/L,,0.84,,0.00,0.00,,,0.00,0.00,,0.00,,,,,,,,,0.00,0.42,,,,,,,,,,,,,,,,,,,0.00,,,,,,,,0.00,0.00,,,,,
Michigan_MPART_Surface_Water,Little Sable River | 45-LSR-0010,Surface Water,44.0403,-86.0501,2020,5/19/2020,,EPA 537.1,,,ng/L,,0.83,,0.00,0.00,0.34,0.59,0.62,0.00,,,,,,,,,,0.60,0.00,0.26,,,,,,,,,,,,,,,,,,,0.00,0.00,,,0.00,,,1.20,0.00,0.00,,0.00,,,
Michigan_MPART_Surface_Water,Tittabawassee River | 61-TBR-0010,Surface Water,43.3918,-84.016,2020,11/11/2020,,EPA 537.1,,,ng/L,3.50,1.00,,,0.36,0.64,1.50,0.49,0.00,,0.00,,,,,,,,1.80,0.00,1.30,,,,,,,,,,,,,,,,,,,,,,,,,,,0.00,,,,,,
Michigan_MPART_Surface_Water,Kearsley Creek | 23-KC-0060,Surface Water,43.0406,-83.5958,2021,7/7/2021,,EPA 537.1,,,ng/L,,,,0.69,0.71,1.40,,1.50,0.00,,0.00,,,,,,,,,0.00,,,,,,,,,,,,,,,,,,,,0.00,,,,,,,,0.00,0.00,,,,,
Michigan_MPART_Surface_Water,Kearsley Creek | 23-KC-0060,Surface Water,43.0406,-83.5958,2020,11/11/2020,,EPA 537.1,,,ng/L,2.00,1.30,,0.00,0.00,0.72,1.50,0.71,0.00,,0.00,,,,,,,,1.70,0.00,,2.90,,,,,,,,,,,,,,,,,,,,,,,,,1.80,0.00,,,,,,
Michigan_MPART_Surface_Water,Dyer Creek | 37-DC-0010,Surface Water,44.11789,-85.56119,2022,9/6/2022,,EPA 537.1,,,ng/L,,,,0.00,0.00,,,0.00,0.00,,0.00,,,,,,,,,0.00,0.00,2.40,,,,,,,,,,,,,,,,,,0.00,,,,,,,,0.00,0.00,,,,,
Michigan_MPART_Surface_Water,Barber Creek | 08-BRC-0040,Surface Water,42.42057,-86.06133,2022,5/10/2022,,EPA 537.1,,,ng/L,0.51,1.20,,0.00,0.43,,0.79,0.60,0.00,,0.00,,,,,,,,,0.00,0.48,2.50,,,,,,,,,,,,,,,,,,0.00,,,,,,,,0.00,0.00,,,,,
Michigan_MPART_Surface_Water,Manistee River | 37-MAN-0600,Surface Water,44.484007,-85.355739,2021,5/11/2021,,EPA 537.1,,,ng/L,0.48,0.76,,0.31,0.00,0.51,0.52,0.22,0.17,,0.22,,0.41,,,,,,0.44,0.27,0.18,2.20,,,,,,,,,,0.99,,,1.10,,,1.20,,0.29,0.66,,,0.33,1.20,0.49,0.88,0.22,0.29,,0.36,,,
Michigan_MPART_Surface_Water,Salt River | 61-SR-0030,Surface Water,43.6962,-84.4429,2020,7/9/2020,,EPA 537.1,,,ng/L,0.70,0.96,,0.00,0.48,0.49,0.75,0.44,0.00,,,,,,,,,,0.99,0.00,0.81,,,,,,,,,,,,,,,,,,,0.00,0.56,,,0.00,,,0.65,0.00,0.00,,0.00,,,
Michigan_MPART_Surface_Water,Stony Brook | 47-STB-0020,Surface Water,43.56639,-84.96735,2021,5/11/2021,,EPA 537.1,,,ng/L,0.48,0.76,,0.00,0.00,0.51,0.52,0.22,0.17,,0.21,,0.41,,,,,,0.44,0.27,0.55,2.10,,,,,,,,,,0.98,,,1.10,,,1.20,,0.29,0.65,,,0.33,1.20,0.49,0.87,0.21,0.29,,0.36,,,
Michigan_MPART_Surface_Water,Elkton Drain | 46-ED-0040,Surface Water,43.81941,-83.190864,2023,5/4/2023,,EPA 537.1,,,ng/L,,,,0.00,0.00,,,0.00,0.00,,0.00,,,,,,,,,0.00,1.20,,,,,,,,,,,,,,,,,,,0.00,,,,,,,,0.00,0.00,,,,,
Michigan_MPART_Surface_Water,Bottom Creek | 23-BC-0020,Surface Water,43.21021,-83.1956,2021,11/9/2021,,EPA 537.1,,,ng/L,,1.10,,0.00,0.00,,0.82,0.77,0.00,,0.00,,,,,,,,1.20,0.00,0.21,,,,,,,,,,,,,,,,,,,0.00,,,,,,,,0.00,0.00,,,,,
Michigan_MPART_Surface_Water,Dyer Creek | 37-DC-0010,Surface Water,44.11789,-85.56119,2022,11/7/2022,,EPA 537.1,,,ng/L,,,,0.00,0.25,,,0.44,0.00,,0.00,,,,,,,,,0.00,0.00,3.00,,,,,,,,,,,,,,,,,,0.00,,,,,,,,0.00,0.27,,,,,
Michigan_MPART_Surface_Water,Sucker Creek Drain | 14-SCD-0100,Surface Water,43.38313,-83.24561,2022,9/8/2022,,EPA 537.1,,,ng/L,,,,0.00,0.00,,,0.32,0.00,,0.00,,,,,,,,,0.00,0.38,,,,,,,,,,,,,,,,,,,0.00,,,,,,,,0.00,0.00,,,,,
Michigan_MPART_Surface_Water,Unnamed trib to Mill Creek | 60-UMC-0030,Surface Water,41.7083,-84.3754,2020,7/8/2020,,EPA 537.1,,,ng/L,0.71,,,0.00,0.37,0.36,,0.31,0.00,,,,,,,,,,0.61,0.00,0.47,,,,,,,,,,,,,,,,,,,,0.00,,,0.00,,,0.59,0.00,,,0.00,,,
Michigan_MPART_Surface_Water,Mill Creek | 51-MLC-0180,Surface Water,43.1241,-82.8926,2023,7/10/2023,,EPA 537.1,,,ng/L,,1.00,,0.00,0.32,,0.79,0.69,0.00,,0.00,,,,,,,,,0.00,0.49,2.90,,,,,,,,,,,,,,,,,,0.00,,,,0.00,,,,0.00,0.00,,,,,
Michigan_MPART_Surface_Water,South Branch Pine River | 51-SPN-0080,Surface Water,42.9912,-82.7298,2019,9/10/2019,,EPA 537.1,,,ng/L,,,,0.00,0.00,0.30,,0.00,0.00,,,,,,,,,,,0.00,0.00,0.40,,,,,,,,,,,,,,,,,,,0.30,,,0.00,,,0.50,,,,,,,
Michigan_MPART_Surface_Water,Kanouse Lake Drain | 50-KLD-0010,Surface Water,42.82381,-84.00071,2023,11/1/2023,,EPA 537.1,,,ng/L,0.67,1.10,,0.00,0.00,,0.91,0.70,0.00,,0.00,,,,,,,,,0.00,,,,,,,,,,,,,,,,,,,,0.00,,,,,,,,0.00,0.00,,,,,
Michigan_MPART_Surface_Water,Little River | 40-LR-0060,Surface Water,45.2139,-87.6331,2023,11/1/2023,,EPA 537.1,,,ng/L,,,,0.00,0.00,,0.90,0.77,0.00,,0.00,,,,,,,,0.81,0.00,1.20,4.10,,,,,,,,,,,,,,,,,,,,,,,,,,0.00,,,,,,
Michigan_MPART_Surface_Water,Thornapple River Extension | 58-TRE-0010,Surface Water,42.65403,-84.7668,2021,7/8/2021,,EPA 537.1,,,ng/L,1.20,0.98,,0.00,0.34,,0.99,0.59,0.00,,0.00,,,,,,,,0.58,0.00,0.72,3.60,,,,,,,,,,,,,,,,,,0.00,,,,0.00,,,,0.00,0.00,,,,,
Michigan_MPART_Surface_Water,South Branch Flint River | 23-SBFR-0030,Surface Water,43.11425,-83.371304,2021,5/4/2021,,EPA 537.1,,,ng/L,1.90,1.30,,0.43,0.37,,,0.84,0.00,,0.00,,,,,,,,,0.00,1.70,2.90,,,,,,,,,,,,,,,,,,,,,,,,,,0.00,,,,,,
Michigan_MPART_Surface_Water,Johnson Creek | 01-JC-0040,Surface Water,44.19122,-83.85406,2019,7/1/2019,,EPA 537.1,,,ng/L,0.85,1.10,,0.00,0.42,0.32,0.60,0.52,0.00,,,,,,,,,,,0.00,0.35,,,,,,,,,,,,,,,,,,,0.00,0.00,,,0.00,,,0.00,,,,,,,
Michigan_MPART_Surface_Water,South Ore Creek | 24-SOC-0100,Surface Water,42.54936,-83.778463,2022,11/8/2022,,EPA 537.1,,,ng/L,1.10,,,0.37,0.48,0.56,,1.30,0.00,,0.00,,,,,,,,,0.00,,,,,,,,,,,,,,,,,,,,0.00,,,,0.00,,,,0.00,0.26,,,,,
Michigan_MPART_Surface_Water,Red Cedar River | 62-RA-0140,Surface Water,42.68836,-84.28956,2022,7/6/2022,,EPA 537.1,,,ng/L,0.92,,,0.00,0.00,,0.90,0.31,0.00,,0.00,,,,,,,,1.10,0.00,0.86,,,,,,,,,,,,,,,,,,,0.00,,,,,,,,0.00,0.00,,,,,
Michigan_MPART_Surface_Water,Mud Creek | 14-MUD-0030,Surface Water,43.52189,-83.16789,2023,7/6/2023,,EPA 537.1,,,ng/L,0.77,,,0.00,0.25,,0.53,0.34,0.00,,0.00,,,,,,,,,0.00,1.30,,,,,,,,,,,,,,,,,,,0.00,,,,,,,,0.00,0.00,,,,,
Michigan_MPART_Surface_Water,Sashabaw Creek | 17-SBC-0050,Surface Water,42.7211,-83.35254,2020,7/7/2020,,EPA 537.1,,,ng/L,,,,0.62,0.70,1.20,,1.10,0.00,,,,,,,,,,,0.00,,,,,,,,,,,,,,,,,,,,0.00,0.00,,,0.00,,,0.81,0.00,0.00,,0.00,,,
Michigan_MPART_Surface_Water,Saginaw Bay | 30-SB-0010,Surface Water,43.94167,-83.623892,2019,5/16/2019,,EPA 537.1,,,ng/L,1.30,1.60,,0.00,0.33,0.72,1.40,0.78,0.00,,,,,,,,,,0.92,0.00,0.84,,,,,,,,,,,,,,,,,,,,0.35,,,0.00,,,,,,,,,,
Michigan_MPART_Surface_Water,North Branch Thunder Bay River | 59-NTBR-0040,Surface Water,45.178436,-83.626343,2021,5/3/2021,,EPA 537.1,,,ng/L,,,,0.35,0.34,,0.71,0.51,0.00,,0.00,,,,,,,,,0.00,0.36,3.90,,,,,,,,,,,,,,,,,,0.00,,,,,,,,0.00,0.00,,,,,
Michigan_MPART_Surface_Water,Mill Creek | 51-MLC-0180,Surface Water,43.1241,-82.8926,2023,9/20/2023,,EPA 537.1,,,ng/L,1.50,1.60,,,0.29,0.93,,1.00,0.00,,0.00,,,,,,,,1.50,0.00,,3.30,,,,,,,,,,,,,,,,,,,,,,,,,,0.00,,,,,,
Michigan_MPART_Surface_Water,Baum Drain | 01-BD-0040,Surface Water,44.06275,-83.66809,2022,5/4/2022,,EPA 537.1,,,ng/L,,1.30,,0.00,0.28,,1.30,0.82,0.00,,0.00,,,,,,,,1.30,0.00,1.20,,,,,,,,,,,,,,,,,,,0.00,,,,,,,,0.00,0.00,,,,,
Michigan_MPART_Surface_Water,Silver Creek | 51-SLVC-0020,Surface Water,43.1491,-82.6352,2022,7/7/2022,,EPA 537.1,,,ng/L,1.10,1.60,,0.00,0.75,,1.70,0.97,0.00,,0.00,,,,,,,,,0.00,0.78,2.50,,,,,,,,,,,,,,,,,,0.00,,,,,,,,0.00,0.00,,,,,
Michigan_MPART_Surface_Water,South Fork Cass River | 14-SCR-0060,Surface Water,43.65303,-82.91658,2023,11/8/2023,,EPA 537.1,,,ng/L,,,,0.00,0.00,,,0.49,0.00,,0.00,,,,,,,,,0.00,0.37,4.10,,,,,,,,,,,,,,,,,,,,,,,,,,0.00,,,,,,
Michigan_MPART_Surface_Water,Pine Creek | 52-PN2-0010,Surface Water,42.1115,-85.2518,2022,5/11/2022,,EPA 537.1,,,ng/L,1.30,,,0.00,0.57,,0.65,0.71,0.00,,0.00,,,,,,,,,0.00,0.62,2.40,,,,,,,,,,,,,,,,,,0.00,,,,,,,,0.00,0.00,,,,,
Michigan_MPART_Surface_Water,Chippewa River | 47-CHIP-0120,Surface Water,43.62304,-84.62978,2019,5/2/2019,,EPA 537.1,,,ng/L,1.30,1.10,,0.00,0.00,0.74,0.99,0.69,0.00,,,,,,,,,,1.20,0.00,0.90,,,,,,,,,,,,,,,,,,,,0.00,,,0.00,,,,,,,,,,
Michigan_MPART_Surface_Water,Saginaw Bay | 30-SB-0070,Surface Water,43.883337,-83.393059,2019,7/1/2019,,EPA 537.1,,,ng/L,1.40,1.50,,0.00,0.41,0.65,1.10,0.84,0.00,,,,,,,,,,0.87,0.00,0.44,,,,,,,,,,,,,,,,,,,0.00,0.00,,,0.00,,,0.00,,,,,,,
Michigan_MPART_Surface_Water,Sashabaw Creek | 17-SBC-0050,Surface Water,42.7211,-83.35254,2019,5/23/2019,,EPA 537.1,,,ng/L,1.90,,,0.58,1.10,1.60,,1.30,0.00,,,,,,,,,,2.20,0.00,,,,,,,,,,,,,,,,,,,,,0.00,,,0.00,,,,,,,,,,
Michigan_MPART_Surface_Water,Trib to Silver Creek | 35-UTSC-0010,Surface Water,45.45545,-84.04526,2019,5/1/2019,,EPA 537.1,,,ng/L,,,,,0.00,0.27,,0.00,0.00,,,,,,,,,,,0.00,0.00,,,,,,,,,,,,,,,,,,,,0.00,,,0.00,,,,,,,,,,
Michigan_MPART_Surface_Water,Butternut Creek | 58-BN-0030,Surface Water,42.5915,-84.8107,2021,11/10/2021,,EPA 537.1,,,ng/L,0.97,1.10,,0.00,0.00,,0.49,0.00,0.00,,0.00,,,,,,,,0.59,0.00,0.70,,,,,,,,,,,,,,,,,,,0.00,,,,,,,,0.00,0.00,,,,,
Michigan_MPART_Surface_Water,Bradshaw Drain | 44-BD-0020,Surface Water,42.10036,-83.51139,2021,5/5/2021,,EPA 537.1,,,ng/L,,1.70,,0.32,0.36,0.90,,0.85,0.00,,0.00,,,,,,,,,0.00,,3.60,,,,,,,,,,,,,,,,,,0.00,,,,,,,,0.00,0.00,,,,,
Michigan_MPART_Surface_Water,Wanadoga Creek | 25-WDC-0020,Surface Water,42.3845,-85.1282,2020,9/3/2020,,EPA 537.1,,,ng/L,,0.90,,,0.00,0.41,1.50,0.59,0.00,,,,,,,,,,,,0.87,,,,,,,,,,,,,,,,,,,,0.00,,,0.00,,,0.57,0.00,,,0.00,,,
Michigan_MPART_Surface_Water,South Branch White River | 45-SWR-0130,Surface Water,43.56257,-85.86224,2021,5/11/2021,,EPA 537.1,,,ng/L,0.51,0.76,,0.00,0.00,0.51,0.52,0.22,0.17,,0.22,,0.41,,,,,,0.44,0.27,0.28,2.20,,,,,,,,,,0.99,,,1.10,,,1.20,,0.29,0.66,,,0.33,1.20,0.49,0.88,0.22,0.29,,0.36,,,
Michigan_MPART_Surface_Water,West Branch Little Muskegon Riv | 42-WLMR-0010,Surface Water,43.59037,-85.28069,2021,5/11/2021,,EPA 537.1,,,ng/L,,,,0.00,0.00,,0.86,0.29,0.00,,0.00,,,,,,,,,0.00,0.59,,,,,,,,,,,,,,,,,,,,,,,,,,,0.00,,,,,,
Michigan_MPART_Surface_Water,Detroit River Upstream | 19-DR-0010,Surface Water,42.352448,-82.927226,2019,7/25/2019,,EPA 537.1,,,ng/L,1.40,,,0.00,0.49,0.78,1.00,0.65,0.00,,,,,,,,,,0.78,0.00,0.25,,,,,,,,,,,,,,,,,,,,0.00,,,0.00,,,,,,,,,,
Michigan_MPART_Surface_Water,Stony Creek | 44-ST-0170,Surface Water,42.0229,-83.4177,2020,7/8/2020,,EPA 537.1,,,ng/L,,1.30,,0.00,0.43,1.50,1.30,0.62,0.00,,,,,,,,,,,0.00,1.40,,,,,,,,,,,,,,,,,,,0.00,0.00,,,0.00,,,0.40,0.00,0.00,,0.00,,,
Michigan_MPART_Surface_Water,Paint Creek Drain | 17-PCD-0030,Surface Water,42.7964,-83.2915,2022,5/12/2022,,EPA 537.1,,,ng/L,0.75,1.70,,0.00,0.29,0.63,,1.10,0.00,,0.00,,,,,,,,,0.00,,,,,,,,,,,,,,,,,,,,0.00,,,,,,,,0.00,0.00,,,,,
Michigan_MPART_Surface_Water,Birch Creek | 06-BI-0020,Surface Water,43.16921,-82.50776,2023,11/8/2023,,EPA 537.1,,,ng/L,,1.90,,,0.00,,1.50,1.00,0.00,,0.00,,,,,,,,1.80,0.00,0.78,,,,,,,,,,,,,,,,,,,,,,,,,,,0.00,,,,,,
Michigan_MPART_Surface_Water,Saginaw Bay | 30-SB-0010,Surface Water,43.94167,-83.623892,2019,7/1/2019,,EPA 537.1,,,ng/L,1.40,1.40,,0.00,0.31,0.75,1.20,0.77,0.00,,,,,,,,,,1.10,0.00,0.57,,,,,,,,,,,,,,,,,,,0.00,0.00,,,0.00,,,0.00,,,,,,,
Michigan_MPART_Surface_Water,Mill Creek | 51-MLC-0180,Surface Water,43.1241,-82.8926,2023,9/20/2023,,EPA 537.1,,,ng/L,1.30,,,,0.00,0.69,,0.98,0.00,,0.00,,,,,,,,,0.00,,,,,,,,,,,,,,,,,,,,,,,,,,,,0.00,,,,,,
Michigan_MPART_Surface_Water,Tamarack Creek | 42-TC-0100,Surface Water,43.3975,-85.4618,2020,9/3/2020,,EPA 537.1,,,ng/L,,,,0.00,0.00,0.41,,0.25,0.00,,,,,,,,,,0.76,0.00,0.70,1.20,,,,,,,,,,,,,,,,,,,0.00,,,0.00,,,0.45,0.00,,,0.00,,,
Michigan_MPART_Surface_Water,Saginaw Bay | 30-SB-0010,Surface Water,43.94167,-83.623892,2019,9/5/2019,,EPA 537.1,,,ng/L,1.60,1.50,,0.00,0.38,0.81,1.20,0.72,0.00,,,,,,,,,,0.95,0.00,0.44,,,,,,,,,,,,,,,,,,,0.00,0.00,,,0.00,,,0.57,,,,,,,
Michigan_MPART_Surface_Water,South Branch Flint River | 23-SBFR-0030,Surface Water,43.11425,-83.371304,2021,5/4/2021,,EPA 537.1,,,ng/L,1.80,1.30,,0.49,0.37,,,0.92,0.00,,0.00,,,,,,,,,0.00,1.70,2.70,,,,,,,,,,,,,,,,,,,,,,,,,,0.00,,,,,,
Michigan_MPART_Surface_Water,Porter Creek | 23-PTC-0040,Surface Water,43.1022,-83.9908,2020,7/7/2020,,EPA 537.1,,,ng/L,0.91,,,0.00,0.24,0.31,,0.00,0.00,,,,,,,,,,0.73,0.00,0.33,1.50,,,,,,,,,,,,,,,,,,0.00,0.00,,,0.00,,,0.59,0.00,0.00,,0.00,,,
Michigan_MPART_Surface_Water,Eaton and Baker Drain | 25-EBD-0020,Surface Water,42.32009,-84.867791,2021,11/10/2021,,EPA 537.1,,,ng/L,,,,0.00,0.00,,,0.00,0.00,,0.00,,,,,,,,,0.00,0.27,2.20,,,,,,,,,,,,,,,,,,0.00,,,,,,,,0.00,0.00,,,,,
Michigan_MPART_Surface_Water,Pere Marquette River | 45-PM-0110,Surface Water,43.92225,-85.97699,2022,5/10/2022,,EPA 537.1,,,ng/L,,,,0.00,0.00,,,0.00,0.00,,0.00,,,,,,,,,0.00,0.00,,,,,,,,,,,,,,,,,,,0.00,,,,,,,,0.00,0.00,,,,,
Michigan_MPART_Surface_Water,Saginaw Bay | 30-SB-0020,Surface Water,43.895281,-83.860559,2019,9/5/2019,,EPA 537.1,,,ng/L,4.10,1.80,,0.00,0.53,0.87,1.80,1.00,0.00,,,,,,,,,,1.40,0.00,0.75,,,,,,,,,,,,,,,,,,,0.00,0.00,,,0.00,,,,,,,,,,
Michigan_MPART_Surface_Water,South Fork Bad River | 50-SBD-0030,Surface Water,43.265153,-84.196766,2021,7/6/2021,,EPA 537.1,,,ng/L,0.58,1.80,,0.33,0.58,0.61,1.40,1.20,0.20,1.60,0.00,,0.49,,,,,,1.00,,1.10,,,,,,,,,,,1.20,,,,,,1.40,,0.34,0.78,,,,1.40,,1.00,0.26,0.34,,0.43,,,
Michigan_MPART_Surface_Water,"East Fork, West Branch St. Jose | 52-EWSJ-0150",Surface Water,41.855,-84.6778,2019,9/17/2019,,EPA 537.1,,,ng/L,0.89,0.97,,0.00,0.36,0.40,0.62,0.54,0.00,,,,,,,,,,,0.00,0.56,1.70,,,,,,,,,,,,,,,,,,0.00,0.00,,,0.00,,,,,,,,,,
Michigan_MPART_Surface_Water,Thunder Bay River | 59-TBR-0200,Surface Water,45.0822,-83.7584,2019,5/1/2019,,EPA 537.1,,,ng/L,,1.20,,0.00,0.00,0.31,0.59,1.20,0.00,,,,,,,,,,,0.00,0.22,,,,,,,,,,,,,,,,,,,,0.00,,,0.00,,,0.37,,,,,,,
Michigan_MPART_Surface_Water,Huron River | 24-HR-0030,Surface Water,42.06407,-83.25419,2001,2/14/2001,,Undisclosed,,,ng/L,,,,,,,,,,,,,,,,,,,,,,,,,,,,,,,,,,,,,,,,,,,,,,,,,,,,,,
Michigan_MPART_Surface_Water,Dyer Creek | 37-DC-0010,Surface Water,44.11789,-85.56119,2022,7/5/2022,,EPA 537.1,,,ng/L,,,,0.00,0.46,,,0.51,0.00,,0.00,,,,,,,,,0.00,0.17,2.10,,,,,,,,,,,,,,,,,,0.00,,,,,,,,0.00,0.00,,,,,
Michigan_MPART_Surface_Water,Pigeon River | 46-PGR-0190,Surface Water,43.82943,-83.2883,2023,11/8/2023,,EPA 537.1,,,ng/L,,,,0.00,0.00,,,0.00,0.00,,0.00,,,,,,,,,0.00,0.82,2.50,,,,,,,,,,,,,,,,,,,,,,,,,,0.00,,,,,,
Michigan_MPART_Surface_Water,Swan Creek | 32-SC-0020,Surface Water,42.6813,-82.6587,2022,5/12/2022,,EPA 537.1,,,ng/L,,,,0.00,0.72,0.88,,,0.00,,0.00,,,,,,,,,0.00,,,,,,,,,,,,,,,,,,,,,,,,,,,,0.00,,,,,,
Michigan_MPART_Surface_Water,Unnamed trib to Little Rainy Ri | 07-ULRR-0010,Surface Water,45.3107,-84.1959,2020,7/6/2020,,EPA 537.1,,,ng/L,0.71,1.30,,0.00,0.53,0.38,0.83,0.78,0.00,,,,,,,,,,0.94,0.00,0.65,,,,,,,,,,,,,,,,,,,0.00,0.00,,,0.00,,,0.61,0.00,0.00,,0.00,,,
Michigan_MPART_Surface_Water,Gloede Ditch | 17-GD-0150,Surface Water,42.6476,-82.9569,2020,11/11/2020,,EPA 537.1,,,ng/L,,,,1.60,1.40,,,,0.00,,0.00,,,,,,,,,0.00,,,,,,,,,,,,,,,3.90,,,,,,,,,,,,1.30,0.00,,,,,,
Michigan_MPART_Surface_Water,Elliot Branch (Smith Drain) | 14-SD-0030,Surface Water,43.27959,-83.67197,2019,5/8/2019,,EPA 537.1,,,ng/L,0.85,1.60,,0.00,0.00,0.75,1.10,0.64,0.00,,,,,,,,,,,0.00,,,,,,,,,,,,,,,,,,,,,0.00,,,0.00,,,,,,,,,,
Michigan_MPART_Surface_Water,Mill Creek | 51-MLC-0180,Surface Water,43.1241,-82.8926,2022,9/8/2022,,EPA 537.1,,,ng/L,,,,0.00,0.34,,,0.35,0.00,,0.00,,,,,,,,,0.00,0.42,,,,,,,,,,,,,,,,,,,0.00,,,,,,,,0.00,0.00,,,,,
Michigan_MPART_Surface_Water,East Branch Paw Paw River | 52-EPPR-0010,Surface Water,42.21365,-85.89264,2019,7/9/2019,,EPA 537.1,,,ng/L,0.96,1.00,,0.00,0.27,0.57,0.72,0.53,0.00,,,,,,,,,,0.73,0.00,1.20,,,,,,,,,,,,,,,,,,,0.00,0.00,,,0.00,,,0.00,,,,,,,
Michigan_MPART_Surface_Water,Trib to Grand River | 62-USGR-0020,Surface Water,42.10804,-84.36212,2019,11/13/2019,,EPA 537.1,,,ng/L,0.57,,,0.33,0.28,0.45,,0.47,0.23,,,,,,,,,,,0.00,0.43,,,,,,,,,,,,,,,,,,,0.00,0.00,,,0.00,,,0.46,,,,,,,
Michigan_MPART_Surface_Water,Rush Creek | 36-RC-0170,Surface Water,42.8634,-85.86138,2019,5/6/2019,,EPA 537.1,,,ng/L,3.00,,,0.00,0.39,1.10,,1.50,0.00,,,,,,,,,,,0.00,,,,,,,,,,,,,,,,,,,,,0.00,,,0.00,,,,,,,,,,
Michigan_MPART_Surface_Water,Picket Creek | 01-PC-0025,Surface Water,44.34587,-83.68142,2019,11/4/2019,,EPA 537.1,,,ng/L,,0.84,,0.00,0.36,0.35,,0.49,0.00,,,,,,,,,,,0.00,0.34,,,,,,,,,,,,,,,,,,,,0.00,,,0.00,,,0.73,,,,,,,
Michigan_MPART_Surface_Water,Prairie Creek | 36-PR-0028,Surface Water,42.99154,-85.02868,2023,9/25/2023,,EPA 537.1,,,ng/L,,0.90,,,0.00,,1.60,0.94,0.00,,0.00,,,,,,,,,,1.20,,,,,,,,,,,,,,,,,,,,,,,,,,,0.00,,,,,,
Michigan_MPART_Surface_Water,Bad River | 50-BD-0200,Surface Water,43.3071,-84.3688,2023,7/5/2023,,EPA 537.1,,,ng/L,,,,0.52,1.10,0.98,,1.20,0.00,,0.00,,,,,,,,,0.00,,,,,,,,,,,,,,,,,,,,0.00,,,,,,,,0.00,0.00,,,,,
Michigan_MPART_Surface_Water,BEAN CREEK (FITTS CREEK) | 60-BC-0450,Surface Water,41.98818,-84.324384,2022,11/8/2022,,EPA 537.1,,,ng/L,0.46,0.79,,0.53,0.38,,,0.43,0.00,,0.00,,,,,,,,0.83,0.00,0.27,,,,,,,,,,,,,,,,,,,0.00,,,,,,,,0.00,0.27,,,,,
Michigan_MPART_Surface_Water,North Branch Kawkawlin River | 27-NKR-0250,Surface Water,43.864077,-84.186884,2021,5/3/2021,,EPA 537.1,,,ng/L,,1.10,,0.31,0.33,,0.92,0.80,0.00,,0.00,,,,,,,,,0.00,0.77,3.20,,,,,,,,,,,,,,,,,,0.00,,,,,,,,0.00,0.00,,,,,
Michigan_MPART_Surface_Water,Pine River | 47-PR-0325,Surface Water,43.32517,-84.84424,2019,5/6/2019,,EPA 537.1,,,ng/L,,,,0.00,0.26,0.40,0.61,0.46,0.00,,,,,,,,,,,0.00,0.46,,,,,,,,,,,,,,,,,,,,0.36,,,0.00,,,,,,,,,,
Michigan_MPART_Surface_Water,Salt River | 61-SR-0030,Surface Water,43.6962,-84.4429,2021,9/20/2021,,EPA 537.1,,,ng/L,0.55,,,0.00,0.00,0.48,,0.00,0.00,,0.00,,,,,,,,,0.00,0.74,2.60,,,,,,,,,,,,,,,,,,0.00,,,,0.00,,,,0.00,0.00,,,,,
Michigan_MPART_Surface_Water,East Branch Paw Paw River | 52-EPPR-0010,Surface Water,42.21365,-85.89264,2019,5/7/2019,,EPA 537.1,,,ng/L,0.86,0.93,,0.00,0.00,0.67,0.92,0.48,0.00,,,,,,,,,,,0.00,1.00,,,,,,,,,,,,,,,,,,,0.00,0.00,,,0.00,,,,,,,,,,
Michigan_MPART_Surface_Water,Unnamed Trib to Five Mile Creek | 45-FMC-0050,Surface Water,43.605694,-85.643331,2021,9/14/2021,,EPA 537.1,,,ng/L,,,,0.00,0.00,,,0.00,0.00,,0.00,,,,,,,,1.30,0.27,1.30,2.60,,,,,,,,,,,,,,,,,,0.00,,,,,,,,0.00,0.00,,,,,
Michigan_MPART_Surface_Water,South Branch Hog Creek | 52-SHG-0100,Surface Water,41.98524,-84.86372,2021,5/5/2021,,EPA 537.1,,,ng/L,,,,0.38,0.25,,0.69,0.39,0.00,,0.00,,,,,,,,,0.00,0.19,,,,,,,,,,,,,,,,,,,0.00,,,,,,,,0.00,0.00,,,,,
Michigan_MPART_Surface_Water,Picket Creek | 01-PC-0025,Surface Water,44.34587,-83.68142,2019,9/10/2019,,EPA 537.1,,,ng/L,0.58,,,,0.31,0.36,,0.26,0.00,,,2.30,,,,,,,,0.00,0.00,1.10,,,,,,,,,,,,,,,,,,,0.31,,,0.00,,,0.45,,,,,,,
Michigan_MPART_Surface_Water,Detroit River Downstream | 19-DR-1000,Surface Water,42.05417,-83.152504,2020,8/27/2020,,EPA 537.1,,,ng/L,,1.70,,0.00,0.36,0.76,1.20,0.70,0.00,,,,,,,,,,1.10,0.00,0.47,,,,,,,,,,,,,,,,,,,0.00,0.46,,,0.00,,,0.50,0.00,0.00,,0.00,,,
Michigan_MPART_Surface_Water,Cedar Creek | 37-CC-0080,Surface Water,44.37595,-85.97215,2019,9/16/2019,,EPA 537.1,,,ng/L,,,,0.00,0.00,0.26,,0.28,0.00,,,,,,,,,,,0.00,0.21,,,,,,,,,,,,,,,,,,,0.00,0.00,,,0.00,,,0.45,,,,,,,
Michigan_MPART_Surface_Water,Barber Creek | 08-BRC-0040,Surface Water,42.42057,-86.06133,2022,5/10/2022,,EPA 537.1,,,ng/L,,1.30,,,0.43,,0.74,0.73,0.00,,0.00,,,,,,,,0.56,0.00,0.64,2.40,,,,,,,,,,,,,,,,,,,,,,,,,,0.00,,,,,,
Michigan_MPART_Surface_Water,Detroit River Upstream | 19-DR-0010,Surface Water,42.352448,-82.927226,2020,10/8/2020,,EPA 537.1,,,ng/L,1.50,1.40,,0.00,0.27,0.71,0.79,0.59,0.00,,0.00,,,,,,,,0.85,0.00,0.29,,,,,,,,,,,,,,,,,,,0.00,,,,,,,,0.00,0.00,,,,,
Michigan_MPART_Surface_Water,South Ore Creek | 24-SOC-0100,Surface Water,42.54936,-83.778463,2021,11/9/2021,,EPA 537.1,,,ng/L,,1.50,,0.00,0.00,,1.30,0.93,0.00,,0.00,,,,,,,,1.60,0.00,1.70,3.90,,,,,,,,,,,,,,,,,,0.00,,,,,,,,0.00,0.00,,,,,
Michigan_MPART_Surface_Water,Johnson Drain | 19-JD-0105,Surface Water,42.40694,-83.5171,2022,5/11/2022,,EPA 537.1,,,ng/L,,,,0.00,0.34,,,,0.00,,0.00,,,,,,,,,0.37,,,,,,,,,,,,,,,,,,,,0.00,,,,0.00,,,,0.00,0.00,,,,,
Michigan_MPART_Surface_Water,Mill Creek | 51-MLC-0180,Surface Water,43.1241,-82.8926,2023,9/7/2023,,EPA 537.1,,,ng/L,0.75,1.00,,,0.27,,1.10,0.63,0.00,,0.00,,,,,,,,0.60,0.00,0.53,,,,,,,,,,,,,,,,,,,,,,,,,,,0.00,,,,,,
Michigan_MPART_Surface_Water,Thread Creek | 23-THR-0120,Surface Water,42.9969,-83.6478,2023,5/3/2023,,EPA 537.1,,,ng/L,,1.20,,0.00,0.00,1.10,1.40,0.66,0.00,,0.00,,,,,,,,1.50,0.00,,4.50,,,,,,,,,,,,,,,,,,,,,,,,,,0.00,,,,,,
Michigan_MPART_Surface_Water,Chippewa River | 47-CHIP-0170,Surface Water,43.623615,-84.768059,2020,9/15/2020,,EPA 537.1,,,ng/L,0.63,0.93,,0.00,0.00,0.56,0.81,0.38,0.00,,0.00,,,,,,,,1.10,0.00,0.78,2.60,,,,,,,,,,,,,,,,,,0.00,,,,,,,,0.00,0.00,,,,,
Michigan_MPART_Surface_Water,Little Ocqueoc River | 35-LOCR-0010,Surface Water,45.4073,-84.0288,2019,7/1/2019,,EPA 537.1,,,ng/L,0.56,0.77,,0.00,0.26,0.35,0.53,0.48,0.00,,,,,,,,,,,0.00,0.26,,,,,,,,,,,,,,,,,,,0.00,0.00,,,0.00,,,0.00,,,,,,,
Michigan_MPART_Surface_Water,Detroit River Downstream | 19-DR-1000,Surface Water,42.05417,-83.152504,2020,6/17/2020,,EPA 537.1,,,ng/L,1.60,1.50,,0.00,0.26,0.75,1.10,0.65,0.00,,,,,,,,,,1.00,0.00,0.37,1.40,,,,,,,,,,,,,,,,,,,0.00,,,0.00,,,0.95,0.00,,,0.00,,,
Michigan_MPART_Surface_Water,Messer Brook | 58-MSB-0020,Surface Water,42.76977,-85.24025,2021,11/10/2021,,EPA 537.1,,,ng/L,1.60,0.77,,0.00,0.00,,,0.40,0.00,,0.00,,,,,,,,,0.00,1.10,,,,,,,,,,,,,,,,,,,0.00,,,,,,,,0.00,0.00,,,,,
Michigan_MPART_Surface_Water,Detroit River Upstream | 19-DR-0010,Surface Water,42.352448,-82.927226,2020,11/11/2020,,EPA 537.1,,,ng/L,1.60,1.20,,0.00,0.31,0.70,0.87,0.56,0.00,,0.00,,,,,,,,0.79,0.00,0.32,,,,,,,,,,,,,,,,,,,0.00,,,,,,,0.93,0.00,0.00,,,,,
Michigan_MPART_Surface_Water,Chief Creek Drain | 01-CCD-0045,Surface Water,44.084606,-83.740528,2022,11/1/2022,,EPA 537.1,,,ng/L,,,,0.00,0.00,,0.56,0.45,0.00,,0.00,,,,,,,,,0.00,0.00,,,,,,,,,,,,,,,,,,,,,,,,,,,0.00,0.31,,,,,
Michigan_MPART_Surface_Water,North Branch White River | 45-NWR-0040,Surface Water,43.5699,-86.21,2022,11/7/2022,,EPA 537.1,,,ng/L,,,,0.00,0.00,,0.47,0.43,0.00,,0.00,,,,,,,,,0.00,0.55,3.30,,,,,,,,,,,,,,,,,,0.00,,,,0.00,,,,0.00,0.26,,,,,
Michigan_MPART_Surface_Water,Fellows Creek | 19-FC-0050,Surface Water,42.30929,-83.44469,2022,9/7/2022,,EPA 537.1,,,ng/L,,,,0.46,0.61,1.70,,,0.00,,0.00,,,,,,,,,0.00,,,,,,,,,,,,,,,,,,,,,,,,,,,,0.00,,,,,,
Michigan_MPART_Surface_Water,Detroit River Upstream | 19-DR-0010,Surface Water,42.352448,-82.927226,2017,7/10/2017,,EPA 537.1,,,ng/L,1.60,1.10,,,,,0.90,,,,,,,,,,,,,,,1.60,,,,,,,,,,,,,,,,,,,1.20,0.20,,,,,2.20,,,,,,,
Michigan_MPART_Surface_Water,Stony Creek | 44-ST-0170,Surface Water,42.0229,-83.4177,2020,9/16/2020,,EPA 537.1,,,ng/L,,1.50,,0.00,0.28,1.60,,0.77,0.00,,0.00,,,,,,,,,0.00,,3.90,,,,,,,,,,,,,,,,,,0.00,,,,,,,,0.00,0.00,,,,,
Michigan_MPART_Surface_Water,Flower Creek | 45-FC-0020,Surface Water,43.4796,-86.4469,2020,6/30/2020,,EPA 537.1,,,ng/L,,,,0.00,0.00,0.31,,0.00,0.00,,,,,,,,,,0.42,0.00,0.19,0.55,,,,,,,,,,,,,,,,,,0.00,0.00,,,0.00,,,0.60,0.00,0.00,,0.00,,,
Michigan_MPART_Surface_Water,Dietz Creek | 62-DZC-0060,Surface Water,42.61791,-84.21135,2019,5/8/2019,,EPA 537.1,,,ng/L,,,,0.44,0.49,0.34,0.58,0.00,0.00,,,,,,,,,,,0.00,0.82,,,,,,,,,,,,,,,,,,,,0.00,,,0.00,,,,,,,,,,
Michigan_MPART_Surface_Water,Stony Creek | 44-ST-0170,Surface Water,42.0229,-83.4177,2020,11/12/2020,,EPA 537.1,,,ng/L,,,,0.00,0.00,1.50,0.99,0.55,0.00,,0.00,,,,,,,,1.20,0.00,1.50,,,,,,,,,,,,,,,,,,,,,,,,,,,0.00,,,,,,
Michigan_MPART_Surface_Water,Kanouse Lake Drain | 50-KLD-0010,Surface Water,42.82381,-84.00071,2023,7/5/2023,,EPA 537.1,,,ng/L,0.65,,,0.00,0.00,,,0.42,0.00,,0.00,,,,,,,,,0.00,1.70,2.20,,,,,,,,,,,,,,,,,,0.00,,,,,,,,0.00,0.00,,,,,
Michigan_MPART_Surface_Water,Johnson Drain | 52-DRC-0070,Surface Water,42.1945,-85.3752,2023,9/25/2023,,EPA 537.1,,,ng/L,,,,0.00,0.00,,0.62,0.00,0.00,,0.00,,,,,,,,,0.00,0.00,,,,,,,,,,,1.30,,,,,,,,,,,,,,,,0.00,,,,,,
Michigan_MPART_Surface_Water,Tallahassee Creek | 52-TC-0030,Surface Water,41.839778,-84.945126,2021,11/10/2021,,EPA 537.1,,,ng/L,,,,0.00,0.00,,,0.00,0.00,,0.00,,,,,,,,,0.00,0.36,,,,,,,,,,,,,,,,,,,0.00,,,,,,,,0.00,0.00,,,,,
Michigan_MPART_Surface_Water,Wabasis Creek | 36-WB-0010,Surface Water,43.13022,-85.24758,2019,9/11/2019,,EPA 537.1,,,ng/L,0.97,1.40,,0.00,0.31,0.63,0.86,0.63,0.00,,,,,,,,,,,0.00,0.97,,,,,,,,,,,,,,,,,,,,0.50,,,0.00,,1.20,1.00,,,,,,,
Michigan_MPART_Surface_Water,Pine River | 47-PR-0060,Surface Water,43.5171,-84.4621,2023,11/1/2023,,EPA 537.1,,,ng/L,1.20,,,0.00,0.00,0.73,0.66,0.35,0.00,,0.00,,,,,,,,0.56,0.00,0.83,2.20,,,,,,,,,,,,,,,,,,0.00,,,,,,,,0.00,0.00,,,,,
Michigan_MPART_Surface_Water,Manistee River | 37-MAN-0750,Surface Water,44.58835,-85.07821,2020,5/18/2020,,EPA 537.1,,,ng/L,,,,,0.00,0.36,,0.00,0.00,,,,,,,,,,,,0.00,1.40,,,,,,,,,,,,,,,,,,,0.00,,,0.00,,,1.70,0.00,,,0.00,,,
Michigan_MPART_Surface_Water,Buck Creek | 01-BKC-0030,Surface Water,44.4194,-83.5695,2019,7/1/2019,,EPA 537.1,,,ng/L,,,,0.00,0.00,0.26,,0.00,0.00,,,,,,,,,,,0.00,0.00,0.00,,,,,,,,,,,,,,,,,,0.00,0.00,,,0.00,,,0.00,,,,,,,
Michigan_MPART_Surface_Water,Unnamed trib to Quinicassee Riv | 46-UQR-0010,Surface Water,43.5368,-83.7088,2020,9/17/2020,,EPA 537.1,,,ng/L,,,,0.00,0.84,,,,0.00,,0.00,,,,,,,,,0.36,,,,,,,,,,,,,,,,,,,,0.00,,,,,,,,0.00,0.00,,,,,
Michigan_MPART_Surface_Water,Thread Creek | 23-THR-0120,Surface Water,42.9969,-83.6478,2023,7/5/2023,,EPA 537.1,,,ng/L,,1.50,,0.00,0.38,1.20,1.50,0.71,0.00,,0.00,,,,,,,,,0.00,,3.10,,,,,,,,,,,,,,,,,,,,,,,,,,0.00,,,,,,
Michigan_MPART_Surface_Water,Flowerfield Creek | 52-FFC-0030,Surface Water,42.06745,-85.65818,2019,5/7/2019,,EPA 537.1,,,ng/L,,0.91,,,0.00,0.36,0.66,0.61,0.00,,,,,,,,,,,0.00,0.33,,,,,,,,,,,,,,,,,,,,0.36,,,0.00,,,,,,,,,,
Michigan_MPART_Surface_Water,Pipestone Creek | 52-PC-0060,Surface Water,42.05786,-86.35472,2021,7/1/2021,,EPA 537.1,,,ng/L,1.10,1.30,,0.41,0.42,,1.00,0.90,0.00,,0.00,,,,,,,,0.81,0.00,0.76,,,,,,,,,,,,,,,,,,,,,,,,,,1.40,0.00,,,,,,
Michigan_MPART_Surface_Water,South Ore Creek | 24-SOC-0100,Surface Water,42.54936,-83.778463,2022,7/6/2022,,EPA 537.1,,,ng/L,1.00,,,0.83,0.38,,,1.10,0.00,,0.00,,,,,,,,,0.00,,4.50,,,,,,,,,,,,,,,,,,,,,,,,,,0.00,,,,,,
Michigan_MPART_Surface_Water,Chippewa River | 47-CHIP-0260,Surface Water,43.58809,-84.88839,2023,9/25/2023,,EPA 537.1,,,ng/L,,,,,0.00,,1.00,0.42,0.00,,0.00,,,,,,,,,0.00,0.47,,,,,,,,,,,,,,,,,,,,,,,,,,,0.00,,,,,,
Michigan_MPART_Surface_Water,Huron River | 24-HR-0700,Surface Water,42.57432,-83.56017,2019,7/25/2019,,EPA 537.1,,,ng/L,1.30,,,0.43,0.56,1.40,,1.70,0.00,,,,,,,,,,,0.00,,,,,,,,,,,,,,,,,,,,,0.00,,,0.00,,,,,,,,,,
Michigan_MPART_Surface_Water,Burtch Creek | 06-BH-0029,Surface Water,43.15204,-82.54243,2023,11/8/2023,,EPA 537.1,,,ng/L,54.00,,,0.00,0.00,0.57,,,0.56,,0.00,,,,,,,,,0.00,,4.80,,,,,,,,,,,,,,,,,,,,,,,,,,0.00,,,,,,
Michigan_MPART_Surface_Water,Thunder Bay River | 59-TBR-0200,Surface Water,45.0822,-83.7584,2019,7/1/2019,,EPA 537.1,,,ng/L,,1.40,,0.00,0.25,0.28,0.82,1.20,0.00,,,,,,,,,,,0.00,0.18,,,,,,,,,,,,,,,,,,,0.00,0.00,,,0.00,,,0.00,,,,,,,
Michigan_MPART_Surface_Water,Elkton Drain | 46-ED-0040,Surface Water,43.81941,-83.190864,2023,11/8/2023,,EPA 537.1,,,ng/L,,,,0.00,0.00,,,0.00,0.00,,0.00,,,,,,,,,0.00,0.93,3.70,,,,,,,,,,,,,,,,,,,,,,,,,,0.00,,,,,,
Michigan_MPART_Surface_Water,Unnamed Trib between Devoe Lake | 60-UMLD-0010,Surface Water,41.833055,-84.421124,2021,7/8/2021,,EPA 537.1,,,ng/L,,0.80,,0.00,0.30,,0.92,0.67,0.00,,0.00,,,,,,,,0.65,0.00,0.49,3.80,,,,,,,,,,,,,,,,,,0.00,,,,,,,,0.00,0.00,,,,,
Michigan_MPART_Surface_Water,Prairie Creek | 36-PR-0028,Surface Water,42.99154,-85.02868,2023,11/7/2023,,EPA 537.1,,,ng/L,0.61,0.96,,0.00,0.00,,0.81,0.00,0.00,,0.00,,,,,,,,,0.00,0.76,,,,,,,,,,,,,,,,,,,0.00,,,,,,,,0.00,0.00,,,,,
Michigan_MPART_Surface_Water,Johnson Creek | 01-JC-0040,Surface Water,44.19122,-83.85406,2019,9/10/2019,,EPA 537.1,,,ng/L,,,,0.00,0.00,0.36,,0.29,0.00,,,,,,,,,,,0.00,0.25,1.30,,,,,,,,,,,,,,,,,,,0.00,,,0.00,,,0.65,,,,,,,
Michigan_MPART_Surface_Water,Belle River | 51-BLR-0200,Surface Water,42.89887,-82.76046,2019,11/14/2019,,EPA 537.1,,,ng/L,0.79,1.00,,0.00,0.26,0.54,1.30,0.44,0.00,,,,,,,,,,0.96,0.00,1.50,,,,,,,,,,,,,,,,,,,,0.00,,,0.00,,,0.40,,,,,,,
Michigan_MPART_Surface_Water,Pipestone Creek | 52-PC-0060,Surface Water,42.05786,-86.35472,2021,5/12/2021,,EPA 537.1,,,ng/L,0.53,,,0.00,0.00,,,0.24,0.00,,0.00,,,,,,,,,0.00,0.62,,,,,,,,,,,,,,,,,,,,,,,,,,,0.00,,,,,,
Michigan_MPART_Surface_Water,Au Sable River | 02-AS-0670,Surface Water,44.66993,-84.38133,2019,5/8/2019,,EPA 537.1,,,ng/L,,,,0.00,0.00,0.72,,0.00,0.00,,,,,,,,,,,0.00,0.00,,,,,,,,,,,,,,,,,,,0.00,0.00,,,0.00,,,,,,,,,,
Michigan_MPART_Surface_Water,Betts Creek | 42-BTC-0010,Surface Water,43.6057,-85.5409,2023,5/1/2023,,EPA 537.1,,,ng/L,,,,0.00,0.00,,,0.00,0.00,,0.00,,,,,,,,,0.00,0.00,,,,,,,,,,,,,,,,,,,0.00,,,,,,,,0.00,0.00,,,,,
Michigan_MPART_Surface_Water,South Branch River Raisin | 48-SB-0190,Surface Water,41.85523,-84.17938,2021,11/10/2021,,EPA 537.1,,,ng/L,0.53,,,0.00,0.00,,,0.59,0.00,,0.00,,,,,,,,,0.00,0.43,,,,,,,,,,,,,,,,,,,0.00,,,,,,,,0.00,0.00,,,,,
Michigan_MPART_Surface_Water,Saint Joseph River | 52-SJ-0085,Surface Water,41.846741,-86.267583,2021,9/15/2021,,EPA 537.1,,,ng/L,,1.40,,,0.00,1.50,1.30,0.00,0.00,,0.00,,,,,,,,1.40,,,2.50,,,,,,,,,,,,,,,,,,,,,,,,,,0.00,0.33,,,,,
Michigan_MPART_Surface_Water,Ackely Creek | 25-AC-0030,Surface Water,42.399,-85.0054,2020,9/3/2020,,EPA 537.1,,,ng/L,0.89,1.10,,,0.40,0.33,0.70,0.76,0.00,,,,,,,,,,1.10,0.00,0.00,,,,,,,,,,,,,,,,,,,,0.00,,,0.00,,,,0.00,,,0.00,,,
Michigan_MPART_Surface_Water,River Raisin | 48-RR-0015,Surface Water,41.90165,-83.36482,2001,2/14/2001,,Undisclosed,,,ng/L,,,,,,,,,,,,,,,,,,,,,,,,,,,,,,,,,,,,,,,,,,,,,,,,,,,,,,
Michigan_MPART_Surface_Water,Dietz Creek | 62-DZC-0060,Surface Water,42.61791,-84.21135,2019,11/14/2019,,EPA 537.1,,,ng/L,0.59,,,0.00,0.00,0.39,,0.00,0.00,,,,,,,,,,,0.00,1.10,1.20,,,,,,,,,,,,,,,,,,0.00,0.00,,,0.00,,,,,,,,,,
Michigan_MPART_Surface_Water,Howe Drain | 51-BHD-0050,Surface Water,43.039,-82.478,2020,9/17/2020,,EPA 537.1,,,ng/L,,,,,,1.50,,,0.27,,0.00,,,,,,,,,0.00,,,,,,,,,,,,,,,,,,,,0.00,,,,,,,,0.00,0.00,,,,,
Michigan_MPART_Surface_Water,Trout Creek | 17-TC-0100,Surface Water,42.74111,-83.24601,2019,11/14/2019,,EPA 537.1,,,ng/L,0.69,,,0.00,0.27,0.77,,1.00,0.00,,,,,,,,,,,0.00,,,,,,,,,,,,,,,,,,,,0.00,0.27,,,0.00,,,,,,,,,,
Michigan_MPART_Surface_Water,Kelley Creek | 40-KLC-0070,Surface Water,45.28064,-87.62038,2023,9/19/2023,,EPA 537.1,,,ng/L,,,,,0.00,,,0.00,0.00,,0.00,,,,,,,,,0.00,0.00,,,,,,,,,,,,,,,,,,,,,,,,,,,0.00,,,,,,
Michigan_MPART_Surface_Water,Honey Creek | 24-HCL-0100,Surface Water,42.4675,-83.9909,2023,11/7/2023,,EPA 537.1,,,ng/L,,,,0.00,0.00,,0.72,0.00,0.00,,0.00,,,,,,,,,0.00,0.00,2.20,,,,,,,,,,,,,,,,,,0.00,,,,,,,,0.00,0.00,,,,,
Michigan_MPART_Surface_Water,Trib between Kimball Lk and Rye | 42-UKL-0010,Surface Water,43.46725,-85.83378,2023,5/1/2023,,EPA 537.1,,,ng/L,,0.76,,0.00,0.00,,0.63,0.53,0.00,,0.00,,,,,,,,0.51,0.00,0.47,3.50,,,,,,,,,,,,,,,,,,0.00,,,,0.00,,,,0.00,0.00,,,,,
Michigan_MPART_Surface_Water,Brush Creek | 52-BRSH-0080,Surface Water,42.1471,-86.0658,2020,9/3/2020,,EPA 537.1,,,ng/L,,,,,0.00,0.38,,0.30,0.00,,,,,,,,,,,,0.21,1.70,,,,,,,,,,,,,,,,,,,0.30,,,0.00,,,1.20,0.00,,,0.00,,,
Michigan_MPART_Surface_Water,River Rouge | 19-RR-0019,Surface Water,42.28056,-83.128893,2001,4/2/2001,,Undisclosed,,,ng/L,,,,,,,,,,,,,,,,,,,,,,,,,,,,,,,,,,,,,,,,,,,,,,,,,,,,,,
Michigan_MPART_Surface_Water,Plum Brook | 17-PB-0130,Surface Water,42.5925,-83.04211,2022,5/12/2022,,EPA 537.1,,,ng/L,,,,0.49,0.68,,,,0.00,,0.00,,,,,,,,,0.41,,,,,,,,,,,,,,,1.10,,,,,0.00,,,,,,,,0.00,0.00,,,,,
Michigan_MPART_Surface_Water,Boardman River | 10-BDR-0360,Surface Water,44.64782,-85.57287,2019,5/15/2019,,EPA 537.1,,,ng/L,,,,0.00,0.41,0.40,,0.00,0.00,,,,,,,,,,,0.00,0.19,0.78,,,,,,,,,,,,,,,,,,0.00,0.00,,,0.00,,,,,,,,,,
Michigan_MPART_Surface_Water,Macatawa River (South Branch) | 08-SBM-0120,Surface Water,42.7298,-86.05486,2023,5/10/2023,,EPA 537.1,,,ng/L,,,,0.00,1.20,,,,0.00,,0.00,,,,,,,,,0.00,0.00,,,,,,,,,,,,,,,,,,,0.00,,,,,,,1.20,0.00,0.00,,,,,
Michigan_MPART_Surface_Water,Mill Creek | 51-MLC-0180,Surface Water,43.1241,-82.8926,2023,7/5/2023,,EPA 537.1,,,ng/L,,,,,0.00,,,0.00,0.00,,0.00,,,,,,,,,0.00,0.55,,,,,,,,,,,,,,,,,,,,,,,,,,,0.00,,,,,,
Michigan_MPART_Surface_Water,St. Clair River Downstream | 51-SCR-0080,Surface Water,42.649448,-82.513338,2019,9/12/2019,,EPA 537.1,,,ng/L,2.80,1.40,,0.00,0.38,0.69,1.00,0.54,0.00,,,1.80,,,,,,,0.80,0.00,0.19,1.30,,,,,,,,,,,,,,,,,,0.00,0.00,,,0.00,,,,,,,,,,
Michigan_MPART_Surface_Water,Veenboer Drain | 36-VBD-0005,Surface Water,43.30262,-85.70901,2022,5/10/2022,,EPA 537.1,,,ng/L,,,,0.00,0.00,,0.55,0.30,0.00,,0.00,,,,,,,,,0.00,0.77,2.80,,,,,,,,,,,,,,,,,,0.00,,,,,,,,0.00,0.00,,,,,
Michigan_MPART_Surface_Water,Mill Creek | 51-MLC-0180,Surface Water,43.1241,-82.8926,2023,7/11/2023,,EPA 537.1,,,ng/L,0.55,1.00,,,0.00,0.75,,0.55,0.00,,0.00,,,,,,,,,0.00,0.43,,,,,,,,,,,,,,,,,,,,,,,,,,,0.00,0.32,,,,,
Michigan_MPART_Surface_Water,West Branch Clam River | 42-WCM-0030,Surface Water,44.11738,-85.05988,2022,7/14/2022,,EPA 537.1,,,ng/L,,,,0.00,0.00,,,0.27,0.00,,0.00,,,,,,,,,0.00,0.00,,,,,,,,,,,,,,,,,,,0.00,,,,,,,,0.00,0.00,,,,,
Michigan_MPART_Surface_Water,Howe Drain | 51-BHD-0050,Surface Water,43.039,-82.478,2020,7/7/2020,,EPA 537.1,,,ng/L,,,,,,,,,,,,,,,,,,,,0.00,,,,,,,,,,,,,,,,,,,,0.00,0.00,,,0.00,,,0.79,0.00,0.00,,0.00,,,
Michigan_MPART_Surface_Water,St. Clair River Upstream | 51-SCR-0500,Surface Water,42.996948,-82.424448,2017,7/10/2017,,EPA 537.1,,,ng/L,1.50,1.00,,,,,,,,,,,,,,,,,,,,,,,,,,,,,,,,,,,,,,,1.40,0.30,,,0.60,,,,,,,,,
Michigan_MPART_Surface_Water,Thunder Bay River | 59-TBR-0020,Surface Water,45.067469,-83.435247,2001,3/6/2001,,Undisclosed,,,ng/L,,,,,,,,,,,,,,,,,,,,,,,,,,,,,,,,,,,,,,,,,,,,,,,,,,,,,,
Michigan_MPART_Surface_Water,Swan Creek | 32-SC-0020,Surface Water,42.6813,-82.6587,2022,9/8/2022,,EPA 537.1,,,ng/L,,,,0.58,0.54,0.73,1.20,0.98,0.00,,0.00,,,,,,,,1.10,0.00,0.52,,,,,,,,,,,,,,,,,,,,,,,,,,,0.00,,,,,,
Michigan_MPART_Surface_Water,Wabasis Creek | 36-WB-0010,Surface Water,43.13022,-85.24758,2019,7/2/2019,,EPA 537.1,,,ng/L,1.10,1.20,,0.00,0.25,0.41,0.93,0.63,0.00,,,,,,,,,,0.78,0.00,0.91,,,,,,,,,,,,,,,,,,,0.00,0.00,,,0.00,,,0.00,,,,,,,
Michigan_MPART_Surface_Water,Big Creek | 01-BGC-0050,Surface Water,44.0559,-83.76641,2021,9/20/2021,,EPA 537.1,,,ng/L,,,,0.35,0.00,,,0.00,0.00,,0.00,,,,,,,,,0.00,0.21,,,,,,,,,,,,,,,,,,,0.00,,,,0.00,,,,0.00,0.00,,,,,
Michigan_MPART_Surface_Water,Veenboer Drain | 36-VBD-0005,Surface Water,43.30262,-85.70901,2022,9/6/2022,,EPA 537.1,,,ng/L,,0.74,,0.00,0.00,0.56,0.75,0.00,0.00,,0.00,,,,,,,,,0.00,0.67,2.50,,,,,,,,,,,,,,,,,,0.00,,,,,,,,0.00,0.00,,,,,
Michigan_MPART_Surface_Water,Flint River | 23-FR-0030,Surface Water,43.318892,-83.992781,2020,7/7/2020,,EPA 537.1,,,ng/L,,,,0.00,0.66,,,,0.00,,,,,,,,,,,0.00,,,,,,,,,,,,,,,,,,,,0.00,0.00,,,0.00,,,0.56,0.00,0.00,,0.00,,,
Michigan_MPART_Surface_Water,Detroit River Upstream | 19-DR-0010,Surface Water,42.352448,-82.927226,2020,6/30/2020,,EPA 537.1,,,ng/L,1.50,1.10,,0.00,0.33,0.71,0.90,0.61,0.00,,,,,,,,,,0.90,0.00,0.30,1.50,,,,,,,,,,,,,,,,,,0.00,0.00,,,0.00,,,0.28,0.00,0.00,,0.00,,,
Michigan_MPART_Surface_Water,Pine River | 47-PR-0060,Surface Water,43.5171,-84.4621,2023,7/5/2023,,EPA 537.1,,,ng/L,0.81,0.79,,0.00,0.31,0.73,0.95,0.42,0.00,,0.00,,,,,,,,0.90,0.00,1.20,2.60,,,,,,,,,,,,,,,,,,0.00,,,,,,,,0.00,0.00,,,,,
Michigan_MPART_Surface_Water,Flat River | 36-FR-0108,Surface Water,43.10008,-85.22913,2020,5/20/2020,,EPA 537.1,,,ng/L,,1.40,,0.00,0.30,0.46,0.88,0.65,0.00,,,,,,,,,,1.10,0.00,0.87,,,,,,,,,,,,,,,,,,,0.00,0.31,,,0.00,,,1.10,0.00,0.00,,0.00,,,
Michigan_MPART_Surface_Water,Pigeon River | 08-PR-140,Surface Water,42.9328,-86.0524,2021,7/1/2021,,EPA 537.1,,,ng/L,1.70,,,0.41,0.42,1.10,,,0.00,,0.00,,,,,,,,,0.00,,,,,,,,,,,,,,,,,,,,,,,,,,,,0.00,,,,,,
Michigan_MPART_Surface_Water,Unnamed trib to Quinicassee Riv | 46-UQR-0010,Surface Water,43.5368,-83.7088,2020,7/7/2020,,EPA 537.1,,,ng/L,,1.40,,0.00,0.29,0.87,1.20,0.69,0.00,,,,,,,,,,1.50,0.00,,,,,,,,,,,,,,,,,,,,0.00,0.00,,,0.00,,,0.97,0.00,0.00,,0.00,,,
Michigan_MPART_Surface_Water,Nottawa Creek | 52-NC-0180,Surface Water,42.1956,-85.1031,2019,9/17/2019,,EPA 537.1,,,ng/L,,,,0.00,0.00,0.33,,0.00,0.00,,,,,,,,,,,0.00,0.21,0.61,,,,,,,,,,,,,,,,,,0.00,0.00,,,0.00,,,0.49,,,,,,,
Michigan_MPART_Surface_Water,River Rouge | 19-RR-0055,Surface Water,42.341819,-83.247989,2021,5/4/2021,,EPA 537.1,,,ng/L,,,,0.95,0.82,,,,0.00,,0.00,,,,,,,,,0.37,,,,,,,,,,,,,,,,,,,,0.00,,,,,,,,0.00,0.00,,,,,
Michigan_MPART_Surface_Water,Mullet Creek | 16-MC-0070,Surface Water,45.56,-84.6365,2023,11/13/2023,,EPA 537.1,,,ng/L,,,,0.00,0.00,,,0.00,0.00,,0.00,,,,,,,,,0.00,0.00,,,,,,,,,,,,,,,,,,,0.00,,,,,,,,0.00,0.00,,,,,
Michigan_MPART_Surface_Water,South Branch Pine River | 51-SPN-0080,Surface Water,42.9912,-82.7298,2019,5/21/2019,,EPA 537.1,,,ng/L,1.40,,,0.00,0.60,0.60,,,0.00,,,,,,,,,,3.00,0.00,1.90,,,,,,,,,,,,,,,,,,,,0.00,,,0.00,,,,,,,,,,
Michigan_MPART_Surface_Water,Trout Creek | 17-TC-0100,Surface Water,42.74111,-83.24601,2023,11/8/2023,,EPA 537.1,,,ng/L,,,,0.00,0.46,,,1.70,0.00,,0.00,,,,,,,,,0.00,,,,,,,,,,,,,,,,,,,,,,,,,,,,0.00,,,,,,
Michigan_MPART_Surface_Water,West Branch Ontonagon River | 43-WON-0059,Surface Water,46.65321,-89.3853,2020,7/21/2020,,EPA 537.1,,,ng/L,,0.84,,0.00,0.00,0.00,,0.88,0.00,,,,,,,,,,,0.00,0.33,,,,,,,,,,,,,,,,,,,0.00,0.00,,,0.00,,,0.61,0.00,0.00,,0.00,,,
Michigan_MPART_Surface_Water,Betsie River | 04-BR-0100,Surface Water,44.56059,-86.05123,2019,7/8/2019,,EPA 537.1,,,ng/L,0.72,,,0.00,0.25,0.34,,0.43,0.00,,,,,,,,,,,0.00,0.34,,,,,,,,,,,,,,,,,,,0.00,0.00,,,0.00,,,0.00,,,,,,,
Michigan_MPART_Surface_Water,Macatawa River (South Branch) | 08-SBM-0120,Surface Water,42.7298,-86.05486,2023,9/25/2023,,EPA 537.1,,,ng/L,,1.80,,,0.00,1.00,1.80,0.57,0.00,,0.00,,,,,,,,1.50,0.00,,4.20,,,,,,,,,,,,,,,,,,,,,,,,,,0.00,,,,,,
Michigan_MPART_Surface_Water,Mill Creek | 51-MLC-0180,Surface Water,43.1241,-82.8926,2023,7/11/2023,,EPA 537.1,,,ng/L,0.53,0.95,,0.00,0.39,,,0.82,0.00,,0.00,,,,,,,,,0.00,0.51,,,,,,,,,,,,,,,,,,,0.00,,,,0.00,,,,0.00,0.00,,,,,
Michigan_MPART_Surface_Water,Johnson Drain | 19-JD-0105,Surface Water,42.40694,-83.5171,2022,9/7/2022,,EPA 537.1,,,ng/L,,,,0.30,0.00,1.20,,1.30,0.00,,0.00,,,,,,,,,0.00,,,,,,,,,,,,,,,,,,,,0.00,,,,,,,,0.00,0.00,,,,,
Michigan_MPART_Surface_Water,Trib to Fremont Lake | 42-UTFL-0020,Surface Water,43.46401,-85.95715,2023,11/2/2023,,EPA 537.1,,,ng/L,0.60,0.99,,,0.00,,0.76,0.45,0.00,,0.00,,,,,,,,0.70,0.00,0.64,,,,,,,,,,,,,,,,,,,,,,,,,,,0.00,,,0.40,,,
Michigan_MPART_Surface_Water,Kalamazoo River (Upper) | 25-KR-0190,Surface Water,42.3256,-85.35889,2001,2/13/2001,,Undisclosed,,,ng/L,,,,,,,,,,,,,,,,,,,,,,,,,,,,,,,,,,,,,,,,,,,,,,,,,,,,,,
Michigan_MPART_Surface_Water,Kearsley Creek | 23-KC-0060,Surface Water,43.0406,-83.5958,2021,9/21/2021,,EPA 537.1,,,ng/L,1.20,1.70,,0.00,0.43,1.00,,1.00,0.00,,0.00,,,,,,,,,0.00,,,,,,,,,,,,,,,,,,,,0.00,,,,,,,,0.00,0.30,,,,,
Michigan_MPART_Surface_Water,Elkton Drain | 46-ED-0040,Surface Water,43.81941,-83.190864,2023,9/21/2023,,EPA 537.1,,,ng/L,,1.10,,0.00,0.00,,1.30,0.62,0.00,,0.00,,,,,,,,1.20,0.00,1.60,,,,,,,,,,,,,,,,,,,0.00,,,,,,,,0.00,0.00,,,,,
Michigan_MPART_Surface_Water,Plum Creek | 44-PC-0030,Surface Water,41.90237,-83.39379,2022,9/7/2022,,EPA 537.1,,,ng/L,,,,0.48,0.44,1.20,,1.30,0.00,,0.00,,,,,,,,,0.00,,,,,,,,,,,,,,,,,,,,0.00,,,,,,,,0.00,0.00,,,,,
Michigan_MPART_Surface_Water,River Rouge | 19-RR-0055,Surface Water,42.341819,-83.247989,2021,11/9/2021,,EPA 537.1,,,ng/L,,,,0.00,0.00,,,,0.00,,0.00,,,,,,,,,0.00,,,,,,,,,,,,,,,,,,,,,,,,,,,,0.00,,,,,,
Michigan_MPART_Surface_Water,Unnamed Trib to Kalamazoo River | 25-UKR1-0020,Surface Water,42.480481,-85.836746,2021,7/1/2021,,EPA 537.1,,,ng/L,,1.80,,0.58,0.55,,1.30,1.00,0.00,,0.00,,,,,,,,0.87,0.00,0.69,,,,,,,,,,,,,,,,,,,,,,,,,,0.99,0.00,,,,,,
Michigan_MPART_Surface_Water,Adams Drain | 50-AD-0010,Surface Water,42.815,-83.72548,2023,11/1/2023,,EPA 537.1,,,ng/L,,,,0.00,0.24,1.10,,1.00,0.00,,0.00,,,,,,,,,0.00,,,,,,,,,,,,,,,,,,,,0.00,,,,,,,,0.00,0.00,,,,,
Michigan_MPART_Surface_Water,Chippewa River | 47-CHIP-0260,Surface Water,43.58809,-84.88839,2023,11/7/2023,,EPA 537.1,,,ng/L,0.65,,,0.00,0.00,,,0.00,0.00,,0.00,,,,,,,,,0.00,0.00,,,,,,,,,,,,,,,,,,,0.00,,,,,,,,0.00,0.00,,,,,
Michigan_MPART_Surface_Water,Mill Creek | 51-MLC-0180,Surface Water,43.1241,-82.8926,2023,9/20/2023,,EPA 537.1,,,ng/L,,1.70,,0.00,0.00,,1.60,0.79,0.00,,0.00,,,,,,,,0.96,0.00,1.50,3.30,,,,,,,,,,,,,,,,,,,,,,,,,,0.00,,,,,,
Michigan_MPART_Surface_Water,Remey Chandler Drain | 62-RCD-0010,Surface Water,42.84412,-84.53793,2019,7/10/2019,,EPA 537.1,,,ng/L,,,,0.34,0.58,0.68,,1.30,0.00,,,,,,,,,,,0.00,,,,,,,,,,,,,,,,,,,,,0.00,,,0.00,,,,,,,,,,
Michigan_MPART_Surface_Water,Sucker Creek Drain | 14-SCD-0100,Surface Water,43.38313,-83.24561,2022,7/7/2022,,EPA 537.1,,,ng/L,,,,0.00,0.00,,,0.35,0.00,,0.00,,,,,,,,,0.00,0.44,2.40,,,,,,,,,,,,,,,,,,0.00,,,,,,,,0.00,0.00,,,,,
Michigan_MPART_Surface_Water,South Branch Hog Creek | 52-SHG-0100,Surface Water,41.98524,-84.86372,2021,9/22/2021,,EPA 537.1,,,ng/L,,,,,0.00,,,0.00,0.00,,0.00,,,,,,,,,,0.00,,,,,,,,,,,,,,,,,,,,,,,,,,1.10,0.00,0.33,,,,,
Michigan_MPART_Surface_Water,Chief Creek Drain | 01-CCD-0045,Surface Water,44.084606,-83.740528,2022,5/4/2022,,EPA 537.1,,,ng/L,,0.97,,0.00,0.00,,1.10,0.89,0.00,,0.00,,,,,,,,1.10,0.00,0.94,,,,,,,,,,,,,,,,,,,,,,,,,,,0.00,,,,,,
Michigan_MPART_Surface_Water,West Branch Whitefish Creek | 56-WWFR-0100,Surface Water,46.2431,-87.0838,2023,9/25/2023,,EPA 537.1,,,ng/L,,,,0.00,0.35,,0.53,0.58,0.00,,0.00,,,,,,,,0.54,0.00,0.22,3.20,,,,,,,,,,,,,,,,,,0.00,,,,,,,,0.00,0.00,,,,,
Michigan_MPART_Surface_Water,Chief Creek Drain | 01-CCD-0045,Surface Water,44.084606,-83.740528,2022,7/14/2022,,EPA 537.1,,,ng/L,0.68,,,0.00,0.00,,0.59,0.44,0.00,,0.00,,,,,,,,,0.00,0.83,,,,,,,,,,,,,,,,,,,0.00,,,,,,,,0.00,0.00,,,,,
Michigan_MPART_Surface_Water,Detroit River Downstream | 19-DR-1000,Surface Water,42.05417,-83.152504,2020,6/30/2020,,EPA 537.1,,,ng/L,1.50,1.20,,0.00,0.23,0.64,0.92,0.56,0.00,,,,,,,,,,0.87,0.00,0.30,1.30,,,,,,,,,,,,,,,,,,0.00,0.00,,,0.00,,,0.38,0.00,0.00,,0.00,,,
Michigan_MPART_Surface_Water,South Branch Tobacco River | 61-STOR-0060,Surface Water,43.8454,-84.6535,2019,5/2/2019,,EPA 537.1,,,ng/L,0.77,0.90,,0.81,0.58,0.61,0.80,0.63,0.00,,,,,,,,,,0.55,0.00,0.72,,,,,,,,,,,,,,,,,,,,0.00,,,0.00,,,,,,,,,,
Michigan_MPART_Surface_Water,Canada Creek | 07-CC-0080,Surface Water,45.11577,-84.1976,2023,5/8/2023,,EPA 537.1,,,ng/L,,,,0.00,0.00,,,0.27,0.00,,0.00,,,,,,,,,0.00,0.00,,,,,,,,,,,,,,,,,,,0.00,,,,0.00,,,,0.00,0.26,,,,,
Michigan_MPART_Surface_Water,Salt River | 61-SR-0030,Surface Water,43.6962,-84.4429,2021,7/6/2021,,EPA 537.1,,,ng/L,0.53,,,0.30,0.30,0.58,0.76,0.58,0.19,1.50,0.00,,0.45,,,,,,0.48,0.00,0.86,3.00,,,,,,,,,,1.10,,,,,,1.30,,0.31,0.71,,,,1.30,,0.96,0.23,0.31,,0.39,,,
Michigan_MPART_Surface_Water,Hembling Drain | 27-HD-0010,Surface Water,43.668327,-83.988639,2020,5/26/2020,,EPA 537.1,,,ng/L,4.50,,,0.00,0.58,1.50,,1.50,0.00,,,,,,,,,,,0.00,,,,,,,,,,,,,,,,,,,,0.00,0.00,,,0.00,,,0.92,0.00,0.00,,0.00,,,
Michigan_MPART_Surface_Water,Saginaw Bay | 30-SB-0060,Surface Water,43.846948,-83.562505,2019,5/16/2019,,EPA 537.1,,,ng/L,1.40,1.30,,0.00,0.37,0.81,1.00,0.90,0.00,,,,,,,,,,0.79,0.00,0.36,,,,,,,,,,,,,,,,,,,,0.00,,,0.00,,,,,,,,,,
Michigan_MPART_Surface_Water,St. Clair River Upstream | 51-SCR-0500,Surface Water,42.996948,-82.424448,2017,5/25/2017,,EPA 537.1,,,ng/L,1.60,1.20,,,,,,,,,,,,,,,,,,,,1.30,,,,,,,,,,,,,,,,,,,0.00,,,,,,0.50,,,,,,,
Michigan_MPART_Surface_Water,Detroit River Downstream | 19-DR-1000,Surface Water,42.05417,-83.152504,2020,10/8/2020,,EPA 537.1,,,ng/L,1.40,1.30,,0.00,0.26,0.79,0.87,0.55,0.00,,0.00,,,,,,,,0.93,0.00,0.30,,,,,,,,,,,,,,,,,,,0.00,,,,,,,,0.00,0.00,,,,,
Michigan_MPART_Surface_Water,South Ore Creek | 24-SOC-0100,Surface Water,42.54936,-83.778463,2021,9/21/2021,,EPA 537.1,,,ng/L,1.20,,,0.00,0.61,,,1.00,0.00,,0.00,,,,,,,,,0.00,,,,,,,,,,,,,,,,,,,,,,,,,,,,0.00,0.31,,,,,
Michigan_MPART_Surface_Water,Hembling Drain | 27-HD-0010,Surface Water,43.668327,-83.988639,2020,7/6/2020,,EPA 537.1,,,ng/L,,,,1.20,,,,,0.19,,,,,,,,,,,0.28,,,,,,,,,,,,,,,,,,,,0.00,0.00,,,0.00,,,0.28,0.00,0.00,,0.00,,,
Michigan_MPART_Surface_Water,Mill Creek | 51-MLC-0180,Surface Water,43.1241,-82.8926,2023,9/21/2023,,EPA 537.1,,,ng/L,0.89,1.00,,0.00,0.00,0.62,1.60,0.97,0.00,,0.00,,,,,,,,1.40,0.00,1.40,,,,,,,,,,,,,,,,,,,0.00,,,,,,,,0.00,0.00,,,,,
Michigan_MPART_Surface_Water,West Branch Little Muskegon Riv | 42-WLMR-0010,Surface Water,43.59037,-85.28069,2021,11/2/2021,,EPA 537.1,,,ng/L,,,,0.00,0.00,,0.55,0.37,0.00,,0.00,,,,,,,,,0.00,0.27,,,,,,,,,,,,,,,,,,,0.00,,,,,,,,0.00,0.00,,,,,
Michigan_MPART_Surface_Water,Pigeon River | 46-PGR-0190,Surface Water,43.82943,-83.2883,2023,5/4/2023,,EPA 537.1,,,ng/L,,,,0.00,0.00,,,0.29,0.00,,0.00,,,,,,,,,0.00,0.88,,,,,,,,,,,,,,,,,,,0.00,,,,,,,,0.00,0.00,,,,,
Michigan_MPART_Surface_Water,Quaker Brook | 58-QKB-0030,Surface Water,42.582,-85.087,2020,11/4/2020,,EPA 537.1,,,ng/L,,,,0.00,0.00,,,0.21,0.00,,0.00,,,,,,,,0.58,0.00,0.42,,,,,,,,,,,,,,,,,,,0.00,,,,0.00,,,,0.00,0.00,,,,,
Michigan_MPART_Surface_Water,Intermediate River | 10-IR-0020,Surface Water,44.973,-85.2134,2020,9/9/2020,,EPA 537.1,,,ng/L,,,,,0.00,,,0.34,0.00,,0.00,,,,,,,,0.70,,0.35,,,,,,,,,,,,,,,,,,,,,,,,,,,0.00,,,,,,
Michigan_MPART_Surface_Water,Unnamed Trib to Indian Lakes | 36-UIL-0060,Surface Water,43.19685,-85.65063,2021,7/15/2021,,EPA 537.1,,,ng/L,1.20,1.30,,0.00,0.26,0.65,1.10,0.54,0.00,,0.00,,,,,,,,0.61,0.00,1.30,2.30,,,,,,,,,,,,,,,,,,0.00,,,,,,,,0.00,0.00,,,,,
Michigan_MPART_Surface_Water,Burtch Creek | 06-BH-0029,Surface Water,43.15204,-82.54243,2019,9/10/2019,,EPA 537.1,,,ng/L,,1.10,,0.00,0.00,0.30,,0.00,0.00,,,,,,,,,,,0.00,0.00,0.80,,,,,,,,,,,,,,,,,,,0.00,,,0.00,,,,,,,,,,
Michigan_MPART_Surface_Water,Belle River | 51-BLR-0200,Surface Water,42.89887,-82.76046,2019,7/16/2019,,EPA 537.1,,,ng/L,0.97,1.20,,0.00,0.46,0.34,1.40,0.00,0.00,,,,,,,,,,1.20,0.00,1.20,,,,,,,,,,,,,,,,,,,0.00,0.00,,,0.00,,,,,,,,,,
Michigan_MPART_Surface_Water,Pine River | 47-PR-0190,Surface Water,43.3875,-84.6465,2020,9/15/2020,,EPA 537.1,,,ng/L,2.70,1.20,,0.00,0.00,0.80,1.30,0.51,0.00,,0.00,,,,,,,,1.00,0.00,1.50,,,,,,,,,,,,,,,,,,,0.00,,,,,,,,0.00,0.00,,,,,
Michigan_MPART_Surface_Water,Huron River | 24-HR-0700,Surface Water,42.57432,-83.56017,2019,7/25/2019,,EPA 537.1,,,ng/L,1.40,,,0.40,0.57,1.30,,1.60,0.00,,,,,,,,,,,0.00,,,,,,,,,,,,,,,,,,,,,0.00,,,0.00,,,,,,,,,,
Michigan_MPART_Surface_Water,BEAN CREEK (FITTS CREEK) | 60-BC-0450,Surface Water,41.98818,-84.324384,2022,5/11/2022,,EPA 537.1,,,ng/L,,,,0.00,1.00,,,,0.00,,0.00,,,,,,,,1.30,0.00,0.79,4.00,,,,,,,,,,,,,,,,,,0.00,,,,0.00,,,,0.00,0.00,,,,,
Michigan_MPART_Surface_Water,Mill Creek | 51-MLC-0180,Surface Water,43.1241,-82.8926,2023,9/6/2023,,EPA 537.1,,,ng/L,,,,,0.00,,0.76,0.34,0.00,,0.00,,,,,,,,,,0.00,2.90,,,,,,,,,,,,,,,,,,,,,,,,,,0.00,,,,,,
Michigan_MPART_Surface_Water,E B Chocolay River | 05-ECR-0040,Surface Water,46.33292,-87.26168,2023,11/6/2023,,EPA 537.1,,,ng/L,,,,0.00,0.00,,,0.80,0.00,,0.00,,,,,,,,,0.00,0.00,,,,,,,,,,,,,,,,,,,0.00,,,,0.00,,,,0.00,0.00,,,,,
Michigan_MPART_Surface_Water,Mill Creek | 51-MLC-0180,Surface Water,43.1241,-82.8926,2023,7/10/2023,,EPA 537.1,,,ng/L,,,,0.00,0.00,,,0.00,0.00,,0.00,,,,,,,,,0.00,0.00,,,,,,,,,,,,,,,,,,,0.00,,,,0.00,,,,0.00,0.00,,,,,
Michigan_MPART_Surface_Water,Taylor Creek | 10-TC-0020,Surface Water,44.675,-85.3234,2022,7/21/2022,,EPA 537.1,,,ng/L,0.51,0.79,,0.00,0.26,,,0.50,0.00,,0.00,,,,,,,,,0.00,0.00,2.10,,,,,,,,,,,,,,,,,,0.00,,,,,,,,0.00,0.28,,,,,
Michigan_MPART_Surface_Water,Gloede Ditch | 17-GD-0150,Surface Water,42.6476,-82.9569,2020,7/7/2020,,EPA 537.1,,,ng/L,,,,,,,,,0.00,,,,,,,,,,,0.00,,,,,,,,,,,,,,,,,,,,0.00,0.00,,,0.00,,,0.93,0.00,0.00,,0.00,,,
Michigan_MPART_Surface_Water,Williams Creek | 42-WC-0100,Surface Water,43.4195,-85.8794,2020,5/19/2020,,EPA 537.1,,,ng/L,0.90,1.10,,0.00,0.42,0.36,0.65,0.67,0.00,,,,,,,,,,0.83,0.00,0.58,,,,,,,,,,,,,,,,,,,0.00,0.00,,,0.00,,,0.92,0.00,0.00,,0.00,,,
Michigan_MPART_Surface_Water,Mill Creek | 51-MLC-0180,Surface Water,43.1241,-82.8926,2023,7/5/2023,,EPA 537.1,,,ng/L,0.97,1.30,,0.00,0.00,,1.60,0.48,0.00,,0.00,,,,,,,,1.40,0.84,,,,,,,,,,,,,,,,,,,,,,,,,,,,0.00,,,,,,
Michigan_MPART_Surface_Water,South Ore Creek | 24-SOC-0100,Surface Water,42.54936,-83.778463,2022,9/7/2022,,EPA 537.1,,,ng/L,0.53,1.20,,,0.00,,1.50,0.65,0.00,,0.00,,,,,,,,1.40,0.00,1.50,,,,,,,,,,,,,,,,,,,,,,,,,,,0.00,,,,,,
Michigan_MPART_Surface_Water,Belle River | 51-BLR-0200,Surface Water,42.89887,-82.76046,2019,9/10/2019,,EPA 537.1,,,ng/L,0.60,0.80,,0.00,0.00,0.40,1.10,0.30,0.00,,,,,,,,,,1.10,0.00,1.10,,,,,,,,,,,,,,,,,,,0.00,0.00,,,0.00,,,0.40,,,,,,,
Michigan_MPART_Surface_Water,Sashabaw Creek | 17-SBC-0050,Surface Water,42.7211,-83.35254,2019,9/11/2019,,EPA 537.1,,,ng/L,1.30,1.70,,0.00,0.40,1.00,,0.90,0.00,,,,,,,,,,,0.00,,,,,,,,,,,,,,,,,,,,0.00,0.00,,,0.00,,,0.40,,,,,,,
Michigan_MPART_Surface_Water,Pine River | 47-PR-0325,Surface Water,43.32517,-84.84424,2019,11/5/2019,,EPA 537.1,,,ng/L,0.63,,,,0.00,0.38,,0.41,0.00,,,,,,,,,,,0.00,0.45,,,,,,,,,,,,,,,,,,,,0.00,,,0.00,,,0.62,,,,,,,
Michigan_MPART_Surface_Water,Dyer Creek | 37-DC-0010,Surface Water,44.11789,-85.56119,2022,5/10/2022,,EPA 537.1,,,ng/L,,,,0.00,0.00,,,0.32,0.00,,0.00,,,,,,,,,0.00,0.00,,,,,,,,,,,,,,,,,,,0.00,,,,,,,,0.00,0.00,,,,,
Michigan_MPART_Surface_Water,Mill Creek | 51-MLC-0180,Surface Water,43.1241,-82.8926,2023,9/20/2023,,EPA 537.1,,,ng/L,,,,,0.00,0.74,1.50,0.38,0.00,,0.00,,,,,,,,1.40,,1.00,,,,,,,,,,,,,,,,,,,,,,,,,,,0.00,,,,,,
Michigan_MPART_Surface_Water,Muskegon River (Lower) | 42-MR-0060,Surface Water,43.317782,-86.038892,2001,3/27/2001,,Undisclosed,,,ng/L,,,,,,,,,,,,,,,,,,,,,,,,,,,,,,,,,,,,,,,,,,,,,,,,,,,,,,
Michigan_MPART_Surface_Water,South Fork Bad River | 50-SBD-0030,Surface Water,43.265153,-84.196766,2021,11/8/2021,,EPA 537.1,,,ng/L,,,,0.00,0.00,,0.59,0.00,0.00,,0.00,,,,,,,,0.70,0.00,0.98,4.10,,,,,,,,,,,,,,,,,,,,,,,,,,0.00,,,,,,
Michigan_MPART_Surface_Water,Whigville Creek | 23-WVC-0050,Surface Water,42.922014,-83.184945,2019,11/14/2019,,EPA 537.1,,,ng/L,,,,0.00,0.00,0.35,0.69,0.57,0.00,,,,,,,,,,0.51,0.00,0.38,,,,,,,,,,,,,,,,,,,0.00,0.00,,,0.00,,,0.44,,,,,,,
Michigan_MPART_Surface_Water,West Branch Sturgeon River | 16-WSR-0010,Surface Water,45.2716,-84.6021,2023,5/8/2023,,EPA 537.1,,,ng/L,,,,0.00,0.00,,,0.00,0.00,,0.00,,,,,,,,,0.00,0.00,,,,,,,,,,,,,,,,,,,0.00,,,,0.00,,,,0.00,0.26,,,,,
Michigan_MPART_Surface_Water,Rabbit River | 25-RR-0120,Surface Water,42.6929,-85.79937,2021,5/12/2021,,EPA 537.1,,,ng/L,0.73,1.20,,0.00,0.00,0.59,1.60,0.82,0.00,,0.00,,,,,,,,1.30,0.00,1.30,,,,,,,,,,,,,,,,,,,,,,,,,,,0.00,,,,,,
Michigan_MPART_Surface_Water,Western Creek Shaw Branch | 62-WSB-0030,Surface Water,42.4353,-84.3598,2020,11/12/2020,,EPA 537.1,,,ng/L,0.58,,,0.00,0.00,,,0.00,0.00,,0.00,,,,,,,,,0.00,0.20,,,,,,,,,,,,,,,,,,,0.00,,,,,,,,0.00,0.00,,,,,
Michigan_MPART_Surface_Water,Grand Traverse Bay | 31-GTBE-0010,Surface Water,44.77444,-85.53583,2019,9/11/2019,,EPA 537.1,,,ng/L,2.00,,,0.29,0.29,0.83,1.20,0.76,0.00,,,1.90,,,,,,,1.00,0.28,0.00,1.30,,,,,,,,,,,,,,,,,,0.00,0.00,,,0.00,,,,,,,,,,
Michigan_MPART_Surface_Water,Coon Creek | 17-CC-0030,Surface Water,42.7159,-82.8813,2019,5/21/2019,,EPA 537.1,,,ng/L,1.20,,,0.00,0.47,0.51,2.20,1.50,0.00,,,2.60,,,,,,,2.00,0.00,1.70,,,,,,,,,,,,,,,,,,,,0.00,,,0.00,,,,,,,,,,
Michigan_MPART_Surface_Water,South Fork Cass River | 14-SCR-0060,Surface Water,43.65303,-82.91658,2023,7/6/2023,,EPA 537.1,,,ng/L,,,,0.00,0.00,,,0.32,0.00,,0.00,,,,,,,,,0.00,0.41,3.40,,,,,,,,,,,,,,,,,,0.00,,,,0.00,,,,0.00,0.00,,1.20,,,
Michigan_MPART_Surface_Water,Nottawa Creek | 52-NC-0180,Surface Water,42.1956,-85.1031,2019,5/7/2019,,EPA 537.1,,,ng/L,0.52,,,0.29,0.00,0.35,,0.33,0.00,,,,,,,,,,,0.00,0.33,,,,,,,,,,,,,,,,,,,0.00,0.27,,,0.00,,,,,,,,,,
Michigan_MPART_Surface_Water,Pere Marquette River | 45-PM-0110,Surface Water,43.92225,-85.97699,2023,11/2/2023,,EPA 537.1,,,ng/L,,,,,0.00,,,0.00,0.00,,0.00,,,,,,,,,0.00,0.00,,,,,,,,,,,,,,,,,,,,,,,,,,,0.00,,,0.40,,,
Michigan_MPART_Surface_Water,Vincent Creek | 59-VC-0010,Surface Water,44.7411,-83.5268,2019,5/1/2019,,EPA 537.1,,,ng/L,0.61,,,0.00,0.26,0.31,,0.50,0.00,,,,,,,,,,0.59,0.00,0.33,,,,,,,,,,,,,,,,,,,,0.33,,,0.00,,,,,,,,,,
Michigan_MPART_Surface_Water,Rush Creek | 23-RSH-0040,Surface Water,42.9992,-83.9873,2019,7/10/2019,,EPA 537.1,,,ng/L,1.20,,,0.00,0.00,0.69,,0.93,0.00,,,,,,,,,,,0.00,1.80,,,,,,,,,,,,,,,,,,,0.00,0.00,,,0.00,,,,,,,,,,
Michigan_MPART_Surface_Water,Mill Creek | 51-MLC-0180,Surface Water,43.1241,-82.8926,2023,9/6/2023,,EPA 537.1,,,ng/L,,,,0.00,0.00,,0.75,0.29,0.00,,0.00,,,,,,,,,0.00,0.00,,,,,,,,,,,,,,,,,,,,,,,,,,,0.00,,,,,,
Michigan_MPART_Surface_Water,Saginaw Bay | 30-SB-0070,Surface Water,43.883337,-83.393059,2019,11/19/2019,,EPA 537.1,,,ng/L,4.20,1.40,,0.00,0.36,0.84,1.40,0.81,0.00,,,,,,,,,,1.20,0.00,0.83,,,,,,,,,,,,,,,,,,,0.00,0.00,,,0.00,,,0.36,,,,,,,
Michigan_MPART_Surface_Water,Detroit River Downstream | 19-DR-1000,Surface Water,42.05417,-83.152504,2020,6/17/2020,,EPA 537.1,,,ng/L,1.60,1.50,,0.00,0.00,0.78,1.00,0.64,0.00,,,,,,,,,,1.10,0.00,0.39,1.40,,,,,,,,,,,,,,,,,,,0.00,,,0.00,,,0.53,0.00,,,0.00,,,
Michigan_MPART_Surface_Water,Unnamed Trib to South Branch Li | 61-LGD-0010,Surface Water,44.045272,-84.456811,2022,7/14/2022,,EPA 537.1,,,ng/L,0.76,0.87,,0.00,0.47,,0.72,0.54,0.00,,0.00,,,,,,,,1.00,0.00,1.10,3.40,,,,,,,,,,,,,,,,,,0.00,,,,,,,,0.00,0.00,,,,,
Michigan_MPART_Surface_Water,Little Maple River | 39-LMR-0120,Surface Water,42.95739,-84.427254,2021,5/11/2021,,EPA 537.1,,,ng/L,,1.30,,0.00,0.00,,1.60,1.00,0.00,,0.00,,,,,,,,,0.00,0.63,4.30,,,,,,,,,,,,,,,,,,,,,,,,,,0.00,,,,,,
Michigan_MPART_Surface_Water,Saginaw Bay | 30-SB-0020,Surface Water,43.895281,-83.860559,2019,11/19/2019,,EPA 537.1,,,ng/L,1.30,1.60,,0.00,0.00,0.92,1.30,0.76,0.00,,,,,,,,,,1.30,0.00,0.80,,,,,,,,,,,,,,,,,,,0.00,0.00,,,0.00,,,0.40,,,,,,,
Michigan_MPART_Surface_Water,Nester Creek | 01-NC-0030,Surface Water,44.2989,-83.9638,2020,7/6/2020,,EPA 537.1,,,ng/L,1.00,,,0.00,0.84,0.39,1.20,1.30,0.00,,,,,,,,,,1.10,0.00,0.45,,,,,,,,,,,,,,,,,,,0.00,0.00,,,0.00,,,0.49,0.00,0.00,,0.00,,,
Michigan_MPART_Surface_Water,Unnamed Trib to South Branch Li | 61-LGD-0010,Surface Water,44.045272,-84.456811,2021,7/6/2021,,EPA 537.1,,,ng/L,0.56,1.20,,0.32,0.38,0.59,0.84,0.77,0.20,1.50,0.00,,0.47,,,,,,1.10,,1.00,,,,,,,,,,,1.10,,,,,,1.30,,0.33,0.75,,,,1.30,,1.00,0.25,0.33,,0.41,,,
Michigan_MPART_Surface_Water,West Branch Sturgeon River | 16-WSR-0010,Surface Water,45.2716,-84.6021,2023,5/8/2023,,EPA 537.1,,,ng/L,,,,0.00,0.00,,,0.00,0.00,,0.00,,,,,,,,,0.00,0.00,,,,,,,,,,,,,,,,,,,0.00,,,,,,,,0.00,0.30,,,,,
Michigan_MPART_Surface_Water,South Fork Bad River | 50-SBD-0030,Surface Water,43.265153,-84.196766,2021,9/20/2021,,EPA 537.1,,,ng/L,1.20,0.88,,0.00,0.00,,,0.00,0.00,,0.00,,,,,,,,,0.00,1.10,,,,,,,,,,,,,,,,,,,0.00,,,,,,,,0.00,0.00,,,,,
Michigan_MPART_Surface_Water,Taylor Creek | 10-TC-0020,Surface Water,44.675,-85.3234,2022,9/1/2022,,EPA 537.1,,,ng/L,,,,0.00,0.33,,,0.00,0.00,,0.00,3.30,,,,,,,,0.00,0.00,,,,,,,,,,,,,,,,,,,0.00,,,,,,,,0.00,0.00,,,,,
Michigan_MPART_Surface_Water,Cedar Creek | 45-CDC-0060,Surface Water,43.809,-85.8533,2020,5/19/2020,,EPA 537.1,,,ng/L,,,,,,2.60,,,,,,,,,,,,,,,,4.40,,,,,,,,,,,,,,,,,,,,,,,,,3.80,,,,,,,
Michigan_MPART_Surface_Water,Grand River | 36-GR-0234,Surface Water,42.971948,-85.070004,2001,2/11/2001,,Undisclosed,,,ng/L,,,,,,,,,,,,,,,,,,,,,,,,,,,,,,,,,,,,,,,,,,,,,,,,,,,,,,
Michigan_MPART_Surface_Water,Stewart Creek | 07-SC-0015,Surface Water,45.4174,-84.2741,2020,5/26/2020,,EPA 537.1,,,ng/L,,,,0.00,0.00,0.31,,0.00,0.00,,,,,,,,,,,0.00,0.28,,,,,,,,,,,,,,,,,,,0.00,0.00,,,0.00,,,0.84,0.00,0.00,,0.00,,,
Michigan_MPART_Surface_Water,Hembling Drain | 27-HD-0010,Surface Water,43.668327,-83.988639,2020,11/10/2020,,EPA 537.1,,,ng/L,1.80,1.10,,0.00,0.00,0.80,1.70,0.53,0.00,,0.00,,,,,,,,1.60,0.00,,2.80,,,,,,,,,,,,,,,,,,0.00,,,,,,,,0.00,0.00,,,,,
Michigan_MPART_Surface_Water,South Branch Pine River | 02-SPR-0030,Surface Water,44.5771,-83.4937,2020,11/10/2020,,EPA 537.1,,,ng/L,,,,0.00,0.00,,,0.00,0.00,,0.00,,,,,,,,,0.00,0.00,,,,,,,,,,,,,,,,,,,0.00,,,,,,,,0.00,0.00,,,,,
Michigan_MPART_Surface_Water,Upper River Rouge | 19-UBR-0060,Surface Water,42.4244,-83.3159,2019,7/25/2019,,EPA 537.1,,,ng/L,,,,0.48,0.77,,,,0.00,,,,,,,,,,,0.00,,,,,,,,,,,,,,,,,,,,,0.00,,,0.00,,,,,,,,,,
Michigan_MPART_Surface_Water,Salt River | 61-SR-0030,Surface Water,43.6962,-84.4429,2020,5/26/2020,,EPA 537.1,,,ng/L,2.10,1.50,,0.00,0.46,0.53,0.99,0.82,0.00,,,,,,,,,,1.20,0.00,0.94,,,,,,,,,,,,,,,,,,,0.00,0.00,,,0.00,,,0.35,0.00,0.00,,0.00,,,
Michigan_MPART_Surface_Water,Au Sable River | 02-AS-0670,Surface Water,44.66993,-84.38133,2019,9/18/2019,,EPA 537.1,,,ng/L,,,,0.00,0.00,0.71,0.51,0.36,0.00,,,,,,,,,,0.55,0.00,0.27,1.50,,,,,,,,,,,,,,,,,,0.00,0.00,,,0.00,,,0.53,,,,,,,
Michigan_MPART_Surface_Water,St. Clair River Upstream | 51-SCR-0500,Surface Water,42.996948,-82.424448,2017,5/25/2017,,EPA 537.1,,,ng/L,1.50,1.40,,,,,,,,,,,,,,,,,,,,1.30,,,,,,,,,,,,,,,,,,,0.00,0.00,,,,,,,,,,,,
Michigan_MPART_Surface_Water,Black Creek | 48-BK-0020,Surface Water,41.8134,-83.944,2022,7/6/2022,,EPA 537.1,,,ng/L,0.90,1.00,,0.00,0.40,0.71,0.64,0.45,0.00,,0.00,,,,,,,,,0.00,0.56,2.50,,,,,,,,,,,,,,,,,,,,,,,,,,0.00,,,,,,
Michigan_MPART_Surface_Water,Spike Horn Creek (N B Tobacco R | 61-NTOR-0090,Surface Water,43.94585,-84.62892,2022,5/4/2022,,EPA 537.1,,,ng/L,,,,0.00,0.00,,,0.25,0.00,,0.00,,,,,,,,,0.00,0.19,,,,,,,,,,,,,,,,,,,0.00,,,,,,,,0.00,0.00,,,,,
Michigan_MPART_Surface_Water,West Branch Whitefish Creek | 56-WWFR-0100,Surface Water,46.2431,-87.0838,2023,11/6/2023,,EPA 537.1,,,ng/L,,,,0.00,0.00,,,0.56,0.00,,0.00,,,,,,,,,0.00,0.29,3.50,,,,,,,,,,,,,,,,,,0.00,,,,0.00,,,,0.00,0.00,,,,,
Michigan_MPART_Surface_Water,Unnamed Trib to Five Mile Creek | 45-FMC-0050,Surface Water,43.605694,-85.643331,2021,7/15/2021,,EPA 537.1,,,ng/L,,,,0.33,0.00,,0.58,0.38,0.00,,0.00,,,,,,,,,0.00,0.82,,,,,,,,,,,,,,,,,,,0.00,,,,,,,,0.00,0.00,,,,,
Michigan_MPART_Surface_Water,Cahaogan Creek | 62-CHG-0040,Surface Water,42.44125,-84.29105,2022,9/7/2022,,EPA 537.1,,,ng/L,,,,0.00,0.00,,,0.00,0.00,,0.00,,,,,,,,,0.00,0.00,,,,,,,,,,,,,,,,,,,,,,,,,,,0.00,,,,,,
Michigan_MPART_Surface_Water,Kearsley Creek | 23-KC-0060,Surface Water,43.0406,-83.5958,2020,7/7/2020,,EPA 537.1,,,ng/L,,,,0.00,0.55,0.78,,1.00,0.00,,,,,,,,,,,0.00,,,,,,,,,,,,,,,,,,,,0.00,0.00,,,0.00,,,0.65,0.00,0.00,,0.00,,,
Michigan_MPART_Surface_Water,Plum Creek | 44-PC-0030,Surface Water,41.90237,-83.39379,2022,5/11/2022,,EPA 537.1,,,ng/L,,,,0.00,0.23,0.92,,1.20,0.00,,0.00,,,,,,,,,0.00,,,,,,,,,,,,,,,,,,,,0.00,,,,0.00,,,,0.00,0.00,,,,,
Michigan_MPART_Surface_Water,Mill Creek | 51-MLC-0180,Surface Water,43.1241,-82.8926,2023,9/7/2023,,EPA 537.1,,,ng/L,0.74,,,,0.00,,0.58,0.00,0.00,,0.00,,,,,,,,,0.00,0.00,,,,,,,,,,,,,,,,,,,,,,,,,,,0.00,,,,,,
Michigan_MPART_Surface_Water,Betsie River | 04-BR-0100,Surface Water,44.56059,-86.05123,2019,5/15/2019,,EPA 537.1,,,ng/L,,,,0.00,0.00,0.33,,0.41,0.00,,,,,,,,,,,0.00,0.30,1.60,,,,,,,,,,,,,,,,,,0.00,0.00,,,0.00,,,,,,,,,,
Michigan_MPART_Surface_Water,Salt Creek | 47-SC-0145,Surface Water,43.49705,-84.69179,2022,7/21/2022,,EPA 537.1,,,ng/L,,,,0.00,0.00,,,0.00,0.00,,0.00,,,,,,,,,0.00,0.00,,,,,,,,,,,,,,,,,,,0.00,,,,0.00,,,,0.00,0.26,,,,,
Michigan_MPART_Surface_Water,Detroit River Upstream | 19-DR-0010,Surface Water,42.352448,-82.927226,2019,11/5/2019,,EPA 537.1,,,ng/L,1.30,1.50,,,0.27,0.73,0.93,0.60,0.00,,,,,,,,,,0.63,0.00,0.29,,,,,,,,,,,,,,,,,,,,0.00,,,0.00,,,0.64,,,,,,,
Michigan_MPART_Surface_Water,Wanadoga Creek | 25-WDC-0020,Surface Water,42.3845,-85.1282,2020,5/20/2020,,EPA 537.1,,,ng/L,1.30,1.10,,0.00,0.39,0.41,1.70,0.99,0.00,,,,,,,,,,,0.00,0.73,,,,,,,,,,,,,,,,,,,0.00,0.00,,,0.00,,,0.88,0.00,0.00,,0.00,,,
Michigan_MPART_Surface_Water,Au Sable River | 02-AS-0498,Surface Water,44.65914,-84.038839,2021,11/8/2021,,EPA 537.1,,,ng/L,,,,,0.00,,,0.00,0.00,,0.00,,,,,,,,,0.00,0.00,,,,,,,,,,,,,,,,,,,,,,,,,,,0.00,,,,,,
Michigan_MPART_Surface_Water,Prairie Creek | 36-PR-0028,Surface Water,42.99154,-85.02868,2023,5/9/2023,,EPA 537.1,,,ng/L,,0.96,,0.00,0.00,,,0.93,0.00,,0.00,,,,,,,,0.74,0.00,1.00,,,,,,,,,,,,,,,,,,,0.00,,,,,,,,0.00,0.00,,,,,
Michigan_MPART_Surface_Water,Mill Creek | 36-MC-0150,Surface Water,43.0901,-85.691,2019,9/16/2019,,EPA 537.1,,,ng/L,0.78,,,0.00,0.00,0.35,,0.28,0.00,,,,,,,,,,,0.00,0.60,,,,,,,,,,,,,,,,,,,0.00,0.00,,,0.00,,,0.46,,,,,,,
Michigan_MPART_Surface_Water,Fletcher Drain | 51-FD-0010,Surface Water,43.27274,-82.83706,2023,5/4/2023,,EPA 537.1,,,ng/L,,,,0.00,0.00,,,0.28,0.00,,0.00,,,,,,,,,0.00,0.45,,,,,,,,,,,,,,,,,,,0.00,0.76,,,,,0.49,,0.00,0.34,,,,,
Michigan_MPART_Surface_Water,Bottom Creek | 23-BC-0020,Surface Water,43.21021,-83.1956,2021,7/7/2021,,EPA 537.1,,,ng/L,0.69,1.60,,0.38,0.00,,1.30,1.00,0.00,,0.00,,,,,,,,1.00,0.00,0.00,,,,,,,,,,,,,,,,,,,0.00,,,,,,,,0.00,0.00,,,,,
Michigan_MPART_Surface_Water,South Branch White Creek | 14-SWC-0110,Surface Water,43.43961,-83.16974,2022,7/7/2022,,EPA 537.1,,,ng/L,,,,0.00,0.00,,,0.00,0.00,,0.00,,,,,,,,,0.00,0.22,,,,,,,,,,,,,,,,,,,0.00,,,,,,,,0.00,0.00,,,,,
Michigan_MPART_Surface_Water,Burtch Creek | 06-BH-0029,Surface Water,43.15204,-82.54243,2019,5/21/2019,,EPA 537.1,,,ng/L,31.00,,,0.00,0.28,0.59,,,0.43,,,2.30,,,,,,,,0.00,1.10,,,,,,,,,,,,,,,,,,,,0.00,,,0.00,,,,,,,,,,
Michigan_MPART_Surface_Water,Mill Creek | 36-MC-0150,Surface Water,43.0901,-85.691,2019,5/6/2019,,EPA 537.1,,,ng/L,0.85,0.83,,0.00,0.00,0.49,0.61,0.48,0.00,,,,,,,,,,0.61,0.00,0.66,,,,,,,,,,,,,,,,,,,,0.00,,,0.00,,,,,,,,,,
Michigan_MPART_Surface_Water,Saginaw Bay | 30-SB-0020,Surface Water,43.895281,-83.860559,2019,7/1/2019,,EPA 537.1,,,ng/L,,,,0.00,0.45,0.68,1.40,0.75,0.00,,,,,,,,,,0.87,0.00,0.70,,,,,,,,,,,,,,,,,,,0.00,0.00,,,0.00,,,0.00,,,,,,,
Michigan_MPART_Surface_Water,Wanadoga Creek | 25-WDC-0020,Surface Water,42.3845,-85.1282,2020,7/1/2020,,EPA 537.1,,,ng/L,1.10,1.40,,0.00,0.51,0.36,,0.94,0.00,,,,,,,,,,,0.00,0.92,,,,,,,,,,,,,,,,,,,0.00,0.00,,,0.00,,,0.53,0.00,0.00,,0.00,,,
Michigan_MPART_Surface_Water,Pigeon River | 08-PR-140,Surface Water,42.9328,-86.0524,2021,7/1/2021,,EPA 537.1,,,ng/L,,,,0.39,0.49,1.40,,,0.00,,0.00,,,,,,,,,0.00,,,,,,,,,,,,,,,,,,,,,,,,,,,,0.00,,,,,,
Michigan_MPART_Surface_Water,Wabasis Creek | 36-WB-0010,Surface Water,43.13022,-85.24758,2019,7/2/2019,,EPA 537.1,,,ng/L,1.00,1.40,,0.00,0.00,0.57,0.90,0.66,0.00,,,,,,,,,,,0.00,0.98,,,,,,,,,,,,,,,,,,,0.00,0.00,,,0.00,,,0.00,,,,,,,
Michigan_MPART_Surface_Water,Johnson Creek | 01-JC-0040,Surface Water,44.19122,-83.85406,2019,11/4/2019,,EPA 537.1,,,ng/L,,0.81,,0.00,0.00,0.34,0.58,0.54,0.00,,,,,,,,,,,0.00,0.45,,,,,,,,,,,,,,,,,,,0.00,0.00,,,0.00,,,0.93,,,,,,,
Michigan_MPART_Surface_Water,Au Sable River | 02-AS-0498,Surface Water,44.65914,-84.038839,2021,7/6/2021,,EPA 537.1,,,ng/L,0.60,,,0.34,0.30,0.63,0.73,0.28,0.21,1.70,0.00,,0.51,,,,,,0.54,,0.00,,,,,,,,,,,1.20,,,,,,1.40,,0.36,0.81,,,,1.40,,1.10,0.27,0.36,,0.44,,,
Michigan_MPART_Surface_Water,Black Creek | 48-BK-0020,Surface Water,41.8134,-83.944,2022,5/11/2022,,EPA 537.1,,,ng/L,0.76,,,0.00,0.00,,,0.43,0.00,,0.00,,,,,,,,0.50,0.00,0.63,2.50,,,,,,,,,,,,,,,,,,0.00,,,,,,,,0.00,0.00,,,,,
Michigan_MPART_Surface_Water,Howe Drain | 51-BHD-0050,Surface Water,43.039,-82.478,2020,5/28/2020,,EPA 537.1,,,ng/L,,,,1.20,,,,,,,,,,,,,,,,0.00,,,,,,,,,,,,,,,,,,,,0.00,0.00,,,0.00,,,0.75,0.00,0.00,,0.00,,,
Michigan_MPART_Surface_Water,East Branch Willow Creek | 06-EWC-0050,Surface Water,43.87126,-82.83543,2021,5/4/2021,,EPA 537.1,,,ng/L,,0.96,,0.31,0.00,,1.00,0.66,0.00,,0.00,,,,,,,,,0.00,0.71,4.10,,,,,,,,,,,,,,,,,,,,,,,,,,0.00,,,,,,
Michigan_MPART_Surface_Water,Mill Creek | 51-MLC-0180,Surface Water,43.1241,-82.8926,2023,9/20/2023,,EPA 537.1,,,ng/L,,1.30,,,0.29,,,0.89,0.00,,0.00,,,,,,,,,0.00,,4.70,,,,,,,,,,,,,,,,,,,,,,,,,,0.00,,,,,,
Michigan_MPART_Surface_Water,Pinnebog River | 46-PBR-0150,Surface Water,43.84428,-83.16207,2022,9/8/2022,,EPA 537.1,,,ng/L,,1.30,,,0.27,,,0.88,0.00,,0.00,,,,,,,,,0.00,,,,,,,,,,,,,,,,,,,,,,,,,,,,0.00,,,,,,
Michigan_MPART_Surface_Water,Black Creek | 48-BK-0020,Surface Water,41.8134,-83.944,2022,11/8/2022,,EPA 537.1,,,ng/L,0.64,,,0.00,0.00,1.10,0.57,0.27,0.00,,0.00,,,,,,,,,0.00,0.38,,,,,,,,,,,,,,,,,,,0.00,,,,,,,,0.00,0.27,,,,,
Michigan_MPART_Surface_Water,Halfway Creek | 44-HWC-0016,Surface Water,41.76988,-83.65845,2021,5/5/2021,,EPA 537.1,,,ng/L,1.30,0.83,,0.00,0.00,,1.10,0.49,0.00,,0.00,,,,,,,,0.98,0.00,,2.80,,,,,,,,,,,,,,,,,,,,,,,,,,0.00,,,,,,
Michigan_MPART_Surface_Water,Bradshaw Drain | 44-BD-0020,Surface Water,42.10036,-83.51139,2021,9/22/2021,,EPA 537.1,,,ng/L,,,,0.00,0.51,0.85,,0.00,0.00,,0.00,,,,,,,,,0.00,,4.60,,,,,,,,,,,,,,,,,,,,,,,,,,0.00,0.31,,,,,
Michigan_MPART_Surface_Water,West Branch Clam River | 42-WCM-0030,Surface Water,44.11738,-85.05988,2022,11/1/2022,,EPA 537.1,,,ng/L,,,,0.00,0.00,,,0.39,0.00,,0.00,,,,,,,,,0.00,0.46,3.70,,,,,,,,,,,,,,,,,,,,,,,,,,0.00,0.31,,,,,
Michigan_MPART_Surface_Water,Gull Creek | 25-GC-0120,Surface Water,42.33495,-85.40178,2023,9/25/2023,,EPA 537.1,,,ng/L,,,,,1.10,1.40,1.40,0.62,0.00,,0.00,,,,,,,,,0.00,1.40,,,,,,,,,,,,,,,,,,,,,,,,,,,0.00,,,,,,
Michigan_MPART_Surface_Water,Intermediate River | 10-IR-0020,Surface Water,44.973,-85.2134,2020,7/6/2020,,EPA 537.1,,,ng/L,,,,,0.00,0.41,,0.32,0.00,,,,,,,,,,0.55,0.00,0.39,1.70,,,,,,,,,,,,,,,,,,,0.00,,,0.00,,,0.73,0.00,,,0.00,,,
Michigan_MPART_Surface_Water,St. Clair River Downstream | 51-SCR-0080,Surface Water,42.649448,-82.513338,2019,7/25/2019,,EPA 537.1,,,ng/L,1.40,1.70,,,0.00,0.68,0.97,0.77,0.00,,,,,,,,,,0.72,0.00,0.00,,,,,,,,,,,,,,,,,,,,0.00,,,0.00,,,,,,,,,,
Michigan_MPART_Surface_Water,Rush Creek | 36-RC-0170,Surface Water,42.8634,-85.86138,2019,9/16/2019,,EPA 537.1,,,ng/L,,,,0.38,0.38,0.84,,1.20,0.00,,,,,,,,,,,0.00,,,,,,,,,,,,,,,,,,,,0.00,0.00,,,0.00,,,0.37,,,,,,,
Michigan_MPART_Surface_Water,Williams Creek | 42-WC-0100,Surface Water,43.4195,-85.8794,2020,11/3/2020,,EPA 537.1,,,ng/L,,,,0.00,0.00,,,0.00,0.00,,0.00,,,,,,,,,0.00,0.33,,,,,,,,,,,,,,,,,,,0.00,,,,,,,,0.00,0.00,,,,,
Michigan_MPART_Surface_Water,Unnamed trib to Little Rainy Ri | 07-ULRR-0010,Surface Water,45.3107,-84.1959,2020,9/9/2020,,EPA 537.1,,,ng/L,,1.20,,0.00,0.40,,0.82,1.00,0.00,,0.00,,,,,,,,1.00,0.00,0.57,,,,,,,,,,,,,,,,,,,0.00,,,,,,,,0.00,0.00,,,,,
Michigan_MPART_Surface_Water,Brush Creek | 59-BRC-0020,Surface Water,45.0647,-83.906,2020,5/26/2020,,EPA 537.1,,,ng/L,0.91,1.00,,0.00,0.00,0.38,0.62,0.43,0.00,,,,,,,,,,0.69,0.00,0.35,,,,,,,,,,,,,,,,,,,,0.00,,,0.00,,,1.20,0.00,,,0.00,,,
Michigan_MPART_Surface_Water,Trib to Crockery Creek | 36-UCC-0020,Surface Water,43.05896,-86.02386,2023,9/25/2023,,EPA 537.1,,,ng/L,,,,,,,,,0.00,,0.00,,,,,,,,,,1.70,,,,,,,,,,,,,,,,,,,,,,,,,,,0.00,,,,,,
Michigan_MPART_Surface_Water,Saginaw Bay | 30-SB-0050,Surface Water,43.738337,-83.640837,2019,7/1/2019,,EPA 537.1,,,ng/L,1.50,,,0.00,0.37,0.75,1.50,0.90,0.00,,,,,,,,,,1.20,0.00,1.00,,,,,,,,,,,,,,,,,,,0.00,0.00,,,0.00,,,0.00,,,,,,,
Michigan_MPART_Surface_Water,Thread Creek | 23-THR-0120,Surface Water,42.9969,-83.6478,2023,5/3/2023,,EPA 537.1,,,ng/L,,1.20,,,0.00,0.89,1.60,0.81,0.00,,0.00,,,,,,,,1.60,,,4.70,,,,,,,,,,,,,,,,,,,,,,,,,,0.00,,,,,,
Michigan_MPART_Surface_Water,Wabasis Creek | 36-WB-0010,Surface Water,43.13022,-85.24758,2019,11/5/2019,,EPA 537.1,,,ng/L,0.77,1.60,,0.00,0.26,0.51,0.96,0.72,0.00,,,,,,,,,,,0.00,0.92,,,,,,,,,,,,,,,,,,,,0.00,,,0.00,,,0.56,,,,,,,
Michigan_MPART_Surface_Water,St. Clair River Upstream | 51-SCR-0500,Surface Water,42.996948,-82.424448,2017,9/13/2017,,EPA 537.1,,,ng/L,1.60,1.40,,,,0.80,0.80,0.70,,,,,,,,,,,0.90,,,1.20,,,,,,,,,,,,,,,,,,,0.00,0.00,,,0.50,,,,,,,,,
Michigan_MPART_Surface_Water,Begunn Creek | 28-BG-0011,Surface Water,47.2472,-88.5155,2023,11/8/2023,,EPA 537.1,,,ng/L,,,,0.70,0.47,0.57,,1.10,0.00,,0.00,,,,,,,,,0.00,,3.20,,,,,,,,,,,,,,,,1.40,,0.00,,,,,,,,0.00,0.30,,,,,
Michigan_MPART_Surface_Water,South Branch White Creek | 14-SWC-0110,Surface Water,43.43961,-83.16974,2022,9/8/2022,,EPA 537.1,,,ng/L,,,,0.00,0.00,,,0.00,0.00,,0.00,,,,,,,,,0.00,0.29,,,,,,,,,,,,,,,,,,,0.00,,,,,,,,0.00,0.00,,,,,
Michigan_MPART_Surface_Water,Messer Brook | 58-MSB-0020,Surface Water,42.76977,-85.24025,2021,7/8/2021,,EPA 537.1,,,ng/L,3.80,,,0.35,0.30,0.71,1.20,1.00,0.00,,0.00,,,,,,,,1.00,0.00,1.40,,,,,,,,,,,,,,,,,,,0.00,,,,,,,,0.00,0.00,,,,,
Michigan_MPART_Surface_Water,Pine Creek | 39-PC-0140,Surface Water,43.2337,-84.6708,2020,9/15/2020,,EPA 537.1,,,ng/L,1.30,1.10,,0.00,0.00,0.59,0.53,0.32,0.00,,0.00,,,,,,,,0.62,0.00,1.10,3.70,,,,,,,,,,,,,,,,,,0.00,,,,,,,,0.00,0.00,,,,,
Michigan_MPART_Surface_Water,Flat River | 36-FR-0108,Surface Water,43.10008,-85.22913,2020,7/1/2020,,EPA 537.1,,,ng/L,0.99,1.10,,0.00,0.30,0.58,0.79,0.64,0.00,,,,,,,,,,0.83,0.00,1.00,,,,,,,,,,,,,,,,,,,0.00,0.00,,,0.00,,,0.44,0.00,0.00,,0.00,,,
Michigan_MPART_Surface_Water,Salt Creek | 47-SC-0145,Surface Water,43.49705,-84.69179,2022,5/23/2022,,EPA 537.1,,,ng/L,5.70,,,0.00,0.00,,,0.00,0.00,,0.00,,,,,,,,,0.00,0.37,2.50,,,,,,,,,,,,,,,,,,0.00,,,,,,,,0.00,0.00,,,,,
Michigan_MPART_Surface_Water,Mill Creek | 51-MLC-0180,Surface Water,43.1241,-82.8926,2023,7/10/2023,,EPA 537.1,,,ng/L,,,,0.00,0.00,,,0.00,0.00,,0.00,,,,,,,,,0.00,0.00,,,,,,,,,,,,,,,,,,,0.00,,,,0.00,,,,0.00,0.00,,,,,
Michigan_MPART_Surface_Water,Unnamed Trib to South Branch Li | 61-LGD-0010,Surface Water,44.045272,-84.456811,2021,5/3/2021,,EPA 537.1,,,ng/L,,0.85,,0.33,0.33,,0.84,0.35,0.00,,0.00,,,,,,,,0.48,0.00,0.56,2.80,,,,,,,,,,,,,,,,,,,,,,,,,,0.00,,,,,,
Michigan_MPART_Surface_Water,Saddler Creek | 01-SC-0030,Surface Water,44.2496,-83.6495,2022,9/20/2022,,EPA 537.1,,,ng/L,1.20,0.89,,0.28,0.24,0.51,0.53,0.44,0.17,1.30,0.21,2.20,0.41,,,,,,0.44,0.27,0.18,2.20,,,,,,,,,,0.98,,,1.10,,,1.20,,0.29,0.65,,,0.33,1.20,0.49,0.87,0.21,0.29,,0.36,,,
Michigan_MPART_Surface_Water,Marion Iosco Drain | 62-MID-0020,Surface Water,42.5748,-84.0296,2020,11/12/2020,,EPA 537.1,,,ng/L,,,,0.00,0.00,,,0.00,0.00,,0.00,,,,,,,,0.66,0.00,0.35,,,,,,,,,,,,,,,,,,,0.00,,,,,,,1.00,0.00,0.00,,,,,
Michigan_MPART_Surface_Water,Little Ocqueoc River | 35-LOCR-0010,Surface Water,45.4073,-84.0288,2019,11/4/2019,,EPA 537.1,,,ng/L,,,,0.00,0.00,0.28,0.61,0.44,0.00,,,,,,,,,,,0.00,0.35,,,,,,,,,,,,,,,,,,,0.00,0.00,,,0.00,,,0.66,,,,,,,
Michigan_MPART_Surface_Water,Mill Creek | 51-MLC-0180,Surface Water,43.1241,-82.8926,2023,7/5/2023,,EPA 537.1,,,ng/L,1.20,,,,0.00,,,0.26,0.00,,0.00,,,,,,,,0.53,0.00,0.96,,,,,,,,,,,,,,,,,,,,,,,,,,,0.00,,,,,,
Michigan_MPART_Surface_Water,Bean Creek | 59-BC-0010,Surface Water,45.0855,-83.6939,2019,9/10/2019,,EPA 537.1,,,ng/L,0.61,0.99,,,0.37,0.40,0.77,0.85,0.00,,,,,,,,,,0.56,0.00,0.33,,,,,,,,,,,,,,,,,,,,0.00,,,0.00,,,0.35,,,,,,,
Michigan_MPART_Surface_Water,Begunn Creek | 28-BG-0011,Surface Water,47.2472,-88.5155,2023,9/26/2023,,EPA 537.1,,,ng/L,,,,1.70,0.92,0.94,,,0.00,,0.00,,,,,,,,,0.00,,4.30,,,,,,,,,,,,,,,,3.20,,0.00,0.67,,,,,,,0.00,0.00,,,,,
Michigan_MPART_Surface_Water,Canada Creek | 07-CC-0080,Surface Water,45.11577,-84.1976,2019,7/1/2019,,EPA 537.1,,,ng/L,,,,0.00,0.00,0.28,,0.38,0.00,,,,,,,,,,,0.00,0.18,,,,,,,,,,,,,,,,,,,0.00,0.00,,,0.00,,,0.00,,,,,,,
Michigan_MPART_Surface_Water,Four Mile Creek | 42-FMC2-0030,Surface Water,43.4094,-85.86044,2021,9/14/2021,,EPA 537.1,,,ng/L,1.40,1.60,,0.71,0.93,0.85,1.80,1.00,0.00,,0.00,,,,,,,,1.50,0.29,,,,,,,,,,,,,,,,,,,,0.00,,,,,,,,0.00,0.00,,,,,
Michigan_MPART_Surface_Water,Rush Creek | 36-RC-0170,Surface Water,42.8634,-85.86138,2019,7/8/2019,,EPA 537.1,,,ng/L,,,,0.58,0.45,1.00,,1.60,0.00,,,,,,,,,,1.50,0.00,,,,,,,,,,,,,,,,,,,,0.00,0.00,,,0.00,,,0.00,,,,,,,
Michigan_MPART_Surface_Water,Au Sable River | 02-AS-0670,Surface Water,44.66993,-84.38133,2019,9/18/2019,,EPA 537.1,,,ng/L,0.72,,,0.00,0.22,0.65,0.56,0.38,0.00,,,,,,,,,,0.57,0.00,0.28,,,,,,,,,,,,,,,,,,,0.00,0.00,,,0.00,,,0.54,,,,,,,
Michigan_MPART_Surface_Water,Pigeon River | 08-PR-140,Surface Water,42.9328,-86.0524,2020,9/2/2020,,EPA 537.1,,,ng/L,1.40,,,0.00,0.37,0.58,,1.40,0.00,,,,,,,,,,,0.00,1.00,,,,,,,,,,,,,,,,,,,0.00,0.00,,,0.00,,,0.57,0.00,0.00,,0.00,,,
Michigan_MPART_Surface_Water,Detroit River Downstream | 19-DR-1000,Surface Water,42.05417,-83.152504,2017,7/10/2017,,EPA 537.1,,,ng/L,1.80,1.10,,,,0.90,1.10,,,,,,,,,,,,,,,1.80,,,,,,,,,,,,,,,,,,,1.10,0.50,,,,,7.10,,,,,,,
Michigan_MPART_Surface_Water,Mill Creek | 51-MLC-0180,Surface Water,43.1241,-82.8926,2023,9/21/2023,,EPA 537.1,,,ng/L,,1.10,,0.00,0.33,,1.40,0.60,0.00,,0.00,,,,,,,,0.95,0.00,0.82,,,,,,,,,,,,,,,,,,,0.00,,,,,,,,0.00,0.00,,,,,
Michigan_MPART_Surface_Water,Manistee River | 37-MAN-0750,Surface Water,44.58835,-85.07821,2020,9/15/2020,,EPA 537.1,,,ng/L,0.65,,,0.00,0.00,,,0.00,0.00,,0.00,,,,,,,,,0.00,0.22,,,,,,,,,,,,,,,,,,,,,,,,,,,0.00,,,,,,
Michigan_MPART_Surface_Water,Mill Creek | 51-MLC-0180,Surface Water,43.1241,-82.8926,2023,9/6/2023,,EPA 537.1,,,ng/L,1.20,,,0.00,0.00,,0.84,0.24,0.00,,0.00,,,,,,,,,0.00,0.00,,,,,,,,,,,,,,,,,,,,,,,,,,,0.00,,,,,,
Michigan_MPART_Surface_Water,Remey Chandler Drain | 62-RCD-0010,Surface Water,42.84412,-84.53793,2019,5/8/2019,,EPA 537.1,,,ng/L,,1.80,,0.00,0.36,0.63,,1.10,0.00,,,,,,,,,,,0.00,,,,,,,,,,,,,,,,,,,,0.00,0.00,,,0.00,,,,,,,,,,
Michigan_MPART_Surface_Water,North Branch Cedar River | 61-NCDR-0040,Surface Water,44.07533,-84.57174,2023,7/5/2023,,EPA 537.1,,,ng/L,,,,0.00,0.00,,,0.00,0.00,,0.00,,,,,,,,,0.00,0.00,,,,,,,,,,,,,,,,,,,,,,,,,,,0.00,,,,,,
Michigan_MPART_Surface_Water,Bradshaw Drain | 44-BD-0020,Surface Water,42.10036,-83.51139,2021,7/8/2021,,EPA 537.1,,,ng/L,,1.50,,0.00,0.00,0.86,,0.68,0.00,,0.00,,,,,,,,,0.00,,2.40,,,,,,,,,,,,,,,,,,0.00,,,,,,,,0.00,0.00,,,,,
Michigan_MPART_Surface_Water,Trib to Fremont Lake | 42-UTFL-0020,Surface Water,43.46401,-85.95715,2023,5/1/2023,,EPA 537.1,,,ng/L,,0.94,,0.00,0.00,,0.77,0.53,0.00,,0.00,,,,,,,,0.41,0.00,0.66,3.50,,,,,,,,,,,,,,,,,,0.00,,,,0.00,,,,0.00,0.00,,,,,
Michigan_MPART_Surface_Water,Rabbit River | 25-RR-0120,Surface Water,42.6929,-85.79937,2021,9/15/2021,,EPA 537.1,,,ng/L,,1.30,,,0.00,0.67,1.10,0.00,0.00,,0.00,,,,,,,,,,1.60,,,,,,,,,,,,,,,,,,,,,,,,,,,0.00,0.33,,,,,
Michigan_MPART_Surface_Water,North Branch Kawkawlin River | 27-NKR-0250,Surface Water,43.864077,-84.186884,2021,11/8/2021,,EPA 537.1,,,ng/L,,1.20,,0.00,0.00,,,0.75,0.00,,0.00,,,,,,,,0.78,0.00,0.75,,,,,,,,,,,,,,,,,,,,,,,,,,,0.00,,,,,,
Michigan_MPART_Surface_Water,Chippewa River | 47-CHIP-0170,Surface Water,43.623615,-84.768059,2020,7/9/2020,,EPA 537.1,,,ng/L,,1.00,,0.00,0.36,0.45,0.86,0.64,0.00,,,,,,,,,,1.20,0.00,1.10,,,,,,,,,,,,,,,,,,,0.00,0.57,,,0.00,,,0.66,0.00,0.00,,0.00,,,
Michigan_MPART_Surface_Water,Burtch Creek | 06-BH-0029,Surface Water,43.15204,-82.54243,2023,11/8/2023,,EPA 537.1,,,ng/L,52.00,,,,0.00,,,,0.56,,0.00,,,,,,,,,0.00,,4.50,,,,,,,,,,,,,,,,,,,,,,,,,,0.00,,,,,,
Michigan_MPART_Surface_Water,Salt Creek | 47-SC-0145,Surface Water,43.49705,-84.69179,2022,11/3/2022,,EPA 537.1,,,ng/L,,,,0.00,0.00,,,0.00,0.00,,0.00,,,,,,,,,0.00,0.33,,,,,,,,,,,,,,,,,,,0.00,,,,,,,,0.00,0.00,,,,,
Michigan_MPART_Surface_Water,Mill Creek | 06-MLC-0010,Surface Water,43.6588,-82.6091,2022,7/7/2022,,EPA 537.1,,,ng/L,,,,0.00,0.00,,,0.31,0.00,,0.00,,,,,,,,,0.00,0.65,,,,,,,,,,,,,,,,,,,0.00,,,,,,,,0.00,0.00,,,,,
Michigan_MPART_Surface_Water,Manistee River | 37-MAN-0750,Surface Water,44.58835,-85.07821,2020,5/18/2020,,EPA 537.1,,,ng/L,,0.80,,0.00,0.00,0.35,,0.37,0.00,,,,,,,,,,0.74,0.00,0.24,1.30,,,,,,,,,,,,,,,,,,0.00,0.00,,,0.00,,,,0.00,0.00,,0.00,,,
Michigan_MPART_Surface_Water,Eaton and Baker Drain | 25-EBD-0020,Surface Water,42.32009,-84.867791,2021,5/5/2021,,EPA 537.1,,,ng/L,,,,0.35,0.00,,,0.33,0.00,,0.00,,,,,,,,,0.00,0.24,,,,,,,,,,,,,,,,,,,,,,,,,,,0.00,,,,,,
Michigan_MPART_Surface_Water,Rabbit River | 25-RR-0200,Surface Water,42.642503,-85.721671,2021,9/15/2021,,EPA 537.1,,,ng/L,,,,,0.00,1.10,1.80,1.30,0.00,,0.00,,,,,,,,,0.36,,3.00,,,,,,,,,,,,,,,,,,,,,,,,,,0.00,0.33,,,,,
Michigan_MPART_Surface_Water,Quaker Brook | 58-QKB-0030,Surface Water,42.582,-85.087,2020,9/3/2020,,EPA 537.1,,,ng/L,0.54,,,,0.00,0.36,0.62,0.54,0.00,,,,,,,,,,0.89,0.00,0.63,,,,,,,,,,,,,,,,,,,,0.00,,,0.00,,,0.58,0.00,,,0.00,,,
Michigan_MPART_Surface_Water,Dyer Creek | 37-DC-0010,Surface Water,44.11789,-85.56119,2022,7/5/2022,,EPA 537.1,,,ng/L,,,,0.00,0.00,,,0.44,0.00,,0.00,,,,,,,,,0.00,0.00,,,,,,,,,,,,,,,,,,,0.00,,,,,,,,0.00,0.00,,,,,
Michigan_MPART_Surface_Water,Halfway Creek | 44-HWC-0016,Surface Water,41.76988,-83.65845,2021,11/10/2021,,EPA 537.1,,,ng/L,,,,0.00,0.00,,,0.48,0.00,,0.00,,,,,,,,0.73,0.00,1.10,3.60,,,,,,,,,,,,,,,,,,0.00,,,,,,,,0.00,0.00,,,,,
Michigan_MPART_Surface_Water,Mill Creek | 51-MLC-0180,Surface Water,43.1241,-82.8926,2023,7/5/2023,,EPA 537.1,,,ng/L,8.50,,,,,,,,0.45,,0.00,,,,,,,,,0.47,,,,,,,,,,,,,,,,,,,,,,,,,,,,0.00,,,,,,
Michigan_MPART_Surface_Water,Mill Creek | 51-MLC-0180,Surface Water,43.1241,-82.8926,2023,7/6/2023,,EPA 537.1,,,ng/L,1.10,0.97,,0.00,0.30,,0.90,0.48,0.00,,0.00,,,,,,,,1.10,0.00,1.30,,,,,,,,,,,,,,,,,,,0.00,,,,,,,,0.00,0.00,,,,,
Michigan_MPART_Surface_Water,Detroit River Downstream | 19-DR-1000,Surface Water,42.05417,-83.152504,2019,11/5/2019,,EPA 537.1,,,ng/L,1.60,1.60,,0.00,0.31,0.65,1.00,0.55,0.00,,,,,,,,,,,0.00,0.52,,,,,,,,,,,,,,,,,,,,0.00,,,0.00,,,0.73,,,,,,,
Michigan_MPART_Surface_Water,Detroit River Upstream | 19-DR-0010,Surface Water,42.352448,-82.927226,2020,6/17/2020,,EPA 537.1,,,ng/L,1.40,1.40,,0.00,0.31,0.72,0.85,0.68,0.00,,,,,,,,,,0.91,0.00,0.37,1.30,,,,,,,,,,,,,,,,,,0.00,0.00,,,0.00,,,0.48,0.00,0.00,,0.00,,,
Michigan_MPART_Surface_Water,Belle River | 51-BLR-0060,Surface Water,42.77484,-82.54963,2021,9/21/2021,,EPA 537.1,,,ng/L,1.20,1.00,,0.00,0.00,,1.30,0.00,0.00,,0.00,,,,,,,,1.40,0.00,,,,,,,,,,,,,,,,,,,,0.00,,,,,,,,0.00,0.30,,,,,
Michigan_MPART_Surface_Water,Williams Creek | 42-WC-0100,Surface Water,43.4195,-85.8794,2020,6/30/2020,,EPA 537.1,,,ng/L,,,,0.00,0.00,0.30,,0.00,0.00,,,,,,,,,,0.42,0.00,0.50,0.96,,,,,,,,,,,,,,,,,,0.00,0.00,,,0.00,,,0.74,0.00,0.00,,0.00,,,
Michigan_MPART_Surface_Water,Dickerson Creek | 36-DIC-0190,Surface Water,43.19666,-85.1894,2022,7/21/2022,,EPA 537.1,,,ng/L,,0.78,,0.00,0.00,,,0.31,0.00,,0.00,,,,,,,,0.41,0.00,0.87,,,,,,,,,,,,,,,,,,,0.00,,,,,,,,0.00,0.26,,,,,
Michigan_MPART_Surface_Water,Pine Creek | 52-PN2-0010,Surface Water,42.1115,-85.2518,2022,11/7/2022,,EPA 537.1,,,ng/L,0.86,1.40,,0.00,0.00,,,0.28,0.00,,0.00,,,,,,,,,0.00,0.58,2.10,,,,,,,,,,,,,,,,,,0.00,,,,,,,,0.00,0.28,,,,,
Michigan_MPART_Surface_Water,Tittabawassee River | 61-TBR-0010,Surface Water,43.3918,-84.016,2020,5/27/2020,,EPA 537.1,,,ng/L,,1.70,,0.00,0.46,0.87,1.50,1.10,0.00,,,,,,,,,,1.50,0.00,1.20,,,,,,,,,,,,,,,,,,,0.00,0.00,,,0.00,,,0.45,0.00,0.00,,0.00,,,
Michigan_MPART_Surface_Water,McMahen Creek | 54-MMC-0030,Surface Water,46.359,-84.6347,2023,9/27/2023,,EPA 537.1,,,ng/L,,1.10,,0.00,0.67,,0.65,1.10,0.00,,0.00,,,,,,,,,0.00,0.34,3.90,,,,,,,,,,,,,,,,,,,,,,,,,,0.00,,,,,,
Michigan_MPART_Surface_Water,Pinnebog River | 46-PBR-0150,Surface Water,43.84428,-83.16207,2022,7/7/2022,,EPA 537.1,,,ng/L,1.40,1.50,,0.00,0.49,,1.30,0.69,0.00,,0.00,,,,,,,,1.30,0.00,,,,,,,,,,,,,,,,,,,,0.00,,,,,,,,0.00,0.00,,,,,
Michigan_MPART_Surface_Water,Silver Creek | 51-SLVC-0020,Surface Water,43.1491,-82.6352,2022,5/12/2022,,EPA 537.1,,,ng/L,1.10,,,0.00,0.48,,,,0.00,,0.00,,,,,,,,,0.00,1.50,,,,,,,,,,,,,,,,,,,0.00,,,,,,,,0.00,0.00,,,,,
Michigan_MPART_Surface_Water,Unnamed trib to Carruthers Drai | 52-UCD-0020,Surface Water,41.7908,-84.6881,2020,11/12/2020,,EPA 537.1,,,ng/L,,1.00,,0.00,0.00,,1.60,0.64,0.00,,0.00,,,,,,,,1.40,0.00,0.50,,,,,,,,,,,,,,,,,,,0.00,,,,,,,,0.00,0.00,,,,,
Michigan_MPART_Surface_Water,Kearsley Creek | 23-KC-0060,Surface Water,43.0406,-83.5958,2021,5/4/2021,,EPA 537.1,,,ng/L,,,,0.51,0.58,1.20,,1.00,0.00,,0.00,,,,,,,,,0.00,,3.30,,,,,,,,,,,,,,,,,,0.00,,,,,,,,0.00,0.00,,,,,
Michigan_MPART_Surface_Water,Mill Creek | 51-MLC-0180,Surface Water,43.1241,-82.8926,2023,9/7/2023,,EPA 537.1,,,ng/L,,,,0.00,0.00,,0.58,0.00,0.00,,0.00,,,,,,,,,0.00,0.00,,,,,,,,,,,,,,,,,,,0.00,,,,,,,,0.00,0.00,,,,,
Michigan_MPART_Surface_Water,Trout Creek | 17-TC-0100,Surface Water,42.74111,-83.24601,2019,9/11/2019,,EPA 537.1,,,ng/L,0.60,1.00,,,0.00,0.40,1.20,0.50,0.00,,,,,,,,,,1.00,0.00,0.00,1.60,,,,,,,,,,,,,,,,,,,0.00,,,0.00,,,0.50,,,,,,,
Michigan_MPART_Surface_Water,Betts Creek | 42-BTC-0010,Surface Water,43.6057,-85.5409,2023,5/1/2023,,EPA 537.1,,,ng/L,,,,0.00,0.00,,,0.00,0.00,,0.00,,,,,,,,,0.00,0.00,,,,,,,,,,,,,,,,,,,0.00,,,,,,,,0.00,0.00,,,,,
Michigan_MPART_Surface_Water,Custer County Drain | 51-CCD-0040,Surface Water,43.4789,-82.8653,2020,9/17/2020,,EPA 537.1,,,ng/L,0.93,1.00,,0.00,0.42,,0.71,0.68,0.00,,0.00,,,,,,,,,0.00,0.00,,,,,,,,,,,,,,,,,,,0.00,,,,,,,,0.00,0.00,,,,,
Michigan_MPART_Surface_Water,"East Fork, West Branch St. Jose | 52-EWSJ-0150",Surface Water,41.855,-84.6778,2019,5/7/2019,,EPA 537.1,,,ng/L,0.81,,,,0.00,0.42,0.66,0.53,0.00,,,,,,,,,,,0.00,0.46,,,,,,,,,,,,,,,,,,,,0.32,,,0.00,,,,,,,,,,
Michigan_MPART_Surface_Water,Detroit River Downstream | 19-DR-1000,Surface Water,42.05417,-83.152504,2020,11/11/2020,,EPA 537.1,,,ng/L,1.50,1.10,,0.00,0.00,0.80,0.87,0.60,0.00,,0.00,,,,,,,,0.93,0.00,0.27,,,,,,,,,,,,,,,,,,,0.00,,,,,,,,0.00,0.00,,,,,
Michigan_MPART_Surface_Water,Betts Creek | 42-BTC-0010,Surface Water,43.6057,-85.5409,2022,7/21/2022,,EPA 537.1,,,ng/L,,,,0.00,0.00,,,0.00,0.00,,0.00,,,,,,,,,0.00,0.00,,,,,,,,,,,,,,,,,,,0.00,,,,,,,,0.00,0.30,,,,,
Michigan_MPART_Surface_Water,Saginaw Bay | 30-SB-0060,Surface Water,43.846948,-83.562505,2019,9/5/2019,,EPA 537.1,,,ng/L,,1.70,,0.00,0.47,0.80,1.40,0.87,0.00,,,,,,,,,,1.10,0.00,0.62,,,,,,,,,,,,,,,,,,,0.00,0.43,,,0.00,,,0.35,,,,,,,
Michigan_MPART_Surface_Water,Unnamed Trib to Indian Lakes | 36-UIL-0060,Surface Water,43.19685,-85.65063,2021,7/15/2021,,EPA 537.1,,,ng/L,1.30,1.20,,0.36,0.00,0.57,1.00,0.51,0.00,,0.00,,,,,,,,0.63,0.00,1.10,2.10,,,,,,,,,,,,,,,,,,0.00,,,,,,,,0.00,0.00,,,,,
Michigan_MPART_Surface_Water,Au Sable River | 02-AS-0670,Surface Water,44.66993,-84.38133,2019,11/14/2019,,EPA 537.1,,,ng/L,0.51,0.82,,0.00,0.00,0.78,,0.30,0.00,,,,,,,,,,,0.00,0.00,,,,,,,,,,,,,,,,,,,0.00,0.00,,,0.00,,,0.40,,,,,,,
Michigan_MPART_Surface_Water,Cedar Creek | 45-CDC-0060,Surface Water,43.809,-85.8533,2020,5/19/2020,,EPA 537.1,,,ng/L,0.63,0.97,,0.00,0.25,0.33,0.65,0.60,0.00,,,,,,,,,,0.80,0.00,0.36,,,,,,,,,,,,,,,,,,,0.00,0.00,,,0.00,,,0.90,0.00,0.00,,0.00,,,
Michigan_MPART_Surface_Water,Pinnebog River | 46-PBR-0150,Surface Water,43.84428,-83.16207,2022,5/12/2022,,EPA 537.1,,,ng/L,,0.97,,0.00,0.00,0.59,1.40,0.65,0.00,,0.00,,,,,,,,1.30,0.00,,,,,,,,,,,,,,,,,,,,0.00,,,,,,,,0.00,0.00,,,,,
Michigan_MPART_Surface_Water,Unnamed Trib to Five Mile Creek | 45-FMC-0050,Surface Water,43.605694,-85.643331,2021,5/11/2021,,EPA 537.1,,,ng/L,0.47,0.74,,0.00,0.00,0.49,0.50,0.22,0.16,,0.21,,0.40,,,,,,0.42,0.35,0.65,2.10,,,,,,,,,,0.95,,,1.00,,,1.10,,0.28,0.63,,,0.32,1.10,0.48,0.85,0.21,0.28,,0.35,,,
Michigan_MPART_Surface_Water,Unnamed Trib to South Branch Li | 61-LGD-0010,Surface Water,44.045272,-84.456811,2022,11/1/2022,,EPA 537.1,,,ng/L,,,,0.00,0.00,,0.58,0.24,0.00,,0.00,,,,,,,,,0.00,2.10,4.00,,,,,,,,,,,,,,,,,,0.00,,,,,,,,0.00,0.30,,,,,
Michigan_MPART_Surface_Water,Cedar Creek | 37-CC-0080,Surface Water,44.37595,-85.97215,2019,7/8/2019,,EPA 537.1,,,ng/L,,,,0.00,0.00,0.25,,0.30,0.00,,,,,,,,,,,0.00,0.00,1.20,,,,,,,,,,,,,,,,,,0.00,0.00,,,0.00,,,0.00,,,,,,,
Michigan_MPART_Surface_Water,Mill Creek | 51-MLC-0180,Surface Water,43.1241,-82.8926,2023,7/19/2023,,EPA 537.1,,,ng/L,,,,0.00,0.00,,,0.43,0.00,,0.00,,,,,,,,,0.00,0.00,2.50,,,,,,,,,,,,,,,,,,0.00,,,,,,,,0.00,0.00,,,,,
Michigan_MPART_Surface_Water,Cedar Creek | 37-CC-0080,Surface Water,44.37595,-85.97215,2019,5/15/2019,,EPA 537.1,,,ng/L,,,,0.00,0.00,0.36,,0.00,0.00,,,,,,,,,,,0.00,0.20,1.80,,,,,,,,,,,,,,,,,,,0.00,,,0.00,,,,,,,,,,
Michigan_MPART_Surface_Water,River Raisin | 48-RR-0080,Surface Water,41.9022,-83.7179,2020,11/12/2020,,EPA 537.1,,,ng/L,0.77,,,,0.00,0.64,1.10,0.55,0.00,,0.00,,,,,,,,1.50,0.00,1.10,2.70,,,,,,,,,,,,,,,,,,,,,,,,,,0.00,,,,,,
Michigan_MPART_Surface_Water,Vincent Creek | 59-VC-0010,Surface Water,44.7411,-83.5268,2019,7/1/2019,,EPA 537.1,,,ng/L,,1.00,,0.00,0.35,0.29,0.66,0.69,0.00,,,,,,,,,,0.77,0.00,0.25,,,,,,,,,,,,,,,,,,,0.00,0.00,,,0.00,,,0.00,,,,,,,
Michigan_MPART_Surface_Water,South Branch Pine River | 02-SPR-0030,Surface Water,44.5771,-83.4937,2020,9/9/2020,,EPA 537.1,,,ng/L,,,,0.00,0.00,,,0.00,0.00,,0.00,,,,,,,,,0.00,0.00,,,,,,,,,,,,,,,,,,,0.00,,,,,,,,0.00,0.00,,,,,
Michigan_MPART_Surface_Water,Mill Creek | 51-MLC-0180,Surface Water,43.1241,-82.8926,2023,7/19/2023,,EPA 537.1,,,ng/L,,,,0.00,0.00,,,0.40,0.00,,0.00,,,,,,,,,0.00,0.23,2.40,,,,,,,,,,,,,,,,,,0.00,,,,0.00,,,,0.00,0.00,,,,,
Michigan_MPART_Surface_Water,Fletcher Drain | 51-FD-0010,Surface Water,43.27274,-82.83706,2023,7/6/2023,,EPA 537.1,,,ng/L,2.70,1.10,,0.00,0.55,,0.55,0.63,0.00,,0.00,,,,,,,,0.72,0.00,0.73,,,,,,,,,,,,,,,,,,,0.00,,,,0.00,,,,0.00,0.00,,,,,
Michigan_MPART_Surface_Water,Overton Creek (aka Littlefield | 61-OTC-0030,Surface Water,43.8567,-84.8907,2023,11/7/2023,,EPA 537.1,,,ng/L,0.62,1.10,,0.00,0.00,,1.40,0.00,0.00,,0.00,,,,,,,,,0.00,0.51,,,,,,,,,,,,,,,,,,,0.00,,,,,,,,0.00,0.00,,,,,
Michigan_MPART_Surface_Water,Salt Creek | 47-SC-0145,Surface Water,43.49705,-84.69179,2022,9/1/2022,,EPA 537.1,,,ng/L,,,,0.00,0.00,,,0.00,0.00,,0.00,,,,,,,,,0.00,0.00,,,,,,,,,,,,,,,,,,,0.00,,,,,,,,0.00,0.00,,,,,
Michigan_MPART_Surface_Water,Trib to Grand River | 62-USGR-0020,Surface Water,42.10804,-84.36212,2019,7/9/2019,,EPA 537.1,,,ng/L,,,,0.00,0.00,0.30,,0.24,0.00,,,,,,,,,,,0.00,0.00,0.68,,,,,,,,,,,,,,,,,,0.00,0.00,,,0.00,,,0.00,,,,,,,
Michigan_MPART_Surface_Water,Mill Creek | 51-MLC-0180,Surface Water,43.1241,-82.8926,2023,9/7/2023,,EPA 537.1,,,ng/L,,,,,0.00,,0.62,0.00,0.00,,0.00,,,,,,,,,0.00,0.00,,,,,,,,,,,,,,,,,,,,,,,,,,,0.00,,,,,,
Michigan_MPART_Surface_Water,Bad River | 50-BD-0200,Surface Water,43.3071,-84.3688,2023,11/1/2023,,EPA 537.1,,,ng/L,2.10,,,0.00,0.00,,0.72,0.00,0.00,,0.00,,,,,,,,,0.00,0.79,,,,,,,,,,,,,,,,,,,0.00,,,,,,,,0.00,0.00,,,,,
Michigan_MPART_Surface_Water,Mill Creek | 51-MLC-0180,Surface Water,43.1241,-82.8926,2023,7/11/2023,,EPA 537.1,,,ng/L,,,,,0.00,,,0.35,0.00,,0.00,,,,,,,,,0.00,0.49,,,,,,,,,,,,,,,,,,,,,,,,,,,0.00,0.32,,,,,
Michigan_MPART_Surface_Water,North Branch Mill Creek | 51-NMLC-0010,Surface Water,43.12402,-82.89623,2023,7/6/2023,,EPA 537.1,,,ng/L,1.50,0.80,,0.00,0.23,0.69,0.64,0.48,0.00,,0.00,,,,,,,,0.80,0.00,1.50,3.50,,,,,,,,,,,,,,,,,,0.00,,,,,,,,0.00,0.00,,,,,
Michigan_MPART_Surface_Water,Brush Creek | 52-BRSH-0080,Surface Water,42.1471,-86.0658,2019,11/13/2019,,EPA 537.1,,,ng/L,,0.85,,0.00,0.27,0.40,,0.51,0.00,,,,,,,,,,,0.00,0.33,,,,,,,,,,,,,,,,,,,0.00,0.00,,,0.00,,,,,,,,,,
Michigan_MPART_Surface_Water,North Branch White River | 45-NWR-0040,Surface Water,43.5699,-86.21,2022,5/10/2022,,EPA 537.1,,,ng/L,,,,0.00,0.00,,,0.24,0.00,,0.00,,,,,,,,,0.00,0.21,,,,,,,,,,,,,,,,,,,0.00,,,,,,,,0.00,0.00,,,,,
Michigan_MPART_Surface_Water,South Ore Creek | 24-SOC-0100,Surface Water,42.54936,-83.778463,2021,7/7/2021,,EPA 537.1,,,ng/L,1.20,,,0.79,0.59,0.58,,1.10,0.00,,0.00,,,,,,,,,0.00,,4.00,,,,,,,,,,,,,,,,,,0.00,,,,,,,,0.00,0.00,,,,,
Michigan_MPART_Surface_Water,North Branch Thunder Bay River | 59-NTBR-0040,Surface Water,45.178436,-83.626343,2021,9/20/2021,,EPA 537.1,,,ng/L,,0.92,,0.00,0.44,,,0.00,0.00,,0.00,,,,,,,,,0.00,0.00,,,,,,,,,,,,,,,,,,,0.00,,,,,,,,0.00,0.00,,,,,
Michigan_MPART_Surface_Water,Shiawassee River | 50-SW-0440,Surface Water,42.7922,-83.6349,2022,9/8/2022,,EPA 537.1,,,ng/L,,1.20,,0.00,0.38,,0.89,0.73,0.00,,0.00,,,,,,,,1.00,0.00,0.95,2.70,,,,,,,,,,,,,,,,,,0.00,,,,,,,,0.00,0.00,,,,,
Michigan_MPART_Surface_Water,Baldwin River | 45-BR-0040,Surface Water,43.925834,-85.801512,2019,7/8/2019,,EPA 537.1,,,ng/L,,1.20,,0.00,0.49,0.25,0.56,0.70,0.00,,,,,,,,,,,0.00,0.00,,,,,,,,,,,,,,,,,,,0.00,0.30,,,0.00,,,0.00,,,,,,,
Michigan_MPART_Surface_Water,Beebe Creek | 52-BBC-0100,Surface Water,41.9565,-84.5011,2022,5/11/2022,,EPA 537.1,,,ng/L,,,,0.00,0.00,,0.70,0.50,0.00,,0.00,,,,,,,,0.48,0.00,0.45,,,,,,,,,,,,,,,,,,,0.00,,,,,,,,0.00,0.00,,,,,
Michigan_MPART_Surface_Water,Pinnebog River | 46-PBR-0150,Surface Water,43.84428,-83.16207,2023,11/8/2023,,EPA 537.1,,,ng/L,,,,0.00,0.00,,0.84,0.27,0.00,,0.00,,,,,,,,0.64,0.00,,3.10,,,,,,,,,,,,,,,,,,,,,,,,,,0.00,,,,,,
Michigan_MPART_Surface_Water,Saginaw Bay | 30-SB-0010,Surface Water,43.94167,-83.623892,2019,11/19/2019,,EPA 537.1,,,ng/L,1.30,1.40,,0.00,0.26,0.83,1.40,0.81,0.00,,,,,,,,,,0.98,0.00,0.61,,,,,,,,,,,,,,,,,,,0.00,0.00,,,0.00,,,0.36,,,,,,,
Michigan_MPART_Surface_Water,Salt River | 61-SR-0030,Surface Water,43.6962,-84.4429,2020,9/15/2020,,EPA 537.1,,,ng/L,,,,0.00,0.00,,0.55,0.36,0.00,,0.00,,,,,,,,1.10,0.00,1.30,2.70,,,,,,,,,,,,,,,,,,0.00,,,,,,,,0.00,0.00,,,,,
Michigan_MPART_Surface_Water,Porter Creek | 23-PTC-0040,Surface Water,43.1022,-83.9908,2020,11/11/2020,,EPA 537.1,,,ng/L,0.87,,,0.00,0.00,,,0.00,0.00,,0.00,,,,,,,,,0.00,0.35,,,,,,,,,,,,,,,,,,,0.00,,,,,,,1.30,0.00,0.00,,,,,
Michigan_MPART_Surface_Water,Lost Creek | 09-LC-0010,Surface Water,46.75637,-89.678,2023,11/7/2023,,EPA 537.1,,,ng/L,,,,0.00,0.00,,,0.00,0.00,,0.00,,,,,,,,,0.00,0.00,,,,,,,,,,,,,,,,,,,0.00,,,,0.00,,,,0.00,0.00,,,,,
Michigan_MPART_Surface_Water,Pinnebog River | 46-PBR-0020,Surface Water,43.993146,-83.075819,2021,11/9/2021,,EPA 537.1,,,ng/L,0.60,,,0.00,0.00,,0.88,0.00,0.00,,0.00,,,,,,,,0.89,0.00,,2.70,,,,,,,,,,,,,,,,,,0.00,,,,,,,,0.00,0.00,,,,,
Michigan_MPART_Surface_Water,Shiawassee River | 50-SW-0440,Surface Water,42.7922,-83.6349,2022,7/7/2022,,EPA 537.1,,,ng/L,,1.10,,0.00,0.37,0.53,1.00,0.80,0.00,,0.00,,,,,,,,0.93,0.00,0.79,3.20,,,,,,,,,,,,,,,,,,0.00,,,,,,,,0.00,0.00,,,,,
Michigan_MPART_Surface_Water,Trib between Kimball Lk and Rye | 42-UKL-0010,Surface Water,43.46725,-85.83378,2023,11/2/2023,,EPA 537.1,,,ng/L,0.72,0.97,,0.00,0.00,,0.57,0.59,0.00,,0.00,,,,,,,,0.56,0.00,0.47,2.70,,,,,,,,,,,,,,,,,,,,,,,,,,0.00,,,0.38,,,
Michigan_MPART_Surface_Water,Barber Creek | 08-BRC-0040,Surface Water,42.42057,-86.06133,2022,9/6/2022,,EPA 537.1,,,ng/L,,,,0.00,0.00,,,0.00,0.00,,0.00,,,,,,,,,0.00,0.00,,,,,,,,,,,,,,,,,,,0.00,,,,,,,,0.00,0.00,,,,,
Michigan_MPART_Surface_Water,Black River | 09-BLK-0130,Surface Water,46.44981,-90.01707,2023,9/20/2023,,EPA 537.1,,,ng/L,,,,0.00,0.00,,0.86,0.68,0.00,,0.00,,,,,,,,,0.00,0.00,3.90,,,,,,,,,,,,,,,,,,0.00,,,,0.00,,,,0.00,0.00,,,,,
Michigan_MPART_Surface_Water,Macon Creek | 48-MC-0130,Surface Water,41.99163,-83.74988,2020,5/27/2020,,EPA 537.1,,,ng/L,1.60,,,0.00,0.43,0.76,1.60,1.20,0.00,,,,,,,,,,,0.00,,,,,,,,,,,,,,,,,,,,0.00,0.00,,,0.00,,,,0.00,0.00,,0.00,,,
Michigan_MPART_Surface_Water,Pigeon River | 08-PR-140,Surface Water,42.9328,-86.0524,2021,5/12/2021,,EPA 537.1,,,ng/L,1.20,,,0.34,0.31,1.30,,1.80,0.00,,0.00,,,,,,,,,0.00,,4.60,,,,,,,,,,,,,,,,,,,,,,,,,,0.00,,,,,,
Michigan_MPART_Surface_Water,Black River | 09-BLK-0130,Surface Water,46.44981,-90.01707,2023,11/7/2023,,EPA 537.1,,,ng/L,,,,0.00,0.00,,,0.00,0.00,,0.00,,,,,,,,,0.00,0.00,2.40,,,,,,,,,,,,,,,,,,0.00,,,,0.00,,,,0.00,0.00,,,,,
Michigan_MPART_Surface_Water,Saddler Creek | 01-SC-0030,Surface Water,44.2496,-83.6495,2022,7/14/2022,,EPA 537.1,,,ng/L,,,,0.00,0.00,,,0.00,0.00,,0.00,,,,,,,,,0.00,0.27,,,,,,,,,,,,,,,,,,,0.00,,,,,,,,0.00,0.00,,,,,
Michigan_MPART_Surface_Water,Plum Brook | 17-PB-0130,Surface Water,42.5925,-83.04211,2022,11/9/2022,,EPA 537.1,,,ng/L,,,,1.10,0.95,,,,0.37,,0.00,,,,,,,,,1.00,,,,,,,,,,,,,,,,,,,,0.00,,,,,,,,0.24,0.00,,,,,
Michigan_MPART_Surface_Water,Butternut Creek | 58-BN-0030,Surface Water,42.5915,-84.8107,2021,5/5/2021,,EPA 537.1,,,ng/L,,1.30,,0.29,0.00,0.73,0.97,0.27,0.00,,0.00,,,,,,,,0.60,0.00,0.86,,,,,,,,,,,,,,,,,,,0.00,,,,,,,,0.00,0.00,,,,,
Michigan_MPART_Surface_Water,Begunn Creek | 28-BG-0011,Surface Water,47.2472,-88.5155,2023,9/26/2023,,EPA 537.1,,,ng/L,,,,1.70,0.91,0.94,,,0.00,,0.00,,,,,,,,,0.00,,4.30,,,,,,,,,,,,,,,,3.30,,0.00,,,,,,,,0.00,0.00,,,,,
Michigan_MPART_Surface_Water,Dickerson Creek | 36-DIC-0190,Surface Water,43.19666,-85.1894,2022,11/3/2022,,EPA 537.1,,,ng/L,0.62,0.81,,0.00,0.00,,0.75,0.53,0.00,,0.00,,,,,,,,0.52,0.00,0.99,3.40,,,,,,,,,,,,,,,,,,0.00,,,,,,,,0.00,0.00,,,,,
Michigan_MPART_Surface_Water,Beebe Creek | 52-BBC-0100,Surface Water,41.9565,-84.5011,2022,7/6/2022,,EPA 537.1,,,ng/L,1.20,1.10,,0.00,0.56,,0.85,0.66,0.00,,0.00,,,,,,,,0.71,0.00,0.38,,,,,,,,,,,,,,,,,,,,,,,,,,,0.00,,,,,,
Michigan_MPART_Surface_Water,Plum Creek | 44-PC-0030,Surface Water,41.90237,-83.39379,2022,11/8/2022,,EPA 537.1,,,ng/L,,,,0.00,0.39,1.20,,0.81,0.00,,0.00,,,,,,,,,0.00,,,,,,,,,,,,,,,,,,,,0.00,,,,,,,,0.00,0.27,,,,,
Michigan_MPART_Surface_Water,Trib to Crockery Creek | 36-UCC-0020,Surface Water,43.05896,-86.02386,2023,5/10/2023,,EPA 537.1,,,ng/L,,,,0.00,0.00,,,0.00,0.00,,0.00,,,,,,,,,0.00,0.00,,,,,,,,,,,,,,,,,,,0.00,,,,,,,,0.00,0.00,,,,,
Michigan_MPART_Surface_Water,Cedar Creek | 45-CDC-0060,Surface Water,43.809,-85.8533,2020,11/3/2020,,EPA 537.1,,,ng/L,,,,0.00,0.00,,,0.40,0.00,,0.00,,,,,,,,,0.00,0.27,,,,,,,,,,,,,,,,,,,0.00,,,,,,,,0.00,0.00,,,,,
Michigan_MPART_Surface_Water,Saginaw Bay | 30-SB-0010,Surface Water,43.94167,-83.623892,2019,7/1/2019,,EPA 537.1,,,ng/L,1.30,,,0.00,0.46,0.77,1.10,0.84,0.00,,,,,,,,,,1.00,0.00,0.63,,,,,,,,,,,,,,,,,,,0.00,0.00,,,0.00,,,0.00,,,,,,,
Michigan_MPART_Surface_Water,Fawn River | 52-FWNR-0360,Surface Water,41.7746,-85.3107,2023,9/25/2023,,EPA 537.1,,,ng/L,,,,,0.00,,1.00,0.36,0.00,,0.00,,,,,,,,,,0.95,,,,,,,,,,,,,,,,,,,,,,,,,,,0.00,,,,,,
Michigan_MPART_Surface_Water,Saginaw Bay | 30-SB-0060,Surface Water,43.846948,-83.562505,2019,11/19/2019,,EPA 537.1,,,ng/L,5.10,1.40,,0.00,0.31,0.75,0.94,0.75,0.00,,,,,,,,,,0.78,0.00,0.45,1.70,,,,,,,,,,,,,,,,,,0.00,0.00,,,0.00,,,,,,,,,,
Michigan_MPART_Surface_Water,Pere Marquette River | 45-PM-0110,Surface Water,43.92225,-85.97699,2022,9/6/2022,,EPA 537.1,,,ng/L,,,,0.00,0.00,,,0.00,0.00,,0.00,,,,,,,,,0.00,0.00,,,,,,,,,,,,,,,,,,,0.00,,,,,,,,0.00,0.00,,,,,
Michigan_MPART_Surface_Water,Sashabaw Creek | 17-SBC-0050,Surface Water,42.7211,-83.35254,2020,5/28/2020,,EPA 537.1,,,ng/L,,,,0.47,1.10,,,,0.00,,,,,,,,,,,0.40,,,,,,,,,,,,,,,,,,,,0.00,0.00,,,0.00,,,0.60,0.00,0.00,,0.00,,,
Michigan_MPART_Surface_Water,Pipestone Creek | 52-PC-0060,Surface Water,42.05786,-86.35472,2021,9/15/2021,,EPA 537.1,,,ng/L,,,,,0.00,,,0.00,0.00,,0.00,,,,,,,,,0.00,0.87,,,,,,,,,,,,,,,,,,,,,,,,,,,0.00,0.32,,,,,
Michigan_MPART_Surface_Water,Adams Drain | 50-AD-0010,Surface Water,42.815,-83.72548,2023,5/3/2023,,EPA 537.1,,,ng/L,,,,0.00,0.23,,,0.80,0.00,,0.00,,,,,,,,,0.00,,,,,,,,,,,,,,,,,,,,0.00,,,,0.00,,,,0.00,0.00,,,,,
Michigan_MPART_Surface_Water,Mill Creek | 51-MLC-0180,Surface Water,43.1241,-82.8926,2023,9/7/2023,,EPA 537.1,,,ng/L,0.58,,,,0.00,0.57,0.66,0.00,0.00,,0.00,3.00,,,,,,,,0.00,0.36,,,,,,,,,,,,,,,,,,,,,,,,,,,0.00,,,,,,
Michigan_MPART_Surface_Water,Trib to Cold Creek | 52-UCC-0030,Surface Water,41.9563,-84.9858,2023,5/10/2023,,EPA 537.1,,,ng/L,,,,0.00,0.00,,,0.37,0.00,,0.00,,,,,,,,1.30,0.00,0.00,,,,,,,,,,,,,,,,,,,0.00,,,,,,,0.97,0.00,0.00,,,,,
Michigan_MPART_Surface_Water,Stony Brook | 47-STB-0020,Surface Water,43.56639,-84.96735,2021,9/14/2021,,EPA 537.1,,,ng/L,,,,0.00,0.00,,,0.00,0.00,,0.00,,,,,,,,,0.28,0.63,,,,,,,,,,,,,,,,,,,0.00,,,,,,,,0.00,0.00,,,,,
Michigan_MPART_Surface_Water,Johnson Creek | 01-JC-0040,Surface Water,44.19122,-83.85406,2019,5/1/2019,,EPA 537.1,,,ng/L,,0.86,,0.00,0.00,0.33,0.88,0.70,0.00,,,,,,,,,,0.59,0.00,0.54,,,,,,,,,,,,,,,,,,,,0.43,,,0.00,,,,,,,,,,
Michigan_MPART_Surface_Water,Dickerson Creek | 36-DIC-0150,Surface Water,43.1934,-85.1557,2023,5/9/2023,,EPA 537.1,,,ng/L,,0.97,,0.00,0.00,,,0.68,0.00,,0.00,,,,,,,,,0.00,1.10,,,,,,,,,,,,,,,,,,,,,,,,,,,0.00,,,,,,
Michigan_MPART_Surface_Water,Pine Creek | 39-PC-0140,Surface Water,43.2337,-84.6708,2020,7/9/2020,,EPA 537.1,,,ng/L,,1.20,,0.00,0.26,0.81,0.74,0.53,0.00,,,,,,,,,,1.20,0.00,1.00,,,,,,,,,,,,,,,,,,,0.00,0.00,,,0.00,,,0.42,0.00,0.00,,0.00,,,
Michigan_MPART_Surface_Water,Unnamed trib to Little Rainy Ri | 07-ULRR-0010,Surface Water,45.3107,-84.1959,2020,5/26/2020,,EPA 537.1,,,ng/L,1.70,1.10,,0.00,0.00,0.44,1.40,0.88,0.00,,,3.90,,,,,,,1.30,0.00,1.10,,,,,,,,,,,,,,,,,,,0.00,0.00,,,0.00,,,0.69,0.00,0.00,,0.00,,,
Michigan_MPART_Surface_Water,Elliot Branch (Smith Drain) | 14-SD-0030,Surface Water,43.27959,-83.67197,2019,7/10/2019,,EPA 537.1,,,ng/L,1.10,,,0.00,0.00,0.83,1.80,0.89,0.00,,,,,,,,,,1.70,0.00,,,,,,,,,,,,,,,,,,,,,0.00,,,0.00,,,,,,,,,,
Michigan_MPART_Surface_Water,Chippewa River | 47-CHIP-0120,Surface Water,43.62304,-84.62978,2019,9/11/2019,,EPA 537.1,,,ng/L,1.00,1.30,,0.00,0.52,0.53,1.40,0.61,0.00,,,,,,,,,,1.20,0.00,0.95,,,,,,,,,,,,,,,,,,,0.00,0.00,,,0.00,,,0.58,,,,,,,
Michigan_MPART_Surface_Water,Chief Creek Drain | 01-CCD-0045,Surface Water,44.084606,-83.740528,2022,9/20/2022,,EPA 537.1,,,ng/L,,,,0.00,0.00,,0.82,0.60,0.00,,0.00,,,,,,,,,0.00,0.85,,,,,,,,,,,,,,,,,,,0.00,,,,,,,,0.00,0.00,,,,,
Michigan_MPART_Surface_Water,Macon Creek | 48-MC-0130,Surface Water,41.99163,-83.74988,2020,7/8/2020,,EPA 537.1,,,ng/L,1.50,1.10,,0.00,0.42,0.42,1.10,0.40,0.00,,,,,,,,,,1.50,0.00,0.98,1.50,,,,,,,,,,,,,,,,,,0.00,0.00,,,0.00,,,0.33,0.00,0.00,,0.00,,,
Michigan_MPART_Surface_Water,North Branch Pine River | 37-NPR-0040,Surface Water,44.13452,-85.52586,2023,5/1/2023,,EPA 537.1,,,ng/L,,,,0.00,0.00,,,0.23,0.00,,0.00,,,,,,,,,0.00,0.41,,,,,,,,,,,,,,,,,,,0.00,,,,,,,,0.00,0.00,,,,,
Michigan_MPART_Surface_Water,Betts Creek | 42-BTC-0010,Surface Water,43.6057,-85.5409,2022,9/1/2022,,EPA 537.1,,,ng/L,,,,0.00,0.00,,,0.00,0.00,,0.00,,,,,,,,,0.00,0.00,,,,,,,,,,,,,,,,,,,0.00,,,,,,,,0.00,0.00,,,,,
Michigan_MPART_Surface_Water,Baldwin River | 45-BR-0040,Surface Water,43.925834,-85.801512,2019,5/6/2019,,EPA 537.1,,,ng/L,,,,0.00,0.00,0.31,,0.00,0.00,,,,,,,,,,,0.00,0.00,,,,,,,,,,,,,,,,,,,0.00,0.00,,,0.00,,,,,,,,,,
Michigan_MPART_Surface_Water,South Branch Tobacco River | 61-STOR-0060,Surface Water,43.8454,-84.6535,2020,9/15/2020,,EPA 537.1,,,ng/L,1.00,0.89,,0.00,0.00,0.81,0.68,0.48,0.00,,0.00,,,,,,,,0.57,0.00,0.82,,,,,,,,,,,,,,,,,,,0.00,,,,,,,,0.00,0.00,,,,,
Michigan_MPART_Surface_Water,Canada Creek | 07-CC-0080,Surface Water,45.11577,-84.1976,2019,5/1/2019,,EPA 537.1,,,ng/L,,,,,0.00,0.30,,0.34,0.00,,,,,,,,,,,0.00,0.00,,,,,,,,,,,,,,,,,,,,0.00,,,0.00,,,,,,,,,,
Michigan_MPART_Surface_Water,Black River | 51-BK-0002,Surface Water,42.973564,-82.42029,2001,3/19/2001,,Undisclosed,,,ng/L,,,,,,,,,,,,,,,,,,,,,,,,,,,,,,,,,,,,,,,,,,,,,,,,,,,,,,
Michigan_MPART_Surface_Water,Cedar Creek | 45-CDC-0060,Surface Water,43.809,-85.8533,2020,6/30/2020,,EPA 537.1,,,ng/L,,,,0.00,0.00,0.35,0.48,0.42,0.00,,,,,,,,,,0.64,0.00,0.30,,,,,,,,,,,,,,,,,,,0.00,0.00,,,0.00,,,0.78,0.00,0.00,,0.00,,,
Michigan_MPART_Surface_Water,Detroit River Downstream | 19-DR-1000,Surface Water,42.05417,-83.152504,2019,7/25/2019,,EPA 537.1,,,ng/L,1.60,1.60,,0.00,0.27,0.80,,0.71,0.00,,,,,,,,,,,0.00,0.00,,,,,,,,,,,,,,,,,,,0.00,0.00,,,0.00,,,,,,,,,,
Michigan_MPART_Surface_Water,Paint Creek Drain | 17-PCD-0030,Surface Water,42.7964,-83.2915,2022,7/7/2022,,EPA 537.1,,,ng/L,,1.50,,0.00,0.25,0.65,,0.61,0.00,,0.00,,,,,,,,,0.00,,3.60,,,,,,,,,,,,,,,,,,0.00,,,,,,,,0.00,0.00,,,,,
Michigan_MPART_Surface_Water,Pere Marquette River | 45-PM-0110,Surface Water,43.92225,-85.97699,2023,5/1/2023,,EPA 537.1,,,ng/L,,,,0.00,0.00,,,0.00,0.00,,0.00,,,,,,,,,0.00,0.00,,,,,,,,,,,,,,,,,,,0.00,,,,0.00,,,,0.00,0.00,,,,,
Michigan_MPART_Surface_Water,Quaker Brook | 58-QKB-0030,Surface Water,42.582,-85.087,2020,7/1/2020,,EPA 537.1,,,ng/L,,0.71,,0.00,0.00,0.30,0.48,0.35,0.00,,,,,,,,,,0.58,0.00,0.37,,,,,,,,,,,,,,,,,,,0.00,0.00,,,0.00,,,0.43,0.00,0.00,,0.00,,,
Michigan_MPART_Surface_Water,Grand Traverse Bay | 31-GTBE-0020,Surface Water,44.94667,-85.436671,2019,9/11/2019,,EPA 537.1,,,ng/L,3.80,,,0.00,0.27,0.84,1.40,0.80,0.00,,,1.80,,,,,,,1.10,0.00,0.00,1.30,,,,,,,,,,,,,,,,,,0.00,0.00,,,0.00,,,,,,,,,,
Michigan_MPART_Surface_Water,Pine Creek | 52-PN2-0010,Surface Water,42.1115,-85.2518,2022,9/6/2022,,EPA 537.1,,,ng/L,,,,0.00,0.00,,,0.57,0.00,,0.00,,,,,,,,,0.00,0.78,2.20,,,,,,,,,,,,,,,,,,0.00,,,,,,,,0.00,0.00,,,,,
Michigan_MPART_Surface_Water,Betts Creek | 42-BTC-0010,Surface Water,43.6057,-85.5409,2023,11/2/2023,,EPA 537.1,,,ng/L,,,,,0.00,,,0.00,0.00,,0.00,,,,,,,,,0.00,0.00,,,,,,,,,,,,,,,,,,,,,,,,,,,0.00,,,0.40,,,
Michigan_MPART_Surface_Water,Pinnebog River | 46-PBR-0020,Surface Water,43.993146,-83.075819,2021,7/7/2021,,EPA 537.1,,,ng/L,2.40,0.85,,0.41,0.31,,1.30,0.37,0.00,,0.00,,,,,,,,0.86,0.00,,4.20,,,,,,,,,,,,,,,,,,0.00,,,,,,,,0.00,0.00,,,,,
Michigan_MPART_Surface_Water,Pine River | 47-PR-0325,Surface Water,43.32517,-84.84424,2019,7/2/2019,,EPA 537.1,,,ng/L,,0.92,,0.00,0.29,0.41,0.57,0.47,0.00,,,,,,,,,,,0.00,0.40,,,,,,,,,,,,,,,,,,,0.00,0.00,,,0.00,,,0.00,,,,,,,
Michigan_MPART_Surface_Water,Unnamed trib to Carruthers Drai | 52-UCD-0020,Surface Water,41.7908,-84.6881,2020,7/8/2020,,EPA 537.1,,,ng/L,,1.10,,0.00,0.00,0.35,1.40,0.68,0.00,,,,,,,,,,1.50,0.00,0.64,,,,,,,,,,,,,,,,,,,0.00,0.00,,,0.00,,,0.73,0.00,0.00,,0.00,,,
Michigan_MPART_Surface_Water,Saint Joseph River | 52-SJ-0085,Surface Water,41.846741,-86.267583,2021,7/1/2021,,EPA 537.1,,,ng/L,,,,0.64,0.39,1.10,1.50,0.92,0.00,,0.00,,,,,,,,1.50,0.00,1.60,,,,,,,,,,,,,,,,,,,0.00,,,,,,,,0.00,0.00,,,,,
Michigan_MPART_Surface_Water,Baldwin River | 45-BR-0040,Surface Water,43.925834,-85.801512,2019,9/16/2019,,EPA 537.1,,,ng/L,,1.10,,0.00,0.51,0.31,0.64,0.79,0.00,,,,,,,,,,,0.00,0.35,,,,,,,,,,,,,,,,,,,0.00,0.00,,,0.00,,,0.95,,,,,,,
Michigan_MPART_Surface_Water,Veenboer Drain | 36-VBD-0005,Surface Water,43.30262,-85.70901,2022,7/5/2022,,EPA 537.1,,,ng/L,,0.99,,0.00,0.00,0.55,0.60,0.00,0.00,,0.00,,,,,,,,,0.00,0.60,2.20,,,,,,,,,,,,,,,,,,0.00,,,,,,,,0.00,0.00,,,,,
Michigan_MPART_Surface_Water,BEAN CREEK (FITTS CREEK) | 60-BC-0450,Surface Water,41.98818,-84.324384,2022,7/6/2022,,EPA 537.1,,,ng/L,,,,0.91,0.92,0.54,1.60,1.40,0.00,,0.00,,,,,,,,1.20,0.00,0.76,4.10,,,,,,,,,,,,,,,,,,0.00,,,,,,,,0.00,0.00,,,,,
Michigan_MPART_Surface_Water,Custer County Drain | 51-CCD-0040,Surface Water,43.4789,-82.8653,2020,7/7/2020,,EPA 537.1,,,ng/L,,0.73,,0.00,0.29,0.45,,0.27,0.00,,,,,,,,,,0.56,0.00,0.55,,,,,,,,,,,,,,,,,,,0.00,0.00,,,0.00,,,0.50,0.00,0.00,,0.00,,,
Michigan_MPART_Surface_Water,Fox River | 38-FR-100,Surface Water,46.4002,-86.0275,2023,9/27/2023,,EPA 537.1,,,ng/L,,,,0.00,0.00,,,0.00,0.00,,0.00,,,,,,,,,0.00,0.00,,,,,,,,,,,,,,,,,,,0.00,,,,,,,,0.00,0.00,,,,,
Michigan_MPART_Surface_Water,South Branch White River | 45-SWR-0130,Surface Water,43.56257,-85.86224,2021,9/14/2021,,EPA 537.1,,,ng/L,,0.80,,0.00,0.00,,,0.00,0.00,,0.00,,,,,,,,,0.28,0.00,2.80,,,,,,,,,,,,,,,,,,0.00,,,,,,,,0.00,0.00,,,,,
Michigan_MPART_Surface_Water,Brush Creek | 52-BRSH-0080,Surface Water,42.1471,-86.0658,2020,5/20/2020,,EPA 537.1,,,ng/L,1.00,1.10,,0.00,0.33,0.37,0.66,0.60,0.00,,,,,,,,,,0.85,0.00,0.40,,,,,,,,,,,,,,,,,,,0.00,0.00,,,0.00,,,0.96,0.00,0.00,,0.00,,,
Michigan_MPART_Surface_Water,Unnamed Trib to South Branch Li | 61-LGD-0010,Surface Water,44.045272,-84.456811,2022,9/20/2022,,EPA 537.1,,,ng/L,,0.98,,0.00,0.00,,0.83,0.60,0.00,,0.00,,,,,,,,0.87,0.00,1.00,3.70,,,,,,,,,,,,,,,,,,0.00,,,,,,,,0.00,0.00,,,,,
Michigan_MPART_Surface_Water,Barber Creek | 08-BRC-0040,Surface Water,42.42057,-86.06133,2022,7/5/2022,,EPA 537.1,,,ng/L,0.56,0.90,,0.00,0.00,,0.53,0.23,0.00,,0.00,,,,,,,,,0.00,0.63,,,,,,,,,,,,,,,,,,,0.00,,,,0.00,,,,0.00,0.00,,,,,
Michigan_MPART_Surface_Water,Little Ocqueoc River | 35-LOCR-0010,Surface Water,45.4073,-84.0288,2019,5/1/2019,,EPA 537.1,,,ng/L,,,,0.00,0.00,0.37,,0.00,0.00,,,,,,,,,,,0.00,0.00,,,,,,,,,,,,,,,,,,,0.00,0.00,,,0.00,,,,,,,,,,
Michigan_MPART_Surface_Water,Pokagon Creek | 52-PKC-0080,Surface Water,41.89671,-86.09766,2019,5/7/2019,,EPA 537.1,,,ng/L,,,,0.00,0.26,0.36,,0.45,0.00,,,,,,,,,,,0.00,0.38,,,,,,,,,,,,,,,,,,,,0.29,,,0.00,,,,,,,,,,
Michigan_MPART_Surface_Water,Williams Creek | 42-WC-0100,Surface Water,43.4195,-85.8794,2019,9/16/2019,,EPA 537.1,,,ng/L,,,,0.00,0.00,0.32,,0.00,0.00,,,,,,,,,,,0.00,0.51,1.10,,,,,,,,,,,,,,,,,,0.00,0.00,,,0.00,,,0.67,,,,,,,
Michigan_MPART_Surface_Water,Wolf Creek | 59-WC-0030,Surface Water,44.946,-83.6393,2023,11/13/2023,,EPA 537.1,,,ng/L,,,,0.00,0.00,,,0.25,0.00,,0.00,,,,,,,,,0.00,0.40,2.40,,,,,,,,,,,,,,,,,,,,,,,,,,0.00,,,,,,
Michigan_MPART_Surface_Water,Au Sable River | 02-AS-0498,Surface Water,44.65914,-84.038839,2021,7/6/2021,,EPA 537.1,,,ng/L,0.52,,,0.44,0.26,0.55,0.68,0.24,0.18,1.50,0.00,,0.45,,,,,,0.48,0.00,0.00,,,,,,,,,,,1.10,,,,,,1.30,,0.31,0.71,,,,1.30,,0.95,0.23,0.31,,0.39,,,
Michigan_MPART_Surface_Water,Saginaw Bay | 30-SB-0050,Surface Water,43.738337,-83.640837,2019,11/19/2019,,EPA 537.1,,,ng/L,4.30,1.20,,0.00,0.30,0.91,1.50,0.77,0.00,,,,,,,,,,1.30,0.00,1.10,,,,,,,,,,,,,,,,,,,0.00,0.00,,,0.00,,,,,,,,,,
Michigan_MPART_Surface_Water,South Branch Tobacco River | 61-STOR-0060,Surface Water,43.8454,-84.6535,2020,11/4/2020,,EPA 537.1,,,ng/L,,,,0.00,0.00,0.82,0.56,0.32,0.00,,0.00,,,,,,,,0.48,0.00,0.94,,,,,,,,,,,,,,,,,,,0.00,,,,,,,,0.00,0.00,,,,,
Michigan_MPART_Surface_Water,Manistee River | 37-MAN-0750,Surface Water,44.58835,-85.07821,2020,7/9/2020,,EPA 537.1,,,ng/L,,,,0.00,0.00,0.39,,0.00,0.00,,,,,,,,,,,0.00,0.00,0.57,,,,,,,,,,,,,,,,,,0.00,0.00,,,0.00,,,0.49,0.00,0.00,,0.00,,,
Michigan_MPART_Surface_Water,Mill Creek | 51-MLC-0180,Surface Water,43.1241,-82.8926,2023,9/20/2023,,EPA 537.1,,,ng/L,,,,,0.00,,,0.00,0.00,,0.00,,,,,,,,,0.00,0.00,,,,,,,,,,,,,,,,,,,,,,,,,,,0.00,,,,,,
Michigan_MPART_Surface_Water,Flint River | 23-FR-0030,Surface Water,43.318892,-83.992781,2020,5/27/2020,,EPA 537.1,,,ng/L,,,,0.00,0.53,,,1.30,0.00,,,,,,,,,,,0.37,,,,,,,,,,,,,,,,,,,,0.00,0.00,,,0.00,,,0.49,0.00,0.00,,0.00,,,
Michigan_MPART_Surface_Water,Mill Creek | 51-MLC-0180,Surface Water,43.1241,-82.8926,2023,7/10/2023,,EPA 537.1,,,ng/L,,,,0.00,0.00,,,0.00,0.00,,0.00,,,,,,,,,0.00,0.43,,,,,,,,,,,,,,,,,,,0.00,,,,,,,,0.00,0.00,,,,,
Michigan_MPART_Surface_Water,Unnamed Trib to Kalamazoo River | 25-UKR1-0020,Surface Water,42.480481,-85.836746,2021,9/15/2021,,EPA 537.1,,,ng/L,,,,,0.00,,,0.00,0.00,,0.00,,,,,,,,,,0.21,,,,,,,,,,,,,,,,,,,,,,,,,,,0.00,0.33,,,,,
Michigan_MPART_Surface_Water,Plum Creek | 44-PC-0030,Surface Water,41.90237,-83.39379,2022,7/6/2022,,EPA 537.1,,,ng/L,,,,0.79,0.72,0.71,,1.40,0.00,,0.00,,,,,,,,,0.00,,,,,,,,,,,,,,,,,,,,,,,,,,,,0.00,,,,,,
Michigan_MPART_Surface_Water,Grand Traverse Bay | 31-GTBW-0010,Surface Water,44.795837,-85.610003,2019,7/2/2019,,EPA 537.1,,,ng/L,,,,0.00,0.23,0.82,1.20,0.73,0.00,,,,,,,,,,0.88,0.00,0.32,1.30,,,,,,,,,,,,,,,,,,0.00,0.00,,,0.00,,,0.00,,,,,,,
Michigan_MPART_Surface_Water,Salt Creek | 47-SC-0145,Surface Water,43.49705,-84.69179,2022,9/1/2022,,EPA 537.1,,,ng/L,0.51,,,0.00,0.00,,,0.00,0.00,,0.00,,,,,,,,,0.00,0.00,,,,,,,,,,,,,,,,,,,0.00,,,,,,,,0.00,0.00,,,,,
Michigan_MPART_Surface_Water,Mill Creek | 51-MLC-0180,Surface Water,43.1241,-82.8926,2022,5/12/2022,,EPA 537.1,,,ng/L,0.74,1.10,,0.00,0.00,0.96,0.79,0.52,0.00,,0.00,,,,,,,,0.57,0.00,1.20,4.10,,,,,,,,,,,,,,,,,,0.00,,,,,,,,0.00,0.00,,,,,
Michigan_MPART_Surface_Water,Detroit River Upstream | 19-DR-0010,Surface Water,42.352448,-82.927226,2019,5/23/2019,,EPA 537.1,,,ng/L,1.20,1.20,,0.00,0.24,0.72,0.79,0.55,0.00,,,,,,,,,,,0.00,0.24,1.50,,,,,,,,,,,,,,,,,,0.00,0.00,,,0.00,,,0.00,,,,,,,
Michigan_MPART_Surface_Water,Mill Creek | 51-MLC-0180,Surface Water,43.1241,-82.8926,2023,7/6/2023,,EPA 537.1,,,ng/L,0.65,1.00,,0.00,0.43,,0.86,0.63,0.00,,0.00,,,,,,,,0.62,0.00,0.52,3.40,,,,,,,,,,,,,,,,,,0.00,,,,,,,,0.00,0.00,,,,,
Michigan_MPART_Surface_Water,West Branch Little Muskegon Riv | 42-WLMR-0010,Surface Water,43.59037,-85.28069,2021,7/15/2021,,EPA 537.1,,,ng/L,,0.77,,0.47,0.25,,0.78,0.45,0.00,,0.00,,,,,,,,,0.00,0.47,,,,,,,,,,,,,,,,,,,0.00,,,,,,,,0.00,0.00,,,,,
Michigan_MPART_Surface_Water,Mill Creek | 51-MLC-0180,Surface Water,43.1241,-82.8926,2023,9/21/2023,,EPA 537.1,,,ng/L,1.10,1.10,,0.00,0.00,0.53,1.80,0.65,0.00,,0.00,,,,,,,,1.20,0.00,1.40,,,,,,,,,,,,,,,,,,,0.00,,,,,,,,0.00,0.00,,,,,
Michigan_MPART_Surface_Water,St. Clair River Downstream | 51-SCR-0080,Surface Water,42.649448,-82.513338,2017,11/8/2017,,EPA 537.1,,,ng/L,1.70,1.50,,0.00,0.00,0.70,0.60,0.50,0.00,,,,,,,,,,0.50,,0.20,,,,,,,,,,,,,,,,,,,0.00,0.80,,,,,,0.50,,,,,,,
Michigan_MPART_Surface_Water,Detroit River Upstream | 19-DR-0010,Surface Water,42.352448,-82.927226,2017,5/25/2017,,EPA 537.1,,,ng/L,,1.50,,,,,0.90,,,,,,,,,,,,,,,1.30,,,,,,,,,,,,,,,,,,,0.00,,,,,,,,,,,,,
Michigan_MPART_Surface_Water,Brush Creek | 52-BRSH-0080,Surface Water,42.1471,-86.0658,2019,7/9/2019,,EPA 537.1,,,ng/L,,0.92,,0.00,0.29,0.32,0.49,0.40,0.00,,,,,,,,,,,0.00,0.27,,,,,,,,,,,,,,,,,,,0.00,0.00,,,0.00,,,0.00,,,,,,,
Michigan_MPART_Surface_Water,River Raisin | 48-RR-0080,Surface Water,41.9022,-83.7179,2020,9/16/2020,,EPA 537.1,,,ng/L,0.99,1.10,,0.00,0.30,0.58,1.20,0.49,0.00,,0.00,,,,,,,,,0.00,1.20,2.90,,,,,,,,,,,,,,,,,,0.00,,,,,,,,0.00,0.00,,,,,
Michigan_MPART_Surface_Water,Mill Creek | 51-MLC-0180,Surface Water,43.1241,-82.8926,2023,7/6/2023,,EPA 537.1,,,ng/L,,1.20,,0.00,0.45,,,0.62,0.00,,0.00,,,,,,,,,0.00,,,,,,,,,,,,,,,,,,,,0.00,,,,0.00,,,,0.00,0.00,,,,,
Michigan_MPART_Surface_Water,Western Creek Shaw Branch | 62-WSB-0030,Surface Water,42.4353,-84.3598,2020,5/27/2020,,EPA 537.1,,,ng/L,0.62,0.89,,0.00,0.00,0.35,0.83,0.34,0.00,,,4.40,,,,,,,1.10,0.00,0.53,,,,,,,,,,,,,,,,,,,0.00,0.00,,,0.00,,,0.48,0.00,0.00,,0.00,,,
Michigan_MPART_Surface_Water,Boardman River | 10-BDR-0360,Surface Water,44.64782,-85.57287,2019,11/5/2019,,EPA 537.1,,,ng/L,,,,,0.00,0.40,,0.36,0.00,,,,,,,,,,,0.00,0.20,1.40,,,,,,,,,,,,,,,,,,,0.00,,,0.00,,,0.50,,,,,,,
Michigan_MPART_Surface_Water,Manistee River | 37-MAN-0600,Surface Water,44.484007,-85.355739,2021,7/15/2021,,EPA 537.1,,,ng/L,,,,0.28,0.25,,0.85,0.56,0.00,,0.00,,,,,,,,,0.00,0.39,,,,,,,,,,,,,,,,,,,0.00,,,,,,,,0.00,0.00,,,,,
Michigan_MPART_Surface_Water,Cahaogan Creek | 62-CHG-0040,Surface Water,42.44125,-84.29105,2022,7/6/2022,,EPA 537.1,,,ng/L,,,,0.00,0.00,,,0.00,0.00,,0.00,,,,,,,,,0.00,0.90,,,,,,,,,,,,,,,,,,,0.00,,,,,,,,0.00,0.00,,,,,
Michigan_MPART_Surface_Water,Ackely Creek | 25-AC-0030,Surface Water,42.399,-85.0054,2020,7/1/2020,,EPA 537.1,,,ng/L,1.20,1.30,,0.00,0.53,0.34,1.20,1.10,0.00,,,,,,,,,,1.30,0.00,0.54,,,,,,,,,,,,,,,,,,,0.00,0.00,,,0.00,,,0.28,0.00,0.00,,0.00,,,
Michigan_MPART_Surface_Water,Mud Creek | 14-MUD-0030,Surface Water,43.52189,-83.16789,2023,11/8/2023,,EPA 537.1,,,ng/L,,,,0.00,0.00,,,0.43,0.00,,0.00,,,,,,,,,0.00,0.64,,,,,,,,,,,,,,,,,,,,,,,,,,,0.00,,,,,,
Michigan_MPART_Surface_Water,Grand Traverse Bay | 31-GTBW-0020,Surface Water,44.952226,-85.561671,2019,9/11/2019,,EPA 537.1,,,ng/L,2.90,,,0.00,0.33,0.77,1.30,0.90,0.00,,,1.80,,,,,,,1.30,0.00,0.18,1.40,,,,,,,,,,,,,,,,,,0.00,0.00,,,0.00,,,,,,,,,,
Michigan_MPART_Surface_Water,North Branch Lincoln River | 45-NLR-0150,Surface Water,44.0347,-86.1411,2019,11/12/2019,,EPA 537.1,,,ng/L,,0.95,,0.00,0.00,0.46,0.59,0.77,0.00,,,,,,,,,,,0.00,0.56,,,,,,,,,,,,,,,,,,,0.00,0.45,,,0.00,,,0.60,,,,,,,
Michigan_MPART_Surface_Water,St. Clair River Upstream | 51-SCR-0500,Surface Water,42.996948,-82.424448,2019,7/25/2019,,EPA 537.1,,,ng/L,1.80,1.60,,0.00,0.27,0.74,0.86,0.60,0.00,,,,,,,,,,0.77,0.00,0.00,,,,,,,,,,,,,,,,,,,0.00,0.00,,,0.00,,,,,,,,,,
Michigan_MPART_Surface_Water,South Branch Hog Creek | 52-SHG-0100,Surface Water,41.98524,-84.86372,2021,7/8/2021,,EPA 537.1,,,ng/L,,,,0.00,0.22,,0.65,0.33,0.00,,0.00,,,,,,,,,0.00,0.30,,,,,,,,,,,,,,,,,,,0.00,,,,,,,,0.00,0.00,,,,,
Michigan_MPART_Surface_Water,Marion Iosco Drain | 62-MID-0020,Surface Water,42.5748,-84.0296,2020,9/16/2020,,EPA 537.1,,,ng/L,,,,0.00,0.00,,0.54,0.31,0.00,,0.00,,,,,,,,1.00,0.00,0.40,,,,,,,,,,,,,,,,,,,0.00,,,,,,,,0.00,0.00,,,,,
Michigan_MPART_Surface_Water,Unnamed trib to Little Rainy Ri | 07-ULRR-0010,Surface Water,45.3107,-84.1959,2020,11/10/2020,,EPA 537.1,,,ng/L,,,,0.00,0.00,,,0.36,0.00,,0.00,,,,,,,,,0.00,0.62,,,,,,,,,,,,,,,,,,,0.00,,,,,,,,0.00,0.00,,,,,
Michigan_MPART_Surface_Water,Intermediate River | 10-IR-0020,Surface Water,44.973,-85.2134,2020,5/18/2020,,EPA 537.1,,,ng/L,0.52,,,0.00,0.00,0.41,,0.32,0.00,,,,,,,,,,0.57,0.00,0.58,,,,,,,,,,,,,,,,,,,0.00,0.00,,,0.00,,,1.40,0.00,0.00,,0.00,,,
Michigan_MPART_Surface_Water,Chippewa River | 47-CHIP-0170,Surface Water,43.623615,-84.768059,2020,11/4/2020,,EPA 537.1,,,ng/L,,,,0.00,0.00,0.52,,0.41,0.00,,0.00,,,,,,,,,0.00,0.89,,,,,,,,,,,,,,,,,,,0.00,,,,,,,,0.00,0.00,,,,,
Michigan_MPART_Surface_Water,Little Maple River | 39-LMR-0120,Surface Water,42.95739,-84.427254,2021,11/8/2021,,EPA 537.1,,,ng/L,,,,,0.00,,0.74,0.67,0.00,,0.00,,,,,,,,,0.00,0.41,3.50,,,,,,,,,,,,,,,,,,,,,,,,,,0.00,,,,,,
Michigan_MPART_Surface_Water,Fletcher Drain | 51-FD-0010,Surface Water,43.27274,-82.83706,2023,11/8/2023,,EPA 537.1,,,ng/L,,,,0.00,0.00,,,0.00,0.00,,0.00,,,,,,,,,0.00,0.51,2.30,,,,,,,,,,,,,,,,,,,,,,,,,,0.00,,,,,,
Michigan_MPART_Surface_Water,Mill Creek | 51-MLC-0180,Surface Water,43.1241,-82.8926,2023,9/7/2023,,EPA 537.1,,,ng/L,1.50,,,0.00,0.00,,0.67,0.25,0.00,,0.00,,,,,,,,,0.00,0.38,,,,,,,,,,,,,,,,,,,,,,,,,,,0.00,,,,,,
Michigan_MPART_Surface_Water,Chippewa River | 47-CHIP-0260,Surface Water,43.58809,-84.88839,2023,5/9/2023,,EPA 537.1,,,ng/L,,,,0.00,0.00,,,0.43,0.00,,0.00,,,,,,,,,0.00,0.00,,,,,,,,,,,,,,,,,,,0.00,,,,,,,,0.00,0.00,,,,,
Michigan_MPART_Surface_Water,Salt River | 61-SR-0030,Surface Water,43.6962,-84.4429,2021,5/3/2021,,EPA 537.1,,,ng/L,1.20,1.10,,0.00,0.00,0.66,0.92,0.53,0.00,,0.00,,,,,,,,0.47,0.00,0.94,,,,,,,,,,,,,,,,,,,,,,,,,,,0.00,,,,,,
Michigan_MPART_Surface_Water,Flowerfield Creek | 52-FFC-0030,Surface Water,42.06745,-85.65818,2019,7/9/2019,,EPA 537.1,,,ng/L,1.40,1.10,,0.00,0.37,0.35,0.71,0.58,0.00,,,,,,,,,,,0.00,0.46,,,,,,,,,,,,,,,,,,,0.00,0.00,,,0.00,,,0.00,,,,,,,
Michigan_MPART_Surface_Water,Dickerson Creek | 36-DIC-0150,Surface Water,43.1934,-85.1557,2023,11/7/2023,,EPA 537.1,,,ng/L,,,,0.00,0.00,,0.56,0.00,0.00,,0.00,,,,,,,,,0.00,0.81,,,,,,,,,,,,,,,,,,,0.00,,,,,,,,0.00,0.00,,,,,
Michigan_MPART_Surface_Water,South Branch Pine River | 51-SPN-0080,Surface Water,42.9912,-82.7298,2019,7/16/2019,,EPA 537.1,,,ng/L,0.63,0.93,,0.00,0.31,0.32,,0.38,0.00,,,,,,,,,,,0.00,0.68,1.70,,,,,,,,,,,,,,,,,,,0.37,,,0.00,,,,,,,,,,
Michigan_MPART_Surface_Water,Stony Creek | 44-ST-0170,Surface Water,42.0229,-83.4177,2020,5/27/2020,,EPA 537.1,,,ng/L,,,,0.00,0.00,,,,0.86,,,,,,,,,,,,,,,,,,,,,,,,,,,,,,,0.00,0.00,,,0.00,,,0.49,0.00,0.00,,0.00,,,
Michigan_MPART_Surface_Water,Buck Creek | 01-BKC-0030,Surface Water,44.4194,-83.5695,2019,11/4/2019,,EPA 537.1,,,ng/L,,,,0.00,0.00,0.24,,0.00,0.00,,,,,,,,,,,0.00,0.00,,,,,,,,,,,,,,,,,,,0.00,0.00,,,0.00,,,1.20,,,,,,,
Michigan_MPART_Surface_Water,Mill Creek | 51-MLC-0180,Surface Water,43.1241,-82.8926,2023,7/19/2023,,EPA 537.1,,,ng/L,,,,0.00,0.00,,,0.00,0.00,,0.00,,,,,,,,,0.00,0.00,,,,,,,,,,,,,,,,,,,0.00,,,,0.00,,,,0.00,0.00,,,,,
Michigan_MPART_Surface_Water,Chief Creek Drain | 01-CCD-0045,Surface Water,44.084606,-83.740528,2021,9/20/2021,,EPA 537.1,,,ng/L,1.20,,,0.00,0.00,,,0.00,0.00,,0.00,,,,,,,,,0.00,0.72,,,,,,,,,,,,,,,,,,,0.00,,,,,,,,0.00,0.00,,,,,
Michigan_MPART_Surface_Water,Saginaw Bay | 30-SB-0010,Surface Water,43.94167,-83.623892,2019,7/1/2019,,EPA 537.1,,,ng/L,1.30,1.40,,0.00,0.32,0.69,1.30,0.87,0.00,,,,,,,,,,0.92,0.00,0.60,,,,,,,,,,,,,,,,,,,0.00,0.00,,,0.00,,,0.00,,,,,,,
Michigan_MPART_Surface_Water,St. Clair River Downstream | 51-SCR-0080,Surface Water,42.649448,-82.513338,2017,7/10/2017,,EPA 537.1,,,ng/L,1.50,1.00,,,,,0.90,,,,,,,,,,,,,,,1.70,,,,,,,,,,,,,,,,,,,0.90,0.40,,,,,10.00,,,,,,,
Michigan_MPART_Surface_Water,Rabbit River | 25-RR-0200,Surface Water,42.642503,-85.721671,2021,7/1/2021,,EPA 537.1,,,ng/L,,,,0.37,0.54,0.88,,,0.00,,0.00,,,,,,,,,0.00,1.90,,,,,,,,,,,,,,,,,,,,,,,,,,,0.00,,,,,,
Michigan_MPART_Surface_Water,Mill Creek | 51-MLC-0180,Surface Water,43.1241,-82.8926,2023,9/7/2023,,EPA 537.1,,,ng/L,0.60,,,,0.00,,0.68,0.00,0.00,,0.00,,,,,,,,,0.00,0.32,,,,,,,,,,,,,,,,,,,,,,,,,,,0.00,,,,,,
Michigan_MPART_Surface_Water,Mill Creek | 51-MLC-0180,Surface Water,43.1241,-82.8926,2023,7/11/2023,,EPA 537.1,,,ng/L,,1.60,,,0.00,,1.80,0.68,0.00,,0.00,,,,,,,,,0.00,1.00,2.50,,,,,,,,,,,,,,,,,,,,,,,,,,0.00,0.32,,,,,
Michigan_MPART_Surface_Water,South Branch Grand River (Headw | 62-SGR-0180,Surface Water,42.138892,-84.353059,2001,2/13/2001,,Undisclosed,,,ng/L,,,,,,,,,,,,,,,,,,,,,,,,,,,,,,,,,,,,,,,,,,,,,,,,,,,,,,
Michigan_MPART_Surface_Water,Unnamed Trib between Devoe Lake | 60-UMLD-0010,Surface Water,41.833055,-84.421124,2021,9/22/2021,,EPA 537.1,,,ng/L,,,,,0.00,,,0.00,0.00,,0.00,,,,,,,,,0.00,0.00,4.40,,,,,,,,,,,,,,,,,,,,,,,,,,0.00,0.32,,,,,
Michigan_MPART_Surface_Water,North Branch Thunder Bay River | 59-NTBR-0040,Surface Water,45.178436,-83.626343,2021,7/6/2021,,EPA 537.1,,,ng/L,0.56,,,0.32,0.42,0.60,0.75,0.67,0.20,1.60,0.00,,0.48,,,,,,0.51,,0.24,2.50,,,,,,,,,,1.20,,,,,,1.40,,0.33,0.76,,,,1.40,,1.00,0.25,0.33,,0.42,,,
Michigan_MPART_Surface_Water,Little Ocqueoc River | 35-LOCR-0010,Surface Water,45.4073,-84.0288,2019,9/10/2019,,EPA 537.1,,,ng/L,0.61,1.50,,0.00,0.42,0.39,1.20,1.10,0.00,,,,,,,,,,1.30,0.00,0.27,,,,,,,,,,,,,,,,,,,,0.00,,,0.00,,,0.47,,,,,,,
Michigan_MPART_Surface_Water,Chief Creek Drain | 01-CCD-0045,Surface Water,44.084606,-83.740528,2021,5/3/2021,,EPA 537.1,,,ng/L,,,,0.00,0.00,,0.81,0.37,0.00,,0.00,,,,,,,,,0.00,0.45,,,,,,,,,,,,,,,,,,,0.00,,,,,,,,0.00,0.00,,,,,
Michigan_MPART_Surface_Water,Swan Creek | 32-SC-0020,Surface Water,42.6813,-82.6587,2022,11/9/2022,,EPA 537.1,,,ng/L,,1.70,,0.47,0.52,0.94,1.30,1.00,0.18,,0.25,,,,,,,,1.10,0.36,0.56,,,,,,,,,,,,,,,,,,,0.00,,,,,,,,0.25,0.00,,,,,
Michigan_MPART_Surface_Water,Saginaw Bay | 30-SB-0070,Surface Water,43.883337,-83.393059,2019,11/19/2019,,EPA 537.1,,,ng/L,2.50,1.50,,0.00,0.37,0.88,1.40,0.94,0.00,,,,,,,,,,1.30,0.00,0.86,,,,,,,,,,,,,,,,,,,0.00,0.00,,,0.00,,,0.38,,,,,,,
Michigan_MPART_Surface_Water,Trib to Grand River | 62-USGR-0020,Surface Water,42.10804,-84.36212,2019,11/13/2019,,EPA 537.1,,,ng/L,,,,0.00,0.00,0.31,,0.00,0.00,,,,,,,,,,,0.00,0.00,,,,,,,,,,,,,,,,,,,0.00,0.00,,,0.00,,,,,,,,,,
Michigan_MPART_Surface_Water,Buck Creek | 01-BKC-0030,Surface Water,44.4194,-83.5695,2019,9/10/2019,,EPA 537.1,,,ng/L,0.58,,,,0.00,0.26,,0.00,0.00,,,,,,,,,,,0.00,0.00,,,,,,,,,,,,,,,,,,,,0.00,,,0.00,,,0.67,,,,,,,
Michigan_MPART_Surface_Water,Dietz Creek | 62-DZC-0060,Surface Water,42.61791,-84.21135,2019,9/18/2019,,EPA 537.1,,,ng/L,0.53,,,0.00,0.00,0.24,,0.00,0.00,,,4.10,,,,,,,,0.00,,,,,,,,,,,,,,,,,,,,0.00,0.00,,,0.00,,,0.45,,,,,,,
Michigan_MPART_Surface_Water,South Branch White River | 45-SWR-0130,Surface Water,43.56257,-85.86224,2021,11/2/2021,,EPA 537.1,,,ng/L,,,,0.00,0.00,,,0.28,0.00,,0.00,,,,,,,,,0.00,0.00,,,,,,,,,,,,,,,,,,,0.00,,,,,,,,0.00,0.00,,,,,
Michigan_MPART_Surface_Water,Huron River | 24-HR-0700,Surface Water,42.57432,-83.56017,2019,9/11/2019,,EPA 537.1,,,ng/L,1.20,,,0.00,0.60,1.30,,1.30,0.00,,,,,,,,,,,0.00,,,,,,,,,,,,,,,,,,,,0.00,0.00,,,0.00,,,0.40,,,,,,,
Michigan_MPART_Surface_Water,Johnson Drain | 19-JD-0105,Surface Water,42.40694,-83.5171,2022,11/8/2022,,EPA 537.1,,,ng/L,1.10,1.50,,0.00,0.00,0.55,,1.00,0.00,,0.00,,,,,,,,,0.00,,,,,,,,,,,,,,,,,,,,0.00,,,,,,,,0.00,0.27,,,,,
Michigan_MPART_Surface_Water,Dickerson Creek | 36-DIC-0190,Surface Water,43.19666,-85.1894,2022,5/10/2022,,EPA 537.1,,,ng/L,,1.30,,0.00,0.32,,0.79,0.83,0.00,,0.00,,,,,,,,0.70,0.00,1.20,3.60,,,,,,,,,,,,,,,,,,0.00,,,,,,,,0.00,0.00,,,,,
Michigan_MPART_Surface_Water,Huron River | 24-HR-0700,Surface Water,42.57432,-83.56017,2019,5/23/2019,,EPA 537.1,,,ng/L,1.10,,,0.00,0.56,1.20,,1.20,0.00,,,,,,,,,,2.10,0.00,,,,,,,,,,,,,,,,,,,,0.00,0.00,,,0.00,,,,,,,,,,
Michigan_MPART_Surface_Water,Pinnebog River | 46-PBR-0150,Surface Water,43.84428,-83.16207,2022,11/9/2022,,EPA 537.1,,,ng/L,1.30,1.60,,0.64,0.65,0.84,,1.30,0.43,,0.47,,0.54,,,,,,,0.53,,,,,,,,,,,,,,,,,,,,0.52,,,,0.44,,0.63,,0.54,0.44,,0.49,,,
Michigan_MPART_Surface_Water,Coon Creek | 17-CC-0030,Surface Water,42.7159,-82.8813,2019,9/10/2019,,EPA 537.1,,,ng/L,1.30,,,0.00,0.50,0.70,,0.80,0.00,,,,,,,,,,,0.00,,,,,,,,,,,,,,,,,,,,0.00,0.00,,,0.00,,,0.50,,,,,,,
Michigan_MPART_Surface_Water,South Ore Creek | 24-SOC-0100,Surface Water,42.54936,-83.778463,2021,9/21/2021,,EPA 537.1,,,ng/L,1.20,,,0.00,0.51,,,1.00,0.00,,0.00,,,,,,,,,0.00,,,,,,,,,,,,,,,,,,,,0.00,,,,,,,,0.00,0.30,,,,,
Michigan_MPART_Surface_Water,Unnamed Tributary to Dowagiac R | 52-UDR-0010,Surface Water,42.007679,-86.108099,2023,9/25/2023,,EPA 537.1,,,ng/L,,0.97,,,0.00,,2.00,0.46,0.00,,0.00,,,,,,,,1.30,0.78,,,,,,,,,,,,,,,,,,,,,,,,,,,,0.00,,,,,,
Michigan_MPART_Surface_Water,Ackely Creek | 25-AC-0030,Surface Water,42.399,-85.0054,2021,9/22/2021,,EPA 537.1,,,ng/L,,,,0.00,0.00,,,0.00,0.00,,0.00,,,,,,,,,0.00,0.00,,,,,,,,,,,,,,,,,,,,,,,,,,,0.00,0.31,,,,,
Michigan_MPART_Surface_Water,Saddler Creek | 01-SC-0030,Surface Water,44.2496,-83.6495,2022,11/1/2022,,EPA 537.1,,,ng/L,,,,0.00,0.00,,,0.00,0.00,,0.00,,,,,,,,,0.00,0.26,,,,,,,,,,,,,,,,,,,,,,,,,,,0.00,0.31,,,,,
Michigan_MPART_Surface_Water,Unnamed Trib to Indian Lakes | 36-UIL-0060,Surface Water,43.19685,-85.65063,2021,11/2/2021,,EPA 537.1,,,ng/L,0.85,0.93,,0.00,0.00,0.54,0.54,0.42,0.00,,0.00,,,,,,,,0.54,0.00,0.96,,,,,,,,,,,,,,,,,,,0.00,,,,,,,,0.00,0.00,,,,,
Michigan_MPART_Surface_Water,Saginaw Bay | 30-SB-0030,Surface Water,43.838059,-83.792781,2019,5/16/2019,,EPA 537.1,,,ng/L,1.50,1.50,,,0.34,0.89,1.50,0.76,0.00,,,,,,,,,,1.20,0.00,0.61,,,,,,,,,,,,,,,,,,,,0.00,,,0.00,,,,,,,,,,
Michigan_MPART_Surface_Water,Kearsley Creek | 23-KC-0320,Surface Water,42.85874,-83.45144,2023,5/3/2023,,EPA 537.1,,,ng/L,,1.00,,0.00,0.00,0.57,1.50,0.76,0.00,,0.00,,,,,,,,1.50,0.00,,3.40,,,,,,,,,,,,,,,,,,0.00,,,,,,,,0.00,0.00,,,,,
Michigan_MPART_Surface_Water,Belle River | 51-BLR-0060,Surface Water,42.77484,-82.54963,2021,5/4/2021,,EPA 537.1,,,ng/L,2.40,,,0.46,0.64,,,0.72,0.00,,0.00,,,,,,,,1.70,,1.40,,,,,,,,,,,,,,,,,,,,,,,,,,,0.00,,,,,,
Michigan_MPART_Surface_Water,Williams Creek | 42-WC-0100,Surface Water,43.4195,-85.8794,2019,7/8/2019,,EPA 537.1,,,ng/L,,,,0.00,0.00,0.31,,0.00,0.00,,,,,,,,,,,0.00,0.31,0.54,,,,,,,,,,,,,,,,,,0.00,0.00,,,0.00,,,0.00,,,,,,,
Michigan_MPART_Surface_Water,Stewart Creek | 07-SC-0015,Surface Water,45.4174,-84.2741,2020,7/6/2020,,EPA 537.1,,,ng/L,,,,0.00,0.00,0.28,,0.23,0.00,,,,,,,,,,0.43,0.00,0.21,,,,,,,,,,,,,,,,,,,0.00,0.00,,,0.00,,,0.37,0.00,0.00,,0.00,,,
Michigan_MPART_Surface_Water,Perkins Creek | 37-PC-0010,Surface Water,44.31444,-85.66141,2021,7/15/2021,,EPA 537.1,,,ng/L,0.58,,,0.00,0.00,,,0.39,0.00,,0.00,,,,,,,,,0.00,0.28,,,,,,,,,,,,,,,,,,,0.00,,,,,,,,0.00,0.00,,,,,
Michigan_MPART_Surface_Water,Barber Creek | 08-BRC-0040,Surface Water,42.42057,-86.06133,2022,11/7/2022,,EPA 537.1,,,ng/L,0.81,1.10,,0.00,0.28,,0.71,0.67,0.00,,0.00,,,,,,,,,0.00,0.43,2.90,,,,,,,,,,,,,,,,,,0.00,,,,,,,,0.00,0.27,,,,,
Michigan_MPART_Surface_Water,Pine River | 47-PR-0325,Surface Water,43.32517,-84.84424,2023,11/7/2023,,EPA 537.1,,,ng/L,,,,0.00,0.00,,,0.00,0.00,,0.00,,,,,,,,,0.00,0.00,,,,,,,,,,,,,,,,,,,0.00,,,,,,,,0.00,0.00,,,,,
Michigan_MPART_Surface_Water,Saddler Creek | 01-SC-0030,Surface Water,44.2496,-83.6495,2022,5/4/2022,,EPA 537.1,,,ng/L,,,,0.00,0.00,,,0.33,0.00,,0.00,,,,,,,,,0.00,0.68,3.20,,,,,,,,,,,,,,,,,,0.00,,,,,,,,0.00,0.00,,,,,
Michigan_MPART_Surface_Water,Kelley Creek | 40-KLC-0070,Surface Water,45.28064,-87.62038,2023,5/9/2023,,EPA 537.1,,,ng/L,0.92,,,0.35,0.00,,,0.50,0.00,,0.00,,,,,,,,,0.00,0.00,,,,,,,,,,,,,,,,,,,0.60,,,,0.39,,0.70,,0.26,0.57,,,,,
Michigan_MPART_Surface_Water,River Raisin | 48-RR-0080,Surface Water,41.9022,-83.7179,2020,5/27/2020,,EPA 537.1,,,ng/L,1.50,,,0.00,0.34,0.82,1.60,1.00,0.00,,,,,,,,,,,0.00,1.30,,,,,,,,,,,,,,,,,,,0.00,0.00,,,0.00,,,0.77,0.00,0.00,,0.00,,,
Michigan_MPART_Surface_Water,West Branch Clam River | 42-WCM-0030,Surface Water,44.11738,-85.05988,2022,9/20/2022,,EPA 537.1,,,ng/L,,,,0.00,0.00,,,0.32,0.00,,0.00,,,,,,,,,0.00,0.23,,,,,,,,,,,,,,,,,,,0.00,,,,,,,,0.00,0.00,,,,,
Michigan_MPART_Surface_Water,South Ore Creek | 24-SOC-0100,Surface Water,42.54936,-83.778463,2022,5/11/2022,,EPA 537.1,,,ng/L,0.48,1.20,,0.00,0.31,,1.40,0.86,0.00,,0.00,,,,,,,,1.60,0.00,,3.20,,,,,,,,,,,,,,,,,,0.00,,,,,,,,0.00,0.00,,,,,
Michigan_MPART_Surface_Water,Mill Creek | 51-MLC-0180,Surface Water,43.1241,-82.8926,2023,7/17/2023,,EPA 537.1,,,ng/L,,1.30,,0.00,0.89,,,1.60,0.00,,0.00,,,,,,,,,0.00,0.45,,,,,,,,,,,,,,,,,,,,,,,,,,,0.00,,,0.41,,,
Michigan_MPART_Surface_Water,Four Mile Creek | 42-FMC2-0030,Surface Water,43.4094,-85.86044,2021,11/2/2021,,EPA 537.1,,,ng/L,,,,0.00,0.00,,,0.35,0.00,,0.00,,,,,,,,,0.00,0.60,,,,,,,,,,,,,,,,,,,0.00,,,,,,,,0.00,0.00,,,,,
Michigan_MPART_Surface_Water,Big Creek | 01-BGC-0050,Surface Water,44.0559,-83.76641,2021,7/6/2021,,EPA 537.1,,,ng/L,0.58,,,0.33,0.29,0.61,0.71,0.30,0.20,1.60,0.00,,0.49,,,,,,0.53,,0.00,,,,,,,,,,,1.20,,,,,,1.40,,0.34,0.78,,,,1.40,,1.10,0.26,0.34,,0.43,,,
Michigan_MPART_Surface_Water,Bean Creek | 59-BC-0010,Surface Water,45.0855,-83.6939,2019,9/10/2019,,EPA 537.1,,,ng/L,0.58,1.00,,0.00,0.43,0.46,0.85,0.77,0.00,,,,,,,,,,0.68,0.00,0.31,,,,,,,,,,,,,,,,,,,,0.37,,,0.00,,,0.47,,,,,,,
Michigan_MPART_Surface_Water,Intermediate River | 10-IR-0020,Surface Water,44.973,-85.2134,2020,5/18/2020,,EPA 537.1,,,ng/L,,,,0.00,0.00,0.32,,0.27,0.00,,,,,,,,,,0.48,0.00,0.53,,,,,,,,,,,,,,,,,,,0.00,0.00,,,0.00,,,1.30,0.00,0.00,,0.00,,,
Michigan_MPART_Surface_Water,Elliot Branch (Smith Drain) | 14-SD-0030,Surface Water,43.27959,-83.67197,2019,9/18/2019,,EPA 537.1,,,ng/L,,0.82,,0.00,0.00,0.38,0.57,0.31,0.00,,,,,,,,,,0.78,0.00,0.96,,,,,,,,,,,,,,,,,,,0.00,0.00,,,0.00,,,0.57,,,,,,,
Michigan_MPART_Surface_Water,Brush Creek | 52-BRSH-0080,Surface Water,42.1471,-86.0658,2020,7/1/2020,,EPA 537.1,,,ng/L,0.64,,,0.00,0.35,0.29,,0.36,0.00,,,,,,,,,,0.62,0.00,0.32,,,,,,,,,,,,,,,,,,,0.00,0.00,,,0.00,,,0.48,0.00,0.00,,0.00,,,
Michigan_MPART_Surface_Water,Mill Creek | 51-MLC-0180,Surface Water,43.1241,-82.8926,2023,7/5/2023,,EPA 537.1,,,ng/L,3.10,1.30,,0.00,0.00,1.90,1.00,0.48,0.00,,0.00,,,,,,,,0.62,0.66,,,,,,,,,,,,,,,,,,,,,,,,,,,,0.00,,,,,,
Michigan_MPART_Surface_Water,Chippewa River | 47-CHIP-0040,Surface Water,43.5948,-84.3698,2019,7/2/2019,,EPA 537.1,,,ng/L,1.30,1.10,,0.00,0.38,0.48,1.20,0.67,0.00,,,,,,,,,,,0.00,0.82,,,,,,,,,,,,,,,,,,,0.00,0.00,,,0.00,,,0.00,,,,,,,
Michigan_MPART_Surface_Water,South Branch Hog Creek | 52-SHG-0100,Surface Water,41.98524,-84.86372,2021,11/10/2021,,EPA 537.1,,,ng/L,,,,0.00,0.00,,,0.00,0.00,,0.00,,,,,,,,,0.00,0.37,,,,,,,,,,,,,,,,,,,0.00,,,,,,,,0.00,0.00,,,,,
Michigan_MPART_Surface_Water,Ackely Creek | 25-AC-0030,Surface Water,42.399,-85.0054,2021,11/10/2021,,EPA 537.1,,,ng/L,,0.74,,0.00,0.00,,0.57,0.56,0.00,,0.00,,,,,,,,,0.00,0.35,3.90,,,,,,,,,,,,,,,,,,0.00,,,,,,,,0.00,0.00,,,,,
Michigan_MPART_Surface_Water,Flower Creek | 45-FC-0020,Surface Water,43.4796,-86.4469,2020,5/19/2020,,EPA 537.1,,,ng/L,0.83,1.10,,0.00,0.37,0.36,0.78,0.86,0.00,,,,,,,,,,0.93,0.00,0.53,,,,,,,,,,,,,,,,,,,0.00,0.00,,,0.00,,0.52,,0.00,0.00,,0.00,,,
Michigan_MPART_Surface_Water,Little Maple River | 39-LMR-0120,Surface Water,42.95739,-84.427254,2021,9/20/2021,,EPA 537.1,,,ng/L,,,,0.00,0.00,,,0.00,0.00,,0.00,,,,,,,,,0.00,0.23,2.40,,,,,,,,,,,,,,,,,,0.00,,,,,,,,0.00,0.00,,,,,
Michigan_MPART_Surface_Water,West Branch Clam River | 42-WCM-0030,Surface Water,44.11738,-85.05988,2022,9/20/2022,,EPA 537.1,,,ng/L,,,,0.00,0.00,,,0.00,0.00,,0.00,,,,,,,,,0.00,0.00,,,,,,,,,,,,,,,,,,,0.00,,,,,,,,0.00,0.00,,,,,
Michigan_MPART_Surface_Water,Thunder Bay River | 59-TBR-0200,Surface Water,45.0822,-83.7584,2019,9/10/2019,,EPA 537.1,,,ng/L,0.91,1.60,,0.00,0.00,0.36,0.93,1.50,0.00,,,,,,,,,,0.55,0.00,0.00,1.60,,,,,,,,,,,,,,,,,,,0.00,,,0.00,,,0.44,,,,,,,
Michigan_MPART_Surface_Water,Trout Creek | 17-TC-0100,Surface Water,42.74111,-83.24601,2019,7/25/2019,,EPA 537.1,,,ng/L,0.63,1.40,,0.00,0.29,0.51,1.60,0.70,0.00,,,,,,,,,,1.30,0.00,0.86,,,,,,,,,,,,,,,,,,,,0.00,,,0.00,,,,,,,,,,
Michigan_MPART_Surface_Water,Custer County Drain | 51-CCD-0040,Surface Water,43.4789,-82.8653,2020,5/28/2020,,EPA 537.1,,,ng/L,4.70,,,0.00,0.00,0.53,,0.29,0.00,,,,,,,,,,0.94,0.00,1.20,,,,,,,,,,,,,,,,,,,0.00,0.00,,,0.00,,,0.70,0.00,0.00,,0.00,,,
Michigan_MPART_Surface_Water,St. Clair River Downstream | 51-SCR-0080,Surface Water,42.649448,-82.513338,2019,9/12/2019,,EPA 537.1,,,ng/L,1.70,1.40,,0.00,0.34,0.69,0.89,0.54,0.00,,,1.80,,,,,,,0.76,0.00,0.21,1.30,,,,,,,,,,,,,,,,,,0.00,0.00,,,0.00,,,0.38,,,,,,,
Michigan_MPART_Surface_Water,Rabbit River | 25-RR-0200,Surface Water,42.642503,-85.721671,2021,5/12/2021,,EPA 537.1,,,ng/L,1.20,,,0.00,0.00,0.87,,1.30,0.00,,0.00,,,,,,,,,0.00,,2.70,,,,,,,,,,,,,,,,,,0.00,,,,,,,,0.00,0.00,,,,,
Michigan_MPART_Surface_Water,Western Creek Shaw Branch | 62-WSB-0030,Surface Water,42.4353,-84.3598,2020,9/16/2020,,EPA 537.1,,,ng/L,,,,0.00,0.00,,,0.00,0.00,,0.00,,,,,,,,0.75,0.00,0.29,,,,,,,,,,,,,,,,,,,0.00,,,,,,,,0.00,0.00,,,,,
Michigan_MPART_Surface_Water,Muskegon River (Upper) | 42-MR-0175,Surface Water,43.847216,-85.432313,2001,3/7/2001,,Undisclosed,,,ng/L,,,,,,,,,,,,,,,,,,,,,,,,,,,,,,,,,,,,,,,,,,,,,,,,,,,,,,
Michigan_MPART_Surface_Water,Pere Marquette River | 45-PM-0110,Surface Water,43.92225,-85.97699,2023,11/2/2023,,EPA 537.1,,,ng/L,,,,0.00,0.00,,,0.00,0.00,,0.00,,,,,,,,,0.00,0.00,,,,,,,,,,,,,,,,,,,0.00,,,,,,,,0.00,0.00,,0.37,,,
Michigan_MPART_Surface_Water,Stony Creek | 45-STC-0010,Surface Water,43.5594,-86.5069,2023,5/1/2023,,EPA 537.1,,,ng/L,,,,0.00,0.00,,,0.00,0.00,,0.00,,,,,,,,,0.00,0.37,,,,,,,,,,,,,,,,,,,0.00,,,,0.00,,,,0.00,0.00,,,,,
Michigan_MPART_Surface_Water,Pine Creek | 39-PC-0140,Surface Water,43.2337,-84.6708,2020,11/4/2020,,EPA 537.1,,,ng/L,,,,0.00,0.00,,,0.22,0.00,,0.00,,,,,,,,0.45,0.00,0.93,3.00,,,,,,,,,,,,,,,,,,0.00,,,,0.00,,,,0.00,0.00,,,,,
Michigan_MPART_Surface_Water,BEAN CREEK (FITTS CREEK) | 60-BC-0450,Surface Water,41.98818,-84.324384,2022,9/7/2022,,EPA 537.1,,,ng/L,,,,0.85,0.79,,1.40,1.20,0.00,,0.00,,,,,,,,1.10,0.00,0.63,3.30,,,,,,,,,,,,,,,,,,,,,,,,,,0.00,,,,,,
Michigan_MPART_Surface_Water,Red Cedar River | 62-RA-0140,Surface Water,42.68836,-84.28956,2022,11/8/2022,,EPA 537.1,,,ng/L,0.45,,,0.00,0.00,,0.75,0.00,0.00,,0.00,,,,,,,,,0.00,0.47,,,,,,,,,,,,,,,,,,,0.00,,,,0.00,,,,0.00,0.26,,,,,
Michigan_MPART_Surface_Water,Pine River | 47-PR-0325,Surface Water,43.32517,-84.84424,2023,9/25/2023,,EPA 537.1,,,ng/L,,,,,0.00,,0.88,0.00,0.00,,0.00,,,,,,,,,0.00,0.35,,,,,,,,,,,,,,,,,,,,,,,,,,,0.00,,,,,,
Michigan_MPART_Surface_Water,Kearsley Creek | 23-KC-0060,Surface Water,43.0406,-83.5958,2021,5/4/2021,,EPA 537.1,,,ng/L,,,,0.55,0.56,1.10,,1.10,0.00,,0.00,,,,,,,,1.80,0.00,,3.60,,,,,,,,,,,,,,,,,,0.00,,,,,,,,0.00,0.00,,,,,
Michigan_MPART_Surface_Water,Betsie River | 04-BR-0100,Surface Water,44.56059,-86.05123,2019,9/16/2019,,EPA 537.1,,,ng/L,,,,0.00,0.00,0.33,,0.39,0.00,,,,,,,,,,,0.00,0.26,1.70,,,,,,,,,,,,,,,,,,0.00,0.00,,,0.00,,,0.68,,,,,,,
Michigan_MPART_Surface_Water,Beebe Creek | 52-BBC-0100,Surface Water,41.9565,-84.5011,2022,9/7/2022,,EPA 537.1,,,ng/L,,,,0.00,0.26,,0.76,0.58,0.00,,0.00,,,,,,,,0.65,0.00,0.57,4.60,,,,,,,,,,,,,,,,,,0.00,,,,,,,,0.00,0.00,,,,,
Michigan_MPART_Surface_Water,Rush Creek | 23-RSH-0040,Surface Water,42.9992,-83.9873,2019,7/10/2019,,EPA 537.1,,,ng/L,1.10,,,0.00,0.00,0.65,,0.84,0.00,,,,,,,,,,,0.00,,,,,,,,,,,,,,,,,,,,0.00,0.00,,,0.00,,,,,,,,,,
Michigan_MPART_Surface_Water,Gloede Ditch | 17-GD-0150,Surface Water,42.6476,-82.9569,2020,9/17/2020,,EPA 537.1,,,ng/L,,,,0.00,0.74,,,,0.00,,0.00,,,,,,,,,0.31,,,,,,,,,,,,,,,,,,,,0.00,,,,,,,1.60,0.00,0.00,,,,,
Michigan_MPART_Surface_Water,Misteguay Creek | 23-MC-0140,Surface Water,43.13125,-83.94888,2023,11/1/2023,,EPA 537.1,,,ng/L,1.20,1.10,,0.00,0.00,0.75,1.40,0.62,0.00,,0.00,,,,,,,,0.85,0.00,,4.20,,,,,,,,,,,,,,,,,,0.00,,,,,,,,0.00,0.00,,,,,
Michigan_MPART_Surface_Water,South Branch Flint River | 23-SBFR-0030,Surface Water,43.11425,-83.371304,2021,11/9/2021,,EPA 537.1,,,ng/L,1.10,1.10,,0.00,0.00,,1.40,0.70,0.00,,0.00,,,,,,,,1.50,0.00,1.30,3.30,,,,,,,,,,,,,,,,,,0.00,,,,,,,,0.00,0.00,,,,,
Michigan_MPART_Surface_Water,Whigville Creek | 23-WVC-0050,Surface Water,42.922014,-83.184945,2019,9/11/2019,,EPA 537.1,,,ng/L,,,,0.00,0.00,0.30,,0.00,0.00,,,,,,,,,,,0.00,0.00,0.70,,,,,,,,,,,,,,,,,,0.00,0.00,,,0.00,,,,,,,,,,
Michigan_MPART_Surface_Water,Unnamed Trib to Indian Lakes | 36-UIL-0060,Surface Water,43.19685,-85.65063,2021,9/14/2021,,EPA 537.1,,,ng/L,0.84,1.00,,0.00,0.00,0.58,,0.00,0.00,,0.00,,,,,,,,,0.28,,2.50,,,,,,,,,,,,,,,,,,0.00,,,,,,,,0.00,0.00,,,,,
Michigan_MPART_Surface_Water,South Branch Kalamazoo River | 25-SKR-0150,Surface Water,42.13117,-84.73139,2019,11/13/2019,,EPA 537.1,,,ng/L,,,,0.00,0.00,0.54,,0.00,0.00,,,,,,,,,,,0.00,0.54,1.00,,,,,,,,,,,,,,,,,,0.00,0.00,,,0.00,,,,,,,,,,
Michigan_MPART_Surface_Water,Eaton and Baker Drain | 25-EBD-0020,Surface Water,42.32009,-84.867791,2021,9/22/2021,,EPA 537.1,,,ng/L,,,,,0.00,,,0.00,0.00,,0.00,,,,,,,,,0.00,0.00,,,,,,,,,,,,,,,,,,,,,,,,,,1.30,0.00,0.32,,,,,
Michigan_MPART_Surface_Water,Johnson Drain | 19-JD-0105,Surface Water,42.40694,-83.5171,2022,7/6/2022,,EPA 537.1,,,ng/L,,,,0.34,0.48,1.40,,1.30,0.00,,0.00,,,,,,,,,0.28,,,,,,,,,,,,,,,,,,,,0.00,,,,,,,,0.00,0.00,,,,,
Michigan_MPART_Surface_Water,South Branch Pine River | 02-SPR-0030,Surface Water,44.5771,-83.4937,2020,7/6/2020,,EPA 537.1,,,ng/L,,,,0.00,0.00,0.23,,0.23,0.00,,,,,,,,,,0.42,0.00,0.00,1.10,,,,,,,,,,,,,,,,,,0.00,0.00,,,0.00,,,0.66,0.00,0.00,,0.00,,,
Michigan_MPART_Surface_Water,South Fork Cass River | 14-SCR-0060,Surface Water,43.65303,-82.91658,2023,5/4/2023,,EPA 537.1,,,ng/L,,,,0.00,0.00,,,0.32,0.00,,0.00,,,,,,,,,0.00,0.64,4.80,,,,,,,,,,,,,,,,,,0.00,,,,,,,,0.00,0.00,,,,,
Michigan_MPART_Surface_Water,Unnamed trib to Mill Creek | 60-UMC-0030,Surface Water,41.7083,-84.3754,2020,9/16/2020,,EPA 537.1,,,ng/L,0.74,,,0.00,0.00,,,0.60,0.00,,0.00,,,,,,,,1.30,0.00,0.45,3.90,,,,,,,,,,,,,,,,,,,,,,,,,,0.00,,,,,,
Michigan_MPART_Surface_Water,Big Creek | 01-BGC-0050,Surface Water,44.0559,-83.76641,2021,11/8/2021,,EPA 537.1,,,ng/L,,,,0.00,0.00,,,0.00,0.00,,0.00,,,,,,,,,0.00,0.37,2.40,,,,,,,,,,,,,,,,,,0.00,,,,,,,,0.00,0.00,,,,,
Michigan_MPART_Surface_Water,Detroit River Downstream | 19-DR-1000,Surface Water,42.05417,-83.152504,2020,9/16/2020,,EPA 537.1,,,ng/L,8.70,1.50,,0.00,0.29,0.75,1.00,0.68,0.00,,0.00,,,,,,,,1.00,0.00,0.38,,,,,,,,,,,,,,,,,,,,1.00,,,,,,,0.00,,,,,,
Michigan_MPART_Surface_Water,Little Maple River | 39-LMR-0120,Surface Water,42.95739,-84.427254,2021,9/20/2021,,EPA 537.1,,,ng/L,,,,0.00,0.00,,,0.00,0.00,,0.00,,,,,,,,,0.00,0.28,2.40,,,,,,,,,,,,,,,,,,0.00,,,,0.00,,,,0.00,0.00,,,,,
Michigan_MPART_Surface_Water,Brush Creek | 52-BRSH-0080,Surface Water,42.1471,-86.0658,2020,9/3/2020,,EPA 537.1,,,ng/L,0.56,,,0.00,0.00,0.39,,0.00,0.00,,,,,,,,,,0.56,0.00,0.22,1.50,,,,,,,,,,,,,,,,,,,0.00,,,0.00,,,0.64,0.00,,,0.00,,,
Michigan_MPART_Surface_Water,Mill Creek | 51-MLC-0180,Surface Water,43.1241,-82.8926,2023,7/17/2023,,EPA 537.1,,,ng/L,,,,,0.00,,,0.67,0.00,,0.00,,,,,,,,,0.00,0.36,4.10,,,,,,,,,,,,,,,,,,,,,,,,,,0.00,,,,,,
Michigan_MPART_Surface_Water,Honey Creek | 24-HCL-0100,Surface Water,42.4675,-83.9909,2023,5/9/2023,,EPA 537.1,,,ng/L,,0.98,,0.00,0.00,,,0.67,0.00,,0.00,,,,,,,,,0.00,0.00,,,,,,,,,,,,,,,,,,,,,,,,,,,0.00,,,,,,
Michigan_MPART_Surface_Water,Saginaw Bay | 30-SB-0030,Surface Water,43.838059,-83.792781,2019,9/5/2019,,EPA 537.1,,,ng/L,,1.60,,0.00,0.53,0.80,1.40,0.90,0.00,,,,,,,,,,1.20,0.00,0.65,,,,,,,,,,,,,,,,,,,0.00,0.00,,,0.00,,,0.42,,,,,,,
Michigan_MPART_Surface_Water,Chippewa River | 47-CHIP-0040,Surface Water,43.5948,-84.3698,2019,5/2/2019,,EPA 537.1,,,ng/L,1.20,1.40,,,0.51,0.64,1.20,1.10,0.00,,,,,,,,,,0.93,0.00,0.90,,,,,,,,,,,,,,,,,,,,0.31,,,0.00,,,,,,,,,,
Michigan_MPART_Surface_Water,Remey Chandler Drain | 62-RCD-0010,Surface Water,42.84412,-84.53793,2019,9/18/2019,,EPA 537.1,,,ng/L,3.50,1.40,,0.44,0.35,0.42,,0.83,0.00,,,12.00,,,,,,,,0.00,,,,,,,,,,,,,,,,,,,,0.00,0.00,,,0.00,,,0.53,,,,,,,
Michigan_MPART_Surface_Water,Saginaw Bay | 30-SB-0070,Surface Water,43.883337,-83.393059,2019,9/5/2019,,EPA 537.1,,,ng/L,3.10,1.70,,0.00,0.58,0.97,1.50,0.95,0.00,,,,,,,,,,1.40,0.00,0.72,,,,,,,,,,,,,,,,,,,,0.28,,,0.00,,,0.44,,,,,,,
Michigan_MPART_Surface_Water,Plum Brook | 17-PB-0130,Surface Water,42.5925,-83.04211,2022,9/8/2022,,EPA 537.1,,,ng/L,13.00,,,0.62,0.67,,,,0.00,,0.00,,,,,,,,,0.38,,,,,,,,,,,,,,,1.80,,,,,0.00,,,,,,,,0.00,0.00,,,,,
Michigan_MPART_Surface_Water,Fellows Creek | 19-FC-0050,Surface Water,42.30929,-83.44469,2022,11/8/2022,,EPA 537.1,,,ng/L,,,,0.61,0.78,1.10,,,0.00,,0.00,,,,,,,,,0.00,,,,,,,,,,,,,,,,,,,,0.00,,,,,,,0.82,0.00,0.27,,,,,
Michigan_MPART_Surface_Water,Betsie River | 04-BR-0100,Surface Water,44.56059,-86.05123,2019,11/12/2019,,EPA 537.1,,,ng/L,,0.83,,0.00,0.44,0.44,,0.60,0.00,,,,,,,,,,,0.00,0.56,,,,,,,,,,,,,,,,,,,0.00,0.00,,,0.18,,,1.60,,,,,,,
Michigan_MPART_Surface_Water,Little Sable River | 45-LSR-0010,Surface Water,44.0403,-86.0501,2020,9/2/2020,,EPA 537.1,,,ng/L,0.72,1.10,,0.00,0.41,0.35,,0.58,0.00,,,,,,,,,,,0.00,0.25,,,,,,,,,,,,,,,,,,,0.00,0.00,,,0.00,,,1.50,0.00,0.00,,0.00,,,
Michigan_MPART_Surface_Water,Mill Creek | 51-MLC-0180,Surface Water,43.1241,-82.8926,2023,7/11/2023,,EPA 537.1,,,ng/L,0.55,,,0.00,0.00,,,0.00,0.00,,0.00,,,,,,,,,0.00,1.70,,,,,,,,,,,,,,,,,,,,,,,,,,,0.00,,,,,,
Michigan_MPART_Surface_Water,Pine Creek | 52-PN2-0010,Surface Water,42.1115,-85.2518,2022,7/5/2022,,EPA 537.1,,,ng/L,,,,0.00,0.48,,0.69,0.59,0.00,,0.00,,,,,,,,,0.00,0.59,3.00,,,,,,,,,,,,,,,,,,0.00,,,,,,,,0.00,0.00,,,,,
Michigan_MPART_Surface_Water,Pinnebog River | 46-PBR-0020,Surface Water,43.993146,-83.075819,2021,9/21/2021,,EPA 537.1,,,ng/L,1.50,1.10,,0.00,0.00,,,0.00,0.00,,0.00,,,,,,,,,0.00,,,,,,,,,,,,,,,,,,,,,,,,,,,,0.00,0.31,,,,,
Michigan_MPART_Surface_Water,Bradshaw Drain | 44-BD-0020,Surface Water,42.10036,-83.51139,2021,9/22/2021,,EPA 537.1,,,ng/L,,,,,0.51,0.83,,0.00,0.00,,0.00,,,,,,,,,0.00,,4.60,,,,,,,,,,,,,,,,,,,,,,,,,,0.00,0.32,,,,,
Michigan_MPART_Surface_Water,Kearsley Creek | 23-KC-0060,Surface Water,43.0406,-83.5958,2020,9/16/2020,,EPA 537.1,,,ng/L,,,,0.30,0.48,0.85,1.60,0.91,0.00,,0.00,,,,,,,,,0.00,,3.80,,,,,,,,,,,,,,,,,,0.00,,,,,,,,0.00,0.00,,,,,
Michigan_MPART_Surface_Water,Red Cedar River | 62-RA-0140,Surface Water,42.68836,-84.28956,2022,9/7/2022,,EPA 537.1,,,ng/L,,,,0.00,0.00,,1.40,0.00,0.00,,0.00,,,,,,,,1.70,0.00,0.67,,,,,,,,,,,,,,,,,,,0.00,,,,,,,,0.00,0.00,,,,,
Michigan_MPART_Surface_Water,Chippewa River | 47-CHIP-0120,Surface Water,43.62304,-84.62978,2019,9/11/2019,,EPA 537.1,,,ng/L,1.30,1.20,,0.30,0.65,0.54,1.30,0.62,0.00,,,,,,,,,,0.64,0.00,0.92,,,,,,,,,,,,,,,,,,,0.00,0.00,,,0.00,,,0.90,,,,,,,
Michigan_MPART_Surface_Water,St. Clair River Upstream | 51-SCR-0500,Surface Water,42.996948,-82.424448,2017,11/8/2017,,EPA 537.1,,,ng/L,1.50,1.30,,0.00,0.40,0.70,0.80,0.50,0.00,,,,,,,,,,0.50,,0.20,,,,,,,,,,,,,,,,,,,0.00,0.00,,,,,,,,,,,,,
Michigan_MPART_Surface_Water,McMahen Creek | 54-MMC-0030,Surface Water,46.359,-84.6347,2023,11/13/2023,,EPA 537.1,,,ng/L,,,,0.00,0.32,,,0.51,0.00,,0.00,,,,,,,,,0.00,0.00,,,,,,,,,,,,,,,,,,,0.00,,,,,,,,0.00,0.00,,,,,
Michigan_MPART_Surface_Water,Thread Creek | 23-THR-0120,Surface Water,42.9969,-83.6478,2023,11/1/2023,,EPA 537.1,,,ng/L,2.20,,,0.00,0.33,1.20,,0.98,0.00,,0.00,,,,,,,,,0.00,,,,,,,,,,,,,,,,,,,,0.00,,,,,,,,0.00,0.00,,,,,
Michigan_MPART_Surface_Water,Mill Creek | 06-MLC-0010,Surface Water,43.6588,-82.6091,2022,5/12/2022,,EPA 537.1,,,ng/L,,,,0.00,0.39,,,0.38,0.00,,0.00,,,,,,,,,0.00,0.76,4.00,,,,,,,,,,,,,,,,,,0.00,,,,,,,,0.00,0.00,,,,,
Michigan_MPART_Surface_Water,Canada Creek | 07-CC-0080,Surface Water,45.11577,-84.1976,2019,11/4/2019,,EPA 537.1,,,ng/L,,,,0.00,0.00,0.30,,0.40,0.00,,,,,,,,,,,0.00,0.00,,,,,,,,,,,,,,,,,,,0.00,0.00,,,0.00,,,0.91,,,,,,,
Michigan_MPART_Surface_Water,Dickerson Creek | 36-DIC-0150,Surface Water,43.1934,-85.1557,2023,9/25/2023,,EPA 537.1,,,ng/L,,,,,0.00,,0.97,0.35,0.00,,0.00,,,,,,,,,,0.91,,,,,,,,,,,,,,,,,,,,,,,,,,,0.00,,,,,,
Michigan_MPART_Surface_Water,Thornapple River Extension | 58-TRE-0010,Surface Water,42.65403,-84.7668,2021,11/10/2021,,EPA 537.1,,,ng/L,,,,0.00,0.00,,0.53,0.00,0.00,,0.00,,,,,,,,0.57,0.00,0.60,,,,,,,,,,,,,,,,,,,0.00,,,,,,,,0.00,0.00,,,,,
Michigan_MPART_Surface_Water,Johnson Drain | 52-DRC-0070,Surface Water,42.1945,-85.3752,2023,5/10/2023,,EPA 537.1,,,ng/L,,,,0.00,0.00,,,0.00,0.00,,0.00,,,,,,,,,0.00,0.00,,,,,,,,,,,,,,,,,,,0.00,,,,,,,1.10,0.00,0.00,,,,,
Michigan_MPART_Surface_Water,Taylor Creek | 10-TC-0020,Surface Water,44.675,-85.3234,2022,5/2/2022,,EPA 537.1,,,ng/L,,,,0.00,0.00,,,0.34,0.00,,0.00,,,,,,,,,0.00,0.21,,,,,,,,,,,,,,,,,,,0.00,,,,,,,,0.00,0.00,,,,,
Michigan_MPART_Surface_Water,Sashabaw Creek | 17-SBC-0050,Surface Water,42.7211,-83.35254,2019,7/25/2019,,EPA 537.1,,,ng/L,1.60,,,0.33,0.69,1.40,,1.60,0.00,,,,,,,,,,,0.00,,,,,,,,,,,,,,,,,,,,0.00,0.00,,,0.00,,,,,,,,,,
Michigan_MPART_Surface_Water,Flat River | 36-FR-0108,Surface Water,43.10008,-85.22913,2020,11/3/2020,,EPA 537.1,,,ng/L,,,,0.00,0.00,,,0.39,0.00,,0.00,,,,,,,,0.58,0.00,0.98,,,,,,,,,,,,,,,,,,,0.00,,,,,,,,0.00,0.00,,,,,
Michigan_MPART_Surface_Water,Saginaw River | 49-SG-0025,Surface Water,43.617505,-83.842781,2001,2/10/2001,,Undisclosed,,,ng/L,,,,,,,,,,,,,,,,,,,,,,,,,,,,,,,,,,,,,,,,,,,,,,,,,,,,,,
Michigan_MPART_Surface_Water,Pere Marquette River | 45-PM-0110,Surface Water,43.92225,-85.97699,2022,11/7/2022,,EPA 537.1,,,ng/L,0.50,,,0.00,0.00,,,0.23,0.00,,0.00,,,,,,,,,0.00,0.00,3.20,,,,,,,,,,,,,,,,,,0.00,,,,,,,,0.00,0.27,,,,,
Michigan_MPART_Surface_Water,Pigeon River | 08-PR-140,Surface Water,42.9328,-86.0524,2021,9/15/2021,,EPA 537.1,,,ng/L,,,,,0.48,1.10,,1.60,0.00,,0.00,,,,,,,,,,1.70,4.80,,,,,,,,,,,,,,,,,,,,,,,,,,0.00,0.33,,,,,
Michigan_MPART_Surface_Water,Mill Creek | 51-MLC-0180,Surface Water,43.1241,-82.8926,2023,7/11/2023,,EPA 537.1,,,ng/L,,1.10,,,0.00,,,0.56,0.00,,0.00,,,,,,,,,,0.47,3.00,,,,,,,,,,,,,,,,,,,,,,,,,,0.00,0.34,,,,,
Michigan_MPART_Surface_Water,Mill Creek | 51-MLC-0180,Surface Water,43.1241,-82.8926,2023,7/10/2023,,EPA 537.1,,,ng/L,,,,0.00,0.00,0.52,,0.00,0.00,,0.00,,,,,,,,,0.00,0.33,,,,,,,,,,,,,,,,,,,0.00,,,,0.00,,,,0.00,0.00,,,,,
Michigan_MPART_Surface_Water,Saginaw Bay | 30-SB-0030,Surface Water,43.838059,-83.792781,2019,7/1/2019,,EPA 537.1,,,ng/L,1.30,1.40,,0.00,0.35,0.69,1.40,0.95,0.00,,,,,,,,,,1.30,0.00,0.76,,,,,,,,,,,,,,,,,,,0.00,0.00,,,0.00,,,0.00,,,,,,,
Michigan_MPART_Surface_Water,Grand Traverse Bay | 31-GTBW-0010,Surface Water,44.795837,-85.610003,2019,9/11/2019,,EPA 537.1,,,ng/L,,,,0.00,0.28,0.76,1.40,0.85,0.00,,,1.90,,,,,,,1.10,0.00,0.00,1.30,,,,,,,,,,,,,,,,,,0.00,0.00,,,0.00,,,0.36,,,,,,,
Michigan_MPART_Surface_Water,Pine Creek | 52-PN2-0010,Surface Water,42.1115,-85.2518,2022,11/7/2022,,EPA 537.1,,,ng/L,0.84,1.40,,0.00,0.00,,,0.42,0.00,,0.00,,,,,,,,,0.00,0.54,,,,,,,,,,,,,,,,,,,0.00,,,,,,,,0.00,0.29,,,,,
Michigan_MPART_Surface_Water,Sashabaw Creek | 17-SBC-0050,Surface Water,42.7211,-83.35254,2019,11/14/2019,,EPA 537.1,,,ng/L,1.20,,,0.00,0.37,1.70,,1.40,0.00,,,,,,,,,,,0.00,,,,,,,,,,,,,,,,,,,,,0.00,,,0.00,,,0.45,,,,,,,
Michigan_MPART_Surface_Water,Au Sable River | 02-AS-0670,Surface Water,44.66993,-84.38133,2019,7/10/2019,,EPA 537.1,,,ng/L,,,,0.00,0.00,0.87,0.57,0.41,0.00,,,,,,,,,,,0.00,0.26,1.00,,,,,,,,,,,,,,,,,,0.00,0.00,,,0.00,,,,,,,,,,
Michigan_MPART_Surface_Water,Tamarack Creek | 42-TC-0100,Surface Water,43.3975,-85.4618,2020,11/3/2020,,EPA 537.1,,,ng/L,0.51,,,0.00,0.00,,,0.26,0.00,,0.00,,,,,,,,,0.00,0.63,,,,,,,,,,,,,,,,,,,0.00,,,,,,,0.92,0.00,0.00,,,,,
Michigan_MPART_Surface_Water,Bean Creek | 59-BC-0010,Surface Water,45.0855,-83.6939,2019,7/1/2019,,EPA 537.1,,,ng/L,,0.96,,0.00,0.39,0.26,0.80,0.67,0.00,,,,,,,,,,,0.00,0.32,,,,,,,,,,,,,,,,,,,0.00,0.00,,,0.00,,,0.00,,,,,,,
Michigan_MPART_Surface_Water,Tamarack Creek | 42-TC-0100,Surface Water,43.3975,-85.4618,2020,7/1/2020,,EPA 537.1,,,ng/L,0.63,,,0.00,0.00,0.48,,0.42,0.00,,,,,,,,,,0.65,0.00,0.53,,,,,,,,,,,,,,,,,,,0.00,0.00,,,0.00,,,0.48,0.00,0.00,,0.00,,,
Michigan_MPART_Surface_Water,Shiawassee River | 50-SW-0100,Surface Water,43.254726,-84.10556,2001,2/15/2001,,Undisclosed,,,ng/L,,,,,,,,,,,,,,,,,,,,,,,,,,,,,,,,,,,,,,,,,,,,,,,,,,,,,,
Michigan_MPART_Surface_Water,Brush Creek | 59-BRC-0020,Surface Water,45.0647,-83.906,2020,11/10/2020,,EPA 537.1,,,ng/L,,,,0.00,0.00,,,0.33,0.00,,0.00,,,,,,,,0.49,0.00,0.25,,,,,,,,,,,,,,,,,,,0.00,,,,,,,,0.00,0.00,,,,,
Michigan_MPART_Surface_Water,Western Creek Shaw Branch | 62-WSB-0030,Surface Water,42.4353,-84.3598,2020,7/8/2020,,EPA 537.1,,,ng/L,,0.93,,0.00,0.27,0.33,0.69,0.61,0.00,,,2.60,,,,,,,0.86,0.00,0.46,,,,,,,,,,,,,,,,,,,,0.00,,,0.00,,,,0.00,,,0.00,,,
Michigan_MPART_Surface_Water,Mill Creek | 51-MLC-0180,Surface Water,43.1241,-82.8926,2023,9/20/2023,,EPA 537.1,,,ng/L,1.90,1.60,,,0.42,,,0.50,0.00,,0.00,,,,,,,,1.60,,1.70,2.50,,,,,,,,,,,,,,,,,,,,,,,,,,0.00,,,,,,
Michigan_MPART_Surface_Water,Marion Iosco Drain | 62-MID-0020,Surface Water,42.5748,-84.0296,2020,5/27/2020,,EPA 537.1,,,ng/L,0.82,1.40,,0.00,0.63,0.43,1.30,0.90,0.00,,,,,,,,,,1.40,0.00,0.78,,,,,,,,,,,,,,,,,,,0.00,0.00,,,0.00,,,0.53,0.00,0.00,,0.00,,,
Michigan_MPART_Surface_Water,Tittabawassee River | 61-TBR-0010,Surface Water,43.3918,-84.016,2020,7/7/2020,,EPA 537.1,,,ng/L,,,,0.00,1.20,0.93,,1.00,0.00,,,,,,,,,,,0.00,1.30,,,,,,,,,,,,,,,,,,,0.00,0.00,,,0.00,,,0.62,0.00,0.00,,0.00,,,
Michigan_MPART_Surface_Water,Sashabaw Creek | 17-SBC-0050,Surface Water,42.7211,-83.35254,2020,11/11/2020,,EPA 537.1,,,ng/L,1.40,1.30,,0.00,0.00,1.20,1.70,0.77,0.00,,0.00,,,,,,,,1.50,0.00,,3.70,,,,,,,,,,,,,,,,,,0.00,,,,,,,1.10,0.00,0.00,,,,,
Michigan_MPART_Surface_Water,West Branch Little Muskegon Riv | 42-WLMR-0010,Surface Water,43.59037,-85.28069,2021,9/14/2021,,EPA 537.1,,,ng/L,0.54,,,0.00,0.31,,,0.00,0.00,,0.00,,,,,,,,,0.28,0.61,,,,,,,,,,,,,,,,,,,0.00,,,,,,,,0.00,0.00,,,,,
Michigan_MPART_Surface_Water,Brush Creek | 52-BRSH-0080,Surface Water,42.1471,-86.0658,2020,7/1/2020,,EPA 537.1,,,ng/L,,,,0.00,0.30,0.41,,0.42,0.00,,,,,,,,,,0.61,0.00,0.36,,,,,,,,,,,,,,,,,,,0.00,0.00,,,0.00,,,0.42,0.00,0.00,,0.00,,,
Michigan_MPART_Surface_Water,Dietz Creek | 62-DZC-0060,Surface Water,42.61791,-84.21135,2019,7/10/2019,,EPA 537.1,,,ng/L,,,,0.00,0.00,0.35,,0.37,0.00,,,,,,,,,,0.63,0.00,,,,,,,,,,,,,,,,,,,,0.00,0.00,,,0.00,,,,,,,,,,
Michigan_MPART_Surface_Water,North Branch Lincoln River | 45-NLR-0150,Surface Water,44.0347,-86.1411,2019,5/6/2019,,EPA 537.1,,,ng/L,0.58,1.10,,0.00,0.47,0.47,0.76,0.91,0.00,,,,,,,,,,0.51,0.00,0.42,,,,,,,,,,,,,,,,,,,,0.30,,,0.00,,,,,,,,,,
Michigan_MPART_Surface_Water,Unnamed Trib to South Branch Li | 61-LGD-0010,Surface Water,44.045272,-84.456811,2021,9/20/2021,,EPA 537.1,,,ng/L,,0.76,,0.00,0.00,,0.92,0.49,0.00,,0.00,,,,,,,,0.93,0.00,1.20,,,,,,,,,,,,,,,,,,,0.00,,,,,,1.10,,0.00,0.82,,,,,
Michigan_MPART_Surface_Water,Wabasis Creek | 36-WB-0010,Surface Water,43.13022,-85.24758,2019,5/6/2019,,EPA 537.1,,,ng/L,1.10,1.30,,,0.27,0.58,1.10,0.76,0.00,,,,,,,,,,0.71,0.00,0.86,,,,,,,,,,,,,,,,,,,,0.32,,,0.00,,,,,,,,,,
Michigan_MPART_Surface_Water,Delaney Creek | 47-WDC-0020,Surface Water,43.75277,-85.0453,2019,7/2/2019,,EPA 537.1,,,ng/L,,,,0.00,0.00,0.29,,0.29,0.00,,,,,,,,,,,0.00,0.20,,,,,,,,,,,,,,,,,,,0.00,0.00,,,0.00,,,0.00,,,,,,,
Michigan_MPART_Surface_Water,Grand Traverse Bay | 31-GTBE-0020,Surface Water,44.94667,-85.436671,2019,5/14/2019,,EPA 537.1,,,ng/L,2.60,,,,0.33,0.96,1.30,0.66,0.00,,,,,,,,,,1.00,0.00,0.34,1.40,,,,,,,,,,,,,,,,,,,0.00,,,0.00,,,,,,,,,,
Michigan_MPART_Surface_Water,River Rouge | 19-RR-0055,Surface Water,42.341819,-83.247989,2021,9/21/2021,,EPA 537.1,,,ng/L,,,,0.00,0.78,,,,0.00,,0.00,,,,,,,,,0.00,,,,,,,,,,,,,,,,,,,,,,,,,,,,0.00,0.31,,,,,
Michigan_MPART_Surface_Water,Tallahassee Creek | 52-TC-0030,Surface Water,41.839778,-84.945126,2021,5/5/2021,,EPA 537.1,,,ng/L,,,,0.00,0.00,,,0.00,0.00,,0.00,,,,,,,,,0.00,0.23,,,,,,,,,,,,,,,,,,,0.00,,,,,,,,0.00,0.00,,,,,
Michigan_MPART_Surface_Water,Halfway Creek | 44-HWC-0016,Surface Water,41.76988,-83.65845,2021,9/22/2021,,EPA 537.1,,,ng/L,,1.10,,,0.00,,1.10,0.00,0.00,,0.00,,,,,,,,,0.00,1.70,2.90,,,,,,,,,,,,,,,,,,,,,,,,,1.20,0.00,0.32,,,,,
Michigan_MPART_Surface_Water,Wilkins Creek | 01-WC-0030,Surface Water,44.40331,-84.1265,2022,7/14/2022,,EPA 537.1,,,ng/L,,,,0.00,0.00,,,0.00,0.00,,0.00,,,,,,,,,0.00,0.00,,,,,,,,,,,,,,,,,,,0.00,,,,,,,,0.00,0.00,,,,,
Michigan_MPART_Surface_Water,Nottawa Creek | 52-NC-0180,Surface Water,42.1956,-85.1031,2019,7/9/2019,,EPA 537.1,,,ng/L,,,,0.00,0.00,0.36,0.58,0.46,0.00,,,,,,,,,,0.66,0.00,0.35,,,,,,,,,,,,,,,,,,,0.00,0.00,,,0.00,,,0.00,,,,,,,
Michigan_MPART_Surface_Water,Burtch Creek | 06-BH-0029,Surface Water,43.15204,-82.54243,2023,7/6/2023,,EPA 537.1,,,ng/L,,,,0.00,0.00,,0.98,0.52,0.00,,0.00,,,,,,,,1.20,0.00,0.52,2.70,,,,,,,,,,,,,,,,,,0.00,,,,0.00,,,,0.00,0.00,,,,,
Michigan_MPART_Surface_Water,Detroit River Upstream | 19-DR-0010,Surface Water,42.352448,-82.927226,2017,9/13/2017,,EPA 537.1,,,ng/L,,1.40,,,,0.90,0.90,0.70,,,,,,,,,,,,,,1.20,,,,,,,,,,,,,,,,,,,0.00,0.00,,,0.50,,0.80,,,,,,,
Michigan_MPART_Surface_Water,Kearsley Creek | 23-KC-0320,Surface Water,42.85874,-83.45144,2023,7/5/2023,,EPA 537.1,,,ng/L,1.40,,,0.00,0.32,0.71,,1.10,0.00,,0.00,,,,,,,,,0.00,,3.00,,,,,,,,,,,,,,,,,,0.00,,,,,,,,0.00,0.00,,,,,
Michigan_MPART_Surface_Water,South Branch Tobacco River | 61-STOR-0060,Surface Water,43.8454,-84.6535,2019,11/5/2019,,EPA 537.1,,,ng/L,0.62,,,,0.00,0.67,0.73,0.42,0.00,,,,,,,,,,,0.00,0.70,,,,,,,,,,,,,,,,,,,,0.00,,,0.00,,,0.59,,,,,,,
Michigan_MPART_Surface_Water,Gull Creek | 25-GC-0120,Surface Water,42.33495,-85.40178,2023,5/10/2023,,EPA 537.1,,,ng/L,,,,0.00,0.00,,1.20,0.24,0.00,,0.00,,,,,,,,1.30,0.77,,,,,,,,,,,,,,,,,,,,0.00,,,,,,,1.10,0.00,0.00,,,,,
Michigan_MPART_Surface_Water,Black Creek | 48-BK-0130,Surface Water,41.775,-84.1375,2021,5/5/2021,,EPA 537.1,,,ng/L,2.00,,,0.34,0.35,,0.54,0.66,0.00,,0.00,,,,,,,,,0.00,0.44,3.20,,,,,,,,,,,,,,,,,,0.00,,,,,,,,0.00,0.00,,,,,
Michigan_MPART_Surface_Water,South Branch Flint River | 23-SBFR-0030,Surface Water,43.11425,-83.371304,2021,7/7/2021,,EPA 537.1,,,ng/L,,1.70,,0.53,0.46,,,1.00,0.00,,0.00,,,,,,,,,0.00,1.50,,,,,,,,,,,,,,,,,,,0.00,,,,,,,,0.00,0.00,,,,,
Michigan_MPART_Surface_Water,South Branch Kalamazoo River | 25-SKR-0150,Surface Water,42.13117,-84.73139,2019,9/17/2019,,EPA 537.1,,,ng/L,,,,0.00,0.00,0.58,,0.25,0.00,,,,,,,,,,,0.00,0.40,0.49,,,,,,,,,,,,,,,,,,0.00,0.00,,,0.00,,,0.85,,,,,,,
Michigan_MPART_Surface_Water,Manistee River | 37-MAN-0750,Surface Water,44.58835,-85.07821,2020,11/5/2020,,EPA 537.1,,,ng/L,,,,0.00,0.00,,,0.26,0.00,,0.00,,,,,,,,0.50,0.00,0.00,,,,,,,,,,,,,,,,,,,0.00,,,,,,,0.94,0.00,0.00,,,,,
Michigan_MPART_Surface_Water,Manistee River | 37-MAN-0600,Surface Water,44.484007,-85.355739,2021,9/14/2021,,EPA 537.1,,,ng/L,,,,0.40,0.00,,,0.00,0.00,,0.00,,,,,,,,,0.29,0.00,,,,,,,,,,,,,,,,,,,,,,,,,,,0.00,,,,,,
Michigan_MPART_Surface_Water,Shiawassee River | 50-SW-0440,Surface Water,42.7922,-83.6349,2022,11/9/2022,,EPA 537.1,,,ng/L,0.72,1.30,,0.41,0.40,0.62,1.20,0.85,0.22,,0.24,,,,,,,,1.20,0.42,1.70,4.30,,,,,,,,,,,,,,,,,,0.00,,,,,,,,0.23,0.00,,,,,
Michigan_MPART_Surface_Water,Delaney Creek | 47-WDC-0020,Surface Water,43.75277,-85.0453,2019,5/6/2019,,EPA 537.1,,,ng/L,,,,,0.00,0.37,,0.00,0.00,,,,,,,,,,,0.00,0.22,1.70,,,,,,,,,,,,,,,,,,,0.00,,,0.00,,,,,,,,,,
Michigan_MPART_Surface_Water,Detroit River Downstream | 19-DR-1000,Surface Water,42.05417,-83.152504,2017,9/13/2017,,EPA 537.1,,,ng/L,1.80,1.40,,,1.10,1.00,1.00,0.80,,,,,,,,,,,,,,1.20,,,,,,,,,,,,,,,,,,,0.20,0.00,,,0.50,,1.40,,,,,,,
Michigan_MPART_Surface_Water,Big Creek | 01-BGC-0050,Surface Water,44.0559,-83.76641,2021,5/3/2021,,EPA 537.1,,,ng/L,,,,0.32,0.00,,0.63,0.36,0.00,,0.00,,,,,,,,,0.00,0.30,,,,,,,,,,,,,,,,,,,0.00,,,,,,,,0.00,0.00,,,,,
Michigan_MPART_Surface_Water,Saginaw Bay | 30-SB-0010,Surface Water,43.94167,-83.623892,2019,9/5/2019,,EPA 537.1,,,ng/L,1.60,1.50,,0.00,0.40,0.72,1.20,0.72,0.00,,,,,,,,,,0.93,0.00,0.49,,,,,,,,,,,,,,,,,,,,0.00,,,0.00,,,0.44,,,,,,,
Michigan_MPART_Surface_Water,Brush Creek | 52-BRSH-0080,Surface Water,42.1471,-86.0658,2019,9/17/2019,,EPA 537.1,,,ng/L,0.52,0.84,,0.00,0.36,0.34,0.53,0.43,0.00,,,,,,,,,,,0.00,0.24,,,,,,,,,,,,,,,,,,,0.00,0.00,,,0.00,,,0.43,,,,,,,
Michigan_MPART_Surface_Water,Mill Creek | 51-MLC-0180,Surface Water,43.1241,-82.8926,2023,7/12/2023,,EPA 537.1,,,ng/L,,,,1.40,0.74,,,,0.00,,0.00,,,,,,,,,0.00,,,,,,,,,,,,,,,,,,3.00,,0.00,,,,0.00,,,0.91,0.00,0.00,,,,,
Michigan_MPART_Surface_Water,Mill Creek | 51-MLC-0180,Surface Water,43.1241,-82.8926,2023,9/7/2023,,EPA 537.1,,,ng/L,1.10,1.20,,,0.00,,1.10,0.55,0.00,,0.00,,,,,,,,0.75,0.00,0.64,,,,,,,,,,,,,,,,,,,,,,,,,,,0.00,,,,,,
Michigan_MPART_Surface_Water,Little Maple River | 39-LMR-0120,Surface Water,42.95739,-84.427254,2021,11/8/2021,,EPA 537.1,,,ng/L,,,,0.00,0.00,,,0.44,0.00,,0.00,,,,,,,,0.62,0.00,0.44,3.30,,,,,,,,,,,,,,,,,,0.00,,,,,,,,0.00,0.00,,,,,
Michigan_MPART_Surface_Water,Intermediate River | 10-IR-0020,Surface Water,44.973,-85.2134,2020,11/10/2020,,EPA 537.1,,,ng/L,,,,0.00,0.00,,,0.31,0.00,,0.00,,,,,,,,0.47,0.00,0.30,,,,,,,,,,,,,,,,,,,0.00,,,,,,,,0.00,0.00,,,,,
Michigan_MPART_Surface_Water,Veenboer Drain | 36-VBD-0005,Surface Water,43.30262,-85.70901,2022,11/7/2022,,EPA 537.1,,,ng/L,,,,0.00,0.00,,0.56,0.39,0.00,,0.00,,,,,,,,,0.00,0.73,3.80,,,,,,,,,,,,,,,,,,0.00,,,,,,,,0.00,0.27,,,,,
Michigan_MPART_Surface_Water,Pokagon Creek | 52-PKC-0080,Surface Water,41.89671,-86.09766,2019,7/9/2019,,EPA 537.1,,,ng/L,,,,0.00,0.00,0.36,,0.26,0.00,,,,,,,,,,,0.00,0.23,1.20,,,,,,,,,,,,,,,,,,0.00,0.00,,,0.00,,,0.00,,,,,,,
Michigan_MPART_Surface_Water,Trib to Cold Creek | 52-UCC-0030,Surface Water,41.9563,-84.9858,2023,9/25/2023,,EPA 537.1,,,ng/L,,,,,0.00,,0.68,0.00,0.00,,0.00,,,,,,,,,,0.75,,,,,,,,,,,,,,,,,,,,,,,,,,,0.00,,,,,,
Michigan_MPART_Surface_Water,St. Clair River Upstream | 51-SCR-0500,Surface Water,42.996948,-82.424448,2019,5/23/2019,,EPA 537.1,,,ng/L,1.10,1.10,,0.00,0.24,0.61,0.81,0.47,0.00,,,,,,,,,,,0.00,0.22,1.50,,,,,,,,,,,,,,,,,,0.00,0.00,,,0.00,,,0.00,,,,,,,
Michigan_MPART_Surface_Water,Mill Creek | 51-MLC-0180,Surface Water,43.1241,-82.8926,2023,9/21/2023,,EPA 537.1,,,ng/L,,,,0.00,0.00,,0.93,0.28,0.00,,0.00,,,,,,,,0.51,0.00,0.63,,,,,,,,,,,,,,,,,,,0.00,,,,,,,,0.00,0.00,,,,,
Michigan_MPART_Surface_Water,North Branch Kawkawlin River | 27-NKR-0250,Surface Water,43.864077,-84.186884,2021,7/6/2021,,EPA 537.1,,,ng/L,0.54,0.96,,0.31,0.27,0.57,0.83,0.46,0.19,1.50,0.00,,0.46,,,,,,0.49,0.00,0.61,2.40,,,,,,,,,,1.10,,,,,,1.30,,0.32,0.73,,,,1.30,,0.98,0.24,0.32,,0.40,,,
Michigan_MPART_Surface_Water,Saginaw Bay | 30-SB-0040,Surface Water,43.684726,-83.84306,2019,7/1/2019,,EPA 537.1,,,ng/L,,,,0.00,0.48,0.84,,1.10,0.00,,,,,,,,,,1.40,0.00,1.20,,,,,,,,,,,,,,,,,,,0.00,0.00,,,0.00,,,0.00,,,,,,,
Michigan_MPART_Surface_Water,Honey Creek | 24-HCL-0100,Surface Water,42.4675,-83.9909,2023,5/9/2023,,EPA 537.1,,,ng/L,,0.87,,0.00,0.00,,,0.72,0.00,,0.00,,,,,,,,,0.00,0.00,,,,,,,,,,,,,,,,,,,,,,,,,,,0.00,,,,,,
Michigan_MPART_Surface_Water,Little Sable River | 45-LSR-0010,Surface Water,44.0403,-86.0501,2020,5/19/2020,,EPA 537.1,,,ng/L,0.64,1.00,,0.00,0.00,0.31,0.53,0.57,0.00,,,,,,,,,,0.66,0.00,0.24,,,,,,,,,,,,,,,,,,,0.00,0.00,,,0.00,,,,0.00,0.00,,0.00,,,
Michigan_MPART_Surface_Water,Boardman River | 10-BDR-0360,Surface Water,44.64782,-85.57287,2019,9/26/2019,,EPA 537.1,,,ng/L,,,,0.00,0.00,0.40,,0.30,0.00,,,,,,,,,,,0.00,0.28,1.60,,,,,,,,,,,,,,,,,,0.00,0.00,,,0.00,,,0.53,,,,,,,
Michigan_MPART_Surface_Water,Wilkins Creek | 01-WC-0030,Surface Water,44.40331,-84.1265,2022,5/4/2022,,EPA 537.1,,,ng/L,,,,0.00,0.00,,,0.00,0.00,,0.00,,,,,,,,,0.00,0.00,,,,,,,,,,,,,,,,,,,0.00,,,,,,,,0.00,0.00,,,,,
Michigan_MPART_Surface_Water,South Branch Kalamazoo River | 25-SKR-0150,Surface Water,42.13117,-84.73139,2019,5/7/2019,,EPA 537.1,,,ng/L,,,,,0.00,0.57,,0.42,0.00,,,,,,,,,,,0.00,0.49,,,,,,,,,,,,,,,,,,,,0.33,,,0.00,,,,,,,,,,
Michigan_MPART_Surface_Water,East Branch Willow Creek | 06-EWC-0050,Surface Water,43.87126,-82.83543,2021,9/21/2021,,EPA 537.1,,,ng/L,1.20,,,0.00,0.28,,,0.00,0.00,,0.00,,,,,,,,,0.00,0.41,3.10,,,,,,,,,,,,,,,,,,0.00,,,,,,,,0.00,0.30,,,,,
Michigan_MPART_Surface_Water,Black Creek | 48-BK-0130,Surface Water,41.775,-84.1375,2021,11/10/2021,,EPA 537.1,,,ng/L,,,,0.00,0.00,,,0.65,0.00,,0.00,,,,,,,,,0.00,0.33,3.20,,,,,,,,,,,,,,,,,,0.00,,,,,,,,0.00,0.00,,,,,
Michigan_MPART_Surface_Water,Bean Creek | 59-BC-0010,Surface Water,45.0855,-83.6939,2019,11/4/2019,,EPA 537.1,,,ng/L,,,,0.00,0.00,0.31,0.53,0.46,0.00,,,,,,,,,,,0.00,0.51,,,,,,,,,,,,,,,,,,,0.00,0.00,,,0.00,,,1.10,,,,,,,
Michigan_MPART_Surface_Water,Rio Grande Creek | 36-RGC-0070,Surface Water,43.1517,-85.8704,2020,5/19/2020,,EPA 537.1,,,ng/L,1.40,1.10,,0.00,0.26,0.64,0.79,0.49,0.00,,,,,,,,,,1.20,0.00,0.82,,,,,,,,,,,,,,,,,,,0.00,0.00,,,0.00,,,0.73,0.00,0.00,,0.00,,,
Michigan_MPART_Surface_Water,Butternut Creek | 58-BN-0030,Surface Water,42.5915,-84.8107,2021,9/22/2021,,EPA 537.1,,,ng/L,1.80,1.00,,0.49,0.00,,,0.00,0.00,,0.00,,,,,,,,,0.00,0.99,2.60,,,,,,,,,,,,,,,,,,,,,,,,,,0.00,0.32,,,,,
Michigan_MPART_Surface_Water,Overton Creek (aka Littlefield | 61-OTC-0030,Surface Water,43.8567,-84.8907,2023,5/9/2023,,EPA 537.1,,,ng/L,,1.80,,0.00,0.00,0.57,,0.68,0.00,,0.00,,,,,,,,1.70,0.00,1.30,,,,,,,,,,,,,,,,,,,,,,,,,,,0.00,,,,,,
Michigan_MPART_Surface_Water,Detroit River Downstream | 19-DR-1000,Surface Water,42.05417,-83.152504,2019,5/23/2019,,EPA 537.1,,,ng/L,3.10,1.30,,0.00,0.28,0.69,0.82,0.50,0.00,,,,,,,,,,,0.00,0.00,1.40,,,,,,,,,,,,,,,,,,0.00,0.00,,,0.00,,,0.00,,,,,,,
Michigan_MPART_Surface_Water,Rush Creek | 23-RSH-0040,Surface Water,42.9992,-83.9873,2019,5/8/2019,,EPA 537.1,,,ng/L,0.90,,,0.30,0.28,0.72,,1.20,0.00,,,,,,,,,,,0.00,1.60,,,,,,,,,,,,,,,,,,,,0.00,,,0.00,,,,,,,,,,
Michigan_MPART_Surface_Water,Upper River Rouge | 19-UBR-0060,Surface Water,42.4244,-83.3159,2019,5/23/2019,,EPA 537.1,,,ng/L,,,,0.92,0.92,,,,0.00,,,,,,,,,,,0.29,,,,,,,,,,,,,,,,,,,,,0.00,,,0.00,,,,,,,,,,
Michigan_MPART_Surface_Water,Fellows Creek | 19-FC-0050,Surface Water,42.30929,-83.44469,2022,7/6/2022,,EPA 537.1,,,ng/L,4.00,,,0.72,0.80,1.20,,,0.00,,0.00,,,,,,,,,0.00,,,,,,,,,,,,,,,,,,,,0.00,,,,,,,,0.00,0.00,,,,,
Michigan_MPART_Surface_Water,Moore Creek | 46-MC-0050,Surface Water,43.9447,-83.0844,2020,11/11/2020,,EPA 537.1,,,ng/L,0.81,,,0.00,0.00,,,0.26,0.00,,0.00,,,,,,,,0.54,0.00,0.92,3.10,,,,,,,,,,,,,,,,,,0.00,,,,,,,1.40,0.00,0.00,,,,,
Michigan_MPART_Surface_Water,Unnamed Tributary to Dowagiac R | 52-UDR-0010,Surface Water,42.007679,-86.108099,2023,5/10/2023,,EPA 537.1,,,ng/L,,1.30,,0.00,0.00,,0.80,0.56,0.00,,0.00,,,,,,,,,0.00,1.20,,,,,,,,,,,,,,,,,,,0.00,,,,,,,0.88,0.00,0.00,,,,,
Michigan_MPART_Surface_Water,Tallahassee Creek | 52-TC-0030,Surface Water,41.839778,-84.945126,2021,9/22/2021,,EPA 537.1,,,ng/L,,,,,0.00,,,0.00,0.00,,0.00,,,,,,,,,0.00,0.00,,,,,,,,,,,,,,,,,,,,,,,,,,1.30,0.00,0.32,,,,,
Michigan_MPART_Surface_Water,Stewart Creek | 07-SC-0015,Surface Water,45.4174,-84.2741,2020,11/10/2020,,EPA 537.1,,,ng/L,,,,0.00,0.00,,,0.00,0.00,,0.00,,,,,,,,,0.00,0.00,,,,,,,,,,,,,,,,,,,0.00,,,,,,,,0.00,0.00,,,,,
Michigan_MPART_Surface_Water,Brush Creek | 59-BRC-0020,Surface Water,45.0647,-83.906,2020,7/6/2020,,EPA 537.1,,,ng/L,0.73,0.70,,0.00,0.00,0.29,0.58,0.33,0.00,,,,,,,,,,0.48,0.00,0.28,,,,,,,,,,,,,,,,,,,0.00,0.00,,,0.00,,,1.10,0.00,0.00,,0.00,,,
Michigan_MPART_Surface_Water,Rabbit River | 25-RR-0120,Surface Water,42.6929,-85.79937,2021,7/1/2021,,EPA 537.1,,,ng/L,,,,0.43,0.56,0.61,,,0.00,,0.00,,,,,,,,,0.00,1.80,,,,,,,,,,,,,,,,,,,,,,,,,,,0.00,,,,,,
Michigan_MPART_Surface_Water,Saginaw Bay | 30-SB-0010,Surface Water,43.94167,-83.623892,2019,11/19/2019,,EPA 537.1,,,ng/L,2.20,1.50,,0.00,0.00,0.89,1.30,0.73,0.00,,,,,,,,,,1.20,0.00,0.59,,,,,,,,,,,,,,,,,,,0.00,0.00,,,0.00,,,0.44,,,,,,,
Michigan_MPART_Surface_Water,Ackely Creek | 25-AC-0030,Surface Water,42.399,-85.0054,2020,11/4/2020,,EPA 537.1,,,ng/L,,,,0.00,0.00,,0.77,0.52,0.00,,0.00,,,,,,,,0.88,0.00,0.00,,,,,,,,,,,,,,,,,,,0.00,,,,,,,,0.00,0.00,,,,,
Michigan_MPART_Surface_Water,Chippewa River | 47-CHIP-0040,Surface Water,43.5948,-84.3698,2019,11/5/2019,,EPA 537.1,,,ng/L,0.62,1.10,,0.00,0.28,0.55,0.89,0.64,0.00,,,,,,,,,,,0.00,0.86,,,,,,,,,,,1.00,,,,,,,,,0.00,,,0.15,,,1.10,,,,,,,
Michigan_MPART_Surface_Water,Mill Creek | 51-MLC-0180,Surface Water,43.1241,-82.8926,2023,9/21/2023,,EPA 537.1,,,ng/L,,,,0.00,0.44,,,,0.00,,0.00,,,,,,,,,0.00,0.55,4.10,,,,,,,,,,,,,,,,,,0.00,,,,,,,,0.00,0.00,,,,,
Michigan_MPART_Surface_Water,Cahaogan Creek | 62-CHG-0040,Surface Water,42.44125,-84.29105,2022,11/8/2022,,EPA 537.1,,,ng/L,,,,0.00,0.00,,,0.00,0.00,,0.00,,,,,,,,,0.00,0.52,,,,,,,,,,,,,,,,,,,0.00,,,,,,,,0.00,0.28,,,,,
Michigan_MPART_Surface_Water,South Branch Tobacco River | 61-STOR-0060,Surface Water,43.8454,-84.6535,2019,7/2/2019,,EPA 537.1,,,ng/L,,1.10,,0.00,0.30,0.83,0.97,0.54,0.00,,,,,,,,,,,0.00,0.81,,,,,,,,,,,,,,,,,,,0.00,0.00,,,0.00,,,0.00,,,,,,,
Michigan_MPART_Surface_Water,St. Clair River Downstream | 51-SCR-0080,Surface Water,42.649448,-82.513338,2017,9/13/2017,,EPA 537.1,,,ng/L,,1.40,,,,0.80,0.80,0.70,,,,,,,,,,,,,,1.20,,,,,,,,,,,,,,,,,,,0.30,0.20,,,0.50,,0.90,,,,,,,
Michigan_MPART_Surface_Water,Bottom Creek | 23-BC-0020,Surface Water,43.21021,-83.1956,2021,5/4/2021,,EPA 537.1,,,ng/L,,1.80,,0.45,0.28,,1.80,1.10,0.00,,0.00,,,,,,,,1.30,0.00,0.31,,,,,,,,,,,,,,,,,,,,,,,,,,,0.00,,,,,,
Michigan_MPART_Surface_Water,Delaney Creek | 47-WDC-0020,Surface Water,43.75277,-85.0453,2019,9/11/2019,,EPA 537.1,,,ng/L,,,,0.00,0.00,0.31,,0.00,0.00,,,,,,,,,,,0.00,0.21,1.70,,,,,,,,,,,,,,,,,,0.00,0.00,,,0.00,,,0.42,,,,,,,
Michigan_MPART_Surface_Water,Unnamed trib to Little Rainy Ri | 07-ULRR-0010,Surface Water,45.3107,-84.1959,2020,5/26/2020,,EPA 537.1,,,ng/L,0.57,1.00,,0.00,0.28,0.37,1.20,0.80,0.00,,,,,,,,,,1.20,0.00,1.20,,,,,,,,,,,,,,,,,,,0.00,0.00,,,0.00,,,0.47,0.00,0.00,,0.00,,,
Michigan_MPART_Surface_Water,Saddler Creek | 01-SC-0030,Surface Water,44.2496,-83.6495,2022,7/14/2022,,EPA 537.1,,,ng/L,,,,0.00,0.00,,,0.00,0.00,,0.00,,,,,,,,,0.00,0.00,,,,,,,,,,,,,,,,,,,0.00,,,,,,,0.97,0.00,0.00,,,,,
Michigan_MPART_Surface_Water,Taylor Creek | 10-TC-0020,Surface Water,44.675,-85.3234,2022,7/21/2022,,EPA 537.1,,,ng/L,,0.82,,0.00,0.25,,,0.45,0.00,,0.00,,,,,,,,,0.00,0.00,,,,,,,,,,,,,,,,,,,0.00,,,,,,,,0.00,0.27,,,,,
Michigan_MPART_Surface_Water,Trib to Grand River | 62-USGR-0020,Surface Water,42.10804,-84.36212,2019,9/17/2019,,EPA 537.1,,,ng/L,,,,0.00,0.00,0.26,,0.00,0.00,,,,,,,,,,,0.00,0.21,0.50,,,,,,,,,,,,,,,,,,0.00,0.00,,,0.00,,,0.42,,,,,,,
Michigan_MPART_Surface_Water,Unnamed Trib between Devoe Lake | 60-UMLD-0010,Surface Water,41.833055,-84.421124,2021,5/5/2021,,EPA 537.1,,,ng/L,,,,0.32,0.37,,0.67,0.74,0.00,,0.00,,,,,,,,0.55,0.00,0.33,3.20,,,,,,,,,,,,,,,,,,,,,,,,,,0.00,,,,,,
Michigan_MPART_Surface_Water,South Ore Creek | 24-SOC-0100,Surface Water,42.54936,-83.778463,2021,5/4/2021,,EPA 537.1,,,ng/L,,1.60,,0.60,0.48,,,1.10,0.00,,0.00,,,,,,,,1.80,0.00,,3.30,,,,,,,,,,,,,,,,,,,,,,,,,,0.00,,,,,,
Michigan_MPART_Surface_Water,Manistee River | 37-MAN-0600,Surface Water,44.484007,-85.355739,2021,9/14/2021,,EPA 537.1,,,ng/L,,,,0.47,0.00,,,0.00,0.00,,0.00,,,,,,,,,0.28,0.00,,,,,,,,,,,,,,,,,,,0.00,,,,,,,,0.00,0.00,,,,,
Michigan_MPART_Surface_Water,Cahaogan Creek | 62-CHG-0040,Surface Water,42.44125,-84.29105,2022,7/6/2022,,EPA 537.1,,,ng/L,,,,0.00,0.00,,,0.00,0.00,,0.00,,,,,,,,,0.00,0.93,,,,,,,,,,,,,,,,,,,0.00,,,,,,,,0.00,0.00,,,,,
Michigan_MPART_Surface_Water,Pinnebog River | 46-PBR-0150,Surface Water,43.84428,-83.16207,2023,5/4/2023,,EPA 537.1,,,ng/L,,,,0.00,0.00,,0.55,0.31,0.00,,0.00,,,,,,,,,0.00,1.40,4.60,,,,,,,,,,,,,,,,,,0.00,,,,,,,,0.00,0.00,,,,,
Michigan_MPART_Surface_Water,North Branch White River | 45-NWR-0040,Surface Water,43.5699,-86.21,2022,9/6/2022,,EPA 537.1,,,ng/L,,,,0.00,0.00,,,0.00,0.00,,0.00,,,,,,,,,0.00,0.00,,,,,,,,,,,,,,,,,,,0.00,,,,,,,,0.00,0.00,,,,,
Michigan_MPART_Surface_Water,Stony Creek | 39-STC-0010,Surface Water,42.9149,-84.58252,2022,7/6/2022,,EPA 537.1,,,ng/L,,,,0.00,0.00,,,0.00,0.00,,0.00,,,,,,,,,0.00,0.29,,,,,,,,,,,,,,,,,,,0.00,,,,,,,,0.00,0.00,,,,,
Michigan_MPART_Surface_Water,Manistee River | 37-MAN-0600,Surface Water,44.484007,-85.355739,2021,11/2/2021,,EPA 537.1,,,ng/L,,,,0.00,0.00,,,0.00,0.00,,0.00,,,,,,,,,0.00,0.00,,,,,,,,,,,,,,,,,,,0.00,,,,,,,,0.00,0.00,,,,,
Michigan_MPART_Surface_Water,Moore Creek | 46-MC-0050,Surface Water,43.9447,-83.0844,2020,5/28/2020,,EPA 537.1,,,ng/L,0.92,1.20,,0.00,0.34,0.51,0.73,0.52,0.00,,,,,,,,,,1.10,0.00,0.94,,,,,,,,,,,,,,,,,,,0.00,0.00,,,0.00,,,0.78,0.00,0.00,,0.00,,,
Michigan_MPART_Surface_Water,Black Creek | 48-BK-0130,Surface Water,41.775,-84.1375,2021,7/8/2021,,EPA 537.1,,,ng/L,,,,0.00,0.00,,0.63,0.47,0.00,,0.00,,,,,,,,,0.00,0.40,2.80,,,,,,,,,,,,,,,,,,0.00,,,,0.00,,,,0.00,0.00,,,,,
Michigan_MPART_Surface_Water,Boardman River | 10-BDR-0360,Surface Water,44.64782,-85.57287,2019,7/24/2019,,EPA 537.1,,,ng/L,,1.10,,0.00,0.00,0.43,,0.38,0.00,,,,,,,,,,,0.00,0.28,1.60,,,,,,,,,,,,,,,,,,,0.00,,,0.00,,,,,,,,,,
Michigan_MPART_Surface_Water,Macon Creek | 48-MC-0130,Surface Water,41.99163,-83.74988,2020,11/12/2020,,EPA 537.1,,,ng/L,,,,0.00,0.00,,0.72,0.35,0.00,,0.00,,,,,,,,0.87,0.00,0.74,,,,,,,,,,,,,,,,,,,,,,,,,,,0.00,,,,,,
Michigan_MPART_Surface_Water,Mud Creek | 14-MUD-0030,Surface Water,43.52189,-83.16789,2023,7/6/2023,,EPA 537.1,,,ng/L,0.94,0.75,,0.00,0.31,,,0.33,0.00,,0.00,,,,,,,,0.48,0.00,1.10,,,,,,,,,,,,,,,,,,,0.00,,,,,,,,0.00,0.00,,,,,
Michigan_MPART_Surface_Water,Pine River | 47-PR-0060,Surface Water,43.5171,-84.4621,2023,5/3/2023,,EPA 537.1,,,ng/L,,,,0.00,0.23,,0.78,0.30,0.00,,0.00,,,,,,,,0.51,0.00,1.10,2.70,,,,,,,,,,,,,,,,,,0.00,,,,,,,,0.00,0.00,,,,,
Michigan_MPART_Surface_Water,Trout Creek | 17-TC-0100,Surface Water,42.74111,-83.24601,2023,5/4/2023,,EPA 537.1,,,ng/L,,1.60,,0.00,0.23,0.58,,1.00,0.00,,0.00,,,,,,,,2.40,0.00,,6.60,,,,,,,,,,,,,,,,,,0.00,,,,,,,,0.00,0.00,,,,,
Michigan_MPART_Surface_Water,Pigeon River | 08-PR-140,Surface Water,42.9328,-86.0524,2021,5/12/2021,,EPA 537.1,,,ng/L,1.50,,,0.00,0.31,1.40,,1.70,0.00,,0.00,,,,,,,,,0.00,,,,,,,,,,,,,,,,,,,,,,,,,,,,0.00,,,,,,
Michigan_MPART_Surface_Water,Mill Creek | 51-MLC-0180,Surface Water,43.1241,-82.8926,2023,7/19/2023,,EPA 537.1,,,ng/L,,,,0.00,0.00,,,0.35,0.00,,0.00,,,,,,,,,0.00,0.00,2.40,,,,,,,,,,,,,,,,,,0.00,,,,,,,,0.00,0.00,,,,,
Michigan_MPART_Surface_Water,Ackely Creek | 25-AC-0030,Surface Water,42.399,-85.0054,2021,5/5/2021,,EPA 537.1,,,ng/L,0.69,,,0.36,0.33,,0.83,0.59,0.00,,0.00,,,,,,,,,0.00,0.00,2.70,,,,,,,,,,,,,,,,,,0.00,,,,,,,,0.00,0.00,,,,,
Michigan_MPART_Surface_Water,North Branch Lincoln River | 45-NLR-0150,Surface Water,44.0347,-86.1411,2019,9/16/2019,,EPA 537.1,,,ng/L,0.59,1.20,,0.00,0.46,0.33,,0.84,0.00,,,,,,,,,,,0.00,0.47,,,,,,,,,,,,,,,,,,,0.00,0.00,,,0.00,,,0.32,,,,,,,
Michigan_MPART_Surface_Water,South Branch River Raisin | 48-SB-0190,Surface Water,41.85523,-84.17938,2021,7/8/2021,,EPA 537.1,,,ng/L,1.20,1.20,,0.00,0.39,,0.96,0.81,0.00,,0.00,,,,,,,,0.65,0.00,0.59,,,,,,,,,,,,,,,,,,,0.00,,,,,,,,0.00,0.00,,,,,
Michigan_MPART_Surface_Water,Au Sable River | 02-AS-0149,Surface Water,44.436115,-83.43417,2001,3/7/2001,,Undisclosed,,,ng/L,,,,,,,,,,,,,,,,,,,,,,,,,,,,,,,,,,,,,,,,,,,,,,,,,,,,,,
Michigan_MPART_Surface_Water,Unnamed trib to Quinicassee Riv | 46-UQR-0010,Surface Water,43.5368,-83.7088,2020,11/11/2020,,EPA 537.1,,,ng/L,,,,0.00,0.38,,,0.81,0.00,,0.00,,,,,,,,1.80,0.00,,4.50,,,,,,,,,,,,,,,,,,0.00,,,,,,,,0.00,0.00,,,,,
Michigan_MPART_Surface_Water,Four Mile Creek | 42-FMC2-0030,Surface Water,43.4094,-85.86044,2021,5/11/2021,,EPA 537.1,,,ng/L,,,,,,,,,,,,,,,,,,,,,,,,,,,,,,,,,,,,,,,,,,,,,,,,,,,,,,
Michigan_MPART_Surface_Water,Upper River Rouge | 19-UBR-0060,Surface Water,42.4244,-83.3159,2019,11/14/2019,,EPA 537.1,,,ng/L,,,,0.34,0.48,,,1.80,0.00,,,,,,,,,,,0.00,,,,,,,,,,,,,,,,,,,,,0.00,,,0.00,,,0.79,,,,,,,
Michigan_MPART_Surface_Water,Chippewa River | 47-CHIP-0040,Surface Water,43.5948,-84.3698,2019,11/5/2019,,EPA 537.1,,,ng/L,0.67,1.10,,0.00,0.29,0.51,0.79,0.66,0.00,,,,,,,,,,,0.00,0.92,,,,,,,,,,,,,,,,,,,,0.00,,,0.00,,,0.83,,,,,,,
Michigan_MPART_Surface_Water,West Branch Clam River | 42-WCM-0030,Surface Water,44.11738,-85.05988,2022,5/4/2022,,EPA 537.1,,,ng/L,,,,0.00,0.36,,,0.91,0.00,,0.00,,,,,,,,,0.00,0.61,,,,,,,,,,,,,,,,,,,0.00,,,,,,,,0.00,0.00,,,,,
Michigan_MPART_Surface_Water,Honey Creek | 24-HCL-0100,Surface Water,42.4675,-83.9909,2023,11/7/2023,,EPA 537.1,,,ng/L,,,,0.00,0.00,,0.69,0.00,0.00,,0.00,,,,,,,,,0.00,0.00,2.20,,,,,,,,,,,,,,,,,,0.00,,,,,,,,0.00,0.00,,,,,
Michigan_MPART_Surface_Water,Mill Creek | 36-MC-0150,Surface Water,43.0901,-85.691,2019,7/8/2019,,EPA 537.1,,,ng/L,1.10,0.94,,0.00,0.26,0.49,1.00,0.67,0.00,,,,,,,,,,0.61,0.00,0.69,,,,,,,,,,,,,,,,,,,0.00,0.00,,,0.00,,,0.00,,,,,,,
Michigan_MPART_Surface_Water,Messer Brook | 58-MSB-0020,Surface Water,42.76977,-85.24025,2021,11/10/2021,,EPA 537.1,,,ng/L,1.60,0.89,,0.00,0.00,,0.53,0.00,0.00,,0.00,,,,,,,,,0.00,1.00,,,,,,,,,,,,,,,,,,,0.00,,,,,,,,0.00,0.00,,,,,
Michigan_MPART_Surface_Water,Messer Brook | 58-MSB-0020,Surface Water,42.76977,-85.24025,2021,5/5/2021,,EPA 537.1,,,ng/L,,1.10,,0.32,0.26,,0.64,0.41,0.00,,0.00,,,,,,,,,0.00,1.10,,,,,,,,,,,,,,,,,,,,,,,,,,,0.00,,,,,,
Michigan_MPART_Surface_Water,Unnamed trib to Mill Creek | 60-UMC-0030,Surface Water,41.7083,-84.3754,2020,11/12/2020,,EPA 537.1,,,ng/L,1.60,,,0.00,0.00,,0.72,0.34,0.00,,0.00,,,,,,,,0.68,0.00,0.82,,,,,,,,,,,,,,,,,,,0.00,,,,,,,,0.00,0.00,,,,,
Michigan_MPART_Surface_Water,Kearsley Creek | 23-KC-0060,Surface Water,43.0406,-83.5958,2020,5/27/2020,,EPA 537.1,,,ng/L,2.30,,,0.00,0.49,,,1.10,0.00,,,,,,,,,,,0.27,,,,,,,,,,,,,,,,,,,,0.00,0.00,,,0.00,,,0.85,0.00,0.00,,0.00,,,
Michigan_MPART_Surface_Water,Unnamed Trib to South Branch Li | 61-LGD-0010,Surface Water,44.045272,-84.456811,2022,5/4/2022,,EPA 537.1,,,ng/L,,,,0.00,0.00,,0.58,0.52,0.00,,0.00,,,,,,,,1.00,0.00,0.79,,,,,,,,,,,,,,,,,,,0.00,,,,,,,,0.00,0.00,,,,,
Michigan_MPART_Surface_Water,Spike Horn Creek (N B Tobacco R | 61-NTOR-0090,Surface Water,43.94585,-84.62892,2022,9/20/2022,,EPA 537.1,,,ng/L,0.44,,,0.00,0.00,,,0.35,0.00,,0.00,,,,,,,,,0.00,0.28,,,,,,,,,,,,,,,,,,,0.00,,,,0.00,,,,0.00,0.00,,,,,
Michigan_MPART_Surface_Water,Mill Creek | 51-MLC-0180,Surface Water,43.1241,-82.8926,2023,7/11/2023,,EPA 537.1,,,ng/L,,1.20,,,0.00,,,0.64,0.00,,0.00,,,,,,,,,0.00,1.00,2.90,,,,,,,,,,,,,,,,,,,,,,,,,,0.00,0.32,,,,,
Michigan_MPART_Surface_Water,Mill Creek | 51-MLC-0180,Surface Water,43.1241,-82.8926,2023,7/19/2023,,EPA 537.1,,,ng/L,,,,0.00,0.00,,0.52,0.39,0.00,,0.00,,,,,,,,0.62,0.00,0.61,,,,,,,,,,,,,,,,,,,0.00,,,,0.00,,,,0.00,0.00,,,,,
Michigan_MPART_Surface_Water,Chippewa River | 47-CHIP-0120,Surface Water,43.62304,-84.62978,2019,11/5/2019,,EPA 537.1,,,ng/L,0.67,1.10,,,0.00,0.55,0.94,0.58,0.00,,,,,,,,,,,0.00,0.99,,,,,,,,,,,,,,,,,,,,0.00,,,0.00,,,0.74,,,,,,,
Michigan_MPART_Surface_Water,Pine River | 47-PR-0190,Surface Water,43.3875,-84.6465,2020,11/4/2020,,EPA 537.1,,,ng/L,0.50,0.89,,0.00,0.00,0.82,1.40,0.37,0.00,,0.00,,,,,,,,1.30,0.00,,,,,,,,,,,,,,,,,,,,0.00,,,,0.00,,,,0.00,0.00,,,,,
Michigan_MPART_Surface_Water,St. Joseph River (Upper) | 52-SJ-0110,Surface Water,41.80003,-85.756944,2001,11/20/2001,,Undisclosed,,,ng/L,,,,,,,,,,,,,,,,,,,,,,,,,,,,,,,,,,,,,,,,,,,,,,,,,,,,,,
Michigan_MPART_Surface_Water,Little Sable River | 45-LSR-0010,Surface Water,44.0403,-86.0501,2020,11/3/2020,,EPA 537.1,,,ng/L,,,,0.00,0.00,,,0.29,0.00,,0.00,,,,,,,,,0.00,0.19,,,,,,,,,,,,,,,,,,,0.00,,,,,,,,0.00,0.00,,,,,
Michigan_MPART_Surface_Water,Saginaw Bay | 30-SB-0050,Surface Water,43.738337,-83.640837,2019,5/16/2019,,EPA 537.1,,,ng/L,1.40,1.50,,0.00,0.33,0.71,1.20,0.69,0.00,,,,,,,,,,0.78,0.00,0.42,,,,,,,,,,,,,,,,,,,,0.00,,,0.00,,,,,,,,,,
Michigan_MPART_Surface_Water,Saginaw Bay | 30-SB-0040,Surface Water,43.684726,-83.84306,2019,5/16/2019,,EPA 537.1,,,ng/L,1.30,1.30,,0.00,0.50,1.00,1.40,0.70,0.00,,,,,,,,,,1.20,0.00,1.50,,,,,,,,,,,,,,,,,,,,0.00,,,0.00,,,,,,,,,,
Michigan_MPART_Surface_Water,Bottom Creek | 23-BC-0020,Surface Water,43.21021,-83.1956,2021,9/21/2021,,EPA 537.1,,,ng/L,,1.20,,0.00,0.00,,0.98,0.00,0.00,,0.00,,,,,,,,0.98,0.00,0.00,,,,,,,,,,,,,,,,,,,,,,,,,,,0.00,0.31,,,,,
Michigan_MPART_Surface_Water,Sashabaw Creek | 17-SBC-0050,Surface Water,42.7211,-83.35254,2020,9/17/2020,,EPA 537.1,,,ng/L,0.85,1.50,,0.00,0.30,1.50,1.60,0.76,0.00,,0.00,,,,,,,,1.80,0.35,,3.80,,,,,,,,,,,,,,,,,,0.00,,,,,,,,0.00,0.00,,,,,
Michigan_MPART_Surface_Water,Stony Brook | 47-STB-0020,Surface Water,43.56639,-84.96735,2021,7/15/2021,,EPA 537.1,,,ng/L,,,,0.36,0.00,,,0.00,0.00,,0.00,,,,,,,,,0.00,0.48,,,,,,,,,,,,,,,,,,,0.00,,,,,,,,0.00,0.00,,,,,
Michigan_MPART_Surface_Water,Cahaogan Creek | 62-CHG-0040,Surface Water,42.44125,-84.29105,2022,5/11/2022,,EPA 537.1,,,ng/L,,0.72,,0.00,0.00,,0.71,0.51,0.00,,0.00,,,,,,,,0.76,0.00,1.10,3.80,,,,,,,,,,,,,,,,,,0.00,,,,,,,,0.00,0.00,,,,,
Michigan_MPART_Surface_Water,Coon Creek | 17-CC-0030,Surface Water,42.7159,-82.8813,2019,11/14/2019,,EPA 537.1,,,ng/L,0.70,1.20,,0.00,0.00,0.43,1.00,0.49,0.00,,,,,,,,,,1.10,0.00,1.50,,,,,,,,,,,,,,,,,,,0.00,0.00,,,0.00,,,0.46,,,,,,,
Michigan_MPART_Surface_Water,E B Chocolay River | 05-ECR-0040,Surface Water,46.33292,-87.26168,2023,9/25/2023,,EPA 537.1,,,ng/L,,0.93,,0.00,0.53,,0.60,0.87,0.00,,0.00,,,,,,,,0.61,0.00,0.28,,,,,,,,,,,,,,,,,,,0.00,,,,,,,,0.00,0.00,,,,,
Michigan_MPART_Surface_Water,Trout Creek | 17-TC-0100,Surface Water,42.74111,-83.24601,2019,5/23/2019,,EPA 537.1,,,ng/L,1.40,,,0.00,0.63,0.64,,1.50,0.00,,,,,,,,,,3.00,0.00,,,,,,,,,,,,,,,,,,,,0.00,0.00,,,0.00,,,,,,,,,,
Michigan_MPART_Surface_Water,Spike Horn Creek (N B Tobacco R | 61-NTOR-0090,Surface Water,43.94585,-84.62892,2022,7/14/2022,,EPA 537.1,,,ng/L,,,,0.00,0.00,,,0.30,0.00,,0.00,,,,,,,,,0.00,0.24,,,,,,,,,,,,,,,,,,,,,,,,,,,0.00,,,,,,
Michigan_MPART_Surface_Water,Mill Creek | 51-MLC-0180,Surface Water,43.1241,-82.8926,2023,7/11/2023,,EPA 537.1,,,ng/L,,1.60,,,0.00,,,0.91,0.00,,0.00,,,,,,,,,0.00,1.10,,,,,,,,,,,,,,,,,,,,,,,,,,,0.00,0.32,,,,,
Michigan_MPART_Surface_Water,North Branch Thunder Bay River | 59-NTBR-0040,Surface Water,45.178436,-83.626343,2021,11/8/2021,,EPA 537.1,,,ng/L,,,,0.00,0.00,,,0.51,0.00,,0.00,,,,,,,,,0.00,0.00,,,,,,,,,,,,,,,,,,,,,,,,,,,0.00,,,,,,
Michigan_MPART_Surface_Water,Sucker Creek Drain | 14-SCD-0100,Surface Water,43.38313,-83.24561,2022,5/12/2022,,EPA 537.1,,,ng/L,1.70,,,0.00,0.00,,,0.35,0.00,,0.00,,,,,,,,0.53,0.00,0.50,2.60,,,,,,,,,,,,,,,,,,0.00,,,,,,,,0.00,0.00,,,,,
Michigan_MPART_Surface_Water,Mill Creek | 36-MC-0150,Surface Water,43.0901,-85.691,2019,11/12/2019,,EPA 537.1,,,ng/L,,,,0.00,0.32,0.46,,0.48,0.00,,,,,,,,,,,0.00,0.40,,,,,,,,,,,,,,,,,,,0.00,0.00,,,0.00,,,0.95,,,,,,,
Michigan_MPART_Surface_Water,North Branch Kawkawlin River | 27-NKR-0250,Surface Water,43.864077,-84.186884,2021,9/20/2021,,EPA 537.1,,,ng/L,,0.80,,0.00,0.00,,,0.00,0.00,,0.00,,,,,,,,,0.00,0.61,2.80,,,,,,,,,,,,,,,,,,0.00,,,,,,,,0.00,0.00,,,,,
Michigan_MPART_Surface_Water,Saginaw Bay | 30-SB-0050,Surface Water,43.738337,-83.640837,2019,9/5/2019,,EPA 537.1,,,ng/L,,,,0.00,0.59,0.95,,1.10,0.00,,,,,,,,,,1.60,0.00,1.00,,,,,,,,,,,,,,,,,,,0.00,0.00,,,0.00,,,0.44,,,,,,,
Michigan_MPART_Surface_Water,Stony Creek | 39-STC-0010,Surface Water,42.9149,-84.58252,2022,9/7/2022,,EPA 537.1,,,ng/L,,,,0.00,0.00,,0.62,0.34,0.00,,0.00,,,,,,,,,0.00,0.96,,,,,,,,,,,,,,,,,,,0.00,,,,,,,,0.00,0.00,,,,,
Michigan_MPART_Surface_Water,Mill Creek | 51-MLC-0180,Surface Water,43.1241,-82.8926,2023,9/20/2023,,EPA 537.1,,,ng/L,,1.40,,,0.00,0.62,,0.47,0.00,,0.00,,,,,,,,1.50,0.00,,3.20,,,,,,,,,,,,,,,,,,,,,,,,,,0.00,,,,,,
Michigan_MPART_Surface_Water,Thornapple River Extension | 58-TRE-0010,Surface Water,42.65403,-84.7668,2021,9/22/2021,,EPA 537.1,,,ng/L,,,,,0.00,,0.75,0.00,0.00,,0.00,,,,,,,,,0.00,0.74,2.40,,,,,,,,,,,,,,,,,,,,,,,,,1.70,0.00,0.32,,,,,
Michigan_MPART_Surface_Water,Pigeon River | 08-PR-140,Surface Water,42.9328,-86.0524,2021,9/15/2021,,EPA 537.1,,,ng/L,,,,,0.00,1.20,,0.00,0.00,,0.00,,,,,,,,,0.00,1.80,4.10,,,,,,,,,,,,,,,,,,,,,,,,,,0.00,0.32,,,,,
Michigan_MPART_Surface_Water,Intermediate River | 10-IR-0020,Surface Water,44.973,-85.2134,2020,7/6/2020,,EPA 537.1,,,ng/L,,,,0.00,0.00,0.38,,0.32,0.00,,,,,,,,,,0.56,0.00,0.33,1.70,,,,,,,,,,,,,,,,,,0.00,0.00,,,0.00,,,,0.00,0.00,,0.00,,,
Michigan_MPART_Surface_Water,Stewart Creek | 07-SC-0015,Surface Water,45.4174,-84.2741,2020,9/9/2020,,EPA 537.1,,,ng/L,,,,0.00,0.00,,,0.00,0.00,,0.00,,,,,,,,0.48,0.00,0.31,2.40,,,,,,,,,,,,,,,,,,0.00,,,,,,,,0.00,0.00,,,,,
Michigan_MPART_Surface_Water,Whigville Creek | 23-WVC-0050,Surface Water,42.922014,-83.184945,2019,7/16/2019,,EPA 537.1,,,ng/L,0.55,,,0.00,0.37,0.32,,0.28,0.00,,,,,,,,,,,0.00,0.23,1.70,,,,,,,,,,,,,,,,,,0.00,0.00,,,0.00,,,,,,,,,,
Michigan_MPART_Surface_Water,Nester Creek | 01-NC-0030,Surface Water,44.2989,-83.9638,2020,11/10/2020,,EPA 537.1,,,ng/L,,0.81,,0.00,0.00,,,0.76,0.00,,0.00,,,,,,,,0.74,0.00,0.52,4.20,,,,,,,,,,,,,,,,,,0.00,,,,,,,,0.00,0.00,,,,,
Michigan_MPART_Surface_Water,Pine River | 47-PR-0190,Surface Water,43.3875,-84.6465,2020,7/9/2020,,EPA 537.1,,,ng/L,1.70,0.92,,0.00,0.33,0.53,0.73,0.43,0.00,,,,,,,,,,0.80,0.00,0.88,,,,,,,,,,,,,,,,,,,0.00,0.00,,,0.00,,,0.40,0.00,0.00,,0.00,,,
Michigan_MPART_Surface_Water,Salt Creek | 47-SC-0145,Surface Water,43.49705,-84.69179,2022,11/3/2022,,EPA 537.1,,,ng/L,,,,0.00,0.00,,,0.00,0.00,,0.00,,,,,,,,,0.00,0.31,,,,,,,,,,,,,,,,,,,0.00,,,,,,,,0.00,0.00,,,,,
Michigan_MPART_Surface_Water,Howe Drain | 51-BHD-0050,Surface Water,43.039,-82.478,2020,11/11/2020,,EPA 537.1,,,ng/L,,,,,,1.10,,,0.00,,0.00,,,,,,,,,0.00,,,,,,,,,,,,,,,,,,,,,,,,,,,,0.00,,,,,,
Michigan_MPART_Surface_Water,Lost Creek | 09-LC-0010,Surface Water,46.75637,-89.678,2023,9/20/2023,,EPA 537.1,,,ng/L,,,,0.00,0.00,,0.52,0.00,0.00,,0.00,,,,,,,,,0.00,0.00,,,,,,,,,,,,,,,,,,,0.00,,,,0.00,,,,0.00,0.00,,,,,
Michigan_MPART_Surface_Water,Detroit River Downstream | 19-DR-1000,Surface Water,42.05417,-83.152504,2019,5/23/2019,,EPA 537.1,,,ng/L,1.30,1.20,,0.00,0.00,0.75,0.86,0.66,0.00,,,,,,,,,,,0.00,0.26,1.60,,,,,,,,,,,,,,,,,,0.00,0.00,,,0.00,,,0.00,,,,,,,
Michigan_MPART_Surface_Water,Willow Creek | 62-WC-0020,Surface Water,42.5662,-84.4821,2023,9/25/2023,,EPA 537.1,,,ng/L,,,,,0.00,,0.77,0.00,0.00,,0.00,,,,,,,,,,0.66,,,,,,,,,,,,,,,,,,,,,,,,,,,0.00,,,,,,
Michigan_MPART_Surface_Water,Brush Creek | 59-BRC-0020,Surface Water,45.0647,-83.906,2020,9/9/2020,,EPA 537.1,,,ng/L,1.00,,,0.00,0.00,,0.55,0.53,0.00,,0.00,,,,,,,,0.48,0.00,0.24,3.00,,,,,,,,,,,,,,,,,,0.00,,,,,,,,0.00,0.00,,,,,
Michigan_MPART_Surface_Water,Mill Creek | 51-MLC-0180,Surface Water,43.1241,-82.8926,2023,9/6/2023,,EPA 537.1,,,ng/L,,,,0.00,0.00,,,0.00,0.00,,0.00,,,,,,,,,0.00,0.00,,,,,,,,,,,,,,,,,,,,,,,,,,,0.00,,,,,,
Michigan_MPART_Surface_Water,Detroit River Downstream | 19-DR-1000,Surface Water,42.05417,-83.152504,2017,9/13/2017,,EPA 537.1,,,ng/L,,,,,,1.20,1.30,1.00,,,,,,,,,,,1.00,,,1.50,,,,,,,,,,1.30,,,,,,,,,0.80,0.60,,,0.90,,,,,,,,,
Michigan_MPART_Surface_Water,South Branch White River | 45-SWR-0130,Surface Water,43.56257,-85.86224,2021,7/15/2021,,EPA 537.1,,,ng/L,0.55,1.10,,0.39,0.30,,0.80,0.65,0.00,,0.00,,,,,,,,0.55,0.00,0.35,2.50,,,,,,,,,,,,,,,,,,0.00,,,,,,,,0.00,0.00,,,,,
Michigan_MPART_Surface_Water,Au Sable River | 02-AS-0498,Surface Water,44.65914,-84.038839,2021,9/20/2021,,EPA 537.1,,,ng/L,,,,0.00,0.00,,,0.00,0.00,,0.00,,,,,,,,,0.00,0.00,,,,,,,,,,,,,,,,,,,0.00,,,,0.00,,,,0.00,0.00,,,,,
Michigan_MPART_Surface_Water,Unnamed trib to Carruthers Drai | 52-UCD-0020,Surface Water,41.7908,-84.6881,2020,5/20/2020,,EPA 537.1,,,ng/L,1.00,1.50,,0.00,0.51,0.38,1.30,1.40,0.00,,,,,,,,,,1.40,0.00,0.63,,,,,,,,,,,,,,,,,,,0.00,0.00,,,0.00,,,0.92,0.00,0.00,,0.00,,,
Michigan_MPART_Surface_Water,Unnamed trib to Quinicassee Riv | 46-UQR-0010,Surface Water,43.5368,-83.7088,2020,9/17/2020,,EPA 537.1,,,ng/L,,,,0.00,0.83,,,1.70,0.00,,0.00,,,,,,,,,0.00,,,,,,,,,,,,,,,,,,,,0.00,,,,,,,,0.00,0.00,,,,,
Michigan_MPART_Surface_Water,Custer County Drain | 51-CCD-0040,Surface Water,43.4789,-82.8653,2020,11/11/2020,,EPA 537.1,,,ng/L,,,,0.00,0.00,,0.82,0.91,0.00,,0.00,,,,,,,,0.65,0.00,0.45,,,,,,,,,,,,,,,,,,,0.00,,,,,,,,0.00,0.00,,,,,
Michigan_MPART_Surface_Water,Flint River | 23-FR-0030,Surface Water,43.318892,-83.992781,2020,9/15/2020,,EPA 537.1,,,ng/L,,,,0.50,0.73,,,1.40,0.00,,0.00,,,,,,,,,0.56,,,,,,,,,,,,,,,,,,,,0.00,,,,,,,,0.00,0.00,,,,,
Michigan_MPART_Surface_Water,Kelley Creek | 40-KLC-0070,Surface Water,45.28064,-87.62038,2023,11/1/2023,,EPA 537.1,,,ng/L,,,,0.00,0.00,,,0.53,0.00,,0.00,,,,,,,,,0.00,0.60,3.20,,,,,,,,,,,,,,,,,,0.00,,,,,,,,0.00,0.00,,,,,
Michigan_MPART_Surface_Water,Taylor Creek | 10-TC-0020,Surface Water,44.675,-85.3234,2022,11/3/2022,,EPA 537.1,,,ng/L,,,,0.00,0.00,,,0.30,0.00,,0.00,,,,,,,,,0.00,0.00,,,,,,,,,,,,,,,,,,,0.00,,,,,,,,0.00,0.00,,,,,
Michigan_MPART_Surface_Water,Fawn River | 52-FWNR-0360,Surface Water,41.7746,-85.3107,2023,5/10/2023,,EPA 537.1,,,ng/L,,0.86,,0.35,0.00,,,0.35,0.00,,0.00,,,,,,,,1.20,0.00,0.00,,,,,,,,,,,,,,,,,,,0.00,,,,,,,1.30,0.00,0.00,,,,,
Michigan_MPART_Surface_Water,Bad River | 50-BD-0200,Surface Water,43.3071,-84.3688,2023,5/3/2023,,EPA 537.1,,,ng/L,,1.40,,0.00,0.00,0.76,,1.20,0.00,,0.00,,,,,,,,,0.00,1.30,,,,,,,,,,,,,,,,,,,0.00,,,,,,,,0.00,0.00,,,,,
Michigan_MPART_Surface_Water,Wanadoga Creek | 25-WDC-0020,Surface Water,42.3845,-85.1282,2020,9/3/2020,,EPA 537.1,,,ng/L,0.66,1.00,,,0.30,0.31,1.40,0.51,0.00,,,,,,,,,,,0.00,1.00,,,,,,,,,,,,,,,,,,,,0.00,,,0.00,,,0.48,0.00,,,0.00,,,
Michigan_MPART_Surface_Water,Cass River | 14-CR-0010,Surface Water,43.365003,-83.954726,2001,3/10/2001,,Undisclosed,,,ng/L,,,,,,,,,,,,,,,,,,,,,,,,,,,,,,,,,,,,,,,,,,,,,,,,,,,,,,
Michigan_MPART_Surface_Water,Mill Creek | 51-MLC-0180,Surface Water,43.1241,-82.8926,2023,7/5/2023,,EPA 537.1,,,ng/L,3.90,1.20,,0.00,0.00,1.90,1.10,0.36,0.00,,0.00,,,,,,,,0.73,0.81,1.80,,,,,,,,,,,,,,,,,,,,,,,,,,,0.00,,,,,,
Michigan_MPART_Surface_Water,Detroit River Upstream | 19-DR-0010,Surface Water,42.352448,-82.927226,2019,9/12/2019,,EPA 537.1,,,ng/L,5.50,1.30,,0.00,0.31,0.68,0.94,0.50,0.00,,,1.80,,,,,,,0.74,0.00,0.23,1.30,,,,,,,,,,,,,,,,,,0.00,0.28,,,0.00,,0.79,0.33,,,,,,,
Michigan_MPART_Surface_Water,Belle River | 51-BLR-0060,Surface Water,42.77484,-82.54963,2021,11/9/2021,,EPA 537.1,,,ng/L,1.20,1.50,,0.00,0.00,,1.10,0.59,0.00,,0.00,,,,,,,,1.40,0.00,1.60,4.60,,,,,,,,,,,,,,,,,,0.00,,,,,,,,0.00,0.00,,,,,
Michigan_MPART_Surface_Water,Pigeon River | 08-PR-140,Surface Water,42.9328,-86.0524,2020,6/30/2020,,EPA 537.1,,,ng/L,,,,0.33,0.86,1.10,,1.60,0.00,,,,,,,,,,,0.00,,,,,,,,,,,,,,,,,,,,0.00,0.00,,,0.00,,,0.51,0.00,0.00,,0.00,,,
Michigan_MPART_Surface_Water,Little Sable River | 45-LSR-0010,Surface Water,44.0403,-86.0501,2020,6/30/2020,,EPA 537.1,,,ng/L,,,,,0.00,0.27,,0.35,0.00,,,,,,,,,,0.52,0.00,0.00,,,,,,,,,,,,,,,,,,,,0.00,,,0.00,,,1.00,0.00,,,0.00,,,
Michigan_MPART_Surface_Water,South Branch Pine River | 51-SPN-0080,Surface Water,42.9912,-82.7298,2019,11/14/2019,,EPA 537.1,,,ng/L,0.94,1.20,,0.00,0.00,0.56,1.20,0.59,0.00,,,,,,,,,,1.00,0.00,1.70,,,,,,,,,,,,,,,,,,,,0.00,,,0.00,,,0.88,,,,,,,
Michigan_MPART_Surface_Water,Tallahassee Creek | 52-TC-0030,Surface Water,41.839778,-84.945126,2021,7/8/2021,,EPA 537.1,,,ng/L,,,,0.00,0.00,,,0.00,0.00,,0.00,,,,,,,,,0.00,0.27,,,,,,,,,,,,,,,,,,,0.00,,,,,,,,0.00,0.00,,,,,
Michigan_MPART_Surface_Water,Adams Drain | 50-AD-0010,Surface Water,42.815,-83.72548,2023,7/5/2023,,EPA 537.1,,,ng/L,,,,0.40,0.50,1.90,,1.40,0.00,,0.00,,,,,,,,,,,,,,,,,,,,,,,,,,,,,,,,,,,,,0.00,,,,,,
Michigan_MPART_Surface_Water,Picket Creek | 01-PC-0025,Surface Water,44.34587,-83.68142,2019,7/1/2019,,EPA 537.1,,,ng/L,1.40,,,0.00,1.00,0.36,,,0.00,,,,,,,,,,,0.00,0.44,,,,,,,,,,,,,,,,,,,0.00,0.00,,,0.00,,,0.00,,,,,,,
Michigan_MPART_Surface_Water,Brush Creek | 52-BRSH-0080,Surface Water,42.1471,-86.0658,2019,5/7/2019,,EPA 537.1,,,ng/L,1.10,1.10,,0.00,0.47,0.36,0.73,0.68,0.00,,,,,,,,,,,0.00,0.37,,,,,,,,,,,,,,,,,,,,0.00,,,0.00,,,,,,,,,,
Michigan_MPART_Surface_Water,St. Clair River Upstream | 51-SCR-0500,Surface Water,42.996948,-82.424448,2019,9/12/2019,,EPA 537.1,,,ng/L,1.90,1.40,,0.00,0.34,0.69,0.92,0.60,0.00,,,1.90,,,,,,,0.66,0.00,0.25,1.20,,,,,,,,,,,,,,,,,,0.00,0.00,,,0.00,,,,,,,,,,
Michigan_MPART_Surface_Water,Mill Creek | 36-MC-0150,Surface Water,43.0901,-85.691,2019,7/8/2019,,EPA 537.1,,,ng/L,,0.86,,0.00,0.28,0.48,0.73,0.58,0.00,,,,,,,,,,0.63,0.00,0.76,,,,,,,,,,,,,,,,,,,0.00,0.00,,,0.00,,,0.00,,,,,,,
Michigan_MPART_Surface_Water,Thornapple River Extension | 58-TRE-0010,Surface Water,42.65403,-84.7668,2021,5/5/2021,,EPA 537.1,,,ng/L,1.20,1.10,,0.39,0.00,,,1.00,0.00,,0.00,,,,,,,,1.00,0.00,0.42,,,,,,,,,,,,,,,,,1.50,,0.00,,,,,,,,0.00,0.00,,,,,
Michigan_MPART_Surface_Water,West Branch Clam River | 42-WCM-0030,Surface Water,44.11738,-85.05988,2022,5/4/2022,,EPA 537.1,,,ng/L,0.56,,,0.00,0.00,,,0.70,0.00,,0.00,,,,,,,,,0.00,0.58,,,,,,,,,,,,,,,,,,,0.00,,,,,,,,0.00,0.00,,,,,
Michigan_MPART_Surface_Water,Williams Creek | 42-WC-0100,Surface Water,43.4195,-85.8794,2020,9/2/2020,,EPA 537.1,,,ng/L,0.48,,,0.00,0.00,0.31,,0.00,0.00,,,,,,,,,,0.41,0.00,0.45,0.68,,,,,,,,,,,,,,,,,,0.00,0.27,,,0.00,,,0.98,0.00,0.00,,0.00,,,
Michigan_MPART_Surface_Water,Quaker Brook | 58-QKB-0030,Surface Water,42.582,-85.087,2020,5/20/2020,,EPA 537.1,,,ng/L,1.10,1.00,,0.00,0.35,0.37,0.93,0.78,0.00,,,,,,,,,,1.00,0.00,0.59,,,,,,,,,,,,,,,,,,,0.00,0.00,,,0.00,,,0.87,0.00,0.00,,0.00,,,
Michigan_MPART_Surface_Water,Saddler Creek | 01-SC-0030,Surface Water,44.2496,-83.6495,2022,9/20/2022,,EPA 537.1,,,ng/L,,0.96,,0.00,0.00,,,0.45,0.00,,0.00,,,,,,,,,0.00,0.00,,,,,,,,,,,,,,,,,,,0.00,,,,,,,,0.00,0.00,,,,,
Michigan_MPART_Surface_Water,Pigeon River | 46-PGR-0190,Surface Water,43.82943,-83.2883,2023,9/21/2023,,EPA 537.1,,,ng/L,0.68,,,0.00,0.00,,1.00,0.00,0.00,,0.00,,,,,,,,0.73,0.00,1.40,4.40,,,,,,,,,,,,,,,,,,0.00,,,,,,,,0.00,0.00,,,,,
Michigan_MPART_Surface_Water,Vincent Creek | 59-VC-0010,Surface Water,44.7411,-83.5268,2019,11/4/2019,,EPA 537.1,,,ng/L,,,,0.00,0.00,0.27,,0.37,0.00,,,,,,,,,,,0.00,0.19,,,,,,,,,,,,,,,,,,,0.00,0.00,,,0.00,,,0.83,,,,,,,
Michigan_MPART_Surface_Water,Baldwin River | 45-BR-0040,Surface Water,43.925834,-85.801512,2019,11/12/2019,,EPA 537.1,,,ng/L,,,,0.00,0.34,0.39,,0.38,0.00,,,,,,,,,,,0.00,0.31,,,,,,,,,,,,,,,,,,,0.00,0.00,,,0.00,,,1.50,,,,,,,
Michigan_MPART_Surface_Water,Unnamed Trib to South Branch Li | 61-LGD-0010,Surface Water,44.045272,-84.456811,2021,11/8/2021,,EPA 537.1,,,ng/L,,,,0.00,0.00,,,0.00,0.00,,0.00,,,,,,,,0.75,0.00,0.43,2.30,,,,,,,,,,,,,,,,,,0.00,,,,,,,,0.00,0.00,,,,,
Michigan_MPART_Surface_Water,Trib to Silver Creek | 35-UTSC-0010,Surface Water,45.45545,-84.04526,2019,9/10/2019,,EPA 537.1,,,ng/L,,,,,0.00,0.34,,0.00,0.00,,,,,,,,,,,0.00,0.00,,,,,,,,,,,,,,,,,,,,0.00,,,0.00,,,0.72,,,,,,,
Michigan_MPART_Surface_Water,Saint Joseph River | 52-SJ-0085,Surface Water,41.846741,-86.267583,2021,5/12/2021,,EPA 537.1,,,ng/L,,1.10,,0.00,0.00,1.20,1.50,0.52,0.00,,0.00,,,,,,,,1.00,0.00,1.60,,,,,,,,,,,,,,,,,,,0.00,,,,,,,,0.00,0.00,,,,,
Michigan_MPART_Surface_Water,Pine Creek | 52-PN2-0010,Surface Water,42.1115,-85.2518,2022,7/5/2022,,EPA 537.1,,,ng/L,1.40,,,0.00,0.37,,0.63,0.57,0.00,,0.00,,,,,,,,,0.00,0.65,2.80,,,,,,,,,,,,,,,,,,0.00,,,,,,,,0.00,0.00,,,,,
Michigan_MPART_Surface_Water,Cedar Creek | 45-CDC-0060,Surface Water,43.809,-85.8533,2020,6/30/2020,,EPA 537.1,,,ng/L,0.62,0.77,,0.00,0.00,0.39,,0.40,0.00,,,,,,,,,,0.57,0.00,0.28,,,,,,,,,,,,,,,,,,,0.00,0.00,,,0.00,,,0.62,0.00,0.00,,0.00,,,
Michigan_MPART_Surface_Water,Little River | 40-LR-0060,Surface Water,45.2139,-87.6331,2023,9/19/2023,,EPA 537.1,,,ng/L,,,,,0.00,,1.40,0.79,0.00,,0.00,,,,,,,,,,0.45,4.80,,,,,,,,,,,,,,,,,,,,,,,,,,0.00,,,,,,
Michigan_MPART_Surface_Water,Fox River | 38-FR-100,Surface Water,46.4002,-86.0275,2023,11/13/2023,,EPA 537.1,,,ng/L,,,,0.00,0.00,,,0.00,0.00,,0.00,,,,,,,,,0.00,0.00,,,,,,,,,,,,,,,,,,,0.00,,,,,,,,0.00,0.00,,,,,
Michigan_MPART_Surface_Water,Flower Creek | 45-FC-0020,Surface Water,43.4796,-86.4469,2020,11/3/2020,,EPA 537.1,,,ng/L,,,,0.00,0.00,,,0.00,0.00,,0.00,,,,,,,,,0.00,0.21,,,,,,,,,,,,,,,,,,,,,,,,,,,0.00,,,,,,
Michigan_MPART_Surface_Water,Brush Creek | 52-BRSH-0080,Surface Water,42.1471,-86.0658,2020,11/4/2020,,EPA 537.1,,,ng/L,,,,0.00,0.00,,,0.00,0.00,,0.00,,,,,,,,,0.00,0.00,,,,,,,,,,,,,,,,,,,0.00,,,,,,,,0.00,0.00,,,,,
Michigan_MPART_Surface_Water,Stony Creek | 39-STC-0010,Surface Water,42.9149,-84.58252,2022,11/8/2022,,EPA 537.1,,,ng/L,,,,0.00,0.00,,,0.37,0.00,,0.00,,,,,,,,,0.00,0.75,2.00,,,,,,,,,,,,,,,,,,0.00,,,,0.00,,,,0.00,0.26,,,,,
Michigan_MPART_Surface_Water,Williams Creek | 42-WC-0100,Surface Water,43.4195,-85.8794,2019,11/12/2019,,EPA 537.1,,,ng/L,,1.10,,0.00,0.32,0.46,0.89,0.50,0.00,,,,,,,,,,0.56,0.00,0.77,,,,,,,,,,,,,,,,,,,0.00,0.00,,,0.00,,,0.56,,,,,,,
Michigan_MPART_Surface_Water,Butternut Creek | 58-BN-0030,Surface Water,42.5915,-84.8107,2021,7/8/2021,,EPA 537.1,,,ng/L,,1.10,,0.00,0.00,,1.30,0.58,0.00,,0.00,,,,,,,,1.20,0.00,0.98,4.00,,,,,,,,,,,,,,,,,,0.00,,,,0.00,,,,0.00,0.00,,,,,
Michigan_MPART_Surface_Water,Black Creek | 48-BK-0020,Surface Water,41.8134,-83.944,2022,9/7/2022,,EPA 537.1,,,ng/L,1.40,,,0.00,0.00,1.50,1.10,0.60,0.00,,0.00,,,,,,,,1.10,0.00,0.73,,,,,,,,,,,,,,,,,,,,,,,,,,,0.00,,,,,,
Michigan_MPART_Surface_Water,St. Clair River Upstream | 51-SCR-0500,Surface Water,42.996948,-82.424448,2019,11/5/2019,,EPA 537.1,,,ng/L,1.50,1.50,,0.00,0.29,0.65,0.82,0.57,0.00,,,,,,,,,,0.69,0.00,0.21,1.20,,,,,,,,,,,,,,,,,,,0.00,,,0.00,,,0.70,,,,,,,
Michigan_MPART_Surface_Water,Paint Creek Drain | 17-PCD-0030,Surface Water,42.7964,-83.2915,2022,11/9/2022,,EPA 537.1,,,ng/L,1.00,1.70,,0.47,0.64,1.00,,0.97,0.43,,0.44,,0.47,,,,,,,0.72,,,,,,,,,,,,,,,,,,,,0.47,0.71,,,0.41,,0.64,,0.45,0.37,,0.42,,,
Michigan_MPART_Surface_Water,East Pond Creek | 17-EPC-0300,Surface Water,42.8658,-83.0984,2023,9/21/2023,,EPA 537.1,,,ng/L,0.87,1.20,,0.00,0.44,,1.70,1.00,0.00,,0.00,,,,,,,,1.20,0.00,0.90,,,,,,,,,,,,,,,,,,,0.00,,,,,,,,0.00,0.00,,,,,
Michigan_MPART_Surface_Water,Black River | 09-BLK-0130,Surface Water,46.44981,-90.01707,2023,11/7/2023,,EPA 537.1,,,ng/L,,,,0.00,0.00,,,0.00,0.00,,0.00,,,,,,,,,0.00,0.00,2.40,,,,,,,,,,,,,,,,,,0.00,,,,0.00,,,,0.00,0.00,,,,,
Michigan_MPART_Surface_Water,Wilkins Creek | 01-WC-0030,Surface Water,44.40331,-84.1265,2022,9/20/2022,,EPA 537.1,,,ng/L,,,,0.00,0.00,,,0.00,0.00,,0.00,,,,,,,,,0.00,0.00,,,,,,,,,,,,,,,,,,,0.00,,,,,,,,0.00,0.00,,,,,
Michigan_MPART_Surface_Water,Wabasis Creek | 36-WB-0010,Surface Water,43.13022,-85.24758,2019,5/6/2019,,EPA 537.1,,,ng/L,0.82,1.20,,0.00,0.30,0.54,1.20,0.72,0.00,,,,,,,,,,0.75,0.00,0.88,,,,,,,,,,,,,,,,,,,,0.29,,,0.00,,,,,,,,,,
Michigan_MPART_Surface_Water,Wolf Creek | 59-WC-0030,Surface Water,44.946,-83.6393,2023,5/8/2023,,EPA 537.1,,,ng/L,,,,0.00,0.00,,,0.32,0.00,,0.00,,,,,,,,,0.00,0.36,2.20,,,,,,,,,,,,,,,,,,0.00,,,,,,,,0.00,0.28,,,,,
Michigan_MPART_Surface_Water,Fellows Creek | 19-FC-0050,Surface Water,42.30929,-83.44469,2022,5/11/2022,,EPA 537.1,,,ng/L,,,,0.00,0.47,1.20,,,0.00,,0.00,,,,,,,,,0.00,,,,,,,,,,,,,,,,,,,,0.00,,,,0.00,,,,0.00,0.00,,,,,
Michigan_MPART_Surface_Water,Betts Creek | 42-BTC-0010,Surface Water,43.6057,-85.5409,2022,5/10/2022,,EPA 537.1,,,ng/L,,,,0.00,0.00,,,0.00,0.00,,0.00,,,,,,,,,0.00,0.00,,,,,,,,,,,,,,,,,,,0.00,,,,,,,,0.00,0.00,,,,,
Michigan_MPART_Surface_Water,Kanouse Lake Drain | 50-KLD-0010,Surface Water,42.82381,-84.00071,2023,5/3/2023,,EPA 537.1,,,ng/L,,1.10,,0.00,0.00,,,0.48,0.00,,0.00,,,,,,,,0.63,0.00,1.20,3.10,,,,,,,,,,,,,,,,,,0.00,,,,,,,,0.00,0.00,,,,,
Michigan_MPART_Surface_Water,Mill Creek | 51-MLC-0180,Surface Water,43.1241,-82.8926,2023,7/5/2023,,EPA 537.1,,,ng/L,1.40,0.96,,0.34,0.32,,0.67,0.45,0.00,,0.00,,,,,,,,0.61,0.00,1.10,,,,,,,,,,,,,,,,,,,,,,,,,,,0.00,,,,,,
Michigan_MPART_Surface_Water,Moore Creek | 46-MC-0050,Surface Water,43.9447,-83.0844,2020,9/17/2020,,EPA 537.1,,,ng/L,0.56,0.86,,0.00,0.00,,,0.37,0.00,,0.00,,,,,,,,1.10,0.00,0.95,,,,,,,,,,,,,,,,,,,0.00,,,,,,,,0.00,0.00,,,,,
Michigan_MPART_Surface_Water,Mill Creek | 36-MC-0150,Surface Water,43.0901,-85.691,2020,5/20/2020,,EPA 537.1,,,ng/L,2.60,1.10,,0.00,0.34,0.47,0.89,0.69,0.00,,,,,,,,,,1.10,0.00,0.81,,,,,,,,,,,,,,,,,,,0.00,0.00,,,0.00,,,1.10,0.00,0.00,,0.00,,,
Michigan_MPART_Surface_Water,St. Joseph River (Lower) | 52-SJ-0025,Surface Water,42.096417,-86.471168,2001,2/12/2001,,Undisclosed,,,ng/L,,,,,,,,,,,,,,,,,,,,,,,,,,,,,,,,,,,,,,,,,,,,,,,,,,,,,,
Michigan_MPART_Surface_Water,Grand Traverse Bay | 31-GTBW-0010,Surface Water,44.795837,-85.610003,2019,5/14/2019,,EPA 537.1,,,ng/L,3.50,,,0.00,0.00,0.90,1.20,0.73,0.00,,,,,,,,,,0.89,0.00,0.34,1.40,,,,,,,,,,,,,,,,,,,0.00,,,0.00,,,,,,,,,,
Michigan_MPART_Surface_Water,Wanadoga Creek | 25-WDC-0020,Surface Water,42.3845,-85.1282,2020,11/4/2020,,EPA 537.1,,,ng/L,,,,0.00,0.00,,0.68,0.30,0.00,,0.00,,,,,,,,1.10,0.00,0.62,2.00,,,,,,,,,,,,,,,,,,0.00,,,,,,,,0.00,0.00,,,,,
Michigan_MPART_Surface_Water,Black Creek | 48-BK-0130,Surface Water,41.775,-84.1375,2021,9/22/2021,,EPA 537.1,,,ng/L,,,,0.00,0.00,,,0.00,0.00,,0.00,,,,,,,,,0.00,0.00,,,,,,,,,,,,,,,,,,,,,,,,,,1.30,0.00,0.31,,,,,
Michigan_MPART_Surface_Water,Rush Creek | 23-RSH-0040,Surface Water,42.9992,-83.9873,2019,9/18/2019,,EPA 537.1,,,ng/L,2.60,,,0.00,0.00,0.52,,0.99,0.00,,,,,,,,,,,0.00,,,,,,,,,,,,,,,,,,,,0.00,0.00,,,0.00,,,0.42,,,,,,,
Michigan_MPART_Surface_Water,East Pond Creek | 17-EPC-0300,Surface Water,42.8658,-83.0984,2023,11/8/2023,,EPA 537.1,,,ng/L,,0.93,,0.00,0.00,,1.00,0.76,0.00,,0.00,,,,,,,,0.83,0.00,0.83,4.20,,,,,,,,,,,,,,,,,,,,,,,,,,0.00,,,,,,
Michigan_MPART_Surface_Water,Mullet Creek | 16-MC-0070,Surface Water,45.56,-84.6365,2023,11/13/2023,,EPA 537.1,,,ng/L,,,,0.00,0.00,,,0.00,0.00,,0.00,,,,,,,,,0.00,0.00,,,,,,,,,,,,,,,,,,,,,,,,,,,0.00,,,,,,
Michigan_MPART_Surface_Water,Manistee River | 37-MAN-0600,Surface Water,44.484007,-85.355739,2021,11/2/2021,,EPA 537.1,,,ng/L,,,,0.00,0.00,,,0.00,0.00,,0.00,,,,,,,,,0.00,0.00,,,,,,,,,,,,,,,,,,,0.00,,,,,,,,0.00,0.00,,,,,
Michigan_MPART_Surface_Water,Nester Creek | 01-NC-0030,Surface Water,44.2989,-83.9638,2020,5/26/2020,,EPA 537.1,,,ng/L,,,,,,,,,,,,,,,,,,,,,,9.40,,,,,,,,,,,,,,,,,,,,,,,,,,,,,,,,
Michigan_MPART_Surface_Water,Plum Brook | 17-PB-0130,Surface Water,42.5925,-83.04211,2022,7/7/2022,,EPA 537.1,,,ng/L,,,,0.93,0.78,,,,0.00,,0.00,,,,,,,,,0.00,,,,,,,,,,,,,,,,,,,,0.00,,,,,,,,0.00,0.00,,,,,
Michigan_MPART_Surface_Water,Mill Creek | 36-MC-0150,Surface Water,43.0901,-85.691,2020,11/3/2020,,EPA 537.1,,,ng/L,,,,0.00,0.00,,,0.00,0.00,,0.00,,,,,,,,0.48,0.00,0.56,,,,,,,,,,,,,,,,,,,0.00,,,,,,,,0.00,0.00,,,,,
Michigan_MPART_Surface_Water,Millington Creek | 14-MC-0040,Surface Water,43.311,-83.583,2023,5/3/2023,,EPA 537.1,,,ng/L,,1.20,,0.00,0.00,,,0.95,0.00,,0.00,,,,,,,,,0.00,,,,,,,,,,,,,,,,,,,,0.00,,,,,,,,0.00,0.00,,,,,
Michigan_MPART_Surface_Water,Unnamed Trib to Kalamazoo River | 25-UKR1-0020,Surface Water,42.480481,-85.836746,2021,5/12/2021,,EPA 537.1,,,ng/L,,,,0.40,0.00,,0.71,0.40,0.00,,0.00,,,,,,,,,0.00,0.37,,,,,,,,,,,,,,,,,,,,,,,,,,,0.00,,,,,,
Michigan_MPART_Surface_Water,Au Sable River | 02-AS-0498,Surface Water,44.65914,-84.038839,2021,5/3/2021,,EPA 537.1,,,ng/L,,,,0.29,0.00,,0.55,0.00,0.00,,0.00,,,,,,,,,0.00,0.20,,,,,,,,,,,,,,,,,,,0.00,,,,,,,,0.00,0.00,,,,,
Michigan_MPART_Surface_Water,Moore Creek | 46-MC-0050,Surface Water,43.9447,-83.0844,2020,7/7/2020,,EPA 537.1,,,ng/L,1.10,,,0.00,0.44,0.45,0.78,0.59,0.00,,,,,,,,,,1.20,0.00,1.20,,,,,,,,,,,,,,,,,,,0.00,0.00,,,0.00,,,0.75,0.00,0.00,,0.00,,,
Michigan_MPART_Surface_Water,Willow Creek | 62-WC-0020,Surface Water,42.5662,-84.4821,2023,9/25/2023,,EPA 537.1,,,ng/L,,,,,0.00,,0.86,0.00,0.00,,0.00,,,,,,,,,,0.68,,,,,,,,,,,,,,,,,,,,,,,,,,,0.00,,,,,,
Michigan_MPART_Surface_Water,Red Cedar River | 62-RA-0140,Surface Water,42.68836,-84.28956,2022,5/11/2022,,EPA 537.1,,,ng/L,0.58,0.95,,0.00,0.22,,0.99,0.64,0.00,,0.00,,,,,,,,0.97,0.00,1.10,3.60,,,,,,,,,,,,,,,,,,0.00,,,,0.00,,,,0.00,0.00,,,,,
Michigan_MPART_Surface_Water,Mill Creek | 51-MLC-0180,Surface Water,43.1241,-82.8926,2023,7/5/2023,,EPA 537.1,,,ng/L,,,,,0.00,,,0.00,0.00,,0.00,,,,,,,,,0.00,0.45,,,,,,,,,,,,,,,,,,,,,,,,,,,0.00,,,,,,
Michigan_MPART_Surface_Water,Chippewa River | 47-CHIP-0040,Surface Water,43.5948,-84.3698,2019,9/11/2019,,EPA 537.1,,,ng/L,0.55,1.00,,0.00,0.27,0.50,0.99,0.50,0.00,,,,,,,,,,0.78,0.00,0.83,,,,,,,,,,,,,,,,,,,0.00,0.00,,,0.00,,,0.56,,,,,,,
Michigan_MPART_Surface_Water,Pine River | 47-PR-0325,Surface Water,43.32517,-84.84424,2019,9/11/2019,,EPA 537.1,,,ng/L,,,,0.00,0.00,0.30,,0.27,0.00,,,,,,,,,,,0.00,0.29,1.80,,,,,,,,,,,,,,,,,,0.00,0.00,,,0.00,,,0.76,,,,,,,
Michigan_MPART_Surface_Water,Mill Creek | 51-MLC-0180,Surface Water,43.1241,-82.8926,2023,9/20/2023,,EPA 537.1,,,ng/L,4.20,,,0.00,0.00,1.00,,1.20,0.00,,0.00,,,,,,,,,0.00,,4.50,,,,,,,,,,,,,,,,,,,,,,,,,,0.00,,,,,,
Michigan_MPART_Surface_Water,Mill Creek | 06-MLC-0010,Surface Water,43.6588,-82.6091,2022,9/8/2022,,EPA 537.1,,,ng/L,2.30,,,0.00,0.76,,0.79,1.00,0.00,,0.00,,,,,,,,1.00,0.00,0.67,,,,,,,,,,,,,,,,,,,0.00,,,,,,,,0.00,0.00,,,,,
Michigan_MPART_Surface_Water,South Fork Bad River | 50-SBD-0030,Surface Water,43.265153,-84.196766,2021,5/3/2021,,EPA 537.1,,,ng/L,,1.10,,,0.41,,0.85,0.67,0.00,,0.00,,,,,,,,0.56,0.00,0.75,3.10,,,,,,,,,,,,,,,,,,,,,,,,,,0.00,,,,,,
Michigan_MPART_Surface_Water,Baldwin River | 45-BR-0040,Surface Water,43.925834,-85.801512,2019,9/16/2019,,EPA 537.1,,,ng/L,0.55,1.20,,0.00,0.40,0.35,0.67,0.90,0.00,,,,,,,,,,,0.00,0.35,,,,,,,,,,,,,,,,,,,0.00,0.00,,,0.00,,,0.70,,,,,,,
Michigan_MPART_Surface_Water,Mill Creek | 51-MLC-0180,Surface Water,43.1241,-82.8926,2022,7/7/2022,,EPA 537.1,,,ng/L,,1.00,,0.00,0.00,,0.67,0.33,0.00,,0.00,,,,,,,,,0.00,0.66,2.40,,,,,,,,,,,,,,,,,,0.00,,,,,,,,0.00,0.00,,,,,
Michigan_MPART_Surface_Water,St. Clair River Upstream | 51-SCR-0500,Surface Water,42.996948,-82.424448,2019,11/5/2019,,EPA 537.1,,,ng/L,1.20,1.30,,0.00,0.27,0.68,0.77,0.54,0.00,,,,,,,,,,0.65,0.00,0.20,1.20,,,,,,,,,,,,,,,,,,,0.00,,,0.00,,,0.64,,,,,,,
Michigan_MPART_Surface_Water,Detroit River Upstream | 19-DR-0010,Surface Water,42.352448,-82.927226,2020,8/27/2020,,EPA 537.1,,,ng/L,1.70,1.50,,0.00,0.29,0.67,1.10,0.65,0.00,,,,,,,,,,1.10,0.00,0.35,1.70,,,,,,,,,,,,,,,,,,0.00,0.99,,,0.00,,,0.43,0.00,0.00,,0.00,,,
Michigan_MPART_Surface_Water,Flat River | 36-FR-0108,Surface Water,43.10008,-85.22913,2020,9/3/2020,,EPA 537.1,,,ng/L,1.90,1.30,,0.00,0.36,0.60,0.82,0.59,0.00,,,,,,,,,,1.20,0.00,1.10,,,,,,,,,,,,,,,,,,,,0.00,,,0.00,,,0.39,0.00,,,0.00,,,
Michigan_MPART_Surface_Water,Detroit River Upstream | 19-DR-0010,Surface Water,42.352448,-82.927226,2017,7/10/2017,,EPA 537.1,,,ng/L,1.80,1.60,,,,,1.00,,,,,,,,,,,,,,,1.70,,,,,,,,,,,,,,,,,,,0.90,0.30,,,,,7.20,,,,,,,
Michigan_MPART_Surface_Water,River Rouge | 19-RR-0055,Surface Water,42.341819,-83.247989,2021,7/7/2021,,EPA 537.1,,,ng/L,,,,0.89,0.91,,,,0.00,,0.00,,,,,,,,,0.00,,,,,,,,,,,,,,,,,,,,0.00,,,,,,,,0.00,0.00,,,,,
Michigan_MPART_Surface_Water,Four Mile Creek | 42-FMC2-0030,Surface Water,43.4094,-85.86044,2021,7/15/2021,,EPA 537.1,,,ng/L,1.40,1.10,,0.00,0.26,,1.20,0.97,0.00,,0.00,,,,,,,,1.10,0.00,1.50,,,,,,,,,,,,,,,,,,,0.00,,,,,,,,0.00,0.00,,,,,
Michigan_MPART_Surface_Water,Mill Creek | 51-MLC-0180,Surface Water,43.1241,-82.8926,2023,7/10/2023,,EPA 537.1,,,ng/L,,1.10,,0.00,0.00,,0.88,0.66,0.00,,0.00,,,,,,,,,0.00,0.61,2.70,,,,,,,,,,,,,,,,,,0.00,,,,,,,,0.00,0.00,,,,,
Michigan_MPART_Surface_Water,Buck Creek | 01-BKC-0030,Surface Water,44.4194,-83.5695,2019,5/1/2019,,EPA 537.1,,,ng/L,,,,0.00,0.00,0.31,,0.00,0.00,,,,,,,,,,,0.00,0.00,0.51,,,,,,,,,,,,,,,,,,,0.00,,,0.00,,,,,,,,,,
Michigan_MPART_Surface_Water,Detroit River Upstream | 19-DR-0010,Surface Water,42.352448,-82.927226,2020,5/20/2020,,EPA 537.1,,,ng/L,1.40,1.50,,0.00,0.29,0.67,0.86,0.52,0.00,,,,,,,,,,0.94,0.00,0.27,,,,,,,,,,,,,,,,,,,0.00,0.00,,,0.00,,,0.66,0.00,0.00,,0.00,,,
Michigan_MPART_Surface_Water,Baldwin River | 45-BR-0040,Surface Water,43.925834,-85.801512,2019,11/12/2019,,EPA 537.1,,,ng/L,,0.81,,0.00,0.24,0.24,,0.25,0.00,,,,,,,,,,,0.00,0.24,,,,,,,,,,,,,,,,,,,0.00,0.00,,,0.00,,,0.89,,,,,,,
Michigan_MPART_Surface_Water,Eaton and Baker Drain | 25-EBD-0020,Surface Water,42.32009,-84.867791,2021,7/8/2021,,EPA 537.1,,,ng/L,1.10,,,0.00,1.30,,1.40,,0.00,,0.00,,,,,,,,1.60,0.00,0.67,,,,,,,,,,,,,,,,,,,0.00,,,,,,,,0.00,0.00,,,,,
Michigan_MPART_Surface_Water,Grand Traverse Bay | 31-GTBE-0010,Surface Water,44.77444,-85.53583,2019,7/2/2019,,EPA 537.1,,,ng/L,,,,0.00,0.22,0.78,1.20,0.79,0.00,,,,,,,,,,0.91,0.00,0.29,1.40,,,,,,,,,,,,,,,,,,0.00,0.00,,,0.00,,,0.00,,,,,,,
Michigan_MPART_Surface_Water,Mill Creek | 06-MLC-0010,Surface Water,43.6588,-82.6091,2022,11/9/2022,,EPA 537.1,,,ng/L,1.00,1.00,,0.60,0.75,0.67,1.00,1.00,0.44,,0.54,,0.44,,,,,,1.50,0.57,1.00,,,,,,,,,,,,,,,,,,,0.49,,,,0.49,,0.70,,0.52,0.47,,0.51,,,
Michigan_MPART_Surface_Water,Whigville Creek | 23-WVC-0050,Surface Water,42.922014,-83.184945,2019,5/23/2019,,EPA 537.1,,,ng/L,,1.10,,,0.42,0.42,0.86,0.72,0.00,,,,,,,,,,,0.00,0.77,,,,,,,,,,,,,,,,,,,,0.00,,,0.00,,,,,,,,,,
Michigan_MPART_Surface_Water,Millington Creek | 14-MC-0040,Surface Water,43.311,-83.583,2023,11/1/2023,,EPA 537.1,,,ng/L,1.00,,,0.00,0.27,,,1.30,0.00,,0.00,,,,,,,,,0.00,,,,,,,,,,,,,,,,,,,,0.00,,,,,,,,0.00,0.00,,,,,
Michigan_MPART_Surface_Water,Shiawassee River | 50-SW-0440,Surface Water,42.7922,-83.6349,2022,5/12/2022,,EPA 537.1,,,ng/L,0.74,1.30,,0.00,0.50,,0.89,0.77,0.00,,0.00,,,,,,,,0.97,0.00,0.83,3.40,,,,,,,,,,,,,,,,,,0.00,,,,,,,,0.00,0.00,,,,,
Michigan_MPART_Surface_Water,Grand Traverse Bay | 31-GTBW-0020,Surface Water,44.952226,-85.561671,2019,5/14/2019,,EPA 537.1,,,ng/L,2.90,,,0.00,0.00,0.95,1.40,0.81,0.00,,,,,,,,,,0.96,0.00,0.35,1.50,,,,,,,,,,,,,,,,,,,0.00,,,0.00,,,,,,,,,,
Michigan_MPART_Surface_Water,Messer Brook | 58-MSB-0020,Surface Water,42.76977,-85.24025,2021,9/22/2021,,EPA 537.1,,,ng/L,,,,,0.00,,,0.00,0.00,,0.00,,,,,,,,,0.00,0.00,,,,,,,,,,,,,,,,,,,,,,,,,,,0.00,0.32,,,,,
Michigan_MPART_Surface_Water,South Branch River Raisin | 48-SB-0190,Surface Water,41.85523,-84.17938,2021,9/22/2021,,EPA 537.1,,,ng/L,,0.93,,,0.41,,,0.00,0.00,,0.00,,,,,,,,,0.00,0.63,3.50,,,,,,,,,,,,,,,,,,,,,,,,,1.00,0.00,0.32,,,,,
Michigan_MPART_Surface_Water,Kalamazoo River (Lower) | 25-KR-0006,Surface Water,42.651115,-86.106115,2001,2/14/2001,,Undisclosed,,,ng/L,,,,,,,,,,,,,,,,,,,,,,,,,,,,,,,,,,,,,,,,,,,,,,,,,,,,,,
Michigan_MPART_Surface_Water,Mill Creek | 51-MLC-0180,Surface Water,43.1241,-82.8926,2022,11/9/2022,,EPA 537.1,,,ng/L,1.60,0.78,,0.39,0.43,0.66,0.83,0.50,0.21,,0.25,,,,,,,,0.58,0.39,1.20,,,,,,,,,,,,,,,,,,,0.00,,,,,,,,0.23,0.00,,,,,
Michigan_MPART_Surface_Water,Pigeon River | 08-PR-140,Surface Water,42.9328,-86.0524,2020,11/3/2020,,EPA 537.1,,,ng/L,1.20,,,0.00,0.31,1.20,,,0.00,,0.00,,,,,,,,,0.00,,,,,,,,,,,,,,,,,,,,0.00,,,,,,,,0.00,0.00,,,,,
Michigan_MPART_Surface_Water,Mill Creek | 51-MLC-0180,Surface Water,43.1241,-82.8926,2023,7/6/2023,,EPA 537.1,,,ng/L,1.60,1.60,,0.00,0.44,,1.20,0.70,0.00,,0.00,,,,,,,,1.20,0.00,1.30,,,,,,,,,,,,,,,,,,,0.00,,,,,,,,0.00,0.00,,,,,
Michigan_MPART_Surface_Water,Manistee River | 37-MAN-0750,Surface Water,44.58835,-85.07821,2020,9/15/2020,,EPA 537.1,,,ng/L,,,,0.00,0.00,,,0.28,0.00,,0.00,,,,,,,,0.57,0.00,0.20,,,,,,,,,,,,,,,,,,,,,,,,,,,0.00,,,,,,
Michigan_MPART_Surface_Water,Chippewa River | 47-CHIP-0120,Surface Water,43.62304,-84.62978,2019,7/2/2019,,EPA 537.1,,,ng/L,,1.00,,0.00,0.40,0.41,1.00,0.71,0.00,,,,,,,,,,,0.00,0.77,,,,,,,,,,,,,,,,,,,0.00,0.00,,,0.00,,,0.00,,,,,,,
Michigan_MPART_Surface_Water,Millington Creek | 14-MC-0040,Surface Water,43.311,-83.583,2023,7/5/2023,,EPA 537.1,,,ng/L,1.50,1.50,,0.33,0.41,,,1.00,0.00,,0.00,,,,,,,,1.80,0.00,,,,,,,,,,,,,,,,,,,,,,,,,,,,0.00,,,,,,
Michigan_MPART_Surface_Water,Halfway Creek | 44-HWC-0016,Surface Water,41.76988,-83.65845,2021,7/8/2021,,EPA 537.1,,,ng/L,,1.20,,0.00,0.00,,1.60,0.70,0.00,,0.00,,,,,,,,1.30,0.00,1.40,3.60,,,,,,,,,,,,,,,,,,0.00,,,,,,,,0.00,0.00,,,,,
Michigan_MPART_Surface_Water,Adams Drain | 50-AD-0010,Surface Water,42.815,-83.72548,2023,7/5/2023,,EPA 537.1,,,ng/L,,,,0.41,0.37,,,1.40,0.00,,0.00,,,,,,,,,0.00,,,,,,,,,,,,,,,,,,,,,,,,,,,,0.00,,,,,,
Michigan_MPART_Surface_Water,Canada Creek | 07-CC-0080,Surface Water,45.11577,-84.1976,2019,7/1/2019,,EPA 537.1,,,ng/L,,,,0.00,0.00,0.24,,0.38,0.00,,,,,,,,,,,0.00,0.16,,,,,,,,,,,,,,,,,,,0.00,0.00,,,0.00,,,0.00,,,,,,,
Michigan_MPART_Surface_Water,Detroit River Downstream | 19-DR-1000,Surface Water,42.05417,-83.152504,2017,11/8/2017,,EPA 537.1,,,ng/L,,1.60,,0.00,0.30,0.70,1.00,0.50,0.00,,,,,,,,,,0.60,,0.30,,,,,,,,,,,,,,,,,,,0.00,0.00,,,,,,0.30,,,,,,,
Michigan_MPART_Surface_Water,Saginaw Bay | 30-SB-0070,Surface Water,43.883337,-83.393059,2019,5/16/2019,,EPA 537.1,,,ng/L,1.20,1.50,,,0.34,0.72,1.00,0.66,0.00,,,,,,,,,,0.59,0.00,0.38,,,,,,,,,,,,,,,,,,,,0.00,,,0.00,,,,,,,,,,
Michigan_MPART_Surface_Water,Burtch Creek | 06-BH-0029,Surface Water,43.15204,-82.54243,2019,11/14/2019,,EPA 537.1,,,ng/L,,,,0.00,0.30,0.67,1.10,,0.75,,,,,,,,,,0.76,0.00,1.30,1.60,,,,,,,,,,,,,,,,,,0.00,0.00,,,0.00,,,1.00,,,,,,,
Michigan_MPART_Surface_Water,Rio Grande Creek | 36-RGC-0070,Surface Water,43.1517,-85.8704,2020,11/3/2020,,EPA 537.1,,,ng/L,0.52,,,0.00,0.00,,,0.24,0.00,,0.00,,,,,,,,0.46,0.00,0.51,,,,,,,,,,,,,,,,,,,0.00,,,,,,,,0.00,0.00,,,,,
Michigan_MPART_Surface_Water,Mill Creek | 51-MLC-0180,Surface Water,43.1241,-82.8926,2023,9/21/2023,,EPA 537.1,,,ng/L,,0.98,,0.00,0.32,,1.20,0.75,0.00,,0.00,,,,,,,,0.80,0.00,0.50,,,,,,,,,,,,,,,,,,,0.00,,,,,,,,0.00,0.00,,,,,
Michigan_MPART_Surface_Water,Brush Creek | 59-BRC-0020,Surface Water,45.0647,-83.906,2020,5/26/2020,,EPA 537.1,,,ng/L,0.97,0.80,,0.00,0.27,0.40,0.57,0.42,0.00,,,,,,,,,,0.79,0.00,0.34,,,,,,,,,,,,,,,,,,,0.00,0.00,,,0.00,,,0.79,0.00,0.00,,0.00,,,
Michigan_MPART_Surface_Water,Saginaw Bay | 30-SB-0010,Surface Water,43.94167,-83.623892,2019,5/16/2019,,EPA 537.1,,,ng/L,1.90,1.40,,0.00,0.46,0.88,1.30,0.75,0.00,,,,,,,,,,1.10,0.00,0.79,,,,,,,,,,,,,,,,,,,,0.29,,,0.00,,,,,,,,,,
Michigan_MPART_Surface_Water,Elliot Branch (Smith Drain) | 14-SD-0030,Surface Water,43.27959,-83.67197,2019,11/14/2019,,EPA 537.1,,,ng/L,0.75,1.60,,0.00,0.00,0.78,0.99,0.54,0.00,,,,,,,,,,0.64,0.00,,,,,,,,,,,,,,,,,,,,0.00,0.00,,,0.00,,,0.36,,,,,,,
Michigan_MPART_Surface_Water,Thunder Bay River | 59-TBR-0200,Surface Water,45.0822,-83.7584,2019,11/4/2019,,EPA 537.1,,,ng/L,,1.20,,0.00,0.00,0.27,0.72,1.10,0.00,,,,,,,,,,,0.00,0.26,,,,,,,,,,,,,,,,,,,0.00,0.00,,,0.00,,,0.94,,,,,,,
Michigan_MPART_Surface_Water,Chief Creek Drain | 01-CCD-0045,Surface Water,44.084606,-83.740528,2021,11/8/2021,,EPA 537.1,,,ng/L,1.20,,,,0.00,,,0.35,0.00,,0.00,,,,,,,,0.66,,0.59,,,,,,,,,,,,,,,,,,,,,,,,,,,0.00,,,,,,
Michigan_MPART_Surface_Water,Cedar Creek | 37-CC-0080,Surface Water,44.37595,-85.97215,2019,11/12/2019,,EPA 537.1,,,ng/L,,,,0.00,0.00,0.35,,0.23,0.00,,,,,,,,,,,0.00,0.27,,,,,,,,,,,,,,,,,,,0.00,0.00,,,0.00,,,0.50,,,,,,,
Michigan_MPART_Surface_Water,Rio Grande Creek | 36-RGC-0070,Surface Water,43.1517,-85.8704,2020,6/30/2020,,EPA 537.1,,,ng/L,0.99,0.93,,0.00,0.00,0.36,0.80,0.51,0.00,,,,,,,,,,0.89,0.00,0.63,,,,,,,,,,,,,,,,,,,0.00,0.00,,,0.00,,,0.38,0.00,0.00,,0.00,,,
Michigan_MPART_Surface_Water,Pokagon Creek | 52-PKC-0080,Surface Water,41.89671,-86.09766,2019,11/13/2019,,EPA 537.1,,,ng/L,,,,0.00,0.00,0.40,,0.00,0.00,,,,,,,,,,,0.00,0.27,1.20,,,,,,,,,,,,,,,,,,0.00,0.00,,,0.00,,,,,,,,,,
Michigan_MPART_Surface_Water,Betts Creek | 42-BTC-0010,Surface Water,43.6057,-85.5409,2022,11/3/2022,,EPA 537.1,,,ng/L,,,,0.00,0.00,,,0.00,0.00,,0.00,,,,,,,,,0.00,0.00,,,,,,,,,,,,,,,,,,,0.00,,,,,,,,0.00,0.00,,,,,
Michigan_MPART_Surface_Water,Little Maple River | 39-LMR-0120,Surface Water,42.95739,-84.427254,2021,7/6/2021,,EPA 537.1,,,ng/L,0.53,,,0.30,0.36,0.56,1.10,0.61,0.19,1.50,0.00,,0.45,,,,,,0.69,0.00,0.51,3.20,,,,,,,,,,1.10,,,,,,1.30,,0.31,0.72,,,,1.30,,0.96,0.24,0.31,,0.39,,,
Michigan_MPART_Surface_Water,Salt River | 61-SR-0030,Surface Water,43.6962,-84.4429,2020,11/4/2020,,EPA 537.1,,,ng/L,0.75,0.79,,0.00,0.00,0.86,1.40,0.52,0.00,,0.00,,,,,,,,0.99,0.00,,2.20,,,,,,,,,,,,,,,,,,0.00,,,,0.00,,,,0.00,0.00,,,,,
Michigan_MPART_Surface_Water,Mill Creek | 51-MLC-0180,Surface Water,43.1241,-82.8926,2023,9/21/2023,,EPA 537.1,,,ng/L,,,,0.00,0.39,,,,0.54,,0.00,,,,,,,,,0.00,,,,,,,,,,,,,,,,,,,,0.00,,,,,,,,0.00,0.00,,,,,
Michigan_MPART_Surface_Water,Grand Traverse Bay | 31-GTBW-0020,Surface Water,44.952226,-85.561671,2019,7/2/2019,,EPA 537.1,,,ng/L,,,,0.00,0.26,0.85,1.10,0.72,0.00,,,,,,,,,,0.88,0.00,0.32,1.30,,,,,,,,,,,,,,,,,,0.00,0.00,,,0.00,,,0.00,,,,,,,
Michigan_MPART_Surface_Water,Rush Creek | 23-RSH-0040,Surface Water,42.9992,-83.9873,2019,7/10/2019,,EPA 537.1,,,ng/L,,,,0.00,0.00,0.30,,0.00,0.00,,,,,,,,,,,0.00,0.00,,,,,,,,,,,,,,,,,,,0.00,0.00,,,0.00,,,,,,,,,,
Michigan_MPART_Surface_Water,Detroit River Upstream | 19-DR-0010,Surface Water,42.352448,-82.927226,2017,11/8/2017,,EPA 537.1,,,ng/L,,1.50,,0.00,0.30,0.80,0.80,0.60,0.00,,,,,,,,,,,,0.20,,,,,,,,,,,,,,,,,,,0.00,0.00,,,,,,,,,,,,,
Michigan_MPART_Surface_Water,South Branch Tobacco River | 61-STOR-0060,Surface Water,43.8454,-84.6535,2019,9/11/2019,,EPA 537.1,,,ng/L,1.30,,,0.00,0.00,0.78,0.89,0.41,0.00,,,,,,,,,,,0.00,0.75,,,,,,,,,,,,,,,,,,,0.00,0.00,,,0.00,,,1.10,,,,,,,
Michigan_MPART_Surface_Water,Pine River | 47-PR-0325,Surface Water,43.32517,-84.84424,2023,5/9/2023,,EPA 537.1,,,ng/L,,,,0.00,0.00,,,0.00,0.00,,0.00,,,,,,,,,0.00,0.00,,,,,,,,,,,,,,,,,,,0.00,,,,,,,,0.00,0.00,,,,,
Michigan_MPART_Surface_Water,Trib to Silver Creek | 35-UTSC-0010,Surface Water,45.45545,-84.04526,2019,11/4/2019,,EPA 537.1,,,ng/L,,,,0.00,0.00,0.32,,0.32,0.00,,,,,,,,,,,0.00,0.24,1.60,,,,,,,,,,,,,,,,,,0.00,0.00,,,0.00,,,0.46,,,,,,,
Michigan_MPART_Surface_Water,River Raisin | 48-RR-0080,Surface Water,41.9022,-83.7179,2020,7/8/2020,,EPA 537.1,,,ng/L,1.50,1.30,,0.00,0.46,0.68,1.80,0.64,0.00,,,,,,,,,,,0.00,1.30,,,,,,,,,,,,,,,,,,,0.00,0.00,,,0.00,,,0.54,0.00,0.00,,0.00,,,
Michigan_MPART_Surface_Water,Willow Creek | 62-WC-0020,Surface Water,42.5662,-84.4821,2023,5/9/2023,,EPA 537.1,,,ng/L,,,,0.00,0.00,,0.94,0.00,0.00,,0.00,,,,,,,,,0.00,,,,,,,,,,,,,,,,,,,,0.00,,,,,,,,0.00,0.00,,,,,
Michigan_MPART_Surface_Water,Mill Creek | 51-MLC-0180,Surface Water,43.1241,-82.8926,2023,5/4/2023,,EPA 537.1,,,ng/L,,0.78,,0.00,0.00,,,0.46,0.00,,0.00,,,,,,,,,0.00,0.00,,,,,,,,,,,,,,,,,,,0.00,,,,,,,,0.00,0.00,,,,,
Michigan_MPART_Surface_Water,Flowerfield Creek | 52-FFC-0030,Surface Water,42.06745,-85.65818,2019,11/13/2019,,EPA 537.1,,,ng/L,,,,0.00,0.00,0.41,0.52,0.30,0.00,,,,,,,,,,,0.00,0.36,,,,,,,,,,,,,,,,,,,0.00,0.00,,,0.00,,,,,,,,,,
Michigan_MPART_Surface_Water,Pere Marquette River | 45-PM-0110,Surface Water,43.92225,-85.97699,2022,7/5/2022,,EPA 537.1,,,ng/L,,,,0.00,0.00,,,0.00,0.00,,0.00,,,,,,,,,0.00,0.00,,,,,,,,,,,,,,,,,,,0.00,,,,,,,,0.00,0.00,,,,,
Michigan_MPART_Surface_Water,Porter Creek | 23-PTC-0040,Surface Water,43.1022,-83.9908,2020,5/27/2020,,EPA 537.1,,,ng/L,0.94,,,0.00,0.00,0.38,,0.00,0.00,,,,,,,,,,0.78,0.00,0.59,,,,,,,,,,,,,,,,,,,0.00,0.00,,,0.00,,,0.54,0.00,0.00,,0.00,,,
Michigan_MPART_Surface_Water,South Branch River Raisin | 48-SB-0190,Surface Water,41.85523,-84.17938,2021,5/5/2021,,EPA 537.1,,,ng/L,,0.90,,0.32,0.31,,0.81,0.83,0.00,,0.00,,,,,,,,0.55,0.00,0.63,3.80,,,,,,,,,,,,,,,,,,,,,,,,,,0.00,,,,,,
Michigan_MPART_Surface_Water,Silver Creek | 51-SLVC-0020,Surface Water,43.1491,-82.6352,2022,9/8/2022,,EPA 537.1,,,ng/L,,1.10,,0.00,0.46,,1.10,0.77,0.00,,0.00,,,,,,,,1.70,0.00,0.47,,,,,,,,,,,,,,,,,,,,,,,,,,,0.00,,,,,,
Michigan_MPART_Surface_Water,Saginaw Bay | 30-SB-0020,Surface Water,43.895281,-83.860559,2019,5/16/2019,,EPA 537.1,,,ng/L,1.30,1.40,,0.00,0.36,0.82,1.30,0.79,0.00,,,,,,,,,,1.00,0.00,0.70,,,,,,,,,,,,,,,,,,,0.00,0.00,,,0.00,,,,,,,,,,
Michigan_MPART_Surface_Water,Silver Creek | 51-SLVC-0020,Surface Water,43.1491,-82.6352,2022,11/9/2022,,EPA 537.1,,,ng/L,0.86,0.86,,0.48,0.57,1.00,,1.10,0.00,,0.27,,0.42,,,,,,,0.45,0.91,,,,,,,,,,,,,,,,,,,0.38,,,,0.48,,0.53,,0.43,0.30,,0.36,,,
Michigan_MPART_Surface_Water,Chief Creek Drain | 01-CCD-0045,Surface Water,44.084606,-83.740528,2021,7/6/2021,,EPA 537.1,,,ng/L,0.51,,,0.30,0.26,0.54,0.71,0.30,0.18,1.40,0.00,,0.44,,,,,,0.47,0.00,0.80,3.50,,,,,,,,,,1.00,,,,,,1.20,,0.31,0.70,,,,1.20,,0.93,0.23,0.31,,0.38,,,
Michigan_MPART_Surface_Water,Pinnebog River | 46-PBR-0020,Surface Water,43.993146,-83.075819,2021,5/4/2021,,EPA 537.1,,,ng/L,1.10,0.93,,0.00,0.32,,1.70,0.37,0.00,,0.00,,,,,,,,1.00,0.00,,3.20,,,,,,,,,,,,,,,,,,,,,,,,,,0.00,,,,,,
Michigan_MPART_Surface_Water,Elliot Branch (Smith Drain) | 14-SD-0030,Surface Water,43.27959,-83.67197,2019,11/14/2019,,EPA 537.1,,,ng/L,,1.70,,0.00,0.00,0.88,0.91,0.68,0.00,,,,,,,,,,,0.00,,,,,,,,,,,,,,,,,,,,,0.00,,,0.00,,,0.47,,,,,,,
Michigan_MPART_Surface_Water,Unnamed Tributary to Stocks Creek | 51-USTC1-0050,Surface Water,42.97883,-82.513476,2025,4/1/2025,,EPA 8327,,,ng/L,,,,,,1.00,,,,,,,,,,,,,,,1.80,,,,,,,,,,,,,,,,,,,,,,,,,,,,,,,,,
Michigan_MPART_Surface_Water,Unnamed drainage ditch | 51-UTBK1-0050,Surface Water,42.975589,-82.49788,2025,4/1/2025,,EPA 8327,,,ng/L,,,,,,,,,,,,,,,,,,,,0.80,,3.80,,,,,,,,,,,,,,,,,,,,,,,,,,,,,,,,
Michigan_MPART_Surface_Water,Price Drain | 51-PRD-0090,Surface Water,43.001844,-82.511558,2025,4/1/2025,,EPA 8327,,,ng/L,,,1.20,,,,,,,,,,,,,,,,,0.70,,,,,,,,,,,,,,,,,,,,,,,,,,,,,,,,,,
Michigan_MPART_Surface_Water,Unnamed Tributary to Stocks Creek | 51-USTC2-0010,Surface Water,42.993801,-82.467071,2025,4/1/2025,,EPA 8327,,,ng/L,,,1.10,,,,,,,,,,,,,,,,,0.60,,,,,,,,,,,,,,,,,,,,,,,,,,,,,,,,,,
Michigan_MPART_Surface_Water,Unnamed Tributary to Stocks Creek | 51-USTC2-0010,Surface Water,42.993801,-82.467071,2025,4/1/2025,,EPA 8327,,,ng/L,,,1.00,,,,,,,,,,,,,,,,,0.60,,,,,,,,,,,,,,,,,,,,,,,,,,,,,,,,,,
Michigan_MPART_Surface_Water,Price Drain | 51-PRD-0080,Surface Water,43.001854,-82.507052,2025,4/1/2025,,EPA 8327,,,ng/L,,,0.90,,,,,,,,,,,,,,,,,0.60,,,,,,,,,,,,,,,,,,,,,,,,,,,,,,,,,,
Michigan_MPART_Surface_Water,Baldwin Drain | 51-BWD-0040,Surface Water,42.996418,-82.509561,2025,4/1/2025,,EPA 8327,,,ng/L,,,0.70,1.40,,,,,,,,,,,,,,,,0.50,,,,,,,,,,,,,,,,,,,,,,,,,,,,,,,,,,
Michigan_MPART_Surface_Water,Stocks Creek | 51-STC-0070,Surface Water,42.980571,-82.481369,2025,4/1/2025,,EPA 8327,,,ng/L,,,0.50,,,1.90,,,,,,,,,,,,,,0.50,,,,,,,,,,,,,,,,,,,,,,,,,,,,,,,,,,
Michigan_MPART_Surface_Water,Unnamed Tributary to Unnamed Tributary to Unnamed Tributary to Stocks Creek | 51-UUUSTC1-0020,Surface Water,42.988836,-82.524274,2025,4/1/2025,,EPA 8327,,,ng/L,1.90,,,,,1.20,,,,,,,,,,,,,,0.30,,,,,,,,,,,,,,,,,,,,,,,,,,,,,,,,,,
Michigan_MPART_Surface_Water,Unnamed Tributary to Stocks Creek | 51-USTC2-0020,Surface Water,42.995419,-82.47352,2025,4/1/2025,,EPA 8327,,,ng/L,,,1.30,,,,,,,,,,,,,,,,,1.40,,,,,,,,,,,,,,,,,,,,,,,,,,,,,,,,,,
Michigan_MPART_Surface_Water,Huffman Drain | 51-HFD-0050,Surface Water,42.970898,-82.499628,2025,4/1/2025,,EPA 8327,,,ng/L,,,,,,,,,,,,,,,,,,,,0.40,,,,,,,,,,,,,,,,,,,,,,,,,,,,,,,,,,
Michigan_MPART_Surface_Water,Price Drain | 51-PRD-0030,Surface Water,42.986996,-82.485947,2025,4/1/2025,,EPA 8327,,,ng/L,,,1.10,,1.30,,,,,,,,,,,,,,,0.50,,,,,,,,,,,,,,,,,,,,,,,,,,,,,,,,,,
Michigan_MPART_Surface_Water,Unnamed Tributary to Huffman Drain | 51-UHFD-0010,Surface Water,42.972484,-82.49633,2025,4/1/2025,,EPA 8327,,,ng/L,,,,,,0.90,,,,,,,,,,,,,,0.50,,,,,,,,,,,,,,,,,,,,,,,,,,,,,,,,,,
Michigan_MPART_Surface_Water,Unnamed Tributary to Unnamed Tributary to Unnamed Tributary to Stocks Creek | 51-UUUSTC1-0010,Surface Water,42.989107,-82.518426,2025,4/1/2025,,EPA 8327,,,ng/L,1.10,1.30,,,,,,1.00,,,,,,,,,,,,0.30,1.80,2.40,,,,,,,,,,,,,,,,,,,,,,,,,,,,,,,,
Michigan_MPART_Surface_Water,Unnamed Tributary to Stocks Creek | 51-USTC1-0040,Surface Water,42.979606,-82.508596,2025,4/1/2025,,EPA 8327,,,ng/L,1.70,,0.40,,,0.80,,,,,,,,,,,,,,0.30,1.80,,,,,,,,,,,,,,,,,,,,,,,,,,,,,,,,,
Michigan_MPART_Surface_Water,Price Drain | 51-PRD-0110,Surface Water,43.001319,-82.521313,2025,4/1/2025,,EPA 8327,,,ng/L,,,0.70,,,,,,,,,,,,,,,,,0.60,,,,,,,,,,,,,,,,,,,,,,,,,,,,,,,,,,
Michigan_MPART_Surface_Water,Price Drain | 51-PRD-0100,Surface Water,43.001467,-82.517086,2025,4/1/2025,,EPA 8327,,,ng/L,,,1.40,,,,,,,,,,,,,,,,,0.80,,,,,,,,,,,,,,,,,,,,,,,,,,,,,,,0.30,,,
Michigan_MPART_Surface_Water,Partridge Road Ditch #1 | 51-PRD1-0010,Surface Water,42.979626,-82.493068,2025,4/1/2025,,EPA 8327,,,ng/L,,,,,,1.60,,,1.60,,,,,,,,,,,0.70,,,,,,,,,,,,,,,,,,1.30,,,,,,,,,,,,,,,,
Michigan_MPART_Surface_Water,Unnamed drainage ditch | 51-UTBK1-0040,Surface Water,42.975606,-82.492935,2025,4/1/2025,,EPA 8327,,,ng/L,,,,,,1.30,,,,,,,,,,,,,,,,,,,,,,,,,,,,,,,,,,,,,,,,,,,,,,,,
Michigan_MPART_Surface_Water,Price Drain | 51-PRD-0070,Surface Water,43.001094,-82.50393,2025,4/1/2025,,EPA 8327,,,ng/L,,,0.70,,,,,,,,,,,,,,,,,,,,,,,,,,,,,,,,,,,,,,,,,,,,,,,,,,,
Michigan_MPART_Surface_Water,Price Drain | 51-PRD-0090,Surface Water,43.001844,-82.511558,2025,4/1/2025,,EPA 8327,,,ng/L,,,1.20,,,,,,,,,,,,,,,,,0.70,,,,,,,,,,,,,,,,,,,,,,,,,,,,,,,,,,
Michigan_MPART_Surface_Water,Unnamed drainage ditch | 51-UTBK1-0050,Surface Water,42.975589,-82.49788,2025,4/1/2025,,EPA 8327,,,ng/L,,,,,,,,,,,,,,,,,,,,0.60,,,,,,,,,,,,,,,,,,,,,,,,,,,,,,,,,,
Michigan_MPART_Surface_Water,Unnamed drainage ditch | 51-UTBK1-0020,Surface Water,42.971956,-82.483003,2025,4/1/2025,,EPA 8327,,,ng/L,,,0.90,,,,,,1.20,,,,,,,,,,,0.40,,,,,,,,,,,,,,,,,,,,,,,,,,,1.00,,,,,,,
Michigan_MPART_Surface_Water,Stocks Creek | 51-STC-0110,Surface Water,42.982714,-82.488285,2025,4/1/2025,,EPA 8327,,,ng/L,,,0.40,,,1.40,,,,,,,,,,,,,,,,,,,,,,,,,,,,,,,,,,,,,,,,,,,,,,,,
Michigan_MPART_Surface_Water,South Huffman Pond | 51-SHFP-0010,Surface Water,42.968028,-82.491682,2025,4/1/2025,,EPA 8327,,,ng/L,,,0.50,,,,,,,,,,,,,,,,,,1.00,,,,,,,,,,,,,,,,,,,,,,,,,,,,,,,,,
Michigan_MPART_Surface_Water,Stocks Creek | 51-STC-0060,Surface Water,42.980894,-82.476625,2025,4/1/2025,,EPA 8327,,,ng/L,,,0.70,,1.10,,,,,,,,,,,,,,,0.50,,,,,,,,,,,,,,,,,,,,,,,,,,,,,,,,,,
Michigan_MPART_Surface_Water,Price Drain | 51-PRD-0040,Surface Water,42.99014,-82.488777,2025,4/1/2025,,EPA 8327,,,ng/L,,,0.70,,1.30,,,,,,,,,,,,,,,,,,,,,,,,,,,,,,,,,,,,,,,,,,,,,,,,,
Michigan_MPART_Surface_Water,Unnamed Tributary to Unnamed Tributary to Stocks Creek | 51-UUSTC1-0030,Surface Water,42.991277,-82.514988,2025,4/1/2025,,EPA 8327,,,ng/L,,,1.00,1.60,1.60,1.50,,,,,,,,,,,,,,0.50,,,,,,,,,,,,,,,,,,,,,,,,,,,,,,,,,,
Michigan_MPART_Surface_Water,Unnamed Tributary to Stocks Creek | 51-USTC1-0050,Surface Water,42.97883,-82.513476,2025,4/1/2025,,EPA 8327,,,ng/L,1.30,,,,,,,,,,,,,,,,,,,0.50,1.90,,,,,,,,,,,,,,,,,,,,,,,,,,,,,,,,,
Michigan_MPART_Surface_Water,Baldwin Drain | 51-BWD-0020,Surface Water,42.994642,-82.504652,2025,4/1/2025,,EPA 8327,,,ng/L,,,0.50,,,,,,,,,,,,,,,,,0.60,,,,,,,,,,,,,,,,,,,,,,,,,,,,,,,,,,
Michigan_MPART_Surface_Water,North Huffman Pond | 51-NHFP-0010,Surface Water,42.96961,-82.491221,2025,4/1/2025,,EPA 8327,,,ng/L,,,0.40,,,,,,,,,,,,,,,,,,1.50,,,,,,,,,,,,,,,,,,,,,,,,,,,,,,,,,
Michigan_MPART_Surface_Water,Stocks Creek | 51-STC-0030,Surface Water,42.983264,-82.469019,2025,4/1/2025,,EPA 8327,,,ng/L,,,0.80,1.70,1.40,,,,,,,,,,,,,,,0.40,,,,,,,,,,,,,,,,,,,,,,,,,,,,,,,0.30,,,
Michigan_MPART_Surface_Water,Price Drain | 51-PRD-0020,Surface Water,42.985764,-82.483484,2025,4/1/2025,,EPA 8327,,,ng/L,,,1.20,,0.80,,,,,,,,,,,,,,,0.40,,,,,,,,,,,,,,,,,,,,,,,,,,,,,,,,,,
Michigan_MPART_Surface_Water,Unnamed Tributary to Stocks Creek | 51-USTC1-0020,Surface Water,42.98336,-82.503303,2025,4/1/2025,,EPA 8327,,,ng/L,,,,,1.90,1.00,,,,,,,,,,,,,,0.50,,,,,,,,,,,,,,,,,,,,,,,,,,,,,,,,,,
Michigan_MPART_Surface_Water,Sparlingville Drain | 51-SVD-0010,Surface Water,42.958122,-82.502241,2025,4/1/2025,,EPA 8327,,,ng/L,,,0.40,1.20,,,,,,,,,,,,,,,,0.60,,,,,,,,,,,,,,,,,,,,,,,0.60,,,,,,,,,,,
Michigan_MPART_Surface_Water,Price Drain | 51-PRD-0050,Surface Water,42.994886,-82.495761,2025,4/1/2025,,EPA 8327,,,ng/L,,,0.70,,1.80,,,,,,,,,,,,,,,0.70,,,,,,,,,,,,,,,,,,,,,,,,,,,,,,,,,,
Michigan_MPART_Surface_Water,Bunce Creek | 51-BNC-0020,Surface Water,42.931211,-82.463722,2025,4/1/2025,,EPA 8327,,,ng/L,,,0.50,,,,,,,,,,,,,,,,,0.40,,,,,,,,,,,,,,,,,,,,,,,,,,,,,,,,,,
Michigan_MPART_Surface_Water,Unnamed Tributary to Stocks Creek | 51-USTC1-0060,Surface Water,42.977619,-82.523769,2025,4/1/2025,,EPA 8327,,,ng/L,1.80,,,,,,,1.80,,,,,,,,,,,,,1.10,,,,,,,,,,,,,,,,,,,,,,,,,,,,,,,,,
Michigan_MPART_Surface_Water,Unnamed drainage ditch | 51-UTBK1-0010,Surface Water,42.973839,-82.473031,2025,4/1/2025,,EPA 8327,,,ng/L,,,0.90,,,,,,,,,,,,,,,,,0.60,,,,,,,,,,,,,,,,,,,,,,,,,,,,,,,,,,
Michigan_MPART_Surface_Water,Baldwin Drain | 51-BWD-0010,Surface Water,42.989763,-82.503585,2025,4/1/2025,,EPA 8327,,,ng/L,,,0.50,1.40,,,,,,,,,,,,,,,,,,,,,,,,,,,,,,,,,,,,,,,,,,,,,,,,,,
Michigan_MPART_Surface_Water,Stocks Creek | 51-STC-0100,Surface Water,42.98056,-82.484651,2025,4/1/2025,,EPA 8327,,,ng/L,,,0.40,,1.80,,,,,,,,,,,,,,,,,,,,,,,,,,,,,,,,,,,,,,,,,,,,,,,,,
Michigan_MPART_Surface_Water,Huelling Road Ditch #1 | 51-HRD1-0010,Surface Water,42.978231,-82.498153,2025,4/1/2025,,EPA 8327,,,ng/L,,,,,,,,,,,,,,,,,,,,,,,,,,,,,,,,,,,,,,,,,,,,,,,,,,,,,,
Michigan_MPART_Surface_Water,Utica Drain | 17-UTD-0020,Surface Water,42.62379,-82.953996,2024,4/29/2024,,EPA 8327,,,ng/L,,,1.80,,1.00,1.60,,1.90,,,,,,,,,,,,0.50,,,,,,,,,,,,,,,,,,,,,,,,,,,0.40,,,,,,,
Michigan_MPART_Surface_Water,Indian River | 38-IR-0180,Surface Water,46.271192,-86.694886,2024,5/21/2024,,EPA 8327,,,ng/L,,0.90,,,,,,0.00,,,,,,,,,,,,,0.00,,,,,,,,,,,,,,,,,,,,,,,,,,,,,,,,,
Michigan_MPART_Surface_Water,West Branch Fox River | 38-WFR-0010,Surface Water,46.489933,-86.084215,2024,5/21/2024,,EPA 8327,,,ng/L,,,,,,,,0.00,,,,,,,,,,,,0.40,0.00,0.90,,,,,,,,,,,,,,,,,,,,,,,,,,,,,,,,
Michigan_MPART_Surface_Water,McLaren Lake | 45-MCLL-0010,Surface Water,43.620526,-86.053565,2024,6/12/2024,,EPA 8327,,,ng/L,0.40,,,,,,,0.00,,,,,,,,,,,1.70,,0.60,2.30,,,,,,,,,,,,,,,,,,,,,,0.30,,,,,,,,,,
Michigan_MPART_Surface_Water,Manistee Lake | 37-ML-0050,Surface Water,44.220606,-86.285653,2024,6/17/2024,,EPA 8327,,,ng/L,,,,,,,,0.00,,,,,,,,,,,,,0.00,0.80,,,,,,,,,,,,,,,,,,,,,,,,,,,,,,,,
Michigan_MPART_Surface_Water,Indian River | 38-IR-0020,Surface Water,45.97601507,-86.24508659,2024,5/22/2024,,EPA 8327,,,ng/L,,,,,,,,0.00,,,,,,,,,,,,,0.00,0.90,,,,,,,,,,,,,,,,,,,,,,,,,,,,,,,,
Michigan_MPART_Surface_Water,Portage Creek | 37-PTC-0010,Surface Water,44.632888,-84.908647,2024,6/17/2024,,EPA 8327,,,ng/L,1.10,1.00,0.40,,,1.30,1.40,1.00,,,,,,,,,,,1.80,,0.40,1.70,,,,,,,,,,,,,,,,,,,,,,,,,,,,,,,,
Michigan_MPART_Surface_Water,Beaver Creek | 37-BVC-0090,Surface Water,44.039114,-85.448745,2024,6/18/2024,,EPA 8327,,,ng/L,1.20,1.80,0.70,,,,,1.50,,,,,,,,,,,,,1.50,,,,,,,,,,,,,,,,,,,,,,,0.40,,,,,,,,,,
Michigan_MPART_Surface_Water,North Branch Clinton River | 17-NBC-0220,Surface Water,42.857806,-82.991684,2024,4/29/2024,,EPA 8327,,,ng/L,0.80,,0.40,,,,1.30,0.00,,,,,,,,,,,1.90,0.40,0.80,3.40,,,,,,,,,,,,,,,,,,,,,,,,,,,,,0.30,,,
Michigan_MPART_Surface_Water,Little South Branch Pere Marquette | 45-LSPM-0080,Surface Water,43.79197,-85.761127,2024,6/11/2024,,EPA 8327,,,ng/L,0.50,,,,,,,0.00,,,,,,,,,,,1.00,,0.00,1.60,,,,,,,,,,,,,,,,,,,,,,,,,,,,,,,,
Michigan_MPART_Surface_Water,Flint River | 23-FR-0385,Surface Water,43.047399,-83.673242,2024,6/27/2024,,EPA 8327,,,ng/L,,,0.60,,1.10,0.80,,1.40,,,,,,,,,,,,0.50,1.70,,,,,,,,,,,,,,,,,,,,,,,,,,,,,,,,,
Michigan_MPART_Surface_Water,Camp Brook Drain | 17-CBD-0060,Surface Water,42.789732,-82.970603,2024,4/29/2024,,EPA 8327,,,ng/L,0.90,2.00,0.50,,,,1.20,0.00,,,,,,,,,,,,0.40,,,,,,,,,,,,,,,,,,,,,,,,,,,,,,,,,,
Michigan_MPART_Surface_Water,Slagle Creek | 37-SGC-0030,Surface Water,44.318775,-85.761184,2024,6/18/2024,,EPA 8327,,,ng/L,,,,,,,,0.00,,,,,,,,,,,,,0.00,,,,,,,,,,,,,,,,,,,,,,,,,,,,,,,,,
Michigan_MPART_Surface_Water,Paint Creek | 17-PC-0190,Surface Water,42.730949,-83.159402,2024,4/29/2024,,EPA 8327,,,ng/L,1.10,1.70,0.70,,,1.50,1.60,0.00,,,,,,,,,,,,0.70,,3.80,,,,,,,,,,,,,,,,,,,,,,,,,,,,,,,,
Michigan_MPART_Surface_Water,Whispering Springs Lake | 36-WSL-0010,Surface Water,42.891605,-85.751643,2024,3/28/2024,,EPA 8327,,,ng/L,,,1.10,0.90,0.90,,,,,,,,,,,,,,,0.50,,,,,,,,,,,,,,,,,,,,,,,,,,,,,,,,,,
Michigan_MPART_Surface_Water,Manton Creek | 37-MNC-0060,Surface Water,44.425033,-85.408182,2024,6/18/2024,,EPA 8327,,,ng/L,,,,,,,,0.00,,,,,,,,,,,0.70,,0.60,,,,,,,,,,,,,,,,,,,,,,,,,,,,,,,,,
Michigan_MPART_Surface_Water,Middle Branch Clinton River | 17-MBCR-0130,Surface Water,42.700878,-82.995623,2024,4/29/2024,,EPA 8327,,,ng/L,,,1.40,,,,,1.90,,,,,,,,,,,,0.60,,,,,,,,,,,,,,,,,,,,,,,,,,,,,,,,,,
Michigan_MPART_Surface_Water,Galloway Creek | 17-GLC-0110,Surface Water,42.688012,-83.280692,2024,4/29/2024,,EPA 8327,,,ng/L,,,,,1.90,,,,,,,,,,,,,,,1.10,,,,,,,,,,,,,,,,,,,,,,,,,,,,,,,,,,
Michigan_MPART_Surface_Water,Manistee Lake | 37-ML-0010,Surface Water,44.257205,-86.317004,2024,6/17/2024,,EPA 8327,,,ng/L,,,,,,,,0.00,,,,,,,,,,,1.00,,0.00,1.10,,,,,,,,,,,,,,,,,,,,,,,,,,,,,,,,
Michigan_MPART_Surface_Water,Bruce Creek | 38-BRU-0010,Surface Water,46.091509,-86.172203,2024,5/22/2024,,EPA 8327,,,ng/L,,,,,,,,0.00,,,,,,,,,,,,,0.00,1.70,,,,,,,,,,,,,,,,,,,,,,,,,,,,,0.30,,,
Michigan_MPART_Surface_Water,Rose Lake | 37-RSL-0010,Surface Water,44.069065,-85.383178,2024,6/18/2024,,EPA 8327,,,ng/L,0.80,1.80,0.60,,1.30,,1.00,1.40,,,,,,,,,,,,,0.40,,,,,,,,,,,,,,,,,,,,,,,,,,,,,,,,,
Michigan_MPART_Surface_Water,Driggs River | 38-DRG-0020,Surface Water,46.232274,-86.036918,2024,5/20/2024,,EPA 8327,,,ng/L,,,,,,,,0.00,,,,,,,,,,,,,0.00,1.40,,,,,,,,,,,,,,,,,,,,,,,,,,,,,,,,
Michigan_MPART_Surface_Water,Fox River | 38-FR-0050,Surface Water,46.344332,-85.950247,2024,5/20/2024,,EPA 8327,,,ng/L,,,,,,,,0.00,,,,,,,,,,,,0.40,0.00,,,,,,,,,,,,,,,,,,,,,,,0.40,,,,,,,0.30,,,
Michigan_MPART_Surface_Water,Flint River | 23-GC-0010,Surface Water,43.032388,-83.681192,2024,6/27/2024,,EPA 8327,,,ng/L,,,,,1.10,1.70,,1.90,,,,,,,,,,,,0.60,,,,,,,,,,,,,,,,,,,,,,,,,,,,,,,,,,
Michigan_MPART_Surface_Water,Whitehorse Lake outlet | 17-WHLO-0010,Surface Water,42.645175,-83.40624,2024,4/29/2024,,EPA 8327,,,ng/L,,,2.00,,,,,,,,,,,,,,,,,,,,,,,,,,,,,,,,,,,,,,,,,,,,,,,,,,,
Michigan_MPART_Surface_Water,Clinton River | 17-CR-1126,Surface Water,42.633614,-83.297426,2024,4/29/2024,,EPA 8327,,,ng/L,,,0.90,,,,,1.10,,,,,,,,,,,,0.60,,,,,,,,,,,,,,,,,,,,,,,,,,,,,,,,,,
Michigan_MPART_Surface_Water,Duck Lake | 45-DL-0010,Surface Water,43.341726,-86.403135,2024,6/11/2024,,EPA 8327,,,ng/L,1.40,1.30,,,1.00,,,0.00,,,,,,,,,,,,,0.70,2.30,,,,,,,,,,,,,,,,,,,,,,,,,,,,,,,,
Michigan_MPART_Surface_Water,Watkins Lake | 17-WKL-0010,Surface Water,42.659058,-83.38068,2024,4/29/2024,,EPA 8327,,,ng/L,0.80,,0.80,,,,,,,,,,,,,,,,,,0.90,3.00,,,,,,,,,,,,,,,,,,,,,,,,,,,,,,,,
Michigan_MPART_Surface_Water,Flint River | 23-FR-0379,Surface Water,43.042543,-83.675849,2024,6/27/2024,,EPA 8327,,,ng/L,,1.80,0.60,,,0.90,,1.20,,,,,,,,,,,,0.50,1.30,,,,,,,,,,,,,,,,,,,,,,,,,,,,,,,,,
Michigan_MPART_Surface_Water,Unnamed Pond | 51-KTPP-0010,Surface Water,42.9741403,-82.5293327,2024,5/29/2024,,EPA 8327,,,ng/L,,,,,,,,,,,,,,,,,,,,,,,,,,,,,,,,,,,,,,,,,,,,,,,,,,,,,,
Michigan_MPART_Surface_Water,Georgetown Park Lake | 36-GPL-0010,Surface Water,42.895593,-85.800952,2024,3/28/2024,,EPA 8327,,,ng/L,1.80,,1.50,,,,,,,,,,,,,,,,,0.40,,,,,,,,,,,,,,,,,,,,,,,,,,,,,,,,,,
Michigan_MPART_Surface_Water,Manistique River | 38-MR-0090,Surface Water,46.034211,-86.121826,2024,5/23/2024,,EPA 8327,,,ng/L,,,,,,,,0.00,,,,,,,,,,,,0.40,0.00,3.20,,,,,,,,,,,,,,,,,,,,,,0.40,,,,,,,,,,
Michigan_MPART_Surface_Water,Manton Creek | 37-MNC-0020,Surface Water,44.453999,-85.425931,2024,6/17/2024,,EPA 8327,,,ng/L,0.50,,,,,,,0.00,,,,,,,,,,,0.80,,0.60,,,,,,,,,,,,,,,,,,,,,,,,,,,,,,,,,
Michigan_MPART_Surface_Water,Huffman Drain | 51-HFD-0040,Surface Water,42.965678,-82.491516,2024,5/29/2024,,EPA 8327,,,ng/L,,,,,,,,,,,,,,,,,,,,,,,,,,,,,,,,,,,,,,,,,,,,,,,,,,,,,,
Michigan_MPART_Surface_Water,Weldon Creek | 45-WC-0030,Surface Water,43.971286,-86.120428,2024,6/11/2024,,EPA 8327,,,ng/L,,,,,1.30,,,0.00,,,,,,,,,,,,,0.40,1.80,,,,,,,,,,,,,,,,,,,,,,,,,,,,,,,,
Michigan_MPART_Surface_Water,Unnamed Tributary To the Big South Branch Pere Marquette River | 45-USPM-0010,Surface Water,43.844824,-86.062372,2024,6/11/2024,,EPA 8327,,,ng/L,0.50,,,,1.00,,,0.00,,,,,,,,,,,1.20,,0.00,2.00,,,,,,,,,,,,,,,,,,,,,,,,,,,,,,,,
Michigan_MPART_Surface_Water,Osborn Creek | 45-OC-0030,Surface Water,43.614696,-86.18762,2024,6/12/2024,,EPA 8327,,,ng/L,,,,,,,,0.00,,,,,,,,,,,1.20,0.70,0.40,1.10,,,,,,,,,,,,,,,,,,,,,,,,,,,,,0.40,,,
Michigan_MPART_Surface_Water,Unnamed Tributary To Beaver Creek | 45-UBV-0010,Surface Water,43.670365,-86.062427,2024,6/12/2024,,EPA 8327,,,ng/L,,,,,,,,,,,,,,,,,,,,0.50,1.20,,,,,,,,,,,,,,,,,,,,,,,,,,0.80,,,,,,,
Michigan_MPART_Surface_Water,North Branch White River | 45-NWR-0070,Surface Water,43.596564,-86.207919,2024,6/12/2024,,EPA 8327,,,ng/L,0.50,,,,,,,0.00,,,,,,,,,,,1.00,,0.40,1.00,,,,,,,,,,,,,,,,,,,,,,,,,,,,,0.40,,,
Michigan_MPART_Surface_Water,Portage Creek | 38-PC-0020,Surface Water,46.206785,-85.735899,2024,5/20/2024,,EPA 8327,,,ng/L,,0.80,,,,,1.00,0.00,,,,,,,,,,,,,0.00,,,,,,,,,,,,,,,,,,,,,,,,,,,,,,,,,
Michigan_MPART_Surface_Water,Waumegah Creek | 17-WMGC-0030,Surface Water,42.757724,-83.454431,2024,4/29/2024,,EPA 8327,,,ng/L,0.50,,0.60,,1.10,,1.60,1.50,,,,,,,,,,,1.70,0.40,1.20,2.80,,,,,,,,,,,,,,,,,,,,,,,,,,,,,,,,
Michigan_MPART_Surface_Water,Unnamed trib to Otter Lake | 17-UOL-0010,Surface Water,42.638935,-83.352875,2024,4/29/2024,,EPA 8327,,,ng/L,,,1.80,,,1.40,,1.20,,,,,,,,,,,,,,,,,,,,,,,,,,,,,,,,,,,,,,,,,,,,,,
Michigan_MPART_Surface_Water,Pere Marquette River | 45-PM-0050,Surface Water,43.937334,-86.218985,2024,6/11/2024,,EPA 8327,,,ng/L,,,,,,,1.20,1.00,,,,,,,,,,,1.80,,0.00,2.60,,,,,,,,,,,,,,,,,,,,,,,,,,,,,,,,
Michigan_MPART_Surface_Water,Peterson Creek | 37-PTC-0020,Surface Water,44.231981,-85.810638,2024,6/18/2024,,EPA 8327,,,ng/L,0.50,,,,,,,0.00,,,,,,,,,,,,,0.00,1.00,,,,,,,,,,,,,,,,,,,,,,,,,,,,,,,,
Michigan_MPART_Surface_Water,Harrington Drain | 17-HDR-0010,Surface Water,42.587956,-82.903676,2024,4/29/2024,,EPA 8327,,,ng/L,,,1.80,,1.90,,,,,,,,,,,,,,,0.50,,,,,,,,,,,,,,,,,,,,,,,,,,,,,,,,,,
Michigan_MPART_Surface_Water,Coon Creek | 17-CC-0030,Surface Water,42.7159,-82.8813,2024,4/29/2024,,EPA 8327,,,ng/L,1.30,,0.40,,1.10,,1.50,0.90,,,,,,,,,,,,0.40,1.40,,,,,,,,,,,,,,,,,,,,,,,,,,,,,,,,,
Michigan_MPART_Surface_Water,Clinton River | 17-CR-1000,Surface Water,42.656732,-83.073255,2024,4/29/2024,,EPA 8327,,,ng/L,,,1.00,,1.00,,,1.70,,,,,,,,,,,,0.60,,,,,,,,,,,,,,,,,,,,,,,,,,,,,,,,,,
Michigan_MPART_Surface_Water,Manistee River | 37-MAN-0950,Surface Water,44.86506,-84.835571,2024,6/18/2024,,EPA 8327,,,ng/L,,,,,,,,0.00,,,,,,,,,,,0.70,,0.00,,,,,,,,,,,,,,,,,,,,,,,,,,,,,,,,,
Michigan_MPART_Surface_Water,Little South Branch Pere Marquette | 45-LSPM-0010,Surface Water,43.850266,-85.843287,2024,6/11/2024,,EPA 8327,,,ng/L,0.60,,,,,,,0.00,,,,,,,,,,,1.00,,0.40,1.30,,,,,,,,,,,,,,,,,,,,,,,,,,,,,,,,
Michigan_MPART_Surface_Water,Unnamed Tributary To Unnamed Tributary To Beaver Creek | 45-UUBV3-0010,Surface Water,43.706219,-86.083771,2024,6/12/2024,,EPA 8327,,,ng/L,0.60,1.60,0.40,,,,1.40,1.40,,,,,,,,,,,1.90,0.40,0.60,,,,,,,,,,,,,,,,,,,,,,,,,,,,,,,,,
Michigan_MPART_Surface_Water,Big Beaver Creek | 17-BBC-0090,Surface Water,42.549646,-83.076812,2024,4/29/2024,,EPA 8327,,,ng/L,,,1.30,,0.80,1.80,,1.60,,,,,,,,,,,,,,,,,,,,,,,,,,,,,,,,,,,,,,,,,,,,,,
Michigan_MPART_Surface_Water,Pere Marquette River | 45-PM-0070,Surface Water,43.933012,-86.115509,2024,6/11/2024,,EPA 8327,,,ng/L,0.40,,,,0.80,,,0.00,,,,,,,,,,,0.80,,0.00,1.50,,,,,,,,,,,,,,,,,,,,,,,,,,,,,,,,
Michigan_MPART_Surface_Water,Flint River | 23-FR-0381,Surface Water,43.043479,-83.675637,2024,6/27/2024,,EPA 8327,,,ng/L,,1.70,0.50,,,,,1.20,,,,,,,,,,,,0.40,1.50,,,,,,,,,,,,,,,,,,,,,,,,,,,,,,,,,
Michigan_MPART_Surface_Water,Indian River | 38-IR-0150,Surface Water,46.20891,-86.619256,2024,5/22/2024,,EPA 8327,,,ng/L,,0.90,,,,,,0.00,,,,,,,,,,,,,0.00,,,,,,,,,,,,,,,,,,,,,,,,,,,,,,0.30,,,
Michigan_MPART_Surface_Water,Pine River | 37-PR-0120,Surface Water,44.082168,-85.647797,2024,6/18/2024,,EPA 8327,,,ng/L,0.50,,,,,,,0.00,,,,,,,,,,,0.70,,0.40,0.90,,,,,,,,,,,,,,,,,,,,,,0.30,,,,,,,,,,
Michigan_MPART_Surface_Water,Iron Creek | 38-IRC-0010,Surface Water,46.024388,-86.38505,2024,5/22/2024,,EPA 8327,,,ng/L,1.10,1.10,,,,,1.40,1.10,,,,,,,,,,,,0.40,0.00,,,,,,,,,,,,,,,,,,,,,,,,,,,,,,,,,
Michigan_MPART_Surface_Water,Strawberry Creek | 45-SBC-0010,Surface Water,43.36719,-86.390683,2024,6/11/2024,,EPA 8327,,,ng/L,,,,,,,,0.00,,,,,,,,,,,0.80,,0.40,1.60,,,,,,,,,,,,,,,,,,,,,,,,,,,,,,,,
Michigan_MPART_Surface_Water,Silver Creek | 37-SLV-0020,Surface Water,44.453618,-85.492479,2024,6/17/2024,,EPA 8327,,,ng/L,,,,,,,,0.00,,,,,,,,,,,,,0.00,,,,,,,,,,,,,,,,,,,,,,,0.40,,,,,,,,,,
Michigan_MPART_Surface_Water,Manistee River | 37-MAN-0100,Surface Water,44.248297,-86.328104,2024,6/17/2024,,EPA 8327,,,ng/L,,,,,,,,0.00,,,,,,,,,,,1.00,,0.00,1.40,,,,,,,,,,,,,,,,,,,,,,,,,,,,,,,,
Michigan_MPART_Surface_Water,Rose Edgett Creek | 37-REC-0030,Surface Water,44.10277,-85.462037,2024,6/18/2024,,EPA 8327,,,ng/L,1.40,2.00,0.50,,1.90,,1.20,1.40,,,,,,,,,,,,,0.80,,,,,,,,,,,,,,,,,,,,,,,,,,,,,,,,,
Michigan_MPART_Surface_Water,Carr Creek | 45-CRC-0010,Surface Water,43.873739,-86.07167,2024,6/11/2024,,EPA 8327,,,ng/L,0.50,,,,1.00,,,0.00,,,,,,,,,,,,,0.00,1.10,,,,,,,,,,,,,,,,,,,,,,,,,,,,,,,,
Michigan_MPART_Surface_Water,Beaver Creek | 45-BV-0080,Surface Water,43.677706,-86.06704,2024,6/12/2024,,EPA 8327,,,ng/L,1.50,1.60,,,1.40,,0.90,1.30,,,,,,,,,,,,,0.80,,,,,,,,,,,,,,,,,,,,,,,,,,,,,,,,,
Michigan_MPART_Surface_Water,Unnamed Tributary to Lower Trout Lake | 17-ULTL-0040,Surface Water,42.730505,-83.2437,2024,4/29/2024,,EPA 8327,,,ng/L,,,,,1.50,,,,,,,,,,,,,,,,,,,,,,,,,,,,,,,,,,,,,,1.10,,,,,,,,0.40,,,
Michigan_MPART_Surface_Water,Black Creek | 37-BLK-0010,Surface Water,44.64887,-84.947582,2024,6/18/2024,,EPA 8327,,,ng/L,0.60,,,,,,,0.90,,,,,,,,,,,,,0.00,,,,,,,,,,,,,,,,,,,,,,,,,,,,,,,,,
Michigan_MPART_Surface_Water,Clinton River | 17-CR-1290,Surface Water,42.744938,-83.409675,2024,4/29/2024,,EPA 8327,,,ng/L,1.10,,0.70,,1.30,1.70,,1.60,,,,,,,,,,,,0.50,1.70,,,,,,,,,,,,,,,,,,,,,,,,,,,,,,,,,
Michigan_MPART_Surface_Water,Spring Lake Creek | 17-SLC-0010,Surface Water,42.806371,-83.279303,2024,4/29/2024,,EPA 8327,,,ng/L,0.40,,0.40,,1.10,,1.80,1.20,,,,,,,,,,,,0.40,1.20,3.30,,,,,,,,,,,,,,,,,,,,,,,,,,,,,0.40,,,
Michigan_MPART_Surface_Water,Manistee River | 37-MAN-0150,Surface Water,44.260442,-85.938727,2024,6/17/2024,,EPA 8327,,,ng/L,0.40,,,,,,,0.00,,,,,,,,,,,,,0.00,,,,,,,,,,,,,,,,,,,,,,,,,,,,,,,,,
Michigan_MPART_Surface_Water,Gould Creek | 37-GC-0010,Surface Water,44.535283,-85.333823,2024,6/17/2024,,EPA 8327,,,ng/L,,,,,,,,0.00,,,,,,,,,,,0.70,,0.00,1.00,,,,,,,,,,,,,,,,,,,,,,,,,,,,,,,,
Michigan_MPART_Surface_Water,Flint River | 23-FR-0359,Surface Water,43.034584,-83.68297,2024,6/27/2024,,EPA 8327,,,ng/L,,1.90,0.60,,,1.20,,1.00,,,,,,,,,,,,0.50,1.40,,,,,,,,,,,,,,,,,,,,,,,,,,,,,,,,,
Michigan_MPART_Surface_Water,Blue Lake | 37-BL-0010,Surface Water,44.803715,-84.894186,2024,6/18/2024,,EPA 8327,,,ng/L,,,,,,,,0.00,,,,,,,,,,,0.70,,0.40,,,,,,,,,,,,,,,,,,,,,,,,,,,,,,,,,
Michigan_MPART_Surface_Water,Clinton RIver | 17-CR-0300,Surface Water,42.578884,-82.986366,2024,4/29/2024,,EPA 8327,,,ng/L,,,0.90,,1.20,,,1.80,,,,,,,,,,,,0.70,,,,,,,,,,,,,,,,,,,,,,,,,,,,,,,,,,
Michigan_MPART_Surface_Water,Unnamed drainage ditch | 51-UTBK3-0010,Surface Water,42.973864,-82.463808,2024,5/29/2024,,EPA 8327,,,ng/L,,,,,,,,,,,,,,,,,,,,,,,,,,,,,,,,,,,,,,,,,,,,,,,,,,,,,,
Michigan_MPART_Surface_Water,Boot Lake | 38-BOOT-0010,Surface Water,46.266847,-86.451193,2024,5/22/2024,,EPA 8327,,,ng/L,,,0.40,,0.90,,,0.00,,,,,,,,,,,,,0.00,2.40,,,,,,,,,,,,,,,,,,,,,,,,,,,,,,,,
Michigan_MPART_Surface_Water,Jackpine Lake | 38-JPL-0010,Surface Water,46.114011,-86.523434,2024,5/22/2024,,EPA 8327,,,ng/L,,,0.40,,,,0.80,0.00,,,,,,,,,,,,,0.00,2.10,,,,,,,,,,,,,,,,,,,,,,,,,,,,,0.40,,,
Michigan_MPART_Surface_Water,Unnamed Trib to Clinton River | 17-UTCR2-0010,Surface Water,42.633357,-83.2494,2024,4/29/2024,,EPA 8327,,,ng/L,,,1.00,,1.40,,,,,,,,,,,,,,,0.40,,,,,,,,,,,,,,,,,,,,,,,,,,,,,,,,,,
Michigan_MPART_Surface_Water,Miller Drain | 17-MDR-0040,Surface Water,42.623449,-82.916425,2024,4/29/2024,,EPA 8327,,,ng/L,,,1.00,,,,,,,,,,,,,,,,,0.70,,,,,,,,,,,,,,,,,,,,,,,,,,,,,,,0.30,,,
Michigan_MPART_Surface_Water,Unnamed drainage ditch | 51-UTBK1-0010,Surface Water,42.973839,-82.473031,2024,5/29/2024,,EPA 8327,,,ng/L,,,,,,,,,,,,,,,,,,,,,,,,,,,,,,,,,,,,,,,,,,,,,,,,,,,,,,
Michigan_MPART_Surface_Water,Freeman Creek | 45-FMC-0020,Surface Water,43.742615,-86.006909,2024,6/11/2024,,EPA 8327,,,ng/L,0.70,0.90,,,1.00,,0.90,1.00,,,,,,,,,,,,,0.80,,,,,,,,,,,,,,,,,,,,,,,,,,,,,,,,,
Michigan_MPART_Surface_Water,South Hopkins Creek | 37-SHPC-0020,Surface Water,44.470933,-85.28613,2024,6/18/2024,,EPA 8327,,,ng/L,,,,,,,,0.00,,,,,,,,,,,,,0.00,,,,,,,,,,,,,,,,,,,,,,,0.30,,,,,,,,,,
Michigan_MPART_Surface_Water,Bear Creek | 37-BC-0120,Surface Water,44.457651,-85.999969,2024,6/17/2024,,EPA 8327,,,ng/L,,,,,,,,0.00,,,,,,,,,,,0.70,,0.40,,,,,,,,,,,,,,,,,,,,,,,,,,,,,,,,,
Michigan_MPART_Surface_Water,Manistique River | 38-MR-0010,Surface Water,45.954769,-86.253024,2024,5/23/2024,,EPA 8327,,,ng/L,0.60,1.00,0.40,,,,,1.00,,,,,,,,,,,,,0.00,2.70,,,,,,,,,,,,,,,,,,,,,,,,,,,,,0.30,,,
Michigan_MPART_Surface_Water,Roys Creek | 36-RY-0030,Surface Water,42.91364,-85.73009,2024,3/28/2024,,EPA 8327,,,ng/L,,,0.70,,,,,1.50,,,,,,,,,,,,0.70,,,,,,,,,,,,,,,,,,,,,,,,,,,,,,,,,,
Michigan_MPART_Surface_Water,Unnamed Pond | 51-SRP-0010,Surface Water,43.0220974,-82.4679986,2024,5/29/2024,,EPA 8327,,,ng/L,,,,,,,,,,,,,,,,,,,,,,,,,,,,,,,,,,,,,,,,,,,,,,,,,,,,,,
Michigan_MPART_Surface_Water,Stutts Creek | 38-STC-0020,Surface Water,46.126498,-86.199242,2024,5/22/2024,,EPA 8327,,,ng/L,0.50,,,,,,,0.00,,,,,,,,,,,,,0.00,2.00,,,,,,,,,,,,,,,,,,,,,,,,,,,,,,,,
Michigan_MPART_Surface_Water,North Branch Clinton River | 17-NBC-0160,Surface Water,42.789455,-82.953203,2024,4/29/2024,,EPA 8327,,,ng/L,0.80,1.20,0.40,,,,1.30,0.00,,,,,,,,,,,,0.40,0.80,3.30,,,,,,,,,,,,,,,,,,,,,,,,,,,,,,,,
Michigan_MPART_Surface_Water,Beaver Creek | 45-BV-0060,Surface Water,43.683148,-86.019238,2024,6/12/2024,,EPA 8327,,,ng/L,,,,,,1.40,,,1.90,,,,,,,,,,,0.30,0.90,,,,,,,,,,,,,,,,,,,,,,,,,,,,,,,,,
Michigan_MPART_Surface_Water,Big South Branch Pere Marquette | 45-SPM-0130,Surface Water,43.741824,-85.958398,2024,6/11/2024,,EPA 8327,,,ng/L,,,,1.40,,0.90,,,,,,,,,,,,,,,0.80,,,,,,,,,,,,,,,,,,,,,,,,,,,,,,,,,
Michigan_MPART_Surface_Water,Chrissman Drain | 17-CD-0032,Surface Water,42.601119,-83.073522,2024,4/29/2024,,EPA 8327,,,ng/L,,,0.90,,,1.30,,1.00,,,,,,,,,,,,0.40,,,,,,,,,,,,,,,,,,,,,,,,,,,,,,,,,,
Michigan_MPART_Surface_Water,Manistee River | 37-MAN-0780,Surface Water,44.6300922,-84.9140325,2024,6/17/2024,,EPA 8327,,,ng/L,0.90,,,,,,,0.00,,,,,,,,,,,0.90,0.40,0.00,1.00,,,,,,,,,,,,,,,,,,,,,,,,,,,,,,,,
Michigan_MPART_Surface_Water,Clinton River | 17-CR-1120,Surface Water,42.636243,-83.249559,2024,4/29/2024,,EPA 8327,,,ng/L,,,0.90,,0.90,,,1.20,,,,,,,,,,,,0.80,,,,,,,,,,,,,,,1.30,,,1.30,,,,,,,,,,,,,,,,
Michigan_MPART_Surface_Water,Unnamed Tributary To Beaver Creek | 45-UBV2-0010,Surface Water,43.700143,-86.083676,2024,6/12/2024,,EPA 8327,,,ng/L,1.30,1.90,0.40,,1.20,,1.10,1.40,,,,,,,,,,,,0.30,0.70,,,,,,,,,,,,,,,,,,,,,,,,,,,,,,0.40,,,
Michigan_MPART_Surface_Water,Martin Creek | 45-MC-0040,Surface Water,43.63638,-85.950963,2024,6/12/2024,,EPA 8327,,,ng/L,,,,,,,,0.00,,,,,,,,,,,,,0.40,1.90,,,,,,,,,,,,,,,,,,,,,,,,,,,,,,,,
Michigan_MPART_Surface_Water,Red Run | 17-RR-0130,Surface Water,42.529356,-83.068281,2024,4/29/2024,,EPA 8327,,,ng/L,,,1.90,1.00,1.60,1.70,,1.30,,,,,,,,,,,,,,,,,,,,,,,,,,,,,,,,,,,,,,,,,,,,,,
Michigan_MPART_Surface_Water,Prairie Creek | 38-PRC-0010,Surface Water,46.346961,-86.411713,2024,5/21/2024,,EPA 8327,,,ng/L,,0.80,,,,,,0.00,,,,,,,,,,,,,0.00,1.00,,,,,,,,,,,,,,,,,,,,,,,,,,,,,,,,
Michigan_MPART_Surface_Water,Flint River | 23-FR-0357,Surface Water,43.031175,-83.684035,2024,6/27/2024,,EPA 8327,,,ng/L,,,,,,,,,,,,,,,,,,,,,,,,,,,,,,,,,,,,,,,,,,,,,,,0.90,,,,,,,
Michigan_MPART_Surface_Water,Paint Creek | 17-PC-0310,Surface Water,42.783612,-83.233517,2024,4/29/2024,,EPA 8327,,,ng/L,0.60,,0.60,,1.20,,,1.60,,,,,,,,,,,,0.30,,4.00,,,,,,,,,,,,,,,,,,,,,,,,,,,,,,,,
Michigan_MPART_Surface_Water,Gloede Ditch | 17-GD-0200,Surface Water,42.664059,-82.970633,2024,4/29/2024,,EPA 8327,,,ng/L,,,,,,,,,,,,,,,,,,,,0.40,,,,,,,,,,,,,,,0.80,,,,,,,,,,,,,,,,,,,
Michigan_MPART_Surface_Water,Stony Creek | 17-SC-0100,Surface Water,42.763596,-83.074504,2024,4/29/2024,,EPA 8327,,,ng/L,0.80,1.70,0.40,,0.90,,1.30,0.00,,,,,,,,,,,,,0.80,3.70,,,,,,,,,,,,,,,,,,,,,,,,,,,,,,,,
Michigan_MPART_Surface_Water,Manistee River | 37-MAN-0250,Surface Water,44.363195,-85.820934,2024,6/18/2024,,EPA 8327,,,ng/L,0.40,,,,,,,0.00,,,,,,,,,,,,,0.00,1.40,,,,,,,,,,,,,,,,,,,,,,0.30,,,,,,,,,,
Michigan_MPART_Surface_Water,Silver Creek | 38-SLV-0030,Surface Water,45.966692,-86.375309,2024,5/22/2024,,EPA 8327,,,ng/L,,,,,,,,0.00,,,,,,,,,,,,,0.00,,,,,,,,,,,,,,,,,,,,,,,,,,,,,,0.30,,,
Michigan_MPART_Surface_Water,Flint River | 23-FR-0413,Surface Water,43.058385,-83.666912,2024,6/27/2024,,EPA 8327,,,ng/L,,,0.70,,0.90,1.30,,1.40,,,,,,,,,,,,0.40,1.70,,,,,,,,,,,,,,,,,,,,,,,,,,,,,,,,,
Michigan_MPART_Surface_Water,Ham Creek | 37-HMC-0020,Surface Water,44.489104,-85.257795,2024,6/18/2024,,EPA 8327,,,ng/L,0.50,0.80,,,,,,0.00,,,,,,,,,,,,,0.00,3.30,,,,,,,,,,,,,,,,,,,,,,,,,,,,,,,,
Michigan_MPART_Surface_Water,Plum Brook | 17-PB-0040,Surface Water,42.580591,-83.024013,2024,4/29/2024,,EPA 8327,,,ng/L,,,1.60,,1.40,,,1.90,,,,,,,,,,,,0.60,,,,,,,,,,,,,,,,,,,,,,,1.20,,,,,,,,,,,
Michigan_MPART_Surface_Water,Clinton River | 17-CR-0020,Surface Water,42.592844,-82.817119,2024,4/29/2024,,EPA 8327,,,ng/L,,,1.60,,1.40,,,,,,,,,,,,,,,1.10,,,,,,,,,,,,,,,,,,,,,,,1.90,,,,,,,,0.30,,,
Michigan_MPART_Surface_Water,South Branch Pentwater River | 45-SPT-0010,Surface Water,43.720482,-86.297931,2024,6/11/2024,,EPA 8327,,,ng/L,0.50,,,,0.80,,,0.00,,,,,,,,,,,0.90,,0.00,1.40,,,,,,,,,,,,,,,,,,,,,,,,,,,,,,,,
Michigan_MPART_Surface_Water,Little Manistee River | 37-LMAN-0010,Surface Water,44.209325,-86.276123,2024,6/17/2024,,EPA 8327,,,ng/L,,,,,,,,0.00,,,,,,,,,,,,,0.00,,,,,,,,,,,,,,,,,,,,,,,,,,,,,,,,,
Michigan_MPART_Surface_Water,Manistique Lake | 38-ML-0010,Surface Water,46.262887,-85.82927,2024,5/21/2024,,EPA 8327,,,ng/L,,0.80,,,,,,0.00,,,,,,,,,,,,,0.00,3.80,,,,,,,,,,,,,,,,,,,,,,,,,,,,,,,,
Michigan_MPART_Surface_Water,South Branch Pentwater River | 45-SPT-0050,Surface Water,43.700505,-86.207667,2024,6/12/2024,,EPA 8327,,,ng/L,0.40,,,,,,,0.00,,,,,,,,,,,,,0.40,,,,,,,,,,,,,,,,,,,,,,,,,,,,,,0.40,,,
Michigan_MPART_Surface_Water,Terry Lake | 17-TL-0010,Surface Water,42.657854,-83.306381,2024,4/29/2024,,EPA 8327,,,ng/L,,,0.60,,1.20,,,,,,,,,,,,,,,1.00,,,,,,,,,,,,,,,,,,,,,,,,,,,,,,,0.40,,,
Michigan_MPART_Surface_Water,Manistique River | 38-MR-0150,Surface Water,46.246944,-85.924548,2024,5/21/2024,,EPA 8327,,,ng/L,,,,,,,,0.00,,,,,,,,,,,,,0.00,2.50,,,,,,,,,,,,,,,,,,,,,,,,,,,,,0.30,,,
Michigan_MPART_Surface_Water,Wm.P. Thompson Pond | 51-WMPT-0010,Surface Water,42.976194,-82.472375,2024,5/29/2024,,EPA 8327,,,ng/L,,,,,,,,,,,,,,,,,,,,,,,,,,,,,,,,,,,,,,,,,,,,,,,,,,,,,,
Michigan_MPART_Surface_Water,Bass Lake | 38-BAS-0010,Surface Water,46.169515,-86.479375,2024,5/22/2024,,EPA 8327,,,ng/L,,,0.50,,1.00,,,0.00,,,,,,,,,,,,,0.00,2.30,,,,,,,,,,,,,,,,,,,,,,,,,,,,,0.30,,,
Michigan_MPART_Surface_Water,Indian River | 38-IR-0080,Surface Water,46.090251,-86.410549,2024,5/22/2024,,EPA 8327,,,ng/L,,,,,,,,0.00,,,,,,,,,,,,,0.00,,,,,,,,,,,,,,,,,,,,,,,,,,,,,,0.30,,,
Michigan_MPART_Surface_Water,Blue Lake Outlet | 38-BLO-0010,Surface Water,46.165726,-86.626841,2024,5/22/2024,,EPA 8327,,,ng/L,0.60,,,,,,,0.00,,,,,,,,,,,,,0.00,,,,,,,,,,,,,,,,,1.30,,,,,,,,,,,,,,,,
Michigan_MPART_Surface_Water,East Branch Fox River | 38-EFR-0090,Surface Water,46.439417,-85.939478,2024,5/20/2024,,EPA 8327,,,ng/L,,,,,,,,0.00,,,,,,,,,,,,0.40,0.00,,,,,,,,,,,,,,,,,,,,,,,,,,,,,,,,,
Michigan_MPART_Surface_Water,Shingle Lake | 42-SHL-0020,Surface Water,43.9672,-84.9551,2023,6/22/2023,,EPA 8327,,,ng/L,,,,,,,,0.00,,,,,,,,,,,,,0.00,,,,,,,,,,,,,,,,,,,,,,,,,,,,,,,,,
Michigan_MPART_Surface_Water,Flint River | 23-FR-0369,Surface Water,43.038724,-83.677438,2024,6/27/2024,,EPA 8327,,,ng/L,,1.80,0.60,,,0.80,1.70,1.20,,,,,,,,,,,,0.50,1.40,,,,,,,,,,,,,,,,,,,,,,,,,,,,,,,,,
Michigan_MPART_Surface_Water,Luvis Lake | 36-LL-0010,Surface Water,42.921752,-85.736204,2024,3/28/2024,,EPA 8327,,,ng/L,,,0.80,,,,,,,,,,,,,,,,,0.90,,,,,,,,,,,,,,,,,,,,,,,,,,,,,,,,,,
Michigan_MPART_Surface_Water,Big South Branch Pere Marquette | 45-SPM-0120,Surface Water,43.784309,-86.018596,2024,6/11/2024,,EPA 8327,,,ng/L,,,0.40,0.90,,,,,,,,,,,,,,,,0.40,0.50,,,,,,,,,,,,,,,,,,,,,,,,,,,,,,0.40,,,
Michigan_MPART_Surface_Water,Clinton River | 17-CR-1100,Surface Water,42.653842,-83.19295,2024,4/29/2024,,EPA 8327,,,ng/L,,,1.10,,1.10,,,1.80,,,,,,,,,,,,0.80,,,,,,,,,,,,,,,,,,,,,,,0.50,,,,,,,,,,,
Michigan_MPART_Surface_Water,Big South Branch Pere Marquette | 45-SPM-0020,Surface Water,43.875746,-86.113802,2024,6/11/2024,,EPA 8327,,,ng/L,,,,1.00,,,,,,,,,,,,,,,,,0.00,3.80,,,,,,,,,,,,,,,,,,,,,,,,,,,,,,,,
Michigan_MPART_Surface_Water,Duck Creek | 38-DKC-0010,Surface Water,46.094785,-86.062329,2024,5/23/2024,,EPA 8327,,,ng/L,,,,,0.90,,,0.00,,,,,,,,,,,,0.40,0.00,3.70,,,,,,,,,,,,,,,,,,,,,,,,,,,,,,,,
Michigan_MPART_Surface_Water,Harrington Drain | 17-HDR-0040,Surface Water,42.561886,-82.931512,2024,4/29/2024,,EPA 8327,,,ng/L,,,1.30,,1.00,,,1.60,,,,,,,,,,,,0.70,,,,,,,,,,,,,,,,,,,,,,,,,,,,,,,,,,
Michigan_MPART_Surface_Water,Barney Creek | 45-BNC-0005,Surface Water,43.209748,-86.211844,2024,5/24/2024,,EPA 8327,,,ng/L,,,,,,,,,,,,,,,,,,,,,,,,,,,,,,,,,,,,,,,,,,,,,,,,,,,,,,
Michigan_MPART_Surface_Water,Unnamed Tributary to the Manistee River | 37-UMAN2-0010,Surface Water,44.271488,-86.259568,2024,6/17/2024,,EPA 8327,,,ng/L,0.40,,,,1.00,0.80,,,,,,,,,,,,,,,0.50,,,,,,,,,,,,,,,,,,,,,,,,,,,,,,,,,
Michigan_MPART_Surface_Water,Manistee River | 37-MAN-0030,Surface Water,44.413343,-85.71933,2024,6/18/2024,,EPA 8327,,,ng/L,,1.40,0.50,,,1.80,1.40,0.00,,,,,,,,,,,1.30,,1.60,0.80,,,,,,,,,,,,,,,,,,,,,,,,,,,,,,,,
Michigan_MPART_Surface_Water,Manistee River | 37-MAN-0740,Surface Water,44.585886,-85.089941,2024,6/17/2024,,EPA 8327,,,ng/L,0.90,,,,,,,0.00,,,,,,,,,,,0.90,,0.40,1.00,,,,,,,,,,,,,,,,,,,,,,,,,,,,,,,,
Michigan_MPART_Surface_Water,Clinton River | 17-CR-1310,Surface Water,42.779471,-83.388049,2024,4/29/2024,,EPA 8327,,,ng/L,1.10,,0.80,,1.20,1.10,,,,,,,,,,,,,,0.60,,,,,,,,,,,,,,,,,,,,,,,,,,,,,,,,,,
Michigan_MPART_Surface_Water,Bear Creek | 38-BRC-0020,Surface Water,46.07784,-86.056593,2024,5/23/2024,,EPA 8327,,,ng/L,,0.90,,,,,1.00,0.00,,,,,,,,,,,,0.40,0.40,,,,,,,,,,,,,,,,,1.60,,,,,,,,,,,,,,,,
Michigan_MPART_Surface_Water,South Beaver Creek | 45-SBV-0010,Surface Water,43.661381,-86.138859,2024,6/12/2024,,EPA 8327,,,ng/L,1.00,1.20,0.50,,0.80,,,1.30,,,,,,,,,,,,,0.60,,,,,,,,,,,,,,,,,,,,,,,,,,,,,,0.40,,,
Michigan_MPART_Surface_Water,Bridge Lake | 17-BL-0010,Surface Water,42.751161,-83.471053,2024,4/29/2024,,EPA 8327,,,ng/L,1.80,,1.50,,0.80,,,1.70,,,,,,,,,,,,1.10,,3.20,,,,,,,,,,,,,,,,,,,,,,,,,,,,,0.40,,,
Michigan_MPART_Surface_Water,Portage Creek | 37-PTC-0040,Surface Water,44.660092,-84.818918,2024,6/17/2024,,EPA 8327,,,ng/L,1.70,1.30,0.50,,,,2.00,1.50,,,,,,,,,,,,0.50,0.60,2.10,,,,,,,,,,,,,,,,,,,,,,,,,,,,,,,,
Michigan_MPART_Surface_Water,Pine River | 37-PR-0050,Surface Water,44.202903,-85.799363,2024,6/18/2024,,EPA 8327,,,ng/L,,,,,,,,0.00,,,,,,,,,,,,,0.00,,,,,,,,,,,,,,,,,,,,,,,,,,,,,,,,,
Michigan_MPART_Surface_Water,Manistique River | 38-MR-0040,Surface Water,45.962942,-86.249439,2024,5/22/2024,,EPA 8327,,,ng/L,,,,,,,,0.00,,,,,,,,,,,,0.40,0.00,2.40,,,,,,,,,,,,,,,,,,,,,,,,,,,,,0.30,,,
Michigan_MPART_Surface_Water,Allen Creek | 45-AC-0020,Surface Water,43.763113,-86.018553,2024,6/11/2024,,EPA 8327,,,ng/L,1.10,1.60,,,1.20,,1.00,0.90,,,,,,,,,,,1.70,,0.70,,,,,,,,,,,,,,,,,,,,,,,,,,,,,,,,,
Michigan_MPART_Surface_Water,Flint River | 23-FR-0415,Surface Water,43.05948,-83.66638,2024,6/27/2024,,EPA 8327,,,ng/L,,1.80,0.60,,1.10,,1.70,1.20,,,,,,,,,,,,0.50,1.10,,,,,,,,,,,,,,,,,,,,,,,,,,,,,,,,,
Michigan_MPART_Surface_Water,Unnamed Tributary To South Beaver Creek | 45-USBV-0010,Surface Water,43.675242,-86.139159,2024,6/12/2024,,EPA 8327,,,ng/L,1.10,1.40,0.40,,1.50,,1.00,1.30,,,,,,,,,,,1.20,,0.50,,,,,,,,,,,,,,,,,,,,,,,,,,,,,,,,,
Michigan_MPART_Surface_Water,Unnamed Tributary To Beaver Creek | 45-UBV3-0010,Surface Water,43.709529,-86.083809,2024,6/12/2024,,EPA 8327,,,ng/L,0.70,1.00,,,1.00,,1.00,1.00,,,,,,,,,,,,,0.70,,,,,,,,,,,,,,,,,,,,,,,,,,,,,,0.40,,,
Michigan_MPART_Surface_Water,West Branch Manistique River | 38-WMR-0060,Surface Water,46.172311,-86.210315,2024,5/22/2024,,EPA 8327,,,ng/L,,,,,,,,0.00,,,,,,,,,,,,0.40,0.00,3.00,,,,,,,,,,,,,,,,,,,,,,,,,,,,,0.30,,,
Michigan_MPART_Surface_Water,Bear Creek | 37-BC-0020,Surface Water,44.313941,-86.048235,2024,6/17/2024,,EPA 8327,,,ng/L,,,,,,,,0.00,,,,,,,,,,,,,0.00,,,,,,,,,,,,,,,,,,,,,,,,,,,,,,,,,
Michigan_MPART_Surface_Water,Ruby Creek | 45-RBY-0010,Surface Water,43.815871,-86.086921,2024,6/11/2024,,EPA 8327,,,ng/L,0.50,,,,1.00,,,0.00,,,,,,,,,,,0.80,,0.40,1.00,,,,,,,,,,,,,,,,,,,,,,,,,,,,,,,,
Michigan_MPART_Surface_Water,Unnamed drainage ditch | 51-UTBK4-0010,Surface Water,42.980572,-82.472938,2024,5/29/2024,,EPA 8327,,,ng/L,,,,,,,,,,,,,,,,,,,,,,,,,,,,,,,,,,,,,,,,,,,,,,,,,,,,,,
Michigan_MPART_Surface_Water,Indian Lake | 38-IL-0010,Surface Water,45.968846,-86.353372,2024,5/22/2024,,EPA 8327,,,ng/L,0.40,,,,,,,0.00,,,,,,,,,,,,0.30,0.00,1.60,,,,,,,,,,,,,,,,,,,,,,,,,,,,,,,,
Michigan_MPART_Surface_Water,Pine Creek | 37-PNC-0010,Surface Water,44.243575,-86.057633,2024,6/17/2024,,EPA 8327,,,ng/L,,,,,,,,0.00,,,,,,,,,,,,,0.00,,,,,,,,,,,,,,,,,,,,,,,,,,,,,,,,,
Michigan_MPART_Surface_Water,Grays Creek | 38-GRC-0010,Surface Water,46.240307,-85.955548,2024,5/20/2024,,EPA 8327,,,ng/L,,,,,,,1.00,0.80,,,,,,,,,,,,0.30,0.00,,,,,,,,,,,,,,,,,,,,,,,,,,,,,,,,,
Michigan_MPART_Surface_Water,Sturgeon Hole Creek | 38-SHC-0040,Surface Water,46.045992,-86.261951,2024,5/22/2024,,EPA 8327,,,ng/L,0.60,1.30,,,0.80,,1.00,1.20,,,,,,,,,,,,,0.00,,,,,,,,,,,,,,,,,,,,,,,,,,,,,,0.30,,,
Michigan_MPART_Surface_Water,Little Manistee River | 37-LMAN-0080,Surface Water,44.171088,-86.10333,2024,6/17/2024,,EPA 8327,,,ng/L,,,,,,,,0.00,,,,,,,,,,,0.70,,0.00,,,,,,,,,,,,,,,,,,,,,,,,,,,,,,,,,
Michigan_MPART_Surface_Water,McBride Drain | 17-MBD-0030,Surface Water,42.67656,-82.907202,2024,4/29/2024,,EPA 8327,,,ng/L,1.60,,0.80,,,,,1.50,,,,,,,,,,,,0.40,,,,,,,,,,,,,,,,,,,,,,,,,,,,,,,,,,
Michigan_MPART_Surface_Water,Spelman Lake | 36-SPL-0010,Surface Water,42.925752,-85.738695,2024,3/28/2024,,EPA 8327,,,ng/L,,,1.00,1.10,1.50,,,,,,,,,,,,,,,0.80,,,,,,,,,,,,,,,,,,,,,,,,,,,,,,,,,,
Michigan_MPART_Surface_Water,Swartz Creek | 23-SWC-0002,Surface Water,43.0150101,-83.69926614,2024,5/10/2024,,EPA 8327,,,ng/L,,,,,,,,,,,,,,,,,,,,,,,,,,,,,,,,,,,,,,,,,,,,,,,,,,,,,,
Michigan_MPART_Surface_Water,Little Bear Creek | 37-LBC-0030,Surface Water,44.439942,-86.125866,2024,6/17/2024,,EPA 8327,,,ng/L,1.50,,0.90,,1.50,,1.70,1.80,,,,,,,,,,,,,0.40,,,,,,,,,,,,,,,,,,,,,,,,,,,,,,,,,
Michigan_MPART_Surface_Water,Flint River | 23-FR-0384,Surface Water,43.046741,-83.673322,2024,6/27/2024,,EPA 8327,,,ng/L,,1.60,0.70,,0.90,0.80,,1.20,,,,,,,,,,,,0.40,1.20,,,,,,,,,,,,,,,,,,,,,,,,,,,,,,,,,
Michigan_MPART_Surface_Water,Flint River | 23-FR-0358,Surface Water,43.032226,-83.682522,2024,6/27/2024,,EPA 8327,,,ng/L,,1.90,0.60,,0.90,1.10,1.90,1.30,,,,,,,,,,,,0.50,1.50,,,,,,,,,,,,,,,,,,,,,,,,,,,,,,,,,
Michigan_MPART_Surface_Water,Unnamed Trib to Clinton River | 17-UTCR1-0010,Surface Water,42.6799,-83.379244,2024,4/29/2024,,EPA 8327,,,ng/L,,,0.50,,1.10,1.80,,1.90,,,,,,,,,,,,0.50,,,,,,,,,,,,,,,,,,,,,,,,,,,,,,,0.40,,,
Michigan_MPART_Surface_Water,Manistee Lake | 37-ML-0030,Surface Water,44.213995,-86.278932,2024,6/17/2024,,EPA 8327,,,ng/L,0.60,,,,,,,0.00,,,,,,,,,,,,,0.00,,,,,,,,,,,,,,,,,,,,,,,,,,,,,,,,,
Michigan_MPART_Surface_Water,Lake Sanford | 36-LS-0010,Surface Water,42.916104,-85.755283,2024,3/28/2024,,EPA 8327,,,ng/L,,,,0.90,,,,,,,,,,,,,,,,0.90,,,,,,,,,,,,,,,,,,,,,,,,,,,,,,,,,,
Michigan_MPART_Surface_Water,South Manistique Lake | 38-SML-0010,Surface Water,46.174385,-85.790478,2024,5/20/2024,,EPA 8327,,,ng/L,1.00,0.80,,,,,0.80,0.80,,,,,,,,,,,,,0.00,,,,,,,,,,,,,,,,,,,,,,,,,,,,,,,,,
Michigan_MPART_Surface_Water,Little Black Creek | 45-LBC-0046,Surface Water,43.205017,-86.223211,2024,5/24/2024,,EPA 8327,,,ng/L,,,,,,,,,,,,,,,,,,,,,,,,,,,,,,,,,,,,,,,,,,,,,,,,,,,,,,
Michigan_MPART_Surface_Water,East Branch Pine River | 32-EPR-0040,Surface Water,44.103075,-85.516984,2024,6/18/2024,,EPA 8327,,,ng/L,0.60,0.90,,,1.00,,,0.00,,,,,,,,,,,,,0.50,2.30,,,,,,,,,,,,,,,,,,,,,,,,,,,,,,,,
Michigan_MPART_Surface_Water,Indian River | 38-IR-0030,Surface Water,45.977586,-86.271705,2024,5/22/2024,,EPA 8327,,,ng/L,,,,,,,,0.00,,,,,,,,,,,,,0.00,1.00,,,,,,,,,,,,,,,,,,,,,,,,,,,,,,,,
Michigan_MPART_Surface_Water,Fletcher Creek | 37-FLC-0010,Surface Water,44.427831,-85.75578,2024,6/17/2024,,EPA 8327,,,ng/L,0.50,1.00,,,,,,0.00,,,,,,,,,,,1.10,,0.40,2.50,,,,,,,,,,,,,,,,,,,,,,,,,,,,,,,,
Michigan_MPART_Surface_Water,Healy Drain | 17-HLD-0600,Surface Water,42.760028,-82.981109,2024,4/29/2024,,EPA 8327,,,ng/L,,,0.60,,1.80,1.00,,1.70,,,,,,,,,,,,0.60,1.80,,,,,,,,,,,,,,,,,,,,,,,,,,,,,,,,,
Michigan_MPART_Surface_Water,North Branch Manistee River | 37-NMAN-0030,Surface Water,44.640916,-85.027093,2024,6/18/2024,,EPA 8327,,,ng/L,,,,,,,,0.80,,,,,,,,,,,1.00,,0.40,1.80,,,,,,,,,,,,,,,,,,,,,,,,,,,,,,,,
Michigan_MPART_Surface_Water,Little Manistee River | 37-LMAN-0220,Surface Water,44.040062,-85.772486,2024,6/18/2024,,EPA 8327,,,ng/L,0.40,,,,,,,0.00,,,,,,,,,,,,,0.40,,,,,,,,,,,,,,,,,,,,,,,0.40,,,,,,,,,,
Michigan_MPART_Surface_Water,Porter Lake | 36-PL-0010,Surface Water,42.920317,-85.735225,2024,3/28/2024,,EPA 8327,,,ng/L,,,1.60,,1.00,,,,,,,,,,,,,,,0.50,,,,,,,,,,,,,,,,,,,,,,,,,,,,,,,,,,
Michigan_MPART_Surface_Water,Duck Creek | 45-DC-0010,Surface Water,43.343595,-86.376599,2024,6/11/2024,,EPA 8327,,,ng/L,0.80,0.90,,,0.90,,0.80,0.00,,,,,,,,,,,1.20,,0.60,2.10,,,,,,,,,,,,,,,,,,,,,,,,,,,,,,,,
Michigan_MPART_Surface_Water,North Branch Stutts Creek | 38-NSTC-0050,Surface Water,46.300722,-86.446462,2024,5/22/2024,,EPA 8327,,,ng/L,0.40,0.90,,,,,1.30,0.90,,,,,,,,,,,,,0.00,2.20,,,,,,,,,,,,,,,,,,,,,,,,,,,,,0.30,,,
Michigan_MPART_Surface_Water,Lake George | 42-LG-0010,Surface Water,43.9469,-84.9254,2023,6/22/2023,,EPA 8327,,,ng/L,,,,,,,,,,,,,,,,,,,,,0.00,,,,,,,,,,,,,,,,,,,,,,,,,,,,,,,,,
Michigan_MPART_Surface_Water,Spelman Lake | 36-SPLS-0010,Surface Water,42.928049,-85.733499,2024,3/28/2024,,EPA 8327,,,ng/L,1.70,,0.40,,1.00,,,1.70,,,,,,,,,,,1.70,,0.70,,,,,,,,,,,,,,,,,,,,,,,,,,,,,,,,,
Michigan_MPART_Surface_Water,Big South Branch Pere Marquette | 45-SPM-0010,Surface Water,43.918488,-86.178501,2024,6/11/2024,,EPA 8327,,,ng/L,,,,,,,,,,,,,,,,,,,,,0.60,,,,,,,,,,,,,,,,,,,,,,,,,,,,,,,,,
Michigan_MPART_Surface_Water,Cedar Creek | 45-CDC-0010,Surface Water,43.769583,-85.949788,2024,6/11/2024,,EPA 8327,,,ng/L,0.40,0.90,,,,,,0.00,,,,,,,,,,,1.60,,0.50,2.60,,,,,,,,,,,,,,,,,,,,,,,,,,,,,,,,
Michigan_MPART_Surface_Water,Middle Branch Clinton River | 17-MBCR-0080,Surface Water,42.672058,-82.939638,2024,4/29/2024,,EPA 8327,,,ng/L,,,1.10,,1.00,1.10,,1.80,,,,,,,,,,,,0.40,,,,,,,,,,,,,,,,,,,,,,,,,,,,,,,,,,
Michigan_MPART_Surface_Water,Black Creek | 45-BC-0010,Surface Water,43.947207,-86.211217,2024,6/11/2024,,EPA 8327,,,ng/L,0.60,1.10,,,1.20,,,0.00,,,,,,,,,,,1.20,,0.50,2.50,,,,,,,,,,,,,,,,,,,,,,,,,,,,,,,,
Michigan_MPART_Surface_Water,Middle Branch Pere Marquette River | 45-MPM-0110,Surface Water,43.885392,-85.637187,2024,6/11/2024,,EPA 8327,,,ng/L,0.50,1.20,,,1.00,,1.10,1.10,,,,,,,,,,,,,0.50,,,,,,,,,,,,,,,,,,,,,,,,,,,,,,,,,
Michigan_MPART_Surface_Water,East Branch Coon Creek | 17-ECC-0100,Surface Water,42.8337,-82.884643,2024,4/29/2024,,EPA 8327,,,ng/L,0.90,1.30,0.50,,,,1.20,0.80,,,,,,,,,,,,0.30,1.40,3.70,,,,,,,,,,,,,,,,,,,,,,,,,,,,,,,,
Michigan_MPART_Surface_Water,Mead Creek | 38-MDC-0020,Surface Water,46.183803,-85.981137,2024,5/20/2024,,EPA 8327,,,ng/L,0.50,0.80,,,0.90,,,0.00,,,,,,,,,,,,0.30,0.40,,,,,,,,,,,,,,,,,,,,,,,,,,,,,,0.30,,,
Michigan_MPART_Surface_Water,Beaver Creek | 45-BV-0040,Surface Water,43.68677,-85.97971,2024,6/11/2024,,EPA 8327,,,ng/L,,,,,,1.10,,,1.60,,,,,,,,,,,0.30,0.70,,,,,,,,,,,,,,,,,,,,,,,,,,,,,,,,,
Michigan_MPART_Surface_Water,Quarry Lake | 38-QL-0010,Surface Water,45.96238133,-86.24191222,2024,5/22/2024,,EPA 8327,,,ng/L,2.00,1.60,,,,,1.10,0.90,,,,,,,,,,,1.30,0.30,1.10,3.70,,,,,,,,,,,,,,,,,,,,,,,,,,,,,,,,
Michigan_MPART_Surface_Water,Big Cannon Creek | 37-BCC-0010,Surface Water,44.583356,-85.073295,2024,6/17/2024,,EPA 8327,,,ng/L,,,,,,,,0.00,,,,,,,,,,,,,0.00,0.90,,,,,,,,,,,,,,,,,,,,,,,,,,,,,,,,
Michigan_MPART_Surface_Water,Clinton River | 17-CR-1020,Surface Water,42.671887,-83.096633,2024,4/29/2024,,EPA 8327,,,ng/L,,,1.00,,1.00,,,1.80,,,,,,,,,,,,0.60,,,,,,,,,,,,,,,,,,,,,,,,,,,,,,,,,,
Michigan_MPART_Surface_Water,Manistee Lake | 37-ML-0060,Surface Water,44.222502,-86.29025,2024,6/17/2024,,EPA 8327,,,ng/L,1.00,,,,,,,0.00,,,,,,,,,,,,,0.00,0.90,,,,,,,,,,,,,,,,,,,,,,,,,,,,,,,,
Michigan_MPART_Surface_Water,Greiner Drain | 17-GDR-0010,Surface Water,42.61753786,-82.89730702,2024,4/29/2024,,EPA 8327,,,ng/L,,,,,,,,,,,,,,,,,,,,1.60,,,,,,,,,,,,,,,,,,,,,,,1.20,,,,0.50,,,,,,,
Michigan_MPART_Surface_Water,Little Fox River | 38-LFR-0010,Surface Water,46.424314,-86.074109,2024,5/21/2024,,EPA 8327,,,ng/L,,,,,,,,0.00,,,,,,,,,,,,,0.00,,,,,,,,,,,,,,,,,,,,,,,,,,,,,,0.30,,,
Michigan_MPART_Surface_Water,North Branch Anderson Creek | 37-NAC-0010,Surface Water,44.482056,-85.620084,2024,6/17/2024,,EPA 8327,,,ng/L,,0.90,,,,,,0.00,,,,,,,,,,,,,0.40,1.90,,,,,,,,,,,,,,,,,,,,,,,,,,,,,,,,
Michigan_MPART_Surface_Water,Driggs River | 38-DRG-0100,Surface Water,46.447359,-86.18794,2024,5/21/2024,,EPA 8327,,,ng/L,,,,,,,,0.00,,,,,,,,,,,,,0.00,,,,,,,,,,,,,,,,,,,,,,,,,,,,,,0.30,,,
Michigan_MPART_Surface_Water,Paint Creek Drain | 17-PCD-0010,Surface Water,42.797234,-83.333071,2024,4/29/2024,,EPA 8327,,,ng/L,0.70,,0.70,,0.90,,,1.60,,,,,,,,,,,,,,,,,,,,,,,,,,,,,,,,,,,,,,,,,,,,,,
Michigan_MPART_Surface_Water,Flint River | 23-FR-0362,Surface Water,43.035393,-83.68124,2024,6/27/2024,,EPA 8327,,,ng/L,,,0.70,,,1.60,1.80,1.20,,,,,,,,,,,,0.60,1.40,,,,,,,,,,,,,,,,,,,,,,,,,,,,,,,,,
Michigan_MPART_Surface_Water,Big South Branch Pere Marquette | 45-SPM-0050,Surface Water,43.844817,-86.075484,2024,6/11/2024,,EPA 8327,,,ng/L,,,,1.00,,,,,,,,,,,,,,,,,0.50,,,,,,,,,,,,,,,,,,,,,,,,,,,,,,,,,
Michigan_MPART_Surface_Water,Gypsy Creek | 38-GC-0030,Surface Water,46.545268,-86.019952,2024,5/20/2024,,EPA 8327,,,ng/L,0.50,1.00,0.40,,,,1.00,0.00,,,,,,,,,,,,0.50,0.00,,,,,,,,,,,,,,,,,,,,,,,,,,,,,,,,,
Michigan_MPART_Surface_Water,Beaver Creek | 45-BV-0100,Surface Water,43.699859,-86.131381,2024,6/12/2024,,EPA 8327,,,ng/L,0.40,,,,,,,0.00,,,,,,,,,,,1.40,0.40,0.80,2.80,,,,,,,,,,,,,,,,,,,,,,,,,,,,,0.40,,,
Michigan_MPART_Surface_Water,Gibson Drain | 17-GBD-0070,Surface Water,42.592573,-83.108317,2024,4/29/2024,,EPA 8327,,,ng/L,,,1.60,,1.30,,,1.90,,,,,,,,,,,,,,,,,,,,,,,,,,,,,,,,,,,,,,,,,,,,,,
Michigan_MPART_Surface_Water,Stutts Creek | 38-STC-0060,Surface Water,46.222343,-86.41946,2024,5/22/2024,,EPA 8327,,,ng/L,0.80,0.80,,,1.00,,0.80,1.20,,,,,,,,,,,,,0.00,,,,,,,,,,,,,,,,,,,,,,,,,,,,,,,,,
Michigan_MPART_Surface_Water,Kettlewell Pond | 06-KWP-0010,Surface Water,43.0477758,-82.4676429,2024,5/29/2024,,EPA 8327,,,ng/L,,,,,,,,,,,,,,,,,,,,,0.00,,,,,,,,,,,,,,,,,,,,,,,,,,,,,,,,,
Michigan_MPART_Surface_Water,Clinton River Spillway | 32-CSP-0015,Surface Water,42.569851,-82.861359,2024,4/29/2024,,EPA 8327,,,ng/L,,,1.20,,1.90,1.90,,1.70,,,,,,,,,,,,0.40,,,,,,,,,,,,,,,,,,,,,,,,,,,,,,,,,,
Michigan_MPART_Surface_Water,Fox River | 38-FR-0180,Surface Water,46.49154,-86.062258,2024,5/21/2024,,EPA 8327,,,ng/L,,,,,,,,0.00,,,,,,,,,,,,0.30,0.00,,,,,,,,,,,,,,,,,,,,,,,,,,,,,,,,,
Michigan_MPART_Surface_Water,Goulds Slough | 38-GS-0010,Surface Water,45.986599,-86.244076,2024,5/22/2024,,EPA 8327,,,ng/L,,,,,,,,,1.30,,,,,,,,,,,0.70,1.00,,,,,,,,,,,,,,,,,,,,,,,,,,,,,,0.30,,,
Michigan_MPART_Surface_Water,Beaver Creek | 45-BV-0070,Surface Water,43.681151,-86.049102,2024,6/12/2024,,EPA 8327,,,ng/L,,,0.40,1.10,,,,,,,,,,,,,,,,,0.90,,,,,,,,,,,,,,,,,,,,,,,,,,,,,,,,,
Michigan_MPART_Surface_Water,Beaver Creek | 37-BVC2-0020,Surface Water,44.376459,-86.02009,2024,6/17/2024,,EPA 8327,,,ng/L,,,,,,,,0.00,,,,,,,,,,,,,0.00,1.30,,,,,,,,,,,,,,,,,,,,,,,,,,,,,,,,
Michigan_MPART_Surface_Water,Shingle Lake | 42-SHL-0010,Surface Water,43.9618,-84.95,2023,6/22/2023,,EPA 8327,,,ng/L,,,,,,,,0.00,,,,,,,,,,,,,0.00,,,,,,,,,,,,,,,,,,,,,,,,,,,,,,,,,
Michigan_MPART_Surface_Water,Bear Lake | 37-BRL-0010,Surface Water,44.424728,-86.146164,2024,6/17/2024,,EPA 8327,,,ng/L,0.70,,0.90,,1.00,,1.70,1.60,,,,,,,,,,,,,0.50,,,,,,,,,,,,,,,,,,,,,,,,,,,,,,,,,
Michigan_MPART_Surface_Water,Little Black Creek | 45-LBC-0048,Surface Water,43.20786,-86.2147,2024,5/24/2024,,EPA 8327,,,ng/L,,,,,,,,,,,,,,,,,,,,,0.00,,,,,,,,,,,,,,,,,,,,,,,,,,,,,,,,,
Michigan_MPART_Surface_Water,Flint River | 23-KC-0010,Surface Water,43.05397,-83.6683,2024,6/27/2024,,EPA 8327,,,ng/L,,,0.80,,1.30,1.10,,1.30,,,,,,,,,,,,0.40,,,,,,,,,,,,,,,,,,,,,,,,,,,,,,,,,,
Michigan_MPART_Surface_Water,Pere Marquette River | 45-PM-0040,Surface Water,43.94508,-86.281981,2024,6/11/2024,,EPA 8327,,,ng/L,,,,,,,1.20,1.10,,,,,,,,,,,1.60,,0.00,2.50,,,,,,,,,,,,,,,,,,,,,,,,,,,,,,,,
Michigan_MPART_Surface_Water,Lake Margrethe | 37-LM-0010,Surface Water,44.627092,-84.787851,2024,6/17/2024,,EPA 8327,,,ng/L,1.90,1.40,0.50,,,,,1.40,,,,,,,,,,,,0.50,0.70,2.00,,,,,,,,,,,,,,,,,,,,,,,,,,,,,,,,
Michigan_MPART_Surface_Water,Hickey Creek | 38-HC-0050,Surface Water,46.347809,-86.463907,2024,5/21/2024,,EPA 8327,,,ng/L,0.40,,,,,,,0.00,,,,,,,,,,,,,0.00,,,,,,,,,,,,,,,,,,,,,,,,,,,,,,,,,
Michigan_MPART_Surface_Water,Manistee Lake | 37-ML-0020,Surface Water,44.25237,-86.299061,2024,6/17/2024,,EPA 8327,,,ng/L,,,,,,,,0.00,,,,,,,,,,,,,0.00,1.00,,,,,,,,,,,,,,,,,,,,,,,,,,,,,,,,
Michigan_MPART_Surface_Water,North Branch Pine River | 37-NPR-0050,Surface Water,44.146786,-85.508986,2024,6/18/2024,,EPA 8327,,,ng/L,0.40,,,,0.80,,,0.00,,,,,,,,,,,,,0.00,1.60,,,,,,,,,,,,,,,,,,,,,,,,,,,,,,,,
Michigan_MPART_Surface_Water,Fife Lake Outlet | 37-FLO-0020,Surface Water,44.512364,-85.370149,2024,6/17/2024,,EPA 8327,,,ng/L,,1.00,,,,,,0.80,,,,,,,,,,,,,0.40,2.10,,,,,,,,,,,,,,,,,,,,,,,,,,,,,,,,
Michigan_MPART_Surface_Water,Manton Creek | 37-MNC-0080,Surface Water,44.41418,-85.398331,2024,6/18/2024,,EPA 8327,,,ng/L,0.50,,,,,,,0.00,,,,,,,,,,,0.70,,0.90,,,,,,,,,,,,,,,,,,,,,,,,,,,,,,,,,
Michigan_MPART_Surface_Water,Unnamed Tributary To Beaver Creek | 45-UBV4-0010,Surface Water,43.670025,-86.009304,2024,6/11/2024,,EPA 8327,,,ng/L,,,,,1.20,,1.80,1.10,,,,,,,,,,,,,0.80,,,,,,,,,,,,,,,,,,,,,,,,,,,,,,,,,
Michigan_MPART_Surface_Water,Lake George | 42-LG-0020,Surface Water,43.9618,-84.9254,2023,6/22/2023,,EPA 8327,,,ng/L,,,,,,,,,,,,,,,,,,,,,0.00,,,,,,,,,,,,,,,,,,,,,,,,,,,,,,,,,
Michigan_MPART_Surface_Water,Lamar Lake | 36-LML-0010,Surface Water,42.922739,-85.730914,2024,3/28/2024,,EPA 8327,,,ng/L,,,1.40,,1.30,,,,1.90,,,,,,,,,,,,,,,,,,,,,,,,,,,,,,,,,,,,,,,,,,,,,
Michigan_MPART_Surface_Water,Unnamed drainage ditch | 51-UTBK1-0040,Surface Water,42.974669,-82.492914,2024,5/29/2024,,EPA 8327,,,ng/L,,,,,,,,,,,,,,,,,,,,,,,,,,,,,,,,,,,,,,,,,,,,,,,,,,,,,,
Michigan_MPART_Surface_Water,Big South Branch Pere Marquette | 45-SPM-0150,Surface Water,43.698263,-85.946205,2024,6/11/2024,,EPA 8327,,,ng/L,0.40,,,,0.90,,,0.00,,,,,,,,,,,0.90,,0.40,1.60,,,,,,,,,,,,,,,,,,,,,,,,,,,,,,,,
Michigan_MPART_Surface_Water,Wm.P. Thompson Pond | 51-WMPT-0010,Surface Water,42.976194,-82.472375,2024,6/8/2024,,EPA 8327,,,ng/L,,,0.90,,,,,,,,,,,,,,,,,0.40,,,,,,,,,,,,,,,,,,,,,,,,,,,,,,,,,,
Michigan_MPART_Surface_Water,Clinton River | 17-CR-1220,Surface Water,42.703103,-83.402991,2024,4/29/2024,,EPA 8327,,,ng/L,1.30,,0.70,,1.40,,,1.90,,,,,,,,,,,,0.60,,3.00,,,,,,,,,,,,,,,,,,,,,,,,,,,,,,,,
Michigan_MPART_Surface_Water,Creighton River | 38-CR-0030,Surface Water,46.346193,-86.276201,2024,5/21/2024,,EPA 8327,,,ng/L,0.50,,,,,,,0.90,,,,,,,,,,,,,0.00,2.50,,,,,,,,,,,,,,,,,,,,,,,,,,,,,,,,
Michigan_MPART_Surface_Water,Lower Trout Lake | 17-LTL-0010,Surface Water,42.741221,-83.219106,2024,4/29/2024,,EPA 8327,,,ng/L,,,1.40,,,,,1.10,,,,,,,,,,,,1.20,,,,,,,,,,,,,,,,,,,,,,,,,,,,,,,,,,
Michigan_MPART_Surface_Water,Manistee Lake | 37-ML-0040,Surface Water,44.218867,-86.280801,2024,6/17/2024,,EPA 8327,,,ng/L,,,,,,,,0.00,,,,,,,,,,,,,0.00,0.90,,,,,,,,,,,,,,,,,,,,,,,,,,,,,,,,
Michigan_MPART_Surface_Water,West Branch Stony Creek | 17-WSC-0050,Surface Water,42.756907,-83.126611,2024,4/29/2024,,EPA 8327,,,ng/L,1.40,,0.60,,1.10,1.20,1.80,1.20,,,,,,,,,,,,0.70,1.70,,,,,,,,,,,,,,,,,,,,,,,,,,,,,,,,,
Michigan_MPART_Surface_Water,North Manistique Lake | 38-NML-0010,Surface Water,46.278175,-85.724775,2024,5/21/2024,,EPA 8327,,,ng/L,,,0.40,,,,,0.00,,,,,,,,,,,,0.40,0.00,1.40,,,,,,,,,,,,,,,,,,,,,,,,,,,,,,,,
Michigan_MPART_Surface_Water,East Branch Fox River | 38-EFR-0040,Surface Water,46.335543,-85.815856,2024,5/21/2024,,EPA 8327,,,ng/L,,,,,,,,0.00,,,,,,,,,,,,,0.00,,,,,,,,,,,,,,,,,,,,,,,,,,,,,,0.30,,,
Michigan_MPART_Surface_Water,Manistee River | 37-MAN-0010,Surface Water,44.247614,-86.340232,2024,6/17/2024,,EPA 8327,,,ng/L,,,,,,,,0.00,,,,,,,,,,,1.10,,0.00,1.10,,,,,,,,,,,,,,,,,,,,,,,,,,,,,,,,
Michigan_MPART_Surface_Water,Swartz Creek | 23-SWC-0100,Surface Water,42.98606,-83.7388,2024,5/10/2024,,EPA 8327,,,ng/L,,,,,,,,0.00,,,,,,,,,,,,,,,,,,,,,,,,,,,,,,,,,,,,,,,,,,,,,,
Michigan_MPART_Surface_Water,North Branch Clinton River | 17-NBC-0260,Surface Water,42.921195,-83.035195,2024,4/29/2024,,EPA 8327,,,ng/L,0.60,1.40,0.50,,,,1.20,0.00,,,,,,,,,,,,,1.20,2.70,,,,,,,,,,,,,,,,,,,,,,,,,,,,,,,,
Michigan_MPART_Surface_Water,Indian River | 38-IR-0040,Surface Water,45.991703,-86.288153,2024,5/22/2024,,EPA 8327,,,ng/L,,,,,,,,0.00,,,,,,,,,,,,,0.00,1.10,,,,,,,,,,,,,,,,,,,,,,,,,,,,,0.30,,,
Michigan_MPART_Surface_Water,Red Run River | 17-RR-0050,Surface Water,42.549645,-82.989591,2024,4/29/2024,,EPA 8327,,,ng/L,,,1.60,1.00,1.70,,,,,,,,,,,,,,,1.00,,,,,,,,,,,,,,,,,,,,,,,,,,,,,,,,,,
Michigan_MPART_Surface_Water,Tank Creek | 45-TC-0020,Surface Water,43.712897,-85.89837,2024,6/11/2024,,EPA 8327,,,ng/L,,,,,,,,0.00,,,,,,,,,,,,,0.00,1.00,,,,,,,,,,,,,,,,,,,,,,,,,,,,,,,,
Michigan_MPART_Surface_Water,Clinton River | 17-CR-0700,Surface Water,42.624565,-83.037201,2024,4/29/2024,,EPA 8327,,,ng/L,,,1.00,,1.20,,,1.40,,,,,,,,,,,,0.60,,,,,,,,,,,,,,,,,,,,,,,,,,,,,,,,,,
Michigan_MPART_Surface_Water,Cusino Lake | 38-CL-0010,Surface Water,46.45848,-86.259424,2024,5/21/2024,,EPA 8327,,,ng/L,,,,,,,0.90,0.80,,,,,,,,,,,,,0.00,2.40,,,,,,,,,,,,,,,,,,,,,,,,,,,,,0.30,,,
Michigan_MPART_Surface_Water,Hopewell Mounds Lake | 36-HML-0010,Surface Water,42.934834,-85.727111,2024,3/28/2024,,EPA 8327,,,ng/L,,1.50,0.40,,,1.40,1.70,1.10,,,,,,,,,,,,0.40,,,,,,,,,,,,,,,,,,,,,,,,,,,,,,,,,,
Michigan_MPART_Surface_Water,Pere Marquette River | 45-PM-0100,Surface Water,43.860088,-85.85684,2024,6/11/2024,,EPA 8327,,,ng/L,,,,,,,,0.00,,,,,,,,,,,1.20,,0.00,,,,,,,,,,,,,,,,,,,,,,,,,,,,,,,,,
Michigan_MPART_Surface_Water,Delias Run | 38-DR-0020,Surface Water,46.1908,-86.45068,2024,5/22/2024,,EPA 8327,,,ng/L,1.80,,0.40,,,,0.90,0.00,,,,,,,,,,,,,0.00,1.40,,,,,,,,,,,,,,,,,,,,,,,,,,,,,0.30,,,
Michigan_MPART_Surface_Water,Unnamed Trib to Mike White Lake | 38-UMW-0010,Surface Water,46.168159,-86.589791,2024,5/22/2024,,EPA 8327,,,ng/L,,0.80,,,,,,0.00,,,,,,,,,,,,,0.00,1.10,,,,,,,,,,,,,,,,,,,,,,,,,,,,,,,,
Michigan_MPART_Surface_Water,Stony Creek | 17-SC-0170,Surface Water,42.814815,-83.127464,2024,4/29/2024,,EPA 8327,,,ng/L,0.50,1.20,,,0.90,,1.00,0.00,,,,,,,,,,,,,0.40,3.70,,,,,,,,,,,,,,,,,,,,,,,,,,,,,,,,
Michigan_MPART_Surface_Water,North Branch Stutts Creek | 38-NSTC-0100,Surface Water,46.371899,-86.562908,2024,5/21/2024,,EPA 8327,,,ng/L,,1.10,,,0.90,,1.40,0.00,,,,,,,,,,,1.40,,0.00,,,,,,,,,,,,,,,,,,,,,,,,,,,,,,,,,
Michigan_MPART_Surface_Water,Mallards Lake | 36-ML-0010,Surface Water,42.927586,-85.716539,2024,3/28/2024,,EPA 8327,,,ng/L,,,0.60,,0.90,,,1.50,,,,,,,,,,,,0.30,,,,,,,,,,,,,,,,,,,,,,,,,,,,,,,,,,
Michigan_MPART_Surface_Water,Huftile Creek | 45-HTC-0010,Surface Water,43.702075,-86.319351,2024,6/11/2024,,EPA 8327,,,ng/L,0.60,1.10,,,,,,0.00,,,,,,,,,,,,,0.80,1.50,,,,,,,,,,,,,,,,,,,,,,,,,,,,,,,,
Michigan_MPART_Surface_Water,Battjes Lake | 36-BJL-0010,Surface Water,42.932604,-85.708439,2024,3/28/2024,,EPA 8327,,,ng/L,63.00,,,,,,,,,,,,,,,,,,,0.70,,,,,,,,,,,,,,,,,,2.40,,,,,,,,,,,,,,,,
Michigan_MPART_Surface_Water,Roys Creek | 36-RY-0005,Surface Water,42.930038,-85.749448,2024,3/28/2024,,EPA 8327,,,ng/L,,,0.90,,,,,1.80,,,,,,,,,,,,0.50,,,,,,,,,,,,,,,,,,,,,,,,0.50,,,,,,,,,,
Michigan_MPART_Surface_Water,Unnamed Trib to Manistique River | 38-UMR1-0010,Surface Water,46.241507,-85.88591,2024,5/21/2024,,EPA 8327,,,ng/L,1.00,1.20,,,0.80,,1.10,0.00,,,,,,,,,,,,,0.50,,,,,,,,,,,,,,,,,,,,,,,,,,,,,,,,,
Michigan_MPART_Surface_Water,Galloway Ditch | 17-GLD-0010,Surface Water,42.689378,-83.250137,2024,4/29/2024,,EPA 8327,,,ng/L,,,1.60,,1.40,1.10,,,,,,,,,,,,,,0.40,,,,,,,,,,,,,,,,,,,,,,,,,,,,,,,0.40,,,
Michigan_MPART_Surface_Water,Manistee River | 37-MAN-0450,Surface Water,44.492832,-85.527822,2024,6/17/2024,,EPA 8327,,,ng/L,,,,,,,,0.00,,,,,,,,,,,1.00,,0.00,,,,,,,,,,,,,,,,,,,,,,,,,,,,,,,,,
Michigan_MPART_Surface_Water,Winnepesaug Creek | 45-WC-0010,Surface Water,43.67685,-85.900865,2024,6/11/2024,,EPA 8327,,,ng/L,,,,,,,,0.00,,,,,,,,,,,1.10,,0.00,1.10,,,,,,,,,,,,,,,,,,,,,,,,,,,,,,,,
Michigan_MPART_Surface_Water,Canfield Lake | 37-CNL-0010,Surface Water,44.21192,-86.320483,2024,6/17/2024,,EPA 8327,,,ng/L,1.00,,,,,,0.90,0.00,,,,,,,,,,,1.00,,0.50,1.90,,,,,,,,,,,,,,,,,,,,,,,,,,,,,,,,
Michigan_MPART_Surface_Water,Swartz Creek | 23-SWC-0050,Surface Water,42.999542,-83.707184,2024,5/10/2024,,EPA 8327,,,ng/L,,,,,,,,,,,,,,,,,,,,,,,,,,,,,,,,,,,,,,,,,,,,,,,,,,,,,,
Michigan_MPART_Surface_Water,Manistee River | 37-MAN-0630,Surface Water,44.505492,-85.310627,2024,6/18/2024,,EPA 8327,,,ng/L,0.40,,,,,,,0.00,,,,,,,,,,,,,0.00,0.80,,,,,,,,,,,,,,,,,,,,,,0.40,,,,,,,,,,
Michigan_MPART_Surface_Water,C3 Pool | 38-C3P-0010,Surface Water,46.308296,-86.112819,2024,5/20/2024,,EPA 8327,,,ng/L,,,,,,,,0.00,,,,,,,,,,,,0.30,0.00,2.20,,,,,,,,,,,,,,,,,,,,,,,,,,,,,,,,
Michigan_MPART_Surface_Water,Big Murphy Creek | 38-BMC-0020,Surface Water,46.072617,-86.466333,2024,5/22/2024,,EPA 8327,,,ng/L,,,,,,,,0.00,,,,,,,,,,,,,0.00,0.90,,,,,,,,,,,,,,,,,,,,,,,,,,,,,0.30,,,
Michigan_MPART_Surface_Water,Bartons Creek | 45-BTC-0010,Surface Water,43.901698,-86.173765,2024,6/11/2024,,EPA 8327,,,ng/L,,,,,0.90,,,0.00,,,,,,,,,,,,,0.40,1.00,,,,,,,,,,,,,,,,,,,,,,,,,,,,,,,,
Michigan_MPART_Surface_Water,Trout Creek | 17-TC-0100,Surface Water,42.74111,-83.24601,2024,4/29/2024,,EPA 8327,,,ng/L,1.00,,0.90,,1.50,,,,,,,,,,,,,,,0.40,,,,,,,,,,,,,,,,,,,,,,,,,,,,,,,,,,
Michigan_MPART_Surface_Water,Dodge Lake | 38-DL-0010,Surface Water,46.111345,-86.27261,2024,5/22/2024,,EPA 8327,,,ng/L,0.60,1.00,0.70,,1.00,,1.00,1.00,,,,,,,,,,,,,0.00,2.30,,,,,,,,,,,,,,,,,,,,,,,,,,,,,0.30,,,
Michigan_MPART_Surface_Water,Pere Marquette River | 45-PM-0109,Surface Water,43.857472,-85.85157,2024,6/11/2024,,EPA 8327,,,ng/L,0.60,,,,,,,0.00,,,,,,,,,,,0.80,,0.40,1.30,,,,,,,,,,,,,,,,,,,,,,,,,,,,,,,,
Michigan_MPART_Surface_Water,Manistee Lake | 37-ML-0040,Surface Water,44.218867,-86.280801,2024,6/17/2024,,EPA 8327,,,ng/L,0.40,,,,,,,0.00,,,,,,,,,,,,,0.00,1.00,,,,,,,,,,,,,,,,,,,,,,,,,,,,,,,,
Michigan_MPART_Surface_Water,Wm.P. Thompson Pond | 51-WMPT-0010,Surface Water,42.976194,-82.472375,2024,5/29/2024,,EPA 8327,,,ng/L,,,,,,,,,,,,,,,,,,,,,,,,,,,,,,,,,,,,,,,,,,,,,,,,,,,,,,
Michigan_MPART_Surface_Water,Red Run | 17-RR-0130,Surface Water,42.529356,-83.068281,2024,4/29/2024,,EPA 8327,,,ng/L,,,1.70,1.00,1.10,1.40,,,,,,,,,,,,,,,,,,,,,,,,,,,,,,,,,,,,,,,,,,,,,,,,
Michigan_MPART_Surface_Water,South Hopkins Creek | 37-SHPC-0020,Surface Water,44.470933,-85.28613,2024,6/18/2024,,EPA 8327,,,ng/L,,,,,,,,0.00,,,,,,,,,,,,,0.00,,,,,,,,,,,,,,,,,,,,,,,,,,,,,,,,,
Michigan_MPART_Surface_Water,Shingle Lake | 42-SHL-0010,Surface Water,43.9618,-84.95,2023,6/22/2023,,EPA 8327,,,ng/L,,,,,,,,0.00,,,,,,,,,,,,,0.00,,,,,,,,,,,,,,,,,,,,,,,,,,,,,,,,,
Michigan_MPART_Surface_Water,Little Bear Creek | 37-LBC-0030,Surface Water,44.439942,-86.125866,2024,6/17/2024,,EPA 8327,,,ng/L,1.50,,0.80,,1.50,,1.70,1.90,,,,,,,,,,,,,0.70,,,,,,,,,,,,,,,,,,,,,,,,,,,,,,,,,
Michigan_MPART_Surface_Water,Clinton River Spillway | 32-CSP-0015,Surface Water,42.569851,-82.861359,2024,4/29/2024,,EPA 8327,,,ng/L,,,1.10,,1.40,,,1.80,,,,,,,,,,,,0.30,,,,,,,,,,,,,,,,,,,,,,,,,,,,,,,,,,
Michigan_MPART_Surface_Water,East Branch Fox River | 38-EFR-0090,Surface Water,46.439417,-85.939478,2024,5/20/2024,,EPA 8327,,,ng/L,,,,,,,,0.00,,,,,,,,,,,,,0.00,,,,,,,,,,,,,,,,,,,,,,,,,,,,,,,,,
Michigan_MPART_Surface_Water,Flint River | 23-FR-0381,Surface Water,43.043479,-83.675637,2024,6/27/2024,,EPA 8327,,,ng/L,,2.00,0.60,,,0.80,2.00,1.00,,,,,,,,,,,,0.30,1.70,,,,,,,,,,,,,,,,,,,,,,,,,,,,,,,,,
Michigan_MPART_Surface_Water,Blue Lake Outlet | 38-BLO-0010,Surface Water,46.165726,-86.626841,2024,5/22/2024,,EPA 8327,,,ng/L,,,,,0.80,,,0.00,,,,,,,,,,,,,0.00,,,,,,,,,,,,,,,,,,,,,,,,,,,,,,,,,
Michigan_MPART_Surface_Water,Stony Creek | 17-SC-0100,Surface Water,42.763596,-83.074504,2024,4/29/2024,,EPA 8327,,,ng/L,0.80,1.50,0.40,,0.80,,1.20,0.80,,,,,,,,,,,,,0.70,,,,,,,,,,,,,,,,,,,,,,,,,,,,,,,,,
Michigan_MPART_Surface_Water,Bear Lake | 37-BRL-0010,Surface Water,44.424728,-86.146164,2024,6/17/2024,,EPA 8327,,,ng/L,0.40,,1.10,,1.00,,1.80,1.50,,,,,,,,,,,1.90,,0.60,,,,,,,,,,,,,,,,,,,,,,,,,,,,,,,,,
Michigan_MPART_Surface_Water,Dodge Lake | 38-DL-0010,Surface Water,46.111345,-86.27261,2024,5/22/2024,,EPA 8327,,,ng/L,0.40,1.40,0.50,,,,0.90,1.10,,,,,,,,,,,,0.40,0.00,3.30,,,,,,,,,,,,,,,,,,,,,,,,,,,,,,,,
Michigan_MPART_Surface_Water,Watkins Lake | 17-WKL-0010,Surface Water,42.659058,-83.38068,2024,4/29/2024,,EPA 8327,,,ng/L,0.50,,0.90,,4.90,,,,,,,,,,,,,,1.90,,1.00,3.30,,,,,,,,,,,,,,,,,,,,,,,,,,,,,,,,
Michigan_MPART_Surface_Water,Duck Lake | 45-DL-0010,Surface Water,43.341726,-86.403135,2024,6/11/2024,,EPA 8327,,,ng/L,1.70,1.40,0.40,,1.30,,,0.00,,,,,,,,,,,,,0.70,2.30,,,,,,,,,,,,,,,,,,,,,,,,,,,,,,,,
Michigan_MPART_Surface_Water,Big South Branch Pere Marquette | 45-SPM-0120,Surface Water,43.784309,-86.018596,2024,6/11/2024,,EPA 8327,,,ng/L,,,,,,,,,,,,,,,,,,,,,0.50,,,,,,,,,,,,,,,,,,,,,,,,,,,,,,,,,
Michigan_MPART_Surface_Water,West Branch Manistique River | 38-WMR-0060,Surface Water,46.172311,-86.210315,2024,5/22/2024,,EPA 8327,,,ng/L,,,,,,,,0.00,,,,,,,,,,,,0.40,0.00,2.70,,,,,,,,,,,,,,,,,,,,,,,,,,,,,0.30,,,
Michigan_MPART_Surface_Water,Flint River | 23-FR-0362,Surface Water,43.035393,-83.68124,2024,6/27/2024,,EPA 8327,,,ng/L,,,0.70,,,1.50,1.90,1.10,,,,,,,,,,,,0.60,1.70,,,,,,,,,,,,,,,,,,,,,,,,,,,,,,,,,
Michigan_MPART_Surface_Water,North Branch White River | 45-NWR-0070,Surface Water,43.596564,-86.207919,2024,6/12/2024,,EPA 8327,,,ng/L,,,,,,,,0.00,,,,,,,,,,,,0.30,0.00,0.90,,,,,,,,,,,,,,,,,,,,,,,,,,,,,0.40,,,
Michigan_MPART_Surface_Water,Unnamed Tributary To Beaver Creek | 45-UBV4-0010,Surface Water,43.670025,-86.009304,2024,6/11/2024,,EPA 8327,,,ng/L,,,,,1.50,,1.60,1.20,,,,,,,,,,,,,0.70,,,,,,,,,,,,,,,,,,,,,,,,,,,,,,,,,
Michigan_MPART_Surface_Water,Wolverine Lake Inlet | 24-WOVI-0030,Surface Water,42.539795,-83.473616,2024,9/27/2024,,EPA 8327,,,ng/L,,,,,,,,,,,,,,,,,,,,0.90,,,,,,,,,,,,,,,,,,,,,,,,,,,,,,,,,,
Michigan_MPART_Surface_Water,Unnamed Tributary to Loon Lake | 24-ULL1-0010,Surface Water,42.543632,-83.520348,2024,9/27/2024,,EPA 8327,,,ng/L,,,1.30,,,0.90,,1.70,,,,,,,,,,,,,,,,,,,,,,,,,,,,,,,,0.90,,,,,,,0.40,,,,,,,
Michigan_MPART_Surface_Water,Unnamed Tributary to East Branch of Norton Creek | 24-UENC-0010,Surface Water,42.539004,-83.53718,2024,9/27/2024,,EPA 8327,,,ng/L,0.70,1.70,1.10,,,,,1.20,,,,,,,,,,,,,,3.50,,,,,,,,,,,,,,,,,,,,,,,,,,,,,,,,
Michigan_MPART_Surface_Water,Wolverine Lake Inlet | 24-WOVI-0030,Surface Water,42.539795,-83.473616,2024,9/27/2024,,EPA 8327,,,ng/L,,,,,1.10,,,,,,,,,,,,,,,1.10,,,,,,,,,,,,,,,,,,,,,,,,,,,,,,,,,,
Michigan_MPART_Surface_Water,Loon Lake | 24-LL-0020,Surface Water,42.54594,-83.530201,2024,9/27/2024,,EPA 8327,,,ng/L,,,1.00,,,,,,,,,,,,,,,,,0.50,,,,,,,,,,,,,,,,,,,,,,,,,,,,,,,,,,
Michigan_MPART_Surface_Water,East Branch of Norton Creek | 24-ENC-0030,Surface Water,42.533209,-83.53657,2024,9/27/2024,,EPA 8327,,,ng/L,,,1.90,,1.40,,,,,,,,,,,,,,,,,,,,,,,,,,,,,,,,,,,,,,,,,,0.40,,,,,,,
Michigan_MPART_Surface_Water,Unnamed Pond | 24-UFP-0010,Surface Water,42.557537,-83.517469,2024,9/27/2024,,EPA 8327,,,ng/L,,,1.60,,,,,1.10,,,,,,,,,,,,0.90,,3.90,,,,,,,,,,,,,,,,,,,,,,,,,,,,,,,,
Michigan_MPART_Surface_Water,East Branch of Norton Creek | 24-ENC-0020,Surface Water,42.538382,-83.538534,2024,9/27/2024,,EPA 8327,,,ng/L,,,1.20,,,,,1.00,,,,,,,,,,,,,,,,,,,,,,,,,,,,,,,,,,,,,,,,,,,,,,
Michigan_MPART_Surface_Water,Wolverine Lake | 24-WOV-0030,Surface Water,42.558988,-83.484109,2024,9/27/2024,,EPA 8327,,,ng/L,,,,,0.90,1.40,,,,,,,,,,,,,,0.60,,,,,,,,,,,,,,,,,,,,,,,,,,,,,,,,,,
Michigan_MPART_Surface_Water,Wolverine Lake Inlet | 24-WOVI-0010,Surface Water,42.544771,-83.480266,2024,9/27/2024,,EPA 8327,,,ng/L,,,,,,,,1.80,,,,,,,,,,,,0.70,,,,,,,,,,,,,,,,,,,,,,,,,,,,,,,,,,
Michigan_MPART_Surface_Water,Twin Suns Lake | 24-TSL-0010,Surface Water,42.548874,-83.509833,2024,9/27/2024,,EPA 8327,,,ng/L,1.20,,1.10,,0.90,0.90,,1.50,,,,,,,,,,,,,,,,,,,,,,,,,,,,,,,,,,,,,,,,,,,,,,
Michigan_MPART_Surface_Water,Unnamed Tributary to Loon Lake | 24-ULL1-0010,Surface Water,42.543632,-83.520348,2024,9/27/2024,,EPA 8327,,,ng/L,,,1.40,,,0.80,,1.50,,,,,,,,,,,,,,,,,,,,,,,,,,,,,,,,,,,,,,,,,,,,,,
Michigan_MPART_Surface_Water,Twin Suns Lake Outlet | 24-TSLO-0010,Surface Water,42.548537,-83.521807,2024,9/27/2024,,EPA 8327,,,ng/L,,,0.60,,,,5.10,1.00,,,,,,,,,,,1.90,,0.00,,,,,,,,,,,,,,,,,,,,,,,,,,,,,,,,,
Michigan_MPART_Surface_Water,Wolverine Lake | 24-WOV-0020,Surface Water,42.555095,-83.494268,2024,9/27/2024,,EPA 8327,,,ng/L,1.90,,,,1.10,1.60,,,,,,,,,,,,,,0.50,,,,,,,,,,,,,,,,,,,,,,,,,,,,,,,,,,
Michigan_MPART_Surface_Water,Loon Lake | 24-LL-0010,Surface Water,42.551203,-83.533765,2024,9/27/2024,,EPA 8327,,,ng/L,,,1.10,,1.00,0.90,,,,,,,,,,,,,,,,,,,,,,,,,,,,,,,,,,,,,,,,,,,,,,,,
Michigan_MPART_Surface_Water,Middle Straits Lake | 24-MSTL-0010,Surface Water,42.577389,-83.428765,2024,9/27/2024,,EPA 8327,,,ng/L,1.90,,1.40,1.00,1.90,1.90,,,,,,,,,,,,,,0.30,,,,,,,,,,,,,,,,,,,,,,,,,,,,,,,,,,
Michigan_MPART_Surface_Water,Unnamed Tributary to Loon Lake | 24-ULL1-0020,Surface Water,42.5395,-83.515553,2024,9/27/2024,,EPA 8327,,,ng/L,,,,,,1.20,,,,,,,,,,,,,,,,,,,,,,,,,,,,,,,,,,,,,,,,,0.50,,,,,,,
Michigan_MPART_Surface_Water,Unnamed Tributary to Loon Lake | 24-ULL1-0030,Surface Water,42.538568,-83.506811,2024,9/27/2024,,EPA 8327,,,ng/L,,,2.00,,1.10,1.50,,,,,,,,,,,,,,,,,,,,,,,,,,,,,,,,,,,,,,,,,,,,,,,,
Michigan_MPART_Surface_Water,Twin Suns Lake | 24-TSL-0020,Surface Water,42.551668,-83.507023,2024,9/27/2024,,EPA 8327,,,ng/L,,,1.10,,1.00,0.90,,1.70,,,,,,,,,,,,,,,,,,,,,,,,,,,,,,,,,,,,,,,,,,,,,,
Michigan_MPART_Surface_Water,Unnamed Tributary to  Loon Lake | 24-ULL2-0010,Surface Water,42.550407,-83.522863,2024,9/27/2024,,EPA 8327,,,ng/L,0.80,0.90,0.50,,,,,0.00,,,,,,,,,,,1.60,,0.60,2.30,,,,,,,,,,,,,,,,,,,,,,,,,,,,,,,,
Michigan_MPART_Surface_Water,Loon Lake Outlet | 24-LLO-0020,Surface Water,42.545954,-83.540455,2024,9/27/2024,,EPA 8327,,,ng/L,,1.60,0.80,,,,,1.40,,,,,,,,,,,,,,3.60,,,,,,,,,,,,,,,,,,,,,,,,,,,,,,,,
Michigan_MPART_Surface_Water,Rogue River | 36-RR-0060,Surface Water,43.137541,-85.555807,2025,6/12/2025,,EPA 8327,,,ng/L,,,,,,1.50,1.20,1.20,,,,,,,0.00,0.00,0.00,,1.00,,,1.70,,,,,,,,,,,,,,,,,,,,1.20,,,,,,,,,,,,
Michigan_MPART_Surface_Water,Hunt Creek | 59-HC-0010,Surface Water,44.94279,-84.067724,2025,9/3/2025,,EPA 8327,,,ng/L,,,,,,,,0.00,,,,,,,0.00,0.00,0.00,,,,0.00,,,,,,,,,,,,,,,,,,,,,,,,,,,,,,,,,
Michigan_MPART_Surface_Water,Rogue River | 36-RR-0020,Surface Water,43.082372,-85.590582,2025,6/12/2025,,EPA 8327,,,ng/L,,,0.40,,,1.30,1.50,0.80,,,,,,,0.00,0.00,0.00,,1.30,,,1.80,,,,,,,,,,,,,,,,,,,,1.50,,,,,,,,,,,,
Michigan_MPART_Surface_Water,Cheboygan River | 16-CBR-0060,Surface Water,45.643085,-84.475985,2025,9/9/2025,,EPA 8327,,,ng/L,,,,,,,,0.00,,,,,,,0.00,0.00,0.00,,,,0.00,3.50,,,,,,,,,,,,,,,,,,,,,,,,,,,,,,,,
Michigan_MPART_Surface_Water,NA | 51-SMC-0040,Surface Water,42.9189,-82.6108,2025,9/23/2025,,EPA 8327,,,ng/L,,,0.40,,1.20,,,1.40,,,,,,,0.00,0.00,0.00,,,,0.00,,,,,,,,,,,,,,,,,,,,,,,,,,,,,,,,,
Michigan_MPART_Surface_Water,Little Wolf Creek | 59-LWC-0040,Surface Water,44.755397,-83.785217,2025,9/3/2025,,EPA 8327,,,ng/L,,,,,,,,0.90,,,,,,,0.00,0.00,0.00,,,,0.00,1.50,,,,,,,,,,,,,,,,,,,,,,,,,,,,,,,,
Michigan_MPART_Surface_Water,NA | 51-BLR-0380,Surface Water,42.963441,-83.100753,2025,9/22/2025,,EPA 8327,,,ng/L,,,,,,,,0.00,,,,,,,0.00,0.00,0.00,,,,0.00,2.00,,,,,,,,,,,,,,,,,,,,,,,,,,,,,,,,
Michigan_MPART_Surface_Water,Unnamed Tributary to Ru | 36-UUTRC-0010,Surface Water,42.879206,-85.838791,2025,5/19/2025,,EPA 8327,,,ng/L,0.60,0.80,,,,,0.80,0.00,,,,,,,0.00,0.00,0.00,,1.20,,0.90,1.50,,,,,,,,,,,,,,,,,,,,0.80,,,,,,,,,,,,
Michigan_MPART_Surface_Water,Lake Leelanau | 04-LLL-0020,Surface Water,44.914283,-85.724576,2025,9/11/2025,,EPA 8327,,,ng/L,,,,,,,,0.00,,,,,,,0.00,0.00,0.00,,,,0.00,1.90,,,,,,,,,,,,,,,,,,,,,,,,,,,,,,,,
Michigan_MPART_Surface_Water,Kroc Center Pond | 36-KCP-0010,Surface Water,42.91819,-85.66269,2025,5/19/2025,,EPA 8327,,,ng/L,,1.20,,,,,,0.00,,,,,,,0.00,0.00,0.00,,,,0.00,,,,,,,,,,,,,,,,,,,,,,,,,,,,,,,,,
Michigan_MPART_Surface_Water,NA | 51-BLR-0180,Surface Water,42.875623,-82.741462,2025,9/23/2025,,EPA 8327,,,ng/L,,,0.50,,,,,0.00,,,,,,,0.00,0.00,0.00,,0.90,,0.80,2.50,,,,,,,,,,,,,,,,,,,,,,,,,,,,,,,,
Michigan_MPART_Surface_Water,Clam River | 42-CM-0280,Surface Water,44.281778,-85.382434,2025,5/29/2025,,EPA 8327,,,ng/L,,1.10,1.00,,,0.90,1.30,1.10,,,,,,,0.00,0.00,0.00,,,,1.60,,,,,,,,,,,,,,,,,,,,,1.30,,,,,,,,,,,,
Michigan_MPART_Surface_Water,Lake Charlevoix | 10-LC-0002,Surface Water,45.319919,-85.263898,2025,9/10/2025,,EPA 8327,,,ng/L,1.90,,0.40,,,,1.30,1.00,,,,,,,0.00,0.00,0.00,,1.10,,0.00,1.60,,,,,,,,,,,,,,,,,,,,1.30,,,,,,,,,,,,
Michigan_MPART_Surface_Water,Seely Creek | 36-SLC-0060,Surface Water,43.080247,-85.332227,2025,6/12/2025,,EPA 8327,,,ng/L,1.70,,,,,,,1.00,,,,,,,0.00,0.00,0.00,,,,0.00,2.10,,,,,,,,,,,,,,,,,,,,,,,,,,,,,,,,
Michigan_MPART_Surface_Water,Lower South Branch Thun | 59-LSTBR-0030,Surface Water,45.01194,-83.55741,2025,9/4/2025,,EPA 8327,,,ng/L,,,,,,,,1.00,,,,,,,0.00,0.00,0.00,,,,0.00,3.20,,,,,,,,,,,,,,,,,,,,,,,,,,,,,,,,
Michigan_MPART_Surface_Water,Long Lake | 42-LL-0010,Surface Water,44.334606,-85.37881,2025,5/29/2025,,EPA 8327,,,ng/L,,,,,1.20,,,0.00,,,,,,,0.00,0.00,0.00,,1.20,,0.00,3.30,,,,,,,,,,,,,,,,,,,,,,,,,,,,,,,,
Michigan_MPART_Surface_Water,Little Cedar Creek | 36-LCDC-0100,Surface Water,43.201931,-85.551124,2025,6/12/2025,,EPA 8327,,,ng/L,,,,,,,,0.00,,,,,,,0.00,0.00,0.00,,,,0.00,,,,,,,,,,,,,,,,,,,,,,,,,,,,,,,,,
Michigan_MPART_Surface_Water,Elk Lake | 10-EL-0010,Surface Water,44.896723,-85.409234,2025,9/10/2025,,EPA 8327,,,ng/L,,,0.50,,,,,0.00,,,,,,,0.00,0.00,0.00,,,,0.00,,,,,,,,,,,,,,,,,,,,,,,,,,,,,,,,,
Michigan_MPART_Surface_Water,McLary Creek | 59-MLC-0030,Surface Water,45.079803,-83.542875,2025,9/4/2025,,EPA 8327,,,ng/L,1.10,,,,,,,0.00,,,,,,,0.00,0.00,0.00,,,,0.00,3.20,,,,,,,,,,,,,,,,,,,,,,,,,,,,,,,,
Michigan_MPART_Surface_Water,NA | 51-HD-0010,Surface Water,42.772525,-82.517129,2025,9/23/2025,,EPA 8327,,,ng/L,,1.10,0.50,,,,1.60,0.00,,,,,,,0.00,0.00,0.00,,2.40,,1.40,,,,,,,,,,,,,,,,,,,,,1.60,,,,,,,,,,,,
Michigan_MPART_Surface_Water,Lake Ann | 04-LA-0010,Surface Water,44.715514,-85.862162,2025,9/11/2025,,EPA 8327,,,ng/L,,,,,,,,0.00,,,,,,,0.00,0.00,0.00,,,,0.00,1.60,,,,,,,,,,,,,,,,,,,,,,,,,,,,,,,,
Michigan_MPART_Surface_Water,NA | 51-BLR-0140,Surface Water,42.824446,-82.698667,2025,9/23/2025,,EPA 8327,,,ng/L,,,0.50,,,,0.80,0.00,,,,,,,0.00,0.00,0.00,,1.00,,0.00,2.50,,,,,,,,,,,,,,,,,,,,0.80,,,,,,,,,,,,
Michigan_MPART_Surface_Water,East Branch Buck Creek | 36-EBBC-0010,Surface Water,42.867927,-85.675731,2025,5/19/2025,,EPA 8327,,,ng/L,,,1.50,,,,,,,,,,,,0.00,0.00,0.00,,,0.40,,,,,,,,,,,,,,,,,,,,,,,,,,,,,,,,,,
Michigan_MPART_Surface_Water,NA | 51-RWD-0020,Surface Water,42.979828,-82.731632,2025,9/22/2025,,EPA 8327,,,ng/L,,,0.40,,1.20,,,1.30,,,,,,,0.00,0.00,0.00,,0.50,,,,,,,,,,,,,,,,,,,,,,,,,,,,,,,,,,,
Michigan_MPART_Surface_Water,East Branch Rush Creek | 36-EBRC-0080,Surface Water,42.856313,-85.785625,2025,5/19/2025,,EPA 8327,,,ng/L,0.80,,0.90,,,1.40,,1.00,,,,,,,0.00,0.00,0.00,,,,,3.50,,,,,,,,,,0.50,,,,,,,,,,,,,,,,,,,,,,
Michigan_MPART_Surface_Water,Seely Creek | 36-SLC-0060,Surface Water,43.080247,-85.332227,2025,6/12/2025,,EPA 8327,,,ng/L,1.60,1.90,,,,,,0.80,,,,,,,0.00,0.00,0.00,,,,0.00,1.70,,,,,,,,,,,,,,,,,,,,,,,,,,,,,,,,
Michigan_MPART_Surface_Water,Bowens Creek | 04-BC-0010,Surface Water,44.486661,-86.214559,2025,9/11/2025,,EPA 8327,,,ng/L,,,,,,,,0.00,,,,,,,0.00,0.00,0.00,,,,0.00,,,,,,,,,,,,,,,,,,,,,,,,,,,,,,,,,
Michigan_MPART_Surface_Water,Stover Creek | 10-STC-0020,Surface Water,45.30082,-85.25709,2025,9/10/2025,,EPA 8327,,,ng/L,,,,,,,,0.00,,,,,,,0.00,0.00,0.00,,,,0.00,,,,,,,,,,,,,,,,,,,,,,,,,,,,,,,,,
Michigan_MPART_Surface_Water,Thunder Bay River | 59-TBR-0330,Surface Water,44.974172,-84.093527,2025,9/3/2025,,EPA 8327,,,ng/L,,,,,,,,0.00,,,,,,,0.00,0.00,0.00,,,,0.00,1.10,,,,,,,,,,,,,,,,,,,,,,,,,,,,,,,,
Michigan_MPART_Surface_Water,Long Lake | 42-LL-0010,Surface Water,44.334606,-85.37881,2025,5/29/2025,,EPA 8327,,,ng/L,,,0.40,,,,,0.00,,,,,,,0.00,0.00,0.00,,1.80,,0.00,2.70,,,,,,,,,,,,,,,,,,,,,,,0.70,,,,,,,,,
Michigan_MPART_Surface_Water,Thunder Bay River | 59-TBR-0008,Surface Water,45.062482,-83.427955,2025,9/3/2025,,EPA 8327,,,ng/L,,1.80,,,,,,0.90,,,,,,,0.00,0.00,0.00,,,,0.00,,,,,,,,,,,,,,,,,,,,,,,,,,,,,,,,,
Michigan_MPART_Surface_Water,NA | 51-MD-0010,Surface Water,42.876377,-82.546388,2025,9/23/2025,,EPA 8327,,,ng/L,,,,,,,,,,,,,,,0.00,0.00,0.00,,,0.90,,,,,,,,,,,,0.80,,,,,,,,,,,,,,,,,,,,,,
Michigan_MPART_Surface_Water,Lower South Branch Thun | 59-LSTBR-0050,Surface Water,44.931825,-83.574712,2025,9/3/2025,,EPA 8327,,,ng/L,,,,,,,0.90,0.90,,,,,,,0.00,0.00,0.00,,,,0.00,2.90,,,,,,,,,,,,,,,,,,,,0.90,,,,,,,,,,,,
Michigan_MPART_Surface_Water,NA | 51-BLR-0380,Surface Water,42.963441,-83.100753,2025,9/22/2025,,EPA 8327,,,ng/L,,,,,,,,0.00,,,,,,,0.00,0.00,0.00,,0.90,,0.00,1.90,,,,,,,,,,,,,,,,,,,,,,,,,,,,,,,,
Michigan_MPART_Surface_Water,NA | 51-SMC-0010,Surface Water,42.888353,-82.583745,2025,9/23/2025,,EPA 8327,,,ng/L,,,0.50,1.00,1.90,,,,,,,,,,0.00,0.00,0.00,,,,,,,,,,,,,,,,,,,,,,,,,,,,,,,,,,,,,
Michigan_MPART_Surface_Water,Unnamed Tributary to Li | 56-ULBDN2-0010,Surface Water,45.926554,-86.9554,2025,6/9/2025,,EPA 8327,,,ng/L,,,,,,,,0.00,,,,,,,0.00,0.00,0.00,,1.20,,0.80,,,,,,,,,,,,,,,,,,,,,,,,,,,,,,,,,
Michigan_MPART_Surface_Water,NA | 51-BLR-0140,Surface Water,42.824446,-82.698667,2025,9/23/2025,,EPA 8327,,,ng/L,,,0.50,,,,0.90,0.90,,,,,,,0.00,0.00,0.00,,1.00,,0.00,2.90,,,,,,,,,,,,,,,,,,,,0.90,,,,,,,,,,,,
Michigan_MPART_Surface_Water,Dean Lake | 36-DL-0010,Surface Water,43.031283,-85.613944,2025,6/12/2025,,EPA 8327,,,ng/L,,,1.10,,,1.40,,1.30,,,,,,,0.00,0.00,0.00,,,0.90,,3.20,,,,,,,,,,,,,,,,,,,,,,,,,,,,,,,,
Michigan_MPART_Surface_Water,Kids Creek | 10-KDC-0010,Surface Water,44.764136,-85.630796,2025,9/10/2025,,EPA 8327,,,ng/L,,,0.60,,,,,0.00,,,,,,,0.00,0.00,0.00,,0.90,,1.10,,,,,,,,,,,,,,,,,,,,,,,,,,,,,,,,,
Michigan_MPART_Surface_Water,North Branch Thunder Ba | 59-NTBR-0220,Surface Water,45.115769,-84.094537,2025,9/4/2025,,EPA 8327,,,ng/L,,,,,,,,0.00,,,,,,,0.00,0.00,0.00,,,,0.00,2.40,,,,,,,,,,,,,,,,,,,,,,,,,,,,,,,,
Michigan_MPART_Surface_Water,NA | 51-BLR-0300,Surface Water,42.964383,-82.93772,2025,9/22/2025,,EPA 8327,,,ng/L,,,0.40,,,,1.00,0.00,,,,,,,0.00,0.00,0.00,,1.00,,0.00,,,,,,,,,,,,,,,,,,,,,1.00,,,,,,,,,,,,
Michigan_MPART_Surface_Water,Portage Lake | 52-PTL-0010,Surface Water,42.255147,-85.355761,2025,5/16/2025,,EPA 8327,,,ng/L,,1.10,,,,,,0.00,,,,,,,0.00,0.00,0.00,,1.80,,0.00,2.50,,,,,,,,,,0.50,,,,,,,,,,,,,,,,,,,,,,
Michigan_MPART_Surface_Water,NA | 51-CDD-0030,Surface Water,42.991247,-82.871143,2025,9/22/2025,,EPA 8327,,,ng/L,,,,,,,,1.30,,,,,,,0.00,0.00,0.00,,3.80,,,,,,,,,,,,,,,,,,,,,,,,,,,,,,,,,,,
Michigan_MPART_Surface_Water,Clay Drain | 42-CD-0010,Surface Water,44.287383,-85.420543,2025,5/29/2025,,EPA 8327,,,ng/L,1.60,1.60,0.40,,1.60,1.00,1.20,1.20,,,,,,,0.00,0.00,0.00,,,,1.80,,,,,,,,,,,,,,,,,,,,,1.20,,,,,,,,,,,,
Michigan_MPART_Surface_Water,Jordan River | 10-JR-0040,Surface Water,45.13252,-85.123962,2025,9/9/2025,,EPA 8327,,,ng/L,,,,,,,,0.00,,,,,,,0.00,0.00,0.00,,,,0.00,,,,,,,,,,,,,,,,,,,,,,,,,,,,,,,,,
Michigan_MPART_Surface_Water,Pleasant Valley Pond | 25-PVP-0010,Surface Water,42.627714,-85.540016,2025,5/16/2025,,EPA 8327,,,ng/L,0.40,,0.80,,,1.00,1.10,0.00,,,,,,,0.00,0.00,0.00,,1.10,0.80,,2.10,,,,,,,,,,,,,,,,,,,,1.10,,,,,,,,,,,,
Michigan_MPART_Surface_Water,Platte River | 04-PR-0080,Surface Water,44.659854,-86.018811,2025,9/11/2025,,EPA 8327,,,ng/L,,,,,,,,0.00,,,,,,,0.00,0.00,0.00,,,,0.00,1.00,,,,,,,,,,,,,,,,,,,,,,,,,,,,,,,,
Michigan_MPART_Surface_Water,NA | 51-WV-0040,Surface Water,42.917612,-82.591144,2025,9/23/2025,,EPA 8327,,,ng/L,,,0.50,1.90,,0.80,,,,,,,,,0.00,0.00,0.00,,,,,,,,,,,,,,,,,,,,,,,,,,,,,,,,,,,,,
Michigan_MPART_Surface_Water,NA | 51-APD-0020,Surface Water,42.956722,-82.679147,2025,9/23/2025,,EPA 8327,,,ng/L,1.30,,,1.00,1.50,,,1.30,,,,,,,0.00,0.00,0.00,,,,0.00,,,,,,,,,,,,,,,,,,,,,,,,,,,,,,,,,
Michigan_MPART_Surface_Water,Tacoosh River | 56-TR-0010,Surface Water,45.926646,-86.9714,2025,6/9/2025,,EPA 8327,,,ng/L,,,,,,,,0.00,,,,,,,0.00,0.00,0.00,,1.10,,0.00,3.50,,,,,,,,,,,,,,,,,,,,,,,,,,,,,,,,
Michigan_MPART_Surface_Water,Gilchrist Creek | 59-GC-0070,Surface Water,44.899138,-84.05339,2025,9/3/2025,,EPA 8327,,,ng/L,,,,,,,,0.00,,,,,,,0.00,0.00,0.00,,,,0.00,,,,,,,,,,,,,,,,,,,,,,,,,,,,,,,,,
Michigan_MPART_Surface_Water,Mitchel Creek | 10-MC-0030,Surface Water,44.734881,-85.556407,2025,9/10/2025,,EPA 8327,,,ng/L,,,,,,,,0.00,,,,,,,0.00,0.00,0.00,,,,0.00,,,,,,,,,,,,,,,,,,,,,,,,,,,,,,,,,
Michigan_MPART_Surface_Water,NA | 51-AC-0030,Surface Water,42.895958,-82.78869,2025,9/23/2025,,EPA 8327,,,ng/L,1.00,1.60,0.40,,,,0.90,0.90,,,,,,,0.00,0.00,0.00,,1.20,,1.10,3.70,,,,,,,,,,,,,,,,,,,,0.90,,,,,,,,,,,,
Michigan_MPART_Surface_Water,NA | 51-CDD-0010,Surface Water,42.962704,-82.872806,2025,9/22/2025,,EPA 8327,,,ng/L,,1.20,0.80,,,,1.30,1.10,,,,,,,0.00,0.00,0.00,,1.70,,,,,,,,,,,,,,,,,,,,,,,1.30,,,,,,,,,,,,
Michigan_MPART_Surface_Water,Lake Leelanau | 04-LLL-0020,Surface Water,44.914283,-85.724576,2025,9/11/2025,,EPA 8327,,,ng/L,,,,,,,,0.00,,,,,,,0.00,0.00,0.00,,,,0.00,2.70,,,,,,,,,,,,,,,,,,,,,,,,,,,,,,,,
Michigan_MPART_Surface_Water,Spencer Creek | 10-SPC-0040,Surface Water,44.863824,-85.257066,2025,9/9/2025,,EPA 8327,,,ng/L,,,,,,,,0.00,,,,,,,0.00,0.00,0.00,,,,0.00,1.50,,,,,,,,,,,,,,,,,,,,,,,,,,,,,,,,
Michigan_MPART_Surface_Water,Frankfort Airport Drain | 04-FAD-0010,Surface Water,44.614965,-86.190233,2025,9/11/2025,,EPA 8327,,,ng/L,,,,,,,,0.00,,,,,,,0.00,0.00,0.00,,0.90,,1.90,,,,,,,,,,,,,,,,,,,,,,,,,,,,,,,,,
Michigan_MPART_Surface_Water,Shalda Creek | 04-SHC-0010,Surface Water,44.947122,-85.885178,2025,9/11/2025,,EPA 8327,,,ng/L,,,,,,,,0.00,,,,,,,0.00,0.00,0.00,,,,0.00,1.20,,,,,,,,,,,,,,,,,,,,,,,,,,,,,,,,
Michigan_MPART_Surface_Water,Versluis Lake | 36-VSL-0010,Surface Water,43.059448,-85.577235,2025,6/12/2025,,EPA 8327,,,ng/L,,,,,,,,,,,,,,,0.00,0.00,0.00,,,4.70,,,,,,,,,,,,,,,,,,,,,,,,,,,,,,,,,,
Michigan_MPART_Surface_Water,Herring Creek | 04-HC-0010,Surface Water,44.55966,-86.170469,2025,9/11/2025,,EPA 8327,,,ng/L,,,,,,,,0.00,,,,,,,0.00,0.00,0.00,,,,0.00,1.00,,,,,,,,,,,,,,,,,,,,,,,,,,,,,,,,
Michigan_MPART_Surface_Water,Cedar Creek | 36-CDC-0120,Surface Water,43.205339,-85.58145,2025,6/12/2025,,EPA 8327,,,ng/L,,1.80,0.60,,,,,0.80,,,,,,,0.00,0.00,0.00,,,,,2.20,,,,,,,,,,,,,,,,,,,,,,,,,,,,,,,,
Michigan_MPART_Surface_Water,Brown Creek | 10-BC-0040,Surface Water,45.157243,-85.119271,2025,9/9/2025,,EPA 8327,,,ng/L,,,,,,,,0.00,,,,,,,0.00,0.00,0.00,,,,0.00,,,,,,,,,,,,,,,,,,,,,,,,,,,,,,,,,
Michigan_MPART_Surface_Water,Lake Eastbrook | 36-LEB-0010,Surface Water,42.917117,-85.57732,2025,5/19/2025,,EPA 8327,,,ng/L,,,0.80,,1.00,1.00,,1.50,,,,,,,0.00,0.00,0.00,,,,,2.30,,,,,,,,,,,,,,,,,,,,,,,,,,,,,,,,
Michigan_MPART_Surface_Water,NA | 51-TSD-0010,Surface Water,42.955673,-82.935368,2025,9/22/2025,,EPA 8327,,,ng/L,,,,,,,,0.00,,,,,,,0.00,0.00,0.00,,,,0.00,1.40,,,,,,,,,,,,,,,,,,,,,,,,,,,,,,,,
Michigan_MPART_Surface_Water,Heritage Park Pond | 36-KC-0070,Surface Water,42.887312,-85.770605,2025,5/19/2025,,EPA 8327,,,ng/L,,,1.30,,,,,1.60,,,,,,,0.00,0.00,0.00,,,,,3.40,,,,,,,,,,,,,,,,,,,,,,,,,,,,,,,,
Michigan_MPART_Surface_Water,Cedar River | 10-CDR-0060,Surface Water,44.942268,-85.122159,2025,9/9/2025,,EPA 8327,,,ng/L,,,,,,,,0.00,,,,,,,0.00,0.00,0.00,,,,0.00,,,,,,,,,,,,,,,,,,,,,,,,,,,,,,,,,
Michigan_MPART_Surface_Water,Lake Charlevoix | 10-LC-0040,Surface Water,45.302209,-85.2469,2025,9/10/2025,,EPA 8327,,,ng/L,1.00,,,,,,,0.00,,,,,,,0.00,0.00,0.00,,,,0.00,2.10,,,,,,,,,,,,,,,,,,,,,,,,,,,,,,,,
Michigan_MPART_Surface_Water,Unnamed Tributary to Cr | 36-UCC1-0010,Surface Water,43.307436,-85.815329,2025,6/12/2025,,EPA 8327,,,ng/L,,,,,,,,0.00,,,,,,,0.00,0.00,0.00,,,,0.00,,,,,,,,,,,,,,,,,,,,,,,,,,,,,,,,,
Michigan_MPART_Surface_Water,Little Rapid River | 10-LRR-0050,Surface Water,44.747688,-85.189733,2025,9/9/2025,,EPA 8327,,,ng/L,0.80,,0.90,,,0.80,1.90,1.00,,,,,,,0.00,0.00,0.00,,,,,1.80,,,,,,,,,,,,,,,,,,,,1.90,,,,,,,,,,,,
Michigan_MPART_Surface_Water,NA | 51-NBLR-0020,Surface Water,43.007623,-83.059908,2025,9/22/2025,,EPA 8327,,,ng/L,0.90,1.60,0.60,,,,,0.90,,,,,,,0.00,0.00,0.00,,,,1.30,,,,,,,,,,,,,,,,,,,,,,,,,,,,,,,,,
Michigan_MPART_Surface_Water,Rogue River | 36-RR-0200,Surface Water,43.136032,-85.611068,2025,6/12/2025,,EPA 8327,,,ng/L,,1.50,,,,,1.00,0.00,,,,,,,0.00,0.00,0.00,,1.00,,1.60,1.20,,,,,,,,,,,,,,,,,,,,1.00,,,,,,,,,,,,
Michigan_MPART_Surface_Water,Mitchel Creek | 10-MC-0010,Surface Water,44.74551194,-85.56000527,2025,9/10/2025,,EPA 8327,,,ng/L,,,,,,,,0.00,,,,,,,0.00,0.00,0.00,,,,0.00,,,,,,,,,,,,,,,,,,,,,,,,,,,,,,,,,
Michigan_MPART_Surface_Water,East Branch Rush Creek | 36-EBRC-0080,Surface Water,42.856313,-85.785625,2025,5/19/2025,,EPA 8327,,,ng/L,1.00,,0.90,,,0.80,,1.00,,,,,,,0.00,0.00,0.00,,,,,3.60,,,,,,,,,,,,,,,,,,,,,,,,,,,,,,,,
Michigan_MPART_Surface_Water,Byron Lake | 36-BYL-0010,Surface Water,42.84123,-85.705261,2025,5/19/2025,,EPA 8327,,,ng/L,,,0.80,,,1.10,,1.70,,,,,,,0.00,0.00,0.00,,,,,3.30,,,,,,,,,,,,,,,,,,,,,,,,,,,,,,,,
Michigan_MPART_Surface_Water,Wycamp Creek | 10-WCC-0010,Surface Water,45.651016,-85.013607,2025,9/9/2025,,EPA 8327,,,ng/L,,,,,,,,0.00,,,,,,,0.00,0.00,0.00,,,,0.00,,,,,,,,,,,,,,1.10,,,,,,,,,,,,,,,,,,,
Michigan_MPART_Surface_Water,Buck Creek | 36-BC-0120,Surface Water,42.890443,-85.722446,2025,5/19/2025,,EPA 8327,,,ng/L,,,1.00,,,1.90,,1.50,,,,,,,0.00,0.00,0.00,,,,,4.00,,,,,,,,,,0.60,,,,,,,,,,,,,,,,,,,,,,
Michigan_MPART_Surface_Water,Lake Creek | 36-LC-0040,Surface Water,43.04389,-85.347115,2025,6/12/2025,,EPA 8327,,,ng/L,,,,,1.30,,,1.40,,,,,0.90,,0.00,0.00,0.00,,1.20,,1.10,,,,,,,,,,,,,,,,,,,,,,,,,,,,,,,,,
Michigan_MPART_Surface_Water,NA | 51-BLR-0080,Surface Water,42.795245,-82.588782,2025,9/23/2025,,EPA 8327,,,ng/L,0.80,,0.40,,,,1.00,0.00,,,,,,,0.00,0.00,0.00,,2.30,,0.00,2.50,,,,,,,,,,,,,,,,,,,,1.00,,,,,,,,,,,,
Michigan_MPART_Surface_Water,NA | 51-BWC-0010,Surface Water,42.837454,-82.525705,2025,9/23/2025,,EPA 8327,,,ng/L,,,1.40,,,,,,,,,,,,0.00,0.00,0.00,,,1.00,,,,,,,,,,,,,,,,,,,,,,,1.30,,,,,,,,,,,
Michigan_MPART_Surface_Water,Steff Pond | 36-SP-0010,Surface Water,42.888565,-85.708501,2025,5/19/2025,,EPA 8327,,,ng/L,,,0.50,,,,,,,,,,,,0.00,0.00,0.00,,,0.30,,,,,,,,,,,,,,,,,,,,,,,,,,,,,,,,,,
Michigan_MPART_Surface_Water,NA | 51-DWD-0020,Surface Water,42.878867,-82.638665,2025,9/23/2025,,EPA 8327,,,ng/L,,,0.60,,1.50,1.70,,,1.90,,,,,,0.00,0.00,0.00,,,,1.60,,,,,,,,,,,,,,,,,,,,,,,,,,,,,,,,,
Michigan_MPART_Surface_Water,NA | 51-SGC-0010,Surface Water,42.900209,-82.773436,2025,9/23/2025,,EPA 8327,,,ng/L,,,,,,1.60,,,,,,,,,0.00,0.00,0.00,,,,,,,,,,,,,,,,,,,,,,,,,,,,,,,,,,,,,
Michigan_MPART_Surface_Water,Escanaba River | 20-ESC-0030,Surface Water,45.7939,-87.0777,2025,6/9/2025,,EPA 8327,,,ng/L,,,,,,,,0.00,,,,,,,0.00,0.00,0.00,,1.00,,0.00,3.30,,,,,,,,,,,,,,,,,,,,,,,,,,,,,,,,
Michigan_MPART_Surface_Water,NA | 51-MC-0070,Surface Water,42.957831,-82.763391,2025,9/23/2025,,EPA 8327,,,ng/L,,,0.60,1.60,1.60,,2.80,,,,,,,,0.00,0.00,0.00,,3.80,,,,,,,,,,,,,,,,,,,,,,,2.80,,,,,,,,,,,,
Michigan_MPART_Surface_Water,Rogue River | 36-RR-0015,Surface Water,43.072273,-85.59723,2025,6/12/2025,,EPA 8327,,,ng/L,,,0.80,,,1.70,1.70,1.00,,,,,,,0.00,0.00,0.00,,1.30,0.90,,1.70,,,,,,,,,,,,,,,,,,,,1.70,,,,,,,,,,,,
Michigan_MPART_Surface_Water,Jennison Gravel Pit 1 | 36-JGP1-0010,Surface Water,42.932571,-85.810618,2025,5/19/2025,,EPA 8327,,,ng/L,1.80,1.60,0.80,,,1.50,1.70,1.20,,,,,,,0.00,0.00,0.00,,1.70,,,3.80,,,,,,,,,,0.50,,,,,,,,,,1.70,,,,,,,,,,,,
Michigan_MPART_Surface_Water,Beitner Creek | 10-BTC-0010,Surface Water,44.673261,-85.636077,2025,9/9/2025,,EPA 8327,,,ng/L,,,,,,1.40,1.10,0.00,,,,,,,0.00,0.00,0.00,,1.10,,1.60,1.10,,,,,,,,,,,,,,,,,,,,1.10,,,,,,,,,,,,
Michigan_MPART_Surface_Water,Pinery Park Pond | 36-PPP-0010,Surface Water,42.918919,-85.700561,2025,5/19/2025,,EPA 8327,,,ng/L,,,1.50,,1.50,1.50,,,,,,,,,0.00,0.00,0.00,,,,,2.80,,,,,,,,,,0.60,,,,,,,,,,,,,,,,,,,,,,
Michigan_MPART_Surface_Water,Precour Drain | 59-PC-0010,Surface Water,44.960999,-83.562497,2025,9/3/2025,,EPA 8327,,,ng/L,,,,,,,1.10,1.30,,,,,,,0.00,0.00,0.00,,,,0.00,,,,,,,,,,,,,,,,,,,,,1.10,,,,,,,,,,,,
Michigan_MPART_Surface_Water,Guyer Creek | 10-GC-0030,Surface Water,45.137003,-85.360154,2025,9/10/2025,,EPA 8327,,,ng/L,,,,,,,,0.00,,,,,,,0.00,0.00,0.00,,,,0.00,,,,,,,,,,,,,,,,,,,,,,,,,,,,,,,,,
Michigan_MPART_Surface_Water,Payne Lake | 25-PL-0010,Surface Water,42.63616,-85.521782,2025,5/16/2025,,EPA 8327,,,ng/L,0.50,2.00,,,,1.00,,,,,,,,,0.00,0.00,0.00,,,,,3.50,,,,,,,,,,,,,,,,,,,0.90,,,,0.60,0.40,,,,,,,,0.40
Michigan_MPART_Surface_Water,Upper South Branch Thun | 59-USTBR-0050,Surface Water,44.989959,-83.855942,2025,9/4/2025,,EPA 8327,,,ng/L,,,,,,,,0.00,,,,,,,0.00,0.00,0.00,,,,0.00,2.10,,,,,,,,,,,,,,,,,,,,,,,,,,,,,,,,
Michigan_MPART_Surface_Water,Walloon Lake | 10-WL-0020,Surface Water,45.264131,-84.93394,2025,9/9/2025,,EPA 8327,,,ng/L,,1.70,0.40,,,,,0.90,,,,,,,0.00,0.00,0.00,,1.10,,0.00,2.60,,,,,,,,,,,,,,,,,,,,,,,,,,,,,,,,
Michigan_MPART_Surface_Water,Black George Creek | 56-BGC-0010,Surface Water,45.878573,-86.9428,2025,6/9/2025,,EPA 8327,,,ng/L,,,,,,,,0.00,,,,,,,0.00,0.00,0.00,,1.40,,0.00,2.40,,,,,,,,,,,,,,,,,,,,,,,,,,,,,,,,
Michigan_MPART_Surface_Water,NA | 51-BLR-0240,Surface Water,42.939988,-82.830553,2025,9/22/2025,,EPA 8327,,,ng/L,1.10,,0.40,,,,0.90,0.80,,,,,,,0.00,0.00,0.00,,1.50,,0.00,,,,,,,,,,,,,,,,,,,,,0.90,,,,,,,,,,,,
Michigan_MPART_Surface_Water,Walloon Lake | 10-WL-0010,Surface Water,45.334723,-85.049537,2025,9/9/2025,,EPA 8327,,,ng/L,,1.40,0.40,,,,,1.00,,,,,,,0.00,0.00,0.00,,,,0.00,2.30,,,,,,,,,,,,,,,,,,,,,,,,,,,,,,,,
Michigan_MPART_Surface_Water,Rushmore Lake | 36-RML-0010,Surface Water,42.89128,-85.809622,2025,5/19/2025,,EPA 8327,,,ng/L,,,1.00,,1.30,,,1.40,,,,,,,0.00,0.00,0.00,,,,,,,,,,,,,,,,,,,,,,,,,,,,,,,,,,,,,
Michigan_MPART_Surface_Water,Hoosier Valley Creek | 10-HVC-0010,Surface Water,44.659069,-85.641617,2025,9/9/2025,,EPA 8327,,,ng/L,,,,,,,0.80,0.00,,,,,,,0.00,0.00,0.00,,,,0.00,,,,,,,,,,,,,,,,,,,,,0.80,,,,,,,,,,,,
Michigan_MPART_Surface_Water,Cedar Creek | 36-CDC-0160,Surface Water,43.226368,-85.551198,2025,6/12/2025,,EPA 8327,,,ng/L,,,,,,,,0.00,,,,,,,0.00,0.00,0.00,,,,,1.20,,,,,,,,,,,,,,,,,,,,,,,,,,,,,,,,
Michigan_MPART_Surface_Water,Lower South Branch Thun | 59-LSTBR-0020,Surface Water,45.060968,-83.58575,2025,9/4/2025,,EPA 8327,,,ng/L,,,,,,,,0.00,,,,,,,0.00,0.00,0.00,,,,0.00,3.00,,,,,,,,,,,,,,,,,,,,,,,,,,,,,,,,
Michigan_MPART_Surface_Water,Boyne River | 10-BYR-0060,Surface Water,45.19667,-84.957373,2025,9/9/2025,,EPA 8327,,,ng/L,,,,,,,,0.00,,,,,,,0.00,0.00,0.00,,,,0.00,1.20,,,,,,,,,,,,,,,,,,,,,,,,,,,,,,,,
Michigan_MPART_Surface_Water,Bear River | 10-BR-0010,Surface Water,45.375568,-84.96064,2025,9/9/2025,,EPA 8327,,,ng/L,,,,,,,,0.80,,,,,,,0.00,0.00,0.00,,,,0.00,3.50,,,,,,,,,,,,,,,,,,,,,,,,,,,,,,,,
Michigan_MPART_Surface_Water,Cedar Creek | 36-CDC-0100,Surface Water,43.182796,-85.611322,2025,6/12/2025,,EPA 8327,,,ng/L,1.80,1.20,0.50,,,,1.40,0.00,,,,,,,0.00,0.00,0.00,,1.70,,,1.60,,,,,,,,,,,,,,,,,,,,1.40,,,,,,,,,,,,
Michigan_MPART_Surface_Water,Old Farm Pond | 36-OFP-0010,Surface Water,42.87414,-85.609302,2025,5/19/2025,,EPA 8327,,,ng/L,45.00,,,,1.10,,,,1.50,,,1.60,,,0.00,0.00,0.00,,,,,3.70,,,,,,,,,,0.40,,,,,,,,,,,,,,,,,,,,,,
Michigan_MPART_Surface_Water,NA | 51-BLR-0330,Surface Water,42.974429,-83.006736,2025,9/22/2025,,EPA 8327,,,ng/L,,,,,,,1.20,0.00,,,,,,,0.00,0.00,0.00,,1.40,,0.00,2.50,,,,,,,,,,,,,,,,,,,,1.20,,,,,,,,,,,,
Michigan_MPART_Surface_Water,Elk Lake | 10-EL-0050,Surface Water,44.90037,-85.409933,2025,9/10/2025,,EPA 8327,,,ng/L,,,,,,,,0.00,,,,,,,0.00,0.00,0.00,,,,0.00,,,,,,,,,,,,,,,,,,,,,,,,,,,,,,,,,
Michigan_MPART_Surface_Water,Quinn Creek | 59-QC-0010,Surface Water,45.240117,-83.820512,2025,9/4/2025,,EPA 8327,,,ng/L,,,,,,,1.00,1.50,,,,,,,0.00,0.00,0.00,,,,0.00,,,,,,,,,,,,,,,,,,,,,1.00,,,,,,,,,,,,
Michigan_MPART_Surface_Water,Elk Lake | 10-EL-0020,Surface Water,44.885419,-85.365133,2025,9/10/2025,,EPA 8327,,,ng/L,,,,,,,,0.00,,,,,,,0.00,0.00,0.00,,,,0.00,,,,,,,,,,,,,,,,,,,,,,,,,,,,,,,,,
Michigan_MPART_Surface_Water,Slagle Creek | 37-SGC-0060,Surface Water,44.305391,-85.660396,2025,5/29/2025,,EPA 8327,,,ng/L,,,,,,,,0.00,,,,,,,0.00,0.00,0.00,,1.70,,0.00,3.30,,,,,,,,,,,,,,,,,,,,,,,,,,,,,,,,
Michigan_MPART_Surface_Water,Elk Lake | 10-EL-0010,Surface Water,44.896723,-85.409234,2025,9/10/2025,,EPA 8327,,,ng/L,,,0.40,,,,,0.00,,,,,,,0.00,0.00,0.00,,,,0.00,,,,,,,,,,,,,,,,,,,,,,,,,,,,,,,,,
Michigan_MPART_Surface_Water,Twin Lakes | 59-TWL-0010,Surface Water,45.014996,-84.130366,2025,9/3/2025,,EPA 8327,,,ng/L,,,,,,,,0.00,,,,,,,0.00,0.00,0.00,,,,0.00,1.50,,,,,,,,,,,,,,,,,,,,,,,,,,,,,,,,
Michigan_MPART_Surface_Water,Days River | 56-DR-0010,Surface Water,45.894935,-86.9928,2025,6/9/2025,,EPA 8327,,,ng/L,0.90,,,,,,,0.00,,,,,,,0.00,0.00,0.00,,1.50,,0.00,3.70,,,,,,,,,,,,,,,,,,,,,,,,,,,,,,,,
Michigan_MPART_Surface_Water,Lake Charlevoix | 10-LC-0050,Surface Water,45.317156,-85.257377,2025,9/10/2025,,EPA 8327,,,ng/L,1.20,,,,,,,0.00,,,,,,,0.00,0.00,0.00,,,,0.00,,,,,,,,,,,,,,,,,,,,,,,,,,,,,,,,,
Michigan_MPART_Surface_Water,McLary Creek | 59-MLC-0030,Surface Water,45.079803,-83.542875,2025,9/4/2025,,EPA 8327,,,ng/L,1.10,,,,,,,0.00,,,,,,,0.00,0.00,0.00,,,,0.00,3.30,,,,,,,,,,,,,,,,,,,,,,,,,,,,,,,,
Michigan_MPART_Surface_Water,Duke Creek | 36-DKC-0140,Surface Water,43.285623,-85.53244,2025,6/12/2025,,EPA 8327,,,ng/L,0.80,,1.10,,,,,,,,,,,,0.00,0.00,0.00,,,0.90,,,,,,,,,,,,,,,,,,,,,,,,,,,,,,,,,,
Michigan_MPART_Surface_Water,Lake Leelanau | 04-LLL-0040,Surface Water,44.991201,-85.734009,2025,9/11/2025,,EPA 8327,,,ng/L,,,,,,,,0.00,,,,,,,0.00,0.00,0.00,,,,0.00,2.30,,,,,,,,,,,,,,,,,,,,,,,,,,,,,,,,
Michigan_MPART_Surface_Water,Cedar Run | 04-CDR-0030,Surface Water,44.796919,-85.7811,2025,9/11/2025,,EPA 8327,,,ng/L,,,,,,,,0.00,,,,,,,0.00,0.00,0.00,,,,0.00,,,,,,,,,,,,,,,,,,,,,,,,,,,,,,,,,
Michigan_MPART_Surface_Water,Clam River | 42-CM-0280,Surface Water,44.281778,-85.382434,2025,5/29/2025,,EPA 8327,,,ng/L,,,1.00,,,0.80,1.40,1.00,,,,,,,0.00,0.00,0.00,,,,1.50,,,,,,,,,,,,,,,,,,,,,1.40,,,,,,,,,,,,
Michigan_MPART_Surface_Water,Brandy Creek | 42-BRC-0010,Surface Water,44.256813,-85.501529,2025,5/29/2025,,EPA 8327,,,ng/L,,1.30,,,1.50,,,0.90,,,,,,,0.00,0.00,0.00,,,,0.00,,,,,,,,,,,,,,,,,,,,,,,,,,,,,,,,,
Michigan_MPART_Surface_Water,Walloon Lake | 10-WL-0030,Surface Water,45.305243,-84.966536,2025,9/9/2025,,EPA 8327,,,ng/L,,1.40,,,,,0.80,1.10,,,,,,,0.00,0.00,0.00,,1.20,,1.10,3.50,,,,,,,,,,,,,,,,,,,,0.80,,,,,,,,,,,,
Michigan_MPART_Surface_Water,Deer Lake | 10-DL-0010,Surface Water,45.156663,-84.97776,2025,9/9/2025,,EPA 8327,,,ng/L,,,,,,,,0.00,,,,,,,0.00,0.00,0.00,,,,0.00,3.10,,,,,,,,,,,,,,,,,,,,,,,,,,,,,,,,
Michigan_MPART_Surface_Water,NA | 51-UTBEL-0010,Surface Water,42.80162,-82.59401,2025,9/23/2025,,EPA 8327,,,ng/L,,,0.60,,2.00,1.60,,,1.20,,,,,,0.00,0.00,0.00,,1.00,,0.80,,,,,,,,,,,,,,,,,,,,,,,,,,0.50,,,,,,,
Michigan_MPART_Surface_Water,NA | 51-RRN-0020,Surface Water,42.86353,-82.5967,2025,9/23/2025,,EPA 8327,,,ng/L,,,0.60,,1.40,,,,1.90,,,,,,0.00,0.00,0.00,,4.40,,,,,,,,,,,,,,,,,,,,,,,,,,,,,,,,,,,
Michigan_MPART_Surface_Water,Lake Huron - Thunder Ba | 30-TB-0010,Surface Water,45.06698778,-83.41822509,2025,9/3/2025,,EPA 8327,,,ng/L,1.20,1.20,,,,,1.10,0.00,,,,,,,0.00,0.00,0.00,,1.20,,0.00,1.20,,,,,,,,,,,,,,,,,,,,1.10,,,,,,,,,,,,
Michigan_MPART_Surface_Water,Campbell Lake | 25-CL-0010,Surface Water,42.321765,-85.465375,2025,5/16/2025,,EPA 8327,,,ng/L,0.50,,,,,,0.90,0.00,,,,,,,0.00,0.00,0.00,,0.90,,1.70,1.60,,,,,,,,,,,,,,,,,,,,0.90,,,,,,,,,,,,
Michigan_MPART_Surface_Water,Wolf Creek | 59-WC-0040,Surface Water,44.931666,-83.645007,2025,9/3/2025,,EPA 8327,,,ng/L,,,,,,,,1.00,,,,,,,0.00,0.00,0.00,,,,0.00,2.90,,,,,,,,,,,,,,,,,,,,,,,,,,,,,,,,
Michigan_MPART_Surface_Water,Unnamed Tributary to Ru | 36-URMC-0020,Surface Water,43.126005,-85.545536,2025,6/12/2025,,EPA 8327,,,ng/L,,,,,,,,0.90,,,,,,,0.00,0.00,0.00,,,2.00,,1.20,,,,,,,,,,,,,,,,,,,,,,,,,,,,,,,,
Michigan_MPART_Surface_Water,Little Payne Lake | 25-LPL-0010,Surface Water,42.635109,-85.525811,2025,5/16/2025,,EPA 8327,,,ng/L,,,,,,,1.30,0.00,,,,,,,0.00,0.00,0.00,,,0.50,,,,,,,,,,,,,,,,,,,,,,1.30,,,,,,,,,,,,
Michigan_MPART_Surface_Water,Lake Charlevoix | 10-LC-0002,Surface Water,45.319919,-85.263898,2025,9/10/2025,,EPA 8327,,,ng/L,,,0.50,,,,1.30,0.80,,,,,,,0.00,0.00,0.00,,1.30,,0.00,,,,,,,,,,,,,,,,,,,,,1.30,,,,,,,,,,,,
Michigan_MPART_Surface_Water,Airport Pond | 42-CAP-0010,Surface Water,44.270506,-85.435151,2025,5/29/2025,,EPA 8327,,,ng/L,,,0.40,,,,,1.10,,,,,,,0.00,0.00,0.00,,,,0.00,,,,,,,,,,,,,,,,,,,,,,,,,,,,,,,,,
Michigan_MPART_Surface_Water,Butler Swamp Drain | 35-BSD-0030,Surface Water,45.639237,-84.433228,2025,9/9/2025,,EPA 8327,,,ng/L,1.30,,,,,,,,,,,,,,0.00,0.00,0.00,,,,1.10,,,,,,,,,,,,,,,,,,,,,,,,,,,,,,,,,
Michigan_MPART_Surface_Water,Duck Lake | 04-DL-0010,Surface Water,44.629992,-85.760798,2025,9/11/2025,,EPA 8327,,,ng/L,,,,,,,,0.00,,,,,,,0.00,0.00,0.00,,,,0.00,2.10,,,,,,,,,,,,,,,,,,,,,,,,,,,,,,,,
Michigan_MPART_Surface_Water,Weigel Drain | 42-WGD-0020,Surface Water,44.264346,-85.447578,2025,5/29/2025,,EPA 8327,,,ng/L,,1.20,0.60,,,,1.00,1.50,,,,,,,0.00,0.00,0.00,,,,1.40,,,,,,,,,,,,,,,,,,,,,1.00,,,,,,,,,,,,
Michigan_MPART_Surface_Water,NA | 51-RWD-0020,Surface Water,42.979828,-82.731632,2025,9/22/2025,,EPA 8327,,,ng/L,,,,,1.30,,,1.60,,,,,,,0.00,0.00,0.00,,2.70,,,,,,,,,,,,,,,,,,,,,,,,,,,,,,,,,,,
Michigan_MPART_Surface_Water,Cedar River | 10-CDR-0010,Surface Water,44.978384,-85.193122,2025,9/9/2025,,EPA 8327,,,ng/L,,,,,,,,0.00,,,,,,,0.00,0.00,0.00,,,,0.00,,,,,,,,,,,,,,,,,,,,,,,,,,,,,,,,,
Michigan_MPART_Surface_Water,Little Cedar Creek | 36-LCDC-0030,Surface Water,43.175411,-85.607333,2025,6/12/2025,,EPA 8327,,,ng/L,,1.70,,,,,,1.00,,,,,,,0.00,0.00,0.00,,,,1.90,1.00,,,,,,,,,,,,,,,,,,,,,,,,,,,,,,,,
Michigan_MPART_Surface_Water,Thunder Bay River | 59-TBR-0350,Surface Water,45.000359,-84.118854,2025,9/3/2025,,EPA 8327,,,ng/L,,,,,,,,0.00,,,,,,,0.00,0.00,0.00,,,,0.00,1.10,,,,,,,,,,,,,,,,,,,,,,,,,,,,,,,,
Michigan_MPART_Surface_Water,NA | 51-APD-0070,Surface Water,42.943727,-82.762359,2025,9/23/2025,,EPA 8327,,,ng/L,1.90,,0.40,,1.40,,1.50,1.80,,,,,,,0.00,0.00,0.00,,1.70,,0.00,,,,,,,,,,,,,,,,,,,,,1.50,,,,,,,,,,,,
Michigan_MPART_Surface_Water,East Branch Buck Creek | 36-EBBC-0010,Surface Water,42.867927,-85.675731,2025,5/19/2025,,EPA 8327,,,ng/L,,,1.30,,,,,,,,,,,,0.00,0.00,0.00,,,0.40,,,,,,,,,,,,0.50,,,,,,,,,,,,,,,,,,,,,,
Michigan_MPART_Surface_Water,NA | 51-BD-0010,Surface Water,42.728004,-82.50986,2025,9/23/2025,,EPA 8327,,,ng/L,,,0.60,1.10,,,,,,,,,,,0.00,0.00,0.00,,,,,,,,,,,,,,,,,,,,,,,,,,,,,,,,,,,,,
Michigan_MPART_Surface_Water,Unnamed Tributary to Se | 36-USLC1-0010,Surface Water,43.073306,-85.317438,2025,6/12/2025,,EPA 8327,,,ng/L,,1.20,,,,,,0.90,,,,,,,0.00,0.00,0.00,,1.00,,1.30,,,,,,,,,,,,,,,,,,,,,,,,,,,,,,,,,
Michigan_MPART_Surface_Water,South Branch Boyne Rive | 10-SBYR-0030,Surface Water,45.169045,-84.91792,2025,9/9/2025,,EPA 8327,,,ng/L,,,,,,,,0.00,,,,,,,0.00,0.00,0.00,,,,0.00,1.00,,,,,,,,,,,,,,,,,,,,,,,,,,,,,,,,
Michigan_MPART_Surface_Water,Arcadia Lake | 04-AL-0010,Surface Water,44.491039,-86.238779,2025,9/11/2025,,EPA 8327,,,ng/L,,1.60,0.40,,,,,0.80,,,,,,,0.00,0.00,0.00,,0.90,,0.00,1.50,,,,,,,,,,,,,,,,,,,,,,,,,,,,,,,,
Michigan_MPART_Surface_Water,Kenova Creek | 36-KC-0120,Surface Water,42.877758,-85.76218,2025,5/19/2025,,EPA 8327,,,ng/L,0.70,,,,,,,1.00,,,,,,,0.00,0.00,0.00,,,,,3.10,,,,,,,,,,0.50,,,,,,,,,,,,,,,,,,,,,,
Michigan_MPART_Surface_Water,Three Pipes | 02-TPD-0010,Surface Water,44.43483,-83.363737,2025,9/5/2025,,EPA 8327,,,ng/L,,,,,,,,,,,,,,,0.00,1.70,0.00,,,4.20,,,,,,,,,,,,,,,,,,,,,,,,,,,0.60,,,,,,,
Michigan_MPART_Surface_Water,Cheboygan River | 16-CBR-0060,Surface Water,45.643085,-84.475985,2025,9/9/2025,,EPA 8327,,,ng/L,,,,,,,,0.00,,,,,,,0.00,0.00,0.00,,,,0.00,2.40,,,,,,,,,,,,,,,,,,,,,,,,,,,,,,,,
Michigan_MPART_Surface_Water,NA | 51-URRN1-0020,Surface Water,42.858835,-82.617292,2025,9/23/2025,,EPA 8327,,,ng/L,,,0.50,,,1.70,,1.10,,,,,,,0.00,0.00,0.00,,,,,,,,,,,,,,,,,,,,,,,,,,,,,,,,,,,,,
Michigan_MPART_Surface_Water,Deer Creek | 10-DC-0010,Surface Water,45.135995,-85.119193,2025,9/9/2025,,EPA 8327,,,ng/L,,,,,,,,0.00,,,,,,,0.00,0.00,0.00,,,,0.00,2.10,,,,,,,,,,,,,,,,,,,,,,,,,,,,,,,,
Michigan_MPART_Surface_Water,Saline River | 48-SR-0210,Surface Water,42.158417,-83.780978,2025,6/24/2025,,EPA 8327,,,ng/L,1.10,,,,,,1.30,0.00,,,,,,,0.00,0.00,0.00,,1.40,,1.10,,,,,,,,,,,,,,,,,,,,,1.30,,,,,,,,,,,,
Michigan_MPART_Surface_Water,McGinn Creek | 59-MG-0020,Surface Water,44.837409,-83.77115,2025,9/3/2025,,EPA 8327,,,ng/L,,,,,,,,0.00,,,,,,,0.00,0.00,0.00,,,,0.00,,,,,,,,,,,,,,,,,,,,,,,,,,,,,,,,,
Michigan_MPART_Surface_Water,North Branch Thunder Ba | 59-NTBR-0070,Surface Water,45.211524,-83.724854,2025,9/4/2025,,EPA 8327,,,ng/L,,,,,,,,1.00,,,,,,,0.00,0.00,0.00,,,,0.00,,,,,,,,,,,,,,,,,,,,,,,,,,,,,,,,,
Michigan_MPART_Surface_Water,NA | 51-DD-0010,Surface Water,42.967967,-83.106308,2025,9/22/2025,,EPA 8327,,,ng/L,,,,,,,,0.00,,,,,,,0.00,0.00,0.00,,0.90,,0.00,1.50,,,,,,,,,,,,,,,,,,,,,,,,,,,,,,,,
Michigan_MPART_Surface_Water,NA | 51-WSD-0030,Surface Water,42.987058,-83.124327,2025,9/22/2025,,EPA 8327,,,ng/L,,,,,,,0.80,0.00,,,,,,,0.00,0.00,0.00,,,,0.00,,,,,,,,,,,,,,,,,,,,,0.80,,,,,,,,,,,,
Michigan_MPART_Surface_Water,NA | 51-BLR-0260,Surface Water,42.955516,-82.866519,2025,9/22/2025,,EPA 8327,,,ng/L,,,0.40,,,,0.90,0.00,,,,,,,0.00,0.00,0.00,,1.10,,0.00,1.70,,,,,,,,,,,,,,,,,,,,0.90,,,,,,,,,,,,
Michigan_MPART_Surface_Water,Berry Lake | 42-BERL-0010,Surface Water,44.223452,-85.354371,2025,5/29/2025,,EPA 8327,,,ng/L,,,0.50,,1.00,,1.00,1.30,,,,,,,0.00,0.00,0.00,,,,0.00,,,,,,,,,,,,,,,,,,,,,1.00,,,,,,,,,,,,
Michigan_MPART_Surface_Water,Webber Creek | 59-WBC-0030,Surface Water,44.921795,-83.940474,2025,9/3/2025,,EPA 8327,,,ng/L,,,,,,,,0.00,,,,,,,0.00,0.00,0.00,,,,0.00,3.50,,,,,,,,,,,,,,,,,,,,,,,,,,,,,,,,
Michigan_MPART_Surface_Water,Cogswell Drain | 36-CG-0010,Surface Water,43.00112,-85.67655,2025,5/19/2025,,EPA 8327,,,ng/L,,,,,1.10,,,,,,,,,,0.00,0.00,0.00,,,1.90,,,,,,,,,,,,,,,,,,1.00,,,,,1.00,,,,1.30,,,,,,,
Michigan_MPART_Surface_Water,Pleasant Lake | 42-PL-0010,Surface Water,44.295498,-85.475894,2025,5/29/2025,,EPA 8327,,,ng/L,,,0.40,,1.00,,,0.90,,,,,,,0.00,0.00,0.00,,,,0.00,,,,,,,,,,,,,,,,,,,,,,,,,,,,,,,,,
Michigan_MPART_Surface_Water,NA | 51-JRC-0010,Surface Water,42.810755,-82.654585,2025,9/23/2025,,EPA 8327,,,ng/L,,,,1.50,1.90,,,,,,,,,,0.00,0.00,0.00,,,,,,,,,,,,,,,,,,,,,,,,,,,,,,,,,,,,,
Michigan_MPART_Surface_Water,Mason Creek | 04-MSC-0030,Surface Water,44.634454,-85.655855,2025,9/11/2025,,EPA 8327,,,ng/L,,,,,,,,0.00,,,,,,,0.00,0.00,0.00,,,1.10,0.00,1.50,,,,,,,,,,,,,,,,,,,,,,,,,,,,,,,,
Michigan_MPART_Surface_Water,Lake Charlevoix | 10-LC-0030,Surface Water,45.257789,-85.184794,2025,9/10/2025,,EPA 8327,,,ng/L,,,,,,,,0.00,,,,,,,0.00,0.00,0.00,,,,0.00,,,,,,,,,,,,,,,,,,,,,,,,,,,,,,,,,
Michigan_MPART_Surface_Water,Sand Lake | 48-SL-0010,Surface Water,42.049489,-84.126343,2025,5/27/2025,,EPA 8327,,,ng/L,0.80,,1.40,,1.50,,,,,,0.70,,,,0.00,0.00,0.40,,,,0.80,,,,,,,,,,,,,,,,,,,,,,,,,,,,,,,,,
Michigan_MPART_Surface_Water,Quinn Creek | 59-QC-0070,Surface Water,45.287333,-83.900699,2025,9/4/2025,,EPA 8327,,,ng/L,,,,,,,,0.90,,,,,,,0.00,0.00,0.00,,,,0.00,,,,,,,,,,,,,,,,,,,,,,,,,,,,,,,,,
Michigan_MPART_Surface_Water,Kroc Center Pond | 36-KCP-0010,Surface Water,42.91819,-85.66269,2025,5/19/2025,,EPA 8327,,,ng/L,,,,,,,,0.80,,,,,,,0.00,0.00,0.00,,,,0.00,,,,,,,,,,,,,,,,,,,,,,,,,,,,,,,,,
Michigan_MPART_Surface_Water,Unnamed Tributary to Li | 56-ULBDN1-0010,Surface Water,45.859169,-87.0242,2025,6/9/2025,,EPA 8327,,,ng/L,,,,,,,,1.70,,,,,,,0.00,0.00,0.00,,,0.70,1.70,,,,,,,,,,,,,,,,,,,,,,,,,,,,,,,,,
Michigan_MPART_Surface_Water,North  Comstock Creek | 25-NCC-0030,Surface Water,42.302912,-85.504296,2025,5/16/2025,,EPA 8327,,,ng/L,1.40,1.20,,,,,1.10,0.00,,,,,,,0.00,0.00,0.00,,,0.40,1.70,2.90,,,,,,,,,,,,,,,,,,,,1.10,,,,,,,,,,,,
Michigan_MPART_Surface_Water,Portage Lake | 04-PTL-0010,Surface Water,44.361779,-86.206375,2025,9/11/2025,,EPA 8327,,,ng/L,,,0.40,,,1.00,0.90,0.90,,,,,,,0.00,0.00,0.00,,1.00,,0.80,1.40,,,,,,,,,,,,,,,,,,,,0.90,,,,,,,,,,,,
Michigan_MPART_Surface_Water,Soft Water Lake | 36-SWL-0010,Surface Water,43.023008,-85.638765,2025,5/19/2025,,EPA 8327,,,ng/L,,,1.30,,1.00,1.30,,,,,,,,,0.00,0.00,0.00,,,,0.90,,,,,,,,,,,,,,,,,,,,,,,,,,,,,,,,,
Michigan_MPART_Surface_Water,NA | 51-RRN-0030,Surface Water,42.869941,-82.617969,2025,9/23/2025,,EPA 8327,,,ng/L,,,0.40,,1.80,1.40,,,,,,,,,0.00,0.00,0.00,,3.90,,1.30,,,,,,,,,,,,,,,,,,,,,,,,,,,,,,,,,
Michigan_MPART_Surface_Water,NA | 51-HYD-0010,Surface Water,43.019647,-82.732509,2025,9/22/2025,,EPA 8327,,,ng/L,,,0.40,,1.10,,,1.20,,,,,,,0.00,0.00,0.00,,1.80,,0.00,,,,,,,,,,,,,,,,,,,,,,,,,,,,,,,,,
Michigan_MPART_Surface_Water,Mitchell Creek | 42-MTC-0010,Surface Water,44.236228,-85.517514,2025,5/29/2025,,EPA 8327,,,ng/L,,,,,,,,0.00,,,,,,,0.00,0.00,0.00,,,,0.00,,,,,,,,,,,,,,,,,,,,,,,,,,,,,,,,,
Michigan_MPART_Surface_Water,Betsie River | 04-BR-0180,Surface Water,44.501572,-85.979194,2025,9/11/2025,,EPA 8327,,,ng/L,,,,,,,,0.00,,,,,,,0.00,0.00,0.00,,,,0.00,1.40,,,,,,,,,,,,,,,,,,,,,,,,,,,,,,,,
Michigan_MPART_Surface_Water,Kenova Creek | 36-KC-0020,Surface Water,42.899759,-85.783328,2025,5/19/2025,,EPA 8327,,,ng/L,,,1.20,,,1.00,,1.20,,,,,,,0.00,0.00,0.00,,3.10,,,3.60,,,,,,,,,,,,,,,,,,,,,,,,,,,,,,,,
Michigan_MPART_Surface_Water,Miller Creek | 59-MC-0020,Surface Water,45.055221,-83.997967,2025,9/4/2025,,EPA 8327,,,ng/L,1.00,,,,1.10,,,,,,,,,,0.00,0.00,0.00,,,,0.00,,,,,,,,,,,,,,,,,,,,,,,,,,,,,,,,,
Michigan_MPART_Surface_Water,Davis Creek | 25-DC-0040,Surface Water,42.259565,-85.543922,2025,5/16/2025,,EPA 8327,,,ng/L,,1.90,0.40,,,,1.70,1.10,,,,,,,0.00,0.00,0.00,,,0.40,1.10,2.90,,,,,,,,,,0.50,,,,,,,,,,1.70,,,,,,,,,,,,
Michigan_MPART_Surface_Water,Cheboygan River | 16-CBR-0020,Surface Water,45.653636,-84.467823,2025,9/9/2025,,EPA 8327,,,ng/L,,,,,,,,0.00,,,,,,,0.00,0.00,0.00,,,,0.00,2.90,,,,,,,,,,,,,,,,,,,,,,,,,,,,,,,,
Michigan_MPART_Surface_Water,NA | 51-HLD-0040,Surface Water,42.890183,-82.639421,2025,9/23/2025,,EPA 8327,,,ng/L,,,0.40,,1.60,1.00,,,1.70,,,,,,0.00,0.00,0.00,,,,1.50,,,,,,,,,,,,,,,,,,,,,,,,,,,,,,,,,
Michigan_MPART_Surface_Water,Waterchase Pond | 36-WCP-0010,Surface Water,42.910183,-85.721087,2025,5/19/2025,,EPA 8327,,,ng/L,,,0.60,,,,1.50,0.00,,,,,,,0.00,0.00,0.00,,1.60,,,3.70,,,,,,,,,,,,,,,,,,,,1.50,,,,,,,,,,,,
Michigan_MPART_Surface_Water,Bean Creak | 59-BC-0010,Surface Water,45.085398,-83.693823,2025,9/4/2025,,EPA 8327,,,ng/L,,,,,,,,0.90,,,,,,,0.00,0.00,0.00,,,,0.00,3.80,,,,,,,,,,,,,,,,,,,,,,,,,,,,,,,,
Michigan_MPART_Surface_Water,NA | 51-HCD-0010,Surface Water,42.979033,-83.050293,2025,9/22/2025,,EPA 8327,,,ng/L,,,0.40,,1.40,,1.40,0.00,,,,,,,0.00,0.00,0.00,,1.50,,,2.80,,,,,,,,,,,,,,,,,,,,1.40,,,,,,,,,,,,
Michigan_MPART_Surface_Water,NA | 51-PN-0260,Surface Water,43.024357,-82.712714,2025,9/22/2025,,EPA 8327,,,ng/L,,,,,,,,0.00,,,,,,,0.00,0.00,0.00,,1.20,,0.00,1.50,,,,,,,,,,,,,,,,,,,,,,,,,,,,,,,,
Michigan_MPART_Surface_Water,NA | 51-OLD-0010,Surface Water,43.006417,-82.632409,2025,9/22/2025,,EPA 8327,,,ng/L,,,0.90,,,,1.50,0.00,,,,,,,0.00,0.00,0.00,,1.20,,,3.20,,,,,,,,,,,,,,,,,,,,1.50,,,,,,,,,,,,
Michigan_MPART_Surface_Water,Clarks Marsh | 02-CM-0060,Surface Water,44.4381,-83.3906,2025,9/5/2025,,EPA 8327,,,ng/L,,,,,,,,,,,,,,,0.00,0.00,0.00,,,4.70,,,,,,,,,,,,,,,,,,,,,,,,,,,,,,,,,,
Michigan_MPART_Surface_Water,NA | 51-EMD-0030,Surface Water,43.003437,-82.760992,2025,9/22/2025,,EPA 8327,,,ng/L,1.40,,0.40,,,,,,,,,,,,0.00,0.00,0.00,,6.80,,1.60,,,,,,,,,,,,,,,,,,,,,,,,,,,,,,,,,
Michigan_MPART_Surface_Water,Allen Lake | 02-AL-0010,Surface Water,44.435478,-83.415549,2025,9/5/2025,,EPA 8327,,,ng/L,1.00,,,,,,1.10,0.00,,,,,,,0.00,0.00,0.00,,,,0.00,,,,,,,,,,,,,,,,,,,,,1.10,,,,,,,,,,,,
Michigan_MPART_Surface_Water,Davis Lake | 04-DVL-0010,Surface Water,44.77556,-85.860407,2025,9/11/2025,,EPA 8327,,,ng/L,,1.80,0.60,,,,0.90,1.40,,,,,,,0.00,0.00,0.00,,1.40,,1.10,3.20,,,,,,,,,,,,,,,,,,,,0.90,,,,,,,,,,,,
Michigan_MPART_Surface_Water,Unnamed tributary to Ho | 24-UHC-0030,Surface Water,42.287276,-83.867465,2025,4/19/2025,,EPA 8327,,,ng/L,1.00,,,,,,1.30,0.90,,,,,,,0.00,0.00,0.00,,,,1.60,,,,,,,,,,,,,,,,,,,,,1.30,,,,,,,,,,,,
Michigan_MPART_Surface_Water,NA | 51-MC-0020,Surface Water,42.962379,-82.679453,2025,9/23/2025,,EPA 8327,,,ng/L,1.10,,,,,,,0.00,,,,,,,0.00,0.00,0.00,,,,0.00,3.10,,,,,,,,,,,,,,,,,,,,,,,,,,,,,,,,
Michigan_MPART_Surface_Water,Dice Drain | 47-DD-0025,Surface Water,43.605075,-84.328732,2025,4/21/2025,,EPA 8327,,,ng/L,,,0.90,,,,,,,,,,,,0.00,0.00,0.00,,,0.90,,,,,,,,,,,,0.90,,,,,,,,,,,,,,,,,,,,,,
Michigan_MPART_Surface_Water,NA | 51-SMC-0040,Surface Water,42.9189,-82.6108,2025,9/23/2025,,EPA 8327,,,ng/L,,,,,,,,1.40,,,,,,,0.00,0.00,0.00,,,,0.80,,,,,,,,,,,,,,,,,,,,,,,,,,,,,,,,,
Michigan_MPART_Surface_Water,Payne Creek | 25-PLC-0010,Surface Water,42.621347,-85.525065,2025,5/16/2025,,EPA 8327,,,ng/L,1.10,,,,0.80,1.00,,,,,,,,,0.00,0.00,0.00,,,0.30,,,,,,,,,,,,,,,,,,,,,,,,,,,,,,,,,,
Michigan_MPART_Surface_Water,NA | 51-BLR-0180,Surface Water,42.875623,-82.741462,2025,9/23/2025,,EPA 8327,,,ng/L,,,0.60,,,,1.00,0.00,,,,,,,0.00,0.00,0.00,,1.20,,0.90,2.80,,,,,,,,,,,,,,,,,,,,1.00,,,,,,,,,,,,
Michigan_MPART_Surface_Water,North Branch Boardman R | 10-NBDR-0060,Surface Water,44.704432,-85.230904,2025,9/9/2025,,EPA 8327,,,ng/L,,,,,,,,0.00,,,,,,,0.00,0.00,0.00,,,,0.00,1.00,,,,,,,,,,,,,,,,,,,,,,,,,,,,,,,,
Michigan_MPART_Surface_Water,NA | 51-AGC-0010,Surface Water,42.838411,-82.533076,2025,9/23/2025,,EPA 8327,,,ng/L,,,0.50,,,1.00,,,,,,,,,0.00,0.00,0.00,,,,1.60,,,,,,,,,,,,,,,,,,,,,,,,,,,,,,,,,
Michigan_MPART_Surface_Water,NA | 51-SMC-0090,Surface Water,42.94153,-82.678176,2025,9/23/2025,,EPA 8327,,,ng/L,,,,,,,,1.20,,,,,,,0.00,0.00,0.00,,,,0.00,,,,,,,,,,,,,,,,,,,,,,,,,,,,,,,,,
Michigan_MPART_Surface_Water,Wright Creek | 25-WRC-0040,Surface Water,42.267093,-85.415435,2025,5/16/2025,,EPA 8327,,,ng/L,0.80,,,,,,,0.00,,,,,,,0.00,0.00,0.00,,,,0.60,2.80,,,,,,,,,,0.50,,,,,,,,,,,,,,,,,,,,,,
Michigan_MPART_Surface_Water,Unnamed Tributary to Bu | 36-UTBC1-0100,Surface Water,42.82634,-85.633948,2025,5/19/2025,,EPA 8327,,,ng/L,1.80,,0.60,,,0.80,,1.10,,,,,,,0.00,0.00,0.00,,,,,,,,,,,,,,,0.40,,,,,,,,,,,,,,,,,,,,,,
Michigan_MPART_Surface_Water,Lower South Branch Thun | 59-LSTBR-0010,Surface Water,45.092372,-83.576816,2025,9/4/2025,,EPA 8327,,,ng/L,,,,,,,,0.00,,,,,,,0.00,0.00,0.00,,,,0.00,,,,,,,,,,,,,,,,,,,,,,,,,,,,,,,,,
Michigan_MPART_Surface_Water,Upper South Branch Thun | 59-USTBR-0040,Surface Water,45.023953,-83.790759,2025,9/3/2025,,EPA 8327,,,ng/L,,,,,,,,0.90,,,,,,,0.00,0.00,0.00,,,,0.00,2.10,,,,,,,,,,,,,,,,,,,,,,,,,,,,,,,,
Michigan_MPART_Surface_Water,Hawks Drain | 59-HD-0010,Surface Water,45.287555,-83.881983,2025,9/4/2025,,EPA 8327,,,ng/L,,,,,,,0.90,1.00,,,,,,,0.00,0.00,0.00,,,,0.00,,,,,,,,,,,,,,,,,,,,,0.90,,,,,,,,,,,,
Michigan_MPART_Surface_Water,Hunt Creek | 59-HC-0010,Surface Water,44.94279,-84.067724,2025,9/3/2025,,EPA 8327,,,ng/L,,,,,,,,0.00,,,,,,,0.00,0.00,0.00,,,,0.00,,,,,,,,,,,,,,,,,,,,,,,,,,,,,,,,,
Michigan_MPART_Surface_Water,Little Cedar Creek | 36-LCDC-0060,Surface Water,43.187532,-85.58121,2025,6/12/2025,,EPA 8327,,,ng/L,,,0.40,,,0.90,,0.00,,,,,,,0.00,0.00,0.00,,0.90,,1.70,1.10,,,,,,,,,,,,,,,,,,,,,,,,,,,,,,,,
Michigan_MPART_Surface_Water,NA | 51-UBNC1-0010,Surface Water,42.932254,-82.480901,2025,9/23/2025,,EPA 8327,,,ng/L,,,0.40,,,,,,,,,,,,0.00,0.00,0.00,,,,,,,,,,,,,,,0.80,,,,,,,,,,,,,,,,,,,,,,
Michigan_MPART_Surface_Water,NA | 51-PN-0100,Surface Water,42.888827,-82.568839,2025,9/23/2025,,EPA 8327,,,ng/L,,,,,,,,,,,,,,,0.00,0.00,0.00,,,,1.10,,,,,,,,,,,,,,,,,,,,,,,,,,,,,,,,,
Michigan_MPART_Surface_Water,Buck Creek | 36-BC-0220,Surface Water,42.840859,-85.672677,2025,5/19/2025,,EPA 8327,,,ng/L,1.70,,0.60,,,1.00,,1.30,,,,,,,0.00,0.00,0.00,,,,,3.30,,,,,,,,,,0.50,,,,,,,,,,,,,,,,,,,,,,
Michigan_MPART_Surface_Water,Torch River | 10-TR-0030,Surface Water,44.842762,-85.320669,2025,9/10/2025,,EPA 8327,,,ng/L,,,,,,,,0.00,,,,,,,0.00,0.00,0.00,,,,0.00,,,,,,,,,,,,,,,,,,,,,,,,,,,,,,,,,
Michigan_MPART_Surface_Water,NA | 51-PN-0040,Surface Water,42.817259,-82.510902,2025,9/23/2025,,EPA 8327,,,ng/L,,,0.90,,1.00,1.20,,,,,,,,,0.00,0.00,0.00,,,,1.90,,,,,,,,,,,,,,,,,,,,,,,,,,,,,,,,,
Michigan_MPART_Surface_Water,Roys Creek | 36-RY-0090,Surface Water,42.906057,-85.718465,2025,5/19/2025,,EPA 8327,,,ng/L,,,0.60,,1.00,,,1.90,,,,,,,0.00,0.00,0.00,,,0.40,,,,,,,,,,,,,,,,,,,,,,,,,,,,,,,,,,
Michigan_MPART_Surface_Water,Little Rapid River | 10-LRR-0040,Surface Water,44.755034,-85.211031,2025,9/9/2025,,EPA 8327,,,ng/L,0.90,2.00,0.60,,,0.90,1.30,0.80,,,,,,,0.00,0.00,0.00,,1.20,,1.50,1.50,,,,,,,,,,,,,,,,,,,,1.30,,,,,,,,,,,,
Michigan_MPART_Surface_Water,Platte River | 04-PR-0030,Surface Water,44.710924,-86.118768,2025,9/11/2025,,EPA 8327,,,ng/L,,,,,,,,0.00,,,,,,,0.00,0.00,0.00,,,,0.00,1.10,,,,,,,,,,,,,,,,,,,,,,,,,,,,,,,,
Michigan_MPART_Surface_Water,Victoria Creek | 04-VTC-0020,Surface Water,44.850202,-85.792644,2025,9/11/2025,,EPA 8327,,,ng/L,,,,,,,,0.00,,,,,,,0.00,0.00,0.00,,,,0.00,1.00,,,,,,,,,,,,,,,,,,,,,,,,,,,,,,,,
Michigan_MPART_Surface_Water,Unnamed Tributary to Sp | 36-USD-0010,Surface Water,43.142368,-85.730031,2025,6/12/2025,,EPA 8327,,,ng/L,,,,,,,,0.00,,,,,,,0.00,0.00,0.00,,,,1.00,,,,,,,,,,,,,,,,,,,,,,,,,,,,,,,,,
Michigan_MPART_Surface_Water,Little Wolf Creek | 59-LWC-0040,Surface Water,44.755397,-83.785217,2025,9/3/2025,,EPA 8327,,,ng/L,,,,,,,,0.90,,,,,,,0.00,0.00,0.00,,,,0.00,1.50,,,,,,,,,,,,,,,,,,,,,,,,,,,,,,,,
Michigan_MPART_Surface_Water,NA | 51-RRN-0050,Surface Water,42.867163,-82.637997,2025,9/23/2025,,EPA 8327,,,ng/L,,,,,,,,1.50,,,,,,,0.00,0.00,0.00,,2.60,,0.00,,,,,,,,,,,,,,,,,,,,,,,,,,,,,,,,,
Michigan_MPART_Surface_Water,Mill Creek | 24-MC-0050,Surface Water,42.304784,-83.889351,2025,4/19/2025,,EPA 8327,,,ng/L,,,,,,,,0.00,,,,,,,0.00,0.00,0.00,,0.70,,0.60,2.40,,,,,,,,,,,,,,,,,,,,,,,,,,,,,,,,
Michigan_MPART_Surface_Water,Saline River | 48-SR-0230,Surface Water,42.163305,-83.789,2025,6/24/2025,,EPA 8327,,,ng/L,1.10,,,,,,1.00,0.00,,,,,,,0.00,0.00,0.00,,1.70,,1.00,,,,,,,,,,,,,,,,,,,,,1.00,,,,,,,,,,,,
Michigan_MPART_Surface_Water,Rogue River | 36-RR-0020,Surface Water,43.082372,-85.590582,2025,6/12/2025,,EPA 8327,,,ng/L,,,0.40,,,1.30,1.30,0.90,,,,,,,0.00,0.00,0.00,,1.40,,,1.60,,,,,,,,,,,,,,,,,,,,1.30,,,,,,,,,,,,
Michigan_MPART_Surface_Water,Unnamed Tributary to Ru | 36-UUTRC-0010,Surface Water,42.879206,-85.838791,2025,5/19/2025,,EPA 8327,,,ng/L,,1.20,,,,,,0.00,,,,,,,0.00,0.00,0.00,,1.30,,1.10,2.00,,,,,,,,,,0.50,,,,,,,,,,,,,,,,,,,,,,
Michigan_MPART_Surface_Water,Thunder Bay River | 59-TBR-0360,Surface Water,45.002177,-84.143405,2025,9/4/2025,,EPA 8327,,,ng/L,,,,,,,,0.00,,,,,,,0.00,0.00,0.00,,,,0.00,,,,,,,,,,,,,,,,,,,,,,,,,,,,,,,,,
Michigan_MPART_Surface_Water,Truax Creek | 59-TC-0030,Surface Water,45.132964,-83.861083,2025,9/4/2025,,EPA 8327,,,ng/L,,,,,,,,0.00,,,,,,,0.00,0.00,0.00,,,,0.00,2.60,,,,,,,,,,,,,,,,,,,,,,,,,,,,,,,,
Michigan_MPART_Surface_Water,Big Spring Lake | 36-BSL-0010,Surface Water,42.90074,-85.761235,2025,5/19/2025,,EPA 8327,,,ng/L,,,0.60,,,,,1.40,,,,,,,0.00,0.00,0.00,,,,,,,,,,,,,,,0.50,,,,,,,,,,,,,,,,,,,,,,
Michigan_MPART_Surface_Water,Beitner Creek | 10-BTC-0050,Surface Water,44.664395,-85.676547,2025,9/9/2025,,EPA 8327,,,ng/L,,1.50,1.00,,1.10,,1.70,1.10,,,,,,,0.00,0.00,0.00,,,,,,,,,,,,,,,,,,,,,,,,,1.70,,,,,,,,,,,,
Michigan_MPART_Surface_Water,Unnamed Tributary to Ea | 36-UEBRC-0010,Surface Water,42.85633,-85.787433,2025,5/19/2025,,EPA 8327,,,ng/L,1.90,,1.00,,,1.90,,,,,,,,,0.00,0.00,0.00,,,,,,,,,,,,,,,,,,,,,,,,,,,,,,,,,,,,,
Michigan_MPART_Surface_Water,King Creek | 59-KC-0010,Surface Water,45.052719,-83.614173,2025,9/4/2025,,EPA 8327,,,ng/L,,,,,,,,0.00,,,,,,,0.00,0.00,0.00,,,,0.00,,,,,,,,,,,,,,,,,,,,,,,,,,,,,,,,,
Michigan_MPART_Surface_Water,Unnamed Tributary to Bu | 36-UTBC2-0030,Surface Water,42.885038,-85.734194,2025,5/19/2025,,EPA 8327,,,ng/L,,,1.20,,1.00,,,1.70,,,,,,,0.00,0.00,0.00,,,0.90,,,,,,,,,,,,0.40,,,,,,,,,,,0.80,,,,,,,,,,,
Michigan_MPART_Surface_Water,Whitefish River | 56-WFR-0010,Surface Water,45.925359,-86.9457,2025,6/9/2025,,EPA 8327,,,ng/L,,,,,,,,0.00,,,,,,,0.00,0.00,0.00,,1.00,,0.00,1.70,,,,,,,,,,,,,,,,,,,,,,,,,,,,,,,,
Michigan_MPART_Surface_Water,Indian Run | 36-IR-0030,Surface Water,43.307348,-85.881406,2025,6/12/2025,,EPA 8327,,,ng/L,,,,,,,,0.00,,,,,,,0.00,0.00,0.00,,,,0.00,,,,,,,,,,,,,,,,,,,,,,,,,,,,,,,,,
Michigan_MPART_Surface_Water,Thunder Bay River | 59-TBR-0040,Surface Water,45.068134,-83.449535,2025,9/3/2025,,EPA 8327,,,ng/L,,1.10,,,,,,1.20,,,,,,,0.00,0.00,0.00,,,,0.00,,,,,,,,,,,,,,,,,,,,,,,,,,,,,,,,,
Michigan_MPART_Surface_Water,Lake Leelanau | 04-LLL-0030,Surface Water,44.980583,-85.710499,2025,9/11/2025,,EPA 8327,,,ng/L,,,,,,,,0.00,,,,,,,0.00,0.00,0.00,,,,0.00,2.40,,,,,,,,,,,,,,,,,,,,,,,,,,,,,,,,
Michigan_MPART_Surface_Water,Alfalfa Drain | 59-AD-0010,Surface Water,44.98833,-83.727965,2025,9/3/2025,,EPA 8327,,,ng/L,,,,,,,,0.00,,,,,,,0.00,0.00,0.00,,,,0.00,1.70,,,,,,,,,,,,,,,,,,,0.90,,,,,,,,,,,,,
Michigan_MPART_Surface_Water,Thunder Bay River | 59-TBR-0070,Surface Water,45.101115,-83.518657,2025,9/3/2025,,EPA 8327,,,ng/L,,1.40,,,,,,1.20,,,,,,,0.00,0.00,0.00,,,,0.00,,,,,,,,,,,,,,,,,,,,,,,,,,,,,,,,,
Michigan_MPART_Surface_Water,Intermediate River | 10-IR-0160,Surface Water,45.163137,-85.218667,2025,9/9/2025,,EPA 8327,,,ng/L,,,,,,,,0.00,,,,,,,0.00,0.00,0.00,,,,0.00,2.50,,,,,,,,,,,,,,,,,,,,,,,,,,,,,,,,
Michigan_MPART_Surface_Water,Lake Charlevoix | 10-LC-0010,Surface Water,45.216251,-85.016502,2025,9/9/2025,,EPA 8327,,,ng/L,,,,,,,,0.80,,,,,,,0.00,0.00,0.00,,,,0.00,1.50,,,,,,,,,,,,,,,,,,,,,,,,,,,,,,,,
Michigan_MPART_Surface_Water,Brownlee Lake | 02-BLL-0010,Surface Water,44.68762,-83.412352,2025,9/5/2025,,EPA 8327,,,ng/L,,,1.00,,,1.80,,1.80,,,,,,,0.00,0.00,0.00,,,,,,,,,,,,,,,,,,,,,,,,,,,,,,,,,,,,,
Michigan_MPART_Surface_Water,Lake Charlevoix | 10-LC-0060,Surface Water,45.155917,-85.137775,2025,9/9/2025,,EPA 8327,,,ng/L,,,,,,,,0.00,,,,,,,0.00,0.00,0.00,,,,0.00,1.50,,,,,,,,,,,,,,,,,,,,,,,,,,,,,,,,
Michigan_MPART_Surface_Water,Saline River | 48-SR-0210,Surface Water,42.158417,-83.780978,2025,5/27/2025,,EPA 8327,,,ng/L,,1.20,,,,,0.90,0.00,,,,,,,0.00,0.00,0.00,,,,0.90,2.40,,,,,,,,,,,,,,,,,,,,0.90,,,,,,,,,,,,
Michigan_MPART_Surface_Water,Sand Lake Inlet | 36-SLI-0010,Surface Water,43.301526,-85.529479,2025,6/12/2025,,EPA 8327,,,ng/L,1.20,,,,,,,0.00,,,,,,,0.00,0.00,0.00,,,,1.50,6.00,,,,,,,,,,,,,,,,,,,,,,,0.60,0.40,,,,,,,,0.40
Michigan_MPART_Surface_Water,NA | 51-UBNC3-0010,Surface Water,42.939881,-82.481185,2025,9/23/2025,,EPA 8327,,,ng/L,,,1.80,,,,,,,,,,,,0.00,0.00,0.00,,,,,,,,,,,,,,,,,,,,,,,,,,,,,,,,,,,,,
Michigan_MPART_Surface_Water,McCollum Lake | 59-MCL-0010,Surface Water,44.771055,-83.899983,2025,9/3/2025,,EPA 8327,,,ng/L,,1.30,0.40,,,,0.90,1.50,,,,,,,0.00,0.00,0.00,,,,0.00,,,,,,,,,,,,,,,,,,,,,0.90,,,,,,,,,,,,
Michigan_MPART_Surface_Water,NA | 51-SPN-0090,Surface Water,42.99012,-82.745435,2025,9/22/2025,,EPA 8327,,,ng/L,1.80,,0.40,,,,1.70,0.90,,,,,,,0.00,0.00,0.00,,0.50,,0.00,,,,,,,,,,,,,,,,,,,,,1.70,,,,,,,,,,,,
Michigan_MPART_Surface_Water,Lake Charlevoix | 10-LC-0020,Surface Water,45.155347,-85.129323,2025,9/9/2025,,EPA 8327,,,ng/L,,,1.10,,,,,0.00,,,,,,,0.00,0.00,0.00,,,,1.20,1.60,,,,,,,,,,,,,,,,,,,,,,,,,,,,,,,,
Michigan_MPART_Surface_Water,Thunder Bay River | 59-TBR-0250,Surface Water,45.062857,-83.900732,2025,9/4/2025,,EPA 8327,,,ng/L,,1.60,,,,,,1.40,,,,,,,0.00,0.00,0.00,,,,0.00,,,,,,,,,,,,,,,,,,,,,,,,,,,,,,,,,
Michigan_MPART_Surface_Water,South Homer Road Drain | 47-SHRD-0010,Surface Water,43.604291,-84.330728,2025,4/21/2025,,EPA 8327,,,ng/L,0.60,1.20,,,,,1.20,0.00,,,,,,,0.00,0.00,0.00,,1.70,,1.50,1.80,,,,,,,,,,,,,,,,,,,,1.20,,,,,,,,,,,,
Michigan_MPART_Surface_Water,Beaver Lake | 59-BVL-0010,Surface Water,44.930514,-83.794634,2025,9/3/2025,,EPA 8327,,,ng/L,,,0.40,,,,,1.20,,,,,,,0.00,0.00,0.00,,,,0.00,2.60,,,,,,,,,,,,,,,,,,,,,,,,,,,,,,,,
Michigan_MPART_Surface_Water,Bar Lake | 04-BRL-0010,Surface Water,44.295373,-86.307871,2025,9/11/2025,,EPA 8327,,,ng/L,1.00,1.70,0.40,,,,1.20,1.00,,,,,,,0.00,0.00,0.00,,,,1.30,,,,,,,,,,,,,,,,,,,,,1.20,,,,,,,,,,,,
Michigan_MPART_Surface_Water,NA | 51-PN-0290,Surface Water,43.020896,-82.762151,2025,9/22/2025,,EPA 8327,,,ng/L,0.90,,,,,,0.90,0.00,,,,,,,0.00,0.00,0.00,,1.30,,0.00,2.40,,,,,,,,,,,,,,,,,,,,0.90,,,,,,,,,,,,
Michigan_MPART_Surface_Water,Lake Skegemog | 10-LSK-0010,Surface Water,44.802102,-85.335642,2025,9/10/2025,,EPA 8327,,,ng/L,,,,,,,,0.00,,,,,,,0.00,0.00,0.00,,,,0.00,,,,,,,,,,,,,,,,,,,,,,,,,,,,,,,,,
Michigan_MPART_Surface_Water,Lake Leelanau | 04-LLL-0010,Surface Water,44.877646,-85.694992,2025,9/11/2025,,EPA 8327,,,ng/L,,,,,,,,0.00,,,,,,,0.00,0.00,0.00,,,,0.00,2.30,,,,,,,,,,,,,,,,,,,,,,,,,,,,,,,,
Michigan_MPART_Surface_Water,Jackson Creek | 10-JSC-0060,Surface Water,44.555708,-85.475052,2025,9/9/2025,,EPA 8327,,,ng/L,,,,,,,,0.00,,,,,,,0.00,0.00,0.00,,,,0.00,,,,,,,,,,,,,,,,,,,,,,,,,,,,,,,,,
Michigan_MPART_Surface_Water,Wolf Creek | 59-WC-0020,Surface Water,44.956483,-83.627443,2025,9/3/2025,,EPA 8327,,,ng/L,,,,,,,,1.00,,,,,,,0.00,0.00,0.00,,,,0.00,2.70,,,,,,,,,,,,,,,,,,,,,,,,,,,,,,,,
Michigan_MPART_Surface_Water,Lake Mitchel | 42-LMT-0020,Surface Water,44.233779,-85.502821,2025,5/29/2025,,EPA 8327,,,ng/L,,,,,,,,0.90,,,,,,,0.00,0.00,0.00,,,,0.00,,,,,,,,,,,,,,,,,,,,,,,,,,,,,,,,,
Michigan_MPART_Surface_Water,Rogue River | 36-RR-0060,Surface Water,43.137541,-85.555807,2025,6/12/2025,,EPA 8327,,,ng/L,,,,,,2.00,0.80,0.80,,,,,,,0.00,0.00,0.00,,1.10,,,1.50,,,,,,,,,,,,,,,,,,,,0.80,,,,,,,,,,,,
Michigan_MPART_Surface_Water,NA | 51-BGC-0010,Surface Water,42.948029,-82.560928,2025,9/22/2025,,EPA 8327,,,ng/L,,,1.10,,,,,,,,,,,,0.00,0.00,0.00,,,,,,,,,,,,,,,,,,,,,,,,,,,,,,,,,,,,,
Michigan_MPART_Surface_Water,Arbor Lake | 36-AL-0010,Surface Water,42.910999,-85.727311,2025,5/19/2025,,EPA 8327,,,ng/L,,,0.80,,,,,,,,,,,,0.00,0.00,0.00,,,,,,,,,,,,,,,,,,,,,,,,,,,,,,,,,,,,,
Michigan_MPART_Surface_Water,Lower South Branch Thun | 59-LSTBR-0030,Surface Water,45.01194,-83.55741,2025,9/4/2025,,EPA 8327,,,ng/L,,,,,,,,0.00,,,,,,,0.00,0.00,0.00,,,,0.00,3.50,,,,,,,,,,,,,,,,,,,,,,,,,,,,,,,,
Michigan_MPART_Surface_Water,Thunder Bay River | 59-TBR-0030,Surface Water,45.071241,-83.43805,2025,9/3/2025,,EPA 8327,,,ng/L,,1.20,,,,,,0.80,,,,,,,0.00,0.00,0.00,,,,0.00,,,,,,,,,,,,,,,,,,,,,,,,,,,,,,,,,
Michigan_MPART_Surface_Water,Preserve Creek | 10-PC-0010,Surface Water,45.623345,-85.073806,2025,9/9/2025,,EPA 8327,,,ng/L,,,,,,,,0.00,,,,,,,0.00,0.00,0.00,,,,0.00,2.10,,,,,,,,,,,,,,,,,,,,,,,0.60,,,,,,,,,
Michigan_MPART_Surface_Water,Carpenter Creek | 10-CC-0030,Surface Water,44.645538,-85.397684,2025,9/9/2025,,EPA 8327,,,ng/L,,,,,,,,0.00,,,,,,,0.00,0.00,0.00,,,,0.00,,,,,,,,,,,,,,,,,,,,,,,,,,,,,,,,,
Michigan_MPART_Surface_Water,Riverside Park Pond | 36-RPP-0010,Surface Water,43.007273,-85.668943,2025,5/19/2025,,EPA 8327,,,ng/L,,1.40,0.50,,,,,1.00,,,,,,,0.00,0.00,0.00,,,,1.30,2.70,,,,,,,,,,,,,,,,,,,,,,,,,,,,,,,,
Michigan_MPART_Surface_Water,NA | 51-UBNC2-0010,Surface Water,42.935689,-82.481,2025,9/23/2025,,EPA 8327,,,ng/L,,,,,,1.30,,,,,,,,,0.00,0.00,0.00,,,,,,,,,,,,,,,0.70,,,,,,,,,,,,,,,,,,,,,,
Michigan_MPART_Surface_Water,Carp River | 10-CRP-0020,Surface Water,45.7239,-84.830404,2025,9/9/2025,,EPA 8327,,,ng/L,,1.50,,,,,,1.60,,,,,,,0.00,0.00,0.00,,,,0.00,,,,,,,,,,,,,,,,,,,,0.90,,,,,,,,,,,,,
Michigan_MPART_Surface_Water,Elk Lake | 10-EL-0040,Surface Water,44.853141,-85.367549,2025,9/10/2025,,EPA 8327,,,ng/L,,,,,,,,0.00,,,,,,,0.00,0.00,0.00,,,,0.00,1.30,,,,,,,,,,,,,,,,,,,,,,,,,,,,,,,,
Michigan_MPART_Surface_Water,NA | 51-CD-0020,Surface Water,42.802112,-82.51637,2025,9/23/2025,,EPA 8327,,,ng/L,,,0.50,,,0.90,,,,,,,,,0.00,0.00,0.00,,,,1.80,,,,,,,,,,,0.70,,,,,,,,,,,,,,,,,,,,,,
Michigan_MPART_Surface_Water,NA | 51-BNC-0060,Surface Water,42.943989,-82.47508,2025,9/23/2025,,EPA 8327,,,ng/L,,,,,,,,,,,,,,,0.00,,0.00,,,0.90,,,,,,,,,,,,1.30,,,,,,,,,,,0.50,,,1.20,1.30,,,,,,,1.20
Michigan_MPART_Surface_Water,Silver Lake | 10-SL-0010,Surface Water,44.701528,-85.680126,2025,9/9/2025,,EPA 8327,,,ng/L,,,1.20,,1.10,1.10,,1.90,,,,,,,0.00,0.00,0.00,,,,,,,,,,,,,,,,,,,,,,,,,,,,,,,,,,,,,
Michigan_MPART_Surface_Water,Northland Lake | 36-NLL-0010,Surface Water,43.059802,-85.581419,2025,6/12/2025,,EPA 8327,,,ng/L,,,,,4.00,,,1.80,,,,,,,0.00,0.00,0.00,,,4.30,,,,,,,,,,,,,,,,,,,,,,,,,,,,,,,,,,
Michigan_MPART_Surface_Water,Betsie Lake | 04-BL-0010,Surface Water,44.620334,-86.221555,2025,9/11/2025,,EPA 8327,,,ng/L,,,,,,,,0.00,,,,,,,0.00,0.00,0.00,,,,0.00,,,,,,,,,,,,,,,,,,,,,,,,,,,,,,,,,
Michigan_MPART_Surface_Water,South Branch Boardman R | 10-SBDR-0050,Surface Water,44.649613,-85.291548,2025,9/9/2025,,EPA 8327,,,ng/L,,,,,,,,0.00,,,,,,,0.00,0.00,0.00,,,,0.00,,,,,,,,,,,,,,,,,,,,,,,,,,,,,,,,,
Michigan_MPART_Surface_Water,Cedar Creek | 36-CDC-0010,Surface Water,43.156197,-85.602867,2025,6/12/2025,,EPA 8327,,,ng/L,1.30,1.20,0.40,,,,,0.00,,,,,,,0.00,0.00,0.00,,,,,1.10,,,,,,,,,,,,,,,,,,,,,,,,,,,,,,,,
Michigan_MPART_Surface_Water,Saline River | 48-SR-0230,Surface Water,42.163305,-83.789,2025,5/27/2025,,EPA 8327,,,ng/L,,,,,,,0.90,0.00,,,,1.00,,,0.00,0.00,0.00,,1.00,,1.20,2.80,,,,,,,,,,,,,,,,,,,,0.90,,,,0.40,,,,,,,,0.40
Michigan_MPART_Surface_Water,Freska Lake | 36-FL-0010,Surface Water,43.11220801,-85.63637764,2025,7/17/2025,,EPA 8327,,,ng/L,1.60,,,,,,,1.00,,,,,,,0.00,0.00,0.00,,1.50,,4.70,4.10,,,,,,,,,,,,,,,,,,,,,,,,,,,,,,,,
Michigan_MPART_Surface_Water,Lower Herring Lake | 04-LHL-0010,Surface Water,44.570845,-86.209051,2025,9/11/2025,,EPA 8327,,,ng/L,,,,,,,,0.00,,,,,,,0.00,0.00,0.00,,,,0.00,2.40,,,,,,,,,,,,,1.10,,,,,,,,,,,,,,,,,,,
Michigan_MPART_Surface_Water,Unnamed Tributary to Se | 36-USLC2-0010,Surface Water,43.071586,-85.312473,2025,6/12/2025,,EPA 8327,,,ng/L,1.30,1.10,,,,,,0.90,,,,,,,0.00,0.00,0.00,,0.90,,0.00,3.20,,,,,,,,,,,,,,,,,,,,,,,,,,,,,,,,
Michigan_MPART_Surface_Water,Little Cedar Creek | 36-LCDC-0100,Surface Water,43.201931,-85.551124,2025,6/12/2025,,EPA 8327,,,ng/L,,,,,,,,0.00,,,,,,,0.00,0.00,0.00,,,,0.00,,,,,,,,,,,,,,,,,,,,,,,,,,,,,,,,,
Michigan_MPART_Surface_Water,Sucker Creek | 59-SC-0020,Surface Water,44.756093,-83.494216,2025,9/3/2025,,EPA 8327,,,ng/L,,,,,,,,0.90,,,,,,,0.00,0.00,0.00,,,,0.00,,,,,,,,,,,,,,,,,,,,,,,,,,,,,,,,,
Michigan_MPART_Surface_Water,Grand Rapids Railroad P | 36-GRRP-0010,Surface Water,42.932634,-85.723871,2025,5/19/2025,,EPA 8327,,,ng/L,,,0.80,,1.10,1.90,,1.40,,,,,,,0.00,0.00,0.00,,,,,3.40,,,,,,,,,,0.50,,,,,,1.00,,,,,,,,,,,,,,,,
Michigan_MPART_Surface_Water,NA | 51-HLD-0020,Surface Water,42.888253,-82.598746,2025,9/23/2025,,EPA 8327,,,ng/L,,,0.40,,,1.30,,,,,,,,,0.00,0.00,0.00,,,,1.60,,,,,,,,,,,,,,,,,,,,,,,,,,0.50,,,,,,,
Michigan_MPART_Surface_Water,NA | 51-QBD-0030,Surface Water,43.031781,-82.710396,2025,9/22/2025,,EPA 8327,,,ng/L,1.50,1.40,,,,,1.10,0.80,,,,,,,0.00,0.00,0.00,,0.50,,0.00,,,,,,,,,,,,,,,,,,,,,1.10,,,,,,,,,,,,
Michigan_MPART_Surface_Water,Brown Creek | 10-BC-0060,Surface Water,45.162983,-85.114264,2025,9/9/2025,,EPA 8327,,,ng/L,,,,,,,,0.00,,,,,,,0.00,0.00,0.00,,,,0.00,,,,,,,,,,,,,,,,,,,,,,,,,,,,,,,,,
Michigan_MPART_Surface_Water,Walloon Lake | 10-WL-0040,Surface Water,45.277451,-84.995659,2025,9/9/2025,,EPA 8327,,,ng/L,,1.40,0.40,,,,,0.90,,,,,,,0.00,0.00,0.00,,,,0.00,2.40,,,,,,,,,,,,,,,,,,,,,,,,,,,,,,,,
Michigan_MPART_Surface_Water,NA | 51-LD-0020,Surface Water,42.989917,-82.977187,2025,9/22/2025,,EPA 8327,,,ng/L,,,0.70,1.10,,0.90,,,,,,,,,0.00,0.00,0.00,,2.80,,,,,,,,,,,,,,,,,,,,,,,,,,,,,,,,,,,
Michigan_MPART_Surface_Water,Fall Creek | 59-FC-0020,Surface Water,45.10989,-83.512482,2025,9/3/2025,,EPA 8327,,,ng/L,,1.70,,,,,1.00,1.20,,,,,,,0.00,0.00,0.00,,,,0.00,,,,,,,,,,,,,,,,,,,,,1.00,,,,,,,,,,,,
Michigan_MPART_Surface_Water,Horton Creek | 10-HC-0010,Surface Water,45.283027,-85.08761,2025,9/10/2025,,EPA 8327,,,ng/L,,,,,,,,0.00,,,,,,,0.00,0.00,0.00,,,,0.00,,,,,,,,,,,,,,,,,,,,,,,,,,,,,,,,,
Michigan_MPART_Surface_Water,NA | 51-BLR-0360,Surface Water,42.976872,-83.064986,2025,9/22/2025,,EPA 8327,,,ng/L,,,,,,,,0.00,,,,,,,0.00,0.00,0.00,,,,0.00,,,,,,,,,,,,,,,,,,,,,,,,,,,,,,,,,
Michigan_MPART_Surface_Water,NA | 51-BD-0020,Surface Water,42.738619,-82.510692,2025,9/23/2025,,EPA 8327,,,ng/L,,,0.50,1.70,1.10,,1.90,0.00,,,,,,,0.00,0.00,0.00,,,,0.90,3.20,,,,,,,,,,,,,,,,,,,,1.90,,,,,,,,,,,,
Michigan_MPART_Surface_Water,Nugent Creek | 59-NGC-0020,Surface Water,44.913762,-84.040201,2025,9/3/2025,,EPA 8327,,,ng/L,,,,,,,,0.00,,,,,,,0.00,0.00,0.00,,,,0.00,,,,,,,,,,,,,,,,,,,,,,,,,,,,,,,,,
Michigan_MPART_Surface_Water,South Mino-kwe Creek | 56-SMKC-0010,Surface Water,45.789452,-86.9761,2025,6/9/2025,,EPA 8327,,,ng/L,,,,,,,,0.00,,,,,,,0.00,0.00,0.00,,1.60,,0.00,,,,,,,,,,,,,,,,,,,,,,,,,,,,,,,,,
Michigan_MPART_Surface_Water,NA | 51-UAPD-0010,Surface Water,42.935292,-82.761777,2025,9/23/2025,,EPA 8327,,,ng/L,,1.20,,,,,0.90,0.90,,,,,,,0.00,0.00,0.00,,,,0.00,,,,,,,,,,,,,,,,,,,,,0.90,,,,,,,,,,,,
Michigan_MPART_Surface_Water,Chadwick Creek | 59-CWC-0010,Surface Water,44.949374,-84.146055,2025,9/3/2025,,EPA 8327,,,ng/L,,,,,,,,0.00,,,,,,,0.00,0.00,0.00,,,,0.00,2.40,,,,,,,,,,,,,,,,,,,,,,,,,,,,,,,,
Michigan_MPART_Surface_Water,Mitchell State Park Cre | 42-MSPC-0010,Surface Water,44.244469,-85.444775,2025,5/29/2025,,EPA 8327,,,ng/L,,1.70,0.50,,,,0.80,1.30,,,,,,,0.00,1.30,0.90,,,,1.10,,,,,,,,,,,,,,,,,,,,,0.80,,,,,,,,,,,,
Michigan_MPART_Surface_Water,Sand Creek | 42-SDC-0010,Surface Water,43.336566,-85.86449,2025,6/12/2025,,EPA 8327,,,ng/L,,,,,,,,0.00,,,,,,,0.00,0.00,0.00,,,,0.00,0.40,,,,,,,,,,,,,,,,,,,,,,,,,,,,,,,,
Michigan_MPART_Surface_Water,Davis Creek | 25-DC-0060,Surface Water,42.250557,-85.534416,2025,5/16/2025,,EPA 8327,,,ng/L,,,0.60,,,,1.70,1.30,,,,,,,0.00,0.00,0.40,,,0.60,1.20,3.00,,,,,,,,,,,,,,,,,,,,1.70,,,,,,,,,,,,
Michigan_MPART_Surface_Water,McCormick Lake | 59-MKL-0010,Surface Water,44.955553,-84.252946,2025,9/3/2025,,EPA 8327,,,ng/L,,,,,,,,0.00,,,,,,,0.00,0.00,0.00,,,,0.00,,,,,,,,,,,,,,,,,,,,,,,,,,,,,,,,,
Michigan_MPART_Surface_Water,Lee Pond | 36-LP-0010,Surface Water,42.917004,-85.734379,2025,5/19/2025,,EPA 8327,,,ng/L,,,0.80,,,1.10,,1.50,,,,3.30,,,0.00,0.00,0.00,,,,,2.30,,,,,,,,,,0.50,,,,,,,,,,,,,,,,,,,,,,
Michigan_MPART_Surface_Water,NA | 51-AC-0010,Surface Water,42.882871,-82.768171,2025,9/23/2025,,EPA 8327,,,ng/L,1.00,1.90,0.60,,,,1.50,0.00,,,,,,,0.00,0.00,0.00,,,,0.00,2.10,,,,,,,,,,,,,,,,,,,,1.50,0.40,,,,0.70,,,,,,,
Michigan_MPART_Surface_Water,Lake Cadillac | 42-LC-0020,Surface Water,44.239056,-85.450169,2025,5/29/2025,,EPA 8327,,,ng/L,,,0.50,,,,,0.80,,,,,,,0.00,0.00,0.00,,,,0.00,,,,,,,,,,,,,,,,,,,,,,,,,,,,,,,,,
Michigan_MPART_Surface_Water,South Lake Outlet | 48-STLO-0010,Surface Water,42.038226,-84.276385,2025,5/27/2025,,EPA 8327,,,ng/L,,,,,,,,0.00,,,,1.00,,,0.00,0.00,0.00,,,,0.00,1.90,,,,,,,,,,,,,,,,,,,,,,,,,,,,,,,,
Michigan_MPART_Surface_Water,NA | 51-PN-0030,Surface Water,42.811419,-82.500456,2025,9/23/2025,,EPA 8327,,,ng/L,,,1.10,1.00,1.10,1.30,,,,,,,,,0.00,0.00,0.00,,,,,,,,,,,,,,,,,,,,,,,,,,,,,,,,,,,,,
Michigan_MPART_Surface_Water,NA | 51-PN-0190,Surface Water,42.991425,-82.613019,2025,9/22/2025,,EPA 8327,,,ng/L,1.00,,,,,,0.80,0.00,,,,,,,0.00,0.00,0.00,,1.00,,0.00,1.60,,,,,,,,,,,,,,,,,,,,0.80,,,,,,,,,,,,
Michigan_MPART_Surface_Water,NA | 51-PN-0080,Surface Water,42.871558,-82.557648,2025,9/23/2025,,EPA 8327,,,ng/L,,,0.40,,,,,,,,,,,,0.00,0.00,0.00,,,,1.00,,,,,,,,,,,,,,,,,,,,,,,,,,,,,,,,,
Michigan_MPART_Surface_Water,Fivemile Creek | 10-FMC-0010,Surface Water,45.465707,-85.07521,2025,9/9/2025,,EPA 8327,,,ng/L,,,,,,,,0.00,,,,,,,0.00,0.00,0.00,,,,0.00,,,,,,,,,,,,,,,,,,,,,,,,,,,,,,,,,
Michigan_MPART_Surface_Water,Rogue River Park Pond | 36-RRPP-0010,Surface Water,43.078679,-85.603222,2025,6/12/2025,,EPA 8327,,,ng/L,,,,,,1.30,1.00,0.90,,,,,,,0.00,0.00,0.00,,,,,1.00,,,,,,,,,,,,,,,,,,,,1.00,,,,,,,,,,,,
Michigan_MPART_Surface_Water,Crystal Run | 04-CR-0020,Surface Water,44.90864,-85.973181,2025,9/11/2025,,EPA 8327,,,ng/L,,,,,,,,0.80,,,,,,,0.00,0.00,0.00,,,,0.00,1.30,,,,,,,,,,,,,,,,,,,,,,,,,,,,,,,,
Michigan_MPART_Surface_Water,Lincoln Lake | 02-LL-0010,Surface Water,44.682325,-83.424151,2025,9/5/2025,,EPA 8327,,,ng/L,1.80,1.40,0.50,,,,,1.70,,,,,,,0.00,0.00,0.00,,1.50,,1.30,,,,,,,,,,,,,,,,,,,,,,,,,,,,,,,,,
Michigan_MPART_Surface_Water,Rapid River | 56-RR-0010,Surface Water,45.926565,-86.9636,2025,6/9/2025,,EPA 8327,,,ng/L,,,,,,,,0.00,,,,,,,0.00,0.00,0.00,,1.50,,0.00,,,,,,,,,,,,,,,,,,,,,,,,,,,,,,,,,
Michigan_MPART_Surface_Water,Dice Drain | 47-DD-0035,Surface Water,43.602713,-84.337799,2025,4/21/2025,,EPA 8327,,,ng/L,,,,,,1.80,,1.50,,,,,,,0.00,0.00,0.00,,,0.50,,,,,,,,,,,,,,,,,,,,,,,,,,,,,,,,,,
Michigan_MPART_Surface_Water,Nash Creek | 36-NC-0020,Surface Water,43.161543,-85.702885,2025,6/12/2025,,EPA 8327,,,ng/L,1.40,1.20,,,,,,0.00,,,,,,,0.00,0.00,0.00,,,,1.50,1.10,,,,,,,,,,,,,,,,,,,,,,,,,,,,,,,,
Michigan_MPART_Surface_Water,West Branch River | 59-WBR-0010,Surface Water,44.75881,-83.568623,2025,9/3/2025,,EPA 8327,,,ng/L,,,,,,,,1.10,,,,,,,0.00,0.00,0.00,,,,0.00,3.20,,,,,,,,,,,,,,,,,,,,,,,,,,,,,,,,
Michigan_MPART_Surface_Water,Crockery Creek | 36-CC-0200,Surface Water,43.294849,-85.850134,2025,6/12/2025,,EPA 8327,,,ng/L,,,,,,,,0.00,,,,,,,0.00,0.00,0.00,,,,0.00,,,,,,,,,,,,,,,,,,,,,,,,,,,,,,,,,
Michigan_MPART_Surface_Water,North Branch Thunder Ba | 59-NTBR-0180,Surface Water,45.179002,-83.923117,2025,9/4/2025,,EPA 8327,,,ng/L,,,,,,,,1.00,,,,,,,0.00,0.00,0.00,,,,0.00,2.50,,,,,,,,,,,,,,,,,,,,,,,,,,,,,,,,
Michigan_MPART_Surface_Water,NA | 51-UDWD-0010,Surface Water,42.875783,-82.638512,2025,9/23/2025,,EPA 8327,,,ng/L,,,1.00,,1.00,1.00,,,1.20,,,,,,0.00,0.00,0.00,,,,,,,,,,,,,,,,,,,,,,,,,,,,,,,,,,,,,
Michigan_MPART_Surface_Water,NA | 51-PN-0170,Surface Water,42.968819,-82.619444,2025,9/22/2025,,EPA 8327,,,ng/L,1.20,,,,,,1.30,0.00,,,,,,,0.00,0.00,0.00,,1.40,,0.00,1.90,,,,,,,,,,,,,,,,,,,,1.30,,,,,,,,,,,,
Michigan_MPART_Surface_Water,Quinn Creek | 59-QC-0040,Surface Water,45.259594,-83.872756,2025,9/4/2025,,EPA 8327,,,ng/L,,,,,,,,0.80,,,,,,,0.00,0.00,0.00,,,,0.00,,,,,,,,,,,,,,,,,,,,,,,,,,,,,,,,,
Michigan_MPART_Surface_Water,Crooked Creek | 59-CRC-0040,Surface Water,44.977247,-84.153477,2025,9/3/2025,,EPA 8327,,,ng/L,,,,,,,,0.00,,,,,,,0.00,0.00,0.00,,,,0.00,,,,,,,,,,,,,,,,,,,,,,,,,,,,,,,,,
Michigan_MPART_Surface_Water,Unnamed Tributary to Bu | 36-UUTBC1-0100,Surface Water,42.876803,-85.655734,2025,5/19/2025,,EPA 8327,,,ng/L,,,1.50,,,,,,,,,,,,0.00,0.00,0.00,,,,,,,,,,,,,,,0.50,,,,,,,,,,,,,,,,,,,,,,
Michigan_MPART_Surface_Water,Grass Lake | 59-GL-0010,Surface Water,45.121674,-84.032675,2025,9/4/2025,,EPA 8327,,,ng/L,,,,,,,,0.00,,,,,,,0.00,0.00,0.00,,,,0.00,2.00,,,,,,,,,,,,,,,,,,,,,,,,,,,,,,,,
Michigan_MPART_Surface_Water,Indian Spring Lake | 36-ISL-0010,Surface Water,42.902265,-85.768206,2025,5/19/2025,,EPA 8327,,,ng/L,,,0.80,,0.80,1.70,,1.80,,,,,,,0.00,0.00,0.00,,,,,3.70,,,,,,,,,,0.50,,,,,,,,,,,,,,,,,,,,,,
Michigan_MPART_Surface_Water,Sterling State Park Lak | 48-SSPL-0010,Surface Water,41.906028,-83.339243,2025,5/27/2025,,EPA 8327,,,ng/L,1.80,1.80,,,,1.10,1.90,1.10,,,,,,,0.00,0.00,0.00,,1.30,,0.70,2.30,,,,,,,,,,,,,,,,,,,,1.90,,,,,,,,,,,,
Michigan_MPART_Surface_Water,Durgey Creek | 07-DGC-0020,Surface Water,45.279967,-84.227102,2025,9/9/2025,,EPA 8327,,,ng/L,0.90,,,,,,,1.50,,,,,,,0.00,0.00,0.00,,,,1.10,,,,,,,,,,,,,,,,,,,,,,,,,,,,,,,,,
Michigan_MPART_Surface_Water,Wyoming Railroad Pond | 36-WRP-0010,Surface Water,42.931092,-85.727816,2025,5/19/2025,,EPA 8327,,,ng/L,,,0.60,,1.00,1.20,,1.50,,,,,,,0.00,0.00,0.00,,,,,2.80,,,,,,,,,,0.50,,,,,,1.00,,,,,,,,,0.80,,,,,,,
Michigan_MPART_Surface_Water,Reeds Lake | 36-RDL-0010,Surface Water,42.951851,-85.611313,2025,5/19/2025,,EPA 8327,,,ng/L,,,,,1.00,0.80,,1.70,,,,,,,0.00,0.00,0.00,,,,,,,,,,,,,,,,,,,,,,,,,,,,,,,,,,,,,
Michigan_MPART_Surface_Water,NA | 51-BLR-0160,Surface Water,42.851216,-82.722967,2025,9/23/2025,,EPA 8327,,,ng/L,,,0.50,,,,1.00,0.80,,,,,,,0.00,0.00,0.00,,1.00,,0.00,2.60,,,,,,,,,,,,,,,,,,,,1.00,,,,,,,,,,,,
Michigan_MPART_Surface_Water,Dice Drain | 47-DD-0020,Surface Water,43.607118,-84.32181,2025,4/21/2025,,EPA 8327,,,ng/L,,,0.80,,,,,,,,,1.60,,,0.00,0.00,0.00,,,0.80,,4.00,,,,,,,,,,,,,,,,,,,,,,,,,,,,,,,,
Michigan_MPART_Surface_Water,Hubbard Lake | 59-HL-0010,Surface Water,44.855474,-83.592768,2025,9/3/2025,,EPA 8327,,,ng/L,,,,,,,,1.00,,,,,,,0.00,0.00,0.00,,,,0.00,2.90,,,,,,,,,,,,,,,,,,,,,,,,,,,,,,,,
Michigan_MPART_Surface_Water,Lake Ann | 04-LA-0010,Surface Water,44.715514,-85.862162,2025,9/11/2025,,EPA 8327,,,ng/L,,,,,,,,0.00,,,,,,,0.00,0.00,0.00,,,,0.00,1.40,,,,,,,,,,,,,,,,,,,,,,,,,,,,,,,,
Michigan_MPART_Surface_Water,NA | 51-HD-0010,Surface Water,42.772525,-82.517129,2025,9/23/2025,,EPA 8327,,,ng/L,,1.60,0.50,,1.00,,,1.50,,,,,,,0.00,0.00,0.00,,2.60,,1.10,,,,,,,,,,,,,,,,,,,,0.90,,,,,,,,,,,,,
Michigan_MPART_Surface_Water,Inwood Creek | 10-IC-0030,Surface Water,45.269453,-85.340402,2025,9/10/2025,,EPA 8327,,,ng/L,,,,,,,,1.20,,,,,,,0.00,0.00,0.00,,,,0.00,,,,,,,,,,,,,,,,,,,,,,,,,,,,,,,,,
Michigan_MPART_Surface_Water,Lake Huron - Thunder Ba | 30-TB-0050,Surface Water,45.030536,-83.452661,2025,9/3/2025,,EPA 8327,,,ng/L,1.10,1.70,,,,,1.00,0.00,,,,,,,0.00,0.00,0.00,,1.10,,0.00,1.60,,,,,,,,,,,,,,,,,,,,1.00,,,,,,,,,,,,
Michigan_MPART_Surface_Water,Long Lake | 04-LL-0010,Surface Water,44.724351,-85.764164,2025,9/11/2025,,EPA 8327,,,ng/L,,,1.10,,,,,1.50,,,,,,,0.00,0.00,0.00,,1.10,,0.00,,,,,,,,,,,,,,,,,,,,,,,,,,,,,,,,,
Michigan_MPART_Surface_Water,Elk Lake | 10-EL-0030,Surface Water,44.815969,-85.384705,2025,9/10/2025,,EPA 8327,,,ng/L,,,,,,,,0.00,,,,,,,0.00,0.00,0.00,,,,0.00,,,,,,,,,,,,,,,,,,,,,,,,,,,,,,,,,
Michigan_MPART_Surface_Water,NA | 51-BLR-0050,Surface Water,42.768075,-82.512082,2025,9/23/2025,,EPA 8327,,,ng/L,0.90,,0.50,,,,,0.00,,,,,,,0.00,0.00,0.00,,1.40,,1.00,2.50,,,,,,,,,,,,,,,,,,,,,,,,,,,,,,,,
Michigan_MPART_Surface_Water,Lake Monroe | 48-LM-0010,Surface Water,41.897201,-83.398676,2025,5/27/2025,,EPA 8327,,,ng/L,,,0.50,,,,1.90,1.20,,,,1.00,,,0.00,0.00,0.00,,,,1.30,2.90,,,,,,,,,,,,,,,,,,,,1.90,,,,,,,,,,,,
Michigan_MPART_Surface_Water,Unnamed Tributary to Ce | 10-UCDR1-0010,Surface Water,44.979361,-85.193448,2025,9/9/2025,,EPA 8327,,,ng/L,,,,,,,,0.00,,,,,,,0.00,0.00,0.00,,,,0.00,2.10,,,,,,,,,,,,,,,,,,,,,,,,,,,,,,,,
Michigan_MPART_Surface_Water,Avalon Lake | 59-AL-0010,Surface Water,45.104328,-83.945428,2025,9/4/2025,,EPA 8327,,,ng/L,,,,,,,,0.00,,,,,,,0.00,0.00,0.00,,,,0.00,,,,,,,,,,,,,,,,,,,,,,,,,,,,,,,,,
