Article (Author et al YYYY),Sample Name,Sample Type,Latitude (Decimal),Longitude (Decimal),Sample Date (MM/DD/YYY),Sample Time,Analysis Method,PFOS,PFOA,FBSA,PFDA,PFNA,PFHxS,PFHxA,PFHpA,PFHpS,GenX,4:2 FTS,6:2 FTS,8:2 FTS,10:2 FTS,3:3 FTCA,5:3 FTCA,7:3 FTCA,PFPA,PFPeA,PFPeS,PFBS,PFBA,PFMOPrA,PFMOBA,PFMOAA,PFO2HxA,PFO3OA,PFO4DA,PFESA BP 1,PFESA BP 2,PFDoS,PFUnDA,FOSAA,N-MeFOSE,NMeFOSAA,NMeFOSA,N-EtFOSE,NEtFOSAA,N-EtFOSA,PFDS,PFTeDA,PFHxDA,PFNS,PFTrDA,PFDoA,PFOSA,9-Cl-PF3ONS,11-Cl-PF3OUdS,PFECA-G,ADONA,PFEESA,NFDHA,PFMBA,PFODA
NH_DES,01-AND,Surface Water,44.39806,-70.971596,8/15/2017,,Undisclosed,0,0,,0,0,0,0,0,0,,,0,0,,,,,,0,,0,0,,,,,,,,,,0,,0,0,0,0,0,0,0,0,0,0,0,0,0,,,,,,,,
NH_DES,01-AND,Surface Water,44.39806,-70.971596,8/15/2017,,Undisclosed,0,0,,0,0,0,0,0,0,,,0,0,,,,,,0,,0,0,,,,,,,,,,0,,0,0,0,0,0,0,0,0,0,0,0,0,0,,,,,,,,
NH_DES,01-CNT,Surface Water,42.683597,-72.471419,8/21/2017,,Undisclosed,0,0,,0,0,0,0,0,0,,,0,0,,,,,,0,,0,0,,,,,,,,,,0,,0,0,0,0,0,0,0,0,0,0,0,0,0,,,,,,,,
NH_DES,01-MER,Surface Water,42.675953,-71.421325,8/15/2017,,Undisclosed,2.91,5,,0,0,0,4.66,0,0,,,0,0,,,,,,3.36,,0,2.74,,,,,,,,,,0,,0,0,0,0,0,0,0,0,0,0,0,0,0,,,,,,,,
NH_DES,01-MSC,Surface Water,43.633831,-72.317386,8/16/2017,,Undisclosed,0,0,,0,0,0,0,0,0,,,2.06,0,,,,,,0,,0,3.96,,,,,,,,,,0,,0,0,0,0,0,0,0,0,0,0,0,0,0,,,,,,,,
NH_DES,01-SAC,Surface Water,44.016886,-70.989931,8/15/2017,,Undisclosed,0,0,,0,0,0,0,0,0,,,0,0,,,,,,0,,0,0,,,,,,,,,,0,,0,0,0,0,0,0,0,0,0,0,0,0,0,,,,,,,,
NH_DES,01-SGR,Surface Water,43.398329,-72.393798,8/14/2017,,Undisclosed,0,2.34,,0,0,0,0,0,0,,,0,0,,,,,,0,,0,0,,,,,,,,,,0,,0,0,0,0,0,0,0,0,0,0,0,0,0,,,,,,,,
NH_DES,02-ASH,Surface Water,42.786069,-72.486456,8/21/2017,,Undisclosed,2.33,0,,0,0,0,0,0,0,,,0,0,,,,,,0,,0,2.47,,,,,,,,,,0,,0,0,0,0,0,0,0,0,0,0,0,0,0,,,,,,,,
NH_DES,02-BBO,Surface Water,43.145299,-71.355228,8/18/2017,,Undisclosed,0,0,,0,0,0,0,0,0,,,0,0,,,,,,0,,0,0,,,,,,,,,,0,,0,0,0,0,0,0,0,0,0,0,0,0,0,,,,,,,,
NH_DES,02-CLD,Surface Water,43.132131,-72.390389,8/17/2017,,Undisclosed,0,0,,0,0,0,0,0,0,,,0,0,,,,,,0,,0,0,,,,,,,,,,0,,0,0,0,0,0,0,0,0,0,0,0,0,0,,,,,,,,
NH_DES,02-CTC,Surface Water,43.284928,-71.596644,8/18/2017,,Undisclosed,0,0,,0,0,0,0,0,0,,,0,0,,,,,,0,,0,0,,,,,,,,,,0,,0,0,0,0,0,0,0,0,0,0,0,0,0,,,,,,,,
NH_DES,02-ISG,Surface Water,43.233476,-70.955424,8/17/2017,,Undisclosed,2.33,10.8,,0,0,2.09,4.46,3.55,0,,,0,0,,,,,,2.8,,0,2.7,,,,,,,,,,0,,0,0,0,0,0,0,0,0,0,0,0,0,0,,,,,,,,
NH_DES,02-ISR,Surface Water,44.487925,-71.569608,8/14/2017,,Undisclosed,0,0,,0,0,0,0,0,0,,,0,0,,,,,,0,,0,0,,,,,,,,,,0,,0,0,0,0,0,0,0,0,0,0,0,0,0,,,,,,,,
NH_DES,02-SHG,Surface Water,42.860642,-71.493033,8/15/2017,,Undisclosed,2.42,4.42,,0,0,0,3.94,0,0,,,0,0,,,,,,2.07,,0,0,,,,,,,,,,0,,0,0,0,0,0,0,0,0,0,0,0,0,0,,,,,,,,
NH_DES,03-AMM,Surface Water,44.154781,-71.981903,8/21/2017,,Undisclosed,0,0,,0,0,0,0,0,0,,,0,0,,,,,,0,,0,0,,,,,,,,,,0,,0,0,0,0,0,0,0,0,0,0,0,0,0,,,,,,,,
NH_DES,03-AMM,Surface Water,44.154781,-71.981903,8/21/2017,,Undisclosed,0,0,,0,0,0,0,0,0,,,0,0,,,,,,0,,0,0,,,,,,,,,,0,,0,0,0,0,0,0,0,0,0,0,0,0,0,,,,,,,,
NH_DES,05-BER,Surface Water,43.036204,-70.748913,11/20/2017,,Undisclosed,0,10.2,,,0,0,4.73,5.72,0,,,,,,,,,,4.74,,0,5.18,,,,,,,,,,,,,,,,,,0,,,0,,,,,,,,,,,
NH_DES,07-BLM,Surface Water,43.17443,-70.91779,8/17/2017,,Undisclosed,0,0,,0,0,0,0,0,0,,,0,0,,,,,,0,,0,0,,,,,,,,,,0,,0,0,0,0,0,0,0,0,0,0,0,0,0,,,,,,,,
NH_DES,08-MER,Surface Water,42.936044,-71.456472,8/15/2017,,Undisclosed,0,0,,0,0,0,0,0,0,,,0,0,,,,,,0,,0,0,,,,,,,,,,0,,0,0,0,0,0,0,0,0,0,0,0,0,0,,,,,,,,
NH_DES,09-OYS,Surface Water,43.148281,-70.965667,8/17/2017,,Undisclosed,0,0,,0,0,0,0,0,0,,,0,0,,,,,,3.45,,0,2.2,,,,,,,,,,0,,0,0,0,0,0,0,0,0,0,0,0,0,0,,,,,,,,
NH_DES,15-EXT,Surface Water,42.984705,-71.038343,8/17/2017,,Undisclosed,4.61,5.66,,0,0,3.1,0,2.26,0,,,0,0,,,,,,4.13,,3.87,3.02,,,,,,,,,,0,,0,0,0,0,0,0,0,0,0,0,0,0,0,,,,,,,,
NH_DES,18-CCH,Surface Water,43.274253,-70.977211,8/17/2017,,Undisclosed,5.06,5.49,,0,2.6,0,0,0,0,,,0,0,,,,,,2.93,,0,2.26,,,,,,,,,,0,,0,0,0,0,0,0,0,0,0,0,0,0,0,,,,,,,,
NH_DES,22-AMM,Surface Water,44.271631,-71.631625,8/21/2017,,Undisclosed,0,0,,0,0,0,0,0,0,,,0,0,,,,,,0,,0,0,,,,,,,,,,0,,0,0,0,0,0,0,0,0,0,0,0,0,0,,,,,,,,
NH_DES,23-PMI,Surface Water,44.022111,-71.682036,8/21/2017,,Undisclosed,0,0,,0,0,0,0,0,0,,,0,0,,,,,,0,,0,0,,,,,,,,,,0,,0,0,0,0,0,0,0,0,0,0,0,0,0,,,,,,,,
NH_DES,27-MER,Surface Water,43.271031,-71.5645,8/18/2017,,Undisclosed,0,0,,0,0,0,0,0,0,,,0,0,,,,,,0,,0,0,,,,,,,,,,0,,0,0,0,0,0,0,0,0,0,0,0,0,0,,,,,,,,
NH_DES,58-CNT,Surface Water,44.496114,-71.594419,8/14/2017,,Undisclosed,0,0,,0,0,0,0,0,0,,,0,0,,,,,,0,,0,0,,,,,,,,,,0,,0,0,0,0,0,0,0,0,0,0,0,0,0,,,,,,,,
NH_DES,WCT200,Surface Water,43.045222,-70.746583,11/20/2017,,Undisclosed,0,0,,,0,0,0,0,0,,,,,,,,,,0,,0,0,,,,,,,,,,,,,,,,,,0,,,0,,,,,,,,,,,
NH_DES,ACPS005-U15,Surface Water,43.01774,-70.74374,11/20/2017,,Undisclosed,0,0,,,0,0,0,0,0,,,,,,,,,,0,,0,4.68,,,,,,,,,,,,,,,,,,0,,,0,,,,,,,,,,,
NH_DES,ACPS005-U85,Surface Water,43.030669,-70.738592,11/20/2017,,Undisclosed,0,0,,,0,0,0,0,0,,,,,,,,,,0,,0,0,,,,,,,,,,,,,,,,,,0,,,0,,,,,,,,,,,
NH_DES,08-SKB,Surface Water,43.459525,-71.749156,3/1/2022,,Undisclosed,0,,,,,0,,,0,,,,,,,,,,,,0,,,,,,,,,,,,,,,,,,,0,,,0,,,,,,,,,,,
NH_DES,MOT_SW-1,Surface Water,42.988836,-71.173977,10/29/2021,,Undisclosed,0,4.57,,0,0,0,2.85,1.92,0,0,0,0,0,0,,,,,2.58,0,3.92,3.12,,,,,,,,,0,0,,0,0,0,0,0,0,0,0,0,0,0,0,0,,,,0,,,,0
NH_DES,MOT_SW-1,Surface Water,42.988836,-71.173977,10/25/2019,,Undisclosed,0,2.51,,0,0,0,0,0,0,0,,0,0,0,,,,,0,0,2.85,1.96,,,,,,,,,0,0,,0,0,0,0,0,0,0,0,0,0,0,0,0,,,,0,,,,0
NH_DES,MOT_SW-2,Surface Water,42.989052,-71.174242,10/29/2021,,Undisclosed,2.44,7.3,,0,0,0,2.88,2.1,0,0,0,0,0,0,,,,,2.58,0,3.9,3.14,,,,,,,,,0,0,,0,0,0,0,0,0,0,0,0,0,0,0,0,,,,0,,,,0
NH_DES,MOT_SW-2,Surface Water,42.989052,-71.174242,10/29/2021,,Undisclosed,2.54,7.32,,0,0,0,3.02,2.08,0,0,0,0,0,0,,,,,2.39,0,4.06,3.22,,,,,,,,,0,0,,0,0,0,0,0,0,0,0,0,0,0,0,0,,,,0,,,,0
NH_DES,MOT_SW-2,Surface Water,42.989052,-71.174242,10/25/2019,,Undisclosed,0,4.87,,0,0,0,0,0,0,0,,0,0,0,,,,,0,0,2.8,0,,,,,,,,,0,0,,0,0,0,0,0,0,0,0,0,0,0,0,0,,,,0,,,,0
NH_DES,MOT_SW-2,Surface Water,42.989052,-71.174242,10/25/2019,,Undisclosed,0,4.81,,0,0,0,0,0,0,0,,0,0,0,,,,,0,0,2.86,0,,,,,,,,,0,0,,0,0,0,0,0,0,0,0,0,0,0,0,0,,,,0,,,,0
NH_DES,MOT_SW-3,Surface Water,42.989251,-71.173831,10/29/2021,,Undisclosed,2.99,8.05,,0,0,0,3.05,2.24,0,0,0,0,0,0,,,,,2.45,0,3.94,3.18,,,,,,,,,0,0,,0,0,0,0,0,0,0,0,0,0,0,0,0,,,,0,,,,0
NH_DES,MOT_SW-3,Surface Water,42.989251,-71.173831,10/25/2019,,Undisclosed,4.25,6.53,,0,0,0,0,0,0,0,,0,0,0,,,,,0,0,2.89,0,,,,,,,,,0,0,,0,0,0,0,0,0,0,0,0,0,0,0,0,,,,0,,,,0
NH_DES,TRY_SW-1,Surface Water,42.80257,-72.18722,4/28/2020,,Undisclosed,0,0,,0,0,0,0,0,0,0,,0,0,0,,,,,0,0,0,0,,,,,,,,,0,0,,0,0,0,0,0,0,0,0,0,0,0,0,0,,,,0,,,,0
NH_DES,TRY_SW-1,Surface Water,42.80257,-72.18722,5/24/2019,,Undisclosed,0,0,,0,0,0,0,0,0,,,0,0,,,,,,0,0,0,0,,,,,,,,,,0,,,0,,,0,,0,0,,0,0,0,0,,,,,,,,
NH_DES,TRY_SW-3,Surface Water,42.80257,-72.18722,4/28/2020,,Undisclosed,0,3.35,,0,0,0,0,0,0,0,,0,0,0,,,,,0,0,0,0,,,,,,,,,0,0,,0,0,0,0,0,0,0,0,0,0,0,0,0,,,,0,,,,0
NH_DES,TRY_SW-3,Surface Water,42.80257,-72.18722,4/28/2020,,Undisclosed,0,3.25,,0,0,0,0,0,0,0,,0,0,0,,,,,0,0,0,0,,,,,,,,,0,0,,0,0,0,0,0,0,0,0,0,0,0,0,0,,,,0,,,,0
NH_DES,TRY_SW-3,Surface Water,42.80257,-72.18722,5/24/2019,,Undisclosed,0,4.07,,0,0,0,2.26,2.44,0,,,0,0,,,,,,0,0,0,0,,,,,,,,,,0,,,0,,,0,,0,0,,0,0,0,0,,,,,,,,
NH_DES,TRY_SW-3,Surface Water,42.80257,-72.18722,5/24/2019,,Undisclosed,0,4.34,,0,0,0,2.49,2.62,0,,,0,0,,,,,,1.87,0,0,0,,,,,,,,,,0,,,0,,,0,,0,0,,0,0,0,0,,,,,,,,
NH_DES,TRY_SW-4,Surface Water,42.80257,-72.18722,4/28/2020,,Undisclosed,0,0,,0,0,0,0,0,0,0,,0,0,0,,,,,0,0,0,0,,,,,,,,,0,0,,0,0,0,0,0,0,0,0,0,0,0,0,0,,,,0,,,,0
NH_DES,TRY_SW-4,Surface Water,42.80257,-72.18722,5/24/2019,,Undisclosed,0,0,,0,0,0,0,0,0,,,0,0,,,,,,0,0,0,0,,,,,,,,,,0,,,0,,,0,,0,0,,0,0,0,0,,,,,,,,
NH_DES,14-ISR,Surface Water,44.411906,-71.497825,8/14/2017,,Undisclosed,0,0,,0,0,0,0,0,0,,,0,0,,,,,,0,,0,0,,,,,,,,,,0,,0,0,0,0,0,0,0,0,0,0,0,0,0,,,,,,,,
NH_DES,TRY_SW-LEACHATE,Surface Water,42.80257,-72.18722,4/28/2020,,Undisclosed,10.1,363,,0,29.2,7.18,132,174,0,0,,0,0,0,,,,,108,0,9.37,48.5,,,,,,,,,0,0,,0,0,0,0,0,0,0,0,0,0,0,0,0,,,,0,,,,0
NH_DES,TRY_SW-LEACHATE,Surface Water,42.80257,-72.18722,4/28/2020,,Undisclosed,10.6,351,,0,29.3,8.43,133,172,0,0,,0,0,0,,,,,106,0,9.09,48.4,,,,,,,,,0,0,,0,0,0,0,0,0,0,0,0,0,0,0,0,,,,0,,,,0
NH_DES,TRY_SW-LEACHATE,Surface Water,42.80257,-72.18722,5/24/2019,,Undisclosed,10.3,343,,0,23.1,8.71,131,164,0,,,0,0,,,,,,102,0,10.8,42.1,,,,,,,,,,0,,,0,,,0,,0,0,,0,0,0,0,,,,,,,,
NH_DES,01T-SOP,Surface Water,42.982247,-71.682594,8/15/2017,,Undisclosed,0,0,,0,0,0,0,0,0,,,0,0,,,,,,0,,0,0,,,,,,,,,,0,,0,0,0,0,0,0,0,0,0,0,0,0,0,,,,,,,,
NH_DES,06-SBR,Surface Water,43.818692,-71.930497,8/16/2017,,Undisclosed,0,0,,0,0,0,0,0,0,,,2.43,0,,,,,,0,,0,0,,,,,,,,,,0,,0,0,0,0,0,0,0,0,0,0,0,0,0,,,,,,,,
NH_DES,01K-HOB,Surface Water,43.069322,-70.778485,8/17/2017,,Undisclosed,494,47.4,,0,2.2,132,62.7,20.4,11.4,,,23.9,0,,,,,,54.7,,10.5,16,,,,,,,,,,0,,0,0,0,0,0,0,0,0,0,0,0,0,0,,,,,,,,
NH_DES,07T-ISG,Surface Water,43.238821,-71.076626,8/17/2017,,Undisclosed,0,0,,0,0,0,0,0,0,,,0,0,,,,,,0,,0,0,,,,,,,,,,0,,0,0,0,0,0,0,0,0,0,0,0,0,0,,,,,,,,
NH_DES,BCH16,Surface Water,42.989708,-70.826761,9/13/2017,,Undisclosed,9.79,18.1,,,0,3.28,,8.69,0,,,,,,,,,,,,2.29,,,,,,,,,,,,,,,,,,,0,,,0,,,,,,,,,,,
NH_DES,02E-NSR,Surface Water,43.41573,-72.18037,8/14/2017,,Undisclosed,0,0,,0,0,0,0,0,0,,,0,0,,,,,,0,,0,0,,,,,,,,,,0,,0,0,0,0,0,0,0,0,0,0,0,0,0,,,,,,,,
NH_DES,01-TYB,Surface Water,42.7365,-72.23223,8/21/2017,,Undisclosed,0,0,,0,0,0,0,0,0,,,0,0,,,,,,0,,0,0,,,,,,,,,,0,,0,0,0,0,0,0,0,0,0,0,0,0,0,,,,,,,,
NH_DES,04-SBB,Surface Water,44.683616,-71.534725,8/16/2017,,Undisclosed,0,0,,0,0,0,0,0,0,,,0,0,,,,,,0,,0,0,,,,,,,,,,0,,0,0,0,0,0,0,0,0,0,0,0,0,0,,,,,,,,
NH_DES,05-SMS,Surface Water,44.868166,-71.504094,8/16/2017,,Undisclosed,0,0,,0,0,0,0,0,0,,,0,0,,,,,,0,,0,0,,,,,,,,,,0,,0,0,0,0,0,0,0,0,0,0,0,0,0,,,,,,,,
NH_DES,01X-OTB,Surface Water,42.971142,-72.214519,8/17/2017,,Undisclosed,0,0,,0,0,0,0,0,0,,,0,0,,,,,,0,,0,0,,,,,,,,,,0,,0,0,0,0,0,0,0,0,0,0,0,0,0,,,,,,,,
NH_DES,05-NWL,Surface Water,44.686214,-71.225347,8/16/2017,,Undisclosed,0,0,,0,0,0,0,0,0,,,0,0,,,,,,0,,0,0,,,,,,,,,,0,,0,0,0,0,0,0,0,0,0,0,0,0,0,,,,,,,,
NH_DES,06-EBS,Surface Water,44.121906,-71.130312,8/15/2017,,Undisclosed,0,0,,0,0,0,0,0,0,,,0,0,,,,,,0,,0,0,,,,,,,,,,0,,0,0,0,0,0,0,0,0,0,0,0,0,0,,,,,,,,
NH_DES,07-FLT,Surface Water,42.726617,-71.556219,8/15/2017,,Undisclosed,0,0,,0,0,0,0,0,0,,,0,0,,,,,,0,,0,0,,,,,,,,,,0,,0,0,0,0,0,0,0,0,0,0,0,0,0,,,,,,,,
NH_DES,198405024SW01,Surface Water,42.7595,-71.2455,4/23/2019,,Undisclosed,33,25,,0,3,6.4,13,7.3,0,,,0,0,,,,,,12,0,7.6,10,,,,,,,,,,0,,,0,,,0,,0,0,,0,0,0,0,,,,,,,,
NH_DES,198405024SW01,Surface Water,42.7595,-71.2455,11/16/2017,,Undisclosed,260,360,,2.8,23,97,130,110,19,,,0,0,,,,,,150,,23,0,,,,,,,,,,0,,,,,,,,0,0,,0,0,0,0,,,,,,,,
NH_DES,198405024SW01,Surface Water,42.7595,-71.2455,11/28/2016,,Undisclosed,240,190,,,,0,,,0,,,,,,,,,,,,0,,,,,,,,,,,,,,,,,,,0,,,0,,,,,,,,,,,
NH_DES,198405024SW02,Surface Water,42.7612,-71.2504,4/23/2019,,Undisclosed,22,30,,0,0,15,19,11,0,,,0,0,,,,,,20,2.4,6.5,13,,,,,,,,,,0,,,0,,,0,,0,0,,0,0,0,0,,,,,,,,
NH_DES,198405024SW02,Surface Water,42.7612,-71.2504,11/16/2017,,Undisclosed,91,40,,1.7,4.5,21,33,17,3.1,,,0,0,,,,,,31,,12,7.7,,,,,,,,,,0,,,,,,,,0,0,,0,0,0,0,,,,,,,,
NH_DES,198405024SW02,Surface Water,42.7612,-71.2504,11/28/2016,,Undisclosed,150,47,,,,0,,,0,,,,,,,,,,,,0,,,,,,,,,,,,,,,,,,,0,,,0,,,,,,,,,,,
NH_DES,02-GNB,Surface Water,43.807535,-72.163561,8/16/2017,,Undisclosed,0,0,,0,0,0,0,0,0,,,0,0,,,,,,0,,0,0,,,,,,,,,,0,,0,0,0,0,0,0,0,0,0,0,0,0,0,,,,,,,,
NH_DES,01T-MKB,Surface Water,43.69188,-72.270774,8/16/2017,,Undisclosed,2,2.98,,0,0,0,0,0,0,,,0,0,,,,,,2.86,,0,16,,,,,,,,,,0,,0,0,0,0,0,0,0,0,0,0,0,0,0,,,,,,,,
NH_DES,10-WNR,Surface Water,43.267502,-71.918803,8/17/2017,,Undisclosed,0,0,,0,0,0,0,0,0,,,0,0,,,,,,0,,0,0,,,,,,,,,,0,,0,0,0,0,0,0,0,0,0,0,0,0,0,,,,,,,,
NH_DES,10-WNR,Surface Water,43.267502,-71.918803,8/17/2017,,Undisclosed,0,0,,0,0,0,0,0,0,,,0,0,,,,,,0,,0,0,,,,,,,,,,0,,0,0,0,0,0,0,0,0,0,0,0,0,0,,,,,,,,
NH_DES,01-JWT,Surface Water,43.532541,-71.465396,8/14/2017,,Undisclosed,3.53,2.52,,0,0,0,0,0,0,,,0,0,,,,,,2.68,,13.7,2.25,,,,,,,,,,0,,0,0,0,0,0,0,0,0,0,0,0,0,0,,,,,,,,
NH_DES,01-JWT,Surface Water,43.532541,-71.465396,8/14/2017,,Undisclosed,5.86,2.5,,0,0,0,2.06,0,0,,,0,0,,,,,,2.68,,14.6,2.16,,,,,,,,,,0,,0,0,0,0,0,0,0,0,0,0,0,0,0,,,,,,,,
NH_DES,MTBE_4608,Surface Water,42.764633,-71.245119,6/13/2016,,Undisclosed,0,10,,,0,0,,3,0,,,,,,,,,,,,0,,,,,,,,,,,,,,,,,,,0,,,0,,,,,,,,,,,
NH_DES,MTBE_4608,Surface Water,42.764633,-71.245119,6/13/2016,,Undisclosed,0,10,,,0,0,,3,0,,,,,,,,,,,,0,,,,,,,,,,,,,,,,,,,0,,,0,,,,,,,,,,,
NH_DES,TRY_SW-LEACH-B,Surface Water,,,4/28/2020,,Undisclosed,2.02,21.5,,0,0,0,19.5,19.5,0,0,,0,0,0,,,,,13.7,0,0,6.74,,,,,,,,,0,0,,0,0,0,0,0,0,0,0,0,0,0,0,0,,,,0,,,,0
NH_DES,TRY_SW-LEACH-B,Surface Water,,,5/24/2019,,Undisclosed,14.3,220,,8.72,20.7,2.94,119,147,0,,,0,0,,,,,,71.4,0,7.92,32.8,,,,,,,,,,0,,,0,,,0,,0,0,,0,0,0,0,,,,,,,,
NH_DES,TRY_SW-100,Surface Water,,,4/28/2020,,Undisclosed,0,4.15,,0,0,0,2.08,2.45,0,0,,0,0,0,,,,,0,0,0,0,,,,,,,,,0,0,,0,0,0,0,0,0,0,0,0,0,0,0,0,,,,0,,,,0
NH_DES,TRY_SW-100,Surface Water,,,5/24/2019,,Undisclosed,0,5.34,,0,0,0,3.19,3.66,0,,,0,0,,,,,,2.29,0,0,0,,,,,,,,,,0,,,0,,,0,,0,0,,0,0,0,0,,,,,,,,
NH_DES,MTBE_653,Surface Water,42.898046,-71.555396,8/4/2016,,Undisclosed,6,7,,,0,0,,0,0,,,,,,,,,,,,0,,,,,,,,,,,,,,,,,,,0,,,0,,,,,,,,,,,
NH_DES,MTBE_654,Surface Water,42.889363,-71.545634,8/4/2016,,Undisclosed,16,21,,,0,3,,3,0,,,,,,,,,,,,0,,,,,,,,,,,,,,,,,,,0,,,0,,,,,,,,,,,
NH_DES,MTBE_655,Surface Water,42.885895,-71.536958,8/4/2016,,Undisclosed,6,21,,,0,3,,3,0,,,,,,,,,,,,0,,,,,,,,,,,,,,,,,,,0,,,0,,,,,,,,,,,
NH_DES,MTBE_662,Surface Water,42.957422,-71.54335,8/4/2016,,Undisclosed,4,6,,,0,3,,0,0,,,,,,,,,,,,0,,,,,,,,,,,,,,,,,,,0,,,0,,,,,,,,,,,
NH_DES,MTBE_719,Surface Water,42.948088,-71.538538,8/24/2016,,Undisclosed,13,15,,0,0,5.2,7.5,0,0,0,,0,0,,,,,,0,,0,0,,,,,,,,,,0,,0,,0,0,,0,0,0,,0,0,0,0,,,,,,,,
NH_DES,FTSRCCPOND1,Surface Water,43.017954,-71.04968,11/18/2016,,Undisclosed,2200,220,,13,200,1800,520,240,60,0,,190,19,,,,,,610,,300,0,,,,,,,,,,37,,0,,0,0,,0,0,0,,0,0,0,0,,,,,,,,
NH_DES,CLK_SW12,Surface Water,43.008638,-70.81653,12/20/2016,,Undisclosed,100,310,,7.6,54,9.2,62,130,0,0,,0,0,,,,,,31,,0,20,,,,,,,,,,0,,0,,0,0,,0,0,0,,0,0,0,0,,,,,,,,
NH_DES,CLK_SW13,Surface Water,43.005673,-70.81744,12/20/2016,,Undisclosed,400,850,,40,170,19,220,410,7.7,0,,0,0,,,,,,140,,5.4,72,,,,,,,,,,0,,0,,0,0,,0,0,0,,0,0,0,0,,,,,,,,
NH_DES,CLK_SW14,Surface Water,43.016533,-70.801755,12/20/2016,,Undisclosed,17,73,,0,11,0,19,37,0,0,,0,0,,,,,,9.3,,0,0,,,,,,,,,,0,,0,,0,0,,0,0,0,,0,0,0,0,,,,,,,,
NH_DES,RCCNORTHBRK,Surface Water,43.012209,-71.048192,12/23/2016,,Undisclosed,24,3.1,,0,0,24,0,0,0,0,,0,0,,,,,,0,,0,0,,,,,,,,,,0,,0,,0,0,,0,0,0,,0,0,0,0,,,,,,,,
NH_DES,CLK_SW10,Surface Water,43.010632,-70.815692,12/20/2016,,Undisclosed,87,210,,13,43,9.7,42,86,0,0,,0,0,,,,,,21,,0,16,,,,,,,,,,0,,0,,0,0,,0,0,0,,0,0,0,0,,,,,,,,
NH_DES,CLK_SW10,Surface Water,43.010632,-70.815692,12/20/2016,,Undisclosed,88,220,,15,37,6.5,46,92,0,0,,0,0,,,,,,23,,0,16,,,,,,,,,,0,,0,,0,0,,0,0,0,,0,0,0,0,,,,,,,,
NH_DES,CLK_SW11,Surface Water,43.008909,-70.816769,12/20/2016,,Undisclosed,71,240,,7.6,42,7.8,48,110,0,0,,0,0,,,,,,26,,0,18,,,,,,,,,,0,,0,,0,0,,0,0,0,,0,0,0,0,,,,,,,,
NH_DES,2051010-010,Surface Water,42.817215,-71.203056,2/15/2018,,Undisclosed,2,4,,0,0,2,2,1,0,,,0,0,0,,,,,0,0,2,0,,,,,,,,,0,0,,,0,,,0,,0,0,0,0,0,0,,,,,,,,,0
NH_DES,2051010-010,Surface Water,42.817215,-71.203056,12/21/2017,,Undisclosed,0,3,,0,0,10,0,0,0,,,,,,,,,,0,,0,0,,,,,,,,,,0,,,,,,,,0,0,,0,0,0,0,,,,,,,,
NH_DES,2051010-001,Surface Water,42.802303,-71.246866,7/12/2018,,Undisclosed,2.6,7.6,,0,0.94,1.6,3.8,2.6,0,,,0,0,0,,,,,3.4,0,2.6,3.2,,,,,,,,,0,0,,,0,,,0,,0,0,0,0,0,0,,,,,,,,,0
NH_DES,2051010-001,Surface Water,42.802303,-71.246866,3/9/2018,,Undisclosed,11,8,,2,2,2,4,3,0,,,0,0,0,,,,,3,0,2,3,,,,,,,,,0,1,,,0,,,0,,0,0,0,0,0,0,,,,,,,,,0
NH_DES,2051010-001,Surface Water,42.802303,-71.246866,12/21/2017,,Undisclosed,0,5,,0,0,8,0,3,0,,,,,,,,,,0,,0,0,,,,,,,,,,0,,,,,,,,0,0,,0,0,0,0,,,,,,,,
NH_DES,MTBE_8185,Surface Water,43.014223,-70.825857,5/22/2017,,Undisclosed,0,3,,0,0,3,6,0,0,,,,,,,,,,0,,0,0,,,,,,,,,,0,,,,,,,,0,0,,0,0,0,0,,,,,,,,
NH_DES,MTBE_8188,Surface Water,42.81993,-71.529881,5/25/2017,,Undisclosed,4,13,,0,0,11,19,0,0,,,,,,,,,,3,,0,0,,,,,,,,,,0,,,,,,,,0,0,,0,0,0,0,,,,,,,,
NH_DES,MTBE_11264,Surface Water,42.89298,-71.51293,5/23/2017,,Undisclosed,0,13,,0,0,0,4,0,0,,,,,,,,,,2,,0,0,,,,,,,,,,0,,,,,,,,0,0,,0,0,0,0,,,,,,,,
NH_DES,MTBE_11266,Surface Water,43.30312,-71.38987,5/23/2017,,Undisclosed,5,3,,0,0,3,3,0,0,,,,,,,,,,0,,0,0,,,,,,,,,,0,,,,,,,,0,0,,0,0,0,0,,,,,,,,
NH_DES,SLF_SW-S-3,Surface Water,42.892034,-71.607674,11/20/2017,,Undisclosed,0,2.52,,,0,0.41,0.933,0.586,0,,,,,,,,,,0.565,,0.242,1.14,,,,,,,,,,,,,,,,,,0,,,0,,,,,,,,,,,
NH_DES,SLF_SW-S-3,Surface Water,42.892034,-71.607674,6/14/2016,,Undisclosed,2.7,2.6,,,,0,,,0,,,,,,,,,,,,0,,,,,,,,,,,,,,,,,,,0,,,0,,,,,,,,,,,
NH_DES,SLF_SW-S-6,Surface Water,42.896688,-71.6035,11/20/2017,,Undisclosed,0.998,3.46,,,0.237,0.883,0.872,0.707,0,,,,,,,,,,0,,0.519,0,,,,,,,,,,,,,,,,,,0,,,0,,,,,,,,,,,
NH_DES,SLF_SW-S-6,Surface Water,42.896688,-71.6035,6/14/2016,,Undisclosed,5.6,5.9,,,,0,,,0,,,,,,,,,,,,0,,,,,,,,,,,,,,,,,,,0,,,0,,,,,,,,,,,
NH_DES,SLF_SW-S-7,Surface Water,42.891824,-71.6086,11/20/2017,,Undisclosed,17.7,7.3,,,0.478,22.2,2.85,1.69,0,,,,,,,,,,0,,1.66,1.33,,,,,,,,,,,,,,,,,,0,,,0,,,,,,,,,,,
NH_DES,SLF_SW-S-7,Surface Water,42.891824,-71.6086,6/14/2016,,Undisclosed,39,6.9,,,,0,,,0,,,,,,,,,,,,0,,,,,,,,,,,,,,,,,,,0,,,0,,,,,,,,,,,
NH_DES,198405024SW03,Surface Water,42.759092,-71.247627,4/23/2019,,Undisclosed,41,29,,0,2.8,7,14,7.3,0,,,0,0,,,,,,13,0,8.5,11,,,,,,,,,,0,,,0,,,0,,0,0,,0,0,0,0,,,,,,,,
NH_DES,198405024SW03,Surface Water,42.759092,-71.247627,11/16/2017,,Undisclosed,6,7.4,,0,0,3.5,2.9,1.7,0,,,0,0,,,,,,3.2,,3.1,0,,,,,,,,,,0,,,,,,,,0,0,,0,0,0,0,,,,,,,,
NH_DES,198405024SW03,Surface Water,42.759092,-71.247627,11/28/2016,,Undisclosed,26,51,,,,0,,,0,,,,,,,,,,,,0,,,,,,,,,,,,,,,,,,,0,,,0,,,,,,,,,,,
NH_DES,198405024SW03,Surface Water,42.759092,-71.247627,7/7/2016,,Undisclosed,44,78,,,,0,,,0,,,,,,,,,,,,0,,,,,,,,,,,,,,,,,,,0,,,0,,,,,,,,,,,
NH_DES,198405024SW04,Surface Water,42.760134,-71.249438,4/23/2019,,Undisclosed,14,14,,0,0,3.7,11,5.4,0,,,0,0,,,,,,10,0,6.6,8.3,,,,,,,,,,0,,,0,,,0,,0,0,,0,0,0,0,,,,,,,,
NH_DES,198405024SW04,Surface Water,42.760134,-71.249438,11/16/2017,,Undisclosed,71,59,,1.1,4.2,17,27,16,2.7,,,0,0,,,,,,33,,21,4.2,,,,,,,,,,0,,,,,,,,0,0,,0,0,0,0,,,,,,,,
NH_DES,198405024SW04,Surface Water,42.760134,-71.249438,11/28/2016,,Undisclosed,100,73,,,,0,,,0,,,,,,,,,,,,0,,,,,,,,,,,,,,,,,,,0,,,0,,,,,,,,,,,
NH_DES,198405024SW04,Surface Water,42.760134,-71.249438,7/7/2016,,Undisclosed,190,180,,,,0,,,0,,,,,,,,,,,,0,,,,,,,,,,,,,,,,,,,0,,,0,,,,,,,,,,,
NH_DES,MTBE_5335,Surface Water,42.89477,-71.50037,7/26/2017,,Undisclosed,7,15,,0.6,0.7,2,4,3,0,,,0,0,0,,,,,3,0,2,4,,,,,,,,,0,0,,,0,,,0,,0,0,0,0,0,0,,,,,,,,,0
NH_DES,MTBE_5336,Surface Water,42.89947,-71.51237,7/26/2017,,Undisclosed,8,15,,0,1,1,5,3,0,,,0,0,0,,,,,4,0,2,5,,,,,,,,,0,0,,,0,,,0,,0,0,0,0,0,0,,,,,,,,,0
NH_DES,MTBE_5337,Surface Water,42.893282,-71.514357,7/26/2017,,Undisclosed,8,14,,0,1,1,4,3,0,,,0,0,0,,,,,3,0,2,3,,,,,,,,,0,0,,,0,,,0,,0,0,0,0,0,0,,,,,,,,,0
NH_DES,198706016CSW1,Surface Water,44.45325,-71.14313,7/25/2017,,Undisclosed,0,0,,,0,0,0,0,0,,,,,,,,,,0,,0,0,,,,,,,,,,,,,,,,,,0,,,0,,,,,,,,,,,
NH_DES,201701004HDSW01,Surface Water,42.80217,-71.57075,8/21/2017,,Undisclosed,0,147,,0,0,0,13,15.9,0,,,0,0,,,,,,0,,5.27,0,,,,,,,,,,0,,,0,,,0,,0,0,0,0,0,0,0,,,,,,,,
NH_DES,99-WAB,Surface Water,43.146,-72.328,9/26/2017,,Undisclosed,0,2.26,,0,0,0,0,0,0,,,0,0,,,,,,0,,0,0,,,,,,,,,,0,,0,0,0,0,0,0,0,0,0,0,0,0,0,,,,,,,,
NH_DES,184DOWNBAB,Surface Water,42.863175,-71.490972,11/7/2016,,Undisclosed,4,13,,0,0,2,5,4,0,,,,,,,,,,3,,3,7,,,,,,,,,,0,,,,,,,,0,0,,0,0,0,,,,,,,,,
NH_DES,184DOWNMERR,Surface Water,42.862586,-71.48708,11/7/2016,,Undisclosed,0,3,,0,0,0,,1,0,,,,,,,,,,2,,0,0,,,,,,,,,,0,,,,,,,,0,0,,0,0,0,,,,,,,,,
NH_DES,184MIDBAB,Surface Water,42.867808,-71.489325,11/7/2016,,Undisclosed,4,12,,0,0.8,2,5,3,0,,,,,,,,,,4,,3,7,,,,,,,,,,0,,,,,,,,0,0,,0,0,0,,,,,,,,,
NH_DES,184MIDBAB,Surface Water,42.867808,-71.489325,11/7/2016,,Undisclosed,5,11,,0,0,2,5,4,0,,,,,,,,,,3,,2,6,,,,,,,,,,0,,,,,,,,0,0,,0,0,0,,,,,,,,,
NH_DES,184UPBAB,Surface Water,42.875658,-71.493716,11/8/2016,,Undisclosed,4,11,,0,0,2,4,3,0,,,,,,,,,,3,,3,9,,,,,,,,,,0,,,,,,,,0,0,,0,0,0,,,,,,,,,
NH_DES,184UPMERR,Surface Water,42.874441,-71.479897,11/8/2016,,Undisclosed,0,3,,0,0,0,,2,0,,,,,,,,,,0,,1,0,,,,,,,,,,0,,,,,,,,0,0,,0,0,0,,,,,,,,,
NH_DES,199607014SG2,Surface Water,43.646518,-71.2796,11/20/2023,,Undisclosed,2.76,0,,,0,0,0,0,0,,,,,,,,,,0,,0,0,,,,,,,,,,,,,,,,,,0,,,0,,,,,,,,,,,
NH_DES,199607014SG2,Surface Water,43.646518,-71.2796,11/23/2022,,Undisclosed,0,0,,,0,0,0,0,0,,,,,,,,,,0,,0,0,,,,,,,,,,,,,,,,,,0,,,0,,,,,,,,,,,
NH_DES,199607014SG1,Surface Water,43.645568,-71.2798,11/20/2023,,Undisclosed,870,9.21,,,0,191,14.2,2.78,0,,,,,,,,,,5.13,,5.15,3.18,,,,,,,,,,,,,,,,,,0,,,0,,,,,,,,,,,
NH_DES,199607014SG1,Surface Water,43.645568,-71.2798,11/23/2022,,Undisclosed,578,9.36,,,0,192,10.2,2.8,0,,,,,,,,,,3.99,,4.33,2.24,,,,,,,,,,,,,,,,,,0,,,0,,,,,,,,,,,
NH_DES,198400084SW1,Surface Water,43.338265,-71.54867,12/1/2022,,Undisclosed,604,49.6,,,0,476,28.8,7.5,0,,,,,,,,,,6.77,,21.4,5.77,,,,,,,,,,,,,,,,,,0,,,0,,,,,,,,,,,
NH_DES,198400084SW1,Surface Water,43.338265,-71.54867,11/15/2019,,Undisclosed,672,116,,,0,808,98,0,0,,,,,,,,,,0,,0,0,,,,,,,,,,,,,,,,,,0,,,0,,,,,,,,,,,
NH_DES,198400084SW1,Surface Water,43.338265,-71.54867,11/14/2018,,Undisclosed,0,116,,,0,0,135,23,0,,,,,,,,,,0,,76,0,,,,,,,,,,,,,,,,,,0,,,0,,,,,,,,,,,
NH_DES,198400084SW1,Surface Water,43.338265,-71.54867,5/14/2018,,Undisclosed,0,,,,0,0,,550,0,,,,,,,,,,,,0,0,,,,,,,,,,,,,,,,,,0,,,0,,,,,,,,,,,
NH_DES,198400084SW2,Surface Water,43.33855,-71.54855,12/1/2022,,Undisclosed,167,2.13,,,0,54.3,6.28,0,0,,,,,,,,,,0,,6.63,,,,,,,,,,,,,,,,,,,0,,,0,,,,,,,,,,,
NH_DES,198400084SW2,Surface Water,43.33855,-71.54855,11/15/2019,,Undisclosed,132,0,,,0,113,0,0,0,,,,,,,,,,0,,0,0,,,,,,,,,,,,,,,,,,0,,,0,,,,,,,,,,,
NH_DES,198400084SW2,Surface Water,43.33855,-71.54855,11/14/2018,,Undisclosed,963,29,,,0,586,105,12,0,,,,,,,,,,0,,51,0,,,,,,,,,,,,,,,,,,0,,,0,,,,,,,,,,,
NH_DES,198400084SW2,Surface Water,43.33855,-71.54855,5/14/2018,,Undisclosed,56,0,,,0,57,0,0,0,,,,,,,,,,0,,0,0,,,,,,,,,,,,,,,,,,0,,,0,,,,,,,,,,,
NH_DES,198400084SW3,Surface Water,43.33803,-71.548322,11/15/2019,,Undisclosed,0,0,,,0,0,0,0,0,,,,,,,,,,0,,0,0,,,,,,,,,,,,,,,,,,0,,,0,,,,,,,,,,,
NH_DES,198400084SW3,Surface Water,43.33803,-71.548322,11/14/2018,,Undisclosed,0,3,,,0,0,0,0,0,,,,,,,,,,0,,0,0,,,,,,,,,,,,,,,,,,0,,,0,,,,,,,,,,,
NH_DES,198400084SW3,Surface Water,43.33803,-71.548322,5/14/2018,,Undisclosed,0,0,,,0,0,0,0,0,,,,,,,,,,0,,0,0,,,,,,,,,,,,,,,,,,0,,,0,,,,,,,,,,,
NH_DES,198400057SS2,Surface Water,44.296937,-71.691902,11/13/2023,,Undisclosed,0,0,,,0,0,0,0,0,,,,,,,,,,0,,0,0,,,,,,,,,,,,,,,,,,0,,,0,,,,,,,,,,,
NH_DES,198400057SS2,Surface Water,44.296937,-71.691902,11/16/2018,,Undisclosed,0,0,,,0,0,0,0,0,,,,,,,,,,0,,0,0,,,,,,,,,,,,,,,,,,0,,,0,,,,,,,,,,,
NH_DES,198706016CSW4,Surface Water,44.453905,-71.150703,11/17/2025,,Undisclosed,0,0,,,0,0,0,0,0,,,,,,,,,,0,,0,0,,,,,,,,,,,,,,,,,,0,,,0,,,,,,,,,,,
NH_DES,198706016CSW4,Surface Water,44.453905,-71.150703,5/20/2025,,Undisclosed,0,0,,,0,0,0,0,0,,,,,,,,,,0,,0,0,,,,,,,,,,,,,,,,,,0,,,0,,,,,,,,,,,
NH_DES,198706016CSW4,Surface Water,44.453905,-71.150703,5/25/2022,,Undisclosed,0,0,,,0,0,0,0,0,,,,,,,,,,0,,0,0,,,,,,,,,,,,,,,,,,0,,,0,,,,,,,,,,,
NH_DES,198706016CSW4,Surface Water,44.453905,-71.150703,11/5/2021,,Undisclosed,0,0,,,0,0,0,0,0,,,,,,,,,,0,,0,0,,,,,,,,,,,,,,,,,,0,,,0,,,,,,,,,,,
NH_DES,198706016CSW4,Surface Water,44.453905,-71.150703,5/20/2021,,Undisclosed,0,0,,,0,0,0,0,0,,,,,,,,,,0,,0,0,,,,,,,,,,,,,,,,,,0,,,0,,,,,,,,,,,
NH_DES,198706016CSW4,Surface Water,44.453905,-71.150703,11/17/2020,,Undisclosed,0,0,,,0,0,0,0,0,,,,,,,,,,0,,0,0,,,,,,,,,,,,,,,,,,0,,,0,,,,,,,,,,,
NH_DES,198706016CSW4,Surface Water,44.453905,-71.150703,5/12/2020,,Undisclosed,0,0,,0,0,0,0,0,0,,,0,0,,,,,,0,0,0,0,,,,,,,,,,0,,,0,0,,0,,0,0,,0,0,0,0,,,,,,,,
NH_DES,198706016CSW4,Surface Water,44.453905,-71.150703,7/19/2019,,Undisclosed,6.76,7.18,,,0,0,6.26,0,0,,,,,,,,,,7.29,,0,5.51,,,,,,,,,,,,,,,,,,0,,,0,,,,,,,,,,,
NH_DES,198706016CSW4,Surface Water,44.453905,-71.150703,11/19/2018,,Undisclosed,0,0,,,0,0,0,0,0,,,,,,,,,,0,,0,0,,,,,,,,,,,,,,,,,,0,,,0,,,,,,,,,,,
NH_DES,198706016CSW4,Surface Water,44.453905,-71.150703,11/29/2017,,Undisclosed,0,9.71,,,0,0,9.07,0,0,,,,,,,,,,7.84,,5.46,8.36,,,,,,,,,,,,,,,,,,0,,,0,,,,,,,,,,,
NH_DES,198706016SW5,Surface Water,44.45413,-71.149811,11/17/2025,,Undisclosed,2,4,,,0,0,0,0,0,,,,,,,,,,0,,0,0,,,,,,,,,,,,,,,,,,0,,,0,,,,,,,,,,,
NH_DES,198706016SW5,Surface Water,44.45413,-71.149811,5/20/2025,,Undisclosed,3.51,4.45,,,0,0,2.36,0,0,,,,,,,,,,2.34,,0,0,,,,,,,,,,,,,,,,,,0,,,0,,,,,,,,,,,
NH_DES,198706016SW5,Surface Water,44.45413,-71.149811,5/25/2022,,Undisclosed,0,4.31,,,0,0,0,0,0,,,,,,,,,,2.73,,0,2.71,,,,,,,,,,,,,,,,,,0,,,0,,,,,,,,,,,
NH_DES,198706016SW5,Surface Water,44.45413,-71.149811,11/4/2021,,Undisclosed,0,5.13,,,0,0,3.56,0,0,,,,,,,,,,4.73,,2.06,4.96,,,,,,,,,,,,,,,,,,0,,,0,,,,,,,,,,,
NH_DES,198706016SW5,Surface Water,44.45413,-71.149811,5/20/2021,,Undisclosed,0,0,,,0,0,0,0,0,,,,,,,,,,0,,0,0,,,,,,,,,,,,,,,,,,0,,,0,,,,,,,,,,,
NH_DES,198706016SW5,Surface Water,44.45413,-71.149811,11/17/2020,,Undisclosed,0,0,,,0,0,0,0,0,,,,,,,,,,0,,0,0,,,,,,,,,,,,,,,,,,0,,,0,,,,,,,,,,,
NH_DES,198706016SW5,Surface Water,44.45413,-71.149811,7/19/2019,,Undisclosed,0,0,,,0,0,0,0,0,,,,,,,,,,0,,0,0,,,,,,,,,,,,,,,,,,0,,,0,,,,,,,,,,,
NH_DES,198706016SW5,Surface Water,44.45413,-71.149811,11/19/2018,,Undisclosed,0,5.08,,,0,0,0,0,0,,,,,,,,,,0,,0,0,,,,,,,,,,,,,,,,,,0,,,0,,,,,,,,,,,
NH_DES,198706016SW5,Surface Water,44.45413,-71.149811,5/22/2018,,Undisclosed,0,4.99,,,,0,5.57,,0,,,,,,,,,,,,0,,,,,,,,,,,,,,,,,,,0,,,0,,,,,,,,,,,
NH_DES,198706016SW5,Surface Water,44.45413,-71.149811,11/29/2017,,Undisclosed,0,0,,,0,0,0,0,0,,,,,,,,,,0,,0,0,,,,,,,,,,,,,,,,,,0,,,0,,,,,,,,,,,
NH_DES,198706016CSW3,Surface Water,44.453886,-71.150903,11/17/2025,,Undisclosed,0,0,,,0,0,0,0,0,,,,,,,,,,0,,0,0,,,,,,,,,,,,,,,,,,0,,,0,,,,,,,,,,,
NH_DES,198706016CSW3,Surface Water,44.453886,-71.150903,5/20/2025,,Undisclosed,0,0,,,0,0,0,0,0,,,,,,,,,,0,,0,0,,,,,,,,,,,,,,,,,,0,,,0,,,,,,,,,,,
NH_DES,198706016CSW3,Surface Water,44.453886,-71.150903,5/25/2022,,Undisclosed,0,0,,,0,0,0,0,0,,,,,,,,,,0,,0,0,,,,,,,,,,,,,,,,,,0,,,0,,,,,,,,,,,
NH_DES,198706016CSW3,Surface Water,44.453886,-71.150903,11/4/2021,,Undisclosed,0,0,,,0,0,0,0,0,,,,,,,,,,0,,0,0,,,,,,,,,,,,,,,,,,0,,,0,,,,,,,,,,,
NH_DES,198706016CSW3,Surface Water,44.453886,-71.150903,5/20/2021,,Undisclosed,0,0,,,0,0,0,0,0,,,,,,,,,,0,,0,0,,,,,,,,,,,,,,,,,,0,,,0,,,,,,,,,,,
NH_DES,198706016CSW3,Surface Water,44.453886,-71.150903,11/17/2020,,Undisclosed,0,0,,,0,0,0,0,0,,,,,,,,,,0,,0,0,,,,,,,,,,,,,,,,,,0,,,0,,,,,,,,,,,
NH_DES,198706016CSW3,Surface Water,44.453886,-71.150903,5/12/2020,,Undisclosed,0,0,,0,0,0,0,0,0,,,0,0,,,,,,0,0,0,0,,,,,,,,,,0,,,0,0,,0,,0,0,,0,0,0,0,,,,,,,,
NH_DES,198706016CSW3,Surface Water,44.453886,-71.150903,7/19/2019,,Undisclosed,0,0,,,0,0,0,0,0,,,,,,,,,,0,,0,0,,,,,,,,,,,,,,,,,,0,,,0,,,,,,,,,,,
NH_DES,198706016CSW3,Surface Water,44.453886,-71.150903,11/19/2018,,Undisclosed,0,0,,,0,0,0,0,0,,,,,,,,,,0,,0,0,,,,,,,,,,,,,,,,,,0,,,0,,,,,,,,,,,
NH_DES,198706016CSW3,Surface Water,44.453886,-71.150903,12/13/2017,,Undisclosed,0,0,,,0,0,0,0,0,,,,,,,,,,0,,0,0,,,,,,,,,,,,,,,,,,0,,,0,,,,,,,,,,,
NH_DES,198705080SW1,Surface Water,44.3054,-71.5526,4/24/2018,,Undisclosed,0,0,,,0,0,0,0,0,,,,,,,,,,0,,0,0,,,,,,,,,,,,,,,,,,0,,,0,,,,,,,,,,,
NH_DES,198705080SW2,Surface Water,44.3059,-71.5527,4/24/2018,,Undisclosed,0,0,,,0,0,0,0,0,,,,,,,,,,0,,0,0,,,,,,,,,,,,,,,,,,0,,,0,,,,,,,,,,,
NH_DES,198906002SW2,Surface Water,43.4376,-71.42,11/4/2025,,Undisclosed,0,0,,,0,0,0,0,0,,,,,,,,,,0,,0,0,,,,,,,,,,,,,,,,,,0,,,0,,,,,,,,,,,
NH_DES,198906002SW2,Surface Water,43.4376,-71.42,11/18/2024,,Undisclosed,2.9,1.9,,,0,0,0,0,0,,,,,,,,,,0,,0,0,,,,,,,,,,,,,,,,,,0,,,0,,,,,,,,,,,
NH_DES,198906002SW2,Surface Water,43.4376,-71.42,11/6/2023,,Undisclosed,11.1,23,,,0,3.16,4.05,6.03,0,,,,,,,,,,3.56,,2.01,2.25,,,,,,,,,,,,,,,,,,0,,,0,,,,,,,,,,,
NH_DES,198906002SW2,Surface Water,43.4376,-71.42,11/9/2022,,Undisclosed,6.76,9.3,,,0,0,0,2.73,0,,,,,,,,,,0,,0,0,,,,,,,,,,,,,,,,,,0,,,0,,,,,,,,,,,
NH_DES,198906002SW2,Surface Water,43.4376,-71.42,11/15/2021,,Undisclosed,12.3,25.3,,,,3.68,5.35,6.74,0,,,,,,,,,,3.62,,0,2.4,,,,,,,,,,,,,,,,,,0,,,0,,,,,,,,,,,
NH_DES,198906002SW2,Surface Water,43.4376,-71.42,11/10/2020,,Undisclosed,13.1,16.2,,,0,0,0,5.71,0,,,,,,,,,,0,,0,0,,,,,,,,,,,,,,,,,,0,,,0,,,,,,,,,,,
NH_DES,198906002SW2,Surface Water,43.4376,-71.42,11/6/2019,,Undisclosed,0,0,,,0,0,0,0,0,,,,,,,,,,0,,0,0,,,,,,,,,,,,,,,,,,0,,,0,,,,,,,,,,,
NH_DES,198906002SW2,Surface Water,43.4376,-71.42,11/14/2018,,Undisclosed,15.4,27.7,,,0,5.45,6.64,8.1,0,,,,,,,,,,0,,0,0,,,,,,,,,,,,,,,,,,0,,,0,,,,,,,,,,,
NH_DES,198906002SW2,Surface Water,43.4376,-71.42,4/4/2018,,Undisclosed,9.43,18.1,,,,0,,6.5,0,,,,,,,,,,,,0,,,,,,,,,,,,,,,,,,,0,,,0,,,,,,,,,,,
NH_DES,198705022BR1SW,Surface Water,43.172947,-70.916241,3/5/2018,,Undisclosed,23.8,11.6,,,0,8.72,0,0,0,,,,,,,,,,0,,0,2.73,,,,,,,,,,,,,,,,,,0,,,0,,,,,,,,,,,
NH_DES,198705022BR1SW,Surface Water,43.172947,-70.916241,11/21/2017,,Undisclosed,0,0,,,0,0,0,0,0,,,,,,,,,,0,,0,12.3,,,,,,,,,,,,,,,,,,0,,,0,,,,,,,,,,,
NH_DES,198705022BR2SW,Surface Water,43.173675,-70.911144,11/14/2018,,Undisclosed,37.3,15,,,0,1.88,2.6,3.54,0,,,,,,,,,,0,,0,2.41,,,,,,,,,,,,,,,,,,0,,,0,,,,,,,,,,,
NH_DES,198705022BR2SW,Surface Water,43.173675,-70.911144,7/25/2018,,Undisclosed,6.88,10.71,,,0,0,4.03,0,0,,,,,,,,,,2.01,,0,4.26,,,,,,,,,,,,,,,,,,0,,,0,,,,,,,,,,,
NH_DES,198705022BR2SW,Surface Water,43.173675,-70.911144,4/24/2018,,Undisclosed,5.26,3.09,,,0,0,0,0,0,,,,,,,,,,0,,0,3.53,,,,,,,,,,,,,,,,,,0,,,0,,,,,,,,,,,
NH_DES,198705022BR2SW,Surface Water,43.173675,-70.911144,3/5/2018,,Undisclosed,48,13.7,,,0,0,0,0,0,,,,,,,,,,0,,0,0,,,,,,,,,,,,,,,,,,0,,,0,,,,,,,,,,,
NH_DES,198705022BR2SW,Surface Water,43.173675,-70.911144,11/21/2017,,Undisclosed,2400,990,,,60,215,130,232,0,,,,,,,,,,48.5,,43,25.2,,,,,,,,,,,,,,,,,,0,,,0,,,,,,,,,,,
NH_DES,201612036SW01,Surface Water,42.918033,-71.398966,4/27/2021,,Undisclosed,3.2,6.8,,,1.8,1.8,2.8,1.8,0,,,,,,,,,,4.8,,1.8,3.6,,,,,,,,,,,,,,,,,,0,,,0,,,,,,,,,,,
NH_DES,201612036SW01,Surface Water,42.918033,-71.398966,4/23/2020,,Undisclosed,3.4,6.3,,,3.4,3.4,3.4,3.4,0,,,,,,,,,,3.9,,3.4,6.9,,,,,,,,,,,,,,,,,,0,,,0,,,,,,,,,,,
NH_DES,201612036SW01,Surface Water,42.918033,-71.398966,4/17/2019,,Undisclosed,1.85,9.83,,,,0,3.83,2.23,0,,,,,,,,,,6.3,,0,2.43,,,,,,,,,,,,,,,,,,0,,,0,,,,,,,,,,,
NH_DES,201612036SW01,Surface Water,42.918033,-71.398966,9/27/2018,,Undisclosed,4.22,18.9,,,1.45,0,5.55,4.95,0,,,,,,,,,,10.9,,0,3.42,,,,,,,,,,,,,,,,,,0,,,0,,,,,,,,,,,
NH_DES,201612036SW01,Surface Water,42.918033,-71.398966,1/30/2017,,Undisclosed,0,3,,,0,0,,0,0,,,,,,,,,,,,0,,,,,,,,,,,,,,,,,,,0,,,0,,,,,,,,,,,
NH_DES,201612036SW01,Surface Water,42.918033,-71.398966,12/15/2016,,Undisclosed,0,5,,,0,0,,0,0,,,,,,,,,,,,0,,,,,,,,,,,,,,,,,,,0,,,0,,,,,,,,,,,
NH_DES,201612036SW02,Surface Water,42.918383,-71.398916,4/27/2021,,Undisclosed,2.6,11.5,,,1.8,1.8,7.4,3.5,0,,,,,,,,,,12.8,,2.8,3.6,,,,,,,,,,,,,,,,,,0,,,0,,,,,,,,,,,
NH_DES,201612036SW02,Surface Water,42.918383,-71.398916,4/23/2020,,Undisclosed,3.4,11.8,,,3.4,3.4,6.1,3.4,0,,,,,,,,,,9.8,,3.4,6.9,,,,,,,,,,,,,,,,,,0,,,0,,,,,,,,,,,
NH_DES,201612036SW02,Surface Water,42.918383,-71.398916,4/17/2019,,Undisclosed,2.24,14,,,,0,5.69,3.42,0,,,,,,,,,,9.22,,1.31,3.19,,,,,,,,,,,,,,,,,,0,,,0,,,,,,,,,,,
NH_DES,201612036SW02,Surface Water,42.918383,-71.398916,9/27/2018,,Undisclosed,2.51,31.3,,,1.2,1.87,8.11,7.93,0,,,,,,,,,,15.1,,3.61,6.42,,,,,,,,,,,,,,,,,,0,,,0,,,,,,,,,,,
NH_DES,201612036SW02,Surface Water,42.918383,-71.398916,9/26/2017,,Undisclosed,6.85,19.8,,,,0,5.44,5.43,0,,,,,,,,,,5.34,,0,,,,,,,,,,,,,,,,,,,0,,,0,,,,,,,,,,,
NH_DES,201612036SW02,Surface Water,42.918383,-71.398916,1/30/2017,,Undisclosed,0,5,,,0,0,,0,0,,,,,,,,,,,,0,,,,,,,,,,,,,,,,,,,0,,,0,,,,,,,,,,,
NH_DES,201612036SW02,Surface Water,42.918383,-71.398916,12/15/2016,,Undisclosed,0,5,,,0,0,,0,0,,,,,,,,,,,,0,,,,,,,,,,,,,,,,,,,0,,,0,,,,,,,,,,,
NH_DES,201612036SW03,Surface Water,42.9187,-71.398533,4/27/2021,,Undisclosed,2.5,13.6,,,1.8,1.8,10,4.3,0,,,,,,,,,,17,,4.2,3.7,,,,,,,,,,,,,,,,,,0,,,0,,,,,,,,,,,
NH_DES,201612036SW03,Surface Water,42.9187,-71.398533,4/23/2020,,Undisclosed,3.4,13.7,,,3.4,3.4,7.5,4.1,0,,,,,,,,,,12.2,,3.4,6.9,,,,,,,,,,,,,,,,,,0,,,0,,,,,,,,,,,
NH_DES,201612036SW03,Surface Water,42.9187,-71.398533,4/17/2019,,Undisclosed,2.29,16.7,,,,0,7.28,3.95,0,,,,,,,,,,11.4,,1.7,3.9,,,,,,,,,,,,,,,,,,0,,,0,,,,,,,,,,,
NH_DES,201612036SW03,Surface Water,42.9187,-71.398533,9/27/2018,,Undisclosed,6.54,39.1,,,,2.52,11.1,7.78,0,,,,,,,,,,13.9,,5.47,7.23,,,,,,,,,,,,,,,,,,0,,,0,,,,,,,,,,,
NH_DES,198402023SW01,Surface Water,42.92655,-70.825133,11/20/2017,,Undisclosed,29,8,,,5,4,0,4,0,,,,,,,,,,0,,0,0,,,,,,,,,,,,,,,,,,0,,,0,,,,,,,,,,,
NH_DES,198402023SW04,Surface Water,42.9256,-70.8263,11/20/2017,,Undisclosed,8,7,,,0,4,0,3,0,,,,,,,,,,0,,0,7,,,,,,,,,,,,,,,,,,0,,,0,,,,,,,,,,,
NH_DES,BERRYBRK_01,Surface Water,43.022106,-70.783467,11/20/2017,,Undisclosed,0,12.5,,,0,0,4.85,7.64,0,,,,,,,,,,0,,0,4.75,,,,,,,,,,,,,,,,,,0,,,0,,,,,,,,,,,
NH_DES,BAILEYBRK_01,Surface Water,42.990445,-70.796346,11/20/2017,,Undisclosed,0,4.99,,,0,0,0,0,0,,,,,,,,,,0,,0,0,,,,,,,,,,,,,,,,,,0,,,0,,,,,,,,,,,
NH_DES,1607530-SW1,Surface Water,43.100937,-70.837125,9/1/2016,,Undisclosed,2910,842,,,,0,,,0,,,,,,,,,,,,0,,,,,,,,,,,,,,,,,,,0,,,0,,,,,,,,,,,
NH_DES,198706001SW1,Surface Water,42.870569,-71.330267,11/21/2019,,Undisclosed,0,8.18,,,0,0,0,0,0,,,,,,,,,,0,,0,0,,,,,,,,,,,,,,,,,,0,,,0,,,,,,,,,,,
NH_DES,198706001SW3,Surface Water,42.861604,-71.333431,11/21/2019,,Undisclosed,0,7.54,,,0,0,0,0,0,,,,,,,,,,0,,0,0,,,,,,,,,,,,,,,,,,0,,,0,,,,,,,,,,,
NH_DES,198706001SW3,Surface Water,42.861604,-71.333431,,,Undisclosed,0,4.38,,,0,0,0,0,0,,,,,,,,,,0,,2.1,0,,,,,,,,,,,,,,,,,,0,,,0,,,,,,,,,,,
NH_DES,198712001UB,Surface Water,43.030815,-70.739223,11/22/2017,,Undisclosed,0,0,,,0,0,0,0,0,,,,,,,,,,0,,0,0,,,,,,,,,,,,,,,,,,0,,,0,,,,,,,,,,,
NH_DES,198712001BBS,Surface Water,43.036395,-70.748841,11/22/2017,,Undisclosed,0,10.2,,,0,0,4.73,5.72,0,,,,,,,,,,4.74,,0,5.18,,,,,,,,,,,,,,,,,,0,,,0,,,,,,,,,,,
NH_DES,198712001WC,Surface Water,43.045367,-70.74679,11/22/2017,,Undisclosed,0,0,,,0,0,0,0,0,,,,,,,,,,0,,0,0,,,,,,,,,,,,,,,,,,0,,,0,,,,,,,,,,,
NH_DES,198712001BBL,Surface Water,43.022041,-70.783603,11/22/2017,,Undisclosed,0,12.5,,,0,0,4.85,7.64,0,,,,,,,,,,0,,0,4.75,,,,,,,,,,,,,,,,,,0,,,0,,,,,,,,,,,
NH_DES,198712001CSR,Surface Water,42.992074,-70.796151,11/22/2017,,Undisclosed,0,4.99,,,0,0,0,0,0,,,,,,,,,,0,,0,0,,,,,,,,,,,,,,,,,,0,,,0,,,,,,,,,,,
NH_DES,198712001LJM,Surface Water,43.017619,-70.744876,11/22/2017,,Undisclosed,0,0,,,0,0,0,0,0,,,,,,,,,,0,,0,4.68,,,,,,,,,,,,,,,,,,0,,,0,,,,,,,,,,,
NH_DES,198401090SG2,Surface Water,43.415502,-71.670647,5/18/2023,,Undisclosed,14.5,29.1,,,0,3.21,8.99,6.51,0,,,,,,,,,,2.47,,0,0,,,,,,,,,,,,,,,,,,0,,,0,,,,,,,,,,,
NH_DES,198401090SG2,Surface Water,43.415502,-71.670647,5/10/2019,,Undisclosed,9.86,32.7,,,0,0,11.4,7.02,0,,,,,,,,,,0,,0,5.59,,,,,,,,,,,,,,,,,,0,,,0,,,,,,,,,,,
NH_DES,198401090SG2,Surface Water,43.415502,-71.670647,5/3/2018,,Undisclosed,16.1,33.9,,,0,5.9,11.8,9.42,0,,,,,,,,,,0,,0,4.99,,,,,,,,,,,,,,,,,,0,,,0,,,,,,,,,,,
NH_DES,LTLRIV_RT1,Surface Water,42.987259,-70.826258,6/1/2018,,Undisclosed,11,30,,0,3.6,2.9,11,13,0,,,0,0,,,,,,11,,3,8.3,,,,,,,,,,0,,0,0,0,0,0,0,0,0,0,0,0,0,0,,,,,,,,
NH_DES,NRTHBRK_PARKCIR,Surface Water,42.9825,-70.816944,6/1/2018,,Undisclosed,4.6,6.7,,0,0.66,1.1,3.5,2.1,0,,,0,0,,,,,,3.7,,3.2,2.3,,,,,,,,,,0,,0,0,0,0,0,0,0,0,0,0,0,0,0,,,,,,,,
NH_DES,LTLRIV_MILLRD,Surface Water,42.970029,-70.806278,6/1/2018,,Undisclosed,5.9,16,,0,1.7,3.1,7.3,6.1,0,,,0,0,,,,,,7.6,,3,5.7,,,,,,,,,,0,,0,0,0,0,0,0,0,0,0,0,0,0,0,,,,,,,,
NH_DES,HWPOND_SOUTHRD,Surface Water,42.963053,-70.840679,6/1/2018,,Undisclosed,8.2,7.7,,0,0.68,1.2,5,2.5,0,,,0,0,,,,,,10,,2.3,2.3,,,,,,,,,,0,,0,0,0,0,0,0,0,0,0,0,0,0,0,,,,,,,,
NH_DES,UNMDBRK_RLRD,Surface Water,42.97084,-70.829136,6/1/2018,,Undisclosed,32,27,,0,11,35,34,7.3,0.7,,,0,0,,,,,,29,,7.2,13,,,,,,,,,,0,,0,0,0,0,0,0,0,0,0,0,0,0,0,,,,,,,,
NH_DES,HWPOND_FERNRD,Surface Water,42.967105,-70.838069,6/1/2018,,Undisclosed,2,1.1,,0,0.52,0.42,0.56,1.2,0,,,0,0,,,,,,0,,0.32,0,,,,,,,,,,0,,0,0,0,0,0,0,0,0,0,0,0,0,0,,,,,,,,
NH_DES,201709003SW02,Surface Water,42.804389,-71.296364,4/9/2018,,Undisclosed,69,7.2,,0,0,79,43,15,2.1,,,1.8,0,,,,,,54,,45,20,,,,,,,,,,0,,,,,,,,0,0,,0,0,0,0,,,,,,,,
NH_DES,201709003SW03,Surface Water,42.805081,-71.298641,4/9/2018,,Undisclosed,1.1,3.3,,0,0,0,1.2,0.98,0,,,0,0,,,,,,1.2,,1.6,0,,,,,,,,,,0,,,,,,,,0,0,,0,0,0,0,,,,,,,,
NH_DES,PENNI_1,Surface Water,42.79778,-71.54861,7/21/2018,,Undisclosed,2.5,6.1,,0,0,0,1.3,1.4,0,,,0,0,0,,,,,0,0,0,0,,,,,,,,,0,0,,,0,,,0,,0,0,0,0,0,0,,,,,,,,,0
NH_DES,PENNI_4,Surface Water,42.80275,-71.55919,7/21/2018,,Undisclosed,4.5,31,,0,0.62,3.8,5.7,4.4,0,,,0,0,0,,,,,5.2,0.78,4,4.6,,,,,,,,,0,0,,,0,,,0,,0,0,0,0,0,0,,,,,,,,,0
NH_DES,PENNI_4,Surface Water,42.80275,-71.55919,7/21/2018,,Undisclosed,7.3,30,,0,0.68,3.6,5.9,4.6,0,,,0,0,0,,,,,5.4,0.82,4.1,4.5,,,,,,,,,0,0,,,0,,,0,,0,0,0,0,0,0,,,,,,,,,0
NH_DES,PENNI_6,Surface Water,42.79917,-71.56083,7/21/2018,,Undisclosed,4.6,38,,0,1.1,2.3,4.8,4.8,0,,,0,0,0,,,,,4.3,0,3.2,3.8,,,,,,,,,0,0,,,0,,,0,,0,0,0,0,0,0,,,,,,,,,0
NH_DES,PENNI_10,Surface Water,42.80071,-71.56552,7/21/2018,,Undisclosed,3.4,40,,0,1.1,2.2,4.7,5.1,0,,,0,0,0,,,,,3.8,0,2.7,3.3,,,,,,,,,0,0,,,0,,,0,,0,0,0,0,0,0,,,,,,,,,0
NH_DES,PENNI_11,Surface Water,42.80306,-71.53972,7/20/2018,,Undisclosed,8,29,,0,1,2.6,3.9,3.9,0,,,0,0,0,,,,,4,0.53,2.2,2.7,,,,,,,,,0,0,,,0,,,0,,0,0,0,0,0,0,,,,,,,,,0
NH_DES,PENNI_12,Surface Water,42.78778,-71.50722,7/20/2018,,Undisclosed,5.7,16,,0,1,2.4,4.5,3.4,0,,,0,0,0,,,,,5,0.69,8.3,6.7,,,,,,,,,0,0,,,0,,,0,,0,0,0,0,0,0,,,,,,,,,0
NH_DES,PENNI_13,Surface Water,42.79111,-71.49861,7/20/2018,,Undisclosed,5.7,17,,0,1.1,2.4,5.6,3.6,0,,,0,0,0,,,,,6,0.65,7.9,6.9,,,,,,,,,0,0,,,0,,,0,,0,0,0,0,0,0,,,,,,,,,0
NH_DES,PENNI_14,Surface Water,42.78932,-71.47691,7/20/2018,,Undisclosed,2.9,13,,0,0,2.4,5.5,3.7,0,,,0,0,0,,,,,4.2,0.42,7.5,3,,,,,,,,,0,0,,,0,,,0,,0,0,0,0,0,0,,,,,,,,,0
NH_DES,PENNI_16,Surface Water,42.80464,-71.51206,7/20/2018,,Undisclosed,13,21,,0,0.93,3.9,4.6,3.4,0,,,0,0,0,,,,,3.7,0.7,2.4,3.1,,,,,,,,,0,0,,,0,,,0,,0,0,0,0,0,0,,,,,,,,,0
NH_DES,PENNI_17,Surface Water,42.8133,-71.5046,7/20/2018,,Undisclosed,5.7,19,,0,0.75,2.6,8.9,4.4,0,,,0,0,0,,,,,11,0.47,2,5.4,,,,,,,,,0,0,,,0,,,0,,0,0,0,0,0,0,,,,,,,,,0
NH_DES,PENNI_18,Surface Water,42.79278,-71.47917,7/20/2018,,Undisclosed,4,9.4,,0,0.51,1.7,2.7,1.8,0,,,0,0,0,,,,,2.7,0,1.6,0,,,,,,,,,0,0,,,0,,,0,,0,0,0,0,0,0,,,,,,,,,0
NH_DES,PENNI_19,Surface Water,42.80444,-71.54305,7/20/2018,,Undisclosed,3.5,24,,0,0.88,1.8,3.6,3.2,0,,,0,0,0,,,,,3.3,0.37,1.8,2.3,,,,,,,,,0,0,,,0,,,0,,0,0,0,0,0,0,,,,,,,,,0
NH_DES,PENNI_20,Surface Water,42.79921,-71.52459,7/20/2018,,Undisclosed,25,16,,0,1.2,5,5,3.4,0,,,0,0,0,,,,,5,0.54,2.7,3.8,,,,,,,,,0,0,,,0,,,0,,0,0,0,0,0,0,,,,,,,,,0
NH_DES,PENNI_21,Surface Water,42.80502,-71.52378,7/20/2018,,Undisclosed,2.9,15,,0,0,1.1,2.5,2,0,,,0,0,0,,,,,3.1,0,2.2,2.4,,,,,,,,,0,0,,,0,,,0,,0,0,0,0,0,0,,,,,,,,,0
NH_DES,PENNI_24,Surface Water,42.8001,-71.54894,7/21/2018,,Undisclosed,2.9,27,,0,0.96,2,3.7,3.8,0,,,0,0,0,,,,,3.8,0,2.1,3.6,,,,,,,,,0,0,,,0,,,0,,0,0,0,0,0,0,,,,,,,,,0
NH_DES,PENNI_24,Surface Water,42.8001,-71.54894,7/21/2018,,Undisclosed,3.1,26,,0,1,1.9,3.9,4,0,,,0,0,0,,,,,4.3,0,2.3,3.4,,,,,,,,,0,0,,,0,,,0,,0,0,0,0,0,0,,,,,,,,,0
NH_DES,PENNI_25,Surface Water,42.79139,-71.47472,7/20/2018,,Undisclosed,5,11,,0,0.54,1.8,2.6,1.9,0,,,0,0,0,,,,,2.6,0,2.5,3.6,,,,,,,,,0,0,,,0,,,0,,0,0,0,0,0,0,,,,,,,,,0
NH_DES,PENNI_26,Surface Water,42.79373,-71.48448,7/20/2018,,Undisclosed,3.7,10,,0,0.6,1.8,3.1,2.1,0,,,0,0,0,,,,,3.3,0,1.9,2.7,,,,,,,,,0,0,,,0,,,0,,0,0,0,0,0,0,,,,,,,,,0
NH_DES,PENNI_27,Surface Water,42.804728,-71.498878,7/20/2018,,Undisclosed,5.5,15,,0,0.82,2.2,3.4,2.7,0,,,0,0,0,,,,,3.6,0,1.8,3.1,,,,,,,,,0,0,,,0,,,0,,0,0,0,0,0,0,,,,,,,,,0
NH_DES,PENNI_28,Surface Water,42.80232,-71.51281,7/20/2018,,Undisclosed,13,21,,0,0.92,4.5,4.6,3.3,0,,,0,0,0,,,,,4.6,0.74,2.8,4.2,,,,,,,,,0,0,,,0,,,0,,0,0,0,0,0,0,,,,,,,,,0
NH_DES,198705052SW02,Surface Water,43.34478,-72.17122,4/6/2018,,Undisclosed,19.8,35.7,,,0,4.81,0,6.82,0,,,,,,,,,,0,,0,0,,,,,,,,,,,,,,,,,,0,,,0,,,,,,,,,,,
NH_DES,199103022SW01,Surface Water,43.1273,-72.216083,6/5/2018,,Undisclosed,10,4.3,,,0,0,0.4,0.56,0,,,,,,,,,,0,,0,0,,,,,,,,,,,,,,,,,,0,,,0,,,,,,,,,,,
NH_DES,198705022BR3SW,Surface Water,43.173697,-70.905328,11/15/2018,,Undisclosed,2.35,3.28,,,0,0,0,0,0,,,,,,,,,,0,,0,2.45,,,,,,,,,,,,,,,,,,0,,,0,,,,,,,,,,,
NH_DES,198705022BR3SW,Surface Water,43.173697,-70.905328,7/26/2018,,Undisclosed,2.98,3,,,0,0,0,0,0,,,,,,,,,,0,,0,4.16,,,,,,,,,,,,,,,,,,0,,,0,,,,,,,,,,,
NH_DES,198705022BR3SW,Surface Water,43.173697,-70.905328,4/24/2018,,Undisclosed,1.96,0,,,0,0,0,0,0,,,,,,,,,,0,,0,3.55,,,,,,,,,,,,,,,,,,0,,,0,,,,,,,,,,,
NH_DES,198705022BR4SW,Surface Water,43.17371,-70.917234,11/15/2018,,Undisclosed,0,2.62,,,0,0,0,0,0,,,,,,,,,,0,,0,2.3,,,,,,,,,,,,,,,,,,0,,,0,,,,,,,,,,,
NH_DES,198705022BR4SW,Surface Water,43.17371,-70.917234,7/25/2018,,Undisclosed,7.36,9.34,,,0,0,2,0,0,,,,,,,,,,1.95,,0,4.44,,,,,,,,,,,,,,,,,,0,,,0,,,,,,,,,,,
NH_DES,198705022BR4SW,Surface Water,43.17371,-70.917234,4/24/2018,,Undisclosed,2.07,0,,,0,0,0,0,0,,,,,,,,,,0,,0,3.9,,,,,,,,,,,,,,,,,,0,,,0,,,,,,,,,,,
NH_DES,SR-NPR,Surface Water,43.213688,-71.480527,8/1/2018,,Undisclosed,1.5,2.1,,0,0,0.78,1.2,0.82,0,,,0,0,0,,,,,0,0,1,2.6,,,,,,,,,0,0,,,0,,,0,,0,0,0,0,0,0,,,,,,,,,0
NH_DES,SR-FTA-US,Surface Water,43.20737,-71.474201,8/1/2018,,Undisclosed,2.1,2.2,,0,0,1,1.8,1.1,0,,,0,0,0,,,,,0,0,1.2,2.7,,,,,,,,,0,0,,,0,,,0,,0,0,0,0,0,0,,,,,,,,,0
NH_DES,SR-FTA-DS,Surface Water,43.2067,-71.476557,8/1/2018,,Undisclosed,13,3.8,,0,1.7,3.1,7.9,2.8,0,,,61,0,0,,,,,12,0,1.3,4.3,,,,,,,,,0,0,,,0,,,0,,0,0,0,0,0,0,,,,,,,,,0
NH_DES,SR-RT106B,Surface Water,43.201261,-71.480744,8/1/2018,,Undisclosed,7.7,3,,0,1.3,2.3,5.2,2.3,0,,,26,0,0,,,,,7,0,1.2,3.7,,,,,,,,,0,0,,,0,,,0,,0,0,0,0,0,0,,,,,,,,,0
NH_DES,198402023SW3,Surface Water,42.926555,-70.825129,6/26/2018,,Undisclosed,9.06,14.4,,,0,0,0,0,0,,,,,,,,,,4.3,,0,5.8,,,,,,,,,,,,,,,,,,0,,,0,,,,,,,,,,,
NH_DES,198402023SW4,Surface Water,42.925689,-70.821044,6/26/2018,,Undisclosed,22.5,0,,,0,0,0,0,0,,,,,,,,,,0,,0,0,,,,,,,,,,,,,,,,,,0,,,0,,,,,,,,,,,
NH_DES,198402023SW6,Surface Water,42.925954,-70.82373,6/26/2018,,Undisclosed,27.5,10.3,,,0,0,0,0,0,,,,,,,,,,0,,0,6.46,,,,,,,,,,,,,,,,,,0,,,0,,,,,,,,,,,
NH_DES,198402023TMR,Surface Water,42.92831,-70.826618,6/26/2018,,Undisclosed,24.2,11.6,,,0,0,0,0,0,,,,,,,,,,0,,0,6.39,,,,,,,,,,,,,,,,,,0,,,0,,,,,,,,,,,
NH_DES,462-SW-3,Surface Water,43.324886,-70.995917,8/26/2020,,Undisclosed,5,7.9,,,5000,2,3.9,3.4,0,,,,,,,,,,4.4,,2.3,2.2,,,,,,,,,,,,,,,,,,0,,,0,,,,,,,,,,,
NH_DES,462-SW-3,Surface Water,43.324886,-70.995917,8/2/2017,,Undisclosed,3.7,4.1,,,0.66,1.5,2.5,2,0,,,,,,,,,,3.2,,1.4,0,,,,,,,,,,,,,,,,,,0,,,0,,,,,,,,,,,
NH_DES,462-SW-4,Surface Water,43.322445,-70.993987,8/26/2020,,Undisclosed,4.8,7.4,,,2000,1.9,3.9,3.4,0,,,,,,,,,,4.3,,2.3,2.1,,,,,,,,,,,,,,,,,,0,,,0,,,,,,,,,,,
NH_DES,462-SW-4,Surface Water,43.322445,-70.993987,8/2/2017,,Undisclosed,3.5,4.5,,,0.64,1.4,3,2.3,0,,,,,,,,,,3.3,,1.5,0,,,,,,,,,,,,,,,,,,0,,,0,,,,,,,,,,,
NH_DES,462-SW-2,Surface Water,43.327536,-70.996319,8/26/2020,,Undisclosed,4.4,7.5,,,2000,1.9,4.1,3.5,0,,,,,,,,,,4.7,,2.3,2.4,,,,,,,,,,,,,,,,,,0,,,0,,,,,,,,,,,
NH_DES,462-SW-2,Surface Water,43.327536,-70.996319,8/2/2017,,Undisclosed,3.8,4.7,,,0.73,1.4,3.2,2.1,0,,,,,,,,,,2.7,,1.3,0,,,,,,,,,,,,,,,,,,0,,,0,,,,,,,,,,,
NH_DES,198404014S1,Surface Water,42.9609,-71.7342,4/13/2018,,Undisclosed,0,1.05,,,0,0,0.314,0.205,0,,,,,,,,,,0,,0.336,0,,,,,,,,,,,,,,,,,,0,,,0,,,,,,,,,,,
NH_DES,198404014S2B,Surface Water,42.9609,-71.7342,4/13/2018,,Undisclosed,0,3.32,,,0.732,0,0,0.93,0,,,,,,,,,,0,,0,0,,,,,,,,,,,,,,,,,,0,,,0,,,,,,,,,,,
NH_DES,198402057SS1,Surface Water,42.8184,-71.4271,4/18/2018,,Undisclosed,0,11.9,,,0.547,1.48,4.63,2.87,0,,,,,,,,,,2.49,,2.88,1.26,,,,,,,,,,,,,,,,,,0,,,0,,,,,,,,,,,
NH_DES,198709021SW5,Surface Water,43.59576,-71.439098,11/15/2018,,Undisclosed,0,0,,,0,0,0,0,0,,,,,,,,,,0,,0,0,,,,,,,,,,,,,,,,,,0,,,0,,,,,,,,,,,
NH_DES,198705026SW-2,Surface Water,43.13078,-72.41068,11/25/2019,,Undisclosed,0,0,,,0,0,0,0,0,,,,,,,,,,0,,0,0,,,,,,,,,,,,,,,,,,0,,,0,,,,,,,,,,,
NH_DES,198705026SW-2,Surface Water,43.13078,-72.41068,11/12/2018,,Undisclosed,0,0,,,0,0,0,0,0,,,,,,,,,,0,,0,0,,,,,,,,,,,,,,,,,,0,,,0,,,,,,,,,,,
NH_DES,198403083SG1,Surface Water,42.897755,-71.542925,6/2/2020,,Undisclosed,491,140,,0,12.2,19.6,15.1,15.8,14,0,,0,0,0,,,,,10.6,0,3.21,11.5,,,,,,,,,0,0,,0,0,0,0,0,0,0,0,0,0,0,0,0,,,,0,,,,0
NH_DES,198403083SG1,Surface Water,42.897755,-71.542925,11/7/2019,,Undisclosed,435,129,,0,9.56,15.5,14.6,15.2,11.8,0,,0,0,0,,,,,9.54,0,2.6,8.38,,,,,,,,,0,0,,0,0,0,0,0,0,0,0,0,0,0,0,0,,,,0,,,,0
NH_DES,198403083SG1,Surface Water,42.897755,-71.542925,11/14/2018,,Undisclosed,524,106,,,8.98,11.6,14.4,13.1,0,,,,,,,,,,8.34,,0,9.44,,,,,,,,,,,,,,,,,,0,,,0,,,,,,,,,,,
NH_DES,198403083SG2,Surface Water,42.893754,-71.539459,6/2/2020,,Undisclosed,423,275,,2.24,11,29.9,52.4,35.5,15,0,,0,0,0,,,,,32.9,3.62,9.1,28,,,,,,,,,0,0,,0,0,0,0,0,0,0,0,0,0,0,0,0,,,,0,,,,0
NH_DES,198403083SG2,Surface Water,42.893754,-71.539459,11/7/2019,,Undisclosed,175,179,,0,5.74,20.7,36.6,24.8,6.29,0,,0,0,0,,,,,21.9,3.19,7.28,19.8,,,,,,,,,0,0,,0,0,0,0,0,0,0,0,0,0,0,0,0,,,,0,,,,0
NH_DES,198403083SG2,Surface Water,42.893754,-71.539459,11/14/2018,,Undisclosed,1330,167,,,19,22.9,20.9,20.5,0,,,,,,,,,,11.8,,4.47,10.6,,,,,,,,,,,,,,,,,,0,,,0,,,,,,,,,,,
NH_DES,198403083SG3,Surface Water,42.897598,-71.547254,6/2/2020,,Undisclosed,10.7,22.6,,0,0,0,4.22,3.58,0,0,,0,0,0,,,,,3.07,0,3.88,10.8,,,,,,,,,0,0,,0,0,0,0,0,0,0,0,0,0,0,0,0,,,,0,,,,0
NH_DES,198403083SG3,Surface Water,42.897598,-71.547254,11/7/2019,,Undisclosed,7.4,25.6,,0,0,0,6.07,4.88,0,0,,0,0,0,,,,,3.48,0,2.72,31,,,,,,,,,0,0,,0,0,0,0,0,0,0,0,0,0,0,0,0,,,,0,,,,0
NH_DES,198403083SG3,Surface Water,42.897598,-71.547254,11/14/2018,,Undisclosed,0,12.4,,,0,0,0,0,0,,,,,,,,,,0,,0,0,,,,,,,,,,,,,,,,,,0,,,0,,,,,,,,,,,
NH_DES,198403083SG5,Surface Water,42.892638,-71.546948,6/2/2020,,Undisclosed,286,105,,0,5.82,11.6,11.3,10.8,5.45,0,,0,0,0,,,,,7.48,0,3.49,12.2,,,,,,,,,0,0,,0,0,0,0,0,0,0,0,0,0,0,0,0,,,,0,,,,0
NH_DES,198403083SG5,Surface Water,42.892638,-71.546948,11/7/2019,,Undisclosed,309,142,,2.47,6.41,12.8,13.9,14,6.58,0,,0,0,0,,,,,8.6,0,2.57,10.2,,,,,,,,,0,0,,0,0,0,0,0,0,0,0,0,0,0,0,0,,,,0,,,,0
NH_DES,198403083SG5,Surface Water,42.892638,-71.546948,11/14/2018,,Undisclosed,210,92.9,,,0,9.03,11.3,9.72,0,,,,,,,,,,6.58,,0,10.4,,,,,,,,,,,,,,,,,,0,,,0,,,,,,,,,,,
NH_DES,199004008ST1A1B,Surface Water,42.8536,-71.3512,11/2/2023,,Undisclosed,6.5,22,,,0,3.2,10,7,0,,,,,,,,,,9,,5.6,5.4,,,,,,,,,,,,,,,,,,0,,,0,,,,,,,,,,,
NH_DES,199004008ST1A1B,Surface Water,42.8536,-71.3512,5/3/2023,,Undisclosed,5.2,14,,,0,2.5,5.4,3.7,0,,,,,,,,,,5,,3.7,2.7,,,,,,,,,,,,,,,,,,0,,,0,,,,,,,,,,,
NH_DES,199004008ST1A1B,Surface Water,42.8536,-71.3512,11/1/2022,,Undisclosed,10,19,,,2,3.2,11,4.5,0,,,,,,,,,,9.3,,7.6,5.8,,,,,,,,,,,,,,,,,,0,,,0,,,,,,,,,,,
NH_DES,199004008ST1A1B,Surface Water,42.8536,-71.3512,5/5/2022,,Undisclosed,13,18,,,0,3.3,6.6,4.4,0,,,,,,,,,,6.2,,4.5,3.2,,,,,,,,,,,,,,,,,,0,,,0,,,,,,,,,,,
NH_DES,199004008ST1A1B,Surface Water,42.8536,-71.3512,11/12/2021,,Undisclosed,8.76,17.4,,,0,2.77,9.39,4.53,0,,,,,,,,,,9.16,,5.06,6.21,,,,,,,,,,,,,,,,,,0,,,0,,,,,,,,,,,
NH_DES,199004008ST1A1B,Surface Water,42.8536,-71.3512,12/4/2020,,Undisclosed,9.69,13.6,,,0,2.71,6.98,3.33,0,,,,,,,,,,6.15,,4.16,4.36,,,,,,,,,,,,,,,,,,0,,,0,,,,,,,,,,,
NH_DES,199004008ST1A1B,Surface Water,42.8536,-71.3512,7/2/2020,,Undisclosed,11.7,20,,,3.17,3.45,13.6,5.48,0,,,,,,,,,,12,,6.51,5.44,,,,,,,,,,,,,,,,,,0,,,0,,,,,,,,,,,
NH_DES,199004008ST1A1B,Surface Water,42.8536,-71.3512,10/30/2019,,Undisclosed,6.85,20.3,,,0,3.35,11.9,5.44,0,,,,,,,,,,10.4,,5.88,6.99,,,,,,,,,,,,,,,,,,0,,,0,,,,,,,,,,,
NH_DES,199004008ST1A1B,Surface Water,42.8536,-71.3512,6/14/2018,,Undisclosed,7.97,21,,,1.8,4.58,14,6.14,0,,,,,,,,,,12.7,,6.79,6.21,,,,,,,,,,,,,,,,,,0,,,0,,,,,,,,,,,
NH_DES,199004008SW2,Surface Water,42.8599,-71.3459,5/1/2023,,Undisclosed,23,14,,,0,2,4.7,3.6,0,,,,,,,,,,5.9,,2.8,3,,,,,,,,,,,,,,,,,,0,,,0,,,,,,,,,,,
NH_DES,199004008SW2,Surface Water,42.8599,-71.3459,5/6/2022,,Undisclosed,14,16,,,0,2.3,5.4,4.1,0,,,,,,,,,,6.1,,2.9,3,,,,,,,,,,,,,,,,,,0,,,0,,,,,,,,,,,
NH_DES,199004008SW2,Surface Water,42.8599,-71.3459,6/1/2021,,Undisclosed,10.8,15,,0,0,0,7.98,4.05,0,0,0,0,0,0,,,,,8.86,0,3.1,4.34,,,,,,,,,0,0,,,0,,,0,,0,0,0,0,0,0,,,,,0,,,,0
NH_DES,199004008SW2,Surface Water,42.8599,-71.3459,12/4/2020,,Undisclosed,11.3,13.2,,,0,0,6.33,3.52,0,,,,,,,,,,6.74,,4.19,3.7,,,,,,,,,,,,,,,,,,0,,,0,,,,,,,,,,,
NH_DES,199004008SW2,Surface Water,42.8599,-71.3459,7/2/2020,,Undisclosed,30.7,25.2,,,2.36,2.72,14.8,6.89,0,,,,,,,,,,17.6,,5.81,7.81,,,,,,,,,,,,,,,,,,0,,,0,,,,,,,,,,,
NH_DES,199004008SW2,Surface Water,42.8599,-71.3459,11/5/2019,,Undisclosed,11.4,20,,,0,1.92,12.9,5.49,0,,,,,,,,,,12.7,,4.67,5.07,,,,,,,,,,,,,,,,,,0,,,0,,,,,,,,,,,
NH_DES,199004008SW2,Surface Water,42.8599,-71.3459,7/31/2018,,Undisclosed,12.4,22.4,,,2.21,3.05,12.4,5.74,0,,,,,,,,,,14.8,,6.28,9.32,,,,,,,,,,,,,,,,,,0,,,0,,,,,,,,,,,
NH_DES,199004008SW2,Surface Water,42.8599,-71.3459,6/15/2018,,Undisclosed,17.4,24.2,,,0,3.03,12.4,6.71,0,,,,,,,,,,14.7,,6.44,7.55,,,,,,,,,,,,,,,,,,0,,,0,,,,,,,,,,,
NH_DES,LOCBRNOL,Surface Water,43.38,-71.248056,1/21/2019,,Undisclosed,0,0,,0,0,0,0,0,0,,,,,,,,,,0,,0,0,,,,,,,,,,0,,,,,,,,0,0,,0,0,0,0,,,,,,,,
NH_DES,LOCBRNOL,Surface Water,43.38,-71.248056,10/1/2018,,Undisclosed,0,0,,0,0,0,0,0,0,,,,,,,,,,0,,0,0,,,,,,,,,,0,,,,,,,,0,0,,0,0,0,0,,,,,,,,
NH_DES,LOCBRNOL,Surface Water,43.38,-71.248056,6/26/2018,,Undisclosed,0,0,,0,0,0,0,0,0,,,,,,,,,,0,,0,0,,,,,,,,,,0,,,,,,,,0,0,,0,0,0,0,,,,,,,,
NH_DES,LOCBRNOL,Surface Water,43.38,-71.248056,3/27/2018,,Undisclosed,0,0,,0,0,0,0,0,0,,,,,,,,,,0,,0,3.32,,,,,,,,,,0,,,,,,,,0,0,,0,0,0,0,,,,,,,,
NH_DES,199712055UBA101,Surface Water,42.896174,-71.459462,12/6/2018,,Undisclosed,18,1200,,1.5,6.7,8.3,160,130,0.41,0.59,,0,,,,,,,76,2.5,5.7,24,,,,,,,,,,0,,,0,,0,0,,0,0,0,0,0,0,0,,,,,,,,
NH_DES,199712055UBA101,Surface Water,42.896174,-71.459462,10/2/2018,,Undisclosed,48,2600,,5.8,13,15.6,340,240,1.34,0,,0,,,,,,,200,4.2,12.6,80,,,,,,,,,,0.94,,,0,,0,0,,0,0,0,0,0,0,0,,,,,,,,
NH_DES,199712055UBA101,Surface Water,42.896174,-71.459462,10/2/2018,,Undisclosed,29,790,,3.8,9,6.7,170,120,0.69,0.91,,0,,,,,,,99,2,10,42,,,,,,,,,,0.57,,,0,,0,0,,0,0,0,0,0,0,0,,,,,,,,
NH_DES,199712055UBA101,Surface Water,42.896174,-71.459462,6/4/2018,,Undisclosed,20,1200,,2.5,5.4,7.2,160,120,0,,,,,,,,,,100,,4.7,33,,,,,,,,,,0,,,0,,,0,,0,0,,0,0,0,,,,,,,,,
NH_DES,199712055UBA101,Surface Water,42.896174,-71.459462,6/4/2018,,Undisclosed,209,12100,,24.2,51.7,75.9,1760,1320,0,,,,,,,,,,1100,,50.6,352,,,,,,,,,,0,,,0,,,0,,0,0,,0,0,0,,,,,,,,,
NH_DES,199712055UBA101,Surface Water,42.896174,-71.459462,5/18/2018,,Undisclosed,16,1500,,0,5.6,8.6,190,160,0,,,,,,,,,,100,,5.3,32,,,,,,,,,,0,,,0,,,0,,0,0,,0,0,0,,,,,,,,,
NH_DES,199712055UBA101,Surface Water,42.896174,-71.459462,5/18/2018,,Undisclosed,160,16000,,0,66,88,1700,1500,0,,,,,,,,,,1000,,51,350,,,,,,,,,,0,,,0,,,0,,0,0,,0,0,0,,,,,,,,,
NH_DES,199712055UBA102,Surface Water,42.900035,-71.461877,12/6/2018,,Undisclosed,29,1000,,4,11,7.4,190,140,0.63,1,,0,,,,,,,86,2.4,8.7,30,,,,,,,,,,0.73,,,0,,0,0,,0,0,0,0,0,0,0,,,,,,,,
NH_DES,199712055UBA102,Surface Water,42.900035,-71.461877,10/2/2018,,Undisclosed,21,1000,,2.7,6.5,7.5,170,120,0,0,,0,,,,,,,110,2,6.2,39,,,,,,,,,,0.48,,,0,,0,0,,0,0,0,0,0,0,0,,,,,,,,
NH_DES,199712055UBA102,Surface Water,42.900035,-71.461877,6/4/2018,,Undisclosed,16,310,,0,0,4,78,47,0,,,,,,,,,,64,,3,0,,,,,,,,,,0,,,0,,,0,,0,0,,0,0,0,,,,,,,,,
NH_DES,199712055UBA102,Surface Water,42.900035,-71.461877,5/18/2018,,Undisclosed,30,1200,,0,10,6.8,200,140,0,,,,,,,,,,130,,9.4,53,,,,,,,,,,0,,,0,,,0,,0,0,,0,0,0,,,,,,,,,
NH_DES,199712055403WNS,Surface Water,42.884752,-71.468136,11/2/2018,,Undisclosed,2.1,22,,0,0.47,0.76,6.4,4.1,0,0,,0,,,,,,,5,0,0,2.2,,,,,,,,,,0,,,0,,0,0,,0,0,0,0,0,0,0,,,,,,,,
NH_DES,199712055403WNS,Surface Water,42.884752,-71.468136,10/2/2018,,Undisclosed,1.5,5.8,,0,0.42,0.61,2.3,1.5,0,0,,0,,,,,,,2,0,0.85,0,,,,,,,,,,0,,,0,,0,0,,0,0,0,0,0,0,0.6,,,,,,,,
NH_DES,199712055403WNS,Surface Water,42.884752,-71.468136,8/28/2018,,Undisclosed,1.9,14,,0,0,0.9,5.6,3.1,0,0,,0,,,,,,,4.6,0,0.87,0,,,,,,,,,,0,,,0,,0,0,,0,0,0,0,0,0,0,,,,,,,,
NH_DES,199712055403WNS,Surface Water,42.884752,-71.468136,6/5/2018,,Undisclosed,1.9,8.8,,0,0,1,3.7,1.9,0,,,,,,,,,,3.4,,1.3,0,,,,,,,,,,0,,,0,,,0,,0,0,,0,0,0,,,,,,,,,
NH_DES,199712055403WNS,Surface Water,42.884752,-71.468136,5/17/2018,,Undisclosed,1.3,6,,0,0,0.64,2.5,1.5,0,,,,,,,,,,2.1,,0.86,0,,,,,,,,,,0,,,0,,,0,,0,0,,0,0,0,,,,,,,,,
NH_DES,199712055DB-101,Surface Water,42.887501,-71.464548,11/30/2018,,Undisclosed,0,3.6,,0,0,0.39,0.96,0.71,0,0,,0,,,,,,,0,0,0.56,0,,,,,,,,,,0,,,0,,0,0,,0,0,0,0,0,0,0,,,,,,,,
NH_DES,199712055DB-101,Surface Water,42.887501,-71.464548,11/2/2018,,Undisclosed,1.3,2.4,,0,0,0,1.1,0.71,0,0,,0,,,,,,,0,0,0,0,,,,,,,,,,0,,,0,,0,0,,0,0,0,0,0,0,0,,,,,,,,
NH_DES,199712055DB-101,Surface Water,42.887501,-71.464548,10/2/2018,,Undisclosed,26,420,,1.4,4.5,8.9,130,68,0.6,0,,8.9,,,,,,,96,2.6,6,26,,,,,,,,,,0,,,0,,0,0,,0,0,0,0,0,0,0,,,,,,,,
NH_DES,199712055DB-101,Surface Water,42.887501,-71.464548,8/28/2018,,Undisclosed,37,570,,2,6.1,11,180,94,0.97,0,,7.7,,,,,,,130,3.9,8.1,32,,,,,,,,,,0,,,0,,0,0,,0,0,0,0,0,0,0,,,,,,,,
NH_DES,199712055DB-101,Surface Water,42.887501,-71.464548,6/5/2018,,Undisclosed,28,490,,1.9,5.6,11,160,69,0,,,,,,,,,,120,,8.1,33,,,,,,,,,,0,,,0,,,0,,0,0,,0,0,0,,,,,,,,,
NH_DES,199712055DB-101,Surface Water,42.887501,-71.464548,5/24/2018,,Undisclosed,31,630,,2.1,5.3,11,160,90,0,,,,,,,,,,110,,7.8,30,,,,,,,,,,0,,,0,,,0,,0,0,,0,0,0,,,,,,,,,
NH_DES,199712055DB-101,Surface Water,42.887501,-71.464548,5/17/2018,,Undisclosed,25,530,,0,5.1,9.9,140,85,0,,,,,,,,,,100,,6.7,29,,,,,,,,,,0,,,0,,,0,,0,0,,0,0,0,,,,,,,,,
NH_DES,199712055DB-103,Surface Water,42.887236,-71.466254,11/30/2018,,Undisclosed,21,310,,1.7,3.5,6.4,96,54,0.36,0,,3.4,,,,,,,61,2.2,5,17,,,,,,,,,,0,,,0,,0,0,,0,0,0,0,0,0,1.5,,,,,,,,
NH_DES,199712055DB-103,Surface Water,42.887236,-71.466254,11/2/2018,,Undisclosed,24,340,,1.9,4,7.5,110,61,0.64,0.51,,7,,,,,,,78,2.3,5.4,22,,,,,,,,,,0,,,0,,0,0,,0,0,0,0,0,0,0,,,,,,,,
NH_DES,199712055DB-103,Surface Water,42.887236,-71.466254,10/2/2018,,Undisclosed,28,440,,1.8,4.9,8.7,140,70,0.57,0,,8.5,,,,,,,96,2.8,6.6,26,,,,,,,,,,0,,,0,,0,0,,0,0,0,0,0,0,0,,,,,,,,
NH_DES,199712055DB-103,Surface Water,42.887236,-71.466254,8/28/2018,,Undisclosed,35,490,,2.2,6.3,12,160,85,0.93,,,8.6,,,,,,,120,3,8.2,30,,,,,,,,,,0,,,0,,0,0,,0,0,0,0,0,0,0.75,,,,,,,,
NH_DES,199712055DB-103,Surface Water,42.887236,-71.466254,6/5/2018,,Undisclosed,32,490,,2.2,6,11,160,66,0,,,,,,,,,,110,,8.4,30,,,,,,,,,,0,,,0,,,0,,0,0,,0,0,0,,,,,,,,,
NH_DES,199712055DB-103,Surface Water,42.887236,-71.466254,5/17/2018,,Undisclosed,23,460,,0,4.9,8.5,110,68,0,,,,,,,,,,86,,7,23,,,,,,,,,,0,,,0,,,0,,0,0,,0,0,0,,,,,,,,,
NH_DES,199712055DB-104,Surface Water,42.887384,-71.467866,11/30/2018,,Undisclosed,22,330,,1.3,3.9,8.6,110,65,0.54,0.45,,5.6,,,,,,,74,3,6.9,20,,,,,,,,,,0,,,0,,0,0,,0,0,0,0,0,0,0.57,,,,,,,,
NH_DES,199712055DB-104,Surface Water,42.887384,-71.467866,11/2/2018,,Undisclosed,24,330,,2.1,4.4,6.7,96,55,0.61,0,,5.9,,,,,,,71,2.3,5.3,20,,,,,,,,,,0.34,,,0,,0,0,,0,0,0,0,0,0,0,,,,,,,,
NH_DES,199712055DB-104,Surface Water,42.887384,-71.467866,10/2/2018,,Undisclosed,26,360,,1.6,4.5,8.5,130,69,0.63,0,,7.7,,,,,,,89,2.7,6.4,23,,,,,,,,,,0,,,0,,0,0,,0,0,0,0,0,0,0,,,,,,,,
NH_DES,199712055DB-104,Surface Water,42.887384,-71.467866,8/28/2018,,Undisclosed,43,440,,3.1,6.6,12,150,85,0.85,,,11,,,,,,,120,2.9,8.1,29,,,,,,,,,,0,,,0,,0,0,,0,0,0,0,0,0,0,,,,,,,,
NH_DES,199712055DB-104,Surface Water,42.887384,-71.467866,6/5/2018,,Undisclosed,32,420,,2.2,5.3,11,150,70,0,,,,,,,,,,100,,8.3,28,,,,,,,,,,0,,,0,,,0,,0,0,,0,0,0,,,,,,,,,
NH_DES,199712055DB-104,Surface Water,42.887384,-71.467866,5/17/2018,,Undisclosed,22,420,,0,4.7,7.6,98,62,0,,,,,,,,,,75,,6.9,20,,,,,,,,,,0,,,0,,,0,,0,0,,0,0,0,,,,,,,,,
NH_DES,199712055DB-105,Surface Water,42.88819,-71.469136,11/30/2018,,Undisclosed,20,350,,1.3,3.6,7.4,110,60,0.39,0.44,,4.3,,,,,,,70,2.7,7.1,19,,,,,,,,,,0,,,0,,0,0,,0,0,0,0,0,0,1.3,,,,,,,,
NH_DES,199712055DB-105,Surface Water,42.88819,-71.469136,11/2/2018,,Undisclosed,19,310,,1.6,3.8,4.8,100,46,0,0,,5.5,,,,,,,71,1.8,5.2,21,,,,,,,,,,0,,,0,,0,0,,0,0,0,0,0,0,0,,,,,,,,
NH_DES,199712055DB-105,Surface Water,42.88819,-71.469136,10/2/2018,,Undisclosed,23,400,,1.7,4.1,7,120,63,0.48,0,,8.5,,,,,,,85,2.5,6.8,23,,,,,,,,,,0,,,0,,0,0,,0,0,0,0,0,0,0,,,,,,,,
NH_DES,199712055DB-105,Surface Water,42.88819,-71.469136,8/28/2018,,Undisclosed,35,410,,2.6,6.3,9.7,130,74,0.77,,,13,,,,,,,100,2.8,7.5,27,,,,,,,,,,0,,,0,,0,0,,0,0,0,0,0,0,0,,,,,,,,
NH_DES,199712055DB-105,Surface Water,42.88819,-71.469136,6/5/2018,,Undisclosed,29,390,,2.6,5.3,8.6,130,69,0,,,,,,,,,,100,,7.8,28,,,,,,,,,,0,,,0,,,0,,0,0,,0,0,0,,,,,,,,,
NH_DES,199712055DB-105,Surface Water,42.88819,-71.469136,5/17/2018,,Undisclosed,23,380,,0,4.7,6.7,100,61,0,,,,,,,,,,77,,6.7,21,,,,,,,,,,0,,,0,,,0,,0,0,,0,0,0,,,,,,,,,
NH_DES,199712055DB-106,Surface Water,42.889429,-71.468952,11/30/2018,,Undisclosed,17,360,,1.3,3.6,6.7,96,56,0.45,0.55,,5.7,,,,,,,68,2.5,6.3,18,,,,,,,,,,0,,,0,,0,0,,0,0,0,0,0,0,0.49,,,,,,,,
NH_DES,199712055DB-106,Surface Water,42.889429,-71.468952,11/30/2018,,Undisclosed,18,350,,1.3,3.6,6.6,96,59,0.45,0,,4.8,,,,,,,66,2.4,6.3,18,,,,,,,,,,0,,,0,,0,0,,0,0,0,0,0,0,1.6,,,,,,,,
NH_DES,199712055DB-106,Surface Water,42.889429,-71.468952,11/2/2018,,Undisclosed,16,280,,1.3,3.4,4.8,87,44,0,0,,4.3,,,,,,,58,1.9,5.4,18,,,,,,,,,,0,,,0,,0,0,,0,0,0,0,0,0,0,,,,,,,,
NH_DES,199712055DB-106,Surface Water,42.889429,-71.468952,11/2/2018,,Undisclosed,16,290,,1.2,3.4,4.8,94,48,0,0,,4.1,,,,,,,63,1.8,5.4,19,,,,,,,,,,0,,,0,,0,0,,0,0,0,0,0,0,0,,,,,,,,
NH_DES,199712055DB-106,Surface Water,42.889429,-71.468952,10/2/2018,,Undisclosed,20,350,,1.3,3.6,6.4,100,56,0,0,,9.2,,,,,,,75,2.1,5.3,20,,,,,,,,,,0,,,0,,0,0,,0,0,0,0,0,0,0,,,,,,,,
NH_DES,199712055DB-106,Surface Water,42.889429,-71.468952,10/2/2018,,Undisclosed,22,360,,1.7,3.9,6.5,120,61,0,0,,10,,,,,,,84,2.4,6.4,22,,,,,,,,,,0,,,0,,0,0,,0,0,0,0,0,0,0,,,,,,,,
NH_DES,199712055DB-106,Surface Water,42.889429,-71.468952,8/28/2018,,Undisclosed,30,460,,2.4,5.7,8.9,140,78,0.87,,,9.5,,,,,,,100,2.6,7,25,,,,,,,,,,0,,,0,,0,0,,0,0,0,0,0,0,0.49,,,,,,,,
NH_DES,199712055DB-106,Surface Water,42.889429,-71.468952,6/5/2018,,Undisclosed,30,410,,2.6,5.6,8.6,140,67,0,,,,,,,,,,100,,8.4,29,,,,,,,,,,0,,,0,,,0,,0,0,,0,0,0,,,,,,,,,
NH_DES,199712055DB-106,Surface Water,42.889429,-71.468952,5/17/2018,,Undisclosed,21,360,,0,4.4,6.6,95,58,0,,,,,,,,,,70,,6.9,20,,,,,,,,,,0,,,0,,,0,,0,0,,0,0,0,,,,,,,,,
NH_DES,199712055DB-107,Surface Water,42.890706,-71.4689,11/30/2018,,Undisclosed,13,320,,0.83,2.5,5.8,75,48,0,0,,2.3,,,,,,,44,2.3,5.4,14,,,,,,,,,,0,,,0,,0,0,,0,0,0,0,0,0,0,,,,,,,,
NH_DES,199712055DB-107,Surface Water,42.890706,-71.4689,11/2/2018,,Undisclosed,11,250,,0.88,2.2,3.9,59,38,0,0,,2.2,,,,,,,36,1.8,4.6,13,,,,,,,,,,0,,,0,,0,0,,0,0,0,0,0,0,0,,,,,,,,
NH_DES,199712055DB-107,Surface Water,42.890706,-71.4689,10/2/2018,,Undisclosed,12,230,,0,2.6,5.1,74,43,0,0,,2.5,,,,,,,47,2,5,15,,,,,,,,,,0,,,0,,0,0,,0,0,0,0,0,0,0,,,,,,,,
NH_DES,199712055DB-107,Surface Water,42.890706,-71.4689,8/28/2018,,Undisclosed,19,270,,1.3,3.4,7.3,90,52,0.46,,,4,,,,,,,55,2.2,6,17,,,,,,,,,,0,,,0,,0,0,,0,0,0,0,0,0,0,,,,,,,,
NH_DES,199712055DB-107,Surface Water,42.890706,-71.4689,6/5/2018,,Undisclosed,9.9,320,,0,2.4,6.5,88,50,0,,,,,,,,,,50,,7,18,,,,,,,,,,0,,,0,,,0,,0,0,,0,0,0,,,,,,,,,
NH_DES,199712055DB-107,Surface Water,42.890706,-71.4689,5/18/2018,,Undisclosed,13,330,,0.92,2.3,6.5,82,51,0,,,,,,,,,,46,,6.4,16,,,,,,,,,,0,,,0,,,0,,0,0,,0,0,0,,,,,,,,,
NH_DES,199712055402WIC,Surface Water,42.884984,-71.46771,10/2/2018,,Undisclosed,1.3,,,0,0.38,0.58,2.7,1.6,0,0,,0,,,,,,,2.1,0,0.7,0,,,,,,,,,,0,,,0,,0,0,,0,0,0,0,0,0,0,,,,,,,,
NH_DES,199712055402WIC,Surface Water,42.884984,-71.46771,8/28/2018,,Undisclosed,4.9,74,,0,0.97,2.1,23,14,0,0,,0,,,,,,,19,0,1.6,6.3,,,,,,,,,,0,,,0,,0,0,,0,0,0,0,0,0,0,,,,,,,,
NH_DES,199712055402WIC,Surface Water,42.884984,-71.46771,6/5/2018,,Undisclosed,1.8,9,,0,0,0.99,3.8,2.2,0,,,,,,,,,,3.4,,1.2,0,,,,,,,,,,0,,,0,,,0,,0,0,,0,0,0,,,,,,,,,
NH_DES,199712055402WIC,Surface Water,42.884984,-71.46771,5/17/2018,,Undisclosed,1.4,7.5,,0,0,0.67,2.8,1.8,0,,,,,,,,,,2.2,,0.94,0,,,,,,,,,,0,,,0,,,0,,0,0,,0,0,0,,,,,,,,,
NH_DES,199712055402WNS,Surface Water,42.884984,-71.46771,11/2/2018,,Undisclosed,2.9,35,,0,0.55,0.91,10,6.1,0,0,,0,,,,,,,7.3,0,0,3.1,,,,,,,,,,0,,,0,,0,0,,0,0,0,0,0,0,0,,,,,,,,
NH_DES,199712055402WNS,Surface Water,42.884984,-71.46771,10/2/2018,,Undisclosed,1.5,8.7,,0,0.36,0.56,3,1.9,0,0,,0,,,,,,,2.1,0,0.72,0,,,,,,,,,,0,,,0,,0,0,,0,0,0,0,0,0,0.79,,,,,,,,
NH_DES,199712055402WNS,Surface Water,42.884984,-71.46771,8/28/2018,,Undisclosed,9.2,160,,0,1.5,3.6,47,27,0,0,,1.7,,,,,,,36,0,2.5,10,,,,,,,,,,0,,,0,,0,0,,0,0,0,0,0,0,0,,,,,,,,
NH_DES,199712055402WNS,Surface Water,42.884984,-71.46771,6/5/2018,,Undisclosed,2.2,27,,0,0.4,1,6.9,4.5,0,,,,,,,,,,5.3,,1.5,1.9,,,,,,,,,,0,,,0,,,0,,0,0,,0,0,0,,,,,,,,,
NH_DES,199712055402WNS,Surface Water,42.884984,-71.46771,5/17/2018,,Undisclosed,1.9,8.2,,0,0,0.73,3.3,1.8,0,,,,,,,,,,2.5,,0.94,0,,,,,,,,,,0,,,0,,,0,,0,0.3,,0,0,0,,,,,,,,,
NH_DES,199712055DB-108,Surface Water,42.893066,-71.469512,11/30/2018,,Undisclosed,5.6,190,,0,1.2,5.7,36,29,0,0,,0,,,,,,,18,1.9,4.6,7.6,,,,,,,,,,0,,,0,,0,0,,0,0,0,0,0,0,0,,,,,,,,
NH_DES,199712055DB-108,Surface Water,42.893066,-71.469512,11/2/2018,,Undisclosed,4.5,160,,0,1.3,2.9,32,23,0,0,,0,,,,,,,17,1,3.9,8.7,,,,,,,,,,0,,,0,,0,0,,0,0,0,0,0,0,0,,,,,,,,
NH_DES,199712055DB-108,Surface Water,42.893066,-71.469512,10/2/2018,,Undisclosed,5.2,190,,0,1.1,4.4,41,32,0,0,,0,,,,,,,21,1.5,4.8,8.5,,,,,,,,,,0,,,0,,0,0,,0,0,0,0,0,0,0,,,,,,,,
NH_DES,199712055DB-108,Surface Water,42.893066,-71.469512,8/28/2018,,Undisclosed,8.3,250,,0,1.7,6,45,35,0,0,,0,,,,,,,26,1.9,5.3,11,,,,,,,,,,0,,,0,,0,0,,0,0,0,0,0,0,0,,,,,,,,
NH_DES,199712055DB-108,Surface Water,42.893066,-71.469512,6/5/2018,,Undisclosed,6.9,260,,0,1.5,6.1,62,39,0,,,,,,,,,,32,,6.1,14,,,,,,,,,,0,,,0,,,0,,0,0,,0,0,0,,,,,,,,,
NH_DES,199712055DB-108,Surface Water,42.893066,-71.469512,5/18/2018,,Undisclosed,6.9,240,,0,1.5,6.1,45,38,0,,,,,,,,,,23,,5.5,9.2,,,,,,,,,,0,,,0,,,0,,0,0,,0,0,0,,,,,,,,,
NH_DES,199712055DB-109,Surface Water,42.893935,-71.469726,11/30/2018,,Undisclosed,5.4,190,,0,1,5.4,31,27,0,0,,0,,,,,,,15,2,4.6,6.3,,,,,,,,,,0,,,0,,0,0,,0,0,0,0,0,0,0,,,,,,,,
NH_DES,199712055DB-109,Surface Water,42.893935,-71.469726,11/2/2018,,Undisclosed,4.7,110,,0,0.82,1.9,18,16,0,0,,0,,,,,,,10,0.75,0,5.6,,,,,,,,,,0,,,0,,0,0,,0,0,0,0,0,0,0,,,,,,,,
NH_DES,199712055DB-109,Surface Water,42.893935,-71.469726,10/2/2018,,Undisclosed,4.7,170,,0,0.9,4.1,31,26,0,0,,0,,,,,,,17,1.1,4.3,7.9,,,,,,,,,,0,,,0,,0,0,,0,0,0,0,0,0,0,,,,,,,,
NH_DES,199712055DB-109,Surface Water,42.893935,-71.469726,8/28/2018,,Undisclosed,6.4,210,,0,1.1,5.5,39,32,0,,,0,,,,,,,21,1.7,5.4,8.9,,,,,,,,,,0,,,0,,0,0,,0,0,0,0,0,0,1.2,,,,,,,,
NH_DES,199712055DB-109,Surface Water,42.893935,-71.469726,6/5/2018,,Undisclosed,5.1,220,,0,0.94,5.4,39,29,0,,,,,,,,,,19,,5.7,8.9,,,,,,,,,,0,,,0,,,0,,0,0,,0,0,0,,,,,,,,,
NH_DES,199712055DB-109,Surface Water,42.893935,-71.469726,5/18/2018,,Undisclosed,6,210,,0,0.91,5.6,37,33,0,,,,,,,,,,18,,5.6,8,,,,,,,,,,0,,,0,,,0,,0,0,,0,0,0,,,,,,,,,
NH_DES,199712055201WNS,Surface Water,42.891376,-71.462744,12/6/2018,,Undisclosed,21,91,,1.2,1.8,1.3,23,16,0,0,,3.1,,,,,,,17,0.41,0.72,5.8,,,,,,,,,,0,,,0,,0,2.9,,0,0,0,0,0,0,0.67,,,,,,,,
NH_DES,199712055201WNS,Surface Water,42.891376,-71.462744,11/13/2018,,Undisclosed,6.2,21,,1.2,0.54,0.37,5.3,3.4,0,0,,2.8,,,,,,,3.5,0,0.46,2,,,,,,,,,,0.64,,,0,,0,1.2,,0,0,0,0,0,1,0,,,,0,,,,
NH_DES,199712055201WNS,Surface Water,42.891376,-71.462744,11/13/2018,,Undisclosed,7.8,63,,1.4,0.92,0.57,13,8,0,0,,7.9,,,,,,,6.8,0,0.51,4.2,,,,,,,,,,0.65,,,0,,0,2.1,,0,0.3,0,0,0.38,0.96,0.61,,,,0,,,,
NH_DES,199712055201WNS,Surface Water,42.891376,-71.462744,9/10/2018,,Undisclosed,35,350,,6.6,5.3,3.1,98,54,0.38,0,,15,,,,,,,100,0.95,2.2,31,,,,,,,,,,3.7,,,0,,0,15,,0,2.3,0,0,3.1,9.2,3.8,,,,,,,,
NH_DES,199712055201WNS,Surface Water,42.891376,-71.462744,8/21/2018,,Undisclosed,3.6,14,,0,0.68,0.66,4.8,3.2,0,0,,2.6,,,,,,,5.2,0,0.69,2.8,,,,,,,,,,0.37,,,0,,0,0,,0,0,0,0,0,0,0,,,,,,,,
NH_DES,199712055201WNS,Surface Water,42.891376,-71.462744,8/21/2018,,Undisclosed,19.2,69.6,,0,4.32,4.64,24.8,17.6,0,0,,11.2,,,,,,,28.8,0,6,19.2,,,,,,,,,,0,,,0,,0,0,,0,0,0,0,0,0,0,,,,,,,,
NH_DES,199712055201WNS,Surface Water,42.891376,-71.462744,6/4/2018,,Undisclosed,10,79,,1.6,1.2,1.7,32,19,0,,,8.5,0,0,,,,,28,0.53,1.5,8.2,,,,,,,,,0,1.1,,0,0,0,0,1.5,0,0,0.89,0.32,0,0.51,0.6,1.9,,,,,,,,0
NH_DES,199712055201WNS,Surface Water,42.891376,-71.462744,5/24/2018,,Undisclosed,7.2,54,,1.8,0.69,1.2,28,17,0,0,,6,0,0,,,,,24,0.51,0.97,9.1,,,,,,,,,0,1.5,,0,0,0,0,0,0,0,0.56,0,0,0,0,1.6,,,,,,,,0
NH_DES,199712055202W1C,Surface Water,42.888244,-71.463702,11/13/2018,,Undisclosed,0.84,2.4,,0,0,0.35,0.82,0.65,0,0,,0,,,,,,,0,0,0.47,0,,,,,,,,,,0,,,0,,0,0,,0,0,0,0,0,0,0,,,,0,,,,
NH_DES,199712055202W1C,Surface Water,42.888244,-71.463702,9/10/2018,,Undisclosed,2,,,0,0.49,1.1,3.2,,0,0,,0.94,,,,,,,2.8,0,1.7,1.9,,,,,,,,,,0,,,0,,0,0,,0,0,0,0,0,0,0,,,,,,,,
NH_DES,199712055202W1C,Surface Water,42.888244,-71.463702,8/21/2018,,Undisclosed,1.6,2.8,,0,0.5,0.65,1.7,1.2,0,0,,0,,,,,,,2.2,0,0.8,2,,,,,,,,,,0,,,0,,0,0,,0,0,0,0,0,0,0,,,,,,,,
NH_DES,199712055202W1C,Surface Water,42.888244,-71.463702,6/4/2018,,Undisclosed,1.6,4,,0,0,0.86,2.7,1.5,0,,,,,,,,,,2.5,,1.2,0,,,,,,,,,,0,,,0,,,0,,0,0,,0,0,0,,,,,,,,,
NH_DES,199712055202W1C,Surface Water,42.888244,-71.463702,5/24/2018,,Undisclosed,2.3,2.5,,0,0,0.53,1.2,0.72,0,,,,,,,,,,0,,0.68,0,,,,,,,,,,0,,,0,,,0,,0,0,,0,0,0,,,,,,,,,
NH_DES,199712055202WNS,Surface Water,42.888244,-71.463702,12/6/2018,,Undisclosed,0.84,2.7,,0,0,0.37,1,0.63,0,0,,0,,,,,,,0,0,0.53,0,,,,,,,,,,0,,,0,,0,0,,0,0,0,0,0,0,0,,,,,,,,
NH_DES,199712055202WNS,Surface Water,42.888244,-71.463702,11/13/2018,,Undisclosed,0.86,2.5,,0,0,0.35,0.96,0.65,0,0,,0,,,,,,,0,0,0.44,0,,,,,,,,,,0,,,0,,0,0,,0,0,0,0,0,0,0,,,,0,,,,
NH_DES,199712055202WNS,Surface Water,42.888244,-71.463702,9/10/2018,,Undisclosed,0,,,0,0.44,1,2.9,,0,0,,0,,,,,,,2.6,0,1.5,1.9,,,,,,,,,,0,,,0,,0,0,,0,0,0,0,0,0,0,,,,,,,,
NH_DES,199712055202WNS,Surface Water,42.888244,-71.463702,8/21/2018,,Undisclosed,1.7,2.9,,0,0.48,0.47,1.5,1.1,0,0,,0,,,,,,,2.4,0,0.67,2.1,,,,,,,,,,0,,,0,,0,0,,0,0,0,0,0,0,0,,,,,,,,
NH_DES,199712055202WNS,Surface Water,42.888244,-71.463702,6/4/2018,,Undisclosed,1.7,4.2,,0,0,0.91,3,1.4,0,,,,,,,,,,2.4,,1.2,0,,,,,,,,,,0,,,0,,,0,,0,0,,0,0,0,,,,,,,,,
NH_DES,199712055202WNS,Surface Water,42.888244,-71.463702,5/24/2018,,Undisclosed,1,2.5,,0,0,0.54,1.2,0.68,0,,,,,,,,,,0,,0.7,0,,,,,,,,,,0,,,0,,,0,,0,0,,0,0,0,,,,,,,,,
NH_DES,199712055SGPPO1,Surface Water,42.891479,-71.46294,12/6/2018,,Undisclosed,850,3300,,30,57,45,730,590,12,0,,84,,,,,,,530,12,8.7,170,,,,,,,,,,6.2,,,0,,0,130,,0,0,0,0,0,0,5,,,,,,,,
NH_DES,199712055SGPPO1,Surface Water,42.891479,-71.46294,11/13/2018,,Undisclosed,38,470,,0,5,0,99,65,0,0,,72,,,,,,,48,0,0,30,,,,,,,,,,0,,,0,,0,0,,0,0,0,0,0,0,0,,,,0,,,,
NH_DES,199712055SGPPO1,Surface Water,42.891479,-71.46294,9/10/2018,,Undisclosed,53,2500,,3.4,16,16,740,420,1.3,1.7,,26,,,,,,,490,4.5,5.8,140,,,,,,,,,,1.2,,,0,,0,5.7,,0,3.5,1.1,0,2.4,2.4,1.1,,,,,,,,
NH_DES,199712055SGPPO1,Surface Water,42.891479,-71.46294,9/10/2018,,Undisclosed,1600,7900,,180,170,130,5600,3100,16,57,,8100,,,,,,,2800,32,51,1400,,,,,,,,,,58,,,0,,12,29,,0,20,4.8,0,27,57,17,,,,,,,,
NH_DES,199712055SGPPO1,Surface Water,42.891479,-71.46294,9/10/2018,,Undisclosed,7200,37600,,720,760,560,26000,14800,100,164,,35200,,,,,,,12000,160,208,7200,,,,,,,,,,204,,,0,,0,80,,0,28.4,8,0,48,168,72,,,,,,,,
NH_DES,199712055SGPPO1,Surface Water,42.891479,-71.46294,8/21/2018,,Undisclosed,83,2700,,5.8,26,17,580,390,1.7,1.8,,65,,,,,,,410,4.8,5.7,130,,,,,,,,,,2.2,,,0,,1.4,9.4,,0,1.9,0,0,2.3,4.2,2.3,,,,,,,,
NH_DES,199712055SGPPO1,Surface Water,42.891479,-71.46294,6/4/2018,,Undisclosed,140,2200,,9.9,23,21,730,430,2.5,2.3,,50,0,0,,,,,500,6.6,8,160,,,,,,,,,0,4.6,,0,0,0,1.3,16,0,0,3,0.69,0,4.1,7.4,5.3,,,,,,,,0
NH_DES,199712055SGPPO1,Surface Water,42.891479,-71.46294,5/24/2018,,Undisclosed,110,2100,,10,17,20,760,400,0,1.5,,86,0,0,,,,,530,7,7.8,160,,,,,,,,,0,4.8,,0,0,0,0,9.4,0,0,0,0,0,2.8,6.1,0,,,,,,,,0
NH_DES,199712055101WNS,Surface Water,42.893759,-71.460989,12/6/2018,,Undisclosed,0.74,3,,0,0,0.42,1.1,0.9,0,0,,0,,,,,,,0,0,0.54,0,,,,,,,,,,0,,,0,,0,0,,0,0,0,0,0,0,1.4,,,,,,,,
NH_DES,199712055101WNS,Surface Water,42.893759,-71.460989,11/13/2018,,Undisclosed,1.2,3.3,,0,0,0.38,1,0.68,0,0,,0,,,,,,,0,0,0.46,0,,,,,,,,,,0,,,0,,0,0,,0,0,0,0,0,0,0,,,,0,,,,
NH_DES,199712055101WNS,Surface Water,42.893759,-71.460989,9/10/2018,,Undisclosed,2.2,,,0,0.63,1.2,4.1,,0,0,,1.6,,,,,,,3,0,1.7,2,,,,,,,,,,0,,,0,,0,1,,0,0,0,0,0,0,0.68,,,,,,,,
NH_DES,199712055101WNS,Surface Water,42.893759,-71.460989,8/21/2018,,Undisclosed,1.5,3.6,,0,0.54,0.55,1.4,1.3,0,0,,0,,,,,,,2.1,0,0.79,2.1,,,,,,,,,,0,,,0,,0,0,,0,0,0,0,0,0,0,,,,,,,,
NH_DES,199712055101WNS,Surface Water,42.893759,-71.460989,6/4/2018,,Undisclosed,1.7,9.4,,0,0,1,4.6,2.5,0,,,0,0,0,,,,,3.4,0,1.4,0,,,,,,,,,0,0,,0,0,0,0,0,0,0,0,0,0,0,0,0,,,,,,,,0
NH_DES,199712055101WNS,Surface Water,42.893759,-71.460989,6/4/2018,,Undisclosed,16.2,83.7,,0,0,9,39.6,21.6,0,,,0,0,0,,,,,29.7,0,13.5,0,,,,,,,,,0,0,,0,0,0,0,0,0,0,0,0,0,0,0,0,,,,,,,,0
NH_DES,199712055101WNS,Surface Water,42.893759,-71.460989,5/24/2018,,Undisclosed,1.3,7.2,,0,0.62,0.68,2.5,1.5,0,0,,8.7,0,0,,,,,2,0,0.88,0,,,,,,,,,0,0,,0,0,0,0,0,0,0,0,0,0,0,0,0,,,,,,,,0
NH_DES,199712055101WNS,Surface Water,42.893759,-71.460989,5/24/2018,,Undisclosed,25,220,,0,4,7.6,90,59,0,0,,14,0,0,,,,,81,0,9.3,24,,,,,,,,,0,3.9,,0,0,0,0,0,0,0,0,0,0,0,0,0,,,,,,,,0
NH_DES,199712055201W1C,Surface Water,42.891376,-71.462744,12/6/2018,,Undisclosed,7.2,37,,0,0.77,0.74,8.9,6.7,0,0,,1.3,,,,,,,6.6,0,0.64,2.6,,,,,,,,,,0,,,0,,0,1.2,,0,0,0,0,0,0,0.49,,,,,,,,
NH_DES,199712055201W1C,Surface Water,42.891376,-71.462744,12/6/2018,,Undisclosed,2.9,14,,0,0.44,0.59,4.2,3.3,0,0,,0,,,,,,,3.3,0,0.61,0,,,,,,,,,,0,,,0,,0,0,,0,0,0,0,0,0,1,,,,,,,,
NH_DES,199712055201W1C,Surface Water,42.891376,-71.462744,11/13/2018,,Undisclosed,0.84,3.8,,0,0,0.38,1.3,1,0,0,,0,,,,,,,0,0,0.45,0,,,,,,,,,,0,,,0,,0,0,,0,0,0,0,0,0,0,,,,0,,,,
NH_DES,199712055201W1C,Surface Water,42.891376,-71.462744,9/10/2018,,Undisclosed,2,,,0,0.47,1.1,3.2,,0,0,,0,,,,,,,2.8,0,1.5,1.9,,,,,,,,,,0,,,0,,0,0,,0,0,0,0,0,0,0,,,,,,,,
NH_DES,199712055201W1C,Surface Water,42.891376,-71.462744,8/21/2018,,Undisclosed,1.9,4.9,,0,0.57,0.6,2,1.7,0,0,,0,,,,,,,2.7,0,0.64,2,,,,,,,,,,0,,,0,,0,0,,0,0,0,0,0,0,0,,,,,,,,
NH_DES,199712055201W1C,Surface Water,42.891376,-71.462744,6/4/2018,,Undisclosed,35,220,,6.4,6,2.4,84,39,0.55,,,120,0,0,,,,,49,0.59,1.8,21,,,,,,,,,0,2.7,,0,0,0,0,4.6,0,0,1.3,0.38,0,1.3,2.9,3,,,,,,,,0
NH_DES,199712055201W1C,Surface Water,42.891376,-71.462744,5/24/2018,,Undisclosed,2.4,29,,0,0.49,0.9,12,6.2,0,0,,1.7,0,0,,,,,9.9,0,0.97,3.6,,,,,,,,,0,0,,0,0,0,0,0,0,0,0,0,0,0,0,0,,,,,,,,0
NH_DES,199004008ST1D,Surface Water,42.861,-71.3475,11/2/2023,,Undisclosed,7.4,15,,,0,2.9,6.4,5.1,0,,,,,,,,,,12,,3.8,4.5,,,,,,,,,,,,,,,,,,0,,,0,,,,,,,,,,,
NH_DES,199004008ST1D,Surface Water,42.861,-71.3475,5/2/2023,,Undisclosed,21,21,,,2.2,4.6,7.7,6,0,,,,,,,,,,10,,3.6,18,,,,,,,,,,,,,,,,,,0,,,0,,,,,,,,,,,
NH_DES,199004008ST1D,Surface Water,42.861,-71.3475,10/31/2022,,Undisclosed,10,19,,,0,1.8,9.1,4.2,0,,,,,,,,,,11,,5.5,5.8,,,,,,,,,,,,,,,,,,0,,,0,,,,,,,,,,,
NH_DES,199004008ST1D,Surface Water,42.861,-71.3475,5/6/2022,,Undisclosed,14,13,,,0,2.6,3.7,2.1,0,,,,,,,,,,4.5,,2.1,2.8,,,,,,,,,,,,,,,,,,0,,,0,,,,,,,,,,,
NH_DES,199004008ST1D,Surface Water,42.861,-71.3475,11/11/2021,,Undisclosed,11.1,16.5,,,0,3.32,7.73,4.22,0,,,,,,,,,,8.08,,3.04,4.15,,,,,,,,,,,,,,,,,,0,,,0,,,,,,,,,,,
NH_DES,199004008ST1D,Surface Water,42.861,-71.3475,5/26/2021,,Undisclosed,9.15,23.3,,0,2.79,7.91,27.1,12.17,0,0,0,0,0,0,,,,,12.3,0,12.61,12.85,,,,,,,,,0,0,,,0,,,0,,0,0,0,0,0,0,,,,,0,,,,0
NH_DES,199004008ST1D,Surface Water,42.861,-71.3475,5/26/2021,,Undisclosed,0,,,0,,0,,,0,0,0,0,0,0,,,,,,,0,,,,,,,,,,0,,,,0,,,0,,0,,0,0,,0,,,,,0,,,,0
NH_DES,199004008ST1D,Surface Water,42.861,-71.3475,5/26/2021,,Undisclosed,30.6,41.2,,0,0,0,7.76,4.1,0,0,0,0,0,0,,,,,23.13,0,3.03,4.29,,,,,,,,,0,0,,,0,,,0,,0,0,0,0,0,0,,,,,0,,,,0
NH_DES,199004008ST1D,Surface Water,42.861,-71.3475,12/4/2020,,Undisclosed,15,12.9,,,0,2.14,6.08,3.14,0,,,,,,,,,,6.28,,3.86,3.62,,,,,,,,,,,,,,,,,,0,,,0,,,,,,,,,,,
NH_DES,199004008ST1D,Surface Water,42.861,-71.3475,7/2/2020,,Undisclosed,31.2,24.9,,,2.8,2.53,14,6.86,0,,,,,,,,,,16.4,,5.82,8.02,,,,,,,,,,,,,,,,,,0,,,0,,,,,,,,,,,
NH_DES,199004008ST1D,Surface Water,42.861,-71.3475,10/30/2019,,Undisclosed,6.87,15.1,,,0,0,10.2,4.17,0,,,,,,,,,,9.84,,4.08,4.51,,,,,,,,,,,,,,,,,,0,,,0,,,,,,,,,,,
NH_DES,199004008ST1D,Surface Water,42.861,-71.3475,7/31/2018,,Undisclosed,10.1,20.7,,,2.18,3.12,12.2,6.2,0,,,,,,,,,,13.7,,5.76,8.06,,,,,,,,,,,,,,,,,,0,,,0,,,,,,,,,,,
NH_DES,199004008ST1D,Surface Water,42.861,-71.3475,7/31/2018,,Undisclosed,9.66,21.7,,,0,2.85,12,5.88,0,,,,,,,,,,14.2,,6.04,8.52,,,,,,,,,,,,,,,,,,0,,,0,,,,,,,,,,,
NH_DES,199712055301WNS,Surface Water,42.8877,-71.4639,11/30/2018,,Undisclosed,0,2.1,,0,0,0.39,0.73,0.69,0,0,,0,,,,,,,0,0,0.6,0,,,,,,,,,,0,,,0,,0,0,,0,0,0,0,0,0,0,,,,,,,,
NH_DES,199712055301WNS,Surface Water,42.8877,-71.4639,11/2/2018,,Undisclosed,2.4,2.8,,0,0,0,1.3,0.8,0,0,,0,,,,,,,0,0,0,0,,,,,,,,,,0,,,0,,0,0,,0,0,0,0,0,0,0,,,,,,,,
NH_DES,199712055301WNS,Surface Water,42.8877,-71.4639,10/2/2018,,Undisclosed,1.4,,,0,0.36,0.64,1.6,1,0,0,,0,,,,,,,0,0,0.66,0,,,,,,,,,,0,,,0,,0,0,,0,0,0,0,0,0,0,,,,,,,,
NH_DES,199712055301WNS,Surface Water,42.8877,-71.4639,8/28/2018,,Undisclosed,2.1,3.3,,0,0.58,0.83,1.9,1.3,0,0,,0,,,,,,,2.6,0,0.9,0,,,,,,,,,,0,,,0,,0,0,,0,0,0,0,0,0,0.56,,,,,,,,
NH_DES,199712055301WNS,Surface Water,42.8877,-71.4639,6/5/2018,,Undisclosed,1.6,3.5,,0,0,0.96,2.3,1.1,0,,,,,,,,,,2.4,,1.3,0,,,,,,,,,,0,,,0,,,0,,0,0,,0,0,0,,,,,,,,,
NH_DES,199712055301WNS,Surface Water,42.8877,-71.4639,5/24/2018,,Undisclosed,0.93,2.6,,0,0,0.55,1.3,0.7,0,,,,,,,,,,0,,0.72,0,,,,,,,,,,0,,,0,,,0,,0,0,,0,0,0,,,,,,,,,
NH_DES,199712055301WNS,Surface Water,42.8877,-71.4639,5/24/2018,,Undisclosed,7,16.8,,0,0,3.57,9.1,4.55,0,,,,,,,,,,0,,5.04,0,,,,,,,,,,0,,,0,,,0,,0,0,,0,0,0,,,,,,,,,
NH_DES,199712055302WIC,Surface Water,42.8873,-71.4643,10/2/2018,,Undisclosed,1.6,5.8,,0,0.43,0.6,2.4,1.5,0,0,,0,,,,,,,0,0,0.75,0,,,,,,,,,,0,,,0,,0,0,,0,0,0,0,0,0,0,,,,,,,,
NH_DES,199712055302WIC,Surface Water,42.8873,-71.4643,8/28/2018,,Undisclosed,1.8,5.7,,0,0.45,0.75,2.6,1.8,0,0,,0,,,,,,,2.9,0,0.83,0,,,,,,,,,,0,,,0,,0,0,,0,0,0,0,0,0,0,,,,,,,,
NH_DES,199712055302WIC,Surface Water,42.8873,-71.4643,6/5/2018,,Undisclosed,2,5.8,,0,0,1.1,3.1,1.6,0,,,,,,,,,,3.1,,1.3,0,,,,,,,,,,0,,,0,,,0,,0,0,,0,0,0,,,,,,,,,
NH_DES,199712055302WIC,Surface Water,42.8873,-71.4643,5/24/2018,,Undisclosed,1.2,4.4,,0,0,0.67,1.9,0.93,0,,,,,,,,,,2,,0.76,0,,,,,,,,,,0,,,0,,,0,,0,0,,0,0,0,,,,,,,,,
NH_DES,199712055302WNS,Surface Water,42.8873,-71.4643,10/2/2018,,Undisclosed,1.5,5.2,,0,0,0.57,2.4,1.5,0,0,,0,,,,,,,0,0,0.77,0,,,,,,,,,,0,,,0,,0,0,,0,0,0,0,0,0,0,,,,,,,,
NH_DES,199712055302WNS,Surface Water,42.8873,-71.4643,8/28/2018,,Undisclosed,1.9,4.9,,0,0.48,0.71,2.2,1.4,0,0,,0,,,,,,,3,0,0.74,2,,,,,,,,,,0,,,0,,0,0,,0,0,0,0,0,0,0.59,,,,,,,,
NH_DES,199712055302WNS,Surface Water,42.8873,-71.4643,8/28/2018,,Undisclosed,10.8,33.6,,0,2.88,4.98,15,9.6,0,0,,0,,,,,,,18.6,0,5.1,12,,,,,,,,,,0,,,0,,0,0,,0,0,0,0,0,0,0,,,,,,,,
NH_DES,199712055302WNS,Surface Water,42.8873,-71.4643,6/5/2018,,Undisclosed,2,14,,0,0.45,0.93,5.4,2.8,0,,,,,,,,,,4.4,,1.3,0,,,,,,,,,,0,,,0,,,0,,0,0,,0,0,0,,,,,,,,,
NH_DES,199712055302WNS,Surface Water,42.8873,-71.4643,6/5/2018,,Undisclosed,20.8,52.8,,0,0,7.52,21.6,11.2,0,,,,,,,,,,22.4,,9.6,0,,,,,,,,,,0,,,0,,,0,,0,33.6,,0,0,0,,,,,,,,,
NH_DES,199712055302WNS,Surface Water,42.8873,-71.4643,5/24/2018,,Undisclosed,1.2,4.7,,0,0,0.55,1.8,1,0,,,,,,,,,,1.9,,0.73,0,,,,,,,,,,0,,,0,,,0,,0,0,,0,0,0,,,,,,,,,
NH_DES,199712055303WNS,Surface Water,42.8867,-71.4647,10/2/2018,,Undisclosed,1.4,,,0,0,0.61,2.4,1.5,0,0,,0,,,,,,,1.8,0,0.64,0,,,,,,,,,,0,,,0,,0,0,,0,0,0,0,0,0,0,,,,,,,,
NH_DES,199712055303WNS,Surface Water,42.8867,-71.4647,8/28/2018,,Undisclosed,1.8,5.3,,0,0.52,0.82,2.4,1.6,0,0,,0,,,,,,,2.9,0,0.9,2,,,,,,,,,,0,,,0,,0,0,,0,0,0,0,0,0,0.55,,,,,,,,
NH_DES,199712055303WNS,Surface Water,42.8867,-71.4647,6/5/2018,,Undisclosed,1.9,5.1,,0,0,0.86,2.9,1.4,0,,,,,,,,,,2.6,,1.3,0,,,,,,,,,,0,,,0,,,0,,0,0,,0,0,0,,,,,,,,,
NH_DES,199712055303WNS,Surface Water,42.8867,-71.4647,5/24/2018,,Undisclosed,1.2,4.3,,0,0,0.57,1.7,0.87,0,,,,,,,,,,2,,0.7,0,,,,,,,,,,0,,,0,,,0,,0,0,,0,0,0,,,,,,,,,
NH_DES,199712055DB-102,Surface Water,42.8853,-71.4674,11/2/2018,,Undisclosed,2.9,38,,0,0.63,0.86,10,5.5,0,0,,0.92,,,,,,,7.3,0,0,3,,,,,,,,,,0,,,0,,0,0,,0,0,0,0,0,0,0,,,,,,,,
NH_DES,199712055DB-102,Surface Water,42.8853,-71.4674,10/2/2018,,Undisclosed,1.7,13,,0,0.44,0.69,4.5,2.9,0,0,,0,,,,,,,3.2,0,0.76,1.9,,,,,,,,,,0,,,0,,4.3,0,,0,0,0,0,0,0,0.67,,,,,,,,
NH_DES,199712055DB-102,Surface Water,42.8853,-71.4674,8/28/2018,,Undisclosed,17,290,,0,2.6,6.1,87,52,0,0,,3.3,,,,,,,72,2,4.3,18,,,,,,,,,,0,,,0,,0,0,,0,0,0,0,0,0,0,,,,,,,,
NH_DES,199712055DB-102,Surface Water,42.8853,-71.4674,6/5/2018,,Undisclosed,48,650,,0,5.2,17,240,110,0,,,,,,,,,,180,,8.3,41,,,,,,,,,,0,,,0,,,0,,0,0,,0,0,0,,,,,,,,,
NH_DES,199712055DB-102,Surface Water,42.8853,-71.4674,5/24/2018,,Undisclosed,5.9,100,,0,0.74,2.4,29,17,0,,,,,,,,,,22,,2,5.3,,,,,,,,,,0,,,0,,,0,,0,6.5,,0,0,0,,,,,,,,,
NH_DES,199712055DI-17,Surface Water,42.8941,-71.4657,11/13/2018,,Undisclosed,1.2,4.5,,0,0,0,1,0.75,0,0,,0,,,,,,,0,0,0,2.1,,,,,,,,,,1.7,,,0,,0,0,,0,0.96,0,0,1.7,3.4,0,,,,0,,,,
NH_DES,199712055DI-34,Surface Water,42.8943,-71.464,9/10/2018,,Undisclosed,790,880,,130,54,17,430,200,5.2,24,,260,,,,,,,200,3.7,6.5,120,,,,,,,,,,60,,,0,,12,51,,0,11,0,0,20,75,61,,,,,,,,
NH_DES,199712055401WNS,Surface Water,42.8852,-71.4672,10/2/2018,,Undisclosed,1.7,,,0,0.36,0.7,2.4,1.6,0,,,0,,,,,,,2.2,0,0.82,0,,,,,,,,,,0,,,0,,0,0,,0,0,0,0,0,0,0,,,,,,,,
NH_DES,199712055401WNS,Surface Water,42.8852,-71.4672,8/28/2018,,Undisclosed,2.6,7.1,,0,0.51,0.9,2.7,2.4,0,0,,0,,,,,,,2.9,0,2.4,0,,,,,,,,,,0,,,0,,0,0,,0,0,0,0,0,0,0,,,,,,,,
NH_DES,199712055401WNS,Surface Water,42.8852,-71.4672,6/5/2018,,Undisclosed,1.6,6.1,,0,0,0.88,2.9,1.4,0,,,,,,,,,,2.8,,1.1,0,,,,,,,,,,0,,,0,,,0,,0,0,,0,0,0,,,,,,,,,
NH_DES,199712055401WNS,Surface Water,42.8852,-71.4672,5/24/2018,,Undisclosed,1.3,5,,0,0,0.64,1.7,0.98,0,,,,,,,,,,2.1,,0.74,0,,,,,,,,,,0,,,0,,,0,,0,0,,0,0,0,,,,,,,,,
NH_DES,199712055CB-24,Surface Water,42.8929,-71.4654,11/13/2018,,Undisclosed,6.6,9.5,,2.7,0.57,0,6.3,2.5,0,0,,1.8,,,,,,,3.6,0,0,2.3,,,,,,,,,,6.8,,,0,,0,4.7,,0,1.6,0,0,4.5,9.9,0.97,,,,0,,,,
NH_DES,199006011 SW1,Surface Water,43.1213,-70.9014,4/16/2019,,Undisclosed,0,1.6,,,0,0,0,0,0,,,,,,,,,,0,,0,0,,,,,,,,,,,,,,,,,,0,,,0,,,,,,,,,,,
NH_DES,199006011 SW4,Surface Water,43.126,-70.9037,4/16/2019,,Undisclosed,3.9,5.2,,,0,2.1,2.3,1.8,0,,,,,,,,,,0,,0,0,,,,,,,,,,,,,,,,,,0,,,0,,,,,,,,,,,
NH_DES,198812003 SW-1,Surface Water,44.0856,-71.2954,5/14/2019,,Undisclosed,0,0,,,0,0,0,0,0,,,,,,,,,,0,,0,0,,,,,,,,,,,,,,,,,,0,,,0,,,,,,,,,,,
NH_DES,201612036SW04,Surface Water,42.91715,-71.398633,4/27/2021,,Undisclosed,2.7,11.2,,,1.8,1.8,7,3.5,0,,,,,,,,,,12.9,,3.2,3.6,,,,,,,,,,,,,,,,,,0,,,0,,,,,,,,,,,
NH_DES,201612036SW04,Surface Water,42.91715,-71.398633,4/23/2020,,Undisclosed,3.4,12.6,,,3.4,3.4,6,3.4,0,,,,,,,,,,9.1,,3.4,6.9,,,,,,,,,,,,,,,,,,0,,,0,,,,,,,,,,,
NH_DES,201612036SW04,Surface Water,42.91715,-71.398633,4/17/2019,,Undisclosed,2.77,17.4,,,,1.04,6.74,4.11,0,,,,,,,,,,10.2,,1.79,4.29,,,,,,,,,,,,,,,,,,0,,,0,,,,,,,,,,,
NH_DES,NOB_052,Surface Water,42.817312,-71.345023,5/21/2019,,Undisclosed,4.1,12,,0.32,0.83,2,4.3,3.3,0,,,0,0,,,,,,3.7,,2.8,3.3,,,,,,,,,,0,,,0,,,,,0,0,0,0,0,0,,,,,,,,,
NH_DES,NOB_053,Surface Water,42.831294,-71.348052,5/21/2019,,Undisclosed,5,20,,0,1.1,2.7,8,5.4,0,,,0,0,,,,,,7.2,,3.4,5.5,,,,,,,,,,0,,,0,,,,,0,0,0,0,0,0,,,,,,,,,
NH_DES,NOB_054,Surface Water,42.847886,-71.34617,5/21/2019,,Undisclosed,5.5,11,,0.32,1,2.7,4.5,2.8,0,,,0,0,,,,,,4.2,,3.2,3.7,,,,,,,,,,0,,,0,,,,,0,0,0,0,0,0,,,,,,,,,
NH_DES,NOB_055,Surface Water,42.860143,-71.335458,5/21/2019,,Undisclosed,4.6,9.8,,0.35,0.82,2.6,4.5,2.7,0,,,0,0,,,,,,3.9,,3.1,3.2,,,,,,,,,,0,,,0,,,,,0,0,0,0,0,0,,,,,,,,,
NH_DES,NOB_056,Surface Water,42.850812,-71.373615,5/21/2019,,Undisclosed,7.4,22,,0.4,1.5,3.6,7.8,5.7,0.23,,,0,0,,,,,,6.5,,2.6,4.8,,,,,,,,,,0,,,0,,,,,0,0,0,0,0,0,,,,,,,,,
NH_DES,NOB_057,Surface Water,42.908574,-71.341373,5/21/2019,,Undisclosed,3.9,12,,0.34,0.98,2,4.5,2.9,0,,,0,0,,,,,,3.6,,2.8,3.3,,,,,,,,,,0,,,0,,,,,0,0,0,0,0,0,,,,,,,,,
NH_DES,NHP_SW-06A-0,Surface Water,42.8524,-71.4887,5/23/2019,,Undisclosed,15.8,26,,0,0,3.12,6.61,5.1,0,,,0,0,,,,,,4.21,0,4.1,0,,,,,,,,,,0,,,0,,,0,,0,0,,0,0,0,0,,,,,,,,
NH_DES,NHP_SW-06A-2.5,Surface Water,42.8524,-71.4887,5/23/2019,,Undisclosed,7.49,28.1,,0,0,3.46,6.54,5.23,0,,,0,0,,,,,,3.81,0,4.47,0,,,,,,,,,,0,,,0,,,0,,0,0,,0,0,0,0,,,,,,,,
NH_DES,NHP_SW-RP,Surface Water,42.8575,-71.4892,5/23/2019,,Undisclosed,2,30.7,,0,0,0,6.02,5.36,0,,,0,0,,,,,,4.07,0,0,2.44,,,,,,,,,,0,,,0,,,0,,0,0,,0,0,0,0,,,,,,,,
NH_DES,NHP_SW-04A-0,Surface Water,42.8523,-71.4904,5/23/2019,,Undisclosed,19.8,27.7,,0,0,3.26,6.79,5.43,0,,,0,0,,,,,,4.24,0,4.45,0,,,,,,,,,,0,,,0,,,0,,0,0,,0,0,0,0,,,,,,,,
NH_DES,NHP_SW-04A-2,Surface Water,42.8523,-71.4904,5/23/2019,,Undisclosed,10.8,29.2,,0,0,3.67,6.58,5.43,0,,,0,0,,,,,,4.11,0,4.69,1.95,,,,,,,,,,0,,,0,,,0,,0,0,,0,0,0,0,,,,,,,,
NH_DES,NHP_SW-04A-2,Surface Water,42.8523,-71.4904,5/23/2019,,Undisclosed,7.85,26.6,,0,0,3.06,6.76,5.52,0,,,0,0,,,,,,4.38,0,4.8,0,,,,,,,,,,0,,,0,,,0,,0,0,,0,0,0,0,,,,,,,,
NH_DES,TRY_SW-SDP-4.5,Surface Water,42.8196,-72.1833,5/24/2019,,Undisclosed,0,3.66,,0,0,0,1.96,2.27,0,,,0,0,,,,,,0,0,0,4.39,,,,,,,,,,0,,,0,,,0,,0,0,,0,0,0,0,,,,,,,,
NH_DES,TRY_SW-SDP-0,Surface Water,42.8196,-72.1833,4/28/2020,,Undisclosed,0,3.86,,0,0,0,0,1.94,0,0,,0,0,0,,,,,0,0,0,0,,,,,,,,,0,0,,0,0,0,0,0,0,0,0,0,0,0,0,0,,,,0,,,,0
NH_DES,TRY_SW-SDP-0,Surface Water,42.8196,-72.1833,5/24/2019,,Undisclosed,0,3.51,,0,0,0,1.93,2.14,0,,,0,0,,,,,,0,0,0,4.72,,,,,,,,,,0,,,0,,,0,,0,0,,0,0,0,0,,,,,,,,
NH_DES,TRY_SW-SDP-2.5,Surface Water,42.8196,-72.1833,5/24/2019,,Undisclosed,0,3.09,,0,0,0,1.82,2.04,0,,,0,0,,,,,,0,0,0,5.38,,,,,,,,,,0,,,0,,,0,,0,0,,0,0,0,0,,,,,,,,
NH_DES,OGS_SG-NB7,Surface Water,42.894566,-71.072397,5/13/2019,,Undisclosed,86,18,,,0,0,,0,0,,,,,,,,,,,,0,,,,,,,,,,,,,,,,,,,0,,,0,,,,,,,,,,,
NH_DES,OGS_SG-SB4,Surface Water,42.895471,-71.075531,5/14/2019,,Undisclosed,7.3,0,,,0,0,,0,0,,,,,,,,,,,,0,,,,,,,,,,,,,,,,,,,0,,,0,,,,,,,,,,,
NH_DES,OGS_SG-SB5,Surface Water,42.897615,-71.081105,5/15/2019,,Undisclosed,0,0,,,0,0,,25,0,,,,,,,,,,,,0,,,,,,,,,,,,,,,,,,,0,,,0,,,,,,,,,,,
NH_DES,OGS_CP-1-0,Surface Water,42.893712,-71.0711,8/21/2019,,Undisclosed,30.6,16.45,,0,0,0,6.72,4.63,0,0,,0,0,0,,,,,5.5,0,4.33,10.94,,,,,,,,,0,0,,0,0,0,0,0,0,0,0,0,0,0,0,0,,,,0,,,,0
NH_DES,OGS_CP-1-0,Surface Water,42.893712,-71.0711,8/21/2019,,Undisclosed,31.1,15.4,,0,0,0,6.48,4.75,0,0,,2.8,0,0,,,,,5.33,0,3.98,10.1,,,,,,,,,0,0,,0,0,0,0,1.97,0,0,0,0,0,0,0,0,,,,0,,,,0
NH_DES,OGS_CP-1-0,Surface Water,42.893712,-71.0711,5/16/2019,,Undisclosed,110,29,,,0,0,,22,0,,,,,,,,,,,,0,,,,,,,,,,,,,,,,,,,0,,,0,,,,,,,,,,,
NH_DES,OGS_CP-1-2.5,Surface Water,42.893712,-71.0711,5/16/2019,,Undisclosed,100,27,,,0,0,,9.1,0,,,,,,,,,,,,0,,,,,,,,,,,,,,,,,,,0,,,0,,,,,,,,,,,
NH_DES,OGS_CP-2-0,Surface Water,42.894788,-71.068607,8/21/2019,,Undisclosed,25.3,14.34,,0,0,0,6.37,4.7,0,0,,2.97,0,0,,,,,5.36,0,4.26,11.96,,,,,,,,,0,0,,0,0,0,0,0,0,0,0,0,0,0,0,0,,,,0,,,,0
NH_DES,OGS_CP-2-0,Surface Water,42.894788,-71.068607,5/16/2019,,Undisclosed,6.2,0,,,0,0,,5.7,0,,,,,,,,,,,,0,,,,,,,,,,,,,,,,,,,0,,,0,,,,,,,,,,,
NH_DES,OGS_CP-2-2.5,Surface Water,42.894788,-71.068607,5/16/2019,,Undisclosed,7,0,,,0,0,,0,0,,,,,,,,,,,,0,,,,,,,,,,,,,,,,,,,0,,,0,,,,,,,,,,,
NH_DES,OGS_CP-2-4.5,Surface Water,42.894788,-71.068607,5/16/2019,,Undisclosed,6.2,0,,,0,0,,28,0,,,,,,,,,,,,0,,,,,,,,,,,,,,,,,,,0,,,0,,,,,,,,,,,
NH_DES,OGS_CP-3-0,Surface Water,42.889479,-71.068934,8/21/2019,,Undisclosed,25.2,14.25,,0,0,0,6.24,4.6,0,0,,0,0,0,,,,,5.37,0,3.91,14.44,,,,,,,,,0,0,,0,0,0,0,0,0,0,0,0,0,0,0,0,,,,0,,,,0
NH_DES,OGS_CP-3-0,Surface Water,42.889479,-71.068934,5/16/2019,,Undisclosed,6.6,4.1,,,0,0,,0,0,,,,,,,,,,,,0,,,,,,,,,,,,,,,,,,,0,,,0,,,,,,,,,,,
NH_DES,OGS_CP-3-2.5,Surface Water,42.889479,-71.068934,5/16/2019,,Undisclosed,7,4.1,,,0,0,,10,0,,,,,,,,,,,,0,,,,,,,,,,,,,,,,,,,0,,,0,,,,,,,,,,,
NH_DES,OGS_CP-3-4.5,Surface Water,42.889479,-71.068934,5/16/2019,,Undisclosed,6.1,3.8,,,0,0,,0,0,,,,,,,,,,,,0,,,,,,,,,,,,,,,,,,,0,,,0,,,,,,,,,,,
NH_DES,OGS_MB-1-2.5,Surface Water,42.890508,-71.074518,5/16/2019,,Undisclosed,0,0,,,0,0,,100,0,,,,,,,,,,,,0,,,,,,,,,,,,,,,,,,,0,,,0,,,,,,,,,,,
NH_DES,OGS_MB-1-0,Surface Water,42.890508,-71.074518,5/16/2019,,Undisclosed,0,0,,,0,0,,0,0,,,,,,,,,,,,0,,,,,,,,,,,,,,,,,,,0,,,0,,,,,,,,,,,
NH_DES,OGS_SG-NB4,Surface Water,42.896662,-71.074966,5/14/2019,,Undisclosed,140,48,,,0,0,,6.6,0,,,,,,,,,,,,0,,,,,,,,,,,,,,,,,,,0,,,0,,,,,,,,,,,
NH_DES,OGS_SG-NB5,Surface Water,42.898115,-71.077454,5/15/2019,,Undisclosed,14,7.9,,,0,0,,0,0,,,,,,,,,,,,0,,,,,,,,,,,,,,,,,,,0,,,0,,,,,,,,,,,
NH_DES,OGS_SG-NB6,Surface Water,42.895446,-71.074045,5/13/2019,,Undisclosed,180,32,,,0,0,,4.8,0,,,,,,,,,,,,0,,,,,,,,,,,,,,,,,,,0,,,0,,,,,,,,,,,
NH_DES,OGS_SG-NB6,Surface Water,42.895446,-71.074045,5/13/2019,,Undisclosed,180,31,,,0,0,,5,0,,,,,,,,,,,,0,,,,,,,,,,,,,,,,,,,0,,,0,,,,,,,,,,,
NH_DES,NOB_065,Surface Water,42.9219,-71.4514,6/11/2019,,Undisclosed,14,33,,0.94,3.6,7.7,16,9,0,,,4.1,1.7,,,,,,14,,4.4,8.8,,,,,,,,,,0,,,0,,,,,0,0,0,0,0,0,,,,,,,,,
NH_DES,NOB_066,Surface Water,42.9206,-71.4222,6/11/2019,,Undisclosed,14,30,,0.65,2.2,6.3,10,6.3,0,,,0,0,,,,,,9.3,,4.8,7.2,,,,,,,,,,0,,,0,,,,,0,0,0,0,0,0,,,,,,,,,
NH_DES,NOB_067,Surface Water,42.9403,-71.3758,6/11/2019,,Undisclosed,3.8,11,,0.35,0.87,1.8,3.7,2.8,0,,,0,0,,,,,,3.5,,2.3,3.2,,,,,,,,,,0,,,0,,,,,0,0,0,0,0,0,,,,,,,,,
NH_DES,NOB_068,Surface Water,42.9052,-71.3399,6/11/2019,,Undisclosed,4.2,12,,0.4,1.1,2.2,5.2,3.3,0,,,0,0,,,,,,4.3,,2.8,4.6,,,,,,,,,,0,,,0,,,,,0,0,0,0,0,0,,,,,,,,,
NH_DES,NOB_069,Surface Water,42.8975,-71.389,6/11/2019,,Undisclosed,5.5,27,,0,1.1,2.7,6.3,5,0,,,0,0,,,,,,4.9,,3.8,4.9,,,,,,,,,,0,,,0,,,,,0,0,0,0,0,0,,,,,,,,,
NH_DES,NOB_070,Surface Water,42.898,-71.4371,6/12/2019,,Undisclosed,3.9,42,,0.31,1.2,2.6,8.9,7.4,0,,,0,0,,,,,,7.3,,3.5,5.8,,,,,,,,,,0,,,0,,,,,0,0,0,0,0,0,,,,,,,,,
NH_DES,NOB_071,Surface Water,42.8445,-71.4274,6/12/2019,,Undisclosed,4,24,,0,0.96,2,6.3,4.4,0,,,0,0,,,,,,5,,3.2,5.3,,,,,,,,,,0,,,0,,,,,0,0,0,0,0,0,,,,,,,,,
NH_DES,199009001RTE12C,Surface Water,42.976242,-72.345369,11/2/2020,,Undisclosed,129,20.3,,,1.3,5.9,8,6.4,0,,,,,,,,,,5.8,,1.6,8.9,,,,,,,,,,,,,,,,,,0,,,0,,,,,,,,,,,
NH_DES,199009001RTE12C,Surface Water,42.976242,-72.345369,11/20/2019,,Undisclosed,154,17.8,,,1.94,3.55,5.19,3.97,0,,,,,,,,,,3.9,,1,6.46,,,,,,,,,,,,,,,,,,0,,,0,,,,,,,,,,,
NH_DES,199009001RTE12C,Surface Water,42.976242,-72.345369,11/26/2018,,Undisclosed,133,14.9,,,1.81,2.5,3.92,3.18,0,,,,,,,,,,7.15,,0,5.89,,,,,,,,,,,,,,,,,,0,,,0,,,,,,,,,,,
NH_DES,198406014 SW,Surface Water,43.63262,-71.20637,11/8/2018,,Undisclosed,3.2,2.5,,,2.3,6.5,0,3.2,0,,,,,,,,,,3.8,,0,1.4,,,,,,,,,,,,,,,,,,0,,,0,,,,,,,,,,,
NH_DES,198705009SW2,Surface Water,43.3128,-72.0985,4/12/2023,,Undisclosed,0,0,,0,0,0,0,0,0,0,0,0,0,,,,,,0,0,0,0,,,,,,,,,,0,,,0,,,0,,0,0,,0,0,0,0,,,,0,0,0,0,
NH_DES,198705009SW2,Surface Water,43.3128,-72.0985,4/8/2020,,Undisclosed,0,0,,0,0,0,0,0,0,,,0,,,,,,,0,,0,0,,,,,,,,,,0,,,,0,,0,,0,0,,0,0,0,0,,,,,,,,
NH_DES,198705009SW2,Surface Water,43.3128,-72.0985,4/25/2019,,Undisclosed,0,0,,,0,0,0,0,0,,,,,,,,,,0,,0,0,,,,,,,,,,,,,,,,,,0,,,0,,,,,,,,,,,
NH_DES,198705009SW3,Surface Water,43.3129,-72.0999,4/12/2023,,Undisclosed,0,,,0,2.9,23,10,34,15,0,0,0,0,,,,,,3.8,4.4,4.2,2.6,,,,,,,,,,0,,,0,,,0,,0,0,,0,0,0,0,,,,0,0,0,0,
NH_DES,198705009SW3,Surface Water,43.3129,-72.0999,4/12/2023,,Undisclosed,180,150,,,,0,,,0,,,,,,,,,,,,0,,,,,,,,,,,,,,,,,,,0,,,0,,,,,,,,,,,
NH_DES,198705009SW3,Surface Water,43.3129,-72.0999,4/8/2020,,Undisclosed,0,0,,0,0,0,0,0,0,,,0,,,,,,,0,,0,0,,,,,,,,,,0,,,,0,,0,,0,0,,0,0,0,0,,,,,,,,
NH_DES,198705009SW3,Surface Water,43.3129,-72.0999,4/25/2019,,Undisclosed,210,140,,,2.7,26,21,24,0,,,,,,,,,,13,,3.8,4.9,,,,,,,,,,,,,,,,,,0,,,0,,,,,,,,,,,
NH_DES,198705009SW3,Surface Water,43.3129,-72.0999,4/25/2019,,Undisclosed,280,140,,,,0,,,0,,,,,,,,,,,,0,,,,,,,,,,,,,,,,,,,0,,,0,,,,,,,,,,,
NH_DES,199004008SW1,Surface Water,42.8596,-71.346,5/1/2023,,Undisclosed,12,14,,,0,1.8,5.1,4.3,0,,,,,,,,,,7,,2.9,3.6,,,,,,,,,,,,,,,,,,0,,,0,,,,,,,,,,,
NH_DES,201709003SW5,Surface Water,42.8023,-71.2956,5/29/2019,,Undisclosed,6.7,5.9,,0,0,10,7,4.2,0,,,0,0,,,,,,10,,0,2.8,,,,,,,,,,0,,,0,,,0,,0,0,,0,0,0,0,,,,,,,,
NH_DES,201709003SW4,Surface Water,42.8028,-71.3011,6/25/2025,,Undisclosed,8.3,12,,0,0.95,4.8,6.4,3.4,0,0,0,0,0,,,,,,8,0.72,7.1,4,,,,,,,,,,0,,,0,,,0,,0,0,,0,0,0,0,,,,0,0,0,0,
NH_DES,201709003SW4,Surface Water,42.8028,-71.3011,12/18/2024,,Undisclosed,8.6,4.8,,0,0,7.1,3.5,2,0,0,0,0,0,,,,,,4.4,1.6,5,3.6,,,,,,,,,,0,,,0,,,0,,0,0,,0,0,0,0,,,,0,0,0,0,
NH_DES,201709003SW4,Surface Water,42.8028,-71.3011,6/24/2024,,Undisclosed,44,10,,0,0,15,5.3,3.5,0,0,,,,,,,,,,,2.7,,,,,,,,,,,0,,,0,,,0,,0,0,,0,0,0,,,,,0,,,,
NH_DES,201709003SW4,Surface Water,42.8028,-71.3011,12/12/2023,,Undisclosed,4.7,11,,0,0,3.4,5.1,3.1,0,0,0,0,0,,,,,,4.1,0,4.7,4,,,,,,,,,,0,,,0,,,0,,0,0,,0,0,0,0,,,,0,0,0,0,
NH_DES,201709003SW4,Surface Water,42.8028,-71.3011,6/14/2023,,Undisclosed,6.9,10,,0,0,5.4,5.4,3.5,0,0,0,0,0,,,,,,11,1.5,5.2,3.7,,,,,,,,,,0,,,0,,,0,,0,0,,0,0,0,0,,,,0,0,0,0,
NH_DES,201709003SW4,Surface Water,42.8028,-71.3011,12/13/2022,,Undisclosed,3.9,4.4,,0,0,5.3,2.6,0,0,0,0,0,0,,,,,,0,0,6.5,2.3,,,,,,,,,,0,,,0,,,0,,0,0,,0,0,0,0,,,,0,0,0,0,
NH_DES,201709003SW4,Surface Water,42.8028,-71.3011,6/29/2022,,Undisclosed,9.4,15,,0,0,8.3,7.9,4.5,0,0,0,0,0,,,,,,11,2.1,6.9,6.5,,,,,,,,,,0,,,0,,,0,,0,0,,0,0,0,0,,,,0,0,0,0,
NH_DES,201709003SW4,Surface Water,42.8028,-71.3011,5/29/2019,,Undisclosed,13,13,,0,0,11,6.6,3.4,0,,,0,0,,,,,,6.4,,0,3.9,,,,,,,,,,0,,,0,,,0,,0,0,,0,0,0,0,,,,,,,,
NH_DES,201709003SW3,Surface Water,42.8042,-71.2997,6/25/2025,,Undisclosed,8.8,11,,0,0.89,4.5,6.3,3.3,0,0,0,0,0,,,,,,7.5,0.78,6.4,3,,,,,,,,,,0,,,0,,,0,,0,0,,0,0,0,0,,,,0,0,0,0,
NH_DES,201709003SW3,Surface Water,42.8042,-71.2997,12/18/2024,,Undisclosed,8,5.5,,0,0,6.2,3,1.5,0,0,0,0,0,,,,,,5.8,1.4,5.1,3.4,,,,,,,,,,0,,,0,,,0,,0,0,,0,0,0,0,,,,0,0,0,0,
NH_DES,201709003SW3,Surface Water,42.8042,-71.2997,6/24/2024,,Undisclosed,13,10,,0,0,7.5,3.9,2.6,0,0,,,,,,,,,,,2.5,,,,,,,,,,,0,,,0,,,0,,0,0,,0,0,0,,,,,0,,,,
NH_DES,201709003SW3,Surface Water,42.8042,-71.2997,12/12/2023,,Undisclosed,5.4,12,,0,0,4,5.6,4.5,0,0,0,0,0,,,,,,4.8,0,5,4.4,,,,,,,,,,0,,,0,,,0,,0,0,,0,0,0,0,,,,0,0,0,0,
NH_DES,201709003SW3,Surface Water,42.8042,-71.2997,6/14/2023,,Undisclosed,7.2,11,,0,0,6.1,5.8,3.6,0,0,0,0,0,,,,,,13,1.6,5.9,3.9,,,,,,,,,,0,,,0,,,0,,0,0,,0,0,0,0,,,,0,0,0,0,
NH_DES,201709003SW3,Surface Water,42.8042,-71.2997,12/13/2022,,Undisclosed,0,0,,0,0,4.9,0,0,0,0,0,0,0,,,,,,0,0,5.8,0,,,,,,,,,,0,,,0,,,0,,0,0,,0,0,0,0,,,,0,0,0,0,
NH_DES,201709003SW3,Surface Water,42.8042,-71.2997,5/29/2019,,Undisclosed,32,98,,8.7,42,51,14,3.3,6.3,,,20,6.5,,,,,,7.5,,3.5,4,,,,,,,,,,0,,,5.5,,,110,,0,0,,0,0,0,0,,,,,,,,
NH_DES,201709003SW6,Surface Water,42.8001,-71.297,5/29/2019,,Undisclosed,5.3,4.5,,0,0,7,3.9,2.4,0,,,0,0,,,,,,5.8,,0,2.4,,,,,,,,,,0,,,0,,,0,,0,0,,0,0,0,0,,,,,,,,
NH_DES,199012032SW1,Surface Water,43.12437,-71.432784,11/18/2021,,Undisclosed,4,6.3,,,0.71,4.3,,,0,,,,,,,,,,,,0,,,,,,,,,,,,,,,,,,,0,,,0,,,,,,,,,,,
NH_DES,199012032SW1,Surface Water,43.12437,-71.432784,11/20/2020,,Undisclosed,2.2,2.3,,,,0,,,0,,,,,,,,,,,,0,,,,,,,,,,,,,,,,,,,0,,,0,,,,,,,,,,,
NH_DES,199012032SW1,Surface Water,43.12437,-71.432784,11/20/2018,,Undisclosed,0,5.68,,,0,5.41,5.39,0,0,,,,,,,,,,4.96,,0,0,,,,,,,,,,,,,,,,,,0,,,0,,,,,,,,,,,
NH_DES,198403073-SW-3,Surface Water,43.672096,-71.5058,4/29/2022,,Undisclosed,0,5.69,,0,0,0,8.21,7.7,0,,0,0,0,,,,,,13.2,0,0,6.3,,,,,,,,,,0,,,0,,,0,,0,0,,0,0,0,0,,,,,,,,
NH_DES,198403073-SW-3,Surface Water,43.672096,-71.5058,4/28/2020,,Undisclosed,47,51,,,4.2,5.1,11,15,0,,,,,,,,,,7.4,,1.8,5.1,,,,,,,,,,,,,,,,,,0,,,0,,,,,,,,,,,
NH_DES,198403073-SW-3,Surface Water,43.672096,-71.5058,4/16/2019,,Undisclosed,31,40,,,2.8,4.9,12,15,0,,,,,,,,,,6.3,,2.1,5.5,,,,,,,,,,,,,,,,,,0,,,0,,,,,,,,,,,
NH_DES,198403073-SW-3,Surface Water,43.672096,-71.5058,4/26/2018,,Undisclosed,36,85,,,3.7,9.6,24,31,0,,,,,,,,,,16,,2.1,10,,,,,,,,,,,,,,,,,,0,,,0,,,,,,,,,,,
NH_DES,198403073-SW-4,Surface Water,43.669514,-71.504129,4/29/2022,,Undisclosed,0,0,,0,0,0,0,0,0,,0,0,0,,,,,,0,0,0,0,,,,,,,,,,0,,,0,,,0,,0,0,,0,0,0,0,,,,,,,,
NH_DES,198403073-SW-4,Surface Water,43.669514,-71.504129,4/28/2020,,Undisclosed,2.8,1.8,,,0,0,0,0,0,,,,,,,,,,0,,0,0,,,,,,,,,,,,,,,,,,0,,,0,,,,,,,,,,,
NH_DES,198403073-SW-4,Surface Water,43.669514,-71.504129,4/16/2019,,Undisclosed,0,0,,,0,0,0,0,0,,,,,,,,,,0,,0,0,,,,,,,,,,,,,,,,,,0,,,0,,,,,,,,,,,
NH_DES,198403073-SW-4,Surface Water,43.669514,-71.504129,4/26/2018,,Undisclosed,2.1,8.1,,,0,0,0,0,0,,,,,,,,,,0,,0,0,,,,,,,,,,,,,,,,,,0,,,0,,,,,,,,,,,
NH_DES,199101029SG1,Surface Water,42.875634,-71.010727,4/13/2023,,Undisclosed,26.6,21.7,,0,0.749,4,8.74,6.79,0.66,,0,1.74,0,,,,,,8.98,0.767,6.24,7.21,,,,,,,,,,0,,,0,,,0,,0,0,,0,0,0,0,,,,,,,,
NH_DES,199101029SG1,Surface Water,42.875634,-71.010727,4/28/2021,,Undisclosed,41.1,19,,0,0,4.63,6.91,5.15,0,,,2.94,0,,,,,,8.45,0,5.59,3.8,,,,,,,,,,0,,,0,,,0,,0,0,,0,0,0,0,,,,,,,,
NH_DES,199101029SG1,Surface Water,42.875634,-71.010727,4/7/2020,,Undisclosed,26.6,22.9,,0,0,4.09,4.85,4.15,0,,,0,0,,,,,,4.37,0,5.51,4.99,,,,,,,,,,0,,,0,,,0,,0,0,,0,0,0,0,,,,,,,,
NH_DES,199101029SG1,Surface Water,42.875634,-71.010727,4/27/2018,,Undisclosed,24,27.4,,,0,5.09,7.49,6.18,0,,,,,,,,,,7.64,,5.65,11.6,,,,,,,,,,,,,,,,,,0,,,0,,,,,,,,,,,
NH_DES,FORDALWST,Surface Water,44.344347,-71.672943,5/19/2020,,Undisclosed,0,0,,,0,0,,,0,,,,,,,,,,,,0,,,,,,,,,,,,,,,,,,,0,,,0,,,,,,,,,,,
NH_DES,201904026SW01,Surface Water,42.974476,-70.82757,8/23/2019,,Undisclosed,102,40.8,,0,0,130,23.3,9.45,0,,,0,0,,,,,,9.48,0,8.7,7.59,,,,,,,,,,0,,,0,,,0,,0,0,,0,0,0,0,,,,,,,,
NH_DES,GRBLAST01,Surface Water,42.780911,-71.413647,11/15/2019,,Undisclosed,2.9,10,,0.4,0.72,1.5,4.7,3.4,0,,,0,0,,,,,,3.4,,1.9,4.4,,,,,,,,,,0,,,0,,,,,0,0,0,0,0,0,,,,,,,,,
NH_DES,198400055SWB,Surface Water,44.4966,-71.1906,11/18/2025,,Undisclosed,383,767,,12.1,109,38.4,272,310,7.46,0,0,7.38,0,,3.55,30.7,0,,187,10.3,9.78,80.3,,,,,,,,,0,0,,0,1.9,0,0,107,2.23,0,0,,0,0,0,12.3,,,,0,0,0,0,
NH_DES,198400055SWB,Surface Water,44.4966,-71.1906,4/23/2024,,Undisclosed,0,917000,,,117000,58300,96000,335000,0,,,,,,,,,,256000,,15100,99800,,,,,,,,,,,,,,,,,,0,,,0,,,,,,,,,,,
NH_DES,198400055SWB,Surface Water,44.4966,-71.1906,11/16/2020,,Undisclosed,93.1,222,,,46.5,12.4,112,107,0,,,,,,,,,,102,,0,38.5,,,,,,,,,,,,,,,,,,0,,,0,,,,,,,,,,,
NH_DES,198400055SWB,Surface Water,44.4966,-71.1906,10/22/2019,,Undisclosed,4310,3000,,,215,175,997,989,0,,,,,,,,,,752,,34.7,301,,,,,,,,,,,,,,,,,,0,,,0,,,,,,,,,,,
NH_DES,198400055SWB,Surface Water,44.4966,-71.1906,4/25/2018,,Undisclosed,354,768,,,144,41.7,264,314,0,,,,,,,,,,242,,7.83,111,,,,,,,,,,,,,,,,,,0,,,0,,,,,,,,,,,
NH_DES,198400055SWC,Surface Water,44.4961,-71.1892,11/18/2025,,Undisclosed,141,84.6,,8.62,36.5,4.57,25.9,33.6,1.85,0,0,0,0,,0,0,0,,22.8,0,0,9.36,,,,,,,,,0,0,,0,0,0,0,2.63,0,0,0,,0,0,0,2.09,,,,0,0,0,0,
NH_DES,198400055SWC,Surface Water,44.4961,-71.1892,4/23/2024,,Undisclosed,1450000,226000,,,43300,10600,77200,132000,0,,,,,,,,,,68400,,3560,28700,,,,,,,,,,,,,,,,,,0,,,0,,,,,,,,,,,
NH_DES,198400055SWC,Surface Water,44.4961,-71.1892,11/16/2020,,Undisclosed,74.5,82.2,,,19.1,5.06,54.7,65.5,0,,,,,,,,,,54.6,,0,21.9,,,,,,,,,,,,,,,,,,0,,,0,,,,,,,,,,,
NH_DES,198400055SWC,Surface Water,44.4961,-71.1892,10/22/2019,,Undisclosed,113,57.9,,,17,6.05,28.4,33.9,0,,,,,,,,,,20.1,,0,8.89,,,,,,,,,,,,,,,,,,0,,,0,,,,,,,,,,,
NH_DES,198400055SWC,Surface Water,44.4961,-71.1892,4/25/2018,,Undisclosed,368,374,,,89.3,21.8,145,219,0,,,,,,,,,,113,,7.8,67.6,,,,,,,,,,,,,,,,,,0,,,0,,,,,,,,,,,
NH_DES,198400055SWD,Surface Water,44.4957,-71.1902,11/18/2025,,Undisclosed,207,544,,4.17,53,25.1,158,190,4.74,0,0,0,0,,0,0,0,,105,7.23,8.7,51,,,,,,,,,0,0,,0,0,0,0,23.1,0,0,0,,0,0,0,8.5,,,,0,0,0,0,
NH_DES,198400055SWD,Surface Water,44.4957,-71.1902,4/23/2024,,Undisclosed,286000,370000,,,61500,24800,120000,163000,0,,,,,,,,,,105000,,5270,41200,,,,,,,,,,,,,,,,,,0,,,0,,,,,,,,,,,
NH_DES,198400055SWD,Surface Water,44.4957,-71.1902,11/16/2020,,Undisclosed,134,286,,,36.8,16.9,127,135,0,,,,,,,,,,112,,7.01,47.6,,,,,,,,,,,,,,,,,,0,,,0,,,,,,,,,,,
NH_DES,198400055SWD,Surface Water,44.4957,-71.1902,10/22/2019,,Undisclosed,37.3,73.8,,,10.9,5.89,27.9,37.6,0,,,,,,,,,,20.4,,0,8.99,,,,,,,,,,,,,,,,,,0,,,0,,,,,,,,,,,
NH_DES,198400055SWD,Surface Water,44.4957,-71.1902,4/25/2018,,Undisclosed,652,773,,,95.8,41.9,226,266,0,,,,,,,,,,230,,15.9,107,,,,,,,,,,,,,,,,,,0,,,0,,,,,,,,,,,
NH_DES,MOT_SW-100,Surface Water,42.991925,-71.173998,10/29/2021,,Undisclosed,2.99,8.23,,0,0,0,2.75,1.99,0,0,0,0,0,0,,,,,2.25,0,3.28,2.59,,,,,,,,,0,0,,0,0,0,0,0,0,0,0,0,0,0,0,0,,,,0,,,,0
NH_DES,MOT_SW-100,Surface Water,42.991925,-71.173998,10/25/2019,,Undisclosed,2.12,5.01,,0,0,0,0,0,0,0,,0,0,0,,,,,0,0,2.47,2.09,,,,,,,,,0,0,,0,0,0,0,0,0,0,0,0,0,0,0,0,,,,0,,,,0
NH_DES,198405024SW7,Surface Water,42.76289,-71.23295,4/23/2019,,Undisclosed,17,19,,0,2,6,11,6.2,0,,,0,0,,,,,,12,0,4,9.2,,,,,,,,,,0,,,0,,,0,,0,0,,0,0,0,0,,,,,,,,
NH_DES,199507007SW1,Surface Water,43.0234,-70.9163,11/12/2019,,Undisclosed,0,2.5,,0,0,3.4,2.3,0,0,,,0,,,,,,,7.8,,0,0,,,,,,,,,,0,,,0,,,0,,0,0,,0,0,0,0,,,,,,,,
NH_DES,202004008SW1376,Surface Water,42.946035,-71.470651,1/10/2020,,Undisclosed,2.09,23.7,,0,1.82,2.1,10.1,5.21,0,0,,0,0,0,,,,,9.38,0,2.77,4.68,,,,,,,,,0,0,,0,0,0,0,0,0,0,0,0,0,0,0,0,,,,0,,,,0
NH_DES,202004008SW1385,Surface Water,42.948232,-71.471619,1/17/2020,,Undisclosed,4.68,7.23,,0,0,0,3.51,2.32,0,0,,0,0,0,,,,,4.4,0,0,4.43,,,,,,,,,0,0,,0,0,0,0,0,0,0,0,0,0,0,0,0,,,,0,,,,0
NH_DES,202004008SW1389,Surface Water,42.949418,-71.471786,1/17/2020,,Undisclosed,3.65,20.1,,0,0,2.62,5.76,4.12,0,0,,0,0,0,,,,,5.98,0,2.8,7.18,,,,,,,,,0,0,,0,0,0,0,0,0,0,0,0,0,0,0,0,,,,0,,,,0
NH_DES,202004008SW1349,Surface Water,42.938456,-71.468882,1/10/2020,,Undisclosed,0,24.8,,0,0,0,0,2.22,0,0,,0,0,0,,,,,0,0,0,0,,,,,,,,,0,0,,0,0,0,0,0,0,0,0,0,0,0,0,0,,,,0,,,,0
NH_DES,202004008SW1372,Surface Water,42.94466,-71.469886,1/10/2020,,Undisclosed,6.47,10.2,,0,0,0,2.84,1.87,0,0,,0,0,0,,,,,2.37,0,2.49,2.12,,,,,,,,,0,0,,0,0,0,0,0,0,0,0,0,0,0,0,0,,,,0,,,,0
NH_DES,198400087SW4,Surface Water,43.24206,-72.424553,4/26/2024,,Undisclosed,0,0,,,0,0,0,0,0,,,,,,,,,,0,,0,0,,,,,,,,,,,,,,,,,,0,,,0,,,,,,,,,,,
NH_DES,198400087SW4,Surface Water,43.24206,-72.424553,4/28/2023,,Undisclosed,3.12,0,,,0,0,0,0,0,,,,,,,,,,0,,0,0,,,,,,,,,,,,,,,,,,0,,,0,,,,,,,,,,,
NH_DES,198400087SW4,Surface Water,43.24206,-72.424553,4/1/2022,,Undisclosed,0,0,,,0,0,0,0,0,,,,,,,,,,0,,0,0,,,,,,,,,,,,,,,,,,0,,,0,,,,,,,,,,,
NH_DES,198400087SW4,Surface Water,43.24206,-72.424553,4/3/2020,,Undisclosed,0,0,,,0,0,0,0,0,,,,,,,,,,0,,0,0,,,,,,,,,,,,,,,,,,0,,,0,,,,,,,,,,,
NH_DES,198901021SW1,Surface Water,43.314,-71.6403,4/24/2025,,Undisclosed,0,0,,,0,0,0,0,0,,,,,,,,,,0,,0,0,,,,,,,,,,,,,,,,,,0,,,0,,,,,,,,,,,
NH_DES,198901021SW1,Surface Water,43.314,-71.6403,4/23/2024,,Undisclosed,0,0,,,0,0,0,0,0,,,,,,,,,,0,,0,0,,,,,,,,,,,,,,,,,,0,,,0,,,,,,,,,,,
NH_DES,198901021SW1,Surface Water,43.314,-71.6403,4/18/2023,,Undisclosed,0,0,,,0,0,0,0,0,,,,,,,,,,0,,0,0,,,,,,,,,,,,,,,,,,0,,,0,,,,,,,,,,,
NH_DES,198901021SW1,Surface Water,43.314,-71.6403,4/27/2022,,Undisclosed,0,0,,,0,0,0,0,0,,,,,,,,,,0,,0,0,,,,,,,,,,,,,,,,,,0,,,0,,,,,,,,,,,
NH_DES,198901021SW1,Surface Water,43.314,-71.6403,4/20/2021,,Undisclosed,0,0,,,0,0,0,0,0,,,,,,,,,,0,,0,0,,,,,,,,,,,,,,,,,,0,,,0,,,,,,,,,,,
NH_DES,198901021SW1,Surface Water,43.314,-71.6403,4/6/2020,,Undisclosed,0,0,,,0,0,0,0,0,,,,,,,,,,0,,0,0,,,,,,,,,,,,,,,,,,0,,,0,,,,,,,,,,,
NH_DES,198405030SW3,Surface Water,42.820515,-71.195763,4/15/2020,,Undisclosed,0,0,,,0,0,0,0,0,,,,,,,,,,0,,0,0,,,,,,,,,,,,,,,,,,0,,,0,,,,,,,,,,,
NH_DES,198405030SW2,Surface Water,42.816879,-71.19689,4/15/2020,,Undisclosed,0,0,,,0,0,0,0,0,,,,,,,,,,0,,0,0,,,,,,,,,,,,,,,,,,0,,,0,,,,,,,,,,,
NH_DES,198901008SG2,Surface Water,43.32386,-71.31417,4/17/2025,,Undisclosed,25.4,23.3,,0,0,7,4.08,4.12,0,0,0,0,0,,,,,,3.73,0,0,4.05,,,,,,,,,,0,,,0,0,,0,,0,0,,0,0,0,0,,,,0,,,,
NH_DES,198901008SG2,Surface Water,43.32386,-71.31417,4/19/2024,,Undisclosed,36,22.3,,0,5.9,4.27,14.3,7.83,0,0,0,0,0,,,,,,13.9,0,5.95,8.56,,,,,,,,,,0,,,0,0,,0,,0,0,,0,0,0,0,,,,0,,,,
NH_DES,198901008SG2,Surface Water,43.32386,-71.31417,4/6/2023,,Undisclosed,22.3,12.9,,1.02,6.89,2.83,7.87,4.28,0,,1.8,0,0,,,,,,7.09,0,2.78,6.32,,,,,,,,,,0,,,0,,,0,,0,0,,0,0,0,0,,,,,,,,
NH_DES,198901008SG2,Surface Water,43.32386,-71.31417,4/5/2022,,Undisclosed,26.4,14.2,,0.457,1.22,4.9,3.7,3.19,0,,0,0,0,,,,,,3.72,1.07,1.29,2.72,,,,,,,,,,0,,,0,,,1.99,,0,0,,0,0,0,0,,,,,,,,
NH_DES,198901008SG2,Surface Water,43.32386,-71.31417,4/27/2021,,Undisclosed,25,14.1,,0,0,4.13,4.39,3.42,0,,,0,0,,,,,,4.59,0,0,7.19,,,,,,,,,,0,,,0,,,2.19,,0,0,,0,0,0,0,,,,,,,,
NH_DES,MTBE_6459,Surface Water,43.338373,-71.548362,11/15/2019,,Undisclosed,0,181,,,0,0,299,0,0,,,,,,,,,,0,,0,0,,,,,,,,,,,,,,,,,,0,,,0,,,,,,,,,,,
NH_DES,MTBE_6459,Surface Water,43.338373,-71.548362,11/14/2018,,Undisclosed,975,56,,,0,683,98,13,0,,,,,,,,,,0,,48,0,,,,,,,,,,,,,,,,,,0,,,0,,,,,,,,,,,
NH_DES,MTBE_6460,Surface Water,43.33827,-71.547954,11/15/2019,,Undisclosed,0,0,,,0,0,0,0,0,,,,,,,,,,0,,0,0,,,,,,,,,,,,,,,,,,0,,,0,,,,,,,,,,,
NH_DES,MTBE_6460,Surface Water,43.33827,-71.547954,11/14/2018,,Undisclosed,0,2,,,0,0,0,0,0,,,,,,,,,,0,,0,0,,,,,,,,,,,,,,,,,,0,,,0,,,,,,,,,,,
NH_DES,NH0000744_I,Surface Water,44.307113,-71.54717,6/12/2020,,Undisclosed,0,0,,0,0,0,0,0,0,,,1.2,0,,,,,,0,0,0,0,,,,,,,,,,0,,,0,,,0,,0,0,,0,0,0,0,,,,,,,,
NH_DES,NH0000710_I,Surface Water,43.475668,-71.179005,6/11/2020,,Undisclosed,0,0,,0,0,0,0,0,0,,,0,0,,,,,,0,0,0,0,,,,,,,,,,0,,,0,,,0,,0,0,,0,0,0,0,,,,,,,,
NH_DES,NH0000710_E,Surface Water,43.471217,-71.180393,6/11/2020,,Undisclosed,0,0,,0,0,0,0,0,0,,,0,0,,,,,,0,0,0,0.94,,,,,,,,,,0,,,0,,,0,,0,0,,0,0,0,0,,,,,,,,
NH_DES,NH0000621_I,Surface Water,44.496956,-71.360913,6/10/2020,,Undisclosed,0,0,,0,0,0,0,0,0,,,0,0,,,,,,0,0,0,0,,,,,,,,,,0,,,0,,,0,,0,0,,0,0,0,0,,,,,,,,
NH_DES,NH0000621_E,Surface Water,44.49775,-71.357534,6/10/2020,,Undisclosed,0,0,,0,0,0,0,0,0,,,0,0,,,,,,0.56,0,0,1,,,,,,,,,,0,,,0,,,0,,0,0,,0,0,0,0,,,,,,,,
NH_DES,198706016RPOND,Surface Water,44.460021,-71.152212,11/17/2020,,Undisclosed,6.58,7.93,,,0,0,12,0,0,,,,,,,,,,9.87,,0,7.35,,,,,,,,,,,,,,,,,,0,,,0,,,,,,,,,,,
NH_DES,198706016RPOND,Surface Water,44.460021,-71.152212,5/12/2020,,Undisclosed,5.16,6.04,,0,0,0,7.59,0,0,,,0,0,,,,,,0,0,0,0,,,,,,,,,,0,,,0,0,,0,,0,0,,0,0,0,0,,,,,,,,
NH_DES,198403083BRIDLE,Surface Water,42.885808,-71.536906,6/2/2020,,Undisclosed,4.68,8.05,,0,0,0,2.51,1.76,0,0,,0,0,0,,,,,2.3,0,0,6.14,,,,,,,,,0,0,,0,0,0,0,0,0,0,0,0,0,0,0,0,,,,0,,,,0
NH_DES,198403083BRIDLE,Surface Water,42.885808,-71.536906,11/7/2019,,Undisclosed,2.36,6.36,,0,0,0,2.6,0,0,0,,0,0,0,,,,,2.01,0,0,10.4,,,,,,,,,0,0,,0,0,0,0,0,0,0,0,0,0,0,0,0,,,,0,,,,0
NH_DES,198403083BEALS,Surface Water,42.897976,-71.555151,6/2/2020,,Undisclosed,3.16,6.84,,0,0,0,2.37,0,0,0,,0,0,0,,,,,2.34,0,0,5.93,,,,,,,,,0,0,,0,0,0,0,0,0,0,0,0,0,0,0,0,,,,0,,,,0
NH_DES,198403083BEALS,Surface Water,42.897976,-71.555151,11/7/2019,,Undisclosed,0,5.32,,0,0,0,2.15,0,0,0,,0,0,0,,,,,0,0,0,9.94,,,,,,,,,0,0,,0,0,0,0,0,0,0,0,0,0,0,0,0,,,,0,,,,0
NH_DES,198403083BEAN,Surface Water,42.889369,-71.545538,6/2/2020,,Undisclosed,8.1,11.4,,0,0,0,3.25,2.22,0,0,,0,0,0,,,,,2.82,0,1.78,7.13,,,,,,,,,0,0,,0,0,0,0,0,0,0,0,0,0,0,0,0,,,,0,,,,0
NH_DES,198403083BEAN,Surface Water,42.889369,-71.545538,11/7/2019,,Undisclosed,2.29,7.5,,0,0,0,2.83,0,0,0,,0,0,0,,,,,1.96,0,0,8.62,,,,,,,,,0,0,,0,0,0,0,0,0,0,0,0,0,0,0,0,,,,0,,,,0
NH_DES,198402023SW-3,Surface Water,42.9266,-70.8251,11/13/2023,,Undisclosed,33.9,3.15,,,0,0,0,0,0,,,,,,,,,,0,,0,2.95,,,,,,,,,,,,,,,,,,0,,,0,,,,,,,,,,,
NH_DES,198402023SW-3,Surface Water,42.9266,-70.8251,5/16/2023,,Undisclosed,69.6,14.8,,,4.07,2.69,3.74,3.84,0,,,,,,,,,,2.83,,0,6.46,,,,,,,,,,,,,,,,,,0,,,0,,,,,,,,,,,
NH_DES,198402023SW-3,Surface Water,42.9266,-70.8251,11/3/2022,,Undisclosed,26.8,7.39,,,0,2.96,0,2.27,0,,,,,,,,,,2.11,,2.09,4.11,,,,,,,,,,,,,,,,,,0,,,0,,,,,,,,,,,
NH_DES,198402023SW-3,Surface Water,42.9266,-70.8251,5/31/2022,,Undisclosed,33.8,15,,,0,3.24,5.74,4.33,0,,,,,,,,,,2.99,,0,5.21,,,,,,,,,,,,,,,,,,0,,,0,,,,,,,,,,,
NH_DES,198402023SW-3,Surface Water,42.9266,-70.8251,11/3/2021,,Undisclosed,34.1,7.34,,,0,2.12,0,2.18,0,,,,,,,,,,0,,0,5.29,,,,,,,,,,,,,,,,,,0,,,0,,,,,,,,,,,
NH_DES,198402023SW-3,Surface Water,42.9266,-70.8251,5/28/2021,,Undisclosed,37,13.5,,,0,0,4.51,0,0,,,,,,,,,,0,,0,4.27,,,,,,,,,,,,,,,,,,0,,,0,,,,,,,,,,,
NH_DES,198402023SW-3,Surface Water,42.9266,-70.8251,11/10/2020,,Undisclosed,35.3,5.81,,,0,0,0,0,0,,,,,,,,,,0,,0,0,,,,,,,,,,,,,,,,,,0,,,0,,,,,,,,,,,
NH_DES,198402023SW-3,Surface Water,42.9266,-70.8251,5/12/2020,,Undisclosed,49.3,13.9,,,0,0,4.97,0,0,,,,,,,,,,0,,0,4.69,,,,,,,,,,,,,,,,,,0,,,0,,,,,,,,,,,
NH_DES,198402023SW-6,Surface Water,42.926,-70.8238,11/3/2021,,Undisclosed,32.9,14.6,,,3.41,2.33,3.9,3.78,0,,,,,,,,,,2.02,,0,7.71,,,,,,,,,,,,,,,,,,0,,,0,,,,,,,,,,,
NH_DES,198402023SW-6,Surface Water,42.926,-70.8238,5/12/2020,,Undisclosed,38.6,15.2,,,0,0,4.97,0,0,,,,,,,,,,0,,0,8.06,,,,,,,,,,,,,,,,,,0,,,0,,,,,,,,,,,
NH_DES,198402023CULV,Surface Water,42.9258,-70.8266,5/16/2023,,Undisclosed,34.6,20.9,,,2.16,5.5,5.91,4.97,0,,,,,,,,,,4.88,,3.04,9.69,,,,,,,,,,,,,,,,,,0,,,0,,,,,,,,,,,
NH_DES,198402023CULV,Surface Water,42.9258,-70.8266,5/12/2020,,Undisclosed,22.9,15.3,,,0,0,5.11,0,0,,,,,,,,,,0,,0,6.28,,,,,,,,,,,,,,,,,,0,,,0,,,,,,,,,,,
NH_DES,199004008ST-1C,Surface Water,42.8596,-71.346,11/2/2023,,Undisclosed,8.5,12,,,0,2.1,4.5,3.3,0,,,,,,,,,,5.8,,3.7,3.3,,,,,,,,,,,,,,,,,,0,,,0,,,,,,,,,,,
NH_DES,199004008ST-1C,Surface Water,42.8596,-71.346,5/4/2023,,Undisclosed,8.3,10,,,0,2.7,3.1,2.7,0,,,,,,,,,,5.6,,2.8,2.2,,,,,,,,,,,,,,,,,,0,,,0,,,,,,,,,,,
NH_DES,199004008ST-1C,Surface Water,42.8596,-71.346,11/3/2022,,Undisclosed,8.2,11,,,0,0,4.6,2.5,0,,,,,,,,,,5.1,,4.3,3.8,,,,,,,,,,,,,,,,,,0,,,0,,,,,,,,,,,
NH_DES,199004008ST-1C,Surface Water,42.8596,-71.346,5/6/2022,,Undisclosed,8.2,9.9,,,0,2.7,3.4,2.5,0,,,,,,,,,,3.4,,2.7,2.1,,,,,,,,,,,,,,,,,,0,,,0,,,,,,,,,,,
NH_DES,199004008ST-1C,Surface Water,42.8596,-71.346,11/10/2021,,Undisclosed,6.86,10.2,,,0,2.15,4.38,2.91,0,,,,,,,,,,4.58,,3.77,2.95,,,,,,,,,,,,,,,,,,0,,,0,,,,,,,,,,,
NH_DES,199004008ST-1C,Surface Water,42.8596,-71.346,6/1/2021,,Undisclosed,7.34,10.6,,0,0,0,5.3,2.82,0,0,0,0,0,0,,,,,5.06,0,3.09,2.93,,,,,,,,,0,0,,,0,,,0,,0,0,0,0,0,0,,,,,0,,,,0
NH_DES,199004008ST-1C,Surface Water,42.8596,-71.346,12/4/2020,,Undisclosed,4.63,7.18,,,0,0,3.37,1.85,0,,,,,,,,,,3.27,,3.59,2.04,,,,,,,,,,,,,,,,,,0,,,0,,,,,,,,,,,
NH_DES,199004008ST-1C,Surface Water,42.8596,-71.346,7/6/2020,,Undisclosed,14.5,19.9,,,0,2.21,9.41,4.67,0,,,,,,,,,,10.7,,4.82,5.66,,,,,,,,,,,,,,,,,,0,,,0,,,,,,,,,,,
NH_DES,199004008ST-1C,Surface Water,42.8596,-71.346,10/30/2019,,Undisclosed,6.78,13.6,,,0,0,9.7,4.23,0,,,,,,,,,,9.24,,4.25,4.4,,,,,,,,,,,,,,,,,,0,,,0,,,,,,,,,,,
NH_DES,199004008SW-1,Surface Water,42.8537,-71.3482,5/6/2022,,Undisclosed,14,16,,,0,2.5,6,3.8,0,,,,,,,,,,6.6,,3,3.2,,,,,,,,,,,,,,,,,,0,,,0,,,,,,,,,,,
NH_DES,199004008SW-1,Surface Water,42.8537,-71.3482,12/4/2020,,Undisclosed,15,13.2,,,0,2.08,6.34,3.51,0,,,,,,,,,,6.33,,4.09,3.5,,,,,,,,,,,,,,,,,,0,,,0,,,,,,,,,,,
NH_DES,199004008SW-1,Surface Water,42.8537,-71.3482,7/2/2020,,Undisclosed,22.6,25.3,,,2.22,2.92,14.8,7.07,0,,,,,,,,,,17.8,,6.05,7.86,,,,,,,,,,,,,,,,,,0,,,0,,,,,,,,,,,
NH_DES,199004008SW-1,Surface Water,42.8537,-71.3482,11/5/2019,,Undisclosed,10.1,18.2,,,0,0,12.5,5.29,0,,,,,,,,,,12,,4.39,4.87,,,,,,,,,,,,,,,,,,0,,,0,,,,,,,,,,,
NH_DES,198704017SW2,Surface Water,43.8402,-71.2684,10/16/2020,,Undisclosed,0,0,,,0,0,0,0,0,,,,,,,,,,0,,0,0,,,,,,,,,,,,,,,,,,0,,,0,,,,,,,,,,,
NH_DES,198907059RIVER,Surface Water,43.194991,-70.872241,10/28/2020,,Undisclosed,4.79,6.28,,1.03,1.77,0.958,9.86,2.7,0,,,0,0,,,,,,9.61,0,1.95,4.12,,,,,,,,,,0,,,0,0,,0,,0,0,,0,0,0,0,,,,,,,,
NH_DES,MTBE_5378,Surface Water,42.914125,-72.033173,4/29/2020,,Undisclosed,0.43,0.62,,,0.48,0.39,0.49,0.52,0,,,,,,,,,,0.93,,0.49,1.8,,,,,,,,,,,,,,,,,,0,,,0,,,,,,,,,,,
NH_DES,MTBE_5404,Surface Water,42.964912,-71.003212,11/12/2018,,Undisclosed,0,0,,,0,0,0,0,0,,,,,,,,,,0,,0,0,,,,,,,,,,,,,,,,,,0,,,0,,,,,,,,,,,
NH_DES,199009001SW06,Surface Water,42.975307,-72.33969,11/20/2019,,Undisclosed,96.9,14.8,,,1.24,2.74,4.68,3.6,0,,,,,,,,,,3.55,,4,6.65,,,,,,,,,,,,,,,,,,0,,,0,,,,,,,,,,,
NH_DES,199009001SW04,Surface Water,42.976006,-72.343026,11/2/2020,,Undisclosed,114,19.9,,,1.1,4.6,7.5,5.6,0,,,,,,,,,,5.8,,1.2,9.2,,,,,,,,,,,,,,,,,,0,,,0,,,,,,,,,,,
NH_DES,199009001SW04,Surface Water,42.976006,-72.343026,11/20/2019,,Undisclosed,106,15.6,,,1.21,2.97,4.88,3.98,0,,,,,,,,,,3.88,,4,7.25,,,,,,,,,,,,,,,,,,0,,,0,,,,,,,,,,,
NH_DES,199009001SW07,Surface Water,42.968886,-72.334667,11/2/2020,,Undisclosed,35.9,7.3,,,1.8,1.8,3.2,2.2,0,,,,,,,,,,2.6,,1.2,4.7,,,,,,,,,,,,,,,,,,0,,,0,,,,,,,,,,,
NH_DES,199009001SW08,Surface Water,42.969663,-72.335192,11/2/2020,,Undisclosed,38.9,7.2,,,1.8,1.5,2.9,2.1,0,,,,,,,,,,2.4,,1.5,4.6,,,,,,,,,,,,,,,,,,0,,,0,,,,,,,,,,,
NH_DES,199009001SW08,Surface Water,42.969663,-72.335192,11/20/2019,,Undisclosed,32.5,5.39,,,4,4,1.91,1.44,0,,,,,,,,,,1.71,,4,3.38,,,,,,,,,,,,,,,,,,0,,,0,,,,,,,,,,,
NH_DES,198704045SG2,Surface Water,44.307769,-71.789058,11/14/2025,,Undisclosed,0,0,,0,0,0,0,0,0,,0,0,0,0,,,,,0,0,0,0,,,,,,,,,0,0,,,0,,,0,,0,0,0,0,0,0,0,,,,,,,,0
NH_DES,198704045SG2,Surface Water,44.307769,-71.789058,5/30/2024,,Undisclosed,0,2.2,,0,0,0,0,0,0,,,0,0,,,,,,0,,0,0,,,,,,,,,,0,,0,0,0,0,0,0,0,0,0,0,0,0,0,,,,,,,,
NH_DES,198704045SG2,Surface Water,44.307769,-71.789058,12/2/2019,,Undisclosed,0,,,,,0,,,0,,,,,,,,,,,,0,,,,,,,,,,,,,,,,,,,0,,,0,,,,,,,,,,,
NH_DES,198704045SG2,Surface Water,44.307769,-71.789058,12/2/2019,,Undisclosed,0,,,,,0,,,0,,,,,,,,,,,,0,0,,,,,,,,,,,,,,,,,,0,,,0,,,,,,,,,,,
NH_DES,198704045SG2,Surface Water,44.307769,-71.789058,12/2/2019,,Undisclosed,0,,,,,0,,,0,,,,,,,,,,0,,0,,,,,,,,,,,,,,,,,,,0,,,0,,,,,,,,,,,
NH_DES,198704045SG2,Surface Water,44.307769,-71.789058,12/2/2019,,Undisclosed,0,,,,,0,,,0,,,,,,,,,,,,0,,,,,,,,,,,,,,,,,,,0,,,0,,,,,,,,,,,
NH_DES,198704045SG2,Surface Water,44.307769,-71.789058,12/2/2019,,Undisclosed,0,,,,,0,0,,0,,,,,,,,,,,,0,,,,,,,,,,,,,,,,,,,0,,,0,,,,,,,,,,,
NH_DES,198704045SG2,Surface Water,44.307769,-71.789058,12/2/2019,,Undisclosed,0,,,,,0,,0,0,,,,,,,,,,,,0,,,,,,,,,,,,,,,,,,,0,,,0,,,,,,,,,,,
NH_DES,198704045SG2,Surface Water,44.307769,-71.789058,12/2/2019,,Undisclosed,0,,,,,0,,,0,,,,,,,,,,,,0,,,,,,,,,,,,,,,,,,,0,,,0,,,,,,,,,,,
NH_DES,198704045SG2,Surface Water,44.307769,-71.789058,12/2/2019,,Undisclosed,0,0,,,,0,,,0,,,,,,,,,,,,0,,,,,,,,,,,,,,,,,,,0,,,0,,,,,,,,,,,
NH_DES,198704045SG2,Surface Water,44.307769,-71.789058,12/2/2019,,Undisclosed,0,,,,0,0,,,0,,,,,,,,,,,,0,,,,,,,,,,,,,,,,,,,0,,,0,,,,,,,,,,,
NH_DES,198704045SG5,Surface Water,44.304742,-71.794744,11/14/2025,,Undisclosed,0,0,,0,0,0,0,0,0,,0,0,0,0,,,,,0,0,0,0,,,,,,,,,0,0,,,0,,,0,,0,0,0,0,0,0,0,,,,,,,,0
NH_DES,198704045SG5,Surface Water,44.304742,-71.794744,5/30/2024,,Undisclosed,0,0,,0,0,0,0,0,0,,,0,0,,,,,,0,,0,0,,,,,,,,,,0,,0,0,0,0,0,0,0,0,0,0,0,0,2.16,,,,,,,,
NH_DES,198704045SG5,Surface Water,44.304742,-71.794744,12/2/2019,,Undisclosed,0,,,,,0,,,0,,,,,,,,,,,,0,,,,,,,,,,,,,,,,,,,0,,,0,,,,,,,,,,,
NH_DES,198704045SG5,Surface Water,44.304742,-71.794744,12/2/2019,,Undisclosed,0,0,,,,0,,,0,,,,,,,,,,,,0,,,,,,,,,,,,,,,,,,,0,,,0,,,,,,,,,,,
NH_DES,198704045SG5,Surface Water,44.304742,-71.794744,12/2/2019,,Undisclosed,0,,,,0,0,,,0,,,,,,,,,,,,0,,,,,,,,,,,,,,,,,,,0,,,0,,,,,,,,,,,
NH_DES,198704045SG5,Surface Water,44.304742,-71.794744,12/2/2019,,Undisclosed,0,,,,,0,,,0,,,,,,,,,,,,0,,,,,,,,,,,,,,,,,,,0,,,0,,,,,,,,,,,
NH_DES,198704045SG5,Surface Water,44.304742,-71.794744,12/2/2019,,Undisclosed,0,,,,,0,,,0,,,,,,,,,,,,0,0,,,,,,,,,,,,,,,,,,0,,,0,,,,,,,,,,,
NH_DES,198704045SG5,Surface Water,44.304742,-71.794744,12/2/2019,,Undisclosed,0,,,,,0,,,0,,,,,,,,,,0,,0,,,,,,,,,,,,,,,,,,,0,,,0,,,,,,,,,,,
NH_DES,198704045SG5,Surface Water,44.304742,-71.794744,12/2/2019,,Undisclosed,0,,,,,0,,,0,,,,,,,,,,,,0,,,,,,,,,,,,,,,,,,,0,,,0,,,,,,,,,,,
NH_DES,198704045SG5,Surface Water,44.304742,-71.794744,12/2/2019,,Undisclosed,0,,,,,0,0,,0,,,,,,,,,,,,0,,,,,,,,,,,,,,,,,,,0,,,0,,,,,,,,,,,
NH_DES,198704045SG5,Surface Water,44.304742,-71.794744,12/2/2019,,Undisclosed,0,,,,,0,,0,0,,,,,,,,,,,,0,,,,,,,,,,,,,,,,,,,0,,,0,,,,,,,,,,,
NH_DES,198401044SW4,Surface Water,43.1764,-70.8967,12/29/2020,,Undisclosed,0,0,,0,0,0,0,0,0,,,,,,,,,,0,,0,0,,,,,,,,,,0,,,0,,,0,,0,0,,0,0,0,,,,,,,,,
NH_DES,198401044SW4,Surface Water,43.1764,-70.8967,5/28/2020,,Undisclosed,5.19,5.97,,0,0,0,0,0,0,,,,,,,,,,0,,0,0,,,,,,,,,,0,,,0,,,0,,0,0,,0,0,0,,,,,,,,,
NH_DES,198401044INTAKE,Surface Water,43.174,-70.9004,12/4/2020,,Undisclosed,0,0,,0,0,0,0,0,0,,,,,,,,,,0,,0,0,,,,,,,,,,0,,,0,,,0,,0,0,,0,0,0,,,,,,,,,
NH_DES,198401044INTAKE,Surface Water,43.174,-70.9004,9/28/2020,,Undisclosed,14.5,15.4,,0,0,7.64,4.91,0,0,,,,,,,,,,0,,0,0,,,,,,,,,,0,,,0,,,0,,0,0,,0,0,0,,,,,,,,,
NH_DES,198401044INTAKE,Surface Water,43.174,-70.9004,8/26/2020,,Undisclosed,16,15,,0,0,8.77,5.67,0,0,,,,,,,,,,0,,0,0,,,,,,,,,,0,,,0,,,0,,0,0,,0,0,0,,,,,,,,,
NH_DES,198401044INTAKE,Surface Water,43.174,-70.9004,3/31/2020,,Undisclosed,0,0,,0,0,0,0,0,0,,,,,,,,,,0,,0,0,,,,,,,,,,0,,,0,,,0,,0,0,,0,0,0,,,,,,,,,
NH_DES,198401044SW1,Surface Water,43.1742,-70.9002,12/29/2020,,Undisclosed,0,0,,0,0,0,0,0,0,,,,,,,,,,0,,0,0,,,,,,,,,,0,,,0,,,0,,0,0,,0,0,0,,,,,,,,,
NH_DES,198401044SW1,Surface Water,43.1742,-70.9002,5/28/2020,,Undisclosed,5.56,6.52,,0,0,0,0,0,0,,,,,,,,,,0,,0,0,,,,,,,,,,0,,,0,,,0,,0,0,,0,0,0,,,,,,,,,
NH_DES,198401044SW1,Surface Water,43.1742,-70.9002,3/31/2020,,Undisclosed,0,0,,0,0,0,0,0,0,,,,,,,,,,0,,0,0,,,,,,,,,,0,,,0,,,0,,0,0,,0,0,0,,,,,,,,,
NH_DES,198401044SW3,Surface Water,43.1737,-70.9173,12/29/2020,,Undisclosed,0,0,,0,0,0,0,0,0,,,,,,,,,,0,,0,0,,,,,,,,,,0,,,0,,,0,,0,0,,0,0,0,,,,,,,,,
NH_DES,198401044SW3,Surface Water,43.1737,-70.9173,9/28/2020,,Undisclosed,12.6,13.5,,0,0,5.78,0,0,0,,,,,,,,,,0,,0,0,,,,,,,,,,0,,,0,,,0,,0,0,,0,0,0,,,,,,,,,
NH_DES,198401044SW3,Surface Water,43.1737,-70.9173,8/28/2020,,Undisclosed,12.1,11.2,,0,0,5.43,0,0,0,,,,,,,,,,0,,0,0,,,,,,,,,,0,,,0,,,0,,0,0,,0,0,0,,,,,,,,,
NH_DES,198401044SW3,Surface Water,43.1737,-70.9173,5/28/2020,,Undisclosed,4.36,0,,0,0,0,0,0,0,,,,,,,,,,0,,0,0,,,,,,,,,,0,,,0,,,0,,0,0,,0,0,0,,,,,,,,,
NH_DES,EMCONW001SW03,Surface Water,42.881172,-71.576808,10/15/2020,,Undisclosed,2.1,7,,0,0,0,2.4,1.9,0,0,0,0,0,0,,,,,2.1,0,0,0,,,,,,,,,0,0,,0,0,0,0,0,0,0,0,0,0,0,0,0,,,,0,,,,0
NH_DES,EMCONW001SW03,Surface Water,42.881172,-71.576808,10/15/2020,,Undisclosed,2.4,7.2,,0,0,0,2.2,1.9,0,0,0,0,0,0,,,,,2.3,0,0,0,,,,,,,,,0,0,,0,0,0,0,0,0,0,0,0,0,0,0,0,,,,0,,,,0
NH_DES,EMCONW001SW03,Surface Water,42.881172,-71.576808,10/15/2020,,Undisclosed,2.2,7.3,,0,0,0,2.5,2,0,0,0,0,0,0,,,,,2,0,0,0,,,,,,,,,0,0,,0,0,0,0,0,0,0,0,0,0,0,0,0,,,,0,,,,0
NH_DES,EMCONW001SW04,Surface Water,42.905601,-71.300215,10/12/2020,,Undisclosed,3,5.4,,0,0,2.5,3.5,2.9,0,280,0,0,0,0,,,,,6.2,0,1.9,5.6,,,,,,,,,0,0,,0,0,0,0,0,0,0,0,0,0,0,0,0,,,,0,,,,0
NH_DES,EMCONW001SW04,Surface Water,42.905601,-71.300215,10/12/2020,,Undisclosed,2.3,3.6,,0,0,2.4,1.7,0,0,0,0,0,0,0,,,,,1.8,0,1.8,0,,,,,,,,,0,0,,0,0,0,0,0,0,0,0,0,0,0,0,0,,,,0,,,,0
NH_DES,EMCONW001SW04,Surface Water,42.905601,-71.300215,10/12/2020,,Undisclosed,2.2,3.9,,0,0,2.2,4,2.3,0,850,0,0,0,0,,,,,7.5,0,1.9,12,,,,,,,,,0,0,,0,0,0,0,0,0,0,0,0,0,0,0,0,,,,0,,,,0
NH_DES,EMCONW001SW05,Surface Water,42.864512,-71.21284,10/6/2020,,Undisclosed,1.9,4,,0,0,0,2.1,1.9,0,0,0,0,0,0,,,,,2.1,0,2,0,,,,,,,,,0,0,,0,0,0,0,0,0,0,0,0,0,0,0,0,,,,0,,,,0
NH_DES,EMCONW001SW05,Surface Water,42.864512,-71.21284,10/6/2020,,Undisclosed,1.9,3.7,,0,0,0,1.9,0,0,0,0,0,0,0,,,,,1.8,0,1.8,0,,,,,,,,,0,0,,0,0,0,0,0,0,0,0,0,0,0,0,0,,,,0,,,,0
NH_DES,EMCONW001SW05,Surface Water,42.864512,-71.21284,10/6/2020,,Undisclosed,2.2,3.5,,0,0,0,0,0,0,0,0,0,0,0,,,,,0,0,0,0,,,,,,,,,0,0,,0,0,0,0,0,0,0,0,0,0,0,0,0,,,,0,,,,0
NH_DES,EMCONW001SW06,Surface Water,42.800851,-71.25281,10/19/2020,,Undisclosed,2.7,7.4,,0,0,1.9,3.9,3.1,0,0,0,0,0,0,,,,,3.6,0,2.8,0,,,,,,,,,0,0,,0,0,0,0,0,0,0,0,0,0,0,0,0,,,,0,,,,0
NH_DES,EMCONW001SW06,Surface Water,42.800851,-71.25281,10/19/2020,,Undisclosed,2.5,7.2,,0,0,1.8,4.4,2.9,0,0,0,0,0,0,,,,,4,0,2.8,0,,,,,,,,,0,0,,0,0,0,0,0,0,0,0,0,0,0,0,0,,,,0,,,,0
NH_DES,EMCONW001SW06,Surface Water,42.800851,-71.25281,10/19/2020,,Undisclosed,1.8,7,,0,0,1.8,3.9,2.7,0,0,0,0,0,0,,,,,3.4,0,2.8,0,,,,,,,,,0,0,,0,0,0,0,0,0,0,0,0,0,0,0,0,,,,0,,,,0
NH_DES,EMCONW001SW07,Surface Water,42.8082,-71.17168,10/26/2020,,Undisclosed,0,4.1,,0,0,0,2.1,2,0,0,0,0,0,0,,,,,1.8,0,1.9,0,,,,,,,,,0,0,,0,0,0,0,0,0,0,0,0,0,0,0,0,,,,0,,,,0
NH_DES,EMCONW001SW07,Surface Water,42.8082,-71.17168,10/26/2020,,Undisclosed,0,4.2,,0,0,0,2.5,0,0,0,0,0,0,0,,,,,0,0,0,0,,,,,,,,,0,0,,0,0,0,0,0,0,0,0,0,0,0,0,0,,,,0,,,,0
NH_DES,EMCONW001SW07,Surface Water,42.8082,-71.17168,10/26/2020,,Undisclosed,2.1,4,,0,0,0,2.3,0,0,0,0,0,0,0,,,,,1.9,0,1.8,0,,,,,,,,,0,0,,0,0,0,0,0,0,0,0,0,0,0,0,0,,,,0,,,,0
NH_DES,EMCONW001SW07,Surface Water,42.8082,-71.17168,10/9/2020,,Undisclosed,2,3.9,,0,0,0,2.2,1.8,0,0,0,0,0,0,,,,,2,0,0,0,,,,,,,,,0,0,,0,0,0,0,0,0,0,0,0,0,0,0,0,,,,0,,,,0
NH_DES,EMCONW001SW07,Surface Water,42.8082,-71.17168,10/9/2020,,Undisclosed,1.9,4.1,,0,0,0,2.1,0,0,0,0,0,0,0,,,,,1.9,0,1.8,0,,,,,,,,,0,0,,0,0,0,0,0,0,0,0,0,0,0,0,0,,,,0,,,,0
NH_DES,EMCONW001SW07,Surface Water,42.8082,-71.17168,10/9/2020,,Undisclosed,2.3,4,,0,0,0,2.4,1.8,0,0,0,0,0,0,,,,,2.1,0,1.8,0,,,,,,,,,0,0,,0,0,0,0,0,0,0,0,0,0,0,0,0,,,,0,,,,0
NH_DES,EMCONW001SW07,Surface Water,42.8082,-71.17168,10/9/2020,,Undisclosed,1.9,4.2,,0,0,0,2.2,1.8,0,0,0,0,0,0,,,,,1.8,0,0,0,,,,,,,,,0,0,,0,0,0,0,0,0,0,0,0,0,0,0,0,,,,0,,,,0
NH_DES,EMCONW001SW07,Surface Water,42.8082,-71.17168,10/9/2020,,Undisclosed,2.1,4,,0,0,0,2.1,0,0,0,0,0,0,0,,,,,1.9,0,0,0,,,,,,,,,0,0,,0,0,0,0,0,0,0,0,0,0,0,0,0,,,,0,,,,0
NH_DES,EMCONW001SW07,Surface Water,42.8082,-71.17168,10/9/2020,,Undisclosed,1.8,4.2,,0,0,0,2.4,0,0,0,0,0,0,0,,,,,1.9,0,0,0,,,,,,,,,0,0,,0,0,0,0,0,0,0,0,0,0,0,0,0,,,,0,,,,0
NH_DES,EMCONW001SW08,Surface Water,42.788144,-71.294655,10/20/2020,,Undisclosed,1.8,6.1,,0,0,0,3.5,2.6,0,0,0,0,0,0,,,,,3.1,0,2.2,0,,,,,,,,,0,0,,0,0,0,0,0,0,0,0,0,0,0,0,0,,,,0,,,,0
NH_DES,EMCONW001SW08,Surface Water,42.788144,-71.294655,10/20/2020,,Undisclosed,2,6.2,,0,0,0,3.3,2.7,0,0,0,0,0,0,,,,,3.1,0,2.1,0,,,,,,,,,0,0,,0,0,0,0,0,0,0,0,0,0,0,0,0,,,,0,,,,0
NH_DES,EMCONW001SW08,Surface Water,42.788144,-71.294655,10/20/2020,,Undisclosed,3.3,6.6,,0,0,0,3.2,2.7,0,0,0,0,0,0,,,,,3.1,0,2.1,0,,,,,,,,,0,0,,0,0,0,0,0,0,0,0,0,0,0,0,0,,,,0,,,,0
NH_DES,EMCONW001SW08,Surface Water,42.788144,-71.294655,10/20/2020,,Undisclosed,1.9,6.7,,0,0,0,3.6,2.9,0,0,0,0,0,0,,,,,3.3,0,2.3,0,,,,,,,,,0,0,,0,0,0,0,0,0,0,0,0,0,0,0,0,,,,0,,,,0
NH_DES,EMCONW001SW08,Surface Water,42.788144,-71.294655,10/20/2020,,Undisclosed,2.1,6.8,,0,0,0,3.6,2.8,0,0,0,0,0,0,,,,,3.3,0,2.4,0,,,,,,,,,0,0,,0,0,0,0,0,0,0,0,0,0,0,0,0,,,,0,,,,0
NH_DES,EMCONW001SW08,Surface Water,42.788144,-71.294655,10/20/2020,,Undisclosed,2.2,6.6,,0,0,0,3.2,2.6,0,0,0,0,0,0,,,,,3.1,0,2,0,,,,,,,,,0,0,,0,0,0,0,0,0,0,0,0,0,0,0,0,,,,0,,,,0
NH_DES,EMCONW001SW09,Surface Water,42.918186,-71.060693,10/19/2020,,Undisclosed,0,2.6,,0,0,0,0,0,0,0,0,0,0,0,,,,,0,0,0,0,,,,,,,,,0,0,,0,0,0,0,0,0,0,0,0,0,0,0,0,,,,0,,,,0
NH_DES,EMCONW001SW09,Surface Water,42.918186,-71.060693,10/19/2020,,Undisclosed,0,2.7,,0,0,0,0,0,0,0,0,0,0,0,,,,,0,0,0,0,,,,,,,,,0,0,,0,0,0,0,0,0,0,0,0,0,0,0,0,,,,0,,,,0
NH_DES,EMCONW001SW09,Surface Water,42.918186,-71.060693,10/19/2020,,Undisclosed,0,2.2,,0,0,0,0,0,0,0,0,0,0,0,,,,,0,0,0,0,,,,,,,,,0,0,,0,0,0,0,0,0,0,0,0,0,0,0,0,,,,0,,,,0
NH_DES,EMCONW001SW09,Surface Water,42.918186,-71.060693,10/19/2020,,Undisclosed,0,2.2,,0,0,0,0,0,0,0,0,0,0,0,,,,,0,0,0,0,,,,,,,,,0,0,,0,0,0,0,0,0,0,0,0,0,0,0,0,,,,0,,,,0
NH_DES,EMCONW001SW10,Surface Water,43.456638,-71.757563,10/23/2020,,Undisclosed,0,0,,0,0,0,0,0,0,0,0,0,0,0,,,,,0,0,0,0,,,,,,,,,0,0,,0,0,0,0,0,0,0,0,0,0,0,0,0,,,,0,,,,0
NH_DES,EMCONW001SW10,Surface Water,43.456638,-71.757563,10/23/2020,,Undisclosed,0,0,,0,0,0,0,0,0,0,0,0,0,0,,,,,0,0,0,0,,,,,,,,,0,0,,0,0,0,0,0,0,0,0,0,0,0,0,0,,,,0,,,,0
NH_DES,EMCONW001SW10,Surface Water,43.456638,-71.757563,10/23/2020,,Undisclosed,0,0,,0,0,0,0,0,0,0,0,0,0,0,,,,,0,0,0,0,,,,,,,,,0,0,,0,0,0,0,0,0,0,0,0,0,0,0,0,,,,0,,,,0
NH_DES,EMCONW001SW11,Surface Water,42.849599,-71.491344,10/19/2020,,Undisclosed,5.1,23,,0,0,5.1,6.6,5.3,0,0,0,0,0,0,,,,,4.9,0,6,0,,,,,,,,,0,0,,0,0,0,0,0,0,0,0,0,0,0,0,0,,,,0,,,,0
NH_DES,EMCONW001SW11,Surface Water,42.849599,-71.491344,10/19/2020,,Undisclosed,4.2,22,,0,0,4.8,6.2,5.4,0,0,0,0,0,0,,,,,4.9,0,5.9,0,,,,,,,,,0,0,,0,0,0,0,0,0,0,0,0,0,0,0,0,,,,0,,,,0
NH_DES,EMCONW001SW11,Surface Water,42.849599,-71.491344,10/19/2020,,Undisclosed,5.4,26,,0,0,6.1,7.4,6.3,0,0,0,0,0,0,,,,,5.9,0,6.8,0,,,,,,,,,0,0,,0,0,0,0,0,0,0,0,0,0,0,0,0,,,,0,,,,0
NH_DES,EMCONW001SW12,Surface Water,43.004451,-71.379468,10/28/2020,,Undisclosed,0,3.7,,0,0,0,0,0,0,0,0,0,0,0,,,,,0,0,0,0,,,,,,,,,0,0,,0,0,0,0,0,0,0,0,0,0,0,0,0,,,,0,,,,0
NH_DES,EMCONW001SW12,Surface Water,43.004451,-71.379468,10/28/2020,,Undisclosed,0,3.9,,0,0,0,0,0,0,0,0,0,0,0,,,,,0,0,0,0,,,,,,,,,0,0,,0,0,0,0,0,0,0,0,0,0,0,0,0,,,,0,,,,0
NH_DES,EMCONW001SW12,Surface Water,43.004451,-71.379468,10/28/2020,,Undisclosed,0,3.7,,0,0,0,0,0,0,0,0,0,0,0,,,,,0,0,0,0,,,,,,,,,0,0,,0,0,0,0,0,0,0,0,0,0,0,0,0,,,,0,,,,0
NH_DES,EMCONW001SW12,Surface Water,43.004451,-71.379468,10/28/2020,,Undisclosed,3,5.1,,1.9,2.3,2.2,3.2,2.9,0,0,0,0,2,2.2,,,,,2.8,2.1,2.3,0,,,,,,,,,0,0,,0,0,0,0,0,0,0,2,0,1.9,2.2,2.4,2.3,,,,1.8,,,,0
NH_DES,EMCONW001SW13,Surface Water,42.820122,-71.526176,10/12/2020,,Undisclosed,2.2,16,,0,0,1.8,6.3,4.1,0,0,0,0,0,0,,,,,4.1,0,3.4,0,,,,,,,,,0,0,,0,0,0,0,0,0,0,0,0,0,0,0,0,,,,0,,,,0
NH_DES,EMCONW001SW13,Surface Water,42.820122,-71.526176,10/12/2020,,Undisclosed,2.4,16,,0,0,1.9,6.3,4.5,0,0,0,0,0,0,,,,,4.1,0,3.5,0,,,,,,,,,0,0,,0,0,0,0,0,0,0,0,0,0,0,0,0,,,,0,,,,0
NH_DES,EMCONW001SW13,Surface Water,42.820122,-71.526176,10/12/2020,,Undisclosed,2.6,15,,0,0,1.8,6,4.4,0,0,0,0,0,0,,,,,4.2,0,3.3,0,,,,,,,,,0,0,,0,0,0,0,0,0,0,0,0,0,0,0,0,,,,0,,,,0
NH_DES,EMCONW001SW14,Surface Water,42.799405,-71.38589,10/14/2020,,Undisclosed,11,7.4,,0,0,3,3.3,2.5,0,0,0,0,0,0,,,,,2.8,0,2.5,0,,,,,,,,,0,0,,0,0,0,0,0,0,0,0,0,0,0,0,0,,,,0,,,,0
NH_DES,EMCONW001SW14,Surface Water,42.799405,-71.38589,10/14/2020,,Undisclosed,12,8.7,,0,0,3,27,4.5,0,0,2.9,1100,1.9,0,,,,,8.4,0,2.5,12,,,,,,,,,0,0,,0,0,0,0,0,0,0,0,0,0,0,0,0,,,,0,,,,0
NH_DES,EMCONW001SW14,Surface Water,42.799405,-71.38589,10/14/2020,,Undisclosed,12,8.2,,0,0,3.1,3.4,2.2,0,0,0,0,0,0,,,,,2.8,0,2.5,0,,,,,,,,,0,0,,0,0,0,0,0,0,0,0,0,0,0,0,0,,,,0,,,,0
NH_DES,EMCONW001SW01,Surface Water,42.821231,-71.208982,10/7/2020,,Undisclosed,2.7,4.7,,0,0,1.8,2.5,2.1,0,0,0,0,0,0,,,,,2.1,0,2.1,0,,,,,,,,,0,0,,0,0,0,0,0,0,0,0,0,0,0,0,0,,,,0,,,,0
NH_DES,EMCONW001SW01,Surface Water,42.821231,-71.208982,10/7/2020,,Undisclosed,2.6,4.8,,0,0,1.9,2.5,2,0,0,0,0,0,0,,,,,2.7,0,2.3,0,,,,,,,,,0,0,,0,0,0,0,0,0,0,0,0,0,0,0,0,,,,0,,,,0
NH_DES,EMCONW001SW01,Surface Water,42.821231,-71.208982,10/7/2020,,Undisclosed,2.6,4.5,,0,0,1.8,2.4,2,0,0,0,0,0,0,,,,,2.8,0,2.2,0,,,,,,,,,0,0,,0,0,0,0,0,0,0,0,0,0,0,0,0,,,,0,,,,0
NH_DES,EMCONW001SW02,Surface Water,43.958916,-71.968903,10/22/2020,,Undisclosed,0,0,,0,0,0,0,0,0,0,0,0,0,0,,,,,0,0,0,0,,,,,,,,,0,0,,0,0,0,0,0,0,0,0,0,0,0,0,0,,,,0,,,,0
NH_DES,EMCONW001SW02,Surface Water,43.958916,-71.968903,10/22/2020,,Undisclosed,0,0,,0,0,0,0,0,0,0,0,0,0,0,,,,,0,0,0,0,,,,,,,,,0,0,,0,0,0,0,0,0,0,0,0,0,0,0,0,,,,0,,,,0
NH_DES,EMCONW001SW02,Surface Water,43.958916,-71.968903,10/22/2020,,Undisclosed,0,0,,0,0,0,0,0,0,0,0,0,0,0,,,,,0,0,0,0,,,,,,,,,0,0,,0,0,0,0,0,0,0,0,0,0,0,0,0,,,,0,,,,0
NH_DES,19870408152POST,Surface Water,42.951348,-71.541808,11/20/2020,,Undisclosed,0,0,,,0,0,0,0,0,,,,,,,,,,0,,0,0,,,,,,,,,,,,,,,,,,0,,,0,,,,,,,,,,,
NH_DES,19870408151,Surface Water,42.952662,-71.545618,11/20/2020,,Undisclosed,0,0,,,0,0,0,0,0,,,,,,,,,,0,,0,0,,,,,,,,,,,,,,,,,,0,,,0,,,,,,,,,,,
NH_DES,19870408152PRE,Surface Water,42.951149,-71.543257,11/20/2020,,Undisclosed,0,0,,,0,0,0,0,0,,,,,,,,,,0,,0,0,,,,,,,,,,,,,,,,,,0,,,0,,,,,,,,,,,
NH_DES,199001014CS,Surface Water,43.155,-71.11,4/14/2020,,Undisclosed,0,7.74,,,0,0,0,0,0,,,,,,,,,,0,,0,0,,,,,,,,,,,,,,,,,,0,,,0,,,,,,,,,,,
NH_DES,199001014NRUP,Surface Water,43.155278,-71.108611,4/14/2020,,Undisclosed,0,0,,,0,0,0,0,0,,,,,,,,,,0,,0,0,,,,,,,,,,,,,,,,,,0,,,0,,,,,,,,,,,
NH_DES,199001014NROUT,Surface Water,43.150278,-71.111111,4/14/2020,,Undisclosed,5.97,64,,,15.2,0,36.5,50.1,0,,,,,,,,,,28.2,,0,11.4,,,,,,,,,,,,,,,,,,0,,,0,,,,,,,,,,,
NH_DES,199001014NR152,Surface Water,43.148611,-71.113056,4/14/2020,,Undisclosed,0,0,,,0,0,0,0,0,,,,,,,,,,0,,0,0,,,,,,,,,,,,,,,,,,0,,,0,,,,,,,,,,,
NH_DES,MTBE_16420,Surface Water,43.410119,-72.038303,6/9/2021,,Undisclosed,0.66,1.2,,0,0,0,0.68,0.79,0,0,,0,0,,,,,,0.66,0,0.52,0,,,,,,,,,,0,,,,,,,,0,,,0,,0,,,,,0,0,0,0,
NH_DES,MBPREFW1,Surface Water,43.65608,-71.49771,7/4/2021,,Undisclosed,2.16,0,,0,0,0,0,0,0,0,,0,0,,,,,,0,0,0,3.23,,,,,,,,,,0,,,,,,,,0,,,0,,0,,,,,0,0,0,0,
NH_DES,MBPREFW2,Surface Water,43.65608,-71.49771,7/4/2021,,Undisclosed,0,0,,0,0,0,0,0,0,0,,0,0,,,,,,0,0,0,4.35,,,,,,,,,,0,,,,,,,,0,,,0,,0,,,,,0,0,0,0,
NH_DES,MBPOSTFW1,Surface Water,43.65608,-71.49771,7/5/2021,,Undisclosed,0,0,,0,0,0,0,0,0,0,,0,0,,,,,,0,0,0,4.2,,,,,,,,,,0,,,,,,,,0,,,0,,0,,,,,0,0,0,0,
NH_DES,MBPOSTFW2,Surface Water,43.65608,-71.49771,7/5/2021,,Undisclosed,0,0,,0,0,0,0,0,0,0,,0,0,,,,,,0,0,0,4.42,,,,,,,,,,0,,,,,,,,0,,,0,,0,,,,,0,0,0,0,
NH_DES,CHPREFW1,Surface Water,43.7042,-71.45713,7/4/2021,,Undisclosed,0,0,,0,0,0,0,0,0,0,,0,0,,,,,,0,0,0,3.17,,,,,,,,,,0,,,,,,,,0,,,0,,0,,,,,0,0,0,0,
NH_DES,CHPREFW2,Surface Water,43.7042,-71.45713,7/4/2021,,Undisclosed,0,0,,0,0,0,0,0,0,0,,0,0,,,,,,0,0,0,3.84,,,,,,,,,,0,,,,,,,,0,,,0,,0,,,,,0,0,0,0,
NH_DES,CHPOSTFW1,Surface Water,43.70222,-71.45557,7/5/2021,,Undisclosed,0,0,,0,0,0,0,0,0,0,,0,0,,,,,,0,0,0,2.81,,,,,,,,,,0,,,,,,,,0,,,0,,0,,,,,0,0,0,0,
NH_DES,CHPOSTFW2,Surface Water,43.70222,-71.45557,7/5/2021,,Undisclosed,0,0,,0,0,0,0,0,0,0,,0,0,,,,,,0,0,0,3.53,,,,,,,,,,0,,,,,,,,0,,,0,,0,,,,,0,0,0,0,
NH_DES,198704018SW-1,Surface Water,43.5402,-71.0279,6/25/2025,,Undisclosed,0,2.2,,,0,0,0,0,0,,,,,,,,,,0,,0,2.5,,,,,,,,,,,,,,,,,,0,,,0,,,,,,,,,,,
NH_DES,198704018SW-1,Surface Water,43.5402,-71.0279,6/25/2024,,Undisclosed,0,3.97,,,0,0,0,0,0,,,,,,,,,,0,,0,4.13,,,,,,,,,,,,,,,,,,0,,,0,,,,,,,,,,,
NH_DES,198704018SW-1,Surface Water,43.5402,-71.0279,6/21/2023,,Undisclosed,0,0,,,0,0,0,0,0,,,,,,,,,,0,,0,0,,,,,,,,,,,,,,,,,,0,,,0,,,,,,,,,,,
NH_DES,198704018SW-1,Surface Water,43.5402,-71.0279,6/28/2022,,Undisclosed,0,0,,,0,0,0,0,0,,,,,,,,,,0,,0,0,,,,,,,,,,,,,,,,,,0,,,0,,,,,,,,,,,
NH_DES,198704018SW-1,Surface Water,43.5402,-71.0279,6/24/2021,,Undisclosed,0,3.2,,,0,0,0,0,0,,,,,,,,,,0,,0,2.4,,,,,,,,,,,,,,,,,,0,,,0,,,,,,,,,,,
NH_DES,198704018SW-2,Surface Water,43.5379,-71.0315,6/25/2025,,Undisclosed,0,0,,,0,0,0,0,0,,,,,,,,,,0,,0,0,,,,,,,,,,,,,,,,,,0,,,0,,,,,,,,,,,
NH_DES,198704018SW-2,Surface Water,43.5379,-71.0315,6/27/2024,,Undisclosed,0,0,,,0,0,0,0,0,,,,,,,,,,0,,0,0,,,,,,,,,,,,,,,,,,0,,,0,,,,,,,,,,,
NH_DES,198704018SW-2,Surface Water,43.5379,-71.0315,6/21/2023,,Undisclosed,0,0,,,0,0,0,0,0,,,,,,,,,,0,,0,0,,,,,,,,,,,,,,,,,,0,,,0,,,,,,,,,,,
NH_DES,198704018SW-2,Surface Water,43.5379,-71.0315,6/28/2022,,Undisclosed,0,0,,,0,0,0,0,0,,,,,,,,,,0,,0,0,,,,,,,,,,,,,,,,,,0,,,0,,,,,,,,,,,
NH_DES,198704018SW-2,Surface Water,43.5379,-71.0315,6/24/2021,,Undisclosed,0,0,,,0,0,0,0,0,,,,,,,,,,0,,0,0,,,,,,,,,,,,,,,,,,0,,,0,,,,,,,,,,,
NH_DES,198704018SW-3,Surface Water,43.5376,-71.0304,6/26/2025,,Undisclosed,0,4.7,,,0,0,2.1,2.7,0,,,,,,,,,,1.9,,0,2.2,,,,,,,,,,,,,,,,,,0,,,0,,,,,,,,,,,
NH_DES,198704018SW-3,Surface Water,43.5376,-71.0304,6/27/2024,,Undisclosed,0,2.41,,,0,0,0,0,0,,,,,,,,,,0,,0,0,,,,,,,,,,,,,,,,,,0,,,0,,,,,,,,,,,
NH_DES,198704018SW-3,Surface Water,43.5376,-71.0304,6/21/2023,,Undisclosed,0,0,,,0,0,0,0,0,,,,,,,,,,0,,0,0,,,,,,,,,,,,,,,,,,0,,,0,,,,,,,,,,,
NH_DES,198704018SW-3,Surface Water,43.5376,-71.0304,6/28/2022,,Undisclosed,0,3.8,,,0,0,2.15,2.71,0,,,,,,,,,,2.17,,0,0,,,,,,,,,,,,,,,,,,0,,,0,,,,,,,,,,,
NH_DES,198704018SW-3,Surface Water,43.5376,-71.0304,6/24/2021,,Undisclosed,0,0,,,0,0,0,0,0,,,,,,,,,,0,,0,0,,,,,,,,,,,,,,,,,,0,,,0,,,,,,,,,,,
NH_DES,198704018SW-10,Surface Water,43.5399,-71.0328,6/25/2025,,Undisclosed,0,0,,,0,0,0,0,0,,,,,,,,,,0,,0,0,,,,,,,,,,,,,,,,,,0,,,0,,,,,,,,,,,
NH_DES,198704018SW-10,Surface Water,43.5399,-71.0328,6/27/2024,,Undisclosed,0,0,,,0,0,0,0,0,,,,,,,,,,0,,0,0,,,,,,,,,,,,,,,,,,0,,,0,,,,,,,,,,,
NH_DES,198704018SW-10,Surface Water,43.5399,-71.0328,6/21/2023,,Undisclosed,0,0,,,0,0,0,0,0,,,,,,,,,,0,,0,0,,,,,,,,,,,,,,,,,,0,,,0,,,,,,,,,,,
NH_DES,198704018SW-10,Surface Water,43.5399,-71.0328,6/28/2022,,Undisclosed,0,0,,,0,0,0,0,0,,,,,,,,,,0,,0,0,,,,,,,,,,,,,,,,,,0,,,0,,,,,,,,,,,
NH_DES,198704018SW-10,Surface Water,43.5399,-71.0328,6/24/2021,,Undisclosed,0,0,,,0,0,0,0,0,,,,,,,,,,0,,0,0,,,,,,,,,,,,,,,,,,0,,,0,,,,,,,,,,,
NH_DES,198403011SW1,Surface Water,43.208084,-72.205773,4/10/2020,,Undisclosed,16,3,,0,0,0,0,0,0,,,,,,,,,,,,0,,,,,,,,,,,0,,,0,,,2,,0,0,,0,0,0,,,,,,,,,
NH_DES,198403011SW3,Surface Water,43.207164,-72.20316,7/12/2023,,Undisclosed,0,0,,,0,0,0,0,0,,,,,,,,,,0,,0,2.79,,,,,,,,,,,,,,,,,,0,,,0,,,,,,,,,,,
NH_DES,198403011SW3,Surface Water,43.207164,-72.20316,4/10/2020,,Undisclosed,41,10,,0,0,0,0,0,0,,,,,,,,,,,,0,,,,,,,,,,,0,,,0,,,0,,0,0,,0,0,0,,,,,,,,,
NH_DES,198403011SW3,Surface Water,43.207164,-72.20316,4/20/2018,,Undisclosed,46,12,,,0,0,0,4,0,,,,,,,,,,0,,0,0,,,,,,,,,,,,,,,,,,0,,,0,,,,,,,,,,,
NH_DES,198403011SW6,Surface Water,43.2076,-72.204599,7/12/2023,,Undisclosed,184,46,,,2.21,3.04,6.08,7.62,0,,,,,,,,,,6.09,,0,4.18,,,,,,,,,,,,,,,,,,0,,,0,,,,,,,,,,,
NH_DES,198403011SW6,Surface Water,43.2076,-72.204599,4/10/2020,,Undisclosed,0,0,,0,0,0,0,0,0,,,,,,,,,,,,0,,,,,,,,,,,0,,,0,,,0,,0,0,,0,0,0,,,,,,,,,
NH_DES,198403011SW6,Surface Water,43.2076,-72.204599,4/20/2018,,Undisclosed,36,0,,,0,0,0,0,0,,,,,,,,,,0,,0,0,,,,,,,,,,,,,,,,,,0,,,0,,,,,,,,,,,
NH_DES,202004024SW01,Surface Water,42.84532,-71.08602,9/8/2021,,Undisclosed,0,3.61,,0,0,0,2.64,0,0,,0,0,0,,,,,,3.48,0,2.85,7.09,,,,,,,,,,0,,,0,,,0,,0,0,,0,0,0,0,,,,,,,,
NH_DES,201605022SW1,Surface Water,42.80253,-71.58255,9/29/2021,,Undisclosed,2.5,7.8,,0,0.71,0.71,1.6,1.4,0,,0,0,0,,,,,,1.3,0.16,1.6,2.3,,,,,,,,,,0,,,0,,,0,,0,0,,0,0,0,0,,,,,,,,
NH_DES,201605022SW2,Surface Water,42.80147,-71.5747,9/29/2021,,Undisclosed,2.2,14,,0,0.75,1.2,3.3,2.5,0,,0,0,0,,,,,,2.2,0.23,1.9,2.7,,,,,,,,,,0,,,0,,,0,,0,0,,0,0,0,0,,,,,,,,
NH_DES,201605022SW3,Surface Water,42.80159,-71.57059,9/29/2021,,Undisclosed,4.2,18,,0,0.71,1.2,3.1,2.6,0,,0,0,0,,,,,,2.5,0.23,2.2,2.7,,,,,,,,,,0,,,0,,,0,,0,0,,0,0,0,0,,,,,,,,
NH_DES,201605022SW4,Surface Water,42.80106,-71.56919,9/29/2021,,Undisclosed,4.4,16,,0,0.68,1.1,3.1,2.7,0,,0,0,0,,,,,,2.1,0.23,2,2.5,,,,,,,,,,0,,,0,,,0,,0,0,,0,0,0,0,,,,,,,,
NH_DES,201605022SW5,Surface Water,42.8005,-71.56397,9/29/2021,,Undisclosed,2.3,26,,0,0.71,1.2,3.5,3.5,0,,0,0,0,,,,,,2.3,0.24,2.5,2.4,,,,,,,,,,0,,,0,,,0,,0,0,,0,0,0,0,,,,,,,,
NH_DES,201605022SW6,Surface Water,42.7985,-71.56131,9/29/2021,,Undisclosed,2.8,28,,0,0.63,1.3,3.8,4,0,,0,0,0,,,,,,2.9,0.24,2.9,2.8,,,,,,,,,,0,,,0,,,0,,0,0,,0,0,0,0,,,,,,,,
NH_DES,SAG-SP1,Surface Water,43.05558,-70.76521,10/21/2021,,Undisclosed,17.1,18.3,,0.92,2.5,4.3,12.1,7.3,0,0,0,0,0,,,,,,13.4,0.46,7.6,10.2,,,,,,,,,,0,,,0,0,,0,,0,0,,0,0,0,0,,,,0,,,,
NH_DES,SAG-SP2,Surface Water,43.05423,-70.77732,10/21/2021,,Undisclosed,7.5,8.8,,0,0.45,2.14,4.2,3.3,0,0,0,0,0,,,,,,3.8,0,5.3,4.8,,,,,,,,,,0,,,0,0,,0,,0,0,,0,0,0,0,,,,0,,,,
NH_DES,SAG-SP2,Surface Water,43.05423,-70.77732,10/21/2021,,Undisclosed,6.9,8.9,,0,0.46,2.12,4.3,3.3,0,0,0,0,0,,,,,,3.6,0,5.4,4.8,,,,,,,,,,0,,,0,0,,0,,0,0,,0,0,0,0,,,,0,,,,
NH_DES,SAG-SP3,Surface Water,43.04537,-70.7622,10/21/2021,,Undisclosed,10.3,8.9,,0,0,4.4,3.4,3,0,0,0,0,0,,,,,,3.4,0,7.9,4.1,,,,,,,,,,0,,,0,0,,0,,0,0,,0,0,0,0,,,,0,,,,
NH_DES,198708010SW2,Surface Water,42.9366,-72.0946,4/11/2024,,Undisclosed,100,10,,0,1.3,1.2,0,1.2,0,0,0,0,0,,,,,,0,0,0,0,,,,,,,,,,0,,,0,,,0,,0,0,,0,0,0,0,,,,0,0,0,0,
NH_DES,198708010SW2,Surface Water,42.9366,-72.0946,4/19/2021,,Undisclosed,21.5,6.33,,0,0,0,0,0,0,,,,,,,,,,0,0,0,0,,,,,,,,,,0,,,0,,,0,,0,0,,0,0,0,0,,,,,,,,
NH_DES,198708010SW2,Surface Water,42.9366,-72.0946,4/10/2020,,Undisclosed,0,0,,0,0,0,0,0,0,,,,,,,,,,0,0,0,0,,,,,,,,,,0,,,0,,,0,,0,0,,0,0,0,0,,,,,,,,
NH_DES,200006031BA,Surface Water,43.4412,-71.5857,11/16/2021,,Undisclosed,2.85,0,,,0,0,0,0,0,,,,,,,,,,0,,0,0,,,,,,,,,,,,,,,,,,0,,,0,,,,,,,,,,,
NH_DES,200006031BC,Surface Water,43.4413,-71.5861,11/16/2021,,Undisclosed,2.24,2.53,,,0,0,0,0,0,,,,,,,,,,0,,0,0,,,,,,,,,,,,,,,,,,0,,,0,,,,,,,,,,,
NH_DES,199101029SG7,Surface Water,42.876186,-71.00985,4/13/2023,,Undisclosed,48.1,20.4,,0.359,0.798,3.79,8.55,6.35,0.791,,0,0,0,,,,,,9.32,0.78,5.61,8.31,,,,,,,,,,0,,,0,,,0,,0,0,,0,0,0,0,,,,,,,,
NH_DES,198400055SW101,Surface Water,44.4952,-71.1909,11/18/2025,,Undisclosed,146,316,,2.68,35.8,15.8,96.4,114,3.3,0,0,0,0,,0,0,0,,67.2,4.87,4.95,30.9,,,,,,,,,0,0,,0,0,0,0,10.5,0,0,0,,0,0,0,6.17,,,,0,0,0,0,
NH_DES,198400055SW101,Surface Water,44.4952,-71.1909,4/23/2024,,Undisclosed,387000,504000,,,72100,33200,162000,216000,0,,,,,,,,,,143000,,7130,56200,,,,,,,,,,,,,,,,,,0,,,0,,,,,,,,,,,
NH_DES,198400055SW104,Surface Water,44.4937,-71.1929,11/18/2025,,Undisclosed,129,248,,0,26.3,18.1,90.1,103,3.19,0,0,0,0,,0,0,0,,51.6,5.99,6.36,26.7,,,,,,,,,0,0,,0,0,0,0,0,0,0,0,,0,0,0,2.33,,,,0,0,0,0,
NH_DES,198400055SW104,Surface Water,44.4937,-71.1929,4/23/2024,,Undisclosed,306000,441000,,,66700,31400,143000,182000,0,,,,,,,,,,117000,,7630,48200,,,,,,,,,,,,,,,,,,0,,,0,,,,,,,,,,,
NH_DES,201709003SW1,Surface Water,42.805618,-71.297912,12/12/2023,,Undisclosed,7.1,8.4,,0,0,0,3.7,3.5,0,0,0,0,0,,,,,,2.7,0,3.6,3.2,,,,,,,,,,0,,,0,,,0,,0,0,,0,0,0,0,,,,0,0,0,0,
NH_DES,201709003SW1,Surface Water,42.805618,-71.297912,6/14/2023,,Undisclosed,2.9,9.3,,0,0,1.6,4.2,2.7,0,0,0,0,0,,,,,,5,0,3.9,3.2,,,,,,,,,,0,,,0,,,0,,0,0,,0,0,0,0,,,,0,0,0,0,
NH_DES,201709003SW1,Surface Water,42.805618,-71.297912,12/13/2022,,Undisclosed,0,4.5,,0,0,0,2.2,0,0,0,0,0,0,,,,,,0,0,4.9,0,,,,,,,,,,0,,,0,,,0,,0,0,,0,0,0,0,,,,0,0,0,0,
NH_DES,201709003SW1,Surface Water,42.805618,-71.297912,6/29/2022,,Undisclosed,4.5,15,,0,0,0,6.4,4,0,0,0,0,0,,,,,,9.4,0,5.3,6.3,,,,,,,,,,0,,,0,,,0,,0,0,,0,0,0,0,,,,0,0,0,0,
NH_DES,201709003SW2,Surface Water,42.804315,-71.29644,6/24/2025,,Undisclosed,32,6.4,,0,0,82,39,24,1.1,0,0,0,0,,,,,,61,18,20,17,,,,,,,,,,0,,,0,,,0,,0,0,,0,0,0,0,,,,0,0,0,0,
NH_DES,201709003SW2,Surface Water,42.804315,-71.29644,12/18/2024,,Undisclosed,22,6.1,,0,0,65,48,27,0,0,0,0,0,,,,,,63,19,20,13,,,,,,,,,,0,,,0,,,0,,0,0,,0,0,0,0,,,,0,0,0,0,
NH_DES,201709003SW2,Surface Water,42.804315,-71.29644,12/12/2023,,Undisclosed,29,10,,0,0,130,73,39,1.9,0,0,0,0,,,,,,110,31,26,21,,,,,,,,,,0,,,0,,,0,,0,0,,0,0,0,0,,,,0,0,0,0,
NH_DES,201709003SW2,Surface Water,42.804315,-71.29644,6/14/2023,,Undisclosed,27,7.7,,0,0,55,45,28,1,0,0,1.3,0,,,,,,65,19,19,9.9,,,,,,,,,,0,,,0,,,0,,0,0,,0,0,0,0,,,,0,0,0,0,
NH_DES,201709003SW2,Surface Water,42.804315,-71.29644,12/13/2022,,Undisclosed,33,6.8,,0,0,65,57,28,0,0,0,0,0,,,,,,79,21,26,12,,,,,,,,,,0,,,0,,,0,,0,0,,0,0,0,0,,,,0,0,0,0,
NH_DES,201709003SW2,Surface Water,42.804315,-71.29644,6/29/2022,,Undisclosed,52,12,,0,0,100,93,51,0,0,0,0,0,,,,,,130,34,36,20,,,,,,,,,,0,,,0,,,0,,0,0,,0,0,0,0,,,,0,0,0,0,
NH_DES,MTBE_10691,Surface Water,42.817985,-71.533214,8/25/2022,,Undisclosed,0,1.49,,0,0,0,0.645,0.362,0,0,0,0,0,,,,,,0.656,0,0.867,0.677,,,,,,,,,,0,,,,,,,,0,,,0,,0,,,,,0,0,0,0,
NH_DES,198704033AR1,Surface Water,44.265401,-71.624269,8/22/2023,,Undisclosed,0,0,,,0,0,,,0,,,,,,,,,,,,0,,,,,,,,,,,,,,,,,,,0,,,0,,,,,,,,,,,
NH_DES,198704033AR2,Surface Water,44.265379,-71.624786,8/22/2023,,Undisclosed,0,0,,,0,0,,,0,,,,,,,,,,,,0,,,,,,,,,,,,,,,,,,,0,,,0,,,,,,,,,,,
NH_DES,198704033AR3,Surface Water,44.266168,-71.62731,8/22/2023,,Undisclosed,0,0,,,0,0,,,0,,,,,,,,,,,,0,,,,,,,,,,,,,,,,,,,0,,,0,,,,,,,,,,,
NH_DES,198400057SS3,Surface Water,44.29711,-71.69292,11/13/2023,,Undisclosed,0,0,,,0,0,0,0,0,,,,,,,,,,0,,0,0,,,,,,,,,,,,,,,,,,0,,,0,,,,,,,,,,,
NH_DES,198710039SG03,Surface Water,43.61609,-72.331639,4/21/2025,,Undisclosed,15,19,,,3.3,0,45,6.1,0,,,,,,,,,,41,,7.3,35,,,,,,,,,,,,,,,,,,0,,,0,,,,,,,,,,,
NH_DES,198710039SG05,Surface Water,43.615161,-72.331646,4/21/2025,,Undisclosed,6.6,10,,,2,0,7.2,3,0,,,,,,,,,,14,,5.3,16,,,,,,,,,,,,,,,,,,0,,,0,,,,,,,,,,,
NH_DES,198706016LGS,Surface Water,44.45452,-71.149967,11/17/2025,,Undisclosed,37,120,,,49,0,30,45,0,,,,,,,,,,21,,1.5,13,,,,,,,,,,,,,,,,,,0,,,0,,,,,,,,,,,
NH_DES,198706016LGS,Surface Water,44.45452,-71.149967,5/20/2025,,Undisclosed,34.9,139,,,59.9,1.66,30.1,46.5,0,,,,,,,,,,22,,1.55,13.6,,,,,,,,,,,,,,,,,,0,,,0,,,,,,,,,,,
NH_DES,198706016L11SW,Surface Water,44.45549,-71.145418,5/20/2025,,Undisclosed,0,1.48,,,0,0,0,0,0,,,,,,,,,,0,,0,0,,,,,,,,,,,,,,,,,,0,,,0,,,,,,,,,,,
NH_DES,198706016L21SW,Surface Water,44.456972,-71.151094,5/20/2025,,Undisclosed,11.9,15.4,,,2.43,4.15,25.1,5.19,0,,,,,,,,,,29.1,,77.2,32.1,,,,,,,,,,,,,,,,,,0,,,0,,,,,,,,,,,
NH_DES,198706016L22SW,Surface Water,44.456858,-71.151485,5/20/2025,,Undisclosed,12.1,9.42,,,1.81,2.65,16.8,4.31,0,,,,,,,,,,27.3,,33.1,35.8,,,,,,,,,,,,,,,,,,0,,,0,,,,,,,,,,,
NH_DES,198706016L23SW,Surface Water,44.456809,-71.152175,11/17/2025,,Undisclosed,3.1,1.8,,,0,0,2,0,0,,,,,,,,,,1.8,,2.8,0,,,,,,,,,,,,,,,,,,0,,,0,,,,,,,,,,,
NH_DES,198706016L23SW,Surface Water,44.456809,-71.152175,5/20/2025,,Undisclosed,6.27,3.36,,,0,0,1.65,0,0,,,,,,,,,,0,,0,0,,,,,,,,,,,,,,,,,,0,,,0,,,,,,,,,,,
NH_DES,198706016L24SW,Surface Water,44.456725,-71.152203,11/17/2025,,Undisclosed,3.3,2.4,,,0,0,2.6,0,0,,,,,,,,,,2.3,,3.5,0,,,,,,,,,,,,,,,,,,0,,,0,,,,,,,,,,,
NH_DES,198706016L24SW,Surface Water,44.456725,-71.152203,5/20/2025,,Undisclosed,4.32,2.77,,,0,0,2.44,0,0,,,,,,,,,,1.77,,3.24,2.98,,,,,,,,,,,,,,,,,,0,,,0,,,,,,,,,,,
NH_DES,198706016P107,Surface Water,44.455718,-71.151132,5/20/2025,,Undisclosed,0,5.48,,,0,0,0,0,0,,,,,,,,,,0,,0,0,,,,,,,,,,,,,,,,,,0,,,0,,,,,,,,,,,
NH_DES,MER-SW-01,Surface Water,42.934828,-71.456428,7/30/2025,,Undisclosed,1.9,2.38,,0,0,1.07,1.89,1.2,0,0,0,0,0,,0,0,0,,1.64,0,1.56,0,,,,,,,,,0,0,,0,0,0,0,0,0,0,0,,0,0,0,0,,,,0,0,0,0,
NH_DES,MER-SW-01,Surface Water,42.934828,-71.456428,7/30/2025,,Undisclosed,1.71,2.4,,0,0,0.994,1.8,0.924,0,0,0,0,0,,0,0,0,,1.84,0,1.65,0,,,,,,,,,0,0,,0,0,0,0,0,0,0,0,,0,0,0,0,,,,0,0,0,0,
NH_DES,201704035SW1,Surface Water,42.8031,-71.3159,5/30/2025,,Undisclosed,0,3.8,,0,0.77,0,15,9.6,0,0,0,39,0,,,,,,38,0,6.5,20,,,,,,,,,,0,,,0,,,0,,0.87,0,,0,0,0,0,,,,0,0,0,0,
NH_DES,201704035SW1,Surface Water,42.8031,-71.3159,5/30/2025,,Undisclosed,150,,,,,0,,,0,,,,,,,,,,,,0,,,,,,,,,,,,,,,,,,,0,,,0,,,,,,,,,,,
NH_DES,201704035SW2,Surface Water,42.8037,-71.3143,5/30/2025,,Undisclosed,0,3,,0,0,0.98,16,8.7,1.2,0,0,64,0,,,,,,35,0,12,8.1,,,,,,,,,,0,,,0,,,0,,0,0,,0,0,0,0,,,,0,0,0,0,
NH_DES,201704035SW2,Surface Water,42.8037,-71.3143,5/30/2025,,Undisclosed,240,,,,,0,,,0,,,,,,,,,,,,0,,,,,,,,,,,,,,,,,,,0,,,0,,,,,,,,,,,
NH_DES,201704035SW3,Surface Water,42.8005,-71.3139,5/30/2025,,Undisclosed,14,5.6,,0,0,0.95,3,2,0,0,0,0,0,,,,,,4.1,0,5,1.8,,,,,,,,,,0,,,0,,,0,,0,0,,0,0,0,0,,,,0,0,0,0,
NH_DES,201704035SW4,Surface Water,42.8032,-71.3135,5/30/2025,,Undisclosed,5.9,4.3,,0,0,0,1.2,1.5,0,0,0,0,0,,,,,,1.3,0,1.4,1.3,,,,,,,,,,0,,,0,,,0,,0,0,,0,0,0,0,,,,0,0,0,0,
NH_DES,201704035SW5,Surface Water,42.8043,-71.3137,5/30/2025,,Undisclosed,20,7.1,,0,0,0.7,2.4,3,0,0,0,0,0,,,,,,4.9,0,2,2.2,,,,,,,,,,0,,,0,,,0,,0,0,,0,0,0,0,,,,0,0,0,0,
NH_DES,199006021SW1,Surface Water,43.3274,-71.6415,6/19/2025,,Undisclosed,0.97,1.4,,0,0,0,0.68,0,0,0,0,0,0,,,,,,0,0,3.2,0.81,,,,,,,,,,0,,,0,,,0,,0,0,,0,0,0,0,,,,0,0,0,0,
NH_DES,198400055SW105,Surface Water,44.493089,-71.193561,11/18/2025,,Undisclosed,98.2,75.5,,0,11.3,13,10.8,23.4,2.13,0,0,0,0,,0,0,0,,3.06,5.07,6.49,0,,,,,,,,,0,0,,0,0,0,0,0,0,0,0,,0,0,0,0,,,,0,0,0,0,
NH_DES,198400055SW106,Surface Water,44.492219,-71.194711,11/18/2025,,Undisclosed,94.7,122,,0,14.6,12.6,27.4,40,2.31,0,0,0,0,,0,0,0,,18,4.8,6.16,8.12,,,,,,,,,0,0,,0,0,0,0,0,0,0,0,,0,0,0,0,,,,0,0,0,0,