Article (Author et al YYYY),Sample Name,Sample Type,Latitude,Longitude,Sampling Year,Sample Date (MM/DD/YYY),Sample Time,Analysis Method,Sampling Depth (m),Streamflow (m3/s),PFOS,FBSA,PFOA,PFDA,PFNA,PFHxS,PFHxA,PFHpA,PFHpS,GenX,4:2 FTS,6:2 FTS,8:2 FTS,10:2 FTS,PFPeA,PFPeS,PFBA,PFBS,PFMOPrA,PFMOBA,PFMOAA,PFO2HxA,PFO3OA,PFO4DA,PFESA BP 1,PFESA BP 2,PFUnDA,N-MeFOSE,NMeFOSAA,NMeFOSA,N-EtFOSE,NEtFOSAA,N-EtFOSA,PFDoA,PFDS,PFTeDA,PFHxDA,PFNS,PFTrDA,PFOSA,9-Cl-PF3ONS,ADONA,11-Cl-PF3OUdS,PFECA-G,PFODA
Petre_et_al_2022,Kings_bluff,Surface Water,34.404965,-78.293536,,9/12/2018,,Unnamed_SPE_LCMS_MS,,,17.8,,9.08,1.43,2.28,7.55,22.3,12.5,0,16.9,0,0,0,0,27.8,1.33,10.7,5.44,4.47,7.29,14.3,13.4,10.9,3.41,0,1.7,0.58,0,0,0,0,0,0,0,0,0,0,0,0,0,0,0,0,0,
Petre_et_al_2022,Kings_bluff,Surface Water,34.404965,-78.293536,,9/14/2018,,Unnamed_SPE_LCMS_MS,,,17.7,,10.5,1.57,2.18,7.05,22.9,13.6,0,15.5,0,0,0,0,29,1.1,11.7,4.98,,2.83,51.5,43.9,43.4,14.6,0,3.29,0,0,0,0,0,0,0,0,0,0,0,0,0,0,0,0,0,0,
Petre_et_al_2022,Kings_bluff,Surface Water,34.404965,-78.293536,,9/15/2018,,Unnamed_SPE_LCMS_MS,,,16.2,,12.1,1.7,2.53,6.43,28.9,17.9,0,18.8,0,0,0,0,32,1.21,12.2,4.77,5.14,5.37,26.3,25.5,22.4,5.84,0,1.85,0,0,0,0,0,0,0,0,0,0,0,0,0,0,0,0,0,0,
Petre_et_al_2022,Kings_bluff,Surface Water,34.404965,-78.293536,,9/16/2018,,Unnamed_SPE_LCMS_MS,,,13.5,,8.81,1.44,1.64,5.63,23.5,15.1,0,15.2,0,0,0,0,24.2,0.833,9.04,4.37,,9.7,33.4,28.1,28,8.67,0,1.97,0,0,0,0,0,0,0,0,0,0,0,0,0,0,0,0,0,0,
Petre_et_al_2022,Kings_bluff,Surface Water,34.404965,-78.293536,,9/17/2018,,Unnamed_SPE_LCMS_MS,,,9.7,,5.54,1.07,0.831,3.71,14.2,9.27,0,33.8,0,0,0,0,15.3,0.602,6.59,2.54,7.61,13.8,13.9,11.2,7.35,3.19,1.33,2.35,0,0,0,0,0,0,0,0,0,0,0,0,0,0,0,0,0,0,
Petre_et_al_2022,Kings_bluff,Surface Water,34.404965,-78.293536,,9/18/2018,,Unnamed_SPE_LCMS_MS,,,7.83,,4.41,0.683,0,2.87,9.8,6.48,0,18.6,0,0,0,0,9.85,0,5.8,1.96,,0,10.6,9.06,5.66,2.32,0,1.34,0,0,0,0,0,0,0,0,0,0,0,0,0,0,0,0,0,0,
Petre_et_al_2022,Kings_bluff,Surface Water,34.404965,-78.293536,,9/19/2018,,Unnamed_SPE_LCMS_MS,,,6.45,,3.35,0,0.777,2.59,5.2,2.97,0,17.6,0,0,0,0,5.48,0,4.73,1.52,,0,9.9,6.94,4.43,2.77,0,0,0,0,0,0,0,0,0,0,0,0,0,0,0,0,0,0,0,0,
Petre_et_al_2022,Kings_bluff,Surface Water,34.404965,-78.293536,,9/20/2018,,Unnamed_SPE_LCMS_MS,,,7.03,,3.34,0.693,0.824,2.62,5.17,2.99,0,18.9,0,0,0,0,5.55,0,5.1,1.69,,0,10.2,8.44,5.14,2.16,0,0,0,0,0,0,0,0,0,0,0,0,0,0,0,0,0,0,0,0,
Petre_et_al_2022,Kings_bluff,Surface Water,34.404965,-78.293536,,9/21/2018,,Unnamed_SPE_LCMS_MS,,,7.4,,3.2,0.736,0.999,3.27,5.14,3,0,12.6,0,0,0,0,5.46,0,5.08,1.99,10.2,0,10.7,7.05,5.28,1.67,0,0,0,0,0,0,0,0,0,0,0,0,0,0,0,0,0,0,0,0,
Petre_et_al_2022,Kings_bluff,Surface Water,34.404965,-78.293536,,9/22/2018,,Unnamed_SPE_LCMS_MS,,,8,,3.23,0,0.973,1.66,3.83,2.48,0,8.44,0,0,0,0,4.03,0,4.86,1.5,,0,6.82,6.89,5.9,2.09,0,0,0,0,0,0,0,0,0,0,0,0,0,0,0,0,0,0,0,0,
Petre_et_al_2022,Kings_bluff,Surface Water,34.404965,-78.293536,,9/23/2018,,Unnamed_SPE_LCMS_MS,,,6.4,,3.23,0,0.996,2.16,2.49,1.73,0,5.11,0,0,0,0,3.69,0,4.12,1.43,,0,5.73,4.59,3.22,1.96,0,0,0,0,0,0,0,0,0,0,0,0,0,0,0,0,0,0,0,0,
Petre_et_al_2022,Kings_bluff,Surface Water,34.404965,-78.293536,,9/24/2018,,Unnamed_SPE_LCMS_MS,,,7.3,,3.39,0,0.914,2.07,4.05,2.06,0,6.32,0,0,0,0,4.2,0,5.39,1.73,,8.71,4.05,4.96,2.88,0,0,0,0,0,0,0,0,0,0,0,0,0,0,0,0,0,0,0,0,0,
Petre_et_al_2022,Kings_bluff,Surface Water,34.404965,-78.293536,,9/25/2018,,Unnamed_SPE_LCMS_MS,,,7.15,,3.38,0,1.07,1.97,5.32,2.1,0,8.54,0,0,0,0,8.08,0,6.79,1.53,3.35,0,6.7,6.31,3.63,1.25,0,0,0,0,0,0,0,0,0,0,0,0,0,0,0,0,0,0,0,0,
Petre_et_al_2022,Kings_bluff,Surface Water,34.404965,-78.293536,,9/26/2018,,Unnamed_SPE_LCMS_MS,,,7.47,,4.28,0,1.03,1.97,7.1,3.37,0,15.9,0,0,0,0,16.1,0,10.3,1.79,8.6,24.8,13.7,13.4,7.87,2.66,0,0,0,0,0,0,0,0,0,0,0,0,0,0,0,0,0,0,0,0,
Petre_et_al_2022,Kings_bluff,Surface Water,34.404965,-78.293536,,9/27/2018,,Unnamed_SPE_LCMS_MS,,,7.6,,3.95,0,0.926,2.36,3.84,2.56,0,17.5,0,0,0,0,7.3,0,6.93,1.75,2.12,21,16,12.6,5.14,2.05,0,0,0,0,0,0,0,0,0,0,0,0,0,0,0,0,0,0,0,0,
Petre_et_al_2022,Kings_bluff,Surface Water,34.404965,-78.293536,,9/28/2018,,Unnamed_SPE_LCMS_MS,,,10.4,,6.12,0,0.744,3.96,5.68,3,0,27.7,0,0,0,0,9.15,0.787,10.2,2.43,12.2,0,21.2,18.9,9.97,3.95,0,1.68,0,0,0,0,0,0,0,0,0,0,0,0,0,0,0,0,0,0,
Petre_et_al_2022,Kings_bluff,Surface Water,34.404965,-78.293536,,9/29/2018,,Unnamed_SPE_LCMS_MS,,,10.6,,6.13,0,1.02,4.29,6.33,3.34,0,25.1,0,0,0,0,6.82,0,9.95,2.74,9.19,9.31,17.5,18.6,8.66,3.46,0,1.4,0,0,0,0,0,0,0,0,0,0,0,0,0,0,0,0,0,0,
Petre_et_al_2022,Kings_bluff,Surface Water,34.404965,-78.293536,,9/30/2018,,Unnamed_SPE_LCMS_MS,,,14.6,,6.14,0.966,1.4,4.81,8.74,5.36,0,12.4,0,0,0,0,8.08,0.936,7.49,2.64,5.32,14.3,7.53,9.26,4.6,1.69,0,0,0,0,0,0,0,0,0,0,0,0,0,0,0,0,0,0,0,0,
Petre_et_al_2022,Kings_bluff,Surface Water,34.404965,-78.293536,,10/1/2018,,Unnamed_SPE_LCMS_MS,,,16,,7.05,1.15,1.68,4.34,13.6,7.63,0,10.3,0,0,0,0,9.11,0.661,7.35,2.82,4.82,10.3,8.03,7.05,4.37,1.2,0,0,0,0,0,0,0,0,0,0,0,0,0,0,0,0,0,0,0,0,
Petre_et_al_2022,Kings_bluff,Surface Water,34.404965,-78.293536,,10/2/2018,,Unnamed_SPE_LCMS_MS,,,14.2,,7.17,1.08,1.39,4.25,13.7,7.95,0,9.79,0,0,0,0,13.6,0.657,9.1,2.85,5.32,17.1,7.02,4.93,0,1.74,0,0,0,0,0,0,0,0,0,0,0,0,0,0,0,0,0,0,0,0,
Petre_et_al_2022,Kings_bluff,Surface Water,34.404965,-78.293536,,10/3/2018,,Unnamed_SPE_LCMS_MS,,,14.9,,6.96,1.37,1.55,3.89,13,9.66,0,11.7,0,0,0,0,13.2,0.596,10.1,2.89,4.81,17.3,7.19,4.93,3.66,1.3,0,0,0,0,0,0,0,0,0,0,0,0,0,0,0,0,0,0,0,0,
Petre_et_al_2022,Kings_bluff,Surface Water,34.404965,-78.293536,,10/4/2018,,Unnamed_SPE_LCMS_MS,,,14.7,,8.17,1.46,1.76,4.25,15.4,9.95,0,10.4,0,0,0,0,15.4,0.639,9.97,3.31,4.15,21.7,6.83,5.45,3.5,0,0,0,0,0,0,0,0,0,0,0,0,0,0,0,0,0,0,0,0,0,
Petre_et_al_2022,Kings_bluff,Surface Water,34.404965,-78.293536,,10/5/2018,,Unnamed_SPE_LCMS_MS,,,14.8,,7.43,1.33,1.81,3.75,15.2,10,0,11,0,0,0,0,14.7,0.637,10.2,2.61,4.59,25.3,8.27,4.23,3.77,2.2,0,0,0,0,0,0,0,0,0,0,0,0,0,0,0,0,0,0,0,0,
Petre_et_al_2022,Kings_bluff,Surface Water,34.404965,-78.293536,,10/6/2018,,Unnamed_SPE_LCMS_MS,,,16,,9.59,1.59,1.83,3.9,18.6,12.2,0,10.6,0,0,0,0,18.4,0.686,10.9,3.34,4.58,23.6,7.77,5.29,4.74,1.56,0,0,0,0,0,0,0,0,0,0,0,0,0,0,0,0,0,0,0,0,
Petre_et_al_2022,Kings_bluff,Surface Water,34.404965,-78.293536,,10/7/2018,,Unnamed_SPE_LCMS_MS,,,16.8,,9.89,1.63,2.06,4.52,23.2,14.3,0,10.2,0,0,0,0,20.5,0.699,12,3.54,3.9,15.9,6.17,5.63,4.63,1.22,0,0,0,0,0,0,0,0,0,0,0,0,0,0,0,0,0,0,0,0,
Petre_et_al_2022,Kings_bluff,Surface Water,34.404965,-78.293536,,10/8/2018,,Unnamed_SPE_LCMS_MS,,,17.2,,8.97,1.57,2.13,3.88,25.1,16.4,0,11,0,0,0,0,22.1,0.703,12.9,3.77,4.15,0,7.69,5.23,0,1.55,0,0,0,0,0,0,0,0,0,0,0,0,0,0,0,0,0,0,0,0,
Petre_et_al_2022,Kings_bluff,Surface Water,34.404965,-78.293536,,10/9/2018,,Unnamed_SPE_LCMS_MS,,,19.1,,10.3,1.67,1.86,4.35,26.2,16.8,0,10.2,0,0,0,0,24.8,0.929,10.6,3.67,4.21,0,6.15,5.57,4.49,1.83,0,0,0,0,0,0,0,0,0,0,0,0,0,0,0,0,0,0,0,0,
Petre_et_al_2022,Kings_bluff,Surface Water,34.404965,-78.293536,,10/10/2018,,Unnamed_SPE_LCMS_MS,,,18.2,,11.6,1.68,2.15,4.64,27.3,17.3,0,9.94,0,0,0,0,25,0.875,9.46,4.02,4.01,0,5.42,4.32,0,1.33,0,0,0,0,0,0,0,0,0,0,0,0,0,0,0,0,0,0,0,0,
Petre_et_al_2022,Kings_bluff,Surface Water,34.404965,-78.293536,,10/11/2018,,Unnamed_SPE_LCMS_MS,,,16.8,,10.9,1.8,2.14,5,26,16.8,0,9.58,0,0,0,0,22.7,0.814,10.4,3.72,2.95,0,6.27,4.54,4.53,2.02,0,0,0,0,0,0,0,0,0,0,0,0,0,0,0,0,0,0,0,0,
Petre_et_al_2022,Kings_bluff,Surface Water,34.404965,-78.293536,,10/12/2018,,Unnamed_SPE_LCMS_MS,,,18,,10.4,1.92,2.27,4.67,25.4,16.8,0,10.8,0,0,0,0,20.5,0.818,10.1,3.73,4.87,0,9.81,8.25,4.47,2.29,0,0,0,0,0,0,0,0,0,0,0,0,0,0,0,0,0,0,0,0,
Petre_et_al_2022,Kings_bluff,Surface Water,34.404965,-78.293536,,11/20/2018,,Unnamed_SPE_LCMS_MS,,,5.45,,3.14,0,0.89,2.05,3.41,2.55,0,3.96,0,0,0,0,3.98,0,0,1.64,,0,5.21,4.65,3.02,0,0,0,0,0,0,0,0,0,0,0,0,0,0,0,0,0,0,0,0,0,
Petre_et_al_2022,Kings_bluff,Surface Water,34.404965,-78.293536,,11/27/2018,,Unnamed_SPE_LCMS_MS,,,12.6,,7.5,0.711,1.13,3.75,9.46,7.53,0,12,0,0,0,0,8.55,0.696,3.86,3,5.48,0,12.3,6.14,2.59,0,0,0,0,0,0,0,0,0,0,0,0,0,0,0,0,0,0,0,0,0,
Petre_et_al_2022,Kings_bluff,Surface Water,34.404965,-78.293536,,12/3/2018,,Unnamed_SPE_LCMS_MS,,,12.8,,7.36,0.854,1.16,3.01,12.9,10.7,0,6.93,0,0,0,0,11.2,0.613,5,2.8,,0,6.34,4.21,0,0,0,0,0,0,0,0,0,0,0,0,0,0,0,0,0,0,0,0,0,0,
Petre_et_al_2022,Kings_bluff,Surface Water,34.404965,-78.293536,,12/10/2018,,Unnamed_SPE_LCMS_MS,,,9.44,,6.41,0.807,1.41,3.19,11.6,8.88,0,16,0,0,0,0,12.3,0,5.36,2.54,,13.6,15.3,11.7,4.38,0,0,0,0,0,0,0,0,0,0,0,0,0,0,0,0,0,0,0,0,0,
Petre_et_al_2022,Kings_bluff,Surface Water,34.404965,-78.293536,,12/17/2018,,Unnamed_SPE_LCMS_MS,,,6.67,,4.01,0,0.749,2.81,4.79,3.17,0,25.6,0,0,0,0,4.94,0,4.09,1.73,9.99,0,15.3,9.33,0,1.2,0,1.39,0,0,0,0,0,0,0,0,0,0,0,0,0,0,0,0,0,0,
Petre_et_al_2022,Kings_bluff,Surface Water,34.404965,-78.293536,,12/24/2018,,Unnamed_SPE_LCMS_MS,,,11.7,,5.73,0,0.91,3.85,5.38,3.87,0,5.46,0,0,0,0,6.13,0.646,0,2.29,,0,5.98,3.09,0,0,0,0,0,0,0,0,0,0,0,0,0,0,0,0,0,0,0,0,0,0,
Petre_et_al_2022,Kings_bluff,Surface Water,34.404965,-78.293536,,12/31/2018,,Unnamed_SPE_LCMS_MS,,,13,,7.09,0.736,1.09,3.45,8.56,6.21,0,12.8,0,0,0,0,7.83,0.632,3.97,2.65,,0,8.87,6.3,0,0,0,0,0,0,0,0,0,0,0,0,0,0,0,0,0,0,0,0,0,0,
Petre_et_al_2022,Kings_bluff,Surface Water,34.404965,-78.293536,,1/7/2019,,Unnamed_SPE_LCMS_MS,,,12.6,,7.05,0,0.826,3.73,9.83,7.08,0,6.92,0,0,0,0,8.38,0,4.62,2.55,3.38,0,6.33,5.58,1.87,0,0,0,0,0,0,0,0,0,0,0,0,0,0,0,0,0,0,0,0,0,
Petre_et_al_2022,Kings_bluff,Surface Water,34.404965,-78.293536,,1/14/2019,,Unnamed_SPE_LCMS_MS,,,11.8,,6.78,0,1.23,3.71,10.8,7.58,0,6.83,0,0,0,0,9.51,0,6.53,2.64,0,0,8.19,5.59,1.34,0,0,0,0,0,0,0,0,0,0,0,0,0,0,0,0,0,0,0,0,0,
Petre_et_al_2022,Kings_bluff,Surface Water,34.404965,-78.293536,,1/21/2019,,Unnamed_SPE_LCMS_MS,,,8.92,,6.68,0.593,0.952,2.73,8.11,5.26,0,9.69,0,0,0,0,6.72,0,4.61,2.16,13.1,0,11.1,8.39,3.03,0,0,0,0,0,0,0,0,0,0,0,0,0,0,0,0,0,0,0,0,0,
Petre_et_al_2022,Kings_bluff,Surface Water,34.404965,-78.293536,,1/28/2019,,Unnamed_SPE_LCMS_MS,,,10.4,,6.74,0,0.953,3.7,10.2,7.91,0,4.31,0,0,0,0,7.52,0.658,3.67,2.51,9.74,0,5.08,3.69,1.35,0,0,0,0,0,0,0,0,0,0,0,0,0,0,0,0,0,0,0,0,0,
Petre_et_al_2022,Kings_bluff,Surface Water,34.404965,-78.293536,,2/4/2019,,Unnamed_SPE_LCMS_MS,,,11.1,,6.06,0,0.972,3.18,7.7,5.6,0,11.8,0,0,0,0,6.84,0,0,2.28,4.25,6.17,16.9,10.7,5.46,1.72,0,0,0,0,0,0,0,0,0,0,0,0,0,0,0,0,0,0,0,0,
Petre_et_al_2022,Kings_bluff,Surface Water,34.404965,-78.293536,,2/11/2019,,Unnamed_SPE_LCMS_MS,,,12.6,,6.32,0,0.735,4.28,7.49,4.64,0,19,0,0,0,0,7.2,0.725,0,2.63,5.96,0,17.8,13.6,4.75,1.27,0,0,0,0,0,0,0,0,0,0,0,0,0,0,0,0,0,0,0,0,
Petre_et_al_2022,Kings_bluff,Surface Water,34.404965,-78.293536,,2/18/2019,,Unnamed_SPE_LCMS_MS,,,9.24,,4.58,0,0,4.25,6.24,3.96,0,11.9,0,0,0,0,6.2,0.738,3.68,2.26,4.79,7.23,12.4,7.79,3.73,1.5,0,0,0,0,0,0,0,0,0,0,0,0,0,0,0,0,0,0,0,0,
Petre_et_al_2022,Kings_bluff,Surface Water,34.404965,-78.293536,,2/25/2019,,Unnamed_SPE_LCMS_MS,,,9.54,,4.41,0,0.809,2.1,4.02,2.13,0,4.08,0,0,0,0,4.09,0,0,1.6,1.61,0,3.82,2.78,0,0,0,0,0,0,0,0,0,0,0,0,0,0,0,0,0,0,0,0,0,0,
Petre_et_al_2022,Kings_bluff,Surface Water,34.404965,-78.293536,,3/4/2019,,Unnamed_SPE_LCMS_MS,,,7.93,,4.68,0,0.723,2.26,3.28,2.07,0,8.59,0,0,0,0,2.73,0,0,1.58,5.21,3.57,7.68,6.54,1.61,0,0,0,0,0,0,0,0,0,0,0,0,0,0,0,0,0,0,0,0,0,
Petre_et_al_2022,Kings_bluff,Surface Water,34.404965,-78.293536,,3/11/2019,,Unnamed_SPE_LCMS_MS,,,8.69,,4.64,0,0.629,2.5,3.74,2.22,0,6.75,0,0,0,0,3.53,0,4.39,1.61,10.6,2.31,4.69,5.36,1.63,0,0,0,0,0,0,0,0,0,0,0,0,0,0,0,0,0,0,0,0,0,
Petre_et_al_2022,Kings_bluff,Surface Water,34.404965,-78.293536,,3/18/2019,,Unnamed_SPE_LCMS_MS,,,13.6,,6.86,0.747,0.991,3.51,5.86,3.59,0,7.12,0,0,0,0,5.19,0,3.76,2.3,4.26,4.04,7.07,5.29,1.67,0,0,0,0,0,0,0,0,0,0,0,0,0,0,0,0,0,0,0,0,0,
Petre_et_al_2022,Kings_bluff,Surface Water,34.404965,-78.293536,,3/25/2019,,Unnamed_SPE_LCMS_MS,,,10.5,,5.4,0,0.893,3.03,5.57,3.26,0,3.14,0,0,0,0,5.4,0.663,3.87,2.03,1.32,0,4.36,3.08,0,0,0,0,0,0,0,0,0,0,0,0,0,0,0,0,0,0,0,0,0,0,
Petre_et_al_2022,Kings_bluff,Surface Water,34.404965,-78.293536,,4/1/2019,,Unnamed_SPE_LCMS_MS,,,11.1,,6.32,0.673,0.857,2.98,5.32,3.14,0,7.9,0,0,0,0,5.6,0,0,1.95,4.09,1.72,12.2,9.98,3.87,0,0,0,0,0,0,0,0,0,0,0,0,0,0,0,0,0,0,0,0,0,
Petre_et_al_2022,Kings_bluff,Surface Water,34.404965,-78.293536,,4/8/2019,,Unnamed_SPE_LCMS_MS,,,12.2,,5.82,0,0.929,4.26,6.54,5.86,0,18.7,0,0,0,0,6.11,0.715,3.08,2.55,10.6,6.02,14.7,13,4.48,1.52,4.17,1.46,0,0,0,0,0,0,0,0,0,0,0,0,0,0,0,0,0,0,
Petre_et_al_2022,Kings_bluff,Surface Water,34.404965,-78.293536,,4/15/2019,,Unnamed_SPE_LCMS_MS,,,8.55,,3.69,0,0.83,2.5,3.67,2.81,0,8.39,0,0,0,0,3.55,0,0,2.05,5.05,2.17,7.2,7.65,2.78,0,0,0,0,0,0,0,0,0,0,0,0,0,0,0,0,0,0,0,0,0,
Petre_et_al_2022,Kings_bluff,Surface Water,34.404965,-78.293536,,4/22/2019,,Unnamed_SPE_LCMS_MS,,,9.38,,4.63,0,0.727,2.69,3.59,2.6,0,18,0,0,0,0,4.11,0,0,1.96,12.1,0,15.5,11.3,5.84,1.78,0,1.48,0,0,0,0,0,0,0,0,0,0,0,0,0,0,0,0,0,0,
Petre_et_al_2022,Kings_bluff,Surface Water,34.404965,-78.293536,,4/29/2019,,Unnamed_SPE_LCMS_MS,,,16.6,,8.79,0.718,1.42,4.15,9.01,8.29,0,8.64,0,0,0,0,8.21,1.01,4.65,2.77,6.06,4.04,11.8,8.79,3.83,0,0,0,0,0,0,0,0,0,0,0,0,0,0,0,0,0,0,0,0,0,
Petre_et_al_2022,Kings_bluff,Surface Water,34.404965,-78.293536,,5/6/2019,,Unnamed_SPE_LCMS_MS,,,15.1,,7.87,0.73,1.17,3.3,9.42,6.82,0,6.79,0,0,0,0,8.21,0.726,5.37,2.77,2.47,3.03,8.2,5.76,2.73,0,0,0,0,0,0,0,0,0,0,0,0,0,0,0,0,0,0,0,0,0,
Petre_et_al_2022,Kings_bluff,Surface Water,34.404965,-78.293536,,5/13/2019,,Unnamed_SPE_LCMS_MS,,,18.2,,8.24,0.932,1.17,4.13,10.9,7.93,0,12,0,0,0,0,10.2,0.644,0,3.05,4.61,0,18.7,14.5,6.09,1.9,0,0,0,0,0,0,0,0,0,0,0,0,0,0,0,0,0,0,0,0,
Petre_et_al_2022,Kings_bluff,Surface Water,34.404965,-78.293536,,5/20/2019,,Unnamed_SPE_LCMS_MS,,,14,,7.03,0,1.24,4.7,8.69,4.98,0,19.6,0,0,0,0,10.2,0.704,5.64,2.64,8.76,3.96,25.2,19.4,7.27,2.57,0,0,0,0,0,0,0,0,0,0,0,0,0,0,0,0,0,0,0,0,
Petre_et_al_2022,Kings_bluff,Surface Water,34.404965,-78.293536,,5/27/2019,,Unnamed_SPE_LCMS_MS,,,13.8,,6.97,0.75,0.95,4.46,11,7.35,0,23.6,0,0,0,0,12.2,0.749,6.52,3.15,6.78,1.82,29.3,20.3,8.01,2.59,0,0,0,0,0,0,0,0,0,0,0,0,0,0,0,0,0,0,0,0,
Petre_et_al_2022,Kings_bluff,Surface Water,34.404965,-78.293536,,6/3/2019,,Unnamed_SPE_LCMS_MS,,,17.4,,7.97,0.775,1.29,5.83,16.5,9.99,0,31.9,0,0,0,0,16.3,0.888,6.89,3.75,14.6,6.34,52.2,43.5,16.7,6.14,0,3.51,0,0,0,0,0,0,0,0,0,0,0,0,0,0,0,0,0,0,
Petre_et_al_2022,Kings_bluff,Surface Water,34.404965,-78.293536,,6/10/2019,,Unnamed_SPE_LCMS_MS,,,18.4,,8.27,0.89,1.02,6.25,14.4,9.47,0,36.9,0,0,0,0,18,0.93,5.29,3.72,14.7,8.23,57,46.8,18.4,7.09,0,5.43,0,0,0,0,0,0,0,0,0,0,0,0,0,0,0,0,0,0,
Petre_et_al_2022,Kings_bluff,Surface Water,34.404965,-78.293536,,6/17/2019,,Unnamed_SPE_LCMS_MS,,,14,,6.51,0.783,1.07,4.52,15.3,9.57,0,9.66,0,0,0,0,13.2,0.747,6.07,3.44,2.07,2.4,8.02,7.7,2.82,0,0,0,0,0,0,0,0,0,0,0,0,0,0,0,0,0,0,0,0,0,
Petre_et_al_2022,Kings_bluff,Surface Water,34.404965,-78.293536,,6/24/2019,,Unnamed_SPE_LCMS_MS,,,14.4,,8.61,1.25,1.42,3.58,20.3,13.5,0,9.67,0,0,0,0,16.4,0.656,6.43,2.41,5.46,2.41,14.7,13.7,4.13,1.65,0,0,0,0,0,0,0,0,0,0,0,0,0,0,0,0,0,0,0,0,
Petre_et_al_2022,Kings_bluff,Surface Water,34.404965,-78.293536,,7/1/2019,,Unnamed_SPE_LCMS_MS,,,1.56,,3.36,0,0,2.08,5.16,2.22,0,54.8,0,0,0,0,5.25,0.788,6.86,10.3,64.9,22.6,63,57.7,11.3,0,0,0,0,0,0,0,0,0,0,0,0,0,0,0,0,0,0,0,0,0,
Petre_et_al_2022,Kings_bluff,Surface Water,34.404965,-78.293536,,7/8/2019,,Unnamed_SPE_LCMS_MS,,,19.6,,9.63,1.29,1.48,5.73,25.7,17.7,0,28.6,0,0,0,0,22.2,1.04,7.22,4.45,8.07,9.52,36.2,32.5,9.71,3.88,0,3.08,0,0,0,0,0,0,0,0,0,0,0,0,0,0,0,0,0,0,
Petre_et_al_2022,Kings_bluff,Surface Water,34.404965,-78.293536,,7/15/2019,,Unnamed_SPE_LCMS_MS,,,21.4,,8.59,1.01,1.37,9.39,16,10.9,0,24.8,0,0,0,0,18.9,1.29,5.2,5.53,7.58,7.15,34.9,24.7,7.43,3.31,0,2.7,0,0,0,0,0,0,0,0,0,0,0,0,0,0,0,0,0,0,
Petre_et_al_2022,Kings_bluff,Surface Water,34.404965,-78.293536,,7/29/2019,,Unnamed_SPE_LCMS_MS,,,19.7,,7.2,0.968,1.28,8.54,19.3,12.7,0,24.8,0,0,0,0,21.3,0.98,7.7,5.43,6.67,7.9,30,25.3,8.85,2.42,0,2.1,0,0,0,0,0,0,0,0,0,0,0,0,0,0,0,0,0,0,
Petre_et_al_2022,Kings_bluff,Surface Water,34.404965,-78.293536,,8/12/2019,,Unnamed_SPE_LCMS_MS,,,15.7,,6.62,0.967,1.13,7.05,14.2,10.5,0,15.7,0,0,0,0,16.6,1.31,8.28,4.84,5.51,5.79,22.2,15.5,5.1,2.04,0,1.57,0,0,0,0,0,0,0,0,0,0,0,0,0,0,0,0,0,0,
Petre_et_al_2022,Kings_bluff,Surface Water,34.404965,-78.293536,,8/26/2019,,Unnamed_SPE_LCMS_MS,,,18.4,,9.95,1.42,1.74,6.24,34.7,24.8,0,28.3,0,0,0,0,33.7,1.19,11.2,5.54,8.3,0,38.9,28.7,9.93,3.15,0,2.7,0,0,0,0,0,0,0,0,0,0,0,0,0,0,0,0,0,0,
Petre_et_al_2022,Kings_bluff,Surface Water,34.404965,-78.293536,,9/4/2019,,Unnamed_SPE_LCMS_MS,,,14.5,,8.44,0.969,1.54,4.8,26.4,21.9,0,11.3,0,0,0,0,24.4,0.79,10.8,4.31,5.97,3.24,14.8,11.5,4.08,1.75,0,0,0,0,0,0,0,0,0,0,0,0,0,0,0,0,0,0,0,0,
Petre_et_al_2022,Kings_bluff,Surface Water,34.404965,-78.293536,,9/5/2019,,Unnamed_SPE_LCMS_MS,,,15.5,,8.42,1.04,1.6,5.72,28.2,23.1,0,11.6,0,0,0,0,25.3,1.07,11.5,4.7,7.41,6.6,16.5,12.9,3.91,1.69,0,0,0,0,0,0,0,0,0,0,0,0,0,0,0,0,0,0,0,0,
Petre_et_al_2022,Kings_bluff,Surface Water,34.404965,-78.293536,,9/6/2019,,Unnamed_SPE_LCMS_MS,,,15.4,,7.7,1.07,1.53,4.22,30.9,24.2,0,11.1,0,0,0,0,26.7,0.96,11.2,4.22,6.77,0,15.8,12.7,3.69,0,0,0,0,0,0,0,0,0,0,0,0,0,0,0,0,0,0,0,0,0,
Petre_et_al_2022,Kings_bluff,Surface Water,34.404965,-78.293536,,9/9/2019,,Unnamed_SPE_LCMS_MS,,,15.5,,8.3,0.943,1.45,4.75,35.2,26,0,76,0,0,0,0,32.2,0.71,12.5,5,21.7,16,52.3,36.1,14.3,7.98,3.78,6.14,0,0,0,0,0,0,0,0,0,0,0,0,0,0,0,0,0,0,
Petre_et_al_2022,Kings_bluff,Surface Water,34.404965,-78.293536,,9/23/2019,,Unnamed_SPE_LCMS_MS,,,11.4,,5.19,0,0.714,5.03,11.3,7.98,0,28.4,0,0,0,0,15.6,0.665,16.1,3.39,8.74,15.6,34.2,24.1,8.8,3.2,0,2.98,0,0,0,0,0,0,0,0,0,0,0,0,0,0,0,0,0,0,
Petre_et_al_2022,Kings_bluff,Surface Water,34.404965,-78.293536,,10/1/2019,,Unnamed_SPE_LCMS_MS,,,16,,7.58,1.01,1.29,6.73,21.1,14.9,0,39.4,0,0,0,0,21,1.23,9.16,5.6,10.4,25.7,46.8,40.3,14.3,3.74,0,3.41,0,0,0,0,0,0,0,0,0,0,0,0,0,0,0,0,0,0,
Petre_et_al_2022,Kings_bluff,Surface Water,34.404965,-78.293536,,10/7/2019,,Unnamed_SPE_LCMS_MS,,,15.2,,9.63,0.82,1.4,7.71,33.4,22.1,0,38.8,0,0,0,0,31.8,1.24,13.8,6.73,15.7,11,57.4,50.2,17.5,5.29,0,2.91,0,0,0,0,0,0,0,0,0,0,0,0,0,0,0,0,0,0,
Petre_et_al_2022,Kings_bluff,Surface Water,34.404965,-78.293536,,10/21/2019,,Unnamed_SPE_LCMS_MS,,,14.9,,10.2,1.05,1.67,7.41,45.5,30.2,0,41.7,0,0,0,0,45.1,1.51,18.3,6.61,11.4,11.1,55.6,47.7,17.6,6.13,0,3.33,0,0,0,0,0,0,0,0,0,0,0,0,0,0,0,0,0,0,
Petre_et_al_2022,Kings_bluff,Surface Water,34.404965,-78.293536,,11/4/2019,,Unnamed_SPE_LCMS_MS,,,17.1,,9.84,0.961,1.41,9.18,32.6,22.3,0,24.8,0,0,0,0,36.5,1.6,17.1,6.52,9.21,5.47,26.7,23,9.52,2.65,0,1.68,0,0,0,0,0,0,0,0,0,0,0,0,0,0,0,0,0,0,
Petre_et_al_2022,Kings_bluff,Surface Water,34.404965,-78.293536,,11/18/2019,,Unnamed_SPE_LCMS_MS,,,12.9,,7.96,0.737,1.61,5.97,24.4,14.3,0,35,0,0,0,0,26.9,1.13,2.05,5.99,17.1,0,41.8,34.2,9.97,4.38,0,1.62,0,0,0,0,0,0,0,0,0,0,0,0,0,0,0,0,0,0,
Petre_et_al_2022,Kings_bluff,Surface Water,34.404965,-78.293536,,12/2/2019,,Unnamed_SPE_LCMS_MS,,,11,,5.08,0,0.778,5.51,12.4,6.43,0,22.5,0,0,0,0,13.8,0.875,5.95,4.24,13,0,24,20.6,6.01,2.26,0,0,0,0,0,0,0,0,0,0,0,0,0,0,0,0,0,0,0,0,
Petre_et_al_2022,Kings_bluff,Surface Water,34.404965,-78.293536,,12/16/2019,,Unnamed_SPE_LCMS_MS,,,13,,7.92,0.866,1.07,4.26,30.8,15.7,0,19.9,0,0,0,0,25.4,0.996,10.6,6.06,6.7,6.02,21.3,19.8,7.89,2.46,0,0,0,0,0,0,0,0,0,0,0,0,0,0,0,0,0,0,0,0,0
Petre_et_al_2022,Kings_bluff,Surface Water,34.404965,-78.293536,,12/30/2019,,Unnamed_SPE_LCMS_MS,,,10.1,,6.6,0,1.03,3.78,18.3,11.9,0,8.04,0,0,0,0,14.3,0.907,7.07,4.02,0,2.86,8.52,7.98,2.69,0,0,0,0,0,0,0,0,0,0,0,0,0,0,0,0,0,0,0,0,0,0
Petre_et_al_2022,Kings_bluff,Surface Water,34.404965,-78.293536,,1/13/2020,,Unnamed_SPE_LCMS_MS,,,11.3,,8.92,0,0.972,4.14,15.1,7.95,0,6.36,0,0,0,0,11.3,1.01,5.92,5.01,3.5,1.49,6.98,6.86,2.3,0,0,0,0,0,0,0,0,0,0,0,0,0,0,0,0,0,0,0,0,0,0
Petre_et_al_2022,Kings_bluff,Surface Water,34.404965,-78.293536,,1/27/2020,,Unnamed_SPE_LCMS_MS,,,13.1,,7.22,0,0.97,4.02,12.9,9.1,0,12.7,0,0,0,0,10.8,0.681,5.31,3.76,8.5,0,16,12.4,5.12,1.33,0,0,0,0,0,0,0,0,0,0,0,0,0,0,0,0,0,0,0,0,0
Petre_et_al_2022,Kings_bluff,Surface Water,34.404965,-78.293536,,2/10/2020,,Unnamed_SPE_LCMS_MS,,,8.18,,4.37,0,0.713,2.93,5.79,5.34,0,4.47,0,0,0,0,4.7,0,3.29,2.4,7.71,0,5.82,4.17,1.36,0,0,0,0,0,0,0,0,0,0,0,0,0,0,0,0,0,0,0,0,0,0
Petre_et_al_2022,Kings_bluff,Surface Water,34.404965,-78.293536,,2/24/2020,,Unnamed_SPE_LCMS_MS,,,8.93,,5.4,0,0.749,3.11,6.54,5.45,0,4.61,0,0,0,0,6.13,0,3.43,2.61,2.01,1.5,9.89,4.04,0,0,0,0,0,0,0,0,0,0,0,0,0,0,0,0,0,0,0,0,0,0,0
Petre_et_al_2022,Kings_bluff,Surface Water,34.404965,-78.293536,,3/9/2020,,Unnamed_SPE_LCMS_MS,,,9.48,,5.64,0,0.903,3.61,6.03,4.38,0,13,0,0,0,0,6.32,0,0,2.93,5.05,6.75,18.7,11.6,3.61,1.64,0,0,0,0,0,0,0,0,0,0,0,0,0,0,0,0,0,0,0,0,0
Petre_et_al_2022,Kings_bluff,Surface Water,34.404965,-78.293536,,4/6/2020,,Unnamed_SPE_LCMS_MS,,,15.2,,8.68,0,1.42,4.27,13.7,11.3,0,11.3,0,0,0,0,10.1,0.662,5.53,4.33,6.98,4.49,9.11,12.7,4.93,1.37,0,0,0,0,0,0,0,0,0,0,0,0,0,0,0,0,0,0,0,0,0
Petre_et_al_2022,Kings_bluff,Surface Water,34.404965,-78.293536,,5/4/2020,,Unnamed_SPE_LCMS_MS,,,12.4,,7.92,0,0.819,5.38,12,6.69,0,9.42,0,0,0,0,11.4,1.2,5.75,4.42,11.1,3.54,10.9,9.7,3.58,1.38,0,0,0,0,0,0,0,0,0,0,0,0,0,0,0,0,0,0,0,0,0
Petre_et_al_2022,Kings_bluff,Surface Water,34.404965,-78.293536,,6/1/2020,,Unnamed_SPE_LCMS_MS,,,11.3,,4.63,0,1.02,3.51,4.9,2.69,0,4.19,0,0,0,0,4.36,0,3.05,2.38,2.67,0,3.4,3.77,0,0,0,0,0,0,0,0,0,0,0,0,0,0,0,0,0,0,0,0,0,0,0
Petre_et_al_2022,Kings_bluff,Surface Water,34.404965,-78.293536,,7/6/2020,,Unnamed_SPE_LCMS_MS,,,14.8,,7.9,0.654,0.934,4.83,7.4,3.9,0,17.8,0,0,0,0,8.35,0.707,5.88,3.95,9.82,7.5,23.8,20,7.26,2.1,0,1.37,0,0,0,0,0,0,0,0,0,0,0,0,0,0,0,0,0,0,0
Petre_et_al_2022,Kings_bluff,Surface Water,34.404965,-78.293536,,7/22/2020,,Unnamed_SPE_LCMS_MS,,,16.4,,6.83,0.731,1.12,5.02,7.46,3.96,0,23.5,0,0,0,0,9.51,0.993,5.76,4.18,12.4,0,24.8,24.1,6.65,2.25,0,1.41,0,0,0,0,0,0,0,0,0,0,0,0,0,0,0,0,0,0,0
Petre_et_al_2022,Kings_bluff,Surface Water,34.404965,-78.293536,,7/23/2020,,Unnamed_SPE_LCMS_MS,,,17.9,,6.51,0.748,1.34,5.41,7.82,3.75,0,23.9,0,0,0,0,9.31,0.768,6.06,4.41,12.3,0,22.1,24.9,6.45,2.71,0,1.47,0,0,0,0,0,0,0,0,0,0,0,0,0,0,0,0,0,0,0
Petre_et_al_2022,Kings_bluff,Surface Water,34.404965,-78.293536,,7/24/2020,,Unnamed_SPE_LCMS_MS,,,13.2,,6.41,0.609,1.31,5.05,7.67,4.65,0,24.9,0,0,0,0,9.87,0.834,6.58,4.14,7.12,9.18,34.6,26.5,8.61,2.7,0,1.69,0,0,0,0,0,0,0,0,0,0,0,0,0,0,0,0,0,0,0
Petre_et_al_2022,Kings_bluff,Surface Water,34.404965,-78.293536,,7/25/2020,,Unnamed_SPE_LCMS_MS,,,13.8,,6.32,0.691,0.982,4.43,7.47,3.83,0,22.5,0,0,0,0,9.39,0.678,6.42,4.03,7.41,7.17,30,25.9,8.51,2.63,0,1.75,0,0,0,0,0,0,0,0,0,0,0,0,0,0,0,0,0,0,0
Petre_et_al_2022,Kings_bluff,Surface Water,34.404965,-78.293536,,8/2/2020,,Unnamed_SPE_LCMS_MS,,,13,,6.09,0,0.834,4.46,6.11,3.31,0,16.4,0,0,0,0,7.49,0.675,4.86,4.09,10.8,2.45,22,17.3,5.36,2.25,0,0,0,0,0,0,0,0,0,0,0,0,0,0,0,0,0,0,0,0,0
Petre_et_al_2022,Kings_bluff,Surface Water,34.404965,-78.293536,,8/3/2020,,Unnamed_SPE_LCMS_MS,,,12.1,,6.59,0,0.947,4.59,7.65,3.74,0,15.2,0,0,0,0,8.94,0.804,5.66,4.52,10.3,2.58,19,11.7,3.94,1.5,0,0,0,0,0,0,0,0,0,0,0,0,0,0,0,0,0,0,0,0,0
Petre_et_al_2022,Kings_bluff,Surface Water,34.404965,-78.293536,,8/4/2020,,Unnamed_SPE_LCMS_MS,,,14.7,,7.7,0.79,1.22,4.67,8.59,4.46,0,13.5,0,0,0,0,9.51,0.771,5.63,5.12,9.73,0,15.8,13.3,3.7,1.45,0,0,0,0,0,0,0,0,0,0,0,0,0,0,0,0,0,0,0,0,0
Petre_et_al_2022,Kings_bluff,Surface Water,34.404965,-78.293536,,8/5/2020,,Unnamed_SPE_LCMS_MS,,,12.6,,7.01,0.817,1.28,4.65,8.22,4.49,0,13.3,0,0,0,0,8.94,0.593,5.71,4.42,9.28,0,15.4,12.1,3.43,1.23,0,0,0,0,0,0,0,0,0,0,0,0,0,0,0,0,0,0,0,0,0
Petre_et_al_2022,Kings_bluff,Surface Water,34.404965,-78.293536,,8/17/2020,,Unnamed_SPE_LCMS_MS,,,12.3,,7.03,0.777,1.04,4.16,8.65,4.48,0,10.1,0,0,0,0,9.78,0.763,5.46,5.01,7.52,0,10.3,6.64,2.7,1.48,0,0,0,0,0,0,0,0,0,0,0,0,0,0,0,0,0,0,0,0,0
Petre_et_al_2022,Kings_bluff,Surface Water,34.404965,-78.293536,,8/31/2020,,Unnamed_SPE_LCMS_MS,,,8.8,,5.4,0,1.09,3.97,6.37,3.41,0,10.3,0,0,0,0,7.28,0.745,5.41,4.01,4.93,4.87,14.4,14.2,4.61,1.45,0,0,0,0,0,0,0,0,0,0,0,0,0,0,0,0,0,0,0,0,0
Petre_et_al_2022,Kings_bluff,Surface Water,34.404965,-78.293536,,9/14/2020,,Unnamed_SPE_LCMS_MS,,,12.6,,5.93,0.763,1.22,4.14,8.3,3.64,0,13.6,0,0,0,0,8.89,0.785,6.49,4.4,8.11,5.42,21.5,12.7,5.39,3.22,0,0,0,0,0,0,0,0,0,0,0,0,0,0,0,0,0,0,0,0,0
Petre_et_al_2022,Kings_bluff,Surface Water,34.404965,-78.293536,,9/28/2020,,Unnamed_SPE_LCMS_MS,,,13.4,,7.32,0.731,1.08,4.16,8.79,4.88,0,13,0,0,0,0,19.9,1.01,6.17,4.77,0,5.21,45.8,8.21,4.77,1.82,2.31,1.55,0,0,0,0,0,0,0,0,0,0,0,0,0,0,0,0,0,0,0
Petre_et_al_2022,Kings_bluff,Surface Water,34.404965,-78.293536,,10/5/2020,,Unnamed_SPE_LCMS_MS,,,9.74,,4.61,0,0.744,3.28,5.82,3.14,0,4.45,0,0,0,0,13,0.649,0,3.02,10.8,1.35,14.8,3.28,1.66,0,0,0,0,0,0,0,0,0,0,0,0,0,0,0,0,0,0,0,0,0,0
Petre_et_al_2022,Kings_bluff,Surface Water,34.404965,-78.293536,,10/12/2020,,Unnamed_SPE_LCMS_MS,,,13.9,,6.21,0,0.965,3.96,6.96,3.85,0,8.96,0,0,0,0,8,0.833,4.63,3.9,0,3.22,36.3,5.93,4.07,1.2,0,0,0,0,0,0,0,0,0,0,0,0,0,0,0,0,0,0,0,0,0
Petre_et_al_2022,Kings_bluff,Surface Water,34.404965,-78.293536,,10/19/2020,,Unnamed_SPE_LCMS_MS,,,11.6,,6.48,0,1.16,4.15,8.88,4.1,0,7.49,0,6.08,0,0,12.2,0.771,5.96,4.66,6.3,3.11,22,4.99,3.14,0,0,0,0,0,0,0,0,0,0,0,0,0.834,1.22,0,0,0,0,0,0,0,0
Petre_et_al_2022,Kings_bluff,Surface Water,34.404965,-78.293536,,10/26/2020,,Unnamed_SPE_LCMS_MS,,,11.5,,6.5,0,1.03,3.6,6.55,3.4,0,7.16,0,0,0,0,7.37,0.601,4.71,3.84,0,2.1,26.9,5.34,3.12,0,0,0,0,0,0,0,0,0,0,0,0,0,0,0,0,0,0,0,0,0,0
Petre_et_al_2022,Kings_bluff,Surface Water,34.404965,-78.293536,,11/2/2020,,Unnamed_SPE_LCMS_MS,,,0,,0,1.02,0,0,5.68,4.65,1.48,21.6,0,0,0,0,0,5.74,0,7.84,37.2,2.1,0,0,0,0,0,1.8,4.35,6.53,8.65,3.45,8.65,5.68,0,3.55,0,0,0,0,0,0,4.27,0,0,0,0
Petre_et_al_2022,Kings_bluff,Surface Water,34.404965,-78.293536,,11/9/2020,,Unnamed_SPE_LCMS_MS,,,13.3,,8.19,0.721,1.18,4.83,9.25,4.43,0,7,0,0,0,0,10.6,0.985,6.83,4.96,5.36,2.35,30.3,5.79,3.62,0,0,0,0,0,0,0,0,0,0,0,0,0,0,0,0,0,0,0,0,0,0
Petre_et_al_2022,Kings_bluff,Surface Water,34.404965,-78.293536,,11/16/2020,,Unnamed_SPE_LCMS_MS,,,8.1,,4.59,0,0.955,2.51,4.54,2.45,0,6.43,0,0,0,0,5.86,0,4.55,2.49,0,0,18.2,5.42,2.7,0,0,0,0,0,0,0,0,0,0,0,0,0,0,0,0,0,0,0,0,0,0
Petre_et_al_2022,Kings_bluff,Surface Water,34.404965,-78.293536,,11/23/2020,,Unnamed_SPE_LCMS_MS,,,14.2,,7.19,0,1.09,3.67,5.4,3.33,0,5.97,0,0,0,0,5.41,0.658,4.6,3.69,7.64,3.29,12,4.22,1.91,0,0,0,0,0,0,0,0,0,0,0,0,0,0,0,0,0,0,0,0,0,0
Petre_et_al_2022,Kings_bluff,Surface Water,34.404965,-78.293536,,11/30/2020,,Unnamed_SPE_LCMS_MS,,,19.9,,9.17,0.812,1.33,4.34,7.33,4.22,0,10.6,0,0,0,0,8.16,0.788,5.73,4.34,15.1,3.42,39.6,8.32,3.96,1.47,0,0,0,0,0,0,0,0,0,0,0,0,0,0,0,0,0,0,0,0,0
Petre_et_al_2022,Kings_bluff,Surface Water,34.404965,-78.293536,,12/7/2020,,Unnamed_SPE_LCMS_MS,,,10.6,,6.52,0,1.05,3.55,5.37,3.49,0,6.28,0,0,0,0,6.37,0.651,5.26,3.94,0,2.19,18.3,3.79,1.85,0,0,0,0,0,0,0,0,0,0,0,0,0,0,0,0,0,0,0,0,0,0
Petre_et_al_2022,Kings_bluff,Surface Water,34.404965,-78.293536,,12/14/2020,,Unnamed_SPE_LCMS_MS,,,13.1,,7.9,0,1.05,4.07,6.47,4.03,0,7.38,0,0,0,0,6.81,0.813,5.41,4.24,0,2.6,28.4,4.87,2.35,0,0,0,0,0,0,0,0,0,0,0,0,0,0,0,0,0,0,0,0,0,0
Petre_et_al_2022,Kings_bluff,Surface Water,34.404965,-78.293536,,12/21/2020,,Unnamed_SPE_LCMS_MS,,,9.35,,4.53,0,0.84,3.17,4.24,2.54,0,3.66,0,0,0,0,4.81,0,4.77,2.65,0,0,8.92,2.25,1.26,0,0,0,0,0,0,0,0,0,0,0,0,0,0,0,0,0,0,0,0,0,0
Petre_et_al_2022,Kings_bluff,Surface Water,34.404965,-78.293536,,12/29/2020,,Unnamed_SPE_LCMS_MS,,,9.45,,5.14,0,0.78,2.62,3.95,2.44,0,3.61,0,0,0,0,4.21,0,0,2.28,0,1.24,8.29,2.04,0,0,0,0,0,0,0,0,0,0,0,0,0,0,0,0,0,0,0,0,0,0,0
Petre_et_al_2022,Kings_bluff,Surface Water,34.404965,-78.293536,,1/4/2021,,Unnamed_SPE_LCMS_MS,,,12.3,,6.96,0.716,1.13,3.26,6.03,3.22,0,5.65,0,0,0,0,5.46,0,4.57,3.64,0,2.17,4.08,3.76,1.28,0,0,0,0,0,0,0,0,0,0,0,0,0,0,0,0,0,0,0,0,0,0
Petre_et_al_2022,Kings_bluff,Surface Water,34.404965,-78.293536,,1/11/2021,,Unnamed_SPE_LCMS_MS,,,10.9,,6.74,0,0.951,3.18,4.37,2.35,0,6.1,0,0,0,0,4.07,0,0,2.56,0,3.14,3.93,4.25,1.32,0,0,0,0,0,0,0,0,0,0,0,0,0,0,0,0,0,0,0,0,0,0
Petre_et_al_2022,Kings_bluff,Surface Water,34.404965,-78.293536,,1/18/2021,,Unnamed_SPE_LCMS_MS,,,9.45,,4.47,0,0.682,3.15,3.09,1.92,0,9.25,0,0,0,0,3.41,0,3.01,2.4,0,0,30.1,6.09,2.43,0,0,0,0,0,0,0,0,0,0,0,0,0,0,0,0,0,0,0,0,0,0
Petre_et_al_2022,Kings_bluff,Surface Water,34.404965,-78.293536,,1/25/2021,,Unnamed_SPE_LCMS_MS,,,8.98,,4.67,0,0.646,3.53,3.7,2.17,0,10.4,0,0,0,0,4.17,0,4.17,2.96,0,0,34.8,6.38,2.88,0,0,0,0,0,0,0,0,0,0,0,0,0,0,0,0,0,0,0,0,0,0
Petre_et_al_2022,Kings_bluff,Surface Water,34.404965,-78.293536,,2/1/2021,,Unnamed_SPE_LCMS_MS,,,8.03,,4.95,0,0.687,2.38,4.25,2.5,0,4.45,0,0,0,0,3.99,0,3.96,2.39,0,0,10.5,2.57,1.46,0,0,0,0,0,0,0,0,0,0,0,0,0,0,0,0,0,0,0,0,0,0
Petre_et_al_2022,Bynum,Surface Water,35.765778,-79.135805,,6/10/2019,,Unnamed_SPE_LCMS_MS,,138.2,9.13,,5.09,0.63,0.84,2.54,6.41,3.36,,0.08,0,5.52,,,4.68,,4.57,1.36,,,,,,,,,,,,,,,,,,,,,,,,,,,
Petre_et_al_2022,Bynum,Surface Water,35.765778,-79.135805,,6/17/2019,,Unnamed_SPE_LCMS_MS,,24.6,6.34,,5.53,0.45,0.64,3.18,9.64,4.17,,0.23,0,1.49,,,5.52,,4.68,1.72,,,,,,,,,,,,,,,,,,,,,,,,,,,
Petre_et_al_2022,Bynum,Surface Water,35.765778,-79.135805,,6/24/2019,,Unnamed_SPE_LCMS_MS,,16.4,9.81,,10.14,1.15,1.47,4.09,34.27,26.01,,0.5,0.45,0.93,,,20.25,,12.13,3.51,,,,,,,,,,,,,,,,,,,,,,,,,,,
Petre_et_al_2022,Bynum,Surface Water,35.765778,-79.135805,,7/1/2019,,Unnamed_SPE_LCMS_MS,,6.9,10.01,,14.6,1.39,1.66,5.98,142.2,119.4,,0.48,0.44,1.08,,,60.28,,29.59,9.27,,,,,,,,,,,,,,,,,,,,,,,,,,,
Petre_et_al_2022,Bynum,Surface Water,35.765778,-79.135805,,7/8/2019,,Unnamed_SPE_LCMS_MS,,19.7,18.25,,21.58,2.79,2.72,6.01,140.38,109.82,,0.24,0.02,3.18,,,72.51,,38.23,8.02,,,,,,,,,,,,,,,,,,,,,,,,,,,
Petre_et_al_2022,Bynum,Surface Water,35.765778,-79.135805,,7/15/2019,,Unnamed_SPE_LCMS_MS,,6.4,21.21,,17.05,2.25,2.54,4.81,67.33,50.65,,0,0,0.36,,,32.84,,18.21,4.14,,,,,,,,,,,,,,,,,,,,,,,,,,,
Petre_et_al_2022,Bynum,Surface Water,35.765778,-79.135805,,7/22/2019,,Unnamed_SPE_LCMS_MS,,4.5,14.03,,21.76,2.03,2.36,6.53,95.23,98.87,,0,0.03,0.52,,,56.95,,34.15,7.05,,,,,,,,,,,,,,,,,,,,,,,,,,,
Petre_et_al_2022,Bynum,Surface Water,35.765778,-79.135805,,7/29/2019,,Unnamed_SPE_LCMS_MS,,7.1,8.51,,10.42,0.85,1.17,5.31,45.72,43.03,,0.08,0.03,0.39,,,25.61,,12.8,3.09,,,,,,,,,,,,,,,,,,,,,,,,,,,
Petre_et_al_2022,Bynum,Surface Water,35.765778,-79.135805,,8/5/2019,,Unnamed_SPE_LCMS_MS,,10.2,16.7,,12.78,1.37,1.99,6.03,47.25,28.29,,0.09,0,3.14,,,31.98,,15.72,4.79,,,,,,,,,,,,,,,,,,,,,,,,,,,
Petre_et_al_2022,Bynum,Surface Water,35.765778,-79.135805,,8/12/2019,,Unnamed_SPE_LCMS_MS,,5.4,12.32,,14.15,1.66,1.69,4.35,148.66,128.94,,0,0,0.75,,,80.08,,30.61,4.64,,,,,,,,,,,,,,,,,,,,,,,,,,,
Petre_et_al_2022,Bynum,Surface Water,35.765778,-79.135805,,8/19/2019,,Unnamed_SPE_LCMS_MS,,19.5,33.12,,30.19,5.46,8.46,8.86,178.55,118.46,,0.11,0,1.38,,,121.85,,48.46,7.3,,,,,,,,,,,,,,,,,,,,,,,,,,,
Petre_et_al_2022,Bynum,Surface Water,35.765778,-79.135805,,8/26/2019,,Unnamed_SPE_LCMS_MS,,42.5,,,,,,,,,,,,,,,,,,,,,,,,,,,,,,,,,,,,,,,,,,,,,
Petre_et_al_2022,Bynum,Surface Water,35.765778,-79.135805,,9/9/2019,,Unnamed_SPE_LCMS_MS,,3.9,8.07,,17.65,0.9,1.78,6.86,144.23,78.52,,0.13,0,0,,,116.95,,56.27,6.28,,,,,,,,,,,,,,,,,,,,,,,,,,,
Petre_et_al_2022,Bynum,Surface Water,35.765778,-79.135805,,9/16/2019,,Unnamed_SPE_LCMS_MS,,3.1,10.52,,26.06,1.63,2.66,9.05,276.87,166.22,,0,0.04,2.68,,,169.82,,67.91,8.77,,,,,,,,,,,,,,,,,,,,,,,,,,,
Petre_et_al_2022,Bynum,Surface Water,35.765778,-79.135805,,9/23/2019,,Unnamed_SPE_LCMS_MS,,2.5,17.13,,25.59,2.1,3.59,9.36,154.44,69.16,,0.12,0.06,1.23,,,96.82,,59.41,13.91,,,,,,,,,,,,,,,,,,,,,,,,,,,
Petre_et_al_2022,Bynum,Surface Water,35.765778,-79.135805,,9/30/2019,,Unnamed_SPE_LCMS_MS,,4.7,15.52,,23.06,2.38,3.6,9.08,88.96,26.47,,0.1,0.01,1.21,,,45.47,,40.25,17.38,,,,,,,,,,,,,,,,,,,,,,,,,,,
Petre_et_al_2022,Bynum,Surface Water,35.765778,-79.135805,,10/7/2019,,Unnamed_SPE_LCMS_MS,,2.1,18.7,,25.71,2.98,3.49,11.02,176.24,54.85,,0.29,0.04,5.85,,,97.86,,47.06,17.31,,,,,,,,,,,,,,,,,,,,,,,,,,,
Petre_et_al_2022,Bynum,Surface Water,35.765778,-79.135805,,10/14/2019,,Unnamed_SPE_LCMS_MS,,2.7,,,,,,,,,,,,,,,,,12.68,13.24,,,,,,,,,,,,,,,,,,,,,,,,,,,
Petre_et_al_2022,Bynum,Surface Water,35.765778,-79.135805,,10/21/2019,,Unnamed_SPE_LCMS_MS,,45.3,21.9,,17.52,4.25,3.21,7.23,28.06,14.01,,1.71,1.63,0,,,17.49,,59.74,10.92,,,,,,,,,,,,,,,,,,,,,,,,,,,
Petre_et_al_2022,Bynum,Surface Water,35.765778,-79.135805,,10/28/2019,,Unnamed_SPE_LCMS_MS,,4.8,9.99,,8,1.48,1.28,3.56,15.22,6.11,,0,0,0.1,,,9.89,,7.72,5.12,,,,,,,,,,,,,,,,,,,,,,,,,,,
Petre_et_al_2022,Bynum,Surface Water,35.765778,-79.135805,,11/4/2019,,Unnamed_SPE_LCMS_MS,,20,6.03,,5.13,0.39,0.83,1.67,19.95,8.72,,0.14,0,0.37,,,40.87,,12.8,1.68,,,,,,,,,,,,,,,,,,,,,,,,,,,
Petre_et_al_2022,Bynum,Surface Water,35.765778,-79.135805,,11/11/2019,,Unnamed_SPE_LCMS_MS,,5.8,8.93,,11.11,0.99,1.03,3.9,145.12,50.38,,0,0,1.42,,,66.51,,21.97,5.23,,,,,,,,,,,,,,,,,,,,,,,,,,,
Petre_et_al_2022,Bynum,Surface Water,35.765778,-79.135805,,12/2/2019,,Unnamed_SPE_LCMS_MS,,162.8,8.24,,6.17,0.52,0.94,2.55,10.19,3.65,,0,0,0.29,,,5.21,,5.12,1.6,,,,,,,,,,,,,,,,,,,,,,,,,,,
Petre_et_al_2022,Bynum,Surface Water,35.765778,-79.135805,,12/16/2019,,Unnamed_SPE_LCMS_MS,,83.8,10.05,,7.09,0.37,0.91,3.56,9.13,2.65,,0,0.01,0.12,,,3.74,,3.08,2.17,,,,,,,,,,,,,,,,,,,,,,,,,,,
Petre_et_al_2022,Bynum,Surface Water,35.765778,-79.135805,,1/6/2020,,Unnamed_SPE_LCMS_MS,,63.1,9.42,,7.58,0.47,0.78,3.38,5.63,2.6,,0,0.01,0.29,,,1.93,,2.4,1.94,,,,,,,,,,,,,,,,,,,,,,,,,,,
Petre_et_al_2022,Bynum,Surface Water,35.765778,-79.135805,,1/20/2020,,Unnamed_SPE_LCMS_MS,,30.9,12.18,,11.76,0.53,0.97,4.32,20.71,10.67,,0,0.25,0.98,,,9.24,,8.92,4.71,,,,,,,,,,,,,,,,,,,,,,,,,,,
Petre_et_al_2022,Bynum,Surface Water,35.765778,-79.135805,,1/21/2020,,Unnamed_SPE_LCMS_MS,,28,,,,,,,,,,,,,,,,,,,,,,,,,,,,,,,,,,,,,,,,,,,,,
Petre_et_al_2022,Bynum,Surface Water,35.765778,-79.135805,,2/3/2020,,Unnamed_SPE_LCMS_MS,,39.4,13.63,,15.27,0.56,1.05,4.79,17.39,8.62,,0,0.26,0.41,,,7.83,,6.9,5.58,,,,,,,,,,,,,,,,,,,,,,,,,,,
Petre_et_al_2022,Bynum,Surface Water,35.765778,-79.135805,,2/17/2020,,Unnamed_SPE_LCMS_MS,,67.4,7.09,,6.45,0.32,0.49,2.94,5.56,2.53,,0.02,0,0.4,,,1.25,,3.21,0.91,,,,,,,,,,,,,,,,,,,,,,,,,,,
Petre_et_al_2022,Bynum,Surface Water,35.765778,-79.135805,,3/2/2020,,Unnamed_SPE_LCMS_MS,,26.5,,,,,,,,,,,,,,,,,,,,,,,,,,,,,,,,,,,,,,,,,,,,,
Petre_et_al_2022,Bynum,Surface Water,35.765778,-79.135805,,3/16/2020,,Unnamed_SPE_LCMS_MS,,17.8,23.69,,19.75,1.46,2.22,4.92,44.55,66.46,,0,0,1.31,,,46.09,,0,1.71,,,,,,,,,,,,,,,,,,,,,,,,,,,
Petre_et_al_2022,Bynum,Surface Water,35.765778,-79.135805,,3/30/2020,,Unnamed_SPE_LCMS_MS,,35.1,6.85,,7.28,0.42,0.53,2.81,12.08,9.38,,0.11,0,0.03,,,25.11,,0,3.26,,,,,,,,,,,,,,,,,,,,,,,,,,,
Petre_et_al_2022,Bynum,Surface Water,35.765778,-79.135805,,4/14/2020,,Unnamed_SPE_LCMS_MS,,114.1,6.51,,6.5,0.48,0.66,2.28,11.58,7.16,,0.18,0,0.03,,,10.24,,0,3.3,,,,,,,,,,,,,,,,,,,,,,,,,,,
Petre_et_al_2022,Bynum,Surface Water,35.765778,-79.135805,,4/27/2020,,Unnamed_SPE_LCMS_MS,,26.4,11.14,,11.49,0.9,0.8,4.09,40.36,44.17,,0.17,0,0.05,,,49.34,,0,2.71,,,,,,,,,,,,,,,,,,,,,,,,,,,
Petre_et_al_2022,Bynum,Surface Water,35.765778,-79.135805,,5/3/2020,,Unnamed_SPE_LCMS_MS,,55.2,7.48,,5.41,0.33,0.51,2.66,8.69,5.43,,0,0,0.05,,,11.21,,0,2.71,,,,,,,,,,,,,,,,,,,,,,,,,,,
Petre_et_al_2022,Bynum,Surface Water,35.765778,-79.135805,,5/11/2020,,Unnamed_SPE_LCMS_MS,,13.8,25.2,,10.48,1.18,1.58,3.97,20.91,6.47,,0.17,0,0.08,,,13.73,,0,3.79,,,,,,,,,,,,,,,,,,,,,,,,,,,
Petre_et_al_2022,Bynum,Surface Water,35.765778,-79.135805,,5/18/2020,,Unnamed_SPE_LCMS_MS,,10,21.16,,13.94,1.11,1.49,4.51,89.61,67.1,,0.16,0,0.86,,,48.81,,0,1.77,,,,,,,,,,,,,,,,,,,,,,,,,,,
Petre_et_al_2022,Bynum,Surface Water,35.765778,-79.135805,,5/25/2020,,Unnamed_SPE_LCMS_MS,,183.2,8.15,,5.99,0.35,0.52,2.3,5.32,3.02,,0.16,0,0,,,0,,0,0.92,,,,,,,,,,,,,,,,,,,,,,,,,,,
Petre_et_al_2022,Bynum,Surface Water,35.765778,-79.135805,,6/1/2020,,Unnamed_SPE_LCMS_MS,,49.3,12.35,,9.76,0.98,0.96,4.63,18.73,6.57,,0.09,0,0.43,,,26.75,,0,7.74,,,,,,,,,,,,,,,,,,,,,,,,,,,
Petre_et_al_2022,Bynum,Surface Water,35.765778,-79.135805,,6/8/2020,,Unnamed_SPE_LCMS_MS,,25.4,7,,4.92,0.75,1.12,2.47,10.99,4.22,,0.11,0,0.03,,,16.08,,7.02,2.52,,,,,,,,,,,,,,,,,,,,,,,,,,,
Petre_et_al_2022,Bynum,Surface Water,35.765778,-79.135805,,6/14/2020,,Unnamed_SPE_LCMS_MS,,25,9.6,,8.47,0.55,0.8,3.14,9.85,5.42,,0.09,0,0.06,,,0,,6.82,5.04,,,,,,,,,,,,,,,,,,,,,,,,,,,
Petre_et_al_2022,Bynum,Surface Water,35.765778,-79.135805,,6/22/2020,,Unnamed_SPE_LCMS_MS,,38.8,11.04,,7.34,0.9,1.34,2.11,0,2.71,,0,0,0.07,,,0,,13.54,0,,,,,,,,,,,,,,,,,,,,,,,,,,,
Petre_et_al_2022,Bynum,Surface Water,35.765778,-79.135805,,6/29/2020,,Unnamed_SPE_LCMS_MS,,12.4,15.75,,18.53,1.35,2.48,4.73,11.38,6.69,,0,0,0.43,,,17.7,,0,6.07,,,,,,,,,,,,,,,,,,,,,,,,,,,
Petre_et_al_2022,Bynum,Surface Water,35.765778,-79.135805,,7/5/2020,,Unnamed_SPE_LCMS_MS,,8.5,12.38,,20.72,1.56,2.37,5.54,31.75,12.53,,0,0,0.67,,,44.36,,10.2,20.03,,,,,,,,,,,,,,,,,,,,,,,,,,,
Petre_et_al_2022,Bynum,Surface Water,35.765778,-79.135805,,7/12/2020,,Unnamed_SPE_LCMS_MS,,12.7,58.27,,32.14,6.29,11.77,6.18,35.53,18.79,,0.15,0.01,1.24,,,75.82,,10.94,21.34,,,,,,,,,,,,,,,,,,,,,,,,,,,
Petre_et_al_2022,Bynum,Surface Water,35.765778,-79.135805,,7/20/2020,,Unnamed_SPE_LCMS_MS,,9.8,17.5,,21.16,1.99,2.34,5.54,34.72,12.46,,0.14,0.01,1.31,,,94.34,,10.83,19.55,,,,,,,,,,,,,,,,,,,,,,,,,,,
Petre_et_al_2022,Bynum,Surface Water,35.765778,-79.135805,,7/27/2020,,Unnamed_SPE_LCMS_MS,,17.4,,,,,,,,,,,,,,,,,,,,,,,,,,,,,,,,,,,,,,,,,,,,,
Petre_et_al_2022,Bynum,Surface Water,35.765778,-79.135805,,8/2/2020,,Unnamed_SPE_LCMS_MS,,8.1,,,,,,,,,,,,,,,,,,,,,,,,,,,,,,,,,,,,,,,,,,,,,
Petre_et_al_2022,Bynum,Surface Water,35.765778,-79.135805,,8/10/2020,,Unnamed_SPE_LCMS_MS,,43,,,,,,,,,,,,,,,,,,,,,,,,,,,,,,,,,,,,,,,,,,,,,
Petre_et_al_2022,Bynum,Surface Water,35.765778,-79.135805,,8/17/2020,,Unnamed_SPE_LCMS_MS,,77.6,,,,,,,,,,,,,,,,,,,,,,,,,,,,,,,,,,,,,,,,,,,,,
Petre_et_al_2022,Bynum,Surface Water,35.765778,-79.135805,,8/24/2020,,Unnamed_SPE_LCMS_MS,,24.1,,,,,,,,,,,,,,,,,,,,,,,,,,,,,,,,,,,,,,,,,,,,,
Petre_et_al_2022,Bynum,Surface Water,35.765778,-79.135805,,8/31/2020,,Unnamed_SPE_LCMS_MS,,7.2,,,,,,,,,,,,,,,,,,,,,,,,,,,,,,,,,,,,,,,,,,,,,
Petre_et_al_2022,Bynum,Surface Water,35.765778,-79.135805,,9/7/2020,,Unnamed_SPE_LCMS_MS,,9,,,,,,,,,,,,,,,,,,,,,,,,,,,,,,,,,,,,,,,,,,,,,
Petre_et_al_2022,Bynum,Surface Water,35.765778,-79.135805,,9/14/2020,,Unnamed_SPE_LCMS_MS,,11.4,,,,,,,,,,,,,,,,,,,,,,,,,,,,,,,,,,,,,,,,,,,,,
Petre_et_al_2022,Bynum,Surface Water,35.765778,-79.135805,,9/21/2020,,Unnamed_SPE_LCMS_MS,,26.3,,,,,,,,,,,,,,,,,,,,,,,,,,,,,,,,,,,,,,,,,,,,,
Petre_et_al_2022,Bynum,Surface Water,35.765778,-79.135805,,9/28/2020,,Unnamed_SPE_LCMS_MS,,34.8,,,,,,,,,,,,,,,,,,,,,,,,,,,,,,,,,,,,,,,,,,,,,
Petre_et_al_2022,Bynum,Surface Water,35.765778,-79.135805,,10/4/2020,,Unnamed_SPE_LCMS_MS,,18.7,,,,,,,,,,,,,,,,,,,,,,,,,,,,,,,,,,,,,,,,,,,,,
Petre_et_al_2022,CCA,Surface Water,35.889845,-79.482469,,6/10/2019,,Unnamed_SPE_LCMS_MS,,,1.2,,1.5,0.2,0.3,0.3,0.6,0.8,,0.1,0,1,,,0.4,,1.9,0.3,,,,,,,,,,,,,,,,,,,,,,,,,,,
Petre_et_al_2022,CCA,Surface Water,35.889845,-79.482469,,6/17/2019,,Unnamed_SPE_LCMS_MS,,,1.3,,2.6,0.1,0.4,0.2,0.9,1.5,,0,0,0,,,1,,1.7,1,,,,,,,,,,,,,,,,,,,,,,,,,,,
Petre_et_al_2022,CCA,Surface Water,35.889845,-79.482469,,6/24/2019,,Unnamed_SPE_LCMS_MS,,,1.5,,2.3,0.4,0.6,0.7,1.1,0.9,,0.5,0.4,0.7,,,1.2,,1.8,1.2,,,,,,,,,,,,,,,,,,,,,,,,,,,
Petre_et_al_2022,CCA,Surface Water,35.889845,-79.482469,,7/1/2019,,Unnamed_SPE_LCMS_MS,,,1.2,,4.1,0.5,0.5,1.4,2.3,2.5,,0.5,0.5,0.6,,,1,,1.6,2.7,,,,,,,,,,,,,,,,,,,,,,,,,,,
Petre_et_al_2022,CCA,Surface Water,35.889845,-79.482469,,7/8/2019,,Unnamed_SPE_LCMS_MS,,,1.1,,6.7,0,0.2,1.4,3,3.7,,0,0,0,,,0.9,,1.5,2.9,,,,,,,,,,,,,,,,,,,,,,,,,,,
Petre_et_al_2022,CCA,Surface Water,35.889845,-79.482469,,7/15/2019,,Unnamed_SPE_LCMS_MS,,,0.9,,5.8,0,0.3,1.6,2.9,3.5,,0,0,0,,,1,,1.7,3.5,,,,,,,,,,,,,,,,,,,,,,,,,,,
Petre_et_al_2022,CCA,Surface Water,35.889845,-79.482469,,7/22/2019,,Unnamed_SPE_LCMS_MS,,,1.6,,6.7,0.1,0.3,1.5,3.4,6,,0,0,0,,,1.5,,2,3.2,,,,,,,,,,,,,,,,,,,,,,,,,,,
Petre_et_al_2022,CCA,Surface Water,35.889845,-79.482469,,7/29/2019,,Unnamed_SPE_LCMS_MS,,,0.8,,5.6,0,0.2,1.6,2.6,4.4,,0,0,0,,,0.8,,1.4,2.8,,,,,,,,,,,,,,,,,,,,,,,,,,,
Petre_et_al_2022,CCA,Surface Water,35.889845,-79.482469,,8/5/2019,,Unnamed_SPE_LCMS_MS,,,0,,4.1,0,0.2,1,2.2,2.5,,0,0,0,,,0.7,,1.9,1.9,,,,,,,,,,,,,,,,,,,,,,,,,,,
Petre_et_al_2022,CCA,Surface Water,35.889845,-79.482469,,8/12/2019,,Unnamed_SPE_LCMS_MS,,,1.5,,7,0,0.3,2.2,4.6,5.5,,0,0,0.1,,,1.5,,1.6,4.7,,,,,,,,,,,,,,,,,,,,,,,,,,,
Petre_et_al_2022,CCA,Surface Water,35.889845,-79.482469,,8/19/2019,,Unnamed_SPE_LCMS_MS,,,0.9,,5.1,0,0.2,1.1,2.3,3,,0.1,0,0.1,,,0,,2,2.4,,,,,,,,,,,,,,,,,,,,,,,,,,,
Petre_et_al_2022,CCA,Surface Water,35.889845,-79.482469,,8/26/2019,,Unnamed_SPE_LCMS_MS,,,,,,,,,,,,,,,,,,,,,,,,,,,,,,,,,,,,,,,,,,,,,,,
Petre_et_al_2022,CCA,Surface Water,35.889845,-79.482469,,9/9/2019,,Unnamed_SPE_LCMS_MS,,,0,,8.4,0,0.2,2.4,4.7,8.1,,0,0,0,,,1.2,,2.1,4.3,,,,,,,,,,,,,,,,,,,,,,,,,,,
Petre_et_al_2022,CCA,Surface Water,35.889845,-79.482469,,9/16/2019,,Unnamed_SPE_LCMS_MS,,,0,,10.4,0,0.2,3.3,5.7,10.1,,0.3,0,0,,,1.9,,2.1,6,,,,,,,,,,,,,,,,,,,,,,,,,,,
Petre_et_al_2022,CCA,Surface Water,35.889845,-79.482469,,9/23/2019,,Unnamed_SPE_LCMS_MS,,,1.2,,20.7,0,0.5,5.5,29.7,26,,0,0,0,,,26.8,,4.2,9.4,,,,,,,,,,,,,,,,,,,,,,,,,,,
Petre_et_al_2022,CCA,Surface Water,35.889845,-79.482469,,9/30/2019,,Unnamed_SPE_LCMS_MS,,,3.6,,8.9,0.3,0.6,1.7,4.5,6.4,,0.1,0,2.4,,,2,,6.4,2.3,,,,,,,,,,,,,,,,,,,,,,,,,,,
Petre_et_al_2022,CCA,Surface Water,35.889845,-79.482469,,10/7/2019,,Unnamed_SPE_LCMS_MS,,,1.4,,7.4,0.2,0.3,2.2,4.5,6.9,,0,0,0,,,1.1,,2.1,3.5,,,,,,,,,,,,,,,,,,,,,,,,,,,
Petre_et_al_2022,CCA,Surface Water,35.889845,-79.482469,,10/14/2019,,Unnamed_SPE_LCMS_MS,,,1.1,,9.8,0,0.3,3,5.9,9.9,,0,0,0,,,1.3,,4,4.3,,,,,,,,,,,,,,,,,,,,,,,,,,,
Petre_et_al_2022,CCA,Surface Water,35.889845,-79.482469,,10/21/2019,,Unnamed_SPE_LCMS_MS,,,4.2,,4.7,1.7,2,1.7,2.8,1.4,,1.6,1.7,0,,,0,,185.4,67.1,,,,,,,,,,,,,,,,,,,,,,,,,,,
Petre_et_al_2022,CCA,Surface Water,35.889845,-79.482469,,10/28/2019,,Unnamed_SPE_LCMS_MS,,,5.8,,10.3,0.9,1,0.5,7.1,6.9,,0,0,0,,,18.5,,4.8,1,,,,,,,,,,,,,,,,,,,,,,,,,,,
Petre_et_al_2022,CCA,Surface Water,35.889845,-79.482469,,11/4/2019,,Unnamed_SPE_LCMS_MS,,,0.5,,2.4,0.3,0.1,0.5,1.2,1.1,,0,0,0,,,1,,1.8,0.9,,,,,,,,,,,,,,,,,,,,,,,,,,,
Petre_et_al_2022,CCA,Surface Water,35.889845,-79.482469,,11/11/2019,,Unnamed_SPE_LCMS_MS,,,0.8,,2.6,0.4,0.2,0.5,3.1,2.5,,0,0,0,,,2,,0,1.2,,,,,,,,,,,,,,,,,,,,,,,,,,,
Petre_et_al_2022,CCA,Surface Water,35.889845,-79.482469,,12/2/2019,,Unnamed_SPE_LCMS_MS,,,0,,0.7,0,0.1,0.2,0.5,0,,0,0,0,,,0,,0.6,0.3,,,,,,,,,,,,,,,,,,,,,,,,,,,
Petre_et_al_2022,CCA,Surface Water,35.889845,-79.482469,,12/16/2019,,Unnamed_SPE_LCMS_MS,,,0,,0.8,0,0.1,0.2,0.5,0.1,,0,0,0,,,0,,0.8,0.4,,,,,,,,,,,,,,,,,,,,,,,,,,,
Petre_et_al_2022,CCA,Surface Water,35.889845,-79.482469,,1/6/2020,,Unnamed_SPE_LCMS_MS,,,0,,0.9,0,0.1,0.2,0.4,0.3,,0,0,0,,,0,,0.7,0.4,,,,,,,,,,,,,,,,,,,,,,,,,,,
Petre_et_al_2022,CCA,Surface Water,35.889845,-79.482469,,1/21/2020,,Unnamed_SPE_LCMS_MS,,,,,,,,,,,,,,,,,,,,,,,,,,,,,,,,,,,,,,,,,,,,,,,
Petre_et_al_2022,CCA,Surface Water,35.889845,-79.482469,,2/3/2020,,Unnamed_SPE_LCMS_MS,,,0,,1.8,0.2,0,0.3,1,0,,0,0,0,,,0,,15.4,0,,,,,,,,,,,,,,,,,,,,,,,,,,,
Petre_et_al_2022,CCA,Surface Water,35.889845,-79.482469,,2/17/2020,,Unnamed_SPE_LCMS_MS,,,0,,1.2,0,0.1,0.2,0.6,0.4,,0,0,0,,,0,,0.8,0.3,,,,,,,,,,,,,,,,,,,,,,,,,,,
Petre_et_al_2022,CCA,Surface Water,35.889845,-79.482469,,3/2/2020,,Unnamed_SPE_LCMS_MS,,,,,,,,,,,,,,,,,,,,,,,,,,,,,,,,,,,,,,,,,,,,,,,
Petre_et_al_2022,CCA,Surface Water,35.889845,-79.482469,,3/16/2020,,Unnamed_SPE_LCMS_MS,,,0,,2.7,0.3,0.3,0.3,0,2.2,,0,0,0,,,0,,1.5,1.5,,,,,,,,,,,,,,,,,,,,,,,,,,,
Petre_et_al_2022,CCA,Surface Water,35.889845,-79.482469,,3/30/2020,,Unnamed_SPE_LCMS_MS,,,0,,1.2,0,0.1,0.2,0,1.3,,0.1,0,0,,,0,,1.9,0.7,,,,,,,,,,,,,,,,,,,,,,,,,,,
Petre_et_al_2022,CCA,Surface Water,35.889845,-79.482469,,7/5/2020,,Unnamed_SPE_LCMS_MS,,,0,,7.9,1.3,1.2,0,22,6.5,,0,0,0.1,,,4.5,,5.5,2.8,,,,,,,,,,,,,,,,,,,,,,,,,,,
Petre_et_al_2022,CCA,Surface Water,35.889845,-79.482469,,7/12/2020,,Unnamed_SPE_LCMS_MS,,,0,,6.2,0.2,0.3,0.7,3.3,4.6,,0,0,0,,,1.4,,1.7,2.9,,,,,,,,,,,,,,,,,,,,,,,,,,,
Petre_et_al_2022,CCA,Surface Water,35.889845,-79.482469,,8/2/2020,,Unnamed_SPE_LCMS_MS,,,,,,,,,,,,,,,,,,,,,,,,,,,,,,,,,,,,,,,,,,,,,,,
Petre_et_al_2022,CCA,Surface Water,35.889845,-79.482469,,8/10/2020,,Unnamed_SPE_LCMS_MS,,,,,,,,,,,,,,,,,,,,,,,,,,,,,,,,,,,,,,,,,,,,,,,
Petre_et_al_2022,CCA,Surface Water,35.889845,-79.482469,,8/17/2020,,Unnamed_SPE_LCMS_MS,,,,,,,,,,,,,,,,,,,,,,,,,,,,,,,,,,,,,,,,,,,,,,,
Petre_et_al_2022,CCA,Surface Water,35.889845,-79.482469,,8/24/2020,,Unnamed_SPE_LCMS_MS,,,,,,,,,,,,,,,,,,,,,,,,,,,,,,,,,,,,,,,,,,,,,,,
Petre_et_al_2022,CCA,Surface Water,35.889845,-79.482469,,8/31/2020,,Unnamed_SPE_LCMS_MS,,,,,,,,,,,,,,,,,,,,,,,,,,,,,,,,,,,,,,,,,,,,,,,
Petre_et_al_2022,CCA,Surface Water,35.889845,-79.482469,,9/7/2020,,Unnamed_SPE_LCMS_MS,,,,,,,,,,,,,,,,,,,,,,,,,,,,,,,,,,,,,,,,,,,,,,,
Petre_et_al_2022,CCA,Surface Water,35.889845,-79.482469,,9/14/2020,,Unnamed_SPE_LCMS_MS,,,,,,,,,,,,,,,,,,,,,,,,,,,,,,,,,,,,,,,,,,,,,,,
Petre_et_al_2022,CCA,Surface Water,35.889845,-79.482469,,9/21/2020,,Unnamed_SPE_LCMS_MS,,,,,,,,,,,,,,,,,,,,,,,,,,,,,,,,,,,,,,,,,,,,,,,
Petre_et_al_2022,CCA,Surface Water,35.889845,-79.482469,,9/28/2020,,Unnamed_SPE_LCMS_MS,,,,,,,,,,,,,,,,,,,,,,,,,,,,,,,,,,,,,,,,,,,,,,,
Petre_et_al_2022,CCA,Surface Water,35.889845,-79.482469,,10/4/2020,,Unnamed_SPE_LCMS_MS,,,,,,,,,,,,,,,,,,,,,,,,,,,,,,,,,,,,,,,,,,,,,,,
Petre_et_al_2022,CCA,Surface Water,35.889845,-79.482469,,1/20/2020,,Unnamed_SPE_LCMS_MS,,,0,,1.5,0,0,0.2,0.6,0.7,,0,0.2,0,,,1.5,,0.7,1.5,,,,,,,,,,,,,,,,,,,,,,,,,,,
Petre_et_al_2022,CCA,Surface Water,35.889845,-79.482469,,4/14/2020,,Unnamed_SPE_LCMS_MS,,,,,,,,,,,,,,,,,,,,,,,,,,,,,,,,,,,,,,,,,,,,,,,
Petre_et_al_2022,CCA,Surface Water,35.889845,-79.482469,,4/27/2020,,Unnamed_SPE_LCMS_MS,,,,,,,,,,,,,,,,,,,,,,,,,,,,,,,,,,,,,,,,,,,,,,,
Petre_et_al_2022,CCA,Surface Water,35.889845,-79.482469,,5/3/2020,,Unnamed_SPE_LCMS_MS,,,,,,,,,,,,,,,,,,,,,,,,,,,,,,,,,,,,,,,,,,,,,,,
Petre_et_al_2022,CCA,Surface Water,35.889845,-79.482469,,5/11/2020,,Unnamed_SPE_LCMS_MS,,,,,,,,,,,,,,,,,,,,,,,,,,,,,,,,,,,,,,,,,,,,,,,
Petre_et_al_2022,CCA,Surface Water,35.889845,-79.482469,,5/18/2020,,Unnamed_SPE_LCMS_MS,,,,,,,,,,,,,,,,,,,,,,,,,,,,,,,,,,,,,,,,,,,,,,,
Petre_et_al_2022,CCA,Surface Water,35.889845,-79.482469,,5/25/2020,,Unnamed_SPE_LCMS_MS,,,,,,,,,,,,,,,,,,,,,,,,,,,,,,,,,,,,,,,,,,,,,,,
Petre_et_al_2022,CCA,Surface Water,35.889845,-79.482469,,6/1/2020,,Unnamed_SPE_LCMS_MS,,,,,,,,,,,,,,,,,,,,,,,,,,,,,,,,,,,,,,,,,,,,,,,
Petre_et_al_2022,CCA,Surface Water,35.889845,-79.482469,,6/8/2020,,Unnamed_SPE_LCMS_MS,,,,,,,,,,,,,,,,,,,,,,,,,,,,,,,,,,,,,,,,,,,,,,,
Petre_et_al_2022,CCA,Surface Water,35.889845,-79.482469,,6/14/2020,,Unnamed_SPE_LCMS_MS,,,,,,,,,,,,,,,,,,,,,,,,,,,,,,,,,,,,,,,,,,,,,,,
Petre_et_al_2022,CCA,Surface Water,35.889845,-79.482469,,6/22/2020,,Unnamed_SPE_LCMS_MS,,,,,,,,,,,,,,,,,,,,,,,,,,,,,,,,,,,,,,,,,,,,,,,
Petre_et_al_2022,CCA,Surface Water,35.889845,-79.482469,,6/29/2020,,Unnamed_SPE_LCMS_MS,,,0,,5.4,0.3,0.3,0,3.4,3.8,,0.2,0,0,,,2,,2.1,1.9,,,,,,,,,,,,,,,,,,,,,,,,,,,
Petre_et_al_2022,CCA,Surface Water,35.889845,-79.482469,,7/20/2020,,Unnamed_SPE_LCMS_MS,,,,,,,,,,,,,,,,,,,,,,,,,,,,,,,,,,,,,,,,,,,,,,,
Petre_et_al_2022,CCA,Surface Water,35.889845,-79.482469,,7/27/2020,,Unnamed_SPE_LCMS_MS,,,,,,,,,,,,,,,,,,,,,,,,,,,,,,,,,,,,,,,,,,,,,,,
Petre_et_al_2022,CCB,Surface Water,35.889767,-79.429606,,6/10/2019,,Unnamed_SPE_LCMS_MS,,,,,,,,,,,,,0,13.2,,,,,,,,,,,,,,,,,,,,,,,,,,,,,,,,,
Petre_et_al_2022,CCB,Surface Water,35.889767,-79.429606,,6/17/2019,,Unnamed_SPE_LCMS_MS,,,32.1,,46.9,0.6,2,11,24.1,23.5,,0,0,0.2,,,13.2,,5.2,6,,,,,,,,,,,,,,,,,,,,,,,,,,,
Petre_et_al_2022,CCB,Surface Water,35.889767,-79.429606,,6/24/2019,,Unnamed_SPE_LCMS_MS,,,30,,39.1,0.7,1.9,8.9,22.8,17.2,,0.5,0.4,0.7,,,11.6,,5.2,4.6,,,,,,,,,,,,,,,,,,,,,,,,,,,
Petre_et_al_2022,CCB,Surface Water,35.889767,-79.429606,,7/1/2019,,Unnamed_SPE_LCMS_MS,,,27.4,,38.7,0.7,1.8,7.4,26.6,22.5,,0.5,0.5,0.6,,,12.9,,5.2,5.2,,,,,,,,,,,,,,,,,,,,,,,,,,,
Petre_et_al_2022,CCB,Surface Water,35.889767,-79.429606,,7/8/2019,,Unnamed_SPE_LCMS_MS,,,27.5,,42.6,0.4,1.6,9.2,27.6,25.1,,0,0,0.1,,,14.9,,5.7,5.8,,,,,,,,,,,,,,,,,,,,,,,,,,,
Petre_et_al_2022,CCB,Surface Water,35.889767,-79.429606,,7/15/2019,,Unnamed_SPE_LCMS_MS,,,29.2,,27.8,0.4,1.4,5,19.3,17.6,,0,0,0.1,,,11.4,,4.9,3.6,,,,,,,,,,,,,,,,,,,,,,,,,,,
Petre_et_al_2022,CCB,Surface Water,35.889767,-79.429606,,7/22/2019,,Unnamed_SPE_LCMS_MS,,,32.2,,42.1,0.5,1.6,5,35.3,36.9,,0.1,0,0.1,,,23.2,,7.4,6.7,,,,,,,,,,,,,,,,,,,,,,,,,,,
Petre_et_al_2022,CCB,Surface Water,35.889767,-79.429606,,7/29/2019,,Unnamed_SPE_LCMS_MS,,,14.1,,21.4,0.2,0.9,3.3,15.8,15.1,,0,0,0.1,,,8.1,,4.2,2.4,,,,,,,,,,,,,,,,,,,,,,,,,,,
Petre_et_al_2022,CCB,Surface Water,35.889767,-79.429606,,8/5/2019,,Unnamed_SPE_LCMS_MS,,,16.2,,22.8,0.3,0.9,5.5,15.5,12.2,,0.1,0,0,,,8.6,,4.4,3.7,,,,,,,,,,,,,,,,,,,,,,,,,,,
Petre_et_al_2022,CCB,Surface Water,35.889767,-79.429606,,8/12/2019,,Unnamed_SPE_LCMS_MS,,,17.6,,23.3,0.3,0.8,5.4,16.1,13.2,,0.1,0,0,,,8.2,,4,3.8,,,,,,,,,,,,,,,,,,,,,,,,,,,
Petre_et_al_2022,CCB,Surface Water,35.889767,-79.429606,,8/19/2019,,Unnamed_SPE_LCMS_MS,,,17.6,,23.3,0,1,6.6,14.6,15.2,,0.1,0,0,,,7.6,,3.7,3.6,,,,,,,,,,,,,,,,,,,,,,,,,,,
Petre_et_al_2022,CCB,Surface Water,35.889767,-79.429606,,8/26/2019,,Unnamed_SPE_LCMS_MS,,,,,,,,,,,,,,,,,,,,,,,,,,,,,,,,,,,,,,,,,,,,,,,
Petre_et_al_2022,CCB,Surface Water,35.889767,-79.429606,,9/9/2019,,Unnamed_SPE_LCMS_MS,,,11.2,,23.3,0.2,0.8,3.7,20.2,19.6,,0.1,0,0,,,11.2,,4.8,3.2,,,,,,,,,,,,,,,,,,,,,,,,,,,
Petre_et_al_2022,CCB,Surface Water,35.889767,-79.429606,,9/16/2019,,Unnamed_SPE_LCMS_MS,,,14.1,,23.8,0.4,1,4,20.4,20.4,,0.1,0,0,,,11.1,,5,3.4,,,,,,,,,,,,,,,,,,,,,,,,,,,
Petre_et_al_2022,CCB,Surface Water,35.889767,-79.429606,,9/23/2019,,Unnamed_SPE_LCMS_MS,,,11.4,,22.4,0.3,0.9,3.8,19,18,,0,0,0,,,11,,4.6,3.3,,,,,,,,,,,,,,,,,,,,,,,,,,,
Petre_et_al_2022,CCB,Surface Water,35.889767,-79.429606,,9/30/2019,,Unnamed_SPE_LCMS_MS,,,7.4,,12.2,0.6,0.9,1.4,13.1,11.5,,0.1,0,0.5,,,6.8,,6.1,1.4,,,,,,,,,,,,,,,,,,,,,,,,,,,
Petre_et_al_2022,CCB,Surface Water,35.889767,-79.429606,,10/7/2019,,Unnamed_SPE_LCMS_MS,,,8.5,,17.6,0.6,1,2,17.2,15.2,,0,0,0,,,8.1,,7.3,2,,,,,,,,,,,,,,,,,,,,,,,,,,,
Petre_et_al_2022,CCB,Surface Water,35.889767,-79.429606,,10/14/2019,,Unnamed_SPE_LCMS_MS,,,5.5,,18.2,0,0.7,2.2,18.7,17.6,,0,0,0,,,9.5,,7.4,5.1,,,,,,,,,,,,,,,,,,,,,,,,,,,
Petre_et_al_2022,CCB,Surface Water,35.889767,-79.429606,,10/21/2019,,Unnamed_SPE_LCMS_MS,,,23.7,,25.1,2.6,2.6,8.2,12.8,11.9,,1.7,1.6,0,,,4.3,,189.9,70.8,,,,,,,,,,,,,,,,,,,,,,,,,,,
Petre_et_al_2022,CCB,Surface Water,35.889767,-79.429606,,10/28/2019,,Unnamed_SPE_LCMS_MS,,,6.2,,8.7,0,0.6,0.5,7.2,5.7,,0,0,0,,,8.3,,4.3,1,,,,,,,,,,,,,,,,,,,,,,,,,,,
Petre_et_al_2022,CCB,Surface Water,35.889767,-79.429606,,11/4/2019,,Unnamed_SPE_LCMS_MS,,,11.3,,14.2,0.4,0.7,3.2,9.5,6.2,,0,0,0.2,,,5.7,,4.7,2.2,,,,,,,,,,,,,,,,,,,,,,,,,,,
Petre_et_al_2022,CCB,Surface Water,35.889767,-79.429606,,11/4/2019,,Unnamed_SPE_LCMS_MS,,,11.3,,14.2,0.4,0.7,3.2,9.5,6.2,,0,0,0.2,,,5.7,,4.7,2.2,,,,,,,,,,,,,,,,,,,,,,,,,,,
Petre_et_al_2022,CCB,Surface Water,35.889767,-79.429606,,11/11/2019,,Unnamed_SPE_LCMS_MS,,,5.9,,12.8,0.3,0.5,2.6,10.1,8.6,,0,0,0,,,6.8,,3.6,2.8,,,,,,,,,,,,,,,,,,,,,,,,,,,
Petre_et_al_2022,CCB,Surface Water,35.889767,-79.429606,,12/2/2019,,Unnamed_SPE_LCMS_MS,,,14.4,,20.4,0.2,0.8,6.6,7.1,6.8,,0,0,0,,,2.1,,2.3,1.9,,,,,,,,,,,,,,,,,,,,,,,,,,,
Petre_et_al_2022,CCB,Surface Water,35.889767,-79.429606,,12/16/2019,,Unnamed_SPE_LCMS_MS,,,45.7,,36.2,0.4,1.8,11.5,11.6,10.5,,0,0,0,,,3.5,,2.3,2.6,,,,,,,,,,,,,,,,,,,,,,,,,,,
Petre_et_al_2022,CCB,Surface Water,35.889767,-79.429606,,1/6/2020,,Unnamed_SPE_LCMS_MS,,,47.6,,40.6,0.2,1.8,14.7,12,11.5,,0,0,0,,,3.2,,2.2,2.8,,,,,,,,,,,,,,,,,,,,,,,,,,,
Petre_et_al_2022,CCB,Surface Water,35.889767,-79.429606,,1/21/2020,,Unnamed_SPE_LCMS_MS,,,,,,,,,,,,,,,,,,,,,,,,,,,,,,,,,,,,,,,,,,,,,,,
Petre_et_al_2022,CCB,Surface Water,35.889767,-79.429606,,2/3/2020,,Unnamed_SPE_LCMS_MS,,,90.5,,51.1,0.8,2.6,15.7,14.3,18.2,,0.1,0,0,,,4.1,,14.4,2.7,,,,,,,,,,,,,,,,,,,,,,,,,,,
Petre_et_al_2022,CCB,Surface Water,35.889767,-79.429606,,2/17/2020,,Unnamed_SPE_LCMS_MS,,,73.5,,42,0.4,1.9,13.3,13.5,14.7,,0,0,0,,,3.6,,3.8,1.9,,,,,,,,,,,,,,,,,,,,,,,,,,,
Petre_et_al_2022,CCB,Surface Water,35.889767,-79.429606,,3/2/2020,,Unnamed_SPE_LCMS_MS,,,,,,,,,,,,,,,,,,,,,,,,,,,,,,,,,,,,,,,,,,,,,,,
Petre_et_al_2022,CCB,Surface Water,35.889767,-79.429606,,3/16/2020,,Unnamed_SPE_LCMS_MS,,,59.8,,46.2,0.2,1.8,12.5,15.2,21.4,,0,0,0,,,14.3,,0,4,,,,,,,,,,,,,,,,,,,,,,,,,,,
Petre_et_al_2022,CCB,Surface Water,35.889767,-79.429606,,3/30/2020,,Unnamed_SPE_LCMS_MS,,,42.2,,31.2,0.2,1.3,9.5,8.8,12.6,,0,0,0,,,11.3,,2.7,3.1,,,,,,,,,,,,,,,,,,,,,,,,,,,
Petre_et_al_2022,CCB,Surface Water,35.889767,-79.429606,,7/5/2020,,Unnamed_SPE_LCMS_MS,,,110.8,,55.6,0.7,3.3,12.9,29.9,27.5,,0,0,0,,,17.3,,6.1,8.3,,,,,,,,,,,,,,,,,,,,,,,,,,,
Petre_et_al_2022,CCB,Surface Water,35.889767,-79.429606,,7/12/2020,,Unnamed_SPE_LCMS_MS,,,62.9,,48.7,0.7,2.6,9.5,29.5,26.5,,0,0,0,,,31.1,,6.1,5.8,,,,,,,,,,,,,,,,,,,,,,,,,,,
Petre_et_al_2022,CCB,Surface Water,35.889767,-79.429606,,8/2/2020,,Unnamed_SPE_LCMS_MS,,,,,,,,,,,,,,,,,,,,,,,,,,,,,,,,,,,,,,,,,,,,,,,
Petre_et_al_2022,CCB,Surface Water,35.889767,-79.429606,,8/10/2020,,Unnamed_SPE_LCMS_MS,,,,,,,,,,,,,,,,,,,,,,,,,,,,,,,,,,,,,,,,,,,,,,,
Petre_et_al_2022,CCB,Surface Water,35.889767,-79.429606,,8/17/2020,,Unnamed_SPE_LCMS_MS,,,,,,,,,,,,,,,,,,,,,,,,,,,,,,,,,,,,,,,,,,,,,,,
Petre_et_al_2022,CCB,Surface Water,35.889767,-79.429606,,8/24/2020,,Unnamed_SPE_LCMS_MS,,,,,,,,,,,,,,,,,,,,,,,,,,,,,,,,,,,,,,,,,,,,,,,
Petre_et_al_2022,CCB,Surface Water,35.889767,-79.429606,,8/31/2020,,Unnamed_SPE_LCMS_MS,,,,,,,,,,,,,,,,,,,,,,,,,,,,,,,,,,,,,,,,,,,,,,,
Petre_et_al_2022,CCB,Surface Water,35.889767,-79.429606,,9/7/2020,,Unnamed_SPE_LCMS_MS,,,,,,,,,,,,,,,,,,,,,,,,,,,,,,,,,,,,,,,,,,,,,,,
Petre_et_al_2022,CCB,Surface Water,35.889767,-79.429606,,9/14/2020,,Unnamed_SPE_LCMS_MS,,,,,,,,,,,,,,,,,,,,,,,,,,,,,,,,,,,,,,,,,,,,,,,
Petre_et_al_2022,CCB,Surface Water,35.889767,-79.429606,,9/21/2020,,Unnamed_SPE_LCMS_MS,,,,,,,,,,,,,,,,,,,,,,,,,,,,,,,,,,,,,,,,,,,,,,,
Petre_et_al_2022,CCB,Surface Water,35.889767,-79.429606,,9/28/2020,,Unnamed_SPE_LCMS_MS,,,,,,,,,,,,,,,,,,,,,,,,,,,,,,,,,,,,,,,,,,,,,,,
Petre_et_al_2022,CCB,Surface Water,35.889767,-79.429606,,10/4/2020,,Unnamed_SPE_LCMS_MS,,,,,,,,,,,,,,,,,,,,,,,,,,,,,,,,,,,,,,,,,,,,,,,
Petre_et_al_2022,CCB,Surface Water,35.889767,-79.429606,,1/20/2020,,Unnamed_SPE_LCMS_MS,,,62.3,,51.9,0.3,2,16.8,17.3,16.8,,0,0.2,0,,,6.9,,3.2,5.4,,,,,,,,,,,,,,,,,,,,,,,,,,,
Petre_et_al_2022,CCB,Surface Water,35.889767,-79.429606,,4/14/2020,,Unnamed_SPE_LCMS_MS,,,,,,,,,,,,,,,,,,,,,,,,,,,,,,,,,,,,,,,,,,,,,,,
Petre_et_al_2022,CCB,Surface Water,35.889767,-79.429606,,4/27/2020,,Unnamed_SPE_LCMS_MS,,,,,,,,,,,,,,,,,,,,,,,,,,,,,,,,,,,,,,,,,,,,,,,
Petre_et_al_2022,CCB,Surface Water,35.889767,-79.429606,,5/3/2020,,Unnamed_SPE_LCMS_MS,,,,,,,,,,,,,,,,,,,,,,,,,,,,,,,,,,,,,,,,,,,,,,,
Petre_et_al_2022,CCB,Surface Water,35.889767,-79.429606,,5/11/2020,,Unnamed_SPE_LCMS_MS,,,,,,,,,,,,,,,,,,,,,,,,,,,,,,,,,,,,,,,,,,,,,,,
Petre_et_al_2022,CCB,Surface Water,35.889767,-79.429606,,5/18/2020,,Unnamed_SPE_LCMS_MS,,,,,,,,,,,,,,,,,,,,,,,,,,,,,,,,,,,,,,,,,,,,,,,
Petre_et_al_2022,CCB,Surface Water,35.889767,-79.429606,,5/25/2020,,Unnamed_SPE_LCMS_MS,,,,,,,,,,,,,,,,,,,,,,,,,,,,,,,,,,,,,,,,,,,,,,,
Petre_et_al_2022,CCB,Surface Water,35.889767,-79.429606,,6/1/2020,,Unnamed_SPE_LCMS_MS,,,,,,,,,,,,,,,,,,,,,,,,,,,,,,,,,,,,,,,,,,,,,,,
Petre_et_al_2022,CCB,Surface Water,35.889767,-79.429606,,6/8/2020,,Unnamed_SPE_LCMS_MS,,,,,,,,,,,,,,,,,,,,,,,,,,,,,,,,,,,,,,,,,,,,,,,
Petre_et_al_2022,CCB,Surface Water,35.889767,-79.429606,,6/14/2020,,Unnamed_SPE_LCMS_MS,,,,,,,,,,,,,,,,,,,,,,,,,,,,,,,,,,,,,,,,,,,,,,,
Petre_et_al_2022,CCB,Surface Water,35.889767,-79.429606,,6/22/2020,,Unnamed_SPE_LCMS_MS,,,,,,,,,,,,,,,,,,,,,,,,,,,,,,,,,,,,,,,,,,,,,,,
Petre_et_al_2022,CCB,Surface Water,35.889767,-79.429606,,6/29/2020,,Unnamed_SPE_LCMS_MS,,,74,,67.4,1,3.2,11.1,33.7,31.1,,0,0,0,,,24.2,,7.1,6.2,,,,,,,,,,,,,,,,,,,,,,,,,,,
Petre_et_al_2022,CCB,Surface Water,35.889767,-79.429606,,7/20/2020,,Unnamed_SPE_LCMS_MS,,,,,,,,,,,,,,,,,,,,,,,,,,,,,,,,,,,,,,,,,,,,,,,
Petre_et_al_2022,CCB,Surface Water,35.889767,-79.429606,,7/27/2020,,Unnamed_SPE_LCMS_MS,,,,,,,,,,,,,,,,,,,,,,,,,,,,,,,,,,,,,,,,,,,,,,,
Petre_et_al_2022,CCC,Surface Water,35.900965,-79.384382,,6/10/2019,,Unnamed_SPE_LCMS_MS,,,33.9,,34.8,0.7,2.3,5.3,25.6,21.4,,0.1,0,12.1,,,16.8,,7.7,2.4,,,,,,,,,,,,,,,,,,,,,,,,,,,
Petre_et_al_2022,CCC,Surface Water,35.900965,-79.384382,,6/17/2019,,Unnamed_SPE_LCMS_MS,,,20.6,,37.2,0.7,1.9,5.9,23,20.4,,0.3,0,0,,,12.1,,5.5,3.7,,,,,,,,,,,,,,,,,,,,,,,,,,,
Petre_et_al_2022,CCC,Surface Water,35.900965,-79.384382,,6/24/2019,,Unnamed_SPE_LCMS_MS,,,20.4,,38.3,1.1,2.5,6.4,23.2,19.5,,0.5,0.7,0.7,,,17.9,,7.1,4.6,,,,,,,,,,,,,,,,,,,,,,,,,,,
Petre_et_al_2022,CCC,Surface Water,35.900965,-79.384382,,7/1/2019,,Unnamed_SPE_LCMS_MS,,,20.8,,39.4,1,2.3,6.6,26.7,22.9,,0.5,0.4,0.7,,,13.1,,6.5,4.4,,,,,,,,,,,,,,,,,,,,,,,,,,,
Petre_et_al_2022,CCC,Surface Water,35.900965,-79.384382,,7/8/2019,,Unnamed_SPE_LCMS_MS,,,20.1,,38.1,1,2.2,4.9,25.5,22.3,,0.1,0,0,,,13.6,,6.8,3.8,,,,,,,,,,,,,,,,,,,,,,,,,,,
Petre_et_al_2022,CCC,Surface Water,35.900965,-79.384382,,7/15/2019,,Unnamed_SPE_LCMS_MS,,,21.9,,69.7,1.1,4,5.1,56.3,50.1,,0.1,0,0.1,,,38.3,,15.5,6,,,,,,,,,,,,,,,,,,,,,,,,,,,
Petre_et_al_2022,CCC,Surface Water,35.900965,-79.384382,,7/22/2019,,Unnamed_SPE_LCMS_MS,,,42.3,,133.3,1.1,4.4,24.6,62.8,105.2,,0.2,0,0.1,,,49,,15.3,18.7,,,,,,,,,,,,,,,,,,,,,,,,,,,
Petre_et_al_2022,CCC,Surface Water,35.900965,-79.384382,,7/29/2019,,Unnamed_SPE_LCMS_MS,,,10,,21,1,1.9,2.5,16.3,15.3,,0,0,0,,,8.9,,5.7,2.1,,,,,,,,,,,,,,,,,,,,,,,,,,,
Petre_et_al_2022,CCC,Surface Water,35.900965,-79.384382,,8/5/2019,,Unnamed_SPE_LCMS_MS,,,9.3,,14.9,0.7,1.1,2,10.4,8.7,,0.1,0,0,,,5.5,,4.5,2.3,,,,,,,,,,,,,,,,,,,,,,,,,,,
Petre_et_al_2022,CCC,Surface Water,35.900965,-79.384382,,8/12/2019,,Unnamed_SPE_LCMS_MS,,,10.5,,19.9,1,1.5,2.5,16.2,13.4,,0,0,0,,,8.5,,5.4,2.9,,,,,,,,,,,,,,,,,,,,,,,,,,,
Petre_et_al_2022,CCC,Surface Water,35.900965,-79.384382,,8/19/2019,,Unnamed_SPE_LCMS_MS,,,8.3,,18.4,0.5,1.2,2.2,13,13,,0.1,0,0,,,7.1,,4.6,2.4,,,,,,,,,,,,,,,,,,,,,,,,,,,
Petre_et_al_2022,CCC,Surface Water,35.900965,-79.384382,,8/26/2019,,Unnamed_SPE_LCMS_MS,,,,,,,,,,,,,,,,,,,,,,,,,,,,,,,,,,,,,,,,,,,,,,,
Petre_et_al_2022,CCC,Surface Water,35.900965,-79.384382,,9/9/2019,,Unnamed_SPE_LCMS_MS,,,8.4,,23.6,0.9,1.6,2.8,18.1,17.6,,0,0,0,,,9.9,,5.8,2.6,,,,,,,,,,,,,,,,,,,,,,,,,,,
Petre_et_al_2022,CCC,Surface Water,35.900965,-79.384382,,9/16/2019,,Unnamed_SPE_LCMS_MS,,,9,,23.6,0.9,1.7,2.6,18.7,19.5,,0,0,0,,,9.6,,5.8,2.6,,,,,,,,,,,,,,,,,,,,,,,,,,,
Petre_et_al_2022,CCC,Surface Water,35.900965,-79.384382,,9/23/2019,,Unnamed_SPE_LCMS_MS,,,6.9,,21.5,0.7,1.5,2.7,16.3,17.4,,0.1,0,0,,,8.7,,5.4,2.7,,,,,,,,,,,,,,,,,,,,,,,,,,,
Petre_et_al_2022,CCC,Surface Water,35.900965,-79.384382,,9/30/2019,,Unnamed_SPE_LCMS_MS,,,,,,,,,,,,,,,,,,,,,,,,,,,,,,,,,,,,,,,,,,,,,,,
Petre_et_al_2022,CCC,Surface Water,35.900965,-79.384382,,10/7/2019,,Unnamed_SPE_LCMS_MS,,,13.6,,31.1,1.9,2.5,2.8,28.6,26,,0.1,0,0,,,16.2,,10.9,3.2,,,,,,,,,,,,,,,,,,,,,,,,,,,
Petre_et_al_2022,CCC,Surface Water,35.900965,-79.384382,,10/14/2019,,Unnamed_SPE_LCMS_MS,,,10.7,,29.4,1.8,2.5,2.9,25.3,24,,0.1,0,0,,,16.8,,13.5,5.8,,,,,,,,,,,,,,,,,,,,,,,,,,,
Petre_et_al_2022,CCC,Surface Water,35.900965,-79.384382,,10/21/2019,,Unnamed_SPE_LCMS_MS,,,10.9,,32,2.5,3.6,3.3,30.7,26.2,,1.6,1.7,0,,,16.2,,185.4,66,,,,,,,,,,,,,,,,,,,,,,,,,,,
Petre_et_al_2022,CCC,Surface Water,35.900965,-79.384382,,10/28/2019,,Unnamed_SPE_LCMS_MS,,,1.4,,5.7,0.6,0.3,0.9,2.5,2.2,,0,0,0,,,2.2,,2.1,1.7,,,,,,,,,,,,,,,,,,,,,,,,,,,
Petre_et_al_2022,CCC,Surface Water,35.900965,-79.384382,,11/4/2019,,Unnamed_SPE_LCMS_MS,,,5.3,,13,0.7,0.8,1.5,10.4,6.8,,0,0,0,,,4.8,,6.1,1.5,,,,,,,,,,,,,,,,,,,,,,,,,,,
Petre_et_al_2022,CCC,Surface Water,35.900965,-79.384382,,11/11/2019,,Unnamed_SPE_LCMS_MS,,,5.7,,13.7,0.6,0.7,2.2,13.3,9.2,,0,0,0.1,,,7.4,,8.6,1.9,,,,,,,,,,,,,,,,,,,,,,,,,,,
Petre_et_al_2022,CCC,Surface Water,35.900965,-79.384382,,12/2/2019,,Unnamed_SPE_LCMS_MS,,,8.6,,17.4,0.7,1.8,2.6,12.1,8.3,,0,0,0,,,4.7,,4.9,1.2,,,,,,,,,,,,,,,,,,,,,,,,,,,
Petre_et_al_2022,CCC,Surface Water,35.900965,-79.384382,,12/16/2019,,Unnamed_SPE_LCMS_MS,,,14.6,,26.1,0.3,1.6,5.1,14.8,11.4,,0,0,0,,,4.4,,3.6,1.6,,,,,,,,,,,,,,,,,,,,,,,,,,,
Petre_et_al_2022,CCC,Surface Water,35.900965,-79.384382,,1/6/2020,,Unnamed_SPE_LCMS_MS,,,24.8,,31.7,0.8,2.2,6.1,17.8,12.8,,0,0,0,,,5.8,,4.4,1.9,,,,,,,,,,,,,,,,,,,,,,,,,,,
Petre_et_al_2022,CCC,Surface Water,35.900965,-79.384382,,1/21/2020,,Unnamed_SPE_LCMS_MS,,,,,,,,,,,,,,,,,,,,,,,,,,,,,,,,,,,,,,,,,,,,,,,
Petre_et_al_2022,CCC,Surface Water,35.900965,-79.384382,,2/3/2020,,Unnamed_SPE_LCMS_MS,,,24.9,,34.4,0.6,1.8,7.3,19.1,13.3,,0,0.2,0.1,,,8.3,,4.9,3.2,,,,,,,,,,,,,,,,,,,,,,,,,,,
Petre_et_al_2022,CCC,Surface Water,35.900965,-79.384382,,2/17/2020,,Unnamed_SPE_LCMS_MS,,,33.8,,36.1,0.5,2.3,6.5,19.6,18.9,,0,0,0,,,6.9,,3.7,1.4,,,,,,,,,,,,,,,,,,,,,,,,,,,
Petre_et_al_2022,CCC,Surface Water,35.900965,-79.384382,,3/2/2020,,Unnamed_SPE_LCMS_MS,,,,,,,,,,,,,,,,,,,,,,,,,,,,,,,,,,,,,,,,,,,,,,,
Petre_et_al_2022,CCC,Surface Water,35.900965,-79.384382,,3/16/2020,,Unnamed_SPE_LCMS_MS,,,28.6,,49.7,0.4,2.2,7.3,24.4,34.1,,0,0,0,,,33,,5.3,3.6,,,,,,,,,,,,,,,,,,,,,,,,,,,
Petre_et_al_2022,CCC,Surface Water,35.900965,-79.384382,,3/30/2020,,Unnamed_SPE_LCMS_MS,,,22,,28.1,0.4,1.4,5.5,12.4,15,,0,0,0,,,17,,3.8,2.8,,,,,,,,,,,,,,,,,,,,,,,,,,,
Petre_et_al_2022,CCC,Surface Water,35.900965,-79.384382,,7/5/2020,,Unnamed_SPE_LCMS_MS,,,73.8,,68.2,1.3,4.2,12.1,44.2,42.2,,0,0,0,,,31.1,,10.6,11.2,,,,,,,,,,,,,,,,,,,,,,,,,,,
Petre_et_al_2022,CCC,Surface Water,35.900965,-79.384382,,7/12/2020,,Unnamed_SPE_LCMS_MS,,,41,,59.7,1.2,4.1,6.8,43.2,36.8,,0.1,0,0,,,34.2,,10.6,5.5,,,,,,,,,,,,,,,,,,,,,,,,,,,
Petre_et_al_2022,CCC,Surface Water,35.900965,-79.384382,,8/2/2020,,Unnamed_SPE_LCMS_MS,,,,,,,,,,,,,,,,,,,,,,,,,,,,,,,,,,,,,,,,,,,,,,,
Petre_et_al_2022,CCC,Surface Water,35.900965,-79.384382,,8/10/2020,,Unnamed_SPE_LCMS_MS,,,,,,,,,,,,,,,,,,,,,,,,,,,,,,,,,,,,,,,,,,,,,,,
Petre_et_al_2022,CCC,Surface Water,35.900965,-79.384382,,8/17/2020,,Unnamed_SPE_LCMS_MS,,,,,,,,,,,,,,,,,,,,,,,,,,,,,,,,,,,,,,,,,,,,,,,
Petre_et_al_2022,CCC,Surface Water,35.900965,-79.384382,,8/24/2020,,Unnamed_SPE_LCMS_MS,,,,,,,,,,,,,,,,,,,,,,,,,,,,,,,,,,,,,,,,,,,,,,,
Petre_et_al_2022,CCC,Surface Water,35.900965,-79.384382,,8/31/2020,,Unnamed_SPE_LCMS_MS,,,,,,,,,,,,,,,,,,,,,,,,,,,,,,,,,,,,,,,,,,,,,,,
Petre_et_al_2022,CCC,Surface Water,35.900965,-79.384382,,9/7/2020,,Unnamed_SPE_LCMS_MS,,,,,,,,,,,,,,,,,,,,,,,,,,,,,,,,,,,,,,,,,,,,,,,
Petre_et_al_2022,CCC,Surface Water,35.900965,-79.384382,,9/14/2020,,Unnamed_SPE_LCMS_MS,,,,,,,,,,,,,,,,,,,,,,,,,,,,,,,,,,,,,,,,,,,,,,,
Petre_et_al_2022,CCC,Surface Water,35.900965,-79.384382,,9/21/2020,,Unnamed_SPE_LCMS_MS,,,,,,,,,,,,,,,,,,,,,,,,,,,,,,,,,,,,,,,,,,,,,,,
Petre_et_al_2022,CCC,Surface Water,35.900965,-79.384382,,9/28/2020,,Unnamed_SPE_LCMS_MS,,,,,,,,,,,,,,,,,,,,,,,,,,,,,,,,,,,,,,,,,,,,,,,
Petre_et_al_2022,CCC,Surface Water,35.900965,-79.384382,,10/4/2020,,Unnamed_SPE_LCMS_MS,,,,,,,,,,,,,,,,,,,,,,,,,,,,,,,,,,,,,,,,,,,,,,,
Petre_et_al_2022,CCC,Surface Water,35.900965,-79.384382,,1/20/2020,,Unnamed_SPE_LCMS_MS,,,33.9,,52.2,0.5,2.5,9.5,29.2,23.3,,0,0.3,0.1,,,13.8,,7.2,4.7,,,,,,,,,,,,,,,,,,,,,,,,,,,
Petre_et_al_2022,CCC,Surface Water,35.900965,-79.384382,,4/14/2020,,Unnamed_SPE_LCMS_MS,,,,,,,,,,,,,,,,,,,,,,,,,,,,,,,,,,,,,,,,,,,,,,,
Petre_et_al_2022,CCC,Surface Water,35.900965,-79.384382,,4/27/2020,,Unnamed_SPE_LCMS_MS,,,,,,,,,,,,,,,,,,,,,,,,,,,,,,,,,,,,,,,,,,,,,,,
Petre_et_al_2022,CCC,Surface Water,35.900965,-79.384382,,5/3/2020,,Unnamed_SPE_LCMS_MS,,,,,,,,,,,,,,,,,,,,,,,,,,,,,,,,,,,,,,,,,,,,,,,
Petre_et_al_2022,CCC,Surface Water,35.900965,-79.384382,,5/11/2020,,Unnamed_SPE_LCMS_MS,,,,,,,,,,,,,,,,,,,,,,,,,,,,,,,,,,,,,,,,,,,,,,,
Petre_et_al_2022,CCC,Surface Water,35.900965,-79.384382,,5/18/2020,,Unnamed_SPE_LCMS_MS,,,,,,,,,,,,,,,,,,,,,,,,,,,,,,,,,,,,,,,,,,,,,,,
Petre_et_al_2022,CCC,Surface Water,35.900965,-79.384382,,5/25/2020,,Unnamed_SPE_LCMS_MS,,,,,,,,,,,,,,,,,,,,,,,,,,,,,,,,,,,,,,,,,,,,,,,
Petre_et_al_2022,CCC,Surface Water,35.900965,-79.384382,,6/1/2020,,Unnamed_SPE_LCMS_MS,,,,,,,,,,,,,,,,,,,,,,,,,,,,,,,,,,,,,,,,,,,,,,,
Petre_et_al_2022,CCC,Surface Water,35.900965,-79.384382,,6/8/2020,,Unnamed_SPE_LCMS_MS,,,,,,,,,,,,,,,,,,,,,,,,,,,,,,,,,,,,,,,,,,,,,,,
Petre_et_al_2022,CCC,Surface Water,35.900965,-79.384382,,6/14/2020,,Unnamed_SPE_LCMS_MS,,,,,,,,,,,,,,,,,,,,,,,,,,,,,,,,,,,,,,,,,,,,,,,
Petre_et_al_2022,CCC,Surface Water,35.900965,-79.384382,,6/22/2020,,Unnamed_SPE_LCMS_MS,,,,,,,,,,,,,,,,,,,,,,,,,,,,,,,,,,,,,,,,,,,,,,,
Petre_et_al_2022,CCC,Surface Water,35.900965,-79.384382,,6/29/2020,,Unnamed_SPE_LCMS_MS,,,43.3,,68.1,1.4,4.3,7.2,40.8,33.3,,0.1,0,0,,,26.5,,10.9,5.6,,,,,,,,,,,,,,,,,,,,,,,,,,,
Petre_et_al_2022,CCC,Surface Water,35.900965,-79.384382,,7/20/2020,,Unnamed_SPE_LCMS_MS,,,,,,,,,,,,,,,,,,,,,,,,,,,,,,,,,,,,,,,,,,,,,,,
Petre_et_al_2022,CCC,Surface Water,35.900965,-79.384382,,7/27/2020,,Unnamed_SPE_LCMS_MS,,,,,,,,,,,,,,,,,,,,,,,,,,,,,,,,,,,,,,,,,,,,,,,
Petre_et_al_2022,CCD,Surface Water,35.888924,-79.34655,,6/10/2019,,Unnamed_SPE_LCMS_MS,,,,,,,,,,,,,0,14,,,,,,,,,,,,,,,,,,,,,,,,,,,,,,,,,
Petre_et_al_2022,CCD,Surface Water,35.888924,-79.34655,,6/17/2019,,Unnamed_SPE_LCMS_MS,,,31.7,,65.5,1,3.3,13.1,31,28.8,,0.2,0,0.1,,,14,,7.4,5.7,,,,,,,,,,,,,,,,,,,,,,,,,,,
Petre_et_al_2022,CCD,Surface Water,35.888924,-79.34655,,6/24/2019,,Unnamed_SPE_LCMS_MS,,,28.2,,55.3,1.2,3.1,10.7,26.2,24.8,,0.5,0.5,0.6,,,14.1,,7.7,5.2,,,,,,,,,,,,,,,,,,,,,,,,,,,
Petre_et_al_2022,CCD,Surface Water,35.888924,-79.34655,,7/1/2019,,Unnamed_SPE_LCMS_MS,,,38.2,,75.8,1.3,3.6,17.2,33.6,36.4,,0.6,0.4,0.7,,,15.3,,13.5,7.2,,,,,,,,,,,,,,,,,,,,,,,,,,,
Petre_et_al_2022,CCD,Surface Water,35.888924,-79.34655,,7/8/2019,,Unnamed_SPE_LCMS_MS,,,36.9,,79.1,1.6,4.2,15.5,39.4,39.2,,0,0,0.1,,,18.1,,12.2,7.4,,,,,,,,,,,,,,,,,,,,,,,,,,,
Petre_et_al_2022,CCD,Surface Water,35.888924,-79.34655,,7/15/2019,,Unnamed_SPE_LCMS_MS,,,33.3,,90.6,1.2,4,16.7,48.5,52.7,,0,0,0.2,,,30.2,,12.3,9.8,,,,,,,,,,,,,,,,,,,,,,,,,,,
Petre_et_al_2022,CCD,Surface Water,35.888924,-79.34655,,7/22/2019,,Unnamed_SPE_LCMS_MS,,,20,,48,1,3.1,4.5,37.2,41.5,,0,0,0.1,,,26.5,,10,5.3,,,,,,,,,,,,,,,,,,,,,,,,,,,
Petre_et_al_2022,CCD,Surface Water,35.888924,-79.34655,,7/29/2019,,Unnamed_SPE_LCMS_MS,,,21.1,,57.6,1.2,2.9,12.1,27.5,35.2,,0.1,0,0,,,13.4,,9,4.7,,,,,,,,,,,,,,,,,,,,,,,,,,,
Petre_et_al_2022,CCD,Surface Water,35.888924,-79.34655,,8/5/2019,,Unnamed_SPE_LCMS_MS,,,20.8,,48.9,1,2.3,11.3,21.5,22.7,,0.2,0,0,,,9.5,,7.4,4.8,,,,,,,,,,,,,,,,,,,,,,,,,,,
Petre_et_al_2022,CCD,Surface Water,35.888924,-79.34655,,8/12/2019,,Unnamed_SPE_LCMS_MS,,,25.8,,69.2,1,2.5,14.5,30.2,31.5,,0.1,0,0,,,12.1,,7.5,7.4,,,,,,,,,,,,,,,,,,,,,,,,,,,
Petre_et_al_2022,CCD,Surface Water,35.888924,-79.34655,,8/19/2019,,Unnamed_SPE_LCMS_MS,,,17.2,,59.2,0.7,2.5,13.1,29.3,37.2,,0.2,0,0,,,15.5,,7.2,6.6,,,,,,,,,,,,,,,,,,,,,,,,,,,
Petre_et_al_2022,CCD,Surface Water,35.888924,-79.34655,,8/26/2019,,Unnamed_SPE_LCMS_MS,,,,,,,,,,,,,,,,,,,,,,,,,,,,,,,,,,,,,,,,,,,,,,,
Petre_et_al_2022,CCD,Surface Water,35.888924,-79.34655,,9/9/2019,,Unnamed_SPE_LCMS_MS,,,24.2,,94.9,1.1,3.6,22.4,40.7,57.9,,0.1,0,0,,,17.3,,10.3,8.3,,,,,,,,,,,,,,,,,,,,,,,,,,,
Petre_et_al_2022,CCD,Surface Water,35.888924,-79.34655,,9/16/2019,,Unnamed_SPE_LCMS_MS,,,22.5,,85.5,1,3,18.5,37.9,56,,0,0,0,,,15.3,,9.1,7.9,,,,,,,,,,,,,,,,,,,,,,,,,,,
Petre_et_al_2022,CCD,Surface Water,35.888924,-79.34655,,9/23/2019,,Unnamed_SPE_LCMS_MS,,,23.7,,102.4,1,3.5,24,43.7,66.4,,0.1,0,0,,,20,,10.5,10.3,,,,,,,,,,,,,,,,,,,,,,,,,,,
Petre_et_al_2022,CCD,Surface Water,35.888924,-79.34655,,9/30/2019,,Unnamed_SPE_LCMS_MS,,,15.9,,38.9,1.1,2.2,6.6,21.2,24.8,,0.1,0,0.4,,,10.6,,7.6,3.4,,,,,,,,,,,,,,,,,,,,,,,,,,,
Petre_et_al_2022,CCD,Surface Water,35.888924,-79.34655,,10/7/2019,,Unnamed_SPE_LCMS_MS,,,12.7,,50.6,0.8,2,11.1,27.2,34.1,,0.1,0,0,,,12.2,,8,5,,,,,,,,,,,,,,,,,,,,,,,,,,,
Petre_et_al_2022,CCD,Surface Water,35.888924,-79.34655,,10/14/2019,,Unnamed_SPE_LCMS_MS,,,15.7,,78.8,0.9,2.6,15.6,38,58.4,,0,0,0,,,19.6,,14.2,6.1,,,,,,,,,,,,,,,,,,,,,,,,,,,
Petre_et_al_2022,CCD,Surface Water,35.888924,-79.34655,,10/21/2019,,Unnamed_SPE_LCMS_MS,,,13.9,,36,3,3.4,5,28.5,24.6,,1.6,1.6,0,,,15.5,,51.5,10.6,,,,,,,,,,,,,,,,,,,,,,,,,,,
Petre_et_al_2022,CCD,Surface Water,35.888924,-79.34655,,10/28/2019,,Unnamed_SPE_LCMS_MS,,,13.7,,43.7,1.2,1.7,7.7,25.9,25,,0,0,0,,,13.1,,5.9,4.8,,,,,,,,,,,,,,,,,,,,,,,,,,,
Petre_et_al_2022,CCD,Surface Water,35.888924,-79.34655,,11/4/2019,,Unnamed_SPE_LCMS_MS,,,7.1,,17.7,0.3,0.9,2.8,8.4,9.7,,0,0,0,,,10.7,,7.5,1.5,,,,,,,,,,,,,,,,,,,,,,,,,,,
Petre_et_al_2022,CCD,Surface Water,35.888924,-79.34655,,11/11/2019,,Unnamed_SPE_LCMS_MS,,,14,,49.4,0.6,1.7,10.2,26.7,26,,0,0,0,,,12.6,,6.7,5.1,,,,,,,,,,,,,,,,,,,,,,,,,,,
Petre_et_al_2022,CCD,Surface Water,35.888924,-79.34655,,12/2/2019,,Unnamed_SPE_LCMS_MS,,,10.1,,20.6,0.7,1.7,3.3,13.4,9.1,,0,0,0,,,5.1,,5.1,1.2,,,,,,,,,,,,,,,,,,,,,,,,,,,
Petre_et_al_2022,CCD,Surface Water,35.888924,-79.34655,,12/16/2019,,Unnamed_SPE_LCMS_MS,,,16.3,,35.3,0.4,1.7,7.9,16.5,13.9,,0,0,0,,,4.9,,3.6,2.3,,,,,,,,,,,,,,,,,,,,,,,,,,,
Petre_et_al_2022,CCD,Surface Water,35.888924,-79.34655,,1/6/2020,,Unnamed_SPE_LCMS_MS,,,20.6,,33.6,0.8,2,6.4,16.2,12.9,,0,0,0,,,5.3,,4,2.1,,,,,,,,,,,,,,,,,,,,,,,,,,,
Petre_et_al_2022,CCD,Surface Water,35.888924,-79.34655,,1/21/2020,,Unnamed_SPE_LCMS_MS,,,,,,,,,,,,,,,,,,,,,,,,,,,,,,,,,,,,,,,,,,,,,,,
Petre_et_al_2022,CCD,Surface Water,35.888924,-79.34655,,2/3/2020,,Unnamed_SPE_LCMS_MS,,,22.7,,37.5,0.6,2.2,6.8,19.5,14.8,,0,0.3,0.1,,,13.2,,5.2,3.5,,,,,,,,,,,,,,,,,,,,,,,,,,,
Petre_et_al_2022,CCD,Surface Water,35.888924,-79.34655,,2/17/2020,,Unnamed_SPE_LCMS_MS,,,29.4,,38.5,0.5,2.3,7.5,18.3,17.4,,0,0,0,,,8.3,,10.5,1.7,,,,,,,,,,,,,,,,,,,,,,,,,,,
Petre_et_al_2022,CCD,Surface Water,35.888924,-79.34655,,3/2/2020,,Unnamed_SPE_LCMS_MS,,,,,,,,,,,,,,,,,,,,,,,,,,,,,,,,,,,,,,,,,,,,,,,
Petre_et_al_2022,CCD,Surface Water,35.888924,-79.34655,,3/16/2020,,Unnamed_SPE_LCMS_MS,,,36.1,,67.4,0.5,3.1,11.9,27,44.6,,0.1,0,0,,,34.2,,8.3,4.7,,,,,,,,,,,,,,,,,,,,,,,,,,,
Petre_et_al_2022,CCD,Surface Water,35.888924,-79.34655,,3/30/2020,,Unnamed_SPE_LCMS_MS,,,24.4,,33.7,0.5,1.7,7.5,14.1,18.4,,0.2,0,0,,,20.4,,5.7,4.3,,,,,,,,,,,,,,,,,,,,,,,,,,,
Petre_et_al_2022,CCD,Surface Water,35.888924,-79.34655,,7/5/2020,,Unnamed_SPE_LCMS_MS,,,71.6,,109.9,1.9,6.2,17.5,53.7,60.6,,0,0,0,,,32.2,,13.1,11.2,,,,,,,,,,,,,,,,,,,,,,,,,,,
Petre_et_al_2022,CCD,Surface Water,35.888924,-79.34655,,7/12/2020,,Unnamed_SPE_LCMS_MS,,,55.7,,95.4,1.4,5.2,14.4,50.6,57.8,,0,0,0,,,27.3,,12.7,9.1,,,,,,,,,,,,,,,,,,,,,,,,,,,
Petre_et_al_2022,CCD,Surface Water,35.888924,-79.34655,,8/2/2020,,Unnamed_SPE_LCMS_MS,,,,,,,,,,,,,,,,,,,,,,,,,,,,,,,,,,,,,,,,,,,,,,,
Petre_et_al_2022,CCD,Surface Water,35.888924,-79.34655,,8/10/2020,,Unnamed_SPE_LCMS_MS,,,,,,,,,,,,,,,,,,,,,,,,,,,,,,,,,,,,,,,,,,,,,,,
Petre_et_al_2022,CCD,Surface Water,35.888924,-79.34655,,8/17/2020,,Unnamed_SPE_LCMS_MS,,,,,,,,,,,,,,,,,,,,,,,,,,,,,,,,,,,,,,,,,,,,,,,
Petre_et_al_2022,CCD,Surface Water,35.888924,-79.34655,,8/24/2020,,Unnamed_SPE_LCMS_MS,,,,,,,,,,,,,,,,,,,,,,,,,,,,,,,,,,,,,,,,,,,,,,,
Petre_et_al_2022,CCD,Surface Water,35.888924,-79.34655,,8/31/2020,,Unnamed_SPE_LCMS_MS,,,,,,,,,,,,,,,,,,,,,,,,,,,,,,,,,,,,,,,,,,,,,,,
Petre_et_al_2022,CCD,Surface Water,35.888924,-79.34655,,9/7/2020,,Unnamed_SPE_LCMS_MS,,,,,,,,,,,,,,,,,,,,,,,,,,,,,,,,,,,,,,,,,,,,,,,
Petre_et_al_2022,CCD,Surface Water,35.888924,-79.34655,,9/14/2020,,Unnamed_SPE_LCMS_MS,,,,,,,,,,,,,,,,,,,,,,,,,,,,,,,,,,,,,,,,,,,,,,,
Petre_et_al_2022,CCD,Surface Water,35.888924,-79.34655,,9/21/2020,,Unnamed_SPE_LCMS_MS,,,,,,,,,,,,,,,,,,,,,,,,,,,,,,,,,,,,,,,,,,,,,,,
Petre_et_al_2022,CCD,Surface Water,35.888924,-79.34655,,9/28/2020,,Unnamed_SPE_LCMS_MS,,,,,,,,,,,,,,,,,,,,,,,,,,,,,,,,,,,,,,,,,,,,,,,
Petre_et_al_2022,CCD,Surface Water,35.888924,-79.34655,,10/4/2020,,Unnamed_SPE_LCMS_MS,,,,,,,,,,,,,,,,,,,,,,,,,,,,,,,,,,,,,,,,,,,,,,,
Petre_et_al_2022,CCD,Surface Water,35.888924,-79.34655,,1/20/2020,,Unnamed_SPE_LCMS_MS,,,30.2,,57.4,0.6,2.6,11.2,28.5,25,,0,0.2,0.1,,,12.7,,6.4,5.5,,,,,,,,,,,,,,,,,,,,,,,,,,,
Petre_et_al_2022,CCD,Surface Water,35.888924,-79.34655,,4/14/2020,,Unnamed_SPE_LCMS_MS,,,,,,,,,,,,,,,,,,,,,,,,,,,,,,,,,,,,,,,,,,,,,,,
Petre_et_al_2022,CCD,Surface Water,35.888924,-79.34655,,4/27/2020,,Unnamed_SPE_LCMS_MS,,,,,,,,,,,,,,,,,,,,,,,,,,,,,,,,,,,,,,,,,,,,,,,
Petre_et_al_2022,CCD,Surface Water,35.888924,-79.34655,,5/3/2020,,Unnamed_SPE_LCMS_MS,,,,,,,,,,,,,,,,,,,,,,,,,,,,,,,,,,,,,,,,,,,,,,,
Petre_et_al_2022,CCD,Surface Water,35.888924,-79.34655,,5/11/2020,,Unnamed_SPE_LCMS_MS,,,,,,,,,,,,,,,,,,,,,,,,,,,,,,,,,,,,,,,,,,,,,,,
Petre_et_al_2022,CCD,Surface Water,35.888924,-79.34655,,5/18/2020,,Unnamed_SPE_LCMS_MS,,,,,,,,,,,,,,,,,,,,,,,,,,,,,,,,,,,,,,,,,,,,,,,
Petre_et_al_2022,CCD,Surface Water,35.888924,-79.34655,,5/25/2020,,Unnamed_SPE_LCMS_MS,,,,,,,,,,,,,,,,,,,,,,,,,,,,,,,,,,,,,,,,,,,,,,,
Petre_et_al_2022,CCD,Surface Water,35.888924,-79.34655,,6/1/2020,,Unnamed_SPE_LCMS_MS,,,,,,,,,,,,,,,,,,,,,,,,,,,,,,,,,,,,,,,,,,,,,,,
Petre_et_al_2022,CCD,Surface Water,35.888924,-79.34655,,6/8/2020,,Unnamed_SPE_LCMS_MS,,,,,,,,,,,,,,,,,,,,,,,,,,,,,,,,,,,,,,,,,,,,,,,
Petre_et_al_2022,CCD,Surface Water,35.888924,-79.34655,,6/14/2020,,Unnamed_SPE_LCMS_MS,,,,,,,,,,,,,,,,,,,,,,,,,,,,,,,,,,,,,,,,,,,,,,,
Petre_et_al_2022,CCD,Surface Water,35.888924,-79.34655,,6/22/2020,,Unnamed_SPE_LCMS_MS,,,,,,,,,,,,,,,,,,,,,,,,,,,,,,,,,,,,,,,,,,,,,,,
Petre_et_al_2022,CCD,Surface Water,35.888924,-79.34655,,6/29/2020,,Unnamed_SPE_LCMS_MS,,,50,,92.8,1.2,5.4,11,46,43.7,,0,0,0,,,28.1,,12.1,7,,,,,,,,,,,,,,,,,,,,,,,,,,,
Petre_et_al_2022,CCD,Surface Water,35.888924,-79.34655,,7/20/2020,,Unnamed_SPE_LCMS_MS,,,,,,,,,,,,,,,,,,,,,,,,,,,,,,,,,,,,,,,,,,,,,,,
Petre_et_al_2022,CCD,Surface Water,35.888924,-79.34655,,7/27/2020,,Unnamed_SPE_LCMS_MS,,,,,,,,,,,,,,,,,,,,,,,,,,,,,,,,,,,,,,,,,,,,,,,
Petre_et_al_2022,Burlington Upstream,Surface Water,36.114484,-79.396831,,6/10/2019,,Unnamed_SPE_LCMS_MS,,90.33,9.6,,3.5,0.5,0.9,3.1,3.9,1.9,,0.1,0,5.5,,,2.7,,3.6,1.2,,,,,,,,,,,,,,,,,,,,,,,,,,,
Petre_et_al_2022,Burlington Upstream,Surface Water,36.114484,-79.396831,,6/17/2019,,Unnamed_SPE_LCMS_MS,,14.7,6.2,,3.8,0.3,0.7,3.2,9,3.1,,0.3,0,0.6,,,5.5,,3.5,2.5,,,,,,,,,,,,,,,,,,,,,,,,,,,
Petre_et_al_2022,Burlington Upstream,Surface Water,36.114484,-79.396831,,6/24/2019,,Unnamed_SPE_LCMS_MS,,10.08,8.7,,5.9,0.9,1.2,4.6,16.5,4.8,,0.5,0.5,1.2,,,9.4,,6.9,4.9,,,,,,,,,,,,,,,,,,,,,,,,,,,
Petre_et_al_2022,Burlington Upstream,Surface Water,36.114484,-79.396831,,7/1/2019,,Unnamed_SPE_LCMS_MS,,5.21,10.7,,9.8,1.2,1.5,5.5,30,7.7,,0.6,0.5,10.8,,,15.1,,7.7,6.5,,,,,,,,,,,,,,,,,,,,,,,,,,,
Petre_et_al_2022,Burlington Upstream,Surface Water,36.114484,-79.396831,,7/8/2019,,Unnamed_SPE_LCMS_MS,,30.87,7,,6.6,1,1.4,2.5,14.1,5.5,,0.1,0,0.7,,,9.5,,9.5,2.8,,,,,,,,,,,,,,,,,,,,,,,,,,,
Petre_et_al_2022,Burlington Upstream,Surface Water,36.114484,-79.396831,,7/15/2019,,Unnamed_SPE_LCMS_MS,,4.08,11.6,,16.2,1.1,2.2,6.2,31.5,12,,0,0,1.5,,,20.2,,15.4,7,,,,,,,,,,,,,,,,,,,,,,,,,,,
Petre_et_al_2022,Burlington Upstream,Surface Water,36.114484,-79.396831,,7/22/2019,,Unnamed_SPE_LCMS_MS,,3.48,12.5,,15.7,1.8,1.9,7.9,59.6,26.1,,0.2,0,2.2,,,49.1,,23.8,11.6,,,,,,,,,,,,,,,,,,,,,,,,,,,
Petre_et_al_2022,Burlington Upstream,Surface Water,36.114484,-79.396831,,7/29/2019,,Unnamed_SPE_LCMS_MS,,5.44,11.4,,8,0.9,1,5.6,22.8,9,,0,0,0.6,,,17.2,,1.1,7.4,,,,,,,,,,,,,,,,,,,,,,,,,,,
Petre_et_al_2022,Burlington Upstream,Surface Water,36.114484,-79.396831,,8/5/2019,,Unnamed_SPE_LCMS_MS,,6.6,13.8,,7.1,0.9,1.2,6.1,25.9,8.8,,0.1,0,0.7,,,23.3,,9.1,4.4,,,,,,,,,,,,,,,,,,,,,,,,,,,
Petre_et_al_2022,Burlington Upstream,Surface Water,36.114484,-79.396831,,8/12/2019,,Unnamed_SPE_LCMS_MS,,3.77,13,,12.3,1.5,1.5,7.9,74.6,19.8,,0.1,0,1.4,,,46,,27.8,11,,,,,,,,,,,,,,,,,,,,,,,,,,,
Petre_et_al_2022,Burlington Upstream,Surface Water,36.114484,-79.396831,,8/19/2019,,Unnamed_SPE_LCMS_MS,,10.42,6.1,,5.4,0.9,1.2,2.3,19.4,6,,0.1,0,0.4,,,14,,8.9,2.5,,,,,,,,,,,,,,,,,,,,,,,,,,,
Petre_et_al_2022,Burlington Upstream,Surface Water,36.114484,-79.396831,,8/26/2019,,Unnamed_SPE_LCMS_MS,,20.95,,,,,,,,,,,,,,,,,,,,,,,,,,,,,,,,,,,,,,,,,,,,,
Petre_et_al_2022,Burlington Upstream,Surface Water,36.114484,-79.396831,,9/9/2019,,Unnamed_SPE_LCMS_MS,,3.06,11.9,,14.7,1.3,2,8.6,41.8,12.4,,0.1,0,0.5,,,26.4,,20.6,7.8,,,,,,,,,,,,,,,,,,,,,,,,,,,
Petre_et_al_2022,Burlington Upstream,Surface Water,36.114484,-79.396831,,9/16/2019,,Unnamed_SPE_LCMS_MS,,2.94,14.5,,20.5,1.6,2.3,11.2,87.5,27.9,,0.1,0,0.3,,,60.9,,36,20,,,,,,,,,,,,,,,,,,,,,,,,,,,
Petre_et_al_2022,Burlington Upstream,Surface Water,36.114484,-79.396831,,9/23/2019,,Unnamed_SPE_LCMS_MS,,2.37,16.2,,17.3,1.6,2.2,10.6,80,20.4,,0.1,0,5.3,,,182.6,,23.8,13.8,,,,,,,,,,,,,,,,,,,,,,,,,,,
Petre_et_al_2022,Burlington Upstream,Surface Water,36.114484,-79.396831,,9/30/2019,,Unnamed_SPE_LCMS_MS,,2.68,20.2,,28.8,2.7,3.3,12.4,274,53.8,,0.3,0,24.7,,,169,,67.3,24.4,,,,,,,,,,,,,,,,,,,,,,,,,,,
Petre_et_al_2022,Burlington Upstream,Surface Water,36.114484,-79.396831,,10/7/2019,,Unnamed_SPE_LCMS_MS,,2.12,17.3,,18.4,2,2.6,9.7,172.7,33.5,,0.1,0,4.3,,,118.3,,45.3,12.3,,,,,,,,,,,,,,,,,,,,,,,,,,,
Petre_et_al_2022,Burlington Upstream,Surface Water,36.114484,-79.396831,,10/14/2019,,Unnamed_SPE_LCMS_MS,,3.6,16.7,,20.8,1.5,2.3,10.1,136.7,24.4,,0.1,0,3.4,,,103.2,,10.2,6.8,,,,,,,,,,,,,,,,,,,,,,,,,,,
Petre_et_al_2022,Burlington Upstream,Surface Water,36.114484,-79.396831,,10/21/2019,,Unnamed_SPE_LCMS_MS,,21.12,15.7,,10.2,3.4,3.1,5.5,18.3,9.7,,1.7,1.8,0.1,,,12.6,,10.1,15.5,,,,,,,,,,,,,,,,,,,,,,,,,,,
Petre_et_al_2022,Burlington Upstream,Surface Water,36.114484,-79.396831,,10/28/2019,,Unnamed_SPE_LCMS_MS,,4.81,14.7,,14,2.5,1.7,12.4,48.8,15.4,,0,0,0.8,,,28.3,,21.1,14.6,,,,,,,,,,,,,,,,,,,,,,,,,,,
Petre_et_al_2022,Burlington Upstream,Surface Water,36.114484,-79.396831,,11/4/2019,,Unnamed_SPE_LCMS_MS,,13.39,7.6,,5.5,0.6,0.8,3.5,12.6,3.4,,0,0,0.6,,,7,,7.1,5.3,,,,,,,,,,,,,,,,,,,,,,,,,,,
Petre_et_al_2022,Burlington Upstream,Surface Water,36.114484,-79.396831,,11/11/2019,,Unnamed_SPE_LCMS_MS,,4.39,10.8,,12,1,1.2,6.3,40.7,9.7,,0.2,0,1.8,,,20.1,,22.6,16.3,,,,,,,,,,,,,,,,,,,,,,,,,,,
Petre_et_al_2022,Burlington Upstream,Surface Water,36.114484,-79.396831,,12/2/2019,,Unnamed_SPE_LCMS_MS,,87.22,5.6,,3.8,0.4,0.7,2.2,6.3,1.4,,0,0,0.3,,,3.1,,3.9,2.2,,,,,,,,,,,,,,,,,,,,,,,,,,,
Petre_et_al_2022,Burlington Upstream,Surface Water,36.114484,-79.396831,,12/16/2019,,Unnamed_SPE_LCMS_MS,,47.29,4.9,,3.5,0.1,0.5,4.1,9.9,1.8,,0,0,0.1,,,4.5,,3.6,3.3,,,,,,,,,,,,,,,,,,,,,,,,,,,
Petre_et_al_2022,Burlington Upstream,Surface Water,36.114484,-79.396831,,1/6/2020,,Unnamed_SPE_LCMS_MS,,34.83,7.4,,4.1,0.3,0.6,4.2,6.4,1.8,,0,0,0.8,,,2.5,,3.9,3.1,,,,,,,,,,,,,,,,,,,,,,,,,,,
Petre_et_al_2022,Burlington Upstream,Surface Water,36.114484,-79.396831,,1/21/2020,,Unnamed_SPE_LCMS_MS,,14.19,,,,,,,,,,,,,,,,,,,,,,,,,,,,,,,,,,,,,,,,,,,,,
Petre_et_al_2022,Burlington Upstream,Surface Water,36.114484,-79.396831,,2/3/2020,,Unnamed_SPE_LCMS_MS,,14.05,6.6,,6.3,0.4,0.6,3.8,16.9,4.5,,0,0.2,1.2,,,8.5,,8,6.8,,,,,,,,,,,,,,,,,,,,,,,,,,,
Petre_et_al_2022,Burlington Upstream,Surface Water,36.114484,-79.396831,,2/17/2020,,Unnamed_SPE_LCMS_MS,,35.11,5.6,,4.6,0.3,0.6,3.2,9.4,3.7,,0,0,1.5,,,3.4,,1.6,1.6,,,,,,,,,,,,,,,,,,,,,,,,,,,
Petre_et_al_2022,Burlington Upstream,Surface Water,36.114484,-79.396831,,3/2/2020,,Unnamed_SPE_LCMS_MS,,11.61,,,,,,,,,,,,,,,,,,,,,,,,,,,,,,,,,,,,,,,,,,,,,
Petre_et_al_2022,Burlington Upstream,Surface Water,36.114484,-79.396831,,3/16/2020,,Unnamed_SPE_LCMS_MS,,8.89,6.1,,12.4,0.8,1.2,4.1,42.3,11.1,,0,0,2.6,,,44,,0,8.9,,,,,,,,,,,,,,,,,,,,,,,,,,,
Petre_et_al_2022,Burlington Upstream,Surface Water,36.114484,-79.396831,,3/30/2020,,Unnamed_SPE_LCMS_MS,,18.32,7.4,,6.2,0.8,0.9,3.3,26.7,8.5,,0.1,0,0.2,,,31.3,,0,3.9,,,,,,,,,,,,,,,,,,,,,,,,,,,
Petre_et_al_2022,Burlington Upstream,Surface Water,36.114484,-79.396831,,4/14/2020,,Unnamed_SPE_LCMS_MS,,47.29,8.6,,5.9,1.5,1.3,2.5,17.1,5.6,,0.2,0,0,,,23.5,,0,1.6,,,,,,,,,,,,,,,,,,,,,,,,,,,
Petre_et_al_2022,Burlington Upstream,Surface Water,36.114484,-79.396831,,4/27/2020,,Unnamed_SPE_LCMS_MS,,10.9,18.9,,9.7,1,1,8.2,40.3,15.7,,0,0,15.9,,,40.3,,0,10.6,,,,,,,,,,,,,,,,,,,,,,,,,,,
Petre_et_al_2022,Burlington Upstream,Surface Water,36.114484,-79.396831,,5/3/2020,,Unnamed_SPE_LCMS_MS,,27.98,5,,3.7,0.4,0.5,2.5,14.3,4.7,,0.1,0,0.1,,,13.6,,0,5.3,,,,,,,,,,,,,,,,,,,,,,,,,,,
Petre_et_al_2022,Burlington Upstream,Surface Water,36.114484,-79.396831,,5/11/2020,,Unnamed_SPE_LCMS_MS,,7.02,9.5,,10.9,0.9,1,3.3,33.1,5.4,,0,0,1.8,,,0,,0,1.6,,,,,,,,,,,,,,,,,,,,,,,,,,,
Petre_et_al_2022,Burlington Upstream,Surface Water,36.114484,-79.396831,,5/18/2020,,Unnamed_SPE_LCMS_MS,,5.86,7,,12,1,1.2,4.8,55.9,10.2,,0.1,0,1.2,,,42,,0,19.2,,,,,,,,,,,,,,,,,,,,,,,,,,,
Petre_et_al_2022,Burlington Upstream,Surface Water,36.114484,-79.396831,,5/25/2020,,Unnamed_SPE_LCMS_MS,,111.85,2.9,,2.7,0.2,0.6,1.6,7.2,2.6,,0,0,0,,,0,,0,0.6,,,,,,,,,,,,,,,,,,,,,,,,,,,
Petre_et_al_2022,Burlington Upstream,Surface Water,36.114484,-79.396831,,6/1/2020,,Unnamed_SPE_LCMS_MS,,22.96,4.8,,4,0.4,0.7,2.1,10.3,3.3,,0,0,0.1,,,26.5,,0,3.3,,,,,,,,,,,,,,,,,,,,,,,,,,,
Petre_et_al_2022,Burlington Upstream,Surface Water,36.114484,-79.396831,,6/8/2020,,Unnamed_SPE_LCMS_MS,,13.37,5.4,,4.2,0.7,0.8,1.6,4.9,2.9,,0.2,0,0,,,13.6,,5.6,2.3,,,,,,,,,,,,,,,,,,,,,,,,,,,
Petre_et_al_2022,Burlington Upstream,Surface Water,36.114484,-79.396831,,6/14/2020,,Unnamed_SPE_LCMS_MS,,7.59,5.7,,6.3,0.5,0.7,2.8,12.1,4.8,,0.2,0,0.1,,,18.4,,5.4,7,,,,,,,,,,,,,,,,,,,,,,,,,,,
Petre_et_al_2022,Burlington Upstream,Surface Water,36.114484,-79.396831,,6/22/2020,,Unnamed_SPE_LCMS_MS,,16.88,7.7,,5.4,0.7,1,2.4,9,4.1,,0.1,0,0.1,,,17,,3.1,5.9,,,,,,,,,,,,,,,,,,,,,,,,,,,
Petre_et_al_2022,Burlington Upstream,Surface Water,36.114484,-79.396831,,6/29/2020,,Unnamed_SPE_LCMS_MS,,6.97,8.2,,13.9,1.3,1.4,4.2,22.8,6.9,,0.1,0,1,,,12.7,,0,5.6,,,,,,,,,,,,,,,,,,,,,,,,,,,
Petre_et_al_2022,Burlington Upstream,Surface Water,36.114484,-79.396831,,7/5/2020,,Unnamed_SPE_LCMS_MS,,5.15,7.9,,15.6,1.4,2.1,4.4,35.8,8.5,,0.1,0,1.6,,,52.4,,15,19.8,,,,,,,,,,,,,,,,,,,,,,,,,,,
Petre_et_al_2022,Burlington Upstream,Surface Water,36.114484,-79.396831,,7/12/2020,,Unnamed_SPE_LCMS_MS,,7.5,12.2,,14.1,2.6,2.2,5.6,28.9,11.3,,0.2,0,3,,,54.2,,9.3,17.9,,,,,,,,,,,,,,,,,,,,,,,,,,,
Petre_et_al_2022,Burlington Upstream,Surface Water,36.114484,-79.396831,,7/20/2020,,Unnamed_SPE_LCMS_MS,,5.44,16.1,,24.9,3.5,2.6,8.1,57.7,21.5,,0.2,0,4.7,,,125.6,,23.1,50.7,,,,,,,,,,,,,,,,,,,,,,,,,,,
Petre_et_al_2022,Burlington Upstream,Surface Water,36.114484,-79.396831,,7/27/2020,,Unnamed_SPE_LCMS_MS,,9.06,,,,,,,,,,,,,,,,,,,,,,,,,,,,,,,,,,,,,,,,,,,,,
Petre_et_al_2022,Burlington Upstream,Surface Water,36.114484,-79.396831,,8/2/2020,,Unnamed_SPE_LCMS_MS,,5.24,,,,,,,,,,,,,,,,,,,,,,,,,,,,,,,,,,,,,,,,,,,,,
Petre_et_al_2022,Burlington Upstream,Surface Water,36.114484,-79.396831,,8/10/2020,,Unnamed_SPE_LCMS_MS,,24.32,,,,,,,,,,,,,,,,,,,,,,,,,,,,,,,,,,,,,,,,,,,,,
Petre_et_al_2022,Burlington Upstream,Surface Water,36.114484,-79.396831,,8/17/2020,,Unnamed_SPE_LCMS_MS,,47.01,,,,,,,,,,,,,,,,,,,,,,,,,,,,,,,,,,,,,,,,,,,,,
Petre_et_al_2022,Burlington Upstream,Surface Water,36.114484,-79.396831,,8/24/2020,,Unnamed_SPE_LCMS_MS,,9.4,,,,,,,,,,,,,,,,,,,,,,,,,,,,,,,,,,,,,,,,,,,,,
Petre_et_al_2022,Burlington Upstream,Surface Water,36.114484,-79.396831,,8/31/2020,,Unnamed_SPE_LCMS_MS,,8.16,,,,,,,,,,,,,,,,,,,,,,,,,,,,,,,,,,,,,,,,,,,,,
Petre_et_al_2022,Burlington Upstream,Surface Water,36.114484,-79.396831,,9/7/2020,,Unnamed_SPE_LCMS_MS,,5.47,,,,,,,,,,,,,,,,,,,,,,,,,,,,,,,,,,,,,,,,,,,,,
Petre_et_al_2022,Burlington Upstream,Surface Water,36.114484,-79.396831,,9/14/2020,,Unnamed_SPE_LCMS_MS,,5.3,,,,,,,,,,,,,,,,,,,,,,,,,,,,,,,,,,,,,,,,,,,,,
Petre_et_al_2022,Burlington Upstream,Surface Water,36.114484,-79.396831,,9/21/2020,,Unnamed_SPE_LCMS_MS,,11.92,,,,,,,,,,,,,,,,,,,,,,,,,,,,,,,,,,,,,,,,,,,,,
Petre_et_al_2022,Burlington Upstream,Surface Water,36.114484,-79.396831,,9/28/2020,,Unnamed_SPE_LCMS_MS,,16.96,,,,,,,,,,,,,,,,,,,,,,,,,,,,,,,,,,,,,,,,,,,,,
Petre_et_al_2022,Burlington Upstream,Surface Water,36.114484,-79.396831,,10/4/2020,,Unnamed_SPE_LCMS_MS,,8.83,,,,,,,,,,,,,,,,,,,,,,,,,,,,,,,,,,,,,,,,,,,,,
Petre_et_al_2022,Burlington Upstream,Surface Water,36.114484,-79.396831,,1/20/2020,,Unnamed_SPE_LCMS_MS,,16.82,9.2,,8.6,0.7,2,4.9,20.7,5.2,,0,0.3,1.7,,,12.3,,7.4,10.1,,,,,,,,,,,,,,,,,,,,,,,,,,,
Petre_et_al_2022,Burlington Downstream,Surface Water,36.095665,-79.371254,,6/10/2019,,Unnamed_SPE_LCMS_MS,,,9.7,,4.9,1.3,1,3.1,19.3,9.2,,0.1,0,19.3,,,14.3,,9.9,1.1,,,,,,,,,,,,,,,,,,,,,,,,,,,
Petre_et_al_2022,Burlington Downstream,Surface Water,36.095665,-79.371254,,6/17/2019,,Unnamed_SPE_LCMS_MS,,,7.2,,7.9,2.1,1.5,4.2,35.1,13.5,,0.2,0,7.1,,,19.3,,15.4,2.1,,,,,,,,,,,,,,,,,,,,,,,,,,,
Petre_et_al_2022,Burlington Downstream,Surface Water,36.095665,-79.371254,,6/24/2019,,Unnamed_SPE_LCMS_MS,,,10.4,,13.8,3.5,2,5.5,96.2,53,,0.5,0.4,1.5,,,56.3,,36.6,5.7,,,,,,,,,,,,,,,,,,,,,,,,,,,
Petre_et_al_2022,Burlington Downstream,Surface Water,36.095665,-79.371254,,7/1/2019,,Unnamed_SPE_LCMS_MS,,,10.3,,17.1,4.1,2.6,6.1,133.5,64.7,,0.6,0.4,9.4,,,71.9,,41.6,6.3,,,,,,,,,,,,,,,,,,,,,,,,,,,
Petre_et_al_2022,Burlington Downstream,Surface Water,36.095665,-79.371254,,7/8/2019,,Unnamed_SPE_LCMS_MS,,,7.9,,8.6,1.8,1.7,2.5,38.6,21.5,,0.1,0,0.7,,,21.7,,16.1,2.8,,,,,,,,,,,,,,,,,,,,,,,,,,,
Petre_et_al_2022,Burlington Downstream,Surface Water,36.095665,-79.371254,,7/15/2019,,Unnamed_SPE_LCMS_MS,,,14.2,,26.1,4.4,3.5,7.4,131.4,66.9,,0.1,0,2,,,67.7,,47.2,8.7,,,,,,,,,,,,,,,,,,,,,,,,,,,
Petre_et_al_2022,Burlington Downstream,Surface Water,36.095665,-79.371254,,7/22/2019,,Unnamed_SPE_LCMS_MS,,,16.4,,33.7,7.2,6,9.2,188.7,150.6,,0.1,0.2,43.7,,,119.3,,75.1,12.2,,,,,,,,,,,,,,,,,,,,,,,,,,,
Petre_et_al_2022,Burlington Downstream,Surface Water,36.095665,-79.371254,,7/29/2019,,Unnamed_SPE_LCMS_MS,,,13.4,,24.9,6.3,4.1,6.7,131.6,90.1,,0.1,0.1,2.4,,,92.1,,59.3,9,,,,,,,,,,,,,,,,,,,,,,,,,,,
Petre_et_al_2022,Burlington Downstream,Surface Water,36.095665,-79.371254,,8/5/2019,,Unnamed_SPE_LCMS_MS,,,12.8,,16.1,3.6,2.3,6,137.9,89.2,,0.1,0,11,,,106.7,,51.5,5.7,,,,,,,,,,,,,,,,,,,,,,,,,,,
Petre_et_al_2022,Burlington Downstream,Surface Water,36.095665,-79.371254,,8/12/2019,,Unnamed_SPE_LCMS_MS,,,12.7,,28.8,6,3.7,7.7,335.4,170.9,,0.1,0,3.3,,,204.7,,137.6,13.3,,,,,,,,,,,,,,,,,,,,,,,,,,,
Petre_et_al_2022,Burlington Downstream,Surface Water,36.095665,-79.371254,,8/19/2019,,Unnamed_SPE_LCMS_MS,,,6.6,,11.9,3.7,2.1,2.4,117.2,68.6,,0.1,0.1,23.3,,,75.3,,48.1,3.3,,,,,,,,,,,,,,,,,,,,,,,,,,,
Petre_et_al_2022,Burlington Downstream,Surface Water,36.095665,-79.371254,,8/26/2019,,Unnamed_SPE_LCMS_MS,,,,,,,,,,,,,,,,,,,,,,,,,,,,,,,,,,,,,,,,,,,,,,,
Petre_et_al_2022,Burlington Downstream,Surface Water,36.095665,-79.371254,,9/9/2019,,Unnamed_SPE_LCMS_MS,,,14.3,,36.3,5.7,5.3,9.6,416.8,216.4,,0.1,0.4,63.2,,,257.5,,160.5,10.2,,,,,,,,,,,,,,,,,,,,,,,,,,,
Petre_et_al_2022,Burlington Downstream,Surface Water,36.095665,-79.371254,,9/16/2019,,Unnamed_SPE_LCMS_MS,,,16.9,,30.6,4.1,7.3,11.5,149.1,45.6,,0.1,0,2.9,,,86.6,,56.8,18.3,,,,,,,,,,,,,,,,,,,,,,,,,,,
Petre_et_al_2022,Burlington Downstream,Surface Water,36.095665,-79.371254,,9/23/2019,,Unnamed_SPE_LCMS_MS,,,18.4,,25.2,3.1,4.5,11.8,114.2,29.8,,0.1,0.1,72.4,,,224.3,,33.9,15.2,,,,,,,,,,,,,,,,,,,,,,,,,,,
Petre_et_al_2022,Burlington Downstream,Surface Water,36.095665,-79.371254,,9/30/2019,,Unnamed_SPE_LCMS_MS,,,21,,34.1,3.4,4.3,13.1,295.7,61.2,,0.3,0,15.4,,,167.8,,77.7,26.1,,,,,,,,,,,,,,,,,,,,,,,,,,,
Petre_et_al_2022,Burlington Downstream,Surface Water,36.095665,-79.371254,,10/7/2019,,Unnamed_SPE_LCMS_MS,,,19.7,,23.7,2.9,3.6,10.5,187,46.5,,0.1,0.3,59.4,,,122,,50.3,14.7,,,,,,,,,,,,,,,,,,,,,,,,,,,
Petre_et_al_2022,Burlington Downstream,Surface Water,36.095665,-79.371254,,10/14/2019,,Unnamed_SPE_LCMS_MS,,,19.3,,26.8,1.9,4.4,11,148.1,32,,0.1,0,4.8,,,104.4,,10.7,8.8,,,,,,,,,,,,,,,,,,,,,,,,,,,
Petre_et_al_2022,Burlington Downstream,Surface Water,36.095665,-79.371254,,10/21/2019,,Unnamed_SPE_LCMS_MS,,,17.7,,11,3.7,3.5,7.5,23.9,11.6,,2,1.7,0,,,16.7,,31,9.6,,,,,,,,,,,,,,,,,,,,,,,,,,,
Petre_et_al_2022,Burlington Downstream,Surface Water,36.095665,-79.371254,,10/28/2019,,Unnamed_SPE_LCMS_MS,,,14.5,,15.7,2.4,2.1,11.7,57.9,18.9,,0,0,1.3,,,33.4,,23.7,16.6,,,,,,,,,,,,,,,,,,,,,,,,,,,
Petre_et_al_2022,Burlington Downstream,Surface Water,36.095665,-79.371254,,11/4/2019,,Unnamed_SPE_LCMS_MS,,,7,,6.7,0.7,0.8,3.3,32,10.8,,0,0.1,3.8,,,18.5,,17.8,4.9,,,,,,,,,,,,,,,,,,,,,,,,,,,
Petre_et_al_2022,Burlington Downstream,Surface Water,36.095665,-79.371254,,11/11/2019,,Unnamed_SPE_LCMS_MS,,,10.7,,22,2.8,1.9,6.5,311.4,92.2,,0.2,0,2.6,,,140.7,,121.1,20.6,,,,,,,,,,,,,,,,,,,,,,,,,,,
Petre_et_al_2022,Burlington Downstream,Surface Water,36.095665,-79.371254,,12/2/2019,,Unnamed_SPE_LCMS_MS,,,7.4,,5.2,0.7,1,2.9,26.4,8.6,,0,0,0.3,,,12.4,,11.2,2.3,,,,,,,,,,,,,,,,,,,,,,,,,,,
Petre_et_al_2022,Burlington Downstream,Surface Water,36.095665,-79.371254,,12/16/2019,,Unnamed_SPE_LCMS_MS,,,7.8,,6.5,0.6,0.8,4.4,41,8.7,,0,0,0.6,,,20,,17.9,3.5,,,,,,,,,,,,,,,,,,,,,,,,,,,
Petre_et_al_2022,Burlington Downstream,Surface Water,36.095665,-79.371254,,1/6/2020,,Unnamed_SPE_LCMS_MS,,,9.1,,7,0.6,0.7,5.3,24,6.8,,0,0,0.9,,,9.3,,10.5,3.2,,,,,,,,,,,,,,,,,,,,,,,,,,,
Petre_et_al_2022,Burlington Downstream,Surface Water,36.095665,-79.371254,,1/21/2020,,Unnamed_SPE_LCMS_MS,,,,,,,,,,,,,,,,,,,,,,,,,,,,,,,,,,,,,,,,,,,,,,,
Petre_et_al_2022,Burlington Downstream,Surface Water,36.095665,-79.371254,,2/3/2020,,Unnamed_SPE_LCMS_MS,,,13.3,,12.6,1.4,2,5.3,47.1,21.3,,0,0.2,1.6,,,20,,16.8,7.1,,,,,,,,,,,,,,,,,,,,,,,,,,,
Petre_et_al_2022,Burlington Downstream,Surface Water,36.095665,-79.371254,,2/17/2020,,Unnamed_SPE_LCMS_MS,,,8.1,,7,0.5,0.8,4.2,14.3,6.1,,0,0,0.9,,,4.5,,8.3,1.8,,,,,,,,,,,,,,,,,,,,,,,,,,,
Petre_et_al_2022,Burlington Downstream,Surface Water,36.095665,-79.371254,,3/2/2020,,Unnamed_SPE_LCMS_MS,,,,,,,,,,,,,,,,,,,,,,,,,,,,,,,,,,,,,,,,,,,,,,,
Petre_et_al_2022,Burlington Downstream,Surface Water,36.095665,-79.371254,,3/16/2020,,Unnamed_SPE_LCMS_MS,,,,,,,,,,,,,,,,,,,,,,,,,,,,,,,,,,,,,,,,,,,,,,,
Petre_et_al_2022,Burlington Downstream,Surface Water,36.095665,-79.371254,,3/30/2020,,Unnamed_SPE_LCMS_MS,,,7.7,,16.1,1.7,1.6,4.6,103.9,79.5,,0.2,0,2.1,,,143.9,,0,8.7,,,,,,,,,,,,,,,,,,,,,,,,,,,
Petre_et_al_2022,Burlington Downstream,Surface Water,36.095665,-79.371254,,4/14/2020,,Unnamed_SPE_LCMS_MS,,,,,,,,,,,,,,,,,,,,,,,,,,,,,,,,,,,,,,,,,,,,,,,
Petre_et_al_2022,Burlington Downstream,Surface Water,36.095665,-79.371254,,4/27/2020,,Unnamed_SPE_LCMS_MS,,,15.3,,12.2,1.3,1,8.4,70.5,49.7,,0.2,0,14.1,,,114,,0,9.9,,,,,,,,,,,,,,,,,,,,,,,,,,,
Petre_et_al_2022,Burlington Downstream,Surface Water,36.095665,-79.371254,,5/3/2020,,Unnamed_SPE_LCMS_MS,,,5.8,,5.6,0.7,0.6,3.3,21.9,9.4,,0.1,0,0,,,32.7,,6,5.4,,,,,,,,,,,,,,,,,,,,,,,,,,,
Petre_et_al_2022,Burlington Downstream,Surface Water,36.095665,-79.371254,,5/11/2020,,Unnamed_SPE_LCMS_MS,,,10.3,,10.8,1.3,1.1,4.9,42,10.3,,0.1,0,1.8,,,34.8,,15.1,9.7,,,,,,,,,,,,,,,,,,,,,,,,,,,
Petre_et_al_2022,Burlington Downstream,Surface Water,36.095665,-79.371254,,5/18/2020,,Unnamed_SPE_LCMS_MS,,,9.4,,16.2,1.9,1.5,5.8,136.5,54.9,,0.1,0,1.4,,,222.9,,0,18.6,,,,,,,,,,,,,,,,,,,,,,,,,,,
Petre_et_al_2022,Burlington Downstream,Surface Water,36.095665,-79.371254,,5/25/2020,,Unnamed_SPE_LCMS_MS,,,3.4,,2.6,0.2,0.6,1.9,6.1,3.5,,0.2,0,0,,,0,,0,1,,,,,,,,,,,,,,,,,,,,,,,,,,,
Petre_et_al_2022,Burlington Downstream,Surface Water,36.095665,-79.371254,,6/1/2020,,Unnamed_SPE_LCMS_MS,,,7.4,,6.3,0.8,1.5,3.1,14.5,5.8,,0,0,1.2,,,20.7,,0,3.6,,,,,,,,,,,,,,,,,,,,,,,,,,,
Petre_et_al_2022,Burlington Downstream,Surface Water,36.095665,-79.371254,,6/8/2020,,Unnamed_SPE_LCMS_MS,,,7.8,,6.7,0.5,0.7,3,7.7,4.7,,0,0,0,,,16.2,,3.3,2.6,,,,,,,,,,,,,,,,,,,,,,,,,,,
Petre_et_al_2022,Burlington Downstream,Surface Water,36.095665,-79.371254,,6/14/2020,,Unnamed_SPE_LCMS_MS,,,8.5,,10.8,1.2,2.5,3.8,20.5,7.7,,0,0,0.1,,,30.1,,7,6.9,,,,,,,,,,,,,,,,,,,,,,,,,,,
Petre_et_al_2022,Burlington Downstream,Surface Water,36.095665,-79.371254,,6/22/2020,,Unnamed_SPE_LCMS_MS,,,6.2,,7.6,0.6,1.4,3.2,15.2,6.1,,0,0,0.1,,,24.6,,9.1,6.3,,,,,,,,,,,,,,,,,,,,,,,,,,,
Petre_et_al_2022,Burlington Downstream,Surface Water,36.095665,-79.371254,,6/29/2020,,Unnamed_SPE_LCMS_MS,,,10.3,,16.2,1.4,1.6,5,29.2,11.2,,0,0,1.2,,,21.9,,0,12,,,,,,,,,,,,,,,,,,,,,,,,,,,
Petre_et_al_2022,Burlington Downstream,Surface Water,36.095665,-79.371254,,7/5/2020,,Unnamed_SPE_LCMS_MS,,,9.4,,17.9,1.5,2.5,5.3,39.2,12.8,,0.1,0,1.6,,,71.8,,16.9,22,,,,,,,,,,,,,,,,,,,,,,,,,,,
Petre_et_al_2022,Burlington Downstream,Surface Water,36.095665,-79.371254,,7/12/2020,,Unnamed_SPE_LCMS_MS,,,13.7,,17.3,2.5,2.6,6.7,40.8,14.6,,0.2,0,3.4,,,79,,7.6,21.7,,,,,,,,,,,,,,,,,,,,,,,,,,,
Petre_et_al_2022,Burlington Downstream,Surface Water,36.095665,-79.371254,,7/20/2020,,Unnamed_SPE_LCMS_MS,,,16,,26.1,3.7,2.3,8.7,65.2,23.4,,0.2,0,4.7,,,136.2,,24.2,50.7,,,,,,,,,,,,,,,,,,,,,,,,,,,
Petre_et_al_2022,Burlington Downstream,Surface Water,36.095665,-79.371254,,7/27/2020,,Unnamed_SPE_LCMS_MS,,,,,,,,,,,,,,,,,,,,,,,,,,,,,,,,,,,,,,,,,,,,,,,
Petre_et_al_2022,Burlington Downstream,Surface Water,36.095665,-79.371254,,8/2/2020,,Unnamed_SPE_LCMS_MS,,,,,,,,,,,,,,,,,,,,,,,,,,,,,,,,,,,,,,,,,,,,,,,
Petre_et_al_2022,Burlington Downstream,Surface Water,36.095665,-79.371254,,8/10/2020,,Unnamed_SPE_LCMS_MS,,,,,,,,,,,,,,,,,,,,,,,,,,,,,,,,,,,,,,,,,,,,,,,
Petre_et_al_2022,Burlington Downstream,Surface Water,36.095665,-79.371254,,8/17/2020,,Unnamed_SPE_LCMS_MS,,,,,,,,,,,,,,,,,,,,,,,,,,,,,,,,,,,,,,,,,,,,,,,
Petre_et_al_2022,Burlington Downstream,Surface Water,36.095665,-79.371254,,8/24/2020,,Unnamed_SPE_LCMS_MS,,,,,,,,,,,,,,,,,,,,,,,,,,,,,,,,,,,,,,,,,,,,,,,
Petre_et_al_2022,Burlington Downstream,Surface Water,36.095665,-79.371254,,8/31/2020,,Unnamed_SPE_LCMS_MS,,,,,,,,,,,,,,,,,,,,,,,,,,,,,,,,,,,,,,,,,,,,,,,
Petre_et_al_2022,Burlington Downstream,Surface Water,36.095665,-79.371254,,9/7/2020,,Unnamed_SPE_LCMS_MS,,,,,,,,,,,,,,,,,,,,,,,,,,,,,,,,,,,,,,,,,,,,,,,
Petre_et_al_2022,Burlington Downstream,Surface Water,36.095665,-79.371254,,9/14/2020,,Unnamed_SPE_LCMS_MS,,,,,,,,,,,,,,,,,,,,,,,,,,,,,,,,,,,,,,,,,,,,,,,
Petre_et_al_2022,Burlington Downstream,Surface Water,36.095665,-79.371254,,9/21/2020,,Unnamed_SPE_LCMS_MS,,,,,,,,,,,,,,,,,,,,,,,,,,,,,,,,,,,,,,,,,,,,,,,
Petre_et_al_2022,Burlington Downstream,Surface Water,36.095665,-79.371254,,9/28/2020,,Unnamed_SPE_LCMS_MS,,,,,,,,,,,,,,,,,,,,,,,,,,,,,,,,,,,,,,,,,,,,,,,
Petre_et_al_2022,Burlington Downstream,Surface Water,36.095665,-79.371254,,10/4/2020,,Unnamed_SPE_LCMS_MS,,,,,,,,,,,,,,,,,,,,,,,,,,,,,,,,,,,,,,,,,,,,,,,
Petre_et_al_2022,Burlington Downstream,Surface Water,36.095665,-79.371254,,1/20/2020,,Unnamed_SPE_LCMS_MS,,,10.4,,12.8,1.2,2.3,6.5,60.7,23.8,,0,0.3,1.8,,,30.4,,26.7,11.3,,,,,,,,,,,,,,,,,,,,,,,,,,,
Petre_et_al_2022,H1,Surface Water,36.018147,-79.365121,,6/10/2019,,Unnamed_SPE_LCMS_MS,,,9.4,,3.9,0.6,0.8,2.5,6.3,3.2,,0.1,0,10.4,,,4.6,,5,1.2,,,,,,,,,,,,,,,,,,,,,,,,,,,
Petre_et_al_2022,H1,Surface Water,36.018147,-79.365121,,6/17/2019,,Unnamed_SPE_LCMS_MS,,,7.5,,5.2,0.8,0.9,3.6,13.9,6.8,,0,0,1.9,,,10.4,,6.7,4.4,,,,,,,,,,,,,,,,,,,,,,,,,,,
Petre_et_al_2022,H1,Surface Water,36.018147,-79.365121,,6/24/2019,,Unnamed_SPE_LCMS_MS,,,13.3,,11.2,2.1,1.8,6.1,60.2,32.5,,0.6,0.5,1.4,,,32.6,,21.8,4.6,,,,,,,,,,,,,,,,,,,,,,,,,,,
Petre_et_al_2022,H1,Surface Water,36.018147,-79.365121,,7/1/2019,,Unnamed_SPE_LCMS_MS,,,10.4,,14.2,2.4,2,5.5,95.4,51.5,,0.5,0.5,2.2,,,51.4,,44,6.4,,,,,,,,,,,,,,,,,,,,,,,,,,,
Petre_et_al_2022,H1,Surface Water,36.018147,-79.365121,,7/8/2019,,Unnamed_SPE_LCMS_MS,,,12.1,,11.9,2.5,2.4,3.3,36.4,18.6,,0,0,0.8,,,19,,15,3.9,,,,,,,,,,,,,,,,,,,,,,,,,,,
Petre_et_al_2022,H1,Surface Water,36.018147,-79.365121,,7/15/2019,,Unnamed_SPE_LCMS_MS,,,10.6,,17.9,2.1,2.2,6,70.2,37,,0.1,0,0.9,,,35.6,,27.1,7.4,,,,,,,,,,,,,,,,,,,,,,,,,,,
Petre_et_al_2022,H1,Surface Water,36.018147,-79.365121,,7/22/2019,,Unnamed_SPE_LCMS_MS,,,12.2,,22.8,3.4,3.3,7.9,120.6,94.8,,0.1,0.1,21.7,,,84.9,,43.2,8.6,,,,,,,,,,,,,,,,,,,,,,,,,,,
Petre_et_al_2022,H1,Surface Water,36.018147,-79.365121,,7/29/2019,,Unnamed_SPE_LCMS_MS,,,11.4,,13.8,2.6,2.1,5.2,58.8,45.6,,0,0,1.3,,,43.2,,26.1,5.9,,,,,,,,,,,,,,,,,,,,,,,,,,,
Petre_et_al_2022,H1,Surface Water,36.018147,-79.365121,,8/5/2019,,Unnamed_SPE_LCMS_MS,,,10.9,,10,1.5,1.4,5.5,75.4,46.3,,0,0,5.8,,,59.9,,26.2,4.2,,,,,,,,,,,,,,,,,,,,,,,,,,,
Petre_et_al_2022,H1,Surface Water,36.018147,-79.365121,,8/12/2019,,Unnamed_SPE_LCMS_MS,,,10.7,,17.9,2.7,2.2,7.2,181.6,102.3,,0.1,0,1.5,,,112.5,,68.4,9.7,,,,,,,,,,,,,,,,,,,,,,,,,,,
Petre_et_al_2022,H1,Surface Water,36.018147,-79.365121,,8/19/2019,,Unnamed_SPE_LCMS_MS,,,8.4,,8.7,2.2,1.8,2.4,54.8,31.2,,0.1,0,7.6,,,38.4,,20.2,3.6,,,,,,,,,,,,,,,,,,,,,,,,,,,
Petre_et_al_2022,H1,Surface Water,36.018147,-79.365121,,8/26/2019,,Unnamed_SPE_LCMS_MS,,,,,,,,,,,,,,,,,,,,,,,,,,,,,,,,,,,,,,,,,,,,,,,
Petre_et_al_2022,H1,Surface Water,36.018147,-79.365121,,9/9/2019,,Unnamed_SPE_LCMS_MS,,,10.6,,21.3,2.5,2.9,7.9,201.9,123.2,,0,0.2,27.4,,,124.2,,68.4,5.4,,,,,,,,,,,,,,,,,,,,,,,,,,,
Petre_et_al_2022,H1,Surface Water,36.018147,-79.365121,,9/16/2019,,Unnamed_SPE_LCMS_MS,,,14.4,,21.5,2.9,4.1,9.7,101.9,33.2,,0,0,1.3,,,67.9,,35.4,10.6,,,,,,,,,,,,,,,,,,,,,,,,,,,
Petre_et_al_2022,H1,Surface Water,36.018147,-79.365121,,9/23/2019,,Unnamed_SPE_LCMS_MS,,,16.6,,22.3,2.7,3.6,10.9,71.5,22.9,,0.1,0.1,48.8,,,58.4,,26.4,14.1,,,,,,,,,,,,,,,,,,,,,,,,,,,
Petre_et_al_2022,H1,Surface Water,36.018147,-79.365121,,9/30/2019,,Unnamed_SPE_LCMS_MS,,,16.4,,19.9,2.1,2.8,10.1,219.1,52.7,,0.2,0,5.8,,,135,,44.5,13,,,,,,,,,,,,,,,,,,,,,,,,,,,
Petre_et_al_2022,H1,Surface Water,36.018147,-79.365121,,10/7/2019,,Unnamed_SPE_LCMS_MS,,,16.8,,22.9,2.6,3.3,9.8,152.3,40.3,,0.1,0.2,60.4,,,92.3,,50.7,16.4,,,,,,,,,,,,,,,,,,,,,,,,,,,
Petre_et_al_2022,H1,Surface Water,36.018147,-79.365121,,10/14/2019,,Unnamed_SPE_LCMS_MS,,,19.6,,27.7,2.2,3.4,11.5,164.9,36.2,,0.1,0,5.3,,,111.2,,9.2,8.8,,,,,,,,,,,,,,,,,,,,,,,,,,,
Petre_et_al_2022,H1,Surface Water,36.018147,-79.365121,,10/21/2019,,Unnamed_SPE_LCMS_MS,,,16.9,,9.4,3.4,2.8,5.3,19.4,9.3,,1.8,1.7,0,,,12.4,,45.4,14.4,,,,,,,,,,,,,,,,,,,,,,,,,,,
Petre_et_al_2022,H1,Surface Water,36.018147,-79.365121,,10/28/2019,,Unnamed_SPE_LCMS_MS,,,8,,8.1,1,0.9,5.5,29.8,8.2,,0,2.3,0,,,18,,13.1,7,,,,,,,,,,,,,,,,,,,,,,,,,,,
Petre_et_al_2022,H1,Surface Water,36.018147,-79.365121,,11/4/2019,,Unnamed_SPE_LCMS_MS,,,7.1,,10.5,1.1,1.1,4.1,110.5,35,,0,0.2,13.2,,,56.6,,45.8,5.4,,,,,,,,,,,,,,,,,,,,,,,,,,,
Petre_et_al_2022,H1,Surface Water,36.018147,-79.365121,,11/11/2019,,Unnamed_SPE_LCMS_MS,,,12.2,,16.9,1,1.5,6.7,150.6,52.6,,0.2,0,2,,,222.5,,67.9,15.9,,,,,,,,,,,,,,,,,,,,,,,,,,,
Petre_et_al_2022,H1,Surface Water,36.018147,-79.365121,,12/2/2019,,Unnamed_SPE_LCMS_MS,,,5.5,,3.7,0.4,0.7,2,8.8,3,,0,0,0.3,,,4.4,,5.3,1.6,,,,,,,,,,,,,,,,,,,,,,,,,,,
Petre_et_al_2022,H1,Surface Water,36.018147,-79.365121,,12/16/2019,,Unnamed_SPE_LCMS_MS,,,6.6,,5,0.3,0.6,4.3,14.1,3,,0,0,0.1,,,6.4,,5.4,2.6,,,,,,,,,,,,,,,,,,,,,,,,,,,
Petre_et_al_2022,H1,Surface Water,36.018147,-79.365121,,1/6/2020,,Unnamed_SPE_LCMS_MS,,,9.3,,5.4,0.5,0.8,4.1,8.7,2.7,,0,0,0.5,,,3.4,,3.6,3.1,,,,,,,,,,,,,,,,,,,,,,,,,,,
Petre_et_al_2022,H1,Surface Water,36.018147,-79.365121,,1/21/2020,,Unnamed_SPE_LCMS_MS,,,,,,,,,,,,,,,,,,,,,,,,,,,,,,,,,,,,,,,,,,,,,,,
Petre_et_al_2022,H1,Surface Water,36.018147,-79.365121,,2/3/2020,,Unnamed_SPE_LCMS_MS,,,7.8,,7,0.7,0.9,4,17.6,7.1,,0,0.2,0.8,,,8.3,,8.6,4.5,,,,,,,,,,,,,,,,,,,,,,,,,,,
Petre_et_al_2022,H1,Surface Water,36.018147,-79.365121,,2/17/2020,,Unnamed_SPE_LCMS_MS,,,6,,4.8,0.4,0.5,3,9,3.8,,0,0,0.6,,,2.7,,3.9,1.3,,,,,,,,,,,,,,,,,,,,,,,,,,,
Petre_et_al_2022,H1,Surface Water,36.018147,-79.365121,,3/2/2020,,Unnamed_SPE_LCMS_MS,,,,,,,,,,,,,,,,,,,,,,,,,,,,,,,,,,,,,,,,,,,,,,,
Petre_et_al_2022,H1,Surface Water,36.018147,-79.365121,,3/16/2020,,Unnamed_SPE_LCMS_MS,,,6.3,,12.5,0.7,1.1,4.1,68.3,38.3,,0,0,0.9,,,81.7,,16.4,10.1,,,,,,,,,,,,,,,,,,,,,,,,,,,
Petre_et_al_2022,H1,Surface Water,36.018147,-79.365121,,3/30/2020,,Unnamed_SPE_LCMS_MS,,,7.5,,7.3,0.5,1.1,2.8,14.8,9.4,,0,0,0,,,23.6,,5.4,2.6,,,,,,,,,,,,,,,,,,,,,,,,,,,
Petre_et_al_2022,H1,Surface Water,36.018147,-79.365121,,7/5/2020,,Unnamed_SPE_LCMS_MS,,,8.2,,16.5,2.3,2.7,3.5,41.9,11.7,,0,0,0.8,,,42.8,,18.9,14.7,,,,,,,,,,,,,,,,,,,,,,,,,,,
Petre_et_al_2022,H1,Surface Water,36.018147,-79.365121,,7/12/2020,,Unnamed_SPE_LCMS_MS,,,16.3,,35.3,3.7,4.3,8.2,75.7,27.6,,0,0,1.7,,,58.9,,34.3,39,,,,,,,,,,,,,,,,,,,,,,,,,,,
Petre_et_al_2022,H1,Surface Water,36.018147,-79.365121,,7/20/2020,,Unnamed_SPE_LCMS_MS,,,,,,,,,,,,,,,,,,,,,,,,,,,,,,,,,,,,,,,,,,,,,,,
Petre_et_al_2022,H1,Surface Water,36.018147,-79.365121,,7/27/2020,,Unnamed_SPE_LCMS_MS,,,,,,,,,,,,,,,,,,,,,,,,,,,,,,,,,,,,,,,,,,,,,,,
Petre_et_al_2022,H1,Surface Water,36.018147,-79.365121,,8/2/2020,,Unnamed_SPE_LCMS_MS,,,,,,,,,,,,,,,,,,,,,,,,,,,,,,,,,,,,,,,,,,,,,,,
Petre_et_al_2022,H1,Surface Water,36.018147,-79.365121,,8/10/2020,,Unnamed_SPE_LCMS_MS,,,,,,,,,,,,,,,,,,,,,,,,,,,,,,,,,,,,,,,,,,,,,,,
Petre_et_al_2022,H1,Surface Water,36.018147,-79.365121,,8/17/2020,,Unnamed_SPE_LCMS_MS,,,,,,,,,,,,,,,,,,,,,,,,,,,,,,,,,,,,,,,,,,,,,,,
Petre_et_al_2022,H1,Surface Water,36.018147,-79.365121,,8/24/2020,,Unnamed_SPE_LCMS_MS,,,,,,,,,,,,,,,,,,,,,,,,,,,,,,,,,,,,,,,,,,,,,,,
Petre_et_al_2022,H1,Surface Water,36.018147,-79.365121,,8/31/2020,,Unnamed_SPE_LCMS_MS,,,,,,,,,,,,,,,,,,,,,,,,,,,,,,,,,,,,,,,,,,,,,,,
Petre_et_al_2022,H1,Surface Water,36.018147,-79.365121,,9/7/2020,,Unnamed_SPE_LCMS_MS,,,,,,,,,,,,,,,,,,,,,,,,,,,,,,,,,,,,,,,,,,,,,,,
Petre_et_al_2022,H1,Surface Water,36.018147,-79.365121,,9/14/2020,,Unnamed_SPE_LCMS_MS,,,,,,,,,,,,,,,,,,,,,,,,,,,,,,,,,,,,,,,,,,,,,,,
Petre_et_al_2022,H1,Surface Water,36.018147,-79.365121,,9/21/2020,,Unnamed_SPE_LCMS_MS,,,,,,,,,,,,,,,,,,,,,,,,,,,,,,,,,,,,,,,,,,,,,,,
Petre_et_al_2022,H1,Surface Water,36.018147,-79.365121,,9/28/2020,,Unnamed_SPE_LCMS_MS,,,,,,,,,,,,,,,,,,,,,,,,,,,,,,,,,,,,,,,,,,,,,,,
Petre_et_al_2022,H1,Surface Water,36.018147,-79.365121,,10/4/2020,,Unnamed_SPE_LCMS_MS,,,,,,,,,,,,,,,,,,,,,,,,,,,,,,,,,,,,,,,,,,,,,,,
Petre_et_al_2022,H1,Surface Water,36.018147,-79.365121,,1/20/2020,,Unnamed_SPE_LCMS_MS,,,7.9,,8.6,0.6,1.6,4.9,28.7,10.1,,0,0.3,1.4,,,16.2,,12.2,8,,,,,,,,,,,,,,,,,,,,,,,,,,,
Petre_et_al_2022,H1,Surface Water,36.018147,-79.365121,,4/14/2020,,Unnamed_SPE_LCMS_MS,,,,,,,,,,,,,,,,,,,,,,,,,,,,,,,,,,,,,,,,,,,,,,,
Petre_et_al_2022,H1,Surface Water,36.018147,-79.365121,,4/27/2020,,Unnamed_SPE_LCMS_MS,,,,,,,,,,,,,,,,,,,,,,,,,,,,,,,,,,,,,,,,,,,,,,,
Petre_et_al_2022,H1,Surface Water,36.018147,-79.365121,,5/3/2020,,Unnamed_SPE_LCMS_MS,,,,,,,,,,,,,,,,,,,,,,,,,,,,,,,,,,,,,,,,,,,,,,,
Petre_et_al_2022,H1,Surface Water,36.018147,-79.365121,,5/11/2020,,Unnamed_SPE_LCMS_MS,,,,,,,,,,,,,,,,,,,,,,,,,,,,,,,,,,,,,,,,,,,,,,,
Petre_et_al_2022,H1,Surface Water,36.018147,-79.365121,,5/18/2020,,Unnamed_SPE_LCMS_MS,,,,,,,,,,,,,,,,,,,,,,,,,,,,,,,,,,,,,,,,,,,,,,,
Petre_et_al_2022,H1,Surface Water,36.018147,-79.365121,,5/25/2020,,Unnamed_SPE_LCMS_MS,,,,,,,,,,,,,,,,,,,,,,,,,,,,,,,,,,,,,,,,,,,,,,,
Petre_et_al_2022,H1,Surface Water,36.018147,-79.365121,,6/1/2020,,Unnamed_SPE_LCMS_MS,,,,,,,,,,,,,,,,,,,,,,,,,,,,,,,,,,,,,,,,,,,,,,,
Petre_et_al_2022,H1,Surface Water,36.018147,-79.365121,,6/8/2020,,Unnamed_SPE_LCMS_MS,,,,,,,,,,,,,,,,,,,,,,,,,,,,,,,,,,,,,,,,,,,,,,,
Petre_et_al_2022,H1,Surface Water,36.018147,-79.365121,,6/14/2020,,Unnamed_SPE_LCMS_MS,,,,,,,,,,,,,,,,,,,,,,,,,,,,,,,,,,,,,,,,,,,,,,,
Petre_et_al_2022,H1,Surface Water,36.018147,-79.365121,,6/22/2020,,Unnamed_SPE_LCMS_MS,,,,,,,,,,,,,,,,,,,,,,,,,,,,,,,,,,,,,,,,,,,,,,,
Petre_et_al_2022,H1,Surface Water,36.018147,-79.365121,,6/29/2020,,Unnamed_SPE_LCMS_MS,,,10.5,,17.9,4.6,2.7,3.2,36.3,10,,0,0,0.8,,,27,,18.1,14.7,,,,,,,,,,,,,,,,,,,,,,,,,,,
Petre_et_al_2022,H2,Surface Water,35.946024,-79.320549,,6/10/2019,,Unnamed_SPE_LCMS_MS,,,9.4,,4,0.5,0.8,2.2,5.3,2.7,,0.1,0,7.3,,,3.7,,4.1,1.1,,,,,,,,,,,,,,,,,,,,,,,,,,,
Petre_et_al_2022,H2,Surface Water,35.946024,-79.320549,,6/17/2019,,Unnamed_SPE_LCMS_MS,,,6.7,,5,0.6,0.8,3.5,9.8,5.3,,0,0,1.7,,,7.3,,5.2,1.7,,,,,,,,,,,,,,,,,,,,,,,,,,,
Petre_et_al_2022,H2,Surface Water,35.946024,-79.320549,,6/24/2019,,Unnamed_SPE_LCMS_MS,,,12.1,,8.6,1.4,1.6,3.4,35.1,25.2,,0.5,0.4,0.9,,,20.9,,13.4,2.9,,,,,,,,,,,,,,,,,,,,,,,,,,,
Petre_et_al_2022,H2,Surface Water,35.946024,-79.320549,,7/1/2019,,Unnamed_SPE_LCMS_MS,,,20.3,,15.8,2.2,2,5.5,186,140.4,,0.5,0.5,1.3,,,82.2,,27,7,,,,,,,,,,,,,,,,,,,,,,,,,,,
Petre_et_al_2022,H2,Surface Water,35.946024,-79.320549,,7/8/2019,,Unnamed_SPE_LCMS_MS,,,14.5,,17.8,3.1,2.4,6.5,97.2,58.7,,0,0,1.2,,,52.2,,30.6,5.3,,,,,,,,,,,,,,,,,,,,,,,,,,,
Petre_et_al_2022,H2,Surface Water,35.946024,-79.320549,,7/15/2019,,Unnamed_SPE_LCMS_MS,,,20.2,,16.9,1.8,1.9,5.1,94.1,63.4,,0.1,0,0.5,,,45.7,,25.5,4.9,,,,,,,,,,,,,,,,,,,,,,,,,,,
Petre_et_al_2022,H2,Surface Water,35.946024,-79.320549,,7/22/2019,,Unnamed_SPE_LCMS_MS,,,14.3,,27.4,2.5,3.3,7,206.1,235.9,,0.1,0.1,1.1,,,127.7,,52.3,9.4,,,,,,,,,,,,,,,,,,,,,,,,,,,
Petre_et_al_2022,H2,Surface Water,35.946024,-79.320549,,7/29/2019,,Unnamed_SPE_LCMS_MS,,,18.8,,17.8,2.7,2,7,82.8,73.7,,,0,0,,,66,,32,,,,,,,,,,,,,,,,,,,,,,,,,,,,
Petre_et_al_2022,H2,Surface Water,35.946024,-79.320549,,8/5/2019,,Unnamed_SPE_LCMS_MS,,,10.9,,8.9,1.3,1.4,3.6,56,41.2,,0.2,0,4.9,,,45.7,,18.9,3.6,,,,,,,,,,,,,,,,,,,,,,,,,,,
Petre_et_al_2022,H2,Surface Water,35.946024,-79.320549,,8/12/2019,,Unnamed_SPE_LCMS_MS,,,8.7,,15.1,1.5,1.7,4.4,218,182.7,,0,0,1,,,126.8,,49.9,5.4,,,,,,,,,,,,,,,,,,,,,,,,,,,
Petre_et_al_2022,H2,Surface Water,35.946024,-79.320549,,8/19/2019,,Unnamed_SPE_LCMS_MS,,,7,,10.3,1.7,1.6,3,60.9,36.2,,0.1,0.1,8.1,,,42.3,,22.9,3.6,,,,,,,,,,,,,,,,,,,,,,,,,,,
Petre_et_al_2022,H2,Surface Water,35.946024,-79.320549,,8/26/2019,,Unnamed_SPE_LCMS_MS,,,,,,,,,,,,,,,,,,,,,,,,,,,,,,,,,,,,,,,,,,,,,,,
Petre_et_al_2022,H2,Surface Water,35.946024,-79.320549,,9/9/2019,,Unnamed_SPE_LCMS_MS,,,11.3,,24.6,2.4,3,8.5,345.1,189.5,,0.1,0,1.6,,,244.7,,65.6,10.1,,,,,,,,,,,,,,,,,,,,,,,,,,,
Petre_et_al_2022,H2,Surface Water,35.946024,-79.320549,,9/16/2019,,Unnamed_SPE_LCMS_MS,,,17.2,,23.4,3.6,3.4,8.4,175.6,82.9,,0.1,0.1,6.4,,,110.6,,63.8,11.8,,,,,,,,,,,,,,,,,,,,,,,,,,,
Petre_et_al_2022,H2,Surface Water,35.946024,-79.320549,,9/23/2019,,Unnamed_SPE_LCMS_MS,,,21.2,,24.6,4.3,4.5,9.3,103.8,37.5,,0.1,0,1.5,,,63.7,,41.2,15.5,,,,,,,,,,,,,,,,,,,,,,,,,,,
Petre_et_al_2022,H2,Surface Water,35.946024,-79.320549,,9/30/2019,,Unnamed_SPE_LCMS_MS,,,21.2,,23.5,3.3,4,10.4,115.3,37,,0.1,0.1,17.8,,,62,,38.6,16.9,,,,,,,,,,,,,,,,,,,,,,,,,,,
Petre_et_al_2022,H2,Surface Water,35.946024,-79.320549,,10/7/2019,,Unnamed_SPE_LCMS_MS,,,19.3,,24.4,2.5,3.3,10.5,188.4,41.1,,0.1,0,7.9,,,108.8,,48.9,15.9,,,,,,,,,,,,,,,,,,,,,,,,,,,
Petre_et_al_2022,H2,Surface Water,35.946024,-79.320549,,10/14/2019,,Unnamed_SPE_LCMS_MS,,,21.5,,21.9,2.6,3.3,7.9,124,55,,0.1,0.2,15,,,105.7,,27.2,18.3,,,,,,,,,,,,,,,,,,,,,,,,,,,
Petre_et_al_2022,H2,Surface Water,35.946024,-79.320549,,10/21/2019,,Unnamed_SPE_LCMS_MS,,,20.2,,16.2,4.4,4.1,7.8,57.7,25.6,,1.6,1.6,0,,,50.7,,33.8,21.6,,,,,,,,,,,,,,,,,,,,,,,,,,,
Petre_et_al_2022,H2,Surface Water,35.946024,-79.320549,,10/28/2019,,Unnamed_SPE_LCMS_MS,,,6.6,,6.8,1.2,0.9,2.6,12.7,4.2,,0,0,0.2,,,9,,5.8,3.3,,,,,,,,,,,,,,,,,,,,,,,,,,,
Petre_et_al_2022,H2,Surface Water,35.946024,-79.320549,,11/4/2019,,Unnamed_SPE_LCMS_MS,,,12.4,,7,1.2,1.1,3.5,27.7,9.4,,0,0,3.1,,,16.2,,12.7,3.1,,,,,,,,,,,,,,,,,,,,,,,,,,,
Petre_et_al_2022,H2,Surface Water,35.946024,-79.320549,,11/11/2019,,Unnamed_SPE_LCMS_MS,,,9.3,,14.8,1.1,1.4,4.4,385.5,137.9,,0,0,1.5,,,154.6,,36.5,8,,,,,,,,,,,,,,,,,,,,,,,,,,,
Petre_et_al_2022,H2,Surface Water,35.946024,-79.320549,,12/2/2019,,Unnamed_SPE_LCMS_MS,,,4,,3.4,0.4,0.6,1.7,6.7,2,,0,0,0.1,,,3.2,,3.9,1.5,,,,,,,,,,,,,,,,,,,,,,,,,,,
Petre_et_al_2022,H2,Surface Water,35.946024,-79.320549,,12/16/2019,,Unnamed_SPE_LCMS_MS,,,4.7,,4.1,0.2,0.5,3,9.4,2,,0,0,0.1,,,3.9,,3.7,1.7,,,,,,,,,,,,,,,,,,,,,,,,,,,
Petre_et_al_2022,H2,Surface Water,35.946024,-79.320549,,1/6/2020,,Unnamed_SPE_LCMS_MS,,,6.9,,4.8,0.3,0.6,3.1,6.1,2.1,,0,0,0.4,,,2.3,,3.3,1.8,,,,,,,,,,,,,,,,,,,,,,,,,,,
Petre_et_al_2022,H2,Surface Water,35.946024,-79.320549,,1/21/2020,,Unnamed_SPE_LCMS_MS,,,,,,,,,,,,,,,,,,,,,,,,,,,,,,,,,,,,,,,,,,,,,,,
Petre_et_al_2022,H2,Surface Water,35.946024,-79.320549,,2/3/2020,,Unnamed_SPE_LCMS_MS,,,17.9,,17.1,1.2,1.8,7.3,35,12.3,,0,0.3,1.4,,,14.8,,14.6,10,,,,,,,,,,,,,,,,,,,,,,,,,,,
Petre_et_al_2022,H2,Surface Water,35.946024,-79.320549,,2/17/2020,,Unnamed_SPE_LCMS_MS,,,,,,,,,,,,,,,,,,,,,,,,,,,,,,,,,,,,,,,,,,,,,,,
Petre_et_al_2022,H2,Surface Water,35.946024,-79.320549,,3/2/2020,,Unnamed_SPE_LCMS_MS,,,,,,,,,,,,,,,,,,,,,,,,,,,,,,,,,,,,,,,,,,,,,,,
Petre_et_al_2022,H2,Surface Water,35.946024,-79.320549,,3/16/2020,,Unnamed_SPE_LCMS_MS,,,9.1,,11.3,0.6,1.1,3.8,48.7,47.9,,0,0,0.7,,,61,,13.6,5.3,,,,,,,,,,,,,,,,,,,,,,,,,,,
Petre_et_al_2022,H2,Surface Water,35.946024,-79.320549,,3/30/2020,,Unnamed_SPE_LCMS_MS,,,3.1,,7.1,0.2,0.6,3.4,30.2,10.4,,0.1,0,0.1,,,40.4,,10,3,,,,,,,,,,,,,,,,,,,,,,,,,,,
Petre_et_al_2022,H2,Surface Water,35.946024,-79.320549,,7/5/2020,,Unnamed_SPE_LCMS_MS,,,11.8,,29.3,3.3,5.5,3.9,41.2,14,,0,0,0.3,,,34.3,,18.2,13.7,,,,,,,,,,,,,,,,,,,,,,,,,,,
Petre_et_al_2022,H2,Surface Water,35.946024,-79.320549,,7/12/2020,,Unnamed_SPE_LCMS_MS,,,13.8,,32,3.6,5.5,4.1,47.8,14.7,,0,0,0.6,,,41.3,,20.2,14.5,,,,,,,,,,,,,,,,,,,,,,,,,,,
Petre_et_al_2022,H2,Surface Water,35.946024,-79.320549,,7/20/2020,,Unnamed_SPE_LCMS_MS,,,,,,,,,,,,,,,,,,,,,,,,,,,,,,,,,,,,,,,,,,,,,,,
Petre_et_al_2022,H2,Surface Water,35.946024,-79.320549,,7/27/2020,,Unnamed_SPE_LCMS_MS,,,,,,,,,,,,,,,,,,,,,,,,,,,,,,,,,,,,,,,,,,,,,,,
Petre_et_al_2022,H2,Surface Water,35.946024,-79.320549,,8/2/2020,,Unnamed_SPE_LCMS_MS,,,,,,,,,,,,,,,,,,,,,,,,,,,,,,,,,,,,,,,,,,,,,,,
Petre_et_al_2022,H2,Surface Water,35.946024,-79.320549,,8/10/2020,,Unnamed_SPE_LCMS_MS,,,,,,,,,,,,,,,,,,,,,,,,,,,,,,,,,,,,,,,,,,,,,,,
Petre_et_al_2022,H2,Surface Water,35.946024,-79.320549,,8/17/2020,,Unnamed_SPE_LCMS_MS,,,,,,,,,,,,,,,,,,,,,,,,,,,,,,,,,,,,,,,,,,,,,,,
Petre_et_al_2022,H2,Surface Water,35.946024,-79.320549,,8/24/2020,,Unnamed_SPE_LCMS_MS,,,,,,,,,,,,,,,,,,,,,,,,,,,,,,,,,,,,,,,,,,,,,,,
Petre_et_al_2022,H2,Surface Water,35.946024,-79.320549,,8/31/2020,,Unnamed_SPE_LCMS_MS,,,,,,,,,,,,,,,,,,,,,,,,,,,,,,,,,,,,,,,,,,,,,,,
Petre_et_al_2022,H2,Surface Water,35.946024,-79.320549,,9/7/2020,,Unnamed_SPE_LCMS_MS,,,,,,,,,,,,,,,,,,,,,,,,,,,,,,,,,,,,,,,,,,,,,,,
Petre_et_al_2022,H2,Surface Water,35.946024,-79.320549,,9/14/2020,,Unnamed_SPE_LCMS_MS,,,,,,,,,,,,,,,,,,,,,,,,,,,,,,,,,,,,,,,,,,,,,,,
Petre_et_al_2022,H2,Surface Water,35.946024,-79.320549,,9/21/2020,,Unnamed_SPE_LCMS_MS,,,,,,,,,,,,,,,,,,,,,,,,,,,,,,,,,,,,,,,,,,,,,,,
Petre_et_al_2022,H2,Surface Water,35.946024,-79.320549,,9/28/2020,,Unnamed_SPE_LCMS_MS,,,,,,,,,,,,,,,,,,,,,,,,,,,,,,,,,,,,,,,,,,,,,,,
Petre_et_al_2022,H2,Surface Water,35.946024,-79.320549,,10/4/2020,,Unnamed_SPE_LCMS_MS,,,,,,,,,,,,,,,,,,,,,,,,,,,,,,,,,,,,,,,,,,,,,,,
Petre_et_al_2022,H2,Surface Water,35.946024,-79.320549,,1/20/2020,,Unnamed_SPE_LCMS_MS,,,11.8,,9.3,0.7,1,3.8,23.2,9,,0,0.2,1.3,,,12.1,,8.1,6.4,,,,,,,,,,,,,,,,,,,,,,,,,,,
Petre_et_al_2022,H2,Surface Water,35.946024,-79.320549,,4/14/2020,,Unnamed_SPE_LCMS_MS,,,,,,,,,,,,,,,,,,,,,,,,,,,,,,,,,,,,,,,,,,,,,,,
Petre_et_al_2022,H2,Surface Water,35.946024,-79.320549,,4/27/2020,,Unnamed_SPE_LCMS_MS,,,,,,,,,,,,,,,,,,,,,,,,,,,,,,,,,,,,,,,,,,,,,,,
Petre_et_al_2022,H2,Surface Water,35.946024,-79.320549,,5/3/2020,,Unnamed_SPE_LCMS_MS,,,,,,,,,,,,,,,,,,,,,,,,,,,,,,,,,,,,,,,,,,,,,,,
Petre_et_al_2022,H2,Surface Water,35.946024,-79.320549,,5/11/2020,,Unnamed_SPE_LCMS_MS,,,,,,,,,,,,,,,,,,,,,,,,,,,,,,,,,,,,,,,,,,,,,,,
Petre_et_al_2022,H2,Surface Water,35.946024,-79.320549,,5/18/2020,,Unnamed_SPE_LCMS_MS,,,,,,,,,,,,,,,,,,,,,,,,,,,,,,,,,,,,,,,,,,,,,,,
Petre_et_al_2022,H2,Surface Water,35.946024,-79.320549,,5/25/2020,,Unnamed_SPE_LCMS_MS,,,,,,,,,,,,,,,,,,,,,,,,,,,,,,,,,,,,,,,,,,,,,,,
Petre_et_al_2022,H2,Surface Water,35.946024,-79.320549,,6/1/2020,,Unnamed_SPE_LCMS_MS,,,,,,,,,,,,,,,,,,,,,,,,,,,,,,,,,,,,,,,,,,,,,,,
Petre_et_al_2022,H2,Surface Water,35.946024,-79.320549,,6/8/2020,,Unnamed_SPE_LCMS_MS,,,,,,,,,,,,,,,,,,,,,,,,,,,,,,,,,,,,,,,,,,,,,,,
Petre_et_al_2022,H2,Surface Water,35.946024,-79.320549,,6/14/2020,,Unnamed_SPE_LCMS_MS,,,,,,,,,,,,,,,,,,,,,,,,,,,,,,,,,,,,,,,,,,,,,,,
Petre_et_al_2022,H2,Surface Water,35.946024,-79.320549,,6/22/2020,,Unnamed_SPE_LCMS_MS,,,,,,,,,,,,,,,,,,,,,,,,,,,,,,,,,,,,,,,,,,,,,,,
Petre_et_al_2022,H2,Surface Water,35.946024,-79.320549,,6/29/2020,,Unnamed_SPE_LCMS_MS,,,9.7,,21,2.4,4.3,2.7,25.2,8.7,,0,0,0.3,,,22.8,,11.3,6.1,,,,,,,,,,,,,,,,,,,,,,,,,,,
Petre_et_al_2022,H3,Surface Water,35.88609,-79.256016,,6/10/2019,,Unnamed_SPE_LCMS_MS,,,9.5,,4.3,0.5,0.8,2.5,5.8,3.5,,0.1,0,5,,,4.3,,4.3,1.1,,,,,,,,,,,,,,,,,,,,,,,,,,,
Petre_et_al_2022,H3,Surface Water,35.88609,-79.256016,,6/17/2019,,Unnamed_SPE_LCMS_MS,,,7.2,,5.3,0.6,0.7,3.3,9.2,3.7,,0.2,0,1.3,,,5,,4.7,1.9,,,,,,,,,,,,,,,,,,,,,,,,,,,
Petre_et_al_2022,H3,Surface Water,35.88609,-79.256016,,6/24/2019,,Unnamed_SPE_LCMS_MS,,,9.9,,8.7,1.2,1.4,4,29.9,20.5,,0.5,0.4,1.1,,,17.4,,11.9,2.8,,,,,,,,,,,,,,,,,,,,,,,,,,,
Petre_et_al_2022,H3,Surface Water,35.88609,-79.256016,,7/1/2019,,Unnamed_SPE_LCMS_MS,,,15.5,,17.5,2,2.1,6.1,178,138.7,,0.5,0.5,1.4,,,77.7,,37.8,7,,,,,,,,,,,,,,,,,,,,,,,,,,,
Petre_et_al_2022,H3,Surface Water,35.88609,-79.256016,,7/8/2019,,Unnamed_SPE_LCMS_MS,,,13.8,,16.9,2.1,2,6.4,87.2,58,,0.1,0,0.9,,,46,,28.5,5.4,,,,,,,,,,,,,,,,,,,,,,,,,,,
Petre_et_al_2022,H3,Surface Water,35.88609,-79.256016,,7/15/2019,,Unnamed_SPE_LCMS_MS,,,22.1,,17.9,1.9,2.1,6,98,63.6,,0,0,0.4,,,48.2,,26,4.1,,,,,,,,,,,,,,,,,,,,,,,,,,,
Petre_et_al_2022,H3,Surface Water,35.88609,-79.256016,,7/22/2019,,Unnamed_SPE_LCMS_MS,,,15.4,,26.8,2.6,3.1,6.9,200.9,230.7,,0.1,0,0.9,,,120.8,,48.3,9.1,,,,,,,,,,,,,,,,,,,,,,,,,,,
Petre_et_al_2022,H3,Surface Water,35.88609,-79.256016,,7/29/2019,,Unnamed_SPE_LCMS_MS,,,10.3,,12.5,1.1,1.5,5.6,51.8,51.4,,0.1,0,0.7,,,35.8,,17.3,4,,,,,,,,,,,,,,,,,,,,,,,,,,,
Petre_et_al_2022,H3,Surface Water,35.88609,-79.256016,,8/5/2019,,Unnamed_SPE_LCMS_MS,,,,,,,,,,,,,,,,,,,,,,,,,,,,,,,,,,,,,,,,,,,,,,,
Petre_et_al_2022,H3,Surface Water,35.88609,-79.256016,,8/12/2019,,Unnamed_SPE_LCMS_MS,,,10.6,,17.7,2.1,1.8,5.6,222.6,186.8,,0.1,0,0.9,,,121,,49.1,5.2,,,,,,,,,,,,,,,,,,,,,,,,,,,
Petre_et_al_2022,H3,Surface Water,35.88609,-79.256016,,8/19/2019,,Unnamed_SPE_LCMS_MS,,,7,,11.2,1.2,1.5,3.7,60.6,37.4,,0.1,0,8.7,,,40.5,,25.5,4,,,,,,,,,,,,,,,,,,,,,,,,,,,
Petre_et_al_2022,H3,Surface Water,35.88609,-79.256016,,8/26/2019,,Unnamed_SPE_LCMS_MS,,,,,,,,,,,,,,,,,,,,,,,,,,,,,,,,,,,,,,,,,,,,,,,
Petre_et_al_2022,H3,Surface Water,35.88609,-79.256016,,9/9/2019,,Unnamed_SPE_LCMS_MS,,,14,,23.6,2.4,2.9,8.4,298.6,146.6,,0.1,0,1.2,,,274.1,,61.7,9.5,,,,,,,,,,,,,,,,,,,,,,,,,,,
Petre_et_al_2022,H3,Surface Water,35.88609,-79.256016,,9/16/2019,,Unnamed_SPE_LCMS_MS,,,14.3,,24.5,2.3,3,9,192.8,99.3,,0.1,0.1,7.7,,,114.2,,66.4,10.5,,,,,,,,,,,,,,,,,,,,,,,,,,,
Petre_et_al_2022,H3,Surface Water,35.88609,-79.256016,,9/23/2019,,Unnamed_SPE_LCMS_MS,,,13.4,,25.3,2,3.4,9.3,107.9,35.1,,0.1,0,0.4,,,66,,40.8,14.7,,,,,,,,,,,,,,,,,,,,,,,,,,,
Petre_et_al_2022,H3,Surface Water,35.88609,-79.256016,,9/30/2019,,Unnamed_SPE_LCMS_MS,,,16.9,,22.4,2.6,3.3,10.1,83.6,23.9,,0.1,0.1,18.6,,,41.6,,31.8,15.1,,,,,,,,,,,,,,,,,,,,,,,,,,,
Petre_et_al_2022,H3,Surface Water,35.88609,-79.256016,,10/7/2019,,Unnamed_SPE_LCMS_MS,,,20.8,,24.6,2.9,3.2,10.5,190.2,43.2,,0.1,0,5.7,,,109.7,,45.9,16.4,,,,,,,,,,,,,,,,,,,,,,,,,,,
Petre_et_al_2022,H3,Surface Water,35.88609,-79.256016,,10/14/2019,,Unnamed_SPE_LCMS_MS,,,18,,23.6,2.1,3.2,8.2,121.9,48.8,,0.1,0.2,14.9,,,102.7,,18.1,13.1,,,,,,,,,,,,,,,,,,,,,,,,,,,
Petre_et_al_2022,H3,Surface Water,35.88609,-79.256016,,10/21/2019,,Unnamed_SPE_LCMS_MS,,,14.9,,12.5,4,3.1,5.8,29.8,12,,1.9,1.6,0,,,22.6,,17.2,5.3,,,,,,,,,,,,,,,,,,,,,,,,,,,
Petre_et_al_2022,H3,Surface Water,35.88609,-79.256016,,10/28/2019,,Unnamed_SPE_LCMS_MS,,,8.6,,7.9,1.3,0.9,3.6,17.1,7.8,,0,0,0.2,,,14,,8,5.4,,,,,,,,,,,,,,,,,,,,,,,,,,,
Petre_et_al_2022,H3,Surface Water,35.88609,-79.256016,,11/4/2019,,Unnamed_SPE_LCMS_MS,,,6.9,,6.7,0.7,0.8,3.6,26.6,8.1,,0,0,1.6,,,13.6,,9.6,2.9,,,,,,,,,,,,,,,,,,,,,,,,,,,
Petre_et_al_2022,H3,Surface Water,35.88609,-79.256016,,11/11/2019,,Unnamed_SPE_LCMS_MS,,,8,,13.7,0.9,1,4.2,379.6,102.1,,0,0,1.2,,,176.7,,37.1,5.6,,,,,,,,,,,,,,,,,,,,,,,,,,,
Petre_et_al_2022,H3,Surface Water,35.88609,-79.256016,,12/2/2019,,Unnamed_SPE_LCMS_MS,,,5,,4.7,0.4,0.7,2.2,8.7,3.4,,0,0,0.1,,,4.4,,4.6,1.8,,,,,,,,,,,,,,,,,,,,,,,,,,,
Petre_et_al_2022,H3,Surface Water,35.88609,-79.256016,,12/16/2019,,Unnamed_SPE_LCMS_MS,,,6.4,,5.2,0.3,0.6,3.2,10.7,2.6,,0,0,0.1,,,4.4,,3.5,1.9,,,,,,,,,,,,,,,,,,,,,,,,,,,
Petre_et_al_2022,H3,Surface Water,35.88609,-79.256016,,1/6/2020,,Unnamed_SPE_LCMS_MS,,,9.1,,6,0.3,0.7,3.5,7,2.7,,0,0,0.4,,,2.2,,3,2.1,,,,,,,,,,,,,,,,,,,,,,,,,,,
Petre_et_al_2022,H3,Surface Water,35.88609,-79.256016,,1/21/2020,,Unnamed_SPE_LCMS_MS,,,,,,,,,,,,,,,,,,,,,,,,,,,,,,,,,,,,,,,,,,,,,,,
Petre_et_al_2022,H3,Surface Water,35.88609,-79.256016,,2/3/2020,,Unnamed_SPE_LCMS_MS,,,11.8,,13.5,0.6,0.9,5.2,21.7,7.7,,0,0.3,0.8,,,9.3,,7.7,6.5,,,,,,,,,,,,,,,,,,,,,,,,,,,
Petre_et_al_2022,H3,Surface Water,35.88609,-79.256016,,2/17/2020,,Unnamed_SPE_LCMS_MS,,,16.7,,7.6,0.8,0.9,3.5,7.1,3.4,,0,0,0.5,,,2.2,,4.7,1.3,,,,,,,,,,,,,,,,,,,,,,,,,,,
Petre_et_al_2022,H3,Surface Water,35.88609,-79.256016,,3/2/2020,,Unnamed_SPE_LCMS_MS,,,,,,,,,,,,,,,,,,,,,,,,,,,,,,,,,,,,,,,,,,,,,,,
Petre_et_al_2022,H3,Surface Water,35.88609,-79.256016,,3/16/2020,,Unnamed_SPE_LCMS_MS,,,9.6,,10.8,0.7,1.1,3.9,42.8,40.4,,0.1,0,0.4,,,56.6,,11.8,4.2,,,,,,,,,,,,,,,,,,,,,,,,,,,
Petre_et_al_2022,H3,Surface Water,35.88609,-79.256016,,3/30/2020,,Unnamed_SPE_LCMS_MS,,,8.2,,0.7,0.4,0.8,3.2,14.5,11.7,,0.3,0,0,,,30.1,,9,3.1,,,,,,,,,,,,,,,,,,,,,,,,,,,
Petre_et_al_2022,H3,Surface Water,35.88609,-79.256016,,7/5/2020,,Unnamed_SPE_LCMS_MS,,,12.2,,29,2.9,5.3,3.9,37.9,13,,0,0,0.3,,,31.9,,16.9,12.8,,,,,,,,,,,,,,,,,,,,,,,,,,,
Petre_et_al_2022,H3,Surface Water,35.88609,-79.256016,,7/12/2020,,Unnamed_SPE_LCMS_MS,,,13.9,,30.5,4.1,5.6,4,45.2,13.2,,0,0,1,,,36.3,,20,12.9,,,,,,,,,,,,,,,,,,,,,,,,,,,
Petre_et_al_2022,H3,Surface Water,35.88609,-79.256016,,7/20/2020,,Unnamed_SPE_LCMS_MS,,,,,,,,,,,,,,,,,,,,,,,,,,,,,,,,,,,,,,,,,,,,,,,
Petre_et_al_2022,H3,Surface Water,35.88609,-79.256016,,7/27/2020,,Unnamed_SPE_LCMS_MS,,,,,,,,,,,,,,,,,,,,,,,,,,,,,,,,,,,,,,,,,,,,,,,
Petre_et_al_2022,H3,Surface Water,35.88609,-79.256016,,8/2/2020,,Unnamed_SPE_LCMS_MS,,,,,,,,,,,,,,,,,,,,,,,,,,,,,,,,,,,,,,,,,,,,,,,
Petre_et_al_2022,H3,Surface Water,35.88609,-79.256016,,8/10/2020,,Unnamed_SPE_LCMS_MS,,,,,,,,,,,,,,,,,,,,,,,,,,,,,,,,,,,,,,,,,,,,,,,
Petre_et_al_2022,H3,Surface Water,35.88609,-79.256016,,8/17/2020,,Unnamed_SPE_LCMS_MS,,,,,,,,,,,,,,,,,,,,,,,,,,,,,,,,,,,,,,,,,,,,,,,
Petre_et_al_2022,H3,Surface Water,35.88609,-79.256016,,8/24/2020,,Unnamed_SPE_LCMS_MS,,,,,,,,,,,,,,,,,,,,,,,,,,,,,,,,,,,,,,,,,,,,,,,
Petre_et_al_2022,H3,Surface Water,35.88609,-79.256016,,8/31/2020,,Unnamed_SPE_LCMS_MS,,,,,,,,,,,,,,,,,,,,,,,,,,,,,,,,,,,,,,,,,,,,,,,
Petre_et_al_2022,H3,Surface Water,35.88609,-79.256016,,9/7/2020,,Unnamed_SPE_LCMS_MS,,,,,,,,,,,,,,,,,,,,,,,,,,,,,,,,,,,,,,,,,,,,,,,
Petre_et_al_2022,H3,Surface Water,35.88609,-79.256016,,9/14/2020,,Unnamed_SPE_LCMS_MS,,,,,,,,,,,,,,,,,,,,,,,,,,,,,,,,,,,,,,,,,,,,,,,
Petre_et_al_2022,H3,Surface Water,35.88609,-79.256016,,9/21/2020,,Unnamed_SPE_LCMS_MS,,,,,,,,,,,,,,,,,,,,,,,,,,,,,,,,,,,,,,,,,,,,,,,
Petre_et_al_2022,H3,Surface Water,35.88609,-79.256016,,9/28/2020,,Unnamed_SPE_LCMS_MS,,,,,,,,,,,,,,,,,,,,,,,,,,,,,,,,,,,,,,,,,,,,,,,
Petre_et_al_2022,H3,Surface Water,35.88609,-79.256016,,10/4/2020,,Unnamed_SPE_LCMS_MS,,,,,,,,,,,,,,,,,,,,,,,,,,,,,,,,,,,,,,,,,,,,,,,
Petre_et_al_2022,H3,Surface Water,35.88609,-79.256016,,1/20/2020,,Unnamed_SPE_LCMS_MS,,,16.8,,10.8,1.1,1.1,4.5,24.8,9.5,,0,0.3,1.5,,,11.3,,11,7.4,,,,,,,,,,,,,,,,,,,,,,,,,,,
Petre_et_al_2022,H3,Surface Water,35.88609,-79.256016,,4/14/2020,,Unnamed_SPE_LCMS_MS,,,,,,,,,,,,,,,,,,,,,,,,,,,,,,,,,,,,,,,,,,,,,,,
Petre_et_al_2022,H3,Surface Water,35.88609,-79.256016,,4/27/2020,,Unnamed_SPE_LCMS_MS,,,,,,,,,,,,,,,,,,,,,,,,,,,,,,,,,,,,,,,,,,,,,,,
Petre_et_al_2022,H3,Surface Water,35.88609,-79.256016,,5/3/2020,,Unnamed_SPE_LCMS_MS,,,,,,,,,,,,,,,,,,,,,,,,,,,,,,,,,,,,,,,,,,,,,,,
Petre_et_al_2022,H3,Surface Water,35.88609,-79.256016,,5/11/2020,,Unnamed_SPE_LCMS_MS,,,,,,,,,,,,,,,,,,,,,,,,,,,,,,,,,,,,,,,,,,,,,,,
Petre_et_al_2022,H3,Surface Water,35.88609,-79.256016,,5/18/2020,,Unnamed_SPE_LCMS_MS,,,,,,,,,,,,,,,,,,,,,,,,,,,,,,,,,,,,,,,,,,,,,,,
Petre_et_al_2022,H3,Surface Water,35.88609,-79.256016,,5/25/2020,,Unnamed_SPE_LCMS_MS,,,,,,,,,,,,,,,,,,,,,,,,,,,,,,,,,,,,,,,,,,,,,,,
Petre_et_al_2022,H3,Surface Water,35.88609,-79.256016,,6/1/2020,,Unnamed_SPE_LCMS_MS,,,,,,,,,,,,,,,,,,,,,,,,,,,,,,,,,,,,,,,,,,,,,,,
Petre_et_al_2022,H3,Surface Water,35.88609,-79.256016,,6/8/2020,,Unnamed_SPE_LCMS_MS,,,,,,,,,,,,,,,,,,,,,,,,,,,,,,,,,,,,,,,,,,,,,,,
Petre_et_al_2022,H3,Surface Water,35.88609,-79.256016,,6/14/2020,,Unnamed_SPE_LCMS_MS,,,,,,,,,,,,,,,,,,,,,,,,,,,,,,,,,,,,,,,,,,,,,,,
Petre_et_al_2022,H3,Surface Water,35.88609,-79.256016,,6/22/2020,,Unnamed_SPE_LCMS_MS,,,,,,,,,,,,,,,,,,,,,,,,,,,,,,,,,,,,,,,,,,,,,,,
Petre_et_al_2022,H3,Surface Water,35.88609,-79.256016,,6/29/2020,,Unnamed_SPE_LCMS_MS,,,11.3,,21.7,2.4,4.1,3.4,24.3,9.3,,0,0,0.1,,,24.4,,11,6.8,,,,,,,,,,,,,,,,,,,,,,,,,,,
Petre_et_al_2022,H4,Surface Water,35.73153,-79.105819,,6/10/2019,,Unnamed_SPE_LCMS_MS,,,11.9,,5.8,0.7,1,3.1,6.9,3.6,,0.1,0,5.5,,,5.1,,4.7,1.9,,,,,,,,,,,,,,,,,,,,,,,,,,,
Petre_et_al_2022,H4,Surface Water,35.73153,-79.105819,,6/17/2019,,Unnamed_SPE_LCMS_MS,,,8.4,,5.7,0.6,0.8,3.3,9.5,4.2,,0.3,0,1.6,,,5.5,,4.6,1.6,,,,,,,,,,,,,,,,,,,,,,,,,,,
Petre_et_al_2022,H4,Surface Water,35.73153,-79.105819,,6/24/2019,,Unnamed_SPE_LCMS_MS,,,11.9,,11.3,1.1,1.6,4.2,41.5,27,,0.5,0.4,1.2,,,22.4,,12.9,3.2,,,,,,,,,,,,,,,,,,,,,,,,,,,
Petre_et_al_2022,H4,Surface Water,35.73153,-79.105819,,7/1/2019,,Unnamed_SPE_LCMS_MS,,,13,,14.9,1.6,2,5.2,127.5,106.8,,0.5,0.5,1,,,56.9,,29.5,8.2,,,,,,,,,,,,,,,,,,,,,,,,,,,
Petre_et_al_2022,H4,Surface Water,35.73153,-79.105819,,7/8/2019,,Unnamed_SPE_LCMS_MS,,,21.2,,25.5,2.6,2.9,7.2,140.5,112.5,,0.2,0,3,,,74.6,,38.6,8.9,,,,,,,,,,,,,,,,,,,,,,,,,,,
Petre_et_al_2022,H4,Surface Water,35.73153,-79.105819,,7/15/2019,,Unnamed_SPE_LCMS_MS,,,16.3,,16.1,1.7,1.9,5.2,48,35.7,,0.1,0,0.4,,,24.2,,15.2,4.7,,,,,,,,,,,,,,,,,,,,,,,,,,,
Petre_et_al_2022,H4,Surface Water,35.73153,-79.105819,,7/22/2019,,Unnamed_SPE_LCMS_MS,,,18.2,,20.3,2.2,2.3,6.6,75.8,58,,0.1,0,0.5,,,44.9,,29.2,7.8,,,,,,,,,,,,,,,,,,,,,,,,,,,
Petre_et_al_2022,H4,Surface Water,35.73153,-79.105819,,7/29/2019,,Unnamed_SPE_LCMS_MS,,,14.1,,10.8,1.5,1.7,5.2,43.2,51.8,,0,0.1,0.5,,,27.5,,12.9,3.2,,,,,,,,,,,,,,,,,,,,,,,,,,,
Petre_et_al_2022,H4,Surface Water,35.73153,-79.105819,,8/5/2019,,Unnamed_SPE_LCMS_MS,,,17.3,,12.3,1.4,1.9,5.8,48.3,30.3,,0.1,0,2.6,,,32.4,,15.9,5,,,,,,,,,,,,,,,,,,,,,,,,,,,
Petre_et_al_2022,H4,Surface Water,35.73153,-79.105819,,8/12/2019,,Unnamed_SPE_LCMS_MS,,,12,,13.7,1.7,1.6,4.8,126.1,118.5,,0,0,0.5,,,66.6,,26,3.5,,,,,,,,,,,,,,,,,,,,,,,,,,,
Petre_et_al_2022,H4,Surface Water,35.73153,-79.105819,,8/19/2019,,Unnamed_SPE_LCMS_MS,,,13,,24.2,2.4,3,7,315.8,188.7,,0.1,0,0.8,,,215,,84.4,10.3,,,,,,,,,,,,,,,,,,,,,,,,,,,
Petre_et_al_2022,H4,Surface Water,35.73153,-79.105819,,8/26/2019,,Unnamed_SPE_LCMS_MS,,,,,,,,,,,,,,,,,,,,,,,,,,,,,,,,,,,,,,,,,,,,,,,
Petre_et_al_2022,H4,Surface Water,35.73153,-79.105819,,9/9/2019,,Unnamed_SPE_LCMS_MS,,,11.9,,17.8,1.2,2.2,7,164.2,90.8,,0.1,0,0,,,113.1,,58.6,6.1,,,,,,,,,,,,,,,,,,,,,,,,,,,
Petre_et_al_2022,H4,Surface Water,35.73153,-79.105819,,9/16/2019,,Unnamed_SPE_LCMS_MS,,,13.9,,26.2,1.9,3,8.1,326.8,187,,0.1,0,0.7,,,212.8,,74.7,10.2,,,,,,,,,,,,,,,,,,,,,,,,,,,
Petre_et_al_2022,H4,Surface Water,35.73153,-79.105819,,9/23/2019,,Unnamed_SPE_LCMS_MS,,,15.1,,24.5,2.3,3.3,9,174.3,87.3,,0.1,0.1,1.6,,,108.7,,65.9,13.1,,,,,,,,,,,,,,,,,,,,,,,,,,,
Petre_et_al_2022,H4,Surface Water,35.73153,-79.105819,,9/30/2019,,Unnamed_SPE_LCMS_MS,,,20.1,,26.6,3,4.2,10.6,100.6,29.4,,0.2,0,0.3,,,51.2,,44.6,16.7,,,,,,,,,,,,,,,,,,,,,,,,,,,
Petre_et_al_2022,H4,Surface Water,35.73153,-79.105819,,10/7/2019,,Unnamed_SPE_LCMS_MS,,,18,,25.5,2.6,3.6,10.5,139.1,44.2,,0.2,0,6,,,71.5,,45.9,16.1,,,,,,,,,,,,,,,,,,,,,,,,,,,
Petre_et_al_2022,H4,Surface Water,35.73153,-79.105819,,10/14/2019,,Unnamed_SPE_LCMS_MS,,,,,,,,,,,,,,,,,,,29.2,20,,,,,,,,,,,,,,,,,,,,,,,,,,,
Petre_et_al_2022,H4,Surface Water,35.73153,-79.105819,,10/21/2019,,Unnamed_SPE_LCMS_MS,,,23.1,,24.7,4.1,5.1,11.9,69.3,23.9,,1.6,1.7,0,,,50.9,,2.4,4.3,,,,,,,,,,,,,,,,,,,,,,,,,,,
Petre_et_al_2022,H4,Surface Water,35.73153,-79.105819,,10/28/2019,,Unnamed_SPE_LCMS_MS,,,8.1,,11.2,1.5,1.2,3.8,25.1,9.3,,0,0,0.3,,,19.8,,10.6,6.9,,,,,,,,,,,,,,,,,,,,,,,,,,,
Petre_et_al_2022,H4,Surface Water,35.73153,-79.105819,,11/4/2019,,Unnamed_SPE_LCMS_MS,,,11.8,,7.1,1.4,1.1,2.6,25.6,9.6,,0,0,0.7,,,12.4,,8.5,2.9,,,,,,,,,,,,,,,,,,,,,,,,,,,
Petre_et_al_2022,H4,Surface Water,35.73153,-79.105819,,11/11/2019,,Unnamed_SPE_LCMS_MS,,,7.6,,8.1,0.7,0.8,3.4,97.2,33.6,,0,0,1.1,,,42.4,,18.9,5.3,,,,,,,,,,,,,,,,,,,,,,,,,,,
Petre_et_al_2022,H4,Surface Water,35.73153,-79.105819,,12/2/2019,,Unnamed_SPE_LCMS_MS,,,,,,,,,,,,,,,,,,,29.2,20,,,,,,,,,,,,,,,,,,,,,,,,,,,
Petre_et_al_2022,H4,Surface Water,35.73153,-79.105819,,12/16/2019,,Unnamed_SPE_LCMS_MS,,,7.1,,5.9,0.3,0.6,2.9,9,2.7,,0,0,0.3,,,3.5,,3.5,1.8,,,,,,,,,,,,,,,,,,,,,,,,,,,
Petre_et_al_2022,H4,Surface Water,35.73153,-79.105819,,1/6/2020,,Unnamed_SPE_LCMS_MS,,,10.6,,7.6,0.4,0.8,3.8,5.5,2.1,,0,0,0.4,,,2.5,,2.9,1.9,,,,,,,,,,,,,,,,,,,,,,,,,,,
Petre_et_al_2022,H4,Surface Water,35.73153,-79.105819,,1/21/2020,,Unnamed_SPE_LCMS_MS,,,,,,,,,,,,,,,,,,,,,,,,,,,,,,,,,,,,,,,,,,,,,,,
Petre_et_al_2022,H4,Surface Water,35.73153,-79.105819,,2/3/2020,,Unnamed_SPE_LCMS_MS,,,13.4,,12.9,0.5,0.9,4.2,16.5,9.2,,0,0.2,0.3,,,7.6,,6.7,5.2,,,,,,,,,,,,,,,,,,,,,,,,,,,
Petre_et_al_2022,H4,Surface Water,35.73153,-79.105819,,2/17/2020,,Unnamed_SPE_LCMS_MS,,,8.9,,6.9,0.3,0.6,3.2,5.5,2.7,,0,0,0.4,,,2.1,,2.7,1,,,,,,,,,,,,,,,,,,,,,,,,,,,
Petre_et_al_2022,H4,Surface Water,35.73153,-79.105819,,3/2/2020,,Unnamed_SPE_LCMS_MS,,,,,,,,,,,,,,,,,,,,,,,,,,,,,,,,,,,,,,,,,,,,,,,
Petre_et_al_2022,H4,Surface Water,35.73153,-79.105819,,3/16/2020,,Unnamed_SPE_LCMS_MS,,,15.7,,14.4,1.2,1.5,4.4,52.8,103,,0,0,0.6,,,53.7,,0,3,,,,,,,,,,,,,,,,,,,,,,,,,,,
Petre_et_al_2022,H4,Surface Water,35.73153,-79.105819,,3/30/2020,,Unnamed_SPE_LCMS_MS,,,7.6,,7,0.3,0.6,2.8,13.6,9.6,,0.1,0,0,,,26,,5.1,2.2,,,,,,,,,,,,,,,,,,,,,,,,,,,
Petre_et_al_2022,H4,Surface Water,35.73153,-79.105819,,7/5/2020,,Unnamed_SPE_LCMS_MS,,,23.8,,35.2,2.2,4.7,5.4,43.2,16.7,,0,0,0.3,,,30.7,,18.5,21.2,,,,,,,,,,,,,,,,,,,,,,,,,,,
Petre_et_al_2022,H4,Surface Water,35.73153,-79.105819,,7/12/2020,,Unnamed_SPE_LCMS_MS,,,21.6,,49.8,3.7,8,6.1,63.5,20.5,,0,0,0.7,,,47.8,,23.3,17.3,,,,,,,,,,,,,,,,,,,,,,,,,,,
Petre_et_al_2022,H4,Surface Water,35.73153,-79.105819,,7/20/2020,,Unnamed_SPE_LCMS_MS,,,,,,,,,,,,,,,,,,,,,,,,,,,,,,,,,,,,,,,,,,,,,,,
Petre_et_al_2022,H4,Surface Water,35.73153,-79.105819,,7/27/2020,,Unnamed_SPE_LCMS_MS,,,,,,,,,,,,,,,,,,,,,,,,,,,,,,,,,,,,,,,,,,,,,,,
Petre_et_al_2022,H4,Surface Water,35.73153,-79.105819,,8/2/2020,,Unnamed_SPE_LCMS_MS,,,,,,,,,,,,,,,,,,,,,,,,,,,,,,,,,,,,,,,,,,,,,,,
Petre_et_al_2022,H4,Surface Water,35.73153,-79.105819,,8/10/2020,,Unnamed_SPE_LCMS_MS,,,,,,,,,,,,,,,,,,,,,,,,,,,,,,,,,,,,,,,,,,,,,,,
Petre_et_al_2022,H4,Surface Water,35.73153,-79.105819,,8/17/2020,,Unnamed_SPE_LCMS_MS,,,,,,,,,,,,,,,,,,,,,,,,,,,,,,,,,,,,,,,,,,,,,,,
Petre_et_al_2022,H4,Surface Water,35.73153,-79.105819,,8/24/2020,,Unnamed_SPE_LCMS_MS,,,,,,,,,,,,,,,,,,,,,,,,,,,,,,,,,,,,,,,,,,,,,,,
Petre_et_al_2022,H4,Surface Water,35.73153,-79.105819,,8/31/2020,,Unnamed_SPE_LCMS_MS,,,,,,,,,,,,,,,,,,,,,,,,,,,,,,,,,,,,,,,,,,,,,,,
Petre_et_al_2022,H4,Surface Water,35.73153,-79.105819,,9/7/2020,,Unnamed_SPE_LCMS_MS,,,,,,,,,,,,,,,,,,,,,,,,,,,,,,,,,,,,,,,,,,,,,,,
Petre_et_al_2022,H4,Surface Water,35.73153,-79.105819,,9/14/2020,,Unnamed_SPE_LCMS_MS,,,,,,,,,,,,,,,,,,,,,,,,,,,,,,,,,,,,,,,,,,,,,,,
Petre_et_al_2022,H4,Surface Water,35.73153,-79.105819,,9/21/2020,,Unnamed_SPE_LCMS_MS,,,,,,,,,,,,,,,,,,,,,,,,,,,,,,,,,,,,,,,,,,,,,,,
Petre_et_al_2022,H4,Surface Water,35.73153,-79.105819,,9/28/2020,,Unnamed_SPE_LCMS_MS,,,,,,,,,,,,,,,,,,,,,,,,,,,,,,,,,,,,,,,,,,,,,,,
Petre_et_al_2022,H4,Surface Water,35.73153,-79.105819,,10/4/2020,,Unnamed_SPE_LCMS_MS,,,,,,,,,,,,,,,,,,,,,,,,,,,,,,,,,,,,,,,,,,,,,,,
Petre_et_al_2022,H4,Surface Water,35.73153,-79.105819,,1/20/2020,,Unnamed_SPE_LCMS_MS,,,11.7,,10.6,0.5,0.8,4.2,22.3,12.9,,0,0.2,0.8,,,10.2,,8.8,5.1,,,,,,,,,,,,,,,,,,,,,,,,,,,
Petre_et_al_2022,H4,Surface Water,35.73153,-79.105819,,4/14/2020,,Unnamed_SPE_LCMS_MS,,,,,,,,,,,,,,,,,,,,,,,,,,,,,,,,,,,,,,,,,,,,,,,
Petre_et_al_2022,H4,Surface Water,35.73153,-79.105819,,4/27/2020,,Unnamed_SPE_LCMS_MS,,,,,,,,,,,,,,,,,,,,,,,,,,,,,,,,,,,,,,,,,,,,,,,
Petre_et_al_2022,H4,Surface Water,35.73153,-79.105819,,5/3/2020,,Unnamed_SPE_LCMS_MS,,,,,,,,,,,,,,,,,,,,,,,,,,,,,,,,,,,,,,,,,,,,,,,
Petre_et_al_2022,H4,Surface Water,35.73153,-79.105819,,5/11/2020,,Unnamed_SPE_LCMS_MS,,,,,,,,,,,,,,,,,,,,,,,,,,,,,,,,,,,,,,,,,,,,,,,
Petre_et_al_2022,H4,Surface Water,35.73153,-79.105819,,5/18/2020,,Unnamed_SPE_LCMS_MS,,,,,,,,,,,,,,,,,,,,,,,,,,,,,,,,,,,,,,,,,,,,,,,
Petre_et_al_2022,H4,Surface Water,35.73153,-79.105819,,5/25/2020,,Unnamed_SPE_LCMS_MS,,,,,,,,,,,,,,,,,,,,,,,,,,,,,,,,,,,,,,,,,,,,,,,
Petre_et_al_2022,H4,Surface Water,35.73153,-79.105819,,6/1/2020,,Unnamed_SPE_LCMS_MS,,,,,,,,,,,,,,,,,,,,,,,,,,,,,,,,,,,,,,,,,,,,,,,
Petre_et_al_2022,H4,Surface Water,35.73153,-79.105819,,6/8/2020,,Unnamed_SPE_LCMS_MS,,,,,,,,,,,,,,,,,,,,,,,,,,,,,,,,,,,,,,,,,,,,,,,
Petre_et_al_2022,H4,Surface Water,35.73153,-79.105819,,6/14/2020,,Unnamed_SPE_LCMS_MS,,,,,,,,,,,,,,,,,,,,,,,,,,,,,,,,,,,,,,,,,,,,,,,
Petre_et_al_2022,H4,Surface Water,35.73153,-79.105819,,6/22/2020,,Unnamed_SPE_LCMS_MS,,,,,,,,,,,,,,,,,,,,,,,,,,,,,,,,,,,,,,,,,,,,,,,
Petre_et_al_2022,H4,Surface Water,35.73153,-79.105819,,6/29/2020,,Unnamed_SPE_LCMS_MS,,,22.3,,24.2,3.4,4.3,3.7,20.6,9.3,,0,0,0.2,,,17.7,,9.1,6.8,,,,,,,,,,,,,,,,,,,,,,,,,,,
Petre_et_al_2022,J1,Surface Water,35.732468,-79.018736,,6/10/2019,,Unnamed_SPE_LCMS_MS,,,8,,5.2,0.6,0.7,1.7,11.8,7.1,,0.1,0,11.1,,,7.8,,6.4,1.2,,,,,,,,,,,,,,,,,,,,,,,,,,,
Petre_et_al_2022,J1,Surface Water,35.732468,-79.018736,,6/17/2019,,Unnamed_SPE_LCMS_MS,,,0,,6.8,0,0,0,22.8,12.3,,0,0,0,,,11.1,,9.3,,,,,,,,,,,,,,,,,,,,,,,,,,,,
Petre_et_al_2022,J1,Surface Water,35.732468,-79.018736,,6/24/2019,,Unnamed_SPE_LCMS_MS,,,6.4,,5.5,0.9,1.1,2.2,12.9,6.5,,0.6,0.5,0.8,,,8.2,,8.1,1.8,,,,,,,,,,,,,,,,,,,,,,,,,,,
Petre_et_al_2022,J1,Surface Water,35.732468,-79.018736,,7/1/2019,,Unnamed_SPE_LCMS_MS,,,7.6,,6.5,1.1,1.3,2.8,17.4,9.8,,0.6,0.5,0.9,,,8.7,,9.6,2.5,,,,,,,,,,,,,,,,,,,,,,,,,,,
Petre_et_al_2022,J1,Surface Water,35.732468,-79.018736,,7/8/2019,,Unnamed_SPE_LCMS_MS,,,8.7,,7.6,0.7,1.1,2.5,21.9,14.5,,0.2,0,0.3,,,12.7,,11.1,2.4,,,,,,,,,,,,,,,,,,,,,,,,,,,
Petre_et_al_2022,J1,Surface Water,35.732468,-79.018736,,7/15/2019,,Unnamed_SPE_LCMS_MS,,,,,,,,,,,,,,,,,,,,,,,,,,,,,,,,,,,,,,,,,,,,,,,
Petre_et_al_2022,J1,Surface Water,35.732468,-79.018736,,8/12/2019,,Unnamed_SPE_LCMS_MS,,,5.5,,6,0.6,0.9,2.3,15,9.3,,0.2,0,0.1,,,9.1,,9.2,2.3,,,,,,,,,,,,,,,,,,,,,,,,,,,
Petre_et_al_2022,J1,Surface Water,35.732468,-79.018736,,8/19/2019,,Unnamed_SPE_LCMS_MS,,,4.5,,5.6,0.5,0.8,1.9,15.4,9.5,,0.2,0,0.1,,,9.1,,9.3,1.9,,,,,,,,,,,,,,,,,,,,,,,,,,,
Petre_et_al_2022,J1,Surface Water,35.732468,-79.018736,,8/26/2019,,Unnamed_SPE_LCMS_MS,,,,,,,,,,,,,,,,,,,,,,,,,,,,,,,,,,,,,,,,,,,,,,,
Petre_et_al_2022,J1,Surface Water,35.732468,-79.018736,,9/9/2019,,Unnamed_SPE_LCMS_MS,,,6.4,,7.2,0.6,1.1,2.3,19.1,13,,0.2,0,0,,,11,,10.9,2,,,,,,,,,,,,,,,,,,,,,,,,,,,
Petre_et_al_2022,J1,Surface Water,35.732468,-79.018736,,9/16/2019,,Unnamed_SPE_LCMS_MS,,,5.4,,7,0.5,0.9,2.3,18.4,13.8,,0.2,0,0,,,10.9,,11.3,2.4,,,,,,,,,,,,,,,,,,,,,,,,,,,
Petre_et_al_2022,J1,Surface Water,35.732468,-79.018736,,9/23/2019,,Unnamed_SPE_LCMS_MS,,,6.2,,7.5,0.9,1.1,2.4,20.5,16.4,,0.2,0,0,,,12.3,,12.1,2.6,,,,,,,,,,,,,,,,,,,,,,,,,,,
Petre_et_al_2022,J1,Surface Water,35.732468,-79.018736,,9/30/2019,,Unnamed_SPE_LCMS_MS,,,9.4,,9,1.5,1.6,2.5,23.7,15.1,,0.2,0,0,,,11.3,,12.9,2.1,,,,,,,,,,,,,,,,,,,,,,,,,,,
Petre_et_al_2022,J1,Surface Water,35.732468,-79.018736,,10/7/2019,,Unnamed_SPE_LCMS_MS,,,8.2,,8,1,1.1,2.5,22.8,15.8,,0.2,0,0,,,11.4,,12.5,2.3,,,,,,,,,,,,,,,,,,,,,,,,,,,
Petre_et_al_2022,J1,Surface Water,35.732468,-79.018736,,10/14/2019,,Unnamed_SPE_LCMS_MS,,,,,,,,,,,,,,,,,,,17.3,5.7,,,,,,,,,,,,,,,,,,,,,,,,,,,
Petre_et_al_2022,J1,Surface Water,35.732468,-79.018736,,10/21/2019,,Unnamed_SPE_LCMS_MS,,,15,,12.5,3.1,1.4,4.2,32.5,21.4,,0,0.4,0,,,22.5,,17.3,5.7,,,,,,,,,,,,,,,,,,,,,,,,,,,
Petre_et_al_2022,J1,Surface Water,35.732468,-79.018736,,10/28/2019,,Unnamed_SPE_LCMS_MS,,,5.7,,7.9,0.9,1,2,17.8,11.7,,0.2,0,0,,,10.8,,11.2,2.6,,,,,,,,,,,,,,,,,,,,,,,,,,,
Petre_et_al_2022,J1,Surface Water,35.732468,-79.018736,,11/4/2019,,Unnamed_SPE_LCMS_MS,,,5.7,,7.2,0.7,1,2.1,21.3,11.6,,0,0,0,,,12.8,,11.3,0.1,,,,,,,,,,,,,,,,,,,,,,,,,,,
Petre_et_al_2022,J1,Surface Water,35.732468,-79.018736,,11/11/2019,,Unnamed_SPE_LCMS_MS,,,6,,7.6,1,0.9,2.1,22.2,12.9,,0.1,0,0,,,13.7,,8.2,2.7,,,,,,,,,,,,,,,,,,,,,,,,,,,
Petre_et_al_2022,J1,Surface Water,35.732468,-79.018736,,12/2/2019,,Unnamed_SPE_LCMS_MS,,,6.4,,8.1,0.7,1.1,2.4,26,14.1,,0,0,0.1,,,12.4,,12.2,2.4,,,,,,,,,,,,,,,,,,,,,,,,,,,
Petre_et_al_2022,J1,Surface Water,35.732468,-79.018736,,12/16/2019,,Unnamed_SPE_LCMS_MS,,,10.1,,8.5,1.2,1.3,3.1,29,14.2,,0,0,0.1,,,14.4,,12.8,3,,,,,,,,,,,,,,,,,,,,,,,,,,,
Petre_et_al_2022,J1,Surface Water,35.732468,-79.018736,,1/6/2020,,Unnamed_SPE_LCMS_MS,,,7.1,,7.5,0.8,1.2,2.5,25.3,13.2,,0,0,0.1,,,11.8,,10.7,2.9,,,,,,,,,,,,,,,,,,,,,,,,,,,
Petre_et_al_2022,J1,Surface Water,35.732468,-79.018736,,1/21/2020,,Unnamed_SPE_LCMS_MS,,,,,,,,,,,,,,,,,,,,,,,,,,,,,,,,,,,,,,,,,,,,,,,
Petre_et_al_2022,J1,Surface Water,35.732468,-79.018736,,2/3/2020,,Unnamed_SPE_LCMS_MS,,,6.5,,6.7,1.2,0.9,2,19.9,9.5,,0,0.2,0.1,,,11.8,,9.9,3.7,,,,,,,,,,,,,,,,,,,,,,,,,,,
Petre_et_al_2022,J1,Surface Water,35.732468,-79.018736,,2/17/2020,,Unnamed_SPE_LCMS_MS,,,6.7,,7,0.7,0.8,1.9,15.8,9.1,,0,0,0.1,,,6.9,,7.2,1.5,,,,,,,,,,,,,,,,,,,,,,,,,,,
Petre_et_al_2022,J1,Surface Water,35.732468,-79.018736,,3/2/2020,,Unnamed_SPE_LCMS_MS,,,,,,,,,,,,,,,,,,,,,,,,,,,,,,,,,,,,,,,,,,,,,,,
Petre_et_al_2022,J1,Surface Water,35.732468,-79.018736,,3/16/2020,,Unnamed_SPE_LCMS_MS,,,4,,3.5,0.6,0.6,1.1,10.7,6.2,,0.2,0,0,,,16.8,,8.5,2.2,,,,,,,,,,,,,,,,,,,,,,,,,,,
Petre_et_al_2022,J1,Surface Water,35.732468,-79.018736,,3/30/2020,,Unnamed_SPE_LCMS_MS,,,3.1,,3.5,0.5,0.5,1.3,9.4,4.7,,0.3,0,0,,,0,,0,0.8,,,,,,,,,,,,,,,,,,,,,,,,,,,
Petre_et_al_2022,J1,Surface Water,35.732468,-79.018736,,7/5/2020,,Unnamed_SPE_LCMS_MS,,,0,,5.7,0.8,0.9,0.9,10.5,5.6,,0,0,0,,,6.9,,7,2.3,,,,,,,,,,,,,,,,,,,,,,,,,,,
Petre_et_al_2022,J1,Surface Water,35.732468,-79.018736,,7/12/2020,,Unnamed_SPE_LCMS_MS,,,0,,6,0.7,1,1,10.5,4.4,,0.2,0.2,0,,,7.5,,5.9,1.8,,,,,,,,,,,,,,,,,,,,,,,,,,,
Petre_et_al_2022,J1,Surface Water,35.732468,-79.018736,,7/20/2020,,Unnamed_SPE_LCMS_MS,,,,,,,,,,,,,,,,,,,,,,,,,,,,,,,,,,,,,,,,,,,,,,,
Petre_et_al_2022,J1,Surface Water,35.732468,-79.018736,,7/27/2020,,Unnamed_SPE_LCMS_MS,,,,,,,,,,,,,,,,,,,,,,,,,,,,,,,,,,,,,,,,,,,,,,,
Petre_et_al_2022,J1,Surface Water,35.732468,-79.018736,,8/2/2020,,Unnamed_SPE_LCMS_MS,,,,,,,,,,,,,,,,,,,,,,,,,,,,,,,,,,,,,,,,,,,,,,,
Petre_et_al_2022,J1,Surface Water,35.732468,-79.018736,,8/10/2020,,Unnamed_SPE_LCMS_MS,,,,,,,,,,,,,,,,,,,,,,,,,,,,,,,,,,,,,,,,,,,,,,,
Petre_et_al_2022,J1,Surface Water,35.732468,-79.018736,,8/17/2020,,Unnamed_SPE_LCMS_MS,,,,,,,,,,,,,,,,,,,,,,,,,,,,,,,,,,,,,,,,,,,,,,,
Petre_et_al_2022,J1,Surface Water,35.732468,-79.018736,,8/24/2020,,Unnamed_SPE_LCMS_MS,,,,,,,,,,,,,,,,,,,,,,,,,,,,,,,,,,,,,,,,,,,,,,,
Petre_et_al_2022,J1,Surface Water,35.732468,-79.018736,,8/31/2020,,Unnamed_SPE_LCMS_MS,,,,,,,,,,,,,,,,,,,,,,,,,,,,,,,,,,,,,,,,,,,,,,,
Petre_et_al_2022,J1,Surface Water,35.732468,-79.018736,,9/7/2020,,Unnamed_SPE_LCMS_MS,,,,,,,,,,,,,,,,,,,,,,,,,,,,,,,,,,,,,,,,,,,,,,,
Petre_et_al_2022,J1,Surface Water,35.732468,-79.018736,,9/14/2020,,Unnamed_SPE_LCMS_MS,,,,,,,,,,,,,,,,,,,,,,,,,,,,,,,,,,,,,,,,,,,,,,,
Petre_et_al_2022,J1,Surface Water,35.732468,-79.018736,,9/21/2020,,Unnamed_SPE_LCMS_MS,,,,,,,,,,,,,,,,,,,,,,,,,,,,,,,,,,,,,,,,,,,,,,,
Petre_et_al_2022,J1,Surface Water,35.732468,-79.018736,,9/28/2020,,Unnamed_SPE_LCMS_MS,,,,,,,,,,,,,,,,,,,,,,,,,,,,,,,,,,,,,,,,,,,,,,,
Petre_et_al_2022,J1,Surface Water,35.732468,-79.018736,,10/4/2020,,Unnamed_SPE_LCMS_MS,,,,,,,,,,,,,,,,,,,,,,,,,,,,,,,,,,,,,,,,,,,,,,,
Petre_et_al_2022,J1,Surface Water,35.732468,-79.018736,,7/22/2019,,Unnamed_SPE_LCMS_MS,,,,,,,,,,,,,,,,,,,,,,,,,,,,,,,,,,,,,,,,,,,,,,,
Petre_et_al_2022,J1,Surface Water,35.732468,-79.018736,,7/29/2019,,Unnamed_SPE_LCMS_MS,,,,,,,,,,,,,,,,,,,,,,,,,,,,,,,,,,,,,,,,,,,,,,,
Petre_et_al_2022,J1,Surface Water,35.732468,-79.018736,,8/5/2019,,Unnamed_SPE_LCMS_MS,,,,,,,,,,,,,,,,,,,,,,,,,,,,,,,,,,,,,,,,,,,,,,,
Petre_et_al_2022,J1,Surface Water,35.732468,-79.018736,,1/20/2020,,Unnamed_SPE_LCMS_MS,,,4.6,,6.8,0.6,0.8,2,19.7,9.3,,0,0.3,0.1,,,12.9,,11.7,3.9,,,,,,,,,,,,,,,,,,,,,,,,,,,
Petre_et_al_2022,J1,Surface Water,35.732468,-79.018736,,4/14/2020,,Unnamed_SPE_LCMS_MS,,,,,,,,,,,,,,,,,,,,,,,,,,,,,,,,,,,,,,,,,,,,,,,
Petre_et_al_2022,J1,Surface Water,35.732468,-79.018736,,4/27/2020,,Unnamed_SPE_LCMS_MS,,,,,,,,,,,,,,,,,,,,,,,,,,,,,,,,,,,,,,,,,,,,,,,
Petre_et_al_2022,J1,Surface Water,35.732468,-79.018736,,5/3/2020,,Unnamed_SPE_LCMS_MS,,,,,,,,,,,,,,,,,,,,,,,,,,,,,,,,,,,,,,,,,,,,,,,
Petre_et_al_2022,J1,Surface Water,35.732468,-79.018736,,5/11/2020,,Unnamed_SPE_LCMS_MS,,,,,,,,,,,,,,,,,,,,,,,,,,,,,,,,,,,,,,,,,,,,,,,
Petre_et_al_2022,J1,Surface Water,35.732468,-79.018736,,5/18/2020,,Unnamed_SPE_LCMS_MS,,,,,,,,,,,,,,,,,,,,,,,,,,,,,,,,,,,,,,,,,,,,,,,
Petre_et_al_2022,J1,Surface Water,35.732468,-79.018736,,5/25/2020,,Unnamed_SPE_LCMS_MS,,,,,,,,,,,,,,,,,,,,,,,,,,,,,,,,,,,,,,,,,,,,,,,
Petre_et_al_2022,J1,Surface Water,35.732468,-79.018736,,6/1/2020,,Unnamed_SPE_LCMS_MS,,,,,,,,,,,,,,,,,,,,,,,,,,,,,,,,,,,,,,,,,,,,,,,
Petre_et_al_2022,J1,Surface Water,35.732468,-79.018736,,6/8/2020,,Unnamed_SPE_LCMS_MS,,,,,,,,,,,,,,,,,,,,,,,,,,,,,,,,,,,,,,,,,,,,,,,
Petre_et_al_2022,J1,Surface Water,35.732468,-79.018736,,6/14/2020,,Unnamed_SPE_LCMS_MS,,,,,,,,,,,,,,,,,,,,,,,,,,,,,,,,,,,,,,,,,,,,,,,
Petre_et_al_2022,J1,Surface Water,35.732468,-79.018736,,6/22/2020,,Unnamed_SPE_LCMS_MS,,,,,,,,,,,,,,,,,,,,,,,,,,,,,,,,,,,,,,,,,,,,,,,
Petre_et_al_2022,J1,Surface Water,35.732468,-79.018736,,6/29/2020,,Unnamed_SPE_LCMS_MS,,,4.1,,5.6,0.8,1,1.1,11.5,5.8,,0.1,0,0,,,11.5,,6.7,2.2,,,,,,,,,,,,,,,,,,,,,,,,,,,
Petre_et_al_2022,J2,Surface Water,35.798596,-79.017989,,6/10/2019,,Unnamed_SPE_LCMS_MS,,,8.6,,3.8,1.2,0.8,1.1,5,2.5,,0.2,0,3.8,,,3.9,,6.6,1.2,,,,,,,,,,,,,,,,,,,,,,,,,,,
Petre_et_al_2022,J2,Surface Water,35.798596,-79.017989,,6/17/2019,,Unnamed_SPE_LCMS_MS,,,5.8,,4.3,0.9,0.8,1.2,5.4,2.6,,0.3,0,0.1,,,3.8,,7.1,1.8,,,,,,,,,,,,,,,,,,,,,,,,,,,
Petre_et_al_2022,J2,Surface Water,35.798596,-79.017989,,6/24/2019,,Unnamed_SPE_LCMS_MS,,,6.7,,4.5,1.3,1,1.9,6.6,2.6,,0.6,0.4,0.7,,,5,,7.4,2.3,,,,,,,,,,,,,,,,,,,,,,,,,,,
Petre_et_al_2022,J2,Surface Water,35.798596,-79.017989,,7/1/2019,,Unnamed_SPE_LCMS_MS,,,4.4,,4.4,0.8,1,2.2,7,3.6,,0.5,0.5,0.6,,,4.5,,7.3,2.5,,,,,,,,,,,,,,,,,,,,,,,,,,,
Petre_et_al_2022,J2,Surface Water,35.798596,-79.017989,,7/8/2019,,Unnamed_SPE_LCMS_MS,,,5.8,,5.8,0.7,0.8,2,9.1,6.1,,0.1,0,0,,,6,,9.5,2.5,,,,,,,,,,,,,,,,,,,,,,,,,,,
Petre_et_al_2022,J2,Surface Water,35.798596,-79.017989,,7/15/2019,,Unnamed_SPE_LCMS_MS,,,6,,6.1,0.6,0.9,1.7,10.9,6.2,,0.2,0,0.1,,,6.6,,10.3,2.5,,,,,,,,,,,,,,,,,,,,,,,,,,,
Petre_et_al_2022,J2,Surface Water,35.798596,-79.017989,,7/22/2019,,Unnamed_SPE_LCMS_MS,,,7.1,,6.7,0.8,0.9,2.2,11.3,7.8,,0.2,0,0,,,8.3,,10.6,2.4,,,,,,,,,,,,,,,,,,,,,,,,,,,
Petre_et_al_2022,J2,Surface Water,35.798596,-79.017989,,7/29/2019,,Unnamed_SPE_LCMS_MS,,,7.6,,6.4,0.9,0.9,2.2,13,8.1,,0.1,0,0.1,,,8.1,,9.6,2.1,,,,,,,,,,,,,,,,,,,,,,,,,,,
Petre_et_al_2022,J2,Surface Water,35.798596,-79.017989,,8/5/2019,,Unnamed_SPE_LCMS_MS,,,9.4,,7,1.2,1,2.4,13.2,6.9,,0.2,0,0,,,8.1,,10.4,2.9,,,,,,,,,,,,,,,,,,,,,,,,,,,
Petre_et_al_2022,J2,Surface Water,35.798596,-79.017989,,8/12/2019,,Unnamed_SPE_LCMS_MS,,,5.9,,6,0.8,0.8,2.4,11.6,7,,0.2,0,0,,,7.6,,9.2,2.7,,,,,,,,,,,,,,,,,,,,,,,,,,,
Petre_et_al_2022,J2,Surface Water,35.798596,-79.017989,,8/19/2019,,Unnamed_SPE_LCMS_MS,,,7.6,,5.9,1.8,1,1.9,13.3,7.7,,0.2,0,0,,,7.8,,10.2,2.2,,,,,,,,,,,,,,,,,,,,,,,,,,,
Petre_et_al_2022,J2,Surface Water,35.798596,-79.017989,,8/26/2019,,Unnamed_SPE_LCMS_MS,,,,,,,,,,,,,,,,,,,,,,,,,,,,,,,,,,,,,,,,,,,,,,,
Petre_et_al_2022,J2,Surface Water,35.798596,-79.017989,,9/9/2019,,Unnamed_SPE_LCMS_MS,,,5.3,,6.8,0.6,1,2.1,16.7,9.2,,0.2,0,0,,,9.8,,11.7,2.4,,,,,,,,,,,,,,,,,,,,,,,,,,,
Petre_et_al_2022,J2,Surface Water,35.798596,-79.017989,,9/16/2019,,Unnamed_SPE_LCMS_MS,,,5,,7.7,0.8,1.1,2.5,16.5,10.1,,0.2,0,0,,,9.9,,11.9,2.8,,,,,,,,,,,,,,,,,,,,,,,,,,,
Petre_et_al_2022,J2,Surface Water,35.798596,-79.017989,,9/23/2019,,Unnamed_SPE_LCMS_MS,,,14.9,,8.1,3.5,1.5,2.3,17.4,12,,0.2,0,0,,,11.3,,11.8,2.9,,,,,,,,,,,,,,,,,,,,,,,,,,,
Petre_et_al_2022,J2,Surface Water,35.798596,-79.017989,,9/30/2019,,Unnamed_SPE_LCMS_MS,,,7.8,,8.9,1,1.2,2.3,18.8,11.2,,0.2,0,0,,,10.7,,13.5,2.2,,,,,,,,,,,,,,,,,,,,,,,,,,,
Petre_et_al_2022,J2,Surface Water,35.798596,-79.017989,,10/7/2019,,Unnamed_SPE_LCMS_MS,,,11.9,,9.7,1.6,1.5,3,24,17.4,,0.3,0,0,,,15.4,,15.5,3.8,,,,,,,,,,,,,,,,,,,,,,,,,,,
Petre_et_al_2022,J2,Surface Water,35.798596,-79.017989,,10/14/2019,,Unnamed_SPE_LCMS_MS,,,10.8,,10.4,2.5,2.3,5.2,24.6,17.8,,2.4,1.7,0,,,16.1,,17.8,5.5,,,,,,,,,,,,,,,,,,,,,,,,,,,
Petre_et_al_2022,J2,Surface Water,35.798596,-79.017989,,10/21/2019,,Unnamed_SPE_LCMS_MS,,,,,,,,,,,,,,,,,,,,,,,,,,,,,,,,,,,,,,,,,,,,,,,
Petre_et_al_2022,J2,Surface Water,35.798596,-79.017989,,10/28/2019,,Unnamed_SPE_LCMS_MS,,,4.5,,6.7,0.5,0.8,1.8,15.8,8.3,,0,0,0,,,10.2,,10.1,2.6,,,,,,,,,,,,,,,,,,,,,,,,,,,
Petre_et_al_2022,J2,Surface Water,35.798596,-79.017989,,11/4/2019,,Unnamed_SPE_LCMS_MS,,,8.8,,6,0.9,1,1.1,18,10.5,,0.2,0,0,,,30.9,,15,1.6,,,,,,,,,,,,,,,,,,,,,,,,,,,
Petre_et_al_2022,J2,Surface Water,35.798596,-79.017989,,11/11/2019,,Unnamed_SPE_LCMS_MS,,,4.9,,6.7,0.6,0.9,1.9,17,8.4,,0.1,0,0,,,11.8,,9.4,3.2,,,,,,,,,,,,,,,,,,,,,,,,,,,
Petre_et_al_2022,J2,Surface Water,35.798596,-79.017989,,12/2/2019,,Unnamed_SPE_LCMS_MS,,,4.7,,7.1,0.5,0.9,1.8,18,9,,0,0,0.1,,,9.9,,12.3,2.9,,,,,,,,,,,,,,,,,,,,,,,,,,,
Petre_et_al_2022,J2,Surface Water,35.798596,-79.017989,,12/16/2019,,Unnamed_SPE_LCMS_MS,,,11.7,,7.5,1.8,1.4,2.2,19.9,10.2,,0,0,0,,,9.6,,10.8,2.5,,,,,,,,,,,,,,,,,,,,,,,,,,,
Petre_et_al_2022,J2,Surface Water,35.798596,-79.017989,,1/6/2020,,Unnamed_SPE_LCMS_MS,,,7.2,,6.9,1,1.1,2,17.9,9,,0,0,0,,,9,,11,2.4,,,,,,,,,,,,,,,,,,,,,,,,,,,
Petre_et_al_2022,J2,Surface Water,35.798596,-79.017989,,1/21/2020,,Unnamed_SPE_LCMS_MS,,,,,,,,,,,,,,,,,,,,,,,,,,,,,,,,,,,,,,,,,,,,,,,
Petre_et_al_2022,J2,Surface Water,35.798596,-79.017989,,2/3/2020,,Unnamed_SPE_LCMS_MS,,,3.1,,4.9,0.6,0.6,1.4,10.5,3.9,,0,0.3,0.1,,,7.3,,7.4,3.7,,,,,,,,,,,,,,,,,,,,,,,,,,,
Petre_et_al_2022,J2,Surface Water,35.798596,-79.017989,,2/17/2020,,Unnamed_SPE_LCMS_MS,,,4.6,,5.3,0.6,0.7,1.6,13.6,6.9,,0,0,0.1,,,6.6,,8.9,1.6,,,,,,,,,,,,,,,,,,,,,,,,,,,
Petre_et_al_2022,J2,Surface Water,35.798596,-79.017989,,3/2/2020,,Unnamed_SPE_LCMS_MS,,,,,,,,,,,,,,,,,,,,,,,,,,,,,,,,,,,,,,,,,,,,,,,
Petre_et_al_2022,J2,Surface Water,35.798596,-79.017989,,3/16/2020,,Unnamed_SPE_LCMS_MS,,,5.5,,5.9,0.7,0.7,1.6,11.4,8.4,,0.2,0,0,,,14.9,,4,2.4,,,,,,,,,,,,,,,,,,,,,,,,,,,
Petre_et_al_2022,J2,Surface Water,35.798596,-79.017989,,3/30/2020,,Unnamed_SPE_LCMS_MS,,,2.9,,3,0.5,0.4,1.2,7.1,4.1,,0.2,0,0,,,0,,3.6,1.4,,,,,,,,,,,,,,,,,,,,,,,,,,,
Petre_et_al_2022,J2,Surface Water,35.798596,-79.017989,,7/5/2020,,Unnamed_SPE_LCMS_MS,,,3.6,,5.7,1.5,0.9,1,10.2,4.7,,0,0,0,,,7.6,,6.8,2,,,,,,,,,,,,,,,,,,,,,,,,,,,
Petre_et_al_2022,J2,Surface Water,35.798596,-79.017989,,7/12/2020,,Unnamed_SPE_LCMS_MS,,,4,,5.6,1,0.9,0.8,9.5,4.1,,0,0,0,,,5.4,,5.7,2.1,,,,,,,,,,,,,,,,,,,,,,,,,,,
Petre_et_al_2022,J2,Surface Water,35.798596,-79.017989,,7/20/2020,,Unnamed_SPE_LCMS_MS,,,,,,,,,,,,,,,,,,,,,,,,,,,,,,,,,,,,,,,,,,,,,,,
Petre_et_al_2022,J2,Surface Water,35.798596,-79.017989,,7/27/2020,,Unnamed_SPE_LCMS_MS,,,,,,,,,,,,,,,,,,,,,,,,,,,,,,,,,,,,,,,,,,,,,,,
Petre_et_al_2022,J2,Surface Water,35.798596,-79.017989,,8/2/2020,,Unnamed_SPE_LCMS_MS,,,,,,,,,,,,,,,,,,,,,,,,,,,,,,,,,,,,,,,,,,,,,,,
Petre_et_al_2022,J2,Surface Water,35.798596,-79.017989,,8/10/2020,,Unnamed_SPE_LCMS_MS,,,,,,,,,,,,,,,,,,,,,,,,,,,,,,,,,,,,,,,,,,,,,,,
Petre_et_al_2022,J2,Surface Water,35.798596,-79.017989,,8/17/2020,,Unnamed_SPE_LCMS_MS,,,,,,,,,,,,,,,,,,,,,,,,,,,,,,,,,,,,,,,,,,,,,,,
Petre_et_al_2022,J2,Surface Water,35.798596,-79.017989,,8/24/2020,,Unnamed_SPE_LCMS_MS,,,,,,,,,,,,,,,,,,,,,,,,,,,,,,,,,,,,,,,,,,,,,,,
Petre_et_al_2022,J2,Surface Water,35.798596,-79.017989,,8/31/2020,,Unnamed_SPE_LCMS_MS,,,,,,,,,,,,,,,,,,,,,,,,,,,,,,,,,,,,,,,,,,,,,,,
Petre_et_al_2022,J2,Surface Water,35.798596,-79.017989,,9/7/2020,,Unnamed_SPE_LCMS_MS,,,,,,,,,,,,,,,,,,,,,,,,,,,,,,,,,,,,,,,,,,,,,,,
Petre_et_al_2022,J2,Surface Water,35.798596,-79.017989,,9/14/2020,,Unnamed_SPE_LCMS_MS,,,,,,,,,,,,,,,,,,,,,,,,,,,,,,,,,,,,,,,,,,,,,,,
Petre_et_al_2022,J2,Surface Water,35.798596,-79.017989,,9/21/2020,,Unnamed_SPE_LCMS_MS,,,,,,,,,,,,,,,,,,,,,,,,,,,,,,,,,,,,,,,,,,,,,,,
Petre_et_al_2022,J2,Surface Water,35.798596,-79.017989,,9/28/2020,,Unnamed_SPE_LCMS_MS,,,,,,,,,,,,,,,,,,,,,,,,,,,,,,,,,,,,,,,,,,,,,,,
Petre_et_al_2022,J2,Surface Water,35.798596,-79.017989,,10/4/2020,,Unnamed_SPE_LCMS_MS,,,,,,,,,,,,,,,,,,,,,,,,,,,,,,,,,,,,,,,,,,,,,,,
Petre_et_al_2022,J2,Surface Water,35.798596,-79.017989,,1/20/2020,,Unnamed_SPE_LCMS_MS,,,3,,4.7,0.5,0.5,1.4,10,3.9,,0,0.2,0.1,,,7.7,,8.7,3.3,,,,,,,,,,,,,,,,,,,,,,,,,,,
Petre_et_al_2022,J2,Surface Water,35.798596,-79.017989,,4/14/2020,,Unnamed_SPE_LCMS_MS,,,,,,,,,,,,,,,,,,,,,,,,,,,,,,,,,,,,,,,,,,,,,,,
Petre_et_al_2022,J2,Surface Water,35.798596,-79.017989,,4/27/2020,,Unnamed_SPE_LCMS_MS,,,,,,,,,,,,,,,,,,,,,,,,,,,,,,,,,,,,,,,,,,,,,,,
Petre_et_al_2022,J2,Surface Water,35.798596,-79.017989,,5/3/2020,,Unnamed_SPE_LCMS_MS,,,,,,,,,,,,,,,,,,,,,,,,,,,,,,,,,,,,,,,,,,,,,,,
Petre_et_al_2022,J2,Surface Water,35.798596,-79.017989,,5/11/2020,,Unnamed_SPE_LCMS_MS,,,,,,,,,,,,,,,,,,,,,,,,,,,,,,,,,,,,,,,,,,,,,,,
Petre_et_al_2022,J2,Surface Water,35.798596,-79.017989,,5/18/2020,,Unnamed_SPE_LCMS_MS,,,,,,,,,,,,,,,,,,,,,,,,,,,,,,,,,,,,,,,,,,,,,,,
Petre_et_al_2022,J2,Surface Water,35.798596,-79.017989,,5/25/2020,,Unnamed_SPE_LCMS_MS,,,,,,,,,,,,,,,,,,,,,,,,,,,,,,,,,,,,,,,,,,,,,,,
Petre_et_al_2022,J2,Surface Water,35.798596,-79.017989,,6/1/2020,,Unnamed_SPE_LCMS_MS,,,,,,,,,,,,,,,,,,,,,,,,,,,,,,,,,,,,,,,,,,,,,,,
Petre_et_al_2022,J2,Surface Water,35.798596,-79.017989,,6/8/2020,,Unnamed_SPE_LCMS_MS,,,,,,,,,,,,,,,,,,,,,,,,,,,,,,,,,,,,,,,,,,,,,,,
Petre_et_al_2022,J2,Surface Water,35.798596,-79.017989,,6/14/2020,,Unnamed_SPE_LCMS_MS,,,,,,,,,,,,,,,,,,,,,,,,,,,,,,,,,,,,,,,,,,,,,,,
Petre_et_al_2022,J2,Surface Water,35.798596,-79.017989,,6/22/2020,,Unnamed_SPE_LCMS_MS,,,,,,,,,,,,,,,,,,,,,,,,,,,,,,,,,,,,,,,,,,,,,,,
Petre_et_al_2022,J2,Surface Water,35.798596,-79.017989,,6/29/2020,,Unnamed_SPE_LCMS_MS,,,0,,5.9,1,1.1,1,10.3,4.9,,0.1,0,0,,,9.7,,6.5,2.1,,,,,,,,,,,,,,,,,,,,,,,,,,,
