Article (Author et al YYYY),Sample Name,Sample Type,Latitude,Longitude,Sampling Year,Sample Date (MM/DD/YYY),Sample Time,Analysis Method,Streamflow (m3/s),Sampling Depth (m),PFOS,PFOA,FBSA,PFDA,PFNA,PFHxS,PFHxA,PFHpA,PFHpS,GenX,4:2 FTS,6:2 FTS,8:2 FTS,10:2 FTS,3:3 FTCA,5:3 FTCA,7:3 FTCA,PFPA,PFPeA,PFPeS,PFBS,PFBA,PFMOPrA,PFMOBA,PFMOAA,PFO2HxA,PFO3OA,PFO4DA,PFESA BP 1,PFESA BP 2,PFDoS,PFUnDA,FOSAA,N-MeFOSE,NMeFOSAA,NMeFOSA,N-EtFOSE,NEtFOSAA,N-EtFOSA,PFDS,PFTeDA,PFHxDA,PFNS,PFTrDA,PFDoA,PFOSA,9-Cl-PF3ONS,11-Cl-PF3OUdS,PFECA-G,ADONA,PFEESA,NFDHA,PFMBA,PFODA
Teymoorian_et_al_2021,Rivire la Tortue Delson,Surface Water,45.3922,-73.5381,2018,,,Unnamed_SPE_LCMS_MS,,,0.97,1.35,0.07,0.09,0.34,0.26,2.32,1.38,0.00,0.00,0.00,0.00,0.00,0.00,0.00,0.00,0.00,,2.66,0.05,0.64,4.72,0.00,0.00,,,,,,,0.00,0.00,0.00,,0.00,0.00,,0.00,0.00,0.00,0.00,0.00,0.00,0.00,0.00,,,,,0.00,0.00,,0.00,0.00
Teymoorian_et_al_2021,Rivire Batiscan Sainte-Genevive-de-Batiscan,Surface Water,46.5288,-72.3335,2018,,,Unnamed_SPE_LCMS_MS,,,0.14,0.26,0.00,0.00,0.13,0.00,0.14,0.28,0.00,0.00,0.00,0.00,0.00,0.00,0.00,0.00,0.00,,0.14,0.00,0.05,0.52,0.00,0.00,,,,,,,0.00,0.00,0.00,,0.00,0.00,,0.00,0.00,0.00,0.00,0.00,0.00,0.00,0.00,,,,,0.00,0.00,,0.00,0.00
Teymoorian_et_al_2021,Rivire Bayonne Sainte-Genevive-de-Berthier,Surface Water,46.0945,-73.226,2018,,,Unnamed_SPE_LCMS_MS,,,0.56,0.81,0.04,0.07,1.49,0.15,1.06,1.71,0.00,0.00,0.00,0.00,0.00,0.00,0.00,0.00,0.00,,0.94,0.02,0.32,1.26,0.00,0.00,,,,,,,0.00,0.18,0.00,,0.00,0.00,,0.00,0.00,0.00,0.00,0.00,0.00,0.00,0.00,,,,,0.00,0.00,,0.00,0.00
Teymoorian_et_al_2021,Rivire Bcancour Bcancour,Surface Water,46.352672,-72.438619,2018,,,Unnamed_SPE_LCMS_MS,,,0.33,0.97,0.03,0.04,0.22,0.09,0.97,0.67,0.00,0.00,0.00,0.41,0.00,0.00,0.00,0.00,0.00,,0.82,0.02,0.24,1.35,0.00,0.00,,,,,,,0.00,0.00,0.00,,0.00,0.00,,0.00,0.00,0.00,0.00,0.00,0.00,0.00,0.00,,,,,0.00,0.00,,0.00,0.00
Teymoorian_et_al_2021,Rivire Boyer Saint-Vallier,Surface Water,46.884275,-70.859119,2018,,,Unnamed_SPE_LCMS_MS,,,2.18,1.62,0.05,0.08,0.48,0.55,1.87,1.25,0.03,0.00,0.00,0.00,0.00,0.00,0.00,0.00,0.00,,1.85,0.09,0.64,2.72,0.00,0.00,,,,,,,0.00,0.08,0.00,,0.00,0.00,,0.00,0.00,0.00,0.00,0.00,0.00,0.00,0.00,,,,,0.00,0.00,,0.00,0.00
Teymoorian_et_al_2021,Rivire Chteauguay Chteauguay,Surface Water,45.3814,-73.7562,2018,,,Unnamed_SPE_LCMS_MS,,,0.35,0.79,0.04,0.08,0.20,0.12,0.74,0.52,0.00,0.00,0.00,0.00,0.00,0.00,0.00,0.00,0.00,,0.63,0.02,0.25,1.25,0.00,0.00,,,,,,,0.00,0.00,0.00,,0.00,0.00,,0.00,0.00,0.00,0.00,0.00,0.00,0.00,0.00,,,,,0.00,0.00,,0.00,0.00
Teymoorian_et_al_2021,Rivire Chaudire Lvis,Surface Water,46.714483,-71.280997,2018,,,Unnamed_SPE_LCMS_MS,,,0.45,1.13,0.00,0.10,0.36,0.07,1.21,0.89,0.00,0.00,0.00,0.00,0.00,0.00,0.00,0.00,0.00,,1.18,0.02,0.26,1.93,0.00,0.00,,,,,,,0.00,0.00,0.00,,0.00,0.00,,0.00,0.00,0.00,0.00,0.00,0.00,0.00,0.00,,,,,0.00,0.00,,0.00,0.00
Teymoorian_et_al_2021,Rivire Du Loup Louiseville,Surface Water,48.39964,-71.0423,2018,,,Unnamed_SPE_LCMS_MS,,,0.22,0.35,0.00,0.03,0.32,0.03,0.66,0.31,0.00,0.00,0.00,0.00,0.00,0.00,0.00,0.00,0.00,,0.54,0.00,0.10,1.05,0.00,0.00,,,,,,,0.00,0.00,0.00,,0.00,0.00,,0.00,0.00,0.00,0.00,0.00,0.00,0.00,0.00,,,,,0.00,0.00,,0.00,0.00
Teymoorian_et_al_2021,Rivire Des Mille-Iles Laval,Surface Water,45.5406,-73.8808,2018,,,Unnamed_SPE_LCMS_MS,,,0.59,0.49,0.00,0.00,0.17,0.25,0.75,0.88,0.00,0.00,0.00,0.00,0.00,0.00,0.00,0.00,0.00,,0.72,0.03,0.21,1.41,0.00,0.00,,,,,,,0.00,0.00,0.00,,0.00,0.00,,0.00,0.00,0.00,0.00,0.00,0.00,0.00,0.00,,,,,0.00,0.00,,0.00,0.00
Teymoorian_et_al_2021,Rivire Des Prairies Montral,Surface Water,45.5343,-73.7266,2018,,,Unnamed_SPE_LCMS_MS,,,0.28,0.44,0.00,0.04,0.16,0.06,0.31,0.47,0.00,0.00,0.00,0.00,0.00,0.00,0.00,0.00,0.00,,0.28,0.01,0.11,1.42,0.00,0.00,,,,,,,0.00,0.00,0.00,,0.00,0.00,,0.00,0.00,0.00,0.00,0.00,0.00,0.00,0.00,,,,,0.00,0.00,,0.00,0.00
Teymoorian_et_al_2021,Rivire Jacques-Cartier Donnacona,Surface Water,46.68146,-71.742,2018,,,Unnamed_SPE_LCMS_MS,,,0.24,0.21,0.00,0.00,0.11,0.07,0.13,0.23,0.00,0.00,0.00,0.00,0.00,0.00,0.00,0.00,0.00,,0.11,0.02,0.05,0.45,0.00,0.00,,,,,,,0.00,0.00,0.00,,0.00,0.00,,0.00,0.00,0.00,0.00,0.00,0.00,0.00,0.00,,,,,0.00,0.00,,0.00,0.00
Teymoorian_et_al_2021,Rivire LAssomption Repentigny,Surface Water,45.7553,-73.46352,2018,,,Unnamed_SPE_LCMS_MS,,,0.96,1.17,0.00,0.11,0.29,0.29,1.80,0.80,0.00,0.00,0.00,0.00,0.00,0.00,0.00,0.00,0.00,,1.16,0.04,0.71,1.78,0.00,0.00,,,,,,,0.00,0.07,0.00,,0.00,0.00,,0.00,0.00,0.00,0.00,0.00,0.00,0.00,0.00,,,,,0.00,0.00,,0.00,0.00
Teymoorian_et_al_2021,Rivire Mascouche Terrebonne,Surface Water,45.6951,-73.5934,2018,,,Unnamed_SPE_LCMS_MS,,,2.26,2.14,0.09,0.05,0.35,2.39,5.46,6.18,0.06,0.00,0.00,0.00,0.00,0.00,0.00,0.00,0.00,,7.24,0.28,1.04,3.49,0.00,0.00,,,,,,,0.00,0.00,0.00,,0.00,0.00,,0.00,0.00,0.00,0.00,0.00,0.00,0.00,0.00,,,,,0.00,0.00,,0.00,0.00
Teymoorian_et_al_2021,Rivire Maskinong Maskinong,Surface Water,46.22814,-73.01597,2018,,,Unnamed_SPE_LCMS_MS,,,0.18,0.40,0.03,0.04,0.24,0.03,0.68,0.43,0.00,0.00,0.00,0.00,0.00,0.00,0.00,0.00,0.00,,0.22,0.00,0.08,0.81,0.00,0.00,,,,,,,0.00,0.06,0.00,,0.00,0.00,,0.00,0.00,0.00,0.00,0.00,0.00,0.00,0.00,,,,,0.00,0.00,,0.00,0.00
Teymoorian_et_al_2021,Rivire Nicolet Nicolet,Surface Water,46.2275,-72.62389,2018,,,Unnamed_SPE_LCMS_MS,,,0.55,1.24,0.05,0.04,0.17,0.19,1.99,1.01,0.00,0.00,0.00,0.00,0.00,0.00,0.00,0.00,0.00,,2.16,0.04,0.39,2.04,0.00,0.00,,,,,,,0.00,0.00,0.00,,0.00,0.00,,0.00,0.00,0.00,0.00,0.00,0.00,0.00,0.00,,,,,0.00,0.00,,0.00,0.00
Teymoorian_et_al_2021,Rivire Richelieu Sorel-Tracy,Surface Water,46.019605,-73.132377,2018,,,Unnamed_SPE_LCMS_MS,,,0.94,1.29,0.36,0.06,0.32,0.54,1.20,1.10,0.02,0.00,0.00,0.00,0.00,0.00,0.00,0.00,0.00,,1.09,0.06,0.48,1.67,0.00,0.00,,,,,,,0.00,0.00,0.00,,0.00,0.00,,0.00,0.00,0.00,0.00,0.00,0.00,0.00,0.00,,,,,0.00,0.00,,0.00,0.00
Teymoorian_et_al_2021,Rivire Saint-Charles Quebec,Surface Water,46.8199,-71.22,2018,,,Unnamed_SPE_LCMS_MS,,,0.30,0.46,0.00,0.00,0.07,0.12,0.74,0.77,0.00,0.00,0.00,0.00,0.00,0.00,0.00,0.00,0.00,,0.95,0.02,0.21,1.06,0.00,0.00,,,,,,,0.00,0.00,0.00,,0.00,0.00,,0.00,0.00,0.00,0.00,0.00,0.00,0.00,0.00,,,,,0.00,0.00,,0.00,0.00
Teymoorian_et_al_2021,Rivire Sainte-Anne Sainte-Anne-de-la-Prade,Surface Water,46.571331,-72.206231,2018,,,Unnamed_SPE_LCMS_MS,,,0.12,0.24,0.00,0.04,0.10,0.00,0.16,0.18,0.00,0.00,0.00,0.00,0.00,0.00,0.00,0.00,0.00,,0.15,0.00,0.04,0.75,0.00,0.00,,,,,,,0.00,0.00,0.00,,0.00,0.00,,0.00,0.00,0.00,0.00,0.00,0.00,0.00,0.00,,,,,0.00,0.00,,0.00,0.00
Teymoorian_et_al_2021,Rivire Saint-Franois Pierreville,Surface Water,46.06687,-72.81258,2018,,,Unnamed_SPE_LCMS_MS,,,0.82,1.75,0.05,0.12,0.29,0.20,2.14,1.08,0.00,0.00,0.00,0.00,0.00,0.00,0.00,0.00,0.00,,2.06,0.04,0.97,1.36,0.00,0.00,,,,,,,0.00,0.00,0.00,,0.00,0.00,,0.00,0.00,0.00,0.00,0.00,0.00,0.00,0.00,,,,,0.00,0.00,,0.00,0.00
Teymoorian_et_al_2021,Rivire Saint-Jacques Brossard,Surface Water,45.4321,-73.4842,2018,,,Unnamed_SPE_LCMS_MS,,,1.37,1.80,0.21,0.17,0.33,0.58,7.16,6.76,0.00,0.00,0.00,3.78,0.00,0.00,0.00,0.00,0.00,,7.06,0.06,0.63,4.09,0.00,0.00,,,,,,,0.00,0.00,0.00,,0.00,0.00,,0.00,0.00,0.00,0.00,0.00,0.00,0.00,0.00,,,,,0.00,0.00,,0.00,0.00
Teymoorian_et_al_2021,Rivire Saint-Maurice Trois-Rivires,Surface Water,46.3647,-72.5521,2018,,,Unnamed_SPE_LCMS_MS,,,0.15,0.41,0.00,0.05,0.18,0.02,0.27,0.36,0.00,0.00,0.00,0.00,0.00,0.00,0.00,0.00,0.00,,0.16,0.00,0.05,3.09,0.00,0.00,,,,,,,0.00,0.00,0.00,,0.00,0.00,,0.00,0.00,0.00,0.00,0.00,0.00,0.00,0.00,,,,,0.00,0.00,,0.00,0.00
Teymoorian_et_al_2021,Rivire Saint-Rgis Sainte-Catherine,Surface Water,45.3993,-73.5639,2018,,,Unnamed_SPE_LCMS_MS,,,1.34,1.73,0.44,0.09,0.35,0.39,4.98,1.54,0.02,0.00,0.00,0.00,0.00,0.00,0.00,0.00,0.00,,3.03,0.06,2.01,10.21,0.00,0.00,,,,,,,0.00,0.00,0.00,,0.00,0.00,,0.00,0.00,0.02,0.00,0.00,0.00,0.00,0.00,,,,,0.00,0.00,,0.00,0.00
Teymoorian_et_al_2021,Rivire Yamaska Yamaska,Surface Water,46.0052,-72.9121,2018,,,Unnamed_SPE_LCMS_MS,,,3.79,3.80,0.23,0.13,0.39,1.00,4.43,1.99,0.11,0.00,0.00,0.00,0.00,0.00,0.00,0.00,0.00,,3.56,0.30,2.16,4.16,0.00,0.00,,,,,,,0.00,0.00,0.00,,0.00,0.00,,0.00,0.00,0.00,0.00,0.00,0.00,0.00,0.00,,,,,0.00,0.00,,0.00,0.00
Teymoorian_et_al_2021,Petite Rivire Du Chne Leclercville,Surface Water,46.572733,-71.993158,2018,,,Unnamed_SPE_LCMS_MS,,,0.20,0.50,0.00,0.00,0.12,0.04,0.37,0.42,0.00,0.00,0.00,0.00,0.00,0.00,0.00,0.00,0.00,,0.61,0.01,0.27,1.39,1.38,0.00,,,,,,,0.00,0.00,0.00,,0.00,0.00,,0.00,0.00,0.00,0.00,0.00,0.00,0.00,0.00,,,,,0.00,0.00,,0.00,0.00
Teymoorian_et_al_2021,BOU1,Surface Water,45.64867,-73.48136,2018,,,Unnamed_SPE_LCMS_MS,,,2.92,1.93,0.10,0.05,0.25,0.76,1.37,0.94,0.04,0.00,0.00,0.00,0.00,0.00,0.00,0.00,0.00,,1.36,0.13,0.59,2.55,0.00,0.00,,,,,,,0.00,0.00,0.00,,0.00,0.00,,0.00,0.00,0.00,0.00,0.00,0.00,0.00,0.00,,,,,0.00,0.00,,0.00,0.00
Teymoorian_et_al_2021,BOU2,Surface Water,45.644183,-73.466233,2018,,,Unnamed_SPE_LCMS_MS,,,2.66,1.80,0.17,0.05,0.27,0.69,1.38,0.89,0.04,0.00,0.00,0.00,0.04,0.00,0.00,0.00,0.00,,1.24,0.12,0.51,2.30,0.00,0.00,,,,,,,0.00,0.00,0.00,,0.00,0.00,,0.00,0.00,0.01,0.00,0.00,0.00,0.00,0.00,,,,,0.00,0.00,,0.00,0.00
Teymoorian_et_al_2021,BOU3,Surface Water,45.64645,-73.4526,2018,,,Unnamed_SPE_LCMS_MS,,,2.12,2.01,0.16,0.05,0.28,0.73,1.48,0.93,0.05,0.00,0.00,0.00,0.00,0.00,0.00,0.00,0.00,,1.31,0.12,0.60,2.51,0.00,0.00,,,,,,,0.00,0.00,0.00,,0.00,0.00,,0.00,0.00,0.00,0.00,0.00,0.00,0.00,0.00,,,,,0.00,0.00,,0.00,0.00
Teymoorian_et_al_2021,CHA1,Surface Water,45.436939,-73.787239,2018,,,Unnamed_SPE_LCMS_MS,,,1.88,1.24,0.00,0.04,0.18,0.48,1.00,0.79,0.03,0.00,0.00,0.00,0.00,0.00,0.00,0.00,0.00,,1.02,0.08,0.43,2.02,0.00,0.00,,,,,,,0.00,0.00,0.00,,0.00,0.00,,0.00,0.00,0.00,0.00,0.00,0.00,0.00,0.00,,,,,0.00,0.00,,0.00,0.00
Teymoorian_et_al_2021,CHA2,Surface Water,45.419406,-73.777672,2018,,,Unnamed_SPE_LCMS_MS,,,2.49,1.77,0.07,0.04,0.24,0.67,1.37,0.91,0.03,0.00,0.00,0.00,0.00,0.00,0.00,0.00,0.00,,1.29,0.12,0.59,2.18,0.00,0.00,,,,,,,0.00,0.00,0.00,,0.00,0.00,,0.00,0.00,0.00,0.00,0.00,0.00,0.00,0.00,,,,,0.00,0.00,,0.00,0.00
Teymoorian_et_al_2021,CHA3,Surface Water,45.403089,-73.768933,2018,,,Unnamed_SPE_LCMS_MS,,,2.42,1.74,0.06,0.06,0.22,0.67,1.30,0.87,0.04,0.00,0.00,0.00,0.04,0.00,0.00,0.00,0.00,,1.21,0.11,0.56,2.24,0.00,0.00,,,,,,,0.00,0.00,0.00,,0.00,0.00,,0.00,0.00,0.00,0.00,0.00,0.00,0.00,0.00,,,,,0.00,0.00,,0.00,0.00
Teymoorian_et_al_2021,CON1,Surface Water,45.845717,-73.310067,2018,,,Unnamed_SPE_LCMS_MS,,,1.96,1.31,0.09,0.05,0.24,0.49,1.04,0.73,0.02,0.00,0.00,0.00,0.07,0.00,0.00,0.00,0.00,,1.08,0.07,0.41,1.88,0.00,0.00,,,,,,,0.00,0.00,0.00,,0.00,0.00,,0.00,0.00,0.00,0.00,0.00,0.00,0.00,0.00,,,,,0.00,0.00,,0.00,0.00
Teymoorian_et_al_2021,CON2,Surface Water,45.8538,-73.27965,2018,,,Unnamed_SPE_LCMS_MS,,,2.59,1.77,0.13,0.06,0.27,0.69,1.34,0.88,0.04,0.00,0.00,0.00,0.00,0.00,0.00,0.00,0.00,,1.23,0.11,0.52,2.17,0.00,0.00,,,,,,,0.00,0.00,0.00,,0.00,0.00,,0.00,0.00,0.00,0.00,0.00,0.00,0.00,0.00,,,,,0.00,0.00,,0.00,0.00
Teymoorian_et_al_2021,CON3,Surface Water,45.850167,-73.269167,2018,,,Unnamed_SPE_LCMS_MS,,,2.97,2.22,0.15,0.06,0.34,0.81,1.61,1.00,0.05,0.00,0.05,0.00,0.08,0.00,0.00,0.00,0.00,,1.31,0.13,0.61,2.35,0.00,0.00,,,,,,,0.00,0.00,0.00,,0.00,0.00,,0.00,0.00,0.01,0.00,0.00,0.00,0.00,0.00,,,,,0.00,0.00,,0.00,0.00
Teymoorian_et_al_2021,IRQ1,Surface Water,44.581117,-75.679583,2018,,,Unnamed_SPE_LCMS_MS,,,2.77,1.72,0.21,0.04,0.26,0.79,1.58,0.86,0.05,0.00,0.00,0.00,0.00,0.00,0.00,0.00,0.00,,1.35,0.16,0.67,2.65,0.00,0.00,,,,,,,0.00,0.00,0.00,,0.00,0.00,,0.00,0.00,0.04,0.00,0.00,0.00,0.00,0.00,,,,,0.00,0.00,,0.00,0.00
Teymoorian_et_al_2021,IRQ1v5,Surface Water,44.736,-75.456472,2018,,,Unnamed_SPE_LCMS_MS,,,2.35,1.86,0.18,0.05,0.25,0.72,1.48,0.98,0.04,0.00,0.00,0.00,0.00,0.00,0.00,0.00,0.00,,1.23,0.13,0.47,2.52,0.00,0.00,,,,,,,0.00,0.00,0.00,,0.00,0.00,,0.00,0.00,0.00,0.00,0.00,0.00,0.00,0.00,,,,,0.00,0.00,,0.00,0.00
Teymoorian_et_al_2021,IRQ2,Surface Water,44.81975,-75.315517,2018,,,Unnamed_SPE_LCMS_MS,,,2.79,1.94,0.15,0.04,0.26,0.74,1.47,0.91,0.05,0.00,0.00,0.00,0.00,0.00,0.00,0.00,0.00,,1.25,0.14,0.53,2.40,0.00,0.00,,,,,,,0.00,0.00,0.00,,0.00,0.00,,0.00,0.00,0.00,0.00,0.00,0.00,0.00,0.00,,,,,0.00,0.00,,0.00,0.00
Teymoorian_et_al_2021,LSF2,Surface Water,45.20903,-74.23228,2018,,,Unnamed_SPE_LCMS_MS,,,2.62,1.98,0.24,0.05,0.26,0.73,1.52,1.04,0.04,0.00,0.00,0.00,0.00,0.00,0.00,0.00,0.00,,1.33,0.12,0.48,2.43,0.00,0.00,,,,,,,0.00,0.00,0.00,,0.00,0.00,,0.00,0.00,0.00,0.00,0.00,0.00,0.00,0.00,,,,,0.00,0.00,,0.00,0.00
Teymoorian_et_al_2021,LSF4,Surface Water,45.041783,-74.575214,2018,,,Unnamed_SPE_LCMS_MS,,,2.51,2.04,0.15,0.06,0.30,0.76,1.46,0.93,0.05,0.00,0.00,0.00,0.00,0.00,0.00,0.00,0.00,,1.29,0.13,0.50,2.27,0.00,0.00,,,,,,,0.00,0.00,0.00,,0.00,0.00,,0.00,0.00,0.00,0.00,0.00,0.00,0.00,0.00,,,,,0.00,0.00,,0.00,0.00
Teymoorian_et_al_2021,LSL1B,Surface Water,45.357467,-73.809383,2018,,,Unnamed_SPE_LCMS_MS,,,2.18,1.55,0.10,0.04,0.21,0.56,1.11,0.84,0.03,0.00,0.00,0.00,0.00,0.00,0.00,0.00,0.00,,1.04,0.10,0.43,2.27,0.00,0.00,,,,,,,0.00,0.00,0.00,,0.00,0.00,,0.00,0.00,0.00,0.00,0.00,0.00,0.00,0.00,,,,,0.00,0.00,,0.00,0.00
Teymoorian_et_al_2021,LSL3,Surface Water,45.379667,-73.809383,2018,,,Unnamed_SPE_LCMS_MS,,,2.36,1.96,0.15,0.05,0.26,0.70,1.52,0.90,0.04,0.00,0.00,0.00,0.00,0.00,0.00,0.00,0.00,,1.31,0.14,0.58,2.00,0.00,0.00,,,,,,,0.00,0.00,0.00,,0.00,0.00,,0.00,0.00,0.00,0.00,0.00,0.00,0.00,0.00,,,,,0.00,0.00,,0.00,0.00
Teymoorian_et_al_2021,LSPA1,Surface Water,46.267261,-72.718877,2018,,,Unnamed_SPE_LCMS_MS,,,2.45,1.57,0.06,0.05,0.24,0.68,1.26,0.89,0.03,0.00,0.00,0.00,0.00,0.00,0.00,0.00,0.00,,1.16,0.11,0.52,2.00,0.00,0.00,,,,,,,0.00,0.00,0.00,,0.00,0.00,,0.00,0.00,0.00,0.00,0.00,0.00,0.00,0.00,,,,,0.00,0.00,,0.00,0.00
Teymoorian_et_al_2021,LSPA2,Surface Water,46.263524,-72.708745,2018,,,Unnamed_SPE_LCMS_MS,,,2.53,1.62,0.09,0.04,0.22,0.64,1.34,0.86,0.04,0.00,0.00,0.00,0.00,0.00,0.00,0.00,0.00,,1.20,0.10,0.55,2.02,0.00,0.00,,,,,,,0.00,0.00,0.00,,0.00,0.00,,0.00,0.00,0.00,0.00,0.00,0.00,0.00,0.00,,,,,0.00,0.00,,0.00,0.00
Teymoorian_et_al_2021,LSPA3,Surface Water,46.256587,-72.694571,2018,,,Unnamed_SPE_LCMS_MS,,,2.10,1.68,0.08,0.05,0.25,0.44,1.39,1.00,0.03,0.00,0.00,0.00,0.00,0.00,0.00,0.00,0.00,,1.31,0.08,0.65,2.21,0.00,0.00,,,,,,,0.00,0.00,0.00,,0.00,0.00,,0.00,0.00,0.00,0.00,0.00,0.00,0.00,0.00,,,,,0.00,0.00,,0.00,0.00
Teymoorian_et_al_2021,LSPM1,Surface Water,46.22665,-72.854883,2018,,,Unnamed_SPE_LCMS_MS,,,2.24,1.59,0.06,0.04,0.25,0.58,1.15,0.78,0.03,0.00,0.00,0.00,0.00,0.00,0.00,0.00,0.00,,1.25,0.09,0.49,2.00,0.00,0.00,,,,,,,0.00,0.00,0.00,,0.00,0.00,,0.00,0.00,0.00,0.00,0.00,0.00,0.00,0.00,,,,,0.00,0.00,,0.00,0.00
Teymoorian_et_al_2021,LSPM2,Surface Water,46.204067,-72.824783,2018,,,Unnamed_SPE_LCMS_MS,,,2.64,1.84,0.12,0.05,0.28,0.70,1.38,0.87,0.04,0.00,0.00,0.00,0.00,0.00,0.00,0.00,0.00,,1.21,0.11,0.53,2.31,0.00,0.00,,,,,,,0.00,0.00,0.00,,0.00,0.00,,0.34,0.00,0.00,0.00,0.00,0.00,0.00,0.00,,,,,0.00,0.00,,0.00,0.00
Teymoorian_et_al_2021,LSPM3,Surface Water,46.183033,-72.799467,2018,,,Unnamed_SPE_LCMS_MS,,,2.81,2.08,0.16,0.07,0.34,0.76,1.43,0.92,0.04,0.00,0.00,0.00,0.00,0.00,0.00,0.00,0.00,,1.32,0.11,0.54,2.32,0.00,0.00,,,,,,,0.00,0.00,0.00,,0.00,0.00,,0.00,0.00,0.01,0.00,0.00,0.00,0.00,0.00,,,,,0.00,0.00,,0.00,0.00
Teymoorian_et_al_2021,ONT1,Surface Water,44.1941,-76.577883,2018,,,Unnamed_SPE_LCMS_MS,,,2.52,1.78,0.19,0.00,0.19,0.92,1.50,0.82,0.06,0.00,0.00,0.00,0.00,0.00,0.00,0.00,0.00,,1.28,0.16,0.49,2.27,0.00,0.00,,,,,,,0.00,0.00,0.00,,0.00,0.00,,0.00,0.00,0.00,0.00,0.00,0.00,0.00,0.00,,,,,0.00,0.00,,0.00,0.00
Teymoorian_et_al_2021,ONT2,Surface Water,44.237683,-76.39835,2018,,,Unnamed_SPE_LCMS_MS,,,2.64,2.08,0.11,0.07,0.32,0.65,1.43,0.84,0.04,0.00,0.00,0.00,0.00,0.00,0.00,0.00,0.00,,1.22,0.11,0.45,2.53,0.00,0.00,,,,,,,0.00,0.00,0.00,,0.00,0.00,,0.00,0.00,0.01,0.00,0.00,0.00,0.00,0.00,,,,,0.00,0.00,,0.00,0.00
Teymoorian_et_al_2021,REP1,Surface Water,45.744983,-73.43195,2018,,,Unnamed_SPE_LCMS_MS,,,1.26,0.98,0.00,0.06,0.25,0.33,0.86,0.69,0.00,0.00,0.00,0.00,0.00,0.00,0.00,0.00,0.00,,0.85,0.05,0.38,1.67,0.00,0.00,,,,,,,0.00,0.00,0.00,,0.00,0.00,,0.00,0.00,0.00,0.00,0.00,0.00,0.00,0.00,,,,,0.00,0.00,,0.00,0.00
Teymoorian_et_al_2021,REP1v5,Surface Water,45.8221,-73.359961,2018,,,Unnamed_SPE_LCMS_MS,,,1.99,1.43,0.07,0.06,0.27,0.48,1.00,0.79,0.02,0.00,0.00,0.00,0.00,0.00,0.00,0.00,0.00,,0.82,0.08,0.39,1.92,0.00,0.00,,,,,,,0.00,0.00,0.00,,0.00,0.00,,0.00,0.00,0.00,0.00,0.00,0.00,0.00,0.00,,,,,0.00,0.00,,0.00,0.00
Teymoorian_et_al_2021,REP4,Surface Water,45.736033,-73.411833,2018,,,Unnamed_SPE_LCMS_MS,,,3.38,1.96,0.10,0.07,0.31,0.71,1.40,0.96,0.05,0.00,0.00,0.00,0.05,0.00,0.00,0.00,0.00,,1.27,0.13,0.60,2.42,0.00,0.00,,,,,,,0.00,0.00,0.00,,0.00,0.00,,0.00,0.00,0.00,0.00,0.00,0.00,0.00,0.00,,,,,0.00,0.00,,0.00,0.00
Teymoorian_et_al_2021,SORAM1,Surface Water,46.073983,-73.088683,2018,,,Unnamed_SPE_LCMS_MS,,,2.23,1.46,0.10,0.06,0.25,0.56,1.25,0.89,0.03,0.00,0.00,0.00,0.00,0.00,0.00,0.00,0.00,,1.04,0.12,0.45,1.82,0.00,0.00,,,,,,,0.00,0.00,0.00,,0.00,0.00,,0.00,0.00,0.01,0.00,0.00,0.00,0.00,0.00,,,,,0.00,0.00,,0.00,0.00
Teymoorian_et_al_2021,SORAM2,Surface Water,46.067283,-73.07645,2018,,,Unnamed_SPE_LCMS_MS,,,2.47,1.60,0.09,0.05,0.23,0.63,1.36,0.81,0.04,0.00,0.00,0.00,0.00,0.00,0.00,0.00,0.00,,1.27,0.10,0.45,2.03,0.00,0.00,,,,,,,0.00,0.00,0.00,,0.00,0.00,,0.00,0.00,0.00,0.00,0.00,0.00,0.00,0.00,,,,,0.00,0.00,,0.00,0.00
Teymoorian_et_al_2021,SORAM3,Surface Water,46.06175,-73.0656,2018,,,Unnamed_SPE_LCMS_MS,,,3.11,2.15,0.10,0.09,0.34,0.70,1.45,0.79,0.04,0.00,0.00,0.00,0.00,0.00,0.00,0.00,0.00,,1.11,0.11,0.48,3.16,0.00,0.00,,,,,,,0.00,0.00,0.11,,0.00,0.00,,0.00,0.00,0.02,0.00,0.00,0.00,0.00,0.00,,,,,0.00,0.00,,0.00,0.00
Teymoorian_et_al_2021,SORAV2,Surface Water,46.13472,-72.952109,2018,,,Unnamed_SPE_LCMS_MS,,,2.72,1.90,0.09,0.07,0.31,0.72,1.43,0.97,0.04,0.00,0.00,0.00,0.00,0.00,0.00,0.00,0.00,,1.27,0.11,0.55,2.25,0.00,0.00,,,,,,,0.00,0.00,0.00,,0.00,0.00,,0.00,0.00,0.00,0.00,0.00,0.00,0.00,0.00,,,,,0.00,0.00,,0.00,0.00
Teymoorian_et_al_2021,SORAV3,Surface Water,46.160331,-72.949478,2018,,,Unnamed_SPE_LCMS_MS,,,2.40,1.70,0.08,0.04,0.23,0.70,1.39,0.94,0.03,0.00,0.00,0.00,0.00,0.00,0.00,0.00,0.00,,1.25,0.10,0.56,2.57,0.00,0.00,,,,,,,0.00,0.00,0.00,,0.00,0.00,,0.00,0.00,0.00,0.00,0.00,0.00,0.00,0.00,,,,,0.00,0.00,,0.00,0.00
Teymoorian_et_al_2021,STA1,Surface Water,46.57575,-72.098125,2018,,,Unnamed_SPE_LCMS_MS,,,2.05,1.43,0.06,0.05,0.22,0.55,1.13,0.82,0.03,0.00,0.00,0.00,0.00,0.00,0.00,0.00,0.00,,1.07,0.09,0.49,2.16,0.00,0.00,,,,,,,0.00,0.00,0.00,,0.00,0.00,,0.00,0.00,0.00,0.00,0.00,0.00,0.00,0.00,,,,,0.00,0.00,,0.00,0.00
Teymoorian_et_al_2021,STA2,Surface Water,46.569129,-72.098872,2018,,,Unnamed_SPE_LCMS_MS,,,2.70,1.80,0.07,0.04,0.24,0.72,1.30,0.91,0.04,0.00,0.00,0.00,0.00,0.00,0.00,0.00,0.00,,1.25,0.10,0.57,2.27,0.00,0.00,,,,,,,0.00,0.00,0.00,,0.00,0.00,,0.00,0.00,0.01,0.00,0.00,0.00,0.00,0.00,,,,,0.00,0.00,,0.00,0.00
Teymoorian_et_al_2021,STA3,Surface Water,46.562646,-72.10002,2018,,,Unnamed_SPE_LCMS_MS,,,2.89,2.22,0.10,0.12,0.34,0.63,1.70,0.92,0.04,0.00,0.00,0.00,0.07,0.00,0.00,0.00,0.00,,1.23,0.09,0.47,7.49,0.00,0.00,,,,,,,0.00,0.00,0.00,,0.00,0.00,,0.00,0.00,0.00,0.00,0.00,0.00,0.00,0.00,,,,,0.00,0.17,,0.00,0.00
Teymoorian_et_al_2021,STL1,Surface Water,44.899817,-75.145133,2018,,,Unnamed_SPE_LCMS_MS,,,2.82,2.08,0.19,0.07,0.30,0.76,1.57,1.03,0.05,0.00,0.00,0.00,0.00,0.00,0.00,0.00,0.00,,1.36,0.14,0.51,2.75,0.00,0.00,,,,,,,0.00,0.00,0.00,,0.00,0.00,,0.00,0.00,0.00,0.00,0.00,0.00,0.00,0.00,,,,,0.00,0.00,,0.00,0.00
Teymoorian_et_al_2021,STL2,Surface Water,45.005017,-74.76185,2018,,,Unnamed_SPE_LCMS_MS,,,2.55,1.70,0.15,0.06,0.26,0.58,1.20,0.77,0.04,0.00,0.00,0.00,0.00,0.00,0.00,0.00,0.00,,1.06,0.11,0.42,2.03,0.00,0.00,,,,,,,0.00,0.00,0.00,,0.00,0.00,,0.00,0.00,0.00,0.00,0.00,0.00,0.00,0.00,,,,,0.00,0.00,,0.00,0.00
Teymoorian_et_al_2021,STM2,Surface Water,46.345992,-72.529377,2018,,,Unnamed_SPE_LCMS_MS,,,2.38,1.83,0.07,0.07,0.31,0.59,1.43,0.75,0.03,0.00,0.00,0.00,0.00,0.00,0.00,0.00,0.00,,1.05,0.10,0.41,3.00,0.00,0.00,,,,,,,0.00,0.00,0.09,,0.00,0.00,,0.00,0.00,0.00,0.00,0.00,0.00,0.00,0.00,,,,,0.00,0.13,,0.00,0.00
Teymoorian_et_al_2021,STM3,Surface Water,46.340461,-72.520947,2018,,,Unnamed_SPE_LCMS_MS,,,2.61,1.65,0.08,0.06,0.22,0.68,1.38,0.89,0.04,0.00,0.00,0.00,0.00,0.00,0.00,0.00,0.00,,1.22,0.11,0.55,2.18,0.00,0.00,,,,,,,0.00,0.00,0.00,,0.00,0.00,,0.00,0.00,0.01,0.00,0.00,0.00,0.00,0.00,,,,,0.00,0.00,,0.00,0.00
Teymoorian_et_al_2021,STM4,Surface Water,46.336517,-72.518583,2018,,,Unnamed_SPE_LCMS_MS,,,2.27,1.75,0.09,0.07,0.27,0.63,1.35,0.90,0.03,0.00,0.00,0.00,0.00,0.00,0.00,0.00,0.00,,1.32,0.08,0.49,2.19,0.00,0.00,,,,,,,0.00,0.00,0.00,,0.00,0.00,,0.00,0.00,0.02,0.00,0.00,0.00,0.00,0.00,,,,,0.00,0.00,,0.00,0.00
Teymoorian_et_al_2021,TCM1,Surface Water,45.7048,-73.478117,2018,,,Unnamed_SPE_LCMS_MS,,,0.41,0.50,0.05,0.04,0.19,0.07,0.39,0.47,0.00,0.00,0.00,0.00,0.00,0.00,0.00,0.00,0.00,,0.44,0.01,0.18,0.97,0.00,0.00,,,,,,,0.00,0.00,0.00,,0.00,0.00,,0.00,0.00,0.00,0.00,0.00,0.00,0.00,0.00,,,,,0.00,0.00,,0.00,0.00
Teymoorian_et_al_2021,TCM1v5,Surface Water,45.6665,-73.46425,2018,,,Unnamed_SPE_LCMS_MS,,,2.77,2.67,0.03,0.11,0.41,0.95,2.93,1.09,0.05,0.00,0.00,0.00,0.00,0.00,0.00,0.00,0.00,,4.01,0.18,1.19,3.39,0.00,0.00,,,,,,,0.00,0.00,0.00,,0.00,0.00,,0.00,0.00,0.01,0.00,0.00,0.00,0.00,0.00,,,,,0.00,0.00,,0.00,0.00
Teymoorian_et_al_2021,TCM2,Surface Water,45.712764,-73.444502,2018,,,Unnamed_SPE_LCMS_MS,,,2.40,1.81,0.11,0.05,0.32,0.67,1.36,0.94,0.04,0.00,0.00,0.00,0.00,0.00,0.00,0.00,0.00,,1.36,0.11,0.47,2.12,0.00,0.00,,,,,,,0.00,0.00,0.00,,0.00,0.00,,0.00,0.00,0.00,0.00,0.00,0.00,0.00,0.00,,,,,0.00,0.00,,0.00,0.00
Teymoorian_et_al_2021,TCM2v5,Surface Water,45.678933,-73.456733,2018,,,Unnamed_SPE_LCMS_MS,,,2.82,2.11,0.33,0.07,0.32,0.76,1.73,0.89,0.04,0.00,0.00,0.00,0.00,0.00,0.00,0.00,0.00,,1.64,0.12,2.08,2.28,0.00,0.00,,,,,,,0.00,0.00,0.00,,0.00,0.00,,0.00,0.00,0.00,0.00,0.00,0.00,0.00,0.00,,,,,0.00,0.00,,0.00,0.00
Teymoorian_et_al_2021,TCM3,Surface Water,45.703167,-73.444867,2018,,,Unnamed_SPE_LCMS_MS,,,2.62,1.72,0.14,0.04,0.23,0.70,1.44,0.90,0.04,0.00,0.07,0.00,0.00,0.00,0.00,0.00,0.00,,1.35,0.12,0.48,2.36,0.00,0.00,,,,,,,0.00,0.00,0.00,,0.00,0.00,,0.00,0.00,0.01,0.00,0.00,0.00,0.00,0.00,,,,,0.00,0.00,,0.00,0.00
Teymoorian_et_al_2021,TRA1,Surface Water,45.996917,-73.187017,2018,,,Unnamed_SPE_LCMS_MS,,,1.72,1.39,0.10,0.07,0.27,0.51,1.09,0.86,0.03,0.00,0.00,0.00,0.05,0.00,0.00,0.00,0.00,,1.07,0.07,0.37,2.28,0.00,0.00,,,,,,,0.00,0.00,0.00,,0.00,0.00,,0.00,0.08,0.00,0.00,0.00,0.00,0.00,0.00,,,,,0.00,0.00,,0.00,0.00
Teymoorian_et_al_2021,TRA2,Surface Water,45.996392,-73.183399,2018,,,Unnamed_SPE_LCMS_MS,,,2.59,1.76,0.11,0.05,0.26,0.63,1.24,0.82,0.04,0.00,0.00,0.00,0.00,0.00,0.00,0.00,0.00,,1.21,0.11,0.47,2.21,0.00,0.00,,,,,,,0.00,0.00,0.00,,0.00,0.00,,0.00,0.00,0.01,0.00,0.00,0.00,0.00,0.00,,,,,0.00,0.00,,0.00,0.00
Teymoorian_et_al_2021,TRA3,Surface Water,45.995608,-73.17874,2018,,,Unnamed_SPE_LCMS_MS,,,2.41,1.88,0.12,0.05,0.24,0.75,1.48,0.96,0.04,0.00,0.07,0.00,0.00,0.00,0.00,0.00,0.00,,1.33,0.11,0.51,2.47,0.00,0.00,,,,,,,0.00,0.00,0.00,,0.00,0.00,,0.00,0.00,0.00,0.00,0.00,0.00,0.00,0.00,,,,,0.00,0.00,,0.00,0.00
Teymoorian_et_al_2021,Rivire la Tortue Delson,Surface Water,45.3922,-73.5381,2019,,,Unnamed_SPE_LCMS_MS,,,0.70,1.29,0.00,0.05,0.24,0.29,1.87,1.19,0.00,0.00,0.00,0.00,0.00,0.00,0.00,0.00,0.00,,1.87,0.06,0.53,5.02,0.00,0.00,,,,,,,0.00,0.00,0.00,,0.00,0.00,,0.00,0.00,0.00,0.00,0.00,0.00,0.00,0.00,,,,,0.00,0.00,,0.00,0.00
Teymoorian_et_al_2021,Rivire Batiscan Sainte-Genevive-de-Batiscan,Surface Water,46.5288,-72.3335,2019,,,Unnamed_SPE_LCMS_MS,,,0.15,0.22,0.00,0.00,0.13,0.00,0.17,0.26,0.00,0.00,0.00,0.00,0.00,0.00,0.00,0.00,0.00,,0.19,0.00,0.05,5.00,0.00,0.00,,,,,,,0.00,0.00,0.00,,0.00,0.00,,0.00,0.00,0.00,0.00,0.00,0.00,0.00,0.00,,,,,0.00,0.00,,0.00,0.00
Teymoorian_et_al_2021,Rivire Bayonne Sainte-Genevive-de-Berthier,Surface Water,46.0945,-73.226,2019,,,Unnamed_SPE_LCMS_MS,,,1.14,1.01,0.08,0.12,0.61,0.29,1.49,1.09,0.00,0.00,0.00,0.00,0.00,0.00,0.00,0.00,0.00,,1.11,0.05,0.43,2.50,0.00,0.00,,,,,,,0.00,0.08,0.00,,0.00,0.00,,0.17,0.00,0.00,0.00,0.00,0.00,0.00,0.00,,,,,0.00,0.00,,0.00,0.00
Teymoorian_et_al_2021,Rivire Bcancour Bcancour,Surface Water,46.352672,-72.438619,2019,,,Unnamed_SPE_LCMS_MS,,,0.31,0.68,0.00,0.04,0.16,0.08,0.73,0.48,0.00,0.00,0.00,0.00,0.00,0.00,0.00,0.00,0.00,,0.70,0.01,0.17,1.80,0.00,0.00,,,,,,,0.00,0.00,0.00,,0.00,0.00,,0.00,0.00,0.00,0.00,0.00,0.00,0.00,0.00,,,,,0.00,0.00,,0.00,0.00
Teymoorian_et_al_2021,Rivire Boyer Saint-Vallier,Surface Water,46.884275,-70.859119,2019,,,Unnamed_SPE_LCMS_MS,,,0.32,0.51,0.00,0.00,0.11,0.04,0.46,0.37,0.00,0.00,0.00,0.00,0.00,0.00,0.00,0.00,0.00,,0.48,0.01,0.20,2.18,0.00,0.00,,,,,,,0.00,0.00,0.00,,0.00,0.00,,0.00,0.00,0.00,0.00,0.00,0.00,0.00,0.00,,,,,0.00,0.00,,0.00,0.00
Teymoorian_et_al_2021,Rivire Chteauguay Chteauguay,Surface Water,45.3814,-73.7562,2019,,,Unnamed_SPE_LCMS_MS,,,0.50,0.86,0.00,0.04,0.18,0.15,0.74,0.62,0.00,0.00,0.00,0.00,0.00,0.00,0.00,0.00,0.00,,0.71,0.04,0.41,2.74,0.00,0.00,,,,,,,0.00,0.00,0.00,,0.00,0.00,,0.00,0.00,0.00,0.00,0.00,0.00,0.00,0.00,,,,,0.00,0.00,,0.00,0.00
Teymoorian_et_al_2021,Rivire Chaudire Lvis,Surface Water,46.714483,-71.280997,2019,,,Unnamed_SPE_LCMS_MS,,,0.31,0.82,0.00,0.06,0.26,0.06,1.00,0.98,0.00,0.00,0.00,0.00,0.00,0.00,0.00,0.00,0.00,,0.84,0.02,0.17,1.94,0.00,0.00,,,,,,,0.00,0.00,0.00,,0.00,0.00,,0.00,0.00,0.00,0.00,0.00,0.00,0.00,0.00,,,,,0.00,0.00,,0.00,0.00
Teymoorian_et_al_2021,Rivire Des Mille-Iles Laval,Surface Water,45.5406,-73.8808,2019,,,Unnamed_SPE_LCMS_MS,,,1.08,0.63,0.03,0.06,0.27,0.43,1.11,0.98,0.00,0.00,0.00,0.00,0.00,0.00,0.00,0.00,0.00,,1.34,0.05,0.21,1.78,0.00,0.00,,,,,,,0.00,0.00,0.00,,0.00,0.00,,0.00,0.00,0.00,0.00,0.00,0.00,0.00,0.00,,,,,0.00,0.00,,0.00,0.00
Teymoorian_et_al_2021,Rivire Des Prairies Montral,Surface Water,45.5343,-73.7266,2019,,,Unnamed_SPE_LCMS_MS,,,0.32,0.53,0.00,0.05,0.23,0.10,0.53,0.53,0.00,0.00,0.00,0.00,0.00,0.00,0.00,0.00,0.00,,0.46,0.01,0.16,1.84,0.00,0.00,,,,,,,0.00,0.00,0.00,,0.00,0.00,,0.00,0.00,0.00,0.00,0.00,0.00,0.00,0.00,,,,,0.00,0.00,,0.00,0.00
Teymoorian_et_al_2021,Rivire Du Chne Saint-Eustache,Surface Water,45.5609,-73.9783,2019,,,Unnamed_SPE_LCMS_MS,,,27.87,4.13,0.45,0.08,0.46,17.36,38.24,9.34,0.52,0.00,0.00,1.14,0.00,0.00,0.00,0.00,0.00,,24.39,2.24,1.87,9.11,0.00,0.00,,,,,,,0.00,0.00,0.00,,0.00,0.00,,0.00,0.00,0.00,0.00,0.00,0.00,0.00,0.00,,,,,0.00,0.00,,0.00,0.00
Teymoorian_et_al_2021,Rivire Du Loup Louiseville,Surface Water,46.2238,-72.9273,2019,,,Unnamed_SPE_LCMS_MS,,,0.21,0.32,0.00,0.04,0.23,0.04,0.58,0.31,0.00,0.00,0.00,0.00,0.00,0.00,0.00,0.00,0.00,,0.40,0.00,0.10,1.85,0.00,0.00,,,,,,,0.00,0.00,0.00,,0.00,0.00,,0.00,0.00,0.00,0.00,0.00,0.00,0.00,0.00,,,,,0.00,0.00,,0.00,0.00
Teymoorian_et_al_2021,Rivire Du Sud Montmagny,Surface Water,46.98517,-70.5491,2019,,,Unnamed_SPE_LCMS_MS,,,0.28,0.32,0.00,0.00,0.11,0.03,0.29,0.24,0.00,0.00,0.00,0.00,0.00,0.00,0.00,0.00,0.00,,0.26,0.00,0.09,1.03,0.00,0.00,,,,,,,0.00,0.00,0.00,,0.00,0.00,,0.00,0.00,0.00,0.00,0.00,0.00,0.00,0.00,,,,,0.00,0.00,,0.00,0.00
Teymoorian_et_al_2021,Rivire Etchemin Lvis,Surface Water,46.76038,-71.22938,2019,,,Unnamed_SPE_LCMS_MS,,,0.35,0.50,0.00,0.03,0.17,0.07,2.23,1.65,0.00,0.00,0.00,0.00,0.00,0.00,0.00,0.09,0.00,,1.59,0.02,0.13,1.44,0.00,0.00,,,,,,,0.00,0.00,0.00,,0.00,0.00,,0.00,0.00,0.00,0.00,0.00,0.00,0.00,0.00,,,,,0.00,0.00,,0.00,0.00
Teymoorian_et_al_2021,Rivire Gananoque Gananoque Ontario,Surface Water,44.327144,-76.164503,2019,,,Unnamed_SPE_LCMS_MS,,,0.44,0.93,0.00,0.04,0.23,0.12,0.78,0.70,0.00,0.00,0.00,0.00,0.00,0.00,0.00,0.00,0.00,,0.82,0.02,0.43,2.27,0.00,0.00,,,,,,,0.00,0.00,0.00,,0.00,0.00,,0.00,0.00,0.00,0.00,0.00,0.00,0.00,0.00,,,,,0.00,0.00,,0.00,0.00
Teymoorian_et_al_2021,Rivire Gentilly Gentilly,Surface Water,46.382567,-72.336186,2019,,,Unnamed_SPE_LCMS_MS,,,0.10,0.26,0.00,0.00,0.06,0.04,0.28,0.21,0.00,0.00,0.00,0.00,0.00,0.00,0.00,0.00,0.00,,0.25,0.00,0.18,1.57,0.00,0.00,,,,,,,0.00,0.00,0.00,,0.00,0.00,,0.00,0.00,0.00,0.00,0.00,0.00,0.00,0.00,,,,,0.00,0.00,,0.00,0.00
Teymoorian_et_al_2021,Rivire Grasse Massena USA,Surface Water,44.959242,-74.830364,2019,,,Unnamed_SPE_LCMS_MS,,,0.26,0.41,0.00,0.04,0.21,0.04,0.44,0.49,0.00,0.00,0.00,0.00,0.00,0.00,0.00,0.00,0.00,,0.38,0.00,0.17,1.45,0.00,0.00,,,,,,,0.00,0.00,0.00,,0.00,0.00,,0.00,0.00,0.00,0.00,0.00,0.00,0.00,0.00,,,,,0.00,0.00,,0.00,0.00
Teymoorian_et_al_2021,Rivire Jacques-Cartier Donnacona,Surface Water,46.68146,-71.742,2019,,,Unnamed_SPE_LCMS_MS,,,0.35,0.32,0.00,0.04,0.17,0.19,0.24,0.49,0.00,0.00,0.00,0.00,0.00,0.00,0.00,0.00,0.00,,0.26,0.03,0.06,1.11,0.00,0.00,,,,,,,0.00,0.00,0.00,,0.00,0.00,,0.00,0.00,0.00,0.00,0.00,0.00,0.00,0.00,,,,,0.00,0.00,,0.00,0.00
Teymoorian_et_al_2021,Rivire LAssomption Repentigny,Surface Water,45.7553,-73.46352,2019,,,Unnamed_SPE_LCMS_MS,,,0.40,1.32,0.06,0.05,0.20,0.37,1.67,0.80,0.00,0.00,0.00,0.00,0.00,0.00,0.00,0.00,0.00,,0.93,0.04,1.77,2.86,0.00,0.00,,,,,,,0.00,0.00,0.00,,0.00,0.00,,0.00,0.00,0.00,0.00,0.00,0.00,0.00,0.00,,,,,0.00,0.00,,0.00,0.00
Teymoorian_et_al_2021,Rivire Lancaster South Lancaster Ontario,Surface Water,45.128161,-74.493919,2019,,,Unnamed_SPE_LCMS_MS,,,0.39,0.62,0.00,0.00,0.11,0.15,0.61,0.50,0.00,0.00,0.00,0.00,0.00,0.00,0.00,0.00,0.00,,0.73,0.03,0.47,2.06,0.00,0.00,,,,,,,0.00,0.00,0.00,,0.00,0.00,,0.00,0.00,0.00,0.00,0.00,0.00,0.00,0.00,,,,,0.00,0.00,,0.00,0.00
Teymoorian_et_al_2021,Rivire Little Salmon Fort Covington USA,Surface Water,45.650844,-74.901919,2019,,,Unnamed_SPE_LCMS_MS,,,0.24,0.65,0.00,0.00,0.15,0.08,0.68,0.53,0.00,0.00,0.00,0.00,0.00,0.00,0.00,0.00,0.00,,0.59,0.02,0.27,1.27,0.00,0.00,,,,,,,0.00,0.00,0.00,,0.00,0.00,,0.00,0.00,0.00,0.00,0.00,0.00,0.00,0.00,,,,,0.00,0.00,,0.00,0.00
Teymoorian_et_al_2021,Rivire Mascouche Terrebonne,Surface Water,45.6951,-73.5934,2019,,,Unnamed_SPE_LCMS_MS,,,3.96,2.05,0.09,0.12,0.38,2.38,3.89,2.07,0.08,0.00,0.00,0.00,0.00,0.00,0.00,0.00,0.00,,4.11,0.35,0.91,4.21,0.00,0.00,,,,,,,0.00,0.00,0.00,,0.00,0.00,,0.00,0.00,0.02,0.00,0.00,0.00,0.00,0.00,,,,,0.00,0.00,,0.00,0.00
Teymoorian_et_al_2021,Rivire Maskinong Maskinong,Surface Water,46.22814,-73.01597,2019,,,Unnamed_SPE_LCMS_MS,,,0.21,0.41,0.00,0.05,0.19,0.04,0.40,0.33,0.00,0.00,0.00,0.00,0.00,0.00,0.00,0.00,0.00,,0.31,0.00,0.07,1.07,0.00,0.00,,,,,,,0.00,0.00,0.00,,0.00,0.00,,0.00,0.00,0.00,0.00,0.00,0.00,0.00,0.00,,,,,0.00,0.00,,0.00,0.00
Teymoorian_et_al_2021,Rivire Montmorency Quebec,Surface Water,46.8861,-71.1453,2019,,,Unnamed_SPE_LCMS_MS,,,0.09,0.14,0.00,0.00,0.07,0.00,0.11,0.14,0.00,0.00,0.00,0.00,0.00,0.00,0.00,0.00,0.00,,0.10,0.00,0.04,0.60,0.00,0.00,,,,,,,0.00,0.00,0.00,,0.00,0.00,,0.00,0.00,0.00,0.00,0.00,0.00,0.00,0.00,,,,,0.00,0.00,,0.00,0.00
Teymoorian_et_al_2021,Rivire Nicolet Nicolet,Surface Water,46.2275,-72.62389,2019,,,Unnamed_SPE_LCMS_MS,,,0.22,0.63,0.00,0.04,0.11,0.06,0.98,0.39,0.00,0.00,0.00,0.00,0.00,0.00,0.00,0.00,0.00,,1.11,0.02,0.13,1.33,0.00,0.00,,,,,,,0.00,0.00,0.00,,0.00,0.00,,0.00,0.00,0.00,0.00,0.00,0.00,0.00,0.00,,,,,0.00,0.00,,0.00,0.00
Teymoorian_et_al_2021,Rivire Ogdensburg Ogdensburg USA,Surface Water,44.690139,-75.49375,2019,,,Unnamed_SPE_LCMS_MS,,,0.47,0.57,0.00,0.05,0.25,0.06,0.45,0.73,0.00,0.00,0.00,0.00,0.00,0.00,0.00,0.00,0.00,,0.59,0.01,0.15,1.63,0.00,0.00,,,,,,,0.00,0.00,0.00,,0.00,0.00,,0.00,0.00,0.00,0.00,0.00,0.00,0.00,0.00,,,,,0.00,0.00,,0.00,0.00
Teymoorian_et_al_2021,Rivire des Outaouais Saint-Placide,Surface Water,45.524,-74.2076,2019,,,Unnamed_SPE_LCMS_MS,,,0.27,0.41,0.00,0.00,0.14,0.10,0.47,0.49,0.00,0.00,0.00,0.00,0.00,0.00,0.00,0.00,0.00,,0.45,0.02,0.18,1.37,0.00,0.00,,,,,,,0.00,0.00,0.00,,0.00,0.00,,0.00,0.00,0.00,0.00,0.00,0.00,0.00,0.00,,,,,0.00,0.00,,0.00,0.00
Teymoorian_et_al_2021,Rivire Raquette Akwesasne USA,Surface Water,44.978531,-74.717089,2019,,,Unnamed_SPE_LCMS_MS,,,0.39,0.51,0.00,0.06,0.25,0.05,0.36,0.51,0.00,0.00,0.00,0.00,0.00,0.00,0.00,0.00,0.00,,0.49,0.01,0.17,1.26,0.00,0.00,,,,,,,0.00,0.00,0.00,,0.00,0.00,,0.00,0.00,0.00,0.00,0.00,0.00,0.00,0.00,,,,,0.00,0.00,,0.00,0.00
Teymoorian_et_al_2021,Rivire Richelieu Sorel-Tracy,Surface Water,46.019605,-73.132377,2019,,,Unnamed_SPE_LCMS_MS,,,0.82,1.16,0.20,0.05,0.25,0.44,1.02,0.79,0.00,0.00,0.00,0.00,0.00,0.00,0.00,0.00,0.00,,1.05,0.06,0.38,2.21,0.00,0.00,,,,,,,0.00,0.00,0.00,,0.00,0.00,,0.00,0.00,0.00,0.00,0.00,0.00,0.00,0.00,,,,,0.00,0.00,,0.00,0.00
Teymoorian_et_al_2021,Rivire Saint-Charles Quebec,Surface Water,46.8199,-71.22,2019,,,Unnamed_SPE_LCMS_MS,,,0.42,0.86,0.00,0.06,0.14,0.19,1.61,1.22,0.00,0.00,0.00,0.00,0.00,0.00,0.00,0.00,0.00,,2.05,0.05,0.20,1.84,0.00,0.00,,,,,,,0.00,0.00,0.00,,0.00,0.00,,0.00,0.00,0.00,0.00,0.00,0.00,0.00,0.00,,,,,0.00,0.00,,0.00,0.00
Teymoorian_et_al_2021,Rivire Sainte-Anne Beaupr,Surface Water,47.048547,-70.883153,2019,,,Unnamed_SPE_LCMS_MS,,,0.13,0.26,0.00,0.00,0.08,0.06,0.21,0.14,0.00,0.00,0.00,0.00,0.00,0.00,0.00,0.00,0.00,,0.19,0.00,0.06,0.75,0.00,0.00,,,,,,,0.00,0.00,0.00,,0.00,0.00,,0.00,0.00,0.00,0.00,0.00,0.00,0.00,0.00,,,,,0.00,0.00,,0.00,0.00
Teymoorian_et_al_2021,Rivire Sainte-Anne Sainte-Anne-de-la-Prade,Surface Water,46.571331,-72.206231,2019,,,Unnamed_SPE_LCMS_MS,,,0.12,0.18,0.00,0.00,0.10,0.00,0.12,0.21,0.00,0.00,0.00,0.00,0.00,0.00,0.00,0.00,0.00,,0.13,0.00,0.04,0.86,0.00,0.00,,,,,,,0.00,0.00,0.00,,0.00,0.00,,0.00,0.00,0.00,0.00,0.00,0.00,0.00,0.00,,,,,0.00,0.00,,0.00,0.00
Teymoorian_et_al_2021,Rivire Saint-Franois Pierreville,Surface Water,46.06687,-72.81258,2019,,,Unnamed_SPE_LCMS_MS,,,0.59,1.57,0.00,0.08,0.27,0.11,1.52,1.44,0.00,0.00,0.00,0.00,0.00,0.00,0.00,0.00,0.00,,1.61,0.02,0.31,2.26,0.00,0.00,,,,,,,0.00,0.00,0.00,,0.00,0.00,,0.00,0.00,0.00,0.00,0.00,0.00,0.00,0.00,,,,,0.00,0.00,,0.00,0.00
Teymoorian_et_al_2021,Rivire Saint-Jacques Brossard,Surface Water,45.4321,-73.4842,2019,,,Unnamed_SPE_LCMS_MS,,,0.83,2.23,0.07,0.13,0.54,0.40,3.08,1.71,0.00,0.00,0.00,0.00,0.12,0.00,0.00,0.00,0.00,,3.31,0.04,0.55,3.44,0.00,0.00,,,,,,,0.00,0.00,0.00,,0.00,0.00,,0.00,0.00,0.00,0.00,0.00,0.00,0.00,0.00,,,,,0.00,0.00,,0.00,0.00
Teymoorian_et_al_2021,Rivire Saint-Louis Beauharnois,Surface Water,45.314311,-73.879944,2019,,,Unnamed_SPE_LCMS_MS,,,0.80,0.86,0.00,0.00,0.11,0.24,1.29,0.81,0.00,0.00,0.00,0.00,0.00,0.00,0.00,0.00,0.00,,1.25,0.08,0.56,3.95,0.00,0.00,,,,,,,0.00,0.00,0.00,,0.00,0.00,,0.00,0.00,0.00,0.00,0.00,0.00,0.00,0.00,,,,,0.00,0.00,,0.00,0.00
Teymoorian_et_al_2021,Rivire Saint-Maurice Trois-Rivires,Surface Water,46.3647,-72.5521,2019,,,Unnamed_SPE_LCMS_MS,,,0.25,0.28,0.00,0.11,0.21,0.02,0.21,0.52,0.00,0.00,0.00,0.00,0.00,0.00,0.00,0.00,0.00,,0.21,0.00,0.06,0.79,0.00,0.00,,,,,,,0.00,0.09,0.00,,0.00,0.00,,0.00,0.00,0.00,0.00,0.00,0.00,0.00,0.00,,,,,0.00,0.00,,0.00,0.00
Teymoorian_et_al_2021,Rivire Saint-Rgis Sainte-Catherine,Surface Water,45.3993,-73.5639,2019,,,Unnamed_SPE_LCMS_MS,,,0.21,0.38,0.00,0.00,0.17,0.03,0.28,0.41,0.00,0.00,0.00,0.00,0.00,0.00,0.00,0.00,0.00,,0.28,0.01,0.14,1.01,0.00,0.00,,,,,,,0.00,0.00,0.00,,0.00,0.00,,0.00,0.00,0.00,0.00,0.00,0.00,0.00,0.00,,,,,0.00,0.00,,0.00,0.00
Teymoorian_et_al_2021,Rivire Varennes Varennes,Surface Water,45.671156,-73.435808,2019,,,Unnamed_SPE_LCMS_MS,,,0.81,2.14,0.03,0.07,0.32,0.26,2.59,1.33,0.00,0.00,0.00,0.00,0.00,0.00,0.00,0.00,0.00,,1.95,0.06,0.99,4.53,0.00,0.00,,,,,,,0.00,0.00,0.00,,0.00,0.00,,0.00,0.00,0.00,0.00,0.00,0.00,0.00,0.00,,,,,0.00,0.00,,0.00,0.00
Teymoorian_et_al_2021,Rivire Yamachiche Yamachiche,Surface Water,46.2662,-72.8066,2019,,,Unnamed_SPE_LCMS_MS,,,0.16,0.32,0.00,0.00,0.10,0.07,0.36,0.36,0.00,0.00,0.00,0.00,0.00,0.00,0.00,0.00,0.00,,0.25,0.00,0.11,2.01,0.00,0.00,,,,,,,0.00,0.00,0.00,,0.00,0.00,,0.00,0.00,0.00,0.00,0.00,0.00,0.00,0.00,,,,,0.00,0.00,,0.00,0.00
Teymoorian_et_al_2021,Rivire Yamaska Yamaska,Surface Water,46.0052,-72.9121,2019,,,Unnamed_SPE_LCMS_MS,,,2.60,3.03,0.04,0.22,0.51,0.43,2.45,1.79,0.08,0.00,0.00,0.00,0.00,0.00,0.00,0.00,0.00,,2.37,0.13,0.71,3.00,0.00,0.00,,,,,,,0.00,0.07,0.00,,0.00,0.00,,0.00,0.00,0.00,0.00,0.00,0.00,0.00,0.00,,,,,0.00,0.00,,0.00,0.00
Teymoorian_et_al_2021,Petite Rivire Du Chne Leclercville,Surface Water,46.572733,-71.993158,2019,,,Unnamed_SPE_LCMS_MS,,,0.20,0.54,0.00,0.00,0.14,0.05,0.51,0.42,0.00,0.00,0.00,0.00,0.00,0.00,0.00,0.00,0.00,,0.52,0.01,0.19,2.33,0.00,0.00,,,,,,,0.00,0.00,0.00,,0.00,0.00,,0.00,0.00,0.00,0.00,0.00,0.00,0.00,0.00,,,,,0.00,0.00,,0.00,0.00
Teymoorian_et_al_2021,BOU1,Surface Water,45.64867,-73.48136,2019,,,Unnamed_SPE_LCMS_MS,,,2.76,2.02,0.10,0.05,0.33,0.80,1.80,0.93,0.04,0.00,0.00,0.00,0.00,0.00,0.00,0.00,0.00,,1.45,0.14,0.51,2.43,0.00,0.00,,,,,,,0.00,0.00,0.00,,0.00,0.00,,0.00,0.00,0.00,0.00,0.00,0.00,0.00,0.00,,,,,0.00,0.00,,0.00,0.00
Teymoorian_et_al_2021,BOU2,Surface Water,45.644183,-73.466233,2019,,,Unnamed_SPE_LCMS_MS,,,2.70,2.12,0.09,0.06,0.38,0.77,1.64,1.04,0.04,0.00,0.00,0.00,0.00,0.00,0.00,0.00,0.00,,1.49,0.13,0.50,2.45,0.00,0.00,,,,,,,0.00,0.00,0.00,,0.00,0.00,,0.00,0.00,0.00,0.00,0.00,0.00,0.00,0.00,,,,,0.00,0.00,,0.00,0.00
Teymoorian_et_al_2021,BOU4,Surface Water,45.569363,-73.507785,2019,,,Unnamed_SPE_LCMS_MS,,,2.82,2.13,0.09,0.06,0.38,0.83,1.64,0.96,0.05,0.00,0.00,0.00,0.00,0.00,0.00,0.00,0.00,,1.39,0.13,0.52,2.55,0.00,0.00,,,,,,,0.00,0.00,0.00,,0.00,0.00,,0.00,0.00,0.00,0.00,0.00,0.00,0.00,0.00,,,,,0.00,0.00,,0.00,0.00
Teymoorian_et_al_2021,CON1,Surface Water,45.845717,-73.310067,2019,,,Unnamed_SPE_LCMS_MS,,,1.66,1.31,0.05,0.06,0.30,0.46,1.10,0.82,0.00,0.00,0.00,0.00,0.00,0.00,0.00,0.00,0.00,,1.11,0.07,0.39,1.91,0.00,0.00,,,,,,,0.00,0.00,0.00,,0.00,0.00,,0.00,0.00,0.00,0.00,0.00,0.00,0.00,0.00,,,,,0.00,0.00,,0.00,0.00
Teymoorian_et_al_2021,CON2,Surface Water,45.8538,-73.27965,2019,,,Unnamed_SPE_LCMS_MS,,,2.68,2.07,0.08,0.07,0.34,0.73,1.68,0.98,0.05,0.00,0.00,0.00,0.00,0.00,0.00,0.00,0.00,,1.53,0.12,0.59,2.45,0.00,0.00,,,,,,,0.00,0.00,0.00,,0.00,0.00,,0.00,0.00,0.00,0.00,0.00,0.00,0.00,0.00,,,,,0.00,0.00,,0.00,0.00
Teymoorian_et_al_2021,CON3,Surface Water,45.850167,-73.269167,2019,,,Unnamed_SPE_LCMS_MS,,,2.77,2.15,0.11,0.05,0.33,0.83,1.72,1.04,0.05,0.00,0.00,0.00,0.00,0.00,0.00,0.00,0.00,,1.45,0.14,0.57,2.57,0.00,0.00,,,,,,,0.00,0.00,0.00,,0.00,0.00,,0.00,0.00,0.00,0.00,0.00,0.00,0.00,0.00,,,,,0.00,0.00,,0.00,0.00
Teymoorian_et_al_2021,LSL1,Surface Water,45.357467,-73.809383,2019,,,Unnamed_SPE_LCMS_MS,,,2.57,2.27,0.10,0.06,0.38,0.75,1.65,0.99,0.04,0.00,0.00,0.00,0.00,0.00,0.00,0.00,0.00,,1.32,0.13,0.52,2.37,0.00,0.00,,,,,,,0.00,0.00,0.00,,0.00,0.00,,0.00,0.00,0.00,0.00,0.00,0.00,0.00,0.00,,,,,0.00,0.00,,0.00,0.00
Teymoorian_et_al_2021,LSL2,Surface Water,45.396183,-73.838062,2019,,,Unnamed_SPE_LCMS_MS,,,2.95,2.20,0.12,0.07,0.41,0.83,1.71,1.02,0.05,0.00,0.00,0.00,0.00,0.00,0.00,0.00,0.00,,1.60,0.13,0.52,2.58,0.00,0.00,,,,,,,0.00,0.00,0.00,,0.00,0.00,,0.00,0.00,0.00,0.00,0.00,0.00,0.00,0.00,,,,,0.00,0.00,,0.00,0.00
Teymoorian_et_al_2021,LSL3,Surface Water,45.379667,-73.809383,2019,,,Unnamed_SPE_LCMS_MS,,,2.89,2.24,0.10,0.08,0.42,0.78,1.63,0.98,0.04,0.00,0.00,0.00,0.00,0.00,0.00,0.00,0.00,,1.37,0.14,0.50,2.56,0.00,0.00,,,,,,,0.00,0.00,0.00,,0.00,0.00,,0.00,0.00,0.00,0.00,0.00,0.00,0.00,0.00,,,,,0.00,0.00,,0.00,0.00
Teymoorian_et_al_2021,LSPA1,Surface Water,46.267261,-72.718877,2019,,,Unnamed_SPE_LCMS_MS,,,2.50,1.84,0.07,0.07,0.33,0.65,1.50,0.95,0.03,0.00,0.00,0.00,0.00,0.00,0.00,0.00,0.00,,1.22,0.10,0.51,2.17,0.00,0.00,,,,,,,0.00,0.00,0.00,,0.00,0.00,,0.00,0.00,0.00,0.00,0.00,0.00,0.00,0.00,,,,,0.00,0.00,,0.00,0.00
Teymoorian_et_al_2021,LSPA2,Surface Water,46.263524,-72.708745,2019,,,Unnamed_SPE_LCMS_MS,,,2.82,2.14,0.10,0.07,0.38,0.78,1.65,1.01,0.04,0.00,0.00,0.00,0.00,0.00,0.00,0.00,0.00,,1.33,0.12,0.51,2.57,0.00,0.00,,,,,,,0.00,0.00,0.00,,0.00,0.00,,0.00,0.00,0.00,0.00,0.00,0.00,0.00,0.00,,,,,0.00,0.00,,0.00,0.00
Teymoorian_et_al_2021,LSPA3,Surface Water,46.256587,-72.694571,2019,,,Unnamed_SPE_LCMS_MS,,,2.57,2.00,0.14,0.08,0.37,0.74,1.60,0.93,0.04,0.00,0.00,0.00,0.00,0.00,0.00,0.00,0.00,,1.41,0.11,0.50,2.48,0.00,0.00,,,,,,,0.00,0.00,0.00,,0.00,0.00,,0.00,0.00,0.00,0.00,0.00,0.00,0.00,0.00,,,,,0.00,0.00,,0.00,0.00
Teymoorian_et_al_2021,LSPM1,Surface Water,46.22665,-72.854883,2019,,,Unnamed_SPE_LCMS_MS,,,2.34,1.77,0.12,0.06,0.33,0.62,1.40,1.00,0.03,0.00,0.00,0.00,0.00,0.00,0.00,0.00,0.00,,1.18,0.09,0.47,2.04,0.00,0.00,,,,,,,0.00,0.00,0.00,,0.00,0.00,,0.00,0.00,0.00,0.00,0.00,0.00,0.00,0.00,,,,,0.00,0.00,,0.00,0.00
Teymoorian_et_al_2021,LSPM2,Surface Water,46.204067,-72.824783,2019,,,Unnamed_SPE_LCMS_MS,,,2.76,2.15,0.10,0.07,0.36,0.81,1.64,0.89,0.04,0.00,0.00,0.00,0.00,0.00,0.00,0.00,0.00,,1.40,0.12,0.49,2.46,0.00,0.00,,,,,,,0.00,0.00,0.00,,0.00,0.00,,0.00,0.00,0.00,0.00,0.00,0.00,0.00,0.00,,,,,0.00,0.00,,0.00,0.00
Teymoorian_et_al_2021,LSPM3,Surface Water,46.183033,-72.799467,2019,,,Unnamed_SPE_LCMS_MS,,,2.68,2.07,0.15,0.06,0.37,0.77,1.54,0.92,0.04,0.00,0.00,0.00,0.00,0.00,0.00,0.00,0.00,,1.32,0.11,0.54,2.33,0.00,0.00,,,,,,,0.00,0.00,0.00,,0.00,0.00,,0.00,0.00,0.01,0.00,0.00,0.00,0.00,0.00,,,,,0.00,0.00,,0.00,0.00
Teymoorian_et_al_2021,ORL1,Surface Water,47.058254,-70.75197,2019,,,Unnamed_SPE_LCMS_MS,,,2.86,2.21,0.07,0.11,0.44,0.65,1.67,0.83,0.04,0.00,0.00,0.00,0.00,0.00,0.00,0.00,0.00,,1.21,0.10,0.45,3.58,0.00,0.00,,,,,,,0.00,0.00,0.00,,0.00,0.00,,0.00,0.00,0.00,0.00,0.00,0.00,0.00,0.00,,,,,0.00,0.00,,0.00,0.00
Teymoorian_et_al_2021,ORL2,Surface Water,47.013333,-70.698767,2019,,,Unnamed_SPE_LCMS_MS,,,2.17,1.62,0.06,0.05,0.31,0.67,1.32,0.91,0.04,0.00,0.00,0.00,0.00,0.00,0.00,0.00,0.00,,1.26,0.11,0.60,2.35,0.00,0.00,,,,,,,0.00,0.00,0.00,,0.00,0.00,,0.00,0.00,0.00,0.00,0.00,0.00,0.00,0.00,,,,,0.00,0.00,,0.00,0.00
Teymoorian_et_al_2021,ORL3,Surface Water,46.98877,-70.661748,2019,,,Unnamed_SPE_LCMS_MS,,,2.39,1.89,0.08,0.06,0.34,0.71,1.40,1.01,0.03,0.00,0.00,0.00,0.00,0.00,0.00,0.00,0.00,,1.25,0.11,0.54,2.37,0.00,0.00,,,,,,,0.00,0.00,0.00,,0.00,0.00,,0.00,0.00,0.00,0.00,0.00,0.00,0.00,0.00,,,,,0.00,0.00,,0.00,0.00
Teymoorian_et_al_2021,REP1,Surface Water,45.744983,-73.43195,2019,,,Unnamed_SPE_LCMS_MS,,,1.65,1.29,0.04,0.05,0.28,0.44,1.13,0.76,0.00,0.00,0.00,0.00,0.00,0.00,0.00,0.00,0.00,,0.99,0.07,0.36,1.96,0.00,0.00,,,,,,,0.00,0.00,0.00,,0.00,0.00,,0.00,0.00,0.00,0.00,0.00,0.00,0.00,0.00,,,,,0.00,0.00,,0.00,0.00
Teymoorian_et_al_2021,REP2,Surface Water,45.741667,-73.424033,2019,,,Unnamed_SPE_LCMS_MS,,,3.05,2.27,0.10,0.08,0.37,0.86,1.90,1.04,0.05,0.00,0.00,0.00,0.00,0.00,0.00,0.00,0.00,,1.62,0.13,0.60,2.45,0.00,0.00,,,,,,,0.00,0.00,0.00,,0.00,0.00,,0.00,0.00,0.00,0.00,0.00,0.00,0.00,0.00,,,,,0.00,0.00,,0.00,0.00
Teymoorian_et_al_2021,REP3,Surface Water,45.745028,-73.406417,2019,,,Unnamed_SPE_LCMS_MS,,,2.79,2.22,0.10,0.06,0.36,0.79,1.64,0.95,0.04,0.00,0.00,0.00,0.00,0.00,0.00,0.00,0.00,,1.40,0.13,0.51,2.49,0.00,0.00,,,,,,,0.00,0.00,0.00,,0.00,0.00,,0.00,0.00,0.00,0.00,0.00,0.00,0.00,0.00,,,,,0.00,0.00,,0.00,0.00
Teymoorian_et_al_2021,SAD1,Surface Water,46.72085,-71.4773,2019,,,Unnamed_SPE_LCMS_MS,,,2.23,1.86,0.07,0.07,0.35,0.67,1.37,0.99,0.03,0.00,0.00,0.00,0.00,0.00,0.00,0.00,0.00,,1.24,0.11,0.47,2.34,0.00,0.00,,,,,,,0.00,0.00,0.00,,0.00,0.00,,0.00,0.00,0.00,0.00,0.00,0.00,0.00,0.00,,,,,0.00,0.00,,0.00,0.00
Teymoorian_et_al_2021,SAD2,Surface Water,46.71368,-71.471017,2019,,,Unnamed_SPE_LCMS_MS,,,2.34,1.89,0.10,0.05,0.33,0.72,1.52,0.98,0.03,0.00,0.00,0.00,0.00,0.00,0.00,0.00,0.00,,1.39,0.10,0.63,2.40,0.00,0.00,,,,,,,0.00,0.00,0.00,,0.00,0.00,,0.00,0.00,0.00,0.00,0.00,0.00,0.00,0.00,,,,,0.00,0.00,,0.00,0.00
Teymoorian_et_al_2021,SAD3,Surface Water,46.705459,-71.461456,2019,,,Unnamed_SPE_LCMS_MS,,,2.22,1.91,0.10,0.05,0.32,0.69,1.51,0.96,0.04,0.00,0.00,0.00,0.00,0.00,0.00,0.00,0.00,,1.25,0.11,0.48,2.47,0.00,0.00,,,,,,,0.00,0.00,0.00,,0.00,0.00,,0.00,0.00,0.00,0.00,0.00,0.00,0.00,0.00,,,,,0.00,0.00,,0.00,0.00
Teymoorian_et_al_2021,SORAM1,Surface Water,46.073983,-73.088683,2019,,,Unnamed_SPE_LCMS_MS,,,2.35,1.85,0.07,0.08,0.37,0.64,1.54,0.90,0.03,0.00,0.00,0.00,0.00,0.00,0.00,0.00,0.00,,1.29,0.10,0.45,2.09,0.00,0.00,,,,,,,0.00,0.00,0.00,,0.00,0.00,,0.00,0.00,0.00,0.00,0.00,0.00,0.00,0.00,,,,,0.00,0.00,,0.00,0.00
Teymoorian_et_al_2021,SORAM2,Surface Water,46.067283,-73.07645,2019,,,Unnamed_SPE_LCMS_MS,,,2.78,2.06,0.09,0.09,0.40,0.73,1.71,1.00,0.04,0.00,0.00,0.00,0.00,0.00,0.00,0.00,0.00,,1.33,0.13,0.52,2.39,0.00,0.00,,,,,,,0.00,0.00,0.00,,0.00,0.00,,0.00,0.00,0.00,0.00,0.00,0.00,0.00,0.00,,,,,0.00,0.00,,0.00,0.00
Teymoorian_et_al_2021,SORAM3,Surface Water,46.06175,-73.0656,2019,,,Unnamed_SPE_LCMS_MS,,,2.59,2.10,0.10,0.06,0.37,0.78,1.66,1.01,0.04,0.00,0.00,0.00,0.00,0.00,0.00,0.00,0.00,,1.35,0.12,0.50,2.36,0.00,0.00,,,,,,,0.00,0.00,0.00,,0.00,0.00,,0.00,0.00,0.00,0.00,0.00,0.00,0.00,0.00,,,,,0.00,0.00,,0.00,0.00
Teymoorian_et_al_2021,SORAV1,Surface Water,46.172584,-72.964877,2019,,,Unnamed_SPE_LCMS_MS,,,2.28,1.75,0.05,0.07,0.35,0.61,1.46,0.90,0.03,0.00,0.00,0.00,0.00,0.00,0.00,0.00,0.00,,1.32,0.09,0.45,2.38,0.00,0.00,,,,,,,0.00,0.00,0.00,,0.00,0.00,,0.00,0.00,0.00,0.00,0.00,0.00,0.00,0.00,,,,,0.00,0.00,,0.00,0.00
Teymoorian_et_al_2021,SORAV2,Surface Water,46.13472,-72.952109,2019,,,Unnamed_SPE_LCMS_MS,,,2.58,2.04,0.09,0.06,0.37,0.75,1.69,1.06,0.03,0.00,0.00,0.00,0.00,0.00,0.00,0.00,0.00,,1.53,0.12,0.50,2.35,0.00,0.00,,,,,,,0.00,0.00,0.00,,0.00,0.00,,0.00,0.00,0.00,0.00,0.00,0.00,0.00,0.00,,,,,0.00,0.00,,0.00,0.00
Teymoorian_et_al_2021,SORAV3,Surface Water,46.160331,-72.949478,2019,,,Unnamed_SPE_LCMS_MS,,,2.75,2.11,0.13,0.07,0.36,0.80,1.58,1.01,0.04,0.00,0.00,0.00,0.00,0.00,0.00,0.00,0.00,,1.33,0.13,0.52,2.36,0.00,0.00,,,,,,,0.00,0.00,0.00,,0.00,0.00,,0.00,0.00,0.00,0.00,0.00,0.00,0.00,0.00,,,,,0.00,0.00,,0.00,0.00
Teymoorian_et_al_2021,STA1,Surface Water,46.57575,-72.098125,2019,,,Unnamed_SPE_LCMS_MS,,,2.18,1.61,0.06,0.06,0.35,0.62,1.33,0.87,0.03,0.00,0.00,0.00,0.00,0.00,0.00,0.00,0.00,,1.17,0.11,0.45,2.02,0.00,0.00,,,,,,,0.00,0.00,0.00,,0.00,0.00,,0.00,0.00,0.00,0.00,0.00,0.00,0.00,0.00,,,,,0.00,0.00,,0.00,0.00
Teymoorian_et_al_2021,STA2,Surface Water,46.569129,-72.098872,2019,,,Unnamed_SPE_LCMS_MS,,,2.46,1.88,0.08,0.05,0.33,0.67,1.37,0.90,0.03,0.00,0.00,0.00,0.00,0.00,0.00,0.00,0.00,,1.23,0.10,0.45,2.18,0.00,0.00,,,,,,,0.00,0.00,0.00,,0.00,0.00,,0.00,0.00,0.00,0.00,0.00,0.00,0.00,0.00,,,,,0.00,0.00,,0.00,0.00
Teymoorian_et_al_2021,STA3,Surface Water,46.562646,-72.10002,2019,,,Unnamed_SPE_LCMS_MS,,,2.67,2.14,0.12,0.08,0.37,0.78,1.71,1.02,0.04,0.00,0.00,0.00,0.00,0.00,0.00,0.00,0.00,,1.49,0.12,0.54,2.45,0.00,0.00,,,,,,,0.00,0.00,0.00,,0.00,0.00,,0.00,0.00,0.00,0.00,0.00,0.00,0.00,0.00,,,,,0.00,0.00,,0.00,0.00
Teymoorian_et_al_2021,STM1,Surface Water,46.349237,-72.527838,2019,,,Unnamed_SPE_LCMS_MS,,,0.15,0.29,0.00,0.03,0.21,0.02,0.24,0.39,0.00,0.00,0.00,0.00,0.00,0.00,0.00,0.00,0.00,,0.16,0.00,0.07,0.90,0.00,0.00,,,,,,,0.00,0.00,0.00,,0.00,0.00,,0.00,0.00,0.00,0.00,0.00,0.00,0.00,0.00,,,,,0.00,0.00,,0.00,0.00
Teymoorian_et_al_2021,STM2,Surface Water,46.345992,-72.529377,2019,,,Unnamed_SPE_LCMS_MS,,,2.45,1.93,0.10,0.06,0.33,0.74,1.55,1.03,0.04,0.00,0.00,0.00,0.00,0.00,0.00,0.00,0.00,,1.35,0.10,0.56,2.43,0.00,0.00,,,,,,,0.00,0.00,0.00,,0.00,0.00,,0.00,0.00,0.00,0.00,0.00,0.00,0.00,0.00,,,,,0.00,0.00,,0.00,0.00
Teymoorian_et_al_2021,STM3,Surface Water,46.340461,-72.520947,2019,,,Unnamed_SPE_LCMS_MS,,,2.40,1.99,0.11,0.08,0.38,0.73,1.64,1.00,0.04,0.00,0.00,0.00,0.00,0.00,0.00,0.00,0.00,,1.36,0.12,0.52,2.32,0.00,0.00,,,,,,,0.00,0.00,0.00,,0.00,0.00,,0.00,0.00,0.00,0.00,0.00,0.00,0.00,0.00,,,,,0.00,0.00,,0.00,0.00
Teymoorian_et_al_2021,TCL1,Surface Water,45.588744,-73.497937,2019,,,Unnamed_SPE_LCMS_MS,,,3.03,2.37,0.11,0.08,0.41,0.81,1.77,1.03,0.05,0.00,0.00,0.00,0.00,0.00,0.00,0.00,0.00,,1.36,0.12,0.52,2.53,0.00,0.00,,,,,,,0.00,0.00,0.00,,0.00,0.00,,0.00,0.00,0.01,0.00,0.00,0.00,0.00,0.00,,,,,0.00,0.00,,0.00,0.00
Teymoorian_et_al_2021,TCM1,Surface Water,45.7048,-73.478117,2019,,,Unnamed_SPE_LCMS_MS,,,0.42,0.54,0.00,0.04,0.25,0.09,0.46,0.50,0.00,0.00,0.00,0.00,0.00,0.00,0.00,0.00,0.00,,0.41,0.01,0.16,1.12,0.00,0.00,,,,,,,0.00,0.00,0.00,,0.00,0.00,,0.00,0.00,0.00,0.00,0.00,0.00,0.00,0.00,,,,,0.00,0.00,,0.00,0.00
Teymoorian_et_al_2021,TCM2,Surface Water,45.712764,-73.444502,2019,,,Unnamed_SPE_LCMS_MS,,,5.24,2.48,0.09,0.21,0.52,0.85,2.89,1.27,0.05,0.00,0.00,0.00,0.00,0.00,0.00,0.00,0.00,,2.70,0.14,0.65,2.99,0.00,0.00,,,,,,,0.00,0.06,0.00,,0.00,0.00,,0.00,0.00,0.11,0.00,0.00,0.00,0.00,0.00,,,,,0.00,0.00,,0.00,0.00
Teymoorian_et_al_2021,TCM3,Surface Water,45.703167,-73.444867,2019,,,Unnamed_SPE_LCMS_MS,,,2.78,2.32,0.09,0.07,0.38,0.81,1.81,1.02,0.04,0.00,0.00,0.00,0.00,0.00,0.00,0.00,0.00,,1.35,0.14,0.56,2.62,0.00,0.00,,,,,,,0.00,0.00,0.00,,0.00,0.00,,0.00,0.00,0.00,0.00,0.00,0.00,0.00,0.00,,,,,0.00,0.00,,0.00,0.00
Teymoorian_et_al_2021,TRA1,Surface Water,45.996917,-73.187017,2019,,,Unnamed_SPE_LCMS_MS,,,1.57,1.36,0.04,0.06,0.30,0.46,1.18,0.81,0.03,0.00,0.00,0.00,0.00,0.00,0.00,0.00,0.00,,0.97,0.06,0.41,1.97,0.00,0.00,,,,,,,0.00,0.00,0.00,,0.00,0.00,,0.00,0.00,0.00,0.00,0.00,0.00,0.00,0.00,,,,,0.00,0.00,,0.00,0.00
Teymoorian_et_al_2021,TRA2,Surface Water,45.996392,-73.183399,2019,,,Unnamed_SPE_LCMS_MS,,,2.35,1.80,0.06,0.08,0.37,0.62,1.58,0.98,0.03,0.00,0.00,0.00,0.00,0.00,0.00,0.00,0.00,,1.32,0.09,0.48,2.34,0.00,0.00,,,,,,,0.00,0.00,0.00,,0.00,0.00,,0.00,0.00,0.01,0.00,0.00,0.00,0.00,0.00,,,,,0.00,0.00,,0.00,0.00
Teymoorian_et_al_2021,TRA3,Surface Water,45.995608,-73.17874,2019,,,Unnamed_SPE_LCMS_MS,,,3.06,2.14,0.11,0.06,0.37,0.80,1.65,0.97,0.04,0.00,0.00,0.00,0.00,0.00,0.00,0.00,0.00,,1.44,0.14,0.54,2.51,0.00,0.00,,,,,,,0.00,0.00,0.00,,0.00,0.00,,0.00,0.00,0.00,0.00,0.00,0.00,0.00,0.00,,,,,0.00,0.00,,0.00,0.00
Teymoorian_et_al_2021,QC1,Surface Water,46.843411,-71.179714,2019,,,Unnamed_SPE_LCMS_MS,,,2.40,1.79,0.08,0.07,0.33,0.69,1.50,0.98,0.03,0.00,0.00,0.00,0.00,0.00,0.00,0.00,0.00,,1.34,0.12,0.51,2.28,0.00,0.00,,,,,,,0.00,0.00,0.00,,0.00,0.00,,0.00,0.00,0.00,0.00,0.00,0.00,0.00,0.00,,,,,0.00,0.00,,0.00,0.00
Teymoorian_et_al_2021,QC2,Surface Water,46.83937,-71.166825,2019,,,Unnamed_SPE_LCMS_MS,,,2.89,2.15,0.06,0.10,0.40,0.67,1.60,0.87,0.04,0.00,0.00,0.00,0.00,0.00,0.00,0.00,0.00,,1.27,0.11,0.43,3.94,0.00,0.00,,,,,,,0.00,0.00,0.00,,0.00,0.00,,0.00,0.00,0.00,0.00,0.00,0.00,0.00,0.00,,,,,0.00,0.00,,0.00,0.00
Teymoorian_et_al_2021,QC3,Surface Water,46.833885,-71.152614,2019,,,Unnamed_SPE_LCMS_MS,,,2.08,1.69,0.07,0.05,0.30,0.63,1.26,0.89,0.03,0.00,0.00,0.00,0.00,0.00,0.00,0.00,0.00,,1.08,0.10,0.43,2.06,0.00,0.00,,,,,,,0.00,0.00,0.00,,0.00,0.00,,0.00,0.00,0.00,0.00,0.00,0.00,0.00,0.00,,,,,0.00,0.00,,0.00,0.00
Teymoorian_et_al_2021,Belle Rivire Mirabel BR3,Surface Water,45.649902,-74.093588,2020,,,Unnamed_SPE_LCMS_MS,,,155.87,18.76,7.13,0.00,4.86,111.02,133.37,53.87,3.72,0.00,0.00,0.00,0.00,0.00,0.00,0.00,0.00,,104.38,12.10,7.77,30.44,0.00,0.00,,,,,,,0.00,0.00,0.00,,0.00,0.00,,0.00,0.00,0.00,0.00,0.00,0.00,0.00,0.00,,,,,0.07,0.00,,0.00,0.00
Teymoorian_et_al_2021,Rivire la Scie Lvis Point 1,Surface Water,46.7678,-71.199,2020,,,Unnamed_SPE_LCMS_MS,,,0.83,0.87,0.00,0.00,0.04,0.27,1.06,0.52,0.00,0.00,0.00,0.00,0.00,0.00,0.00,0.00,0.00,,0.33,0.02,0.00,1.47,0.00,0.00,,,,,,,0.00,0.00,0.00,,0.00,0.00,,0.00,0.00,0.00,0.00,0.00,0.00,0.00,0.00,,,,,0.00,0.00,,0.00,0.00
Teymoorian_et_al_2021,Rivire la Scie Lvis Point 2,Surface Water,46.7655,-71.204132,2020,,,Unnamed_SPE_LCMS_MS,,,1.88,0.93,0.00,0.00,0.08,0.91,0.99,0.93,0.00,0.00,0.00,0.00,0.00,0.00,0.00,0.00,0.00,,1.35,0.06,0.00,0.84,0.00,0.00,,,,,,,0.00,0.00,0.00,,0.00,0.00,,0.00,0.00,0.00,0.00,0.00,0.00,0.00,0.00,,,,,0.00,0.00,,0.00,0.00
Teymoorian_et_al_2021,Rivire la Tortue Delson,Surface Water,45.3922,-73.5381,2020,,,Unnamed_SPE_LCMS_MS,,,1.02,1.31,0.10,0.05,0.25,0.12,72.40,16.71,0.00,0.00,0.00,0.00,0.00,0.00,0.00,0.00,0.00,,62.16,0.00,0.00,16.01,0.00,0.00,,,,,,,0.00,0.00,0.00,,0.00,0.00,,0.00,0.00,0.00,0.00,0.00,0.00,0.00,0.00,,,,,0.00,0.00,,0.00,0.00
Teymoorian_et_al_2021,Rivire Aulneuse Saint-Nicolas,Surface Water,46.7092,-71.3813,2020,,,Unnamed_SPE_LCMS_MS,,,0.30,0.21,0.00,0.00,0.00,0.00,0.45,0.40,0.00,0.00,0.00,0.00,0.00,0.00,0.00,0.00,0.00,,0.58,0.00,0.00,0.00,0.00,0.00,,,,,,,0.00,0.00,0.00,,0.00,0.00,,0.00,0.00,0.00,0.00,0.00,0.00,0.00,0.00,,,,,0.00,0.00,,0.00,0.00
Teymoorian_et_al_2021,Rivire Aux Saumons Scotstown,Surface Water,45.526,-71.2733,2020,,,Unnamed_SPE_LCMS_MS,,,0.00,0.00,0.00,0.00,0.00,0.00,0.00,0.00,0.00,0.00,0.00,0.00,0.00,0.00,0.00,0.00,0.00,,0.00,0.00,0.00,0.00,0.00,0.00,,,,,,,0.00,0.00,0.00,,0.00,0.00,,0.00,0.00,0.00,0.00,0.00,0.00,0.00,0.00,,,,,0.00,0.00,,0.00,0.00
Teymoorian_et_al_2021,Rivire Aux Chiens Rosemre,Surface Water,45.6525,-73.7835,2020,,,Unnamed_SPE_LCMS_MS,,,0.91,1.90,0.03,0.00,0.12,0.39,3.82,1.29,0.00,0.00,0.00,0.00,0.00,0.00,0.00,0.00,0.00,,3.30,0.04,1.06,3.88,0.00,0.00,,,,,,,0.00,0.00,0.00,,0.00,0.00,,0.00,0.00,0.00,0.00,0.00,0.00,0.00,0.00,,,,,0.94,0.00,,0.00,0.00
Teymoorian_et_al_2021,Rivire Bcancour Bcancour,Surface Water,46.352672,-72.438619,2020,,,Unnamed_SPE_LCMS_MS,,,0.25,0.46,0.00,0.00,0.05,0.00,0.45,0.21,0.00,0.00,0.00,0.00,0.00,0.00,0.00,0.00,0.00,,0.43,0.00,0.15,0.00,0.00,0.00,,,,,,,0.00,0.00,0.00,,0.00,0.00,,0.00,0.00,0.00,0.00,0.00,0.00,0.00,0.00,,,,,0.00,0.00,,0.00,0.00
Teymoorian_et_al_2021,Rivire Chaudire Lvis,Surface Water,46.714483,-71.280997,2020,,,Unnamed_SPE_LCMS_MS,,,0.48,0.74,0.00,0.00,0.30,0.06,0.55,0.77,0.00,0.00,0.00,0.00,0.00,0.00,0.00,0.00,0.00,,0.51,0.00,0.24,1.37,0.00,0.00,,,,,,,0.00,0.00,0.00,,0.00,0.00,,0.00,0.00,0.00,0.00,0.00,0.00,0.00,0.00,,,,,0.00,0.00,,0.00,0.00
Teymoorian_et_al_2021,Rivire Des Mille Iles Laval,Surface Water,45.5406,-73.8808,2020,,,Unnamed_SPE_LCMS_MS,,,0.60,0.39,0.00,0.00,0.16,0.16,0.55,0.52,0.00,0.00,0.00,0.00,0.00,0.00,0.00,0.00,0.00,,0.31,0.00,0.18,0.20,0.00,0.00,,,,,,,0.00,0.00,0.00,,0.00,0.00,,0.00,0.00,0.00,0.00,0.00,0.00,0.00,0.00,,,,,0.00,0.00,,0.00,0.00
Teymoorian_et_al_2021,Rivire Des Prairies Montral,Surface Water,45.5343,-73.7266,2020,,,Unnamed_SPE_LCMS_MS,,,0.38,0.28,0.00,0.00,0.15,0.06,0.31,0.36,0.00,0.00,0.00,0.00,0.00,0.00,0.00,0.00,0.00,,0.19,0.00,0.12,0.00,0.00,0.00,,,,,,,0.00,0.00,0.00,,0.00,0.00,,0.00,0.00,0.00,0.00,0.00,0.00,0.00,0.00,,,,,0.00,0.00,,0.00,0.00
Teymoorian_et_al_2021,Rivire des Outaouais Saint-Placide,Surface Water,45.524,-74.2076,2020,,,Unnamed_SPE_LCMS_MS,,,0.40,0.25,0.00,0.00,0.16,0.07,0.41,0.39,0.00,0.00,0.00,0.00,0.00,0.00,0.00,0.00,0.00,,0.31,0.00,0.16,0.54,0.00,0.00,,,,,,,0.00,0.00,0.00,,0.00,0.00,,0.00,0.00,0.00,0.00,0.00,0.00,0.00,0.00,,,,,0.00,0.00,,0.00,0.00
Teymoorian_et_al_2021,Rivire Du Cap Rouge Cap-Rouge Quebec,Surface Water,46.7472,-71.3425,2020,,,Unnamed_SPE_LCMS_MS,,,0.44,0.57,0.00,0.00,0.08,0.23,4.97,2.21,0.00,0.00,0.00,0.00,0.00,0.00,0.00,0.00,0.00,,8.45,0.02,0.25,2.70,0.00,0.00,,,,,,,0.00,0.00,0.00,,0.00,0.00,,0.00,0.00,0.00,0.00,0.00,0.00,0.00,0.00,,,,,0.08,0.00,,0.00,0.00
Teymoorian_et_al_2021,Rivire Du Chne Saint-Eustache,Surface Water,45.5609,-73.9783,2020,,,Unnamed_SPE_LCMS_MS,,,59.54,6.77,2.67,0.00,1.86,41.34,48.47,21.13,1.44,0.00,0.00,0.00,0.00,0.00,0.00,0.00,0.00,,39.82,4.96,3.20,13.26,0.00,0.00,,,,,,,0.00,0.00,0.00,,0.00,0.00,,0.00,0.00,0.00,0.00,0.00,0.00,0.00,0.00,,,,,0.54,0.00,,0.00,0.00
Teymoorian_et_al_2021,Rivire Du Chicot Saint-Eustache,Surface Water,45.581,-73.8602,2020,,,Unnamed_SPE_LCMS_MS,,,0.48,0.46,0.03,0.00,0.06,0.40,1.82,0.54,0.00,0.00,0.00,0.00,0.00,0.00,0.00,0.00,0.00,,2.20,0.02,0.22,2.37,0.00,0.00,,,,,,,0.00,0.00,0.00,,0.00,0.00,,0.00,0.00,0.00,0.00,0.00,0.00,0.00,0.00,,,,,5.79,0.00,,0.00,0.00
Teymoorian_et_al_2021,Rivire Etchemin Lvis,Surface Water,46.76038,-71.22938,2020,,,Unnamed_SPE_LCMS_MS,,,0.29,0.46,0.00,0.00,0.22,0.00,1.87,2.46,0.00,0.00,0.00,0.00,0.00,0.00,0.00,0.00,0.00,,2.13,0.00,0.17,0.80,0.00,0.00,,,,,,,0.00,0.00,0.00,,0.00,0.00,,0.00,0.00,0.00,0.00,0.00,0.00,0.00,0.00,,,,,0.00,0.00,,0.00,0.00
Teymoorian_et_al_2021,Rivire Mascouche Terrebonne Point 1,Surface Water,45.6951,-73.5934,2020,,,Unnamed_SPE_LCMS_MS,,,6.52,12.51,0.26,0.00,0.52,7.17,23.55,8.08,0.31,0.00,0.00,0.00,0.00,0.00,0.00,0.00,0.00,,18.48,1.43,2.93,9.46,0.00,0.00,,,,,,,0.00,0.10,0.00,,0.00,0.00,,0.00,0.00,0.00,0.00,0.00,0.00,0.00,0.00,,,,,0.00,0.00,,0.00,0.00
Teymoorian_et_al_2021,Rivire Mascouche Terrebonne Point 2,Surface Water,45.6974,-73.5939,2020,,,Unnamed_SPE_LCMS_MS,,,4.41,2.84,0.26,0.00,0.52,2.45,5.64,2.60,0.06,0.00,0.00,0.00,0.00,0.00,0.00,0.00,0.00,,7.18,0.20,1.43,2.92,0.00,0.00,,,,,,,0.00,0.00,0.00,,0.00,0.00,,0.00,0.00,0.00,0.00,0.00,0.00,0.00,0.00,,,,,0.00,0.00,,0.00,0.00
Teymoorian_et_al_2021,Rivire Nicolet Nicolet,Surface Water,46.2275,-72.62389,2020,,,Unnamed_SPE_LCMS_MS,,,0.25,0.25,0.00,0.00,0.10,0.00,0.08,0.14,0.00,0.00,0.00,0.00,0.00,0.00,0.00,0.00,0.00,,0.00,0.00,0.07,0.19,0.00,0.00,,,,,,,0.00,0.00,0.00,,0.00,0.00,,0.00,0.00,0.00,0.00,0.00,0.00,0.00,0.00,,,,,0.00,0.00,,0.00,0.00
Teymoorian_et_al_2021,Rivire Richelieu Sorel-Tracy,Surface Water,46.019605,-73.132377,2020,,,Unnamed_SPE_LCMS_MS,,,0.67,0.84,0.24,0.00,0.13,0.31,0.94,0.65,0.00,0.00,0.00,0.00,0.00,0.00,0.00,0.00,0.00,,1.02,0.03,0.43,0.00,0.00,0.00,,,,,,,0.00,0.00,0.00,,0.00,0.00,,0.00,0.00,0.00,0.00,0.00,0.00,0.00,0.00,,,,,0.00,0.00,,0.00,0.00
Teymoorian_et_al_2021,Rivire Saint-Franois Drummondville,Surface Water,45.8845,-72.4722,2020,,,Unnamed_SPE_LCMS_MS,,,0.91,0.94,0.00,0.06,0.19,0.00,1.29,0.88,0.00,0.00,0.00,0.00,0.00,0.00,0.00,0.00,0.00,,1.33,0.03,0.44,1.26,0.00,0.00,,,,,,,0.00,0.00,0.00,,0.00,0.00,,0.00,0.00,0.00,0.00,0.00,0.00,0.00,0.00,,,,,0.00,0.00,,0.00,0.00
Teymoorian_et_al_2021,Rivire Saint-Franois Pierreville,Surface Water,46.06687,-72.81258,2020,,,Unnamed_SPE_LCMS_MS,,,0.83,1.48,0.08,0.08,0.21,0.06,2.17,1.15,0.00,0.00,0.00,0.00,0.00,0.00,0.00,0.00,0.00,,2.47,0.03,0.96,1.45,0.00,0.00,,,,,,,0.00,0.00,0.00,,0.00,0.00,,0.00,0.00,0.00,0.00,0.00,0.00,0.00,0.00,,,,,0.00,0.00,,0.00,0.00
Teymoorian_et_al_2021,Rivire Saint-Franois Fleurimont Sherbrooke,Surface Water,45.4396,-71.9164,2020,,,Unnamed_SPE_LCMS_MS,,,0.00,0.00,0.00,0.00,0.00,0.00,0.00,0.00,0.00,0.00,0.00,0.00,0.00,0.00,0.00,0.00,0.00,,0.00,0.00,0.00,0.00,0.00,0.00,,,,,,,0.00,0.00,0.00,,0.00,0.00,,0.00,0.00,0.00,0.00,0.00,0.00,0.00,0.00,,,,,0.00,0.00,,0.00,0.00
Teymoorian_et_al_2021,Rivire Saint-Jacques Brossard Point 1,Surface Water,45.4321,-73.4842,2020,,,Unnamed_SPE_LCMS_MS,,,1.90,3.19,0.26,0.00,0.72,0.76,9.77,6.35,0.00,0.00,0.00,0.00,0.00,0.00,0.00,0.00,0.00,,12.77,0.04,1.40,6.23,0.00,0.00,,,,,,,0.00,0.00,0.00,,0.00,0.00,,0.00,0.00,0.00,0.00,0.00,0.00,0.00,0.00,,,,,0.00,0.00,,0.00,0.00
Teymoorian_et_al_2021,Rivire Saint-Jacques Brossard Point 2,Surface Water,45.431238,-73.487156,2020,,,Unnamed_SPE_LCMS_MS,,,2.48,2.95,0.26,0.14,1.45,0.83,9.09,6.21,0.02,0.00,0.00,0.00,0.00,0.00,0.00,0.00,0.00,,12.44,0.08,1.31,5.14,0.00,0.00,,,,,,,0.00,0.00,0.00,,0.00,0.00,,0.00,0.00,0.00,0.00,0.00,0.00,0.00,0.00,,,,,0.00,0.00,,0.00,0.00
Teymoorian_et_al_2021,Rivire Saint-Jacques Brossard Point 3,Surface Water,45.4294,-73.477,2020,,,Unnamed_SPE_LCMS_MS,,,1.05,3.19,0.18,0.10,1.08,0.55,10.90,6.37,0.00,0.00,0.00,0.00,0.00,0.00,0.00,0.00,0.00,,11.16,0.05,1.26,3.84,0.00,0.00,,,,,,,0.00,0.00,0.00,,0.00,0.00,,0.00,0.00,0.00,0.00,0.00,0.00,0.00,0.00,,,,,0.00,0.00,,0.00,0.00
Teymoorian_et_al_2021,Rivire Saint-Rgis Sainte-Catherine,Surface Water,45.3993,-73.5639,2020,,,Unnamed_SPE_LCMS_MS,,,2.54,1.67,0.68,0.00,0.34,0.38,7.12,1.59,0.00,0.00,0.00,0.00,0.00,0.00,0.00,0.00,0.00,,5.91,0.05,3.38,6.05,0.00,0.00,,,,,,,0.00,0.12,0.00,,0.00,0.00,,0.00,0.00,0.07,0.00,0.00,0.00,0.00,0.00,,,,,0.82,0.00,,0.00,0.00
Teymoorian_et_al_2021,Rivire Yamachiche Yamachiche,Surface Water,46.2662,-72.8066,2020,,,Unnamed_SPE_LCMS_MS,,,0.04,0.16,0.00,0.00,0.00,0.00,0.11,0.07,0.00,0.00,0.00,0.00,0.00,0.00,0.00,0.00,0.00,,0.00,0.00,0.07,0.00,0.00,0.00,,,,,,,0.00,0.00,0.00,,0.00,0.00,,0.00,0.00,0.00,0.00,0.00,0.00,0.00,0.00,,,,,0.00,0.00,,0.00,0.00
Teymoorian_et_al_2021,Rivire Yamaska Saint-Hyacinthe,Surface Water,45.6745,-72.9309,2020,,,Unnamed_SPE_LCMS_MS,,,2.86,3.22,0.08,0.07,0.35,0.45,3.92,2.47,0.07,0.00,0.00,0.00,0.00,0.00,0.00,0.00,0.00,,3.68,0.15,1.30,5.27,0.00,0.00,,,,,,,0.00,0.00,0.00,,0.00,0.00,,0.00,0.00,0.00,0.00,0.00,0.00,0.00,0.00,,,,,0.00,0.00,,0.00,0.00
Teymoorian_et_al_2021,Rivire Yamaska Yamaska,Surface Water,46.0052,-72.9121,2020,,,Unnamed_SPE_LCMS_MS,,,1.61,2.12,0.04,0.00,0.13,0.31,2.32,1.33,0.03,0.00,0.00,0.00,0.00,0.00,0.00,0.00,0.00,,0.55,0.09,0.79,0.33,0.00,0.00,,,,,,,0.00,0.00,0.00,,0.00,0.00,,0.00,0.00,0.00,0.00,0.00,0.00,0.00,0.00,,,,,0.00,0.00,,0.00,0.00
Teymoorian_et_al_2021,Foss Daigneault Brossard,Surface Water,45.4262,-73.4552,2020,,,Unnamed_SPE_LCMS_MS,,,1.04,4.02,0.06,0.22,1.70,0.31,12.69,8.32,0.00,0.00,0.00,0.00,0.00,0.00,0.00,0.00,0.00,,20.89,0.04,0.76,5.79,0.00,0.00,,,,,,,0.00,0.00,0.00,,0.00,0.00,,0.00,0.00,0.00,0.00,0.00,0.00,0.00,0.00,,,,,0.00,0.00,,0.00,0.00
Teymoorian_et_al_2021,Ruisseau Bertrand Montreal,Surface Water,45.5054,-73.7625,2020,,,Unnamed_SPE_LCMS_MS,,,1.13,0.85,0.05,0.00,0.14,0.12,1.64,0.71,0.00,0.00,0.00,0.00,0.00,0.00,0.00,0.00,0.00,,3.09,0.00,0.43,1.67,0.00,0.00,,,,,,,0.00,0.00,0.00,,0.00,0.00,,0.00,0.00,0.00,0.00,0.00,0.00,0.00,0.00,,,,,0.00,0.00,,0.00,0.00
Teymoorian_et_al_2021,Rivire Saint-Jacques Brossard 1,Surface Water,45.4321,-73.4842,2020,,,Unnamed_SPE_LCMS_MS,,,1.57,6.78,0.11,0.43,4.46,0.59,11.02,12.46,0.00,0.00,0.00,0.00,0.00,0.00,0.00,0.00,0.00,,11.60,0.06,1.70,5.20,0.00,0.00,,,,,,,0.00,0.11,0.00,,0.00,0.00,,0.00,0.00,0.00,0.00,0.00,0.00,0.00,0.00,,,,,0.00,0.00,,0.00,0.00
Teymoorian_et_al_2021,Ruisseau Henri Giroux Mirabel HG2,Surface Water,45.655743,-74.091661,2020,,,Unnamed_SPE_LCMS_MS,,,622.28,88.11,27.53,0.00,15.93,372.99,685.23,127.22,17.21,0.00,0.08,6.76,0.28,0.00,0.00,0.00,0.00,,539.44,43.15,28.07,122.16,0.00,0.00,,,,,,,0.00,0.23,0.00,,0.00,0.00,,0.00,0.00,0.10,0.00,0.00,1.89,0.00,0.00,,,,,1.01,0.06,,0.00,0.00
Teymoorian_et_al_2021,Ruisseau La Pinire Laval,Surface Water,45.6244,-73.64,2020,,,Unnamed_SPE_LCMS_MS,,,1.37,1.81,0.06,0.00,0.25,0.20,5.35,1.42,0.00,0.00,0.00,0.00,0.00,0.00,0.00,0.00,0.00,,5.12,0.00,0.65,3.83,0.00,0.00,,,,,,,0.00,0.00,0.00,,0.00,0.00,,0.00,0.00,0.00,0.00,0.00,0.00,0.00,0.00,,,,,0.00,0.00,,0.00,0.00
Teymoorian_et_al_2021,Petite Rivire Du Chne Leclercville,Surface Water,46.572733,-71.993158,2020,,,Unnamed_SPE_LCMS_MS,,,0.09,0.26,0.00,0.00,0.11,0.00,0.07,0.44,0.00,0.00,0.00,0.00,0.00,0.00,0.00,0.00,0.00,,0.00,0.00,0.00,0.00,0.00,0.00,,,,,,,0.00,0.00,0.00,,0.00,0.00,,0.00,0.00,0.00,0.00,0.00,0.00,0.00,0.00,,,,,0.00,0.00,,0.00,0.00
Teymoorian_et_al_2021,Grand Lac Saint-Franois La Source Saint-Romain,Surface Water,45.8122,-71.1023,2020,,,Unnamed_SPE_LCMS_MS,,,0.14,0.34,0.00,0.00,0.18,0.00,0.11,0.52,0.00,0.00,0.00,0.00,0.00,0.00,0.00,0.00,0.00,,0.18,0.00,0.10,0.00,0.00,0.00,,,,,,,0.00,0.00,0.00,,0.00,0.00,,0.00,0.00,0.00,0.00,0.00,0.00,0.00,0.00,,,,,0.00,0.00,,0.00,0.00
Teymoorian_et_al_2021,Lac Archambault Saint-Donat-de-Montcalm,Surface Water,46.3152,-74.2272,2020,,,Unnamed_SPE_LCMS_MS,,,0.00,0.00,0.00,0.00,0.08,0.00,0.00,0.19,0.00,0.00,0.00,0.00,0.00,0.00,0.00,0.00,0.00,,0.00,0.00,0.00,0.00,0.00,0.00,,,,,,,0.00,0.00,0.00,,0.00,0.00,,0.00,0.00,0.00,0.00,0.00,0.00,0.00,0.00,,,,,0.00,0.00,,0.00,0.00
Teymoorian_et_al_2021,Lac Aylmer Disraeli,Surface Water,45.8979,-71.3574,2020,,,Unnamed_SPE_LCMS_MS,,,0.26,0.12,0.00,0.00,0.05,0.00,0.14,0.43,0.00,0.00,0.00,0.00,0.00,0.00,0.00,0.00,0.00,,0.47,0.00,0.00,0.00,0.00,0.00,,,,,,,0.00,0.00,0.00,,0.00,0.00,,0.00,0.00,0.00,0.00,0.00,0.00,0.00,0.00,,,,,0.00,0.00,,0.00,0.00
Teymoorian_et_al_2021,Lac Brompton Saint-Denis-de-Brompton,Surface Water,45.4634,-72.133,2020,,,Unnamed_SPE_LCMS_MS,,,0.51,0.71,0.00,0.05,0.20,0.00,0.21,0.58,0.00,0.00,0.00,0.00,0.00,0.00,0.00,0.00,0.00,,0.34,0.00,0.09,0.38,0.00,0.00,,,,,,,0.00,0.00,0.00,,0.00,0.00,,0.00,0.00,0.00,0.00,0.00,0.00,0.00,0.00,,,,,0.00,0.00,,0.00,0.00
Teymoorian_et_al_2021,Lac de lAchigan Saint-Hippolyte,Surface Water,45.9527,-73.9693,2020,,,Unnamed_SPE_LCMS_MS,,,0.05,0.00,0.03,0.05,0.18,0.00,0.13,0.42,0.00,0.00,0.00,0.00,0.00,0.00,0.00,0.00,0.00,,0.00,0.00,0.03,0.00,0.00,0.00,,,,,,,0.00,0.00,0.00,,0.00,0.00,,0.00,0.00,0.00,0.00,0.00,0.00,0.00,0.00,,,,,0.00,0.00,,0.00,0.00
Teymoorian_et_al_2021,Lac Ouareau Saint-Donat-de-Montcalm,Surface Water,46.2808,-74.1597,2020,,,Unnamed_SPE_LCMS_MS,,,0.00,0.00,0.00,0.00,0.11,0.00,0.00,0.30,0.00,0.00,0.00,0.00,0.00,0.00,0.00,0.00,0.00,,0.00,0.00,0.00,0.29,0.00,0.00,,,,,,,0.00,0.00,0.00,,0.00,0.00,,0.00,0.00,0.00,0.00,0.00,0.00,0.00,0.00,,,,,0.00,0.00,,0.00,0.00
Teymoorian_et_al_2021,BOU1,Surface Water,45.64867,-73.48136,2020,,,Unnamed_SPE_LCMS_MS,,,3.77,2.26,0.09,0.00,0.38,1.05,1.64,1.16,0.05,0.00,0.00,0.00,0.00,0.00,0.00,0.00,0.00,,1.69,0.19,0.64,2.83,0.00,0.00,,,,,,,0.00,0.00,0.00,,0.00,0.00,,0.00,0.00,0.00,0.00,0.00,0.00,0.00,0.00,,,,,0.00,0.00,,0.00,0.00
Teymoorian_et_al_2021,BOU2,Surface Water,45.644183,-73.466233,2020,,,Unnamed_SPE_LCMS_MS,,,1.94,1.53,0.16,0.00,0.22,0.71,1.13,0.70,0.02,0.00,0.00,0.00,0.00,0.00,0.00,0.00,0.00,,1.32,0.07,0.35,1.49,0.00,0.00,,,,,,,0.00,0.00,0.00,,0.00,0.00,,0.00,0.00,0.00,0.00,0.00,0.00,0.00,0.00,,,,,0.00,0.00,,0.00,0.00
Teymoorian_et_al_2021,BOU3,Surface Water,45.64645,-73.4526,2020,,,Unnamed_SPE_LCMS_MS,,,2.11,1.65,0.08,0.00,0.15,0.87,1.46,0.96,0.02,0.00,0.00,0.00,0.00,0.00,0.00,0.00,0.00,,1.30,0.12,0.50,1.43,0.00,0.00,,,,,,,0.00,0.00,0.00,,0.00,0.00,,0.00,0.00,0.00,0.00,0.00,0.00,0.00,0.00,,,,,0.00,0.00,,0.00,0.00
Teymoorian_et_al_2021,BOU4,Surface Water,45.569363,-73.507785,2020,,,Unnamed_SPE_LCMS_MS,,,2.53,2.04,0.09,0.00,0.30,0.93,1.44,1.03,0.02,0.00,0.00,0.00,0.00,0.00,0.00,0.00,0.00,,1.46,0.09,0.54,1.61,0.00,0.00,,,,,,,0.00,0.00,0.00,,0.00,0.00,,0.00,0.00,0.00,0.00,0.00,0.00,0.00,0.00,,,,,0.00,0.00,,0.00,0.00
Teymoorian_et_al_2021,CAC_1,Surface Water,47.974967,-69.7165,2020,,,Unnamed_SPE_LCMS_MS,,,0.50,0.33,0.08,0.00,0.06,0.18,0.59,0.21,0.00,0.00,0.00,0.00,0.00,0.00,0.00,0.00,0.00,,0.37,0.03,0.12,0.48,0.00,0.00,,,,,,,0.00,0.00,0.00,,0.00,0.41,,0.00,0.00,0.00,0.00,0.00,0.00,0.00,0.00,,,,,0.00,0.00,,0.00,0.00
Teymoorian_et_al_2021,CAC_2,Surface Water,47.987831,-69.624706,2020,,,Unnamed_SPE_LCMS_MS,,,0.92,0.50,0.08,0.00,0.09,0.21,0.60,0.29,0.00,0.00,0.00,0.00,0.00,0.00,0.00,0.00,0.00,,0.36,0.03,0.11,0.51,0.00,0.00,,,,,,,0.00,0.00,0.00,,0.00,0.23,,0.00,0.00,0.00,0.00,0.00,0.00,0.00,0.00,,,,,0.00,0.00,,0.00,0.00
Teymoorian_et_al_2021,CAC_3,Surface Water,47.928483,-69.54455,2020,,,Unnamed_SPE_LCMS_MS,,,0.40,0.29,0.08,0.00,0.05,0.12,0.54,0.16,0.00,0.00,0.00,0.00,0.00,0.00,0.00,0.00,0.00,,0.28,0.02,0.09,0.20,0.00,0.00,,,,,,,0.00,0.00,0.00,,0.00,0.15,,0.00,0.00,0.00,0.00,0.00,0.00,0.00,0.00,,,,,0.00,0.00,,0.00,0.00
Teymoorian_et_al_2021,CON1,Surface Water,45.845717,-73.310067,2020,,,Unnamed_SPE_LCMS_MS,,,1.32,0.90,0.03,0.00,0.24,0.40,0.65,0.45,0.00,0.00,0.00,0.00,0.00,0.00,0.00,0.00,0.00,,0.39,0.00,0.33,0.39,0.00,0.00,,,,,,,0.00,0.00,0.00,,0.00,0.00,,0.00,0.00,0.00,0.00,0.00,0.00,0.00,0.00,,,,,0.00,0.00,,0.00,0.00
Teymoorian_et_al_2021,CON2,Surface Water,45.8538,-73.27965,2020,,,Unnamed_SPE_LCMS_MS,,,2.39,1.36,0.24,0.00,0.00,0.65,1.34,0.87,0.00,0.00,0.00,0.00,0.00,0.00,0.00,0.00,0.00,,1.16,0.07,0.50,1.91,0.00,0.00,,,,,,,0.00,0.00,0.00,,0.00,0.00,,0.00,0.00,0.00,0.00,0.00,0.00,0.00,0.00,,,,,0.00,0.00,,0.00,0.00
Teymoorian_et_al_2021,CON3,Surface Water,45.850167,-73.269167,2020,,,Unnamed_SPE_LCMS_MS,,,2.29,2.11,0.55,0.00,0.29,0.90,1.61,0.95,0.38,0.00,0.00,0.00,0.00,0.00,0.00,0.00,0.00,,1.35,0.99,0.57,1.03,0.00,0.00,,,,,,,0.00,0.00,0.00,,0.00,0.00,,0.00,0.00,0.00,0.00,0.00,0.00,0.00,0.00,,,,,0.00,0.00,,0.00,0.00
Teymoorian_et_al_2021,LSL_1,Surface Water,45.357467,-73.809383,2020,,,Unnamed_SPE_LCMS_MS,,,0.58,0.51,0.00,0.00,0.16,0.10,0.42,0.29,0.00,0.00,0.00,1.99,0.00,0.00,0.00,0.00,0.00,,0.49,0.00,0.13,0.00,0.00,0.00,,,,,,,0.00,0.00,0.00,,0.00,0.00,,0.00,0.00,0.00,0.00,0.00,0.00,0.00,0.00,,,,,0.00,0.00,,0.00,0.00
Teymoorian_et_al_2021,LSL_2,Surface Water,45.396183,-73.838062,2020,,,Unnamed_SPE_LCMS_MS,,,2.90,2.13,0.50,0.23,0.31,1.06,1.83,1.07,0.45,0.00,0.00,0.00,0.00,0.00,0.00,0.00,0.00,,1.86,0.57,0.73,2.25,0.00,0.00,,,,,,,0.00,0.00,0.00,,0.00,0.00,,0.00,0.00,0.00,0.00,0.00,0.00,0.00,0.00,,,,,0.00,0.00,,0.00,0.00
Teymoorian_et_al_2021,LSL_3,Surface Water,45.379667,-73.809383,2020,,,Unnamed_SPE_LCMS_MS,,,2.83,1.85,0.28,0.00,0.35,0.90,1.55,0.66,0.03,0.00,0.00,0.00,0.00,0.00,0.00,0.00,0.00,,1.29,0.09,0.52,1.58,0.00,0.00,,,,,,,0.00,0.00,0.00,,0.00,0.00,,0.00,0.00,0.00,0.00,0.00,0.00,0.00,0.00,,,,,0.00,0.00,,0.00,0.00
Teymoorian_et_al_2021,LSPA_1,Surface Water,46.267261,-72.718877,2020,,,Unnamed_SPE_LCMS_MS,,,2.73,1.78,0.03,0.07,0.31,0.85,1.76,1.13,0.05,0.00,0.00,0.00,0.00,0.00,0.00,0.00,0.00,,1.44,0.14,0.57,2.28,0.00,0.00,,,,,,,0.00,0.00,0.00,,0.00,0.00,,0.00,0.00,0.00,0.00,0.00,0.00,0.00,0.00,,,,,0.00,0.00,,0.00,0.00
Teymoorian_et_al_2021,LSPA_2,Surface Water,46.263524,-72.708745,2020,,,Unnamed_SPE_LCMS_MS,,,2.19,1.41,0.07,0.00,0.31,0.67,0.97,0.66,0.03,0.00,0.00,0.00,0.00,0.00,0.00,0.00,0.00,,0.93,0.08,0.44,1.59,0.00,0.00,,,,,,,0.00,0.00,0.00,,0.00,0.00,,0.00,0.00,0.00,0.00,0.00,0.00,0.00,0.00,,,,,0.00,0.00,,0.00,0.00
Teymoorian_et_al_2021,LSPA3,Surface Water,46.256587,-72.694571,2020,,,Unnamed_SPE_LCMS_MS,,,2.30,1.84,0.00,0.00,0.19,0.92,1.54,0.94,0.02,0.00,0.00,0.00,0.00,0.00,0.00,0.00,0.00,,1.27,0.11,0.78,1.63,0.00,0.00,,,,,,,0.00,0.00,0.00,,0.00,0.00,,0.00,0.00,0.00,0.00,0.00,0.00,0.00,0.00,,,,,0.00,0.00,,0.00,0.00
Teymoorian_et_al_2021,LSPM_1,Surface Water,46.22665,-72.854883,2020,,,Unnamed_SPE_LCMS_MS,,,2.15,1.45,0.22,0.00,0.27,0.65,1.06,0.83,0.00,0.00,0.00,0.00,0.00,0.00,0.00,0.00,0.00,,1.50,0.76,0.47,1.85,0.00,0.00,,,,,,,0.00,0.00,0.00,,0.00,0.00,,0.00,0.00,0.00,0.00,0.00,0.00,0.00,0.00,,,,,0.50,0.00,,0.00,0.00
Teymoorian_et_al_2021,LSPM2,Surface Water,46.204067,-72.824783,2020,,,Unnamed_SPE_LCMS_MS,,,2.52,1.83,0.06,0.00,0.33,0.93,1.55,1.16,0.03,0.00,0.00,0.00,0.00,0.00,0.00,0.00,0.00,,1.39,0.12,0.73,0.80,0.00,0.00,,,,,,,0.00,0.00,0.00,,0.00,0.00,,0.00,0.00,0.00,0.00,0.00,0.00,0.00,0.00,,,,,0.00,0.00,,0.00,0.00
Teymoorian_et_al_2021,LSPM3,Surface Water,46.183033,-72.799467,2020,,,Unnamed_SPE_LCMS_MS,,,2.30,1.73,0.04,0.00,0.23,0.90,1.31,1.04,0.02,0.00,0.00,0.00,0.00,0.00,0.00,0.00,0.00,,1.73,0.10,0.72,0.64,0.00,0.00,,,,,,,0.00,0.00,0.00,,0.00,0.00,,0.00,0.00,0.00,0.00,0.00,0.00,0.00,0.00,,,,,0.00,0.00,,0.00,0.00
Teymoorian_et_al_2021,MASS1,Surface Water,47.2516,-70.544167,2020,,,Unnamed_SPE_LCMS_MS,,,1.08,0.00,0.00,0.00,0.00,0.48,0.60,0.80,0.00,0.00,0.00,0.00,0.00,0.00,0.00,0.00,0.00,,1.06,0.07,0.31,1.35,0.00,0.00,,,,,,,0.00,0.00,0.00,,0.00,0.00,,0.00,0.00,0.00,0.00,0.00,0.00,0.00,0.00,,,,,0.00,0.00,,0.00,0.00
Teymoorian_et_al_2021,MASS2,Surface Water,47.221844,-70.452017,2020,,,Unnamed_SPE_LCMS_MS,,,1.70,1.20,0.06,0.00,0.15,0.61,1.05,0.87,0.03,0.00,0.00,0.00,0.00,0.00,0.00,0.00,0.00,,0.94,0.08,0.37,0.97,0.00,0.00,,,,,,,0.00,0.00,0.00,,0.00,0.00,,0.00,0.00,0.00,0.00,0.00,0.00,0.00,0.00,,,,,0.00,0.00,,0.00,0.00
Teymoorian_et_al_2021,MASS3,Surface Water,47.170421,-70.355877,2020,,,Unnamed_SPE_LCMS_MS,,,2.16,1.68,0.05,0.00,0.18,0.61,1.62,0.95,0.02,0.00,0.19,0.00,0.00,0.00,0.00,0.00,0.00,,1.13,0.10,0.41,1.53,0.00,0.00,,,,,,,0.06,0.00,0.00,,0.00,0.08,,0.00,0.12,0.00,0.00,0.00,0.00,0.00,0.00,,,,,0.00,0.00,,0.00,0.00
Teymoorian_et_al_2021,ORL1,Surface Water,47.058254,-70.75197,2020,,,Unnamed_SPE_LCMS_MS,,,2.08,1.30,0.00,0.00,0.11,0.69,1.21,0.95,0.00,0.00,0.00,0.00,0.00,0.00,0.00,0.00,0.00,,1.59,0.09,0.44,1.91,0.00,0.00,,,,,,,0.00,0.00,0.00,,0.00,0.00,,0.00,0.00,0.00,0.00,0.00,0.00,0.00,0.00,,,,,0.00,0.00,,0.00,0.00
Teymoorian_et_al_2021,ORL2,Surface Water,47.013333,-70.698767,2020,,,Unnamed_SPE_LCMS_MS,,,2.53,1.92,0.18,0.00,0.33,0.81,1.54,0.99,0.03,0.00,0.00,0.00,0.00,0.00,0.00,0.00,0.00,,1.42,0.11,0.59,1.78,0.00,0.00,,,,,,,0.00,0.00,0.00,,0.00,0.00,,0.00,0.00,0.00,0.00,0.00,0.00,0.00,0.00,,,,,0.10,0.00,,0.00,0.00
Teymoorian_et_al_2021,ORL3,Surface Water,46.98877,-70.661748,2020,,,Unnamed_SPE_LCMS_MS,,,2.05,1.82,0.04,0.00,0.33,0.76,1.26,0.96,0.00,0.00,0.00,0.00,0.00,0.00,0.00,0.00,0.00,,1.28,0.10,0.57,1.21,0.00,0.00,,,,,,,0.00,0.00,0.00,,0.00,0.00,,0.00,0.00,0.00,0.00,0.00,0.00,0.00,0.00,,,,,0.00,0.00,,0.00,0.00
Teymoorian_et_al_2021,QC1,Surface Water,46.843411,-71.179714,2020,,,Unnamed_SPE_LCMS_MS,,,1.81,1.26,0.07,0.00,0.20,0.65,0.96,0.58,0.00,0.00,0.00,0.00,0.00,0.00,0.00,0.00,0.00,,0.91,0.07,0.39,1.07,0.00,0.00,,,,,,,0.00,0.00,0.00,,0.00,0.00,,0.00,0.00,0.00,0.00,0.00,0.00,0.00,0.00,,,,,0.00,0.00,,0.00,0.00
Teymoorian_et_al_2021,QC2,Surface Water,46.83937,-71.166825,2020,,,Unnamed_SPE_LCMS_MS,,,2.13,1.21,0.00,0.00,0.13,0.74,1.65,0.71,0.02,0.00,0.00,0.00,0.00,0.00,0.00,0.00,0.00,,1.37,0.08,0.43,0.69,0.00,0.00,,,,,,,0.00,0.00,0.00,,0.00,0.00,,0.00,0.00,0.00,0.00,0.00,0.00,0.00,0.00,,,,,0.00,0.00,,0.00,0.00
Teymoorian_et_al_2021,QC3,Surface Water,46.833885,-71.152614,2020,,,Unnamed_SPE_LCMS_MS,,,2.28,0.76,0.04,0.00,0.27,0.72,1.44,1.00,0.02,0.00,0.00,0.00,0.00,0.00,0.00,0.00,0.00,,1.32,0.10,0.51,1.19,0.00,0.00,,,,,,,0.00,0.00,0.00,,0.00,0.00,,0.00,0.00,0.00,0.00,0.00,0.00,0.00,0.00,,,,,0.00,0.00,,0.00,0.00
Teymoorian_et_al_2021,REP1,Surface Water,45.744983,-73.43195,2020,,,Unnamed_SPE_LCMS_MS,,,0.47,0.24,0.03,0.00,0.19,0.14,0.80,0.47,0.00,0.00,0.00,0.00,0.00,0.00,0.00,0.00,0.00,,0.21,0.00,0.26,1.49,0.00,0.00,,,,,,,0.00,0.00,0.00,,0.00,0.00,,0.00,0.00,0.00,0.00,0.00,0.00,0.00,0.00,,,,,0.00,0.00,,0.00,0.00
Teymoorian_et_al_2021,REP2,Surface Water,45.741667,-73.424033,2020,,,Unnamed_SPE_LCMS_MS,,,1.82,1.59,0.05,0.00,0.19,0.95,1.50,0.96,0.02,0.00,0.00,0.00,0.00,0.00,0.00,0.00,0.00,,1.47,0.11,0.63,1.20,0.00,0.00,,,,,,,0.00,0.00,0.00,,0.00,0.00,,0.00,0.00,0.00,0.00,0.00,0.00,0.00,0.00,,,,,0.00,0.00,,0.00,0.00
Teymoorian_et_al_2021,REP3,Surface Water,45.745028,-73.406417,2020,,,Unnamed_SPE_LCMS_MS,,,2.76,1.81,0.11,0.00,0.33,0.89,1.19,1.03,0.04,0.00,0.00,0.00,0.00,0.00,0.00,0.00,0.00,,1.32,0.11,0.49,1.48,0.00,0.00,,,,,,,0.00,0.00,0.00,,0.00,0.00,,0.00,0.00,0.00,0.00,0.00,0.00,0.00,0.00,,,,,0.00,0.00,,0.00,0.00
Teymoorian_et_al_2021,REP4,Surface Water,45.736033,-73.411833,2020,,,Unnamed_SPE_LCMS_MS,,,2.41,2.09,0.10,0.00,0.28,1.00,1.75,1.12,0.03,0.00,0.00,0.42,0.00,0.00,0.00,0.00,0.00,,1.50,0.14,0.66,2.29,0.00,0.00,,,,,,,0.00,0.00,0.00,,0.00,0.00,,0.00,0.00,0.00,0.00,0.00,0.00,0.00,0.00,,,,,0.81,0.00,,0.00,0.00
Teymoorian_et_al_2021,SAD1,Surface Water,46.72085,-71.4773,2020,,,Unnamed_SPE_LCMS_MS,,,2.41,1.61,0.12,0.00,0.35,0.67,1.11,0.76,0.02,0.00,0.00,0.00,0.00,0.00,0.00,0.00,0.00,,1.12,0.06,0.46,0.76,0.00,0.00,,,,,,,0.00,0.00,0.00,,0.00,0.00,,0.00,0.00,0.00,0.00,0.00,0.00,0.00,0.00,,,,,0.00,0.00,,0.00,0.00
Teymoorian_et_al_2021,SAD2,Surface Water,46.71368,-71.471017,2020,,,Unnamed_SPE_LCMS_MS,,,2.08,1.51,0.11,0.00,0.25,0.72,1.64,0.80,0.00,0.00,0.00,0.00,0.00,0.00,0.00,0.00,0.00,,1.51,0.08,0.45,1.17,0.00,0.00,,,,,,,0.00,0.00,0.00,,0.00,0.00,,0.00,0.00,0.00,0.00,0.00,0.00,0.00,0.00,,,,,0.00,0.00,,0.00,0.00
Teymoorian_et_al_2021,SAD3,Surface Water,46.705459,-71.461456,2020,,,Unnamed_SPE_LCMS_MS,,,1.96,1.61,0.04,0.00,0.13,0.77,1.44,0.89,0.00,0.00,0.00,0.00,0.00,0.00,0.00,0.00,0.00,,1.64,0.08,0.59,1.25,0.00,0.00,,,,,,,0.00,0.00,0.00,,0.00,0.00,,0.00,0.00,0.00,0.00,0.00,0.00,0.00,0.00,,,,,0.00,0.00,,0.00,0.00
Teymoorian_et_al_2021,SORAM1,Surface Water,46.073983,-73.088683,2020,,,Unnamed_SPE_LCMS_MS,,,1.66,1.33,0.00,0.00,0.23,0.64,1.03,0.49,0.02,0.00,0.00,0.00,0.00,0.00,0.00,0.00,0.00,,0.63,0.04,0.47,0.59,0.00,0.00,,,,,,,0.00,0.00,0.00,,0.00,0.00,,0.00,0.00,0.00,0.00,0.00,0.00,0.00,0.00,,,,,0.00,0.00,,0.00,0.00
Teymoorian_et_al_2021,SORAM2,Surface Water,46.067283,-73.07645,2020,,,Unnamed_SPE_LCMS_MS,,,2.05,1.82,0.20,0.00,0.23,0.88,1.17,0.86,0.04,0.00,0.00,0.00,0.00,0.00,0.00,0.00,0.00,,1.20,0.13,0.45,1.55,0.00,0.00,,,,,,,0.00,0.00,0.00,,0.00,0.00,,0.00,0.00,0.00,0.00,0.00,0.00,0.00,0.00,,,,,0.00,0.00,,0.00,0.00
Teymoorian_et_al_2021,SORAM3,Surface Water,46.06175,-73.0656,2020,,,Unnamed_SPE_LCMS_MS,,,2.53,1.79,0.07,0.00,0.30,1.00,1.72,0.94,0.04,0.00,0.00,0.00,0.00,0.00,0.00,0.00,0.00,,1.33,0.11,0.57,1.30,0.00,0.00,,,,,,,0.00,0.00,0.00,,0.00,0.00,,0.00,0.00,0.00,0.00,0.00,0.00,0.00,0.00,,,,,0.00,0.00,,0.00,0.00
Teymoorian_et_al_2021,SORAV1,Surface Water,46.172584,-72.964877,2020,,,Unnamed_SPE_LCMS_MS,,,1.36,0.93,0.05,0.00,0.00,0.47,0.88,0.52,0.00,0.00,0.00,0.00,0.00,0.00,0.00,0.00,0.00,,0.64,0.03,0.34,0.77,0.00,0.00,,,,,,,0.00,0.00,0.00,,0.00,0.00,,0.00,0.00,0.00,0.00,0.00,0.00,0.00,0.00,,,,,0.00,0.00,,0.00,0.00
Teymoorian_et_al_2021,SORAVE2,Surface Water,46.13472,-72.952109,2020,,,Unnamed_SPE_LCMS_MS,,,1.76,1.46,0.04,0.00,0.20,0.71,1.61,0.94,0.00,0.00,0.00,0.00,0.00,0.00,0.00,0.00,0.00,,1.70,0.07,0.46,0.60,0.00,0.00,,,,,,,0.00,0.00,0.00,,0.00,0.00,,0.00,0.00,0.00,0.00,0.00,0.00,0.00,0.00,,,,,0.00,0.00,,0.00,0.00
Teymoorian_et_al_2021,SORAVE3,Surface Water,46.160331,-72.949478,2020,,,Unnamed_SPE_LCMS_MS,,,2.54,2.38,0.14,0.00,0.15,0.98,1.53,1.13,0.03,0.00,0.00,0.00,0.00,0.00,0.00,0.00,0.00,,2.08,0.12,0.68,0.54,0.00,0.00,,,,,,,0.00,0.00,0.00,,0.00,0.00,,0.00,0.00,0.00,0.00,0.00,0.00,0.00,0.00,,,,,0.00,0.00,,0.00,0.00
Teymoorian_et_al_2021,STA1,Surface Water,46.57575,-72.098125,2020,,,Unnamed_SPE_LCMS_MS,,,1.43,1.17,0.06,0.00,0.22,0.48,0.87,0.68,0.00,0.00,0.00,0.00,0.00,0.00,0.00,0.00,0.00,,0.42,0.05,0.32,0.00,0.00,0.00,,,,,,,0.00,0.00,0.00,,0.00,0.00,,0.00,0.00,0.00,0.00,0.00,0.00,0.00,0.00,,,,,0.00,0.00,,0.00,0.00
Teymoorian_et_al_2021,STA2,Surface Water,46.569129,-72.098872,2020,,,Unnamed_SPE_LCMS_MS,,,1.97,1.63,0.07,0.00,0.21,0.73,1.18,0.92,0.00,0.00,0.00,0.00,0.00,0.00,0.00,0.00,0.00,,1.38,0.08,0.54,1.94,0.00,0.00,,,,,,,0.00,0.00,0.00,,0.00,0.00,,0.00,0.00,0.00,0.00,0.00,0.00,0.00,0.00,,,,,0.00,0.00,,0.00,0.00
Teymoorian_et_al_2021,STA3,Surface Water,46.562646,-72.10002,2020,,,Unnamed_SPE_LCMS_MS,,,2.33,1.95,0.04,0.00,0.32,0.88,1.67,0.98,0.03,0.00,0.00,0.43,0.00,0.00,0.00,0.00,0.00,,1.54,0.12,0.77,2.43,0.00,0.00,,,,,,,0.00,0.00,0.00,,0.00,0.00,,0.00,0.00,0.00,0.00,0.00,0.00,0.00,0.00,,,,,0.00,0.00,,0.00,0.00
Teymoorian_et_al_2021,STAN_1,Surface Water,47.715604,-69.924038,2020,,,Unnamed_SPE_LCMS_MS,,,1.45,1.02,0.13,0.00,0.13,0.42,0.82,0.58,0.00,0.00,0.00,0.00,0.00,0.00,0.00,0.00,0.00,,0.70,0.06,0.27,1.12,0.00,0.00,,,,,,,0.00,0.00,0.00,,0.00,0.16,,0.00,0.00,0.00,0.00,0.00,0.00,0.00,0.00,,,,,0.00,0.00,,0.00,0.00
Teymoorian_et_al_2021,STAN_2,Surface Water,47.680059,-69.860108,2020,,,Unnamed_SPE_LCMS_MS,,,1.43,0.74,0.11,0.00,0.11,0.40,0.98,0.57,0.00,0.00,0.00,0.00,0.00,0.00,0.00,0.00,0.00,,0.73,0.06,0.29,1.03,0.00,0.00,,,,,,,0.00,0.00,0.00,,0.00,0.17,,0.00,0.00,0.00,0.00,0.00,0.00,0.00,0.00,,,,,0.00,0.00,,0.00,0.00
Teymoorian_et_al_2021,STAN_3,Surface Water,47.66745,-69.787083,2020,,,Unnamed_SPE_LCMS_MS,,,1.21,0.58,0.07,0.00,0.10,0.37,0.81,0.53,0.00,0.00,0.00,0.00,0.00,0.00,0.00,0.00,0.00,,0.56,0.07,0.27,0.86,0.00,0.00,,,,,,,0.00,0.00,0.00,,0.00,0.37,,0.00,0.00,0.00,0.00,0.00,0.00,0.00,0.00,,,,,0.00,0.00,,0.00,0.00
Teymoorian_et_al_2021,STIR1,Surface Water,47.55815,-70.18045,2020,,,Unnamed_SPE_LCMS_MS,,,0.96,0.55,0.05,0.00,0.00,0.28,0.45,0.23,0.00,0.00,0.00,0.00,0.00,0.00,0.00,0.00,0.00,,0.29,0.02,0.20,0.39,0.00,0.00,,,,,,,0.00,0.00,0.00,,0.00,0.00,,0.00,0.00,0.00,0.00,0.00,0.00,0.00,0.00,,,,,0.00,0.00,,0.00,0.00
Teymoorian_et_al_2021,STIR2,Surface Water,47.5343,-70.1054,2020,,,Unnamed_SPE_LCMS_MS,,,0.77,0.46,0.00,0.00,0.00,0.31,0.60,0.22,0.00,0.00,0.00,0.00,0.00,0.00,0.00,0.00,0.00,,0.46,0.03,0.20,0.00,0.00,0.00,,,,,,,0.00,0.00,0.00,,0.00,0.00,,0.00,0.00,0.00,0.00,0.00,0.00,0.00,0.00,,,,,0.00,0.00,,0.00,0.00
Teymoorian_et_al_2021,STIR3,Surface Water,47.504083,-70.021517,2020,,,Unnamed_SPE_LCMS_MS,,,0.45,0.00,0.00,0.00,0.00,0.22,0.37,0.21,0.00,0.00,0.00,0.00,0.00,0.00,0.00,0.00,0.00,,0.40,0.04,0.16,0.00,0.00,0.00,,,,,,,0.00,0.00,0.00,,0.00,0.00,,0.00,0.00,0.00,0.00,0.00,0.00,0.00,0.00,,,,,0.00,0.00,,0.00,0.00
Teymoorian_et_al_2021,STJO_1,Surface Water,47.445917,-70.300367,2020,,,Unnamed_SPE_LCMS_MS,,,1.33,0.49,0.08,0.00,0.05,0.35,1.02,0.56,0.00,0.00,0.00,0.00,0.00,0.00,0.00,0.00,0.00,,0.77,0.05,0.26,0.73,0.00,0.00,,,,,,,0.00,0.00,0.00,,0.00,0.11,,0.00,0.00,0.00,0.00,0.00,0.00,0.00,0.00,,,,,0.00,0.00,,0.00,0.00
Teymoorian_et_al_2021,STJO2,Surface Water,47.416383,-70.219967,2020,,,Unnamed_SPE_LCMS_MS,,,0.97,0.00,0.09,0.00,0.05,0.29,0.52,0.34,0.00,0.00,0.00,0.00,0.00,0.00,0.00,0.00,0.00,,0.31,0.04,0.18,0.00,0.00,0.00,,,,,,,0.00,0.00,0.00,,0.00,0.00,,0.00,0.00,0.00,0.00,0.00,0.00,0.00,0.00,,,,,0.00,0.00,,0.00,0.00
Teymoorian_et_al_2021,STJO3,Surface Water,47.3906,-70.13095,2020,,,Unnamed_SPE_LCMS_MS,,,1.38,0.08,0.04,0.00,0.00,0.22,1.08,0.31,0.00,0.00,0.00,0.00,0.00,0.00,0.00,0.00,0.00,,0.32,0.04,0.18,0.73,0.00,0.00,,,,,,,0.00,0.00,0.00,,0.00,0.00,,0.00,0.00,0.00,0.00,0.00,0.00,0.00,0.00,,,,,0.00,0.00,,0.00,0.00
Teymoorian_et_al_2021,STM1,Surface Water,46.349237,-72.527838,2020,,,Unnamed_SPE_LCMS_MS,,,0.00,0.00,0.00,0.00,0.06,0.00,0.00,0.23,0.00,0.00,0.00,0.00,0.00,0.00,0.00,0.00,0.00,,0.36,0.00,0.00,0.00,0.00,0.00,,,,,,,0.00,0.00,0.00,,0.00,0.00,,0.00,0.00,0.00,0.00,0.00,0.00,0.00,0.00,,,,,0.00,0.00,,0.00,0.00
Teymoorian_et_al_2021,STM2,Surface Water,46.345992,-72.529377,2020,,,Unnamed_SPE_LCMS_MS,,,2.43,1.51,0.03,0.00,0.10,0.78,1.57,0.95,0.02,0.00,0.00,0.00,0.00,0.00,0.00,0.00,0.00,,1.42,0.10,0.59,0.00,0.00,0.00,,,,,,,0.00,0.00,0.00,,0.00,0.00,,0.00,0.00,0.00,0.00,0.00,0.00,0.00,0.00,,,,,0.00,0.00,,0.00,0.00
Teymoorian_et_al_2021,STM3,Surface Water,46.340461,-72.520947,2020,,,Unnamed_SPE_LCMS_MS,,,2.45,1.64,0.00,0.00,0.06,0.88,1.50,0.94,0.03,0.00,0.00,0.00,0.00,0.00,0.00,0.00,0.00,,1.61,0.10,0.69,1.04,0.00,0.00,,,,,,,0.00,0.00,0.00,,0.00,0.00,,0.00,0.00,0.00,0.00,0.00,0.00,0.00,0.00,,,,,0.00,0.00,,0.00,0.00
Teymoorian_et_al_2021,STM4,Surface Water,46.336517,-72.518583,2020,,,Unnamed_SPE_LCMS_MS,,,1.83,1.58,0.07,0.00,0.07,0.81,1.59,0.83,0.03,0.00,0.00,0.00,0.00,0.00,0.00,0.00,0.00,,1.55,0.11,0.67,0.92,0.00,0.00,,,,,,,0.00,0.00,0.00,,0.00,0.00,,0.00,0.00,0.00,0.00,0.00,0.00,0.00,0.00,,,,,0.00,0.00,,0.00,0.00
Teymoorian_et_al_2021,TCL_1,Surface Water,45.588744,-73.497937,2020,,,Unnamed_SPE_LCMS_MS,,,3.21,2.44,0.11,0.04,0.38,1.19,2.28,1.34,0.05,0.00,0.00,0.00,0.00,0.00,0.00,0.00,0.00,,2.11,0.20,0.91,2.43,0.00,0.00,,,,,,,0.00,0.00,0.00,,0.00,0.10,,0.00,0.00,0.00,0.00,0.00,0.00,0.00,0.00,,,,,0.00,0.00,,0.00,0.00
Teymoorian_et_al_2021,TCM_1,Surface Water,45.7048,-73.478117,2020,,,Unnamed_SPE_LCMS_MS,,,0.47,0.32,0.00,0.00,0.17,0.08,0.32,0.18,0.00,0.00,0.00,0.00,0.00,0.00,0.00,0.00,0.00,,0.31,0.00,0.09,0.24,0.00,0.00,,,,,,,0.00,0.00,0.00,,0.00,0.00,,0.00,0.00,0.00,0.00,0.00,0.00,0.00,0.00,,,,,0.00,0.00,,0.00,0.00
Teymoorian_et_al_2021,TCM_1-5,Surface Water,45.6665,-73.46425,2020,,,Unnamed_SPE_LCMS_MS,,,4.19,2.77,0.15,0.09,0.45,1.19,4.06,1.52,0.05,0.00,0.00,0.00,0.00,0.00,0.00,0.00,0.00,,3.59,0.14,1.00,3.51,0.00,0.00,,,,,,,0.00,0.00,0.00,,0.00,0.00,,0.00,0.00,0.00,0.00,0.00,0.00,0.00,0.00,,,,,0.05,0.00,,0.00,0.00
Teymoorian_et_al_2021,TCM_2,Surface Water,45.712764,-73.444502,2020,,,Unnamed_SPE_LCMS_MS,,,3.72,2.14,0.13,0.04,0.37,1.15,2.10,1.44,0.05,0.00,0.00,0.00,0.00,0.00,0.00,0.00,0.00,,1.78,0.15,0.63,2.52,0.00,0.00,,,,,,,0.00,0.00,0.00,,0.00,0.00,,0.00,0.00,0.00,0.00,0.00,0.00,0.00,0.00,,,,,0.00,0.00,,0.00,0.00
Teymoorian_et_al_2021,TCM_2_5,Surface Water,45.678933,-73.456733,2020,,,Unnamed_SPE_LCMS_MS,,,2.10,1.60,0.06,0.00,0.24,0.71,1.90,0.69,0.02,0.00,0.00,0.89,0.00,0.00,0.00,0.00,0.00,,1.44,0.08,0.45,1.77,0.00,0.00,,,,,,,0.00,0.00,0.00,,0.00,0.00,,0.00,0.00,0.00,0.00,0.00,0.00,0.00,0.00,,,,,0.00,0.00,,0.00,0.00
Teymoorian_et_al_2021,TCM_3,Surface Water,45.703167,-73.444867,2020,,,Unnamed_SPE_LCMS_MS,,,2.95,2.05,0.11,0.00,0.22,1.13,1.73,1.13,0.05,0.00,0.00,0.00,0.00,0.00,0.00,0.00,0.00,,1.75,0.19,0.74,2.54,0.00,0.00,,,,,,,0.00,0.00,0.00,,0.00,0.08,,0.00,0.00,0.00,0.00,0.00,0.00,0.00,0.00,,,,,0.85,0.00,,0.00,0.00
Teymoorian_et_al_2021,TRA2,Surface Water,45.996392,-73.183399,2020,,,Unnamed_SPE_LCMS_MS,,,2.08,2.01,0.05,0.00,0.17,0.73,1.31,0.91,0.00,0.00,0.00,0.00,0.00,0.00,0.00,0.00,0.00,,1.69,0.10,0.49,1.15,0.00,0.00,,,,,,,0.00,0.00,0.00,,0.00,0.00,,0.00,0.00,0.00,0.00,0.00,0.00,0.00,0.00,,,,,0.00,0.00,,0.00,0.00
Teymoorian_et_al_2021,TRA3,Surface Water,45.995608,-73.17874,2020,,,Unnamed_SPE_LCMS_MS,,,2.78,1.31,0.00,0.00,0.05,1.00,1.97,0.81,0.02,0.00,0.00,0.00,0.00,0.00,0.00,0.00,0.00,,1.35,0.13,0.64,1.82,0.00,0.00,,,,,,,0.00,0.00,0.00,,0.00,0.00,,0.00,0.00,0.00,0.00,0.00,0.00,0.00,0.00,,,,,0.00,0.00,,0.00,0.00
Teymoorian_et_al_2021,Belle Rivire Mirabel BR1,Surface Water,45.6799,-74.0613,2021,,,Unnamed_SPE_LCMS_MS,,,0.37,0.19,0.00,0.00,0.00,0.76,0.38,0.00,0.00,0.00,0.00,0.00,0.00,0.00,0.00,0.00,0.00,,0.41,0.00,0.00,1.86,0.00,0.00,,,,,,,0.00,0.00,0.00,,0.00,0.00,,0.00,0.00,0.00,0.00,0.00,0.00,0.00,0.00,,,,,0.00,0.00,,0.00,0.00
Teymoorian_et_al_2021,Belle Rivire Mirabel BR2,Surface Water,45.658472,-74.085532,2021,,,Unnamed_SPE_LCMS_MS,,,39.00,5.28,2.61,0.00,0.51,46.16,24.16,15.05,1.60,0.00,0.00,0.00,0.00,0.00,0.00,0.00,0.00,,20.57,5.79,5.07,9.03,0.00,0.00,,,,,,,0.00,0.00,0.00,,0.00,0.00,,0.00,0.00,0.00,0.00,0.00,0.00,0.00,0.00,,,,,0.00,0.00,,0.00,0.00
Teymoorian_et_al_2021,Belle Rivire Mirabel BR3,Surface Water,45.649902,-74.093588,2021,,,Unnamed_SPE_LCMS_MS,,,142.98,12.00,14.59,0.45,2.46,80.77,75.93,38.60,3.74,0.00,0.00,0.00,0.00,0.00,0.00,0.00,0.00,,88.43,10.42,7.80,23.14,0.00,0.00,,,,,,,0.00,0.00,0.00,,0.00,0.00,,0.00,0.00,0.00,0.00,0.00,0.00,0.00,0.00,,,,,0.00,0.00,,0.00,0.00
Teymoorian_et_al_2021,Belle Rivire Mirabel BR4,Surface Water,45.6315,-74.0918,2021,,,Unnamed_SPE_LCMS_MS,,,79.04,10.16,3.01,0.51,1.93,44.21,43.50,19.36,2.25,0.00,0.00,0.53,0.00,0.00,0.00,0.00,0.00,,60.27,5.44,5.12,16.22,0.00,0.00,,,,,,,0.00,0.00,0.00,,0.00,0.00,,0.00,0.00,0.00,0.00,0.00,0.00,0.00,0.00,,,,,0.00,0.00,,0.00,0.00
Teymoorian_et_al_2021,Canal Lachine Montreal,Surface Water,45.47754,-73.57649,2021,,,Unnamed_SPE_LCMS_MS,,,0.92,0.49,0.00,0.04,0.16,0.10,0.69,0.55,0.00,0.00,0.00,0.00,0.00,0.00,0.00,0.00,0.00,,0.56,0.00,0.20,1.27,0.00,0.00,,,,,,,0.00,0.00,0.00,,0.00,0.00,,0.00,0.00,0.00,0.00,0.00,0.00,0.00,0.00,,,,,0.00,0.00,,0.00,0.00
Teymoorian_et_al_2021,Coule Grou Montreal,Surface Water,45.6983,-73.5039,2021,,,Unnamed_SPE_LCMS_MS,,,4.33,4.92,0.03,0.03,0.29,0.28,5.61,1.00,0.05,0.00,0.00,0.00,0.00,0.00,0.00,0.00,0.00,,3.50,0.13,1.44,4.64,0.00,0.00,,,,,,,0.00,0.00,0.09,,0.00,0.00,,0.00,0.00,0.00,0.00,0.00,0.00,0.00,0.00,,,,,0.00,0.00,,0.00,0.00
Teymoorian_et_al_2021,Cours deau du 9e rang Alma,Surface Water,48.55203,-71.65548,2021,,,Unnamed_SPE_LCMS_MS,,,0.60,0.37,0.03,0.00,0.08,0.14,1.06,0.37,0.00,0.00,0.00,0.00,0.00,0.00,0.00,0.00,0.00,,0.64,0.00,0.28,1.48,0.00,0.00,,,,,,,0.00,0.00,0.00,,0.00,0.00,,0.00,0.00,0.00,0.00,0.00,0.00,0.00,0.00,,,,,0.00,0.00,,0.00,0.00
Teymoorian_et_al_2021,Fleuve Saguenay La Baie,Surface Water,48.3214,-70.8441,2021,,,Unnamed_SPE_LCMS_MS,,,0.19,0.17,0.00,0.00,0.12,0.03,0.31,0.22,0.00,0.00,0.00,0.00,0.00,0.00,0.00,0.00,0.00,,0.26,0.00,0.05,0.25,0.00,0.00,,,,,,,0.00,0.00,0.00,,0.00,0.00,,0.00,0.00,0.00,0.00,0.00,0.00,0.00,0.00,,,,,0.00,0.00,,0.00,0.00
Teymoorian_et_al_2021,Rivire la Scie Levis,Surface Water,46.7678,-71.199,2021,,,Unnamed_SPE_LCMS_MS,,,3.53,1.10,0.05,0.05,0.18,1.78,2.32,1.21,0.06,0.00,0.00,0.00,0.00,0.00,0.00,0.00,0.00,,1.64,0.26,0.47,1.51,0.00,0.00,,,,,,,0.00,0.00,0.00,,0.00,0.00,,0.00,0.00,0.00,0.00,0.00,0.00,0.00,0.00,,,,,0.00,0.00,,0.00,0.00
Teymoorian_et_al_2021,Rivire la Tortue Delson,Surface Water,45.3922,-73.5381,2021,,,Unnamed_SPE_LCMS_MS,,,1.18,1.56,0.13,0.08,0.52,0.21,6.30,2.01,0.00,0.00,0.00,0.00,0.00,0.00,0.00,0.00,0.00,,6.42,0.03,1.27,5.28,0.00,0.00,,,,,,,0.00,0.00,0.00,,0.00,0.00,,0.00,0.00,0.00,0.00,0.00,0.00,0.00,0.00,,,,,0.00,0.00,,0.00,0.00
Teymoorian_et_al_2021,Rivire Mars la Baie,Surface Water,48.305,-70.9814,2021,,,Unnamed_SPE_LCMS_MS,,,0.17,0.13,0.03,0.00,0.09,0.00,0.72,0.21,0.00,0.00,0.00,0.00,0.00,0.00,0.00,0.00,0.00,,0.94,0.00,0.15,0.65,0.00,0.00,,,,,,,0.00,0.00,0.00,,0.00,0.00,,0.00,0.00,0.00,0.00,0.00,0.00,0.00,0.00,,,,,0.00,0.00,,0.00,0.00
Teymoorian_et_al_2021,Rivire Ashuapmushuan Saint-Flicien,Surface Water,48.686,-72.48767,2021,,,Unnamed_SPE_LCMS_MS,,,0.19,0.28,0.03,0.04,0.26,0.02,0.47,0.33,0.00,0.00,0.00,0.00,0.00,0.00,0.00,0.00,0.00,,0.17,0.00,0.14,0.75,0.00,0.00,,,,,,,0.00,0.00,0.00,,0.00,0.00,,0.00,0.00,0.00,0.00,0.00,0.00,0.00,0.00,,,,,0.00,0.00,,0.00,0.00
Teymoorian_et_al_2021,Rivire Aux Iroquois Saint-Prime,Surface Water,48.6016,-72.3456,2021,,,Unnamed_SPE_LCMS_MS,,,0.14,0.00,0.00,0.00,0.10,0.00,0.39,0.17,0.00,0.00,0.00,0.00,0.00,0.00,0.00,0.00,0.00,,0.28,0.00,0.09,0.00,0.00,0.00,,,,,,,0.00,0.00,0.00,,0.00,0.00,,0.00,0.00,0.00,0.00,0.00,0.00,0.00,0.00,,,,,0.00,0.00,,0.00,0.00
Teymoorian_et_al_2021,Rivire Aux Sables Jonquires,Surface Water,48.413535,-71.2568,2021,,,Unnamed_SPE_LCMS_MS,,,0.25,0.34,0.04,0.00,0.20,0.00,0.37,0.29,0.00,0.00,0.00,0.00,0.00,0.00,0.00,0.00,0.00,,0.15,0.00,0.10,0.17,0.00,0.00,,,,,,,0.00,0.00,0.00,,0.00,0.00,,0.00,0.00,0.00,0.00,0.00,0.00,0.00,0.00,,,,,0.00,0.00,,0.00,0.00
Teymoorian_et_al_2021,Rivire Batiscan Sainte-Genevive-de-Batiscan,Surface Water,46.5288,-72.3335,2021,,,Unnamed_SPE_LCMS_MS,,,0.31,0.16,0.00,0.03,0.19,0.02,0.35,0.34,0.00,0.00,0.00,0.00,0.00,0.00,0.00,0.00,0.00,,0.10,0.00,0.08,0.67,0.00,0.00,,,,,,,0.00,0.00,0.00,,0.00,0.00,,0.00,0.00,0.00,0.00,0.00,0.00,0.00,0.00,,,,,0.00,0.00,,0.00,0.00
Teymoorian_et_al_2021,Rivire Bayonne Sainte-Genevive-de-Berthier,Surface Water,46.0945,-73.226,2021,,,Unnamed_SPE_LCMS_MS,,,0.49,0.46,0.07,0.00,0.08,0.20,0.55,0.33,0.00,0.00,0.00,0.00,0.00,0.00,0.00,0.00,0.00,,0.29,0.03,0.71,0.93,0.00,0.00,,,,,,,0.00,0.00,0.00,,0.00,0.00,,0.00,0.00,0.00,0.00,0.00,0.00,0.00,0.00,,,,,0.00,0.00,,0.00,0.00
Teymoorian_et_al_2021,Rivire Beauport Quebec,Surface Water,46.8511,-71.1998,2021,,,Unnamed_SPE_LCMS_MS,,,0.58,1.02,0.05,0.04,0.10,0.34,1.38,0.53,0.00,0.00,0.00,0.00,0.00,0.00,0.00,0.00,0.00,,1.43,0.04,0.40,1.65,0.00,0.00,,,,,,,0.00,0.00,0.00,,0.00,0.00,,0.00,0.00,0.00,0.00,0.00,0.00,0.00,0.00,,,,,0.00,0.00,,0.00,0.00
Teymoorian_et_al_2021,Rivire Bcancour Saint-Louis-de-Blandford,Surface Water,46.247,-71.99,2021,,,Unnamed_SPE_LCMS_MS,,,0.40,0.66,0.05,0.00,0.15,0.07,0.64,0.43,0.00,0.00,0.00,0.00,0.00,0.00,0.00,0.00,0.00,,0.45,0.03,0.40,0.62,0.00,0.00,,,,,,,0.00,0.00,0.00,,0.00,0.00,,0.00,0.00,0.00,0.00,0.00,0.00,0.00,0.00,,,,,0.00,0.00,,0.00,0.00
Teymoorian_et_al_2021,Rivire Boyer Saint-Michel-de-Bellechasse,Surface Water,46.884275,-70.859119,2021,,,Unnamed_SPE_LCMS_MS,,,0.39,0.00,0.00,0.00,0.10,0.03,0.46,0.27,0.00,0.00,0.00,0.00,0.00,0.00,0.00,0.00,0.00,,0.18,0.00,0.19,0.48,0.00,0.00,,,,,,,0.00,0.00,0.00,,0.00,0.00,,0.00,0.00,0.00,0.00,0.00,0.00,0.00,0.00,,,,,0.00,0.00,,0.00,0.00
Teymoorian_et_al_2021,Rivire Chteauguay Chteauguay,Surface Water,45.3814,-73.7562,2021,,,Unnamed_SPE_LCMS_MS,,,1.06,1.56,0.00,0.17,0.58,0.39,1.37,1.09,0.04,0.00,0.00,0.00,0.00,0.00,0.00,0.00,0.00,,1.28,0.04,0.66,2.11,0.00,0.00,,,,,,,0.00,0.00,0.00,,0.00,0.00,,0.00,0.00,0.00,0.00,0.00,0.00,0.00,0.00,,,,,0.00,0.00,,0.00,0.00
Teymoorian_et_al_2021,Rivire Chaudire Lvis,Surface Water,46.714483,-71.280997,2021,,,Unnamed_SPE_LCMS_MS,,,0.51,1.15,0.03,0.03,0.24,0.13,2.27,1.65,0.00,0.00,0.00,0.00,0.00,0.00,0.00,0.00,0.00,,1.71,0.04,0.52,2.05,0.00,0.00,,,,,,,0.00,0.00,0.00,,0.00,0.00,,0.00,0.00,0.00,0.00,0.00,0.00,0.00,0.00,,,,,0.00,0.00,,0.00,0.00
Teymoorian_et_al_2021,Rivire Chicoutimi Chicoutimi,Surface Water,48.4109,-71.1061,2021,,,Unnamed_SPE_LCMS_MS,,,0.22,0.30,0.03,0.00,0.17,0.04,0.27,0.28,0.00,0.00,0.00,0.00,0.00,0.00,0.00,0.00,0.00,,0.15,0.00,0.09,0.20,0.00,0.00,,,,,,,0.00,0.00,0.00,,0.00,0.00,,0.00,0.00,0.00,0.00,0.00,0.00,0.00,0.00,,,,,0.00,0.00,,0.00,0.00
Teymoorian_et_al_2021,Rivire Des Ha Boilleau,Surface Water,48.06685,-70.824,2021,,,Unnamed_SPE_LCMS_MS,,,0.18,0.19,0.00,0.00,0.10,0.00,0.33,0.22,0.00,0.00,0.00,0.00,0.00,0.00,0.00,0.00,0.00,,0.13,0.00,0.00,0.00,0.00,0.00,,,,,,,0.00,0.00,0.00,,0.00,0.00,,0.00,0.00,0.00,0.00,0.00,0.00,0.00,0.00,,,,,0.00,0.00,,0.00,0.00
Teymoorian_et_al_2021,Rivire Des Ha la Baie,Surface Water,48.3154,-70.8588,2021,,,Unnamed_SPE_LCMS_MS,,,0.22,0.24,0.00,0.00,0.07,0.00,0.36,0.20,0.00,0.00,0.00,0.00,0.00,0.00,0.00,0.00,0.00,,0.16,0.00,0.09,0.57,0.00,0.00,,,,,,,0.00,0.00,0.00,,0.00,0.00,,0.00,0.00,0.00,0.00,0.00,0.00,0.00,0.00,,,,,0.00,0.00,,0.00,0.00
Teymoorian_et_al_2021,Rivire Des Mille Iles point 1,Surface Water,45.5406,-73.8808,2021,,,Unnamed_SPE_LCMS_MS,,,0.43,0.50,0.03,0.04,0.21,0.07,0.51,0.55,0.00,0.00,0.00,0.00,0.00,0.00,0.00,0.00,0.00,,0.30,0.00,0.19,0.29,0.00,0.00,,,,,,,0.00,0.00,0.00,,0.00,0.00,,0.00,0.00,0.00,0.00,0.00,0.00,0.00,0.00,,,,,0.00,0.00,,0.00,0.00
Teymoorian_et_al_2021,Rivire Des Mille Iles point 2,Surface Water,45.5795,-73.8335,2021,,,Unnamed_SPE_LCMS_MS,,,0.76,0.51,0.03,0.00,0.20,0.10,0.56,0.50,0.00,0.00,0.00,0.00,0.00,0.00,0.00,0.00,0.00,,0.37,0.00,0.20,1.46,0.00,0.00,,,,,,,0.00,0.00,0.00,,0.00,0.00,,0.00,0.00,0.00,0.00,0.00,0.00,0.00,0.00,,,,,0.00,0.00,,0.00,0.00
Teymoorian_et_al_2021,Rivire Des Mille Iles point 3,Surface Water,45.6173,-73.7878,2021,,,Unnamed_SPE_LCMS_MS,,,0.77,0.82,0.09,0.05,0.19,0.13,1.25,0.55,0.00,0.00,0.00,0.00,0.00,0.00,0.00,0.00,0.00,,0.53,0.00,0.47,1.23,0.00,0.00,,,,,,,0.00,0.00,0.00,,0.00,0.00,,0.00,0.00,0.00,0.00,0.00,0.00,0.00,0.00,,,,,0.00,0.00,,0.00,0.00
Teymoorian_et_al_2021,Rivire Des Mille Iles point 4,Surface Water,45.6536,-73.7598,2021,,,Unnamed_SPE_LCMS_MS,,,0.58,0.29,0.04,0.00,0.24,0.12,0.57,0.57,0.00,0.00,0.00,0.00,0.00,0.00,0.00,0.00,0.00,,0.23,0.00,0.23,0.71,0.00,0.00,,,,,,,0.00,0.00,0.00,,0.00,0.00,,0.00,0.00,0.00,0.00,0.00,0.00,0.00,0.00,,,,,0.00,0.00,,0.00,0.00
Teymoorian_et_al_2021,Rivire Des Mille Iles point 5,Surface Water,45.6885,-73.6352,2021,,,Unnamed_SPE_LCMS_MS,,,0.63,0.48,0.00,0.03,0.25,0.18,0.85,0.74,0.02,0.00,0.00,0.00,0.00,0.00,0.00,0.00,0.00,,0.85,0.00,0.35,1.46,0.00,0.00,,,,,,,0.00,0.00,0.00,,0.00,0.00,,0.00,0.09,0.00,0.00,0.00,0.00,0.00,0.00,,,,,0.00,0.00,,0.00,0.00
Teymoorian_et_al_2021,Rivire des Outaouais Saint-Placide,Surface Water,45.524,-74.2076,2021,,,Unnamed_SPE_LCMS_MS,,,0.35,0.45,0.04,0.00,0.17,0.07,0.34,0.00,0.00,0.00,0.00,0.00,0.00,0.00,0.00,0.00,0.00,,0.39,0.00,0.13,0.44,0.00,0.00,,,,,,,0.00,0.00,0.00,,0.00,0.00,,0.00,0.00,0.00,0.00,0.00,0.00,0.00,0.00,,,,,0.00,0.00,,0.00,0.00
Teymoorian_et_al_2021,Rivire Des Prairies Montral,Surface Water,45.5343,-73.7266,2021,,,Unnamed_SPE_LCMS_MS,,,0.43,0.18,0.00,0.05,0.26,0.09,0.51,0.65,0.00,0.00,0.00,0.00,0.00,0.00,0.00,0.00,0.00,,0.32,0.00,0.18,1.06,0.00,0.00,,,,,,,0.00,0.00,0.00,,0.00,0.00,,0.00,0.00,0.00,0.00,0.00,0.00,0.00,0.00,,,,,0.00,0.00,,0.00,0.00
Teymoorian_et_al_2021,Rivire Des Prairies Pierrefonds Montreal,Surface Water,45.4547,-73.9388,2021,,,Unnamed_SPE_LCMS_MS,,,0.53,0.36,0.06,0.06,0.20,0.07,0.45,0.62,0.00,0.00,0.00,0.00,0.00,0.00,0.00,0.00,0.00,,0.49,0.00,0.23,1.10,0.00,0.00,,,,,,,0.00,0.00,0.00,,0.00,0.00,,0.00,0.00,0.00,0.00,0.00,0.00,0.00,0.00,,,,,0.00,0.00,,0.00,0.00
Teymoorian_et_al_2021,Rivire Du Chne Mirabel DC1,Surface Water,45.6344,-74.1362,2021,,,Unnamed_SPE_LCMS_MS,,,0.81,0.28,0.00,0.00,0.00,0.88,0.63,0.17,0.00,0.00,0.00,0.00,0.00,0.00,0.00,0.00,0.00,,0.82,0.09,0.36,1.38,0.00,0.00,,,,,,,0.00,0.00,0.00,,0.00,0.00,,0.00,0.00,0.00,0.00,0.00,0.00,0.00,0.00,,,,,0.00,0.00,,0.00,0.00
Teymoorian_et_al_2021,Rivire Du Chne Mirabel DC2,Surface Water,45.6134,-74.1039,2021,,,Unnamed_SPE_LCMS_MS,,,64.55,6.82,1.79,0.36,1.75,33.40,28.76,15.91,0.00,0.00,0.00,0.00,0.00,0.00,0.00,0.00,0.00,,42.59,3.54,3.42,13.10,0.00,0.00,,,,,,,0.00,0.00,0.00,,0.00,0.00,,0.00,0.00,0.00,0.00,0.00,0.00,0.00,0.00,,,,,0.00,0.00,,0.00,0.00
Teymoorian_et_al_2021,Rivire Du Chne Mirabel DC3,Surface Water,45.5814,-74.0459,2021,,,Unnamed_SPE_LCMS_MS,,,75.67,8.61,1.88,0.43,1.79,42.49,40.58,26.98,2.02,0.00,0.00,0.00,0.00,0.00,0.00,0.00,0.00,,53.42,5.68,4.86,15.06,0.00,0.00,,,,,,,0.00,0.00,0.00,,0.00,0.00,,0.00,0.00,0.00,0.00,0.00,0.00,0.00,0.00,,,,,0.00,0.00,,0.00,0.00
Teymoorian_et_al_2021,Rivire Du Chne Saint-Eustache DC4,Surface Water,45.5609,-73.9783,2021,,,Unnamed_SPE_LCMS_MS,,,34.31,3.91,0.99,0.16,0.77,24.96,20.15,15.55,1.14,0.00,0.00,0.00,0.00,0.00,0.00,0.00,0.00,,18.83,3.79,3.12,9.56,0.00,0.00,,,,,,,0.00,0.00,0.00,,0.00,0.00,,0.00,0.00,0.00,0.00,0.00,0.00,0.00,0.00,,,,,0.00,0.00,,0.00,0.00
Teymoorian_et_al_2021,Rivire Du Chne Saint-Eustache DC5,Surface Water,45.56625,-73.92529,2021,,,Unnamed_SPE_LCMS_MS,,,24.72,2.81,4.93,0.09,0.80,16.00,12.93,9.39,0.51,0.00,0.00,0.00,0.00,0.00,0.00,0.00,0.00,,14.98,1.89,2.23,7.55,0.00,0.00,,,,,,,0.00,0.00,0.00,,0.00,0.00,,0.00,0.00,0.00,0.00,0.00,0.00,0.00,0.00,,,,,0.00,0.00,,0.00,0.00
Teymoorian_et_al_2021,Rivire Du Chne Saint-Eustache DC6,Surface Water,45.5575,-73.8991,2021,,,Unnamed_SPE_LCMS_MS,,,22.84,3.48,0.73,0.16,0.95,15.66,14.18,5.95,0.73,0.00,0.00,0.00,0.00,0.00,0.00,0.00,0.00,,15.70,2.05,2.30,7.03,0.00,0.00,,,,,,,0.00,0.00,0.00,,0.00,0.00,,0.00,0.00,0.00,0.00,0.00,0.00,0.00,0.00,,,,,0.05,0.00,,0.00,0.00
Teymoorian_et_al_2021,Rivire Du Gouffre Baie-Saint-Paul,Surface Water,47.44884,-70.5049,2021,,,Unnamed_SPE_LCMS_MS,,,0.16,0.00,0.04,0.00,0.09,0.02,0.43,0.19,0.00,0.00,0.00,0.00,0.00,0.00,0.00,0.00,0.00,,0.13,0.00,0.06,0.00,0.00,0.00,,,,,,,0.00,0.00,0.00,,0.00,0.00,,0.00,0.00,0.00,0.00,0.00,0.00,0.00,0.00,,,,,0.00,0.00,,0.00,0.00
Teymoorian_et_al_2021,Rivire Du Loup Louiseville,Surface Water,46.2238,-72.9273,2021,,,Unnamed_SPE_LCMS_MS,,,0.43,0.31,0.00,0.00,0.12,0.03,0.84,0.18,0.00,0.00,0.00,0.00,0.00,0.00,0.00,0.00,0.00,,0.49,0.00,0.09,0.61,0.00,0.00,,,,,,,0.00,0.00,0.00,,0.00,0.00,,0.00,0.00,0.00,0.00,0.00,0.00,0.00,0.00,,,,,0.00,0.00,,0.00,0.00
Teymoorian_et_al_2021,Rivire Du Moulin Chichoutimi,Surface Water,48.39964,-71.0423,2021,,,Unnamed_SPE_LCMS_MS,,,0.26,0.14,0.00,0.00,0.12,0.03,0.30,0.31,0.00,0.00,0.00,0.00,0.00,0.00,0.00,0.00,0.00,,0.00,0.00,0.08,0.19,0.00,0.00,,,,,,,0.00,0.00,0.00,,0.00,0.00,,0.00,0.00,0.00,0.00,0.00,0.00,0.00,0.00,,,,,0.00,0.00,,0.00,0.00
Teymoorian_et_al_2021,Rivire Du Nord Lachute,Surface Water,45.6569,-74.3419,2021,,,Unnamed_SPE_LCMS_MS,,,0.82,1.16,0.16,0.07,0.23,0.30,3.10,0.99,0.02,0.00,0.00,0.00,0.00,0.00,0.00,0.00,0.00,,2.51,0.06,0.58,1.78,0.00,0.00,,,,,,,0.00,0.00,0.00,,0.00,0.00,,0.00,0.00,0.00,0.00,0.00,0.00,0.00,0.00,,,,,0.00,0.00,,0.00,0.00
Teymoorian_et_al_2021,Rivire Du Nord Saint-Jrme,Surface Water,45.7629,-74.0027,2021,,,Unnamed_SPE_LCMS_MS,,,0.66,0.66,0.05,0.07,0.26,0.11,0.91,0.46,0.00,0.00,0.00,0.00,0.00,0.00,0.00,0.00,0.00,,0.77,0.00,0.22,0.81,0.00,0.00,,,,,,,0.00,0.00,0.00,,0.00,0.00,,0.00,0.00,0.00,0.00,0.00,0.00,0.00,0.00,,,,,0.00,0.00,,0.00,0.00
Teymoorian_et_al_2021,Rivire Du Sud Montmagny,Surface Water,46.98517,-70.5491,2021,,,Unnamed_SPE_LCMS_MS,,,0.41,0.39,0.00,0.00,0.14,0.04,0.76,0.36,0.00,0.00,0.00,0.00,0.00,0.00,0.00,0.00,0.00,,0.86,0.00,0.18,0.82,0.00,0.00,,,,,,,0.00,0.00,0.00,,0.00,0.00,,0.00,0.00,0.00,0.00,0.00,0.00,0.00,0.00,,,,,0.00,0.00,,0.00,0.00
Teymoorian_et_al_2021,Rivire Etchemin Lvis,Surface Water,46.76038,-71.22938,2021,,,Unnamed_SPE_LCMS_MS,,,0.85,1.05,0.14,0.00,0.31,0.25,2.08,2.26,0.00,0.00,0.00,0.98,0.00,0.00,0.00,0.00,0.00,,1.89,0.02,0.41,1.54,0.00,0.00,,,,,,,0.00,0.00,0.00,,0.00,0.00,,0.00,0.00,0.00,0.00,0.00,0.00,0.00,0.00,,,,,0.00,0.00,,0.00,0.00
Teymoorian_et_al_2021,Rivire Jacques Cartier Donnacona,Surface Water,46.68146,-71.742,2021,,,Unnamed_SPE_LCMS_MS,,,0.51,0.28,0.00,0.05,0.21,0.14,0.72,0.74,0.00,0.00,0.00,0.00,0.00,0.00,0.00,0.00,0.00,,0.62,0.00,0.20,2.30,0.00,0.00,,,,,,,0.00,0.00,0.00,,0.00,0.00,,0.00,0.00,0.00,0.00,0.00,0.00,0.00,0.00,,,,,0.00,0.00,,0.00,0.00
Teymoorian_et_al_2021,Rivire LAcadie Chambly,Surface Water,45.4527,-73.3097,2021,,,Unnamed_SPE_LCMS_MS,,,0.98,2.07,0.07,0.11,0.57,0.36,6.22,3.24,0.00,0.00,0.00,0.00,0.00,0.00,0.00,0.00,0.00,,5.07,0.03,0.98,4.88,0.00,0.00,,,,,,,0.00,0.00,0.00,,0.00,0.00,,0.00,0.00,0.00,0.00,0.00,0.00,0.00,0.00,,,,,0.00,0.00,,0.00,0.00
Teymoorian_et_al_2021,Rivire LAssomption Joliette,Surface Water,46.0242,-73.434,2021,,,Unnamed_SPE_LCMS_MS,,,0.49,0.53,0.04,0.04,0.18,0.14,0.59,0.47,0.00,0.00,0.00,0.00,0.00,0.00,0.00,0.00,0.00,,0.24,0.02,0.21,0.96,0.00,0.00,,,,,,,0.05,0.00,0.11,,0.00,0.11,,0.00,0.15,0.00,0.00,0.00,0.00,0.00,0.00,,,,,0.00,0.00,,0.00,0.00
Teymoorian_et_al_2021,Rivire LAssomption Repentigny,Surface Water,45.7553,-73.46352,2021,,,Unnamed_SPE_LCMS_MS,,,0.98,1.40,0.14,0.00,0.24,0.38,2.38,1.45,0.00,0.00,0.00,0.00,0.00,0.00,0.00,0.00,0.00,,1.93,0.05,1.31,0.72,0.00,0.00,,,,,,,0.00,0.00,0.00,,0.00,0.00,,0.00,0.00,0.00,0.00,0.00,0.00,0.00,0.00,,,,,0.00,0.00,,0.00,0.00
Teymoorian_et_al_2021,Rivire Mascouche Terrebonne,Surface Water,45.6951,-73.5934,2021,,,Unnamed_SPE_LCMS_MS,,,6.45,4.57,0.46,0.19,1.54,3.54,14.22,7.58,0.12,0.00,0.00,0.00,0.00,0.00,0.00,0.00,0.00,,13.27,0.41,2.00,5.92,0.00,0.00,,,,,,,0.00,0.00,0.00,,0.00,0.00,,0.00,0.00,0.00,0.00,0.00,0.00,0.00,0.00,,,,,0.00,0.00,,0.00,0.00
Teymoorian_et_al_2021,Rivire Maskinong Maskinong,Surface Water,46.22814,-73.01597,2021,,,Unnamed_SPE_LCMS_MS,,,0.28,0.31,0.00,0.00,0.16,0.03,0.27,0.43,0.00,0.00,0.00,0.00,0.00,0.00,0.00,0.00,0.00,,0.30,0.00,0.11,0.98,0.00,0.00,,,,,,,0.00,0.00,0.00,,0.00,0.00,,0.00,0.00,0.00,0.00,0.00,0.00,0.00,0.00,,,,,0.00,0.00,,0.00,0.00
Teymoorian_et_al_2021,Rivire Mistassini Dolbeau-Mistassini,Surface Water,48.8698,-72.2092,2021,,,Unnamed_SPE_LCMS_MS,,,0.16,0.11,0.04,0.00,0.17,0.00,0.12,0.29,0.00,0.00,0.00,0.00,0.00,0.00,0.00,0.00,0.00,,0.13,0.00,0.12,0.29,0.00,0.00,,,,,,,0.00,0.00,0.00,,0.00,0.00,,0.00,0.00,0.00,0.00,0.00,0.00,0.00,0.00,,,,,0.00,0.00,,0.00,0.00
Teymoorian_et_al_2021,Rivire Montmorency Quebec,Surface Water,46.8861,-71.1453,2021,,,Unnamed_SPE_LCMS_MS,,,0.09,0.20,0.00,0.00,0.08,0.00,0.16,0.19,0.00,0.00,0.00,0.00,0.00,0.00,0.00,0.00,0.00,,0.00,0.00,0.08,0.00,0.00,0.00,,,,,,,0.00,0.00,0.00,,0.00,0.00,,0.00,0.00,0.00,0.00,0.00,0.00,0.00,0.00,,,,,0.00,0.00,,0.00,0.00
Teymoorian_et_al_2021,Rivire Nicolet Nicolet,Surface Water,46.2275,-72.62389,2021,,,Unnamed_SPE_LCMS_MS,,,0.61,1.17,0.05,0.06,0.21,0.18,2.66,0.95,0.00,0.00,0.00,0.00,0.00,0.00,0.00,0.00,0.00,,3.58,0.05,0.52,2.41,0.00,0.00,,,,,,,0.00,0.00,0.00,,0.00,0.00,,0.00,0.00,0.00,0.00,0.00,0.00,0.00,0.00,,,,,0.00,0.00,,0.00,0.00
Teymoorian_et_al_2021,Rivire Ouiatchouaniche Roberval,Surface Water,48.5264,-72.2224,2021,,,Unnamed_SPE_LCMS_MS,,,0.10,0.10,0.00,0.00,0.07,0.00,0.20,0.18,0.00,0.00,0.00,0.00,0.00,0.00,0.00,0.00,0.00,,0.19,0.00,0.00,0.74,0.00,0.00,,,,,,,0.00,0.00,0.00,,0.00,0.00,,0.00,0.00,0.00,0.00,0.00,0.00,0.00,0.00,,,,,0.00,0.00,,0.00,0.00
Teymoorian_et_al_2021,Rivire Peribonka Pribonka,Surface Water,48.7656,-72.0532,2021,,,Unnamed_SPE_LCMS_MS,,,0.13,0.21,0.00,0.00,0.19,0.00,0.27,0.39,0.00,0.00,0.00,0.00,0.00,0.00,0.00,0.00,0.00,,0.24,0.00,0.03,0.00,0.00,0.00,,,,,,,0.00,0.00,0.00,,0.00,0.00,,0.00,0.00,0.00,0.00,0.00,0.00,0.00,0.00,,,,,0.00,0.00,,0.00,0.00
Teymoorian_et_al_2021,Rivire Richelieu Chambly,Surface Water,45.4459,-73.2626,2021,,,Unnamed_SPE_LCMS_MS,,,0.95,1.14,0.42,0.00,0.21,0.60,0.93,0.79,0.02,0.00,0.00,0.00,0.00,0.00,0.00,0.00,0.00,,0.94,0.08,0.73,1.23,0.00,0.00,,,,,,,0.00,0.00,0.00,,0.00,0.00,,0.00,0.00,0.00,0.00,0.00,0.00,0.00,0.00,,,,,0.00,0.00,,0.00,0.00
Teymoorian_et_al_2021,Rivire Richelieu Iberville Saint-Jean-sur-Richelieu,Surface Water,45.3059,-73.2438,2021,,,Unnamed_SPE_LCMS_MS,,,1.15,0.97,0.44,0.08,0.22,0.61,1.03,0.69,0.03,0.00,0.00,0.00,0.00,0.00,0.00,0.00,0.00,,0.99,0.07,0.68,1.39,0.00,0.00,,,,,,,0.00,0.00,0.00,,0.00,0.00,,0.00,0.00,0.00,0.00,0.00,0.00,0.00,0.00,,,,,0.00,0.00,,0.00,0.00
Teymoorian_et_al_2021,Rivire Richelieu Saint-Blaise-sur-Richelieu,Surface Water,45.1946,-73.2607,2021,,,Unnamed_SPE_LCMS_MS,,,1.17,1.16,0.65,0.00,0.15,0.50,1.02,0.65,0.00,0.00,0.00,0.96,0.00,0.00,0.00,0.00,0.00,,0.87,0.06,0.70,1.42,0.00,0.00,,,,,,,0.00,0.00,0.00,,0.00,0.00,,0.00,0.00,0.00,0.00,0.00,0.00,0.00,0.00,,,,,0.00,0.00,,0.00,0.00
Teymoorian_et_al_2021,Rivire Richelieu Sorel-Tracy,Surface Water,46.019605,-73.132377,2021,,,Unnamed_SPE_LCMS_MS,,,1.29,1.15,0.50,0.06,0.29,0.71,1.20,1.02,0.00,0.00,0.00,0.00,0.00,0.00,0.00,0.00,0.00,,1.38,0.08,0.75,1.50,0.00,0.00,,,,,,,0.00,0.00,0.00,,0.00,0.00,,0.00,0.00,0.00,0.00,0.00,0.00,0.00,0.00,,,,,0.00,0.00,,0.00,0.00
Teymoorian_et_al_2021,Rivire Saint-Charles Quebec,Surface Water,46.8199,-71.22,2021,,,Unnamed_SPE_LCMS_MS,,,2.04,1.56,0.31,0.05,0.32,0.60,1.90,1.18,0.03,0.00,0.00,0.00,0.00,0.00,0.00,0.00,0.00,,1.52,0.13,0.68,2.07,0.00,0.00,,,,,,,0.00,0.00,0.00,,0.00,0.00,,0.00,0.00,0.00,0.00,0.00,0.00,0.00,0.00,,,,,0.00,0.00,,0.00,0.00
Teymoorian_et_al_2021,Rivire Saint-Franois Fleurimont Sherbrooke,Surface Water,45.4396,-71.9164,2021,,,Unnamed_SPE_LCMS_MS,,,0.94,1.19,0.06,0.03,0.22,0.09,1.63,0.82,0.00,0.00,0.00,0.00,0.00,0.00,0.00,0.00,0.00,,1.43,0.02,0.32,1.84,0.00,0.00,,,,,,,0.00,0.00,0.00,,0.00,0.00,,0.00,0.00,0.00,0.00,0.00,0.00,0.00,0.00,,,,,0.00,0.00,,0.00,0.00
Teymoorian_et_al_2021,Rivire Saint-Franois Pierreville,Surface Water,46.06687,-72.81258,2021,,,Unnamed_SPE_LCMS_MS,,,1.26,2.50,0.15,0.06,0.30,0.20,3.42,1.67,0.00,0.00,0.00,0.52,0.00,0.00,0.00,0.00,0.00,,3.29,0.00,1.32,1.47,0.00,0.00,,,,,,,0.00,0.00,0.00,,0.00,0.00,,0.00,0.00,0.00,0.00,0.00,0.00,0.00,0.00,,,,,0.00,0.00,,0.00,0.00
Teymoorian_et_al_2021,Rivire Saint-Jacques Brossard,Surface Water,45.4321,-73.4842,2021,,,Unnamed_SPE_LCMS_MS,,,2.20,3.04,0.16,0.23,1.11,1.00,8.63,5.64,0.04,0.00,0.00,0.00,0.00,0.00,0.00,0.00,0.00,,8.03,0.11,2.18,5.19,0.00,0.00,,,,,,,0.00,0.05,0.00,,0.00,0.00,,0.00,0.00,0.00,0.00,0.00,0.00,0.00,0.00,,,,,0.00,0.00,,0.00,0.00
Teymoorian_et_al_2021,Rivire Saint-Maurice Grandes Piles,Surface Water,46.6834,-72.7226,2021,,,Unnamed_SPE_LCMS_MS,,,0.27,0.36,0.09,0.04,0.26,0.02,0.30,0.43,0.00,0.00,0.00,0.00,0.00,0.00,0.00,0.00,0.00,,0.23,0.00,0.10,0.46,0.00,0.00,,,,,,,0.00,0.00,0.00,,0.00,0.00,,0.00,0.00,0.00,0.00,0.00,0.00,0.00,0.00,,,,,0.00,0.00,,0.00,0.00
Teymoorian_et_al_2021,Rivire Saint-Maurice Grand-Mre,Surface Water,46.6203,-72.6743,2021,,,Unnamed_SPE_LCMS_MS,,,0.20,0.26,0.13,0.03,0.28,0.03,0.29,0.36,0.00,0.00,0.00,0.00,0.00,0.00,0.00,0.00,0.00,,0.23,0.00,0.16,0.40,0.00,0.00,,,,,,,0.00,0.00,0.00,,0.00,0.00,,0.00,0.00,0.00,0.00,0.00,0.00,0.00,0.00,,,,,0.00,0.00,,0.00,0.00
Teymoorian_et_al_2021,Rivire Saint-Maurice la Tuque,Surface Water,47.4575,-72.7775,2021,,,Unnamed_SPE_LCMS_MS,,,0.19,0.25,0.03,0.00,0.20,0.00,0.28,0.41,0.00,0.00,0.00,0.00,0.00,0.00,0.00,0.00,0.00,,0.16,0.00,0.21,0.32,0.00,0.00,,,,,,,0.00,0.00,0.00,,0.00,0.00,,0.00,0.00,0.00,0.00,0.00,0.00,0.00,0.00,,,,,0.00,0.00,,0.00,0.00
Teymoorian_et_al_2021,Rivire Saint-Maurice Rivire-Mattawin Pont Mkinac,Surface Water,46.9056,-72.9302,2021,,,Unnamed_SPE_LCMS_MS,,,0.22,0.40,0.06,0.04,0.26,0.02,0.36,0.51,0.00,0.00,0.00,0.00,0.00,0.00,0.00,0.00,0.00,,0.44,0.00,0.12,0.40,0.00,0.00,,,,,,,0.00,0.00,0.00,,0.00,0.00,,0.00,0.00,0.00,0.00,0.00,0.00,0.00,0.00,,,,,0.00,0.00,,0.00,0.00
Teymoorian_et_al_2021,Rivire Saint-Maurice Shawinigan,Surface Water,46.5346,-72.7537,2021,,,Unnamed_SPE_LCMS_MS,,,0.57,0.37,0.03,0.04,0.28,0.03,0.47,0.48,0.00,0.00,0.00,0.00,0.00,0.00,0.00,0.00,0.00,,0.39,0.00,0.14,1.09,0.00,0.00,,,,,,,0.00,0.00,0.00,,0.00,0.00,,0.00,0.00,0.00,0.00,0.00,0.00,0.00,0.00,,,,,0.00,0.00,,0.00,0.00
Teymoorian_et_al_2021,Rivire Saint-Maurice Trois-Rivires,Surface Water,46.3647,-72.5521,2021,,,Unnamed_SPE_LCMS_MS,,,0.40,0.41,0.03,0.04,0.26,0.03,0.49,0.49,0.00,0.00,0.00,0.00,0.00,0.00,0.00,0.00,0.00,,0.36,0.00,0.10,0.64,0.00,0.00,,,,,,,0.00,0.00,0.00,,0.00,0.00,,0.00,0.00,0.00,0.00,0.00,0.00,0.00,0.00,,,,,0.00,0.00,,0.00,0.00
Teymoorian_et_al_2021,Rivire Yamachiche Yamachiche,Surface Water,46.2662,-72.8066,2021,,,Unnamed_SPE_LCMS_MS,,,0.35,0.28,0.00,0.00,0.11,0.08,0.34,0.29,0.00,0.00,0.00,0.00,0.00,0.00,0.00,0.00,0.00,,0.61,0.00,0.16,0.38,0.00,0.00,,,,,,,0.00,0.00,0.00,,0.00,0.00,,0.00,0.00,0.00,0.00,0.00,0.00,0.00,0.00,,,,,0.00,0.00,,0.00,0.00
Teymoorian_et_al_2021,Rivire Yamaska Yamaska,Surface Water,46.0052,-72.9121,2021,,,Unnamed_SPE_LCMS_MS,,,6.00,6.43,0.12,0.36,0.72,0.87,7.87,3.45,0.11,0.00,0.00,0.00,0.00,0.00,0.00,0.00,0.00,,6.94,0.29,2.64,5.65,0.00,0.00,,,,,,,0.00,0.06,0.00,,0.00,0.00,,0.00,0.00,0.00,0.00,0.00,0.00,0.00,0.00,,,,,0.00,0.00,,0.00,0.00
Teymoorian_et_al_2021,Ruisseau Bauxite Saint-Jean-Eudes Jonquire,Surface Water,48.4356,-71.1432,2021,,,Unnamed_SPE_LCMS_MS,,,31.05,4.20,0.03,0.35,1.75,0.26,0.69,1.23,0.21,0.00,0.00,0.39,0.00,0.00,0.00,0.00,0.00,,1.22,0.03,0.12,1.26,0.00,0.00,,,,,,,0.00,0.09,0.00,,0.00,0.00,,0.00,0.00,0.05,0.00,0.00,0.00,0.00,0.00,,,,,0.00,0.00,,0.00,0.00
Teymoorian_et_al_2021,Ruisseau Bertrand Montreal,Surface Water,45.5054,-73.7625,2021,,,Unnamed_SPE_LCMS_MS,,,1.71,1.59,0.93,0.25,0.52,0.17,6.14,2.79,0.00,0.00,0.00,0.00,0.00,0.00,0.00,0.00,0.00,,8.37,0.06,5.60,3.62,0.00,0.13,,,,,,,0.00,0.00,0.00,,0.00,0.00,,0.00,0.00,0.00,0.00,0.00,0.00,0.00,0.00,,,,,0.00,0.00,,0.13,0.00
Teymoorian_et_al_2021,Ruisseau Bouchard Dorval,Surface Water,45.456246,-73.7372,2021,,,Unnamed_SPE_LCMS_MS,,,24.14,19.95,0.92,1.18,8.01,11.46,47.05,23.22,0.60,0.00,0.00,0.00,0.00,0.10,0.00,0.00,0.00,,75.17,1.80,3.40,17.46,0.00,0.00,,,,,,,0.00,0.30,0.00,,0.00,0.00,,0.00,0.00,0.00,0.00,0.00,0.00,0.00,0.07,,,,,0.00,0.00,,0.00,0.00
Teymoorian_et_al_2021,Ruisseau Bouchard Dorval,Surface Water,45.456246,-73.7372,2021,,,Unnamed_SPE_LCMS_MS,,,25.38,11.35,5.84,0.21,4.30,13.24,32.10,13.28,0.47,0.00,0.00,0.00,0.00,0.00,0.00,0.00,0.00,,56.65,1.61,2.58,13.19,0.00,0.00,,,,,,,0.00,0.00,0.00,,0.00,0.00,,0.00,0.00,0.00,0.00,0.00,0.00,0.00,0.00,,,,,0.00,0.00,,0.00,0.00
Teymoorian_et_al_2021,Ruisseau Henri Giroux Mirabel HG1,Surface Water,45.6824,-74.10486,2021,,,Unnamed_SPE_LCMS_MS,,,0.32,0.44,0.00,0.00,0.00,0.93,0.75,0.40,0.00,0.00,0.00,0.00,0.00,0.00,0.00,0.00,0.00,,0.76,0.28,0.44,1.47,0.00,0.00,,,,,,,0.00,0.00,0.00,,0.00,0.00,,0.00,0.00,0.00,0.00,0.00,0.00,0.00,0.00,,,,,0.00,0.00,,0.00,0.00
Teymoorian_et_al_2021,Ruisseau Henri Giroux Mirabel HG2,Surface Water,45.655743,-74.091661,2021,,,Unnamed_SPE_LCMS_MS,,,400.23,37.59,12.91,1.71,5.85,159.95,208.06,57.41,7.20,0.00,0.00,2.25,0.08,0.00,0.00,0.00,0.00,,273.38,17.65,14.14,60.17,0.00,0.00,,,,,,,0.00,0.00,0.00,,0.00,0.00,,0.00,0.00,0.00,0.00,0.00,0.76,0.00,0.00,,,,,0.00,0.00,,0.00,0.00
Teymoorian_et_al_2021,Unnamed Creek Lesage Ruisseau tributaire de la rivire Du Cap Rouge Quebec,Surface Water,46.7748,-71.3725,2021,,,Unnamed_SPE_LCMS_MS,,,6.63,14.87,0.61,0.23,2.95,7.93,132.69,79.45,0.30,0.00,0.00,1.69,0.00,0.00,0.00,0.00,0.00,,390.04,1.12,1.56,70.22,0.00,0.00,,,,,,,0.00,0.00,0.00,,0.00,0.00,,0.00,0.00,0.00,0.00,0.00,0.00,0.00,0.00,,,,,0.00,0.00,,0.00,0.00
Teymoorian_et_al_2021,Lac Bouchard au Parc de la Mauricie,Surface Water,46.76242,-72.83924,2021,,,Unnamed_SPE_LCMS_MS,,,0.20,0.33,0.00,0.03,0.17,0.00,0.24,0.41,0.00,0.00,0.00,0.00,0.00,0.00,0.00,0.00,0.00,,0.12,0.00,0.06,0.37,0.00,0.00,,,,,,,0.00,0.00,0.00,,0.00,0.00,,0.00,0.00,0.00,0.00,0.00,0.00,0.00,0.00,,,,,0.00,0.00,,0.00,0.00
Teymoorian_et_al_2021,Lac Bouchette Lac-Bouchette,Surface Water,48.2612,-72.19065,2021,,,Unnamed_SPE_LCMS_MS,,,0.21,0.29,0.03,0.00,0.22,0.00,0.37,0.40,0.00,0.00,0.00,0.00,0.00,0.00,0.00,0.00,0.00,,0.00,0.00,0.06,0.21,0.00,0.00,,,,,,,0.00,0.00,0.00,,0.00,0.00,,0.00,0.00,0.00,0.00,0.00,0.00,0.00,0.00,,,,,0.00,0.00,,0.00,0.00
Teymoorian_et_al_2021,Lac Brome Fishers Point,Surface Water,45.2559,-72.49518,2021,,,Unnamed_SPE_LCMS_MS,,,1.34,0.76,0.07,0.09,0.29,0.04,0.48,0.51,0.00,0.00,0.00,0.00,0.00,0.00,0.00,0.00,0.00,,0.47,0.00,0.23,0.98,0.00,0.00,,,,,,,0.00,0.00,0.00,,0.00,0.00,,0.00,0.00,0.00,0.00,0.00,0.00,0.00,0.00,,,,,0.00,0.00,,0.00,0.00
Teymoorian_et_al_2021,Lac des Commissaires au Domaine-du-Roy,Surface Water,48.16085,-72.2372,2021,,,Unnamed_SPE_LCMS_MS,,,0.25,0.29,0.00,0.00,0.23,0.00,0.24,0.47,0.00,0.00,0.00,0.00,0.00,0.00,0.00,0.00,0.00,,0.00,0.00,0.06,0.55,0.00,0.00,,,,,,,0.00,0.00,0.00,,0.00,0.00,,0.00,0.00,0.00,0.00,0.00,0.00,0.00,0.00,,,,,0.00,0.00,,0.00,0.00
Teymoorian_et_al_2021,Lac du Fou au Parc de la Mauricie,Surface Water,46.777479,-72.88693,2021,,,Unnamed_SPE_LCMS_MS,,,0.26,0.42,0.00,0.05,0.28,0.00,0.32,0.56,0.00,0.00,0.00,0.00,0.00,0.00,0.00,0.00,0.00,,0.00,0.00,0.07,1.00,0.00,0.00,,,,,,,0.00,0.00,0.00,,0.00,0.00,,0.00,0.00,0.00,0.00,0.00,0.00,0.00,0.00,,,,,0.00,0.00,,0.00,0.00
Teymoorian_et_al_2021,Lac douard au Parc de la Mauricie,Surface Water,46.765971,-72.91872,2021,,,Unnamed_SPE_LCMS_MS,,,1.08,0.38,0.00,0.55,0.55,0.02,0.45,0.47,0.00,0.00,0.00,0.00,0.00,0.00,0.00,0.00,0.00,,0.12,0.00,0.04,0.50,0.00,0.00,,,,,,,0.00,0.95,0.00,,0.00,0.00,,0.00,0.00,0.00,0.00,0.00,0.00,0.10,0.10,,,,,0.00,0.00,,0.00,0.00
Teymoorian_et_al_2021,Lac Knogami Lac-Knogami,Surface Water,48.3315,-71.36178,2021,,,Unnamed_SPE_LCMS_MS,,,0.26,0.21,0.03,0.00,0.19,0.02,0.81,0.42,0.00,0.00,0.00,0.00,0.00,0.00,0.00,0.00,0.00,,0.64,0.00,0.06,0.39,0.00,0.00,,,,,,,0.00,0.00,0.00,,0.00,0.00,,0.00,0.00,0.00,0.00,0.00,0.00,0.00,0.00,,,,,0.00,0.00,,0.00,0.00
Teymoorian_et_al_2021,Lac Magog Magog,Surface Water,45.33436,-72.0234,2021,,,Unnamed_SPE_LCMS_MS,,,1.80,1.28,0.09,0.11,0.28,0.15,0.98,0.76,0.00,0.00,0.00,0.00,0.00,0.00,0.00,0.00,0.00,,1.06,0.03,0.42,1.11,0.00,0.00,,,,,,,0.00,0.00,0.00,,0.00,0.00,,0.00,0.00,0.00,0.00,0.00,0.00,0.00,0.00,,,,,0.00,0.00,,0.00,0.00
Teymoorian_et_al_2021,Lac Memphrmagog Magog,Surface Water,45.27056,-72.1765,2021,,,Unnamed_SPE_LCMS_MS,,,0.59,0.79,0.18,0.00,0.13,0.06,0.66,0.47,0.00,0.00,0.00,0.00,0.00,0.00,0.00,0.00,0.00,,0.39,0.02,0.30,1.19,0.00,0.00,,,,,,,0.00,0.00,0.00,,0.00,0.00,,0.00,0.00,0.00,0.00,0.00,0.00,0.00,0.00,,,,,0.00,0.00,,0.00,0.00
Teymoorian_et_al_2021,Lac Saint-Jean Roberval,Surface Water,48.53305,-72.21819,2021,,,Unnamed_SPE_LCMS_MS,,,0.13,0.14,0.03,0.00,0.17,0.02,0.25,0.37,0.00,0.00,0.00,0.00,0.00,0.00,0.00,0.00,0.00,,0.10,0.00,0.03,0.61,0.00,0.00,,,,,,,0.00,0.00,0.00,,0.00,0.00,,0.00,0.00,0.00,0.00,0.00,0.00,0.00,0.00,,,,,0.00,0.00,,0.00,0.00
Teymoorian_et_al_2021,Lac Saint-Jean Saint-Henri-du-Taillon,Surface Water,48.6764,-71.874,2021,,,Unnamed_SPE_LCMS_MS,,,0.14,0.00,0.03,0.00,0.15,0.00,0.35,0.35,0.00,0.00,0.00,0.00,0.00,0.00,0.00,0.00,0.00,,0.00,0.00,0.07,0.49,0.00,0.00,,,,,,,0.00,0.00,0.00,,0.00,0.00,,0.00,0.00,0.00,0.00,0.00,0.00,0.00,0.00,,,,,0.00,0.00,,0.00,0.00
Teymoorian_et_al_2021,Lac Saint-Jean Saint-Prime,Surface Water,48.60047,-72.32515,2021,,,Unnamed_SPE_LCMS_MS,,,0.12,0.18,0.03,0.00,0.11,0.00,0.29,0.28,0.00,0.00,0.00,0.00,0.00,0.00,0.00,0.00,0.00,,0.14,0.00,0.07,0.24,0.00,0.00,,,,,,,0.00,0.00,0.00,,0.00,0.00,,0.00,0.00,0.00,0.00,0.00,0.00,0.00,0.00,,,,,0.00,0.00,,0.00,0.00
Teymoorian_et_al_2021,BOU1,Surface Water,45.64867,-73.48136,2021,,,Unnamed_SPE_LCMS_MS,,,2.54,2.14,0.21,0.00,0.23,0.73,1.36,0.90,0.03,0.00,0.00,0.00,0.00,0.00,0.00,0.00,0.00,,1.32,0.10,0.57,2.11,0.00,0.00,,,,,,,0.00,0.00,0.00,,0.00,0.00,,0.00,0.00,0.00,0.00,0.00,0.00,0.00,0.00,,,,,0.00,0.00,,0.00,0.00
Teymoorian_et_al_2021,BOU2,Surface Water,45.644183,-73.466233,2021,,,Unnamed_SPE_LCMS_MS,,,2.16,1.69,0.17,0.00,0.19,0.85,1.63,1.09,0.03,0.00,0.00,0.00,0.00,0.00,0.00,0.00,0.00,,1.30,0.09,0.53,1.63,0.00,0.00,,,,,,,0.00,0.00,0.00,,0.00,0.00,,0.00,0.00,0.00,0.00,0.00,0.00,0.00,0.00,,,,,0.00,0.00,,0.00,0.00
Teymoorian_et_al_2021,BOU3,Surface Water,45.64645,-73.4526,2021,,,Unnamed_SPE_LCMS_MS,,,2.85,2.01,0.25,0.00,0.34,0.76,3.16,1.11,0.03,0.00,0.00,1.37,0.00,0.00,0.00,0.00,0.00,,2.95,0.11,0.57,2.22,0.00,0.00,,,,,,,0.00,0.00,0.00,,0.00,0.00,,0.00,0.00,0.00,0.00,0.00,0.00,0.00,0.00,,,,,0.00,0.00,,0.00,0.00
Teymoorian_et_al_2021,BOU4,Surface Water,45.569363,-73.507785,2021,,,Unnamed_SPE_LCMS_MS,,,2.07,1.86,0.23,0.00,0.00,0.77,1.64,0.91,0.03,0.00,0.00,0.00,0.00,0.00,0.00,0.00,0.00,,1.43,0.10,0.56,1.56,0.00,0.00,,,,,,,0.00,0.00,0.00,,0.00,0.00,,0.00,0.00,0.00,0.00,0.00,0.00,0.00,0.00,,,,,0.00,0.00,,0.00,0.00
Teymoorian_et_al_2021,BR_08,Surface Water,44.600606,-75.660644,2021,,,Unnamed_SPE_LCMS_MS,,,2.88,1.73,0.52,0.00,0.13,0.78,1.54,0.98,0.02,0.00,0.00,0.00,0.00,0.00,0.00,0.00,0.00,,1.32,0.11,0.65,1.83,0.00,0.00,,,,,,,0.00,0.00,0.00,,0.00,0.00,,0.00,0.00,0.00,0.00,0.00,0.00,0.00,0.00,,,,,0.00,0.00,,0.00,0.00
Teymoorian_et_al_2021,BR_09,Surface Water,44.634389,-75.612239,2021,,,Unnamed_SPE_LCMS_MS,,,3.72,2.36,0.33,0.00,0.37,0.81,1.94,1.04,0.05,0.00,0.00,0.00,0.00,0.00,0.00,0.00,0.00,,1.78,0.11,0.60,2.13,0.00,0.00,,,,,,,0.00,0.00,0.00,,0.00,0.00,,0.00,0.00,0.00,0.00,0.00,0.00,0.00,0.00,,,,,0.00,0.00,,0.00,0.00
Teymoorian_et_al_2021,BR_11,Surface Water,44.790014,-75.371433,2021,,,Unnamed_SPE_LCMS_MS,,,2.47,2.21,0.20,0.00,0.22,0.92,1.97,1.14,0.05,0.00,0.00,0.00,0.00,0.00,0.00,0.00,0.00,,1.57,0.15,0.71,2.96,0.00,0.00,,,,,,,0.00,0.00,0.00,,0.00,0.00,,0.00,0.00,0.00,0.00,0.00,0.00,0.00,0.00,,,,,0.00,0.00,,0.00,0.00
Teymoorian_et_al_2021,BR_12,Surface Water,44.846253,-75.299594,2021,,,Unnamed_SPE_LCMS_MS,,,2.63,2.15,0.14,0.06,0.30,0.75,1.75,0.93,0.02,0.00,0.00,0.00,0.00,0.00,0.00,0.00,0.00,,1.50,0.10,0.53,1.71,0.00,0.00,,,,,,,0.00,0.00,0.00,,0.00,0.00,,0.00,0.00,0.00,0.00,0.00,0.00,0.00,0.00,,,,,0.00,0.00,,0.00,0.00
Teymoorian_et_al_2021,CAC1,Surface Water,47.974967,-69.7165,2021,,,Unnamed_SPE_LCMS_MS,,,0.65,0.45,0.05,0.00,0.00,0.19,0.00,0.31,0.00,0.00,0.00,0.00,0.00,0.00,0.00,0.00,0.00,,0.27,0.03,0.16,0.00,0.00,0.00,,,,,,,0.00,0.00,0.00,,0.00,0.00,,0.00,0.00,0.00,0.00,0.00,0.00,0.00,0.00,,,,,0.00,0.00,,0.00,0.00
Teymoorian_et_al_2021,CON1,Surface Water,45.845717,-73.310067,2021,,,Unnamed_SPE_LCMS_MS,,,1.07,0.95,0.03,0.00,0.18,0.27,0.76,0.86,0.00,0.00,0.00,0.00,0.00,0.00,0.00,0.00,0.00,,1.00,0.04,0.33,1.21,0.00,0.00,,,,,,,0.00,0.00,0.00,,0.00,0.00,,0.00,0.00,0.00,0.00,0.00,0.00,0.00,0.00,,,,,0.00,0.00,,0.00,0.00
Teymoorian_et_al_2021,CON1_5,Surface Water,45.922597,-73.242328,2021,,,Unnamed_SPE_LCMS_MS,,,1.35,0.90,0.07,0.00,0.00,0.35,1.06,0.94,0.00,0.00,0.00,0.00,0.00,0.00,0.00,0.00,0.00,,0.88,0.03,0.34,1.75,0.00,0.00,,,,,,,0.00,0.00,0.00,,0.00,0.00,,0.00,0.00,0.00,0.00,0.00,0.00,0.00,0.00,,,,,0.00,0.00,,0.00,0.00
Teymoorian_et_al_2021,CON3,Surface Water,45.850167,-73.269167,2021,,,Unnamed_SPE_LCMS_MS,,,2.88,1.86,3.11,0.00,0.14,0.59,1.34,0.86,0.00,0.00,0.00,0.00,0.00,0.00,0.00,0.00,0.00,,1.50,0.10,0.57,2.12,0.00,0.00,,,,,,,0.00,0.00,0.00,,0.00,0.00,,0.00,0.00,0.00,0.00,0.00,0.00,0.00,0.00,,,,,0.00,0.00,,0.00,0.00
Teymoorian_et_al_2021,CW19,Surface Water,44.993964,-74.755747,2021,,,Unnamed_SPE_LCMS_MS,,,4.33,2.25,0.23,0.00,0.42,0.78,2.19,1.05,0.03,0.00,0.00,0.75,0.00,0.00,0.00,0.00,0.00,,2.12,0.11,0.50,2.34,0.00,0.00,,,,,,,0.00,0.00,0.00,,0.00,0.00,,0.00,0.00,0.00,0.00,0.00,0.00,0.00,0.00,,,,,0.00,0.00,,0.00,0.00
Teymoorian_et_al_2021,CW20,Surface Water,45.027006,-74.676644,2021,,,Unnamed_SPE_LCMS_MS,,,2.24,1.72,0.19,0.00,0.29,0.65,1.31,0.80,0.03,0.00,0.00,0.00,0.00,0.00,0.00,0.00,0.00,,0.92,0.09,0.41,1.48,0.00,0.00,,,,,,,0.00,0.00,0.00,,0.00,0.00,,0.00,0.00,0.00,0.00,0.00,0.00,0.00,0.00,,,,,0.00,0.00,,0.00,0.00
Teymoorian_et_al_2021,CW21,Surface Water,45.002675,-74.637756,2021,,,Unnamed_SPE_LCMS_MS,,,2.65,2.20,0.21,0.04,0.27,0.93,2.17,1.26,0.04,0.00,0.00,0.00,0.00,0.00,0.00,0.00,0.00,,1.78,0.14,0.63,2.90,0.00,0.00,,,,,,,0.00,0.00,0.00,,0.00,0.11,,0.00,0.00,0.00,0.00,0.00,0.00,0.00,0.00,,,,,0.00,0.00,,0.00,0.00
Teymoorian_et_al_2021,CW23,Surface Water,45.037842,-74.525328,2021,,,Unnamed_SPE_LCMS_MS,,,0.31,0.33,0.00,0.00,0.19,0.00,0.27,0.51,0.00,0.00,0.00,0.00,0.00,0.00,0.00,0.00,0.00,,0.35,0.00,0.13,0.48,0.00,0.00,,,,,,,0.00,0.00,0.00,,0.00,0.00,,0.00,0.00,0.00,0.00,0.00,0.00,0.00,0.00,,,,,0.00,0.00,,0.00,0.00
Teymoorian_et_al_2021,LSF1,Surface Water,45.2263,-74.25158,2021,,,Unnamed_SPE_LCMS_MS,,,2.64,2.24,0.31,0.00,0.38,0.85,1.65,1.09,0.04,0.00,0.00,0.00,0.00,0.00,0.00,0.00,0.00,,1.01,0.11,0.58,3.00,0.00,0.00,,,,,,,0.00,0.00,0.00,,0.00,0.00,,0.00,0.00,0.00,0.00,0.00,0.00,0.00,0.00,,,,,0.00,0.00,,0.00,0.00
Teymoorian_et_al_2021,LSF2,Surface Water,45.20903,-74.23228,2021,,,Unnamed_SPE_LCMS_MS,,,3.19,2.35,0.16,0.00,0.33,0.75,1.62,1.03,0.04,0.00,0.00,0.00,0.00,0.00,0.00,0.00,0.00,,1.32,0.11,0.56,1.66,0.00,0.00,,,,,,,0.00,0.00,0.00,,0.00,0.00,,0.00,0.00,0.00,0.00,0.00,0.00,0.00,0.00,,,,,0.00,0.00,,0.00,0.00
Teymoorian_et_al_2021,LSF24,Surface Water,45.126186,-74.491636,2021,,,Unnamed_SPE_LCMS_MS,,,1.11,1.22,0.05,0.00,0.18,0.26,1.17,0.89,0.00,0.00,0.00,0.00,0.00,0.00,0.00,0.00,0.00,,1.55,0.04,0.63,1.69,0.00,0.00,,,,,,,0.00,0.00,0.00,,0.00,0.00,,0.00,0.00,0.00,0.00,0.00,0.00,0.00,0.00,,,,,0.00,0.00,,0.00,0.00
Teymoorian_et_al_2021,LSF25,Surface Water,45.180981,-74.373731,2021,,,Unnamed_SPE_LCMS_MS,,,2.65,1.85,0.23,0.00,0.25,0.74,1.29,0.98,0.02,0.00,0.00,0.00,0.00,0.00,0.00,0.00,0.00,,1.10,0.09,0.55,1.37,0.00,0.00,,,,,,,0.00,0.00,0.00,,0.00,0.00,,0.00,0.00,0.00,0.00,0.00,0.00,0.00,0.00,,,,,0.00,0.00,,0.00,0.00
Teymoorian_et_al_2021,LSF26,Surface Water,45.183517,-74.216408,2021,,,Unnamed_SPE_LCMS_MS,,,2.86,2.01,0.21,0.00,0.34,0.73,1.40,0.84,0.04,0.00,0.00,0.00,0.00,0.00,0.00,0.00,0.00,,1.30,0.11,0.48,1.55,0.00,0.00,,,,,,,0.00,0.00,0.00,,0.00,0.00,,0.00,0.00,0.00,0.00,0.00,0.00,0.00,0.00,,,,,0.00,0.00,,0.00,0.00
Teymoorian_et_al_2021,LSF3,Surface Water,45.19048,-74.21263,2021,,,Unnamed_SPE_LCMS_MS,,,2.43,2.35,0.16,0.04,0.37,0.89,1.69,1.00,0.04,0.00,0.00,0.00,0.00,0.00,0.00,0.00,0.00,,1.54,0.14,0.70,2.71,0.00,0.00,,,,,,,0.00,0.00,0.00,,0.00,0.08,,0.00,0.00,0.00,0.00,0.00,0.00,0.00,0.00,,,,,0.00,0.00,,0.00,0.00
Teymoorian_et_al_2021,LSF3.5,Surface Water,45.347333,-73.971519,2021,,,Unnamed_SPE_LCMS_MS,,,0.50,0.42,0.00,0.03,0.22,0.11,0.47,0.59,0.00,0.00,0.00,0.00,0.00,0.00,0.00,0.00,0.00,,0.41,0.00,0.25,0.50,0.00,0.00,,,,,,,0.00,0.00,0.00,,0.00,0.00,,0.00,0.00,0.00,0.00,0.00,0.00,0.00,0.00,,,,,0.00,0.00,,0.00,0.00
Teymoorian_et_al_2021,LSL1,Surface Water,45.357467,-73.809383,2021,,,Unnamed_SPE_LCMS_MS,,,0.66,0.45,0.00,0.00,0.17,0.14,0.48,0.79,0.00,0.00,0.00,0.00,0.00,0.00,0.00,0.00,0.00,,0.14,0.00,0.27,0.65,0.00,0.00,,,,,,,0.00,0.00,0.00,,0.00,0.00,,0.00,0.00,0.00,0.00,0.00,0.00,0.00,0.00,,,,,0.00,0.00,,0.00,0.00
Teymoorian_et_al_2021,LSL13,Surface Water,44.897636,-75.170031,2021,,,Unnamed_SPE_LCMS_MS,,,2.64,2.17,0.18,0.00,0.29,0.76,1.53,1.04,0.02,0.00,0.00,0.00,0.00,0.00,0.00,0.00,0.00,,1.26,0.11,0.54,2.31,0.00,0.00,,,,,,,0.00,0.00,0.00,,0.00,0.00,,0.00,0.00,0.00,0.00,0.00,0.00,0.00,0.00,,,,,0.00,0.00,,0.00,0.00
Teymoorian_et_al_2021,LSL14,Surface Water,44.990811,-74.947294,2021,,,Unnamed_SPE_LCMS_MS,,,2.81,2.05,0.19,0.04,0.35,0.69,1.53,0.83,0.00,0.00,0.00,0.00,0.00,0.00,0.00,0.00,0.00,,1.22,0.09,0.50,2.34,0.00,0.00,,,,,,,0.00,0.00,0.00,,0.00,0.00,,0.00,0.00,0.00,0.00,0.00,0.00,0.00,0.00,,,,,0.00,0.00,,0.00,0.00
Teymoorian_et_al_2021,LSL15,Surface Water,45.009914,-74.9389,2021,,,Unnamed_SPE_LCMS_MS,,,2.76,1.75,2.89,0.00,0.22,0.59,1.42,1.08,0.00,0.00,0.00,0.00,0.00,0.00,0.00,0.00,0.00,,1.39,0.10,0.53,2.57,0.00,0.00,,,,,,,0.00,0.00,0.00,,0.00,0.00,,0.00,0.00,0.00,0.00,0.00,0.00,0.00,0.00,,,,,0.00,0.00,,0.00,0.00
Teymoorian_et_al_2021,LSL16,Surface Water,45.013814,-74.890022,2021,,,Unnamed_SPE_LCMS_MS,,,2.48,2.13,0.16,0.00,0.39,0.71,1.48,0.99,0.04,0.00,0.00,1.12,0.00,0.00,0.00,0.00,0.00,,1.41,0.11,0.55,1.73,0.00,0.00,,,,,,,0.00,0.00,0.00,,0.00,0.00,,0.00,0.00,0.00,0.00,0.00,0.00,0.00,0.00,,,,,0.00,0.00,,0.00,0.00
Teymoorian_et_al_2021,LSL17,Surface Water,45.026069,-74.890078,2021,,,Unnamed_SPE_LCMS_MS,,,3.35,2.27,0.38,0.05,0.40,0.74,0.00,0.89,0.02,0.00,0.00,0.00,0.00,0.00,0.00,0.00,0.00,,1.53,0.12,0.60,2.22,0.00,0.00,,,,,,,0.00,0.00,0.00,,0.00,0.00,,0.00,0.00,0.00,0.00,0.00,0.00,0.00,0.00,,,,,0.00,0.00,,0.00,0.00
Teymoorian_et_al_2021,LSL18,Surface Water,45.019083,-74.855286,2021,,,Unnamed_SPE_LCMS_MS,,,3.04,2.21,0.23,0.00,0.33,0.81,1.47,1.09,0.03,0.00,0.00,0.98,0.00,0.00,0.00,0.00,0.00,,1.53,0.10,0.57,2.28,0.00,0.00,,,,,,,0.00,0.00,0.00,,0.00,0.00,,0.00,0.00,0.00,0.00,0.00,0.00,0.00,0.00,,,,,0.00,0.00,,0.00,0.00
Teymoorian_et_al_2021,LSL2,Surface Water,45.396183,-73.838062,2021,,,Unnamed_SPE_LCMS_MS,,,3.56,1.91,3.57,0.00,0.22,0.77,1.53,0.92,0.00,0.00,0.00,0.00,0.00,0.00,0.00,0.00,0.00,,1.38,0.12,0.58,1.96,0.00,0.00,,,,,,,0.00,0.00,0.00,,0.00,0.00,,0.00,0.00,0.00,0.00,0.00,0.00,0.00,0.00,,,,,0.00,0.00,,0.00,0.00
Teymoorian_et_al_2021,LSL3,Surface Water,45.379667,-73.809383,2021,,,Unnamed_SPE_LCMS_MS,,,2.31,2.07,0.16,0.00,0.24,0.67,1.45,0.96,0.03,0.00,0.00,0.00,0.00,0.00,0.00,0.00,0.00,,1.24,0.10,0.51,1.73,0.00,0.00,,,,,,,0.00,0.00,0.00,,0.00,0.00,,0.00,0.00,0.00,0.00,0.00,0.00,0.00,0.00,,,,,0.00,0.00,,0.00,0.00
Teymoorian_et_al_2021,LSPA1,Surface Water,46.267261,-72.718877,2021,,,Unnamed_SPE_LCMS_MS,,,1.70,1.10,0.10,0.03,0.21,0.43,1.05,0.75,0.00,0.00,0.00,0.00,0.00,0.00,0.00,0.00,0.00,,1.14,0.05,0.33,1.36,0.00,0.00,,,,,,,0.00,0.00,0.00,,0.00,0.00,,0.00,0.00,0.00,0.00,0.00,0.00,0.00,0.00,,,,,0.00,0.00,,0.00,0.00
Teymoorian_et_al_2021,LSPA2,Surface Water,46.263524,-72.708745,2021,,,Unnamed_SPE_LCMS_MS,,,1.71,1.26,0.04,0.03,0.16,0.46,1.26,0.71,0.00,0.00,0.00,0.00,0.00,0.00,0.00,0.00,0.00,,1.30,0.06,0.37,1.66,0.00,0.00,,,,,,,0.00,0.00,0.00,,0.00,0.00,,0.00,0.00,0.00,0.00,0.00,0.00,0.00,0.00,,,,,0.00,0.00,,0.00,0.00
Teymoorian_et_al_2021,LSPA3,Surface Water,46.256587,-72.694571,2021,,,Unnamed_SPE_LCMS_MS,,,2.43,1.54,0.06,0.00,0.22,0.61,1.26,0.88,0.02,0.00,0.00,0.00,0.00,0.00,0.00,0.00,0.00,,1.34,0.09,0.46,1.82,0.00,0.00,,,,,,,0.00,0.00,0.00,,0.00,0.00,,0.00,0.00,0.00,0.00,0.00,0.00,0.00,0.00,,,,,0.00,0.00,,0.00,0.00
Teymoorian_et_al_2021,LSPA4,Surface Water,46.231208,-72.675508,2021,,,Unnamed_SPE_LCMS_MS,,,1.92,1.36,0.22,0.00,0.06,0.64,1.53,0.84,0.00,0.00,0.00,0.00,0.00,0.00,0.00,0.00,0.00,,1.25,0.07,0.51,2.22,0.00,0.00,,,,,,,0.00,0.00,0.00,,0.00,0.00,,0.00,0.00,0.00,0.00,0.00,0.00,0.00,0.00,,,,,0.00,0.00,,0.00,0.00
Teymoorian_et_al_2021,LSPM1,Surface Water,46.22665,-72.854883,2021,,,Unnamed_SPE_LCMS_MS,,,2.51,1.31,0.65,0.00,0.15,0.60,1.20,0.98,0.00,0.00,0.00,0.00,0.00,0.00,0.00,0.00,0.00,,1.64,0.06,0.44,2.15,0.00,0.00,,,,,,,0.00,0.00,0.00,,0.00,0.00,,0.00,0.00,0.00,0.00,0.00,0.00,0.00,0.00,,,,,0.00,0.00,,0.00,0.00
Teymoorian_et_al_2021,LSPM2,Surface Water,46.204067,-72.824783,2021,,,Unnamed_SPE_LCMS_MS,,,1.65,1.51,0.14,0.00,0.19,0.53,1.25,0.81,0.02,0.00,0.00,0.00,0.00,0.00,0.00,0.00,0.00,,1.09,0.07,0.43,1.51,0.00,0.00,,,,,,,0.00,0.00,0.00,,0.00,0.00,,0.00,0.00,0.00,0.00,0.00,0.00,0.00,0.00,,,,,0.00,0.00,,0.00,0.00
Teymoorian_et_al_2021,LSPM3,Surface Water,46.183033,-72.799467,2021,,,Unnamed_SPE_LCMS_MS,,,3.18,2.27,0.86,0.00,0.24,0.71,1.55,0.97,0.02,0.00,0.00,0.00,0.00,0.00,0.00,0.00,0.00,,1.39,0.11,0.59,2.11,0.00,0.00,,,,,,,0.00,0.00,0.00,,0.00,0.00,,0.00,0.00,0.00,0.00,0.00,0.00,0.00,0.00,,,,,0.00,0.00,,0.00,0.00
Teymoorian_et_al_2021,MASS1,Surface Water,47.2516,-70.544167,2021,,,Unnamed_SPE_LCMS_MS,,,1.71,1.09,0.29,0.00,0.07,0.43,1.06,0.80,0.00,0.00,0.00,0.00,0.00,0.00,0.00,0.00,0.00,,1.22,0.08,0.36,1.85,0.00,0.00,,,,,,,0.00,0.00,0.00,,0.00,0.00,,0.00,0.00,0.00,0.00,0.00,0.00,0.00,0.00,,,,,0.00,0.00,,0.00,0.00
Teymoorian_et_al_2021,ONT1,Surface Water,44.1941,-76.577883,2021,,,Unnamed_SPE_LCMS_MS,,,2.62,2.58,0.20,0.00,0.37,0.96,2.18,1.24,0.04,0.00,0.00,0.00,0.00,0.00,0.00,0.00,0.00,,1.87,0.18,0.74,2.80,0.00,0.00,,,,,,,0.00,0.00,0.00,,0.00,0.00,,0.00,0.00,0.00,0.00,0.00,0.00,0.00,0.00,,,,,0.00,0.00,,0.00,0.00
Teymoorian_et_al_2021,ONT2,Surface Water,44.237683,-76.39835,2021,,,Unnamed_SPE_LCMS_MS,,,3.12,2.08,0.28,0.00,0.27,0.90,1.78,1.25,0.04,0.00,0.00,0.00,0.00,0.00,0.00,0.00,0.00,,1.77,0.14,0.63,2.64,0.00,0.00,,,,,,,0.00,0.00,0.00,,0.00,0.00,,0.00,0.00,0.00,0.00,0.00,0.00,0.00,0.00,,,,,0.00,0.00,,0.00,0.00
Teymoorian_et_al_2021,ORL1,Surface Water,47.058254,-70.75197,2021,,,Unnamed_SPE_LCMS_MS,,,1.14,0.83,0.07,0.00,0.09,0.41,0.66,0.44,0.00,0.00,0.00,0.00,0.00,0.00,0.00,0.00,0.00,,0.55,0.04,0.24,0.39,0.00,0.00,,,,,,,0.00,0.00,0.00,,0.00,0.00,,0.00,0.00,0.00,0.00,0.00,0.00,0.00,0.00,,,,,0.00,0.00,,0.00,0.00
Teymoorian_et_al_2021,ORL2,Surface Water,47.013333,-70.698767,2021,,,Unnamed_SPE_LCMS_MS,,,2.24,1.58,0.15,0.00,0.27,0.68,1.29,0.81,0.02,0.00,0.00,0.00,0.00,0.00,0.00,0.00,0.00,,1.19,0.08,0.51,1.38,0.00,0.00,,,,,,,0.00,0.00,0.00,,0.00,0.00,,0.00,0.00,0.00,0.00,0.00,0.00,0.00,0.00,,,,,0.00,0.00,,0.00,0.00
Teymoorian_et_al_2021,ORL3,Surface Water,46.98877,-70.661748,2021,,,Unnamed_SPE_LCMS_MS,,,1.93,1.45,0.24,0.00,0.28,0.62,1.42,0.89,0.00,0.00,0.00,0.00,0.00,0.00,0.00,0.00,0.00,,1.16,0.09,0.45,1.76,0.00,0.00,,,,,,,0.00,0.00,0.00,,0.00,0.00,,0.00,0.00,0.00,0.00,0.00,0.00,0.00,0.00,,,,,0.00,0.00,,0.00,0.00
Teymoorian_et_al_2021,QC1,Surface Water,46.843411,-71.179714,2021,,,Unnamed_SPE_LCMS_MS,,,2.30,1.66,0.13,0.00,0.30,0.67,1.20,1.12,0.03,0.00,0.00,0.00,0.00,0.00,0.00,0.00,0.00,,1.32,0.09,0.45,1.33,0.00,0.00,,,,,,,0.00,0.00,0.00,,0.00,0.00,,0.00,0.00,0.00,0.00,0.00,0.00,0.00,0.00,,,,,0.00,0.00,,0.00,0.00
Teymoorian_et_al_2021,QC2,Surface Water,46.83937,-71.166825,2021,,,Unnamed_SPE_LCMS_MS,,,2.94,1.77,2.35,0.00,0.28,0.72,1.52,1.04,0.00,0.00,0.00,0.00,0.00,0.00,0.00,0.00,0.00,,1.10,0.09,0.51,2.24,0.00,0.00,,,,,,,0.00,0.00,0.00,,0.00,0.00,,0.00,0.00,0.00,0.00,0.00,0.00,0.00,0.00,,,,,0.00,0.00,,0.00,0.00
Teymoorian_et_al_2021,QC3,Surface Water,46.833885,-71.152614,2021,,,Unnamed_SPE_LCMS_MS,,,1.87,1.44,0.14,0.00,0.20,0.62,1.53,0.90,0.02,0.00,0.00,0.00,0.00,0.00,0.00,0.00,0.00,,1.14,0.07,0.44,1.11,0.00,0.00,,,,,,,0.00,0.00,0.00,,0.00,0.00,,0.00,0.00,0.00,0.00,0.00,0.00,0.00,0.00,,,,,0.00,0.00,,0.00,0.00
Teymoorian_et_al_2021,REP1,Surface Water,45.744983,-73.43195,2021,,,Unnamed_SPE_LCMS_MS,,,0.90,0.69,0.00,0.00,0.12,0.17,1.09,0.75,0.00,0.00,0.00,0.00,0.00,0.00,0.00,0.00,0.00,,0.77,0.00,0.33,1.33,0.00,0.00,,,,,,,0.00,0.00,0.00,,0.00,0.00,,0.00,0.00,0.00,0.00,0.00,0.00,0.00,0.00,,,,,0.00,0.00,,0.00,0.00
Teymoorian_et_al_2021,REP2,Surface Water,45.741667,-73.424033,2021,,,Unnamed_SPE_LCMS_MS,,,2.79,1.58,0.50,0.00,0.25,0.64,1.57,1.01,0.00,0.00,0.00,0.00,0.00,0.00,0.00,0.00,0.00,,1.39,0.10,0.53,2.23,0.00,0.00,,,,,,,0.00,0.00,0.00,,0.00,0.00,,0.00,0.00,0.00,0.00,0.00,0.00,0.00,0.00,,,,,0.00,0.00,,0.00,0.00
Teymoorian_et_al_2021,REP3,Surface Water,45.745028,-73.406417,2021,,,Unnamed_SPE_LCMS_MS,,,2.52,1.61,0.41,0.00,0.12,0.74,1.46,1.09,0.00,0.00,0.00,0.00,0.00,0.00,0.00,0.00,0.00,,1.53,0.11,0.60,2.38,0.00,0.00,,,,,,,0.00,0.00,0.00,,0.00,0.00,,0.00,0.00,0.00,0.00,0.00,0.00,0.00,0.00,,,,,0.00,0.00,,0.00,0.00
Teymoorian_et_al_2021,SAD1,Surface Water,46.72085,-71.4773,2021,,,Unnamed_SPE_LCMS_MS,,,1.20,1.00,0.14,0.00,0.00,0.40,0.64,0.32,0.00,0.00,0.00,0.00,0.00,0.00,0.00,0.00,0.00,,0.82,0.04,0.28,0.00,0.00,0.00,,,,,,,0.00,0.00,0.00,,0.00,0.00,,0.00,0.00,0.00,0.00,0.00,0.00,0.00,0.00,,,,,0.00,0.00,,0.00,0.00
Teymoorian_et_al_2021,SAD2,Surface Water,46.71368,-71.471017,2021,,,Unnamed_SPE_LCMS_MS,,,1.44,1.10,0.08,0.00,0.16,0.46,0.90,0.51,0.00,0.00,0.00,0.00,0.00,0.00,0.00,0.00,0.00,,0.79,0.04,0.35,1.05,0.00,0.00,,,,,,,0.00,0.00,0.00,,0.00,0.00,,0.00,0.00,0.00,0.00,0.00,0.00,0.00,0.00,,,,,0.00,0.00,,0.00,0.00
Teymoorian_et_al_2021,SAD3,Surface Water,46.705459,-71.461456,2021,,,Unnamed_SPE_LCMS_MS,,,2.64,1.53,0.19,0.00,0.22,0.67,1.28,0.92,0.00,0.00,0.00,0.00,0.00,0.00,0.00,0.00,0.00,,1.52,0.09,0.50,2.23,0.00,0.00,,,,,,,0.00,0.00,0.00,,0.00,0.00,,0.00,0.00,0.00,0.00,0.00,0.00,0.00,0.00,,,,,0.00,0.00,,0.00,0.00
Teymoorian_et_al_2021,SORAM1,Surface Water,46.073983,-73.088683,2021,,,Unnamed_SPE_LCMS_MS,,,1.72,1.40,0.07,0.00,0.23,0.46,2.21,0.87,0.02,0.00,0.00,0.62,0.00,0.00,0.00,0.00,0.00,,1.75,0.07,0.38,1.53,0.00,0.00,,,,,,,0.00,0.00,0.00,,0.00,0.00,,0.00,0.00,0.00,0.00,0.00,0.00,0.00,0.00,,,,,0.00,0.00,,0.00,0.00
Teymoorian_et_al_2021,SORAM2,Surface Water,46.067283,-73.07645,2021,,,Unnamed_SPE_LCMS_MS,,,2.16,1.51,0.12,0.00,0.23,0.64,1.33,0.97,0.03,0.00,0.00,1.61,0.00,0.00,0.00,0.00,0.00,,1.37,0.08,0.53,2.00,0.00,0.00,,,,,,,0.00,0.00,0.00,,0.00,0.00,,0.00,0.00,0.00,0.00,0.00,0.00,0.00,0.00,,,,,0.00,0.00,,0.00,0.00
Teymoorian_et_al_2021,SORAM3,Surface Water,46.06175,-73.0656,2021,,,Unnamed_SPE_LCMS_MS,,,2.21,1.56,0.12,0.00,0.25,0.62,1.60,1.01,0.03,0.00,0.00,0.00,0.00,0.00,0.00,0.00,0.00,,1.58,0.07,0.49,2.20,0.00,0.00,,,,,,,0.00,0.00,0.00,,0.00,0.00,,0.00,0.00,0.00,0.00,0.00,0.00,0.00,0.00,,,,,0.00,0.00,,0.00,0.00
Teymoorian_et_al_2021,SORAV1,Surface Water,46.172584,-72.964877,2021,,,Unnamed_SPE_LCMS_MS,,,1.67,1.11,0.00,0.00,0.21,0.46,1.02,0.80,0.02,0.00,0.00,0.00,0.00,0.00,0.00,0.00,0.00,,1.26,0.05,0.38,1.18,0.00,0.00,,,,,,,0.00,0.00,0.00,,0.00,0.00,,0.00,0.00,0.00,0.00,0.00,0.00,0.00,0.00,,,,,0.00,0.00,,0.00,0.00
Teymoorian_et_al_2021,SORAV2,Surface Water,46.13472,-72.952109,2021,,,Unnamed_SPE_LCMS_MS,,,3.07,1.49,0.17,0.04,0.24,0.55,1.37,0.95,0.00,0.00,0.00,0.00,0.00,0.00,0.00,0.00,0.00,,1.28,0.09,0.51,2.25,0.00,0.00,,,,,,,0.00,0.00,0.00,,0.00,0.00,,0.00,0.00,0.00,0.00,0.00,0.00,0.00,0.00,,,,,0.00,0.00,,0.00,0.00
Teymoorian_et_al_2021,SORAV3,Surface Water,46.160331,-72.949478,2021,,,Unnamed_SPE_LCMS_MS,,,1.95,1.61,0.18,0.00,0.28,0.71,1.50,0.91,0.03,0.00,0.00,0.00,0.00,0.12,0.00,0.00,0.00,,1.22,0.09,0.50,1.16,0.00,0.00,,,,,,,0.00,0.00,0.00,,0.00,0.00,,0.00,0.00,0.00,0.00,0.00,0.00,0.00,0.00,,,,,0.00,0.00,,0.00,0.00
Teymoorian_et_al_2021,STA1,Surface Water,46.57575,-72.098125,2021,,,Unnamed_SPE_LCMS_MS,,,2.02,1.33,0.10,0.00,0.20,0.55,0.89,0.88,0.00,0.00,0.00,0.00,0.00,0.00,0.00,0.00,0.00,,1.16,0.06,0.43,1.25,0.00,0.00,,,,,,,0.00,0.00,0.00,,0.00,0.00,,0.00,0.00,0.00,0.00,0.00,0.00,0.00,0.00,,,,,0.00,0.00,,0.00,0.00
Teymoorian_et_al_2021,STA2,Surface Water,46.569129,-72.098872,2021,,,Unnamed_SPE_LCMS_MS,,,1.94,1.34,0.00,0.00,0.19,0.54,1.18,0.83,0.02,0.00,0.00,0.00,0.00,0.00,0.00,0.00,0.00,,1.25,0.09,0.53,1.89,0.00,0.00,,,,,,,0.00,0.00,0.00,,0.00,0.00,,0.00,0.00,0.00,0.00,0.00,0.00,0.00,0.00,,,,,0.00,0.00,,0.00,0.00
Teymoorian_et_al_2021,STA3,Surface Water,46.562646,-72.10002,2021,,,Unnamed_SPE_LCMS_MS,,,1.77,1.15,0.45,0.00,0.14,0.60,1.19,0.82,0.00,0.00,0.00,0.00,0.00,0.00,0.00,0.00,0.00,,1.14,0.07,0.43,1.75,0.00,0.00,,,,,,,0.00,0.00,0.00,,0.00,0.00,,0.00,0.00,0.00,0.00,0.00,0.00,0.00,0.00,,,,,0.00,0.00,,0.00,0.00
Teymoorian_et_al_2021,STAN1,Surface Water,47.715604,-69.924038,2021,,,Unnamed_SPE_LCMS_MS,,,0.69,0.55,0.13,0.00,0.06,0.15,0.54,0.28,0.00,0.00,0.00,0.00,0.00,0.00,0.00,0.00,0.00,,0.40,0.05,0.18,0.60,0.00,0.00,,,,,,,0.00,0.00,0.00,,0.00,0.00,,0.00,0.00,0.00,0.00,0.00,0.00,0.00,0.00,,,,,0.00,0.00,,0.00,0.00
Teymoorian_et_al_2021,STIR1,Surface Water,47.55815,-70.18045,2021,,,Unnamed_SPE_LCMS_MS,,,0.65,0.32,0.29,0.00,0.00,0.13,0.57,0.25,0.00,0.00,0.00,0.00,0.00,0.00,0.00,0.00,0.00,,0.39,0.03,0.14,0.55,0.00,0.00,,,,,,,0.00,0.00,0.00,,0.00,0.00,,0.00,0.00,0.00,0.00,0.00,0.00,0.00,0.00,,,,,0.00,0.00,,0.00,0.00
Teymoorian_et_al_2021,STJO1,Surface Water,47.445917,-70.300367,2021,,,Unnamed_SPE_LCMS_MS,,,0.98,0.00,0.03,0.00,0.00,0.31,0.45,0.39,0.00,0.00,0.00,0.00,0.00,0.00,0.00,0.00,0.00,,0.21,0.03,0.20,0.71,0.00,0.00,,,,,,,0.00,0.00,0.00,,0.00,0.00,,0.00,0.00,0.00,0.00,0.00,0.00,0.00,0.00,,,,,0.00,0.00,,0.00,0.00
Teymoorian_et_al_2021,STL1,Surface Water,44.899817,-75.145133,2021,,,Unnamed_SPE_LCMS_MS,,,2.53,2.07,0.26,0.00,0.29,0.71,1.51,0.99,0.02,0.00,0.00,0.00,0.00,0.00,0.00,0.00,0.00,,1.19,0.08,0.49,2.13,0.00,0.00,,,,,,,0.00,0.00,0.00,,0.00,0.00,,0.00,0.00,0.00,0.00,0.00,0.00,0.00,0.00,,,,,0.00,0.00,,0.00,0.00
Teymoorian_et_al_2021,STL1.5,Surface Water,44.958861,-74.987861,2021,,,Unnamed_SPE_LCMS_MS,,,2.64,2.09,0.20,0.00,0.27,0.75,1.60,1.01,0.03,0.00,0.00,0.00,0.00,0.00,0.00,0.00,0.00,,1.46,0.11,0.56,1.99,0.00,0.00,,,,,,,0.00,0.00,0.00,,0.00,0.00,,0.00,0.00,0.00,0.00,0.00,0.00,0.00,0.00,,,,,0.00,0.00,,0.00,0.00
Teymoorian_et_al_2021,STL2,Surface Water,45.005017,-74.76185,2021,,,Unnamed_SPE_LCMS_MS,,,2.64,2.01,0.74,0.00,0.21,0.69,1.48,0.83,0.03,0.00,0.00,0.00,0.00,0.00,0.00,0.00,0.00,,1.39,0.11,0.52,2.31,0.00,0.00,,,,,,,0.00,0.00,0.00,,0.00,0.00,,0.00,0.00,0.00,0.00,0.00,0.00,0.00,0.00,,,,,0.00,0.00,,0.00,0.00
Teymoorian_et_al_2021,STM1,Surface Water,46.349237,-72.527838,2021,,,Unnamed_SPE_LCMS_MS,,,0.12,0.14,0.03,0.00,0.09,0.00,0.20,0.24,0.00,0.00,0.00,0.00,0.00,0.00,0.00,0.00,0.00,,0.00,0.00,0.05,0.63,0.00,0.00,,,,,,,0.00,0.00,0.00,,0.00,0.00,,0.00,0.00,0.00,0.00,0.00,0.00,0.00,0.00,,,,,0.00,0.00,,0.00,0.00
Teymoorian_et_al_2021,STM2,Surface Water,46.345992,-72.529377,2021,,,Unnamed_SPE_LCMS_MS,,,1.39,1.15,0.00,0.00,0.15,0.51,0.85,0.51,0.00,0.00,0.00,0.00,0.00,0.00,0.00,0.00,0.00,,0.81,0.06,0.39,0.72,0.00,0.00,,,,,,,0.00,0.00,0.00,,0.00,0.00,,0.00,0.00,0.00,0.00,0.00,0.00,0.00,0.00,,,,,0.00,0.00,,0.00,0.00
Teymoorian_et_al_2021,STM3,Surface Water,46.340461,-72.520947,2021,,,Unnamed_SPE_LCMS_MS,,,2.43,1.39,0.31,0.00,0.31,0.65,1.42,0.94,0.00,0.00,0.00,0.00,0.00,0.00,0.00,0.00,0.00,,1.20,0.08,0.49,2.14,0.00,0.00,,,,,,,0.00,0.00,0.00,,0.00,0.00,,0.00,0.00,0.00,0.00,0.00,0.00,0.00,0.00,,,,,0.00,0.00,,0.00,0.00
Teymoorian_et_al_2021,STM4,Surface Water,46.336517,-72.518583,2021,,,Unnamed_SPE_LCMS_MS,,,2.79,2.06,0.12,0.00,0.32,0.73,1.59,1.12,0.02,0.00,0.00,0.00,0.00,0.00,0.00,0.00,0.00,,1.14,0.08,0.60,2.54,0.00,0.00,,,,,,,0.00,0.00,0.00,,0.00,0.00,,0.00,0.00,0.00,0.00,0.00,0.00,0.00,0.00,,,,,0.00,0.00,,0.00,0.00
Teymoorian_et_al_2021,TCL1,Surface Water,45.588744,-73.497937,2021,,,Unnamed_SPE_LCMS_MS,,,2.52,1.61,0.25,0.00,0.19,0.54,1.27,0.74,0.00,0.00,0.00,0.00,0.00,0.00,0.00,0.00,0.00,,1.20,0.07,0.42,1.68,0.00,0.00,,,,,,,0.00,0.00,0.00,,0.00,0.00,,0.00,0.00,0.00,0.00,0.00,0.00,0.00,0.00,,,,,0.00,0.00,,0.00,0.00
Teymoorian_et_al_2021,TCM1,Surface Water,45.7048,-73.478117,2021,,,Unnamed_SPE_LCMS_MS,,,0.30,0.36,0.07,0.00,0.13,0.05,0.52,0.84,0.00,0.00,0.00,0.00,0.00,0.00,0.00,0.00,0.00,,0.45,0.00,0.17,0.98,0.00,0.00,,,,,,,0.00,0.00,0.00,,0.00,0.00,,0.00,0.00,0.00,0.00,0.00,0.00,0.00,0.00,,,,,0.00,0.00,,0.00,0.00
Teymoorian_et_al_2021,TCM1_5,Surface Water,45.6665,-73.46425,2021,,,Unnamed_SPE_LCMS_MS,,,3.15,2.38,0.15,0.00,0.38,0.81,3.21,1.66,0.03,0.00,0.00,0.00,0.00,0.00,0.00,0.00,0.00,,2.97,0.12,0.99,2.97,0.00,0.00,,,,,,,0.00,0.00,0.00,,0.00,0.00,,0.00,0.00,0.00,0.00,0.00,0.00,0.00,0.00,,,,,0.00,0.00,,0.00,0.00
Teymoorian_et_al_2021,TCM2,Surface Water,45.712764,-73.444502,2021,,,Unnamed_SPE_LCMS_MS,,,1.93,1.49,0.08,0.00,0.23,0.62,1.46,0.87,0.03,0.00,0.00,0.00,0.00,0.00,0.00,0.00,0.00,,1.47,0.10,0.51,1.89,0.00,0.00,,,,,,,0.00,0.00,0.00,,0.00,0.00,,0.00,0.00,0.00,0.00,0.00,0.00,0.00,0.00,,,,,0.00,0.00,,0.00,0.00
Teymoorian_et_al_2021,TCM2_5,Surface Water,45.678933,-73.456733,2021,,,Unnamed_SPE_LCMS_MS,,,0.00,1.86,0.95,0.00,0.21,0.61,1.46,1.02,0.00,0.00,0.00,0.00,0.00,0.00,0.00,0.00,0.00,,1.23,0.09,0.48,1.77,0.00,0.00,,,,,,,0.00,0.00,0.00,,0.00,0.00,,0.00,0.00,0.00,0.00,0.00,0.00,0.00,0.00,,,,,0.00,0.00,,0.00,0.00
Teymoorian_et_al_2021,TCM3,Surface Water,45.703167,-73.444867,2021,,,Unnamed_SPE_LCMS_MS,,,2.61,1.89,0.23,0.00,0.31,0.74,1.60,0.88,0.03,0.00,0.00,0.00,0.00,0.00,0.00,0.00,0.00,,1.24,0.08,0.56,1.52,0.00,0.00,,,,,,,0.00,0.00,0.00,,0.00,0.00,,0.00,0.00,0.00,0.00,0.00,0.00,0.00,0.00,,,,,0.00,0.00,,0.00,0.00
Teymoorian_et_al_2021,THI_01,Surface Water,44.213225,-76.545683,2021,,,Unnamed_SPE_LCMS_MS,,,2.78,3.06,0.33,0.00,0.30,0.93,3.30,2.58,0.00,0.00,0.00,2.56,0.00,0.00,0.00,0.00,0.00,,4.20,0.16,1.09,4.15,0.00,0.00,,,,,,,0.00,0.00,0.00,,0.00,0.00,,0.00,0.00,0.00,0.00,0.00,0.00,0.00,0.00,,,,,0.00,0.00,,0.00,0.00
Teymoorian_et_al_2021,THI_02,Surface Water,44.240247,-76.418039,2021,,,Unnamed_SPE_LCMS_MS,,,3.01,2.43,0.19,0.07,0.45,0.97,1.77,1.17,0.05,0.00,0.00,0.00,0.00,0.00,0.00,0.00,0.00,,1.93,0.18,0.68,2.35,0.00,0.00,,,,,,,0.00,0.00,0.00,,0.00,0.00,,0.00,0.00,0.00,0.00,0.00,0.00,0.00,0.00,,,,,0.00,0.00,,0.00,0.00
Teymoorian_et_al_2021,THI_03,Surface Water,44.259283,-76.378431,2021,,,Unnamed_SPE_LCMS_MS,,,2.79,2.30,0.16,0.03,0.42,0.92,2.34,1.19,0.05,0.00,0.00,0.00,0.00,0.00,0.00,0.00,0.00,,2.16,0.15,0.70,2.59,0.00,0.00,,,,,,,0.00,0.00,0.00,,0.00,0.00,,0.00,0.00,0.00,0.00,0.00,0.00,0.00,0.00,,,,,0.00,0.00,,0.00,0.00
Teymoorian_et_al_2021,THI_04,Surface Water,44.303414,-76.196936,2021,,,Unnamed_SPE_LCMS_MS,,,2.56,2.65,0.18,0.04,0.44,0.97,2.46,1.25,0.05,0.00,0.00,0.00,0.00,0.00,0.00,0.00,0.00,,2.23,0.16,0.68,2.97,0.00,0.00,,,,,,,0.00,0.00,0.00,,0.00,0.09,,0.00,0.00,0.00,0.00,0.00,0.00,0.00,0.00,,,,,0.00,0.00,,0.00,0.00
Teymoorian_et_al_2021,THI_05,Surface Water,44.323247,-76.166836,2021,,,Unnamed_SPE_LCMS_MS,,,1.90,1.51,0.10,0.00,0.28,0.60,1.20,0.78,0.03,0.00,0.00,0.00,0.00,0.10,0.00,0.00,0.00,,0.91,0.09,0.49,0.85,0.00,0.00,,,,,,,0.00,0.00,0.00,,0.00,0.00,,0.00,0.00,0.00,0.00,0.00,0.00,0.00,0.00,,,,,0.00,0.00,,0.00,0.00
Teymoorian_et_al_2021,THI_06,Surface Water,44.324406,-76.158958,2021,,,Unnamed_SPE_LCMS_MS,,,3.07,2.51,0.22,0.07,0.39,0.98,3.14,1.20,0.03,0.00,0.00,0.00,0.00,0.00,0.00,0.00,0.00,,2.31,0.17,0.65,2.28,0.00,0.00,,,,,,,0.00,0.00,0.00,,0.00,0.09,,0.00,0.00,0.00,0.00,0.00,0.00,0.00,0.00,,,,,0.00,0.00,,0.00,0.00
Teymoorian_et_al_2021,THI_07,Surface Water,44.483978,-75.826772,2021,,,Unnamed_SPE_LCMS_MS,,,1.67,1.69,0.17,0.00,0.29,0.63,1.39,0.86,0.03,0.00,0.00,0.00,0.00,0.00,0.00,0.00,0.00,,1.19,0.09,0.45,1.67,0.00,0.00,,,,,,,0.00,0.00,0.00,,0.00,0.00,,0.00,0.00,0.00,0.00,0.00,0.00,0.00,0.00,,,,,0.00,0.00,,0.00,0.00
Teymoorian_et_al_2021,TRA1,Surface Water,45.996917,-73.187017,2021,,,Unnamed_SPE_LCMS_MS,,,0.79,0.67,0.04,0.00,0.14,0.25,1.22,0.65,0.00,0.00,0.00,0.00,0.00,0.00,0.00,0.00,0.00,,0.86,0.02,0.25,0.77,0.00,0.00,,,,,,,0.00,0.00,0.00,,0.00,0.00,,0.00,0.00,0.00,0.00,0.00,0.00,0.00,0.00,,,,,0.00,0.00,,0.00,0.00
Teymoorian_et_al_2021,TRA2,Surface Water,45.996392,-73.183399,2021,,,Unnamed_SPE_LCMS_MS,,,1.89,1.44,0.13,0.00,0.22,0.65,1.15,0.73,0.03,0.00,0.00,0.00,0.00,0.11,0.00,0.00,0.00,,0.97,0.07,0.46,1.29,0.00,0.00,,,,,,,0.00,0.00,0.00,,0.00,0.00,,0.00,0.00,0.00,0.00,0.00,0.00,0.00,0.00,,,,,0.00,0.00,,0.00,0.00
Teymoorian_et_al_2021,TRA3,Surface Water,45.995608,-73.17874,2021,,,Unnamed_SPE_LCMS_MS,,,2.61,1.83,0.17,0.00,0.28,0.80,1.61,0.95,0.03,0.00,0.00,0.00,0.00,0.00,0.00,0.00,0.00,,1.09,0.10,0.54,2.19,0.00,0.00,,,,,,,0.00,0.00,0.00,,0.00,0.00,,0.00,0.00,0.00,0.00,0.00,0.00,0.00,0.00,,,,,0.00,0.00,,0.00,0.00
Teymoorian_et_al_2021,IRQ_1,Surface Water,44.581117,-75.679583,2021,,,Unnamed_SPE_LCMS_MS,,,2.93,2.32,0.24,0.04,0.37,0.95,1.78,1.24,0.04,0.00,0.00,0.00,0.00,0.00,0.00,0.00,0.00,,1.67,0.16,0.70,2.95,0.00,0.00,,,,,,,0.00,0.00,0.00,,0.00,0.00,,0.00,0.00,0.00,0.00,0.00,0.00,0.00,0.00,,,,,0.00,0.00,,0.00,0.00
Teymoorian_et_al_2021,IRQ2,Surface Water,44.81975,-75.315517,2021,,,Unnamed_SPE_LCMS_MS,,,3.31,2.23,0.23,0.00,0.40,0.75,1.48,1.09,0.04,0.00,0.00,0.00,0.00,0.00,0.00,0.00,0.00,,1.50,0.11,0.54,1.92,0.00,0.00,,,,,,,0.00,0.00,0.00,,0.00,0.00,,0.00,0.00,0.00,0.00,0.00,0.00,0.00,0.00,,,,,0.00,0.00,,0.00,0.00
