Article (Author et al YYYY),Sample Name,Sample Type,Latitude,Longitude,Sampling Year,Sample Date (MM/DD/YYY),Sample Time,Analysis Method,Streamflow (m3/s),Sampling Depth (m),PFOS,PFOA,FBSA,PFDA,PFNA,PFHxS,PFHxA,PFHpA,PFHpS,GenX,4:2 FTS,6:2 FTS,8:2 FTS,10:2 FTS,3:3 FTCA,5:3 FTCA,7:3 FTCA,PFPA,PFPeA,PFPeS,PFBS,PFBA,PFMOPrA,PFMOBA,PFMOAA,PFO2HxA,PFO3OA,PFO4DA,PFESA BP 1,PFESA BP 2,PFDoS,PFUnDA,FOSAA,N-MeFOSE,NMeFOSAA,NMeFOSA,N-EtFOSE,NEtFOSAA,N-EtFOSA,PFDS,PFTeDA,PFHxDA,PFNS,PFTrDA,PFDoA,PFOSA,9-Cl-PF3ONS,11-Cl-PF3OUdS,PFECA-G,ADONA,PFEESA,NFDHA
WQP_USA_2026,21FLCEN_WQX-G4CE0144,Surface Water,27.91292,-81.35394,2025,6/18/2025,,Unnamed_SPE_LCMS_MS,,,2,5.7,0.78,3.9,2,1.3,,3.8,0.78,3.9,2,7.8,2,,7.8,,,,6.6,0.39,11,9.9,0.78,0.78,,,,,,,,2,,,0.78,,,0.78,,0.39,2,,0.39,2,3.4,0.39,2,2,,0.39,0.78,7.8
WQP_USA_2026,21FLCEN_WQX-G4CE0206,Surface Water,27.89404,-81.353739,2025,6/18/2025,,Unnamed_SPE_LCMS_MS,,,2,5.7,0.8,4,2,1.2,,3.3,0.8,4,2,8,2,,8,,,,6.7,0.4,9.9,8.5,0.8,0.8,,,,,,,,2,,,0.8,,,0.8,,0.4,2,,0.4,2,3.5,0.4,2,2,,0.4,0.8,8
WQP_USA_2026,21FLCEN_WQX-G4CE0248,Surface Water,27.86965599,-81.346961,2025,6/18/2025,,Unnamed_SPE_LCMS_MS,,,46,280,3.4,4,13,33,,200,2,4,2,7.9,2,,7.9,,,,320,4.8,520,130,0.79,0.79,,,,,,,,2,,,0.87,,,0.79,,0.4,2,,0.4,2,116,0.4,2,2,,0.4,0.79,7.9
WQP_USA_2026,21FLCEN_WQX-G4CE0258,Surface Water,27.87347732,-81.34875629,2025,6/18/2025,,Unnamed_SPE_LCMS_MS,,,3.7,13,0.82,4.1,2,2.2,,8.2,0.82,4.1,2,8.2,2,,8.2,,,,15,0.41,25,15,0.82,0.82,,,,,,,,2,,,0.82,,,0.82,,0.41,2,,0.41,2,6.5,0.41,2,2,,0.41,0.82,8.2
WQP_USA_2026,21FLCEN_WQX-G4CE0259,Surface Water,27.87435252,-81.34838763,2025,6/18/2025,,Unnamed_SPE_LCMS_MS,,,2.4,5.9,0.76,3.8,1.9,1.1,,3.8,0.76,3.8,1.9,7.6,1.9,,7.6,,,,7.2,0.38,11,8.3,0.76,0.76,,,,,,,,1.9,,,0.76,,,0.76,,0.38,1.9,,0.38,1.9,3.55,0.38,1.9,1.9,,0.38,0.76,7.6
WQP_USA_2026,21FLCEN_WQX-G4CE0260,Surface Water,27.89547399,-81.370102,2025,6/18/2025,,Unnamed_SPE_LCMS_MS,,,2.1,4.9,0.79,4,2,1,,2.6,0.79,4,2,7.9,2,,7.9,,,,5.5,0.4,9,6.9,0.79,0.79,,,,,,,,2,,,0.79,,,0.79,,0.4,2,,0.4,2,2.95,0.4,2,2,,0.4,0.79,7.9
WQP_USA_2026,21FLCEN_WQX-G4CE0261,Surface Water,27.90197799,-81.372798,2025,6/18/2025,,Unnamed_SPE_LCMS_MS,,,1.9,4.5,0.78,3.9,1.9,1.1,,2.5,0.78,3.9,1.9,7.8,1.9,,7.8,,,,5.6,0.39,7.7,7.2,0.78,0.78,,,,,,,,1.9,,,0.78,,,0.78,,0.39,1.9,,0.39,1.9,2.75,0.39,1.9,1.9,,0.39,0.78,7.8
WQP_USA_2026,21FLCEN_WQX-G4CE0262,Surface Water,27.90558909,-81.3718824,2025,6/18/2025,,Unnamed_SPE_LCMS_MS,,,2,5.2,0.81,4,2,1.1,,2.8,0.81,4,2,8.1,2,,8.1,,,,5.6,0.4,9.4,7.9,0.81,0.81,,,,,,,,2,,,0.81,,,0.81,,0.4,2,,0.4,2,3,0.4,2,2,,0.4,0.81,8.1
WQP_USA_2026,SOUTHUTE-AR 10-8,Surface Water,37.126944,-107.891944,2025,6/16/2025,,EPA 1633,,,,,,,,,,,,0,,0,0,,0,0,0,,,,,,,,,,,,,,,,,35.7,,25.7,,0,37.9,,,,,,,0,0.34,0,,0,,
WQP_USA_2026,SOUTHUTE-AR 15-4,Surface Water,37.187051,-107.878685,2025,6/16/2025,,EPA 1633,,,,,,,,,,,,0,,0,0,,0,0,0,,,,,,,,,,,,,,,,,36.2,,27.9,,0,36.95,,,,,,,0,0.36,0,,0,,
WQP_USA_2026,SOUTHUTE-AR 2-7,Surface Water,37.03226,-107.8754,2025,6/16/2025,,EPA 1633,,,,,,,,,,,,0,,0,0,,0,0,0,,,,,,,,,,,,,,,,,35.8,,26.7,,0,38,,,,,,,0,0.38,0,,0,,
WQP_USA_2026,SOUTHUTE-FLR 1-2,Surface Water,37.062072,-107.867906,2025,6/16/2025,,EPA 1633,,,,,,,,,,,,0,,0,0,,0,0,0,,,,,,,,,,,,,,,,,28.55,,21.9,,0,31.7,,,,,,,0.41,0.8,0,,0,,
WQP_USA_2026,AZDEQ_SW-SRCHE000.01_112011,Surface Water,33.91355,-110.90587,2025,5/29/2025,,EPA 1633,,,0,0,,0,0,0,0,0,0,0,0,0,0,,0,,,,0,0,0,,0,0,,,,,,,0,0,,0,0,0,0,0,0,0,0,,0,0,0,0,0,0,,0,0,0
WQP_USA_2026,AZDEQ_SW-VRWBV006.38_112012,Surface Water,34.645914,-111.7533521,2025,5/28/2025,,EPA 1633,,,0,0,,0,0,0,0,0,0,0,0,0,0,,0,,,,0,0,0,,0,0,,,,,,,0,0,,0,0,0,0,0,0,0,0,,0,0,0,0,0,0,,0,0,0
WQP_USA_2026,AZDEQ_SW-UGSFR033.99_111997,Surface Water,33.20795,-109.1521,2025,5/13/2025,,EPA 1633,,,0,0,,0,0,0,0,0,0,0,0,0,0,,0,,,,0,0,8.3,,0,0,,,,,,,0,0,,0,0,0,0,0,0,0,0,,0,0,0,0,0,0,,0,0,0
WQP_USA_2026,AZDEQ_SW-SPSPR141.75_112004,Surface Water,31.47057,-110.10894,2025,4/23/2025,,EPA 1633,,,0,0,,0,0,0,0,0,0,0,0,0,0,,0,,,,0,0,0,,0,0,,,,,,,0,0,,0,0,0,0,0,0,0,0,,0,0,0,0,0,0,,0,0,0
WQP_USA_2026,GLEC-10012,Surface Water,36.80573,-114.03293,2025,4/21/2025,,EPA 1633,,,0.56,1.2,,0,0,0.49,1.7,0.55,0,0,0,0,0,,0,,,,2.4,0,1.4,2.1,0,0,,,,,,,0,0,,0,0,0,,0,0,0,0,,0,0,0,0,0,0,,0,0,0
WQP_USA_2026,GLEC-10129,Surface Water,34.74043,-114.5197,2025,4/21/2025,,EPA 1633,,,0.57,1.1,,0,0.48,0,0.77,0.42,0,0,0,0,0,,0,,,,1.3,0,0,2.3,0,0,,,,,,,0,0,,0,0,0,,0,0,0,0,,0,0,0,0,0,0,,0,0,0
WQP_USA_2026,GLEC-10135,Surface Water,33.48711,-114.59878,2025,4/21/2025,,EPA 1633,,,0.71,1.1,,0,0.56,0,0.89,0.47,0,0,0,0,0,,0,,,,1.5,0,0.56,2.4,0,0,,,,,,,0,0,,0,0,0,,0,0,0,0,,0,0,0,0,0,0,,0,0,0
WQP_USA_2026,GLEC-10010,Surface Water,34.90988,-111.72787,2025,4/20/2025,,EPA 1633,,,0,0,,0,0,0,0,0,0,0,0,0,0,,0,,,,0,0,0,0,0,0,,,,,,,0,0,,0,0,0,,0,0,0,0,,0,0,0,0,0,0,,0,0,0
WQP_USA_2026,GLEC-20195,Surface Water,34.40335875,-111.6174861,2025,4/20/2025,,EPA 1633,,,0,0,,0,0,0,0,0,0,0,0,0,0,,0,,,,0,0,0,0,0,0,,,,,,,0,0,,0,0,0,,0,0,0,0,,0,0,0,0,0,0,,0,0,0
WQP_USA_2026,GLEC-20083,Surface Water,34.53840644,-111.6845951,2025,4/19/2025,,EPA 1633,,,0,0,,0,0,0,0,0,0,0,0,0,0,,0,,,,0,0,0,0,0,0,,,,,,,0,0,,0,0,0,,0,0,0,0,,0,0,0,0,0,0,,0,0,0
WQP_USA_2026,GLEC-20425,Surface Water,34.51827839,-111.7419495,2025,4/19/2025,,EPA 1633,,,0,0,,0,0,0,0,0,0,0,0,0,0,,0,,,,0,0,0,0,0,0,,,,,,,0,0,,0,0,0,,0,0,0,0,,0,0,0,0,0,0,,0,0,0
WQP_USA_2026,GLEC-20465,Surface Water,34.51209936,-111.8223842,2025,4/19/2025,,EPA 1633,,,0,0,,0,0,0,0,0,0,0,0,0,0,,0,,,,0,0,0,0,0,0,,,,,,,0,0,,0,0,0,,0,0,0,0,,0,0,0,0,0,0,,0,0,0
WQP_USA_2026,GLEC-20266,Surface Water,34.24171142,-111.4535114,2025,4/18/2025,,EPA 1633,,,1.6,4.7,,0,0.73,1,3.5,0.9,0,0,0,0,0,,0,,,,4,0,1.9,2.3,0,0,,,,,,,0,0,,0,0,0,,0,0,0,0,,0,0,0,0,0,0,,0,0,0
WQP_USA_2026,GLEC-20485,Surface Water,33.80567225,-111.4815466,2025,4/18/2025,,EPA 1633,,,0,0,,0,0,0.46,0,0,0,0,0,0,0,,0,,,,0,0,2,0,0,0,,,,,,,0,0,,0,0,0,,0,0,0,0,,0,0,0,0,0,0,,0,0,0
WQP_USA_2026,21FLCEN_WQX-G4CE0144,Surface Water,27.91292,-81.35394,2025,4/17/2025,,Unnamed_SPE_LCMS_MS,,,2.1,6.2,0.83,4.2,2.1,1.2,,3.9,0.83,4.2,2.1,8.3,2.1,,8.3,,,,8.5,0.42,11,10,0.83,0.83,,,,,,,,2.1,,,0.83,,,0.83,,0.42,2.1,,0.42,2.1,3.8,0.42,2.1,2.1,,0.42,0.83,8.3
WQP_USA_2026,21FLCEN_WQX-G4CE0206,Surface Water,27.89404,-81.353739,2025,4/17/2025,,Unnamed_SPE_LCMS_MS,,,2,6.1,0.8,4,2,1.1,,3.7,0.8,4,2,8,2,,8,,,,7.7,0.4,11,9.3,0.8,0.8,,,,,,,,2,,,0.8,,,0.8,,0.4,2,,0.4,2,3.4,0.4,2,2,,0.4,0.8,8
WQP_USA_2026,21FLCEN_WQX-G4CE0248,Surface Water,27.86965599,-81.346961,2025,4/17/2025,,Unnamed_SPE_LCMS_MS,,,17,310,1.6,4,3.8,40,,220,1.8,4,2,8,2,,8,,,,280,5.6,590,130,0.8,0.8,,,,,,,,2,,,0.8,,,0.8,,0.4,2,,0.4,2,116,0.4,2,2,,0.4,0.8,8
WQP_USA_2026,21FLCEN_WQX-G4CE0258,Surface Water,27.87347732,-81.34875629,2025,4/17/2025,,Unnamed_SPE_LCMS_MS,,,2.6,9.8,0.81,4.1,2,1.8,,6.6,0.81,4.1,2,8.1,2,,8.1,,,,11,0.41,18,11,0.81,0.81,,,,,,,,2,,,0.81,,,0.81,,0.41,2,,0.41,2,5.3,0.41,2,2,,0.41,0.81,8.1
WQP_USA_2026,21FLCEN_WQX-G4CE0259,Surface Water,27.87435252,-81.34838763,2025,4/17/2025,,Unnamed_SPE_LCMS_MS,,,2,10,0.8,4,2,1.8,,6.3,0.8,4,2,8,2,,8,,,,12,0.48,20,11,0.8,0.8,,,,,,,,2,,,0.8,,,0.8,,0.4,2,,0.4,2,5.7,0.4,2,2,,0.4,0.8,8
WQP_USA_2026,21FLCEN_WQX-G4CE0260,Surface Water,27.89547399,-81.370102,2025,4/17/2025,,Unnamed_SPE_LCMS_MS,,,2,5.2,0.8,4,2,0.83,,3.5,0.8,4,2,8,2,,8,,,,7.4,0.4,9.5,9,0.8,0.8,,,,,,,,2,,,0.8,,,0.8,,0.4,2,,0.4,2,3.2,0.4,2,2,,0.4,0.8,8
WQP_USA_2026,21FLCEN_WQX-G4CE0261,Surface Water,27.90197799,-81.372798,2025,4/17/2025,,Unnamed_SPE_LCMS_MS,,,2.1,6.2,0.83,4.2,2.1,1.2,,4.1,0.83,4.2,2.1,8.3,2.1,,8.3,,,,8.3,0.42,13,10,0.83,0.83,,,,,,,,2.1,,,0.83,,,0.83,,0.42,2.1,,0.42,2.1,3.95,0.42,2.1,2.1,,0.42,0.83,8.3
WQP_USA_2026,21FLCEN_WQX-G4CE0262,Surface Water,27.90558909,-81.3718824,2025,4/17/2025,,Unnamed_SPE_LCMS_MS,,,2,5,0.82,4.1,2,0.92,,3.9,0.82,4.1,2,8.2,2,,8.2,,,,7.2,0.41,11,9,0.82,0.82,,,,,,,,2,,,0.82,,,0.82,,0.41,2,,0.41,2,3.6,0.41,2,2,,0.41,0.82,8.2
WQP_USA_2026,GLEC-20177,Surface Water,32.76890662,-109.1595159,2025,4/17/2025,,EPA 1633,,,0,0,,0,0,0,0,0,0,0,0,0,0,,0,,,,0,0,8.3,0,0,0,,,,,,,0,0,,0,0,0,,0,0,0,0,,0,0,0,0,0,0,,0,0,0
WQP_USA_2026,GLEC-20532,Surface Water,33.2920045,-109.1956398,2025,4/17/2025,,EPA 1633,,,0,0,,0,0,0,0,0,0,0,0,0,0,,0,,,,0,0,18,0,0,0,,,,,,,0,0,,0,0,0,,0,0,0,0,,0,0,0,0,0,0,,0,0,0
WQP_USA_2026,GLEC-20069,Surface Water,31.61155916,-110.166736,2025,4/16/2025,,EPA 1633,,,0,0,,0,0,0,0,0,0,0,0,0,0,,0,,,,0,0,0,0,0,0,,,,,,,0,0,,0,0,0,,0,0,0,0,,0,0,0,0,0,0,,0,0,0
WQP_USA_2026,GLEC-20110,Surface Water,34.35061706,-111.2850795,2025,4/16/2025,,EPA 1633,,,0,0,,0,0,0,0,0,0,0,0,0,0,,0,,,,0,0,0,0,0,0,,,,,,,0,0,,0,0,0,,0,0,0,0,,0,0,0,0,0,0,,0,0,0
WQP_USA_2026,GLEC-20385,Surface Water,31.55029839,-110.1367885,2025,4/16/2025,,EPA 1633,,,0.39,0,,0,0,0,0,0,0,0,0,0,0,,0,,,,0,0,0.67,0,0,0,,,,,,,0,0,,0,0,0,,0,0,0,0,,0,0,0,0,0,0,,0,0,0
WQP_USA_2026,GLEC-20531,Surface Water,32.6991302,-109.7879804,2025,4/16/2025,,EPA 1633,,,0,0,,0,0,0,0,0,0,0,0,0,0,,0,,,,0,0,0.99,0,0,0,,,,,,,0,0,,0,0,0,,0,0,0,0,,0,0,0,0,0,0,,0,0,0
WQP_USA_2026,GLEC-20279,Surface Water,32.85892104,-110.7287862,2025,4/15/2025,,EPA 1633,,,0,0,,0,0,0,0,0,0,0,0,0,0,,0,,,,0,0,2.3,0,0,0,,,,,,,0,0,,0,0,0,,0,0,0,0,,0,0,0,0,0,0,,0,0,0
WQP_USA_2026,SOUTHUTE-AR 10-8,Surface Water,37.126944,-107.891944,2025,4/8/2025,,EPA 1633,,,,,,,,,,,,,,0.38,,,,,,,,,,,,,,,,,,,,,,62.4,,20.7,,,56.8,,,,,,,,,,,,,
WQP_USA_2026,SOUTHUTE-AR 15-4,Surface Water,37.187051,-107.878685,2025,4/8/2025,,EPA 1633,,,,,,,,,,,,,,0.37,,,,,,,,,,,,,,,,,,,,,,60.8,,21.5,,,59,,,,,,,0.44,,,,,,
WQP_USA_2026,SOUTHUTE-AR 2-7,Surface Water,37.03226,-107.8754,2025,4/8/2025,,EPA 1633,,,,,,,,,,,,,,0.37,,,,,,,,,,,,,,,,,,,,,,68.8,,23.6,,,60.6,,,,,,,,,,,,,
WQP_USA_2026,SOUTHUTE-FLR 1-2,Surface Water,37.062072,-107.867906,2025,4/8/2025,,EPA 1633,,,,,,,,,,,,,,0.38,,,,,,,,,,,,,,,,,,,,,,70.3,,25.4,,,68.4,,,,,,,,3.4,,,,,
WQP_USA_2026,21FLCEN_WQX-G4CE0144,Surface Water,27.91292,-81.35394,2025,2/18/2025,,Unnamed_SPE_LCMS_MS,,,2,5.4,0.8,4,2,1.3,,3.5,0.8,4,2,8,2,,8,,,,7.2,0.5,9.9,8.4,0.8,0.8,,,,,,,,2,,,0.8,,,0.8,,0.4,2,,0.4,2,3.45,0.4,2,2,,0.4,0.8,8
WQP_USA_2026,21FLCEN_WQX-G4CE0206,Surface Water,27.89404,-81.353739,2025,2/18/2025,,Unnamed_SPE_LCMS_MS,,,2,5.1,0.8,4,2,1.3,,3.9,0.8,4,2,8,2,,8,,,,7.1,0.48,11,8.2,0.8,0.8,,,,,,,,2,,,0.8,,,0.8,,0.4,2,,0.4,2,3.8,0.4,2,2,,0.4,0.8,8
WQP_USA_2026,21FLCEN_WQX-G4CE0248,Surface Water,27.86965599,-81.346961,2025,2/18/2025,,Unnamed_SPE_LCMS_MS,,,30,270,2,3.8,11,33,,180,1.9,3.8,1.9,7.5,1.9,,7.5,,,,280,5.3,510,120,0.75,0.75,,,,,,,,1.9,,,0.75,,,0.75,,0.38,1.9,,0.38,1.9,115.95,0.38,1.9,1.9,,0.38,0.75,7.5
WQP_USA_2026,21FLCEN_WQX-G4CE0258,Surface Water,27.87347732,-81.34875629,2025,2/18/2025,,Unnamed_SPE_LCMS_MS,,,2,7,0.8,4,2,1.6,,4.7,0.8,4,2,8,2,,8,,,,9.6,0.4,15,8.9,0.8,0.8,,,,,,,,2,,,0.8,,,0.8,,0.4,2,,0.4,2,4.5,0.4,2,2,,0.4,0.8,8
WQP_USA_2026,21FLCEN_WQX-G4CE0259,Surface Water,27.87435252,-81.34838763,2025,2/18/2025,,Unnamed_SPE_LCMS_MS,,,2,6.7,0.8,4,2,1.4,,3.9,0.8,4,2,8,2,,8,,,,8.7,0.44,13,9.1,0.8,0.8,,,,,,,,2,,,0.8,,,0.8,,0.4,2,,0.4,2,3.85,0.4,2,2,,0.4,0.8,8
WQP_USA_2026,21FLCEN_WQX-G4CE0260,Surface Water,27.89547399,-81.370102,2025,2/18/2025,,Unnamed_SPE_LCMS_MS,,,2,4.9,0.8,4,2,0.98,,3.5,0.8,4,2,8,2,,8,,,,7.1,0.45,9.7,7.6,0.8,0.8,,,,,,,,2,,,0.8,,,0.8,,0.4,2,,0.4,2,3.2,0.4,2,2,,0.4,0.8,8
WQP_USA_2026,21FLCEN_WQX-G4CE0261,Surface Water,27.90197799,-81.372798,2025,2/18/2025,,Unnamed_SPE_LCMS_MS,,,2,5.5,0.8,4,2,1.1,,3.8,0.8,4,2,8,2,,8,,,,7.8,0.49,11,8.2,0.8,0.8,,,,,,,,2,,,0.8,,,0.8,,0.4,2,,0.4,2,3.65,0.4,2,2,,0.4,0.8,8
WQP_USA_2026,21FLCEN_WQX-G4CE0262,Surface Water,27.90558909,-81.3718824,2025,2/18/2025,,Unnamed_SPE_LCMS_MS,,,2,2.4,0.8,4,2,0.87,,2,0.8,4,2,8,2,,8,,,,3.3,0.4,2.9,6.1,0.8,0.8,,,,,,,,2,,,0.8,,,0.8,,0.4,2,,0.4,2,2,0.4,2,2,,0.4,0.8,8
WQP_USA_2026,21FLCEN_WQX-G4CE0144,Surface Water,27.91292,-81.35394,2024,12/18/2024,,Unnamed_SPE_LCMS_MS,,,2,4.6,0.8,4,2,1.1,,3.1,0.8,4,2,16,2,,8,,,,6.4,0.4,11,6.7,0.8,0.8,,,,,,,,2,,,0.8,,,0.8,,0.4,2,,0.4,2,3.15,0.4,2,2,,0.4,0.8,8
WQP_USA_2026,21FLCEN_WQX-G4CE0206,Surface Water,27.89404,-81.353739,2024,12/18/2024,,Unnamed_SPE_LCMS_MS,,,2,4.2,0.8,4,2,1.1,,3,0.8,4,2,16,2,,8,,,,6,0.4,10,7,0.8,0.8,,,,,,,,2,,,0.8,,,0.8,,0.4,2,,0.4,2,3.1,0.4,2,2,,0.4,0.8,8
WQP_USA_2026,21FLCEN_WQX-G4CE0258,Surface Water,27.87347732,-81.34875629,2024,12/18/2024,,Unnamed_SPE_LCMS_MS,,,1.9,7.9,0.75,3.8,1.9,1.6,,5.7,0.75,3.8,1.9,15,1.9,,7.5,,,,11,0.38,19,9.2,0.75,0.75,,,,,,,,1.9,,,0.75,,,0.75,,0.38,1.9,,0.38,1.9,4.7,0.38,1.9,1.9,,0.38,0.75,7.5
WQP_USA_2026,21FLCEN_WQX-G4CE0259,Surface Water,27.87435252,-81.34838763,2024,12/18/2024,,Unnamed_SPE_LCMS_MS,,,2,7.6,0.8,4,2,1.8,,5.3,0.8,4,2,16,2,,8,,,,10,0.4,18,9.4,0.8,0.8,,,,,,,,2,,,0.8,,,0.8,,0.4,2,,0.4,2,4.65,0.4,2,2,,0.4,0.8,8
WQP_USA_2026,21FLCEN_WQX-G4CE0260,Surface Water,27.89547399,-81.370102,2024,12/18/2024,,Unnamed_SPE_LCMS_MS,,,1.8,4.3,0.73,3.6,1.8,0.88,,3.1,0.73,3.6,1.8,15,1.8,,7.3,,,,6.1,0.36,10,7.4,0.73,0.73,,,,,,,,1.8,,,0.73,,,0.73,,0.36,1.8,,0.36,1.8,3,0.36,1.8,1.8,,0.36,0.73,7.3
WQP_USA_2026,21FLCEN_WQX-G4CE0261,Surface Water,27.90197799,-81.372798,2024,12/18/2024,,Unnamed_SPE_LCMS_MS,,,1.9,3.8,0.75,3.8,1.9,0.87,,2.5,0.75,3.8,1.9,15,1.9,,7.5,,,,6,0.38,9.3,6.5,0.75,0.75,,,,,,,,1.9,,,0.75,,,0.75,,0.38,1.9,,0.38,1.9,2.9,0.38,1.9,1.9,,0.38,0.75,7.5
WQP_USA_2026,21FLCEN_WQX-G4CE0262,Surface Water,27.90558909,-81.3718824,2024,12/18/2024,,Unnamed_SPE_LCMS_MS,,,1.8,3.4,0.74,3.7,1.8,0.88,,2.5,0.74,3.7,1.8,15,1.8,,7.4,,,,5.3,0.37,8.2,6.1,0.74,0.74,,,,,,,,1.8,,,0.74,,,0.74,,0.37,1.8,,0.37,1.8,2.6,0.37,1.8,1.8,,0.37,0.74,7.4
WQP_USA_2026,GLEC-10073,Surface Water,34.8938,-112.88126,2024,11/9/2024,,EPA 1633,,,0,0,,0,0,0,0,0,0,0,0,0,0,,0,,,,0,0,0,0,0,0,,,,,,,0,0,,0,0,0,,0,0,0,0,,0,0,0,0,0,0,,0,0,0
WQP_USA_2026,GLEC-10121,Surface Water,35.9483,-114.73015,2024,11/9/2024,,EPA 1633,,,0,0,,0,0,0,0,0,0,0,0,0,0,,0,,,,0,0,0,0,0,0,,,,,,,0,0,,0,0,0,,0,0,0,0,,0,0,0,0,0,0,,0,0,0
WQP_USA_2026,GLEC-10107,Surface Water,34.26614,-114.02069,2024,11/8/2024,,EPA 1633,,,0,0,,0,0,0,0,0,0,0,0,0,0,,0,,,,0,0,5.1,0,0,0,,,,,,,0,0,,0,0,0,,0,0,0,0,,0,0,0,0,0,0,,0,0,0
WQP_USA_2026,GLEC-10061,Surface Water,33.48702,-114.5986,2024,11/7/2024,,EPA 1633,,,0,0,,0,0,0,0,0,0,0,0,0,0,,0,,,,0,0,0,0,0,0,,,,,,,0,0,,0,0,0,,0,0,0,0,,0,0,0,0,0,0,,0,0,0
WQP_USA_2026,GLEC-10124,Surface Water,33.25861,-114.67224,2024,11/7/2024,,EPA 1633,,,0,0,,0,0,0,0,0,0,0,0,0,0,,0,,,,0,0,0,0,0,0,,,,,,,0,0,,0,0,0,,0,0,0,0,,0,0,0,0,0,0,,0,0,0
WQP_USA_2026,GLEC-10054,Surface Water,32.72092,-114.56576,2024,11/6/2024,,EPA 1633,,,0,0,,0,0,0,0,0,0,0,0,0,0,,0,,,,0,0,0,0,0,0,,,,,,,0,0,,0,0,0,,0,0,0,0,,0,0,0,0,0,0,,0,0,0
WQP_USA_2026,GLEC-10064,Surface Water,32.98995,-114.49694,2024,11/6/2024,,EPA 1633,,,0,0,,0,0,0,0,0,0,0,0,0,0,,0,,,,0,0,0,0,0,0,,,,,,,0,0,,0,0,0,,0,0,0,0,,0,0,0,0,0,0,,0,0,0
WQP_USA_2026,GLEC-10114,Surface Water,32.74077,-114.53131,2024,11/6/2024,,EPA 1633,,,0,0,,0,0,0,0,0,0,0,0,0,0,,0,,,,0,0,0,0,0,0,,,,,,,0,0,,0,0,0,,0,0,0,0,,0,0,0,0,0,0,,0,0,0
WQP_USA_2026,SOUTHUTE-AR 10-8,Surface Water,37.126944,-107.891944,2024,10/28/2024,,EPA 1633,,,,,,,,,,,,0,,,0,,,0,0,,,,,,,,,,,,,,,,,38,,28,,0,35.9,,,,,,,12.6,0.35,0,,0,,
WQP_USA_2026,SOUTHUTE-AR 15-4,Surface Water,37.187051,-107.878685,2024,10/28/2024,,EPA 1633,,,,,,,,,,,,0,,,0,,,0,0,,,,,,,,,,,,,,,,,36.85,,30.6,,0,34.8,,,,,,,13.95,0.35,0,,0,,
WQP_USA_2026,SOUTHUTE-AR 2-7,Surface Water,37.03226,-107.8754,2024,10/28/2024,,EPA 1633,,,,,,,,,,,,0,,,0,,,0,0,,,,,,,,,,,,,,,,,36.1,,28,,0,36.6,,,,,,,13.5,0.45,0,,0,,
WQP_USA_2026,SOUTHUTE-FLR 1-2,Surface Water,37.062072,-107.867906,2024,10/28/2024,,EPA 1633,,,,,,,,,,,,0,,,0,,,0,0,,,,,,,,,,,,,,,,,37,,30,,0,35.6,,,,,,,13.5,1.85,0,,0,,
WQP_USA_2026,MNPCA-PD00048,Surface Water,44.844547,-93.231477,2024,10/16/2024,,EPA 1633,,,4.16,5.06,,2.64,3.54,7.57,5,4.17,0.24,1,,,,,,,,,5.6,0.57,0.99,14.9,1.23,1.25,,,,,,,,,,,,,,,,,0.62,,,1.21,1.44,,,,,,,
WQP_USA_2026,GLEC-10020,Surface Water,34.46157,-111.15572,2024,10/15/2024,,EPA 1633,,,0,0,,0,0,0,0,0,0,0,0,0,0,,0,,,,0,0,0,0,0,0,,,,,,,0,0,,0,0,0,,0,0,0,0,,0,0,0,0,0,0,,0,0,0
WQP_USA_2026,MNPCA-S000-250,Surface Water,47.337528,-91.200111,2024,10/14/2024,,EPA 1633,,,,,,,,,,,,,,,,,,,,,,,,1.81,,,,,,,,,,,,,,,,,,,,,,,,,,,,,,
WQP_USA_2026,GLEC-10055,Surface Water,33.73862,-109.32676,2024,10/13/2024,,EPA 1633,,,0,0,,0,0,0,0,0,0,0,0,0,0,,0,,,,0,0,2.4,0,0,0,,,,,,,0,0,,0,0,0,,0,0,0,0,,0,0,0,0,0,0,,0,0,0
WQP_USA_2026,GLEC-10060,Surface Water,34.21578,-109.30257,2024,10/13/2024,,EPA 1633,,,0,0,,0,0,0,0,0,0,0,0,0,0,,0,,,,0,0,4.6,0,0,0,,,,,,,0,0,,0,0,0,,0,0,0,0,,0,0,0,0,0,0,,0,0,0
WQP_USA_2026,MNPCA-31-0532-02-208,Surface Water,47.165225,-93.537845,2024,10/11/2024,,EPA 1633,,,,0.69,,,0.51,0.24,0.64,0.73,,,,,,,,,,,,,0.47,3.78,,,,,,,,,,,,,,,,,,,,,,,,,,,,,,
WQP_USA_2026,MNPCA-S017-281,Surface Water,43.500363,-91.21645,2024,10/3/2024,,EPA 1633,,,1.5,2.42,,,,0.69,1.56,0.73,,,,,,,,,,,1.58,,1.96,10.4,,,,,,,,,,,,,,,,,,,,,,,,,,,,,,
WQP_USA_2026,MNPCA-S002-996,Surface Water,48.71724,-96.49442,2024,9/30/2024,,EPA 1633,,,,0.5,,,0.44,0.15,,0.58,,,,,,,,,,,1.49,,0.56,5.9,,,,,,,,,,,,,,,,,,,,,,,,,,,,,,
WQP_USA_2026,MNPCA-S003-099,Surface Water,48.760035,-96.922333,2024,9/30/2024,,EPA 1633,,,,1.03,,,0.78,0.16,0.84,1.05,,,,,,,,,,,2.2,,0.55,9.48,,,,,,,,,,,,,,,,,,,,,,,,,,,,,,
WQP_USA_2026,MNPCA-S006-735,Surface Water,44.934203,-93.04932,2024,9/30/2024,,EPA 1633,,,1.17,1.51,,,0.52,1.03,1.57,0.91,,,,,,,,,,,1.92,0.26,1.32,8.1,,,,,,,,,,,,,,,,,,,,,,,,,,,,,,
WQP_USA_2026,MNPCA-S006-749,Surface Water,44.765961,-92.873407,2024,9/30/2024,,EPA 1633,,,4.2,6.15,,,0.62,1.64,2.95,1.19,0.23,,,,,,,,,,3.6,0.4,2.31,23.3,0.58,,,,,,,,,,,,,,,,,,,,,,,0.39,,,,,,
WQP_USA_2026,MNPCA-S006-754,Surface Water,44.918639,-93.13003,2024,9/30/2024,,EPA 1633,,,1.02,1.44,,,0.55,0.91,1.51,0.85,0.18,,,,,,,,,,1.5,0.23,1.37,7.55,,,,,,,,,,,,,,,,,,,,,,,,,,,,,,
WQP_USA_2026,MNPCA-S009-001,Surface Water,44.773681,-92.995679,2024,9/30/2024,,EPA 1633,,,2.32,3.08,,,0.57,1.34,2.27,0.98,0.2,,,,,,,,,,2.48,0.32,1.83,12.1,,,,,,,,,,,,,,,,,,,,,,,,0.32,,,,,,
WQP_USA_2026,MNPCA-S014-093,Surface Water,44.859582,-93.007767,2024,9/30/2024,,EPA 1633,,,1.85,2.28,,,0.55,1.19,2.05,0.96,,,,,,,,,,,2.29,0.27,1.69,10.5,,,,,,,,,,,,,,,,,,,,,,,,,,,,,,
WQP_USA_2026,MNPCA-S015-203,Surface Water,44.882698,-93.01605,2024,9/30/2024,,EPA 1633,,,1.75,2.5,,,0.54,1.2,1.99,0.87,0.2,,,,,,,,,,2.04,0.28,1.56,9.53,,,,,,,,,,,,,,,,,,,,,,,,,,,,,,
WQP_USA_2026,MNPCA-S016-659,Surface Water,44.774304,-93.015566,2024,9/30/2024,,EPA 1633,,,2.09,3.11,,,0.55,1.35,2.47,1.1,0.21,,,,,,,,,,2.72,0.29,1.65,19,,,,,,,,,,,,,,,,,,,,,,,,0.29,,,,,,
WQP_USA_2026,MNPCA-S016-662,Surface Water,44.814432,-93.006866,2024,9/30/2024,,EPA 1633,,,1.91,2.85,,,0.54,1.27,2,0.89,,,,,,,,,,,2.14,0.26,1.72,11.2,,,,,,,,,,,,,,,,,,,,,,,,,,,,,,
WQP_USA_2026,MNPCA-S016-884,Surface Water,44.905849,-93.193958,2024,9/30/2024,,EPA 1633,,,0.95,1.16,,,0.51,0.79,1.27,0.85,0.18,,,,,,,,,,1.53,0.23,1.32,7.99,,,,,,,,,,,,,,,,,,,,,,,,,,,,,,
WQP_USA_2026,MNPCA-S000-155,Surface Water,47.453,-94.711,2024,9/27/2024,,EPA 1633,,,,,,,,,0.29,0.17,,,,,,,,,,,,,,3.47,,,,,,,,,,,,,,,,,,,,,,,,,,,,,,
WQP_USA_2026,MNPCA-S016-884,Surface Water,44.905849,-93.193958,2024,9/26/2024,,EPA 1633,,,0.55,0.86,,,,0.3,0.87,0.38,,,,,,,,,,,0.84,,0.84,9.16,,,,,,,,,,,,,,,,,,,,,,,,,,,,,,
WQP_USA_2026,MNPCA-S000-250,Surface Water,47.337528,-91.200111,2024,9/25/2024,,EPA 1633,,,,,,,,,,,,,,,,,,,,,,,,1.73,,,,,,,,,,,,,,,,,,,,,,,,,,,,,,
WQP_USA_2026,MNPCA-S000-253,Surface Water,47.707222,-90.5225,2024,9/25/2024,,EPA 1633,,,,0.47,,,0.45,,,0.33,,,,,,,,,4.56,,,,0.25,2.32,,,,,,,,,,,,,,,,,,,,,,,,,,,,,,
WQP_USA_2026,MNPCA-S004-406,Surface Water,47.6402,-90.7107,2024,9/25/2024,,EPA 1633,,,,0.57,,,0.49,,,0.49,,,,,,,,,,,,,0.33,2.68,,,,,,,,,,,,,,,,,,,,,,,,,,,,,,
WQP_USA_2026,MNPCA-S007-415,Surface Water,47.615772,-90.776651,2024,9/25/2024,,EPA 1633,,,,,,,,,,,,,,,,,,,,,,,,0.42,,,,,,,,,,,,,,,,,,,,,,,,,,,,,,
WQP_USA_2026,MNPCA-S007-548,Surface Water,47.547018,-90.90199,2024,9/25/2024,,EPA 1633,,,,,,,,,,,,,,,,,,,,,,,,0.56,,,,,,,,,,,,,,,,,,,,,,,,,,,,,,
WQP_USA_2026,WYDEQ_WATERSHED-SR0120,Surface Water,41.08274,-107.388575,2024,9/19/2024,,EPA 8327,,,,,,,,,,,,,,,,,,,,,,,,,,,,,,,,,,,,,,,,,,,,,,,,,0,,,,,
WQP_USA_2026,MNPCA-31-0532-01-205,Surface Water,47.19922,-93.612317,2024,9/18/2024,,EPA 1633,,,,0.64,,,0.51,0.22,0.74,0.71,,,,,,,,,,,1.08,,0.44,4.07,,,,,,,,,,,,,,,,,,,,,,,,0.19,,,,,,
WQP_USA_2026,MNPCA-31-0532-02-208,Surface Water,47.165225,-93.537845,2024,9/18/2024,,EPA 1633,,,,0.62,,,0.46,0.21,0.6,0.71,,,,,,,,,,,0.96,,0.46,3.95,,,,,,,,,,,,,,,,,,,,,,,,,,,,,,
WQP_USA_2026,MNPCA-S012-288,Surface Water,44.02332,-91.53606,2024,9/17/2024,,EPA 1633,,,1.62,2.67,,,,0.68,1.55,0.78,,,,,,,,,,,1.78,,2.07,12.6,,,,,,,,,,,,,,,,,,,,,,,,,,,,,,
WQP_USA_2026,MNPCA-S017-281,Surface Water,43.500363,-91.21645,2024,9/17/2024,,EPA 1633,,,1.73,2.59,,,,0.76,1.44,0.77,,,,,,,,,,,1.79,,2.08,11.3,,,,,,,,,,,,,,,,,,,,,,,,,,,,,,
WQP_USA_2026,MNPCA-29-0237-00-100,Surface Water,47.39378,-94.971638,2024,9/16/2024,,EPA 1633,,,,,,,,,,0.42,,,,,,,,,,,,,,,,,,,,,,,,,,,,,,,,,,,,,,,,,,,,
WQP_USA_2026,MNPCA-S004-308,Surface Water,45.32016,-93.81419,2024,9/11/2024,,EPA 1633,,,,0.48,,,,0.11,0.64,0.36,,,,,,,,,,,,,0.53,6.73,,,,,,,,,,,,,,,,,,,,,,,,,,,,,,
WQP_USA_2026,MNPCA-S007-335,Surface Water,45.305158,-93.685621,2024,9/11/2024,,EPA 1633,,,,0.51,,,,0.14,0.73,0.41,,,,,,,,,,,0.87,,0.73,6.62,,,,,,,,,,,,,,,,,,,,,,,,,,,,,,
WQP_USA_2026,MNPCA-S016-841,Surface Water,44.0567,-91.6371,2024,9/11/2024,,EPA 1633,,,1.63,2.73,,,,0.68,1.39,0.87,,,,,,,,,,,1.86,,2.48,11.8,,,,,,,,,,,,,,,,,,,,,,,,,,,,,,
WQP_USA_2026,MNPCA-S017-279,Surface Water,44.410198,-92.092785,2024,9/11/2024,,EPA 1633,,,2.14,3.66,,,,0.83,1.78,0.93,,,,,,,,,,,2.45,,2.34,15.8,,,,,,,,,,,,,,,,,,,,,,,,,,,,,,
WQP_USA_2026,MNPCA-25-0001-00-232,Surface Water,44.487584,-92.290317,2024,9/10/2024,,EPA 1633,,,2.16,3.22,,,,0.85,1.65,0.79,,,,,,,,,,,2.18,,2.89,15.4,,,,,,,,,,,,,,,,,,,,,,,,,,,,,,
WQP_USA_2026,MNPCA-S000-067,Surface Water,43.80923,-91.25816,2024,9/10/2024,,EPA 1633,,,1.61,2.71,,,,0.41,1.17,0.45,,,,,,,,,,,1.16,,3.31,12.6,,,,,,,,,,,,,,,,,,,,,,,,,,,,,,
WQP_USA_2026,MNPCA-S000-155,Surface Water,47.453,-94.711,2024,9/10/2024,,EPA 1633,,,,,,,,,0.31,0.19,,,,,,,,,,,,,,2.99,,,,,,,,,,,,,,,,,,,,,,,,,,,,,,
WQP_USA_2026,MNPCA-S001-897,Surface Water,47.451119,-94.906574,2024,9/10/2024,,EPA 1633,,,,,,,,,,,,,,,,,,,,,,,,2.95,,,,,,,,,,,,,,,,,,,,,,,,,,,,,,
WQP_USA_2026,MNPCA-S003-018,Surface Water,44.9932,-93.2732,2024,9/10/2024,,EPA 1633,,,0.46,0.64,,,,0.26,0.95,0.47,,,,,,,,,,,1.01,,0.87,9.17,,,,,,,,,,,,,,,,,,,,,,,,,,,,,,
WQP_USA_2026,MNPCA-S003-663,Surface Water,46.709444,-93.484444,2024,9/10/2024,,EPA 1633,,,,0.41,,,,,,0.54,,,,,,,,,,,,,,5.68,,,,,,,,,,,,,,,,,,,,,,,,,,,,,,
WQP_USA_2026,MNPCA-S006-163,Surface Water,45.59723,-94.18272,2024,9/10/2024,,EPA 1633,,,0.22,0.39,,,,0.11,0.49,0.52,,,,,,,,,,,0.71,,0.25,6.37,,,,,,,,,,,,,,,,,,,,,,,,,,,,,,
WQP_USA_2026,MNPCA-S007-222,Surface Water,43.57581,-91.2334,2024,9/10/2024,,EPA 1633,,,1.45,2.48,,,,0.39,1,0.42,,,,,,,,,,,1.06,,3.85,11.7,,,,,,,,,,,,,,,,,,,,,,,,,,,,,,
WQP_USA_2026,MNPCA-S007-330,Surface Water,45.434703,-94.051301,2024,9/10/2024,,EPA 1633,,,0.24,0.45,,,,0.14,0.81,0.52,,,,,,,,,,,0.59,,0.55,6.37,,,,,,,,,,,,,,,,,,,,,,,,,,,,,,
WQP_USA_2026,MNPCA-S007-332,Surface Water,47.023084,-93.274436,2024,9/10/2024,,EPA 1633,,,,0.29,,,,,0.35,0.72,,,,,,,,,,,,,,6.01,,,,,,,,,,,,,,,,,,,,,,,,,,,,,,
WQP_USA_2026,MNPCA-S007-333,Surface Water,47.216222,-93.486839,2024,9/10/2024,,EPA 1633,,,,0.32,,,,,0.34,0.73,,,,,,,,,,,,,,5.76,,,,,,,,,,,,,,,,,,,,,,,,,,,,,,
WQP_USA_2026,MNPCA-S007-334,Surface Water,47.250893,-93.592809,2024,9/10/2024,,EPA 1633,,,,0.19,,,,,0.31,0.47,,,,,,,,,,,,,,5.28,,,,,,,,,,,,,,,,,,,,,,,,,,,,,,
WQP_USA_2026,MNPCA-S007-336,Surface Water,45.517842,-94.140705,2024,9/10/2024,,EPA 1633,,,,0.33,,,,,0.58,0.4,,,,,,,,,,,,,0.23,6.12,,,,,,,,,,,,,,,,,,,,,,,,,,,,,,
WQP_USA_2026,MNPCA-S008-062,Surface Water,44.602348,-92.568169,2024,9/10/2024,,EPA 1633,,,2.17,3.37,,,,0.83,1.66,0.85,,,,,,,,,,,2.29,,2.41,16.1,,,,,,,,,,,,,,,,,,,,,,,,,,,,,,
WQP_USA_2026,MNPCA-S008-994,Surface Water,44.563188,-92.459991,2024,9/10/2024,,EPA 1633,,,2.07,3.28,,,,0.87,1.89,0.88,,,,,,,,,,,2.23,,1.86,17,,,,,,,,,,,,,,,,,,,,,,,,,,,,,,
WQP_USA_2026,MNPCA-S008-996,Surface Water,44.652178,-92.642098,2024,9/10/2024,,EPA 1633,,,2.2,3.57,,,,0.85,1.82,0.88,,,,,,,,,,,2.24,,1.14,15.4,,,,,,,,,,,,,,,,,,,,,,,,,,,,,,
WQP_USA_2026,MNPCA-S017-278,Surface Water,44.613298,-92.619241,2024,9/10/2024,,EPA 1633,,,2,3.36,,,,0.85,1.85,0.76,,,,,,,,,,,2.23,,1.2,15.9,,,,,,,,,,,,,,,,,,,,,,,,,,,,,,
WQP_USA_2026,MNPCA-S017-280,Surface Water,43.776342,-91.246194,2024,9/10/2024,,EPA 1633,,,1.68,2.53,,,,0.38,1.35,0.37,,,,,,,,,,,1.02,,3.11,12.2,,,,,,,,,,,,,,,,,,,,,,,,,,,,,,
WQP_USA_2026,MNPCA-S000-151,Surface Water,46.074417,-94.334806,2024,9/9/2024,,EPA 1633,,,,0.26,,,,,,0.37,,,,,,,,,,,,,,5.56,,,,,,,,,,,,,,,,,,,,,,,,,,,,,,
WQP_USA_2026,MNPCA-S000-152,Surface Water,46.54425,-93.955889,2024,9/9/2024,,EPA 1633,,,,0.34,,,,,0.44,0.73,,,,,,,,,,,,,,6.84,,,,,,,,,,,,,,,,,,,,,,,,,,,,,,
WQP_USA_2026,MNPCA-S000-570,Surface Water,46.281389,-94.331389,2024,9/9/2024,,EPA 1633,,,,0.27,,,,,0.54,0.63,,,,,,,,,,,,,,6.87,,,,,,,,,,,,,,,,,,,,,,,,,,,,,,
WQP_USA_2026,MNPCA-S006-735,Surface Water,44.934203,-93.04932,2024,9/9/2024,,EPA 1633,,,0.8,1.15,,,,0.35,1.08,0.39,,,,,,,,,,,1.12,,0.93,8.51,,,,,,,,,,,,,,,,,,,,,,,,,,,,,,
WQP_USA_2026,MNPCA-S006-749,Surface Water,44.765961,-92.873407,2024,9/9/2024,,EPA 1633,,,2.71,4.67,,,,0.76,1.62,0.66,,,,,,,,,,,1.36,,1.37,14.1,,,,,,,,,,,,,,,,,,,,,,,,,,,,,,
WQP_USA_2026,MNPCA-S006-754,Surface Water,44.918639,-93.13003,2024,9/9/2024,,EPA 1633,,,0.54,0.82,,,,0.33,1.09,0.58,,,,,,,,,,,0.81,,0.91,8.63,,,,,,,,,,,,,,,,,,,,,,,,,,,,,,
WQP_USA_2026,MNPCA-S007-331,Surface Water,45.961727,-94.38348,2024,9/9/2024,,EPA 1633,,,,0.27,,,,0.1,,0.42,,,,,,,,,,,,,0.19,5.76,,,,,,,,,,,,,,,,,,,,,,,,,,,,,,
WQP_USA_2026,MNPCA-S007-337,Surface Water,46.360681,-94.211255,2024,9/9/2024,,EPA 1633,,,,0.48,,,,,0.54,0.7,,,,,,,,,,,,,,7.22,,,,,,,,,,,,,,,,,,,,,,,,,,,,,,
WQP_USA_2026,MNPCA-S009-001,Surface Water,44.773681,-92.995679,2024,9/9/2024,,EPA 1633,,,1.56,2.97,,,,0.67,1.47,0.62,,,,,,,,,,,1.3,,1.18,11.4,,,,,,,,,,,,,,,,,,,,,,,,,,,,,,
WQP_USA_2026,MNPCA-S012-524,Surface Water,46.40732,-94.15672,2024,9/9/2024,,EPA 1633,,,,0.53,,,,,0.32,0.66,,,,,,,,,,,,,,6.84,,,,,,,,,,,,,,,,,,,,,,,,,,,,,,
WQP_USA_2026,MNPCA-S014-093,Surface Water,44.859582,-93.007767,2024,9/9/2024,,EPA 1633,,,1.54,2.9,,,,0.62,1.46,0.59,,,,,,,,,,,1.1,,1.03,10.96,,,,,,,,,,,,,,,,,,,,,,,,,,,,,,
WQP_USA_2026,MNPCA-S015-203,Surface Water,44.882698,-93.01605,2024,9/9/2024,,EPA 1633,,,1.21,1.42,,,,0.43,1.07,0.43,,,,,,,,,,,0.93,,0.96,9.41,,,,,,,,,,,,,,,,,,,,,,,,,,,,,,
WQP_USA_2026,MNPCA-S016-659,Surface Water,44.774304,-93.015566,2024,9/9/2024,,EPA 1633,,,1.35,2.16,,,,0.59,1.49,0.54,,,,,,,,,,,1.27,,1.06,10.9,,,,,,,,,,,,,,,,,,,,,,,,,,,,,,
WQP_USA_2026,MNPCA-S016-662,Surface Water,44.814432,-93.006866,2024,9/9/2024,,EPA 1633,,,1.09,1.66,,,,0.5,1.35,0.59,,,,,,,,,,,0.99,,1.05,9.51,,,,,,,,,,,,,,,,,,,,,,,,,,,,,,
WQP_USA_2026,MNPCA-S016-671,Surface Water,44.748188,-92.814781,2024,9/9/2024,,EPA 1633,,,3.18,5.44,,,,0.84,2.4,0.68,,,,,,,,,,,2.1,,1.54,19.3,,,,,,,,,,,,,,,,,,,,,,,,,,,,,,
WQP_USA_2026,MNPCA-S016-884,Surface Water,44.905849,-93.193958,2024,9/9/2024,,EPA 1633,,,0.51,0.82,,,,0.29,0.97,0.44,,,,,,,,,,,0.98,,0.86,9.19,,,,,,,,,,,,,,,,,,,,,,,,,,,,,,
WQP_USA_2026,WYDEQ_WATERSHED-SR0117,Surface Water,41.1497,-106.4614,2024,9/9/2024,,EPA 8327,,,,,,,,,,,,,,,,,,,,,,,,,,,,,,,,,,,,,,,,,,,,,,,,,0,,,,,
WQP_USA_2026,MNPCA-16-0027-00-201,Surface Water,48.049924,-90.064029,2024,9/5/2024,,EPA 1633,,,,,,,,,,,,,,,,,,,,,,,,1.23,,,,,,,,,,,,,,,,,,,,,,,,,,,,,,
WQP_USA_2026,MNPCA-S000-251,Surface Water,47.81823,-90.0518,2024,9/5/2024,,EPA 1633,,,,,,,,,,,,,,,,,,,,,,,,1.67,,,,,,,,,,,,,,,,,,,,,,,,,,,,,,
WQP_USA_2026,MNPCA-S000-864,Surface Water,47.793639,-90.154861,2024,9/5/2024,,EPA 1633,,,,,,,,,,,,,,,,,,,,,,,,1.06,,,,,,,,,,,,,,,,,,,,,,,,,,,,,,
WQP_USA_2026,MNPCA-S000-865,Surface Water,47.784861,-90.182306,2024,9/5/2024,,EPA 1633,,,,0.19,,,,,,,,,,,,,,,,,,,,2.2,,,,,,,,,,,,,,,,,,,,,,,,,,,,,,
WQP_USA_2026,MNPCA-S000-909,Surface Water,47.769949,-90.2611,2024,9/5/2024,,EPA 1633,,,,,,,,,,,,,,,,,,,,,,,,0.84,,,,,,,,,,,,,,,,,,,,,,,,,,,,,,
WQP_USA_2026,MNPCA-S004-283,Surface Water,47.84011,-89.965832,2024,9/5/2024,,EPA 1633,,,,,,,,,,,,,,,,,,,,,,,,2.41,,,,,,,,,,,,,,,,,,,,,,,,,,,,,,
WQP_USA_2026,MNPCA-16-0147-00-202,Surface Water,48.053315,-90.38301,2024,9/4/2024,,EPA 1633,,,,0.25,,,,,,0.56,,,,,,,,,,,,,,1.99,,,,,,,,,,,,,,,,,,,,,,,,,,,,,,
WQP_USA_2026,MNPCA-PD00048,Surface Water,44.844547,-93.231477,2024,9/4/2024,,EPA 1633,,,8.48,6.34,,2.14,2.93,10.5,7.25,5.92,,1.44,,,,,,,,,8.77,0.45,0.74,27.6,3.38,4.19,,,,,,,,,,,,,,,,,0.26,,,1.09,0.98,,,,,,,
WQP_USA_2026,MNPCA-S000-265,Surface Water,47.639556,-90.847694,2024,9/4/2024,,EPA 1633,,,,,,,,,,,,,,,,,,,,,,,,2.02,,,,,,,,,,,,,,,,,,,,,,,,,,,,,,
WQP_USA_2026,MNPCA-S007-326,Surface Water,47.929219,-90.307112,2024,9/4/2024,,EPA 1633,,,,,,,,,,,,,,,,,,,,,,,,1.4,,,,,,,,,,,,,,,,,,,,,,,,,,,,,,
WQP_USA_2026,MNPCA-S007-544,Surface Water,47.4242,-91.2337,2024,9/4/2024,,EPA 1633,,,,,,,,,,0.23,,,,,,,,,,,2.26,,,2.92,,,,,,,,,,,,,,,,,,,,,,,,,,,,,,
WQP_USA_2026,MNPCA-S007-545,Surface Water,47.4147,-91.246044,2024,9/4/2024,,EPA 1633,,,,,,,,,,,,,,,,,,,,,,,,4.04,,,,,,,,,,,,,,,,,,,,,,,,,,,,,,
WQP_USA_2026,MNPCA-S007-783,Surface Water,47.503471,-91.113355,2024,9/4/2024,,EPA 1633,,,,,,,,,,,,,,,,,,,,,,,,2.84,,,,,,,,,,,,,,,,,,,,,,,,,,,,,,
WQP_USA_2026,MNPCA-S007-331,Surface Water,45.961727,-94.38348,2024,8/27/2024,,EPA 1633,,,,0.21,,,,,0.45,0.52,,,,,,,,,,,,,0.19,5.44,,,,,,,,,,,,,,,,,,,,,,,,,,,,,,
WQP_USA_2026,WYDEQ_WATERSHED-WB0586,Surface Water,43.35077,-110.01225,2024,8/27/2024,,EPA 8327,,,,,,,,,,,,,,,,,,,,,,,,,,,,,,,,,,,,,,,,,,,,,,,,,0,,,,,
WQP_USA_2026,WYDEQ_WATERSHED-WB0585,Surface Water,42.34264,-109.51511,2024,8/26/2024,,EPA 8327,,,,,,,,,,,,,,,,,,,,,,,,,,,,,,,,,,,,,,,,,,,,,,,,,0,,,,,
WQP_USA_2026,MNPCA-S002-996,Surface Water,48.71724,-96.49442,2024,8/21/2024,,EPA 1633,,,,0.66,,,,,0.73,1.34,,,,,,,,,,,1.25,,0.57,20.8,,,,,,,,,,,,,,,,,,,,,,,,,,,,,,
WQP_USA_2026,MNPCA-S003-099,Surface Water,48.760035,-96.922333,2024,8/21/2024,,EPA 1633,,,,0.4,,,,,0.55,0.84,,,,,,,,,,,,,0.26,14.6,,,,,,,,,,,,,,,,,,,,,,,,,,,,,,
WQP_USA_2026,MNPCA-S016-671,Surface Water,44.748188,-92.814781,2024,8/21/2024,,EPA 1633,,,1.68,3.56,,,,0.62,1.4,0.58,,,,,,,,,,,1.5,,0.97,11,,,,,,,,,,,,,,,,,,,,,,,,,,,,,,
WQP_USA_2026,MNPCA-31-0532-01-205,Surface Water,47.19922,-93.612317,2024,8/20/2024,,EPA 1633,,,,0.31,,,,,,0.22,,,,,,,,,,,,,,2.75,,,,,,,,,,,,,,,,,,,,,,,,,,,,,,
WQP_USA_2026,MNPCA-31-0532-02-208,Surface Water,47.165225,-93.537845,2024,8/20/2024,,EPA 1633,,,,0.45,,,,,,,,,,,,,,,,,,,,2.04,,,,,,,,,,,,,,,,,,,,,,,,,,,,,,
WQP_USA_2026,MNPCA-S000-250,Surface Water,47.337528,-91.200111,2024,8/20/2024,,EPA 1633,,,,0.17,,,,,,0.22,,,,,,,,,,,,,,2.79,,,,,,,,,,,,,,,,,,,,,,,,,,,,,,
WQP_USA_2026,MNPCA-S000-253,Surface Water,47.707222,-90.5225,2024,8/20/2024,,EPA 1633,,,,,,,,,,,,,,,,,,,,,,,,2.21,,,,,,,,,,,,,,,,,,,,,,,,,,,,,,
WQP_USA_2026,MNPCA-S004-406,Surface Water,47.6402,-90.7107,2024,8/20/2024,,EPA 1633,,,,,,,,,,,,,,,,,,,,,,,,1.11,,,,,,,,,,,,,,,,,,,,,,,,,,,,,,
WQP_USA_2026,MNPCA-S004-954,Surface Water,47.46407,-91.03071,2024,8/20/2024,,EPA 1633,,,,,,,,,,,,,,,,,,,,,,,,0.48,,,,,,,,,,,,,,,,,,,,,,,,,,,,,,
WQP_USA_2026,MNPCA-S007-548,Surface Water,47.547018,-90.90199,2024,8/20/2024,,EPA 1633,,,,,,,,,,,,,,,,,,,,,,,,0.76,,,,,,,,,,,,,,,,,,,,,,,,,,,,,,
WQP_USA_2026,MNPCA-S000-155,Surface Water,47.453,-94.711,2024,8/15/2024,,EPA 1633,,,,,,,,0.11,,0.21,,,,,,,,,,,,,,2.46,,,,,,,,,,,,,,,,,,,,,,,,,,,,,,
WQP_USA_2026,MNPCA-S001-897,Surface Water,47.451119,-94.906574,2024,8/15/2024,,EPA 1633,,,,,,,,,,,,,,,,,,,,,,,,3.41,,,,,,,,,,,,,,,,,,,,,,,,,,,,,,
WQP_USA_2026,MNPCA-S007-332,Surface Water,47.023084,-93.274436,2024,8/15/2024,,EPA 1633,,,,0.19,,,,,0.51,0.51,,,,,,,,,,,,,,5.8,,,,,,,,,,,,,,,,,,,,,,,,,,,,,,
WQP_USA_2026,MNPCA-S007-333,Surface Water,47.216222,-93.486839,2024,8/15/2024,,EPA 1633,,,,0.17,,,,,0.46,0.57,,,,,,,,,,,,,,5.17,,,,,,,,,,,,,,,,,,,,,,,,,,,,,,
WQP_USA_2026,MNPCA-S007-334,Surface Water,47.250893,-93.592809,2024,8/15/2024,,EPA 1633,,,,0.19,,,,,0.44,0.62,,,,,,,,,,,,,,5.66,,,,,,,,,,,,,,,,,,,,,,,,,,,,,,
WQP_USA_2026,MNPCA-16-0027-00-201,Surface Water,48.049924,-90.064029,2024,8/14/2024,,EPA 1633,,,,0.27,,,,,,0.41,,,,,,,,,,,1.1,,,0.78,,,,,,,,,,,,,,,,,,,,,,,,,,,,,,
WQP_USA_2026,MNPCA-S000-151,Surface Water,46.074417,-94.334806,2024,8/14/2024,,EPA 1633,,,,0.2,,,,,0.48,0.46,,,,,,,,,,,,,0.25,5.77,,,,,,,,,,,,,,,,,,,,,,,,,,,,,,
WQP_USA_2026,MNPCA-S000-152,Surface Water,46.54425,-93.955889,2024,8/14/2024,,EPA 1633,,,,0.27,,,,,0.5,0.64,,,,,,,,,,,,,0.21,6.76,,,,,,,,,,,,,,,,,,,,,,,,,,,,,,
WQP_USA_2026,MNPCA-S000-570,Surface Water,46.281389,-94.331389,2024,8/14/2024,,EPA 1633,,,,0.25,,,,,0.55,0.51,,,,,,,,,,,,,0.16,6.14,,,,,,,,,,,,,,,,,,,,,,,,,,,,,,
WQP_USA_2026,MNPCA-S003-663,Surface Water,46.709444,-93.484444,2024,8/14/2024,,EPA 1633,,,,0.19,,,,,0.55,0.64,,,,,,,,,,,,,0.14,5.46,,,,,,,,,,,,,,,,,,,,,,,,,,,,,,
WQP_USA_2026,MNPCA-S007-331,Surface Water,45.961727,-94.38348,2024,8/14/2024,,EPA 1633,,,,0.2,,,,,0.54,0.58,,,,,,,,,,,,,0.2,6.19,,,,,,,,,,,,,,,,,,,,,,,,,,,,,,
WQP_USA_2026,MNPCA-S007-337,Surface Water,46.360681,-94.211255,2024,8/14/2024,,EPA 1633,,,,0.24,,,,,0.58,0.51,,,,,,,,,,,,,0.18,6.41,,,,,,,,,,,,,,,,,,,,,,,,,,,,,,
WQP_USA_2026,MNPCA-S012-524,Surface Water,46.40732,-94.15672,2024,8/14/2024,,EPA 1633,,,,0.26,,,,,0.46,0.54,,,,,,,,,,,,,0.19,7.1,,,,,,,,,,,,,,,,,,,,,,,,,,,,,,
WQP_USA_2026,MNPCA-S017-279,Surface Water,44.410198,-92.092785,2024,8/14/2024,,EPA 1633,,,1.43,2.58,,,,0.53,1.3,0.67,,,,,,,,,,,1.57,,1.51,12.2,,,,,,,,,,,,,,,,,,,,,,,,,,,,,,
WQP_USA_2026,WYDEQ_WATERSHED-SR0116,Surface Water,42.214352,-105.505137,2024,8/14/2024,,EPA 8327,,,,,,,,,,,,,,,,,,,,,,,,,,,,,,,,,,,,,,,,,,,,,,,,,0,,,,,
WQP_USA_2026,MNPCA-25-0001-00-232,Surface Water,44.487584,-92.290317,2024,8/13/2024,,EPA 1633,,,1.72,2.84,,,,0.52,1.35,0.62,,,,,,,,,,,1.51,,1.2,13.1,,,,,,,,,,,,,,,,,,,,,,,,,,,,,,
WQP_USA_2026,MNPCA-S000-067,Surface Water,43.80923,-91.25816,2024,8/13/2024,,EPA 1633,,,1.19,2.31,,,,0.47,1.2,0.57,,,,,,,,,,,1.2,,1.1,10.3,,,,,,,,,,,,,,,,,,,,,,,,,,,,,,
WQP_USA_2026,MNPCA-S007-222,Surface Water,43.57581,-91.2334,2024,8/13/2024,,EPA 1633,,,1.11,2.2,,,,0.4,1.16,0.57,,,,,,,,,,,1.22,,1.05,9.98,,,,,,,,,,,,,,,,,,,,,,,,,,,,,,
WQP_USA_2026,MNPCA-S008-062,Surface Water,44.602348,-92.568169,2024,8/13/2024,,EPA 1633,,,1.7,3.18,,,,0.48,1.31,0.57,,,,,,,,,,,1.45,,1.43,13.5,,,,,,,,,,,,,,,,,,,,,,,,,,,,,,
WQP_USA_2026,MNPCA-S008-994,Surface Water,44.563188,-92.459991,2024,8/13/2024,,EPA 1633,,,1.43,3.24,,,,0.52,1.35,0.57,,,,,,,,,,,1.4,,1.33,13.9,,,,,,,,,,,,,,,,,,,,,,,,,,,,,,
WQP_USA_2026,MNPCA-S008-996,Surface Water,44.652178,-92.642098,2024,8/13/2024,,EPA 1633,,,1.62,3.17,,,,0.48,1.3,0.65,,,,,,,,,,,1.55,,0.97,12.8,,,,,,,,,,,,,,,,,,,,,,,,,,,,,,
WQP_USA_2026,MNPCA-S012-288,Surface Water,44.02332,-91.53606,2024,8/13/2024,,EPA 1633,,,1.36,2.42,,,,0.45,1.03,0.61,,,,,,,,,,,1.53,,1.26,11,,,,,,,,,,,,,,,,,,,,,,,,,,,,,,
WQP_USA_2026,MNPCA-S016-671,Surface Water,44.748188,-92.814781,2024,8/13/2024,,EPA 1633,,,1.73,3.37,,,,0.56,1.37,0.61,,,,,,,,,,,1.43,,0.98,11,,,,,,,,,,,,,,,,,,,,,,,,,,,,,,
WQP_USA_2026,MNPCA-S016-841,Surface Water,44.0567,-91.6371,2024,8/13/2024,,EPA 1633,,,1.27,2.37,,,,0.45,1.34,0.56,,,,,,,,,,,1.42,,1.26,10.8,,,,,,,,,,,,,,,,,,,,,,,,,,,,,,
WQP_USA_2026,MNPCA-S017-278,Surface Water,44.613298,-92.619241,2024,8/13/2024,,EPA 1633,,,1.43,3.14,,,,0.48,1.26,0.65,,,,,,,,,,,1.58,,0.91,12.8,,,,,,,,,,,,,,,,,,,,,,,,,,,,,,
WQP_USA_2026,MNPCA-S017-280,Surface Water,43.776342,-91.246194,2024,8/13/2024,,EPA 1633,,,1.2,2.45,,,,0.47,1.09,0.6,,,,,,,,,,,1.18,,1.08,10.2,,,,,,,,,,,,,,,,,,,,,,,,,,,,,,
WQP_USA_2026,MNPCA-S017-281,Surface Water,43.500363,-91.21645,2024,8/13/2024,,EPA 1633,,,1.03,2.34,,,,0.42,1.14,0.45,,,,,,,,,,,1.19,,1.07,9.95,,,,,,,,,,,,,,,,,,,,,,,,,,,,,,
WQP_USA_2026,MNPCA-S003-018,Surface Water,44.9932,-93.2732,2024,8/12/2024,,EPA 1633,,,0.25,0.75,,,,,0.69,0.57,,,,,,,,,,,0.9,,0.68,6.98,,,,,,,,,,,,,,,,,,,,,,,,,,,,,,
WQP_USA_2026,MNPCA-S004-308,Surface Water,45.32016,-93.81419,2024,8/12/2024,,EPA 1633,,,,0.59,,,,,0.48,0.66,,,,,,,,,,,0.73,,0.5,5.6,,,,,,,,,,,,,,,,,,,,,,,,,,,,,,
WQP_USA_2026,MNPCA-S006-163,Surface Water,45.59723,-94.18272,2024,8/12/2024,,EPA 1633,,,,0.61,,,,,0.43,0.66,,,,,,,,,,,0.72,,0.34,6.04,,,,,,,,,,,,,,,,,,,,,,,,,,,,,,
WQP_USA_2026,MNPCA-S006-735,Surface Water,44.934203,-93.04932,2024,8/12/2024,,EPA 1633,,,0.46,0.89,,,,0.25,0.66,0.63,,,,,,,,,,,0.72,,0.68,6.23,,,,,,,,,,,,,,,,,,,,,,,,,,,,,,
WQP_USA_2026,MNPCA-S006-749,Surface Water,44.765961,-92.873407,2024,8/12/2024,,EPA 1633,,,1.03,3.26,,,,0.47,1.13,0.5,,,,,,,,,,,1.27,,0.9,9.24,,,,,,,,,,,,,,,,,,,,,,,,,,,,,,
WQP_USA_2026,MNPCA-S006-754,Surface Water,44.918639,-93.13003,2024,8/12/2024,,EPA 1633,,,0.36,0.84,,,,0.23,0.7,0.61,,,,,,,,,,,0.76,,0.68,6.61,,,,,,,,,,,,,,,,,,,,,,,,,,,,,,
WQP_USA_2026,MNPCA-S007-329,Surface Water,45.25503,-93.535499,2024,8/12/2024,,EPA 1633,,,,0.65,,,,,0.58,0.66,,,,,,,,,,,0.85,,0.62,6,,,,,,,,,,,,,,,,,,,,,,,,,,,,,,
WQP_USA_2026,MNPCA-S007-330,Surface Water,45.434703,-94.051301,2024,8/12/2024,,EPA 1633,,,,0.67,,,,,0.65,0.59,,,,,,,,,,,0.68,,0.56,5.83,,,,,,,,,,,,,,,,,,,,,,,,,,,,,,
WQP_USA_2026,MNPCA-S007-335,Surface Water,45.305158,-93.685621,2024,8/12/2024,,EPA 1633,,,,0.61,,,,,0.6,0.66,,,,,,,,,,,0.77,,0.65,5.93,,,,,,,,,,,,,,,,,,,,,,,,,,,,,,
WQP_USA_2026,MNPCA-S007-336,Surface Water,45.517842,-94.140705,2024,8/12/2024,,EPA 1633,,,,0.59,,,,,0.46,0.5,,,,,,,,,,,0.61,,0.42,5.64,,,,,,,,,,,,,,,,,,,,,,,,,,,,,,
WQP_USA_2026,MNPCA-S009-001,Surface Water,44.773681,-92.995679,2024,8/12/2024,,EPA 1633,,,1.01,2.73,,,,0.49,1.09,0.59,,,,,,,,,,,0.85,,0.82,8.29,,,,,,,,,,,,,,,,,,,,,,,,,,,,,,
WQP_USA_2026,MNPCA-S014-093,Surface Water,44.859582,-93.007767,2024,8/12/2024,,EPA 1633,,,1.11,4.37,,,,0.47,1.11,0.61,,,,,,,,,,,0.94,,0.75,8.54,,,,,,,,,,,,,,,,,,,,,,,,,,,,,,
WQP_USA_2026,MNPCA-S015-203,Surface Water,44.882698,-93.01605,2024,8/12/2024,,EPA 1633,,,0.65,1.18,,,,0.33,0.8,0.47,,,,,,,,,,,0.67,,0.73,6.83,,,,,,,,,,,,,,,,,,,,,,,,,,,,,,
WQP_USA_2026,MNPCA-S016-659,Surface Water,44.774304,-93.015566,2024,8/12/2024,,EPA 1633,,,0.61,1.56,,,,0.35,0.86,0.53,,,,,,,,,,,1.05,,0.75,7.49,,,,,,,,,,,,,,,,,,,,,,,,,,,,,,
WQP_USA_2026,MNPCA-S016-662,Surface Water,44.814432,-93.006866,2024,8/12/2024,,EPA 1633,,,1.2,5.03,,,,0.43,1.04,0.5,,,,,,,,,,,1.04,,0.73,9.17,,,,,,,,,,,,,,,,,,,,,,,,,,,,,,
WQP_USA_2026,MNPCA-S016-884,Surface Water,44.905849,-93.193958,2024,8/12/2024,,EPA 1633,,,,0.69,,,,0.25,0.65,0.6,,,,,,,,,,,0.79,,0.68,6.91,,,,,,,,,,,,,,,,,,,,,,,,,,,,,,
WQP_USA_2026,WYDEQ_WATERSHED-NGP0286,Surface Water,44.72544,-106.26974,2024,8/7/2024,,EPA 8327,,,,,,,,,,,,,,,,,,,,,,,,,,,,,,,,,,,,,,,,,,,,,,,,,0,,,,,
WQP_USA_2026,MNPCA-16-0027-00-201,Surface Water,48.049924,-90.064029,2024,8/6/2024,,EPA 1633,,,,0.22,,,,,,0.3,,,,,,,,,,,1.04,,,0.86,,,,,,,,,,,,,,,,,,,,,,,,,,,,,,
WQP_USA_2026,MNPCA-S000-251,Surface Water,47.81823,-90.0518,2024,8/6/2024,,EPA 1633,,,,0.19,,,,,,0.41,,,,,,,,,,,0.35,,,1.8,,,,,,,,,,,,,,,,,,,,,,,,,,,,,,
WQP_USA_2026,MNPCA-S000-864,Surface Water,47.793639,-90.154861,2024,8/6/2024,,EPA 1633,,,,,,,,,,0.23,,,,,,,,,,,,,,1.14,,,,,,,,,,,,,,,,,,,,,,,,,,,,,,
WQP_USA_2026,MNPCA-S000-865,Surface Water,47.784861,-90.182306,2024,8/6/2024,,EPA 1633,,,,0.23,,,,,,0.32,,,,,,,,,,,,,,2.05,,,,,,,,,,,,,,,,,,,,,,,,,,,,,,
WQP_USA_2026,MNPCA-S000-909,Surface Water,47.769949,-90.2611,2024,8/6/2024,,EPA 1633,,,,0.17,,,,,,0.24,,,,,,,,,,,,,,1.55,,,,,,,,,,,,,,,,,,,,,,,,,,,,,,
WQP_USA_2026,MNPCA-S004-283,Surface Water,47.84011,-89.965832,2024,8/6/2024,,EPA 1633,,,,0.3,,,,,,0.42,,,,,,,,,,,1.51,,0.17,3.08,,,,,,,,,,,,,,,,,,,,,,,,,,,,,,
WQP_USA_2026,WYDEQ_WATERSHED-MRW0291,Surface Water,44.64907,-110.95762,2024,8/6/2024,,EPA 8327,,,,,,,,,,,,,,,,,,,,,,,,,,,,,,,,,,,,,,,,,,,,,,,,,0,,,,,
WQP_USA_2026,MNPCA-16-0147-00-202,Surface Water,48.053315,-90.38301,2024,8/5/2024,,EPA 1633,,,,0.41,,,,,,0.57,,,,,,,,,,,1.12,,,1.49,,,,,,,,,,,,,,,,,,,,,,,,,,,,,,
WQP_USA_2026,MNPCA-S000-265,Surface Water,47.639556,-90.847694,2024,8/5/2024,,EPA 1633,,,,0.29,,,,,,0.51,,,,,,,,,,,0.22,,0.14,2.44,,,,,,,,,,,,,,,,,,,,,,,,,,,,,,
WQP_USA_2026,MNPCA-S007-326,Surface Water,47.929219,-90.307112,2024,8/5/2024,,EPA 1633,,,,0.31,,,,,,0.41,,,,,,,,,,,0.82,,,1.79,,,,,,,,,,,,,,,,,,,,,,,,,,,,,,
WQP_USA_2026,MNPCA-S007-544,Surface Water,47.4242,-91.2337,2024,8/5/2024,,EPA 1633,,,,,,,,,,0.43,,,,,,,,,,,0.82,,,2.06,,,,,,,,,,,,,,,,,,,,,,,,,,,,,,
WQP_USA_2026,MNPCA-S007-545,Surface Water,47.4147,-91.246044,2024,8/5/2024,,EPA 1633,,,,0.52,,,,,0.32,0.97,,,,,,,,,,,0.35,,0.24,7.54,,,,,,,,,,,,,,,,,,,,,,,,,,,,,,
WQP_USA_2026,MNPCA-S007-783,Surface Water,47.503471,-91.113355,2024,8/5/2024,,EPA 1633,,,,0.31,,,,,,0.56,,,,,,,,,,,0.31,,,3.97,,,,,,,,,,,,,,,,,,,,,,,,,,,,,,
WQP_USA_2026,WYDEQ_WATERSHED-NGP0287,Surface Water,44.75508,-107.09137,2024,8/5/2024,,EPA 8327,,,,,,,,,,,,,,,,,,,,,,,,,,,,,,,,,,,,,,,,,,,,,,,,,0,,,,,
WQP_USA_2026,WYDEQ_WATERSHED-WB0589,Surface Water,44.58647,-108.12365,2024,8/1/2024,,EPA 8327,,,,,,,,,,,,,,,,,,,,,,,,,,,,,,,,,,,,,,,,,,,,,,,,,0,,,,,
WQP_USA_2026,MNPCA-S000-067,Surface Water,43.80923,-91.25816,2024,7/31/2024,,EPA 1633,,,1.14,1.6,,,,0.26,0.86,0.52,,,,,,,,,,,0.88,,0.72,9.95,,,,,,,,,,,,,,,,,,,,,,,,,,,,,,
WQP_USA_2026,WYDEQ_WATERSHED-MRW0290,Surface Water,43.7342,-110.20978,2024,7/31/2024,,EPA 8327,,,,,,,,,,,,,,,,,,,,,,,,,,,,,,,,,,,,,,,,,,,,,,,,,0,,,,,
WQP_USA_2026,WYDEQ_WATERSHED-MRW0289,Surface Water,43.42933,-110.64496,2024,7/30/2024,,EPA 8327,,,,,,,,,,,,,,,,,,,,,,,,,,,,,,,,,,,,,,,,,,,,,,,,,0,,,,,
WQP_USA_2026,WYDEQ_WATERSHED-WB0588,Surface Water,43.72966,-108.58603,2024,7/30/2024,,EPA 8327,,,,,,,,,,,,,,,,,,,,,,,,,,,,,,,,,,,,,,,,,,,,,,,,,0,,,,,
WQP_USA_2026,MNPCA-S002-996,Surface Water,48.71724,-96.49442,2024,7/29/2024,,EPA 1633,,,,0.8,,,0.44,,1.06,1.51,,,,,,,,,,,1.17,,0.6,17.6,,,,,,,,,,,,,,,,,,,,,,,,,,,,,,
WQP_USA_2026,MNPCA-S003-099,Surface Water,48.760035,-96.922333,2024,7/29/2024,,EPA 1633,,,,0.65,,,,,0.6,1.1,,,,,,,,,,,0.97,,0.48,12.9,,,,,,,,,,,,,,,,,,,,,,,,,,,,,,
WQP_USA_2026,MNPCA-S003-100,Surface Water,48.76562,-96.88681,2024,7/29/2024,,EPA 1633,,,,1.35,,,0.63,,1.38,2.2,,,,,,,,,,,1.88,,0.55,21.2,,,,,,,,,,,,,,,,,,,,,,,,,,,,,,
WQP_USA_2026,WYDEQ_WATERSHED-WB0587,Surface Water,41.48795,-107.17872,2024,7/28/2024,,EPA 8327,,,,,,,,,,,,,,,,,,,,,,,,,,,,,,,,,,,,,,,,,,,,,,,,,0,,,,,
WQP_USA_2026,MNPCA-16-0027-00-201,Surface Water,48.049924,-90.064029,2024,7/25/2024,,EPA 1633,,,,0.27,,,,,,0.4,,,,,,,,,,,1.2,,,1.09,,,,,,,,,,,,,,,,,,,,,,,,,,,,,,
WQP_USA_2026,MNPCA-16-0147-00-202,Surface Water,48.053315,-90.38301,2024,7/24/2024,,EPA 1633,,,,0.65,,,,,,0.57,,,,,,,,,,,1.19,,,2.24,,,,,,,,,,,,,,,,,,,,,,,,,,,,,,
WQP_USA_2026,MNPCA-31-0532-02-208,Surface Water,47.165225,-93.537845,2024,7/23/2024,,EPA 1633,,,,0.49,,,,,0.35,0.62,,,,,,,,,,,,,0.31,2.92,,,,,,,,,,,,,,,,,,,,,,,,,,,,,,
WQP_USA_2026,WYDEQ_WATERSHED-MRW0288,Surface Water,44.94782,-109.36457,2024,7/23/2024,,EPA 8327,,,,,,,,,,,,,,,,,,,,,,,,,,,,,,,,,,,,,,,,,,,,,,,,,0,,,,,
WQP_USA_2026,MNPCA-S006-735,Surface Water,44.934203,-93.04932,2024,7/22/2024,,EPA 1633,,,0.5,0.9,,,,,0.74,0.51,,,,,,,,,,,0.57,,0.65,6.31,,,,,,,,,,,,,,,,,,,,,,,,,,,,,,
WQP_USA_2026,MNPCA-S006-749,Surface Water,44.765961,-92.873407,2024,7/22/2024,,EPA 1633,,,,2.26,,,,,,0.59,,,,,,,,,,,0.8,,0.64,8.42,,,,,,,,,,,,,,,,,,,,,,,,,,,,,,
WQP_USA_2026,MNPCA-S006-754,Surface Water,44.918639,-93.13003,2024,7/22/2024,,EPA 1633,,,0.53,0.98,,,,0.22,0.71,0.72,,,,,,,,,,,0.67,,0.69,7.29,,,,,,,,,,,,,,,,,,,,,,,,,,,,,,
WQP_USA_2026,MNPCA-S009-001,Surface Water,44.773681,-92.995679,2024,7/22/2024,,EPA 1633,,,1.16,2.61,,,,0.41,1.09,0.69,,,,,,,,,,,0.8,,0.69,7.98,,,,,,,,,,,,,,,,,,,,,,,,,,,,,,
WQP_USA_2026,MNPCA-S014-093,Surface Water,44.859582,-93.007767,2024,7/22/2024,,EPA 1633,,,1.66,3.97,,,,0.54,1.2,0.5,,,,,,,,,,,0.94,,0.81,10.3,,,,,,,,,,,,,,,,,,,,,,,,,,,,,,
WQP_USA_2026,MNPCA-S015-203,Surface Water,44.882698,-93.01605,2024,7/22/2024,,EPA 1633,,,1.54,3.04,,,,0.43,1.12,0.65,,,,,,,,,,,0.86,,0.72,8.43,,,,,,,,,,,,,,,,,,,,,,,,,,,,,,
WQP_USA_2026,MNPCA-S016-659,Surface Water,44.774304,-93.015566,2024,7/22/2024,,EPA 1633,,,0.82,1.34,,,,0.27,0.81,0.64,,,,,,,,,,,0.69,,0.68,7.67,,,,,,,,,,,,,,,,,,,,,,,,,,,,,,
WQP_USA_2026,MNPCA-S016-662,Surface Water,44.814432,-93.006866,2024,7/22/2024,,EPA 1633,,,0.74,1.44,,,,0.31,0.84,0.56,,,,,,,,,,,0.73,,0.69,7.8,,,,,,,,,,,,,,,,,,,,,,,,,,,,,,
WQP_USA_2026,MNPCA-S016-884,Surface Water,44.905849,-93.193958,2024,7/22/2024,,EPA 1633,,,0.51,1.02,,,,0.33,1.03,0.81,,,,,,,,,,,1.15,,0.89,8.45,,,,,,,,,,,,,,,,,,,,,,,,,,,,,,
WQP_USA_2026,WYDEQ_WATERSHED-NGP0290,Surface Water,42.47809,-104.94612,2024,7/21/2024,,EPA 8327,,,,,,,,,,,,,,,,,,,,,,,,,,,,,,,,,,,,,,,,,,,,,,,,,0,,,,,
WQP_USA_2026,WYDEQ_WATERSHED-NGP0291,Surface Water,42.36369,-104.90809,2024,7/21/2024,,EPA 8327,,,,,,,,,,,,,,,,,,,,,,,,,,,,,,,,,,,,,,,,,,,,,,,,,0,,,,,
WQP_USA_2026,MNPCA-S016-841,Surface Water,44.0567,-91.6371,2024,7/17/2024,,EPA 1633,,,1.08,1.8,,,,,0.87,0.67,,,,,,,,,,,0.92,,0.8,10,,,,,,,,,,,,,,,,,,,,,,,,,,,,,,
WQP_USA_2026,WYDEQ_WATERSHED-NGP0288,Surface Water,43.70398,-106.65977,2024,7/17/2024,,EPA 8327,,,,,,,,,,,,,,,,,,,,,,,,,,,,,,,,,,,,,,,,,,,,,,,,,0,,,,,
WQP_USA_2026,MNPCA-25-0001-00-232,Surface Water,44.487584,-92.290317,2024,7/16/2024,,EPA 1633,,,1.34,1.97,,,,0.24,0.92,0.69,,,,,,,,,,,1.03,,0.73,11.1,,,,,,,,,,,,,,,,,,,,,,,,,,,,,,
WQP_USA_2026,MNPCA-S000-067,Surface Water,43.80923,-91.25816,2024,7/16/2024,,EPA 1633,,,1.2,1.66,,,,0.25,0.98,0.66,,,,,,,,,,,0.84,,0.73,10.2,,,,,,,,,,,,,,,,,,,,,,,,,,,,,,
WQP_USA_2026,MNPCA-S000-155,Surface Water,47.453,-94.711,2024,7/16/2024,,EPA 1633,,,,0.4,,,,,,0.4,,,,,,,,,,,,,0.34,2.41,,,,,,,,,,,,,,,,,,,,,,,,,,,,,,
WQP_USA_2026,MNPCA-S000-250,Surface Water,47.337528,-91.200111,2024,7/16/2024,,EPA 1633,,,,0.52,,,,,,0.66,,,,,,,,,,,,,0.23,6.05,,,,,,,,,,,,,,,,,,,,,,,,,,,,,,
WQP_USA_2026,MNPCA-S000-253,Surface Water,47.707222,-90.5225,2024,7/16/2024,,EPA 1633,,,,0.33,,,,,,0.58,,,,,,,,,,,,,0.19,3.65,,,,,,,,,,,,,,,,,,,,,,,,,,,,,,
WQP_USA_2026,MNPCA-S001-897,Surface Water,47.451119,-94.906574,2024,7/16/2024,,EPA 1633,,,,0.38,,,0.31,,,0.65,,,,,,,,,,,,,0.24,4.88,,,,,,,,,,,,,,,,,,,,,,,,,,,,,,
WQP_USA_2026,MNPCA-S003-663,Surface Water,46.709444,-93.484444,2024,7/16/2024,,EPA 1633,,,,0.62,,,,,,1.01,,,,,,,,,,,0.61,,0.39,6.88,,,,,,,,,,,,,,,,,,,,,,,,,,,,,,
WQP_USA_2026,MNPCA-S004-406,Surface Water,47.6402,-90.7107,2024,7/16/2024,,EPA 1633,,,,,,,,,,0.41,,,,,,,,,,,,,,2.44,,,,,,,,,,,,,,,,,,,,,,,,,,,,,,
WQP_USA_2026,MNPCA-S004-954,Surface Water,47.46407,-91.03071,2024,7/16/2024,,EPA 1633,,,,,,,,,,,,,,,,,,,,,,,,2.38,,,,,,,,,,,,,,,,,,,,,,,,,,,,,,
WQP_USA_2026,MNPCA-S007-222,Surface Water,43.57581,-91.2334,2024,7/16/2024,,EPA 1633,,,1.27,1.85,,,,0.21,0.9,0.63,,,,,,,,,,,0.76,,0.74,9.95,,,,,,,,,,,,,,,,,,,,,,,,,,,,,,
WQP_USA_2026,MNPCA-S007-332,Surface Water,47.023084,-93.274436,2024,7/16/2024,,EPA 1633,,,,0.68,,,,,0.6,1.07,,,,,,,,,,,0.57,,0.39,6.87,,,,,,,,,,,,,,,,,,,,,,,,,,,,,,
WQP_USA_2026,MNPCA-S007-333,Surface Water,47.216222,-93.486839,2024,7/16/2024,,EPA 1633,,,,0.58,,,,,0.58,0.87,,,,,,,,,,,0.57,,0.33,6.32,,,,,,,,,,,,,,,,,,,,,,,,,,,,,,
WQP_USA_2026,MNPCA-S007-334,Surface Water,47.250893,-93.592809,2024,7/16/2024,,EPA 1633,,,,0.6,,,,,0.52,0.94,,,,,,,,,,,0.55,,0.33,6.36,,,,,,,,,,,,,,,,,,,,,,,,,,,,,,
WQP_USA_2026,MNPCA-S007-415,Surface Water,47.615772,-90.776651,2024,7/16/2024,,EPA 1633,,,,,,,,,,0.36,,,,,,,,,,,,,,3.14,,,,,,,,,,,,,,,,,,,,,,,,,,,,,,
WQP_USA_2026,MNPCA-S007-548,Surface Water,47.547018,-90.90199,2024,7/16/2024,,EPA 1633,,,,0.24,,,,,,0.53,,,,,,,,,,,,,,3.23,,,,,,,,,,,,,,,,,,,,,,,,,,,,,,
WQP_USA_2026,MNPCA-S008-062,Surface Water,44.602348,-92.568169,2024,7/16/2024,,EPA 1633,,,1.32,2.2,,,,0.24,1.08,0.7,,,,,,,,,,,1.11,,0.72,11.3,,,,,,,,,,,,,,,,,,,,,,,,,,,,,,
WQP_USA_2026,MNPCA-S008-994,Surface Water,44.563188,-92.459991,2024,7/16/2024,,EPA 1633,,,1.33,2.11,,,,0.22,0.85,0.57,,,,,,,,,,,1.14,,0.88,11.7,,,,,,,,,,,,,,,,,,,,,,,,,,,,,,
WQP_USA_2026,MNPCA-S008-996,Surface Water,44.652178,-92.642098,2024,7/16/2024,,EPA 1633,,,1.37,2.28,,,,0.23,0.84,0.61,,,,,,,,,,,1.16,,0.72,11.8,,,,,,,,,,,,,,,,,,,,,,,,,,,,,,
WQP_USA_2026,MNPCA-S012-288,Surface Water,44.02332,-91.53606,2024,7/16/2024,,EPA 1633,,,1.27,1.84,,,,0.2,0.91,0.67,,,,,,,,,,,1,,0.76,10.3,,,,,,,,,,,,,,,,,,,,,,,,,,,,,,
WQP_USA_2026,MNPCA-S017-278,Surface Water,44.613298,-92.619241,2024,7/16/2024,,EPA 1633,,,1.24,2.21,,,,0.22,0.93,0.57,,,,,,,,,,,1.01,,0.65,11.2,,,,,,,,,,,,,,,,,,,,,,,,,,,,,,
WQP_USA_2026,MNPCA-S017-279,Surface Water,44.410198,-92.092785,2024,7/16/2024,,EPA 1633,,,1.3,1.95,,,,0.19,0.89,0.53,,,,,,,,,,,1.03,,0.73,11,,,,,,,,,,,,,,,,,,,,,,,,,,,,,,
WQP_USA_2026,MNPCA-S017-280,Surface Water,43.776342,-91.246194,2024,7/16/2024,,EPA 1633,,,1.17,1.83,,,,0.3,0.83,0.68,,,,,,,,,,,0.94,,0.74,9.95,,,,,,,,,,,,,,,,,,,,,,,,,,,,,,
WQP_USA_2026,MNPCA-S017-281,Surface Water,43.500363,-91.21645,2024,7/16/2024,,EPA 1633,,,1.13,1.75,,,,,0.93,0.6,,,,,,,,,,,0.93,,0.64,9.36,,,,,,,,,,,,,,,,,,,,,,,,,,,,,,
WQP_USA_2026,WYDEQ_WATERSHED-SR0115,Surface Water,42.005618,-105.261563,2024,7/16/2024,,EPA 8327,,,,,,,,,,,,,,,,,,,,,,,,,,,,,,,,,,,,,,,,,,,,,,,,,0,,,,,
WQP_USA_2026,MNPCA-S000-151,Surface Water,46.074417,-94.334806,2024,7/15/2024,,EPA 1633,,,,0.68,,,,,0.57,0.78,,,,,,,,,,,0.42,,0.49,7.65,,,,,,,,,,,,,,,,,,,,,,,,,,,,,,
WQP_USA_2026,MNPCA-S000-152,Surface Water,46.54425,-93.955889,2024,7/15/2024,,EPA 1633,,,,0.7,,,0.32,,0.59,1.08,,,,,,,,,,,0.72,,0.47,8.28,,,,,,,,,,,,,,,,,,,,,,,,,,,,,,
WQP_USA_2026,MNPCA-S000-570,Surface Water,46.281389,-94.331389,2024,7/15/2024,,EPA 1633,,,,0.75,,,0.34,,0.56,0.95,,,,,,,,,,,0.61,,0.46,7.61,,,,,,,,,,,,,,,,,,,,,,,,,,,,,,
WQP_USA_2026,MNPCA-S007-331,Surface Water,45.961727,-94.38348,2024,7/15/2024,,EPA 1633,,,,0.76,,,0.31,,0.58,1.07,,,,,,,,,,,0.83,,0.49,7.73,,,,,,,,,,,,,,,,,,,,,,,,,,,,,,
WQP_USA_2026,MNPCA-S007-337,Surface Water,46.360681,-94.211255,2024,7/15/2024,,EPA 1633,,,,0.65,,,0.34,,,0.89,,,,,,,,,,,0.6,,0.46,7.64,,,,,,,,,,,,,,,,,,,,,,,,,,,,,,
WQP_USA_2026,MNPCA-S012-524,Surface Water,46.40732,-94.15672,2024,7/15/2024,,EPA 1633,,,,0.8,,,0.36,,0.61,1.02,,,,,,,,,,,0.66,,0.43,7.66,,,,,,,,,,,,,,,,,,,,,,,,,,,,,,
WQP_USA_2026,WYDEQ_WATERSHED-NGP0285,Surface Water,43.61835,-104.20883,2024,7/15/2024,,EPA 8327,,,,,,,,,,,,,,,,,,,,,,,,,,,,,,,,,,,,,,,,,,,,,,,,,0,,,,,
WQP_USA_2026,WYDEQ_WATERSHED-SR0114,Surface Water,41.124377,-106.0144468,2024,7/15/2024,,EPA 8327,,,,,,,,,,,,,,,,,,,,,,,,,,,,,,,,,,,,,,,,,,,,,,,,,0,,,,,
WQP_USA_2026,MNPCA-S016-671,Surface Water,44.748188,-92.814781,2024,7/10/2024,,EPA 1633,,,1.39,2.05,,,,0.41,0.99,0.62,,,,,,,,,,,1.05,,0.76,10.1,,,,,,,,,,,,,,,,,,,,,,,,,,,,,,
WQP_USA_2026,MNPCA-16-0027-00-201,Surface Water,48.049924,-90.064029,2024,7/9/2024,,EPA 1633,,,,0.24,,,,,,0.35,,,,,,,,,,,1.47,,,1.15,,,,,,,,,,,,,,,,,,,,,,,,,,,,,,
WQP_USA_2026,MNPCA-S000-251,Surface Water,47.81823,-90.0518,2024,7/9/2024,,EPA 1633,,,,0.22,,,,,,0.3,,,,,,,,,,,,,,1.87,,,,,,,,,,,,,,,,,,,,,,,,,,,,,,
WQP_USA_2026,MNPCA-S000-864,Surface Water,47.793639,-90.154861,2024,7/9/2024,,EPA 1633,,,,,,,,,,0.26,,,,,,,,,,,,,,1.22,,,,,,,,,,,,,,,,,,,,,,,,,,,,,,
WQP_USA_2026,MNPCA-S000-865,Surface Water,47.784861,-90.182306,2024,7/9/2024,,EPA 1633,,,,0.22,,,,,,0.39,,,,,,,,,,,,,,1.93,,,,,,,,,,,,,,,,,,,,,,,,,,,,,,
WQP_USA_2026,MNPCA-S000-909,Surface Water,47.769949,-90.2611,2024,7/9/2024,,EPA 1633,,,,0.3,,,,,,0.46,,,,,,,,,,,0.29,,0.22,2.16,,,,,,,,,,,,,,,,,,,,,,,,,,,,,,
WQP_USA_2026,MNPCA-S004-283,Surface Water,47.84011,-89.965832,2024,7/9/2024,,EPA 1633,,,,,,,,,,0.28,,,,,,,,,,,,,,1.56,,,,,,,,,,,,,,,,,,,,,,,,,,,,,,
WQP_USA_2026,MNPCA-16-0147-00-202,Surface Water,48.053315,-90.38301,2024,7/8/2024,,EPA 1633,,,,0.67,,,,,,0.6,,,,,,,,,,,1.12,,,2.13,,,,,,,,,,,,,,,,,,,,,,,,,,,,,,
WQP_USA_2026,MNPCA-S000-265,Surface Water,47.639556,-90.847694,2024,7/8/2024,,EPA 1633,,,,0.18,,,,,,0.28,,,,,,,,,,,,,,,,,,,,,,,,,,,,,,,,,,,,,,,,,,,,
WQP_USA_2026,MNPCA-S003-018,Surface Water,44.9932,-93.2732,2024,7/8/2024,,EPA 1633,,,,0.78,,,,,0.84,0.71,,,,,,,,,,,0.93,,0.68,9.53,,,,,,,,,,,,,,,,,,,,,,,,,,,,,,
WQP_USA_2026,MNPCA-S004-308,Surface Water,45.32016,-93.81419,2024,7/8/2024,,EPA 1633,,,,0.66,,,,,0.68,0.96,,,,,,,,,,,0.84,,0.56,8.67,,,,,,,,,,,,,,,,,,,,,,,,,,,,,,
WQP_USA_2026,MNPCA-S006-163,Surface Water,45.59723,-94.18272,2024,7/8/2024,,EPA 1633,,,,0.65,,,,,0.57,0.96,,,,,,,,,,,0.88,,0.48,8.78,,,,,,,,,,,,,,,,,,,,,,,,,,,,,,
WQP_USA_2026,MNPCA-S007-326,Surface Water,47.929219,-90.307112,2024,7/8/2024,,EPA 1633,,,,0.28,,,,,,0.56,,,,,,,,,,,,,,2.23,,,,,,,,,,,,,,,,,,,,,,,,,,,,,,
WQP_USA_2026,MNPCA-S007-329,Surface Water,45.25503,-93.535499,2024,7/8/2024,,EPA 1633,,,,0.66,,,0.28,,0.8,0.77,,,,,,,,,,,0.83,,0.69,8.82,,,,,,,,,,,,,,,,,,,,,,,,,,,,,,
WQP_USA_2026,MNPCA-S007-330,Surface Water,45.434703,-94.051301,2024,7/8/2024,,EPA 1633,,,,0.67,,,,,0.75,0.87,,,,,,,,,,,0.7,,0.6,8.28,,,,,,,,,,,,,,,,,,,,,,,,,,,,,,
WQP_USA_2026,MNPCA-S007-335,Surface Water,45.305158,-93.685621,2024,7/8/2024,,EPA 1633,,,,0.63,,,,,0.68,0.88,,,,,,,,,,,0.7,,0.57,8.75,,,,,,,,,,,,,,,,,,,,,,,,,,,,,,
WQP_USA_2026,MNPCA-S007-336,Surface Water,45.517842,-94.140705,2024,7/8/2024,,EPA 1633,,,,0.68,,,,,0.63,1,,,,,,,,,,,0.68,,0.55,8.56,,,,,,,,,,,,,,,,,,,,,,,,,,,,,,
WQP_USA_2026,MNPCA-S007-544,Surface Water,47.4242,-91.2337,2024,7/8/2024,,EPA 1633,,,,0.22,,,,,,0.27,,,,,,,,,,,,,,2.43,,,,,,,,,,,,,,,,,,,,,,,,,,,,,,
WQP_USA_2026,MNPCA-S007-545,Surface Water,47.4147,-91.246044,2024,7/8/2024,,EPA 1633,,,,0.46,,,,,,0.67,,,,,,,,,,,,,0.25,4.57,,,,,,,,,,,,,,,,,,,,,,,,,,,,,,
WQP_USA_2026,MNPCA-S007-783,Surface Water,47.503471,-91.113355,2024,7/8/2024,,EPA 1633,,,,0.34,,,,,,0.54,,,,,,,,,,,,,0.24,3.64,,,,,,,,,,,,,,,,,,,,,,,,,,,,,,
WQP_USA_2026,WYDEQ_WATERSHED-SR0113,Surface Water,42.729,-106.173,2024,7/8/2024,,EPA 8327,,,,,,,,,,,,,,,,,,,,,,,,,,,,,,,,,,,,,,,,,,,,,,,,,0,,,,,
WQP_USA_2026,MNPCA-31-0532-01-205,Surface Water,47.19922,-93.612317,2024,7/2/2024,,EPA 1633,,,,0.4,,,,,0.42,0.56,,,,,,,,,,,0.4,,0.28,3.2,,,,,,,,,,,,,,,,,,,,,,,,,,,,,,
WQP_USA_2026,MNPCA-31-0532-02-208,Surface Water,47.165225,-93.537845,2024,7/2/2024,,EPA 1633,,,,0.53,,,,,0.46,0.49,,,,,,,,,,,,,0.3,2.99,,,,,,,,,,,,,,,,,,,,,,,,,,,,,,
WQP_USA_2026,WYDEQ_WATERSHED-WHP0081,Surface Water,41.62,-104.59,2024,7/2/2024,,EPA 8327,,,,,,,,,,,,,,,,,,,,,,,,,,,,,,,,,,,,,,,,,,,,,,,,,0,,,,,
WQP_USA_2026,MNPCA-29-0237-00-100,Surface Water,47.39378,-94.971638,2024,7/1/2024,,EPA 1633,,,,,,,,,,0.37,,,,,,,,,,,,,,1.82,,,,,,,,,,,,,,,,,,,,,,,,,,,,,,
WQP_USA_2026,MNPCA-29-0309-00-101,Surface Water,47.335958,-95.170548,2024,7/1/2024,,EPA 1633,,,,,,,,,,,,,,,,,,,,,,,,0.78,,,,,,,,,,,,,,,,,,,,,,,,,,,,,,
WQP_USA_2026,MNPCA-S017-313,Surface Water,47.239728,-95.158181,2024,7/1/2024,,EPA 1633,,,,,,,,,,,,,,,,,,,,,,,,0.56,,,,,,,,,,,,,,,,,,,,,,,,,,,,,,
WQP_USA_2026,MNPCA-S000-864,Surface Water,47.793639,-90.154861,2024,6/26/2024,,EPA 1633,,,,0.25,,,,,,0.41,,,,,,,,,,,,,0.18,2.39,,,,,,,,,,,,,,,,,,,,,,,,,,,,,,
WQP_USA_2026,MNPCA-S000-865,Surface Water,47.784861,-90.182306,2024,6/26/2024,,EPA 1633,,,0.39,0.67,,,,,0.27,0.6,,,,,,,,,,,,,0.19,2.8,,,,,,,,,,,,,,,,,,,,,,,,,,,,,,
WQP_USA_2026,MNPCA-S000-909,Surface Water,47.769949,-90.2611,2024,6/26/2024,,EPA 1633,,,0.37,0.55,,,,,0.42,0.72,,,,,,,,,,,0.46,,0.25,3.11,,,,,,,,,,,,,,,,,,,,,,,,,,,,,,
WQP_USA_2026,MNPCA-S002-996,Surface Water,48.71724,-96.49442,2024,6/26/2024,,EPA 1633,,,,0.41,,,,,0.61,0.84,,,,,,,,,,,0.76,,0.62,12.2,,,,,,,,,,,,,,,,,,,,,,,,,,,,,,
WQP_USA_2026,MNPCA-S003-099,Surface Water,48.760035,-96.922333,2024,6/26/2024,,EPA 1633,,,,0.29,,,,,,0.69,,,,,,,,,,,,,0.42,6.89,,,,,,,,,,,,,,,,,,,,,,,,,,,,,,
WQP_USA_2026,MNPCA-S003-100,Surface Water,48.76562,-96.88681,2024,6/26/2024,,EPA 1633,,,,0.72,,,,,0.89,1.6,,,,,,,,,,,0.96,,0.54,15.5,,,,,,,,,,,,,,,,,,,,,,,,,,,,,,
WQP_USA_2026,MNPCA-16-0027-00-201,Surface Water,48.049924,-90.064029,2024,6/25/2024,,EPA 1633,,,,0.29,,,,,,0.39,,,,,,,,,,,1.2,,,1.12,,,,,,,,,,,,,,,,,,,,,,,,,,,,,,
WQP_USA_2026,MNPCA-16-0147-00-202,Surface Water,48.053315,-90.38301,2024,6/25/2024,,EPA 1633,,,,0.51,,,,,,0.57,,,,,,,,,,,0.59,,,1.93,,,,,,,,,,,,,,,,,,,,,,,,,,,,,,
WQP_USA_2026,MNPCA-S000-250,Surface Water,47.337528,-91.200111,2024,6/25/2024,,EPA 1633,,,,0.37,,,,,,0.62,,,,,,,,,,,,,,4.62,,,,,,,,,,,,,,,,,,,,,,,,,,,,,,
WQP_USA_2026,MNPCA-S000-251,Surface Water,47.81823,-90.0518,2024,6/25/2024,,EPA 1633,,,,0.22,,,,,,0.5,,,,,,,,,,,0.6,,,1.9,,,,,,,,,,,,,,,,,,,,,,,,,,,,,,
WQP_USA_2026,MNPCA-S000-253,Surface Water,47.707222,-90.5225,2024,6/25/2024,,EPA 1633,,,,0.31,,,,,,0.45,,,,,,,,,,,,,,3.04,,,,,,,,,,,,,,,,,,,,,,,,,,,,,,
WQP_USA_2026,MNPCA-S000-265,Surface Water,47.639556,-90.847694,2024,6/25/2024,,EPA 1633,,,,0.3,,,,,,0.65,,,,,,,,,,,,,0.21,3.04,,,,,,,,,,,,,,,,,,,,,,,,,,,,,,
WQP_USA_2026,MNPCA-S004-283,Surface Water,47.84011,-89.965832,2024,6/25/2024,,EPA 1633,,,,,,,,,,0.32,,,,,,,,,,,,,0.2,2.1,,,,,,,,,,,,,,,,,,,,,,,,,,,,,,
WQP_USA_2026,MNPCA-S004-406,Surface Water,47.6402,-90.7107,2024,6/25/2024,,EPA 1633,,,,0.29,,,,,,0.52,,,,,,,,,,,,,0.23,4.02,,,,,,,,,,,,,,,,,,,,,,,,,,,,,,
WQP_USA_2026,MNPCA-S004-954,Surface Water,47.46407,-91.03071,2024,6/25/2024,,EPA 1633,,,,,,,,,,,,,,,,,,,,,,,,1.33,,,,,,,,,,,,,,,,,,,,,,,,,,,,,,
WQP_USA_2026,MNPCA-S007-326,Surface Water,47.929219,-90.307112,2024,6/25/2024,,EPA 1633,,,,0.27,,,,,,0.52,,,,,,,,,,,0.61,,,2.37,,,,,,,,,,,,,,,,,,,,,,,,,,,,,,
WQP_USA_2026,MNPCA-S007-415,Surface Water,47.615772,-90.776651,2024,6/25/2024,,EPA 1633,,,,,,,,,,,,,,,,,,,,,,,,2.39,,,,,,,,,,,,,,,,,,,,,,,,,,,,,,
WQP_USA_2026,MNPCA-S007-548,Surface Water,47.547018,-90.90199,2024,6/25/2024,,EPA 1633,,,,0.3,,,,,,0.74,,,,,,,,,,,,,,4.13,,,,,,,,,,,,,,,,,,,,,,,,,,,,,,
WQP_USA_2026,MNPCA-S007-544,Surface Water,47.4242,-91.2337,2024,6/24/2024,,EPA 1633,,,,0.29,,,,,,0.63,,,,,,,,,,,,,0.22,3.09,,,,,,,,,,,,,,,,,,,,,,,,,,,,,,
WQP_USA_2026,MNPCA-S007-545,Surface Water,47.4147,-91.246044,2024,6/24/2024,,EPA 1633,,,,0.5,,,,,0.32,0.9,,,,,,,,,,,,,0.28,6.44,,,,,,,,,,,,,,,,,,,,,,,,,,,,,,
WQP_USA_2026,MNPCA-S007-783,Surface Water,47.503471,-91.113355,2024,6/24/2024,,EPA 1633,,,,0.42,,,,,,0.66,,,,,,,,,,,,,0.29,4.69,,,,,,,,,,,,,,,,,,,,,,,,,,,,,,
WQP_USA_2026,MNPCA-31-0532-01-205,Surface Water,47.19922,-93.612317,2024,6/20/2024,,EPA 1633,,,,0.42,,,,,0.35,0.5,,,,,,,,,,,,,0.27,3.04,,,,,,,,,,,,,,,,,,,,,,,,,,,,,,
WQP_USA_2026,MNPCA-31-0532-02-208,Surface Water,47.165225,-93.537845,2024,6/20/2024,,EPA 1633,,,,0.46,,,,,0.47,0.42,,,,,,,,,,,,,0.29,3.01,,,,,,,,,,,,,,,,,,,,,,,,,,,,,,
WQP_USA_2026,MNPCA-31-0532-02-208,Surface Water,47.165225,-93.537845,2024,6/18/2024,,EPA 1633,,,,0.36,,,,,0.47,0.42,,,,,,,,,,,0.3,,0.28,4.7,,,,,,,,,,,,,,,,,,,,,,,,,,,,,,
WQP_USA_2026,MNPCA-S004-308,Surface Water,45.32016,-93.81419,2024,6/18/2024,,EPA 1633,,,0.32,0.53,,,0.3,0.13,0.54,0.76,,,,,,,,,,,0.6,,0.51,5.78,,,,,,,,,,,,,,,,,,,,,,,,,,,,,,
WQP_USA_2026,MNPCA-S006-163,Surface Water,45.59723,-94.18272,2024,6/18/2024,,EPA 1633,,,0.23,0.6,,,,,0.51,0.82,,,,,,,,,,,0.43,,0.4,6.17,,,,,,,,,,,,,,,,,,,,,,,,,,,,,,
WQP_USA_2026,MNPCA-S007-330,Surface Water,45.434703,-94.051301,2024,6/18/2024,,EPA 1633,,,0.33,0.64,,,0.29,0.2,0.67,0.59,,,,,,,,,,,0.84,,0.57,5.99,,,,,,,,,,,,,,,,,,,,,,,,,,,,,,
WQP_USA_2026,MNPCA-S007-335,Surface Water,45.305158,-93.685621,2024,6/18/2024,,EPA 1633,,,0.22,0.45,,,,0.12,0.48,0.68,,,,,,,,,,,0.4,,0.48,5.22,,,,,,,,,,,,,,,,,,,,,,,,,,,,,,
WQP_USA_2026,MNPCA-S007-336,Surface Water,45.517842,-94.140705,2024,6/18/2024,,EPA 1633,,,0.26,0.57,,,,,0.62,0.62,,,,,,,,,,,0.48,,0.41,5.72,,,,,,,,,,,,,,,,,,,,,,,,,,,,,,
WQP_USA_2026,TEPA29-SW-1F,Surface Water,33.717253,-116.194546,2024,6/18/2024,,EPA 537.1,,,,,,,,,,,,,,,,,,,,,,,,,,,,,,,,,,0,,,,,,,,,,,,,,,,,,,,
WQP_USA_2026,WYDEQ_WATERSHED-WB0583,Surface Water,42.42099,-110.36055,2024,6/18/2024,,EPA 8327,,,,,,,,,,,,,,,,,,,,,,,,,,,,,,,,,,,,,,,,,,,,,,,,,0,,,,,
WQP_USA_2026,MNPCA-16-0027-00-201,Surface Water,48.049924,-90.064029,2024,6/17/2024,,EPA 1633,,,,0.34,,,,,,0.47,,,,,,,,,,,1.65,,,1.39,,,,,,,,,,,,,,,,,,,,,,,,,,,,,,
WQP_USA_2026,MNPCA-S003-018,Surface Water,44.9932,-93.2732,2024,6/17/2024,,EPA 1633,,,0.44,0.85,,,0.34,0.21,0.81,0.66,,,,,,,,,,,0.88,,0.71,8.13,,,,,,,,,,,,,,,,,,,,,,,,,,,,,,
WQP_USA_2026,MNPCA-S007-329,Surface Water,45.25503,-93.535499,2024,6/17/2024,,EPA 1633,,,0.42,0.67,,,0.35,0.19,0.76,0.75,,,,,,,,,,,0.67,,0.77,6.82,,,,,,,,,,,,,,,,,,,,,,,,,,,,,,
WQP_USA_2026,WYDEQ_WATERSHED-WB0582,Surface Water,41.69606,-110.97992,2024,6/17/2024,,EPA 8327,,,,,,,,,,,,,,,,,,,,,,,,,,,,,,,,,,,,,,,,,,,,,,,,,0,,,,,
WQP_USA_2026,MNPCA-29-0237-00-100,Surface Water,47.39378,-94.971638,2024,6/6/2024,,EPA 1633,,,,,,,,,,0.38,,,,,,,,,,,,,,,,,,,,,,,,,,,,,,,,,,,,,,,,,,,,
WQP_USA_2026,MNPCA-S017-313,Surface Water,47.239728,-95.158181,2024,6/5/2024,,EPA 1633,,,,,,,,,,,,,,,,,,,,,,,,0.48,,,,,,,,,,,,,,,,,,,,,,,,,,,,,,
WQP_USA_2026,WYDEQ_WATERSHED-NGP0289,Surface Water,44.85475,-104.23228,2024,6/4/2024,,EPA 8327,,,,,,,,,,,,,,,,,,,,,,,,,,,,,,,,,,,,,,,,,,,,,,,,,0,,,,,
WQP_USA_2026,WYDEQ_WATERSHED-NGP0285,Surface Water,43.61835,-104.20883,2024,6/3/2024,,EPA 8327,,,,,,,,,,,,,,,,,,,,,,,,,,,,,,,,,,,,,,,,,,,,,,,,,0,,,,,
WQP_USA_2026,MNPCA-S003-018,Surface Water,44.9932,-93.2732,2024,5/30/2024,,EPA 1633,,,,0.49,,,,0.2,0.57,0.55,,,,,,,,,,,0.71,,0.79,7.79,,,,,,,,,,,,,,,,,,,,,,,,,,,,,,
WQP_USA_2026,MNPCA-S007-329,Surface Water,45.25503,-93.535499,2024,5/30/2024,,EPA 1633,,,,0.38,,,,,0.54,0.47,,,,,,,,,,,0.49,,0.71,6.69,,,,,,,,,,,,,,,,,,,,,,,,,,,,,,
WQP_USA_2026,MNPCA-31-0532-01-205,Surface Water,47.19922,-93.612317,2024,5/29/2024,,EPA 1633,,,,0.41,,,,,0.5,0.57,,,,,,,,,,,0.3,,0.31,4.29,,,,,,,,,,,,,,,,,,,,,,,,,,,,,,
WQP_USA_2026,MNPCA-31-0532-02-208,Surface Water,47.165225,-93.537845,2024,5/29/2024,,EPA 1633,,,,0.45,,,,,0.42,0.52,,,,,,,,,,,0.28,,0.29,5.03,,,,,,,,,,,,,,,,,,,,,,,,,,,,,,
WQP_USA_2026,MNPCA-S004-308,Surface Water,45.32016,-93.81419,2024,5/29/2024,,EPA 1633,,,,0.45,,,,,0.53,0.61,,,,,,,,,,,0.53,,0.6,6.89,,,,,,,,,,,,,,,,,,,,,,,,,,,,,,
WQP_USA_2026,MNPCA-S006-163,Surface Water,45.59723,-94.18272,2024,5/29/2024,,EPA 1633,,,,0.48,,,,,0.38,0.52,,,,,,,,,,,,,0.46,4.52,,,,,,,,,,,,,,,,,,,,,,,,,,,,,,
WQP_USA_2026,MNPCA-S007-330,Surface Water,45.434703,-94.051301,2024,5/29/2024,,EPA 1633,,,,0.39,,,,,0.56,0.52,,,,,,,,,,,0.43,,0.6,7.11,,,,,,,,,,,,,,,,,,,,,,,,,,,,,,
WQP_USA_2026,MNPCA-S007-335,Surface Water,45.305158,-93.685621,2024,5/29/2024,,EPA 1633,,,,0.48,,,,,0.45,0.52,,,,,,,,,,,0.51,,0.57,6.54,,,,,,,,,,,,,,,,,,,,,,,,,,,,,,
WQP_USA_2026,MNPCA-S007-336,Surface Water,45.517842,-94.140705,2024,5/29/2024,,EPA 1633,,,,0.47,,,,,0.3,0.53,,,,,,,,,,,,,0.41,4.42,,,,,,,,,,,,,,,,,,,,,,,,,,,,,,
WQP_USA_2026,MNPCA-29-0237-00-100,Surface Water,47.39378,-94.971638,2024,5/28/2024,,EPA 1633,,,,,,,,,,0.36,,,,,,,,,,,,,,3.86,,,,,,,,,,,,,,,,,,,,,,,,,,,,,,
WQP_USA_2026,MNPCA-29-0309-00-101,Surface Water,47.335958,-95.170548,2024,5/28/2024,,EPA 1633,,,,,,,,,,,,,,,,,,,,,,,,2.26,,,,,,,,,,,,,,,,,,,,,,,,,,,,,,
WQP_USA_2026,MNPCA-S017-313,Surface Water,47.239728,-95.158181,2024,5/28/2024,,EPA 1633,,,,,,,,,,,,,,,,,,,,,,,,0.46,,,,,,,,,,,,,,,,,,,,,,,,,,,,,,
WQP_USA_2026,MNPCA-16-0027-00-201,Surface Water,48.049924,-90.064029,2024,5/23/2024,,EPA 1633,,,,0.33,,,,,,0.4,,,,,,,,,,,1.73,,0.16,1.43,,,,,,,,,,,,,,,,,,,,,,,,,,,,,,
WQP_USA_2026,MNPCA-16-0147-00-202,Surface Water,48.053315,-90.38301,2024,5/23/2024,,EPA 1633,,,,0.66,,,0.32,,0.3,0.68,,,,,,,,,,,1.26,,0.18,1.89,,,,,,,,,,,,,,,,,,,,,,,,,,,,,,
WQP_USA_2026,MNPCA-S000-265,Surface Water,47.639556,-90.847694,2024,5/23/2024,,EPA 1633,,,,,,,,,,0.38,,,,,,,,,,,1.98,,0.28,2.67,,,,,,,,,,,,,,,,,,,,,,,,,,,,,,
WQP_USA_2026,MNPCA-S004-406,Surface Water,47.6402,-90.7107,2024,5/23/2024,,EPA 1633,,,,0.28,,,,,,0.51,,,,,,,,,,,,,0.31,2.94,,,,,,,,,,,,,,,,,,,,,,,,,,,,,,
WQP_USA_2026,MNPCA-S004-954,Surface Water,47.46407,-91.03071,2024,5/23/2024,,EPA 1633,,,,,,,,,,,,,,,,,,,,,,,,1.07,,,,,,,,,,,,,,,,,,,,,,,,,,,,,,
WQP_USA_2026,MNPCA-S007-415,Surface Water,47.615772,-90.776651,2024,5/23/2024,,EPA 1633,,,,,,,,,,,,,,,,,,,,,,,0.21,1.75,,,,,,,,,,,,,,,,,,,,,,,,,,,,,,
WQP_USA_2026,MNPCA-S007-548,Surface Water,47.547018,-90.90199,2024,5/23/2024,,EPA 1633,,,,,,,,,,0.53,,,,,,,,,,,,,0.26,1.59,,,,,,,,,,,,,,,,,,,,,,,,,,,,,,
WQP_USA_2026,MNPCA-S000-250,Surface Water,47.337528,-91.200111,2024,5/22/2024,,EPA 1633,,,,,,,,,,0.44,,,,,,,,,,,,,0.26,2.86,,,,,,,,,,,,,,,,,,,,,,,,,,,,,,
WQP_USA_2026,MNPCA-S000-251,Surface Water,47.81823,-90.0518,2024,5/22/2024,,EPA 1633,,,,0.29,,,,,,0.52,,,,,,,,,,,,,,1.77,,,,,,,,,,,,,,,,,,,,,,,,,,,,,,
WQP_USA_2026,MNPCA-S000-253,Surface Water,47.707222,-90.5225,2024,5/22/2024,,EPA 1633,,,,0.34,,,,,,0.67,,,,,,,,,,,,,0.32,3.41,,,,,,,,,,,,,,,,,,,,,,,,,,,,,,
WQP_USA_2026,MNPCA-S000-909,Surface Water,47.769949,-90.2611,2024,5/22/2024,,EPA 1633,,,,0.22,,,,,,0.44,,,,,,,,,,,,,0.28,1.63,,,,,,,,,,,,,,,,,,,,,,,,,,,,,,
WQP_USA_2026,MNPCA-S007-222,Surface Water,43.57581,-91.2334,2024,5/22/2024,,EPA 1633,,,0.95,1.6,,,,0.33,0.7,0.56,,,,,,,,,,,0.71,,1.41,6.97,,,,,,,,,,,,,,,,,,,,,,,,,,,,,,
WQP_USA_2026,MNPCA-S007-326,Surface Water,47.929219,-90.307112,2024,5/22/2024,,EPA 1633,,,,,,,,,,0.58,,,,,,,,,,,,,0.26,2.01,,,,,,,,,,,,,,,,,,,,,,,,,,,,,,
WQP_USA_2026,MNPCA-S007-544,Surface Water,47.4242,-91.2337,2024,5/22/2024,,EPA 1633,,,,,,,,,,0.33,,,,,,,,,,,,,,2.15,,,,,,,,,,,,,,,,,,,,,,,,,,,,,,
WQP_USA_2026,MNPCA-S007-545,Surface Water,47.4147,-91.246044,2024,5/22/2024,,EPA 1633,,,,0.3,,,,,,0.48,,,,,,,,,,,,,0.31,2.99,,,,,,,,,,,,,,,,,,,,,,,,,,,,,,
WQP_USA_2026,MNPCA-S014-093,Surface Water,44.859582,-93.007767,2024,5/15/2024,,EPA 1633,,,0.92,1.43,,,,0.31,0.69,0.42,,,,,,,,,,,0.81,,0.66,6.35,,,,,,,,,,,,,,,,,,,,,,,,0.28,,,,,,
WQP_USA_2026,MNPCA-S016-662,Surface Water,44.814432,-93.006866,2024,5/15/2024,,EPA 1633,,,0.57,0.57,,,,0.16,0.43,0.33,,,,,,,,,,,0.5,,0.52,3.72,,,,,,,,,,,,,,,,,,,,,,,,0.32,,,,,,
WQP_USA_2026,MNPCA-S000-155,Surface Water,47.453,-94.711,2024,5/14/2024,,EPA 1633,,,,0.34,,,,0.29,0.5,0.42,,,,,,,,,,,0.39,,0.4,4.02,,,,,,,,,,,,,,,,,,,,,,,,,,,,,,
WQP_USA_2026,MNPCA-S001-897,Surface Water,47.451119,-94.906574,2024,5/14/2024,,EPA 1633,,,,,,,,,,,,,,,,,,,,,,,0.21,3.63,,,,,,,,,,,,,,,,,,,,,,,,,,,,,,
WQP_USA_2026,MNPCA-S007-332,Surface Water,47.023084,-93.274436,2024,5/14/2024,,EPA 1633,,,,0.42,,,,,,0.78,,,,,,,,,,,0.71,,0.38,5.1,,,,,,,,,,,,,,,,,,,,,,,,,,,,,,
WQP_USA_2026,MNPCA-S007-333,Surface Water,47.216222,-93.486839,2024,5/14/2024,,EPA 1633,,,,0.33,,,,,0.54,0.76,,,,,,,,,,,,,0.37,7.14,,,,,,,,,,,,,,,,,,,,,,,,,,,,,,
WQP_USA_2026,MNPCA-S007-334,Surface Water,47.250893,-93.592809,2024,5/14/2024,,EPA 1633,,,,0.4,,,,,0.44,0.69,,,,,,,,,,,,,0.4,7.33,,,,,,,,,,,,,,,,,,,,,,,,,,,,,,
WQP_USA_2026,MNPCA-S007-595,Surface Water,46.84723,-92.111196,2024,5/14/2024,,EPA 1633,,,4.21,2.17,,,,10.6,2.81,1.11,0.16,,,,,,,,,,1.92,2.45,4.48,4.35,,,,,,,,,,,,,,,,,,,,,,,,,,,,,,
WQP_USA_2026,MNPCA-S008-994,Surface Water,44.563188,-92.459991,2024,5/14/2024,,EPA 1633,,,1.04,1.68,,,,0.4,0.66,0.52,,,,,,,,,,,0.69,,1.24,7.22,,,,,,,,,,,,,,,,,,,,,,,,,,,,,,
WQP_USA_2026,MNPCA-S009-117,Surface Water,46.856585,-92.099949,2024,5/14/2024,,EPA 1633,,,2.9,2.28,,,0.36,0.76,1.22,0.9,,,,,,,,,,,1.74,,1.71,5.38,,,,,,,,,,,,,,,,,,,,,,,,,,,,,,
WQP_USA_2026,MNPCA-S012-288,Surface Water,44.02332,-91.53606,2024,5/14/2024,,EPA 1633,,,0.94,1.58,,,,0.35,0.79,0.43,,,,,,,,,,,0.87,,1.18,6.75,,,,,,,,,,,,,,,,,,,,,,,,,,,,,,
WQP_USA_2026,MNPCA-S016-671,Surface Water,44.748188,-92.814781,2024,5/14/2024,,EPA 1633,,,1.4,2.18,,,,0.46,0.86,0.42,,,,,,,,,,,1.18,,0.8,8.9,,,,,,,,,,,,,,,,,,,,,,,,,,,,,,
WQP_USA_2026,MNPCA-S016-704,Surface Water,46.85166,-92.11111,2024,5/14/2024,,EPA 1633,,,2.79,1.88,,,,1.16,1.34,0.87,,,,,,,,,,,1.05,0.25,1.34,5,,,,,,,,,,,,,,,,,,,,,,,,,,,,,,
WQP_USA_2026,MNPCA-S017-278,Surface Water,44.613298,-92.619241,2024,5/14/2024,,EPA 1633,,,1.16,2,,,,0.35,0.74,0.38,,,,,,,,,,,0.86,,0.66,8.64,,,,,,,,,,,,,,,,,,,,,,,,,,,,,,
WQP_USA_2026,MNPCA-S017-315,Surface Water,46.856891,-92.096639,2024,5/14/2024,,EPA 1633,,,2.79,1.89,,,,0.77,1.09,0.89,,,,,,,,,,,2.2,,1.92,8.48,,,,,,,,,,,,,,,,,,,,,,,,,,,,,,
WQP_USA_2026,MNPCA-S017-316,Surface Water,46.855012,-92.103214,2024,5/14/2024,,EPA 1633,,,3.21,1.93,,,,0.76,1.38,0.69,,,,,,,,,,,1.07,,1.37,5.12,,,,,,,,,,,,,,,,,,,,,,,,0.16,,,,,,
WQP_USA_2026,MNPCA-S017-317,Surface Water,46.838223,-92.092966,2024,5/14/2024,,EPA 1633,,,3.49,1.98,,,,9.08,2.48,1,,,,,,,,,,,1.46,2.1,4.17,4.23,,,,,,,,,,,,,,,,,,,,,,,,,,,,,,
WQP_USA_2026,MNPCA-S017-318,Surface Water,46.852151,-92.112625,2024,5/14/2024,,EPA 1633,,,5.37,2.9,,,,16.4,3.97,1.49,0.22,,,,,,,,,,1.89,3.8,6.6,4.42,,,,,,,,,,,,,,,,,,,,,,,,,,,,,,
WQP_USA_2026,MNPCA-S017-319,Surface Water,46.841773,-92.100475,2024,5/14/2024,,EPA 1633,,,4.28,2.37,,,,10.9,2.65,0.94,0.15,,,,,,,,,,1.34,2.5,4.57,4.51,,,,,,,,,,,,,,,,,,,,,,,,,,,,,,
WQP_USA_2026,MNPCA-S000-067,Surface Water,43.80923,-91.25816,2024,5/13/2024,,EPA 1633,,,0.92,1.64,,,,0.29,0.68,0.42,,,,,,,,,,,0.71,,1.11,6.66,,,,,,,,,,,,,,,,,,,,,,,,,,,,,,
WQP_USA_2026,MNPCA-S000-152,Surface Water,46.54425,-93.955889,2024,5/13/2024,,EPA 1633,,,,0.37,,,,,0.35,0.56,,,,,,,,,,,,,0.43,4.12,,,,,,,,,,,,,,,,,,,,,,,,,,,,,,
WQP_USA_2026,MNPCA-S000-570,Surface Water,46.281389,-94.331389,2024,5/13/2024,,EPA 1633,,,,0.45,,,,,0.38,0.69,,,,,,,,,,,,,0.45,4.16,,,,,,,,,,,,,,,,,,,,,,,,,,,,,,
WQP_USA_2026,MNPCA-S007-222,Surface Water,43.57581,-91.2334,2024,5/13/2024,,EPA 1633,,,0.97,1.48,,,,0.36,0.79,0.42,,,,,,,,,,,0.88,,1.23,7.07,,,,,,,,,,,,,,,,,,,,,,,,,,,,,,
WQP_USA_2026,MNPCA-S007-331,Surface Water,45.961727,-94.38348,2024,5/13/2024,,EPA 1633,,,,0.4,,,,,0.44,0.57,,,,,,,,,,,,,0.34,4.11,,,,,,,,,,,,,,,,,,,,,,,,,,,,,,
WQP_USA_2026,MNPCA-S012-524,Surface Water,46.40732,-94.15672,2024,5/13/2024,,EPA 1633,,,,0.41,,,,,0.42,0.69,,,,,,,,,,,,,0.33,4.77,,,,,,,,,,,,,,,,,,,,,,,,,,,,,,
WQP_USA_2026,MNPCA-S016-841,Surface Water,44.0567,-91.6371,2024,5/13/2024,,EPA 1633,,,0.96,1.69,,,,0.3,0.64,0.41,,,,,,,,,,,0.79,,1.07,6.97,,,,,,,,,,,,,,,,,,,,,,,,,,,,,,
WQP_USA_2026,MNPCA-S017-279,Surface Water,44.410198,-92.092785,2024,5/13/2024,,EPA 1633,,,1.13,1.86,,,,0.43,0.74,0.45,,,,,,,,,,,1.07,,1.22,7.85,,,,,,,,,,,,,,,,,,,,,,,,,,,,,,
WQP_USA_2026,MNPCA-S017-280,Surface Water,43.776342,-91.246194,2024,5/13/2024,,EPA 1633,,,0.93,1.6,,,,0.32,0.71,0.49,,,,,,,,,,,0.81,,1.08,6.14,,,,,,,,,,,,,,,,,,,,,,,,,,,,,,
WQP_USA_2026,MNPCA-S017-281,Surface Water,43.500363,-91.21645,2024,5/13/2024,,EPA 1633,,,,1.58,,,,,0.72,,,,,,,,,,,,0.74,,1.27,6.16,,,,,,,,,,,,,,,,,,,,,,,,,,,,,,
WQP_USA_2026,GLEC-10014,Surface Water,32.92038,-109.83841,2024,5/3/2024,,EPA 1633,,,0,0,,0,0,0,0,0,0,0,0,0,0,,0,,,,0,0,22,0,0,0,,,,,,,0,0,,0,0,0,,0,0,0,0,,0,0,0,0,0,0,,0,0,0
WQP_USA_2026,MNPCA-PD00048,Surface Water,44.844547,-93.231477,2024,4/30/2024,,EPA 1633,,,4.44,3.01,,1.23,1.53,7.39,3.22,2.2,,0.48,,,,,,,,,3.6,0.5,0.69,10.8,0.26,0.25,,,,,,,,,,,,,,,,,,,,0.54,0.69,,,,,,,
WQP_USA_2026,SOUTHUTE-AR 10-8,Surface Water,37.126944,-107.891944,2024,4/16/2024,,EPA 1633,,,,,,,,,,,,0,,0,0,,,0,0,,,,,,,,,,,,,,,,,28.25,,23.3,,0,26,,,,,,,0,0,0,,0,,
WQP_USA_2026,SOUTHUTE-AR 15-4,Surface Water,37.187051,-107.878685,2024,4/16/2024,,EPA 1633,,,,,,,,,,,,0,,0,0,,,0,0,,,,,,,,,,,,,,,,,36.1,,31.4,,0,34.25,,,,,,,0,0,0,,0,,
WQP_USA_2026,SOUTHUTE-AR 2-7,Surface Water,37.03226,-107.8754,2024,4/16/2024,,EPA 1633,,,,,,,,,,,,0,,0,0,,,0,0,,,,,,,,,,,,,,,,,34.05,,21.7,,0,30.3,,,,,,,0,0,0,,0,,
WQP_USA_2026,SOUTHUTE-FLR 1-2,Surface Water,37.062072,-107.867906,2024,4/16/2024,,EPA 1633,,,,,,,,,,,,0,,0,0,,,0,0,,,,,,,,,,,,,,,,,25.6,,22.2,,0,24.3,,,,,,,0,0.75,0,,0,,
WQP_USA_2026,GLEC-10065,Surface Water,34.71448,-114.47841,2024,3/26/2024,,EPA 1633,,,0,0,,0,0,0,0,0,0,0,0,0,0,,0,,,,0,0,0,0,0,0,,,,,,,0,0,,0,0,0,,0,0,0,0,,0,0,0,0,0,0,,0,0,0
WQP_USA_2026,GLEC-10009,Surface Water,35.15629,-114.57068,2024,3/25/2024,,EPA 1633,,,0,0,,0,0,0,0,0,0,0,0,0,0,,0,,,,0,0,0,0,0,0,,,,,,,0,0,,0,0,0,,0,0,0,0,,0,0,0,0,0,0,,0,0,0
WQP_USA_2026,GLEC-10108,Surface Water,36.8433,-111.54888,2024,3/25/2024,,EPA 1633,,,0,0,,0,0,0,0,0,0,0,0,0,0,,0,,,,0,0,0,0,0,0,,,,,,,0,0,,0,0,0,,0,0,0,0,,0,0,0,0,0,0,,0,0,0
WQP_USA_2026,SOUTHUTE-AR 15-4,Surface Water,37.187051,-107.878685,2023,12/4/2023,,EPA 1633,,,,,,,,,,,,0,,0,0,,,0,0,,,,,,,,,,,,,,,,,27.2,,20,,0,22.1,,,10.2,,,,0,0,0,,0,,
WQP_USA_2026,SOUTHUTE-AR 2-7,Surface Water,37.03226,-107.8754,2023,12/4/2023,,EPA 1633,,,,,,,,,,,,0,,0,0,,,0,0,,,,,,,,,,,,,,,,,28.55,,21.3,,0,22.8,,,11.8,,,,0,0,0,,0,,
WQP_USA_2026,SOUTHUTE-FLR 1-2,Surface Water,37.062072,-107.867906,2023,12/4/2023,,EPA 1633,,,,,,,,,,,,0,,0,0,,,0,0,,,,,,,,,,,,,,,,,37.55,,27.7,,0,31.65,,,14,,,,0,1.8,0,,0,,
WQP_USA_2026,21NYDECA_WQX-24051,Surface Water,40.814226,-73.744182,2023,9/27/2023,,EPA 1633,,,4.3,16,,0,2.5,2.6,4.5,4.2,0,0.52,0,0,0,,0,0,0,,6.3,0,2,6.4,0,0,,,,,,,0,0,,0,0,0,,0,0,0,0,,0,0,0,0,0,0,,0,0,0
WQP_USA_2026,21NYDECA_WQX-8352,Surface Water,40.82763,-72.658648,2023,9/27/2023,,EPA 1633,,,2,3.7,,0,0,4.5,3,1.6,0,0,0,0,0,,0,0,0,,3.2,0,1.2,2.1,0,0,,,,,,,0,0,,0,0,0,,0,0,0,0,,0,0,0,0,0,0,,0,0,0
WQP_USA_2026,21NYDECA_WQX-8498,Surface Water,40.83,-72.90694,2023,9/27/2023,,EPA 1633,,,3.3,2.3,,0,0,3.2,2.5,2.2,0,0,0,0,0,,0,0,0,,3.3,0,1.6,1.6,0,0,,,,,,,0,0,,0,0,0,,0,0,0,0,,0,0,0,0,0,0,,0,0,0
WQP_USA_2026,21NYDECA_WQX-8500,Surface Water,40.76306,-73.15167,2023,9/27/2023,,EPA 1633,,,11,11,,0.68,0.87,4.8,8.1,3.2,0,0,0,0,0,,0,0,0,,8.3,0,2.2,3.1,0,0,,,,,,,0,0,,0,0,0,,0,0,0,0,,0,0,0,0,0,0,,0,0,0
WQP_USA_2026,21NYDECA_WQX-8797,Surface Water,40.90361,-72.76472,2023,9/27/2023,,EPA 1633,,,26,9.1,,2.9,120,5.9,6,7,0,0,0,5.3,0,,0,0,0,,7.3,0,0.49,3.8,0,0,,,,,,,0,14,,0,0,0,,0,0,0,0,,0,0,0,1.4,0,0,,0,0,0
WQP_USA_2026,21NYDECA_WQX-8799,Surface Water,40.72747,-73.24427,2023,9/27/2023,,EPA 1633,,,17,13,,0,2.6,4.8,6.2,3.8,0,0,0,0,0,,0,0,0,,7.5,0,4.1,5,0,0,,,,,,,0,0,,0,0,0,,0,0,0,0,,0,0,0,0,0,0,,0,0,0
WQP_USA_2026,21NYDECA_WQX-8820,Surface Water,40.70454,-73.30024,2023,9/27/2023,,EPA 1633,,,14,9.7,,0.61,1.3,2.3,4.9,3.2,0,0,0,0,0,,0,0,0,,4.8,0,3.6,3.9,0,0,,,,,,,0,0,,0,0,0,,0,0,0,0,,0,0,0,0,0,0,,0,0,0
WQP_USA_2026,21NYDECA_WQX-23998,Surface Water,41.05156398,-73.70697701,2023,9/26/2023,,EPA 1633,,,1.9,8.8,,0,0.97,1,3.7,3.6,0,0,0,0,0,,0,0,0,,3.8,0,5.1,5.4,0,0,,,,,,,0,0,,0,0,0,,0,0,0,0,,0,0,0,0,0,0,,0,0,0
WQP_USA_2026,21NYDECA_WQX-24002,Surface Water,41.1299565,-73.73694239,2023,9/26/2023,,EPA 1633,,,11,11,,0,0,4.6,3.8,2.3,0,0,0,0,0,,0,0,0,,2.8,0,10,4.5,0,0,,,,,,,0,0,,0,0,0,,0,0,0,0,,0,0,0,0,0,0,,0,0,0
WQP_USA_2026,21NYDECA_WQX-24004,Surface Water,41.21225334,-73.56725819,2023,9/26/2023,,EPA 1633,,,2.9,5.6,,0,0,1.1,3.1,1.5,0,0,0,0,0,,0,0,0,,3.3,0,1.8,4.2,0,0,,,,,,,0,0,,0,0,0,,0,0,0,0,,0,0,0,0,0,0,,0,0,0
WQP_USA_2026,21NYDECA_WQX-24005,Surface Water,41.24223008,-73.52884737,2023,9/26/2023,,EPA 1633,,,2,4.3,,0,0,0,2.2,1.3,0,0,0,0,0,,0,0,0,,2.6,0,1.4,3.6,0,0,,,,,,,0,0,,0,0,0,,0,0,0,0,,0,0,0,0,0,0,,0,0,0
WQP_USA_2026,21NYDECA_WQX-8363,Surface Water,40.95944,-73.821995,2023,9/26/2023,,EPA 1633,,,4.7,5.7,,0,0,2.4,4.5,2.4,0,0,0,0,0,,0,0,0,,5.3,0,4.2,4.5,0,0,,,,,,,0,0,,0,0,0,,0,0,0,0,,0,0,0,0,0,0,,0,0,0
WQP_USA_2026,21NYDECA_WQX-8660,Surface Water,41.19389,-73.62472,2023,9/26/2023,,EPA 1633,,,3.3,4.9,,0,0,1.5,2.9,1.9,0,0,0,0,0,,0,0,0,,2.8,0,2.6,4.6,0,0,,,,,,,0,0,,0,0,0,,0,0,0,0,,0,0,0,0,0,0,,0,0,0
WQP_USA_2026,21NYDECA_WQX-8666,Surface Water,41.2125,-73.55305,2023,9/26/2023,,EPA 1633,,,1.9,2.6,,0,0,0.91,0.91,0,0,0,0,0,0,,0,0,0,,1.1,0,0.92,2.2,0,0,,,,,,,0,0,,0,0,0,,0,0,0,0,,0,0,0,0,0,0,,0,0,0
WQP_USA_2026,WYDEQ_WATERSHED-WB0573,Surface Water,42.510979,-110.189433,2023,9/26/2023,,EPA 8327,,,,,,,,,,,,,,,,,,,,,,,,,,,,,,,,,,,,,,,,,,,,,,,,,0,,,,,
WQP_USA_2026,21NYDECA_WQX-17213,Surface Water,43.34920502,-73.72734833,2023,9/21/2023,,EPA 1633,,,0,0,,0,0,0,0,0,0,0,0,0,0,,0,0,0,,0,0,0,1.2,0,0,,,,,,,0,0,,0,0,0,,0,0,0,0,,0,0,0,0,0,0,,0,0,0
WQP_USA_2026,21NYDECA_WQX-17350,Surface Water,43.51460855,-73.2804545,2023,9/20/2023,,EPA 1633,,,0,0,,0,0,0,,0,0,0,0,0,0,,0,0,0,,0.7,0,0,1.5,0,0,,,,,,,0,0,,0,0,0,,0,0,0,0,,0,,0,0,0,0,,0,0,0
WQP_USA_2026,21NYDECA_WQX-17370,Surface Water,44.1301713,-73.50966625,2023,9/20/2023,,EPA 1633,,,0,0,,0,0,0,0,0,0,0,0,0,0,,0,0,0,,0,0,0,0,0,0,,,,,,,0,0,,0,0,0,,0,0,0,0,,0,,0,0,0,0,,0,0,0
WQP_USA_2026,21NYDECA_WQX-11021,Surface Water,44.47170412,-73.90154443,2023,9/19/2023,,EPA 1633,,,0,0,,0,0,0,0,0,0,0,0,0,0,,0,0,0,,0,0,0,0,0,0,,,,,,,0,0,,0,0,0,,0,0,0,0,,0,,0,0,0,0,,0,0,0
WQP_USA_2026,21NYDECA_WQX-17490,Surface Water,43.42376421,-73.25663686,2023,9/19/2023,,EPA 1633,,,0,2.8,,0,0,0,0.83,1,0,0,0,0,0,,0,0,0,,1.6,0,0.6,4,0,0,,,,,,,0,0,,0,0,0,,0,0,0,0,,0,0,0,0,0,0,,0,0,0
WQP_USA_2026,WYDEQ_WATERSHED-WHP0078,Surface Water,42.059701,-105.12071,2023,9/19/2023,,EPA 8327,,,,,,,,,,,,,,,,,,,,,,,,,,,,,,,,,,,,,,,,,,,,,,,,,0,,,,,
WQP_USA_2026,21NYDECA_WQX-22989,Surface Water,40.7092669,-73.54991245,2023,9/12/2023,,EPA 1633,,,5.1,7.4,,0.83,1,0.87,4,3.5,0,0,0,0,0,,0,0,0,,3.2,0,2.1,4.5,0,0,,,,,,,0,0,,0,0,0,,0,0,0,0,,0,0,0,0,0,0,,0,0,0
WQP_USA_2026,21NYDECA_WQX-23603,Surface Water,41.16671604,-73.60453916,2023,9/6/2023,,EPA 1633,,,2.6,5.6,,0,0,0.64,2.5,1.5,0,0,0,0,0,,0,0,0,,1.8,0,2.5,2.9,0,0,,,,,,,0,0,,0,0,0,,0,0,0,0,,0,0,0,0,0,0,,0,0,0
WQP_USA_2026,21NYDECA_WQX-23567,Surface Water,41.1728,-73.69329,2023,9/5/2023,,EPA 1633,,,2.3,3.5,,0,0,0.72,0,1.9,0,0,0,0,0,,0,0,0,,3.1,0,0,2,0,0,,,,,,,0,0,,0,0,0,,0,0,0,0,,0,0,0,0,0,0,,0,0,0
WQP_USA_2026,21NYDECA_WQX-4720,Surface Water,42.76981384,-76.0758776,2023,8/31/2023,,EPA 1633,,,0,0,,0,0,0,0,0,0,0,0,0,0,,0,0,0,,0,0,0,1.6,0,0,,,,,,,0,0,,0,0,0,,0,0,0,0,,0,0,0,1.3,0,0,,0,0,0
WQP_USA_2026,21NYDECA_WQX-5311,Surface Water,42.62427783,-75.36353552,2023,8/31/2023,,EPA 1633,,,0,0,,0,0,0,0,0,0,0,0,0,0,,0,0,0,,0,0,0,0,0,0,,,,,,,0,0,,0,0,0,,0,0,0,0,,0,0,0,1,0,0,,0,0,0
WQP_USA_2026,21NYDECA_WQX-13590,Surface Water,42.1392649,-76.32957546,2023,8/30/2023,,EPA 1633,,,0,1.7,,0,0,0,,1.3,0,0,0,0,0,,0,0,0,,1.1,0,0.55,5.1,0,0,,,,,,,0,0,,0,0,0,,0,0,0,0,,0,0,0,2.6,0,0,,0,0,0
WQP_USA_2026,21NYDECA_WQX-4890,Surface Water,42.82350276,-75.71544084,2023,8/30/2023,,EPA 1633,,,0,0,,0,0,0,0,0,0,0,0,0,0,,0,0,0,,0,0,0,0,0,0,,,,,,,0,0,,0,0,0,,0,0,0,0,,0,0,0,1.7,0,0,,0,0,0
WQP_USA_2026,WYDEQ_WATERSHED-MRC0137,Surface Water,44.11833,-106.94448,2023,8/30/2023,,EPA 8327,,,,,,,,,,,,,,,,,,,,,,,,,,,,,,,,,,,,,,,,,,,,,,,,,0,,,,,
WQP_USA_2026,21NYDECA_WQX-6614,Surface Water,42.63562301,-74.69408607,2023,8/29/2023,,EPA 1633,,,0,0,,0,0,0,0.64,0,0,0,0,0,0,,0,0,0,,0,0,0,0,0,0,,,,,,,0,0,,0,0,0,,0,0,0,0,,0,0,0,0,0,0,,0,0,0
WQP_USA_2026,21NYDECA_WQX-6631,Surface Water,42.78758568,-75.28691269,2023,8/29/2023,,EPA 1633,,,0,1.1,,0,0,0,0.72,0,0,0,0,0,0,,0,0,0,,0,0,0,2.7,0,0,,,,,,,0,0,,0,0,0,,0,0,0,0,,0,0,0,0.95,0,0,,0,0,0
WQP_USA_2026,WYDEQ_WATERSHED-WB0572,Surface Water,42.389221,-108.675511,2023,8/29/2023,,EPA 8327,,,,,,,,,,,,,,,,,,,,,,,,,,,,,,,,,,,,,,,,,,,,,,,,,0,,,,,
WQP_USA_2026,WYDEQ_WATERSHED-NGP0283,Surface Water,44.37745,-106.68274,2023,8/28/2023,,EPA 8327,,,,,,,,,,,,,,,,,,,,,,,,,,,,,,,,,,,,,,,,,,,,,,,,,0,,,,,
WQP_USA_2026,21NYDECA_WQX-23907,Surface Water,42.20068897,-75.53128401,2023,8/24/2023,,EPA 1633,,,0,0,,0,0,0,0,0,0,0,0,0,0,,0,0,0,,0,0,0,0,0,0,,,,,,,0,0,,0,0,0,,0,0,0,0,,0,0,0,0,0,0,,0,0,0
WQP_USA_2026,21NYDECA_WQX-23908,Surface Water,42.72003918,-75.57490014,2023,8/24/2023,,EPA 1633,,,0,1.1,,0,0,0,0,0,0,0,0,0,0,,0,0,0,,0,0,0,1.8,0,0,,,,,,,0,0,,0,0,0,,0,0,0,0,,0,0,0,0,0,0,,0,0,0
WQP_USA_2026,21NYDECA_WQX-23910,Surface Water,42.68493002,-75.31953229,2023,8/24/2023,,EPA 1633,,,0,0,,0,0,0,0,0,0,0,0,0,0,,0,0,0,,0,0,0,1.1,0,0,,,,,,,0,0,,0,0,0,,0,0,0,0,,0,0,0,0,0,0,,0,0,0
WQP_USA_2026,21NYDECA_WQX-23919,Surface Water,42.79262721,-75.5096638,2023,8/24/2023,,EPA 1633,,,0,1.8,,0,0,0,0,0,0,0,0,0,0,,0,0,0,,0,0,0,2.5,0,0,,,,,,,0,0,,0,0,0,,0,0,0,0,,0,0,0,0,0,0,,0,0,0
WQP_USA_2026,21NYDECA_WQX-23915,Surface Water,42.56656271,-75.88305562,2023,8/23/2023,,EPA 1633,,,0,0,,0,0,0,0,0,0,0,0,0,0,,0,0,0,,0,0,0,0,0,0,,,,,,,0,0,,0,0,0,,0,0,0,0,,0,0,0,0,0,0,,0,0,0
WQP_USA_2026,21NYDECA_WQX-23920,Surface Water,42.08674205,-76.31128869,2023,8/23/2023,,EPA 1633,,,0,0,,0,0,0,0,0,0,0,0,0,0,,0,0,0,,0,0,0,0,0,0,,,,,,,0,0,,0,0,0,,0,0,0,0,,0,0,0,0,0,0,,0,0,0
WQP_USA_2026,21NYDECA_WQX-23921,Surface Water,42.67841277,-76.13313689,2023,8/23/2023,,EPA 1633,,,2,3,,0,0,0,0,0,0,0,0,0,0,,0,0,0,,0,0,0,2.2,0,0,,,,,,,0,0,,0,0,0,,0,0,0,0,,0,0,0,0,0,0,,0,0,0
WQP_USA_2026,21NYDECA_WQX-23922,Surface Water,42.02255775,-75.73136709,2023,8/23/2023,,EPA 1633,,,0,0,,0,0,0,0,0,0,0,0,0,0,,0,0,0,,0,0,0,0,0,0,,,,,,,0,0,,0,0,0,,0,0,0,0,,0,0,0,0,0,0,,0,0,0
WQP_USA_2026,21NYDECA_WQX-23905,Surface Water,42.54399803,-74.66345137,2023,8/22/2023,,EPA 1633,,,0,0,,0,0,0,0,0,0,0,0,0,0,,0,0,0,,0,0,0,0,0,0,,,,,,,0,0,,0,0,0,,0,0,0,0,,0,0,0,0,0,0,,0,0,0
WQP_USA_2026,21NYDECA_WQX-23906,Surface Water,42.66393539,-74.97221428,2023,8/22/2023,,EPA 1633,,,0,1,,0,0,0,0,0,0,0,0,0,0,,0,0,0,,0,0,0,1.4,0,0,,,,,,,0,0,,0,0,0,,0,0,0,0,,0,0,0,0,0,0,,0,0,0
WQP_USA_2026,21NYDECA_WQX-23924,Surface Water,42.82630832,-75.13548015,2023,8/22/2023,,EPA 1633,,,0,0,,0,0,0,0,0,0,0,0,0,0,,0,0,0,,0,0,0,2.1,0,0,,,,,,,0,0,,0,0,0,,0,0,0,0,,0,0,0,0,0,0,,0,0,0
WQP_USA_2026,WYDEQ_WATERSHED-SR0112,Surface Water,42.005215,-105.320431,2023,8/21/2023,,EPA 8327,,,,,,,,,,,,,,,,,,,,,,,,,,,,,,,,,,,,,,,,,,,,,,,,,0,,,,,
WQP_USA_2026,21NYDECA_WQX-4447,Surface Water,42.29951519,-75.7466886,2023,8/16/2023,,EPA 1633,,,0,0,,0,0,0,0,0.95,0,0,0,0,0,,0,0,0,,1.1,0,0,2,0,0,,,,,,,0,0,,0,0,0,,0,0,0,0,,0,0,0,4.4,0,0,,0,0,0
WQP_USA_2026,21NYDECA_WQX-4744,Surface Water,42.35234,-75.79894,2023,8/16/2023,,EPA 1633,,,0,0,,0,0,0,0,0,0,0,0,0,0,,0,0,0,,0,0,0,0,0,0,,,,,,,0,0,,0,0,0,,0,0,0,0,,0,0,0,0,0,0,,0,0,0
WQP_USA_2026,21NYDECA_WQX-5296,Surface Water,42.50716,-74.982333,2023,8/15/2023,,EPA 1633,,,0,0,,0,0,0,0,0,0,0,0,0,0,,0,0,0,,0,0,0,1,0,0,,,,,,,0,0,,0,0,0,,0,0,0,0,,0,0,0,0,0,0,,0,0,0
WQP_USA_2026,21NYDECA_WQX-6644,Surface Water,42.844144,-74.920908,2023,8/15/2023,,EPA 1633,,,0,0,,0,0,0,0,0,0,0,0,0,0,,0,0,0,,0,0,0,2.1,0,0,,,,,,,0,0,,0,0,0,,0,0,0,0,,0,0,0,0,0,0,,0,0,0
WQP_USA_2026,WYDEQ_WATERSHED-MRW0287,Surface Water,43.754961,-109.592263,2023,8/15/2023,,EPA 8327,,,,,,,,,,,,,,,,,,,,,,,,,,,,,,,,,,,,,,,,,,,,,,,,,0,,,,,
WQP_USA_2026,21NYDECA_WQX-10996,Surface Water,44.30805724,-74.38104881,2023,8/10/2023,,EPA 1633,,,0,2.1,,0,0,0,0,1.1,0,0,0,0,0,,0,0,0,,1,0,0,2.4,0,0,,,,,,,0,0,,0,0,0,,0,0,0,0,,0,0,0,0,0,0,,0,0,0
WQP_USA_2026,21NYDECA_WQX-16489,Surface Water,44.13986889,-73.7475662,2023,8/10/2023,,EPA 1633,,,0,0,,0,0,0,0,0,0,0,0,0,0,,0,0,0,,0,0,0,0,0,0,,,,,,,0,0,,0,0,0,,0,0,0,0,,0,0,0,0,0,0,,0,0,0
WQP_USA_2026,21NYDECA_WQX-11006,Surface Water,44.52397058,-74.1007924,2023,8/9/2023,,EPA 1633,,,0,0,,0,0,0,0,0,0,0,0,0,0,,0,0,0,,0,0,0,0,0,0,,,,,,,0,0,,0,0,0,,0,0,0,0,,0,0,0,0,0,0,,0,0,0
WQP_USA_2026,21NYDECA_WQX-16915,Surface Water,44.07736909,-73.87298023,2023,8/9/2023,,EPA 1633,,,0,0,,0,0,0,0,0,0,0,0,0,0,,0,0,0,,0,0,0,0,0,0,,,,,,,0,0,,0,0,0,,0,0,0,0,,0,0,0,0,0,0,,0,0,0
WQP_USA_2026,WYDEQ_WATERSHED-MRW0284,Surface Water,44.3196,-110.575,2023,8/9/2023,,EPA 8327,,,,,,,,,,,,,,,,,,,,,,,,,,,,,,,,,,,,,,,,,,,,,,,,,0,,,,,
WQP_USA_2026,21NYDECA_WQX-10552,Surface Water,44.89464,-73.804081,2023,8/8/2023,,EPA 1633,,,0,0.96,,0,0,0,0,0,0,0,0,0,0,,0,0,0,,0,0,0,1.2,0,0,,,,,,,0,0,,0,0,0,,0,0,0,0,,0,0,0,0.83,0,0,,0,0,0
WQP_USA_2026,21NYDECA_WQX-11017,Surface Water,44.345885,-74.148192,2023,8/8/2023,,EPA 1633,,,3.6,0,,0,0,0,0,0.91,0,0,0,0,0,,0,0,0,,1,0,0,2.4,0,0,,,,,,,0,0,,0,0,0,,0,0,0,0,,0,0,0,0,0,0,,0,0,0
WQP_USA_2026,WYDEQ_WATERSHED-MRW0286,Surface Water,42.620102,-109.188267,2023,8/8/2023,,EPA 8327,,,,,,,,,,,,,,,,,,,,,,,,,,,,,,,,,,,,,,,,,,,,,,,,,0,,,,,
WQP_USA_2026,WYDEQ_WATERSHED-WB0575,Surface Water,41.60306,-105.703132,2023,7/31/2023,,EPA 8327,,,,,,,,,,,,,,,,,,,,,,,,,,,,,,,,,,,,,,,,,,,,,,,,,0,,,,,
WQP_USA_2026,21NYDECA_WQX-23937,Surface Water,43.36534832,-73.29125819,2023,7/27/2023,,EPA 1633,,,0,0.9,,0,0,0,0,0,0,0,0,0,0,,0,0,0,,0,0,0,0.89,0,0,,,,,,,0,0,,0,0,0,,0,0,0,0,,0,0,0,0,0,0,,0,0,0
WQP_USA_2026,21NYDECA_WQX-23952,Surface Water,43.81084806,-73.49250485,2023,7/27/2023,,EPA 1633,,,0,0,,0,0,0,0,0,0,0,0,0,0,,0,0,0,,0,0,0,0,0,0,,,,,,,0,0,,0,0,0,,0,0,0,0,,0,0,0,0,0,0,,0,0,0
WQP_USA_2026,21NYDECA_WQX-23926,Surface Water,44.25255378,-73.40583678,2023,7/26/2023,,EPA 1633,,,0,0,,0,0,0,0,0,0,0,0,0,0,,0,0,0,,0.92,0,0,0.89,0,0,,,,,,,0,0,,0,0,0,,0,0,0,0,,0,0,0,0,0,0,,0,0,0
WQP_USA_2026,21NYDECA_WQX-23929,Surface Water,44.6206478,-73.90435573,2023,7/26/2023,,EPA 1633,,,0,0,,0,0,0,0,0,0,0,0,0,0,,0,0,0,,0,0,0,1.3,0,0,,,,,,,0,0,,0,0,0,,0,0,0,0,,0,0,0,0,0,0,,0,0,0
WQP_USA_2026,21NYDECA_WQX-23932,Surface Water,44.38048969,-74.19189783,2023,7/26/2023,,EPA 1633,,,0,0,,0,0,0,0,0,0,0,0,0,0,,0,0,0,,0,0,0,1.1,0,0,,,,,,,0,0,,0,0,0,,0,0,0,0,,0,0,0,0,0,0,,0,0,0
WQP_USA_2026,21NYDECA_WQX-23949,Surface Water,44.30415257,-73.92147666,2023,7/26/2023,,EPA 1633,,,0,0,,0,0,0,0.69,0,0,0,0,0,0,,0,0,0,,0.79,0,0,0,0,0,,,,,,,0,0,,0,0,0,,0,0,0,0,,0,0,0,4.1,0,0,,0,0,0
WQP_USA_2026,21NYDECA_WQX-2559,Surface Water,44.377233,-73.71493,2023,7/26/2023,,EPA 1633,,,0,0,,0,0,0,0,0,0,0,0,0,0,,0,0,0,,0,0,0,0,0,0,,,,,,,0,0,,0,0,0,,0,0,0,0,,0,0,0,0,0,0,,0,0,0
WQP_USA_2026,21NYDECA_WQX-2679,Surface Water,44.22003,-73.58552,2023,7/26/2023,,EPA 1633,,,0,0,,0,0,0,0,0,0,0,0,13,0,,0,0,0,,0.97,0,0,0,0,0,,,,,,,0,0,,0,0,0,,0,0,0,0,,0,0,0,0,0,0,,0,0,0
WQP_USA_2026,21NYDECA_WQX-2732,Surface Water,44.40855,-74.08426,2023,7/26/2023,,EPA 1633,,,3,2.6,,0,0,2.3,1.8,2.1,0,0,0,0,0,,0,0,0,,2.3,0,1,6.6,0,0,,,,,,,0,0,,0,0,0,,0,0,0,0,,0,0,0,0,0,0,,0,0,0
WQP_USA_2026,WYDEQ_WATERSHED-MRW0283,Surface Water,44.8456,-109.494,2023,7/26/2023,,EPA 8327,,,,,,,,,,,,,,,,,,,,,,,,,,,,,,,,,,,,,,,,,,,,,,,,,0,,,,,
WQP_USA_2026,21NYDECA_WQX-23931,Surface Water,44.29936068,-73.59523152,2023,7/25/2023,,EPA 1633,,,0,0,,0,0,0,0,0,0,0,0,0,0,,0,0,0,,0,0,0,1.1,0,0,,,,,,,0,0,,0,0,0,,0,0,0,0,,0,0,0,0,0,0,,0,0,0
WQP_USA_2026,21NYDECA_WQX-23933,Surface Water,44.94929437,-73.67208321,2023,7/25/2023,,EPA 1633,,,1.3,3.1,,0,0,0,1.2,1.1,0,0,0,0,0,,0,0,0,,1.1,0,1,5.3,0,0,,,,,,,0,0,,0,0,0,,0,0,0,0,,0,0,0,0,0,0,,0,0,0
WQP_USA_2026,21NYDECA_WQX-23934,Surface Water,44.86543375,-73.78515353,2023,7/25/2023,,EPA 1633,,,2.8,2.1,,0,0,1.5,1.7,1.4,0,0,0,0,0,,0,0,0,,1.6,0,0.69,4.5,0,0,,,,,,,0,0,,0,0,0,,0,0,0,0,,0,0,0,0,0,0,,0,0,0
WQP_USA_2026,21NYDECA_WQX-23940,Surface Water,44.84481427,-73.47067397,2023,7/25/2023,,EPA 1633,,,18,11,,0,0,2.8,2.9,3.6,0,0,0,0,0,,0,0,0,,2.5,0,1.1,7.6,0,0,,,,,,,0,0,,0,0,0,,0,0,0,0,,0,0,0,0,0,0,,0,0,0
WQP_USA_2026,WYDEQ_WATERSHED-MRC0136,Surface Water,44.69916,-107.48174,2023,7/24/2023,,EPA 8327,,,,,,,,,,,,,,,,,,,,,,,,,,,,,,,,,,,,,,,,,,,,,,,,,0,,,,,
WQP_USA_2026,WYDEQ_WATERSHED-WHP0080,Surface Water,42.09892,-104.35275,2023,7/24/2023,,EPA 8327,,,,,,,,,,,,,,,,,,,,,,,,,,,,,,,,,,,,,,,,,,,,,,,,,0,,,,,
WQP_USA_2026,21NYDECA_WQX-6484,Surface Water,42.68332788,-75.07395877,2023,7/20/2023,,EPA 1633,,,0,1.4,,0,0,0,0.86,0.76,0,0,0,0,0,,0,0,0,,0.92,0,0,2.2,0,0,,,,,,,0,0,,0,0,0,,0,0,0,0,,0,0,0,1.1,0,0,,0,0,0
WQP_USA_2026,21NYDECA_WQX-5050,Surface Water,42.37144,-76.73452,2023,7/19/2023,,EPA 1633,,,0,1.3,,0,0,0,0,0,0,0,0,0,0,,0,0,0,,0,0,0,1.7,0,0,,,,,,,0,0,,0,0,0,,0,0,0,0,,0,0,0,0,0,0,,0,0,0
WQP_USA_2026,21NYDECA_WQX-5589,Surface Water,42.09853613,-75.73777557,2023,7/18/2023,,EPA 1633,,,4.5,1.6,,0,1.6,0,0.7,0,0,0,0,0,0,,0,0,0,,0,0,0,1.4,0,0,,,,,,,0,0,,0,0,0,,0,0,0,0,,0,0,0,2.1,0,0,,0,0,0
WQP_USA_2026,WYDEQ_WATERSHED-WB0576,Surface Water,41.406607,-106.8208,2023,7/18/2023,,EPA 8327,,,,,,,,,,,,,,,,,,,,,,,,,,,,,,,,,,,,,,,,,,,,,,,,,0,,,,,
WQP_USA_2026,WYDEQ_WATERSHED-MRC0135,Surface Water,44.51483,-107.52444,2023,7/12/2023,,EPA 8327,,,,,,,,,,,,,,,,,,,,,,,,,,,,,,,,,,,,,,,,,,,,,,,,,0,,,,,
WQP_USA_2026,WYDEQ_WATERSHED-WB0574,Surface Water,41.96586,-106.24928,2023,7/12/2023,,EPA 8327,,,,,,,,,,,,,,,,,,,,,,,,,,,,,,,,,,,,,,,,,,,,,,,,,0,,,,,
WQP_USA_2026,WYDEQ_WATERSHED-WB0571,Surface Water,42.341387,-108.746481,2023,7/5/2023,,EPA 8327,,,,,,,,,,,,,,,,,,,,,,,,,,,,,,,,,,,,,,,,,,,,,,,,,0,,,,,
WQP_USA_2026,21NYDECA_WQX-16487,Surface Water,44.42783199,-73.49838188,2023,6/29/2023,,EPA 1633,,,0,0,,0,0,0,0,0,0,0,0,0,0,,0,0,0,,0,0,0,,0,0,,,,,,,0,0,,0,0,0,,0,0,0,0,,0,0.46,0,0,0,0,,0,0,0
WQP_USA_2026,21NYDECA_WQX-9830,Surface Water,44.29821804,-74.35877265,2023,6/29/2023,,EPA 1633,,,0,0,,0,0.76,0,0,0.86,0,0,0,0,0,,0,0,0,,0.81,0,0,,0,0,,,,,,,0,0,,0,0,0,,0,0,0,0,,0,0,0,0,0,0,,0,0,0
WQP_USA_2026,21NYDECA_WQX-16031,Surface Water,44.37827747,-74.26372611,2023,6/28/2023,,EPA 1633,,,0,1.6,,0,0.9,0,0.63,1.5,0,0,0,0,0,,0,0,0,,0.74,0,0,,0,0,,,,,,,0,0,,0,0,0,,0,0,0,0,,0,0,0,0,0,0,,0,0,0
WQP_USA_2026,21NYDECA_WQX-16035,Surface Water,44.34623877,-74.30017073,2023,6/28/2023,,EPA 1633,,,0,2.2,,0,1.1,0,0.69,1.6,0,0.43,0,0,0,,0,0,0,,0.88,0,0,,0,0,,,,,,,0,0,,0,0,0,,0,0,0,0,,0,0,0,0,0,0,,0,0,0
WQP_USA_2026,21NYDECA_WQX-16613,Surface Water,44.6176516,-73.60865209,2023,6/28/2023,,EPA 1633,,,0,2.4,,0,0,0,0.64,1.2,0,0,0,0,0,,0,0,0,,0.76,0,0,,0,0,,,,,,,0,0,,0,0,0,,0,0,0,0,,0,0.46,0,0,0,0,,0,0,0
WQP_USA_2026,21NYDECA_WQX-10295,Surface Water,44.33060028,-74.08088221,2023,6/27/2023,,EPA 1633,,,0,1,,,0,0,0,0.9,0,0,0,0,0,,0,0,0,,0,0,0,,0,0,,,,,,,0,0,,0,0,0,,0,0,0,0,,0,0.49,0,0,0,0,,0,0,0
WQP_USA_2026,21NYDECA_WQX-10563,Surface Water,44.87812869,-73.42273853,2023,6/27/2023,,EPA 1633,,,0,2.9,,0,0.9,0,2,2,0,0,0,0,0,,0,0,0,,2.7,0,0.82,5.1,0,0,,,,,,,0,0,,0,0,0,,0,0,0,0,,0,0.57,0,0,0,0,,0,0,0
WQP_USA_2026,WYDEQ_WATERSHED-WHP077,Surface Water,41.525159,-104.236082,2023,6/20/2023,,EPA 8327,,,,,,,,,,,,,,,,,,,,,,,,,,,,,,,,,,,,,,,,,,,,,,,,,0,,,,,
WQP_USA_2026,21NYDECA_WQX-18825,Surface Water,40.88023798,-72.5590759,2023,6/14/2023,,EPA 1633,,,0,2.3,,0,1,0,1.4,2.5,0,0.86,0,0,0,,0,0,0,,1.2,0,0,3.5,0,0,,,,,,,0,0,,0,0,0,,0,0,0,0,,0,0.47,0,0,0,0,,0,0,0
WQP_USA_2026,21NYDECA_WQX-20002,Surface Water,40.82375,-73.12,2023,6/14/2023,,EPA 1633,,,6,11,,0,1,3,6.6,4.4,0,0.54,0,0,0,,0,0,0,,6.2,0,3.8,5.2,0,0,,,,,,,0,0,,0,0,0,,0,0,0,0,,0,0.63,0,0,0,0,,0,0,0
WQP_USA_2026,21NYDECA_WQX-23598,Surface Water,41.067122,-72.454276,2023,6/14/2023,,EPA 1633,,,1.9,2.8,,0.64,1.3,0,2,2.6,0,1.1,0,0,0,,0,0,0,,1.9,0,1.2,5.2,0,0,,,,,,,0,0,,0,0,0,,0,0,0,0,,0,0.57,0,0,0,0,,0,0,0
WQP_USA_2026,21NYDECA_WQX-23578,Surface Water,41.07602727,-73.75509569,2023,6/13/2023,,EPA 1633,,,2.6,6.2,,0,0,1.1,2.1,1.7,0,0.45,0,0,0,,0,0,0,,1.7,0,1.1,2.8,0,0,,,,,,,0,0,,0,0,0,,0,0,0,0,,0,0,0,0,0,0,,0,0,0
WQP_USA_2026,21NYDECA_WQX-23595,Surface Water,40.961554,-73.851563,2023,6/13/2023,,EPA 1633,,,3.8,12,,0,1.4,3.1,5.9,3.7,0,0.51,0,0,0,,0,0,0,,6.6,0,3.9,7.9,0,0,,,,,,,0,0,,0,0,0,,0,0,0,0,,0,0,0,0,0,0,,0,0,0
WQP_USA_2026,WYDEQ_WATERSHED-NGP0282,Surface Water,43.95135,-105.39352,2023,6/13/2023,,EPA 8327,,,,,,,,,,,,,,,,,,,,,,,,,,,,,,,,,,,,,,,,,,,,,,,,,0,,,,,
WQP_USA_2026,TEPA29-SW-1F,Surface Water,33.717253,-116.194546,2023,3/14/2023,,EPA 537.1,,,,,,,,,,,,,,,,,,,,,,,,,,,,,,,,,,0,,,,,,,,,,,,,,,,,,,,
WQP_USA_2026,MNPCA-PD00031,Surface Water,46.656595,-92.238608,2022,9/28/2022,,Unnamed_SPE_LCMS_MS,,,"5,600.00",177,,,11.6,"2,430.00",360,87.6,,,,,,,,,,,353,,196,119,,,,,,,,,,,,,,,,,,5.79,,,,,,78.6,,,,,,
WQP_USA_2026,21NYDECA_WQX-11788,Surface Water,43.78552278,-74.84642052,2022,9/27/2022,,EPA 1633,,,0.76,0.4,,0.23,0.24,0.38,,0.37,0.13,0,0,0.93,0,,0,0,0,,0.32,0,0.11,0.59,0,0,,,,,,,0,0,,0,0,0,,0,0,0,0.21,,0,0,0,0.25,0,0,,0,0,0
WQP_USA_2026,21NYDECA_WQX-11931,Surface Water,43.5911293,-75.11883545,2022,9/27/2022,,EPA 1633,,,,0.87,,0.19,0.4,,0.68,0.69,0,0,0,0,0,,0,0,0,,0.56,0,0.28,1.26,0,0,,,,,,,0,0,,0,0,0,,0,0,0,0,,0,0,0,0.29,0,0,,0,0,0
WQP_USA_2026,21NYDECA_WQX-11784,Surface Water,43.894192,-75.060537,2022,9/26/2022,,EPA 1633,,,4.79,,,0,0.34,3.71,0.95,0.77,0.12,0,0,7.87,0.66,,0,0,0,,0.49,0.41,0.33,1,0,0,,,,,,,0,0,,0,0,0,,0,0,0,0,,0,0,0,0,0,0,,0,0,0
WQP_USA_2026,21NYDECA_WQX-12086,Surface Water,43.94972,-75.162041,2022,9/26/2022,,EPA 1633,,,0.6,0.65,,0,0.39,0.18,0.45,0.69,0,0,0,0,0,,0,0,0,,0.62,0,0.14,1.43,0,0,,,,,,,0,0,,,0,0,,0,0,0,0,,0,0,0,0.43,0,0,,0,0,0
WQP_USA_2026,MNPCA-PD00027,Surface Water,46.65794,-92.23873,2022,9/26/2022,,Unnamed_SPE_LCMS_MS,,,"2,080.00",79.8,,,3.18,499,153,30.3,,,,,,,,,,,103,,46.2,45.9,,,,,,,,,,,,,,,,,,,,,,,,204,,,,,,
WQP_USA_2026,MNPCA-PD00028,Surface Water,46.658433,-92.240102,2022,9/26/2022,,Unnamed_SPE_LCMS_MS,,,"1,960.00",73.3,,,3.54,470,152,32.3,,,,,,,,,,,87.5,,44.1,45.5,,,,,,,,,,,,,,,,,,,,,,,,225,,,,,,
WQP_USA_2026,MNPCA-PD00029,Surface Water,46.658481,-92.240161,2022,9/26/2022,,Unnamed_SPE_LCMS_MS,,,"1,680.00",75.3,,,2.05,462,154,29.4,,,,,,,,,,,96.9,,46.3,46.3,,,,,,,,,,,,,,,,,,,,,,,,199,,,,,,
WQP_USA_2026,MNPCA-PD00030,Surface Water,46.65738,-92.24003,2022,9/26/2022,,Unnamed_SPE_LCMS_MS,,,"7,155.00",414,,5.67,20.5,"2,025.00",766.5,119.15,,,,,,,,,,,365.5,,148.5,147.5,,,,,,,,,,,,,,,,12.95,,,,,,,,258.5,,,,,,
WQP_USA_2026,MNPCA-S016-782,Surface Water,46.657839,-92.238361,2022,9/26/2022,,Unnamed_SPE_LCMS_MS,,,"4,600.00",81,,7.62,,495,145,33,,,,,,,,,,,111,,42.1,47.6,,,,,,,,,,,,,,,,5.4,,7.68,,,,,,460,,,,,,
WQP_USA_2026,MNPCA-S016-783,Surface Water,46.65701,-92.233022,2022,9/26/2022,,Unnamed_SPE_LCMS_MS,,,72.7,16.8,,,,71.2,20.4,5.95,,,,,,,,,,,13.1,,7.77,12.2,,,,,,,,,,,,,,,,,,,,,,,,0.51,,,,,,
WQP_USA_2026,MNPCA-S016-787,Surface Water,46.653656,-92.227015,2022,9/26/2022,,Unnamed_SPE_LCMS_MS,,,34.7,7.57,,,,39.1,11.4,3.42,,,,,,,,,,,6.46,,6.37,8.39,,,,,,,,,,,,,,,,,,,,,,,,,,,,,,
WQP_USA_2026,MNPCA-S016-788,Surface Water,46.657026,-92.235846,2022,9/26/2022,,Unnamed_SPE_LCMS_MS,,,"4,530.00",151,,,11.1,"1,870.00",332,71.5,,,,,,,,,,,282,,87.2,94.9,,,,,,,,,,,,,,,,,,,,,,,,126,,,,,,
WQP_USA_2026,MNPCA-S016-789,Surface Water,46.657068,-92.235325,2022,9/26/2022,,Unnamed_SPE_LCMS_MS,,,"5,490.00",163,,4.19,13.4,"2,420.00",345,95.2,,,,,,,,,,,362,,92.5,119,,,,,,,,,,,,,,,,,,4.71,,,,,,76.3,,,,,,
WQP_USA_2026,MNPCA-S016-790,Surface Water,46.656828,-92.232522,2022,9/26/2022,,Unnamed_SPE_LCMS_MS,,,73.3,16.1,,,,72.8,21.2,5.74,,,,,,,,,,,13.2,,8.35,13,,,,,,,,,,,,,,,,,,,,,,,,0.48,,,,,,
WQP_USA_2026,21NYDECA_WQX-1918,Surface Water,43.506198,-75.221461,2022,9/15/2022,,EPA 1633,,,0.38,0.4,,0,0.18,0.3,,0.3,0,0,0,0,0,,0,0,0,,,0,0.13,,0,0,,,,,,,0,0,,0,0,0,,0,0,0,0,,0,0,0,0.18,0,0,,0,0,0
WQP_USA_2026,21NYDECA_WQX-1958,Surface Water,43.45528,-75.15278,2022,9/15/2022,,EPA 1633,,,0.62,0.48,,0,0.27,0.27,,0.47,0,0,0,0,0,,0,0,0,,,0,0.15,,0,0,,,,,,,0,0,,0,0,0,,0,0,0,0,,0,0,0,0.26,0,0,,0,0,0
WQP_USA_2026,21NYDECA_WQX-1975,Surface Water,43.52194,-75.34527,2022,9/15/2022,,EPA 1633,,,0.56,1.41,,0,0.26,0.36,,0.81,0,0,0,0,0,,0,0,0,,1.13,0,0.64,,0,0,,,,,,,0,0,,0,0,0,,0,0,0,0,,0,0,0,0.19,0,0,,0,0,0
WQP_USA_2026,21NYDECA_WQX-2390,Surface Water,43.4507,-75.014745,2022,9/15/2022,,EPA 1633,,,0.62,0.48,,0,0.28,0.2,,0.43,0,0,0,0,0,,0,0,0,,,0,0.11,,0,0,,,,,,,0,0,,,0,0,,0,0,0,0,,0,0,0,0,0,0,,0,0,0
WQP_USA_2026,21NYDECA_WQX-1868,Surface Water,43.67611,-74.70834,2022,9/14/2022,,EPA 1633,,,1.14,0.69,,0,0.41,0.22,,0.8,0,0,0,0,0,,0,0,0,,,0,0.21,,0,0,,,,,,,0,0,,0,0,0,,0,0,0,0,,0,0,0,0.21,0,0,,0,0,0
WQP_USA_2026,21NYDECA_WQX-1951,Surface Water,43.712444,-74.813651,2022,9/14/2022,,EPA 1633,,,0.88,0.45,,0,0.21,0.3,,0.43,0,0,0,2.18,0.5,,0,0,0,,,0,0.12,,0,0,,,,,,,0,0,,0,0,0,,0,0,0,0,,0,0,0,0,0,0,,0,0,0
WQP_USA_2026,21NYDECA_WQX-19686,Surface Water,41.18426127,-73.9951748,2022,9/14/2022,,EPA 1633,,,3.09,6.57,,0.26,0.82,1.16,,2.11,0.16,0,0,0,0,,0,0,0,,2.98,0.18,2.1,,0,0,,,,,,,0,0,,0,0.18,0,,0,0,0,0,,0,0,0,0.15,0,0,,0,0,0
WQP_USA_2026,21NYDECA_WQX-1974,Surface Water,43.7903,-75.546073,2022,9/14/2022,,EPA 1633,,,0.5,0.39,,0,0,0.28,,0.32,0,0,0,3.35,0.7,,0,0,0,,,0,0.23,,0,0,,,,,,,0,0,,0,0,0,,0,0,0,0,,0,0,0,0,0,0,,0,0,0
WQP_USA_2026,21NYDECA_WQX-1990,Surface Water,43.80832,-74.851371,2022,9/14/2022,,EPA 1633,,,0.4,0.42,,0,0.28,0.16,,0.46,0,0,0,0,0,,0,0,0,,,0,0.1,,0,0,,,,,,,0,0,,0,0,0,,0,0,0,0,,0,0,0,0,0,0,,0,0,0
WQP_USA_2026,21NYDECA_WQX-20125,Surface Water,41.23850038,-74.20866553,2022,9/14/2022,,EPA 1633,,,3.78,1.69,,0,0.38,1.47,,8.79,0,0,0,0.93,0,,0,0,0,,1.07,0.11,0.49,,0,0,,,,,,,0,0,,0,0,0,,0,0,0,0,,0,0,0,0.27,0,0,,0,0,0
WQP_USA_2026,21NYDECA_WQX-2387,Surface Water,43.67705,-75.34291,2022,9/14/2022,,EPA 1633,,,0,0.17,,0,0,0,,0.18,0,0,0,0,0,,0,0,0,,0,0,0,0,0,0,,,,,,,0,0,,0,0,0,,0,0,0,0,,0,0,0,0.15,0,0,,0,0,0
WQP_USA_2026,21NYDECA_WQX-13727,Surface Water,41.438884,-73.808378,2022,9/13/2022,,EPA 1633,,,1.9,3.51,,0.19,0.58,,1.44,1.13,0,0,0,0,0,,0,0,0,,1.42,0,0.92,2.38,0,0,,,,,,,0,0,,0,0,0,,0,0,0,0,,0,0,0,0.33,0,0,,0,0,0
WQP_USA_2026,21NYDECA_WQX-13742,Surface Water,41.29072,-74.05407,2022,9/13/2022,,EPA 1633,,,0.65,1.14,,0.22,0.23,,0.43,0.46,0,0,0,0,0,,0,0,0,,0.38,0,0.32,0.78,0,0,,,,,,,0,0,,,0,0,,0,0,0.38,0,,0,0,0,0.23,0,0,,0,0,0
WQP_USA_2026,21NYDECA_WQX-14932,Surface Water,41.38505351,-73.74853003,2022,9/13/2022,,EPA 1633,,,2.72,4.83,,0.29,0.54,0.84,3,1.79,0,0,0,0,0,,0,0,0,,2.74,0.17,3.05,22.2,0,0,,,,,,,0,0,,0,0,0,,0,0,0,0,,0,0,0,0,0,0,,0,0,0
WQP_USA_2026,21NYDECA_WQX-15148,Surface Water,41.33106023,-73.9936069,2022,9/13/2022,,EPA 1633,,,1.92,2.16,,0,0.37,0.93,0.96,1.05,0,0,0,0,0,,0,0,0,,0.98,0.17,1.21,,0,0,,,,,,,0,0,,0,0,0,,0,0,0.51,0,,0,0,0,0.34,0,0,,0,0,0
WQP_USA_2026,21NYDECA_WQX-1912,Surface Water,43.82389,-75.65334,2022,9/13/2022,,EPA 1633,,,1.07,1.81,,0,0.68,,1.02,1.41,0,0,0,0,0,,0,0,0,,1.17,0,0.35,,0,0,,,,,,,0,0,,0,0,0,,0,0,0,0,,0,0,0,0.21,0,0,,0,0,0
WQP_USA_2026,21NYDECA_WQX-1920,Surface Water,43.93028,-75.59111,2022,9/13/2022,,EPA 1633,,,0.66,0.99,,0,0.42,,0.53,0.72,0,0,0,0,0,,0,0,0,,0.59,0,0.31,3.46,0,0,,,,,,,0,0,,0,0,0,,0,0,0,0,,0,0,0,0.29,0,0,,0,0,0
WQP_USA_2026,21NYDECA_WQX-1922,Surface Water,43.723389,-75.70138,2022,9/13/2022,,EPA 1633,,,0.89,0.92,,0.17,0.52,,0.55,0.89,0,0,0,0,0,,0,0,0,,0.63,0,0.23,3.31,0,0,,,,,,,0,0,,,0,0,,0,0,0,0,,0,0,0,0.21,0,0,,0,0,0
WQP_USA_2026,21NYDECA_WQX-1941,Surface Water,43.98944,-75.92416,2022,9/13/2022,,EPA 1633,,,1.67,1.3,,0,0.24,,1.14,0.7,0,0,0,2.21,0.59,,0,0,0,,1.32,0,0.62,4.24,0,0,,,,,,,0,0,,0,0,0,,0,0,0,0,,0,0,0,0.4,0,0,,0,0,0
WQP_USA_2026,21NYDECA_WQX-19676,Surface Water,41.22497387,-74.12168288,2022,9/13/2022,,EPA 1633,,,0.86,1.83,,0,0.38,,0.56,0.67,0,0,0,0,0,,0,0,0,,0.46,0,0.18,0.94,0,0,,,,,,,0,0,,,0,0,,0,0,0,0,,0,0,0,0.16,0,0,,0,0,0
WQP_USA_2026,21NYDECA_WQX-1989,Surface Water,43.910741,-75.366559,2022,9/13/2022,,EPA 1633,,,3.89,2.79,,0.25,1.09,2.11,2.38,1.76,0,0,0,3.51,0,,0,0,0,,2.66,0.42,2.38,8.01,0,0,,,,,,,0,0,,0,0,0,,0,0,0,0,,0,0,0,0.61,0,0,,0,0,0
WQP_USA_2026,21NYDECA_WQX-2384,Surface Water,43.937194,-75.50738,2022,9/13/2022,,EPA 1633,,,1.16,2.02,,0.17,0.78,,1.16,1.56,0,0,0,0,0,,0,0,0,,1.72,0,0.5,6.9,0,0,,,,,,,0,0,,0,0,0,,0,0,0,0,,0,0,0,0.3,0,0,,0,0,0
WQP_USA_2026,21NYDECA_WQX-15688,Surface Water,41.46559,-73.66397,2022,9/12/2022,,EPA 1633,,,3.91,4.77,,0.22,0.78,0.85,2.9,1.74,0,0,0,0,0,,0,0,0,,2.86,0.22,13.6,4.71,0,0,,,,,,,0,0,,0,0,0,,0,0,,0,,0,0,0,,0,0,,0,0,0
WQP_USA_2026,21NYDECA_WQX-20678,Surface Water,41.32163033,-73.7232969,2022,9/12/2022,,EPA 1633,,,4.45,5.57,,0.29,0.87,1.53,3.35,2.22,0.11,0,0,2.75,0,,0,0,0,,2.95,0.27,18.2,9.77,0,0,,,,,,,0,0,,0,0,0,,0,0,,0,,0,0,0,,0,0,,0,0,0
WQP_USA_2026,21NYDECA_WQX-21177,Surface Water,41.40312012,-74.35135967,2022,9/12/2022,,EPA 1633,,,2.61,6.5,,0.29,1.09,0.68,4.65,3.77,0,0,0,0,0,,0,0,0,,4.99,0.28,2.22,11,0,0,,,,,,,0,0.18,,0,0,0,,0,0,,0,,0,0,0,,0,0,,0,0,0
WQP_USA_2026,21NYDECA_WQX-21995,Surface Water,41.45687218,-74.20970316,2022,9/12/2022,,EPA 1633,,,5.62,4.07,,0.28,0.8,1.28,4.42,1.91,0.11,0,0,0,0,,0,0,0,,5.7,0.24,7.92,6.8,0,0,,,,,,,0,0,,0,0,0,,0,0,,0,,0,0,0,,0,0,,0,0,0
WQP_USA_2026,21NYDECA_WQX-1182,Surface Water,42.16833,-76.81889,2022,9/1/2022,,EPA 1633,,,0.48,0.56,,0,0.16,0.26,,0.4,0,0,0,0,0,,0,0,0,,0.48,0,0.36,2.24,0,0,,,,,,,0,0,,0,0,0,,0,0,0,0,,0,0,0,,0,0,,0,0,0
WQP_USA_2026,21NYDECA_WQX-1249,Surface Water,42.080158,-77.364734,2022,9/1/2022,,EPA 1633,,,0.93,0.87,,0,0.15,0.32,0.6,0.37,0,0,0,1.19,0,,0,0,0,,0.52,0,0.73,1.91,0,0,,,,,,,0,0,,0,0,0,,0,0,0,0,,0,0,0,0.41,0,0,,0,0,0
WQP_USA_2026,21NYDECA_WQX-889,Surface Water,42.10146,-76.68656,2022,9/1/2022,,EPA 1633,,,0.63,0.32,,0,0,,,0,0,0,0,0,0,,0,0,0,,0,0,0.2,0,0,0,,,,,,,0,0,,0,0,0,,0,0,0,0,,0,0,0,,0,0,,0,0,0
WQP_USA_2026,21NYDECA_WQX-1050,Surface Water,42.563225,-77.510048,2022,8/31/2022,,EPA 1633,,,0.36,0.43,,0,0,0.18,,0.4,0,0,0,0,0,,0,0,0,,0.36,0,0.28,,0,0,,,,,,,0,0,,0,0,0,,0,0,0,0,,0,0,0,,0,0,,0,0,0
WQP_USA_2026,21NYDECA_WQX-1059,Surface Water,42.122616,-76.811108,2022,8/31/2022,,EPA 1633,,,1.08,1.01,,0,0,0.6,0.52,0.28,0,0,0,0,0,,0,0,0,,0.57,0.17,1.03,,0,0,,,,,,,0,0,,0,0,0,,0,0,0,0,,0,0,0,,0,0,,0,0,0
WQP_USA_2026,21NYDECA_WQX-1170,Surface Water,42.355513,-77.136042,2022,8/31/2022,,EPA 1633,,,0.35,0.29,,0,0,0,0.21,0.2,0,0,0,0,0,,0,0,0,,0,0,0.22,0.89,0,0,,,,,,,0,0,,,0,0,,0,0,0,0,,0,0,0,0.69,0,0,,0,0,0
WQP_USA_2026,21NYDECA_WQX-1209,Surface Water,42.24891,-77.45244,2022,8/31/2022,,EPA 1633,,,0.92,0.75,,0,0.23,0.54,0.98,0.32,0,0,0,5.2,0.66,,0,0,0,,1.22,0.11,0.92,9.72,0,0,,,,,,,0,0,,0,0,0,,0,0,0,0,,0,0,0,0.27,0,0,,0,0,0
WQP_USA_2026,21NYDECA_WQX-1219,Surface Water,42.199,-77.407,2022,8/31/2022,,EPA 1633,,,0.28,0.25,,0,0,0.17,,0,0,0,0,0,0,,0,0,0,,0,0,0.1,0.9,0,0,,,,,,,0,0,,0,0,0,,0,0,0,0,,0,0,0,,0,0,,0,0,0
WQP_USA_2026,21NYDECA_WQX-1303,Surface Water,42.411703,-77.426762,2022,8/31/2022,,EPA 1633,,,0.34,0.38,,0,0,0.16,0.28,0.22,0,0,0,0,0,,0,0,0,,0,0,0.24,1.37,0,0,,,,,,,0,0,,0,0,0,,0,0,0,0,,0,0,0,0.43,0,0,,0,0,0
WQP_USA_2026,21NYDECA_WQX-1308,Surface Water,42.49526,-77.50321,2022,8/31/2022,,EPA 1633,,,11.1,0.58,,0,0.3,0.24,,0.4,0,0,0,0,0,,0,0,0,,0.31,0,0.29,,0,0,,,,,,,0,0,,,0,0,,0,0,0,0,,0,0,0,,0,0,,0,0,0
WQP_USA_2026,21NYDECA_WQX-15610,Surface Water,42.697202,-73.739952,2022,8/31/2022,,EPA 1633,,,3.27,4.11,,0.24,0.49,1.92,3.01,1.99,0,0,0,0,0,,0,0,0,,2.58,0.15,2.41,,0,0,,,,,,,0,0,,0,0,0,,0,0,0,0,,0,0,0,0.17,0,0,,0,0,0
WQP_USA_2026,21NYDECA_WQX-19015,Surface Water,42.74742722,-74.1170123,2022,8/31/2022,,EPA 1633,,,0.97,1.72,,0,0.47,0.37,1.33,1.29,0,0,0,0,0,,0,0,0,,2.21,0,0.67,,0,0,,,,,,,0,0,,0,0,0,,0,0,0,0,,0,0,0,0.4,0,0,,0,0,0
WQP_USA_2026,21NYDECA_WQX-874,Surface Water,42.264939,-77.547768,2022,8/31/2022,,EPA 1633,,,0.39,0.44,,0,0,0.21,0.26,0.19,0,0,0,0,0,,0,0,0,,0,0,0.12,0.8,0,0,,,,,,,0,0,,0,0,0,,0,0,0,0,,0,0,0,0.22,0,0,,0,0,0
WQP_USA_2026,21NYDECA_WQX-1172,Surface Water,42.291184,-77.065257,2022,8/30/2022,,EPA 1633,,,0.36,0.18,,0,0,0.17,0,0,0,0,0,0,0,,0,0,0,,0,0,0.1,0,0,0,,,,,,,0,0,,0,0,0,,0,0,0,0,,0,0,0,0.3,0,0,,0,0,0
WQP_USA_2026,21NYDECA_WQX-1225,Surface Water,42.019592,-77.128563,2022,8/30/2022,,EPA 1633,,,0.83,0.63,,0,0.24,0.37,0.68,0.38,0,0,0,0,0,,0,0,0,,0.73,0,0.48,1.35,0,0,,,,,,,0,0,,0,0,0,,0,0,0,0,,0,0,0,0,0,0,,0,0,0
WQP_USA_2026,21NYDECA_WQX-1297,Surface Water,42.16751,-77.10477,2022,8/30/2022,,EPA 1633,,,1.14,1.01,,0,0.2,1.11,3.29,0.72,0,0,0,10.4,0,,0,0,0,,3.03,0.24,1.66,,0,0,,,,,,,0,0,,0,0,0,,0,0,0,0,,0,0,0,,0,0,,0,0,0
WQP_USA_2026,21NYDECA_WQX-15437,Surface Water,42.72036,-73.43064,2022,8/30/2022,,EPA 1633,,,0.63,1.54,,0,0.38,0.23,,0.68,0,0,0,0,0,,0,0,0,,0.49,0,0.27,1.35,0,0,,,,,,,0,0,,0,0,0,,0,0,0,0,,0,0,0,0,0,0,,0,0,0
WQP_USA_2026,21NYDECA_WQX-22402,Surface Water,42.53534436,-73.57948004,2022,8/30/2022,,EPA 1633,,,1.58,1.85,,0,0.58,0.26,1.2,1.19,0,0,0,0,0,,0,0,0,,0.78,0,0.38,2.88,0,0,,,,,,,0,0,,0,0,0,,0,0,0,0,,0,0,0,0.66,0,0,,0,0,0
WQP_USA_2026,21NYDECA_WQX-15786,Surface Water,42.63420703,-73.56111065,2022,8/29/2022,,EPA 1633,,,5.03,5.66,,0.34,1.15,0.94,3.62,2.49,0.14,0,0,0,0,,0,0,0,,3.39,0.19,1.85,9.64,0,0,,,,,,,0,0,,0,0,0,,0,0,0,0,,0,0,0,3.76,0,0,,0,0,0
WQP_USA_2026,21NYDECA_WQX-18683,Surface Water,42.36520012,-73.45195826,2022,8/29/2022,,EPA 1633,,,0.26,0.25,,0,0,0,,0.29,0,0,0,0,0,,0,0,0,,0.49,0,0,,0,0,,,,,,,0,0,,0,0,0,,0,0,0,0,,0,0,0,0.14,0,0,,0,0,0
WQP_USA_2026,21NYDECA_WQX-22466,Surface Water,41.84765,-74.03964,2022,8/24/2022,,EPA 1633,,,2.57,3.9,,0.26,0.63,0.96,5.23,1.71,0,0,0,0,0,,0,0,0,,6.71,0.16,2.66,,0,0,,,,,,,0,0,,0,0,0,,0,0,0,0,,0,0,0,0,0,0,,0,0,0
WQP_USA_2026,21NYDECA_WQX-21363,Surface Water,42.199458,-74.037409,2022,8/3/2022,,EPA 1633,,,0.65,0.86,,0,0.32,0.17,0.46,0.69,0,0,0,0,0,,0,0,0,,0.67,0,0.21,1.11,0,0,,,,,,,0,0,,0,0,0,,0,0,0,0,,0,0,0,0.87,0,0,,0,0,0
WQP_USA_2026,21NYDECA_WQX-22815,Surface Water,42.0620013,-73.79437954,2022,8/3/2022,,EPA 1633,,,0.61,1.06,,0,0.32,0.21,0.91,0.7,0,0,0,0,0,,0,0,0,,0.94,0,0.45,1.35,0,0,,,,,,,0,0,,0,0,0,,0,0,0,0,,0,0,0,0.45,0,0,,0,0,0
WQP_USA_2026,21NYDECA_WQX-21448,Surface Water,41.86617655,-73.64352587,2022,8/2/2022,,EPA 1633,,,1.49,1.48,,0.26,0.37,0.28,0.75,0.61,0,0,0,0,0,,0,0,0,,0.85,0,0.34,1.74,0,0,,,,,,,0,0.21,,0,0,0,,0,0,0,0,,0,0,0,1.84,0,0,,0,0,0
WQP_USA_2026,21NYDECA_WQX-4548,Surface Water,42.444741,-77.100706,2022,8/2/2022,,EPA 1633,,,0.67,1.07,,0,0.29,0.25,0.75,0.81,0,0,0,0,0,,0,0,0,,0.71,0,0.57,2.82,0,0,,,,,,,0,0,,0,0,0,,0,0,0,0,,0,0,0,1.34,0,0,,0,0,0
WQP_USA_2026,21NYDECA_WQX-20714,Surface Water,41.6108603,-73.66290619,2022,8/1/2022,,EPA 1633,,,1.44,1.77,,0,0.21,0.49,2.66,0.79,0,0,0,0,0,,0,0,0,,2.35,0.21,181,16.1,0,0,,,,,,,0,0,,0,0,0,,0,0,0,0,,0,0,0,0.23,0,0,,0,0,0
WQP_USA_2026,21NYDECA_WQX-3620,Surface Water,42.180528,-73.940247,2022,7/21/2022,,EPA 1633,,,1.28,1.31,,0,0.3,0.55,1.08,0.8,0,0,0,0,0,,0,0,0,,1.07,0,1.11,2.51,0,0,,,,,,,0,0,,0,0,0,,0,0,0,0,,0,0,0,0.2,0,0,,0,0,0
WQP_USA_2026,21NYDECA_WQX-3621,Surface Water,42.31972,-73.74611,2022,7/21/2022,,EPA 1633,,,1.77,1.49,,0.17,0.5,0.52,1.02,0.64,0,0,0,0,0,,0,0,0,,0.93,0,0.82,2.44,0,0,,,,,,,0,0,,0,0,0,,0,0,0,0,,0,0,0,0.26,0,0,,0,0,0
WQP_USA_2026,21NYDECA_WQX-3793,Surface Water,42.25639,-73.90471,2022,7/21/2022,,EPA 1633,,,1.73,1.21,,0,0.19,0.66,0.99,0.64,0,0,0,0,0,,0,0,0,,1.15,0.1,0.73,2.09,0,0,,,,,,,0,0,,0,0,0,,0,0,0,0,,0,0,0,0.16,0,0,,0,0,0
WQP_USA_2026,21NYDECA_WQX-4117,Surface Water,41.783264,-73.744283,2022,7/21/2022,,EPA 1633,,,0.91,1.37,,0,0.37,0.34,1.47,0.62,0,0,0,0,0,,0,0,0,,1.77,0,1.48,2.3,0,0,,,,,,,0,0,,0,0,0,,0,0,0,0,,0,0,0,1.49,0,0,,0,0,0
WQP_USA_2026,21NYDECA_WQX-4155,Surface Water,41.708764,-73.933888,2022,7/21/2022,,EPA 1633,,,9.7,9.96,,0.52,1.51,1.73,4.64,2.74,0.17,0,0,0,0,,0,0,0,,5.11,0.25,4.15,5.39,0,0,,,,,,,0,0.24,,0,0,0,,0,0,0,0,,0,0,0,0.63,0,0,,0,0,0
WQP_USA_2026,21NYDECA_WQX-4370,Surface Water,41.628,-74.331,2022,7/21/2022,,EPA 1633,,,0.5,0.82,,0,0.21,0.19,,0.3,0,0,0,0,0,,0,0,0,,0.43,0,0.24,0.96,0,0,,,,,,,0,0,,0,0,0,,0,0,0,0,,0,0,0,0.15,0,0,,0,0,0
WQP_USA_2026,21NYDECA_WQX-3541,Surface Water,41.30103,-73.98634,2022,7/20/2022,,EPA 1633,,,0.46,0.76,,0,0,0,,0,0,0,0,0,0,,0,0,0,,0,0,0.13,0,0,0,,,,,,,0,0,,0,0,0,,0,0,0,0,,0,0,0,0.18,0,0,,0,0,0
WQP_USA_2026,21NYDECA_WQX-3616,Surface Water,41.662908,-73.736386,2022,7/20/2022,,EPA 1633,,,1.33,0.67,,0,0,0.37,,0.15,0,0,0,0,0,,0,0,0,,0,0,5.96,0.64,0,0,,,,,,,0,0,,0,0,0,,0,0,0,0,,0,0,0,0.19,0,0,,0,0,0
WQP_USA_2026,21NYDECA_WQX-3736,Surface Water,42.41278,-74.03584,2022,7/20/2022,,EPA 1633,,,1,0.85,,0,0.31,0.27,,0.41,0,0,0,0,0,,0,0,0,,0.54,0,0.61,2.26,0,0,,,,,,,0,0,,0,0,0,,0,0,0,0,,0,0,0,0.33,0,0,,0,0,0
WQP_USA_2026,21NYDECA_WQX-3818,Surface Water,42.3905,-73.80139,2022,7/20/2022,,EPA 1633,,,1.73,1.58,,0.17,0.43,0.39,2.24,0.89,0,0,0,1.74,0,,0,0,0,,2.52,0,0.53,3.27,0,0,,,,,,,0,0,,0,0,0,,0,0,0,0,,0,0,0,0.18,0,0,,0,0,0
WQP_USA_2026,21NYDECA_WQX-3974,Surface Water,41.438813,-74.418355,2022,7/20/2022,,EPA 1633,,,3.96,4.25,,0.24,1.16,1.41,4.7,2.58,0,0,0,0,0,,0,0,0,,5.05,0.18,6.3,9.43,0,0,,,,,,,0,0,,0,0,0,,0,0,0,0,,0,0,0,0.29,0,0,,0,0,0
WQP_USA_2026,21NYDECA_WQX-3998,Surface Water,41.33306,-73.76472,2022,7/20/2022,,EPA 1633,,,7.38,9.68,,0.64,1.07,1.86,8.17,4.05,0.15,0,0,0,0,,0,0,0,,8.72,0.36,5.7,6.58,0,0,,,,,,,0,0,,0,0,0,,0,0,0,0,,0,0,0,0.25,0,0,,0,0,0
WQP_USA_2026,21NYDECA_WQX-4261,Surface Water,41.796212,-74.21083,2022,7/20/2022,,EPA 1633,,,0.41,0.47,,0,0,0.19,,0.25,0,0,0,0,0,,0,0,0,,0.31,0,0.28,0.98,0,0,,,,,,,0,0,,0,0,0,,0,0,0,0,,0,0,0,0.25,0,0,,0,0,0
WQP_USA_2026,21NYDECA_WQX-4345,Surface Water,41.242193,-74.025626,2022,7/20/2022,,EPA 1633,,,0.51,0.9,,0,0.26,0,,0.28,0,0,0,0,0,,0,0,0,,0,0,0.13,0,0,0,,,,,,,0,0,,0,0,0,,0,0,0,0,,0,0,0,0.15,0,0,,0,0,0
WQP_USA_2026,21NYDECA_WQX-8916,Surface Water,42.623612,-73.571242,2022,7/20/2022,,EPA 1633,,,5.52,2.72,,0.23,0.49,1.46,1.67,0.98,0.12,0,0,0,0,,0,0,0,,1.33,0.16,1.44,2,0,0,,,,,,,0,0,,0,0,0,,0,0,0,0,,0,0,0,0.42,0,0,,0,0,0
WQP_USA_2026,CEDEN-SalRiv3,Surface Water,36.709,-121.751,2022,3/21/2022,,EPA 5578,,,2.41,1.81,,,,2.65,3.27,1.07,,,,,,,,,,,,,1.79,3.83,,,,,,,,,,,,,,,,,,,,,,,,,,,,,,
WQP_USA_2026,CWLT_WQX-DCC,Surface Water,39.66699868,-123.5080272,2022,1/11/2022,,EPA 537.1,,,0,0,,0,0,0,0,0,,0,,,,,,,,,,,0,,,,,,,,,,,,,,0,,,0,,,0,,,0,,,0,0,,0,,
WQP_USA_2026,CWLT_WQX-DR1,Surface Water,39.67188803,-123.5045329,2022,1/11/2022,,EPA 537.1,,,0,0,,0,0,0,0,0,,0,,,,,,,,,,,0,,,,,,,,,,,,,,0,,,0,,,0,,,0,,,0,0,,0,,
WQP_USA_2026,CWLT_WQX-WCD,Surface Water,39.67187209,-123.5004531,2022,1/11/2022,,EPA 537.1,,,2.02,0,,0,0,0,0,0,,0,,,,,,,,,,,0,,,,,,,,,,,,,,0,,,0,,,0,,,0,,,0,0,,0,,
WQP_USA_2026,DRBC-NHC2021,Surface Water,40.141702,-74.912663,2021,11/8/2021,,Unnamed_SPE_LCMS_MS,,,14.7,8.22,,0,,7.72,7.75,3.23,,0,,,,,,,,,,,6.35,,0,0,,,,,,,,,,,0,,,0,,,,,,,,0,,0,,0,0,0
WQP_USA_2026,DRBC-PPC2021,Surface Water,40.0436,-75.020498,2021,11/8/2021,,Unnamed_SPE_LCMS_MS,,,7.55,8.77,,0,,5.27,7.37,3.96,,0,,,,,,,,,,,7.06,,0,0,,,,,,,,,,,0,,,0,,,,,,,,0,,0,,0,0,0
WQP_USA_2026,DRBC-DIN,Surface Water,41.2195,-74.86,2021,10/21/2021,,Unnamed_SPE_LCMS_MS,,,,,,0,,0,,,,0,,,,,,,,,,,0,0,0,0,,,,,,,,,,,0,,,0,,,,,,,,0,,0,,0,0,0
WQP_USA_2026,DRBC-EAS,Surface Water,40.67934,-75.1852,2021,10/21/2021,,Unnamed_SPE_LCMS_MS,,,,,,0,,,2.24,,,0,,,,,,,,,,,1.76,,0,0,,,,,,,,,,,0,,,0,,,,,,,,0,,0,,0,0,0
WQP_USA_2026,DRBC-GLR,Surface Water,40.24218,-74.82188,2021,10/21/2021,,Unnamed_SPE_LCMS_MS,,,8.17,2.35,,0,,2.3,2.13,,,0,,,,,,,,,,,,,0,0,,,,,,,,,,,0,,,0,,,,,,,,0,,0,,0,0,0
WQP_USA_2026,DRBC-LAC,Surface Water,41.4859,-74.9864,2021,10/21/2021,,Unnamed_SPE_LCMS_MS,,,,,,0,,0,,,,0,,,,,,,,,,,,0,0,0,,,,,,,,,,,0,,,0,,,,,,,,0,,0,,0,0,0
WQP_USA_2026,DRBC-LHR,Surface Water,40.688896,-75.20662,2021,10/21/2021,,Unnamed_SPE_LCMS_MS,,,1.6,1.69,,0,,,2.93,,,0,,,,,,,,,,,1.76,,0,0,,,,,,,,,,,0,,,0,,,,,,,,0,,0,,0,0,0
WQP_USA_2026,DRBC-SAN,Surface Water,40.7582,-75.188,2021,10/21/2021,,Unnamed_SPE_LCMS_MS,,,,,,0,,,,,,0,,,,,,,,,,,,,0,0,,,,,,,,,,,0,,,0,,,,,,,,0,,0,,0,0,0
WQP_USA_2026,DRBC-YAR,Surface Water,40.27952,-74.859305,2021,10/21/2021,,Unnamed_SPE_LCMS_MS,,,,,,0,,,,,,0,,,,,,,,,,,,0,0,0,,,,,,,,,,,0,,,0,,,,,,,,0,,0,,0,0,0
WQP_USA_2026,DRBC-BWC,Surface Water,39.73692,-75.52657,2021,10/6/2021,,Unnamed_SPE_LCMS_MS,,,4.91,12.9,,2.38,,2.78,16.3,12.3,,0,,,,,,,,,,,2.5,19.3,0,0,,,,,,,,,,,0,,,0,,,,,,,,0,,0,,0,0,0
WQP_USA_2026,DRBC-CHR2021,Surface Water,39.73484,-75.55027,2021,10/6/2021,,Unnamed_SPE_LCMS_MS,,,4.42,10.1,,1.8,,2.36,13,9.99,,0,,,,,,,,,,,2.66,14.4,0,0,,,,,,,,,,,0,,,0,,,,,,,,0,,0,,0,0,0
WQP_USA_2026,DRBC-PPI,Surface Water,39.6126,-75.5931,2021,10/6/2021,,Unnamed_SPE_LCMS_MS,,,3.03,4.82,,,,,15.1,3.39,,0,,,,,,,,,,,2,,0,0,,,,,,,,,,,0,,,0,,,,,,,,0,,0,,0,0,0
WQP_USA_2026,21NYDECA_WQX-1772,Surface Water,42.68037,-76.95395,2021,8/30/2021,,EPA 537.1,,,0,0,,0,0,0,0,0,0,,,0,0,,,,,,0,,0,0,,,,,,,,,,0,,,0,,,0,,0,0,,,0,0,0,,,,,,
WQP_USA_2026,21NYDECA_WQX-375,Surface Water,43.095496,-78.638021,2021,8/26/2021,,EPA 537.1,,,0,0,,0,0,0,1.9,0,0,,,0,0,,,,,,0,,0,4.1,,,,,,,,,,0,,,0,,,0,,0,0,,,0,0,0,,,,,,
WQP_USA_2026,21NYDECA_WQX-728,Surface Water,43.27785,-78.71185,2021,8/26/2021,,EPA 537.1,,,2.7,5,,0,0,0,7,2.2,0,,,0,0,,,,,,7.7,,4.5,5.8,,,,,,,,,,0,,,0,,,0,,0,0,,,0,0,0,,,,,,
WQP_USA_2026,21NYDECA_WQX-8366,Surface Water,40.88,-73.8686,2021,8/26/2021,,EPA 537.1,,,12,16,,0,0,5.1,8.9,5.1,0,,,0,0,,,,,,11,,6.7,7.4,,,,,,,,,,0,,,0,,,0,,0,0,,,0,0,0,,,,,,
WQP_USA_2026,21NYDECA_WQX-3191,Surface Water,42.809122,-73.658308,2021,8/25/2021,,EPA 537.1,,,0,3.6,,0,0,0,0,0,0,,,0,0,,,,,,0,,0,0,,,,,,,,,,0,,,0,,,0,,0,0,,,0,0,0,,,,,,
WQP_USA_2026,21NYDECA_WQX-3194,Surface Water,42.82274,-73.66137,2021,8/25/2021,,EPA 537.1,,,0,3,,0,0,0,0,0,0,,,0,0,,,,,,0,,0,0,,,,,,,,,,0,,,0,,,0,,0,0,,,0,0,0,,,,,,
WQP_USA_2026,21NYDECA_WQX-3387,Surface Water,42.820624,-73.858617,2021,8/25/2021,,EPA 537.1,,,1.9,0,,0,0,0,0,0,0,,,0,0,,,,,,0,,0,0,,,,,,,,,,0,,,0,,,0,,0,0,,,0,0,0,,,,,,
WQP_USA_2026,21NYDECA_WQX-3388,Surface Water,42.838248,-73.877313,2021,8/25/2021,,EPA 537.1,,,1.7,0,,0,0,0,0,0,0,,,0,0,,,,,,0,,0,0,,,,,,,,,,0,,,0,,,0,,0,0,,,0,0,0,,,,,,
WQP_USA_2026,21NYDECA_WQX-601,Surface Water,43.485876,-76.456671,2021,8/25/2021,,EPA 537.1,,,4.5,7,,0,3.4,1.9,8.4,4.6,0,,,13,0,,,,,,12,,2,11,,,,,,,,,,0,,,0,,,0,,0,0,,,0,0,0,,,,,,
WQP_USA_2026,21NYDECA_WQX-602,Surface Water,43.486561,-76.449,2021,8/25/2021,,EPA 537.1,,,3,4.1,,0,3.5,0,2.5,2.3,0,,,0,0,,,,,,3.3,,2,10,,,,,,,,,,0,,,0,,,0,,0,0,,,0,0,0,,,,,,
WQP_USA_2026,21NYDECA_WQX-671,Surface Water,43.561222,-76.118139,2021,8/25/2021,,EPA 537.1,,,0,0,,0,0,0,0,0,0,,,0,0,,,,,,0,,0,0,,,,,,,,,,0,,,0,,,0,,0,0,,,0,0,0,,,,,,
WQP_USA_2026,21NYDECA_WQX-672,Surface Water,43.55,-76.09444,2021,8/25/2021,,EPA 537.1,,,0,0,,0,0,0,0,0,0,,,0,0,,,,,,0,,0,0,,,,,,,,,,0,,,0,,,0,,0,0,,,0,0,0,,,,,,
WQP_USA_2026,21NYDECA_WQX-976,Surface Water,43.203609,-77.625736,2021,8/25/2021,,EPA 537.1,,,8.6,2.1,,0,0,0,1.7,0,0,,,0,0,,,,,,0,,0,0,,,,,,,,,,0,,,0,,,0,,0,0,,,0,0,0,,,,,,
WQP_USA_2026,21NYDECA_WQX-978,Surface Water,43.198389,-77.620746,2021,8/25/2021,,EPA 537.1,,,0,0,,0,0,0,0,0,0,,,0,0,,,,,,0,,0,0,,,,,,,,,,0,,,0,,,0,,0,0,,,0,0,0,,,,,,
WQP_USA_2026,21NYDECA_WQX-77,Surface Water,43.065745,-78.99999,2021,8/24/2021,,EPA 537.1,,,1.7,1.7,,0,0,0,1.7,0,0,,,0,0,,,,,,0,,0,0,,,,,,,,,,0,,,0,,,0,,0,0,,,0,0,0,,,,,,
WQP_USA_2026,21NYDECA_WQX-78,Surface Water,43.064778,-78.988048,2021,8/24/2021,,EPA 537.1,,,1.7,1.7,,0,0,0,1.7,0,0,,,0,0,,,,,,1.6,,0,0,,,,,,,,,,0,,,0,,,0,,0,0,,,0,0,0,,,,,,
WQP_USA_2026,21NYDECA_WQX-79,Surface Water,43.228233,-79.051793,2021,8/24/2021,,EPA 537.1,,,1.6,1.6,,0,0,0,1.7,0,0,,,0,0,,,,,,0,,0,0,,,,,,,,,,0,,,0,,,0,,0,0,,,0,0,0,,,,,,
WQP_USA_2026,21NYDECA_WQX-8359,Surface Water,41.04572,-73.709901,2021,8/24/2021,,EPA 537.1,,,2.9,8.8,,0,0,0,4.2,3.3,0,,,0,0,,,,,,5.8,,11,7.8,,,,,,,,,,0,,,0,,,0,,0,0,,,0,0,0,,,,,,
WQP_USA_2026,21NYDECA_WQX-84,Surface Water,43.214337,-79.053206,2021,8/24/2021,,EPA 537.1,,,1.6,0,,0,0,0,1.6,0,0,,,0,0,,,,,,0,,0,0,,,,,,,,,,0,,,0,,,0,,0,0,,,0,0,0,,,,,,
WQP_USA_2026,21NYDECA_WQX-8521,Surface Water,41.080496,-73.713759,2021,8/24/2021,,EPA 537.1,,,"1,600.00",320,,18,140,"1,100.00",330,280,41,,,110,18,,,,,,650,,120,220,,,,,,,,,,40,,,0,,,0,,0,0,,,0,0,3.8,,,,,,
WQP_USA_2026,21NYDECA_WQX-8523,Surface Water,41.067479,-73.717583,2021,8/24/2021,,EPA 537.1,,,15,17,,0,5.1,12,23,17,0,,,16,0,,,,,,40,,3.3,14,,,,,,,,,,0,,,0,,,0,,0,0,,,0,0,0,,,,,,
WQP_USA_2026,21NYDECA_WQX-3489,Surface Water,42.8,-74.26334,2021,8/19/2021,,EPA 537.1,,,0,0,,0,0,0,0,0,0,,,0,0,,,,,,0,,0,0,,,,,,,,,,0,,,0,,,0,,0,0,,,0,0,0,,,,,,
WQP_USA_2026,21NYDECA_WQX-1363,Surface Water,42.09097,-76.055787,2021,8/18/2021,,EPA 537.1,,,0,0,,0,0,0,0,0,0,,,0,0,,,,,,0,,0,0,,,,,,,,,,0,,,0,,,0,,0,0,,,0,0,0,,,,,,
WQP_USA_2026,21NYDECA_WQX-1382,Surface Water,42.59861,-76.15861,2021,8/18/2021,,EPA 537.1,,,0,0,,0,0,0,0,0,0,,,0,0,,,,,,0,,0,0,,,,,,,,,,0,,,0,,,0,,0,0,,,0,0,0,,,,,,
WQP_USA_2026,21NYDECA_WQX-2546,Surface Water,44.464375,-73.575255,2021,8/18/2021,,EPA 537.1,,,0,0,,0,0,0,0,0,0,,,0,0,,,,,,0,,0,0,,,,,,,,,,0,,,0,,,0,,0,0,,,0,0,0,,,,,,
WQP_USA_2026,21NYDECA_WQX-2676,Surface Water,44.36389,-73.390881,2021,8/18/2021,,EPA 537.1,,,0,0,,0,0,0,0,0,0,,,0,0,,,,,,0,,0,0,,,,,,,,,,0,,,0,,,0,,0,0,,,0,0,0,,,,,,
WQP_USA_2026,21NYDECA_WQX-2923,Surface Water,42.95139,-73.39111,2021,8/18/2021,,EPA 537.1,,,2,22,,0,0,0,0,0,0,,,0,0,,,,,,0,,0,0,,,,,,,,,,0,,,0,,,0,,0,0,,,0,0,0,,,,,,
WQP_USA_2026,21NYDECA_WQX-3301,Surface Water,42.77833,-73.69667,2021,8/18/2021,,EPA 537.1,,,3,0,,0,0,0,3,0,0,,,0,0,,,,,,2.8,,0,0,,,,,,,,,,0,,,0,,,0,,0,0,,,0,0,0,,,,,,
WQP_USA_2026,21NYDECA_WQX-1143,Surface Water,42.37722,-75.405,2021,8/17/2021,,EPA 537.1,,,0,0,,0,0,0,0,0,0,,,0,0,,,,,,0,,0,0,,,,,,,,,,0,,,0,,,0,,0,0,,,0,0,0,,,,,,
WQP_USA_2026,21NYDECA_WQX-139,Surface Water,42.86194,-78.86787,2021,8/17/2021,,EPA 537.1,,,2.6,2,,0,0,0,2.8,0,0,,,0,0,,,,,,3.7,,0,4.3,,,,,,,,,,0,,,0,,,0,,0,0,,,0,0,0,,,,,,
WQP_USA_2026,21NYDECA_WQX-16216,Surface Water,43.70083,-73.9825,2021,8/17/2021,,EPA 537.1,,,0,0,,0,0,0,0,0,0,,,0,0,,,,,,0,,0,0,,,,,,,,,,0,,,0,,,0,,0,0,,,0,0,0,,,,,,
WQP_USA_2026,21NYDECA_WQX-1681,Surface Water,43.39806,-76.47166,2021,8/17/2021,,EPA 537.1,,,0,0,,0,0,0,0,0,0,,,0,0,,,,,,1.7,,0,0,,,,,,,,,,0,,,0,,,0,,0,0,,,0,0,0,,,,,,
WQP_USA_2026,21NYDECA_WQX-1887,Surface Water,43.98472,-75.925,2021,8/17/2021,,EPA 537.1,,,0,0,,0,0,0,0,0,0,,,0,0,,,,,,0,,0,0,,,,,,,,,,0,,,0,,,0,,0,0,,,0,0,0,,,,,,
WQP_USA_2026,21NYDECA_WQX-2202,Surface Water,44.939851,-74.556944,2021,8/17/2021,,EPA 537.1,,,0,0,,0,0,0,0,0,0,,,0,0,,,,,,0,,0,0,,,,,,,,,,0,,,0,,,0,,0,0,,,0,0,0,,,,,,
WQP_USA_2026,21NYDECA_WQX-2957,Surface Water,44.697538,-73.45085,2021,8/17/2021,,EPA 537.1,,,0,0,,0,0,0,0,0,0,,,0,0,,,,,,0,,0,0,,,,,,,,,,0,,,0,,,0,,0,0,,,0,0,0,,,,,,
WQP_USA_2026,21NYDECA_WQX-3192,Surface Water,43.29655,-73.59049,2021,8/17/2021,,EPA 537.1,,,0,0,,0,0,0,0,0,0,,,0,0,,,,,,0,,0,0,,,,,,,,,,0,,,0,,,0,,0,0,,,0,0,0,,,,,,
WQP_USA_2026,21NYDECA_WQX-4087,Surface Water,41.687831,-74.1657,2021,8/17/2021,,EPA 537.1,,,2.3,3.8,,0,0,0,5.5,1.7,0,,,0,0,,,,,,9.4,,3.8,4.9,,,,,,,,,,0,,,0,,,0,,0,0,,,0,0,0,,,,,,
WQP_USA_2026,21NYDECA_WQX-4259,Surface Water,41.846178,-74.074282,2021,8/17/2021,,EPA 537.1,,,0,0,,0,0,0,0,0,0,,,0,0,,,,,,0,,0,0,,,,,,,,,,0,,,0,,,0,,0,0,,,0,0,0,,,,,,
WQP_USA_2026,21NYDECA_WQX-666,Surface Water,43.53111,-76.03806,2021,8/17/2021,,EPA 537.1,,,0,0,,0,0,0,0,0,0,,,0,0,,,,,,0,,0,0,,,,,,,,,,0,,,0,,,0,,0,0,,,0,0,0,,,,,,
WQP_USA_2026,21NYDECA_WQX-6902,Surface Water,41.37194,-74.69695,2021,8/17/2021,,EPA 537.1,,,0,0,,0,0,0,0,0,0,,,0,0,,,,,,0,,0,0,,,,,,,,,,0,,,0,,,0,,0,0,,,0,0,0,,,,,,
WQP_USA_2026,21NYDECA_WQX-7476,Surface Water,41.4422,-74.6002,2021,8/17/2021,,EPA 537.1,,,0,0,,0,0,0,0,0,0,,,0,0,,,,,,0,,0,0,,,,,,,,,,0,,,0,,,0,,0,0,,,0,0,0,,,,,,
WQP_USA_2026,21NYDECA_WQX-7774,Surface Water,42.08,-75.40138,2021,8/17/2021,,EPA 537.1,,,0,0,,0,0,0,0,0,0,,,0,0,,,,,,0,,0,0,,,,,,,,,,0,,,0,,,0,,0,0,,,0,0,0,,,,,,
WQP_USA_2026,21NYDECA_WQX-823,Surface Water,42.11866,-77.94654,2021,8/17/2021,,EPA 537.1,,,2.1,0,,0,0,2.9,0,0,0,,,0,0,,,,,,0,,0,0,,,,,,,,,,0,,,0,,,0,,0,0,,,0,0,0,,,,,,
WQP_USA_2026,21NYDECA_WQX-8498,Surface Water,40.83,-72.90694,2021,8/17/2021,,EPA 537.1,,,4.1,2.7,,0,0,3.8,3.4,0,0,,,0,0,,,,,,3.4,,0,0,,,,,,,,,,0,,,0,,,0,,0,0,,,0,0,0,,,,,,
WQP_USA_2026,21NYDECA_WQX-974,Surface Water,43.22722,-77.61639,2021,8/17/2021,,EPA 537.1,,,6.3,2,,0,0,0,3.5,0,0,,,0,0,,,,,,3.4,,0,9.2,,,,,,,,,,0,,,0,,,0,,0,0,,,0,0,0,,,,,,
WQP_USA_2026,21NYDECA_WQX-1282,Surface Water,42.33567,-77.68267,2021,8/16/2021,,EPA 537.1,,,0,0,,0,0,0,0,0,0,,,0,0,,,,,,0,,0,0,,,,,,,,,,0,,,0,,,0,,0,0,,,0,0,0,,,,,,
WQP_USA_2026,21NYDECA_WQX-1295,Surface Water,42.00278,-76.63499,2021,8/16/2021,,EPA 537.1,,,1.8,0,,0,0,0,1.7,0,0,,,0,0,,,,,,2.2,,0,0,,,,,,,,,,0,,,0,,,0,,0,0,,,0,0,0,,,,,,
WQP_USA_2026,21NYDECA_WQX-1672,Surface Water,43.05778,-76.16345,2021,8/16/2021,,EPA 537.1,,,0,0,,0,0,0,0,0,0,,,0,0,,,,,,0,,0,0,,,,,,,,,,0,,,0,,,0,,0,0,,,0,0,0,,,,,,
WQP_USA_2026,21NYDECA_WQX-1888,Surface Water,43.51167,-75.30666,2021,8/16/2021,,EPA 537.1,,,0,0,,0,0,0,0,0,0,,,0,0,,,,,,0,,0,0,,,,,,,,,,0,,,0,,,0,,0,0,,,0,0,0,,,,,,
WQP_USA_2026,21NYDECA_WQX-3399,Surface Water,43.03778,-74.84055,2021,8/16/2021,,EPA 537.1,,,2,0,,0,0,0,0,0,0,,,0,0,,,,,,0,,0,0,,,,,,,,,,0,,,0,,,0,,0,0,,,0,0,0,,,,,,
WQP_USA_2026,21NYDECA_WQX-3664,Surface Water,42.619495,-73.758796,2021,8/16/2021,,EPA 537.1,,,0,2.4,,0,0,0,0,0,0,,,0,0,,,,,,0,,0,0,,,,,,,,,,0,,,0,,,0,,0,0,,,0,0,0,,,,,,
WQP_USA_2026,21NYDECA_WQX-427,Surface Water,42.15716,-78.71793,2021,8/16/2021,,EPA 537.1,,,0,0,,0,0,0,0,0,0,,,0,0,,,,,,0,,0,0,,,,,,,,,,0,,,0,,,0,,0,0,,,0,0,0,,,,,,
WQP_USA_2026,21NYDECA_WQX-458,Surface Water,42.11245,-79.20303,2021,8/16/2021,,EPA 537.1,,,0,2,,0,0,0,1.9,0,0,,,0,0,,,,,,2.3,,0,0,,,,,,,,,,0,,,0,,,0,,0,0,,,0,0,0,,,,,,
WQP_USA_2026,21NYDECA_WQX-634,Surface Water,43.254,-77.742,2021,8/16/2021,,EPA 537.1,,,1.8,2.2,,0,0,0,3.6,1.8,0,,,0,0,,,,,,4.3,,2.2,7.5,,,,,,,,,,0,,,0,,,0,,0,0,,,0,0,0,,,,,,
WQP_USA_2026,21NYDECA_WQX-776,Surface Water,42.73598,-77.84183,2021,8/16/2021,,EPA 537.1,,,0,0,,0,0,0,0,0,0,,,0,0,,,,,,0,,0,0,,,,,,,,,,0,,,0,,,0,,0,0,,,0,0,0,,,,,,
WQP_USA_2026,DRBC-BF,Surface Water,39.949887,-75.139119,2021,6/1/2021,,Unnamed_SPE_LCMS_MS,,,4.06,3.63,,0,,,4.53,1.74,,0,,,,,,,,,,,1.99,,0,0,,,,,,,,,,,0,,,0,,,,,,,,0,,0,,0,0,0
WQP_USA_2026,DRBC-NV,Surface Water,39.884095,-75.196883,2021,6/1/2021,,Unnamed_SPE_LCMS_MS,,,3.48,3.69,,,,,5.25,2.1,,0,,,,,,,,,,,2.42,,0,0,,,,,,,,,,,0,,,0,,,,,,,,0,,0,,0,0,0
WQP_USA_2026,DRBC-SR,Surface Water,39.91316,-75.2059,2021,6/1/2021,,Unnamed_SPE_LCMS_MS,,,4.02,3.89,,,,,5.3,2.95,,0,,,,,,,,,,,3.93,,0,0,,,,,,,,,,,0,,,0,,,,,,,,0,,0,,0,0,0
WQP_USA_2026,DRBC-CC2021,Surface Water,39.84474,-75.35999,2021,5/27/2021,,Unnamed_SPE_LCMS_MS,,,5.62,6.56,,,,1.95,7.66,3.77,,0,,,,,,,,,,,3.22,,0,0,,,,,,,,,,,0,,,0,,,,,,,,0,,0,,0,0,0
WQP_USA_2026,DRBC-DC,Surface Water,39.86994,-75.313876,2021,5/27/2021,,Unnamed_SPE_LCMS_MS,,,2.97,3.28,,0,,,4.97,1.99,,0,,,,,,,,,,,2.37,,0,0,,,,,,,,,,,0,,,0,,,,,,,,0,,0,,0,0,0
WQP_USA_2026,DRBC-ES,Surface Water,39.854719,-75.329321,2021,5/27/2021,,Unnamed_SPE_LCMS_MS,,,3.09,3,,0,,,3.3,,,0,,,,,,,,,,,1.74,,0,0,,,,,,,,,,,0,,,0,,,,,,,,0,,0,,0,0,0
WQP_USA_2026,DRBC-PB,Surface Water,39.858335,-75.268601,2021,5/27/2021,,Unnamed_SPE_LCMS_MS,,,2.78,2.77,,0,,,3.47,,,0,,,,,,,,,,,,,0,0,,,,,,,,,,,0,,,0,,,,,,,,0,,0,,0,0,0
WQP_USA_2026,DRBC-BR,Surface Water,39.988349,-75.068128,2021,5/26/2021,,Unnamed_SPE_LCMS_MS,,,2.82,2.74,,0,,,4.27,,,0,,,,,,,,,,,,,0,0,,,,,,,,,,,0,,,0,,,,,,,,0,,0,,0,0,0
WQP_USA_2026,DRBC-FC,Surface Water,39.98591,-75.071532,2021,5/26/2021,,Unnamed_SPE_LCMS_MS,,,2.78,2.85,,0,,,3.34,,,0,,,,,,,,,,,2.14,,0,0,,,,,,,,,,,0,,,0,,,,,,,,0,,0,,0,0,0
WQP_USA_2026,DRBC-TD,Surface Water,40.032619,-74.989468,2021,5/26/2021,,Unnamed_SPE_LCMS_MS,,,4.37,4.21,,0,,2.29,3.93,1.94,,0,,,,,,,,,,,1.93,,0,0,,,,,,,,,,,0,,,0,,,,,,,,0,,0,,0,0,0
WQP_USA_2026,DRBC-BU,Surface Water,40.082147,-74.879414,2021,5/24/2021,,Unnamed_SPE_LCMS_MS,,,2.51,2,,0,,,2.4,,,0,,,,,,,,,,,,0,0,0,,,,,,,,,,,0,,,0,,,,,,,,0,,0,,0,0,0
WQP_USA_2026,DRBC-FL,Surface Water,40.129409,-74.818381,2021,5/24/2021,,Unnamed_SPE_LCMS_MS,,,2.12,2.2,,0,,,,,,0,,,,,,,,,,,,0,0,0,,,,,,,,,,,0,,,0,,,,,,,,0,,0,,0,0,0
WQP_USA_2026,DRBC-NC,Surface Water,40.075873,-74.909043,2021,5/24/2021,,Unnamed_SPE_LCMS_MS,,,3.01,2.92,,0,,,2.79,,,0,,,,,,,,,,,,,0,0,,,,,,,,,,,0,,,0,,,,,,,,0,,0,,0,0,0
WQP_USA_2026,DRBC-CH,Surface Water,39.824416,-75.364924,2021,5/20/2021,,Unnamed_SPE_LCMS_MS,,,2.93,3.69,,0,,,3.73,1.88,,0,,,,,,,,,,,1.66,,0,0,,,,,,,,,,,0,,,0,,,,,,,,0,,0,,0,0,0
WQP_USA_2026,21NYDECA_WQX-976,Surface Water,43.203609,-77.625736,2021,4/28/2021,,EPA 537.1,,,12,0,,0,0,0,3.1,0,0,,,0,0,,,,,,0,,0,9.1,,,,,,,,,,0,,,0,,,0,,0,0,,,0,0,0,,,,,,
WQP_USA_2026,21NYDECA_WQX-978,Surface Water,43.198389,-77.620746,2021,4/28/2021,,EPA 537.1,,,0,0,,0,0,0,0,0,0,,,0,0,,,,,,0,,0,0,,,,,,,,,,0,,,0,,,0,,0,0,,,0,0,0,,,,,,
WQP_USA_2026,21NYDECA_WQX-77,Surface Water,43.065745,-78.99999,2021,4/27/2021,,EPA 537.1,,,0,0,,0,0,0,0,0,0,,,0,0,,,,,,0,,0,0,,,,,,,,,,0,,,0,,,0,,0,0,,,0,0,0,,,,,,
WQP_USA_2026,21NYDECA_WQX-78,Surface Water,43.064778,-78.988048,2021,4/27/2021,,EPA 537.1,,,1.6,0,,0,0,0,0,0,0,,,0,0,,,,,,0,,0,0,,,,,,,,,,0,,,0,,,0,,0,0,,,0,0,0,,,,,,
WQP_USA_2026,21NYDECA_WQX-79,Surface Water,43.228233,-79.051793,2021,4/27/2021,,EPA 537.1,,,1.7,0,,0,0,0,0,0,0,,,0,0,,,,,,0,,0,0,,,,,,,,,,0,,,0,,,0,,0,0,,,0,0,0,,,,,,
WQP_USA_2026,21NYDECA_WQX-84,Surface Water,43.214337,-79.053206,2021,4/27/2021,,EPA 537.1,,,2.1,0,,0,0,0,0,0,0,,,0,0,,,,,,0,,0,0,,,,,,,,,,0,,,0,,,0,,0,0,,,0,0,0,,,,,,
WQP_USA_2026,21NYDECA_WQX-3191,Surface Water,42.809122,-73.658308,2021,4/26/2021,,EPA 537.1,,,0,2,,0,0,0,0,0,0,,,0,0,,,,,,0,,0,0,,,,,,,,,,0,,,0,,,0,,0,0,,,0,0,0,,,,,,
WQP_USA_2026,21NYDECA_WQX-3194,Surface Water,42.82274,-73.66137,2021,4/26/2021,,EPA 537.1,,,0,1.9,,0,0,0,0,0,0,,,0,0,,,,,,0,,0,0,,,,,,,,,,0,,,0,,,0,,0,0,,,0,0,0,,,,,,
WQP_USA_2026,21NYDECA_WQX-3387,Surface Water,42.820624,-73.858617,2021,4/22/2021,,EPA 537.1,,,0,0,,0,0,0,0,0,0,,,0,0,,,,,,0,,0,0,,,,,,,,,,0,,,0,,,0,,0,0,,,0,0,0,,,,,,
WQP_USA_2026,21NYDECA_WQX-3388,Surface Water,42.838248,-73.877313,2021,4/22/2021,,EPA 537.1,,,0,0,,0,0,0,0,0,0,,,0,0,,,,,,0,,0,0,,,,,,,,,,0,,,0,,,0,,0,0,,,0,0,0,,,,,,
WQP_USA_2026,21NYDECA_WQX-1672,Surface Water,43.05778,-76.16345,2021,4/21/2021,,EPA 537.1,,,0,0,,0,0,0,0,0,0,,,0,0,,,,,,0,,0,0,,,,,,,,,,0,,,0,,,0,,0,0,,,0,0,0,,,,,,
WQP_USA_2026,21NYDECA_WQX-8359,Surface Water,41.04572,-73.709901,2021,4/21/2021,,EPA 537.1,,,2.4,8.5,,0,0,0,3.1,2.7,0,,,0,0,,,,,,3.9,,21,8.4,,,,,,,,,,0,,,0,,,0,,0,0,,,0,0,0,,,,,,
WQP_USA_2026,21NYDECA_WQX-8521,Surface Water,41.080496,-73.713759,2021,4/21/2021,,EPA 537.1,,,"2,000.00",370,,8.9,170,820,240,160,44,,,300,35,,,,,,340,,48,90,,,,,,,,,,27,,,0,,,0,,0,0,,,0,0,4.8,,,,,,
WQP_USA_2026,21NYDECA_WQX-8523,Surface Water,41.067479,-73.717583,2021,4/21/2021,,EPA 537.1,,,12,16,,0,4.3,8.3,27,17,0,,,39,0,,,,,,42,,2.4,14,,,,,,,,,,0,,,0,,,0,,0,0,,,0,0,0,,,,,,
WQP_USA_2026,21NYDECA_WQX-601,Surface Water,43.485876,-76.456671,2021,4/20/2021,,EPA 537.1,,,3.2,2.9,,0,0,0,3.1,2,0,,,4.8,0,,,,,,4,,0,0,,,,,,,,,,0,,,0,,,0,,0,0,,,0,0,0,,,,,,
WQP_USA_2026,21NYDECA_WQX-602,Surface Water,43.486561,-76.449,2021,4/20/2021,,EPA 537.1,,,3.7,0,,0,0,0,0,0,0,,,0,0,,,,,,0,,0,0,,,,,,,,,,0,,,0,,,0,,0,0,,,0,0,0,,,,,,
WQP_USA_2026,21NYDECA_WQX-671,Surface Water,43.561222,-76.118139,2021,4/20/2021,,EPA 537.1,,,0,0,,0,0,0,0,0,0,,,0,0,,,,,,0,,0,0,,,,,,,,,,0,,,0,,,0,,0,0,,,0,0,0,,,,,,
WQP_USA_2026,21NYDECA_WQX-672,Surface Water,43.55,-76.09444,2021,4/20/2021,,EPA 537.1,,,0,0,,0,0,0,0,0,0,,,0,0,,,,,,0,,0,0,,,,,,,,,,0,,,0,,,0,,0,0,,,0,0,0,,,,,,
WQP_USA_2026,DRBC-BC,Surface Water,40.189096,-74.7585,2021,4/20/2021,,Unnamed_SPE_LCMS_MS,,,2.26,2.32,,0,,,,,,0,,,,,,,,,,,,0,0,0,,,,,,,,,,,0,,,0,,,,,,,,0,,0,,0,0,0
WQP_USA_2026,21NYDECA_WQX-3301,Surface Water,42.77833,-73.69667,2021,4/15/2021,,EPA 537.1,,,0,0,,0,0,0,1.7,0,0,,,0,0,,,,,,0,,0,0,,,,,,,,,,0,,,0,,,0,,0,0,,,0,0,0,,,,,,
WQP_USA_2026,21NYDECA_WQX-3489,Surface Water,42.8,-74.26334,2021,4/15/2021,,EPA 537.1,,,0,0,,0,0,0,0,0,0,,,0,0,,,,,,0,,0,0,,,,,,,,,,0,,,0,,,0,,0,0,,,0,0,0,,,,,,
WQP_USA_2026,21NYDECA_WQX-1143,Surface Water,42.37722,-75.405,2021,4/14/2021,,EPA 537.1,,,0,0,,0,0,0,0,0,0,,,0,0,,,,,,0,,0,0,,,,,,,,,,0,,,0,,,0,,0,0,,,0,0,0,,,,,,
WQP_USA_2026,21NYDECA_WQX-1363,Surface Water,42.09097,-76.055787,2021,4/14/2021,,EPA 537.1,,,0,0,,0,0,0,0,0,0,,,0,0,,,,,,0,,0,0,,,,,,,,,,0,,,0,,,0,,0,0,,,0,0,0,,,,,,
WQP_USA_2026,21NYDECA_WQX-1382,Surface Water,42.59861,-76.15861,2021,4/14/2021,,EPA 537.1,,,0,0,,0,0,0,0,0,0,,,0,0,,,,,,0,,0,0,,,,,,,,,,0,,,0,,,0,,0,0,,,0,0,0,,,,,,
WQP_USA_2026,21NYDECA_WQX-2546,Surface Water,44.464375,-73.575255,2021,4/14/2021,,EPA 537.1,,,0,0,,0,0,0,0,0,0,,,0,0,,,,,,0,,0,0,,,,,,,,,,0,,,0,,,0,,0,0,,,0,0,0,,,,,,
WQP_USA_2026,21NYDECA_WQX-2676,Surface Water,44.36389,-73.390881,2021,4/14/2021,,EPA 537.1,,,0,0,,0,0,0,0,0,0,,,0,0,,,,,,0,,0,0,,,,,,,,,,0,,,0,,,0,,0,0,,,0,0,0,,,,,,
WQP_USA_2026,21NYDECA_WQX-375,Surface Water,43.095496,-78.638021,2021,4/14/2021,,EPA 537.1,,,0,0,,0,0,0,0,0,0,,,0,0,,,,,,0,,0,0,,,,,,,,,,0,,,0,,,0,,0,0,,,0,0,0,,,,,,
WQP_USA_2026,21NYDECA_WQX-6902,Surface Water,41.37194,-74.69695,2021,4/14/2021,,EPA 537.1,,,0,0,,0,0,0,0,0,0,,,0,0,,,,,,0,,0,0,,,,,,,,,,0,,,0,,,0,,0,0,,,0,0,0,,,,,,
WQP_USA_2026,21NYDECA_WQX-728,Surface Water,43.27785,-78.71185,2021,4/14/2021,,EPA 537.1,,,3,3.7,,0,0,0,3.2,1.8,0,,,0,0,,,,,,2.8,,1.8,6.7,,,,,,,,,,0,,,0,,,0,,0,0,,,0,0,0,,,,,,
WQP_USA_2026,21NYDECA_WQX-7476,Surface Water,41.4422,-74.6002,2021,4/14/2021,,EPA 537.1,,,0,0,,0,0,0,0,0,0,,,0,0,,,,,,0,,0,0,,,,,,,,,,0,,,0,,,0,,0,0,,,0,0,0,,,,,,
WQP_USA_2026,21NYDECA_WQX-7774,Surface Water,42.08,-75.40138,2021,4/14/2021,,EPA 537.1,,,0,0,,0,0,0,0,0,0,,,0,0,,,,,,0,,0,0,,,,,,,,,,0,,,0,,,0,,0,0,,,0,0,0,,,,,,
WQP_USA_2026,21NYDECA_WQX-974,Surface Water,43.22722,-77.61639,2021,4/14/2021,,EPA 537.1,,,15,0,,0,0,0,1.9,0,0,,,0,0,,,,,,1.6,,0,0,,,,,,,,,,0,,,0,,,0,,0,0,,,0,0,0,,,,,,
WQP_USA_2026,CEDEN-PajRiv3,Surface Water,36.8922,-121.764,2021,4/14/2021,,EPA 5578,,,3.05,3.89,,,,1.45,3.45,1.14,,,,,,,,,,,,,3.29,4.49,,,,,,,,,,,,,,,,,,,,,,,,,,,,,,
WQP_USA_2026,21NYDECA_WQX-1295,Surface Water,42.00278,-76.63499,2021,4/13/2021,,EPA 537.1,,,0,0,,0,0,0,0,0,0,,,0,0,,,,,,0,,0,0,,,,,,,,,,0,,,0,,,0,,0,0,,,0,0,0,,,,,,
WQP_USA_2026,21NYDECA_WQX-139,Surface Water,42.86194,-78.86787,2021,4/13/2021,,EPA 537.1,,,2.9,2.2,,0,0,0,2.1,1.6,0,,,0,0,,,,,,2.3,,0,4.1,,,,,,,,,,0,,,0,,,0,,0,0,,,0,0,0,,,,,,
WQP_USA_2026,21NYDECA_WQX-16216,Surface Water,43.70083,-73.9825,2021,4/13/2021,,EPA 537.1,,,0,0,,0,0,0,0,0,0,,,0,0,,,,,,0,,0,0,,,,,,,,,,0,,,0,,,0,,0,0,,,0,0,0,,,,,,
WQP_USA_2026,21NYDECA_WQX-2202,Surface Water,44.939851,-74.556944,2021,4/13/2021,,EPA 537.1,,,0,0,,0,0,0,0,0,0,,,0,0,,,,,,0,,0,0,,,,,,,,,,0,,,0,,,0,,0,0,,,0,0,0,,,,,,
WQP_USA_2026,21NYDECA_WQX-2312,Surface Water,44.846933,-75.078952,2021,4/13/2021,,EPA 537.1,,,0,0,,0,0,0,0,0,0,,,0,0,,,,,,0,,0,0,,,,,,,,,,0,,,0,,,0,,0,0,,,0,0,0,,,,,,
WQP_USA_2026,21NYDECA_WQX-2323,Surface Water,44.58917,-75.32139,2021,4/13/2021,,EPA 537.1,,,0,0,,0,0,0,0,0,0,,,0,0,,,,,,0,,0,0,,,,,,,,,,0,,,0,,,0,,0,0,,,0,0,0,,,,,,
WQP_USA_2026,21NYDECA_WQX-2923,Surface Water,42.95139,-73.39111,2021,4/13/2021,,EPA 537.1,,,0,8.6,,0,0,0,0,0,0,,,0,0,,,,,,0,,0,0,,,,,,,,,,0,,,0,,,0,,0,0,,,0,0,0,,,,,,
WQP_USA_2026,21NYDECA_WQX-2957,Surface Water,44.697538,-73.45085,2021,4/13/2021,,EPA 537.1,,,0,0,,0,0,0,0,0,0,,,0,0,,,,,,0,,0,0,,,,,,,,,,0,,,0,,,0,,0,0,,,0,0,0,,,,,,
WQP_USA_2026,21NYDECA_WQX-3192,Surface Water,43.29655,-73.59049,2021,4/13/2021,,EPA 537.1,,,0,0,,0,0,0,0,0,0,,,0,0,,,,,,0,,0,0,,,,,,,,,,0,,,0,,,0,,0,0,,,0,0,0,,,,,,
WQP_USA_2026,21NYDECA_WQX-634,Surface Water,43.254,-77.742,2021,4/13/2021,,EPA 537.1,,,2.4,2.5,,0,0,0,2.8,0,0,,,0,0,,,,,,3.2,,2.4,11,,,,,,,,,,0,,,0,,,0,,0,0,,,0,0,0,,,,,,
WQP_USA_2026,21NYDECA_WQX-776,Surface Water,42.73598,-77.84183,2021,4/13/2021,,EPA 537.1,,,0,0,,0,0,0,0,0,0,,,0,0,,,,,,0,,0,0,,,,,,,,,,0,,,0,,,0,,0,0,,,0,0,0,,,,,,
WQP_USA_2026,21NYDECA_WQX-823,Surface Water,42.11866,-77.94654,2021,4/13/2021,,EPA 537.1,,,0,0,,0,0,0,0,0,0,,,0,0,,,,,,0,,0,0,,,,,,,,,,0,,,0,,,0,,0,0,,,0,0,0,,,,,,
WQP_USA_2026,21NYDECA_WQX-8366,Surface Water,40.88,-73.8686,2021,4/13/2021,,EPA 537.1,,,9.7,11,,1.8,2.3,4.7,7.5,5.2,0,,,0,0,,,,,,8.1,,4.9,6,,,,,,,,,,0,,,0,,,0,,0,0,,,0,0,1.6,,,,,,
WQP_USA_2026,21NYDECA_WQX-1282,Surface Water,42.33567,-77.68267,2021,4/12/2021,,EPA 537.1,,,0,0,,0,0,0,0,0,0,,,0,0,,,,,,0,,0,0,,,,,,,,,,0,,,0,,,0,,0,0,,,0,0,0,,,,,,
WQP_USA_2026,21NYDECA_WQX-1681,Surface Water,43.39806,-76.47166,2021,4/12/2021,,EPA 537.1,,,3.4,0,,0,0,0,0,0,0,,,0,0,,,,,,0,,0,0,,,,,,,,,,0,,,0,,,0,,0,0,,,0,0,0,,,,,,
WQP_USA_2026,21NYDECA_WQX-1772,Surface Water,42.68037,-76.95395,2021,4/12/2021,,EPA 537.1,,,0,0,,0,0,0,2,0,0,,,0,0,,,,,,2.2,,0,0,,,,,,,,,,0,,,0,,,0,,0,0,,,0,0,0,,,,,,
WQP_USA_2026,21NYDECA_WQX-1887,Surface Water,43.98472,-75.925,2021,4/12/2021,,EPA 537.1,,,0,0,,0,0,0,0,0,0,,,0,0,,,,,,0,,0,0,,,,,,,,,,0,,,0,,,0,,0,0,,,0,0,0,,,,,,
WQP_USA_2026,21NYDECA_WQX-1888,Surface Water,43.51167,-75.30666,2021,4/12/2021,,EPA 537.1,,,0,0,,0,0,0,0,0,0,,,0,0,,,,,,0,,0,0,,,,,,,,,,0,,,0,,,0,,0,0,,,0,0,0,,,,,,
WQP_USA_2026,21NYDECA_WQX-3399,Surface Water,43.03778,-74.84055,2021,4/12/2021,,EPA 537.1,,,1.8,0,,0,0,0,0,0,0,,,0,0,,,,,,0,,0,0,,,,,,,,,,0,,,0,,,0,,0,0,,,0,0,0,,,,,,
WQP_USA_2026,21NYDECA_WQX-3664,Surface Water,42.619495,-73.758796,2021,4/12/2021,,EPA 537.1,,,0,0,,0,0,0,0,0,0,,,0,0,,,,,,0,,0,0,,,,,,,,,,0,,,0,,,0,,0,0,,,0,0,0,,,,,,
WQP_USA_2026,21NYDECA_WQX-4087,Surface Water,41.687831,-74.1657,2021,4/12/2021,,EPA 537.1,,,0,0,,0,0,0,2.3,0,0,,,0,0,,,,,,1.8,,0,0,,,,,,,,,,0,,,0,,,0,,0,0,,,0,0,0,,,,,,
WQP_USA_2026,21NYDECA_WQX-4259,Surface Water,41.846178,-74.074282,2021,4/12/2021,,EPA 537.1,,,0,0,,0,0,0,0,0,0,,,0,0,,,,,,0,,0,0,,,,,,,,,,0,,,0,,,0,,0,0,,,0,0,0,,,,,,
WQP_USA_2026,21NYDECA_WQX-427,Surface Water,42.15716,-78.71793,2021,4/12/2021,,EPA 537.1,,,0,0,,0,0,0,0,0,0,,,0,0,,,,,,0,,0,0,,,,,,,,,,0,,,0,,,0,,0,0,,,0,0,0,,,,,,
WQP_USA_2026,21NYDECA_WQX-458,Surface Water,42.11245,-79.20303,2021,4/12/2021,,EPA 537.1,,,1.7,0,,0,0,0,0,0,0,,,0,0,,,,,,0,,0,0,,,,,,,,,,0,,,0,,,0,,0,0,,,0,0,0,,,,,,
WQP_USA_2026,21NYDECA_WQX-666,Surface Water,43.53111,-76.03806,2021,4/12/2021,,EPA 537.1,,,0,0,,0,0,0,0,0,0,,,0,0,,,,,,0,,0,0,,,,,,,,,,0,,,0,,,0,,0,0,,,0,0,0,,,,,,
WQP_USA_2026,21NYDECA_WQX-8498,Surface Water,40.83,-72.90694,2021,4/12/2021,,EPA 537.1,,,3.8,2.4,,0,0,3.1,2.6,0,0,,,0,0,,,,,,2.6,,0,0,,,,,,,,,,0,,,0,,,0,,0,0,,,0,0,0,,,,,,
WQP_USA_2026,CEDEN-PajRiv3,Surface Water,36.8922,-121.764,2019,11/6/2019,,EPA 5578,,,5.52,9.45,,4.08,,1.21,7.02,3.61,,,,,,,,,,,,,2.09,9.52,,,,,,,,,,,,,,,,0.52,,,,,,,,,,,,,,
WQP_USA_2026,21NYDECA_WQX-2923,Surface Water,42.95139,-73.39111,2019,10/24/2019,,EPA 537.1,,,0,13,,0,0,0,0,0,0,,,0,0,,,,,,0,,0,0,,,,,,,,,,0,,,0,,,0,,0,0,,,0,0,0,,,,,,
WQP_USA_2026,21NYDECA_WQX-8498,Surface Water,40.83,-72.90694,2019,10/24/2019,,EPA 537.1,,,4.4,3.1,,0,0,3.5,3.9,0,0,,,0,0,,,,,,3.7,,0,2,,,,,,,,,,0,,,0,,,0,,0,0,,,0,0,0,,,,,,
WQP_USA_2026,21NYDECA_WQX-1143,Surface Water,42.37722,-75.405,2019,10/23/2019,,EPA 537.1,,,0,0,,0,0,0,0,0,0,,,0,0,,,,,,0,,0,0,,,,,,,,,,0,,,0,,,0,,0,0,,,0,0,0,,,,,,
WQP_USA_2026,21NYDECA_WQX-7774,Surface Water,42.08,-75.40138,2019,10/23/2019,,EPA 537.1,,,0,0,,0,0,0,0,0,0,,,0,0,,,,,,0,,0,0,,,,,,,,,,0,,,0,,,0,,0,0,,,0,0,0,,,,,,
WQP_USA_2026,21NYDECA_WQX-8366,Surface Water,40.88,-73.8686,2019,10/23/2019,,EPA 537.1,,,7.3,9.6,,0,0,3.3,6.1,3.4,0,,,0,0,,,,,,6,,3.5,5,,,,,,,,,,0,,,0,,,0,,0,0,,,0,0,0,,,,,,
WQP_USA_2026,21NYDECA_WQX-3664,Surface Water,42.619495,-73.758796,2019,10/22/2019,,EPA 537.1,,,1.8,2.4,,0,0,0,0,0,0,,,0,0,,,,,,0,,0,2,,,,,,,,,,0,,,0,,,0,,0,0,,,0,0,0,,,,,,
WQP_USA_2026,21NYDECA_WQX-3489,Surface Water,42.8,-74.26334,2019,10/21/2019,,EPA 537.1,,,0,0,,0,0,0,0,0,0,,,0,0,,,,,,0,,0,0,,,,,,,,,,0,,,0,,,0,,0,0,,,0,0,0,,,,,,
WQP_USA_2026,UWT_CUW-BuddInle,Surface Water,47.06035,-122.91503,2018,10/30/2018,,Unnamed_SPE_LCMS_MS,,,,,,,,,,,,,,,,,,,,,,,0.84,,,,,,,,,,,,,,,,,,,,,,,,,,,,,,,
WQP_USA_2026,UWT_CUW-BuddInle,Surface Water,47.06035,-122.91503,2018,8/22/2018,,Unnamed_SPE_LCMS_MS,,,,,,,,0.95,,,,,,,,,,,,,,,1.14,,,,,,,,,,,,,,,,,,,,,,,,,,,,,,,
WQP_USA_2026,UWT_CUW-SalmonBa,Surface Water,47.6663,-122.4018,2018,8/22/2018,,Unnamed_SPE_LCMS_MS,,,4.19,,,,,1.01,,,,,,,,,,,,,,,0.4,,,,,,,,,,,,,,,,,,,,,,,,,,,,,,,
WQP_USA_2026,UWT_CUW-SmithCov,Surface Water,47.63237,-122.37868,2018,8/22/2018,,Unnamed_SPE_LCMS_MS,,,73.21,7.15,,,,42.11,13.82,3.77,,,,,,,,,,,1.98,,4.36,,,,,,,,,,,,,,,,,,,,,,,,,,,,,,,
WQP_USA_2026,UWT_CUW-BuddInle,Surface Water,47.06035,-122.91503,2018,6/18/2018,,Unnamed_SPE_LCMS_MS,,,,,,,,,,,,,,,,,,,,,,,0.14,,,,,,,,,,,,,,,,,,,,,,,,,,,,,,,
WQP_USA_2026,UWT_CUW-CommBayT,Surface Water,47.25919,-122.43469,2018,6/18/2018,,Unnamed_SPE_LCMS_MS,,,1.36,,,,,,,,,,,,,,,,,,,,,,,,,,,,,,,,,,,,,,,,,,,,,,,,,,,
WQP_USA_2026,UWT_CUW-SalmonBa,Surface Water,47.6663,-122.4018,2018,6/18/2018,,Unnamed_SPE_LCMS_MS,,,1.82,,,,,,,,,,,,,,,,,,,,0.17,,,,,,,,,,,,,,,,,,,,,,,,,,,,,,,
WQP_USA_2026,UWT_CUW-SmithCov,Surface Water,47.63237,-122.37868,2018,6/18/2018,,Unnamed_SPE_LCMS_MS,,,91.28,1.96,,,,12.66,3.83,,,,,,,,,,,,0.99,,1.28,,,,,,,,,,,,,,,,,,,,,,,,,,,,,,,
WQP_USA_2026,UWT_CUW-BuddInle,Surface Water,47.06035,-122.91503,2018,5/9/2018,,Unnamed_SPE_LCMS_MS,,,,,,,,2.11,,,,,,,,,,,,,,,2.59,,,,,,,,,,,,,,,,,,,,,,,,,,,,,,,
WQP_USA_2026,UWT_CUW-CommBayT,Surface Water,47.25919,-122.43469,2018,5/9/2018,,Unnamed_SPE_LCMS_MS,,,5.21,,,,,1.16,,,,,,,,,,,,,,,0.24,,,,,,,,,,,,,,,,,,,,,,,,,,,,,,,
WQP_USA_2026,UWT_CUW-SalmonBa,Surface Water,47.6663,-122.4018,2018,5/9/2018,,Unnamed_SPE_LCMS_MS,,,2.77,,,,,,,,,,,,,,,,,,,,0.35,,,,,,,,,,,,,,,,,,,,,,,,,,,,,,,
WQP_USA_2026,UWT_CUW-SmithCov,Surface Water,47.63237,-122.37868,2018,5/9/2018,,Unnamed_SPE_LCMS_MS,,,142.26,5.22,,,,43.17,10.9,2.31,,,,,,,,,,,2.57,,3.55,,,,,,,,,,,,,,,,,,,,,,,,,,,,,,,
WQP_USA_2026,UWT_CUW-BuddInle,Surface Water,47.06035,-122.91503,2018,4/17/2018,,Unnamed_SPE_LCMS_MS,,,,,,,,,,,,,,,,,,,,,,,0.62,,,,,,,,,,,,,,,,,,,,,,,,,,,,,,,
WQP_USA_2026,UWT_CUW-SaltarsP,Surface Water,47.16998,-122.61066,2018,4/17/2018,,Unnamed_SPE_LCMS_MS,,,2.19,,,,,,,,,,,,,,,,,,,,0.57,,,,,,,,,,,,,,,,,,,,,,,,,,,,,,,
WQP_USA_2026,UWT_CUW-Silverda,Surface Water,47.64279,-122.69671,2018,4/17/2018,,Unnamed_SPE_LCMS_MS,,,2.34,,,,,,,,,,,,,,,,,,,,,,,,,,,,,,,,,,,,,,,,,,,,,,,,,,,
WQP_USA_2026,CEDEN-200PPCPEL,Surface Water,37.5644,-122.25,2009,12/28/2009,,EPA 3225,,,6.49,,,,,2.3,,,,,,,,,,,,,,,,2.59,,,,,,,,,,,,,,,,,,,,,,,,,,,,,,
WQP_USA_2026,CEDEN-200PPCPCL,Surface Water,37.4764,-122.124,2009,12/10/2009,,EPA 3225,,,44.3,,,,,12.6,,,,,,,,,,,,,,,7.89,62.2,,,,,,,,,,,,,,,,,,,,,,,,,,,,,,
WQP_USA_2026,CEDEN-200PPCPFC,Surface Water,37.5949,-122.146,2009,12/10/2009,,EPA 3225,,,5.7,,,,,,,,,,,,,,,,,,,,,,,,,,,,,,,,,,,,,,,,,,,,,,,,,,,
