Sample_ID,Florida County Name,Latitude,Longitude
BRE-1737-049,Brevard County,28.2732317,80.0058456
PAL-0496-065,Palm Beach County,26.5837644,80.0468471
PAL-0491-060,Palm Beach County,26.6770072,80.0486116
PAL-0190-018,Palm Beach County,26.84391901,80.05754399
PAL-0259-033,Palm Beach County,26.4419,80.06
PAL-0696-067,Palm Beach County,26.473844,80.062816
PAL-0260-034,Palm Beach County,26.4569,80.0633
PAL-0258-032,Palm Beach County,26.4388,80.0664
PAL-0497-066,Palm Beach County,26.716638,80.0668979
PAL-0192-020,Palm Beach County,26.84442554,80.06704591
PAL-0187-015,Palm Beach County,26.70333954,80.06814385
PAL-0256-030,Palm Beach County,26.4304,80.0684
PAL-0193-021,Palm Beach County,26.88179644,80.06861975
PAL-0423-057,Palm Beach County,26.3807,80.069
PAL-0697-068,Palm Beach County,26.40427,80.070004
PAL-0253-027,Palm Beach County,26.357,80.0701
PAL-0741-071,Palm Beach County,26.335622,80.07134
PAL-0254-028,Palm Beach County,26.3626,80.0714
PAL-0698-069,Palm Beach County,26.36257,80.071817
PAL-0699-070,Palm Beach County,26.335642,80.072058
PAL-1539-135,Palm Beach County,26.33306389,80.07220833
PAL-0255-029,Palm Beach County,26.4024,80.0723
PAL-0490-059,Palm Beach County,26.6854213,80.0728766
PAL-0492-061,Palm Beach County,26.6663349,80.0729181
BRO-0700-012,Broward County,26.314729,80.074917
BRO-0740-016,Broward County,26.31634,80.075105
PAL-1538-134,Palm Beach County,26.36335,80.07579722
PAL-0495-064,Palm Beach County,26.5889859,80.0766869
PAL-0183-013,Palm Beach County,26.91697872,80.07714878
PAL-0189-017,Palm Beach County,26.95734435,80.07768158
PAL-0177-009,Palm Beach County,26.72429535,80.07770989
PAL-0194-022,Palm Beach County,26.91337585,80.07894965
PAL-0184-014,Palm Beach County,26.95244798,80.07922626
PAL-0493-062,Palm Beach County,26.6021388,80.0793798
BRO-0739-015,Broward County,26.300691,80.079786
PAL-0191-019,Palm Beach County,26.81787969,80.08093965
BRO-0701-013,Broward County,26.313183,80.081884
PAL-0263-037,Palm Beach County,26.4795,80.084
PAL-0134-001,Palm Beach County,26.932537,80.084191
PAL-0742-072,Palm Beach County,26.324824,80.084598
PAL-0494-063,Palm Beach County,26.5852303,80.0849659
PAL-0257-031,Palm Beach County,26.4145,80.0886
PAL-0188-016,Palm Beach County,26.74956722,80.08893233
PAL-0380-050,Palm Beach County,26.369407,80.094611
PAL-0264-038,Palm Beach County,26.4693,80.0948
PAL-0252-026,Palm Beach County,26.3411,80.0963
BRO-1540-041,Broward County,26.32211667,80.09659722
PAL-0343-042,Palm Beach County,26.44638889,80.09694444
PAL-0743-073,Palm Beach County,26.330255,80.096989
PAL-0421-055,Palm Beach County,26.3967,80.0982
BRO-2316-066,Broward County,26.21172,80.09885
BRO-2251-055,Broward County,26.16134,80.09906
PAL-0383-053,Palm Beach County,26.415835,80.099133
PAL-0379-049,Palm Beach County,26.366148,80.103409
PAL-0180-010,Palm Beach County,26.95783202,80.10400629
PAL-0140-006,Palm Beach County,26.966654,80.1044
PAL-0382-052,Palm Beach County,26.412755,80.105678
PAL-0251-025,Palm Beach County,26.3575,80.1057
PAL-0345-044,Palm Beach County,26.38777778,80.10666667
BRO-2250-054,Broward County,26.11925,80.10801
PAL-0422-056,Palm Beach County,26.3874,80.11
BRO-0923-023,Broward County,26.06530556,80.11330556
PAL-0262-036,Palm Beach County,26.4764,80.1145
PAL-0381-051,Palm Beach County,26.388284,80.114528
PAL-0261-035,Palm Beach County,26.4846,80.1149
PAL-1537-133,Palm Beach County,26.387775,80.115275
BRO-0738-014,Broward County,26.317537,80.117888
BRO-0425-010,Broward County,26.3069,80.118
BRO-0927-027,Broward County,26.01280556,80.11819444
BRO-0395-002,Broward County,26.0425,80.1194
DAD-1009-025,Miami-Dade County,25.81972222,80.12027778
PAL-0181-011,Palm Beach County,26.9431001,80.121577
DAD-2308-101,Miami-Dade County,25.8475,80.12194
MRT-0141-002,Martin County,27.065983,80.124902
DAD-2309-102,Miami-Dade County,25.90222,80.12583
DAD-2356-116,Miami-Dade County,25.8603,80.12761
BRO-0922-022,Broward County,26.117,80.12861111
BRO-2254-058,Broward County,26.15384,80.12872
DAD-1007-023,Miami-Dade County,25.91361111,80.13055556
BRO-2359-069,Broward County,26.11082,80.1309
MRT-0176-013,Martin County,26.97657343,80.13174736
BRO-2358-068,Broward County,26.12031,80.13185
PAL-0136-003,Palm Beach County,26.938495,80.132499
BRO-2253-057,Broward County,26.16343,80.1356
DAD-1011-027,Miami-Dade County,25.76638889,80.13611111
PAL-0144-007,Palm Beach County,26.948323,80.136439
PAL-0155-008,Palm Beach County,26.949502,80.136459
PAL-2629-150,Palm Beach County,26.78622,80.14013
MRT-0143-004,Martin County,27.101386,80.141375
MRT-0139-001,Martin County,26.976504,80.141549
MRT-0746-022,Martin County,27.2025,80.1416
DAD-1010-026,Miami-Dade County,25.79666667,80.14194444
DAD-2355-115,Miami-Dade County,25.79441,80.14511
PAL-0420-054,Palm Beach County,26.3874,80.1474
BRO-2255-059,Broward County,26.117141,80.149924
DAD-2343-103,Miami-Dade County,25.92936,80.15116
DAD-0376-008,Miami-Dade County,25.7094,80.1514
BRO-0924-024,Broward County,26.05969444,80.15288889
BRO-0346-001,Broward County,26.31138889,80.15444444
BRO-0426-011,Broward County,26.3179,80.1548
BRO-0926-026,Broward County,26.04980556,80.15488889
PAL-0341-040,Palm Beach County,26.46416667,80.16138889
DAD-2350-110,Miami-Dade County,25.7316,80.16253
DAD-2344-104,Miami-Dade County,25.90517,80.16288
BRO-0752-019,Broward County,26.06444444,80.16388889
MRT-0142-003,Martin County,27.100367,80.16567
MRT-0175-012,Martin County,27.20021047,80.16616566
DAD-2353-113,Miami-Dade County,25.849861,80.166528
PAL-0138-005,Palm Beach County,26.840463,80.166714
BRO-1066-031,Broward County,26.059882,80.166774
BRO-0400-007,Broward County,26.0686,80.169
DAD-2349-109,Miami-Dade County,25.70026,80.16926
PAL-0424-058,Palm Beach County,26.3664,80.1712
MRT-0149-009,Martin County,27.154157,80.1713
BRO-2312-062,Broward County,26.16944,80.17138
BRO-2357-067,Broward County,26.12657,80.17304
DAD-2348-108,Miami-Dade County,25.87159,80.17337
BRO-2311-061,Broward County,26.19027,80.175
PAL-0135-002,Palm Beach County,26.926222,80.178463
BRO-2315-065,Broward County,26.09305,80.17916
BRO-2314-064,Broward County,26.29166,80.18194
BRO-0925-025,Broward County,26.06761111,80.18219444
MRT-0148-008,Martin County,27.164958,80.182524
DAD-2307-100,Miami-Dade County,25.78388,80.18555
DAD-1008-024,Miami-Dade County,25.87916667,80.18555556
PAL-0347-045,Palm Beach County,26.32805556,80.18611111
PAL-0340-039,Palm Beach County,26.53888889,80.18861111
DAD-2346-106,Miami-Dade County,25.85025,80.18867
MRT-0147-007,Martin County,27.147015,80.190694
MRT-0178-014,Martin County,27.16426408,80.19379699
MRT-0747-023,Martin County,27.1624,80.194
MRT-0146-006,Martin County,27.149255,80.19505
MRT-0185-016,Martin County,27.20251749,80.19923533
PAL-0342-041,Palm Beach County,26.4425,80.19972222
DAD-2352-112,Miami-Dade County,25.77156,80.20029
DAD-2352-112,Miami-Dade County,25.77156,80.20029
BRO-1181-038,Broward County,26.039331,80.200731
MRT-0150-010,Martin County,27.182738,80.206428
PAL-0348-046,Palm Beach County,26.36638889,80.20722222
DAD-2306-099,Miami-Dade County,25.85388,80.2075
BRO-1183-040,Broward County,26.051986,80.215893
DAD-1015-031,Miami-Dade County,25.78388889,80.21638889
PAL-0378-048,Palm Beach County,26.498831,80.222159
DAD-2347-107,Miami-Dade County,25.91624,80.22359
MRT-2454-055,Martin County,27.32175,80.22841
DAD-1018-034,Miami-Dade County,25.88222222,80.23
DAD-2351-111,Miami-Dade County,25.73089,80.23281
BRO-0928-028,Broward County,26.00880556,80.23319444
BRO-0419-009,Broward County,26.0803,80.2336
PAL-0377-047,Palm Beach County,26.375063,80.236657
DAD-2345-105,Miami-Dade County,25.87165,80.24232
PAL-0137-004,Palm Beach County,26.872308,80.245362
DAD-1004-020,Miami-Dade County,25.96416667,80.24611111
BRO-1179-036,Broward County,26.053087,80.247601
BRO-2313-063,Broward County,26.16583,80.25111
DAD-1005-021,Miami-Dade County,25.91527778,80.25222222
BRO-2310-060,Broward County,26.22972,80.25416
DAD-0374-006,Miami-Dade County,25.6788,80.2556
MRT-0744-020,Martin County,27.1116,80.2562
MRT-0179-015,Martin County,27.16183848,80.25717122
MRT-0186-017,Martin County,27.20243488,80.25815739
DAD-2302-095,Miami-Dade County,25.70555,80.26027
BRO-2249-053,Broward County,26.30124,80.26268
BRO-0401-008,Broward County,26.1034,80.2649
MRT-0745-021,Martin County,27.1876,80.2701
DAD-1019-035,Miami-Dade County,25.72694444,80.27222222
STL-2466-020,St. Lucie County,27.41934,80.27706
DAD-0372-004,Miami-Dade County,25.6421,80.2806
DAD-1014-030,Miami-Dade County,25.78527778,80.28083333
DAD-1017-033,Miami-Dade County,25.82277778,80.28138889
MRT-0748-024,Martin County,27.1137,80.2824
DAD-0373-005,Miami-Dade County,25.6699,80.284
DAD-2303-096,Miami-Dade County,25.73861,80.28694
MRT-0246-019,Martin County,27.108727,80.287055
STL-0084-001,St. Lucie County,27.47018,80.29235083
BRO-2252-056,Broward County,26.22987,80.29744
DAD-1006-022,Miami-Dade County,25.92055556,80.29861111
BRO-0753-020,Broward County,26.01416667,80.29916667
PAL-2256-149,Palm Beach County,26.35616,80.29982
DAD-1639-059,Miami-Dade County,25.947179,80.300142
STL-0087-004,St. Lucie County,27.49512,80.302977
DAD-0369-001,Miami-Dade County,25.6143,80.306
DAD-1637-057,Miami-Dade County,25.921662,80.306739
DAD-0370-002,Miami-Dade County,25.6108,80.3076
DAD-1013-029,Miami-Dade County,25.77138889,80.30861111
STL-2614-024,St. Lucie County,27.244333,80.315417
BRO-1069-034,Broward County,26.043969,80.316184
STL-0153-014,St. Lucie County,27.24909,80.316682
STL-2465-019,St. Lucie County,27.43746,80.31957
STL-0151-012,St. Lucie County,27.304292,80.322508
DAD-2304-097,Miami-Dade County,25.72,80.32638
DAD-1012-028,Miami-Dade County,25.78888889,80.32666667
DAD-1028-044,Miami-Dade County,25.56777778,80.32805556
DAD-0371-003,Miami-Dade County,25.6154,80.3283
IDR-2449-026,Indian River County,27.56112,80.32855
DAD-0375-007,Miami-Dade County,25.5406,80.3288
DAD-1025-041,Miami-Dade County,25.53861111,80.32972222
BRO-1070-035,Broward County,25.998431,80.330448
DAD-1611-048,Miami-Dade County,25.54311111,80.33088889
STL-0085-002,St. Lucie County,27.46630889,80.33139583
DAD-1612-049,Miami-Dade County,25.55219444,80.33158333
STL-2468-022,St. Lucie County,27.32332,80.33271
BRO-0396-003,Broward County,26.071,80.334
STL-0086-003,St. Lucie County,27.486349,80.334751
DAD-2354-114,Miami-Dade County,25.4608,80.33663
STL-0096-010,St. Lucie County,27.374298,80.342213
DAD-1030-046,Miami-Dade County,25.55944444,80.34277778
DAD-1610-047,Miami-Dade County,25.53711111,80.34363889
BRO-1065-030,Broward County,26.044912,80.345378
DAD-2301-094,Miami-Dade County,25.68916,80.34666
DAD-1615-052,Miami-Dade County,25.46263889,80.34705556
DAD-1026-042,Miami-Dade County,25.54833333,80.34777778
STL-0091-005,St. Lucie County,27.488814,80.3485
STL-0093-007,St. Lucie County,27.476393,80.349412
BRO-0750-017,Broward County,26.01555556,80.35027778
IDR-1411-016,Indian River County,27.63142222,80.35037222
DAD-1027-043,Miami-Dade County,25.56416667,80.35055556
BRO-1064-029,Broward County,26.040956,80.351184
STL-0095-009,St. Lucie County,27.395748,80.35158
DAD-1638-058,Miami-Dade County,25.842945,80.357118
IDR-0072-004,Indian River County,27.629,80.358
BRO-1182-039,Broward County,26.129752,80.358025
IDR-1412-017,Indian River County,27.66552222,80.36039444
BRO-0398-005,Broward County,26.1304,80.3614
DAD-2305-098,Miami-Dade County,25.76946,80.36347
IDR-2492-030,Indian River County,27.586561,80.36505
STL-0097-011,St. Lucie County,27.352347,80.366324
DAD-1029-045,Miami-Dade County,25.57,80.37111111
MRT-0154-011,Martin County,27.205997,80.371918
STL-0152-013,St. Lucie County,27.265745,80.371918
STL-0092-006,St. Lucie County,27.481789,80.373232
STL-2467-021,St. Lucie County,27.39885,80.37554
DAD-2299-092,Miami-Dade County,25.64222,80.37611
DAD-1614-051,Miami-Dade County,25.47038889,80.37936111
MON-2104-084,Monroe County,25.29195,80.379425
DAD-1020-036,Miami-Dade County,25.70472222,80.38111111
DAD-1016-032,Miami-Dade County,25.80027778,80.38611111
IDR-0089-010,Indian River County,27.603818,80.387361
IDR-0071-003,Indian River County,27.65,80.388
STL-0094-008,St. Lucie County,27.470258,80.390238
MON-2115-095,Monroe County,25.15622694,80.39193083
BRO-1180-037,Broward County,26.104503,80.395331
IDR-0070-002,Indian River County,27.65,80.399
DAD-2296-089,Miami-Dade County,25.51666,80.39916
STL-2624-026,St. Lucie County,27.40323,80.39948
DAD-2300-093,Miami-Dade County,25.66583,80.40277
MON-2116-096,Monroe County,25.12500694,80.40280833
DAD-1616-053,Miami-Dade County,25.44811111,80.40388889
DAD-0477-009,Miami-Dade County,25.6002136,80.4055147
IDR-0090-011,Indian River County,27.588882,80.405665
DAD-0484-016,Miami-Dade County,25.6390049,80.4063626
MON-2118-098,Monroe County,25.12429111,80.407015
DAD-0485-017,Miami-Dade County,25.6404872,80.4070848
DAD-0486-018,Miami-Dade County,25.6874004,80.4076762
DAD-1613-050,Miami-Dade County,25.47352778,80.41252778
BRO-1636-042,Broward County,26.025467,80.412833
IDR-1413-018,Indian River County,27.76126389,80.41683333
BRO-0399-006,Broward County,26.1052,80.4176
DAD-0478-010,Miami-Dade County,25.604103,80.4197858
DAD-0479-011,Miami-Dade County,25.6193223,80.4220301
IDR-1414-019,Indian River County,27.79620833,80.42430833
DAD-2295-088,Miami-Dade County,25.51388,80.42527
DAD-0483-015,Miami-Dade County,25.6753778,80.4255327
IDR-1410-015,Indian River County,27.64565,80.42692778
DAD-1618-055,Miami-Dade County,25.44752778,80.43086111
IDR-1720-021,Indian River County,27.80222222,80.43138889
MON-0694-053,Monroe County,25.08972222,80.43555556
DAD-1022-038,Miami-Dade County,25.47444444,80.43611111
BRO-0397-004,Broward County,26.0622,80.4377
DAD-0482-014,Miami-Dade County,25.6731526,80.4385334
MON-2117-097,Monroe County,25.09861278,80.4418575
MRT-0749-025,Martin County,27.0184,80.44281
DAD-1935-083,Miami-Dade County,25.28941667,80.44427778
BRO-1068-033,Broward County,26.061179,80.444644
BRO-1067-032,Broward County,26.098889,80.444644
PAL-0247-023,Palm Beach County,26.598185,80.44548
BRO-1936-043,Broward County,26.178,80.44694444
DAD-0480-012,Miami-Dade County,25.637843,80.44721
DAD-0481-013,Miami-Dade County,25.6595057,80.4487087
IDR-2450-027,Indian River County,27.8610101,80.4490104
MON-2114-094,Monroe County,25.08019194,80.45248583
IDR-2451-028,Indian River County,27.850415,80.4539584
DAD-1021-037,Miami-Dade County,25.49916667,80.4625
IDR-1409-014,Indian River County,27.76525833,80.46575278
IDR-1407-012,Indian River County,27.79619167,80.48435833
MON-0693-052,Monroe County,25.045,80.48805556
MON-2096-076,Monroe County,25.04979167,80.48940556
MON-2105-085,Monroe County,25.02475833,80.49446111
IDR-1719-020,Indian River County,27.79833333,80.49527778
IDR-2491-029,Indian River County,27.835333,80.496442
DAD-2298-091,Miami-Dade County,25.63777,80.49722
DAD-1708-066,Miami-Dade County,25.8055,80.4974
DAD-1709-067,Miami-Dade County,25.8119,80.4978
IDR-0069-001,Indian River County,27.633,80.499
DAD-1710-068,Miami-Dade County,25.8204,80.5012
DAD-1928-077,Miami-Dade County,25.762,80.50247222
BRE-2482-093,Brevard County,27.884203,80.503084
DAD-1711-069,Miami-Dade County,25.8325,80.5038
DAD-1705-063,Miami-Dade County,25.791,80.5051
DAD-1706-064,Miami-Dade County,25.7976,80.5052
IDR-1721-022,Indian River County,27.82,80.50805556
DAD-1704-062,Miami-Dade County,25.7791,80.5109
IDR-1408-013,Indian River County,27.76949722,80.51096944
DAD-1712-070,Miami-Dade County,25.8222,80.5123
MON-0692-051,Monroe County,25.01666667,80.51333333
MON-2106-086,Monroe County,25.01049167,80.51992778
BRE-1746-058,Brevard County,27.9875788,80.5246011
MON-2107-087,Monroe County,25.002925,80.53035278
BRE-2483-094,Brevard County,27.863092,80.532347
PAL-0248-024,Palm Beach County,26.33736,80.538554
MON-0691-050,Monroe County,24.99333333,80.54166667
DAD-1024-040,Miami-Dade County,25.48138889,80.54222222
STL-2469-023,St. Lucie County,27.33807,80.54622
BRE-1745-057,Brevard County,28.0476849,80.5470348
BRE-1753-065,Brevard County,27.9756257,80.5478193
BRE-1744-056,Brevard County,28.056245,80.5508264
BRE-1747-059,Brevard County,28.0428536,80.5532324
BRE-0896-021,Brevard County,28.04472222,80.55333333
BRE-2484-095,Brevard County,27.827292,80.559117
DAD-1927-076,Miami-Dade County,25.76077778,80.56152778
BRE-1748-060,Brevard County,28.0671137,80.5655648
DAD-1933-081,Miami-Dade County,25.39811111,80.57230556
BRO-0754-021,Broward County,26.14694444,80.57416667
BRE-1743-055,Brevard County,28.1225739,80.5752235
DAD-1929-078,Miami-Dade County,25.61747222,80.57547222
BRE-1749-061,Brevard County,28.0884578,80.5788652
BRE-0900-025,Brevard County,28.09555556,80.57972222
BRE-1752-064,Brevard County,28.0404064,80.5802117
BRE-0897-022,Brevard County,28.02972222,80.58138889
MON-0690-049,Monroe County,24.96055556,80.58583333
BRE-1742-054,Brevard County,28.1647322,80.5862638
MON-2112-092,Monroe County,24.95228056,80.58759889
BRE-1725-038,Brevard County,28.4084963,80.594707
BRE-1726-039,Brevard County,28.3914325,80.5952596
BRE-1739-051,Brevard County,28.2146551,80.5970187
BRE-1750-062,Brevard County,28.0813619,80.5975937
BRE-1757-068,Brevard County,28.1386626,80.6013002
BRE-1751-063,Brevard County,28.0709381,80.6036026
BRE-1738-050,Brevard County,28.2591602,80.6039321
BRE-1758-069,Brevard County,28.1494054,80.6048816
BRE-0910-034,Brevard County,28.13611111,80.60527778
BRE-1731-044,Brevard County,28.3235581,80.6071947
MON-2111-091,Monroe County,24.94148389,80.60817722
BRE-1728-041,Brevard County,28.3814315,80.6089958
DAD-1934-082,Miami-Dade County,25.38208333,80.60911111
BRE-1741-053,Brevard County,28.1832435,80.6105116
BRE-1740-052,Brevard County,28.1930728,80.6105465
BRE-1730-043,Brevard County,28.3488286,80.6118229
BRE-0706-005,Brevard County,28.17138889,80.61472222
BRE-0705-004,Brevard County,28.13,80.61611111
BRE-1736-048,Brevard County,28.2927073,80.6162019
BRE-0909-033,Brevard County,28.395,80.61861111
BRE-1727-040,Brevard County,28.3950468,80.6195161
BRE-1724-037,Brevard County,28.4089708,80.6196472
MRT-0245-018,Martin County,26.984403,80.620068
BRE-1759-070,Brevard County,28.1719839,80.6212508
BRE-1729-042,Brevard County,28.3593104,80.6221872
BRE-1754-066,Brevard County,28.1243351,80.6240487
BRE-0898-023,Brevard County,28.12444444,80.62472222
BRE-1755-067,Brevard County,28.1324482,80.62582
PAL-1937-136,Palm Beach County,26.33863889,80.62791667
MRT-1370-050,Martin County,26.97243,80.628777
BRE-0707-006,Brevard County,28.20694444,80.62888889
BRE-0718-014,Brevard County,28.07833333,80.62916667
MRT-1369-049,Martin County,27.0052,80.6302
BRO-1940-046,Broward County,26.14747222,80.63091667
PAL-1368-132,Palm Beach County,26.89122,80.631626
BRE-0908-032,Brevard County,28.40888889,80.63166667
PAL-1367-131,Palm Beach County,26.91735,80.63169
BRE-1732-045,Brevard County,28.3134185,80.6335424
BRE-1760-071,Brevard County,28.195703,80.6335763
BRE-1761-072,Brevard County,28.2083076,80.6350619
BRE-0702-001,Brevard County,28.3575,80.63611111
MON-2108-088,Monroe County,24.91786389,80.63812222
BRE-0907-031,Brevard County,28.405,80.63916667
MON-0689-048,Monroe County,24.91305556,80.64277778
IDR-0074-006,Indian River County,28.014,80.646
BRE-0704-003,Brevard County,28.35083333,80.64888889
BRE-0703-002,Brevard County,28.33888889,80.65138889
BRE-0719-015,Brevard County,28.13277778,80.65472222
MRT-1363-046,Martin County,27.03829,80.658638
BRE-0899-024,Brevard County,28.16277778,80.66
PAL-1358-127,Palm Beach County,26.88441,80.660754
BRE-1723-036,Brevard County,28.4034436,80.6615815
MON-2109-089,Monroe County,24.8967,80.66192222
MRT-1362-045,Martin County,27.0687,80.662051
BRE-1762-073,Brevard County,28.2081821,80.6625609
MRT-1365-048,Martin County,26.97479,80.662631
BRE-1722-035,Brevard County,28.4021224,80.662701
PAL-1359-128,Palm Beach County,26.85719,80.663588
PAL-1357-126,Palm Beach County,26.9218,80.666039
MRT-1361-044,Martin County,27.09079,80.666815
IDR-0073-005,Indian River County,27.988,80.671
BRE-1763-074,Brevard County,28.229442,80.6711731
BRE-0717-013,Brevard County,28.11861111,80.67138889
IDR-2593-032,Indian River County,27.82085,80.67264
DAD-1926-075,Miami-Dade County,25.76355556,80.67386111
BRE-2574-097,Brevard County,28.35855,80.67843
BRE-0903-027,Brevard County,28.36861111,80.685
BRE-1764-075,Brevard County,28.2717975,80.688244
MON-0688-047,Monroe County,24.88277778,80.69027778
MRT-1353-041,Martin County,27.03482,80.695258
PAL-1347-122,Palm Beach County,26.80211,80.697844
PAL-1346-121,Palm Beach County,26.83184,80.699173
BRE-0711-010,Brevard County,28.70416667,80.69944444
OKE-1350-027,Okeechobee County,27.12748,80.699984
BRE-0716-012,Brevard County,28.13027778,80.71138889
DAD-0695-019,Miami-Dade County,25.20222222,80.71194444
PAL-1348-123,Palm Beach County,26.77695,80.71213
PAL-1349-124,Palm Beach County,26.75254,80.712999
PAL-2052-137,Palm Beach County,26.70516667,80.71475
BRO-1942-047,Broward County,26.14855556,80.71727778
BRE-2625-100,Brevard County,28.70582,80.72024
BRE-0906-030,Brevard County,28.44666667,80.72055556
BRE-1765-076,Brevard County,28.3548635,80.7222782
DAD-1925-074,Miami-Dade County,25.76233333,80.72747222
OKE-1335-024,Okeechobee County,27.14836,80.728146
MRT-1341-038,Martin County,26.97178,80.728423
MRT-1340-037,Martin County,27.00543,80.728731
PAL-1328-110,Palm Beach County,26.94274,80.729084
PAL-1330-112,Palm Beach County,26.89112,80.729459
PAL-1329-111,Palm Beach County,26.91966,80.729965
BRE-0709-008,Brevard County,28.59527778,80.73
PAL-1331-113,Palm Beach County,26.86106,80.73132
PAL-2055-139,Palm Beach County,26.68219444,80.73197222
BRE-2430-084,Brevard County,28.1475,80.73416
BRE-0708-007,Brevard County,28.44333333,80.74166667
BRE-0710-009,Brevard County,28.54944444,80.74222222
BRE-0721-017,Brevard County,28.3175,80.74305556
MON-2110-090,Monroe County,24.84668306,80.74441472
BRE-0724-020,Brevard County,28.08472222,80.75277778
MRT-1324-031,Martin County,27.05958,80.753815
BRE-0720-016,Brevard County,28.23,80.755
OKE-1322-022,Okeechobee County,27.11903,80.756991
OKE-1320-020,Okeechobee County,27.17709,80.759639
BRE-2429-083,Brevard County,28.22861,80.76055
MRT-1327-034,Martin County,26.97157,80.760667
MRT-1326-033,Martin County,27.00118,80.762127
PAL-1316-106,Palm Beach County,26.8048,80.764288
IDR-2592-031,Indian River County,27.63107,80.76473
BRE-2434-088,Brevard County,28.756111,80.766111
BRE-0904-028,Brevard County,28.4775,80.76833333
IDR-2324-025,Indian River County,27.726678,80.774752
PAL-1317-107,Palm Beach County,26.7822,80.775082
BRO-1938-044,Broward County,26.33305556,80.77591667
PAL-1319-109,Palm Beach County,26.7243,80.776511
PAL-1318-108,Palm Beach County,26.75677,80.7769
BRE-2431-085,Brevard County,28.32888,80.77944
MRT-1308-028,Martin County,27.02633,80.783074
OKE-1307-019,Okeechobee County,27.05801,80.785187
OKE-1293-014,Okeechobee County,27.20611,80.790448
OKE-1304-016,Okeechobee County,27.15008,80.791034
BRE-2435-089,Brevard County,28.625556,80.791667
PAL-1298-096,Palm Beach County,26.83135,80.792274
MRT-1309-029,Martin County,27.00136,80.793429
PAL-1294-092,Palm Beach County,26.94557,80.79343
PAL-1295-093,Palm Beach County,26.92137,80.794358
MRT-1310-030,Martin County,26.97425,80.794445
PAL-1302-100,Palm Beach County,26.72557,80.795723
PAL-1296-094,Palm Beach County,26.88989,80.796683
DAD-1932-080,Miami-Dade County,25.25347222,80.79783333
BRE-2436-090,Brevard County,28.578889,80.799444
PAL-1297-095,Palm Beach County,26.86025,80.79981
PAL-1300-098,Palm Beach County,26.78454,80.811017
IDR-2594-033,Indian River County,27.82242,80.81166
PAL-2054-138,Palm Beach County,26.69730556,80.814
BRE-0712-011,Brevard County,28.74472222,80.81416667
BRE-0722-018,Brevard County,28.35055556,80.815
DAD-1924-073,Miami-Dade County,25.76211111,80.81913889
OKE-1285-007,Okeechobee County,27.17808,80.822443
BRE-2437-091,Brevard County,28.677778,80.826389
MRT-1292-027,Martin County,26.97541,80.828361
VOL-2477-060,Volusia County,28.934444,80.829444
PAL-1277-084,Palm Beach County,26.92444,80.830277
PAL-1284-091,Palm Beach County,26.71868,80.83167
BRE-2433-087,Brevard County,28.770556,80.845833
DAD-1931-079,Miami-Dade County,25.21461111,80.85036111
OKE-1270-002,Okeechobee County,27.11906,80.851436
PAL-2057-140,Palm Beach County,26.58761111,80.85341667
OKE-1269-001,Okeechobee County,27.14758,80.853484
PAL-1268-082,Palm Beach County,26.74604,80.85446
PAL-1263-077,Palm Beach County,26.88512,80.856913
BRE-2438-092,Brevard County,28.586389,80.8575
OKE-1271-003,Okeechobee County,27.09114,80.85783
DAD-1923-072,Miami-Dade County,25.76063889,80.85886111
PAL-1265-079,Palm Beach County,26.83268,80.859306
OKE-1274-006,Okeechobee County,27.00491,80.859738
PAL-1261-075,Palm Beach County,26.94683,80.859993
BRE-2573-096,Brevard County,28.54334,80.86017
PAL-1266-080,Palm Beach County,26.80883,80.862473
PAL-1267-081,Palm Beach County,26.77783,80.863548
VOL-2279-049,Volusia County,28.99083,80.86555
VOL-2478-061,Volusia County,28.988889,80.869722
BRE-0723-019,Brevard County,28.36916667,80.87166667
BRO-1939-045,Broward County,26.33147222,80.88019444
GLA-1259-051,Glades County,27.00043,80.883217
GLA-1258-050,Glades County,27.02803,80.883668
VOL-2479-062,Volusia County,29.003333,80.887222
GLA-1255-047,Glades County,27.11334,80.887579
GLA-1257-049,Glades County,27.0611,80.888654
VOL-2274-044,Volusia County,29.03361,80.88972
HEN-1253-007,Hendry County,26.80208,80.890223
HEN-1251-005,Hendry County,26.86016,80.891
HEN-1254-008,Hendry County,26.77547,80.891294
VOL-2470-053,Volusia County,29.03597,80.89385
GLA-1260-052,Glades County,26.98083,80.894136
GLA-1248-046,Glades County,26.94799,80.894607
CLR-1941-102,Collier County,26.17466667,80.89472222
VOL-2275-045,Volusia County,28.99333,80.90305
VOL-1092-019,Volusia County,29.02944444,80.90388889
VOL-1091-018,Volusia County,29.0375,80.90833333
VOL-1093-020,Volusia County,29.06777778,80.90833333
GLA-1243-041,Glades County,27.07723,80.91359
GLA-1245-043,Glades County,27.02933,80.914662
GLA-1246-044,Glades County,26.99883,80.915666
GLA-1244-042,Glades County,27.04831,80.916818
VOL-2278-048,Volusia County,29.0275,80.92138
HEN-1242-003,Hendry County,26.77391,80.921934
HEN-2048-015,Hendry County,26.76211111,80.92308333
GLA-1236-037,Glades County,26.94956,80.924865
MON-1922-069,Monroe County,25.75508333,80.92563889
GLA-1247-045,Glades County,26.97794,80.926511
GLA-1237-038,Glades County,26.92424,80.929612
GLA-1238-039,Glades County,26.89521,80.931204
MON-1930-070,Monroe County,25.13680556,80.93302778
ORA-0725-043,Orange County,28.54388889,80.93416667
VOL-2271-041,Volusia County,29.064444,80.937778
VOL-2280-050,Volusia County,29.10638,80.94166
VOL-1094-021,Volusia County,29.04638889,80.94194444
GLA-1233-034,Glades County,27.02275,80.944538
GLA-1232-033,Glades County,27.05181,80.946299
GLA-1234-035,Glades County,27.00512,80.946473
VOL-2277-047,Volusia County,29.03166,80.94666
GLA-2143-058,Glades County,27.04261111,80.94780556
GLA-1231-032,Glades County,26.85923,80.951064
GLA-1235-036,Glades County,26.98247,80.95984
GLA-1228-029,Glades County,26.94949,80.959955
VOL-2273-043,Volusia County,29.02249,80.96027
VOL-1096-023,Volusia County,29.05111111,80.96055556
VOL-1097-024,Volusia County,29.05111111,80.96055556
BRE-2432-086,Brevard County,28.60555,80.96194
GLA-1230-031,Glades County,26.89614,80.962867
GLA-1229-030,Glades County,26.92475,80.963296
VOL-2272-042,Volusia County,29.081111,80.967222
VOL-1098-025,Volusia County,29.09333333,80.97388889
VOL-1099-026,Volusia County,29.15194444,80.97444444
HEN-1943-011,Hendry County,26.31097222,80.97722222
GLA-1226-027,Glades County,26.99373,80.979219
GLA-1227-028,Glades County,26.98359,80.991764
GLA-1222-023,Glades County,26.95514,80.996061
HIG-1072-001,Highlands County,27.27019444,81.00061111
VOL-1100-027,Volusia County,29.15805556,81.00277778
VOL-1089-016,Volusia County,29.22333333,81.00527778
GLA-1220-021,Glades County,26.99483,81.010053
GLA-1215-016,Glades County,26.94159,81.013503
MON-1626-064,Monroe County,24.7301,81.0152
VOL-1090-017,Volusia County,29.23,81.02333333
MON-1627-065,Monroe County,24.7172,81.0251
VOL-1102-029,Volusia County,29.085,81.02555556
HEN-1944-012,Hendry County,26.43136111,81.02766667
GLA-1221-022,Glades County,26.98507,81.029152
VOL-1103-030,Volusia County,29.10861111,81.03444444
SEM-0726-003,Seminole County,28.71472222,81.03555556
MON-0684-043,Monroe County,24.72694444,81.03611111
OSC-0170-001,Osceola County,27.982001,81.038915
MON-1921-068,Monroe County,25.76022222,81.03891667
MON-1625-063,Monroe County,24.7242,81.0444
GLA-1214-015,Glades County,26.96962,81.045795
GLA-1209-010,Glades County,26.94762,81.046356
VOL-1082-009,Volusia County,29.30777778,81.04638889
VOL-1087-014,Volusia County,29.1825,81.04694444
GLA-1210-011,Glades County,26.9177,81.04969
OSC-1985-024,Osceola County,27.87236111,81.05193611
VOL-1104-031,Volusia County,29.13638889,81.0525
VOL-1101-028,Volusia County,29.16305556,81.05722222
GLA-1213-014,Glades County,26.83837,81.058038
SEM-2462-025,Seminole County,28.793056,81.058611
MON-0685-044,Monroe County,24.725,81.05916667
MON-0683-042,Monroe County,24.71666667,81.05972222
MON-1624-062,Monroe County,24.721,81.0631
GLA-2051-055,Glades County,26.98661111,81.06611111
MON-0681-040,Monroe County,24.7125,81.07527778
VOL-2503-064,Volusia County,29.35245,81.07531
MON-0682-041,Monroe County,24.71416667,81.07666667
GLA-2049-053,Glades County,26.83991667,81.08213889
GLA-1207-008,Glades County,26.86441,81.082166
GLA-1208-009,Glades County,26.97599,81.082533
MON-1628-066,Monroe County,24.7086,81.0836
VOL-1086-013,Volusia County,29.185,81.08472222
MON-0680-039,Monroe County,24.69194444,81.08722222
VOL-1081-008,Volusia County,29.34222222,81.08722222
GLA-0249-001,Glades County,26.839951,81.08733
VOL-1079-006,Volusia County,29.26722222,81.08777778
VOL-1080-007,Volusia County,29.30472222,81.09388889
VOL-2338-051,Volusia County,28.93734,81.0952
ORA-2599-082,Orange County,28.48605,81.09561
MON-1920-067,Monroe County,25.78847222,81.09980556
VOL-2502-063,Volusia County,29.40845,81.10028
GLA-2145-059,Glades County,26.971,81.10047222
CLR-1919-101,Collier County,25.85944444,81.10061111
VOL-1083-010,Volusia County,29.21722222,81.10972222
FLG-2489-027,Flagler County,29.43804,81.10995
VOL-1085-012,Volusia County,29.26638889,81.11222222
SEM-2463-026,Seminole County,28.67777,81.11416
SEM-2464-027,Seminole County,28.63277,81.12138
OSC-2560-031,Osceola County,28.209395,81.121767
FLG-2488-026,Flagler County,29.47973,81.12651
VOL-1084-011,Volusia County,29.25694444,81.12805556
VOL-1078-005,Volusia County,29.27388889,81.12805556
HEN-1945-013,Hendry County,26.42922222,81.12813889
VOL-2476-059,Volusia County,28.808056,81.131389
CLR-1918-100,Collier County,25.86711111,81.13344444
FLG-2487-025,Flagler County,29.477,81.1356
VOL-2475-058,Volusia County,28.79027,81.13833
VOL-1088-015,Volusia County,29.16611111,81.1625
OSC-1076-021,Osceola County,27.91027778,81.16502778
VOL-2473-056,Volusia County,28.8725,81.16888
FLG-1550-017,Flagler County,29.5592,81.1759
VOL-0946-004,Volusia County,28.786114,81.180426
SEM-0727-004,Seminole County,28.78611111,81.18055556
VOL-1519-034,Volusia County,28.92305,81.19177778
FLG-0390-007,Flagler County,29.576565,81.193851
ORA-2330-077,Orange County,28.3803,81.20232
FLG-1549-016,Flagler County,29.6151,81.2029
ORA-2035-059,Orange County,28.6065,81.2033
FLG-0389-006,Flagler County,29.603727,81.204477
FLG-0391-008,Flagler County,29.569686,81.2048
FLG-1548-015,Flagler County,29.6157,81.2048
FLG-0388-005,Flagler County,29.592242,81.205502
POL-1984-024,Polk County,27.81761389,81.20935833
FLG-0392-009,Flagler County,29.563447,81.20949
FLG-0387-004,Flagler County,29.581528,81.211113
FLG-1551-018,Flagler County,29.5836,81.2133
FLG-1395-012,Flagler County,29.66780556,81.21644444
FLG-2486-024,Flagler County,29.49661,81.21836
ORA-0635-039,Orange County,28.352197,81.218443
VOL-2474-057,Volusia County,28.89888,81.22472
ORA-0828-046,Orange County,28.38888889,81.22472222
ORA-0827-045,Orange County,28.5975,81.225
OSC-1983-023,Osceola County,28.15367222,81.22675278
CLR-1917-099,Collier County,25.87655556,81.22808333
FLG-0393-010,Flagler County,29.549634,81.228226
FLG-1397-013,Flagler County,29.66430556,81.22891667
HIG-2025-011,Highlands County,27.35361111,81.23
FLG-0386-003,Flagler County,29.576452,81.231105
FLG-1552-019,Flagler County,29.5736,81.2329
STJ-1394-056,St. Johns County,29.71161111,81.23291667
FLG-1555-022,Flagler County,29.6591,81.2371
FLG-1554-021,Flagler County,29.6536,81.2425
STJ-1189-053,St. Johns County,29.717835,81.242598
STJ-0869-042,St. Johns County,29.745418,81.244318
MON-2099-079,Monroe County,24.67896389,81.24641944
STJ-0868-041,St. Johns County,29.753425,81.249454
VOL-1520-035,Volusia County,28.86226111,81.25287222
ORA-0636-040,Orange County,28.571895,81.253335
ORA-0829-047,Orange County,28.37138889,81.25583333
FLG-0384-001,Flagler County,29.59911,81.256607
SEM-2034-024,Seminole County,28.7228,81.2577
STJ-1393-055,St. Johns County,29.76861111,81.25813889
ORA-0841-050,Orange County,28.46111111,81.26166667
SEM-0945-009,Seminole County,28.726816,81.263841
OSC-0832-007,Osceola County,28.34555556,81.26583333
CLR-1904-086,Collier County,26.15597222,81.26644444
ORA-0840-049,Orange County,28.46388889,81.26666667
FLG-1553-020,Flagler County,29.6372,81.2668
STJ-0866-039,St. Johns County,29.787707,81.26783
STJ-1398-058,St. Johns County,29.66261111,81.26836111
SEM-0941-006,Seminole County,28.814972,81.268453
CLR-1916-098,Collier County,25.8915,81.27075
VOL-1518-033,Volusia County,29.03259167,81.27215
ORA-0634-038,Orange County,28.415635,81.273455
FLG-0385-002,Flagler County,29.608717,81.274208
STJ-0865-038,St. Johns County,29.815618,81.27509
STJ-0825-032,St. Johns County,29.87203333,81.27563056
MON-1149-061,Monroe County,24.65647222,81.27686111
FLG-1556-023,Flagler County,29.6521,81.2772
MON-2103-083,Monroe County,24.65573889,81.27793611
ORA-2207-061,Orange County,28.61,81.2781
STJ-0861-034,St. Johns County,29.844466,81.278901
STJ-1503-060,St. Johns County,29.68442222,81.27906944
MON-2102-082,Monroe County,24.65653056,81.27945278
OSC-0856-016,Osceola County,28.260565,81.280541
STJ-1396-057,St. Johns County,29.81108333,81.28105556
ORA-2036-060,Orange County,28.6082,81.282
STJ-0418-025,St. Johns County,29.886192,81.285352
HIG-2017-003,Highlands County,27.4425,81.28638889
STJ-0412-019,St. Johns County,29.910962,81.295731
STJ-0824-031,St. Johns County,29.86987778,81.29779167
STJ-0311-007,St. Johns County,29.9167,81.2985
STJ-1188-052,St. Johns County,29.912915,81.29868
VOL-2339-052,Volusia County,29.167781,81.300396
MON-2101-081,Monroe County,24.65555278,81.30206389
STJ-1392-054,St. Johns County,29.83313889,81.30402778
OSC-2600-032,Osceola County,28.08418,81.30438
STJ-0410-017,St. Johns County,29.917704,81.307963
STJ-0310-006,St. Johns County,29.9431,81.3086
GLA-2056-057,Glades County,26.78983333,81.30880556
STJ-0417-024,St. Johns County,29.892043,81.309886
STJ-0416-023,St. Johns County,29.883397,81.310083
VOL-0942-003,Volusia County,28.862891,81.310334
STJ-1534-061,St. Johns County,29.86236389,81.31066944
STJ-0823-030,St. Johns County,29.85533056,81.31222778
STJ-0309-005,St. Johns County,29.9542,81.3123
HIG-2024-010,Highlands County,27.30666667,81.31277778
STJ-0860-033,St. Johns County,29.855619,81.31337
STJ-0862-035,St. Johns County,29.829101,81.3139
STJ-0308-004,St. Johns County,29.9906,81.3143
GLA-2053-056,Glades County,26.93355556,81.31463889
ORA-0632-036,Orange County,28.45484,81.31534
STJ-0863-036,St. Johns County,29.821785,81.316168
STJ-0411-018,St. Johns County,29.904839,81.316457
STJ-0867-040,St. Johns County,29.775946,81.316593
MON-1142-054,Monroe County,24.69752778,81.318
OSC-0831-006,Osceola County,28.3475,81.31805556
OSC-0834-009,Osceola County,28.30444444,81.32166667
STJ-0415-022,St. Johns County,29.886279,81.32209
SEM-1521-015,Seminole County,28.83670556,81.32308333
STJ-0409-016,St. Johns County,29.930445,81.323878
CLR-1881-067,Collier County,25.89230556,81.32655556
ORA-2032-057,Orange County,28.5763,81.3271
SEM-0728-005,Seminole County,28.83583333,81.32777778
STJ-0307-003,St. Johns County,30.0227,81.328
OSC-0857-017,Osceola County,28.252977,81.328599
OSC-0835-010,Osceola County,28.25361111,81.32944444
MON-1148-060,Monroe County,24.64783333,81.3295
STJ-0408-015,St. Johns County,29.913714,81.331171
HIG-2023-009,Highlands County,27.38583333,81.33138889
STJ-0414-021,St. Johns County,29.889613,81.332395
STJ-0404-011,St. Johns County,29.950323,81.332811
STJ-0864-037,St. Johns County,29.816995,81.334853
ORA-2033-058,Orange County,28.6108,81.3349
ORA-2455-078,Orange County,28.44283,81.33984
STJ-0407-014,St. Johns County,29.929309,81.341769
ORA-0627-031,Orange County,28.438419,81.342868
CLR-1900-082,Collier County,26.35175,81.34341667
VOL-2471-054,Volusia County,28.94638,81.34388
CLR-1901-083,Collier County,26.21813889,81.34463889
MON-2100-080,Monroe County,24.63624722,81.34620556
PAS-2332-030,Pasco County,28.97786,81.34685
STJ-1071-046,St. Johns County,30.10013889,81.34786111
CLR-1915-097,Collier County,25.90530556,81.34877778
MON-1146-058,Monroe County,24.69880556,81.34941667
STJ-0403-010,St. Johns County,29.972612,81.34961
CLR-1903-085,Collier County,25.97055556,81.35186111
CLR-1902-084,Collier County,26.14405556,81.35272222
VOL-2472-055,Volusia County,28.89,81.355
ORA-0631-035,Orange County,28.462687,81.356986
HIG-2016-002,Highlands County,27.52694444,81.35916667
MON-1143-055,Monroe County,24.69319444,81.35972222
STJ-0306-002,St. Johns County,30.1609,81.3604
STJ-0406-013,St. Johns County,29.920715,81.360854
OSC-0859-019,Osceola County,28.139843,81.36178
STJ-0405-012,St. Johns County,29.936971,81.36208
VOL-1533-036,Volusia County,29.13415833,81.36336667
HIG-2021-007,Highlands County,27.34194444,81.36361111
CLR-1882-068,Collier County,25.81416667,81.36405556
HIG-2524-024,Highlands County,27.63917,81.36418
STJ-0402-009,St. Johns County,29.990381,81.364607
ORA-0640-042,Orange County,28.621199,81.366435
ORA-1455-054,Orange County,28.57145,81.36810278
MON-1145-057,Monroe County,24.66547222,81.36941667
STJ-1547-062,St. Johns County,30.065879,81.371244
HIG-2589-027,Highlands County,27.297206,81.372526
HIG-2555-026,Highlands County,27.314155,81.372526
CLR-1914-096,Collier County,25.91469444,81.37333333
HEN-1894-010,Hendry County,26.59636111,81.37486111
MON-2119-099,Monroe County,24.71611806,81.3751175
OSC-1982-022,Osceola County,28.19922778,81.37655
HIG-2320-014,Highlands County,27.25251,81.37675
MON-2097-077,Monroe County,24.70593889,81.38043611
STJ-0305-001,St. Johns County,30.2435,81.3821
CLR-1883-069,Collier County,25.87241667,81.38230556
CLR-1884-070,Collier County,25.87241667,81.38230556
VOL-1517-032,Volusia County,29.010425,81.38261389
SEM-0637-001,Seminole County,28.666402,81.383956
MON-2098-078,Monroe County,24.699075,81.38405
POL-2550-055,Polk County,27.813514,81.385059
STJ-0939-044,St. Johns County,30.13277778,81.38611111
DUV-0302-011,Duval County,30.2942,81.3892
DUV-0304-013,Duval County,30.2665,81.3901
GLA-2050-054,Glades County,26.77136111,81.39083333
HIG-2513-017,Highlands County,27.348883,81.390933
OSC-1073-020,Osceola County,28.20486111,81.39311111
STJ-1400-059,St. Johns County,29.87719444,81.39366667
OSC-0836-011,Osceola County,28.29333333,81.39722222
STJ-0938-043,St. Johns County,30.11527778,81.39833333
DUV-0303-012,Duval County,30.2747,81.3998
SEM-1063-014,Seminole County,28.652228,81.400845
MON-1144-056,Monroe County,24.72408333,81.40102778
DUV-0546-030,Duval County,30.36777778,81.40277778
OSC-0837-012,Osceola County,28.28944444,81.405
OSC-0855-015,Osceola County,28.289483,81.405177
ORA-2598-081,Orange County,28.58127,81.40673
ORA-2293-075,Orange County,28.528947,81.407004
STJ-0940-045,St. Johns County,30.21027778,81.41
SEM-1062-013,Seminole County,28.665858,81.410712
DUV-0214-010,Duval County,30.37027778,81.41194444
SEM-0944-008,Seminole County,28.828896,81.412446
DUV-0211-007,Duval County,30.40638889,81.4125
ORA-2626-084,Orange County,28.59694,81.41397
MON-2094-074,Monroe County,24.66974167,81.41591944
HIG-2022-008,Highlands County,27.33,81.41611111
OSC-0858-018,Osceola County,28.224262,81.416283
MON-1147-059,Monroe County,24.69041667,81.41683333
POL-2551-056,Polk County,27.720044,81.417541
OSC-0838-013,Osceola County,28.28277778,81.41805556
CLR-1913-095,Collier County,25.92375,81.41844444
POL-2334-029,Polk County,27.94124,81.41849
SEM-1058-010,Seminole County,28.6981,81.4197
DUV-1186-046,Duval County,30.291177,81.421601
ORA-2292-074,Orange County,28.534662,81.423391
HIG-2554-025,Highlands County,27.54313,81.42581
SEM-0638-002,Seminole County,28.641477,81.426463
HEN-1893-009,Hendry County,26.62294444,81.42763889
OSC-0839-014,Osceola County,28.28611111,81.42805556
DUV-0547-031,Duval County,30.35611111,81.42805556
DUV-2267-066,Duval County,30.39722,81.42834
DUV-1192-049,Duval County,30.440231,81.429397
DUV-0210-006,Duval County,30.46333333,81.43166667
DUV-0545-029,Duval County,30.37111111,81.43222222
CLR-1898-080,Collier County,26.33822222,81.43325
ORA-2290-072,Orange County,28.600525,81.434308
FLG-2575-028,Flagler County,29.42294,81.43521
DUV-0213-009,Duval County,30.37611111,81.43611111
POL-2606-058,Polk County,27.6868138,81.4367912
ORA-2291-073,Orange County,28.559705,81.437368
DUV-0212-008,Duval County,30.39416667,81.4375
NAS-0209-007,Nassau County,30.66916667,81.43972222
NAS-2154-022,Nassau County,30.66880556,81.44022222
HEN-2058-016,Hendry County,26.77027778,81.44066667
DUV-0548-032,Duval County,30.32194444,81.44111111
NAS-2270-045,Nassau County,30.59934,81.44146
CLR-1899-081,Collier County,26.31913889,81.44233333
MON-2093-073,Monroe County,24.65666111,81.44261389
SEM-1059-011,Seminole County,28.713831,81.444185
CLR-1912-094,Collier County,25.93136111,81.44444444
NAS-0207-006,Nassau County,30.52305556,81.44611111
POL-2607-059,Polk County,27.7086845,81.4463922
HEN-2059-017,Hendry County,26.76675,81.44766667
OSC-2525-030,Osceola County,28.032498,81.449626
HIG-2020-006,Highlands County,27.39472222,81.45111111
MON-0679-038,Monroe County,24.66111111,81.45194444
MON-2113-093,Monroe County,24.66185389,81.45413472
DUV-1191-048,Duval County,30.398738,81.456203
NAS-0204-003,Nassau County,30.69,81.45722222
SEM-1061-012,Seminole County,28.688462,81.459599
NAS-0536-009,Nassau County,30.67722222,81.45972222
NAS-2156-024,Nassau County,30.67697222,81.45994444
DUV-0208-005,Duval County,30.51055556,81.46055556
NAS-2150-018,Nassau County,30.7005,81.46433333
NAS-0537-010,Nassau County,30.66222222,81.46472222
NAS-0205-004,Nassau County,30.66944444,81.46666667
NAS-0538-011,Nassau County,30.61638889,81.46916667
CLR-1911-093,Collier County,25.9405,81.47016667
DUV-1190-047,Duval County,30.388701,81.471125
NAS-0206-005,Nassau County,30.61472222,81.47361111
MON-2095-075,Monroe County,24.66118889,81.47446667
CLR-1910-092,Collier County,25.94394444,81.47455556
NAS-2155-023,Nassau County,30.67322222,81.47469444
CLR-1895-077,Collier County,26.4385,81.47494444
HIG-2018-004,Highlands County,27.4975,81.47638889
CLR-0806-043,Collier County,25.8922,81.4769
HIG-2523-023,Highlands County,27.646957,81.477379
NAS-2149-017,Nassau County,30.64497222,81.48222222
ORA-0626-030,Orange County,28.449474,81.483005
STJ-2617-074,St. Johns County,29.72361,81.48444
NAS-2163-030,Nassau County,30.66272222,81.48519444
CLR-1896-078,Collier County,26.43311111,81.48541667
OSC-0298-004,Osceola County,28.2671,81.4856
CLR-1897-079,Collier County,26.36669444,81.48661111
ORA-0557-028,Orange County,28.407,81.4884
CLR-1909-091,Collier County,25.95583333,81.48866667
NAS-2161-028,Nassau County,30.64341667,81.48955556
HIG-2321-015,Highlands County,27.52416,81.48986
HIG-2322-016,Highlands County,27.58218,81.49071
HIG-2516-020,Highlands County,27.597806,81.497028
MON-0677-036,Monroe County,24.69472222,81.49944444
MON-0675-034,Monroe County,24.68055556,81.49972222
HIG-2515-019,Highlands County,27.586283,81.504
HIG-2514-018,Highlands County,27.573444,81.504194
PUT-2511-021,Putnam County,29.42853,81.50638
DUV-2257-056,Duval County,30.38922,81.50775
LAK-2289-044,Lake County,29.04603,81.508545
CLR-1908-090,Collier County,25.97191667,81.50958333
ORA-1060-052,Orange County,28.684102,81.509692
CLR-1907-089,Collier County,25.95922222,81.51005556
POL-2549-054,Polk County,27.755664,81.510352
ORA-2459-080,Orange County,28.598372,81.510735
DUV-2264-063,Duval County,30.22353,81.51229
ORA-0558-029,Orange County,28.4547,81.5123
MON-0678-037,Monroe County,24.66305556,81.51305556
CLR-0803-040,Collier County,25.9005,81.5159
STJ-0731-028,St. Johns County,29.64444444,81.51805556
NAS-0203-002,Nassau County,30.5725,81.52027778
VOL-0730-002,Volusia County,29.1675,81.52166667
OSC-0296-002,Osceola County,28.3335,81.5221
NAS-2148-016,Nassau County,30.56575,81.52213889
CLR-1869-059,Collier County,26.12127778,81.52280556
MON-2091-071,Monroe County,24.65693611,81.52295833
LAK-2504-047,Lake County,29.16534,81.52319
CLR-1906-088,Collier County,25.96494444,81.52755556
CLR-1892-076,Collier County,26.49547222,81.52908333
NAS-0198-001,Nassau County,30.63416667,81.53
STJ-2615-072,St. Johns County,29.79,81.53138
HIG-2517-021,Highlands County,27.639583,81.531611
POL-2529-034,Polk County,28.056362,81.533152
POL-2548-053,Polk County,27.744559,81.535553
NAS-2162-029,Nassau County,30.5495,81.53627778
NAS-0195-012,Nassau County,30.75888889,81.53638889
OSC-0299-005,Osceola County,28.2638,81.5365
DUV-0540-024,Duval County,30.4175,81.53805556
NAS-2184-042,Nassau County,30.73338889,81.53861111
NAS-0196-013,Nassau County,30.76638889,81.53888889
CLR-0802-039,Collier County,25.9141,81.5404
ORA-2456-079,Orange County,28.570886,81.541406
POL-2533-038,Polk County,27.976875,81.541823
VOL-2512-065,Volusia County,29.27242,81.54506
HIG-2518-022,Highlands County,27.63225,81.547444
NAS-0197-014,Nassau County,30.72083333,81.54833333
ORA-1057-051,Orange County,28.6329,81.551
STJ-2616-073,St. Johns County,29.82333,81.55333
ORA-0556-027,Orange County,28.4418,81.5538
DUV-1118-037,Duval County,30.1454,81.5538
HIG-2019-005,Highlands County,27.47222222,81.55472222
ORA-0508-011,Orange County,28.617,81.55473333
ORA-0524-020,Orange County,28.636224,81.560268
POL-2546-051,Polk County,27.809773,81.562138
MON-0674-033,Monroe County,24.64638889,81.56527778
LEE-1891-039,Lee County,26.59869444,81.56569444
STJ-0555-027,St. Johns County,29.985239,81.566003
MON-2092-072,Monroe County,24.64545,81.56738056
DUV-2263-062,Duval County,30.28718,81.56981
CLR-1905-087,Collier County,25.98730556,81.57033333
NAS-2152-020,Nassau County,30.62905556,81.57075
POL-2547-052,Polk County,27.762973,81.573062
POL-1986-025,Polk County,27.90565556,81.57394167
ORA-0509-012,Orange County,28.60468333,81.57413333
ORA-0521-018,Orange County,28.648985,81.579299
OSC-0297-003,Osceola County,28.3322,81.5801
DUV-0202-004,Duval County,30.39777778,81.58666667
NAS-2169-033,Nassau County,30.57877778,81.58811111
ORA-0534-026,Orange County,28.578268,81.589977
PUT-2510-020,Putnam County,29.5012,81.59114
CLR-0805-042,Collier County,25.9342,81.5955
DUV-1117-036,Duval County,30.1353,81.596
ORA-0523-019,Orange County,28.645407,81.597496
CLR-1868-058,Collier County,25.99863889,81.59830556
ORA-0507-010,Orange County,28.61688333,81.59856667
ORA-0503-008,Orange County,28.674858,81.599908
DUV-1122-041,Duval County,30.2258,81.6041
LEE-1973-052,Lee County,26.71276944,81.60608889
ORA-0488-003,Orange County,28.454448,81.607658
CLR-1867-057,Collier County,26.00569444,81.60922222
CLR-1946-103,Collier County,26.02258333,81.61144444
CLR-1875-061,Collier County,25.99044444,81.61205556
DUV-2265-064,Duval County,30.56459,81.6138
ORA-0489-004,Orange County,28.53034,81.61405
STJ-1141-050,St. Johns County,30.0065,81.6146
DUV-1121-040,Duval County,30.2157,81.6166
LAK-2287-042,Lake County,28.902617,81.617834
ORA-0511-014,Orange County,28.59296667,81.61921667
DUV-0544-028,Duval County,30.38888889,81.62
NAS-2158-026,Nassau County,30.72305556,81.62394444
ORA-0533-025,Orange County,28.563392,81.625403
CLR-1870-060,Collier County,26.31172222,81.62613889
ORA-0300-001,Orange County,28.3542,81.6266
LAK-2595-048,Lake County,29.17065,81.62738
POL-2527-032,Polk County,28.100598,81.627616
DUV-1120-039,Duval County,30.1491,81.6283
PUT-0570-002,Putnam County,29.645586,81.628628
ORA-0501-006,Orange County,28.677343,81.628833
CLA-0554-002,Clay County,29.978317,81.629388
PUT-2506-016,Putnam County,29.69099,81.63007
ORA-0525-021,Orange County,28.638204,81.631602
ORA-1457-056,Orange County,28.54344167,81.63328611
DUV-1119-038,Duval County,30.1336,81.6341
CLR-1876-062,Collier County,25.96744444,81.63461111
LAK-2288-043,Lake County,29.012981,81.634743
CLA-1126-003,Clay County,29.9804,81.635
DUV-0543-027,Duval County,30.37111111,81.63916667
ORA-0487-002,Orange County,28.431952,81.63924
DUV-1123-042,Duval County,30.2537,81.6404
STJ-1125-047,St. Johns County,30.0201,81.6405
MAO-2597-037,Marion County,29.24636,81.64341
LEE-1972-051,Lee County,26.72138056,81.64441944
MON-0676-035,Monroe County,24.60305556,81.64611111
DUV-1124-043,Duval County,30.2623,81.6467
STJ-1139-048,St. Johns County,30.0836,81.6473
DUV-2258-057,Duval County,30.39271,81.64759
MON-0672-031,Monroe County,24.59138889,81.64777778
ORA-0531-023,Orange County,28.56237,81.64895
ORA-0514-016,Orange County,28.58003333,81.65096667
LAK-2328-046,Lake County,28.542973,81.653507
MON-0673-032,Monroe County,24.58,81.65472222
CLR-1877-063,Collier County,25.93247222,81.65508333
ORA-2294-076,Orange County,28.76842,81.655107
STJ-1140-049,St. Johns County,30.0806,81.6552
STJ-0330-008,St. Johns County,30.1039,81.6557
ORA-0512-015,Orange County,28.61508333,81.65633333
LAK-0530-018,Lake County,28.568919,81.657814
LAK-0517-011,Lake County,28.544899,81.6590585
POL-0301-019,Polk County,28.341,81.6592
DUV-0542-026,Duval County,30.31888889,81.66055556
LAK-0505-006,Lake County,28.654599,81.662564
LAK-0513-008,Lake County,28.5934,81.66298333
LEE-2047-055,Lee County,26.70861111,81.66333333
DUV-2259-058,Duval County,30.40356,81.66342
DUV-0200-002,Duval County,30.50166667,81.66388889
NAS-2147-015,Nassau County,30.58925,81.66455556
PUT-2509-019,Putnam County,29.43215,81.66504
MON-0671-030,Monroe County,24.60194444,81.66722222
STJ-0553-026,St. Johns County,30.05167,81.668344
POL-2537-042,Polk County,27.997837,81.670943
DUV-0201-003,Duval County,30.44611111,81.67111111
LAK-0516-010,Lake County,28.68071,81.67121
MON-0670-029,Monroe County,24.56666667,81.6725
PUT-2508-018,Putnam County,29.47943,81.67521
LAK-0522-014,Lake County,28.630625,81.675535
LAK-0526-015,Lake County,28.622473,81.675695
LAK-0528-016,Lake County,28.571703,81.676347
LAK-0515-009,Lake County,28.578773,81.676578
PUT-2507-017,Putnam County,29.50823,81.67826
LAK-0500-005,Lake County,28.673126,81.678529
POL-2545-050,Polk County,27.786384,81.678664
LAK-0529-017,Lake County,28.56718,81.679963
DUV-0551-035,Duval County,30.31,81.68027778
LAK-0498-004,Lake County,28.689617,81.680846
NAS-2151-019,Nassau County,30.74188889,81.68355556
POL-2528-033,Polk County,28.067794,81.684423
DUV-0199-001,Duval County,30.475,81.68444444
DUV-2266-065,Duval County,30.39718,81.68512
CLR-0844-046,Collier County,26.001367,81.686374
LEE-1890-038,Lee County,26.64952778,81.68702778
LAK-0520-013,Lake County,28.637322,81.688033
DUV-0335-018,Duval County,30.2523,81.6885
LEE-1871-034,Lee County,26.33936111,81.69072222
CLA-1127-004,Clay County,30.0072,81.6914
LEE-1970-049,Lee County,26.7211,81.69276944
POL-2608-060,Polk County,27.98857,81.69315
LAK-0519-012,Lake County,28.637254,81.69366
CLA-1138-013,Clay County,30.1705,81.6959
POL-2535-040,Polk County,27.99742,81.697382
CLR-0851-053,Collier County,25.924514,81.698358
DUV-0334-017,Duval County,30.2738,81.7008
CLR-0453-020,Collier County,26.10251,81.7010431
CLA-1134-009,Clay County,30.1453,81.7015
CLR-0847-049,Collier County,25.980488,81.703206
CLR-1879-065,Collier County,25.98522222,81.70425
POL-2536-041,Polk County,28.000666,81.70503
CLA-1133-008,Clay County,30.1597,81.7065
CLA-1128-005,Clay County,30.0395,81.7078
CLR-1885-071,Collier County,26.04594444,81.70841667
CLR-0852-054,Collier County,25.922985,81.708795
DUV-0332-015,Duval County,30.2821,81.7088
CLR-0843-045,Collier County,26.023634,81.709846
DUV-0333-016,Duval County,30.2901,81.7124
MAO-1532-030,Marion County,29.18383889,81.71241944
MON-0669-028,Monroe County,24.57861111,81.7125
POL-2552-057,Polk County,28.091916,81.716303
CLR-1878-064,Collier County,25.91244444,81.71691667
LAK-2286-041,Lake County,28.936493,81.717002
DUV-0336-019,Duval County,30.2784,81.7175
CLR-0452-019,Collier County,26.1685051,81.7178442
MON-0647-007,Monroe County,24.47916667,81.71805556
CLA-1135-010,Clay County,30.1346,81.7183
DUV-2260-059,Duval County,30.39228,81.71868
CLR-0451-018,Collier County,26.1974212,81.7192097
CLA-1185-015,Clay County,30.050184,81.719827
CLR-0853-055,Collier County,25.92712,81.72097
CLA-0552-001,Clay County,30.033305,81.723599
POL-2333-028,Polk County,27.90074,81.7237
DUV-2261-060,Duval County,30.43117,81.7241
PUT-0569-001,Putnam County,29.693549,81.724136
NAS-2157-025,Nassau County,30.73461111,81.72536111
CLR-0450-017,Collier County,26.1082629,81.7262133
DUV-0550-034,Duval County,30.25916667,81.72722222
CLR-0848-050,Collier County,25.96294,81.727511
DUV-1131-044,Duval County,30.2594,81.7276
CLA-1184-014,Clay County,30.13885,81.727909
MON-0666-025,Monroe County,24.57611111,81.72916667
MAO-2505-036,Marion County,29.3498,81.7301
CLR-0472-036,Collier County,26.2149,81.7306
CLR-0849-051,Collier County,25.952418,81.730698
DUV-0541-025,Duval County,30.27416667,81.73277778
NAS-2173-035,Nassau County,30.75105556,81.73366667
CLR-0804-041,Collier County,26.0257,81.7337
CLR-1880-066,Collier County,26.02383333,81.73411111
MON-0668-027,Monroe County,24.55972222,81.73472222
MON-0667-026,Monroe County,24.5675,81.73555556
POL-2526-031,Polk County,28.093421,81.735838
CLR-0449-016,Collier County,26.0973491,81.7364359
CLR-0846-048,Collier County,25.977061,81.73763
PUT-1174-008,Putnam County,29.475684,81.738994
DUV-2269-067,Duval County,30.28176,81.74017
LEE-0473-029,Lee County,26.3461,81.7408
DUV-0338-021,Duval County,30.2822,81.7408
DUV-0337-020,Duval County,30.2736,81.741
MON-0646-006,Monroe County,24.47388889,81.74333333
CLR-0850-052,Collier County,25.947088,81.74378
POL-0162-007,Polk County,28.066745,81.744755
LEE-1872-035,Lee County,26.33522222,81.74583333
CLA-1136-011,Clay County,30.1009,81.746
LAK-2284-039,Lake County,28.710352,81.746315
POL-0161-006,Polk County,28.059946,81.746561
LAK-1056-022,Lake County,28.81249,81.747347
POL-2532-037,Polk County,28.000392,81.747587
DUV-1132-045,Duval County,30.2602,81.7477
POL-2531-036,Polk County,28.013974,81.747931
MON-0661-021,Monroe County,24.55916667,81.74861111
MON-0654-014,Monroe County,24.58111111,81.74916667
LAK-1464-029,Lake County,28.5047,81.7493
POL-1695-022,Polk County,28.048328,81.749646
LAK-1834-032,Lake County,28.50769444,81.75091667
CLR-0224-012,Collier County,26.122525,81.751516
MON-0660-020,Monroe County,24.55277778,81.75166667
LEE-0042-012,Lee County,26.55555556,81.75222222
LEE-1971-050,Lee County,26.71153056,81.75331111
CLR-0225-013,Collier County,26.149737,81.753868
LAK-0350-001,Lake County,28.84472222,81.75388889
CLA-1137-012,Clay County,30.1333,81.756
DUV-0339-022,Duval County,30.2897,81.7578
POL-0166-011,Polk County,28.066514,81.758054
CLR-0448-015,Collier County,26.115208,81.759522
POL-2534-039,Polk County,27.981896,81.760341
LAK-1833-031,Lake County,28.56116667,81.76044444
CLR-0223-011,Collier County,26.112151,81.760464
LAK-1461-026,Lake County,28.5543,81.7605
LEE-0474-030,Lee County,26.3417,81.7622
DUV-2262-061,Duval County,30.43805,81.76307
CLR-0454-021,Collier County,26.2197892,81.7631162
CLR-0217-005,Collier County,26.145621,81.765784
LAK-2283-038,Lake County,28.743382,81.766727
POL-0167-012,Polk County,28.058788,81.767356
CLR-0464-028,Collier County,26.197874,81.76765
CLR-0466-030,Collier County,26.167834,81.767752
CLR-0471-035,Collier County,26.2676,81.7689
CLR-0222-010,Collier County,26.12524,81.770697
LAK-1462-027,Lake County,28.5449,81.7711
MON-0662-022,Monroe County,24.55972222,81.77138889
LAK-1465-030,Lake County,28.5587,81.7731
MON-0659-019,Monroe County,24.53388889,81.775
LAK-1463-028,Lake County,28.5433,81.775
LEE-0043-013,Lee County,26.46638889,81.77527778
CLR-0467-031,Collier County,26.162364,81.77875
CLR-0216-004,Collier County,26.143554,81.778838
POL-2544-049,Polk County,27.747116,81.780083
LEE-1873-036,Lee County,26.34244444,81.78033333
LAK-1460-025,Lake County,28.5548,81.782
CLR-0463-027,Collier County,26.207412,81.783226
MON-0651-011,Monroe County,24.5725,81.78416667
CLR-1886-072,Collier County,26.10275,81.78511111
CLR-0221-009,Collier County,26.103313,81.78521
CLR-0447-014,Collier County,26.1492182,81.7858418
CLR-0465-029,Collier County,26.175251,81.78709
MON-0663-023,Monroe County,24.56111111,81.78722222
POL-0163-008,Polk County,28.083708,81.787784
CLR-0215-003,Collier County,26.195667,81.787889
MON-0658-018,Monroe County,24.54638889,81.78833333
CLR-0468-032,Collier County,26.15587,81.788376
CLR-0047-001,Collier County,26.1425,81.78916667
MON-0652-012,Monroe County,24.58055556,81.79055556
CLR-0219-007,Collier County,26.134064,81.792606
POL-2542-047,Polk County,27.812679,81.793475
MON-0653-013,Monroe County,24.59222222,81.79416667
MON-0648-008,Monroe County,24.56722222,81.795
POL-2530-035,Polk County,28.12806,81.79552
MON-0657-017,Monroe County,24.54361111,81.7975
CLR-0842-044,Collier County,26.093791,81.799765
LEE-0039-009,Lee County,26.70972222,81.80138889
POL-2543-048,Polk County,27.759827,81.801965
PUT-0953-005,Putnam County,29.508214,81.804176
MON-0650-010,Monroe County,24.58611111,81.80527778
CLA-1129-006,Clay County,30.0806,81.8054
HAR-2241-001,Hardee County,27.503798,81.805656
LEE-0049-017,Lee County,26.33888889,81.80583333
POL-0165-010,Polk County,28.070275,81.805865
LAK-2285-040,Lake County,28.902874,81.806314
NAS-2182-041,Nassau County,30.79025,81.80633333
CLR-0218-006,Collier County,26.132724,81.806499
POL-1694-021,Polk County,28.073741,81.808311
MON-0656-016,Monroe County,24.55833333,81.80833333
LAK-1049-019,Lake County,28.833441,81.808422
CLR-1887-073,Collier County,26.15466667,81.80947222
LEE-2046-054,Lee County,26.33722222,81.81
CLR-0469-033,Collier County,26.162642,81.810464
CLR-0462-026,Collier County,26.196703,81.81056
MON-0655-015,Monroe County,24.55027778,81.81138889
CLR-1888-074,Collier County,26.211,81.81261111
POL-2541-046,Polk County,27.82602,81.8134
CLR-0455-022,Collier County,26.2198779,81.8164888
CLR-0461-025,Collier County,26.207081,81.816549
POL-2539-044,Polk County,27.901416,81.817208
LEE-1874-037,Lee County,26.33852778,81.81808333
CLR-0456-023,Collier County,26.2186074,81.8182838
CLR-0048-002,Collier County,26.29305556,81.81944444
LAK-1458-023,Lake County,28.5933,81.8239
CLR-0476-038,Collier County,26.2639,81.8245
CHA-0038-026,Charlotte County,26.77,81.82611111
CLR-0475-037,Collier County,26.2817,81.828
CLR-1889-075,Collier County,26.28833333,81.83008333
DUV-2269-068,Duval County,30.46112,81.83236
MAO-0889-015,Marion County,29.178477,81.834328
PUT-1176-010,Putnam County,29.542626,81.836418
MAO-0349-006,Marion County,28.98888889,81.8375
LEE-1955-046,Lee County,26.35841667,81.83761111
POL-2540-045,Polk County,27.869701,81.838813
LEE-1961-048,Lee County,26.43861111,81.84
NAS-2180-040,Nassau County,30.78644444,81.84036111
LAK-0351-002,Lake County,28.86194444,81.84083333
PUT-1683-012,Putnam County,29.80230556,81.84561111
MON-0644-004,Monroe County,24.46083333,81.84583333
DES-2485-008,DeSoto County,27.29791,81.84628
LEE-0044-014,Lee County,26.47638889,81.84694444
LEE-0050-018,Lee County,26.33444444,81.8475
MAO-0892-018,Marion County,29.138874,81.849089
POL-0164-009,Polk County,28.001982,81.851077
POL-2538-043,Polk County,27.938326,81.851118
CLA-1130-007,Clay County,30.0732,81.8522
LEE-0040-010,Lee County,26.58,81.85527778
LAK-1459-024,Lake County,28.5803,81.856
MON-0645-005,Monroe County,24.45472222,81.85972222
LAK-2282-037,Lake County,28.814563,81.86873
LAK-1055-021,Lake County,28.901069,81.874865
LEE-0041-011,Lee County,26.58194444,81.87555556
DES-2002-006,Desoto County,27.22125278,81.87661944
PUT-0952-004,Putnam County,29.525679,81.877835
MON-0643-003,Monroe County,24.45305556,81.88
MAO-0888-014,Marion County,29.078888,81.880919
DES-2240-007,Desoto County,27.224135,81.882027
LEE-0026-002,Lee County,26.6575,81.88277778
LEE-0051-019,Lee County,26.40777778,81.88388889
POL-0159-004,Polk County,28.062675,81.884303
POL-1696-023,Polk County,28.055053,81.884862
LAK-1054-020,Lake County,28.786823,81.887276
CHA-1993-051,Charlotte County,26.97419722,81.88934722
LAK-2281-036,Lake County,28.857269,81.90004
MAO-0890-016,Marion County,29.371106,81.901066
DES-2001-005,Desoto County,27.16216667,81.90196667
MAO-0951-023,Marion County,29.374307,81.902104
MAO-0891-017,Marion County,29.225744,81.908848
POL-1693-020,Polk County,28.104615,81.912789
POL-0158-003,Polk County,28.060044,81.914666
MAO-0959-024,Marion County,29.504921,81.91669
POL-0174-018,Polk County,28.032573,81.924315
MAO-0949-021,Marion County,29.289674,81.926587
MAO-1466-028,Marion County,29.040407,81.928706
LEE-0045-015,Lee County,26.5625,81.93305556
POL-0156-001,Polk County,28.054274,81.937083
POL-0157-002,Polk County,28.077946,81.945698
POL-0173-017,Polk County,28.017575,81.94574
POL-0160-005,Polk County,28.10455,81.950769
POL-0168-013,Polk County,27.966745,81.950899
LEE-0046-016,Lee County,26.56083333,81.95222222
MAO-0999-025,Marion County,29.01666667,81.96305556
CHA-0028-022,Charlotte County,26.85805556,81.96388889
CHA-1994-052,Charlotte County,26.97408333,81.96558056
POL-0172-016,Polk County,28.029772,81.966443
MAO-0948-020,Marion County,29.362477,81.966806
MON-0641-001,Monroe County,24.54916667,81.96694444
DES-2000-004,Desoto County,27.15467222,81.9675
LEE-0037-008,Lee County,26.61472222,81.96861111
NAS-2175-036,Nassau County,30.78408333,81.96991667
MAO-1048-027,Marion County,29.018514,81.970227
SUM-1051-011,Sumter County,28.828286,81.978173
CHA-0008-008,Charlotte County,27.00222222,81.97888889
CHA-0027-021,Charlotte County,26.79472222,81.98
POL-0171-015,Polk County,28.047019,81.980684
MAO-0870-007,Marion County,29.216103,81.984307
DES-1992-003,Desoto County,27.04380833,81.98575278
DES-0009-001,Desoto County,27.04388889,81.98583333
CHA-0029-023,Charlotte County,26.8975,81.98694444
CLA-1623-016,Clay County,29.95622222,81.98772222
DES-1991-002,Desoto County,27.074775,81.988275
SUM-1053-013,Sumter County,28.831601,81.991933
MAO-0887-013,Marion County,29.183532,81.992664
MAO-0886-012,Marion County,29.215,81.993333
CHA-1989-050,Charlotte County,26.989125,81.99418333
CHA-0010-009,Charlotte County,26.92583333,82.00138889
CHA-1951-043,Charlotte County,26.97961111,82.00319444
SUM-1050-010,Sumter County,28.906641,82.003853
POL-0169-014,Polk County,27.981996,82.004132
SUM-1052-012,Sumter County,28.83242,82.006428
MON-0642-002,Monroe County,24.53027778,82.01
PUT-1002-006,Putnam County,29.608443,82.010555
NAS-2153-021,Nassau County,30.52377778,82.01861111
NAS-2179-039,Nassau County,30.78336111,82.02416667
CHA-0031-025,Charlotte County,26.81694444,82.02888889
CLA-2230-020,Clay County,29.77918,82.03002
CHA-0004-004,Charlotte County,26.97138889,82.03027778
LEE-0053-021,Lee County,26.45361111,82.03583333
NAS-2164-031,Nassau County,30.72002778,82.03919444
CLA-2231-021,Clay County,29.795029,82.039245
LEE-0032-003,Lee County,26.695,82.03944444
PUT-1003-007,Putnam County,29.665976,82.040076
CHA-0001-001,Charlotte County,26.90361111,82.04361111
NAS-2172-034,Nassau County,30.57122222,82.04516667
PUT-1178-011,Putnam County,29.599497,82.046218
CHA-0063-032,Charlotte County,26.95071667,82.04646667
CHA-0054-027,Charlotte County,26.95031667,82.04691667
CHA-1714-040,Charlotte County,26.804675,82.04959722
PUT-0713-003,Putnam County,29.57001333,82.05068889
CHA-0002-002,Charlotte County,26.94083333,82.05111111
CHA-1715-041,Charlotte County,26.93895278,82.05178889
ALC-1621-071,Alachua County,29.71266667,82.05216667
ALC-0809-021,Alachua County,29.7128,82.0523
LEE-0055-056,Lee County,26.55152778,82.05263889
CHA-1958-045,Charlotte County,26.88813889,82.05327778
MAO-0871-008,Marion County,29.213432,82.054921
PAS-2602-033,Pasco County,28.3021,82.0557
MAO-0947-019,Marion County,29.379037,82.055882
PAS-2621-034,Pasco County,28.3125,82.0559
LEE-1718-033,Lee County,26.66190278,82.05646944
LEE-0033-004,Lee County,26.64,82.05777778
ALC-1001-045,Alachua County,29.594622,82.058055
ALC-1177-060,Alachua County,29.562223,82.058569
CHA-1988-049,Charlotte County,26.95096944,82.06111667
LEE-1957-047,Lee County,26.76130556,82.06127778
ALC-0714-014,Alachua County,29.56493833,82.06517778
NAS-2160-027,Nassau County,30.55169444,82.06672222
LEE-1716-031,Lee County,26.73860833,82.068825
CHA-0062-031,Charlotte County,26.9377,82.0699
NAS-2178-038,Nassau County,30.72325,82.07058333
LEE-1717-032,Lee County,26.72403889,82.07186389
BRA-0811-001,Bradford County,29.7732,82.0781
LEE-1947-040,Lee County,26.49055556,82.08152778
LEE-1952-043,Lee County,26.64416667,82.08155556
ALC-0996-041,Alachua County,29.455616,82.092624
CHA-1962-047,Charlotte County,26.90925,82.09494444
CHA-0003-003,Charlotte County,26.96916667,82.09666667
ALC-0565-010,Alachua County,29.50611111,82.10166667
ALC-0564-009,Alachua County,29.51666667,82.10305556
CHA-0064-033,Charlotte County,26.9316,82.10401667
SUM-0765-007,Sumter County,28.7637,82.1121
CHA-0061-030,Charlotte County,26.9586,82.11386667
CHA-0056-028,Charlotte County,26.9025,82.11526667
CHA-0011-010,Charlotte County,26.9925,82.11666667
LEE-0034-005,Lee County,26.63194444,82.11694444
SUM-0766-008,Sumter County,28.7926,82.1197
CHA-0012-011,Charlotte County,26.97361111,82.12055556
CHA-0057-029,Charlotte County,26.83986667,82.12195
CHA-0065-034,Charlotte County,26.84221667,82.12366667
LEE-0059-023,Lee County,26.43586111,82.12588889
ALC-0567-012,Alachua County,29.65944444,82.12611111
BAK-2165-004,Baker County,30.35180556,82.12858333
ALC-0568-013,Alachua County,29.495,82.12944444
LEE-0058-022,Lee County,26.7612,82.13383333
NAS-2166-032,Nassau County,30.36233333,82.13413889
ALC-0813-022,Alachua County,29.7787,82.1352
HIL-2375-087,Hillsborough County,27.77888,82.13805
SUM-0294-002,Sumter County,28.817103,82.144496
MTE-2242-047,Manatee County,27.3664,82.1488
HIL-2378-090,Hillsborough County,27.99222,82.14888
SAR-1997-075,Sarasota County,27.11981667,82.14920278
ALC-1685-083,Alachua County,29.58333333,82.14927778
CHA-1999-053,Charlotte County,26.98610833,82.14993333
SUM-0767-009,Sumter County,28.8015,82.1516
ALC-1620-070,Alachua County,29.58919444,82.15191667
CHA-0013-012,Charlotte County,26.95388889,82.15611111
UNI-0439-001,Union County,30.10358333,82.16105556
ALC-0997-042,Alachua County,29.479318,82.161252
BRA-2229-005,Bradford County,29.86414,82.16156
LEE-1953-044,Lee County,26.70672222,82.16372222
ALC-0995-040,Alachua County,29.485931,82.165012
HIL-2376-088,Hillsborough County,27.92333,82.16805
BAK-2174-008,Baker County,30.54919444,82.17175
BRA-1622-003,Bradford County,29.92197222,82.17233333
BRA-1682-004,Bradford County,29.922,82.17233333
LEE-1948-041,Lee County,26.45772222,82.19533333
LEE-1950-042,Lee County,26.55005556,82.19580556
CHA-1987-048,Charlotte County,26.9414,82.19767778
BAK-2159-003,Baker County,30.34072222,82.198
CHA-1956-044,Charlotte County,26.99444444,82.20072222
LEE-0060-024,Lee County,26.75175,82.20116667
ALC-1643-075,Alachua County,29.63691667,82.20194444
UNI-0440-002,Union County,30.07055556,82.20316667
ALC-0998-043,Alachua County,29.479318,82.206627
ALC-0715-015,Alachua County,29.68774667,82.20671167
CHA-0025-020,Charlotte County,26.9625,82.20861111
MAO-1047-026,Marion County,29.447713,82.212416
SAR-1995-074,Sarasota County,27.07676111,82.21241667
CHA-0024-019,Charlotte County,26.93833333,82.21416667
CHA-2004-054,Charlotte County,26.93833333,82.21416667
SUM-0353-004,Sumter County,28.85222222,82.21444444
HER-2362-011,Hernando County,28.57861,82.21777
ALC-1644-076,Alachua County,29.68777778,82.21922222
HIL-2377-089,Hillsborough County,27.94472,82.21972
SUM-0764-006,Sumter County,28.5934,82.2212
ALC-1000-044,Alachua County,29.517246,82.22171
SAR-1827-071,Sarasota County,27.30166667,82.22361111
ALC-1074-046,Alachua County,29.64136111,82.22466667
HIL-2445-097,Hillsborough County,28.1513,82.22673
LEE-0066-025,Lee County,26.75438333,82.2282
HIL-1482-027,Hillsborough County,27.86721667,82.2282
UNI-0441-003,Union County,30.06761111,82.22888889
BAK-2177-009,Baker County,30.52438889,82.23013889
BAK-2170-006,Baker County,30.43286111,82.23113889
BAK-2181-010,Baker County,30.56669444,82.23291667
NAS-2176-037,Nassau County,30.55425,82.23380556
ALC-1646-078,Alachua County,29.6785,82.23519444
LEE-0068-027,Lee County,26.70481667,82.23553333
ALC-2623-101,Alachua County,29.6793,82.23686
ALC-0776-017,Alachua County,29.650554,82.238488
ALC-0929-026,Alachua County,29.6366,82.239
SUM-0354-005,Sumter County,28.72333333,82.24194444
CHA-0014-013,Charlotte County,27.00833333,82.24388889
LEE-1954-045,Lee County,26.69083333,82.24472222
BAK-2171-007,Baker County,30.53575,82.24727778
CHA-0022-017,Charlotte County,26.89222222,82.24833333
MTE-2243-048,Manatee County,27.3211,82.2484
ALC-0778-019,Alachua County,29.612292,82.248599
SAR-2247-101,Sarasota County,27.033,82.25
ALC-1647-079,Alachua County,29.65175,82.25055556
ALC-1640-072,Alachua County,29.61813889,82.25175
ALC-0777-018,Alachua County,29.618217,82.253158
SAR-2244-098,Sarasota County,27.3012,82.2537
ALC-1641-073,Alachua County,29.62344444,82.25711111
LEE-0021-001,Lee County,26.75194444,82.2575
BAK-2168-005,Baker County,30.56119444,82.26069444
CIT-1171-037,Citrus county,28.78638889,82.26194444
HER-2360-009,Hernando County,28.64722,82.26222
CHA-1960-046,Charlotte County,26.83375,82.26408333
HIL-2446-098,Hillsborough County,28.12852,82.26435
CHA-1949-042,Charlotte County,26.82708333,82.26716667
HIL-2443-095,Hillsborough County,28.0484,82.26895
CHA-0020-016,Charlotte County,26.83277778,82.26944444
ALC-1501-068,Alachua County,29.69888889,82.27373889
HIL-2374-086,Hillsborough County,27.83777,82.27444
SAR-0017-003,Sarasota County,27.01972222,82.27527778
HIL-2373-085,Hillsborough County,27.84638,82.27638
CHA-0019-015,Charlotte County,26.85694444,82.28416667
SAR-2003-077,Sarasota County,27.26566111,82.28823333
ALC-1502-069,Alachua County,29.70309722,82.29004167
ALC-1500-067,Alachua County,29.68648056,82.29155833
SAR-1990-073,Sarasota County,27.04505278,82.293525
UNI-2619-010,Union County,30.11815,82.29368
SAR-2248-102,Sarasota County,27.0455,82.2939
CHA-0781-037,Charlotte County,26.84741667,82.29708333
ALC-0936-033,Alachua County,29.5112,82.2973
HIL-2372-084,Hillsborough County,27.88055,82.3
ALC-1497-064,Alachua County,29.7031,82.3017
MTE-2329-049,Manatee County,27.4764734,82.3023585
ALC-1495-062,Alachua County,29.67395278,82.30238611
CHA-0783-039,Charlotte County,26.85063889,82.3025
UNI-0442-004,Union County,30.04666667,82.30252778
CIT-1167-033,Citrus county,28.88361111,82.30305556
CHA-0782-038,Charlotte County,26.84602778,82.3035
CIT-1170-036,Citrus county,28.80722222,82.30416667
ALC-1496-063,Alachua County,29.69871111,82.30545
ALC-0935-032,Alachua County,29.5336,82.3055
PAS-0774-007,Pasco County,28.4169,82.3058
ALC-0937-034,Alachua County,29.6216,82.3089
CHA-0780-036,Charlotte County,26.86341667,82.30902778
HER-2361-010,Hernando County,28.48194,82.30944
SAR-1527-065,Sarasota County,27.23473333,82.31119722
CHA-0018-014,Charlotte County,26.875,82.31166667
SAR-2245-099,Sarasota County,27.2412,82.3138
SAR-1826-070,Sarasota County,27.24111111,82.31416667
CIT-1169-035,Citrus county,28.83305556,82.31694444
ALC-2121-085,Alachua County,29.637845,82.317197
ALC-2123-087,Alachua County,29.656915,82.319809
ALC-2120-084,Alachua County,29.6515,82.320788
CIT-0962-030,Citrus county,28.84472222,82.32222222
ALC-2122-086,Alachua County,29.621276,82.323854
ALC-1499-066,Alachua County,29.7972,82.32408889
ALC-0931-028,Alachua County,29.6428,82.3242
ALC-0957-038,Alachua County,29.6434,82.3244
CIT-0963-031,Citrus county,28.83888889,82.32638889
CIT-0355-022,Citrus county,28.83583333,82.3275
CIT-1168-034,Citrus county,28.84027778,82.32888889
ALC-0958-039,Alachua County,29.629,82.3289
UNI-0443-005,Union County,30.01836111,82.33058333
ALC-0956-037,Alachua County,29.6419,82.333
SAR-2246-100,Sarasota County,27.1011,82.3331
ALC-0930-027,Alachua County,29.6164,82.3361
ALC-1498-065,Alachua County,29.72316667,82.33671389
ALC-0955-036,Alachua County,29.6347,82.3389
UNI-0444-006,Union County,30.02686111,82.33980556
ALC-0954-035,Alachua County,29.621653,82.340072
ALC-0128-002,Alachua County,29.64840419,82.341171
MTE-1488-022,Manatee County,27.48118333,82.34131667
HIL-2440-092,Hillsborough County,28.00652,82.34387
HIL-1031-019,Hillsborough County,28.0592,82.3441
ALC-1156-053,Alachua County,29.674,82.34475
ALC-0129-003,Alachua County,29.64726139,82.344767
ALC-0131-005,Alachua County,29.64249661,82.344812
ALC-0130-004,Alachua County,29.64121789,82.346014
ALC-2522-100,Alachua County,29.64112,82.34635
ALC-0127-001,Alachua County,29.64568969,82.346969
ALC-0133-007,Alachua County,29.641006,82.347555
ALC-1150-047,Alachua County,29.66636111,82.34927778
HIL-2371-083,Hillsborough County,27.79666,82.34944
CIT-0356-023,Citrus county,28.98861111,82.34972222
ALC-0895-025,Alachua County,29.64087,82.349754
ALC-0132-006,Alachua County,29.6406,82.3501
SAR-1825-069,Sarasota County,27.12305556,82.35083333
ALC-0934-031,Alachua County,29.644,82.3519
MAO-0872-009,Marion County,29.104852,82.351988
CHA-0779-035,Charlotte County,26.93461111,82.35241667
HIL-1032-020,Hillsborough County,28.0578,82.3525
HIL-2447-099,Hillsborough County,28.01299,82.35325
CIT-0277-011,Citrus county,28.991216,82.353393
ALC-1151-048,Alachua County,29.6635,82.35361111
ALC-1152-049,Alachua County,29.65711111,82.35997222
MTE-0435-009,Manatee County,27.5107,82.3602
ALC-0893-023,Alachua County,29.644802,82.360294
SAR-2012-085,Sarasota County,27.13822222,82.36111111
HIL-0107-010,Hillsborough County,27.9766,82.3617
ALC-0894-024,Alachua County,29.643334,82.362661
HIL-2441-093,Hillsborough County,28.05491,82.36345
ALC-1154-051,Alachua County,29.66636111,82.36402778
ALC-1153-050,Alachua County,29.65952778,82.36855556
SAR-0595-031,Sarasota County,26.95236,82.37008
ALC-1155-052,Alachua County,29.67363889,82.37216667
CIT-0961-029,Citrus county,28.90166667,82.37333333
HIL-2370-082,Hillsborough County,27.77249,82.37416
ALC-1157-054,Alachua County,29.651,82.37508333
HIL-1033-021,Hillsborough County,28.0749,82.3761
HIL-1487-032,Hillsborough County,27.6763,82.37616667
CIT-0960-028,Citrus county,28.94111111,82.37722222
MAO-1531-029,Marion County,29.368,82.382
HIL-1483-028,Hillsborough County,27.86018333,82.38438333
SAR-1528-066,Sarasota County,27.2495,82.38611111
SAR-0594-030,Sarasota County,26.97569,82.3873
HIL-2363-075,Hillsborough County,28.02111,82.38777
CIT-0278-012,Citrus county,29.008522,82.388392
ALC-1159-056,Alachua County,29.71087,82.38863
SAR-1959-072,Sarasota County,26.99791667,82.38883333
ALC-1172-058,Alachua County,29.748562,82.39562
SAR-2014-087,Sarasota County,27.05727778,82.39741667
UNI-2618-009,Union County,30.11702,82.39768
HIL-2444-096,Hillsborough County,27.81094,82.39944
SAR-0593-029,Sarasota County,27.00063,82.403
PAS-0773-006,Pasco County,28.188,82.4033
ALC-0446-008,Alachua County,29.85386111,82.40511111
SAR-0784-054,Sarasota County,27.010592,82.409649
HIL-2591-103,Hillsborough County,27.94192,82.41013
SAR-2011-084,Sarasota County,27.07319444,82.41180556
SAR-0592-028,Sarasota County,27.01602,82.41381
SAR-1403-057,Sarasota County,27.36463056,82.41789167
HIL-1484-029,Hillsborough County,27.79085,82.41856667
BAK-1438-002,Baker County,30.803975,82.41869167
SAR-2013-086,Sarasota County,27.15916667,82.42236111
SAR-0591-027,Sarasota County,27.03506,82.42608
UNI-0445-007,Union County,29.92208333,82.42655556
HIL-2364-076,Hillsborough County,28.02501,82.42885
HIL-2590-102,Hillsborough County,27.932082,82.428999
HIL-0106-009,Hillsborough County,27.9463,82.43
SAR-0590-026,Sarasota County,27.0748,82.4301
MTE-0436-010,Manatee County,27.5247,82.4302
BAK-0083-001,Baker County,30.214696,82.430396
MAO-0873-010,Marion County,29.086234,82.430484
SAR-0625-053,Sarasota County,27.1176,82.4326
SAR-1526-064,Sarasota County,27.1175,82.43361111
SAR-2005-078,Sarasota County,27.13269444,82.43430556
SAR-2009-082,Sarasota County,27.14058333,82.43433333
MAO-0276-004,Marion County,29.098602,82.435844
HIL-2132-071,Hillsborough County,27.67555556,82.43611111
SAR-0624-052,Sarasota County,27.137,82.4362
MAO-0274-002,Marion County,29.061107,82.43697
SAR-0458-005,Sarasota County,27.118552,82.437301
SAR-2015-088,Sarasota County,27.05186111,82.43758333
SAR-2613-106,Sarasota County,27.325827,82.4392128
PAS-2601-032,Pasco County,28.3212,82.4409
SAR-2612-105,Sarasota County,27.325806,82.441116
SAR-2010-083,Sarasota County,27.10194444,82.44138889
SAR-1401-056,Sarasota County,27.33439722,82.44159167
SAR-2006-079,Sarasota County,27.10344444,82.4445
HIL-2129-068,Hillsborough County,27.69388889,82.44527778
HIL-2130-069,Hillsborough County,27.705,82.44666667
MAO-0874-011,Marion County,29.049392,82.446808
PAS-0882-008,Pasco County,28.205577,82.446857
HIL-2369-081,Hillsborough County,27.91111,82.4475
HIL-2365-077,Hillsborough County,28.01777,82.4475
PAS-0883-009,Pasco County,28.20811,82.448983
SAR-1525-063,Sarasota County,27.11722222,82.44944444
SAR-0587-023,Sarasota County,27.1232,82.4502
HIL-0105-008,Hillsborough County,27.9415,82.4508
SAR-1404-058,Sarasota County,27.37486944,82.45249167
HIL-2368-080,Hillsborough County,27.92805,82.4525
HIL-0102-005,Hillsborough County,27.9099,82.4537
ALC-0932-029,Alachua County,29.7113,82.4552
SAR-0623-051,Sarasota County,27.1392,82.4553
SAR-0589-025,Sarasota County,27.1103,82.4563
SAR-1530-068,Sarasota County,27.15804444,82.45684167
PAS-0981-014,Pasco County,28.223334,82.457338
PAS-0982-015,Pasco County,28.229604,82.458049
PAS-0980-013,Pasco County,28.227282,82.458147
SAR-0588-024,Sarasota County,27.1079,82.4584
PAS-0884-010,Pasco County,28.202768,82.458583
HIL-2379-091,Hillsborough County,27.94361,82.45861
SAR-1998-076,Sarasota County,27.05881111,82.46147778
SAR-0586-022,Sarasota County,27.12,82.4634
HIL-1652-035,Hillsborough County,27.95902778,82.46361111
SAR-2007-080,Sarasota County,27.11380556,82.46427778
MAO-0279-005,Marion County,29.046238,82.464971
HIL-2366-078,Hillsborough County,28.0126,82.46519
HIL-2367-079,Hillsborough County,27.99694,82.46638
HIL-2442-094,Hillsborough County,27.98892,82.46843
SAR-2008-081,Sarasota County,27.11366667,82.46905556
SAR-0585-021,Sarasota County,27.12788,82.46935
SAR-0459-006,Sarasota County,27.171158,82.470069
SAR-0584-020,Sarasota County,27.14008,82.47017
HIL-2043-052,Hillsborough County,27.748106,82.472167
SAR-0583-019,Sarasota County,27.14879,82.47383
HIL-1042-022,Hillsborough County,27.8893,82.4791
HIL-1650-033,Hillsborough County,28.08252778,82.47966667
HIL-0885-018,Hillsborough County,28.092938,82.479996
HIL-1980-043,Hillsborough County,27.88953889,82.48058056
HIL-0104-007,Hillsborough County,27.8897,82.4808
MTE-1405-021,Manatee County,27.43175833,82.48132778
MTE-1490-024,Manatee County,27.43248333,82.48166667
SAR-0582-018,Sarasota County,27.16011,82.48224
MTE-0434-008,Manatee County,27.4448,82.4859
HIL-1981-044,Hillsborough County,27.874775,82.48638333
HIL-1043-023,Hillsborough County,27.8666,82.4889
SAR-0581-017,Sarasota County,27.17459,82.49121
SAR-0580-016,Sarasota County,27.1812,82.49282
SAR-0622-050,Sarasota County,27.1793,82.4933
HIL-0101-004,Hillsborough County,28.015,82.4942
HIL-1976-039,Hillsborough County,27.86548056,82.4965
ALC-1173-059,Alachua County,29.8798,82.4971
HIL-1651-034,Hillsborough County,28.04883333,82.49733333
SAR-1523-061,Sarasota County,27.27666667,82.49972222
HIL-0103-006,Hillsborough County,27.868,82.5021
CIT-0280-013,Citrus county,29.040998,82.502233
SAR-0579-015,Sarasota County,27.20046,82.50259
HIL-0100-003,Hillsborough County,27.9908,82.5032
SAR-1524-062,Sarasota County,27.32055556,82.50416667
SAR-2611-104,Sarasota County,27.319307,82.504311
HIL-0875-011,Hillsborough County,28.121608,82.504522
SAR-0578-014,Sarasota County,27.22112,82.50561
SAR-0577-013,Sarasota County,27.2255,82.51247
SAR-0619-047,Sarasota County,27.3042,82.514
HIL-1977-040,Hillsborough County,27.87774722,82.51833333
SAR-0576-012,Sarasota County,27.24116,82.51845
HIL-2083-065,Hillsborough County,27.70811111,82.5185
HIL-2131-070,Hillsborough County,27.68694444,82.52055556
HIL-0880-016,Hillsborough County,28.074062,82.523392
MTE-1489-023,Manatee County,27.49715,82.52375
HIL-0879-015,Hillsborough County,28.071965,82.525068
HIL-2074-061,Hillsborough County,27.69961111,82.52680556
SAR-0575-011,Sarasota County,27.25089,82.52801
HIL-0876-012,Hillsborough County,28.141407,82.528104
HIL-1045-025,Hillsborough County,27.8755,82.5291
HIL-2061-053,Hillsborough County,27.78569444,82.52919444
SAR-0621-049,Sarasota County,27.2541,82.5308
SAR-0574-010,Sarasota County,27.2547,82.53196
SAR-1522-060,Sarasota County,27.27194444,82.53277778
HIL-1979-042,Hillsborough County,27.89326111,82.53305
HIL-2068-058,Hillsborough County,27.72630556,82.53719444
HIL-2062-054,Hillsborough County,27.72630556,82.53719444
HIL-1044-024,Hillsborough County,27.8671,82.5373
SAR-1406-059,Sarasota County,27.38802222,82.53918889
SAR-0573-009,Sarasota County,27.27038,82.54272
SAR-0571-007,Sarasota County,27.29164,82.54427
SAR-0604-040,Sarasota County,27.32566,82.54475
SAR-0572-008,Sarasota County,27.27946,82.54573
SAR-0605-041,Sarasota County,27.31328,82.54573
HIL-0099-002,Hillsborough County,27.9502,82.5459
MTE-0433-007,Manatee County,27.4249,82.5474
HIL-2448-100,Hillsborough County,27.96202,82.54888
SAR-0600-036,Sarasota County,27.30747,82.54939
MTE-2134-044,Manatee County,27.60083333,82.55166667
MTE-2133-043,Manatee County,27.60138889,82.55194444
HIL-1978-041,Hillsborough County,27.84777222,82.55275278
MTE-2135-045,Manatee County,27.59,82.55361111
HER-0361-001,Hernando County,28.56333333,82.55444444
HIL-2075-062,Hillsborough County,27.65711111,82.55530556
SAR-0620-048,Sarasota County,27.2759,82.5557
HIL-1046-026,Hillsborough County,28.01189,82.5564
CLM-1437-014,Columbia County,30.68178889,82.56000833
HIL-2069-059,Hillsborough County,27.69680556,82.56019444
HIL-2063-055,Hillsborough County,27.69680556,82.56019444
SAR-0603-039,Sarasota County,27.33708,82.56055
SAR-0602-038,Sarasota County,27.3477,82.56161
MTE-1491-025,Manatee County,27.50023333,82.56171667
MTE-0437-011,Manatee County,27.5804,82.5622
MTE-2064-032,Manatee County,27.634,82.56280556
MTE-2071-033,Manatee County,27.62830556,82.56330556
CLM-1829-004,Columbia County,29.92708333,82.56375
MTE-2082-037,Manatee County,27.6295,82.56419444
MTE-2084-038,Manatee County,27.63238889,82.56530556
CLM-0082-013,Coulmbia County,30.170171,82.565978
SAR-0599-035,Sarasota County,27.32557,82.56706
SAR-0597-033,Sarasota County,27.33487,82.56876
SAR-0601-037,Sarasota County,27.36094,82.57067
LEV-0290-003,Levy County,29.033209,82.573884
MTE-0618-020,Manatee County,27.4148,82.5748
HIL-0098-001,Hillsborough County,27.9694,82.5757
CIT-0360-027,Citrus county,28.71527778,82.57694444
CLM-2146-015,Columbia County,29.91463889,82.57955556
MTE-0429-003,Manatee County,27.4844,82.5805
SAR-0596-032,Sarasota County,27.35334,82.58069111
MTE-0430-004,Manatee County,27.4473,82.5814
HIL-2076-063,Hillsborough County,27.63680556,82.58180556
SAR-0609-045,Sarasota County,27.37888,82.58593
SAR-0608-044,Sarasota County,27.3885,82.58593
SAR-0598-034,Sarasota County,27.32844,82.58688
HIL-0881-017,Hillsborough County,28.112496,82.58689
HIL-1654-037,Hillsborough County,28.13486111,82.58716667
MTE-2027-030,Manatee County,27.574765,82.587218
HIL-1655-038,Hillsborough County,28.02786111,82.58797222
CIT-0283-016,Citrus county,28.894745,82.59182
HIL-0878-014,Hillsborough County,28.151431,82.592371
CIT-0265-003,Citrus county,28.88417,82.592934
CIT-0243-001,Citrus county,28.894725,82.593342
HIL-0877-013,Hillsborough County,28.146919,82.593956
HIL-1653-036,Hillsborough County,28.05658333,82.59416667
CIT-0266-004,Citrus county,28.876391,82.595536
CIT-0282-015,Citrus county,28.890665,82.595654
PIN-2140-122,Pinellas County,27.85198211,82.598261
SAR-0607-043,Sarasota County,27.3797,82.5984
SAR-0610-046,Sarasota County,27.3559,82.5988
PIN-2038-106,Pinellas County,27.874282,82.599728
CLM-0081-012,Coulmbia County,30.193357,82.602911
PIN-2139-121,Pinellas County,27.849392,82.603034
CIT-0358-025,Citrus county,28.80138889,82.60305556
PIN-2081-114,Pinellas County,27.66669444,82.60330556
CIT-0268-006,Citrus county,28.8849,82.604396
SAR-0606-042,Sarasota County,27.3885,82.605
PIN-2142-124,Pinellas County,27.821097,82.605957
ALC-1468-061,Alachua County,29.56096944,82.60626389
PAS-2380-031,Pasco County,28.28638,82.60722
ALC-1158-055,Alachua County,29.85172,82.60898
CIT-0269-007,Citrus county,28.89268,82.610832
PIN-2138-120,Pinellas County,27.844036,82.611031
MTE-0431-005,Manatee County,27.4737,82.6125
PIN-1513-088,Pinellas County,27.8701,82.6134
CLM-0080-011,Coulmbia County,30.169153,82.6159
CIT-0287-020,Citrus county,29.007811,82.616325
HER-0366-006,Hernando County,28.445,82.61638889
CIT-0359-026,Citrus county,28.78416667,82.62
CIT-0281-014,Citrus county,28.898646,82.620508
HER-0363-003,Hernando County,28.54527778,82.62333333
PIN-0559-019,Pinellas County,27.7830622,82.6244814
CIT-0285-018,Citrus county,28.907221,82.627331
CIT-0284-017,Citrus county,28.915935,82.627816
MTE-2042-031,Manatee County,27.589857,82.628149
PIN-1506-081,Pinellas County,27.7672,82.6287
MTE-2077-035,Manatee County,27.60461111,82.63019444
PIN-1505-080,Pinellas County,27.7558,82.6309
CLM-1830-005,Columbia County,29.84405556,82.63197222
HIL-2490-101,Hillsborough County,28.0134145,82.6332221
PIN-0561-021,Pinellas County,27.8001284,82.6334554
PIN-2045-109,Pinellas County,27.848533,82.633528
CIT-0267-005,Citrus county,28.88161,82.633772
CIT-0270-008,Citrus county,28.895287,82.635012
PIN-2604-143,Pinellas County,27.742192,82.635237
CLM-0079-010,Coulmbia County,30.190703,82.635268
PIN-1510-085,Pinellas County,27.7186,82.6353
PIN-1504-079,Pinellas County,27.7623,82.6354
PIN-2141-123,Pinellas County,27.853466,82.636084
HER-0364-004,Hernando County,28.52111111,82.63611111
PIN-2044-108,Pinellas County,27.893941,82.637783
CIT-0286-019,Citrus county,28.90911,82.638142
CIT-0271-009,Citrus county,28.904465,82.640715
PIN-0562-022,Pinellas County,27.789524,82.6422621
CLM-0078-009,Coulmbia County,30.185344,82.643857
HIL-2072-060,Hillsborough County,27.63169444,82.645
MTE-1492-026,Manatee County,27.5322,82.64508333
PIN-1507-082,Pinellas County,27.76315,82.64590278
PIN-2603-142,Pinellas County,27.735247,82.647816
ALC-1162-057,Alachua County,29.82372,82.64794
CIT-0357-024,Citrus county,28.83722222,82.64805556
MTE-0617-019,Manatee County,27.4456,82.6485
HIL-2087-067,Hillsborough County,27.62588889,82.64861111
HER-0365-005,Hernando County,28.49722222,82.65027778
PIN-1509-084,Pinellas County,27.70075,82.65247222
HIL-2065-056,Hillsborough County,27.631,82.65419444
MTE-0615-017,Manatee County,27.5238,82.6542
HER-0362-002,Hernando County,28.56833333,82.655
HER-0984-007,Hernando County,28.492605,82.656341
MTE-0614-016,Manatee County,27.4967,82.65665
CIT-0288-021,Citrus county,29.013073,82.662107
PIN-2605-144,Pinellas County,27.783791,82.662455
PIN-2495-136,Pinellas County,28.01207,82.66486
MTE-2078-036,Manatee County,27.54461111,82.66488889
MTE-2089-041,Manatee County,27.55,82.66630556
PIN-1105-075,Pinellas County,27.83944444,82.66666667
PIN-0816-036,Pinellas County,27.89528,82.66751
PAS-1039-024,Pasco County,28.22947,82.668149
LEV-0289-002,Levy County,29.025424,82.669484
MTE-1493-027,Manatee County,27.49601667,82.66961667
MTE-0616-018,Manatee County,27.4599,82.6706
PIN-1514-089,Pinellas County,27.841,82.6707
PAS-0985-017,Pasco County,28.406548,82.671609
CLM-1161-002,Columbia County,29.84398,82.67477
CLM-1831-006,Columbia County,29.83466667,82.67733333
PIN-0328-017,Pinellas County,27.65472222,82.67777778
PIN-2041-107,Pinellas County,27.651923,82.67911
PIN-1511-086,Pinellas County,27.8956,82.6794
PIN-0759-028,Pinellas County,28.0352,82.6811
PIN-0325-014,Pinellas County,27.70944444,82.68444444
PIN-1034-070,Pinellas County,27.992958,82.686199
HAM-1435-004,Hamilton County,30.353875,82.68692778
MTE-0611-013,Manatee County,27.4481,82.6883
PAS-1041-026,Pasco County,28.224182,82.689453
PAS-0983-016,Pasco County,28.30195,82.691105
CIT-0272-010,Citrus county,28.911144,82.692461
PIN-2496-137,Pinellas County,28.038099,82.6924889
PIN-0320-009,Pinellas County,27.73527778,82.69583333
PAS-0986-018,Pasco County,28.373057,82.695908
PIN-1036-072,Pinellas County,27.972739,82.697222
PIN-2493-134,Pinellas County,27.9609344,82.6985067
MTE-0427-001,Manatee County,27.4664,82.6997
PAS-1040-025,Pasco County,28.23642,82.699756
PIN-0968-056,Pinellas County,27.88805556,82.7025
MTE-0613-015,Manatee County,27.4976,82.7027
PIN-0323-012,Pinellas County,27.71888889,82.70277778
PIN-0993-068,Pinellas County,28.162431,82.704472
PIN-2494-135,Pinellas County,28.0888489,82.7045527
PAS-0987-019,Pasco County,28.342617,82.706269
PIN-0758-027,Pinellas County,28.0492,82.7069
PAS-0988-020,Pasco County,28.312351,82.707111
MTE-2073-034,Manatee County,27.54988889,82.70730556
PIN-0319-008,Pinellas County,27.73555556,82.70861111
PIN-0757-026,Pinellas County,28.0598,82.7101
MTE-2086-039,Manatee County,27.56319444,82.7105
MTE-0428-002,Manatee County,27.5057,82.7109
LEV-0291-004,Levy County,29.030803,82.712745
MTE-0612-014,Manatee County,27.5215,82.7151
PAS-0367-001,Pasco County,28.19444444,82.71888889
PAS-0772-005,Pasco County,28.1942,82.7189
PIN-0322-011,Pinellas County,27.69388889,82.72111111
PIN-0324-013,Pinellas County,27.69388889,82.72111111
PIN-0967-055,Pinellas County,27.97333333,82.72138889
PIN-0966-054,Pinellas County,28.005,82.72194444
PAS-0992-023,Pasco County,28.250623,82.722412
PIN-0327-016,Pinellas County,27.6825,82.72277778
HAM-1469-006,Hamilton County,30.56413889,82.72488889
PIN-0912-043,Pinellas County,28.146315,82.727988
PIN-0321-010,Pinellas County,27.70833333,82.72944444
PIN-0969-057,Pinellas County,27.93666667,82.73
PIN-0917-048,Pinellas County,28.103213,82.731508
PIN-0769-034,Pinellas County,28.1654,82.7322
GIL-1828-007,Gilchrist County,29.70897222,82.73244444
PIN-0313-002,Pinellas County,27.75638889,82.73361111
MTE-1494-028,Manatee County,27.53421667,82.73465
LEV-1467-012,Levy County,29.35365278,82.73551667
PIN-0768-033,Pinellas County,28.1265,82.7363
PIN-1106-076,Pinellas County,27.86194444,82.73694444
PIN-0911-042,Pinellas County,28.133083,82.737417
CLM-1832-007,Columbia County,29.86511111,82.73936111
GIL-1681-003,Gilchrist County,29.86469444,82.73994444
HIL-2066-057,Hillsborough County,27.60080556,82.74019444
PIN-1037-073,Pinellas County,27.979282,82.741243
PIN-1107-077,Pinellas County,27.82111111,82.74222222
PIN-0326-015,Pinellas County,27.67805556,82.74277778
PAS-0990-021,Pasco County,28.23531,82.742911
PIN-0329-018,Pinellas County,27.64416667,82.74555556
PIN-1675-101,Pinellas County,28.121963,82.746654
PIN-2127-118,Pinellas County,28.121963,82.746654
PIN-0318-007,Pinellas County,27.74527778,82.74805556
PIN-1038-074,Pinellas County,27.982817,82.748266
PIN-0760-029,Pinellas County,28.0441,82.7513
PIN-0756-025,Pinellas County,28.0741,82.7513
PIN-0314-003,Pinellas County,27.77277778,82.75166667
PIN-1676-102,Pinellas County,28.13064,82.751713
PAS-0770-003,Pasco County,28.1878,82.7545
PAS-0979-012,Pasco County,28.21833333,82.75472222
PIN-0761-030,Pinellas County,28.0461,82.757
PAS-0991-022,Pasco County,28.253302,82.757102
PIN-0994-069,Pinellas County,28.155957,82.75958
CLM-0077-008,Coulmbia County,30.328239,82.759779
PIN-0312-001,Pinellas County,27.755,82.76
HAM-1434-003,Hamilton County,30.32972222,82.76105556
LEV-0292-005,Levy County,29.001158,82.761416
PIN-0970-058,Pinellas County,27.9725,82.76166667
SUW-1164-001,Suwannee County,29.98413889,82.76188889
SUW-1165-002,Suwannee County,29.965422,82.762187
PIN-0914-045,Pinellas County,28.140657,82.762225
PIN-0815-035,Pinellas County,27.95218,82.762503
PIN-0920-051,Pinellas County,28.153741,82.762588
LEV-2416-016,Levy County,29.21498,82.76287
PIN-1516-091,Pinellas County,27.7578,82.7634
PIN-0317-006,Pinellas County,27.80472222,82.76388889
PAS-0771-004,Pasco County,28.1951,82.7646
PIN-1515-090,Pinellas County,27.756,82.7657
PIN-0971-059,Pinellas County,27.97861111,82.7675
PIN-0989-067,Pinellas County,28.136034,82.767689
PIN-0978-066,Pinellas County,27.87138889,82.76777778
PIN-0563-023,Pinellas County,27.8118076,82.7681077
PIN-2125-116,Pinellas County,28.130179,82.769186
PIN-1673-099,Pinellas County,28.130179,82.769186
PIN-0977-065,Pinellas County,27.9025,82.77138889
PIN-0817-037,Pinellas County,27.90381,82.77186
PIN-0915-046,Pinellas County,28.147848,82.771863
PIN-0916-047,Pinellas County,28.106547,82.773756
PIN-0316-005,Pinellas County,27.8,82.77472222
PIN-1108-078,Pinellas County,27.84111111,82.77638889
PIN-0755-024,Pinellas County,28.0886,82.7765
PIN-0315-004,Pinellas County,27.78638889,82.77805556
CLM-1163-003,Columbia County,29.95149,82.77828
PIN-2124-115,Pinellas County,28.122843,82.779908
PIN-1672-098,Pinellas County,28.122843,82.779908
PIN-2030-104,Pinellas County,28.11601944,82.78219167
PIN-0819-039,Pinellas County,27.86761,82.78224
PIN-0965-053,Pinellas County,28.03472222,82.7825
PIN-2031-105,Pinellas County,28.08963611,82.78275
PIN-0976-064,Pinellas County,27.90083333,82.78305556
PIN-0560-020,Pinellas County,27.7808876,82.7832512
PIN-0762-031,Pinellas County,28.0363,82.7836
PIN-0763-032,Pinellas County,28.0521,82.7844
PIN-0919-050,Pinellas County,28.156275,82.788873
PAS-0921-011,Pasco County,28.176107,82.788875
PIN-0972-060,Pinellas County,27.98333333,82.78888889
PAS-0368-002,Pasco County,28.17583333,82.78888889
PIN-1674-100,Pinellas County,28.145246,82.790433
PIN-2126-117,Pinellas County,28.145246,82.790433
PIN-2029-103,Pinellas County,28.14948333,82.79283333
PIN-2497-138,Pinellas County,27.9910128,82.7957254
PIN-0964-052,Pinellas County,28.05138889,82.7975
PIN-0818-038,Pinellas County,27.90949,82.7998
PIN-0973-061,Pinellas County,27.96777778,82.80416667
PIN-0918-049,Pinellas County,28.156027,82.805807
PIN-0820-040,Pinellas County,27.87307,82.80918
HAM-2411-009,Hamilton County,30.33954,82.81906
PIN-0974-062,Pinellas County,27.97666667,82.82555556
PIN-2498-139,Pinellas County,27.9175852,82.8259717
PIN-0975-063,Pinellas County,27.965,82.83194444
PIN-2500-141,Pinellas County,27.8455022,82.8396231
PIN-0821-041,Pinellas County,27.882495,82.84308
PAS-2028-029,Pasco County,28.18476944,82.84739722
PIN-2499-140,Pinellas County,27.8873944,82.8510721
SUW-1680-011,Suwannee County,29.91211111,82.86027778
LAF-1678-003,Lafayette County,29.84744444,82.89419444
GIL-1427-002,Gilchrist County,29.7954,82.91935556
SUW-1429-006,Suwannee County,29.95382778,82.92848333
SUW-1433-009,Suwannee County,30.39453889,82.93445
DIX-1425-011,Dixie County,29.58885833,82.93756389
DIX-1689-013,Dixie County,29.58997222,82.93775
DIX-1679-012,Dixie County,29.77966667,82.93983333
GIL-1686-004,Gilchrist County,29.72227778,82.94277778
GIL-1688-006,Gilchrist County,29.64405556,82.94308333
GIL-1687-005,Gilchrist County,29.67436111,82.95458333
SUW-1609-010,Suwannee County,30.414804,82.962984
LEV-1424-011,Levy County,29.51796389,82.97051667
LEV-1690-013,Levy County,29.48944444,82.97713889
SUW-1430-007,Suwannee County,30.00725278,82.99641944
LAF-1677-002,Lafayette County,30.00605556,82.99736111
DIX-1423-010,Dixie County,29.46384167,83.00048056
LEV-1422-010,Levy County,29.39653333,83.02577778
LEV-1197-006,Levy County,29.164774,83.026926
LEV-1855-015,Levy County,29.13611111,83.02991667
LEV-1200-009,Levy County,29.139727,83.034599
LEV-1199-008,Levy County,29.149244,83.040263
LEV-1198-007,Levy County,29.13523,83.044984
HAM-2410-008,Hamilton County,30.44829,83.09686
LAF-2326-004,Lafayette County,30.039163,83.119701
LAF-2415-007,Lafayette County,30.0393,83.12004
LAF-2413-005,Lafayette County,30.12874,83.13191
DIX-1421-009,Dixie County,29.32110833,83.14447222
LAF-1194-001,Lafayette County,30.099101,83.171046
LEV-0108-001,Levy County,29.2623,83.1737
MAD-1432-003,Madison County,30.41006667,83.18015
SUW-1431-008,Suwannee County,30.35306389,83.18956111
DIX-0112-004,Dixie County,29.4445,83.2032
DIX-0111-003,Dixie County,29.3958,83.2223
DIX-0109-001,Dixie County,29.3547,83.2324
DIX-0110-002,Dixie County,29.4025,83.2345
HAM-1418-001,Hamilton County,30.5014,83.2422
MAD-1193-001,Madison County,30.480527,83.243931
MAD-1419-002,Madison County,30.4804,83.2442
SUW-2563-012,Suwannee County,30.24479,83.24897
SUW-2563-012,Suwannee County,30.24479,83.24897
DIX-2409-018,Dixie County,29.43992,83.29359
LAF-2414-006,Lafayette County,29.84243,83.30828
DIX-0113-005,Dixie County,29.4621,83.3447
DIX-0114-006,Dixie County,29.4947,83.3536
DIX-0116-008,Dixie County,29.565,83.3641
DIX-0115-007,Dixie County,29.5524,83.3914
MAD-1470-004,Madison County,30.62163056,83.41923333
MAD-1471-005,Madison County,30.47408333,83.42341667
TAY-2420-010,Taylor County,30.09834,83.47202
TAY-2418-008,Taylor County,29.95813,83.58015
TAY-2419-009,Taylor County,30.05931,83.58875
TAY-2421-011,Taylor County,30.08404,83.66422
TAY-2417-007,Taylor County,29.92071,83.67058
TAY-2432-012,Taylor County,30.28705,83.6825
JEF-2557-008,Jefferson County,30.59465,83.71612
TAY-2405-006,Taylor County,30.00948,83.77932
JEF-2556-007,Jefferson County,30.30657,83.81606
JEF-2453-006,Jefferson County,30.14255,83.86598
JAC-2399-013,Jackson County,30.255,83.8975
JEF-2412-004,Jefferson County,30.06107,83.90644
JEF-2452-005,Jefferson County,30.14761,83.96881
JEF-1384-002,Jefferson County,30.5288,83.9781
JAC-2398-012,Jackson County,30.1167,83.97932
LEO-1385-012,Leon County,30.5622,83.9911
JEF-1383-001,Jefferson County,30.3398,83.9912
JAC-2400-014,Jackson County,30.21305,84.04111
WAK-1373-005,Wakulla County,30.1298,84.145
LEO-1386-013,Leon County,30.2842,84.1508
LEO-2558-023,Levy County,30.28547,84.15197
WAK-2407-021,Wakulla County,30.19923,84.17771
LEO-0737-007,Leon County,30.436394,84.178025
WAK-1374-006,Wakulla County,30.074,84.18
LEO-0736-006,Leon County,30.47495,84.18145
LEO-1377-009,Leon County,30.6426,84.2026
WAK-1387-007,Wakulla County,30.154,84.2048
LEO-2633-025,Leon County,30.533056,84.215833
WAK-0118-016,Wakulla County,30.175845,84.245293
LEO-1390-014,Leon County,30.5184,84.2492
LEO-1375-008,Leon County,30.6181,84.2527
WAK-1372-004,Wakulla County,30.1047,84.2616
WAK-1388-008,Wakulla County,30.2134,84.2616
WAK-2406-020,Wakulla County,30.239444,84.270556
LEO-2401-020,Leon County,30.57944,84.28777
WAK-0122-001,Wakulla County,30.05913,84.289117
LEO-0735-005,Leon County,30.446618,84.293546
LEO-2634-026,Leon County,30.319444,84.298889
LEO-0733-003,Leon County,30.43147,84.299589
LEO-1579-016,Leon County,30.366466,84.299964
WAK-2566-027,Wakulla County,30.23361,84.30222
WAK-2567-028,Wakulla County,30.23416,84.30222
WAK-2481-024,Wakulla County,30.23424,84.30224
WAK-2480-023,Wakulla County,30.23545,84.30284
WAK-2565-026,Wakulla County,30.2325,84.30416
GAD-1376-001,Gadsden County,30.6695,84.3052
WAK-2564-025,Wakulla County,30.22861,84.30527
LEO-2402-021,Leon County,30.40027,84.30722
LEO-1381-011,Leon County,30.5076,84.3134
LEO-0734-004,Leon County,30.459515,84.323223
LEO-1391-015,Leon County,30.5393,84.3275
LEO-0732-002,Leon County,30.402363,84.336154
WAK-1837-012,Wakulla County,29.97369444,84.34022222
FRA-1843-015,Franklin County,29.94769444,84.34172222
LEO-2463-022,Leon County,30.43361,84.35833
GAD-1382-004,Gadsden County,30.586,84.3594
FRA-1841-013,Franklin County,29.91191667,84.36755556
WAK-1836-011,Wakulla County,30.01580556,84.36847222
FRA-0123-024,Franklin County,29.896477,84.380306
FRA-1838-011,Franklin County,29.96127778,84.38475
WAK-2408-022,Wakulla County,30.02827,84.38672
FRA-1842-014,Franklin County,29.90063889,84.39758333
TAY-0117-001,Taylor County,29.517,84.4031
GAD-1379-003,Gadsden County,30.4752,84.4098
WAK-0120-018,Wakulla County,29.98475,84.42288889
WAK-1840-013,Wakulla County,30.00466667,84.47169444
GAD-1378-002,Gadsden County,30.46,84.4985
WAK-1835-010,Wakulla County,30.05088889,84.49966667
WAK-0119-017,Wakulla County,29.987948,84.501722
WAK-1852-014,Wakulla County,30.09244444,84.50986111
FRA-1839-012,Franklin County,29.9165,84.51252778
LEO-1380-010,Leon County,30.4394,84.5294
LEO-2559-024,Leon County,30.40723,84.61019
FRA-0124-025,Franklin County,29.926235,84.625078
FRA-1851-022,Franklin County,29.84647222,84.66436111
FRA-1850-021,Franklin County,29.85227778,84.66844444
LIB-2596-003,Liberty County,30.12876,84.67158
WAK-1853-015,Wakulla County,30.21455556,84.68169444
GAD-2386-007,Gadsen County,30.664444,84.732778
FRA-1848-019,Franklin County,29.81669444,84.83697222
GAD-2385-006,Gadsen County,30.700833,84.856667
FRA-1473-002,Franklin County,29.81858333,84.87515
FRA-1475-004,Franklin County,29.7015,84.8805
JAC-1581-001,Jackson County,30.727634,84.904487
FRA-1476-005,Franklin County,29.65396667,84.92963333
FRA-1474-003,Franklin County,29.73161667,84.9399
JAC-2394-008,Jackson County,30.869444,84.944167
CAH-2384-006,Calhoun County,30.582222,84.951389
JAC-2397-011,Jackson County,30.904444,84.959444
FRA-1477-006,Franklin County,29.617,84.96208333
FRA-1849-020,Franklin County,29.85352778,84.97336111
JAC-2396-010,Jackson County,30.656667,84.973611
FRA-1847-018,Franklin County,29.7235,84.98202778
LIB-1607-001,Liberty County,30.440196,84.986563
FRA-1481-010,Franklin County,29.66995,84.98793333
CAH-1608-001,Calhoun County,30.519674,84.994235
FRA-2632-027,Franklin County,30.0075,84.99722
FRA-1472-001,Franklin County,29.7435,84.99931667
FRA-1845-016,Franklin County,29.71297222,85.02077778
FRA-1478-007,Franklin County,29.60135,85.02771667
CAH-2381-003,Calhoun County,30.423889,85.032778
LIB-2404-002,Liberty County,30.30785,85.03969
FRA-1846-017,Franklin County,29.76844444,85.04319444
FRA-1480-009,Franklin County,29.67968333,85.05728333
FRA-1479-008,Franklin County,29.63303333,85.08771667
JAC-2196-003,Jackson County,30.790438,85.140538
GUL-2388-012,Gulf County,30.131944,85.1425
CAH-2317-002,Calhoun County,30.2865,85.14474
GUL-2622-031,Gulf County,30.0177,85.14671
CAH-2382-004,Calhoun County,30.506111,85.157222
CAH-2383-005,Calhoun County,30.43172,85.17182
GUL-2319-010,Gulf County,30.0882,85.17873
GUL-2389-013,Gulf County,30.08833,85.17888
GUL-2587-029,Gulf County,29.74341,85.18745
GUL-2387-011,Gulf County,30.13646,85.19943
GUL-2391-015,Gulf County,30.11638,85.20027
GUL-2390-014,Gulf County,30.243611,85.200278
GUL-1844-009,Gulf County,29.88069444,85.22113889
GUL-1453-007,Gulf County,29.88058333,85.22117222
GUL-2393-017,Gulf County,29.683611,85.222778
BAY-1450-029,Bay County,29.56286944,85.24141944
GUL-2588-019,Gulf County,29.70777778,85.255
JAC-2197-004,Jackson County,30.84989,85.25947
GUL-2581-023,Gulf County,29.70833333,85.26833333
GUL-2584-026,Gulf County,29.70611111,85.28027778
GUL-2578-020,Gulf County,29.69416667,85.28166667
GUL-2576-018,Gulf County,29.71861111,85.28555556
GUL-1445-002,Gulf County,29.79580278,85.29006389
GUL-1447-004,Gulf County,29.81229167,85.29061389
GUL-2583-025,Gulf County,29.71194444,85.29361111
GUL-1446-003,Gulf County,29.79815278,85.29785556
GUL-2579-021,Gulf County,29.71027778,85.30194444
GUL-2582-024,Gulf County,29.68638889,85.3025
GUL-2580-022,Gulf County,29.75222222,85.30305556
GUL-1449-006,Gulf County,29.81095,85.30578611
GUL-1454-008,Gulf County,29.81517222,85.31177778
GUL-1448-005,Gulf County,29.83911389,85.31288611
GUL-1439-001,Gulf County,29.83220833,85.31318889
JAC-2395-009,Jackson County,30.5825,85.330556
GUL-2588-030,Gulf County,29.99826,85.36973
JAC-2325-007,Jackson County,30.597047,85.390309
BAY-1451-006,Bay County,29.95395,85.42448889
BAY-1452-007,Bay County,29.96995278,85.46450556
BAY-2568-041,Bay County,30.03833,85.48666
BAY-1597-012,Bay County,30.133882,85.508488
BAY-2569-042,Bay County,30.085,85.52666
BAY-2572-045,Bay County,30.0099,85.52675
BAY-1598-013,Bay County,30.126403,85.529366
WAS-2203-002,Washington County,30.7272,85.53119
BAY-2187-035,Bay County,30.43193,85.54526
WAS-2341-007,Washington County,30.498553,85.550577
WAS-2202-001,Washington County,30.74219,85.55301
BAY-2570-043,Bay County,30.10833,85.55833
WAS-2342-008,Washington County,30.553506,85.567936
BAY-1599-014,Bay County,30.136602,85.569952
BAY-1596-011,Bay County,30.293743,85.583259
BAY-1441-002,Bay County,30.11785278,85.59269722
BAY-1440-001,Bay County,30.10622222,85.60250556
BAY-1600-015,Bay County,30.105189,85.604018
BAY-1601-016,Bay County,30.135338,85.606499
BAY-1595-010,Bay County,30.252607,85.61145
BAY-2571-044,Bay County,30.125,85.63
BAY-1594-009,Bay County,30.254444,85.646935
BAY-1602-017,Bay County,30.150886,85.660693
HOL-2193-001,Holmes County,30.87894,85.66166
BAY-1635-028,Bay County,30.2545,85.67806667
BAY-2424-037,Bay County,30.392673,85.681079
WAS-2204-003,Washington County,30.45375,85.69793
BAY-1634-027,Bay County,30.21118333,85.6985
BAY-1442-003,Bay County,30.20626389,85.70499722
BAY-1603-018,Bay County,30.198582,85.705876
BAY-1443-004,Bay County,30.18889722,85.71640833
BAY-1444-005,Bay County,30.18847778,85.72672222
BAY-1605-020,Bay County,30.13281,85.731286
BAY-1604-019,Bay County,30.18528,85.733642
BAY-1633-026,Bay County,30.18225,85.73466667
BAY-1630-023,Bay County,30.21323333,85.74376667
BAY-1606-021,Bay County,30.151114,85.757456
BAY-1593-008,Bay County,30.316565,85.76208
BAY-1631-024,Bay County,30.21948333,85.76283333
WAS-2216-006,Washington County,30.605275,85.765401
BAY-1632-025,Bay County,30.22831667,85.76695
BAY-2186-034,Bay County,30.31511,85.81319
HOL-2195-003,Holmes County,30.94751,85.84297
BAY-2185-033,Bay County,30.29569,85.85722
WAS-2215-005,Washington County,30.538231,85.86225
WAS-2214-004,Washington County,30.451065,85.898874
HOL-2205-004,Holmes County,30.657263,85.903328
BAY-2520-039,Bay County,30.251958,85.935869
BAY-2519-038,Bay County,30.269611,85.981556
BAY-2423-036,Bay County,30.2751767,85.9880812
BAY-2521-040,Bay County,30.277083,85.988611
HOL-2194-002,Holmes County,30.81226,86.02531
WAL-2340-021,Walton County,30.404203,86.036618
WAL-1582-004,Walton County,30.295329,86.057275
WAL-1583-005,Walton County,30.305325,86.08331
WAL-1862-012,Walton County,30.37263889,86.11508333
WAL-1585-007,Walton County,30.486274,86.136631
WAL-1864-014,Walton County,30.49227778,86.13963889
WAL-1584-006,Walton County,30.325815,86.141488
WAL-1863-013,Walton County,30.32658333,86.15580556
WAL-1586-008,Walton County,30.512616,86.186517
WAL-1557-001,Walton County,30.461119,86.193389
WAL-1861-011,Walton County,30.41894444,86.22794444
WAL-2213-018,Walton County,30.352247,86.251645
WAL-1558-002,Walton County,30.486425,86.251812
WAL-1860-010,Walton County,30.39808333,86.27925
WAL-2212-17,Walton County,30.367953,86.291401
WAL-2201-015,Walton County,30.99553,86.31675
WAL-1559-003,Walton County,30.476386,86.331669
WAL-2211-016,Walton County,30.391239,86.37868
OKA-1865-053,Okaloosa County,30.49958333,86.42691667
OKA-1560-031,Okaloosa County,30.501689,86.437335
OKA-2208-062,Okaloosa County,30.383234,86.448943
OKA-1866-054,Okaloosa County,30.51022222,86.45547222
OKA-0230-005,Okaloosa County,30.3955,86.4752
OKA-2209-063,Okaloosa County,30.510406,86.481055
OKA-0229-004,Okaloosa County,30.4059,86.4829
OKA-1564-035,Okaloosa County,30.496792,86.487139
OKA-1544-028,Okaloosa County,30.50772222,86.48758333
OKA-1541-025,Okaloosa County,30.52108333,86.48822222
OKA-0233-008,Okaloosa County,30.5088,86.4889
OKA-1563-034,Okaloosa County,30.501788,86.489226
OKA-0227-002,Okaloosa County,30.4024,86.4893
OKA-1562-033,Okaloosa County,30.5197,86.489371
OKA-0234-009,Okaloosa County,30.5018,86.4895
OKA-1545-029,Okaloosa County,30.50166667,86.48952778
OKA-0228-003,Okaloosa County,30.412,86.4939
OKA-1543-027,Okaloosa County,30.51708333,86.49563889
OKA-0232-007,Okaloosa County,30.5173,86.496
OKA-0231-006,Okaloosa County,30.3902,86.5085
OKA-2206-060,Okaloosa County,30.753418,86.509708
OKA-1542-026,Okaloosa County,30.52308333,86.51016667
OKA-0226-001,Okaloosa County,30.3973,86.5146
OKA-0240-015,Okaloosa County,30.38929,86.52541
OKA-2198-058,Okaloosa County,30.92533,86.5586
OKA-1589-038,Okaloosa County,30.433735,86.576054
OKA-1692-043,Okaloosa County,30.48027778,86.58527778
OKA-0236-011,Okaloosa County,30.4557,86.5873
OKA-0235-010,Okaloosa County,30.4634,86.5914
OKA-0242-017,Okaloosa County,30.3944,86.5926
OKA-1859-052,Okaloosa County,30.40013889,86.59352778
OKA-1691-042,Okaloosa County,30.47472222,86.59583333
OKA-1565-036,Okaloosa County,30.429996,86.600323
OKA-1590-039,Okaloosa County,30.429342,86.600342
OKA-0241-016,Okaloosa County,30.4024,86.6063
OKA-0237-012,Okaloosa County,30.45162,86.61432
OKA-0238-013,Okaloosa County,30.4312,86.6367
OKA-0801-024,Okaloosa County,30.40528,86.637446
OKA-1856-050,Okaloosa County,30.68055556,86.65091667
OKA-1592-041,Okaloosa County,30.408407,86.66736
OKA-0799-022,Okaloosa County,30.406189,86.68972
OKA-0798-021,Okaloosa County,30.407914,86.705007
OKA-1591-040,Okaloosa County,30.408832,86.715364
OKA-0797-020,Okaloosa County,30.409983,86.729035
OKA-0796-019,Okaloosa County,30.403773,86.749711
OKA-2199-059,Okaloosa County,30.93727,86.75283
OKA-1857-051,Okaloosa County,30.64569444,86.75855556
OKA-0795-018,Okaloosa County,30.409722,86.77957
SAN-2335-042,Santa Rosa County,30.86206,86.832409
SAN-1858-024,Santa Rosa County,30.62069444,86.83333333
SAN-1578-010,Santa Rosa County,30.860885,86.852473
OKA-2210-064,Okaloosa County,30.783081,86.891107
SAN-1795-017,Santa Rosa County,30.44880556,86.91583333
SAN-2336-043,Santa Rosa County,30.674612,86.960944
SAN-1797-018,Santa Rosa County,30.55788889,86.98202778
SAN-1967-029,Santa Rosa County,30.39136111,86.98211111
SAN-1577-009,Santa Rosa County,30.847055,86.983968
SAN-2459-044,Santa Rosa County,30.584435,86.997161
SAN-1969-031,Santa Rosa County,30.4085,87.00244444
SAN-2610-048,Santa Rosa County,30.660538,87.005621
SAN-2460-045,Santa Rosa County,30.634502,87.020374
SAN-1966-028,Santa Rosa County,30.38422222,87.02580556
SAN-1965-027,Santa Rosa County,30.38425,87.02880556
SAN-1576-008,Santa Rosa County,30.59637,87.028945
SAN-1569-007,Santa Rosa County,30.602215,87.029006
SAN-2137-033,Santa Rosa County,30.603075,87.030106
SAN-1780-011,Santa Rosa County,30.61838889,87.03277778
SAN-1787-016,Santa Rosa County,30.62733333,87.03338889
SAN-1968-030,Santa Rosa County,30.38980556,87.03513889
SAN-1964-026,Santa Rosa County,30.38527778,87.03519444
SAN-1113-003,Santa Rosa County,30.62390104,87.03581429
SAN-1963-025,Santa Rosa County,30.38011111,87.0455
SAN-2461-046,Santa Rosa County,30.710615,87.04571
SAN-1566-004,Santa Rosa County,30.398143,87.048288
SAN-1567-005,Santa Rosa County,30.373471,87.091871
SAN-1568-006,Santa Rosa County,30.523838,87.092856
SAN-0792-001,Santa Rosa County,30.472223,87.094141
SAN-2200-040,Santa Rosa County,30.95198,87.09446
SAN-1784-015,Santa Rosa County,30.49783333,87.09805556
SAN-1782-013,Santa Rosa County,30.54886111,87.10636111
ESC-1791-031,Escambia County,30.45327778,87.13947222
ESC-1800-038,Escambia County,30.4915,87.14458333
ESC-1790-030,Escambia County,30.46863889,87.15566667
ESC-1798-036,Escambia County,30.51519444,87.15805556
ESC-0791-007,Escambia County,30.506011,87.160964
SAN-2136-032,Santa Rosa County,30.58125,87.161193
ESC-1575-026,Escambia County,30.479545,87.162058
ESC-1536-020,Escambia County,30.45512778,87.16731944
SAN-1801-019,Santa Rosa County,30.54177778,87.16738889
ESC-1785-027,Escambia County,30.39613889,87.18297222
ESC-1574-025,Escambia County,30.426228,87.186616
ESC-1110-011,Escambia County,30.4308497,87.18787653
ESC-0790-006,Escambia County,30.432109,87.188821
SAN-1112-002,Santa Rosa County,30.56138233,87.19331801
ESC-1810-045,Escambia County,30.41991667,87.19358333
ESC-0793-008,Escambia County,30.547069,87.196239
ESC-0789-005,Escambia County,30.46014,87.208935
ESC-1808-043,Escambia County,30.47388889,87.20988889
ESC-1114-013,Escambia County,30.40587079,87.21459296
ESC-1799-037,Escambia County,30.56230556,87.21825
ESC-1111-012,Escambia County,30.54556209,87.22943246
SAN-1802-020,Santa Rosa County,30.60127778,87.23438889
ESC-2188-054,Escambia County,30.96662,87.2344
ESC-1804-040,Escambia County,30.59591667,87.24197222
ESC-1811-046,Escambia County,30.4,87.24238889
ESC-1803-039,Escambia County,30.59808333,87.24669444
ESC-1815-050,Escambia County,30.33088889,87.25038889
ESC-1115-014,Escambia County,30.40982911,87.25758456
ESC-0794-009,Escambia County,30.618085,87.263009
SAN-1783-014,Santa Rosa County,30.67061111,87.26511111
ESC-1789-029,Escambia County,30.37255556,87.26813889
ESC-1415-016,Escambia County,30.478775,87.26858333
ESC-2190-056,Escambia County,30.93422,87.26949
ESC-0787-003,Escambia County,30.374229,87.275813
ESC-1116-015,Escambia County,30.45084874,87.28020275
ESC-1812-047,Escambia County,30.38113889,87.28222222
ESC-2439-059,Escambia County,30.73251,87.28514
ESC-2189-055,Escambia County,30.96753,87.29263
ESC-2192-058,Escambia County,30.72384,87.30589
ESC-1805-041,Escambia County,30.34052778,87.30708333
ESC-2191-057,Escambia County,30.85518,87.31167
ESC-0786-002,Escambia County,30.377438,87.316726
ESC-1807-042,Escambia County,30.54758333,87.33033333
ESC-1792-032,Escambia County,30.43027778,87.34238889
ESC-0785-001,Escambia County,30.362459,87.344598
ESC-1794-034,Escambia County,30.45397222,87.36111111
ESC-1786-028,Escambia County,30.46494444,87.37388889
ESC-1793-033,Escambia County,30.46363889,87.37811111
ESC-1814-049,Escambia County,30.31497222,87.38388889
ESC-1796-035,Escambia County,30.45133333,87.38891667
ESC-1571-022,Escambia County,30.368547,87.409683
ESC-1813-048,Escambia County,30.35272222,87.42177778
ESC-1573-024,Escambia County,30.311826,87.42228
ESC-1417-018,Escambia County,30.38260833,87.42593889
ESC-1572-023,Escambia County,30.523548,87.445082
ESC-1416-017,Escambia County,30.30083889,87.44701111
ESC-1570-021,Escambia County,30.294113,87.469777
