Sample_ID,PFOA,PFNA,PFOS,PFBS,FBSA,PFHxA,PFHpA,PFHxPA,NADONA,FHxSA,Syn35,PFDA,PFDoA,Oak6,Oak10,Syn72,6_6PFPi,PFPrS,PFPeS,PFHxS,P4MOA,PFUdA,PFECHS,Syn45,9Cl-PF3ONS,Oak8,Syn32,11Cl-PF3OUDS,Syn53,4_2FTS,PFNS,SUM(PFAS)
MRT_1341_038,2.8,,,,,,,,,,,,,,,,,,,,,,,,,,,,,,,2.8
IDR_0073_005,2.8,,3.2,,,,,,,,,,,,,,,,,,,,,,,,,,,,,6
IDR_1720_021,5.2,,3.1,,,,,,,,,,,,,,,,,,,,,,,,,,,,,8.3
MRT_0142_003,5,,4.8,,,,,,,,,,,,,,,,,,,,,,,,,,,,,9.7
MRT_0154_011,13,2.6,9,,,,,,,,,,,,,,,,,,,,,,,,,,,,,24.6
MRT_0185_016,3.8,,9.5,,,,,,,,,,,,,,,,,,,,,,,,,,,,,13.3
MRT_1308_028,3.1,,,,,,,,,,,,,,,,,,,,,,,,,,,,,,,3.1
MRT_1309_029,3.3,,,,,,,,,,,,,,,,,,,,,,,,,,,,,,,3.3
MRT_1310_030,2.5,,,,,,,,,,,,,,,,,,,,,,,,,,,,,,,2.5
MRT_1327_034,2.3,,,,,,,,,,,,,,,,,,,,,,,,,,,,,,,2.3
MRT_1361_044,4.6,,,,,,,,,,,,,,,,,,,,,,,,,,,,,,,4.6
MRT_1362_045,3.5,,,,,,,,,,,,,,,,,,,,,,,,,,,,,,,3.5
CLR_1946_103,3.1,,,,,,,,,,,,,,,,,,,,,,,,,,,,,,,3.1
VOL_0942_003,3.5,,,,,,,,,,,,,,,,,,,,,,,,,,,,,,,3.5
VOL_1079_006,4.5,,4.2,,,,,,,,,,,,,,,,,,,,,,,,,,,,,8.7
VOL_1080_007,4,,4.3,,,,,,,,,,,,,,,,,,,,,,,,,,,,,8.3
DIX_0113_005,,,5.1,,,,,,,,,,,,,,,,,,,,,,,,,,,,,5.1
IDR_0069_001,3.9,,2.9,,,,,,,,,,,,,,,,,,,,,,,,,,,,,6.8
IDR_0070_002,4.6,,4.3,,,,,,,,,,,,,,,,,,,,,,,,,,,,,8.8
IDR_0089_010,3.9,,,,,,,,,,,,,,,,,,,,,,,,,,,,,,,3.9
IDR_1407_012,4.2,,4.8,,,,,,,,,,,,,,,,,,,,,,,,,,,,,9
IDR_1409_014,2.8,,,,,,,,,,,,,,,,,,,,,,,,,,,,,,,2.8
IDR_1719_020,5.4,,4.7,,,,,,,,,,,,,,,,,,,,,,,,,,,,,10.1
MRT_0139_001,3.7,,4.9,,,,,,,,,,,,,,,,,,,,,,,,,,,,,8.7
MRT_0146_006,6.2,,6.5,,,,,,,,,,,,,,,,,,,,,,,,,,,,,12.7
MRT_0147_007,7,2.7,6.1,,,,,,,,,,,,,,,,,,,,,,,,,,,,,15.8
MRT_0150_010,2.9,,2.9,,,,,,,,,,,,,,,,,,,,,,,,,,,,,5.7
MRT_0176_013,4,,6.8,,,,,,,,,,,,,,,,,,,,,,,,,,,,,10.8
MRT_0178_014,4.8,,4.6,,,,,,,,,,,,,,,,,,,,,,,,,,,,,9.3
MRT_0179_015,5.9,,5.4,,,,,,,,,,,,,,,,,,,,,,,,,,,,,11.3
MRT_0186_017,9.2,2.9,8.9,,,,,,,,,,,,,,,,,,,,,,,,,,,,,21
MRT_0245_018,6.7,,4.1,,,,,,,,,,,,,,,,,,,,,,,,,,,,,10.8
MRT_0246_019,2.5,,3.3,,,,,,,,,,,,,,,,,,,,,,,,,,,,,5.8
MRT_0745_021,5.3,,9.9,,,,,,,,,,,,,,,,,,,,,,,,,,,,,15.2
MRT_0747_023,3.9,,4.1,,,,,,,,,,,,,,,,,,,,,,,,,,,,,8
MRT_0748_024,5,,4.6,,,,,,,,,,,,,,,,,,,,,,,,,,,,,9.6
MRT_0749_025,6.7,,4.5,,,,,,,,,,,,,,,,,,,,,,,,,,,,,11.1
MRT_1292_027,2.6,,,,,,,,,,,,,,,,,,,,,,,,,,,,,,,2.6
MRT_1324_031,3.1,,,,,,,,,,,,,,,,,,,,,,,,,,,,,,,3.1
MRT_1326_033,3.6,,,,,,,,,,,,,,,,,,,,,,,,,,,,,,,3.6
MRT_1340_037,3.2,,,,,,,,,,,,,,,,,,,,,,,,,,,,,,,3.2
MRT_1353_041,3.1,,,,,,,,,,,,,,,,,,,,,,,,,,,,,,,3.1
MRT_1363_046,3.7,,,,,,,,,,,,,,,,,,,,,,,,,,,,,,,3.7
MRT_1369_049,4.1,,,,,,,,,,,,,,,,,,,,,,,,,,,,,,,4.1
MRT_1370_050,3.5,,,,,,,,,,,,,,,,,,,,,,,,,,,,,,,3.5
VOL_0730_002,4.8,,2.8,,,,,,,,,,,,,,,,,,,,,,,,,,,,,7.7
VOL_0946_004,4.2,,2.8,,,,,,,,,,,,,,,,,,,,,,,,,,,,,7
VOL_1078_005,6.1,,6.7,,,,,,,,,,,,,,,,,,,,,,,,,,,,,12.8
VOL_1081_008,4.2,,4.6,,,,,,,,,,,,,,,,,,,,,,,,,,,,,8.7
CIT_1167_033,5.4,,9.8,,,,,,,,,,,,,,,,,,,,,,,,,,,,,15.2
FLG_0393_010,,,3.1,,,,,,,,,,,,,,,,,,,,,,,,,,,,,3.1
IDR_1410_015,,,6.7,,,,,,,,,,,,,,,,,,,,,,,,,,,,,6.7
IDR_1413_018,,,6.4,,,,,,,,,,,,,,,,,,,,,,,,,,,,,6.4
MRT_0744_020,,,3.8,,,,,,,,,,,,,,,,,,,,,,,,,,,,,3.8
CLR_1941_102,,,3.5,,,,,,,,,,,,,,,,,,,,,,,,,,,,,3.5
CLR_1907_089,,,4.4,,,,,,,,,,,,,,,,,,,,,,,,,,,,,4.4
ESC_1796_035,4,1.4,1.7,0.5,,3,2,,,,,1.3,,,,,,,,,,,,,,,,,,,,13.9
ESC_1799_037,2.6,1.3,1.5,2.2,,,,,,,,,,,,,,,,,,,,,,,,,,,,7.7
VOL_1092_019,1.4,,1.9,0.4,,,,,,,,,,,,,,,,,,,,,,,,,,,,3.7
ESC_1808_043,1.2,,1.9,0.6,,3.8,,,,,,,,,,,,,,,,,,,,,,,,,,7.4
ESC_1813_048,1.9,,,0.6,,,,,,,,,,,,,,,,,,,,,,,,,,,,2.5
LAK_2284_039,2.6,,,2.6,,,,,,,,,,,,,,,,,,,,,,,,,,,,5.2
LAK_2287_042,5.3,,3.9,2.6,,3,3.2,,,,,,,,,,,,,,,,,,,,,,,,,18
ORA_2290_072,6.7,2.7,6.5,8,,16.9,12.1,,,,,1.9,2.1,,,,,,,,,,,,,,,,,,,56.9
LAK_2288_043,1.1,,,1,,,,,,,,1.1,,,,,,,,,,,,,,,,,,,,3.1
VOL_2272_042,4.4,1.9,3.3,4.1,,6.1,3.1,,,,,,,,,,,,,,,,,,,,,,,,,23
BRO_2255_059,4,,5.5,2.6,,6.6,,,,,,,,,,,,,,,,,,,,,,,,,,18.7
VOL_1096_023,4.7,1.8,4.6,3,,,2.7,,,,,,,,,,,,,,,,,,,,,,,,,16.8
LAK_2281_036,5.8,,,4.4,,,,,,,,,,,,,,,,,,,,,,,,,,,,10.2
SAR_2248_102,2.3,,,2.7,,,,,,,,,,,,,,,,,,,,,,,,,,,,5
VOL_1097_024,2.2,,2.4,0.7,,,,,,,,,,,,,,,,,,,,,,,,,,,,5.3
BRO_2250_054,3,,5.3,2.6,,4.7,,,,,,0.8,,,,,,,,,,,,,,,,,,,,16.3
VOL_2275_045,1.9,,2,1.5,,,,,,,,,,,,,,,,,,,,,,,,,,,,5.3
BRO_2252_056,2.7,,1.7,3.5,,5.3,,,,,,,,,,,,,,,,,,,,,,,,,,13.2
LAK_2282_037,4.2,,2.8,3.3,,,,,,,,1.4,,,,,,,,,,,,,,,,,,,,11.7
SAR_2245_099,2.4,,,2.7,,,,,,,,,,,,,,,,,,,,,,,,,,,,5.1
SAN_2200_040,,,,0.5,,,,,,,,,,,,,,,,,,,,,,,,,,,,0.5
DES_2240_007,5.6,,4.2,5.3,,,4.4,,,,,,,,,,,,,,,,,,,,,,,,,19.5
HAR_2241_001,6.4,,3.1,5,,9.9,6.4,,,,,,,,,,,,,,,,,,,,,,,,,30.9
MTE_2243_048,13.6,2.5,8,4.4,,6.4,7.1,,,,,,,,,,,,,,,,,,,,,,,,,42.1
DAD_2307_100,0.9,,1.8,0.8,,2.3,,,,,,,,,,,,,,,,,,,,,,,,,,5.8
BRO_2313_063,3.6,,6,4.5,,6.2,,,,,,1,,,,,,,,,,,,,,,,,,,,21.3
OKA_2206_060,1.3,,,2.5,,,,,,,,,,,,,,,,,,,,,,,,,,,,3.8
VOL_1083_010,5,4.6,10.7,4.5,,16.2,9,12.4,,2.7,,,,,,,,,,,,,,,,,,,,,,65.1
VOL_1102_029,12.4,3.1,11.5,12.1,1.5,23,9.5,,,,,,,,,,,,,,,,,,,,,,,,,73.2
DAD_2301_094,3.7,,,2.8,,6,2.9,,,,,,,,,,,,,,,,,,,,,,,,,15.4
BRO_2312_062,5.7,,6.7,3.3,,7.4,4.7,,,,,,,,,,,,,,,,,,,,,,,,,27.8
BRO_2310_060,4.1,,3.3,6,,,,,,,,,,,,,,,,,,,,,,,,,,,,13.5
DAD_2304_097,3.9,2.6,10.2,2.4,,13.4,12.8,,,,,1.9,,,,,,,,,,,,,,,,,,,,47.2
DAD_2300_093,3.7,,4.4,2.9,,10.9,9.9,,,,,,,,,,,,,,,,,,,,,,,,,31.8
DAD_2308_101,1.8,,2.2,0.9,,3.6,,,,,,,,,,,,,,,,,,,,,,,,,,8.5
VOL_1104_031,2.2,,,1.9,,,,,,,,,,,,,,,,,,,,,,,,,,,,4.1
VOL_1517_032,4.3,,1.2,4.8,,,,,,,,,,,,,,,,,,,,,,,,,,,,10.4
VOL_1519_034,4.7,,2.8,7.1,,5.4,4.9,,,,,,,,,,,,,,,,,,,,,,,,,25
VOL_1533_036,0.6,,0.9,0.9,,,,,,,,,,,,,,,,,,,,,,,,,,,,2.4
VOL_1084_011,2.5,,,1.2,,,,,,,,,,,,,,,,,,,,,,,,,,,,3.7
SAN_1567_005,1.2,,3.7,0.6,,,,,,,,,,,,,,,,,,,,,,,,,,,,5.5
SAN_1576_008,16.5,3.1,179.5,5.2,,10.8,9.1,50.7,,3.7,,,,,,,,,,,,,,,,,,,,,,278.6
VOL_1086_013,8.7,,32.7,8.2,,6.6,,9.1,,,,1.2,,,,,,,,,,,,,,,,,,,,66.5
SAN_1795_017,1.2,,3.5,0.8,,,,,,,,,,,,,,,,,,,,,,,,,,,,5.4
SAN_1964_026,5.5,3,7.1,2.9,,5.7,6.4,,,,,,,,,,,,,,,,,,,,,,,,,30.7
SAN_1966_028,1,,,1.2,,,,,,,,,,,,,,,,,,,,,,,,,,,,2.2
SAN_1967_029,1.5,,1.2,0.5,,,,,,,,,,,,,,,,,,,,,,,,,,,,3.2
SAN_1969_031,2.6,,3,3.8,,3.4,,,,,,,,,,,,,,,,,,,,,,,,,,12.8
SAN_2137_033,2.3,,3.1,0.8,,1.7,,,,,,,,,,,,,,,,,,,,,,,,,,7.9
ESC_0787_003,2,,7.5,0.5,,,,,,,,,,,,,,,,,,,,,,,,,,,,9.9
ESC_0791_007,1.4,,1,0.4,,,,,,,,,,,,,,,,,,,,,,,,,,,,2.8
ESC_1111_012,4,,2.7,2.7,,3.2,,,,,,,,,,,,,,,,,,,,,,,,,,12.7
ESC_1116_015,4.7,2.3,5.7,5.8,,3.3,3.2,,,,,,,,,,,,,,,,,,,,,,,,,25
ESC_1415_016,23.7,4.1,11.8,11.1,,31.2,20.3,9.4,,,3,3.5,,,,,,,,,,,,,,,,,,,,118
ESC_1785_027,0.5,,,0.3,,,,,,,,,,,,,,,,,,,,,,,,,,,,0.8
ESC_1794_034,4.2,,1.5,,,3.9,,,,,,1.3,,,,,,,,,,,,,,,,,,,,11
SAN_1780_011,3.4,,1.7,,,4.9,,,,,,,,,,,,,,,,,,,,,,,,,,10.1
WAS_2214_004,0.7,,0.9,,,,,,0.3,,,,,,,,,,,,,,,,,,,,,,,1.9
ESC_1793_033,7,,,,,,,,,,,0.9,,,,,,,,,,,,,,,,,,,,7.9
ESC_1811_046,1,,1.2,,,,,,,,,,,,,,,,,,,,,,,,,,,,,2.2
VOL_1094_021,2.2,,5.6,,,,,,,,,,,,,,,,,,,,,,,,,,,,,7.8
HOL_2195_003,0.9,,,,,,,,,,,,,,,,,,,,,,,,,,,,,,,0.9
HOL_2194_002,0.6,,,,,,,,,,,,,,,,,,,,,,,,,,,,,,,0.6
OKA_2198_058,1.3,,,,,,,,,,,,,,,,,,,,,,,,,,,,,,,1.3
WAL_2213_018,0.6,,,,,,,,,,,,,,,,,,,,,,,,,,,,,,,0.6
JEF_2412_004,0.6,,,,,,,,,,,,,,,,,,,,,,,,,,,,,,,0.6
SAN_1784_015,0.7,,,,,,,,,,,,,,,,,,,,,,,,,,,,,,,0.7
SAN_1801_019,0.6,,,,,,,,,,,,,,,,,,,,,,,,,,,,,,,0.6
SAN_1802_020,0.6,,,,,,,,,,,,,,,,,,,,,,,,,,,,,,,0.6
ESC_1536_020,0.6,,,,,,,,,,,,,,,,,,,,,,,,,,,,,,,0.6
ESC_1570_021,0.9,,,,,,,,,,,,,,,,,,,,,,,,,,,,,,,0.9
ESC_1575_026,0.8,,1.9,,,,,,,,,,,,,,,,,,,,,,,,,,,,,2.6
BAY_2186_034,,,1.7,,,,,,,,,,,,,,,,,,,,,,,,,,,,,1.7
ESC_1792_032,6.2,,2.5,2.3,,4.2,2.3,,,,,0.7,,,,,,,,,,,,,,,,,,,,18.2
ESC_1807_042,1.4,,2.7,1.6,,,,,,,,,,,,,,,,,,,,,,,,,,,,5.6
ESC_1812_047,1.1,,1.8,0.5,,,,,,,,,,,,,,,,,,,,,,,,,,,,3.4
ESC_1814_049,1.3,,,0.3,,2.8,,,,,,,,,,,,,,,,,,,,,,,,,,4.4
VOL_1093_020,0.9,,1.6,0.7,,,,,,,,,,,,,,,,,,,,,,,,,,,,3.2
LAK_2285_040,5.3,1.5,2.4,3.2,,4.2,,,,,,,,,,,,,,,,,,,,,,,,,,16.7
LAK_2286_041,5.8,,1.4,2.4,,,3.8,,,,,,,,,,,,,,,,,,,,,,,,,13.4
ORA_2293_075,9.8,4,10,15,5.2,19.5,7.6,10.2,,,,,,,,,,,,,,,,,,,,,,,,81.4
ORA_2292_074,8.9,3.9,8.4,6.9,,9.3,7.5,3.9,,,,,,,,,,,,,,,,,,,,,,,,48.7
VOL_2273_043,4.1,,4.3,3.8,,,,,,,,,,,,,,,,,,,,,,,,,,,,12.2
ORA_2294_076,6.5,,3.3,8.6,,6.4,3.9,,,,,,,,,,,,,,,,,,,,,,,,,28.6
BRO_2249_053,2.4,,1.6,3,,4,,,,,,,,,,,,,,,,,,,,,,,,,,11
VOL_2277_047,10.3,1.8,9.7,8.6,,9.6,6.3,,,,,,,,,,,,,,,,,,,,,,,,,46.2
VOL_2278_048,1.5,,1.3,1.8,,,,,,,,,,,,,,,,,,,,,,,,,,,,4.6
WAL_2211_016,1.5,,2.5,1,,,,,,,,,,,,,,,,,,,,,,,,,,,,5
VOL_1098_025,4.1,1.5,4.1,2,,,3.7,,,,,,,,,,,,,,,,,,,,,,,,,15.4
VOL_1099_026,3.6,,4.2,1.1,,3.6,,,,,,,,,,,,,,,,,,,,,,,,,,12.5
SAR_2247_101,2.7,1.5,,3.6,,3.7,,,,,,,,,,,,,,,,,,,,,,,,,,11.5
BRO_2254_058,4.8,1.8,5.8,3.6,,6.1,4.1,,,,,0.9,,,,,,,,,,,,,,,,,,,,27
BRO_2253_057,4.2,1.5,5.4,3.2,,6.8,3.6,,,,,0.8,,,,,,,,,,,,,,,,,,,,25.5
SAR_2244_098,2.8,,,3.2,,,,,,,,,,,,,,,,,,,,,,,,,,,,6
OKA_2208_062,1,,,0.7,,2.4,,,,,,,,,,,,,,,,,,,,,,,,,,4.2
DAD_2305_098,4.5,1.6,4.6,3.3,,6.2,3.6,,,,,,,,,,,,,,,,,,,,,,,,,23.9
VOL_1103_030,15.7,6.9,,2.6,,15.2,5.8,,,,24.4,27.1,,,,,,,,,,,,,,,,,,,,97.6
VOL_1518_033,3.7,1.7,9.1,3.7,,7.4,,,,,,0.8,,,,,,,,,,,,,,,,,,,,26.4
VOL_1520_035,3.6,,1.6,4.3,,,,,,,,,,,,,,,,,,,,,,,,,,,,9.5
SAN_0792_001,1.7,1.5,4.2,3.8,,,,9.5,,,,,,,,,,,,,,,,,,,,,,,,20.6
SAN_1113_003,3.9,,4,1.2,,,,,,,,,,,,,,,,,,,,,,,,,,,,9.1
SAN_1568_006,0.6,,,0.7,,,,,,,,,,,,,,,,,,,,,,,,,,,,1.3
VOL_1085_012,4.8,2.3,4.7,5.1,,7.6,5.4,5,,,,,,,,,,,,,,,,,,,,,,,,34.9
SAN_1782_013,5.3,3.5,7.6,2.4,,,6.6,4.3,,,,,,3.2,2.9,0.8,0.6,,,,,,,,,,,,,,,37.2
SAN_1797_018,1,,1.5,1,,,,,,,,,,,,,,,,,,,,,,,,,,,,3.5
SAN_1858_024,1.6,,,1,,,2.3,,,,,,,,,,,,,,,,,,,,,,,,,4.9
SAN_1965_027,1.8,,2.2,1.6,,,,,,,,,,,,,,,,,,,,,,,,,,,,5.6
VOL_1087_014,7.8,5.3,25.8,2.3,,11.2,10,20.4,,,,1.8,,,,,,,,,,,,,,,,,,,,84.7
SAN_1968_030,3.8,,3.5,2.7,,,,,,,,,,,,,,,,,,,,,,,,,,,,10
ESC_0785_001,1.9,1.7,2.1,1.3,,,,,,,,,,,,,,,,,,,,,,,,,,,,6.9
ESC_0786_002,5.3,,8.5,4.7,,,,4.5,,,,,,,,,,,,,,,,,,,,,,,,23
ESC_0790_006,2,,2.3,1.3,,,1.8,,,,,,,,,,,,,,,,,,,,,,,,,7.3
ESC_0793_008,1.7,,0.9,1.4,,,,,,,,,,,,,,,,,,,,,,,,,,,,4.1
ESC_1110_011,2.6,,,2.5,,4.2,,,,,,,,,,,,,,,,,,,,,,,,,,9.2
ESC_1114_013,7.9,1.7,7,10,,8.4,6.5,4.7,,,,,,,,,,,,,,,,,,,,,,,,46.1
VOL_1090_017,3.8,2.9,8.2,2.1,,,,,,,,,,,,,,,,,,,,,,,,,,,,17
ESC_1573_024,1.6,,,0.4,,,,,,,,,,,,,,,,,,,,,,,,,,,,2.1
ESC_1574_025,2.2,,2,2.1,,2.1,,,,,,,,,,,,,,,,,,,,,,,,,,8.3
ESC_1789_029,1.1,,2.1,0.5,,,,,,,,,,,,,,,,,,,,,,,,,,,,3.6
DAD_2309_102,1.4,,4.2,,,3.3,1.9,,,,,,,,,,,,,,,,,,,,,,,,,10.8
VOL_1082_009,0.7,,,,,,,,,,,,,,,,,,,,,,,,,,,,,,,0.7
ESC_1798_036,0.6,,,,,,,,,,,,,,,,,,,,,,,,,,,,,,,0.6
ESC_1803_039,0.6,,,,,,,,,,,,,,,,,,,,,,,,,,,,,,,0.6
VOL_2274_044,2.1,,1.6,,,,,,,,,,,,,,,,,,,,,,,,,,,,,3.7
PAL_2256_149,1.4,,,,,,,,,,,,,,,,,,,,,,,,,,,,,,,1.4
ORA_2207_061,1.2,,3.5,,,,,,,,,,,,,,,,,,,,,,,,,,,,,4.8
HOL_2205_004,0.7,,,,,,,,,,,,,,,,,,,,,,,,,,,,,,,0.7
VOL_2279_049,0.6,,,,,,,,,,,,,,,,,,,,,,,,,,,,,,,0.6
JAC_2197_004,0.5,,,,,,,,,,,,,,,,,,,,,,,,,,,,,,,0.5
ESC_2190_056,1,,,,,,,,,,,,,,,,,,,,,,,,,,,,,,,1
ESC_2192_058,1.1,,,,,,,,,,,,,,,,,,,,,,,,,,,,,,,1.1
ESC_2191_057,0.9,,0.8,,,,,,,,,,,,,,,,,,,,,,,,,,,,,1.7
WAL_2212_17,0.9,,0.9,,,,,,,,,,,,,,,,,,,,,,,,,,,,,1.8
VOL_1101_028,1.6,,2.3,,,,,,,,,,,,,,,,,,,,,,,,,,,,,3.9
WAL_2201_015,0.8,,,,,,,,,,,,,,,,,,,,,,,,,,,,,,,0.8
BAY_2185_033,0.8,,0.8,,,,,,,,,,,,,,,,,,,,,,,,,,,,,1.6
ESC_2188_054,0.9,,,,,,,,,,,,,,,,,,,,,,,,,,,,,,,0.9
BRO_2311_061,1.8,,1.6,,,,,,,,,0.8,,,,,,,,,,,,,,,,,,,,4.2
HAM_2411_009,0.9,,,,,,,,,,,,,,,,,,,,,,,,,,,,,,,0.9
SAN_1112_002,1.4,,,,,,,,,,,,,,,,,,,,,,,,,,,,,,,1.4
SAN_1569_007,3.3,,2.9,,,,,,,,,,,,,,,,,,,,,,,,,,,,,6.2
SAN_1787_016,1.4,,,,,,,,,,,,,,,,,,,,,,,,,,,,,,,1.4
SAN_2136_032,1.2,,1.8,,,,,,,,,,,,,,,,,,,,,,,,,,,,,3
VOL_1089_016,0.7,,,,,,,,,,,,,,,,,,,,,,,,,,,,,,,0.7
ESC_1416_017,1.2,,,,,,,,,,,,,,,,,,,,,,,,,,,,,,,1.2
ESC_1571_022,1.6,,,,,,,,,,,,,,,,,,,,,,,,,,,,,,,1.6
ESC_1791_031,0.7,,,,,,,,,,,,,,,,,,,,,,,,,,,,,,,0.7
VOL_1091_018,2.5,1.5,4.7,1.1,,,,,,,,,,,,,,,,,,,,,,,,,,,,9.8
LAK_2283_038,2.7,,,2.9,,,,,,,,,,,,,,,,,,,,,,,,,,,,5.6
ORA_2291_073,9.9,3.5,6.8,8,,11.2,11.7,,,,,1.4,,,,,,,,,,,,,,,,,,,,52.5
VOL_2271_041,2,,,1.2,,3.4,,,,,,,,,,,,,,,,,,,,,,,,,,6.6
OKA_2209_063,2.4,,19.5,2,,3.2,2.7,5.2,,,,,,,,,,,,,,,,,,,,,,,,35
WAS_2204_003,0.7,,,0.4,,,,,,,,,,,,,,,,,,,,,,,,,,,,1.1
SAR_2246_100,2.3,,,4.2,,,,,,,,,,,,,,,,,,,,,,,,,,,,6.5
VOL_1100_027,10.8,3.6,17.5,5.6,,10.7,8.7,12.4,,,,1.1,,,,,,,,,,,,,,,,,,,,70.6
MTE_2242_047,1.4,,,2.4,,,,,,,,,,,,,,,,,,,,,,,,,,,,3.8
DAD_2295_088,6.2,,13.9,15.8,,5.6,2.9,,,,,0.9,,,,,,,,,,,,,,,,,,,,45.2
SAN_1963_025,2.3,,3.1,3.8,,,,,,,,,,,,,,,,,,,,,,,,,,,,9.1
ESC_0789_005,4.4,,3.1,4.2,,4.7,3.9,,,,,,,,,,,,,,,,,,,,,,,,,20.3
ESC_0794_009,5.1,,1.9,4.1,,5.4,,5.2,,,,,,,,,,,,,,,,,,,,,,,,21.7
ESC_1115_014,8.2,2.8,10.9,5,,8.4,11.4,14.6,,,,0.7,,,,,,,,,,,,,,,,,,,,62.1
ESC_1572_023,4.6,1.4,1.8,0.3,,4.3,2.9,,,,,1.6,,,,,,,,,,,,,,,,,,,,16.9
BRO_2251_055,0.5,,,,,1.5,,,,,,,,,,,,,,,,,,,,,,,,,,2
ESC_1800_038,0.7,,,,,,,,,,,,,,,,,,,,,,,,,,,,,,,0.7
ESC_1805_041,0.7,,,,,,,,,,,,,,,,,,,,,,,,,,,,,,,0.7
ESC_1815_050,0.7,,,,,,,,,,,,,,,,,,,,,,,,,,,,,,,0.7
TAY_2421_011,0.8,,,,,,,,,,,,,,,,,,,,,,,,,,,,,,,0.8
ESC_1417_018,2.8,,,,,,,,,,,,,,,,,,,,,,,,,,,,,,,2.8
SEM_2462_025,3.3,,2.1,4.8,,,,,,,,,,,,,,1.9,,,,,,,,,,,,,,12.1
VOL_2502_063,3.4,,2.8,2.8,,,,,,,,,,,,,,4.9,,4.7,,,,,,,,,,,,18.5
POL_2535_040,10.7,1.1,6.3,7.6,,8.8,6.2,6.7,,,,0.5,,,,,,1.7,,9.2,,,,,,,,,,,,58.7
VOL_2503_064,4.1,,3.9,3.7,,,,,,,,,,,,,,3.8,,7.8,,,,,,,,,,,,23.3
VOL_2475_058,3.2,,2.2,4.3,,,,,,,,,,,,,,1.8,,,,,,,,,,,,,,11.5
POL_2538_043,8.3,,4,6.6,,9.9,,,,,,0.6,,,,,,,,,,,,,,,,,,,,29.4
PUT_2509_019,3,,,2.7,,,,,,,,,,,,,,,,,,,,,,,,,,,,5.6
POL_2531_036,9.8,,9.5,12.6,,,,7.9,,,,,,,,,,,,15,,,,,,,,,,,,54.8
WAK_2566_027,2.3,,2.9,1.6,,2.4,,,,,,,,,,,,,,,,,,,,,,,,,,9.1
BAY_2569_042,2.3,,3.1,1.5,,,,,,,,,,,,,,,,,,,,,,,,,,,,6.8
HIG_2555_026,3.8,,2.5,3.7,,3.9,,,,,,,,,,,,,,,,,,,,,,,,,,13.9
PIN_2497_138,6.1,,14.3,7.7,,,5.1,,,,,1,,,,,,,,,,,,,,,,,,,,34.2
VOL_2512_065,3.4,,,2.6,,,,,,,,,,,,,,,,,,,,,,,,,,,,5.9
POL_2541_046,9,,4.8,11.2,,,5.4,3.9,,,,,,,,,,,,5.8,,,,,,,,,,,,40
PUT_2507_017,3.6,,2.2,3.6,,,,,,,,,,,,,,,,,,,,,,,,,,,,9.4
BAY_2423_036,2.7,,2.7,1.8,,3.1,,,,,,,,,,,,,,,,,,,,,,,,,,10.3
POL_2552_057,6.7,2.5,8.1,6.2,,9.6,5.5,,,,,1.1,,,,,,,,6,,,,,,,,,,,,45.8
POL_2550_055,1.9,,,1.9,,,,,,,,,,,,,,,,,,,,,,,,,,,,3.9
IDR_2492_030,2.9,,6.2,1.7,,,,,,,,1.3,,,,,,,,,,,,,,,,,,,,12.1
IDR_2491_029,3.7,,3,4.3,,,,,,,,,,,,,,,,,,,,,,,,,,,,11.1
FLG_2486_024,2.3,,,3.4,,,,,,,,,,,,,,,,,,,,,,,,,,,,5.7
HIL_2441_093,3.3,,2.5,3.7,,,,,,,,,,,,,,,,,,,,,,,,,,,,9.5
POL_2547_052,3.3,,1.8,4,,,,,,,,,,,,,,,,,,,,,,,,,,,,9.1
POL_2539_044,9.4,,4.4,13.4,,,,5.1,,,,0.5,,,,,,,,8.5,,,,,,,,,,,,41.2
POL_2530_035,3.9,,,4,,3.9,,,,,,,,,,,,,,,,,,,,,,,,,,11.9
POL_2549_054,4.5,,2.2,3.2,,,2.2,,,,,,,,,,,,,,,,,,,,,,,,,12.2
PUT_2510_020,2.6,,1.6,2.3,,,,,,,,,,,,,,,,,,,,,,,,,,,,6.5
POL_2529_034,3.3,,1.8,4.9,,,,,,,,,,,,,,,,,,,,,,,,,,,,9.9
POL_2528_033,7.4,,2.8,5.5,,7.4,6.1,5.2,,,,,,,,,,,,4.9,,,,,,,,,,,,39.3
WAK_2564_025,2.4,,3.5,2.7,,,,,,,,,,,,,,,,5.6,,,,,,,,,,,,14.2
HIG_2517_021,6.2,,4.3,6.3,,,,,,,,,,,,,,,,4.5,,,,,,,,,,,,21.4
IDR_2324_025,2.3,,,4.1,,,,,,,,,,,,,,,,,,,,,,,,,,,,6.4
GAD_2385_006,3.1,,2,1.9,,,2.1,,,,,0.4,,,,,,,,,,,,,,,,,,,,9.6
PIN_2500_141,3.3,1.2,5.6,2.7,,3.6,,,,,,,,,,,,,,,,,,,,,,,,,,16.4
POL_2607_059,3.4,,,3.7,,,,,,,,,,,,,,,,,,,,,,,,,,,,7.1
PAS_2602_033,2.4,,,2.6,,,,,,,,,,,,,,,,,,,,,,,,,,,,5
HIL_2591_103,3.5,,5.1,3,,4.7,,,,,,0.5,,,,,,,,,,,,,,,,,,,,16.9
ESC_1786_028,16.4,,8.3,2,,4.9,,5.3,,5.5,,,,,,,,,,8.4,,,,,,,,,,,,50.8
HIG_2322_016,5.6,,4.4,4.4,,8.1,3.7,,,,,,,,,,,,,,,,,,,,,,,,,26.3
HIL_2490_101,6.2,,4.4,6.5,,,,,,,,,,,,,,,,,,,,,,,,,,,,17.1
POL_2540_045,2.4,,1.7,2.1,,,,,,,,,,,,,,,,,,,,,,,,,,,,6.3
POL_2542_047,8.1,,4.2,8,,,,,,,,,,,,,,,,,,,,,,,,,,,,20.3
BRE_2430_084,2.9,,,5.8,,,,,,,,,,,,,,,,,,,,,,,,,,,,8.7
POL_2534_039,5.3,,4.6,4.9,,4.1,4,,,,,,,,,,,,,4.3,,,,,,,,,,,,27.2
POL_2548_053,3.9,,2.5,2.7,,,1.8,,,,,,,,,,,,,,,,,,,,,,,,,11
DES_2485_008,3.1,,2.2,3.9,,,,,,,,,,,,,,,,,,,,,,,,,,,,9.2
STL_2624_026,7.9,,3.2,9.7,,5.7,,,,,,,,,,,,,,,,,,,,,,,,,,26.5
PIN_2494_135,5.5,,3.8,4.5,,,,,,,,,,,,,,,,,,,,,,,,,,,,13.8
WAK_2480_023,1.8,,2.1,1.2,,2.5,,,,,,,,,,,,,,,,,,,,,,,,,,7.7
POL_2334_029,2.2,,,2.6,,,,,,,,,,,,,,,,,,,,,,,,,,,,4.8
PAS_2332_030,3.4,,2.5,4.2,,,,,,,,,,,,,,,,,,,,,,,,,,,,10.1
VOL_2471_054,3.7,,2.4,4.5,,,,,,,,,,,,,,,,,,,,,,,,,,,,10.7
VOL_2338_051,2.2,,,4,,,,,,,,,,,,,,,,,,,,,,,,,,,,6.2
LAK_2328_046,6.6,,3.5,4.5,,11.1,3.9,,,,,,,,,,,,,,,,,,,,,,,,,29.5
VOL_2474_057,8.1,1.3,7.2,9.4,,9.4,5.2,,,,,,,,,,,,,5.2,,,,,,,,,,,,45.7
ORA_2456_079,10.3,2.3,11.4,10.1,,12.9,6.5,4.8,,,,,,,,,,,,6.9,,,,,,,,,,,,65.2
PIN_2603_142,20.7,25,85.2,21.6,6,61.3,33.7,77,,8.5,3.2,,,,,,,,13.1,126.3,11.6,6.3,,,,,,,,,,499.6
HIG_2589_027,3.9,,2.3,3.2,,3.9,3,,,,,,,,,,,,,,,,,,,,,,,,,16.2
BAY_2521_040,4.4,,,1.9,,,,,,,,,,,,,,,,,,,,,,,,,,,,6.3
POL_2543_048,2.2,,,2.8,,,,,,,,,,,,,,,,,,,,,,,,,,,,5
STJ_2617_074,3.9,,9.5,2.6,,,,,,,,,,,,,,,,,,,,,,,,,,,,16
PIN_2605_144,7.7,3.9,8.9,6.6,,,,,,,,,,,,,,,,7.7,,,,,,,,,,,,34.9
PAL_2629_150,2.2,,,,,,,,,,,,,,,,,,,,,,,,,,,,,,,2.2
UNI_2619_010,1.7,,,,,,,,,,,,,,,,,,,,,,,,,,,,,,,1.7
BRE_2483_094,3,,,,,,,,,,,0.9,,,,,,,,,,,,,,,,,,,,3.9
POL_2533_038,1.6,,,,,,,,,,,,,,,,,,,,,,,,,,,,,,,1.6
GAD_2386_007,1.3,,,,,,,,,,,,,,,,,,,,,,,,,,,,,,,1.3
WAK_2567_028,2,,,,,,,,,,,,,,,,,,,,,,,,,,,,,,,2
OSC_2560_031,2.4,,,,,,,,,,,,,,,,,,,,,,,,,,,,,,,2.4
PAS_2601_032,1.3,,,,,,,,,,,,,,,,,,,,,,,,,,,,,,,1.3
GUL_2391_015,2.1,,,,,,,,,,,,,,,,,,,,,,,,,,,,,,,2.1
JAC_2398_012,1.3,,,,,,,,,,,,,,,,,,,,,,,,,,,,,,,1.3
ORA_2455_078,2.2,,,,,,,,,,,,,,,,,,,,,,,,,,,,,,,2.2
ESC_2439_059,1.5,,,,,,,,,,,,,,,,,,,,,,,,,,,,,,,1.5
CAH_2317_002,1.1,,,,,,,,,,,,,,,,,,,,,,,,,,,,,,,1.1
GUL_2319_010,1.8,,,,,,,,,,,,,,,,,,,,,,,,,,,,,,,1.8
WAS_2341_007,1.4,,,,,,,,,,,,,,,,,,,,,,,,,,,,,,,1.4
HIL_2444_096,2.2,,1.8,,,,,,,,,,,,,,,,,,,,,,,,,,,,,4
HAM_2410_008,1.6,,,,,,,,,,,,,,,,,,,,,,,,,,,,,,,1.6
BAY_2572_045,1.4,,,,,,,,,,,,,,,,,,,,,,,,,,,,,,,1.4
LAK_2595_048,1.6,,,,,,,,,,,,,,,,,,,,,,,,,,,,,,,1.6
BAY_2520_039,3.7,,3.1,,,,,,,,,,,,,,,,,,,,,,,,,,,,,6.8
HIG_2523_023,1.8,,,1.9,,,,,,,,,,,,,,1.5,,,,,,,,,,,,,,5.2
FLG_2487_025,3.2,,3,2.7,,4.9,,,,,,,,,,,,2.8,,,,,,,,,,,,,,16.7
FLG_2489_027,3.2,,2.7,3.2,,,,,,,,,,,,,,3.4,,4.4,,,,,,,,,,,,16.9
BRE_2432_086,3.1,,,4.7,,,,,,,,,,,,,,3.1,,,,,,,,,,,,,,10.9
HIL_2448_100,7.8,6.6,53.1,9.4,5.4,24.9,14.9,44.7,,4.3,,1.4,,,,,,4,11.1,59.9,,2,0.6,,,,,,,,,250.2
BRO_2315_065,5.9,,8.4,6.5,,9.6,6,,,,,1.2,,,,,,,,5.4,,,,,,,,,,,,43
BRE_2625_100,3.2,,4.2,2.3,,,,4.3,,,,,,,,,,,,6.4,,,,,,,,,,,,20.3
JAC_2397_011,3.5,,2.1,1.5,,,,,,,,0.6,,,,,,,,,,,,,,,,,,,,7.7
POL_2545_050,3.5,,2.1,3.6,,,,,,,,,,,,,,,,,,,,,,,,,,,,9.2
STJ_2616_073,2.2,,1.9,2,,,,,,,,,,,,,,,,,,,,,,,,,,,,6.2
BAY_2570_043,1.7,,3.4,1.4,,,,,,,,,,,,,,,,,,,,,,,,,,,,6.5
POL_2544_049,9,,3.6,8.5,,9.1,,,,,,,,,,,,,,6,,,,,,,,,,,,36.1
GUL_2622_031,1.9,,2.7,1.4,,,,,,,,,,,,,,,,,,,,,,,,,,,,6
PIN_2604_143,4,1.8,16.6,3.2,,,4.4,,,,2.9,2.6,,,,,,,,4.7,,1.6,,,,,,,,,,41.9
ALC_2522_100,32.4,6.5,29,20.6,,43.6,20.3,7.3,,,4.7,5.1,,,,,,,,11.1,,,,,,,,,,,,180.8
HIG_2513_017,9.4,,3.9,8,,9.7,3.7,,,,,,,,,,,,,4.5,,,,,,,,,,,,39.2
PIN_2495_136,18.8,,5.5,9.4,,15.9,,,,,,,,,,,,,,7,,,,,,,,,,,,56.6
HIG_2516_020,7.2,,11,5.3,,8.8,6.7,8.1,,,,,,,,,,,,10.4,,,,,,,,,,,,57.4
WAK_2565_026,1.4,,,1.7,,,,,,,,,,,,,,,,,,,,,,,,,,,,3.1
BAY_2519_038,3.8,,,1.8,,,,,,,,,,,,,,,,,,,,,,,,,,,,5.6
PUT_2506_016,2.9,,2.1,3.3,,,,,,,,,,,,,,,,,,,,,,,,,,,,8.3
HIL_2440_092,,,,1.1,,,,,,,,,,,,,,,,,,,,,,,,,,,,1.1
LAK_2504_047,4,,,4.7,,,,,,,,,,,,,,,,,,,,,,,,,,,,8.7
PIN_2493_134,5.2,,18.7,4.4,,10.3,4.5,,,,,,,,,,,,,5.6,,,,,,,,,,,,48.9
POL_2526_031,3.9,,,2.8,,,,,,,,,,,,,,,,,,,,,,,,,,,,6.7
POL_2551_056,2.4,,,4.4,,,,,,,,,,,,,,,,,,,,,,,,,,,,6.9
HIL_2442_094,4,,2.9,4,,,,,,,,,,,,,,,,,,,,,,,,,,,,10.9
OSC_2600_032,3.3,,,3.2,,,,,,,,,,,,,,,,,,,,,,,,,,,,6.6
HIG_2515_019,9,,8,11.3,,8.5,5,9.3,,,,,,,,,,,,8.8,,,,,,,,,,,,60
HIL_2443_095,7,,3.9,3.9,,,,,,,,0.8,,,,,,,,,,,,,,,,,,,,15.5
WAK_2406_020,,,,1.6,,,,,,,,,,,,,,,,,,,,,,,,,,,,1.6
LEO_2401_020,1.4,,,0.8,,3.1,,,,,,,,,,,,,,,,,,,,,,,,,,5.3
PIN_2496_137,5.4,,5.2,4.3,,,3.1,,,,,,,,,,,,,,,,,,,,,,,,,17.9
GUL_2393_017,2.5,,,1,,,,,,,,,,,,,,,,,,,,,,,,,,,,3.5
PUT_2511_021,2.6,,,2.1,,,,,,,,,,,,,,,,,,,,,,,,,,,,4.7
MTE_2329_049,1.9,,,2.4,,,,,,,,,,,,,,,,,,,,,,,,,,,,4.3
PAS_2621_034,1.9,,,2.5,,,,,,,,,,,,,,,,,,,,,,,,,,,,4.4
HIG_2524_024,2.9,,1.5,2.3,,,,,,,,,,,,,,,,,,,,,,,,,,,,6.7
OSC_2525_030,3.7,,,4,,,,,,,,,,,,,,,,,,,,,,,,,,,,7.7
HIG_2514_018,7,,5.2,5.6,1.1,,2.6,,,,,,,,,,,,,,,,,,,,,,,,,21.5
POL_2537_042,9.8,,4.3,7.4,,7.2,5,4.2,,,,,,,,,,,,4.5,,,,,,,,,,,,42.4
HIG_2320_014,2.5,,,2.3,,5,,,,,,,,,,,,,,,,,,,,,,,,,,9.7
HIG_2321_015,7.3,,4.4,6.8,,8.1,4.4,,,,,,,,,,,,,,,,,,,,,,,,,31
WAK_2481_024,1.6,,2.6,1.1,,,,,,,,,,,,,,,,,,,,,,,,,,,,5.3
SAN_2459_044,2.1,,2.6,1.3,,,,,,,,,,,,,,,,,,,,,,,,,,,,5.9
ORA_2330_077,3.1,,,3.4,,,3.2,,,,,,,,,,,,,,,,,,,,,,,,,9.6
POL_2333_028,4.4,,,7.4,,,,,,,,,,,,,,,,,,,,,,,,,,,,11.8
VOL_2472_055,3.5,,2,3.8,,,,,,,,,,,,,,,,4.6,,,,,,,,,,,,13.9
VOL_2473_056,3.6,,3.1,13.7,,,,,,,,,,,,,,,,,,,,,,,,,,,,20.3
SEM_2463_026,5.2,,3.6,5.6,,8.8,5.2,,,,,,,,,,,,,4.6,,,,,,,,,,,,33
SEM_2464_027,7.7,,4.1,10,,5.8,5.1,,,,,,,,,,,,,,,,,,,,,,,,,32.7
VOL_2476_059,3.3,,2.3,3.4,,,,,,,,,,,,,,,,,,,,,,,,,,,,9
ORA_2459_080,9.9,,8.4,8.7,,9.6,5.1,,,,,1.3,,,,,,,,7.2,,,,,,,,,,,,50.2
HIL_2446_098,3.1,,2.1,3.5,,,,,,,,,,,,,,,,,,,,,,,,,,,,8.8
HIL_2445_097,2.4,,2.2,3.5,,,,,,,,,,,,,,,,,,,,,,,,,,,,8.1
POL_2546_051,3.3,,,3.4,,,,,,,,,,,,,,,,,,,,,,,,,,,,6.7
ALC_2623_101,23.6,20,62.4,6.7,3,39,25.5,55.1,,14.3,,,,,,,,,,63.3,,1.3,,,,,,,,,,314.1
STJ_2615_072,2.9,,3.1,3.5,,,,,,,,,,,,,,,,,,,,,,,,,,,,9.5
POL_2532_037,10,,11.9,11.2,,11.4,6.8,,,,,0.9,,,,,,,,9.6,,,,,,,,,,,,61.8
BAY_2568_041,1.9,,,1.2,,,,,,,,,,,,,,,,,,,,,,,,,,,,3.1
UNI_2618_009,2,,,1,,,,,,,,,,,,,,,,,,,,,,,,,,,,3
HIL_2590_102,4.9,,13.2,3.6,,,,5.1,,,,0.9,,,,,,,,7.3,,,,,,,,,,,,35.1
LAF_2413_005,1.5,,,,,,,,,,,,,,,,,,,,,,,,,,,,,,,1.5
CAH_2382_004,1.3,,,,,,,,,,,,,,,,,,,,,,,,,,,,,,,1.3
WAK_2408_022,1.2,,,,,,,,,,,,,,,,,,,,,,,,,,,,,,,1.2
LEO_2559_024,1.6,,,,,,,,,,,,,,,,,,,,,,,,,,,,,,,1.6
FLG_2488_026,1.1,,,,,,,,,,,,,,,,,,,,,,,,,,,,,,,1.1
JAC_2396_010,1.4,,,,,,,,,,,,,,,,,,,,,,,,,,,,,,,1.4
BRE_2484_095,1.8,,,,,,,,,,,,,,,,,,,,,,,,,,,,,,,1.8
SUW_2563_012,1.7,,1.4,,,,,,,,,,,,,,,,,,,,,,,,,,,,,3.1
PIN_2499_140,1.7,,,,,,,,,,,,,,,,,,,,,,,,,,,,,,,1.7
VOL_2339_052,2.9,,,,,,,,,,,,,,,,,,,,,,,,,,,,,,,2.9
JAC_2325_007,1.4,,,,,,,,,,,,,,,,,,,,,,,,,,,,,,,1.4
VOL_2470_053,1.5,,1.5,,,,,,,,,,,,,,,,,,,,,,,,,,,,,3
SAN_2460_045,3.9,,3.3,,,,,,,,,,,,,,,,,,,,,,,,,,,,,7.2
WAL_2340_021,1.6,,,,,,,,,,,,,,,,,,,,,,,,,,,,,,,1.6
DIX_2409_018,1.4,,,,,,,,,,,,,,,,,,,,,,,,,,,,,,,1.4
TAY_2420_010,1,,,,,,,,,,,,,,,,,,,,,,,,,,,,,,,1
SUW_2563_012,1.6,,,,,,,,,,,,,,,,,,,,,,,,,,,,,,,1.6
ORA_2599_082,1.5,,,,,,,,,,,,,,,,,,,,,,,,,,,,,,,1.5
SAN_2610_048,44.7,1.6,32.9,3.3,4.8,17.4,7.4,46,,18.3,,,,,,,,1.6,,41.1,,,,,,,,,,,,219.2
POL_2608_060,14.6,,7.6,9.2,,11.5,10.1,9.7,,,,,,,,,,1.9,,8.5,1.6,,,,,,,,,,,74.7
VOL_2478_061,4,,4.9,4.1,,4.1,4.8,,,,,,,,,,,,,4.6,,,,,,,,,,,,26.5
DAD_2354_114,1.9,2.2,22.9,1.5,,,,,,,,0.8,,,,,,,,,,,,,,,,,,,,29.4
LIB_2404_002,4.1,,2,2.1,,,2.5,,,,,,,,,,,,,,,,,,,,,,,,,10.6
HIL_2365_077,3.4,,2.6,5.1,,,5.6,,,,,,,,,,,,,,,,,,,,,,,,,16.7
HIL_2376_088,4.2,1.9,3.7,5.2,,6.5,3.4,,,,,1.3,,,,,,,,,,,,,,,,,,,,26.2
GUL_2389_013,2.6,,,1.2,,,,,,,,,,,,,,,,,,,,,,,,,,,,3.7
BRE_2437_091,6.8,4,45.6,3.8,,5.8,4.9,13.5,,,3.9,4.3,,,,,,,,13,,1.5,,,,,,,,,,107.1
DUV_2259_058,4.5,1.9,4.7,5.2,,6.5,4.3,6.7,,,,,,,,,,,,7.6,,,,,,,,,,,,41.3
DAD_2355_115,2.4,,2.5,0.7,,1.5,2.2,,,,,1.2,,,,,,,,,,,,,,,,,,,,10.5
DUV_2257_056,2.6,,2.3,2.3,,,,,,,,,,,,,,,,,,,,,,,,,,,,7.2
HIL_2377_089,9.6,,3.1,5,,9.3,7.6,,,,,,,,,,,,,,,,,,,,,,,,,34.5
HIL_2366_078,1.6,,1.4,2.4,,,,,,,,,,,,,,,,,,,,,,,,,,,,5.4
HIL_2368_080,1.6,,1.8,1.6,,,,,,,,,,,,,,,,,,,,,,,,,,,,5
DAD_2299_092,5.5,1.9,7.6,3.7,,15.1,12.1,,,,,,,,,,,,,,,,,,,,,,,,,45.9
HIL_2370_082,3.3,,,3.5,,4.5,1.6,,,,,,,,,,,,,,,,,,,,,,,,,12.9
LEO_2402_021,1.9,,1.9,3.9,,,,,,,,,,,,,,,,,,,,,,,,,,,,7.7
HIL_2367_079,1.8,,1.7,2.3,,,,,,,,,,,,,,,,,,,,,,,,,,,,5.8
BRO_2358_068,4.1,,4.5,3.4,,,5.3,,,,,,,,,,,,,,,,,,,,,,,,,17.3
DAD_2344_104,10.5,2.7,18.3,15.4,,11.5,7.7,7.2,,,,1.4,,,,,,,,7.7,,,,,,,,,,,,82.3
BRE_2482_093,2.1,1.9,8,1.9,,,,,,,,1.3,,,,,,,,,,,,,,,,,,,,15.2
PAS_2380_031,4.8,,,2.7,,,4.2,,,,,,,,,,,,,,,,,,,,,,,,,11.7
DAD_2296_089,6.7,,10.1,14.9,,5.1,5,5.8,,,,,,,,,,,,4.4,,,,,,,,,,,,52.1
DUV_2263_062,6.6,,7.7,6.2,,,3.8,,,,,,,,,,,,,6.3,,,,,,,,,,,,30.5
HIL_2374_086,3.2,,2.3,4.2,,,4.2,,,,,,,,,,,,,,,,,,,,,,,,,14
DAD_2356_116,2.1,,4.1,2.1,,4.2,3.7,,,,,,,,,,,,,,,,,,,,,,,,,16.1
BRE_2433_087,7,3.9,19.1,3.6,,6.2,5.8,10.7,,,,1.4,,,,,,,,7.5,,,,,,,,,,,,65.2
PIN_2498_139,2.1,,,1.4,,,,,,,,,,,,,,,,,,,,,,,,,,,,3.5
DAD_2345_105,7.6,2.5,8.7,5.6,,15.3,6.3,7.3,,,,1.3,,,,,,,,6.2,,,,,,,,,,,,60.7
DUV_2266_065,4.1,,5.5,3.6,,,,8.7,,,,,,,,,,,,7.3,,,,,,,,,,,,29.1
DUV_2264_063,2,,,3.2,,,,,,,,,,,,,,,,,,,,,,,,,,,,5.2
DUV_2269_067,9.3,2.4,12.4,9.4,,12.6,7.8,19.2,,,,,,,,,,,,19.1,,,,,,,,,,,,92.3
HIL_2378_090,6.3,,4.1,7.3,,,,,,,,,,,,,,,,,,,,,,,,,,,,17.7
CAH_2381_003,3.6,,1.9,2.7,,,2.7,,,,,,,,,,,,,,,,,,,,,,,,,10.8
CAH_2384_006,4.4,,2.2,2.5,,3,3,,,,,,,,,,,,,,,,,,,,,,,,,15
HIL_2364_076,3.8,,2.9,4.1,,,,,,,,,,,,,,,,,,,,,,,,,,,,10.8
DUV_2260_059,4,,3.9,3.9,,,,7.4,,,,,,,,,,,,6.2,,,,,,,,,,,,25.5
IDR_2449_026,1.9,,,1.4,,,,,,,,,,,,,,,,,,,,,,,,,,,,3.4
HIL_2369_081,4.6,,4.2,4,,,,,,,,,,,,,,,,,,,,,,,,,,,,12.8
STL_2468_022,8.1,,6.2,10.6,,8,4.7,,,,,0.8,,,,,,,,5.1,,,,,,,,,,,,43.6
STL_2469_023,11.8,2.6,4.2,12.8,,7.4,8,,,,,,,,,,,,,,,,,,,,,,,,,46.8
IDR_2451_028,1.7,,,1.4,,,,,,,,,,,,,,,,,,,,,,,,,,,,3.1
BRO_2314_064,5.7,3.4,40.8,5.8,,5.4,4.3,,,,7.8,7.2,,,,,,,,,,1.9,,,,,,,,,,82.5
MRT_2454_055,1.9,,,2.2,,,,,,,,,,,,,,,,,,,,,,,,,,,,4.1
STL_2465_019,2.3,,8.3,2.4,,,,,,,,,,,,,,,,,,,,,,,,,,,,13
BRE_2431_085,9.6,,9.9,7.6,,7.3,7.3,10.2,,,,,,,,,,,,9.8,,,,,,,,,,,,61.9
DAD_2298_091,1.5,,1.3,2,,2,,,,,,,,,,,,,,,,,,,,,,,,,,6.7
BRA_2229_005,2.2,1.5,,1.8,,,2.4,,,,,,,,,,,,,,,,,,,,,,,,,7.9
BRO_2316_066,6.1,2.6,16.5,3.9,,6.3,5,,,,,2.2,,,,,,,,4.7,,,,,,,,,,,,47.4
DAD_2306_099,10,2.6,14.8,8.5,,15.6,11.8,7.5,,,,1.1,,,,,,,,7.3,,,,,,,,,,,,79.2
CLA_2230_020,3,1.6,,2.8,,3.5,3.2,,,,,,,,,,,,,,,,,,,,,,,,,14.3
DAD_2353_113,2.3,,3.2,2.2,,4.4,3.9,,,,,,,,,,,,,,,,,,,,,,,,,16.1
DAD_2352_112,5.2,3.5,5.9,3.9,,14.8,12.1,,,,,,,,,,,,,,,,,,,,,,,,,45.2
DAD_2302_095,5,,16.9,3.9,,6.7,,,,,3.3,3.2,,,,,,,,,,,,,,,,,,,,38.9
DAD_2348_108,6.5,,10.9,6.4,,10.2,6.4,7.9,,,,,,,,,,,,4.8,,,,,,,,,,,,53
HIL_2447_099,4.1,,4,4.8,,,4.8,,,,,,,,,,,,,,,,,,,,,,,,,17.7
DAD_2347_107,10.3,2.6,12.8,11.1,,20.3,12.7,6.4,,,,1.2,,,,,,,,6.9,,,,,,,,,,,,84.2
STL_2466_020,1.1,,,1.7,,,,,,,,,,,,,,,,,,,,,,,,,,,,2.8
BRE_2434_088,3.7,1.9,6.6,3.3,,4.2,3.1,7.2,,,,,,,,,,,,7.3,,,,,,,,,,,,37.4
DAD_2351_111,2.5,1.3,3.7,1.9,,3.4,1.9,,,,,,,,,,,,,,,,,,,,,,,,,14.7
DAD_2343_103,4.3,1.7,3.9,3.8,,7.4,6.6,,,,,0.9,,,,,,,,,,,,,,,,,,,,28.6
BRE_2429_083,37.9,3.1,6.4,44.3,,102.7,11.8,11.9,,,3.8,3.8,,,,,,,,12.8,,,,,,,,,,,,238.5
ORA_2598_081,10.5,2.8,8.4,7.2,,11.4,6.2,,,,,0.9,,,,,,,,6.3,,,,,,,,,,,,53.7
PUT_2508_018,2.9,,1.6,3.2,,,,,,,,,,,,,,,,,,,,,,,,,,,,7.7
POL_2536_041,11.5,,8.5,10.7,,10.4,6.3,9,,,,1,,,,,,,,9.6,1.2,,,,,,,,,,,68.2
HIG_2518_022,7,,7.2,6.5,,6.1,4.4,,,,,,,,,,,,,5,,,,,,,,,,,,36.1
POL_2527_032,4.3,1.8,1.7,3,,,3.1,,,,,,,,,,,,,,,,,,,,,,,,,13.9
ORA_2626_084,12.5,3.8,9.9,10,3.8,10.6,7.2,7,,,,2.6,,,,,,,,6.6,3.3,1.6,,,,,,,,,,78.8
VOL_2477_060,3.2,,3.3,2.5,,,,,,,,,,,,,,,,5.6,,,,,,,,,,,,14.6
LEO_2634_026,2.8,,3.6,3.6,,,,,,,,1.8,,,,,,,,,,,,,,,,,,,,11.7
BRE_2574_097,2.5,,3.1,2.6,,,,,,,,,,,,,,,,4.9,,,,,,,,,,,,13.2
IDR_2593_032,2.5,,,4.3,,,,,,,,,,,,,,,,,,,,,,,,,,,,6.8
LIB_2596_003,1,,,1.1,,,,,,,,,,,,,,,,,,,,,,,,,,,,2.1
LEO_2633_025,1.1,,,2.1,,,,,,,,,,,,,,,,,,,,,,,,,,,,3.2
BRE_2435_089,4.7,,8.5,4.9,,5.9,5.1,,,,,,,,,,,,,10,,,,,,,,,,,,39
BRO_2359_069,4.4,2,5.4,2.8,,9.8,7.1,5.3,,,,1,,,,,,,,,,,,,,,,,,,,37.9
HIL_2373_085,3.7,,2.9,3.9,,,,,,,,,,,,,,,,,,,,,,,,,,,,10.5
SAR_2613_106,7.9,,4.9,6.2,,9.4,4.9,,,,,,,,,,,,,,,,,,,,,,,,,33.2
STL_2614_024,7.4,,5.7,6.9,,,,,,,,,,,,,,,,,,,,,,,,,,,,20
BRE_2436_090,4.9,,17.6,4.8,,7.1,6.5,18.5,,,,,,,,,,,,10.5,,,,,,,,,,,,69.9
SAR_2611_104,13,3.9,10.8,8.3,,12.3,6.7,6.3,,,,1.2,,,,,,,,6.8,,,,,,,,,,,,69.3
SAR_2612_105,7.9,,6.4,6,,12.5,,7.1,,,,1.2,,,,,,,,5.4,,,,,,,,,,,,46.6
DUV_2258_057,4.2,,17.2,3.5,,8.1,,11.3,,,2.9,2.9,,,,,,,,5.3,,,,,,,,,,,,55.3
HIL_2372_084,5.1,,3.8,7.6,,9.7,6.4,,,,,,,,,,,,,,,,,,,,,,,,,32.5
DAD_2346_106,7.7,2.6,13.7,7,,15.9,6.5,6.7,,,,1.3,,,,,,,,7.9,,,,,,,,,,,,69.5
BRO_2357_067,5.5,,9,3.6,,6.7,7,,,,,0.9,,,,,,,,,,,,,,,,,,,,32.8
HIL_2371_083,6.9,,4.9,6.2,,6.6,4.9,,,,,,,,,,,,,4.6,,,,,,,,,,,,34
VOL_2479_062,2.5,1.6,3.7,3,,2.7,2.7,5.5,,,,,,,,,,,,3.9,,,,,,,,,,,,25.6
DAD_2352_112,4.4,2.5,4.8,2.5,,16.6,9,,,,,0.8,,,,,,,,,,,,,,,,,,,,40.7
BRE_2573_096,5.7,,3.4,2,,8,,,,,,,,,,,,,,,,,,,,,,,,,,19
HIL_2363_075,3.4,,2.2,3.6,,,,,,,,,,,,,,,,,,,,,,,,,,,,9.2
HIL_2379_091,3.9,,3.7,5.4,,,,,,,,0.9,,,,,,,,,,,,,,,,,,,,13.9
DAD_2303_096,11.5,3,18.7,9.9,,16.7,6.5,7.2,,,2.9,3,,,,,,,,7,,,,,,,,,,,,86.4
GUL_2388_012,3.8,,2.2,2.2,,4.7,3.1,,,,,,,,,,,,,,,,,,,,,,,,,16
BAY_2571_044,1.8,,2.4,1,,,,,,,,,,,,,,,,,,,,,,,,,,,,5.2
DUV_2262_061,5.5,,2.1,,,,5.1,,,,,,,,,,,,,5.2,,,,,,,,,,,,17.9
BRE_2438_092,3.3,,,,,,,6.5,,,,,,,,,,,,6.4,,,,,,,,,,,,16.1
DUV_2265_064,2.2,,2.4,,,,,,,,,,,,,,,,,4.6,,,,,,,,,,,,9.2
LEO_2463_022,1.7,,,,,,,,,,,1,,,,,,,,,,1.5,,,,,,,,,,4.1
DUV_2269_068,1.3,,,,,,,,,,,,,,,,,,,,,,,,,,,,,,,1.3
GUL_2582_024,7.6,4.3,4.7,,,,,,,,,,,,,,,,,,,,,,,,,,,,,16.6
GUL_2578_020,1.2,,,,,,,,,,,,,,,,,,,,,,,,,,,,,,,1.2
DUV_2267_066,1.6,,2,,,,,,,,,,,,,,,,,,,,,,,,,,,,,3.6
HER_2361_010,1.2,,,,,,,,,,,,,,,,,,,,,,,,,,,,,,,1.2
GUL_2588_030,1.6,,,,,,,,,,,,,,,,,,,,,,,,,,,,,,,1.6
IDR_2592_031,1.1,,,,,,,,,,,,,,,,,,,,,,,,,,,,,,,1.1
GUL_2387_011,1,,,,,,,,,,,,,,,,,,,,,,,,,,,,,,,1
JAC_2394_008,1.9,,,,,,,,,,,,,,,,,,,,,,,,,,,,,,,1.9
NAS_2270_045,1.5,,,,,,,,,,,,,,,,,,,,,,,,,,,,,,,1.5
GUL_2580_022,1.8,,,,,,,,,,,,,,,,,,,,,,,,,,,,,,,1.8
JEF_2452_005,1,,,,,,,,,,,,,,,,,,,,,,,,,,,,,,,1
JEF_2453_006,1.3,,,,,,,,,,,,,,,,,,,,,,,,,,,,,,,1.3
CLA_2231_021,1.1,,,,,,,,,,,,,,,,,,,,,,,,,,,,,,,1.1
STL_2467_021,1.6,,,,,,,,,,,,,,,,,,,,,,,,,,,,,,,1.6
GUL_2583_025,0.9,,,,,,,,,,,,,,,,,,,,,,,,,,,,,,,0.9
HER_2360_009,1.4,,,,,,,,,,,,,,,,,,,,,,,,,,,,,,,1.4
GUL_2576_018,1.3,,,,,,,,,,,,,,,,,,,,,,,,,,,,,,,1.3
HER_2362_011,2.1,,,,,,,,,,,,,,,,,,,,,,,,,,,,,,,2.1
NAS_0206_005,4.5,1,5.4,,,,3.2,,,,,1.7,,,,,,,,,,,,39.5,,,,,,,,55.2
NAS_0198_001,2.8,0.7,4.8,6.3,,4.3,3.2,,,,,,,,,,,3,,12.6,,,,,,,,,,,,37.6
LEE_0066_025,2.2,,,4.6,,2.3,,,,,,,,,,,,,,,,,,,,,,,,,,9.1
LEE_1873_036,6.7,1.4,10.8,10.1,,6.1,5.5,,,,,2,,,,,,,,,,,,,,,,,,,,42.5
BRA_0811_001,3.3,1,,5.2,,3.1,3.4,,,,,,,,,,,,,,,,,,,,,,,,,16
BRA_1622_003,3.7,0.9,4.2,6.5,,4.5,3.4,,,,,,,,,,,,,,,,,,,,,,,,,23.2
BRA_1682_004,4,0.9,,7.3,,5,3.7,,,,,,,,,,,,,10.7,,,,,,,,,,,,31.6
NAS_0536_009,6.5,0.8,6.7,6.7,,4.3,5.2,,,,,,,,,,,,,,,,,,,,,,,,,30.2
NAS_2178_038,4.5,0.8,,6.4,,8.3,4.5,,,,,,,,,,,,,,,,,,,,,,,,,24.5
LEO_1381_011,4.7,0.9,,15.8,10.9,5.7,4.6,,,,,,,,,,,,,,,,,,,,,,,,,42.5
LEO_1390_014,2.5,,,5,,2.7,2.8,,,,,,,,,,,,,,,,,,,,,,,,,13
LEO_1579_016,3.5,0.7,,7.2,,4.4,3.4,,,,,1.5,,,,,,,,,,,,,,,,,,,,20.7
CLA_1127_004,4.9,1,5.6,8,,5.6,4.7,,,,,,,,,,,,,12.8,,,,,,,,,,,,42.6
CLA_1130_007,7.6,1.2,20.9,6.7,11.8,6,5.9,27.5,,13.3,,,,,,,,,,30.9,,,,,,,,,,,,131.9
CLA_1135_010,4.9,1,5,6.8,,5.5,4.4,,,,,,,,,,,,,11.7,,,,,,,,,,,,39.3
CLA_1185_015,4.4,1.7,11.2,7,,5.3,4.6,12.6,,,,1.7,,,,,,,,14.7,,,,,,,,,,,,63.2
GUL_1445_002,4,0.8,4.3,7.6,,3.9,3.8,,,,,,,,,,,,,,,,,,,,,,,,,24.4
GUL_1448_005,13.1,2,15.5,12.8,,8.7,8.1,,,,,2,,,,,,,,16.6,,,,,,,,,,,,78.8
CLM_1830_005,2.3,0.7,,4.3,,,,,,,,,,,,,,,,,,,,,,,,,,,,7.2
CLM_2146_015,2.7,0.6,,4.9,,,,,,,,,,,,,,,,,,,,,,,,,,,,8.2
LEE_0026_002,7,2.5,12.8,9.7,,5.8,5.2,,,,,3.1,,,,,,,,,,,,,,,,,,,,46.1
LEE_0034_005,4.7,1.2,4.7,6.6,,4.5,3.7,,,,,,,,,,,,,,,,,,,,,,,,,25.3
LEE_0037_008,5.9,1.2,10.4,14.3,,21.8,10.7,,,,,2.1,,,,,,,,,,,,,,,,,,,,66.5
WAK_1388_008,2.9,,4.2,4.9,,2.7,,,,,,,,,,,,,,,,,,,,,,,,,,14.8
LEE_0040_010,5.8,1.1,8.3,9.7,,7.4,4.9,,,,,1.6,,,,,,,,11.8,,,,,,,,,,,,50.6
LEE_0045_015,5.1,1.2,5.6,8.5,,5,4.3,,,,,1.6,,,,,,,,,,,,,,,,,,,,31.3
LEE_0051_019,3.1,0.7,4.6,5.8,,3.5,3.2,,,,,,,,,,,,,,,,,,,,,,,,,20.9
LEE_1891_039,14.7,2.8,10.3,10.5,,6.4,7.8,,,,,1.5,,,,,,,,,,,,,,,,,,,,53.9
LEE_1952_043,2.9,,,5.5,,3,3,,,,,,,,,,,,,,,,,,,,,,,,,14.4
LEE_1972_051,4,0.6,,7.7,,5.4,4.8,,,,,,,,,,,,,,,,,,,,,,,,,22.5
LEE_1973_052,3.7,0.6,,6.8,,5,4.6,,,,,,,,,,,,,,,,,,,,,,,,,20.7
NAS_0195_012,10.4,2.3,12.3,,8.9,11.6,7.6,16,,,,1.9,,,,,,,,18.5,,,,,,,,,,,,89.7
LEE_1871_034,4.4,1,5.6,,,3.3,,,,,,1.6,,,,,,,,,,,,,,,,,,,,15.9
NAS_0209_007,4.3,1.2,6.1,,,3.7,3.3,,,,,,,,,,,,,,,,,,,,,,,,,18.7
NAS_0538_011,7.2,,10.3,,,4.4,3.9,,,,,,,,,,,,,,,,,,,,,,,,,25.9
NAS_2149_017,2.2,,,,,2.6,,,,,,,,,,,,,,,,,,,,,,,,,,4.9
NAS_2150_018,2.1,,,,,2.2,,,,,,,,,,,,,,,,,,,,,,,,,,4.3
NAS_2155_023,2.2,,,,,2.5,,,,,,,,,,,,,,,,,,,,,,,,,,4.7
NAS_2182_041,5,0.7,,,,4.4,4.7,,,,,,,,,,,,,,,,,,,,,,,,,14.8
LEO_0733_003,3.9,0.9,3.5,,,5.3,3,,,,,2.2,1.1,,,,,,,,,,,,,,,,,,,19.9
LEO_0735_005,3,0.9,3.6,,,4.4,2.8,,,,,2.1,1.4,,,,,,,,,3.1,,,,,,,,,,21.3
GUL_1449_006,2.6,,,,,2.7,,,,,,1.8,,,,,,,,,,,,,,,,,,,,7
GUL_1454_008,2.5,,,,,2.3,,,,,,1.6,,,,,,,,,,,,,,,,,,,,6.4
CLM_0082_013,21,6.2,38.2,,,20.5,17.6,22.1,,10.6,,1.8,,,,,,,,32.3,,,,,,,,,,,,170.2
NAS_0537_010,3.8,,,,,,,,,,,,,,,,,,57.6,,,,,,,,,,,,,61.3
NAS_0196_013,4.1,0.8,4.4,,,,3.8,,,,,,,,,,,,,,,,,,,,,,,,,13.1
LEO_0737_007,2.4,0.7,,,,,2.8,,,,,,,,,,,,,,,,,,,,,,,,,5.8
WAK_1840_013,2.1,0.6,,,,,,,,,,,,,,,,,,,,,,,,,,,,,,2.7
NAS_0203_002,2.3,0.6,,,,,,,,,,,,,,,,,,,,,,,,,,,,,,3
NAS_0204_003,2.2,,,,,,,,,,,,,,,,,,,,,,,,,,,,,,,2.2
NAS_0205_004,2.6,,,,,,,,,,,,,,,,,,,,,,,,,,,,,,,2.6
CAH_1608_001,2,,,,,,,,,,,,,,,,,,,,,,,,,,,,,,,2
NAS_0197_014,3,0.7,,,,,,,,,,,,,,,,,,,,,,,,,,,,,,3.7
NAS_2148_016,2.2,,,,,,,,,,,,,,,,,,,,,,,,,,,,,,,2.2
NAS_2153_021,3.1,0.8,,,,,,,,,,,,,,,,,,,,,,,,,,,,,,3.9
WAK_0119_017,2.2,0.7,,,,,,,,,,,,,,,,,,,,,,,,,,,,,,2.9
NAS_2157_025,3,0.7,,,,,,,,,,,,,,,,,,,,,,,,,,,,,,3.6
NAS_2160_027,2.5,0.6,,,,,,,,,,,,,,,,,,,,,,,,,,,,,,3.1
NAS_2162_029,2.7,,,,,,,,,,,,,,,,,,,,,,,,,,,,,,,2.7
NAS_2164_031,3,0.8,,,,,,,,,,,,,,,,,,,,,,,,,,,,,,3.7
NAS_2172_034,2.4,0.6,,,,,,,,,,,,,,,,,,,,,,,,,,,,,,3
LEO_1377_009,2.4,0.6,,,,,,,,,,,,,,,,,,,,,,,,,,,,,,3
TAY_0117_001,3.6,,,,,,,,,,,2.4,,,,,,,,,,,,,,,,,,,,6
CLA_0552_001,2.9,,4.1,,,,,,,,,,,,,,,,,,,,,,,,,,,,,7
WAK_1836_011,2.1,,,,,,,,,,,,,,,,,,,,,,,,,,,,,,,2.1
LEE_1717_032,2.5,0.7,,6,,3.2,,,,,,,,,,,,,,,,,,10,,,,,,,,22.3
SUM_0294_002,2.9,,,7.8,,2.6,,,,,,,,,,,,3,,,,,,,,,,,,,,16.4
SUM_0353_004,2.5,,,,,,,,,,,,,1,,,,3.1,,,,,,,,,,,,,,6.6
SUM_0766_008,4,,,7.2,,4.4,3.5,,,,,,,,,,,3.3,,,,,,,,,,,,,,22.4
SUM_0767_009,3.5,,,6.9,,3.5,3,,,,,,,,,,,3.3,,,,,,,,,,,,,,20.3
CLM_0080_011,8.2,3.1,18.5,11.9,10,13.8,9.5,25.4,,,,,,,,,,5.5,,35,,,,,,,,,,,,140.9
LEE_0041_011,10.6,1.6,31.1,14.7,10,12.4,7.7,14,,10.2,,2.4,,,,,,5.3,,21.4,,,,,,,,,,,,141.3
LEE_1970_049,4.2,0.9,,8.1,,5.8,5.1,,2.4,,,1.7,1.5,,,,,3.1,,,,3.8,,,,,,,,,,36.6
LEE_1872_035,6.1,1.1,5.5,8.3,,6.1,5.1,,,,,,,,,,,,,,,,,,,,,,,,,32.2
LEE_1874_037,10.8,4.2,35.3,11.5,,7.2,5.8,,,,,3.3,,,,,,,,,,,,,,,,,,,,78
LEE_1890_038,5.7,0.9,6.5,11.1,,5.4,4,,,,,,,,,,,,,,,,,,,,,,,,,33.4
UNI_0443_005,3.5,0.9,4.7,6.4,,3.4,3.5,,,,,,,,,,,,,,,,,,,,,,,,,22.3
UNI_0445_007,3.6,0.7,,6.2,,4.1,3.6,,,,,,,,,,,,,,,,,,,,,,,,,18.1
SUM_0765_007,11.4,0.6,6.4,9.4,,10.6,7.2,,,,,,,,,,,,,11.8,,,,,,,,,,,,57.3
SUM_1050_010,5.6,1,,10,,6.8,5.5,,,,,,,,,,,,,,,,,,,,,,,,,29
SUM_1051_011,7.8,1.1,,9.5,,11.2,6.9,,,,,,,,,,,,,,,,,,,,,,,,,36.5
SUM_1052_012,3.7,0.7,,8.1,,5.5,4.3,,,,,,,,,,,,,,,,,,,,,,,,,22.3
SUM_1053_013,7.1,0.9,6.2,9.4,,11,5.9,,,,,,,,,,,,,,,,,,,,,,,,,40.5
CLM_1161_002,2.5,0.7,,5.5,,,,,,,,,,,,,,,,,,,,,,,,,,,,8.7
CLM_0078_009,9.4,1.5,9,11.5,,9.1,,11.1,,,,2.3,,,,,,,,13.6,,,,,,,,,,,,67.4
CLM_0079_010,9.1,1.2,7,7.5,,8.6,,10.8,,,,2.7,,,,,,,,13,,,,,,,,,,,,60
CLM_0081_012,5.3,0.9,5.4,5.9,,8.7,,10.2,,,,,,,,,,,,11.9,,,,,,,,,,,,48.2
LEE_0021_001,3.1,,,6.1,,3.1,,,,,,,,,,,,,,,,,,,,,,,,,,12.2
LEE_0033_004,3.9,0.7,4.7,7.5,,4.5,3.6,,,,,,,,,,,,,,,,,,,,,,,,,24.9
LEE_0039_009,8.4,1.4,17.2,11.5,8.9,7.3,5.8,17.2,,9.6,,,,,,,,,,17.5,,,,,,,,,,,,104.9
LEE_0042_012,5.1,1.3,5.1,9.7,8.8,10.1,4.8,,,,,1.8,,,,,,,,,,,,,,,,,,,,46.6
LEE_0043_013,3.9,0.9,,8.5,,4.2,3.7,,,,,2.2,,,,,,,,,,,,,,,,,,,,23.5
LEE_0044_014,12.2,2,16.4,19.6,10.2,15.6,9.2,13.2,,,,2.7,,,,,,,,20.1,,,,,,,,,,,,121.3
LEE_0046_016,7.2,1.7,9.9,10.4,,7.6,5.2,,,,,2.7,1.6,,,,,,,11.3,,,,,,,,,,,,57.7
LEE_0049_017,4.9,0.9,5.2,7.4,,4.4,,,,,,,,,,,,,,,,,,,,,,,,,,22.9
LEE_0053_021,3,0.7,,5.3,,3,,,2.3,,,,,,,,,,,,,,,,,,,,,,,14.3
LEE_0058_022,2.6,,,5.6,,2.7,,,,,,,,,,,,,,,,,,,,,,,,,,10.9
LEE_0059_023,5.3,1,5.9,11.3,,6.7,4.1,,,,,2,,,,,,,,,,3.9,,,,,,,,,,40.2
LEE_0060_024,3,,,6.7,,3,,,,,,,,,,,,,,,,,,,,,,,,,,12.7
LEE_0068_027,2.2,,,4.6,,2.3,,,,,,,,,,,,,,,,,,,,,,,,,,9.1
LEE_0473_029,2.8,0.8,3.9,6,,,,,,,,,,,,,,,,,,,,,,,,,,,,13.5
LEE_0474_030,6.4,1.4,6.1,10,9.6,8.2,4.9,,2.3,,,2.1,2,,,4.2,,,,,,3.8,,,,,,,,,,60.9
LEE_1716_031,2.8,0.8,,6.1,,3.2,,,,,,,,,,,,,,,,,,,,,,,,,,12.9
LEE_1718_033,3.1,,,6.8,,4,3.1,,,,,,,1,,,,,,,,,,,,,,,,,,18
LEE_1947_040,2.4,0.6,,5,,2.6,,,,,,,,,,,,,,,,,,,,,,,,,,10.6
LEE_1948_041,2.4,,,5.1,,2.7,,,,,,,,1,,,,,,,,,,,,,,,,,,11.2
LEE_1950_042,2.1,,,4.5,,2.4,,,,,,,,,,,,,,,,,,,,,,,,,,9
LEE_1953_044,2.2,,,4.9,,2.5,,,,,,,,,,,,,,,,,,,,,,,,,,9.6
LEE_1955_046,2.3,0.6,,4.9,,2.4,,,,,,,,,,,,,,,,,,,,,,,,,,10.2
LEE_1957_047,2.8,0.7,,5.2,,2.8,,,,,,,,,,,,,,,,,,,,,,,,,,11.5
LEE_1961_048,4.5,0.9,5.1,7.4,,4.3,3.7,,2.1,,,,,,,,,,,,,,,,,,,,,,,28
LEE_1971_050,4.5,0.8,4.6,8.2,,5.8,4.8,,,,,1.5,,,,,,,,,,,,,,,,,,,,30.1
LEE_2046_054,7.3,1.2,9,9.4,,6.1,5.5,,,,,1.5,,,,,,,,,,,,,,,,,,,,39.9
LEE_2047_055,2.5,0.6,4.2,5.4,,2.7,,,,,,,,,,,,,,,,,,,,,,,,,,15.5
LEE_0055_056,4,0.7,,7.5,,3.7,3.6,,,,,,,,,,,,,,,,,,,,,,,,,19.5
UNI_0440_002,2.1,,,,,2.7,,,,,,,,,,,,,,,,,,,,,,,,,,4.8
UNI_0444_006,3.1,0.8,4.3,,,2.6,3,,,,,,,,,,,,,,,,,,,,,,,,,13.9
WAK_1374_006,2.6,,3.9,,,2.5,,,,,,1.6,,,,,,,,,,,,,,,,,,,,10.6
LEE_0050_018,2.1,,,,,2.1,,,,,,,,,,,,,,,,,,,,,,,,,,4.3
LEE_1954_045,1.9,,,,,2.1,,,,,,,,,,,,,,,,,,,,,,,,,,4
WAK_0122_001,2.1,,,,,,,,,,,,,,,,,,,,,,,,,,,,,,,2.1
WAK_1853_015,2.1,,,,,,,,,,,,,,,,,,,,,,,,,,,,,,,2.1
WAK_0118_016,2.3,1,,,,,,,,,,,,,,,,,,,,,,,,,,,,,,3.4
WAK_0120_018,2,0.6,,,,,,,,,,,,,,,,,,,,,,,,,,,,,,2.5
UNI_0439_001,2.4,0.8,,,,,,,,,,,,,,,,,,,,,,,,,,,,,,3.2
UNI_0442_004,2,,,,,,,,,,,,,,,,,,,,,,,,,,,,,,,2
WAK_1372_004,2.4,,,,,,,,,,,,,,,,,,,,,,,,,,,,,,,2.4
SUM_0354_005,2.6,,,,,,,,,,,,,,,,,,,,,,,,,,,,,,,2.6
SUM_0764_006,2.9,,,,,,,,,,,,,,,,,,,,,,,,,,,,,,,2.9
WAK_1373_005,2.6,1,,,,,,,,,,2,,,,4.6,,,,,,3.8,,,4.4,,,,,,,18.4
CLM_1829_004,2.2,0.6,,,,,,,,,,,,,,,,,,,,,,,,,,,,,,2.8
CLM_1831_006,2.5,,,,,,,,,,,,,,,,,,,,,,,,,,,,,,,2.5
CLM_1832_007,2.6,0.7,,,,,,,,,,,,,,,,,,,,,,,,,,,,,,3.2
CLM_0077_008,2.7,0.7,,,,,,,,,,,,,,,,,,,,,,,,,,,,,,3.4
CLM_1437_014,2.6,0.8,,,,,,,,,,,,,,,,,,,,,,,,,,,,,,3.3
LEE_0032_003,2.5,0.7,,,,,,,,,,,,,,,,,,,,,,,,,,,,,,3.2
WAK_1837_012,2.3,0.9,4.6,,,,,,,,,,,,,,,,,,,,,,,,,,,,,7.8
LEO_0734_004,3.2,0.9,5.8,6.7,,,,,,,,2.2,3.7,,,,4.3,,,,,3.5,,,,,,,,,,30.2
CLA_0554_002,4.8,1,4.8,8.2,,4.9,3.9,,,,,1.6,,,,,,,,,,,,,,,,,,,,29.3
CLA_1128_005,4.5,0.9,5.6,7.7,,4.8,4.4,,,,,,,,,,,,,,,,,,,,,,,,,27.9
CLA_1129_006,8.5,1.3,22.5,7.9,11.8,8.4,5.9,27.9,,13,,,,,,,,,,33.3,,,,,,,,,,,,140.6
CLA_1133_008,11.9,2.4,10.7,12.4,9.2,11.3,8.6,16.9,,,,1.9,,,,,,,,20.3,,,,,,,,,,,,105.5
CLA_1134_009,4.1,0.8,,6.9,,5,3.9,,,,,,,,,,,,,,,,,,,,,,,,,20.7
CLA_1136_011,4.9,1,5.1,9,,6,4.7,,,,,1.5,,,,,,,,11.3,,,,,,,,,,,,43.6
CLA_1137_012,8.9,1.2,10.2,14.9,8.7,9.3,6.4,12.5,,,,1.6,,,,,,,,14.7,,,,,,,,,,,,88.4
CLA_1623_016,3.6,0.8,,5,,3.7,3.4,,,,,,,,,,,,,,,,,,,,,,,,,16.5
NAS_2156_024,20.1,0.8,7.7,,8.8,7.6,13.9,15,,,,,,,,,,,,15.9,,,,,,,,,,,,89.9
NAS_2154_022,4.2,0.7,5.6,,,3.6,3.5,,,,,,,,,,,,,,,,,,,,,,,,,17.5
CLA_1138_013,4.5,0.9,4.5,,,5,4,,,,,,,,,,,,,,,,,,,,,,,,,18.9
CLA_1184_014,4.8,1,5.1,,,5.1,3.9,,,,,,,,,,,,,,,,,,,,,,,,,19.9
GUL_1446_003,4.5,0.9,5.7,,,3.4,3.4,,,,,1.5,,,,,,,,,,,,,,,,,,,,19.2
NAS_2161_028,2.3,,,,,,,,,,,,,,,,,,22.6,,,,,,,,,,,,,24.8
NAS_2163_030,2.2,,,,,,,,,,,,,,,,,,19.1,,,,,,,,,,,,,21.3
CLA_1126_003,4.6,1,5.1,,,,3.8,,,,,,,,,,,,,,,,,,,,,,,,,14.5
GUL_1453_007,4.7,0.8,3.9,,,,3.7,,,,,,,,,,,,,,,,,,,,,,,,,13
NAS_2147_015,2.6,,4,,,,,,,,,,,,,,,,,,,,,,,,,,,,,6.6
NAS_2151_019,3,0.8,,,,,,,,,,,,,,,,,,,,,,,,,,,,,,3.7
NAS_2152_020,4.5,0.8,4.2,,,,,,,,,,,,,,,,,,,,,,,,,,,,,9.4
NAS_2158_026,3.2,0.7,,,,,,,,,,,,,,,,,,,,,,,,,,,,,,3.9
NAS_2169_033,2.7,0.8,3.9,,,,,,,,,,,,,,,,,,,,,,,,,,,,,7.5
NAS_2173_035,3.3,0.7,,,,,,,,,,,,,,,,,,,,,,,,,,,,,,4
NAS_2175_036,3.2,0.8,,,,,,,,,,,,,,,,,,,,,,,,,,,,,,3.9
NAS_2176_037,2.5,,,,,,,,,,,,,,,,,,,,,,,,,,,,,,,2.5
NAS_2179_039,2.5,0.7,,,,,,,,,,,,,,,,,,,,,,,,,,,,,,3.2
NAS_2180_040,3.8,0.7,,,,,,,,,,,,,,,,,,,,,,,,,,,,,,4.5
NAS_2184_042,3.3,,,,,,,,,,,,,,,,,,,,,,,,,,,,,,,3.3
LEO_0732_002,2.7,0.9,,,,,,,,,,,,,,,,,,,,,,,,,,,,,,3.6
LEO_0736_006,2.3,0.6,,,,,,,,,,1.4,,,,,,,,,,,,,,,,,,,,4.4
LEO_1375_008,2.5,0.7,,,,,,,,,,,,,,,,,,,,,,,,,,,,,,3.2
LEO_1380_010,2.3,0.6,,,,,,,,,,,,,,,,,,,,,,,,,,,,,,3
LEO_1385_012,2,,,,,,,,,,,,,,,,,,,,,,,,,,,,,,,2
LEO_1391_015,2.4,0.6,,,,,,,,,,,,,,,,,,,,,,,,,,,,,,3
GUL_1439_001,2.8,,,,,,,,,,,,,,,,,,,,,,,,,,,,,,,2.8
GUL_1447_004,4.8,1.3,4.8,,,,,,,,,,,,,,,,,,,,,,,,,,,,,10.9
GUL_1844_009,2.9,,,,,,,,,,,,,,,,,,,,,,,,,,,,,,,2.9
SAR_0017_003,3.7,1.7,4.5,,,,4.1,,,,,,,,,,,3.4,,,,,,,,,,,,,,17.4
SAR_0458_005,6.2,5.8,6.8,16.6,5.3,9.1,4.7,1.1,,,,,,,,,,3.7,,9.6,,2,,,,,,,,,,71
SAR_0619_047,7.5,2.3,6.3,9.5,,8.3,5.1,,,,,2.4,,,,,,4.2,,,,,,,,,,,,,,45.6
SAR_0621_049,8.2,2.4,7.4,8.1,,6.8,5.1,,,,,2.5,,,,,,2.5,,,,,,,,,,,,,,42.9
SAR_0622_050,4.4,1.6,4.7,6.5,4.8,4.7,3.5,,,,,,,,,,,2.3,,,,,,,,,,,,,,32.6
SAR_0624_052,6,2,5.1,,,6.6,4.5,,,,,2.3,,,,,,5.8,,,,2,,,,,,,,,,34.3
SAR_0625_053,5.3,5.2,5.9,9.8,,6,4.3,,,,,,,,,,,6.1,,,,,,,,,,,,,,42.6
SAR_1401_056,14.5,3.5,15.8,21.2,7.1,13.8,8.9,3.4,,,,4.2,,,,,,4.1,,14.6,,1.9,,,,,,,,,,113.1
SAR_2014_087,10.9,2.1,9,15.7,5,10.9,6.8,4.4,,,,2.6,,,,,,8.4,,10.9,,,,,,,,,,,,86.7
GAD_1379_003,2.5,1.5,3.8,,,,3,,1.8,,,,,,,,,2.7,,,,1.9,,,,,,,,,,17.3
GAD_1382_004,2.3,1.5,3.9,5.1,,,2.6,,,,,,,,,,,2.5,,,,,,,,,,,,,,17.8
MON_2118_098,2.4,,4.9,3.9,,1.8,,,,,,,,,,,,,,,,,,,,,,,,,,13
SAR_0571_007,2.8,1.6,4.1,3.8,,2.1,,,,,,,,,,,,,,,,,,,,,,,,,,14.4
SAR_0572_008,2.9,1.4,4.1,4.2,,2.5,2.7,,,,,,,,,,,,,,,,,,,,,,,,,17.8
SAR_0574_010,3.8,1.7,4.7,5,,2.9,2.9,,,,,,,,,,,,,,,,,,,,,,,,,21
SAR_0575_011,3.7,1.6,4.5,4.1,,3.1,3.1,,,,,,,,,,,,,,,1.8,,,,,,,,,,21.8
SAR_0576_012,3.9,1.7,5.5,4.2,,2.8,3,,,,,,,,,,,,,,,,,,,,,,,,,21
SAR_0577_013,3.9,1.7,4.9,4.3,,3.2,3.4,,,,,,,,,,,,,,,,,,,,,,,,,21.5
SAR_0578_014,3.7,1.4,5.2,5,,3.5,3.1,,,,,,,,,,,,,,,,,,,,,,,,,21.8
SAR_0581_017,3.2,1.5,3.8,3.5,,2.2,,,,,,,,,,,,,,,,,,,,,,,,,,14.2
SAR_0582_018,2.8,1.5,4.2,3.6,,2,,,,,,,,,,,,,,,,,,,,,,,,,,14.2
SAR_0584_020,2.4,1.4,,3.7,,1.7,,,,,,,,,,,,,,,,,,,,,,,,,,9.2
SAR_0586_022,2.7,1.4,3.9,4.8,,2.3,,,,,,,,,,,,,,,,,,,,,,,,,,15
SAR_0587_023,2.8,1.3,3.9,3.9,,2.4,,,,,,,,,,,,,,,,,,,,,,,,,,14.3
SAR_0588_024,2.2,,,3.7,,1.7,,,,,,,,,,,,,,,,,,,,,,,,,,7.7
SAR_0589_025,2.3,1.4,,3.6,,1.9,,,,,,,,,,,,,,,,,,,,,,,,,,9.1
SAR_0590_026,2.6,1.4,3.8,3.7,,1.8,,,,,,,,,,,,,,,,,,,,,,,,,,13.3
SAR_0591_027,3.9,1.7,4.8,5,,3.1,3.1,,,,,,,,,,,,,,,,,,,,,,,,,21.6
SAR_0592_028,3.6,1.5,4.8,5.4,,3.1,3,,,,,,,,,,,,,,,,,,,,,,,,,21.4
SAR_0593_029,3.5,1.7,4.8,5,4.9,3.4,3,,,,,,,,,,,,,,,,,,,,,,,,,26.4
SAR_0597_033,,,,3.6,,1.6,,,,,,,,,,,,,,,,,,,,,,,,,,5.2
SAR_0598_034,,,,3.5,,1.5,,,,,,,,,,,,,,,,,,,,,,,,,,5
SAR_0599_035,2,,,3.4,,1.6,,,,,,,,,,,,,,,,,,,,,,,,,,7
SAR_0601_037,,,,3.5,,1.7,,,,,,,,,,,,,,,,,,,,,,,,,,5.1
SAR_0604_040,,,,3.6,,1.6,,,,,,,,,,,,,,,,,,,,,,,,,,5.1
SAR_0607_043,2.3,,3.7,3.8,,1.9,,,,,,,,,,,,,,,,,,,,,,,,,,11.7
SAR_0609_045,2.1,,,3.7,,2,,,,,,,,,,,,,,,,,,,,,,,,,,7.8
SAR_0610_046,2,1.3,3.5,3.5,,1.7,,,,,,,,,,,,,,,,,,,,,,,,,,12.1
SAR_0620_048,8.3,2.7,8.5,7.1,5,7,5.5,,,,,3,0.3,,,,,,,,,,,,,,,,,,,47.4
SAR_0623_051,16.9,2.6,10.5,18.7,4.9,19.2,11.7,6.2,,,,2.7,,,,,,,,13,,,,,,,,,,,,106.3
SAR_1403_057,19.2,2.7,10.5,6.6,5.2,10.6,9.5,1.9,,,,2.5,,,,,,,,13.4,,,,,,,,,,,,82.2
SAR_1404_058,10.7,2.6,7.4,10.3,5.6,12.9,6.4,,,,,2.8,,,,,,,,,,,,,,,,,,,,58.6
SAR_1523_061,11.8,3.2,20.6,12.8,5.5,9.8,7.8,0.9,,,,4.5,,,,,,,,11.7,,2.5,,,,,,,,,,91.1
SAR_1524_062,12,2.9,10.7,15.3,5.3,13.9,8,2.1,,,,2.6,,,,,,,,11.6,,,,,,,,,,,,84.4
SAR_1525_063,3.2,1.8,6.6,4.7,,2.8,2.8,,,,,2.4,,,,,,,,,,,,,,,,,,,,24.2
SAR_1526_064,5.9,1.8,4.9,12.6,,6.8,6.2,,,,,,,,,,,,,9.2,,,,,,,,,,,,47.4
SAR_1527_065,5.2,2.5,8.3,8.7,,4.7,4.6,,,,,2.8,,,,,,,,,,,,,,,,,,,,36.8
SAR_1827_071,3.8,1.5,4.3,8.5,,3.9,4.1,,,,,,,,,,,,,,,,,,,,,,,,,26.1
SAR_1959_072,3.8,1.6,5.4,6.8,,3.9,3.2,,,,,,,,,,,,,,,,,,,,,,,,,24.7
SAR_1990_073,3.6,1.5,4.4,8,,4.8,4,,,,,,,,,,,,,,,,,,,,,,,,,26.3
SAR_1995_074,6,1.7,4.5,13.3,5.2,10.4,5.8,,,,,,,,,,,,,,,,,,,,,,,,,46.8
SAR_1997_075,4.1,1.6,4.4,6.7,,4.4,4.5,,,,,,,,,,,,,,,,,,,,,,,,,25.7
SAR_2003_077,4.7,1.7,5,9.7,,3.6,4.5,,,,,,,,,,,,,,,,,,,,,,,,,29.2
SAR_2005_078,4.4,1.8,5.7,6.6,,4.1,3.5,,,,,,,,,,,,,,,,,,,,,,,,,26
SAR_2012_085,4.2,1.4,3.8,8,,3.9,4.4,,,,,,,,,,,,,,,,,,,,,,,,,25.7
SAR_2013_086,6.5,1.6,4.4,7.8,,6,5,,,,,,,,,,,,,,,,,,,,,,,,,31.1
SAR_2015_088,2.7,,4.1,4.8,,2.4,,,,,,,,,,,,,,,,,,,,,,,,,,14
MON_2105_085,2.9,,5,5.2,,3.2,3.1,0.9,,,,,,,,,,,,8.7,,,,,,,,,,,,28.9
MON_2106_086,,,,3.7,,1.6,,,,,,,,,,,,,,,,,,,,,,,,,,5.4
MON_2114_094,,,,3.7,,1.6,,,,,,,,,,,,,,,,,,,,,,,,,,5.3
MON_2115_095,2,,3.5,4.2,,1.9,,,,,,,,,,,,,,,,,,,,,,,,,,11.7
MON_2117_097,2.5,,3.6,5.3,,2.3,,,,,,,,,,,,,,,,,,,,,,,,,,13.7
SAR_0585_021,2.2,,,,,1.6,,,,,,,,,,,,,,,,,,,,,,,,,,3.8
SAR_0596_032,,,,,,1.7,,,,,,,,,,,,,,,,,,,,,,,,,,1.7
SAR_0784_054,2.4,1.6,4,,,1.7,,,,,,,,,,,,,,,,2.2,,,,,,,,,,11.9
SAR_1530_068,3.3,1.6,,,,5.5,4,,,,,,,,,,,,,,,,,,,,,,,,,14.3
SAR_2007_080,,,,,,1.5,,,,,,,,,,,,,,,,,,,,,,,,,,1.5
SAR_2009_082,3.1,1.5,4.4,,,2.5,,,,,,,,,,,,,,,,,,,,,,,,,,11.5
SAR_2010_083,2.2,,,,,1.8,,,,,,,,,,,,,,,,,,,,,,,,,,4
MON_2107_087,,,3.7,,,1.6,,,,,,,,,,,,,,,,,,,,,,,,,,5.3
MON_2111_091,,,,,,1.5,,,,,,,,,,,,,,,,,,,,,,,,,,1.5
MON_2119_099,2.8,3.7,6.7,,,,,,,,,2.7,,,,,,,,,,,,,,,,,,,,15.9
GAD_1378_002,2.4,1.5,4,,,,,,,,,,,,,,,,,,,,,,,,,,,,,7.9
MON_2109_089,,,3.6,,,,,,,,,,,,,,,,,,,,,,,,,,,,,3.6
MON_0676_035,2.6,,4.3,4.5,,2.8,3.1,,,,,,,,,,,,,,,,,1.5,,,,,,,,18.8
MON_0688_047,2.4,,5.3,6.6,,1.9,,,,,,,,,,,,,,,,,,1.5,,,,,,,,17.6
MON_0670_029,32.6,3.9,78.3,6,5.4,12.8,5.6,29.4,,8.9,,2.7,,,,,,2.8,,37.3,,,,,,,,,,,,225.7
MON_0673_032,5.8,,7.8,4.9,6.1,5.1,3.1,10.8,,,,,,,,,,2.3,,21.7,,,,,,,,,,,,67.7
MON_2097_077,3.5,,3.6,5.5,,8,6.8,,,,,,,,,,,5.8,,,,,,,,12.2,,,,,,45.4
MON_2099_079,3.3,2.1,7.4,5.6,,4.3,3.8,3.6,,,,,,,,,,2.6,,12.8,,,,,,,,,,,,45.5
MON_1147_059,2.1,,,3.8,,2,,,,,,,,,,,,,,,,,,,,7.5,,,,,,15.4
SAR_0594_030,3.5,1.5,4.2,3.8,,2.6,2.7,,,,,,,,,,,,,,,,,,,,,,,,,18.3
SAR_0600_036,2.6,1.5,4.4,3.9,,2,,,,,,,,,,,,,,,,,,,,,,,,,,14.4
SAR_0606_042,2.3,1.4,3.7,3.8,,1.9,,,,,,,,,,,,,,,,1.9,,,,,,,,,,15
SAR_0608_044,2.2,1.4,,3.7,,2,,,,,,,,,,,,,,,,,,,,,,,,,,9.3
SAR_1826_070,3.7,1.4,4.3,6.5,,3.3,3.6,,,,,,,,,,,,,,,,,,,,,,,,,22.8
MON_0661_021,3.6,4,22.3,4.5,4.6,7.6,8.1,1.1,,,,2.7,0.3,,,,,,,9.1,,1.9,,,,,,,,,,69.8
MON_0662_022,4.9,3.5,12.6,7.7,4.8,25.5,31.4,9.6,,,,2.1,,,,,,,,18,,,,,,,,,,,,120.1
MON_0663_023,3.4,1.3,6.4,4.5,,3.1,2.8,,,,,,,,,,,,,,,,,,,,,,,,,21.5
MON_0669_028,2.6,,5,3.6,,2.2,,,,,,,,,,,,,,,,,,,,,,,,,,13.4
MON_0671_030,2.4,,4,3.8,,2.4,,,,,,,,,,,,,,,,,,,,,,,,,,12.6
MON_0672_031,,,,3.4,,1.7,,,,,,,,,,,,,,,,,,,,,,,,,,5.2
MON_0674_033,2.3,,,4.2,,2.5,,,,,,,,,,,,,,,,,,,,,,,,,,9
MON_0675_034,,,,4.4,,,,,,,,,,,,,,,,,,,,,,,,,,,,4.4
MON_0678_037,,,,3.9,,,,,,,,,,,,,,,,,,,,,,,,,,,,3.9
MON_0679_038,,,,3.6,,1.9,,,,,,,,,,,,,,,,,,,,,,,,,,5.5
MON_0682_041,2.6,2,4.6,4.3,,3.6,3.3,,,,,,,,,,,,,,,,,,,,,,,,,20.3
MON_0684_043,2.8,,4.1,4.7,,2.3,,,,,,,,,,,,,,,,,,,,,,,,,,13.8
MON_0689_048,2.2,,,4.5,,,,,,,,,,,,,,,,,,,,,,,,,,,,6.7
MON_0690_049,2.6,,4,3.7,,2.6,,,,,,,,,,,,,,,,,,,,,,,,,,12.9
MON_0692_051,3.6,1.5,4.2,5.7,,3.4,,,,,,,,,,,,,,,,,,,,,,,,,,18.4
MON_0694_053,2.5,,4.1,4.8,,2,,,,,,,,,,,,,,,,,,,,,,,,,,13.4
MON_1145_057,4.3,1.7,6.1,5.6,4.7,4,3.4,,,,,,,,,,,,,10.4,,,,,,,,,,,,40.3
MON_1626_064,2.1,,3.5,3.7,,1.9,,,3.5,,,,,,,,,,,,,,,,,,,,,,,14.8
MON_1920_067,2.1,,,4.1,,,,,,,,,,,,,,,,,,,,,,,,,,,,6.3
MON_1921_068,2.4,,,4.8,,,,,,,,,,,,,,,,,,,,,,,,,,,,7.2
MON_2091_071,,,,4.9,,,,,,,,,,,,,,,,,,,,,,,,,,,,4.9
MON_2092_072,,,,3.5,,,,,,,,,,,,,,,,,,,,,,,,,,,,3.5
MON_2093_073,2.1,,,3.4,,1.8,,,,,,,,,,,,,,,,,,,,,,,,,,7.3
MON_2094_074,,,,3.7,,1.6,,,,,,,,,,,,,,,,,,,,,,,,,,5.3
MON_2096_076,2.4,,3.9,4.2,,2,,,,,,,,,,,,,,,,,,,,,,,,,,12.5
MON_2098_078,3,,,4.8,,3.9,3.5,,,,,,,,,,,,,,,,,,,,,,,,,15.2
MON_0650_010,,,,,,1.4,,,,,,,,,,,,,,,,,,,,,,,,,,1.4
MON_0651_011,,,,,,1.6,,,,,,,,,,,,,,,,,,,,,,,,,,1.6
MON_0652_012,,,,,,1.6,,,,,,,,,,,,,,,,,,,,,,,,,,1.6
MON_0654_014,2.9,,4.2,,,2,,,,,,,,,,,,,,,,,,,,,,,,,,9.1
MON_0655_015,2.1,,,,,1.8,,,,,,,,,,,,,,,,,,,,,,,,,,3.8
MON_0657_017,2.9,1.5,5.4,,,3.6,3.2,,,,,,,,,,,,,,,,,,,,,,,,,16.7
MON_0658_018,2.3,1.4,5.2,,,2.9,2.9,,,,,,,,,,,,,,,,,,,,,,,,,14.6
MON_0659_019,2.3,,4.8,,,3.3,3,,,,,,,,,,,,,,,,,,,,,,,,,13.4
MON_0660_020,2.2,,3.9,,,2.1,,,,,,,,,,,,,,,,,,,,,,,,,,8.1
MON_0666_025,2.2,,3.9,,,2,,,,,,,,,,,,,,,,,,,,,,,,,,8.1
MON_0667_026,2.6,,4.8,,,2.3,,,,,,,,,,,,,,,,,,,,,,,,,,9.7
MON_0668_027,2.1,,3.9,,,1.9,,,,,,,,,,,,,,,,,,,,,,,,,,7.9
MON_0677_036,,,,,,1.8,,,,,,,,,,,,,,,,,,,,,,,,,,1.8
MON_0644_004,,,,,,1.3,,,,,,,,,,,,,,,,,,,,,,,,,,1.3
MON_0680_039,2.2,,,,,2,,,,,,,,,,,,,,,,,,,,,,,,,,4.2
MON_0681_040,3.9,1.5,4.7,,,3.7,3.3,,1.8,,,,,,,,,,,,,,,,,,,,,,,18.9
MON_0683_042,2.2,,3.7,,,2.5,,,,,,,,,,,,,,,,,,,,,,,,,,8.4
MON_0685_044,2.8,,4.3,,,3.3,3,,,,,,,,,,,,,,,,,,,,,,,,,13.4
MON_0645_005,,,,,,1.3,,,,,,,,,,,,,,,,,,,,,,,,,,1.3
MON_0693_052,2.8,,5.1,,,2.3,,,,,,,,,,,,,,,,,,,,,,,,,,10.2
MON_1143_055,2.8,1.6,7,,,2.6,,,,,,2.3,,,,,,,,,,1.9,,,,,,,,,,18.1
MON_1146_058,2.9,1.5,4.6,,,2.1,,,,,,,,,,,,,,,,,,,,,,,,,,11.1
MON_0646_006,,,,,,1.3,,,,,,,,,,,,,,,,,,,,,,,,,,1.3
MON_1149_061,2.2,,3.8,,,1.8,,,,,,,,,,,,,,,,,,,,,,,,,,7.8
MON_1624_062,2.4,,4.4,,,2.8,2.8,,,,,,,,,,,,,,,,,,,,,,,,,12.4
MON_1625_063,,,,,,1.8,,,,,,,,,,,,,,,,,,,,,,,,,,1.8
MON_1628_066,2.1,,4,,,1.6,,,,,,,,,,,,,,,,,,,,,,,,,,7.8
MON_2095_075,2.1,,3.7,,,1.7,,,,,,,,,,,,,,,,,,,,,,,,,,7.5
MON_0648_008,,,,,,1.5,,,,,,,,,,,,,,,,,,,,,,,,,,1.5
MON_2103_083,,,,,,1.6,,,,,,,,,,,,,,,,,,,,,,,,,,1.6
MON_0691_050,2.9,,4.2,,,,2.9,,,,,,,,,,,,,,,,,,,,,,,,,10.1
MON_1144_056,2.1,,,,,,,,,,,,,,,,,,,,,,,,,,,,,,,2.1
MON_1148_060,2.3,,3.7,,,,,,,,,,,,,,,,,,,,,,,,,,,,,6
MON_1922_069,2.4,,,,,,,,,,,,,,,,,,,,,,,,,,,,,,,2.4
MON_1930_070,2.4,1.6,4.5,,,,,,,,,,,,,,,,,,,1.9,,,,,,,,,,10.5
MON_1142_054,,1.4,4.5,,,,,,,,,,,,,,,,,,,2,,,,,,,,,,7.9
SAR_0459_006,10.4,2,5.3,12.9,5.5,12.4,5.8,,,,,2.6,,,,,,,,,,,,2.6,,,,,,,,59.5
SAR_1825_069,3.9,1.4,,8.8,,3.8,3.9,,,,,,,,,,,,,,,,,3.5,,,,,,,,25.3
SAR_1998_076,4.2,1.6,5.2,9.2,,4.5,3.6,,,,,,,,,,,,,,,2,,1.5,,,,,,,,31.9
SAR_2006_079,2.5,,,4.6,,2.2,,,,,,,,,,,,,,,,,,1.3,,,,,,,,10.6
SAR_2011_084,14.2,2.3,12.3,16.6,4.9,13.2,8.8,6,,,,2.9,,,,,,12.4,,13.5,,,,2.6,,,,,,,,109.6
GAD_1376_001,2.1,1.4,,,,,,,,,,,,,,,,,,,,,,2.9,,,,,,,,6.4
SAR_0573_009,3.4,1.7,4.4,3.8,,2.5,2.7,,,,,,,,,,,,,,,,,,,,,,,,,18.5
SAR_0579_015,3.6,1.6,4.1,4.8,,3.1,3,,,,,,,,,,,,,,,,,,,,,,,,,20
SAR_0580_016,3.1,1.5,4.2,4.2,,2.5,2.6,,,,,,,,,,,,,,,,,,,,,,,,,18.3
SAR_0595_031,2.8,1.5,3.7,4.8,,2.3,,,,,,,,,,,,,,,,,,,,,,,,,,15.1
SAR_0602_038,2.1,,,3.5,,1.5,,,,,,,,,,,,,,,,,,,,,,,,,,7.1
SAR_0605_041,,,,3.6,,1.6,,,,,,,,,,,,,,,,,,,,,,,,,,5.2
SAR_1406_059,8,5.9,7.6,9.6,5.2,26.1,14.1,3.7,,,,2.9,,,,,,,,16.3,,2.6,,,,,,,,,,102
SAR_1522_060,12.5,5.2,39.8,10.8,5,9.1,6.9,,,,5.9,6.9,,,,,,,,9,,3.4,,,,,,,,,,114.6
SAR_1528_066,8.9,1.8,5.4,9.4,,7.8,5.4,,,,,,,,,,,,,,,,,,,,,,,,,38.7
MON_2100_080,,,,3.7,,1.7,,,,,,,,,,,,,,,,,,,,,,,,,,5.4
MON_2104_084,2.3,,,4.2,,2,,,,,,,,,,,,,,,,,,,,,,,,,,8.5
MON_2108_088,,,,3.5,,1.5,,,,,,,,,,,,,,,,,,,,,,,,,,5
MON_2113_093,,,,3.6,,1.6,,,,,,,,,,,,,,,,,,,,,,,,,,5.2
MON_2116_096,2.2,,4,3.7,,1.6,,,,,,,,,,,,,,,,,,,,,,,,,,11.6
SAR_0583_019,2.7,1.5,3.9,,,2.2,,,,,,,,,,,,,,,,,,,,,,,,,,10.3
SAR_0603_039,,,,,,1.7,,,,,,,,,,,,,,,,,,,,,,,,,,1.7
SAR_2008_081,2.3,,,,,1.4,,,,,,,,,,,,,,,,,,,,,,,,,,3.8
MON_2101_081,,,,,,1.6,,,,,,,,,,,,,,,,,,,,,,,,,,1.6
MON_2102_082,,,,,,1.5,,,,,,,,,,,,,,,,,,,,,,,,,,1.5
PIN_1106_076,14.3,2.5,16.6,11.2,4.3,14.2,7.3,10.7,,,,2.5,,,,,,2.9,,12.6,,,,,,,,,,,,98.9
HIL_1032_020,4.2,1.3,5.6,4.2,4,3.4,2.5,,,,,,,,,,,4.4,,,,,,,,,,,,,,29.5
HIL_1045_025,12.7,2.4,28.6,11.2,4.7,10,6.1,30,,,,2.3,,,,,,2.2,,35.8,,,,,,,,,,,,145.9
PIN_2029_103,2.2,,,,,,,,,,,,,,,,,,,,,,,,,7.4,,,,,,9.5
PIN_0755_024,4,1.7,6,4.2,,3.3,2,,,,,2.3,,,,,,,,,,,,,,,,,,,,23.6
PIN_0756_025,11.4,2.2,8.4,11.2,5,12.6,6,8.9,,,,2.2,,,,,,,,,,,,,,,,,,,,67.9
PIN_0759_028,7.7,2.3,8.8,8.2,4.7,8.2,4.6,9.6,,,,2.5,,,,,,,,,,,,,,,,,,,,56.4
HIL_0875_011,5.4,1.5,4.4,5.4,,6.3,2.9,,,,,2.5,,,,,,,,,,,,,,,,,,,,28.4
PIN_0769_034,7.2,1.5,5.7,5.4,4.3,5.6,3.6,6.9,,,,2,,,,,,,,,,,,,,,,,,,,42.1
PIN_0815_035,12.1,1.7,26.8,8.4,,6.7,5,8.5,,,,2.8,,,,,,,,13.4,,,,,,,,,,,,85.4
PIN_0818_038,24.4,3.8,22.8,11.8,,19.2,11.5,,,,,3.1,,,,,,,,24.2,,,,,,,,,,,,120.8
PIN_0821_041,5.4,1.4,7.2,3.6,,3.9,2.5,,,,,,,,,,,,,,,,,,,,,,,,,24
PIN_0912_043,9.5,2.1,6.7,8.6,4.7,9.6,5.1,,,,,2.4,,,,,,,,,,,,,,,,,,,,48.6
PIN_0914_045,4.1,1.2,5.3,2.9,,2.6,2.1,,,,,,,,,,,,,,,,,,,,,,,,,18.2
PIN_0916_047,21.1,2.7,16.4,13.5,4.6,13.4,5.6,11.1,,,,2.1,,,,,,,,10.4,,,,,,,,,,,,100.9
PIN_0919_050,4.1,2.4,9.7,3.2,,,2.2,,,,,,,,,,,,,,,,,,,,,,,,,21.6
PIN_0920_051,5.6,1.7,7.6,8.5,4.7,4.6,2.9,,,,,2.6,,,,,,,,,,,,,,,,,,,,38.2
HIL_0877_013,6.9,1.6,5.2,5.2,,6.2,3.2,,,,,,,,,,,,,,,,,,,,,,,,,28.4
PIN_0965_053,11,2.3,16.3,11,4.2,9,4.5,,,,,2.4,,,,,,,,11.4,,,,,,,,,,,,72.1
PIN_0970_058,7.8,1.6,8.5,8.6,4.6,11.5,4.1,,,,,2.6,,,,,,,,,,,,,,,,,,,,49.2
PIN_0973_061,2.7,,,3.2,,2.6,,,,,,,,,,,,,,,,,,,,,,,,,,8.5
PIN_0975_063,2.4,,,2.4,,2.2,,,,,,,,,,,,,,,,,,,,,,,,,,7
PIN_0978_066,15.4,3.5,23,18.8,7,16.9,9.5,19.2,,11,,3,,,,,,,,24.6,,,,,,,,,,,,151.7
PIN_0989_067,17.9,2.2,10.8,16.5,5.5,19.1,5.4,9.7,,,,2.4,,,,,,,,10.9,,,,,,,,,,,,100.4
PIN_0993_068,5.4,,18.8,4.4,,3.2,2.6,,,,,,,,,,,,,,,,,,,,,,,,,34.3
PIN_1034_070,8.9,3.4,19.4,8.1,4.6,9.1,5.9,9.9,,,,3.3,,,,,,,,11.9,,2.8,,,,,,,,,,87.4
PIN_1037_073,4.8,1.3,4.6,10.1,4.2,12.1,4.4,,,,,1.9,,,,,,,,,,,,,,,,,,,,43.4
PIN_1038_074,14,2.7,25.2,13.1,4.4,38.4,27.3,10.4,,,,2.3,,,,,,,,13.2,,,,,,,,,,,,151
PIN_1504_079,9.8,6.4,14.4,11.3,6.4,16.9,10.8,17.3,,,,2.5,,,,,,,,23.2,,,,,,,,,,,,119
PIN_1507_082,11.9,12.1,12.1,12.9,4.1,14.8,8.6,16.7,,,,1.9,,,,,,,,17.9,,,,,,,,,,,,112.9
PIN_1510_085,6.3,2.1,13.8,6.4,3.7,6,3.6,9,,,,2.2,,,,,,,,10.5,,,,,,,,,,,,63.8
PIN_1511_086,20.2,6.8,24.5,11.7,5.5,20.3,12.5,25.9,,8.5,,2.5,,,,,,,,23.5,,2.9,,,,,,,,,,164.9
PIN_1514_089,12.3,2,15.2,13.8,4.2,10.7,6.8,8.8,,,,2.3,,,,,,,,11.5,,,,,,,,,,,,87.7
PIN_1515_090,2.5,1.2,,2.6,,2.3,,,,,,,,,,,,,,,,,,,,,,,,,,8.5
PIN_1516_091,5.1,3,11.3,3.8,3.8,3.3,2.1,,,,,2.7,,,,,,,,,,,,,,,,,,,,35.1
PIN_1676_102,6.1,1.5,9.7,10.4,,6.2,3.1,9,,,,2.3,,,,,,,,10.8,,,,,,,,,,,,59.1
PIN_2031_105,2.9,,,3.4,,2.3,,,,,,,,,,,,,,,,,,,,,,,,,,8.6
PIN_2124_115,2.9,,4.2,3.2,,2.7,2,,,,,,,,,,,,,,,,,,,,,,,,,14.9
PIN_2125_116,2.6,,4.1,2.7,,2.4,,,,,,,,,,,,,,,,,,,,,,,,,,11.9
PIN_2127_118,2.6,1,4.4,3,3.6,2.7,1.8,6.1,,,,,,,,,,,,,,,,,,,,,,,,25.3
PIN_2140_122,4.4,2,13.1,6.6,,6.1,3.2,,,,,3,,,,,,,,10.3,,,,,,,,,,,,48.7
PIN_2142_124,4.1,1.3,5.7,4.9,4.3,4.5,2.6,,,,,,,,,,,,,,,,,,,,,,,,,27.5
HIL_0099_002,6.1,3.2,13.4,6,4.7,7.1,4,,,,,2.3,,,,,,,,12.2,,,,,,,,,,,,58.9
HER_0984_007,2.6,,,2.6,,1.9,,,,,,,,,,,,,,,,,,,,,,,,,,7
HIL_1042_022,4.7,1.6,7.6,6,4.1,5.3,3.1,7.7,,,,1.9,,,,,,,,9.5,,,,,,,,,,,,51.5
HIL_1043_023,6.1,3.1,20.9,6.8,4.3,6.2,3.9,10.4,,,,3.3,,,,,,,,9.4,,,,,,,,,,,,74.4
HIL_1482_027,6.2,2,7.7,8.2,3.9,7.1,5.3,6.8,,,,2.3,,,,,,,,,,3.1,,,,,,,,,,52.5
HIL_0100_003,10.8,2.4,15.3,10,5.3,13.6,6.8,13,,,,3,,,,,,,,14.6,,,,,,,,,,,,94.8
HIL_1650_033,11.3,1.7,6.7,8.2,4.2,13.6,5.4,,,,,2,,,,,,,,,,,,,,,,,,,,53.2
HIL_1652_035,6.2,1.8,7.4,10.7,4.8,7.2,3.2,,,,,2.8,,,,,,,,,,,,,,,,,,,,44
HIL_1653_036,12.2,1.9,8,16.1,4.7,17.9,5.5,8.3,,,,2.2,,,,,,,,,,,,,,,,,,,,76.9
HIL_1976_039,8.5,1.5,23.6,6.9,4.9,17.7,5.6,55,,8.9,,,,,,,,,,70.2,,,,,,,,,,,,202.8
HIL_1979_042,3.7,1.2,6.1,4.6,4,4.4,2.8,,,,,,,,,,,,,9.2,,,,,,,,,,,,36.1
HIL_0102_005,7,2.2,9,6.5,4,6.5,3.8,8.9,,,,2.1,,,,,,,,,,,,,,,,,,,,50
HIL_2043_052,4.7,1.7,6.8,5.6,4,4.7,3.3,,,,,,,,,,,,,,,,,,,,,,,,,30.8
HIL_2061_053,3.4,1.1,5.3,4.4,,3.5,2.3,6.3,,,,,,,,,,,,,,,,,,,,,,,,26.3
HIL_2065_056,2.7,1,4.4,3.3,,2.4,1.8,,,,,,,,,,,,,,,,,,,,,,,,,15.7
HIL_2068_058,2.9,1.1,4.4,3.9,3.9,3.1,2,8,,,,,,,,,,,,,,,,,,,,,,,,29.3
HIL_2069_059,2.7,1.1,,3.1,,2.3,,,,,,,,,,,,,,,,,,,,,,,,,,9.1
HIL_2074_061,2.7,1.2,5.7,3,,2.3,,,,,,,,,,,,,,,,,,,,,,,,,,14.9
HIL_2087_067,2.2,,,2.4,,2,,,,,,,,,,,,,,,,,,,,,,,,,,6.7
HIL_2130_069,4.1,1.2,6,4.3,3.9,3.7,2.6,6.6,,,,,,,,,,,,,,,,,,,,,,,,32.4
HIL_0104_007,5.6,2,10.5,5.6,,5.8,3.1,7.5,,,,2.1,,0.3,,,,,,,,,,,,,,,,,,42.4
PIN_0314_003,2.9,1.3,4.7,2.6,,2.2,,,,,,,,,,,,,,,,,,,,,,,,,,13.7
PIN_0320_009,3,1.3,4.5,3,,2.6,,,,,,,,,,,,,,,,,,,,,,,,,,14.4
PIN_0326_015,2.5,1.2,,2.8,,2,,,,,,,,,,,,,,,,,,,,,,,,,,8.4
PIN_0560_020,4,1.4,5.2,3.3,,3.1,2.3,,,,,,,,,,,,,,,,,,,,,,,,,19.4
HIL_0879_015,10.8,1.8,6,,6.1,19.7,4,,,,,2.9,,,,,,,,,,,,,,,,,,,,51.4
PIN_1675_101,4.1,2.7,,,4.1,3.8,,,,,,1.9,,,,,,,,,,,,,,,,,,,,16.6
PIN_0312_001,2.7,1.2,,,,1.8,,,,,,,,,,,,,,,,,,,,,,,,,,5.8
PIN_0318_007,2.5,1.1,,,,2,,,,,,,,,,,,,,,,,,,,,,,,,,5.7
PIN_0322_011,2.5,,3.7,,,2,,,,,,,,,,,,,,,,,,,,,,,,,,8.2
PIN_0325_014,3,1.2,4.9,,,2.5,,,,,,,,,,,,,,,,,,,,,,,,,,11.6
HER_0361_001,3.3,1.5,,,,,2.5,,,,,,,,,,,,,,,,,,,,,,,,,7.2
HER_0362_002,2.4,,,,,,,,,,,,,,,,,,,,,,,,,,,,,,,2.4
HER_0365_005,2.8,1.1,,,,,,,,,,,,,,,,,,,,,,,,,,,,,,3.9
HIL_1483_028,5.4,2,8.1,5.5,3.7,6.1,3.4,,,,,2.2,,,,,,,,,,,,24.2,,39.6,,,,,,100.3
HIL_1484_029,4,1.5,5.8,4.1,4,4.9,2.8,,,,,,,,,,,,,,,,,12.3,,28.7,,,,,,68.1
PIN_0968_056,11.6,2.8,9.3,13.9,7.6,50.1,20.5,,,,,,,,,,,7.8,18.9,40.7,,,,,,,,,,,,183.1
PIN_0976_064,12.3,1.9,12.4,18.3,5.7,11.4,6.9,13.3,,,,2.1,,,,,,1.9,,18.9,,,,,,,,,,,,105
HIL_1033_021,4.5,1.4,5,6.7,4.1,3.9,2.8,,,,,,,,,,,3,,,,,,,,,,,,,,31.3
HIL_0098_001,7.2,3.2,15.3,6,5.5,6.9,4.1,10.9,,,,2.9,,,,,,,,12,,,,,,,,,,,,74
PIN_0563_023,9,2.2,13.3,9.3,4.5,8.9,4.5,8.3,,,,2.8,,,,,,,,10.7,,,,,,,,,,,,73.4
PIN_0757_026,7.4,1.5,5.3,6.5,,7.4,4.5,6.9,,,,,,,,,,,,,,,,,,,,,,,,39.4
PIN_0758_027,6.9,2,8,6.2,4.3,7.7,3.8,,,,,2,,,,,,,,,,,,,,,,,,,,40.9
PIN_0761_030,10.4,1.7,9.7,13.6,4.7,9.9,5.3,,,,,2.6,,,,,,,,,,,,,,,,,,,,57.9
PIN_0762_031,10.4,2.6,16.5,10.2,4.6,8.3,4.5,,,,,2.5,,,,,,,,11,,,,,,,,,,,,70.6
PIN_0768_033,9.3,1.6,13.9,8.3,,4.6,3.8,,,,,,,,,,,,,11.2,,,,,,,,,,,,52.7
PIN_0817_037,21.1,4.9,21.9,22.8,6.9,27.2,14.2,17.5,,,,3.3,,,,,,,,26.4,,,,,,,,,,,,166.2
PIN_0819_039,20.3,3.6,35.8,18.4,4.3,21.1,11.8,19.2,,,,2.1,0.4,,,,,,,30.2,,2.3,,,,,,,,,,169.5
PIN_0911_042,8.5,1.7,6,7.9,4.2,7.7,4.5,,,,,1.9,,,,,,,,,,,,,,,,,,,,42.3
HIL_0876_012,3.8,1.5,,2.5,4.7,2.8,2.4,,,,,,,,,,,,,,,,,,,,,,,,,17.7
PIN_0915_046,4,1.2,,3.7,,3.2,2.2,,,,,,,,,,,,,,,,,,,,,,,,,14.3
PIN_0917_048,8.5,2.3,13.2,11.6,,7.4,4.1,8.4,,,,3.3,0.8,,,,,,,,,3.6,,,,,,,,,,63.3
PIN_0918_049,3.5,1.5,6.3,2.6,4.3,2.6,,,,,,2.1,0.8,,,,,,,,,,,,,,,,,,,23.6
PIN_0964_052,3,1.3,5.7,2.7,,2.5,,,,,,1.9,,,,,,,,,1.7,,,,,,,,,,,18.9
PIN_0966_054,8.4,1.7,7.2,10,4.5,14.4,6.4,,,,,2.2,,,,,,,,,,,,,,,,,,,,54.9
PIN_0967_055,12.8,3,15.3,13.7,5.3,28.2,15.1,10.1,,,,2.5,,,,,,,,10.8,,,,,,,,,,,,116.8
PIN_0969_057,7.4,2.4,15.6,7.6,4.6,9.1,5.4,12,,,,2.5,,,,,,,,13.9,,,,,,,,,,,,80.5
PIN_0972_060,13.7,2.5,29.6,15.2,5.5,13.5,5.9,,,,,3.5,0.2,,,,,,,,,,,,,,,,,,,89.7
HIL_0878_014,6,1.7,5.5,6,,4.7,3.3,,,,,,0.5,,,,,,,,,,,,,,,,,,,27.6
PIN_0974_062,2.6,,,2.7,,2.4,,,,,,,,,,,,,,,,,,,,,,,,,,7.8
PIN_0977_065,17.5,3.6,20.3,33,8.7,17.4,9.1,16.2,,,,2.7,0.2,,,,,,,26.2,,,,,,,,,,,,155
PIN_0994_069,6.4,1.6,6.6,5.5,,5.3,3.5,,,,,2.1,,,,,,,,,,,,,,,,,,,,30.9
PIN_1036_072,16.3,2.5,17.8,21.7,4.1,19.6,7.4,7.8,,,,2.8,1.1,,,,,,,10.2,,2.6,,,,,,,,,,113.9
PIN_1105_075,11.8,2.3,13.8,13.4,4.3,11.9,6.4,9.6,,,,2.5,,,,,,,,12.5,,,,,,,,,,,,88.4
PIN_1108_078,17.2,2.6,9.8,3.2,,15.7,9.4,11.2,,,,,,,,,,,,19.5,,,,,,,,,,,,88.5
PIN_1505_080,4.8,1.9,7.6,4.2,4.2,6.2,4,8.6,,,,1.9,,,,,,,,10,,,,,,,,,,,,53.4
HIL_0880_016,16.1,2.1,11.9,13.8,5.1,18.8,6.3,,,,,2.3,,,,,,,,10.8,,,,,,,,,,,,87.2
PIN_1509_084,5,2.1,10.6,5.5,,4.5,3,,,,,2.3,,,,,,,,,,,,,,,,,,,,33
PIN_1513_088,4.9,2,10.6,5.4,4.3,5.3,3.6,7.9,,,,2,,,,,,,,9.5,,,,,,,,,,,,55.5
HIL_0881_017,,,,2.7,,,,,,,,,1,,,,,,,,,,,,,,,,,,,3.7
PIN_1672_098,3.1,,,3.1,,2.4,,,,,,,,,,,,,,,,,,,,,,,,,,8.6
PIN_1673_099,3,1.1,,3,4.3,3.3,,,,,,2,,,,,,,,,,,,,,,,,,,,16.6
PIN_1674_100,2.9,1.4,,2.5,,2,,,,,,2.1,,,,,,,,,,,,,,,,,,,,10.9
PIN_2030_104,2.8,1.2,,2.4,,2.2,,,1.4,,,1.9,,,,,,,,,,,,,,,,,,,,11.9
PIN_2041_107,4.6,5.5,32.4,2.5,,2.9,2.5,,,,4.6,4.4,,,,,,,,,,,,,,,,,,,,59.4
PIN_2045_109,7.3,2.6,10.4,5.7,4.1,6.6,4.1,7.3,,,,2.6,,,,,,,,9.2,,,,,,,,,,,,59.9
PIN_2081_114,3.2,1,4.5,3.9,3.8,3.5,2.3,6.3,,,,,,,,,,,,,,,,,,,,,,,,28.6
PIN_2126_117,2.8,1.1,,3.5,3.7,3,2.1,,,,,,,,,,,,,,,,,,,,,,,,,16.1
PIN_2138_120,4.5,1.4,8.1,5.5,,5.4,2.9,,,,,1.8,,,,,,,,9.1,,,,,,,,,,,,38.7
HIL_1031_019,4.6,1.4,5.6,5.5,4.2,3.8,2.9,,,,,,,,,,,,,,,,,,,,,,,,,28.1
PIN_2141_123,8,4.7,31.8,6.6,,6.7,3.9,11.3,,,,3.7,,,,,,,,10.4,,2.9,,,,,,,,,,89.9
HER_0363_003,2.4,,,3.6,,1.7,,,,,,,,,,,,,,,,,,,,,,,,,,7.7
HER_0366_006,5,1.1,6.2,4.5,,3.5,2.8,,,,,,,,,,,,,,,,,,,,,,,,,23.1
HIL_1044_024,4.6,1.6,7.6,4.4,,4.5,3,,,,,,,,,,,,,10.7,,,,,,,,,,,,36.4
HIL_1046_026,13.2,1.9,7.3,19.9,5.4,22.1,5.8,,,,,2,,,,,,,,9.2,,,,,,,,,,,,86.8
HIL_1487_032,6.5,1.4,7,5.8,,5.1,3.7,,,,,,,,,,,,,,,,,,,,,,,,,29.5
HIL_1651_034,11.8,2.2,10.9,10.7,4.6,11.1,6.5,,,,,3,,,,,,,,10.9,,,,,,,,,,,,71.7
HIL_1654_037,6.6,1.6,5.7,4.9,,6.3,3.6,7.3,,,,1.9,,,,,,,,,,,,,,,,,,,,37.9
HIL_0101_004,12.6,2,11.9,18.6,4.9,10.9,6.9,9,,,,2.3,,,,,,,,11.4,,,,,,,,,,,,90.5
HIL_1655_038,4.8,1.3,6.6,5.6,4,5,3.1,,,,,,,,,,,,,,,,,,,,,,,,,30.5
HIL_1977_040,14,2.7,22.8,16,5.4,15.2,7.9,16,,,,2.4,,,,,,,,19.7,,,,,,,,,,,,122.1
HIL_1978_041,3.7,1.4,6.5,4.3,3.8,4.1,2.7,7.6,,,,,,,,,,,,,,,,,,,,,,,,34.2
HIL_1980_043,4.4,1.8,14,4.3,4,3.8,2.8,,,,,2.2,,,,,,,,9.4,,,,,,,,,,,,46.6
HIL_1981_044,3.8,1.3,7.7,4.4,4,3.6,2.4,,,,,,,0.4,,,,,,,,,,,,,,,,,,27.6
HIL_2062_054,2.9,1.1,,2.8,,2.8,2,,,,,,,,,,,,,,,,,,,,,,,,,11.6
HIL_2066_057,2,,,2.1,,1.7,,,,,,,0.4,,,,,,,,,,,,,,,,,,,6.3
HIL_0103_006,9.3,2.9,209,6.7,5,18.2,5.4,,,10.3,5.1,5.2,0.4,,,,,,,72.1,,4.5,,,,,,,,,,354.2
HIL_2072_060,2.3,,,2.4,,1.9,,,,,,,,,,,,,,,,,,,,,,,,,,6.7
HIL_2075_062,2.4,,,2.5,,2,,,,,,,,,,,,,,,,,,,,,,,,,,6.9
HIL_2076_063,2.2,1,,2.2,,1.9,,,,,,,,,,,,,,,,,,,,,,,,,,7.4
HIL_2129_068,4.4,1.3,6.2,4,3.9,3.4,2.6,,,,,,,,,,,,,,,,,,,,,,,,,25.9
HIL_2131_070,3.2,1.3,5.5,3.2,,3,2.1,,,,,,,,,,,,,,,,,,,,,,,,,18.4
HIL_2132_071,4.9,1.1,5.7,6,,4.3,3.3,,,,,,,,,,,,,,,,,,,,,,,,,25.3
PIN_0313_002,8,3.1,11.4,5.8,,8.3,4.1,8,,,,3.8,,,,,,,,10.7,,3.7,,,,,,,,,,66.9
PIN_0315_004,2.4,,,2.7,,2.1,,,,,,,,,,,,,,,,,,,,,,,,,,7.3
HIL_0105_008,5.5,2.3,12.4,5.3,4.4,5,3.2,,,,,2.4,,,,,,,,10.3,,2.7,,,,,,,,,,53.5
PIN_0317_006,4.6,1.7,6.9,4.4,4,4.4,2.4,,,,,2.1,,,,,,,,,,,,,,,,,,,,30.5
PIN_0319_008,3.3,1.7,4.3,3,,2.9,1.9,,,,,,,,,,,,,,,,,,,,,,,,,17
PIN_0321_010,2.9,1.4,5,2.7,,2.5,,,,,,,,,,,,,,,,,,,,,,,,,,14.4
PIN_0323_012,2.8,1.2,4.7,2.9,,2.6,,,,,,,,,,,,,,,,,,,,,,,,,,14.1
HIL_0106_009,6.9,2.9,16.4,7,4.5,7.5,4.1,8.6,,,,2.9,,,,,,,,10.4,,,,,,,,,,,,71.3
PIN_0327_016,3.2,1.3,5.3,2.8,,2.9,,,,,,,,,,,,,,,,,,,,,,,,,,15.5
PIN_0329_018,2.3,1.1,3.9,2.1,,1.7,,,,,,,,,,,,,,,,,,,,,,,,,,11.2
PIN_0559_019,6.5,2.6,12.3,6.9,,6.1,3.5,7.3,,,,2.3,,,,,,,,10,,2.6,,,,,,,,,,60.1
PIN_0562_022,11.3,3.3,13.2,10.9,,12.3,6.8,8.9,,,5.2,5.2,1,,,,,,,12.7,,4.5,,,,,,,,,,95.3
PIN_0820_040,25,2.9,11.9,11.5,,11.8,7.2,14.2,,,,5,,,,,,23.6,,18.1,,,,,,,,,,,,131.3
PIN_2044_108,5.7,2.7,13.8,5.4,,5.5,3.5,,,,,2.3,,,,,,,,10,,,,,,,,,,,,48.9
PIN_0760_029,9.3,1.9,9.2,9.9,,10.6,5.2,,,,,3,,,,,,,,,,,,,,,,,,,,49.1
PIN_0763_032,2.9,1.1,,2.7,,,,,,,,,,,,,,,,,,,,,,,,,,,,6.7
PIN_0816_036,11.2,2.9,21.2,10.1,5.1,11.3,6.7,14.3,,,,2.3,,,,,,,,17.4,,,,,,,,,,,,102.5
PIN_0971_059,16.7,1.7,17.2,21.6,5,16.2,9.5,13.8,,,,2.2,,,,,,,,13.9,,,,,,,,,,,,117.9
PIN_1107_077,17.7,2.9,20.5,16.6,4,15.8,9,13.7,,,,2.4,,,,,,,,16.1,,,,,,,,,,,,118.7
PIN_1506_081,4.8,1.5,6.9,3.9,,4.2,3,,,,,2,,,,,,,,9.5,,,,,,,,,,,,35.7
PIN_2038_106,7.2,4.7,35.6,5.9,,5.1,3.5,10.1,,,,3.5,,,,,,,,11.9,,,,,,,,,,,,87.5
HIL_0885_018,6.9,1.6,6.5,8,,7.3,4.2,8.2,,,,2,,,,,,,,,,,,,,,,,,,,44.8
PIN_2139_121,4.4,1.4,6.9,5.1,,5.3,3.2,,,,,,,,,,,,,9.6,,,,,,,,,,,,35.9
HER_0364_004,3.4,,4.5,4.1,,2.6,,,,,,,,,,,,,,,,,,,,,,,,,,14.6
HIL_2063_055,2.2,,,2.6,,2.2,,,,,,,,,,,,,,,,,,,,,,,,,,7.1
HIL_2083_065,2.9,1.1,6,2.8,,2.3,,,,,,,,,,,,,,,,,,,,,,,,,,15.1
PIN_0316_005,2.9,1.1,4.2,2.7,,2.4,,,,,,,,,,,,,,,,,,,,,,,,,,13.3
PIN_0328_017,3.4,1.7,7.6,3.2,,2.8,2,,,,,2.3,,,,,,,,,,,,,,,,,,,,22.9
PIN_0561_021,14.9,,24.7,9.4,,9.7,,,,,,2.7,,,,,,,,11.8,,,,,,,,,,,,73.2
PIN_0324_013,2.6,1.2,4.3,,4,2.5,1.8,,,,,,,,,,,,,,,,,,,,,,,,,16.4
HIL_0107_010,5.6,1.7,10.4,,,7.7,3.6,,,,,3.1,,,,,,,,,,,,,,,,,,,,32.1
MTE_0618_020,6.5,2,8.9,5.7,,6.6,5.2,8.9,,,,,,,,,,,,13.9,,,,,,,,,,,,57.8
MTE_1488_022,1.8,,,2.5,,,,,,,,,,,,,,,,,,,,,,,,,,,,4.2
MTE_1489_023,3.4,0.2,4.1,2.4,,3.7,3,,,,,,,,,,,,,,,,,,,,,,,,,16.7
MTE_2027_030,1.2,,,3.4,,,,,,,,,,,,,,,,,,,,,,,,,,,,4.6
MTE_2073_034,,,,3.1,,,,,,,,,,,,,,,,,,,,,,,,,,,,3.1
MTE_2086_039,,,,2.6,,,,,,,,,,,,,,,,,,,,,,,,,,,,2.6
MTE_2135_045,5.4,,5.9,8,,8.1,3.3,,,,,,,,,,,,,,,,,,,,,,,,,30.6
CHA_0002_002,2.9,,,6.5,6.2,,,,,,,,,,,,,,,,,,,,,,,,,,,15.7
BRE_0717_013,3.1,,2.9,3.7,,,,,,,,,,,,,,,,,,,,,,,,,,,,9.6
CHA_0004_004,3.4,,,4.4,,,,,,,,,,,,,,,,,,,,,,,,,,,,7.8
CHA_0013_012,3,,,5.2,,,,,,,,,,,,,,,,,,,,,,,,,,,,8.2
CHA_0019_015,2.4,,,3.8,,,,,,,,,,,,,,,,,,,,,,,,,,,,6.2
BRE_0718_014,13.5,13.6,16.9,5.5,7.1,14,27.4,15.3,,,,4.4,,,,,,,,20.9,,,,,,,,,,,,138.5
CHA_0022_017,3.9,,3.8,15.2,,6.1,3.7,,,,,,,,,,,,,,,,,,,,,,,,,32.8
CHA_0027_021,,,,4.6,,,,,,,,,,,,,,,,,,,,,,,,,,,,4.6
CHA_0028_022,0.9,,,4.6,,,,,,,,,,,,,,,,,,,,,,,,,,,,5.6
CHA_0031_025,2.5,,,6.1,,,,,,,,,,,,,,,,,,,,,,,,,,,,8.6
CHA_0056_028,2,,,4.7,,,,,,,,,,,,,,,,,,,,,,,,,,,,6.8
CHA_0062_031,2.7,,,6.2,,,2.6,,,,,,,,,,,,,,,,,,,,,,,,,11.4
CHA_0065_034,1.7,,,3.9,,,2.1,,,,,,,,,,,,,,,,,,,,,,,,,7.7
CHA_0781_037,,,,7.6,,,,,,,,,,,,,,,,,,,,,,,,,,,,7.6
CHA_0783_039,0.9,,,2.5,,,,,,,,,,,,,,,,,,,,,,,,,,,,3.4
CHA_1714_040,1.3,,,3,,,,,,,,,,,,,,,,,,,,,,,,,,,,4.3
CHA_1951_043,4.1,,,6.1,,4,3.6,,,,,,,,,,,,,13.1,,,,,,,,,,,,31
CHA_1956_044,1.5,,,3.2,,,,,,,,,,,,,,,,,,,,,,,,,,,,4.7
CHA_1958_045,1.3,,,3.3,,,,,,,,,,,,,,,,,,,,,,,,,,,,4.6
CHA_1989_050,3.9,,,4.2,,3.6,3.3,,,,,,,,,,,,,,,,,,,,,,,,,15.1
CHA_1993_051,3.6,,5.4,4.7,,,,,,,,,,,,,,,,,,,,,,,,,,,,13.6
CHA_1994_052,3,,,3.3,,,2.7,,,,,,,,,,,,,,,,,,,,,,,,,9
DUV_0303_012,8.9,,16.6,10.5,6.5,10.4,6.2,16.3,,7.4,,,,,,,,,,26.5,,,,,,,,,,,,109.3
DUV_0332_015,5.4,,6.6,3.3,6.5,6,3.5,,,,,,,,,,,,,16.7,,,,,,,,,,,,48
DUV_0336_019,5.1,0.6,6.9,4.8,,5.6,3.8,,,,,,,,,,,,,18.6,,,,,,,,,,,,45.4
DUV_0337_020,9.9,1.4,11.9,10,,12.3,6.7,15.3,,,,,,,,,,,,20.4,,,,,,,,,,,,87.7
DUV_0338_021,8.2,,13.5,7.5,6.8,11.1,5.5,14.8,,,,,,,,,,,,23.6,,,,,,,,,,,,90.9
BRE_0703_002,4.3,,7.7,2.6,5.9,7,6.2,19.9,,,,,,,,,,,,20,,,,,,,,,,,,73.6
DUV_0339_022,5.1,,9.1,6.2,6.6,7.2,3.5,12.7,,,,,,,,,,,,20,,,,,,,,,,,,70.5
DUV_0551_035,3.8,,6.1,2.9,,5,3.3,,,,,,,,,,,,,14.6,,,,,,,,,,,,35.5
DUV_1117_036,3.7,,3.7,3.2,6.6,,,,,,,,,,,,,,,,,,,,,,,,,,,17.3
BRE_0897_022,3.7,0.8,4.5,4.2,,5.5,3.6,,,,,,,,,,,,,,,,,,,,,,,,,22.3
BRE_0898_023,5.2,0.7,11.1,5.3,,7,4.7,13.3,,,,,,,,,,,,21.5,,,,,,,,,,,,68.6
BRE_0903_027,6.8,1.7,19.7,5.3,6.4,9.4,6.9,14.8,,,,,,,,,,,,21.9,,,,,,,,,,,,93
BRE_0704_003,4.5,0.3,9,2.5,6,7.6,5.9,15.9,,,,,,,,,,,,22.2,,,,,,,,,,,,73.9
BRE_1729_042,5.5,1.1,10.2,5,6.7,9.9,6.6,17.5,,,,,,,,,,,,29,,,,,,,,,,,,91.6
BRE_0706_005,4.5,0.5,9.3,2.7,,11,5.5,,,,,,,,,,,,,17.8,,,,,,,,,,,,51.4
BRE_1736_048,5.9,1,10.5,5.4,6.4,9.4,7.3,17.5,,,,,,,,,,,,25.5,,,,,,,,,,,,88.9
BRE_1747_059,5.4,0.7,11,3.8,6.8,7,5.5,,,,,,,,,,,,,19.2,,,,,,,,,,,,59.3
BRE_1749_061,5.6,1.3,13.6,3.7,6.6,6.3,5.6,,,,,,,,,,,,,20.6,,,,,,,,,,,,63.2
BRE_1750_062,5.2,1.3,13.9,5.4,,7.7,6.3,13.2,,,,,,,,,,,,23.3,,,,,,,,,,,,76.2
BRE_1759_070,5.4,1.3,16.5,4.5,6.5,7.8,6.2,13.8,,,,,,,,,,,,20.1,,,,,,,,,,,,82.1
BRE_1764_075,4.2,0.6,6.9,4.2,6.1,,4.7,,,,,,,,,,,,,17.8,,,,,,,,,,,,44.5
MTE_0428_002,1.6,,3.2,3.8,,,,,,,,,,,,,,,,,,,,,,,,,,,,8.7
MTE_0433_007,11.8,1.3,11.4,13.1,7.2,16.5,9.6,,,,,,,,,,,,,,,,,,,,,,,,,70.9
MTE_0434_008,5.3,,4.7,7.4,,6.2,4,,,,,,,,,,,,,,,,,,,,,,,,,27.6
MTE_0612_014,1.7,,,3.4,,2.2,,,,,,,,,,,,,,,,,,,,,,,,,,7.3
MTE_0613_015,1.3,,,3.4,,2.1,,,,,,,,,,,,,,,,,,,,,,,,,,6.8
MTE_0614_016,1.9,,3.1,4.9,,2.7,2,,,,,,,,,,,,,,,,,,,,,,,,,14.6
BRE_1753_065,2.2,,4.5,,5.8,3.5,3.1,,,,,,,,,,,,,12.6,,,,,,,,,,,,31.8
MTE_2042_031,1.7,,4.1,,,2.4,2,,,,,,,,,,,,,,,,,,,,,,,,,10.1
MTE_2082_037,1.1,,,,,2.2,,,,,,,,,,,,,,,,,,,,,,,,,,3.4
MTE_2084_038,1.2,,,,,2.3,,,,,,,,,,,,,,,,,,,,,,,,,,3.5
BRE_0900_025,3.8,,6.7,,,5.7,4.2,,,,,,,,,,,,,14.9,,,,,,,,,,,,35.3
BRE_1722_035,6.4,,15.1,,,8.7,7.8,17.9,,,,,,,,,,,,28.4,,,,,,,,,,,,84.3
BRE_1755_067,4.6,0.4,8.6,,,8,5.9,13.6,,,,,,,,,,,,21,,,,,,,,,,,,62.1
BRE_1761_072,5.5,0.8,10.9,,,8.1,6.8,16,,,,,,,,,,,,21.6,,,,,,,,,,,,69.7
BRE_0719_015,4.1,0.3,3.8,,,,3.7,,,,,,,,,,,,,13.4,,,,,,,,,,,,25.3
BRE_0712_011,1.4,,,,,,,,,,,,,,,,,,,,,,,,,,,,,,,1.4
MTE_2133_043,1.5,,,,,,,,,,,,,,,,,,,,,,,,,,,,,,,1.5
DUV_0202_004,2.8,,,,,,,,,,,,,,,,,,,,,,,,,,,,,,,2.8
DUV_0213_009,2.1,,,,,,,,,,,,,,,,,,,,,,,,,,,,,,,2.1
DUV_0334_017,3.3,,,,,,,,,,,,,,,,,,,,,,,,,,,,,,,3.3
BRE_0724_020,2.5,,2.7,,,,,,,,,,,,,,,,,,,,,,,,,,,,,5.2
DUV_0542_026,2.2,,4,,,,,,,,,,,,,,,,,,,,,,,,,,,,,6.2
DUV_0548_032,2,,,,,,,,,,,,,,,,,,,,,,,,,,,,,,,2
BRE_1739_051,1.7,,5.3,,,,,,,,,,,,,,,,,,,,,,,,,,,,,7.1
BRE_1738_050,,,4.4,,,,,,,,,,,,,,,,,,,,,,,,,,,,,4.4
BRE_0702_001,4,0.3,7.1,3.5,6,6.8,5.9,15.3,,,,,,,,,,,,21.3,,,,,,,,,,,,70.1
MTE_1491_025,3,,,5.6,6.7,,2.8,,,,,,,,,,,,,,,,,,,,,,,,,18.2
MTE_1492_026,1.7,,,2.3,,2.8,2.1,,,,,,,,,,,,,,,,,,,,,,,,,8.9
MTE_1494_028,1.5,,,2.8,,2.2,,,,,,,,,,,,,,,,,,,,,,,,,,6.4
MTE_2071_033,1.1,,,4,,,,,,,,,,,,,,,,,,,,,,,,,,,,5.1
MTE_2077_035,,,,3.3,,1.5,,,,,,,,,,,,,,,,,,,,,,,,,,4.8
BRE_0716_012,2.8,,,4,,,,,,,,,,,,,,,,,,,,,,,,,,,,6.7
MTE_2134_044,1.6,,,3.9,,,,,,,,,,,,,,,,,,,,,,,,,,,,5.4
CHA_0003_003,4.8,1,7.6,7.2,,4.5,3.3,,,,,,,,,,,,,,,,,,,,,,,,,28.5
CHA_0008_008,4.5,,,11.6,,,3.6,,,,,,,,,,,,,,,,,,,,,,,,,19.7
CHA_0010_009,35,0.7,48,4.2,7.3,8.4,7.2,16.9,,,,,,,,,,,,24.4,,,,,,,,,,,,151.9
CHA_0011_010,6.3,0.7,10.2,11.3,6.6,5.1,3.6,,,,,4.1,,,,,,,,14,,,,,,,,,,,,61.9
CHA_0012_011,3.3,,5.4,10.1,,,,,,,,,,,,,,,,,,,,,,,,,,,,18.8
CHA_0018_014,1.1,,,2.9,,,,,,,,,,,,,,,,,,,,,,,,,,,,4
CHA_0020_016,,,,3.5,,,,,,,,,,,,,,,,,,,,,,,,,,,,3.5
CHA_0024_019,1.8,,,5,,,,,,,,,,,,,,,,,,,,,,,,,,,,6.7
CHA_0025_020,2.2,,,6.9,,,,,,,,,,,,,,,,,,,,,,,,,,,,9.2
CHA_0054_027,3.4,,5.4,7,,3.1,2.9,,,,,,,,,,,,,,,,,,,,,,,,,21.8
CHA_0057_029,1.9,,,4.4,,,2.2,,,,,,,,,,,,,,,,,,,,,,,,,8.4
CHA_0061_030,2.7,,,5,,2.7,2.5,,,,,,,,,,,,,,,,,,,,,,,,,12.9
CHA_0064_033,3.5,,,7.9,,,3.2,,,,,,,,,,,,,,,,,,,,,,,,,14.7
CHA_0779_035,1,,,2.8,,,,,,,,,,,,,,,,,,,,,,,,,,,,3.8
CHA_1715_041,2.2,,,3.9,,3,2.4,,,,,,,,,,,,,,,,,,,,,,,,,11.6
CHA_1960_046,,,,5.9,,,,,,,,,,,,,,,,,,,,,,,,,,,,5.9
CHA_1962_047,1.3,,,3.6,,2.3,,,,,,,,,,,,,,,,,,,,,,,,,,7.2
CHA_1987_048,1.7,,,4.3,,2.9,,,,,,,,,,,,,,,,,,,,,,,,,,8.9
CHA_2004_054,4.6,,,5.2,,6.2,3.7,,,,,,,,,,,,,,,,,,,,,,,,,19.7
DUV_0214_010,7.9,,20.1,5.2,7.6,8.1,4.9,15.1,,8.2,,,,,,,,,,25.7,,,,,,,,,,,,102.7
DUV_0333_016,12.3,2.8,20.7,11.8,6.8,14.1,7.8,,,,,,,,,,,,,20.5,,,,,,,,,,,,96.8
DUV_0541_025,4.2,0.8,10.6,4.7,,6.5,,,,8.9,,4.2,,,,,,,,20.9,,,,,,,,,,,,60.7
DUV_0543_027,8.1,3.3,33.1,7.1,8.6,11.1,5.8,24.5,,9.3,,,,,,,,,,36.2,,,,,,,,,,,,147.2
DUV_0546_030,5.1,2.3,6.4,3.1,,5.7,4.1,,,,,,,,,,,,,,,,,,,,,,,,,26.7
DUV_0550_034,8.3,1.1,11.9,9.5,,10.1,6.2,,,,,4.8,,,,,,,,21.8,,,,,,,,,,,,73.7
BRE_0705_004,3.7,,7.9,2.2,,5.8,5.1,,,,,,,,,,,,,16.5,,,,,,,,,,,,41.2
BRE_1728_041,5.8,1,14,3.5,6.1,7.9,7,16.8,,,,,,,,,,,,21.9,,,,,,,,,,,,84
BRE_1730_043,6.3,3.1,38.8,4.4,7.4,8.3,7.7,,,,,5.2,,,,,,,,27.6,,,,,,,,,,,,108.8
BRE_1732_045,6.1,0.7,9.6,3.7,6,8.3,7.2,17.8,,,,,,,,,,,,24.5,,,,,,,,,,,,83.9
BRE_1740_052,5.8,1.1,12.3,3.9,6.1,7.5,6.7,13.2,,,,,,,,,,,,23,,,,,,,,,,,,79.6
BRE_0707_006,5.1,0.7,9.3,3,6.8,7.3,7.9,16.5,,,,,,,,,,,,22.5,,,,,,,,,,,,78.9
BRE_1746_058,3.8,0.6,13,2.6,6.8,5.5,4.7,,,,,,,,,,,,,18.3,,,,,,,,,,,,55.2
BRE_1748_060,5.1,1,13.5,4.2,8.2,6.6,5.5,,,,,,,,,,,,,21.2,,,,,,,,,,,,65.2
BRE_1751_063,6.8,1.6,10.5,5.2,6.5,9.3,7.4,,,,,,,,,,,,,17.9,,,,,,,,,,,,65.2
BRE_1754_066,4.9,0.5,9.7,5.4,6.5,7.9,5.6,,,,,,,,,,,,,22.3,,,,,,,,,,,,62.9
BRE_1757_068,4.8,0.8,8.8,3.6,,5.9,5.7,12.6,,,,,,,,,,,,19.7,,,,,,,,,,,,62
BRE_1758_069,7.1,3.3,41.5,3.9,6.3,7.7,6.1,,,,,4.4,,,,,,,,24.3,,,,,,,,,,,,104.7
BRE_1760_071,5.8,1.5,20.2,4.4,6.8,8.2,6.4,,,,,,,,,,,,,22.3,,,,,,,,,,,,75.7
BRE_1765_076,4.2,0.9,8.5,2.9,,,4.1,,,,,,,,,,,,,,,,,,,,,,,,,20.6
MTE_0430_004,9.8,0.9,11.2,23.6,7.6,10.8,6.4,12.1,,,,4,,,,,,,,15,,,,,,,,,,,,101.4
MTE_0435_009,4.2,0.4,,5.3,7,,3.6,,,,,3.9,,,,,,,,,,,,,,,,,,,,24.4
MTE_0437_011,5.7,,5.5,12.9,,,4.2,,,,,,,,,,,,,,,,,,,,,,,,,28.4
MTE_0615_017,3.1,0.3,3.9,3,,2.9,2.6,,,,,,,,,,,,,,,,,,,,,,,,,15.9
MTE_0617_019,5.6,0.9,7,5.4,6,5.7,3.2,,,,,3.6,,,,,,,,,,,,,,,,,,,,37.3
BRE_0910_034,4.3,1.6,14.6,,6.2,,4.4,10.4,,,,4,,,,,,,,16.7,,,,,,,,,,,,62.2
BRE_1727_040,7.2,2.7,33.6,,8.7,9,7.5,22.1,,,,5.8,,,,,,,,28.9,,,,,,,,,,,,125.5
BRE_1763_074,4.4,0.6,6.9,,6.2,5.4,4.7,,,,,,,,,,,,,17.2,,,,,,,,,,,,45.3
MTE_2089_041,,,,,,1.7,,,,,,,,,,,,,,,,,,,,,,,,,,1.7
DUV_0335_018,3.3,,5.1,,,4.3,2.7,,,,,,,,,,,,,15.1,,,,,,,,,,,,30.4
BRE_0906_030,4.8,0.5,7,,,7,4.6,,,,,,,,,,,,,,,,,,,,,,,,,23.9
BRE_0908_032,3.1,0.5,7.2,,,4.3,4.5,,,,,,,,,,,,,15.8,,,,,,,,,,,,35.3
BRE_0909_033,6.7,1,10.1,,,9.6,8.1,,,,,,,,,,,,,25.3,,,,,,,,,,,,60.8
BRE_0896_021,2.9,0.4,4.9,,,,3.5,,,,,,,,,,,,,13.3,,,,,,,,,,,,25
BRE_0710_009,1.7,,3.5,,,,2.3,,,,,,,,,,,,,,,,,,,,,,,,,7.5
BRE_0720_016,3.7,,3.4,,,,,,,,,,,,,,,,,,,,,,,,,,,,,7
BRE_0721_017,4,,3.5,,,,,,,,,,,,,,,,,,,,,,,,,,,,,7.5
BRE_0723_019,3.1,,,,,,,,,,,,,,,,,,,,,,,,,,,,,,,3.1
DUV_0304_013,2.6,,,,,,,,,,,,,,,,,,,,,,,,,,,,,,,2.6
BRE_0709_008,,,4.6,,,,,,,,,,,,,,,,,,,,,,,,,,,,,4.6
DUV_0199_001,55.8,10.8,,47.8,20.6,72.9,26.4,224.3,,15.1,,,,,,,,24.3,56.8,308.2,,,3.9,,,,,,,,,867
CHA_0038_026,,,,,,,,,,,,,,,,,,9.6,,,,,,,,,,,,,,9.6
DUV_0201_003,19.6,4.3,96.8,15.1,8.9,26.2,11.6,91.9,,8.6,,,,,,,,10.3,27.5,134.5,,,4.8,,,,,,,,,460
MTE_1405_021,5,,4.9,6.5,6.2,7.3,4.1,,,,,,,,,,,,,,,,,,,,,,,,,34.1
MTE_1490_024,4.6,,4.1,6.6,6.2,5,3.9,,,,,,,,,,,,,,,,,,,,,,,,,30.5
MTE_2064_032,1.1,,,2.4,,2.1,,,,,,,,,,,,,,,,,,,,,,,,,,5.6
MTE_2078_036,,,,4.1,,1.8,,,,,,,,,,,,,,,,,,,,,,,,,,5.9
CHA_0001_001,2.5,,,3.7,6.6,,,,,,,,,,,,,,,,,,,,,,,,,,,12.8
CHA_0014_013,2.4,,,6.2,,,,,,,,,,,,,,,,,,,,,,,,,,,,8.6
CHA_0063_032,3.4,,,6.4,,,2.9,,,,,,,,,,,,,,,,,,,,,,,,,12.7
CHA_0780_036,,,,4.2,,,,,,,,,,,,,,,,,,,,,,,,,,,,4.2
CHA_1949_042,,,,2.9,,,,,,,,,,,,,,,,,,,,,,,,,,,,2.9
CHA_1988_049,3.7,,4.5,6.4,,,2.7,,,,,,,,,,,,,,,,,,,,,,,,,17.2
BRE_0722_018,3.7,0.5,3.8,4.9,,,,,,,,,,,,,,,,,,,,,,,,,,,,12.9
BRE_0907_031,5.5,1.4,16.5,4.7,6.6,8.6,8.8,16.6,,,,,,,,,,,,26.4,,,,,,,,,,,,95
BRE_1723_036,5.3,1,11.7,3.5,6.3,8.1,6.5,16.5,,,,,,,,,,,,23.1,,,,,,,,,,,,81.9
BRE_1752_064,4.3,,8.5,3.2,,6.8,5.6,,,,,,,,,,,,,18.2,,,,,,,,,,,,46.6
MTE_0427_001,,,,4.8,,,,,,,,,,,,,,,,,,,,,,,,,,,,4.8
MTE_0429_003,10.2,1.4,14.6,18.6,6.6,9.4,6.2,,,,,,,,,,,,,16.6,,,,,,,,,,,,83.6
MTE_0431_005,7.2,1.3,8.9,16,6.6,8.3,5.4,,,,,3.8,,,,,,,,17.1,,,,,,,,,,,,74.5
MTE_0436_010,3.3,,3.6,3.3,,,3.1,,,,,,,,,,,,,,,,,,,,,,,,,13.3
MTE_0616_018,2.1,0.5,5.6,4.6,,2.6,2.2,,,,,,,,,,,,,,,,,,,,,,,,,17.4
BRE_1741_053,5.2,1.1,11.4,,7.5,8.6,6.1,13.5,,,,,,,,,,,,20.4,,,,,,,,,,,,73.9
DUV_0547_031,1.7,,,,,3.3,,,,,,,,,,,,,,,,,,,,,,,,,,5
BRE_0904_028,4.2,1.5,16.8,,,5.3,4.8,13.1,,,,4.1,,,,,,,,17.2,,,,,,,,,,,,66.9
CHA_1999_053,5.3,,5.3,,,,5.5,,,,,,,,,,,,,,,,,,,,,,,,,16.2
BRE_0708_007,2.2,,,,,,2.8,,,,,,,,,,,,,,,,,,,,,,,,,5
BRE_0711_010,1.1,,,,,,,,,,,,,,,,,,,,,,,,,,,,,,,1.1
MTE_1493_027,3.5,0.9,6.5,,,,,,,,,,,,,,,,,,,,,,,,,,,,,10.9
DUV_0544_028,1.9,,,,,,,,,,,,,,,,,,,,,,,,,,,,,,,1.9
BRE_1745_057,1.2,,,,,,,,,,,,,,,,,,,,,,,,,,,,,,,1.2
BRE_1762_073,6,0.8,,,,,,,,,,,,,,,,,,,,,,,,,,,,,,6.8
ALC_2120_084,9.1,0.5,9.8,9.3,1.5,8.4,5.7,8.7,,,,,,,,,,,,7.2,,,,,,,,,,,,60.3
ALC_2121_085,7.1,0.3,9.3,5.2,1.3,5.8,4.9,9.8,,,,,,,,,,,,5.7,,,,,,,,,,,,49.4
DUV_1190_047,2,,,3.1,1.3,2.2,2.2,,,,,,,,,,,,,,,,,,,,,,,,,10.8
ORA_0487_002,11.1,0,5.3,14,,10.7,8.1,,,,,,,,,,,,,5.4,,,,,,,,,,,,54.5
ORA_0501_006,4.4,,,2.8,,5.9,4.3,,,,,,,,,,,,,,,,,,,,,,,,,17.4
ORA_0507_010,4.2,,,2.6,,5.4,3.8,,,,,,,,,,,,,,,,,,,,,,,,,16
ORA_0512_015,4.2,,,2.3,2,5.3,4.1,,,,,,,,,,,,,,,,,,,,,,,,,17.9
DUV_1192_049,1.8,,,2.7,,,,,,,,,,,,,,,,,,,,,,,,,,,,4.6
ORA_0521_018,4.3,,4.3,2.5,1.5,5.6,3.7,,,,,,,,,,,,,,,,,,,,,,,,,21.8
ORA_0533_025,4.1,,4,3,,5,4,,,,,,,,,,,,,,,,,,,,,,,,,20
ORA_0557_028,3.2,,3.9,0.8,,1.6,2.5,,,,,,,,,,,,,,,,,,,,,,,,,12.1
ORA_0626_030,8.6,1.1,8.3,7.6,2,9.3,5.9,,,,,,,,,,,,,,,,,,,,,,,,,42.8
ORA_0635_039,3.8,0.1,3.5,1.2,,5.6,4,,,,,,,,,,,,,,,,,,,,5.2,,,,,23.4
ORA_0636_040,8.9,1.2,9.8,7,2.1,8.6,6.7,9.2,,,,,,,,,,,,11,,,,,,,,,,,,64.6
ORA_0725_043,7.3,1.1,12.5,5,2,6,4.6,,,,,,,,,,,,,9.4,,,,,,,,,,,,47.8
ORA_0828_046,5.2,0.1,4,4,2.3,8.2,4.7,,,,,,,,,,,,,,,,,,,,,,,,,28.4
ORA_0829_047,3,0.1,,3.1,1.6,9,2.9,,,,,,,,,,,,,,,,,,,,,,,,,19.7
ORA_0841_050,5.5,0.3,3.6,4.2,1.9,7.1,3.9,,,,,,,,,,,,,,,,,,,,,,,,,26.4
ORA_1455_054,8.4,1.2,7.9,4,,9.5,5.8,,,,,,,,,,,,,5.3,,,,,,,,,,,,42.3
ORA_2033_058,13.7,2.5,19.6,5.4,,9.9,7.1,,,,,,,,,,,,,6.4,,,,,,,,,,,,64.5
ORA_2036_060,13.2,0.9,14.4,5.7,1.7,11.3,7.4,15.5,,,,,,,,,,,,11.6,,,,,,,,,,,,81.9
PAL_0138_005,2.6,0.1,7.1,3.2,3.3,3.5,2.4,9.4,,,,,,,,,,,,11.1,,,,,,,,,,,,42.8
PAL_0140_006,2.2,0.2,4.5,1.4,,1.8,2,,,,,,,,,,,,,,,,,,,,,,,,,12.1
PAL_0155_008,6.6,0.9,10.8,5.9,,6.8,4.4,,,,,,,,,,,,,,,,,,,,,,,,,35.3
PAL_0177_009,3.1,0.3,5,3.6,,3.9,3.3,,,,,,,,,,,,,,,,,,,,,,,,,19.3
PAL_0181_011,4.1,0.1,8.1,2.2,1.7,4.4,6.7,,,,,,,,,,,,,7.2,,,,,,,,,,,,34.5
PAL_0188_016,,,,1.9,,,,,,,,,,,,,,,,,,,,,,,,,,,,1.9
PAL_0190_018,2.5,0.1,4.4,2.9,,2.9,2.5,,,,,,,,,,,,,,,,,,,,,,,,,15.3
PAL_0192_020,2,0.2,,2.1,,2.3,2,,,,,,,,,,,,,,,,,,,,,,,,,8.6
PAL_0193_021,3.7,0.5,,3.3,,5,3,,,,,,,,,,,,,,,,,,,,,,,,,15.4
PAL_0194_022,2.4,0,,1.3,,2.4,2.5,,,,,,,,,,,,,,,,,,,,,,,,,8.7
DUV_1119_038,3,,,2.8,,,,,,,,,,,,,,,,,,,,,,,,,,,,5.8
PAL_0251_025,10.9,4.9,20.5,7.7,,10.2,6.6,,,,,,,,,,,,,8.7,,,,,,,,,,,,69.6
PAL_0254_028,1.4,,,2.8,,1.5,,,,,,,,,,,,,,,,,,,,,,,,,,5.7
PAL_0256_030,3.6,0.2,6.1,3.9,,3.3,2.9,,,,,,,,,,,,,,,,,,,,,,,,,20
PAL_0257_031,5.4,0.6,6.7,5.2,,11,5.5,,,,,,,,,,,,,,,,,,,,,,,,,34.4
PAL_0260_034,2.6,0,5.1,2.6,,2.6,2.2,,,,,,,,,,,,,,,,,,,,,,,,,15.1
ALC_0127_001,15.9,1.2,9.9,6.2,,18.8,7.9,,,,,,,,,,,,,,,,,,,,,,,,,59.9
ALC_0128_002,8.5,1.4,5,4,,15.2,5.3,,,,3.8,,3.9,,,,,,,,,1.7,,,,,,,,,,48.8
ALC_0130_004,19.5,1.9,14.4,15.8,2,26.8,10.5,,,,,,,,,,,,,7.1,,,,,,,,,,,,98.1
DUV_1120_039,6.8,0.7,9.2,8.9,,6.6,4.4,,,,,,,,,,,,,6.5,,,,,,,,,,,,43.2
ALC_0715_015,1.6,,,2.2,,,,,,,,,,,,,,,,,,,,,,,,,,,,3.8
ALC_0776_017,5.5,2.5,10.5,2.7,1.5,8.5,7.6,10,,,,,,,,,,,,12,,,,,,,,,,,,60.7
ALC_0809_021,2.2,0.2,,1.9,,2.3,2.6,,,,,,,,,,,,,,,,,,,,,,,,,9.3
ALC_0894_024,11.1,3.8,9.4,6.8,1.7,15.7,6.9,,,,,,0.1,,,,,,,,,1.5,,,,,,,,,,56.9
ALC_0930_027,7.2,0.4,8.6,5.4,,6.6,4.7,8,,,,,,,,,,,,6.1,,,,,,,,,,,,46.9
DUV_1122_041,10.6,1.6,15.5,8.5,,9.3,6.6,10.3,,,,,,,,,,,,9.9,,,,,,,,,,,,72.4
ALC_0932_029,,,,1.3,,,,,,,,,,,,,,,,,,,,,,,,,,,,1.3
ALC_0935_032,1.6,0,,3.2,,,,,,,,,,,,,,,,,,,,,,,,,,,,4.8
ALC_0936_033,1.6,0.1,,2.8,,,,,,,,,,,,,,,,,,,,,,,,,,,,4.5
ALC_0955_036,14.8,1,13.6,15.4,1.8,14.3,8.9,12.5,,,,,,,,,,,,13.3,,,,,,,,,,,,95.4
ALC_0957_038,4.8,0.7,,3.7,,9.3,4.7,,,,,,,,,,,,,,,1.3,,,,,,,,,,24.5
ALC_0958_039,7.9,0.7,9.5,5.2,,8.8,5,7.3,,,,,,,,,,,,7.4,,,,,,,,,,,,51.9
ALC_0996_041,,,,1.6,,,,,,,,,,,,,,,,,,,,,,,,,,,,1.6
ALC_1150_047,7,0.8,11.3,8.1,1.7,7,5.1,13.3,,,,,,,,,,,,14.6,,,,,,,,,,,,68.8
ALC_1152_049,11.5,0.7,11.2,12,,10.4,7.3,,,,,,,,,,,,,8.7,,,,,,,,,,,,61.8
DUV_1124_043,3.2,0.2,4.7,3.8,,3,2.7,,,,,,,,,,,,,,,,,,,,,,,,,17.7
ALC_1155_052,6.4,0.2,8.1,6.8,,5.8,4.4,8.8,,,,,,,,,,,,8.5,,,,,,,,,,,,49.1
ALC_1495_062,11.4,1,11.4,6.6,,12.4,8.3,8.1,,,,,,,,,,,,7.8,,,,,,,,,,,,67.1
ALC_1500_067,8.4,3.3,15.8,2.5,,6.6,5.4,9,,,,,,,,,,,,9.5,,,,,,,,,,,,60.6
ALC_1640_072,5.5,2.6,12.1,1.1,,7.8,7.4,10.7,,,,,,,,,,,,12.1,,,,,,,,,,,,59.4
ALC_1641_073,6.5,0.3,5.5,7.3,,0.7,,,,,,,,,,,,,,,,,,,,,,,,,,20.4
ALC_1643_075,5.8,2.1,8.4,1.5,,8.2,7.9,11.9,,,,,,,,,,,,13.6,,,,,,,,,,,,59.5
ALC_0998_043,2.8,0.6,,,,3.9,3.9,,,,,,,,,,,,,,,,,,,,,,,,,11.3
ALC_1158_055,1.5,,,,,1,,,,,,,,,,,,,,,,,,,,,,,,,,2.5
ALC_1496_063,2.9,0,3.3,,,2.4,2.3,,,,,,,,,,,,,,,,,,,,,,,,,10.9
ORA_0632_036,3,0.1,,,,,,,,,,,,,,,,,,,,,,,,,,,,,,3
DUV_1118_037,3.1,0.2,,4.4,,,2.8,,,,,,,,,,,,,,,,,,,,,,,,,10.6
ALC_2123_087,11.6,0.7,12.7,6.5,1.5,14.1,8.4,10.6,,,,,,,,,,,,10.3,,,,,,,,,,,,76.4
DUV_1191_048,3.1,1.2,13.8,2.5,,2.5,2.4,,,,,,,,,,,,,,,,,,,,,,,,,25.5
ORA_0488_003,8.2,0.1,6.4,7,1.6,10.8,4.8,,,,,,,,,,,,,,,,,,,,,,,,,38.9
ORA_0503_008,4.4,,4.4,3.1,1.6,5.7,4,,,,,,,,,,,,,,,,,,,,,,,,,23.1
ORA_0508_011,4.5,,,2.1,,4.5,3.7,,,,,,3.8,,,,,,,,,2.4,,,,,,,,,,21
ORA_0509_012,4.5,,,2.4,,5.5,4,,,,,,,,,,,,,,,,,,,,,,,,,16.5
ORA_0514_016,4.8,0,,2.5,2,5.2,3.9,,,,,,2,,,,,,,,,,,,,,,,,,,20.5
ORA_0523_019,4.2,,,2.6,,5.5,3.7,,,,,,,,,,,,,,,,,,,,,,,,,15.9
ORA_0524_020,3.6,,,2.4,1.5,4.4,3.2,,,,,,1.3,,,,,,,,,,,,,,,,,,,16.4
ORA_0525_021,4.4,,4.1,2.5,,5.3,3.8,,,,,,,,,,,,,,,,,,,,,,,,,20.1
ORA_0531_023,4.1,,,2.4,1.6,4.7,3.7,,,,,,1.4,,,,,,,,,1.5,,,,,,,,,,19.5
ORA_0556_027,4.2,0.5,,5,,8.4,3.1,,,,,,,,,,,,,,,,,,,,,,,,,21.2
ORA_0558_029,13.8,0.9,8.1,4.1,,11.6,7.6,,,,,,,,,,,,,,,,,,,,,,,,,46.1
ORA_0631_035,13.1,1,9.1,5.3,1.9,9.4,7,8.3,,,,,,0.4,4.3,,,,,8.5,,,,,,,,,,,,68.3
ORA_0634_038,5.5,0.4,,4.1,,10.5,5.2,,,,,,,,,,,,,,,,,,,,,,,,,25.7
ORA_0840_049,5.9,0.4,3.9,5.3,,7.8,4,,,,,,,,,,,,,,,,,,,,,,,,,27.3
ORA_1060_052,10.6,0.4,15.8,7.7,,7.5,5.8,,,,,,4.1,,,,,,,5.9,,,,,,,,,,,,57.8
ORA_1457_056,6.7,0.4,5.8,5.9,1.5,6.9,4.1,,,,,,,,,,,,,,,,,,,,4.5,,,,,35.9
ORA_2035_059,5.7,0.4,4.6,4,,9,4.5,,,,,,,,,,,,,,,1.3,,,,,,,,,,29.6
PAL_0135_002,5,0.1,9.6,2.5,1.9,6.4,,12.6,,,,,0.2,,,,,,,12.2,,,,,,,,,,,,50.4
PAL_0137_004,7.2,,15.7,1.2,,14.3,7.9,19.3,,,,,,,,,,,,23.3,,,,,,,,,,,,89
PAL_0144_007,5.3,0.4,7,4.8,,5.8,3.5,,,,,,,,,,,,,,,,,,,,,,,,,26.8
PAL_0180_010,2,,4.9,0.9,,1.6,,,,,,,0.1,,,,,,,,,,,,,,,,,,,9.4
PAL_0183_013,1.9,0.1,4,1.1,,2.1,2.2,,,,,,0.3,,,,,,,,,,,,,,,,,,,11.8
JEF_1384_002,,0.1,,2.5,,,,,,,,,,,,,,,,,,,,,,,,,,,,2.5
PAL_0187_015,5.7,1,5.8,4.3,,8.2,5.1,,,,,,,,,,,,,,,,,,,,,,,,,30
PAL_0189_017,4.4,0.7,5.6,4.5,,4.9,3.3,,,,,,,,,,,,,,,,,,,,,,,,,23.3
PAL_0191_019,8.1,2.7,8.1,4.2,,7.2,5.3,,,,,,,,,,,,,5.7,,,,,,,,,,,,41.3
PAL_0248_024,1.6,,,1,,2.9,2.5,,,,,,,,,,,,,,,,,,,,,,,,,7.9
PAL_0252_026,6.7,1.1,8.7,4.8,,7,5.3,,,,,,,,,,,,,7.9,,,,,,,,,,,,41.5
PAL_0255_029,1.9,0,5,1.9,,2,2.1,,,,,,,,,,,,,,,,,,,,,,,,,13
PAL_0258_032,2.3,0.1,5.7,1.5,,2.3,2.2,,,,,,,,,,,,,,,,,,,,,,,,,14.1
LIB_1607_001,3.5,0.1,3.5,3.5,1.5,4,2.8,,,,,,,,,,,,,,,,,,,,,,,,,18.8
ALC_0129_003,9,0.6,6.3,4.8,,14.5,5.4,,,,,,2.8,,,,,,,,,2.4,,,,,,4.6,,,,50.4
ALC_0131_005,20.4,1.2,14.3,18.3,,24.6,10.7,9.7,,,,,,,,,,,,8.6,,,,,,,,,,,,107.8
ALC_0132_006,7.8,1.1,7.4,4.3,,11.9,4.4,,,,,,0.4,,,,,,,,,,,,,,,,,,,37.4
ALC_0564_009,,,,0.2,,,,,,,,,,,,,,,,,,,,,,,,,,,,0.2
ALC_0568_013,1.6,,,1.5,,,2,,,,,,,,,,,,,,,,,,,,,,,,,5.1
ALC_0714_014,1.8,,,1.6,,,,,,,,,,,,,,,,,,,,,,,,,,,,3.4
ALC_0777_018,5.3,2.4,10.3,3.2,,9,8.3,,,,,,,,,,,,,13,,,,,,,,,,,,51.6
DUV_1121_040,3.2,,4.9,4.8,,,2.9,,,,,,,,,,,,,,,,,,,,,,,,,15.8
ALC_0778_019,5.4,2.3,8.2,3,,9.1,9.1,,,,,,,,,,,,,14.4,,,,,,,,,,,,51.5
ALC_0813_022,2.1,0.2,,2.6,,,,,,,,,,,,,,,,,,,,,,,,,,,,5
ALC_0893_023,11.2,3.9,8.7,8.1,,17.3,6.8,,,,,,,,,,,,,4.6,,,,,,,,,,,,60.6
ALC_0895_025,21.6,2.4,16.2,15.7,,26,10.6,8,,,,,,,,,,,,7.2,,,,,,,,,,,,107.8
ALC_0929_026,5,1.9,8.3,3.8,,9.2,7.8,10.6,,,,,,,,,,,,10.8,,,,,,,,,,,,57.5
ALC_0934_031,32.3,3,19.8,21.2,1.8,41.1,15.2,10.6,,,,,0.7,,,,,,,12.3,,,,,,,,,,,,157.9
ALC_0937_034,81.2,4.9,17.8,17.6,4.4,67,55.9,43.2,,,,,,0,,,,,,48.9,,,,,,,,,,,,340.8
ALC_0956_037,18.4,1.4,19.7,16.6,2,16.3,9.9,12.2,,,,,1.2,,,,,,,15.2,,,,,,,,,,,,112.9
DUV_1123_042,3.1,0.3,,3.7,,2.8,2.9,,,,,,,,,,,,,,,,,,,,,,,,,12.8
ALC_0995_040,1.4,,,0.3,,0.7,,,,,,,,,,,,,,,,,,,,,,,,,,2.4
ALC_0997_042,1.5,,,1.7,,,,,,,,,,,,,,,,,,,,,,,,,,,,3.2
ALC_1000_044,3.7,1,5.6,1.3,,6.1,,,,,,,,,,,,,,7.7,,,,,,,,,,,,25.3
ALC_1151_048,8.4,0.8,11.7,11.9,,8.6,5.2,10.9,,,,,,,,,,,,17.1,,,,,,,,,,,,74.7
ALC_1153_050,6.9,0.2,9.4,12,2.3,5.8,4.1,10.8,,,,,,,,,,,,12.5,,,,,,,,,,,,63.9
ALC_1154_051,5.5,0.2,8,5.3,,4.6,3.7,8.1,,,,,,,,,,,,7.7,,,,,,,,,,,,43.1
ALC_1157_054,7.6,0.5,11,8.1,,6.4,4.8,10.4,,,,,2.4,,,,,,,10.9,,,,,,,,,,,,62
DUV_1131_044,8.2,1.1,12.1,7.1,,8.3,4.8,9.8,,,,,,,,,,,,9.5,,,,,,,,,,,,60.9
DUV_1132_045,9.1,0.6,9.9,12.5,,11.8,6.5,8.1,,,,,,,,,,,,10,,,,,,,,,,,,68.6
ALC_1501_068,2.8,,3.3,1.2,,,,,,,,,0.5,,,,,,,,,,,,,,,,,,,7.8
ALC_1644_076,26.5,22.3,79.4,6.5,2.8,59,34.8,66.7,,10.1,,,,,,,,,17.5,83,,2.1,,,,,,,,,,410.7
ALC_1647_079,5.8,2.2,8.7,3.7,,9.9,6.8,,,,,,,,,,,,,7.4,,,,,,,,,,,,44.5
ALC_2122_086,9.3,0.3,20.1,,3.8,23.6,8.9,10.6,,,,,,,,,,,,5.8,,,,,,,,,,,,82.5
ORA_0640_042,4.6,0.5,6.9,,,5.2,3.9,,,,,,,,,,,,,,,,,,,,,,,,,21
ALC_0931_028,5,0.7,4.6,,,7.2,4.4,,,,,,,,,,,,,,,1.5,,,,,,,,,,23.3
ALC_1621_071,1.9,,,,,1.7,2.1,,,,,,,,,,,,,,,,,,,,,,,,,5.7
ORA_0827_045,2,,,,,,2.6,,,,,,,,,,,,,,,,,,,,,,,,,4.6
ORA_0627_031,8.2,,6.9,,,,,45.8,,,,,,,,,,,,71.6,,,,,,,,,,,,132.5
ALC_0567_012,1.6,0,,,,,,,,,,,,,,,,,,,,,,,,,,,,,,1.6
ALC_1172_058,1.6,,,,,,,,,,,,4.1,,,,,,,,,,,,,,,,,,,5.7
ALC_1177_060,1.7,,,,,,,,,,,,,,,,,,,,,,,,,,,,,,,1.7
ALC_1497_064,1.8,,,,,,,,,,,,,,,,,,,,,,,,,,,,,,,1.8
ALC_1620_070,1.7,,,,,,,,,,,,,,,,,,,,,,,,,,,,,,,1.7
PAL_0253_027,,,,,,,,,,,,,0,,,,,,,,,,,,,,,,,,,0
PAL_0136_003,3.3,0.4,5.6,3.4,,2.7,2.8,,,,,,,,,,,,,,,,,,,,,,,,,18.2
ALC_1074_046,5.1,2.4,9,1,1.2,7.3,7,9,,,,,,,,,,,,10.8,,,,,,,,,,,,52.9
DUV_1186_046,2.7,0.1,5.2,3.2,,3.1,2.6,,,,,,,,,,,,,,,,,,,,,,,,,16.9
ORA_0300_001,7.4,0.9,6.4,1.7,1.2,3.5,4,,,,,,,,,,,,,,,,,,,,,,,,,25.2
ORA_0489_004,7.6,0.5,5.6,5.3,1.5,6.2,4.9,,,,,,,,,,,,,,,,,,,,,,,,,31.7
ORA_0511_014,4.2,,,2.4,2.3,4.8,3.5,,,,,,,,,,,,,,,,,,,,,,,,,17.1
ORA_0534_026,4.5,0.1,4.3,2.4,1.6,5.2,3.9,,,,,,,,,,,,,,,,,,,,,,,,,22
ORA_1057_051,4.8,0.3,4.5,2.9,,7.6,6.2,,,,,,,,,,,,,,,,,,,,,,,,,26.4
ORA_2032_057,13.2,1.4,22.8,7.5,2.5,18,7,16.3,,,,,,,,,,,,14.6,,,,,,,,,,,,103.4
PAL_0134_001,2,0.1,4.6,2,,1.9,2.1,,,,,,,,,,,,,,,,,,,,,,,,,12.7
PAL_0184_014,,,,2.7,,,,,,,,,,,,,,,,,,,,,,,,,,,,2.7
PAL_0247_023,1.6,,,1.6,,2.3,2.2,,,,,,,,,,,,,,,,,,,,,,,,,7.7
PAL_0259_033,,,,0.5,,0.8,,,,,,,,,,,,,,,,,,,,,,,,,,1.3
ALC_0133_007,12.4,2.6,10.3,10.1,1.5,21.9,7.6,,,,,,0.3,,,,,,,,,1.2,,,,,,,,,,68
ALC_0446_008,,,4.2,1.9,,,,,,,,,,,,,,,,,,,,,,,,,,,,6.1
ALC_0565_010,1.5,,,0.5,,,,,,,,,,,,,,,,,,,,,,,,,,,,2
ALC_0954_035,7.3,1,6.3,6.2,1.8,11.4,5.5,,,,,,,,,,,,,,,,,,,,,,,,,39.4
ALC_1156_053,8.4,1,12.7,7.2,,8,4.9,12,,,,,,,,,,,,12.7,,,,,,,,,,,,66.9
ALC_1162_057,1.6,,3.5,0.4,,,,,,,,,,,,,,,,,,,,,,,,,,,,5.4
ALC_1498_065,4.8,0.6,6.5,2,,5.8,4.4,7.9,,,,,,,,,,,,6,,,,,,,,,,,,37.9
ALC_1646_078,10.6,10.5,34.6,2.8,1.8,24.6,18,30.8,,7.3,,,,,,,,,,32,,1.7,,,,,,,,,,174.7
ALC_1468_061,1.2,0,,,,,,,,,,,,,,,,,,,,,,,,,,,,,,1.2
ALC_1502_069,1.3,,3.8,,,,,,,,,,,,,,,,,,,,,,,,,,,,,5.2
POL_0156_001,7.7,2.9,,8.9,,9,6,8.7,,,,,,,,,,5.8,,11.9,,,,,,,0.3,,,,,61.1
POL_0164_009,7.9,2.5,,11.3,,10.8,5.9,,,,,,,,,,,4.3,,11.3,,,,,,,0.4,,,,,54.3
PAS_0771_004,7.9,1.9,,7.3,,4.6,,,,,,1.1,,,,,,,,,,0.4,,,,,0.3,,,,,23.5
PAS_0882_008,12.4,2.1,,15.4,,13.6,6,,,,,,,,,,,,,11.1,,,,,,,0.5,,,,,61.1
PAS_0883_009,14,2.5,12.3,15.1,,13.6,6.7,,,,,,,,,,,,,11.7,,,,,,,0.3,,,,,76.3
PAS_0884_010,9.5,2.1,,12.8,,10.4,5.2,,,,,,,,,,,,,,,,,,,,0.3,,,,,40.4
PAS_0979_012,2.4,,,5.8,,2.5,,,,,,,,,,,,,,,,,,,,,0.4,,,,,11.1
PAS_0980_013,5.2,,,7,,4.9,,,,,,,,,,,,,,,,,,,,,0.4,,,,,17.5
PAS_0981_014,7.6,,,8.8,,7.4,3.9,,,,,,,,,,,,,,,,,,,,1.6,,,,,29.3
PAS_0982_015,5.4,,,6.9,,5.4,,,,,,,,,,,,,,,,,,,,,0.2,,,,,17.9
PAS_0983_016,4.4,,,8.2,,4.6,,,,,,,,,,,,,,,,,,,,,0.2,,,,,17.5
PAS_0987_019,6,,,7.8,,3.6,,7.2,,,,,,,,,,,,,,,,,,,0.3,,,,,25
PAS_1039_024,8.6,,,10.9,,9.8,4.9,,,,,,,,,,,,,,,,,,,,0.2,,,,,34.5
PAS_1041_026,3.5,,,6,,3,,,,,,,,,,,,,,,,,,,,,0.3,,,,,12.7
OKE_1270_002,3.1,,,7.1,,4.7,,,,,,,,,,,,,,,,,,,,,0.3,,,,,15.1
OKE_1271_003,3,,,6.1,,4.5,,,,,,,,,,,,,,,,,,,,,0.4,,,,,14
OKE_1285_007,3.2,,,6.1,,3.6,,,,,,,,,,,,,,,,,,,,,0.4,,,,,13.3
OKE_1293_014,3.6,,,6.3,,4.1,,,,,,,,,,,,,,,,,,,,,6.8,,,,,20.8
OKE_1304_016,3.6,,,6.1,,4.5,,,,,,,,,,,,,,,,,,,,,0.4,,,,,14.5
OKE_1307_019,3,,,6.1,,5.2,,,,,,,,,,,,,,,,,,,,,0.3,,,,,14.5
OKE_1322_022,3.2,,,5.8,,4.1,,,,,,,,,,,,,,,,,,,,,0.3,,,,,13.4
OKE_1335_024,2.9,,,6.5,,4,,,,,,,,,,,,,,,,,,,,,0.3,,,,,13.8
POL_0157_002,9,4.4,,9.3,,10.9,7.3,9.8,,,,,,,,,,,,13.2,,,,,,,0.3,,,,,64.3
POL_0158_003,9,3.3,,9.5,,10.9,7.6,7.9,,,,,,,,,,,,12.1,,,,,,,0.3,,,,,60.5
POL_0160_005,8.8,2,,11.7,,8.8,5.2,7.2,,,,,,,,,,,,,,,,,,,0.3,,,,,44
POL_0161_006,8.6,1.8,15.5,10.9,,8.2,5.1,21.1,,,,,,,,,,,,25.7,,,,,,,0.3,,,,,97.1
POL_0162_007,3.7,,,6.3,,3.8,,9.9,,,,,,,,,,,,14.4,,,,,,,0.4,,,,,38.5
POL_0163_008,7.1,,,7.7,,5.3,3.8,,,,,,,,,,,,,10.2,,,,,,,0.2,,,,,34.2
POL_0165_010,7.4,1.7,,7.3,,5.9,4.1,,,,,,,,,,,,,,,,,,,,0.2,,,,,26.6
POL_0166_011,11.2,2.3,10.3,12.6,,7.3,6.4,7.7,,,,,,,,,,,,11.8,,,,,,,0.4,,,,,69.9
POL_0167_012,11.6,3,11.6,12.6,,9.9,6.9,10.2,,,,,,,,,,,,13.7,,,,,,,0.3,,,,,79.9
POL_0168_013,8.2,,,9.7,,8.7,4.9,,,,,,,,,,,,,,,,,,,,0.2,,,,,31.7
POL_0169_014,7,2.2,18.3,7.2,,8.1,4.7,12.3,,,,,,,,,,,,14.1,,,,,,,0.4,,,,,74.3
POL_0171_015,5.2,2,,6.2,,12.6,5.1,13.3,,,,,,,,,,,,15.1,,,,,,,0.2,,,,,59.7
POL_0172_016,3.6,,,6.8,,4.1,,,,,,,,,,,,,,,,,,,,,0.3,,,,,14.7
POL_0173_017,4.6,,,6.1,,4.8,,,,,,,,,,,,,,,,,,,,,0.2,,,,,15.7
POL_0174_018,6.2,,,8.6,,5.1,3.6,,,,,,,,,,,,,,,,,,,,0.3,,,,,23.8
POL_0301_019,5.6,,,6.5,,3.7,,,,,,,,,,,,,,,,,,,,,0.3,,,,,16.2
POL_1694_021,6.3,1.8,,7.3,,5.3,3.7,6.9,,,,,,,,,,,,,,,,,,,,,,,,31.3
POL_1695_022,16.9,3.1,10.3,11.7,,10.2,7.1,12.9,,,,,,,,,,,,15.1,,,,,,,,,,,,87.2
POL_1696_023,7.3,3.3,,8.8,,9.5,6.6,7.9,,,,,,,,,,,,,,,,,,,,,,,,43.5
POL_1984_024,5.7,2,,8.6,,7.4,,7.9,,,,,,,,,,,,11.6,,,,,,,,,,,,43.1
POL_1986_025,5.4,2.2,,8.4,,4.5,,10.3,,,,,,,,,,,,13.3,,,,,,,,,,,,44.1
SEM_0637_001,5.2,,,8,,5.6,,,,,,1.1,,,,,,,,,,,,,,,,,,,,19.9
SEM_0638_002,7.2,2.1,,9,,8.5,4.5,,,,,,,,,,,,,10.3,,,,,,,,,,,,41.5
SEM_0726_003,3.8,,,5.6,,3.7,,,,,,,,,,,,,,,,,,,,,,,,,,13.1
SEM_0727_004,8.3,2.2,15.6,7.8,,6.2,4.4,11.2,,,,,,,,,,,,15.4,,,,,,,,,,,,71.2
SEM_0728_005,8.6,2,,10.1,,15.7,6.6,,,,,1,,,,,,,,,,,,,,,,,,,,44
SEM_0941_006,4.3,2,,7.5,,4.7,,,,,,,,,,,,,,,,,,,,,,,,,,18.5
SEM_0944_008,4.6,,,7,,4.3,,,,,,,,,,,,,,,,,,,,,,,,,,15.9
SEM_0945_009,6.9,2.4,,8.1,,8.4,5.1,,,,,,,,,,,,,11.7,,,,,,,,,,,,42.6
SEM_1058_010,9.5,2,,7.5,,10.4,6.7,,,,,,,,,,,,,10.9,,,,,,,,,,,,46.9
SEM_1059_011,3.2,,,6.3,,2.2,,,,,,,,,,,,,,,,,,,,,,,,,,11.7
PAS_0770_003,5.7,1.8,,8.7,,4.9,,7.6,,,,,,,,,,,,,,,,,,,0.3,,,,,28.9
PAS_0772_005,3.9,,,,,4.1,,,,,,,,,,,,,,,,,,,,,0.5,,,,,8.5
PAS_0773_006,3,,,,,3,,,,,,,,,,,,,,,,,,,,,0.4,,,,,6.4
PAS_0774_007,1.6,,,,,1.4,,,,,,,,,,,,,,,,,,,,,0.3,,,,,3.3
PAS_0921_011,2.7,,,,,2.7,,,,,,,,,,,,,,,,,,,,,0.4,,,,,5.7
PAS_0985_017,1.8,,,,,2,,,,,,,,,,,,,,,,,,,,,0.4,,,,,4.1
PAS_0986_018,2.9,,,,,1.5,,,,,,,,,,,,,,,,,,,,,0.3,,,,,4.7
PAS_0988_020,2.6,,,,,2.3,,,,,,,,,,,,,,,,,,,,,0.3,,,,,5.3
PAS_0990_021,2.2,,,,,1.9,,,,,,,,,,,,,,,,,,,,,0.3,,,,,4.4
PAS_0991_022,1.8,,,,,1.5,,,,,,,,,,,,,,,,,,,,,0.1,,,,,3.4
PAS_0992_023,3,,,,,2.6,,,,,,,,,,,,,,,,,,,,,0.8,,,,,6.4
OKE_1269_001,3.2,,,,,3.2,,,,,,,,,,,,,,,,,,,,,0.3,,,,,6.7
OKE_1274_006,2.9,,,,,4.8,,,,,,,,,,,,,,,,,,,,,0.3,,,,,8
OKE_1320_020,3.8,,,,,3,,,,,,,,,,,,,,,,,,,,,0.3,,,,,7.1
OKE_1350_027,3.2,,,,,2.8,,,,,,,,,,,,,,,,,,,,,0.5,,,,,6.4
POL_1693_020,1.6,,,,,2,,,,,,,,,,,,,,,,,,,,,,,,,,3.6
PAS_0367_001,3.7,,,,,3.3,,,,,,,,,,,,,,,,,,,,,0.2,,,,,7.2
PAS_0368_002,2,,,,,1.4,,,,,,,,,,,,,,,,,,,,,0.4,,,,,3.8
PAS_2028_029,,,,,,,,,,,,,,,,,,,,,,,,,,,0.2,,,,,0.2
POL_0159_004,,,,,,,,,,,,,,,,,,,,,,,,,,,0.1,,,,,0.1
LAF_1194_001,,,,,,,,,,,,,,,,,,,,,,,,,,,0.9,,,,,0.9
LAF_1677_002,,,,,,,,,,,,,,,,,,,,,,,,,,,0.8,,,,,0.8
LAF_1678_003,,,,,,,,,,,,,,,,,,,,,,,,,,,0.8,,,,,0.8
PAS_1040_025,2.1,,,,,,,,,,,,,,,,,,,,,,,,,,,,,,,2.1
PAL_0377_047,2.8,,,,,2.8,,,,,,,,,,,,,,,,0.4,,8.7,,,0.8,,,,,15.5
PAL_1367_131,3.4,,,,,4.6,,,,,,,,,,,,,,,,,,9.1,,,0.9,,,,,17.9
PAL_0381_051,2.8,,,6.5,,3.6,,,,,,,,,,,,3.8,,,,,,,,,1,,,,,17.7
PAL_0422_056,2.6,,,,,3.5,,,,,,,,,,,,4.7,,,,0.4,,,,,0.8,,,,,12
PAL_0490_059,8.6,2.9,21.8,9.8,,16.1,8.3,11.1,,,,1.6,,,,,,3.7,,18.6,,0.5,,,,,0.7,,,,,103.6
PAL_0492_061,12.4,3.9,56.3,11.9,,57.1,18.3,43.3,,20.4,,1.8,,,,,,5.5,,51.1,,0.9,,,,,0.7,,,,,283.6
PAL_0345_044,8.5,2.4,,,,2.6,,,,,,2.7,0.6,,,,,4.7,,,,1.3,,,,,0.6,,,,,23.6
PAL_0261_035,6.2,1.9,,9.6,,5.9,,,,,,,,,,,,,,10.3,,,,,,,0.8,,,,,34.7
PAL_0347_045,4.9,2,,6.8,,4.9,,,,,,,,,,,,,,,,0.7,,,,,0.9,,,,,20.2
PAL_0379_049,3.8,,,8.7,,10.3,,,,,,,,,,,,,,,,,,,,,0.8,,,,,23.5
PAL_0380_050,7.2,2.5,,7.9,,10.1,7.9,,,,,1.3,,,,,,,,13.1,,,,,,,4,,,,,54
PAL_0382_052,6,,,9.5,,6,,,,,,,,,,,,,,12.8,,,,,,,1,,,,,35.2
PAL_0383_053,6.5,2.1,,9.8,,6.6,,8.8,,,,,,,,,,,,12,,,,,,,0.8,,,,,46.7
PAL_0420_054,5.5,1.9,,7.1,,6.2,,,,,,1.2,,,,,,,,,,,,,,,0.8,,,,,22.7
PAL_0262_036,6.5,,10.9,7.9,,5.2,,10.9,,,,,,,,,,,,13.9,,,,,,,0.8,,,,,56.2
PAL_0421_055,8.6,2.4,9.1,7.7,,8.6,6.6,9.6,,,,1.6,,,,,,,,12.4,,0.3,,,,,1,,,,,67.8
PAL_0424_058,7.8,2.3,,7.7,,8.1,4.1,,,,,,,,,,,,,10.9,,,,,,,0.8,,,,,41.5
PAL_0493_062,6.7,2.7,9.2,9.7,,7.6,4.1,9,,,,1.3,,,,,,,,11,,0.3,,,,,0.8,,,,,62.5
PAL_0263_037,7.5,3,19,9.8,,7.4,4.1,7.7,,,,2.1,,,,,,,,11.4,,0.5,,,,,0.7,,,,,73
PAL_0494_063,5.7,2.3,9.6,9.3,,5.5,,,,,,1.3,,,,,,,,12.4,,,,,,,0.7,,,,,46.7
PAL_0495_064,7.3,3.2,,10.4,,8.8,4.3,,,,,1.2,,,,,,,,11.3,,,,,,,0.9,,,,,47.4
PAL_0497_066,3.2,,,6.3,,3.7,,,,,,,,,,,,,,,,,,,,,2,,,,,15.2
PAL_0264_038,6.7,1.9,9.6,10.5,,5.9,,8.7,,,,,,,,,,,,12.6,,,,,,,0.9,,,,,56.7
PAL_0743_073,5.8,2,,6.2,,5.8,4,,,,,,,,,,,,,,,,,,,,0.7,,,,,24.4
PAL_1268_082,2.6,,,5.4,,4,,,,,,,,,,,,,,,,,,,,,0.7,,,,,12.7
PAL_1277_084,2.4,,,5.8,,4,,,,,,,,,,,,,,,,,,,,,0.7,,,,,12.9
PAL_1284_091,2.4,,,5.6,,3.8,,,,,,,,,,,,,,,,,,,,,0.3,,,,,12.1
PAL_0340_039,4.7,,,6.7,,5.5,,,,,,,,,,,,,,,,,,,,,0.9,,,,,17.8
PAL_1295_093,2.6,,,5.5,,3.4,,,,,,,,,,,,,,,,,,,,,0.5,,,,,12.1
PAL_1296_094,2.2,,,5.6,,3.6,,,,,,,,,,,,,,,,,,,,,0.5,,,,,11.9
PAL_1297_095,2.5,,,5.6,,4.9,,,,,,,,,,,,,,,,,,,,,0.6,,,,,13.5
PAL_1298_096,2.5,,,5.2,,4.3,,,,,,,,,,,,,,,,,,,,,0.5,,,,,12.4
PAL_1300_098,2.4,,,5.3,,3.4,,,,,,,,,,,,,,,,,,,,,0.3,,,,,11.4
PAL_1317_107,2.5,,,5.3,,4.3,,,,,,,,,,,,,,,,,,,,,0.2,,,,,12.4
PAL_1318_108,9,,,6,,11.7,5.7,,,,,1.6,,,,,,,,,,,,,,,0.7,,,,,34.7
PAL_0341_040,15.3,11.4,109.2,9.3,,151.6,47.9,47.9,,14.4,,2.5,,,,,,,,53.8,,0.7,,,,,0.8,,,,,464.9
PAL_1328_110,2.9,,,7.1,,4.3,,,,,,,,,,,,,,,,,,,,,0.7,,,,,15
PAL_1330_112,2.4,,,5.4,,4,,,,,,,,,,,,,,,,,,,,,0.4,,,,,12.3
PAL_1331_113,2.3,,,6.6,,4.5,,,,,,,,,,,,,,,,,,,,,0.4,,,,,13.7
PAL_1347_122,2.9,,,5.6,,3.6,,,,,,,,,,,,,,,,,,,,,0.6,,,,,12.7
PAL_1357_126,3.5,,,6.5,,4.2,,,,,,,,,,,,,,,,,,,,,0.4,,,,,14.6
PAL_0342_041,7.2,1.9,9,7,,5.2,3.7,,,,,,,,,,,,,,,,,,,,0.6,,,,,34.6
PAL_1537_133,2.5,,,6,,3.1,,,,,,,,,,,,,,,,,,,,,0.9,,,,,12.5
PAL_1538_134,5.5,2.8,21.4,5.9,,5.3,,,,,,4.4,,,,,,,,,,,,,,,1.4,,,,,46.6
PAL_0343_042,8.6,2.3,,9.7,,8.6,4.7,,,,,,,,,,,,,11.8,,,,,,,0.9,,,,,46.7
PAL_2055_139,2.5,,,7.3,,4.5,,,,,,,,,,,,,,,,,,,,,1.2,,,,,15.5
PAL_2057_140,2,,,6.7,,4.2,,,,,,,,,,,,,,,,,,,,,1,,,,,13.9
PAL_0348_046,3.2,,,,,4.1,,,,,,,,,,,,,,,,0.3,,,,,0.8,,,,,8.5
PAL_0378_048,3.6,,,,,4.5,,,,,,,,,,,,,,,,,,,,,0.9,,,,,8.9
PAL_0423_057,,,,,,1.2,,,,,,,,,,,,,,,,,,,,,0.6,,,,,1.9
PAL_0491_060,3.4,1.9,10.6,,,4.1,,,,,,1,,,,,,,,,,,,,,,0.8,,,,,21.7
PAL_0496_065,1.9,,,,,1.5,,,,,,,,,,,,,,,,,,,,,0.9,,,,,4.3
PAL_0696_067,2.3,,,,,2.2,,,,,,,,,,,,,,,,,,,,,0.6,,,,,5.2
PAL_0697_068,2.6,,,,,2.6,,,,,,,,,,,,,,,,,,,,,0.7,,,,,5.8
PAL_0698_069,1.9,,,,,1.7,,,,,,,,,,,,,,,,,,,,,1.8,,,,,5.4
PAL_0742_072,4.4,1.8,,,,4.8,,,,,,,,,,,,,,,,,,,,,0.8,,,,,11.8
PAL_1261_075,2.3,,,,,3.2,,,,,,,,,,,,,,,,,,,,,0.6,,,,,6
PAL_1263_077,2.1,,,,,3.3,,,,,,,,,,,,,,,,,,,,,0.7,,,,,6.1
PAL_1265_079,1.8,,,,,3.4,,,,,,,,,,,,,,,,,,,,,1.1,,,,,6.3
PAL_1266_080,1.6,,,,,3.4,,,,,,,,,,,,,,,,,,,,,0.7,,,,,5.7
PAL_1267_081,2.6,,,,,4.1,,,,,,,,,,,,,,,,,,,,,0.7,,,,,7.4
PAL_1294_092,2.5,,,,,3.5,,,,,,,,,,,,,,,,,,,,,0.4,,,,,6.4
PAL_1302_100,19.5,,,,,16.1,6.1,,,,,2.8,,,,,,,,,,,,,,,0.6,,,,,45.1
PAL_1316_106,2.4,,,,,4.1,,,,,,,,,,,,,,,,,,,,,0.4,,,,,6.9
PAL_1319_109,4.1,,,,,4.7,,,,,,,,,,,,,,,,,,,,,0.4,,,,,9.2
PAL_1329_111,2.4,,,,,4,,,,,,,,,,,,,,,,,,,,,0.6,,,,,7
PAL_1346_121,2.5,,,,,4,,,,,,,,,,,,,,,,,,,,,0.6,,,,,7.1
PAL_1348_123,2.7,,,,,4.2,,,,,,,,,,,,,,,,,,,,,0.6,,,,,7.4
PAL_1349_124,2.5,,,,,3.6,,,,,,,,,,,,,,,,,,,,,0.6,,,,,6.7
PAL_1358_127,2.2,,,,,3.9,,,,,,,,,,,,,,,,,,,,,0.5,,,,,6.6
PAL_1359_128,1.9,,,,,3.6,,,,,,,,,,,,,,,,,,,,,0.3,,,,,5.8
PAL_1368_132,2.2,,,,,3.4,,,,,,,,,,,,,,,,,,,,,0.8,,,,,6.4
PAL_1539_135,3.5,1.9,8.9,,,1.8,,,,,,1.1,,,,,,,,,,,,,,,0.9,,,,,18
PAL_1937_136,1.9,,,,,2.6,,,,,,,,,,,,,,,,,,,,,0.8,,,,,5.3
PAL_2052_137,2.5,,,,,4.6,,,,,,,,,,,,,,,,,,,,,0.8,,,,,8
PAL_2054_138,2.6,,,,,4.7,,,,,,,,,,,,,,,,,,,,,1.1,,,,,8.4
PAL_0699_070,,,,,,,,,,,,,,,,,,,,,,,,,,,0.6,,,,,0.6
PAL_0741_071,,,,,,,,,,,,,,,,,,,,,,,,,,,0.8,,,,,0.8
SEM_1061_012,7.9,2.3,,8.8,,7.6,5,7.4,,,,1.6,,,,,,,,,,,,,,,,,,,,40.6
SEM_1062_013,9.9,2.4,,10.9,,9.4,6.2,7.3,,,,1.1,,,,,,,,10.9,,,,,,,,,,,,58.2
SEM_1063_014,11.1,2.3,9.8,7.9,,10.5,6.9,8.2,,,,1.5,,,,,,,,,,,,,,,,,,,,58.1
SEM_1521_015,3.7,,,6.8,,4.4,,,,,,,,,,,,,,,,,,,,,,,,,,14.9
SEM_1697_016,4.6,,,7.1,,5.8,,,,,,,,,,,,,,,,,,,,,,,,,,17.5
SEM_1698_017,25,2.7,18.5,9,,16.5,10.6,18.9,,,,1.1,,,,,,,,18.4,,,,,,,,,,,,120.6
SEM_1699_018,6.9,1.9,,8.7,,7.5,6,9.8,,,,,,,,,,,,14.1,,,,,,,,,,,,55
SEM_1700_019,7.6,2,,8.3,,6.1,4.3,,,,,,,,,,,,,,,,,,,,,,,,,28.2
SEM_2034_024,6.9,1.9,,7.7,,8.2,6.2,9.3,,,,,,,,,,,,11.7,,,,,,,,,,,,52
PUT_0570_002,3.2,,,5.8,,3.2,,,,,,,,,,,,,,,,,,,,,,,,,,12.2
PUT_0713_003,2,,,,,1.9,,,,,,,,,,,,,,,,,,,,,,,,,,4
PUT_0953_005,2.9,2.9,15.2,,,2.7,,,,,,1.2,,,,,,,,,,,,,,,,,,,,24.8
PUT_1002_006,2.6,,,,,1.8,,,,,,,,,,,,,,,,,,,,,,,,,,4.5
PUT_1178_011,4.6,,,,,2.7,3.8,,,,,,,,,,,,,,,,,,,,,,,,,11.1
PUT_1683_012,,,,,,1.2,,,,,,,,,,,,,,,,,,,,,,,,,,1.2
PUT_0952_004,2.1,,,,,,,,,,,,,,,,,,,,,,,,,,,,,,,2.1
PUT_1174_008,1.6,,,,,,,,,,,,,,,,,,,,,,,,,,,,,,,1.6
PUT_1176_010,1.9,,,,,,,,,,,,,,,,,,,,,,,,,,,,,,,1.9
GLA_1208_009,2.1,,,,,3.9,2.2,,,,,,,,,,,4.9,,,,,,,,,,,,,,13.1
OSC_0170_001,1.7,,,,,,2.1,,,,,,,,,,,15.7,,,,,,,,,,,,,,19.6
GLA_1214_015,2.3,,,1.6,,,2.4,,,,,,,,,,,3.1,,,,,,,,,,,,,,9.4
GLA_1226_027,2.9,,,2,,5.2,3.2,,,,,,,,,,,3.9,,,,,,,,,,,,,,17.2
MAO_0888_014,4.5,4.2,4.6,1.7,,5.5,3,,,,,,,,,,,,,,,,,,,,,,,,,23.4
MAO_0889_015,2.2,,,0.3,,3.2,2,,,,,,,,,,,,,,,,,,,,,,,,,7.7
MAO_0959_024,3.1,,,1.2,,4.4,2.9,,,,,,,,,,,,,,,,,,,,,,,,,11.7
MAO_0999_025,2.9,4,4.3,0.8,,5,3.7,,,,,,,,,,,,,,,,,,,,,,,,,20.8
MAO_1047_026,4,4.3,,1.1,,4.8,3.4,,,,,,,,,,,,,,,,,,,,,,,,,17.7
OSC_0299_005,6.8,4.3,6.3,2.3,,6.2,3.5,,,,,4.1,,,,,,,,,,,,,,,,,,,,33.6
GLA_1210_011,2.1,,,1,,4.2,2.3,,,,,,,,,,,,,,,,,,,,,,,,,9.6
OSC_0832_007,3.4,,,2.2,,6.1,2.8,,,,,,,,,,,,,,,,,,,,,,,,,14.5
OSC_0837_012,4.6,4.1,6.8,3.7,,7.2,3.3,,,,,4.1,,,,,,,,3.7,,1.5,,,,,,,,,,38.9
OSC_0855_015,4.9,4.4,6.3,4.3,,8.4,3.4,,,,,4.1,,,,,,,,4.1,,,,,,,,,,,,40
GLA_1213_014,2.5,,,1.7,,4.5,2.7,,,,,,,,,,,,,,,,,,,,,,,,,11.3
OSC_0857_017,7.7,5.1,6.2,6,,12.3,7.7,14.7,,,,,,,,,,,,18.2,,1.6,,,,,,,,,,79.5
OSC_1073_020,5.2,3.8,5.9,6,0.9,8.6,4.2,,,,,,,,,,,,,3.5,,,,,,,,,,,,38.1
OSC_1982_022,6.6,5.1,5.9,4.1,,10.6,5.3,9.4,,,,,,,,,,,,8.8,,,,,,,,,,,,55.9
OSC_1983_023,2.3,,,1.1,,3.6,2.1,,,,,,,,,,,,,,,,,,,,,,,,,9.2
HEN_1251_005,2.3,,,1.9,,4.8,2.9,,,,,,,,,,,,,,,,,,,,,,,,,11.8
HEN_2048_015,2.4,,,2.3,,6,3,,,,,,,,,,,,,,,,,,,,,,,,,13.8
HEN_2058_016,2.3,,,1.2,,4.7,2.5,,,,,,,,,,,,,,,,,,,,,,,,,10.8
HIG_2016_002,2.4,,4.6,1.8,,3.6,2.4,,,,,,,,,,,,,,,,,,,,,,,,,14.8
HIG_2021_007,4.6,,6,3.8,,5.4,3.2,,,,,,,,,,,,,4,,,,,,,,,,,,26.9
HIG_2022_008,2.8,,4.5,2.3,,4,2.3,,,,,,,,,,,,,,,,,,,,,,,,,15.9
HIG_2024_010,2.3,,4.2,2.1,,3.5,2.4,,,,,,,,,,,,,3.4,,,,,,,,,,,,17.9
DES_1991_002,4.4,,4.7,6.1,,6.2,3.5,,,,,,,,,,,,,,,,,,,,,,,,,25
DES_2001_005,4.7,4.5,6.8,3.6,,5.6,3.7,,,,,,,,,,,,,,,,,,,,,,,,,28.9
DES_2002_006,4.8,4,5.1,5,,5.5,3,,,,,,,,,,,,,,,,,,,,,,,,,27.5
JAC_1581_001,4,,4.1,2,,5,2.5,,,,,3.7,,,,,,,,,,,,,,,,,,,,21.2
SUW_1165_002,1.3,,,0.1,,,,,,,,,,,,,,,,,,,,,,,,,,,,1.4
WAL_1583_005,4.1,4.3,4.5,2.9,,6.2,3.2,,,,,3.8,,,,,,,,,,,,,,,,,,,,28.9
GLA_1228_029,3,,,2.8,,5.8,3.1,,,,,,,,,,,,,,,,,,,,,,,,,14.7
GLA_1229_030,1.6,,,1.5,,3.7,2.1,,,,,,,,,,,,,,,,,,,,,,,,,9
GLA_1231_032,2,,,1.5,,4.4,2.6,,,,,,,,,,,,,,,,,,,,,,,,,10.5
GLA_1233_034,2.2,,,1.6,,4.4,2.5,,,,,,,,,,,,,,,,,,,,,,,,,10.7
SUW_1429_006,1.6,,,1.2,,,,,,,,,,,,,,,,,,,,,,,,,,,,2.8
GLA_1245_043,2.4,,,1.7,,4.7,2.7,,,,,,,,,,,,,,,,,,,,,,,,,11.6
GLA_1259_051,2.4,,,1.8,,5.1,3.1,,,,,,,,,,,,,,,,,,,,,,,,,12.3
GLA_2050_054,2.4,,4.1,1.4,,4.9,2.4,,,,,,,,,,,,,,,,,,,,,,,,,15.1
GLA_2053_056,2.4,,,2.2,,,,,,,,,,,,,,,,,,,,,,,,,,,,4.6
GLA_2143_058,3,,,1,,3.6,,,,,,,,,,,,,,,,,,,,,,,,,,7.6
GLA_2145_059,2,4.3,,1.1,,,,,,,,,,,,,,,,,,,,,,,,,,,,7.4
LAK_0351_002,4.6,4.4,,1.6,,5.2,3.1,,,,,,,,,,,,,,,,,,,,,,,,,18.8
LAK_0500_005,3.6,,,2,,5.7,2.9,,,,,,,,,,,,,,,,,,,,,,,,,14.2
LAK_0505_006,3.4,,,2.3,,5.4,2.7,,,,,,,,,,,,,,,,,,,,,,,,,13.8
LAK_0517_011,7,4.3,,8,,7.2,4.1,,,,,4.1,,,,,,,,,,,,,,,,,,,,34.6
LAK_0519_012,3.6,,,3.1,,5.6,3.4,,,,,,,,,,,,,,,,,,,,,,,,,15.7
LAK_0526_015,3.3,,4,2.2,,5.2,2.8,,,,,,,,,,,,,,,,,,,,,,,,,17.6
LAK_0529_017,2.6,,3.9,2.4,,3.8,2,,,,,,,,,,,,,,,,,,,,,,,,,14.7
LAK_1054_020,2.8,,,2.5,,4.2,2.7,,,,,,,,,,,,,,,,,,,,,,,,,12.2
LAK_1458_023,3.1,4.1,,1.5,,3.7,2.8,,,,,,,,,,,,,,,,,,,,,,,,,15.2
LAK_1462_027,3,,,2.1,,3.8,2.4,,,,,,,,,,,,,,,,,,,,,,,,,11.3
LAK_1465_030,2.9,4,,2.1,,3.5,2.2,,,,,,,,,,,,,,,,,,,,,,,,,14.7
LAK_1833_031,2.7,3.9,3.8,1.6,,3.5,2.7,,,,,,,,,,,,,,,,,,,,,,,,,18.1
MAO_0870_007,3.2,,5,2.4,,4.5,2.8,,,,,,,,,,,,,,,,,,,,,,,,,17.9
MAO_0871_008,2,,6.9,1.4,,3.9,2,11.3,,,,,,,,,,,,,,,,,,,,,,,,27.6
GIL_1686_004,,,,,,2.7,,,,,,,,,,,,,,,,,,,,,,,,,,2.7
LAK_0515_009,2.2,,,,,3.3,1.9,,,,,,,,,,,,,,,,,,,,,,,,,7.4
MAO_0891_017,1.5,,,,,,,,,,,,,,,,,,,,,,,,,,,,,,,1.5
HEN_1944_012,1.3,,,,,,,,,,,,,,,,,,,,,,,,,,,,,,,1.3
HAM_1434_003,1.2,,,,,,,,,,,,,,,,,,,,,,,,,,,,,,,1.2
HAM_1469_006,1.5,,,,,,,,,,,,,,,,,,,,,,,,,,,,,,,1.5
MAD_1471_005,1.2,,,,,,,,,,,,,,,,,,,,,,,,,,,,,,,1.2
GLA_1255_047,2.3,,,,,,,,,,,,,,,,,,,,,,,,,,,,,,,2.3
SUW_1431_008,1.3,,,,,,,,,,,,,,,,,,,,,,,,,,,,,,,1.3
SUW_1609_010,1.2,,,,,,,,,,,,,,,,,,,,,,,,,,,,,,,1.2
GLA_1209_010,2.1,,,1.3,,3.8,,,,,,,,,,,,3.4,,,,,,,,,,,,,,10.7
GLA_1215_016,2.1,,,,,4,2.4,,,,,,,,,,,3.5,,,,,,,,,,,,,,12
GLA_1220_021,3.4,,,1.3,,5.6,2.7,,,,,,,,,,,3,,,,,,,,,,,,,,16.1
LAK_0516_010,2.5,3.9,,1.1,,4.8,2.4,,,,,,,,,,,7.4,,,,,,,,,,,,,,22.2
SUW_1164_001,,,,1.9,,,,,,,,,,,,,,,,,,,,,,,,,,,,1.9
MAO_0886_012,2.4,,,2,,5.5,2.7,,,,,,,,,,,,,,,,,,,,,,,,,12.6
MAO_0890_016,2.5,,5.2,1.7,,4.3,2.2,,,,,,,,,,,,,6,,,,,,,,,,,,21.9
MAO_1048_027,3.2,4.1,,2,,4.7,3.2,,,,,,,,,,,,,,,,,,,,,,,,,17.3
OSC_0296_002,8.3,5,6.4,4.7,,13.1,5.8,,,,,4.8,,,,,,,,,,,,,,,,,,,,48.2
OSC_0297_003,7.9,4.5,6.7,4.4,,8.8,4.8,,,,,4,,,,,,,,,,,,,,,,,,,,41.1
OSC_0831_006,1.3,,,0.6,,3.3,,,,,,,,,,,,,,,,,,,,,,,,,,5.2
OSC_0834_009,8.4,5.2,7.2,2.9,0.5,13.9,7.1,16.3,,,,4,,,,,,,,16.6,,1.7,,,,,,,,,,83.8
OSC_0835_010,8.4,5.6,8.3,3.1,,13.8,8.2,16.2,,,,4.2,,,,,,,,15.9,,2,,,,,,,,,,85.8
OSC_0836_011,4.9,4.2,6.8,5.7,0.7,8.1,3.5,,,,,4,,,,,,,,5.2,,,,,,,,,,,,43.2
OSC_0839_014,4.2,4.4,8.8,3.3,,9.5,3.6,10.1,,,,,,,,,,,,7.7,,,,,,,,,,,,51.6
OSC_0856_016,8.1,5.4,6.8,3.7,,12.9,8,13.2,,,,4.1,,,,,,,,17,,1.9,,,,,,,,,,81.1
OSC_0858_018,4.7,4.5,5.6,5.6,,7.3,3.8,9,,,,,,,,,,,,6.2,,,,,,,,,,,,46.7
OSC_0859_019,5.5,4.7,5.3,2.7,,8.9,4.9,9.2,,,,,,,,,,,,6.7,,,,,,,,,,,,47.8
OSC_1076_021,1.7,,,3.2,,,,,,,,,,,,,,,,,,,,,,,7,,,,,11.9
OSC_1985_024,2.1,,,10.1,,5.8,2.8,,,,,,,,,,,,,,,,,,,,,,,,,20.8
HEN_1242_003,2.7,,,2,,4.6,3,,,,,,,,,,,,,,,,,,,,,,,,,12.4
HEN_1254_008,2.2,,,1.1,,4.8,2.9,,,,,,,,,,,,,,,,,,,,,,,,,11
HEN_1894_010,5.9,4.3,,5.7,,5.8,3.7,,,,,,,,,,,,,,,,,,,,,,,,,25.4
HEN_2059_017,2.1,,,1.7,,5,2.4,,,,,,,,,,,,,,,,,,,,,,,,,11.2
HIG_2017_003,2.6,,4.4,1.4,,3.8,2.3,,,,,,,,,,,,,,,,,,,,,,,,,14.5
HIG_2018_004,6.1,4.3,5.9,5,,7,4.8,,,,,,,,,,,,,4.5,,,,,,,,,,,,37.7
HIG_2019_005,2,,,2,,3.7,,,,,,,,,,,,,,,,,,,,,,,,,,7.7
HIG_2023_009,2.8,,4.7,2.4,,4,2.6,,,,,,,,,,,,,,,,,,,,,,,,,16.5
GIL_1681_003,,,,0.1,,,,,,,,,,,,,,,,,,,,,,,,,,,,0.1
DES_0009_001,4.1,,4.7,5,,4.5,3.1,,,,,,,,,,,,,,,,,,,,,,,,,21.4
DES_1992_003,4.1,,5.3,3.2,,5.7,3.4,,,,,,,,,,,,,,,,,,,,,,,,,21.7
GLA_1222_023,3.5,,4.4,1.9,,5.8,3.2,,,,,,,,,,,,,,,,,,,,,,,,,18.9
HAM_1418_001,1.6,,4,1,,3,,,,,,,,,,,,,,,,,,,,,,,,,,9.6
MAD_1470_004,1.9,,,0.5,,4.3,2.3,,,,,,,,,,,,,,,,,,,,,,,,,9
GLA_1227_028,3.7,,,1.9,,6.2,3.4,,,,,,,,,,,,,,,,,,,,,,,,,15.2
WAL_1584_006,1.3,,,0.3,,2.8,,,,,,,,,,,,,,,,,,,,,,,,,,4.4
GLA_1230_031,2.2,,,2.4,,4.8,2.7,,,,,,,,,,,,,,,,,,,,,,,,,12.1
GLA_1236_037,2.5,,,1.9,,5,2.8,,,,,,,,,,,,,,,,,,,,,,,,,12.2
GLA_1238_039,2,,,2,,4.6,2.4,,,,,,,,,,,,,,,,,,,,,,,,,11
GLA_1243_041,1.7,,,0.4,,,2,,,,,,,,,,,,,,,,,,,,,,,,,4.1
GLA_1244_042,2.7,,,1.9,,5.3,3.2,,,,,,,,,,,,,,,,,,,,,,,,,13.1
GLA_1247_045,2.2,,,2.5,,4.6,2.5,,,,,,,,,,,,,,,,,,,,,,,,,11.8
SUW_1430_007,1.3,,,0,,,,,,,,,,,,,,,,,,,,,,,,,,,,1.3
GLA_1248_046,2.1,,,1.2,,4.9,2.8,,,,,,,,,,,,,,,,,,,,,,,,,11
GLA_1257_049,2.8,,,2.8,,6.3,3.2,,,,,,,,,,,,,,,,,,,,,,,,,15
GLA_1258_050,2.2,,,1.4,,4.9,2.6,,,,,,,,,,,,,,,,,,,,,,,,,11.2
GLA_1260_052,2.3,,,2.8,,5.3,3,,,,,,,,,,,,,,,,,,,,,,,,,13.5
GLA_2049_053,2.2,,4.7,1.8,,4.9,2.8,,,,,,,,,,,,,,,,,,,,,,,,,16.4
GLA_2051_055,2,,,1.2,,4.2,2.7,,,,,,,,,,,,,,,,,,,,,,,,,10.1
GLA_2056_057,2.2,,,1.2,,4.1,2.4,,,,,,,,,,,,,,,,,,,,,,,,,9.8
LAK_0498_004,3.1,3.8,,9.4,,5,2.7,,,,,,,,,,,,,,,,,,,,,,,,,24
LAK_0513_008,3.8,,4.1,5.2,,6.3,3.3,,,,,,,,,,,,,,,,,,,,,,,,,22.6
LAK_0520_013,3.7,,3.9,3.4,,5.6,3,,,,,,,,,,,,,,,,,,,,,,,,,19.6
LAK_0528_016,3.5,,3.8,2.5,,4.9,2.6,,,,,,,,,,,,,,,,,,,,,,,,,17.3
LAK_0530_018,2.3,,,2,,4.5,2.9,,,,,,,,,,,,,,,,,,,,,,,,,11.7
LAK_1049_019,10.3,,,9.6,,7.2,5.9,9.1,,,,,,,,,,,,6.5,,,,,,,,,,,,48.6
LAK_1056_022,5.4,4.8,6.5,2.6,,6.3,4.1,,,,,,,,,,,,,,,,,,,,,,,,,29.7
LAK_1459_024,3,4,,1.6,,3.8,2.8,,,,,,,,,,,,,,,,,,,,,,,,,15.2
SUW_1680_011,1.2,,,0.6,,2.4,,,,,,,,,,,,,,,,,,,,,,,,,,4.2
LAK_1461_026,3.2,4.3,4.9,3.4,,4,2.3,,,,,,,,,,,,,,,,,,,,,,,,,22.1
LAK_1463_028,2.5,3.9,,1.2,,3.3,2.2,,,,,,,,,,,,,,,,,,,,,,,,,13.2
LAK_1834_032,2.3,3.8,,1.4,,3.5,2.2,,,,,,,,,,,,,,,,,,,,,,,,,13.2
GLA_0249_001,1.9,,,0.9,,3.2,1.9,,,,,,,,,,,,,,,,,,,,,,,,,7.9
MAO_0274_002,,,,0,,2.4,,,,,,,,,,,,,,,,,,,,,,,,,,2.4
MAO_0279_005,,,,0.3,,,,,,,,,,,,,,,,,,,,,,,,,,,,0.3
MAO_0349_006,4.2,4.5,4.9,2,,5,2.9,,,,,,,,,,,,,,,,,,,,,,,,,23.4
MAO_0874_011,,,,,,2.4,,,,,,,,,,,,,,,,,,,,,,,,,,2.4
MAO_0947_019,1.3,,,,,,,,,,,,,,,,,,,,,,,,,,,,,,,1.3
MAO_0948_020,1.3,,,,,,,,,,,,,,,,,,,,,,,,,,,,,,,1.3
MAO_0951_023,1.5,,,,,,,,,,,,,,,,,,,,,,,,,,,,,,,1.5
HEN_1945_013,1.2,,,,,,,,,,,,,,,,,,,,,,,,,,,,,,,1.2
HAM_1435_004,1.3,,,,,,,,,,,,,,,,,,,,,,,,,,,,,,,1.3
GLA_1232_033,1.7,3.9,,,,,,,,,,,,,,,,,,,,,,,,,,,,,,5.6
SUW_1433_009,1.3,,,,,,,,,,,,,,,,,,,,,,,,,,,,,,,1.3
OSC_0838_013,28,15.3,110,14.1,4.1,37.8,24.4,97.9,,29.1,5.1,6.6,0.2,,,,,5.8,20.4,122.5,,2.7,,,,,,,,,,524
LAK_0522_014,3.4,,,10.7,,5.7,2.9,,,,,,,,,,,,,,,,,,,,,,,,,22.6
GLA_1207_008,2.9,,,0.9,,6.3,3.2,,,,,,,,,,,,,,,,,,,,,,,,,13.4
MAO_0887_013,2.7,,,1.3,,4,2.3,,,,,,,,,,,,,,,,,,,,,,,,,10.3
MAO_0949_021,3.2,,5.6,4,,5.1,2.6,9.7,,,,,,,,,,,,9.3,,,,,,,,,,,,39.5
OSC_0298_004,1.5,,,2,,,,,,,,,,,,,,,,,,,,,,,,,,,,3.4
HEN_1253_007,2.6,,,2.6,,5.3,3.3,,,,,,,,,,,,,,,,,,,,,,,,,13.8
HEN_1943_011,2.6,4,4.5,0.4,,,2.3,,,,,,,,,,,,,,,,,,,,,,,,,13.9
HIG_1072_001,3.8,3.8,3.7,3.9,,5.9,3.8,,,,,,,,,,,,,4.3,,,,,,,,,,,,29.3
HIG_2020_006,2.2,,,0.7,,3.5,2.1,,,,,,,,,,,,,,,,,,,,,,,,,8.5
HIG_2025_011,2.2,,4.1,1.2,,3.6,2,,,,,,,,,,,,,,,,,,,,,,,,,13.1
GLA_1221_022,2.8,,,1.4,,5.8,3.3,,,,,,,,,,,,,,,,,,,,,,,,,13.3
GLA_1234_035,2.6,,,1.8,,5.3,3.3,,,,,,,,,,,,,,,,,,,,,,,,,13
GLA_1235_036,2.8,,,2,,5.9,3.2,,,,,,,,,,,,,,,,,,,,,,,,,13.9
GLA_1237_038,2.2,,,1.1,,4.9,2.9,,,,,,,,,,,,,,,,,,,,,,,,,11.1
GLA_1246_044,2,,,1.1,,4,2.3,,,,,,,,,,,,,,,,,,,,,,,,,9.5
LAK_0350_001,5.4,4.6,5.1,4.4,,6.1,4.2,,,,,,,,,,,,,,,,,,,,,,,,,29.9
LAK_1055_021,3.3,,,1.4,,4.4,2.8,,,,,,,,,,,,,,,,,,,,,,,,,12
LAK_1460_025,2.7,4,,1.6,,4,2.3,,,,,,,,,,,,,,,,,,,,,,,,,14.6
LAK_1464_029,2.7,,,1.4,,3.6,,,,,,,,,,,,,,,,,,,,,,,,,,7.7
MAO_0276_004,,,,0,,,,,,,,,,,,,,,,,,,,,,,,,,,,0
MAO_0892_018,2.4,6.1,,,,3.8,2.3,,,,,4.2,,,,,,,,,,1.8,,,,,,,,,,20.5
MAO_1532_030,,,,,,2.4,,,,,,,,,,,,,,,,,,,,,,,,,,2.4
WAL_1582_004,1.4,,,,,2.6,,,,,,,,,,,,,,,,,,,,,,,,,,4
MAO_0873_010,,,,,,2.3,,,,,,,,,,,,,,,,,,,,,,,,,,2.3
GIL_1427_002,1.3,,,,,,,,,,,,,,,,,,,,,,,,,,,,,,,1.3
OKA_1691_042,4.3,,31.2,2.7,1.8,8.2,2.9,18,,10.5,,,,,,,,4.5,,14.6,,,,,,,,,,,,98.5
STJ_0406_013,5.1,2.6,16.9,4.5,,9,4.2,25.8,,,,,,,,,,5.3,,26.2,,1.2,,,,,,,,,,100.9
STJ_0403_010,5,1.9,6,0.2,,12.7,9.5,,1.4,,,,0.3,,5.2,,,,,,,1.1,,,,,,,4.9,,,48.1
DAD_0479_011,2.3,,6.5,0.6,,1.9,0.6,,,,,,,,,,,,,,,,,,,,,,,,,11.8
OKA_1562_033,2.7,,4.7,0.9,,2.1,0.9,8.2,,,,,,,,,,,,,,,,,,,,,,,,19.5
OKA_1866_054,3.4,,4.6,0.9,,2.2,0.7,,,,,,,,,,,,,,,,,,,,,,,,,11.8
STJ_0306_002,10.9,1.9,7.6,7,1.6,10.3,3.6,,,,,2.4,,,,,,,,,,,,,,,,,,,,45.2
DAD_0482_014,3.3,1.1,6.1,1.5,,3.5,1,,,,,,,,,,,,,,,,,,,,,,,,,16.6
DAD_0483_015,3.5,1.2,8.7,1.7,,3.2,0.8,,,,,,,,,,,,,,,,,,,,,,,,,19.1
STJ_0408_015,8.3,1.9,11.1,7.2,1.7,9.2,4.4,10.3,,,,1.7,,,,,,,,6.3,,,,,,,,,,,,62.1
STJ_0414_021,5.7,1.9,8,5.4,,5.7,2.7,7.6,,,,,,,,,,,,,,,,,,,,,,,,37.1
STJ_0555_027,3.6,1.2,3.7,1.1,,3.4,1.3,,,,,,,,,,,,,,,,,,,,,,,,,14.2
STJ_0861_034,4.1,1.5,6,1.9,,3,0.9,,,,,1.9,,,,,,,,,,1,,,,,,,,,,20.4
STJ_0866_039,3.3,1.3,4.5,0.3,,2.7,1.1,,,,,,,,,,,,,,,,,,,,,,,,,13.3
STJ_1125_047,3.1,1.2,4.4,0.2,,2.6,0.8,,,,,,,,,,,,,,,,,,,,,,,,,12.4
STJ_1139_048,5.1,1.3,5.5,3,,4.6,2,,,,,,,,,,,,,,,,,,,,,,,,,21.6
STJ_1141_050,3,,3.8,1.4,,2.6,1.1,,,,,,,,,,,,,,,,,,,,,,,,,12
STJ_1547_062,2.7,1.1,4.4,0.4,,2.7,0.7,,,,,,,,,,,,,,,,,,,,,,,,,12
DAD_0370_002,3.6,1.2,7.8,2.1,,3.7,1.2,,,,,1.6,,,,,,,,,,,,,,,,,,,,21.1
DAD_1004_020,5.1,1.4,8.3,1.9,,7,3.9,,,,,1.9,,,,,,,,,,,,,,,,,,,,29.4
WAL_1864_014,2.2,,,0.3,,1.3,,,,,,,,,,,,,,,,,,,,,,,,,,3.8
DAD_1006_022,6.9,1.8,9.5,2.3,1.4,7.5,3.7,,,,,3.1,,,,,,,,,,1.6,,,,,,,,,,37.9
DAD_1007_023,3.2,1.1,4.6,0.5,,3.1,1,,,,,1.7,,,,,,,,,,,,,,,,,,,,15.3
DAD_0371_003,4.7,1.4,8.1,3.8,,8.5,3.2,,,,,1.8,,,,,,,,,,,,,,,,,,,,31.5
DAD_1019_035,7.4,2.1,15.6,4.4,,9,4,,,,,2.7,,,,,,,,,,,,,,,,,,,,45.3
DAD_1024_040,,,6.2,1.9,,,,,,,,,,,,,,,,,,,,,,,,,,,,8.1
DAD_1027_043,7.7,1.5,16.6,5.8,,6.4,2.5,9.1,,,,1.9,,,,,,,,4.5,,,,,,,,,,,,56
DAD_1030_046,5.4,1.3,9.6,1.8,,3.8,1.5,7.6,,,,1.7,,,,,,,,,,,,,,,,,,,,32.7
DAD_0373_005,3.1,,3.9,0.4,,3.1,0.9,,,,,,,,,,,,,,,,,,,,,,,,,11.4
DAD_1611_048,3,1,6.7,2.5,,3.1,1.1,,,,,,,,,,,,,,,,,,,,,,,,,17.4
DAD_1613_050,4.2,,10.3,9.7,,2.6,1,,,,,,,,,,,,,,,,,,,,,,,,,27.8
DAD_1614_051,5.2,1.7,13,7,,6,2.9,7.6,,,,,,,,,,,,5.6,,,,,,,,,,,,49.1
DAD_1618_055,,,6,4,,,,,,,,,,,,,,,,,,,,,,,,,,,,10.1
DAD_1638_058,3.3,1.1,,0.6,,4.4,1.3,,,,,,,,,,,,,,,,,,,,,,,,,10.8
DAD_0375_007,3,1.6,17.9,2.4,,2.6,1.1,,,,,1.8,,,,,,,,,,,,,,,,,,,,30.4
OKA_0234_009,8,2,43.2,1.2,3.3,8.3,5.5,32.6,,16.6,,,,,,,,,,28.4,,,,,,,,,,,,149.3
OKA_0235_010,8.6,2.8,61.9,1.6,1.9,6.6,4.2,23.7,,9.8,,1.8,,,,,,,,20.4,,,,,,,,,,,,143.4
OKA_0242_017,2.3,,4.6,,,1.2,,,,,,,,,,,,,,,,,,,,,,,,,,8.1
OKA_0795_018,2.6,1.2,8,,,1.6,,,,,,1.6,,,,,,,,,,,,,,,,,,,,14.9
OKA_0797_020,2.9,,6.2,,,1.9,0.9,,,,,,,,,,,,,,,,,,,,,,,,,11.8
OKA_1544_028,2.1,,5.8,,,1.6,,,,,,,,,,,,,,,,,,,,,,,,,,9.4
OKA_1545_029,2.2,,7,,,1.8,0.6,,,,,,,,,,,,,,,,,,,,,,,,,11.5
OKA_1565_036,2.6,1,15.3,,,1.5,,6.6,,,,1.5,,,,,,,,,,,,,,,,,,,,28.6
OKA_1591_040,2.2,,4.6,,,1.6,,,,,,,,,,,,,,,,,,,,,,,,,,8.4
OKA_1859_052,2,,,,,1.3,,,,,,,,,,,,,,,,,,,,,,,,,,3.3
DAD_0481_013,2.5,,3.9,,,2.3,0.8,,,,,,,,,,,,,,,,,,,,,,,,,9.4
STJ_0309_005,,,,,,1.1,,,,,,,,,,,,,,,,,,,,,,,,,,1.1
STJ_0311_007,1.9,,,,,1.2,,,,,,,,,,,,,,,,,,,,,,,,,,3.1
STJ_0405_012,13,8.9,9.8,,,180.1,84,8.9,,,,2.3,,,,,,,,4.2,,,,,,,,,,,,311.1
STJ_0410_017,2,,,,,1.2,,,,,,,,,,,,,,,,,,,,,,,,,,3.2
STJ_0823_030,2.1,,,,,1.4,,,,,,,,,,,,,,,,,,,,,,,,,,3.5
STJ_0824_031,2,,,,,1.5,,,,,,,,,,,,,,,,,,,,,,,,,,3.5
STJ_0869_042,2.1,,3.4,,,1.3,,,,,,,,,,,,,,,,,,,,,,,,,,6.8
STJ_1392_054,1.8,,,,,1.1,,,,,,,,,,,,,,,,,,,,,,,,,,2.9
WAL_1860_010,,,,,,1.2,,,,,,,,,,,,,,,,,,,,,,,,,,1.2
DAD_1011_027,2,,,,,1.3,,,,,,,,,,,,,,,,,,,,,,,,,,3.3
DAD_1639_059,4.3,1.5,6.1,,,3.4,1.1,,,,,1.6,,,,,,,,,,,,,,,,,,,,17.9
DAD_1705_063,2.3,,,,,2.4,0.7,,,,,,,,,,,,,,,,,,,,,,,,,5.3
DAD_1708_066,2,,,,,2.2,0.7,,,,,,,,,,,,,,,,,,,,,,,,,4.9
DAD_1709_067,,,,,,2.6,,,,,,,,,,,,,,,,,,,,,,,,,,2.6
DAD_1712_070,2,,,,,2.3,0.8,,,,,,,,,,,,,,,,,,,,,,,,,5.1
DAD_1927_076,2.2,,,,,2.7,,,,,,,,,,,,,,,,,,,,,,,,,,4.9
DAD_1935_083,2.2,,3.9,,,1.5,,,,,,,,,,,,,,,,,,,,,,,,,,7.6
OKA_0228_003,2.3,,3.8,,,1.8,,,,,,,,,,,,,,,,,,,,,,,,,,7.9
OKA_0229_004,2.9,,3.7,,,2.3,,,,,,,,,,,,,,,,,,,,,,,,,,8.9
STJ_0867_040,2.4,1.1,,,,,,,,,,,,,,,,,,,,,,,,,,,,,,3.5
STJ_1398_058,2,,,,,,,,,,,,,,,,,,,,,,,,,,,,,,,2
STJ_1503_060,2,,,,,,,,,,,,,,,,,,,,,,,,,,,,,,,2
DAD_1924_073,2.3,1,,,,,,,,,,,,,,,,,,,,,,,,,,,,,,3.3
DAD_1931_079,,1.3,,,,,,,,,,1.7,,,,,,,,,,,,,,,,,,,,3
OKA_1543_027,,,4.9,,,,,,,,,,,,,,,,,,,,,,,,,,,,,4.9
STJ_0407_014,4.3,2.2,10.6,4.8,,6.8,2.8,14,,,,1.6,,,,,,4.3,,12.1,,,,,,,,,,,,63.4
STJ_0418_025,,,,,,,,,,,,,,,,,,4,,,,,,,,,,,,,,4
STJ_0825_032,2.2,1.1,4.7,,,,,,,,,,,,,,,4.1,,,,,,,,,,,,,,12.1
DAD_0369_001,3.3,1.3,8.8,1.8,,3.2,1.1,,,,,1.8,,,,,,,,,,,,,,,,,,,,21.3
OKA_0799_022,3.9,1.9,16.1,0.2,,7,6,11.7,,,,1.6,,,,,,,,6.7,,,,,,,,,,,,55.1
OKA_0801_024,2.7,1.1,6.7,0,,1.9,0.6,,,,,,,,,,,,,,,,,,,,,,,,,13.1
DAD_0480_012,2.2,,,0.4,,,,,,,,,,,,,,,,,,,,,,,,,,,,2.6
OKA_1589_038,2.8,,5,0.4,,1.6,,6.9,,,,,,,,,,,,,,,,,,,,,,,,16.6
OKA_1592_041,2.2,1.1,10.6,0.1,,1.2,,,,,,,,,,,,,,,,,,,,,,,,,,15.2
OKA_1692_043,10.7,4.1,49.3,1.9,4,12.3,12.2,40,,9.4,,,,,,,,,,40.6,,,,,,,,,,,,184.5
STJ_0305_001,11.3,2.1,9.1,5.5,1.5,11.1,3.8,,,,7.2,7.2,0.4,,,,,,,,,2.3,,,,,,,,,,61.7
STJ_0330_008,4.7,1.4,5.3,1.3,,4.2,1.7,,,,,1.9,,,,,,,,,,,,,,,,,,,,20.4
STJ_0402_009,3,,,0.6,,3.1,,,,,,,,,,,,,,,,,,,,,,,,,,6.7
STJ_0404_011,4.7,1.3,5.1,1.9,,6,2.4,8.4,,,,,,,,,,,,,,,,,,,,,,,,29.8
DAD_0484_016,7.2,1.4,9,1,,4.5,2.4,,,,,1.6,,,,,,,,,,,,,,,,,,,,27.1
STJ_0731_028,2.4,,,0.8,,1.8,0.6,,,,,,,,,,,,,,,,,,,,,,,,,5.5
DAD_0485_017,7.7,1.5,11.5,1.3,,4.3,2.5,,,,,1.9,,,,,,,,,,,,,,,,,,,,30.7
STJ_0862_035,3.8,1.1,4.9,1.3,,3,1.4,,,,,,,,,,,,,,,,,,,,,,,,,15.6
STJ_0863_036,4.6,1.5,10.2,3.2,,3.7,1.5,,,,,2.2,,,,,,,,,,,,,,,,,,,,26.8
STJ_0864_037,3.3,,5.3,0.7,,2.6,,,,,,,,,,,,,,,,,,,,,,,,,,12
STJ_0939_044,2.8,1.1,,0.8,,3,0.7,,,,,,,,,,,,,,,,,,,,,,,,,8.4
STJ_1071_046,5.5,1.1,4.4,3.5,,7.9,3.1,,,,,,,,,,,,,,,,,,,,,,,,,25.5
STJ_1140_049,4,1.2,4.9,1.9,,3.4,1.4,,,,,,,,,,,,,,,,,,,,,,,,,16.8
STJ_1534_061,3.7,,4.4,1.9,,2.5,,,,,,,,,,,,,,,,,,,,,,,,,,12.5
DAD_1005_021,6.2,1.8,10.1,2.3,,9.6,5.7,7.8,,,,2,,,,,,,,,,,,,,,,,,,,45.6
DAD_1008_024,7.2,1.9,15.1,4.9,2.4,10.5,6.1,8.8,,,,2.1,,,,,,,,3.9,,,,,,,,,,,,62.9
DAD_1010_026,2.7,1,4.6,0.1,,2.8,0.9,,,,,1.6,,,,,,,,,,,,,,,,,,,,13.6
DAD_1014_030,3.7,1.3,6.2,0.6,,4.6,1.7,,,,,1.9,,,,,,,,,,,,,,,,,,,,20
DAD_1018_034,4.4,1.1,4.7,3.6,,4.4,1.7,7.4,,,,,,,,,,,,,,,,,,,,,,,,27.3
DAD_1021_037,3.1,,15.7,6.4,,,,,,,,,,,,,,,,,,,,,,,,,,,,25.2
DAD_0372_004,3.2,1.3,7.1,0.3,,2.2,0.8,,,,,,,,,,,,,,,,,,,,,,,,,14.8
DAD_1022_038,3.8,,16,7.1,,,,,,,,,,,,,,,,,,,,,,,,,,,,26.9
DAD_1025_041,3.5,1.2,7,2.1,,4.1,2.2,,,,,,,,,,,,,,,,,,,,,,,,,20.1
DAD_1026_042,2.9,1.1,6.4,1.3,,2.8,0.9,,,,,,,,,,,,,,,,,,,,,,,,,15.3
DAD_1028_044,5.9,1.6,10,4.1,,6,2.6,,,,,1.7,,,,,,,,,,,,,,,,,,,,31.8
DAD_1610_047,13.7,2,12.8,5.3,,10.4,4.9,9.6,,,,1.7,,,,,,,,4.6,,,,,,,,,,,,65
DAD_1612_049,5,1.3,7.4,2.9,,6.3,2.9,6.8,,,,,,,,,,,,,,,,,,,,,,,,32.5
DAD_1615_052,4.5,1.3,10.1,5.9,,3.3,1.3,9.2,,,,,,,,,,,,,,,,,,,,,,,,35.7
DAD_1637_057,8.5,1.8,9.2,3.7,,8.8,5.5,,,,,2,,,,,,,,4.7,,,,,,,,,,,,44.2
DAD_1710_068,2,,,0.5,,,0.7,,,,,,,,,,,,,,,,,,,,,,,,,3.2
DAD_0477_009,2,,5,0.3,,2.2,,,,,,,,,,,,,,,,,,,,,,,,,,9.5
OKA_0230_005,11.6,2.2,7.9,9.7,,13.9,3.1,,,,,3.1,,,,,,,,,,,,,,,,,,,,51.4
OKA_0238_013,4.6,1.2,7.5,2.4,,3.7,1.8,,,,,1.6,,,,,,,,5.8,,,,,,,,,,,,28.6
OKA_0240_015,2.3,,4.6,,,1.3,,,,,,,,,,,,,,,,,,,,,,,,,,8.2
OKA_0796_019,2.7,1.1,7.2,,,1.8,0.6,,,,,,,,,,,,,,,,,,,,,,,,,13.4
OKA_1560_031,,,,,,1.1,,,,,,,,,,,,,,,,,,,,,,,,,,1.1
OKA_1563_034,3,1,15,,,2.5,1.2,12.5,,10,,,,,,,,,,5.2,,,,,,,,,,,,50.5
OKA_1856_050,2.2,,4.2,,,1.3,0.8,,,,,,,,,,,,,,,,,,,,,,,,,8.5
STJ_0310_006,1.9,,,,,1.3,,,,,,,,,,,,,,,,,,,,,,,,,,3.2
STJ_0409_016,2.2,,,,,1.5,,,,,,,,,,,,,,,,,,,,,,,,,,3.7
STJ_0416_023,2.4,,3.8,,,1.8,0.9,,,,,,,,,,,,,,,,,,,,,,,,,8.9
DAD_0695_019,2.1,,,,,1.5,,,,,,,,,,,,,,,,,,,,,,,,,,3.5
FRA_1472_001,3,,3.5,,,2.2,0.8,,,,,,,,,,,,,,,,,,,,,,,,,9.5
DAD_1016_032,2.6,1.1,,,,2.1,0.7,,,,,1.7,,,,,,,,,,,,,,,,,,,,8.2
DAD_1017_033,4,1.1,4.3,,,4,1.4,,,,,1.5,,,,,,,,,,,,,,,,,,,,16.3
DAD_1029_045,2.4,,4.3,,,2.1,0.7,,,,,,,,,,,,,,,,,,,,,,,,,9.6
DAD_0374_006,2.6,1.1,5.4,,,1.9,,,,,,1.6,,,,,,,,,,,,,,,,,,,,12.6
OKA_0226_001,,,,,,1.2,,,,,,,,,,,,,,,,,,,,,,,,,,1.2
OKA_0232_007,2.3,,4.1,,,1.6,,,,,,1.7,,,,,,,,,,,,,,,,,,,,9.6
OKA_0233_008,1.9,,4.2,,,1.4,,,,,,,,,,,,,,,,,,,,,,,,,,7.4
OKA_0236_011,2.4,,4.6,,,1.6,,,,,,,,,,,,,,,,,,,,,,,,,,8.6
DAD_1704_062,2.2,,,,,,0.8,,,,,,,,,,,,,,,,,,,,,,,,,3
DAD_1706_064,2.1,,,,,,0.8,,,,,,,,,,,,,,,,,,,,,,,,,2.9
STJ_0868_041,2,,,,,,,,,,,,,,,,,,,,,,,,,,,,,,,2
STJ_1400_059,1.9,,,,,,,,,,,,,,,,,,,,,,,,,,,,,,,1.9
DAD_1923_072,2.7,1.2,,,,,,,,,,,,,,,,,,,,,,,,,,,,,,3.9
DAD_1925_074,2.3,,,,,,,,,,,,,,,,,,,,,,,,,,,,,,,2.3
DAD_1926_075,2.1,,,,,,,,,,,,,,,,,,,,,,,,,,,,,,,2.1
DAD_1929_078,2,,,,,,,,,,,,,,,,,,,,,,,,,,,,,,,2
DAD_0376_008,2.5,1.7,10.9,,,,,,,,,2.4,,,,,,,,,,,,,,,,,,,,17.5
DAD_1012_028,,,,,,,,,,,,,,,,,,5.4,,,,,,,,,,,,,,5.4
OKA_0237_012,9,1.1,11.5,7.2,,6.6,3.4,25.7,,,,,,,,,,3.8,,25.5,,,,,,,,,,,,93.7
STJ_0940_045,3.4,1.4,6.5,1.3,,3.5,1.3,,,,,,,,,,,,,,,,,,,,,,,,,17.4
DAD_0478_010,3.9,1.1,6.5,1.5,,3.4,1,,,,,1.6,,,,,,,,,,,,,,,,,,,,19
OKA_1541_025,6.3,1.8,8,6.8,,3.7,2.3,,,,,2.2,,,,,,,,,,,,,,,,,,,,31.1
STJ_0307_003,4.1,1.2,4,1.5,,3,1.1,,,,,,,,,,,,,,,,,,,,,,,,,14.9
STJ_0553_026,3.5,1.2,,1.2,,2.9,1.3,,,,,,,,,,,,,,,,,,,,,,,,,10.1
STJ_0860_033,3.7,1.4,6,2.3,,3.5,1.3,,,,,1.5,,,,,,,,,,,,,,,,,,,,19.8
STJ_0865_038,2.8,1.1,4.3,0.2,,1.9,,,,,,,,,,,,,,,,,,,,,,,,,,10.2
STJ_0938_043,2.3,,,0.8,,1.9,,,,,,,,,,,,,,,,,,,,,,,,,,5
DAD_0486_018,7.1,1.5,10.8,1.7,,6.4,2.9,8.3,,,,1.6,,,,,,,,4,,,,,,,,,,,,44.3
WAL_1863_013,2.3,1.3,6.7,0.3,,2,,,,,,2.4,,,,,,,,,,1.2,,,,,,,,,,16.1
DAD_1013_029,3.7,1.3,5.8,1.7,,4.8,2.4,,,,,1.8,,,,,,,,,,,,,,,,,,,,21.4
DAD_1015_031,4.1,1.5,6.6,1.2,,6.1,3,,,,,1.7,,,,,,,,,,,,,,,,,,,,24.3
DAD_1020_036,3.8,1.2,4.3,0.4,,4,1.3,,,,,1.9,,,,,,,,,,,,,,,,,,,,16.8
DAD_1616_053,2.8,1.1,10.6,7.6,,2.5,,,,,,,,,,,,,,,,,,,,,,,,,,24.6
DAD_1933_081,1.9,,,0,,1.3,,,,,,,,,,,,,,,,,,,,,,,,,,3.3
OKA_0227_002,11.5,2,16.2,8.2,,7.5,4.5,8.8,,,,2.7,,,,,,,,5.9,,1.2,,,,,,,,,,68.8
DAD_1711_069,2.1,,,,,2.3,0.8,,,,,,,,,,,,,,,,,,,,,,,,,5.2
OKA_0241_016,2.4,,5,,,1.7,,,,,,,,,,,,,,,,,,,,,,,,,,9.1
OKA_0798_021,2.5,,4.8,,,1.8,,,,,,,,,,,,,,,,,,,,,,,,,,9
OKA_1564_035,2.2,,5.3,,,1.5,,,,8.3,,,,,,,,,,,,,,,,,,,,,,17.3
OKA_1590_039,3.4,1.4,41.5,,,2.4,0.8,9.9,,8.1,,1.8,,,,,,,,4.7,,,,,,,,,,,,74.1
OKA_1857_051,2.2,,3.9,,,1.6,0.6,,,,,,,,,,,,,,,,,,,,,,,,,8.3
STJ_0411_018,2.1,,,,,1.4,,,,,,,,,,,,,,,,,,,,,,,,,,3.4
STJ_0415_022,2.4,,,,,1.7,,,,,,,,,,,,,,,,,,,,,,,,,,4.1
OKA_0231_006,2.3,,,,,1.8,,,,,,,,,,,,,,,,,,,,,,,,,,4.2
DAD_1928_077,2,,,,,,0.6,,,,,,,,,,,,,,,,,,,,,,,,,2.7
CLR_0047_001,3.6,1.2,,3.1,,2.7,1.7,,,,,,,,,,,3.1,,,,,,,,,,,,,,15.4
CLR_0467_031,22.9,1.7,2.1,5,5.1,11.7,6.1,,,,,2.1,,,,,,4.8,,8.2,,,,,,,,,,,,69.8
BAY_1443_004,12.7,7,126,10.6,6.1,12.5,8.2,34.6,,10.9,,1.8,,,,,,3,,46,,,,,,,,,,,,279.4
STL_0097_011,,,,2,4.7,,,,,,,,,,,,,3.4,,,,,,,,,,,,,,10.1
BRO_0346_001,5.3,1.4,,3.1,,8.3,3.7,,,,,,,,,,,4.1,,,,,,,,,,,,,,25.9
BRO_0752_019,52.9,351.8,1135.2,36.7,85,129.3,43.5,321.7,,320.3,7.5,8,,,,,,17.8,53.5,364.7,,114.3,0.1,,,,,,,0.7,5.4,3048.4
STL_0094_008,5.3,1,,3.9,,2.9,2.3,,,,,,,,,,,,,,,,,,,,,,,,,15.3
BRO_0925_025,5.2,1.6,2.8,3.4,,6.6,3.2,8.5,,,,1.8,,,,,,,,,,,,,,,,,,,,33.3
BRO_0926_026,6.8,1.7,8.3,5.2,4.7,7.1,3.2,10.1,,,,2,,,,,,,,11.1,,1.2,,,,,,,,,,61.2
BRO_1064_029,7.4,2,0.1,4.2,,10.1,6.2,,,,,2.1,,,,,,,,,,,,,,,,,,,,32.1
BRO_1065_030,9.2,2.6,1.3,3.5,,16.5,13.3,,,,,2.7,,,,,,,,8.7,,,,,,,,,,,,57.8
BRO_1068_033,2,,,1.9,,2.5,1,,,,,,,,,,,,,,,,,,,,,,,,,7.4
BRO_1070_035,4.5,1,,3.3,,4.5,1.9,,,,,,,,,,,,,,,,,,,,,,,,,15.1
BRO_1540_041,5.1,1.4,4.5,3.6,,4.2,2.2,,,,,1.8,,,,,,,,,,,,,,,,,,,,22.9
BRO_1938_044,1.9,,,1.8,,2,0.7,,,,,,,,,,,,,,,,,,,,,,,,,6.4
CLR_0219_007,3.8,1.1,0,3.4,4.4,3.8,1.5,,,,,1.8,,,,,,,,,,1,,,,,,,,,,21
CLR_0222_010,7.9,1.5,4.2,6.1,,5.1,2.5,,,,,1.7,,,,,,,,,,,,,,,,,,,,28.9
CLR_0224_012,8.7,1.5,4.3,12.5,4.6,8.1,2.8,7.3,,,,1.7,,,,,,,,,,,,,,,,,,,,51.5
CLR_0448_015,7.6,1.2,2.9,4.6,,5.1,3.2,7.7,,,,,,,,,,,,,,,,,,,,,,,,32.3
CLR_0451_018,4.5,1.3,1.6,7,4.8,4.5,1.5,,,,,1.6,,,,,,,,,,,,,,,,,,,,26.8
CLR_0455_022,3.1,1.2,,1.9,,2.6,0.6,,,,,1.6,,,,,,,,,,,,,,,,,,,,10.9
CLR_0462_026,2.8,0.9,,1.9,,2.3,0.7,,,,,1.5,,,,,,,,,,,,,,,,,,,,10.1
CLR_0463_027,13.8,3.4,8.3,10.4,5.6,13.3,6.6,11,,,,2.8,,,,,,,,11.7,,1.1,,,,,,,,,,88.3
CLR_0476_038,2.1,1,,1.2,,1.4,,,,,,,,,,,,,,,,,,,,,,,,,,5.7
CLR_0806_043,1.5,,,1.1,,,,,,,,,,,,,,,,,,,,,,,,,,,,2.6
CLR_0847_049,1.7,,,1.3,,1.3,,,,,,,,,,,,,,,,,,,,,,,,,,4.2
CLR_0851_053,,0.9,,1.3,,1.1,,,,,,,,,,,,,,,,,,,,,,,,,,3.3
CLR_1870_060,1.9,,,2.3,,1.8,0.9,,,,,,,,,,,,,,,,,,,,,,,,,6.9
CLR_1876_062,1.7,,,2.9,,,,,,,,,,,,,,,,,,,,,,,,,,,,4.6
CLR_1877_063,,,,1.6,,1.1,,,,,,,,,,,,,,,,,,,,,,,,,,2.7
CLR_1878_064,,,,1.2,,1,,,,,,,,,,,,,,,,,,,,,,,,,,2.2
CLR_1880_066,,,,1.2,,1.2,,,,,,,,,,,,,,,,,,,,,,,,,,2.4
CLR_1882_068,,,,1.1,,,,,,,,,,,,,,,,,,,,,,,,,,,,1.1
FRA_1850_021,2.2,0.9,,2.2,,1.9,,,,,,,,,,,,,,,,,,,,,,,,,,7.2
CLR_1885_071,2.5,,,2.7,,2.4,0.6,,,,,,,,,,,,,,,,,,,,,,,,,8.1
CLR_1892_076,7.1,1.1,1.7,4.9,,3.3,2.9,,,,,,,,,,,,,,,,,,,,,,,,,21
CLR_1896_078,2.5,,,3.1,,2.5,1,,,,,,,,,,,,,,,,,,,,,,,,,9.1
CLR_1899_081,3,,,6.1,,2.7,,,,,,,,,,,,,,,,,,,,,,,,,,11.9
CLR_1900_082,2.9,0.9,1,2.5,,2.7,1.3,7.6,,,,,,,,,,,,,,,,,,,,,,,,18.9
BAY_1444_005,1.7,,,1.1,,1.2,,,,,,,,,,,,,,,,,,,,,,,,,,4
BAY_1597_012,,,,1,,1.1,,,,,,,,,,,,,,,,,,,,,,,,,,2.1
BAY_1600_015,,,,1.2,,1.1,,,,,,,,,,,,,,,,,,,,,,,,,,2.2
BAY_1603_018,2.6,0.9,0.2,1.6,,1.8,,,,,,,,,,,,,,,,,,,,,,,,,,7.1
BAY_1606_021,4.3,1.5,2.9,3.1,,2.8,1.2,,,,,2.2,,,,,,,,,,,,,,,,,,,,18
BAY_1450_029,3.9,1.1,,1.7,,2.3,1.3,,,,,,,,,,,,,,,,,,,,,,,,,10.4
STL_0084_001,1.5,,,1.1,,1,,,,,,,,,,,,,,,,,,,,,,,,,,3.7
STL_0086_003,1.5,,,1.2,,1,,,,,,,,,,,,,,,,,,,,,,,,,,3.7
BRO_0396_003,4.8,1.3,0,5,,4,1.8,,,,,,,,,,,,,,,,,,,,,,,,,16.8
BRO_0400_007,5.9,3.5,13.2,4.2,5.7,8.8,4.6,11.5,,10.6,,1.8,,,,,,,,12.4,,1.6,,,,,,,,,,83.7
BRO_0419_009,4.2,1.3,,2.5,,4.4,1.3,,,,,1.8,,,,,,,,,,,,,,,,,,,,15.5
BRO_0426_011,7,1.7,0.2,3.6,,10.5,5.3,,,,,1.5,,,,,,,,,,,,,,,,,,,,29.7
BRO_0739_015,3.4,1.1,0.1,2.8,,3.2,1.6,,,,,,,,,,,,,,,,,,,,,,,,,12.1
BRO_0922_022,3.8,1,,2.8,,4.4,2.3,,,,,,,,,,,,,,,,,,,,,,,,,14.4
CLR_0849_051,2.1,,,,,1.8,,,,,,,,,,,,,,,,,,,,,,,,,,3.9
BRO_1182_039,1.8,,,,,1.7,,,,,,,,,,,,,,,,,,,,,,,,,,3.5
CLR_0456_023,1.9,,,,,1.2,,,,,,,,,,,,,,,,,,,,,,,,,,3.1
CLR_0843_045,2.2,,,,,2.9,1.1,,,,,,,,,,,,,,,,,,,,,,,,,6.1
CLR_0852_054,1.7,,,,,1.5,,,,,,,,,,,,,,,,,,,,,,,,,,3.2
CLR_1867_057,3.3,,0.5,,,1.9,0.9,,,,,,,,,,,,,,,,,,,,,,,,,6.7
FRA_1474_003,2.5,,,,,1.6,,,,,,,,,,,,,,,,,,,,,,,,,,4.1
FRA_1475_004,2.2,,,,,1.7,,,,,,,,,,,,,,,,,,,,,,,,,,3.9
BAY_1452_007,1.7,,,,,1.4,,,,,,,,,,,,,,,,,,,,,,,,,,3.2
BAY_1633_026,,,,,,0.9,,,,,,,,,,,,,,,,,,,,,,,,,,0.9
FRA_1479_008,,,,,,1.2,,,,,,,,,,,,,,,,,,,,,,,,,,1.2
BRO_0398_005,1.8,,,,,1.7,0.6,,,,,,,,,,,,,,,,,,,,,,,,,4.2
FRA_1845_016,2.3,,,,,,,,,,,,,,,,,,,,,,,,,,,,,,,2.3
FRA_0123_024,1.7,,,,,,,,,,,,,,,,,,,,,,,,,,,,,,,1.7
BAY_1631_024,1.6,,,,,,,,,,,,,,,,,,,,,,,,,,,,,,,1.6
BRO_1939_045,1.5,,,,,1.2,,,,,,,,,,,,3,,,,,,,,,,,,,,5.8
BAY_1440_001,4.8,2.2,28.1,3.4,5.5,4.9,1.4,36.9,,,,3.2,,,,,,2.8,,46,,1.3,,,,,,,,,,140.3
BRO_0425_010,3.6,1,0.8,2.6,,4,1.4,,,,,1.8,,,,,,3.2,,,,,,,,,,,,,,18.3
BRO_0924_024,6.5,1.8,6.8,5.3,5.2,7,3.2,9.8,,,,1.8,,,,,,,,10.1,,,,,,,,,,,,57.4
BRO_0927_027,2.8,1,,1.9,,3.2,1,,,,,,,,,,,,,,,,,,,,,,,,,9.9
BRO_0928_028,5.1,1.8,1.2,2.1,,10.6,5.7,7.6,,,,1.5,,,,,,,,,,,,,,,,,,,,35.6
BRO_1067_032,4.3,1.3,3,3.9,,4.3,2,,,,,1.9,,,,,,,,,,,,,,,,,,,,20.7
BRO_1069_034,3.5,0.9,,3.4,,3.6,1.3,,,,,,,,,,,,,,,,,,,,,,,,,12.7
BRO_1179_036,2.5,0.8,,1.4,,4.1,2.4,,,,,1.6,,,,,,,,,,,,,,,,,,,,12.8
BRO_1180_037,2.6,0.9,,2.1,,3.1,1,,,,,,,,,,,,,,,,,,,,,,,,,9.6
BRO_1181_038,5.6,1.2,,3.7,,11.2,5.5,7.5,,,,,,,,,,,,8.8,,,,,,,,,,,,43.3
BRO_1183_040,6.1,1.1,0.8,6.1,4.7,5.5,2.5,7.1,,,,,,,,,,,,,,,,,,,,,,,,33.8
BRO_1936_043,1.7,,,1.7,,2,,,,,,,,,,,,,,,,,,,,,,,,,,5.4
BRO_1940_046,1.8,,,1.6,,2.1,0.6,,,,,,,,,,,,,,,,,,,,,,,,,6.2
BRO_1942_047,2,,,1.8,,1.5,,,,,,,,,,,,,,,,,,,,,,,,,,5.3
FRA_1842_014,,,,1.1,,0.9,,,,,,,,,,,,,,,,,,,,,,,,,,2
CLR_0048_002,2.7,,,2.7,4.9,2.3,0.6,,,,,,,,,,,,,,,,,,,,,,,,,13.2
CLR_0215_003,8.5,1.3,0.4,7.7,4.2,7.6,2.6,,,,,,,,,,,,,,,,,,,,,,,,,32.4
CLR_0216_004,4.2,2.7,0.9,2.8,,3.3,1.7,,,,,1.5,,,,,,,,,,,,,,,,,,,,17.1
CLR_0217_005,6.9,4.3,5,3.5,,4,2.7,7.9,,,,1.8,,,,,,,,,,1.2,,,,,,,,,,37.1
CLR_0218_006,1.7,,,1.2,,1,,,,,,,,,,,,,,,,,,,,,,,,,,3.9
CLR_0221_009,1.5,,,1,,1,,,,,,,,,,,,,,,,,,,,,,,,,,3.5
CLR_0223_011,7.8,1.1,2.9,4.5,4.3,5.9,3.2,6.9,,,,1.5,,,,,,,,8,,,,,,,,,,,,46.2
CLR_0225_013,5.4,1.5,6.4,2.3,,4.4,1.6,,,,,3.4,,,,,,,,,,1.2,,,,,,,,,,26.2
CLR_0447_014,4.5,1.5,2.8,3.3,4.6,3.4,2.1,,,,,1.9,,,,,,,,,,,,,,,,,,,,24.1
CLR_0449_016,11.3,2.1,8.4,13.6,4.8,12.3,3.4,7.9,,,,1.7,,,,,,,,8.1,,,,,,,,,,,,73.7
CLR_0450_017,4.7,1,,4.2,,3.8,1.9,,,,,,,,,,,,,,,,,,,,,,,,,15.7
CLR_0452_019,3.4,1,,3.9,,2.5,0.8,,,,,,,,,,,,,,,,,,,,,,,,,11.6
CLR_0454_021,2.7,,0.8,8.8,,2.4,1,,,,,,,,,,,,,,,,,,,,,,,,,15.7
CLR_0461_025,1.8,,,1.1,,1.3,,,,,,,,,,,,,,,,,,,,,,,,,,4.1
CLR_0464_028,5.8,1.5,4.3,4.5,,5.6,2,,,,,1.9,,,,,,,,,,,,,,,,,,,,25.5
CLR_0465_029,10.6,2.8,7.9,7.4,4.9,10.9,5.5,8.3,,,,2.5,,,,,,,,8.6,,,,,,,,,,,,69.4
CLR_0466_030,3,1,,3.8,,2.6,1,,,,,,,,,,,,,,,,,,,,,,,,,11.3
FRA_1846_017,2.8,,,1.3,,1.9,,,,,,,,,,,,,,,,,,,,,,,,,,6.1
CLR_0468_032,3.6,1.1,1.5,4.2,,2.9,1.1,,,,,1.7,,,,,,,,,,,,,,,,,,,,16
CLR_0469_033,2,,,1.7,,1.5,,,,,,,,,,,,,,,,,,,,,,,,,,5.2
CLR_0471_035,8.1,2.1,2.8,6.4,4.5,5.1,3,,,,,2.4,,,,,,,,,,1.1,,,,,,,,,,35.7
CLR_0472_036,3.4,,,3,,3.7,0.8,,,,,,,,,,,,,,,,,,,,,,,,,10.9
CLR_0475_037,2.2,,,2.1,,2.5,,,,,,,,,,,,,,,,,,,,,,,,,,6.8
CLR_0802_039,,,,1.1,,1.1,,,,,,,,,,,,,,,,,,,,,,,,,,2.2
FRA_1847_018,2.8,,,2.3,,2.2,0.7,,,,,,,,,,,,,,,,,,,,,,,,,8.1
CLR_0803_040,1.7,,,1.5,,1.2,,,,,,,,,,,,,,,,,,,,,,,,,,4.4
CLR_0804_041,2.2,,,2.2,,1.8,,,,,,,,,,,,,,,,,,,,,,,,,,6.2
CLR_0842_044,2.2,0.9,,1.4,,1.5,,,,,,,,,,,,,,,,,,,,,,,,,,6
CLR_0844_046,4.5,1.1,,2.5,,4.3,1.3,,,,,1.6,,,,,,,,,,,,,,,,,,,,15.3
CLR_0846_048,1.7,,,1.3,,1.1,,,,,,,,,,,,,,,,,,,,,,,,,,4.1
CLR_0848_050,,,,1,,1,,,,,,,,,,,,,,,,,,,,,,,,,,2
CLR_0850_052,2,,,1.4,,1.3,,,,,,,,,,,,,,,,,,,,,,,,,,4.8
CLR_0853_055,2,0.9,,1.7,,2.2,,,,,,,,,,,,,,,,,,,,,,,,,,6.8
CLR_1868_058,3,,,1.8,,,,,,,,,,,,,,,,,,,,,,,,,,,,4.8
CLR_1869_059,,,,1.5,,,,,,,,,,,,,,,,,,,,,,,,,,,,1.5
CLR_1875_061,2.3,,,1.5,,,,,,,,,,,,,,,,,,,,,,,,,,,,3.8
CLR_1886_072,,,,1.1,,1,,,,,,,,,,,,,,,,,,,,,,,,,,2.1
CLR_1887_073,,,,1.2,,1,,,,,,,,,,,,,,,,,,,,,,,,,,2.2
CLR_1888_074,1.7,,,1.4,,1.3,,,,,,,,,,,,,,,,,,,,,,,,,,4.3
CLR_1889_075,,,,1.2,,0.9,,,,,,,,,,,,,,,,,,,,,,,,,,2.2
CLR_1895_077,5.7,1,,11.7,5.5,4,2,,,,,,,,,,,,,,,,,,,,,,,,,29.9
CLR_1898_080,3,,,2,,2.8,0.9,,,,,,,,,,,,,,,,,,,,,,,,,8.7
CLR_1901_083,2.1,,,2,,,,,,,,,,,,,,,,,,,,,,,,,,,,4.1
BAY_1441_002,1.9,0.9,0.9,1.3,,1.6,,7.2,,,,1.7,,,,,,,,,,,,,,,,,,,,15.5
BAY_1442_003,1.9,,,1.3,,1.4,,,,,,,,,,,,,,,,,,,,,,,,,,4.6
BAY_1451_006,2,,,1.1,,1.4,,,,,,,,,,,,,,,,,,,,,,,,,,4.5
BAY_1593_008,,,,1,,0.9,,,,,,,,,,,,,,,,,,,,,,,,,,1.8
BAY_1594_009,,,,1.1,,1,,,,,,,,,,,,,,,,,,,,,,,,,,2.1
BAY_1596_011,,,,1.1,,,,,,,,,,,,,,,,,,,,,,,,,,,,1.1
BAY_1598_013,1.7,,,1.3,,1.2,,,,,,,,,,,,,,,,,,,,,,,,,,4.3
FRA_1476_005,2.4,,,1.5,,1.7,,,,,,2.2,,,,,,,,,,,,,,,,,,,,7.7
BAY_1599_014,4.3,0.9,,3.4,,3,1.3,7.4,,,,,,,,,,,,7.8,,,,,,,,,,,,28.3
BAY_1601_016,3.3,,1,2.6,,2.6,0.8,7.8,,,,,,,,,,,,7.9,,,,,,,,,,,,26.1
BAY_1602_017,1.9,,,1.2,,1.2,,,,,,,,,,,,,,,,,,,,,,,,,,4.3
BAY_1605_020,1.7,,,1.1,,1.1,,,,,,,,,,,,,,,,,,,,,,,,,,4
BAY_1634_027,1.5,,,1.1,,1,,,,,,,,,,,,,,,,,,,,,,,,,,3.7
BAY_1635_028,,,,1,,0.9,,,,,,,,,,,,,,,,,,,,,,,,,,1.9
STL_0085_002,2.8,1,,1.9,,2.4,0.7,,,,,,,,,,,,,,,,,,,,,,,,,8.8
STL_0087_004,1.9,,,1.5,,1.3,,,,,,,,,,,,,,,,,,,,,,,,,,4.7
STL_0091_005,3,0.9,6.3,2.8,,2.9,1.1,12.1,,,,,,,,,,,,14.4,,,,,,,,,,,,43.5
STL_0092_006,2.8,,,1.7,,18.4,2.5,,,,,1.6,,,,,,,,,,,,,,,,,,,,27
STL_0093_007,4.1,0.9,0.2,2.1,,3.4,1.8,,,,,,,,,,,,,,,,,,,,,,,,,12.4
STL_0095_009,6,1,0.3,5.1,,3.3,2.2,,,,,,,,,,,,,,,,,,,,,,,,,18
STL_0096_010,5.3,1,0.2,4.4,,3.4,2.1,,,,,,,,,,,,,,,,,,,,,,,,,16.4
STL_0151_012,6,1.1,,7.1,,4,2.5,,,,,,,,,,,,,,,,,,,,,,,,,20.8
STL_0152_013,11.7,1.9,0,12,,6.1,5.8,,,,,1.6,,,,,,,,,,,,,,,,,,,,39.1
STL_0153_014,7.1,1.3,3.2,4.9,,3.8,2.7,7.1,,,,,,,,,,,,,,,,,,,,,,,,30
BRO_0395_002,2.1,1,,1.4,,2.1,0.7,,,,,,,,,,,,,,,,,,,,,,,,,7.3
FRA_1480_009,2,,,1.3,,1.3,,,,,,,,,,,,,,,,,,,,,,,,,,4.6
BRO_0397_004,2.4,,,1.7,,2.4,1.3,,,,,,,,,,,,,,,,,,,,,,,,,7.8
BRO_0399_006,2.1,,,1.7,,2.1,0.7,,,,,,,,,,,,,,,,,,,,,,,,,6.7
BRO_0701_013,4.5,1.5,4.4,2.8,,4.2,1.7,7.5,,,,2.2,,,,,,,,,,,,,,,,,,,,28.7
FRA_1481_010,2.2,,,1.3,,1.6,,,,,,,,,,,,,,,,,,,,,,,,,,5.2
BRO_0738_014,6.5,1.4,2.4,5,4.8,6.5,3.3,7.4,,,,,,,,,,,,8.2,,,,,,,,,,,,45.4
BRO_0740_016,,,,1,,0.9,,,,,,,,,,,,,,,,,,,,,,,,,,1.9
BRO_0750_017,3.8,0.9,,2.7,,4.7,1.8,,,,,,,,,,,,,,,,,,,,,,,,,13.9
BRO_0753_020,4.5,1.5,,3.9,4.7,6.6,3.6,,,,,1.6,,,,,,,,,,1.1,,,,,,,,,,27.3
BRO_0754_021,1.9,,,3.8,,2,0.7,,,,,,,,,,,,,,,,,,,,,,,,,8.4
BRO_0923_023,2.9,1.3,,1.8,,4.2,4,,,,,,,,,,,,,,,,,,,,,,,,,14.2
FRA_1473_002,2.4,,,,,1.8,,,,,,,,,,,,,,,,,,,,,,,,,,4.1
BRO_1066_031,3.2,1.3,,,,4.7,1.4,,,,,2,,,,,,,,,,,,,,,,,,,,12.5
CLR_0453_020,1.7,,,,,1.4,,,,,,,,,,,,,,,,,,,,,,,,,,3.1
CLR_1879_065,,,,,,0.9,,,,,,,,,,,,,,,,,,,,,,,,,,0.9
BAY_1595_010,,,,,,0.9,,,,,,,,,,,,,,,,,,,,,,,,,,0.9
BAY_1604_019,,,,,,0.9,,,,,,,,,,,,,,,,,,,,,,,,,,0.9
BAY_1630_023,,,,,,0.9,,,,,,,,,,,,,,,,,,,,,,,,,,0.9
FRA_1477_006,,,,,,0.9,,,,,,,,,,,,,,,,,,,,,,,,,,0.9
BAY_1632_025,,,,,,0.9,,,,,,,,,,,,,,,,,,,,,,,,,,0.9
FRA_1478_007,2,,,,,1.3,,,,,,,,,,,,,,,,,,,,,,,,,,3.3
BRO_0401_008,2.1,,,,,2.6,0.7,,,,,,,,,,,,,,,,,,,,,,,,,5.4
BRO_0700_012,,,,,,1.1,,,,,,,,,,,,,,,,,,,,,,,,,,1.1
FRA_1843_015,2.2,1.3,,,,,,,,,,,,,,,,,,,,,,,,,,,,,,3.5
CLR_0805_042,1.5,,,,,,,,,,,,,,,,,,,,,,,,,,,,,,,1.5
CLR_1884_070,1.8,,,,,,,,,,,,,,,,,,,,,,,,,,,,,,,1.8
CLR_1897_079,2.1,,,,,,,,,,,,,,,,,,,,,,,,,,,,,,,2.1
