Article (Author et al YYYY),Sample Name,Sample Type,38.86531,-108.39814,Sampling Year,Sample Date (MM/DD/YYY),Sample Time,Analysis Method,Streamflow (m3/s),Sampling Depth (m),Units,PFOS,PFOA,FBSA,PFDA,PFNA,PFHxS,PFHxA,PFHpA,PFHpS,GenX,4:2 FTS,6:2 FTS,8:2 FTS,10:2 FTS,3:3 FTCA,5:3 FTCA,7:3 FTCA,PFPA,PFPeA,PFPeS,PFBS,PFBA,PFMOPrA,PFMOBA,PFMOAA,PFO2HxA,PFO3OA,PFO4DA,PFESA BP 1,PFESA BP 2,PFDoS,PFUnDA,FOSAA,N-MeFOSE,NMeFOSAA,NMeFOSA,N-EtFOSE,NEtFOSAA,N-EtFOSA,PFDS,PFTeDA,PFHxDA,PFNS,PFTrDA,PFDoA,PFOSA,9-Cl-PF3ONS,11-Cl-PF3OUdS,PFECA-G,ADONA,PFEESA,NFDHA,PFODA
USEPA et al 2014,Gunnison River,Fish Tissue,40.94132,-102.34142,2014,,,,,,ng/g,1.73,0,,,,,,,,,,,,,,,,,,,,,,,,,,,,,,,,,,,,,,,,,,,,,,,,,,,
USEPA et al 2014,South Platte River,Fish Tissue,37.17608,-105.73105,2014,,,,,,ng/g,26.4,0,,,,,,,,,,,,,,,,,,,,,,,,,,,,,,,,,,,,,,,,,,,,,,,,,,,
USEPA et al 2014,"Grande, Rio",Fish Tissue,40.39451,-103.47733,2013,,,,,,ng/g,2.88,0,,,,,,,,,,,,,,,,,,,,,,,,,,,,,,,,,,,,,,,,,,,,,,,,,,,
USEPA et al 2014,South Platte River,Fish Tissue,40.47797,-108.90822,2014,,,,,,ng/g,73.2,0.175,,,,,,,,,,,,,,,,,,,,,,,,,,,,,,,,,,,,,,,,,,,,,,,,,,,
USEPA et al 2014,Yampa River,Fish Tissue,39.65513,-107.06715,2014,,,,,,ng/g,59.3,0,,,,,,,,,,,,,,,,,,,,,,,,,,,,,,,,,,,,,,,,,,,,,,,,,,,
USEPA et al 2014,Colorado River,Fish Tissue,39.18629,-108.90477,2013,,,,,,ng/g,6.12,0,,,,,,,,,,,,,,,,,,,,,,,,,,,,,,,,,,,,,,,,,,,,,,,,,,,
USEPA et al 2014,Colorado River,Fish Tissue,,,2014,,,,,,ng/g,6.91,0,,,,,,,,,,,,,,,,,,,,,,,,,,,,,,,,,,,,,,,,,,,,,,,,,,,
Adams County et al 2019,3503,Ground Water,,,2019,02/26/2019,,,,,ng/L,6,4,,,,,,,,,,,,,,,,,,,0,,,,,,,,,,,,,,,,,,,,,,,,,,,,,,,,
Adams County et al 2019,4044,Ground Water,,,2019,02/26/2019,,,,,ng/L,0,5,,,,,,,,,,,,,,,,,,,0,,,,,,,,,,,,,,,,,,,,,,,,,,,,,,,,
Adams County et al 2019,ACMW_03,Ground Water,,,2019,02/28/2019,,,,,ng/L,0,10,,,,,,,,,,,,,,,,,,,0,,,,,,,,,,,,,,,,,,,,,,,,,,,,,,,,
Adams County et al 2019,CSC _MW_10,Ground Water,,,2019,02/27/2019,,,,,ng/L,41,25,,,,,,,,,,,,,,,,,,,22,,,,,,,,,,,,,,,,,,,,,,,,,,,,,,,,
Adams County et al 2019,MW_06,Ground Water,,,2019,02/28/2019,,,,,ng/L,6,31,,,,,,,,,,,,,,,,,,,0,,,,,,,,,,,,,,,,,,,,,,,,,,,,,,,,
Adams County et al 2019,MW_8,Ground Water,,,2019,02/25/2019,,,,,ng/L,22,16,,,,,,,,,,,,,,,,,,,31,,,,,,,,,,,,,,,,,,,,,,,,,,,,,,,,
Adams County et al 2019,OUI_WP5,Ground Water,,,2019,02/27/2019,,,,,ng/L,0,9,,,,,,,,,,,,,,,,,,,0,,,,,,,,,,,,,,,,,,,,,,,,,,,,,,,,
Adams County et al 2019,Pioneer Park,Ground Water,,,2019,02/25/2019,,,,,ng/L,133,14,,,,,,,,,,,,,,,,,,,18,,,,,,,,,,,,,,,,,,,,,,,,,,,,,,,,
Adams County et al 2019,SAC_MW_14,Ground Water,,,2019,02/25/2019,,,,,ng/L,23,9,,,,,,,,,,,,,,,,,,,0,,,,,,,,,,,,,,,,,,,,,,,,,,,,,,,,
Adams County et al 2019,SAC_MW_21,Ground Water,,,2019,02/25/2019,,,,,ng/L,390,37,,,,,,,,,,,,,,,,,,,25,,,,,,,,,,,,,,,,,,,,,,,,,,,,,,,,
Adams County et al 2019,SC_2,Ground Water,,,2019,02/26/2019,,,,,ng/L,10,14,,,,,,,,,,,,,,,,,,,12,,,,,,,,,,,,,,,,,,,,,,,,,,,,,,,,
Adams County et al 2019,SC_5,Ground Water,,,2019,02/26/2019,,,,,ng/L,0,0,,,,,,,,,,,,,,,,,,,0,,,,,,,,,,,,,,,,,,,,,,,,,,,,,,,,
Adams County et al 2019,MW_02_Max,Ground Water,,,2019,03/27/2019,,,,,ng/L,5250,314,,,,,,,,,,,,,,,,,,,0,,,,,,,,,,,,,,,,,,,,,,,,,,,,,,,,
Adams County et al 2019,MW_03_Max,Ground Water,,,2019,03/27/2019,,,,,ng/L,31000,7100,,,,,,,,,,,,,,,,,,,1750,,,,,,,,,,,,,,,,,,,,,,,,,,,,,,,,
Adams County et al 2019,MW_04_Max,Ground Water,,,2019,03/27/2019,,,,,ng/L,7100,818,,,,,,,,,,,,,,,,,,,330,,,,,,,,,,,,,,,,,,,,,,,,,,,,,,,,
Adams County et al 2019,MW1_Max,Ground Water,,,2019,03/27/2019,,,,,ng/L,0,4.48,,,,,,,,,,,,,,,,,,,7.7,,,,,,,,,,,,,,,,,,,,,,,,,,,,,,,,
Adams County et al 2019,WELL NO 1 - OFFICE,Ground Water,,,2019,12/10/2019,,,,,ng/L,0,0,,,,,,,,,,,,,,,,,,,0,,,,,,,,,,,,,,,,,,,,,,,,,,,,,,,,
Adams County et al 2019,WELL NO 2 - Daride St.,Ground Water,,,2019,12/10/2019,,,,,ng/L,0,0,,,,,,,,,,,,,,,,,,,0,,,,,,,,,,,,,,,,,,,,,,,,,,,,,,,,
Adams County et al 2019,CENTER WELL NO 2,Ground Water,,,2019,12/10/2019,,,,,ng/L,0,0,,,,,,,,,,,,,,,,,,,0,,,,,,,,,,,,,,,,,,,,,,,,,,,,,,,,
Adams County et al 2019,EAST WELL NO 1,Ground Water,,,2019,12/10/2019,,,,,ng/L,0,0,,,,,,,,,,,,,,,,,,,0,,,,,,,,,,,,,,,,,,,,,,,,,,,,,,,,
Adams County et al 2019,WELL WEST NO 3,Ground Water,,,2019,12/10/2019,,,,,ng/L,0,0,,,,,,,,,,,,,,,,,,,0,,,,,,,,,,,,,,,,,,,,,,,,,,,,,,,,
Adams County et al 2019,1063,Ground Water,,,2018,01/18/2018,,,,,ng/L,2,5.3,,,,,,,,,,,,,,,,,,,0,,,,,,,,,,,,,,,,,,,,,,,,,,,,,,,,
Adams County et al 2019,1078,Ground Water,,,2017,09/13/2017,,,,,ng/L,16,9.1,,,,,,,,,,,,,,,,,,,0,,,,,,,,,,,,,,,,,,,,,,,,,,,,,,,,
Adams County et al 2019,1525,Ground Water,,,2017,09/13/2017,,,,,ng/L,4000,210,,,,,,,,,,,,,,,,,,,0,,,,,,,,,,,,,,,,,,,,,,,,,,,,,,,,
Adams County et al 2019,2505,Ground Water,,,2017,09/12/2017,,,,,ng/L,1.3,2.4,,,,,,,,,,,,,,,,,,,0,,,,,,,,,,,,,,,,,,,,,,,,,,,,,,,,
Adams County et al 2019,3503,Ground Water,,,2017,11/29/2017,,,,,ng/L,3.6,7,,,,,,,,,,,,,,,,,,,0,,,,,,,,,,,,,,,,,,,,,,,,,,,,,,,,
Adams County et al 2019,4303,Ground Water,,,2018,01/24/2018,,,,,ng/L,3.1,4.4,,,,,,,,,,,,,,,,,,,0,,,,,,,,,,,,,,,,,,,,,,,,,,,,,,,,
Adams County et al 2019,22008,Ground Water,,,2018,02/14/2018,,,,,ng/L,3.7,2.3,,,,,,,,,,,,,,,,,,,0,,,,,,,,,,,,,,,,,,,,,,,,,,,,,,,,
Adams County et al 2019,22505,Ground Water,,,2018,03/20/2018,,,,,ng/L,37,40,,,,,,,,,,,,,,,,,,,0,,,,,,,,,,,,,,,,,,,,,,,,,,,,,,,,
Adams County et al 2019,24201,Ground Water,,,2018,01/29/2018,,,,,ng/L,2,2,,,,,,,,,,,,,,,,,,,0,,,,,,,,,,,,,,,,,,,,,,,,,,,,,,,,
Adams County et al 2019,25054,Ground Water,,,2018,01/29/2018,,,,,ng/L,2,2,,,,,,,,,,,,,,,,,,,0,,,,,,,,,,,,,,,,,,,,,,,,,,,,,,,,
Adams County et al 2019,26017,Ground Water,,,2018,01/31/2018,,,,,ng/L,2,2,,,,,,,,,,,,,,,,,,,0,,,,,,,,,,,,,,,,,,,,,,,,,,,,,,,,
Adams County et al 2019,26157,Ground Water,,,2018,01/30/2018,,,,,ng/L,2.2,2,,,,,,,,,,,,,,,,,,,0,,,,,,,,,,,,,,,,,,,,,,,,,,,,,,,,
Adams County et al 2019,27517,Ground Water,,,2018,03/21/2018,,,,,ng/L,5.6,3.2,,,,,,,,,,,,,,,,,,,0,,,,,,,,,,,,,,,,,,,,,,,,,,,,,,,,
Adams County et al 2019,35065,Ground Water,,,2017,09/06/2017,,,,,ng/L,2,8.5,,,,,,,,,,,,,,,,,,,0,,,,,,,,,,,,,,,,,,,,,,,,,,,,,,,,
Adams County et al 2019,35514,Ground Water,,,2017,08/28/2017,,,,,ng/L,14,2.3,,,,,,,,,,,,,,,,,,,0,,,,,,,,,,,,,,,,,,,,,,,,,,,,,,,,
Adams County et al 2019,36201,Ground Water,,,2018,02/01/2018,,,,,ng/L,4.1,13,,,,,,,,,,,,,,,,,,,0,,,,,,,,,,,,,,,,,,,,,,,,,,,,,,,,
Adams County et al 2019,36305,Ground Water,,,2017,08/09/2017,,,,,ng/L,4.2,53,,,,,,,,,,,,,,,,,,,0,,,,,,,,,,,,,,,,,,,,,,,,,,,,,,,,
Adams County et al 2019,36594,Ground Water,,,2017,09/06/2017,,,,,ng/L,2,2,,,,,,,,,,,,,,,,,,,0,,,,,,,,,,,,,,,,,,,,,,,,,,,,,,,,
Adams County et al 2019,37065,Ground Water,,,2018,03/27/2018,,,,,ng/L,2,2,,,,,,,,,,,,,,,,,,,0,,,,,,,,,,,,,,,,,,,,,,,,,,,,,,,,
Adams County et al 2019,37095,Ground Water,,,2018,03/28/2018,,,,,ng/L,2,2,,,,,,,,,,,,,,,,,,,0,,,,,,,,,,,,,,,,,,,,,,,,,,,,,,,,
Adams County et al 2019,37395,Ground Water,,,2018,03/28/2018,,,,,ng/L,2,2,,,,,,,,,,,,,,,,,,,0,,,,,,,,,,,,,,,,,,,,,,,,,,,,,,,,
Adams County et al 2019,SW_1,Surface Water,,,2019,02/26/2019,,,,,ng/L,10,19,,,,,,,,,,,,,,,,,,,0,,,,,,,,,,,,,,,,,,,,,,,,,,,,,,,,
Adams County et al 2019,SW_2,Surface Water,,,2019,02/26/2019,,,,,ng/L,46,15,,,,,,,,,,,,,,,,,,,11,,,,,,,,,,,,,,,,,,,,,,,,,,,,,,,,
Adams County et al 2019,SW_3,Surface Water,,,2019,02/28/2019,,,,,ng/L,32,20,,,,,,,,,,,,,,,,,,,12,,,,,,,,,,,,,,,,,,,,,,,,,,,,,,,,
Adams County et al 2019,SW_4,Surface Water,,,2019,02/27/2019,,,,,ng/L,129,30,,,,,,,,,,,,,,,,,,,10,,,,,,,,,,,,,,,,,,,,,,,,,,,,,,,,
Adams County et al 2019,SW_5,Surface Water,39.77549785,-105.1336019,2019,02/27/2019,,,,,ng/L,32,15,,,,,,,,,,,,,,,,,,,12,,,,,,,,,,,,,,,,,,,,,,,,,,,,,,,,
CDPHE et al 2020,Tabor,Fish Tissue,39.92675603,-104.8708133,2020,,,,,,ng/g,,,,,,,,,,,,,,,,,,,,,,,,,,,,,,,,,,,,,,,,,,,,,,,,,,,,,
CDPHE et al 2020,Mann Nyholt,Fish Tissue,38.72420598,-104.7274011,2020,,,,,,ng/g,,,,,,,,,,,,,,,,,,,,,,,,,,,,,,,,,,,,,,,,,,,,,,,,,,,,,
CDPHE et al 2020,Willow Springs Ponds,Fish Tissue,39.94350033,-104.7596493,2020,,,,,,ng/g,,,,,,,,,,,,,,,,,,,,,,,,,,,,,,,,,,,,,,,,,,,,,,,,,,,,,
CDPHE et al 2020,Barr Lake,Fish Tissue,39.54737663,-105.0697606,2023,,,,,,ng/g,,,,,,,,,,,,,,,,,,,,,,,,,,,,,,,,,,,,,,,,,,,,,,,,,,,,,
CDPHE et al 2020,Chatfield Reservoir,Fish Tissue,39.0561151,-108.4629106,2023,,,,,,ng/g,,,,,,,,,,,,,,,,,,,,,,,,,,,,,,,,,,,,,,,,,,,,,,,,,,,,,
CDPHE et al 2020,Corn Lake,Fish Tissue,39.75865597,-106.9476362,2023,,,,,,ng/g,,,,,,,,,,,,,,,,,,,,,,,,,,,,,,,,,,,,,,,,,,,,,,,,,,,,,
CDPHE et al 2020,Gypsum Ponds,Fish Tissue,38.2545719,-104.5997426,2023,,,,,,ng/g,,,,,,,,,,,,,,,,,,,,,,,,,,,,,,,,,,,,,,,,,,,,,,,,,,,,,
CDPHE et al 2020,Runyon Lake,Fish Tissue,39.22103231,-107.7959695,2023,,,,,,ng/g,,,,,,,,,,,,,,,,,,,,,,,,,,,,,,,,,,,,,,,,,,,,,,,,,,,,,
CDPHE et al 2020,Vega Reservoir,Fish Tissue,39.77549785,-105.1336019,2023,,,,,,ng/g,,,,,,,,,,,,,,,,,,,,,,,,,,,,,,,,,,,,,,,,,,,,,,,,,,,,,
CDPHE et al 2020,Tabor,Surface Water,39.92675603,-104.8708133,2020,,,,,,ng/L,10.4,12.2,,,,,,,,,,,,,,,,,,,,,,,,,,,,,,,,,,,,,,,,,,,,,,,,,,,
CDPHE et al 2020,Mann Nyholt,Surface Water,38.72420598,-104.7274011,2020,,,,,,ng/L,8.9,9.2,,,,,,,,,,,,,,,,,,,,,,,,,,,,,,,,,,,,,,,,,,,,,,,,,,,
CDPHE et al 2020,Willow Springs  Ponds,Surface Water,39.05597347,-108.4637206,2020,,,,,,ng/L,101,62,,,,,,,,,,,,,,,,,,,,,,,,,,,,,,,,,,,,,,,,,,,,,,,,,,,
CDPHE et al 2023,Corn Lake,Sediment or Soil,39.22312802,-107.7943813,2023,06/08/2023,,,,,ug/Kg,0,0,,0,0,0,0,0,0,0,0,0,0,,0,0,0,,0,0,0,0,0,0,,,,,,,0,0,,0,0,0,0,0,0,0,0,,0,0,0,0,0,0,,0,0,0,
CDPHE et al 2023,Vega Reservoir,Sediment or Soil,39.65356941,-106.9389184,2023,06/14/2023,,,,,ug/Kg,0,0,,0,0,0,0,0,0,0,0,0,0,,0,0,0,,0,0,0,0,0,0,,,,,,,0,0,,0,0,0,0,0,0,0,0,,0,0,0,0,0,0,,0,0,0,
CDPHE et al 2023,Gypsum Ponds,Sediment or Soil,38.2545045,-104.5999142,2023,07/11/2023,,,,,ug/Kg,0,0,,0,0,0.15,0,0,0,0,0,0,0,,0,0,0,,0,0,0,0,0,0,,,,,,,0,0,,0,0,0,0,0,0,0,0,,0,0,0,0,0,0,,0,0,0,
CDPHE et al 2023,Runyon Lake,Sediment or Soil,39.55095047,-105.067014,2023,07/17/2023,,,,,ug/Kg,0.52,0,,0,0,0.16,0,0,0,0,0,0,0,,0,0,0,,0,0,0,0,0,0,,,,,,,0,0,,0,0,0,0,0,0,0,0,,0,0,0,0,0,0,,0,0,0,
CDPHE et al 2023,Chatfield Reservoir,Sediment or Soil,39.94351678,-104.7595849,2023,10/17/2023,,,,,ug/Kg,0,0,,0,0,0,0,0,0,0,0,0,0,,0,0,0,,0,0,0,0,0,0,,,,,,,0,0,,0,0,0,0,0,0,0,0,,0,0,0,0,0,0,,0,0,0,
CDPHE et al 2023,Barr Lake,Sediment or Soil,39.94351678,-104.7595849,2023,11/09/2023,,,,,ug/Kg,0,0,,0,0,0,0,0,0,0,0,0,0,,0,0,0,,0,0,0,0,0,0,,,,,,,0,0,,0,0,0,0,0,0,0,0,,0,0,0,0,0,0,,0,0,0,
CDPHE et al 2023,Barr Lake,Surface Water,39.55095047,-105.067014,2023,11/09/2023,,,,,ng/L,8.5,9.6,,1.4,1.4,7.5,13,5,0,0,0,0,0,,0,0,0,,14,0.97,9.8,10,0,0,,,,,,,0,0,,0,0,0,0,0,0,0,0,,0,0,0,0,0,0,,0,0,0,
CDPHE et al 2023,Chatfield Reservoir,Surface Water,39.05597347,-108.4637206,2023,10/17/2023,,,,,ng/L,1.4,2,,0,0.66,0.79,2.8,0.86,0,0,0,0,0,,0,0,0,,0,0,2.8,3.6,0,0,,,,,,,0,0,,0,0,0,0,0,0,0,0,,0,0,0,0,0,0,,0,0,0,
CDPHE et al 2023,Corn Lake,Surface Water,39.65356941,-106.9389184,2023,06/08/2023,,,,,ng/L,0,1,,0,0,0.79,2.4,1.4,0,0,0,0,0,,0,0,0,,0,0,4.7,4.7,0,0,,,,,,,0,0,,0,0,0,0,0,0,0,0,,0,0,0,0,0,0,,0,0,0,
CDPHE et al 2023,Gypsum Ponds,Surface Water,38.2545045,-104.5999142,2023,07/11/2023,,,,,ng/L,0,1,,0,0,0,1.2,0,0,0,0,0,0,,0,0,0,,0,0,0.97,2,0,0,,,,,,,0,0,,0,0,0,0,0,0,0,0,,0,0,0,0.4,0,0,,0,0,0,
CDPHE et al 2023,Runyon Lake,Surface Water,39.22312802,-107.7943813,2023,07/17/2023,,,,,ng/L,1.3,0.53,,0,0,0.7,0.62,0,0,0,0,0,0,,0,0,0,,0,0,1.2,1.7,0,0,,,,,,,0,0,,0,0,0,0,0,0,0,0,,0,0,0,0,0,0,,0,0,0,
CDPHE et al 2023,Vega Reservoir,Surface Water,39.92631233,-105.1019528,2023,06/14/2023,,,,,ng/L,0,0,,0,0,0,0,0,0,0,0,0,0,,0,0,0,,0,0,0,0,0,0,,,,,,,0,0,,0,0,0,0,0,0,0,0,,0,0,0,0,0,0,,0,0,0,
RCRA et al 2022,Micro-Semi,Ground Water,38.77643225,-104.7372205,2019,02/26/2019,,,,,ng/L,1110,17.6,,0,0,0,,,,0,,,,,,,,,,,9.47,,,,,,,,,,,,,,,,,,,,,,,,,,,,,,,,
RCRA et al 2022,Schlage,Ground Water,39.58030699,-104.9329281,2019,05/02/2019,,,,,ng/L,140,16,,0,0,0,,,,0,,,,,,,,,,,0,,,,,,,,,,,,,,,,,,,,,,,,,,,,,,,,
RCRA et al 2022,Alliant Techsystem,Ground Water,38.89884512,-104.8622719,2019,06/27/2019,,,,,ng/L,18,41,,0,0,0,,,,0,,,,,,,,,,,0,,,,,,,,,,,,,,,,,,,,,,,,,,,,,,,,
RCRA et al 2022,HP Colo Springs,Ground Water,40.01961696,-105.2261811,2019,09/11/2019,,,,,ng/L,23,9.4,,0,0,0,,,,0,,,,,,,,,,,0,,,,,,,,,,,,,,,,,,,,,,,,,,,,,,,,
RCRA et al 2022,CordenPharma - Roche/Syntex,Ground Water,39.16683661,-108.7574289,2019,11/21/2019,,,,,ng/L,31.7,43.8,,0,13,664,,,,0,,,,,,,,,,,134,,,,,,,,,,,,,,,,,,,,,,,,,,,,,,,,
RCRA et al 2022,Fruita Ind. And Rail Park,Ground Water,39.84193095,-104.9145524,2020,03/01/2020,,,,,ng/L,2.9,1.1,,0,0,0,,,,0,,,,,,,,,,,0,,,,,,,,,,,,,,,,,,,,,,,,,,,,,,,,
RCRA et al 2022,80th Ave. Tank Farm,Ground Water,39.84489135,-104.916514,2021,05/03/2021,,,,,ng/L,85,30,,0,0,0,,,,0,,,,,,,,,,,0,,,,,,,,,,,,,,,,,,,,,,,,,,,,,,,,
RCRA et al 2022,Magellan DuPont,Ground Water,39.65608565,-105.0152711,2021,05/03/2021,,,,,ng/L,480,65,,0,0,0,,,,0,,,,,,,,,,,0,,,,,,,,,,,,,,,,,,,,,,,,,,,,,,,,
RCRA et al 2022,Ashland LLC Property,Ground Water,39.76020711,-104.8137084,2022,03/02/2022,,,,,ng/L,5.3,49,,0,0,0,,,,0,,,,,,,,,,,0,,,,,,,,,,,,,,,,,,,,,,,,,,,,,,,,
RCRA et al 2022,Magellan Aurora,Ground Water,39.79752796,-104.9365472,2022,09/22/2022,,,,,ng/L,0,300,,0,0,0,,,,0,,,,,,,,,,,0,,,,,,,,,,,,,,,,,,,,,,,,,,,,,,,,
RCRA et al 2022,P66 Terminal,Ground Water,38.87854836,-104.6760916,2022,12/01/2022,,,,,ng/L,1220,28,,29.9,11.9,115,,,,0,,,,,,,,,,,17.1,,,,,,,,,,,,,,,,,,,,,,,,,,,,,,,,
RCRA et al 2022,Weatherford Facility - Colorado Springs,Ground Water,39.10648327,-108.6422241,2023,02/28/2023,,,,,ng/L,0,0,,0,0,0,,,,0,,,,,,,,,,,4.7,,,,,,,,,,,,,,,,,,,,,,,,,,,,,,,,
RCRA et al 2022,Suncor Grand Junction Terminal,Ground Water,39.79940781,-104.9440538,2023,03/23/2023,,,,,ng/L,260,860,,0,0,0,,,,0,,,,,,,,,,,0,,,,,,,,,,,,,,,,,,,,,,,,,,,,,,,,
RCRA et al 2022,Valero,Ground Water,39.67000218,-104.992851,2023,05/18/2023,,,,,ng/L,150,190,,0,21,2700,,,,0,,,,,,,,,,,74,,,,,,,,,,,,,,,,,,,,,,,,,,,,,,,,
RCRA et al 2022,Power Engineering,Ground Water,39.80431827,-104.9489143,2023,05/25/2023,,,,,ng/L,755,33.9,,0,2.6,73.6,,,,0,,,,,,,,,,,1140,,,,,,,,,,,,,,,,,,,,,,,,,,,,,,,,
RCRA et al 2022,Suncor,Ground Water,40.28801549,-105.2595129,2023,06/25/2023,,,,,ng/L,32000,2900,,390,1400,16000,,,,350,,,,,,,,,,,1700,,,,,,,,,,,,,,,,,,,,,,,,,,,,,,,,
RCRA et al 2022,Syntex Lyons Landfill,Ground Water,39.88899267,-105.206243,2023,09/11/2023,,,,,ng/L,15000,1500,,0,0,0,,,,0,,,,,,,,,,,0,,,,,,,,,,,,,,,,,,,,,,,,,,,,,,,,
RCRA et al 2022,Rocky Flats,Ground Water,38.67222646,-104.7033956,2023,10/11/2023,,,,,ng/L,330,110,,5.5,13,180,,,,0,,,,,,,,,,,43,,,,,,,,,,,,,,,,,,,,,,,,,,,,,,,,
RCRA et al 2022,Magellan Fountain,Ground Water,39.49422502,-105.096896,2023,11/30/2023,,,,,ng/L,6900,570,,0,0,0,,,,0,,,,,,,,,,,0,,,,,,,,,,,,,,,,,,,,,,,,,,,,,,,,
RCRA et al 2022,Lockheed,Ground Water,39.658908,-104.685491,2019,05/01/2019,,,,,ng/L,45,43,,0,0,0,,,,0,,,,,,,,,,,0,,,,,,,,,,,,,,,,,,,,,,,,,,,,,,,,
RCRA et al 2022,DACWPF,Landfill Leachate,39.75498534,-103.7234258,2020,12/09/2020,,,,,ng/L,780,490,,0,0,0,,,,0,,,,,,,,,,,0,,,,,,,,,,,,,,,,,,,,,,,,,,,,,,,,
RCRA et al 2022,"Clean Harbors of Deer Trail, LLC.",Landfill Leachate,39.00461768,-104.8376278,2021,05/29/2021,,,,,ng/L,272,329,,0,0,0,,,,302,,,,,,,,,,,10800,,,,,,,,,,,,,,,,,,,,,,,,,,,,,,,,
DoD et al 2022,U.S. Air Force Academy,Ground Water,39.70414565,-104.7579452,2019,11/08/2019,,,,,ng/L,72000,49000,,0,0,0,,,,0,,,,,,,,,,,12000,,,,,,,,,,,,,,,,,,,,,,,,,,,,,,,,
DoD et al 2022,Buckley Space Force Base,Ground Water,38.82600538,-104.6995704,2018,07/26/2018,,,,,ng/L,99000,190000,,0,0,0,,,,0,,,,,,,,,,,19000,,,,,,,,,,,,,,,,,,,,,,,,,,,,,,,,
DoD et al 2022,Peterson Space Force Base,Ground Water,39.49452523,-105.1031854,2018,09/13/2018,,,,,ng/L,170000,11000,,0,0,0,,,,0,,,,,,,,,,,60000,,,,,,,,,,,,,,,,,,,,,,,,,,,,,,,,
DoD et al 2022,PJKS,Ground Water,39.72133481,-104.8973513,2022,08/11/2022,,,,,ng/L,46.1,25.9,,0,0,7.3,,,,0,,,,,,,,,,,5.1,,,,,,,,,,,,,,,,,,,,,,,,,,,,,,,,
DoD et al 2022,Lowry Air Space Force Base,Ground Water,38.70306647,-104.7424449,2014,12/17/2014,,,,,ng/L,341,344,,0,0,0,,,,0,,,,,,,,,,,72,,,,,,,,,,,,,,,,,,,,,,,,,,,,,,,,
DoD et al 2022,Ft. Carson,Ground Water,39.645118,-106.914057,2020,11/03/2020,,,,,ng/L,55000,151000,,0,0,0,,,,0,,,,,,,,,,,9800,,,,,,,,,,,,,,,,,,,,,,,,,,,,,,,,
DoD et al 2022,Gypsum HAATS,Ground Water,39.704577,-104.764325,2022,07/14/2022,,,,,ng/L,5.4,21,,0,1.2,63,,,,0,,,,,,,,,,,27,,,,,,,,,,,,,,,,,,,,,,,,,,,,,,,,
DoD et al 2022,Buckley HAATS,Ground Water,39.00461768,-104.8376278,2022,07/18/2022,,,,,ng/L,19900,1530,,8.2,847,8170,,,,0,,,,,,,,,,,1150,,,,,,,,,,,,,,,,,,,,,,,,,,,,,,,,
DoD et al 2022,U.S. Air Force Academy,Sediment or Soil,38.82600538,-104.6995704,2019,10/12/2019,,,,,ug/kg,3.6,0,,0,0,0,,,,0,,,,,,,,,,,0,,,,,,,,,,,,,,,,,,,,,,,,,,,,,,,,
DoD et al 2022,Peterson Space Force Base,Sediment or Soil,38.80921562,-104.5244837,2016,11/12/2016,,,,,ug/kg,370,0.74,,0,0,0,,,,0,,,,,,,,,,,0,,,,,,,,,,,,,,,,,,,,,,,,,,,,,,,,
DoD et al 2022,Schreiver Space Force Base,Sediment or Soil,38.74370173,-104.8823555,2018,09/07/2018,,,,,ug/kg,1100,62,,0,0,0,,,,0,,,,,,,,,,,110,,,,,,,,,,,,,,,,,,,,,,,,,,,,,,,,
DoD et al 2022,Cheyenne Mountain Air Force base,Sediment or Soil,39.00461768,-104.8376278,2018,11/08/2018,,,,,ug/kg,0.32,0.36,,0,0,0,,,,0,,,,,,,,,,,0,,,,,,,,,,,,,,,,,,,,,,,,,,,,,,,,
DoD et al 2022,U.S. Air Force Academy,Sediment or Soil,38.82600538,-104.6995704,2018,12/13/2018,,,,,ug/kg,480,19,,0,0,0,,,,0,,,,,,,,,,,0.81,,,,,,,,,,,,,,,,,,,,,,,,,,,,,,,,
DoD et al 2022,Peterson Space Force Base,Sediment or Soil,39.49452523,-105.1031854,2016,11/12/2016,,,,,ug/kg,2400,9.7,,0,0,0,,,,0,,,,,,,,,,,3.2,,,,,,,,,,,,,,,,,,,,,,,,,,,,,,,,
DoD et al 2022,PJKS,Sediment or Soil,38.80921562,-104.5244837,2017,09/07/2017,,,,,ug/kg,0,0,,0,0,0,,,,0,,,,,,,,,,,0,,,,,,,,,,,,,,,,,,,,,,,,,,,,,,,,
DoD et al 2022,Schreiver Space Force Base,Sediment or Soil,39.72133481,-104.8973513,2019,09/07/2019,,,,,ug/kg,180,1.1,,0,0,0,,,,0,,,,,,,,,,,0,,,,,,,,,,,,,,,,,,,,,,,,,,,,,,,,
DoD et al 2022,Lowry Air Space Force Base,Sediment or Soil,38.74370173,-104.8823555,2014,12/12/2014,,,,,ug/kg,109,694,,0,0,0,,,,0,,,,,,,,,,,4.89,,,,,,,,,,,,,,,,,,,,,,,,,,,,,,,,
DoD et al 2022,Cheyenne Mountain Air Force base,Sediment or Soil,39.70414565,-104.7579452,2018,11/08/2018,,,,,ug/kg,32,2,,0,0,0,,,,0,,,,,,,,,,,0,,,,,,,,,,,,,,,,,,,,,,,,,,,,,,,,
DoD et al 2022,Buckley Space Force Base,Sediment or Soil,38.70306647,-104.7424449,2018,07/20/2018,,,,,ug/kg,8500,7200,,0,0,0,,,,0,,,,,,,,,,,36,,,,,,,,,,,,,,,,,,,,,,,,,,,,,,,,
DoD et al 2022,Ft. Carson,Sediment or Soil,39.645118,-106.914057,2020,11/05/2020,,,,,ug/kg,280,4.4,,0,0,0,,,,0,,,,,,,,,,,7.4,,,,,,,,,,,,,,,,,,,,,,,,,,,,,,,,
DoD et al 2022,Gypsum HAATS,Sediment or Soil,39.704577,-104.764325,2022,06/28/2022,,,,,ug/kg,60,0.42,,0.74,0.23,2.6,,,,0,,,,,,,,,,,0,,,,,,,,,,,,,,,,,,,,,,,,,,,,,,,,
DoD et al 2022,Buckley HAATS,Sediment or Soil,39.00461768,-104.8376278,2022,07/14/2022,,,,,ug/kg,1.94,0.26,,0.456,0.382,0.249,,,,0,,,,,,,,,,,0.15,,,,,,,,,,,,,,,,,,,,,,,,,,,,,,,,
DoD et al 2022,U.S. Air Force Academy,Surface Water,38.82600538,-104.6995704,2019,10/12/2019,,,,,ng/L,23,20,,0,0,0,,,,0,,,,,,,,,,,17,,,,,,,,,,,,,,,,,,,,,,,,,,,,,,,,
DoD et al 2022,Peterson Space Force Base,Surface Water,38.80921562,-104.5244837,2016,11/12/2016,,,,,ng/L,730,100,,0,0,0,,,,0,,,,,,,,,,,24,,,,,,,,,,,,,,,,,,,,,,,,,,,,,,,,
DoD et al 2022,Schreiver Space Force Base,Surface Water,38.74370173,-104.8823555,2018,09/07/2018,,,,,ng/L,760000,110000,,0,0,0,,,,0,,,,,,,,,,,190000,,,,,,,,,,,,,,,,,,,,,,,,,,,,,,,,
DoD et al 2022,Cheyenne Mountain Air Force base,Surface Water,,,2018,11/08/2018,,,,,ng/L,3.8,2.3,,0,0,0,,,,0,,,,,,,,,,,0.69,,,,,,,,,,,,,,,,,,,,,,,,,,,,,,,,
El Paso PWS et al 2016,El Paso Parks A1 WELL,Ground Water,,,2016,03/02/2016,,,,,ng/L,31,18,,,0,38,,5.3,,,,,,,,,,,,,28,,,,,,,,,,,,,,,,,,,,,,,,,,,,,,,,
El Paso PWS et al 2016,El Paso Parks Fountain Creek Nature Ctr,Ground Water,,,2016,03/02/2016,,,,,ng/L,0,0,,,0,0,,0,,,,,,,,,,,,,0,,,,,,,,,,,,,,,,,,,,,,,,,,,,,,,,
El Paso PWS et al 2016,El Paso Parks Mckinnon Well,Ground Water,,,2016,03/02/2016,,,,,ng/L,20,15,,,0,35,,6.1,,,,,,,,,,,,,260,,,,,,,,,,,,,,,,,,,,,,,,,,,,,,,,
El Paso PWS et al 2016,Fountain Well No 2 South Park Well,Ground Water,,,,,,,,,ng/L,49,32,,,0,54,,10,,,,,,,,,,,,,0,,,,,,,,,,,,,,,,,,,,,,,,,,,,,,,,
El Paso PWS et al 2016,Fountain Well No 3 Shop Well,Ground Water,,,,,,,,,ng/L,50,27,,,0,50,,0,,,,,,,,,,,,,0,,,,,,,,,,,,,,,,,,,,,,,,,,,,,,,,
El Paso PWS et al 2016,Fountain Well No 4 Dale St,Ground Water,,,,,,,,,ng/L,46,33,,,0,59,,10,,,,,,,,,,,,,0,,,,,,,,,,,,,,,,,,,,,,,,,,,,,,,,
El Paso PWS et al 2016,FV Shopping Center No 1 Well,Ground Water,,,2016,05/17/2016,,,,,ng/L,140,73,,,5.6,510,,42,,,,,,,,,,,,,150,,,,,,,,,,,,,,,,,,,,,,,,,,,,,,,,
El Paso PWS et al 2016,Garden Valley 5356,Ground Water,,,2016,05/17/2016,,,,,ng/L,37,13,,,5.5,19,,5.7,,,,,,,,,,,,,46,,,,,,,,,,,,,,,,,,,,,,,,,,,,,,,,
El Paso PWS et al 2016,Garden Valley 5359,Ground Water,,,2016,05/17/2016,,,,,ng/L,36,20,,,6.6,20,,8,,,,,,,,,,,,,49,,,,,,,,,,,,,,,,,,,,,,,,,,,,,,,,
El Paso PWS et al 2016,Garden Valley 5360,Ground Water,,,2016,05/17/2016,,,,,ng/L,37,11,,,6.4,19,,4.9,,,,,,,,,,,,,46,,,,,,,,,,,,,,,,,,,,,,,,,,,,,,,,
El Paso PWS et al 2016,Garden Valley 5908,Ground Water,,,2016,05/17/2016,,,,,ng/L,34,13,,,5.4,20,,5.5,,,,,,,,,,,,,48,,,,,,,,,,,,,,,,,,,,,,,,,,,,,,,,
El Paso PWS et al 2016,Garden Valley No 8 Well,Ground Water,,,2016,02/23/2016,,,,,ng/L,0,0,,,0,0,,0,,,,,,,,,,,,,0,,,,,,,,,,,,,,,,,,,,,,,,,,,,,,,,
El Paso PWS et al 2016,monitoring well COS Pond-MWE,Ground Water,,,2016,05/04/2016,,,,,ng/L,1600,200,,,25,970,,200,,,,,,,,,,,,,240,,,,,,,,,,,,,,,,,,,,,,,,,,,,,,,,
El Paso PWS et al 2016,monitoring well HMW-63 Schlage,Ground Water,,,2016,05/04/2016,,,,,ng/L,0,0,,,0,6.9,,0,,,,,,,,,,,,,21,,,,,,,,,,,,,,,,,,,,,,,,,,,,,,,,
El Paso PWS et al 2016,monitoring well MW-1 Kingz,Ground Water,,,2016,05/04/2016,,,,,ng/L,41,13,,,0,93,,12,,,,,,,,,,,,,20,,,,,,,,,,,,,,,,,,,,,,,,,,,,,,,,
El Paso PWS et al 2016,monitoring well nonpotable well GWMW,Ground Water,,,2016,04/06/2016,,,,,ng/L,290,38,,,0,410,,22,,,,,,,,,,,,,110,,,,,,,,,,,,,,,,,,,,,,,,,,,,,,,,
El Paso PWS et al 2016,monitoring well Rocky Mountain Materials,Ground Water,,,2016,03/08/2016,,,,,ng/L,9,8,,,0,13,,4,,,,,,,,,,,,,9,,,,,,,,,,,,,,,,,,,,,,,,,,,,,,,,
El Paso PWS et al 2016,First United Pentacostal Church,Ground Water,,,2016,05/17/2016,,,,,ng/L,130,30,,,3.9,210,,20,,,,,,,,,,,,,90,,,,,,,,,,,,,,,,,,,,,,,,,,,,,,,,
El Paso PWS et al 2016,Venetucci Farm - ranch house,Ground Water,,,2016,04/04/2016,,,,,ng/L,130,86,,,0,560,,44,,,,,,,,,,,,,120,,,,,,,,,,,,,,,,,,,,,,,,,,,,,,,,
El Paso PWS et al 2016,Venetucci Farm - main house,Ground Water,,,2016,04/04/2016,,,,,ng/L,70,91,,,0,380,,44,,,,,,,,,,,,,0,,,,,,,,,,,,,,,,,,,,,,,,,,,,,,,,
El Paso PWS et al 2016,Security CS Well 13,Ground Water,,,2016,04/06/2016,,,,,ng/L,170,94,,,0,440,,38,,,,,,,,,,,,,90,,,,,,,,,,,,,,,,,,,,,,,,,,,,,,,,
El Paso PWS et al 2016,Security FV4 Well,Ground Water,,,2016,04/11/2016,,,,,ng/L,65,56,,,0,260,,27,,,,,,,,,,,,,52,,,,,,,,,,,,,,,,,,,,,,,,,,,,,,,,
El Paso PWS et al 2016,Security MHP Big,Ground Water,,,2016,05/17/2016,,,,,ng/L,130,62,,,5.3,560,,42,,,,,,,,,,,,,180,,,,,,,,,,,,,,,,,,,,,,,,,,,,,,,,
El Paso PWS et al 2016,Security MHP Little,Ground Water,,,2016,05/17/2016,,,,,ng/L,170,71,,,5.4,670,,50,,,,,,,,,,,,,200,,,,,,,,,,,,,,,,,,,,,,,,,,,,,,,,
El Paso PWS et al 2016,Security MHP NO 2 WELL,Ground Water,,,2016,02/19/2016,,,,,ng/L,70,33,,,0,380,,17,,,,,,,,,,,,,110,,,,,,,,,,,,,,,,,,,,,,,,,,,,,,,,
El Paso PWS et al 2016,Security R1 Well Ream No 1,Ground Water,,,2016,04/06/2016,,,,,ng/L,72,45,,,0,420,,23,,,,,,,,,,,,,110,,,,,,,,,,,,,,,,,,,,,,,,,,,,,,,,
El Paso PWS et al 2016,Security R2 Well Ream No 2,Ground Water,,,2016,04/06/2016,,,,,ng/L,73,52,,,0,370,,24,,,,,,,,,,,,,90,,,,,,,,,,,,,,,,,,,,,,,,,,,,,,,,
El Paso PWS et al 2016,Security S10 Well,Ground Water,,,2016,04/06/2016,,,,,ng/L,120,29,,,0,140,,18,,,,,,,,,,,,,52,,,,,,,,,,,,,,,,,,,,,,,,,,,,,,,,
El Paso PWS et al 2016,Security S11 Well,Ground Water,,,2016,04/11/2016,,,,,ng/L,130,35,,,0,130,,20,,,,,,,,,,,,,37,,,,,,,,,,,,,,,,,,,,,,,,,,,,,,,,
El Paso PWS et al 2016,Security S12 Well,Ground Water,,,2016,04/06/2016,,,,,ng/L,110,32,,,0,160,,17,,,,,,,,,,,,,42,,,,,,,,,,,,,,,,,,,,,,,,,,,,,,,,
El Paso PWS et al 2016,Security S13 Well,Ground Water,,,2016,04/06/2016,,,,,ng/L,160,96,,,0,410,,36,,,,,,,,,,,,,84,,,,,,,,,,,,,,,,,,,,,,,,,,,,,,,,
El Paso PWS et al 2016,Security S14 Well,Ground Water,,,2016,04/06/2016,,,,,ng/L,520,63,,,0,600,,37,,,,,,,,,,,,,180,,,,,,,,,,,,,,,,,,,,,,,,,,,,,,,,
El Paso PWS et al 2016,Security S15 Well,Ground Water,,,2016,04/06/2016,,,,,ng/L,50,86,,,0,320,,32,,,,,,,,,,,,,51,,,,,,,,,,,,,,,,,,,,,,,,,,,,,,,,
El Paso PWS et al 2016,Security S16 Well,Ground Water,,,2016,04/06/2016,,,,,ng/L,77,85,,,0,480,,36,,,,,,,,,,,,,79,,,,,,,,,,,,,,,,,,,,,,,,,,,,,,,,
El Paso PWS et al 2016,Security S17 Well,Ground Water,,,2016,04/06/2016,,,,,ng/L,83,52,,,0,370,,23,,,,,,,,,,,,,78,,,,,,,,,,,,,,,,,,,,,,,,,,,,,,,,
El Paso PWS et al 2016,Security S2 Well,Ground Water,,,2016,04/21/2016,,,,,ng/L,61,87,,,0,380,,35,,,,,,,,,,,,,62,,,,,,,,,,,,,,,,,,,,,,,,,,,,,,,,
El Paso PWS et al 2016,Security S4 Well,Ground Water,,,2016,04/06/2016,,,,,ng/L,86,31,,,0,150,,18,,,,,,,,,,,,,42,,,,,,,,,,,,,,,,,,,,,,,,,,,,,,,,
El Paso PWS et al 2016,Security S7 Well,Ground Water,,,2016,04/06/2016,,,,,ng/L,88,32,,,0,160,,18,,,,,,,,,,,,,45,,,,,,,,,,,,,,,,,,,,,,,,,,,,,,,,
El Paso PWS et al 2016,Security S8 Well,Ground Water,,,2016,04/06/2016,,,,,ng/L,46,57,,,0,200,,22,,,,,,,,,,,,,38,,,,,,,,,,,,,,,,,,,,,,,,,,,,,,,,
El Paso PWS et al 2016,Security S9 Well,Ground Water,,,2016,04/21/2016,,,,,ng/L,74,47,,,0,200,,21,,,,,,,,,,,,,54,,,,,,,,,,,,,,,,,,,,,,,,,,,,,,,,
El Paso PWS et al 2016,Security V4 Well,Ground Water,,,2016,04/06/2016,,,,,ng/L,99,76,,,0,360,,27,,,,,,,,,,,,,63,,,,,,,,,,,,,,,,,,,,,,,,,,,,,,,,
El Paso PWS et al 2016,Security V5 Well,Ground Water,,,2016,04/06/2016,,,,,ng/L,54,79,,,0,280,,27,,,,,,,,,,,,,46,,,,,,,,,,,,,,,,,,,,,,,,,,,,,,,,
El Paso PWS et al 2016,Security V7 Well,Ground Water,,,2016,04/06/2016,,,,,ng/L,98,87,,,0,430,,36,,,,,,,,,,,,,74,,,,,,,,,,,,,,,,,,,,,,,,,,,,,,,,
El Paso PWS et al 2016,Security V8 Well,Ground Water,,,2016,04/06/2016,,,,,ng/L,72,81,,,0,320,,28,,,,,,,,,,,,,54,,,,,,,,,,,,,,,,,,,,,,,,,,,,,,,,
El Paso PWS et al 2016,Security W12 Well,Ground Water,,,2016,02/17/2016,,,,,ng/L,400,40,,,0,220,,40,,,,,,,,,,,,,0,,,,,,,,,,,,,,,,,,,,,,,,,,,,,,,,
El Paso PWS et al 2016,Security W8 Well,Ground Water,,,2016,02/17/2016,,,,,ng/L,560,60,,,0,280,,50,,,,,,,,,,,,,0,,,,,,,,,,,,,,,,,,,,,,,,,,,,,,,,
El Paso PWS et al 2016,Security W9 Well,Ground Water,,,2016,02/17/2016,,,,,ng/L,560,70,,,0,340,,60,,,,,,,,,,,,,0,,,,,,,,,,,,,,,,,,,,,,,,,,,,,,,,
El Paso PWS et al 2016,Stramoor Hills Well 4,Ground Water,,,2016,11/16/2016,,,,,ng/L,54,26,,,0,43,,11,,,,,,,,,,,,,20,,,,,,,,,,,,,,,,,,,,,,,,,,,,,,,,
El Paso PWS et al 2016,U Pull and Pay Well,Ground Water,,,2016,05/17/2016,,,,,ng/L,32,14,,,4,37,,8.5,,,,,,,,,,,,,45,,,,,,,,,,,,,,,,,,,,,,,,,,,,,,,,
El Paso PWS et al 2016,Widefield High School irrigation well,Ground Water,,,2016,05/17/2016,,,,,ng/L,320,41,,,6.2,200,,39,,,,,,,,,,,,,110,,,,,,,,,,,,,,,,,,,,,,,,,,,,,,,,
El Paso PWS et al 2016,Widefield W1 Well,Ground Water,,,2016,02/10/2016,,,,,ng/L,72,26,,,0,0,,0,,,,,,,,,,,,,0,,,,,,,,,,,,,,,,,,,,,,,,,,,,,,,,
El Paso PWS et al 2016,Widefield W3 Well,Ground Water,,,2016,05/02/2016,,,,,ng/L,90,48,,,0,320,,23,,,,,,,,,,,,,64,,,,,,,,,,,,,,,,,,,,,,,,,,,,,,,,
El Paso PWS et al 2016,Widefield W7 Well,Ground Water,,,2016,08/12/2016,,,,,ng/L,260,35,,,0,150,,27,,,,,,,,,,,,,71,,,,,,,,,,,,,,,,,,,,,,,,,,,,,,,,
El Paso PWS et al 2016,Widefield Well C1,Ground Water,,,2016,05/03/2016,,,,,ng/L,93,20,,,0,80,,13,,,,,,,,,,,,,36,,,,,,,,,,,,,,,,,,,,,,,,,,,,,,,,
El Paso PWS et al 2016,Widefield Well C3,Ground Water,,,2016,05/03/2016,,,,,ng/L,75,42,,,0,260,,22,,,,,,,,,,,,,56,,,,,,,,,,,,,,,,,,,,,,,,,,,,,,,,
El Paso PWS et al 2016,Widefield Well C36,Ground Water,,,2016,08/12/2016,,,,,ng/L,71,39,,,0,350,,21,,,,,,,,,,,,,83,,,,,,,,,,,,,,,,,,,,,,,,,,,,,,,,
El Paso PWS et al 2016,Widefield Well E2,Ground Water,,,2016,11/08/2016,,,,,ng/L,260,33,,,3.8,140,,22,,,,,,,,,,,,,72,,,,,,,,,,,,,,,,,,,,,,,,,,,,,,,,
El Paso PWS et al 2016,Widefield Well W-2,Ground Water,,,2016,05/03/2016,,,,,ng/L,78,20,,,0,65,,12,,,,,,,,,,,,,36,,,,,,,,,,,,,,,,,,,,,,,,,,,,,,,,
El Paso PWS et al 2016,Fountain Faith Fellowship,Ground Water,,,2016,06/27/2016,,,,,ng/L,0,9.1,,,0,10,,3.8,,,,,,,,,,,,,0,,,,,,,,,,,,,,,,,,,,,,,,,,,,,,,,
El Paso PWS et al 2016,CO. Centre Metro district,Ground Water,,,2016,06/27/2016,,,,,ng/L,0,0,,,0,0,,0,,,,,,,,,,,,,0,,,,,,,,,,,,,,,,,,,,,,,,,,,,,,,,
El Paso PWS et al 2016,Fountain Valley School,Ground Water,,,2016,05/26/2016,,,,,ng/L,64,33,,,4.5,34,,12,,,,,,,,,,,,,23,,,,,,,,,,,,,,,,,,,,,,,,,,,,,,,,
El Paso PWS et al 2016,Widefield Jhw5R Well,Ground Water,,,2014,05/19/2014,,,,,ng/L,0,0,,,0,0,,0,,,,,,,,,,,,,0,,,,,,,,,,,,,,,,,,,,,,,,,,,,,,,,
El Paso PWS et al 2016,Norad MHP 5775 Southmoor,Ground Water,,,2016,03/31/2016,,,,,ng/L,140,63,,,0,740,,44,,,,,,,,,,,,,230,,,,,,,,,,,,,,,,,,,,,,,,,,,,,,,,
El Paso PWS et al 2016,Widefield W4 Well,Ground Water,,,2014,05/19/2014,,,,,ng/L,51,45,,,0,330,,24,,,,,,,,,,,,,0,,,,,,,,,,,,,,,,,,,,,,,,,,,,,,,,
El Paso PWS et al 2016,Fountain Well No 1 North Park Well,Ground Water,,,2013,07/17/2013,,,,,ng/L,0,40,,,0,50,,0,,,,,,,,,,,,,0,,,,,,,,,,,,,,,,,,,,,,,,,,,,,,,,
El Paso PWS et al 2016,Venetucci Farm - farm house,Ground Water,,,2016,06/28/2016,,,,,ng/L,49,66,,,0,290,,32,,,,,,,,,,,,,51,,,,,,,,,,,,,,,,,,,,,,,,,,,,,,,,
El Paso PWS et al 2016,Stramoor Hills Well 10,Ground Water,,,2016,11/16/2016,,,,,ng/L,13,4.8,,,0,11,,2.7,,,,,,,,,,,,,0,,,,,,,,,,,,,,,,,,,,,,,,,,,,,,,,
El Paso PWS et al 2016,Stramoor Hills Well 5,Ground Water,,,2017,02/22/2017,,,,,ng/L,42,11,,,0,22,,4.8,,,,,,,,,,,,,11,,,,,,,,,,,,,,,,,,,,,,,,,,,,,,,,
El Paso PWS et al 2016,monitoring well Airplane Crash #1,Ground Water,,,2017,02/16/2017,,,,,ng/L,36,30,,,0,49,,6,,,,,,,,,,,,,20,,,,,,,,,,,,,,,,,,,,,,,,,,,,,,,,
El Paso PWS et al 2016,monitoring well Mars Gas #2,Ground Water,,,2017,02/15/2017,,,,,ng/L,28,4,,,0,15,,2,,,,,,,,,,,,,0,,,,,,,,,,,,,,,,,,,,,,,,,,,,,,,,
El Paso PWS et al 2016,monitoring well Recycle Center #3,Ground Water,,,2017,02/15/2017,,,,,ng/L,26,9,,,0,15,,4,,,,,,,,,,,,,15,,,,,,,,,,,,,,,,,,,,,,,,,,,,,,,,
El Paso PWS et al 2016,monitoring well TH22 #4,Ground Water,,,2017,02/15/2017,,,,,ng/L,18,4,,,0,10,,0,,,,,,,,,,,,,0,,,,,,,,,,,,,,,,,,,,,,,,,,,,,,,,
El Paso PWS et al 2016,Widefield Well JHW2,Ground Water,,,2016,06/15/2016,,,,,ng/L,2.9,4.7,,,0,0,,0,,,,,,,,,,,,,0,,,,,,,,,,,,,,,,,,,,,,,,,,,,,,,,
El Paso PWS et al 2016,Wigwam Well CR #1,Ground Water,38.47526994,-107.2911664,2008,05/27/2008,,,,,ng/L,18,25,,,0,50,,7.5,,,,,,,,,,,,,27,,,,,,,,,,,,,,,,,,,,,,,,,,,,,,,,
National Parks Service et al 2017,"Blue Mesa Reservoir above Soap Creek near Sapinero, CO",Surface Water,38.47526994,-107.2911664,2017,08/31/2017,,,,,ng/L,0,0,,,0,,,,,,,,,,,,,,,,,,,,,,,,,,,,,,,,,,,,,,,,,,,,,,,,
National Parks Service et al 2017,"Blue Mesa Reservoir above Soap Creek near Sapinero, CO",Surface Water,38.48221371,-107.0839377,2017,05/25/2017,,,,,ng/L,0,0,,,0,,,,,,,,,,,,,,,,,,,,,,,,,,,,,,,,,,,,,,,,,,,,,,,,
National Parks Service et al 2017,"Blue Mesa Reservoir below Highway 149 near Gunnison, CO",Surface Water,38.51749077,-106.9956012,2017,05/25/2017,,,,,ng/L,0,0,,,0,,,,,,,,,,,,,,,,,,,,,,,,,,,,,,,,,,,,,,,,,,,,,,,,
National Parks Service et al 2017,"Gunnison River at County Road 32 below Gunnison, CO",Surface Water,38.51749077,-106.9956012,2017,08/31/2017,,,,,ng/L,0,0,,,0,,,,,,,,,,,,,,,,,,,,,,,,,,,,,,,,,,,,,,,,,,,,,,,,
National Parks Service et al 2017,"Gunnison River at County Road 32 below Gunnison, CO",Surface Water,37.2525562,-108.3573505,2017,05/25/2017,,,,,ng/L,0,0,,,0,,,,,,,,,,,,,,,,,,,,,,,,,,,,,,,,,,,,,,,,,,,,,,,,
National Parks Service et al 2017,"Mancos River at Anitas Flat Below Mancos, CO",Surface Water,37.2525562,-108.3573505,2017,11/05/2017,,,,,ng/L,0,0,,,0,,,,,,,,,,,,,,,,,,,,,,,,,,,,,,,,,,,,,,,,,,,,,,,,
National Parks Service et al 2017,"Mancos River at Anitas Flat Below Mancos, CO",Surface Water,37.2525562,-108.3573505,2017,09/20/2017,,,,,ng/L,0,0,,,0,,,,,,,,,,,,,,,,,,,,,,,,,,,,,,,,,,,,,,,,,,,,,,,,
National Parks Service et al 2017,"Mancos River at Anitas Flat Below Mancos, CO",Surface Water,37.2525562,-108.3573505,2017,05/26/2017,,,,,ng/L,0,0,,,0,,,,,,,,,,,,,,,,,,,,,,,,,,,,,,,,,,,,,,,,,,,,,,,,
National Parks Service et al 2017,"Mancos River at Anitas Flat Below Mancos, CO",Surface Water,37.2525562,-108.3573505,2018,05/22/2018,,,,,ng/L,0,0,,,0,,,,,,,,,,,,,,,,,,,,,,,,,,,,,,,,,,,,,,,,,,,,,,,,
National Parks Service et al 2017,"Mancos River at Anitas Flat Below Mancos, CO",Surface Water,37.2525562,-108.3573505,2018,08/07/2018,,,,,ng/L,0,0,,,0,,,,,,,,,,,,,,,,,,,,,,,,,,,,,,,,,,,,,,,,,,,,,,,,
National Parks Service et al 2017,"Mancos River at Anitas Flat Below Mancos, CO",Surface Water,37.2525562,-108.3573505,2019,08/14/2019,,,,,ng/L,0,0,,,0,,,,,,,,,,,,,,,,,,,,,,,,,,,,,,,,,,,,,,,,,,,,,,,,
National Parks Service et al 2017,"Mancos River at Anitas Flat Below Mancos, CO",Surface Water,37.18450598,-108.4882954,2019,09/25/2019,,,,,ng/L,0,0,,,0,,,,,,,,,,,,,,,,,,,,,,,,,,,,,,,,,,,,,,,,,,,,,,,,
National Parks Service et al 2017,Mesa Verde Site No. CPT05,Surface Water,37.18450598,-108.4882954,2019,07/24/2019,,,,,ng/L,0,0,,,0,,,,,,,,,,,,,,,,,,,,,,,,,,,,,,,,,,,,,,,,,,,,,,,,
National Parks Service et al 2017,Mesa Verde Site No. FEW11,Surface Water,37.18450598,-108.4882954,2019,07/29/2019,,,,,ng/L,0,0,,,0,,,,,,,,,,,,,,,,,,,,,,,,,,,,,,,,,,,,,,,,,,,,,,,,
National Parks Service et al 2017,Mesa Verde Site No. SCT1003,Surface Water,37.18450598,-108.4882954,2019,07/29/2019,,,,,ng/L,0,0,,,0,,,,,,,,,,,,,,,,,,,,,,,,,,,,,,,,,,,,,,,,,,,,,,,,
National Parks Service et al 2017,Mesa Verde Site No. STH01,Surface Water,38.797259,-104.785961,2019,07/29/2019,,,,,ng/L,0,0,,,0,,,,,,,,,,,,,,,,,,,,,,,,,,,,,,,,,,,,,,,,,,,,,,,,
Source Water Data et al 2024,Sema Construction Circle Drive Bridge Replacement,Ground Water,39.74087,-105.1,,,,,,,ng/L,15,7.5,,,0,0,,,,,,,0,,,,,,,,0,,,,,,,,,,,,,,0,,,0,,,,,,,,0,,,,,,,
Source Water Data et al 2024,Prestige Automotive,Ground Water,39.65316,-104.822,2023,01/06/2023,,,,,ng/L,22,7.3,,,3.1,3.5,,,,,,,0,,,,,,,,49,,,,,,,,,,,,,,0,,,0,,,,,,,,0,,,,,,,
Source Water Data et al 2024,Griswold WPF,Ground Water,39.56998,-104.937,2023,02/20/2023,,,,,ng/L,2.3,1.1,,,0,0,,,,,,,0,,,,,,,,1.9,,,,,,,,,,,,,,0,,,0,,,,,,,,0,,,,,,,
Source Water Data et al 2024,Big Dry Creek at SSPRD Golf Course,Ground Water,39.859031,-104.689888,2023,02/07/2023,,,,,ng/L,9.2,8.2,,,0,3.7,,,,,,,0,,,,,,,,6.8,,,,,,,,,,,,,,0,,,0,,,,,,,,0,,,,,,,
Source Water Data et al 2024,B-10 DEN West Gate,Ground Water,39.859031,-104.689888,2022,01/31/2022,,,,,ng/L,0,0,,,0,0,,,,,,,0,,,,,,,,0,,,,,,,,,,,,,,0,,,0,,,,,,,,0,,,,,,,
Source Water Data et al 2024,B-11 DEN West Gate,Ground Water,39.859031,-104.689888,2022,01/31/2022,,,,,ng/L,1.2,0,,,0,0,,,,,,,0,,,,,,,,0,,,,,,,,,,,,,,0,,,0,,,,,,,,0,,,,,,,
Source Water Data et al 2024,B-12 DEN West Gate,Ground Water,39.859031,-104.689888,2022,01/31/2022,,,,,ng/L,0,0,,,0,0,,,,,,,0,,,,,,,,0,,,,,,,,,,,,,,0,,,0,,,,,,,,0,,,,,,,
Source Water Data et al 2024,B-13 DEN West Gate,Ground Water,39.859031,-104.689888,2022,01/31/2022,,,,,ng/L,0,0,,,0,0,,,,,,,0,,,,,,,,0,,,,,,,,,,,,,,0,,,0,,,,,,,,0,,,,,,,
Source Water Data et al 2024,B-15 DEN West Gate,Ground Water,39.859031,-104.689888,2022,01/31/2022,,,,,ng/L,0,0,,,0,0.91,,,,,,,0,,,,,,,,0,,,,,,,,,,,,,,0,,,0,,,,,,,,0,,,,,,,
Source Water Data et al 2024,B-24 DEN West Gate,Ground Water,39.859031,-104.689888,2022,01/31/2022,,,,,ng/L,0,0,,,0,0,,,,,,,0,,,,,,,,284,,,,,,,,,,,,,,0,,,0,,,,,,,,0,,,,,,,
Source Water Data et al 2024,B-9 DEN West Gate,Ground Water,39.6868,-105.027213,2022,01/31/2022,,,,,ng/L,0,0,,,0,0,,,,,,,0,,,,,,,,15.8,,,,,,,,,,,,,,0,,,0,,,,,,,,0,,,,,,,
Source Water Data et al 2024,Iowa and Hazel Drain Improvements,Ground Water,39.721354,-104.755372,2021,06/04/2021,,,,,ng/L,20.4,11.4,,,1.5,14.4,,,,,,,0,,,,,,,,15.4,,,,,,,,,,,,,,0,,,0,,,,,,,,0,,,,,,,
Source Water Data et al 2024,Coyote Substation,Ground Water,39.926058,-104.972742,2024,04/05/2024,,,,,ng/L,0,1.4,,,0,2.6,,,,,,,0,,,,,,,,16.5,,,,,,,,,,,,,,0,,,0,,,,,,,,0,,,,,,,
Source Water Data et al 2024,Opus Design Build LLC,Ground Water,39.63811,-104.67145,,,,,,,ng/L,1.2,2.9,,,0,0.86,,,,,,,0,,,,,,,,3.9,,,,,,,,,,,,,,0,,,0,,,,,,,,0,,,,,,,
Source Water Data et al 2024,Aurora Water Sena Creek Interceptor,Ground Water,39.758408,-105.050192,,,,,,,ng/L,7.74,44,,,0,15.9,,,,,,,0,,,,,,,,14.2,,,,,,,,,,,,,,0,,,0,,,,,,,,0,,,,,,,
Source Water Data et al 2024,29X Lando LLC,Ground Water,39.854167,-104.666667,,,,,,,ng/L,4.7,8.1,,,0,2.1,,,,,,,0,,,,,,,,2.6,,,,,,,,,,,,,,0,,,0,,,,,,,,0,,,,,,,
Source Water Data et al 2024,DEN Consourse A East Ground Load,Ground Water,39.772678,-104.993976,,,,,,,ng/L,2.7,129,,,4.5,4.6,,,,,,,0,,,,,,,,2.4,,,,,,,,,,,,,,0,,,0,,,,,,,,0,,,,,,,
Source Water Data et al 2024,Iota Apartments Owner LLC,Ground Water,39.721169,-104.959128,,,,,,,ng/L,8.6,16.7,,,0.93,14.2,,,,,,,0,,,,,,,,12.8,,,,,,,,,,,,,,0,,,0,,,,,,,,0,,,,,,,
Source Water Data et al 2024,300 University,Ground Water,39.803294,-104.980288,,,,,,,ng/L,1.2,8.1,,,0,2.1,,,,,,,0,,,,,,,,16.9,,,,,,,,,,,,,,0,,,0,,,,,,,,0,,,,,,,
Source Water Data et al 2024,Pivot Denver (Denver Merchandise Mart Redevelopment),Ground Water,40.011126,-105.276578,,,,,,,ng/L,5.7,89.2,,,6.1,6.7,,,,,,,0,,,,,,,,33.5,,,,,,,,,,,,,,0,,,0,,,,,,,,0,,,,,,,
Source Water Data et al 2024,Limelight Boulder Conference Center,Ground Water,40.026238,-105.283668,,,,,,,ng/L,0,0,,,0,0,,,,,,,0,,,,,,,,0,,,,,,,,,,,,,,0,,,0,,,,,,,,0,,,,,,,
Source Water Data et al 2024,Boulder Community Hospital Deconstruction,Ground Water,40.0199,-105.225033,,,,,,,ng/L,62.1,67,,,4.4,15.1,,,,,,,0,,,,,,,,10.2,,,,,,,,,,,,,,6.8,,,3,,,,,,,,5.7,,,,,,,
Source Water Data et al 2024,BRE-BMR Flatiron III LLC,Ground Water,39.741871,-105.052307,,,,,,,ng/L,44.9,39.1,,,3.71,13.4,,,,,,,0,,,,,,,,73.3,,,,,,,,,,,,,,0,,,0,,,,,,,,1.06,,,,,,,
Source Water Data et al 2024,Sloan Lake 1595 Zenobia Apartments,Ground Water,39.74894,-105.012,,,,,,,ng/L,11.7,11.9,,,1.5,5.1,,,,,,,0,,,,,,,,11.7,,,,,,,,,,,,,,4.1,,,4.1,,,,,,,,0,,,,,,,
Source Water Data et al 2024,South Platte River Reach 5,Ground Water,39.74894,-105.012,2022,08/17/2022,,,,,ng/L,5.4,5.1,,,0,2.5,,,,,,,0,,,,,,,,7.1,,,,,,,,,,,,,,0,,,0,,,,,,,,0,,,,,,,
Source Water Data et al 2024,South Platte River Reach 5,Ground Water,38.82763,-104.757,2022,08/19/2022,,,,,ng/L,15.7,9.1,,,1.2,5.3,,,,,,,0,,,,,,,,12.1,,,,,,,,,,,,,,0,,,0,,,,,,,,0,,,,,,,
Source Water Data et al 2024,Academy boulevard Dewatering,Ground Water,39.70858,-104.925,2021,09/09/2021,,,,,ng/L,1.761,5.4,,,0,5.14,,,,,,,0,,,,,,,,4.995,,,,,,,,,,,,,,0,,,0,,,,,,,,0,,,,,,,
Source Water Data et al 2024,Embrey Builders Leetsdale Denver,Ground Water,39.802,-104.988,2023,03/15/2023,,,,,ng/L,9.79,40.3,,,1.66,31.8,,,,,,,0,,,,,,,,301,,,,,,,,,,,,,,0,,,0,,,,,,,,0,,,,,,,
Source Water Data et al 2024,Maverik Broadway & 58th,Ground Water,39.7198,-104.954,2023,03/15/2023,,,,,ng/L,14.9,7.3,,,1.51,2.61,,,,,,,0,,,,,,,,4.59,,,,,,,,,,,,,,0,,,0,,,,,,,,0,,,,,,,
Source Water Data et al 2024,SWB 201 Fillmore,Ground Water,39.72243,-104.884,2022,12/19/2022,,,,,ng/L,13,10,,,1.2,8.1,,,,,,,0,,,,,,,,63,,,,,,,,,,,,,,0,,,0,,,,,,,,0,,,,,,,
Source Water Data et al 2024,"Amira Investment LLC, Amira Lowry",Ground Water,39.673813,-104.964999,2021,02/22/2021,,,,,ng/L,187,210,,,12.9,460,,,,,,,0,,,,,,,,72,,,,,,,,,,,,,,0,,,0,,,,,,,,0,,,,,,,
Source Water Data et al 2024,Modera University Park - MCRT University ParkLLC,Ground Water,38.818924,-104.827676,2023,09/19/2023,,,,,ng/L,15,31,,,0,19,,,,,,,0,,,,,,,,22,,,,,,,,,,,,,,0,,,0,,,,,,,,0,,,,,,,
Source Water Data et al 2024,Armstrong Capital Development LLC - 40 West Self Storage,Ground Water,40.162534,-105.092915,2023,12/07/2023,,,,,ng/L,15,23,,,0,15,,,,,,,0,,,,,,,,20,,,,,,,,,,,,,,0,,,0,,,,,,,,0,,,,,,,
Source Water Data et al 2024,Saunders North LLC - The Martin Apartments,Ground Water,40.001556,-105.257474,2024,01/05/2024,,,,,ng/L,5.64,6.91,,,0,0,,,,,,,0,,,,,,,,8.55,,,,,,,,,,,,,,1.08,,,0,,,,,,,,0,,,,,,,
Source Water Data et al 2024,Core Boulder 28th Street LLC,Ground Water,40.024,-105.251,2022,10/20/2022,,,,,ng/L,11.9,24.1,,,3.3,2.2,,,,,,,0,,,,,,,,5.8,,,,,,,,,,,,,,0,,,0,,,,,,,,0,,,,,,,
Source Water Data et al 2024,Depot Square,Ground Water,39.747222,-104.997778,,,,,,,ng/L,5.7,14,,,1.1,3,,,,,,,0,,,,,,,,16,,,,,,,,,,,,,,0,,,0,,,,,,,,1.1,,,,,,,
Source Water Data et al 2024,1515 Vrain St,Ground Water,39.747222,-104.997778,,,,,,,ng/L,15,55,,,11,15,,,,,,,0,,,,,,,,23,,,,,,,,,,,,,,0,,,0,,,,,,,,0,,,,,,,
Source Water Data et al 2024,1144 15 Street,Ground Water,40.004,-105.257,,,,,,,ng/L,8.1,7.9,,,0.81,1.8,,,,,,,0,,,,,,,,4.7,,,,,,,,,,,,,,0,,,0,,,,,,,,0,,,,,,,
Source Water Data et al 2024,Lotus,Ground Water,40.02633,-105.25073,,,,,,,ng/L,12,21,,,2.6,3.1,,,,,,,0,,,,,,,,25,,,,,,,,,,,,,,0,,,0,,,,,,,,0,,,,,,,
Source Water Data et al 2024,Boulder Commons,Ground Water,39.71833,-104.95067,,,,,,,ng/L,14.6,33.5,,,1.3,5.5,,,,,,,0,,,,,,,,24.7,,,,,,,,,,,,,,0,,,0,,,,,,,,0,,,,,,,
Source Water Data et al 2024,100 St Paul,Ground Water,39.745864,-104.992497,,,,,,,ng/L,16,10,,,1.4,10,,,,,,,0,,,,,,,,34,,,,,,,,,,,,,,0,,,0,,,,,,,,0,,,,,,,
Source Water Data et al 2024,Artis HRA Hudsons Bay,Ground Water,39.758111,-105.006444,,,,,,,ng/L,36.6,58,,,5.8,15.1,,,,,,,0,,,,,,,,23.1,,,,,,,,,,,,,,0,,,0,,,,,,,,0,,,,,,,
Source Water Data et al 2024,1700 Platte St,Ground Water,39.757183,-105.013139,,,,,,,ng/L,8.91,17.1,,,0.788,113,,,,,,,0,,,,,,,,33,,,,,,,,,,,,,,0,,,0,,,,,,,,0,,,,,,,
Source Water Data et al 2024,LoHi Apartments,Ground Water,40.018162,-105.258745,,,,,,,ng/L,6.6,5.73,,,1.01,2.59,,,,,,,0,,,,,,,,8.97,,,,,,,,,,,,,,0,,,0,,,,,,,,0,,,,,,,
Source Water Data et al 2024,Hiltons on Canyon,Ground Water,39.753222,-104.99667,,,,,,,ng/L,26,24,,,2.4,9.7,,,,,,,0,,,,,,,,30,,,,,,,,,,,,,,0,,,0,,,,,,,,0,,,,,,,
Source Water Data et al 2024,Z Block,Ground Water,39.758,-105.008,,,,,,,ng/L,24,78,,,5.8,7.6,,,,,,,0,,,,,,,,24,,,,,,,,,,,,,,0,,,0,,,,,,,,0,,,,,,,
Source Water Data et al 2024,UPI Platte,Ground Water,40.0731,-105.198611,,,,,,,ng/L,9.5,15,,,1.4,9,,,,,,,0,,,,,,,,34,,,,,,,,,,,,,,0,,,0,,,,,,,,0,,,,,,,
Source Water Data et al 2024,Boulder View Apartments,Ground Water,40.027572,-105.25015,,,,,,,ng/L,11.5,24.5,,,3.6,2.7,,,,,,,0,,,,,,,,6.5,,,,,,,,,,,,,,0,,,0,,,,,,,,0,,,,,,,
Source Water Data et al 2024,Spark TimberLofts,Ground Water,39.758484,-105.024288,,,,,,,ng/L,21,12,,,1.4,4.8,,,,,,,0,,,,,,,,33,,,,,,,,,,,,,,0,,,0,,,,,,,,0,,,,,,,
Source Water Data et al 2024,Walcott Apartments,Ground Water,39.741024,-105.031868,,,,,,,ng/L,3.27,10.4,,,0.0857,15.7,,,,,,,0,,,,,,,,10.8,,,,,,,,,,,,,,0,,,0,,,,,,,,0,,,,,,,
Source Water Data et al 2024,Julian Heights,Ground Water,39.673889,-104.961667,,,,,,,ng/L,11,12,,,0.67,16,,,,,,,0,,,,,,,,15,,,,,,,,,,,,,,0,,,0,,,,,,,,2.8,,,,,,,
Source Water Data et al 2024,Daniel Felix Ritchie School of Engineering and Computer Science,Ground Water,39.683333,-104.933333,,,,,,,ng/L,4.1,12,,,0.59,51,,,,,,,0,,,,,,,,9.4,,,,,,,,,,,,,,0,,,0,,,,,,,,0.71,,,,,,,
Source Water Data et al 2024,RTD Tunnel 16 Groundwater Treatment Facility,Ground Water,40.021858,-105.252982,,,,,,,ng/L,9.22,11.2,,,0,8.07,,,,,,,0,,,,,,,,13.5,,,,,,,,,,,,,,0,,,0,,,,,,,,0,,,,,,,
Source Water Data et al 2024,Reve Groundwater Treatment System,Ground Water,39.725,-104.9732,,,,,,,ng/L,16,7.3,,,1.4,2.5,,,,,,,0,,,,,,,,8.7,,,,,,,,,,,,,,0,,,0,,,,,,,,0.57,,,,,,,
Source Water Data et al 2024,Safeway Corona St,Ground Water,39.57965,-104.88254,,,,,,,ng/L,47.5,64.8,,,4.5,23.4,,,,,,,0,,,,,,,,35.2,,,,,,,,,,,,,,0,,,0,,,,,,,,0,,,,,,,
Source Water Data et al 2024,Dry Creek Office Development,Ground Water,40.014112,-105.231345,,,,,,,ng/L,2.1,7.7,,,0.35,1.5,,,,,,,0,,,,,,,,200,,,,,,,,,,,,,,0,,,0,,,,,,,,1.5,,,,,,,
Source Water Data et al 2024,Eastpointe Redevelopment,Ground Water,39.74425,-104.992522,,,,,,,ng/L,24.3,19.6,,,1.94,9.75,,,,,,,0,,,,,,,,40.8,,,,,,,,,,,,,,0,,,0,,,,,,,,0,,,,,,,
Source Water Data et al 2024,Eastpointe Redevelopment,Ground Water,39.626175,-104.899055,,,,,,,ng/L,13,28,,,1.4,17,,,,,,,0,,,,,,,,14,,,,,,,,,,,,,,0,,,0,,,,,,,,0.92,,,,,,,
Source Water Data et al 2024,5050 S Syracuse,Ground Water,40.022,-105.255,,,,,,,ng/L,5.8,7.5,,,1.6,3.9,,,,,,,0,,,,,,,,5.9,,,,,,,,,,,,,,0,,,0,,,,,,,,1.5,,,,,,,
Source Water Data et al 2024,Pearl Place,Ground Water,40.023,-105.251,,,,,,,ng/L,7.4,11,,,1.9,1.9,,,,,,,0,,,,,,,,6.1,,,,,,,,,,,,,,0,,,0,,,,,,,,0.41,,,,,,,
Source Water Data et al 2024,Pearl Street Apts,Ground Water,39.758111,-105.015489,,,,,,,ng/L,3.7,2.4,,,0.45,0.69,,,,,,,0,,,,,,,,1.9,,,,,,,,,,,,,,0,,,0,,,,,,,,1.2,,,,,,,
Source Water Data et al 2024,"2850 Zuni, LLC",Ground Water,39.7054,-108.1424,,,,,,,ng/L,12.8,18.8,,,0,38.4,,,,,,,0,,,,,,,,11.1,,,,,,,,,,,,,,0,,,0,,,,,,,,0,,,,,,,
Source Water Data et al 2024,A27 (encanca),Ground Water,40.021,-105.254,,,,,,,ng/L,0,0,,,0,0,,,,,,,0,,,,,,,,0,,,,,,,,,,,,,,0,,,0,,,,,,,,0,,,,,,,
Source Water Data et al 2024,Two Nine North,Ground Water,39.716,-104.947,,,,,,,ng/L,22,19,,,2.6,5,,,,,,,0,,,,,,,,27,,,,,,,,,,,,,,0,,,0,,,,,,,,0,,,,,,,
Source Water Data et al 2024,Alexan Cherry Creek,Ground Water,39.804722,-104.995556,,,,,,,ng/L,10,16,,,0,18,,,,,,,0,,,,,,,,22,,,,,,,,,,,,,,0,,,0,,,,,,,,0,,,,,,,
Source Water Data et al 2024,Broderick Package WTP,Ground Water,39.769034,-105.032957,,,,,,,ng/L,9.51,24.8,,,0.847,9.08,,,,,,,0,,,,,,,,22.6,,,,,,,,,,,,,,0,,,0,,,,,,,,0,,,,,,,
Source Water Data et al 2024,Alexan Julian,Ground Water,39.629751,-106.052248,,,,,,,ng/L,10,12,,,0,8.3,,,,,,,0,,,,,,,,14,,,,,,,,,,,,,,0,,,0,,,,,,,,0,,,,,,,
Source Water Data et al 2024,Dillon Medical Office Building,Ground Water,40.099,-105.281,,,,,,,ng/L,0,0,,,0,0.79,,,,,,,0,,,,,,,,0.91,,,,,,,,,,,,,,0,,,0,,,,,,,,0,,,,,,,
Source Water Data et al 2024,Raythenon - Boluder Open Space Seep Outfalls 002A and 003A,Ground Water,39.798973,-105.077816,,,,,,,ng/L,18,3.6,,,0,7.9,,,,,,,0,,,,,,,,2,,,,,,,,,,,,,,0,,,0,,,,,,,,0,,,,,,,
Source Water Data et al 2024,Residences at olde Town Station,Ground Water,40.005832,-105.269167,,,,,,,ng/L,18.7,18,,,0,21.8,,,,,,,0,,,,,,,,36.7,,,,,,,,,,,,,,0,,,0,,,,,,,,0,,,,,,,
Source Water Data et al 2024,College of Music IMG Building Addition,Ground Water,40.0075,-105.2775,,,,,,,ng/L,21.4,23.5,,,1.44,12.2,,,,,,,0,,,,,,,,19,,,,,,,,,,,,,,0,,,0,,,,,,,,0,,,,,,,
Source Water Data et al 2024,The Oak House,Ground Water,39.71639,-105.12922,2023,07/25/2023,,,,,ng/L,10,23,,,0,13,,,,,,,0,,,,,,,,28,,,,,,,,,,,,,,0,,,0,,,,,,,,0,,,,,,,
Source Water Data et al 2024,St Anthonys Hospital Lakewood,Ground Water,40.007,-105.257,,,,,,,ng/L,8.8,8.3,,,0,8.8,,,,,,,0,,,,,,,,18,,,,,,,,,,,,,,0,,,0,,,,,,,,0,,,,,,,
Source Water Data et al 2024,Hammersmith Data Management - Landmark Lofts,Ground Water,,,2023,06/10/2023,,,,,ng/L,18,36,,,4.9,4.6,,,,,,,0,,,,,,,,49,,,,,,,,,,,,,,0,,,0,,,,,,,,0,,,,,,,
Source Water Data et al 2024,The York at City Park Apartments,Ground Water,39.86851,-104.907,,,,,,,ng/L,3.7,14,,,2.7,2.3,,,,,,,0,,,,,,,,8,,,,,,,,,,,,,,0,,,0,,,,,,,,0,,,,,,,
Source Water Data et al 2024,Singletree Landfill,Ground Water,39.75127,-104.992,2022,09/21/2022,,,,,ng/L,15.8,13.3,,,1.7,15.2,,,,,,,0,,,,,,,,11.5,,,,,,,,,,,,,,0,,,0,,,,,,,,0,,,,,,,
Source Water Data et al 2024,Lawrence Title Holder LLC - 1900 Lawrence,Ground Water,39.76844,-104.976,2023,01/16/2023,,,,,ng/L,26,25,,,0,49,,,,,,,0,,,,,,,,28,,,,,,,,,,,,,,0,,,0,,,,,,,,0,,,,,,,
Source Water Data et al 2024,HINES INTERESTS LIMITED PARTNERSHIP - 3500 Blake,Ground Water,39.645408,-106.378528,2023,08/03/2023,,,,,ng/L,6.3,17.6,,,0,11,,,,,,,0,,,,,,,,20,,,,,,,,,,,,,,0,,,0,,,,,,,,0,,,,,,,
Source Water Data et al 2024,Residences at Main Vail - 129 N Frontage Rd,Ground Water,40.364428,-105.234077,2022,12/07/2022,,,,,ng/L,0,0,,,0,0,,,,,,,0,,,,,,,,0,,,,,,,,,,,,,,0,,,0,,,,,,,,0,,,,,,,
Source Water Data et al 2024,Northern Water - Chimney Hollow,Ground Water,40.55607,-105.02162,2023,09/12/2023,,,,,ng/L,0,1.1,,,0,0,,,,,,,0,,,,,,,,1,,,,,,,,,,,,,,0,,,0,,,,,,,,0,,,,,,,
Source Water Data et al 2024,Drake Water Reclamation Facility,Ground Water,39.740866,-105.099754,2023,09/11/2023,,,,,ng/L,22,12,,,1.6,6.5,,,,,,,0,,,,,,,,18,,,,,,,,,,,,,,0,,,0.8,,,,,,,,0.46,,,,,,,
Source Water Data et al 2024,Prestige Automotive,Ground Water,40.015833,-105.23611,2023,01/06/2023,,,,,ng/L,22,7.3,,,3.1,3.5,,,,,,,0,,,,,,,,49,,,,,,,,,,,,,,0,,,0,,,,,,,,0,,,,,,,
Source Water Data et al 2024,,Ground Water,39.6735,-104.96,,,,,,,ng/L,12,8.7,,,0,7.3,,,,,,,0,,,,,,,,16,,,,,,,,,,,,,,0,,,0,,,,,,,,1.1,,,,,,,
Source Water Data et al 2024,,Ground Water,39.64079895,-106.372203,,,,,,,ng/L,10,110,,,13,12,,,,,,,2.9,,,,,,,,18,,,,,,,,,,,,,,0,,,0,,,,,,,,8.6,,,,,,,
Source Water Data et al 2024,,Ground Water,39.744444,-104.996111,,,,,,,ng/L,2.5,8.7,,,0,0.88,,,,,,,0,,,,,,,,1.8,,,,,,,,,,,,,,0,,,0,,,,,,,,0,,,,,,,
Source Water Data et al 2024,,Ground Water,39.5981,-104.925,,,,,,,ng/L,0,0,,,0,0,,,,,,,0,,,,,,,,0,,,,,,,,,,,,,,0,,,0,,,,,,,,0,,,,,,,
Source Water Data et al 2024,,Ground Water,38.7925,-104.849444,,,,,,,ng/L,12,20,,,0,17,,,,,,,0,,,,,,,,18,,,,,,,,,,,,,,0,,,0,,,,,,,,0,,,,,,,
Source Water Data et al 2024,,Ground Water,39.708993,-104.928191,,,,,,,ng/L,9.8,15.8,,,1.6,3,,,,,,,0,,,,,,,,5.1,,,,,,,,,,,,,,0,,,0,,,,,,,,0,,,,,,,
Source Water Data et al 2024,,Ground Water,40.463888,-104.853611,,,,,,,ng/L,38,32,,,4.6,25,,,,,,,0,,,,,,,,37,,,,,,,,,,,,,,0,,,0,,,,,,,,1.1,,,,,,,
Source Water Data et al 2024,,Ground Water,39.634166,-104.893333,,,,,,,ng/L,0,1.9,,,0,0,,,,,,,0,,,,,,,,0,,,,,,,,,,,,,,0,,,0,,,,,,,,0,,,,,,,
Source Water Data et al 2024,,Ground Water,39.749444,-104.948333,,,,,,,ng/L,4.3,9.3,,,0,1.7,,,,,,,0,,,,,,,,4.5,,,,,,,,,,,,,,0,,,0,,,,,,,,0,,,,,,,
Source Water Data et al 2024,,Ground Water,39.683,-105.081,,,,,,,ng/L,6.4,11,,,0.86,8.8,,,,,,,0,,,,,,,,13,,,,,,,,,,,,,,0,,,0,,,,,,,,0,,,,,,,
Source Water Data et al 2024,,Ground Water,40.016,-105.283,,,,,,,ng/L,579,506,,,133,43.8,,,,,,,0,,,,,,,,21,,,,,,,,,,,,,,103,,,9,,,,,,,,46.7,,,,,,,
Source Water Data et al 2024,,Ground Water,40.016389,-105.248333,,,,,,,ng/L,7,18,,,2.1,3.8,,,,,,,0,,,,,,,,11,,,,,,,,,,,,,,0,,,0,,,,,,,,1.8,,,,,,,
Source Water Data et al 2024,,Ground Water,39.975,-105.547222,,,,,,,ng/L,10.8,23.1,,,3,3.2,,,,,,,0,,,,,,,,19.5,,,,,,,,,,,,,,0,,,0,,,,,,,,0,,,,,,,
Source Water Data et al 2024,,Ground Water,39.750628,-104.999936,,,,,,,ng/L,1.5,0,,,0,0,,,,,,,0,,,,,,,,0,,,,,,,,,,,,,,0,,,0,,,,,,,,0,,,,,,,
Source Water Data et al 2024,,Ground Water,39.742778,-104.941111,,,,,,,ng/L,21.7,30.1,,,3.6,9.2,,,,,,,0,,,,,,,,24.8,,,,,,,,,,,,,,0,,,0,,,,,,,,0,,,,,,,
Source Water Data et al 2024,,Ground Water,39.801775,-105.494196,,,,,,,ng/L,0,1.8,,,0,0.56,,,,,,,0,,,,,,,,1.4,,,,,,,,,,,,,,0,,,0,,,,,,,,1.6,,,,,,,
Source Water Data et al 2024,,Ground Water,40.015,-105.288,,,,,,,ng/L,5.1,10,,,2.5,0.61,,,,,,,0,,,,,,,,21,,,,,,,,,,,,,,0,,,0,,,,,,,,0,,,,,,,
Source Water Data et al 2024,,Ground Water,40.591111,-105.079167,,,,,,,ng/L,2.1,0,,,0,1.8,,,,,,,0,,,,,,,,2.9,,,,,,,,,,,,,,0,,,0,,,,,,,,0,,,,,,,
Source Water Data et al 2024,,Ground Water,39.751944,-105.001667,,,,,,,ng/L,9.1,12.6,,,0,7.7,,,,,,,0,,,,,,,,11.4,,,,,,,,,,,,,,0,,,0,,,,,,,,0,,,,,,,
Source Water Data et al 2024,,Ground Water,39.6797,-104.9614,,,,,,,ng/L,1060,22.6,,,1.56,14.5,,,,,,,0,,,,,,,,16,,,,,,,,,,,,,,0,,,0,,,,,,,,0,,,,,,,
Source Water Data et al 2024,,Ground Water,39.743921,-104.992959,,,,,,,ng/L,27,20,,,2.2,4.2,,,,,,,0,,,,,,,,9.2,,,,,,,,,,,,,,0,,,0,,,,,,,,0,,,,,,,
Source Water Data et al 2024,,Ground Water,39.751111,-105.001944,,,,,,,ng/L,66.4,49.4,,,6.22,10.1,,,,,,,0,,,,,,,,24.7,,,,,,,,,,,,,,0,,,0,,,,,,,,0,,,,,,,
Source Water Data et al 2024,,Ground Water,40.85889,-102.79677,,,,,,,ng/L,40,15,,,1.2,17,,,,,,,0,,,,,,,,17,,,,,,,,,,,,,,0,,,0,,,,,,,,0,,,,,,,
Source Water Data et al 2024,,Ground Water,39.74423,-104.99495,,,,,,,ng/L,0,0,,,0,7.6,,,,,,,0,,,,,,,,7.2,,,,,,,,,,,,,,0,,,0,,,,,,,,0,,,,,,,
Source Water Data et al 2024,,Ground Water,40.020556,-105.266111,,,,,,,ng/L,55.9,41.5,,,2.1,8.4,,,,,,,0,,,,,,,,27.5,,,,,,,,,,,,,,0,,,0,,,,,,,,2,,,,,,,
Source Water Data et al 2024,,Ground Water,40.0158,-105.281,,,,,,,ng/L,10.7,5.4,,,1.1,2.4,,,,,,,0,,,,,,,,12.8,,,,,,,,,,,,,,0,,,0,,,,,,,,0,,,,,,,
Source Water Data et al 2024,,Ground Water,39.641389,-106.393056,,,,,,,ng/L,1.7,1.6,,,0,0,,,,,,,0,,,,,,,,1.1,,,,,,,,,,,,,,0,,,0,,,,,,,,0,,,,,,,
Source Water Data et al 2024,,Ground Water,40.456472,-106.813417,,,,,,,ng/L,13.4,21.8,,,8.16,2,,,,,,,0,,,,,,,,3.22,,,,,,,,,,,,,,0,,,0,,,,,,,,0,,,,,,,
Source Water Data et al 2024,,Ground Water,40.003889,-105.264639,,,,,,,ng/L,16,23,,,2.5,6.3,,,,,,,0,,,,,,,,7.6,,,,,,,,,,,,,,0,,,0,,,,,,,,0,,,,,,,
Source Water Data et al 2024,,Ground Water,38.257223,-104.579368,,,,,,,ng/L,3.5,11,,,0.55,3.6,,,,,,,0,,,,,,,,16,,,,,,,,,,,,,,0,,,0,,,,,,,,0,,,,,,,
Source Water Data et al 2024,,Ground Water,39.818803,-104.945889,,,,,,,ng/L,13,7.8,,,0.63,17,,,,,,,0,,,,,,,,15,,,,,,,,,,,,,,0,,,0,,,,,,,,0,,,,,,,
Source Water Data et al 2024,,Ground Water,39.903189,-104.881703,,,,,,,ng/L,10.8,8.8,,,1.2,8.2,,,,,,,0,,,,,,,,12.9,,,,,,,,,,,,,,0,,,0,,,,,,,,0,,,,,,,
Source Water Data et al 2024,,Ground Water,39.642,-106.388667,,,,,,,ng/L,31.6,11.8,,,2,7.8,,,,,,,0,,,,,,,,11.8,,,,,,,,,,,,,,0,,,0,,,,,,,,0,,,,,,,
Source Water Data et al 2024,,Ground Water,39.6411111,-106.375833,,,,,,,ng/L,4.4,8.8,,,0.65,2.8,,,,,,,0,,,,,,,,6.7,,,,,,,,,,,,,,0,,,0,,,,,,,,0,,,,,,,
Source Water Data et al 2024,,Ground Water,39.743889,-105.000833,,,,,,,ng/L,0,9.4,,,0,0,,,,,,,0,,,,,,,,0,,,,,,,,,,,,,,0,,,0,,,,,,,,0,,,,,,,
Source Water Data et al 2024,,Ground Water,39.609167,-104.709444,,,,,,,ng/L,29,15,,,0.7,19,,,,,,,0,,,,,,,,17,,,,,,,,,,,,,,0,,,0,,,,,,,,0,,,,,,,
Source Water Data et al 2024,,Ground Water,39.751667,-104.993333,,,,,,,ng/L,0,1.35,,,0,0,,,,,,,0,,,,,,,,10.5,,,,,,,,,,,,,,0,,,0,,,,,,,,0,,,,,,,
Source Water Data et al 2024,,Ground Water,39.832746,-105.185509,,,,,,,ng/L,19,35,,,1.7,31,,,,,,,0,,,,,,,,39,,,,,,,,,,,,,,0,,,0,,,,,,,,0,,,,,,,
Source Water Data et al 2024,,Ground Water,39.4859722,-105.097147,,,,,,,ng/L,2.1,1.9,,,0.28,4.6,,,,,,,0,,,,,,,,4,,,,,,,,,,,,,,0,,,0,,,,,,,,0,,,,,,,
Source Water Data et al 2024,,Ground Water,40.01605,-105.27961,,,,,,,ng/L,11,24,,,2.3,8.7,,,,,,,0,,,,,,,,31,,,,,,,,,,,,,,0,,,0,,,,,,,,0,,,,,,,
Source Water Data et al 2024,,Ground Water,39.623138,-104.667729,,,,,,,ng/L,1.7,1.6,,,0,0,,,,,,,0,,,,,,,,1.1,,,,,,,,,,,,,,0,,,0,,,,,,,,0,,,,,,,
Source Water Data et al 2024,,Ground Water,39.78,-105.010278,,,,,,,ng/L,6.6,23,,,0.58,7.5,,,,,,,0,,,,,,,,8.4,,,,,,,,,,,,,,0,,,0,,,,,,,,1.2,,,,,,,
Source Water Data et al 2024,,Ground Water,39.548,-104.951,,,,,,,ng/L,21,19,,,1.8,12,,,,,,,0,,,,,,,,40,,,,,,,,,,,,,,0,,,0,,,,,,,,0,,,,,,,
Source Water Data et al 2024,,Ground Water,39.751216,-104.9506,,,,,,,ng/L,4.1,7.7,,,0,2.2,,,,,,,0,,,,,,,,24.2,,,,,,,,,,,,,,0,,,0,,,,,,,,0,,,,,,,
Source Water Data et al 2024,,Ground Water,38.894167,-104.869444,,,,,,,ng/L,16,21,,,5.6,6.9,,,,,,,0,,,,,,,,12,,,,,,,,,,,,,,0,,,0,,,,,,,,1.3,,,,,,,
Source Water Data et al 2024,,Ground Water,39.54653,-104.994587,,,,,,,ng/L,1.61,31.3,,,1.06,1.05,,,,,,,0,,,,,,,,11.4,,,,,,,,,,,,,,0,,,0,,,,,,,,0,,,,,,,
Source Water Data et al 2024,,Ground Water,40.078692,-105.18942,,,,,,,ng/L,0,17,,,2.6,0,,,,,,,0,,,,,,,,20,,,,,,,,,,,,,,0,,,0,,,,,,,,0,,,,,,,
Source Water Data et al 2024,,Ground Water,39.718793,-104.955495,,,,,,,ng/L,1.3,3,,,0,4.5,,,,,,,0,,,,,,,,6.3,,,,,,,,,,,,,,0,,,0,,,,,,,,0,,,,,,,
Source Water Data et al 2024,,Ground Water,39.6386671,-106.3734842,,,,,,,ng/L,11,15,,,1.4,10,,,,,,,0,,,,,,,,18,,,,,,,,,,,,,,0,,,0,,,,,,,,0,,,,,,,
Source Water Data et al 2024,,Ground Water,39.717778,-104.935833,,,,,,,ng/L,7.4,12,,,2.7,0.81,,,,,,,0,,,,,,,,6,,,,,,,,,,,,,,0,,,0,,,,,,,,0,,,,,,,
Source Water Data et al 2024,,Ground Water,39.606,-105.939,,,,,,,ng/L,7.6,8.1,,,0.38,3.1,,,,,,,0,,,,,,,,9.3,,,,,,,,,,,,,,0,,,0,,,,,,,,2.6,,,,,,,
Source Water Data et al 2024,,Ground Water,39.607,-105.97,,,,,,,ng/L,0.56,0.36,,,0,0.97,,,,,,,0,,,,,,,,0.54,,,,,,,,,,,,,,0,,,0,,,,,,,,0,,,,,,,
Source Water Data et al 2024,,Ground Water,39.64,-106.367,,,,,,,ng/L,21,9.4,,,0.64,14,,,,,,,0,,,,,,,,7.4,,,,,,,,,,,,,,0,,,0,,,,,,,,0,,,,,,,
Source Water Data et al 2024,,Ground Water,39.606,-105.939,,,,,,,ng/L,0.96,1.3,,,0,0,,,,,,,0,,,,,,,,0,,,,,,,,,,,,,,0,,,0,,,,,,,,0,,,,,,,
Source Water Data et al 2024,,Ground Water,40.017528,-105.283344,,,,,,,ng/L,0,0,,,0,0,,,,,,,0,,,,,,,,0,,,,,,,,,,,,,,0,,,0,,,,,,,,0,,,,,,,
Source Water Data et al 2024,,Ground Water,39.078447,-108.561432,,,,,,,ng/L,3.6,3.4,,,0,2.4,,,,,,,0,,,,,,,,6.4,,,,,,,,,,,,,,0,,,0,,,,,,,,0,,,,,,,
Source Water Data et al 2024,,Ground Water,40.016389,-105.277778,,,,,,,ng/L,2,1.5,,,0,3.1,,,,,,,0,,,,,,,,7.1,,,,,,,,,,,,,,0,,,0,,,,,,,,0,,,,,,,
Source Water Data et al 2024,,Ground Water,38.797303,-107.724141,,,,,,,ng/L,9.5,18.4,,,1.7,3.7,,,,,,,0,,,,,,,,10.5,,,,,,,,,,,,,,0,,,0,,,,,,,,0,,,,,,,
Source Water Data et al 2024,,Ground Water,40.0091,-105.27615,,,,,,,ng/L,0,1,,,0,0,,,,,,,0,,,,,,,,2,,,,,,,,,,,,,,0,,,0,,,,,,,,0,,,,,,,
Source Water Data et al 2024,,Ground Water,39.984921,-105.24063,,,,,,,ng/L,110,1300,,,210,85,,,,,,,0,,,,,,,,170,,,,,,,,,,,,,,0,,,0,,,,,,,,3.4,,,,,,,
Source Water Data et al 2024,,Ground Water,39.643889,-106.391111,,,,,,,ng/L,3,4.1,,,0.82,0,,,,,,,0,,,,,,,,4.4,,,,,,,,,,,,,,0,,,0,,,,,,,,0,,,,,,,
Source Water Data et al 2024,,Ground Water,40.0075,-105.2775,,,,,,,ng/L,3.2,4.9,,,0,1.8,,,,,,,0,,,,,,,,4.6,,,,,,,,,,,,,,0,,,0,,,,,,,,0,,,,,,,
Source Water Data et al 2024,,Ground Water,39.532,-104.882,,,,,,,ng/L,2.2,6,,,1.4,0,,,,,,,0,,,,,,,,6,,,,,,,,,,,,,,0,,,0,,,,,,,,0,,,,,,,
Source Water Data et al 2024,,Ground Water,39.18667,-106.81887,,,,,,,ng/L,0,20,,,1.9,0,,,,,,,0,,,,,,,,8.8,,,,,,,,,,,,,,0,,,0,,,,,,,,1,,,,,,,
Source Water Data et al 2024,,Ground Water,37.35702,-108.57442,,,,,,,ng/L,4.9,36.4,,,5.5,1,,,,,,,0,,,,,,,,7.7,,,,,,,,,,,,,,0,,,0,,,,,,,,0,,,,,,,
Source Water Data et al 2024,,Ground Water,39.608859,-104.904577,,,,,,,ng/L,21,55,,,2.7,7.1,,,,,,,0,,,,,,,,31,,,,,,,,,,,,,,3.5,,,1.9,,,,,,,,0,,,,,,,
Source Water Data et al 2024,,Ground Water,39.7397,-105.10194,,,,,,,ng/L,3.3,5.9,,,1,4.5,,,,,,,0,,,,,,,,90.5,,,,,,,,,,,,,,0,,,0,,,,,,,,0,,,,,,,
Source Water Data et al 2024,,Ground Water,39.769114,-105.051258,,,,,,,ng/L,6.4,15.3,,,0.98,9.6,,,,,,,0,,,,,,,,11,,,,,,,,,,,,,,0,,,0,,,,,,,,0,,,,,,,
Source Water Data et al 2024,,Ground Water,39.66778,-104.92889,,,,,,,ng/L,8.8,16.9,,,0,13.2,,,,,,,0,,,,,,,,16.4,,,,,,,,,,,,,,0,,,0,,,,,,,,0,,,,,,,
Source Water Data et al 2024,,Ground Water,39.692434,-104.946742,,,,,,,ng/L,4.1,5.8,,,1.2,10.3,,,,,,,0,,,,,,,,16.6,,,,,,,,,,,,,,0,,,0,,,,,,,,0,,,,,,,
Source Water Data et al 2024,,Ground Water,39.75093,-105.216445,,,,,,,ng/L,1.7,6,,,0,2.1,,,,,,,0,,,,,,,,12,,,,,,,,,,,,,,0,,,0,,,,,,,,0,,,,,,,
Source Water Data et al 2024,,Ground Water,40.28926,-104.76999,,,,,,,ng/L,5.8,3.1,,,0,3.3,,,,,,,0,,,,,,,,6.3,,,,,,,,,,,,,,0,,,0,,,,,,,,0,,,,,,,
Source Water Data et al 2024,,Ground Water,38.79073,-104.80976,,,,,,,ng/L,17,13,,,1.2,30,,,,,,,0,,,,,,,,17,,,,,,,,,,,,,,0,,,0,,,,,,,,1.2,,,,,,,
Source Water Data et al 2024,,Ground Water,39.703337,-104.88984,,,,,,,ng/L,14.6,32,,,0,7.6,,,,,,,0,,,,,,,,21.3,,,,,,,,,,,,,,0,,,0,,,,,,,,0,,,,,,,
Source Water Data et al 2024,,Ground Water,38.82538,-104.757475,,,,,,,ng/L,13,4.1,,,0,17.4,,,,,,,0,,,,,,,,17,,,,,,,,,,,,,,0,,,0,,,,,,,,0,,,,,,,
DMR Permits et al 2024,CSU AIRPORT RD,Ground Water,38.793828,-104.789103,2018,08/31/2018,,,,,ng/L,0,0,,0,0,0,0,0,0,0,0,0,0,,,0,0,,0,0,0,0,0,0,,,,,,,0,0,,0,,0,0,0,0,0,0,,0,0,0,0,0,0,,0,0,0,
DMR Permits et al 2024,PLATINUM SELF STORAGE,Ground Water,38.793828,-104.789103,2019,08/31/2019,,,,,ng/L,0,0.01595,,0,0,0,0,0,0,0,0,0,0,,,0,0,,0,0,0,0,0,0,,,,,,,0,0,,0,,0,0,0,0,0,0,,0,0,0,0,0,0,,0,0,0,
DMR Permits et al 2024,PLATINUM SELF STORAGE,Ground Water,38.793828,-104.789103,2019,09/30/2019,,,,,ng/L,0,0.01545,,0,0,0,0,0,0,0,0,0,0,,,0,0,,0,0,0,0,0,0,,,,,,,0,0,,0,,0,0,0,0,0,0,,0,0,0,0,0,0,,0,0,0,
DMR Permits et al 2024,PLATINUM SELF STORAGE,Ground Water,38.793828,-104.789103,2019,10/31/2019,,,,,ng/L,0,0.01345,,0,0,0,0,0,0,0,0,0,0,,,0,0,,0,0,0,0,0,0,,,,,,,0,0,,0,,0,0,0,0,0,0,,0,0,0,0,0,0,,0,0,0,
DMR Permits et al 2024,PLATINUM SELF STORAGE,Ground Water,38.793828,-104.789103,2019,11/30/2019,,,,,ng/L,0,0.01695,,0,0,0,0,0,0,0,0,0,0,,,0,0,,0,0,0,0,0,0,,,,,,,0,0,,0,,0,0,0,0,0,0,,0,0,0,0,0,0,,0,0,0,
DMR Permits et al 2024,PLATINUM SELF STORAGE,Ground Water,38.793828,-104.789103,2019,12/31/2019,,,,,ng/L,0,0.0165,,0,0,0,0,0,0,0,0,0,0,,,0,0,,0,0,0,0,0,0,,,,,,,0,0,,0,,0,0,0,0,0,0,,0,0,0,0,0,0,,0,0,0,
DMR Permits et al 2024,PLATINUM SELF STORAGE,Ground Water,38.820991,-104.767488,2020,01/31/2020,,,,,ng/L,0,0.01815,,0,0,0,0,0,0,0,0,0,0,,,0,0,,0,0,0,0,0,0,,,,,,,0,0,,0,,0,0,0,0,0,0,,0,0,0,0,0,0,,0,0,0,
DMR Permits et al 2024,2C WATER MAIN REPLACEMENT,Ground Water,38.81577,-104.77912,2019,04/30/2019,,,,,ng/L,0,0,,0,0,0,0,0,0,0,0,0,0,,,0,0,,0,0,0,0,0,0,,,,,,,0,0,,0,,0,0,0,0,0,0,,0,0,0,0,0,0,,0,0,0,
DMR Permits et al 2024,VERDE DRIVE BRIDGE REPLACEMENT,Ground Water,38.81577,-104.77912,2020,03/31/2020,,,,,ng/L,0,0.0078,,0,0,0,0,0.0044,0,0,0,0,0,,,0,0,,0,0,0,0,0,0,,,,,,,0,0,,0,,0,0,0,0,0,0,,0,0,0,0,0,0,,0,0,0,
DMR Permits et al 2024,VERDE DRIVE BRIDGE REPLACEMENT,Ground Water,39.747222,-104.997778,2020,06/30/2020,,,,,ng/L,0,0.044,,0,0,0,0,0.011,0,0,0,0,0,,,0,0,,0,0,0,0,0,0,,,,,,,0,0,,0,,0,0,0,0,0,0,,0,0,0,0,0,0,,0,0,0,
DMR Permits et al 2024,1515 VRAIN ST,Ground Water,39.747222,-104.997778,2021,01/31/2021,,,,,ng/L,1.8,4.1,,1.8,1.8,1.8,50,8.1,1.8,3.5,1.8,4.4,1.8,,,0,0,,51,1.8,1.8,23,0,0,,,,,,,0,1.8,,0,,0,0,4.4,0,1.8,1.8,,1.8,1.8,1.8,1.8,0,0,,0,0,0,
DMR Permits et al 2024,1515 VRAIN ST,Ground Water,39.747222,-104.997778,2021,02/28/2021,,,,,ng/L,1.8,5.6,,1.8,1.8,1.8,55,9.1,1.8,3.5,1.8,4.4,1.8,,,0,0,,43,1.8,1.8,29,0,0,,,,,,,0,1.8,,0,,0,0,4.4,0,1.8,1.8,,1.8,1.8,1.8,1.8,0,0,,0,0,0,
DMR Permits et al 2024,1515 VRAIN ST,Ground Water,39.747222,-104.997778,2021,03/31/2021,,,,,ng/L,1.7,1.7,,1.7,1.7,1.7,16,0.8,1.7,3.4,1.7,4.3,1.7,,,0,0,,36,1.7,1.7,29,0,0,,,,,,,0,1.7,,0,,0,0,4.3,0,1.7,1.7,,1.7,1.7,1.7,1.2,0,0,,0,0,0,
DMR Permits et al 2024,1515 VRAIN ST,Ground Water,39.747222,-104.997778,2021,04/30/2021,,,,,ng/L,1.6,16,,1.6,1.6,1.6,75,14,1.6,18.3,1.6,4.1,1.6,,,0,0,,75,1.6,0.97,40,0,0,,,,,,,0,1.6,,0,,0,0,4.1,0,1.6,1.6,,1.6,1.6,1.6,1.6,0,0,,0,0,0,
DMR Permits et al 2024,1515 VRAIN ST,Ground Water,39.747222,-104.997778,2021,05/31/2021,,,,,ng/L,1.8,30,,1.8,1.3,1.8,66,18,1.8,3.7,1.8,4.6,1.8,,,0,0,,58,1.8,5.2,35,0,0,,,,,,,0,1.8,,0,,0,0,4.6,0,1.8,1.8,,1.8,1.8,1.8,1.8,0,0,,0,0,0,
DMR Permits et al 2024,1515 VRAIN ST,Ground Water,39.747222,-104.997778,2021,06/30/2021,,,,,ng/L,1.6,26,,1.6,1.5,1.6,39,11,1.6,3.3,1.6,4.1,1.6,,,0,0,,46,1.6,11,26,0,0,,,,,,,0,1.6,,0,,0,0,4.1,0,1.6,1.6,,1.6,1.6,1.6,1.6,0,0,,0,0,0,
DMR Permits et al 2024,1515 VRAIN ST,Ground Water,39.747222,-104.997778,2021,07/31/2021,,,,,ng/L,1.7,3,,1.7,1.7,1.7,39,4.8,1.7,3.4,1.7,4.3,1.7,,,0,0,,46,1.7,0.24,31,0,0,,,,,,,0,1.7,,0,,0,0,4.3,0,1.7,1.7,,1.7,1.7,1.7,1.7,0,0,,0,0,0,
DMR Permits et al 2024,1515 VRAIN ST,Ground Water,39.747222,-104.997778,2021,08/31/2021,,,,,ng/L,1.7,10,,1.7,1.7,1.7,45,9.4,1.7,3.3,1.7,4.2,1.7,,,0,0,,54,1.7,3.6,32,0,0,,,,,,,0,1.7,,0,,0,0,4.2,0,1.7,1.7,,1.7,1.7,1.7,1.7,0,0,,0,0,0,
DMR Permits et al 2024,1515 VRAIN ST,Ground Water,39.747222,-104.997778,2021,09/30/2021,,,,,ng/L,1.8,9.8,,1.8,0.5,1.3,46,11,1.8,3.6,1.8,4.5,1.8,,,0,0,,48,0.4,9.4,48,0,0,,,,,,,0,1.8,,0,,0,0,4.5,0,1.8,1.8,,1.8,1.8,1.8,1.8,0,0,,0,0,0,
DMR Permits et al 2024,1515 VRAIN ST,Ground Water,39.747222,-104.997778,2021,10/31/2021,,,,,ng/L,2,7.2,,1.9,0.6,2.8,39,6.4,1.9,3.8,1.9,4.7,1.9,,,0,0,,39,0.67,7.1,29,0,0,,,,,,,0,1.9,,0,,0,0,4.7,0,1.9,1.9,,1.9,1.9,1.9,1.9,0,0,,0,0,0,
DMR Permits et al 2024,1515 VRAIN ST,Ground Water,39.747222,-104.997778,2021,11/30/2021,,,,,ng/L,1.9,1.9,,1.9,1.9,1.9,4,1.9,1.9,3.8,1.9,4.8,1.9,,,0,0,,18,1.9,1.9,26,0,0,,,,,,,0,1.9,,0,,0,0,4.8,0,1.9,1.9,,1.9,1.9,1.9,1.9,0,0,,0,0,0,
DMR Permits et al 2024,1515 VRAIN ST,Ground Water,39.747222,-104.997778,2021,12/31/2021,,,,,ng/L,1.9,1.9,,1.9,1.9,1.9,1.9,1.9,1.9,3.9,1.9,4.8,1.9,,,0,0,,2.4,1.9,1.9,17,0,0,,,,,,,0,1.9,,0,,0,0,4.8,0,1.9,1.9,,1.9,1.9,1.9,1.9,0,0,,0,0,0,
DMR Permits et al 2024,1515 VRAIN ST,Ground Water,39.747222,-104.997778,2022,01/31/2022,,,,,ng/L,1.6,1.6,,1.6,1.6,1.6,10,0.2,1.6,3.3,1.6,4.1,1.6,,,0,0,,31,1.6,1.6,27,0,0,,,,,,,0,1.6,,0,,0,0,4.1,0,1.6,1.6,,1.6,1.6,1.6,1.6,0,0,,0,0,0,
DMR Permits et al 2024,1515 VRAIN ST,Ground Water,39.747222,-104.997778,2022,02/28/2022,,,,,ng/L,1.7,1.7,,1.7,1.7,1.7,12,0.8,1.7,3.4,1.7,4.2,1.7,,,0,0,,28,1.7,1.7,31,0,0,,,,,,,0,1.7,,0,,0,0,4.2,0,1.7,1.7,,1.7,1.7,1.7,1.7,0,0,,0,0,0,
DMR Permits et al 2024,1515 VRAIN ST,Ground Water,39.747222,-104.997778,2022,03/31/2022,,,,,ng/L,1.9,3.2,,1.9,1.9,1.9,24,3.4,1.9,3.8,1.9,4.8,1.9,,,0,0,,36,1.9,1.9,33,0,0,,,,,,,0,1.9,,0,,0,0,4.8,0,1.9,1.9,,1.9,1.9,1.9,1.9,0,0,,0,0,0,
DMR Permits et al 2024,1515 VRAIN ST,Ground Water,39.747222,-104.997778,2022,04/30/2022,,,,,ng/L,1.9,10,,1.9,1.9,1.9,42,8.7,1.9,3.8,1.9,4.8,1.9,,,0,0,,44,1.9,2.8,34,0,0,,,,,,,0,1.9,,0,,0,0,4.8,0,1.9,1.9,,1.9,1.9,1.9,1.9,0,0,,0,0,0,
DMR Permits et al 2024,1515 VRAIN ST,Ground Water,39.747222,-104.997778,2022,05/31/2022,,,,,ng/L,1.9,20,,0.4,0.6,1.9,45,12,1.9,3.8,1.9,4.7,1.9,,,0,0,,42,1.9,11,32,0,0,,,,,,,0,1.9,,0,,0,0,4.7,0,1.9,1.9,,1.9,1.9,1.9,1.9,0,0,,0,0,0,
DMR Permits et al 2024,1515 VRAIN ST,Ground Water,39.747222,-104.997778,2022,06/30/2022,,,,,ng/L,1.8,2.7,,0.3,1.8,0.6,60,6.7,1.8,3.5,1.8,4.4,1.8,,,0,0,,55,1.8,0.4,36,0,0,,,,,,,0,1.8,,0,,0,0,4.4,0,1.8,1.8,,1.8,1.8,1.8,1.8,0,0,,0,0,0,
DMR Permits et al 2024,1515 VRAIN ST,Ground Water,39.747222,-104.997778,2022,07/31/2022,,,,,ng/L,1.7,13,,1.7,1.7,0.5,44,12,1.7,3.3,1.7,4.1,1.7,,,0,0,,47,1.7,9.1,31,0,0,,,,,,,0,1.7,,0,,0,0,4.1,0,1.7,1.7,,1.7,1.7,1.7,1.7,0,0,,0,0,0,
DMR Permits et al 2024,1515 VRAIN ST,Ground Water,39.747222,-104.997778,2022,08/31/2022,,,,,ng/L,1.7,3.8,,1.7,1.7,1,25,4.8,1.7,3.3,1.7,4.2,1.7,,,0,0,,36,1.7,1.6,28,0,0,,,,,,,0,1.7,,0,,0,0,4.2,0,1.7,1.7,,1.7,1.7,1.7,1.7,0,0,,0,0,0,
DMR Permits et al 2024,1515 VRAIN ST,Ground Water,39.747222,-104.997778,2022,09/30/2022,,,,,ng/L,1.8,12,,1.8,0.6,1.3,35,8,1.8,3.6,1.8,4.5,1.8,,,0,0,,40,0.6,7.5,32,0,0,,,,,,,0,1.8,,0,,0,0,4.5,0,1.8,1.8,,1.8,1.8,1.8,1.8,0,0,,0,0,0,
DMR Permits et al 2024,1515 VRAIN ST,Ground Water,39.747222,-104.997778,2022,10/31/2022,,,,,ng/L,1.8,1.8,,1.8,1.8,1.8,4.6,1.8,1.8,3.7,1.8,4.6,1.8,,,0,0,,14,1.8,1.8,5.7,0,0,,,,,,,0,1.8,,0,,0,0,4.6,0,1.8,1.8,,1.8,1.8,1.8,1.8,0,0,,0,0,0,
DMR Permits et al 2024,1515 VRAIN ST,Ground Water,39.747222,-104.997778,2022,11/30/2022,,,,,ng/L,0.969,1.8,,1.8,1.8,1.8,23,0.44,2,3.6,1.8,4.5,1.8,,,0,0,,45,1.8,1.8,35,0,0,,,,,,,0,1.8,,0,,0,0,4.5,0,2,2,,2,2,2,0.91,0,0,,0,0,0,
DMR Permits et al 2024,1515 VRAIN ST,Ground Water,39.747222,-104.997778,2022,12/31/2022,,,,,ng/L,1.6,0.67,,0.8,1.6,1.6,35,4.6,1.6,6.3,6.3,6.3,6.3,,,0,0,,36,1.6,1.6,29,0,0,,,,,,,0,1.6,,0,,0,0,1.6,0,1.6,1.6,,1.6,1.6,1.6,1.6,0,0,,0,0,0,
DMR Permits et al 2024,1515 VRAIN ST,Ground Water,39.747222,-104.997778,2023,01/31/2023,,,,,ng/L,1.5,5,,1.5,1.5,1.5,36,8.6,1.5,6,6,6,6,,,0,0,,39,1.5,1.5,29,0,0,,,,,,,0,1.5,,0,,0,0,1.5,0,1.5,1.5,,1.5,1.5,1.5,1.5,0,0,,0,0,0,
DMR Permits et al 2024,1515 VRAIN ST,Ground Water,39.747222,-104.997778,2023,02/28/2023,,,,,ng/L,1.5,17,,1.5,1.5,1.5,47,12,1.5,6.1,6.1,6.1,6.1,,,0,0,,48,1.5,7.2,33,0,0,,,,,,,0,1.5,,0,,0,0,1.5,0,1.5,1.5,,1.5,1.5,1.5,1.5,0,0,,0,0,0,
DMR Permits et al 2024,1515 VRAIN ST,Ground Water,39.747222,-104.997778,2023,03/31/2023,,,,,ng/L,1.5,12,,1.5,1.5,0.67,39,5.8,1.5,6,6,6,6,,,0,0,,54,1.5,1.4,45,0,0,,,,,,,0,1.5,,0,,0,0,1.5,0,1.5,1.5,,1.5,1.5,1.5,1.5,0,0,,0,0,0,
DMR Permits et al 2024,1515 VRAIN ST,Ground Water,39.747222,-104.997778,2023,04/30/2023,,,,,ng/L,1.5,8.1,,1.5,1.5,1.5,41,6.9,1.5,6.1,6.1,6.1,6.1,,,0,0,,44,1.5,1.8,32,0,0,,,,,,,0,1.5,,0,,0,0,1.5,0,1.5,1.5,,1.5,1.5,1.5,1.5,0,0,,0,0,0,
DMR Permits et al 2024,1515 VRAIN ST,Ground Water,39.747222,-104.997778,2023,05/31/2023,,,,,ng/L,1.5,15,,1.5,0.53,0.46,47,9.3,1.5,6.2,6.2,6.2,6.2,,,0,0,,46,1.5,4.8,33,0,0,,,,,,,0,1.5,,0,,0,0,1.5,0,1.5,1.5,,1.5,1.5,1.5,1.5,0,0,,0,0,0,
DMR Permits et al 2024,1515 VRAIN ST,Ground Water,39.747222,-104.997778,2023,06/30/2023,,,,,ng/L,1.5,1,,1.5,1.5,0.31,37,1.6,1.5,6.1,6.1,6.1,6.1,,,0,0,,58,1.5,1,41,0,0,,,,,,,0,1.5,,0,,0,0,1.5,0,1.5,1.5,,1.5,1.5,1.5,1.5,0,0,,0,0,0,
DMR Permits et al 2024,1515 VRAIN ST,Ground Water,39.747222,-104.997778,2023,07/31/2023,,,,,ng/L,1.8,3.4,,1.8,1.8,1.8,60,7,1.8,7.1,7.1,7.1,7.1,,,0,0,,54,1.8,1,34,0,0,,,,,,,0,1.8,,0,,0,0,1.8,0,1.8,1.8,,1.8,1.8,1.8,1.8,0,0,,0,0,0,
DMR Permits et al 2024,1515 VRAIN ST,Ground Water,39.747222,-104.997778,2023,08/31/2023,,,,,ng/L,2,1,,2,2,2,40,5,2,8.1,8.1,8.1,8.1,,,0,0,,41,2,1.7,33,0,0,,,,,,,0,2,,0,,0,0,2,0,2,2,,2,2,2,2,0,0,,0,0,0,
DMR Permits et al 2024,1515 VRAIN ST,Ground Water,39.747222,-104.997778,2023,10/31/2023,,,,,ng/L,1.9,1.9,,1.9,1.9,1.9,10,0.9,1.9,7.4,7.4,7.4,7.4,,,0,0,,36,1.9,2.6,15.95,0,0,,,,,,,0,1.9,,0,,0,0,1.9,0,1.9,1.9,,1.9,1.9,1.9,1.9,0,0,,0,0,0,
DMR Permits et al 2024,1515 VRAIN ST,Ground Water,39.747222,-104.997778,2023,11/30/2023,,,,,ng/L,1.9,1.9,,1.9,1.7,1.9,37,3.3,1.9,7.8,7.8,7.8,7.8,,,0,0,,34,1.9,1.1,32,0,0,,,,,,,0,0.81,,0,,0,0,1.9,0,1.9,1.9,,1.9,1.9,1.9,1.9,0,0,,0,0,0,
DMR Permits et al 2024,1515 VRAIN ST,Ground Water,39.747222,-104.997778,2023,12/31/2023,,,,,ng/L,0.98,0,,0.61,0,1.03,1.79,0,0.85,2.34,2.73,0,0,,,0,0,,6.29,1.27,0.98,29.15,0,0,,,,,,,0,0.91,,0,,0,0,1.13,0,0,0,,1.51,0.61,1.25,1.63,0,0,,0,0,0,
DMR Permits et al 2024,1515 VRAIN ST,Ground Water,39.747222,-104.997778,2024,01/31/2024,,,,,ng/L,0.98,0.74,,0.61,0.93,1.03,25.66,0.63,0.85,2.34,2.73,5.92,4.71,,,0,0,,28.17,1.27,15.53,16.97,0,0,,,,,,,0,0.91,,0,,0,0,1.13,0,1.6,0,,1.51,0.61,1.25,0,0,0,,0,0,0,
DMR Permits et al 2024,1515 VRAIN ST,Ground Water,39.747222,-104.997778,2024,01/31/2024,,,,,ng/L,0,0,,0,0,0,0,0,0,0,0,0,0,,,0,0,,0,0,0,0,0,0,,,,,,,0,0,,0,,0,0,0,0,0,0,,0,0,0,0,0,0,,0,0,0,
DMR Permits et al 2024,1515 VRAIN ST,Ground Water,39.747222,-104.997778,2024,02/29/2024,,,,,ng/L,0.98,3.77,,1.72,5.64,1.03,23.67,2.67,0.85,2.34,2.73,0,0,,,0,0,,26.7,1.27,1.73,34.67,0,0,,,,,,,0,1.84,,0,,0,0,1.13,0,1.6,0.64,,1.51,1.67,1.81,0,0,0,,0,0,0,
DMR Permits et al 2024,1515 VRAIN ST,Ground Water,39.747222,-104.997778,2024,02/29/2024,,,,,ng/L,0,0,,0,0,0,0,0,0,0,0,0,0,,,0,0,,0,0,0,0,0,0,,,,,,,0,0,,0,,0,0,0,0,0,0,,0,0,0,0,0,0,,0,0,0,
DMR Permits et al 2024,1515 VRAIN ST,Ground Water,39.747222,-104.997778,2024,03/31/2024,,,,,ng/L,0.98,51.45,,0.61,0.93,1.03,20.95,4.37,0.85,2.34,2.73,0,0,,,0,0,,21.72,1.27,1.37,23.94,0,0,,,,,,,0,0.91,,0,,0,0,0,0,1.6,0,,1.51,1.64,1.33,0,0,0,,0,0,0,
DMR Permits et al 2024,1515 VRAIN ST,Ground Water,39.747222,-104.997778,2024,03/31/2024,,,,,ng/L,0,0,,0,0,0,0,0,0,0,0,0,0,,,0,0,,0,0,0,0,0,0,,,,,,,0,0,,0,,0,0,0,0,0,0,,0,0,0,0,0,0,,0,0,0,
DMR Permits et al 2024,1515 VRAIN ST,Ground Water,39.747222,-104.997778,2024,04/30/2024,,,,,ng/L,0.98,396.515,,0.61,0,3.335,24.745,7.335,0.85,0,0,0,0,,,0,0,,24.1,3.355,18.125,26.385,0,0,,,,,,,0,0.91,,0,,0,0,1.13,0,1.6,0.64,,1.365,0.61,1.25,0,0,0,,0,0,0,
DMR Permits et al 2024,1515 VRAIN ST,Ground Water,39.747222,-104.997778,2024,04/30/2024,,,,,ng/L,0,0,,0,0,0,0,0,0,0,0,0,0,,,0,0,,0,0,0,0,0,0,,,,,,,0,0,,0,,0,0,0,0,0,0,,0,0,0,0,0,0,,0,0,0,
DMR Permits et al 2024,1515 VRAIN ST,Ground Water,39.747222,-104.997778,2024,05/31/2024,,,,,ng/L,0.98,474.45,,0.61,0,3.49,14.51,5.9,0.85,0,0,0,0,,,0,0,,18.49,3.13,12.28,27.64,0,0,,,,,,,0,0.91,,0,,0,0,1.13,0,0,0,,1.51,0.61,1.25,0,0,0,,0,0,0,
DMR Permits et al 2024,1515 VRAIN ST,Ground Water,40.004,-105.257,2024,05/31/2024,,,,,ng/L,0,0,,0,0,0,0,0,0,0,0,0,0,,,0,0,,0,0,0,0,0,0,,,,,,,0,0,,0,,0,0,0,0,0,0,,0,0,0,0,0,0,,0,0,0,
DMR Permits et al 2024,LOTUS,Ground Water,40.004,-105.257,2021,01/31/2021,,,,,ng/L,12,23,,4.9,4.4,3.2,24,10,0.33,0,0,0,0,,,0,0,,35,0.54,25,19,0,0,,,,,,,0,0,,0,,0,0,0,0,0,0,,0,0,0,3,0,0,,0,0,0,
DMR Permits et al 2024,LOTUS,Ground Water,40.004,-105.257,2021,02/28/2021,,,,,ng/L,0,0,,0,0,0,0,0,0,0,0,0,0,,,0,0,,1.4,0,0,18,0,0,,,,,,,0,0,,0,,0,0,0,0,0,0,,0,0,0,0,0,0,,0,0,0,
DMR Permits et al 2024,LOTUS,Ground Water,40.004,-105.257,2021,03/31/2021,,,,,ng/L,0,0,,0,0,0,0.66,0,0,0,0,0,0,,,0,0,,10,0,0,18,0,0,,,,,,,0,0,,0,,0,0,0,0,0,0,,0,0,0.85,0,0,0,,0,0,0,
DMR Permits et al 2024,LOTUS,Ground Water,40.004,-105.257,2021,04/30/2021,,,,,ng/L,2.8,23,,0,0.41,4.2,64,17,0,0,0,0,0,,,0,0,,72,0.57,13,41,0,0,,,,,,,0,0,,0,,0,0,0,0,0,0,,0,0,0,0,0,0,,0,0,0,
DMR Permits et al 2024,LOTUS,Ground Water,40.004,-105.257,2021,05/31/2021,,,,,ng/L,0,0,,0,0,0,1.9,0,0,0,0,0,0,,,0,0,,16,0,0,15,0,0,,,,,,,0,0,,0,,0,0,0,0,0,0,,0,0,0,0,0,0,,0,0,0,
DMR Permits et al 2024,LOTUS,Ground Water,40.004,-105.257,2021,06/30/2021,,,,,ng/L,0,0,,0,0,0,4.4,0,0,0,0,0,0,,,0,0,,36,0,0,19,0,0,,,,,,,0,0,,0,,0,0,0,0,0,0,,0,0,0,0,0,0,,0,0,0,
DMR Permits et al 2024,LOTUS,Ground Water,40.004,-105.257,2021,07/31/2021,,,,,ng/L,0.92,0,,0.34,0,0,8.7,0,0,0,0,0,0,,,0,0,,36,0,0,18,0,0,,,,,,,0,0,,0,,0,0,0,0,0,0,,0,0,0,0,0,0,,0,0,0,
DMR Permits et al 2024,LOTUS,Ground Water,40.004,-105.257,2021,08/31/2021,,,,,ng/L,0,0,,0,0,0,0,0.9,0,0,0,0,0,,,0,0,,0,0,0,6.2,0,0,,,,,,,0,0,,0,,0,0,0,0,0,0,,0,0,0,0,0,0,,0,0,0,
DMR Permits et al 2024,LOTUS,Ground Water,40.004,-105.257,2021,09/30/2021,,,,,ng/L,0,0,,0,0,0,0,0,0,0,0,8.4,0,,,0,0,,15,0,0,27,0,0,,,,,,,0,0,,0,,0,0,0,0,0,0,,0,0,0,0,0,0,,0,0,0,
DMR Permits et al 2024,LOTUS,Ground Water,40.004,-105.257,2021,10/31/2021,,,,,ng/L,120,0,,0,0,0,0,0,0.88,0,0,0,0,,,0,0,,16,0,0,13,0,0,,,,,,,0,0,,0,,0,0,0,0,0,0,,0,0,0,0,0,0,,0,0,0,
DMR Permits et al 2024,LOTUS,Ground Water,40.004,-105.257,2021,09/30/2021,,,,,ng/L,0,0,,0,0,0,0,0,0,0,0,0,0,,,0,0,,0,0,0,0,0,0,,,,,,,0,0,,0,,0,0,0,0,0,0,,0,0,0,0,0,0,,0,0,0,
DMR Permits et al 2024,LOTUS,Ground Water,40.004,-105.257,2021,11/30/2021,,,,,ng/L,0,0,,0,0,0,12,0,0,0,0,0,0,,,0,0,,19,0,0,15,0,0,,,,,,,0,0,,0,,0,0,0,0,0,0,,0,0,0,0,0,0,,0,0,0,
DMR Permits et al 2024,LOTUS,Ground Water,40.004,-105.257,2021,12/31/2021,,,,,ng/L,0,0,,0,0,0,17,0,0,0,0,0,0,,,0,0,,23,0,0,20,0,0,,,,,,,0,0,,0,,0,0,0,0,0,0,,0,0,0,0,0,0,,0,0,0,
DMR Permits et al 2024,LOTUS,Ground Water,40.004,-105.257,2022,01/31/2022,,,,,ng/L,0,0,,0,0,0,0,0,0,0,0,0,0,,,0,0,,16,0,0,14,0,0,,,,,,,0,0,,0,,0,0,0,0,0,0,,0,0,0,0,0,0,,0,0,0,
DMR Permits et al 2024,LOTUS,Ground Water,40.004,-105.257,2022,02/28/2022,,,,,ng/L,0,0,,0,0,0,1.7,0,0,0,0,0,0,,,0,0,,21,0,0,22,0,0,,,,,,,0,0,,0,,0,0,0,0,0,0,,0,0,0,0,0,0,,0,0,0,
DMR Permits et al 2024,LOTUS,Ground Water,40.004,-105.257,2022,03/31/2022,,,,,ng/L,0,0,,0,0,0,1.8,0,0,0,0,0,0,,,0,0,,26,0,0,27,0,0,,,,,,,0,0,,0,,0,0,0,0,0,0,,0,0,0,0,0,0,,0,0,0,
DMR Permits et al 2024,LOTUS,Ground Water,40.004,-105.257,2022,04/30/2022,,,,,ng/L,1,0,,0,0,0,1.9,0,0,0,0,0,0,,,0,0,,21,0,0,22,0,0,,,,,,,0,0,,0,,0,0,0,0,0,0,,0,0,0,2.5,0,0,,0,0,0,
DMR Permits et al 2024,LOTUS,Ground Water,40.004,-105.257,2022,05/31/2022,,,,,ng/L,0,0,,0,0,0,1.3,0,0,0,0,0,0,,,0,0,,19,0,0,21,0,0,,,,,,,0,0,,0,,0,0,0,0,0,0,,0,0,0,2.6,0,0,,0,0,0,
DMR Permits et al 2024,LOTUS,Ground Water,40.004,-105.257,2022,06/30/2022,,,,,ng/L,0,0,,0,0,0,0,0,0,0,0,0,0,,,0,0,,0,0,0,0,0,0,,,,,,,0,0,,0,,0,0,0,0,0,0,,0,0,0,0.94,0,0,,0,0,0,
DMR Permits et al 2024,LOTUS,Ground Water,40.004,-105.257,2022,08/31/2022,,,,,ng/L,0,0,,0,0,0,0,0,0,0,0,0,0,,,0,0,,4.8,0,0,17,0,0,,,,,,,0,0,,0,,0,0,0,0,0,0,,0,0,0,0,0,0,,0,0,0,
DMR Permits et al 2024,LOTUS,Ground Water,40.004,-105.257,2022,09/30/2022,,,,,ng/L,0,0,,0,0,0,0,0,0,3.3,0,0,0,,,0,0,,3.8,0,0,16,0,0,,,,,,,0,0,,0,,0,0,0,0,0,0,,0,0,0,1,0,0,,0,0,0,
DMR Permits et al 2024,LOTUS,Ground Water,40.004,-105.257,2022,10/31/2022,,,,,ng/L,0,0,,0,0,0,0,0,0,0,0,0,0,,,0,0,,7.9,0,0,20,0,0,,,,,,,0,0,,0,,0,0,0,0,0,0,,0,0,0,0,0,0,,0,0,0,
DMR Permits et al 2024,LOTUS,Ground Water,40.004,-105.257,2022,11/30/2022,,,,,ng/L,0,0,,0,0,0,0,0,0,0,0,0,0,,,0,0,,11,0,0,18,0,0,,,,,,,0,0,,0,,0,0,0,0,0,0,,0,0,0,1.1,0,0,,0,0,0,
DMR Permits et al 2024,LOTUS,Ground Water,40.004,-105.257,2022,12/31/2022,,,,,ng/L,0,0,,0,0,0,0,0,0,0,0,0,0,,,0,0,,4.3,0,0,15,0,0,,,,,,,0,0,,0,,0,0,0,0,0,0,,0,0,0,0,0,0,,0,0,0,
DMR Permits et al 2024,LOTUS,Ground Water,40.004,-105.257,2023,01/31/2023,,,,,ng/L,0,0,,0,0,0,0,0,0,0,0,0.62,0,,,0,0,,9.3,0,0,14,0,0,,,,,,,0,0,,0,,0,0,1.8,0,0,0,,0,0,0,0.45,0,0,,0,0,0,
DMR Permits et al 2024,LOTUS,Ground Water,40.004,-105.257,2023,02/28/2023,,,,,ng/L,0,0,,0,0,0,0,0,0,0,0,0,0,,,0,0,,0,0,0.33,0.82,0,0,,,,,,,0,0,,0,,0,0,0,0,0,0,,0,0,0,1.5,0,0,,0,0,0,
DMR Permits et al 2024,LOTUS,Ground Water,40.004,-105.257,2023,03/31/2023,,,,,ng/L,0,0,,0,0,0,0,0,0,0,0,0,0,,,0,0,,0,0,0,0,0,0,,,,,,,0,0,,0,,0,0,0,0,0,0,,0,0.55,0,0,0,0,,0,0,0,
DMR Permits et al 2024,LOTUS,Ground Water,40.004,-105.257,2023,04/30/2023,,,,,ng/L,0,0,,0,0,0,0,0,0,0,0,0,0,,,0,0,,3.2,0,0,16,0,0,,,,,,,0,0,,0,,0,0,0,0,0,0,,0,0,0,0.32,0,0,,0,0,0,
DMR Permits et al 2024,LOTUS,Ground Water,40.004,-105.257,2023,05/31/2023,,,,,ng/L,0,0,,0,0,0,0,0,0,0,0,2.7,0,,,0,0,,0,0,0,2.4,0,0,,,,,,,0,0,,0,,0,0,0,0,0,0,,0,0,0,13.13,0,0,,0,0,0,
DMR Permits et al 2024,LOTUS,Ground Water,40.004,-105.257,2023,06/30/2023,,,,,ng/L,0,0,,0,0,0,0.11,0,0,0,0,0,0,,,0,0,,2.3,0,0,12,0,0,,,,,,,0,0,,0,,0,0,0,0,0,0,,0,0,0,0.49,0,0,,0,0,0,
DMR Permits et al 2024,LOTUS,Ground Water,40.004,-105.257,2023,07/31/2023,,,,,ng/L,0,0,,0,0,0,0,0,0,0,0,0,0,,,0,0,,5.7,0,0,19,0,0,,,,,,,0,0,,0,,0,0,0,0,0,0,,0,0,0,0.55,0,0,,0,0,0,
DMR Permits et al 2024,LOTUS,Ground Water,40.004,-105.257,2023,08/31/2023,,,,,ng/L,0,0,,0,0,0,12,1.2,0,0,0,0,0,,,0,0,,16,0,0,25,0,0,,,,,,,0,0,,0,,0,0,0,0,0,0,,0,0,0,2.2,0,0,,0,0,0,
DMR Permits et al 2024,LOTUS,Ground Water,40.004,-105.257,2023,09/30/2023,,,,,ng/L,0,0,,0,0,0,2.1,0,0,0,0,0,0,,,0,0,,16,0,0.74,18,0,0,,,,,,,0,0,,0,,0,0,0,0,0,0,,0,0,0,0.48,0,0,,0,0,0,
DMR Permits et al 2024,LOTUS,Ground Water,40.004,-105.257,2023,10/31/2023,,,,,ng/L,0,0,,0,0,0,1.4,0,0,0,0,0,0,,,0,0,,12,0,0,12,0,0,,,,,,,0,0,,0,,0,0,0,0,0,0,,0,0,0,0,0,0,,0,0,0,
DMR Permits et al 2024,LOTUS,Ground Water,40.004,-105.257,2023,11/30/2023,,,,,ng/L,0,0,,0,0,0,1,0,0,0,0,0,0,,,0,0,,4.9,0,0,6.2,0,0,,,,,,,0,0,,0,,0,0,0,0,0,0,,0,0,0,0,0,0,,0,0,0,
DMR Permits et al 2024,LOTUS,Ground Water,40.004,-105.257,2023,12/31/2023,,,,,ng/L,0,0,,0,0,0,2.3,0,0,0,0,0,0,,,0,0,,8.9,0,0,13,0,0,,,,,,,0,0,,0,,0,0,0,0,0,0,,0,0,0,0,0,0,,0,0,0,
DMR Permits et al 2024,LOTUS,Ground Water,40.004,-105.257,2024,01/31/2024,,,,,ng/L,0,0,,0,0,0,0,0,0,0,0,0,0,,,0,0,,0,0,0,0,0,0,,,,,,,0,0,,0,,0,0,0,0,0,0,,0,0,0,0,0,0,,0,0,0,
DMR Permits et al 2024,LOTUS,Ground Water,40.004,-105.257,2024,01/31/2024,,,,,ng/L,0,0,,0,0,0,0,0,0,0,0,0,0,,,0,0,,0,0,0,0,0,0,,,,,,,0,0,,0,,0,0,0,0,0,0,,0,0,0,0,0,0,,0,0,0,
DMR Permits et al 2024,LOTUS,Ground Water,40.004,-105.257,2024,02/29/2024,,,,,ng/L,0,0,,0,0,0,0,0,0,0,0,0,0,,,0,0,,0,0,0,74,0,0,,,,,,,0,0,,0,,0,0,0,0,0,0,,0,0,0,0,0,0,,0,0,0,
DMR Permits et al 2024,LOTUS,Ground Water,40.004,-105.257,2024,02/29/2024,,,,,ng/L,0,0,,0,0,0,0,0,0,0,0,0,0,,,0,0,,0,0,0,0,0,0,,,,,,,0,0,,0,,0,0,0,0,0,0,,0,0,0,0,0,0,,0,0,0,
DMR Permits et al 2024,LOTUS,Ground Water,40.004,-105.257,2024,03/31/2024,,,,,ng/L,0,0,,0,0,0,0,0,0,0,0,0,0,,,0,0,,0.63,0,0,1.5,0,0,,,,,,,0,0,,0,,0,0,0,0,0,0,,0,0,0,0,0,0,,0,0,0,
DMR Permits et al 2024,LOTUS,Ground Water,40.004,-105.257,2024,03/31/2024,,,,,ng/L,0,0,,0,0,0,0,0,0,0,0,0,0,,,0,0,,0,0,0,0,0,0,,,,,,,0,0,,0,,0,0,0,0,0,0,,0,0,0,0,0,0,,0,0,0,
DMR Permits et al 2024,LOTUS,Ground Water,40.004,-105.257,2024,04/30/2024,,,,,ng/L,0,0,,0,0,0,0,0,0,0,0,0,0,,,0,0,,1.2,0,0,8.2,0,0,,,,,,,0,0,,0,,0,0,0,0,0,0,,0,0,0,0.48,0,0,,0,0,0,
DMR Permits et al 2024,LOTUS,Ground Water,40.004,-105.257,2024,04/30/2024,,,,,ng/L,0,0,,0,0,0,0,0,0,0,0,0,0,,,0,0,,0,0,0,0,0,0,,,,,,,0,0,,0,,0,0,0,0,0,0,,0,0,0,0,0,0,,0,0,0,
DMR Permits et al 2024,LOTUS,Ground Water,40.004,-105.257,2024,05/31/2024,,,,,ng/L,0,8.5,,0,0,0,1.1,0.27,0,0,0,0,0,,,0,0,,3,0,0.17,15,0,0,,,,,,,0,0,,0,,0,0,0,0,0,0,,0,0,0,0,0,0,,0,0,0,
DMR Permits et al 2024,LOTUS,Ground Water,40.02633,-105.25073,2024,05/31/2024,,,,,ng/L,0,0,,0,0,0,0,0,0,0,0,0,0,,,0,0,,0,0,0,0,0,0,,,,,,,0,0,,0,,0,0,0,0,0,0,,0,0,0,0,0,0,,0,0,0,
DMR Permits et al 2024,BOULDER COMMONS,Ground Water,40.02633,-105.25073,2021,02/28/2021,,,,,ng/L,0,0,,0,0,0,1.9,0,0,0,0,0,0,,,0,0,,1.9,0,0,3.3,0,0,,,,,,,0,0,,0,,0,0,0,0,0,0,,0,0,0,0,0,0,,0,0,0,
DMR Permits et al 2024,BOULDER COMMONS,Ground Water,40.02633,-105.25073,2021,03/31/2021,,,,,ng/L,0,0,,0,0,0,3.6,0,0,0,0,0,0,,,0,0,,4,0,1.4,4.9,0,0,,,,,,,0,0,,0,,0,0,0,0,0,0,,0,0,0,0,0,0,,0,0,0,
DMR Permits et al 2024,BOULDER COMMONS,Ground Water,40.02633,-105.25073,2021,05/31/2021,,,,,ng/L,1.4,2,,0,0,0,15.4,2.8,0,0,0,2.1,0,,,0,0,,26,0,3.2,15.6,0,0,,,,,,,0,0,,0,,0,0,0,0,0,0,,0,0,0,0,0,0,,0,0,0,
DMR Permits et al 2024,BOULDER COMMONS,Ground Water,40.02633,-105.25073,2021,06/30/2021,,,,,ng/L,0,1.6,,0,0,0,5.5,1.5,0,0,0,0,0,,,0,0,,11.4,0,1.8,14.5,0,0,,,,,,,0,0,,0,,0,0,0,0,0,0,,0,0,0,0,0,0,,0,0,0,
DMR Permits et al 2024,BOULDER COMMONS,Ground Water,40.02633,-105.25073,2021,07/31/2021,,,,,ng/L,0,3.3,,0,0,0,10.6,3.6,0,0,0,0,0,,,0,0,,18.2,0,4,15.4,0,0,,,,,,,0,0,,0,,0,0,0,0,0,0,,0,0,0,0,0,0,,0,0,0,
DMR Permits et al 2024,BOULDER COMMONS,Ground Water,40.02633,-105.25073,2021,08/31/2021,,,,,ng/L,0,3.6,,0,0,0,13.4,4.2,0,0,0,0,0,,,0,0,,18.7,0,5.9,18,0,0,,,,,,,0,0,,0,,0,0,0,0,0,0,,0,0,0,0,0,0,,0,0,0,
DMR Permits et al 2024,BOULDER COMMONS,Ground Water,40.02633,-105.25073,2022,05/31/2022,,,,,ng/L,0,4.7,,0,0,0,12.1,3.9,0,0,0,0,0,,,0,0,,21.1,0,4,12.3,0,0,,,,,,,0,0,,0,,0,0,0,0,0,0,,0,0,0,0,0,0,,0,0,0,
DMR Permits et al 2024,BOULDER COMMONS,Ground Water,40.02633,-105.25073,2022,06/30/2022,,,,,ng/L,0,6,,0,0,0,13.9,4.4,0,0,0,0,0,,,0,0,,25,0,5,15.3,0,0,,,,,,,0,0,,0,,0,0,0,0,0,0,,0,0,0,0,0,0,,0,0,0,
DMR Permits et al 2024,BOULDER COMMONS,Ground Water,40.02633,-105.25073,2022,07/31/2022,,,,,ng/L,0,5.2,,0,0,0,10.2,3.4,0,0,0,0,0,,,0,0,,16.8,0,4.3,13.5,0,0,,,,,,,0,0,,0,,0,0,0,0,0,0,,0,0,0,0,0,0,,0,0,0,
DMR Permits et al 2024,BOULDER COMMONS,Ground Water,40.02633,-105.25073,2022,08/31/2022,,,,,ng/L,0,5.6,,0,0,0,9.1,3.7,0,0,0,0,0,,,0,0,,17.4,0,4.6,16.1,0,0,,,,,,,0,0,,0,,0,0,0,0,0,0,,0,0,0,0,0,0,,0,0,0,
DMR Permits et al 2024,BOULDER COMMONS,Ground Water,40.02633,-105.25073,2022,09/30/2022,,,,,ng/L,0,7.3,,0,0,0,10.9,3.9,0,0,0,0,0,,,0,0,,21.2,0,5.1,14.7,0,0,,,,,,,0,0,,0,,0,0,0,0,0,0,,0,0,0,0,0,0,,0,0,0,
DMR Permits et al 2024,BOULDER COMMONS,Ground Water,40.02633,-105.25073,2022,10/31/2022,,,,,ng/L,0,7.9,,0,0,0,12.1,4.2,0,0,0,0,0,,,0,0,,21.8,0,5.5,15.6,0,0,,,,,,,0,0,,0,,0,0,0,0,0,0,,0,0,0,0,0,0,,0,0,0,
DMR Permits et al 2024,BOULDER COMMONS,Ground Water,40.02633,-105.25073,2023,05/31/2023,,,,,ng/L,0,13,,0,0,0,31,8.1,0,0,0,0,0,,,0,0,,44,0,5.7,21,0,0,,,,,,,0,0,,0,,0,0,0,0,0,0,,0,0,0,0,0,0,,0,0,0,
DMR Permits et al 2024,BOULDER COMMONS,Ground Water,40.02633,-105.25073,2023,06/30/2023,,,,,ng/L,0,14,,0,0,0,23,6.8,0,0,0,0,0,,,0,0,,35,0,7.7,18,0,0,,,,,,,0,0,,0,,0,0,0,0,0,0,,0,0,0,0,0,0,,0,0,0,
DMR Permits et al 2024,BOULDER COMMONS,Ground Water,40.02633,-105.25073,2023,07/31/2023,,,,,ng/L,0,12,,0,0,0,17,5.5,0,0,0,0,0,,,0,0,,30,0,9.1,22,0,0,,,,,,,0,0,,0,,0,0,0,0,0,0,,0,0,0,0,0,0,,0,0,0,
DMR Permits et al 2024,BOULDER COMMONS,Ground Water,40.02633,-105.25073,2023,08/31/2023,,,,,ng/L,0,9.9,,0,0,0,15,4.7,0,0,0,0,0,,,0,0,,28,0,7.9,25,0,0,,,,,,,0,0,,0,,0,0,0,0,0,0,,0,0,0,0,0,0,,0,0,0,
DMR Permits et al 2024,BOULDER COMMONS,Ground Water,40.02633,-105.25073,2024,04/30/2024,,,,,ng/L,0,9.1,,0,0,0,17.5,5,0,0,0,0,0,,,0,0,,30.2,0,6.5,17.1,0,0,,,,,,,0,0,,0,,0,0,0,0,0,0,,0,0,0,0,0,0,,0,0,0,
DMR Permits et al 2024,BOULDER COMMONS,Ground Water,40.02633,-105.25073,2024,04/30/2024,,,,,ng/L,0,0,,0,0,0,0,0,0,0,0,0,0,,,0,0,,0,0,0,0,0,0,,,,,,,0,0,,0,,0,0,0,0,0,0,,0,0,0,0,0,0,,0,0,0,
DMR Permits et al 2024,BOULDER COMMONS,Ground Water,40.02633,-105.25073,2024,05/31/2024,,,,,ng/L,0,11.6,,0,0,1.5,16.4,5.8,0,0,0,0,0,,,0,0,,25.5,0,8.1,15.3,0,0,,,,,,,0,0,,0,,0,0,0,0,0,0,,0,0,0,0,0,0,,0,0,0,
DMR Permits et al 2024,BOULDER COMMONS,Ground Water,39.745864,-104.992497,2024,05/31/2024,,,,,ng/L,0,0,,0,0,0,0,0,0,0,0,0,0,,,0,0,,0,0,0,0,0,0,,,,,,,0,0,,0,,0,0,0,0,0,0,,0,0,0,0,0,0,,0,0,0,
DMR Permits et al 2024,ARTIS HRA HUDSONS BAY,Ground Water,39.745864,-104.992497,2022,09/30/2022,,,,,ng/L,0,0,,0,0,0,0,0,0,0,0,0,0,,,0,0,,0,0,0,0,0,0,,,,,,,0,0,,0,,0,0,0,0,0,0,,0,0,0,0,0,0,,0,0,0,
DMR Permits et al 2024,ARTIS HRA HUDSONS BAY,Ground Water,39.745864,-104.992497,2022,09/30/2022,,,,,ng/L,39.2,29.4,,0,3.7,8,47.1,21.2,0,0,0,0,0,,,0,0,,76.9,0,15.6,23.6,0,0,,,,,,,0,0,,0,,0,0,0,0,0,0,,0,0,0,0,0,0,,0,0,0,
DMR Permits et al 2024,ARTIS HRA HUDSONS BAY,Ground Water,39.745864,-104.992497,2022,08/31/2022,,,,,ng/L,0,0,,0,0,0,0,0,0,0,0,0,0,,,0,0,,0,0,0,0,0,0,,,,,,,0,0,,0,,0,0,0,0,0,0,,0,0,0,0,0,0,,0,0,0,
DMR Permits et al 2024,ARTIS HRA HUDSONS BAY,Ground Water,39.745864,-104.992497,2022,10/31/2022,,,,,ng/L,34.4,35.9,,3.2,4.2,8.5,55.7,23.9,0.9,0,0,0,0,,,0,0,,83.4,1,17.6,29.6,0,0,,,,,,,0,0,,0,,0,0,0,0,0,0,,0,0,0,0,0,0,,0,0,0,
DMR Permits et al 2024,ARTIS HRA HUDSONS BAY,Ground Water,39.745864,-104.992497,2022,11/30/2022,,,,,ng/L,27,33,,0,4.1,12,48,22,0,0,0,0,0,,,0,0,,75,0,18,27,0,0,,,,,,,0,0,,0,,0,0,0,0,0,0,,0,0,0,0,0,0,,0,0,0,
DMR Permits et al 2024,ARTIS HRA HUDSONS BAY,Ground Water,39.745864,-104.992497,2022,12/31/2022,,,,,ng/L,24,33,,3.2,3.7,10,62,26,0.57,0,0,0,0,,,0,0,,93,0.86,19,27,0,0,,,,,,,0,0,,0,,0,0,0,0,0,0,,0,0,0,0,0,0,,0,0,0,
DMR Permits et al 2024,ARTIS HRA HUDSONS BAY,Ground Water,39.745864,-104.992497,2023,01/31/2023,,,,,ng/L,30,39,,3.2,3.7,18,53,24,0.8,0,0,0,0,,,0,0,,74,1.2,18,26,0,0,,,,,,,0,0,,0,,0,0,0,0,0,0,,0,0,0,0,0,0,,0,0,0,
DMR Permits et al 2024,ARTIS HRA HUDSONS BAY,Ground Water,39.745864,-104.992497,2023,02/28/2023,,,,,ng/L,160,49,,17,15,13,19,16,1.5,0,0,0,0,,,0,0,,26,0,3.6,8.9,0,0,,,,,,,0,0,,0,,0,0,0,0,0,0,,0,0,0,0,0,0,,0,0,0,
DMR Permits et al 2024,ARTIS HRA HUDSONS BAY,Ground Water,39.745864,-104.992497,2023,03/31/2023,,,,,ng/L,130,100,,5.2,15,33,71,48,3,0,0,0,0,,,0,0,,84,0,20,29,0,0,,,,,,,0,0,,0,,0,0,0,0,0,0,,0,0,0,0.75,0,0,,0,0,0,
DMR Permits et al 2024,ARTIS HRA HUDSONS BAY,Ground Water,39.745864,-104.992497,2023,04/30/2023,,,,,ng/L,62,72,,4.9,8.6,17,69,32,0,0,0,0,0,,,0,0,,80,0,21,29,0,0,,,,,,,0,0,,0,,0,0,0,0,0,0,,0,0,0,0,0,0,,0,0,0,
DMR Permits et al 2024,ARTIS HRA HUDSONS BAY,Ground Water,39.745864,-104.992497,2023,05/31/2023,,,,,ng/L,48,49,,5.1,6.6,14,54,27,0,0,0,0,0,,,0,0,,79,0,17,26,0,0,,,,,,,0,0,,0,,0,0,0,0,0,0,,0,0,0,0,0,0,,0,0,0,
DMR Permits et al 2024,ARTIS HRA HUDSONS BAY,Ground Water,39.745864,-104.992497,2023,06/30/2023,,,,,ng/L,66,54,,5.9,7.6,14,61,31,0,0,0,0,0,,,0,0,,87,0,20,28,0,0,,,,,,,0,0,,0,,0,0,0,0,0,0,,0,0,0,0,0,0,,0,0,0,
DMR Permits et al 2024,ARTIS HRA HUDSONS BAY,Ground Water,39.745864,-104.992497,2023,07/31/2023,,,,,ng/L,70,79,,6.7,9.7,16,82,45,0,0,0,0,0,,,0,0,,110,0,23,36,0,0,,,,,,,0,0,,0,,0,0,0,0,0,0,,0,0,0,0,0,0,,0,0,0,
DMR Permits et al 2024,ARTIS HRA HUDSONS BAY,Ground Water,39.745864,-104.992497,2023,08/31/2023,,,,,ng/L,65,71,,6.2,9.4,13,68,40,0,0,0,0,0,,,0,0,,88,0,20,29,0,0,,,,,,,0,0,,0,,0,0,0,0,0,0,,0,0,0,0,0,0,,0,0,0,
DMR Permits et al 2024,ARTIS HRA HUDSONS BAY,Ground Water,39.745864,-104.992497,2023,09/30/2023,,,,,ng/L,66,60,,5.8,7.3,10,66,32,0,0,0,0,0,,,0,0,,85,0,19,27,0,0,,,,,,,0,0,,0,,0,0,0,0,0,0,,0,0,0,0,0,0,,0,0,0,
DMR Permits et al 2024,ARTIS HRA HUDSONS BAY,Ground Water,39.745864,-104.992497,2023,10/31/2023,,,,,ng/L,47,34,,4.8,6.2,11,48,25,0,0,0,0,0,,,0,0,,66,0,18,24,0,0,,,,,,,0,0,,0,,0,0,0,0,0,0,,0,0,0,0,0,0,,0,0,0,
DMR Permits et al 2024,ARTIS HRA HUDSONS BAY,Ground Water,39.745864,-104.992497,2023,11/30/2023,,,,,ng/L,0,0,,0,0,0,0,0,0,0,0,0,0,,,0,0,,0,0,0,0,0,0,,,,,,,0,0,,0,,0,0,0,0,0,0,,0,0,0,0,0,0,,0,0,0,
DMR Permits et al 2024,ARTIS HRA HUDSONS BAY,Ground Water,39.745864,-104.992497,2023,12/31/2023,,,,,ng/L,31,29,,3.6,3.7,16,46,25,0,0,0,0,0,,,0,0,,65,0,18,24,0,0,,,,,,,0,0,,0,,0,0,0,0,0,0,,0,0,0,0,0,0,,0,0,0,
DMR Permits et al 2024,ARTIS HRA HUDSONS BAY,Ground Water,39.745864,-104.992497,2024,01/31/2024,,,,,ng/L,25.58,44.26,,0,0,15.89,45.2,19.39,0.86,0,0,0,0,,,0,0,,68.41,0,19.28,27.42,0,0,,,,,,,0,0,,0,,0,0,0,0,0,0,,0,0,0,0,0,0,,0,0,0,
DMR Permits et al 2024,ARTIS HRA HUDSONS BAY,Ground Water,39.745864,-104.992497,2024,02/29/2024,,,,,ng/L,1.78,2.25,,1.37,3.49,0,0.98,1.3,0,0,0,0,0,,,0,0,,1.38,0,0,0,0,0,,,,,,,0,0.97,,0,,0,0,0,0,0,0,,0,1.58,1.61,0,0,0,,0,0,0,
DMR Permits et al 2024,ARTIS HRA HUDSONS BAY,Ground Water,39.745864,-104.992497,2024,02/29/2024,,,,,ng/L,0,0,,0,0,0,0,0,0,0,0,0,0,,,0,0,,0,0,0,0,0,0,,,,,,,0,0,,0,,0,0,0,0,0,0,,0,0,0,0,0,0,,0,0,0,
DMR Permits et al 2024,ARTIS HRA HUDSONS BAY,Ground Water,39.745864,-104.992497,2024,03/31/2024,,,,,ng/L,0,0,,0,0,0,0,0,0,0,0,0,0,,,0,0,,0,0,0,0,0,0,,,,,,,0,0,,0,,0,0,0,0,0,0,,0,1.47,0,0,0,0,,0,0,0,
DMR Permits et al 2024,ARTIS HRA HUDSONS BAY,Ground Water,39.745864,-104.992497,2024,03/31/2024,,,,,ng/L,0,0,,0,0,0,0,0,0,0,0,0,0,,,0,0,,0,0,0,0,0,0,,,,,,,0,0,,0,,0,0,0,0,0,0,,0,0,0,0,0,0,,0,0,0,
DMR Permits et al 2024,ARTIS HRA HUDSONS BAY,Ground Water,39.745864,-104.992497,2024,04/30/2024,,,,,ng/L,0,0,,0,0,0,0,0,0,0,0,0,0,,,0,0,,0,0,0,25.9,0,0,,,,,,,0,0,,0,,0,0,0,0,0,0,,0,0,0,0,0,0,,0,0,0,
DMR Permits et al 2024,ARTIS HRA HUDSONS BAY,Ground Water,39.745864,-104.992497,2024,04/30/2024,,,,,ng/L,0,0,,0,0,0,0,0,0,0,0,0,0,,,0,0,,0,0,0,0,0,0,,,,,,,0,0,,0,,0,0,0,0,0,0,,0,0,0,0,0,0,,0,0,0,
DMR Permits et al 2024,ARTIS HRA HUDSONS BAY,Ground Water,39.745864,-104.992497,2024,05/31/2024,,,,,ng/L,0,0,,0,0,0,0,0,0,0,0,0,0,,,0,0,,4.9,0,0,43.27,0,0,,,,,,,0,0,,0,,0,0,0,0,0,0,,0,0,0,0,0,0,,0,0,0,
DMR Permits et al 2024,ARTIS HRA HUDSONS BAY,Ground Water,39.745864,-104.992497,2024,05/31/2024,,,,,ng/L,0,0,,0,0,0,0,0,0,0,0,0,0,,,0,0,,0,0,0,0,0,0,,,,,,,0,0,,0,,0,0,0,0,0,0,,0,0,0,0,0,0,,0,0,0,
DMR Permits et al 2024,ARTIS HRA HUDSONS BAY,Ground Water,39.753222,-104.996667,2021,12/31/2021,,,,,ng/L,0,0,,0,0,0,0,0,0,0,0,0,0,,,0,0,,0,0,0,0,0,0,,,,,,,0,0,,0,,0,0,0,0,0,0,,0,0,0,0,0,0,,0,0,0,
DMR Permits et al 2024,Z BLOCK,Ground Water,39.753222,-104.996667,2021,02/28/2021,,,,,ng/L,0,0,,0,0,0,0,0,0,0,0,0,0,,,0,0,,0.69,0,0,8.1,0,0,,,,,,,0,0,,0,,0,0,0,0,0,0,,0,0,0,0.96,0,0,,0,0,0,
DMR Permits et al 2024,Z BLOCK,Ground Water,39.753222,-104.996667,2021,03/31/2021,,,,,ng/L,0,0,,0,0,0,0,0,0,0,0,0,0,,,0,0,,0,0,0,8.1,0,0,,,,,,,0,0,,0,,0,0,0,0,0,0,,0,0,0,0,0,0,,0,0,0,
DMR Permits et al 2024,Z BLOCK,Ground Water,39.753222,-104.996667,2021,04/30/2021,,,,,ng/L,0,0,,0,0,0,0,0,0,0,0,0,0,,,0,0,,0,0,0,11,0,0,,,,,,,0,0,,0,,0,0,0,0,0,0,,0,0,0,0,0,0,,0,0,0,
DMR Permits et al 2024,Z BLOCK,Ground Water,39.753222,-104.996667,2021,05/31/2021,,,,,ng/L,0,0,,0,0,0,0,0,0,0,0,0,0,,,0,0,,0.49,0,0,14,0,0,,,,,,,0,0,,0,,0,0,0,0,0,0,,0,0,0,0,0,0,,0,0,0,
DMR Permits et al 2024,Z BLOCK,Ground Water,39.753222,-104.996667,2021,06/30/2021,,,,,ng/L,0,0,,0,0,0,0,0,0,0,0,0,0,,,0,0,,0,0,0,14,0,0,,,,,,,0,0,,0,,0,0,0,0,0,0,,0,0,0,0,0,0,,0,0,0,
DMR Permits et al 2024,Z BLOCK,Ground Water,39.753222,-104.996667,2021,07/31/2021,,,,,ng/L,0,0,,0,0,0,0,0,0,0,0,0,0,,,0,0,,0.84,0,0,15,0,0,,,,,,,0,0,,0,,0,0,0,0,0,0,,0,0,0,1.1,0,0,,0,0,0,
DMR Permits et al 2024,Z BLOCK,Ground Water,39.753222,-104.996667,2021,08/31/2021,,,,,ng/L,0,0,,0,0,0,0,0,0,0,0,0,0,,,0,0,,1.2,0,0,22,0,0,,,,,,,0,0,,0,,0,0,0,0,0,0,,0,0,0,0.9,0,0,,0,0,0,
DMR Permits et al 2024,Z BLOCK,Ground Water,39.753222,-104.996667,2021,09/30/2021,,,,,ng/L,0,0,,0,0,0,0,0,0,0,0,0,0,,,0,0,,1.4,0,0,18,0,0,,,,,,,0,0,,0,,0,0,0,0,0,0,,0,0,0,0,0,0,,0,0,0,
DMR Permits et al 2024,Z BLOCK,Ground Water,39.753222,-104.996667,2021,10/31/2021,,,,,ng/L,0,0,,0,0,0,0,0,0,0,0,0,0,,,0,0,,0,0,0,19,0,0,,,,,,,0,0,,0,,0,0,0,0,0,0,,0,0,0,0,0,0,,0,0,0,
DMR Permits et al 2024,Z BLOCK,Ground Water,39.753222,-104.996667,2021,11/30/2021,,,,,ng/L,0,0,,0,0,0,0,0,0,0,0,0,0,,,0,0,,1.4,0,0,19,0,0,,,,,,,0,0,,0,,0,0,0,0,0,0,,0,0,0,0,0,0,,0,0,0,
DMR Permits et al 2024,Z BLOCK,Ground Water,39.753222,-104.996667,2021,12/31/2021,,,,,ng/L,0,0,,0,0,0,0,0,0,0,0,0,0,,,0,0,,0.57,0,0,17,0,0,,,,,,,0,0,,0,,0,0,0,0,0,0,,0,0,0,0,0,0,,0,0,0,
DMR Permits et al 2024,Z BLOCK,Ground Water,39.753222,-104.996667,2022,01/31/2022,,,,,ng/L,0,0,,0,0,0,0,0,0,0,0,0,0,,,0,0,,0.86,0,0,5.5,0,0,,,,,,,0,0,,0,,0,0,0,0,0,0,,0,0,0.8,0,0,0,,0,0,0,
DMR Permits et al 2024,Z BLOCK,Ground Water,39.753222,-104.996667,2022,02/28/2022,,,,,ng/L,0,0,,0,0,0,0,0,0,0,0,0,0,,,0,0,,0,0,0,18,0,0,,,,,,,0,0,,0,,0,0,0,0,0,0,,0,0,0,0,0,0,,0,0,0,
DMR Permits et al 2024,Z BLOCK,Ground Water,39.753222,-104.996667,2022,03/31/2022,,,,,ng/L,0,0,,0,0,0,0,0,0,0,0,0,0,,,0,0,,1.9,0,0,27,0,0,,,,,,,0,0,,0,,0,0,0,0,0,0,,0,0,0,0,0,0,,0,0,0,
DMR Permits et al 2024,Z BLOCK,Ground Water,39.753222,-104.996667,2022,04/30/2022,,,,,ng/L,0,0,,0,0,0,0,1,0,0,0,0,0,,,0,0,,0.97,0,0,27,0,0,,,,,,,0,0,,0,,0,0,0,0,0,0,,0,0,0,0.9,0,0,,0,0,0,
DMR Permits et al 2024,Z BLOCK,Ground Water,39.753222,-104.996667,2022,05/31/2022,,,,,ng/L,0,0,,0,0,0,0.55,0,0,0,0,0,0,,,0,0,,2,0,0,28,0,0,,,,,,,0,0,,0,,0,0,0,0,0,0,,0,0,0,0,0,0,,0,0,0,
DMR Permits et al 2024,Z BLOCK,Ground Water,39.753222,-104.996667,2022,06/30/2022,,,,,ng/L,0,0,,0,0,0,0,0,0,0,0,0,0,,,0,0,,1.5,0,0,34,0,0,,,,,,,0,0,,0,,0,0,0,0,0,0,,0,0,0,0,0,0,,0,0,0,
DMR Permits et al 2024,Z BLOCK,Ground Water,39.753222,-104.996667,2022,07/31/2022,,,,,ng/L,0,0,,0,0,0,0,0,0,0,0,0,0,,,0,0,,2.5,0,0,35,0,0,,,,,,,0,0,,0,,0,0,0,0,0,0,,0,0,0,0,0,0,,0,0,0,
DMR Permits et al 2024,Z BLOCK,Ground Water,39.753222,-104.996667,2022,08/31/2022,,,,,ng/L,0,0,,0,0,0,0.73,0,0,0,0,0,0,,,0,0,,3.4,0,0,38,0,0,,,,,,,0,0,,0,,0,0,0,0,0,0,,0,0,0,0,0,0,,0,0,0,
DMR Permits et al 2024,Z BLOCK,Ground Water,39.753222,-104.996667,2022,09/30/2022,,,,,ng/L,0,0,,0,0,0,0,0,0,0,0,0,0,,,0,0,,0,0,0,0,0,0,,,,,,,0,0,,0,,0,0,0,0,0,0,,0,0,0,0,0,0,,0,0,0,
DMR Permits et al 2024,Z BLOCK,Ground Water,39.753222,-104.996667,2022,11/30/2022,,,,,ng/L,0,0,,0,0,0,0,0,0,0,0,0,0,,,0,0,,0,0,0,0,0,0,,,,,,,0,0,,0,,0,0,0,0,0,0,,0,0,0,0,0,0,,0,0,0,
DMR Permits et al 2024,Z BLOCK,Ground Water,39.753222,-104.996667,2022,12/31/2022,,,,,ng/L,0,0,,0,0,0,0,0,0,0,0,0,0,,,0,0,,0,0,0,0,0,0,,,,,,,0,0,,0,,0,0,0,0,0,0,,0,0,0,0,0,0,,0,0,0,
DMR Permits et al 2024,Z BLOCK,Ground Water,39.753222,-104.996667,2022,10/31/2022,,,,,ng/L,0,0,,0,0,0,0,0,0,0,0,0,0,,,0,0,,0,0,0,0,0,0,,,,,,,0,0,,0,,0,0,0,0,0,0,,0,0,1.8,0,0,0,,0,0,0,
DMR Permits et al 2024,Z BLOCK,Ground Water,39.753222,-104.996667,2022,12/31/2022,,,,,ng/L,0,0,,0,0,0,0,0,0,0,0,0,0,,,0,0,,0,0,0,4.6,0,0,,,,,,,0,0,,0,,0,0,0,0,0,0,,0,0,3.8,6.3,0,0,,0,0,0,
DMR Permits et al 2024,Z BLOCK,Ground Water,39.753222,-104.996667,2023,01/31/2023,,,,,ng/L,0,0,,0,0,0,0,0,0,0,0,0,0,,,0,0,,0,0,0,2.8,0,0,,,,,,,0,0,,0,,0,0,0,0,0,0,,0,0,0,0,0,0,,0,0,0,
DMR Permits et al 2024,Z BLOCK,Ground Water,39.753222,-104.996667,2023,02/28/2023,,,,,ng/L,0,1.9,,1.2,0,0,0.83,0.44,0,0,0,8.1,0,,,0,0,,0.9,0,0,3.8,0,0,,,,,,,0,0,,0,,0,0,0,0,0,0.73,,0,0,2,0.93,0,0,,0,0,0,
DMR Permits et al 2024,Z BLOCK,Ground Water,39.753222,-104.996667,2023,03/31/2023,,,,,ng/L,0,0,,0,0,0,0,0,0,0,0,0,0,,,0,0,,0,0,0,1.4,0,0,,,,,,,0,0,,0,,0,0,0,0,0,0,,0,0,0,0,0,0,,0,0,0,
DMR Permits et al 2024,Z BLOCK,Ground Water,39.753222,-104.996667,2023,04/30/2023,,,,,ng/L,0,0,,0,0,0,0,0,0,0,0,0,0,,,0,0,,0,0,0,0,0,0,,,,,,,0,0,,0,,0,0,0,0,0,0,,0,0,0,0,0,0,,0,0,0,
DMR Permits et al 2024,Z BLOCK,Ground Water,39.753222,-104.996667,2023,04/30/2023,,,,,ng/L,0,0,,0,0,0,0,0,0,0,0,0,0,,,0,0,,0,0,0,12,0,0,,,,,,,0,0,,0,,0,0,0,0,0,0,,0,0,0,0,0,0,,0,0,0,
DMR Permits et al 2024,Z BLOCK,Ground Water,39.753222,-104.996667,2023,06/30/2023,,,,,ng/L,0,0,,0,0,0,0,0,0,0,0,0,0,,,0,0,,0,0,0,0,0,0,,,,,,,0,0,,0,,0,0,0,0,0,0,,0,0,0,0,0,0,,0,0,0,
DMR Permits et al 2024,Z BLOCK,Ground Water,39.753222,-104.996667,2023,07/31/2023,,,,,ng/L,0,0,,0,0,0,0,0,0,0,0,0,0,,,0,0,,0,0,0,4.7,0,0,,,,,,,0,0,,0,,0,0,0,0,0,0,,0,0,0,0,0,0,,0,0,0,
DMR Permits et al 2024,Z BLOCK,Ground Water,39.753222,-104.996667,2023,08/31/2023,,,,,ng/L,0,0,,0,0,0,0,0,0,0,0,0,0,,,0,0,,0,0,0,0,0,0,,,,,,,0,0,,0,,0,0,0,0,0,0,,0,0,0,0,0,0,,0,0,0,
DMR Permits et al 2024,Z BLOCK,Ground Water,39.753222,-104.996667,2023,09/30/2023,,,,,ng/L,0,0,,0,0,0,0,0,0,0,0,0,0,,,0,0,,0,0,0,0,0,0,,,,,,,0,0,,0,,0,0,0,0,0,0,,0,0,0,0,0,0,,0,0,0,
DMR Permits et al 2024,Z BLOCK,Ground Water,39.753222,-104.996667,2023,10/31/2023,,,,,ng/L,0,0,,0,0,0,0,0,0,0,0,0,0,,,0,0,,0,0,0,0,0,0,,,,,,,0,0,,0,,0,0,0,0,0,0,,0,0,0,0,0,0,,0,0,0,
DMR Permits et al 2024,Z BLOCK,Ground Water,39.753222,-104.996667,2023,11/30/2023,,,,,ng/L,0,0,,0,0,0,0,0,0,0,0,0,0,,,0,0,,0,0,0,0,0,0,,,,,,,0,0,,0,,0,0,0,0,0,0,,0,0,0,0,0,0,,0,0,0,
DMR Permits et al 2024,Z BLOCK,Ground Water,39.753222,-104.996667,2023,12/31/2023,,,,,ng/L,0,0,,0,0,0,0,0,0,0,0,0,0,,,0,0,,0,0,0,0,0,0,,,,,,,0,0,,0,,0,0,0,0,0,0,,0,0,0,0,0,0,,0,0,0,
DMR Permits et al 2024,Z BLOCK,Ground Water,39.753222,-104.996667,2024,01/31/2024,,,,,ng/L,0,0,,0,0,0,0,0,0,0,0,0,0,,,0,0,,0,0,0,0,0,0,,,,,,,0,0,,0,,0,0,0,0,0,0,,0,0,0,0,0,0,,0,0,0,
DMR Permits et al 2024,Z BLOCK,Ground Water,39.753222,-104.996667,2024,02/29/2024,,,,,ng/L,0,1.75,,1.17,2.18,0,1.12,1.37,0,0,0,0,0,,,0,0,,1.56,0,0,12.76,0,0,,,,,,,0,0.94,,0,,0,0,0,0,0,0,,0,1.31,1.53,0,0,0,,0,0,0,
DMR Permits et al 2024,Z BLOCK,Ground Water,39.753222,-104.996667,2024,02/29/2024,,,,,ng/L,0,0,,0,0,0,0,0,0,0,0,0,0,,,0,0,,0,0,0,0,0,0,,,,,,,0,0,,0,,0,0,0,0,0,0,,0,0,0,0,0,0,,0,0,0,
DMR Permits et al 2024,Z BLOCK,Ground Water,39.753222,-104.996667,2024,03/31/2024,,,,,ng/L,0,0,,1.49,0,0,0.82,1.03,0,0,0,0,0,,,0,0,,0,0,0,6.26,0,0,,,,,,,0,0,,0,,0,0,0,0,0,0,,0,1.7,1.76,0,0,0,,0,0,0,
DMR Permits et al 2024,Z BLOCK,Ground Water,39.753222,-104.996667,2024,03/31/2024,,,,,ng/L,0,0,,0,0,0,0,0,0,0,0,0,0,,,0,0,,0,0,0,0,0,0,,,,,,,0,0,,0,,0,0,0,0,0,0,,0,0,0,0,0,0,,0,0,0,
DMR Permits et al 2024,Z BLOCK,Ground Water,39.753222,-104.996667,2024,04/30/2024,,,,,ng/L,0,0,,0,0,0,0,0,0,0,0,0,0,,,0,0,,0,0,0,7.12,0,0,,,,,,,0,0,,0,,0,0,0,0,0,0,,0,0,0,0,0,0,,0,0,0,
DMR Permits et al 2024,Z BLOCK,Ground Water,39.753222,-104.996667,2024,04/30/2024,,,,,ng/L,0,0,,0,0,0,0,0,0,0,0,0,0,,,0,0,,0,0,0,0,0,0,,,,,,,0,0,,0,,0,0,0,0,0,0,,0,0,0,0,0,0,,0,0,0,
DMR Permits et al 2024,Z BLOCK,Ground Water,39.753222,-104.996667,2024,05/31/2024,,,,,ng/L,0,0,,0,0,0,0,0,0,0,0,0,0,,,0,0,,0,0,0,16.36,0,0,,,,,,,0,0,,0,,0,0,0,0,0,0,,0,0,0,0,0,0,,0,0,0,
DMR Permits et al 2024,Z BLOCK,Ground Water,40.0731,-105.198611,2024,05/31/2024,,,,,ng/L,0,0,,0,0,0,0,0,0,0,0,0,0,,,0,0,,0,0,0,0,0,0,,,,,,,0,0,,0,,0,0,0,0,0,0,,0,0,0,0,0,0,,0,0,0,
DMR Permits et al 2024,BOULDER VIEW APARTMENTS,Ground Water,39.725,-104.9732,2024,01/31/2024,,,,,ng/L,0,0,,0,0,0,0,0,0,0,0,0,0,,,0,0,,0,0,0,0,0,0,,,,,,,0,0,,0,,0,0,0,0,0,0,,0,0,0,0,0,0,,0,0,0,
DMR Permits et al 2024,SAFEWAY INC,Ground Water,39.725,-104.9732,2021,01/31/2021,,,,,ng/L,3.1,13,,1.6,0.36,6,88,19,1.6,3.3,1.6,4.1,1.6,,,0,0,,97,0.62,13,37,0,0,,,,,,,0,1.6,,0,,0,0,4.1,0,1.6,1.6,,1.6,1.6,1.6,1.6,0,0,,0,0,0,
DMR Permits et al 2024,SAFEWAY INC,Ground Water,39.725,-104.9732,2021,02/28/2021,,,,,ng/L,7.4,18,,1.6,0.63,6.4,100,21,0.23,3.2,1.6,4,1.6,,,0,0,,98,0.69,14,41,0,0,,,,,,,0,1.6,,0,,0,0,4,0,1.6,1.6,,1.6,1.6,1.6,1.6,0,0,,0,0,0,
DMR Permits et al 2024,SAFEWAY INC,Ground Water,39.725,-104.9732,2021,03/31/2021,,,,,ng/L,1.2,20,,0.47,1.8,8.1,31,14,0.17,3.3,1.7,4.1,1.7,,,0,0,,31,1.6,16,20,0,0,,,,,,,0,1.7,,0,,0,0,4.1,0,1.7,1.7,,1.7,1.7,1.7,1.2,0,0,,0,0,0,
DMR Permits et al 2024,SAFEWAY INC,Ground Water,39.725,-104.9732,2021,04/30/2021,,,,,ng/L,17,28,,9.6,6.2,4.4,24,9.5,0.38,3.8,1.9,4.7,1.9,,,0,0,,34,1.1,31,23,0,0,,,,,,,0,1.9,,0,,0,0,1.9,0,1.9,1.9,,1.9,1.9,1.9,1.9,0,0,,0,0,0,
DMR Permits et al 2024,SAFEWAY INC,Ground Water,39.725,-104.9732,2021,05/31/2021,,,,,ng/L,3.1,2.6,,1.7,0.26,0.52,12,2.4,1.7,3.4,1.7,14,1.7,,,0,0,,26,1.7,1.9,25,0,0,,,,,,,0,1.7,,0,,0,0,4.2,0,1.7,1.7,,1.7,1.7,1.7,1.7,0,0,,0,0,0,
DMR Permits et al 2024,SAFEWAY INC,Ground Water,39.725,-104.9732,2021,06/30/2021,,,,,ng/L,6.2,9.1,,1.7,0.72,1.9,32,7.3,1.7,3.4,1.7,4.2,1.7,,,0,0,,55,1.7,4.8,35,0,0,,,,,,,0,1.7,,0,,0,0,4.2,0,1.7,1.7,,1.7,1.7,1.7,1.7,0,0,,0,0,0,
DMR Permits et al 2024,SAFEWAY INC,Ground Water,39.725,-104.9732,2021,07/31/2021,,,,,ng/L,9.4,23,,1.2,2.3,9.2,43,18,0.17,3.4,1.7,4.3,1.7,,,0,0,,42,1.4,21,21,0,0,,,,,,,0,1.7,,0,,0,0,4.3,0,1.7,1.7,,1.7,1.7,1.7,1.5,0,0,,0,0,0,
DMR Permits et al 2024,SAFEWAY INC,Ground Water,39.725,-104.9732,2021,08/31/2021,,,,,ng/L,6.6,13,,1.7,0.58,3.2,60,15,0.17,3.5,1.7,4.3,1.7,,,0,0,,86,0.41,7.9,51,0,0,,,,,,,0,1.7,,0,,0,0,4.3,0,1.7,1.7,,1.7,1.7,1.7,1.7,0,0,,0,0,0,
DMR Permits et al 2024,SAFEWAY INC,Ground Water,39.725,-104.9732,2021,09/30/2021,,,,,ng/L,6.8,22,,1.6,0.54,7.6,96,23,0.21,3.3,1.6,4.1,1.6,,,0,0,,110,1,18,51,0,0,,,,,,,0,1.6,,0,,0,0,4.1,0,1.6,1.6,,1.6,1.6,1.6,1.6,0,0,,0,0,0,
DMR Permits et al 2024,SAFEWAY INC,Ground Water,39.725,-104.9732,2021,10/31/2021,,,,,ng/L,8.6,20,,1.9,0.75,11,98,20,1.9,3.7,1.9,1.1,1.9,,,0,0,,110,1.1,19,47,0,0,,,,,,,0,1.9,,0,,0,0,4.6,0,1.9,1.9,,1.9,1.9,1.9,1.9,0,0,,0,0,0,
DMR Permits et al 2024,SAFEWAY INC,Ground Water,39.725,-104.9732,2021,11/30/2021,,,,,ng/L,3.3,4.7,,1.9,1.9,1.1,25,23.65,1.9,3.8,1.9,4.7,1.9,,,0,0,,49,1.9,3.3,44,0,0,,,,,,,0,1.9,,0,,0,0,4.7,0,1.9,1.9,,1.9,1.9,1.9,1.9,0,0,,0,0,0,
DMR Permits et al 2024,SAFEWAY INC,Ground Water,39.725,-104.9732,2021,12/31/2021,,,,,ng/L,1.2,7,,1.9,1.9,3.7,70,13,1.9,3.7,1.9,4.7,1.9,,,0,0,,76,0.5,9.6,45,0,0,,,,,,,0,1.9,,0,,0,0,4.7,0,1.9,1.9,,1.9,1.9,1.9,1.9,0,0,,0,0,0,
DMR Permits et al 2024,SAFEWAY INC,Ground Water,39.725,-104.9732,2022,01/31/2022,,,,,ng/L,12,25,,1.9,0.91,11,130,26,0.26,3.8,1.9,4.8,1.9,,,0,0,,120,0.9,18,45,0,0,,,,,,,0,1.9,,0,,0,0,4.8,0,0.32,1.9,,1.9,1.9,1.9,1.9,0,0,,0,0,0,
DMR Permits et al 2024,SAFEWAY INC,Ground Water,39.725,-104.9732,2022,02/28/2022,,,,,ng/L,4.4,16,,1.9,0.3,6.8,110,19,1.9,3.7,1.9,4.7,1.9,,,0,0,,110,0.7,15,53,0,0,,,,,,,0,1.9,,0,,0,0,4.7,0,1.9,1.9,,1.9,1.9,1.9,1.9,0,0,,0,0,0,
DMR Permits et al 2024,SAFEWAY INC,Ground Water,39.725,-104.9732,2022,03/31/2022,,,,,ng/L,1.9,9.9,,1.9,1.9,4.3,75,16,1.9,3.9,1.9,4.9,1.9,,,0,0,,87,1.9,14,50,0,0,,,,,,,0,1.9,,0,,0,0,4.9,0,1.9,1.9,,1.9,1.9,1.9,1.9,0,0,,0,0,0,
DMR Permits et al 2024,SAFEWAY INC,Ground Water,39.725,-104.9732,2022,04/30/2022,,,,,ng/L,1,1.9,,2,2,0.7,21,2.6,2,3.9,2,4.9,2,,,0,0,,43,2,3.1,42,0,0,,,,,,,0,2,,0,,0,0,4.9,0,2,2,,2,2,2,2,0,0,,0,0,0,
DMR Permits et al 2024,SAFEWAY INC,Ground Water,39.725,-104.9732,2022,05/31/2022,,,,,ng/L,3.9,12,,2,0.5,5.3,79,20,2,4,2,5,2,,,0,0,,91,0.6,15,50,0,0,,,,,,,0,2,,0,,0,0,5,0,2,2,,2,2,2,2,0,0,,0,0,0,
DMR Permits et al 2024,SAFEWAY INC,Ground Water,39.725,-104.9732,2022,06/30/2022,,,,,ng/L,7.2,12,,1.8,0.6,3.5,59,13,1.8,3.5,1.8,4.4,1.8,,,0,0,,85,0.3,10,41,0,0,,,,,,,0,1.8,,0,,0,0,4.4,0,1.8,1.8,,1.8,1.8,1.8,1.8,0,0,,0,0,0,
DMR Permits et al 2024,SAFEWAY INC,Ground Water,39.725,-104.9732,2022,07/31/2022,,,,,ng/L,2.2,4.1,,1.9,0.3,1.3,32,5.7,1.9,3.8,1.9,4.7,1.9,,,0,0,,66,1.9,6.8,43,0,0,,,,,,,0,1.9,,0,,0,0,4.7,0,1.9,1.9,,1.9,1.9,1.9,1.9,0,0,,0,0,0,
DMR Permits et al 2024,SAFEWAY INC,Ground Water,39.725,-104.9732,2022,08/31/2022,,,,,ng/L,4.8,11,,1.6,0.4,2.9,55,13,1.6,3.3,1.6,4.1,1.6,,,0,0,,89,0.4,12,46,0,0,,,,,,,0,1.6,,0,,0,0,4.1,0,1.6,1.6,,1.6,1.6,1.6,1.6,0,0,,0,0,0,
DMR Permits et al 2024,SAFEWAY INC,Ground Water,39.725,-104.9732,2022,09/30/2022,,,,,ng/L,7,15,,1.8,0.6,4.9,87,18,1.8,3.6,1.8,4.5,1.8,,,0,0,,110,0.6,14,47,0,0,,,,,,,0,1.8,,0,,0,0,4.5,0,1.8,1.8,,1.8,1.8,1.8,1.8,0,0,,0,0,0,
DMR Permits et al 2024,SAFEWAY INC,Ground Water,39.725,-104.9732,2022,10/31/2022,,,,,ng/L,11,23,,2,1.1,5.7,94,20,2,3.9,2,0.7,2,,,0,0,,100,3.9,13,45,0,0,,,,,,,0,2,,0,,0,0,4.9,0,2,2,,2,2,2,2,0,0,,0,0,0,
DMR Permits et al 2024,SAFEWAY INC,Ground Water,39.725,-104.9732,2022,11/30/2022,,,,,ng/L,10,23,,1.8,0.99,9.6,120,31,0.29,3.7,1.8,4.6,1.8,,,0,0,,140,0.9,21,55,0,0,,,,,,,0,1.8,,0,,0,0,4.6,0,2,1.8,,1.8,1.8,1.8,1.8,0,0,,0,0,0,
DMR Permits et al 2024,SAFEWAY INC,Ground Water,39.725,-104.9732,2022,12/31/2022,,,,,ng/L,5.9,19,,1.9,0.67,6.2,85,20,1.9,3.8,1.9,4.7,1.9,,,0,0,,94,1.3,12,45,0,0,,,,,,,0,1.9,,0,,0,0,4.7,0,1.9,1.9,,1.9,1.9,1.9,1.9,0,0,,0,0,0,
DMR Permits et al 2024,SAFEWAY INC,Ground Water,39.725,-104.9732,2023,01/31/2023,,,,,ng/L,3.1,4,,1.6,1.6,1.7,35,6.7,1.6,6.3,6.3,6.3,6.3,,,0,0,,53,1.6,6.4,28,0,0,,,,,,,0,1.6,,0,,0,0,1.6,0,1.6,1.6,,1.6,1.6,1.6,1.6,0,0,,0,0,0,
DMR Permits et al 2024,SAFEWAY INC,Ground Water,39.725,-104.9732,2023,02/28/2023,,,,,ng/L,10,21,,1.5,0.87,4.5,54,15,1.5,5.8,5.8,5.8,5.8,,,0,0,,61,1.5,11,25,0,0,,,,,,,0,1.5,,0,,0,0,1.5,0,1.5,1.5,,1.5,1.5,1.5,1.5,0,0,,0,0,0,
DMR Permits et al 2024,SAFEWAY INC,Ground Water,39.725,-104.9732,2023,03/31/2023,,,,,ng/L,10,26,,1.5,1.1,5.8,89,20,1.5,5.9,5.9,5.9,5.9,,,0,0,,97,1.5,15,39,0,0,,,,,,,0,1.5,,0,,0,0,1.5,0,1.5,1.5,,1.5,1.5,1.5,1.5,0,0,,0,0,0,
DMR Permits et al 2024,SAFEWAY INC,Ground Water,39.725,-104.9732,2023,04/30/2023,,,,,ng/L,9.5,18,,1.4,1.4,4.5,51,13,1.4,5.6,5.6,5.6,5.6,,,0,0,,62,1.4,10,25,0,0,,,,,,,0,1.4,,0,,0,0,1.4,0,1.4,1.4,,1.4,1.4,1.4,1.4,0,0,,0,0,0,
DMR Permits et al 2024,SAFEWAY INC,Ground Water,39.725,-104.9732,2023,05/31/2023,,,,,ng/L,6.5,18,,1.4,0.74,4.3,61,16,1.4,5.7,5.7,5.7,5.7,,,0,0,,68,1.4,11,23,0,0,,,,,,,0,1.4,,0,,0,0,1.4,0,1.4,1.4,,1.4,1.4,1.4,1.4,0,0,,0,0,0,
DMR Permits et al 2024,SAFEWAY INC,Ground Water,39.725,-104.9732,2023,06/30/2023,,,,,ng/L,14,22,,0.57,1.8,6.3,69,17,1.5,5.8,5.8,5.8,5.8,,,0,0,,71,0.62,20,28,0,0,,,,,,,0,1.5,,0,,0,0,1.5,0,1.5,1.5,,1.5,1.5,1.5,1.5,0,0,,0,0,0,
DMR Permits et al 2024,SAFEWAY INC,Ground Water,39.725,-104.9732,2023,07/31/2023,,,,,ng/L,15,27,,0.7,2,7.9,84,24,1.7,7,7,7,7,,,0,0,,84,0.8,21,31,0,0,,,,,,,0,1.7,,0,,0,0,1.7,0,1.7,1.7,,1.7,1.7,1.7,1.7,0,0,,0,0,0,
DMR Permits et al 2024,SAFEWAY INC,Ground Water,39.725,-104.9732,2023,08/31/2023,,,,,ng/L,9.6,32,,1.8,1.2,6.6,120,31,1.8,7.1,7.1,7.1,7.1,,,0,0,,130,0.51,19,45,0,0,,,,,,,0,1.8,,0,,0,0,1.8,0,1.8,1.8,,1.8,1.8,1.8,1.8,0,0,,0,0,0,
DMR Permits et al 2024,SAFEWAY INC,Ground Water,39.725,-104.9732,2023,09/30/2023,,,,,ng/L,4.2,19,,1.9,1.9,5.8,94,21,1.9,7.8,7.8,7.8,7.8,,,0,0,,120,1.9,17,48,0,0,,,,,,,0,1.9,,0,,0,0,1.9,0,1.9,1.9,,1.9,1.9,1.9,1.9,0,0,,0,0,0,
DMR Permits et al 2024,SAFEWAY INC,Ground Water,39.725,-104.9732,2023,10/31/2023,,,,,ng/L,1.2,12,,1.8,1.8,3.6,73,15,1.8,7.4,7.4,7.4,7.4,,,0,0,,140,1.8,16,69,0,0,,,,,,,0,1.8,,0,,0,0,1.8,0,1.8,1.8,,1.8,1.8,1.8,1.8,0,0,,0,0,0,
DMR Permits et al 2024,SAFEWAY INC,Ground Water,39.725,-104.9732,2023,11/30/2023,,,,,ng/L,0.67,9.3,,1.7,1.7,3.4,82,15,1.7,7,7,7,7,,,0,0,,180,0.53,17,72,0,0,,,,,,,0,1.7,,0,,0,0,1.7,0,1.7,1.7,,1.7,1.7,1.7,1.7,0,0,,0,0,0,
DMR Permits et al 2024,SAFEWAY INC,Ground Water,39.725,-104.9732,2023,12/31/2023,,,,,ng/L,0.98,15.18,,0.61,0,4.63,86.74,12.8,0.85,2.34,0,0,4.71,,,0,0,,146.02,0,23.04,97.11,0,0,,,,,,,0,0,,0,,0,0,1.13,0,0,0.64,,1.51,0.61,1.25,1.63,0,0,,0,0,0,
DMR Permits et al 2024,SAFEWAY INC,Ground Water,39.725,-104.9732,2024,01/31/2024,,,,,ng/L,0.98,11.06,,0.61,0.93,4.11,61.28,9.59,0.85,2.34,0,0,0,,,0,0,,126.9,0,16.96,72.19,0,0,,,,,,,0,0.91,,0,,0,0,1.13,0,1.6,0,,1.51,0.61,1.25,0,0,0,,0,0,0,
DMR Permits et al 2024,SAFEWAY INC,Ground Water,39.725,-104.9732,2024,01/31/2024,,,,,ng/L,0,0,,0,0,0,0,0,0,0,0,0,0,,,0,0,,0,0,0,0,0,0,,,,,,,0,0,,0,,0,0,0,0,0,0,,0,0,0,0,0,0,,0,0,0,
DMR Permits et al 2024,SAFEWAY INC,Ground Water,39.725,-104.9732,2024,02/29/2024,,,,,ng/L,0.98,20.42,,1.53,4.47,5.2,72.34,14.81,0.85,2.34,2.73,0,0,,,0,0,,113.7,0,17.52,76.84,0,0,,,,,,,0,1.4,,0,,0,0,1.13,0,1.6,0,,1.51,1.59,1.62,0,0,0,,0,0,0,
DMR Permits et al 2024,SAFEWAY INC,Ground Water,39.725,-104.9732,2024,02/29/2024,,,,,ng/L,0,0,,0,0,0,0,0,0,0,0,0,0,,,0,0,,0,0,0,0,0,0,,,,,,,0,0,,0,,0,0,0,0,0,0,,0,0,0,0,0,0,,0,0,0,
DMR Permits et al 2024,SAFEWAY INC,Ground Water,39.725,-104.9732,2024,03/31/2024,,,,,ng/L,0.98,15.86,,0.61,0,3.97,63.89,11.08,0.85,2.34,0,0,4.71,,,0,0,,118.23,1.27,18.18,73.72,0,0,,,,,,,0,0.91,,0,,0,0,0,0,1.6,0.64,,1.51,0.61,1.25,0,0,0,,0,0,0,
DMR Permits et al 2024,SAFEWAY INC,Ground Water,39.725,-104.9732,2024,03/31/2024,,,,,ng/L,0,0,,0,0,0,0,0,0,0,0,0,0,,,0,0,,0,0,0,0,0,0,,,,,,,0,0,,0,,0,0,0,0,0,0,,0,0,0,0,0,0,,0,0,0,
DMR Permits et al 2024,SAFEWAY INC,Ground Water,39.725,-104.9732,2024,04/30/2024,,,,,ng/L,2.24,26.41,,0.61,0,4.07,60.01,14.05,0.85,2.34,0,0,4.71,,,0,0,,88.87,0,14.64,55.54,0,0,,,,,,,0,0.91,,0,,0,0,1.13,0,1.6,0.64,,1.51,0.61,1.25,0,0,0,,0,0,0,
DMR Permits et al 2024,SAFEWAY INC,Ground Water,39.725,-104.9732,2024,04/30/2024,,,,,ng/L,0,0,,0,0,0,0,0,0,0,0,0,0,,,0,0,,0,0,0,0,0,0,,,,,,,0,0,,0,,0,0,0,0,0,0,,0,0,0,0,0,0,,0,0,0,
DMR Permits et al 2024,SAFEWAY INC,Ground Water,39.725,-104.9732,2024,05/31/2024,,,,,ng/L,0.98,13.4,,0.61,0,4.2,47.14,11.21,0.85,0,0,0,0,,,0,0,,111.95,0,17.19,81.34,0,0,,,,,,,0,0.91,,0,,0,0,1.13,0,1.6,0.64,,1.51,0.61,1.25,0,0,0,,0,0,0,
DMR Permits et al 2024,SAFEWAY INC,Ground Water,40.014112,-105.231345,2024,05/31/2024,,,,,ng/L,0,0,,0,0,0,0,0,0,0,0,0,0,,,0,0,,0,0,0,0,0,0,,,,,,,0,0,,0,,0,0,0,0,0,0,,0,0,0,0,0,0,,0,0,0,
DMR Permits et al 2024,EASTPOINTE REDEVELOPMENT,Ground Water,40.014112,-105.231345,2021,01/31/2021,,,,,ng/L,30.1,16.5,,0,1.11,8.06,17.8,6.57,0,0,0,0,0,,,0,0,,14.5,1.11,34.8,14.1,0,0,,,,,,,0,0,,0,,0,0,0,0,0,0,,0,0,0,0,0,0,,0,0,0,
DMR Permits et al 2024,EASTPOINTE REDEVELOPMENT,Ground Water,40.014112,-105.231345,2021,02/28/2021,,,,,ng/L,25.8,16.9,,0,1.31,7.67,18.7,7.12,0,0,0,0,0,,,0,0,,13.5,0,3.21,12.9,0,0,,,,,,,0,0,,0,,0,0,0,0,0,0,,0,0,0,0,0,0,,0,0,0,
DMR Permits et al 2024,EASTPOINTE REDEVELOPMENT,Ground Water,40.014112,-105.231345,2021,03/31/2021,,,,,ng/L,21,15,,0,1.8,6.1,25,9,1.2,0,0,0,1.2,,,0,0,,17,1.4,36,16,0,0,,,,,,,0,0,,0,,0,0,0,0,0,0,,0,0,0,0,0,0,,0,0,0,
DMR Permits et al 2024,EASTPOINTE REDEVELOPMENT,Ground Water,40.014112,-105.231345,2021,04/30/2021,,,,,ng/L,21,16,,1.5,1.2,6.9,24,7.2,0,0,0,0,0,,,0,0,,16,1,34,16,0,0,,,,,,,0,0,,0,,0,0,0,0,0,0,,0,0,0,0,0,0,,0,0,0,
DMR Permits et al 2024,EASTPOINTE REDEVELOPMENT,Ground Water,40.014112,-105.231345,2021,05/31/2021,,,,,ng/L,26,25,,1.9,1.7,7.3,40,10,0.62,0,0,0,0,,,0,0,,24,0.72,42,26,0,0,,,,,,,0,0,,0,,0,0,0,0,0,0,,0,0,0,0,0,0,,0,0,0,
DMR Permits et al 2024,EASTPOINTE REDEVELOPMENT,Ground Water,40.014112,-105.231345,2021,06/30/2021,,,,,ng/L,29,21,,0,1.7,8.7,32,11,0.87,0,0,0,0,,,0,0,,21,0.83,47,22,0,0,,,,,,,0,0,,0,,0,0,0,0,0,0,,0,0,0,0,0,0,,0,0,0,
DMR Permits et al 2024,EASTPOINTE REDEVELOPMENT,Ground Water,40.014112,-105.231345,2021,07/31/2021,,,,,ng/L,25,17,,0,1.5,7.1,21,9.8,1.4,0,0,0,0,,,0,0,,17,0.78,72,17,0,0,,,,,,,0,0,,0,,0,0,0,0,0,0,,0,0,0,0,0,0,,0,0,0,
DMR Permits et al 2024,EASTPOINTE REDEVELOPMENT,Ground Water,40.014112,-105.231345,2021,08/31/2021,,,,,ng/L,28,23,,1.2,1.8,8.3,23,11,1.1,0,0,0,0,,,0,0,,18,0.55,73,18,0,0,,,,,,,0,0,,0,,0,0,0,0,0,0,,0,0,0,0,0,0,,0,0,0,
DMR Permits et al 2024,EASTPOINTE REDEVELOPMENT,Ground Water,40.014112,-105.231345,2021,09/30/2021,,,,,ng/L,35,22,,0,2.5,11,23,11,1.7,0,0,0,0,,,0,0,,20,0,71,17,0,0,,,,,,,0,0,,0,,0,0,0,0,0,0,,0,0,0,0,0,0,,0,0,0,
DMR Permits et al 2024,EASTPOINTE REDEVELOPMENT,Ground Water,40.014112,-105.231345,2021,10/31/2021,,,,,ng/L,37,26,,0,2.1,11,26,7.6,2.2,0,0,0,0,,,0,0,,14,1.5,49,20,0,0,,,,,,,0,0,,0,,0,0,0,0,0,0,,0,0,0,0,0,0,,0,0,0,
DMR Permits et al 2024,EASTPOINTE REDEVELOPMENT,Ground Water,40.014112,-105.231345,2021,11/30/2021,,,,,ng/L,39,23,,0,1.8,9.4,19,9.9,1.1,0,0,0,0,,,0,0,,16,1,48,17,0,0,,,,,,,0,0,,0,,0,0,0,0,0,0,,0,0,0,0,0,0,,0,0,0,
DMR Permits et al 2024,EASTPOINTE REDEVELOPMENT,Ground Water,40.014112,-105.231345,2021,12/31/2021,,,,,ng/L,34,27,,0,2,11,24,8.4,1.9,0,0,0,0,,,0,0,,15,1.3,39,20,0,0,,,,,,,0,0,,0,,0,0,0,0,0,0,,0,0,0,0,0,0,,0,0,0,
DMR Permits et al 2024,EASTPOINTE REDEVELOPMENT,Ground Water,40.014112,-105.231345,2022,01/31/2022,,,,,ng/L,24,18,,0,1.2,6.7,17,9,0.72,0,0,0,0,,,0,0,,15,0.54,31,14,0,0,,,,,,,0,0,,0,,0,0,0,0,0,0,,0,0,0,0,0,0,,0,0,0,
DMR Permits et al 2024,EASTPOINTE REDEVELOPMENT,Ground Water,40.014112,-105.231345,2022,02/28/2022,,,,,ng/L,23,20,,0,1.4,5.6,20,6.8,0.68,0,0,0,0,,,0,0,,13,0.9,23,15,0,0,,,,,,,0,0,,0,,0,0,0,0,0,0,,0,0,0,0,0,0,,0,0,0,
DMR Permits et al 2024,EASTPOINTE REDEVELOPMENT,Ground Water,40.014112,-105.231345,2022,03/31/2022,,,,,ng/L,24,22,,0,0.98,7.5,22,8.6,0.79,0,0,0,0,,,0,0,,17,0.74,29,17,0,0,,,,,,,0,0,,0,,0,0,0,0,0,0,,0,0,0,0,0,0,,0,0,0,
DMR Permits et al 2024,EASTPOINTE REDEVELOPMENT,Ground Water,40.014112,-105.231345,2022,04/30/2022,,,,,ng/L,19,18,,0,0.9,6.9,20,8.5,0.67,0,0,1.2,0,,,0,0,,16,0.65,36,16,0,0,,,,,,,0,0,,0,,0,0,0,0,0,0,,0,0,0,0,0,0,,0,0,0,
DMR Permits et al 2024,EASTPOINTE REDEVELOPMENT,Ground Water,40.014112,-105.231345,2022,05/31/2022,,,,,ng/L,24,24,,0,1.1,9.7,22,9.5,2.2,0,0,0,0,,,0,0,,20,1.7,49,22,0,0,,,,,,,0,0,,0,,0,0,0,0,0,0,,0,0,0,0,0,0,,0,0,0,
DMR Permits et al 2024,EASTPOINTE REDEVELOPMENT,Ground Water,40.014112,-105.231345,2022,06/30/2022,,,,,ng/L,22,22,,0,0,6.5,25,10,0.6,3.3,0,0,0,,,0,0,,23,0,49,22,0,0,,,,,,,0,0,,0,,0,0,0,0,0,0,,0,0,0,0,0,0,,0,0,0,
DMR Permits et al 2024,EASTPOINTE REDEVELOPMENT,Ground Water,40.014112,-105.231345,2022,07/31/2022,,,,,ng/L,37,24,,0,0.86,8,29,13,1.5,1.4,0,2.2,0,,,0,0,,23,1.9,52,22,0,0,,,,,,,0,0,,0,,0,0,1.9,0,0,0,,0,0,0,0,0,0,,0,0,0,
DMR Permits et al 2024,EASTPOINTE REDEVELOPMENT,Ground Water,40.014112,-105.231345,2022,08/31/2022,,,,,ng/L,34,25,,0,0.84,7.4,22,9.4,1,0,0,0,0,,,0,0,,18,1.6,45,20,0,0,,,,,,,0,0,,0,,0,0,0,0,0,0,,0,0,0,0,0,0,,0,0,0,
DMR Permits et al 2024,EASTPOINTE REDEVELOPMENT,Ground Water,40.014112,-105.231345,2022,09/30/2022,,,,,ng/L,38,28,,0,0,7.5,22,13,0,0,0,0,0,,,0,0,,17,0,52,18,0,0,,,,,,,0,0,,0,,0,0,0,0,0,0,,0,0,0,0,0,0,,0,0,0,
DMR Permits et al 2024,EASTPOINTE REDEVELOPMENT,Ground Water,40.014112,-105.231345,2022,10/31/2022,,,,,ng/L,34,19,,0,0,0,16,8.4,0,0,2.5,43,0,,,0,0,,17,0,34,16,0,0,,,,,,,0,0,,0,,0,0,0,0,0,0,,0,0,0,0,0,0,,0,0,0,
DMR Permits et al 2024,EASTPOINTE REDEVELOPMENT,Ground Water,40.014112,-105.231345,2022,11/30/2022,,,,,ng/L,35,22,,0,0,7.2,19,9.1,0,0,0,0,0,,,0,0,,15,0,46,16,0,0,,,,,,,0,0,,0,,0,0,0,0,0,0,,0,0,0,0,0,0,,0,0,0,
DMR Permits et al 2024,EASTPOINTE REDEVELOPMENT,Ground Water,40.014112,-105.231345,2022,12/31/2022,,,,,ng/L,22,16,,0,0,7.7,15,7.4,0,0,0,0,0,,,0,0,,11,0,39,17,0,0,,,,,,,0,0,,0,,0,0,0,0,0,0,,0,0,0,0,0,0,,0,0,0,
DMR Permits et al 2024,EASTPOINTE REDEVELOPMENT,Ground Water,40.014112,-105.231345,2023,01/31/2023,,,,,ng/L,24,22,,0,0,12,17,5.8,0,0,0,0,0,,,0,0,,14,0,28,17,0,0,,,,,,,0,0,,0,,0,0,0,0,0,0,,0,0,0,0,0,0,,0,0,0,
DMR Permits et al 2024,EASTPOINTE REDEVELOPMENT,Ground Water,40.014112,-105.231345,2023,02/28/2023,,,,,ng/L,22,17,,0,0,7.5,16,7,0,0,0,0,0,,,0,0,,12,0,37,14,0,0,,,,,,,0,0,,0,,0,0,0,0,0,0,,0,0,0,0,0,0,,0,0,0,
DMR Permits et al 2024,EASTPOINTE REDEVELOPMENT,Ground Water,40.014112,-105.231345,2023,03/31/2023,,,,,ng/L,20,17,,0,0,6.6,16,6.6,0,0,0,0,0,,,0,0,,10,0,34,12,0,0,,,,,,,0,0,,0,,0,0,0,0,0,0,,0,0,0,0,0,0,,0,0,0,
DMR Permits et al 2024,EASTPOINTE REDEVELOPMENT,Ground Water,40.014112,-105.231345,2023,04/30/2023,,,,,ng/L,20,15,,0,0,6.7,16,6.4,0,0,0,0,0,,,0,0,,11,0,42,16,0,0,,,,,,,0,0,,0,,0,0,0,0,0,0,,0,0,0,0,0,0,,0,0,0,
DMR Permits et al 2024,EASTPOINTE REDEVELOPMENT,Ground Water,40.014112,-105.231345,2023,05/31/2023,,,,,ng/L,27,30,,0,0,7.7,33,10,0,0,0,0,0,,,0,0,,23,0,39,27,0,0,,,,,,,0,0,,0,,0,0,0,0,0,0,,0,0,0,0,0,0,,0,0,0,
DMR Permits et al 2024,EASTPOINTE REDEVELOPMENT,Ground Water,40.014112,-105.231345,2023,06/30/2023,,,,,ng/L,29,22,,0,0,7.5,22,8.3,0,0,0,0,0,,,0,0,,16,0,38,17,0,0,,,,,,,0,0,,0,,0,0,0,0,0,0,,0,0,0,0,0,0,,0,0,0,
DMR Permits et al 2024,EASTPOINTE REDEVELOPMENT,Ground Water,40.014112,-105.231345,2023,07/31/2023,,,,,ng/L,30,37,,0,0,8,33,13,0,0,0,0,0,,,0,0,,24,0,43,23,0,0,,,,,,,0,0,,0,,0,0,0,0,0,0,,0,0,0,0,0,0,,0,0,0,
DMR Permits et al 2024,EASTPOINTE REDEVELOPMENT,Ground Water,40.014112,-105.231345,2023,08/31/2023,,,,,ng/L,32,23,,0,0,8.4,20,8.3,0,0,0,0,0,,,0,0,,13,0,0,19,0,0,,,,,,,0,0,,0,,0,0,0,0,0,0,,0,0,0,0,0,0,,0,0,0,
DMR Permits et al 2024,EASTPOINTE REDEVELOPMENT,Ground Water,40.014112,-105.231345,2023,09/30/2023,,,,,ng/L,25,19,,0,0,6.3,15,7.4,0,0,0,0,0,,,0,0,,11,0,38,13,0,0,,,,,,,0,0,,0,,0,0,0,0,0,0,,0,0,0,0,0,0,,0,0,0,
DMR Permits et al 2024,EASTPOINTE REDEVELOPMENT,Ground Water,40.014112,-105.231345,2023,10/31/2023,,,,,ng/L,27,18,,0,0,6.3,14,6.1,0,0,0,0,0,,,0,0,,11,0,36,14,0,0,,,,,,,0,0,,0,,0,0,0,0,0,0,,0,0,0,0,0,0,,0,0,0,
DMR Permits et al 2024,EASTPOINTE REDEVELOPMENT,Ground Water,40.014112,-105.231345,2023,11/30/2023,,,,,ng/L,30,20,,0,0,7,17,6.3,0,0,0,0,0,,,0,0,,12,0,36,18,0,0,,,,,,,0,0,,0,,0,0,0,0,0,0,,0,0,0,0,0,0,,0,0,0,
DMR Permits et al 2024,EASTPOINTE REDEVELOPMENT,Ground Water,40.014112,-105.231345,2023,12/31/2023,,,,,ng/L,26,18,,0,0,5.9,16,8,0,0,0,0,0,,,0,0,,13,0,34,15,0,0,,,,,,,0,0,,0,,0,0,0,0,0,0,,0,0,0,0,0,0,,0,0,0,
DMR Permits et al 2024,EASTPOINTE REDEVELOPMENT,Ground Water,40.014112,-105.231345,2024,01/31/2024,,,,,ng/L,27,19,,0,0,6.4,17,6.5,0,0,0,0,0,,,0,0,,12,0,29,14,0,0,,,,,,,0,0,,0,,0,0,0,0,0,0,,0,0,0,0,0,0,,0,0,0,
DMR Permits et al 2024,EASTPOINTE REDEVELOPMENT,Ground Water,40.014112,-105.231345,2024,01/31/2024,,,,,ng/L,0,0,,0,0,0,0,0,0,0,0,0,0,,,0,0,,0,0,0,0,0,0,,,,,,,0,0,,0,,0,0,0,0,0,0,,0,0,0,0,0,0,,0,0,0,
DMR Permits et al 2024,EASTPOINTE REDEVELOPMENT,Ground Water,40.014112,-105.231345,2024,02/29/2024,,,,,ng/L,21,24,,0,0,5.1,24,6.7,0,0,0,0,0,,,0,0,,13,0,18,16,0,0,,,,,,,0,0,,0,,0,0,0,0,0,0,,0,0,0,0,0,0,,0,0,0,
DMR Permits et al 2024,EASTPOINTE REDEVELOPMENT,Ground Water,40.014112,-105.231345,2024,02/29/2024,,,,,ng/L,0,0,,0,0,0,0,0,0,0,0,0,0,,,0,0,,0,0,0,0,0,0,,,,,,,0,0,,0,,0,0,0,0,0,0,,0,0,0,0,0,0,,0,0,0,
DMR Permits et al 2024,EASTPOINTE REDEVELOPMENT,Ground Water,40.014112,-105.231345,2024,03/31/2024,,,,,ng/L,22,18,,0,0,4.7,21,7.2,0,0,0,0,0,,,0,0,,15,0,25,16,0,0,,,,,,,0,0,,0,,0,0,0,0,0,0,,0,0,0,0,0,0,,0,0,0,
DMR Permits et al 2024,EASTPOINTE REDEVELOPMENT,Ground Water,40.014112,-105.231345,2024,03/31/2024,,,,,ng/L,0,0,,0,0,0,0,0,0,0,0,0,0,,,0,0,,0,0,0,0,0,0,,,,,,,0,0,,0,,0,0,0,0,0,0,,0,0,0,0,0,0,,0,0,0,
DMR Permits et al 2024,EASTPOINTE REDEVELOPMENT,Ground Water,40.014112,-105.231345,2024,04/30/2024,,,,,ng/L,24,19,,0,0,5.6,22,7.7,0,0,0,0,0,,,0,0,,16,0,26,18,0,0,,,,,,,0,0,,0,,0,0,0,0,0,0,,0,0,0,0,0,0,,0,0,0,
DMR Permits et al 2024,EASTPOINTE REDEVELOPMENT,Ground Water,40.014112,-105.231345,2024,04/30/2024,,,,,ng/L,0,0,,0,0,0,0,0,0,0,0,0,0,,,0,0,,0,0,0,0,0,0,,,,,,,0,0,,0,,0,0,0,0,0,0,,0,0,0,0,0,0,,0,0,0,
DMR Permits et al 2024,EASTPOINTE REDEVELOPMENT,Ground Water,40.014112,-105.231345,2024,05/31/2024,,,,,ng/L,24,18,,0,0,6.2,19,7.9,0,0,0,0,0,,,0,0,,15,0,32,16,0,0,,,,,,,0,0,,0,,0,0,0,0,0,0,,0,0,0,0,0,0,,0,0,0,
DMR Permits et al 2024,EASTPOINTE REDEVELOPMENT,Ground Water,39.74425,-104.992522,2024,05/31/2024,,,,,ng/L,0,0,,0,0,0,0,0,0,0,0,0,0,,,0,0,,0,0,0,0,0,0,,,,,,,0,0,,0,,0,0,0,0,0,0,,0,0,0,0,0,0,,0,0,0,
DMR Permits et al 2024,675 15 ST,Ground Water,39.74425,-104.992522,2021,04/30/2021,,,,,ng/L,0,0,,0,0,0,0,0,0,0,0,0,0,,,0,0,,0.81,0,0,4.1,0,0,,,,,,,0,0,,0,,0,0,0,0,0,0,,0,0,0,0,0,0,,0,0,0,
DMR Permits et al 2024,675 15 ST,Ground Water,39.74425,-104.992522,2021,05/31/2021,,,,,ng/L,0,0,,0,0,0,0.7,0,0,0,0,0,0,,,0,0,,1.5,0,0,6.1,0,0,,,,,,,0,0,,0,,0,0,0,0,0,0,,0,0,0,0,0,0,,0,0,0,
DMR Permits et al 2024,675 15 ST,Ground Water,39.74425,-104.992522,2021,03/31/2021,,,,,ng/L,0,0,,0,0,0,0,0,0,0,0,0,0,,,0,0,,0.68,0,0,2.7,0,0,,,,,,,0,0,,0,,0,0,0,0,0,0,,0,0,0,0,0,0,,0,0,0,
DMR Permits et al 2024,675 15 ST,Ground Water,39.74425,-104.992522,2021,06/30/2021,,,,,ng/L,0,0,,0,0,0,0.56,0,0,0,0,0,0,,,0,0,,0.91,0,0,7.1,0,0,,,,,,,0,0,,0,,0,0,0,0,0,0,,0,0,0,0,0,0,,0,0,0,
DMR Permits et al 2024,675 15 ST,Ground Water,39.74425,-104.992522,2021,07/31/2021,,,,,ng/L,0,0,,0,0,0,0.56,0,0,0,0,0,0,,,0,0,,0.91,0,0,7.1,0,0,,,,,,,0,0,,0,,0,0,0,0,0,0,,0,0,0,0,0,0,,0,0,0,
DMR Permits et al 2024,675 15 ST,Ground Water,39.74425,-104.992522,2021,08/31/2021,,,,,ng/L,0,0,,0,0,0,0,0,0,0,0,0,0,,,0,0,,1.6,0,0,10,0,0,,,,,,,0,0,,0,,0,0,0,0,0,0,,0,0,0,0,0,0,,0,0,0,
DMR Permits et al 2024,675 15 ST,Ground Water,39.74425,-104.992522,2021,09/30/2021,,,,,ng/L,0,0,,0,0,0,0,0,0,0,0,0,0,,,0,0,,0.88,0,0,5.8,0,0,,,,,,,0,0,,0,,0,0,0,0,0,0,,0,0,0,0,0,0,,0,0,0,
DMR Permits et al 2024,675 15 ST,Ground Water,39.74425,-104.992522,2021,10/31/2021,,,,,ng/L,0,0,,0,0,0,0,0,0,0,0,0,0,,,0,0,,1.1,0,0,6.5,0,0,,,,,,,0,0,,0,,0,0,0,0,0,0,,0,0,0,0,0,0,,0,0,0,
DMR Permits et al 2024,675 15 ST,Ground Water,39.74425,-104.992522,2021,04/30/2021,,,,,ng/L,0,0,,0,0,0,0,0,0,0,0,0,0,,,0,0,,0,0,0,0,0,0,,,,,,,0,0,,0,,0,0,0,0,0,0,,0,0,0,0,0,0,,0,0,0,
DMR Permits et al 2024,675 15 ST,Ground Water,39.74425,-104.992522,2021,11/30/2021,,,,,ng/L,0,0,,0,0,0,0,0,0,0,0,0,0,,,0,0,,1.7,0,0,9.2,0,0,,,,,,,0,0,,0,,0,0,0,0,0,0,,0,0,0,0,0,0,,0,0,0,
DMR Permits et al 2024,675 15 ST,Ground Water,39.74425,-104.992522,2021,12/31/2021,,,,,ng/L,0,0,,0,0,0,0,0,0,0,0,0,0,,,0,0,,0.92,0,0.16,6.1,0,0,,,,,,,0,0,,0,,0,0,0,0,0,0,,0,0,0,0,0,0,,0,0,0,
DMR Permits et al 2024,675 15 ST,Ground Water,39.74425,-104.992522,2022,01/31/2022,,,,,ng/L,0,0,,0,0,0,0,0,0,0,0,0,0,,,0,0,,0,0,0,15,0,0,,,,,,,0,0,,0,,0,0,0,0,0,0,,0,0,0,0,0,0,,0,0,0,
DMR Permits et al 2024,675 15 ST,Ground Water,39.74425,-104.992522,2022,02/28/2022,,,,,ng/L,0.91,0,,0,0,0.9,0,0,0,0,0,0,0,,,0,0,,1.2,0,0,7.9,0,0,,,,,,,0,0,,0,,0,0,0,0,0,0,,0,0,0,0,0,0,,0,0,0,
DMR Permits et al 2024,675 15 ST,Ground Water,39.74425,-104.992522,2022,03/31/2022,,,,,ng/L,0,0,,0,0,0,0,0,0,0,0,0,0,,,0,0,,1.1,0,0,5.7,0,0,,,,,,,0,0,,0,,0,0,0,0,0,0,,0,0,0,0,0,0,,0,0,0,
DMR Permits et al 2024,675 15 ST,Ground Water,39.74425,-104.992522,2022,04/30/2022,,,,,ng/L,0,0,,0,0,0,0,0,0,0,0,0,0,,,0,0,,1,0,0,6,0,0,,,,,,,0,0,,0,,0,0,0,0,0,0,,0,0,0,0,0,0,,0,0,0,
DMR Permits et al 2024,675 15 ST,Ground Water,39.74425,-104.992522,2022,05/31/2022,,,,,ng/L,0,0,,0,0,0,0,0,0,0,0,0,0,,,0,0,,1.1,0,0,7.1,0,0,,,,,,,0,0,,0,,0,0,0,0,0,0,,0,0,0,0,0,0,,0,0,0,
DMR Permits et al 2024,675 15 ST,Ground Water,39.74425,-104.992522,2022,06/30/2022,,,,,ng/L,0,0,,0,0,0,0,0,0,0,0,0,0,,,0,0,,2.7,0,0,11,0,0,,,,,,,0,0,,0,,0,0,0,0,0,0,,0,0,0,0,0,0,,0,0,0,
DMR Permits et al 2024,675 15 ST,Ground Water,39.74425,-104.992522,2022,07/31/2022,,,,,ng/L,0,0,,0,0,0,0,0,0,0,1.9,0,0,,,0,0,,2.8,0,0,8.7,0,0,,,,,,,0,0,,0,,0,0,0,0,0,0,,0,0,0,0,0,0,,0,0,0,
DMR Permits et al 2024,675 15 ST,Ground Water,39.74425,-104.992522,2022,08/31/2022,,,,,ng/L,0,0,,0,0,0,1.1,0,0,0,0,0,0,,,0,0,,5.6,0,0,14,0,0,,,,,,,0,0,,0,,0,0,0,0,0,0,,0,0,0,0,0,0,,0,0,0,
DMR Permits et al 2024,675 15 ST,Ground Water,39.74425,-104.992522,2022,09/30/2022,,,,,ng/L,0,0,,0,0,0,1.2,0,0,0,0,0,0,,,0,0,,4.1,0,0.17,13,0,0,,,,,,,0,0,,0,,0,0,0,0,0,0,,0,0,0,0,0,0,,0,0,0,
DMR Permits et al 2024,675 15 ST,Ground Water,39.74425,-104.992522,2022,10/31/2022,,,,,ng/L,0,0,,0,0,0,1.6,0,0,0,0,0,0,,,0,0,,7.9,0,0.24,17,0,0,,,,,,,0,0,,0,,0,0,0,0,0,0,,0,0,0,0,0,0,,0,0,0,
DMR Permits et al 2024,675 15 ST,Ground Water,39.74425,-104.992522,2022,11/30/2022,,,,,ng/L,0,0,,0,0,0,1.8,0,0,3.7,0,0,0,,,0,0,,6.7,0,0,14,0,0,,,,,,,0,0,,0,,0,0,0,0,0,0,,0,0,0,0,0,0,,0,0,0,
DMR Permits et al 2024,675 15 ST,Ground Water,39.74425,-104.992522,2022,12/31/2022,,,,,ng/L,0,0,,0,0,0,1.5,0,0,0,0,0,0,,,0,0,,8.6,0,0,20,0,0,,,,,,,0,0,,0,,0,0,0,0,0,0,,0,0,0,0,0,0,,0,0,0,
DMR Permits et al 2024,675 15 ST,Ground Water,39.74425,-104.992522,2023,01/31/2023,,,,,ng/L,0,0,,0,0,0,0,0,0,0,0,1.4,0,,,0,0,,6.3,0,0,14,0,0,,,,,,,0,0,,0,,0,0,0,0,0,0,,0,0,0,0,0,0,,0,0,0,
DMR Permits et al 2024,675 15 ST,Ground Water,39.74425,-104.992522,2023,02/28/2023,,,,,ng/L,0,0,,0,0,0,1.6,0,0,0,0,0,0,,,0,0,,9.1,0,0,16,0,0,,,,,,,0,0,,0,,0,0,0,0,0,0,,0,0,0,0,0,0,,0,0,0,
DMR Permits et al 2024,675 15 ST,Ground Water,39.74425,-104.992522,2023,03/31/2023,,,,,ng/L,0,0,,0,0,0,2.5,0,0,0,0,0,0,,,0,0,,14,0,0,26,0,0,,,,,,,0,0,,0,,0,0,0,0,0,0,,0,0,0,0,0,0,,0,0,0,
DMR Permits et al 2024,675 15 ST,Ground Water,39.74425,-104.992522,2023,04/30/2023,,,,,ng/L,0,0,,0,0,0,1.7,0,0,0,0,0,0,,,0,0,,12,0,0,24,0,0,,,,,,,0,0,,0,,0,0,0,0,0,0,,0,0,0,0,0,0,,0,0,0,
DMR Permits et al 2024,675 15 ST,Ground Water,39.74425,-104.992522,2023,05/31/2023,,,,,ng/L,0,0,,0,0,0,2.3,0.2,0,0,0,0,2.85,,,0,0,,16,0,0,26,0,0,,,,,,,0,0,,0,,0,0,0,0,0,0,,0,0,0,0,0,0,,0,0,0,
DMR Permits et al 2024,675 15 ST,Ground Water,39.74425,-104.992522,2023,06/30/2023,,,,,ng/L,0,0,,0,0,0,8.4,0.79,0,0,0,0,0,,,0,0,,33,0,0.275,38,0,0,,,,,,,0,0,,0,,0,0,0,0,0,0,,0,0,0,0,0,0,,0,0,0,
DMR Permits et al 2024,675 15 ST,Ground Water,39.74425,-104.992522,2023,07/31/2023,,,,,ng/L,0,0,,0,0,0,21,1.9,0,0,0,0,0,,,0,0,,56,0,0,41,0,0,,,,,,,0,0,,0,,0,0,0,0,0,0,,0,0,0,0,0,0,,0,0,0,
DMR Permits et al 2024,675 15 ST,Ground Water,39.74425,-104.992522,2023,08/31/2023,,,,,ng/L,0,0.66,,0,0,0,17,1.5,0,0,0,0,0,,,0,0,,54,0,0,42,0,0,,,,,,,0,0,,0,,0,0,0,0,0,0,,0,0,0,0,0,0,,0,0,0,
DMR Permits et al 2024,675 15 ST,Ground Water,39.74425,-104.992522,2023,09/30/2023,,,,,ng/L,0,1.1,,0,0,0,18,1.8,0,0,0,0,0,,,0,0,,57,0,1.3,37,0,0,,,,,,,0,0,,0,,0,0,0,0,0,0,,0,0,0,0,0,0,,0,0,0,
DMR Permits et al 2024,675 15 ST,Ground Water,39.74425,-104.992522,2023,10/31/2023,,,,,ng/L,0,0,,0,0,0,13,1.1,0,0,0,0,0,,,0,0,,45,0,0.94,34,0,0,,,,,,,0,0,,0,,0,0,0,0,0,0,,0,0,0,0,0,0,,0,0,0,
DMR Permits et al 2024,675 15 ST,Ground Water,39.74425,-104.992522,2023,11/30/2023,,,,,ng/L,0,0.53,,0,0,0,14,1.1,0,0,0,0,0,,,0,0,,37,0,1.1,32,0,0,,,,,,,0,0,,0,,0,0,0,0,0,0,,0,0,0,0,0,0,,0,0,0,
DMR Permits et al 2024,675 15 ST,Ground Water,39.74425,-104.992522,2023,12/31/2023,,,,,ng/L,0,0.68,,0,0,0.39,18,1.7,0,0,0,0,0,,,0,0,,56,0,1.5,42,0,0,,,,,,,0,0,,0,,0,0,0,0,0,0,,0,0,0,0,0,0,,0,0,0,
DMR Permits et al 2024,675 15 ST,Ground Water,39.74425,-104.992522,2024,01/31/2024,,,,,ng/L,0,0,,0,0,0,14,1.2,0,0,0,1.3,0,,,0,0,,46,0,0.96,40,0,0,,,,,,,0,0,,0,,0,0,0,0,0,0,,0,0,0,0,0,0,,0,0,0,
DMR Permits et al 2024,675 15 ST,Ground Water,39.74425,-104.992522,2024,02/29/2024,,,,,ng/L,0,0,,0,0,0.21,7.9,0.56,0,0,0,0,0,,,0,0,,34,0,0.7,38,0,0,,,,,,,0,0,,0,,0,0,0,0,0,0,,0,0,0,0.17,0,0,,0,0,0,
DMR Permits et al 2024,675 15 ST,Ground Water,39.74425,-104.992522,2024,03/31/2024,,,,,ng/L,0,0,,0,0,0.21,7.9,0.56,0,0,0,0,0,,,0,0,,34,0,0.7,38,0,0,,,,,,,0,0,,0,,0,0,0,0,0,0,,0,0,0,0.17,0,0,,0,0,0,
DMR Permits et al 2024,675 15 ST,Ground Water,39.74425,-104.992522,2024,03/31/2024,,,,,ng/L,0,0,,0,0,0,0,0,0,0,0,0,0,,,0,0,,0,0,0,0,0,0,,,,,,,0,0,,0,,0,0,0,0,0,0,,0,0,0,0,0,0,,0,0,0,
DMR Permits et al 2024,675 15 ST,Ground Water,39.74425,-104.992522,2024,04/30/2024,,,,,ng/L,0,0.6,,0,0,0,17,1.8,0,0,0,0,0,,,0,0,,51,0,1.1,35,0,0,,,,,,,0,0,,0,,0,0,0,0,0,0,,0,0,0,0.16,0,0,,0,0,0,
DMR Permits et al 2024,675 15 ST,Ground Water,39.74425,-104.992522,2024,04/30/2024,,,,,ng/L,0,0,,0,0,0,0,0,0,0,0,0,0,,,0,0,,0,0,0,0,0,0,,,,,,,0,0,,0,,0,0,0,0,0,0,,0,0,0,0,0,0,,0,0,0,
DMR Permits et al 2024,675 15 ST,Ground Water,39.74425,-104.992522,2024,05/31/2024,,,,,ng/L,0,0.72,,0,0,0.33,20,0.9,0,0,0,0,0,,,0,0,,56,0,1.5,40,0,0,,,,,,,0,0,,0,,0,0,0,0,0,0,,0,0,0,0,0,0,,0,0,0,
DMR Permits et al 2024,675 15 ST,Ground Water,39.751667,-104.993333,2024,05/31/2024,,,,,ng/L,0,0,,0,0,0,0,0,0,0,0,0,0,,,0,0,,0,0,0,0,0,0,,,,,,,0,0,,0,,0,0,0,0,0,0,,0,0,0,0,0,0,,0,0,0,
DMR Permits et al 2024,1800 LARIMER LLC,Ground Water,39.751667,-104.993333,2021,01/31/2021,,,,,ng/L,7.215,13.34,,0.125,0.605,15.225,29.73,15.6,0.47,0.6,0.095,1,0.185,,,0,0,,39.195,2.62,18.58,18.45,0,0,,,,,,,0,0.435,,0,,0,0,0.5,0,0.125,0.29,,0.145,0.5,0.22,1.19,0,0,,0,0,0,
DMR Permits et al 2024,1800 LARIMER LLC,Ground Water,39.751667,-104.993333,2021,02/28/2021,,,,,ng/L,6.22,13.345,,0.125,0.56,15.23,29.235,14.6,0.29,0.6,0.1,1,0.185,,,0,0,,39.7,2.07,18.58,18.5,0,0,,,,,,,0,0.45,,0,,0,0,0.55,0,0.13,0.3,,0.15,0.55,0.225,1.85,0,0,,0,0,0,
DMR Permits et al 2024,1800 LARIMER LLC,Ground Water,39.751667,-104.993333,2021,03/31/2021,,,,,ng/L,0.27,16.39,,0.46,0.625,0.285,35.765,16.115,0.045,0.75,0.12,1.25,0.23,,,0,0,,48.765,0.15,0.1,18.6,0,0,,,,,,,0,0.05,,0,,0,0,0.65,0,0.16,0.365,,0.185,0.65,0.255,0.45,0,0,,0,0,0,
DMR Permits et al 2024,1800 LARIMER LLC,Ground Water,39.751667,-104.993333,2021,05/31/2021,,,,,ng/L,0.54,0.67,,0.24,0.21,0.57,0.46,0.2,0.19,1.5,39.7,41,40.8,,,0,0,,0.39,35.5,0.2,1.9,0,0,,,,,,,0,0.87,,0,,0,0,1,0,0.32,0.58,,42.4,1,0.43,0.77,0,0,,0,0,0,
DMR Permits et al 2024,1800 LARIMER LLC,Ground Water,39.751667,-104.993333,2021,07/31/2021,,,,,ng/L,17,38,,1.4,1.4,31,31,40,0,0,0,0,0,,,0,0,,120,3.7,34,36,0,0,,,,,,,0,0,,0,,0,0,0,0,0,0,,1.4,0,0,0,0,0,,0,0,0,
DMR Permits et al 2024,1800 LARIMER LLC,Ground Water,39.751667,-104.993333,2021,06/30/2021,,,,,ng/L,0,0,,0,0,0,0,0,0,0,0,0,0,,,0,0,,0,0,0,0,0,0,,,,,,,0,0,,0,,0,0,0,0,0,0,,0,0,0,0,0,0,,0,0,0,
DMR Permits et al 2024,1800 LARIMER LLC,Ground Water,39.751667,-104.993333,2021,11/30/2021,,,,,ng/L,11,24,,0,1.23,25,57,24,0.423,0,0,0,0,,,0,0,,63,2.1,27,27,0,0,,,,,,,0,0,,0,,0,0,0,0,0,0,,0,0,0,0,0,0,,0,0,0,
DMR Permits et al 2024,1800 LARIMER LLC,Ground Water,39.751667,-104.993333,2021,12/31/2021,,,,,ng/L,9.7,31,,0,0.857,33,65,31,0.453,0,0,0,0,,,0,0,,81,4,38,35,0,0,,,,,,,0,0,,0,,0,0,0,0,0,0,,0,0,0,0,0,0,,0,0,0,
DMR Permits et al 2024,1800 LARIMER LLC,Ground Water,39.751667,-104.993333,2022,02/28/2022,,,,,ng/L,0,40,,0,1,0,54,28,0,40,0,0,0,,,0,0,,90,0,0,40,0,0,,,,,,,0,0,,0,,0,0,0,0,0,0,,38.4,0,0,8.8,0,0,,0,0,0,
DMR Permits et al 2024,1800 LARIMER LLC,Ground Water,39.751667,-104.993333,2023,07/31/2023,,,,,ng/L,0,42,,0,0,21,76,32,0,0,0,0,0,,,0,0,,91,0,32,37,0,0,,,,,,,0,0,,0,,0,0,0,0,0,0,,0,0,0,6.8,0,0,,0,0,0,
DMR Permits et al 2024,1800 LARIMER LLC,Ground Water,39.751667,-104.993333,2023,08/31/2023,,,,,ng/L,5.5,39,,0.215,0.8,21.5,77.5,32.5,0.38,0,0,0,0,,,0,0,,93,1.7,35.5,39,0,0,,,,,,,0,0,,0,,0,0,0,0,0,0,,0,0,0,3.685,0,0,,0,0,0,
DMR Permits et al 2024,1800 LARIMER LLC,Ground Water,39.751667,-104.993333,2023,09/30/2023,,,,,ng/L,13,38,,0.42,1.5,28,76,32,0.92,0,0,0,0,,,0,0,,93,4.4,41,42,0,0,,,,,,,0,0,,0,,0,0,0,0,0,0,,0,0,0,0.67,0,0,,0,0,0,
DMR Permits et al 2024,1800 LARIMER LLC,Ground Water,39.751667,-104.993333,2023,10/31/2023,,,,,ng/L,15,38,,1.8,1.4,26,82,34,0.81,7.2,7.2,7.2,7.2,,,0,0,,110,3.8,47,46,0,0,,,,,,,0,1.8,,0,,0,0,1.8,0,1.8,1.8,,1.8,1.8,1.8,0.71,0,0,,0,0,0,
DMR Permits et al 2024,1800 LARIMER LLC,Ground Water,39.751667,-104.993333,2023,11/30/2023,,,,,ng/L,16,36,,1.8,1.3,31,80,34,1.8,7.3,7.3,7.3,7.3,,,0,0,,95,4.1,48,44,0,0,,,,,,,0,1.8,,0,,0,0,3.6,0,1.8,1.8,,1.8,1.8,1.8,1.8,0,0,,0,0,0,
DMR Permits et al 2024,1800 LARIMER LLC,Ground Water,39.751667,-104.993333,2023,12/31/2023,,,,,ng/L,9.56,46.01,,0,1.47,31.56,70.42,29.12,0,2.34,0,0,4.71,,,0,0,,96.63,4.58,58.01,56.59,0,0,,,,,,,0,0.91,,0,,0,0,0,0,0,0,,1.51,0.61,1.25,1.98,0,0,,0,0,0,
DMR Permits et al 2024,1800 LARIMER LLC,Ground Water,39.751667,-104.993333,2024,01/31/2024,,,,,ng/L,8.34,41.07,,0,1.18,33.38,56.81,24.58,1.1,2.34,0,0,4.71,,,0,0,,88.62,4.88,57.18,48.01,0,0,,,,,,,0,0.91,,0,,0,0,1.13,0,1.6,0,,0,0.61,1.25,0,0,0,,0,0,0,
DMR Permits et al 2024,1800 LARIMER LLC,Ground Water,39.751667,-104.993333,2024,01/31/2024,,,,,ng/L,0,0,,0,0,0,0,0,0,0,0,0,0,,,0,0,,0,0,0,0,0,0,,,,,,,0,0,,0,,0,0,0,0,0,0,,0,0,0,0,0,0,,0,0,0,
DMR Permits et al 2024,1800 LARIMER LLC,Ground Water,39.751667,-104.993333,2024,02/29/2024,,,,,ng/L,8.65,44.74,,2.05,5.63,20.81,49.66,22.18,1.14,2.34,0,0,0,,,0,0,,56.34,3.4,33.31,35.21,0,0,,,,,,,0,1.74,,0,,0,0,1.13,0,1.6,0,,1.51,1.85,1.92,0,0,0,,0,0,0,
DMR Permits et al 2024,1800 LARIMER LLC,Ground Water,39.751667,-104.993333,2024,02/29/2024,,,,,ng/L,0,0,,0,0,0,0,0,0,0,0,0,0,,,0,0,,0,0,0,0,0,0,,,,,,,0,0,,0,,0,0,0,0,0,0,,0,0,0,0,0,0,,0,0,0,
DMR Permits et al 2024,1800 LARIMER LLC,Ground Water,39.751667,-104.993333,2024,03/31/2024,,,,,ng/L,4.29,31.21,,0,0,20.33,43.52,19.03,0,2.34,0,0,0,,,0,0,,52.7,3.69,37.59,30.9,0,0,,,,,,,0,0.91,,0,,0,0,1.13,0,1.6,0,,1.51,0.61,1.33,1.9,0,0,,0,0,0,
DMR Permits et al 2024,1800 LARIMER LLC,Ground Water,39.751667,-104.993333,2024,03/31/2024,,,,,ng/L,0,0,,0,0,0,0,0,0,0,0,0,0,,,0,0,,0,0,0,0,0,0,,,,,,,0,0,,0,,0,0,0,0,0,0,,0,0,0,0,0,0,,0,0,0,
DMR Permits et al 2024,1800 LARIMER LLC,Ground Water,39.751667,-104.993333,2024,04/30/2024,,,,,ng/L,6.99,40.19,,0,1.21,23.85,55.67,22.36,1.03,2.34,0,0,4.71,,,0,0,,67.52,3.86,44.92,35.9,0,0,,,,,,,0,0.91,,0,,0,0,0,0,1.6,0.64,,1.51,0.61,1.25,0,0,0,,0,0,0,
DMR Permits et al 2024,1800 LARIMER LLC,Ground Water,39.751667,-104.993333,2024,04/30/2024,,,,,ng/L,0,0,,0,0,0,0,0,0,0,0,0,0,,,0,0,,0,0,0,0,0,0,,,,,,,0,0,,0,,0,0,0,0,0,0,,0,0,0,0,0,0,,0,0,0,
DMR Permits et al 2024,1800 LARIMER LLC,Ground Water,39.743921,-104.992959,2022,12/31/2022,,,,,ng/L,0,0,,0,0,0,0,0,0,0,0,0,0,,,0,0,,0,0,0,0,0,0,,,,,,,0,0,,0,,0,0,0,0,0,0,,0,0,0,0,0,0,,0,0,0,
DMR Permits et al 2024,HYATT REGENCY,Ground Water,39.743921,-104.992959,2021,01/31/2021,,,,,ng/L,0,0,,0,0,0,0,0,0,0,0,0,0,,,0,0,,0,0,0,0,0,0,,,,,,,0,0,,0,,0,0,0,0,0,0,,0,0,0,0,0,0,,0,0,0,
DMR Permits et al 2024,HYATT REGENCY,Ground Water,39.743921,-104.992959,2021,02/28/2021,,,,,ng/L,34.5,41,,2.29,5,8.74,63.1,32.5,0.875,0,0,0,0,,,0,0,,67.6,1.32,29,27.5,0,0,,,,,,,0,0,,0,,0,0,0,0,0,0,,0,0,0,0,0,0,,0,0,0,
DMR Permits et al 2024,HYATT REGENCY,Ground Water,39.743921,-104.992959,2021,03/31/2021,,,,,ng/L,50,39.3,,4.36,5.29,8.61,54.3,32.8,0.659,0,0,0,0,,,0,0,,65.7,1.18,29.4,33.6,0,0,,,,,,,0,0,,0,,0,0,0,0,0,0,,0,0,0,0,0,0,,0,0,0,
DMR Permits et al 2024,HYATT REGENCY,Ground Water,39.743921,-104.992959,2021,04/30/2021,,,,,ng/L,48.7,53.5,,3.27,5.52,9.72,67,33.8,0.605,0,0,0,0,,,0,0,,67.9,1.18,37,38.6,0,0,,,,,,,0,0,,0,,0,0,0,0,0,0,,0,0,0.905,0.71,0,0,,0,0,0,
DMR Permits et al 2024,HYATT REGENCY,Ground Water,39.743921,-104.992959,2021,05/31/2021,,,,,ng/L,70.6,57.5,,6.72,8.94,11.9,66,40.5,0.723,0,0,0,0,,,0,0,,68.8,1.62,35.8,35.4,0,0,,,,,,,0,0,,0,,0,0,0,0,0,0,,0,0,0,0,0,0,,0,0,0,
DMR Permits et al 2024,HYATT REGENCY,Ground Water,39.743921,-104.992959,2021,06/30/2021,,,,,ng/L,55.4,56.2,,5.19,8.31,9.32,51,34.6,0.695,0,0,0,0,,,0,0,,66.9,1.01,29.3,38.9,0,0,,,,,,,0,0,,0,,0,0,0,0,0,0,,0,0,0,0,0,0,,0,0,0,
DMR Permits et al 2024,HYATT REGENCY,Ground Water,39.743921,-104.992959,2021,07/31/2021,,,,,ng/L,54.9,55.3,,5.35,7.89,10.3,56.2,36.8,0.787,0,0,0,0,,,0,0,,70.3,1.1,31.4,40.6,0,0,,,,,,,0,0,,0,,0,0,0,0,0,0,,0,0,0,0,0,0,,0,0,0,
DMR Permits et al 2024,HYATT REGENCY,Ground Water,39.743921,-104.992959,2021,08/31/2021,,,,,ng/L,63.2,52.9,,6.41,8.86,10,58.3,38.4,0.786,0,0,0,0,,,0,0,,74,1.06,28.5,44.4,0,0,,,,,,,0,0,,0,,0,0,0,0,0,0,,0,0,0,0.632,0,0,,0,0,0,
DMR Permits et al 2024,HYATT REGENCY,Ground Water,39.743921,-104.992959,2021,09/30/2021,,,,,ng/L,48.9,46.4,,6.04,5.79,8.64,57.1,30.7,0.626,0,0,0,0,,,0,0,,60.5,1.02,26.8,28.2,0,0,,,,,,,0,0,,0,,0,0,0,0,0,0,,0,0,0,0,0,0,,0,0,0,
DMR Permits et al 2024,HYATT REGENCY,Ground Water,39.743921,-104.992959,2021,10/31/2021,,,,,ng/L,41.5,44.7,,4.19,5.08,8.88,53.6,30.6,0.648,0,0,0,0,,,0,0,,59.4,1.03,24.8,28.1,0,0,,,,,,,0,0,,0,,0,0,0,0,0,0,,0,0,0,0,0,0,,0,0,0,
DMR Permits et al 2024,HYATT REGENCY,Ground Water,39.743921,-104.992959,2021,11/30/2021,,,,,ng/L,40.7,49.8,,4.16,4.98,9.07,69.9,32.8,0.755,0,0,0,0,,,0,0,,72,1.19,29.9,30.7,0,0,,,,,,,0,0,,0,,0,0,0,0,0,0,,0,0,0,0,0,0,,0,0,0,
DMR Permits et al 2024,HYATT REGENCY,Ground Water,39.743921,-104.992959,2021,12/31/2021,,,,,ng/L,48.1,53.8,,4.19,5.53,10.1,63.2,31.9,0.74,0,0,0,0,,,0,0,,72.4,1.09,29.8,43,0,0,,,,,,,0,0,,0,,0,0,0,0,0,0,,0,0,0,0,0,0,,0,0,0,
DMR Permits et al 2024,HYATT REGENCY,Ground Water,39.743921,-104.992959,2022,01/31/2022,,,,,ng/L,40.6,42.9,,2.99,4.41,9.21,62.1,28.9,0,0,0,0,0,,,0,0,,59.9,1.38,28.2,31.4,0,0,,,,,,,0,0,,0,,0,0,0,0,0,0,,0,0,0,0,0,0,,0,0,0,
DMR Permits et al 2024,HYATT REGENCY,Ground Water,39.743921,-104.992959,2022,02/28/2022,,,,,ng/L,52.3,46.8,,4.27,5.03,8.44,70.5,32.7,0,0,0,0,0,,,0,0,,74,0,30.5,37.7,0,0,,,,,,,0,0,,0,,0,0,0,0,1.78,0,,1.76,0,0,0,0,0,,0,0,0,
DMR Permits et al 2024,HYATT REGENCY,Ground Water,39.743921,-104.992959,2022,03/31/2022,,,,,ng/L,40,40.5,,3.7,4.61,8.74,56.8,27.4,0,0,0,0,0,,,0,0,,61.5,0,29,31,0,0,,,,,,,0,0,,0,,0,0,0,0,0,0,,0,0,0,0,0,0,,0,0,0,
DMR Permits et al 2024,HYATT REGENCY,Ground Water,39.743921,-104.992959,2022,04/30/2022,,,,,ng/L,48.9,37.8,,4.02,4.85,9.62,50.3,35.3,0,0,0,0,0,,,0,0,,66.3,0,30.4,32.3,0,0,,,,,,,0,0,,0,,0,0,0,0,0,0,,0,0,0,0,0,0,,0,0,0,
DMR Permits et al 2024,HYATT REGENCY,Ground Water,39.743921,-104.992959,2022,05/31/2022,,,,,ng/L,33.4,34.2,,3.42,4.69,5.9,48.2,25.6,0,0,0,0,0,,,0,0,,51,0,23.2,25.4,0,0,,,,,,,0,0,,0,,0,0,0,0,0,0,,0,0,0,0,0,0,,0,0,0,
DMR Permits et al 2024,HYATT REGENCY,Ground Water,39.743921,-104.992959,2022,06/30/2022,,,,,ng/L,60.3,48.2,,4.6,5.44,7.89,53.7,32.9,0,0,0,0,0,,,0,0,,55.9,0,31.9,30.2,0,0,,,,,,,0,0,,0,,0,0,0,0,0,0,,0,0,0,0,0,0,,0,0,0,
DMR Permits et al 2024,HYATT REGENCY,Ground Water,39.743921,-104.992959,2022,07/31/2022,,,,,ng/L,44.7,46.3,,4.21,6.39,7.66,52.1,37.1,0,0,0,23.1,0,,,0,0,,61.5,0,30.5,35,0,0,,,,,,,0,0,,0,,0,0,0,0,0,0,,0,0,0,0,0,0,,0,0,0,
DMR Permits et al 2024,HYATT REGENCY,Ground Water,39.743921,-104.992959,2022,08/31/2022,,,,,ng/L,89,55.2,,10.4,10.2,10.5,63.1,32.9,0,0,0,0,0,,,0,0,,77.3,0,33,35.8,0,0,,,,,,,0,0,,0,,0,0,0,0,0,0,,0,0,0,0,0,0,,0,0,0,
DMR Permits et al 2024,HYATT REGENCY,Ground Water,39.743921,-104.992959,2022,09/30/2022,,,,,ng/L,55.85,52.7,,6.2,6.8,8.9,62.4,34.9,0,0,0,0,0,,,0,0,,61.6,0,35.9,34.5,0,0,,,,,,,0,0,,0,,0,0,0,0,0,0,,0,0,0,0,0,0,,0,0,0,
DMR Permits et al 2024,HYATT REGENCY,Ground Water,39.743921,-104.992959,2022,10/31/2022,,,,,ng/L,65.3,57.9,,6.45,8.14,8.71,68.4,40.5,0,0,0,0,0,,,0,0,,77.1,0,36.2,37.3,0,0,,,,,,,0,0,,0,,0,0,0,0,0,0,,0,0,0,0,0,0,,0,0,0,
DMR Permits et al 2024,HYATT REGENCY,Ground Water,39.743921,-104.992959,2022,11/30/2022,,,,,ng/L,65.4,41.9,,5.95,6.62,7.91,47.8,30.9,0,0,0,0,0,,,0,0,,62.3,0,23.9,30.5,0,0,,,,,,,0,0,,0,,0,0,0,0,0,0,,0,0,0,0,0,0,,0,0,0,
DMR Permits et al 2024,HYATT REGENCY,Ground Water,39.743921,-104.992959,2022,12/31/2022,,,,,ng/L,31.2,36.2,,2.78,4.41,8.29,42.7,22.8,0,0,0,0,0,,,0,0,,52.5,0,23.3,25.1,0,0,,,,,,,0,0,,0,,0,0,0,0,0,0,,0.87,0,0,0,0,0,,0,0,0,
DMR Permits et al 2024,HYATT REGENCY,Ground Water,39.743921,-104.992959,2023,01/31/2023,,,,,ng/L,31.5,34.1,,2.93,4.17,8.94,43.8,28.2,0,0,0,0,0,,,0,0,,55.5,0,22.3,29.1,0,0,,,,,,,0,0,,0,,0,0,0,0,0,0,,0,0,0,0,0,0,,0,0,0,
DMR Permits et al 2024,HYATT REGENCY,Ground Water,39.743921,-104.992959,2023,02/28/2023,,,,,ng/L,34.1,37.8,,3.09,4.7,8.72,48.5,26.7,0,0,0,0,0,,,0,0,,59.7,0,22.9,34.3,0,0,,,,,,,0,0,,0,,0,0,0,0,0,0,,0,0,0,0,0,0,,0,0,0,
DMR Permits et al 2024,HYATT REGENCY,Ground Water,39.743921,-104.992959,2023,03/31/2023,,,,,ng/L,45.5,42.7,,3.58,4.92,8.48,52.3,28.4,0,0,0,0,0,,,0,0,,65.2,0,27.3,31.2,0,0,,,,,,,0,0,,0,,0,0,0,0,0,0,,0,0,0,0,0,0,,0,0,0,
DMR Permits et al 2024,HYATT REGENCY,Ground Water,39.743921,-104.992959,2023,04/30/2023,,,,,ng/L,46.7,35.8,,3.57,4.86,7.63,48.6,24.9,0,0,0,0,0,,,0,0,,59.7,2.03,26.2,33.9,0,0,,,,,,,0,0,,0,,0,0,0,0,0,0,,0,0,0,0,0,0,,0,0,0,
DMR Permits et al 2024,HYATT REGENCY,Ground Water,39.743921,-104.992959,2023,05/31/2023,,,,,ng/L,72.6,58.9,,5.19,7.62,10.2,58.3,35.1,0,0,0,0,0,,,0,0,,69.7,2.35,26,38.8,0,0,,,,,,,0,0,,0,,0,0,0,0,0,0,,0,0,0,0,0,0,,0,0,0,
DMR Permits et al 2024,HYATT REGENCY,Ground Water,39.743921,-104.992959,2023,06/30/2023,,,,,ng/L,83,54.7,,10.7,10.2,5.67,36.7,23,0.883,0,0,0,0,,,0,0,,48.7,0.804,19.7,25.2,0,0,,,,,,,0,0,,0,,0,0,0,0,0,0,,0,0,0,0.837,0,0,,0,0,0,
DMR Permits et al 2024,HYATT REGENCY,Ground Water,39.743921,-104.992959,2023,07/31/2023,,,,,ng/L,80.3,62,,10.2,8.66,10.1,56.2,36.5,1.04,0,0,0,0,,,0,0,,75.1,1.21,33.7,42.3,0,0,,,,,,,0,0,,0,,0,0,0,0,0,0,,0,0,0,1,0,0,,0,0,0,
DMR Permits et al 2024,HYATT REGENCY,Ground Water,39.743921,-104.992959,2023,08/31/2023,,,,,ng/L,55.4,48.7,,7.81,6.65,9.52,58.2,27.9,1.14,0,0,0,0,,,0,0,,60.6,1.41,27.8,39,0,0,,,,,,,0,0,,0,,0,0,0,0,0,0,,0,0,0,0.791,0,0,,0,0,0,
DMR Permits et al 2024,HYATT REGENCY,Ground Water,39.743921,-104.992959,2023,09/30/2023,,,,,ng/L,47.8,43.3,,6.51,4.58,8.91,52,25.6,0.775,0,0,0,0,,,0,0,,58.4,1.02,24.1,27.9,0,0,,,,,,,0,0,,0,,0,0,0,0,0,0,,0,0,0,0,0,0,,0,0,0,
DMR Permits et al 2024,HYATT REGENCY,Ground Water,39.743921,-104.992959,2023,10/31/2023,,,,,ng/L,47.2,40.1,,6.81,4.77,7.79,43.8,27.6,0.64,0,0,0,0,,,0,0,,61.3,1.1,21.5,26.7,0,0,,,,,,,0,0,,0,,0,0,0,0,4.66,0,,0,0,0,0,0,0,,0,0,0,
DMR Permits et al 2024,HYATT REGENCY,Ground Water,39.743921,-104.992959,2023,11/30/2023,,,,,ng/L,37.3,40.6,,4.06,4.44,8.96,43.3,25.3,0.588,0,0,0,0,,,0,0,,56,1.28,23.4,28.9,0,0,,,,,,,0,0,,0,,0,0,0,0,0,0,,0,0,0,0,0,0,,0,0,0,
DMR Permits et al 2024,HYATT REGENCY,Ground Water,39.743921,-104.992959,2023,12/31/2023,,,,,ng/L,35.3,39.2,,3.85,3.47,8.05,45.9,28.8,0.678,0,0,0,0,,,0,0,,51.5,0.984,26.5,27.9,0,0,,,,,,,0,0,,0,,0,0,0,0,0,0,,0,0,0,0,0,0,,0,0,0,
DMR Permits et al 2024,HYATT REGENCY,Ground Water,39.743921,-104.992959,2024,01/31/2024,,,,,ng/L,31.4,35.5,,2.84,3.48,7.05,43.9,23.6,0,0,0,0,0,,,0,0,,53.1,0.906,21.6,25.2,0,0,,,,,,,0,0,,0,,0,0,0,0,0,0,,0,0,0,0,0,0,,0,0,0,
DMR Permits et al 2024,HYATT REGENCY,Ground Water,39.743921,-104.992959,2024,01/31/2024,,,,,ng/L,0,0,,0,0,0,0,0,0,0,0,0,0,,,0,0,,0,0,0,0,0,0,,,,,,,0,0,,0,,0,0,0,0,0,0,,0,0,0,0,0,0,,0,0,0,
DMR Permits et al 2024,HYATT REGENCY,Ground Water,39.743921,-104.992959,2024,02/29/2024,,,,,ng/L,37.1,34.9,,3.83,3.71,5.79,43.8,23.5,0,0,0,0,0,,,0,0,,50.8,0.864,23.3,25.7,0,0,,,,,,,0,0,,0,,0,0,0,0,0,0,,0,0,0,0,0,0,,0,0,0,
DMR Permits et al 2024,HYATT REGENCY,Ground Water,39.743921,-104.992959,2024,02/29/2024,,,,,ng/L,0,0,,0,0,0,0,0,0,0,0,0,0,,,0,0,,0,0,0,0,0,0,,,,,,,0,0,,0,,0,0,0,0,0,0,,0,0,0,0,0,0,,0,0,0,
DMR Permits et al 2024,HYATT REGENCY,Ground Water,39.743921,-104.992959,2024,03/31/2024,,,,,ng/L,49.2,34.3,,5.54,4.54,5.97,41.6,23.3,0.563,0,0,0,0,,,0,0,,51.1,0.868,23.1,24.8,0,0,,,,,,,0,0,,0,,0,0,0,0,0,0,,0,0,0,0.817,0,0,,0,0,0,
DMR Permits et al 2024,HYATT REGENCY,Ground Water,39.743921,-104.992959,2024,03/31/2024,,,,,ng/L,0,0,,0,0,0,0,0,0,0,0,0,0,,,0,0,,0,0,0,0,0,0,,,,,,,0,0,,0,,0,0,0,0,0,0,,0,0,0,0,0,0,,0,0,0,
DMR Permits et al 2024,HYATT REGENCY,Ground Water,39.743921,-104.992959,2024,04/30/2024,,,,,ng/L,49.4,38.9,,4.42,5.07,7.49,43.2,31.6,0.891,0,0,0,0,,,0,0,,56.3,0.919,26.3,28.9,0,0,,,,,,,0,0,,0,,0,0,0,0,0,0,,0,0,0,0.719,0,0,,0,0,0,
DMR Permits et al 2024,HYATT REGENCY,Ground Water,39.743921,-104.992959,2024,04/30/2024,,,,,ng/L,0,0,,0,0,0,0,0,0,0,0,0,0,,,0,0,,0,0,0,0,0,0,,,,,,,0,0,,0,,0,0,0,0,0,0,,0,0,0,0,0,0,,0,0,0,
DMR Permits et al 2024,HYATT REGENCY,Ground Water,39.743921,-104.992959,2024,05/31/2024,,,,,ng/L,51.9,46.8,,6.73,6.51,6.93,44,26.1,0.651,0,0,0,0,,,0,0,,56.7,0.86,22.2,29.8,0,0,,,,,,,0,0,,0,,0,0,0,0,0,0,,0,0,0,1.21,0,0,,0,0,0,
DMR Permits et al 2024,HYATT REGENCY,Ground Water,39.743889,-105.000833,2024,05/31/2024,,,,,ng/L,0,0,,0,0,0,0,0,0,0,0,0,0,,,0,0,,0,0,0,0,0,0,,,,,,,0,0,,0,,0,0,0,0,0,0,,0,0,0,0,0,0,,0,0,0,
DMR Permits et al 2024,AURARIA SCIENCE BUILDING,Ground Water,39.743889,-105.000833,2021,02/28/2021,,,,,ng/L,13,11,,0,0.67,15,6.1,2.2,0.41,0,0,0,0,,,0,0,,5.9,3.2,16,24,0,0,,,,,,,0,0,,0,,0,0,0,0,0,0,,0,0,0.53,1.1,0,0,,0,0,0,
DMR Permits et al 2024,AURARIA SCIENCE BUILDING,Ground Water,39.743889,-105.000833,2021,01/31/2021,,,,,ng/L,17,16,,0.42,0.67,15,11,4.6,0,0,0,0,0,,,0,0,,13,2.9,17,27,0,0,,,,,,,0,0,,0,,0,0,0,0,0,0,,0,0,0,0,0,0,,0,0,0,
DMR Permits et al 2024,AURARIA SCIENCE BUILDING,Ground Water,39.743889,-105.000833,2021,02/28/2021,,,,,ng/L,0,0,,0,0,0,0,0,0,0,0,0,0,,,0,0,,0,0,0,0,0,0,,,,,,,0,0,,0,,0,0,0,0,0,0,,0,0,0,0,0,0,,0,0,0,
DMR Permits et al 2024,AURARIA SCIENCE BUILDING,Ground Water,39.743889,-105.000833,2021,03/31/2021,,,,,ng/L,19,17,,0,0.68,19,17,4.8,0.55,0,0,0,0,,,0,0,,17,3.7,20,31,0,0,,,,,,,0,0,,0,,0,0,0,0,0,0,,0.31,0,0,0,0,0,,0,0,0,
DMR Permits et al 2024,AURARIA SCIENCE BUILDING,Ground Water,39.743889,-105.000833,2021,04/30/2021,,,,,ng/L,12,14,,0,0,14,15,5.2,0.42,0,0,0,0,,,0,0,,16,3.3,18,23,0,0,,,,,,,0,0,,0,,0,0,0,0,0,0,,0,0,0,0,0,0,,0,0,0,
DMR Permits et al 2024,AURARIA SCIENCE BUILDING,Ground Water,39.743889,-105.000833,2021,05/31/2021,,,,,ng/L,0,13,,0.45,0.51,0,17,6.1,0,0,0,0,0,,,0,0,,17,0,0,22,0,0,,,,,,,0,0,,0,,0,0,0,0,0,0,,0,0,0,0,0,0,,0,0,0,
DMR Permits et al 2024,AURARIA SCIENCE BUILDING,Ground Water,39.743889,-105.000833,2021,06/30/2021,,,,,ng/L,15,16,,0,0.54,16,20,7.6,0.5,0,0,0,0,,,0,0,,24,3.3,18,25,0,0,,,,,,,0,0,,0,,0,0,0,0,0,0,,0,0,0,0,0,0,,0,0,0,
DMR Permits et al 2024,AURARIA SCIENCE BUILDING,Ground Water,39.743889,-105.000833,2021,07/31/2021,,,,,ng/L,13,16,,0,0,15,19,7.3,0,0,0,0,0,,,0,0,,20,2.5,17,18,0,0,,,,,,,0,0,,0,,0,0,0,0,0,0,,0,0,0,13,0,0,,0,0,0,
DMR Permits et al 2024,AURARIA SCIENCE BUILDING,Ground Water,39.743889,-105.000833,2021,08/31/2021,,,,,ng/L,15,17,,0,0.46,17,18,8.5,0.6,0,0,0,0,,,0,0,,19,3.1,18,27,0,0,,,,,,,0,0,,0,,0,0,0,0,0,0,,0.33,0,0,15,0,0,,0,0,0,
DMR Permits et al 2024,AURARIA SCIENCE BUILDING,Ground Water,39.743889,-105.000833,2021,09/30/2021,,,,,ng/L,17,20,,0.55,0.72,19,18,7.4,0.47,0,0,0,0,,,0,0,,20,3.8,24,30,0,0,,,,,,,0,0,,0,,0,0,0,0,0,0,,0,0,0,0,0,0,,0,0,0,
DMR Permits et al 2024,AURARIA SCIENCE BUILDING,Ground Water,39.743889,-105.000833,2021,10/31/2021,,,,,ng/L,16,17,,0,0,18,18,7.4,0.56,0,0,0,0,,,0,0,,18,3.5,21,28,0,0,,,,,,,0,0,,0,,0,0,0,0,0,0,,0,0,0,0,0,0,,0,0,0,
DMR Permits et al 2024,AURARIA SCIENCE BUILDING,Ground Water,39.743889,-105.000833,2021,11/30/2021,,,,,ng/L,11,16,,0.3,0.52,15,14,5.2,0.34,0,0,0,0,,,0,0,,14,2.9,14,29,0,0,,,,,,,0,0,,0,,0,0,0,0,0,0,,0,0,0,0,0,0,,0,0,0,
DMR Permits et al 2024,AURARIA SCIENCE BUILDING,Ground Water,39.743889,-105.000833,2021,12/31/2021,,,,,ng/L,13,15,,0,0.61,15,12,4.9,0.39,0,0,0,0,,,0,0,,12,2.6,15,28,0,0,,,,,,,0,0,,0,,0,0,0,0,0,0,,0,0,0,0,0,0,,0,0,0,
DMR Permits et al 2024,AURARIA SCIENCE BUILDING,Ground Water,39.743889,-105.000833,2022,01/31/2022,,,,,ng/L,11,13,,0,0.69,14,11,4.8,0.5,0,0,0,0,,,0,0,,11,2.8,17,26,0,0,,,,,,,0,0,,0,,0,0,0,0,0,0,,0,0,0,0,0,0,,0,0,0,
DMR Permits et al 2024,AURARIA SCIENCE BUILDING,Ground Water,39.743889,-105.000833,2022,02/28/2022,,,,,ng/L,12,11,,0.35,0.58,16,10,3.9,0.51,0,0,0,0,,,0,0,,10,3.2,20,26,0,0,,,,,,,0,0,,0,,0,0,0,0,0,0,,0,0,0,0,0,0,,0,0,0,
DMR Permits et al 2024,AURARIA SCIENCE BUILDING,Ground Water,39.743889,-105.000833,2022,03/31/2022,,,,,ng/L,14,14,,0,0,19,16,6.4,0.5,0,0,0,0,,,0,0,,18,3.4,24,27,0,0,,,,,,,0,0,,0,,0,0,0,0,0,0,,0,0,0,0,0,0,,0,0,0,
DMR Permits et al 2024,AURARIA SCIENCE BUILDING,Ground Water,39.743889,-105.000833,2022,04/30/2022,,,,,ng/L,17,15,,0,0.55,17,16,6.1,0.47,0,0,0,0,,,0,0,,17,3.8,20,23,0,0,,,,,,,0,0,,0,,0,0,0,0,0,0,,0,0,0,0,0,0,,0,0,0,
DMR Permits et al 2024,AURARIA SCIENCE BUILDING,Ground Water,39.743889,-105.000833,2022,05/31/2022,,,,,ng/L,13,13,,0.25,0.49,17,16,6.6,0.44,0,0,0,0,,,0,0,,20,3.5,22,26,0,0,,,,,,,0,0,,0,,0,0,0,0,0,0,,0,0,0,0,0,0,,0,0,0,
DMR Permits et al 2024,AURARIA SCIENCE BUILDING,Ground Water,39.743889,-105.000833,2022,06/30/2022,,,,,ng/L,21,0,,0,21,21,25,10,0.69,0,0,0,0,,,0,0,,31,4,26,32,0,0,,,,,,,0,0,,0,,0,0,0,0,0,0,,0,0,0,0,0,0,,0,0,0,
DMR Permits et al 2024,AURARIA SCIENCE BUILDING,Ground Water,39.743889,-105.000833,2022,07/31/2022,,,,,ng/L,17,19,,0,0.54,18,22,8.8,0.74,0,0,0,0,,,0,0,,24,4.2,23,27,0,0,,,,,,,0,0,,0,,0,0,0,0,0,0,,0,0,0,17,0,0,,0,0,0,
DMR Permits et al 2024,AURARIA SCIENCE BUILDING,Ground Water,39.743889,-105.000833,2022,08/31/2022,,,,,ng/L,0,23,,1.5,1.9,0,25,12,0,0,0,0,0,,,0,0,,38,0,0,33,0,0,,,,,,,0,0,,0,,0,0,0,0,0,0,,0,0,0,0,0,0,,0,0,0,
DMR Permits et al 2024,AURARIA SCIENCE BUILDING,Ground Water,39.743889,-105.000833,2022,09/30/2022,,,,,ng/L,18,20,,0,0.67,19,18,8.8,0.65,0,0,0,0,,,0,0,,23,0,30,28,0,0,,,,,,,0,0,,0,,0,0,0,0,0,0,,0,0,0,0,0,0,,0,0,0,
DMR Permits et al 2024,AURARIA SCIENCE BUILDING,Ground Water,39.743889,-105.000833,2022,10/31/2022,,,,,ng/L,18,19,,0,0.68,19,20,8.4,0.8,0,0,0,0,,,0,0,,20,0,23,32,0,0,,,,,,,0,0,,0,,0,0,0,0,0,0,,0,0,0,0,0,0,,0,0,0,
DMR Permits et al 2024,AURARIA SCIENCE BUILDING,Ground Water,39.743889,-105.000833,2022,11/30/2022,,,,,ng/L,17,18,,0.45,0.76,17,15,6.1,0.6,0,0,0,0,,,0,0,,16,3.1,19,29,0,0,,,,,,,0,0,,0,,0,0,0,0,0,0,,0,0,0,0,0,0,,0,0,0,
DMR Permits et al 2024,AURARIA SCIENCE BUILDING,Ground Water,39.743889,-105.000833,2022,12/31/2022,,,,,ng/L,12,14,,0,0,15,13,6.1,0.39,0,0,0,0,,,0,0,,14,0,20,26,0,0,,,,,,,0,0,,0,,0,0,0,0,0,0,,0,0,0,12,0,0,,0,0,0,
DMR Permits et al 2024,AURARIA SCIENCE BUILDING,Ground Water,39.743889,-105.000833,2023,01/31/2023,,,,,ng/L,0,10,,0.19,0.5,0,9.4,3.3,0,0,0,0,0,,,0,0,,11,0,0,24,0,0,,,,,,,0,0,,0,,0,0,0,0,0,0,,0,0,0,16,0,0,,0,0,0,
DMR Permits et al 2024,AURARIA SCIENCE BUILDING,Ground Water,39.743889,-105.000833,2023,02/28/2023,,,,,ng/L,16,18,,0.3,0.78,17,12,5.6,0,0,0,0,0,,,0,0,,14,3.3,22,30,0,0,,,,,,,0,0,,0,,0,0,0,0,0,0,,0,0,0,0,0,0,,0,0,0,
DMR Permits et al 2024,AURARIA SCIENCE BUILDING,Ground Water,39.743889,-105.000833,2023,03/31/2023,,,,,ng/L,0,18,,0,0,0,12,5.6,0,0,0,0,0,,,0,0,,14,0,0,30,0,0,,,,,,,0,0,,0,,0,0,0,0,0,0,,0,0,0,0,0,0,,0,0,0,
DMR Permits et al 2024,AURARIA SCIENCE BUILDING,Ground Water,39.743889,-105.000833,2023,04/30/2023,,,,,ng/L,12,15,,0,0,15,9.8,0,0,0,0,0,0,,,0,0,,9.5,0,19,23,0,0,,,,,,,0,0,,0,,0,0,0,0,0,0,,0,0,0,0,0,0,,0,0,0,
DMR Permits et al 2024,AURARIA SCIENCE BUILDING,Ground Water,39.743889,-105.000833,2023,05/31/2023,,,,,ng/L,12,11,,0.15,0.44,16,14,5.3,0,0,0,0,0,,,0,0,,16,0,19,23,0,0,,,,,,,0,0,,0,,0,0,0,0,0,0,,0,0,0,0,0,0,,0,0,0,
DMR Permits et al 2024,AURARIA SCIENCE BUILDING,Ground Water,39.743889,-105.000833,2023,06/30/2023,,,,,ng/L,0,21,,0,0.95,0,29,11,0,0,0,0,0,,,0,0,,31,0,0,32,0,0,,,,,,,0,0,,0,,0,0,0,0,0,0,,0,0,0,24,0,0,,0,0,0,
DMR Permits et al 2024,AURARIA SCIENCE BUILDING,Ground Water,39.743889,-105.000833,2023,07/31/2023,,,,,ng/L,24,21,,0,0.95,21,29,32,0,0,0,0,0,,,0,0,,31,0,32,32,0,0,,,,,,,0,0,,0,,0,0,0,0,11,0,,0,0,0,24,0,0,,0,0,0,
DMR Permits et al 2024,AURARIA SCIENCE BUILDING,Ground Water,39.743889,-105.000833,2023,08/31/2023,,,,,ng/L,20,17,,0,0.82,20,19,7.8,0,0,0,0,0,,,0,0,,21,3.7,26,26,0,0,,,,,,,0,0,,0,,0,0,0,0,0,0,,0,0,0,0,0,0,,0,0,0,
DMR Permits et al 2024,AURARIA SCIENCE BUILDING,Ground Water,39.743889,-105.000833,2023,09/30/2023,,,,,ng/L,18,17,,0,0.79,19,19,8.3,0.79,0,0,0,0,,,0,0,,24,0,0,28,0,0,,,,,,,0,0,,0,,0,0,0,0,0,0,,0,0,0,18,0,0,,0,0,0,
DMR Permits et al 2024,AURARIA SCIENCE BUILDING,Ground Water,39.743889,-105.000833,2023,10/31/2023,,,,,ng/L,18,19,,0,0.73,21,20,7.8,0.62,0,0,0,0,,,0,0,,24,0,26,29,0,0,,,,,,,0,0,,0,,0,0,0,0,0,0,,0,0,0,0,0,0,,0,0,0,
DMR Permits et al 2024,AURARIA SCIENCE BUILDING,Ground Water,39.743889,-105.000833,2023,11/30/2023,,,,,ng/L,20,19,,0,0.91,20,20,7.4,0,0,0,0,0,,,0,0,,20,3.2,24,30,0,0,,,,,,,0,0,,0,,0,0,0,0,0,0,,0,0,0,0,0,0,,0,0,0,
DMR Permits et al 2024,AURARIA SCIENCE BUILDING,Ground Water,39.743889,-105.000833,2023,12/31/2023,,,,,ng/L,18,17,,0,0.96,21,18,7.1,0.82,0,0,0,0,,,0,0,,21,0,23,31,0,0,,,,,,,0,0,,0,,0,0,0,0,0,0,,0,0,0,18,0,0,,0,0,0,
DMR Permits et al 2024,AURARIA SCIENCE BUILDING,Ground Water,39.743889,-105.000833,2024,01/31/2024,,,,,ng/L,18,17,,0,0.95,21,18,7.1,0.82,0,0,0,0,,,0,0,,21,3.4,23,31,0,0,,,,,,,0,0,,0,,0,0,0,0,0,0,,0,0,0,0,0,0,,0,0,0,
DMR Permits et al 2024,AURARIA SCIENCE BUILDING,Ground Water,39.743889,-105.000833,2024,02/29/2024,,,,,ng/L,9,8.3,,0,0.41,7.9,8.2,3.6,0,0,0,0,0,,,0,0,,9.5,1.3,9.1,14,0,0,,,,,,,0,0,,0,,0,0,0,0,0,0,,0,0,0,0.24,0,0,,0,0,0,
DMR Permits et al 2024,AURARIA SCIENCE BUILDING,Ground Water,39.743889,-105.000833,2024,03/31/2024,,,,,ng/L,8.2,7.6,,0,0.51,8.9,9,3.3,0,0,0,0,0,,,0,0,,9.5,1.4,10,15,0,0,,,,,,,0,0,,0,,0,0,0,0,0,0,,0,0,0,0.79,0,0,,0,0,0,
DMR Permits et al 2024,AURARIA SCIENCE BUILDING,Ground Water,39.6797,-104.9614,2024,04/30/2024,,,,,ng/L,7.2,8.3,,0,0.48,0,9.3,3.4,0,0,0,0.52,0.68,,,0,0,,11,1.4,11,14,0,0,,,,,,,0,0,,0,,0,0,0,0,0,0,,0,0,0,1.2,0,0,,0,0,0,
DMR Permits et al 2024,COLLEGE OF LAW,Ground Water,39.6797,-104.9614,2021,01/31/2021,,,,,ng/L,8.4,21,,1.8,1.4,9.6,36,14,0.33,3.6,1.8,4.6,1.8,,,0,0,,40,2,26,22,0,0,,,,,,,0,1.8,,0,,0,0,4.6,0,1.8,1.8,,1.8,1.8,1.8,1.8,0,0,,0,0,0,
DMR Permits et al 2024,COLLEGE OF LAW,Ground Water,39.6797,-104.9614,2021,02/28/2021,,,,,ng/L,9.4,22,,0.25,1.4,9,36,16,0.32,3.3,1.6,4.2,1.6,,,0,0,,35,1.9,23,18,0,0,,,,,,,0,1.6,,0,,0,0,4.1,0,1.6,1.6,,1.6,1.6,1.6,1.6,0,0,,0,0,0,
DMR Permits et al 2024,COLLEGE OF LAW,Ground Water,39.6797,-104.9614,2021,03/31/2021,,,,,ng/L,2.6,12,,1.7,0.23,5,85,18,1.7,3.4,1.7,4.2,1.7,,,0,0,,83,0.75,11,40,0,0,,,,,,,0,1.7,,0,,0,0,4.2,0,1.7,1.7,,1.7,1.7,1.7,1.3,0,0,,0,0,0,
DMR Permits et al 2024,COLLEGE OF LAW,Ground Water,39.6797,-104.9614,2021,04/30/2021,,,,,ng/L,13,27,,1.8,2.7,10,47,20,0.36,3.1,1.6,3.9,1.6,,,0,0,,44,2.6,24,26,0,0,,,,,,,0,1.6,,0,,0,0,3.9,0,1.6,1.6,,1.6,1.6,1.6,1.6,0,0,,0,0,0,
DMR Permits et al 2024,COLLEGE OF LAW,Ground Water,39.6797,-104.9614,2021,05/31/2021,,,,,ng/L,9.7,23,,1,2.1,7.5,30,14,1.7,3.4,1.7,14,1.7,,,0,0,,35,1.9,22,17,0,0,,,,,,,0,1.7,,0,,0,0,4.3,0,1.7,1.7,,1.7,1.7,1.7,9.7,0,0,,0,0,0,
DMR Permits et al 2024,COLLEGE OF LAW,Ground Water,39.6797,-104.9614,2021,06/30/2021,,,,,ng/L,7.8,21,,0.82,1.6,8.1,30,14,1.6,3.3,1.6,4.1,1.6,,,0,0,,33,1.6,24,17,0,0,,,,,,,0,1.6,,0,,0,0,4.1,0,0.28,1.6,,1.6,1.6,1.6,1.6,0,0,,0,0,0,
DMR Permits et al 2024,COLLEGE OF LAW,Ground Water,39.6797,-104.9614,2021,07/31/2021,,,,,ng/L,2.2,9,,0.48,0.37,3,59,13,1.8,3.5,1.8,4.4,1.8,,,0,0,,80,0.3,8.2,48,0,0,,,,,,,0,1.8,,0,,0,0,4.4,0,1.8,1.8,,1.8,1.8,1.8,1.8,0,0,,0,0,0,
DMR Permits et al 2024,COLLEGE OF LAW,Ground Water,39.6797,-104.9614,2021,08/31/2021,,,,,ng/L,10,26,,1.7,2.8,7.8,41,18,0.3,3.3,1.7,4.1,1.7,,,0,0,,46,1.6,22,23,0,0,,,,,,,0,1.7,,0,,0,0,4.1,0,1.7,1.7,,1.7,1.7,1.7,1.7,0,0,,0,0,0,
DMR Permits et al 2024,COLLEGE OF LAW,Ground Water,39.6797,-104.9614,2021,09/30/2021,,,,,ng/L,12,27,,1.2,2,9.7,43,18,0.25,3.3,1.7,4.2,1.7,,,0,0,,44,2.1,38,24,0,0,,,,,,,0,1.7,,0,,0,0,4.2,0,1.7,1.7,,1.7,1.7,1.7,1.7,0,0,,0,0,0,
DMR Permits et al 2024,COLLEGE OF LAW,Ground Water,39.6797,-104.9614,2021,10/31/2021,,,,,ng/L,9.3,23,,1.2,1.9,9.5,42,15,1.8,3.7,1.8,4.6,1.8,,,0,0,,42,2,27,22,0,0,,,,,,,0,1.8,,0,,0,0,4.6,0,1.8,1.8,,1.8,1.8,1.8,1.8,0,0,,0,0,0,
DMR Permits et al 2024,COLLEGE OF LAW,Ground Water,39.6797,-104.9614,2021,11/30/2021,,,,,ng/L,10,30,,1.9,1.5,12,46,21,0.4,3.7,1.9,4.6,1.9,,,0,0,,48,2.2,29,27,0,0,,,,,,,0,1.9,,0,,0,0,4.6,0,1.9,1.9,,1.9,1.9,1.9,1.9,0,0,,0,0,0,
DMR Permits et al 2024,COLLEGE OF LAW,Ground Water,39.6797,-104.9614,2021,12/31/2021,,,,,ng/L,8.9,19,,1.9,1.5,9.7,41,14,0.3,3.8,1.9,4.7,1.9,,,0,0,,38,1.8,19,20,0,0,,,,,,,0,1.9,,0,,0,0,4.7,0,1.9,1.9,,1.9,1.9,1.9,1.9,0,0,,0,0,0,
DMR Permits et al 2024,COLLEGE OF LAW,Ground Water,39.6797,-104.9614,2022,01/31/2022,,,,,ng/L,9.4,24,,0.71,1.5,9.7,62,21,0.3,3.2,1.6,4,1.6,,,0,0,,54,1.7,20,22,0,0,,,,,,,0,1.6,,0,,0,0,4,0,1.6,1.6,,1.6,1.6,1.6,1.6,0,0,,0,0,0,
DMR Permits et al 2024,COLLEGE OF LAW,Ground Water,39.6797,-104.9614,2022,02/28/2022,,,,,ng/L,4.3,17,,1.9,0.4,6.8,110,19,1.9,3.7,1.9,4.6,1.9,,,0,0,,120,0.6,16,52,0,0,,,,,,,0,1.9,,0,,0,0,4.6,0,1.9,1.9,,1.9,1.9,1.9,1.9,0,0,,0,0,0,
DMR Permits et al 2024,COLLEGE OF LAW,Ground Water,39.6797,-104.9614,2022,03/31/2022,,,,,ng/L,8.1,16,,2.4,1.8,5.9,25,10,1.9,3.8,1.9,4.8,1.9,,,0,0,,25,0.9,11,16,0,0,,,,,,,0,1.9,,0,,0,0,4.8,0,1.9,1.9,,1.9,1.9,1.9,1.9,0,0,,0,0,0,
DMR Permits et al 2024,COLLEGE OF LAW,Ground Water,39.6797,-104.9614,2022,04/30/2022,,,,,ng/L,16,19,,1.4,1.8,9.3,32,12,0.3,4,2,4.9,2,,,0,0,,31,1.7,19,19,0,0,,,,,,,0,2,,0,,0,0,4.9,0,2,2,,2,2,2,2,0,0,,0,0,0,
DMR Permits et al 2024,COLLEGE OF LAW,Ground Water,39.6797,-104.9614,2022,05/31/2022,,,,,ng/L,12,24,,2,2.4,8.3,42,19,0.3,3.9,2,4.9,2,,,0,0,,36,1.8,19,28,0,0,,,,,,,0,2,,0,,0,0,4.9,0,2,2,,2,2,2,2,0,0,,0,0,0,
DMR Permits et al 2024,COLLEGE OF LAW,Ground Water,39.6797,-104.9614,2022,06/30/2022,,,,,ng/L,5.4,14,,2.8,2.5,2.7,17,8.3,1.7,3.3,1.7,4.1,1.7,,,0,0,,17,0.5,6.7,11,0,0,,,,,,,0,1.7,,0,,0,0,4.1,0,1.7,1.7,,1.7,1.7,1.7,1.7,0,0,,0,0,0,
DMR Permits et al 2024,COLLEGE OF LAW,Ground Water,39.6797,-104.9614,2022,07/31/2022,,,,,ng/L,21,22,,2.3,2.4,8.9,27,14,0.4,3.6,1.8,4.5,1.8,,,0,0,,32,1.8,25,19,0,0,,,,,,,0,1.8,,0,,0,0,4.5,0,1.8,1.8,,1.8,1.8,0.5,1.8,0,0,,0,0,0,
DMR Permits et al 2024,COLLEGE OF LAW,Ground Water,39.6797,-104.9614,2022,08/31/2022,,,,,ng/L,9.1,26,,0.6,1.8,8.8,30,14,0.4,3.3,1.7,2.1,1.7,,,0,0,,36,2.1,29,19,0,0,,,,,,,0,1.7,,0,,0,0,4.2,0,1.7,1.7,,1.7,1.7,1.7,1.7,0,0,,0,0,0,
DMR Permits et al 2024,COLLEGE OF LAW,Ground Water,39.6797,-104.9614,2022,09/30/2022,,,,,ng/L,11,25,,1.9,2.1,11,42,18,1.9,3.8,1.9,4.7,1.9,,,0,0,,42,2.2,30,21,0,0,,,,,,,0,1.9,,0,,0,0,4.7,0,1.9,1.9,,1.9,1.9,1.9,1.5,0,0,,0,0,0,
DMR Permits et al 2024,COLLEGE OF LAW,Ground Water,39.6797,-104.9614,2022,10/31/2022,,,,,ng/L,15,23,,1.9,2.5,9.7,36,15,0.2,3.7,1.8,4.6,1.8,,,0,0,,36,1.9,25,21,0,0,,,,,,,0,1.8,,0,,0,0,4.6,0,1.8,1.8,,1.8,1.8,1.8,1.8,0,0,,0,0,0,
DMR Permits et al 2024,COLLEGE OF LAW,Ground Water,39.6797,-104.9614,2022,11/30/2022,,,,,ng/L,32,24,,4.1,3.7,11,34,16,0.35,3.7,1.8,4.6,1.8,,,0,0,,38,2.1,22,22,0,0,,,,,,,0,1.8,,0,,0,0,4.6,0,1.8,1.8,,1.8,1.8,0.6,1.8,0,0,,0,0,0,
DMR Permits et al 2024,COLLEGE OF LAW,Ground Water,39.6797,-104.9614,2022,12/31/2022,,,,,ng/L,29,23,,2.7,2.5,11,35,16,0.56,3.6,1.8,4.5,1.8,,,0,0,,36,1.9,22,21,0,0,,,,,,,0,1.8,,0,,0,0,4.5,0,1.8,1.8,,1.8,1.8,1.8,0.96,0,0,,0,0,0,
DMR Permits et al 2024,COLLEGE OF LAW,Ground Water,39.6797,-104.9614,2023,01/31/2023,,,,,ng/L,12,26,,4.3,2.9,6.9,31,12,1.5,6.2,6.2,6.2,6.2,,,0,0,,31,1.1,17,18,0,0,,,,,,,0,0.45,,0,,0,0,1.5,0,1.5,1.5,,1.5,1.5,1.5,1.5,0,0,,0,0,0,
DMR Permits et al 2024,COLLEGE OF LAW,Ground Water,39.6797,-104.9614,2023,02/28/2023,,,,,ng/L,20,28,,5.7,2.6,8.8,29,12,1.4,5.8,5.8,5.8,5.8,,,0,0,,34,1.4,20,20,0,0,,,,,,,0,1.4,,0,,0,0,1.4,0,1.4,1.4,,1.4,1.4,0.59,1.4,0,0,,0,0,0,
DMR Permits et al 2024,COLLEGE OF LAW,Ground Water,39.6797,-104.9614,2023,03/31/2023,,,,,ng/L,18,30,,3.1,2.9,5.9,46,17,1.9,5.7,5.7,5.7,5.7,,,0,0,,42,2.9,27,27,0,0,,,,,,,0,1.4,,0,,0,0,1.4,0,1.9,1.4,,1.4,1.4,1.4,1.4,0,0,,0,0,0,
DMR Permits et al 2024,COLLEGE OF LAW,Ground Water,39.6797,-104.9614,2023,04/30/2023,,,,,ng/L,15,23,,1.3,1.8,12,34,14,1.4,5.7,5.7,5.7,5.7,,,0,0,,37,1.8,20,20,0,0,,,,,,,0,1.4,,0,,0,0,1.4,0,1.4,1.4,,1.4,1.4,1.4,0.64,0,0,,0,0,0,
DMR Permits et al 2024,COLLEGE OF LAW,Ground Water,39.6797,-104.9614,2023,05/31/2023,,,,,ng/L,8.3,12,,0.56,1.3,8.7,27,11,1.4,5.6,5.6,1.1,5.6,,,0,0,,30,1.5,18,17,0,0,,,,,,,0,1.4,,0,,0,0,1.4,0,1.4,1.4,,1.4,1.4,1.4,0.62,0,0,,0,0,0,
DMR Permits et al 2024,COLLEGE OF LAW,Ground Water,39.6797,-104.9614,2023,06/30/2023,,,,,ng/L,9.9,25,,0.84,2.1,9.9,41,17,1.5,6,6,6,6,,,0,0,,39,2,25,22,0,0,,,,,,,0,1.5,,0,,0,0,1.5,0,1.5,1.5,,1.5,1.5,1.5,0.34,0,0,,0,0,0,
DMR Permits et al 2024,COLLEGE OF LAW,Ground Water,39.6797,-104.9614,2023,07/31/2023,,,,,ng/L,10,30,,1.9,3,8.6,43,20,1.8,7.4,7.4,7.4,7.4,,,0,0,,42,1.6,21,21,0,0,,,,,,,0,1.8,,0,,0,0,1.8,0,1.8,1.8,,1.8,1.8,1.8,1.8,0,0,,0,0,0,
DMR Permits et al 2024,COLLEGE OF LAW,Ground Water,39.6797,-104.9614,2023,08/31/2023,,,,,ng/L,10,26,,1,2.3,11,46,19,1.8,7.1,7.1,7.1,7.1,,,0,0,,43,2.1,28,24,0,0,,,,,,,0,1.8,,0,,0,0,1.8,0,1.8,1.8,,1.8,1.8,1.8,1.8,0,0,,0,0,0,
DMR Permits et al 2024,COLLEGE OF LAW,Ground Water,39.6797,-104.9614,2023,09/30/2023,,,,,ng/L,15,28,,2.1,2.9,9.3,42,17,1.8,7,7,7,7,,,0,0,,43,1.9,27,23,0,0,,,,,,,0,1.8,,0,,0,0,1.8,0,1.8,1.8,,1.8,1.8,1.8,1.8,0,0,,0,0,0,
DMR Permits et al 2024,COLLEGE OF LAW,Ground Water,39.6797,-104.9614,2023,10/31/2023,,,,,ng/L,16,26,,1.9,2.6,9.5,41,17,1.6,6.5,6.5,6.5,6.5,,,0,0,,43,1.7,25,24,0,0,,,,,,,0,1.6,,0,,0,0,3.3,0,1.6,1.6,,1.6,1.6,1.6,1.6,0,0,,0,0,0,
DMR Permits et al 2024,COLLEGE OF LAW,Ground Water,39.6797,-104.9614,2023,11/30/2023,,,,,ng/L,7.8,21,,0.67,1.9,8.4,34,13,1.8,7.1,7.1,7.1,7.1,,,0,0,,35,1.4,19,19,0,0,,,,,,,0,1.8,,0,,0,0,3.6,0,1.8,1.8,,1.8,1.8,1.8,1.8,0,0,,0,0,0,
DMR Permits et al 2024,COLLEGE OF LAW,Ground Water,39.6797,-104.9614,2023,12/31/2023,,,,,ng/L,14.17,29.54,,2.22,2.46,13.81,33.55,11.67,0.85,2.34,0,0,0,,,0,0,,33.36,2.53,23.59,24.16,0,0,,,,,,,0,0,,0,,0,0,1.13,0,1.6,0,,1.51,0.61,1.25,0,0,0,,0,0,0,
DMR Permits et al 2024,COLLEGE OF LAW,Ground Water,39.6797,-104.9614,2024,01/31/2024,,,,,ng/L,6.16,27.99,,0.97,1.99,10.91,28.66,10.92,0,2.34,0,0,0,,,0,0,,30.65,2.11,19.76,17.45,0,0,,,,,,,0,0,,0,,0,0,1.13,0,0,0,,0,0.61,1.29,0,0,0,,0,0,0,
DMR Permits et al 2024,COLLEGE OF LAW,Ground Water,39.6797,-104.9614,2024,01/31/2024,,,,,ng/L,0,0,,0,0,0,0,0,0,0,0,0,0,,,0,0,,0,0,0,0,0,0,,,,,,,0,0,,0,,0,0,0,0,0,0,,0,0,0,0,0,0,,0,0,0,
DMR Permits et al 2024,COLLEGE OF LAW,Ground Water,39.6797,-104.9614,2024,02/29/2024,,,,,ng/L,6.94,32.79,,2.12,5.98,7.63,30.13,12.47,0.85,2.34,2.73,5.92,0,,,0,0,,28.95,1.62,16.69,20.79,0,0,,,,,,,0,1.32,,0,,0,0,1.13,0,1.6,0,,1.51,1.54,1.74,0,0,0,,0,0,0,
DMR Permits et al 2024,COLLEGE OF LAW,Ground Water,39.6797,-104.9614,2024,02/29/2024,,,,,ng/L,0,0,,0,0,0,0,0,0,0,0,0,0,,,0,0,,0,0,0,0,0,0,,,,,,,0,0,,0,,0,0,0,0,0,0,,0,0,0,0,0,0,,0,0,0,
DMR Permits et al 2024,COLLEGE OF LAW,Ground Water,39.6797,-104.9614,2024,03/31/2024,,,,,ng/L,7.2,23.28,,1.23,1.82,9.65,23.65,9.1,0.85,0,0,0,0,,,0,0,,23.5,1.36,17.83,16.23,0,0,,,,,,,0,0,,0,,0,0,0,0,1.6,0,,1.51,1.72,1.64,0,0,0,,0,0,0,
DMR Permits et al 2024,COLLEGE OF LAW,Ground Water,39.6797,-104.9614,2024,03/31/2024,,,,,ng/L,0,0,,0,0,0,0,0,0,0,0,0,0,,,0,0,,0,0,0,0,0,0,,,,,,,0,0,,0,,0,0,0,0,0,0,,0,0,0,0,0,0,,0,0,0,
DMR Permits et al 2024,COLLEGE OF LAW,Ground Water,39.6797,-104.9614,2024,04/30/2024,,,,,ng/L,11.62,25.14,,2.22,2.18,7.94,26.35,9.61,0,2.34,0,0,4.71,,,0,0,,22.68,1.87,17.67,15.41,0,0,,,,,,,0,0,,0,,0,0,1.13,0,1.6,0.64,,1.51,0.61,1.45,0,0,0,,0,0,0,
DMR Permits et al 2024,COLLEGE OF LAW,Ground Water,39.6797,-104.9614,2024,04/30/2024,,,,,ng/L,0,0,,0,0,0,0,0,0,0,0,0,0,,,0,0,,0,0,0,0,0,0,,,,,,,0,0,,0,,0,0,0,0,0,0,,0,0,0,0,0,0,,0,0,0,
DMR Permits et al 2024,COLLEGE OF LAW,Ground Water,39.6797,-104.9614,2024,05/31/2024,,,,,ng/L,11.24,29.26,,1.38,2.23,9.48,23.56,10.96,0.99,0,0,5.92,0,,,0,0,,29.45,1.34,22.36,20.38,0,0,,,,,,,0,0,,0,,0,0,0,0,1.6,0,,1.51,0.61,1.41,0,0,0,,0,0,0,
DMR Permits et al 2024,COLLEGE OF LAW,Ground Water,39.708993,-104.928191,2024,05/31/2024,,,,,ng/L,0,0,,0,0,0,0,0,0,0,0,0,0,,,0,0,,0,0,0,0,0,0,,,,,,,0,0,,0,,0,0,0,0,0,0,,0,0,0,0,0,0,,0,0,0,
DMR Permits et al 2024,HILLTOP RETAIL CENTER,Ground Water,39.708993,-104.928191,2021,02/28/2021,,,,,ng/L,33,27,,0,3.4,19,21,10,0.86,0,0,0,0,,,0,0,,23,2.5,29,21,0,0,,,,,,,0,0,,0,,0,0,0,0,0,0,,0,0,0,1.1,0,0,,0,0,0,
DMR Permits et al 2024,HILLTOP RETAIL CENTER,Ground Water,39.708993,-104.928191,2021,03/31/2021,,,,,ng/L,53,0,,0,3.7,27,21,10,2.3,0,0,0,0,,,0,0,,18,2.3,28,25,0,0,,,,,,,0,0,,0,,0,0,0,0,0,0,,0,0,0,0,0,0,,0,0,0,
DMR Permits et al 2024,HILLTOP RETAIL CENTER,Ground Water,39.708993,-104.928191,2021,02/28/2021,,,,,ng/L,0,0,,0,0,0,0,0,0,0,0,0,0,,,0,0,,0,0,0,0,0,0,,,,,,,0,0,,0,,0,0,0,0,0,0,,0,0,0,0,0,0,,0,0,0,
DMR Permits et al 2024,HILLTOP RETAIL CENTER,Ground Water,39.708993,-104.928191,2021,04/30/2021,,,,,ng/L,43,35,,0,5.4,24,23,12,1.4,0,0,0,0,,,0,0,,18,2.7,29,24,0,0,,,,,,,0,0,,0,,0,0,0,0,0,0,,0,0,0,0,0,0,,0,0,0,
DMR Permits et al 2024,HILLTOP RETAIL CENTER,Ground Water,39.708993,-104.928191,2021,05/31/2021,,,,,ng/L,71,57,,0,4.9,33,31,18,0.93,0,0,0,0,,,0,0,,27,2.9,32,32,0,0,,,,,,,0,0,,0,,0,0,0,0,0,0,,0,0,0,0,0,0,,0,0,0,
DMR Permits et al 2024,HILLTOP RETAIL CENTER,Ground Water,39.708993,-104.928191,2021,06/30/2021,,,,,ng/L,23,27,,0,0,16,51,19,0,0,0,0,0,,,0,0,,42,0,19,22,0,0,,,,,,,0,0,,0,,0,0,0,0,0,0,,0,0,0,0,0,0,,0,0,0,
DMR Permits et al 2024,HILLTOP RETAIL CENTER,Ground Water,39.708993,-104.928191,2021,07/31/2021,,,,,ng/L,19,24,,0.91,0,14,39,13,0.22,0,0,0,0,,,0,0,,31,1.3,22,26,0,0,,,,,,,0,0,,0,,0,0,0,0,0,0,,0,0,0,0,0,0,,0,0,0,
DMR Permits et al 2024,HILLTOP RETAIL CENTER,Ground Water,39.708993,-104.928191,2021,08/31/2021,,,,,ng/L,17,30,,0.58,2.1,12,46,14,0,0,0,0,0,,,0,0,,30,1.3,15,25,0,0,,,,,,,0,0,,0,,0,0,0,0,0,0,,0,0,0,0,0,0,,0,0,0,
DMR Permits et al 2024,HILLTOP RETAIL CENTER,Ground Water,39.708993,-104.928191,2021,07/31/2021,,,,,ng/L,0,0,,0,0,0,0,0,0,0,0,0,0,,,0,0,,0,0,0,0,0,0,,,,,,,0,0,,0,,0,0,0,0,0,0,,0,0,0,0,0,0,,0,0,0,
DMR Permits et al 2024,HILLTOP RETAIL CENTER,Ground Water,39.708993,-104.928191,2021,09/30/2021,,,,,ng/L,30,38,,1.3,5.1,18,36,14,0.71,0,0,0,0,,,0,0,,36,1.1,24,26,0,0,,,,,,,0,0,,0,,0,0,0,0,0,0,,0,0,0,1.5,0,0,,0,0,0,
DMR Permits et al 2024,HILLTOP RETAIL CENTER,Ground Water,39.708993,-104.928191,2021,10/31/2021,,,,,ng/L,29,37,,1.1,5.6,17,40,16,0.82,0,0,0,0,,,0,0,,36,0,22,30,0,0,,,,,,,0,0,,0,,0,0,0,0,0,0,,0,0,0,1.9,0,0,,0,0,0,
DMR Permits et al 2024,HILLTOP RETAIL CENTER,Ground Water,39.708993,-104.928191,2021,11/30/2021,,,,,ng/L,30,35,,0,5.4,17,33,12,0.39,0,0,0,0,,,0,0,,27,1,19,22,0,0,,,,,,,0,0,,0,,0,0,0,0,0,0,,0,0,0,0,0,0,,0,0,0,
DMR Permits et al 2024,HILLTOP RETAIL CENTER,Ground Water,39.708993,-104.928191,2021,12/31/2021,,,,,ng/L,28,36,,0,5.1,19,33,14,0,0,0,0,0,,,0,0,,35,0.92,22,27,0,0,,,,,,,0,0,,0,,0,0,0,0,0,0,,0,0,0,0,0,0,,0,0,0,
DMR Permits et al 2024,HILLTOP RETAIL CENTER,Ground Water,39.708993,-104.928191,2022,01/31/2022,,,,,ng/L,0,29,,0,3.7,31,17,9.4,2.8,0,0,0,0,,,0,0,,13,2.8,26,22,0,0,,,,,,,0,0,,0,,0,0,0,0,0,0,,0,0,0,0,0,0,,0,0,0,
DMR Permits et al 2024,HILLTOP RETAIL CENTER,Ground Water,39.708993,-104.928191,2022,02/28/2022,,,,,ng/L,52,34,,0,3.6,34,17,8.8,1.7,0,0,0,0,,,0,0,,16,3,26,23,0,0,,,,,,,0,0,,0,,0,0,0,0,0,0,,0,0,0,0.92,0,0,,0,0,0,
DMR Permits et al 2024,HILLTOP RETAIL CENTER,Ground Water,39.708993,-104.928191,2022,03/31/2022,,,,,ng/L,20,20,,1.7,3.7,6.2,28,7.4,0.21,0,0,0,0,,,0,0,,18,0.65,24,23,0,0,,,,,,,0,1.7,,0,,0,0,0,0,0,0,,0,0,0,0,0,0,,0,0,0,
DMR Permits et al 2024,HILLTOP RETAIL CENTER,Ground Water,39.708993,-104.928191,2022,04/30/2022,,,,,ng/L,17,15,,1.1,2.1,8,29,8.6,0,0,0,0,0,,,0,0,,17,0.88,23,20,0,0,,,,,,,0,0,,0,,0,0,0,0,0,0,,0,0,0,1.5,0,0,,0,0,0,
DMR Permits et al 2024,HILLTOP RETAIL CENTER,Ground Water,39.708993,-104.928191,2022,05/31/2022,,,,,ng/L,16,27,,0.9,2.2,11,49,13,0.42,0,0,0,0,,,0,0,,37,0.91,24,31,0,0,,,,,,,0,0,,0,,0,0,0,0,0,0,,0,0,0,0.86,0,0,,0,0,0,
DMR Permits et al 2024,HILLTOP RETAIL CENTER,Ground Water,39.708993,-104.928191,2022,06/30/2022,,,,,ng/L,0,46,,0.44,13,0,70,25,0,0,0,0,0,,,0,0,,82,0.51,26,47,0,0,,,,,,,0,0,,0,,0,0,0,0,0,0,,0,0,0,0,0,0,,0,0,0,
DMR Permits et al 2024,HILLTOP RETAIL CENTER,Ground Water,39.708993,-104.928191,2022,07/31/2022,,,,,ng/L,33,28,,0.42,4.6,16,32,11,1.2,0,0,0,0,,,0,0,,29,1.8,28,26,0,0,,,,,,,0,0,,0,,0,0,0,0,0,0,,0,0,0,4,0,0,,0,0,0,
DMR Permits et al 2024,HILLTOP RETAIL CENTER,Ground Water,39.708993,-104.928191,2022,08/31/2022,,,,,ng/L,48,57,,0.57,6.1,27,83,31,1.9,0,0,0,0,,,0,0,,82,2.5,47,84,0,0,,,,,,,0,0,,0,,0,0,0,0,0,0,,0,0,0,1.8,0,0,,0,0,0,
DMR Permits et al 2024,HILLTOP RETAIL CENTER,Ground Water,39.708993,-104.928191,2022,09/30/2022,,,,,ng/L,61,56,,0.66,9.9,17,61,22,1.9,0,0,0,0,,,0,0,,61,2,32,57,0,0,,,,,,,0,0,,0,,0,0,0,0,0,0,,0,0,0,4,0,0,,0,0,0,
DMR Permits et al 2024,HILLTOP RETAIL CENTER,Ground Water,39.708993,-104.928191,2022,10/31/2022,,,,,ng/L,39,40,,0,4.2,19,42,17,1.5,0,0,0,0,,,0,0,,36,2.8,29,36,0,0,,,,,,,0,0,,0,,0,0,0,0,0,0,,0,0,0,0,0,0,,0,0,0,
DMR Permits et al 2024,HILLTOP RETAIL CENTER,Ground Water,39.708993,-104.928191,2022,11/30/2022,,,,,ng/L,40,32,,0,4.8,23,20,11,1.8,0,0,0,0,,,0,0,,20,2.3,28,28,0,0,,,,,,,0,0,,0,,0,0,0,0,0,0,,0,0,0,2.4,0,0,,0,0,0,
DMR Permits et al 2024,HILLTOP RETAIL CENTER,Ground Water,39.708993,-104.928191,2022,12/31/2022,,,,,ng/L,45,23,,0,4.2,19,18,8.4,1.1,0,0,0,0,,,0,0,,14,1.5,29,22,0,0,,,,,,,0,0,,0,,0,0,0,0,0,0,,0,0,0,0,0,0,,0,0,0,
DMR Permits et al 2024,HILLTOP RETAIL CENTER,Ground Water,39.708993,-104.928191,2023,01/31/2023,,,,,ng/L,29,21,,0.24,2.8,10,16,6.1,0,0,0,0,0,,,0,0,,14,0.76,20,19,0,0,,,,,,,0,0,,0,,0,0,0,0,0,0,,0,0,0,0.6,0,0,,0,0,0,
DMR Permits et al 2024,HILLTOP RETAIL CENTER,Ground Water,39.708993,-104.928191,2023,02/28/2023,,,,,ng/L,25,19,,0,2.7,11,16,6.2,0,0,0,0,0,,,0,0,,15,0.83,17,19,0,0,,,,,,,0,0,,0,,0,0,0,0,0,0,,0,0,0,0.53,0,0,,0,0,0,
DMR Permits et al 2024,HILLTOP RETAIL CENTER,Ground Water,39.708993,-104.928191,2023,03/31/2023,,,,,ng/L,30,32,,0,2.7,18,17,9.8,0,0,0,0,0,,,0,0,,17,1.6,29,24,0,0,,,,,,,0,0,,0,,0,0,0,0,0,0,,0,0,0,1.6,0,0,,0,0,0,
DMR Permits et al 2024,HILLTOP RETAIL CENTER,Ground Water,39.708993,-104.928191,2023,04/30/2023,,,,,ng/L,27,28,,0,2.6,15,13,7.4,0,0,0,0,0,,,0,0,,12,1.1,20,16,0,0,,,,,,,0,0,,0,,0,0,0,0,0,0,,0,0,0,0.72,0,0,,0,0,0,
DMR Permits et al 2024,HILLTOP RETAIL CENTER,Ground Water,39.708993,-104.928191,2023,05/31/2023,,,,,ng/L,91,42,,0.42,6.9,15,58,19,1.1,0,0,0,0,,,0,0,,56,0.85,21,43,0,0,,,,,,,0,0,,0,,0,0,0,0,0,0,,0,0,0,0.27,0,0,,0,0,0,
DMR Permits et al 2024,HILLTOP RETAIL CENTER,Ground Water,39.708993,-104.928191,2023,06/30/2023,,,,,ng/L,0,36,,0,5.9,0,28,13,0,0,0,0,0,,,0,0,,25,0,23,30,0,0,,,,,,,0,0,,0,,0,0,0,0,0,0,,0,0,0,0,0,0,,0,0,0,
DMR Permits et al 2024,HILLTOP RETAIL CENTER,Ground Water,39.708993,-104.928191,2023,07/31/2023,,,,,ng/L,42,27,,0.54,4.2,16,23,9.5,0.62,0,0,0,0,,,0,0,,19,1.2,18,21,0,0,,,,,,,0,0,,0,,0,0,0,0,0,0,,0,0,0,1,0,0,,0,0,0,
DMR Permits et al 2024,HILLTOP RETAIL CENTER,Ground Water,39.708993,-104.928191,2023,08/31/2023,,,,,ng/L,35,22,,0.53,3.4,11,26,8.9,0,0,0,0,0,,,0,0,,18,11,15,19,0,0,,,,,,,0,0,,0,,0,0,0,0,0,0,,0,0,0,1.1,0,0,,0,0,0,
DMR Permits et al 2024,HILLTOP RETAIL CENTER,Ground Water,39.708993,-104.928191,2023,09/30/2023,,,,,ng/L,45,28,,0.83,5.7,15,20,9.5,0.44,0,0,0,0,,,0,0,,19,1.2,22,20,0,0,,,,,,,0,0,,0,,0,0,0,0,0,0,,0,0,0,0.49,0,0,,0,0,0,
DMR Permits et al 2024,HILLTOP RETAIL CENTER,Ground Water,39.708993,-104.928191,2023,10/31/2023,,,,,ng/L,31,22,,0.48,4.3,9.5,16,7.7,0,0,0,0,0,,,0,0,,15,0,14,16,0,0,,,,,,,0,0,,0,,0,0,0,0,0,0,,0.68,0,0,0.52,0,0,,0,0,0,
DMR Permits et al 2024,HILLTOP RETAIL CENTER,Ground Water,39.708993,-104.928191,2023,11/30/2023,,,,,ng/L,21,11,,0,2.2,13,9.9,4.8,0,0,0,0,0,,,0,0,,8.9,1.2,19,13,0,0,,,,,,,0,0,,0,,0,0,0,0,0,0,,0,0,0,0.64,0,0,,0,0,0,
DMR Permits et al 2024,HILLTOP RETAIL CENTER,Ground Water,39.708993,-104.928191,2023,12/31/2023,,,,,ng/L,40,25,,0,3.4,19,44,0,0,0,0,0,0,,,0,0,,41,1.5,29,49,0,0,,,,,,,0,0,,0,,0,0,0,0,0,0,,0,0,0,0.25,0,0,,0,0,0,
DMR Permits et al 2024,HILLTOP RETAIL CENTER,Ground Water,39.708993,-104.928191,2024,01/31/2024,,,,,ng/L,20,12,,0,1.8,12,6.9,4,0,0,0,0,0,,,0,0,,6.4,0.86,13,11,0,0,,,,,,,0,0,,0,,0,0,0,0,0,0,,0,0,0,0,0,0,,0,0,0,
DMR Permits et al 2024,HILLTOP RETAIL CENTER,Ground Water,39.708993,-104.928191,2024,01/31/2024,,,,,ng/L,0,0,,0,0,0,0,0,0,0,0,0,0,,,0,0,,0,0,0,0,0,0,,,,,,,0,0,,0,,0,0,0,0,0,0,,0,0,0,0,0,0,,0,0,0,
DMR Permits et al 2024,HILLTOP RETAIL CENTER,Ground Water,39.708993,-104.928191,2024,02/29/2024,,,,,ng/L,28,21,,0,2.9,16,28,9.9,0,0,0,0,0,,,0,0,,24,1.1,17,26,0,0,,,,,,,0,0,,0,,0,0,0,0,0,0,,0,0,0,0,0,0,,0,0,0,
DMR Permits et al 2024,HILLTOP RETAIL CENTER,Ground Water,39.708993,-104.928191,2024,02/29/2024,,,,,ng/L,0,0,,0,0,0,0,0,0,0,0,0,0,,,0,0,,0,0,0,0,0,0,,,,,,,0,0,,0,,0,0,0,0,0,0,,0,0,0,0,0,0,,0,0,0,
DMR Permits et al 2024,HILLTOP RETAIL CENTER,Ground Water,39.708993,-104.928191,2024,03/31/2024,,,,,ng/L,22,13,,0,2.2,11,11,4.5,0,0,0,0,0,,,0,0,,9.4,0.87,16,15,0,0,,,,,,,0,0,,0,,0,0,0,0,0,0,,0,0,0,0.41,0,0,,0,0,0,
DMR Permits et al 2024,HILLTOP RETAIL CENTER,Ground Water,39.708993,-104.928191,2024,03/31/2024,,,,,ng/L,0,0,,0,0,0,0,0,0,0,0,0,0,,,0,0,,0,0,0,0,0,0,,,,,,,0,0,,0,,0,0,0,0,0,0,,0,0,0,0,0,0,,0,0,0,
DMR Permits et al 2024,HILLTOP RETAIL CENTER,Ground Water,39.708993,-104.928191,2024,04/30/2024,,,,,ng/L,18,17,,0,2.5,12,15,5.6,0,0,0,0,0,,,0,0,,11,0.81,17,16,0,0,,,,,,,0,0,,0,,0,0,0,0,0,0,,0,0,0,0.23,0,0,,0,0,0,
DMR Permits et al 2024,HILLTOP RETAIL CENTER,Ground Water,39.708993,-104.928191,2024,04/30/2024,,,,,ng/L,0,0,,0,0,0,0,0,0,0,0,0,0,,,0,0,,0,0,0,0,0,0,,,,,,,0,0,,0,,0,0,0,0,0,0,,0,0,0,0,0,0,,0,0,0,
DMR Permits et al 2024,HILLTOP RETAIL CENTER,Ground Water,39.708993,-104.928191,2024,05/31/2024,,,,,ng/L,22,17,,0.84,2.4,11,18,7.7,0,0,0,0,0,,,0,0,,16,0.79,14,18,0,0,,,,,,,0,0,,0,,0,0,0,0,0,0,,0,0,0,0.43,0,0,,0,0,0,
DMR Permits et al 2024,HILLTOP RETAIL CENTER,Ground Water,39.751111,-105.001944,2024,05/31/2024,,,,,ng/L,0,0,,0,0,0,0,0,0,0,0,0,0,,,0,0,,0,0,0,0,0,0,,,,,,,0,0,,0,,0,0,0,0,0,0,,0,0,0,0,0,0,,0,0,0,
DMR Permits et al 2024,WYNKOOP OWNER LLC,Ground Water,39.751111,-105.001944,2021,02/28/2021,,,,,ng/L,1.9,1.9,,1.9,1.9,1.9,1.9,1.9,1.9,3.7,1.9,4.2,3.7,,,0,0,,1.9,1.9,1.9,27,0,0,,,,,,,0,1.9,,0,,0,0,4.7,0,1.9,1.9,,1.9,1.9,1.9,1.9,0,0,,0,0,0,
DMR Permits et al 2024,WYNKOOP OWNER LLC,Ground Water,39.751111,-105.001944,2021,03/31/2021,,,,,ng/L,1.6,1.6,,1.6,1.6,1.6,1.6,1.6,1.6,3.3,1.6,4.1,1.6,,,0,0,,1.6,1.6,1.6,24,0,0,,,,,,,0,1.6,,0,,0,0,4.1,0,1.6,1.6,,1.6,1.6,1.6,1.7,0,0,,0,0,0,
DMR Permits et al 2024,WYNKOOP OWNER LLC,Ground Water,39.751111,-105.001944,2021,04/30/2021,,,,,ng/L,1.7,1.7,,1.7,1.7,1.7,1.7,1.7,1.7,3.4,1.7,4.3,1.7,,,0,0,,1.2,1.7,1.7,21,0,0,,,,,,,0,1.7,,0,,0,0,4.7,0,1.7,1.7,,1.7,1.7,1.7,1.7,0,0,,0,0,0,
DMR Permits et al 2024,WYNKOOP OWNER LLC,Ground Water,39.751111,-105.001944,2021,05/31/2021,,,,,ng/L,1.9,1.9,,1.9,1.9,1.9,1.9,1.9,1.9,3.8,1.9,4.7,1.9,,,0,0,,1.8,1.9,0.28,23,0,0,,,,,,,0,1.9,,0,,0,0,4.7,0,1.9,1.9,,1.9,1.9,0.74,2.3,0,0,,0,0,0,
DMR Permits et al 2024,WYNKOOP OWNER LLC,Ground Water,39.751111,-105.001944,2021,06/30/2021,,,,,ng/L,1.6,1.6,,1.6,1.6,1.6,1.6,1.6,1.6,3.2,1.6,1.6,1.6,,,0,0,,8.1,4,1.6,27,0,0,,,,,,,0,1.6,,0,,0,0,4,0,1.6,1.6,,1.6,1.6,1.6,1.6,0,0,,0,0,0,
DMR Permits et al 2024,WYNKOOP OWNER LLC,Ground Water,39.751111,-105.001944,2021,07/31/2021,,,,,ng/L,1.8,1.8,,1.8,1.8,1.8,1.8,1.8,1.8,3.6,1.8,4.5,1.8,,,0,0,,14,1.8,1.8,28,0,0,,,,,,,0,1.8,,0,,0,0,4.5,0,1.8,1.8,,1.8,1.8,1.8,1.8,0,0,,0,0,0,
DMR Permits et al 2024,WYNKOOP OWNER LLC,Ground Water,39.751111,-105.001944,2021,08/31/2021,,,,,ng/L,1.6,1.6,,1.6,1.6,1.6,1.6,1.6,1.6,3.2,1.6,4,1.6,,,0,0,,24,1.6,1.6,25,0,0,,,,,,,0,1.6,,0,,0,0,4,0,1.6,1.6,,1.6,1.6,1.6,1.6,0,0,,0,0,0,
DMR Permits et al 2024,WYNKOOP OWNER LLC,Ground Water,39.751111,-105.001944,2021,09/30/2021,,,,,ng/L,1.8,1.8,,1.8,1.8,1.8,1.7,1.8,1.8,3.6,1.8,4.5,1.8,,,0,0,,46,1.8,0.5,29,0,0,,,,,,,0,1.8,,0,,0,0,4.5,0,1.8,1.8,,1.8,1.8,1.8,1.8,0,0,,0,0,0,
DMR Permits et al 2024,WYNKOOP OWNER LLC,Ground Water,39.751111,-105.001944,2021,10/31/2021,,,,,ng/L,1.6,1.6,,1.6,1.6,1.6,1,1.6,1.6,3.3,1.6,4.1,1.6,,,0,0,,42,1.6,1.6,25,0,0,,,,,,,0,1.6,,0,,0,0,4.1,0,1.6,1.6,,1.6,1.6,1.6,1.6,0,0,,0,0,0,
DMR Permits et al 2024,WYNKOOP OWNER LLC,Ground Water,39.751111,-105.001944,2021,11/30/2021,,,,,ng/L,2,2,,2,2,2,1.9,2,2,4,2,5,2,,,0,0,,45,2,0.48,24,0,0,,,,,,,0,2,,0,,0,0,5,0,2,2,,2,2,2,2,0,0,,0,0,0,
DMR Permits et al 2024,WYNKOOP OWNER LLC,Ground Water,39.751111,-105.001944,2021,12/31/2021,,,,,ng/L,1.8,1.8,,1.8,1.8,1.8,2.5,1.8,1.8,3.6,1.8,4.5,1.8,,,0,0,,49,1.8,0.62,21,0,0,,,,,,,0,1.8,,0,,0,0,4.5,0,1.8,1.8,,1.8,1.8,1.8,1.8,0,0,,0,0,0,
DMR Permits et al 2024,WYNKOOP OWNER LLC,Ground Water,39.751111,-105.001944,2022,01/31/2022,,,,,ng/L,1.7,1.7,,1.7,1.7,1.7,3.4,1.7,1.7,3.3,1.7,4.2,1.7,,,0,0,,44,1.7,1.1,21,0,0,,,,,,,0,1.7,,0,,0,0,4.2,0,1.7,1.7,,1.7,1.7,1.7,1.7,0,0,,0,0,0,
DMR Permits et al 2024,WYNKOOP OWNER LLC,Ground Water,39.751111,-105.001944,2022,02/28/2022,,,,,ng/L,1.6,1.6,,1.6,1.6,1.6,4.2,1.6,1.6,3.2,1.6,4,1.6,,,0,0,,37,1.6,1.6,20,0,0,,,,,,,0,1.6,,0,,0,0,4,0,1.3,1.6,,1.6,1.6,1.6,1.6,0,0,,0,0,0,
DMR Permits et al 2024,WYNKOOP OWNER LLC,Ground Water,39.751111,-105.001944,2022,03/31/2022,,,,,ng/L,1.9,1.9,,1.9,1.9,1.9,5.2,1.9,1.9,3.7,1.9,4.6,1.9,,,0,0,,36,1.9,1.5,19,0,0,,,,,,,0,1.9,,0,,0,0,4.6,0,1.9,1.9,,1.9,1.9,1.9,1.9,0,0,,0,0,0,
DMR Permits et al 2024,WYNKOOP OWNER LLC,Ground Water,39.751111,-105.001944,2022,04/30/2022,,,,,ng/L,1.9,1.9,,1.9,1.9,1.9,6.6,1.9,1.9,3.8,1.9,4.7,1.9,,,0,0,,36,1.9,2.1,21,0,0,,,,,,,0,1.9,,0,,0,0,4.7,0,1.9,1.9,,1.9,1.9,1.9,1.9,0,0,,0,0,0,
DMR Permits et al 2024,WYNKOOP OWNER LLC,Ground Water,39.751111,-105.001944,2022,05/31/2022,,,,,ng/L,2.5,2.5,,2.5,2.5,2.5,2.3,2.5,2.5,5,2.5,6.3,2.5,,,0,0,,11,2.5,0.6,5.3,0,0,,,,,,,0,2.5,,0,,0,0,6.3,0,2.5,2.5,,2.5,2.5,2.5,2.5,0,0,,0,0,0,
DMR Permits et al 2024,WYNKOOP OWNER LLC,Ground Water,39.751111,-105.001944,2022,06/30/2022,,,,,ng/L,1.7,1.7,,1.7,1.7,1.7,12,1.7,1.7,3.4,1.7,4.3,1.7,,,0,0,,41,1.7,3.2,20,0,0,,,,,,,0,1.7,,0,,0,0,4.3,0,1.7,1.7,,1.7,1.7,1.7,1.7,0,0,,0,0,0,
DMR Permits et al 2024,WYNKOOP OWNER LLC,Ground Water,39.751111,-105.001944,2022,07/31/2022,,,,,ng/L,1.6,1.6,,1.6,1.6,1.6,14,0.3,1.6,3.3,1.6,4.1,1.6,,,0,0,,46,1.6,4.5,17,0,0,,,,,,,0,1.6,,0,,0,0,4.1,0,1.6,1.6,,1.6,1.6,1.6,1.5,0,0,,0,0,0,
DMR Permits et al 2024,WYNKOOP OWNER LLC,Ground Water,39.751111,-105.001944,2022,08/31/2022,,,,,ng/L,1.6,1.6,,1.6,1.6,1.6,19,0.2,1.6,3.1,1.6,3.9,1.6,,,0,0,,47,1.6,7.4,19,0,0,,,,,,,0,1.6,,0,,0,0,3.9,0,1.6,1.6,,1.6,1.6,1.6,1.6,0,0,,0,0,0,
DMR Permits et al 2024,WYNKOOP OWNER LLC,Ground Water,39.751111,-105.001944,2022,09/30/2022,,,,,ng/L,1.8,1.8,,1.8,1.8,1.8,24,0.41,1.8,3.5,1.8,4.4,1.8,,,0,0,,54,1.8,9.6,22,0,0,,,,,,,0,1.8,,0,,0,0,4.4,0,1.8,1.8,,1.8,1.8,1.8,1.8,0,0,,0,0,0,
DMR Permits et al 2024,WYNKOOP OWNER LLC,Ground Water,39.751111,-105.001944,2022,10/31/2022,,,,,ng/L,2,2,,2,2,2,27,0.6,2,2,2,5,2,,,0,0,,57,2,12,21,0,0,,,,,,,0,2,,0,,0,0,5,0,2,2,,2,2,2,2,0,0,,0,0,0,
DMR Permits et al 2024,WYNKOOP OWNER LLC,Ground Water,39.751111,-105.001944,2022,11/30/2022,,,,,ng/L,2,1.9,,1.9,1.9,2,15,1.9,2,4,2,5,2,,,0,0,,48,2,6.2,23,0,0,,,,,,,0,1.9,,0,,0,0,4.7,0,1.9,1.9,,2,1.9,1.9,1.9,0,0,,0,0,0,
DMR Permits et al 2024,WYNKOOP OWNER LLC,Ground Water,39.751111,-105.001944,2022,12/31/2022,,,,,ng/L,0.57,1.9,,1.9,1.9,1.9,20,1.9,1.9,3.7,1.9,4.7,1.9,,,0,0,,54,1.9,8,23,0,0,,,,,,,0,1.9,,0,,0,0,4.7,0,1.9,1.9,,1.9,1.9,1.9,1.9,0,0,,0,0,0,
DMR Permits et al 2024,WYNKOOP OWNER LLC,Ground Water,39.751111,-105.001944,2023,01/31/2023,,,,,ng/L,1.5,1.5,,1.5,1.5,1.5,21,0.38,1.5,5.9,5.9,5.9,5.9,,,0,0,,46,1.5,8,18,0,0,,,,,,,0,1.5,,0,,0,0,1.5,0,1.5,1.5,,1.5,1.5,1.5,0.3,0,0,,0,0,0,
DMR Permits et al 2024,WYNKOOP OWNER LLC,Ground Water,39.751111,-105.001944,2023,02/28/2023,,,,,ng/L,1.4,1.4,,1.4,1.4,1.4,22,0.54,1.4,5.5,5.5,5.5,5.5,,,0,0,,42,1.4,8,20,0,0,,,,,,,0,1.4,,0,,0,0,1.4,0,1.4,1.4,,1.4,1.4,1.4,1.4,0,0,,0,0,0,
DMR Permits et al 2024,WYNKOOP OWNER LLC,Ground Water,39.751111,-105.001944,2023,03/31/2023,,,,,ng/L,1.5,1.5,,1.5,1.5,1.5,30,1.5,1.5,6,6,6,6,,,0,0,,49,1.5,12,24,0,0,,,,,,,0,1.5,,0,,0,0,1.5,0,1.5,1.5,,1.5,1.5,1.5,1.5,0,0,,0,0,0,
DMR Permits et al 2024,WYNKOOP OWNER LLC,Ground Water,39.751111,-105.001944,2023,04/30/2023,,,,,ng/L,1.5,1.5,,1.5,1.5,1.5,23,1.4,1.5,5.8,5.8,5.8,5.8,,,0,0,,38,1.5,8.8,17,0,0,,,,,,,0,1.5,,0,,0,0,1.5,0,1.5,1.5,,1.5,1.5,1.5,1.5,0,0,,0,0,0,
DMR Permits et al 2024,WYNKOOP OWNER LLC,Ground Water,39.751111,-105.001944,2023,05/31/2023,,,,,ng/L,1.5,1.5,,1.5,1.5,1.5,25,1.7,1.5,6.2,6.2,6.2,6.2,,,0,0,,34,1.5,8.3,15,0,0,,,,,,,0,1.5,,0,,0,0,1.5,0,1.5,1.5,,1.5,1.5,1.5,1.5,0,0,,0,0,0,
DMR Permits et al 2024,WYNKOOP OWNER LLC,Ground Water,39.751111,-105.001944,2023,06/30/2023,,,,,ng/L,1.6,1.1,,1.6,1.6,1.6,33,2.5,1.6,6.4,6.4,6.4,6.4,,,0,0,,39,0.36,14,19,0,0,,,,,,,0,1.6,,0,,0,0,1.6,0,1.6,1.6,,1.6,1.6,1.6,0.3,0,0,,0,0,0,
DMR Permits et al 2024,WYNKOOP OWNER LLC,Ground Water,39.751111,-105.001944,2023,07/31/2023,,,,,ng/L,2,2.2,,2,2,1.1,32,4.3,2,8,8,8,8,,,0,0,,36,2,16,18,0,0,,,,,,,0,2,,0,,0,0,2,0,2,2,,2,2,2,2,0,0,,0,0,0,
DMR Permits et al 2024,WYNKOOP OWNER LLC,Ground Water,39.751111,-105.001944,2023,08/31/2023,,,,,ng/L,1.8,1.9,,1.8,1.8,1.8,44,4.6,1.8,7.1,7.1,7.1,7.1,,,0,0,,51,0.78,23,23,0,0,,,,,,,0,1.8,,0,,0,0,1.8,0,1.8,1.8,,1.8,1.8,1.8,1.8,0,0,,0,0,0,
DMR Permits et al 2024,WYNKOOP OWNER LLC,Ground Water,39.751111,-105.001944,2023,09/30/2023,,,,,ng/L,1.7,2.2,,1.7,1.7,1.7,43,4.8,1.7,6.8,6.8,6.8,6.8,,,0,0,,44,0.92,22,20,0,0,,,,,,,0,1.7,,0,,0,0,1.7,0,1.7,1.7,,1.7,1.7,1.7,1.7,0,0,,0,0,0,
DMR Permits et al 2024,WYNKOOP OWNER LLC,Ground Water,39.751111,-105.001944,2023,10/31/2023,,,,,ng/L,0.54,1.6,,1.8,1.8,0.87,36,4.2,1.8,7,7,7,7,,,0,0,,37,0.68,14,20,0,0,,,,,,,0,1.8,,0,,0,0,1.8,0,1.8,1.8,,1.8,1.8,1.8,1.8,0,0,,0,0,0,
DMR Permits et al 2024,WYNKOOP OWNER LLC,Ground Water,39.751111,-105.001944,2023,11/30/2023,,,,,ng/L,1.8,5.4,,1.8,1.8,2.3,30,6.5,1.1,7.2,7.2,7.2,7.2,,,0,0,,28,0.64,12,18,0,0,,,,,,,0,1.8,,0,,0,0,1.8,0,1.8,1.8,,1.8,1.8,1.8,1.8,0,0,,0,0,0,
DMR Permits et al 2024,WYNKOOP OWNER LLC,Ground Water,39.751111,-105.001944,2023,12/31/2023,,,,,ng/L,0.98,11.44,,0.61,0,3.98,35.1,7.51,0.85,0,0,0,4.71,,,0,0,,34.85,1.82,19.64,25.82,0,0,,,,,,,0,0.91,,0,,0,0,1.13,0,1.6,0.64,,1.51,0.61,1.25,0,0,0,,0,0,0,
DMR Permits et al 2024,WYNKOOP OWNER LLC,Ground Water,39.751111,-105.001944,2024,01/31/2024,,,,,ng/L,0.98,12.48,,0.61,0,5.69,25.66,7.08,0.85,2.34,2.73,0,4.71,,,0,0,,28.17,1.57,15.53,16.97,0,0,,,,,,,0,0.91,,0,,0,0,1.13,0,1.6,0,,1.51,0.61,1.25,0,0,0,,0,0,0,
DMR Permits et al 2024,WYNKOOP OWNER LLC,Ground Water,39.751111,-105.001944,2024,01/31/2024,,,,,ng/L,0,0,,0,0,0,0,0,0,0,0,0,0,,,0,0,,0,0,0,0,0,0,,,,,,,0,0,,0,,0,0,0,0,0,0,,0,0,0,0,0,0,,0,0,0,
DMR Permits et al 2024,WYNKOOP OWNER LLC,Ground Water,39.751111,-105.001944,2024,02/29/2024,,,,,ng/L,2.39,24.92,,1.31,5.12,6.82,30.34,11.05,0.85,2.34,2.73,0,0,,,0,0,,23.1,2.14,14.24,18.75,0,0,,,,,,,0,1.44,,0,,0,0,1.13,0,1.6,0,,1.51,1.61,1.56,2.34,0,0,,0,0,0,
DMR Permits et al 2024,WYNKOOP OWNER LLC,Ground Water,39.751111,-105.001944,2024,02/29/2024,,,,,ng/L,0,0,,0,0,0,0,0,0,0,0,0,0,,,0,0,,0,0,0,0,0,0,,,,,,,0,0,,0,,0,0,0,0,0,0,,0,0,0,0,0,0,,0,0,0,
DMR Permits et al 2024,WYNKOOP OWNER LLC,Ground Water,39.751111,-105.001944,2024,03/31/2024,,,,,ng/L,2.65,20.09,,0.61,0,8.48,24.95,8.76,0.85,2.34,0,0,4.71,,,0,0,,23.68,2.98,14.25,14.3,0,0,,,,,,,0,0.91,,0,,0,0,0,0,1.6,0.64,,0,0.61,1.25,0,0,0,,0,0,0,
DMR Permits et al 2024,WYNKOOP OWNER LLC,Ground Water,39.751111,-105.001944,2024,03/31/2024,,,,,ng/L,0,0,,0,0,0,0,0,0,0,0,0,0,,,0,0,,0,0,0,0,0,0,,,,,,,0,0,,0,,0,0,0,0,0,0,,0,0,0,0,0,0,,0,0,0,
DMR Permits et al 2024,WYNKOOP OWNER LLC,Ground Water,39.751111,-105.001944,2024,04/30/2024,,,,,ng/L,4.06,22.41,,0,1.05,8.9,23.97,8.04,0.85,2.34,0,0,4.71,,,0,0,,24.26,2.75,15.1,14.43,0,0,,,,,,,0,0.91,,0,,0,0,0,0,1.6,0,,1.51,0.61,1.25,0,0,0,,0,0,0,
DMR Permits et al 2024,WYNKOOP OWNER LLC,Ground Water,39.751111,-105.001944,2024,04/30/2024,,,,,ng/L,0,0,,0,0,0,0,0,0,0,0,0,0,,,0,0,,0,0,0,0,0,0,,,,,,,0,0,,0,,0,0,0,0,0,0,,0,0,0,0,0,0,,0,0,0,
DMR Permits et al 2024,WYNKOOP OWNER LLC,Ground Water,39.751111,-105.001944,2024,05/31/2024,,,,,ng/L,4.84,23.73,,0,1.09,10.75,18.73,8.43,1.06,0,0,5.92,0,,,0,0,,21.95,2.24,15.23,16.78,0,0,,,,,,,0,0.91,,0,,0,0,0,0,0,0,,1.51,0.61,1.33,0,0,0,,0,0,0,
DMR Permits et al 2024,WYNKOOP OWNER LLC,Ground Water,39.641389,-106.393056,2024,05/31/2024,,,,,ng/L,0,0,,0,0,0,0,0,0,0,0,0,0,,,0,0,,0,0,0,0,0,0,,,,,,,0,0,,0,,0,0,0,0,0,0,,0,0,0,0,0,0,,0,0,0,
DMR Permits et al 2024,RITZ CARLTON RESIDENCES AND CLUB AT VAIL,Ground Water,39.78,-105.010278,2022,01/31/2022,,,,,ng/L,0,0,,0,0,0,0,0,0,0,0,0,0,,,0,0,,0,0,0,0,0,0,,,,,,,0,0,,0,,0,0,0,0,0,0,,0,0,0,0,0,0,,0,0,0,
DMR Permits et al 2024,CHAFFEE PARK SENIOR RESIDENCES,Ground Water,39.78,-105.010278,2021,02/28/2021,,,,,ng/L,8.5,5.3,,0,0,10,4.8,0,0,0,0,14,0,,,0,0,,6.7,0,16,11,0,0,,,,,,,0,0,,0,,0,0,0,0,0,0,,0,0,0,0,0,0,,0,0,0,
DMR Permits et al 2024,CHAFFEE PARK SENIOR RESIDENCES,Ground Water,39.78,-105.010278,2021,03/31/2021,,,,,ng/L,11,12,,0,0,9,9,6,0,0,0,0,0,,,0,0,,10,0,24,13,0,0,,,,,,,0,0,,0,,0,0,0,0,0,1.65,,0,0,0,0,0,0,,0,0,0,
DMR Permits et al 2024,CHAFFEE PARK SENIOR RESIDENCES,Ground Water,39.78,-105.010278,2021,04/30/2021,,,,,ng/L,8.9,9.8,,0,0,8.7,7.6,5.9,0,0,0,0,0,,,0,0,,8.5,0,21,11,0,0,,,,,,,0,0,,0,,0,0,0,0,0,0,,0,0,0,0,0,0,,0,0,0,
DMR Permits et al 2024,CHAFFEE PARK SENIOR RESIDENCES,Ground Water,39.78,-105.010278,2021,05/31/2021,,,,,ng/L,11,16,,0,0,8.6,15,11,0,0,0,0,0,,,0,0,,15,0,35,15,0,0,,,,,,,0,0,,0,,0,0,0,0,0,0,,0,0,0,0,0,0,,0,0,0,
DMR Permits et al 2024,CHAFFEE PARK SENIOR RESIDENCES,Ground Water,39.78,-105.010278,2021,06/30/2021,,,,,ng/L,17,25,,0,2.2,12,22,19,0,0,0,0,0,,,0,0,,19,0,44,18,0,0,,,,,,,0,0,,0,,0,0,0,0,0,0,,0,0,0,0,0,0,,0,0,0,
DMR Permits et al 2024,CHAFFEE PARK SENIOR RESIDENCES,Ground Water,39.78,-105.010278,2021,07/31/2021,,,,,ng/L,18,20,,0,0,8.8,17,11,0,0,0,0,0,,,0,0,,16,0,37,15,0,0,,,,,,,0,0,,0,,0,0,0,0,0,0,,0,0,0,0,0,0,,0,0,0,
DMR Permits et al 2024,CHAFFEE PARK SENIOR RESIDENCES,Ground Water,39.78,-105.010278,2021,08/31/2021,,,,,ng/L,18,21,,0,0,13,18,13,0,0,0,0,0,,,0,0,,18,0,38,17,0,0,,,,,,,0,0,,0,,0,0,0,0,0,0,,0,0,0,0,0,0,,0,0,0,
DMR Permits et al 2024,CHAFFEE PARK SENIOR RESIDENCES,Ground Water,39.78,-105.010278,2021,09/30/2021,,,,,ng/L,7.2,11,,0,0,6.6,10,6.5,0,0,0,2,0,,,0,0,,12,0,16,9.2,0,0,,,,,,,0,0,,0,,0,0,0,0,0,0,,0,0,0,7.2,0,0,,0,0,0,
DMR Permits et al 2024,CHAFFEE PARK SENIOR RESIDENCES,Ground Water,39.78,-105.010278,2021,10/31/2021,,,,,ng/L,11,12,,0,0,6.5,12,7.5,0,0,0,0,0,,,0,0,,14,0,21,8.9,0,0,,,,,,,0,0,,0,,0,0,0,0,0,0,,0,0,0,0,0,0,,0,0,0,
DMR Permits et al 2024,CHAFFEE PARK SENIOR RESIDENCES,Ground Water,39.78,-105.010278,2021,11/30/2021,,,,,ng/L,12,10,,0,0,9.1,8.5,6.2,0,0,0,0,0,,,0,0,,11,0,21,12,0,0,,,,,,,0,0,,0,,0,0,0,0,0,0,,0,0,0,0,0,0,,0,0,0,
DMR Permits et al 2024,CHAFFEE PARK SENIOR RESIDENCES,Ground Water,39.78,-105.010278,2021,12/31/2021,,,,,ng/L,12,12,,0,0,10,10,7.4,0,0,0,0,0,,,0,0,,11,0,23,12,0,0,,,,,,,0,0,,0,,0,0,0,0,0,0,,0,0,0,0,0,0,,0,0,0,
DMR Permits et al 2024,CHAFFEE PARK SENIOR RESIDENCES,Ground Water,39.78,-105.010278,2022,01/31/2022,,,,,ng/L,9.4,8,,0,0,9.6,5.8,4,0,0,0,0,0,,,0,0,,6.6,0,21,11,0,0,,,,,,,0,0,,0,,0,0,0,0,0,0,,0,0,0,0,0,0,,0,0,0,
DMR Permits et al 2024,CHAFFEE PARK SENIOR RESIDENCES,Ground Water,39.78,-105.010278,2022,02/28/2022,,,,,ng/L,11,8.3,,0,0,9.5,6.5,3.8,0,0,0,0,0,,,0,0,,7.8,0,19,9.8,0,0,,,,,,,0,0,,0,,0,0,0,0,0,0,,0,0,0,0,0,0,,0,0,0,
DMR Permits et al 2024,CHAFFEE PARK SENIOR RESIDENCES,Ground Water,39.78,-105.010278,2022,03/31/2022,,,,,ng/L,12,9.4,,0,0,9.5,7.2,4.1,0,0,0,0,0,,,0,0,,9,0,22,11,0,0,,,,,,,0,0,,0,,0,0,0,0,0,0,,0,0,0,0,0,0,,0,0,0,
DMR Permits et al 2024,CHAFFEE PARK SENIOR RESIDENCES,Ground Water,39.78,-105.010278,2022,05/31/2022,,,,,ng/L,14,19,,0,1.8,9.3,20,8.6,0,0,0,0,0,,,0,0,,21,0,16,15,0,0,,,,,,,0,0,,0,,0,0,0,0,0,0,,0,0,0,0,0,0,,0,0,0,
DMR Permits et al 2024,CHAFFEE PARK SENIOR RESIDENCES,Ground Water,39.78,-105.010278,2022,06/30/2022,,,,,ng/L,85,30,,0,5.7,9.3,12,12,0,0,0,0,0,,,0,0,,12,0,29,9.8,0,0,,,,,,,0,0,,0,,0,0,0,0,0,0,,0,0,0,0,0,0,,0,0,0,
DMR Permits et al 2024,CHAFFEE PARK SENIOR RESIDENCES,Ground Water,39.78,-105.010278,2022,07/31/2022,,,,,ng/L,79,26,,0,5.4,7.7,8.1,10,0,0,0,0,0,,,0,0,,9.3,0,27,7.8,0,0,,,,,,,0,0,,0,,0,0,0,0,0,0,,0,0,0,0,0,0,,0,0,0,
DMR Permits et al 2024,CHAFFEE PARK SENIOR RESIDENCES,Ground Water,39.78,-105.010278,2022,09/30/2022,,,,,ng/L,15,12,,0,0,9.4,7.2,5.2,0,0,0,0,0,,,0,0,,12,0,30,11,0,0,,,,,,,0,0,,0,,0,0,0,0,0,0,,0,0,0,0,0,0,,0,0,0,
DMR Permits et al 2024,CHAFFEE PARK SENIOR RESIDENCES,Ground Water,39.78,-105.010278,2022,10/31/2022,,,,,ng/L,15,13,,0,0,9.7,8,5.8,0,0,0,0,0,,,0,0,,9,1.8,36,14,0,0,,,,,,,0,0,,0,,0,0,0,0,0,0,,0,0,0,0,0,0,,0,0,0,
DMR Permits et al 2024,CHAFFEE PARK SENIOR RESIDENCES,Ground Water,39.78,-105.010278,2022,11/30/2022,,,,,ng/L,13,12,,0,0,11,6.4,4.8,0,0,0,0,0,,,0,0,,6.8,0,30,11,0,0,,,,,,,0,0,,0,,0,0,0,0,0,0,,0,0,0,0,0,0,,0,0,0,
DMR Permits et al 2024,CHAFFEE PARK SENIOR RESIDENCES,Ground Water,39.78,-105.010278,2022,12/31/2022,,,,,ng/L,12,13,,0,0,11,9.3,6.3,0,0,0,0,0,,,0,0,,9.6,0,31,15,0,0,,,,,,,0,0,,0,,0,0,0,0,0,0,,0,0,0,0,0,0,,0,0,0,
DMR Permits et al 2024,CHAFFEE PARK SENIOR RESIDENCES,Ground Water,39.78,-105.010278,2023,01/31/2023,,,,,ng/L,16,11,,0,0,10,6.3,3.9,0,0,0,0,0,,,0,0,,7.9,0,26,13,0,0,,,,,,,0,0,,0,,0,0,0,0,0,0,,0,0,0,0,0,0,,0,0,0,
DMR Permits et al 2024,CHAFFEE PARK SENIOR RESIDENCES,Ground Water,39.78,-105.010278,2023,02/28/2023,,,,,ng/L,11,10,,0,0,9.2,6.8,4.1,0,0,0,0,0,,,0,0,,8.8,2,23,10,0,0,,,,,,,0,0,,0,,0,0,0,0,0,0,,0,0,0,0,0,0,,0,0,0,
DMR Permits et al 2024,CHAFFEE PARK SENIOR RESIDENCES,Ground Water,39.78,-105.010278,2023,03/31/2023,,,,,ng/L,11,8.4,,0,0,10,5.9,4,0,0,0,0,0,,,0,0,,8.9,1.6,24,13,0,0,,,,,,,0,0,,0,,0,0,0,0,0,0,,0,0,0,0,0,0,,0,0,0,
DMR Permits et al 2024,CHAFFEE PARK SENIOR RESIDENCES,Ground Water,39.78,-105.010278,2023,04/30/2023,,,,,ng/L,11,8.4,,0,0,9.4,6,3.5,0,0,0,0,0,,,0,0,,6.9,0,22,13,0,0,,,,,,,0,0,,0,,0,0,0,0,0,0,,0,0,0,0,0,0,,0,0,0,
DMR Permits et al 2024,CHAFFEE PARK SENIOR RESIDENCES,Ground Water,39.78,-105.010278,2023,05/31/2023,,,,,ng/L,36,34,,0,3.5,9.2,32,22,0,0,0,0,0,,,0,0,,40,0,43,20,0,0,,,,,,,0,0,,0,,0,0,0,0,0,0,,0,0,0,0,0,0,,0,0,0,
DMR Permits et al 2024,CHAFFEE PARK SENIOR RESIDENCES,Ground Water,39.78,-105.010278,2023,06/30/2023,,,,,ng/L,49,42,,1.9,4.6,14,44,29,0,0,0,0,0,,,0,0,,71,2.2,57,41,0,0,,,,,,,0,0,,0,,0,0,0,0,0,0,,0,0,0,0,0,0,,0,0,0,
DMR Permits et al 2024,CHAFFEE PARK SENIOR RESIDENCES,Ground Water,39.78,-105.010278,2023,07/31/2023,,,,,ng/L,30,33,,0,3.7,11,34,23,0,0,0,0,0,,,0,0,,38,0,80,31,0,0,,,,,,,0,0,,0,,0,0,0,0,0,0,,0,0,0,0,0,0,,0,0,0,
DMR Permits et al 2024,CHAFFEE PARK SENIOR RESIDENCES,Ground Water,39.78,-105.010278,2023,08/31/2023,,,,,ng/L,47,22,,0,3.2,8.6,12,10,0,0,0,0,0,,,0,0,,13,0,31,12,0,0,,,,,,,0,0,,0,,0,0,0,0,0,0,,0,0,0,0,0,0,,0,0,0,
DMR Permits et al 2024,CHAFFEE PARK SENIOR RESIDENCES,Ground Water,39.78,-105.010278,2023,09/30/2023,,,,,ng/L,100,30,,3.5,7.2,6.9,13,14,0,0,0,0,0,,,0,0,,15,0,21,9.8,0,0,,,,,,,0,0,,0,,0,0,0,0,0,0,,0,0,0,0,0,0,,0,0,0,
DMR Permits et al 2024,CHAFFEE PARK SENIOR RESIDENCES,Ground Water,39.78,-105.010278,2023,10/31/2023,,,,,ng/L,21,24,,0,3,12,16,12,0,0,0,0,0,,,0,0,,17,1.6,27,19,0,0,,,,,,,0,0,,0,,0,0,0,0,0,0,,0,0,0,0,0,0,,0,0,0,
DMR Permits et al 2024,CHAFFEE PARK SENIOR RESIDENCES,Ground Water,39.78,-105.010278,2023,11/30/2023,,,,,ng/L,14,11,,0,0,11,7.6,4.4,0,0,0,0,0,,,0,0,,8.9,1.7,22,14,0,0,,,,,,,0,0,,0,,0,0,0,0,0,0,,0,0,0,0,0,0,,0,0,0,
DMR Permits et al 2024,CHAFFEE PARK SENIOR RESIDENCES,Ground Water,39.78,-105.010278,2024,03/31/2024,,,,,ng/L,7.77,23.96,,2.29,0,7.08,20.27,9.6,0,2.34,1.365,0,0,,,0,0,,20.93,1.64,26.38,22.46,0,0,,,,,,,0,0,,0,,0,0,0,0,0,0,,1.51,1.7,1.84,0,0,0,,0,0,0,
DMR Permits et al 2024,CHAFFEE PARK SENIOR RESIDENCES,Ground Water,39.78,-105.010278,2024,03/31/2024,,,,,ng/L,0,0,,0,0,0,0,0,0,0,0,0,0,,,0,0,,0,0,0,0,0,0,,,,,,,0,0,,0,,0,0,0,0,0,0,,0,0,0,0,0,0,,0,0,0,
DMR Permits et al 2024,CHAFFEE PARK SENIOR RESIDENCES,Ground Water,39.78,-105.010278,2024,04/30/2024,,,,,ng/L,10.645,84.27,,0.94,3.19,11.34,78.025,33.84,0.89,2.34,0,0,4.71,,,0,0,,60.91,1.78,30.895,48.375,0,0,,,,,,,0,0.91,,0,,0,0,0,0,1.6,0.64,,1.51,0.7,1.43,0,0,0,,0,0,0,
DMR Permits et al 2024,CHAFFEE PARK SENIOR RESIDENCES,Ground Water,39.78,-105.010278,2024,04/30/2024,,,,,ng/L,0,0,,0,0,0,0,0,0,0,0,0,0,,,0,0,,0,0,0,0,0,0,,,,,,,0,0,,0,,0,0,0,0,0,0,,0,0,0,0,0,0,,0,0,0,
DMR Permits et al 2024,CHAFFEE PARK SENIOR RESIDENCES,Ground Water,39.78,-105.010278,2024,02/29/2024,,,,,ng/L,0,0,,0,0,0,0,0,0,0,0,0,0,,,0,0,,0,0,0,0,0,0,,,,,,,0,0,,0,,0,0,0,0,0,0,,0,0,0,0,0,0,,0,0,0,
DMR Permits et al 2024,CHAFFEE PARK SENIOR RESIDENCES,Ground Water,39.74423,-104.99495,2024,02/29/2024,,,,,ng/L,0,0,,0,0,0,0,0,0,0,0,0,0,,,0,0,,0,0,0,0,0,0,,,,,,,0,0,,0,,0,0,0,0,0,0,,0,0,0,0,0,0,,0,0,0,
DMR Permits et al 2024,EMBASSY SUITES,Ground Water,39.74423,-104.99495,2021,03/31/2021,,,,,ng/L,30,28.2,,1,1.6,6.5,36.4,19.1,1.1,0,0,0,0,,,0,0,,46.1,1.1,18.5,18.9,0,0,,,,,,,0,0,,0,,0,0,0,0,0,0,,0,0,0,0,0,0,,0,0,0,
DMR Permits et al 2024,EMBASSY SUITES,Ground Water,39.74423,-104.99495,2021,04/30/2021,,,,,ng/L,44,36.3,,1,2.1,8,47.5,24.6,1.7,0,0,0,0,,,0,0,,61.3,1.3,26.1,25.5,0,0,,,,,,,0,0,,0,,0,0,0,0,0,0,,0,0,0,0,0,0,,0,0,0,
DMR Permits et al 2024,EMBASSY SUITES,Ground Water,39.74423,-104.99495,2021,05/31/2021,,,,,ng/L,50.7,48.4,,1.4,3.1,8.4,57.4,28.6,1.4,0,0,0,0,,,0,0,,72.9,0,26.8,28.9,0,0,,,,,,,0,0,,0,,0,0,0,0,0,0,,0,0,0,0,0,0,,0,0,0,
DMR Permits et al 2024,EMBASSY SUITES,Ground Water,39.74423,-104.99495,2021,06/30/2021,,,,,ng/L,72.8,48.5,,1.8,3.4,9.8,56.6,31.4,2.3,0,0,0,0,,,0,0,,85.1,1.7,28.7,30.8,0,0,,,,,,,0,0,,0,,0,0,0,0,0,0,,0,0,0,3.8,0,0,,0,0,0,
DMR Permits et al 2024,EMBASSY SUITES,Ground Water,39.74423,-104.99495,2021,07/31/2021,,,,,ng/L,55.2,41.2,,1.7,2.9,7.4,52.6,26.1,1.5,0,0,0,0,,,0,0,,69.8,1.6,23.4,28.1,0,0,,,,,,,0,0,,0,,0,0,0,0,0,0,,0,0,0,2.3,0,0,,0,0,0,
DMR Permits et al 2024,EMBASSY SUITES,Ground Water,39.74423,-104.99495,2021,08/31/2021,,,,,ng/L,55,41.9,,1.7,2.6,7.2,55.6,28.3,1.2,0,0,0,0,,,0,0,,83,1.4,26.8,28.3,0,0,,,,,,,0,0,,0,,0,0,0,0,0,0,,0,0,0,0,0,0,,0,0,0,
DMR Permits et al 2024,EMBASSY SUITES,Ground Water,39.74423,-104.99495,2021,09/30/2021,,,,,ng/L,53.3,42.7,,1.9,2.6,8.7,49.7,25.9,1.3,0,0,0,0,,,0,0,,63.9,1.2,25.9,25.7,0,0,,,,,,,0,0,,0,,0,0,0,0,0,0,,0,0,0,2.2,0,0,,0,0,0,
DMR Permits et al 2024,EMBASSY SUITES,Ground Water,39.74423,-104.99495,2021,10/31/2021,,,,,ng/L,47.3,37.8,,1.8,2.4,7.5,46.6,24.6,1.5,0,0,0,0,,,0,0,,62.1,1.4,23.6,25.1,0,0,,,,,,,0,0,,0,,0,0,0,0,0,0,,0,0,0,0,0,0,,0,0,0,
DMR Permits et al 2024,EMBASSY SUITES,Ground Water,39.74423,-104.99495,2021,11/30/2021,,,,,ng/L,42.6,37.3,,1.5,2.3,8.2,49.6,23.6,0,0,0,0,0,,,0,0,,61.8,1.6,24.3,26.3,0,0,,,,,,,0,0,,0,,0,0,0,0,0,0,,0,0,0,0,0,0,,0,0,0,
DMR Permits et al 2024,EMBASSY SUITES,Ground Water,39.74423,-104.99495,2021,12/31/2021,,,,,ng/L,40.3,37.9,,1.5,2.2,10,47.8,24,1.5,0,0,0,0,,,0,0,,60.1,1.9,23.8,27.2,0,0,,,,,,,0,0,,0,,0,0,0,0,0,0,,0,0,0,0,0,0,,0,0,0,
DMR Permits et al 2024,EMBASSY SUITES,Ground Water,39.74423,-104.99495,2022,01/31/2022,,,,,ng/L,28.4,28,,1,1.4,6.5,37.4,18,0,0,0,0,0,,,0,0,,45.7,1.1,19.7,22.4,0,0,,,,,,,0,0,,0,,0,0,0,0,0,0,,0,0,0,0,0,0,,0,0,0,
DMR Permits et al 2024,EMBASSY SUITES,Ground Water,39.74423,-104.99495,2022,02/28/2022,,,,,ng/L,29.5,28,,1.1,1.4,6.4,36.5,18.8,0,0,0,0,0,,,0,0,,46.7,1.1,17.1,19.2,0,0,,,,,,,0,0,,0,,0,0,0,0,0,0,,0,0,0,0,0,0,,0,0,0,
DMR Permits et al 2024,EMBASSY SUITES,Ground Water,39.74423,-104.99495,2022,03/31/2022,,,,,ng/L,29.3,28.4,,0,1.6,6.8,38.4,18.6,0,0,0,0,0,,,0,0,,47.2,0,16.7,20.5,0,0,,,,,,,0,0,,0,,0,0,0,0,0,0,,0,0,0,0,0,0,,0,0,0,
DMR Permits et al 2024,EMBASSY SUITES,Ground Water,39.74423,-104.99495,2022,04/30/2022,,,,,ng/L,28.1,20.8,,0,1.1,5,23.4,12.7,1.1,0,0,0,0,,,0,0,,31.3,0.98,11.2,13.9,0,0,,,,,,,0,0,,0,,0,0,0,0,0,0,,0,0,0,0,0,0,,0,0,0,
DMR Permits et al 2024,EMBASSY SUITES,Ground Water,39.74423,-104.99495,2022,05/31/2022,,,,,ng/L,34.1,27.8,,0.96,1.7,6.3,34.9,18.4,0.97,0,0,0,0,,,0,0,,47.2,0.96,16.8,19.3,0,0,,,,,,,0,0,,0,,0,0,0,0,0,0,,0,0,0,0,0,0,,0,0,0,
DMR Permits et al 2024,EMBASSY SUITES,Ground Water,39.74423,-104.99495,2022,06/30/2022,,,,,ng/L,47,35.8,,1.1,2.2,6.6,36.2,20.4,1.5,0,0,0,0,,,0,0,,48.2,1,19.5,20.4,0,0,,,,,,,0,0,,0,,0,0,0,0,0,0,,0,0,0,0,0,0,,0,0,0,
DMR Permits et al 2024,EMBASSY SUITES,Ground Water,39.74423,-104.99495,2022,07/31/2022,,,,,ng/L,46,36.1,,1,1.9,6.9,47.4,21.3,1.2,0,0,0,0,,,0,0,,55.2,1.4,24.3,21.4,0,0,,,,,,,0,0,,0,,0,0,0,0,0,0,,0,0,0,0,0,0,,0,0,0,
DMR Permits et al 2024,EMBASSY SUITES,Ground Water,39.74423,-104.99495,2022,08/31/2022,,,,,ng/L,41.8,32.6,,1.3,1.6,6,38.7,17.5,0,0,0,0,0,,,0,0,,44.6,1.1,17.7,20.5,0,0,,,,,,,0,0,,0,,0,0,0,0,0,0,,0,0,0,0,0,0,,0,0,0,
DMR Permits et al 2024,EMBASSY SUITES,Ground Water,39.74423,-104.99495,2022,09/30/2022,,,,,ng/L,55.2,46,,1.8,2.7,9.4,56.3,29.6,1.6,0,0,0,0,,,0,0,,68.7,2,28,31.9,0,0,,,,,,,0,0,,0,,0,0,0,0,0,0,,0,0,0,0,0,0,,0,0,0,
DMR Permits et al 2024,EMBASSY SUITES,Ground Water,39.74423,-104.99495,2022,10/31/2022,,,,,ng/L,46.5,35.9,,1.5,2.3,7.1,46.6,23.3,1.4,0,0,0,0,,,0,0,,54.7,1.3,21.9,25.4,0,0,,,,,,,0,0,,0,,0,0,0,0,0,0,,0,0,0,0,0,0,,0,0,0,
DMR Permits et al 2024,EMBASSY SUITES,Ground Water,39.74423,-104.99495,2022,11/30/2022,,,,,ng/L,34.4,33.2,,1.2,2.3,6.6,45.1,22.8,1.3,0,0,0,0,,,0,0,,59.7,1.5,19.6,22.2,0,0,,,,,,,0,0,,0,,0,0,0,0,0,0,,0,0,0,0,0,0,,0,0,0,
DMR Permits et al 2024,EMBASSY SUITES,Ground Water,39.74423,-104.99495,2022,12/31/2022,,,,,ng/L,33,34,,1.2,2.1,8.5,50,24,0.83,0,0,0,0,,,0,0,,60,1.3,24,26,0,0,,,,,,,0,0,,0,,0,0,0,0,0,0,,0,0,0,0,0,0,,0,0,0,
DMR Permits et al 2024,EMBASSY SUITES,Ground Water,39.74423,-104.99495,2023,01/31/2023,,,,,ng/L,29,35,,0.97,1.9,8.8,50,24,0.8,0,0,0,0,,,0,0,,63,1.4,25,28,0,0,,,,,,,0,0,,0,,0,0,0,0,0,0,,0,0,0,0,0,0,,0,0,0,
DMR Permits et al 2024,EMBASSY SUITES,Ground Water,39.74423,-104.99495,2023,02/28/2023,,,,,ng/L,38.1,29.1,,0.93,1.9,7,39.9,19.6,1.3,0,0,0,0,,,0,0,,46.8,1,18.7,23.1,0,0,,,,,,,0,0,,0,,0,0,0,0,0,0,,0,0,0,2.9,0,0,,0,0,0,
DMR Permits et al 2024,EMBASSY SUITES,Ground Water,39.74423,-104.99495,2023,03/31/2023,,,,,ng/L,33.5,25.6,,0,1.8,5.9,34.9,17.2,1,0,0,0,0,,,0,0,,39.6,1.3,15.5,19.4,0,0,,,,,,,0,0,,0,,0,0,0,0,0,0,,0,0,0,0,0,0,,0,0,0,
DMR Permits et al 2024,EMBASSY SUITES,Ground Water,39.74423,-104.99495,2023,04/30/2023,,,,,ng/L,32.2,27,,0,1.8,6.6,39.2,19,0,0,0,0,0,,,0,0,,45.3,1,18,23.3,0,0,,,,,,,0,0,,0,,0,0,0,0,0,0,,0,0,0,0,0,0,,0,0,0,
DMR Permits et al 2024,EMBASSY SUITES,Ground Water,39.74423,-104.99495,2023,05/31/2023,,,,,ng/L,37.8,31.6,,1,2,8.5,49.1,23.7,0.95,0,0,0,0,,,0,0,,56.7,1.9,22.1,28.7,0,0,,,,,,,0,0,,0,,0,0,0,0,0,0,,0,0,0,0,0,0,,0,0,0,
DMR Permits et al 2024,EMBASSY SUITES,Ground Water,39.74423,-104.99495,2023,06/30/2023,,,,,ng/L,43.7,34.7,,1.4,2.5,6.6,46.2,21.7,1.2,0,0,0,0,,,0,0,,52.1,0.92,24.2,23.3,0,0,,,,,,,0,0,,0,,0,0,0,0,0,0,,0,0,0,2.1,0,0,,0,0,0,
DMR Permits et al 2024,EMBASSY SUITES,Ground Water,39.74423,-104.99495,2023,07/31/2023,,,,,ng/L,66.3,45.3,,2.3,3.6,8.1,56,24.9,1.9,0,0,0,0,,,0,0,,62.1,1.1,30.5,27.3,0,0,,,,,,,0,0,,0,,0,0,0,0,0,0,,0,0,0,3.2,0,0,,0,0,0,
DMR Permits et al 2024,EMBASSY SUITES,Ground Water,39.74423,-104.99495,2023,08/31/2023,,,,,ng/L,48.4,37,,1.7,2.7,8.1,50.3,23.1,1.3,0,0,0,0,,,0,0,,57.6,1.2,28,27.2,0,0,,,,,,,0,0,,0,,0,0,0,0,0,0,,0,0,0,0,0,0,,0,0,0,
DMR Permits et al 2024,EMBASSY SUITES,Ground Water,39.74423,-104.99495,2023,09/30/2023,,,,,ng/L,56.3,41.7,,2.1,2.9,8.6,60.6,28.2,1.5,0,0,0,0,,,0,0,,73.5,1.5,35.6,25.6,0,0,,,,,,,0,0,,0,,0,0,0,0,0,0,,0,0,0,0,0,0,,0,0,0,
DMR Permits et al 2024,EMBASSY SUITES,Ground Water,39.74423,-104.99495,2023,10/31/2023,,,,,ng/L,59.6,37.4,,2.1,2.7,8,47.3,23.5,2,0,0,0,0,,,0,0,,58.9,1.4,31.4,30.1,0,0,,,,,,,0,0,,0,,0,0,0,0,0,0,,0,0,0,0,0,0,,0,0,0,
DMR Permits et al 2024,EMBASSY SUITES,Ground Water,39.74423,-104.99495,2023,11/30/2023,,,,,ng/L,47.6,34.9,,1.6,2.3,7.5,47.4,22.9,1.5,0,0,0,0,,,0,0,,58,1.2,30.7,30.3,0,0,,,,,,,0,0,,0,,0,0,0,0,0,0,,0,0,0,0,0,0,,0,0,0,
DMR Permits et al 2024,EMBASSY SUITES,Ground Water,39.74423,-104.99495,2023,12/31/2023,,,,,ng/L,31,27.5,,1.1,1.8,8,41.9,23.2,1.1,0,0,0,0,,,0,0,,52.8,1.4,27.6,25.4,0,0,,,,,,,0,0,,0,,0,0,0,0,0,0,,0,0,0,0,0,0,,0,0,0,
DMR Permits et al 2024,EMBASSY SUITES,Ground Water,39.74423,-104.99495,2024,01/31/2024,,,,,ng/L,40.4,32.9,,1.2,2.2,8,46.7,22.1,1.2,0,0,0,0,,,0,0,,57,1.2,23.7,25.7,0,0,,,,,,,0,0,,0,,0,0,0,0,0,0,,0,0,0,0,0,0,,0,0,0,
DMR Permits et al 2024,EMBASSY SUITES,Ground Water,39.74423,-104.99495,2024,02/29/2024,,,,,ng/L,50.8,36.8,,1.3,2.6,9.7,52,26.9,1.5,0,0,0,0,,,0,0,,66.6,1.4,26.1,30.1,0,0,,,,,,,0,0,,0,,0,0,0,0,0,0,,0,0,0,3.3,0,0,,0,0,0,
DMR Permits et al 2024,EMBASSY SUITES,Ground Water,39.74423,-104.99495,2024,03/31/2024,,,,,ng/L,12.5,9.3,,0,0,1.8,14.3,6.1,0,0,0,0,0,,,0,0,,20.5,0,6.3,14,0,0,,,,,,,0,0,,0,,0,0,0,0,0,0,,0,0,0,0,0,0,,0,0,0,
DMR Permits et al 2024,EMBASSY SUITES,Ground Water,39.74423,-104.99495,2024,03/31/2024,,,,,ng/L,0,0,,0,0,0,0,0,0,0,0,0,0,,,0,0,,0,0,0,0,0,0,,,,,,,0,0,,0,,0,0,0,0,0,0,,0,0,0,0,0,0,,0,0,0,
DMR Permits et al 2024,EMBASSY SUITES,Ground Water,39.74423,-104.99495,2024,04/30/2024,,,,,ng/L,0,1.2,,0,0,0,1.5,0,0,0,0,0,0,,,0,0,,1.9,0,0,4.3,0,0,,,,,,,0,0,,0,,0,0,0,0,0,0,,0,0,0,0,0,0,,0,0,0,
DMR Permits et al 2024,EMBASSY SUITES,Ground Water,39.74423,-104.99495,2024,04/30/2024,,,,,ng/L,0,0,,0,0,0,0,0,0,0,0,0,0,,,0,0,,0,0,0,0,0,0,,,,,,,0,0,,0,,0,0,0,0,0,0,,0,0,0,0,0,0,,0,0,0,
DMR Permits et al 2024,EMBASSY SUITES,Ground Water,39.74423,-104.99495,2024,05/31/2024,,,,,ng/L,1.8,1.3,,0,0,0,1.8,0.86,0,0,0,0,0,,,0,0,,4.5,0,0.96,11.5,0,0,,,,,,,0,0,,0,,0,0,0,0,0,0,,0,0,0,0,0,0,,0,0,0,
DMR Permits et al 2024,EMBASSY SUITES,Ground Water,40.0091,-105.27615,2024,05/31/2024,,,,,ng/L,0,0,,0,0,0,0,0,0,0,0,0,0,,,0,0,,0,0,0,0,0,0,,,,,,,0,0,,0,,0,0,0,0,0,0,,0,0,0,0,0,0,,0,0,0,
DMR Permits et al 2024,1301 BROADWAY,Ground Water,39.903189,-104.881703,2022,04/30/2022,,,,,ng/L,0,0,,0,0,0,0,0,0,0,0,0,0,,,0,0,,0,0,0,0,0,0,,,,,,,0,0,,0,,0,0,0,0,0,0,,0,0,0,0,0,0,,0,0,0,
DMR Permits et al 2024,NORTH GRAVEL PIT COMPLEX,Ground Water,39.903189,-104.881703,2021,03/31/2021,,,,,ng/L,34,18,,0,2,43,62,17,0,1.8,0,7.2,0,,,0,0,,78,15,27,35,0,0,,,,,,,0,0,,0,,0,0,0,0,0,0,,0,0,0,0,0,0,,0,0,0,
DMR Permits et al 2024,NORTH GRAVEL PIT COMPLEX,Ground Water,39.903189,-104.881703,2021,04/30/2021,,,,,ng/L,36,28,,0,2.5,42,84,25,0,0,0,7.4,0,,,0,0,,93,14,24,35,0,0,,,,,,,0,0,,0,,0,0,0,0,0,0,,0,0,0,0,0,0,,0,0,0,
DMR Permits et al 2024,NORTH GRAVEL PIT COMPLEX,Ground Water,39.903189,-104.881703,2021,05/31/2021,,,,,ng/L,41,24,,0,2.7,35,67,21,0,0,0,0,0,,,0,0,,88,9.7,21,29,0,0,,,,,,,0,0,,0,,0,0,0,0,0,0,,0,0,0,0,0,0,,0,0,0,
DMR Permits et al 2024,NORTH GRAVEL PIT COMPLEX,Ground Water,39.903189,-104.881703,2021,06/30/2021,,,,,ng/L,44,18,,0,2.6,28,46,16,0,0,0,0,0,,,0,0,,55,6.4,18,22,0,0,,,,,,,0,0,,0,,0,0,0,0,0,0,,0,0,0,0,0,0,,0,0,0,
DMR Permits et al 2024,NORTH GRAVEL PIT COMPLEX,Ground Water,39.903189,-104.881703,2021,07/31/2021,,,,,ng/L,47,18,,0,3.2,25,44,17,0,0,0,0,0,,,0,0,,52,4.8,14,19,0,0,,,,,,,0,0,,0,,0,0,0,0,0,0,,0,0,0,2.5,0,0,,0,0,0,
DMR Permits et al 2024,NORTH GRAVEL PIT COMPLEX,Ground Water,39.903189,-104.881703,2021,08/31/2021,,,,,ng/L,49,16.5,,0,3.55,23.5,44,15.5,0,0,0,0,0,,,0,0,,53,5.6255,15.75,23.75,0,0,,,,,,,0,0,,0,,0,0,0,0,0,0,,0,0,0,0,0,0,,0,0,0,
DMR Permits et al 2024,NORTH GRAVEL PIT COMPLEX,Ground Water,39.903189,-104.881703,2021,09/30/2021,,,,,ng/L,43,15,,1.8,3.1,31,45,13,0,0,0,4.5,0,,,0,0,,61,5.6,20,25,0,0,,,,,,,0,0,,0,,0,0,0,0,0,0,,0,0,0,0,0,0,,0,0,0,
DMR Permits et al 2024,NORTH GRAVEL PIT COMPLEX,Ground Water,39.903189,-104.881703,2021,10/31/2021,,,,,ng/L,38,13,,0,2.4,27,48,12,0,0,0,7.6,0,,,0,0,,62,4.9,16,23,0,0,,,,,,,0,0,,0,,0,0,0,0,0,0,,0,0,0,0,0,0,,0,0,0,
DMR Permits et al 2024,NORTH GRAVEL PIT COMPLEX,Ground Water,39.903189,-104.881703,2021,11/30/2021,,,,,ng/L,0,0,,0,0,0,0,0,0,0,0,0,0,,,0,0,,0,0,0,0,0,0,,,,,,,0,0,,0,,0,0,0,0,0,0,,0,0,0,0,0,0,,0,0,0,
DMR Permits et al 2024,NORTH GRAVEL PIT COMPLEX,Ground Water,39.903189,-104.881703,2021,12/31/2021,,,,,ng/L,29.5,11.75,,0,1,50.5,57,15,0,3.6,0,15,0,,,0,0,,76,10,11,31,0,0,,,,,,,0,0,,0,,0,0,0,0,0,0,,0,0,0,0,0,0,,0,0,0,
DMR Permits et al 2024,NORTH GRAVEL PIT COMPLEX,Ground Water,39.903189,-104.881703,2022,01/31/2022,,,,,ng/L,30,12,,0,0,0,67,16,0,0,0,14,0,,,0,0,,81,10,22,35,0,0,,,,,,,0,0,,0,,0,0,0,0,0,0,,0,0,0,0,0,0,,0,0,0,
DMR Permits et al 2024,NORTH GRAVEL PIT COMPLEX,Ground Water,39.903189,-104.881703,2022,02/28/2022,,,,,ng/L,28,11,,0,0,46,72,17,0,0,0,4.8,0,,,0,0,,88,10,24,34,0,0,,,,,,,0,0,,0,,0,0,0,0,0,0,,0,0,0,0,0,0,,0,0,0,
DMR Permits et al 2024,NORTH GRAVEL PIT COMPLEX,Ground Water,39.903189,-104.881703,2022,03/31/2022,,,,,ng/L,25,11,,0,0,0,57,16,0,0,0,0,0,,,0,0,,70,0,21,30,0,0,,,,,,,0,0,,0,,0,0,0,0,0,0,,0,0,0,0,0,0,,0,0,0,
DMR Permits et al 2024,NORTH GRAVEL PIT COMPLEX,Ground Water,39.903189,-104.881703,2022,04/30/2022,,,,,ng/L,28,15,,0,0,30,44,14,0,0,0,0,0,,,0,0,,73,0,24,31,0,0,,,,,,,0,0,,0,,0,0,0,0,0,0,,0,0,0,0,0,0,,0,0,0,
DMR Permits et al 2024,NORTH GRAVEL PIT COMPLEX,Ground Water,39.903189,-104.881703,2022,05/31/2022,,,,,ng/L,38,24,,0,2.6,27,56,19,0,0,0,0,0,,,0,0,,72,5.6,19,24,0,0,,,,,,,0,0,,0,,0,0,0,0,0,0,,0,0,0,2.1,0,0,,0,0,0,
DMR Permits et al 2024,NORTH GRAVEL PIT COMPLEX,Ground Water,39.903189,-104.881703,2022,06/30/2022,,,,,ng/L,39,14,,0,2.6,19,30,11,0,3.8,1.9,4.7,1.9,,,0,0,,43,4.4,17,20,0,0,,,,,,,0,0,,0,,0,0,0,0,0,0,,0,0,0,0,0,0,,0,0,0,
DMR Permits et al 2024,NORTH GRAVEL PIT COMPLEX,Ground Water,39.903189,-104.881703,2022,07/31/2022,,,,,ng/L,0,0,,0,0,0,0,0,0,0,0,0,0,,,0,0,,0,0,0,0,0,0,,,,,,,0,0,,0,,0,0,0,0,0,0,,0,0,0,0,0,0,,0,0,0,
DMR Permits et al 2024,NORTH GRAVEL PIT COMPLEX,Ground Water,39.903189,-104.881703,2022,08/31/2022,,,,,ng/L,38,13,,0,2.6,18,27,9.3,0,0,0,0,0,,,0,0,,32,4.1,18,18,0,0,,,,,,,0,0,,0,,0,0,0,0,0,0,,0,0,0,3.4,0,0,,0,0,0,
DMR Permits et al 2024,NORTH GRAVEL PIT COMPLEX,Ground Water,39.903189,-104.881703,2022,09/30/2022,,,,,ng/L,44,12,,0,2.9,25,31,11,0,0,0,0,0,,,0,0,,40,6.7,19,20,0,0,,,,,,,0,0,,0,,0,0,0,0,0,0,,0,0,0,3.1,0,0,,0,0,0,
DMR Permits et al 2024,NORTH GRAVEL PIT COMPLEX,Ground Water,39.903189,-104.881703,2022,10/31/2022,,,,,ng/L,36,13,,0,2.4,23,30,10,0,0,0,0,0,,,0,0,,41,7.6,21,22,0,0,,,,,,,0,0,,0,,0,0,0,0,0,0,,0,0,0,0,0,0,,0,0,0,
DMR Permits et al 2024,NORTH GRAVEL PIT COMPLEX,Ground Water,39.903189,-104.881703,2022,11/30/2022,,,,,ng/L,31,10,,0,1.9,28,33,9.5,0,0,0,0,0,,,0,0,,39,8.6,19,25,0,0,,,,,,,0,0,,0,,0,0,0,0,0,0,,0,0,0,1.9,0,0,,0,0,0,
DMR Permits et al 2024,NORTH GRAVEL PIT COMPLEX,Ground Water,39.903189,-104.881703,2022,12/31/2022,,,,,ng/L,24,9.8,,0,0,31,35,9.6,0,0,0,0,0,,,0,0,,39,10,20,24,0,0,,,,,,,0,0,,0,,0,0,0,0,0,0,,0,0,0,0,0,0,,0,0,0,
DMR Permits et al 2024,NORTH GRAVEL PIT COMPLEX,Ground Water,39.903189,-104.881703,2023,01/31/2023,,,,,ng/L,21,9.4,,0,0,40,36,9.7,0,0,0,0,0,,,0,0,,46,12,27,29,0,0,,,,,,,0,0,,0,,0,0,0,0,0,0,,0,0,0,0,0,0,,0,0,0,
DMR Permits et al 2024,NORTH GRAVEL PIT COMPLEX,Ground Water,39.903189,-104.881703,2023,02/28/2023,,,,,ng/L,21,10,,0,0,40,39,11,0,0,0,0,0,,,0,0,,52,14,31,31,0,0,,,,,,,0,0,,0,,0,0,0,0,0,0,,0,0,0,0,0,0,,0,0,0,
DMR Permits et al 2024,NORTH GRAVEL PIT COMPLEX,Ground Water,39.903189,-104.881703,2023,03/31/2023,,,,,ng/L,20,11,,0,0,51,49,14,0,0,0,0,0,,,0,0,,72,20,36,35,0,0,,,,,,,0,0,,0,,0,0,0,0,0,0,,0,0,0,0,0,0,,0,0,0,
DMR Permits et al 2024,NORTH GRAVEL PIT COMPLEX,Ground Water,39.903189,-104.881703,2023,04/30/2023,,,,,ng/L,24,12,,0,0,66,72,15,0,0,0,0,0,,,0,0,,85,27,37,29,0,0,,,,,,,0,0,,0,,0,0,0,0,0,0,,0,0,0,0,0,0,,0,0,0,
DMR Permits et al 2024,NORTH GRAVEL PIT COMPLEX,Ground Water,39.903189,-104.881703,2023,05/31/2023,,,,,ng/L,0,18,,0,0,0,0,0,0,0,0,0,0,,,0,0,,0,0,0,26,0,0,,,,,,,0,0,,0,,0,0,0,0,0,0,,0,0,0,0,0,0,,0,0,0,
DMR Permits et al 2024,NORTH GRAVEL PIT COMPLEX,Ground Water,39.903189,-104.881703,2023,05/31/2023,,,,,ng/L,24,0,,0,1.9,35,60,18,0,0,0.85,0,0,,,0,0,,71,8,20,0,0,0,,,,,,,0,0,,0,,0,0,0,0,0,0,,0,0,0,0,0,0,,0,0,0,
DMR Permits et al 2024,NORTH GRAVEL PIT COMPLEX,Ground Water,39.903189,-104.881703,2023,06/30/2023,,,,,ng/L,30,16,,0,2.5,36,44,14,0,0,0,0,0,,,0,0,,50,11,24,24,0,0,,,,,,,0,0,,0,,0,0,4.4,0,0,0,,0,0,0,0,0,0,,0,0,0,
DMR Permits et al 2024,NORTH GRAVEL PIT COMPLEX,Ground Water,39.903189,-104.881703,2023,07/31/2023,,,,,ng/L,29,12,,0,1.9,40,37,11,0,0,0,0,0,,,0,0,,47,11,26,26,0,0,,,,,,,0,0,,0,,0,0,0,0,0,0,,0,0,0,0,0,0,,0,0,0,
DMR Permits et al 2024,NORTH GRAVEL PIT COMPLEX,Ground Water,39.903189,-104.881703,2023,08/31/2023,,,,,ng/L,35.75,14.5,,0,2.9,42.75,54.25,15.25,0,0,0,0,0,,,0,0,,66.75,8.7,25.25,25.5,0,0,,,,,,,0,0,,0,,0,0,0,0,0,0,,0,0,0,0,0,0,,0,0,0,
DMR Permits et al 2024,NORTH GRAVEL PIT COMPLEX,Ground Water,39.903189,-104.881703,2023,09/30/2023,,,,,ng/L,31,13,,0,2.4,40,54,12,0,0,0,0,0,,,0,0,,57,11,21,23,0,0,,,,,,,0,0,,0,,0,0,0,0,0,0,,0,0,0,0,0,0,,0,0,0,
DMR Permits et al 2024,NORTH GRAVEL PIT COMPLEX,Ground Water,39.903189,-104.881703,2023,10/31/2023,,,,,ng/L,35,12,,0,2.3,55,51,13,0,0,0,0,0,,,0,0,,73,16,27,29,0,0,,,,,,,0,0,,0,,0,0,0,0,0,0,,0,0,0,0,0,0,,0,0,0,
DMR Permits et al 2024,NORTH GRAVEL PIT COMPLEX,Ground Water,39.903189,-104.881703,2023,11/30/2023,,,,,ng/L,32,12,,0,2,66,58,14,0,0,0,0,0,,,0,0,,74,18,27,26,0,0,,,,,,,0,0,,0,,0,0,0,0,0,0,,0,0,0,0,0,0,,0,0,0,
DMR Permits et al 2024,NORTH GRAVEL PIT COMPLEX,Ground Water,39.903189,-104.881703,2023,12/31/2023,,,,,ng/L,25,9.8,,0,0,73,60,13,0,0,0,0,0,,,0,0,,75,17,31,31,0,0,,,,,,,0,0,,0,,0,0,0,0,0,0,,0,0,0,0,0,0,,0,0,0,
DMR Permits et al 2024,NORTH GRAVEL PIT COMPLEX,Ground Water,39.903189,-104.881703,2024,01/31/2024,,,,,ng/L,26,13,,0,0,76,63,16,0,0,0,5.1,0,,,0,0,,87,18,29,33,0,0,,,,,,,0,0,,0,,0,0,0,0,0,0,,0,0,0,0,0,0,,0,0,0,
DMR Permits et al 2024,NORTH GRAVEL PIT COMPLEX,Ground Water,39.903189,-104.881703,2024,02/29/2024,,,,,ng/L,29,12,,0,0,74,67,15,0,0,0,0,0,,,0,0,,91,18,28,33,0,0,,,,,,,0,0,,0,,0,0,0,0,0,0,,0,0,0,0,0,0,,0,0,0,
DMR Permits et al 2024,NORTH GRAVEL PIT COMPLEX,Ground Water,39.903189,-104.881703,2024,04/30/2024,,,,,ng/L,27,19,,0,0,88,110,21,0,0,0,0,0,,,0,0,,130,19,35,43,0,0,,,,,,,0,0,,0,,0,0,0,0,0,0,,0,0,0,3.4,0,0,,0,0,0,
DMR Permits et al 2024,NORTH GRAVEL PIT COMPLEX,Ground Water,39.903189,-104.881703,2024,04/30/2024,,,,,ng/L,0,0,,0,0,0,0,0,0,0,0,0,0,,,0,0,,0,0,0,0,0,0,,,,,,,0,0,,0,,0,0,0,0,0,0,,0,0,0,0,0,0,,0,0,0,
DMR Permits et al 2024,NORTH GRAVEL PIT COMPLEX,Ground Water,39.903189,-104.881703,2024,05/31/2024,,,,,ng/L,30,21,,0,2.6,50,62,17,0,0,0,0,0,,,0,0,,77,9.4,21,26,0,0,,,,,,,0,0,,0,,0,0,0,0,0,0,,0,0,0,2.5,0,0,,0,0,0,
DMR Permits et al 2024,NORTH GRAVEL PIT COMPLEX,Ground Water,40.016389,-105.248333,2024,05/31/2024,,,,,ng/L,0,0,,0,0,0,0,0,0,0,0,0,0,,,0,0,,0,0,0,0,0,0,,,,,,,0,0,,0,,0,0,0,0,0,0,,0,0,0,0,0,0,,0,0,0,
DMR Permits et al 2024,PELOTON CONDOMINIUM ASSOCIATION INC,Ground Water,40.016389,-105.248333,2021,11/30/2021,,,,,ng/L,18.1,18.1,,1.3,1.8,3.2,20.9,8,0,0,0,0,7.7,,,0,0,,30.5,0,14.9,18.3,0,0,,,,,,,0,0,,0,,0,0,6.2,0,0,0,,0,0,0,6.2,0,0,,0,0,0,
DMR Permits et al 2024,PELOTON CONDOMINIUM ASSOCIATION INC,Ground Water,40.016389,-105.248333,2021,02/28/2021,,,,,ng/L,5.1,18.6,,0,1.6,3.1,23,9.2,0,0,3.55,0,0,,,0,0,,32.8,0,15,19.4,0,0,,,,,,,0,0,,0,,0,0,0,0,0,0,,0,0,0,3.6,0,0,,0,0,0,
DMR Permits et al 2024,PELOTON CONDOMINIUM ASSOCIATION INC,Ground Water,40.016389,-105.248333,2022,05/31/2022,,,,,ng/L,8.5,30,,2.2,3.3,3.1,25.5,12.1,0,0,0,0,0,,,0,0,,31,0,18.7,21.6,0,0,,,,,,,0,0,,0,,0,0,0,0,0,0,,0,0,0,8.5,0,0,,0,0,0,
DMR Permits et al 2024,PELOTON CONDOMINIUM ASSOCIATION INC,Ground Water,40.016389,-105.248333,2022,03/31/2022,,,,,ng/L,7.3,21.5,,0.9,1.8,3.3,24,10.3,0,0,0,0,0,,,0,0,,29.9,0,14.5,21.2,0,0,,,,,,,0,0,,0,,0,0,0,0,0,0,,0,0,0,6,0,0,,0,0,0,
DMR Permits et al 2024,PELOTON CONDOMINIUM ASSOCIATION INC,Ground Water,40.016389,-105.248333,2022,06/30/2022,,,,,ng/L,5.1,18.6,,0,1.6,3.1,23,9.2,0,0,3.55,0,0,,,0,0,,32.8,0,15,19.4,0,0,,,,,,,0,0,,0,,0,0,0,0,0,0,,0,0,0,3.6,0,0,,0,0,0,
DMR Permits et al 2024,PELOTON CONDOMINIUM ASSOCIATION INC,Ground Water,40.016389,-105.248333,2022,07/31/2022,,,,,ng/L,7.5,19.4,,0.65,2.2,2.9,17.1,7.9,0,0,0,0,0,,,0,0,,23,0,13.2,14.5,0,0,,,,,,,0,0,,0,,0,0,0,0,0,0,,0,0,0,7.5,0,0,,0,0,0,
DMR Permits et al 2024,PELOTON CONDOMINIUM ASSOCIATION INC,Ground Water,40.016389,-105.248333,2022,08/31/2022,,,,,ng/L,14.8,39.4,,5.3,5.7,2.9,34.1,15.6,0,0,0,0,0,,,0,0,,37.9,0,20.2,24.6,0,0,,,,,,,0,0,,0,,0,0,14.8,0,0,0,,0,0,0,14.8,0,0,,0,0,0,
DMR Permits et al 2024,PELOTON CONDOMINIUM ASSOCIATION INC,Ground Water,40.016389,-105.248333,2022,08/31/2022,,,,,ng/L,0,0,,0,0,0,0,0,0,0,0,0,0,,,0,0,,0,0,0,0,0,0,,,,,,,0,0,,0,,0,0,0,0,0,0,,0,0,0,0,0,0,,0,0,0,
DMR Permits et al 2024,PELOTON CONDOMINIUM ASSOCIATION INC,Ground Water,40.016389,-105.248333,2022,09/30/2022,,,,,ng/L,10.5,23.3,,2.2,2.9,2.9,18.2,9.1,0,0,0,0,0,,,0,0,,23,0,16.4,18.8,0,0,,,,,,,0,0,,0,,0,0,0,0,0,2.3,,0,0,0,0,0,0,,0,0,0,
DMR Permits et al 2024,PELOTON CONDOMINIUM ASSOCIATION INC,Ground Water,40.016389,-105.248333,2022,10/31/2022,,,,,ng/L,12.7,24.3,,2.1,3.3,3.8,22.1,10.3,0,0,0,0,0,,,0,0,,26.9,0,18.6,16.7,0,0,,,,,,,0,0,,0,,0,0,0,0,0,0,,0,0,0,0,0,0,,0,0,0,
DMR Permits et al 2024,PELOTON CONDOMINIUM ASSOCIATION INC,Ground Water,40.016389,-105.248333,2022,11/30/2022,,,,,ng/L,8.2,18,,1.11,1.71,3.2,119,8.1,0,0,0,0,0,,,0,0,,23.4,0,15.3,17.1,0,0,,,,,,,0,0,,0,,0,0,0,0,0,0,,0,0,0,8.2,0,0,,0,0,0,
DMR Permits et al 2024,PELOTON CONDOMINIUM ASSOCIATION INC,Ground Water,40.016389,-105.248333,2023,01/31/2023,,,,,ng/L,0,1.4,,0,0,0,1.4,0.91,0,0,0,0,0,,,0,0,,1.2,0,1.8,2.7,0,0,,,,,,,0,0,,0,,0,0,0,0,0,0,,0,0,0,0,0,0,,0,0,0,
DMR Permits et al 2024,PELOTON CONDOMINIUM ASSOCIATION INC,Ground Water,40.016389,-105.248333,2023,02/28/2023,,,,,ng/L,5.5,15.7,,0,1.3,2.8,17,8.1,0,0,0,0,0,,,0,0,,20.7,0,11.1,14.4,0,0,,,,,,,0,0,,0,,0,0,0,0,0,0,,0,0,0,5.5,0,0,,0,0,0,
DMR Permits et al 2024,PELOTON CONDOMINIUM ASSOCIATION INC,Ground Water,40.016389,-105.248333,2023,03/31/2023,,,,,ng/L,7.6,22.3,,1,2.4,3.8,24,10.7,0,0,0,0,0,,,0,0,,27,0,15.5,20.7,0,0,,,,,,,0,0,,0,,0,0,0,0,0,0,,0,0,0,7.6,0,0,,0,0,0,
DMR Permits et al 2024,PELOTON CONDOMINIUM ASSOCIATION INC,Ground Water,40.016389,-105.248333,2023,04/30/2023,,,,,ng/L,6.3,18.2,,0,1.9,2.6,17.4,7.4,0,0,0,0,0,,,0,0,,20.7,0,11.9,16.3,0,0,,,,,,,0,0,,0,,0,0,0,0,0,0,,0,0,0,6.3,0,0,,0,0,0,
DMR Permits et al 2024,PELOTON CONDOMINIUM ASSOCIATION INC,Ground Water,40.016389,-105.248333,2023,05/31/2023,,,,,ng/L,7.2,18.4,,1.3,2,3.1,18.8,8.6,0,0,0,0,0,,,0,0,,22.6,0,13.1,17.8,0,0,,,,,,,0,0,,0,,0,0,0,0,0,0,,0,0,0,7.2,0,0,,0,0,0,
DMR Permits et al 2024,PELOTON CONDOMINIUM ASSOCIATION INC,Ground Water,40.016389,-105.248333,2023,06/30/2023,,,,,ng/L,9.4,23.2,,2,3,3.5,20,9.5,0,0,0,0,0,,,0,0,,23.5,0,19.2,21.2,0,0,,,,,,,0,0,,0,,0,0,0,0,0,0,,0,0,0,0,0,0,,0,0,0,
DMR Permits et al 2024,PELOTON CONDOMINIUM ASSOCIATION INC,Ground Water,40.016389,-105.248333,2023,07/31/2023,,,,,ng/L,10.2,22.7,,2,2.9,3.4,22.8,9.4,0,0,0,0,0,,,0,0,,24.7,0,17.7,19.2,0,0,,,,,,,0,0,,0,,0,0,0,0,0,0,,0,0,0,0,0,0,,0,0,0,
DMR Permits et al 2024,PELOTON CONDOMINIUM ASSOCIATION INC,Ground Water,40.016389,-105.248333,2023,08/31/2023,,,,,ng/L,12.3,22.9,,1.7,3.4,3.9,17,8.8,0,0,0,0,0,,,0,0,,20.6,0,15,16.3,0,0,,,,,,,0,0,,0,,0,0,0,0,0,0,,0,0,0,0,0,0,,0,0,0,
DMR Permits et al 2024,PELOTON CONDOMINIUM ASSOCIATION INC,Ground Water,40.016389,-105.248333,2023,09/30/2023,,,,,ng/L,13,25.8,,2.1,3.4,4.2,20.5,11.1,0,0,0,0,0,,,0,0,,24.7,0,19.5,22.5,0,0,,,,,,,0,0,,0,,0,0,0,0,0,0,,0,0,0,0,0,0,,0,0,0,
DMR Permits et al 2024,PELOTON CONDOMINIUM ASSOCIATION INC,Ground Water,40.016389,-105.248333,2023,10/31/2023,,,,,ng/L,10.1,22.4,,1.3,2.8,3.5,15.8,9.2,0,0,0,0,0,,,0,0,,20.2,0,14.3,15.9,0,0,,,,,,,0,0,,0,,0,0,0,0,0,0,,0,0,0,10.1,0,0,,0,0,0,
DMR Permits et al 2024,PELOTON CONDOMINIUM ASSOCIATION INC,Ground Water,40.016389,-105.248333,2023,11/30/2023,,,,,ng/L,20.5,25.7,,1.6,2.9,4.3,19.5,11,0,0,0,0,0,,,0,0,,22.7,0,17.4,20.7,0,0,,,,,,,0,0,,0,,0,0,0,0,0,0,,0,0,0,0,0,0,,0,0,0,
DMR Permits et al 2024,PELOTON CONDOMINIUM ASSOCIATION INC,Ground Water,40.016389,-105.248333,2023,12/31/2023,,,,,ng/L,13.7,28,,2.7,3.7,4,19.4,10.5,0,0,0,0,0,,,0,0,,21.5,0,19,20,0,0,,,,,,,0,0,,0,,0,0,0,0,0,0,,0,0,0,0,0,0,,0,0,0,
DMR Permits et al 2024,PELOTON CONDOMINIUM ASSOCIATION INC,Ground Water,40.016389,-105.248333,2024,01/31/2024,,,,,ng/L,9.1,23.9,,2,3.1,3,16.8,9.3,0,0,0,0,0,,,0,0,,19.1,0,17.4,17.9,0,0,,,,,,,0,0,,0,,0,0,0,0,0,0,,0,0,0,0,0,0,,0,0,0,
DMR Permits et al 2024,PELOTON CONDOMINIUM ASSOCIATION INC,Ground Water,40.016389,-105.248333,2024,02/29/2024,,,,,ng/L,8,24.3,,3,3.2,2.5,21.8,10.3,0,0,0,0,0,,,0,0,,25.5,0,15.1,20.1,0,0,,,,,,,0,0,,0,,0,0,0,0,0,0,,0,0,0,0,0,0,,0,0,0,
DMR Permits et al 2024,PELOTON CONDOMINIUM ASSOCIATION INC,Ground Water,40.016389,-105.248333,2024,03/31/2024,,,,,ng/L,8.6,24.2,,1.2,2.6,3.3,16.8,9.5,0,0,0,0,0,,,0,0,,19.3,0,15.3,17.8,0,0,,,,,,,0,0,,0,,0,0,0,0,0,0,,0,0,0,0,0,0,,0,0,0,
DMR Permits et al 2024,PELOTON CONDOMINIUM ASSOCIATION INC,Ground Water,40.016389,-105.248333,2024,04/30/2024,,,,,ng/L,8.3,18.3,,2.7,2.3,2.3,17,7.9,0,0,0,0,0,,,0,0,,17.7,0,12.7,14.7,0,0,,,,,,,0,0,,0,,0,0,0,0,0,0,,0,0,0,0,0,0,,0,0,0,
DMR Permits et al 2024,PELOTON CONDOMINIUM ASSOCIATION INC,Ground Water,40.016389,-105.248333,2024,04/30/2024,,,,,ng/L,0,0,,0,0,0,0,0,0,0,0,0,0,,,0,0,,0,0,0,0,0,0,,,,,,,0,0,,0,,0,0,0,0,0,0,,0,0,0,0,0,0,,0,0,0,
DMR Permits et al 2024,PELOTON CONDOMINIUM ASSOCIATION INC,Ground Water,40.016389,-105.248333,2024,05/31/2024,,,,,ng/L,7.4,18.4,,1.9,2.2,2.3,14.9,8.1,0,0,0,0,0,,,0,0,,15.2,0,13.1,12.5,0,0,,,,,,,0,0,,0,,0,0,0,0,0,0,,0,0,0,0,0,0,,0,0,0,
DMR Permits et al 2024,PELOTON CONDOMINIUM ASSOCIATION INC,Ground Water,40.016389,-105.248333,2024,05/31/2024,,,,,ng/L,0,0,,0,0,0,0,0,0,0,0,0,0,,,0,0,,0,0,0,0,0,0,,,,,,,0,0,,0,,0,0,0,0,0,0,,0,0,0,0,0,0,,0,0,0,
DMR Permits et al 2024,PELOTON CONDOMINIUM ASSOCIATION INC,Ground Water,39.751944,-105.001667,2022,12/31/2022,,,,,ng/L,0,0,,0,0,0,0,0,0,0,0,0,0,,,0,0,,0,0,0,0,0,0,,,,,,,0,0,,0,,0,0,0,0,0,0,,0,0,0,0,0,0,,0,0,0,
DMR Permits et al 2024,1401 WYNKOOP PARKING GARAGE,Ground Water,39.751944,-105.001667,2021,08/31/2021,,,,,ng/L,20.6,16,,0.875,1.32,15.6,21.1,8.15,0,0,0,0,0,,,0,0,,27.1,2.76,20.2,28.1,0,0,,,,,,,0,0,,0,,0,0,0,0,0,0,,0,0,0.85,0,0,0,,0,0,0,
DMR Permits et al 2024,1401 WYNKOOP PARKING GARAGE,Ground Water,39.751944,-105.001667,2021,07/31/2021,,,,,ng/L,19.9,34.4,,0.937,1.37,14.2,21.2,7.96,0,0,0,0,0,,,0,0,,27.3,27.3,19.8,24.1,0,0,,,,,,,0,0,,0,,0,0,0,0,0,0,,0,0,0.283,0,0,0,,0,0,0,
DMR Permits et al 2024,1401 WYNKOOP PARKING GARAGE,Ground Water,39.751944,-105.001667,2021,10/31/2021,,,,,ng/L,14.7,16.4,,0.744,1.22,13.7,23.1,8.61,0,0.8195,0,0,0,,,0,0,,25.35,2.95,22.2,13.2,0,0,,,,,,,0,0,,0,,0,0,1.69,0,0,0,,0,0,0,0,0,0,,0,0,0,
DMR Permits et al 2024,1401 WYNKOOP PARKING GARAGE,Ground Water,39.751944,-105.001667,2021,11/30/2021,,,,,ng/L,20.9,16,,0.906,1.13,13.1,28.8,9.17,0,0,0,0,0,,,0,0,,28.5,2.65,24.2,20.6,0,0,,,,,,,0,0,,0,,0,0,0,0,0,0,,0,0,0,0,0,0,,0,0,0,
DMR Permits et al 2024,1401 WYNKOOP PARKING GARAGE,Ground Water,39.751944,-105.001667,2021,12/31/2021,,,,,ng/L,10.8,13.8,,0,0.909,10.2,21.9,7.63,0,0,0,0,0,,,0,0,,20,1.93,19.3,19.4,0,0,,,,,,,0,0,,0,,0,0,0,0,0,0,,0,0,0,0,0,0,,0,0,0,
DMR Permits et al 2024,1401 WYNKOOP PARKING GARAGE,Ground Water,39.751944,-105.001667,2022,01/31/2022,,,,,ng/L,14,18.4,,0,1.14,11.3,32.3,10.2,0,0,0,0,0,,,0,0,,31,2.15,19,28.9,0,0,,,,,,,0,0,,0,,0,0,0,0,0,0,,0,0,0,0,0,0,,0,0,0,
DMR Permits et al 2024,1401 WYNKOOP PARKING GARAGE,Ground Water,39.751944,-105.001667,2022,02/28/2022,,,,,ng/L,19,19.4,,0,1.36,9.625,30.725,12.35,0,0,0,0,1.64,,,0,0,,32.925,1.86,17.6,26.8,0,0,,,,,,,0,0,,0,,0,0,0,0,0,0,,0,0,0,0,0,0,,0,0,0,
DMR Permits et al 2024,1401 WYNKOOP PARKING GARAGE,Ground Water,39.751944,-105.001667,2022,03/31/2022,,,,,ng/L,12.1,16.7,,0.74,1.25,10.4,40.1,13.8,0,0,0,0,0,,,0,0,,41.1,1.98,20.2,25.9,0,0,,,,,,,0,0,,0,,0,0,0,0,0,0,,0,0,0,0,0,0,,0,0,0,
DMR Permits et al 2024,1401 WYNKOOP PARKING GARAGE,Ground Water,39.751944,-105.001667,2022,04/30/2022,,,,,ng/L,18.7,16.95,,1.685,1.5,9.8,22.7,10,1.605,1.685,9.41,5.085,3.245,,,0,0,,26.3,1.6,16.7,18.5,0,0,,,,,,,0,1.685,,0,,0,0,3.38,0,1.635,1.685,,1.625,1.685,1.685,1.685,0,0,,0,0,0,
DMR Permits et al 2024,1401 WYNKOOP PARKING GARAGE,Ground Water,39.751944,-105.001667,2022,05/31/2022,,,,,ng/L,13.7,15.45,,1.89,1.3,9,19.5,8.5,1.79,1.89,17.75,17.9,3.445,,,0,0,,21.8,1.6,14,15.25,0,0,,,,,,,0,1.89,,0,,0,0,3.78,0,1.83,1.89,,1.81,1.89,1.89,1.307,0,0,,0,0,0,
DMR Permits et al 2024,1401 WYNKOOP PARKING GARAGE,Ground Water,39.751944,-105.001667,2022,06/30/2022,,,,,ng/L,17.5,12.9,,0.8045,1.335,9.575,19.05,7.04,1.595,1.685,3.16,3.195,3.225,,,0,0,,21.05,1.755,14.35,16.7,0,0,,,,,,,0,1.685,,0,,0,0,3.36,0,1.61,1.685,,1.615,1.685,1.685,1.685,0,0,,0,0,0,
DMR Permits et al 2024,1401 WYNKOOP PARKING GARAGE,Ground Water,39.751944,-105.001667,2022,07/31/2022,,,,,ng/L,18.1,15.3,,0.787,1.13,14.2,19.5,7.77,0,0,0,0,0,,,0,0,,22.7,2.69,18.5,19.2,0,0,,,,,,,0,0,,0,,0,0,0,0,0,0,,0,0,0,0,0,0,,0,0,0,
DMR Permits et al 2024,1401 WYNKOOP PARKING GARAGE,Ground Water,39.751944,-105.001667,2022,08/31/2022,,,,,ng/L,22.8,21.4,,1.13,1.74,15.2,22.8,9.45,0,0,0,0,0,,,0,0,,32.1,2.63,20.7,23.9,0,0,,,,,,,0,0,,0,,0,0,0,0,0,0,,0,0,0,0,0,0,,0,0,0,
DMR Permits et al 2024,1401 WYNKOOP PARKING GARAGE,Ground Water,39.751944,-105.001667,2022,09/30/2022,,,,,ng/L,22.1,16.3,,0.935,1.59,13.4,23,8.26,0,0,0,0,0,,,0,0,,23.9,2.3,17,19.1,0,0,,,,,,,0,0,,0,,0,0,0,0,0,0,,0,0,0,0,0,0,,0,0,0,
DMR Permits et al 2024,1401 WYNKOOP PARKING GARAGE,Ground Water,39.751944,-105.001667,2022,10/31/2022,,,,,ng/L,19.3,13.5,,0.852,1.46,10.7,17.1,8.04,0,0,0,0,0,,,0,0,,22.6,1.82,15.1,17.6,0,0,,,,,,,0,0,,0,,0,0,0,0,0,0,,0,0,0,0.586,0,0,,0,0,0,
DMR Permits et al 2024,1401 WYNKOOP PARKING GARAGE,Ground Water,39.751944,-105.001667,2022,11/30/2022,,,,,ng/L,21.8,5,,0,1.4,11.4,22.1,8.48,0,0,0,0,0,,,0,0,,23.5,1.79,15.3,16.1,0,0,,,,,,,0,0,,0,,0,0,0,0,0,0,,0,0,0,0,0,0,,0,0,0,
DMR Permits et al 2024,1401 WYNKOOP PARKING GARAGE,Ground Water,39.751944,-105.001667,2022,12/31/2022,,,,,ng/L,16.8,12.7,,0,1.19,11.1,16.5,6.87,0,0,0,0,0,,,0,0,,19.9,1.78,15.1,16.7,0,0,,,,,,,0,0,,0,,0,0,0,0,0,0,,0,0,0,0,0,0,,0,0,0,
DMR Permits et al 2024,1401 WYNKOOP PARKING GARAGE,Ground Water,39.751944,-105.001667,2023,01/31/2023,,,,,ng/L,15.3,16,,0.825,1.41,9.1,23.4,9.68,0,0,3.44,3.48,3.52,,,0,0,,24.3,1.39,16.2,30,0,0,,,,,,,0,0,,0,,0,0,0,0,0,0,,0,0,0,0,0,0,,0,0,0,
DMR Permits et al 2024,1401 WYNKOOP PARKING GARAGE,Ground Water,39.751944,-105.001667,2023,02/28/2023,,,,,ng/L,12.1,14.9,,0,1.46,9.73,18.5,8.94,0,0,0,0,0,,,0,0,,22.2,1.95,13.4,21.2,0,0,,,,,,,0,0,,0,,0,0,0,0,0,0,,0,0,0,0,0,0,,0,0,0,
DMR Permits et al 2024,1401 WYNKOOP PARKING GARAGE,Ground Water,39.751944,-105.001667,2023,03/31/2023,,,,,ng/L,14.4,15.7,,0.754,1.54,8.85,18.2,7.92,0,0,0,0,0,,,0,0,,22.5,1.6,15.7,21.3,0,0,,,,,,,0,0,,0,,0,0,0,0,0,0,,0,0,0,0,0,0,,0,0,0,
DMR Permits et al 2024,1401 WYNKOOP PARKING GARAGE,Ground Water,39.751944,-105.001667,2023,04/30/2023,,,,,ng/L,14.5,17.5,,0,1.42,9.26,24.4,9.04,0,0,0,0,0,,,0,0,,25.2,1.43,12.8,16,0,0,,,,,,,0,0,,0,,0,0,0,0,0,0,,0,0,0,0,0,0,,0,0,0,
DMR Permits et al 2024,1401 WYNKOOP PARKING GARAGE,Ground Water,39.751944,-105.001667,2023,05/31/2023,,,,,ng/L,14.8,20.9,,0.804,1.68,8.66,39,11,0,0,0,0,0,,,0,0,,49.4,1.12,12.1,18.9,0,0,,,,,,,0,0,,0,,0,0,0,0,0,0,,0,0,0,0,0,0,,0,0,0,
DMR Permits et al 2024,1401 WYNKOOP PARKING GARAGE,Ground Water,39.751944,-105.001667,2023,06/30/2023,,,,,ng/L,23.2,4.3,,0.937,1.75,9.01,21.6,7.07,0,0,0,0,0,,,0,0,,25.6,1.46,10.1,13,0,0,,,,,,,0,0,,0,,0,0,0,0,0,0,,0,0,0,0,0,0,,0,0,0,
DMR Permits et al 2024,1401 WYNKOOP PARKING GARAGE,Ground Water,39.751944,-105.001667,2023,07/31/2023,,,,,ng/L,21.4,13.3,,1.67,1.75,10.1,17.5,6.28,0.886,0,0,0,0,,,0,0,,21.6,1.93,10.2,13.5,0,0,,,,,,,0,0,,0,,0,0,0,0,0,0,,0,0,0,0,0,0,,0,0,0,
DMR Permits et al 2024,1401 WYNKOOP PARKING GARAGE,Ground Water,39.751944,-105.001667,2023,08/31/2023,,,,,ng/L,21.8,1.8,,0.965,1.37,9.8,19.7,6.38,0,0,0,0,0,,,0,0,,18.9,1.59,14.1,12.4,0,0,,,,,,,0,0,,0,,0,0,0,0,0,0,,0,0,0,0,0,0,,0,0,0,
DMR Permits et al 2024,1401 WYNKOOP PARKING GARAGE,Ground Water,39.751944,-105.001667,2023,09/30/2023,,,,,ng/L,20.4,10.5,,0.698,1.3,8.43,16.7,5.43,0,0,0,0,0,,,0,0,,16.4,2.34,7.84,12.4,0,0,,,,,,,0,0,,0,,0,0,0,0,0,0,,0,0,0,0,0,0,,0,0,0,
DMR Permits et al 2024,1401 WYNKOOP PARKING GARAGE,Ground Water,39.751944,-105.001667,2023,10/31/2023,,,,,ng/L,18.1,11.8,,0.928,1.27,9.54,14.4,5.99,0.553,0,0,0,0,,,0,0,,0,1.71,7.79,11.8,0,0,,,,,,,0,0,,0,,0,0,0,0,0,0,,0,0,0,0,0,0,,0,0,0,
DMR Permits et al 2024,1401 WYNKOOP PARKING GARAGE,Ground Water,39.751944,-105.001667,2023,10/31/2023,,,,,ng/L,0,0,,0,0,0,0,0,0,0,0,0,0,,,0,0,,20.45,0,0,0,0,0,,,,,,,0,0,,0,,0,0,0,0,0,0,,0,0,0,0,0,0,,0,0,0,
DMR Permits et al 2024,1401 WYNKOOP PARKING GARAGE,Ground Water,39.751944,-105.001667,2023,11/30/2023,,,,,ng/L,18.4,11.1,,0.817,1.39,8.7,12.8,6.33,0,0,0,0,0,,,0,0,,17.3,1.35,9.71,12.2,0,0,,,,,,,0,0,,0,,0,0,0,0,0,0,,0,0,0,0,0,0,,0,0,0,
DMR Permits et al 2024,1401 WYNKOOP PARKING GARAGE,Ground Water,39.751944,-105.001667,2023,12/31/2023,,,,,ng/L,15,8.37,,0.706,1.04,6.81,10.3,4.81,0,0,0,0,0,,,0,0,,11.6,1.18,9.19,10.3,0,0,,,,,,,0,0,,0,,0,0,0,0,0,0,,0,0,0,0,0,0,,0,0,0,
DMR Permits et al 2024,1401 WYNKOOP PARKING GARAGE,Ground Water,39.751944,-105.001667,2024,01/31/2024,,,,,ng/L,0,0.669,,0,0,0,1.38,0,0,0,0,0,0,,,0,0,,1.98,0,0.85,2.56,0,0,,,,,,,0,0,,0,,0,0,0,0,0,0,,0,0,0,0,0,0,,0,0,0,
DMR Permits et al 2024,1401 WYNKOOP PARKING GARAGE,Ground Water,39.751944,-105.001667,2024,02/29/2024,,,,,ng/L,0.932,1.94,,0,0,0.796,3.91,1.5,0,0,0,0,0,,,0,0,,6.51,0,2.13,5.48,0,0,,,,,,,0,0,,0,,0,0,0,0,0,0,,0,0,0,0,0,0,,0,0,0,
DMR Permits et al 2024,1401 WYNKOOP PARKING GARAGE,Ground Water,39.751944,-105.001667,2024,03/31/2024,,,,,ng/L,2.06,4.14,,0,0,0,5.88,2.79,0,0,0,0,0,,,0,0,,8.8,0,4.11,7.84,0,0,,,,,,,0,0,,0,,0,0,0,0,0,0,,0,0,0,0,0,0,,0,0,0,
DMR Permits et al 2024,1401 WYNKOOP PARKING GARAGE,Ground Water,39.751944,-105.001667,2024,04/30/2024,,,,,ng/L,2.33,3.01,,0,0,1.58,5.66,1.69,0,0,0,0,0,,,0,0,,7.96,0,2.82,8.18,0,0,,,,,,,0,0,,0,,0,0,0,0,0,0,,0,0,0,0,0,0,,0,0,0,
DMR Permits et al 2024,1401 WYNKOOP PARKING GARAGE,Ground Water,39.683,-105.081,2024,05/31/2024,,,,,ng/L,4.87,4.99,,0,0,3.55,11.9,3.37,0,0,0,0,0,,,0,0,,14.4,0.691,5.87,11,0,0,,,,,,,0,0,,0,,0,0,0,0,0,0,,0,0,0,0,0,0,,0,0,0,
DMR Permits et al 2024,SW KEY CENTER ELEVATOR,Ground Water,38.79271,-104.80548,2022,02/28/2022,,,,,ng/L,0,0,,0,0,0,0,0,0,0,0,0,0,,,0,0,,0,0,0,0,0,0,,,,,,,0,0,,0,,0,0,0,0,0,0,,0,0,0,0,0,0,,0,0,0,
DMR Permits et al 2024,CHARTWELL TENDERFOOT HILL RD HOTEL,Ground Water,38.79271,-104.80548,2021,07/31/2021,,,,,ng/L,14.1,15.1,,0,0,6.7,17.8,9.5,0,0,0,0,0,,,0,0,,20.6,1.2,13,26.5,0,0,,,,,,,0,0,,0,,0,0,0,0,0,0,,0,0,0,0,0,0,,0,0,0,
DMR Permits et al 2024,CHARTWELL TENDERFOOT HILL RD HOTEL,Ground Water,38.79271,-104.80548,2021,09/30/2021,,,,,ng/L,14.1,18.3,,0,0,8.8,16.9,11.3,0,0,7.7,0,0,,,0,0,,21.1,1,13,25.4,0,0,,,,,,,0,0,,0,,0,0,0,0,0,0,,0,0,0,0,0,0,,0,0,0,
DMR Permits et al 2024,CHARTWELL TENDERFOOT HILL RD HOTEL,Ground Water,38.79271,-104.80548,2021,10/31/2021,,,,,ng/L,8.9,20.2,,0,0,8.6,18.5,11.5,0,0,0,0,0,,,0,0,,22.2,0.96,12,25.3,0,0,,,,,,,0,0,,0,,0,0,0,0,0,0,,0,0,0,0,0,0,,0,0,0,
DMR Permits et al 2024,CHARTWELL TENDERFOOT HILL RD HOTEL,Ground Water,38.79271,-104.80548,2021,11/30/2021,,,,,ng/L,8.4,15.5,,0,0,8.5,16.3,8.7,0,0,0,0,0,,,0,0,,19.9,1.2,11.6,17.3,0,0,,,,,,,0,0,,0,,0,0,0,0,0,0,,0,0,0,0,0,0,,0,0,0,
DMR Permits et al 2024,CHARTWELL TENDERFOOT HILL RD HOTEL,Ground Water,38.79271,-104.80548,2021,12/31/2021,,,,,ng/L,10.6,0,,0,0,7.2,15.3,8.2,0,0,0,0,0,,,0,0,,18.2,1.3,10.8,15.5,0,0,,,,,,,0,0,,0,,0,0,0,0,0,0,,0,0,0,0,0,0,,0,0,0,
DMR Permits et al 2024,CHARTWELL TENDERFOOT HILL RD HOTEL,Ground Water,38.79271,-104.80548,2022,01/31/2022,,,,,ng/L,6.3,15.4,,0,0,7.4,17.2,9.8,0,0,0,0,0,,,0,0,,19,1.2,14.6,21.9,0,0,,,,,,,0,0,,0,,0,0,0,0,0,0,,0,0,0,0,0,0,,0,0,0,
DMR Permits et al 2024,CHARTWELL TENDERFOOT HILL RD HOTEL,Ground Water,38.79271,-104.80548,2022,02/28/2022,,,,,ng/L,7.8,17.6,,0,0,7.7,17.1,9.6,0,0,0,0,0,,,0,0,,19.2,1.3,14.2,20.9,0,0,,,,,,,0,0,,0,,0,0,0,0,0,0,,0,0,0,0,0,0,,0,0,0,
DMR Permits et al 2024,CHARTWELL TENDERFOOT HILL RD HOTEL,Ground Water,38.79271,-104.80548,2022,03/31/2022,,,,,ng/L,6.9,14.7,,0,0,6.9,14.6,8.4,0,0,0,3.65,0,,,0,0,,17,1.1,13.6,18.2,0,0,,,,,,,0,0,,0,,0,0,0,0,0,0,,0,0,0,0,0,0,,0,0,0,
DMR Permits et al 2024,CHARTWELL TENDERFOOT HILL RD HOTEL,Ground Water,38.79271,-104.80548,2022,04/30/2022,,,,,ng/L,5.8,6.5,,0,0,5.2,10.5,6.6,0,0,0,0,0,,,0,0,,12.9,0.74,9.8,14.5,0,0,,,,,,,0,0,,0,,0,0,0,0,0,0,,0,0,0,0,0,0,,0,0,0,
DMR Permits et al 2024,CHARTWELL TENDERFOOT HILL RD HOTEL,Ground Water,38.79271,-104.80548,2022,05/31/2022,,,,,ng/L,6.3,14.5,,0,0,6.1,13,8.3,0,0,0,0,0,,,0,0,,15.6,0,13.1,19.5,0,0,,,,,,,0,0,,0,,0,0,0,0,0,0,,0,0,0,0,0,0,,0,0,0,
DMR Permits et al 2024,CHARTWELL TENDERFOOT HILL RD HOTEL,Ground Water,38.79271,-104.80548,2022,06/30/2022,,,,,ng/L,5.8,12.5,,0,0,5.1,14.9,7.9,0,0,0,0,0,,,0,0,,18.5,0.95,12.7,20.3,0,0,,,,,,,0,0,,0,,0,0,0,0,0,0,,0,0,0,0,0,0,,0,0,0,
DMR Permits et al 2024,CHARTWELL TENDERFOOT HILL RD HOTEL,Ground Water,38.79271,-104.80548,2022,07/31/2022,,,,,ng/L,7.8,15.5,,0,0,6.2,18.4,9.8,0,0,0,0,0,,,0,0,,23.2,1.2,14.4,24.7,0,0,,,,,,,0,0,,0,,0,0,0,0,0,0,,0,0,0,0,0,0,,0,0,0,
DMR Permits et al 2024,CHARTWELL TENDERFOOT HILL RD HOTEL,Ground Water,38.79271,-104.80548,2022,10/31/2022,,,,,ng/L,10.4,23,,0,0.76,7.2,23.6,12.9,0,0,0,0,0,,,0,0,,25.4,1.2,12.5,30.8,0,0,,,,,,,0,0,,0,,0,0,0,0,0,0,,0,0,0,0,0,0,,0,0,0,
DMR Permits et al 2024,CHARTWELL TENDERFOOT HILL RD HOTEL,Ground Water,38.79271,-104.80548,2022,11/30/2022,,,,,ng/L,10.4,27,,0,0,9.08,22.9,11.9,0,0,0,0,0,,,0,0,,24.6,0,13.1,30.4,0,0,,,,,,,0,0,,0,,0,0,0,0,0,0,,0,0,0,0,0,0,,0,0,0,
DMR Permits et al 2024,CHARTWELL TENDERFOOT HILL RD HOTEL,Ground Water,38.79271,-104.80548,2022,12/31/2022,,,,,ng/L,6,11.1,,0,0,4.95,13.1,6.51,0,0,0,0,0,,,0,0,,13.6,0,7.92,17.6,0,0,,,,,,,0,0,,0,,0,0,0,0,0,0,,0,0,0,0,0,0,,0,0,0,
DMR Permits et al 2024,CHARTWELL TENDERFOOT HILL RD HOTEL,Ground Water,38.79271,-104.80548,2023,01/31/2023,,,,,ng/L,6.9,19,,0,0,7.2,20,11,0,0,0,0,0,,,0,0,,21,0,12,29,0,0,,,,,,,0,0,,0,,0,0,0,0,0,0,,0,0,0,0,0,0,,0,0,0,
DMR Permits et al 2024,CHARTWELL TENDERFOOT HILL RD HOTEL,Ground Water,38.79271,-104.80548,2023,02/28/2023,,,,,ng/L,9.5,17,,0,0.62,8.5,20,8.9,0.5,0,0,0,0,,,0,0,,24,1.1,12,17,0,0,,,,,,,0,0,,0,,0,0,0,0,0,0,,0,0,0,0,0,0,,0,0,0,
DMR Permits et al 2024,CHARTWELL TENDERFOOT HILL RD HOTEL,Ground Water,38.79271,-104.80548,2023,03/31/2023,,,,,ng/L,9.8,16,,0,0.7,8.3,19,8.7,0,0,3.9,0,0,,,0,0,,24,1.2,12,19,0,0,,,,,,,0,0,,0,,0,0,0,0,0,0,,0,0,0,0,0,0,,0,0,0,
DMR Permits et al 2024,CHARTWELL TENDERFOOT HILL RD HOTEL,Ground Water,38.79271,-104.80548,2023,04/30/2023,,,,,ng/L,5.9,17,,0,0,7.3,18,8.6,0,0,0,0,0,,,0,0,,18,0,15,25,0,0,,,,,,,0,0,,0,,0,0,0,0,0,0,,0,0,0,0,0,0,,0,0,0,
DMR Permits et al 2024,CHARTWELL TENDERFOOT HILL RD HOTEL,Ground Water,38.79271,-104.80548,2023,05/31/2023,,,,,ng/L,6.8,13.4,,0,0,6.3,17.1,7.8,0,0,0,0,0,,,0,0,,20.3,0,14.9,21.5,0,0,,,,,,,0,0,,0,,0,0,0,0,0,0,,0,0,0,0,0,0,,0,0,0,
DMR Permits et al 2024,CHARTWELL TENDERFOOT HILL RD HOTEL,Ground Water,38.79271,-104.80548,2023,06/30/2023,,,,,ng/L,6.7,15,,0,0.61,5.9,20,8.3,0,0,0,0,0,,,0,0,,23,0,15,24,0,0,,,,,,,0,0,,0,,0,0,0,0,0,0,,0,0,0,0,0,0,,0,0,0,
DMR Permits et al 2024,CHARTWELL TENDERFOOT HILL RD HOTEL,Ground Water,38.79271,-104.80548,2023,07/31/2023,,,,,ng/L,14,14,,0,0.74,7.5,21,8.7,0,0,0,0,0,,,0,0,,24,1.3,18,21,0,0,,,,,,,0,0,,0,,0,0,0,0,0,0,,0,0,0,0,0,0,,0,0,0,
DMR Permits et al 2024,CHARTWELL TENDERFOOT HILL RD HOTEL,Ground Water,38.79271,-104.80548,2023,08/31/2023,,,,,ng/L,11,16,,0,0.83,8.8,26,12,0,0,0,0,0,,,0,0,,32,1.1,17,25,0,0,,,,,,,0,0,,0,,0,0,0,0,0,0,,0,0,0,0,0,0,,0,0,0,
DMR Permits et al 2024,CHARTWELL TENDERFOOT HILL RD HOTEL,Ground Water,38.79271,-104.80548,2023,09/30/2023,,,,,ng/L,6.5,20,,0,0.76,7.9,20,11,0,0,0,0,0,,,0,0,,21,1.1,12,27,0,0,,,,,,,0,0,,0,,0,0,0,0,0,0,,0,0,0,0,0,0,,0,0,0,
DMR Permits et al 2024,CHARTWELL TENDERFOOT HILL RD HOTEL,Ground Water,38.79271,-104.80548,2023,10/31/2023,,,,,ng/L,6.6,21,,0,0.72,7.5,21,10,0,0,0,0,0,,,0,0,,21,0.99,13,29,0,0,,,,,,,0,0,,0,,0,0,0,0,0,0,,0,0,0,0,0,0,,0,0,0,
DMR Permits et al 2024,CHARTWELL TENDERFOOT HILL RD HOTEL,Ground Water,38.79271,-104.80548,2023,11/30/2023,,,,,ng/L,10,18,,0,0,11,23,11,0,0,0,0,0,,,0,0,,29,0,15,22,0,0,,,,,,,0,0,,0,,0,0,0,0,0,0,,0,0,0,0,0,0,,0,0,0,
DMR Permits et al 2024,CHARTWELL TENDERFOOT HILL RD HOTEL,Ground Water,38.79271,-104.80548,2023,12/31/2023,,,,,ng/L,7.7,20.5,,0,0,9,22,11.3,0,0,0,0,0,,,0,0,,23.5,0,16.5,27,0,0,,,,,,,0,0,,0,,0,0,0,0,0,0,,0,0,0,0,0,0,,0,0,0,
DMR Permits et al 2024,CHARTWELL TENDERFOOT HILL RD HOTEL,Ground Water,38.79271,-104.80548,2024,01/31/2024,,,,,ng/L,8.2,20,,0,0,9.3,20,10.8,0,0,0,0,0,,,0,0,,21.9,0,19.5,26.1,0,0,,,,,,,0,0,,0,,0,0,0,0,0,2.05,,0,0,0,0,0,0,,0,0,0,
DMR Permits et al 2024,CHARTWELL TENDERFOOT HILL RD HOTEL,Ground Water,38.79271,-104.80548,2024,02/29/2024,,,,,ng/L,4.6,13.8,,0,0,6.9,16.8,8.2,0,0,0,0,0,,,0,0,,18.3,0,16.7,22,0,0,,,,,,,0,0,,0,,0,0,0,0,0,0,,0,0,0,0,0,0,,0,0,0,
DMR Permits et al 2024,CHARTWELL TENDERFOOT HILL RD HOTEL,Ground Water,38.79271,-104.80548,2024,03/31/2024,,,,,ng/L,5.6,15.7,,0,0,7.5,17.9,9.3,0,0,0,0,0,,,0,0,,19.9,0,18.3,17.9,0,0,,,,,,,0,0,,0,,0,0,0,0,0,0,,0,0,0,0,0,0,,0,0,0,
DMR Permits et al 2024,CHARTWELL TENDERFOOT HILL RD HOTEL,Ground Water,38.79271,-104.80548,2024,04/30/2024,,,,,ng/L,5.5,15.5,,0,0,6.9,17.2,9.2,0,0,0,0,0,,,0,0,,19.4,0,17.4,23.4,0,0,,,,,,,0,0,,0,,0,0,0,0,0,0,,0,0,0,0,0,0,,0,0,0,
DMR Permits et al 2024,CHARTWELL TENDERFOOT HILL RD HOTEL,Ground Water,39.678553,-105.053719,2024,05/31/2024,,,,,ng/L,5.1,14,,0,0,5.8,17,9.1,0,0,0,0,0,,,0,0,,18.9,0,16.5,23.9,0,0,,,,,,,0,0,,0,,0,0,0,0,0,0,,0,0,0,0,0,0,,0,0,0,
DMR Permits et al 2024,FORMER WELLS FARGO BANK BUILDING,Ground Water,39.678553,-105.053719,2022,08/31/2022,,,,,ng/L,13,24,,0,0.66,56,25,19,0.62,0,0,0,0,,,0,0,,34,12,25,21,0,0,,,,,,,0,0,,0,,0,0,0,0,0,0,,0,0,0,0,0,0,,0,0,0,
DMR Permits et al 2024,FORMER WELLS FARGO BANK BUILDING,Ground Water,39.678553,-105.053719,2022,11/30/2022,,,,,ng/L,11,27,,0,0.62,74,29,21,0.47,0,0,0,0,,,0,0,,36,14,32,24,0,0,,,,,,,0,0,,0,,0,0,0,0,0,0,,0,0,0,0,0,0,,0,0,0,
DMR Permits et al 2024,FORMER WELLS FARGO BANK BUILDING,Ground Water,39.678553,-105.053719,2022,12/31/2022,,,,,ng/L,8,24,,0,0.76,75,31,20,0.71,0,0,0,0,,,0,0,,35,14,23,22,0,0,,,,,,,0,0,,0,,0,0,0,0,0,0,,0,0,0,0,0,0,,0,0,0,
DMR Permits et al 2024,FORMER WELLS FARGO BANK BUILDING,Ground Water,39.678553,-105.053719,2023,01/31/2023,,,,,ng/L,0,24,,0,0.76,75,31,20,0.71,0,0,0,0,,,0,0,,35,14,23,22,0,0,,,,,,,0,0,,0,,0,0,0,0,0,0,,0,0,0,0,0,0,,0,0,0,
DMR Permits et al 2024,FORMER WELLS FARGO BANK BUILDING,Ground Water,39.678553,-105.053719,2023,02/28/2023,,,,,ng/L,9.5,21,,0,0.76,79,34,20,0,0,0,0,0,,,0,0,,39,16,35,24,0,0,,,,,,,0,0,,0,,0,0,0,0,0,0,,0,0,0,0,0,0,,0,0,0,
DMR Permits et al 2024,FORMER WELLS FARGO BANK BUILDING,Ground Water,39.678553,-105.053719,2023,03/31/2023,,,,,ng/L,9.5,21,,0,0.76,79,34,20,0,0,0,0,0,,,0,0,,39,16,35,24,0,0,,,,,,,0,0,,0,,0,0,0,0,0,0,,0,0,0,0,0,0,,0,0,0,
DMR Permits et al 2024,FORMER WELLS FARGO BANK BUILDING,Ground Water,39.678553,-105.053719,2023,05/31/2023,,,,,ng/L,7.6,31,,0,0.54,66,28,20,0,0,0,0,0,,,0,0,,38,0,26,21,0,0,,,,,,,0,0,,0,,0,0,0,0,0,0,,0,0,0,0,0,0,,0,0,0,
DMR Permits et al 2024,FORMER WELLS FARGO BANK BUILDING,Ground Water,39.678553,-105.053719,2023,07/31/2023,,,,,ng/L,18,29,,1.2,1.5,43,27,13,0,0,0,0,0,,,0,0,,27,8.8,23,25,0,0,,,,,,,0,0,,0,,0,0,0,0,0,0,,0,0,0,0,0,0,,0,0,0,
DMR Permits et al 2024,FORMER WELLS FARGO BANK BUILDING,Ground Water,39.678553,-105.053719,2023,10/31/2023,,,,,ng/L,19,33,,0.76,1.5,35,31,18,0.6,0,0,0,0,,,0,0,,35,5.7,21,28,0,0,,,,,,,0,0,,0,,0,0,0,0,0,0,,0,0,0,0,0,0,,0,0,0,
DMR Permits et al 2024,FORMER WELLS FARGO BANK BUILDING,Ground Water,39.678553,-105.053719,2023,11/30/2023,,,,,ng/L,8.3,31,,0,0.66,65,40,19,0,0,0,0,0,,,0,0,,39,13,29,24,0,0,,,,,,,0,0,,0,,0,0,0,0,0,0,,0,0,0,0,0,0,,0,0,0,
DMR Permits et al 2024,FORMER WELLS FARGO BANK BUILDING,Ground Water,39.678553,-105.053719,2023,12/31/2023,,,,,ng/L,8.3,31,,0,0.66,65,40,19,0,0,0,0,0,,,0,0,,39,13,29,24,0,0,,,,,,,0,0,,0,,0,0,0,0,0,0,,0,0,0,0,0,0,,0,0,0,
DMR Permits et al 2024,FORMER WELLS FARGO BANK BUILDING,Ground Water,39.678553,-105.053719,2024,01/31/2024,,,,,ng/L,8,27,,0,0,54,26,17,0,0,0,0,0,,,0,0,,31,10,25,24,0,0,,,,,,,0,0,,0,,0,0,0,0,0,0,,0,0,0,0,0,0,,0,0,0,
DMR Permits et al 2024,FORMER WELLS FARGO BANK BUILDING,Ground Water,39.804722,-104.995556,2024,05/31/2024,,,,,ng/L,15,24,,0,0.89,48,23,15,0,0,0,0,0,,,0,0,,28,10,23,23,0,0,,,,,,,0,0,,0,,0,0,0,0,0,0,,0,0,0,0,0,0,,0,0,0,
DMR Permits et al 2024,BRODERICK PACKAGE WTP,Ground Water,39.75,-104.999,2023,05/31/2023,,,,,ng/L,0,0,,0,0,0,0,0,0,0,0,0,0,,,0,0,,0,0,0,0,0,0,,,,,,,0,0,,0,,0,0,0,0,0,0,,0,0,0,0,0,0,,0,0,0,
DMR Permits et al 2024,SUGAR CUBE BUILDING,Ground Water,39.75,-104.999,2022,02/28/2022,,,,,ng/L,0.0050115,0.0073885,,0,0,0.0041335,0.0120235,0.00434,0,0,0,0,0,,,0,0,,0.0131235,0.00093,0.00992,0.012542,0,0,,,,,,,0,0,,0,,0,0,0,0,0,0,,0.0050115,0,0,0,0,0,,0,0,0,
DMR Permits et al 2024,SUGAR CUBE BUILDING,Ground Water,39.75,-104.999,2022,08/31/2022,,,,,ng/L,0.0077,0.01214,,0,0.00129,0.004545,0.015345,0.0077,0,0,0,0,0,,,0,0,,0.01958,0,0.00961,0.01049,0,0,,,,,,,0,0,,0,,0,0,0,0,0,0,,0,0,0,0,0,0,,0,0,0,
DMR Permits et al 2024,SUGAR CUBE BUILDING,Ground Water,39.75,-104.999,2022,09/30/2022,,,,,ng/L,0.00925,0.013125,,0,0.001135,0.005735,0.0171,0.00806,0,0,0,0,0,,,0,0,,0.022735,0.001035,0.01121,0.01297,0,0,,,,,,,0,0,,0,,0,0,0,0,0,0,,0,0,0,0,0,0,,0,0,0,
DMR Permits et al 2024,SUGAR CUBE BUILDING,Ground Water,39.75,-104.999,2022,10/31/2022,,,,,ng/L,0.00072,0.012915,,0.001395,0.00124,0.000515,0.017565,0.007235,0,0,0,0,0,,,0,0,,0.02015,0.00098,0.00129,0.011885,0,0,,,,,,,0,0.00465,,0,,0,0,0,0,0,0,,0,0.00098,0.00098,0,0,0,,0,0,0,
DMR Permits et al 2024,SUGAR CUBE BUILDING,Ground Water,39.75,-104.999,2022,08/31/2022,,,,,ng/L,0,0,,0,0,0,0,0,0,0,0,0,0,,,0,0,,0,0,0,0,0,0,,,,,,,0,0,,0,,0,0,0,0,0,0,,0,0,0,0,0,0,,0,0,0,
DMR Permits et al 2024,SUGAR CUBE BUILDING,Ground Water,39.75,-104.999,2022,11/30/2022,,,,,ng/L,0.007025,0.010385,,0,0.000775,0.005065,0.01519,0.00656,0,0,0,0,0,,,0,0,,0.018755,0.0011365,0.011575,0.013485,0,0,,,,,,,0,0,,0,,0,0,0,0,0,0,,0,0,0,0,0,0,,0,0,0,
DMR Permits et al 2024,SUGAR CUBE BUILDING,Ground Water,39.75,-104.999,2022,12/31/2022,,,,,ng/L,0.5905,0.5905,,0.03275,0.05575,0.2984,0.8855,0.36075,0,0,0,0,0,,,0,0,,1.0165,0.05265,0.5905,0.5905,0,0,,,,,,,0,0,,0,,0,0,0,0,0,0,,0,0,0,0,0,0,,0,0,0,
DMR Permits et al 2024,SUGAR CUBE BUILDING,Ground Water,39.75,-104.999,2023,01/31/2023,,,,,ng/L,0.39355,0.5905,,0.05575,0.06885,0.2855,1.0495,0.4263,0,0,0,0,0,,,0,0,,1.1615,0.3935,0.5905,0.656,0,0,,,,,,,0,0,,0,,0,0,0,0,0,0,,0,0,0,0,0,0,,0,0,0,
DMR Permits et al 2024,SUGAR CUBE BUILDING,Ground Water,39.75,-104.999,2023,02/28/2023,,,,,ng/L,1.0355,0.898,,0,0,1.2085,0,0,0,0,0.44875,0,0,,,0,0,,0,0,0.9665,0,0,0,,,,,,,0,0,,0,,0,0,0,0,0.656,0,,0,0,0,0,0,0,,0,0,0,
DMR Permits et al 2024,SUGAR CUBE BUILDING,Ground Water,39.75,-104.999,2023,03/31/2023,,,,,ng/L,20,28,,1.6,3.2,14,49,21,0,0,0,0.24,0,,,0,0,,50,1.6,33,40,0,0,,,,,,,0,0,,0,,0,0,0,0,0,0,,0,0,0,0,0,0,,0,0,0,
DMR Permits et al 2024,SUGAR CUBE BUILDING,Ground Water,39.75,-104.999,2023,04/30/2023,,,,,ng/L,12,25,,0.81,2.3,10,35,15,0,0,0,0,0,,,0,0,,42,1.3,24,26,0,0,,,,,,,0,0,,0,,0,0,0,0,0,0,,0,0,0,0,0,0,,0,0,0,
DMR Permits et al 2024,SUGAR CUBE BUILDING,Ground Water,39.75,-104.999,2023,10/31/2023,,,,,ng/L,16,24,,1,2.1,8.7,34,13,0,0,3.75,0,0,,,0,0,,43,1.3,23,24,0,0,,,,,,,0,0,,0,,0,0,0,0,0,0,,0,0.95,0,0,0,0,,0,0,0,
DMR Permits et al 2024,SUGAR CUBE BUILDING,Ground Water,39.75,-104.999,2023,11/30/2023,,,,,ng/L,14,21,,0,2.2,8.3,36,14,0,0,0,0,0,,,0,0,,41,0,20,25,0,0,,,,,,,0,0,,0,,0,0,0,0,0,0,,0,0,0,0,0,0,,0,0,0,
DMR Permits et al 2024,SUGAR CUBE BUILDING,Ground Water,39.75,-104.999,2023,12/31/2023,,,,,ng/L,14,17,,1.9,2.7,8.8,26,9.3,0,0,0,0,0,,,0,0,,32,1.5,19,20,0,0,,,,,,,0,0,,0,,0,0,0,0,0,0,,0,0,0,0,0,0,,0,0,0,
DMR Permits et al 2024,SUGAR CUBE BUILDING,Ground Water,39.75,-104.999,2024,01/31/2024,,,,,ng/L,13,19,,1.3,2.2,8.8,34,13,0,0,0,0,0,,,0,0,,40,1.5,22,22,0,0,,,,,,,0,0,,0,,0,0,0,0,0,0,,0,0,0,0,0,0,,0,0,0,
DMR Permits et al 2024,SUGAR CUBE BUILDING,Ground Water,39.75,-104.999,2024,02/29/2024,,,,,ng/L,17,26,,0.81,2.6,12,48,19,0,0,0,0,0,,,0,0,,53,1.6,23,26,0,0,,,,,,,0,0,,0,,0,0,0,0,0,0,,0,0,0,0,0,0,,0,0,0,
DMR Permits et al 2024,SUGAR CUBE BUILDING,Ground Water,39.75,-104.999,2024,03/31/2024,,,,,ng/L,0,19,,0.93,2.2,9.8,31,12,0,0,0,0,0,,,0,0,,34,1.4,28,20,0,0,,,,,,,0,0,,0,,0,0,0,0,0,0,,0,0,0,14,0,0,,0,0,0,
DMR Permits et al 2024,SUGAR CUBE BUILDING,Ground Water,39.75,-104.999,2024,04/30/2024,,,,,ng/L,0,21,,0.81,2.4,7.7,40,15,0,0,0,0,0,,,0,0,,48,1.2,22,25,0,0,,,,,,,0,0,,0,,0,0,0,0,0,0,,0,0,0,15,0,0,,0,0,0,
DMR Permits et al 2024,SUGAR CUBE BUILDING,Ground Water,39.75,-104.999,2024,05/31/2024,,,,,ng/L,20,26,,1.4,3.3,11,54,22,0,0,0,0,0,,,0,0,,65,1.7,33,33,0,0,,,,,,,0,0,,0,,0,0,0,0,0,0,,0.18,0,0,0.18,0,0,,0,0,0,
DMR Permits et al 2024,SUGAR CUBE BUILDING,Ground Water,39.75,-104.999,2022,07/31/2022,,,,,ng/L,0,0,,0,0,0,0,0,0,0,0,0,0,,,0,0,,0,0,0,0,0,0,,,,,,,0,0,,0,,0,0,0,0,0,0,,0,0,0,0,0,0,,0,0,0,
DMR Permits et al 2024,SUGAR CUBE BUILDING,Ground Water,37.35702,-108.57442,2023,02/28/2023,,,,,ng/L,0,0,,0,0,0,0,0,0,0,0,0,0,,,0,0,,0,0,0,0,0,0,,,,,,,0,0,,0,,0,0,0,0,0,0,,0,0,0,0,0,0,,0,0,0,
DMR Permits et al 2024,OSPREY BASE CAMP,Ground Water,37.35702,-108.57442,2022,05/31/2022,,,,,ng/L,0,7.6,,0,0,10,9.1,3.9,0,0,0,0,0,,,0,0,,7.9,0,4.2,11,0,0,,,,,,,0,0,,0,,0,0,0,0,0,0,,0,0,0,0,0,0,,0,0,0,
DMR Permits et al 2024,OSPREY BASE CAMP,Ground Water,37.35702,-108.57442,2022,04/30/2022,,,,,ng/L,0,7.4,,0,0,10,7.6,3.2,0,0,0,0,0,,,0,0,,7,0,3.3,10,0,0,,,,,,,0,0,,0,,0,0,0,0,0,0,,0,0,0,0,0,0,,0,0,0,
DMR Permits et al 2024,OSPREY BASE CAMP,Ground Water,37.35702,-108.57442,2022,06/30/2022,,,,,ng/L,0,9.8,,0,0,13.5,12.5,4.35,0,0,0,0,0,,,0,0,,12,0,4.7,12,0,0,,,,,,,0,0,,0,,0,0,0,0,0,0,,0,0,0,0,0,0,,0,0,0,
DMR Permits et al 2024,OSPREY BASE CAMP,Ground Water,37.35702,-108.57442,2022,07/31/2022,,,,,ng/L,0,9.65,,0,0,12,14.5,4.65,0,0,0,0,0,,,0,0,,13.5,0,4.55,12.5,0,0,,,,,,,0,0,,0,,0,0,0,0,0,0,,0,0,0,0,0,0,,0,0,0,
DMR Permits et al 2024,OSPREY BASE CAMP,Ground Water,37.35702,-108.57442,2022,08/31/2022,,,,,ng/L,0,10.95,,0,0,13,13,4.7,0,0,0,1.975,0,,,0,0,,13,0,5.3,13,0,0,,,,,,,0,0,,0,,0,0,0,0,0,0,,0,0,0,0,0,0,,0,0,0,
DMR Permits et al 2024,OSPREY BASE CAMP,Ground Water,37.35702,-108.57442,2022,09/30/2022,,,,,ng/L,0,10.35,,0,0,12.5,13.5,4.6,0,0,0,0,0,,,0,0,,12,0,4.15,12,0,0,,,,,,,0,0,,0,,0,0,0,0,0,0,,0,0,0,0,0,0,,0,0,0,
DMR Permits et al 2024,OSPREY BASE CAMP,Ground Water,37.35702,-108.57442,2022,10/31/2022,,,,,ng/L,0,9.3,,0,0,11.5,9.6,4.7,0,2.3,0,0,0,,,0,0,,13,0,4.2,12,0,0,,,,,,,0,0,,0,,0,0,0,0,0,0.95,,0,0.95,0,0,0,0,,0,0,0,
DMR Permits et al 2024,OSPREY BASE CAMP,Ground Water,37.35702,-108.57442,2022,11/30/2022,,,,,ng/L,0,8.9,,0,0,13,11,4.1,0,0,0,0,0,,,0,0,,11,0,5,13,0,0,,,,,,,0,0,,0,,0,0,0,0,0,0,,0,0,0,0,0,0,,0,0,0,
DMR Permits et al 2024,OSPREY BASE CAMP,Ground Water,37.35702,-108.57442,2022,12/31/2022,,,,,ng/L,0,8.8,,0,0,13,13,4.3,0,0,0,0,0,,,0,0,,11,0,4.1,13,0,0,,,,,,,0,0,,0,,0,0,0,0,0,0,,0,0,0,0,0,0,,0,0,0,
DMR Permits et al 2024,OSPREY BASE CAMP,Ground Water,37.35702,-108.57442,2023,01/31/2023,,,,,ng/L,0,7.2,,0,0,13,13,4.1,0,0,0,0,0,,,0,0,,11,0,3.9,12,0,0,,,,,,,0,0,,0,,0,0,0,0,0,0,,0,0,0,0,0,0,,0,0,0,
DMR Permits et al 2024,OSPREY BASE CAMP,Ground Water,37.35702,-108.57442,2023,02/28/2023,,,,,ng/L,0,8.5,,0,0,12,11,4.2,0,0,0,0,0,,,0,0,,9.1,0,4.7,11,0,0,,,,,,,0,0,,0,,0,0,0,0,0,0,,0,0,0,0,0,0,,0,0,0,
DMR Permits et al 2024,OSPREY BASE CAMP,Ground Water,37.35702,-108.57442,2023,03/31/2023,,,,,ng/L,0,7.7,,0,0,13,7.9,3,0,0,0,0,0,,,0,0,,8,0,5,10,0,0,,,,,,,0,0,,0,,0,0,0,0,0,0,,0,0,0,0,0,0,,0,0,0,
DMR Permits et al 2024,OSPREY BASE CAMP,Ground Water,37.35702,-108.57442,2023,04/30/2023,,,,,ng/L,0,7.8,,0,0,13,9.2,3.4,0,0,0,0,0,,,0,0,,8.2,0,5.9,11,0,0,,,,,,,0,0,,0,,0,0,0,0,0,0,,0,0,0,0,0,0,,0,0,0,
DMR Permits et al 2024,OSPREY BASE CAMP,Ground Water,37.35702,-108.57442,2023,05/31/2023,,,,,ng/L,0,7.8,,0,0,11,7.9,3.8,0,0,0,0,0,,,0,0,,6.3,0,4.7,11,0,0,,,,,,,0,0,,0,,0,0,0,0,0,0,,0,0,0,0,0,0,,0,0,0,
DMR Permits et al 2024,OSPREY BASE CAMP,Ground Water,37.35702,-108.57442,2023,06/30/2023,,,,,ng/L,0,9,,0,0,14,9.7,4,0,0,0,0,0,,,0,0,,7.5,0,5.9,11,0,0,,,,,,,0,0,,0,,0,0,0,0,0,0,,0,0,0,0,0,0,,0,0,0,
DMR Permits et al 2024,OSPREY BASE CAMP,Ground Water,37.35702,-108.57442,2023,07/31/2023,,,,,ng/L,0,8.8,,0,0,13,9.2,3.9,0,0,0,0,0,,,0,0,,7.6,0,5.7,10,0,0,,,,,,,0,0,,0,,0,0,0,0,0,0,,0,0,0,0,0,0,,0,0,0,
DMR Permits et al 2024,OSPREY BASE CAMP,Ground Water,37.35702,-108.57442,2023,08/31/2023,,,,,ng/L,0,9.2,,0,0,12,9.4,3.4,0,0,0,0,0,,,0,0,,7.7,0,5.8,9.8,0,0,,,,,,,0,0,,0,,0,0,0,0,0,0,,0,0,0,0,0,0,,0,0,0,
DMR Permits et al 2024,OSPREY BASE CAMP,Ground Water,37.35702,-108.57442,2023,09/30/2023,,,,,ng/L,0,8.1,,0,0,13,9.7,4,0,0,0,0,0,,,0,0,,9.1,0,5.6,9.5,0,0,,,,,,,0,0,,0,,0,0,0,0,0,0,,0,0,0,0,0,0,,0,0,0,
DMR Permits et al 2024,OSPREY BASE CAMP,Ground Water,39.798973,-105.077816,2023,10/31/2023,,,,,ng/L,0,9.8,,0,0,12,13,4.2,0,0,0,0,0,,,0,0,,9.1,0,4.7,9.6,0,0,,,,,,,0,0,,0,,0,0,0,0,0,0,,0,0,0,0,0,0,,0,0,0,
DMR Permits et al 2024,RESIDENCES AT OLDE TOWN STATION,Ground Water,39.798973,-105.077816,2023,04/30/2023,,,,,ng/L,0,0,,0,0,0,0,0,0,0,0,0,0,,,0,0,,0,0,0,0,0,0,,,,,,,0,0,,0,,0,0,0,0,0,0,,0,0,0,0,0,0,,0,0,0,
DMR Permits et al 2024,RESIDENCES AT OLDE TOWN STATION,Ground Water,39.798973,-105.077816,2023,06/30/2023,,,,,ng/L,0,0,,0,0,0,0,0,0,0,0,0,0,,,0,0,,0,0,0,0,0,0,,,,,,,0,0,,0,,0,0,0,0,0,0,,0,0,0,0,0,0,,0,0,0,
DMR Permits et al 2024,RESIDENCES AT OLDE TOWN STATION,Ground Water,39.798973,-105.077816,2023,07/31/2023,,,,,ng/L,0,0,,0,0,0,0,0,0,0,0,0,0,,,0,0,,0,0,0,0,0,0,,,,,,,0,0,,0,,0,0,0,0,0,0,,0,0,0,0,0,0,,0,0,0,
DMR Permits et al 2024,RESIDENCES AT OLDE TOWN STATION,Ground Water,39.798973,-105.077816,2023,08/31/2023,,,,,ng/L,0,0,,0,0,0,0,0,0,0,0,0,0,,,0,0,,0,0,0,0,0,0,,,,,,,0,0,,0,,0,0,0,0,0,0,,0,0,0,0,0,0,,0,0,0,
DMR Permits et al 2024,RESIDENCES AT OLDE TOWN STATION,Ground Water,39.798973,-105.077816,2023,09/30/2023,,,,,ng/L,0,0,,0,0,0,0,0,0,0,0,0,0,,,0,0,,0,0,0,0,0,0,,,,,,,0,0,,0,,0,0,0,0,0,0,,0,0,0,0,0,0,,0,0,0,
DMR Permits et al 2024,RESIDENCES AT OLDE TOWN STATION,Ground Water,39.798973,-105.077816,2023,10/31/2023,,,,,ng/L,0,0,,0,0,0,0,0,0,0,0,0,0,,,0,0,,0,0,0,0,0,0,,,,,,,0,0,,0,,0,0,0,0,0,0,,0,0,0,0,0,0,,0,0,0,
DMR Permits et al 2024,RESIDENCES AT OLDE TOWN STATION,Ground Water,39.798973,-105.077816,2023,11/30/2023,,,,,ng/L,0,0,,0,0,0,0,0,0,0,0,0,0,,,0,0,,0,0,0,0,0,0,,,,,,,0,0,,0,,0,0,0,0,0,0,,0,0,0,0,0,0,,0,0,0,
DMR Permits et al 2024,RESIDENCES AT OLDE TOWN STATION,Ground Water,39.798973,-105.077816,2023,12/31/2023,,,,,ng/L,0,0,,0,0,0,0,0,0,0,0,0,0,,,0,0,,0,0,0,0,0,0,,,,,,,0,0,,0,,0,0,0,0,0,0,,0,0,0,0,0,0,,0,0,0,
DMR Permits et al 2024,RESIDENCES AT OLDE TOWN STATION,Ground Water,39.798973,-105.077816,2024,01/31/2024,,,,,ng/L,0,0,,0,0,0,0,0,0,0,0,0,0,,,0,0,,0,0,0,0,0,0,,,,,,,0,0,,0,,0,0,0,0,0,0,,0,0,0,0,0,0,,0,0,0,
DMR Permits et al 2024,RESIDENCES AT OLDE TOWN STATION,Ground Water,39.798973,-105.077816,2024,02/29/2024,,,,,ng/L,0,2.51,,1.8,2.92,0,1.5,1.51,0,0,0,0,0,,,0,0,,0,0,0,0,0,0,,,,,,,0,1.26,,0,,0,0,0,0,0,0,,0,1.19,1.63,0,0,0,,0,0,0,
DMR Permits et al 2024,RESIDENCES AT OLDE TOWN STATION,Ground Water,39.798973,-105.077816,2024,03/31/2024,,,,,ng/L,0,0,,0,0,0,0,0,0,0,0,0,0,,,0,0,,0,0,0,0,0,0,,,,,,,0,0,,0,,0,0,0,0,0,0,,0,1.47,0,0,0,0,,0,0,0,
DMR Permits et al 2024,RESIDENCES AT OLDE TOWN STATION,Ground Water,39.798973,-105.077816,2024,04/30/2024,,,,,ng/L,0,0,,0,0,0,0,0,0,0,0,0,0,,,0,0,,0,0,0,0,0,0,,,,,,,0,0,,0,,0,0,0,0,0,0,,0,0.72,1.36,0,0,0,,0,0,0,
DMR Permits et al 2024,RESIDENCES AT OLDE TOWN STATION,Ground Water,40.007,-105.257,2024,05/31/2024,,,,,ng/L,0,0,,0,0,0,0,0,0,0,0,0,0,,,0,0,,0,0,0,0,0,0,,,,,,,0,0,,0,,0,0,0,0,0,0,,0,0,0,0,0,0,,0,0,0,
DMR Permits et al 2024,LANDMARK LOFTS,Ground Water,39.751269,-104.992174,2024,04/30/2024,,,,,ng/L,0,0,,0,0,0,0,0,0,0,0,0,0,,,0,0,,0,0,0,0,0,0,,,,,,,0,0,,0,,0,0,0,0,0,0,,0,0,0,0,0,0,,0,0,0,
DMR Permits et al 2024,1900 LAWRENCE,Ground Water,39.751269,-104.992174,2024,02/29/2024,,,,,ng/L,0,1.78,,1.32,4.3,0,0,1.15,0,0,0,0,0,,,0,0,,0,0,0,0,0,0,,,,,,,0,1.67,,0,,0,0,0,0,0,0,,0,3.24,1.61,0,0,0,,0,0,0,
DMR Permits et al 2024,1900 LAWRENCE,Ground Water,39.751269,-104.992174,2024,03/31/2024,,,,,ng/L,0,0,,0,0,0,0,0,0,0,0,0,0,,,0,0,,0,0,0,0,0,0,,,,,,,0,0,,0,,0,0,0,0,0,0,,0,0,0,0,0,0,,0,0,0,
DMR Permits et al 2024,1900 LAWRENCE,Ground Water,39.751269,-104.992174,2024,04/30/2024,,,,,ng/L,0,0,,0,0,0,0,0,0,0,0,0,0,,,0,0,,0,0,0,0,0,0,,,,,,,0,0,,0,,0,0,0,0,0,0,,0,0,0,0,0,0,,0,0,0,
DMR Permits et al 2024,1900 LAWRENCE,Ground Water,38.80647,-106.88537,2024,05/31/2024,,,,,ng/L,0,0,,0,0,0,0,0,0,0,0,0,0,,,0,0,,0,0,0,0,0,0,,,,,,,0,0,,0,,0,0,0,0,0,0,,0,0,0,0,0,0,,0,0,0,
DMR Permits et al 2024,CRESTED BUTTE SOUTH METROPOLITAN DISTRICT WWTF,Ground Water,38.871111,-107.923889,2023,12/31/2023,,,,,ng/L,0,0,,0,0,0,0,0,0,0,0,0,0,,,0,0,,0,0,0,0,0,0,,,,,,,0,0,,0,,0,0,0,0,0,0,,0,0,0,0,0,0,,0,0,0,
DMR Permits et al 2024,CEDAREDGE WWTF,Ground Water,39.28,-106.33,2023,12/31/2023,,,,,ng/L,3.1,6.1,,0.93,0,0.59,27,1,0,0,0,0,0,,,0,0,,6.4,0,2.6,2.6,0,0,,,,,,,0,0,,0,,0,0,0,0,0,0,,0,0,0,0.59,0,0,,0,0,0,
DMR Permits et al 2024,MOUNTAIN VIEW VILLAGES WWTF,Ground Water,38.79271,-104.80548,2023,12/31/2023,,,,,ng/L,0,0,,0,0,0,0,0,0,0,0,0,0,,,0,0,,0,0,0,0,0,0,,,,,,,0,0,,0,,0,0,0,0,0,0,,0,0,0,0,0,0,,0,0,0,
DMR Permits et al 2024,CHARTWELL TENDERFOOT HILL RD HOTEL,Ground Water,38.79271,-104.80548,2019,09/30/2019,,,,,mg/L,0,0.014,,0,0,0,0,0,0,0,0,0,0,,,0,0,,0,0,0,0,0,0,,,,,,,0,0,,0,,0,0,0,0,0,0,,0,0,0,0,0,0,,0,0,0,
DMR Permits et al 2024,CHARTWELL TENDERFOOT HILL RD HOTEL,Ground Water,38.79271,-104.80548,2019,12/31/2019,,,,,ng/L,0,0.0182,,0,0,0,0,0,0,0,0,0,0,,,0,0,,0,0,0,0,0,0,,,,,,,0,0,,0,,0,0,0,0,0,0,,0,0,0,0,0,0,,0,0,0,
DMR Permits et al 2024,CHARTWELL TENDERFOOT HILL RD HOTEL,Ground Water,38.79271,-104.80548,2020,03/31/2020,,,,,ng/L,0,0.0133,,0,0,0,0,0,0,0,0,0,0,,,0,0,,0,0,0,0,0,0,,,,,,,0,0,,0,,0,0,0,0,0,0,,0,0,0,0,0,0,,0,0,0,
DMR Permits et al 2024,CHARTWELL TENDERFOOT HILL RD HOTEL,Ground Water,38.79271,-104.80548,2020,06/30/2020,,,,,ng/L,0,0.032,,0,0,0,0,0,0,0,0,0,0,,,0,0,,0,0,0,0,0,0,,,,,,,0,0,,0,,0,0,0,0,0,0,,0,0,0,0,0,0,,0,0,0,
DMR Permits et al 2024,CHARTWELL TENDERFOOT HILL RD HOTEL,Ground Water,38.79271,-104.80548,2020,09/30/2020,,,,,ng/L,0,0.0161,,0,0,0,0,0,0,0,0,0,0,,,0,0,,0,0,0,0,0,0,,,,,,,0,0,,0,,0,0,0,0,0,0,,0,0,0,0,0,0,,0,0,0,
DMR Permits et al 2024,CHARTWELL TENDERFOOT HILL RD HOTEL,Ground Water,38.79271,-104.80548,2020,12/31/2020,,,,,ng/L,0,0.0255,,0,0,0,0,0,0,0,0,0,0,,,0,0,,0,0,0,0,0,0,,,,,,,0,0,,0,,0,0,0,0,0,0,,0,0,0,0,0,0,,0,0,0,
DMR Permits et al 2024,CHARTWELL TENDERFOOT HILL RD HOTEL,Ground Water,38.79271,-104.80548,2021,03/31/2021,,,,,ng/L,0,0.0193,,0,0,0,0,0,0,0,0,0,0,,,0,0,,0,0,0,0,0,0,,,,,,,0,0,,0,,0,0,0,0,0,0,,0,0,0,0,0,0,,0,0,0,
DMR Permits et al 2024,CHARTWELL TENDERFOOT HILL RD HOTEL,Ground Water,39.803333,-104.945556,2021,06/30/2021,,,,,ng/L,0,0.0173,,0,0,0,0,0,0,0,0,0,0,,,0,0,,0,0,0,0,0,0,,,,,,,0,0,,0,,0,0,0,0,0,0,,0,0,0,0,0,0,,0,0,0,
DMR Permits et al 2024,SUNCOR ENERGY (USA) INC - COMMERCE CITY REFINERY,Waste Water (Unsepecified),39.771944,-105.171111,2024,05/31/2024,,,,,ng/L,33,5.5,,0,3,64,24,4.5,0,0,0,0,0,,,0,0,,16.5,11,14.5,16,0,0,,,,,,,0,0,,0,,0,0,0,0,0,0,,0,0,0,0,0,0,,0,0,0,
DMR Permits et al 2024,MOLSON COORSGOLDEN FACILITY,Waste Water (Unsepecified),39.771944,-105.171111,2022,07/31/2022,,,,,ng/L,3.1,3.4,,0,0,2.5,5.4,4.6,0,0,0,0,0,,,0,0,,17.7,0,0,31.5,0,0,,,,,,,0,0,,0,,0,0,0,0,0,0,,0,0,0,0,0,0,,0,0,0,
DMR Permits et al 2024,MOLSON COORSGOLDEN FACILITY,Waste Water (Unsepecified),39.771944,-105.171111,2022,08/31/2022,,,,,ng/L,3.7,3.6,,0,0,3.9,0,0,0,0,0,0,0,,,0,0,,20.3,0,0,17,0,0,,,,,,,0,0,,0,,0,0,0,0,0,0,,0,0,0,0,0,0,,0,0,0,
DMR Permits et al 2024,MOLSON COORSGOLDEN FACILITY,Waste Water (Unsepecified),39.771944,-105.171111,2022,09/30/2022,,,,,ng/L,3.5,1.9,,0,0,2.9,3.6,3.9,0,0,0,0,0,,,0,0,,10.4,0,7.8,11.1,0,0,,,,,,,0,0,,0,,0,0,0,0,0,0,,0,0,0,3.5,0,0,,0,0,0,
DMR Permits et al 2024,MOLSON COORSGOLDEN FACILITY,Waste Water (Unsepecified),39.771944,-105.171111,2022,10/31/2022,,,,,ng/L,4.8,2.7,,0,0,1.4,6.4,1.4,0,0,0,0,0,,,0,0,,12.3,0,0,9.8,0,0,,,,,,,0,0,,0,,0,0,0,0,0,0,,0,0,0,0,0,0,,0,0,0,
DMR Permits et al 2024,MOLSON COORSGOLDEN FACILITY,Waste Water (Unsepecified),39.771944,-105.171111,2022,11/30/2022,,,,,ng/L,0,0,,0,0,0,0,0,0,0,0,0,0,,,0,0,,0,0,0,0,0,0,,,,,,,0,0,,0,,0,0,0,0,0,0,,0,0,0,0,0,0,,0,0,0,
DMR Permits et al 2024,MOLSON COORSGOLDEN FACILITY,Waste Water (Unsepecified),39.771944,-105.171111,2022,12/31/2022,,,,,ng/L,2.6,2.7,,0,0,1.6,6,0,0,0,0,0,0,,,0,0,,9.9,0,2.3,4.3,0,0,,,,,,,0,0,,0,,0,0,0,0,0,0,,0,0,0,0,0,0,,0,0,0,
DMR Permits et al 2024,MOLSON COORSGOLDEN FACILITY,Waste Water (Unsepecified),39.771944,-105.171111,2023,01/31/2023,,,,,ng/L,3.3,3.6,,0,0,1.7,9,2.1,0,0,0,0,0,,,0,0,,5.6,0,2.2,0,0,0,,,,,,,0,0,,0,,0,0,0,0,0,0,,0,0,0,0,0,0,,0,0,0,
DMR Permits et al 2024,MOLSON COORSGOLDEN FACILITY,Waste Water (Unsepecified),39.771944,-105.171111,2023,02/28/2023,,,,,ng/L,31,7.3,,0,6.7,5.2,13,5.8,0,0,0,75,6.8,,,0,0,,8.5,0,2.5,6.3,0,0,,,,,,,0,0,,0,,0,0,0,0,0,0,,0,0,0,0,0,0,,0,0,0,
DMR Permits et al 2024,MOLSON COORSGOLDEN FACILITY,Waste Water (Unsepecified),39.771944,-105.171111,2023,03/31/2023,,,,,ng/L,4.7,13,,0,0,3.1,9.7,5.5,0,0,0,5.4,0,,,0,0,,8.6,0,3.9,4.3,0,0,,,,,,,0,0,,0,,0,0,0,0,0,0,,0,0,0,0,0,0,,0,0,0,
DMR Permits et al 2024,MOLSON COORSGOLDEN FACILITY,Waste Water (Unsepecified),39.771944,-105.171111,2023,04/30/2023,,,,,ng/L,0,19,,0,0,2.5,5.7,7.9,0,0,0,0,0,,,0,0,,7.4,0,0,7.5,0,0,,,,,,,0,0,,0,,0,0,0,0,0,0,,0,0,0,0,0,0,,0,0,0,
DMR Permits et al 2024,MOLSON COORSGOLDEN FACILITY,Waste Water (Unsepecified),39.771944,-105.171111,2023,05/31/2023,,,,,ng/L,3.7,84,,0,0,2.4,5.9,5,0,0,0,0,0,,,0,0,,7.1,0,1.9,5.5,0,0,,,,,,,0,0,,0,,0,0,0,0,0,0,,0,0,0,0,0,0,,0,0,0,
DMR Permits et al 2024,MOLSON COORSGOLDEN FACILITY,Waste Water (Unsepecified),39.771944,-105.171111,2023,06/30/2023,,,,,ng/L,5,4.4,,0,0,3.3,8.9,4.8,0,0,0,0,0,,,0,0,,9,0,3.3,8,0,0,,,,,,,0,0,,0,,0,0,0,0,0,0,,0,0,0,0,0,0,,0,0,0,
DMR Permits et al 2024,MOLSON COORSGOLDEN FACILITY,Waste Water (Unsepecified),39.771944,-105.171111,2023,07/31/2023,,,,,ng/L,5,7,,0,0,5,11,4.2,0,0,0,0,0,,,0,0,,15,0,4.4,6.9,0,0,,,,,,,0,0,,0,,0,0,0,0,0,0,,0,0,0,0,0,0,,0,0,0,
DMR Permits et al 2024,MOLSON COORSGOLDEN FACILITY,Waste Water (Unsepecified),39.771944,-105.171111,2023,08/31/2023,,,,,ng/L,4.9,6.4,,0,0,2.5,10,4.8,0,0,0,0,0,,,0,0,,8.5,0,2.2,0,0,0,,,,,,,0,0,,0,,0,0,0,0,0,0,,0,0,0,0,0,0,,0,0,0,
DMR Permits et al 2024,MOLSON COORSGOLDEN FACILITY,Waste Water (Unsepecified),39.771944,-105.171111,2023,09/30/2023,,,,,ng/L,2.9,3.9,,0,0,2,4.4,3.5,0,0,0,0,0,,,0,0,,6.2,0,2.2,0,0,0,,,,,,,0,0,,0,,0,0,0,0,0,0,,0,0,0,0,0,0,,0,0,0,
DMR Permits et al 2024,MOLSON COORSGOLDEN FACILITY,Waste Water (Unsepecified),39.771944,-105.171111,2023,10/31/2023,,,,,ng/L,2.8,2.3,,0,0,1.9,4.5,2.4,0,0,0,0,0,,,0,0,,5.8,0,2.5,0,0,0,,,,,,,0,0,,0,,0,0,0,0,0,0,,0,0,0,0,0,0,,0,0,0,
DMR Permits et al 2024,MOLSON COORSGOLDEN FACILITY,Waste Water (Unsepecified),39.771944,-105.171111,2023,11/30/2023,,,,,ng/L,4.6,3.3,,0,0,2.7,6.3,3,0,0,0,0,0,,,0,0,,6.8,0,3.5,9.6,0,0,,,,,,,0,0,,0,,0,0,0,0,0,0,,0,0,0,0,0,0,,0,0,0,
DMR Permits et al 2024,MOLSON COORSGOLDEN FACILITY,Waste Water (Unsepecified),39.771944,-105.171111,2023,12/31/2023,,,,,ng/L,2.8,8,,0,0,2.1,5.2,3.1,0,0,0,0,0,,,0,0,,7.5,0,2.2,0,0,0,,,,,,,0,0,,0,,0,0,0,0,0,0,,0,0,0,0,0,0,,0,0,0,
DMR Permits et al 2024,MOLSON COORSGOLDEN FACILITY,Waste Water (Unsepecified),39.771944,-105.171111,2024,01/31/2024,,,,,ng/L,2.7,2.4,,0,0,2.4,7,7.7,0,0,0,0,0,,,0,0,,6,0,2.7,4.7,0,0,,,,,,,0,0,,0,,0,0,0,0,0,0,,0,0,0,0,0,0,,0,0,0,
DMR Permits et al 2024,MOLSON COORSGOLDEN FACILITY,Waste Water (Unsepecified),39.771944,-105.171111,2024,02/29/2024,,,,,ng/L,0,5.1,,0,1.7,1.7,4.4,3.5,0,0,0,0,0,,,0,0,,6.2,0,3.1,6.8,0,0,,,,,,,0,0,,0,,0,0,0,0,0,0,,0,0,0,0,0,0,,0,0,0,
DMR Permits et al 2024,MOLSON COORSGOLDEN FACILITY,Waste Water (Unsepecified),39.771944,-105.171111,2024,03/31/2024,,,,,ng/L,2.7,2.7,,0,0,0,5,2.3,0,0,0,0,0,,,0,0,,6.9,0,3.1,6.9,0,0,,,,,,,0,0,,0,,0,0,0,0,0,0,,0,0,0,0,0,0,,0,0,0,
DMR Permits et al 2024,MOLSON COORSGOLDEN FACILITY,Waste Water (Unsepecified),39.771944,-105.171111,2024,04/30/2024,,,,,ng/L,3.5,4.3,,0,0,2.5,10,3.3,0,0,0,0,0,,,0,0,,10,0,4.4,6.2,0,0,,,,,,,0,0,,0,,0,0,0,0,0,0,,0,0,0,0,0,0,,0,0,0,
DMR Permits et al 2024,MOLSON COORSGOLDEN FACILITY,Waste Water (Unsepecified),40.497778,-106.913889,2024,05/31/2024,,,,,ng/L,0,0,,0,0,0,5.8,0,0,0,0,0,0,,,0,0,,7.6,0,0,8.5,0,0,,,,,,,0,0,,0,,0,0,0,0,0,0,,0,0,0,0,0,0,,0,0,0,
DMR Permits et al 2024,STEAMBOAT SPRINGS WWTF,Waste Water (Unsepecified),40.497778,-106.913889,2022,01/31/2022,,,,,ng/L,0,14.8,,0,0,2.5,20.1,1.8,0,0,0,0,0,,,0,0,,6.4,0,0,15.8,0,0,,,,,,,0,0,,0,,0,0,0,0,0,0,,0,0,0,0,0,0,,0,0,0,
DMR Permits et al 2024,STEAMBOAT SPRINGS WWTF,Waste Water (Unsepecified),40.497778,-106.913889,2022,02/28/2022,,,,,ng/L,1.5,11.7,,0,0,0.9,25.1,1.4,0,0,0,0,0,,,0,0,,4.9,0,291,3.7,0,0,,,,,,,0,0,,0,,0,0,0,0,0,0,,0,0,0,0,0,0,,0,0,0,
DMR Permits et al 2024,STEAMBOAT SPRINGS WWTF,Waste Water (Unsepecified),40.497778,-106.913889,2022,03/31/2022,,,,,ng/L,0,10.3,,0,0,3.1,17.2,2,0,0,0,0,0,,,0,0,,0,0,0,3.9,0,0,,,,,,,0,0,,0,,0,0,0,0,0,0,,0,0,0,0,0,0,,0,0,0,
DMR Permits et al 2024,STEAMBOAT SPRINGS WWTF,Waste Water (Unsepecified),40.497778,-106.913889,2022,04/30/2022,,,,,ng/L,5.5,10.5,,0,0,3.5,50.2,3.2,0,0,0,0,0,,,0,0,,10.8,0,0,4.9,0,0,,,,,,,0,0,,0,,0,0,0,0,0,0,,0,0,0,5.5,0,0,,0,0,0,
DMR Permits et al 2024,STEAMBOAT SPRINGS WWTF,Waste Water (Unsepecified),40.497778,-106.913889,2022,05/31/2022,,,,,ng/L,4,10.1,,0,0,2.1,26.4,2,0,0,0,0,0,,,0,0,,7.7,0,0,3.8,0,0,,,,,,,0,0,,0,,0,0,0,0,0,0,,0,0,0,4,0,0,,0,0,0,
DMR Permits et al 2024,STEAMBOAT SPRINGS WWTF,Waste Water (Unsepecified),40.497778,-106.913889,2022,06/30/2022,,,,,ng/L,2.5,9.3,,0,0,0,21.8,1.8,0,0,0,0,0,,,0,0,,6.6,0,0,0,0,0,,,,,,,0,0,,0,,0,0,0,0,0,0,,0,0,0,0,0,0,,0,0,0,
DMR Permits et al 2024,STEAMBOAT SPRINGS WWTF,Waste Water (Unsepecified),40.497778,-106.913889,2022,07/31/2022,,,,,ng/L,3.1,16.9,,1,0,0,26.2,2.2,0,0,0,0,0,,,0,0,,10,0,144,6.5,0,0,,,,,,,0,0,,0,,0,0,0,0,0,0,,0,0,0,3.7,0,0,,0,0,0,
DMR Permits et al 2024,STEAMBOAT SPRINGS WWTF,Waste Water (Unsepecified),40.497778,-106.913889,2022,08/31/2022,,,,,ng/L,0,9.1,,1,0,0,0,2.1,0,0,0,0,0,,,0,0,,6.6,0,0,2,0,0,,,,,,,0,0,,0,,0,0,0,0,0,0,,0,0,0,3.7,0,0,,0,0,0,
DMR Permits et al 2024,STEAMBOAT SPRINGS WWTF,Waste Water (Unsepecified),40.497778,-106.913889,2022,09/30/2022,,,,,ng/L,2.9,8.9,,0,0,2.2,12.3,2.4,0,0,0,0,0,,,0,0,,22.5,8.3,0,7.4,0,0,,,,,,,0,0,,0,,0,0,0,0,0,0,,0,0,0,3.7,0,0,,0,0,0,
DMR Permits et al 2024,STEAMBOAT SPRINGS WWTF,Waste Water (Unsepecified),40.497778,-106.913889,2022,10/31/2022,,,,,ng/L,2.6,7.3,,0,0,0,12.2,1.4,0,0,0,0,0,,,0,0,,12.3,0,99.3,3.7,0,0,,,,,,,0,0,,0,,0,0,0,0,0,0,,0,0,0,0,0,0,,0,0,0,
DMR Permits et al 2024,STEAMBOAT SPRINGS WWTF,Waste Water (Unsepecified),40.497778,-106.913889,2022,11/30/2022,,,,,ng/L,0,5.8,,0,0,0,0,2,0,0,0,0,0,,,0,0,,5.2,0,347,2.8,0,0,,,,,,,0,0,,0,,0,0,0,0,0,0,,0,0,0,3.8,0,0,,0,0,0,
DMR Permits et al 2024,STEAMBOAT SPRINGS WWTF,Waste Water (Unsepecified),40.497778,-106.913889,2022,12/31/2022,,,,,ng/L,1.5,5.7,,0,0,1.4,5.9,1.3,0,0,0,0,0,,,0,0,,3.5,0,308,5.3,0,0,,,,,,,0,0,,0,,0,0,0,0,0,0,,0,0,0,2.3,0,0,,0,0,0,
DMR Permits et al 2024,STEAMBOAT SPRINGS WWTF,Waste Water (Unsepecified),40.497778,-106.913889,2023,01/31/2023,,,,,ng/L,1.9,8,,0,0,0,7.9,1.3,0,0,0,0,0,,,0,0,,7.3,0,0,10.5,0,0,,,,,,,0,0,,0,,0,0,0,0,0,0,,0,0,0,0,0,0,,0,0,0,
DMR Permits et al 2024,STEAMBOAT SPRINGS WWTF,Waste Water (Unsepecified),40.497778,-106.913889,2023,02/28/2023,,,,,ng/L,1.8,9.8,,0,0,1.5,22.3,1.9,0,0,0,0,0,,,0,0,,13.7,0,131,6.4,0,0,,,,,,,0,0,,0,,0,0,0,0,0,0,,0,0,0,0,0,0,,0,0,0,
DMR Permits et al 2024,STEAMBOAT SPRINGS WWTF,Waste Water (Unsepecified),40.497778,-106.913889,2023,03/31/2023,,,,,ng/L,0,6.9,,0,0,2,9.6,2.3,0,0,0,0,0,,,0,0,,7.3,0,307,5.9,0,0,,,,,,,0,0,,0,,0,0,0,0,0,0,,0,0,0,1.6,0,0,,0,0,0,
DMR Permits et al 2024,STEAMBOAT SPRINGS WWTF,Waste Water (Unsepecified),40.497778,-106.913889,2023,04/30/2023,,,,,ng/L,0,7.1,,0,0,3.2,6.2,3.2,0,0,0,0,0,,,0,0,,4.9,0,46.2,4.1,0,0,,,,,,,0,0,,0,,0,0,0,0,0,0,,0,0,0,0,0,0,,0,0,0,
DMR Permits et al 2024,STEAMBOAT SPRINGS WWTF,Waste Water (Unsepecified),40.497778,-106.913889,2023,05/31/2023,,,,,ng/L,4.3,7.2,,0,0,2.1,11.6,2.5,0,0,0,0,0,,,0,0,,5.7,0,55.4,4.7,0,0,,,,,,,0,0,,0,,0,0,0,0,0,0,,0,0,0,0,0,0,,0,0,0,
DMR Permits et al 2024,STEAMBOAT SPRINGS WWTF,Waste Water (Unsepecified),40.497778,-106.913889,2023,06/30/2023,,,,,ng/L,3.4,8.5,,0,0,1.9,10.4,2.7,0,0,0,0,0,,,0,0,,7.5,0,189,6.8,0,0,,,,,,,0,0,,0,,0,0,0,0,0,0,,0,0,0,0,0,0,,0,0,0,
DMR Permits et al 2024,STEAMBOAT SPRINGS WWTF,Waste Water (Unsepecified),40.497778,-106.913889,2023,07/31/2023,,,,,ng/L,2.1,9.2,,0,0,1.3,14.8,1.7,0,0,0,0,0,,,0,0,,5.5,0,0,3.2,0,0,,,,,,,0,0,,0,,0,0,0,0,0,0,,0,0,0,0,0,0,,0,0,0,
DMR Permits et al 2024,STEAMBOAT SPRINGS WWTF,Waste Water (Unsepecified),40.497778,-106.913889,2023,08/31/2023,,,,,ng/L,0,10.4,,0,0,0,15.6,1.1,0,0,0,0,0,,,0,0,,3.8,0,0,2.5,0,0,,,,,,,0,0,,0,,0,0,0,0,0,0,,0,0,0,0,0,0,,0,0,0,
DMR Permits et al 2024,STEAMBOAT SPRINGS WWTF,Waste Water (Unsepecified),40.497778,-106.913889,2023,10/31/2023,,,,,ng/L,3,18.5,,1.3,0,1.5,31.6,2.3,0,0,0,0,0,,,0,0,,22.6,0,0,6.1,0,0,,,,,,,0,0,,0,,0,0,0,0,0,0,,0,0,0,0,0,0,,0,0,0,
DMR Permits et al 2024,STEAMBOAT SPRINGS WWTF,Waste Water (Unsepecified),40.497778,-106.913889,2023,11/30/2023,,,,,ng/L,2.2,6.1,,0,0,0,6.7,1,0,0,0,0,0,,,0,0,,4,0,0,3.3,0,0,,,,,,,0,0,,0,,0,0,0,0,0,0,,0,0,0,0,0,0,,0,0,0,
DMR Permits et al 2024,STEAMBOAT SPRINGS WWTF,Waste Water (Unsepecified),40.497778,-106.913889,2023,12/31/2023,,,,,ng/L,1.7,5.2,,0,0,4,5.1,1,0,0,0,0,0,,,0,0,,2.6,0,0,3,0,0,,,,,,,0,0,,0,,0,0,0,0,0,0,,0,0,0,0,0,0,,0,0,0,
DMR Permits et al 2024,STEAMBOAT SPRINGS WWTF,Waste Water (Unsepecified),40.497778,-106.913889,2024,01/31/2024,,,,,ng/L,1.6,6.1,,0,0,0,6.7,0,0,0,0,0,0,,,0,0,,3.5,0,266,3.2,0,0,,,,,,,0,0,,0,,0,0,0,0,0,0,,0,0,0,0,0,0,,0,0,0,
DMR Permits et al 2024,STEAMBOAT SPRINGS WWTF,Waste Water (Unsepecified),40.497778,-106.913889,2024,02/29/2024,,,,,ng/L,2.2,7.8,,0,0,4.3,6.6,1.5,0,0,0,0,0,,,0,0,,3.6,0,386,2.6,0,0,,,,,,,0,0,,0,,0,0,0,0,0,0,,0,0,0,0,0,0,,0,0,0,
DMR Permits et al 2024,STEAMBOAT SPRINGS WWTF,Waste Water (Unsepecified),40.497778,-106.913889,2024,03/31/2024,,,,,ng/L,2.8,6.4,,0,0,2.5,5,1.4,0,0,0,0,0,,,0,0,,3.4,0,210,2.8,0,0,,,,,,,0,0,,0,,0,0,0,0,0,0,,0,0,0,0,0,0,,0,0,0,
DMR Permits et al 2024,STEAMBOAT SPRINGS WWTF,Waste Water (Unsepecified),40.497778,-106.913889,2024,04/30/2024,,,,,ng/L,5.1,6.2,,0,0,5.3,5.1,2.1,0,0,0,0,0,,,0,0,,4.3,0,133,3.4,0,0,,,,,,,0,0,,0,,0,0,0,0,0,0,,0,0,0,0,0,0,,0,0,0,
DMR Permits et al 2024,STEAMBOAT SPRINGS WWTF,Waste Water (Unsepecified),38.984722,-104.83,2023,09/30/2023,,,,,ng/L,0,0,,0,0,0,0,0,0,0,0,0,0,,,0,0,,0,0,0,0,0,0,,,,,,,0,0,,0,,0,0,0,0,0,0,,0,0,0,0,0,0,,0,0,0,
DMR Permits et al 2024,USAF ACADEMY,Waste Water (Unsepecified),38.984722,-104.83,2023,03/31/2023,,,,,ng/L,0.9,1.7,,1.1,0.465,0.355,3.65,0.5,0,0,0,0.36,0,,,0,0,,1.4,0,0.8,1.2,0,0,,,,,,,0,0,,0,,0,0,0,0,0,0,,0,0,0,0,0,0,,0,0,0,
DMR Permits et al 2024,USAF ACADEMY,Waste Water (Unsepecified),38.984722,-104.83,2023,06/30/2023,,,,,ng/L,0.6,7,,1,0.85,0.465,8,1.3,0,0,0,0.335,0,,,0,0,,5,0,0.7,1.8,0,0,,,,,,,0,0,,0,,0,0,0,0,0,0,,0,0,0,0.24,0,0,,0,0,0,
DMR Permits et al 2024,USAF ACADEMY,Waste Water (Unsepecified),38.984722,-104.83,2023,09/30/2023,,,,,ng/L,1.95,6.5,,1.15,0.8,3.1,10.5,1.5,0,0,0,0,0,,,0,0,,13,0,1.6,3.1,0,0,,,,,,,0,0,,0,,0,0,0,0,0,0,,0,0,0,0,0,0,,0,0,0,
DMR Permits et al 2024,USAF ACADEMY,Waste Water (Unsepecified),38.984722,-104.83,2023,12/31/2023,,,,,ng/L,1.3,3.3,,0.415,0.495,0.95,6.5,1.2,0,0,0,0,0,,,0,0,,6.5,0,0.85,1.95,0,0,,,,,,,0,0,,0,,0,0,0,0,0,0,,0,0,0,0,0,0,,0,0,0,
DMR Permits et al 2024,USAF ACADEMY,Waste Water (Unsepecified),39.935278,-104.994722,2024,03/31/2024,,,,,ng/L,1,4.35,,0.6,0.7,0.65,4.45,0.65,0,0,0,0,0,,,0,0,,2.75,0,0.39,1.9,0,0,,,,,,,0,0,,0,,0,0,0,0,0,0,,0,0,0,0,0,0,,0,0,0,
DMR Permits et al 2024,BIG DRY CREEK WWTF,Waste Water (Unsepecified),39.935278,-104.994722,2022,08/31/2022,,,,,ng/L,2.84,8.07,,0,0,2.9,17.5,2.32,0,0,0,0,0,,,0,0,,22.2,0,5.22,4.97,0,0,,,,,,,0,0,,0,,0,0,0,0,0,0,,0,0,0,0,0,0,,0,0,0,
DMR Permits et al 2024,BIG DRY CREEK WWTF,Waste Water (Unsepecified),39.935278,-104.994722,2022,09/30/2022,,,,,ng/L,0,7.56,,0,1.17,4.15,23.5,2.23,0,0,0,0,0,,,0,0,,33,0,6.58,4.99,0,0,,,,,,,0,0,,0,,0,0,0,0,0,0,,0,0,0,0,0,0,,0,0,0,
DMR Permits et al 2024,BIG DRY CREEK WWTF,Waste Water (Unsepecified),39.935278,-104.994722,2022,10/31/2022,,,,,ng/L,7.81,8.08,,0,0,3.51,22.3,2.52,0,0,0,0,0,,,0,0,,13.4,0,5.86,0,0,0,,,,,,,0,0,,0,,0,0,0,0,0,0,,0,0,0,0,0,0,,0,0,0,
DMR Permits et al 2024,BIG DRY CREEK WWTF,Waste Water (Unsepecified),39.935278,-104.994722,2022,11/30/2022,,,,,ng/L,2.43,7.27,,0,0,2.91,22.2,2.2,0,0,0,0,0,,,0,0,,15.9,0,6.92,1.875,0,0,,,,,,,0,0,,0,,0,0,0,0,0,0,,0,0,0,0,0,0,,0,0,0,
DMR Permits et al 2024,BIG DRY CREEK WWTF,Waste Water (Unsepecified),39.935278,-104.994722,2022,12/31/2022,,,,,ng/L,1.85,6.24,,0,0,2.44,22.1,1.77,0,0,0,0,0,,,0,0,,11.1,0,4.97,3.8,0,0,,,,,,,0,0,,0,,0,0,0,0,0,0,,0,0,0,0,0,0,,0,0,0,
DMR Permits et al 2024,BIG DRY CREEK WWTF,Waste Water (Unsepecified),39.935278,-104.994722,2023,02/28/2023,,,,,ng/L,1.815,3.825,,0,0,2.19,7.145,1.555,0,0,0,0,0,,,0,0,,6.785,0,5.665,4.255,0,0,,,,,,,0,0,,0,,0,0,0,0,0,0,,0,0,0,0,0,0,,0,0,0,
DMR Permits et al 2024,BIG DRY CREEK WWTF,Waste Water (Unsepecified),39.935278,-104.994722,2023,06/30/2023,,,,,ng/L,4.17,8.1,,0,0,4.89,15.2,3.61,0,0,0,0,0,,,0,0,,17,0.993,11.7,6.81,0,0,,,,,,,0,0,,0,,0,0,0,0,0,0,,0,0,0,0,0,0,,0,0,0,
DMR Permits et al 2024,BIG DRY CREEK WWTF,Waste Water (Unsepecified),39.935278,-104.994722,2023,05/31/2023,,,,,ng/L,2.03,5.31,,0,0,2.84,12,2.1,0,0,0,0,0,,,0,0,,14.4,0,7.57,4.76,0,0,,,,,,,0,0,,0,,0,0,0,0,0,0,,0,0,0,0,0,0,,0,0,0,
DMR Permits et al 2024,BIG DRY CREEK WWTF,Waste Water (Unsepecified),39.935278,-104.994722,2023,07/31/2023,,,,,ng/L,3.59,7.92,,0,0,4.24,12.7,3.36,0,0,0,0,0,,,0,0,,14.8,0,10.4,5.55,0,0,,,,,,,0,0,,0,,0,0,0,0,0,0,,0,0,0,0,0,0,,0,0,0,
DMR Permits et al 2024,BIG DRY CREEK WWTF,Waste Water (Unsepecified),39.935278,-104.994722,2023,08/31/2023,,,,,ng/L,0,0,,0,0.43,3.6,12,2.5,0,0,0,0,0,,,0,0,,18,0,8.1,6.6,0,0,,,,,,,0,0,,0,,0,0,0,0,0,0,,0,0,0,0,0,0,,0,0,0,
DMR Permits et al 2024,BIG DRY CREEK WWTF,Waste Water (Unsepecified),39.935278,-104.994722,2023,09/30/2023,,,,,ng/L,3.1,5.7,,0,0,2.9,11.8,2.2,0,0,0,0,0,,,0,0,,15.1,0,7.2,7.4,0,0,,,,,,,0,0,,0,,0,0,0,0,0,0,,0,0,0,0,0,0,,0,0,0,
DMR Permits et al 2024,BIG DRY CREEK WWTF,Waste Water (Unsepecified),39.935278,-104.994722,2023,10/31/2023,,,,,ng/L,2.9,7.7,,0,0,3.2,18,2.4,0,0,0,0,0,,,0,0,,24,0,7.1,5.8,0,0,,,,,,,0,0,,0,,0,0,0,0,0,0,,0,0,0,1,0,0,,0,0,0,
DMR Permits et al 2024,BIG DRY CREEK WWTF,Waste Water (Unsepecified),39.935278,-104.994722,2023,11/30/2023,,,,,ng/L,3,10.4,,0,0,3,28,2.3,0,0,0,0,0,,,0,0,,20,0,5.9,6.9,0,0,,,,,,,0,0,,0,,0,0,0,0,0,0,,0,0,0,0,0,0,,0,0,0,
DMR Permits et al 2024,BIG DRY CREEK WWTF,Waste Water (Unsepecified),39.935278,-104.994722,2023,12/31/2023,,,,,ng/L,3.2,8,,0,1.2,3.9,23,2.4,0,0,0,0,0,,,0,0,,12.6,0,6.6,5.1,0,0,,,,,,,0,0,,0,,0,0,0,0,0,0,,0,0,0,1.2,0,0,,0,0,0,
DMR Permits et al 2024,BIG DRY CREEK WWTF,Waste Water (Unsepecified),39.935278,-104.994722,2024,03/31/2024,,,,,ng/L,1.8,5.3,,0,0,2.9,12.9,1.9,0,0,0,0,0,,,0,0,,10.4,0,5.9,5.1,0,0,,,,,,,0,0,,0,,0,0,0,0,0,0,,0,0,0,0,0,0,,0,0,0,
DMR Permits et al 2024,BIG DRY CREEK WWTF,Waste Water (Unsepecified),39.935278,-104.994722,2024,01/31/2024,,,,,ng/L,1.7,6.4,,0,0,2,14.5,1.1,0,0,0,0,0,,,0,0,,14.6,0,6.6,0,0,0,,,,,,,0,0,,0,,0,0,0,0,0,0,,0,0,0,1.1,2.1,0,,0,0,0,
DMR Permits et al 2024,BIG DRY CREEK WWTF,Waste Water (Unsepecified),39.935278,-104.994722,2024,02/29/2024,,,,,ng/L,2,6.2,,0,0,3.1,12.8,2,0,0,0,0,0,,,0,0,,10.9,0,5.2,5,0,0,,,,,,,0,0,,0,,0,0,0,0,0,0,,0,0,0,0,0,0,,0,0,0,
DMR Permits et al 2024,BIG DRY CREEK WWTF,Waste Water (Unsepecified),39.921389,-105.024444,2024,04/30/2024,,,,,ng/L,3.6,8.5,,0,0,5.5,16.1,4,0,0,0,0,0,,,0,0,,13.6,0,10.9,7.6,0,0,,,,,,,0,0,,0,,0,0,0,0,0,0,,0,0,0,0,0,0,,0,0,0,
DMR Permits et al 2024,BROOMFIELD WWTF,Waste Water (Unsepecified),39.921389,-105.024444,2022,01/31/2022,,,,,ng/L,2.8,5.8,,0,0,2.2,9.5,2.3,0,0,0,0,0,,,0,0,,9,0,3.1,5.1,0,0,,,,,,,0,0,,0,,0,0,0,0,0,0,,0,0,0,0,0,0,,0,0,0,
DMR Permits et al 2024,BROOMFIELD WWTF,Waste Water (Unsepecified),39.921389,-105.024444,2022,02/28/2022,,,,,ng/L,0,4.5,,0,0,0,9.6,0,0,0,0,0,0,,,0,0,,7.6,0,3.9,0,0,0,,,,,,,0,0,,0,,0,0,0,0,0,0,,0,0,0,0,0,0,,0,0,0,
DMR Permits et al 2024,BROOMFIELD WWTF,Waste Water (Unsepecified),39.921389,-105.024444,2022,03/31/2022,,,,,ng/L,1.8,5.1,,0,0,1.9,11,2.1,0,0,0,0,0,,,0,0,,6.5,0,2.3,4.4,0,0,,,,,,,0,0,,0,,0,0,0,0,0,0,,0,0,0,0,0,0,,0,0,0,
DMR Permits et al 2024,BROOMFIELD WWTF,Waste Water (Unsepecified),39.921389,-105.024444,2022,04/30/2022,,,,,ng/L,3.5,6.7,,0,0,2.6,18,2.7,0,0,0,0,0,,,0,0,,12,0,6,0,0,0,,,,,,,0,0,,0,,0,0,0,0,0,0,,0,0,0,0,0,0,,0,0,0,
DMR Permits et al 2024,BROOMFIELD WWTF,Waste Water (Unsepecified),39.921389,-105.024444,2022,05/31/2022,,,,,ng/L,0,6,,0,0,2,11,2.6,0,0,0,0,0,,,0,0,,10,0,7.4,0,0,0,,,,,,,0,0,,0,,0,0,0,0,0,0,,0,0,0,0,0,0,,0,0,0,
DMR Permits et al 2024,BROOMFIELD WWTF,Waste Water (Unsepecified),39.921389,-105.024444,2022,06/30/2022,,,,,ng/L,3.5,7.1,,0,0,2.4,15,3.8,0,0,0,12,0,,,0,0,,20,0,8.9,6.1,0,0,,,,,,,0,0,,0,,0,0,0,0,0,0,,0,0,0,0,0,0,,0,0,0,
DMR Permits et al 2024,BROOMFIELD WWTF,Waste Water (Unsepecified),39.921389,-105.024444,2022,07/31/2022,,,,,ng/L,2.6,5.6,,0,0,2.1,11,2.5,0,0,0,0,0,,,0,0,,15,0,8.1,5.1,0,0,,,,,,,0,0,,0,,0,0,0,0,0,0,,0,0,0,0,0,0,,0,0,0,
DMR Permits et al 2024,BROOMFIELD WWTF,Waste Water (Unsepecified),39.921389,-105.024444,2022,08/31/2022,,,,,ng/L,3.4,7.4,,0,0,3,11,3.2,0,0,0,0,0,,,0,0,,19,0,13,6.3,0,0,,,,,,,0,0,,0,,0,0,0,0,0,0,,0,0,0,0,0,0,,0,0,0,
DMR Permits et al 2024,BROOMFIELD WWTF,Waste Water (Unsepecified),39.921389,-105.024444,2022,09/30/2022,,,,,ng/L,4.9,11,,0,0,3.6,13,3.5,0,0,0,0,0,,,0,0,,15,0,11,6.5,0,0,,,,,,,0,0,,0,,0,0,0,0,0,0,,0,0,0,0,0,0,,0,0,0,
DMR Permits et al 2024,BROOMFIELD WWTF,Waste Water (Unsepecified),39.921389,-105.024444,2022,10/31/2022,,,,,ng/L,4.1,7,,0,0,2.3,11,2.6,0,0,0,0,0,,,0,0,,15,0,11,5.8,0,0,,,,,,,0,0,,0,,0,0,0,0,0,0,,0,0,0,0,0,0,,0,0,0,
DMR Permits et al 2024,BROOMFIELD WWTF,Waste Water (Unsepecified),39.921389,-105.024444,2023,01/31/2023,,,,,ng/L,3.5,7.2,,0,0,2.4,7.5,2.1,0,0,0,0,0,,,0,0,,8.6,0,4.7,0,0,0,,,,,,,0.85,0,,0,,0,0,0,0,0,0,,0,0,0,0,0,0,,0,0,0,
DMR Permits et al 2024,BROOMFIELD WWTF,Waste Water (Unsepecified),39.921389,-105.024444,2023,02/28/2023,,,,,ng/L,13,24,,3.5,3.1,8.4,27,4.2,0,0,0,0,0,,,0,0,,8.4,0,6.3,0,0,0,,,,,,,0,0,,0,,0,0,0,0,0,0,,0,0,0,0,0,0,,0,0,0,
DMR Permits et al 2024,BROOMFIELD WWTF,Waste Water (Unsepecified),39.921389,-105.024444,2023,03/31/2023,,,,,ng/L,150,170,,65,83,41,56,8.9,1.9,0,0,55,7.3,,,0,0,,7.3,0,6.4,7.7,0,0,,,,,,,0,5.7,,0,,0,0,14,0,0,0,,0,0,0,4.2,0,0,,0,0,0,
DMR Permits et al 2024,BROOMFIELD WWTF,Waste Water (Unsepecified),39.921389,-105.024444,2023,04/30/2023,,,,,ng/L,2.2,10,,0,0,2.6,8.2,2.7,0,0,0,0,0,,,0,0,,7.6,0,5.1,0,0,0,,,,,,,0,0,,0,,0,0,0,0,0,0,,0,0,0,0,0,0,,0,0,0,
DMR Permits et al 2024,BROOMFIELD WWTF,Waste Water (Unsepecified),39.921389,-105.024444,2023,05/31/2023,,,,,ng/L,2.3,8.9,,0,2.2,2.8,10,3.5,0,0,0,0,0,,,0,0,,11,0,6.7,0,0,0,,,,,,,0,0,,0,,0,0,0,0,0,0,,0,0,0,0,0,0,,0,0,0,
DMR Permits et al 2024,BROOMFIELD WWTF,Waste Water (Unsepecified),39.921389,-105.024444,2023,06/30/2023,,,,,ng/L,4.3,9.2,,0,0,4.6,16,6.2,0,0,0,0,0,,,0,0,,18,0,9.1,8.7,0,0,,,,,,,0,0,,0,,0,0,0,0,0,0,,0,0,0,0,0,0,,0,0,0,
DMR Permits et al 2024,BROOMFIELD WWTF,Waste Water (Unsepecified),39.921389,-105.024444,2023,07/31/2023,,,,,ng/L,6.7,12,,0,0,4.6,18,4.1,0,0,0,0,0,,,0,0,,20,0,9.6,11,0,0,,,,,,,0,0,,0,,0,0,0,0,0,0,,0,0,0,0,0,0,,0,0,0,
DMR Permits et al 2024,BROOMFIELD WWTF,Waste Water (Unsepecified),39.921389,-105.024444,2023,08/31/2023,,,,,ng/L,2.6,5.7,,0,0,3.1,15,2.6,0,0,0,0,0,,,0,0,,17,0,7.5,8.8,0,0,,,,,,,0,0,,0,,0,0,0,0,0,0,,0,0,0,0,0,0,,0,0,0,
DMR Permits et al 2024,BROOMFIELD WWTF,Waste Water (Unsepecified),39.921389,-105.024444,2023,09/30/2023,,,,,ng/L,3.1,6.6,,0,0,2.5,13,2.7,0,0,0,0,0,,,0,0,,20,0,5.1,0,0,0,,,,,,,0,0,,0,,0,0,0,0,0,0,,1,0,0,0,0,0,,0,0,0,
DMR Permits et al 2024,BROOMFIELD WWTF,Waste Water (Unsepecified),39.921389,-105.024444,2023,10/31/2023,,,,,ng/L,3.2,8,,0,0,2.6,12,3,0,0,0,0,0,,,0,0,,16,0,4.6,0,0,0,,,,,,,0,0,,0,,0,0,0,0,0,0,,0,0,0,0,0,0,,0,2,0,
DMR Permits et al 2024,BROOMFIELD WWTF,Waste Water (Unsepecified),39.921389,-105.024444,2023,11/30/2023,,,,,ng/L,3.1,9.4,,0,0,2.6,10,1.05,0,0,0,0,0,,,0,0,,15,0,4.4,0,0,0,,,,,,,0,0,,0,,0,0,0,0,0,0,,0,0,0,0,0,0,,0,0,0,
DMR Permits et al 2024,BROOMFIELD WWTF,Waste Water (Unsepecified),39.808611,-104.955,2023,12/31/2023,,,,,ng/L,5,7.1,,0,0,2.6,10,2,0,0,0,0,0,,,0,0,,11,0,5.6,0,0,0,,,,,,,0,0,,0,,0,0,0,0,0,0,,0,0,0,0,0,0,,0,0,0,
DMR Permits et al 2024,ROBERT W HITE TREATMENT FACILITY,Waste Water (Unsepecified),39.808611,-104.955,2022,01/31/2022,,,,,ng/L,2,4.7,,0,0,1,9.1,1,0,0,0,1.2,0,,,0,0,,6.6,0,5.9,0.7,0,0,,,,,,,0,0,,0,,0,0,0,0,0,0,,0,0,0,0,0,0,,0,0,0,
DMR Permits et al 2024,ROBERT W HITE TREATMENT FACILITY,Waste Water (Unsepecified),39.808611,-104.955,2022,02/28/2022,,,,,ng/L,0,7.8,,0,0.25,3.5,14.2,2.1,0,0,0,2.4,0,,,0,0,,8.95,0,4.65,4.1,0,0,,,,,,,0,0,,0,,0,0,0,0,0,0,,0,0,0,0,0,0,,0,0,0,
DMR Permits et al 2024,ROBERT W HITE TREATMENT FACILITY,Waste Water (Unsepecified),39.808611,-104.955,2022,03/31/2022,,,,,ng/L,2.7,6.5,,0,0,3.9,12.5,1.7,0,0,0,3.5,0,,,0,0,,8,0,3.8,8,0,0,,,,,,,0,0,,0,,0,0,0,0,0,0,,0,0,0,0,0,0,,0,0,0,
DMR Permits et al 2024,ROBERT W HITE TREATMENT FACILITY,Waste Water (Unsepecified),39.808611,-104.955,2022,04/30/2022,,,,,ng/L,2.9,8,,0,0,3.6,13.1,2.9,0,0,0,0,0,,,0,0,,8.9,0,7.2,3.6,0,0,,,,,,,0,0,,0,,0,0,0,0,0,0,,0,0,0,0,0,0,,0,0,0,
DMR Permits et al 2024,ROBERT W HITE TREATMENT FACILITY,Waste Water (Unsepecified),39.808611,-104.955,2022,05/31/2022,,,,,ng/L,2.5,6.6,,0,0,4.1,11.8,2,0,0,0,0,0,,,0,0,,8.6,0,8.1,3.3,0,0,,,,,,,0,0,,0,,0,0,0,0,0,0,,0,0,0.95,0,0,0,,0,0,0,
DMR Permits et al 2024,ROBERT W HITE TREATMENT FACILITY,Waste Water (Unsepecified),39.808611,-104.955,2022,06/30/2022,,,,,ng/L,4.8,9.2,,0.8,0.2,4.6,14.7,3,0,0,0,3.4,0,,,0,0,,11.8,0,8.8,3.7,0,0,,,,,,,0,0,,0,,0,0,0,0,0,0,,0,0,0,0,0,0,,0,0,0,
DMR Permits et al 2024,ROBERT W HITE TREATMENT FACILITY,Waste Water (Unsepecified),39.808611,-104.955,2022,07/31/2022,,,,,ng/L,5.5,7.1,,0,0,4.3,10.7,2.5,0,0,0,0,0,,,0,0,,12.9,0,5.3,5.9,0,0,,,,,,,0,0,,0,,0,0,0,0,0,0,,0,0,0,0,0,0,,0,0,0,
DMR Permits et al 2024,ROBERT W HITE TREATMENT FACILITY,Waste Water (Unsepecified),39.808611,-104.955,2022,08/31/2022,,,,,ng/L,5.2,11.6,,0.4,1.5,4,16.6,4.5,0,0,0,11.5,0,,,0,0,,19.3,0,11.5,10.3,0,0,,,,,,,0,0,,0,,0,0,0,0,0,0,,0,0,0,0,0,0,,0,0,0,
DMR Permits et al 2024,ROBERT W HITE TREATMENT FACILITY,Waste Water (Unsepecified),39.808611,-104.955,2022,09/30/2022,,,,,ng/L,4.3,7.9,,0,0,3.8,12,2.5,0,0,0,0,0,,,0,0,,15.3,0,8.7,14.2,0,0,,,,,,,0,0,,0,,0,0,0,0,0,0,,0,0,0,0,0,0,,0,0,0,
DMR Permits et al 2024,ROBERT W HITE TREATMENT FACILITY,Waste Water (Unsepecified),39.808611,-104.955,2022,10/31/2022,,,,,ng/L,4.8,6.65,,0,0,4,12.3,2.2,0,0,0,0,0,,,0,0,,13.1,0,9.3,7.65,0,0,,,,,,,0,0,,0,,0,0,0,0,0,0,,0,0,0,0,0,0,,0,0,0,
DMR Permits et al 2024,ROBERT W HITE TREATMENT FACILITY,Waste Water (Unsepecified),39.808611,-104.955,2022,11/30/2022,,,,,ng/L,3.7,5.7,,0,0,3.8,11.1,2,0,0,0,1.9,0,,,0,0,,9.3,0,6.2,8.9,0,0,,,,,,,0,0,,0,,0,0,0,0,0,0,,0,0,0,0,0,0,,0,0,0,
DMR Permits et al 2024,ROBERT W HITE TREATMENT FACILITY,Waste Water (Unsepecified),39.808611,-104.955,2022,12/31/2022,,,,,ng/L,4.05,5.45,,0,0,3.95,10.3,1.85,0,0,0,0.6,0,,,0,0,,8.2,0,8.1,3.2,0,0,,,,,,,0,0,,0,,0,0,0,0,0,0,,0,0,0,0,0,0,,0,0,0,
DMR Permits et al 2024,ROBERT W HITE TREATMENT FACILITY,Waste Water (Unsepecified),39.808611,-104.955,2023,01/31/2023,,,,,ng/L,3.6,5.85,,0,0,3.8,11.6,2.2,0,0,0,1.2,0,,,0,0,,7,0,7.2,0,0,0,,,,,,,0,0,,0,,0,0,5,0,0,0,,0,0,0,0,0,0,,0,0,0,
DMR Permits et al 2024,ROBERT W HITE TREATMENT FACILITY,Waste Water (Unsepecified),39.808611,-104.955,2023,02/28/2023,,,,,ng/L,2.8,6.1,,0,0,3.9,11.9,2.4,0,0,0,2.3,0,,,0,0,,8.4,0,6.5,0,0,0,,,,,,,0,0,,0,,0,0,0,0,0,0,,0,0,0,0,0,0,,0,0,0,
DMR Permits et al 2024,ROBERT W HITE TREATMENT FACILITY,Waste Water (Unsepecified),39.808611,-104.955,2023,03/31/2023,,,,,ng/L,0,0,,0,0,0,0,0,0,0,0,0,0,,,0,0,,0,0,0,0,0,0,,,,,,,0,0,,0,,0,0,0,0,0,0,,0,0,0,0,0,0,,0,0,0,
DMR Permits et al 2024,ROBERT W HITE TREATMENT FACILITY,Waste Water (Unsepecified),39.808611,-104.955,2023,04/30/2023,,,,,ng/L,3.3,0,,0,0,0,0,0,0,0,0,0,0,,,0,0,,0,0,0,0,0,0,,,,,,,0,0,,0,,0,0,0,0,0,0,,0,0,0,0,0,0,,0,0,0,
DMR Permits et al 2024,ROBERT W HITE TREATMENT FACILITY,Waste Water (Unsepecified),39.808611,-104.955,2023,05/31/2023,,,,,ng/L,0,0,,0,0,0,0,0,0,0,0,0,0,,,0,0,,0,0,0,0,0,0,,,,,,,0,0,,0,,0,0,0,0,0,0,,0,0,0,0,0,0,,0,0,0,
DMR Permits et al 2024,ROBERT W HITE TREATMENT FACILITY,Waste Water (Unsepecified),39.808611,-104.955,2023,06/30/2023,,,,,ng/L,8.4,13.1,,0,0.6,9.1,20.6,6.4,0,0,0,3.6,0,,,0,0,,18,0,14,10.8,0,0,,,,,,,0,0,,0,,0,0,0,0,0,0,,0,0,0,0,0,0,,0,0,0,
DMR Permits et al 2024,ROBERT W HITE TREATMENT FACILITY,Waste Water (Unsepecified),39.808611,-104.955,2023,07/31/2023,,,,,ng/L,7.55,10.25,,0.155,0.66,7.5,17.8,4.25,0,0,0,3.95,0,,,0,0,,16.85,0,15.45,7.5,0,0,,,,,,,0,0,,0,,0,0,0,0,0,0,,0,0,0,0,0,0,,0,0,0,
DMR Permits et al 2024,ROBERT W HITE TREATMENT FACILITY,Waste Water (Unsepecified),39.808611,-104.955,2023,04/30/2023,,,,,ng/L,0,7.2,,0,0,4.2,15.1,3,0,0,0,0,0,,,0,0,,0,0,0,0,0,0,,,,,,,0,0,,0,,0,0,0,0,0,0,,0,0,0,0,0,0,,0,0,0,
DMR Permits et al 2024,ROBERT W HITE TREATMENT FACILITY,Waste Water (Unsepecified),39.808611,-104.955,2023,03/31/2023,,,,,ng/L,2.5,0,,0,0,0,0,0,0,0,0,0,0,,,0,0,,8.2,0,7.4,5.6,0,0,,,,,,,0,0,,0,,0,0,0,0,0,0,,0,0,0,0,0,0,,0,0,0,
DMR Permits et al 2024,ROBERT W HITE TREATMENT FACILITY,Waste Water (Unsepecified),39.808611,-104.955,2023,08/31/2023,,,,,ng/L,5.83,9.94,,0,0.58,5.84,15.78,4.04,0,0,0,3.03,0,,,0,0,,14.92,0,5.35,3.85,0,0,,,,,,,0,0,,0,,0,0,0,0,0,0,,0,0,0,0,0,0,,0,0,0,
DMR Permits et al 2024,ROBERT W HITE TREATMENT FACILITY,Waste Water (Unsepecified),39.808611,-104.955,2023,09/30/2023,,,,,ng/L,4.9,7.8,,0,0.1,4.9,13.9,3,0,0,0,0,0,,,0,0,,16.6,0,0,4.5,0,0,,,,,,,0,0,,0,,0,0,0,0,0,0,,0,0,0,0,0,0,,0,0,0,
DMR Permits et al 2024,ROBERT W HITE TREATMENT FACILITY,Waste Water (Unsepecified),39.808611,-104.955,2023,10/31/2023,,,,,ng/L,3.1,3.9,,0,0,3.2,8.8,1.8,0,0,0,0,0,,,0,0,,11.2,0,1.8,4.5,0,0,,,,,,,0,0,,0,,0,0,0,0,0,0,,0,0,0,0,0,0,,0,0,0,
DMR Permits et al 2024,ROBERT W HITE TREATMENT FACILITY,Waste Water (Unsepecified),39.808611,-104.955,2023,11/30/2023,,,,,ng/L,3.2,6.1,,0,0,3.8,12.35,2.6,0,0,0,5.9,0,,,0,0,,13.3,0,9.15,2.9,0,0,,,,,,,0,0,,0,,0,0,0,0,0,0,,0,0,0,0,0,0,,0,0,0,
DMR Permits et al 2024,ROBERT W HITE TREATMENT FACILITY,Waste Water (Unsepecified),40.129167,-105.1,2023,12/31/2023,,,,,ng/L,2.9,5.135,,0,0,3.8,10.6,1.55,0,0,0,0,0,,,0,0,,9.25,0,6.85,1.3,0,0,,,,,,,0,0,,0,,0,0,0,0,0,0,,0,0,0,0,0,0,,0,0,0,
DMR Permits et al 2024,LONGMONT WWTF,Waste Water (Unsepecified),40.129167,-105.1,2022,08/31/2022,,,,,ng/L,2.62,10.2,,0,0,1.38,13.3,1.92,0,0,0,0,0,,,0,0,,36.8,0,4.3,4.91,0,0,,,,,,,0,0,,0,,0,0,0,0,0,0,,0,0,0,0,0,0,,0,0,0,
DMR Permits et al 2024,LONGMONT WWTF,Waste Water (Unsepecified),40.129167,-105.1,2022,09/30/2022,,,,,ng/L,2.78,10.1,,1.15,0,1.3,16.8,1.97,0,0,0,0,0,,,0,0,,39.4,0,7.03,5.02,0,0,,,,,,,0,0,,0,,0,0,0,0,0,0,,0,0,0,0,0,0,,0,0,0,
DMR Permits et al 2024,LONGMONT WWTF,Waste Water (Unsepecified),40.129167,-105.1,2022,10/31/2022,,,,,ng/L,2.445,0,,0,0,0,27.025,0,0,0,0,0,0,,,0,0,,28.575,0,0,4.68,0,0,,,,,,,0,0,,0,,0,0,0,0,0,0,,0,0,0,0,0,0,,0,0,0,
DMR Permits et al 2024,LONGMONT WWTF,Waste Water (Unsepecified),40.129167,-105.1,2022,12/31/2022,,,,,ng/L,2.3,11,,2.4,0,1.9,29,1.5,0,0,0,0,0,,,0,0,,29,0,2.9,0,0,0,,,,,,,0,0,,0,,0,0,0,0,0,0,,0,0,0,0,0,0,,0,0,0,
DMR Permits et al 2024,LONGMONT WWTF,Waste Water (Unsepecified),40.129167,-105.1,2023,01/31/2023,,,,,ng/L,0,7.4,,0,0,0,16,1.4,0,0,0,0,0,,,0,0,,19,0,2.6,0,0,0,,,,,,,0,0,,0,,0,0,0,0,0,0,,0,0,0,0,0,0,,0,0,0,
DMR Permits et al 2024,LONGMONT WWTF,Waste Water (Unsepecified),40.129167,-105.1,2022,11/30/2022,,,,,ng/L,2.75,11.3,,1.2,0,1.6,26,1.82,0,0,0,0,0,,,0,0,,27.3,0,6.28,4.4,0,0,,,,,,,0,0,,0,,0,0,0,0,0,0,,0,0,0,0,0,0,,0,0,0,
DMR Permits et al 2024,LONGMONT WWTF,Waste Water (Unsepecified),40.129167,-105.1,2023,02/28/2023,,,,,ng/L,1.7,8.2,,0,0,0,27,1.6,0,0,0,0,0,,,0,0,,13,0,4.7,7.4,0,0,,,,,,,0,0,,0,,0,0,0,0,0,0,,0,0,0,0,0,0,,0,0,0,
DMR Permits et al 2024,LONGMONT WWTF,Waste Water (Unsepecified),40.129167,-105.1,2023,03/31/2023,,,,,ng/L,2.7,13,,0,0,1.7,44,3,0,0,0,0,0,,,0,0,,20,0,5.1,7.4,0,0,,,,,,,0,0,,0,,0,0,0,0,0,0,,0,0,0,0,0,0,,0,0,0,
DMR Permits et al 2024,LONGMONT WWTF,Waste Water (Unsepecified),40.129167,-105.1,2023,04/30/2023,,,,,ng/L,0,0,,0,0,0,0,0,0,0,0,0,0,,,0,0,,0,0,0,0,0,0,,,,,,,0,0,,0,,0,0,0,0,0,0,,0,0,0,0,0,0,,0,0,0,
DMR Permits et al 2024,LONGMONT WWTF,Waste Water (Unsepecified),40.129167,-105.1,2023,04/30/2023,,,,,ng/L,0,10.1,,0,0,0,25.5,0.9,0,0,0,0,0,,,0,0,,17,0,3.55,0,0,0,,,,,,,0,0,,0,,0,0,0,0,0,0,,0,0,0,0,0,0,,0,0,0,
DMR Permits et al 2024,LONGMONT WWTF,Waste Water (Unsepecified),40.129167,-105.1,2023,05/31/2023,,,,,ng/L,1.8,19,,1.3,0,1.4,17,1.5,0,0,0,0,0,,,0,0,,15,0,3.2,6.4,0,0,,,,,,,0,0,,0,,0,0,0,0,0,0,,0,0,0,0,0,0,,0,0,0,
DMR Permits et al 2024,LONGMONT WWTF,Waste Water (Unsepecified),40.129167,-105.1,2023,06/30/2023,,,,,ng/L,4.3,12,,0,0,3.6,29,3.5,0,0,0,0,0,,,0,0,,24,0,9.9,9.1,0,0,,,,,,,0,0,,0,,0,0,0,0,0,0,,0,0,0,0,0,0,,0,0,0,
DMR Permits et al 2024,LONGMONT WWTF,Waste Water (Unsepecified),40.129167,-105.1,2023,04/30/2023,,,,,ng/L,0,0,,0,0,1,0,0,0,0,0,0,0,,,0,0,,0,0,0,0,0,0,,,,,,,0,0,,0,,0,0,0,0,0,0,,0,0,0,0,0,0,,0,0,0,
DMR Permits et al 2024,LONGMONT WWTF,Waste Water (Unsepecified),40.129167,-105.1,2023,07/31/2023,,,,,ng/L,3.9,10,,0,0,2,21,2.7,0,0,0,0,0,,,0,0,,25,0,7.8,7.8,0,0,,,,,,,0,0,,0,,0,0,0,0,0,0,,0,0,0,0,0,0,,0,0,0,
DMR Permits et al 2024,LONGMONT WWTF,Waste Water (Unsepecified),40.129167,-105.1,2023,08/31/2023,,,,,ng/L,4.3,9.7,,0,0,1.8,14,3.4,0,0,0,0,0,,,0,0,,41,0,5.1,0,0,0,,,,,,,0,0,,0,,0,0,0,0,0,0,,0,0,0,0,0,0,,0,0,0,
DMR Permits et al 2024,LONGMONT WWTF,Waste Water (Unsepecified),40.129167,-105.1,2023,09/30/2023,,,,,ng/L,2.6,12,,0,0,0,14,2.1,0,0,0,0,0,,,0,0,,39,0,6.3,0,0,0,,,,,,,0,0,,0,,0,0,0,0,0,0,,0,0,0,0,0,0,,0,0,0,
DMR Permits et al 2024,LONGMONT WWTF,Waste Water (Unsepecified),40.129167,-105.1,2023,10/31/2023,,,,,ng/L,3.1,9.8,,0,0,0,13,0,0,0,0,0,0,,,0,0,,35,0,4.1,0,0,0,,,,,,,0,0,,0,,0,0,0,0,0,0,,0,0,0,0,0,0,,0,0,0,
DMR Permits et al 2024,LONGMONT WWTF,Waste Water (Unsepecified),40.129167,-105.1,2023,11/30/2023,,,,,ng/L,0,4.9,,0,0,0,20,0,0,0,0,0,0,,,0,0,,19,0,4.2,0,0,0,,,,,,,0,0,,0,,0,0,0,0,0,0,,0,0,0,0,0,0,,0,0,0,
DMR Permits et al 2024,LONGMONT WWTF,Waste Water (Unsepecified),40.129167,-105.1,2023,10/31/2023,,,,,ng/L,0,0,,0,0,0,0,0,0,0,0,0,0,,,0,0,,0,0,0,0,0,0,,,,,,,0,0,,0,,0,0,0,0,0,0,,0,0,0,0,0,0,,0,0,0,
DMR Permits et al 2024,LONGMONT WWTF,Waste Water (Unsepecified),40.129167,-105.1,2023,12/31/2023,,,,,ng/L,2.3,5.3,,0,0,0,15,1.8,0,0,0,0,0,,,0,0,,14,0,4,0,0,0,,,,,,,0,0,,0,,0,0,0,0,0,0,,0,0,0,0,0,0,,0,0,0,
DMR Permits et al 2024,LONGMONT WWTF,Waste Water (Unsepecified),40.129167,-105.1,2024,01/31/2024,,,,,ng/L,1.8,7.1,,0,0,0,24,0,0,0,0,0,0,,,0,0,,15,0,3.9,5.3,0,0,,,,,,,0,0,,0,,0,0,0,0,0,0,,0,0,0,0,0,0,,0,0,0,
DMR Permits et al 2024,LONGMONT WWTF,Waste Water (Unsepecified),40.129167,-105.1,2024,02/29/2024,,,,,ng/L,0,7.6,,0,0,0,22,2,0,0,0,0,0,,,0,0,,16,0,4.5,7.4,0,0,,,,,,,0,0,,0,,0,0,0,0,0,0,,0,0,0,0,0,0,,0,0,0,
DMR Permits et al 2024,LONGMONT WWTF,Waste Water (Unsepecified),40.129167,-105.1,2024,03/31/2024,,,,,ng/L,0,4.4,,0,0,0,13,0,0,0,0,0,0,,,0,0,,13,0,2.3,3.7,0,0,,,,,,,0,0,,0,,0,0,0,0,0,0,,0,0,0,0,0,0,,0,0,0,
DMR Permits et al 2024,LONGMONT WWTF,Waste Water (Unsepecified),40.129167,-105.1,2024,04/30/2024,,,,,ng/L,2.1,5.4,,0,0,1.7,16,2,0,0,0,0,0,,,0,0,,13,0,6.3,5.8,0,0,,,,,,,0,0,,0,,0,0,0,0,0,0,,0,0,0,0,0,0,,0,0,0,
DMR Permits et al 2024,LONGMONT WWTF,Waste Water (Unsepecified),39.667778,-105,2024,05/31/2024,,,,,ng/L,0,5,,0,0,0,12,0,0,0,0,0,0,,,0,0,,11,0,4.2,4.8,0,0,,,,,,,0,0,,0,,0,0,0,0,0,0,,0,0,0,0,0,0,,0,0,0,
DMR Permits et al 2024,SOUTH PLATTE RENEW WWTF,Waste Water (Unsepecified),39.667778,-105,2022,01/31/2022,,,,,ng/L,2.6,5.8,,0,0,2.6,21,2,0,0,0,0,0,,,0,0,,7.4,0,4.1,5.3,0,0,,,,,,,0,0,,0,,0,0,0,0,0,0,,0,0,0,0,0,0,,0,0,0,
DMR Permits et al 2024,SOUTH PLATTE RENEW WWTF,Waste Water (Unsepecified),39.667778,-105,2022,02/28/2022,,,,,ng/L,2,5.4,,0,0,0,28,0,0,0,0,0,0,,,0,0,,8,0,3.9,0,0,0,,,,,,,0,0,,0,,0,0,0,0,0,0,,0,0,0,0,0,0,,0,0,0,
DMR Permits et al 2024,SOUTH PLATTE RENEW WWTF,Waste Water (Unsepecified),39.667778,-105,2022,03/31/2022,,,,,ng/L,2.8,6.8,,0,0,3,23,2,0,0,0,0,0,,,0,0,,7.5,0,3.2,5.9,0,0,,,,,,,0,0,,0,,0,0,0,0,0,0,,0,0,0,0,0,0,,0,0,0,
DMR Permits et al 2024,SOUTH PLATTE RENEW WWTF,Waste Water (Unsepecified),39.667778,-105,2022,04/30/2022,,,,,ng/L,2.6,8.5,,0,0,2.1,25,2.1,0,4,0,0,0,,,0,0,,8.7,0,4,5.5,0,0,,,,,,,0,0,,0,,0,0,0,0,0,0,,0,0,0,0,0,0,,0,0,0,
DMR Permits et al 2024,SOUTH PLATTE RENEW WWTF,Waste Water (Unsepecified),39.667778,-105,2022,05/31/2022,,,,,ng/L,4.1,6.9,,0,0,3.7,20,2.5,0,0,0,0,0,,,0,0,,8.6,0,4.8,5.2,0,0,,,,,,,0,0,,0,,0,0,0,0,0,0,,0,0,0,0,0,0,,0,0,0,
DMR Permits et al 2024,SOUTH PLATTE RENEW WWTF,Waste Water (Unsepecified),39.667778,-105,2022,06/30/2022,,,,,ng/L,5,9.1,,0,0,4.2,23,3,0,0,0,0,0,,,0,0,,11,0,5.9,5.9,0,0,,,,,,,0,0,,0,,0,0,0,0,0,0,,0,0,0,0,0,0,,0,0,0,
DMR Permits et al 2024,SOUTH PLATTE RENEW WWTF,Waste Water (Unsepecified),39.667778,-105,2022,07/31/2022,,,,,ng/L,4.6,8.1,,0,0,2.9,15,2.6,0,0,0,0,0,,,0,0,,8.5,0,7.8,0,0,0,,,,,,,0,0,,0,,0,0,0,0,0,0,,0,0,0,0,0,0,,0,0,0,
DMR Permits et al 2024,SOUTH PLATTE RENEW WWTF,Waste Water (Unsepecified),39.667778,-105,2022,08/31/2022,,,,,ng/L,4.9,9.1,,0,0,4,14,2.8,0,0,0,0,0,,,0,0,,12,0,6.3,5.7,0,0,,,,,,,0,0,,0,,0,0,0,0,0,0,,0,0,0,0,0,0,,0,0,0,
DMR Permits et al 2024,SOUTH PLATTE RENEW WWTF,Waste Water (Unsepecified),39.667778,-105,2022,09/30/2022,,,,,ng/L,4.5,8.2,,0,0,3.2,14,2.7,0,0,0,0,0,,,0,0,,11,0,9.2,5.9,0,0,,,,,,,0,0,,0,,0,0,0,0,0,0,,0,0,0,0,0,0,,0,0,0,
DMR Permits et al 2024,SOUTH PLATTE RENEW WWTF,Waste Water (Unsepecified),39.667778,-105,2022,10/31/2022,,,,,ng/L,3.7,9.3,,0,0,2.8,20,2.7,0,0,0,0,0,,,0,0,,13,0,6.5,5.7,0,0,,,,,,,0,0,,0,,0,0,0,0,0,0,,0,0,0,0,0,0,,0,0,0,
DMR Permits et al 2024,SOUTH PLATTE RENEW WWTF,Waste Water (Unsepecified),39.667778,-105,2022,12/31/2022,,,,,ng/L,0,0,,0,0,0,0,1.8,0,0,0,0,0,,,0,0,,0,0,0,0,0,0,,,,,,,0,0,,0,,0,0,0,0,0,0,,0,0,0,0,0,0,,0,0,0,
DMR Permits et al 2024,SOUTH PLATTE RENEW WWTF,Waste Water (Unsepecified),39.667778,-105,2022,11/30/2022,,,,,ng/L,1.8,5.5,,0,0,2.9,19,2.2,0,0,0,0,0,,,0,0,,11,0,3.5,6.4,0,0,,,,,,,0,0,,0,,0,0,0,0,0,0,,0,0,0,0,0,0,,0,0,0,
DMR Permits et al 2024,SOUTH PLATTE RENEW WWTF,Waste Water (Unsepecified),39.667778,-105,2022,12/31/2022,,,,,ng/L,0,0,,0,0,0,0,0,0,0,0,0,0,,,0,0,,0,0,0,0,0,0,,,,,,,0,0,,0,,0,0,0,0,0,0,,0,0,0,0,0,0,,0,0,0,
DMR Permits et al 2024,SOUTH PLATTE RENEW WWTF,Waste Water (Unsepecified),39.667778,-105,2023,01/31/2023,,,,,ng/L,1.8,4.6,,0,0,2.1,14.5,1.7,0,0,0,0,0,,,0,0,,6.7,0,3.8,0,0,0,,,,,,,0,0,,0,,0,0,0,0,0,0,,0,0,0,0,0,0,,0,0,0,
DMR Permits et al 2024,SOUTH PLATTE RENEW WWTF,Waste Water (Unsepecified),39.667778,-105,2022,12/31/2022,,,,,ng/L,2.5,5,,0,0,3,13.5,0,0,0,0,0,0,,,0,0,,7.6,0,3.3,0,0,0,,,,,,,0,0,,0,,0,0,0,0,0,0,,0,0,0,0,0,0,,0,0,0,
DMR Permits et al 2024,SOUTH PLATTE RENEW WWTF,Waste Water (Unsepecified),39.667778,-105,2023,02/28/2023,,,,,ng/L,1.65,5.6,,0,0,2.55,20.75,1.35,0,0,0,0,0,,,0,0,,7.6,0,4,0,0,0,,,,,,,0,0,,0,,0,0,0,0,0,0,,0,0,0,0,0,0,,0,0,0,
DMR Permits et al 2024,SOUTH PLATTE RENEW WWTF,Waste Water (Unsepecified),39.667778,-105,2023,03/31/2023,,,,,ng/L,1.9,6.3,,0,0,2.8,0,0,0,0,0,0,0,,,0,0,,0,0,0,0,0,0,,,,,,,0,0,,0,,0,0,0,0,0,0,,0,0,0,0,0,0,,0,0,0,
DMR Permits et al 2024,SOUTH PLATTE RENEW WWTF,Waste Water (Unsepecified),39.667778,-105,2023,04/30/2023,,,,,ng/L,3.2,8.25,,0,0,3.15,13.75,1.6,0,0,0,0,0,,,0,0,,7.55,0,4.25,4.15,0,0,,,,,,,0,0,,0,,0,0,0,0,0,0,,0,0,0,0,0,0,,0,0,0,
DMR Permits et al 2024,SOUTH PLATTE RENEW WWTF,Waste Water (Unsepecified),39.667778,-105,2023,05/31/2023,,,,,ng/L,2.4,6,,0,0,2.9,16.5,2.3,0,0,0,0,0,,,0,0,,10.7,0,5.65,0,0,0,,,,,,,0,0,,0,,0,0,0,0,0,0,,0,0,0,0,0,0,,0,0,0,
DMR Permits et al 2024,SOUTH PLATTE RENEW WWTF,Waste Water (Unsepecified),39.667778,-105,2023,06/30/2023,,,,,ng/L,4.55,10.4,,0,1.5,6.25,21.75,4.55,0,0,0,0,0,,,0,0,,16,0,10.95,9.7,0,0,,,,,,,0,0,,0,,0,0,0,0,0,0,,0,0,0,0,0,0,,0,0,0,
DMR Permits et al 2024,SOUTH PLATTE RENEW WWTF,Waste Water (Unsepecified),39.667778,-105,2023,07/31/2023,,,,,ng/L,7.45,13.75,,0,0,8.7,22,5.75,0,0,0,0,0,,,0,0,,18.5,0,13.5,10,0,0,,,,,,,0,0,,0,,0,0,0,0,0,0,,0,0,0,0,0,0,,0,0,0,
DMR Permits et al 2024,SOUTH PLATTE RENEW WWTF,Waste Water (Unsepecified),39.667778,-105,2023,08/31/2023,,,,,ng/L,4.35,9,,0,0,4.7,17.25,3.8,0,0,0,0,0,,,0,0,,14.25,0,7.7,7.7,0,0,,,,,,,0,0,,0,,0,0,0,0,0,0,,0,0,0,0,0,0,,0,0,0,
DMR Permits et al 2024,SOUTH PLATTE RENEW WWTF,Waste Water (Unsepecified),39.667778,-105,2023,09/30/2023,,,,,ng/L,3.5,7.85,,0,0,3.6,12.05,2.9,0,0,0,0,0,,,0,0,,12.5,0,6.7,5.85,0,0,,,,,,,0,0,,0,,0,0,0,0,0,0,,0,0,0,0,0,0,,0,0,0,
DMR Permits et al 2024,SOUTH PLATTE RENEW WWTF,Waste Water (Unsepecified),39.667778,-105,2023,10/31/2023,,,,,ng/L,2.85,6.55,,0,0,3.15,9.75,2.6,0,0,0,0,0,,,0,0,,9.75,0,6.25,5.4,0,0,,,,,,,0,0,,0,,0,0,0,0,0,0,,0,0,0,0,0,0,,0,0,0,
DMR Permits et al 2024,SOUTH PLATTE RENEW WWTF,Waste Water (Unsepecified),39.667778,-105,2023,11/30/2023,,,,,ng/L,3.6,7,,0,0,4.5,15.75,3.45,0,0,0,0,0,,,0,0,,13.75,0,7.75,6.75,0,0,,,,,,,0,0,,0,,0,0,0,0,0,0,,0,0,0,0,0,0,,0,0,0,
DMR Permits et al 2024,SOUTH PLATTE RENEW WWTF,Waste Water (Unsepecified),38.753333,-104.765556,2023,12/31/2023,,,,,ng/L,3.7,6.2,,0,0,3.3,9.35,1.9,0,0,0,0,0,,,0,0,,7.75,0,6.3,0,0,0,,,,,,,0,0,,0,,0,0,0,0,0,0,,0,0,0,0,0,0,,0,0,0,
DMR Permits et al 2024,UNITED STATES ARMY FORT CARSON LANDFILL 5,Waste Water (Unsepecified),38.753333,-104.765556,2023,06/30/2023,,,,,ng/L,5.5,2.6,,0,5.5,39.5,0,0.415,0,0,0,0,0,,,0,0,,0.85,8.5,11.5,9,0,0,,,,,,,0,0,,0,,0,0,0,0,0,0,,0,0,0,0,0,0,,0,0,0,
DMR Permits et al 2024,UNITED STATES ARMY FORT CARSON LANDFILL 5,Waste Water (Unsepecified),38.753333,-104.765556,2023,09/30/2023,,,,,ng/L,8.5,3.85,,0,6.5,43,0,0,0,0,0,0,0,,,0,0,,0,7,11,0,0,0,,,,,,,0,0,,0,,0,0,0,0,0,0,,0,0,0,0,0,0,,0,0,0,
DMR Permits et al 2024,UNITED STATES ARMY FORT CARSON LANDFILL 5,Waste Water (Unsepecified),38.753333,-104.765556,2023,12/31/2023,,,,,ng/L,0,2.75,,0,3.8,32.5,0,0.55,0.46,0,0,0,0,,,0,0,,0.75,7,9.5,9,0,0,,,,,,,0,0,,0,,0,0,0,0,0,0,,0,0,0,0,0,0,,0,0,0,
DMR Permits et al 2024,UNITED STATES ARMY FORT CARSON LANDFILL 5,Waste Water (Unsepecified),39.78219,-104.975869,2024,03/31/2024,,,,,ng/L,5.5,3.45,,0,4.75,31.5,0,0,0,0,0,0,0,,,0,0,,1.05,7,8.5,9,0,0,,,,,,,0,0,,0,,0,0,0,0,0,0,,0,0,0,0,0,0,,0,0,0,
DMR Permits et al 2024,MCDONALD FARMS ENTERPRISES INC (MFEI) WWTF,Waste Water (Unsepecified),39.78219,-104.975869,2022,08/31/2022,,,,,ng/L,0.9,0.9,,0.9,0.9,0.9,0.9,0.9,0.9,3.6,3.6,3.6,3.6,,,0,0,,1.8,0.9,0.9,3.6,1.8,0,,,,,,,0.9,0.9,,8.9,,0.9,8.9,8.9,0.9,0.9,0.9,,0.9,0.9,0.9,0.9,3.6,3.6,,3.6,1.8,1.8,
DMR Permits et al 2024,MCDONALD FARMS ENTERPRISES INC (MFEI) WWTF,Waste Water (Unsepecified),39.78219,-104.975869,2022,09/30/2022,,,,,ng/L,0,0,,0,0,0,0,0,0,0,0,0,0,,,0,0,,0,0,0,0,0,0,,,,,,,0,0,,0,,0,0,0,0,0,0,,0,0,0,0,0,0,,0,0,0,
DMR Permits et al 2024,MCDONALD FARMS ENTERPRISES INC (MFEI) WWTF,Waste Water (Unsepecified),39.78219,-104.975869,2022,11/30/2022,,,,,ng/L,0,0,,0,0,0,0,0,0,0,0,0,0,,,0,0,,0,0,0,0,0,0,,,,,,,0,0,,0,,0,0,0,0,0,0,,0,0,0,0,0,0,,0,0,0,
DMR Permits et al 2024,MCDONALD FARMS ENTERPRISES INC (MFEI) WWTF,Waste Water (Unsepecified),39.78219,-104.975869,2023,10/31/2023,,,,,ng/L,3.7,10.7,,2.4,1.5,3,191,26.1,0.32,0,1.8,1270,0,,,0,0,,64.6,0.45,3.7,50.9,0.46,0,,,,,,,0,0,,0,,0,0,0,0,0,0,,0,0,0,0,0,0,,0,0,0,
DMR Permits et al 2024,MCDONALD FARMS ENTERPRISES INC (MFEI) WWTF,Waste Water (Unsepecified),39.78219,-104.975869,2023,11/30/2023,,,,,ng/L,3.3,3.4,,0.98,0.98,3.1,120,27,0.98,3.9,3.9,200,3.9,,,0,0,,29,0.98,3.5,30,2,0,,,,,,,0.98,0.98,,9.8,,0.98,9.8,0.98,0.98,0.98,0.98,,0.98,0.98,0.98,0.98,3.9,3.9,,3.9,2,2,
DMR Permits et al 2024,MCDONALD FARMS ENTERPRISES INC (MFEI) WWTF,Waste Water (Unsepecified),39.78219,-104.975869,2023,12/31/2023,,,,,ng/L,1.1,1.9,,1.1,1.1,1.1,39.8,8.1,1.1,4.3,4.3,349,4.3,,,0,0,,16.8,1.1,1.8,11.3,2.1,0,,,,,,,1.1,1.1,,10.7,,1.1,10.7,1.1,1.1,1.1,1.1,,1.1,1.1,1.1,1.1,4.3,4.3,,4.3,2.1,2.1,
DMR Permits et al 2024,MCDONALD FARMS ENTERPRISES INC (MFEI) WWTF,Waste Water (Unsepecified),39.78219,-104.975869,2024,01/31/2024,,,,,ng/L,0,0,,0,0,0,2,0,0,0,0,19.7,0,,,0,0,,0,0,0,0,0,0,,,,,,,0,0,,0,,0,0,0,0,0,0,,0,0,0,3,0,0,,0,0,0,
DMR Permits et al 2024,MCDONALD FARMS ENTERPRISES INC (MFEI) WWTF,Waste Water (Unsepecified),40.505555,-105.119444,2024,02/29/2024,,,,,ng/L,0,0,,0,0,0,1.8,0,0,0,0,12.2,0,,,0,0,,0,0,0,0,0,0,,,,,,,0,0,,0,,0,0,0,0,0,0,,0,0,0,0,0,0,,0,0,0,
DMR Permits et al 2024,LARIMER COUNTY LANDFILL,Waste Water (Unsepecified),40.505555,-105.119444,2023,03/31/2023,,,,,ng/L,7,4.1,,0.55,0,0.95,22,6,0,0,0,0,0,,,0,0,,33.15,2.15,15.5,75.9,0,0,,,,,,,0,1,,0,,0,0,0,0,0,0,,0,0,0,0,0,0,,0,0.225,0,
DMR Permits et al 2024,LARIMER COUNTY LANDFILL,Waste Water (Unsepecified),40.505555,-105.119444,2023,04/30/2023,,,,,ng/L,0,4.95,,0,0.485,1.2,22.5,13.37,0,0,0,0,0,,,0,0,,33.15,4.85,14,100.9,0,0,,,,,,,0,0,,0,,0,0,0,0,0,0,,0,0,0,0,0,0,,0,0,0,
DMR Permits et al 2024,LARIMER COUNTY LANDFILL,Waste Water (Unsepecified),40.505555,-105.119444,2023,05/31/2023,,,,,ng/L,0,6.52,,0,0,0.9,42.22,10.495,0,0,0,1.15,0,,,0,0,,42.65,2.3,18.2,86.15,0.305,0,,,,,,,0,0,,0,,0,0,0,0,0,0,,0,0,0.435,0,0,0.43,,0,0,0,
DMR Permits et al 2024,LARIMER COUNTY LANDFILL,Waste Water (Unsepecified),40.505555,-105.119444,2023,06/30/2023,,,,,ng/L,0,9.94,,0,0,2.5,44.78,11.305,0,0,0,0,0,,,0,0,,40,4.94,20.15,92.9,1.15,0,,,,,,,0,0,,0,,0,0,0,0,0,0,,0,0,0,0,0,0,,0,0,0,
DMR Permits et al 2024,LARIMER COUNTY LANDFILL,Waste Water (Unsepecified),40.505555,-105.119444,2023,07/31/2023,,,,,ng/L,0,11.495,,0,0,3.7,36.285,12.855,0,0.495,0,1.55,0,,,0,0,,42.35,4.745,16.8,82.5,0,0,,,,,,,0,0,,0,,0,0,1,0,0,0,,0,0,0,0,0,0,,0,0.12,0,
DMR Permits et al 2024,LARIMER COUNTY LANDFILL,Waste Water (Unsepecified),40.505555,-105.119444,2023,08/31/2023,,,,,ng/L,0.405,11.39,,0,0.425,3.2,38.165,10.69,0,0,0,1.1,0,,,0,0,,37.65,4.615,17.6,78.1,0,0,,,,,,,0,0,,0,,0,0,0,0,0,0,,0,0,0,0.345,0,0,,0,0,0,
DMR Permits et al 2024,LARIMER COUNTY LANDFILL,Waste Water (Unsepecified),40.505555,-105.119444,2023,09/30/2023,,,,,ng/L,0,12.1,,0,0,0,38.125,11.545,0,0,0,0,0,,,0,0,,43.95,5.05,0,70.8,0,0,,,,,,,0,0,,0,,0,0,0,0,0,0,,0,0,0,0,0,0,,0,0,0,
DMR Permits et al 2024,LARIMER COUNTY LANDFILL,Waste Water (Unsepecified),40.505555,-105.119444,2023,09/30/2023,,,,,ng/L,0,0,,0,0,3.6,0,0,0,0,0,0,0,,,0,0,,0,0,17.9,0,0,0,,,,,,,0,0,,0,,0,0,0,0,0,0,,0,0,0,0,0,0,,0,0,0,
DMR Permits et al 2024,LARIMER COUNTY LANDFILL,Waste Water (Unsepecified),40.505555,-105.119444,2023,10/31/2023,,,,,ng/L,0,12.165,,0,0,0,39.11,10.39,0,0,0,0,0,,,0,0,,38.9,5,0,71.6,0.32,0,,,,,,,0,0,,0,,0,0,0,0,0,0,,0,0,0,0,0,0,,0,0,0,
DMR Permits et al 2024,LARIMER COUNTY LANDFILL,Waste Water (Unsepecified),40.505555,-105.119444,2023,10/31/2023,,,,,ng/L,0,0,,0,0,3,0,0,0,0,0,0,0,,,0,0,,0,0,17.5,0,0,0,,,,,,,0,0,,0,,0,0,0,0,0,0,,0,0,0,0,0,0,,0,0,0,
DMR Permits et al 2024,LARIMER COUNTY LANDFILL,Waste Water (Unsepecified),40.505555,-105.119444,2023,11/30/2023,,,,,ng/L,0,13,,0,0,0,36.5,9.905,0,0,0,0,0,,,0,0,,38.5,5.08,0,81.55,0.265,0,,,,,,,0,0,,0,,0,0.4,0,0,0,0,,0,0,0,0,0,0,,0,0,0.42,
DMR Permits et al 2024,LARIMER COUNTY LANDFILL,Waste Water (Unsepecified),40.505555,-105.119444,2023,11/30/2023,,,,,ng/L,0,0,,0,0,3.2,0,0,0,0,0,0,0,,,0,0,,0,0,18.8,0,0,0,,,,,,,0,0,,0,,0,0,0,0,0,0,,0,0,0,0,0,0,,0,0,0,
DMR Permits et al 2024,LARIMER COUNTY LANDFILL,Waste Water (Unsepecified),40.505555,-105.119444,2023,12/31/2023,,,,,ng/L,0,13,,0,0,0,34.19,10.22,0,0,0,0,0,,,5.5,0,,38.4,4.665,0,83.2,0,0,,,,,,,0,0,,0,,0,0,0,0,0,0,,0,0,0,0,0,0,,0,0,0,
DMR Permits et al 2024,LARIMER COUNTY LANDFILL,Waste Water (Unsepecified),40.505555,-105.119444,2023,12/31/2023,,,,,ng/L,0,0,,0,0,3,0,0,0,0,0,0,0,,,0,0,,0,0,15.3,0,0,0,,,,,,,0,0,,0,,0,0,0,0,0,0,,0,0,0,0,0,0,,0,0,0,
DMR Permits et al 2024,LARIMER COUNTY LANDFILL,Waste Water (Unsepecified),40.505555,-105.119444,2024,01/31/2024,,,,,ng/L,0,12.25,,0,0,0,35.2,10.36,0,0,0,0,0,,,0,0,,35.7,2.7,0,69.9,0,0,,,,,,,0,0,,0,,0,0,0,0,0,0,,0,0,0,0,0,0,,0,0,0,
DMR Permits et al 2024,LARIMER COUNTY LANDFILL,Waste Water (Unsepecified),40.505555,-105.119444,2024,01/31/2024,,,,,ng/L,0,0,,0,0,1.75,0,0,0,0,0,0,0,,,0,0,,0,0,21.9,0,0,0,,,,,,,0,0,,0,,0,0,0,0,0,0,,0,0,0,0,0,0,,0,0,0,
DMR Permits et al 2024,LARIMER COUNTY LANDFILL,Waste Water (Unsepecified),40.505555,-105.119444,2024,03/31/2024,,,,,ng/L,0.145,9.805,,0,0,0,34.19,10.3,0,0,0,0.6,0.8,,,0,0,,34.65,4.52,0,74.4,0,0,,,,,,,0,0,,0,,0,0,0,0,0,0,,0,0,0,0,0,0,,0,0,0,
DMR Permits et al 2024,LARIMER COUNTY LANDFILL,Waste Water (Unsepecified),40.505555,-105.119444,2024,03/31/2024,,,,,ng/L,0,0,,0,0,2.85,0,0,0,0,0,0,0,,,0,0,,0,0,20,0,0,0,,,,,,,0,0,,0,,0,0,0,0,0,0,,0,0,0,0,0,0,,0,0,0,
DMR Permits et al 2024,LARIMER COUNTY LANDFILL,Waste Water (Unsepecified),40.505555,-105.119444,2024,05/31/2024,,,,,ng/L,0.47,10.64,,0,0,0,36.61,10.83,0,0,0,0,0,,,0,0,,44.55,5.14,0,80.6,0,0,,,,,,,0,0,,0,,0,0,0,0,0,0,,0,0,0,0.235,0,0,,0,0,0,
DMR Permits et al 2024,LARIMER COUNTY LANDFILL,Waste Water (Unsepecified),,,2024,05/31/2024,,,,,ng/L,0,0,,0,0,3.25,0,0,0,0,0,0,0,,,0,0,,0,0,19.85,0,0,0,,,,,,,0,0,,0,,0,0,0,0,0,0,,0,0,0,0,0,0,,0,0,0,
PFAS Portal et al 2023,Chapin Well-GW,Ground Water,,,2023,06/12/2023,,,,,ng/L,0,0,,0,0,0.71,0,,,0,,,,,,,,,,,2.6,0,,,,,,,,,,,,,,,,,,,,,,,,,,,,,,,
PFAS Portal et al 2023,Hermosa Meadows-GW,Ground Water,,,2023,06/12/2023,,,,,ng/L,0,0,,0,0,0,0,,,0,,,,,,,,,,,0,0,,,,,,,,,,,,,,,,,,,,,,,,,,,,,,,
PFAS Portal et al 2023,Heartwood Well #5-GW,Ground Water,,,2023,10/04/2023,,,,,ng/L,0,0,,0,0,0,0,,,0,,,,,,,,,,,0,0,,,,,,,,,,,,,,,,,,,,,,,,,,,,,,,
PFAS Portal et al 2023,well 05-GW,Ground Water,,,2022,09/13/2022,,,,,ng/L,0,0,,0,0,0,0,,,0,,,,,,,,,,,0,0,,,,,,,,,,,,,,,,,,,,,,,,,,,,,,,
PFAS Portal et al 2023,Heartwood-Well-#3-GW,Ground Water,,,2023,07/10/2023,,,,,ng/L,2.7,6,,0,0,1.8,1.2,,,0,,,,,,,,,,,4.4,0,,,,,,,,,,,,,,,,,,,,,,,,,,,,,,,
PFAS Portal et al 2023,Heartwood-Well-#5-GW,Ground Water,,,2023,07/10/2023,,,,,ng/L,0,0,,0,0,0,0,,,0,,,,,,,,,,,0,0,,,,,,,,,,,,,,,,,,,,,,,,,,,,,,,
PFAS Portal et al 2023,Heartwood-Well-#2-GW,Ground Water,,,2023,07/10/2023,,,,,ng/L,5.8,9.8,,0.5,0.77,2.2,8.3,,,0,,,,,,,,,,,7.1,8,,,,,,,,,,,,,,,,,,,,,,,,,,,,,,,
PFAS Portal et al 2023,well 03-GW,Ground Water,,,2022,09/13/2022,,,,,ng/L,1.3,5.4,,0,0,1.4,1.2,,,0,,,,,,,,,,,4,0,,,,,,,,,,,,,,,,,,,,,,,,,,,,,,,
PFAS Portal et al 2023,Heartwood Well #3-GW,Ground Water,,,2023,10/04/2023,,,,,ng/L,0,3.4,,0,0,1.3,0.67,,,0,,,,,,,,,,,3.2,0,,,,,,,,,,,,,,,,,,,,,,,,,,,,,,,
PFAS Portal et al 2023,well 02-GW,Ground Water,,,2022,09/13/2022,,,,,ng/L,4.3,14,,0,0.68,3.1,21,,,0,,,,,,,,,,,17,18,,,,,,,,,,,,,,,,,,,,,,,,,,,,,,,
PFAS Portal et al 2023,Forest Lakes-Well #4-GW,Ground Water,,,2023,07/26/2023,,,,,ng/L,5.8,1.6,,0,0,36,5.2,,,0,,,,,,,,,,,4.3,0,,,,,,,,,,,,,,,,,,,,,,,,,,,,,,,
PFAS Portal et al 2023,Forest Lakes-Well #2-GW,Ground Water,,,2023,07/26/2023,,,,,ng/L,1.9,0.77,,0,0,4.4,3.9,,,0,,,,,,,,,,,1.6,0,,,,,,,,,,,,,,,,,,,,,,,,,,,,,,,
PFAS Portal et al 2023,Forest Lakes-Well #3-GW,Ground Water,,,2023,07/26/2023,,,,,ng/L,9.6,2.9,,0,0,91,6.5,,,0,,,,,,,,,,,10,2.4,,,,,,,,,,,,,,,,,,,,,,,,,,,,,,,
PFAS Portal et al 2023,Forest Lakes-Well #1-GW,Ground Water,,,2023,07/26/2023,,,,,ng/L,6.7,1.3,,0,0,32,4.3,,,0,,,,,,,,,,,3.7,0,,,,,,,,,,,,,,,,,,,,,,,,,,,,,,,
PFAS Portal et al 2023,School Well-GW,Ground Water,,,2023,06/12/2023,,,,,ng/L,0,0,,0,0,0.73,0,,,0,,,,,,,,,,,0.22,0,,,,,,,,,,,,,,,,,,,,,,,,,,,,,,,
PFAS Portal et al 2023,CO0134065-001,Ground Water,,,2020,04/02/2020,,,,,ng/L,0,0,,0,0,0.26,0,,,0,,,,,,,,,,,0,0,,,,,,,,,,,,,,,,,,,,,,,,,,,,,,,
PFAS Portal et al 2023,CO0134065-002,Ground Water,,,2020,04/02/2020,,,,,ng/L,0,0,,0,0,0.25,0,,,0,,,,,,,,,,,0,0,,,,,,,,,,,,,,,,,,,,,,,,,,,,,,,
PFAS Portal et al 2023,Red Rocks-GW,Ground Water,,,2023,06/12/2023,,,,,ng/L,0,1.1,,0,0,0,0,,,0,,,,,,,,,,,0.22,0,,,,,,,,,,,,,,,,,,,,,,,,,,,,,,,
PFAS Portal et al 2023,Vallecito Spring-GW,Ground Water,,,2023,10/04/2023,,,,,ng/L,0,0,,0,0,0,0,,,0,,,,,,,,,,,0,0,,,,,,,,,,,,,,,,,,,,,,,,,,,,,,,
PFAS Portal et al 2023,Vallecito Spring-GW,Ground Water,,,2023,07/10/2023,,,,,ng/L,0,0,,0,0,0,0,,,0,,,,,,,,,,,0,0,,,,,,,,,,,,,,,,,,,,,,,,,,,,,,,
PFAS Portal et al 2023,CO0153200-005,Ground Water,,,2020,04/23/2020,,,,,ng/L,0,1.6,,0,0,0.28,0,,,0,,,,,,,,,,,0.24,0,,,,,,,,,,,,,,,,,,,,,,,,,,,,,,,
PFAS Portal et al 2023,CO0117700-002,Ground Water,,,2020,04/30/2020,,,,,ng/L,0,0,,0,0,0.29,0,,,0,,,,,,,,,,,0,0,,,,,,,,,,,,,,,,,,,,,,,,,,,,,,,
PFAS Portal et al 2023,CO0117700-004,Ground Water,,,2020,04/30/2020,,,,,ng/L,0,0,,0,0,0.35,0,,,0,,,,,,,,,,,0,0,,,,,,,,,,,,,,,,,,,,,,,,,,,,,,,
PFAS Portal et al 2023,CO0157011-RW02,Ground Water,,,2020,04/23/2020,,,,,ng/L,0,0,,0,0,0.25,0,,,0,,,,,,,,,,,0,0,,,,,,,,,,,,,,,,,,,,,,,,,,,,,,,
PFAS Portal et al 2023,CO0157011-RW01,Ground Water,,,2020,04/23/2020,,,,,ng/L,0,0,,0,0,0.39,0,,,0,,,,,,,,,,,0.2,0,,,,,,,,,,,,,,,,,,,,,,,,,,,,,,,
PFAS Portal et al 2023,CO0145420-017,Ground Water,,,2020,03/24/2020,,,,,ng/L,5,1.3,,0,0,7.7,1.7,,,0,,,,,,,,,,,10,0,,,,,,,,,,,,,,,,,,,,,,,,,,,,,,,
PFAS Portal et al 2023,WELL 15,Ground Water,,,2023,12/06/2023,,,,,ng/L,3.3,0,,0,0,6.5,0,,,0,,,,,,,,,,,10,0,,,,,,,,,,,,,,,,,,,,,,,,,,,,,,,
PFAS Portal et al 2023,Well 15-GW,Ground Water,,,2023,08/08/2023,,,,,ng/L,6.3,0,,0,0,7.4,0,,,0,,,,,,,,,,,8.9,0,,,,,,,,,,,,,,,,,,,,,,,,,,,,,,,
PFAS Portal et al 2023,WELL 8,Ground Water,,,2023,12/06/2023,,,,,ng/L,2.5,0.91,,0,0,4.8,0,,,0,,,,,,,,,,,9.2,0,,,,,,,,,,,,,,,,,,,,,,,,,,,,,,,
PFAS Portal et al 2023,CO0145420-011,Ground Water,,,2020,03/24/2020,,,,,ng/L,4.3,1.1,,0,0,7.5,0.87,,,0,,,,,,,,,,,11,0,,,,,,,,,,,,,,,,,,,,,,,,,,,,,,,
PFAS Portal et al 2023,Well 08-GW,Ground Water,,,2023,08/08/2023,,,,,ng/L,5.9,1.6,,0,0,7.6,0.97,,,0,,,,,,,,,,,10,4.7,,,,,,,,,,,,,,,,,,,,,,,,,,,,,,,
PFAS Portal et al 2023,WELL 7-GW,Ground Water,,,2023,12/06/2023,,,,,ng/L,3.1,1.6,,0,0,7.5,0.8,,,0,,,,,,,,,,,11,2.8,,,,,,,,,,,,,,,,,,,,,,,,,,,,,,,
PFAS Portal et al 2023,CO0145420-010,Ground Water,,,2020,03/24/2020,,,,,ng/L,4,2.5,,0,0,6.9,2.3,,,0,,,,,,,,,,,10,0,,,,,,,,,,,,,,,,,,,,,,,,,,,,,,,
PFAS Portal et al 2023,Well 07-GW,Ground Water,,,2023,08/08/2023,,,,,ng/L,3.6,1.2,,0,0,5.9,0.75,,,0,,,,,,,,,,,9.8,2.7,,,,,,,,,,,,,,,,,,,,,,,,,,,,,,,
PFAS Portal et al 2023,Well 01-GW,Ground Water,,,2023,08/08/2023,,,,,ng/L,4.2,1.2,,0,0,6,0.82,,,0,,,,,,,,,,,9.5,3.3,,,,,,,,,,,,,,,,,,,,,,,,,,,,,,,
PFAS Portal et al 2023,WELL 1,Ground Water,,,2023,12/06/2023,,,,,ng/L,3.5,2.1,,0,0,5.7,0.72,,,0,,,,,,,,,,,8.6,3.7,,,,,,,,,,,,,,,,,,,,,,,,,,,,,,,
PFAS Portal et al 2023,CO0145420-004,Ground Water,,,2020,03/24/2020,,,,,ng/L,4.8,3.5,,0,0,6.2,3.4,,,0,,,,,,,,,,,11,0,,,,,,,,,,,,,,,,,,,,,,,,,,,,,,,
PFAS Portal et al 2023,CO0145420-009,Ground Water,,,2020,03/24/2020,,,,,ng/L,5.4,2.6,,0,0,5.7,1.8,,,0,,,,,,,,,,,8.7,0,,,,,,,,,,,,,,,,,,,,,,,,,,,,,,,
PFAS Portal et al 2023,WELL 6,Ground Water,,,2023,12/06/2023,,,,,ng/L,5.8,2.9,,0,0,6.6,1.9,,,0,,,,,,,,,,,9.2,5.2,,,,,,,,,,,,,,,,,,,,,,,,,,,,,,,
PFAS Portal et al 2023,Well 06-GW,Ground Water,,,2023,08/08/2023,,,,,ng/L,4.9,2.6,,0,0,5.9,2.6,,,0,,,,,,,,,,,9.3,6.4,,,,,,,,,,,,,,,,,,,,,,,,,,,,,,,
PFAS Portal et al 2023,CO0145420-016,Ground Water,,,2020,03/24/2020,,,,,ng/L,4.8,2.8,,0,0,6.3,1.8,,,0,,,,,,,,,,,11,0,,,,,,,,,,,,,,,,,,,,,,,,,,,,,,,
PFAS Portal et al 2023,Well 13-GW,Ground Water,,,2023,08/08/2023,,,,,ng/L,4.4,1.8,,0,0,6.3,1,,,0,,,,,,,,,,,10,5,,,,,,,,,,,,,,,,,,,,,,,,,,,,,,,
PFAS Portal et al 2023,WELL 13,Ground Water,,,2023,12/06/2023,,,,,ng/L,4.2,1.9,,0,0,5.6,1.1,,,0,,,,,,,,,,,8.9,5.7,,,,,,,,,,,,,,,,,,,,,,,,,,,,,,,
PFAS Portal et al 2023,CO0145420-006,Ground Water,,,2020,03/24/2020,,,,,ng/L,5.3,2.7,,0,0,5.7,1.6,,,0,,,,,,,,,,,9.7,0,,,,,,,,,,,,,,,,,,,,,,,,,,,,,,,
PFAS Portal et al 2023,Well 03-GW,Ground Water,,,2023,08/08/2023,,,,,ng/L,4.3,1.4,,0,0,6.4,0,,,0,,,,,,,,,,,12,3.2,,,,,,,,,,,,,,,,,,,,,,,,,,,,,,,
PFAS Portal et al 2023,WELL 3,Ground Water,,,2023,12/06/2023,,,,,ng/L,4,1.8,,0,0,5.7,0.72,,,0,,,,,,,,,,,11,2.6,,,,,,,,,,,,,,,,,,,,,,,,,,,,,,,
PFAS Portal et al 2023,WELL 4-GW,Ground Water,,,2023,12/06/2023,,,,,ng/L,3.7,1.5,,0,0,5.6,0,,,0,,,,,,,,,,,9.4,0,,,,,,,,,,,,,,,,,,,,,,,,,,,,,,,
PFAS Portal et al 2023,Well 04-GW,Ground Water,,,2023,08/08/2023,,,,,ng/L,4.1,0.89,,0,0,4.5,0,,,0,,,,,,,,,,,9.3,0,,,,,,,,,,,,,,,,,,,,,,,,,,,,,,,
PFAS Portal et al 2023,CO0145420-007,Ground Water,,,2020,03/24/2020,,,,,ng/L,5.2,2.2,,0,0,6.1,1.1,,,0,,,,,,,,,,,10,0,,,,,,,,,,,,,,,,,,,,,,,,,,,,,,,
PFAS Portal et al 2023,WELL 5,Ground Water,,,2023,12/06/2023,,,,,ng/L,3.5,1.6,,0,0,5.7,0,,,0,,,,,,,,,,,11,2.8,,,,,,,,,,,,,,,,,,,,,,,,,,,,,,,
PFAS Portal et al 2023,CO0145420-008,Ground Water,,,2020,03/24/2020,,,,,ng/L,4.4,2,,0,0,5.2,0.69,,,0,,,,,,,,,,,9.8,0,,,,,,,,,,,,,,,,,,,,,,,,,,,,,,,
PFAS Portal et al 2023,Well 05-GW,Ground Water,,,2023,08/08/2023,,,,,ng/L,4.6,1.3,,0,0,5.6,0,,,0,,,,,,,,,,,8.5,2.5,,,,,,,,,,,,,,,,,,,,,,,,,,,,,,,
PFAS Portal et al 2023,Well 12-GW,Ground Water,,,2023,08/08/2023,,,,,ng/L,6.6,2.1,,0,0,6.5,0.58,,,0,,,,,,,,,,,14,2.4,,,,,,,,,,,,,,,,,,,,,,,,,,,,,,,
PFAS Portal et al 2023,Well 10-GW,Ground Water,,,2023,08/08/2023,,,,,ng/L,5.4,1.7,,0,0,6,1.2,,,0,,,,,,,,,,,8.8,4.8,,,,,,,,,,,,,,,,,,,,,,,,,,,,,,,
PFAS Portal et al 2023,CO0145420-013,Ground Water,,,2020,03/24/2020,,,,,ng/L,6.3,4.3,,0,0,6.3,2.3,,,0,,,,,,,,,,,8.8,0,,,,,,,,,,,,,,,,,,,,,,,,,,,,,,,
PFAS Portal et al 2023,WELL 10-GW,Ground Water,,,2023,12/06/2023,,,,,ng/L,5.7,2.9,,0,0.31,8.6,1.9,,,0,,,,,,,,,,,9.3,9.7,,,,,,,,,,,,,,,,,,,,,,,,,,,,,,,
PFAS Portal et al 2023,CO0145420-012,Ground Water,,,2020,03/24/2020,,,,,ng/L,6.1,2.5,,0,0.3,6.7,1.5,,,0,,,,,,,,,,,7.4,0,,,,,,,,,,,,,,,,,,,,,,,,,,,,,,,
PFAS Portal et al 2023,WELL 9-GW,Ground Water,,,2023,12/06/2023,,,,,ng/L,3.1,1,,0,0,5.3,0,,,0,,,,,,,,,,,8.1,0,,,,,,,,,,,,,,,,,,,,,,,,,,,,,,,
PFAS Portal et al 2023,CO0145420-014,Ground Water,,,2020,03/24/2020,,,,,ng/L,6.7,3.3,,0,0.45,7.8,3.4,,,0,,,,,,,,,,,8.3,0,,,,,,,,,,,,,,,,,,,,,,,,,,,,,,,
PFAS Portal et al 2023,Well 11-GW,Ground Water,,,2023,08/08/2023,,,,,ng/L,3.7,1.5,,0,0,2.8,1.3,,,0,,,,,,,,,,,2.6,5,,,,,,,,,,,,,,,,,,,,,,,,,,,,,,,
PFAS Portal et al 2023,WELL 11-GW,Ground Water,,,2023,12/06/2023,,,,,ng/L,3.4,1.1,,0,0,4.3,0,,,0,,,,,,,,,,,8.6,0,,,,,,,,,,,,,,,,,,,,,,,,,,,,,,,
PFAS Portal et al 2023,CO0145600-005,Ground Water,,,2020,03/24/2020,,,,,ng/L,5.6,3,,0,0.37,7,4.5,,,0,,,,,,,,,,,4.4,0,,,,,,,,,,,,,,,,,,,,,,,,,,,,,,,
PFAS Portal et al 2023,CO0145600-007,Ground Water,,,2020,03/24/2020,,,,,ng/L,14,3.4,,0,0.76,7.2,4.1,,,0,,,,,,,,,,,5,0,,,,,,,,,,,,,,,,,,,,,,,,,,,,,,,
PFAS Portal et al 2023,8940-RW01,Ground Water,,,2020,04/16/2020,,,,,ng/L,0,0,,0,0,0.27,0,,,0,,,,,,,,,,,0,0,,,,,,,,,,,,,,,,,,,,,,,,,,,,,,,
PFAS Portal et al 2023,8940-RW02,Ground Water,,,2020,04/16/2020,,,,,ng/L,0,0,,0,0,0.24,0,,,0,,,,,,,,,,,0,0,,,,,,,,,,,,,,,,,,,,,,,,,,,,,,,
PFAS Portal et al 2023,Well#393-RW,Ground Water,,,2022,12/05/2022,,,,,ng/L,0,0,,0,0,0,0,,,0,,,,,,,,,,,0,0,,,,,,,,,,,,,,,,,,,,,,,,,,,,,,,
PFAS Portal et al 2023,Well#391-RW,Ground Water,,,2022,12/05/2022,,,,,ng/L,0,0,,0,0,0,0,,,0,,,,,,,,,,,0,0,,,,,,,,,,,,,,,,,,,,,,,,,,,,,,,
PFAS Portal et al 2023,Well#1-RW,Ground Water,,,2022,12/05/2022,,,,,ng/L,0,0,,0,0,0,0,,,0,,,,,,,,,,,0,0,,,,,,,,,,,,,,,,,,,,,,,,,,,,,,,
PFAS Portal et al 2023,Well#5-RW,Ground Water,,,2022,12/05/2022,,,,,ng/L,0,0,,0,0,0,0,,,0,,,,,,,,,,,0,0,,,,,,,,,,,,,,,,,,,,,,,,,,,,,,,
PFAS Portal et al 2023,Well#10-RW,Ground Water,,,2022,12/05/2022,,,,,ng/L,0,0,,0,0,0,0,,,0,,,,,,,,,,,0,0,,,,,,,,,,,,,,,,,,,,,,,,,,,,,,,
PFAS Portal et al 2023,Well#11-RW,Ground Water,,,2022,12/05/2022,,,,,ng/L,0,0,,0,0,0,0,,,0,,,,,,,,,,,0,0,,,,,,,,,,,,,,,,,,,,,,,,,,,,,,,
PFAS Portal et al 2023,Well#2-RW,Ground Water,,,2022,12/05/2022,,,,,ng/L,0,0,,0,0,0,0,,,0,,,,,,,,,,,0,0,,,,,,,,,,,,,,,,,,,,,,,,,,,,,,,
PFAS Portal et al 2023,CO0145600-008,Ground Water,,,2020,03/24/2020,,,,,ng/L,2.3,0,,0,0,7.3,0,,,0,,,,,,,,,,,7.6,0,,,,,,,,,,,,,,,,,,,,,,,,,,,,,,,
PFAS Portal et al 2023,CO0145600-003,Ground Water,,,2020,03/24/2020,,,,,ng/L,3.2,0,,0,0.25,4.2,0,,,0,,,,,,,,,,,5.8,0,,,,,,,,,,,,,,,,,,,,,,,,,,,,,,,
PFAS Portal et al 2023,CO0145600-004,Ground Water,,,2020,03/24/2020,,,,,ng/L,2.6,0,,0,0,4.7,0,,,0,,,,,,,,,,,7.6,0,,,,,,,,,,,,,,,,,,,,,,,,,,,,,,,
PFAS Portal et al 2023,CO0146592-001,Ground Water,,,2020,04/07/2020,,,,,ng/L,0,0.86,,0,0,0.45,0,,,0,,,,,,,,,,,0.37,0,,,,,,,,,,,,,,,,,,,,,,,,,,,,,,,
PFAS Portal et al 2023,CO0146592-003,Ground Water,,,2020,04/07/2020,,,,,ng/L,0,0,,0,0,0.32,0,,,0,,,,,,,,,,,0,0,,,,,,,,,,,,,,,,,,,,,,,,,,,,,,,
PFAS Portal et al 2023,CO0146592-006,Ground Water,,,2020,04/07/2020,,,,,ng/L,0,0,,0,0,0.33,0,,,0,,,,,,,,,,,0,0,,,,,,,,,,,,,,,,,,,,,,,,,,,,,,,
PFAS Portal et al 2023,Well1-GW,Ground Water,,,2023,01/25/2023,,,,,ng/L,7.1,3.5,,0,0.3,8.6,3.7,,,0,,,,,,,,,,,6.7,9.5,,,,,,,,,,,,,,,,,,,,,,,,,,,,,,,
PFAS Portal et al 2023,CO0113200-003,Ground Water,,,2020,04/15/2020,,,,,ng/L,9,0,,0,0,7.3,0,,,0,,,,,,,,,,,7,0,,,,,,,,,,,,,,,,,,,,,,,,,,,,,,,
PFAS Portal et al 2023,Well1-GW,Ground Water,,,2023,01/25/2023,,,,,ng/L,5,0,,0,0,6.5,0,,,0,,,,,,,,,,,10,3.7,,,,,,,,,,,,,,,,,,,,,,,,,,,,,,,
PFAS Portal et al 2023,CO0113900-006,Ground Water,,,2020,03/24/2020,,,,,ng/L,0,0,,0,0,0.26,0,,,0,,,,,,,,,,,0,0,,,,,,,,,,,,,,,,,,,,,,,,,,,,,,,
PFAS Portal et al 2023,CO0113900-003,Ground Water,,,2020,03/24/2020,,,,,ng/L,0,0,,0,0,0.38,0,,,0,,,,,,,,,,,0.37,0,,,,,,,,,,,,,,,,,,,,,,,,,,,,,,,
PFAS Portal et al 2023,CO0113900-005,Ground Water,,,2020,03/24/2020,,,,,ng/L,0,0,,0,0,0.3,0,,,0,,,,,,,,,,,0,0,,,,,,,,,,,,,,,,,,,,,,,,,,,,,,,
PFAS Portal et al 2023,CO0113900-004,Ground Water,,,2020,03/24/2020,,,,,ng/L,0,0,,0,0,0.29,0,,,0,,,,,,,,,,,0,0,,,,,,,,,,,,,,,,,,,,,,,,,,,,,,,
PFAS Portal et al 2023,RAW-Water-RW,Ground Water,,,2022,11/30/2022,,,,,ng/L,0,0,,0,0,0,0,,,0,,,,,,,,,,,1.6,0,,,,,,,,,,,,,,,,,,,,,,,,,,,,,,,
PFAS Portal et al 2023,CO0131400-006,Ground Water,,,2020,04/20/2020,,,,,ng/L,0,0,,0,0,0.31,0,,,0,,,,,,,,,,,0,0,,,,,,,,,,,,,,,,,,,,,,,,,,,,,,,
PFAS Portal et al 2023,CO0131400-007,Ground Water,,,2020,04/20/2020,,,,,ng/L,0,0,,0,0,0.26,0,,,0,,,,,,,,,,,0,0,,,,,,,,,,,,,,,,,,,,,,,,,,,,,,,
PFAS Portal et al 2023,Monarch Mtn Well #2 -GW,Ground Water,,,2022,09/13/2022,,,,,ng/L,0,0,,0,0,0,0,,,0,,,,,,,,,,,0,0,,,,,,,,,,,,,,,,,,,,,,,,,,,,,,,
PFAS Portal et al 2023,Methodist Mountian #1 - GW,Ground Water,,,2022,09/12/2022,,,,,ng/L,0,0,,0,0,0,0,,,0,,,,,,,,,,,0,0,,,,,,,,,,,,,,,,,,,,,,,,,,,,,,,
PFAS Portal et al 2023,Poncha Springs Well #4 - GW,Ground Water,,,2022,09/12/2022,,,,,ng/L,0.63,0,,0,0,2,0,,,0,,,,,,,,,,,2.3,0,,,,,,,,,,,,,,,,,,,,,,,,,,,,,,,
PFAS Portal et al 2023,CU Extension - GW,Ground Water,,,2022,09/12/2022,,,,,ng/L,0,0,,0,0,0.94,0,,,0,,,,,,,,,,,1.5,0,,,,,,,,,,,,,,,,,,,,,,,,,,,,,,,
PFAS Portal et al 2023,Poncha Springs Well #7 - GW,Ground Water,,,2022,09/12/2022,,,,,ng/L,0.85,0,,0,0,0,0,,,0,,,,,,,,,,,0,0,,,,,,,,,,,,,,,,,,,,,,,,,,,,,,,
PFAS Portal et al 2023,Salida Airport Well - GW,Ground Water,,,2022,09/12/2022,,,,,ng/L,0,0,,0,0,0,1.3,,,0,,,,,,,,,,,0.77,0,,,,,,,,,,,,,,,,,,,,,,,,,,,,,,,
PFAS Portal et al 2023,Pasqualle Springs -GW,Ground Water,,,2022,09/13/2022,,,,,ng/L,0,0,,0,0,0,0,,,0,,,,,,,,,,,1.7,0,,,,,,,,,,,,,,,,,,,,,,,,,,,,,,,
PFAS Portal et al 2023,Well-Aux,Ground Water,,,2023,08/25/2023,,,,,ng/L,0,0,,0,0,0,0,,,0,,,,,,,,,,,0.21,0,,,,,,,,,,,,,,,,,,,,,,,,,,,,,,,
PFAS Portal et al 2023,Smeltertown Well - France Stucco - GW,Ground Water,,,2022,09/12/2022,,,,,ng/L,0,0,,0,0,0,0,,,0,,,,,,,,,,,4.7,0,,,,,,,,,,,,,,,,,,,,,,,,,,,,,,,
PFAS Portal et al 2023,Maysville/Ponderosa Lodge -GW,Ground Water,,,2022,09/13/2022,,,,,ng/L,0,0,,0,0,0,0,,,0,,,,,,,,,,,0.23,0,,,,,,,,,,,,,,,,,,,,,,,,,,,,,,,
PFAS Portal et al 2023,CO0131400-003,Ground Water,,,2020,04/20/2020,,,,,ng/L,0,0,,0,0,0.31,0,,,0,,,,,,,,,,,0,0,,,,,,,,,,,,,,,,,,,,,,,,,,,,,,,
PFAS Portal et al 2023,CO0131400-005,Ground Water,,,2020,04/20/2020,,,,,ng/L,0,0,,0,0,0.25,0,,,0,,,,,,,,,,,0,0,,,,,,,,,,,,,,,,,,,,,,,,,,,,,,,
PFAS Portal et al 2023,CO0131400-012,Ground Water,,,2020,04/20/2020,,,,,ng/L,0,0,,0,0,0.28,0,,,0,,,,,,,,,,,0,0,,,,,,,,,,,,,,,,,,,,,,,,,,,,,,,
PFAS Portal et al 2023,CO0131400-002,Ground Water,,,2020,04/20/2020,,,,,ng/L,0,0,,0,0,0.29,0,,,0,,,,,,,,,,,0,0,,,,,,,,,,,,,,,,,,,,,,,,,,,,,,,
PFAS Portal et al 2023,CO0131400-004,Ground Water,,,2020,04/20/2020,,,,,ng/L,0,0,,0,0,0.3,0,,,0,,,,,,,,,,,0,0,,,,,,,,,,,,,,,,,,,,,,,,,,,,,,,
PFAS Portal et al 2023,Chaffee Landfill Well,Ground Water,,,2022,09/16/2022,,,,,ng/L,0,0,,0,0,0,0,,,0,,,,,,,,,,,0,0,,,,,,,,,,,,,,,,,,,,,,,,,,,,,,,
PFAS Portal et al 2023,W17-GW,Ground Water,,,2023,05/16/2023,,,,,ng/L,0,4,,0,0,1.6,9.4,,,0,,,,,,,,,,,18,3.8,,,,,,,,,,,,,,,,,,,,,,,,,,,,,,,
PFAS Portal et al 2023,W21-GW,Ground Water,,,2023,05/16/2023,,,,,ng/L,0,0,,0,0,0,0,,,0,,,,,,,,,,,0,0,,,,,,,,,,,,,,,,,,,,,,,,,,,,,,,
PFAS Portal et al 2023,W16-GW,Ground Water,,,2023,05/16/2023,,,,,ng/L,0,6.5,,0,0,1.5,16,,,0,,,,,,,,,,,21,6,,,,,,,,,,,,,,,,,,,,,,,,,,,,,,,
PFAS Portal et al 2023,W13-GW,Ground Water,,,2023,05/16/2023,,,,,ng/L,0,9.7,,0,0.78,1.9,27,,,0,,,,,,,,,,,16,8.6,,,,,,,,,,,,,,,,,,,,,,,,,,,,,,,
PFAS Portal et al 2023,11930-RW01,Ground Water,,,2020,04/27/2020,,,,,ng/L,550,100,,0.67,8.9,1300,290,,,0,,,,,,,,,,,120,0,,,,,,,,,,,,,,,,,,,,,,,,,,,,,,,
PFAS Portal et al 2023,Well GW,Ground Water,,,2023,03/01/2023,,,,,ng/L,3.1,4.8,,0,0,7.4,2.2,,,0,,,,,,,,,,,2.7,0,,,,,,,,,,,,,,,,,,,,,,,,,,,,,,,
PFAS Portal et al 2023,W11-GW,Ground Water,,,2023,05/16/2023,,,,,ng/L,0,0,,0,0,0,0,,,0,,,,,,,,,,,0,0,,,,,,,,,,,,,,,,,,,,,,,,,,,,,,,
PFAS Portal et al 2023,W12-GW,Ground Water,,,2023,05/16/2023,,,,,ng/L,0,0,,0,0,0,0,,,0,,,,,,,,,,,0,0,,,,,,,,,,,,,,,,,,,,,,,,,,,,,,,
PFAS Portal et al 2023,CO0121775-006T,Ground Water,,,2020,03/11/2020,,,,,ng/L,290,76,,0,1.9,340,140,,,0,,,,,,,,,,,67,0,,,,,,,,,,,,,,,,,,,,,,,,,,,,,,,
PFAS Portal et al 2023,W10-GW,Ground Water,,,2023,05/16/2023,,,,,ng/L,0,0,,0,0,0,0,,,0,,,,,,,,,,,0,0,,,,,,,,,,,,,,,,,,,,,,,,,,,,,,,
PFAS Portal et al 2023,W9-GW,Ground Water,,,2023,05/16/2023,,,,,ng/L,0,0,,0,0,0,0,,,0,,,,,,,,,,,0,0,,,,,,,,,,,,,,,,,,,,,,,,,,,,,,,
PFAS Portal et al 2023,CO0121775-022T,Ground Water,,,2020,03/11/2020,,,,,ng/L,940,66,,0,3.9,320,140,,,0,,,,,,,,,,,71,0,,,,,,,,,,,,,,,,,,,,,,,,,,,,,,,
PFAS Portal et al 2023,COMP-WELL-GW,Ground Water,,,2023,07/12/2023,,,,,ng/L,1.5,0,,0,0,0.94,0,,,0,,,,,,,,,,,0.99,0,,,,,,,,,,,,,,,,,,,,,,,,,,,,,,,
PFAS Portal et al 2023,CO0121800-004T,Ground Water,,,2020,03/17/2020,,,,,ng/L,100,26,,0,0.52,290,110,,,0,,,,,,,,,,,62,0,,,,,,,,,,,,,,,,,,,,,,,,,,,,,,,
PFAS Portal et al 2023,CO0121800-012,Ground Water,,,2020,03/17/2020,,,,,ng/L,21,9,,0,0.71,21,9.7,,,0,,,,,,,,,,,15,0,,,,,,,,,,,,,,,,,,,,,,,,,,,,,,,
PFAS Portal et al 2023,002T-Shavano-SW,Ground Water,,,2022,09/13/2022,,,,,ng/L,0,0,,0,0,0,0,,,0,,,,,,,,,,,0,0,,,,,,,,,,,,,,,,,,,,,,,,,,,,,,,
PFAS Portal et al 2023,W19-GW,Ground Water,,,2023,05/16/2023,,,,,ng/L,0,0,,0,0,0,0,,,0,,,,,,,,,,,0,0,,,,,,,,,,,,,,,,,,,,,,,,,,,,,,,
PFAS Portal et al 2023,PSH Signs Well,Ground Water,,,2022,09/16/2022,,,,,ng/L,7.6,4,,0,0,0.91,1.3,,,0,,,,,,,,,,,2,0,,,,,,,,,,,,,,,,,,,,,,,,,,,,,,,
PFAS Portal et al 2023,CO0108350-003,Ground Water,,,2020,04/13/2020,,,,,ng/L,0,0,,0,0,0.38,0,,,0,,,,,,,,,,,0.63,0,,,,,,,,,,,,,,,,,,,,,,,,,,,,,,,
PFAS Portal et al 2023,Buena Vista Well #1,Ground Water,,,2022,09/19/2022,,,,,ng/L,0,0,,0,0,0,0,,,0,,,,,,,,,,,1.9,0,,,,,,,,,,,,,,,,,,,,,,,,,,,,,,,
PFAS Portal et al 2023,CO0108350-002,Ground Water,,,2020,04/13/2020,,,,,ng/L,0,0,,0,0,0.37,0,,,0,,,,,,,,,,,0.44,0,,,,,,,,,,,,,,,,,,,,,,,,,,,,,,,
PFAS Portal et al 2023,CO0108300-002,Ground Water,,,2020,04/23/2020,,,,,ng/L,0,0,,0,0,0.25,0,,,0,,,,,,,,,,,0,0,,,,,,,,,,,,,,,,,,,,,,,,,,,,,,,
PFAS Portal et al 2023,CO0108300-004,Ground Water,,,2020,04/23/2020,,,,,ng/L,0,0,,0,0,0.29,0,,,0,,,,,,,,,,,0,0,,,,,,,,,,,,,,,,,,,,,,,,,,,,,,,
PFAS Portal et al 2023,Buena Vista Well #2,Ground Water,,,2022,09/19/2022,,,,,ng/L,0,0,,0,0,0,0,,,0,,,,,,,,,,,0,0,,,,,,,,,,,,,,,,,,,,,,,,,,,,,,,
PFAS Portal et al 2023,Buena Vista Well #3,Ground Water,,,2022,09/19/2022,,,,,ng/L,0.74,1.3,,0,0,1.3,1.2,,,0,,,,,,,,,,,1.4,0,,,,,,,,,,,,,,,,,,,,,,,,,,,,,,,
PFAS Portal et al 2023,W3-GW,Ground Water,,,2023,05/16/2023,,,,,ng/L,0,0,,0,0,0,0,,,0,,,,,,,,,,,0,0,,,,,,,,,,,,,,,,,,,,,,,,,,,,,,,
PFAS Portal et al 2023,W1-GW,Ground Water,,,2023,05/16/2023,,,,,ng/L,0,0,,0,0,0,0,,,0,,,,,,,,,,,0,0,,,,,,,,,,,,,,,,,,,,,,,,,,,,,,,
PFAS Portal et al 2023,W5-GW,Ground Water,,,2023,05/16/2023,,,,,ng/L,0,0,,0,0,0,0,,,0,,,,,,,,,,,0,0,,,,,,,,,,,,,,,,,,,,,,,,,,,,,,,
PFAS Portal et al 2023,W20-GW,Ground Water,,,2023,05/16/2023,,,,,ng/L,0,0,,0,0,0,0,,,0,,,,,,,,,,,0,0,,,,,,,,,,,,,,,,,,,,,,,,,,,,,,,
PFAS Portal et al 2023,W7-GW,Ground Water,,,2023,05/16/2023,,,,,ng/L,0,0,,0,0,0,0,,,0,,,,,,,,,,,0,0,,,,,,,,,,,,,,,,,,,,,,,,,,,,,,,
PFAS Portal et al 2023,D-W4-GW,Ground Water,,,2022,10/17/2022,,,,,ng/L,0,0,,0,0,0,0,,,0,,,,,,,,,,,0,0,,,,,,,,,,,,,,,,,,,,,,,,,,,,,,,
PFAS Portal et al 2023,D-W1-GW,Ground Water,,,2022,10/17/2022,,,,,ng/L,0,0,,0,0,0,0,,,0,,,,,,,,,,,0,0,,,,,,,,,,,,,,,,,,,,,,,,,,,,,,,
PFAS Portal et al 2023,W1-GW,Ground Water,,,2023,07/12/2023,,,,,ng/L,5,5.3,,0,0.29,5.5,7.8,,,0,,,,,,,,,,,4.6,6.1,,,,,,,,,,,,,,,,,,,,,,,,,,,,,,,
PFAS Portal et al 2023,W18-GW,Ground Water,,,2023,05/16/2023,,,,,ng/L,0,0,,0,0,0,0,,,0,,,,,,,,,,,0,0,,,,,,,,,,,,,,,,,,,,,,,,,,,,,,,
PFAS Portal et al 2023,CO0160550-002,Ground Water,,,2020,03/17/2020,,,,,ng/L,1.7,3.6,,0,0,2.5,4.6,,,0,,,,,,,,,,,6.3,0,,,,,,,,,,,,,,,,,,,,,,,,,,,,,,,
PFAS Portal et al 2023,CO0160550-001,Ground Water,,,2020,03/17/2020,,,,,ng/L,1,1.2,,0,0,0.8,1.9,,,0,,,,,,,,,,,5.9,0,,,,,,,,,,,,,,,,,,,,,,,,,,,,,,,
PFAS Portal et al 2023,CO0160550-003,Ground Water,,,2020,03/17/2020,,,,,ng/L,2,5.1,,0,0,3,6.1,,,0,,,,,,,,,,,6.3,0,,,,,,,,,,,,,,,,,,,,,,,,,,,,,,,
PFAS Portal et al 2023,CO0160550-004,Ground Water,,,2020,03/17/2020,,,,,ng/L,1.1,5.8,,0,0,2.9,8.8,,,0,,,,,,,,,,,4.1,0,,,,,,,,,,,,,,,,,,,,,,,,,,,,,,,
PFAS Portal et al 2023,7760-RW01,Ground Water,,,2020,04/22/2020,,,,,ng/L,0,0,,0,0,0.33,0,,,0,,,,,,,,,,,0.38,0,,,,,,,,,,,,,,,,,,,,,,,,,,,,,,,
PFAS Portal et al 2023,11915-RW01,Ground Water,,,2020,04/13/2020,,,,,ng/L,0,0,,0,0,0.23,0,,,0,,,,,,,,,,,0.18,0,,,,,,,,,,,,,,,,,,,,,,,,,,,,,,,
PFAS Portal et al 2023,4127-RW01,Ground Water,,,2020,04/14/2020,,,,,ng/L,0,0,,0,0,0.27,0,,,0,,,,,,,,,,,0,0,,,,,,,,,,,,,,,,,,,,,,,,,,,,,,,
PFAS Portal et al 2023,CO0226500-002,Ground Water,,,2020,04/01/2020,,,,,ng/L,0,0,,0,0,0.32,0,,,0,,,,,,,,,,,0,0,,,,,,,,,,,,,,,,,,,,,,,,,,,,,,,
PFAS Portal et al 2023,CO0226500-001,Ground Water,,,2020,04/01/2020,,,,,ng/L,0,0,,0,0,0.29,0,,,0,,,,,,,,,,,0,0,,,,,,,,,,,,,,,,,,,,,,,,,,,,,,,
PFAS Portal et al 2023,CO0121200-002,Ground Water,,,2020,04/20/2020,,,,,ng/L,0.82,2.8,,0,0,1.5,1,,,0,,,,,,,,,,,1.7,0,,,,,,,,,,,,,,,,,,,,,,,,,,,,,,,
PFAS Portal et al 2023,CO0121200-003,Ground Water,,,2020,04/20/2020,,,,,ng/L,0.86,2.3,,0,0,1.5,0.99,,,0,,,,,,,,,,,1.8,0,,,,,,,,,,,,,,,,,,,,,,,,,,,,,,,
PFAS Portal et al 2023,CO0137010-004,Ground Water,,,2020,04/21/2020,,,,,ng/L,0,0,,0,0,0.28,0,,,0,,,,,,,,,,,0,0,,,,,,,,,,,,,,,,,,,,,,,,,,,,,,,
PFAS Portal et al 2023,CO0137010-002,Ground Water,,,2020,04/21/2020,,,,,ng/L,0.47,0.81,,0,0,0.23,0,,,0,,,,,,,,,,,0,0,,,,,,,,,,,,,,,,,,,,,,,,,,,,,,,
PFAS Portal et al 2023,CO0137010-003,Ground Water,,,2020,04/21/2020,,,,,ng/L,0.48,0.96,,0,0,0.31,0,,,0,,,,,,,,,,,0,0,,,,,,,,,,,,,,,,,,,,,,,,,,,,,,,
PFAS Portal et al 2023,CO0137010-008,Ground Water,,,2020,04/21/2020,,,,,ng/L,0,0,,0,0,0.27,0,,,0,,,,,,,,,,,0,0,,,,,,,,,,,,,,,,,,,,,,,,,,,,,,,
PFAS Portal et al 2023,CO0137010-007,Ground Water,,,2020,04/21/2020,,,,,ng/L,0,0,,0,0,0.39,0,,,0,,,,,,,,,,,0,0,,,,,,,,,,,,,,,,,,,,,,,,,,,,,,,
PFAS Portal et al 2023,CO0137010-006,Ground Water,,,2020,04/21/2020,,,,,ng/L,0,0,,0,0,0.34,0,,,0,,,,,,,,,,,0,0,,,,,,,,,,,,,,,,,,,,,,,,,,,,,,,
PFAS Portal et al 2023,CO0149842-012,Ground Water,,,2020,03/26/2020,,,,,ng/L,0,0,,0,0,0.45,0,,,0,,,,,,,,,,,0.35,0,,,,,,,,,,,,,,,,,,,,,,,,,,,,,,,
PFAS Portal et al 2023,CO0149842-009,Ground Water,,,2020,03/26/2020,,,,,ng/L,0,0,,0,0,0.4,0,,,0,,,,,,,,,,,0.36,0,,,,,,,,,,,,,,,,,,,,,,,,,,,,,,,
PFAS Portal et al 2023,CO0149842-010,Ground Water,,,2020,03/26/2020,,,,,ng/L,0,0,,0,0,0.41,0,,,0,,,,,,,,,,,0.33,0,,,,,,,,,,,,,,,,,,,,,,,,,,,,,,,
PFAS Portal et al 2023,CO0149842-014,Ground Water,,,2020,03/26/2020,,,,,ng/L,0,0,,0,0,0.44,0,,,0,,,,,,,,,,,0.36,0,,,,,,,,,,,,,,,,,,,,,,,,,,,,,,,
PFAS Portal et al 2023,LMDT-GW-PRE,Ground Water,,,2023,12/19/2023,,,,,ng/L,0,0,,0,0,0,0,,,0,,,,,,,,,,,0,0,,,,,,,,,,,,,,,,,,,,,,,,,,,,,,,
PFAS Portal et al 2023,LMDT-GW-PRE,Ground Water,,,2023,12/19/2023,,,,,ng/L,0,0,,0,0,0,0,,,0,,,,,,,,,,,0,0,,,,,,,,,,,,,,,,,,,,,,,,,,,,,,,
PFAS Portal et al 2023,LMDT-GW-POST,Ground Water,,,2023,12/19/2023,,,,,ng/L,0,0,,0,0,0,0,,,0,,,,,,,,,,,0,0,,,,,,,,,,,,,,,,,,,,,,,,,,,,,,,
PFAS Portal et al 2023,LMDT-GW,Ground Water,,,2023,08/29/2023,,,,,ng/L,0.52,0,,0,0,0,0,,,0,,,,,,,,,,,0,0,,,,,,,,,,,,,,,,,,,,,,,,,,,,,,,
PFAS Portal et al 2023,Bluff-Kit-GW,Ground Water,,,2023,12/19/2023,,,,,ng/L,0,0,,0,0,0,0,,,0,,,,,,,,,,,0,0,,,,,,,,,,,,,,,,,,,,,,,,,,,,,,,
PFAS Portal et al 2023,Bluff-Kit-GW,Ground Water,,,2023,08/29/2023,,,,,ng/L,0,0,,0,0,0,0,,,0,,,,,,,,,,,0,0,,,,,,,,,,,,,,,,,,,,,,,,,,,,,,,
PFAS Portal et al 2023,CPW-Ark-DW,Ground Water,,,2022,11/08/2022,,,,,ng/L,0,0,,0,0,0,0,,,0,,,,,,,,,,,0.82,4.4,,,,,,,,,,,,,,,,,,,,,,,,,,,,,,,
PFAS Portal et al 2023,Well 1-Arapahoe-RW,Ground Water,,,2023,05/27/2023,,,,,ng/L,1.1,0.81,,0,0,0.73,0.74,,,0,,,,,,,,,,,4.2,0,,,,,,,,,,,,,,,,,,,,,,,,,,,,,,,
PFAS Portal et al 2023,301 El Jebel-Well1-RW,Ground Water,,,2023,05/26/2023,,,,,ng/L,0.72,0.85,,0,0,0,1,,,0,,,,,,,,,,,1.6,0,,,,,,,,,,,,,,,,,,,,,,,,,,,,,,,
PFAS Portal et al 2023,SDP-DW,Ground Water,,,2022,11/08/2022,,,,,ng/L,0,0,,0,0,0,0,,,0,,,,,,,,,,,0,0,,,,,,,,,,,,,,,,,,,,,,,,,,,,,,,
PFAS Portal et al 2023,CO0247011-003,Ground Water,,,2020,04/15/2020,,,,,ng/L,0,1.4,,0,0,0.48,17,,,0,,,,,,,,,,,2.3,0,,,,,,,,,,,,,,,,,,,,,,,,,,,,,,,
PFAS Portal et al 2023,WELL-1-GW,Ground Water,,,2022,11/15/2022,,,,,ng/L,4.6,10,,0.75,8.5,1.4,34,,,0,,,,,,,,,,,1.2,15,,,,,,,,,,,,,,,,,,,,,,,,,,,,,,,
PFAS Portal et al 2023,WELL-3-GW,Ground Water,,,2022,11/15/2022,,,,,ng/L,0.63,5.5,,0,0,1.9,22,,,0,,,,,,,,,,,1.9,11,,,,,,,,,,,,,,,,,,,,,,,,,,,,,,,
PFAS Portal et al 2023,WELL-2-GW,Ground Water,,,2022,11/15/2022,,,,,ng/L,0,2.1,,0,0,0,17,,,0,,,,,,,,,,,2.5,9.5,,,,,,,,,,,,,,,,,,,,,,,,,,,,,,,
PFAS Portal et al 2023,CO0247011-004,Ground Water,,,2020,04/15/2020,,,,,ng/L,0,0,,0,0,0.32,2.3,,,0,,,,,,,,,,,0.21,0,,,,,,,,,,,,,,,,,,,,,,,,,,,,,,,
PFAS Portal et al 2023,CO0247011-002,Ground Water,,,2020,04/15/2020,,,,,ng/L,4.2,6.9,,0.94,8.8,0.78,21,,,0,,,,,,,,,,,0.76,0,,,,,,,,,,,,,,,,,,,,,,,,,,,,,,,
PFAS Portal et al 2023,WELL-004-RW,Ground Water,,,2023,04/04/2023,,,,,ng/L,1.4,4.1,,0,0,2.2,4.2,,,0,,,,,,,,,,,2.1,0,,,,,,,,,,,,,,,,,,,,,,,,,,,,,,,
PFAS Portal et al 2023,Lot1-Well-GW,Ground Water,,,2023,06/26/2023,,,,,ng/L,0,0,,0,0,0,0,,,0,,,,,,,,,,,0,0,,,,,,,,,,,,,,,,,,,,,,,,,,,,,,,
PFAS Portal et al 2023,DC-WELL-1-GW,Ground Water,,,2022,11/15/2022,,,,,ng/L,0,0,,0,0,0,0,,,0,,,,,,,,,,,0,0,,,,,,,,,,,,,,,,,,,,,,,,,,,,,,,
PFAS Portal et al 2023,DC-WELL-2-GW,Ground Water,,,2022,11/15/2022,,,,,ng/L,3,37,,0,3,2.1,43,,,0,,,,,,,,,,,5.7,16,,,,,,,,,,,,,,,,,,,,,,,,,,,,,,,
PFAS Portal et al 2023,DC-WELL-3-GW,Ground Water,,,2022,11/15/2022,,,,,ng/L,0,0,,0,0,0,0,,,0,,,,,,,,,,,0,0,,,,,,,,,,,,,,,,,,,,,,,,,,,,,,,
PFAS Portal et al 2023,DC-COMBINED-GW,Ground Water,,,2023,11/01/2023,,,,,ng/L,0,0,,0,0,0,0,,,0,,,,,,,,,,,0,0,,,,,,,,,,,,,,,,,,,,,,,,,,,,,,,
PFAS Portal et al 2023,Caretaker-GW,Ground Water,,,2022,08/30/2022,,,,,ng/L,76,39,,3,5.1,9.1,23,,,0,,,,,,,,,,,16,18,,,,,,,,,,,,,,,,,,,,,,,,,,,,,,,
PFAS Portal et al 2023,Raw001-GW,Ground Water,,,2023,07/06/2023,,,,,ng/L,0,0,,0,0,0,0,,,0,,,,,,,,,,,0,0,,,,,,,,,,,,,,,,,,,,,,,,,,,,,,,
PFAS Portal et al 2023,Raw002-GW,Ground Water,,,2023,07/06/2023,,,,,ng/L,0,0,,0,0,0,0,,,0,,,,,,,,,,,0,0,,,,,,,,,,,,,,,,,,,,,,,,,,,,,,,
PFAS Portal et al 2023,Raw002-GW,Ground Water,,,2023,07/06/2023,,,,,ng/L,0,0,,0,0,0,0,,,0,,,,,,,,,,,0,0,,,,,,,,,,,,,,,,,,,,,,,,,,,,,,,
PFAS Portal et al 2023,Raw009-GW,Ground Water,,,2023,07/06/2023,,,,,ng/L,0,0,,0,0,0,0,,,0,,,,,,,,,,,0,0,,,,,,,,,,,,,,,,,,,,,,,,,,,,,,,
PFAS Portal et al 2023,Raw008-GW,Ground Water,,,2023,07/06/2023,,,,,ng/L,0,0,,0,0,0,0,,,0,,,,,,,,,,,0,0,,,,,,,,,,,,,,,,,,,,,,,,,,,,,,,
PFAS Portal et al 2023,CO0159030-009,Ground Water,,,2020,03/25/2020,,,,,ng/L,1.1,0,,0,0,3.5,0,,,0,,,,,,,,,,,1.6,0,,,,,,,,,,,,,,,,,,,,,,,,,,,,,,,
PFAS Portal et al 2023,CO0159030-002,Ground Water,,,2020,03/25/2020,,,,,ng/L,0,0,,0,0,0.5,0,,,0,,,,,,,,,,,0.56,0,,,,,,,,,,,,,,,,,,,,,,,,,,,,,,,
PFAS Portal et al 2023,CO0159030-001,Ground Water,,,2020,03/25/2020,,,,,ng/L,0,0,,0,0,0.51,0,,,0,,,,,,,,,,,0,0,,,,,,,,,,,,,,,,,,,,,,,,,,,,,,,
PFAS Portal et al 2023,CO0230192-002,Ground Water,,,2020,04/11/2020,,,,,ng/L,5.6,6.8,,0,14,4.4,3.7,,,0,,,,,,,,,,,2.3,0,,,,,,,,,,,,,,,,,,,,,,,,,,,,,,,
PFAS Portal et al 2023,CO0230192-001,Ground Water,,,2020,04/11/2020,,,,,ng/L,5.8,12,,0,0.55,32,8.9,,,0,,,,,,,,,,,3.5,0,,,,,,,,,,,,,,,,,,,,,,,,,,,,,,,
PFAS Portal et al 2023,EAST-WELL-GW,Ground Water,,,2023,03/25/2023,,,,,ng/L,4.2,2.3,,0,0,4.9,0.79,,,0,,,,,,,,,,,0,0,,,,,,,,,,,,,,,,,,,,,,,,,,,,,,,
PFAS Portal et al 2023,SV-001-GW,Ground Water,,,2023,10/31/2023,,,,,ng/L,0,0,,0,0,0,0,,,0,,,,,,,,,,,0,0,,,,,,,,,,,,,,,,,,,,,,,,,,,,,,,
PFAS Portal et al 2023,8726-GALLERY-GW,Ground Water,,,2022,09/13/2022,,,,,ng/L,0,0,,0,0,0,0,,,0,,,,,,,,,,,1.3,0,,,,,,,,,,,,,,,,,,,,,,,,,,,,,,,
PFAS Portal et al 2023,8726-DEEP-GW,Ground Water,,,2022,09/13/2022,,,,,ng/L,0.75,0.73,,0,0,0.54,0.66,,,0,,,,,,,,,,,1.1,0,,,,,,,,,,,,,,,,,,,,,,,,,,,,,,,
PFAS Portal et al 2023,FK-WL002-GW,Ground Water,,,2023,01/31/2023,,,,,ng/L,1.8,3,,0.29,0,0.98,1.3,,,0,,,,,,,,,,,2.2,0,,,,,,,,,,,,,,,,,,,,,,,,,,,,,,,
PFAS Portal et al 2023,FK-WL001-GW,Ground Water,,,2023,01/31/2023,,,,,ng/L,1.1,0,,0,0,1.6,0,,,0,,,,,,,,,,,2.5,0,,,,,,,,,,,,,,,,,,,,,,,,,,,,,,,
PFAS Portal et al 2023,CO0203012-002,Ground Water,,,2020,04/14/2020,,,,,ng/L,0,0,,0,0,0.29,0,,,0,,,,,,,,,,,0,0,,,,,,,,,,,,,,,,,,,,,,,,,,,,,,,
PFAS Portal et al 2023,GALLERY-GW,Ground Water,,,2022,09/13/2022,,,,,ng/L,0.64,0.82,,0,0,0.69,0,,,0,,,,,,,,,,,0.68,0,,,,,,,,,,,,,,,,,,,,,,,,,,,,,,,
PFAS Portal et al 2023,DEEP-WELL-GW,Ground Water,,,2022,09/13/2022,,,,,ng/L,1.6,6.8,,0,0,3.8,2.7,,,0,,,,,,,,,,,2,2.2,,,,,,,,,,,,,,,,,,,,,,,,,,,,,,,
PFAS Portal et al 2023,Well7-GW,Ground Water,,,2023,01/12/2023,,,,,ng/L,17,4.6,,0,3.7,21,10,,,0,,,,,,,,,,,6.7,4.4,,,,,,,,,,,,,,,,,,,,,,,,,,,,,,,
PFAS Portal et al 2023,7772-SD-GW,Ground Water,,,2022,09/13/2022,,,,,ng/L,0,3.5,,0,0,1.5,2.6,,,0,,,,,,,,,,,1.9,0,,,,,,,,,,,,,,,,,,,,,,,,,,,,,,,
PFAS Portal et al 2023,CO0159065-001,Ground Water,,,2020,04/20/2020,,,,,ng/L,0,0,,0,0,0.43,0,,,0,,,,,,,,,,,0.22,0,,,,,,,,,,,,,,,,,,,,,,,,,,,,,,,
PFAS Portal et al 2023,CO0203012-012,Ground Water,,,2020,04/10/2020,,,,,ng/L,0,0,,0,0,0.3,0,,,0,,,,,,,,,,,0,0,,,,,,,,,,,,,,,,,,,,,,,,,,,,,,,
PFAS Portal et al 2023,12570-RW01,Ground Water,,,2020,04/19/2020,,,,,ng/L,0,0,,0,0,0.23,0,,,0,,,,,,,,,,,0,0,,,,,,,,,,,,,,,,,,,,,,,,,,,,,,,
PFAS Portal et al 2023,CO0159065-002,Ground Water,,,2020,04/20/2020,,,,,ng/L,0,0,,0,0,0.3,0,,,0,,,,,,,,,,,0,0,,,,,,,,,,,,,,,,,,,,,,,,,,,,,,,
PFAS Portal et al 2023,WAGON-RIM-GW,Ground Water,,,2022,09/13/2022,,,,,ng/L,0,0,,0,0,0,0,,,0,,,,,,,,,,,0,0,,,,,,,,,,,,,,,,,,,,,,,,,,,,,,,
PFAS Portal et al 2023,SANGER-GW,Ground Water,,,2022,09/13/2022,,,,,ng/L,0.46,1.9,,0,0,0.53,1.9,,,0,,,,,,,,,,,3.7,0,,,,,,,,,,,,,,,,,,,,,,,,,,,,,,,
PFAS Portal et al 2023,Well5-GW,Ground Water,,,2023,01/12/2023,,,,,ng/L,0,0.81,,0.27,0,0,0.67,,,0,,,,,,,,,,,0.43,0,,,,,,,,,,,,,,,,,,,,,,,,,,,,,,,
PFAS Portal et al 2023,Well6-GW,Ground Water,,,2023,01/12/2023,,,,,ng/L,0.48,0,,0,0,1.5,0,,,0,,,,,,,,,,,0.74,0,,,,,,,,,,,,,,,,,,,,,,,,,,,,,,,
PFAS Portal et al 2023,WELL-1-RW,Ground Water,,,2023,04/03/2023,,,,,ng/L,1.8,2.3,,0,0,2.6,1.3,,,0,,,,,,,,,,,0,0,,,,,,,,,,,,,,,,,,,,,,,,,,,,,,,
PFAS Portal et al 2023,WELL-1-RW,Ground Water,,,2023,04/03/2023,,,,,ng/L,0,0,,0,0,0,0,,,0,,,,,,,,,,,0,0,,,,,,,,,,,,,,,,,,,,,,,,,,,,,,,
PFAS Portal et al 2023,ES-WELL001-GW,Ground Water,,,2023,03/08/2023,,,,,ng/L,11,8.9,,0,0.9,4.3,5.5,,,0,,,,,,,,,,,1.8,2.5,,,,,,,,,,,,,,,,,,,,,,,,,,,,,,,
PFAS Portal et al 2023,CO0130065-027,Ground Water,,,2020,04/30/2020,,,,,ng/L,1.3,1.7,,0,0,0.92,0.99,,,0,,,,,,,,,,,0.49,0,,,,,,,,,,,,,,,,,,,,,,,,,,,,,,,
PFAS Portal et al 2023,CO0130065-004,Ground Water,,,2020,04/30/2020,,,,,ng/L,4.8,2.6,,0,0.25,3.2,1.9,,,0,,,,,,,,,,,2.6,0,,,,,,,,,,,,,,,,,,,,,,,,,,,,,,,
PFAS Portal et al 2023,W11R-GW,Ground Water,,,2022,12/13/2022,,,,,ng/L,1.8,2.1,,0,0,1.2,1.6,,,0,,,,,,,,,,,1.1,0,,,,,,,,,,,,,,,,,,,,,,,,,,,,,,,
PFAS Portal et al 2023,GALLERY-GW,Ground Water,,,2022,12/13/2022,,,,,ng/L,2.8,1.8,,0,0,2,1,,,0,,,,,,,,,,,2.1,0,,,,,,,,,,,,,,,,,,,,,,,,,,,,,,,
PFAS Portal et al 2023,CO0130065-026,Ground Water,,,2020,04/30/2020,,,,,ng/L,1.3,0,,0,0,0.7,0,,,0,,,,,,,,,,,0.4,0,,,,,,,,,,,,,,,,,,,,,,,,,,,,,,,
PFAS Portal et al 2023,RAW-002-GW,Ground Water,,,2023,03/28/2023,,,,,ng/L,1.4,2.4,,0,0.24,1.6,2.4,,,0,,,,,,,,,,,2.9,0,,,,,,,,,,,,,,,,,,,,,,,,,,,,,,,
PFAS Portal et al 2023,RAW-005-GW,Ground Water,,,2023,03/28/2023,,,,,ng/L,1.3,2.3,,0,0,1.7,2.6,,,0,,,,,,,,,,,2.9,2.6,,,,,,,,,,,,,,,,,,,,,,,,,,,,,,,
PFAS Portal et al 2023,RAW-003-GW,Ground Water,,,2023,03/28/2023,,,,,ng/L,1.2,1.8,,0,0,1.6,2.2,,,0,,,,,,,,,,,3,0,,,,,,,,,,,,,,,,,,,,,,,,,,,,,,,
PFAS Portal et al 2023,RAW-004-GW,Ground Water,,,2023,03/28/2023,,,,,ng/L,0,1.6,,0,0,1.3,1.7,,,0,,,,,,,,,,,2.9,0,,,,,,,,,,,,,,,,,,,,,,,,,,,,,,,
PFAS Portal et al 2023,Wells WV7+8-Raw-GW,Ground Water,,,2022,09/21/2022,,,,,ng/L,1.4,2.7,,0,0,1.1,2.5,,,0,,,,,,,,,,,1.6,0,,,,,,,,,,,,,,,,,,,,,,,,,,,,,,,
PFAS Portal et al 2023,CO0130065-005,Ground Water,,,2020,04/30/2020,,,,,ng/L,6.3,13,,0,0.36,3.5,19,,,0,,,,,,,,,,,6.6,0,,,,,,,,,,,,,,,,,,,,,,,,,,,,,,,
PFAS Portal et al 2023,CO0130065-CRS002,Ground Water,,,2020,04/30/2020,,,,,ng/L,3.8,2.1,,0,0.25,2.8,1.7,,,0,,,,,,,,,,,2.3,0,,,,,,,,,,,,,,,,,,,,,,,,,,,,,,,
PFAS Portal et al 2023,CO0130065-CRS014,Ground Water,,,2020,04/30/2020,,,,,ng/L,9.1,7.2,,0,0.37,5.8,5,,,0,,,,,,,,,,,2.8,0,,,,,,,,,,,,,,,,,,,,,,,,,,,,,,,
PFAS Portal et al 2023,W5-GW,Ground Water,,,2022,12/13/2022,,,,,ng/L,6.6,15,,0,0.42,3.3,25,,,0,,,,,,,,,,,7.8,9.3,,,,,,,,,,,,,,,,,,,,,,,,,,,,,,,
PFAS Portal et al 2023,CO0130065-013,Ground Water,,,2020,04/30/2020,,,,,ng/L,8.6,7,,0,0.4,5.6,4.6,,,0,,,,,,,,,,,2.7,0,,,,,,,,,,,,,,,,,,,,,,,,,,,,,,,
PFAS Portal et al 2023,Edwards Wells-Raw-GW,Ground Water,,,2022,09/26/2022,,,,,ng/L,0.69,0.86,,0,0,1.3,0.76,,,0,,,,,,,,,,,2.1,0,,,,,,,,,,,,,,,,,,,,,,,,,,,,,,,
PFAS Portal et al 2023,CO0119321-003,Ground Water,,,2020,04/01/2020,,,,,ng/L,0,0,,0,0,0.48,0,,,0,,,,,,,,,,,1.9,0,,,,,,,,,,,,,,,,,,,,,,,,,,,,,,,
PFAS Portal et al 2023,CO0119321-002,Ground Water,,,2020,04/01/2020,,,,,ng/L,0,1.4,,0,0,0.33,0.91,,,0,,,,,,,,,,,0.67,0,,,,,,,,,,,,,,,,,,,,,,,,,,,,,,,
PFAS Portal et al 2023,CO0119234-001,Ground Water,,,2020,03/19/2020,,,,,ng/L,1,0,,0,0,0.51,0,,,0,,,,,,,,,,,1.3,0,,,,,,,,,,,,,,,,,,,,,,,,,,,,,,,
PFAS Portal et al 2023,CO0119234-002,Ground Water,,,2020,03/19/2020,,,,,ng/L,0,0,,0,0,0.4,0,,,0,,,,,,,,,,,0.38,0,,,,,,,,,,,,,,,,,,,,,,,,,,,,,,,
PFAS Portal et al 2023,CRS-014-RW,Ground Water,,,2023,05/02/2023,,,,,ng/L,0,1.5,,0,0,1.2,2.7,,,0,,,,,,,,,,,0,0,,,,,,,,,,,,,,,,,,,,,,,,,,,,,,,
PFAS Portal et al 2023,CO0130055-001,Ground Water,,,2020,03/19/2020,,,,,ng/L,0,0.85,,0,0,0,0.54,,,0,,,,,,,,,,,0.63,0,,,,,,,,,,,,,,,,,,,,,,,,,,,,,,,
PFAS Portal et al 2023,CO0130055-004,Ground Water,,,2020,03/19/2020,,,,,ng/L,0.96,1.3,,0,0,0.46,1.5,,,0,,,,,,,,,,,0.56,0,,,,,,,,,,,,,,,,,,,,,,,,,,,,,,,
PFAS Portal et al 2023,W9-GW,Ground Water,,,2022,09/21/2022,,,,,ng/L,1.8,5.2,,0,0,5.2,8,,,0,,,,,,,,,,,15,2.4,,,,,,,,,,,,,,,,,,,,,,,,,,,,,,,
PFAS Portal et al 2023,W7-GW,Ground Water,,,2022,09/21/2022,,,,,ng/L,0,0,,0,0,0,0,,,0,,,,,,,,,,,0,0,,,,,,,,,,,,,,,,,,,,,,,,,,,,,,,
PFAS Portal et al 2023,W3-GW,Ground Water,,,2022,09/21/2022,,,,,ng/L,4.6,14,,0,0.83,6.3,28,,,0,,,,,,,,,,,13,7.7,,,,,,,,,,,,,,,,,,,,,,,,,,,,,,,
PFAS Portal et al 2023,W2-GW,Ground Water,,,2022,09/21/2022,,,,,ng/L,3,8.4,,0,0.34,8.8,7.4,,,0,,,,,,,,,,,3.2,3,,,,,,,,,,,,,,,,,,,,,,,,,,,,,,,
PFAS Portal et al 2023,W7-GW,Ground Water,,,2022,09/21/2022,,,,,ng/L,3.6,3.7,,0,0,11,3.7,,,0,,,,,,,,,,,13,2.8,,,,,,,,,,,,,,,,,,,,,,,,,,,,,,,
PFAS Portal et al 2023,W1-GW,Ground Water,,,2022,09/21/2022,,,,,ng/L,7.2,17,,0,0.97,7,30,,,0,,,,,,,,,,,13,8.1,,,,,,,,,,,,,,,,,,,,,,,,,,,,,,,
PFAS Portal et al 2023,W4-GW,Ground Water,,,2022,09/21/2022,,,,,ng/L,5.3,11,,0,0,12,16,,,0,,,,,,,,,,,19,6.8,,,,,,,,,,,,,,,,,,,,,,,,,,,,,,,
PFAS Portal et al 2023,W10-GW,Ground Water,,,2022,09/21/2022,,,,,ng/L,4.2,9.9,,0,0,10,13,,,0,,,,,,,,,,,18,6.4,,,,,,,,,,,,,,,,,,,,,,,,,,,,,,,
PFAS Portal et al 2023,W5-GW,Ground Water,,,2022,09/21/2022,,,,,ng/L,2.8,5.2,,0,0,8.5,5.2,,,0,,,,,,,,,,,10,5.2,,,,,,,,,,,,,,,,,,,,,,,,,,,,,,,
PFAS Portal et al 2023,WELL-GAS-GW,Ground Water,,,2023,05/23/2023,,,,,ng/L,0,0,,0,0,0,0,,,0,,,,,,,,,,,0,0,,,,,,,,,,,,,,,,,,,,,,,,,,,,,,,
PFAS Portal et al 2023,W6-GW,Ground Water,,,2022,09/21/2022,,,,,ng/L,3.3,3.4,,0,0,8.9,2.8,,,0,,,,,,,,,,,9.5,6.7,,,,,,,,,,,,,,,,,,,,,,,,,,,,,,,
PFAS Portal et al 2023,W6-GW,Ground Water,,,2023,05/23/2023,,,,,ng/L,0,0,,0,0,0,0,,,0,,,,,,,,,,,0,0,,,,,,,,,,,,,,,,,,,,,,,,,,,,,,,
PFAS Portal et al 2023,W5-GW,Ground Water,,,2023,05/23/2023,,,,,ng/L,0,0,,0,0,0,0,,,0,,,,,,,,,,,0,0,,,,,,,,,,,,,,,,,,,,,,,,,,,,,,,
PFAS Portal et al 2023,170-EP01,Ground Water,,,2020,04/20/2020,,,,,ng/L,0,0,,0,0,0,0,,,0,,,,,,,,,,,0,0,,,,,,,,,,,,,,,,,,,,,,,,,,,,,,,
PFAS Portal et al 2023,155-EP01,Ground Water,,,2020,04/30/2020,,,,,ng/L,0,0,,0,0,0,0,,,0,,,,,,,,,,,0,0,,,,,,,,,,,,,,,,,,,,,,,,,,,,,,,
PFAS Portal et al 2023,5943-RW01,Ground Water,,,2020,04/28/2020,,,,,ng/L,0,0,,0,0,0.32,0,,,0,,,,,,,,,,,0,0,,,,,,,,,,,,,,,,,,,,,,,,,,,,,,,
PFAS Portal et al 2023,5943-RW02,Ground Water,,,2020,04/28/2020,,,,,ng/L,0,0,,0,0,0.34,0,,,0,,,,,,,,,,,0,0,,,,,,,,,,,,,,,,,,,,,,,,,,,,,,,
PFAS Portal et al 2023,5943-RW03,Ground Water,,,2020,04/28/2020,,,,,ng/L,0,0,,0,0,0.28,0,,,0,,,,,,,,,,,0,0,,,,,,,,,,,,,,,,,,,,,,,,,,,,,,,
PFAS Portal et al 2023,S-TANI-GW,Ground Water,,,2022,09/16/2022,,,,,ng/L,10,8.5,,3.1,2,5.5,7.3,,,0,,,,,,,,,,,8.9,13,,,,,,,,,,,,,,,,,,,,,,,,,,,,,,,
PFAS Portal et al 2023,STani-SW,Ground Water,39.85846,-104.928392,2023,09/07/2023,,,,,ng/L,5.6,6.6,,0.97,1.1,4.6,11,,,0,,,,,,,,,,,8.1,8,,,,,,,,,,,,,,,,,,,,,,,,,,,,,,,
PFAS Portal et al 2023,Dahlia Wells-GW,Ground Water,,,2023,11/09/2023,,,,,ng/L,48,17,,0.81,5.2,32,4.8,,,0,,,,,,,,,,,24,34,,,,,,,,,,,,,,,,,,,,,,,,,,,,,,,
PFAS Portal et al 2023,DAHLIA-4-GW,Ground Water,,,2023,05/26/2023,,,,,ng/L,48,13,,0.93,4.8,35,2.8,,,0,,,,,,,,,,,22,39,,,,,,,,,,,,,,,,,,,,,,,,,,,,,,,
PFAS Portal et al 2023,DAHLIA-2-GW,Ground Water,,,2023,01/19/2023,,,,,ng/L,54,12,,0.79,4.7,36,2.4,,,0,,,,,,,,,,,23,39,,,,,,,,,,,,,,,,,,,,,,,,,,,,,,,
PFAS Portal et al 2023,DAHLIA-GW,Ground Water,,,2022,09/16/2022,,,,,ng/L,53,11,,0.81,4.1,37,1.4,,,0,,,,,,,,,,,25,36,,,,,,,,,,,,,,,,,,,,,,,,,,,,,,,
PFAS Portal et al 2023,DahliaWells-GW,Ground Water,,,2023,09/07/2023,,,,,ng/L,45,10,,0.81,3.9,38,1.9,,,0,,,,,,,,,,,23,35,,,,,,,,,,,,,,,,,,,,,,,,,,,,,,,
PFAS Portal et al 2023,EP008-DW,Ground Water,,,2023,06/20/2023,,,,,ng/L,0,0,,0,0,0,0,,,0,,,,,,,,,,,0.67,0,,,,,,,,,,,,,,,,,,,,,,,,,,,,,,,
PFAS Portal et al 2023,ARVADA-W5-3-GW,Ground Water,,,2023,05/26/2023,,,,,ng/L,11,10,,1.4,2.2,11,18,,,0,,,,,,,,,,,11,10,,,,,,,,,,,,,,,,,,,,,,,,,,,,,,,
PFAS Portal et al 2023,ARVADA-W/4/3/1-3-GW,Ground Water,,,2023,05/26/2023,,,,,ng/L,14,11,,1.1,2.2,12,15,,,0,,,,,,,,,,,11,13,,,,,,,,,,,,,,,,,,,,,,,,,,,,,,,
PFAS Portal et al 2023,ARVADA-W5-GW,Ground Water,,,2023,01/19/2023,,,,,ng/L,11,12,,1.4,1.6,9,16,,,0,,,,,,,,,,,12,11,,,,,,,,,,,,,,,,,,,,,,,,,,,,,,,
PFAS Portal et al 2023,ARVADA-W4/3/1-GW,Ground Water,,,2023,01/19/2023,,,,,ng/L,12,9.1,,1.1,1.7,9.3,15,,,0,,,,,,,,,,,7.9,11,,,,,,,,,,,,,,,,,,,,,,,,,,,,,,,
PFAS Portal et al 2023,Cooley 5-GW,Ground Water,,,2023,11/09/2023,,,,,ng/L,17,12,,1.6,2.5,15,13,,,0,,,,,,,,,,,12,14,,,,,,,,,,,,,,,,,,,,,,,,,,,,,,,
PFAS Portal et al 2023,Cooley 4-GW,Ground Water,,,2023,11/09/2023,,,,,ng/L,12,10,,1.2,1.8,12,13,,,0,,,,,,,,,,,11,12,,,,,,,,,,,,,,,,,,,,,,,,,,,,,,,
PFAS Portal et al 2023,Cooley 3-GW,Ground Water,,,2023,11/09/2023,,,,,ng/L,16,13,,1.5,2.4,13,16,,,0,,,,,,,,,,,10,12,,,,,,,,,,,,,,,,,,,,,,,,,,,,,,,
PFAS Portal et al 2023,Cooley 1-GW,Ground Water,,,2023,11/09/2023,,,,,ng/L,13,11,,1.4,2.1,12,13,,,0,,,,,,,,,,,9.5,11,,,,,,,,,,,,,,,,,,,,,,,,,,,,,,,
PFAS Portal et al 2023,Cooley5-GW,Ground Water,,,2023,09/07/2023,,,,,ng/L,10,9.7,,1.4,2,12,20,,,0,,,,,,,,,,,9.5,9.7,,,,,,,,,,,,,,,,,,,,,,,,,,,,,,,
PFAS Portal et al 2023,Cooley4-GW,Ground Water,,,2023,09/07/2023,,,,,ng/L,13,11,,1.3,2.2,12,16,,,0,,,,,,,,,,,10,12,,,,,,,,,,,,,,,,,,,,,,,,,,,,,,,
PFAS Portal et al 2023,Cooley3-GW,Ground Water,,,2023,09/07/2023,,,,,ng/L,14,10,,1.5,2,12,14,,,0,,,,,,,,,,,9.6,12,,,,,,,,,,,,,,,,,,,,,,,,,,,,,,,
PFAS Portal et al 2023,Cooley1-GW,Ground Water,,,2023,09/07/2023,,,,,ng/L,13,10,,1.6,2.3,11,15,,,0,,,,,,,,,,,8.6,11,,,,,,,,,,,,,,,,,,,,,,,,,,,,,,,
PFAS Portal et al 2023,CooleyRes-SW,Ground Water,,,2023,09/07/2023,,,,,ng/L,11,9.2,,1.7,1.9,8.2,14,,,0,,,,,,,,,,,8.5,12,,,,,,,,,,,,,,,,,,,,,,,,,,,,,,,
PFAS Portal et al 2023,CO0125288-012,Ground Water,,,2020,04/27/2020,,,,,ng/L,0.56,0,,0,0,0,0,,,0,,,,,,,,,,,4.5,0,,,,,,,,,,,,,,,,,,,,,,,,,,,,,,,
PFAS Portal et al 2023,FRMV Well 1 RAW012-GW,Ground Water,,,2022,10/05/2022,,,,,ng/L,1.4,0,,0,0,1.2,0,,,0,,,,,,,,,,,7.2,0,,,,,,,,,,,,,,,,,,,,,,,,,,,,,,,
PFAS Portal et al 2023,CO0125288-013,Ground Water,,,2020,04/27/2020,,,,,ng/L,0.53,0,,0,0,0,0,,,0,,,,,,,,,,,3.7,0,,,,,,,,,,,,,,,,,,,,,,,,,,,,,,,
PFAS Portal et al 2023,FRMV Well4 RAW013-GW,Ground Water,,,2022,10/05/2022,,,,,ng/L,1.4,0,,0,0,1.2,0,,,0,,,,,,,,,,,4.9,0,,,,,,,,,,,,,,,,,,,,,,,,,,,,,,,
PFAS Portal et al 2023,CO0125288-014,Ground Water,,,2020,04/27/2020,,,,,ng/L,2.8,1.6,,0,0,1.8,0.7,,,0,,,,,,,,,,,4.1,0,,,,,,,,,,,,,,,,,,,,,,,,,,,,,,,
PFAS Portal et al 2023,FRMV Well5 RAW014-GW,Ground Water,,,2022,10/05/2022,,,,,ng/L,3.8,2.3,,0,0,2.8,0.76,,,0,,,,,,,,,,,7.8,0,,,,,,,,,,,,,,,,,,,,,,,,,,,,,,,
PFAS Portal et al 2023,CO0125288-015,Ground Water,,,2020,04/27/2020,,,,,ng/L,2.8,1.4,,0,0,1.9,0.6,,,0,,,,,,,,,,,4.9,0,,,,,,,,,,,,,,,,,,,,,,,,,,,,,,,
PFAS Portal et al 2023,FRMV Well7 RAW015-GW,Ground Water,,,2022,10/05/2022,,,,,ng/L,2.8,1.6,,0,0,1.9,0.58,,,0,,,,,,,,,,,5.9,0,,,,,,,,,,,,,,,,,,,,,,,,,,,,,,,
PFAS Portal et al 2023,4910-RW01,Ground Water,,,2020,04/23/2020,,,,,ng/L,0.53,1.8,,0,2.4,0.96,0,,,0,,,,,,,,,,,0,0,,,,,,,,,,,,,,,,,,,,,,,,,,,,,,,
PFAS Portal et al 2023,A2 Well-GW,Ground Water,,,2022,10/05/2022,,,,,ng/L,0,0,,0,0,0,0,,,0,,,,,,,,,,,0,0,,,,,,,,,,,,,,,,,,,,,,,,,,,,,,,
PFAS Portal et al 2023,A1 Well-GW,Ground Water,,,2022,10/05/2022,,,,,ng/L,0,0,,0,0,0,0,,,0,,,,,,,,,,,0,0,,,,,,,,,,,,,,,,,,,,,,,,,,,,,,,
PFAS Portal et al 2023,CO0125288-006,Ground Water,,,2020,04/27/2020,,,,,ng/L,0,0,,0,0,0,0,,,0,,,,,,,,,,,0,0,,,,,,,,,,,,,,,,,,,,,,,,,,,,,,,
PFAS Portal et al 2023,Well 36 RAW006-GW,Ground Water,,,2022,10/05/2022,,,,,ng/L,0,0,,0,0,0,0,,,0,,,,,,,,,,,0,0,,,,,,,,,,,,,,,,,,,,,,,,,,,,,,,
PFAS Portal et al 2023,CO0125288-003,Ground Water,,,2020,04/27/2020,,,,,ng/L,3.1,1.6,,0,0.89,0.7,0.68,,,0,,,,,,,,,,,1.3,0,,,,,,,,,,,,,,,,,,,,,,,,,,,,,,,
PFAS Portal et al 2023,Well 1 RAW003-GW,Ground Water,,,2022,10/05/2022,,,,,ng/L,3.1,1.4,,0,0.94,0.84,0,,,0,,,,,,,,,,,1.7,0,,,,,,,,,,,,,,,,,,,,,,,,,,,,,,,
PFAS Portal et al 2023,CO0125288-004,Ground Water,,,2020,04/27/2020,,,,,ng/L,6.4,5,,0,0.79,2.3,2.2,,,0,,,,,,,,,,,4.2,0,,,,,,,,,,,,,,,,,,,,,,,,,,,,,,,
PFAS Portal et al 2023,Well 2 RAW004-GW,Ground Water,,,2022,10/05/2022,,,,,ng/L,7.5,5.9,,0,0.96,2.4,2.6,,,0,,,,,,,,,,,7.9,0,,,,,,,,,,,,,,,,,,,,,,,,,,,,,,,
PFAS Portal et al 2023,CO0125288-009,Ground Water,,,2020,04/27/2020,,,,,ng/L,1,0,,0,0,0,0,,,0,,,,,,,,,,,0.48,0,,,,,,,,,,,,,,,,,,,,,,,,,,,,,,,
PFAS Portal et al 2023,CO0125288-011,Ground Water,,,2020,04/27/2020,,,,,ng/L,8.6,1.6,,0,3.8,3.9,0.94,,,0,,,,,,,,,,,4.3,0,,,,,,,,,,,,,,,,,,,,,,,,,,,,,,,
PFAS Portal et al 2023,Well 5R RAW020-GW,Ground Water,,,2022,10/05/2022,,,,,ng/L,2.5,2.1,,0,0.31,1.2,0.91,,,0,,,,,,,,,,,2.8,0,,,,,,,,,,,,,,,,,,,,,,,,,,,,,,,
PFAS Portal et al 2023,CO0125288-010,Ground Water,,,2020,04/27/2020,,,,,ng/L,2,1.3,,0,0,0.78,0.52,,,0,,,,,,,,,,,3.1,0,,,,,,,,,,,,,,,,,,,,,,,,,,,,,,,
PFAS Portal et al 2023,Well 8 RAW010-GW,Ground Water,,,2022,10/05/2022,,,,,ng/L,4,2.3,,0,0.29,1.4,0.88,,,0,,,,,,,,,,,7.5,0,,,,,,,,,,,,,,,,,,,,,,,,,,,,,,,
PFAS Portal et al 2023,CO0125288-020,Ground Water,,,2020,04/27/2020,,,,,ng/L,1.1,1.3,,0,0,0.81,0.61,,,0,,,,,,,,,,,1.4,0,,,,,,,,,,,,,,,,,,,,,,,,,,,,,,,
PFAS Portal et al 2023,CO0101025-017,Ground Water,,,2020,04/29/2020,,,,,ng/L,15,11,,2.8,2.2,9.4,4.3,,,0,,,,,,,,,,,9.9,0,,,,,,,,,,,,,,,,,,,,,,,,,,,,,,,
PFAS Portal et al 2023,CO0101025-018,Ground Water,,,2020,04/28/2020,,,,,ng/L,16,11,,3.1,2.1,9.5,4,,,0,,,,,,,,,,,10,0,,,,,,,,,,,,,,,,,,,,,,,,,,,,,,,
PFAS Portal et al 2023,CO0101025-006,Ground Water,,,2020,04/23/2020,,,,,ng/L,18,12,,0,1.9,19,20,,,0,,,,,,,,,,,15,0,,,,,,,,,,,,,,,,,,,,,,,,,,,,,,,
PFAS Portal et al 2023,CO0101025-003,Ground Water,,,2020,04/23/2020,,,,,ng/L,17,14,,0,2,14,27,,,0,,,,,,,,,,,14,0,,,,,,,,,,,,,,,,,,,,,,,,,,,,,,,
PFAS Portal et al 2023,CO0101025-022,Ground Water,,,2020,04/23/2020,,,,,ng/L,18,16,,0,2.1,19,26,,,0,,,,,,,,,,,16,0,,,,,,,,,,,,,,,,,,,,,,,,,,,,,,,
PFAS Portal et al 2023,CO0101025-004,Ground Water,,,2020,04/23/2020,,,,,ng/L,19,17,,0,1.9,16,32,,,0,,,,,,,,,,,15,0,,,,,,,,,,,,,,,,,,,,,,,,,,,,,,,
PFAS Portal et al 2023,CO0101025-005,Ground Water,,,2020,04/23/2020,,,,,ng/L,26,14,,0,2,21,26,,,0,,,,,,,,,,,16,0,,,,,,,,,,,,,,,,,,,,,,,,,,,,,,,
PFAS Portal et al 2023,CO0101025-019,Ground Water,,,2020,04/23/2020,,,,,ng/L,23,16,,0,2.3,25,29,,,0,,,,,,,,,,,19,0,,,,,,,,,,,,,,,,,,,,,,,,,,,,,,,
PFAS Portal et al 2023,CO0152505-004,Ground Water,,,2020,04/22/2020,,,,,ng/L,0,0,,0,0,0,0,,,0,,,,,,,,,,,0,0,,,,,,,,,,,,,,,,,,,,,,,,,,,,,,,
PFAS Portal et al 2023,CO0152505-005,Ground Water,,,2020,04/22/2020,,,,,ng/L,0,0,,0,0,0,0,,,0,,,,,,,,,,,0,0,,,,,,,,,,,,,,,,,,,,,,,,,,,,,,,
PFAS Portal et al 2023,CO0152505-002,Ground Water,,,2020,04/22/2020,,,,,ng/L,0,0,,0,0,0,0,,,0,,,,,,,,,,,0,0,,,,,,,,,,,,,,,,,,,,,,,,,,,,,,,
PFAS Portal et al 2023,CO0152505-003,Ground Water,,,2020,04/22/2020,,,,,ng/L,0,0,,0,0,0,0,,,0,,,,,,,,,,,0,0,,,,,,,,,,,,,,,,,,,,,,,,,,,,,,,
PFAS Portal et al 2023,CO0152505-006,Ground Water,,,2020,04/22/2020,,,,,ng/L,0,0,,0,0,0,0,,,0,,,,,,,,,,,0,0,,,,,,,,,,,,,,,,,,,,,,,,,,,,,,,
PFAS Portal et al 2023,CO0162486-001,Ground Water,,,2020,03/17/2020,,,,,ng/L,14,8.1,,0.32,2.1,10,7.2,,,0,,,,,,,,,,,7.7,0,,,,,,,,,,,,,,,,,,,,,,,,,,,,,,,
PFAS Portal et al 2023,CO0152505-011,Ground Water,,,2020,04/22/2020,,,,,ng/L,0,0,,0,0,0,0,,,0,,,,,,,,,,,0,0,,,,,,,,,,,,,,,,,,,,,,,,,,,,,,,
PFAS Portal et al 2023,CO0162486-002,Ground Water,,,2020,03/17/2020,,,,,ng/L,17,22,,0,1.8,37,46,,,0,,,,,,,,,,,12,0,,,,,,,,,,,,,,,,,,,,,,,,,,,,,,,
PFAS Portal et al 2023,1381-RW01,Ground Water,,,2020,04/15/2020,,,,,ng/L,520,42,,0,0,330,31,,,0,,,,,,,,,,,40,0,,,,,,,,,,,,,,,,,,,,,,,,,,,,,,,
PFAS Portal et al 2023,1381-RW02,Ground Water,,,2020,04/15/2020,,,,,ng/L,0.8,0,,0,0,0.41,0,,,0,,,,,,,,,,,0,0,,,,,,,,,,,,,,,,,,,,,,,,,,,,,,,
PFAS Portal et al 2023,1381-RW03,Ground Water,,,2020,04/15/2020,,,,,ng/L,460,19,,0,0.32,310,56,,,0,,,,,,,,,,,48,0,,,,,,,,,,,,,,,,,,,,,,,,,,,,,,,
PFAS Portal et al 2023,1381-RW04,Ground Water,,,2020,04/15/2020,,,,,ng/L,0,0,,0,0,0.27,0,,,0,,,,,,,,,,,0,0,,,,,,,,,,,,,,,,,,,,,,,,,,,,,,,
PFAS Portal et al 2023,1384-RW01,Ground Water,,,2020,04/15/2020,,,,,ng/L,0,0,,0,0,0.28,0,,,0,,,,,,,,,,,0,0,,,,,,,,,,,,,,,,,,,,,,,,,,,,,,,
PFAS Portal et al 2023,1384-RW02,Ground Water,,,2020,04/15/2020,,,,,ng/L,0.84,0,,0,0,4,0,,,0,,,,,,,,,,,0.83,0,,,,,,,,,,,,,,,,,,,,,,,,,,,,,,,
PFAS Portal et al 2023,RW001-GW,Ground Water,,,2023,01/23/2023,,,,,ng/L,0,0,,0,0,0,0,,,0,,,,,,,,,,,0,0,,,,,,,,,,,,,,,,,,,,,,,,,,,,,,,
PFAS Portal et al 2023,008 Well#11-GW,Ground Water,,,2022,09/20/2022,,,,,ng/L,12,8.4,,0,1.5,9.9,10,,,0,,,,,,,,,,,13,14,,,,,,,,,,,,,,,,,,,,,,,,,,,,,,,
PFAS Portal et al 2023,017 Well#14-GW,Ground Water,,,2022,09/20/2022,,,,,ng/L,0,0,,0,0,0,0,,,0,,,,,,,,,,,0,0,,,,,,,,,,,,,,,,,,,,,,,,,,,,,,,
PFAS Portal et al 2023,003 Well#5-GW,Ground Water,,,2022,09/20/2022,,,,,ng/L,0,0,,0,0,0,0,,,0,,,,,,,,,,,0,0,,,,,,,,,,,,,,,,,,,,,,,,,,,,,,,
PFAS Portal et al 2023,002 Well#4-GW,Ground Water,,,2022,09/20/2022,,,,,ng/L,0,0,,0,0,0,0,,,0,,,,,,,,,,,0,0,,,,,,,,,,,,,,,,,,,,,,,,,,,,,,,
PFAS Portal et al 2023,004 Well#7-GW,Ground Water,,,2022,09/20/2022,,,,,ng/L,0,0,,0,0,0,0,,,0,,,,,,,,,,,0,0,,,,,,,,,,,,,,,,,,,,,,,,,,,,,,,
PFAS Portal et al 2023,001 Well#2-GW,Ground Water,,,2022,09/20/2022,,,,,ng/L,0,0,,0,0,0,0,,,0,,,,,,,,,,,0,0,,,,,,,,,,,,,,,,,,,,,,,,,,,,,,,
PFAS Portal et al 2023,1357-RW01,Ground Water,,,2020,04/15/2020,,,,,ng/L,0,0,,0,0,0.29,0,,,0,,,,,,,,,,,0,0,,,,,,,,,,,,,,,,,,,,,,,,,,,,,,,
PFAS Portal et al 2023,1357-RW02,Ground Water,,,2020,04/15/2020,,,,,ng/L,0,0,,0,0,0.27,0,,,0,,,,,,,,,,,0,0,,,,,,,,,,,,,,,,,,,,,,,,,,,,,,,
PFAS Portal et al 2023,1357-RW03,Ground Water,,,2020,04/15/2020,,,,,ng/L,0,0,,0,0,0.35,0,,,0,,,,,,,,,,,0.29,0,,,,,,,,,,,,,,,,,,,,,,,,,,,,,,,
PFAS Portal et al 2023,004 Well 2-GW,Ground Water,,,2023,01/24/2023,,,,,ng/L,0,0,,0,0,0,0,,,0,,,,,,,,,,,0.54,0,,,,,,,,,,,,,,,,,,,,,,,,,,,,,,,
PFAS Portal et al 2023,W2-GW,Ground Water,,,2023,06/08/2023,,,,,ng/L,0,0,,0,0,0,0,,,0,,,,,,,,,,,0.3,0,,,,,,,,,,,,,,,,,,,,,,,,,,,,,,,
PFAS Portal et al 2023,003 Well 1-GW,Ground Water,,,2023,01/24/2023,,,,,ng/L,1.5,3.1,,0,0,1.4,1.3,,,0,,,,,,,,,,,2.1,0,,,,,,,,,,,,,,,,,,,,,,,,,,,,,,,
PFAS Portal et al 2023,W1-GW,Ground Water,,,2023,06/08/2023,,,,,ng/L,1.3,2.6,,0,0,1.2,1.2,,,0,,,,,,,,,,,1.8,0,,,,,,,,,,,,,,,,,,,,,,,,,,,,,,,
PFAS Portal et al 2023,Well 1 - GW,Ground Water,,,2023,05/23/2023,,,,,ng/L,3.4,0,,0,0,8.6,0,,,0,,,,,,,,,,,1.8,0,,,,,,,,,,,,,,,,,,,,,,,,,,,,,,,
PFAS Portal et al 2023,Raw Water - GW,Ground Water,,,2023,10/02/2023,,,,,ng/L,0,0,,0,0,0,0,,,0,,,,,,,,,,,0.88,0,,,,,,,,,,,,,,,,,,,,,,,,,,,,,,,
PFAS Portal et al 2023,Well 1 - GW,Ground Water,,,2023,05/23/2023,,,,,ng/L,0,0,,0,0,1.1,0,,,0,,,,,,,,,,,3.5,0,,,,,,,,,,,,,,,,,,,,,,,,,,,,,,,
PFAS Portal et al 2023,Well 1 - GW,Ground Water,,,2023,05/23/2023,,,,,ng/L,0,11,,0,0,2.5,18,,,0,,,,,,,,,,,2.9,6.1,,,,,,,,,,,,,,,,,,,,,,,,,,,,,,,
PFAS Portal et al 2023,12312-EP01,Ground Water,,,2020,04/17/2020,,,,,ng/L,0,0,,0,0,0,0,,,0,,,,,,,,,,,0,0,,,,,,,,,,,,,,,,,,,,,,,,,,,,,,,
PFAS Portal et al 2023,CO0138045-029,Ground Water,,,2020,03/24/2020,,,,,ng/L,0,0,,0,0,0.3,0,,,0,,,,,,,,,,,0,0,,,,,,,,,,,,,,,,,,,,,,,,,,,,,,,
PFAS Portal et al 2023,CO0138045-012,Ground Water,,,2020,03/24/2020,,,,,ng/L,3.5,1.4,,0,0,2.1,1.1,,,0,,,,,,,,,,,1.8,0,,,,,,,,,,,,,,,,,,,,,,,,,,,,,,,
PFAS Portal et al 2023,CO0138045-031,Ground Water,,,2020,03/24/2020,,,,,ng/L,7.6,1.9,,0,0,6.5,1.9,,,0,,,,,,,,,,,4.9,0,,,,,,,,,,,,,,,,,,,,,,,,,,,,,,,
PFAS Portal et al 2023,CO0138045-040,Ground Water,,,2020,03/24/2020,,,,,ng/L,0,0,,0,0,0.33,0,,,0,,,,,,,,,,,0,0,,,,,,,,,,,,,,,,,,,,,,,,,,,,,,,
PFAS Portal et al 2023,CO0138045-039,Ground Water,,,2020,03/24/2020,,,,,ng/L,7.2,2.4,,0,0.4,5.7,2.6,,,0,,,,,,,,,,,4.3,0,,,,,,,,,,,,,,,,,,,,,,,,,,,,,,,
PFAS Portal et al 2023,CO0138045-038,Ground Water,,,2020,03/24/2020,,,,,ng/L,0,0,,0,0,0.23,0,,,0,,,,,,,,,,,0.78,0,,,,,,,,,,,,,,,,,,,,,,,,,,,,,,,
PFAS Portal et al 2023,CO0138045-009,Ground Water,,,2020,03/24/2020,,,,,ng/L,4.9,2.1,,0,0,3.8,2.1,,,0,,,,,,,,,,,3.3,0,,,,,,,,,,,,,,,,,,,,,,,,,,,,,,,
PFAS Portal et al 2023,CO0138045-019,Ground Water,,,2020,03/24/2020,,,,,ng/L,16,4.7,,0,1,9.3,3.6,,,0,,,,,,,,,,,7.7,0,,,,,,,,,,,,,,,,,,,,,,,,,,,,,,,
PFAS Portal et al 2023,CO0138045-028,Ground Water,,,2020,03/24/2020,,,,,ng/L,12,2.3,,0,0,9.5,1.8,,,0,,,,,,,,,,,6.3,0,,,,,,,,,,,,,,,,,,,,,,,,,,,,,,,
PFAS Portal et al 2023,CO0138045-021,Ground Water,,,2020,03/24/2020,,,,,ng/L,9.6,3.7,,0,0.68,8.7,4.7,,,0,,,,,,,,,,,7.7,0,,,,,,,,,,,,,,,,,,,,,,,,,,,,,,,
PFAS Portal et al 2023,CO0138045-005,Ground Water,,,2020,03/24/2020,,,,,ng/L,10,0,,0,0.4,12,0,,,0,,,,,,,,,,,9.3,0,,,,,,,,,,,,,,,,,,,,,,,,,,,,,,,
PFAS Portal et al 2023,CO0138045-025,Ground Water,,,2020,03/24/2020,,,,,ng/L,6.1,0,,0,0,5.7,0,,,0,,,,,,,,,,,4.5,0,,,,,,,,,,,,,,,,,,,,,,,,,,,,,,,
PFAS Portal et al 2023,CO0138045-027,Ground Water,,,2020,03/24/2020,,,,,ng/L,9.1,2.7,,0,0.42,9.7,3,,,0,,,,,,,,,,,8.4,0,,,,,,,,,,,,,,,,,,,,,,,,,,,,,,,
PFAS Portal et al 2023,6990-RW01,Ground Water,,,2020,04/15/2020,,,,,ng/L,4.4,3.1,,0,1.2,1.7,2.8,,,0,,,,,,,,,,,1.4,0,,,,,,,,,,,,,,,,,,,,,,,,,,,,,,,
PFAS Portal et al 2023,6990-RW02,Ground Water,37.130151,-107.786913,2020,04/15/2020,,,,,ng/L,0,0.81,,0,0,0.25,0,,,0,,,,,,,,,,,0,0,,,,,,,,,,,,,,,,,,,,,,,,,,,,,,,
PFAS Portal et al 2023,Florida After Airport-SW,Surface Water,37.180268,-107.752419,2023,03/29/2023,,,,,ng/L,6.9,1.1,,0,0,12,4.7,,,0,,,,,,,,,,,4.9,0,,,,,,,,,,,,,,,,,,,,,,,,,,,,,,,
PFAS Portal et al 2023,Florida Before Airport-SW,Surface Water,37.1855454,-107.8788787,2023,03/29/2023,,,,,ng/L,0,0,,0,0,0,0.63,,,0,,,,,,,,,,,2.3,0,,,,,,,,,,,,,,,,,,,,,,,,,,,,,,,
PFAS Portal et al 2023,Animas After Airpark-SW,Surface Water,37.2213813,-107.8594529,2023,04/05/2023,,,,,ng/L,0,0,,0,0,0.68,0.64,,,0,,,,,,,,,,,1.1,0,,,,,,,,,,,,,,,,,,,,,,,,,,,,,,,
PFAS Portal et al 2023,Animas Before Airpark-SW,Surface Water,37.221988,-107.6083712,2023,04/05/2023,,,,,ng/L,0.86,0,,0,0,0.66,0.87,,,0,,,,,,,,,,,1.1,0,,,,,,,,,,,,,,,,,,,,,,,,,,,,,,,
PFAS Portal et al 2023,Los Pinos After Heartwood-SW,Surface Water,37.233976,-107.86872,2023,03/08/2023,,,,,ng/L,0,1.3,,0,0,0,0,,,0,,,,,,,,,,,0.43,0,,,,,,,,,,,,,,,,,,,,,,,,,,,,,,,
PFAS Portal et al 2023,Animas After Bodo-SW,Surface Water,37.236042,-107.621866,2023,03/29/2023,,,,,ng/L,0,0.83,,0,0,0.7,0.95,,,0,,,,,,,,,,,0.93,0,,,,,,,,,,,,,,,,,,,,,,,,,,,,,,,
PFAS Portal et al 2023,Heartwood N Headgate Irrigation-SW,Surface Water,37.236042,-107.621866,2023,10/04/2023,,,,,ng/L,0,0,,0,0,0,0,,,0,,,,,,,,,,,0.36,0,,,,,,,,,,,,,,,,,,,,,,,,,,,,,,,
PFAS Portal et al 2023,Heartwood N Headgate Irrigation-SW,Surface Water,37.249474,-107.872558,2023,07/10/2023,,,,,ng/L,0,0,,0,0,0,0,,,0,,,,,,,,,,,0.58,0,,,,,,,,,,,,,,,,,,,,,,,,,,,,,,,
PFAS Portal et al 2023,Animas Before Bodo-SW,Surface Water,37.274751,-107.884269,2023,03/29/2023,,,,,ng/L,0,0,,0,0,0,0.83,,,0,,,,,,,,,,,0.93,0,,,,,,,,,,,,,,,,,,,,,,,,,,,,,,,
PFAS Portal et al 2023,Animas After Fire Station-SW,Surface Water,37.279332,-107.880387,2023,03/29/2023,,,,,ng/L,0,0,,0,0,0,0,,,0,,,,,,,,,,,0.52,0,,,,,,,,,,,,,,,,,,,,,,,,,,,,,,,
PFAS Portal et al 2023,Animas Before Fire Station-SW,Surface Water,37.2873,-104.318767,2023,03/29/2023,,,,,ng/L,0,0,,0,0,0,0,,,0,,,,,,,,,,,0.4,0,,,,,,,,,,,,,,,,,,,,,,,,,,,,,,,
PFAS Portal et al 2023,COARLA07-11,Surface Water,37.302319,-107.606496,2020,04/23/2020,,,,,ng/L,0.47,0,,0,0,0.38,1.8,,,0,,,,,,,,,,,0.86,0,,,,,,,,,,,,,,,,,,,,,,,,,,,,,,,
PFAS Portal et al 2023,Los Pinos Before Heartwood-SW,Surface Water,37.328908,-106.956028,2023,03/08/2023,,,,,ng/L,0,0.81,,0,0,0,0,,,0,,,,,,,,,,,0.44,0,,,,,,,,,,,,,,,,,,,,,,,,,,,,,,,
PFAS Portal et al 2023,COSJSJ05-137,Surface Water,37.43387252,-107.5538648,2020,04/22/2020,,,,,ng/L,0,0,,0,0,0.26,0,,,0,,,,,,,,,,,0.22,0,,,,,,,,,,,,,,,,,,,,,,,,,,,,,,,
PFAS Portal et al 2023,Freeman Creek Pipeline-SW,Surface Water,37.45838,-107.799868,2023,10/04/2023,,,,,ng/L,0,0,,0,0,0,0,,,0,,,,,,,,,,,0,0,,,,,,,,,,,,,,,,,,,,,,,,,,,,,,,
PFAS Portal et al 2023,Bakers Bridge-SW,Surface Water,37.47563,-105.86647,2023,04/05/2023,,,,,ng/L,0,0,,0,0,0,0,,,0,,,,,,,,,,,0.4,0,,,,,,,,,,,,,,,,,,,,,,,,,,,,,,,
PFAS Portal et al 2023,CORGRG12-8305,Surface Water,37.6594431,-107.8115292,2020,04/22/2020,,,,,ng/L,0,0,,0,0,0.34,0,,,0,,,,,,,,,,,0.48,0,,,,,,,,,,,,,,,,,,,,,,,,,,,,,,,
PFAS Portal et al 2023,Purg Metro District-SW,Surface Water,37.796058,-107.669245,2023,04/05/2023,,,,,ng/L,0,0,,0,0,0,0,,,0,,,,,,,,,,,0,0,,,,,,,,,,,,,,,,,,,,,,,,,,,,,,,
PFAS Portal et al 2023,COSJAF04A-82,Surface Water,37.946917,-104.859004,2020,04/22/2020,,,,,ng/L,0,0,,0,0,0.27,0,,,0,,,,,,,,,,,0.33,0,,,,,,,,,,,,,,,,,,,,,,,,,,,,,,,
PFAS Portal et al 2023,BECKWITH-SW,Surface Water,37.982983,-105.049167,2023,09/07/2023,,,,,ng/L,0,0,,0,0.41,0.7,0.69,,,0,,,,,,,,,,,0.54,0,,,,,,,,,,,,,,,,,,,,,,,,,,,,,,,
PFAS Portal et al 2023,ISABEL-SW,Surface Water,38.106027,-102.619077,2023,09/07/2023,,,,,ng/L,0,0,,0,0,0,0.53,,,0,,,,,,,,,,,0.21,0,,,,,,,,,,,,,,,,,,,,,,,,,,,,,,,
PFAS Portal et al 2023,COARLA01C-7808,Surface Water,38.15626662,-107.7442813,2020,04/22/2020,,,,,ng/L,3.7,2.6,,0,0.33,6.4,2.7,,,0,,,,,,,,,,,7.6,0,,,,,,,,,,,,,,,,,,,,,,,,,,,,,,,
PFAS Portal et al 2023,004-P7WA South Unc UPS,Surface Water,38.179481,-104.139497,2023,11/20/2023,,,,,ng/L,0,0,,0,0,0,0,,,0,,,,,,,,,,,0,0,,,,,,,,,,,,,,,,,,,,,,,,,,,,,,,
PFAS Portal et al 2023,COARLA01B-7520,Surface Water,38.18145457,-107.7495395,2020,04/22/2020,,,,,ng/L,5,3.9,,0,0.42,5.7,4.7,,,0,,,,,,,,,,,3.3,0,,,,,,,,,,,,,,,,,,,,,,,,,,,,,,,
PFAS Portal et al 2023,003-P7WA South Dam IN,Surface Water,38.21892429,-104.5373867,2023,11/20/2023,,,,,ng/L,0,0,,0,0,0,0,,,0,,,,,,,,,,,0,0,,,,,,,,,,,,,,,,,,,,,,,,,,,,,,,
PFAS Portal et al 2023,CO0151750-004,Surface Water,38.22053,-104.482592,2020,04/22/2020,,,,,ng/L,14,2.6,,0,0,0.42,0.64,,,0,,,,,,,,,,,0.58,0,,,,,,,,,,,,,,,,,,,,,,,,,,,,,,,
PFAS Portal et al 2023,BESSEMER-DITCH-SW,Surface Water,38.232821,-104.633108,2023,09/06/2023,,,,,ng/L,0,0,,0,0,0,0.9,,,0,,,,,,,,,,,0.62,0,,,,,,,,,,,,,,,,,,,,,,,,,,,,,,,
PFAS Portal et al 2023,MINNEQUA-SW,Surface Water,38.24397715,-107.7516595,2023,09/06/2023,,,,,ng/L,4.7,5.3,,1.1,1.2,2.5,7.7,,,0,,,,,,,,,,,14,8.6,,,,,,,,,,,,,,,,,,,,,,,,,,,,,,,
PFAS Portal et al 2023,002-P7WA South at Ridgway Dam Outlet,Surface Water,38.23529353,-107.7629875,2023,08/21/2023,,,,,ng/L,0,0,,0,0,0,0,,,0,,,,,,,,,,,0.7,0,,,,,,,,,,,,,,,,,,,,,,,,,,,,,,,
PFAS Portal et al 2023,002-P7WA South Dam Out,Surface Water,38.240618,-104.33622,2023,11/20/2023,,,,,ng/L,0,0,,0,0,0,0,,,0,,,,,,,,,,,0.54,0,,,,,,,,,,,,,,,,,,,,,,,,,,,,,,,
PFAS Portal et al 2023,AVONDALE-SEWAGE-WW,Surface Water,38.245756,-104.48953,2023,09/06/2023,,,,,ng/L,5.9,5.6,,2.5,0,6.4,11,,,0,,,,,,,,,,,8.3,0,,,,,,,,,,,,,,,,,,,,,,,,,,,,,,,
PFAS Portal et al 2023,ST-CHARLES-AIRPORT-SW,Surface Water,38.246157,-104.589354,2023,09/06/2023,,,,,ng/L,3.1,0,,0.4,0.46,1.5,1.1,,,0,,,,,,,,,,,1.1,0,,,,,,,,,,,,,,,,,,,,,,,,,,,,,,,
PFAS Portal et al 2023,SALT-CREEK-SW,Surface Water,38.25753164,-104.6017075,2023,09/06/2023,,,,,ng/L,0.65,0,,0,0.34,0,0.97,,,0,,,,,,,,,,,0.85,0,,,,,,,,,,,,,,,,,,,,,,,,,,,,,,,
PFAS Portal et al 2023,CO0151750-005,Surface Water,38.254169,-104.736043,2020,04/21/2020,,,,,ng/L,0.62,0.69,,0,0,0.42,0.79,,,0,,,,,,,,,,,0.86,0,,,,,,,,,,,,,,,,,,,,,,,,,,,,,,,
PFAS Portal et al 2023,PR-SOUTH-SHORE-SW,Surface Water,38.255114,-104.590808,2023,09/05/2023,,,,,ng/L,0,0,,0,0,0,0.88,,,0,,,,,,,,,,,0.68,0,,,,,,,,,,,,,,,,,,,,,,,,,,,,,,,
PFAS Portal et al 2023,FOUNTAIN-CONFLUENCE-SW,Surface Water,38.255464,-104.599507,2023,09/06/2023,,,,,ng/L,19,15,,0.42,1.1,31,21,,,0,,,,,,,,,,,26,12,,,,,,,,,,,,,,,,,,,,,,,,,,,,,,,
PFAS Portal et al 2023,RUNYON-SW,Surface Water,38.259333,-104.704452,2023,09/06/2023,,,,,ng/L,2.4,0,,0.38,0.25,0.83,1.1,,,0,,,,,,,,,,,0.96,0,,,,,,,,,,,,,,,,,,,,,,,,,,,,,,,
PFAS Portal et al 2023,VALCO-SW,Surface Water,38.269715,-104.67635,2023,09/05/2023,,,,,ng/L,5.9,0,,0.67,0.9,0,0.94,,,0,,,,,,,,,,,1,0,,,,,,,,,,,,,,,,,,,,,,,,,,,,,,,
PFAS Portal et al 2023,ARK-NWDC-SW,Surface Water,38.270211,-104.710028,2023,09/05/2023,,,,,ng/L,0.48,0,,0,0.26,0,0.9,,,0,,,,,,,,,,,0.82,0,,,,,,,,,,,,,,,,,,,,,,,,,,,,,,,
PFAS Portal et al 2023,PR-ANTICLINE-SW,Surface Water,38.27079,-104.719603,2023,09/06/2023,,,,,ng/L,1.7,1.8,,1.4,1.2,1.3,1.9,,,0,,,,,,,,,,,1.9,0,,,,,,,,,,,,,,,,,,,,,,,,,,,,,,,
PFAS Portal et al 2023,PR-DS-DAM-SW,Surface Water,38.270912,-104.600635,2023,09/05/2023,,,,,ng/L,0,0,,0,0,0,0.78,,,0,,,,,,,,,,,0.59,0,,,,,,,,,,,,,,,,,,,,,,,,,,,,,,,
PFAS Portal et al 2023,COARFO02B-7360,Surface Water,38.27131,-104.768306,2020,04/21/2020,,,,,ng/L,19,13,,0.38,1,33,18,,,0,,,,,,,,,,,25,0,,,,,,,,,,,,,,,,,,,,,,,,,,,,,,,
PFAS Portal et al 2023,PR-NORTH-SHORE-SW,Surface Water,38.273146,-104.71185,2023,09/05/2023,,,,,ng/L,0.62,0,,0.41,0.34,0,0.94,,,0,,,,,,,,,,,0.65,0,,,,,,,,,,,,,,,,,,,,,,,,,,,,,,,
PFAS Portal et al 2023,PR-SWIM-SW,Surface Water,38.278887,-104.638865,2023,09/07/2023,,,,,ng/L,0,1.3,,0.32,0.47,0.81,1.1,,,0,,,,,,,,,,,0.71,0,,,,,,,,,,,,,,,,,,,,,,,,,,,,,,,
PFAS Portal et al 2023,WILDHORSE-SW,Surface Water,38.280223,-104.72808,2023,09/05/2023,,,,,ng/L,4.2,7,,0.39,0.48,2.3,9.1,,,0,,,,,,,,,,,9.2,5,,,,,,,,,,,,,,,,,,,,,,,,,,,,,,,
PFAS Portal et al 2023,PR-US-DAM-SW,Surface Water,38.29150145,-107.7586178,2023,09/05/2023,,,,,ng/L,0,0,,0,0,0,0.86,,,0,,,,,,,,,,,0.67,0,,,,,,,,,,,,,,,,,,,,,,,,,,,,,,,
PFAS Portal et al 2023,001-P7WA S. O U river,Surface Water,38.28397778,-107.7682236,2023,11/20/2023,,,,,ng/L,0,0,,0,0,0,0,,,0,,,,,,,,,,,0.49,0,,,,,,,,,,,,,,,,,,,,,,,,,,,,,,,
PFAS Portal et al 2023,001-P7WA South at Uncompahgre River,Surface Water,38.301385,-104.60372,2023,08/21/2023,,,,,ng/L,0,0,,0,0,0,0,,,0,,,,,,,,,,,0.67,0,,,,,,,,,,,,,,,,,,,,,,,,,,,,,,,
PFAS Portal et al 2023,FOUNTAIN-HWY47-SW,Surface Water,38.302624,-104.856133,2023,09/06/2023,,,,,ng/L,20,15,,0.48,1.4,29,21,,,0,,,,,,,,,,,23,16,,,,,,,,,,,,,,,,,,,,,,,,,,,,,,,
PFAS Portal et al 2023,ARK-US-PR-SW,Surface Water,38.41577131,-105.1570335,2023,09/05/2023,,,,,ng/L,0,0,,0,0,0,0.92,,,0,,,,,,,,,,,0.8,0,,,,,,,,,,,,,,,,,,,,,,,,,,,,,,,
PFAS Portal et al 2023,CO0122500-003,Surface Water,38.4298,-104.598182,2020,04/22/2020,,,,,ng/L,0,0,,0,0,0.37,0,,,0,,,,,,,,,,,0.63,0,,,,,,,,,,,,,,,,,,,,,,,,,,,,,,,
PFAS Portal et al 2023,FOUNTAIN CREEK-7340,Surface Water,38.45007399,-105.8384844,2020,04/21/2020,,,,,ng/L,21,13,,0.46,0.9,36,21,,,0,,,,,,,,,,,23,0,,,,,,,,,,,,,,,,,,,,,,,,,,,,,,,
PFAS Portal et al 2023,AR-DSDF,Surface Water,38.46361713,-105.9591209,2023,07/19/2023,,,,,ng/L,0,0,,0,0,0,0,,,0,,,,,,,,,,,0.48,0,,,,,,,,,,,,,,,,,,,,,,,,,,,,,,,
PFAS Portal et al 2023,BC2-DSDF,Surface Water,38.46361713,-105.9591209,2023,07/19/2023,,,,,ng/L,0,0,,0,0,0,0,,,0,,,,,,,,,,,0,0,,,,,,,,,,,,,,,,,,,,,,,,,,,,,,,
PFAS Portal et al 2023,BC1-DSDF,Surface Water,38.52204113,-106.0251606,2023,07/19/2023,,,,,ng/L,2.2,0,,0,0,0,0,,,0,,,,,,,,,,,0,0,,,,,,,,,,,,,,,,,,,,,,,,,,,,,,,
PFAS Portal et al 2023,Salida Infiltration Gallery - GW,Surface Water,38.521669,-106.021775,2022,09/13/2022,,,,,ng/L,0,0,,0,0,0,0,,,0,,,,,,,,,,,0,0,,,,,,,,,,,,,,,,,,,,,,,,,,,,,,,
PFAS Portal et al 2023,S. Arkansas SW@Riverside RV,Surface Water,38.52723823,-106.0315887,2022,09/16/2022,,,,,ng/L,0.6,0,,0,0,0.68,0,,,0,,,,,,,,,,,1.4,0,,,,,,,,,,,,,,,,,,,,,,,,,,,,,,,
PFAS Portal et al 2023,Salida Surface Water Plant -SW,Surface Water,38.664617,-106.845443,2022,09/13/2022,,,,,ng/L,0,0,,0,0,0,0,,,0,,,,,,,,,,,0.65,0,,,,,,,,,,,,,,,,,,,,,,,,,,,,,,,
PFAS Portal et al 2023,COGUUG04-58,Surface Water,38.677433,-104.705367,2020,04/23/2020,,,,,ng/L,0,0,,0,0,0.25,0,,,0,,,,,,,,,,,0.2,0,,,,,,,,,,,,,,,,,,,,,,,,,,,,,,,
PFAS Portal et al 2023,FOUNTAIN CREEK-7320,Surface Water,38.681989,-104.859188,2020,04/21/2020,,,,,ng/L,24,15,,0.49,0.92,48,34,,,0,,,,,,,,,,,19,0,,,,,,,,,,,,,,,,,,,,,,,,,,,,,,,
PFAS Portal et al 2023,REF SITES-7385,Surface Water,38.740288,-108.080735,2020,04/22/2020,,,,,ng/L,0,0,,0,0,0.33,0,,,0,,,,,,,,,,,0.2,0,,,,,,,,,,,,,,,,,,,,,,,,,,,,,,,
PFAS Portal et al 2023,COGULG04B-55,Surface Water,38.783648,-107.835032,2020,04/22/2020,,,,,ng/L,0.54,0.73,,0,0,0.78,0,,,0,,,,,,,,,,,1.2,0,,,,,,,,,,,,,,,,,,,,,,,,,,,,,,,
PFAS Portal et al 2023,COGUNF03-10400,Surface Water,38.808889,-106.884167,2020,04/23/2020,,,,,ng/L,0,0,,0,0,0.28,0,,,0,,,,,,,,,,,0.3,0,,,,,,,,,,,,,,,,,,,,,,,,,,,,,,,
PFAS Portal et al 2023,009-Office-SW,Surface Water,38.810934,-106.264419,2022,09/13/2022,,,,,ng/L,0,0,,0,0,0,0,,,0,,,,,,,,,,,0,0,,,,,,,,,,,,,,,,,,,,,,,,,,,,,,,
PFAS Portal et al 2023,Middle Cottonwood below rainbow,Surface Water,38.81973741,-106.8892476,2022,09/20/2022,,,,,ng/L,0,0,,0,0,0,0,,,0,,,,,,,,,,,0,0,,,,,,,,,,,,,,,,,,,,,,,,,,,,,,,
PFAS Portal et al 2023,005-Cascadilla-SW,Surface Water,38.816265,-104.8226,2022,09/13/2022,,,,,ng/L,0,0,,0,0,0,0,,,0,,,,,,,,,,,0,0,,,,,,,,,,,,,,,,,,,,,,,,,,,,,,,
PFAS Portal et al 2023,FOUNTAIN CREEK-7306,Surface Water,38.8314517,-106.17908,2020,04/21/2020,,,,,ng/L,3.5,4.3,,0.45,0.3,5.9,8,,,0,,,,,,,,,,,5.8,0,,,,,,,,,,,,,,,,,,,,,,,,,,,,,,,
PFAS Portal et al 2023,N. Cottonwood Creek,Surface Water,38.83893425,-106.1614279,2022,09/19/2022,,,,,ng/L,0,0,,0,0,0,0,,,0,,,,,,,,,,,0,0,,,,,,,,,,,,,,,,,,,,,,,,,,,,,,,
PFAS Portal et al 2023,Buena Vista Water Infiltration,Surface Water,38.883707,-106.153226,2022,09/19/2022,,,,,ng/L,0,0,,0,0,0,0,,,0,,,,,,,,,,,0,0,,,,,,,,,,,,,,,,,,,,,,,,,,,,,,,
PFAS Portal et al 2023,S. Arkansas below,Surface Water,38.897642,-104.988365,2022,09/19/2022,,,,,ng/L,0,0,,0,0,0,0,,,0,,,,,,,,,,,0.26,0,,,,,,,,,,,,,,,,,,,,,,,,,,,,,,,
PFAS Portal et al 2023,REF SITES-7392,Surface Water,38.95876797,-108.2871185,2020,04/27/2020,,,,,ng/L,0,0,,0,0,0.29,0,,,0,,,,,,,,,,,0,0,,,,,,,,,,,,,,,,,,,,,,,,,,,,,,,
PFAS Portal et al 2023,Kannah_Creek-DS1-SW,Surface Water,38.96620179,-108.2230997,2022,09/26/2022,,,,,ng/L,0,0,,0,0,0,0,,,0,,,,,,,,,,,0,0,,,,,,,,,,,,,,,,,,,,,,,,,,,,,,,
PFAS Portal et al 2023,CO0139321-002,Surface Water,38.96156564,-108.2302796,2020,04/24/2020,,,,,ng/L,0,0,,0,0,0.27,0,,,0,,,,,,,,,,,0.27,0,,,,,,,,,,,,,,,,,,,,,,,,,,,,,,,
PFAS Portal et al 2023,Kannah_Creek-SW,Surface Water,38.97436797,-108.2765409,2022,09/26/2022,,,,,ng/L,0,0,,0,0,0,0,,,0,,,,,,,,,,,0,0,,,,,,,,,,,,,,,,,,,,,,,,,,,,,,,
PFAS Portal et al 2023,CO0139321-005,Surface Water,38.9746976,-108.2851391,2020,04/24/2020,,,,,ng/L,0,0,,0,0,0.29,0,,,0,,,,,,,,,,,0,0,,,,,,,,,,,,,,,,,,,,,,,,,,,,,,,
PFAS Portal et al 2023,CO0139321-003,Surface Water,38.9835,-108.451333,2020,04/24/2020,,,,,ng/L,0,0,,0,0,0.3,0,,,0,,,,,,,,,,,0,0,,,,,,,,,,,,,,,,,,,,,,,,,,,,,,,
PFAS Portal et al 2023,COGULG02-10505,Surface Water,39.0190802,-108.3366109,2020,04/23/2020,,,,,ng/L,0.71,0,,0,0,0.58,0,,,0,,,,,,,,,,,0.59,0,,,,,,,,,,,,,,,,,,,,,,,,,,,,,,,
PFAS Portal et al 2023,BRANDON_DITCH_SW_GW,Surface Water,39.03657474,-108.5634686,2022,09/26/2022,,,,,ng/L,0,0,,0,0,0,0,,,0,,,,,,,,,,,0.32,0,,,,,,,,,,,,,,,,,,,,,,,,,,,,,,,
PFAS Portal et al 2023,PURDY_MESA_FLOWLINE_SW,Surface Water,39.07504786,-108.4135564,2022,09/26/2022,,,,,ng/L,0,0,,0,0,0,0,,,0,,,,,,,,,,,0.21,0,,,,,,,,,,,,,,,,,,,,,,,,,,,,,,,
PFAS Portal et al 2023,CO0139180-009,Surface Water,39.09366818,-108.6271353,2020,04/23/2020,,,,,ng/L,0.65,0,,0,0,0.42,0.91,,,0,,,,,,,,,,,0.53,0,,,,,,,,,,,,,,,,,,,,,,,,,,,,,,,
PFAS Portal et al 2023,REDLANDS-WW,Surface Water,39.09366818,-108.6271353,2023,04/26/2023,,,,,ng/L,0,2,,0.6,0.53,0,4.2,,,0,,,,,,,,,,,0,0,,,,,,,,,,,,,,,,,,,,,,,,,,,,,,,
PFAS Portal et al 2023,REDLANDS-AREA-WW,Surface Water,39.15138767,-108.1492785,2022,09/27/2022,,,,,ng/L,1.1,1.6,,0.65,0.43,0,3.9,,,0,,,,,,,,,,,0.84,5.3,,,,,,,,,,,,,,,,,,,,,,,,,,,,,,,
PFAS Portal et al 2023,CO0139791-005,Surface Water,39.164736,-106.319945,2020,04/23/2020,,,,,ng/L,0,0,,0,0,0.31,0,,,0,,,,,,,,,,,0,0,,,,,,,,,,,,,,,,,,,,,,,,,,,,,,,
PFAS Portal et al 2023,COARUA02C-7182,Surface Water,39.173877,-108.807712,2020,04/23/2020,,,,,ng/L,0,0,,0,0,0.37,0,,,0,,,,,,,,,,,0.32,0,,,,,,,,,,,,,,,,,,,,,,,,,,,,,,,
PFAS Portal et al 2023,COLCLC03-50,Surface Water,39.17219682,-108.1371128,2020,04/23/2020,,,,,ng/L,0.66,0.93,,0,0,0.55,0.91,,,0,,,,,,,,,,,0.74,0,,,,,,,,,,,,,,,,,,,,,,,,,,,,,,,
PFAS Portal et al 2023,CO0139791-006,Surface Water,39.18431,-104.93068,2020,04/23/2020,,,,,ng/L,0,0,,0,0,0.31,0,,,0,,,,,,,,,,,0.19,0,,,,,,,,,,,,,,,,,,,,,,,,,,,,,,,
PFAS Portal et al 2023,REF SITES-5779B,Surface Water,39.18426381,-108.1163488,2020,04/20/2020,,,,,ng/L,0,0,,0,0,0.29,0,,,0,,,,,,,,,,,0.16,0,,,,,,,,,,,,,,,,,,,,,,,,,,,,,,,
PFAS Portal et al 2023,CO0139791-004,Surface Water,39.18685909,-108.1210681,2020,04/23/2020,,,,,ng/L,0,0,,0,0.25,0.27,0,,,0,,,,,,,,,,,0.27,0,,,,,,,,,,,,,,,,,,,,,,,,,,,,,,,
PFAS Portal et al 2023,CO0139791-003,Surface Water,39.19071458,-108.0574104,2020,04/23/2020,,,,,ng/L,0,0,,0,0,0.38,0,,,0,,,,,,,,,,,0.28,0,,,,,,,,,,,,,,,,,,,,,,,,,,,,,,,
PFAS Portal et al 2023,CO0139791-007,Surface Water,39.22708639,-106.2189998,2020,04/23/2020,,,,,ng/L,0,0,,0,0,0.32,0,,,0,,,,,,,,,,,0,0,,,,,,,,,,,,,,,,,,,,,,,,,,,,,,,
PFAS Portal et al 2023,IOWA-Intake-SW,Surface Water,39.22168828,-106.2258918,2023,12/19/2023,,,,,ng/L,0,0,,0,0.45,0,0,,,0,,,,,,,,,,,0,0,,,,,,,,,,,,,,,,,,,,,,,,,,,,,,,
PFAS Portal et al 2023,Iowa-Intake-SW,Surface Water,39.23655,-106.298869,2023,08/29/2023,,,,,ng/L,0,0,,0,0,0,0.5,,,0,,,,,,,,,,,0.42,2.3,,,,,,,,,,,,,,,,,,,,,,,,,,,,,,,
PFAS Portal et al 2023,CML-GG-SW,Surface Water,39.23655,-106.298869,2023,12/19/2023,,,,,ng/L,0.66,0,,0,0,0,0,,,0,,,,,,,,,,,0,0,,,,,,,,,,,,,,,,,,,,,,,,,,,,,,,
PFAS Portal et al 2023,CMC-GG-SW,Surface Water,39.25077912,-106.2515287,2023,08/29/2023,,,,,ng/L,4.3,1.2,,0.5,0.47,0.63,0.73,,,0,,,,,,,,,,,0.28,0,,,,,,,,,,,,,,,,,,,,,,,,,,,,,,,
PFAS Portal et al 2023,Evans-Intake-SW,Surface Water,39.25077912,-106.2515287,2023,12/19/2023,,,,,ng/L,0,0,,0,0,0,0,,,0,,,,,,,,,,,0,0,,,,,,,,,,,,,,,,,,,,,,,,,,,,,,,
PFAS Portal et al 2023,Evans-Intake-SW,Surface Water,39.34350556,-106.3452611,2023,08/29/2023,,,,,ng/L,0,0,,0,0,0,0.54,,,0,,,,,,,,,,,0.29,0,,,,,,,,,,,,,,,,,,,,,,,,,,,,,,,
PFAS Portal et al 2023,W.Tenn-SW,Surface Water,39.34350556,-106.3452611,2023,08/29/2023,,,,,ng/L,0,0,,0,0,0,0,,,0,,,,,,,,,,,0.3,0,,,,,,,,,,,,,,,,,,,,,,,,,,,,,,,
PFAS Portal et al 2023,W.Tenn-SW,Surface Water,39.345667,-104.981167,2023,12/19/2023,,,,,ng/L,0,0,,0,0,0,0,,,0,,,,,,,,,,,0,0,,,,,,,,,,,,,,,,,,,,,,,,,,,,,,,
PFAS Portal et al 2023,REF SITES-5771,Surface Water,39.362928,-106.187567,2020,05/07/2020,,,,,ng/L,0,0,,0,0,0.25,0,,,0,,,,,,,,,,,0,0,,,,,,,,,,,,,,,,,,,,,,,,,,,,,,,
PFAS Portal et al 2023,Climax-SW,Surface Water,39.362928,-106.187567,2023,12/19/2023,,,,,ng/L,0,0,,0,0,0,0,,,0,,,,,,,,,,,0,0,,,,,,,,,,,,,,,,,,,,,,,,,,,,,,,
PFAS Portal et al 2023,Climax-SW,Surface Water,39.362928,-106.187567,2023,08/29/2023,,,,,ng/L,0,0,,0,0,0,0,,,0,,,,,,,,,,,0,0,,,,,,,,,,,,,,,,,,,,,,,,,,,,,,,
PFAS Portal et al 2023,Climax-SW,Surface Water,39.43994337,-105.117059,2023,08/29/2023,,,,,ng/L,0.57,1.1,,0,0,0,0.77,,,0,,,,,,,,,,,0.88,4.3,,,,,,,,,,,,,,,,,,,,,,,,,,,,,,,
PFAS Portal et al 2023,CO0116001-005,Surface Water,39.48742245,-105.038142,2020,04/22/2020,,,,,ng/L,0,0,,0,0,0.41,0,,,0,,,,,,,,,,,0.56,0,,,,,,,,,,,,,,,,,,,,,,,,,,,,,,,
PFAS Portal et al 2023,CRS001-R-SW,Surface Water,39.53272047,-105.31472,2022,08/30/2022,,,,,ng/L,0,0.78,,0,0,0,1.5,,,0,,,,,,,,,,,0.94,0,,,,,,,,,,,,,,,,,,,,,,,,,,,,,,,
PFAS Portal et al 2023,RAW-SW,Surface Water,39.546333,-107.331167,2023,06/12/2023,,,,,ng/L,4.2,4,,0.65,0.39,3.8,3.3,,,0,,,,,,,,,,,11,2.6,,,,,,,,,,,,,,,,,,,,,,,,,,,,,,,
PFAS Portal et al 2023,COUCRF03A-12701,Surface Water,39.56794548,-105.0346528,2020,04/24/2020,,,,,ng/L,0,0.88,,0,0,0.5,0.92,,,0,,,,,,,,,,,0.5,0,,,,,,,,,,,,,,,,,,,,,,,,,,,,,,,
PFAS Portal et al 2023,City-Ditch-Chat-SW,Surface Water,39.56666,-106.0491,2022,09/06/2022,,,,,ng/L,0.68,1,,0,0.25,0.63,1.5,,,0,,,,,,,,,,,2,0,,,,,,,,,,,,,,,,,,,,,,,,,,,,,,,
PFAS Portal et al 2023,COUCBL01-115,Surface Water,39.57355474,-105.0161863,2020,04/23/2020,,,,,ng/L,1.2,1.4,,0,0,0.87,0,,,0,,,,,,,,,,,3,0,,,,,,,,,,,,,,,,,,,,,,,,,,,,,,,
PFAS Portal et al 2023,Mclellan-SW,Surface Water,39.56801923,-105.0225289,2022,09/06/2022,,,,,ng/L,6.3,6.4,,0.89,0.81,2.6,7.1,,,0,,,,,,,,,,,8.6,7.4,,,,,,,,,,,,,,,,,,,,,,,,,,,,,,,
PFAS Portal et al 2023,CO0103045-010,Surface Water,39.60056978,-105.3345566,2020,04/30/2020,,,,,ng/L,1.3,2.2,,0,0.3,0.75,3,,,0,,,,,,,,,,,2.6,0,,,,,,,,,,,,,,,,,,,,,,,,,,,,,,,
PFAS Portal et al 2023,004-Sprucedale #1-SW,Surface Water,39.609258,-106.44911,2022,08/31/2022,,,,,ng/L,1.6,0,,0,0,0.99,0,,,0,,,,,,,,,,,2.5,0,,,,,,,,,,,,,,,,,,,,,,,,,,,,,,,
PFAS Portal et al 2023,COUCEA08-74,Surface Water,39.61842995,-106.286492,2020,04/24/2020,,,,,ng/L,0.98,2,,0,0,0.76,1.9,,,0,,,,,,,,,,,0.8,0,,,,,,,,,,,,,,,,,,,,,,,,,,,,,,,
PFAS Portal et al 2023,GVDWF-Raw-SW,Surface Water,39.62616242,-105.0090584,2022,09/21/2022,,,,,ng/L,0,0,,0,0,0,0,,,0,,,,,,,,,,,0,0,,,,,,,,,,,,,,,,,,,,,,,,,,,,,,,
PFAS Portal et al 2023,City-Ditch-SW,Surface Water,39.63238849,-105.0011093,2022,09/02/2022,,,,,ng/L,1.2,1.5,,0,0.35,0.67,1.9,,,0,,,,,,,,,,,2.3,2.1,,,,,,,,,,,,,,,,,,,,,,,,,,,,,,,
PFAS Portal et al 2023,N-RES-SW,Surface Water,39.630312,-105.014581,2022,09/02/2022,,,,,ng/L,2.1,2.7,,0.38,0.47,0.9,3,,,0,,,,,,,,,,,3.2,2.5,,,,,,,,,,,,,,,,,,,,,,,,,,,,,,,
PFAS Portal et al 2023,S-Platte-BD-SW,Surface Water,39.63233,-105.014567,2022,09/06/2022,,,,,ng/L,8.8,4.1,,0.53,2,4.1,4.3,,,0,,,,,,,,,,,5.1,3.8,,,,,,,,,,,,,,,,,,,,,,,,,,,,,,,
PFAS Portal et al 2023,S-Platte-003-SW,Surface Water,39.62889573,-105.0199845,2022,09/06/2022,,,,,ng/L,5.1,3.6,,0.71,0.74,2.8,3.8,,,0,,,,,,,,,,,4.9,3.4,,,,,,,,,,,,,,,,,,,,,,,,,,,,,,,
PFAS Portal et al 2023,CO0103045-003,Surface Water,39.62986234,-105.0721594,2020,04/30/2020,,,,,ng/L,3.8,5.5,,0.48,0.65,3,9.7,,,0,,,,,,,,,,,5.9,0,,,,,,,,,,,,,,,,,,,,,,,,,,,,,,,
PFAS Portal et al 2023,CO0116001-008,Surface Water,39.63854561,-106.5327984,2020,04/22/2020,,,,,ng/L,0.48,0,,0,0,0.49,0,,,0,,,,,,,,,,,0.72,0,,,,,,,,,,,,,,,,,,,,,,,,,,,,,,,
PFAS Portal et al 2023,ADWF-RAW-SW,Surface Water,39.64335042,-106.5896587,2022,09/26/2022,,,,,ng/L,0.6,1.3,,0,0,0,0.88,,,0,,,,,,,,,,,0.46,0,,,,,,,,,,,,,,,,,,,,,,,,,,,,,,,
PFAS Portal et al 2023,EDWF-RAW-SW,Surface Water,39.64457864,-106.0249137,2022,09/26/2022,,,,,ng/L,0,1.3,,0,0,0,1.1,,,0,,,,,,,,,,,0.58,0,,,,,,,,,,,,,,,,,,,,,,,,,,,,,,,
PFAS Portal et al 2023,STRAIGHT-SW,Surface Water,39.65120161,-106.0184394,2023,06/26/2023,,,,,ng/L,0,0,,0,0,0,0,,,0,,,,,,,,,,,0,0,,,,,,,,,,,,,,,,,,,,,,,,,,,,,,,
PFAS Portal et al 2023,LASKY-SW,Surface Water,39.64993,-106.95238,2023,06/26/2023,,,,,ng/L,0,0,,0,0,0,0,,,0,,,,,,,,,,,0,0,,,,,,,,,,,,,,,,,,,,,,,,,,,,,,,
PFAS Portal et al 2023,COUCEA09B-52,Surface Water,39.65229728,-105.0423649,2020,04/24/2020,,,,,ng/L,0.68,1.4,,0,0,0.55,2.6,,,0,,,,,,,,,,,1.2,0,,,,,,,,,,,,,,,,,,,,,,,,,,,,,,,
PFAS Portal et al 2023,CO0103045-005,Surface Water,39.652478,-105.04259,2020,04/30/2020,,,,,ng/L,4.9,3.1,,0,0.33,3.6,4.3,,,0,,,,,,,,,,,4.2,0,,,,,,,,,,,,,,,,,,,,,,,,,,,,,,,
PFAS Portal et al 2023,McBroom-SW,Surface Water,39.697301,-105.250043,2022,09/06/2022,,,,,ng/L,3.2,2.6,,0.36,0.24,2.7,2.6,,,0,,,,,,,,,,,4.1,2.7,,,,,,,,,,,,,,,,,,,,,,,,,,,,,,,
PFAS Portal et al 2023,SC-SW,Surface Water,39.703848,-105.253761,2022,09/21/2022,,,,,ng/L,2.1,0,,0,0,27,0,,,0,,,,,,,,,,,33,3.2,,,,,,,,,,,,,,,,,,,,,,,,,,,,,,,
PFAS Portal et al 2023,POND-SW,Surface Water,39.747753,-104.789987,2022,09/21/2022,,,,,ng/L,2.7,7.5,,0,0,7.4,9.6,,,0,,,,,,,,,,,12,7.9,,,,,,,,,,,,,,,,,,,,,,,,,,,,,,,
PFAS Portal et al 2023,SAND CREEK-5211,Surface Water,39.75338463,-105.1400007,2020,04/22/2020,,,,,ng/L,6.5,5.5,,0,0.47,10,6.3,,,0,,,,,,,,,,,20,0,,,,,,,,,,,,,,,,,,,,,,,,,,,,,,,
PFAS Portal et al 2023,CO0130020-002,Surface Water,39.756636,-104.84531,2020,04/29/2020,,,,,ng/L,10,8.5,,0.76,0.74,9.7,9.1,,,0,,,,,,,,,,,17,0,,,,,,,,,,,,,,,,,,,,,,,,,,,,,,,
PFAS Portal et al 2023,SC-Peoria-SW,Surface Water,39.756636,-104.84531,2023,11/10/2023,,,,,ng/L,61,39,,0.85,32,140,52,,,0,,,,,,,,,,,40,23,,,,,,,,,,,,,,,,,,,,,,,,,,,,,,,
PFAS Portal et al 2023,SC@PEORIA-SW,Surface Water,39.7639614,-105.8609836,2023,09/08/2023,,,,,ng/L,64,42,,1.6,38,170,57,,,0,,,,,,,,,,,38,22,,,,,,,,,,,,,,,,,,,,,,,,,,,,,,,
PFAS Portal et al 2023,Mine-Butler-SW,Surface Water,39.77537445,-105.8480614,2022,09/12/2022,,,,,ng/L,0,0,,0,0,0,0,,,0,,,,,,,,,,,0,0,,,,,,,,,,,,,,,,,,,,,,,,,,,,,,,
PFAS Portal et al 2023,Mine-Finished-DW,Surface Water,39.77562949,-105.8514534,2023,01/03/2023,,,,,ng/L,0,0,,0,0,0,0,,,0,,,,,,,,,,,0,0,,,,,,,,,,,,,,,,,,,,,,,,,,,,,,,
PFAS Portal et al 2023,Mine-Clear Creek-SW,Surface Water,39.77223,-105.15385,2022,09/12/2022,,,,,ng/L,0,0,,0,0,0,0,,,0,,,,,,,,,,,0,0,,,,,,,,,,,,,,,,,,,,,,,,,,,,,,,
PFAS Portal et al 2023,CLEAR CREEK-5608,Surface Water,39.77362,-105.141938,2020,04/22/2020,,,,,ng/L,8.7,3,,2.3,2.1,2.8,5.8,,,0,,,,,,,,,,,3.3,0,,,,,,,,,,,,,,,,,,,,,,,,,,,,,,,
PFAS Portal et al 2023,CLEAR CREEK-5605,Surface Water,39.7819786,-105.1751107,2020,04/22/2020,,,,,ng/L,7.2,3.1,,1.8,0,2.9,6.7,,,0,,,,,,,,,,,3.4,0,,,,,,,,,,,,,,,,,,,,,,,,,,,,,,,
PFAS Portal et al 2023,CO0130020-012,Surface Water,39.798386,-104.936215,2020,04/29/2020,,,,,ng/L,0,0,,0,0,0.47,0.7,,,0,,,,,,,,,,,0.43,0,,,,,,,,,,,,,,,,,,,,,,,,,,,,,,,
PFAS Portal et al 2023,SC-Suncor-SW,Surface Water,39.798386,-104.936215,2023,11/10/2023,,,,,ng/L,90,34,,1.5,22,140,63,,,0,,,,,,,,,,,37,26,,,,,,,,,,,,,,,,,,,,,,,,,,,,,,,
PFAS Portal et al 2023,SCupSuncor-SW,Surface Water,39.800191,-104.959572,2023,09/08/2023,,,,,ng/L,110,43,,3.7,26,140,55,,,0,,,,,,,,,,,33,24,,,,,,,,,,,,,,,,,,,,,,,,,,,,,,,
PFAS Portal et al 2023,SP@BC-SW,Surface Water,39.8002461,-104.9595608,2023,09/08/2023,,,,,ng/L,4.6,5.9,,0.62,0.73,4.6,8.6,,,0,,,,,,,,,,,8.2,7.3,,,,,,,,,,,,,,,,,,,,,,,,,,,,,,,
PFAS Portal et al 2023,SP-BC-4-SW,Surface Water,39.8002461,-104.9595608,2023,05/25/2023,,,,,ng/L,2.8,4.1,,0.34,0.59,2.2,5.6,,,0,,,,,,,,,,,5.2,5.6,,,,,,,,,,,,,,,,,,,,,,,,,,,,,,,
PFAS Portal et al 2023,SP-BC-2-SW,Surface Water,39.800802,-104.959642,2023,02/03/2023,,,,,ng/L,7.1,8.6,,0.64,0.97,6.5,15,,,0,,,,,,,,,,,11,9.6,,,,,,,,,,,,,,,,,,,,,,,,,,,,,,,
PFAS Portal et al 2023,SP-BC-SW,Surface Water,39.800802,-104.959642,2023,11/10/2023,,,,,ng/L,6.4,9.2,,0.61,0.88,6.9,13,,,0,,,,,,,,,,,13,11,,,,,,,,,,,,,,,,,,,,,,,,,,,,,,,
PFAS Portal et al 2023,SP-BC-SW,Surface Water,39.81157,-104.951952,2022,09/15/2022,,,,,ng/L,7.8,8.7,,2.5,1.2,3.9,11,,,0,,,,,,,,,,,8,8.4,,,,,,,,,,,,,,,,,,,,,,,,,,,,,,,
PFAS Portal et al 2023,SC-SP-SW,Surface Water,39.81157,-104.951952,2023,11/10/2023,,,,,ng/L,55,26,,0.82,14,100,51,,,0,,,,,,,,,,,34,25,,,,,,,,,,,,,,,,,,,,,,,,,,,,,,,
PFAS Portal et al 2023,SC@SP-SW,Surface Water,39.81272,-104.948793,2023,09/08/2023,,,,,ng/L,54,22,,1.6,9.9,91,47,,,0,,,,,,,,,,,27,18,,,,,,,,,,,,,,,,,,,,,,,,,,,,,,,
PFAS Portal et al 2023,BC@64-SW,Surface Water,39.813192,-104.951959,2023,09/08/2023,,,,,ng/L,6,6.6,,0.71,0.91,4.8,8.8,,,0,,,,,,,,,,,8.6,7.5,,,,,,,,,,,,,,,,,,,,,,,,,,,,,,,
PFAS Portal et al 2023,SAND CREEK-5210,Surface Water,39.81857597,-104.9984109,2020,04/22/2020,,,,,ng/L,54,23,,1.2,12,84,48,,,0,,,,,,,,,,,25,0,,,,,,,,,,,,,,,,,,,,,,,,,,,,,,,
PFAS Portal et al 2023,LCC-CC-SW,Surface Water,39.816237,-105.001509,2022,09/15/2022,,,,,ng/L,4.6,2.7,,0.36,0.4,2.7,3.5,,,0,,,,,,,,,,,3.9,4.1,,,,,,,,,,,,,,,,,,,,,,,,,,,,,,,
PFAS Portal et al 2023,LCC-CC-4-SW,Surface Water,39.816237,-105.001509,2023,05/25/2023,,,,,ng/L,0.81,1.2,,0,0,0.83,1.4,,,0,,,,,,,,,,,1.6,3.1,,,,,,,,,,,,,,,,,,,,,,,,,,,,,,,
PFAS Portal et al 2023,LCC-CC-2-SW,Surface Water,39.816237,-105.001509,2023,02/03/2023,,,,,ng/L,35,7.2,,0.56,4,8.3,17,,,0,,,,,,,,,,,11,8,,,,,,,,,,,,,,,,,,,,,,,,,,,,,,,
PFAS Portal et al 2023,LCC@CC-SW,Surface Water,39.81857597,-104.9984109,2023,09/08/2023,,,,,ng/L,9.1,6.2,,0.71,0.87,7.5,8.3,,,0,,,,,,,,,,,9.7,7.8,,,,,,,,,,,,,,,,,,,,,,,,,,,,,,,
PFAS Portal et al 2023,LCC-CC-SW,Surface Water,39.81862676,-105.2096364,2023,11/10/2023,,,,,ng/L,11,6.5,,0.47,0.92,8.3,10,,,0,,,,,,,,,,,13,9.9,,,,,,,,,,,,,,,,,,,,,,,,,,,,,,,
PFAS Portal et al 2023,CO0130001-008,Surface Water,39.82293,-104.977365,2020,04/21/2020,,,,,ng/L,0.77,0.8,,0,0,0.55,0.93,,,0,,,,,,,,,,,1,0,,,,,,,,,,,,,,,,,,,,,,,,,,,,,,,
PFAS Portal et al 2023,CC-Washington-SW,Surface Water,39.82293,-104.977365,2023,11/10/2023,,,,,ng/L,12,6.3,,0.54,0.85,8.9,11,,,0,,,,,,,,,,,14,11,,,,,,,,,,,,,,,,,,,,,,,,,,,,,,,
PFAS Portal et al 2023,CC@Washington-SW,Surface Water,39.8272,-104.9484,2023,09/08/2023,,,,,ng/L,14,11,,1.2,1.5,9.2,15,,,0,,,,,,,,,,,19,21,,,,,,,,,,,,,,,,,,,,,,,,,,,,,,,
PFAS Portal et al 2023,SOUTH PLATTE-5160,Surface Water,39.82200365,-104.9564881,2020,04/22/2020,,,,,ng/L,13,14,,3.5,2,11,24,,,0,,,,,,,,,,,10,0,,,,,,,,,,,,,,,,,,,,,,,,,,,,,,,
PFAS Portal et al 2023,CC-SP-SW,Surface Water,39.82200365,-104.9564881,2023,11/10/2023,,,,,ng/L,13,6.8,,0.58,0.82,8.6,11,,,0,,,,,,,,,,,14,11,,,,,,,,,,,,,,,,,,,,,,,,,,,,,,,
PFAS Portal et al 2023,CC-SP-SW,Surface Water,39.827571,-104.94938,2022,09/15/2022,,,,,ng/L,8.6,6.7,,0.29,0.69,5.9,7.1,,,0,,,,,,,,,,,12,11,,,,,,,,,,,,,,,,,,,,,,,,,,,,,,,
PFAS Portal et al 2023,CCupSP-SW,Surface Water,39.83016646,-104.9460919,2023,09/08/2023,,,,,ng/L,12,8.8,,1,1.2,8.6,14,,,0,,,,,,,,,,,14,14,,,,,,,,,,,,,,,,,,,,,,,,,,,,,,,
PFAS Portal et al 2023,CC-SP-4-SW,Surface Water,39.827584,-104.949389,2023,05/25/2023,,,,,ng/L,1.3,1.2,,0,0,1.1,1.6,,,0,,,,,,,,,,,2,3.4,,,,,,,,,,,,,,,,,,,,,,,,,,,,,,,
PFAS Portal et al 2023,CC-SP-2-SW,Surface Water,39.831267,-104.948,2023,02/03/2023,,,,,ng/L,44,9.1,,0.63,3.9,9.9,22,,,0,,,,,,,,,,,11,8.1,,,,,,,,,,,,,,,,,,,,,,,,,,,,,,,
PFAS Portal et al 2023,SOUTH PLATTE-5164,Surface Water,39.83885314,-105.2326654,2020,04/22/2020,,,,,ng/L,16,12,,2.7,2,10,21,,,0,,,,,,,,,,,12,0,,,,,,,,,,,,,,,,,,,,,,,,,,,,,,,
PFAS Portal et al 2023,CO0130001-007,Surface Water,39.82665839,-104.945131,2020,04/21/2020,,,,,ng/L,0,0,,0,0,0.29,0,,,0,,,,,,,,,,,0.21,0,,,,,,,,,,,,,,,,,,,,,,,,,,,,,,,
PFAS Portal et al 2023,BC-S-TANI-4-SW,Surface Water,39.832882,-104.937185,2023,05/26/2023,,,,,ng/L,3.2,4.6,,0.55,0.88,2.6,6.4,,,0,,,,,,,,,,,5.2,5.5,,,,,,,,,,,,,,,,,,,,,,,,,,,,,,,
PFAS Portal et al 2023,BC-S-TANI-2-SW,Surface Water,39.83582097,-104.9335587,2023,02/03/2023,,,,,ng/L,6.8,8.7,,0.63,1.1,6.8,14,,,0,,,,,,,,,,,11,9.9,,,,,,,,,,,,,,,,,,,,,,,,,,,,,,,
PFAS Portal et al 2023,BC-S-TANI-SW,Surface Water,39.8329,-104.937288,2022,09/16/2022,,,,,ng/L,7.5,8.5,,0,1.2,5.4,14,,,0,,,,,,,,,,,10,11,,,,,,,,,,,,,,,,,,,,,,,,,,,,,,,
PFAS Portal et al 2023,BC@STani-SW,Surface Water,39.84603176,-106.0844915,2023,09/08/2023,,,,,ng/L,5.3,6.2,,0.79,0.85,4.8,8.9,,,0,,,,,,,,,,,7.4,7.3,,,,,,,,,,,,,,,,,,,,,,,,,,,,,,,
PFAS Portal et al 2023,Mill-UteCreek-SW,Surface Water,39.8358664,-106.0909567,2022,09/12/2022,,,,,ng/L,0,0,,0,0,0,0,,,0,,,,,,,,,,,0,0,,,,,,,,,,,,,,,,,,,,,,,,,,,,,,,
PFAS Portal et al 2023,Mill-Horseshoe-SW,Surface Water,39.84819758,-104.9345548,2022,09/12/2022,,,,,ng/L,0,0,,0,0,0,0,,,0,,,,,,,,,,,0,0,,,,,,,,,,,,,,,,,,,,,,,,,,,,,,,
PFAS Portal et al 2023,Well28-SW,Surface Water,39.84429,-104.944302,2023,09/07/2023,,,,,ng/L,9.3,6,,1.9,1.6,4.9,5.3,,,0,,,,,,,,,,,8,9.8,,,,,,,,,,,,,,,,,,,,,,,,,,,,,,,
PFAS Portal et al 2023,WGL4-SW,Surface Water,39.85752556,-104.9314139,2023,11/09/2023,,,,,ng/L,7.5,4.5,,0.98,0.75,4.4,6.7,,,0,,,,,,,,,,,7.8,7.1,,,,,,,,,,,,,,,,,,,,,,,,,,,,,,,
PFAS Portal et al 2023,WGL1-SW,Surface Water,39.844838,-104.93662,2023,11/09/2023,,,,,ng/L,13,5.4,,1,1.1,5.9,7.2,,,0,,,,,,,,,,,9.6,7.8,,,,,,,,,,,,,,,,,,,,,,,,,,,,,,,
PFAS Portal et al 2023,Stani-SW,Surface Water,39.83891381,-106.0861035,2023,11/09/2023,,,,,ng/L,7.2,9.4,,1.2,1.3,5.5,13,,,0,,,,,,,,,,,11,10,,,,,,,,,,,,,,,,,,,,,,,,,,,,,,,
PFAS Portal et al 2023,Mill-Finished-DW,Surface Water,39.84666143,-106.0702671,2022,09/12/2022,,,,,ng/L,0,0,,0,0,0,0,,,0,,,,,,,,,,,0,0,,,,,,,,,,,,,,,,,,,,,,,,,,,,,,,
PFAS Portal et al 2023,Mill-WilliamsFork-SW,Surface Water,39.849756,-104.931239,2022,09/12/2022,,,,,ng/L,0,0,,0,0,0,0,,,0,,,,,,,,,,,0,0,,,,,,,,,,,,,,,,,,,,,,,,,,,,,,,
PFAS Portal et al 2023,S Dahlia Wells-SW,Surface Water,39.849756,-104.931239,2023,11/09/2023,,,,,ng/L,52,11,,10,4.3,8.3,13,,,0,,,,,,,,,,,9.2,11,,,,,,,,,,,,,,,,,,,,,,,,,,,,,,,
PFAS Portal et al 2023,SDahlia-SW,Surface Water,39.85113422,-104.9395739,2023,09/07/2023,,,,,ng/L,8,9.4,,1.1,1.6,7.9,14,,,0,,,,,,,,,,,9.3,13,,,,,,,,,,,,,,,,,,,,,,,,,,,,,,,
PFAS Portal et al 2023,WGL-SW,Surface Water,39.85752556,-104.9314139,2022,09/15/2022,,,,,ng/L,12,4.1,,2.9,0.91,3.8,5.5,,,0,,,,,,,,,,,6.1,6.6,,,,,,,,,,,,,,,,,,,,,,,,,,,,,,,
PFAS Portal et al 2023,WGL1-SW,Surface Water,39.85703795,-104.934348,2023,09/07/2023,,,,,ng/L,4,3.5,,0.44,0.54,3.4,6.7,,,0,,,,,,,,,,,5.9,6.7,,,,,,,,,,,,,,,,,,,,,,,,,,,,,,,
PFAS Portal et al 2023,WGL2-SW,Surface Water,39.85182,-104.94101,2023,11/09/2023,,,,,ng/L,3.8,3.6,,0.41,0.59,2.9,5.8,,,0,,,,,,,,,,,5.9,6.8,,,,,,,,,,,,,,,,,,,,,,,,,,,,,,,
PFAS Portal et al 2023,WGL-2-SW,Surface Water,39.84577088,-104.9487332,2023,02/03/2023,,,,,ng/L,5.2,4,,0.38,0.64,3.8,5.2,,,0,,,,,,,,,,,6.8,6.4,,,,,,,,,,,,,,,,,,,,,,,,,,,,,,,
PFAS Portal et al 2023,WGL3-SW,Surface Water,39.85703795,-104.934348,2023,09/07/2023,,,,,ng/L,3.3,3.2,,0.39,0.49,2.9,5.6,,,0,,,,,,,,,,,4.8,5.3,,,,,,,,,,,,,,,,,,,,,,,,,,,,,,,
PFAS Portal et al 2023,WGL2-SW,Surface Water,39.85182,-104.94101,2023,09/07/2023,,,,,ng/L,3,2.7,,0.53,0.54,2.3,4.4,,,0,,,,,,,,,,,3.4,5.1,,,,,,,,,,,,,,,,,,,,,,,,,,,,,,,
PFAS Portal et al 2023,WGL-4-SW,Surface Water,39.85665518,-104.9323359,2023,05/26/2023,,,,,ng/L,5.2,4.4,,0.58,0.8,4.5,7.7,,,0,,,,,,,,,,,7,7.1,,,,,,,,,,,,,,,,,,,,,,,,,,,,,,,
PFAS Portal et al 2023,EGL-SW,Surface Water,39.853282,-104.936717,2022,09/16/2022,,,,,ng/L,9.8,10,,1.8,1.5,7.5,15,,,0,,,,,,,,,,,11,13,,,,,,,,,,,,,,,,,,,,,,,,,,,,,,,
PFAS Portal et al 2023,EGL-4-SW,Surface Water,39.853282,-104.936717,2023,05/26/2023,,,,,ng/L,9.1,8.5,,1.5,1.7,6.6,13,,,0,,,,,,,,,,,8.6,11,,,,,,,,,,,,,,,,,,,,,,,,,,,,,,,
PFAS Portal et al 2023,EGL-2-SW,Surface Water,39.853282,-104.936717,2023,02/03/2023,,,,,ng/L,11,11,,1.2,2,10,18,,,0,,,,,,,,,,,12,14,,,,,,,,,,,,,,,,,,,,,,,,,,,,,,,
PFAS Portal et al 2023,EGL4-SW,Surface Water,39.853282,-104.936717,2023,09/07/2023,,,,,ng/L,8.4,7.8,,1.6,1.5,5.4,13,,,0,,,,,,,,,,,6.9,9.3,,,,,,,,,,,,,,,,,,,,,,,,,,,,,,,
PFAS Portal et al 2023,EGL4-SW,Surface Water,39.855743,-104.938254,2023,11/09/2023,,,,,ng/L,11,8.9,,1.8,1.6,5.7,12,,,0,,,,,,,,,,,9.2,9.2,,,,,,,,,,,,,,,,,,,,,,,,,,,,,,,
PFAS Portal et al 2023,SP-88-SW,Surface Water,39.855743,-104.938254,2023,11/10/2023,,,,,ng/L,8.3,7,,0.82,1.3,8.1,13,,,0,,,,,,,,,,,11,7.8,,,,,,,,,,,,,,,,,,,,,,,,,,,,,,,
PFAS Portal et al 2023,SP@88-SW,Surface Water,39.85846,-104.928392,2023,09/08/2023,,,,,ng/L,7.4,7.7,,0.88,1.3,8.6,12,,,0,,,,,,,,,,,12,8.3,,,,,,,,,,,,,,,,,,,,,,,,,,,,,,,
PFAS Portal et al 2023,Dahlia Wells-GW,Surface Water,39.858494,-104.92881,2023,11/09/2023,,,,,ng/L,0,0,,0,0,0,0,,,0,,,,,,,,,,,0,0,,,,,,,,,,,,,,,,,,,,,,,,,,,,,,,
PFAS Portal et al 2023,N-Dahlia Wells-SW,Surface Water,39.858494,-104.92781,2023,11/09/2023,,,,,ng/L,61,12,,14,2.8,9.6,17,,,0,,,,,,,,,,,12,15,,,,,,,,,,,,,,,,,,,,,,,,,,,,,,,
PFAS Portal et al 2023,NDahlia-SW,Surface Water,39.85585484,-105.1814806,2023,09/07/2023,,,,,ng/L,11,10,,1.9,1.9,8.7,17,,,0,,,,,,,,,,,9,13,,,,,,,,,,,,,,,,,,,,,,,,,,,,,,,
PFAS Portal et al 2023,CO0130020-013,Surface Water,39.870181,-104.918244,2020,04/29/2020,,,,,ng/L,2.6,1.2,,0,0.38,0.69,0.94,,,0,,,,,,,,,,,0.5,0,,,,,,,,,,,,,,,,,,,,,,,,,,,,,,,
PFAS Portal et al 2023,E Spratt-SW,Surface Water,39.870181,-104.918244,2023,11/09/2023,,,,,ng/L,15,13,,1.4,2.3,13,17,,,0,,,,,,,,,,,12,17,,,,,,,,,,,,,,,,,,,,,,,,,,,,,,,
PFAS Portal et al 2023,ESpratt-SW,Surface Water,39.875493,-104.918371,2023,09/07/2023,,,,,ng/L,11,10,,1.3,1.8,11,16,,,0,,,,,,,,,,,11,14,,,,,,,,,,,,,,,,,,,,,,,,,,,,,,,
PFAS Portal et al 2023,W Spratt-SW,Surface Water,39.875493,-104.918371,2023,11/09/2023,,,,,ng/L,62,12,,11,4.5,9.6,14,,,0,,,,,,,,,,,11,14,,,,,,,,,,,,,,,,,,,,,,,,,,,,,,,
PFAS Portal et al 2023,WSpratt-SW,Surface Water,39.877453,-104.914668,2023,09/07/2023,,,,,ng/L,12,11,,2,2.1,9.3,17,,,0,,,,,,,,,,,9.6,14,,,,,,,,,,,,,,,,,,,,,,,,,,,,,,,
PFAS Portal et al 2023,Cooley RES-SW,Surface Water,39.88282589,-104.8973324,2023,11/09/2023,,,,,ng/L,11,11,,1.7,2,8.3,14,,,0,,,,,,,,,,,9.2,12,,,,,,,,,,,,,,,,,,,,,,,,,,,,,,,
PFAS Portal et al 2023,104-FULTON-SW,Surface Water,39.885324,-104.894143,2022,09/15/2022,,,,,ng/L,15,9.7,,2.8,2.6,8.9,14,,,0,,,,,,,,,,,8.7,10,,,,,,,,,,,,,,,,,,,,,,,,,,,,,,,
PFAS Portal et al 2023,104+Fulton-SW,Surface Water,39.885361,-104.895761,2023,09/07/2023,,,,,ng/L,7.3,8.2,,0.86,1.3,9.4,15,,,0,,,,,,,,,,,14,9.9,,,,,,,,,,,,,,,,,,,,,,,,,,,,,,,
PFAS Portal et al 2023,104-Fulton-SW,Surface Water,39.885395,-104.895733,2023,11/10/2023,,,,,ng/L,33,14,,1.2,3,22,16,,,0,,,,,,,,,,,14,16,,,,,,,,,,,,,,,,,,,,,,,,,,,,,,,
PFAS Portal et al 2023,104-Fulton-4-SW,Surface Water,39.885395,-104.895733,2023,05/25/2023,,,,,ng/L,7.5,5.6,,0.51,0.97,6,7.6,,,0,,,,,,,,,,,6.1,6.2,,,,,,,,,,,,,,,,,,,,,,,,,,,,,,,
PFAS Portal et al 2023,104-Fulton-2-SW,Surface Water,39.92286,-104.86809,2023,02/03/2023,,,,,ng/L,25,13,,1.5,2.4,19,12,,,0,,,,,,,,,,,15,19,,,,,,,,,,,,,,,,,,,,,,,,,,,,,,,
PFAS Portal et al 2023,COSPUS15-23,Surface Water,39.93347161,-105.7852471,2020,04/22/2020,,,,,ng/L,11,12,,1.5,2,12,22,,,0,,,,,,,,,,,10,0,,,,,,,,,,,,,,,,,,,,,,,,,,,,,,,
PFAS Portal et al 2023,Mary's Inlet Fraser River-SW,Surface Water,39.93196414,-105.28143,2022,10/05/2022,,,,,ng/L,1.9,1.1,,0,0.29,0,0,,,0,,,,,,,,,,,1.2,0,,,,,,,,,,,,,,,,,,,,,,,,,,,,,,,
PFAS Portal et al 2023,ELDORADO SW,Surface Water,39.94674024,-105.793997,2022,09/27/2022,,,,,ng/L,0,0,,0,0,0,0,,,0,,,,,,,,,,,0,0,,,,,,,,,,,,,,,,,,,,,,,,,,,,,,,
PFAS Portal et al 2023,NE of North Pond Fraser River-SW,Surface Water,39.94576796,-105.1603998,2022,10/05/2022,,,,,ng/L,1.7,1.2,,0,0.44,0,0.84,,,0,,,,,,,,,,,1.3,0,,,,,,,,,,,,,,,,,,,,,,,,,,,,,,,
PFAS Portal et al 2023,WTP-RAW-SW,Surface Water,39.94576796,-105.1603998,2023,10/11/2023,,,,,ng/L,0,0,,0,0.27,0,0,,,0,,,,,,,,,,,0.36,0,,,,,,,,,,,,,,,,,,,,,,,,,,,,,,,
PFAS Portal et al 2023,WTP-RAW-SW,Surface Water,39.94718667,-105.097145,2023,12/04/2023,,,,,ng/L,0,0,,0.48,0.24,0,0,,,0,,,,,,,,,,,0.32,3.1,,,,,,,,,,,,,,,,,,,,,,,,,,,,,,,
PFAS Portal et al 2023,RC-DSMF,Surface Water,39.94962613,-105.8213515,2023,07/11/2023,,,,,ng/L,7,10,,2.1,1.8,2.6,12,,,0,,,,,,,,,,,14,15,,,,,,,,,,,,,,,,,,,,,,,,,,,,,,,
PFAS Portal et al 2023,St. Louis Creek-SW,Surface Water,39.95898437,-105.2033888,2022,10/05/2022,,,,,ng/L,0,0,,0,0,0,0,,,0,,,,,,,,,,,0,0,,,,,,,,,,,,,,,,,,,,,,,,,,,,,,,
PFAS Portal et al 2023,MARSHALL-SW,Surface Water,39.95544,-104.857483,2022,09/27/2022,,,,,ng/L,0,0,,0,0,0,0,,,0,,,,,,,,,,,0.26,0,,,,,,,,,,,,,,,,,,,,,,,,,,,,,,,
PFAS Portal et al 2023,Hammer-SW,Surface Water,39.955443,-104.857483,2023,11/09/2023,,,,,ng/L,14,17,,1.5,3.4,11,23,,,0,,,,,,,,,,,11,19,,,,,,,,,,,,,,,,,,,,,,,,,,,,,,,
PFAS Portal et al 2023,Hammer-4-SW,Surface Water,39.955443,-104.857483,2023,05/25/2023,,,,,ng/L,14,14,,1.3,2.8,12,21,,,0,,,,,,,,,,,9.4,17,,,,,,,,,,,,,,,,,,,,,,,,,,,,,,,
PFAS Portal et al 2023,Hammer-4-SW,Surface Water,39.955443,-104.857483,2023,05/25/2023,,,,,ng/L,0,0,,0,0,0,0,,,0,,,,,,,,,,,0,0,,,,,,,,,,,,,,,,,,,,,,,,,,,,,,,
PFAS Portal et al 2023,Hammer-2-SW,Surface Water,39.955443,-104.857483,2023,02/03/2023,,,,,ng/L,22,29,,1.3,5,18,30,,,0,,,,,,,,,,,13,28,,,,,,,,,,,,,,,,,,,,,,,,,,,,,,,
PFAS Portal et al 2023,HAMMER-SW,Surface Water,39.96117291,-104.8493858,2023,09/07/2023,,,,,ng/L,12,14,,1.7,3.2,11,23,,,0,,,,,,,,,,,8.5,16,,,,,,,,,,,,,,,,,,,,,,,,,,,,,,,
PFAS Portal et al 2023,SP-HAMMER-SW,Surface Water,39.955459,-104.856681,2022,09/15/2022,,,,,ng/L,12,12,,3.3,2.7,9.7,18,,,0,,,,,,,,,,,11,9.7,,,,,,,,,,,,,,,,,,,,,,,,,,,,,,,
PFAS Portal et al 2023,SP@Hammer-SW,Surface Water,39.955472,-104.856639,2023,09/07/2023,,,,,ng/L,8.9,8.8,,1.3,1.6,9.4,15,,,0,,,,,,,,,,,14,8.2,,,,,,,,,,,,,,,,,,,,,,,,,,,,,,,
PFAS Portal et al 2023,SP-Hammer-SW,Surface Water,39.955486,-104.856601,2023,11/09/2023,,,,,ng/L,12,10,,1.6,2,9.1,15,,,0,,,,,,,,,,,17,9.3,,,,,,,,,,,,,,,,,,,,,,,,,,,,,,,
PFAS Portal et al 2023,SP-Hammer-2-SW,Surface Water,39.955486,-104.856601,2023,02/03/2023,,,,,ng/L,11,8.3,,0.94,2.6,9.3,16,,,0,,,,,,,,,,,7.9,14,,,,,,,,,,,,,,,,,,,,,,,,,,,,,,,
PFAS Portal et al 2023,SP-Hammer-4-SW,Surface Water,39.955443,-104.857483,2023,05/25/2023,,,,,ng/L,5,5.7,,0.6,1.1,4.8,8,,,0,,,,,,,,,,,5.7,8.6,,,,,,,,,,,,,,,,,,,,,,,,,,,,,,,
PFAS Portal et al 2023,HAMMER-SW,Surface Water,39.95746563,-105.1941238,2022,09/15/2022,,,,,ng/L,28,26,,2.2,6.1,18,36,,,0,,,,,,,,,,,15,25,,,,,,,,,,,,,,,,,,,,,,,,,,,,,,,
PFAS Portal et al 2023,HB-CRS002-SW,Surface Water,39.96545442,-105.1331844,2022,09/27/2022,,,,,ng/L,0,0,,0,0,0,0,,,0,,,,,,,,,,,0,0,,,,,,,,,,,,,,,,,,,,,,,,,,,,,,,
PFAS Portal et al 2023,CC2-DSMF,Surface Water,39.96545442,-105.1331844,2023,07/11/2023,,,,,ng/L,3.4,4.9,,0,0.44,1.6,9.3,,,0,,,,,,,,,,,7.8,8,,,,,,,,,,,,,,,,,,,,,,,,,,,,,,,
PFAS Portal et al 2023,CC1-DSMF,Surface Water,39.98643722,-105.3236497,2023,07/11/2023,,,,,ng/L,1.1,1.8,,0,0,0.96,1.3,,,0,,,,,,,,,,,1.9,0,,,,,,,,,,,,,,,,,,,,,,,,,,,,,,,
PFAS Portal et al 2023,CO0107152-003,Surface Water,39.98093427,-105.1635921,2020,04/24/2020,,,,,ng/L,0,0,,0,0,0.34,0,,,0,,,,,,,,,,,0.31,0,,,,,,,,,,,,,,,,,,,,,,,,,,,,,,,
PFAS Portal et al 2023,HARPER-SW,Surface Water,39.986067,-105.220833,2022,09/27/2022,,,,,ng/L,1.3,1.3,,0.88,0.61,0,0.99,,,0,,,,,,,,,,,0.21,14,,,,,,,,,,,,,,,,,,,,,,,,,,,,,,,
PFAS Portal et al 2023,REF SITES-5588,Surface Water,39.99709966,-105.1492487,2020,04/22/2020,,,,,ng/L,0.5,0.74,,0,0,0.47,0,,,0,,,,,,,,,,,0.73,0,,,,,,,,,,,,,,,,,,,,,,,,,,,,,,,
PFAS Portal et al 2023,NCWSD-SW,Surface Water,39.98414469,-105.5077773,2022,09/27/2022,,,,,ng/L,0,0,,0,0,0,0,,,0,,,,,,,,,,,0,0,,,,,,,,,,,,,,,,,,,,,,,,,,,,,,,
PFAS Portal et al 2023,CO0107152-004,Surface Water,39.99690028,-105.1466601,2020,04/24/2020,,,,,ng/L,0,0,,0,0.25,0.29,0,,,0,,,,,,,,,,,0.32,0,,,,,,,,,,,,,,,,,,,,,,,,,,,,,,,
PFAS Portal et al 2023,LR-CRS001-SW,Surface Water,40.008556,-105.441083,2022,09/27/2022,,,,,ng/L,0,0,,0,0,1,0,,,0,,,,,,,,,,,0.27,0,,,,,,,,,,,,,,,,,,,,,,,,,,,,,,,
PFAS Portal et al 2023,Upper-SW,Surface Water,40.01220859,-105.3039711,2022,09/09/2022,,,,,ng/L,0,0,,0,0,0,0,,,0,,,,,,,,,,,0,0,,,,,,,,,,,,,,,,,,,,,,,,,,,,,,,
PFAS Portal et al 2023,BC-DSFMF,Surface Water,40.031475,-105.341788,2023,07/11/2023,,,,,ng/L,0,0,,0,0,0,0,,,0,,,,,,,,,,,0.3,0,,,,,,,,,,,,,,,,,,,,,,,,,,,,,,,
PFAS Portal et al 2023,4-MILE-SW,Surface Water,40.0156782,-105.3541204,2023,09/01/2023,,,,,ng/L,1.3,1.4,,0,0,0,1.5,,,0,,,,,,,,,,,0.78,0,,,,,,,,,,,,,,,,,,,,,,,,,,,,,,,
PFAS Portal et al 2023,Kelly-Culvert-SW,Surface Water,40.015802,-105.354124,2022,09/09/2022,,,,,ng/L,12,2.4,,0,0,11,1.1,,,0,,,,,,,,,,,3.7,0,,,,,,,,,,,,,,,,,,,,,,,,,,,,,,,
PFAS Portal et al 2023,KELLY-CULVERT-SW,Surface Water,40.017141,-105.384664,2023,09/01/2023,,,,,ng/L,17,8.2,,0,0,11,5.1,,,0,,,,,,,,,,,2.6,0,,,,,,,,,,,,,,,,,,,,,,,,,,,,,,,
PFAS Portal et al 2023,BUMMER-POND-SW,Surface Water,40.017141,-105.384664,2023,09/01/2023,,,,,ng/L,0,0.9,,0,0,0,0,,,0,,,,,,,,,,,0,0,,,,,,,,,,,,,,,,,,,,,,,,,,,,,,,
PFAS Portal et al 2023,BUMMER-POND-SW,Surface Water,40.017182,-105.381773,2023,09/01/2023,,,,,ng/L,0,0,,0,0,0,0,,,0,,,,,,,,,,,0,0,,,,,,,,,,,,,,,,,,,,,,,,,,,,,,,
PFAS Portal et al 2023,Sugar-Culvert-SW,Surface Water,40.017331,-105.365861,2022,09/09/2022,,,,,ng/L,4.2,5.8,,0,0,2.5,3.9,,,0,,,,,,,,,,,5.3,0,,,,,,,,,,,,,,,,,,,,,,,,,,,,,,,
PFAS Portal et al 2023,SWEENY-SW,Surface Water,40.017459,-105.382212,2023,09/01/2023,,,,,ng/L,33,2.5,,0.91,0.48,1.8,2,,,0,,,,,,,,,,,5.1,0,,,,,,,,,,,,,,,,,,,,,,,,,,,,,,,
PFAS Portal et al 2023,BUMMER-N-SW,Surface Water,40.02257941,-105.0962324,2023,09/01/2023,,,,,ng/L,2.9,4,,0,0,2.9,4.9,,,0,,,,,,,,,,,6.6,0,,,,,,,,,,,,,,,,,,,,,,,,,,,,,,,
PFAS Portal et al 2023,CO0162255-007,Surface Water,40.031475,-105.341788,2020,04/24/2020,,,,,ng/L,3.7,0.81,,0.86,0.66,0.37,0,,,0,,,,,,,,,,,0.38,0,,,,,,,,,,,,,,,,,,,,,,,,,,,,,,,
PFAS Portal et al 2023,4-MILE-SW,Surface Water,40.03546993,-105.3527631,2022,09/26/2022,,,,,ng/L,0.48,0,,0,0,0,0,,,0,,,,,,,,,,,0.27,0,,,,,,,,,,,,,,,,,,,,,,,,,,,,,,,
PFAS Portal et al 2023,FC-DSFMF,Surface Water,40.04658344,-106.4282308,2023,07/11/2023,,,,,ng/L,0.85,0.87,,0,0,0,0,,,0,,,,,,,,,,,0.22,0,,,,,,,,,,,,,,,,,,,,,,,,,,,,,,,
PFAS Portal et al 2023,Colorado River-SW,Surface Water,40.04761478,-105.3138656,2023,07/31/2023,,,,,ng/L,0,0,,0,0,0,0.59,,,0,,,,,,,,,,,0.42,4.4,,,,,,,,,,,,,,,,,,,,,,,,,,,,,,,
PFAS Portal et al 2023,FH-DIS-WW,Surface Water,40.04222502,-105.3208786,2022,09/26/2022,,,,,ng/L,3.8,5,,0,0.25,4.4,5,,,0,,,,,,,,,,,8.7,2.2,,,,,,,,,,,,,,,,,,,,,,,,,,,,,,,
PFAS Portal et al 2023,FH-RAW-SW,Surface Water,40.05563876,-106.3080831,2022,09/26/2022,,,,,ng/L,3.4,4.9,,0,0.26,4.2,5.8,,,0,,,,,,,,,,,8.6,2.3,,,,,,,,,,,,,,,,,,,,,,,,,,,,,,,
PFAS Portal et al 2023,CR-DSETF-SW,Surface Water,40.05563876,-106.3080831,2022,10/07/2022,,,,,ng/L,0,0,,0,0,0,0,,,0,,,,,,,,,,,0,0,,,,,,,,,,,,,,,,,,,,,,,,,,,,,,,
PFAS Portal et al 2023,CR2-DSETF,Surface Water,40.05563876,-106.3080831,2023,08/23/2023,,,,,ng/L,0,0,,0,0,0,0.92,,,0,,,,,,,,,,,0.47,0,,,,,,,,,,,,,,,,,,,,,,,,,,,,,,,
PFAS Portal et al 2023,CR-DSETF-SW,Surface Water,40.06391681,-105.3042271,2022,10/07/2022,,,,,ng/L,0,0,,0,0,0,0,,,0,,,,,,,,,,,0,0,,,,,,,,,,,,,,,,,,,,,,,,,,,,,,,
PFAS Portal et al 2023,FCC-DSFMF,Surface Water,40.06783939,-106.434603,2023,07/11/2023,,,,,ng/L,0,0,,0,0,0,0,,,0,,,,,,,,,,,0,0,,,,,,,,,,,,,,,,,,,,,,,,,,,,,,,
PFAS Portal et al 2023,Jones Res-SW/sheep creek,Surface Water,40.073438,-106.10895,2023,07/31/2023,,,,,ng/L,0,0,,0,0,0,0,,,0,,,,,,,,,,,0,0,,,,,,,,,,,,,,,,,,,,,,,,,,,,,,,
PFAS Portal et al 2023,COUCUC03-45,Surface Water,40.07514297,-105.4195525,2020,04/24/2020,,,,,ng/L,0.69,1,,0,0.3,0.49,1.1,,,0,,,,,,,,,,,0.79,0,,,,,,,,,,,,,,,,,,,,,,,,,,,,,,,
PFAS Portal et al 2023,LHC-DSLHF-SW,Surface Water,40.07514297,-105.4195525,2022,10/10/2022,,,,,ng/L,0,0,,0,0,0,0,,,0,,,,,,,,,,,0.26,0,,,,,,,,,,,,,,,,,,,,,,,,,,,,,,,
PFAS Portal et al 2023,LHC-DSLHF-SW,Surface Water,40.08189,-105.928007,2022,10/10/2022,,,,,ng/L,0,0,,0,0,0,0,,,0,,,,,,,,,,,0.26,0,,,,,,,,,,,,,,,,,,,,,,,,,,,,,,,
PFAS Portal et al 2023,COUCUC10C-12161,Surface Water,40.08546709,-105.2182041,2020,04/24/2020,,,,,ng/L,1,1.1,,0,0.43,0.62,1.3,,,0,,,,,,,,,,,1,0,,,,,,,,,,,,,,,,,,,,,,,,,,,,,,,
PFAS Portal et al 2023,CO0107152-005,Surface Water,40.09268,-108.81692,2020,04/24/2020,,,,,ng/L,0,0,,0,0,0.3,0,,,0,,,,,,,,,,,0.28,0,,,,,,,,,,,,,,,,,,,,,,,,,,,,,,,
PFAS Portal et al 2023,COLCWH21-11702,Surface Water,40.11605765,-105.2581787,2020,04/30/2020,,,,,ng/L,0,0,,0,0,0.32,0,,,0,,,,,,,,,,,0,0,,,,,,,,,,,,,,,,,,,,,,,,,,,,,,,
PFAS Portal et al 2023,LHC-DSCF,Surface Water,40.14428393,-105.8686865,2023,07/11/2023,,,,,ng/L,0,1.3,,0,0,0,0,,,0,,,,,,,,,,,0.38,0,,,,,,,,,,,,,,,,,,,,,,,,,,,,,,,
PFAS Portal et al 2023,Out-LG-DSETF-SW,Surface Water,40.14428393,-105.8686865,2022,10/07/2022,,,,,ng/L,0,0,,0,0,0,0,,,0,,,,,,,,,,,0.27,0,,,,,,,,,,,,,,,,,,,,,,,,,,,,,,,
PFAS Portal et al 2023,Out-LG-DSETF-SW,Surface Water,40.15467957,-105.0880507,2022,10/07/2022,,,,,ng/L,0,0,,0,0,0,0,,,0,,,,,,,,,,,0.27,0,,,,,,,,,,,,,,,,,,,,,,,,,,,,,,,
PFAS Portal et al 2023,SVC-DSCF,Surface Water,40.17534472,-105.2581266,2023,07/11/2023,,,,,ng/L,0,1.5,,0,0,0.62,1.6,,,0,,,,,,,,,,,2.1,0,,,,,,,,,,,,,,,,,,,,,,,,,,,,,,,
PFAS Portal et al 2023,LD-DSCF,Surface Water,40.17768308,-105.3430007,2023,07/11/2023,,,,,ng/L,0,0,,0,0,0,0,,,0,,,,,,,,,,,0.27,0,,,,,,,,,,,,,,,,,,,,,,,,,,,,,,,
PFAS Portal et al 2023,CG-DSCF-SW,Surface Water,40.17768308,-105.3430007,2022,10/10/2022,,,,,ng/L,0,0,,0,0,0,0,,,0,,,,,,,,,,,0,0,,,,,,,,,,,,,,,,,,,,,,,,,,,,,,,
PFAS Portal et al 2023,CG-DSCF-SW,Surface Water,40.20028125,-105.8347077,2022,10/10/2022,,,,,ng/L,0,0,,0,0,0,0,,,0,,,,,,,,,,,0,0,,,,,,,,,,,,,,,,,,,,,,,,,,,,,,,
PFAS Portal et al 2023,Out-GL-DSETF-SW,Surface Water,40.20028125,-105.8347077,2022,10/07/2022,,,,,ng/L,0,0,,0,0,0,0,,,0,,,,,,,,,,,0,0,,,,,,,,,,,,,,,,,,,,,,,,,,,,,,,
PFAS Portal et al 2023,Out-GL-DSETF-SW,Surface Water,40.258056,-104.879167,2022,10/07/2022,,,,,ng/L,0,0,,0,0,0,0,,,0,,,,,,,,,,,0,0,,,,,,,,,,,,,,,,,,,,,,,,,,,,,,,
PFAS Portal et al 2023,COSPSV03-29,Surface Water,40.2761157,-105.3583761,2020,04/23/2020,,,,,ng/L,3.9,5.4,,0,0.58,3,11,,,0,,,,,,,,,,,6,0,,,,,,,,,,,,,,,,,,,,,,,,,,,,,,,
PFAS Portal et al 2023,RESERVOIR-SW,Surface Water,40.2923303,-105.3465962,2023,06/27/2023,,,,,ng/L,0,1.3,,0,0,17,1.4,,,0,,,,,,,,,,,3.9,0,,,,,,,,,,,,,,,,,,,,,,,,,,,,,,,
PFAS Portal et al 2023,RIVER INLET-SW,Surface Water,40.31617785,-105.21393,2023,06/27/2023,,,,,ng/L,0,0,,0,0,0.78,0,,,0,,,,,,,,,,,0.39,0,,,,,,,,,,,,,,,,,,,,,,,,,,,,,,,
PFAS Portal et al 2023,N-Plant-SW,Surface Water,40.351333,-104.774367,2022,09/07/2022,,,,,ng/L,0,0,,0,0,0,0,,,0,,,,,,,,,,,0,0,,,,,,,,,,,,,,,,,,,,,,,,,,,,,,,
PFAS Portal et al 2023,COSPBT05-28,Surface Water,40.36261683,-105.5435088,2020,04/23/2020,,,,,ng/L,3.9,2.9,,0,0.47,2.5,7.1,,,0,,,,,,,,,,,3.5,0,,,,,,,,,,,,,,,,,,,,,,,,,,,,,,,
PFAS Portal et al 2023,BTR-DSETF,Surface Water,40.412222,-104.562778,2023,08/23/2023,,,,,ng/L,0,0,,0,0,0,0,,,0,,,,,,,,,,,0.29,0,,,,,,,,,,,,,,,,,,,,,,,,,,,,,,,
PFAS Portal et al 2023,COSPMS01B-22,Surface Water,40.41468711,-105.1660679,2020,04/23/2020,,,,,ng/L,12,10,,0.96,1.3,7.3,35,,,0,,,,,,,,,,,8.4,0,,,,,,,,,,,,,,,,,,,,,,,,,,,,,,,
PFAS Portal et al 2023,BTR-DSCPF,Surface Water,40.417778,-104.639444,2023,08/23/2023,,,,,ng/L,0,0,,0,0,0,0.61,,,0,,,,,,,,,,,0.26,0,,,,,,,,,,,,,,,,,,,,,,,,,,,,,,,
PFAS Portal et al 2023,COSPCP12-27,Surface Water,40.41302277,-105.0501292,2020,04/23/2020,,,,,ng/L,11,13,,1.7,1.7,3.1,100,,,0,,,,,,,,,,,5.4,0,,,,,,,,,,,,,,,,,,,,,,,,,,,,,,,
PFAS Portal et al 2023,CO0162321-005,Surface Water,40.43636506,-105.3453474,2020,04/22/2020,,,,,ng/L,1,1.5,,0,0.37,0.66,1.4,,,0,,,,,,,,,,,1.1,0,,,,,,,,,,,,,,,,,,,,,,,,,,,,,,,
PFAS Portal et al 2023,NFBTR-DSCPF,Surface Water,40.46906914,-105.2027781,2023,08/23/2023,,,,,ng/L,0,0,,0,0,0,0,,,0,,,,,,,,,,,0,0,,,,,,,,,,,,,,,,,,,,,,,,,,,,,,,
PFAS Portal et al 2023,BC-DSCPF,Surface Water,40.47775,-107.01318,2023,08/23/2023,,,,,ng/L,0,0,,0,0,0,0,,,0,,,,,,,,,,,0,0,,,,,,,,,,,,,,,,,,,,,,,,,,,,,,,
PFAS Portal et al 2023,COUCYA02C-38,Surface Water,40.6535725,-105.2015537,2020,05/01/2020,,,,,ng/L,0,0,,0,0,0.32,0,,,0,,,,,,,,,,,0.26,0,,,,,,,,,,,,,,,,,,,,,,,,,,,,,,,
PFAS Portal et al 2023,CO0162321-008,Surface Water,40.664444,-105.223889,2020,04/24/2020,,,,,ng/L,0.51,0,,0,0,0.28,0,,,0,,,,,,,,,,,0.29,0,,,,,,,,,,,,,,,,,,,,,,,,,,,,,,,
PFAS Portal et al 2023,COSPCP10A-26,Surface Water,40.68368963,-105.4455036,2020,04/22/2020,,,,,ng/L,0,0,,0,0,0.38,0,,,0,,,,,,,,,,,0.2,0,,,,,,,,,,,,,,,,,,,,,,,,,,,,,,,
PFAS Portal et al 2023,CLPR-DSCPF,Surface Water,40.741015,-106.281965,2023,08/23/2023,,,,,ng/L,0,0,,0,0,0,0,,,0,,,,,,,,,,,0,0,,,,,,,,,,,,,,,,,,,,,,,,,,,,,,,
PFAS Portal et al 2023,COUCNP05B-120,Surface Water,40.74737,-103.05598,2020,05/01/2020,,,,,ng/L,0,0,,0,0,0.27,0,,,0,,,,,,,,,,,0.23,0,,,,,,,,,,,,,,,,,,,,,,,,,,,,,,,
PFAS Portal et al 2023,COSPLS01-128,Surface Water,40.78540101,-105.8827414,h,h,,,,,ng/L,6.9,4.6,,0,0.55,9.1,9.6,,,0,,,,,,,,,,,8.6,0,,,,,,,,,,,,,,,,,,,,,,,,,,,,,,,
PFAS Portal et al 2023,LR-DSCPF,Surface Water,38.932243,-104.720566,2023,08/23/2023,,,,,ng/L,0,0,,0,0,0,0,,,0,,,,,,,,,,,0,0,,,,,,,,,,,,,,,,,,,,,,,,,,,,,,,
PASI Drycleaning et al 2023,Templeton GAP Landfill Site,Ground Water,38.932705,-104.721745,,,,,,,ng/L,0,0,,0,0,0,0,0,0,0,0,0,0,,,,,,0,0,0,,,,,,,,,,0,0,0,,0,,,0,,0,0,0,0,0,0,0,0,0,,0,,,0
PASI Drycleaning et al 2023,Templeton GAP Landfill Site,Ground Water,38.931603,-104.721699,,,,,,,ng/L,0,0,,0,0,0,0,0,0,0,0,0,0,,,,,,0,0,0,,,,,,,,,,0,0,0,,0,,,0,,0,0,0,0,0,0,0,0,0,,0,,,0
PASI Drycleaning et al 2023,Templeton GAP Landfill Site,Ground Water,38.855192,-104.776482,,,,,,,ng/L,0,0,,0,0,0,0,0,0,0,0,0,0,,,,,,0,0,0,,,,,,,,,,0,0,0,,0,,,0,,0,0,0,0,0,0,0,0,0,,0,,,0
PASI Drycleaning et al 2023,Norge Laundry and Cleaning Village Site,Ground Water,38.855213,-104.777073,2023,03/23/2023,,,,,ng/L,0,0,,0,0,0,0,0,0,0,0,0,0,,,,,,0,0,0,,,,,,,,,,0,0,0,,0,,,0,,0,0,0,0,0,0,0,0,0,,0,,,0
PASI Drycleaning et al 2023,Norge Laundry and Cleaning Village Site,Ground Water,38.854845,-104.77713,2023,03/22/2023,,,,,ng/L,0,0,,0,0,0,0,0,0,0,0,0,0,,,,,,0,0,0,,,,,,,,,,0,0,0,,0,,,0,,0,0,0,0,0,0,0,0,0,,0,,,0
PASI Drycleaning et al 2023,Norge Laundry and Cleaning Village Site,Ground Water,38.85509,-104.777385,2023,03/22/2023,,,,,ng/L,0,26.2,,0,0,0,55.3,20.4,0,0,0,0,0,,,,,,95.4,0,23.8,,,,,,,,,,0,0,0,,0,,,0,,0,0,0,0,0,0,0,0,0,,0,,,0
PASI Drycleaning et al 2023,Norge Laundry and Cleaning Village Site,Ground Water,38.855017,-104.777836,2023,03/21/2023,,,,,ng/L,0,0,,0,0,0,0,0,0,0,0,0,0,,,,,,0,0,0,,,,,,,,,,0,0,0,,0,,,0,,0,0,0,0,0,0,0,0,0,,0,,,0
PASI Drycleaning et al 2023,Norge Laundry and Cleaning Village Site,Ground Water,38.85509,-104.777385,2023,03/21/2023,,,,,ng/L,0,0,,0,0,0,0,0,0,0,0,0,0,,,,,,0,0,0,,,,,,,,,,0,0,0,,0,,,0,,0,0,0,0,0,0,0,0,0,,0,,,0
PASI Drycleaning et al 2023,Norge Laundry and Cleaning Village Site,Ground Water,,,2023,03/21/2023,,,,,ng/L,0,0,,0,0,0,0,0,0,0,0,0,0,,,,,,0,0,0,,,,,,,,,,0,0,0,,0,,,0,,0,0,0,0,0,0,0,0,0,,0,,,0
CDPHE Private Well Adams et al 2024,Adams County Private Well,Ground Water,,,2023,04/04/2023,,,,,ng/L,0,0,,0,0,0,0,,,0,,,,,,,,,,,0,0,,,,,,,,,,,,,,,,,,,,,,,,,,,,,,,
CDPHE Private Well Adams et al 2024,Adams County Private Well,Ground Water,,,2020,02/20/2020,,,,,ng/L,,,,,,,,,,,,,,,,,,,,,,,,,,,,,,,,,,,,,,,,,,,,,,,,,,,,,
CDPHE Private Well Adams et al 2024,Adams County Private Well,Ground Water,,,2020,02/20/2020,,,,,ng/L,,,,,,,,,,,,,,,,,,,,,,,,,,,,,,,,,,,,,,,,,,,,,,,,,,,,,
CDPHE Private Well Adams et al 2024,Adams County Private Well,Ground Water,,,2020,02/20/2020,,,,,ng/L,,,,,,,,,,,,,,,,,,,,,,,,,,,,,,,,,,,,,,,,,,,,,,,,,,,,,
CDPHE Private Well Adams et al 2024,Adams County Private Well,Ground Water,,,2020,02/20/2020,,,,,ng/L,,,,,,,,,,,,,,,,,,,,,,,,,,,,,,,,,,,,,,,,,,,,,,,,,,,,,
CDPHE Private Well Adams et al 2024,Adams County Private Well,Ground Water,,,2023,03/20/2023,,,,,ng/L,0,0,,0,0,0,0,,,0,,,,,,,,,,,0,0,,,,,,,,,,,,,,,,,,,,,,,,,,,,,,,
CDPHE Private Well Arapahoe et al 2024,Arapahoe County Private Well,Ground Water,,,2020,05/01/2020,,,,,ng/L,,,,,,,,,,,,,,,,,,,,,,,,,,,,,,,,,,,,,,,,,,,,,,,,,,,,,
CDPHE Private Well Arapahoe et al 2024,Arapahoe County Private Well,Ground Water,,,2020,02/28/2020,,,,,ng/L,,,,,,,,,,,,,,,,,,,,,,,,,,,,,,,,,,,,,,,,,,,,,,,,,,,,,
CDPHE Private Well Arapahoe et al 2024,Arapahoe County Private Well,Ground Water,,,2022,10/12/2022,,,,,ng/L,0,0,,0,0,0,0,,,0,,,,,,,,,,,0,0,,,,,,,,,,,,,,,,,,,,,,,,,,,,,,,
CDPHE Private Well Arapahoe et al 2024,Arapahoe County Private Well,Ground Water,,,2020,02/18/2020,,,,,ng/L,,,,,,,,,,,,,,,,,,,,,,,,,,,,,,,,,,,,,,,,,,,,,,,,,,,,,
CDPHE Private Well Arapahoe et al 2024,Arapahoe County Private Well,Ground Water,,,2020,02/21/2020,,,,,ng/L,,,,,,,,,,,,,,,,,,,,,,,,,,,,,,,,,,,,,,,,,,,,,,,,,,,,,
CDPHE Private Well Arapahoe et al 2024,Arapahoe County Private Well,Ground Water,,,2020,02/18/2020,,,,,ng/L,,,,,,,,,,,,,,,,,,,,,,,,,,,,,,,,,,,,,,,,,,,,,,,,,,,,,
CDPHE Private Well Arapahoe et al 2024,Arapahoe County Private Well,Ground Water,,,2020,05/01/2020,,,,,ng/L,,,,,,,,,,,,,,,,,,,,,,,,,,,,,,,,,,,,,,,,,,,,,,,,,,,,,
CDPHE Private Well Arapahoe et al 2024,Arapahoe County Private Well,Ground Water,,,2020,03/10/2020,,,,,ng/L,,,,,,,,,,,,,,,,,,,,,,,,,,,,,,,,,,,,,,,,,,,,,,,,,,,,,
CDPHE Private Well Arapahoe et al 2024,Arapahoe County Private Well,Ground Water,,,2020,02/18/2020,,,,,ng/L,,,,,,,,,,,,,,,,,,,,,,,,,,,,,,,,,,,,,,,,,,,,,,,,,,,,,
CDPHE Private Well Arapahoe et al 2024,Arapahoe County Private Well,Ground Water,,,2020,03/10/2020,,,,,ng/L,,,,,,,,,,,,,,,,,,,,,,,,,,,,,,,,,,,,,,,,,,,,,,,,,,,,,
CDPHE Private Well Arapahoe et al 2024,Arapahoe County Private Well,Ground Water,,,2020,02/21/2020,,,,,ng/L,,,,,,,,,,,,,,,,,,,,,,,,,,,,,,,,,,,,,,,,,,,,,,,,,,,,,
CDPHE Private Well Arapahoe et al 2024,Arapahoe County Private Well,Ground Water,,,2020,02/19/2020,,,,,ng/L,,,,,,,,,,,,,,,,,,,,,,,,,,,,,,,,,,,,,,,,,,,,,,,,,,,,,
CDPHE Private Well Arapahoe et al 2024,Arapahoe County Private Well,Ground Water,,,2020,02/19/2020,,,,,ng/L,,,,,,,,,,,,,,,,,,,,,,,,,,,,,,,,,,,,,,,,,,,,,,,,,,,,,
CDPHE Private Well Arapahoe et al 2024,Arapahoe County Private Well,Ground Water,,,2020,03/10/2020,,,,,ng/L,,,,,,,,,,,,,,,,,,,,,,,,,,,,,,,,,,,,,,,,,,,,,,,,,,,,,
CDPHE Private Well Arapahoe et al 2024,Arapahoe County Private Well,Ground Water,,,2020,02/18/2020,,,,,ng/L,,,,,,,,,,,,,,,,,,,,,,,,,,,,,,,,,,,,,,,,,,,,,,,,,,,,,
CDPHE Private Well Arapahoe et al 2024,Arapahoe County Private Well,Ground Water,,,2020,02/28/2020,,,,,ng/L,,,,,,,,,,,,,,,,,,,,,,,,,,,,,,,,,,,,,,,,,,,,,,,,,,,,,
CDPHE Private Well Arapahoe et al 2024,Arapahoe County Private Well,Ground Water,,,2020,02/18/2020,,,,,ng/L,,,,,,,,,,,,,,,,,,,,,,,,,,,,,,,,,,,,,,,,,,,,,,,,,,,,,
CDPHE Private Well Arapahoe et al 2024,Arapahoe County Private Well,Ground Water,,,2020,02/28/2020,,,,,ng/L,,,,,,,,,,,,,,,,,,,,,,,,,,,,,,,,,,,,,,,,,,,,,,,,,,,,,
CDPHE Private Well Arapahoe et al 2024,Arapahoe County Private Well,Ground Water,,,2020,02/18/2020,,,,,ng/L,,,,,,,,,,,,,,,,,,,,,,,,,,,,,,,,,,,,,,,,,,,,,,,,,,,,,
CDPHE Private Well Arapahoe et al 2024,Arapahoe County Private Well,Ground Water,,,2020,02/18/2020,,,,,ng/L,,,,,,,,,,,,,,,,,,,,,,,,,,,,,,,,,,,,,,,,,,,,,,,,,,,,,
CDPHE Private Well Arapahoe et al 2024,Arapahoe County Private Well,Ground Water,,,2020,02/20/2020,,,,,ng/L,,,,,,,,,,,,,,,,,,,,,,,,,,,,,,,,,,,,,,,,,,,,,,,,,,,,,
CDPHE Private Well Arapahoe et al 2024,Arapahoe County Private Well,Ground Water,,,2020,02/20/2020,,,,,ng/L,,,,,,,,,,,,,,,,,,,,,,,,,,,,,,,,,,,,,,,,,,,,,,,,,,,,,
CDPHE Private Well Arapahoe et al 2024,Arapahoe County Private Well,Ground Water,,,2022,10/05/2022,,,,,ng/L,0,0,,0,0,0,0,,,0,,,,,,,,,,,0,0,,,,,,,,,,,,,,,,,,,,,,,,,,,,,,,
CDPHE Private Well Arapahoe et al 2024,Arapahoe County Private Well,Ground Water,,,2022,10/10/2022,,,,,ng/L,0,0,,0,0,0,0,,,0,,,,,,,,,,,0.21,0,,,,,,,,,,,,,,,,,,,,,,,,,,,,,,,
CDPHE Private Well Arapahoe et al 2024,Arapahoe County Private Well,Ground Water,,,2022,10/24/2022,,,,,ng/L,0,0,,0,0,0,0,,,0,,,,,,,,,,,0,0,,,,,,,,,,,,,,,,,,,,,,,,,,,,,,,
CDPHE Private Well Arapahoe et al 2024,Arapahoe County Private Well,Ground Water,,,2022,10/24/2022,,,,,ng/L,0,0,,0,0,0,0,,,0,,,,,,,,,,,0,0,,,,,,,,,,,,,,,,,,,,,,,,,,,,,,,
CDPHE Private Well Arapahoe et al 2024,Arapahoe County Private Well,Ground Water,,,2022,10/10/2022,,,,,ng/L,0,0,,0,0,0,0,,,0,,,,,,,,,,,0,0,,,,,,,,,,,,,,,,,,,,,,,,,,,,,,,
CDPHE Private Well Arapahoe et al 2024,Arapahoe County Private Well,Ground Water,,,2022,10/12/2022,,,,,ng/L,0,0,,0,0,0,0,,,0,,,,,,,,,,,0,0,,,,,,,,,,,,,,,,,,,,,,,,,,,,,,,
CDPHE Private Well Arapahoe et al 2024,Arapahoe County Private Well,Ground Water,,,2022,10/12/2022,,,,,ng/L,0,0,,0,0,0,0,,,0,,,,,,,,,,,0.42,0,,,,,,,,,,,,,,,,,,,,,,,,,,,,,,,
CDPHE Private Well Arapahoe et al 2024,Arapahoe County Private Well,Ground Water,,,2022,10/10/2022,,,,,ng/L,0,0,,0,0,2.9,0.83,,,0,,,,,,,,,,,0.26,0,,,,,,,,,,,,,,,,,,,,,,,,,,,,,,,
CDPHE Private Well Arapahoe et al 2024,Arapahoe County Private Well,Ground Water,,,2022,10/24/2022,,,,,ng/L,0,0,,0,0,0,0,,,0,,,,,,,,,,,0,0,,,,,,,,,,,,,,,,,,,,,,,,,,,,,,,
CDPHE Private Well Arapahoe et al 2024,Arapahoe County Private Well,Ground Water,,,2022,10/10/2022,,,,,ng/L,0,0,,0,0,0,0,,,0,,,,,,,,,,,0,0,,,,,,,,,,,,,,,,,,,,,,,,,,,,,,,
CDPHE Private Well Arapahoe et al 2024,Arapahoe County Private Well,Ground Water,,,2022,10/05/2022,,,,,ng/L,0,0,,0,0,0,0,,,0,,,,,,,,,,,0,0,,,,,,,,,,,,,,,,,,,,,,,,,,,,,,,
CDPHE Private Well Arapahoe et al 2024,Arapahoe County Private Well,Ground Water,,,2022,10/10/2022,,,,,ng/L,0,0,,0,0,0,0,,,0,,,,,,,,,,,0,0,,,,,,,,,,,,,,,,,,,,,,,,,,,,,,,
CDPHE Private Well Arapahoe et al 2024,Arapahoe County Private Well,Ground Water,,,2022,10/05/2022,,,,,ng/L,0,0,,0,0,0,0,,,0,,,,,,,,,,,0,0,,,,,,,,,,,,,,,,,,,,,,,,,,,,,,,
CDPHE Private Well Boulder et al 2024,Boulder County Private Well,Ground Water,,,2018,06/03/2018,,,,,ng/L,0,0,,,,0,0,,,,,,,,,,,,,,,,,,,,,,,,,,,,,,,,,,,,,,,,,,,,,,
CDPHE Private Well Boulder et al 2024,Boulder County Private Well,Ground Water,,,2018,06/03/2018,,,,,ng/L,0,0,,,,0,0,,,,,,,,,,,,,,,,,,,,,,,,,,,,,,,,,,,,,,,,,,,,,,
CDPHE Private Well Boulder et al 2024,Boulder County Private Well,Ground Water,,,2018,06/03/2018,,,,,ng/L,0,0,,,,0,0,,,,,,,,,,,,,,,,,,,,,,,,,,,,,,,,,,,,,,,,,,,,,,
CDPHE Private Well Boulder et al 2024,Boulder County Private Well,Ground Water,,,2018,06/03/2018,,,,,ng/L,0,0,,,,0,0,,,,,,,,,,,,,,,,,,,,,,,,,,,,,,,,,,,,,,,,,,,,,,
CDPHE Private Well Boulder et al 2024,Boulder County Private Well,Ground Water,,,2018,08/19/2018,,,,,ng/L,0,0,,,,0,0,,,,,,,,,,,,,,0,,,,,,,,,,,,,,,,,,,,,,,,,,,,,,,,
CDPHE Private Well Boulder et al 2024,Boulder County Private Well,Ground Water,,,2018,08/19/2018,,,,,ng/L,0,0,,,,0,0,,,,,,,,,,,,,,0,,,,,,,,,,,,,,,,,,,,,,,,,,,,,,,,
CDPHE Private Well Boulder et al 2024,Boulder County Private Well,Ground Water,,,2018,06/03/2018,,,,,ng/L,0,0,,,,0,0,,,,,,,,,,,,,,,,,,,,,,,,,,,,,,,,,,,,,,,,,,,,,,
CDPHE Private Well Boulder et al 2024,Boulder County Private Well,Ground Water,,,2018,08/19/2018,,,,,ng/L,0,0,,,,0,0,,,,,,,,,,,,,,0,,,,,,,,,,,,,,,,,,,,,,,,,,,,,,,,
CDPHE Private Well Boulder et al 2024,Boulder County Private Well,Ground Water,,,2018,08/19/2018,,,,,ng/L,0,0,,,,0,0,,,,,,,,,,,,,,0,,,,,,,,,,,,,,,,,,,,,,,,,,,,,,,,
CDPHE Private Well Boulder et al 2024,Boulder County Private Well,Ground Water,,,2018,06/03/2018,,,,,ng/L,0,0,,,,0,0,,,,,,,,,,,,,,,,,,,,,,,,,,,,,,,,,,,,,,,,,,,,,,
CDPHE Private Well Boulder et al 2024,Boulder County Private Well,Ground Water,,,2018,08/19/2018,,,,,ng/L,0,0,,,,0,0,,,,,,,,,,,,,,0,,,,,,,,,,,,,,,,,,,,,,,,,,,,,,,,
CDPHE Private Well Boulder et al 2024,Boulder County Private Well,Ground Water,,,2018,07/14/2018,,,,,ng/L,0,0,,,,0,0,,,,,,,,,,,,,,,,,,,,,,,,,,,,,,,,,,,,,,,,,,,,,,
CDPHE Private Well Boulder et al 2024,Boulder County Private Well,Ground Water,,,2018,06/01/2018,,,,,ng/L,0,0,,,,0,0,,,,,,,,,,,,,,,,,,,,,,,,,,,,,,,,,,,,,,,,,,,,,,
CDPHE Private Well Boulder et al 2024,Boulder County Private Well,Ground Water,,,2018,07/07/2018,,,,,ng/L,0,0,,,,0,0,,,,,,,,,,,,,,,,,,,,,,,,,,,,,,,,,,,,,,,,,,,,,,
CDPHE Private Well Boulder et al 2024,Boulder County Private Well,Ground Water,,,2018,07/31/2018,,,,,ng/L,0,0,,,,0,0,,,,,,,,,,,,,,,,,,,,,,,,,,,,,,,,,,,,,,,,,,,,,,
CDPHE Private Well Boulder et al 2024,Boulder County Private Well,Ground Water,,,2018,08/19/2018,,,,,ng/L,0,0,,,,0,0,,,,,,,,,,,,,,0,,,,,,,,,,,,,,,,,,,,,,,,,,,,,,,,
CDPHE Private Well Boulder et al 2024,Boulder County Private Well,Ground Water,,,2018,08/19/2018,,,,,ng/L,0,0,,,,0,0,,,,,,,,,,,,,,0,,,,,,,,,,,,,,,,,,,,,,,,,,,,,,,,
CDPHE Private Well Boulder et al 2024,Boulder County Private Well,Ground Water,,,2018,08/19/2018,,,,,ng/L,0,0,,,,0,0,,,,,,,,,,,,,,0,,,,,,,,,,,,,,,,,,,,,,,,,,,,,,,,
CDPHE Private Well Boulder et al 2024,Boulder County Private Well,Ground Water,,,2018,08/19/2018,,,,,ng/L,0,0,,,,0,0,,,,,,,,,,,,,,,,,,,,,,,,,,,,,,,,,,,,,,,,,,,,,,
CDPHE Private Well Boulder et al 2024,Boulder County Private Well,Ground Water,,,2018,08/19/2018,,,,,ng/L,0,0,,,,0,0,,,,,,,,,,,,,,,,,,,,,,,,,,,,,,,,,,,,,,,,,,,,,,
CDPHE Private Well Boulder et al 2024,Boulder County Private Well,Ground Water,,,2018,08/19/2018,,,,,ng/L,0,0,,,,0,0,,,,,,,,,,,,,,,,,,,,,,,,,,,,,,,,,,,,,,,,,,,,,,
CDPHE Private Well Boulder et al 2024,Boulder County Private Well,Ground Water,,,2018,08/19/2018,,,,,ng/L,6,3,,,,3,0,,,,,,,,,,,,,,0,,,,,,,,,,,,,,,,,,,,,,,,,,,,,,,,
CDPHE Private Well Boulder et al 2024,Boulder County Private Well,Ground Water,,,2018,06/04/2018,,,,,ng/L,8.2,6.4,,,,0,0,,,,,,,,,,,,,,,,,,,,,,,,,,,,,,,,,,,,,,,,,,,,,,
CDPHE Private Well Boulder et al 2024,Boulder County Private Well,Ground Water,,,2018,08/19/2018,,,,,ng/L,66,8,,,,70,0,,,,,,,,,,,,,,11,,,,,,,,,,,,,,,,,,,,,,,,,,,,,,,,
CDPHE Private Well Boulder et al 2024,Boulder County Private Well,Ground Water,,,2018,08/19/2018,,,,,ng/L,7,0,,,,11,0,,,,,,,,,,,,,,0,,,,,,,,,,,,,,,,,,,,,,,,,,,,,,,,
CDPHE Private Well Boulder et al 2024,Boulder County Private Well,Ground Water,,,2018,05/10/2018,,,,,ng/L,1200,82,,,,540,58,,,,,,,,,,,,,,,,,,,,,,,,,,,,,,,,,,,,,,,,,,,,,,
CDPHE Private Well Boulder et al 2024,Boulder County Private Well,Ground Water,,,2018,08/19/2018,,,,,ng/L,150,12,,,,98,7.5,,,,,,,,,,,,,,19,,,,,,,,,,,,,,,,,,,,,,,,,,,,,,,,
CDPHE Private Well Boulder et al 2024,Boulder County Private Well,Ground Water,,,2018,06/03/2018,,,,,ng/L,0,3,,,,0,0,,,,,,,,,,,,,,,,,,,,,,,,,,,,,,,,,,,,,,,,,,,,,,
CDPHE Private Well Boulder et al 2024,Boulder County Private Well,Ground Water,,,2018,06/03/2018,,,,,ng/L,4.7,5.3,,,,18,6.4,,,,,,,,,,,,,,,,,,,,,,,,,,,,,,,,,,,,,,,,,,,,,,
CDPHE Private Well Boulder et al 2024,Boulder County Private Well,Ground Water,,,2018,06/04/2018,,,,,ng/L,24,0,,,,18,0,,,,,,,,,,,,,,,,,,,,,,,,,,,,,,,,,,,,,,,,,,,,,,
CDPHE Private Well Boulder et al 2024,Boulder County Private Well,Ground Water,,,2018,08/19/2018,,,,,ng/L,0,4,,,,48,0,,,,,,,,,,,,,,0,,,,,,,,,,,,,,,,,,,,,,,,,,,,,,,,
CDPHE Private Well Boulder et al 2024,Boulder County Private Well,Ground Water,,,2018,06/03/2018,,,,,ng/L,34,3.5,,,,17,,,,,,,,,,,,,,,,,,,,,,,,,,,,,,,,,,,,,,,,,,,,,,,
CDPHE Private Well Boulder et al 2024,Boulder County Private Well,Ground Water,,,2018,05/10/2018,,,,,ng/L,220,14,,,,260,69,,,,,,,,,,,,,,,,,,,,,,,,,,,,,,,,,,,,,,,,,,,,,,
CDPHE Private Well Boulder et al 2024,Boulder County Private Well,Ground Water,,,2018,06/03/2018,,,,,ng/L,210,46,,,,290,23,,,,,,,,,,,,,,,,,,,,,,,,,,,,,,,,,,,,,,,,,,,,,,
CDPHE Private Well Boulder et al 2024,Boulder County Private Well,Ground Water,,,2018,08/19/2018,,,,,ng/L,5,0,,,,4,0,,,,,,,,,,,,,,0,,,,,,,,,,,,,,,,,,,,,,,,,,,,,,,,
CDPHE Private Well Boulder et al 2024,Boulder County Private Well,Ground Water,,,2022,11/14/2022,,,,,ng/L,0,0,,0,0,0,0,,,0,,,,,,,,,,,0.54,0,,,,,,,,,,,,,,,,,,,,,,,,,,,,,,,
CDPHE Private Well Boulder et al 2024,Boulder County Private Well,Ground Water,,,2022,11/14/2022,,,,,ng/L,0.65,1.1,,0,0,0,0.76,,,0,,,,,,,,,,,1.3,0,,,,,,,,,,,,,,,,,,,,,,,,,,,,,,,
CDPHE Private Well Boulder et al 2024,Boulder County Private Well,Ground Water,,,2023,03/21/2023,,,,,ng/L,0,0,,0,0,0,1.3,,,0,,,,,,,,,,,0.3,0,,,,,,,,,,,,,,,,,,,,,,,,,,,,,,,
CDPHE Private Well Boulder et al 2024,Boulder County Private Well,Ground Water,,,2023,08/01/2023,,,,,ng/L,280,61,,0,0,290,28,,,0,,,,,,,,,,,55,5.3,,,,,,,,,,,,,,,,,,,,,,,,,,,,,,,
CDPHE Private Well Boulder et al 2024,Boulder County Private Well,Ground Water,,,2023,08/01/2023,,,,,ng/L,0,0,,0,0,0,0,,,0,,,,,,,,,,,0,0,,,,,,,,,,,,,,,,,,,,,,,,,,,,,,,
CDPHE Private Well Boulder et al 2024,Boulder County Private Well,Ground Water,,,2023,08/01/2023,,,,,ng/L,0.69,0,,0,0,0,0,,,0,,,,,,,,,,,0,0,,,,,,,,,,,,,,,,,,,,,,,,,,,,,,,
CDPHE Private Well Boulder et al 2024,Boulder County Private Well,Ground Water,,,2022,09/09/2022,,,,,ng/L,0,0,,0,0.47,0,0,,,0,,,,,,,,,,,0,0,,,,,,,,,,,,,,,,,,,,,,,,,,,,,,,
CDPHE Private Well Boulder et al 2024,Boulder County Private Well,Ground Water,,,2023,08/01/2023,,,,,ng/L,0,0,,0,0,0,0,,,0,,,,,,,,,,,0,0,,,,,,,,,,,,,,,,,,,,,,,,,,,,,,,
CDPHE Private Well Boulder et al 2024,Boulder County Private Well,Ground Water,,,2023,03/21/2023,,,,,ng/L,2.8,8,,0,0,3.8,6.1,,,0,,,,,,,,,,,7.5,2.9,,,,,,,,,,,,,,,,,,,,,,,,,,,,,,,
CDPHE Private Well Boulder et al 2024,Boulder County Private Well,Ground Water,,,2022,11/14/2022,,,,,ng/L,5.1,4.7,,0,0,2.7,1.3,,,0,,,,,,,,,,,6.3,0,,,,,,,,,,,,,,,,,,,,,,,,,,,,,,,
CDPHE Private Well Boulder et al 2024,Boulder County Private Well,Ground Water,,,2022,11/07/2022,,,,,ng/L,9,6.1,,0,1.3,3.3,6,,,0,,,,,,,,,,,10,5.7,,,,,,,,,,,,,,,,,,,,,,,,,,,,,,,
CDPHE Private Well Boulder et al 2024,Boulder County Private Well,Ground Water,,,2019,10/06/2019,,,,,ng/L,0,0,,0,0,0,0,0,,,,,,,,,,,,,0,,,,,,,,,,,0,,,0,,,,,,,,,0,0,,,,,,,,
CDPHE Private Well Boulder et al 2024,Boulder County Private Well,Ground Water,,,2019,10/01/2019,,,,,ng/L,2,2,,0,0,2,0,0,,,,,,,,,,,,,3,,,,,,,,,,,0,,,0,,,,,,,,,0,0,,,,,,,,
CDPHE Private Well Boulder et al 2024,Boulder County Private Well,Ground Water,,,2020,07/04/2020,,,,,ng/L,11,0,,0,0,75,0,0,,,,,,,,,,,,,14,,,,,,,,,,,0,,,0,,,,,,,,,0,0,,,,,,,,
CDPHE Private Well Boulder et al 2024,Boulder County Private Well,Ground Water,,,2023,03/21/2023,,,,,ng/L,0,0,,0,0,0,0,,,0,,,,,,,,,,,0,0,,,,,,,,,,,,,,,,,,,,,,,,,,,,,,,
CDPHE Private Well Boulder et al 2024,Boulder County Private Well,Ground Water,,,2019,10/01/2019,,,,,ng/L,0,6,,0,0,0,10,3,,,,,,,,,,,,,2,,,,,,,,,,,0,,,0,,,,,,,,,0,0,,,,,,,,
CDPHE Private Well Boulder et al 2024,Boulder County Private Well,Ground Water,,,2019,10/01/2019,,,,,ng/L,3,12,,0,0,0,9,9,,,,,,,,,,,,,0,,,,,,,,,,,0,,,0,,,,,,,,,0,0,,,,,,,,
CDPHE Private Well Boulder et al 2024,Boulder County Private Well,Ground Water,,,2019,10/13/2019,,,,,ng/L,32,5,,0,0,95,10,2,,,,,,,,,,,,,21,,,,,,,,,,,0,,,0,,,,,,,,,0,0,,,,,,,,
CDPHE Private Well Boulder et al 2024,Boulder County Private Well,Ground Water,,,2019,10/03/2019,,,,,ng/L,8,4,,0,0,38,6,0,,,,,,,,,,,,,7,,,,,,,,,,,0,,,0,,,,,,,,,0,0,,,,,,,,
CDPHE Private Well Boulder et al 2024,Boulder County Private Well,Ground Water,,,2021,03/03/2021,,,,,ng/L,6,0,,0,0,30,4,0,,,,,,,,,,,,,5,,,,,,,,,,,0,,,0,,,,,,,,,0,0,,,,,,,,
CDPHE Private Well Boulder et al 2024,Boulder County Private Well,Ground Water,,,2023,08/02/2023,,,,,ng/L,410,15,,0,0,240,37,,,0,,,,,,,,,,,29,3.9,,,,,,,,,,,,,,,,,,,,,,,,,,,,,,,
CDPHE Private Well Boulder et al 2024,Boulder County Private Well,Ground Water,,,2022,09/09/2022,,,,,ng/L,270,11,,0,0,200,30,,,0,,,,,,,,,,,29,2.6,,,,,,,,,,,,,,,,,,,,,,,,,,,,,,,
CDPHE Private Well Boulder et al 2024,Boulder County Private Well,Ground Water,,,2021,03/05/2021,,,,,ng/L,793,28,,0,0,1034,74,10,,,,,,,,,,,,,98,,,,,,,,,,,0,,,0,,,,,,,,,0,0,,,,,,,,
CDPHE Private Well Boulder et al 2024,Boulder County Private Well,Ground Water,,,2019,10/12/2019,,,,,ng/L,10,2,,0,0,20,3,0,,,,,,,,,,,,,4,,,,,,,,,,,0,,,0,,,,,,,,,0,0,,,,,,,,
CDPHE Private Well Boulder et al 2024,Boulder County Private Well,Ground Water,,,2020,02/04/2020,,,,,ng/L,122,7,,0,0,197,17,3,,,,,,,,,,,,,34,,,,,,,,,,,0,,,0,,,,,,,,,0,0,,,,,,,,
CDPHE Private Well Boulder et al 2024,Boulder County Private Well,Ground Water,,,2019,10/05/2019,,,,,ng/L,400,16,,0,0,447,40,7,,,,,,,,,,,,,49,,,,,,,,,,,0,,,0,,,,,,,,,0,0,,,,,,,,
CDPHE Private Well Boulder et al 2024,Boulder County Private Well,Ground Water,,,2020,02/03/2020,,,,,ng/L,10,0,,0,0,38,0,0,,,,,,,,,,,,,42,,,,,,,,,,,0,,,0,,,,,,,,,0,0,,,,,,,,
CDPHE Private Well Boulder et al 2024,Boulder County Private Well,Ground Water,,,2019,10/02/2019,,,,,ng/L,191,9,,0,0,217,23,5,,,,,,,,,,,,,38,,,,,,,,,,,0,,,0,,,,,,,,,0,0,,,,,,,,
CDPHE Private Well Boulder et al 2024,Boulder County Private Well,Ground Water,,,2020,02/09/2020,,,,,ng/L,148,7,,0,0,249,21,4,,,,,,,,,,,,,27,,,,,,,,,,,0,,,0,,,,,,,,,0,0,,,,,,,,
CDPHE Private Well Boulder et al 2024,Boulder County Private Well,Ground Water,,,2023,08/02/2023,,,,,ng/L,66,6.6,,,,59,4.4,,,0,,,,,,,,,,,13,2.5,,,,,,,,,,,,,,,,,,,,,,,,,,,,,,,
CDPHE Private Well Boulder et al 2024,Boulder County Private Well,Ground Water,,,2021,03/04/2021,,,,,ng/L,8,0,,0,0,2,0,0,,,,,,,,,,,,,0,,,,,,,,,,,0,,,0,,,,,,,,,0,0,,,,,,,,
CDPHE Private Well Boulder et al 2024,Boulder County Private Well,Ground Water,,,2020,02/06/2020,,,,,ng/L,0,0,,0,0,0,0,0,,,,,,,,,,,,,3,,,,,,,,,,,0,,,0,,,,,,,,,0,0,,,,,,,,
CDPHE Private Well Boulder et al 2024,Boulder County Private Well,Ground Water,,,2019,10/10/2019,,,,,ng/L,4,7,,0,0,17,4,2,,,,,,,,,,,,,5,,,,,,,,,,,0,,,0,,,,,,,,,0,0,,,,,,,,
CDPHE Private Well Boulder et al 2024,Boulder County Private Well,Ground Water,,,2020,02/02/2020,,,,,ng/L,4,2,,0,0,0,0,0,,,,,,,,,,,,,0,,,,,,,,,,,0,,,0,,,,,,,,,0,0,,,,,,,,
CDPHE Private Well Boulder et al 2024,Boulder County Private Well,Ground Water,,,2019,10/09/2019,,,,,ng/L,14,6,,0,0,29,3,0,,,,,,,,,,,,,11,,,,,,,,,,,0,,,0,,,,,,,,,0,0,,,,,,,,
CDPHE Private Well Boulder et al 2024,Boulder County Private Well,Ground Water,,,2020,02/08/2020,,,,,ng/L,6,7,,0,0,3,22,4,,,,,,,,,,,,,3,,,,,,,,,,,0,,,0,,,,,,,,,0,0,,,,,,,,
CDPHE Private Well Boulder et al 2024,Boulder County Private Well,Ground Water,,,2019,10/07/2019,,,,,ng/L,1999,58,,0,0,1710,158,22,,,,,,,,,,,,,150,,,,,,,,,,,0,,,0,,,,,,,,,0,0,,,,,,,,
CDPHE Private Well Boulder et al 2024,Boulder County Private Well,Ground Water,,,2019,10/02/2019,,,,,ng/L,0,0,,0,0,0,0,0,,,,,,,,,,,,,0,,,,,,,,,,,0,,,0,,,,,,,,,0,0,,,,,,,,
CDPHE Private Well Boulder et al 2024,Boulder County Private Well,Ground Water,,,2020,02/05/2020,,,,,ng/L,5,2,,0,0,19,0,0,,,,,,,,,,,,,8,,,,,,,,,,,0,,,0,,,,,,,,,0,0,,,,,,,,
CDPHE Private Well Boulder et al 2024,Boulder County Private Well,Ground Water,,,2021,03/06/2021,,,,,ng/L,151,3,,0,0,449,0,0,,,,,,,,,,,,,49,,,,,,,,,,,0,,,0,,,,,,,,,0,0,,,,,,,,
CDPHE Private Well Boulder et al 2024,Boulder County Private Well,Ground Water,,,2020,02/01/2020,,,,,ng/L,74,0,,0,0,87,0,0,,,,,,,,,,,,,15,,,,,,,,,,,0,,,0,,,,,,,,,0,0,,,,,,,,
CDPHE Private Well Boulder et al 2024,Boulder County Private Well,Ground Water,,,2019,10/04/2019,,,,,ng/L,20,8,,0,0,8,3,0,,,,,,,,,,,,,28,,,,,,,,,,,0,,,0,,,,,,,,,0,0,,,,,,,,
CDPHE Private Well Boulder et al 2024,Boulder County Private Well,Ground Water,,,2019,10/14/2019,,,,,ng/L,3,3,,0,0,3,0,0,,,,,,,,,,,,,0,,,,,,,,,,,0,,,0,,,,,,,,,0,0,,,,,,,,
CDPHE Private Well Boulder et al 2024,Boulder County Private Well,Ground Water,,,2019,10/11/2019,,,,,ng/L,47,15,,0,2,13,11,4,,,,,,,,,,,,,27,,,,,,,,,,,0,,,0,,,,,,,,,0,0,,,,,,,,
CDPHE Private Well Boulder et al 2024,Boulder County Private Well,Ground Water,,,2020,02/07/2020,,,,,ng/L,141,9,,0,0,208,14,3,,,,,,,,,,,,,43,,,,,,,,,,,0,,,0,,,,,,,,,0,0,,,,,,,,
CDPHE Private Well Boulder et al 2024,Boulder County Private Well,Ground Water,,,2019,10/08/2019,,,,,ng/L,4,0,,0,0,7,0,0,,,,,,,,,,,,,0,,,,,,,,,,,0,,,0,,,,,,,,,0,0,,,,,,,,
CDPHE Private Well Boulder et al 2024,Boulder County Private Well,Ground Water,,,2021,03/02/2021,,,,,ng/L,39,4,,0,0,86,3,0,,,,,,,,,,,,,14,,,,,,,,,,,0,,,0,,,,,,,,,0,0,,,,,,,,
CDPHE Private Well Boulder et al 2024,Boulder County Private Well,Ground Water,,,2020,07/01/2020,,,,,ng/L,27,0,,0,0,73,2,0,,,,,,,,,,,,,15,,,,,,,,,,,0,,,0,,,,,,,,,0,0,,,,,,,,
CDPHE Private Well Boulder et al 2024,Boulder County Private Well,Ground Water,,,2019,10/01/2019,,,,,ng/L,14,22,,0,0,27,20,4,,,,,,,,,,,,,5,,,,,,,,,,,0,,,0,,,,,,,,,0,0,,,,,,,,
CDPHE Private Well Boulder et al 2024,Boulder County Private Well,Ground Water,,,2023,03/21/2023,,,,,ng/L,21,23,,0.7,2.1,130,48,,,0,,,,,,,,,,,140,16,,,,,,,,,,,,,,,,,,,,,,,,,,,,,,,
CDPHE Private Well Boulder et al 2024,Boulder County Private Well,Ground Water,,,2023,08/02/2023,,,,,ng/L,13,14,,1.1,1.8,28,14,,,0,,,,,,,,,,,30,9.4,,,,,,,,,,,,,,,,,,,,,,,,,,,,,,,
CDPHE Private Well Boulder et al 2024,Boulder County Private Well,Ground Water,,,2023,08/02/2023,,,,,ng/L,14,13,,0.93,1.3,27,12,,,0,,,,,,,,,,,27,7.8,,,,,,,,,,,,,,,,,,,,,,,,,,,,,,,
CDPHE Private Well Boulder et al 2024,Boulder County Private Well,Ground Water,,,2023,03/21/2023,,,,,ng/L,0,0,,0,0,0.59,0,,,0,,,,,,,,,,,0.34,0,,,,,,,,,,,,,,,,,,,,,,,,,,,,,,,
CDPHE Private Well Boulder et al 2024,Boulder County Private Well,Ground Water,,,2021,03/01/2021,,,,,ng/L,11,3,,0,0,13,0,0,,,,,,,,,,,,,3,,,,,,,,,,,0,,,0,,,,,,,,,0,0,,,,,,,,
CDPHE Private Well Boulder et al 2024,Boulder County Private Well,Ground Water,,,2023,08/02/2023,,,,,ng/L,3,3.3,,0,0,2,0,,,0,,,,,,,,,,,8.4,2.6,,,,,,,,,,,,,,,,,,,,,,,,,,,,,,,
CDPHE Private Well Boulder et al 2024,Boulder County Private Well,Ground Water,,,2022,11/14/2022,,,,,ng/L,0,0,,0,0,0.56,0,,,0,,,,,,,,,,,0,0,,,,,,,,,,,,,,,,,,,,,,,,,,,,,,,
CDPHE Private Well Boulder et al 2024,Boulder County Private Well,Ground Water,,,2020,07/09/2020,,,,,ng/L,0,0,,0,0,0,0,0,,,,,,,,,,,,,0,,,,,,,,,,,0,,,0,,,,,,,,,0,0,,,,,,,,
CDPHE Private Well Boulder et al 2024,Boulder County Private Well,Ground Water,,,2021,03/07/2021,,,,,ng/L,0,0,,0,0,0,0,0,,,,,,,,,,,,,0,,,,,,,,,,,0,,,0,,,,,,,,,0,0,,,,,,,,
CDPHE Private Well Boulder et al 2024,Boulder County Private Well,Ground Water,,,2020,02/10/2020,,,,,ng/L,9,8,,0,0,4,7,3,,,,,,,,,,,,,3,,,,,,,,,,,0,,,0,,,,,,,,,0,0,,,,,,,,
CDPHE Private Well Boulder et al 2024,Boulder County Private Well,Ground Water,,,2022,11/07/2022,,,,,ng/L,7.9,2.8,,0,0.83,5.6,2.3,,,0,,,,,,,,,,,7.6,3.9,,,,,,,,,,,,,,,,,,,,,,,,,,,,,,,
CDPHE Private Well Boulder et al 2024,Boulder County Private Well,Ground Water,,,2022,11/07/2022,,,,,ng/L,34,25,,0.55,0.83,28,15,,,0,,,,,,,,,,,33,19,,,,,,,,,,,,,,,,,,,,,,,,,,,,,,,
CDPHE Private Well Boulder et al 2024,Boulder County Private Well,Ground Water,,,2022,11/07/2022,,,,,ng/L,8.9,5,,0,0.26,2.2,8.1,,,0,,,,,,,,,,,19,9.9,,,,,,,,,,,,,,,,,,,,,,,,,,,,,,,
CDPHE Private Well Boulder et al 2024,Boulder County Private Well,Ground Water,,,2022,11/07/2022,,,,,ng/L,0.78,1.3,,0,0,0,0.63,,,0,,,,,,,,,,,0.36,0,,,,,,,,,,,,,,,,,,,,,,,,,,,,,,,
CDPHE Private Well Boulder et al 2024,Boulder County Private Well,Ground Water,,,2022,11/07/2022,,,,,ng/L,3.3,2.8,,0,0.54,0,1.1,,,0,,,,,,,,,,,1.1,0,,,,,,,,,,,,,,,,,,,,,,,,,,,,,,,
CDPHE Private Well Boulder et al 2024,Boulder County Private Well,Ground Water,,,2022,11/07/2022,,,,,ng/L,1.4,1.6,,0,0,3.4,1.7,,,0,,,,,,,,,,,0.44,0,,,,,,,,,,,,,,,,,,,,,,,,,,,,,,,
CDPHE Private Well Boulder et al 2024,Boulder County Private Well,Ground Water,,,2023,03/21/2023,,,,,ng/L,0,0,,0,0,0.52,2.5,,,0,,,,,,,,,,,6.1,0,,,,,,,,,,,,,,,,,,,,,,,,,,,,,,,
CDPHE Private Well Boulder et al 2024,Boulder County Private Well,Ground Water,,,2022,11/07/2022,,,,,ng/L,1.9,2.6,,0,0,3.3,4,,,0,,,,,,,,,,,45,3.1,,,,,,,,,,,,,,,,,,,,,,,,,,,,,,,
CDPHE Private Well Boulder et al 2024,Boulder County Private Well,Ground Water,,,2022,11/07/2022,,,,,ng/L,0,0,,0,0,0.55,0,,,0,,,,,,,,,,,0.96,2.4,,,,,,,,,,,,,,,,,,,,,,,,,,,,,,,
CDPHE Private Well El Paso et al 2024,El Paso County Private Well,Ground Water,,,2016,04/04/2016,,,,,ng/L,0,0,,,0,0,,0,,,,,,,,,,,,,0,,,,,,,,,,,,,,,,,,,,,,,,,,,,,,,,
CDPHE Private Well El Paso et al 2024,El Paso County Private Well,Ground Water,,,2016,03/31/2016,,,,,ng/L,0,0,,,0,0,,0,,,,,,,,,,,,,0,,,,,,,,,,,,,,,,,,,,,,,,,,,,,,,,
CDPHE Private Well El Paso et al 2024,El Paso County Private Well,Ground Water,,,2016,09/06/2016,,,,,ng/L,0,0,,,0,0,,0,,,,,,,,,,,,,0,,,,,,,,,,,,,,,,,,,,,,,,,,,,,,,,
CDPHE Private Well El Paso et al 2024,El Paso County Private Well,Ground Water,,,2016,07/28/2016,,,,,ng/L,0,0,,,0,33,,0,,,,,,,,,,,,,0,,,,,,,,,,,,,,,,,,,,,,,,,,,,,,,,
CDPHE Private Well El Paso et al 2024,El Paso County Private Well,Ground Water,,,2016,07/29/2016,,,,,ng/L,0,0,,,0,30,,1.8,,,,,,,,,,,,,0,,,,,,,,,,,,,,,,,,,,,,,,,,,,,,,,
CDPHE Private Well El Paso et al 2024,El Paso County Private Well,Ground Water,,,2016,04/04/2016,,,,,ng/L,46,40,,,0,97,,14,,,,,,,,,,,,,0,,,,,,,,,,,,,,,,,,,,,,,,,,,,,,,,
CDPHE Private Well El Paso et al 2024,El Paso County Private Well,Ground Water,,,2016,07/28/2016,,,,,ng/L,46,41,,,0,58,,14,,,,,,,,,,,,,30,,,,,,,,,,,,,,,,,,,,,,,,,,,,,,,,
CDPHE Private Well El Paso et al 2024,El Paso County Private Well,Ground Water,,,2016,04/04/2016,,,,,ng/L,55,35,,,0,93,,13,,,,,,,,,,,,,0,,,,,,,,,,,,,,,,,,,,,,,,,,,,,,,,
CDPHE Private Well El Paso et al 2024,El Paso County Private Well,Ground Water,,,2016,03/31/2016,,,,,ng/L,41,45,,,0,86,,22,,,,,,,,,,,,,0,,,,,,,,,,,,,,,,,,,,,,,,,,,,,,,,
CDPHE Private Well El Paso et al 2024,El Paso County Private Well,Ground Water,,,2016,03/31/2016,,,,,ng/L,67,30,,,0,81,,12,,,,,,,,,,,,,0,,,,,,,,,,,,,,,,,,,,,,,,,,,,,,,,
CDPHE Private Well El Paso et al 2024,El Paso County Private Well,Ground Water,,,2016,03/31/2016,,,,,ng/L,44,48,,,0,78,,20,,,,,,,,,,,,,0,,,,,,,,,,,,,,,,,,,,,,,,,,,,,,,,
CDPHE Private Well El Paso et al 2024,El Paso County Private Well,Ground Water,,,2016,03/31/2016,,,,,ng/L,51,44,,,0,82,,17,,,,,,,,,,,,,0,,,,,,,,,,,,,,,,,,,,,,,,,,,,,,,,
CDPHE Private Well El Paso et al 2024,El Paso County Private Well,Ground Water,,,2016,03/31/2016,,,,,ng/L,48,46,,,0,88,,21,,,,,,,,,,,,,0,,,,,,,,,,,,,,,,,,,,,,,,,,,,,,,,
CDPHE Private Well El Paso et al 2024,El Paso County Private Well,Ground Water,,,2016,03/31/2016,,,,,ng/L,66,36,,,0,82,,13,,,,,,,,,,,,,0,,,,,,,,,,,,,,,,,,,,,,,,,,,,,,,,
CDPHE Private Well El Paso et al 2024,El Paso County Private Well,Ground Water,,,2016,03/31/2016,,,,,ng/L,64,38,,,0,76,,14,,,,,,,,,,,,,0,,,,,,,,,,,,,,,,,,,,,,,,,,,,,,,,
CDPHE Private Well El Paso et al 2024,El Paso County Private Well,Ground Water,,,2016,04/04/2016,,,,,ng/L,62,42,,,0,71,,15,,,,,,,,,,,,,0,,,,,,,,,,,,,,,,,,,,,,,,,,,,,,,,
CDPHE Private Well El Paso et al 2024,El Paso County Private Well,Ground Water,,,2016,04/04/2016,,,,,ng/L,0,0,,,0,0,,12,,,,,,,,,,,,,0,,,,,,,,,,,,,,,,,,,,,,,,,,,,,,,,
CDPHE Private Well El Paso et al 2024,El Paso County Private Well,Ground Water,,,2016,09/06/2016,,,,,ng/L,0,8,,,0,24,,4.4,,,,,,,,,,,,,26,,,,,,,,,,,,,,,,,,,,,,,,,,,,,,,,
CDPHE Private Well El Paso et al 2024,El Paso County Private Well,Ground Water,,,2016,07/28/2016,,,,,ng/L,73,40,,,3.8,74,,17,,,,,,,,,,,,,45,,,,,,,,,,,,,,,,,,,,,,,,,,,,,,,,
CDPHE Private Well El Paso et al 2024,El Paso County Private Well,Ground Water,,,2016,03/31/2016,,,,,ng/L,62,56,,,0,110,,22,,,,,,,,,,,,,0,,,,,,,,,,,,,,,,,,,,,,,,,,,,,,,,
CDPHE Private Well El Paso et al 2024,El Paso County Private Well,Ground Water,,,2016,06/27/2016,,,,,ng/L,65,56,,,4,65,,19,,,,,,,,,,,,,39,,,,,,,,,,,,,,,,,,,,,,,,,,,,,,,,
CDPHE Private Well El Paso et al 2024,El Paso County Private Well,Ground Water,,,2016,06/28/2016,,,,,ng/L,140,20,,,0,200,,16,,,,,,,,,,,,,52,,,,,,,,,,,,,,,,,,,,,,,,,,,,,,,,
CDPHE Private Well El Paso et al 2024,El Paso County Private Well,Ground Water,,,2016,09/02/2016,,,,,ng/L,0,13,,,0,27,,5.1,,,,,,,,,,,,,36,,,,,,,,,,,,,,,,,,,,,,,,,,,,,,,,
CDPHE Private Well El Paso et al 2024,El Paso County Private Well,Ground Water,,,2016,09/06/2016,,,,,ng/L,0,12,,,0,26,,6.4,,,,,,,,,,,,,19,,,,,,,,,,,,,,,,,,,,,,,,,,,,,,,,
CDPHE Private Well El Paso et al 2024,El Paso County Private Well,Ground Water,,,2016,06/27/2016,,,,,ng/L,81,66,,,0,300,,33,,,,,,,,,,,,,67,,,,,,,,,,,,,,,,,,,,,,,,,,,,,,,,
CDPHE Private Well El Paso et al 2024,El Paso County Private Well,Ground Water,,,2016,07/29/2016,,,,,ng/L,0,0,,,0,36,,2.4,,,,,,,,,,,,,0,,,,,,,,,,,,,,,,,,,,,,,,,,,,,,,,
CDPHE Private Well El Paso et al 2024,El Paso County Private Well,Ground Water,,,2016,09/06/2016,,,,,ng/L,0,14,,,0,36,,6.4,,,,,,,,,,,,,26,,,,,,,,,,,,,,,,,,,,,,,,,,,,,,,,
CDPHE Private Well El Paso et al 2024,El Paso County Private Well,Ground Water,,,2016,07/29/2016,,,,,ng/L,100,67,,,0,580,,40,,,,,,,,,,,,,160,,,,,,,,,,,,,,,,,,,,,,,,,,,,,,,,
CDPHE Private Well El Paso et al 2024,El Paso County Private Well,Ground Water,,,2016,06/29/2016,,,,,ng/L,14,5.2,,,0,13,,3.5,,,,,,,,,,,,,0,,,,,,,,,,,,,,,,,,,,,,,,,,,,,,,,
CDPHE Private Well El Paso et al 2024,El Paso County Private Well,Ground Water,,,2016,11/21/2016,,,,,ng/L,14,8.5,,,0,25,,2.3,,,,,,,,,,,,,16,,,,,,,,,,,,,,,,,,,,,,,,,,,,,,,,
CDPHE Private Well El Paso et al 2024,El Paso County Private Well,Ground Water,,,2016,06/28/2016,,,,,ng/L,180,40,,,0,260,,62,,,,,,,,,,,,,98,,,,,,,,,,,,,,,,,,,,,,,,,,,,,,,,
CDPHE Private Well El Paso et al 2024,El Paso County Private Well,Ground Water,,,2016,11/21/2016,,,,,ng/L,0,24,,,0,76,,8.9,,,,,,,,,,,,,59,,,,,,,,,,,,,,,,,,,,,,,,,,,,,,,,
CDPHE Private Well El Paso et al 2024,El Paso County Private Well,Ground Water,,,2016,05/26/2016,,,,,ng/L,260,39,,,0,130,,31,,,,,,,,,,,,,42,,,,,,,,,,,,,,,,,,,,,,,,,,,,,,,,
CDPHE Private Well El Paso et al 2024,El Paso County Private Well,Ground Water,,,2016,07/28/2016,,,,,ng/L,0,21,,,0,71,,16,,,,,,,,,,,,,62,,,,,,,,,,,,,,,,,,,,,,,,,,,,,,,,
CDPHE Private Well El Paso et al 2024,El Paso County Private Well,Ground Water,,,2016,05/17/2016,,,,,ng/L,300,46,,,5.1,150,,32,,,,,,,,,,,,,83,,,,,,,,,,,,,,,,,,,,,,,,,,,,,,,,
CDPHE Private Well El Paso et al 2024,El Paso County Private Well,Ground Water,,,2016,11/21/2016,,,,,ng/L,10,29,,,0,40,,0,,,,,,,,,,,,,0,,,,,,,,,,,,,,,,,,,,,,,,,,,,,,,,
CDPHE Private Well El Paso et al 2024,El Paso County Private Well,Ground Water,,,2016,07/28/2016,,,,,ng/L,22,13,,,0,53,,5.3,,,,,,,,,,,,,35,,,,,,,,,,,,,,,,,,,,,,,,,,,,,,,,
CDPHE Private Well El Paso et al 2024,El Paso County Private Well,Ground Water,,,2016,05/17/2016,,,,,ng/L,330,46,,,4.6,160,,32,,,,,,,,,,,,,72,,,,,,,,,,,,,,,,,,,,,,,,,,,,,,,,
CDPHE Private Well El Paso et al 2024,El Paso County Private Well,Ground Water,,,2016,06/27/2016,,,,,ng/L,24,13,,,0,44,,4.8,,,,,,,,,,,,,32,,,,,,,,,,,,,,,,,,,,,,,,,,,,,,,,
CDPHE Private Well El Paso et al 2024,El Paso County Private Well,Ground Water,,,2016,11/21/2016,,,,,ng/L,22,20,,,0,56,,4.5,,,,,,,,,,,,,30,,,,,,,,,,,,,,,,,,,,,,,,,,,,,,,,
CDPHE Private Well El Paso et al 2024,El Paso County Private Well,Ground Water,,,2016,06/27/2016,,,,,ng/L,0,0,,,0,37,,5.2,,,,,,,,,,,,,17,,,,,,,,,,,,,,,,,,,,,,,,,,,,,,,,
CDPHE Private Well El Paso et al 2024,El Paso County Private Well,Ground Water,,,2016,07/29/2016,,,,,ng/L,0,0,,,0,48,,5.6,,,,,,,,,,,,,23,,,,,,,,,,,,,,,,,,,,,,,,,,,,,,,,
CDPHE Private Well El Paso et al 2024,El Paso County Private Well,Ground Water,,,2016,07/28/2016,,,,,ng/L,31,15,,,0,50,,5.5,,,,,,,,,,,,,36,,,,,,,,,,,,,,,,,,,,,,,,,,,,,,,,
CDPHE Private Well El Paso et al 2024,El Paso County Private Well,Ground Water,,,2016,06/27/2016,,,,,ng/L,31,16,,,0,25,,8.7,,,,,,,,,,,,,0,,,,,,,,,,,,,,,,,,,,,,,,,,,,,,,,
CDPHE Private Well El Paso et al 2024,El Paso County Private Well,Ground Water,,,2016,11/21/2016,,,,,ng/L,32,21,,,0,60,,5,,,,,,,,,,,,,32,,,,,,,,,,,,,,,,,,,,,,,,,,,,,,,,
CDPHE Private Well El Paso et al 2024,El Paso County Private Well,Ground Water,,,2016,11/21/2016,,,,,ng/L,0,3.7,,,0,56,,2.7,,,,,,,,,,,,,16,,,,,,,,,,,,,,,,,,,,,,,,,,,,,,,,
CDPHE Private Well El Paso et al 2024,El Paso County Private Well,Ground Water,,,2016,09/06/2016,,,,,ng/L,27,24,,,0,44,,9.5,,,,,,,,,,,,,24,,,,,,,,,,,,,,,,,,,,,,,,,,,,,,,,
CDPHE Private Well El Paso et al 2024,El Paso County Private Well,Ground Water,,,2016,11/21/2016,,,,,ng/L,0,3.7,,,0,56,,3.7,,,,,,,,,,,,,21,,,,,,,,,,,,,,,,,,,,,,,,,,,,,,,,
CDPHE Private Well El Paso et al 2024,El Paso County Private Well,Ground Water,,,2016,07/28/2016,,,,,ng/L,46,19,,,0,46,,8.5,,,,,,,,,,,,,20,,,,,,,,,,,,,,,,,,,,,,,,,,,,,,,,
CDPHE Private Well El Paso et al 2024,El Paso County Private Well,Ground Water,,,2016,05/26/2016,,,,,ng/L,27,33,,,0,60,,15,,,,,,,,,,,,,37,,,,,,,,,,,,,,,,,,,,,,,,,,,,,,,,
CDPHE Private Well El Paso et al 2024,El Paso County Private Well,Ground Water,,,2016,09/06/2016,,,,,ng/L,46,25,,,0,46,,9.2,,,,,,,,,,,,,31,,,,,,,,,,,,,,,,,,,,,,,,,,,,,,,,
CDPHE Private Well El Paso et al 2024,El Paso County Private Well,Ground Water,,,2016,07/29/2016,,,,,ng/L,52,23,,,4.6,31,,8.3,,,,,,,,,,,,,19,,,,,,,,,,,,,,,,,,,,,,,,,,,,,,,,
CDPHE Private Well El Paso et al 2024,El Paso County Private Well,Ground Water,,,2016,09/06/2016,,,,,ng/L,29,43,,,0,40,,12,,,,,,,,,,,,,18,,,,,,,,,,,,,,,,,,,,,,,,,,,,,,,,
CDPHE Private Well El Paso et al 2024,El Paso County Private Well,Ground Water,,,2016,11/21/2016,,,,,ng/L,36,44,,,0,70,,9,,,,,,,,,,,,,33,,,,,,,,,,,,,,,,,,,,,,,,,,,,,,,,
CDPHE Private Well El Paso et al 2024,El Paso County Private Well,Ground Water,,,2016,11/21/2016,,,,,ng/L,48,34,,,0,68,,7,,,,,,,,,,,,,38,,,,,,,,,,,,,,,,,,,,,,,,,,,,,,,,
CDPHE Private Well El Paso et al 2024,El Paso County Private Well,Ground Water,,,2016,05/26/2016,,,,,ng/L,61,22,,,0,63,,12,,,,,,,,,,,,,43,,,,,,,,,,,,,,,,,,,,,,,,,,,,,,,,
CDPHE Private Well El Paso et al 2024,El Paso County Private Well,Ground Water,,,2016,07/28/2016,,,,,ng/L,62,27,,,0,54,,10,,,,,,,,,,,,,23,,,,,,,,,,,,,,,,,,,,,,,,,,,,,,,,
CDPHE Private Well El Paso et al 2024,El Paso County Private Well,Ground Water,,,2018,11/27/2018,,,,,ng/L,,,,,,,,,,,,,,,,,,,,,,,,,,,,,,,,,,,,,,,,,,,,,,,,,,,,,
CDPHE Private Well El Paso et al 2024,El Paso County Private Well,Ground Water,,,2018,11/27/2018,,,,,ng/L,,,,,,,,,,,,,,,,,,,,,,,,,,,,,,,,,,,,,,,,,,,,,,,,,,,,,
CDPHE Private Well El Paso et al 2024,El Paso County Private Well,Ground Water,,,2018,11/27/2018,,,,,ng/L,,,,,,,,,,,,,,,,,,,,,,,,,,,,,,,,,,,,,,,,,,,,,,,,,,,,,
CDPHE Private Well El Paso et al 2024,El Paso County Private Well,Ground Water,,,2018,11/27/2018,,,,,ng/L,,,,,,,,,,,,,,,,,,,,,,,,,,,,,,,,,,,,,,,,,,,,,,,,,,,,,
CDPHE Private Well El Paso et al 2024,El Paso County Private Well,Ground Water,,,2018,11/27/2018,,,,,ng/L,,,,,,,,,,,,,,,,,,,,,,,,,,,,,,,,,,,,,,,,,,,,,,,,,,,,,
CDPHE Private Well El Paso et al 2024,El Paso County Private Well,Ground Water,,,2018,11/29/2018,,,,,ng/L,,,,,,,,,,,,,,,,,,,,,,,,,,,,,,,,,,,,,,,,,,,,,,,,,,,,,
CDPHE Private Well El Paso et al 2024,El Paso County Private Well,Ground Water,,,2018,11/29/2018,,,,,ng/L,,,,,,,,,,,,,,,,,,,,,,,,,,,,,,,,,,,,,,,,,,,,,,,,,,,,,
CDPHE Private Well El Paso et al 2024,El Paso County Private Well,Ground Water,,,2018,11/27/2018,,,,,ng/L,,,,,,,,,,,,,,,,,,,,,,,,,,,,,,,,,,,,,,,,,,,,,,,,,,,,,
CDPHE Private Well El Paso et al 2024,El Paso County Private Well,Ground Water,,,2018,11/29/2018,,,,,ng/L,,,,,,,,,,,,,,,,,,,,,,,,,,,,,,,,,,,,,,,,,,,,,,,,,,,,,
CDPHE Private Well El Paso et al 2024,El Paso County Private Well,Ground Water,,,2018,11/27/2018,,,,,ng/L,,,,,,,,,,,,,,,,,,,,,,,,,,,,,,,,,,,,,,,,,,,,,,,,,,,,,
CDPHE Private Well El Paso et al 2024,El Paso County Private Well,Ground Water,,,2018,11/29/2018,,,,,ng/L,,,,,,,,,,,,,,,,,,,,,,,,,,,,,,,,,,,,,,,,,,,,,,,,,,,,,
CDPHE Private Well El Paso et al 2024,El Paso County Private Well,Ground Water,,,2018,11/27/2018,,,,,ng/L,,,,,,,,,,,,,,,,,,,,,,,,,,,,,,,,,,,,,,,,,,,,,,,,,,,,,
CDPHE Private Well El Paso et al 2024,El Paso County Private Well,Ground Water,,,2018,11/29/2018,,,,,ng/L,,,,,,,,,,,,,,,,,,,,,,,,,,,,,,,,,,,,,,,,,,,,,,,,,,,,,
CDPHE Private Well El Paso et al 2024,El Paso County Private Well,Ground Water,,,2018,11/30/2018,,,,,ng/L,,,,,,,,,,,,,,,,,,,,,,,,,,,,,,,,,,,,,,,,,,,,,,,,,,,,,
CDPHE Private Well El Paso et al 2024,El Paso County Private Well,Ground Water,,,2018,11/29/2018,,,,,ng/L,,,,,,,,,,,,,,,,,,,,,,,,,,,,,,,,,,,,,,,,,,,,,,,,,,,,,
CDPHE Private Well El Paso et al 2024,El Paso County Private Well,Ground Water,,,2018,11/27/2018,,,,,ng/L,,,,,,,,,,,,,,,,,,,,,,,,,,,,,,,,,,,,,,,,,,,,,,,,,,,,,
CDPHE Private Well El Paso et al 2024,El Paso County Private Well,Ground Water,,,2018,11/29/2018,,,,,ng/L,,,,,,,,,,,,,,,,,,,,,,,,,,,,,,,,,,,,,,,,,,,,,,,,,,,,,
CDPHE Private Well El Paso et al 2024,El Paso County Private Well,Ground Water,,,2018,11/28/2018,,,,,ng/L,,,,,,,,,,,,,,,,,,,,,,,,,,,,,,,,,,,,,,,,,,,,,,,,,,,,,
CDPHE Private Well El Paso et al 2024,El Paso County Private Well,Ground Water,,,2018,11/28/2018,,,,,ng/L,,,,,,,,,,,,,,,,,,,,,,,,,,,,,,,,,,,,,,,,,,,,,,,,,,,,,
CDPHE Private Well El Paso et al 2024,El Paso County Private Well,Ground Water,,,2018,11/28/2018,,,,,ng/L,,,,,,,,,,,,,,,,,,,,,,,,,,,,,,,,,,,,,,,,,,,,,,,,,,,,,
CDPHE Private Well El Paso et al 2024,El Paso County Private Well,Ground Water,,,2018,11/28/2018,,,,,ng/L,,,,,,,,,,,,,,,,,,,,,,,,,,,,,,,,,,,,,,,,,,,,,,,,,,,,,
CDPHE Private Well El Paso et al 2024,El Paso County Private Well,Ground Water,,,2018,12/03/2018,,,,,ng/L,,,,,,,,,,,,,,,,,,,,,,,,,,,,,,,,,,,,,,,,,,,,,,,,,,,,,
CDPHE Private Well El Paso et al 2024,El Paso County Private Well,Ground Water,,,2018,11/28/2018,,,,,ng/L,,,,,,,,,,,,,,,,,,,,,,,,,,,,,,,,,,,,,,,,,,,,,,,,,,,,,
CDPHE Private Well El Paso et al 2024,El Paso County Private Well,Ground Water,,,2018,11/28/2018,,,,,ng/L,,,,,,,,,,,,,,,,,,,,,,,,,,,,,,,,,,,,,,,,,,,,,,,,,,,,,
CDPHE Private Well El Paso et al 2024,El Paso County Private Well,Ground Water,,,2018,12/04/2018,,,,,ng/L,,,,,,,,,,,,,,,,,,,,,,,,,,,,,,,,,,,,,,,,,,,,,,,,,,,,,
CDPHE Private Well El Paso et al 2024,El Paso County Private Well,Ground Water,,,2018,11/29/2018,,,,,ng/L,,,,,,,,,,,,,,,,,,,,,,,,,,,,,,,,,,,,,,,,,,,,,,,,,,,,,
CDPHE Private Well El Paso et al 2024,El Paso County Private Well,Ground Water,,,2018,11/29/2018,,,,,ng/L,,,,,,,,,,,,,,,,,,,,,,,,,,,,,,,,,,,,,,,,,,,,,,,,,,,,,
CDPHE Private Well El Paso et al 2024,El Paso County Private Well,Ground Water,,,2018,11/29/2018,,,,,ng/L,,,,,,,,,,,,,,,,,,,,,,,,,,,,,,,,,,,,,,,,,,,,,,,,,,,,,
CDPHE Private Well El Paso et al 2024,El Paso County Private Well,Ground Water,,,2018,12/05/2018,,,,,ng/L,,,,,,,,,,,,,,,,,,,,,,,,,,,,,,,,,,,,,,,,,,,,,,,,,,,,,
CDPHE Private Well El Paso et al 2024,El Paso County Private Well,Ground Water,,,2018,12/05/2018,,,,,ng/L,,,,,,,,,,,,,,,,,,,,,,,,,,,,,,,,,,,,,,,,,,,,,,,,,,,,,
CDPHE Private Well El Paso et al 2024,El Paso County Private Well,Ground Water,,,2018,12/03/2018,,,,,ng/L,,,,,,,,,,,,,,,,,,,,,,,,,,,,,,,,,,,,,,,,,,,,,,,,,,,,,
CDPHE Private Well El Paso et al 2024,El Paso County Private Well,Ground Water,,,2018,12/06/2018,,,,,ng/L,,,,,,,,,,,,,,,,,,,,,,,,,,,,,,,,,,,,,,,,,,,,,,,,,,,,,
CDPHE Private Well El Paso et al 2024,El Paso County Private Well,Ground Water,,,2018,12/06/2018,,,,,ng/L,,,,,,,,,,,,,,,,,,,,,,,,,,,,,,,,,,,,,,,,,,,,,,,,,,,,,
CDPHE Private Well El Paso et al 2024,El Paso County Private Well,Ground Water,,,2018,12/04/2018,,,,,ng/L,,,,,,,,,,,,,,,,,,,,,,,,,,,,,,,,,,,,,,,,,,,,,,,,,,,,,
CDPHE Private Well El Paso et al 2024,El Paso County Private Well,Ground Water,,,2018,12/06/2018,,,,,ng/L,,,,,,,,,,,,,,,,,,,,,,,,,,,,,,,,,,,,,,,,,,,,,,,,,,,,,
CDPHE Private Well El Paso et al 2024,El Paso County Private Well,Ground Water,,,2018,12/05/2018,,,,,ng/L,,,,,,,,,,,,,,,,,,,,,,,,,,,,,,,,,,,,,,,,,,,,,,,,,,,,,
CDPHE Private Well El Paso et al 2024,El Paso County Private Well,Ground Water,,,2018,12/03/2018,,,,,ng/L,,,,,,,,,,,,,,,,,,,,,,,,,,,,,,,,,,,,,,,,,,,,,,,,,,,,,
CDPHE Private Well El Paso et al 2024,El Paso County Private Well,Ground Water,,,2018,12/04/2018,,,,,ng/L,,,,,,,,,,,,,,,,,,,,,,,,,,,,,,,,,,,,,,,,,,,,,,,,,,,,,
CDPHE Private Well El Paso et al 2024,El Paso County Private Well,Ground Water,,,2018,12/05/2018,,,,,ng/L,,,,,,,,,,,,,,,,,,,,,,,,,,,,,,,,,,,,,,,,,,,,,,,,,,,,,
CDPHE Private Well El Paso et al 2024,El Paso County Private Well,Ground Water,,,2018,12/04/2018,,,,,ng/L,,,,,,,,,,,,,,,,,,,,,,,,,,,,,,,,,,,,,,,,,,,,,,,,,,,,,
CDPHE Private Well El Paso et al 2024,El Paso County Private Well,Ground Water,,,2018,12/04/2018,,,,,ng/L,,,,,,,,,,,,,,,,,,,,,,,,,,,,,,,,,,,,,,,,,,,,,,,,,,,,,
CDPHE Private Well El Paso et al 2024,El Paso County Private Well,Ground Water,,,2018,12/06/2018,,,,,ng/L,,,,,,,,,,,,,,,,,,,,,,,,,,,,,,,,,,,,,,,,,,,,,,,,,,,,,
CDPHE Private Well El Paso et al 2024,El Paso County Private Well,Ground Water,,,2018,12/05/2018,,,,,ng/L,,,,,,,,,,,,,,,,,,,,,,,,,,,,,,,,,,,,,,,,,,,,,,,,,,,,,
CDPHE Private Well El Paso et al 2024,El Paso County Private Well,Ground Water,,,2018,12/04/2018,,,,,ng/L,,,,,,,,,,,,,,,,,,,,,,,,,,,,,,,,,,,,,,,,,,,,,,,,,,,,,
CDPHE Private Well El Paso et al 2024,El Paso County Private Well,Ground Water,,,2018,12/05/2018,,,,,ng/L,,,,,,,,,,,,,,,,,,,,,,,,,,,,,,,,,,,,,,,,,,,,,,,,,,,,,
CDPHE Private Well El Paso et al 2024,El Paso County Private Well,Ground Water,,,2018,12/03/2018,,,,,ng/L,,,,,,,,,,,,,,,,,,,,,,,,,,,,,,,,,,,,,,,,,,,,,,,,,,,,,
CDPHE Private Well El Paso et al 2024,El Paso County Private Well,Ground Water,,,2018,12/06/2018,,,,,ng/L,,,,,,,,,,,,,,,,,,,,,,,,,,,,,,,,,,,,,,,,,,,,,,,,,,,,,
CDPHE Private Well El Paso et al 2024,El Paso County Private Well,Ground Water,,,2018,12/03/2018,,,,,ng/L,,,,,,,,,,,,,,,,,,,,,,,,,,,,,,,,,,,,,,,,,,,,,,,,,,,,,
CDPHE Private Well El Paso et al 2024,El Paso County Private Well,Ground Water,,,2018,12/03/2018,,,,,ng/L,,,,,,,,,,,,,,,,,,,,,,,,,,,,,,,,,,,,,,,,,,,,,,,,,,,,,
CDPHE Private Well El Paso et al 2024,El Paso County Private Well,Ground Water,,,2018,12/03/2018,,,,,ng/L,,,,,,,,,,,,,,,,,,,,,,,,,,,,,,,,,,,,,,,,,,,,,,,,,,,,,
CDPHE Private Well El Paso et al 2024,El Paso County Private Well,Ground Water,,,2018,12/05/2018,,,,,ng/L,,,,,,,,,,,,,,,,,,,,,,,,,,,,,,,,,,,,,,,,,,,,,,,,,,,,,
CDPHE Private Well El Paso et al 2024,El Paso County Private Well,Ground Water,,,2018,12/05/2018,,,,,ng/L,,,,,,,,,,,,,,,,,,,,,,,,,,,,,,,,,,,,,,,,,,,,,,,,,,,,,
CDPHE Private Well El Paso et al 2024,El Paso County Private Well,Ground Water,,,2018,12/03/2018,,,,,ng/L,,,,,,,,,,,,,,,,,,,,,,,,,,,,,,,,,,,,,,,,,,,,,,,,,,,,,
CDPHE Private Well El Paso et al 2024,El Paso County Private Well,Ground Water,,,2018,12/05/2018,,,,,ng/L,,,,,,,,,,,,,,,,,,,,,,,,,,,,,,,,,,,,,,,,,,,,,,,,,,,,,
CDPHE Private Well El Paso et al 2024,El Paso County Private Well,Ground Water,,,2018,12/05/2018,,,,,ng/L,,,,,,,,,,,,,,,,,,,,,,,,,,,,,,,,,,,,,,,,,,,,,,,,,,,,,
CDPHE Private Well El Paso et al 2024,El Paso County Private Well,Ground Water,,,2018,12/05/2018,,,,,ng/L,,,,,,,,,,,,,,,,,,,,,,,,,,,,,,,,,,,,,,,,,,,,,,,,,,,,,
CDPHE Private Well El Paso et al 2024,El Paso County Private Well,Ground Water,,,2018,12/05/2018,,,,,ng/L,,,,,,,,,,,,,,,,,,,,,,,,,,,,,,,,,,,,,,,,,,,,,,,,,,,,,
CDPHE Private Well El Paso et al 2024,El Paso County Private Well,Ground Water,,,2018,12/05/2018,,,,,ng/L,,,,,,,,,,,,,,,,,,,,,,,,,,,,,,,,,,,,,,,,,,,,,,,,,,,,,
CDPHE Private Well El Paso et al 2024,El Paso County Private Well,Ground Water,,,2018,12/03/2018,,,,,ng/L,,,,,,,,,,,,,,,,,,,,,,,,,,,,,,,,,,,,,,,,,,,,,,,,,,,,,
CDPHE Private Well El Paso et al 2024,El Paso County Private Well,Ground Water,,,2018,12/05/2018,,,,,ng/L,,,,,,,,,,,,,,,,,,,,,,,,,,,,,,,,,,,,,,,,,,,,,,,,,,,,,
CDPHE Private Well El Paso et al 2024,El Paso County Private Well,Ground Water,,,2018,11/30/2018,,,,,ng/L,,,,,,,,,,,,,,,,,,,,,,,,,,,,,,,,,,,,,,,,,,,,,,,,,,,,,
CDPHE Private Well El Paso et al 2024,El Paso County Private Well,Ground Water,,,2018,11/30/2018,,,,,ng/L,,,,,,,,,,,,,,,,,,,,,,,,,,,,,,,,,,,,,,,,,,,,,,,,,,,,,
CDPHE Private Well El Paso et al 2024,El Paso County Private Well,Ground Water,,,2018,12/04/2018,,,,,ng/L,,,,,,,,,,,,,,,,,,,,,,,,,,,,,,,,,,,,,,,,,,,,,,,,,,,,,
CDPHE Private Well El Paso et al 2024,El Paso County Private Well,Ground Water,,,2018,12/03/2018,,,,,ng/L,,,,,,,,,,,,,,,,,,,,,,,,,,,,,,,,,,,,,,,,,,,,,,,,,,,,,
CDPHE Private Well El Paso et al 2024,El Paso County Private Well,Ground Water,,,2018,12/03/2018,,,,,ng/L,,,,,,,,,,,,,,,,,,,,,,,,,,,,,,,,,,,,,,,,,,,,,,,,,,,,,
CDPHE Private Well El Paso et al 2024,El Paso County Private Well,Ground Water,,,2018,11/29/2018,,,,,ng/L,,,,,,,,,,,,,,,,,,,,,,,,,,,,,,,,,,,,,,,,,,,,,,,,,,,,,
CDPHE Private Well El Paso et al 2024,El Paso County Private Well,Ground Water,,,2018,12/04/2018,,,,,ng/L,,,,,,,,,,,,,,,,,,,,,,,,,,,,,,,,,,,,,,,,,,,,,,,,,,,,,
CDPHE Private Well El Paso et al 2024,El Paso County Private Well,Ground Water,,,2018,12/04/2018,,,,,ng/L,,,,,,,,,,,,,,,,,,,,,,,,,,,,,,,,,,,,,,,,,,,,,,,,,,,,,
CDPHE Private Well El Paso et al 2024,El Paso County Private Well,Ground Water,,,2018,12/04/2018,,,,,ng/L,,,,,,,,,,,,,,,,,,,,,,,,,,,,,,,,,,,,,,,,,,,,,,,,,,,,,
CDPHE Private Well El Paso et al 2024,El Paso County Private Well,Ground Water,,,2018,11/30/2018,,,,,ng/L,,,,,,,,,,,,,,,,,,,,,,,,,,,,,,,,,,,,,,,,,,,,,,,,,,,,,
CDPHE Private Well El Paso et al 2024,El Paso County Private Well,Ground Water,,,2018,12/06/2018,,,,,ng/L,,,,,,,,,,,,,,,,,,,,,,,,,,,,,,,,,,,,,,,,,,,,,,,,,,,,,
CDPHE Private Well El Paso et al 2024,El Paso County Private Well,Ground Water,,,2018,11/30/2018,,,,,ng/L,,,,,,,,,,,,,,,,,,,,,,,,,,,,,,,,,,,,,,,,,,,,,,,,,,,,,
CDPHE Private Well El Paso et al 2024,El Paso County Private Well,Ground Water,,,2018,12/03/2018,,,,,ng/L,,,,,,,,,,,,,,,,,,,,,,,,,,,,,,,,,,,,,,,,,,,,,,,,,,,,,
CDPHE Private Well El Paso et al 2024,El Paso County Private Well,Ground Water,,,2018,11/30/2018,,,,,ng/L,,,,,,,,,,,,,,,,,,,,,,,,,,,,,,,,,,,,,,,,,,,,,,,,,,,,,
CDPHE Private Well El Paso et al 2024,El Paso County Private Well,Ground Water,,,2018,12/03/2018,,,,,ng/L,,,,,,,,,,,,,,,,,,,,,,,,,,,,,,,,,,,,,,,,,,,,,,,,,,,,,
CDPHE Private Well El Paso et al 2024,El Paso County Private Well,Ground Water,,,2018,12/03/2018,,,,,ng/L,,,,,,,,,,,,,,,,,,,,,,,,,,,,,,,,,,,,,,,,,,,,,,,,,,,,,
CDPHE Private Well El Paso et al 2024,El Paso County Private Well,Ground Water,,,2018,12/05/2018,,,,,ng/L,,,,,,,,,,,,,,,,,,,,,,,,,,,,,,,,,,,,,,,,,,,,,,,,,,,,,
CDPHE Private Well El Paso et al 2024,El Paso County Private Well,Ground Water,,,2018,11/30/2018,,,,,ng/L,,,,,,,,,,,,,,,,,,,,,,,,,,,,,,,,,,,,,,,,,,,,,,,,,,,,,
CDPHE Private Well El Paso et al 2024,El Paso County Private Well,Ground Water,,,2018,11/29/2018,,,,,ng/L,,,,,,,,,,,,,,,,,,,,,,,,,,,,,,,,,,,,,,,,,,,,,,,,,,,,,
CDPHE Private Well El Paso et al 2024,El Paso County Private Well,Ground Water,,,2018,11/30/2018,,,,,ng/L,,,,,,,,,,,,,,,,,,,,,,,,,,,,,,,,,,,,,,,,,,,,,,,,,,,,,
CDPHE Private Well El Paso et al 2024,El Paso County Private Well,Ground Water,,,2018,11/30/2018,,,,,ng/L,,,,,,,,,,,,,,,,,,,,,,,,,,,,,,,,,,,,,,,,,,,,,,,,,,,,,
CDPHE Private Well El Paso et al 2024,El Paso County Private Well,Ground Water,,,2018,12/04/2018,,,,,ng/L,,,,,,,,,,,,,,,,,,,,,,,,,,,,,,,,,,,,,,,,,,,,,,,,,,,,,
CDPHE Private Well El Paso et al 2024,El Paso County Private Well,Ground Water,,,2018,11/30/2018,,,,,ng/L,,,,,,,,,,,,,,,,,,,,,,,,,,,,,,,,,,,,,,,,,,,,,,,,,,,,,
CDPHE Private Well El Paso et al 2024,El Paso County Private Well,Ground Water,,,2018,12/03/2018,,,,,ng/L,,,,,,,,,,,,,,,,,,,,,,,,,,,,,,,,,,,,,,,,,,,,,,,,,,,,,
CDPHE Private Well El Paso et al 2024,El Paso County Private Well,Ground Water,,,2018,11/28/2018,,,,,ng/L,,,,,,,,,,,,,,,,,,,,,,,,,,,,,,,,,,,,,,,,,,,,,,,,,,,,,
CDPHE Private Well El Paso et al 2024,El Paso County Private Well,Ground Water,,,2018,12/03/2018,,,,,ng/L,,,,,,,,,,,,,,,,,,,,,,,,,,,,,,,,,,,,,,,,,,,,,,,,,,,,,
CDPHE Private Well El Paso et al 2024,El Paso County Private Well,Ground Water,,,2018,12/03/2018,,,,,ng/L,,,,,,,,,,,,,,,,,,,,,,,,,,,,,,,,,,,,,,,,,,,,,,,,,,,,,
CDPHE Private Well El Paso et al 2024,El Paso County Private Well,Ground Water,,,2020,07/27/2020,,,,,ng/L,,,,,,,,,,,,,,,,,,,,,,,,,,,,,,,,,,,,,,,,,,,,,,,,,,,,,
CDPHE Private Well El Paso et al 2024,El Paso County Private Well,Ground Water,,,2020,07/27/2020,,,,,ng/L,,,,,,,,,,,,,,,,,,,,,,,,,,,,,,,,,,,,,,,,,,,,,,,,,,,,,
CDPHE Private Well El Paso et al 2024,El Paso County Private Well,Ground Water,,,2020,07/27/2020,,,,,ng/L,,,,,,,,,,,,,,,,,,,,,,,,,,,,,,,,,,,,,,,,,,,,,,,,,,,,,
CDPHE Private Well El Paso et al 2024,El Paso County Private Well,Ground Water,,,2020,07/28/2020,,,,,ng/L,,,,,,,,,,,,,,,,,,,,,,,,,,,,,,,,,,,,,,,,,,,,,,,,,,,,,
CDPHE Private Well El Paso et al 2024,El Paso County Private Well,Ground Water,,,2020,07/27/2020,,,,,ng/L,,,,,,,,,,,,,,,,,,,,,,,,,,,,,,,,,,,,,,,,,,,,,,,,,,,,,
CDPHE Private Well El Paso et al 2024,El Paso County Private Well,Ground Water,,,2020,07/27/2020,,,,,ng/L,,,,,,,,,,,,,,,,,,,,,,,,,,,,,,,,,,,,,,,,,,,,,,,,,,,,,
CDPHE Private Well El Paso et al 2024,El Paso County Private Well,Ground Water,,,2020,07/27/2020,,,,,ng/L,,,,,,,,,,,,,,,,,,,,,,,,,,,,,,,,,,,,,,,,,,,,,,,,,,,,,
CDPHE Private Well El Paso et al 2024,El Paso County Private Well,Ground Water,,,2020,07/28/2020,,,,,ng/L,,,,,,,,,,,,,,,,,,,,,,,,,,,,,,,,,,,,,,,,,,,,,,,,,,,,,
CDPHE Private Well El Paso et al 2024,El Paso County Private Well,Ground Water,,,2020,07/27/2020,,,,,ng/L,,,,,,,,,,,,,,,,,,,,,,,,,,,,,,,,,,,,,,,,,,,,,,,,,,,,,
CDPHE Private Well El Paso et al 2024,El Paso County Private Well,Ground Water,,,2020,07/27/2020,,,,,ng/L,,,,,,,,,,,,,,,,,,,,,,,,,,,,,,,,,,,,,,,,,,,,,,,,,,,,,
CDPHE Private Well El Paso et al 2024,El Paso County Private Well,Ground Water,,,2020,07/27/2020,,,,,ng/L,,,,,,,,,,,,,,,,,,,,,,,,,,,,,,,,,,,,,,,,,,,,,,,,,,,,,
CDPHE Private Well El Paso et al 2024,El Paso County Private Well,Ground Water,,,2020,07/27/2020,,,,,ng/L,,,,,,,,,,,,,,,,,,,,,,,,,,,,,,,,,,,,,,,,,,,,,,,,,,,,,
CDPHE Private Well El Paso et al 2024,El Paso County Private Well,Ground Water,,,2020,07/27/2020,,,,,ng/L,,,,,,,,,,,,,,,,,,,,,,,,,,,,,,,,,,,,,,,,,,,,,,,,,,,,,
CDPHE Private Well El Paso et al 2024,El Paso County Private Well,Ground Water,,,2020,07/27/2020,,,,,ng/L,,,,,,,,,,,,,,,,,,,,,,,,,,,,,,,,,,,,,,,,,,,,,,,,,,,,,
CDPHE Private Well El Paso et al 2024,El Paso County Private Well,Ground Water,,,2020,07/28/2020,,,,,ng/L,,,,,,,,,,,,,,,,,,,,,,,,,,,,,,,,,,,,,,,,,,,,,,,,,,,,,
CDPHE Private Well El Paso et al 2024,El Paso County Private Well,Ground Water,,,2020,07/28/2020,,,,,ng/L,,,,,,,,,,,,,,,,,,,,,,,,,,,,,,,,,,,,,,,,,,,,,,,,,,,,,
CDPHE Private Well El Paso et al 2024,El Paso County Private Well,Ground Water,,,2020,07/27/2020,,,,,ng/L,,,,,,,,,,,,,,,,,,,,,,,,,,,,,,,,,,,,,,,,,,,,,,,,,,,,,
CDPHE Private Well El Paso et al 2024,El Paso County Private Well,Ground Water,,,2020,07/27/2020,,,,,ng/L,,,,,,,,,,,,,,,,,,,,,,,,,,,,,,,,,,,,,,,,,,,,,,,,,,,,,
CDPHE Private Well El Paso et al 2024,El Paso County Private Well,Ground Water,,,2020,07/27/2020,,,,,ng/L,,,,,,,,,,,,,,,,,,,,,,,,,,,,,,,,,,,,,,,,,,,,,,,,,,,,,
CDPHE Private Well El Paso et al 2024,El Paso County Private Well,Ground Water,,,2020,07/27/2020,,,,,ng/L,,,,,,,,,,,,,,,,,,,,,,,,,,,,,,,,,,,,,,,,,,,,,,,,,,,,,
CDPHE Private Well El Paso et al 2024,El Paso County Private Well,Ground Water,,,2020,07/27/2020,,,,,ng/L,,,,,,,,,,,,,,,,,,,,,,,,,,,,,,,,,,,,,,,,,,,,,,,,,,,,,
CDPHE Private Well El Paso et al 2024,El Paso County Private Well,Ground Water,,,2020,07/27/2020,,,,,ng/L,,,,,,,,,,,,,,,,,,,,,,,,,,,,,,,,,,,,,,,,,,,,,,,,,,,,,
CDPHE Private Well El Paso et al 2024,El Paso County Private Well,Ground Water,,,2020,07/27/2020,,,,,ng/L,,,,,,,,,,,,,,,,,,,,,,,,,,,,,,,,,,,,,,,,,,,,,,,,,,,,,
CDPHE Private Well El Paso et al 2024,El Paso County Private Well,Ground Water,,,2020,07/27/2020,,,,,ng/L,,,,,,,,,,,,,,,,,,,,,,,,,,,,,,,,,,,,,,,,,,,,,,,,,,,,,
CDPHE Private Well El Paso et al 2024,El Paso County Private Well,Ground Water,,,2020,07/27/2020,,,,,ng/L,,,,,,,,,,,,,,,,,,,,,,,,,,,,,,,,,,,,,,,,,,,,,,,,,,,,,
CDPHE Private Well El Paso et al 2024,El Paso County Private Well,Ground Water,,,2020,07/27/2020,,,,,ng/L,,,,,,,,,,,,,,,,,,,,,,,,,,,,,,,,,,,,,,,,,,,,,,,,,,,,,
CDPHE Private Well El Paso et al 2024,El Paso County Private Well,Ground Water,,,2020,07/28/2020,,,,,ng/L,,,,,,,,,,,,,,,,,,,,,,,,,,,,,,,,,,,,,,,,,,,,,,,,,,,,,
CDPHE Private Well El Paso et al 2024,El Paso County Private Well,Ground Water,,,2020,07/27/2020,,,,,ng/L,,,,,,,,,,,,,,,,,,,,,,,,,,,,,,,,,,,,,,,,,,,,,,,,,,,,,
CDPHE Private Well El Paso et al 2024,El Paso County Private Well,Ground Water,,,2020,07/27/2020,,,,,ng/L,,,,,,,,,,,,,,,,,,,,,,,,,,,,,,,,,,,,,,,,,,,,,,,,,,,,,
CDPHE Private Well Jefferson et al 2024,Jefferson County Private Well,Ground Water,,,2023,07/10/2023,,,,,ng/L,0,0,,0,0,0,0,,,0,,,,,,,,,,,0,0,,,,,,,,,,,,,,,,,,,,,,,,,,,,,,,
CDPHE Private Well Jefferson et al 2024,Jefferson County Private Well,Ground Water,,,2023,07/10/2023,,,,,ng/L,0,0,,0,0,0,0,,,0,,,,,,,,,,,0,0,,,,,,,,,,,,,,,,,,,,,,,,,,,,,,,
CDPHE Private Well La Plata et al 2024,La Plata County Private Well,Ground Water,,,2023,03/07/2023,,,,,ng/L,0,0,,0,0,0,0,,,0,,,,,,,,,,,1.1,0,,,,,,,,,,,,,,,,,,,,,,,,,,,,,,,
CDPHE Private Well La Plata et al 2024,La Plata County Private Well,Ground Water,,,2023,03/07/2023,,,,,ng/L,0,0,,0,0,0,2.2,,,0,,,,,,,,,,,0,0,,,,,,,,,,,,,,,,,,,,,,,,,,,,,,,
CDPHE Private Well La Plata et al 2024,La Plata County Private Well,Ground Water,,,2023,03/07/2023,,,,,ng/L,0,0,,0,0,0,0,,,0,,,,,,,,,,,0,0,,,,,,,,,,,,,,,,,,,,,,,,,,,,,,,
CDPHE Private Well La Plata et al 2024,La Plata County Private Well,Ground Water,,,2023,03/15/2023,,,,,ng/L,0,0,,0,0,0,0,,,0,,,,,,,,,,,0,0,,,,,,,,,,,,,,,,,,,,,,,,,,,,,,,
CDPHE Private Well La Plata et al 2024,La Plata County Private Well,Ground Water,,,2023,03/15/2023,,,,,ng/L,0,0,,0,0,0,0,,,0,,,,,,,,,,,0.51,0,,,,,,,,,,,,,,,,,,,,,,,,,,,,,,,
CDPHE Private Well La Plata et al 2024,La Plata County Private Well,Ground Water,,,2023,03/15/2023,,,,,ng/L,0,0,,0,0,0,0,,,0,,,,,,,,,,,0,0,,,,,,,,,,,,,,,,,,,,,,,,,,,,,,,
CDPHE Private Well La Plata et al 2024,La Plata County Private Well,Ground Water,,,2023,03/07/2023,,,,,ng/L,0.57,0,,0,0,0,0,,,0,,,,,,,,,,,0.85,0,,,,,,,,,,,,,,,,,,,,,,,,,,,,,,,
CDPHE Private Well La Plata et al 2024,La Plata County Private Well,Ground Water,,,2023,03/07/2023,,,,,ng/L,0.91,3.9,,0,0,2.1,7.1,,,0,,,,,,,,,,,8.2,12,,,,,,,,,,,,,,,,,,,,,,,,,,,,,,,
CDPHE Private Well La Plata et al 2024,La Plata County Private Well,Ground Water,,,2023,03/15/2023,,,,,ng/L,0,0,,0,0,0,0,,,0,,,,,,,,,,,0,0,,,,,,,,,,,,,,,,,,,,,,,,,,,,,,,
CDPHE Private Well La Plata et al 2024,La Plata County Private Well,Ground Water,,,2023,03/15/2023,,,,,ng/L,0,0,,0,0,0,0,,,0,,,,,,,,,,,0,0,,,,,,,,,,,,,,,,,,,,,,,,,,,,,,,
CDPHE Private Well La Plata et al 2024,La Plata County Private Well,Ground Water,,,2023,02/21/2023,,,,,ng/L,0,0,,0,0,0,0,,,0,,,,,,,,,,,0,0,,,,,,,,,,,,,,,,,,,,,,,,,,,,,,,
CDPHE Private Well La Plata et al 2024,La Plata County Private Well,Ground Water,,,2023,02/28/2023,,,,,ng/L,0,0,,0,0,0,0,,,0,,,,,,,,,,,0.33,0,,,,,,,,,,,,,,,,,,,,,,,,,,,,,,,
CDPHE Private Well La Plata et al 2024,La Plata County Private Well,Ground Water,,,2023,02/21/2023,,,,,ng/L,0,0,,0,0,0,0,,,0,,,,,,,,,,,1.2,0,,,,,,,,,,,,,,,,,,,,,,,,,,,,,,,
CDPHE Private Well La Plata et al 2024,La Plata County Private Well,Ground Water,,,2023,03/15/2023,,,,,ng/L,0,0,,0,0,0,0,,,0,,,,,,,,,,,8.5,0,,,,,,,,,,,,,,,,,,,,,,,,,,,,,,,
CDPHE Private Well La Plata et al 2024,La Plata County Private Well,Ground Water,,,2023,02/21/2023,,,,,ng/L,0,0,,0,0,0,0,,,0,,,,,,,,,,,0,0,,,,,,,,,,,,,,,,,,,,,,,,,,,,,,,
CDPHE Private Well La Plata et al 2024,La Plata County Private Well,Ground Water,,,2023,03/29/2023,,,,,ng/L,0,0,,0,0,2.4,0,,,0,,,,,,,,,,,2.2,0,,,,,,,,,,,,,,,,,,,,,,,,,,,,,,,
CDPHE Private Well La Plata et al 2024,La Plata County Private Well,Ground Water,,,2023,02/21/2023,,,,,ng/L,0,0,,0,0,0.59,0,,,0,,,,,,,,,,,1.1,0,,,,,,,,,,,,,,,,,,,,,,,,,,,,,,,
CDPHE Private Well La Plata et al 2024,La Plata County Private Well,Ground Water,,,2023,02/21/2023,,,,,ng/L,0,0,,0,0,0,0,,,0,,,,,,,,,,,0,0,,,,,,,,,,,,,,,,,,,,,,,,,,,,,,,
CDPHE Private Well La Plata et al 2024,La Plata County Private Well,Ground Water,,,2023,02/21/2023,,,,,ng/L,0,0,,0,0,0,0,,,0,,,,,,,,,,,0.97,0,,,,,,,,,,,,,,,,,,,,,,,,,,,,,,,
CDPHE Private Well La Plata et al 2024,La Plata County Private Well,Ground Water,,,2023,02/21/2023,,,,,ng/L,0,0,,0,0,0,0,,,0,,,,,,,,,,,0,0,,,,,,,,,,,,,,,,,,,,,,,,,,,,,,,
CDPHE Private Well La Plata et al 2024,La Plata County Private Well,Ground Water,,,2023,02/28/2023,,,,,ng/L,0,0,,0,0,0,0,,,0,,,,,,,,,,,2.3,0,,,,,,,,,,,,,,,,,,,,,,,,,,,,,,,
CDPHE Private Well La Plata et al 2024,La Plata County Private Well,Ground Water,,,2023,02/21/2023,,,,,ng/L,0,0,,0,0,0,0,,,0,,,,,,,,,,,1.2,0,,,,,,,,,,,,,,,,,,,,,,,,,,,,,,,
CDPHE Private Well La Plata et al 2024,La Plata County Private Well,Ground Water,,,2023,04/04/2023,,,,,ng/L,0,0,,0,0.4,0,0,,,0,,,,,,,,,,,0.81,0,,,,,,,,,,,,,,,,,,,,,,,,,,,,,,,
CDPHE Private Well La Plata et al 2024,La Plata County Private Well,Ground Water,,,2023,02/28/2023,,,,,ng/L,0,0,,0,0,0,0,,,0,,,,,,,,,,,0,0,,,,,,,,,,,,,,,,,,,,,,,,,,,,,,,
CDPHE Private Well La Plata et al 2024,La Plata County Private Well,Ground Water,,,2023,02/21/2023,,,,,ng/L,0,0,,0,0,0,0,,,0,,,,,,,,,,,0.59,0,,,,,,,,,,,,,,,,,,,,,,,,,,,,,,,
CDPHE Private Well La Plata et al 2024,La Plata County Private Well,Ground Water,,,2023,02/28/2023,,,,,ng/L,0,0,,0,0,0,0,,,0,,,,,,,,,,,0.31,0,,,,,,,,,,,,,,,,,,,,,,,,,,,,,,,
CDPHE Private Well La Plata et al 2024,La Plata County Private Well,Ground Water,,,2023,02/28/2023,,,,,ng/L,0,0,,0,0,0,0,,,0,,,,,,,,,,,0,0,,,,,,,,,,,,,,,,,,,,,,,,,,,,,,,
CDPHE Private Well La Plata et al 2024,La Plata County Private Well,Ground Water,,,2023,02/28/2023,,,,,ng/L,0,0,,0,0,0,0,,,0,,,,,,,,,,,0,0,,,,,,,,,,,,,,,,,,,,,,,,,,,,,,,
CDPHE Private Well La Plata et al 2024,La Plata County Private Well,Ground Water,,,2023,02/28/2023,,,,,ng/L,0,0,,0,0,0,0,,,0,,,,,,,,,,,0,0,,,,,,,,,,,,,,,,,,,,,,,,,,,,,,,
CDPHE Private Well La Plata et al 2024,La Plata County Private Well,Ground Water,,,2023,02/28/2023,,,,,ng/L,0,0,,0,0,0,0,,,0,,,,,,,,,,,0,0,,,,,,,,,,,,,,,,,,,,,,,,,,,,,,,
CDPHE Private Well La Plata et al 2024,La Plata County Private Well,Ground Water,,,2023,02/21/2023,,,,,ng/L,0,0,,0,0,0,0,,,0,,,,,,,,,,,0,0,,,,,,,,,,,,,,,,,,,,,,,,,,,,,,,
CDPHE Private Well La Plata et al 2024,La Plata County Private Well,Ground Water,,,2023,03/29/2023,,,,,ng/L,2,3.1,,0.28,0.43,0,0.6,,,0,,,,,,,,,,,0,0,,,,,,,,,,,,,,,,,,,,,,,,,,,,,,,
CDPHE Private Well Larimer et al 2024,Larimer County Private Well,Ground Water,,,2023,04/05/2023,,,,,ng/L,0,0,,0,0,0,0,,,0,,,,,,,,,,,0,0,,,,,,,,,,,,,,,,,,,,,,,,,,,,,,,
CDPHE Private Well Park et al 2024,Park County Private Well,Ground Water,,,2023,08/30/2023,,,,,ng/L,0,0,,0,0,0.337929025,0,0.212830024,0,0,,,,,,,,,0,0,0.120586998,,,,,,,,,,0,,,,,,,,,0,,,,0,0,,,,,,,,
CDPHE Private Well Park et al 2024,Park County Private Well,Ground Water,,,2023,08/30/2023,,,,,ng/L,0,0,,0,0,0.271636298,0,0.266385088,0,0,,,,,,,,,0,0,0.300766275,,,,,,,,,,0,,,,,,,,,0,,,,0,0,,,,,,,,
CDPHE Private Well Park et al 2024,Park County Private Well,Ground Water,,,2023,08/30/2023,,,,,ng/L,1.176004651,0,,0.724179818,0,1.557343704,0,0.275496129,0,0,,,,,,,,,0,0,4.402671817,,,,,,,,,,0,,,,,,,,,0,,,,0,0,,,,,,,,
CDPHE Private Well Park et al 2024,Park County Private Well,Ground Water,,,2023,08/30/2023,,,,,ng/L,1.28809309,3.649286813,,0.611113323,0,1.513692626,6.105498936,1.057847218,0,0,,,,,,,,,0,0.619368146,4.789741399,,,,,,,,,,0,,,,,,,,,0,,,,0,0,,,,,,,,
CDPHE Private Well Park et al 2024,Park County Private Well,Ground Water,,,2023,08/30/2023,,,,,ng/L,1.331608819,3.406108747,,0.647167556,0,1.186897523,3.637454193,0.373923413,0,0,,,,,,,,,3.14033536,0.528694875,4.004482079,,,,,,,,,,0,,,,,,,,,0,,,,0,0,,,,,,,,
CDPHE Private Well Park et al 2024,Park County Private Well,Ground Water,,,2023,08/30/2023,,,,,ng/L,4.128500209,6.770387632,,0.722388843,0,1.995256551,4.985656411,0.585537986,0,0,,,,,,,,,2.737981607,0,3.280472921,,,,,,,,,,0,,,,,,,,,0,,,,0,0,,,,,,,,
CDPHE Private Well Park et al 2024,Park County Private Well,Ground Water,,,2023,08/30/2023,,,,,ng/L,2.118330257,6.957917355,,0.643146554,3.243465984,1.46624759,4.328220545,1.669591704,0,0,,,,,,,,,4.387109011,0.231813872,5.151117195,,,,,,,,,,0,,,,,,,,,0,,,,0,0,,,,,,,,
CDPHE Private Well Park et al 2024,Park County Private Well,Ground Water,,,2023,08/30/2023,,,,,ng/L,0.791825558,0,,0.912480238,0,0.184944332,2.19598633,0,0,0,,,,,,,,,0,0,0,,,,,,,,,,0,,,,,,,,,0,,,,0,0,,,,,,,,
CDPHE Private Well Park et al 2024,Park County Private Well,Ground Water,,,2023,08/30/2023,,,,,ng/L,1.68334726,7.020262097,,0.639231256,0,3.402105309,12.97477756,4.823208559,0,0,,,,,,,,,13.50437682,0.655104758,3.403270744,,,,,,,,,,0,,,,,,,,,0,,,,0,0,,,,,,,,
CDPHE Private Well Park et al 2024,Park County Private Well,Ground Water,,,2023,08/30/2023,,,,,ng/L,5.782800593,20.60164377,,1.217137626,0,5.546184279,9.346389438,4.291475843,0.603613038,0,,,,,,,,,0,1.745967528,5.929977907,,,,,,,,,,0,,,,,,,,,0,,,,0,0,,,,,,,,
CDPHE Private Well Park et al 2024,Park County Private Well,Ground Water,,,2023,08/30/2023,,,,,ng/L,8.237047263,13.34821232,,0.734990017,0,4.067278824,15.14247155,3.799061283,0,0,,,,,,,,,4.362612908,0.749552978,6.716779875,,,,,,,,,,0,,,,,,,,,0,,,,0,0,,,,,,,,
CDPHE Private Well Park et al 2024,Park County Private Well,Ground Water,,,2023,08/30/2023,,,,,ng/L,3.645042189,13.69475656,,0,0,2.216578113,12.69375659,4.793579631,0,0,,,,,,,,,13.71456104,1.30833694,4.878420907,,,,,,,,,,0,,,,,,,,,0,,,,0,0,,,,,,,,
CDPHE Private Well Park et al 2024,Park County Private Well,Ground Water,,,2023,08/30/2023,,,,,ng/L,0,0,,0.727863899,0,0,0,0.145886019,0,0,,,,,,,,,0,0,0,,,,,,,,,,0,,,,,,,,,0,,,,0,0,,,,,,,,
CDPHE Private Well Park et al 2024,Park County Private Well,Ground Water,,,2023,08/30/2023,,,,,ng/L,0,1.587719429,,0.560964694,0,2.951124792,1.706633029,0.322688334,0,0,,,,,,,,,0,0.776248578,1.045899925,,,,,,,,,,0,,,,,,,,,0,,,,0,0,,,,,,,,
CDPHE Private Well Park et al 2024,Park County Private Well,Ground Water,,,2023,08/30/2023,,,,,ng/L,6.11444141,13.54813853,,0,0,2.216054162,24.18752975,4.482494045,0,0,,,,,,,,,25.9508577,0.843310015,3.78432751,,,,,,,,,,0,,,,,,,,,0,,,,0,0,,,,,,,,
CDPHE Private Well Park et al 2024,Park County Private Well,Ground Water,,,2023,08/30/2023,,,,,ng/L,1.177687254,0,,0.582644873,0,1.970115355,0,0.155774235,0,0,,,,,,,,,0,0.553583262,5.175215612,,,,,,,,,,0,,,,,,,,,0,,,,0,0,,,,,,,,
CDPHE Private Well Park et al 2024,Park County Private Well,Ground Water,,,2024,04/02/2024,,,,,ng/L,1.2,2.2,,,0,0,,,,0,,,,,,,,,,,0,,,,,,,,,,,,,,,,,,,,,,,,,,,,,,,,
CDPHE Private Well Park et al 2024,Park County Private Well,Ground Water,,,2024,05/15/2024,,,,,ng/L,0,9.4,,,0,0,4.1,2.2,,0,,,,,,,,,2.8,,3.6,,,,,,,,,,,,,,,,,,,,,,,,,,,,,,,,
CDPHE Private Well Park et al 2024,Park County Private Well,Ground Water,,,2024,05/16/2024,,,,,ng/L,0,1,,,0,0,1.5,,,0,,,,,,,,,,,1.8,,,,,,,,,,,,,,,,,,,,,,,,,,,,,,,,
CDPHE Private Well Park et al 2024,Park County Private Well,Ground Water,,,2024,07/15/2024,,,,,ng/L,0,0,,,0,0,,,,0,,,,,,,,,,,0,,,,,,,,,,,,,,,,,,,,,,,,,,,,,,,,
CDPHE Private Well Park et al 2024,Park County Private Well,Ground Water,,,2024,05/09/2024,,,,,ng/L,3.7,15.1,,,0,4.8,2.2,2.5,1.2,0,,,,,,,,,1.1,1.1,2.2,,,,,,,,,,,,,,,,,,,,,,,,,,,,,,,,
CDPHE Private Well Park et al 2024,Park County Private Well,Ground Water,,,2024,05/14/2024,,,,,ng/L,0,5.1,,,0,3.8,5,1.5,,0,,,,,,,,,1.5,,0,,,,,,,,,,,,,,,,,,,,,,,,,,,,,,,,
CDPHE Private Well Park et al 2024,Park County Private Well,Ground Water,,,2024,05/16/2024,,,,,ng/L,0,0,,,0,0,,,,0,,,,,,,,,,,0,,,,,,,,,,,,,,,,,,,,,,,,,,,,,,,,
CDPHE Private Well Park et al 2024,Park County Private Well,Ground Water,,,2024,05/14/2024,,,,,ng/L,2.8,2.5,,,0,1.7,1.7,,,0,,,,,,,,,,,0,,,,,,,,,,,,,,,,,,,,,,,,,,,,,,,,
CDPHE Private Well Park et al 2024,Park County Private Well,Ground Water,,,2024,05/15/2024,,,,,ng/L,0,5.2,,,0,0,4.9,2.8,,0,,,,,,,,,2.8,,1.6,2.9,,,,,,,,,,,,,,,,,,,,,,,,,,,,,,,
CDPHE Private Well Park et al 2024,Park County Private Well,Ground Water,,,2024,05/12/2024,,,,,ng/L,0,0,,,0,0,,,,0,,,,,,,,,,,0,,,,,,,,,,,,,,,,,,,,,,,,,,,,,,,,
CDPHE Private Well Park et al 2024,Park County Private Well,Ground Water,,,2024,05/11/2024,,,,,ng/L,7.3,11.7,,,0,3.2,8.2,2.2,,0,,,,,,,,,2.8,,8.8,,,,,,,,,,,,,,,,,,,,,,,,,,,,,,,,
CDPHE Private Well Park et al 2024,Park County Private Well,Ground Water,,,,,,,,,ng/L,0,0,,,0,0,,,,0,,,,,,,,,,,0,,,,,,,,,,,,,,,,,,,,,,,,,,,,,,,,
CDPHE Private Well Park et al 2024,Park County Private Well,Ground Water,,,2024,05/09/2024,,,,,ng/L,2.8,5.3,,,0,1.9,5.5,1.4,,0,,,,,,,,,3.1,,8.9,,,,,,,,,,,,,,,,,,,,,,,,,,,,,,,,
CDPHE Private Well Park et al 2024,Park County Private Well,Ground Water,,,2024,05/11/2024,,,,,ng/L,6.6,6.3,,,1,1.4,4.3,1.4,,0,,,,,,,,,1.7,,4.3,,,,,,,,,,,,,,,,,,,,,,,,,,,,,,,,
CDPHE Private Well Park et al 2024,Park County Private Well,Ground Water,,,2024,05/26/2024,,,,,ng/L,7.4,0,,,0,2.5,,,,0,,,,,,,,,,,0,,,,,,,,,,,,,,,,,,,,,,,,,,,,,,,,
CDPHE Private Well Park et al 2024,Park County Private Well,Ground Water,,,2024,04/20/2024,,,,,ng/L,1.4,1.9,,,0,1.6,,,,0,,,,,,,,,,,3.1,,,,,,,,,,,,,,,,,,,,,,,,,,,,,,,,
CDPHE Private Well Park et al 2024,Park County Private Well,Ground Water,,,2024,05/21/2024,,,,,ng/L,0,0,,,0,0,,,,0,,,,,,,,,,,0,,,,,,,,,,,,,,,,,,,,,,,,,,,,,,,,
CDPHE Private Well Park et al 2024,Park County Private Well,Ground Water,,,2024,04/08/2024,,,,,ng/L,1.2,2.5,,,0,0,,,,0,,,,,,,,,,,1.9,,,,,,,,,,,,,,,,,,,,,,,,,,,,,,,,
CDPHE Private Well Park et al 2024,Park County Private Well,Ground Water,,,2024,05/10/2024,,,,,ng/L,0,4,,,0,1.1,4.7,1.6,,0,,,,,,,,,2.8,,2.3,1,,,,,,,,,,,,,,,,,,,,,,,,,,,,,,,
CDPHE Private Well Park et al 2024,Park County Private Well,Ground Water,,,2024,05/09/2024,,,,,ng/L,9.3,30.4,,,2.2,6.2,20,5.1,,0,,,,,,,,,8.5,,9.5,1.7,,,,,,,,,,,,,,,,,,,,,,,,,,,,,,,
CDPHE Private Well Park et al 2024,Park County Private Well,Ground Water,,,2024,03/28/2024,,,,,ng/L,7.5,30.7,,,1.8,8.8,31,7.3,,0,,,,,,,,,13.3,,9.7,3.2,,,,,,,,,,,,,,,,,,,,,,,,,,,,,,,
CDPHE Private Well Park et al 2024,Park County Private Well,Ground Water,,,2024,05/08/2024,,,,,ng/L,15,16,,,1.2,3.6,7,3.2,,0,,,,,,,,,3.4,,3.5,,,,,,,,,,,,,,,,,,,,,,,,,,,,,,,,
CDPHE Private Well Park et al 2024,Park County Private Well,Ground Water,,,2024,05/10/2024,,,,,ng/L,2.3,2.8,,,0,2.8,2.1,,,0,,,,,,,,,1.2,,0,,,,,,,,,,,,,,,,,,,,,,,,,,,,,,,,
CDPHE Private Well Park et al 2024,Park County Private Well,Ground Water,,,2024,05/20/2024,,,,,ng/L,15.8,18.7,,,0,4.6,6.7,3.3,,0,,,,,,,,,2.6,1.1,7.8,,,,,,,,,,,,,,,,,,,,,,,,,,,,,,,,
CDPHE Private Well Park et al 2024,Park County Private Well,Ground Water,,,2024,04/06/2024,,,,,ng/L,5.5,4.3,,,0,0,,,,0,,,,,,,,,,,0,,,,,,,,,,,,,,,,,,,,,,,,,,,,,,,,
CDPHE Private Well Park et al 2024,Park County Private Well,Ground Water,,,2024,05/11/2024,,,,,ng/L,2.4,19.8,,,0,5.4,49.2,5.9,,0,,,,,,,,,14,,12.9,3.6,,,,,,,,,,,,,,,,,,,,,,,,,,,,,,,
CDPHE Private Well Park et al 2024,Park County Private Well,Ground Water,,,2024,05/15/2024,,,,,ng/L,1.2,2.2,,,0,0,1.5,,,0,,,,,,,,,,,0,,,,,,,,,,,,,,,,,,,,,,,,,,,,,,,,
CDPHE Private Well Park et al 2024,Park County Private Well,Ground Water,,,2024,03/31/2024,,,,,ng/L,0,2.4,,,0,3.4,4.9,,,0,,,,,,,,,2.8,,2.8,1.2,,,,,,,,,,,,,,,,,,,,,,,,,,,,,,,
CDPHE Private Well Park et al 2024,Park County Private Well,Ground Water,,,2024,04/26/2024,,,,,ng/L,3,35.5,,,0,14.2,59.2,14.2,,0,,,,,,,,,30.7,1.3,5.2,4.7,,,,,,,,,,,,,,,,,,,,,,,,,,,,,,,
CDPHE Private Well Park et al 2024,Park County Private Well,Ground Water,,,2024,05/11/2024,,,,,ng/L,5.6,9,,,0,2.6,6.5,1.9,,0,,,,,,,,,2.7,,5.9,,,,,,,,,,,,,,,,,,,,,,,,,,,,,,,,
CDPHE Private Well Park et al 2024,Park County Private Well,Ground Water,,,2024,03/21/2024,,,,,ng/L,0,5.9,,,0,1.1,16.1,1.4,,0,,,,,,,,,4.2,,4.6,,,,,,,,,,,,,,,,,,,,,,,,,,,,,,,,
CDPHE Private Well Park et al 2024,Park County Private Well,Ground Water,,,,,,,,,ng/L,2,6.7,,,0,1.7,5.6,1.9,,0,,,,,,,,,3,,1.8,,,,,,,,,,,,,,,,,,,,,,,,,,,,,,,,
CDPHE Private Well Park et al 2024,Park County Private Well,Ground Water,,,2024,05/13/2024,,,,,ng/L,0,0,,,0,0,,,,0,,,,,,,,,,,0,,,,,,,,,,,,,,,,,,,,,,,,,,,,,,,,
CDPHE Private Well Park et al 2024,Park County Private Well,Ground Water,,,2024,05/13/2024,,,,,ng/L,3.3,5.3,,,0,1.2,3.4,1.2,,0,,,,,,,,,1.3,,1.3,,,,,,,,,,,,,,,,,,,,,,,,,,,,,,,,
CDPHE Private Well Park et al 2024,Park County Private Well,Ground Water,,,2024,03/19/2024,,,,,ng/L,5.6,6.1,,,0,0,2.9,1.2,,0,,,,,,,,,2.4,,1.7,,,,,,,,,,,,,,,,,,,,,,,,,,,,,,,,
CDPHE Private Well Park et al 2024,Park County Private Well,Ground Water,,,2024,05/14/2024,,,,,ng/L,0,2.4,,,0,1.3,2.9,1.2,,0,,,,,,,,,1.5,,2.4,,,,,,,,,,,,,,,,,,,,,,,,,,,,,,,,
CDPHE Private Well Park et al 2024,Park County Private Well,Ground Water,,,2024,05/31/2024,,,,,ng/L,1.6,1.7,,,0,0,,,,0,,,,,,,,,,,1.4,,,,,,,,,,,,,,,,,,,,,,,,,,,,,,,,
CDPHE Private Well Park et al 2024,Park County Private Well,Ground Water,,,2024,05/27/2024,,,,,ng/L,0,0,,,0,0,,,,0,,,,,,,,,,,0,,,,,,,,,,,,,,,,,,,,,,,,,,,,,,,,
CDPHE Private Well Park et al 2024,Park County Private Well,Ground Water,,,2024,05/13/2024,,,,,ng/L,0,0,,,0,0,,,,0,,,,,,,,,,,2.1,,,,,,,,,,,,,,,,,,,,,,,,,,,,,,,,
CDPHE Private Well Park et al 2024,Park County Private Well,Ground Water,,,2024,05/15/2024,,,,,ng/L,0,6.2,,,0,2.2,6,3.5,,0,,,,,,,,,3.3,,7.3,,,,,,,,,,,,,,,,,,,,,,,,,,,,,,,,
CDPHE Private Well Park et al 2024,Park County Private Well,Ground Water,,,2024,03/31/2024,,,,,ng/L,4.9,6.3,,,1,0,7.1,1.6,,0,,,,,,,,,3.1,,6,1.3,,,,,,,,,,,,,,,,,,,,,,,,,,,,,,,
CDPHE Private Well Park et al 2024,Park County Private Well,Ground Water,,,2024,03/25/2024,,,,,ng/L,0,1.8,,,0,1,3.8,,,0,,,,,,,,,1.2,,10.8,1.3,,,,,,,,,,,,,,,,,,,,,,,,,,,,,,,
CDPHE Private Well Park et al 2024,Park County Private Well,Ground Water,,,2024,04/08/2024,,,,,ng/L,0,0,,,0,0,3.2,,,0,,,,,,,,,5.2,,16.3,1.5,,,,,,,,,,,,,,,,,,,,,,,,,,,,,,,
CDPHE Private Well Park et al 2024,Park County Private Well,Ground Water,,,2024,05/11/2024,,,,,ng/L,0,0,,,0,0,,,,0,,,,,,,,,,,0,,,,,,,,,,,,,,,,,,,,,,,,,,,,,,,,
CDPHE Private Well Park et al 2024,Park County Private Well,Ground Water,,,2024,04/20/2024,,,,,ng/L,1.9,6,,,0,1.5,4.9,1.7,,0,,,,,,,,,3.2,,2.5,1.1,,,,,,,,,,,,,,,,,,,,,,,,,,,,,,,
CDPHE Private Well Park et al 2024,Park County Private Well,Ground Water,,,2024,05/11/2024,,,,,ng/L,0,0,,,0,0,,,,0,,,,,,,,,,,0,,,,,,,,,,,,,,,,,,,,,,,,,,,,,,,,
CDPHE Private Well Park et al 2024,Park County Private Well,Ground Water,,,2024,05/18/2024,,,,,ng/L,2,13,,,2.4,3.3,7.6,2.2,,0,,,,,,,,,3.1,,12.3,,,,,,,,,,,,,,,,,,,,,,,,,,,,,,,,
CDPHE Private Well Park et al 2024,Park County Private Well,Ground Water,,,2024,05/06/2024,,,,,ng/L,0,0,,,0,0,,,,0,,,,,,,,,,,0,,,,,,,,,,,,,,,,,,,,,,,,,,,,,,,,
CDPHE Private Well Park et al 2024,Park County Private Well,Ground Water,,,,,,,,,ng/L,0,0,,,0,0,,,,0,,,,,,,,,,,0,,,,,,,,,,,,,,,,,,,,,,,,,,,,,,,,
CDPHE Private Well Park et al 2024,Park County Private Well,Ground Water,,,2024,05/28/2024,,,,,ng/L,0,1.5,,,0,1.3,1.4,,,0,,,,,,,,,,,0,,,,,,,,,,,,,,,,,,,,,,,,,,,,,,,,
CDPHE Private Well Park et al 2024,Park County Private Well,Ground Water,,,2024,04/10/2024,,,,,ng/L,0,0,,,0,0,,,,0,,,,,,,,,,,0,,,,,,,,,,,,,,,,,,,,,,,,,,,,,,,,
CDPHE Private Well Park et al 2024,Park County Private Well,Ground Water,,,2024,03/25/2024,,,,,ng/L,2.8,7.2,,,0,1.2,5.2,1.6,,0,,,,,,,,,2.4,,5.8,,,,,,,,,,,,,,,,,,,,,,,,,,,,,,,,
CDPHE Private Well Park et al 2024,Park County Private Well,Ground Water,,,2024,04/11/2024,,,,,ng/L,5.5,28.5,,,0,3.2,12.6,6.2,,0,,,,,,,,,5.6,1.1,11.5,,,,,,,,,,,,,,,,,,,,,,,,,,,,,,,,
CDPHE Private Well Park et al 2024,Park County Private Well,Ground Water,,,2024,05/12/2024,,,,,ng/L,0,0,,,0,0,,,,0,,,,,,,,,,,0,,,,,,,,,,,,,,,,,,,,,,,,,,,,,,,,
CDPHE Private Well Park et al 2024,Park County Private Well,Ground Water,,,2024,03/24/2024,,,,,ng/L,0,0,,,0,0,,,,0,,,,,,,,,,,0,,,,,,,,,,,,,,,,,,,,,,,,,,,,,,,,
CDPHE Private Well Park et al 2024,Park County Private Well,Ground Water,,,2024,03/28/2024,,,,,ng/L,2.1,5.3,,,0,2.4,4,1.1,,0,,,,,,,,,,,3.8,,,,,,,,,,,,,,,,,,,,,,,,,,,,,,,,
CDPHE Private Well Park et al 2024,Park County Private Well,Ground Water,,,2024,03/25/2024,,,,,ng/L,3.9,4.8,,,0,3.6,1.7,,,0,,,,,,,,,,,2.8,,,,,,,,,,,,,,,,,,,,,,,,,,,,,,,,
CDPHE Private Well Park et al 2024,Park County Private Well,Ground Water,,,2024,05/18/2024,,,,,ng/L,0,0,,,0,0,,,,0,,,,,,,,,,,0,,,,,,,,,,,,,,,,,,,,,,,,,,,,,,,,
CDPHE Private Well Park et al 2024,Park County Private Well,Ground Water,,,2024,04/23/2024,,,,,ng/L,7,7.5,,,0,6.4,2,,,0,,,,,,,,,,,5,,,,,,,,,,,,,,,,,,,,,,,,,,,,,,,,
CDPHE Private Well Park et al 2024,Park County Private Well,Ground Water,,,2024,03/28/2024,,,,,ng/L,37.8,14.9,,2.2,1.5,11.3,8,2.9,,0,,,,,,,,,2.2,,4.2,1.9,,,,,,,,,,,,,,,,,,,,,,,,,,,,,,,
CDPHE Private Well Park et al 2024,Park County Private Well,Ground Water,,,2024,03/24/2024,,,,,ng/L,0,2.7,,,0,5.4,1.5,,,0,,,,,,,,,,,2.7,,,,,,,,,,,,,,,,,,,,,,,,,,,,,,,,
CDPHE Private Well Park et al 2024,Park County Private Well,Ground Water,,,2024,04/19/2024,,,,,ng/L,13.7,12.2,,,1.4,4.4,5.8,3,,0,,,,,,,,,2.8,,11.8,,,,,,,,,,,,,,,,,,,,,,,,,,,,,,,,
CDPHE Private Well Park et al 2024,Park County Private Well,Ground Water,,,2024,05/08/2024,,,,,ng/L,1.4,0,,,0,0,1,,,0,,,,,,,,,,,1.3,,,,,,,,,,,,,,,,,,,,,,,,,,,,,,,,
CDPHE Private Well Park et al 2024,Park County Private Well,Ground Water,,,2024,03/20/2024,,,,,ng/L,0,0,,,0,0,,,,0,,,,,,,,,,,0,,,,,,,,,,,,,,,,,,,,,,,,,,,,,,,,
CDPHE Private Well Park et al 2024,Park County Private Well,Ground Water,,,2024,03/26/2024,,,,,ng/L,0,0,,,0,0,,,,0,,,,,,,,,,,0,,,,,,,,,,,,,,,,,,,,,,,,,,,,,,,,
CDPHE Private Well Park et al 2024,Park County Private Well,Ground Water,,,2024,05/17/2024,,,,,ng/L,0,0,,,0,0,,,,0,,,,,,,,,,,0,,,,,,,,,,,,,,,,,,,,,,,,,,,,,,,,
CDPHE Private Well Park et al 2024,Park County Private Well,Ground Water,,,2024,05/13/2024,,,,,ng/L,0,0,,,0,1.5,,,,0,,,,,,,,,,,7.5,,,,,,,,,,,,,,,,,,,,,,,,,,,,,,,,
CDPHE Private Well Park et al 2024,Park County Private Well,Ground Water,,,2024,05/16/2024,,,,,ng/L,3,4.4,,,0,1.1,3.4,2.6,,0,,,,,,,,,,,2.7,,,,,,,,,,,,,,,,,,,,,,,,,,,,,,,,
CDPHE Private Well Park et al 2024,Park County Private Well,Ground Water,,,2024,05/14/2024,,,,,ng/L,0,1.8,,,0,4.3,,,,0,,,,,,,,,,,1.4,,,,,,,,,,,,,,,,,,,,,,,,,,,,,,,,
CDPHE Private Well Park et al 2024,Park County Private Well,Ground Water,,,2024,05/11/2024,,,,,ng/L,5,6,,,0,1.5,2.4,,,0,,,,,,,,,,,9.7,,,,,,,,,,,,,,,,,,,,,,,,,,,,,,,,
CDPHE Private Well Park et al 2024,Park County Private Well,Ground Water,,,2024,05/05/2024,,,,,ng/L,4.9,11.3,,,0,7.7,5.1,2.3,,0,,,,,,,,,2.2,,4.4,,,,,,,,,,,,,,,,,,,,,,,,,,,,,,,,
CDPHE Private Well Park et al 2024,Park County Private Well,Ground Water,,,2024,05/11/2024,,,,,ng/L,5.6,6.1,,,0,4.2,3.1,1.4,,0,,,,,,,,,1.4,,8.6,,,,,,,,,,,,,,,,,,,,,,,,,,,,,,,,
CDPHE Private Well Park et al 2024,Park County Private Well,Ground Water,,,2024,05/19/2024,,,,,ng/L,0,0,,,0,0,,,,0,,,,,,,,,,,0,,,,,,,,,,,,,,,,,,,,,,,,,,,,,,,,
CDPHE Private Well Park et al 2024,Park County Private Well,Ground Water,,,2024,05/22/2024,,,,,ng/L,7.7,8,,,0,7.1,,,,0,,,,,,,,,,1.4,2.5,,,,,,,,,,,,,,,,,,,,,,,,,,,,,,,,
CDPHE Private Well Park et al 2024,Park County Private Well,Ground Water,,,2024,05/13/2024,,,,,ng/L,0,1.2,,,0,2.3,1.4,,,0,,,,,,,,,1,,0,,,,,,,,,,,,,,,,,,,,,,,,,,,,,,,,
CDPHE Private Well Park et al 2024,Park County Private Well,Ground Water,,,2024,04/04/2024,,,,,ng/L,0,0,,,0,0,,,,0,,,,,,,,,,,0,,,,,,,,,,,,,,,,,,,,,,,,,,,,,,,,
CDPHE Private Well Park et al 2024,Park County Private Well,Ground Water,,,2024,05/17/2024,,,,,ng/L,0,0,,,0,0,,,,0,,,,,,,,,,,0,,,,,,,,,,,,,,,,,,,,,,,,,,,,,,,,
CDPHE Private Well Park et al 2024,Park County Private Well,Ground Water,,,2024,04/24/2024,,,,,ng/L,0,0,,,0,0,,,,0,,,,,,,,,,,0,,,,,,,,,,,,,,,,,,,,,,,,,,,,,,,,
CDPHE Private Well Park et al 2024,Park County Private Well,Ground Water,,,2024,05/13/2024,,,,,ng/L,0,0,,,0,0,,,,0,,,,,,,,,,,0,,,,,,,,,,,,,,,,,,,,,,,,,,,,,,,,
CDPHE Private Well Park et al 2024,Park County Private Well,Ground Water,,,2024,03/30/2024,,,,,ng/L,1.3,9,,,0,0,9.2,4,,0,,,,,,,,,3.1,,1.9,,,,,,,,,,,,,,,,,,,,,,,,,,,,,,,,
CDPHE Private Well Park et al 2024,Park County Private Well,Ground Water,,,2024,04/19/2024,,,,,ng/L,0,4.3,,,0,1.4,2.7,1.4,,0,,,,,,,,,1.1,,2.1,,,,,,,,,,,,,,,,,,,,,,,,,,,,,,,,
CDPHE Private Well Park et al 2024,Park County Private Well,Ground Water,,,2024,04/12/2024,,,,,ng/L,3.2,5.8,,,0,7,7.1,3.3,,0,,,,,,,,,6.7,,0,,,,,,,,,,,,,,,,,,,,,,,,,,,,,,,,
CDPHE Private Well Park et al 2024,Park County Private Well,Ground Water,,,2024,05/08/2024,,,,,ng/L,0,0,,,0,1.2,,,,0,,,,,,,,,,,2.2,,,,,,,,,,,,,,,,,,,,,,,,,,,,,,,,
CDPHE Private Well Park et al 2024,Park County Private Well,Ground Water,,,2024,05/18/2024,,,,,ng/L,0,0,,,0,0,,,,0,,,,,,,,,,,1.7,,,,,,,,,,,,,,,,,,,,,,,,,,,,,,,,
CDPHE Private Well Park et al 2024,Park County Private Well,Ground Water,,,2024,03/23/2024,,,,,ng/L,0,3.3,,,0,0,3.6,4.3,,0,,,,,,,,,4.2,,0,,,,,,,,,,,,,,,,,,,,,,,,,,,,,,,,
CDPHE Private Well Park et al 2024,Park County Private Well,Ground Water,,,2024,05/16/2024,,,,,ng/L,1.5,0,,,0,0,,,,0,,,,,,,,,,,0,,,,,,,,,,,,,,,,,,,,,,,,,,,,,,,,
CDPHE Private Well Park et al 2024,Park County Private Well,Ground Water,,,2024,03/29/2024,,,,,ng/L,0,0,,,0,0,,,,0,,,,,,,,,,,0,,,,,,,,,,,,,,,,,,,,,,,,,,,,,,,,
CDPHE Private Well Park et al 2024,Park County Private Well,Ground Water,,,2024,05/11/2024,,,,,ng/L,0,0,,,0,0,,,,0,,,,,,,,,,,0,,,,,,,,,,,,,,,,,,,,,,,,,,,,,,,,
CDPHE Private Well Park et al 2024,Park County Private Well,Ground Water,,,2024,03/26/2024,,,,,ng/L,0,2.3,,,0,1,3.1,,,0,,,,,,,,,,,7.3,,,,,,,,,,,,,,,,,,,,,,,,,,,,,,,,
CDPHE Private Well Park et al 2024,Park County Private Well,Ground Water,,,2024,05/14/2024,,,,,ng/L,0,0,,,0,1.5,,,,0,,,,,,,,,,,4.5,,,,,,,,,,,,,,,,,,,,,,,,,,,,,,,,
CDPHE Private Well Park et al 2024,Park County Private Well,Ground Water,,,2024,05/10/2024,,,,,ng/L,0,11.6,,,0,4.1,22.5,5.4,,0,,,,,,,,,11.9,,0,2.2,,,,,,,,,,,,,,,,,,,,,,,,,,,,,,,
CDPHE Private Well Park et al 2024,Park County Private Well,Ground Water,,,2024,05/13/2024,,,,,ng/L,0,0,,,0,0,,,,0,,,,,,,,,,,0,,,,,,,,,,,,,,,,,,,,,,,,,,,,,,,,
CDPHE Private Well Park et al 2024,Park County Private Well,Ground Water,,,,,,,,,ng/L,0,0,,,0,0,,,,0,,,,,,,,,,,3.3,,,,,,,,,,,,,,,,,,,,,,,,,,,,,,,,
CDPHE Private Well Park et al 2024,Park County Private Well,Ground Water,,,2024,05/21/2024,,,,,ng/L,0,3.8,,,0,1.3,1.8,,,0,,,,,,,,,,,1.8,,,,,,,,,,,,,,,,,,,,,,,,,,,,,,,,
CDPHE Private Well Park et al 2024,Park County Private Well,Ground Water,,,2024,04/12/2024,,,,,ng/L,0,0,,,0,0,,,,0,,,,,,,,,,,0,,,,,,,,,,,,,,,,,,,,,,,,,,,,,,,,
CDPHE Private Well Park et al 2024,Park County Private Well,Ground Water,,,2024,03/28/2024,,,,,ng/L,0,3.9,,,0,2.1,1.9,,,0,,,,,,,,,,,2.1,,,,,,,,,,,,,,,,,,,,,,,,,,,,,,,,
CDPHE Private Well Park et al 2024,Park County Private Well,Ground Water,,,2024,04/16/2024,,,,,ng/L,0,2.6,,,0,3,2.4,,,0,,,,,,,,,,,4.5,,,,,,,,,,,,,,,,,,,,,,,,,,,,,,,,
CDPHE Private Well Park et al 2024,Park County Private Well,Ground Water,,,2024,04/24/2024,,,,,ng/L,0,0,,,0,0,,,,0,,,,,,,,,,,0,1.7,,,,,,,,,,,,,,,,,,,,,,,,,,,,,,,
CDPHE Private Well Park et al 2024,Park County Private Well,Ground Water,,,2024,03/22/2024,,,,,ng/L,2.5,5.1,,,0,0,3.3,1.3,,0,,,,,,,,,2,,1.3,,,,,,,,,,,,,,,,,,,,,,,,,,,,,,,,
CDPHE Private Well Park et al 2024,Park County Private Well,Ground Water,,,2024,05/13/2024,,,,,ng/L,0,0,,,0,0,,,,0,,,,,,,,,,,1,,,,,,,,,,,,,,,,,,,,,,,,,,,,,,,,
CDPHE Private Well Park et al 2024,Park County Private Well,Ground Water,,,2024,03/21/2024,,,,,ng/L,0,4.8,,,0,0,8.8,1.9,,0,,,,,,,,,3.2,,0,,,,,,,,,,,,,,,,,,,,,,,,,,,,,,,,
CDPHE Private Well Park et al 2024,Park County Private Well,Ground Water,,,2024,03/27/2024,,,,,ng/L,1.7,4.1,,,0,2.8,,,,0,,,,,,,,,,,2.7,1.3,,,,,,,,,,,,,,,,,,,,,,,,,,,,,,,
CDPHE Private Well Park et al 2024,Park County Private Well,Ground Water,,,2024,03/23/2024,,,,,ng/L,0,0,,,0,0,,,,0,,,,,,,,,,,0,,,,,,,,,,,,,,,,,,,,,,,,,,,,,,,,
CDPHE Private Well Park et al 2024,Park County Private Well,Ground Water,,,2024,04/08/2024,,,,,ng/L,0,0,,,0,0,,,,0,,,,,,,,,,,0,,,,,,,,,,,,,,,,,,,,,,,,,,,,,,,,
CDPHE Private Well Park et al 2024,Park County Private Well,Ground Water,,,2024,04/26/2024,,,,,ng/L,0,0,,,0,0,,,,0,,,,,,,,,,,0,,,,,,,,,,,,,,,,,,,,,,,,,,,,,,,,
CDPHE Private Well Park et al 2024,Park County Private Well,Ground Water,,,2024,03/25/2024,,,,,ng/L,1.4,2.8,,,0,3.4,1.8,1,,0,,,,,,,,,,,1.6,,,,,,,,,,,,,,,,,,,,,,,,,,,,,,,,
CDPHE Private Well Park et al 2024,Park County Private Well,Ground Water,,,2024,05/25/2024,,,,,ng/L,3.7,15.8,,,0,4.6,14.4,3.4,,0,,,,,,,,,6.4,1,12.7,,,,,,,,,,,,,,,,,,,,,,,,,,,,,,,,
CDPHE Private Well Park et al 2024,Park County Private Well,Ground Water,,,2024,03/27/2024,,,,,ng/L,3.8,6.8,,,0,3.7,35.9,3,,0,,,,,,,,,9.2,,1.9,2.2,,,,,,,,,,,,,,,,,,,,,,,,,,,,,,,
CDPHE Private Well Park et al 2024,Park County Private Well,Ground Water,,,2024,05/19/2024,,,,,ng/L,2.1,1.5,,,0,0,1.6,,,0,,,,,,,,,,,3.7,,,,,,,,,,,,,,,,,,,,,,,,,,,,,,,,
CDPHE Private Well Park et al 2024,Park County Private Well,Ground Water,,,2024,04/15/2024,,,,,ng/L,0,0,,,0,0,,,,0,,,,,,,,,,,0,,,,,,,,,,,,,,,,,,,,,,,,,,,,,,,,
CDPHE Private Well Park et al 2024,Park County Private Well,Ground Water,,,2024,05/19/2024,,,,,ng/L,0,6.2,,,0,6.1,4.5,,,0,,,,,,,,,1.2,,5.4,,,,,,,,,,,,,,,,,,,,,,,,,,,,,,,,
CDPHE Private Well Park et al 2024,Park County Private Well,Ground Water,,,2024,05/14/2024,,,,,ng/L,0,1.9,,,0,2.4,,,,0,,,,,,,,,,,2.7,,,,,,,,,,,,,,,,,,,,,,,,,,,,,,,,
CDPHE Private Well Park et al 2024,Park County Private Well,Ground Water,,,2024,03/30/2024,,,,,ng/L,0,0,,,0,0,,,,0,,,,,,,,,,,3.9,,,,,,,,,,,,,,,,,,,,,,,,,,,,,,,,
CDPHE Private Well Park et al 2024,Park County Private Well,Ground Water,,,2024,05/15/2024,,,,,ng/L,11.8,0,,,2.2,2.3,4.5,4.1,,0,,,,,,,,,2,,3.4,,,,,,,,,,,,,,,,,,,,,,,,,,,,,,,,
CDPHE Private Well Park et al 2024,Park County Private Well,Ground Water,,,2024,04/02/2024,,,,,ng/L,1.2,4.6,,,0,2,6.4,1.5,,0,,,,,,,,,3.3,,6.8,,,,,,,,,,,,,,,,,,,,,,,,,,,,,,,,
CDPHE Private Well Park et al 2024,Park County Private Well,Ground Water,,,2024,05/12/2024,,,,,ng/L,0,1.1,,,0,0,,,,0,,,,,,,,,,,0,,,,,,,,,,,,,,,,,,,,,,,,,,,,,,,,
CDPHE Private Well Park et al 2024,Park County Private Well,Ground Water,,,2024,05/18/2024,,,,,ng/L,10.6,10.4,,,0,5,4.9,2,,0,,,,,,,,,2.4,,2.8,,,,,,,,,,,,,,,,,,,,,,,,,,,,,,,,
CDPHE Private Well Park et al 2024,Park County Private Well,Ground Water,,,2024,05/10/2024,,,,,ng/L,1.6,1,,,0,0,,,,0,,,,,,,,,,,0,,,,,,,,,,,,,,,,,,,,,,,,,,,,,,,,
CDPHE Private Well Park et al 2024,Park County Private Well,Ground Water,,,2024,05/09/2024,,,,,ng/L,0,1.7,,,0,1.2,,,,0,,,,,,,,,,,0,,,,,,,,,,,,,,,,,,,,,,,,,,,,,,,,
CDPHE Private Well Park et al 2024,Park County Private Well,Ground Water,,,2024,03/26/2024,,,,,ng/L,8.3,11.9,,,0,10.8,15.7,3.3,,0,,,,,,,,,6.8,,3.2,1.4,,,,,,,,,,,,,,,,,,,,,,,,,,,,,,,
CDPHE Private Well Park et al 2024,Park County Private Well,Ground Water,,,2024,03/27/2024,,,,,ng/L,3,20.4,,,0,9.8,21.6,5.2,,0,,,,,,,,,8.4,3.7,31.5,2.3,,,,,,,,,,,,,,,,,,,,,,,,,,,,,,,
CDPHE Private Well Park et al 2024,Park County Private Well,Ground Water,,,2024,03/27/2024,,,,,ng/L,1.3,0,,,0,1.7,,,,0,,,,,,,,,,,2,,,,,,,,,,,,,,,,,,,,,,,,,,,,,,,,
CDPHE Private Well Park et al 2024,Park County Private Well,Ground Water,,,3034,03/30/3034,,,,,ng/L,2.6,12.2,,,0,5.6,15.8,3.6,,0,,,,,,,,,6.4,1.7,6,2.5,,,,,,,,,,,,,,,,,,,,,,,,,,,,,,,
CDPHE Private Well Park et al 2024,Park County Private Well,Ground Water,,,2024,03/20/2024,,,,,ng/L,31.6,9.9,,,1.6,5,3.1,2,,0,,,,,,,,,1.5,,4.1,1.1,,,,,,,,,,,,,,,,,,,,,,,,,,,,,,,
CDPHE Private Well Park et al 2024,Park County Private Well,Ground Water,,,2024,04/12/2024,,,,,ng/L,0,1.3,,,0,4.6,2.2,1.3,,0,,,,,,,,,,2.2,3.7,,,,,,,,,,,,,,,,,,,,,,,,,,,,,,,,
CDPHE Private Well Park et al 2024,Park County Private Well,Ground Water,,,2024,04/19/2024,,,,,ng/L,2.8,17.3,,,2.3,2,2.6,1.9,,0,,,,,,,,,,,4,1.1,,,,,,,,,,,,,,,,1.6,,,,,,,,,,,,,,,
CDPHE Private Well Park et al 2024,Park County Private Well,Ground Water,,,2024,03/28/2024,,,,,ng/L,6,19.4,,,0,9.6,22.2,4.9,,0,,,,,,,,,9.7,3.3,28.7,2.8,,,,,,,,,,,,,,,,,,,,,,,,,,,,,,,
CDPHE Private Well Park et al 2024,Park County Private Well,Ground Water,,,2024,05/15/2024,,,,,ng/L,0,2.9,,,0,1.9,1.2,,,0,,,,,,,,,,,2.7,,,,,,,,,,,,,,,,,,,,,,,,,,,,,,,,
CDPHE Private Well Park et al 2024,Park County Private Well,Ground Water,,,2024,05/10/2024,,,,,ng/L,5.8,25.8,,,0,8.1,17.2,4.6,,0,,,,,,,,,11,,1.5,2.6,,,,,,,,,,,,,,,,,,,,,,,,,,,,,,,
CDPHE Private Well Park et al 2024,Park County Private Well,Ground Water,,,2024,05/19/2024,,,,,ng/L,2.7,5.5,,,0,5,1.8,1,,0,,,,,,,,,,1.1,3.1,,,,,,,,,,,,,,,,,,,,,,,,,,,,,,,,
CDPHE Private Well Park et al 2024,Park County Private Well,Ground Water,,,2024,04/15/2024,,,,,ng/L,0,0,,,0,0,,,,0,,,,,,,,,,,0,,,,,,,,,,,,,,,,,,,,,,,,,,,,,,,,
CDPHE Private Well Park et al 2024,Park County Private Well,Ground Water,,,2024,03/27/2024,,,,,ng/L,0,0,,,0,6.3,,,,0,,,,,,,,,,,1.4,,,,,,,,,,,,,,,,,,,,,,,,,,,,,,,,
CDPHE Private Well Park et al 2024,Park County Private Well,Ground Water,,,2024,05/16/2024,,,,,ng/L,0,0,,,0,1.1,,,,0,,,,,,,,,,,0,,,,,,,,,,,,,,,,,,,,,,,,,,,,,,,,
CDPHE Private Well Park et al 2024,Park County Private Well,Ground Water,,,2024,05/14/2024,,,,,ng/L,0,4.8,,,0,4.1,8,2.2,,0,,,,,,,,,3.1,,3.8,,,,,,,,,,,,,,,,,,,,,,,,,,,,,,,,
CDPHE Private Well Park et al 2024,Park County Private Well,Ground Water,,,2024,05/17/2024,,,,,ng/L,0,0,,,0,2.4,,,,0,,,,,,,,,,,4.1,,,,,,,,,,,,,,,,,,,,,,,,,,,,,,,,
CDPHE Private Well Park et al 2024,Park County Private Well,Ground Water,,,2024,05/07/2024,,,,,ng/L,2.5,1.7,,,0,11.6,1,,,0,,,,,,,,,,,3.6,,,,,,,,,,,,,,,,,,,,,,,,,,,,,,,,
CDPHE Private Well Park et al 2024,Park County Private Well,Ground Water,,,2024,03/27/2024,,,,,ng/L,0,0,,,0,0,,,,0,,,,,,,,,,,0,,,,,,,,,,,,,,,,,,,,,,,,,,,,,,,,
CDPHE Private Well Park et al 2024,Park County Private Well,Ground Water,,,2024,04/26/2024,,,,,ng/L,1.9,0,,,0,0,,,,0,,,,,,,,,,,0,,,,,,,,,,,,,,,,,,,,,,,,,,,,,,,,
CDPHE Private Well Park et al 2024,Park County Private Well,Ground Water,,,2024,05/07/2024,,,,,ng/L,0,0,,,0,0,,,,0,,,,,,,,,,,0,,,,,,,,,,,,,,,,,,,,,,,,,,,,,,,,
CDPHE Private Well Park et al 2024,Park County Private Well,Ground Water,,,2024,05/10/2024,,,,,ng/L,0,2.1,,,0,0,2,,,0,,,,,,,,,,,0,,,,,,,,,,,,,,,,,,,,,,,,,,,,,,,,
CDPHE Private Well Park et al 2024,Park County Private Well,Ground Water,,,2024,05/30/2024,,,,,ng/L,1.1,0,,,0,1.2,,,,0,,,,,,,,,,,0,,,,,,,,,,,,,,,,,,,,,,,,,,,,,,,,
CDPHE Private Well Park et al 2024,Park County Private Well,Ground Water,,,2024,03/20/2024,,,,,ng/L,9.2,5.1,,,0,5.4,,,,0,,,,,,,,,,,6.3,1.1,,,,,,,,,,,,,,,,,,,,,,,,,,,,,,,
CDPHE Private Well Park et al 2024,Park County Private Well,Ground Water,,,2024,05/12/2024,,,,,ng/L,0,0,,,0,1.9,,,,0,,,,,,,,,,,2,,,,,,,,,,,,,,,,,,,,,,,,,,,,,,,,
CDPHE Private Well Park et al 2024,Park County Private Well,Ground Water,,,2024,05/14/2024,,,,,ng/L,0,5.6,,,0,11.2,1.7,,,0,,,,,,,,,,2.3,4.4,,,,,,,,,,,,,,,,,,,,,,,,,,,,,,,,
CDPHE Private Well Park et al 2024,Park County Private Well,Ground Water,,,2024,03/21/2024,,,,,ng/L,7.9,11.6,,,0,5.5,4.4,1.9,,0,,,,,,,,,1.3,,3.8,2.6,,,,,,,,,,,,,,,,,,,,,,,,,,,,,,,
CDPHE Private Well Park et al 2024,Park County Private Well,Ground Water,,,2024,05/14/2024,,,,,ng/L,6.7,0,,,0,6.6,3.4,2.4,,0,,,,,,,,,2.2,,14.8,5.9,,,,,,,,,,,,,,,,,,,,,,,,,,,,,,,
CDPHE Private Well Park et al 2024,Park County Private Well,Ground Water,,,2024,05/02/2024,,,,,ng/L,6.9,4.5,,,0,4.9,,,,0,,,,,,,,,,,7.7,,,,,,,,,,,,,,,,,,,,,,,,,,,,,,,,
CDPHE Private Well Park et al 2024,Park County Private Well,Ground Water,,,2024,05/09/2024,,,,,ng/L,0,0,,,0,0,,,,0,,,,,,,,,,,44.2,,,,,,,,,,,,,,,,,,,,,,,,,,,,,,,,
CDPHE Private Well Park et al 2024,Park County Private Well,Ground Water,,,2024,03/30/2024,,,,,ng/L,0,0,,,0,0,,,,0,,,,,,,,,,,0,,,,,,,,,,,,,,,,,,,,,,,,,,,,,,,,
CDPHE Private Well Park et al 2024,Park County Private Well,Ground Water,,,2024,05/13/2024,,,,,ng/L,1.6,4.1,,,0,2.3,3.2,1,,0,,,,,,,,,1.4,,3.2,1.2,,,,,,,,,,,,,,,,,,,,,,,,,,,,,,,
CDPHE Private Well Park et al 2024,Park County Private Well,Ground Water,,,2024,05/14/2024,,,,,ng/L,1.3,3.8,,,0,2.5,2.3,,,0,,,,,,,,,1.1,,2.4,,,,,,,,,,,,,,,,,,,,,,,,,,,,,,,,
CDPHE Private Well Park et al 2024,Park County Private Well,Ground Water,,,2024,03/29/2024,,,,,ng/L,0,2.2,,,0,2.3,3.9,1.1,,0,,,,,,,,,1.2,,2.8,,,,,,,,,,,,,,,,,,,,,,,,,,,,,,,,
CDPHE Private Well Park et al 2024,Park County Private Well,Ground Water,,,2024,04/03/2024,,,,,ng/L,2,3.6,,,0,1.9,1,,,0,,,,,,,,,,,2.5,,,,,,,,,,,,,,,,,,,,,,,,,,,,,,,,
CDPHE Private Well Park et al 2024,Park County Private Well,Ground Water,,,2024,03/31/2024,,,,,ng/L,0,0,,,0,1.7,,,,0,,,,,,,,,,,1.3,,,,,,,,,,,,,,,,,,,,,,,,,,,,,,,,
CDPHE Private Well Park et al 2024,Park County Private Well,Ground Water,,,2024,05/29/2024,,,,,ng/L,0,0,,,0,0,,,,0,,,,,,,,,,,0,,,,,,,,,,,,,,,,,,,,,,,,,,,,,,,,
CDPHE Private Well Park et al 2024,Park County Private Well,Ground Water,,,2024,05/11/2024,,,,,ng/L,0,0,,,0,0,,,,0,,,,,,,,,,,0,,,,,,,,,,,,,,,,,,,,,,,,,,,,,,,,
CDPHE Private Well Park et al 2024,Park County Private Well,Ground Water,,,2024,05/09/2024,,,,,ng/L,4.6,1.3,,,0,1.7,,,,0,,,,,,,,,,,6.9,,,,,,,,,,,,,,,,,,,,,,,,,,,,,,,,
CDPHE Private Well Park et al 2024,Park County Private Well,Ground Water,,,2024,05/13/2024,,,,,ng/L,0,6.5,,,0,1.6,8,2.4,,0,,,,,,,,,4.7,,3.9,,,,,,,,,,,,,,,,,,,,,,,,,,,,,,,,
CDPHE Private Well Park et al 2024,Park County Private Well,Ground Water,,,2024,03/25/2024,,,,,ng/L,1.4,3.8,,,0,2.1,2,,,0,,,,,,,,,1,,8.7,7.5,,,,,,,,,,,,,,,,,,,,,,,,,,,,,,,
CDPHE Private Well Park et al 2024,Park County Private Well,Ground Water,,,2024,05/26/2024,,,,,ng/L,10.5,14.4,,,0,3.3,6.2,3.5,,0,,,,,,,,,4.6,,10.9,2.4,,,,,,,,,,,,,,,,,,,,,,,,,,,,,,,
CDPHE Private Well Park et al 2024,Park County Private Well,Ground Water,,,2024,05/10/2024,,,,,ng/L,0,0,,,0,1.5,,,,0,,,,,,,,,,,0,,,,,,,,,,,,,,,,,,,,,,,,,,,,,,,,
CDPHE Private Well Park et al 2024,Park County Private Well,Ground Water,,,2024,05/15/2024,,,,,ng/L,6.1,7.4,,,0,5.4,5.2,2,,0,,,,,,,,,2.7,1.3,9.5,,,,,,,,,,,,,,,,,,,,,,,,,,,,,,,,
CDPHE Private Well Park et al 2024,Park County Private Well,Ground Water,,,2024,03/27/2024,,,,,ng/L,2.2,8.4,,,0,3.6,9.4,2.2,,0,,,,,,,,,4.4,1.1,9.1,1.3,,,,,,,,,,,,,,,,,,,,,,,,,,,,,,,
CDPHE Private Well Park et al 2024,Park County Private Well,Ground Water,,,2024,04/28/2024,,,,,ng/L,0,1.7,,,0,0,4.6,,,0,,,,,,,,,1.8,,7.4,,,,,,,,,,,,,,,,,,,,,,,,,,,,,,,,
CDPHE Private Well Park et al 2024,Park County Private Well,Ground Water,,,2024,05/17/2024,,,,,ng/L,3.1,2,,,0,3,3,,,0,,,,,,,,,1.7,,2.5,,,,,,,,,,,,,,,,,,,,,,,,,,,,,,,,
CDPHE Private Well Park et al 2024,Park County Private Well,Ground Water,,,2024,03/25/2024,,,,,ng/L,0,2,,,0,0,2.9,,,0,,,,,,,,,1.8,,1.1,,,,,,,,,,,,,,,,,,,,,,,,,,,,,,,,
CDPHE Private Well Park et al 2024,Park County Private Well,Ground Water,,,2024,05/26/2024,,,,,ng/L,0,0,,,0,0,,,,0,,,,,,,,,,,0,,,,,,,,,,,,,,,,,,,,,,,,,,,,,,,,
CDPHE Private Well Park et al 2024,Park County Private Well,Ground Water,,,2024,04/03/2024,,,,,ng/L,25.8,24.1,,,1.7,25.9,16,7.9,,0,,,,,,,,,6,1.9,7.8,,,,,,,,,,,,,,,,,,,,,,,,,,,,,,,,
CDPHE Private Well Park et al 2024,Park County Private Well,Ground Water,,,2024,04/10/2024,,,,,ng/L,10.6,8.9,,,0,5.7,10.8,2.1,,0,,,,,,,,,5.4,1.2,2,,,,,,,,,,,,,,,,,,,,,,,,,,,,,,,,
CDPHE Private Well Park et al 2024,Park County Private Well,Ground Water,,,2024,05/21/2024,,,,,ng/L,0,0,,,0,0,,,,0,,,,,,,,,,,0,,,,,,,,,,,,,,,,,,,,,,,,,,,,,,,,
CDPHE Private Well Park et al 2024,Park County Private Well,Ground Water,,,2024,04/10/2024,,,,,ng/L,5.2,18.6,,,0,20.2,17.6,5.1,,0,,,,,,,,,8.1,4.7,11.6,1.5,,,,,,,,,,,,,,,,,,,,,,,,,,,,,,,
CDPHE Private Well Park et al 2024,Park County Private Well,Ground Water,,,2024,05/09/2024,,,,,ng/L,2.2,7.5,,,0,3.1,5.5,2,,0,,,,,,,,,3.6,,6,,,,,,,,,,,,,,,,,,,,,,,,,,,,,,,,
CDPHE Private Well Park et al 2024,Park County Private Well,Ground Water,,,2024,05/10/2024,,,,,ng/L,12.1,11,,1.2,2.1,2.5,4.7,2.4,,0,,,,,,,,,2.9,,2.6,,,,,,,,,,,,,,,,,,,,,,,,,,,,,,,,
CDPHE Private Well Park et al 2024,Park County Private Well,Ground Water,,,2024,03/24/2024,,,,,ng/L,2.5,5.4,,,0,6.6,3,,,0,,,,,,,,,1.8,,2.4,,,,,,,,,,,,,,,,,,,,,,,,,,,,,,,,
CDPHE Private Well Park et al 2024,Park County Private Well,Ground Water,,,2024,04/10/2024,,,,,ng/L,0,1.1,,,0,1.1,,,,0,,,,,,,,,,,0,,,,,,,,,,,,,,,,,,,,,,,,,,,,,,,,
CDPHE Private Well Park et al 2024,Park County Private Well,Ground Water,,,2024,04/10/2024,,,,,ng/L,1.1,4,,,0,0,1.6,,,0,,,,,,,,,,,3.8,,,,,,,,,,,,,,,,,,,,,,,,,,,,,,,,
CDPHE Private Well Park et al 2024,Park County Private Well,Ground Water,,,2024,05/11/2024,,,,,ng/L,0,0,,,0,0,1.1,,,0,,,,,,,,,,,0,,,,,,,,,,,,,,,,,,,,,,,,,,,,,,,,
CDPHE Private Well Park et al 2024,Park County Private Well,Ground Water,,,2024,04/17/2024,,,,,ng/L,8.8,25.6,,,0,11.2,4,4.4,,0,,,,,,,,,1.8,,3.6,,,,,,,,,,,,,,,,,,,,,,,,,,,,,,,,
CDPHE Private Well Park et al 2024,Park County Private Well,Ground Water,,,2024,04/12/2024,,,,,ng/L,0,1.2,,,0,2.8,,,,0,,,,,,,,,,,4.6,,,,,,,,,,,,,,,,,,,,,,,,,,,,,,,,
CDPHE Private Well Park et al 2024,Park County Private Well,Ground Water,,,2024,05/12/2024,,,,,ng/L,0,8.9,,,0,4.1,14.7,3.4,,0,,,,,,,,,7.4,1,5.1,,,,,,,,,,,,,,,,,,,,,,,,,,,,,,,,
CDPHE Private Well Park et al 2024,Park County Private Well,Ground Water,,,2024,05/11/2024,,,,,ng/L,5.3,11.8,,,1.3,7.3,8.1,3.1,,0,,,,,,,,,3.7,1.7,5.9,,,,,,,,,,,,,,,,,,,,,,,,,,,,,,,,
CDPHE Private Well Park et al 2024,Park County Private Well,Ground Water,,,2024,03/31/2024,,,,,ng/L,7.7,5.2,,,0,2.9,1.8,,,0,,,,,,,,,,,4.1,,,,,,,,,,,,,,,,,,,,,,,,,,,,,,,,
CDPHE Private Well Park et al 2024,Park County Private Well,Ground Water,,,2024,05/11/2024,,,,,ng/L,0,1.4,,,0,3.6,,,,0,,,,,,,,,,,1.1,,,,,,,,,,,,,,,,,,,,,,,,,,,,,,,,
CDPHE Private Well Park et al 2024,Park County Private Well,Ground Water,,,2024,05/15/2024,,,,,ng/L,0,1.5,,,0,3.5,,,,0,,,,,,,,,,,2.8,,,,,,,,,,,,,,,,,,,,,,,,,,,,,,,,
CDPHE Private Well Park et al 2024,Park County Private Well,Ground Water,,,,,,,,,ng/L,3.2,5,,,0,4.5,28.1,2.5,,0,,,,,,,,,10.3,1,3,2.1,,,,,,,,,,,,,,,,,,,,,,,,,,,,,,,
CDPHE Private Well Park et al 2024,Park County Private Well,Ground Water,,,2024,03/25/2024,,,,,ng/L,0,0,,,0,0,,,,0,,,,,,,,,,,0,,,,,,,,,,,,,,,,,,,,,,,,,,,,,,,,
CDPHE Private Well Park et al 2024,Park County Private Well,Ground Water,,,2024,03/21/2024,,,,,ng/L,0,1,,,0,1.4,,,,0,,,,,,,,,,,0,,,,,,,,,,,,,,,,,,,,,,,,,,,,,,,,
CDPHE Private Well Park et al 2024,Park County Private Well,Ground Water,,,2024,04/14/2024,,,,,ng/L,1.2,2.4,,,0,0,,,,0,,,,,,,,,,,1.5,,,,,,,,,,,,,,,,,,,,,,,,,,,,,,,,
CDPHE Private Well Park et al 2024,Park County Private Well,Ground Water,,,2024,05/10/2024,,,,,ng/L,0,0,,,0,1.3,,,,0,,,,,,,,,,,5.8,,,,,,,,,,,,,,,,,,,,,,,,,,,,,,,,
CDPHE Private Well Park et al 2024,Park County Private Well,Ground Water,,,2024,04/06/2024,,,,,ng/L,0,0,,,0,0,,,,0,,,,,,,,,,,0,,,,,,,,,,,,,,,,,,,,,,,,,,,,,,,,
CDPHE Private Well Park et al 2024,Park County Private Well,Ground Water,,,2024,03/22/2024,,,,,ng/L,0,2.5,,,0,0,3.5,,,0,,,,,,,,,2.1,,5.7,,,,,,,,,,,,,,,,,,,,,,,,,,,,,,,,
CDPHE Private Well Park et al 2024,Park County Private Well,Ground Water,,,2024,03/29/2024,,,,,ng/L,2,0,,,0,1.5,,,,0,,,,,,,,,,,1.2,,,,,,,,,,,,,,,,,,,,,,,,,,,,,,,,
CDPHE Private Well Park et al 2024,Park County Private Well,Ground Water,,,2024,03/22/2024,,,,,ng/L,2.7,0,,,0,0,,,,0,,,,,,,,,,,0,,,,,,,,,,,,,,,,,,,,,,,,,,,,,,,,
CDPHE Private Well Park et al 2024,Park County Private Well,Ground Water,,,2024,04/03/2024,,,,,ng/L,1.8,16.2,,,0,5.8,8.6,4.4,,0,,,,,,,,,4.3,1.7,6.4,1.7,,,,,,,,,,,,,,,,,,,,,,,,,,,,,,,
CDPHE Private Well Park et al 2024,Park County Private Well,Ground Water,,,2024,04/11/2024,,,,,ng/L,0,2.9,,,0,1.6,2,,,0,,,,,,,,,,,0,,,,,,,,,,,,,,,,,,,,,,,,,,,,,,,,
CDPHE Private Well Park et al 2024,Park County Private Well,Ground Water,,,2024,05/14/2024,,,,,ng/L,0,0,,,0,0,,,,0,,,,,,,,,,,0,,,,,,,,,,,,,,,,,,,,,,,,,,,,,,,,
CDPHE Private Well Park et al 2024,Park County Private Well,Ground Water,,,2024,05/12/2024,,,,,ng/L,0,0,,,0,2.1,,,,0,,,,,,,,,,,1.4,,,,,,,,,,,,,,,,,,,,,,,,,,,,,,,,
CDPHE Private Well Park et al 2024,Park County Private Well,Ground Water,,,2024,05/16/2024,,,,,ng/L,2.1,1.6,,,0,1.4,,,,0,,,,,,,,,,,1.1,,,,,,,,,,,,,,,,,,,,,,,,,,,,,,,,
CDPHE Private Well Park et al 2024,Park County Private Well,Ground Water,,,2024,05/11/2024,,,,,ng/L,0,3.2,,,0,8.5,4.4,1.5,,0,,,,,,,,,2,2,5.2,,,,,,,,,,,,,,,,,,,,,,,,,,,,,,,,
CDPHE Private Well Park et al 2024,Park County Private Well,Ground Water,,,2024,05/15/2024,,,,,ng/L,0,4.9,,,0,1.4,2.9,1.3,,0,,,,,,,,,1.4,,3.2,,,,,,,,,,,,,,,,,,,,,,,,,,,,,,,,
CDPHE Private Well Park et al 2024,Park County Private Well,Ground Water,,,2024,03/30/2024,,,,,ng/L,27.5,25.2,,,0,25.5,20,7.1,2.8,0,,,,,,,,,7.5,4.7,8.3,1.4,,,,,,,,,,,,,,,,,,,,,,,,,,,,,,,
CDPHE Private Well Park et al 2024,Park County Private Well,Ground Water,,,2024,03/21/2024,,,,,ng/L,7.7,7.4,,,0,10,5.6,2.1,,0,,,,,,,,,2.1,1.8,2.4,,,,,,,,,,,,,,,,,,,,,,,,,,,,,,,,
CDPHE Private Well Park et al 2024,Park County Private Well,Ground Water,,,2024,03/24/2024,,,,,ng/L,1.8,15,,,1,2.7,27.4,4.3,,0,,,,,,,,,15.1,,13.1,2.6,,,,,,,,,,,,,,,,,,,,,,,,,,,,,,,
CDPHE Private Well Park et al 2024,Park County Private Well,Ground Water,,,2024,04/09/2024,,,,,ng/L,0,1.8,,,0,1,1.2,,,0,,,,,,,,,,,1.4,,,,,,,,,,,,,,,,,,,,,,,,,,,,,,,,
CDPHE Private Well Park et al 2024,Park County Private Well,Ground Water,,,2024,03/27/2024,,,,,ng/L,2.4,16,,,1,6,17.1,6.1,,0,,,,,,,,,9.9,1.4,10.6,1.8,,,,,,,,,,,,,,,,,,,,,,,,,,,,,,,
CDPHE Private Well Park et al 2024,Park County Private Well,Ground Water,,,2024,05/17/2024,,,,,ng/L,1.5,6.8,,,0,2.4,9.9,3.9,,0,,,,,,,,,4.2,,2.1,,,,,,,,,,,,,,,,,,,,,,,,,,,,,,,,
CDPHE Private Well Park et al 2024,Park County Private Well,Ground Water,,,2024,04/10/2024,,,,,ng/L,3.1,6.2,,,0,2.5,11.7,6.9,,0,,,,,,,,,8.7,,3.6,,,,,,,,,,,,,,,,,,,,,,,,,,,,,,,,
CDPHE Private Well Park et al 2024,Park County Private Well,Ground Water,,,2024,05/20/2024,,,,,ng/L,0,0,,,0,0,,,,0,,,,,,,,,,,0,,,,,,,,,,,,,,,,,,,,,,,,,,,,,,,,
CDPHE Private Well Park et al 2024,Park County Private Well,Ground Water,,,2024,03/21/2024,,,,,ng/L,0,0,,,0,0,,,,0,,,,,,,,,,,0,,,,,,,,,,,,,,,,,,,,,,,,,,,,,,,,
CDPHE Private Well Park et al 2024,Park County Private Well,Ground Water,,,2024,04/18/2024,,,,,ng/L,0,0,,,0,0,,,,0,,,,,,,,,,,0,,,,,,,,,,,,,,,,,,,,,,,,,,,,,,,,
CDPHE Private Well Park et al 2024,Park County Private Well,Ground Water,,,2024,03/22/2024,,,,,ng/L,0,7,,,0,25.2,4.7,1.4,,0,,,,,,,,,1.9,1.9,6.2,,,,,,,,,,,,,,,,,,,,,,,,,,,,,,,,
CDPHE Private Well Park et al 2024,Park County Private Well,Ground Water,,,2024,05/13/2024,,,,,ng/L,1.4,3.4,,,0,2.5,1.2,,,0,,,,,,,,,,,4,,,,,,,,,,,,,,,,,,,,,,,,,,,,,,,,
CDPHE Private Well Park et al 2024,Park County Private Well,Ground Water,,,2024,03/26/2024,,,,,ng/L,7.5,8.7,,,0,6.1,14.6,2.3,,0,,,,,,,,,7.4,1.9,4.4,1.8,,,,,,,,,,,,,,,,,,,,,,,,,,,,,,,
CDPHE Private Well Park et al 2024,Park County Private Well,Ground Water,,,2024,05/15/2024,,,,,ng/L,0,0,,,0,1.6,,,,0,,,,,,,,,,,1.9,,,,,,,,,,,,,,,,,,,,,,,,,,,,,,,,
CDPHE Private Well Park et al 2024,Park County Private Well,Ground Water,,,2024,05/11/2024,,,,,ng/L,3,4.2,,,0,1.5,2,,,0,,,,,,,,,,,4.8,,,,,,,,,,,,,,,,,,,,,,,,,,,,,,,,
CDPHE Private Well Park et al 2024,Park County Private Well,Ground Water,,,2024,05/08/2024,,,,,ng/L,0,2.2,,,0,1.2,1.2,,,0,,,,,,,,,,,0,,,,,,,,,,,,,,,,,,,,,,,,,,,,,,,,
CDPHE Private Well Park et al 2024,Park County Private Well,Ground Water,,,2024,03/21/2024,,,,,ng/L,1.7,1.7,,,0,0,,,,0,,,,,,,,,,,0,,,,,,,,,,,,,,,,,,,,,,,,,,,,,,,,
CDPHE Private Well Park et al 2024,Park County Private Well,Ground Water,,,2024,04/29/2024,,,,,ng/L,1.2,5.4,,,0,4.4,3.8,1.6,,0,,,,,,,,,1.4,1.5,7.1,,,,,,,,,,,,,,,,,,,,,,,,,,,,,,,,
CDPHE Private Well Park et al 2024,Park County Private Well,Ground Water,,,2024,05/11/2024,,,,,ng/L,1.1,9.3,,,0,16.3,13.3,5.2,,0,,,,,,,,,7.6,1.9,6.5,1.1,,,,,,,,,,,,,,,,,,,,,,,,,,,,,,,
CDPHE Private Well Park et al 2024,Park County Private Well,Ground Water,,,2024,03/27/2024,,,,,ng/L,0,2.9,,,0,6.3,2.7,,,0,,,,,,,,,1.7,1.9,3.5,,,,,,,,,,,,,,,,,,,,,,,,,,,,,,,,
CDPHE Private Well Park et al 2024,Park County Private Well,Ground Water,,,2024,05/17/2024,,,,,ng/L,0,3.3,,,0,4.8,4.3,1.6,,0,,,,,,,,,1.6,2,10.9,,,,,,,,,,,,,,,,,,,,,,,,,,,,,,,,
CDPHE Private Well Park et al 2024,Park County Private Well,Ground Water,,,2024,05/08/2024,,,,,ng/L,0,0,,,0,1.8,,,,0,,,,,,,,,,,2.9,,,,,,,,,,,,,,,,,,,,,,,,,,,,,,,,
CDPHE Private Well Park et al 2024,Park County Private Well,Ground Water,,,2024,03/27/2024,,,,,ng/L,1.5,1.9,,,0,0,1.3,,,0,,,,,,,,,,,1.3,,,,,,,,,,,,,,,,,,,,,,,,,,,,,,,,
CDPHE Private Well Summit et al 2024,Summit County Private Well,Ground Water,,,2023,02/08/2023,,,,,ng/L,0,0,,0,0,0,0,,,0,,,,,,,,,,,0,0,,,,,,,,,,,,,,,,,,,,,,,,,,,,,,,
CDPHE Private Well Summit et al 2024,Summit County Private Well,Ground Water,,,2023,01/22/2023,,,,,ng/L,0,0,,0,0,0,0,,,0,,,,,,,,,,,0,0,,,,,,,,,,,,,,,,,,,,,,,,,,,,,,,